Time,THR,RPM,SSM,TWAT,TAIR,AFR,AFR_WBL,AFR_WBL/AFR,COEFF,DGTC_RICH,DGTC_LEAN,DGTC_PRESS,UOZ,FAZ,INJ,InjDC,AIR,GBC,SPD,ErrCnt,Err,fSTOP,fXX,fXXFix,fPOW,fFUELOFF,fDETZONE,fDET,fADS,fLAMREG,fLAM,fLEARN,PXX_ZONE,PRESS,PRESS_RT,KGBC,KGBC_DAD,Marker,fIgnCut,fFlatShift,RawKnock,KnockSPAttnr,KnockSPFilterFreq,KnockSPBaseADC,KnockAttnr,KnockAttnrCorr,RPM40,RPM10,DFRXX,JUFRXX,JFRXX1,JFRXX2,Tchrg,Ktchrg,TBL_UOZ,TBL_AFR,AFR_WBL_A,GBC_MAF,GBC_MAP,AIR_MAF,AIR_MAP,USM,Ubat,DiffFPress,KGTC_DFP,ADCmaf,ADCmap,ADCtwat,ADCtair,ADCtps,ADClam,Gear,ErrEx1,ErrEx2,ErrEx3,Knock,C1Rtrd,C2Rtrd,C3Rtrd,C4Rtrd,C5Rtrd,C6Rtrd,C7Rtrd,C8Rtrd,IWGDC,WGDC,IgnMode,OvercurrCnt,LaunchTime,LaunchRPM,CutOffRPM,CutOffDelta,Noise,ComKnockThld,C1Knock,C2Knock,C3Knock,C4Knock,C5Knock,C6Knock,C7Knock,C8Knock,C1KnockThld,C2KnockThld,C3KnockThld,C4KnockThld,C5KnockThld,C6KnockThld,C7KnockThld,C8KnockThld
0.480,0,799,21,84,50,14.7,13.63,0.927,1,0,0,0,13,312,2.544,1,20,137,0,0,0,0,1,0,0,0,0,0,0,0,0,0,0,53.05,34,0.344,1,0,0,0,0,0,0,0,0,0,800,800,800,800,1090,1400,74,0.254,26.5,14.3,12.92,0,137,0,20,21,12.892,353.28,1,0.645,0.645,0.586,2.461,0.645,0.02,0,,,,39,0,0,0,0,0,0,0,0,0,0,7,0,0,7000,7000,29,242,1346,74,39,54,71,61,52,0,39321,210,129,143,213,165,149,26222,39321
0.540,0,798,21,84,50,14.7,13.63,0.927,1,0,0,0,13,312,2.544,1,20,137,0,0,0,0,1,0,0,0,0,0,0,0,0,0,0,53.05,34,0.344,1,0,0,0,0,0,0,0,0,0,800,800,800,800,1090,1400,74,0.254,26.5,14.3,12.98,0,137,0,20,21,12.892,353.28,1,0.625,0.625,0.586,2.461,0.645,0.02,0,,,,76,0,0,0,0,0,0,0,0,0,0,7,0,0,7000,7000,29,242,1346,74,39,59,76,61,52,0,39321,210,129,146,213,165,149,26222,39321
0.600,0,801,21,84,50,14.7,13.69,0.931,1,0,0,0,13,312,2.544,1,20,137,0,0,0,0,1,0,0,0,0,0,0,0,0,0,0,53.05,34,0.344,1,0,0,0,0,0,0,0,0,0,800,800,800,800,1090,1400,74,0.254,26.5,14.3,13.03,0,137,0,20,21,12.892,353.28,1,0.645,0.645,0.586,2.461,0.645,0.02,0,,,,61,0,0,0,0,0,0,0,0,0,0,7,0,0,7000,7000,29,242,1346,61,39,59,76,68,54,0,39321,210,129,146,213,165,149,26222,39321
0.660,0,810,21,84,50,14.7,13.69,0.931,1,0,0,0,12.5,312,2.544,1,20,137,0,0,0,0,1,0,0,0,0,0,0,0,0,0,0,53.05,34,0.344,1,0,0,0,0,0,0,0,0,0,800,810,800,800,1090,1400,74,0.254,26.5,14.3,13.15,0,137,0,20,21,12.892,353.28,1,0.645,0.645,0.586,2.461,0.645,0.02,0,,,,54,0,0,0,0,0,0,0,0,0,0,7,0,0,7000,7000,29,242,1346,61,44,54,76,68,54,0,39321,210,126,149,213,165,149,26222,39321
0.720,0,808,21,84,50,14.7,13.69,0.931,1,0,0,0,12.5,312,2.536,1,20,136.67,0,0,0,0,1,0,0,0,0,0,0,0,0,0,0,52.82,34,0.344,1,0,0,0,0,0,0,0,0,0,800,810,800,800,1090,1400,74,0.254,26.5,14.3,12.98,0,136.67,0,20,21,12.892,353.28,1,0.645,0.645,0.586,2.441,0.645,0.02,0,,,,52,0,0,0,0,0,0,0,0,0,0,7,0,0,7000,7000,29,242,1346,61,44,54,93,49,52,0,39321,210,126,149,216,163,149,26222,39321
0.780,0,810,21,84,50,14.7,13.69,0.931,1,0,0,0,12.5,312,2.536,1,20,136.67,0,0,0,0,1,0,0,0,0,0,0,0,0,0,0,52.82,34,0.344,1,0,0,0,0,0,0,0,0,0,800,810,800,800,1090,1400,74,0.254,26.5,14.3,12.98,0,136.67,0,20,21,12.892,353.28,1,0.625,0.625,0.586,2.441,0.645,0.02,0,,,,40,0,0,0,0,0,0,0,0,0,0,7,0,0,7000,7000,29,242,1346,61,40,54,93,49,52,0,39321,208,126,149,216,163,149,26222,39321
0.840,0,806,21,84,50,14.7,13.69,0.931,1,0,0,0,12.5,312,2.536,1,20,136.5,0,0,0,0,1,0,0,0,0,0,0,0,0,0,0,52.82,34,0.344,1,0,0,0,0,0,0,0,0,0,800,810,800,800,1090,1400,74,0.254,26.5,14.3,12.92,0,136.5,0,20,21,12.892,353.28,1,0.645,0.645,0.586,2.441,0.645,0.02,0,,,,78,0,0,0,0,0,0,0,0,0,0,7,0,0,7000,7000,29,242,1346,61,40,64,78,49,52,0,39321,208,126,149,219,163,149,26222,39321
0.900,0,810,21,84,50,14.7,13.69,0.931,1,0,0,0,12.5,312,2.536,1,20,136.67,0,0,0,0,1,0,0,0,0,0,0,0,0,0,0,52.82,34,0.344,1,0,0,0,0,0,0,0,0,0,800,810,800,800,1090,1400,74,0.254,26.5,14.3,12.98,0,136.67,0,20,21,12.819,353.28,1,0.645,0.645,0.586,2.441,0.645,0.02,0,,,,74,0,0,0,0,0,0,0,0,0,0,7,0,0,7000,7000,29,242,1346,74,40,64,78,51,56,0,39321,208,126,149,219,160,149,26222,39321
0.960,0,805,21,84,50,14.7,13.69,0.931,1,0,0,0,12.5,312,2.544,1,20,136.5,0,0,0,0,1,0,0,0,0,0,0,0,0,0,0,52.82,34,0.344,1,0,0,0,0,0,0,0,0,0,800,810,800,800,1090,1400,74,0.254,26.5,14.3,12.92,0,136.5,0,20,21,12.819,353.28,1,0.645,0.645,0.586,2.441,0.645,0.02,0,,,,62,0,0,0,0,0,0,0,0,0,0,7,0,0,7000,7000,29,242,1346,74,42,62,78,51,56,0,39321,208,126,151,219,160,149,26222,39321
1.020,0,806,21,84,50,14.7,13.63,0.927,1,0,0,0,12.5,312,2.544,1,20,136.67,0,0,0,0,1,0,0,0,0,0,0,0,0,0,0,52.82,34,0.344,1,0,0,0,0,0,0,0,0,0,800,810,800,800,1090,1400,74,0.254,26.5,14.3,13.09,0,136.67,0,20,21,12.819,353.28,1,0.625,0.625,0.586,2.441,0.645,0.02,0,,,,52,0,0,0,0,0,0,0,0,0,0,7,0,0,7000,7000,29,242,1346,74,42,62,74,52,52,0,39321,208,126,151,216,160,149,26222,39321
1.080,0,809,21,84,50,14.7,13.6,0.925,1,0,0,0,12.5,312,2.536,1,20,136.67,0,0,0,0,1,0,0,0,0,0,0,0,0,0,0,52.82,34,0.344,1,0,0,0,0,0,0,0,0,0,800,810,800,800,1090,1400,74,0.254,26.5,14.3,12.98,0,136.67,0,20,21,12.892,353.28,1,0.645,0.645,0.586,2.441,0.645,0.02,0,,,,37,0,0,0,0,0,0,0,0,0,0,7,0,0,7000,7000,29,242,1346,69,37,62,74,52,52,0,39321,208,123,151,216,160,149,26222,39321
1.140,0,809,21,84,50,14.7,13.6,0.925,1,0,0,0,12.5,312,2.536,1,20,136.83,0,0,0,0,1,0,0,0,0,0,0,0,0,0,0,53.05,34,0.344,1,0,0,0,0,0,0,0,0,0,800,810,800,800,1090,1400,74,0.254,26.5,14.3,12.86,0,136.83,0,20,21,12.892,353.28,1,0.625,0.625,0.586,2.441,0.645,0.02,0,,,,56,0,0,0,0,0,0,0,0,0,0,7,0,0,7000,7000,29,242,1346,69,37,52,74,56,52,0,39321,208,123,151,216,160,149,26222,39321
1.200,0,812,21,84,50,14.7,13.6,0.925,1,0,0,0,12.5,312,2.536,1,20,136.67,0,0,0,0,1,0,0,0,0,0,0,0,0,0,0,52.82,34,0.344,1,0,0,0,0,0,0,0,0,0,800,810,800,800,1090,1400,74,0.254,26.5,14.3,12.86,0,136.67,0,20,21,12.892,353.28,1,0.625,0.625,0.586,2.441,0.645,0.02,0,,,,73,0,0,0,0,0,0,0,0,0,0,7,0,0,7000,7000,29,242,1346,73,37,52,74,56,57,0,39321,208,123,151,216,160,149,26222,39321
1.260,0,812,21,84,51,14.7,13.6,0.925,1,0,0,0,12.5,312,2.536,1,20,136.67,0,0,0,0,1,0,0,0,0,0,0,0,0,0,0,52.82,34,0.344,1,0,0,0,0,0,0,0,0,0,800,810,800,800,1090,1400,74,0.254,26.5,14.3,12.86,0,136.67,0,20,21,12.892,353.28,1,0.625,0.625,0.586,2.441,0.645,0.02,0,,,,57,0,0,0,0,0,0,0,0,0,0,7,0,0,7000,7000,29,242,1346,73,40,57,74,56,57,0,39321,208,123,151,216,160,149,26222,39321
1.320,0,814,21,84,51,14.7,13.63,0.927,1,0,0,0,12.5,312,2.536,1,20,136.5,0,0,0,0,1,0,0,0,0,0,0,0,0,0,0,52.82,34,0.344,1,0,0,0,0,0,0,0,0,0,800,810,800,800,1090,1400,74,0.254,26.5,14.3,12.86,0,136.5,0,20,21,12.892,353.28,1,0.625,0.625,0.586,2.441,0.645,0.02,0,,,,52,0,0,0,0,0,0,0,0,0,0,7,0,0,7000,7000,29,242,1346,73,40,57,79,49,52,0,39321,208,123,151,216,160,149,26222,39321
1.380,0,812,21,84,51,14.7,13.63,0.927,1,0,0,0,12.5,312,2.536,1,20,136.5,0,0,0,0,1,0,0,0,0,0,0,0,0,0,0,52.82,34,0.344,1,0,0,0,0,0,0,0,0,0,800,810,800,800,1090,1400,74,0.254,26.5,14.3,12.75,0,136.5,0,20,21,12.892,353.28,1,0.645,0.645,0.586,2.441,0.645,0.02,0,,,,39,0,0,0,0,0,0,0,0,0,0,7,0,0,7000,7000,29,242,1346,83,39,57,79,49,52,0,39321,208,123,151,216,160,149,26222,39321
1.440,0,814,21,84,51,14.7,13.69,0.931,1,0,0,0,12.5,312,2.536,1,20,136.5,0,0,0,0,1,0,0,0,0,0,0,0,0,0,0,52.82,34,0.344,1,0,0,0,0,0,0,0,0,0,800,810,800,800,1090,1400,74,0.254,26.5,14.3,12.81,0,136.5,0,20,21,12.892,353.28,1,0.625,0.625,0.586,2.441,0.645,0.02,0,,,,56,0,0,0,0,0,0,0,0,0,0,7,0,0,7000,7000,29,242,1346,83,39,52,73,56,52,0,39321,208,123,151,213,160,149,26222,39321
1.500,0,816,21,84,51,14.7,13.69,0.931,1,0,0,0,12,312,2.536,1,20,136.5,0,0,0,0,1,0,0,0,0,0,0,0,0,0,0,52.6,34,0.344,1,0,0,0,0,0,0,0,0,0,800,820,800,800,1090,1400,74,0.254,26.5,14.3,13.03,0,136.5,0,20,21,12.892,353.28,1,0.625,0.625,0.586,2.441,0.645,0.02,0,,,,62,0,0,0,0,0,0,0,0,0,0,7,0,0,7000,7000,29,242,1346,62,39,52,73,56,56,0,39321,205,123,151,213,160,151,26222,39321
1.560,0,813,21,84,51,14.7,13.63,0.927,1,0,0,0,12.5,312,2.528,1,20,136.17,0,0,0,0,1,0,0,0,0,0,0,0,0,0,0,52.6,34,0.344,1,0,0,0,0,0,0,0,0,0,800,810,800,800,1090,1400,74,0.254,26.5,14.3,12.86,0,136.17,0,20,21,12.892,353.28,1,0.645,0.645,0.586,2.441,0.645,0.02,0,,,,74,0,0,0,0,0,0,0,0,0,0,7,0,0,7000,7000,29,242,1346,62,35,51,74,56,56,0,39321,205,120,151,213,160,151,26222,39321
1.620,0,807,21,84,51,14.7,13.63,0.927,1,0,0,0,12.5,312,2.536,1,20,136.17,0,0,0,0,1,0,0,0,0,0,0,0,0,0,0,52.6,34,0.344,1,0,0,0,0,0,0,0,0,0,800,810,800,800,1090,1400,74,0.254,26.5,14.3,12.86,0,136.17,0,20,21,12.819,353.28,1,0.625,0.625,0.586,2.441,0.645,0.02,0,,,,52,0,0,0,0,0,0,0,0,0,0,7,0,0,7000,7000,29,242,1346,62,35,51,74,54,52,0,39321,205,120,151,213,160,151,26222,39321
1.680,0,808,21,84,51,14.7,13.63,0.927,1,0,0,0,12.5,312,2.536,1,20,136,0,0,0,0,1,0,0,0,0,0,0,0,0,0,0,52.6,34,0.344,1,0,0,0,0,0,0,0,0,0,800,810,800,800,1090,1400,74,0.254,26.5,14.3,12.98,0,136,0,20,21,12.892,353.28,1,0.625,0.625,0.586,2.441,0.645,0.02,0,,,,52,0,0,0,0,0,0,0,0,0,0,7,0,0,7000,7000,29,242,1346,59,52,51,74,54,52,0,39321,202,120,151,213,160,151,26222,39321
1.740,0,809,21,84,51,14.7,13.63,0.927,1,0,0,0,12.5,312,2.536,1,20,136.33,0,0,0,0,1,0,0,0,0,0,0,0,0,0,0,52.82,34,0.344,1,0,0,0,0,0,0,0,0,0,800,810,800,800,1090,1400,74,0.254,26.5,14.3,12.98,0,136.33,0,20,21,12.892,353.28,1,0.625,0.625,0.586,2.441,0.645,0.02,0,,,,49,0,0,0,0,0,0,0,0,0,0,7,0,0,7000,7000,29,242,1346,59,52,52,88,49,52,0,39321,202,120,151,216,157,151,26222,39321
1.800,0,812,21,84,51,14.7,13.63,0.927,1,0,0,0,12.5,312,2.528,1,20,136.17,0,0,0,0,1,0,0,0,0,0,0,0,0,0,0,52.6,34,0.344,1,0,0,0,0,0,0,0,0,0,800,810,800,800,1090,1400,74,0.254,26.5,14.3,13.03,0,136.17,0,20,21,12.892,353.28,1,0.645,0.645,0.586,2.441,0.645,0.02,0,,,,76,0,0,0,0,0,0,0,0,0,0,7,0,0,7000,7000,29,242,1346,76,52,52,88,49,49,0,39321,202,120,151,216,157,151,26222,39321
1.860,0,807,21,84,51,14.7,13.6,0.925,1,0,0,0,12.5,312,2.528,1,20,136.17,0,0,0,0,1,0,0,0,0,0,0,0,0,0,0,52.82,34,0.344,1,0,0,0,0,0,0,0,0,0,800,810,800,800,1090,1400,74,0.254,26.5,14.3,12.98,0,136.17,0,20,21,12.892,353.28,1,0.625,0.625,0.586,2.422,0.645,0.02,0,,,,79,0,0,0,0,0,0,0,0,0,0,7,0,0,7000,7000,29,242,1346,76,47,66,79,49,49,0,39321,202,123,151,216,157,151,26222,39321
1.920,0,808,21,84,51,14.7,13.6,0.925,1,0,0,0,12.5,312,2.528,1,20,136.17,0,0,0,0,1,0,0,0,0,0,0,0,0,0,0,52.6,34,0.344,1,0,0,0,0,0,0,0,0,0,800,810,800,800,1090,1400,74,0.254,26.5,14.3,12.98,0,136.17,0,20,21,12.892,353.28,1,0.645,0.645,0.586,2.422,0.645,0.02,0,,,,51,0,0,0,0,0,0,0,0,0,0,7,0,0,7000,7000,29,242,1346,76,47,66,79,51,51,0,39321,202,123,151,216,157,151,26222,39321
1.980,0,806,21,84,51,14.7,13.6,0.925,1,0,0,0,12.5,312,2.528,1,20,136,0,0,0,0,1,0,0,0,0,0,0,0,0,0,0,52.6,34,0.344,1,0,0,0,0,0,0,0,0,0,800,810,800,800,1090,1400,74,0.254,26.5,14.3,12.81,0,136,0,20,21,12.892,353.28,1,0.625,0.625,0.586,2.422,0.645,0.02,0,,,,57,0,0,0,0,0,0,0,0,0,0,7,0,0,7000,7000,29,242,1346,68,45,57,79,51,51,0,39321,202,123,151,216,157,151,26222,39321
2.039,0,806,21,84,51,14.7,13.6,0.925,1,0,0,0,12.5,312,2.528,1,20,136.17,0,0,0,0,1,0,0,0,0,0,0,0,0,0,0,52.82,34,0.344,1,0,0,0,0,0,0,0,0,0,800,810,800,800,1090,1400,74,0.254,26.5,14.3,12.86,0,136.17,0,20,21,12.892,353.28,1,0.645,0.645,0.586,2.422,0.645,0.02,0,,,,81,0,0,0,0,0,0,0,0,0,0,7,0,0,7000,7000,29,242,1346,68,45,57,83,81,51,0,39321,202,123,151,216,163,151,26222,39321
2.099,0,808,21,84,51,14.7,13.6,0.925,1,0,0,0,12.5,312,2.536,1,20,136,0,0,0,0,1,0,0,0,0,0,0,0,0,0,0,52.6,34,0.344,1,0,0,0,0,0,0,0,0,0,800,810,800,800,1090,1400,74,0.254,26.5,14.3,12.81,0,136,0,20,21,12.819,353.28,1,0.625,0.625,0.586,2.422,0.645,0.02,0,,,,71,0,0,0,0,0,0,0,0,0,0,7,0,0,7000,7000,29,242,1346,71,45,57,83,81,51,0,39321,202,123,151,216,163,151,26222,39321
2.159,0,807,21,84,51,14.7,13.57,0.923,1,0,0,0,12.5,312,2.544,1,20,136.33,0,0,0,0,1,0,0,0,0,0,0,0,0,0,0,52.82,34,0.344,1,0,0,0,0,0,0,0,0,0,800,810,800,800,1090,1400,74,0.254,26.5,14.3,12.86,0,136.33,0,20,21,12.819,353.28,1,0.625,0.625,0.586,2.422,0.645,0.02,0,,,,73,0,0,0,0,0,0,0,0,0,0,7,0,0,7000,7000,29,242,1346,71,42,54,73,81,51,0,39321,202,123,151,213,163,151,26222,39321
2.219,0,802,21,84,51,14.7,13.57,0.923,1,0,0,0,13,312,2.544,1,20,136.33,0,0,0,0,1,0,0,0,0,0,0,0,0,0,0,52.82,34,0.344,1,0,0,0,0,0,0,0,0,0,800,800,800,800,1090,1400,74,0.254,26.5,14.3,12.75,0,136.33,0,20,21,12.819,353.28,1,0.625,0.625,0.586,2.422,0.645,0.02,0,,,,56,0,0,0,0,0,0,0,0,0,0,7,0,0,7000,7000,29,242,1346,71,42,54,73,78,56,0,39321,202,123,151,213,168,151,26222,39321
2.279,0,802,21,84,51,14.7,13.57,0.923,1,0,0,0,13,312,2.536,1,20,136.17,0,0,0,0,1,0,0,0,0,0,0,0,0,0,0,52.6,34,0.344,1,0,0,0,0,0,0,0,0,0,800,800,800,800,1090,1400,74,0.254,26.5,14.3,12.75,0,136.17,0,20,21,12.819,353.28,1,0.625,0.625,0.586,2.422,0.645,0.02,0,,,,54,0,0,0,0,0,0,0,0,0,0,7,0,0,7000,7000,29,242,1346,69,40,54,73,78,56,0,39321,199,123,151,213,168,151,26222,39321
2.339,0,798,21,84,51,14.7,13.57,0.923,1,0,0,0,13,312,2.544,1,20,136.33,0,0,0,0,1,0,0,0,0,0,0,0,0,0,0,52.82,34,0.344,1,0,0,0,0,0,0,0,0,0,800,800,800,800,1090,1400,74,0.254,26.5,14.3,12.86,0,136.33,0,20,21,12.819,353.28,1,0.645,0.645,0.586,2.422,0.645,0.02,0,,,,51,0,0,0,0,0,0,0,0,0,0,7,0,0,7000,7000,29,242,1346,69,40,54,81,51,56,0,39321,199,123,151,216,165,151,26222,39321
2.399,0,802,21,84,51,14.7,13.57,0.923,1,0,0,0,13,312,2.536,1,20,136.5,0,0,0,0,1,0,0,0,0,0,0,0,0,0,0,52.82,34,0.344,1,0,0,0,0,0,0,0,0,0,800,800,800,800,1090,1400,74,0.254,26.5,14.3,12.86,0,136.5,0,20,21,12.892,353.28,1,0.625,0.625,0.586,2.422,0.645,0.02,0,,,,40,0,0,0,0,0,0,0,0,0,0,7,0,0,7000,7000,29,242,1346,73,40,54,81,51,54,0,39321,199,123,151,216,165,151,26222,39321
2.459,0,804,21,84,51,14.7,13.57,0.923,1,0,0,0,13,312,2.536,1,20,136.5,0,0,0,0,1,0,0,0,0,0,0,0,0,0,0,52.82,34,0.344,1,0,0,0,0,0,0,0,0,0,800,800,800,800,1090,1400,74,0.254,26.5,14.3,12.86,0,136.5,0,20,21,12.892,353.28,1,0.625,0.625,0.586,2.422,0.645,0.02,0,,,,71,0,0,0,0,0,0,0,0,0,0,7,0,0,7000,7000,29,242,1346,73,40,66,71,51,54,0,39321,199,123,154,213,165,151,26222,39321
2.519,0,805,21,84,51,14.7,13.57,0.923,1,0,0,0,12.5,312,2.536,1,20,136.5,0,0,0,0,1,0,0,0,0,0,0,0,0,0,0,52.82,34,0.344,1,0,0,0,0,0,0,0,0,0,800,810,800,800,1090,1400,74,0.254,26.5,14.3,12.81,0,136.5,0,20,21,12.892,353.28,1,0.625,0.625,0.586,2.422,0.645,0.02,0,,,,54,0,0,0,0,0,0,0,0,0,0,7,0,0,7000,7000,29,242,1346,73,40,66,71,56,54,0,39321,199,123,154,213,165,151,26222,39321
2.579,0,804,21,84,51,14.7,13.57,0.923,1,0,0,0,13,312,2.536,1,20,136.33,0,0,0,0,1,0,0,0,0,0,0,0,0,0,0,52.82,34,0.344,1,0,0,0,0,0,0,0,0,0,800,800,800,800,1090,1400,74,0.254,26.5,14.3,12.86,0,136.33,0,20,21,12.892,353.28,1,0.625,0.625,0.586,2.422,0.645,0.02,0,,,,68,0,0,0,0,0,0,0,0,0,0,7,0,0,7000,7000,29,242,1346,69,40,68,71,56,54,0,39321,199,123,154,213,165,151,26222,39321
2.639,0,808,21,84,51,14.7,13.57,0.923,1,0,0,0,12.5,312,2.536,1,20,136.5,0,0,0,0,1,0,0,0,0,0,0,0,0,0,0,52.82,34,0.344,1,0,0,0,0,0,0,0,0,0,800,810,800,800,1090,1400,74,0.254,26.5,14.3,12.75,0,136.5,0,20,21,12.892,353.28,1,0.645,0.645,0.586,2.422,0.645,0.02,0,,,,66,0,0,0,0,0,0,0,0,0,0,7,0,0,7000,7000,29,242,1346,69,40,68,74,66,54,0,39321,199,123,154,213,168,151,26222,39321
2.699,0,808,21,84,51,14.7,13.57,0.923,1,0,0,0,12.5,312,2.528,1,20,136.17,0,0,0,0,1,0,0,0,0,0,0,0,0,0,0,52.6,34,0.344,1,0,0,0,0,0,0,0,0,0,800,810,800,800,1090,1400,74,0.254,26.5,14.3,12.75,0,136.17,0,20,21,12.892,353.28,1,0.625,0.625,0.586,2.422,0.645,0.02,0,,,,42,0,0,0,0,0,0,0,0,0,0,7,0,0,7000,7000,29,242,1346,66,42,68,74,66,56,0,39321,199,120,154,213,168,151,26222,39321
2.759,0,803,21,84,51,14.7,13.57,0.923,1,0,0,0,13,312,2.528,1,20,136.17,0,0,0,0,1,0,0,0,0,0,0,0,0,0,0,52.6,34,0.344,1,0,0,0,0,0,0,0,0,0,800,800,800,800,1090,1400,74,0.254,26.5,14.3,12.81,0,136.17,0,20,21,12.892,353.28,1,0.625,0.625,0.586,2.422,0.645,0.02,0,,,,78,0,0,0,0,0,0,0,0,0,0,7,0,0,7000,7000,29,242,1346,66,42,49,78,66,56,0,39321,199,120,154,213,168,151,26222,39321
2.819,0,800,21,84,51,14.7,13.57,0.923,1,0,0,0,13,312,2.528,1,20,136.17,0,0,0,0,1,0,0,0,0,0,0,0,0,0,0,52.82,34,0.344,1,0,0,0,0,0,0,0,0,0,800,800,800,800,1090,1400,74,0.254,26.5,14.3,12.81,0,136.17,0,20,21,12.892,353.28,1,0.645,0.645,0.586,2.422,0.645,0.02,0,,,,56,0,0,0,0,0,0,0,0,0,0,7,0,0,7000,7000,29,242,1346,66,42,49,78,56,56,0,39321,199,120,154,213,168,151,26222,39321
2.879,0,799,21,84,51,14.7,13.57,0.923,1,0,0,0,13,312,2.528,1,20,136,0,0,0,0,1,0,0,0,0,0,0,0,0,0,0,52.6,34,0.344,1,0,0,0,0,0,0,0,0,0,800,800,800,800,1090,1400,74,0.254,26.5,14.3,12.92,0,136,0,20,21,12.819,353.28,1,0.625,0.625,0.586,2.422,0.645,0.02,0,,,,71,0,0,0,0,0,0,0,0,0,0,7,0,0,7000,7000,29,242,1346,56,42,71,78,56,56,0,39321,196,120,157,213,168,151,26222,39321
2.939,0,799,21,84,51,14.7,13.57,0.923,1,0,0,0,13,312,2.536,1,20,136.17,0,0,0,0,1,0,0,0,0,0,0,0,0,0,0,52.82,34,0.344,1,0,0,0,0,0,0,0,0,0,800,800,800,800,1090,1400,74,0.254,26.5,14.3,12.81,0,136.17,0,20,21,12.819,353.28,1,0.625,0.625,0.586,2.422,0.645,0.02,0,,,,81,0,0,0,0,0,0,0,0,0,0,7,0,0,7000,7000,29,242,1346,56,42,71,66,81,56,0,39321,196,120,157,210,174,151,26222,39321
2.999,0,799,21,84,51,14.7,13.57,0.923,1,0,0,0,13,312,2.544,1,20,136.33,0,0,0,0,1,0,0,0,0,0,0,0,0,0,0,52.82,34,0.344,1,0,0,0,0,0,0,0,0,0,800,800,800,800,1090,1400,74,0.254,26.5,14.3,12.98,0,136.33,0,20,21,12.892,353.28,1,0.625,0.625,0.586,2.422,0.645,0.02,0,,,,39,0,0,0,0,0,0,0,0,0,0,7,0,0,7000,7000,29,242,1346,73,39,71,66,81,51,0,39321,196,120,157,210,174,151,26222,39321
3.059,0,798,21,84,51,14.7,13.57,0.923,1,0,0,0,13,312,2.536,1,20,136.5,0,0,0,0,1,0,0,0,0,0,0,0,0,0,0,52.82,34,0.344,1,0,0,0,0,0,0,0,0,0,800,800,800,800,1090,1400,74,0.254,26.5,14.3,12.98,0,136.5,0,20,21,12.892,353.28,1,0.625,0.625,0.586,2.402,0.645,0.02,0,,,,73,0,0,0,0,0,0,0,0,0,0,7,0,0,7000,7000,29,242,1346,73,39,59,73,81,51,0,39321,196,120,157,210,174,151,26222,39321
3.119,0,799,21,84,51,14.7,13.57,0.923,1,0,0,0,13,312,2.536,1,20,136.5,0,0,0,0,1,0,0,0,0,0,0,0,0,0,0,52.82,34,0.344,1,0,0,0,0,0,0,0,0,0,800,800,800,800,1090,1400,74,0.254,26.5,14.3,12.98,0,136.5,0,20,21,12.892,353.28,1,0.645,0.645,0.586,2.402,0.645,0.02,0,,,,54,0,0,0,0,0,0,0,0,0,0,7,0,0,7000,7000,29,242,1346,73,39,59,73,68,54,0,39321,196,120,157,210,174,151,26222,39321
3.179,0,797,21,84,51,14.7,13.57,0.923,1,0,0,0,13,312,2.536,1,20,136.5,0,0,0,0,1,0,0,0,0,0,0,0,0,0,0,52.82,34,0.344,1,0,0,0,0,0,0,0,0,0,800,800,800,800,1090,1400,74,0.254,26.5,14.3,12.98,0,136.5,0,20,21,12.892,353.28,1,0.625,0.625,0.586,2.402,0.645,0.02,0,,,,51,0,0,0,0,0,0,0,0,0,0,7,0,0,7000,7000,29,242,1346,71,42,51,73,68,54,0,39321,196,120,157,210,174,151,26222,39321
3.239,0,802,21,84,51,14.7,13.6,0.925,1,0,0,0,13,312,2.536,1,20,136.5,0,0,0,0,1,0,0,0,0,0,0,0,0,0,0,52.82,34,0.344,1,0,0,0,0,0,0,0,0,0,800,800,800,800,1090,1400,74,0.254,26.5,14.3,12.98,0,136.5,0,20,21,12.892,353.28,1,0.625,0.625,0.586,2.402,0.645,0.02,0,,,,57,0,0,0,0,0,0,0,0,0,0,7,0,0,7000,7000,29,242,1346,71,42,51,71,57,54,0,39321,196,120,157,208,174,151,26222,39321
3.299,0,806,21,84,51,14.7,13.6,0.925,1,0,0,0,12.5,312,2.536,1,20,136.33,0,0,0,0,1,0,0,0,0,0,0,0,0,0,0,52.6,34,0.344,1,0,0,0,0,0,0,0,0,0,800,810,800,800,1090,1400,74,0.254,26.5,14.3,12.86,0,136.33,0,20,21,12.892,353.28,1,0.625,0.625,0.586,2.402,0.645,0.02,0,,,,40,0,0,0,0,0,0,0,0,0,0,7,0,0,7000,7000,29,242,1346,61,40,51,71,57,56,0,39321,196,118,157,208,174,151,26222,39321
3.359,0,803,21,84,51,14.7,13.6,0.925,1,0,0,0,13,312,2.536,1,20,136.33,0,0,0,0,1,0,0,0,0,0,0,0,0,0,0,52.82,34,0.344,1,0,0,0,0,0,0,0,0,0,800,800,800,800,1090,1400,74,0.254,26.5,14.3,12.75,0,136.33,0,20,21,12.892,353.28,1,0.625,0.625,0.586,2.402,0.645,0.02,0,,,,66,0,0,0,0,0,0,0,0,0,0,7,0,0,7000,7000,29,242,1346,61,40,51,66,57,56,0,39321,196,118,157,208,174,151,26222,39321
3.419,0,797,21,84,51,14.7,13.63,0.927,1,0,0,0,13,312,2.536,1,20,136.5,0,0,0,0,1,0,0,0,0,0,0,0,0,0,0,52.82,34,0.344,1,0,0,0,0,0,0,0,0,0,800,800,800,800,1090,1400,74,0.254,26.5,14.3,12.75,0,136.5,0,20,21,12.819,353.28,1,0.645,0.645,0.586,2.402,0.645,0.02,0,,,,62,0,0,0,0,0,0,0,0,0,0,7,0,0,7000,7000,29,242,1346,61,40,51,66,71,62,0,39321,196,118,157,208,174,154,26222,39321
3.479,0,800,21,84,51,14.7,13.6,0.925,1,0,0,0,13,312,2.544,1,20,136.5,0,0,0,0,1,0,0,0,0,0,0,0,0,0,0,52.82,34,0.344,1,0,0,0,0,0,0,0,0,0,800,800,800,800,1090,1400,74,0.254,26.5,14.3,12.69,0,136.5,0,20,21,12.819,353.28,1,0.625,0.625,0.586,2.402,0.645,0.02,0,,,,49,0,0,0,0,0,0,0,0,0,0,7,0,0,7000,7000,29,242,1346,64,45,49,66,71,62,0,39321,194,120,154,208,174,154,26222,39321
3.539,0,795,21,84,51,14.7,13.63,0.927,1,0,0,0,13,312,2.544,1,20,136.5,0,0,0,0,1,0,0,0,0,0,0,0,0,0,0,52.82,34,0.344,1,0,0,0,0,0,0,0,0,0,800,800,800,800,1090,1400,74,0.254,26.5,14.3,12.69,0,136.5,0,20,21,12.819,353.28,1,0.625,0.625,0.586,2.402,0.645,0.02,0,,,,71,0,0,0,0,0,0,0,0,0,0,7,0,0,7000,7000,29,242,1346,64,45,49,62,71,62,0,39321,194,120,154,205,177,154,26222,39321
3.599,0,797,21,84,51,14.7,13.63,0.927,1,0,0,0,13,312,2.544,1,20,136.5,0,0,0,0,1,0,0,0,0,0,0,0,0,0,0,52.82,34,0.344,1,0,0,0,0,0,0,0,0,0,800,800,800,800,1090,1400,74,0.254,26.5,14.3,12.92,0,136.5,0,20,21,12.819,353.28,1,0.625,0.625,0.586,2.402,0.645,0.02,0,,,,45,0,0,0,0,0,0,0,0,0,0,7,0,0,7000,7000,29,242,1346,68,45,49,62,71,56,0,39321,194,120,154,205,177,154,26222,39321
3.659,0,794,21,84,51,14.7,13.63,0.927,1,0,0,0,14,312,2.544,1,19,136.5,0,0,0,0,1,0,0,0,0,0,0,0,0,0,0,52.82,34,0.344,1,0,0,0,0,0,0,0,0,0,800,790,800,800,1090,1400,74,0.254,26.5,14.3,12.92,0,136.5,0,19,21,12.819,353.28,1,0.625,0.625,0.586,2.402,0.645,0.02,0,,,,61,0,0,0,0,0,0,0,0,0,0,7,0,0,7000,7000,29,242,1346,68,45,45,61,71,56,0,39321,194,120,151,205,177,154,26222,39321
3.719,0,797,21,84,51,14.7,13.63,0.927,1,0,0,0,13,312,2.544,1,20,136.5,0,0,0,0,1,0,0,0,0,0,0,0,0,0,0,52.82,34,0.344,1,0,0,0,0,0,0,0,0,0,800,800,800,800,1090,1400,74,0.254,26.5,14.3,12.92,0,136.5,0,20,21,12.892,353.28,1,0.645,0.645,0.586,2.402,0.645,0.02,0,,,,52,0,0,0,0,0,0,0,0,0,0,7,0,0,7000,7000,29,242,1346,68,45,45,61,78,52,0,39321,194,120,151,205,180,151,26222,39321
3.779,0,801,21,84,51,14.7,13.69,0.931,1,0,0,0,13,312,2.536,1,20,136.5,0,0,0,0,1,0,0,0,0,0,0,0,0,0,0,52.82,34,0.344,1,0,0,0,0,0,0,0,0,0,800,800,800,800,1090,1400,74,0.254,26.5,14.3,12.98,0,136.5,0,20,21,12.892,353.28,1,0.625,0.625,0.586,2.402,0.645,0.02,0,,,,40,0,0,0,0,0,0,0,0,0,0,7,0,0,7000,7000,29,242,1346,66,52,40,61,78,52,0,39321,194,123,149,205,180,151,26222,39321
3.839,0,803,21,84,51,14.7,13.69,0.931,1,0,0,0,13,312,2.536,1,20,136.5,0,0,0,0,1,0,0,0,0,0,0,0,0,0,0,52.82,34,0.344,1,0,0,0,0,0,0,0,0,0,800,800,800,800,1090,1400,74,0.254,26.5,14.3,13.03,0,136.5,0,20,21,12.892,353.28,1,0.625,0.625,0.586,2.402,0.645,0.02,0,,,,71,0,0,0,0,0,0,0,0,0,0,7,0,0,7000,7000,29,242,1346,66,52,40,61,71,52,0,39321,194,123,149,202,182,151,26222,39321
3.899,0,802,21,84,51,14.7,13.69,0.931,1,0,0,0,13,312,2.536,1,20,136.5,0,0,0,0,1,0,0,0,0,0,0,0,0,0,0,52.82,34,0.344,1,0,0,0,0,0,0,0,0,0,800,800,800,800,1090,1400,74,0.254,26.5,14.3,13.03,0,136.5,0,20,21,12.892,353.28,1,0.625,0.625,0.586,2.402,0.645,0.02,0,,,,45,0,0,0,0,0,0,0,0,0,0,7,0,0,7000,7000,29,242,1346,74,45,40,61,71,51,0,39321,196,123,149,202,182,149,26222,39321
3.959,0,800,21,84,51,14.7,13.69,0.931,1,0,0,0,13,312,2.536,1,20,136.5,0,0,0,0,1,0,0,0,0,0,0,0,0,0,0,52.82,34,0.344,1,0,0,0,0,0,0,0,0,0,800,800,800,800,1090,1400,74,0.254,26.5,14.3,12.98,0,136.5,0,20,21,12.892,353.28,1,0.625,0.625,0.586,2.402,0.645,0.02,0,,,,86,0,0,0,0,0,0,0,0,0,0,7,0,0,7000,7000,29,242,1346,74,45,45,86,71,51,0,39321,196,123,146,205,182,149,26222,39321
4.019,0,800,21,84,51,14.7,13.69,0.931,1,0,0,0,13,312,2.536,1,20,136.5,0,0,0,0,1,0,0,0,0,0,0,0,0,0,0,52.82,34,0.344,1,0,0,0,0,0,0,0,0,0,800,800,800,800,1090,1400,74,0.254,26.5,14.3,13.03,0,136.5,0,20,21,12.892,353.28,1,0.645,0.645,0.586,2.402,0.645,0.02,0,,,,57,0,0,0,0,0,0,0,0,0,0,7,0,0,7000,7000,29,242,1346,74,45,45,86,74,57,0,39321,196,123,146,205,185,149,26222,39321
4.079,0,800,21,84,51,14.7,13.69,0.931,1,0,0,0,13,312,2.544,1,20,136.33,0,0,0,0,1,0,0,0,0,0,0,0,0,0,0,52.82,34,0.344,1,0,0,0,0,0,0,0,0,0,800,800,800,800,1090,1400,74,0.254,26.5,14.3,12.98,0,136.33,0,20,21,12.819,353.28,1,0.625,0.625,0.586,2.402,0.645,0.02,0,,,,54,0,0,0,0,0,0,0,0,0,0,7,0,0,7000,7000,29,242,1346,68,51,54,86,74,57,0,39321,196,123,146,205,185,149,26222,39321
4.139,0,800,21,84,51,14.7,13.69,0.931,1,0,0,0,13,312,2.544,1,20,136.5,0,0,0,0,1,0,0,0,0,0,0,0,0,0,0,52.82,34,0.344,1,0,0,0,0,0,0,0,0,0,800,800,800,800,1090,1400,74,0.254,26.5,14.3,13.03,0,136.5,0,20,21,12.819,353.28,1,0.625,0.625,0.586,2.402,0.645,0.02,0,,,,69,0,0,0,0,0,0,0,0,0,0,7,0,0,7000,7000,29,242,1346,68,51,54,78,69,57,0,39321,196,123,146,208,185,149,26222,39321
4.199,0,797,21,84,51,14.7,13.69,0.931,1,0,0,0,13,312,2.544,1,20,136.5,0,0,0,0,1,0,0,0,0,0,0,0,0,0,0,52.82,34,0.344,1,0,0,0,0,0,0,0,0,0,800,800,800,800,1090,1400,74,0.254,26.5,14.3,12.98,0,136.5,0,20,21,12.819,353.28,1,0.625,0.625,0.586,2.402,0.645,0.02,0,,,,40,0,0,0,0,0,0,0,0,0,0,7,0,0,7000,7000,29,242,1346,59,40,54,78,69,54,0,39321,194,123,146,208,185,149,26222,39321
4.259,0,792,21,84,51,14.7,13.69,0.931,1,0,0,0,14,312,2.544,1,20,136.5,0,0,0,0,1,0,0,0,0,0,0,0,0,0,0,52.82,34,0.344,1,0,0,0,0,0,0,0,0,0,800,790,800,800,1090,1400,74,0.254,26.5,14.3,13.15,0,136.5,0,20,21,12.892,353.28,1,0.625,0.625,0.586,2.402,0.645,0.02,0,,,,76,0,0,0,0,0,0,0,0,0,0,7,0,0,7000,7000,29,242,1346,59,40,52,76,69,54,0,39321,194,123,146,208,185,149,26222,39321
4.319,0,794,21,84,51,14.7,13.69,0.931,1,0,0,0,14,312,2.536,1,20,136.5,0,0,0,0,1,0,0,0,0,0,0,0,0,0,0,52.82,34,0.344,1,0,0,0,0,0,0,0,0,0,800,790,800,800,1090,1400,74,0.254,26.5,14.3,13.09,0,136.5,0,20,21,12.892,353.28,1,0.645,0.645,0.586,2.402,0.645,0.02,0,,,,49,0,0,0,0,0,0,0,0,0,0,7,0,0,7000,7000,29,242,1346,59,40,52,76,74,49,0,39321,194,123,146,208,188,146,26222,39321
4.379,0,798,21,84,51,14.7,13.63,0.927,1,0,0,0,13,312,2.536,1,20,136.5,0,0,0,0,1,0,0,0,0,0,0,0,0,0,0,52.82,34,0.344,1,0,0,0,0,0,0,0,0,0,800,800,800,800,1090,1400,74,0.254,26.5,14.3,13.03,0,136.5,0,20,21,12.892,353.28,1,0.625,0.625,0.586,2.402,0.645,0.02,0,,,,54,0,0,0,0,0,0,0,0,0,0,7,0,0,7000,7000,29,242,1346,74,35,54,76,74,49,0,39321,196,120,146,208,188,146,26222,39321
4.439,0,795,21,84,51,14.7,13.6,0.925,1,0,0,0,13,312,2.536,1,20,136.5,0,0,0,0,1,0,0,0,0,0,0,0,0,0,0,52.82,34,0.344,1,0,0,0,0,0,0,0,0,0,800,800,800,800,1090,1400,74,0.254,26.5,14.3,12.98,0,136.5,0,20,21,12.892,353.28,1,0.645,0.645,0.586,2.402,0.645,0.02,0,,,,71,0,0,0,0,0,0,0,0,0,0,7,0,0,7000,7000,29,242,1346,74,35,54,64,71,49,0,39321,196,120,146,208,188,146,26222,39321
4.499,0,799,21,84,51,14.7,13.6,0.925,1,0,0,0,13,312,2.536,1,20,136.5,0,0,0,0,1,0,0,0,0,0,0,0,0,0,0,52.82,34,0.344,1,0,0,0,0,0,0,0,0,0,800,800,800,800,1090,1400,74,0.254,26.5,14.3,12.86,0,136.5,0,20,21,12.892,353.28,1,0.625,0.625,0.586,2.402,0.645,0.02,0,,,,42,0,0,0,0,0,0,0,0,0,0,7,0,0,7000,7000,29,242,1346,68,42,54,64,71,47,0,39321,194,120,146,208,188,146,26222,39321
4.559,0,800,21,84,51,14.7,13.6,0.925,1,0,0,0,13,312,2.536,1,20,136.5,0,0,0,0,1,0,0,0,0,0,0,0,0,0,0,52.82,34,0.344,1,0,0,0,0,0,0,0,0,0,800,800,800,800,1090,1400,74,0.254,26.5,14.3,12.92,0,136.5,0,20,21,12.892,353.28,1,0.625,0.625,0.586,2.402,0.645,0.02,0,,,,71,0,0,0,0,0,0,0,0,0,0,7,0,0,7000,7000,29,242,1346,68,42,56,71,71,47,0,39321,194,120,149,205,188,146,26222,39321
4.619,0,802,21,84,51,14.7,13.63,0.927,1,0,0,0,13,312,2.536,1,20,136.5,0,0,0,0,1,0,0,0,0,0,0,0,0,0,0,52.82,34,0.344,1,0,0,0,0,0,0,0,0,0,800,800,800,800,1090,1400,74,0.254,26.5,14.3,12.75,0,136.5,0,20,21,12.892,353.28,1,0.645,0.645,0.586,2.402,0.645,0.02,0,,,,45,0,0,0,0,0,0,0,0,0,0,7,0,0,7000,7000,29,242,1346,68,42,56,71,71,45,0,39321,194,120,149,205,191,143,26222,39321
4.679,0,806,21,84,51,14.7,13.63,0.927,1,0,0,0,12.5,312,2.536,1,20,136.5,0,0,0,0,1,0,0,0,0,0,0,0,0,0,0,52.82,34,0.344,1,0,0,0,0,0,0,0,0,0,800,810,800,800,1090,1400,74,0.254,26.5,14.3,12.75,0,136.5,0,20,21,12.892,353.28,1,0.625,0.625,0.586,2.402,0.645,0.02,0,,,,59,0,0,0,0,0,0,0,0,0,0,7,0,0,7000,7000,29,242,1346,69,39,59,71,71,45,0,39321,194,120,149,205,191,143,26222,39321
4.740,0,804,21,84,51,14.7,13.63,0.927,1,0,0,0,13,312,2.536,1,20,136.5,0,0,0,0,1,0,0,0,0,0,0,0,0,0,0,52.82,34,0.344,1,0,0,0,0,0,0,0,0,0,800,800,800,800,1090,1400,74,0.254,26.5,14.3,12.75,0,136.5,0,20,21,12.892,353.28,1,0.645,0.645,0.586,2.402,0.645,0.02,0,,,,71,0,0,0,0,0,0,0,0,0,0,7,0,0,7000,7000,29,242,1346,69,39,59,74,71,45,0,39321,194,120,149,205,194,143,26222,39321
4.800,0,803,21,84,51,14.7,13.63,0.927,1,0,0,0,13,312,2.536,1,20,136.5,0,0,0,0,1,0,0,0,0,0,0,0,0,0,0,52.82,34,0.344,1,0,0,0,0,0,0,0,0,0,800,800,800,800,1090,1400,74,0.254,26.5,14.3,12.75,0,136.5,0,20,21,12.819,353.28,1,0.625,0.625,0.586,2.383,0.645,0.02,0,,,,40,0,0,0,0,0,0,0,0,0,0,7,0,0,7000,7000,29,242,1346,74,40,59,74,71,52,0,39321,194,120,149,205,194,143,26222,39321
4.860,0,799,21,84,51,14.7,13.63,0.927,1,0,0,0,13,312,2.544,1,20,136.5,0,0,0,0,1,0,0,0,0,0,0,0,0,0,0,52.82,34,0.344,1,0,0,0,0,0,0,0,0,0,800,800,800,800,1090,1400,74,0.254,26.5,14.3,12.81,0,136.5,0,20,21,12.819,353.28,1,0.625,0.625,0.586,2.383,0.645,0.02,0,,,,78,0,0,0,0,0,0,0,0,0,0,7,0,0,7000,7000,29,242,1346,74,40,52,78,71,52,0,39321,194,120,149,205,194,143,26222,39321
4.920,0,796,21,84,51,14.7,13.63,0.927,1,0,0,0,13,312,2.544,1,20,136.5,0,0,0,0,1,0,0,0,0,0,0,0,0,0,0,52.82,34,0.344,1,0,0,0,0,0,0,0,0,0,800,800,800,800,1090,1400,74,0.254,26.5,14.3,13.03,0,136.5,0,20,21,12.819,353.28,1,0.645,0.645,0.586,2.383,0.645,0.02,0,,,,47,0,0,0,0,0,0,0,0,0,0,7,0,0,7000,7000,29,242,1346,74,40,52,78,78,47,0,39321,194,120,149,205,196,140,26222,39321
4.980,0,798,21,84,51,14.7,13.63,0.927,1,0,0,0,13,312,2.536,1,20,136.5,0,0,0,0,1,0,0,0,0,0,0,0,0,0,0,52.82,34,0.344,1,0,0,0,0,0,0,0,0,0,800,800,800,800,1090,1400,74,0.254,26.5,14.3,13.03,0,136.5,0,20,21,12.892,353.28,1,0.625,0.625,0.586,2.383,0.645,0.02,0,,,,56,0,0,0,0,0,0,0,0,0,0,7,0,0,7000,7000,29,242,1346,86,49,56,78,78,47,0,39321,196,123,149,205,196,140,26222,39321
5.040,0,800,21,84,51,14.7,13.63,0.927,1,0,0,0,13,312,2.536,1,20,136.5,0,0,0,0,1,0,0,0,0,0,0,0,0,0,0,52.82,34,0.344,1,0,0,0,0,0,0,0,0,0,800,800,800,800,1090,1400,74,0.254,26.5,14.3,13.03,0,136.5,0,20,21,12.892,353.28,1,0.625,0.625,0.586,2.383,0.645,0.02,0,,,,69,0,0,0,0,0,0,0,0,0,0,7,0,0,7000,7000,29,242,1346,86,49,56,78,69,47,0,39321,196,123,149,205,196,140,26222,39321
5.100,0,803,21,84,52,14.7,13.69,0.931,1,0,0,0,13,312,2.536,1,20,136.5,0,0,0,0,1,0,0,0,0,0,0,0,0,0,0,52.82,34,0.344,1,0,0,0,0,0,0,0,0,0,800,800,800,800,1090,1400,74,0.254,26.5,14.3,13.09,0,136.5,0,20,21,12.892,353.28,1,0.625,0.625,0.586,2.383,0.645,0.02,0,,,,40,0,0,0,0,0,0,0,0,0,0,7,0,0,7000,7000,29,242,1346,68,40,56,78,69,45,0,39321,196,123,149,205,196,140,26222,39321
5.160,0,802,21,84,52,14.7,13.69,0.931,1,0,0,0,13,312,2.536,1,20,136.5,0,0,0,0,1,0,0,0,0,0,0,0,0,0,0,52.82,34,0.344,1,0,0,0,0,0,0,0,0,0,800,800,800,800,1090,1400,74,0.254,26.5,14.3,13.15,0,136.5,0,20,21,12.892,353.28,1,0.625,0.625,0.586,2.383,0.645,0.02,0,,,,71,0,0,0,0,0,0,0,0,0,0,7,0,0,7000,7000,29,242,1346,68,40,45,71,69,45,0,39321,196,123,146,205,196,140,26222,39321
5.220,0,798,21,84,52,14.7,13.69,0.931,1,0,0,0,13,312,2.536,1,20,136.5,0,0,0,0,1,0,0,0,0,0,0,0,0,0,0,52.82,34,0.344,1,0,0,0,0,0,0,0,0,0,800,800,800,800,1090,1400,74,0.254,26.5,14.3,13.09,0,136.5,0,20,21,12.892,353.28,1,0.645,0.645,0.586,2.383,0.645,0.02,0,,,,51,0,0,0,0,0,0,0,0,0,0,7,0,0,7000,7000,29,242,1346,68,40,45,71,56,51,0,39321,196,123,146,205,194,140,26222,39321
5.280,0,797,21,84,52,14.7,13.69,0.931,1,0,0,0,13,312,2.536,1,20,136.5,0,0,0,0,1,0,0,0,0,0,0,0,0,0,0,52.82,34,0.344,1,0,0,0,0,0,0,0,0,0,800,800,800,800,1090,1400,74,0.254,26.5,14.3,12.98,0,136.5,0,20,21,12.892,353.28,1,0.625,0.625,0.586,2.383,0.645,0.02,0,,,,49,0,0,0,0,0,0,0,0,0,0,7,0,0,7000,7000,29,242,1346,88,35,49,71,56,51,0,39321,199,123,146,205,194,140,26222,39321
5.340,0,802,21,84,52,14.7,13.63,0.927,1,0,0,0,13,312,2.536,1,20,136.5,0,0,0,0,1,0,0,0,0,0,0,0,0,0,0,52.82,34,0.344,1,0,0,0,0,0,0,0,0,0,800,800,800,800,1090,1400,74,0.254,26.5,14.3,12.92,0,136.5,0,20,21,12.892,353.28,1,0.625,0.625,0.586,2.383,0.645,0.02,0,,,,54,0,0,0,0,0,0,0,0,0,0,7,0,0,7000,7000,29,242,1346,88,35,49,85,54,51,0,39321,199,123,146,205,191,140,26222,39321
5.400,0,797,21,84,52,14.7,13.63,0.927,1,0,0,0,13,312,2.528,1,20,136.17,0,0,0,0,1,0,0,0,0,0,0,0,0,0,0,52.6,34,0.344,1,0,0,0,0,0,0,0,0,0,800,800,800,800,1090,1400,74,0.254,26.5,14.3,12.92,0,136.17,0,20,21,12.892,353.28,1,0.625,0.625,0.586,2.383,0.645,0.02,0,,,,37,0,0,0,0,0,0,0,0,0,0,7,0,0,7000,7000,29,242,1346,71,37,49,85,54,52,0,39321,199,123,146,205,191,140,26222,39321
5.460,0,789,21,84,52,14.7,13.63,0.927,1,0,0,0,14,312,2.544,1,19,136.33,0,0,0,0,1,0,0,0,0,0,0,0,0,0,0,52.82,34,0.344,1,0,0,0,0,0,0,0,0,0,800,790,800,800,1090,1400,74,0.254,26.5,14.3,12.86,0,136.33,0,19,21,12.819,353.28,1,0.625,0.625,0.586,2.383,0.645,0.02,0,,,,73,0,0,0,0,0,0,0,0,0,0,7,0,0,7000,7000,29,242,1346,71,37,44,73,54,52,0,39321,199,123,146,205,191,140,26222,39321
5.520,0,786,21,84,52,14.7,13.6,0.925,1,0,0,0,14,312,2.544,1,19,136.5,0,0,0,0,1,0,0,0,0,0,0,0,0,0,0,52.82,34,0.344,1,0,0,0,0,0,0,0,0,0,800,790,800,800,1090,1400,74,0.254,26.5,14.3,12.81,0,136.5,0,19,21,12.819,353.28,1,0.645,0.645,0.586,2.383,0.645,0.02,0,,,,54,0,0,0,0,0,0,0,0,0,0,7,0,0,7000,7000,29,242,1346,71,37,44,73,49,54,0,39321,199,123,146,205,185,143,26222,39321
5.580,0,785,21,84,52,14.7,13.6,0.925,1,0,0,0,14,312,2.544,1,19,136.5,0,0,0,0,1,0,0,0,0,0,0,0,0,0,0,52.82,34,0.344,1,0,0,0,0,0,0,0,0,0,800,790,800,800,1090,1400,74,0.254,26.5,14.3,12.98,0,136.5,0,19,21,12.819,353.28,1,0.625,0.625,0.586,2.383,0.645,0.02,0,,,,45,0,0,0,0,0,0,0,0,0,0,7,0,0,7000,7000,29,242,1346,76,47,45,73,49,54,0,39321,199,123,146,205,185,143,26222,39321
5.640,0,788,21,84,52,14.7,13.6,0.925,1,0,0,0,14,312,2.536,1,19,136.5,0,0,0,0,1,0,0,0,0,0,0,0,0,0,0,53.05,34,0.344,1,0,0,0,0,0,0,0,0,0,800,790,800,800,1090,1400,74,0.254,26.5,14.3,12.86,0,136.5,0,19,21,12.892,353.28,1,0.645,0.645,0.586,2.383,0.645,0.02,0,,,,45,0,0,0,0,0,0,0,0,0,0,7,0,0,7000,7000,29,242,1346,76,47,45,66,45,54,0,39321,199,123,146,202,182,143,26222,39321
5.700,0,798,21,84,52,14.7,13.6,0.925,1,0,0,0,13,312,2.536,1,20,136.67,0,0,0,0,1,0,0,0,0,0,0,0,0,0,0,53.05,34,0.344,1,0,0,0,0,0,0,0,0,0,800,800,800,800,1090,1400,74,0.254,26.5,14.3,12.81,0,136.67,0,20,21,12.892,353.28,1,0.645,0.645,0.586,2.383,0.645,0.02,0,,,,74,0,0,0,0,0,0,0,0,0,0,7,0,0,7000,7000,29,242,1346,74,47,45,66,45,44,0,39321,202,123,146,202,182,140,26222,39321
5.760,0,796,21,84,52,14.7,13.6,0.925,1,0,0,0,13,312,2.536,1,20,136.67,0,0,0,0,1,0,0,0,0,0,0,0,0,0,0,52.82,34,0.344,1,0,0,0,0,0,0,0,0,0,800,800,800,800,1090,1400,74,0.254,26.5,14.3,12.86,0,136.67,0,20,21,12.892,353.28,1,0.645,0.645,0.586,2.383,0.645,0.02,0,,,,71,0,0,0,0,0,0,0,0,0,0,7,0,0,7000,7000,29,242,1346,74,42,40,71,45,44,0,39321,202,123,143,202,182,140,26222,39321
5.820,0,798,21,84,52,14.7,13.63,0.927,1,0,0,0,13,312,2.536,1,20,136.67,0,0,0,0,1,0,0,0,0,0,0,0,0,0,0,53.05,34,0.344,1,0,0,0,0,0,0,0,0,0,800,800,800,800,1090,1400,74,0.254,26.5,14.3,12.92,0,136.67,0,20,21,12.892,353.28,1,0.625,0.625,0.586,2.383,0.645,0.02,0,,,,45,0,0,0,0,0,0,0,0,0,0,7,0,0,7000,7000,29,242,1346,74,42,40,71,52,45,0,39321,202,123,143,202,180,140,26222,39321
5.880,0,803,21,84,52,14.7,13.63,0.927,1,0,0,0,13,312,2.536,1,20,136.5,0,0,0,0,1,0,0,0,0,0,0,0,0,0,0,52.82,34,0.344,1,0,0,0,0,0,0,0,0,0,800,800,800,800,1090,1400,74,0.254,26.5,14.3,12.92,0,136.5,0,20,21,12.892,353.28,1,0.645,0.645,0.586,2.383,0.645,0.02,0,,,,49,0,0,0,0,0,0,0,0,0,0,7,0,0,7000,7000,29,242,1346,78,42,49,71,52,45,0,39321,202,123,143,202,180,140,26222,39321
5.940,0,805,21,84,52,14.7,13.69,0.931,1,0,0,0,12.5,312,2.536,1,20,136.5,0,0,0,0,1,0,0,0,0,0,0,0,0,0,0,52.82,34,0.344,1,0,0,0,0,0,0,0,0,0,800,810,800,800,1090,1400,74,0.254,26.5,14.3,12.81,0,136.5,0,20,21,12.892,353.28,1,0.645,0.645,0.586,2.383,0.645,0.02,0,,,,54,0,0,0,0,0,0,0,0,0,0,7,0,0,7000,7000,29,242,1346,78,42,49,78,54,45,0,39321,202,123,143,202,177,140,26222,39321
6.000,0,807,21,84,52,14.7,13.69,0.931,1,0,0,0,12.5,312,2.536,1,20,136.5,0,0,0,0,1,0,0,0,0,0,0,0,0,0,0,52.82,34,0.344,1,0,0,0,0,0,0,0,0,0,800,810,800,800,1090,1400,74,0.254,26.5,14.3,12.86,0,136.5,0,20,21,12.892,353.28,1,0.625,0.625,0.586,2.383,0.645,0.02,0,,,,79,0,0,0,0,0,0,0,0,0,0,7,0,0,7000,7000,29,242,1346,79,42,49,78,54,49,0,39321,205,123,143,202,177,140,26222,39321
6.060,0,802,21,84,52,14.7,13.69,0.931,1,0,0,0,13,312,2.544,1,20,136.5,0,0,0,0,1,0,0,0,0,0,0,0,0,0,0,52.82,34,0.344,1,0,0,0,0,0,0,0,0,0,800,800,800,800,1090,1400,74,0.254,26.5,14.3,12.86,0,136.5,0,20,21,12.819,353.28,1,0.625,0.625,0.586,2.383,0.645,0.02,0,,,,68,0,0,0,0,0,0,0,0,0,0,7,0,0,7000,7000,29,242,1346,79,39,47,68,54,49,0,39321,205,123,140,202,177,140,26222,39321
6.120,0,799,21,84,52,14.7,13.69,0.931,1,0,0,0,13,312,2.544,1,20,136.5,0,0,0,0,1,0,0,0,0,0,0,0,0,0,0,52.82,34,0.344,1,0,0,0,0,0,0,0,0,0,800,800,800,800,1090,1400,74,0.254,26.5,14.3,12.98,0,136.5,0,20,21,12.819,353.28,1,0.625,0.625,0.586,2.383,0.645,0.02,0,,,,52,0,0,0,0,0,0,0,0,0,0,7,0,0,7000,7000,29,242,1346,79,39,47,68,49,52,0,39321,205,123,140,202,174,140,26222,39321
6.180,0,798,21,84,52,14.7,13.69,0.931,1,0,0,0,13,312,2.544,1,20,136.5,0,0,0,0,1,0,0,0,0,0,0,0,0,0,0,52.6,34,0.344,1,0,0,0,0,0,0,0,0,0,800,800,800,800,1090,1400,74,0.254,26.5,14.3,12.98,0,136.5,0,20,21,12.819,353.28,1,0.625,0.625,0.586,2.383,0.645,0.02,0,,,,45,0,0,0,0,0,0,0,0,0,0,7,0,0,7000,7000,29,242,1346,81,44,45,68,49,52,0,39321,208,123,137,202,174,140,26222,39321
6.240,0,794,21,84,52,14.7,13.69,0.931,1,0,0,0,14,312,2.544,1,20,136.5,0,0,0,0,1,0,0,0,0,0,0,0,0,0,0,52.82,34,0.344,1,0,0,0,0,0,0,0,0,0,800,790,800,800,1090,1400,74,0.254,26.5,14.3,13.15,0,136.5,0,20,21,12.819,353.28,1,0.645,0.645,0.586,2.383,0.645,0.02,0,,,,49,0,0,0,0,0,0,0,0,0,0,7,0,0,7000,7000,29,242,1346,81,44,45,79,49,52,0,39321,208,123,137,205,171,140,26222,39321
6.300,0,793,21,84,52,14.7,13.69,0.931,1,0,0,0,14,312,2.544,1,19,136.5,0,0,0,0,1,0,0,0,0,0,0,0,0,0,0,52.82,34,0.344,1,0,0,0,0,0,0,0,0,0,800,790,800,800,1090,1400,74,0.254,26.5,14.3,13.09,0,136.5,0,20,21,12.819,353.28,1,0.625,0.625,0.586,2.383,0.645,0.02,0,,,,79,0,0,0,0,0,0,0,0,0,0,7,0,0,7000,7000,29,242,1346,79,44,45,79,49,47,0,39321,208,123,137,205,171,140,26222,39321
6.360,0,794,21,84,52,14.7,13.69,0.931,1,0,0,0,14,312,2.544,1,19,136.5,0,0,0,0,1,0,0,0,0,0,0,0,0,0,0,52.82,34,0.344,1,0,0,0,0,0,0,0,0,0,800,790,800,800,1090,1400,74,0.254,26.5,14.3,13.09,0,136.5,0,19,21,12.819,353.28,1,0.645,0.645,0.586,2.383,0.645,0.02,0,,,,71,0,0,0,0,0,0,0,0,0,0,7,0,0,7000,7000,29,242,1346,79,39,45,71,49,47,0,39321,208,123,137,205,171,140,26222,39321
6.420,0,793,21,84,52,14.7,13.69,0.931,1,0,0,0,14,312,2.544,1,19,136.5,0,0,0,0,1,0,0,0,0,0,0,0,0,0,0,52.82,34,0.344,1,0,0,0,0,0,0,0,0,0,800,790,800,800,1090,1400,74,0.254,26.5,14.3,13.09,0,136.5,0,19,21,12.892,353.28,1,0.645,0.645,0.586,2.383,0.645,0.02,0,,,,49,0,0,0,0,0,0,0,0,0,0,7,0,0,7000,7000,29,242,1346,79,39,45,71,49,49,0,39321,208,123,137,205,168,140,26222,39321
6.480,0,796,21,84,52,14.7,13.69,0.931,1,0,0,0,13,312,2.536,1,20,136.5,0,0,0,0,1,0,0,0,0,0,0,0,0,0,0,52.82,34,0.344,1,0,0,0,0,0,0,0,0,0,800,800,800,800,1090,1400,74,0.254,26.5,14.3,13.09,0,136.5,0,20,21,12.892,353.28,1,0.625,0.625,0.586,2.383,0.645,0.02,0,,,,45,0,0,0,0,0,0,0,0,0,0,7,0,0,7000,7000,29,242,1346,86,40,45,71,49,49,0,39321,208,123,137,205,168,140,26222,39321
6.540,0,796,21,84,52,14.7,13.69,0.931,1,0,0,0,13,312,2.536,1,20,136.5,0,0,0,0,1,0,0,0,0,0,0,0,0,0,0,52.82,34,0.344,1,0,0,0,0,0,0,0,0,0,800,800,800,800,1090,1400,74,0.254,26.5,14.3,13.03,0,136.5,0,20,21,12.892,353.28,1,0.625,0.625,0.586,2.383,0.645,0.02,0,,,,49,0,0,0,0,0,0,0,0,0,0,7,0,0,7000,7000,29,242,1346,86,40,45,71,49,49,0,39321,208,123,137,205,165,140,26222,39321
6.599,0,798,21,84,52,14.7,13.69,0.931,1,0,0,0,13,312,2.536,1,20,136.5,0,0,0,0,1,0,0,0,0,0,0,0,0,0,0,52.82,34,0.344,1,0,0,0,0,0,0,0,0,0,800,800,800,800,1090,1400,74,0.254,26.5,14.3,12.86,0,136.5,0,20,21,12.819,353.28,1,0.625,0.625,0.586,2.363,0.645,0.02,0,,,,78,0,0,0,0,0,0,0,0,0,0,7,0,0,7000,7000,29,242,1346,78,40,45,71,49,45,0,39321,208,123,137,205,165,140,26222,39321
6.659,0,797,21,84,52,14.7,13.69,0.931,1,0,0,0,13,312,2.544,1,20,136.5,0,0,0,0,1,0,0,0,0,0,0,0,0,0,0,52.82,34,0.344,1,0,0,0,0,0,0,0,0,0,800,800,800,800,1090,1400,74,0.254,26.5,14.3,12.86,0,136.5,0,20,21,12.819,353.28,1,0.625,0.625,0.586,2.363,0.645,0.02,0,,,,62,0,0,0,0,0,0,0,0,0,0,7,0,0,7000,7000,29,242,1346,78,44,40,62,49,45,0,39321,208,123,137,202,165,140,26222,39321
6.720,0,794,21,84,52,14.7,13.69,0.931,1,0,0,0,14,312,2.544,1,20,136.5,0,0,0,0,1,0,0,0,0,0,0,0,0,0,0,52.82,34,0.344,1,0,0,0,0,0,0,0,0,0,800,790,800,800,1090,1400,74,0.254,26.5,14.3,12.86,0,136.5,0,20,21,12.819,353.28,1,0.645,0.645,0.586,2.363,0.645,0.02,0,,,,47,0,0,0,0,0,0,0,0,0,0,7,0,0,7000,7000,29,242,1346,78,44,40,62,45,47,0,39321,208,123,137,202,163,140,26222,39321
6.780,0,794,21,84,52,14.7,13.69,0.931,1,0,0,0,14,312,2.544,1,20,136.5,0,0,0,0,1,0,0,0,0,0,0,0,0,0,0,52.82,34,0.344,1,0,0,0,0,0,0,0,0,0,800,790,800,800,1090,1400,74,0.254,26.5,14.3,12.81,0,136.5,0,20,21,12.819,353.28,1,0.625,0.625,0.586,2.363,0.645,0.02,0,,,,51,0,0,0,0,0,0,0,0,0,0,7,0,0,7000,7000,29,242,1346,74,44,51,62,45,47,0,39321,208,123,137,202,163,140,26222,39321
6.839,0,795,21,84,52,14.7,13.69,0.931,1,0,0,0,13,312,2.544,1,20,136.5,0,0,0,0,1,0,0,0,0,0,0,0,0,0,0,52.82,34,0.344,1,0,0,0,0,0,0,0,0,0,800,800,800,800,1090,1400,74,0.254,26.5,14.3,12.81,0,136.5,0,20,21,12.819,353.28,1,0.625,0.625,0.586,2.363,0.645,0.02,0,,,,57,0,0,0,0,0,0,0,0,0,0,7,0,0,7000,7000,29,242,1346,74,44,51,57,57,47,0,39321,208,123,137,199,163,140,26222,39321
6.899,0,795,21,84,52,14.7,13.63,0.927,1,0,0,0,13,312,2.544,1,19,136.5,0,0,0,0,1,0,0,0,0,0,0,0,0,0,0,52.82,34,0.344,1,0,0,0,0,0,0,0,0,0,800,800,800,800,1090,1400,74,0.254,26.5,14.3,13.03,0,136.5,0,19,21,12.819,353.28,1,0.645,0.645,0.586,2.363,0.645,0.02,0,,,,76,0,0,0,0,0,0,0,0,0,0,7,0,0,7000,7000,29,242,1346,76,44,51,57,57,39,0,39321,208,123,137,199,163,137,26222,39321
6.959,0,793,21,84,52,14.7,13.63,0.927,1,0,0,0,14,312,2.544,1,19,136.5,0,0,0,0,1,0,0,0,0,0,0,0,0,0,0,52.82,34,0.344,1,0,0,0,0,0,0,0,0,0,800,790,800,800,1090,1400,74,0.254,26.5,14.3,12.92,0,136.5,0,19,21,12.819,353.28,1,0.625,0.625,0.586,2.363,0.645,0.02,0,,,,52,0,0,0,0,0,0,0,0,0,0,7,0,0,7000,7000,29,242,1346,76,40,45,52,57,39,0,39321,208,123,137,196,163,137,26222,39321
7.019,0,798,21,84,52,14.7,13.63,0.927,1,0,0,0,13,312,2.544,1,20,136.5,0,0,0,0,1,0,0,0,0,0,0,0,0,0,0,52.82,34,0.344,1,0,0,0,0,0,0,0,0,0,800,800,800,800,1090,1400,74,0.254,26.5,14.3,12.92,0,136.5,0,20,21,12.819,353.28,1,0.645,0.645,0.586,2.363,0.645,0.02,0,,,,52,0,0,0,0,0,0,0,0,0,0,7,0,0,7000,7000,29,242,1346,76,40,45,52,54,52,0,39321,208,123,137,196,160,140,26222,39321
7.079,0,803,21,84,52,14.7,13.63,0.927,1,0,0,0,13,312,2.544,1,20,136.5,0,0,0,0,1,0,0,0,0,0,0,0,0,0,0,52.82,34,0.344,1,0,0,0,0,0,0,0,0,0,800,800,800,800,1090,1400,74,0.254,26.5,14.3,12.92,0,136.5,0,20,21,12.819,353.28,1,0.625,0.625,0.586,2.363,0.645,0.02,0,,,,44,0,0,0,0,0,0,0,0,0,0,7,0,0,7000,7000,29,242,1346,76,44,44,52,54,52,0,39321,208,123,135,196,160,140,26222,39321
7.139,0,807,21,84,52,14.7,13.69,0.931,1,0,0,0,12.5,312,2.536,1,20,136.5,0,0,0,0,1,0,0,0,0,0,0,0,0,0,0,52.82,34,0.344,1,0,0,0,0,0,0,0,0,0,800,810,800,800,1090,1400,74,0.254,26.5,14.3,13.03,0,136.5,0,20,21,12.892,353.28,1,0.625,0.625,0.586,2.363,0.645,0.02,0,,,,57,0,0,0,0,0,0,0,0,0,0,7,0,0,7000,7000,29,242,1346,76,44,44,59,57,52,0,39321,208,123,135,196,160,140,26222,39321
7.199,0,809,21,84,52,14.7,13.69,0.931,1,0,0,0,12.5,312,2.536,1,20,136.5,0,0,0,0,1,0,0,0,0,0,0,0,0,0,0,52.82,34,0.344,1,0,0,0,0,0,0,0,0,0,800,810,800,800,1090,1400,74,0.254,26.5,14.3,13.03,0,136.5,0,20,21,12.892,353.28,1,0.625,0.625,0.586,2.363,0.645,0.02,0,,,,78,0,0,0,0,0,0,0,0,0,0,7,0,0,7000,7000,29,242,1346,78,44,44,59,57,49,0,39321,208,123,135,196,160,140,26222,39321
7.259,0,803,21,84,52,14.7,13.69,0.931,1,0,0,0,13,312,2.528,1,20,136.17,0,0,0,0,1,0,0,0,0,0,0,0,0,0,0,52.6,34,0.344,1,0,0,0,0,0,0,0,0,0,800,800,800,800,1090,1400,74,0.254,26.5,14.3,12.92,0,136.17,0,20,21,12.892,353.28,1,0.625,0.625,0.586,2.363,0.645,0.02,0,,,,83,0,0,0,0,0,0,0,0,0,0,7,0,0,7000,7000,29,242,1346,78,45,44,83,57,49,0,39321,208,123,135,199,160,140,26222,39321
7.319,0,802,21,84,52,14.7,13.69,0.931,1,0,0,0,13,312,2.544,1,20,136.33,0,0,0,0,1,0,0,0,0,0,0,0,0,0,0,52.82,34,0.344,1,0,0,0,0,0,0,0,0,0,800,800,800,800,1090,1400,74,0.254,26.5,14.3,13.03,0,136.33,0,20,21,12.819,353.28,1,0.645,0.645,0.586,2.363,0.645,0.02,0,,,,49,0,0,0,0,0,0,0,0,0,0,7,0,0,7000,7000,29,242,1346,78,45,44,83,54,49,0,39321,208,123,135,199,157,140,26222,39321
7.379,0,800,21,84,52,14.7,13.69,0.931,1,0,0,0,13,312,2.536,1,20,136.17,0,0,0,0,1,0,0,0,0,0,0,0,0,0,0,52.6,34,0.344,1,0,0,0,0,0,0,0,0,0,800,800,800,800,1090,1400,74,0.254,26.5,14.3,12.98,0,136.17,0,20,21,12.819,353.28,1,0.625,0.625,0.586,2.363,0.645,0.02,0,,,,51,0,0,0,0,0,0,0,0,0,0,7,0,0,7000,7000,29,242,1346,86,40,51,83,54,49,0,39321,210,123,135,199,157,140,26222,39321
7.439,0,797,21,84,52,14.7,13.69,0.931,1,0,0,0,13,312,2.544,1,20,136.33,0,0,0,0,1,0,0,0,0,0,0,0,0,0,0,52.82,34,0.344,1,0,0,0,0,0,0,0,0,0,800,800,800,800,1090,1400,74,0.254,26.5,14.3,12.98,0,136.33,0,20,21,12.819,353.28,1,0.625,0.625,0.586,2.363,0.645,0.02,0,,,,51,0,0,0,0,0,0,0,0,0,0,7,0,0,7000,7000,29,242,1346,86,40,51,79,51,49,0,39321,210,123,135,199,157,140,26222,39321
7.499,0,799,21,84,52,14.7,13.69,0.931,1,0,0,0,13,312,2.544,1,20,136.33,0,0,0,0,1,0,0,0,0,0,0,0,0,0,0,52.6,34,0.344,1,0,0,0,0,0,0,0,0,0,800,800,800,800,1090,1400,74,0.254,26.5,14.3,13.03,0,136.33,0,20,21,12.819,353.28,1,0.625,0.625,0.586,2.363,0.645,0.02,0,,,,90,0,0,0,0,0,0,0,0,0,0,7,0,0,7000,7000,29,242,1346,90,40,51,79,51,51,0,39321,213,123,135,199,157,140,26222,39321
7.559,0,797,21,84,52,14.7,13.6,0.925,1,0,0,0,13,312,2.536,1,20,136.17,0,0,0,0,1,0,0,0,0,0,0,0,0,0,0,52.82,34,0.344,1,0,0,0,0,0,0,0,0,0,800,800,800,800,1090,1400,74,0.254,26.5,14.3,13.15,0,136.17,0,20,21,12.819,353.28,1,0.625,0.625,0.586,2.363,0.645,0.02,0,,,,76,0,0,0,0,0,0,0,0,0,0,7,0,0,7000,7000,29,242,1346,90,40,51,76,51,51,0,39321,213,123,135,199,157,140,26222,39321
7.619,0,792,21,84,52,14.7,13.6,0.925,1,0,0,0,14,312,2.544,1,19,136.33,0,0,0,0,1,0,0,0,0,0,0,0,0,0,0,52.82,34,0.344,1,0,0,0,0,0,0,0,0,0,800,790,800,800,1090,1400,74,0.254,26.5,14.3,13.03,0,136.33,0,19,21,12.892,353.28,1,0.645,0.645,0.586,2.363,0.645,0.02,0,,,,44,0,0,0,0,0,0,0,0,0,0,7,0,0,7000,7000,29,242,1346,90,40,51,76,54,44,0,39321,213,123,135,199,157,140,26222,39321
7.679,0,789,21,84,52,14.7,13.6,0.925,1,0,0,0,14,312,2.536,1,19,136.33,0,0,0,0,1,0,0,0,0,0,0,0,0,0,0,52.82,34,0.344,1,0,0,0,0,0,0,0,0,0,800,790,800,800,1090,1400,74,0.254,26.5,14.3,12.98,0,136.33,0,19,21,12.892,353.28,1,0.625,0.625,0.586,2.363,0.645,0.02,0,,,,56,0,0,0,0,0,0,0,0,0,0,7,0,0,7000,7000,29,242,1346,88,45,56,76,54,44,0,39321,216,123,135,199,157,140,26222,39321
7.739,0,792,21,84,52,14.7,13.6,0.925,1,0,0,0,14,312,2.536,1,19,136.5,0,0,0,0,1,0,0,0,0,0,0,0,0,0,0,52.82,34,0.344,1,0,0,0,0,0,0,0,0,0,800,790,800,800,1090,1400,74,0.254,26.5,14.3,12.98,0,136.5,0,19,21,12.892,353.28,1,0.625,0.625,0.586,2.363,0.645,0.02,0,,,,44,0,0,0,0,0,0,0,0,0,0,7,0,0,7000,7000,29,242,1346,88,45,56,74,44,44,0,39321,216,123,135,199,157,140,26222,39321
7.799,0,799,21,84,52,14.7,13.6,0.925,1,0,0,0,13,312,2.536,1,20,136.5,0,0,0,0,1,0,0,0,0,0,0,0,0,0,0,52.82,34,0.344,1,0,0,0,0,0,0,0,0,0,800,800,800,800,1090,1400,74,0.254,26.5,14.3,12.98,0,136.5,0,20,21,12.892,353.28,1,0.645,0.645,0.586,2.363,0.645,0.02,0,,,,78,0,0,0,0,0,0,0,0,0,0,7,0,0,7000,7000,29,242,1346,78,45,56,74,44,44,0,39321,216,123,135,199,157,137,26222,39321
7.859,0,798,21,84,52,14.7,13.6,0.925,1,0,0,0,13,312,2.536,1,20,136.5,0,0,0,0,1,0,0,0,0,0,0,0,0,0,0,52.82,34,0.344,1,0,0,0,0,0,0,0,0,0,800,800,800,800,1090,1400,74,0.254,26.5,14.3,12.92,0,136.5,0,20,21,12.892,353.28,1,0.625,0.625,0.586,2.363,0.645,0.02,0,,,,73,0,0,0,0,0,0,0,0,0,0,7,0,0,7000,7000,29,242,1346,78,42,49,73,44,44,0,39321,216,123,135,199,157,137,26222,39321
7.919,0,802,21,84,52,14.7,13.6,0.925,1,0,0,0,13,312,2.536,1,20,136.5,0,0,0,0,1,0,0,0,0,0,0,0,0,0,0,52.82,34,0.344,1,0,0,0,0,0,0,0,0,0,800,800,800,800,1090,1400,74,0.254,26.5,14.3,12.69,0,136.5,0,20,21,12.892,353.28,1,0.645,0.645,0.586,2.363,0.645,0.02,0,,,,44,0,0,0,0,0,0,0,0,0,0,7,0,0,7000,7000,29,242,1346,78,42,49,73,47,44,0,39321,216,123,135,199,157,137,26222,39321
7.979,0,800,21,84,52,14.7,13.6,0.925,1,0,0,0,13,312,2.536,1,20,136.5,0,0,0,0,1,0,0,0,0,0,0,0,0,0,0,52.82,34,0.344,1,0,0,0,0,0,0,0,0,0,800,800,800,800,1090,1400,74,0.254,26.5,14.3,12.75,0,136.5,0,20,21,12.892,353.28,1,0.625,0.625,0.586,2.363,0.645,0.02,0,,,,42,0,0,0,0,0,0,0,0,0,0,7,0,0,7000,7000,29,242,1346,86,45,42,73,47,44,0,39321,216,123,135,199,157,137,26222,39321
8.039,0,800,21,84,52,14.7,13.6,0.925,1,0,0,0,13,312,2.536,1,20,136.5,0,0,0,0,1,0,0,0,0,0,0,0,0,0,0,52.82,34,0.344,1,0,0,0,0,0,0,0,0,0,800,800,800,800,1090,1400,74,0.254,26.5,14.3,12.75,0,136.5,0,20,21,12.892,353.28,1,0.625,0.625,0.586,2.363,0.645,0.02,0,,,,51,0,0,0,0,0,0,0,0,0,0,7,0,0,7000,7000,29,242,1346,86,45,42,81,51,44,0,39321,216,123,135,199,157,137,26222,39321
8.099,0,797,21,84,52,14.7,13.6,0.925,1,0,0,0,13,312,2.544,1,20,136.5,0,0,0,0,1,0,0,0,0,0,0,0,0,0,0,52.82,34,0.344,1,0,0,0,0,0,0,0,0,0,800,800,800,800,1090,1400,74,0.254,26.5,14.3,12.75,0,136.5,0,20,21,12.819,353.28,1,0.645,0.645,0.586,2.363,0.645,0.02,0,,,,78,0,0,0,0,0,0,0,0,0,0,7,0,0,7000,7000,29,242,1346,78,45,42,81,51,40,0,39321,216,123,135,199,157,137,26222,39321
8.159,0,796,21,84,52,14.7,13.6,0.925,1,0,0,0,13,312,2.544,1,20,136.5,0,0,0,0,1,0,0,0,0,0,0,0,0,0,0,52.82,34,0.344,1,0,0,0,0,0,0,0,0,0,800,800,800,800,1090,1400,74,0.254,26.5,14.3,12.75,0,136.5,0,20,21,12.819,353.28,1,0.625,0.625,0.586,2.363,0.645,0.02,0,,,,76,0,0,0,0,0,0,0,0,0,0,7,0,0,7000,7000,29,242,1346,78,34,54,76,51,40,0,39321,216,120,135,202,157,137,26222,39321
8.219,0,792,21,84,52,14.7,13.6,0.925,1,0,0,0,14,312,2.544,1,19,136.5,0,0,0,0,1,0,0,0,0,0,0,0,0,0,0,52.82,34,0.344,1,0,0,0,0,0,0,0,0,0,800,790,800,800,1090,1400,74,0.254,26.5,14.3,13.15,0,136.5,0,19,21,12.819,353.28,1,0.625,0.625,0.586,2.363,0.645,0.02,0,,,,47,0,0,0,0,0,0,0,0,0,0,7,0,0,7000,7000,29,242,1346,78,34,54,76,52,47,0,39321,216,120,135,202,154,137,26222,39321
8.279,0,796,21,84,52,14.7,13.6,0.925,1,0,0,0,13,312,2.536,1,20,136.5,0,0,0,0,1,0,0,0,0,0,0,0,0,0,0,52.82,34,0.344,1,0,0,0,0,0,0,0,0,0,800,800,800,800,1090,1400,74,0.254,26.5,14.3,12.92,0,136.5,0,20,21,12.892,353.28,1,0.625,0.625,0.586,2.363,0.645,0.02,0,,,,45,0,0,0,0,0,0,0,0,0,0,7,0,0,7000,7000,29,242,1346,74,45,54,76,52,47,0,39321,216,120,135,202,154,137,26222,39321
8.339,0,796,21,84,52,14.7,13.6,0.925,1,0,0,0,13,312,2.536,1,20,136.5,0,0,0,0,1,0,0,0,0,0,0,0,0,0,0,52.82,34,0.344,1,0,0,0,0,0,0,0,0,0,800,800,800,800,1090,1400,74,0.254,26.5,14.3,12.98,0,136.5,0,20,21,12.892,353.28,1,0.625,0.625,0.586,2.363,0.645,0.02,0,,,,54,0,0,0,0,0,0,0,0,0,0,7,0,0,7000,7000,29,242,1346,74,45,44,71,54,47,0,39321,216,120,135,202,154,137,26222,39321
8.399,0,797,21,84,52,14.7,13.6,0.925,1,0,0,0,13,312,2.536,1,20,136.5,0,0,0,0,1,0,0,0,0,0,0,0,0,0,0,52.82,34,0.344,1,0,0,0,0,0,0,0,0,0,800,800,800,800,1090,1400,74,0.254,26.5,14.3,13.03,0,136.5,0,20,21,12.892,353.28,1,0.625,0.625,0.586,2.363,0.645,0.02,0,,,,79,0,0,0,0,0,0,0,0,0,0,7,0,0,7000,7000,29,242,1346,79,45,44,71,54,47,0,39321,216,120,135,202,154,137,26222,39321
8.459,0,794,21,84,52,14.7,13.6,0.925,1,0,0,0,14,312,2.536,1,20,136.5,0,0,0,0,1,0,0,0,0,0,0,0,0,0,0,52.82,34,0.344,1,0,0,0,0,0,0,0,0,0,800,790,800,800,1090,1400,74,0.254,26.5,14.3,13.03,0,136.5,0,20,21,12.892,353.28,1,0.645,0.645,0.586,2.363,0.645,0.02,0,,,,69,0,0,0,0,0,0,0,0,0,0,7,0,0,7000,7000,29,242,1346,79,40,44,69,54,47,0,39321,216,120,132,202,154,137,26222,39321
8.519,0,794,21,84,52,14.7,13.6,0.925,1,0,0,0,14,312,2.536,1,20,136.5,0,0,0,0,1,0,0,0,0,0,0,0,0,0,0,52.82,34,0.344,1,0,0,0,0,0,0,0,0,0,800,790,800,800,1090,1400,74,0.254,26.5,14.3,12.86,0,136.5,0,20,21,12.892,353.28,1,0.625,0.625,0.586,2.363,0.645,0.02,0,,,,45,0,0,0,0,0,0,0,0,0,0,7,0,0,7000,7000,29,242,1346,79,40,44,69,54,45,0,39321,216,120,132,202,154,137,26222,39321
8.579,0,800,21,84,52,14.7,13.6,0.925,1,0,0,0,13,312,2.536,1,20,136.5,0,0,0,0,1,0,0,0,0,0,0,0,0,0,0,52.82,34,0.344,1,0,0,0,0,0,0,0,0,0,800,800,800,800,1090,1400,74,0.254,26.5,14.3,12.86,0,136.5,0,20,21,12.819,353.28,1,0.645,0.645,0.586,2.363,0.645,0.02,0,,,,47,0,0,0,0,0,0,0,0,0,0,7,0,0,7000,7000,29,242,1346,88,47,44,69,54,45,0,39321,219,120,132,202,154,137,26222,39321
8.639,0,793,21,84,52,14.7,13.6,0.925,1,0,0,0,14,312,2.544,1,20,136.5,0,0,0,0,1,0,0,0,0,0,0,0,0,0,0,52.82,34,0.344,1,0,0,0,0,0,0,0,0,0,800,790,800,800,1090,1400,74,0.254,26.5,14.3,12.86,0,136.5,0,20,21,12.819,353.28,1,0.625,0.625,0.586,2.363,0.645,0.02,0,,,,54,0,0,0,0,0,0,0,0,0,0,7,0,0,7000,7000,29,242,1346,88,47,42,68,54,45,0,39321,219,120,132,199,154,137,26222,39321
8.699,0,798,21,84,52,14.7,13.6,0.925,1,0,0,0,13,312,2.544,1,19,136.5,0,0,0,0,1,0,0,0,0,0,0,0,0,0,0,52.82,34,0.344,1,0,0,0,0,0,0,0,0,0,800,800,800,800,1090,1400,74,0.254,26.5,14.3,12.92,0,136.5,0,19,21,12.819,353.28,1,0.645,0.645,0.586,2.363,0.645,0.02,0,,,,69,0,0,0,0,0,0,0,0,0,0,7,0,0,7000,7000,29,242,1346,69,47,42,68,54,45,0,39321,216,120,132,199,154,137,26222,39321
8.759,0,796,21,84,52,14.7,13.6,0.925,1,0,0,0,13,312,2.544,1,20,136.5,0,0,0,0,1,0,0,0,0,0,0,0,0,0,0,52.82,34,0.344,1,0,0,0,0,0,0,0,0,0,800,800,800,800,1090,1400,74,0.254,26.5,14.3,12.81,0,136.5,0,20,21,12.819,353.28,1,0.625,0.625,0.586,2.344,0.645,0.02,0,,,,59,0,0,0,0,0,0,0,0,0,0,7,0,0,7000,7000,29,242,1346,69,47,45,59,54,45,0,39321,216,123,132,196,154,137,26222,39321
8.819,0,798,21,84,52,14.7,13.6,0.925,1,0,0,0,13,312,2.544,1,20,136.5,0,0,0,0,1,0,0,0,0,0,0,0,0,0,0,52.82,34,0.344,1,0,0,0,0,0,0,0,0,0,800,800,800,800,1090,1400,74,0.254,26.5,14.3,12.81,0,136.5,0,20,21,12.819,353.28,1,0.625,0.625,0.586,2.344,0.645,0.02,0,,,,44,0,0,0,0,0,0,0,0,0,0,7,0,0,7000,7000,29,242,1346,69,47,45,59,51,44,0,39321,216,123,132,196,154,135,26222,39321
8.879,0,795,21,84,52,14.7,13.6,0.925,1,0,0,0,13,312,2.544,1,20,136.5,0,0,0,0,1,0,0,0,0,0,0,0,0,0,0,52.82,34,0.344,1,0,0,0,0,0,0,0,0,0,800,800,800,800,1090,1400,74,0.254,26.5,14.3,12.92,0,136.5,0,20,21,12.819,353.28,1,0.645,0.645,0.586,2.344,0.645,0.02,0,,,,45,0,0,0,0,0,0,0,0,0,0,7,0,0,7000,7000,29,242,1346,81,45,45,59,51,44,0,39321,216,126,132,196,154,135,26222,39321
8.939,0,796,21,84,52,14.7,13.6,0.925,1,0,0,0,13,312,2.544,1,20,136.5,0,0,0,0,1,0,0,0,0,0,0,0,0,0,0,52.82,34,0.344,1,0,0,0,0,0,0,0,0,0,800,800,800,800,1090,1400,74,0.254,26.5,14.3,12.86,0,136.5,0,20,21,12.892,353.28,1,0.625,0.625,0.586,2.344,0.645,0.02,0,,,,49,0,0,0,0,0,0,0,0,0,0,7,0,0,7000,7000,29,242,1346,81,45,42,74,49,44,0,39321,216,126,129,196,154,135,26222,39321
8.999,0,789,21,84,52,14.7,13.6,0.925,1,0,0,0,14,312,2.536,1,19,136.5,0,0,0,0,1,0,0,0,0,0,0,0,0,0,0,52.82,34,0.344,1,0,0,0,0,0,0,0,0,0,800,790,800,800,1090,1400,74,0.254,26.5,14.3,12.92,0,136.5,0,19,21,12.892,353.28,1,0.645,0.645,0.586,2.344,0.645,0.02,0,,,,73,0,0,0,0,0,0,0,0,0,0,7,0,0,7000,7000,29,242,1346,73,45,42,74,49,45,0,39321,216,126,129,196,154,135,26222,39321
9.060,0,785,21,84,52,14.7,13.6,0.925,1,0,0,0,14,312,2.536,1,19,136.5,0,0,0,0,1,0,0,0,0,0,0,0,0,0,0,52.82,34,0.344,1,0,0,0,0,0,0,0,0,0,800,790,800,800,1090,1400,74,0.254,26.5,14.3,12.86,0,136.5,0,19,21,12.892,353.28,1,0.645,0.645,0.586,2.344,0.645,0.02,0,,,,49,0,0,0,0,0,0,0,0,0,0,7,0,0,7000,7000,29,242,1346,73,42,49,74,49,45,0,39321,216,123,132,196,154,135,26222,39321
9.120,0,793,21,84,52,14.7,13.6,0.925,1,0,0,0,14,312,2.536,1,19,136.5,0,0,0,0,1,0,0,0,0,0,0,0,0,0,0,52.82,34,0.344,1,0,0,0,0,0,0,0,0,0,800,790,800,800,1090,1400,74,0.254,26.5,14.3,12.86,0,136.5,0,19,21,12.892,353.28,1,0.645,0.645,0.586,2.344,0.645,0.02,0,,,,49,0,0,0,0,0,0,0,0,0,0,7,0,0,7000,7000,29,242,1346,73,42,49,69,66,49,0,39321,216,123,132,196,154,135,26222,39321
9.179,0,797,21,84,52,14.7,13.6,0.925,1,0,0,0,13,312,2.536,1,20,136.5,0,0,0,0,1,0,0,0,0,0,0,0,0,0,0,52.82,34,0.344,1,0,0,0,0,0,0,0,0,0,800,800,800,800,1090,1400,74,0.254,26.5,14.3,12.75,0,136.5,0,20,21,12.892,353.28,1,0.645,0.645,0.586,2.344,0.645,0.02,0,,,,40,0,0,0,0,0,0,0,0,0,0,7,0,0,7000,7000,29,242,1346,74,40,49,69,66,49,0,39321,216,123,132,196,154,135,26222,39321
9.239,0,798,21,84,52,14.7,13.6,0.925,1,0,0,0,13,312,2.536,1,20,136.5,0,0,0,0,1,0,0,0,0,0,0,0,0,0,0,52.82,34,0.344,1,0,0,0,0,0,0,0,0,0,800,800,800,800,1090,1400,74,0.254,26.5,14.3,12.75,0,136.5,0,20,21,12.892,353.28,1,0.645,0.645,0.586,2.344,0.645,0.02,0,,,,52,0,0,0,0,0,0,0,0,0,0,7,0,0,7000,7000,29,242,1346,74,40,44,64,52,49,0,39321,216,123,132,194,154,135,26222,39321
9.299,0,798,21,84,52,14.7,13.6,0.925,1,0,0,0,13,312,2.544,1,20,136.5,0,0,0,0,1,0,0,0,0,0,0,0,0,0,0,52.82,34,0.344,1,0,0,0,0,0,0,0,0,0,800,800,800,800,1090,1400,74,0.254,26.5,14.3,12.75,0,136.5,0,20,21,12.819,353.28,1,0.645,0.645,0.586,2.344,0.645,0.02,0,,,,78,0,0,0,0,0,0,0,0,0,0,7,0,0,7000,7000,29,242,1346,78,40,44,64,52,49,0,39321,216,123,132,194,154,135,26222,39321
9.360,0,793,21,84,52,14.7,13.6,0.925,1,0,0,0,14,312,2.544,1,19,136.5,0,0,0,0,1,0,0,0,0,0,0,0,0,0,0,52.82,34,0.344,1,0,0,0,0,0,0,0,0,0,800,790,800,800,1090,1400,74,0.254,26.5,14.3,12.81,0,136.5,0,19,21,12.819,353.28,1,0.625,0.625,0.586,2.344,0.645,0.02,0,,,,45,0,0,0,0,0,0,0,0,0,0,7,0,0,7000,7000,29,242,1346,78,39,45,64,52,49,0,39321,216,123,132,194,154,135,26222,39321
9.420,0,792,21,84,52,14.7,13.6,0.925,1,0,0,0,14,312,2.544,1,19,136.5,0,0,0,0,1,0,0,0,0,0,0,0,0,0,0,52.82,34,0.344,1,0,0,0,0,0,0,0,0,0,800,790,800,800,1090,1400,74,0.254,26.5,14.3,12.81,0,136.5,0,19,21,12.819,353.28,1,0.625,0.625,0.586,2.344,0.645,0.02,0,,,,47,0,0,0,0,0,0,0,0,0,0,7,0,0,7000,7000,29,242,1346,78,39,45,71,47,47,0,39321,216,123,132,194,151,135,26222,39321
9.479,0,794,21,84,52,14.7,13.6,0.925,1,0,0,0,14,312,2.544,1,20,136.5,0,0,0,0,1,0,0,0,0,0,0,0,0,0,0,52.82,34,0.344,1,0,0,0,0,0,0,0,0,0,800,790,800,800,1090,1400,74,0.254,26.5,14.3,13.03,0,136.5,0,20,21,12.819,353.28,1,0.645,0.645,0.586,2.344,0.645,0.02,0,,,,45,0,0,0,0,0,0,0,0,0,0,7,0,0,7000,7000,29,242,1346,78,45,45,71,47,47,0,39321,216,126,132,194,151,135,26222,39321
9.539,0,794,21,84,52,14.7,13.6,0.925,1,0,0,0,14,312,2.544,1,20,136.5,0,0,0,0,1,0,0,0,0,0,0,0,0,0,0,52.82,34,0.344,1,0,0,0,0,0,0,0,0,0,800,790,800,800,1090,1400,74,0.254,26.5,14.3,12.98,0,136.5,0,20,21,12.819,353.28,1,0.625,0.625,0.586,2.344,0.645,0.02,0,,,,68,0,0,0,0,0,0,0,0,0,0,7,0,0,7000,7000,29,242,1346,78,45,40,66,68,47,0,39321,216,126,129,194,154,135,26222,39321
9.599,0,800,21,84,52,14.7,13.6,0.925,1,0,0,0,13,312,2.544,1,20,136.5,0,0,0,0,1,0,0,0,0,0,0,0,0,0,0,52.82,34,0.344,1,0,0,0,0,0,0,0,0,0,800,800,800,800,1090,1400,74,0.254,26.5,14.3,13.03,0,136.5,0,20,21,12.892,353.28,1,0.625,0.625,0.586,2.344,0.645,0.02,0,,,,81,0,0,0,0,0,0,0,0,0,0,7,0,0,7000,7000,29,242,1346,81,45,40,66,68,42,0,39321,219,126,129,194,154,132,26222,39321
9.660,0,799,21,84,52,14.7,13.6,0.925,1,0,0,0,13,312,2.536,1,20,136.5,0,0,0,0,1,0,0,0,0,0,0,0,0,0,0,52.82,34,0.344,1,0,0,0,0,0,0,0,0,0,800,800,800,800,1090,1400,74,0.254,26.5,14.3,13.03,0,136.5,0,20,21,12.892,353.28,1,0.645,0.645,0.586,2.344,0.645,0.02,0,,,,40,0,0,0,0,0,0,0,0,0,0,7,0,0,7000,7000,29,242,1346,81,44,40,66,68,42,0,39321,219,126,126,194,154,132,26222,39321
9.720,0,797,21,84,52,14.7,13.63,0.927,1,0,0,0,13,312,2.536,1,20,136.5,0,0,0,0,1,0,0,0,0,0,0,0,0,0,0,52.82,34,0.344,1,0,0,0,0,0,0,0,0,0,800,800,800,800,1090,1400,74,0.254,26.5,14.3,13.09,0,136.5,0,20,21,12.892,353.28,1,0.625,0.625,0.586,2.344,0.645,0.02,0,,,,44,0,0,0,0,0,0,0,0,0,0,7,0,0,7000,7000,29,242,1346,81,44,40,66,59,44,0,39321,219,126,126,194,154,132,26222,39321
9.780,0,801,21,84,52,14.7,13.63,0.927,1,0,0,0,13,312,2.536,1,20,136.5,0,0,0,0,1,0,0,0,0,0,0,0,0,0,0,52.82,34,0.344,1,0,0,0,0,0,0,0,0,0,800,800,800,800,1090,1400,74,0.254,26.5,14.3,13.03,0,136.5,0,20,21,12.892,353.28,1,0.645,0.645,0.586,2.344,0.645,0.02,0,,,,45,0,0,0,0,0,0,0,0,0,0,7,0,0,7000,7000,29,242,1346,74,45,40,66,59,44,0,39321,219,126,126,194,154,132,26222,39321
9.840,0,801,21,84,52,14.7,13.69,0.931,1,0,0,0,13,312,2.536,1,20,136.33,0,0,0,0,1,0,0,0,0,0,0,0,0,0,0,52.82,34,0.344,1,0,0,0,0,0,0,0,0,0,800,800,800,800,1090,1400,74,0.254,26.5,14.3,12.81,0,136.33,0,20,21,12.892,353.28,1,0.625,0.625,0.586,2.344,0.645,0.02,0,,,,54,0,0,0,0,0,0,0,0,0,0,7,0,0,7000,7000,29,242,1346,74,45,40,57,54,44,0,39321,219,126,126,191,154,132,26222,39321
9.900,0,797,21,84,52,14.7,13.69,0.931,1,0,0,0,13,312,2.536,1,20,136.5,0,0,0,0,1,0,0,0,0,0,0,0,0,0,0,52.82,34,0.344,1,0,0,0,0,0,0,0,0,0,800,800,800,800,1090,1400,74,0.254,26.5,14.3,12.92,0,136.5,0,20,21,12.892,353.28,1,0.625,0.625,0.586,2.344,0.645,0.02,0,,,,79,0,0,0,0,0,0,0,0,0,0,7,0,0,7000,7000,29,242,1346,79,45,40,57,54,44,0,39321,219,126,126,191,154,132,26222,39321
9.960,0,794,21,84,52,14.7,13.69,0.931,1,0,0,0,14,312,2.544,1,20,136.33,0,0,0,0,1,0,0,0,0,0,0,0,0,0,0,52.82,34,0.344,1,0,0,0,0,0,0,0,0,0,800,790,800,800,1090,1400,74,0.254,26.5,14.3,12.86,0,136.33,0,20,21,12.819,353.28,1,0.645,0.645,0.586,2.344,0.645,0.02,0,,,,47,0,0,0,0,0,0,0,0,0,0,7,0,0,7000,7000,29,242,1346,79,44,47,57,54,44,0,39321,219,126,126,191,154,132,26222,39321
10.020,0,787,21,84,52,14.7,13.69,0.931,1,0,0,0,14,312,2.544,1,19,136.5,0,0,0,0,1,0,0,0,0,0,0,0,0,0,0,52.82,34,0.344,1,0,0,0,0,0,0,0,0,0,800,790,800,800,1090,1400,74,0.254,26.5,14.3,12.81,0,136.5,0,19,21,12.819,353.28,1,0.625,0.625,0.586,2.344,0.645,0.02,0,,,,42,0,0,0,0,0,0,0,0,0,0,7,0,0,7000,7000,29,242,1346,79,44,47,62,54,42,0,39321,219,126,126,188,154,132,26222,39321
10.080,0,787,21,84,52,14.7,13.63,0.927,1,0,0,0,14,312,2.544,1,19,136.5,0,0,0,0,1,0,0,0,0,0,0,0,0,0,0,52.82,34,0.344,1,0,0,0,0,0,0,0,0,0,800,790,800,800,1090,1400,74,0.254,26.5,14.3,12.81,0,136.5,0,19,21,12.819,353.28,1,0.645,0.645,0.586,2.344,0.645,0.02,0,,,,39,0,0,0,0,0,0,0,0,0,0,7,0,0,7000,7000,29,242,1346,61,39,47,62,54,42,0,39321,216,123,126,188,154,132,26222,39321
10.140,0,785,21,84,52,14.7,13.63,0.927,1,0,0,0,14,312,2.544,1,19,136.5,0,0,0,0,1,0,0,0,0,0,0,0,0,0,0,52.82,34,0.344,1,0,0,0,0,0,0,0,0,0,800,790,800,800,1090,1400,74,0.254,26.5,14.3,12.92,0,136.5,0,19,21,12.819,353.28,1,0.645,0.645,0.586,2.344,0.645,0.02,0,,,,66,0,0,0,0,0,0,0,0,0,0,7,0,0,7000,7000,29,242,1346,61,39,37,66,54,42,0,39321,216,123,126,188,154,132,26222,39321
10.200,0,790,21,84,52,14.7,13.63,0.927,1,0,0,0,14,312,2.544,1,19,136.5,0,0,0,0,1,0,0,0,0,0,0,0,0,0,0,52.82,34,0.344,1,0,0,0,0,0,0,0,0,0,800,790,800,800,1090,1400,74,0.254,26.5,14.3,12.92,0,136.5,0,19,21,12.819,353.28,1,0.625,0.625,0.586,2.344,0.645,0.02,0,,,,59,0,0,0,0,0,0,0,0,0,0,7,0,0,7000,7000,29,242,1346,59,39,37,66,49,49,0,39321,213,123,126,188,154,132,26222,39321
10.260,0,791,21,84,52,14.7,13.63,0.927,1,0,0,0,14,312,2.544,1,19,136.5,0,0,0,0,1,0,0,0,0,0,0,0,0,0,0,52.82,34,0.344,1,0,0,0,0,0,0,0,0,0,800,790,800,800,1090,1400,74,0.254,26.5,14.3,12.92,0,136.5,0,19,21,12.892,353.28,1,0.645,0.645,0.586,2.344,0.645,0.02,0,,,,39,0,0,0,0,0,0,0,0,0,0,7,0,0,7000,7000,29,242,1346,59,40,39,66,49,49,0,39321,213,120,126,188,154,132,26222,39321
10.320,0,791,21,84,52,14.7,13.63,0.927,1,0,0,0,14,312,2.536,1,19,136.67,0,0,0,0,1,0,0,0,0,0,0,0,0,0,0,52.82,34,0.344,1,0,0,0,0,0,0,0,0,0,800,790,800,800,1090,1400,74,0.254,26.5,14.3,12.92,0,136.67,0,19,21,12.892,353.28,1,0.645,0.645,0.586,2.344,0.645,0.02,0,,,,45,0,0,0,0,0,0,0,0,0,0,7,0,0,7000,7000,29,242,1346,59,40,39,66,52,45,0,39321,213,120,126,188,154,132,26222,39321
10.380,0,796,21,84,52,14.7,13.69,0.931,1,0,0,0,13,312,2.536,1,20,136.5,0,0,0,0,1,0,0,0,0,0,0,0,0,0,0,52.82,34,0.344,1,0,0,0,0,0,0,0,0,0,800,800,800,800,1090,1400,74,0.254,26.5,14.3,12.98,0,136.5,0,20,21,12.892,353.28,1,0.645,0.645,0.586,2.344,0.645,0.02,0,,,,39,0,0,0,0,0,0,0,0,0,0,7,0,0,7000,7000,29,242,1346,85,39,39,66,52,45,0,39321,213,120,126,188,154,132,26222,39321
10.440,0,797,21,84,52,14.7,13.69,0.931,1,0,0,0,13,312,2.536,1,20,136.67,0,0,0,0,1,0,0,0,0,0,0,0,0,0,0,53.05,34,0.344,1,0,0,0,0,0,0,0,0,0,800,800,800,800,1090,1400,74,0.254,26.5,14.3,13.09,0,136.67,0,20,21,12.892,353.28,1,0.625,0.625,0.586,2.344,0.645,0.02,0,,,,74,0,0,0,0,0,0,0,0,0,0,7,0,0,7000,7000,29,242,1346,85,39,45,74,52,45,0,39321,213,120,126,188,154,132,26222,39321
10.500,0,797,21,84,52,14.7,13.69,0.931,1,0,0,0,13,312,2.536,1,20,136.5,0,0,0,0,1,0,0,0,0,0,0,0,0,0,0,52.82,34,0.344,1,0,0,0,0,0,0,0,0,0,800,800,800,800,1090,1400,74,0.254,26.5,14.3,12.98,0,136.5,0,20,21,12.819,353.28,1,0.645,0.645,0.586,2.344,0.645,0.02,0,,,,69,0,0,0,0,0,0,0,0,0,0,7,0,0,7000,7000,29,242,1346,69,39,45,74,45,44,0,39321,213,120,126,188,154,129,26222,39321
10.560,0,792,21,84,52,14.7,13.69,0.931,1,0,0,0,14,312,2.544,1,19,136.5,0,0,0,0,1,0,0,0,0,0,0,0,0,0,0,52.82,34,0.344,1,0,0,0,0,0,0,0,0,0,800,790,800,800,1090,1400,74,0.254,26.5,14.3,12.92,0,136.5,0,19,21,12.819,353.28,1,0.645,0.645,0.586,2.344,0.645,0.02,0,,,,40,0,0,0,0,0,0,0,0,0,0,7,0,0,7000,7000,29,242,1346,69,39,40,74,45,44,0,39321,213,120,123,188,154,129,26222,39321
10.620,0,784,21,84,52,14.7,13.69,0.931,1,0,0,0,15,312,2.544,1,19,136.5,0,0,0,0,1,0,0,0,0,0,0,0,0,0,0,52.82,34,0.344,1,0,0,0,0,0,0,0,0,0,800,780,800,800,1090,1400,74,0.254,26.5,14.3,12.92,0,136.5,0,19,21,12.819,353.28,1,0.625,0.625,0.586,2.344,0.645,0.02,0,,,,42,0,0,0,0,0,0,0,0,0,0,7,0,0,7000,7000,29,242,1346,69,39,40,64,42,44,0,39321,213,120,123,188,151,129,26222,39321
10.680,0,787,21,84,52,14.7,13.69,0.931,1,0,0,0,14,312,2.544,1,19,136.5,0,0,0,0,1,0,0,0,0,0,0,0,0,0,0,52.82,34,0.344,1,0,0,0,0,0,0,0,0,0,800,790,800,800,1090,1400,74,0.254,26.5,14.3,12.98,0,136.5,0,19,21,12.819,353.28,1,0.625,0.625,0.586,2.344,0.645,0.02,0,,,,45,0,0,0,0,0,0,0,0,0,0,7,0,0,7000,7000,29,242,1346,49,45,40,64,42,47,0,39321,208,120,123,188,151,132,26222,39321
10.740,0,783,21,84,52,14.7,13.69,0.931,1,0,0,0,15,312,2.544,1,19,136.5,0,0,0,0,1,0,0,0,0,0,0,0,0,0,0,52.82,34,0.344,1,0,0,0,0,0,0,0,0,0,800,780,800,800,1090,1400,74,0.254,26.5,14.3,12.92,0,136.5,0,19,21,12.819,353.28,1,0.645,0.645,0.586,2.344,0.645,0.02,0,,,,74,0,0,0,0,0,0,0,0,0,0,7,0,0,7000,7000,29,242,1346,49,45,42,74,42,47,0,39321,208,120,123,188,151,132,26222,39321
10.800,0,785,21,84,52,14.7,13.69,0.931,1,0,0,0,14,312,2.544,1,19,136.83,0,0,0,0,1,0,0,0,0,0,0,0,0,0,0,53.05,34,0.344,1,0,0,0,0,0,0,0,0,0,800,790,800,800,1090,1400,74,0.254,26.5,14.3,13.09,0,136.83,0,19,21,12.819,353.28,1,0.625,0.625,0.586,2.344,0.645,0.02,0,,,,54,0,0,0,0,0,0,0,0,0,0,7,0,0,7000,7000,29,242,1346,54,45,42,74,45,49,0,39321,205,120,123,188,151,132,26222,39321
10.860,0,789,21,84,52,14.7,13.69,0.931,1,0,0,0,14,312,2.544,1,19,136.83,0,0,0,0,1,0,0,0,0,0,0,0,0,0,0,53.05,34,0.344,1,0,0,0,0,0,0,0,0,0,800,790,800,800,1090,1400,74,0.254,26.5,14.3,13.09,0,136.83,0,19,21,12.819,353.28,1,0.625,0.625,0.586,2.344,0.645,0.02,0,,,,40,0,0,0,0,0,0,0,0,0,0,7,0,0,7000,7000,29,242,1346,54,47,40,74,45,49,0,39321,205,120,123,188,151,132,26222,39321
10.920,0,791,21,84,52,14.7,13.69,0.931,1,0,0,0,14,312,2.552,1,20,137,0,0,0,0,1,0,0,0,0,0,0,0,0,0,0,53.05,34,0.344,1,0,0,0,0,0,0,0,0,0,800,790,800,800,1090,1400,74,0.254,26.5,14.3,13.09,0,137,0,20,21,12.892,353.28,1,0.625,0.625,0.586,2.344,0.645,0.02,0,,,,47,0,0,0,0,0,0,0,0,0,0,7,0,0,7000,7000,29,242,1346,54,47,40,69,47,49,0,39321,205,120,123,188,149,132,26222,39321
10.980,0,794,21,84,52,14.7,13.69,0.931,1,0,0,0,14,312,2.536,1,20,136.83,0,0,0,0,1,0,0,0,0,0,0,0,0,0,0,52.82,34,0.344,1,0,0,0,0,0,0,0,0,0,800,790,800,800,1090,1400,74,0.254,26.5,14.3,13.09,0,136.83,0,20,21,12.892,353.28,1,0.625,0.625,0.586,2.344,0.645,0.02,0,,,,40,0,0,0,0,0,0,0,0,0,0,7,0,0,7000,7000,29,242,1346,49,40,40,69,47,51,0,39321,199,120,123,188,149,135,26222,39321
11.040,0,792,21,84,52,14.7,13.69,0.931,1,0,0,0,14,312,2.536,1,20,136.67,0,0,0,0,1,0,0,0,0,0,0,0,0,0,0,52.82,34,0.344,1,0,0,0,0,0,0,0,0,0,800,790,800,800,1090,1400,74,0.254,26.5,14.3,13.09,0,136.67,0,20,21,12.892,353.28,1,0.625,0.625,0.586,2.344,0.645,0.02,0,,,,68,0,0,0,0,0,0,0,0,0,0,7,0,0,7000,7000,29,242,1346,49,40,40,68,47,51,0,39321,199,120,123,188,149,135,26222,39321
11.100,0,795,21,84,52,14.7,13.69,0.931,1,0,0,0,13,312,2.536,1,20,136.67,0,0,0,0,1,0,0,0,0,0,0,0,0,0,0,52.82,34,0.344,1,0,0,0,0,0,0,0,0,0,800,800,800,800,1090,1400,74,0.254,26.5,14.3,12.81,0,136.67,0,20,21,12.892,353.28,1,0.645,0.645,0.586,2.344,0.645,0.02,0,,,,44,0,0,0,0,0,0,0,0,0,0,7,0,0,7000,7000,29,242,1346,49,40,40,68,62,44,0,39321,199,120,123,188,149,135,26222,39321
11.160,0,797,21,84,52,14.7,13.69,0.931,1,0,0,0,13,312,2.536,1,20,136.5,0,0,0,0,1,0,0,0,0,0,0,0,0,0,0,52.82,34,0.344,1,0,0,0,0,0,0,0,0,0,800,800,800,800,1090,1400,74,0.254,26.5,14.3,12.86,0,136.5,0,20,21,12.819,353.28,1,0.625,0.625,0.586,2.324,0.645,0.02,0,,,,42,0,0,0,0,0,0,0,0,0,0,7,0,0,7000,7000,29,242,1346,56,49,42,68,62,44,0,39321,196,120,123,188,149,135,26222,39321
11.220,0,791,21,84,52,14.7,13.69,0.931,1,0,0,0,14,312,2.544,1,19,136.5,0,0,0,0,1,0,0,0,0,0,0,0,0,0,0,52.82,34,0.344,1,0,0,0,0,0,0,0,0,0,800,790,800,800,1090,1400,74,0.254,26.5,14.3,12.81,0,136.5,0,19,21,12.819,353.28,1,0.645,0.645,0.586,2.344,0.645,0.02,0,,,,51,0,0,0,0,0,0,0,0,0,0,7,0,0,7000,7000,29,242,1346,56,49,42,62,51,44,0,39321,196,120,123,188,149,135,26222,39321
11.280,0,795,21,84,52,14.7,13.72,0.933,1,0,0,0,13,312,2.544,1,20,136.5,0,0,0,0,1,0,0,0,0,0,0,0,0,0,0,52.82,34,0.344,1,0,0,0,0,0,0,0,0,0,800,800,800,800,1090,1400,74,0.254,26.5,14.3,12.75,0,136.5,0,20,21,12.819,353.28,1,0.625,0.625,0.586,2.324,0.645,0.02,0,,,,47,0,0,0,0,0,0,0,0,0,0,7,0,0,7000,7000,29,242,1346,47,47,42,62,51,47,0,39321,191,123,123,188,149,135,26222,39321
11.340,0,792,21,84,52,14.7,13.69,0.931,1,0,0,0,14,312,2.544,1,20,136.5,0,0,0,0,1,0,0,0,0,0,0,0,0,0,0,52.82,34,0.344,1,0,0,0,0,0,0,0,0,0,800,790,800,800,1090,1400,74,0.254,26.5,14.3,12.86,0,136.5,0,20,21,12.819,353.28,1,0.645,0.645,0.586,2.324,0.645,0.02,0,,,,62,0,0,0,0,0,0,0,0,0,0,7,0,0,7000,7000,29,242,1346,47,47,42,62,51,47,0,39321,191,123,120,188,149,135,26222,39321
11.400,0,789,21,84,52,14.7,13.69,0.931,1,0,0,0,14,312,2.544,1,19,136.5,0,0,0,0,1,0,0,0,0,0,0,0,0,0,0,52.82,34,0.344,1,0,0,0,0,0,0,0,0,0,800,790,800,800,1090,1400,74,0.254,26.5,14.3,12.81,0,136.5,0,19,21,12.819,353.28,1,0.625,0.625,0.586,2.324,0.645,0.02,0,,,,45,0,0,0,0,0,0,0,0,0,0,7,0,0,7000,7000,29,242,1346,47,47,42,62,45,45,0,39321,191,123,120,188,149,132,26222,39321
11.460,0,791,21,84,52,14.7,13.69,0.931,1,0,0,0,14,312,2.544,1,19,136.5,0,0,0,0,1,0,0,0,0,0,0,0,0,0,0,52.82,34,0.344,1,0,0,0,0,0,0,0,0,0,800,790,800,800,1090,1400,74,0.254,26.5,14.3,12.98,0,136.5,0,19,21,12.819,353.28,1,0.645,0.645,0.586,2.324,0.645,0.02,0,,,,45,0,0,0,0,0,0,0,0,0,0,7,0,0,7000,7000,29,242,1346,49,44,45,62,45,45,0,39321,188,123,120,188,149,132,26222,39321
11.520,0,793,21,84,53,14.7,13.72,0.933,1,0,0,0,14,312,2.544,1,19,136.5,0,0,0,0,1,0,0,0,0,0,0,0,0,0,0,52.82,34,0.344,1,0,0,0,0,0,0,0,0,0,800,790,800,800,1090,1400,75,0.254,26.5,14.3,13.03,0,136.5,0,19,21,12.819,353.28,1,0.645,0.645,0.586,2.324,0.645,0.02,0,,,,56,0,0,0,0,0,0,0,0,0,0,7,0,0,7000,7000,29,242,1346,49,44,45,69,56,45,0,39321,188,123,120,191,149,132,26222,39321
11.580,0,800,21,84,53,14.7,13.72,0.933,1,0,0,0,13,312,2.544,1,20,136.5,0,0,0,0,1,0,0,0,0,0,0,0,0,0,0,52.82,34,0.344,1,0,0,0,0,0,0,0,0,0,800,800,800,800,1090,1400,75,0.254,26.5,14.3,13.09,0,136.5,0,20,21,12.819,353.28,1,0.625,0.625,0.586,2.324,0.645,0.02,0,,,,68,0,0,0,0,0,0,0,0,0,0,7,0,0,7000,7000,29,242,1346,68,44,45,69,56,47,0,39321,188,123,120,191,149,132,26222,39321
11.640,0,805,21,84,53,14.7,13.72,0.933,1,0,0,0,12.5,312,2.536,1,20,136.5,0,0,0,0,1,0,0,0,0,0,0,0,0,0,0,52.82,34,0.344,1,0,0,0,0,0,0,0,0,0,800,810,800,800,1090,1400,75,0.254,26.5,14.3,13.09,0,136.5,0,20,21,12.892,353.28,1,0.625,0.625,0.586,2.324,0.645,0.02,0,,,,71,0,0,0,0,0,0,0,0,0,0,7,0,0,7000,7000,29,242,1346,68,40,40,71,56,47,0,39321,188,123,118,194,149,132,26222,39321
11.700,0,804,21,84,53,14.7,13.72,0.933,1,0,0,0,13,312,2.536,1,20,136.5,0,0,0,0,1,0,0,0,0,0,0,0,0,0,0,52.82,34,0.344,1,0,0,0,0,0,0,0,0,0,800,800,800,800,1090,1400,75,0.254,26.5,14.3,13.15,0,136.5,0,20,21,12.892,353.28,1,0.625,0.625,0.586,2.324,0.645,0.02,0,,,,45,0,0,0,0,0,0,0,0,0,0,7,0,0,7000,7000,29,242,1346,68,40,40,71,45,45,0,39321,188,123,118,194,146,132,26222,39321
11.760,0,808,21,84,53,14.7,13.69,0.931,1,0,0,0,12.5,312,2.536,1,20,136.33,0,0,0,0,1,0,0,0,0,0,0,0,0,0,0,52.6,34,0.344,1,0,0,0,0,0,0,0,0,0,800,810,800,800,1090,1400,75,0.254,26.5,14.3,12.92,0,136.33,0,20,21,12.892,353.28,1,0.625,0.625,0.586,2.324,0.645,0.02,0,,,,42,0,0,0,0,0,0,0,0,0,0,7,0,0,7000,7000,29,242,1346,62,45,42,71,45,45,0,39321,188,123,118,194,146,132,26222,39321
11.819,0,809,21,84,53,14.7,13.69,0.931,1,0,0,0,12.5,312,2.544,1,20,136.33,0,0,0,0,1,0,0,0,0,0,0,0,0,0,0,52.6,34,0.344,1,0,0,0,0,0,0,0,0,0,800,810,800,800,1090,1400,75,0.254,26.5,14.3,12.98,0,136.33,0,20,21,12.819,353.28,1,0.645,0.645,0.586,2.324,0.645,0.02,0,,,,49,0,0,0,0,0,0,0,0,0,0,7,0,0,7000,7000,29,242,1346,62,45,42,76,49,45,0,39321,188,123,118,194,146,132,26222,39321
11.879,0,807,21,84,53,14.7,13.69,0.931,1,0,0,0,12.5,312,2.536,1,20,136.17,0,0,0,0,1,0,0,0,0,0,0,0,0,0,0,52.6,34,0.344,1,0,0,0,0,0,0,0,0,0,800,810,800,800,1090,1400,75,0.254,26.5,14.3,12.92,0,136.17,0,20,21,12.819,353.28,1,0.625,0.625,0.586,2.324,0.645,0.02,0,,,,44,0,0,0,0,0,0,0,0,0,0,7,0,0,7000,7000,29,242,1346,66,44,42,76,49,47,0,39321,188,123,118,194,146,132,26222,39321
11.940,0,799,21,84,53,14.7,13.69,0.931,1,0,0,0,13,312,2.536,1,20,136,0,0,0,0,1,0,0,0,0,0,0,0,0,0,0,52.6,34,0.344,1,0,0,0,0,0,0,0,0,0,800,800,800,800,1090,1400,75,0.254,26.5,14.3,12.98,0,136,0,20,21,12.819,353.28,1,0.625,0.625,0.586,2.324,0.645,0.02,0,,,,66,0,0,0,0,0,0,0,0,0,0,7,0,0,7000,7000,29,242,1346,66,44,39,66,49,47,0,39321,188,123,118,191,146,132,26222,39321
12.000,0,794,21,84,53,14.7,13.69,0.931,1,0,0,0,14,312,2.536,1,19,136,0,0,0,0,1,0,0,0,0,0,0,0,0,0,0,52.6,34,0.344,1,0,0,0,0,0,0,0,0,0,800,790,800,800,1090,1400,75,0.254,26.5,14.3,12.92,0,136,0,19,21,12.819,353.28,1,0.645,0.645,0.586,2.324,0.645,0.02,0,,,,40,0,0,0,0,0,0,0,0,0,0,7,0,0,7000,7000,29,242,1346,66,44,39,66,44,40,0,39321,188,123,118,191,146,132,26222,39321
12.059,0,797,21,84,53,14.7,13.63,0.927,1,0,0,0,13,312,2.536,1,20,136,0,0,0,0,1,0,0,0,0,0,0,0,0,0,0,52.6,34,0.344,1,0,0,0,0,0,0,0,0,0,800,800,800,800,1090,1400,75,0.254,26.5,14.3,13.09,0,136,0,20,21,12.819,353.28,1,0.625,0.625,0.586,2.324,0.645,0.02,0,,,,42,0,0,0,0,0,0,0,0,0,0,7,0,0,7000,7000,29,242,1346,57,44,42,66,44,40,0,39321,185,123,118,191,146,132,26222,39321
12.119,0,796,21,84,53,14.7,13.63,0.927,1,0,0,0,13,312,2.536,1,19,136,0,0,0,0,1,0,0,0,0,0,0,0,0,0,0,52.6,34,0.344,1,0,0,0,0,0,0,0,0,0,800,800,800,800,1090,1400,75,0.254,26.5,14.3,13.03,0,136,0,19,21,12.819,353.28,1,0.645,0.645,0.586,2.324,0.645,0.02,0,,,,47,0,0,0,0,0,0,0,0,0,0,7,0,0,7000,7000,29,242,1346,57,44,42,71,47,40,0,39321,185,123,118,191,146,132,26222,39321
12.179,0,795,21,84,53,14.7,13.63,0.927,1,0,0,0,13,312,2.536,1,19,136.17,0,0,0,0,1,0,0,0,0,0,0,0,0,0,0,52.6,34,0.344,1,0,0,0,0,0,0,0,0,0,800,800,800,800,1090,1400,75,0.254,26.5,14.3,12.92,0,136.17,0,19,21,12.819,353.28,1,0.625,0.625,0.586,2.324,0.645,0.02,0,,,,39,0,0,0,0,0,0,0,0,0,0,7,0,0,7000,7000,29,242,1346,52,39,42,71,47,44,0,39321,182,120,118,191,146,132,26222,39321
12.239,0,792,21,84,53,14.7,13.63,0.927,1,0,0,0,14,312,2.536,1,19,136.17,0,0,0,0,1,0,0,0,0,0,0,0,0,0,0,52.82,34,0.344,1,0,0,0,0,0,0,0,0,0,800,790,800,800,1090,1400,75,0.254,26.5,14.3,12.92,0,136.17,0,19,21,12.819,353.28,1,0.625,0.625,0.586,2.324,0.645,0.02,0,,,,68,0,0,0,0,0,0,0,0,0,0,7,0,0,7000,7000,29,242,1346,52,39,45,68,47,44,0,39321,182,120,120,191,146,132,26222,39321
12.299,0,793,21,84,53,14.7,13.63,0.927,1,0,0,0,14,312,2.536,1,19,136.33,0,0,0,0,1,0,0,0,0,0,0,0,0,0,0,52.82,34,0.344,1,0,0,0,0,0,0,0,0,0,800,790,800,800,1090,1400,75,0.254,26.5,14.3,12.92,0,136.33,0,19,21,12.892,353.28,1,0.625,0.625,0.586,2.324,0.645,0.02,0,,,,40,0,0,0,0,0,0,0,0,0,0,7,0,0,7000,7000,29,242,1346,52,39,45,68,42,40,0,39321,182,120,120,191,143,132,26222,39321
12.359,0,801,21,84,53,14.7,13.63,0.927,1,0,0,0,13,312,2.528,1,20,136.17,0,0,0,0,1,0,0,0,0,0,0,0,0,0,0,52.6,34,0.344,1,0,0,0,0,0,0,0,0,0,800,800,800,800,1090,1400,75,0.254,26.5,14.3,12.92,0,136.17,0,20,21,12.892,353.28,1,0.625,0.625,0.586,2.324,0.645,0.02,0,,,,42,0,0,0,0,0,0,0,0,0,0,7,0,0,7000,7000,29,242,1346,45,42,42,68,42,40,0,39321,177,120,120,191,143,132,26222,39321
12.419,0,807,21,84,53,14.7,13.63,0.927,1,0,0,0,12.5,312,2.528,1,20,136.17,0,0,0,0,1,0,0,0,0,0,0,0,0,0,0,52.6,34,0.344,1,0,0,0,0,0,0,0,0,0,800,810,800,800,1090,1400,75,0.254,26.5,14.3,12.75,0,136.17,0,20,21,12.892,353.28,1,0.645,0.645,0.586,2.324,0.645,0.02,0,,,,42,0,0,0,0,0,0,0,0,0,0,7,0,0,7000,7000,29,242,1346,45,42,42,64,42,40,0,39321,177,120,120,191,140,132,26222,39321
12.479,0,807,21,84,53,14.7,13.6,0.925,1,0,0,0,12.5,312,2.528,1,20,136,0,0,0,0,1,0,0,0,0,0,0,0,0,0,0,52.6,34,0.344,1,0,0,0,0,0,0,0,0,0,800,810,800,800,1090,1400,75,0.254,26.5,14.3,12.75,0,136,0,20,21,12.819,353.28,1,0.625,0.625,0.586,2.324,0.645,0.02,0,,,,45,0,0,0,0,0,0,0,0,0,0,7,0,0,7000,7000,29,242,1346,66,45,42,64,42,45,0,39321,177,123,120,191,140,132,26222,39321
12.539,0,803,21,84,53,14.7,13.63,0.927,1,0,0,0,13,312,2.536,1,20,136,0,0,0,0,1,0,0,0,0,0,0,0,0,0,0,52.6,34,0.344,1,0,0,0,0,0,0,0,0,0,800,800,800,800,1090,1400,75,0.254,26.5,14.3,12.75,0,136,0,20,21,12.819,353.28,1,0.625,0.625,0.586,2.324,0.645,0.02,0,,,,68,0,0,0,0,0,0,0,0,0,0,7,0,0,7000,7000,29,242,1346,66,45,39,68,42,45,0,39321,177,123,118,191,140,132,26222,39321
12.599,0,803,21,84,53,14.7,13.63,0.927,1,0,0,0,13,312,2.536,1,20,136,0,0,0,0,1,0,0,0,0,0,0,0,0,0,0,52.6,34,0.344,1,0,0,0,0,0,0,0,0,0,800,800,800,800,1090,1400,75,0.254,26.5,14.3,12.86,0,136,0,20,21,12.819,353.28,1,0.625,0.625,0.586,2.324,0.645,0.02,0,,,,47,0,0,0,0,0,0,0,0,0,0,7,0,0,7000,7000,29,242,1346,66,45,39,68,44,47,0,39321,177,123,118,191,140,132,26222,39321
12.659,0,801,21,84,53,14.7,13.6,0.925,1,0,0,0,13,312,2.536,1,20,136,0,0,0,0,1,0,0,0,0,0,0,0,0,0,0,52.6,34,0.344,1,0,0,0,0,0,0,0,0,0,800,800,800,800,1090,1400,75,0.254,26.5,14.3,12.75,0,136,0,20,21,12.819,353.28,1,0.625,0.625,0.586,2.324,0.645,0.02,0,,,,40,0,0,0,0,0,0,0,0,0,0,7,0,0,7000,7000,29,242,1346,59,47,40,68,44,47,0,39321,177,123,118,191,140,132,26222,39321
12.719,0,800,21,84,53,14.7,13.6,0.925,1,0,0,0,13,312,2.536,1,20,136,0,0,0,0,1,0,0,0,0,0,0,0,0,0,0,52.6,34,0.344,1,0,0,0,0,0,0,0,0,0,800,800,800,800,1090,1400,75,0.254,26.5,14.3,13.03,0,136,0,20,21,12.819,353.28,1,0.645,0.645,0.586,2.324,0.645,0.02,0,,,,39,0,0,0,0,0,0,0,0,0,0,7,0,0,7000,7000,29,242,1346,59,47,40,76,39,47,0,39321,177,123,118,191,140,132,26222,39321
12.779,0,798,21,84,53,14.7,13.6,0.925,1,0,0,0,13,312,2.536,1,20,136,0,0,0,0,1,0,0,0,0,0,0,0,0,0,0,52.6,34,0.344,1,0,0,0,0,0,0,0,0,0,800,800,800,800,1090,1400,75,0.254,26.5,14.3,13.03,0,136,0,20,21,12.819,353.28,1,0.625,0.625,0.586,2.324,0.645,0.02,0,,,,47,0,0,0,0,0,0,0,0,0,0,7,0,0,7000,7000,29,242,1346,66,47,40,76,39,45,0,39321,180,123,118,191,140,129,26222,39321
12.839,0,799,21,84,53,14.7,13.6,0.925,1,0,0,0,13,312,2.536,1,20,136,0,0,0,0,1,0,0,0,0,0,0,0,0,0,0,52.6,34,0.344,1,0,0,0,0,0,0,0,0,0,800,800,800,800,1090,1400,75,0.254,26.5,14.3,13.03,0,136,0,20,21,12.819,353.28,1,0.625,0.625,0.586,2.324,0.645,0.02,0,,,,73,0,0,0,0,0,0,0,0,0,0,7,0,0,7000,7000,29,242,1346,66,47,40,73,39,45,0,39321,180,123,118,191,140,129,26222,39321
12.899,0,798,21,84,53,14.7,13.6,0.925,1,0,0,0,13,312,2.536,1,20,136,0,0,0,0,1,0,0,0,0,0,0,0,0,0,0,52.6,34,0.344,1,0,0,0,0,0,0,0,0,0,800,800,800,800,1090,1400,75,0.254,26.5,14.3,13.03,0,136,0,20,21,12.819,353.28,1,0.625,0.625,0.586,2.324,0.645,0.02,0,,,,47,0,0,0,0,0,0,0,0,0,0,7,0,0,7000,7000,29,242,1346,66,47,40,73,47,47,0,39321,180,123,118,191,140,129,26222,39321
12.959,0,797,21,84,53,14.7,13.6,0.925,1,0,0,0,13,312,2.528,1,20,136,0,0,0,0,1,0,0,0,0,0,0,0,0,0,0,52.6,34,0.344,1,0,0,0,0,0,0,0,0,0,800,800,800,800,1090,1400,75,0.254,26.5,14.3,13.03,0,136,0,20,21,12.892,353.28,1,0.625,0.625,0.586,2.324,0.645,0.02,0,,,,40,0,0,0,0,0,0,0,0,0,0,7,0,0,7000,7000,29,242,1346,47,52,40,73,47,47,0,39321,177,123,118,191,140,129,26222,39321
13.019,0,796,21,84,53,14.7,13.6,0.925,1,0,0,0,13,312,2.528,1,19,136,0,0,0,0,1,0,0,0,0,0,0,0,0,0,0,52.6,34,0.344,1,0,0,0,0,0,0,0,0,0,800,800,800,800,1090,1400,75,0.254,26.5,14.3,13.03,0,136,0,19,21,12.892,353.28,1,0.645,0.645,0.586,2.324,0.645,0.02,0,,,,44,0,0,0,0,0,0,0,0,0,0,7,0,0,7000,7000,29,242,1346,47,52,40,62,44,47,0,39321,177,123,118,191,137,129,26222,39321
13.079,0,800,21,84,53,14.7,13.63,0.927,1,0,0,0,13,312,2.536,1,20,136.17,0,0,0,0,1,0,0,0,0,0,0,0,0,0,0,52.6,34,0.344,1,0,0,0,0,0,0,0,0,0,800,800,800,800,1090,1400,75,0.254,26.5,14.3,12.86,0,136.17,0,20,21,12.819,353.28,1,0.625,0.625,0.586,2.324,0.645,0.02,0,,,,47,0,0,0,0,0,0,0,0,0,0,7,0,0,7000,7000,29,242,1346,62,47,40,62,44,42,0,39321,177,123,118,191,137,129,26222,39321
13.139,0,793,21,84,53,14.7,13.63,0.927,1,0,0,0,14,312,2.536,1,20,136.17,0,0,0,0,1,0,0,0,0,0,0,0,0,0,0,52.82,34,0.344,1,0,0,0,0,0,0,0,0,0,800,790,800,800,1090,1400,75,0.254,26.5,14.3,12.86,0,136.17,0,20,21,12.819,353.28,1,0.625,0.625,0.586,2.324,0.645,0.02,0,,,,56,0,0,0,0,0,0,0,0,0,0,7,0,0,7000,7000,29,242,1346,62,47,39,56,44,42,0,39321,177,123,118,188,137,129,26222,39321
13.199,0,793,21,84,53,14.7,13.63,0.927,1,0,0,0,14,312,2.536,1,19,136.17,0,0,0,0,1,0,0,0,0,0,0,0,0,0,0,52.6,34,0.344,1,0,0,0,0,0,0,0,0,0,800,790,800,800,1090,1400,75,0.254,26.5,14.3,12.86,0,136.17,0,19,21,12.819,353.28,1,0.625,0.625,0.586,2.324,0.645,0.02,0,,,,44,0,0,0,0,0,0,0,0,0,0,7,0,0,7000,7000,29,242,1346,62,47,39,56,51,44,0,39321,177,123,118,188,137,129,26222,39321
13.259,0,791,21,84,53,14.7,13.63,0.927,1,0,0,0,14,312,2.536,1,19,136,0,0,0,0,1,0,0,0,0,0,0,0,0,0,0,52.6,34,0.344,1,0,0,0,0,0,0,0,0,0,800,790,800,800,1090,1400,75,0.254,26.5,14.3,12.81,0,136,0,19,21,12.819,353.28,1,0.645,0.645,0.586,2.324,0.645,0.02,0,,,,40,0,0,0,0,0,0,0,0,0,0,7,0,0,7000,7000,29,242,1346,54,51,40,56,51,44,0,39321,177,123,118,188,137,129,26222,39321
13.319,0,792,21,84,53,14.7,13.6,0.925,1,0,0,0,14,312,2.544,1,19,136.33,0,0,0,0,1,0,0,0,0,0,0,0,0,0,0,52.82,34,0.344,1,0,0,0,0,0,0,0,0,0,800,790,800,800,1090,1400,75,0.254,26.5,14.3,12.75,0,136.33,0,19,21,12.819,353.28,1,0.645,0.645,0.586,2.324,0.645,0.02,0,,,,49,0,0,0,0,0,0,0,0,0,0,7,0,0,7000,7000,29,242,1346,54,51,40,66,49,44,0,39321,177,123,118,188,137,129,26222,39321
13.379,0,791,21,84,53,14.7,13.6,0.925,1,0,0,0,14,312,2.544,1,19,136.33,0,0,0,0,1,0,0,0,0,0,0,0,0,0,0,52.82,34,0.344,1,0,0,0,0,0,0,0,0,0,800,790,800,800,1090,1400,75,0.254,26.5,14.3,12.86,0,136.33,0,19,21,12.819,353.28,1,0.625,0.625,0.586,2.324,0.645,0.02,0,,,,61,0,0,0,0,0,0,0,0,0,0,7,0,0,7000,7000,29,242,1346,61,51,40,66,49,44,0,39321,177,123,118,188,137,129,26222,39321
13.439,0,793,21,84,53,14.7,13.63,0.927,1,0,0,0,14,312,2.544,1,19,136.5,0,0,0,0,1,0,0,0,0,0,0,0,0,0,0,52.82,34,0.344,1,0,0,0,0,0,0,0,0,0,800,790,800,800,1090,1400,75,0.254,26.5,14.3,12.92,0,136.5,0,19,21,12.819,353.28,1,0.645,0.645,0.586,2.324,0.645,0.02,0,,,,73,0,0,0,0,0,0,0,0,0,0,7,0,0,7000,7000,29,242,1346,61,52,49,73,49,44,0,39321,177,123,120,188,137,129,26222,39321
13.499,0,796,21,84,53,14.7,13.63,0.927,1,0,0,0,13,312,2.544,1,20,136.5,0,0,0,0,1,0,0,0,0,0,0,0,0,0,0,52.82,34,0.344,1,0,0,0,0,0,0,0,0,0,800,800,800,800,1090,1400,75,0.254,26.5,14.3,12.86,0,136.5,0,20,21,12.819,353.28,1,0.645,0.645,0.586,2.324,0.645,0.02,0,,,,47,0,0,0,0,0,0,0,0,0,0,7,0,0,7000,7000,29,242,1346,61,52,49,73,44,47,0,39321,177,123,120,188,137,129,26222,39321
13.559,0,799,21,84,53,14.7,13.69,0.931,1,0,0,0,13,312,2.544,1,20,136.5,0,0,0,0,1,0,0,0,0,0,0,0,0,0,0,52.82,34,0.344,1,0,0,0,0,0,0,0,0,0,800,800,800,800,1090,1400,75,0.254,26.5,14.3,12.98,0,136.5,0,20,21,12.819,353.28,1,0.625,0.625,0.586,2.324,0.645,0.02,0,,,,44,0,0,0,0,0,0,0,0,0,0,7,0,0,7000,7000,29,242,1346,51,59,44,73,44,47,0,39321,174,126,120,188,137,129,26222,39321
13.619,0,801,21,84,53,14.7,13.69,0.931,1,0,0,0,13,312,2.536,1,20,136.5,0,0,0,0,1,0,0,0,0,0,0,0,0,0,0,52.82,34,0.344,1,0,0,0,0,0,0,0,0,0,800,800,800,800,1090,1400,75,0.254,26.5,14.3,13.03,0,136.5,0,20,21,12.892,353.28,1,0.625,0.625,0.586,2.324,0.645,0.02,0,,,,40,0,0,0,0,0,0,0,0,0,0,7,0,0,7000,7000,29,242,1346,51,59,44,64,40,47,0,39321,174,126,120,188,135,129,26222,39321
13.679,0,803,21,84,53,14.7,13.69,0.931,1,0,0,0,13,312,2.536,1,20,136.33,0,0,0,0,1,0,0,0,0,0,0,0,0,0,0,52.6,34,0.344,1,0,0,0,0,0,0,0,0,0,800,800,800,800,1090,1400,75,0.254,26.5,14.3,12.92,0,136.33,0,20,21,12.819,353.28,1,0.625,0.625,0.586,2.324,0.645,0.02,0,,,,52,0,0,0,0,0,0,0,0,0,0,7,0,0,7000,7000,29,242,1346,52,59,44,64,40,45,0,39321,174,126,120,188,135,129,26222,39321
13.739,0,794,21,84,53,14.7,13.72,0.933,1,0,0,0,14,312,2.536,1,20,136.17,0,0,0,0,1,0,0,0,0,0,0,0,0,0,0,52.6,34,0.344,1,0,0,0,0,0,0,0,0,0,800,790,800,800,1090,1400,75,0.254,26.5,14.3,13.03,0,136.17,0,20,21,12.819,353.28,1,0.625,0.625,0.586,2.324,0.645,0.02,0,,,,71,0,0,0,0,0,0,0,0,0,0,7,0,0,7000,7000,29,242,1346,52,51,49,71,40,45,0,39321,174,126,120,191,135,129,26222,39321
13.799,0,787,21,84,53,14.7,13.72,0.933,1,0,0,0,14,312,2.544,1,19,136.33,0,0,0,0,1,0,0,0,0,0,0,0,0,0,0,52.82,34,0.344,1,0,0,0,0,0,0,0,0,0,800,790,800,800,1090,1400,75,0.254,26.5,14.3,12.92,0,136.33,0,19,21,12.819,353.28,1,0.645,0.645,0.586,2.324,0.645,0.02,0,,,,47,0,0,0,0,0,0,0,0,0,0,7,0,0,7000,7000,29,242,1346,52,51,49,71,39,47,0,39321,174,126,120,191,132,129,26222,39321
13.859,0,783,21,84,53,14.7,13.69,0.931,1,0,0,0,15,312,2.544,1,19,136.5,0,0,0,0,1,0,0,0,0,0,0,0,0,0,0,52.82,34,0.344,1,0,0,0,0,0,0,0,0,0,800,780,800,800,1090,1400,75,0.254,26.5,14.3,12.86,0,136.5,0,19,21,12.819,353.28,1,0.645,0.645,0.586,2.324,0.645,0.02,0,,,,45,0,0,0,0,0,0,0,0,0,0,7,0,0,7000,7000,29,242,1346,61,45,49,71,39,47,0,39321,174,126,120,191,132,129,26222,39321
13.919,0,777,21,84,53,14.7,13.69,0.931,1,0,0,0,15,312,2.544,1,19,136.5,0,0,0,0,1,0,0,0,0,0,0,0,0,0,0,52.82,34,0.344,1,0,0,0,0,0,0,0,0,0,760,780,800,800,1090,1400,75,0.25,26,14.3,12.98,0,136.5,0,19,21,12.819,353.28,1,0.645,0.645,0.586,2.324,0.645,0.02,0,,,,40,0,0,0,0,0,0,0,0,0,0,7,0,0,7000,7000,29,242,1346,61,45,54,81,40,47,0,39321,174,126,123,194,129,129,26222,39321
13.979,0,779,21,84,53,14.7,13.69,0.931,1,0,0,0,15,312,2.544,1,19,136.67,0,0,0,0,1,0,0,0,0,0,0,0,0,0,0,53.05,34,0.344,1,0,0,0,0,0,0,0,0,0,760,780,800,800,1090,1400,75,0.25,26,14.3,13.09,0,136.67,0,19,21,12.819,353.28,1,0.645,0.645,0.586,2.305,0.645,0.02,0,,,,68,0,0,0,0,0,0,0,0,0,0,7,0,0,7000,7000,29,242,1346,68,45,54,81,40,43,0,39321,174,126,123,194,129,129,26222,39321
14.039,0,777,21,84,53,14.7,13.63,0.927,1,0,0,0,15,312,2.544,1,19,136.83,0,0,0,0,1,0,0,0,0,0,0,0,0,0,0,53.05,34,0.344,1,0,0,0,0,0,0,0,0,0,760,780,800,800,1090,1400,75,0.25,26,14.3,13.09,0,136.83,0,19,21,12.819,353.28,1,0.645,0.645,0.586,2.305,0.645,0.02,0,,,,43,0,0,0,0,0,0,0,0,0,0,7,0,0,7000,7000,29,242,1346,68,46,43,81,40,43,0,39321,174,126,123,194,129,129,26222,39321
14.099,0,781,21,84,53,14.7,13.6,0.925,1,0,0,0,15,312,2.552,1,19,137,0,0,0,0,1,0,0,0,0,0,0,0,0,0,0,53.05,34,0.344,1,0,0,0,0,0,0,0,0,0,800,780,800,800,1090,1400,75,0.25,26.5,14.3,13.09,0,137,0,19,21,12.819,353.28,1,0.645,0.645,0.586,2.305,0.645,0.02,0,,,,36,0,0,0,0,0,0,0,0,0,0,7,0,0,7000,7000,29,242,1346,68,46,43,60,49,36,0,39321,174,126,123,194,129,126,26222,39321
14.159,0,787,21,84,53,14.7,13.6,0.925,1,0,0,0,14,312,2.552,1,19,137,0,0,0,0,1,0,0,0,0,0,0,0,0,0,0,53.05,34,0.344,1,0,0,0,0,0,0,0,0,0,800,790,800,800,1090,1400,75,0.254,26.5,14.3,13.03,0,137,0,19,21,12.819,353.28,1,0.645,0.645,0.586,2.305,0.645,0.02,0,,,,49,0,0,0,0,0,0,0,0,0,0,7,0,0,7000,7000,29,242,1346,78,49,43,60,49,36,0,39321,177,129,123,194,129,126,26222,39321
14.219,0,791,21,84,53,14.7,13.6,0.925,1,0,0,0,14,312,2.552,1,20,137,0,0,0,0,1,0,0,0,0,0,0,0,0,0,0,53.05,34,0.344,1,0,0,0,0,0,0,0,0,0,800,790,800,800,1090,1400,75,0.254,26.5,14.3,12.98,0,137,0,20,21,12.819,353.28,1,0.625,0.625,0.586,2.305,0.645,0.02,0,,,,44,0,0,0,0,0,0,0,0,0,0,7,0,0,7000,7000,29,242,1346,78,49,56,69,44,36,0,39321,177,129,123,194,129,126,26222,39321
14.279,0,796,21,84,53,14.7,13.6,0.925,1,0,0,0,13,312,2.552,1,20,137,0,0,0,0,1,0,0,0,0,0,0,0,0,0,0,53.05,34,0.344,1,0,0,0,0,0,0,0,0,0,800,800,800,800,1090,1400,75,0.254,26.5,14.3,13.03,0,137,0,20,21,12.819,353.28,1,0.625,0.625,0.586,2.305,0.645,0.02,0,,,,61,0,0,0,0,0,0,0,0,0,0,7,0,0,7000,7000,29,242,1346,61,49,56,69,44,51,0,39321,174,129,123,194,129,129,26222,39321
14.339,0,796,21,84,53,14.7,13.63,0.927,1,0,0,0,13,312,2.544,1,20,136.83,0,0,0,0,1,0,0,0,0,0,0,0,0,0,0,53.05,34,0.344,1,0,0,0,0,0,0,0,0,0,800,800,800,800,1090,1400,75,0.254,26.5,14.3,12.81,0,136.83,0,20,21,12.819,353.28,1,0.645,0.645,0.586,2.305,0.645,0.02,0,,,,57,0,0,0,0,0,0,0,0,0,0,7,0,0,7000,7000,29,242,1346,61,47,57,69,44,51,0,39321,174,132,123,194,129,129,26222,39321
14.399,0,792,21,84,53,14.7,13.63,0.927,1,0,0,0,14,312,2.544,1,20,136.83,0,0,0,0,1,0,0,0,0,0,0,0,0,0,0,52.82,34,0.344,1,0,0,0,0,0,0,0,0,0,800,790,800,800,1090,1400,75,0.254,26.5,14.3,12.81,0,136.83,0,20,21,12.819,353.28,1,0.625,0.625,0.586,2.305,0.645,0.02,0,,,,42,0,0,0,0,0,0,0,0,0,0,7,0,0,7000,7000,29,242,1346,61,47,57,62,42,42,0,39321,174,132,123,194,129,126,26222,39321
14.459,0,794,21,84,53,14.7,13.69,0.931,1,0,0,0,14,312,2.544,1,20,136.67,0,0,0,0,1,0,0,0,0,0,0,0,0,0,0,52.82,34,0.344,1,0,0,0,0,0,0,0,0,0,800,790,800,800,1090,1400,75,0.254,26.5,14.3,12.86,0,136.67,0,20,21,12.819,353.28,1,0.645,0.645,0.586,2.305,0.645,0.02,0,,,,49,0,0,0,0,0,0,0,0,0,0,7,0,0,7000,7000,29,242,1346,66,49,57,62,42,42,0,39321,177,132,123,194,129,126,26222,39321
14.520,0,797,21,84,53,14.7,13.69,0.931,1,0,0,0,13,312,2.544,1,20,136.5,0,0,0,0,1,0,0,0,0,0,0,0,0,0,0,52.82,34,0.344,1,0,0,0,0,0,0,0,0,0,800,800,800,800,1090,1400,75,0.254,26.5,14.3,12.75,0,136.5,0,20,21,12.819,353.28,1,0.645,0.645,0.586,2.305,0.645,0.02,0,,,,57,0,0,0,0,0,0,0,0,0,0,7,0,0,7000,7000,29,242,1346,66,49,47,73,57,42,0,39321,177,132,123,194,132,126,26222,39321
14.580,0,803,21,84,53,14.7,13.69,0.931,1,0,0,0,13,312,2.544,1,20,136.5,0,0,0,0,1,0,0,0,0,0,0,0,0,0,0,52.82,34,0.344,1,0,0,0,0,0,0,0,0,0,800,800,800,800,1090,1400,75,0.254,26.5,14.3,12.81,0,136.5,0,20,21,12.819,353.28,1,0.625,0.625,0.586,2.305,0.645,0.02,0,,,,66,0,0,0,0,0,0,0,0,0,0,7,0,0,7000,7000,29,242,1346,66,49,47,73,57,47,0,39321,177,132,123,194,132,126,26222,39321
14.640,0,800,21,84,53,14.7,13.69,0.931,1,0,0,0,13,312,2.544,1,20,136.5,0,0,0,0,1,0,0,0,0,0,0,0,0,0,0,52.82,34,0.344,1,0,0,0,0,0,0,0,0,0,800,800,800,800,1090,1400,75,0.254,26.5,14.3,12.98,0,136.5,0,20,21,12.819,353.28,1,0.645,0.645,0.586,2.305,0.645,0.02,0,,,,62,0,0,0,0,0,0,0,0,0,0,7,0,0,7000,7000,29,242,1346,66,44,62,73,57,47,0,39321,177,132,126,194,132,126,26222,39321
14.700,0,796,21,84,53,14.7,13.69,0.931,1,0,0,0,13,312,2.544,1,20,136.5,0,0,0,0,1,0,0,0,0,0,0,0,0,0,0,52.82,34,0.344,1,0,0,0,0,0,0,0,0,0,800,800,800,800,1090,1400,75,0.254,26.5,14.3,12.98,0,136.5,0,20,21,12.819,353.28,1,0.625,0.625,0.586,2.305,0.645,0.02,0,,,,45,0,0,0,0,0,0,0,0,0,0,7,0,0,7000,7000,29,242,1346,66,44,62,64,42,45,0,39321,177,132,126,194,132,126,26222,39321
14.760,0,798,21,84,53,14.7,13.69,0.931,1,0,0,0,13,312,2.544,1,20,136.5,0,0,0,0,1,0,0,0,0,0,0,0,0,0,0,52.82,34,0.344,1,0,0,0,0,0,0,0,0,0,800,800,800,800,1090,1400,75,0.254,26.5,14.3,12.98,0,136.5,0,20,21,12.819,353.28,1,0.645,0.645,0.586,2.305,0.645,0.02,0,,,,42,0,0,0,0,0,0,0,0,0,0,7,0,0,7000,7000,29,242,1346,49,42,62,64,42,45,0,39321,174,129,126,194,132,126,26222,39321
14.820,0,799,21,84,53,14.7,13.69,0.931,1,0,0,0,13,312,2.544,1,20,136.5,0,0,0,0,1,0,0,0,0,0,0,0,0,0,0,52.82,34,0.344,1,0,0,0,0,0,0,0,0,0,800,800,800,800,1090,1400,75,0.254,26.5,14.3,12.98,0,136.5,0,20,21,12.819,353.28,1,0.625,0.625,0.586,2.305,0.645,0.02,0,,,,79,0,0,0,0,0,0,0,0,0,0,7,0,0,7000,7000,29,242,1346,49,42,56,79,42,45,0,39321,174,129,129,196,132,126,26222,39321
14.880,0,803,21,84,53,14.7,13.69,0.931,1,0,0,0,13,312,2.544,1,20,136.5,0,0,0,0,1,0,0,0,0,0,0,0,0,0,0,52.6,34,0.344,1,0,0,0,0,0,0,0,0,0,800,800,800,800,1090,1400,75,0.254,26.5,14.3,13.21,0,136.5,0,20,21,12.819,353.28,1,0.625,0.625,0.586,2.305,0.645,0.02,0,,,,56,0,0,0,0,0,0,0,0,0,0,7,0,0,7000,7000,29,242,1346,56,42,56,79,42,44,0,39321,174,129,129,196,129,126,26222,39321
14.940,0,798,21,84,53,14.7,13.69,0.931,1,0,0,0,13,312,2.536,1,20,136.17,0,0,0,0,1,0,0,0,0,0,0,0,0,0,0,52.6,34,0.344,1,0,0,0,0,0,0,0,0,0,800,800,800,800,1090,1400,75,0.254,26.5,14.3,13.09,0,136.17,0,20,21,12.819,353.28,1,0.645,0.645,0.586,2.305,0.645,0.02,0,,,,49,0,0,0,0,0,0,0,0,0,0,7,0,0,7000,7000,29,242,1346,56,40,49,79,42,44,0,39321,174,129,129,196,129,126,26222,39321
15.000,0,799,21,84,53,14.7,13.69,0.931,1,0,0,0,13,312,2.536,1,20,136.17,0,0,0,0,1,0,0,0,0,0,0,0,0,0,0,52.6,34,0.344,1,0,0,0,0,0,0,0,0,0,800,800,800,800,1090,1400,75,0.254,26.5,14.3,13.03,0,136.17,0,20,21,12.819,353.28,1,0.625,0.625,0.586,2.305,0.645,0.02,0,,,,49,0,0,0,0,0,0,0,0,0,0,7,0,0,7000,7000,29,242,1346,56,40,49,76,44,49,0,39321,174,129,129,196,129,126,26222,39321
15.060,0,800,21,84,53,14.7,13.69,0.931,1,0,0,0,13,312,2.536,1,20,136,0,0,0,0,1,0,0,0,0,0,0,0,0,0,0,52.6,34,0.344,1,0,0,0,0,0,0,0,0,0,800,800,800,800,1090,1400,75,0.254,26.5,14.3,12.98,0,136,0,20,21,12.819,353.28,1,0.645,0.645,0.586,2.305,0.645,0.02,0,,,,35,0,0,0,0,0,0,0,0,0,0,7,0,0,7000,7000,29,242,1346,66,35,49,76,44,49,0,39321,174,129,129,196,129,126,26222,39321
15.120,0,791,21,84,53,14.7,13.69,0.931,1,0,0,0,14,312,2.536,1,19,136,0,0,0,0,1,0,0,0,0,0,0,0,0,0,0,52.6,34,0.344,1,0,0,0,0,0,0,0,0,0,800,790,800,800,1090,1400,75,0.254,26.5,14.3,12.98,0,136,0,19,21,12.819,353.28,1,0.625,0.625,0.586,2.305,0.645,0.02,0,,,,64,0,0,0,0,0,0,0,0,0,0,7,0,0,7000,7000,29,242,1346,66,35,66,64,44,49,0,39321,174,129,132,196,129,126,26222,39321
15.180,0,793,21,84,53,14.7,13.69,0.931,1,0,0,0,14,312,2.536,1,19,136.17,0,0,0,0,1,0,0,0,0,0,0,0,0,0,0,52.82,34,0.344,1,0,0,0,0,0,0,0,0,0,800,790,800,800,1090,1400,75,0.254,26.5,14.3,12.92,0,136.17,0,19,21,12.819,353.28,1,0.625,0.625,0.586,2.305,0.645,0.02,0,,,,76,0,0,0,0,0,0,0,0,0,0,7,0,0,7000,7000,29,242,1346,76,35,66,64,42,44,0,39321,177,129,132,196,126,126,26222,39321
15.240,0,791,21,84,53,14.7,13.63,0.927,1,0,0,0,14,312,2.544,1,19,136.33,0,0,0,0,1,0,0,0,0,0,0,0,0,0,0,52.82,34,0.344,1,0,0,0,0,0,0,0,0,0,800,790,800,800,1090,1400,75,0.254,26.5,14.3,12.92,0,136.33,0,19,21,12.819,353.28,1,0.625,0.625,0.586,2.305,0.645,0.02,0,,,,51,0,0,0,0,0,0,0,0,0,0,7,0,0,7000,7000,29,242,1346,76,45,51,64,42,44,0,39321,177,129,132,196,126,126,26222,39321
15.300,0,786,21,84,53,14.7,13.63,0.927,1,0,0,0,14,312,2.544,1,19,136.5,0,0,0,0,1,0,0,0,0,0,0,0,0,0,0,52.82,34,0.344,1,0,0,0,0,0,0,0,0,0,800,790,800,800,1090,1400,75,0.254,26.5,14.3,12.98,0,136.5,0,19,21,12.819,353.28,1,0.625,0.625,0.586,2.305,0.645,0.02,0,,,,47,0,0,0,0,0,0,0,0,0,0,7,0,0,7000,7000,29,242,1346,76,45,51,64,44,47,0,39321,177,129,132,196,126,126,26222,39321
15.360,0,791,21,84,53,14.7,13.6,0.925,1,0,0,0,14,312,2.544,1,19,136.5,0,0,0,0,1,0,0,0,0,0,0,0,0,0,0,52.82,34,0.344,1,0,0,0,0,0,0,0,0,0,800,790,800,800,1090,1400,75,0.254,26.5,14.3,12.98,0,136.5,0,19,21,12.819,353.28,1,0.625,0.625,0.586,2.305,0.645,0.02,0,,,,40,0,0,0,0,0,0,0,0,0,0,7,0,0,7000,7000,29,242,1346,62,40,51,64,44,47,0,39321,177,129,132,196,126,126,26222,39321
15.420,0,791,21,84,53,14.7,13.57,0.923,1,0,0,0,14,312,2.544,1,19,136.5,0,0,0,0,1,0,0,0,0,0,0,0,0,0,0,52.82,34,0.344,1,0,0,0,0,0,0,0,0,0,800,790,800,800,1090,1400,75,0.254,26.5,14.3,12.92,0,136.5,0,19,21,12.819,353.28,1,0.625,0.625,0.586,2.305,0.645,0.02,0,,,,68,0,0,0,0,0,0,0,0,0,0,7,0,0,7000,7000,29,242,1346,62,40,54,68,44,47,0,39321,177,129,132,196,126,126,26222,39321
15.480,0,792,21,84,53,14.7,13.57,0.923,1,0,0,0,14,312,2.544,1,19,136.5,0,0,0,0,1,0,0,0,0,0,0,0,0,0,0,52.82,34,0.344,1,0,0,0,0,0,0,0,0,0,800,790,800,800,1090,1400,75,0.254,26.5,14.3,12.92,0,136.5,0,19,21,12.819,353.28,1,0.645,0.645,0.586,2.305,0.645,0.02,0,,,,68,0,0,0,0,0,0,0,0,0,0,7,0,0,7000,7000,29,242,1346,68,40,54,68,40,47,0,39321,177,129,132,196,126,126,26222,39321
15.540,0,796,21,84,53,14.7,13.57,0.923,1,0,0,0,13,312,2.544,1,20,136.5,0,0,0,0,1,0,0,0,0,0,0,0,0,0,0,52.82,34,0.344,1,0,0,0,0,0,0,0,0,0,800,800,800,800,1090,1400,75,0.254,26.5,14.3,12.92,0,136.5,0,20,21,12.819,353.28,1,0.645,0.645,0.586,2.305,0.645,0.02,0,,,,59,0,0,0,0,0,0,0,0,0,0,7,0,0,7000,7000,29,242,1346,68,54,59,68,40,47,0,39321,177,132,132,196,126,126,26222,39321
15.600,0,800,21,84,53,14.7,13.6,0.925,1,0,0,0,13,312,2.544,1,20,136.5,0,0,0,0,1,0,0,0,0,0,0,0,0,0,0,52.82,34,0.344,1,0,0,0,0,0,0,0,0,0,800,800,800,800,1090,1400,75,0.254,26.5,14.3,12.86,0,136.5,0,20,21,12.819,353.28,1,0.625,0.625,0.586,2.305,0.645,0.02,0,,,,42,0,0,0,0,0,0,0,0,0,0,7,0,0,7000,7000,29,242,1346,68,54,59,68,44,42,0,39321,177,132,132,196,126,126,26222,39321
15.660,0,802,21,84,53,14.7,13.6,0.925,1,0,0,0,13,312,2.544,1,20,136.33,0,0,0,0,1,0,0,0,0,0,0,0,0,0,0,52.6,34,0.344,1,0,0,0,0,0,0,0,0,0,800,800,800,800,1090,1400,75,0.254,26.5,14.3,12.69,0,136.33,0,20,21,12.819,353.28,1,0.625,0.625,0.586,2.305,0.645,0.02,0,,,,56,0,0,0,0,0,0,0,0,0,0,7,0,0,7000,7000,29,242,1346,74,56,59,68,44,42,0,39321,180,132,132,196,126,126,26222,39321
15.720,0,795,21,84,53,14.7,13.6,0.925,1,0,0,0,13,312,2.544,1,20,136.33,0,0,0,0,1,0,0,0,0,0,0,0,0,0,0,52.82,34,0.344,1,0,0,0,0,0,0,0,0,0,800,800,800,800,1090,1400,75,0.254,26.5,14.3,12.75,0,136.33,0,20,21,12.819,353.28,1,0.625,0.625,0.586,2.305,0.645,0.02,0,,,,62,0,0,0,0,0,0,0,0,0,0,7,0,0,7000,7000,29,242,1346,74,56,49,62,44,42,0,39321,180,132,132,196,126,126,26222,39321
15.780,0,793,21,84,53,14.7,13.63,0.927,1,0,0,0,14,312,2.544,1,19,136.33,0,0,0,0,1,0,0,0,0,0,0,0,0,0,0,52.6,34,0.344,1,0,0,0,0,0,0,0,0,0,800,790,800,800,1090,1400,75,0.254,26.5,14.3,12.69,0,136.33,0,19,21,12.819,353.28,1,0.625,0.625,0.586,2.305,0.645,0.02,0,,,,71,0,0,0,0,0,0,0,0,0,0,7,0,0,7000,7000,29,242,1346,71,56,49,62,42,45,0,39321,180,132,132,196,126,126,26222,39321
15.840,0,794,21,84,53,14.7,13.63,0.927,1,0,0,0,14,312,2.536,1,19,136.17,0,0,0,0,1,0,0,0,0,0,0,0,0,0,0,52.6,34,0.344,1,0,0,0,0,0,0,0,0,0,800,790,800,800,1090,1400,75,0.254,26.5,14.3,12.86,0,136.17,0,19,21,12.819,353.28,1,0.625,0.625,0.586,2.305,0.645,0.02,0,,,,62,0,0,0,0,0,0,0,0,0,0,7,0,0,7000,7000,29,242,1346,71,54,62,62,42,45,0,39321,180,135,132,196,126,126,26222,39321
15.900,0,795,21,84,53,14.7,13.6,0.925,1,0,0,0,13,312,2.544,1,20,136.33,0,0,0,0,1,0,0,0,0,0,0,0,0,0,0,52.82,34,0.344,1,0,0,0,0,0,0,0,0,0,800,800,800,800,1090,1400,75,0.254,26.5,14.3,12.75,0,136.33,0,20,21,12.819,353.28,1,0.625,0.625,0.586,2.305,0.645,0.02,0,,,,45,0,0,0,0,0,0,0,0,0,0,7,0,0,7000,7000,29,242,1346,71,54,62,68,45,45,0,39321,180,135,132,196,126,126,26222,39321
15.960,0,795,21,84,53,14.7,13.6,0.925,1,0,0,0,13,312,2.536,1,20,136.17,0,0,0,0,1,0,0,0,0,0,0,0,0,0,0,52.6,34,0.344,1,0,0,0,0,0,0,0,0,0,800,800,800,800,1090,1400,75,0.254,26.5,14.3,12.92,0,136.17,0,20,21,12.819,353.28,1,0.625,0.625,0.586,2.305,0.645,0.02,0,,,,54,0,0,0,0,0,0,0,0,0,0,7,0,0,7000,7000,29,242,1346,69,54,62,68,45,44,0,39321,182,135,132,196,126,126,26222,39321
16.020,0,796,21,84,53,14.7,13.6,0.925,1,0,0,0,13,312,2.536,1,19,136.17,0,0,0,0,1,0,0,0,0,0,0,0,0,0,0,52.82,34,0.344,1,0,0,0,0,0,0,0,0,0,800,800,800,800,1090,1400,75,0.254,26.5,14.3,12.92,0,136.17,0,19,21,12.819,353.28,1,0.645,0.645,0.586,2.305,0.645,0.02,0,,,,59,0,0,0,0,0,0,0,0,0,0,7,0,0,7000,7000,29,242,1346,69,54,44,59,45,44,0,39321,182,135,132,194,126,126,26222,39321
16.080,0,797,21,84,53,14.7,13.6,0.925,1,0,0,0,13,312,2.544,1,20,136.33,0,0,0,0,1,0,0,0,0,0,0,0,0,0,0,52.82,34,0.344,1,0,0,0,0,0,0,0,0,0,800,800,800,800,1090,1400,75,0.254,26.5,14.3,12.98,0,136.33,0,20,21,12.819,353.28,1,0.625,0.625,0.586,2.305,0.645,0.02,0,,,,78,0,0,0,0,0,0,0,0,0,0,7,0,0,7000,7000,29,242,1346,78,54,44,59,42,44,0,39321,185,135,132,194,126,126,26222,39321
16.140,0,796,21,84,53,14.7,13.6,0.925,1,0,0,0,13,312,2.544,1,20,136.5,0,0,0,0,1,0,0,0,0,0,0,0,0,0,0,52.82,34,0.344,1,0,0,0,0,0,0,0,0,0,800,800,800,800,1090,1400,75,0.254,26.5,14.3,12.98,0,136.5,0,20,21,12.819,353.28,1,0.625,0.625,0.586,2.305,0.645,0.02,0,,,,49,0,0,0,0,0,0,0,0,0,0,7,0,0,7000,7000,29,242,1346,78,49,49,59,42,44,0,39321,185,135,132,194,126,126,26222,39321
16.200,0,798,21,84,53,14.7,13.6,0.925,1,0,0,0,13,312,2.544,1,20,136.5,0,0,0,0,1,0,0,0,0,0,0,0,0,0,0,52.82,34,0.344,1,0,0,0,0,0,0,0,0,0,800,800,800,800,1090,1400,75,0.254,26.5,14.3,12.98,0,136.5,0,20,21,12.819,353.28,1,0.625,0.625,0.586,2.305,0.645,0.02,0,,,,40,0,0,0,0,0,0,0,0,0,0,7,0,0,7000,7000,29,242,1346,78,49,49,64,40,44,0,39321,185,135,132,194,123,126,26222,39321
16.260,0,801,21,84,53,14.7,13.6,0.925,1,0,0,0,13,312,2.536,1,20,136.17,0,0,0,0,1,0,0,0,0,0,0,0,0,0,0,52.6,34,0.344,1,0,0,0,0,0,0,0,0,0,800,800,800,800,1090,1400,75,0.254,26.5,14.3,12.86,0,136.17,0,20,21,12.819,353.28,1,0.625,0.625,0.586,2.305,0.645,0.02,0,,,,57,0,0,0,0,0,0,0,0,0,0,7,0,0,7000,7000,29,242,1346,73,57,49,64,40,40,0,39321,185,137,132,194,123,126,26222,39321
16.320,0,798,21,84,53,14.7,13.6,0.925,1,0,0,0,13,312,2.536,1,20,136.17,0,0,0,0,1,0,0,0,0,0,0,0,0,0,0,52.6,34,0.344,1,0,0,0,0,0,0,0,0,0,800,800,800,800,1090,1400,75,0.254,26.5,14.3,12.86,0,136.17,0,20,21,12.819,353.28,1,0.645,0.645,0.586,2.305,0.645,0.02,0,,,,69,0,0,0,0,0,0,0,0,0,0,7,0,0,7000,7000,29,242,1346,73,57,47,69,40,40,0,39321,185,137,132,194,123,126,26222,39321
16.380,0,795,21,84,53,14.7,13.6,0.925,1,0,0,0,13,312,2.536,1,19,136,0,0,0,0,1,0,0,0,0,0,0,0,0,0,0,52.6,34,0.344,1,0,0,0,0,0,0,0,0,0,800,800,800,800,1090,1400,75,0.254,26.5,14.3,12.81,0,136,0,19,21,12.819,353.28,1,0.625,0.625,0.586,2.305,0.645,0.02,0,,,,71,0,0,0,0,0,0,0,0,0,0,7,0,0,7000,7000,29,242,1346,71,57,47,69,42,51,0,39321,185,137,132,194,123,126,26222,39321
16.440,0,787,21,84,53,14.7,13.6,0.925,1,0,0,0,14,312,2.536,1,19,136,0,0,0,0,1,0,0,0,0,0,0,0,0,0,0,52.6,34,0.344,1,0,0,0,0,0,0,0,0,0,800,790,800,800,1090,1400,75,0.254,26.5,14.3,12.86,0,136,0,19,21,12.819,353.28,1,0.625,0.625,0.586,2.305,0.645,0.02,0,,,,54,0,0,0,0,0,0,0,0,0,0,7,0,0,7000,7000,29,242,1346,71,51,54,69,42,51,0,39321,185,140,132,194,123,126,26222,39321
16.500,0,784,21,84,53,14.7,13.6,0.925,1,0,0,0,15,312,2.536,1,19,136.17,0,0,0,0,1,0,0,0,0,0,0,0,0,0,0,52.82,34,0.344,1,0,0,0,0,0,0,0,0,0,800,780,800,800,1090,1400,75,0.254,26.5,14.3,12.81,0,136.17,0,19,21,12.819,353.28,1,0.645,0.645,0.586,2.305,0.645,0.02,0,,,,40,0,0,0,0,0,0,0,0,0,0,7,0,0,7000,7000,29,242,1346,71,51,54,73,40,51,0,39321,185,140,132,194,123,126,26222,39321
16.560,0,788,21,84,53,14.7,13.6,0.925,1,0,0,0,14,312,2.544,1,19,136.33,0,0,0,0,1,0,0,0,0,0,0,0,0,0,0,52.82,34,0.344,1,0,0,0,0,0,0,0,0,0,800,790,800,800,1090,1400,75,0.254,26.5,14.3,12.81,0,136.33,0,19,21,12.819,353.28,1,0.625,0.625,0.586,2.305,0.645,0.02,0,,,,59,0,0,0,0,0,0,0,0,0,0,7,0,0,7000,7000,29,242,1346,62,59,54,73,40,51,0,39321,185,143,132,194,123,126,26222,39321
16.620,0,785,21,84,53,14.7,13.6,0.925,1,0,0,0,14,312,2.544,1,19,136.5,0,0,0,0,1,0,0,0,0,0,0,0,0,0,0,52.82,34,0.344,1,0,0,0,0,0,0,0,0,0,800,790,800,800,1090,1400,75,0.254,26.5,14.3,12.98,0,136.5,0,19,21,12.819,353.28,1,0.625,0.625,0.586,2.305,0.645,0.02,0,,,,62,0,0,0,0,0,0,0,0,0,0,7,0,0,7000,7000,29,242,1346,62,59,56,62,40,51,0,39321,185,143,132,194,123,126,26222,39321
16.680,0,782,21,84,53,14.7,13.6,0.925,1,0,0,0,15,312,2.544,1,19,136.5,0,0,0,0,1,0,0,0,0,0,0,0,0,0,0,52.82,34,0.344,1,0,0,0,0,0,0,0,0,0,800,780,800,800,1090,1400,75,0.254,26.5,14.3,12.92,0,136.5,0,19,21,12.819,353.28,1,0.645,0.645,0.586,2.305,0.645,0.02,0,,,,47,0,0,0,0,0,0,0,0,0,0,7,0,0,7000,7000,29,242,1346,62,59,56,62,40,47,0,39321,185,143,132,194,123,126,26222,39321
16.740,0,789,21,84,53,14.7,13.6,0.925,1,0,0,0,14,312,2.544,1,19,136.5,0,0,0,0,1,0,0,0,0,0,0,0,0,0,0,52.82,34,0.344,1,0,0,0,0,0,0,0,0,0,800,790,800,800,1090,1400,75,0.254,26.5,14.3,12.86,0,136.5,0,19,21,12.819,353.28,1,0.625,0.625,0.586,2.305,0.645,0.02,0,,,,56,0,0,0,0,0,0,0,0,0,0,7,0,0,7000,7000,29,242,1346,61,49,56,62,40,47,0,39321,182,143,135,194,123,126,26222,39321
16.800,0,790,21,84,53,14.7,13.6,0.925,1,0,0,0,14,312,2.544,1,19,136.5,0,0,0,0,1,0,0,0,0,0,0,0,0,0,0,52.82,34,0.344,1,0,0,0,0,0,0,0,0,0,800,790,800,800,1090,1400,75,0.254,26.5,14.3,12.86,0,136.5,0,19,21,12.819,353.28,1,0.645,0.645,0.586,2.305,0.645,0.02,0,,,,54,0,0,0,0,0,0,0,0,0,0,7,0,0,7000,7000,29,242,1346,61,49,56,64,54,47,0,39321,182,143,135,194,123,126,26222,39321
16.860,0,792,21,84,53,14.7,13.6,0.925,1,0,0,0,14,312,2.544,1,19,136.5,0,0,0,0,1,0,0,0,0,0,0,0,0,0,0,52.82,34,0.344,1,0,0,0,0,0,0,0,0,0,800,790,800,800,1090,1400,75,0.254,26.5,14.3,12.86,0,136.5,0,19,21,12.819,353.28,1,0.645,0.645,0.586,2.305,0.645,0.02,0,,,,62,0,0,0,0,0,0,0,0,0,0,7,0,0,7000,7000,29,242,1346,62,49,56,64,54,44,0,39321,182,143,135,194,123,126,26222,39321
16.920,0,793,21,84,53,14.7,13.63,0.927,1,0,0,0,14,312,2.536,1,19,136.5,0,0,0,0,1,0,0,0,0,0,0,0,0,0,0,52.82,34,0.344,1,0,0,0,0,0,0,0,0,0,800,790,800,800,1090,1400,75,0.254,26.5,14.3,12.75,0,136.5,0,19,21,12.819,353.28,1,0.625,0.625,0.586,2.305,0.645,0.02,0,,,,74,0,0,0,0,0,0,0,0,0,0,7,0,0,7000,7000,29,242,1346,62,49,61,74,54,44,0,39321,182,143,137,194,123,126,26222,39321
16.980,0,795,21,84,53,14.7,13.63,0.927,1,0,0,0,13,312,2.544,1,20,136.5,0,0,0,0,1,0,0,0,0,0,0,0,0,0,0,52.82,34,0.344,1,0,0,0,0,0,0,0,0,0,800,800,800,800,1090,1400,75,0.254,26.5,14.3,12.86,0,136.5,0,20,21,12.819,353.28,1,0.625,0.625,0.586,2.305,0.645,0.02,0,,,,44,0,0,0,0,0,0,0,0,0,0,7,0,0,7000,7000,29,242,1346,62,49,61,74,39,44,0,39321,182,143,137,194,123,126,26222,39321
17.040,0,797,21,84,53,14.7,13.69,0.931,1,0,0,0,13,312,2.544,1,20,136.5,0,0,0,0,1,0,0,0,0,0,0,0,0,0,0,52.82,34,0.344,1,0,0,0,0,0,0,0,0,0,800,800,800,800,1090,1400,75,0.254,26.5,14.3,12.81,0,136.5,0,20,21,12.819,353.28,1,0.645,0.645,0.586,2.305,0.645,0.02,0,,,,47,0,0,0,0,0,0,0,0,0,0,7,0,0,7000,7000,29,242,1346,66,49,47,74,39,44,0,39321,182,140,137,194,123,126,26222,39321
17.100,0,796,21,84,53,14.7,13.69,0.931,1,0,0,0,13,312,2.544,1,20,136.5,0,0,0,0,1,0,0,0,0,0,0,0,0,0,0,52.82,34,0.344,1,0,0,0,0,0,0,0,0,0,800,800,800,800,1090,1400,75,0.254,26.5,14.3,12.98,0,136.5,0,20,21,12.819,353.28,1,0.645,0.645,0.586,2.305,0.645,0.02,0,,,,45,0,0,0,0,0,0,0,0,0,0,7,0,0,7000,7000,29,242,1346,66,49,47,61,45,44,0,39321,182,140,137,194,123,126,26222,39321
17.160,0,792,21,84,53,14.7,13.69,0.931,1,0,0,0,14,312,2.544,1,20,136.5,0,0,0,0,1,0,0,0,0,0,0,0,0,0,0,52.82,34,0.344,1,0,0,0,0,0,0,0,0,0,800,790,800,800,1090,1400,75,0.254,26.5,14.3,12.81,0,136.5,0,20,21,12.819,353.28,1,0.625,0.625,0.586,2.285,0.645,0.02,0,,,,76,0,0,0,0,0,0,0,0,0,0,7,0,0,7000,7000,29,242,1346,76,49,47,61,45,44,0,39321,185,140,137,194,123,126,26222,39321
17.220,0,787,21,84,53,14.7,13.69,0.931,1,0,0,0,14,312,2.544,1,19,136.5,0,0,0,0,1,0,0,0,0,0,0,0,0,0,0,52.82,34,0.344,1,0,0,0,0,0,0,0,0,0,800,790,800,800,1090,1400,75,0.254,26.5,14.3,13.15,0,136.5,0,19,21,12.819,353.28,1,0.625,0.625,0.586,2.285,0.645,0.02,0,,,,62,0,0,0,0,0,0,0,0,0,0,7,0,0,7000,7000,29,242,1346,76,51,56,62,45,44,0,39321,185,140,137,194,123,126,26222,39321
17.280,0,788,21,84,54,14.7,13.69,0.931,1,0,0,0,14,312,2.544,1,19,136.5,0,0,0,0,1,0,0,0,0,0,0,0,0,0,0,52.82,34,0.344,1,0,0,0,0,0,0,0,0,0,800,790,800,800,1090,1400,75,0.254,26.5,14.3,13.15,0,136.5,0,19,21,12.819,353.28,1,0.645,0.645,0.586,2.285,0.645,0.02,0,,,,49,0,0,0,0,0,0,0,0,0,0,7,0,0,7000,7000,29,242,1346,76,51,56,62,49,49,0,39321,185,140,137,194,123,126,26222,39321
17.340,0,789,21,84,54,14.7,13.69,0.931,1,0,0,0,14,312,2.544,1,19,136.5,0,0,0,0,1,0,0,0,0,0,0,0,0,0,0,52.82,34,0.344,1,0,0,0,0,0,0,0,0,0,800,790,800,800,1090,1400,75,0.254,26.5,14.3,13.09,0,136.5,0,19,21,12.819,353.28,1,0.645,0.645,0.586,2.285,0.645,0.02,0,,,,57,0,0,0,0,0,0,0,0,0,0,7,0,0,7000,7000,29,242,1346,69,47,57,62,49,49,0,39321,185,140,140,194,123,126,26222,39321
17.400,0,790,21,84,54,14.7,13.69,0.931,1,0,0,0,14,312,2.544,1,19,136.5,0,0,0,0,1,0,0,0,0,0,0,0,0,0,0,52.82,34,0.344,1,0,0,0,0,0,0,0,0,0,800,790,800,800,1090,1400,75,0.254,26.5,14.3,13.15,0,136.5,0,19,21,12.819,353.28,1,0.645,0.645,0.586,2.285,0.645,0.02,0,,,,49,0,0,0,0,0,0,0,0,0,0,7,0,0,7000,7000,29,242,1346,69,47,57,79,49,49,0,39321,185,140,140,194,126,126,26222,39321
17.460,0,793,21,84,54,14.7,13.69,0.931,1,0,0,0,14,312,2.544,1,19,136.5,0,0,0,0,1,0,0,0,0,0,0,0,0,0,0,52.82,34,0.344,1,0,0,0,0,0,0,0,0,0,800,790,800,800,1090,1400,75,0.254,26.5,14.3,13.09,0,136.5,0,19,21,12.819,353.28,1,0.645,0.645,0.586,2.285,0.645,0.02,0,,,,71,0,0,0,0,0,0,0,0,0,0,7,0,0,7000,7000,29,242,1346,71,47,57,79,49,49,0,39321,185,140,140,194,126,126,26222,39321
17.520,0,793,21,84,54,14.7,13.69,0.931,1,0,0,0,14,312,2.544,1,19,136.5,0,0,0,0,1,0,0,0,0,0,0,0,0,0,0,52.82,34,0.344,1,0,0,0,0,0,0,0,0,0,800,790,800,800,1090,1400,75,0.254,26.5,14.3,13.09,0,136.5,0,19,21,12.819,353.28,1,0.645,0.645,0.586,2.285,0.645,0.02,0,,,,71,0,0,0,0,0,0,0,0,0,0,7,0,0,7000,7000,29,242,1346,71,54,59,71,49,49,0,39321,185,140,143,194,126,126,26222,39321
17.580,0,800,21,84,54,14.7,13.69,0.931,1,0,0,0,13,312,2.544,1,20,136.5,0,0,0,0,1,0,0,0,0,0,0,0,0,0,0,52.82,34,0.344,1,0,0,0,0,0,0,0,0,0,800,800,800,800,1090,1400,75,0.254,26.5,14.3,12.92,0,136.5,0,20,21,12.819,353.28,1,0.625,0.625,0.586,2.285,0.645,0.02,0,,,,42,0,0,0,0,0,0,0,0,0,0,7,0,0,7000,7000,29,242,1346,71,54,59,71,42,42,0,39321,185,140,143,194,126,126,26222,39321
17.640,0,802,21,84,54,14.7,13.69,0.931,1,0,0,0,13,312,2.536,1,20,136.17,0,0,0,0,1,0,0,0,0,0,0,0,0,0,0,52.6,34,0.344,1,0,0,0,0,0,0,0,0,0,800,800,800,800,1090,1400,75,0.254,26.5,14.3,12.98,0,136.17,0,20,21,12.819,353.28,1,0.625,0.625,0.586,2.285,0.645,0.02,0,,,,49,0,0,0,0,0,0,0,0,0,0,7,0,0,7000,7000,29,242,1346,71,49,59,71,42,42,0,39321,185,140,143,194,126,126,26222,39321
17.700,0,798,21,84,54,14.7,13.69,0.931,1,0,0,0,13,312,2.536,1,20,136.17,0,0,0,0,1,0,0,0,0,0,0,0,0,0,0,52.6,34,0.344,1,0,0,0,0,0,0,0,0,0,800,800,800,800,1090,1400,75,0.254,26.5,14.3,12.92,0,136.17,0,20,21,12.819,353.28,1,0.625,0.625,0.586,2.285,0.645,0.02,0,,,,40,0,0,0,0,0,0,0,0,0,0,7,0,0,7000,7000,29,242,1346,71,49,42,78,40,42,0,39321,185,140,140,196,126,126,26222,39321
17.760,0,797,21,84,54,14.7,13.69,0.931,1,0,0,0,13,312,2.536,1,20,136,0,0,0,0,1,0,0,0,0,0,0,0,0,0,0,52.6,34,0.344,1,0,0,0,0,0,0,0,0,0,800,800,800,800,1090,1400,75,0.254,26.5,14.3,12.92,0,136,0,20,21,12.819,353.28,1,0.625,0.625,0.586,2.285,0.645,0.02,0,,,,62,0,0,0,0,0,0,0,0,0,0,7,0,0,7000,7000,29,242,1346,62,49,42,78,40,45,0,39321,182,140,140,196,126,126,26222,39321
17.820,0,796,21,84,54,14.7,13.63,0.927,1,0,0,0,13,312,2.536,1,20,136.17,0,0,0,0,1,0,0,0,0,0,0,0,0,0,0,52.82,34,0.344,1,0,0,0,0,0,0,0,0,0,800,800,800,800,1090,1400,75,0.254,26.5,14.3,12.75,0,136.17,0,20,21,12.819,353.28,1,0.645,0.645,0.586,2.285,0.645,0.02,0,,,,69,0,0,0,0,0,0,0,0,0,0,7,0,0,7000,7000,29,242,1346,62,49,42,69,40,45,0,39321,182,140,140,196,126,126,26222,39321
17.880,0,795,21,84,54,14.7,13.6,0.925,1,0,0,0,13,312,2.536,1,19,136.17,0,0,0,0,1,0,0,0,0,0,0,0,0,0,0,52.82,34,0.344,1,0,0,0,0,0,0,0,0,0,800,800,800,800,1090,1400,75,0.254,26.5,14.3,12.92,0,136.17,0,19,21,12.819,353.28,1,0.625,0.625,0.586,2.285,0.645,0.02,0,,,,42,0,0,0,0,0,0,0,0,0,0,7,0,0,7000,7000,29,242,1346,62,49,42,69,42,42,0,39321,182,140,140,196,126,123,26222,39321
17.940,0,786,21,84,54,14.7,13.6,0.925,1,0,0,0,14,312,2.536,1,19,136.17,0,0,0,0,1,0,0,0,0,0,0,0,0,0,0,52.6,34,0.344,1,0,0,0,0,0,0,0,0,0,800,790,800,800,1090,1400,75,0.254,26.5,14.3,12.86,0,136.17,0,19,21,12.819,353.28,1,0.645,0.645,0.586,2.285,0.645,0.02,0,,,,52,0,0,0,0,0,0,0,0,0,0,7,0,0,7000,7000,29,242,1346,74,52,42,69,42,42,0,39321,185,140,140,196,126,123,26222,39321
18.000,0,787,21,84,54,14.7,13.6,0.925,1,0,0,0,14,312,2.544,1,19,136.33,0,0,0,0,1,0,0,0,0,0,0,0,0,0,0,52.82,34,0.344,1,0,0,0,0,0,0,0,0,0,800,790,800,800,1090,1400,75,0.254,26.5,14.3,12.92,0,136.33,0,19,21,12.819,353.28,1,0.625,0.625,0.586,2.285,0.645,0.02,0,,,,42,0,0,0,0,0,0,0,0,0,0,7,0,0,7000,7000,29,242,1346,74,52,54,76,42,42,0,39321,185,140,140,199,126,123,26222,39321
18.060,0,796,21,84,54,14.7,13.6,0.925,1,0,0,0,13,312,2.544,1,19,136.33,0,0,0,0,1,0,0,0,0,0,0,0,0,0,0,52.82,34,0.344,1,0,0,0,0,0,0,0,0,0,800,800,800,800,1090,1400,75,0.254,26.5,14.3,12.92,0,136.33,0,19,21,12.819,353.28,1,0.645,0.645,0.586,2.285,0.645,0.02,0,,,,69,0,0,0,0,0,0,0,0,0,0,7,0,0,7000,7000,29,242,1346,69,52,54,76,42,51,0,39321,185,140,140,199,126,123,26222,39321
18.120,0,797,21,84,54,14.7,13.6,0.925,1,0,0,0,13,312,2.544,1,20,136.33,0,0,0,0,1,0,0,0,0,0,0,0,0,0,0,52.82,34,0.344,1,0,0,0,0,0,0,0,0,0,800,800,800,800,1090,1400,75,0.254,26.5,14.3,12.92,0,136.33,0,20,21,12.819,353.28,1,0.625,0.625,0.586,2.285,0.645,0.02,0,,,,64,0,0,0,0,0,0,0,0,0,0,7,0,0,7000,7000,29,242,1346,69,45,49,64,42,51,0,39321,185,140,140,196,126,123,26222,39321
18.179,0,798,21,84,54,14.7,13.6,0.925,1,0,0,0,13,312,2.544,1,20,136.33,0,0,0,0,1,0,0,0,0,0,0,0,0,0,0,52.6,34,0.344,1,0,0,0,0,0,0,0,0,0,800,800,800,800,1090,1400,75,0.254,26.5,14.3,12.98,0,136.33,0,20,21,12.819,353.28,1,0.625,0.625,0.586,2.285,0.645,0.02,0,,,,49,0,0,0,0,0,0,0,0,0,0,7,0,0,7000,7000,29,242,1346,69,45,49,64,35,49,0,39321,185,140,140,196,126,123,26222,39321
18.239,0,803,21,84,54,14.7,13.6,0.925,1,0,0,0,13,312,2.536,1,20,136.17,0,0,0,0,1,0,0,0,0,0,0,0,0,0,0,52.6,34,0.344,1,0,0,0,0,0,0,0,0,0,800,800,800,800,1090,1400,75,0.254,26.5,14.3,12.81,0,136.17,0,20,21,12.819,353.28,1,0.645,0.645,0.586,2.285,0.645,0.02,0,,,,49,0,0,0,0,0,0,0,0,0,0,7,0,0,7000,7000,29,242,1346,73,49,49,64,35,49,0,39321,185,140,140,196,126,123,26222,39321
18.300,0,799,21,84,54,14.7,13.6,0.925,1,0,0,0,13,312,2.536,1,20,136,0,0,0,0,1,0,0,0,0,0,0,0,0,0,0,52.6,34,0.344,1,0,0,0,0,0,0,0,0,0,800,800,800,800,1090,1400,75,0.254,26.5,14.3,12.86,0,136,0,20,21,12.819,353.28,1,0.625,0.625,0.586,2.285,0.645,0.02,0,,,,44,0,0,0,0,0,0,0,0,0,0,7,0,0,7000,7000,29,242,1346,73,49,49,73,44,49,0,39321,185,140,140,199,123,123,26222,39321
18.360,0,796,21,84,54,14.7,13.6,0.925,1,0,0,0,13,312,2.536,1,19,136,0,0,0,0,1,0,0,0,0,0,0,0,0,0,0,52.6,34,0.344,1,0,0,0,0,0,0,0,0,0,800,800,800,800,1090,1400,75,0.254,26.5,14.3,12.86,0,136,0,19,21,12.819,353.28,1,0.645,0.645,0.586,2.285,0.645,0.02,0,,,,57,0,0,0,0,0,0,0,0,0,0,7,0,0,7000,7000,29,242,1346,57,49,49,73,44,47,0,39321,182,140,140,199,123,126,26222,39321
18.420,0,795,21,84,54,14.7,13.6,0.925,1,0,0,0,13,312,2.536,1,19,136,0,0,0,0,1,0,0,0,0,0,0,0,0,0,0,52.6,34,0.344,1,0,0,0,0,0,0,0,0,0,800,800,800,800,1090,1400,75,0.254,26.5,14.3,12.92,0,136,0,19,21,12.819,353.28,1,0.625,0.625,0.586,2.285,0.645,0.02,0,,,,71,0,0,0,0,0,0,0,0,0,0,7,0,0,7000,7000,29,242,1346,57,54,56,71,44,47,0,39321,182,140,143,199,123,126,26222,39321
18.479,0,791,21,84,54,14.7,13.6,0.925,1,0,0,0,14,312,2.536,1,19,136,0,0,0,0,1,0,0,0,0,0,0,0,0,0,0,52.6,34,0.344,1,0,0,0,0,0,0,0,0,0,800,790,800,800,1090,1400,75,0.254,26.5,14.3,12.92,0,136,0,19,21,12.819,353.28,1,0.625,0.625,0.586,2.285,0.645,0.02,0,,,,49,0,0,0,0,0,0,0,0,0,0,7,0,0,7000,7000,29,242,1346,57,54,56,71,47,49,0,39321,182,140,143,199,123,126,26222,39321
18.539,0,795,21,84,54,14.7,13.6,0.925,1,0,0,0,13,312,2.536,1,19,136,0,0,0,0,1,0,0,0,0,0,0,0,0,0,0,52.6,34,0.344,1,0,0,0,0,0,0,0,0,0,800,800,800,800,1090,1400,75,0.254,26.5,14.3,13.09,0,136,0,19,21,12.819,353.28,1,0.625,0.625,0.586,2.285,0.645,0.02,0,,,,47,0,0,0,0,0,0,0,0,0,0,7,0,0,7000,7000,29,242,1346,66,47,56,71,47,49,0,39321,182,140,143,199,123,126,26222,39321
18.599,0,796,21,84,54,14.7,13.6,0.925,1,0,0,0,13,312,2.536,1,19,136,0,0,0,0,1,0,0,0,0,0,0,0,0,0,0,52.6,34,0.344,1,0,0,0,0,0,0,0,0,0,800,800,800,800,1090,1400,75,0.254,26.5,14.3,13.09,0,136,0,19,21,12.819,353.28,1,0.645,0.645,0.586,2.285,0.645,0.02,0,,,,40,0,0,0,0,0,0,0,0,0,0,7,0,0,7000,7000,29,242,1346,66,47,42,62,40,49,0,39321,182,140,140,199,123,126,26222,39321
18.659,0,796,21,84,54,14.7,13.6,0.925,1,0,0,0,13,312,2.536,1,19,136,0,0,0,0,1,0,0,0,0,0,0,0,0,0,0,52.6,34,0.344,1,0,0,0,0,0,0,0,0,0,800,800,800,800,1090,1400,75,0.254,26.5,14.3,13.03,0,136,0,19,21,12.819,353.28,1,0.645,0.645,0.586,2.285,0.645,0.02,0,,,,78,0,0,0,0,0,0,0,0,0,0,7,0,0,7000,7000,29,242,1346,78,47,42,62,40,42,0,39321,185,140,140,199,123,123,26222,39321
18.719,0,791,21,84,54,14.7,13.6,0.925,1,0,0,0,14,312,2.536,1,19,136,0,0,0,0,1,0,0,0,0,0,0,0,0,0,0,52.6,34,0.344,1,0,0,0,0,0,0,0,0,0,800,790,800,800,1090,1400,75,0.254,26.5,14.3,12.98,0,136,0,19,21,12.819,353.28,1,0.625,0.625,0.586,2.285,0.645,0.02,0,,,,57,0,0,0,0,0,0,0,0,0,0,7,0,0,7000,7000,29,242,1346,78,52,57,62,40,42,0,39321,185,140,143,199,123,123,26222,39321
18.779,0,787,21,84,54,14.7,13.63,0.927,1,0,0,0,14,312,2.544,1,19,136.33,0,0,0,0,1,0,0,0,0,0,0,0,0,0,0,52.82,34,0.344,1,0,0,0,0,0,0,0,0,0,800,790,800,800,1090,1400,75,0.254,26.5,14.3,12.98,0,136.33,0,19,21,12.819,353.28,1,0.625,0.625,0.586,2.285,0.645,0.02,0,,,,52,0,0,0,0,0,0,0,0,0,0,7,0,0,7000,7000,29,242,1346,78,52,57,69,42,52,0,39321,185,140,143,199,123,123,26222,39321
18.839,0,791,21,84,54,14.7,13.63,0.927,1,0,0,0,14,312,2.544,1,19,136.33,0,0,0,0,1,0,0,0,0,0,0,0,0,0,0,52.82,34,0.344,1,0,0,0,0,0,0,0,0,0,800,790,800,800,1090,1400,75,0.254,26.5,14.3,12.98,0,136.33,0,19,21,12.819,353.28,1,0.645,0.645,0.586,2.285,0.645,0.02,0,,,,44,0,0,0,0,0,0,0,0,0,0,7,0,0,7000,7000,29,242,1346,74,44,57,69,42,52,0,39321,188,137,143,199,123,123,26222,39321
18.899,0,793,21,84,54,14.7,13.63,0.927,1,0,0,0,14,312,2.544,1,20,136.5,0,0,0,0,1,0,0,0,0,0,0,0,0,0,0,52.82,34,0.344,1,0,0,0,0,0,0,0,0,0,800,790,800,800,1090,1400,75,0.254,26.5,14.3,12.75,0,136.5,0,20,21,12.819,353.28,1,0.625,0.625,0.586,2.285,0.645,0.02,0,,,,45,0,0,0,0,0,0,0,0,0,0,7,0,0,7000,7000,29,242,1346,74,44,45,71,45,52,0,39321,188,137,143,199,123,123,26222,39321
18.959,0,795,21,84,54,14.7,13.63,0.927,1,0,0,0,13,312,2.544,1,20,136.5,0,0,0,0,1,0,0,0,0,0,0,0,0,0,0,52.82,34,0.344,1,0,0,0,0,0,0,0,0,0,800,800,800,800,1090,1400,75,0.254,26.5,14.3,12.75,0,136.5,0,20,21,12.819,353.28,1,0.625,0.625,0.586,2.285,0.645,0.02,0,,,,61,0,0,0,0,0,0,0,0,0,0,7,0,0,7000,7000,29,242,1346,61,44,45,71,45,45,0,39321,188,137,143,199,123,123,26222,39321
19.019,0,789,21,84,54,14.7,13.63,0.927,1,0,0,0,14,312,2.544,1,19,136.33,0,0,0,0,1,0,0,0,0,0,0,0,0,0,0,52.6,34,0.344,1,0,0,0,0,0,0,0,0,0,800,790,800,800,1090,1400,75,0.254,26.5,14.3,12.75,0,136.33,0,19,21,12.819,353.28,1,0.645,0.645,0.586,2.285,0.645,0.02,0,,,,57,0,0,0,0,0,0,0,0,0,0,7,0,0,7000,7000,29,242,1346,61,47,57,71,45,45,0,39321,188,135,146,199,123,123,26222,39321
19.079,0,788,21,84,54,14.7,13.63,0.927,1,0,0,0,14,312,2.544,1,19,136.5,0,0,0,0,1,0,0,0,0,0,0,0,0,0,0,52.82,34,0.344,1,0,0,0,0,0,0,0,0,0,800,790,800,800,1090,1400,75,0.254,26.5,14.3,12.75,0,136.5,0,19,21,12.819,353.28,1,0.625,0.625,0.586,2.285,0.645,0.02,0,,,,47,0,0,0,0,0,0,0,0,0,0,7,0,0,7000,7000,29,242,1346,61,47,57,66,44,47,0,39321,188,135,146,199,123,123,26222,39321
19.139,0,793,21,84,54,14.7,13.63,0.927,1,0,0,0,14,312,2.544,1,19,136.5,0,0,0,0,1,0,0,0,0,0,0,0,0,0,0,52.82,34,0.344,1,0,0,0,0,0,0,0,0,0,800,790,800,800,1090,1400,75,0.254,26.5,14.3,12.81,0,136.5,0,19,21,12.819,353.28,1,0.625,0.625,0.586,2.285,0.645,0.02,0,,,,52,0,0,0,0,0,0,0,0,0,0,7,0,0,7000,7000,29,242,1346,68,52,57,66,44,47,0,39321,188,135,146,199,123,123,26222,39321
19.199,0,792,21,84,54,14.7,13.63,0.927,1,0,0,0,14,312,2.544,1,19,136.5,0,0,0,0,1,0,0,0,0,0,0,0,0,0,0,52.82,34,0.344,1,0,0,0,0,0,0,0,0,0,800,790,800,800,1090,1400,75,0.254,26.5,14.3,12.98,0,136.5,0,19,21,12.819,353.28,1,0.645,0.645,0.586,2.285,0.645,0.02,0,,,,73,0,0,0,0,0,0,0,0,0,0,7,0,0,7000,7000,29,242,1346,68,52,47,73,44,47,0,39321,188,135,146,199,123,123,26222,39321
19.259,0,798,21,84,54,14.7,13.63,0.927,1,0,0,0,13,312,2.544,1,20,136.5,0,0,0,0,1,0,0,0,0,0,0,0,0,0,0,52.82,34,0.344,1,0,0,0,0,0,0,0,0,0,800,800,800,800,1090,1400,75,0.254,26.5,14.3,13.09,0,136.5,0,20,21,12.819,353.28,1,0.625,0.625,0.586,2.285,0.645,0.02,0,,,,62,0,0,0,0,0,0,0,0,0,0,7,0,0,7000,7000,29,242,1346,62,52,47,73,42,52,0,39321,188,135,146,199,123,123,26222,39321
19.319,0,798,21,84,54,14.7,13.63,0.927,1,0,0,0,13,312,2.544,1,20,136.5,0,0,0,0,1,0,0,0,0,0,0,0,0,0,0,52.82,34,0.344,1,0,0,0,0,0,0,0,0,0,800,800,800,800,1090,1400,75,0.254,26.5,14.3,12.98,0,136.5,0,20,21,12.819,353.28,1,0.625,0.625,0.586,2.285,0.645,0.02,0,,,,51,0,0,0,0,0,0,0,0,0,0,7,0,0,7000,7000,29,242,1346,62,52,51,73,42,52,0,39321,188,135,146,199,123,123,26222,39321
19.379,0,796,21,84,54,14.7,13.63,0.927,1,0,0,0,13,312,2.544,1,20,136.5,0,0,0,0,1,0,0,0,0,0,0,0,0,0,0,52.82,34,0.344,1,0,0,0,0,0,0,0,0,0,800,800,800,800,1090,1400,75,0.254,26.5,14.3,12.98,0,136.5,0,20,21,12.819,353.28,1,0.625,0.625,0.586,2.285,0.645,0.02,0,,,,47,0,0,0,0,0,0,0,0,0,0,7,0,0,7000,7000,29,242,1346,62,52,51,62,44,47,0,39321,188,135,146,199,123,123,26222,39321
19.439,0,796,21,84,54,14.7,13.63,0.927,1,0,0,0,13,312,2.536,1,20,136.17,0,0,0,0,1,0,0,0,0,0,0,0,0,0,0,52.6,34,0.344,1,0,0,0,0,0,0,0,0,0,800,800,800,800,1090,1400,75,0.254,26.5,14.3,13.09,0,136.17,0,20,21,12.819,353.28,1,0.625,0.625,0.586,2.285,0.645,0.02,0,,,,51,0,0,0,0,0,0,0,0,0,0,7,0,0,7000,7000,29,242,1346,68,51,51,62,44,47,0,39321,188,135,146,199,123,123,26222,39321
19.499,0,794,21,84,54,14.7,13.63,0.927,1,0,0,0,14,312,2.544,1,19,136.33,0,0,0,0,1,0,0,0,0,0,0,0,0,0,0,52.82,34,0.344,1,0,0,0,0,0,0,0,0,0,800,790,800,800,1090,1400,75,0.254,26.5,14.3,12.92,0,136.33,0,19,21,12.819,353.28,1,0.645,0.645,0.586,2.285,0.645,0.02,0,,,,78,0,0,0,0,0,0,0,0,0,0,7,0,0,7000,7000,29,242,1346,68,51,45,78,44,47,0,39321,188,135,146,199,123,123,26222,39321
19.559,0,793,21,84,54,14.7,13.63,0.927,1,0,0,0,14,312,2.544,1,19,136.33,0,0,0,0,1,0,0,0,0,0,0,0,0,0,0,52.6,34,0.344,1,0,0,0,0,0,0,0,0,0,800,790,800,800,1090,1400,75,0.254,26.5,14.3,12.92,0,136.33,0,19,21,12.819,353.28,1,0.625,0.625,0.586,2.285,0.645,0.02,0,,,,83,0,0,0,0,0,0,0,0,0,0,7,0,0,7000,7000,29,242,1346,83,51,45,78,47,47,0,39321,191,135,146,199,123,123,26222,39321
19.619,0,793,21,84,54,14.7,13.63,0.927,1,0,0,0,14,312,2.544,1,19,136.33,0,0,0,0,1,0,0,0,0,0,0,0,0,0,0,52.82,34,0.344,1,0,0,0,0,0,0,0,0,0,800,790,800,800,1090,1400,75,0.254,26.5,14.3,12.81,0,136.33,0,19,21,12.819,353.28,1,0.645,0.645,0.586,2.285,0.645,0.02,0,,,,44,0,0,0,0,0,0,0,0,0,0,7,0,0,7000,7000,29,242,1346,83,45,44,78,47,47,0,39321,191,135,146,199,123,123,26222,39321
19.680,0,790,21,84,54,14.7,13.63,0.927,1,0,0,0,14,312,2.544,1,19,136.5,0,0,0,0,1,0,0,0,0,0,0,0,0,0,0,52.82,34,0.344,1,0,0,0,0,0,0,0,0,0,800,790,800,800,1090,1400,75,0.254,26.5,14.3,12.86,0,136.5,0,19,21,12.819,353.28,1,0.625,0.625,0.586,2.285,0.645,0.02,0,,,,45,0,0,0,0,0,0,0,0,0,0,7,0,0,7000,7000,29,242,1346,83,45,44,73,45,47,0,39321,191,135,146,199,123,123,26222,39321
19.740,0,790,21,84,54,14.7,13.63,0.927,1,0,0,0,14,312,2.544,1,19,136.5,0,0,0,0,1,0,0,0,0,0,0,0,0,0,0,52.82,34,0.344,1,0,0,0,0,0,0,0,0,0,800,790,800,800,1090,1400,75,0.254,26.5,14.3,12.92,0,136.5,0,19,21,12.819,353.28,1,0.625,0.625,0.586,2.285,0.645,0.02,0,,,,45,0,0,0,0,0,0,0,0,0,0,7,0,0,7000,7000,29,242,1346,62,45,44,73,45,44,0,39321,188,135,146,199,123,123,26222,39321
19.800,0,787,21,84,54,14.7,13.6,0.925,1,0,0,0,14,312,2.544,1,19,136.5,0,0,0,0,1,0,0,0,0,0,0,0,0,0,0,52.82,34,0.344,1,0,0,0,0,0,0,0,0,0,800,790,800,800,1090,1400,75,0.254,26.5,14.3,12.86,0,136.5,0,19,21,12.819,353.28,1,0.645,0.645,0.586,2.285,0.645,0.02,0,,,,66,0,0,0,0,0,0,0,0,0,0,7,0,0,7000,7000,29,242,1346,62,45,45,66,45,44,0,39321,188,135,146,199,123,123,26222,39321
19.860,0,788,21,84,54,14.7,13.6,0.925,1,0,0,0,14,312,2.544,1,19,136.5,0,0,0,0,1,0,0,0,0,0,0,0,0,0,0,52.82,34,0.344,1,0,0,0,0,0,0,0,0,0,800,790,800,800,1090,1400,75,0.254,26.5,14.3,12.98,0,136.5,0,19,21,12.819,353.28,1,0.625,0.625,0.586,2.285,0.645,0.02,0,,,,69,0,0,0,0,0,0,0,0,0,0,7,0,0,7000,7000,29,242,1346,69,45,45,66,51,45,0,39321,188,135,146,199,123,123,26222,39321
19.920,0,791,21,84,54,14.7,13.57,0.923,1,0,0,0,14,312,2.544,1,19,136.5,0,0,0,0,1,0,0,0,0,0,0,0,0,0,0,52.82,34,0.344,1,0,0,0,0,0,0,0,0,0,800,790,800,800,1090,1400,75,0.254,26.5,14.3,12.98,0,136.5,0,19,21,12.819,353.28,1,0.625,0.625,0.586,2.285,0.645,0.02,0,,,,45,0,0,0,0,0,0,0,0,0,0,7,0,0,7000,7000,29,242,1346,69,56,45,66,51,45,0,39321,188,137,143,199,123,123,26222,39321
19.980,0,791,21,84,54,14.7,13.57,0.923,1,0,0,0,14,312,2.544,1,19,136.5,0,0,0,0,1,0,0,0,0,0,0,0,0,0,0,52.82,34,0.344,1,0,0,0,0,0,0,0,0,0,800,790,800,800,1090,1400,75,0.254,26.5,14.3,12.92,0,136.5,0,19,21,12.819,353.28,1,0.645,0.645,0.586,2.285,0.645,0.02,0,,,,44,0,0,0,0,0,0,0,0,0,0,7,0,0,7000,7000,29,242,1346,69,56,45,71,44,45,0,39321,188,137,143,199,123,123,26222,39321
20.040,0,795,21,84,54,14.7,13.57,0.923,1,0,0,0,13,312,2.544,1,20,136.5,0,0,0,0,1,0,0,0,0,0,0,0,0,0,0,52.82,34,0.344,1,0,0,0,0,0,0,0,0,0,800,800,800,800,1090,1400,75,0.254,26.5,14.3,12.86,0,136.5,0,20,21,12.819,353.28,1,0.625,0.625,0.586,2.285,0.645,0.02,0,,,,52,0,0,0,0,0,0,0,0,0,0,7,0,0,7000,7000,29,242,1346,74,52,45,71,44,45,0,39321,191,137,143,199,123,123,26222,39321
20.100,0,793,21,84,54,14.7,13.57,0.923,1,0,0,0,14,312,2.544,1,20,136.5,0,0,0,0,1,0,0,0,0,0,0,0,0,0,0,52.82,34,0.344,1,0,0,0,0,0,0,0,0,0,800,790,800,800,1090,1400,75,0.254,26.5,14.3,12.86,0,136.5,0,20,21,12.819,353.28,1,0.645,0.645,0.586,2.285,0.645,0.02,0,,,,66,0,0,0,0,0,0,0,0,0,0,7,0,0,7000,7000,29,242,1346,74,52,45,66,44,45,0,39321,191,137,143,196,123,123,26222,39321
20.160,0,795,21,84,54,14.7,13.57,0.923,1,0,0,0,13,312,2.544,1,20,136.5,0,0,0,0,1,0,0,0,0,0,0,0,0,0,0,52.82,34,0.344,1,0,0,0,0,0,0,0,0,0,800,800,800,800,1090,1400,75,0.254,26.5,14.3,12.63,0,136.5,0,20,21,12.819,353.28,1,0.625,0.625,0.586,2.285,0.645,0.02,0,,,,74,0,0,0,0,0,0,0,0,0,0,7,0,0,7000,7000,29,242,1346,74,52,45,66,47,51,0,39321,191,137,143,196,123,126,26222,39321
20.220,0,794,21,84,54,14.7,13.57,0.923,1,0,0,0,14,312,2.536,1,19,136.17,0,0,0,0,1,0,0,0,0,0,0,0,0,0,0,52.6,34,0.344,1,0,0,0,0,0,0,0,0,0,800,790,800,800,1090,1400,75,0.254,26.5,14.3,12.69,0,136.17,0,19,21,12.819,353.28,1,0.625,0.625,0.586,2.285,0.645,0.02,0,,,,49,0,0,0,0,0,0,0,0,0,0,7,0,0,7000,7000,29,242,1346,74,45,49,66,47,51,0,39321,191,137,143,196,123,126,26222,39321
20.280,0,798,21,84,54,14.7,13.57,0.923,1,0,0,0,13,312,2.544,1,20,136.33,0,0,0,0,1,0,0,0,0,0,0,0,0,0,0,52.82,34,0.344,1,0,0,0,0,0,0,0,0,0,800,800,800,800,1090,1400,75,0.254,26.5,14.3,12.69,0,136.33,0,20,21,12.819,353.28,1,0.645,0.645,0.586,2.285,0.645,0.02,0,,,,42,0,0,0,0,0,0,0,0,0,0,7,0,0,7000,7000,29,242,1346,74,45,49,86,42,51,0,39321,191,137,143,199,123,126,26222,39321
20.340,0,799,21,84,54,14.7,13.6,0.925,1,0,0,0,13,312,2.536,1,20,136.17,0,0,0,0,1,0,0,0,0,0,0,0,0,0,0,52.6,34,0.344,1,0,0,0,0,0,0,0,0,0,800,800,800,800,1090,1400,75,0.254,26.5,14.3,12.75,0,136.17,0,20,21,12.819,353.28,1,0.625,0.625,0.586,2.285,0.645,0.02,0,,,,42,0,0,0,0,0,0,0,0,0,0,7,0,0,7000,7000,29,242,1346,69,42,49,86,42,47,0,39321,191,135,143,199,123,126,26222,39321
20.400,0,794,21,84,54,14.7,13.6,0.925,1,0,0,0,14,312,2.536,1,19,136,0,0,0,0,1,0,0,0,0,0,0,0,0,0,0,52.6,34,0.344,1,0,0,0,0,0,0,0,0,0,800,790,800,800,1090,1400,75,0.254,26.5,14.3,12.75,0,136,0,19,21,12.819,353.28,1,0.625,0.625,0.586,2.285,0.645,0.02,0,,,,85,0,0,0,0,0,0,0,0,0,0,7,0,0,7000,7000,29,242,1346,69,42,45,85,42,47,0,39321,191,135,143,202,123,126,26222,39321
20.460,0,795,21,84,54,14.7,13.6,0.925,1,0,0,0,13,312,2.536,1,19,136.17,0,0,0,0,1,0,0,0,0,0,0,0,0,0,0,52.6,34,0.344,1,0,0,0,0,0,0,0,0,0,800,800,800,800,1090,1400,75,0.254,26.5,14.3,12.98,0,136.17,0,19,21,12.819,353.28,1,0.625,0.625,0.586,2.285,0.645,0.02,0,,,,49,0,0,0,0,0,0,0,0,0,0,7,0,0,7000,7000,29,242,1346,69,42,45,85,45,49,0,39321,191,135,143,202,123,126,26222,39321
20.520,0,797,21,84,54,14.7,13.57,0.923,1,0,0,0,13,312,2.536,1,20,136,0,0,0,0,1,0,0,0,0,0,0,0,0,0,0,52.6,34,0.344,1,0,0,0,0,0,0,0,0,0,800,800,800,800,1090,1400,75,0.254,26.5,14.3,12.98,0,136,0,20,21,12.819,353.28,1,0.625,0.625,0.586,2.285,0.645,0.02,0,,,,52,0,0,0,0,0,0,0,0,0,0,7,0,0,7000,7000,29,242,1346,81,45,52,85,45,49,0,39321,194,135,143,202,123,126,26222,39321
20.580,0,796,21,84,54,14.7,13.57,0.923,1,0,0,0,13,312,2.536,1,19,136,0,0,0,0,1,0,0,0,0,0,0,0,0,0,0,52.6,34,0.344,1,0,0,0,0,0,0,0,0,0,800,800,800,800,1090,1400,75,0.254,26.5,14.3,13.03,0,136,0,19,21,12.819,353.28,1,0.625,0.625,0.586,2.285,0.645,0.02,0,,,,39,0,0,0,0,0,0,0,0,0,0,7,0,0,7000,7000,29,242,1346,81,45,52,85,39,49,0,39321,194,135,143,205,120,126,26222,39321
20.640,0,797,21,84,54,14.7,13.57,0.923,1,0,0,0,13,312,2.536,1,20,136,0,0,0,0,1,0,0,0,0,0,0,0,0,0,0,52.6,34,0.344,1,0,0,0,0,0,0,0,0,0,800,800,800,800,1090,1400,75,0.254,26.5,14.3,13.03,0,136,0,20,21,12.819,353.28,1,0.625,0.625,0.586,2.285,0.645,0.02,0,,,,47,0,0,0,0,0,0,0,0,0,0,7,0,0,7000,7000,29,242,1346,76,47,52,85,39,51,0,39321,194,135,143,205,120,129,26222,39321
20.700,0,794,21,84,54,14.7,13.57,0.923,1,0,0,0,14,312,2.536,1,19,136,0,0,0,0,1,0,0,0,0,0,0,0,0,0,0,52.6,34,0.344,1,0,0,0,0,0,0,0,0,0,800,790,800,800,1090,1400,75,0.254,26.5,14.3,13.03,0,136,0,19,21,12.819,353.28,1,0.625,0.625,0.586,2.285,0.645,0.02,0,,,,79,0,0,0,0,0,0,0,0,0,0,7,0,0,7000,7000,29,242,1346,76,47,47,79,39,51,0,39321,194,135,143,205,120,129,26222,39321
20.760,0,794,21,84,54,14.7,13.6,0.925,1,0,0,0,14,312,2.536,1,19,136,0,0,0,0,1,0,0,0,0,0,0,0,0,0,0,52.6,34,0.344,1,0,0,0,0,0,0,0,0,0,800,790,800,800,1090,1400,75,0.254,26.5,14.3,13.03,0,136,0,19,21,12.819,353.28,1,0.645,0.645,0.586,2.285,0.645,0.02,0,,,,45,0,0,0,0,0,0,0,0,0,0,7,0,0,7000,7000,29,242,1346,76,47,47,79,42,45,0,39321,194,135,143,205,120,129,26222,39321
20.820,0,799,21,84,54,14.7,13.6,0.925,1,0,0,0,13,312,2.536,1,20,136,0,0,0,0,1,0,0,0,0,0,0,0,0,0,0,52.6,34,0.344,1,0,0,0,0,0,0,0,0,0,800,800,800,800,1090,1400,75,0.254,26.5,14.3,12.86,0,136,0,20,21,12.819,353.28,1,0.625,0.625,0.586,2.285,0.645,0.02,0,,,,45,0,0,0,0,0,0,0,0,0,0,7,0,0,7000,7000,29,242,1346,68,49,45,79,42,45,0,39321,194,135,143,205,120,129,26222,39321
20.880,0,803,21,84,54,14.7,13.6,0.925,1,0,0,0,13,312,2.536,1,20,136,0,0,0,0,1,0,0,0,0,0,0,0,0,0,0,52.6,34,0.344,1,0,0,0,0,0,0,0,0,0,800,800,800,800,1090,1400,75,0.254,26.5,14.3,12.81,0,136,0,20,21,12.819,353.28,1,0.625,0.625,0.586,2.285,0.645,0.02,0,,,,40,0,0,0,0,0,0,0,0,0,0,7,0,0,7000,7000,29,242,1346,68,49,45,69,40,45,0,39321,194,135,143,205,118,129,26222,39321
20.940,0,800,21,84,54,14.7,13.6,0.925,1,0,0,0,13,312,2.536,1,20,136,0,0,0,0,1,0,0,0,0,0,0,0,0,0,0,52.6,34,0.344,1,0,0,0,0,0,0,0,0,0,800,800,800,800,1090,1400,75,0.254,26.5,14.3,12.86,0,136,0,20,21,12.819,353.28,1,0.625,0.625,0.586,2.285,0.645,0.02,0,,,,49,0,0,0,0,0,0,0,0,0,0,7,0,0,7000,7000,29,242,1346,71,49,45,69,40,49,0,39321,194,135,143,205,118,132,26222,39321
21.000,0,797,21,84,54,14.7,13.6,0.925,1,0,0,0,13,312,2.536,1,20,136,0,0,0,0,1,0,0,0,0,0,0,0,0,0,0,52.6,34,0.344,1,0,0,0,0,0,0,0,0,0,800,800,800,800,1090,1400,75,0.254,26.5,14.3,12.81,0,136,0,20,21,12.819,353.28,1,0.625,0.625,0.586,2.285,0.645,0.02,0,,,,76,0,0,0,0,0,0,0,0,0,0,7,0,0,7000,7000,29,242,1346,71,49,51,76,40,49,0,39321,194,135,143,205,118,132,26222,39321
21.060,0,795,21,84,54,14.7,13.6,0.925,1,0,0,0,13,312,2.536,1,19,136,0,0,0,0,1,0,0,0,0,0,0,0,0,0,0,52.6,34,0.344,1,0,0,0,0,0,0,0,0,0,800,800,800,800,1090,1400,75,0.254,26.5,14.3,12.81,0,136,0,19,21,12.819,353.28,1,0.645,0.645,0.586,2.285,0.645,0.02,0,,,,47,0,0,0,0,0,0,0,0,0,0,7,0,0,7000,7000,29,242,1346,71,49,51,76,45,47,0,39321,194,135,143,205,118,132,26222,39321
21.120,0,793,21,84,54,14.7,13.6,0.925,1,0,0,0,14,312,2.536,1,19,136,0,0,0,0,1,0,0,0,0,0,0,0,0,0,0,52.6,34,0.344,1,0,0,0,0,0,0,0,0,0,800,790,800,800,1090,1400,75,0.254,26.5,14.3,12.92,0,136,0,19,21,12.819,353.28,1,0.625,0.625,0.586,2.266,0.645,0.02,0,,,,49,0,0,0,0,0,0,0,0,0,0,7,0,0,7000,7000,29,242,1346,62,49,49,76,45,47,0,39321,194,135,143,205,118,132,26222,39321
21.180,0,792,21,84,54,14.7,13.6,0.925,1,0,0,0,14,312,2.536,1,19,136,0,0,0,0,1,0,0,0,0,0,0,0,0,0,0,52.6,34,0.344,1,0,0,0,0,0,0,0,0,0,800,790,800,800,1090,1400,75,0.254,26.5,14.3,12.92,0,136,0,19,21,12.819,353.28,1,0.645,0.645,0.586,2.266,0.645,0.02,0,,,,42,0,0,0,0,0,0,0,0,0,0,7,0,0,7000,7000,29,242,1346,62,49,49,68,42,47,0,39321,194,135,143,202,118,132,26222,39321
21.240,0,788,21,84,54,14.7,13.6,0.925,1,0,0,0,14,312,2.536,1,19,136,0,0,0,0,1,0,0,0,0,0,0,0,0,0,0,52.6,34,0.344,1,0,0,0,0,0,0,0,0,0,800,790,800,800,1090,1400,75,0.254,26.5,14.3,12.86,0,136,0,19,21,12.819,353.28,1,0.625,0.625,0.586,2.266,0.645,0.02,0,,,,47,0,0,0,0,0,0,0,0,0,0,7,0,0,7000,7000,29,242,1346,79,47,49,68,42,42,0,39321,196,135,143,202,118,132,26222,39321
21.300,0,785,21,84,54,14.7,13.6,0.925,1,0,0,0,14,312,2.536,1,19,136.17,0,0,0,0,1,0,0,0,0,0,0,0,0,0,0,52.82,34,0.344,1,0,0,0,0,0,0,0,0,0,800,790,800,800,1090,1400,75,0.254,26.5,14.3,12.86,0,136.17,0,19,21,12.819,353.28,1,0.625,0.625,0.586,2.266,0.645,0.02,0,,,,74,0,0,0,0,0,0,0,0,0,0,7,0,0,7000,7000,29,242,1346,79,47,47,74,42,42,0,39321,196,135,140,202,118,132,26222,39321
21.360,0,782,21,84,54,14.7,13.6,0.925,1,0,0,0,15,312,2.544,1,19,136.33,0,0,0,0,1,0,0,0,0,0,0,0,0,0,0,52.82,34,0.344,1,0,0,0,0,0,0,0,0,0,800,780,800,800,1090,1400,75,0.254,26.5,14.3,12.86,0,136.33,0,19,21,12.819,353.28,1,0.645,0.645,0.586,2.266,0.645,0.02,0,,,,44,0,0,0,0,0,0,0,0,0,0,7,0,0,7000,7000,29,242,1346,79,47,47,74,40,44,0,39321,196,135,140,202,118,132,26222,39321
21.420,0,787,21,84,54,14.7,13.6,0.925,1,0,0,0,14,312,2.544,1,19,136.5,0,0,0,0,1,0,0,0,0,0,0,0,0,0,0,52.82,34,0.344,1,0,0,0,0,0,0,0,0,0,800,790,800,800,1090,1400,75,0.254,26.5,14.3,12.81,0,136.5,0,19,21,12.819,353.28,1,0.625,0.625,0.586,2.266,0.645,0.02,0,,,,47,0,0,0,0,0,0,0,0,0,0,7,0,0,7000,7000,29,242,1346,85,49,47,74,40,44,0,39321,199,135,140,202,118,132,26222,39321
21.480,0,788,21,84,54,14.7,13.63,0.927,1,0,0,0,14,312,2.544,1,19,136.5,0,0,0,0,1,0,0,0,0,0,0,0,0,0,0,52.82,34,0.344,1,0,0,0,0,0,0,0,0,0,800,790,800,800,1090,1400,75,0.254,26.5,14.3,12.75,0,136.5,0,19,21,12.819,353.28,1,0.625,0.625,0.586,2.266,0.645,0.02,0,,,,45,0,0,0,0,0,0,0,0,0,0,7,0,0,7000,7000,29,242,1346,85,49,47,61,45,44,0,39321,199,135,140,199,118,132,26222,39321
21.540,0,786,21,84,54,14.7,13.63,0.927,1,0,0,0,14,312,2.544,1,19,136.5,0,0,0,0,1,0,0,0,0,0,0,0,0,0,0,52.82,34,0.344,1,0,0,0,0,0,0,0,0,0,800,790,800,800,1090,1400,75,0.254,26.5,14.3,12.86,0,136.5,0,19,21,12.819,353.28,1,0.645,0.645,0.586,2.266,0.645,0.02,0,,,,88,0,0,0,0,0,0,0,0,0,0,7,0,0,7000,7000,29,242,1346,88,49,47,61,45,45,0,39321,202,135,140,199,118,132,26222,39321
21.600,0,786,21,84,54,14.7,13.63,0.927,1,0,0,0,14,312,2.544,1,19,136.5,0,0,0,0,1,0,0,0,0,0,0,0,0,0,0,52.82,34,0.344,1,0,0,0,0,0,0,0,0,0,800,790,800,800,1090,1400,75,0.254,26.5,14.3,12.81,0,136.5,0,19,21,12.819,353.28,1,0.645,0.645,0.586,2.266,0.645,0.02,0,,,,71,0,0,0,0,0,0,0,0,0,0,7,0,0,7000,7000,29,242,1346,88,49,45,71,45,45,0,39321,202,135,140,199,118,132,26222,39321
21.660,0,783,21,84,54,14.7,13.69,0.931,1,0,0,0,15,312,2.544,1,19,136.5,0,0,0,0,1,0,0,0,0,0,0,0,0,0,0,52.82,34,0.344,1,0,0,0,0,0,0,0,0,0,800,780,800,800,1090,1400,75,0.254,26.5,14.3,12.98,0,136.5,0,19,21,12.819,353.28,1,0.625,0.625,0.586,2.266,0.645,0.02,0,,,,42,0,0,0,0,0,0,0,0,0,0,7,0,0,7000,7000,29,242,1346,88,49,45,71,44,42,0,39321,202,135,140,199,118,132,26222,39321
21.720,0,782,21,84,54,14.7,13.69,0.931,1,0,0,0,15,312,2.544,1,19,136.5,0,0,0,0,1,0,0,0,0,0,0,0,0,0,0,52.82,34,0.344,1,0,0,0,0,0,0,0,0,0,800,780,800,800,1090,1400,75,0.254,26.5,14.3,12.98,0,136.5,0,19,21,12.819,353.28,1,0.645,0.645,0.586,2.266,0.645,0.02,0,,,,45,0,0,0,0,0,0,0,0,0,0,7,0,0,7000,7000,29,242,1346,93,45,45,71,44,42,0,39321,205,135,140,199,118,132,26222,39321
21.780,0,781,21,84,54,14.7,13.69,0.931,1,0,0,0,15,312,2.544,1,19,136.67,0,0,0,0,1,0,0,0,0,0,0,0,0,0,0,53.05,34,0.344,1,0,0,0,0,0,0,0,0,0,800,780,800,800,1090,1400,75,0.254,26.5,14.3,13.15,0,136.67,0,19,21,12.819,353.28,1,0.645,0.645,0.586,2.266,0.645,0.02,0,,,,40,0,0,0,0,0,0,0,0,0,0,7,0,0,7000,7000,29,242,1346,93,45,45,69,40,42,0,39321,205,135,140,199,118,132,26222,39321
21.840,0,790,21,84,54,14.7,13.69,0.931,1,0,0,0,14,312,2.544,1,19,136.67,0,0,0,0,1,0,0,0,0,0,0,0,0,0,0,53.05,34,0.344,1,0,0,0,0,0,0,0,0,0,800,790,800,800,1090,1400,75,0.254,26.5,14.3,13.15,0,136.67,0,19,21,12.819,353.28,1,0.645,0.645,0.586,2.266,0.645,0.02,0,,,,91,0,0,0,0,0,0,0,0,0,0,7,0,0,7000,7000,29,242,1346,91,45,45,69,40,44,0,39321,208,135,140,199,118,129,26222,39321
21.900,0,792,21,84,54,14.7,13.69,0.931,1,0,0,0,14,312,2.544,1,19,136.67,0,0,0,0,1,0,0,0,0,0,0,0,0,0,0,52.82,34,0.344,1,0,0,0,0,0,0,0,0,0,800,790,800,800,1090,1400,75,0.254,26.5,14.3,13.15,0,136.67,0,19,21,12.819,353.28,1,0.625,0.625,0.586,2.266,0.645,0.02,0,,,,49,0,0,0,0,0,0,0,0,0,0,7,0,0,7000,7000,29,242,1346,91,45,49,69,40,44,0,39321,208,135,140,199,118,129,26222,39321
21.960,0,789,21,84,54,14.7,13.69,0.931,1,0,0,0,14,312,2.544,1,19,136.5,0,0,0,0,1,0,0,0,0,0,0,0,0,0,0,52.82,34,0.344,1,0,0,0,0,0,0,0,0,0,800,790,800,800,1090,1400,75,0.254,26.5,14.3,13.09,0,136.5,0,19,21,12.819,353.28,1,0.645,0.645,0.586,2.266,0.645,0.02,0,,,,45,0,0,0,0,0,0,0,0,0,0,7,0,0,7000,7000,29,242,1346,91,45,49,61,44,45,0,39321,208,135,140,199,118,129,26222,39321
22.020,0,794,21,84,54,14.7,13.69,0.931,1,0,0,0,14,312,2.544,1,20,136.5,0,0,0,0,1,0,0,0,0,0,0,0,0,0,0,52.82,34,0.344,1,0,0,0,0,0,0,0,0,0,800,790,800,800,1090,1400,75,0.254,26.5,14.3,13.09,0,136.5,0,20,21,12.819,353.28,1,0.645,0.645,0.586,2.266,0.645,0.02,0,,,,45,0,0,0,0,0,0,0,0,0,0,7,0,0,7000,7000,29,242,1346,91,45,49,61,44,45,0,39321,210,135,140,199,118,129,26222,39321
22.080,0,797,21,84,54,14.7,13.69,0.931,1,0,0,0,13,312,2.544,1,20,136.5,0,0,0,0,1,0,0,0,0,0,0,0,0,0,0,52.82,34,0.344,1,0,0,0,0,0,0,0,0,0,800,800,800,800,1090,1400,75,0.254,26.5,14.3,12.86,0,136.5,0,20,21,12.819,353.28,1,0.625,0.625,0.586,2.266,0.645,0.02,0,,,,40,0,0,0,0,0,0,0,0,0,0,7,0,0,7000,7000,29,242,1346,91,45,47,66,40,45,0,39321,210,135,137,199,118,129,26222,39321
22.140,0,797,21,84,54,14.7,13.63,0.927,1,0,0,0,13,312,2.544,1,20,136.5,0,0,0,0,1,0,0,0,0,0,0,0,0,0,0,52.82,34,0.344,1,0,0,0,0,0,0,0,0,0,800,800,800,800,1090,1400,75,0.254,26.5,14.3,12.92,0,136.5,0,20,21,12.819,353.28,1,0.625,0.625,0.586,2.266,0.645,0.02,0,,,,78,0,0,0,0,0,0,0,0,0,0,7,0,0,7000,7000,29,242,1346,78,45,47,66,40,42,0,39321,210,135,137,199,118,129,26222,39321
22.200,0,794,21,84,54,14.7,13.63,0.927,1,0,0,0,14,312,2.544,1,20,136.5,0,0,0,0,1,0,0,0,0,0,0,0,0,0,0,52.82,34,0.344,1,0,0,0,0,0,0,0,0,0,800,790,800,800,1090,1400,75,0.254,26.5,14.3,12.75,0,136.5,0,20,21,12.819,353.28,1,0.645,0.645,0.586,2.266,0.645,0.02,0,,,,42,0,0,0,0,0,0,0,0,0,0,7,0,0,7000,7000,29,242,1346,78,47,42,66,40,42,0,39321,210,135,135,199,118,129,26222,39321
22.260,0,792,21,84,54,14.7,13.63,0.927,1,0,0,0,14,312,2.544,1,19,136.5,0,0,0,0,1,0,0,0,0,0,0,0,0,0,0,52.82,34,0.344,1,0,0,0,0,0,0,0,0,0,800,790,800,800,1090,1400,75,0.254,26.5,14.3,12.75,0,136.5,0,19,21,12.819,353.28,1,0.625,0.625,0.586,2.266,0.645,0.02,0,,,,47,0,0,0,0,0,0,0,0,0,0,7,0,0,7000,7000,29,242,1346,78,47,42,69,40,47,0,39321,210,135,135,199,118,129,26222,39321
22.320,0,794,21,84,54,14.7,13.63,0.927,1,0,0,0,14,312,2.544,1,20,136.5,0,0,0,0,1,0,0,0,0,0,0,0,0,0,0,52.6,34,0.344,1,0,0,0,0,0,0,0,0,0,800,790,800,800,1090,1400,75,0.254,26.5,14.3,12.75,0,136.5,0,20,21,12.819,353.28,1,0.645,0.645,0.586,2.266,0.645,0.02,0,,,,45,0,0,0,0,0,0,0,0,0,0,7,0,0,7000,7000,29,242,1346,81,45,42,69,40,47,0,39321,213,132,135,199,118,129,26222,39321
22.380,0,788,21,84,54,14.7,13.69,0.931,1,0,0,0,14,312,2.544,1,19,136.5,0,0,0,0,1,0,0,0,0,0,0,0,0,0,0,52.82,34,0.344,1,0,0,0,0,0,0,0,0,0,800,790,800,800,1090,1400,75,0.254,26.5,14.3,12.86,0,136.5,0,19,21,12.819,353.28,1,0.625,0.625,0.586,2.266,0.645,0.02,0,,,,66,0,0,0,0,0,0,0,0,0,0,7,0,0,7000,7000,29,242,1346,81,45,40,66,40,47,0,39321,213,132,135,199,118,129,26222,39321
22.440,0,791,21,84,54,14.7,13.69,0.931,1,0,0,0,14,312,2.544,1,19,136.33,0,0,0,0,1,0,0,0,0,0,0,0,0,0,0,52.6,34,0.344,1,0,0,0,0,0,0,0,0,0,800,790,800,800,1090,1400,75,0.254,26.5,14.3,12.92,0,136.33,0,19,21,12.819,353.28,1,0.625,0.625,0.586,2.266,0.645,0.02,0,,,,93,0,0,0,0,0,0,0,0,0,0,7,0,0,7000,7000,29,242,1346,93,45,40,66,40,42,0,39321,216,132,135,199,115,129,26222,39321
22.500,0,786,21,84,54,14.7,13.6,0.925,1,0,0,0,14,312,2.544,1,19,136.33,0,0,0,0,1,0,0,0,0,0,0,0,0,0,0,52.82,34,0.344,1,0,0,0,0,0,0,0,0,0,800,790,800,800,1090,1400,75,0.254,26.5,14.3,12.86,0,136.33,0,19,21,12.819,353.28,1,0.625,0.625,0.586,2.266,0.645,0.02,0,,,,47,0,0,0,0,0,0,0,0,0,0,7,0,0,7000,7000,29,242,1346,93,51,47,66,40,42,0,39321,216,132,135,199,115,129,26222,39321
22.560,0,789,21,84,54,14.7,13.69,0.931,1,0,0,0,14,312,2.544,1,19,136.5,0,0,0,0,1,0,0,0,0,0,0,0,0,0,0,52.82,34,0.344,1,0,0,0,0,0,0,0,0,0,800,790,800,800,1090,1400,75,0.254,26.5,14.3,12.86,0,136.5,0,19,21,12.819,353.28,1,0.625,0.625,0.586,2.266,0.645,0.02,0,,,,42,0,0,0,0,0,0,0,0,0,0,7,0,0,7000,7000,29,242,1346,93,51,47,66,44,42,0,39321,216,132,135,199,115,129,26222,39321
22.620,0,788,21,84,54,14.7,13.6,0.925,1,0,0,0,14,312,2.544,1,19,136.5,0,0,0,0,1,0,0,0,0,0,0,0,0,0,0,52.82,34,0.344,1,0,0,0,0,0,0,0,0,0,800,790,800,800,1090,1400,75,0.254,26.5,14.3,12.98,0,136.5,0,19,21,12.819,353.28,1,0.625,0.625,0.586,2.266,0.645,0.02,0,,,,47,0,0,0,0,0,0,0,0,0,0,7,0,0,7000,7000,29,242,1346,74,47,47,66,44,42,0,39321,216,132,135,199,115,129,26222,39321
22.680,0,788,21,84,54,14.7,13.6,0.925,1,0,0,0,14,312,2.544,1,19,136.5,0,0,0,0,1,0,0,0,0,0,0,0,0,0,0,52.82,34,0.344,1,0,0,0,0,0,0,0,0,0,800,790,800,800,1090,1400,75,0.254,26.5,14.3,12.92,0,136.5,0,19,21,12.819,353.28,1,0.625,0.625,0.586,2.266,0.645,0.02,0,,,,68,0,0,0,0,0,0,0,0,0,0,7,0,0,7000,7000,29,242,1346,74,47,45,68,44,42,0,39321,216,132,135,196,115,129,26222,39321
22.740,0,788,21,84,54,14.7,13.63,0.927,1,0,0,0,14,312,2.544,1,19,136.5,0,0,0,0,1,0,0,0,0,0,0,0,0,0,0,52.82,34,0.344,1,0,0,0,0,0,0,0,0,0,800,790,800,800,1090,1400,75,0.254,26.5,14.3,12.86,0,136.5,0,19,21,12.819,353.28,1,0.645,0.645,0.586,2.266,0.645,0.02,0,,,,88,0,0,0,0,0,0,0,0,0,0,7,0,0,7000,7000,29,242,1346,88,47,45,68,44,45,0,39321,216,132,135,196,118,129,26222,39321
22.800,0,794,21,84,54,14.7,13.6,0.925,1,0,0,0,14,312,2.544,1,20,136.5,0,0,0,0,1,0,0,0,0,0,0,0,0,0,0,52.82,34,0.344,1,0,0,0,0,0,0,0,0,0,800,790,800,800,1090,1400,75,0.254,26.5,14.3,12.92,0,136.5,0,20,21,12.819,353.28,1,0.645,0.645,0.586,2.266,0.645,0.02,0,,,,39,0,0,0,0,0,0,0,0,0,0,7,0,0,7000,7000,29,242,1346,88,47,39,68,44,45,0,39321,216,132,135,196,118,129,26222,39321
22.860,0,789,21,84,54,14.7,13.6,0.925,1,0,0,0,14,312,2.544,1,19,136.5,0,0,0,0,1,0,0,0,0,0,0,0,0,0,0,52.82,34,0.344,1,0,0,0,0,0,0,0,0,0,800,790,800,800,1090,1400,75,0.254,26.5,14.3,12.92,0,136.5,0,19,21,12.819,353.28,1,0.625,0.625,0.586,2.266,0.645,0.02,0,,,,45,0,0,0,0,0,0,0,0,0,0,7,0,0,7000,7000,29,242,1346,88,47,39,69,45,45,0,39321,216,132,135,196,118,129,26222,39321
22.920,0,794,21,84,54,14.7,13.6,0.925,1,0,0,0,14,312,2.544,1,20,136.5,0,0,0,0,1,0,0,0,0,0,0,0,0,0,0,52.82,34,0.344,1,0,0,0,0,0,0,0,0,0,800,790,800,800,1090,1400,75,0.254,26.5,14.3,12.86,0,136.5,0,20,21,12.819,353.28,1,0.625,0.625,0.586,2.266,0.645,0.02,0,,,,45,0,0,0,0,0,0,0,0,0,0,7,0,0,7000,7000,29,242,1346,105,45,39,69,45,40,0,39321,222,132,135,196,118,126,26222,39321
22.980,0,798,21,84,54,14.7,13.6,0.925,1,0,0,0,13,312,2.544,1,20,136.5,0,0,0,0,1,0,0,0,0,0,0,0,0,0,0,52.82,34,0.344,1,0,0,0,0,0,0,0,0,0,800,800,800,800,1090,1400,75,0.254,26.5,14.3,12.92,0,136.5,0,20,21,12.819,353.28,1,0.645,0.645,0.586,2.266,0.645,0.02,0,,,,68,0,0,0,0,0,0,0,0,0,0,7,0,0,7000,7000,29,242,1346,105,45,39,68,45,40,0,39321,222,132,135,194,118,126,26222,39321
23.039,0,795,21,84,54,14.7,13.6,0.925,1,0,0,0,13,312,2.544,1,20,136.33,0,0,0,0,1,0,0,0,0,0,0,0,0,0,0,52.6,34,0.344,1,0,0,0,0,0,0,0,0,0,800,800,800,800,1090,1400,75,0.254,26.5,14.3,13.03,0,136.33,0,20,21,12.819,353.28,1,0.625,0.625,0.586,2.266,0.645,0.02,0,,,,96,0,0,0,0,0,0,0,0,0,0,7,0,0,7000,7000,29,242,1346,96,45,39,68,37,37,0,39321,225,132,135,194,118,126,26222,39321
23.099,0,794,21,84,54,14.7,13.6,0.925,1,0,0,0,14,312,2.536,1,19,136.17,0,0,0,0,1,0,0,0,0,0,0,0,0,0,0,52.6,34,0.344,1,0,0,0,0,0,0,0,0,0,800,790,800,800,1090,1400,75,0.254,26.5,14.3,13.03,0,136.17,0,19,21,12.819,353.28,1,0.625,0.625,0.586,2.266,0.645,0.02,0,,,,44,0,0,0,0,0,0,0,0,0,0,7,0,0,7000,7000,29,242,1346,96,44,44,68,37,37,0,39321,225,129,135,194,118,126,26222,39321
23.160,0,791,21,84,54,14.7,13.6,0.925,1,0,0,0,14,312,2.544,1,19,136.33,0,0,0,0,1,0,0,0,0,0,0,0,0,0,0,52.82,34,0.344,1,0,0,0,0,0,0,0,0,0,800,790,800,800,1090,1400,75,0.254,26.5,14.3,13.03,0,136.33,0,19,21,12.819,353.28,1,0.645,0.645,0.586,2.266,0.645,0.02,0,,,,37,0,0,0,0,0,0,0,0,0,0,7,0,0,7000,7000,29,242,1346,96,44,44,69,37,37,0,39321,225,129,135,194,118,126,26222,39321
23.220,0,794,21,84,54,14.7,13.6,0.925,1,0,0,0,14,312,2.536,1,19,136.17,0,0,0,0,1,0,0,0,0,0,0,0,0,0,0,52.6,34,0.344,1,0,0,0,0,0,0,0,0,0,800,790,800,800,1090,1400,75,0.254,26.5,14.3,12.98,0,136.17,0,19,21,12.819,353.28,1,0.625,0.625,0.586,2.266,0.645,0.02,0,,,,42,0,0,0,0,0,0,0,0,0,0,7,0,0,7000,7000,29,242,1346,98,42,44,69,37,42,0,39321,227,129,135,194,118,126,26222,39321
23.279,0,796,21,84,54,14.7,13.63,0.927,1,0,0,0,13,312,2.536,1,19,136.17,0,0,0,0,1,0,0,0,0,0,0,0,0,0,0,52.6,34,0.344,1,0,0,0,0,0,0,0,0,0,800,800,800,800,1090,1400,75,0.254,26.5,14.3,13.03,0,136.17,0,19,21,12.819,353.28,1,0.645,0.645,0.586,2.266,0.645,0.02,0,,,,74,0,0,0,0,0,0,0,0,0,0,7,0,0,7000,7000,29,242,1346,98,42,47,74,37,42,0,39321,227,129,135,194,118,126,26222,39321
23.339,0,797,21,84,54,14.7,13.63,0.927,1,0,0,0,13,312,2.536,1,20,136,0,0,0,0,1,0,0,0,0,0,0,0,0,0,0,52.6,34,0.344,1,0,0,0,0,0,0,0,0,0,800,800,800,800,1090,1400,75,0.254,26.5,14.3,12.92,0,136,0,20,21,12.819,353.28,1,0.625,0.625,0.586,2.266,0.645,0.02,0,,,,73,0,0,0,0,0,0,0,0,0,0,7,0,0,7000,7000,29,242,1346,73,42,47,74,37,47,0,39321,225,129,135,194,118,126,26222,39321
23.399,0,797,21,84,54,14.7,13.6,0.925,1,0,0,0,13,312,2.536,1,20,136,0,0,0,0,1,0,0,0,0,0,0,0,0,0,0,52.6,34,0.344,1,0,0,0,0,0,0,0,0,0,800,800,800,800,1090,1400,75,0.254,26.5,14.3,12.69,0,136,0,20,21,12.819,353.28,1,0.625,0.625,0.586,2.266,0.645,0.02,0,,,,42,0,0,0,0,0,0,0,0,0,0,7,0,0,7000,7000,29,242,1346,73,47,42,74,37,47,0,39321,225,129,135,194,118,126,26222,39321
23.459,0,790,21,84,54,14.7,13.6,0.925,1,0,0,0,14,312,2.536,1,19,136,0,0,0,0,1,0,0,0,0,0,0,0,0,0,0,52.6,34,0.344,1,0,0,0,0,0,0,0,0,0,800,790,800,800,1090,1400,75,0.254,26.5,14.3,12.69,0,136,0,19,21,12.819,353.28,1,0.645,0.645,0.586,2.266,0.645,0.02,0,,,,44,0,0,0,0,0,0,0,0,0,0,7,0,0,7000,7000,29,242,1346,73,47,42,61,44,47,0,39321,225,129,135,191,118,126,26222,39321
23.519,0,794,21,84,54,14.7,13.6,0.925,1,0,0,0,14,312,2.536,1,19,136,0,0,0,0,1,0,0,0,0,0,0,0,0,0,0,52.6,34,0.344,1,0,0,0,0,0,0,0,0,0,800,790,800,800,1090,1400,75,0.254,26.5,14.3,12.75,0,136,0,19,21,12.819,353.28,1,0.625,0.625,0.586,2.266,0.645,0.02,0,,,,45,0,0,0,0,0,0,0,0,0,0,7,0,0,7000,7000,29,242,1346,79,45,42,61,44,45,0,39321,225,129,135,191,118,126,26222,39321
23.579,0,788,21,84,54,14.7,13.6,0.925,1,0,0,0,14,312,2.536,1,19,136,0,0,0,0,1,0,0,0,0,0,0,0,0,0,0,52.6,34,0.344,1,0,0,0,0,0,0,0,0,0,800,790,800,800,1090,1400,75,0.254,26.5,14.3,12.75,0,136,0,19,21,12.819,353.28,1,0.625,0.625,0.586,2.266,0.645,0.02,0,,,,62,0,0,0,0,0,0,0,0,0,0,7,0,0,7000,7000,29,242,1346,79,45,44,62,44,45,0,39321,225,129,135,191,118,126,26222,39321
23.639,0,787,21,84,54,14.7,13.63,0.927,1,0,0,0,14,312,2.536,1,19,136.17,0,0,0,0,1,0,0,0,0,0,0,0,0,0,0,52.82,34,0.344,1,0,0,0,0,0,0,0,0,0,800,790,800,800,1090,1400,75,0.254,26.5,14.3,12.81,0,136.17,0,19,21,12.819,353.28,1,0.645,0.645,0.586,2.266,0.645,0.02,0,,,,44,0,0,0,0,0,0,0,0,0,0,7,0,0,7000,7000,29,242,1346,79,45,44,62,40,44,0,39321,225,129,135,191,118,126,26222,39321
23.699,0,785,21,84,54,14.7,13.63,0.927,1,0,0,0,14,312,2.544,1,19,136.33,0,0,0,0,1,0,0,0,0,0,0,0,0,0,0,52.82,34,0.344,1,0,0,0,0,0,0,0,0,0,800,790,800,800,1090,1400,75,0.254,26.5,14.3,12.92,0,136.33,0,19,21,12.819,353.28,1,0.625,0.625,0.586,2.266,0.645,0.02,0,,,,45,0,0,0,0,0,0,0,0,0,0,7,0,0,7000,7000,29,242,1346,96,44,45,62,40,44,0,39321,227,126,135,191,118,126,26222,39321
23.759,0,786,21,84,54,14.7,13.69,0.931,1,0,0,0,14,312,2.544,1,19,136.33,0,0,0,0,1,0,0,0,0,0,0,0,0,0,0,52.82,34,0.344,1,0,0,0,0,0,0,0,0,0,800,790,800,800,1090,1400,75,0.254,26.5,14.3,12.98,0,136.33,0,19,21,12.819,353.28,1,0.645,0.645,0.586,2.266,0.645,0.02,0,,,,42,0,0,0,0,0,0,0,0,0,0,7,0,0,7000,7000,29,242,1346,96,44,45,68,42,44,0,39321,227,126,135,191,118,126,26222,39321
23.819,0,793,21,84,54,14.7,13.69,0.931,1,0,0,0,14,312,2.544,1,19,136.5,0,0,0,0,1,0,0,0,0,0,0,0,0,0,0,52.82,34,0.344,1,0,0,0,0,0,0,0,0,0,800,790,800,800,1090,1400,75,0.254,26.5,14.3,12.98,0,136.5,0,19,21,12.819,353.28,1,0.625,0.625,0.586,2.266,0.645,0.02,0,,,,44,0,0,0,0,0,0,0,0,0,0,7,0,0,7000,7000,29,242,1346,81,44,45,68,42,44,0,39321,227,126,135,191,118,126,26222,39321
23.879,0,795,21,84,54,14.7,13.6,0.925,1,0,0,0,13,312,2.544,1,20,136.5,0,0,0,0,1,0,0,0,0,0,0,0,0,0,0,52.82,34,0.344,1,0,0,0,0,0,0,0,0,0,800,800,800,800,1090,1400,75,0.254,26.5,14.3,13.03,0,136.5,0,20,21,12.819,353.28,1,0.625,0.625,0.586,2.266,0.645,0.02,0,,,,79,0,0,0,0,0,0,0,0,0,0,7,0,0,7000,7000,29,242,1346,81,44,45,79,42,44,0,39321,227,126,135,194,118,126,26222,39321
23.939,0,797,21,84,54,14.7,13.63,0.927,1,0,0,0,13,312,2.544,1,20,136.5,0,0,0,0,1,0,0,0,0,0,0,0,0,0,0,52.82,34,0.344,1,0,0,0,0,0,0,0,0,0,800,800,800,800,1090,1400,75,0.254,26.5,14.3,12.98,0,136.5,0,20,21,12.819,353.28,1,0.625,0.625,0.586,2.266,0.645,0.02,0,,,,40,0,0,0,0,0,0,0,0,0,0,7,0,0,7000,7000,29,242,1346,81,44,45,79,39,40,0,39321,227,126,135,194,115,126,26222,39321
23.999,0,794,21,84,54,14.7,13.63,0.927,1,0,0,0,14,312,2.536,1,19,136.17,0,0,0,0,1,0,0,0,0,0,0,0,0,0,0,52.6,34,0.344,1,0,0,0,0,0,0,0,0,0,800,790,800,800,1090,1400,75,0.254,26.5,14.3,13.03,0,136.17,0,19,21,12.819,353.28,1,0.625,0.625,0.586,2.266,0.645,0.02,0,,,,45,0,0,0,0,0,0,0,0,0,0,7,0,0,7000,7000,29,242,1346,88,47,45,79,39,40,0,39321,230,126,132,194,115,126,26222,39321
24.059,0,795,21,84,54,14.7,13.63,0.927,1,0,0,0,13,312,2.536,1,19,136.17,0,0,0,0,1,0,0,0,0,0,0,0,0,0,0,52.82,34,0.344,1,0,0,0,0,0,0,0,0,0,800,800,800,800,1090,1400,75,0.254,26.5,14.3,12.92,0,136.17,0,19,21,12.819,353.28,1,0.645,0.645,0.586,2.266,0.645,0.02,0,,,,42,0,0,0,0,0,0,0,0,0,0,7,0,0,7000,7000,29,242,1346,88,47,45,76,42,40,0,39321,230,126,132,196,115,126,26222,39321
24.119,0,791,21,84,54,14.7,13.69,0.931,1,0,0,0,14,312,2.536,1,19,136.17,0,0,0,0,1,0,0,0,0,0,0,0,0,0,0,52.6,34,0.344,1,0,0,0,0,0,0,0,0,0,800,790,800,800,1090,1400,75,0.254,26.5,14.3,12.92,0,136.17,0,19,21,12.819,353.28,1,0.625,0.625,0.586,2.266,0.645,0.02,0,,,,91,0,0,0,0,0,0,0,0,0,0,7,0,0,7000,7000,29,242,1346,91,47,45,76,42,40,0,39321,230,126,132,196,115,126,26222,39321
24.179,0,786,21,84,54,14.7,13.69,0.931,1,0,0,0,14,312,2.536,1,19,136.17,0,0,0,0,1,0,0,0,0,0,0,0,0,0,0,52.82,34,0.344,1,0,0,0,0,0,0,0,0,0,800,790,800,800,1090,1400,75,0.254,26.5,14.3,12.98,0,136.17,0,19,21,12.819,353.28,1,0.625,0.625,0.586,2.266,0.645,0.02,0,,,,64,0,0,0,0,0,0,0,0,0,0,7,0,0,7000,7000,29,242,1346,91,47,42,64,42,40,0,39321,230,126,132,196,115,126,26222,39321
24.239,0,784,21,84,54,14.7,13.69,0.931,1,0,0,0,15,312,2.544,1,19,136.33,0,0,0,0,1,0,0,0,0,0,0,0,0,0,0,52.82,34,0.344,1,0,0,0,0,0,0,0,0,0,800,780,800,800,1090,1400,75,0.254,26.5,14.3,12.92,0,136.33,0,19,21,12.745,353.28,1,0.645,0.645,0.586,2.266,0.645,0.02,0,,,,42,0,0,0,0,0,0,0,0,0,0,7,0,0,7000,7000,29,242,1346,91,47,42,64,44,42,0,39321,230,126,132,196,115,126,26222,39321
24.299,0,787,21,84,54,14.7,13.72,0.933,1,0,0,0,14,312,2.552,1,19,136.5,0,0,0,0,1,0,0,0,0,0,0,0,0,0,0,52.82,34,0.344,1,0,0,0,0,0,0,0,0,0,800,790,800,800,1090,1400,75,0.254,26.5,14.3,12.92,0,136.5,0,19,21,12.745,353.28,1,0.645,0.645,0.586,2.266,0.645,0.02,0,,,,45,0,0,0,0,0,0,0,0,0,0,7,0,0,7000,7000,29,242,1346,93,51,45,64,44,42,0,39321,230,129,132,196,115,126,26222,39321
24.359,0,787,21,84,54,14.7,13.69,0.931,1,0,0,0,14,312,2.544,1,19,136.5,0,0,0,0,1,0,0,0,0,0,0,0,0,0,0,52.82,34,0.344,1,0,0,0,0,0,0,0,0,0,800,790,800,800,1090,1400,75,0.254,26.5,14.3,13.09,0,136.5,0,19,21,12.819,353.28,1,0.625,0.625,0.586,2.266,0.645,0.02,0,,,,39,0,0,0,0,0,0,0,0,0,0,7,0,0,7000,7000,29,242,1346,93,51,45,64,39,42,0,39321,230,129,132,194,115,126,26222,39321
24.419,0,789,21,84,54,14.7,13.69,0.931,1,0,0,0,14,312,2.544,1,19,136.5,0,0,0,0,1,0,0,0,0,0,0,0,0,0,0,52.82,34,0.344,1,0,0,0,0,0,0,0,0,0,800,790,800,800,1090,1400,75,0.254,26.5,14.3,12.98,0,136.5,0,19,21,12.819,353.28,1,0.625,0.625,0.586,2.266,0.645,0.02,0,,,,81,0,0,0,0,0,0,0,0,0,0,7,0,0,7000,7000,29,242,1346,81,51,45,64,39,40,0,39321,230,129,132,194,115,126,26222,39321
24.479,0,786,21,84,54,14.7,13.69,0.931,1,0,0,0,14,312,2.544,1,19,136.5,0,0,0,0,1,0,0,0,0,0,0,0,0,0,0,52.82,34,0.344,1,0,0,0,0,0,0,0,0,0,800,790,800,800,1090,1400,75,0.254,26.5,14.3,12.92,0,136.5,0,19,21,12.819,353.28,1,0.645,0.645,0.586,2.266,0.645,0.02,0,,,,69,0,0,0,0,0,0,0,0,0,0,7,0,0,7000,7000,29,242,1346,81,47,45,69,39,40,0,39321,230,129,132,194,115,126,26222,39321
24.539,0,788,21,84,54,14.7,13.69,0.931,1,0,0,0,14,312,2.544,1,19,136.5,0,0,0,0,1,0,0,0,0,0,0,0,0,0,0,52.82,34,0.344,1,0,0,0,0,0,0,0,0,0,800,790,800,800,1090,1400,75,0.254,26.5,14.3,12.92,0,136.5,0,19,21,12.819,353.28,1,0.625,0.625,0.586,2.266,0.645,0.02,0,,,,42,0,0,0,0,0,0,0,0,0,0,7,0,0,7000,7000,29,242,1346,81,47,45,69,37,42,0,39321,230,129,132,194,112,126,26222,39321
24.599,0,794,21,84,54,14.7,13.69,0.931,1,0,0,0,14,312,2.544,1,19,136.5,0,0,0,0,1,0,0,0,0,0,0,0,0,0,0,52.82,34,0.344,1,0,0,0,0,0,0,0,0,0,800,790,800,800,1090,1400,75,0.254,26.5,14.3,12.92,0,136.5,0,19,21,12.819,353.28,1,0.645,0.645,0.586,2.266,0.645,0.02,0,,,,49,0,0,0,0,0,0,0,0,0,0,7,0,0,7000,7000,29,242,1346,86,49,45,69,37,42,0,39321,230,132,132,194,112,126,26222,39321
24.659,0,795,21,84,54,14.7,13.72,0.933,1,0,0,0,13,312,2.544,1,20,136.5,0,0,0,0,1,0,0,0,0,0,0,0,0,0,0,52.82,34,0.344,1,0,0,0,0,0,0,0,0,0,800,800,800,800,1090,1400,75,0.254,26.5,14.3,12.81,0,136.5,0,20,21,12.819,353.28,1,0.625,0.625,0.586,2.266,0.645,0.02,0,,,,44,0,0,0,0,0,0,0,0,0,0,7,0,0,7000,7000,29,242,1346,86,49,45,69,44,42,0,39321,230,132,132,194,112,126,26222,39321
24.719,0,800,21,84,54,14.7,13.72,0.933,1,0,0,0,13,312,2.544,1,20,136.5,0,0,0,0,1,0,0,0,0,0,0,0,0,0,0,52.82,34,0.344,1,0,0,0,0,0,0,0,0,0,800,800,800,800,1090,1400,75,0.254,26.5,14.3,12.86,0,136.5,0,20,21,12.819,353.28,1,0.645,0.645,0.586,2.266,0.645,0.02,0,,,,96,0,0,0,0,0,0,0,0,0,0,7,0,0,7000,7000,29,242,1346,96,49,45,69,44,45,0,39321,233,132,132,194,112,126,26222,39321
24.779,0,799,21,84,54,14.7,13.69,0.931,1,0,0,0,13,312,2.536,1,20,136.17,0,0,0,0,1,0,0,0,0,0,0,0,0,0,0,52.6,34,0.344,1,0,0,0,0,0,0,0,0,0,800,800,800,800,1090,1400,75,0.254,26.5,14.3,12.81,0,136.17,0,20,21,12.819,353.28,1,0.625,0.625,0.586,2.266,0.645,0.02,0,,,,69,0,0,0,0,0,0,0,0,0,0,7,0,0,7000,7000,29,242,1346,96,49,51,69,44,45,0,39321,233,132,132,194,112,126,26222,39321
24.840,0,799,21,84,54,14.7,13.69,0.931,1,0,0,0,13,312,2.536,1,20,136.17,0,0,0,0,1,0,0,0,0,0,0,0,0,0,0,52.6,34,0.344,1,0,0,0,0,0,0,0,0,0,800,800,800,800,1090,1400,75,0.254,26.5,14.3,12.86,0,136.17,0,20,21,12.819,353.28,1,0.625,0.625,0.586,2.266,0.645,0.02,0,,,,42,0,0,0,0,0,0,0,0,0,0,7,0,0,7000,7000,29,242,1346,96,49,51,69,30,42,0,39321,233,132,132,194,109,126,26222,39321
24.900,0,794,21,84,54,14.7,13.69,0.931,1,0,0,0,14,312,2.536,1,20,136,0,0,0,0,1,0,0,0,0,0,0,0,0,0,0,52.6,34,0.344,1,0,0,0,0,0,0,0,0,0,800,790,800,800,1090,1400,75,0.254,26.5,14.3,12.92,0,136,0,20,21,12.819,353.28,1,0.645,0.645,0.586,2.266,0.645,0.02,0,,,,45,0,0,0,0,0,0,0,0,0,0,7,0,0,7000,7000,29,242,1346,93,45,51,69,30,42,0,39321,236,132,132,194,109,126,26222,39321
24.960,0,791,21,84,54,14.7,13.63,0.927,1,0,0,0,14,312,2.536,1,19,136,0,0,0,0,1,0,0,0,0,0,0,0,0,0,0,52.6,34,0.344,1,0,0,0,0,0,0,0,0,0,800,790,800,800,1090,1400,75,0.254,26.5,14.3,13.03,0,136,0,19,21,12.819,353.28,1,0.625,0.625,0.586,2.266,0.645,0.02,0,,,,32,0,0,0,0,0,0,0,0,0,0,7,0,0,7000,7000,29,242,1346,93,45,47,54,32,42,0,39321,236,132,132,191,106,126,26222,39321
25.020,0,793,21,84,54,14.7,13.6,0.925,1,0,0,0,14,312,2.536,1,19,136,0,0,0,0,1,0,0,0,0,0,0,0,0,0,0,52.6,34,0.344,1,0,0,0,0,0,0,0,0,0,800,790,800,800,1090,1400,75,0.254,26.5,14.3,13.15,0,136,0,19,21,12.819,353.28,1,0.645,0.645,0.586,2.266,0.645,0.02,0,,,,90,0,0,0,0,0,0,0,0,0,0,7,0,0,7000,7000,29,242,1346,90,45,47,54,32,44,0,39321,239,132,132,191,106,126,26222,39321
25.080,0,794,21,84,54,14.7,13.6,0.925,1,0,0,0,14,312,2.536,1,19,136,0,0,0,0,1,0,0,0,0,0,0,0,0,0,0,52.6,34,0.344,1,0,0,0,0,0,0,0,0,0,800,790,800,800,1090,1400,75,0.254,26.5,14.3,13.03,0,136,0,19,21,12.819,353.28,1,0.645,0.645,0.586,2.266,0.645,0.02,0,,,,49,0,0,0,0,0,0,0,0,0,0,7,0,0,7000,7000,29,242,1346,90,42,49,54,32,44,0,39321,239,129,132,191,106,126,26222,39321
25.140,0,796,21,84,54,14.7,13.6,0.925,1,0,0,0,13,312,2.536,1,20,136,0,0,0,0,1,0,0,0,0,0,0,0,0,0,0,52.6,34,0.344,1,0,0,0,0,0,0,0,0,0,800,800,800,800,1090,1400,75,0.254,26.5,14.3,12.98,0,136,0,20,21,12.819,353.28,1,0.625,0.625,0.586,2.266,0.645,0.02,0,,,,42,0,0,0,0,0,0,0,0,0,0,7,0,0,7000,7000,29,242,1346,90,42,49,59,52,42,0,39321,239,129,132,191,109,126,26222,39321
25.200,0,791,21,84,54,14.7,13.6,0.925,1,0,0,0,13,312,2.536,1,19,136,0,0,0,0,1,0,0,0,0,0,0,0,0,0,0,52.6,34,0.344,1,0,0,0,0,0,0,0,0,0,800,800,800,800,1090,1400,75,0.254,26.5,14.3,12.98,0,136,0,19,21,12.819,353.28,1,0.625,0.625,0.586,2.246,0.645,0.02,0,,,,45,0,0,0,0,0,0,0,0,0,0,7,0,0,7000,7000,29,242,1346,95,45,49,59,52,42,0,39321,239,129,132,191,109,126,26222,39321
25.260,0,784,21,84,54,14.7,13.63,0.927,1,0,0,0,15,312,2.536,1,19,136,0,0,0,0,1,0,0,0,0,0,0,0,0,0,0,52.6,34,0.344,1,0,0,0,0,0,0,0,0,0,800,780,800,800,1090,1400,75,0.254,26.5,14.3,13.03,0,136,0,19,21,12.819,353.28,1,0.625,0.625,0.586,2.246,0.645,0.02,0,,,,34,0,0,0,0,0,0,0,0,0,0,7,0,0,7000,7000,29,242,1346,95,45,49,71,34,42,0,39321,239,129,132,191,109,126,26222,39321
25.320,0,791,21,84,54,14.7,13.63,0.927,1,0,0,0,14,312,2.536,1,19,136,0,0,0,0,1,0,0,0,0,0,0,0,0,0,0,52.6,34,0.344,1,0,0,0,0,0,0,0,0,0,800,790,800,800,1090,1400,75,0.254,26.5,14.3,12.86,0,136,0,19,21,12.819,353.28,1,0.625,0.625,0.586,2.246,0.645,0.02,0,,,,76,0,0,0,0,0,0,0,0,0,0,7,0,0,7000,7000,29,242,1346,76,45,49,71,34,42,0,39321,236,129,132,191,109,126,26222,39321
25.380,0,791,21,84,54,14.7,13.63,0.927,1,0,0,0,14,312,2.536,1,19,136,0,0,0,0,1,0,0,0,0,0,0,0,0,0,0,52.6,34,0.344,1,0,0,0,0,0,0,0,0,0,800,790,800,800,1090,1400,75,0.254,26.5,14.3,12.86,0,136,0,19,21,12.819,353.28,1,0.645,0.645,0.586,2.246,0.645,0.02,0,,,,47,0,0,0,0,0,0,0,0,0,0,7,0,0,7000,7000,29,242,1346,76,47,47,71,34,42,0,39321,236,129,132,191,109,126,26222,39321
25.440,0,789,21,84,54,14.7,13.63,0.927,1,0,0,0,14,312,2.536,1,19,136.17,0,0,0,0,1,0,0,0,0,0,0,0,0,0,0,52.6,34,0.344,1,0,0,0,0,0,0,0,0,0,800,790,800,800,1090,1400,75,0.254,26.5,14.3,12.81,0,136.17,0,19,21,12.819,353.28,1,0.625,0.625,0.586,2.246,0.645,0.02,0,,,,42,0,0,0,0,0,0,0,0,0,0,7,0,0,7000,7000,29,242,1346,76,47,47,71,34,42,0,39321,236,129,132,194,106,126,26222,39321
25.500,0,789,21,84,54,14.7,13.63,0.927,1,0,0,0,14,312,2.536,1,19,136.17,0,0,0,0,1,0,0,0,0,0,0,0,0,0,0,52.6,34,0.344,1,0,0,0,0,0,0,0,0,0,800,790,800,800,1090,1400,75,0.254,26.5,14.3,12.81,0,136.17,0,19,21,12.819,353.28,1,0.645,0.645,0.586,2.246,0.645,0.02,0,,,,49,0,0,0,0,0,0,0,0,0,0,7,0,0,7000,7000,29,242,1346,79,49,47,71,34,42,0,39321,236,129,132,194,106,126,26222,39321
25.560,0,785,21,84,54,14.7,13.63,0.927,1,0,0,0,14,312,2.544,1,19,136.33,0,0,0,0,1,0,0,0,0,0,0,0,0,0,0,52.82,34,0.344,1,0,0,0,0,0,0,0,0,0,800,790,800,800,1090,1400,75,0.254,26.5,14.3,12.81,0,136.33,0,19,21,12.819,353.28,1,0.645,0.645,0.586,2.246,0.645,0.02,0,,,,61,0,0,0,0,0,0,0,0,0,0,7,0,0,7000,7000,29,242,1346,79,49,42,61,34,42,0,39321,236,129,132,191,106,126,26222,39321
25.620,0,787,21,84,54,14.7,13.63,0.927,1,0,0,0,14,312,2.544,1,19,136.33,0,0,0,0,1,0,0,0,0,0,0,0,0,0,0,52.82,34,0.344,1,0,0,0,0,0,0,0,0,0,800,790,800,800,1090,1400,75,0.254,26.5,14.3,12.86,0,136.33,0,19,21,12.819,353.28,1,0.625,0.625,0.586,2.246,0.645,0.02,0,,,,79,0,0,0,0,0,0,0,0,0,0,7,0,0,7000,7000,29,242,1346,79,49,42,61,34,40,0,39321,233,129,132,191,106,126,26222,39321
25.680,0,785,21,84,54,14.7,13.6,0.925,1,0,0,0,14,312,2.544,1,19,136.5,0,0,0,0,1,0,0,0,0,0,0,0,0,0,0,52.82,34,0.344,1,0,0,0,0,0,0,0,0,0,800,790,800,800,1090,1400,75,0.254,26.5,14.3,12.92,0,136.5,0,19,21,12.819,353.28,1,0.645,0.645,0.586,2.246,0.645,0.02,0,,,,49,0,0,0,0,0,0,0,0,0,0,7,0,0,7000,7000,29,242,1346,79,47,49,61,34,40,0,39321,233,129,135,191,106,126,26222,39321
25.740,0,786,21,84,54,14.7,13.6,0.925,1,0,0,0,14,312,2.544,1,19,136.5,0,0,0,0,1,0,0,0,0,0,0,0,0,0,0,52.82,34,0.344,1,0,0,0,0,0,0,0,0,0,800,790,800,800,1090,1400,75,0.254,26.5,14.3,12.86,0,136.5,0,19,21,12.819,353.28,1,0.625,0.625,0.586,2.246,0.645,0.02,0,,,,40,0,0,0,0,0,0,0,0,0,0,7,0,0,7000,7000,29,242,1346,79,47,49,59,42,40,0,39321,233,129,135,188,106,126,26222,39321
25.800,0,791,21,84,54,14.7,13.6,0.925,1,0,0,0,14,312,2.544,1,19,136.5,0,0,0,0,1,0,0,0,0,0,0,0,0,0,0,52.82,34,0.344,1,0,0,0,0,0,0,0,0,0,800,790,800,800,1090,1400,75,0.254,26.5,14.3,12.86,0,136.5,0,19,21,12.819,353.28,1,0.625,0.625,0.586,2.246,0.645,0.02,0,,,,45,0,0,0,0,0,0,0,0,0,0,7,0,0,7000,7000,29,242,1346,83,45,49,59,42,40,0,39321,233,129,135,188,106,126,26222,39321
25.860,0,795,21,84,54,14.7,13.6,0.925,1,0,0,0,13,312,2.544,1,19,136.5,0,0,0,0,1,0,0,0,0,0,0,0,0,0,0,52.82,34,0.344,1,0,0,0,0,0,0,0,0,0,800,800,800,800,1090,1400,75,0.254,26.5,14.3,12.86,0,136.5,0,19,21,12.819,353.28,1,0.625,0.625,0.586,2.246,0.645,0.02,0,,,,61,0,0,0,0,0,0,0,0,0,0,7,0,0,7000,7000,29,242,1346,83,45,47,61,42,40,0,39321,233,129,135,185,106,126,26222,39321
25.920,0,797,21,84,54,14.7,13.63,0.927,1,0,0,0,13,312,2.544,1,20,136.5,0,0,0,0,1,0,0,0,0,0,0,0,0,0,0,52.82,34,0.344,1,0,0,0,0,0,0,0,0,0,800,800,800,800,1090,1400,75,0.254,26.5,14.3,12.86,0,136.5,0,20,21,12.819,353.28,1,0.625,0.625,0.586,2.246,0.645,0.02,0,,,,74,0,0,0,0,0,0,0,0,0,0,7,0,0,7000,7000,29,242,1346,74,45,47,61,35,42,0,39321,230,129,135,185,106,126,26222,39321
25.980,0,800,21,84,54,14.7,13.69,0.931,1,0,0,0,13,312,2.536,1,20,136.17,0,0,0,0,1,0,0,0,0,0,0,0,0,0,0,52.6,34,0.344,1,0,0,0,0,0,0,0,0,0,800,800,800,800,1090,1400,75,0.254,26.5,14.3,12.86,0,136.17,0,20,21,12.819,353.28,1,0.645,0.645,0.586,2.246,0.645,0.02,0,,,,52,0,0,0,0,0,0,0,0,0,0,7,0,0,7000,7000,29,242,1346,74,40,52,61,35,42,0,39321,230,129,135,185,106,126,26222,39321
26.040,0,799,21,84,54,14.7,13.69,0.931,1,0,0,0,13,312,2.536,1,20,136.17,0,0,0,0,1,0,0,0,0,0,0,0,0,0,0,52.6,34,0.344,1,0,0,0,0,0,0,0,0,0,800,800,800,800,1090,1400,75,0.254,26.5,14.3,12.86,0,136.17,0,20,21,12.819,353.28,1,0.625,0.625,0.586,2.246,0.645,0.02,0,,,,39,0,0,0,0,0,0,0,0,0,0,7,0,0,7000,7000,29,242,1346,74,40,52,78,39,42,0,39321,230,129,135,188,106,126,26222,39321
26.100,0,799,21,84,54,14.7,13.69,0.931,1,0,0,0,13,312,2.536,1,20,136,0,0,0,0,1,0,0,0,0,0,0,0,0,0,0,52.6,34,0.344,1,0,0,0,0,0,0,0,0,0,800,800,800,800,1090,1400,75,0.254,26.5,14.3,12.98,0,136,0,20,21,12.819,353.28,1,0.625,0.625,0.586,2.246,0.645,0.02,0,,,,44,0,0,0,0,0,0,0,0,0,0,7,0,0,7000,7000,29,242,1346,76,44,52,78,39,44,0,39321,230,129,135,188,106,126,26222,39321
26.160,0,798,21,84,54,14.7,13.69,0.931,1,0,0,0,13,312,2.536,1,20,136,0,0,0,0,1,0,0,0,0,0,0,0,0,0,0,52.6,34,0.344,1,0,0,0,0,0,0,0,0,0,800,800,800,800,1090,1400,75,0.254,26.5,14.3,12.92,0,136,0,20,21,12.819,353.28,1,0.625,0.625,0.586,2.246,0.645,0.02,0,,,,69,0,0,0,0,0,0,0,0,0,0,7,0,0,7000,7000,29,242,1346,76,44,51,69,39,44,0,39321,230,129,135,188,106,126,26222,39321
26.220,0,798,21,84,54,14.7,13.69,0.931,1,0,0,0,13,312,2.544,1,20,136,0,0,0,0,1,0,0,0,0,0,0,0,0,0,0,52.6,34,0.344,1,0,0,0,0,0,0,0,0,0,800,800,800,800,1090,1400,75,0.254,26.5,14.3,12.92,0,136,0,20,21,12.745,353.28,1,0.625,0.625,0.586,2.246,0.645,0.02,0,,,,85,0,0,0,0,0,0,0,0,0,0,7,0,0,7000,7000,29,242,1346,85,44,51,69,37,45,0,39321,230,129,135,188,106,126,26222,39321
26.280,0,797,21,84,54,14.7,13.69,0.931,1,0,0,0,13,312,2.536,1,20,136,0,0,0,0,1,0,0,0,0,0,0,0,0,0,0,52.6,34,0.344,1,0,0,0,0,0,0,0,0,0,800,800,800,800,1090,1400,75,0.254,26.5,14.3,13.15,0,136,0,20,21,12.819,353.28,1,0.625,0.625,0.586,2.246,0.645,0.02,0,,,,49,0,0,0,0,0,0,0,0,0,0,7,0,0,7000,7000,29,242,1346,85,39,49,69,37,45,0,39321,230,129,135,188,106,126,26222,39321
26.340,0,789,21,84,54,14.7,13.69,0.931,1,0,0,0,14,312,2.536,1,19,136,0,0,0,0,1,0,0,0,0,0,0,0,0,0,0,52.6,34,0.344,1,0,0,0,0,0,0,0,0,0,800,790,800,800,1090,1400,75,0.254,26.5,14.3,13.09,0,136,0,19,21,12.819,353.28,1,0.625,0.625,0.586,2.246,0.645,0.02,0,,,,45,0,0,0,0,0,0,0,0,0,0,7,0,0,7000,7000,29,242,1346,85,39,49,76,45,45,0,39321,230,129,135,188,109,126,26222,39321
26.400,0,793,21,84,54,14.7,13.63,0.927,1,0,0,0,14,312,2.536,1,19,136,0,0,0,0,1,0,0,0,0,0,0,0,0,0,0,52.6,34,0.344,1,0,0,0,0,0,0,0,0,0,800,790,800,800,1090,1400,75,0.254,26.5,14.3,13.09,0,136,0,19,21,12.819,353.28,1,0.625,0.625,0.586,2.246,0.645,0.02,0,,,,42,0,0,0,0,0,0,0,0,0,0,7,0,0,7000,7000,29,242,1346,71,42,49,76,45,42,0,39321,230,129,135,188,109,123,26222,39321
26.460,0,795,21,84,54,14.7,13.63,0.927,1,0,0,0,13,312,2.536,1,19,136,0,0,0,0,1,0,0,0,0,0,0,0,0,0,0,52.6,34,0.344,1,0,0,0,0,0,0,0,0,0,800,800,800,800,1090,1400,75,0.254,26.5,14.3,13.03,0,136,0,19,21,12.819,353.28,1,0.645,0.645,0.586,2.246,0.645,0.02,0,,,,61,0,0,0,0,0,0,0,0,0,0,7,0,0,7000,7000,29,242,1346,71,42,42,61,45,42,0,39321,230,129,132,188,109,123,26222,39321
26.520,0,797,21,84,54,14.7,13.63,0.927,1,0,0,0,13,312,2.536,1,20,136,0,0,0,0,1,0,0,0,0,0,0,0,0,0,0,52.6,34,0.344,1,0,0,0,0,0,0,0,0,0,800,800,800,800,1090,1400,75,0.254,26.5,14.3,12.98,0,136,0,20,21,12.819,353.28,1,0.625,0.625,0.586,2.246,0.645,0.02,0,,,,91,0,0,0,0,0,0,0,0,0,0,7,0,0,7000,7000,29,242,1346,91,42,42,61,39,44,0,39321,230,129,132,188,109,123,26222,39321
26.580,0,789,21,84,54,14.7,13.6,0.925,1,0,0,0,14,312,2.536,1,19,136,0,0,0,0,1,0,0,0,0,0,0,0,0,0,0,52.6,34,0.344,1,0,0,0,0,0,0,0,0,0,800,790,800,800,1090,1400,75,0.254,26.5,14.3,12.92,0,136,0,19,21,12.819,353.28,1,0.625,0.625,0.586,2.246,0.645,0.02,0,,,,47,0,0,0,0,0,0,0,0,0,0,7,0,0,7000,7000,29,242,1346,91,45,47,61,39,44,0,39321,230,129,132,188,109,123,26222,39321
26.640,0,784,21,84,54,14.7,13.63,0.927,1,0,0,0,15,312,2.536,1,19,136,0,0,0,0,1,0,0,0,0,0,0,0,0,0,0,52.6,34,0.344,1,0,0,0,0,0,0,0,0,0,800,780,800,800,1090,1400,75,0.254,26.5,14.3,12.86,0,136,0,19,21,12.819,353.28,1,0.645,0.645,0.586,2.246,0.645,0.02,0,,,,37,0,0,0,0,0,0,0,0,0,0,7,0,0,7000,7000,29,242,1346,91,45,47,71,37,44,0,39321,230,129,132,191,106,123,26222,39321
26.700,0,780,21,84,54,14.7,13.63,0.927,1,0,0,0,15,312,2.536,1,19,136,0,0,0,0,1,0,0,0,0,0,0,0,0,0,0,52.6,34,0.344,1,0,0,0,0,0,0,0,0,0,800,780,800,800,1090,1400,75,0.254,26.5,14.3,12.81,0,136,0,19,21,12.819,353.28,1,0.625,0.625,0.586,2.246,0.645,0.02,0,,,,49,0,0,0,0,0,0,0,0,0,0,7,0,0,7000,7000,29,242,1346,85,49,47,71,37,42,0,39321,230,132,132,191,106,123,26222,39321
26.760,0,782,21,84,54,14.7,13.6,0.925,1,0,0,0,15,312,2.536,1,19,136.17,0,0,0,0,1,0,0,0,0,0,0,0,0,0,0,52.82,34,0.344,1,0,0,0,0,0,0,0,0,0,800,780,800,800,1090,1400,75,0.25,26.5,14.3,12.75,0,136.17,0,19,21,12.819,353.28,1,0.625,0.625,0.586,2.246,0.645,0.02,0,,,,59,0,0,0,0,0,0,0,0,0,0,7,0,0,7000,7000,29,242,1346,85,49,43,59,37,42,0,39321,230,132,129,191,106,123,26222,39321
26.820,0,783,21,84,54,14.7,13.6,0.925,1,0,0,0,15,312,2.544,1,19,136.33,0,0,0,0,1,0,0,0,0,0,0,0,0,0,0,52.82,34,0.344,1,0,0,0,0,0,0,0,0,0,800,780,800,800,1090,1400,75,0.254,26.5,14.3,12.75,0,136.33,0,19,21,12.819,353.28,1,0.645,0.645,0.586,2.246,0.645,0.02,0,,,,40,0,0,0,0,0,0,0,0,0,0,7,0,0,7000,7000,29,242,1346,85,49,43,59,34,40,0,39321,230,132,129,191,106,120,26222,39321
26.880,0,781,21,84,54,14.7,13.63,0.927,1,0,0,0,15,312,2.544,1,19,136.5,0,0,0,0,1,0,0,0,0,0,0,0,0,0,0,52.82,34,0.344,1,0,0,0,0,0,0,0,0,0,800,780,800,800,1090,1400,75,0.254,26.5,14.3,12.75,0,136.5,0,19,21,12.819,353.28,1,0.625,0.625,0.586,2.246,0.645,0.02,0,,,,47,0,0,0,0,0,0,0,0,0,0,7,0,0,7000,7000,29,242,1346,85,45,47,59,34,40,0,39321,233,129,129,191,106,120,26222,39321
26.940,0,780,21,84,54,14.7,13.63,0.927,1,0,0,0,15,312,2.544,1,19,136.5,0,0,0,0,1,0,0,0,0,0,0,0,0,0,0,52.82,34,0.344,1,0,0,0,0,0,0,0,0,0,800,780,800,800,1090,1400,75,0.254,26.5,14.3,12.98,0,136.5,0,19,21,12.819,353.28,1,0.645,0.645,0.586,2.246,0.645,0.02,0,,,,47,0,0,0,0,0,0,0,0,0,0,7,0,0,7000,7000,29,242,1346,85,45,47,68,47,40,0,39321,233,129,129,191,109,120,26222,39321
27.000,0,785,21,84,54,14.7,13.63,0.927,1,0,0,0,14,312,2.544,1,19,136.5,0,0,0,0,1,0,0,0,0,0,0,0,0,0,0,52.82,34,0.344,1,0,0,0,0,0,0,0,0,0,800,790,800,800,1090,1400,75,0.254,26.5,14.3,12.92,0,136.5,0,19,21,12.819,353.28,1,0.625,0.625,0.586,2.246,0.645,0.02,0,,,,81,0,0,0,0,0,0,0,0,0,0,7,0,0,7000,7000,29,242,1346,81,45,47,68,47,42,0,39321,233,129,129,191,109,120,26222,39321
27.060,0,783,21,84,54,14.7,13.63,0.927,1,0,0,0,15,312,2.544,1,19,136.5,0,0,0,0,1,0,0,0,0,0,0,0,0,0,0,52.82,34,0.344,1,0,0,0,0,0,0,0,0,0,800,780,800,800,1090,1400,75,0.254,26.5,14.3,12.92,0,136.5,0,19,21,12.819,353.28,1,0.625,0.625,0.586,2.246,0.645,0.02,0,,,,71,0,0,0,0,0,0,0,0,0,0,7,0,0,7000,7000,29,242,1346,81,40,44,71,47,42,0,39321,233,126,129,194,109,120,26222,39321
27.120,0,788,21,84,54,14.7,13.69,0.931,1,0,0,0,14,312,2.544,1,19,136.5,0,0,0,0,1,0,0,0,0,0,0,0,0,0,0,52.82,34,0.344,1,0,0,0,0,0,0,0,0,0,800,790,800,800,1090,1400,75,0.254,26.5,14.3,13.09,0,136.5,0,19,21,12.819,353.28,1,0.645,0.645,0.586,2.246,0.645,0.02,0,,,,40,0,0,0,0,0,0,0,0,0,0,7,0,0,7000,7000,29,242,1346,81,40,44,71,47,40,0,39321,233,126,129,194,109,120,26222,39321
27.180,0,792,21,84,54,14.7,13.69,0.931,1,0,0,0,14,312,2.544,1,19,136.5,0,0,0,0,1,0,0,0,0,0,0,0,0,0,0,52.82,34,0.344,1,0,0,0,0,0,0,0,0,0,800,790,800,800,1090,1400,75,0.254,26.5,14.3,13.03,0,136.5,0,19,21,12.819,353.28,1,0.625,0.625,0.586,2.246,0.645,0.02,0,,,,45,0,0,0,0,0,0,0,0,0,0,7,0,0,7000,7000,29,242,1346,90,45,44,71,47,40,0,39321,233,126,129,194,109,120,26222,39321
27.240,0,794,21,84,54,14.7,13.69,0.931,1,0,0,0,14,312,2.544,1,20,136.5,0,0,0,0,1,0,0,0,0,0,0,0,0,0,0,52.82,34,0.344,1,0,0,0,0,0,0,0,0,0,800,790,800,800,1090,1400,75,0.254,26.5,14.3,12.86,0,136.5,0,20,21,12.819,353.28,1,0.625,0.625,0.586,2.246,0.645,0.02,0,,,,45,0,0,0,0,0,0,0,0,0,0,7,0,0,7000,7000,29,242,1346,90,45,42,66,45,40,0,39321,233,126,129,194,109,120,26222,39321
27.300,0,798,21,84,54,14.7,13.69,0.931,1,0,0,0,13,312,2.544,1,20,136.33,0,0,0,0,1,0,0,0,0,0,0,0,0,0,0,52.6,34,0.344,1,0,0,0,0,0,0,0,0,0,800,800,800,800,1090,1400,75,0.254,26.5,14.3,12.92,0,136.33,0,20,21,12.819,353.28,1,0.645,0.645,0.586,2.246,0.645,0.02,0,,,,88,0,0,0,0,0,0,0,0,0,0,7,0,0,7000,7000,29,242,1346,88,45,42,66,45,37,0,39321,233,126,129,194,109,120,26222,39321
27.360,0,796,21,84,54,14.7,13.69,0.931,1,0,0,0,13,312,2.544,1,20,136.33,0,0,0,0,1,0,0,0,0,0,0,0,0,0,0,52.82,34,0.344,1,0,0,0,0,0,0,0,0,0,800,800,800,800,1090,1400,75,0.254,26.5,14.3,12.86,0,136.33,0,20,21,12.819,353.28,1,0.645,0.645,0.586,2.246,0.645,0.02,0,,,,66,0,0,0,0,0,0,0,0,0,0,7,0,0,7000,7000,29,242,1346,88,47,45,66,45,37,0,39321,233,126,129,194,109,120,26222,39321
27.420,0,798,21,84,54,14.7,13.69,0.931,1,0,0,0,13,312,2.544,1,20,136.33,0,0,0,0,1,0,0,0,0,0,0,0,0,0,0,52.82,34,0.344,1,0,0,0,0,0,0,0,0,0,800,800,800,800,1090,1400,75,0.254,26.5,14.3,12.98,0,136.33,0,20,21,12.819,353.28,1,0.625,0.625,0.586,2.246,0.645,0.02,0,,,,40,0,0,0,0,0,0,0,0,0,0,7,0,0,7000,7000,29,242,1346,88,47,45,66,54,40,0,39321,233,126,129,194,112,120,26222,39321
27.480,0,800,21,84,54,14.7,13.69,0.931,1,0,0,0,13,312,2.536,1,20,136.17,0,0,0,0,1,0,0,0,0,0,0,0,0,0,0,52.6,34,0.344,1,0,0,0,0,0,0,0,0,0,800,800,800,800,1090,1400,75,0.254,26.5,14.3,12.98,0,136.17,0,20,21,12.819,353.28,1,0.625,0.625,0.586,2.246,0.645,0.02,0,,,,45,0,0,0,0,0,0,0,0,0,0,7,0,0,7000,7000,29,242,1346,88,45,45,66,54,40,0,39321,233,126,129,194,112,120,26222,39321
27.540,0,797,21,84,54,14.7,13.69,0.931,1,0,0,0,13,312,2.544,1,20,136,0,0,0,0,1,0,0,0,0,0,0,0,0,0,0,52.6,34,0.344,1,0,0,0,0,0,0,0,0,0,800,800,800,800,1090,1400,75,0.254,26.5,14.3,13.09,0,136,0,20,21,12.745,353.28,1,0.625,0.625,0.586,2.246,0.645,0.02,0,,,,44,0,0,0,0,0,0,0,0,0,0,7,0,0,7000,7000,29,242,1346,88,45,44,62,44,40,0,39321,233,126,129,194,112,120,26222,39321
27.600,0,798,21,84,54,14.7,13.69,0.931,1,0,0,0,13,312,2.536,1,20,136,0,0,0,0,1,0,0,0,0,0,0,0,0,0,0,52.6,34,0.344,1,0,0,0,0,0,0,0,0,0,800,800,800,800,1090,1400,75,0.254,26.5,14.3,13.09,0,136,0,20,21,12.819,353.28,1,0.625,0.625,0.586,2.246,0.645,0.02,0,,,,85,0,0,0,0,0,0,0,0,0,0,7,0,0,7000,7000,29,242,1346,85,45,44,62,44,40,0,39321,233,126,129,194,112,120,26222,39321
27.660,0,794,21,84,54,14.7,13.63,0.927,1,0,0,0,14,312,2.536,1,19,136,0,0,0,0,1,0,0,0,0,0,0,0,0,0,0,52.6,34,0.344,1,0,0,0,0,0,0,0,0,0,800,790,800,800,1090,1400,75,0.254,26.5,14.3,12.98,0,136,0,19,21,12.819,353.28,1,0.645,0.645,0.586,2.246,0.645,0.02,0,,,,64,0,0,0,0,0,0,0,0,0,0,7,0,0,7000,7000,29,242,1346,85,45,42,64,44,40,0,39321,233,126,126,194,112,120,26222,39321
27.720,0,785,21,84,54,14.7,13.63,0.927,1,0,0,0,14,312,2.536,1,19,136,0,0,0,0,1,0,0,0,0,0,0,0,0,0,0,52.6,34,0.344,1,0,0,0,0,0,0,0,0,0,800,790,800,800,1090,1400,75,0.254,26.5,14.3,12.92,0,136,0,19,21,12.819,353.28,1,0.625,0.625,0.586,2.246,0.645,0.02,0,,,,40,0,0,0,0,0,0,0,0,0,0,7,0,0,7000,7000,29,242,1346,85,45,42,64,54,40,0,39321,233,126,126,194,115,120,26222,39321
27.780,0,787,21,84,54,14.7,13.63,0.927,1,0,0,0,14,312,2.536,1,19,136,0,0,0,0,1,0,0,0,0,0,0,0,0,0,0,52.6,34,0.344,1,0,0,0,0,0,0,0,0,0,800,790,800,800,1090,1400,75,0.254,26.5,14.3,12.92,0,136,0,19,21,12.819,353.28,1,0.645,0.645,0.586,2.246,0.645,0.02,0,,,,44,0,0,0,0,0,0,0,0,0,0,7,0,0,7000,7000,29,242,1346,76,44,42,64,54,40,0,39321,230,126,126,194,115,120,26222,39321
27.840,0,790,21,84,54,14.7,13.63,0.927,1,0,0,0,14,312,2.536,1,19,136,0,0,0,0,1,0,0,0,0,0,0,0,0,0,0,52.6,34,0.344,1,0,0,0,0,0,0,0,0,0,800,790,800,800,1090,1400,75,0.254,26.5,14.3,12.86,0,136,0,19,21,12.819,353.28,1,0.625,0.625,0.586,2.246,0.645,0.02,0,,,,51,0,0,0,0,0,0,0,0,0,0,7,0,0,7000,7000,29,242,1346,76,44,42,62,51,40,0,39321,230,126,126,194,115,120,26222,39321
27.900,0,794,21,84,54,14.7,13.6,0.925,1,0,0,0,14,312,2.536,1,19,136,0,0,0,0,1,0,0,0,0,0,0,0,0,0,0,52.6,34,0.344,1,0,0,0,0,0,0,0,0,0,800,790,800,800,1090,1400,75,0.254,26.5,14.3,12.69,0,136,0,19,21,12.819,353.28,1,0.645,0.645,0.586,2.246,0.645,0.02,0,,,,81,0,0,0,0,0,0,0,0,0,0,7,0,0,7000,7000,29,242,1346,81,44,42,62,51,42,0,39321,230,126,126,194,115,120,26222,39321
27.960,0,792,21,84,54,14.7,13.6,0.925,1,0,0,0,14,312,2.536,1,19,136,0,0,0,0,1,0,0,0,0,0,0,0,0,0,0,52.6,34,0.344,1,0,0,0,0,0,0,0,0,0,800,790,800,800,1090,1400,75,0.254,26.5,14.3,12.81,0,136,0,19,21,12.819,353.28,1,0.625,0.625,0.586,2.246,0.645,0.02,0,,,,44,0,0,0,0,0,0,0,0,0,0,7,0,0,7000,7000,29,242,1346,81,42,44,62,51,42,0,39321,230,126,126,194,115,120,26222,39321
28.020,0,787,21,84,54,14.7,13.63,0.927,1,0,0,0,14,312,2.536,1,19,136.17,0,0,0,0,1,0,0,0,0,0,0,0,0,0,0,52.82,34,0.344,1,0,0,0,0,0,0,0,0,0,800,790,800,800,1090,1400,75,0.254,26.5,14.3,12.75,0,136.17,0,19,21,12.819,353.28,1,0.625,0.625,0.586,2.246,0.645,0.02,0,,,,39,0,0,0,0,0,0,0,0,0,0,7,0,0,7000,7000,29,242,1346,81,42,44,62,49,39,0,39321,230,126,126,194,115,120,26222,39321
28.080,0,787,21,84,54,14.7,13.63,0.927,1,0,0,0,14,312,2.536,1,19,136.17,0,0,0,0,1,0,0,0,0,0,0,0,0,0,0,52.6,34,0.344,1,0,0,0,0,0,0,0,0,0,800,790,800,800,1090,1400,75,0.254,26.5,14.3,12.81,0,136.17,0,19,21,12.819,353.28,1,0.645,0.645,0.586,2.246,0.645,0.02,0,,,,40,0,0,0,0,0,0,0,0,0,0,7,0,0,7000,7000,29,242,1346,76,40,44,62,49,39,0,39321,227,126,126,194,115,120,26222,39321
28.140,0,790,21,84,54,14.7,13.63,0.927,1,0,0,0,14,312,2.536,1,19,136.17,0,0,0,0,1,0,0,0,0,0,0,0,0,0,0,52.6,34,0.344,1,0,0,0,0,0,0,0,0,0,800,790,800,800,1090,1400,75,0.254,26.5,14.3,12.75,0,136.17,0,19,21,12.819,353.28,1,0.625,0.625,0.586,2.246,0.645,0.02,0,,,,40,0,0,0,0,0,0,0,0,0,0,7,0,0,7000,7000,29,242,1346,76,40,42,66,40,39,0,39321,227,126,126,194,115,120,26222,39321
28.200,0,790,21,84,54,14.7,13.63,0.927,1,0,0,0,14,312,2.536,1,19,136.17,0,0,0,0,1,0,0,0,0,0,0,0,0,0,0,52.82,34,0.344,1,0,0,0,0,0,0,0,0,0,800,790,800,800,1090,1400,75,0.254,26.5,14.3,12.98,0,136.17,0,19,21,12.819,353.28,1,0.625,0.625,0.586,2.246,0.645,0.02,0,,,,79,0,0,0,0,0,0,0,0,0,0,7,0,0,7000,7000,29,242,1346,79,40,42,66,40,44,0,39321,227,126,126,194,115,120,26222,39321
28.260,0,785,21,84,54,14.7,13.63,0.927,1,0,0,0,14,312,2.536,1,19,136.17,0,0,0,0,1,0,0,0,0,0,0,0,0,0,0,52.6,34,0.344,1,0,0,0,0,0,0,0,0,0,800,790,800,800,1090,1400,75,0.254,26.5,14.3,13.09,0,136.17,0,19,21,12.819,353.28,1,0.645,0.645,0.586,2.246,0.645,0.02,0,,,,39,0,0,0,0,0,0,0,0,0,0,7,0,0,7000,7000,29,242,1346,79,42,39,66,40,44,0,39321,227,123,126,194,115,120,26222,39321
28.320,0,785,21,84,54,14.7,13.69,0.931,1,0,0,0,14,312,2.544,1,19,136.33,0,0,0,0,1,0,0,0,0,0,0,0,0,0,0,52.82,34,0.344,1,0,0,0,0,0,0,0,0,0,800,790,800,800,1090,1400,75,0.254,26.5,14.3,13.09,0,136.33,0,19,21,12.819,353.28,1,0.625,0.625,0.586,2.246,0.645,0.02,0,,,,40,0,0,0,0,0,0,0,0,0,0,7,0,0,7000,7000,29,242,1346,79,42,39,68,44,40,0,39321,227,123,126,194,115,120,26222,39321
28.380,0,786,21,84,54,14.7,13.69,0.931,1,0,0,0,14,312,2.544,1,19,136.33,0,0,0,0,1,0,0,0,0,0,0,0,0,0,0,52.82,34,0.344,1,0,0,0,0,0,0,0,0,0,800,790,800,800,1090,1400,75,0.254,26.5,14.3,13.03,0,136.33,0,19,21,12.819,353.28,1,0.625,0.625,0.586,2.246,0.645,0.02,0,,,,39,0,0,0,0,0,0,0,0,0,0,7,0,0,7000,7000,29,242,1346,83,39,39,68,44,40,0,39321,227,123,126,194,115,120,26222,39321
28.440,0,790,21,84,54,14.7,13.72,0.933,1,0,0,0,14,312,2.544,1,19,136.5,0,0,0,0,1,0,0,0,0,0,0,0,0,0,0,52.82,34,0.344,1,0,0,0,0,0,0,0,0,0,800,790,800,800,1090,1400,75,0.254,26.5,14.3,13.15,0,136.5,0,19,21,12.819,353.28,1,0.645,0.645,0.586,2.246,0.645,0.02,0,,,,69,0,0,0,0,0,0,0,0,0,0,7,0,0,7000,7000,29,242,1346,83,39,45,69,44,40,0,39321,227,123,126,194,115,120,26222,39321
28.499,0,789,21,84,54,14.7,13.72,0.933,1,0,0,0,14,312,2.544,1,19,136.5,0,0,0,0,1,0,0,0,0,0,0,0,0,0,0,52.82,34,0.344,1,0,0,0,0,0,0,0,0,0,800,790,800,800,1090,1400,75,0.254,26.5,14.3,13.15,0,136.5,0,19,21,12.819,353.28,1,0.625,0.625,0.586,2.246,0.645,0.02,0,,,,81,0,0,0,0,0,0,0,0,0,0,7,0,0,7000,7000,29,242,1346,81,39,45,69,40,44,0,39321,227,123,126,194,115,120,26222,39321
28.559,0,785,21,84,54,14.7,13.72,0.933,1,0,0,0,14,312,2.544,1,19,136.5,0,0,0,0,1,0,0,0,0,0,0,0,0,0,0,52.82,34,0.344,1,0,0,0,0,0,0,0,0,0,800,790,800,800,1090,1400,75,0.254,26.5,14.3,12.98,0,136.5,0,19,21,12.819,353.28,1,0.645,0.645,0.586,2.246,0.645,0.02,0,,,,45,0,0,0,0,0,0,0,0,0,0,7,0,0,7000,7000,29,242,1346,81,45,45,69,40,44,0,39321,227,123,126,194,115,120,26222,39321
28.620,0,783,21,84,54,14.7,13.73,0.934,1,0,0,0,15,312,2.544,1,19,136.5,0,0,0,0,1,0,0,0,0,0,0,0,0,0,0,52.82,34,0.344,1,0,0,0,0,0,0,0,0,0,800,780,800,800,1090,1400,75,0.254,26.5,14.3,13.03,0,136.5,0,19,21,12.819,353.28,1,0.625,0.625,0.586,2.246,0.645,0.02,0,,,,51,0,0,0,0,0,0,0,0,0,0,7,0,0,7000,7000,29,242,1346,81,45,45,74,51,44,0,39321,227,123,126,194,118,120,26222,39321
28.680,0,785,21,84,54,14.7,13.72,0.933,1,0,0,0,14,312,2.544,1,19,136.5,0,0,0,0,1,0,0,0,0,0,0,0,0,0,0,52.82,34,0.344,1,0,0,0,0,0,0,0,0,0,800,790,800,800,1090,1400,75,0.254,26.5,14.3,13.03,0,136.5,0,19,21,12.819,353.28,1,0.625,0.625,0.586,2.246,0.645,0.02,0,,,,44,0,0,0,0,0,0,0,0,0,0,7,0,0,7000,7000,29,242,1346,59,44,45,74,51,42,0,39321,222,123,126,194,118,120,26222,39321
28.740,0,784,21,84,54,14.7,13.72,0.933,1,0,0,0,15,312,2.544,1,19,136.5,0,0,0,0,1,0,0,0,0,0,0,0,0,0,0,52.82,34,0.344,1,0,0,0,0,0,0,0,0,0,800,780,800,800,1090,1400,75,0.254,26.5,14.3,13.03,0,136.5,0,19,21,12.819,353.28,1,0.645,0.645,0.586,2.246,0.645,0.02,0,,,,62,0,0,0,0,0,0,0,0,0,0,7,0,0,7000,7000,29,242,1346,59,44,44,62,51,42,0,39321,222,123,126,194,118,120,26222,39321
28.799,0,782,21,84,54,14.7,13.73,0.934,1,0,0,0,15,312,2.544,1,19,136.5,0,0,0,0,1,0,0,0,0,0,0,0,0,0,0,52.82,34,0.344,1,0,0,0,0,0,0,0,0,0,800,780,800,800,1090,1400,75,0.254,26.5,14.3,12.98,0,136.5,0,19,21,12.819,353.28,1,0.625,0.625,0.586,2.246,0.645,0.02,0,,,,86,0,0,0,0,0,0,0,0,0,0,7,0,0,7000,7000,29,242,1346,86,44,44,62,45,42,0,39321,222,123,126,194,118,120,26222,39321
28.859,0,781,21,84,54,14.7,13.72,0.933,1,0,0,0,15,312,2.544,1,19,136.5,0,0,0,0,1,0,0,0,0,0,0,0,0,0,0,52.82,34,0.344,1,0,0,0,0,0,0,0,0,0,800,780,800,800,1090,1400,75,0.254,26.5,14.3,13.03,0,136.5,0,19,21,12.819,353.28,1,0.625,0.625,0.586,2.246,0.645,0.02,0,,,,47,0,0,0,0,0,0,0,0,0,0,7,0,0,7000,7000,29,242,1346,86,49,47,62,45,42,0,39321,222,126,126,194,118,120,26222,39321
28.919,0,788,21,84,54,14.7,13.72,0.933,1,0,0,0,14,312,2.544,1,19,136.5,0,0,0,0,1,0,0,0,0,0,0,0,0,0,0,52.82,34,0.344,1,0,0,0,0,0,0,0,0,0,800,790,800,800,1090,1400,75,0.254,26.5,14.3,12.98,0,136.5,0,19,21,12.819,353.28,1,0.625,0.625,0.586,2.246,0.645,0.02,0,,,,40,0,0,0,0,0,0,0,0,0,0,7,0,0,7000,7000,29,242,1346,86,49,47,66,40,42,0,39321,222,126,126,194,118,120,26222,39321
28.979,0,796,21,84,54,14.7,13.72,0.933,1,0,0,0,13,312,2.544,1,20,136.5,0,0,0,0,1,0,0,0,0,0,0,0,0,0,0,52.82,34,0.344,1,0,0,0,0,0,0,0,0,0,800,800,800,800,1090,1400,75,0.254,26.5,14.3,12.92,0,136.5,0,20,21,12.819,353.28,1,0.625,0.625,0.586,2.246,0.645,0.02,0,,,,42,0,0,0,0,0,0,0,0,0,0,7,0,0,7000,7000,29,242,1346,79,42,47,66,40,42,0,39321,222,126,126,194,118,118,26222,39321
29.039,0,795,21,84,54,14.7,13.72,0.933,1,0,0,0,13,312,2.544,1,20,136.5,0,0,0,0,1,0,0,0,0,0,0,0,0,0,0,52.82,34,0.344,1,0,0,0,0,0,0,0,0,0,800,800,800,800,1090,1400,75,0.254,26.5,14.3,12.98,0,136.5,0,20,21,12.819,353.28,1,0.625,0.625,0.586,2.246,0.645,0.02,0,,,,76,0,0,0,0,0,0,0,0,0,0,7,0,0,7000,7000,29,242,1346,79,42,39,76,40,42,0,39321,222,126,126,194,118,118,26222,39321
29.099,0,795,21,84,54,14.7,13.69,0.931,1,0,0,0,13,312,2.544,1,20,136.33,0,0,0,0,1,0,0,0,0,0,0,0,0,0,0,52.82,34,0.344,1,0,0,0,0,0,0,0,0,0,800,800,800,800,1090,1400,75,0.254,26.5,14.3,12.98,0,136.33,0,20,21,12.819,353.28,1,0.645,0.645,0.586,2.246,0.645,0.02,0,,,,44,0,0,0,0,0,0,0,0,0,0,7,0,0,7000,7000,29,242,1346,79,42,39,76,47,44,0,39321,222,126,126,194,120,118,26222,39321
29.159,0,797,21,84,54,14.7,13.69,0.931,1,0,0,0,13,312,2.536,1,20,136.17,0,0,0,0,1,0,0,0,0,0,0,0,0,0,0,52.6,34,0.344,1,0,0,0,0,0,0,0,0,0,800,800,800,800,1090,1400,75,0.254,26.5,14.3,12.81,0,136.17,0,20,21,12.819,353.28,1,0.625,0.625,0.586,2.246,0.645,0.02,0,,,,47,0,0,0,0,0,0,0,0,0,0,7,0,0,7000,7000,29,242,1346,85,45,47,76,47,44,0,39321,222,126,126,194,120,118,26222,39321
29.219,0,797,21,84,54,14.7,13.69,0.931,1,0,0,0,13,312,2.536,1,20,136,0,0,0,0,1,0,0,0,0,0,0,0,0,0,0,52.6,34,0.344,1,0,0,0,0,0,0,0,0,0,800,800,800,800,1090,1400,75,0.254,26.5,14.3,12.86,0,136,0,20,21,12.819,353.28,1,0.645,0.645,0.586,2.246,0.645,0.02,0,,,,49,0,0,0,0,0,0,0,0,0,0,7,0,0,7000,7000,29,242,1346,85,45,47,61,49,44,0,39321,222,126,126,194,120,118,26222,39321
29.279,0,798,21,84,54,14.7,13.63,0.927,1,0,0,0,13,312,2.536,1,20,136,0,0,0,0,1,0,0,0,0,0,0,0,0,0,0,52.6,34,0.344,1,0,0,0,0,0,0,0,0,0,800,800,800,800,1090,1400,75,0.254,26.5,14.3,12.86,0,136,0,20,21,12.819,353.28,1,0.625,0.625,0.586,2.246,0.645,0.02,0,,,,42,0,0,0,0,0,0,0,0,0,0,7,0,0,7000,7000,29,242,1346,90,42,47,61,49,45,0,39321,225,126,126,194,120,118,26222,39321
29.339,0,789,21,84,54,14.7,13.69,0.931,1,0,0,0,14,312,2.536,1,19,136,0,0,0,0,1,0,0,0,0,0,0,0,0,0,0,52.6,34,0.344,1,0,0,0,0,0,0,0,0,0,800,790,800,800,1090,1400,75,0.254,26.5,14.3,12.81,0,136,0,19,21,12.819,353.28,1,0.625,0.625,0.586,2.246,0.645,0.02,0,,,,69,0,0,0,0,0,0,0,0,0,0,7,0,0,7000,7000,29,242,1346,90,42,49,69,49,45,0,39321,225,126,126,194,120,118,26222,39321
29.399,0,786,21,84,54,14.7,13.69,0.931,1,0,0,0,14,312,2.536,1,19,136,0,0,0,0,1,0,0,0,0,0,0,0,0,0,0,52.6,34,0.344,1,0,0,0,0,0,0,0,0,0,800,790,800,800,1090,1400,75,0.254,26.5,14.3,12.92,0,136,0,19,21,12.819,353.28,1,0.625,0.625,0.586,2.246,0.645,0.02,0,,,,44,0,0,0,0,0,0,0,0,0,0,7,0,0,7000,7000,29,242,1346,90,42,49,69,47,44,0,39321,225,126,126,194,120,118,26222,39321
29.459,0,785,21,84,54,14.7,13.63,0.927,1,0,0,0,14,312,2.536,1,19,136,0,0,0,0,1,0,0,0,0,0,0,0,0,0,0,52.6,34,0.344,1,0,0,0,0,0,0,0,0,0,800,790,800,800,1090,1400,75,0.254,26.5,14.3,12.98,0,136,0,19,21,12.819,353.28,1,0.625,0.625,0.586,2.246,0.645,0.02,0,,,,40,0,0,0,0,0,0,0,0,0,0,7,0,0,7000,7000,29,242,1346,57,47,40,69,47,44,0,39321,222,126,126,194,120,118,26222,39321
29.519,0,780,21,84,54,14.7,13.63,0.927,1,0,0,0,15,312,2.536,1,19,136.17,0,0,0,0,1,0,0,0,0,0,0,0,0,0,0,52.82,34,0.344,1,0,0,0,0,0,0,0,0,0,800,780,800,800,1090,1400,75,0.254,26.5,14.3,13.09,0,136.17,0,19,21,12.819,353.28,1,0.625,0.625,0.586,2.246,0.645,0.02,0,,,,56,0,0,0,0,0,0,0,0,0,0,7,0,0,7000,7000,29,242,1346,57,47,40,69,56,44,0,39321,222,126,126,194,123,118,26222,39321
29.579,0,787,21,84,54,14.7,13.63,0.927,1,0,0,0,14,312,2.536,1,19,136.17,0,0,0,0,1,0,0,0,0,0,0,0,0,0,0,52.82,34,0.344,1,0,0,0,0,0,0,0,0,0,800,790,800,800,1090,1400,75,0.254,26.5,14.3,13.09,0,136.17,0,19,21,12.819,353.28,1,0.625,0.625,0.586,2.246,0.645,0.02,0,,,,76,0,0,0,0,0,0,0,0,0,0,7,0,0,7000,7000,29,242,1346,76,47,40,69,56,44,0,39321,222,126,126,194,123,118,26222,39321
29.639,0,788,21,84,54,14.7,13.63,0.927,1,0,0,0,14,312,2.544,1,19,136.33,0,0,0,0,1,0,0,0,0,0,0,0,0,0,0,52.82,34,0.344,1,0,0,0,0,0,0,0,0,0,800,790,800,800,1090,1400,75,0.254,26.5,14.3,13.03,0,136.33,0,19,21,12.819,353.28,1,0.625,0.625,0.586,2.246,0.645,0.02,0,,,,71,0,0,0,0,0,0,0,0,0,0,7,0,0,7000,7000,29,242,1346,76,42,44,71,56,44,0,39321,222,123,126,194,123,118,26222,39321
29.699,0,791,21,84,54,14.7,13.63,0.927,1,0,0,0,14,312,2.544,1,19,136.5,0,0,0,0,1,0,0,0,0,0,0,0,0,0,0,52.82,34,0.344,1,0,0,0,0,0,0,0,0,0,800,790,800,800,1090,1400,75,0.254,26.5,14.3,13.03,0,136.5,0,19,21,12.819,353.28,1,0.645,0.645,0.586,2.246,0.645,0.02,0,,,,40,0,0,0,0,0,0,0,0,0,0,7,0,0,7000,7000,29,242,1346,76,42,44,71,42,40,0,39321,222,123,126,194,123,118,26222,39321
29.759,0,791,21,84,54,14.7,13.69,0.931,1,0,0,0,14,312,2.536,1,19,136.17,0,0,0,0,1,0,0,0,0,0,0,0,0,0,0,52.6,34,0.344,1,0,0,0,0,0,0,0,0,0,800,790,800,800,1090,1400,75,0.254,26.5,14.3,13.03,0,136.17,0,19,21,12.819,353.28,1,0.625,0.625,0.586,2.246,0.645,0.02,0,,,,40,0,0,0,0,0,0,0,0,0,0,7,0,0,7000,7000,29,242,1346,62,40,44,71,42,40,0,39321,219,123,126,194,123,118,26222,39321
29.819,0,792,21,84,54,14.7,13.69,0.931,1,0,0,0,14,312,2.544,1,19,136.33,0,0,0,0,1,0,0,0,0,0,0,0,0,0,0,52.82,34,0.344,1,0,0,0,0,0,0,0,0,0,800,790,800,800,1090,1400,75,0.254,26.5,14.3,12.92,0,136.33,0,19,21,12.819,353.28,1,0.625,0.625,0.586,2.246,0.645,0.02,0,,,,47,0,0,0,0,0,0,0,0,0,0,7,0,0,7000,7000,29,242,1346,62,40,44,66,47,40,0,39321,219,123,126,194,123,118,26222,39321
29.879,0,792,21,84,54,14.7,13.69,0.931,1,0,0,0,14,312,2.536,1,19,136.17,0,0,0,0,1,0,0,0,0,0,0,0,0,0,0,52.6,34,0.344,1,0,0,0,0,0,0,0,0,0,800,790,800,800,1090,1400,75,0.254,26.5,14.3,12.86,0,136.17,0,19,21,12.819,353.28,1,0.625,0.625,0.586,2.246,0.645,0.02,0,,,,69,0,0,0,0,0,0,0,0,0,0,7,0,0,7000,7000,29,242,1346,69,40,44,66,47,39,0,39321,216,123,126,194,123,118,26222,39321
29.939,0,787,21,84,54,14.7,13.69,0.931,1,0,0,0,14,312,2.536,1,19,136,0,0,0,0,1,0,0,0,0,0,0,0,0,0,0,52.6,34,0.344,1,0,0,0,0,0,0,0,0,0,800,790,800,800,1090,1400,75,0.254,26.5,14.3,12.86,0,136,0,19,21,12.819,353.28,1,0.645,0.645,0.586,2.246,0.645,0.02,0,,,,69,0,0,0,0,0,0,0,0,0,0,7,0,0,7000,7000,29,242,1346,69,47,45,69,47,39,0,39321,216,123,126,194,123,118,26222,39321
30.000,0,791,21,84,54,14.7,13.69,0.931,1,0,0,0,14,312,2.536,1,19,136.17,0,0,0,0,1,0,0,0,0,0,0,0,0,0,0,52.82,34,0.344,1,0,0,0,0,0,0,0,0,0,800,790,800,800,1090,1400,75,0.254,26.5,14.3,12.86,0,136.17,0,19,21,12.819,353.28,1,0.625,0.625,0.586,2.246,0.645,0.02,0,,,,42,0,0,0,0,0,0,0,0,0,0,7,0,0,7000,7000,29,242,1346,69,47,45,69,47,42,0,39321,216,123,126,194,123,118,26222,39321
30.060,0,788,21,84,54,14.7,13.69,0.931,1,0,0,0,14,312,2.536,1,19,136.17,0,0,0,0,1,0,0,0,0,0,0,0,0,0,0,52.6,34,0.344,1,0,0,0,0,0,0,0,0,0,800,790,800,800,1090,1400,75,0.254,26.5,14.3,12.75,0,136.17,0,19,21,12.819,353.28,1,0.645,0.645,0.586,2.246,0.645,0.02,0,,,,45,0,0,0,0,0,0,0,0,0,0,7,0,0,7000,7000,29,242,1346,81,45,45,69,47,42,0,39321,219,123,126,194,123,118,26222,39321
30.120,0,787,21,84,54,14.7,13.69,0.931,1,0,0,0,14,312,2.544,1,19,136.33,0,0,0,0,1,0,0,0,0,0,0,0,0,0,0,52.82,34,0.344,1,0,0,0,0,0,0,0,0,0,800,790,800,800,1090,1400,75,0.254,26.5,14.3,13.03,0,136.33,0,19,21,12.819,353.28,1,0.625,0.625,0.586,2.246,0.645,0.02,0,,,,45,0,0,0,0,0,0,0,0,0,0,7,0,0,7000,7000,29,242,1346,81,45,47,64,45,42,0,39321,219,123,126,194,123,118,26222,39321
30.180,0,785,21,84,54,14.7,13.69,0.931,1,0,0,0,14,312,2.544,1,19,136.33,0,0,0,0,1,0,0,0,0,0,0,0,0,0,0,52.82,34,0.344,1,0,0,0,0,0,0,0,0,0,800,790,800,800,1090,1400,75,0.254,26.5,14.3,12.92,0,136.33,0,19,21,12.819,353.28,1,0.645,0.645,0.586,2.227,0.645,0.02,0,,,,62,0,0,0,0,0,0,0,0,0,0,7,0,0,7000,7000,29,242,1346,62,45,47,64,45,42,0,39321,216,123,126,194,123,118,26222,39321
30.240,0,785,21,84,54,14.7,13.63,0.927,1,0,0,0,14,312,2.544,1,19,136.33,0,0,0,0,1,0,0,0,0,0,0,0,0,0,0,52.6,34,0.344,1,0,0,0,0,0,0,0,0,0,800,790,800,800,1090,1400,75,0.254,26.5,14.3,12.92,0,136.33,0,19,21,12.819,353.28,1,0.625,0.625,0.586,2.246,0.645,0.02,0,,,,49,0,0,0,0,0,0,0,0,0,0,7,0,0,7000,7000,29,242,1346,62,45,49,64,45,42,0,39321,216,123,126,194,123,118,26222,39321
30.300,0,786,21,84,54,14.7,13.63,0.927,1,0,0,0,14,312,2.544,1,19,136.5,0,0,0,0,1,0,0,0,0,0,0,0,0,0,0,52.82,34,0.344,1,0,0,0,0,0,0,0,0,0,800,790,800,800,1090,1400,75,0.254,26.5,14.3,12.86,0,136.5,0,19,21,12.819,353.28,1,0.625,0.625,0.586,2.227,0.645,0.02,0,,,,39,0,0,0,0,0,0,0,0,0,0,7,0,0,7000,7000,29,242,1346,62,45,49,54,49,39,0,39321,216,123,126,191,123,118,26222,39321
30.360,0,791,21,84,54,14.7,13.63,0.927,1,0,0,0,14,312,2.544,1,19,136.5,0,0,0,0,1,0,0,0,0,0,0,0,0,0,0,52.82,34,0.344,1,0,0,0,0,0,0,0,0,0,800,790,800,800,1090,1400,75,0.254,26.5,14.3,12.92,0,136.5,0,19,21,12.819,353.28,1,0.645,0.645,0.586,2.227,0.645,0.02,0,,,,44,0,0,0,0,0,0,0,0,0,0,7,0,0,7000,7000,29,242,1346,68,44,49,54,49,39,0,39321,216,123,126,191,123,118,26222,39321
30.420,0,792,21,84,54,14.7,13.69,0.931,1,0,0,0,14,312,2.544,1,19,136.33,0,0,0,0,1,0,0,0,0,0,0,0,0,0,0,52.82,34,0.344,1,0,0,0,0,0,0,0,0,0,800,790,800,800,1090,1400,75,0.254,26.5,14.3,12.92,0,136.33,0,19,21,12.819,353.28,1,0.625,0.625,0.586,2.227,0.645,0.02,0,,,,37,0,0,0,0,0,0,0,0,0,0,7,0,0,7000,7000,29,242,1346,68,44,47,71,37,39,0,39321,216,123,126,191,120,118,26222,39321
30.480,0,794,21,84,54,14.7,13.69,0.931,1,0,0,0,14,312,2.544,1,20,136.33,0,0,0,0,1,0,0,0,0,0,0,0,0,0,0,52.6,34,0.344,1,0,0,0,0,0,0,0,0,0,800,790,800,800,1090,1400,75,0.254,26.5,14.3,12.92,0,136.33,0,20,21,12.819,353.28,1,0.625,0.625,0.586,2.227,0.645,0.02,0,,,,73,0,0,0,0,0,0,0,0,0,0,7,0,0,7000,7000,29,242,1346,73,44,47,71,37,47,0,39321,216,123,126,191,120,120,26222,39321
30.540,0,789,21,84,54,14.7,13.69,0.931,1,0,0,0,14,312,2.536,1,19,136.17,0,0,0,0,1,0,0,0,0,0,0,0,0,0,0,52.6,34,0.344,1,0,0,0,0,0,0,0,0,0,800,790,800,800,1090,1400,75,0.254,26.5,14.3,12.86,0,136.17,0,19,21,12.819,353.28,1,0.645,0.645,0.586,2.227,0.645,0.02,0,,,,49,0,0,0,0,0,0,0,0,0,0,7,0,0,7000,7000,29,242,1346,73,40,49,71,37,47,0,39321,216,120,129,191,120,120,26222,39321
30.600,0,787,21,84,54,14.7,13.69,0.931,1,0,0,0,14,312,2.544,1,19,136.33,0,0,0,0,1,0,0,0,0,0,0,0,0,0,0,52.82,34,0.344,1,0,0,0,0,0,0,0,0,0,800,790,800,800,1090,1400,75,0.254,26.5,14.3,12.98,0,136.33,0,19,21,12.819,353.28,1,0.625,0.625,0.586,2.227,0.645,0.02,0,,,,37,0,0,0,0,0,0,0,0,0,0,7,0,0,7000,7000,29,242,1346,73,40,49,74,47,37,0,39321,216,120,129,191,120,120,26222,39321
30.660,0,787,21,84,54,14.7,13.69,0.931,1,0,0,0,14,312,2.536,1,19,136.17,0,0,0,0,1,0,0,0,0,0,0,0,0,0,0,52.6,34,0.344,1,0,0,0,0,0,0,0,0,0,800,790,800,800,1090,1400,75,0.254,26.5,14.3,13.03,0,136.17,0,19,21,12.819,353.28,1,0.625,0.625,0.586,2.227,0.645,0.02,0,,,,49,0,0,0,0,0,0,0,0,0,0,7,0,0,7000,7000,29,242,1346,64,49,49,74,47,37,0,39321,213,120,129,191,120,120,26222,39321
30.720,0,779,21,84,55,14.7,13.69,0.931,1,0,0,0,15,312,2.544,1,19,136.33,0,0,0,0,1,0,0,0,0,0,0,0,0,0,0,52.82,34,0.344,1,0,0,0,0,0,0,0,0,0,760,780,800,800,1090,1400,75,0.254,26,14.3,13.03,0,136.33,0,19,21,12.819,353.28,1,0.645,0.645,0.586,2.227,0.645,0.02,0,,,,71,0,0,0,0,0,0,0,0,0,0,7,0,0,7000,7000,29,242,1346,64,49,47,71,47,37,0,39321,213,120,129,194,120,120,26222,39321
30.780,0,776,21,84,55,14.7,13.69,0.931,1,0,0,0,15,312,2.544,1,19,136.33,0,0,0,0,1,0,0,0,0,0,0,0,0,0,0,52.82,34,0.344,1,0,0,0,0,0,0,0,0,0,760,780,800,800,1090,1400,75,0.25,26,14.3,13.15,0,136.33,0,19,21,12.819,353.28,1,0.645,0.645,0.586,2.227,0.645,0.02,0,,,,57,0,0,0,0,0,0,0,0,0,0,7,0,0,7000,7000,29,242,1346,57,49,47,71,51,41,0,39321,210,120,129,194,120,120,26222,39321
30.840,0,778,21,84,55,14.7,13.69,0.931,1,0,0,0,15,312,2.544,1,19,136.5,0,0,0,0,1,0,0,0,0,0,0,0,0,0,0,52.82,34,0.344,1,0,0,0,0,0,0,0,0,0,760,780,800,800,1090,1400,75,0.25,26,14.3,13.09,0,136.5,0,19,21,12.819,353.28,1,0.625,0.625,0.586,2.227,0.645,0.02,0,,,,40,0,0,0,0,0,0,0,0,0,0,7,0,0,7000,7000,29,242,1346,57,43,40,71,51,41,0,39321,210,120,126,194,120,120,26222,39321
30.900,0,773,21,84,55,14.7,13.69,0.931,1,0,0,0,16,312,2.544,1,19,136.5,0,0,0,0,1,0,0,0,0,0,0,0,0,0,0,53.05,34,0.344,1,0,0,0,0,0,0,0,0,0,760,770,800,800,1090,1400,75,0.25,26,14.3,13.09,0,136.5,0,19,21,12.819,353.28,1,0.645,0.645,0.586,2.227,0.645,0.02,0,,,,48,0,0,0,0,0,0,0,0,0,0,7,0,0,7000,7000,29,242,1346,57,43,40,67,48,41,0,39321,210,120,126,194,123,120,26222,39321
30.960,0,778,21,84,55,14.7,13.69,0.931,1,0,0,0,15,312,2.544,1,19,136.67,0,0,0,0,1,0,0,0,0,0,0,0,0,0,0,53.05,34,0.344,1,0,0,0,0,0,0,0,0,0,760,780,800,800,1090,1400,75,0.25,26,14.3,13.03,0,136.67,0,19,21,12.819,353.28,1,0.625,0.625,0.586,2.227,0.645,0.02,0,,,,43,0,0,0,0,0,0,0,0,0,0,7,0,0,7000,7000,29,242,1346,51,43,40,67,48,40,0,39321,208,120,126,194,123,118,26222,39321
31.020,0,779,21,84,55,14.7,13.69,0.931,1,0,0,0,15,312,2.544,1,19,136.83,0,0,0,0,1,0,0,0,0,0,0,0,0,0,0,53.05,34,0.344,1,0,0,0,0,0,0,0,0,0,760,780,800,800,1090,1400,75,0.25,26,14.3,13.03,0,136.83,0,19,21,12.819,353.28,1,0.625,0.625,0.586,2.227,0.645,0.02,0,,,,62,0,0,0,0,0,0,0,0,0,0,7,0,0,7000,7000,29,242,1346,51,43,38,62,48,40,0,39321,208,120,123,194,123,118,26222,39321
31.080,0,781,21,84,55,14.7,13.63,0.927,1,0,0,0,15,312,2.544,1,19,136.83,0,0,0,0,1,0,0,0,0,0,0,0,0,0,0,53.05,34,0.344,1,0,0,0,0,0,0,0,0,0,800,780,800,800,1090,1400,75,0.25,26.5,14.3,13.03,0,136.83,0,19,21,12.819,353.28,1,0.645,0.645,0.586,2.227,0.645,0.02,0,,,,40,0,0,0,0,0,0,0,0,0,0,7,0,0,7000,7000,29,242,1346,51,43,38,62,41,40,0,39321,208,120,123,194,123,118,26222,39321
31.140,0,788,21,84,55,14.7,13.69,0.931,1,0,0,0,14,312,2.544,1,19,136.67,0,0,0,0,1,0,0,0,0,0,0,0,0,0,0,52.82,34,0.344,1,0,0,0,0,0,0,0,0,0,800,790,800,800,1090,1400,75,0.254,26.5,14.3,12.75,0,136.67,0,19,21,12.819,353.28,1,0.625,0.625,0.586,2.227,0.645,0.02,0,,,,45,0,0,0,0,0,0,0,0,0,0,7,0,0,7000,7000,29,242,1346,64,45,45,62,41,40,0,39321,205,120,123,194,123,118,26222,39321
31.200,0,788,21,84,55,14.7,13.69,0.931,1,0,0,0,14,312,2.544,1,19,136.5,0,0,0,0,1,0,0,0,0,0,0,0,0,0,0,52.82,34,0.344,1,0,0,0,0,0,0,0,0,0,800,790,800,800,1090,1400,75,0.254,26.5,14.3,12.81,0,136.5,0,19,21,12.819,353.28,1,0.645,0.645,0.586,2.227,0.645,0.02,0,,,,39,0,0,0,0,0,0,0,0,0,0,7,0,0,7000,7000,29,242,1346,64,45,45,71,39,40,0,39321,205,120,123,194,123,118,26222,39321
31.260,0,784,21,84,55,14.7,13.69,0.931,1,0,0,0,15,312,2.544,1,19,136.5,0,0,0,0,1,0,0,0,0,0,0,0,0,0,0,52.82,34,0.344,1,0,0,0,0,0,0,0,0,0,800,780,800,800,1090,1400,75,0.254,26.5,14.3,12.81,0,136.5,0,19,21,12.819,353.28,1,0.645,0.645,0.586,2.227,0.645,0.02,0,,,,62,0,0,0,0,0,0,0,0,0,0,7,0,0,7000,7000,29,242,1346,62,45,45,71,39,40,0,39321,202,120,123,194,123,118,26222,39321
31.320,0,780,21,84,55,14.7,13.69,0.931,1,0,0,0,15,312,2.544,1,19,136.5,0,0,0,0,1,0,0,0,0,0,0,0,0,0,0,52.82,34,0.344,1,0,0,0,0,0,0,0,0,0,800,780,800,800,1090,1400,75,0.254,26.5,14.3,12.86,0,136.5,0,19,21,12.819,353.28,1,0.645,0.645,0.586,2.227,0.645,0.02,0,,,,68,0,0,0,0,0,0,0,0,0,0,7,0,0,7000,7000,29,242,1346,62,49,51,68,39,40,0,39321,202,123,123,194,123,118,26222,39321
31.380,0,781,21,84,55,14.7,13.69,0.931,1,0,0,0,15,312,2.552,1,19,136.5,0,0,0,0,1,0,0,0,0,0,0,0,0,0,0,52.82,34,0.344,1,0,0,0,0,0,0,0,0,0,800,780,800,800,1090,1400,75,0.254,26.5,14.3,12.86,0,136.5,0,19,21,12.745,353.28,1,0.645,0.645,0.586,2.227,0.645,0.02,0,,,,40,0,0,0,0,0,0,0,0,0,0,7,0,0,7000,7000,29,242,1346,62,49,51,68,49,40,0,39321,202,123,123,194,123,118,26222,39321
31.440,0,786,21,84,55,14.7,13.69,0.931,1,0,0,0,14,312,2.544,1,19,136.5,0,0,0,0,1,0,0,0,0,0,0,0,0,0,0,52.82,34,0.344,1,0,0,0,0,0,0,0,0,0,800,790,800,800,1090,1400,75,0.254,26.5,14.3,12.98,0,136.5,0,19,21,12.819,353.28,1,0.645,0.645,0.586,2.227,0.645,0.02,0,,,,45,0,0,0,0,0,0,0,0,0,0,7,0,0,7000,7000,29,242,1346,61,45,51,68,49,40,0,39321,202,123,123,194,123,118,26222,39321
31.500,0,790,21,84,55,14.7,13.72,0.933,1,0,0,0,14,312,2.544,1,19,136.5,0,0,0,0,1,0,0,0,0,0,0,0,0,0,0,52.82,34,0.344,1,0,0,0,0,0,0,0,0,0,800,790,800,800,1090,1400,75,0.254,26.5,14.3,13.03,0,136.5,0,19,21,12.819,353.28,1,0.625,0.625,0.586,2.227,0.645,0.02,0,,,,37,0,0,0,0,0,0,0,0,0,0,7,0,0,7000,7000,29,242,1346,61,45,44,71,37,40,0,39321,202,123,123,194,120,118,26222,39321
31.560,0,796,21,84,55,14.7,13.72,0.933,1,0,0,0,13,312,2.544,1,19,136.5,0,0,0,0,1,0,0,0,0,0,0,0,0,0,0,52.82,34,0.344,1,0,0,0,0,0,0,0,0,0,800,800,800,800,1090,1400,75,0.254,26.5,14.3,13.03,0,136.5,0,19,21,12.819,353.28,1,0.625,0.625,0.586,2.227,0.645,0.02,0,,,,62,0,0,0,0,0,0,0,0,0,0,7,0,0,7000,7000,29,242,1346,62,45,44,71,37,45,0,39321,202,123,123,194,120,118,26222,39321
31.620,0,794,21,84,55,14.7,13.72,0.933,1,0,0,0,14,312,2.544,1,20,136.5,0,0,0,0,1,0,0,0,0,0,0,0,0,0,0,52.82,34,0.344,1,0,0,0,0,0,0,0,0,0,800,790,800,800,1090,1400,75,0.254,26.5,14.3,12.92,0,136.5,0,20,21,12.819,353.28,1,0.645,0.645,0.586,2.227,0.645,0.02,0,,,,74,0,0,0,0,0,0,0,0,0,0,7,0,0,7000,7000,29,242,1346,62,47,40,74,37,45,0,39321,202,123,123,194,120,118,26222,39321
31.680,0,800,21,84,55,14.7,13.72,0.933,1,0,0,0,13,312,2.544,1,20,136.5,0,0,0,0,1,0,0,0,0,0,0,0,0,0,0,52.6,34,0.344,1,0,0,0,0,0,0,0,0,0,800,800,800,800,1090,1400,75,0.254,26.5,14.3,13.15,0,136.5,0,20,21,12.819,353.28,1,0.625,0.625,0.586,2.227,0.645,0.02,0,,,,42,0,0,0,0,0,0,0,0,0,0,7,0,0,7000,7000,29,242,1346,62,47,40,74,51,42,0,39321,202,123,123,194,123,118,26222,39321
31.740,0,801,21,84,55,14.7,13.72,0.933,1,0,0,0,13,312,2.536,1,20,136.17,0,0,0,0,1,0,0,0,0,0,0,0,0,0,0,52.6,34,0.344,1,0,0,0,0,0,0,0,0,0,800,800,800,800,1090,1400,75,0.254,26.5,14.3,12.92,0,136.17,0,20,21,12.819,353.28,1,0.625,0.625,0.586,2.227,0.645,0.02,0,,,,47,0,0,0,0,0,0,0,0,0,0,7,0,0,7000,7000,29,242,1346,78,47,40,74,51,42,0,39321,202,123,123,194,123,118,26222,39321
31.800,0,798,21,84,55,14.7,13.72,0.933,1,0,0,0,13,312,2.536,1,20,136.17,0,0,0,0,1,0,0,0,0,0,0,0,0,0,0,52.6,34,0.344,1,0,0,0,0,0,0,0,0,0,800,800,800,800,1090,1400,75,0.254,26.5,14.3,12.98,0,136.17,0,20,21,12.819,353.28,1,0.625,0.625,0.586,2.227,0.645,0.02,0,,,,37,0,0,0,0,0,0,0,0,0,0,7,0,0,7000,7000,29,242,1346,78,47,47,76,37,42,0,39321,202,123,123,196,120,118,26222,39321
31.860,0,792,21,84,55,14.7,13.72,0.933,1,0,0,0,14,312,2.536,1,19,136,0,0,0,0,1,0,0,0,0,0,0,0,0,0,0,52.6,34,0.344,1,0,0,0,0,0,0,0,0,0,800,790,800,800,1090,1400,75,0.254,26.5,14.3,12.98,0,136,0,19,21,12.819,353.28,1,0.625,0.625,0.586,2.227,0.645,0.02,0,,,,57,0,0,0,0,0,0,0,0,0,0,7,0,0,7000,7000,29,242,1346,57,47,47,76,37,42,0,39321,199,123,123,196,120,118,26222,39321
31.920,0,786,21,84,55,14.7,13.72,0.933,1,0,0,0,14,312,2.544,1,19,136,0,0,0,0,1,0,0,0,0,0,0,0,0,0,0,52.6,34,0.344,1,0,0,0,0,0,0,0,0,0,800,790,800,800,1090,1400,75,0.254,26.5,14.3,12.92,0,136,0,19,21,12.745,353.28,1,0.625,0.625,0.586,2.227,0.645,0.02,0,,,,69,0,0,0,0,0,0,0,0,0,0,7,0,0,7000,7000,29,242,1346,57,47,47,69,37,42,0,39321,199,126,123,196,120,118,26222,39321
31.980,0,787,21,84,55,14.7,13.72,0.933,1,0,0,0,14,312,2.544,1,19,136,0,0,0,0,1,0,0,0,0,0,0,0,0,0,0,52.6,34,0.344,1,0,0,0,0,0,0,0,0,0,800,790,800,800,1090,1400,75,0.254,26.5,14.3,12.98,0,136,0,19,21,12.745,353.28,1,0.625,0.625,0.586,2.227,0.645,0.02,0,,,,45,0,0,0,0,0,0,0,0,0,0,7,0,0,7000,7000,29,242,1346,57,47,47,69,51,45,0,39321,199,126,123,196,120,118,26222,39321
32.040,0,783,21,84,55,14.7,13.69,0.931,1,0,0,0,15,312,2.544,1,19,136,0,0,0,0,1,0,0,0,0,0,0,0,0,0,0,52.6,34,0.344,1,0,0,0,0,0,0,0,0,0,800,780,800,800,1090,1400,75,0.254,26.5,14.3,12.92,0,136,0,19,21,12.745,353.28,1,0.625,0.625,0.586,2.227,0.645,0.02,0,,,,44,0,0,0,0,0,0,0,0,0,0,7,0,0,7000,7000,29,242,1346,68,44,47,69,51,45,0,39321,199,126,123,196,120,118,26222,39321
32.100,0,780,21,84,55,14.7,13.69,0.931,1,0,0,0,15,312,2.544,1,19,136.17,0,0,0,0,1,0,0,0,0,0,0,0,0,0,0,52.6,34,0.344,1,0,0,0,0,0,0,0,0,0,800,780,800,800,1090,1400,75,0.254,26.5,14.3,13.03,0,136.17,0,19,21,12.745,353.28,1,0.625,0.625,0.586,2.227,0.645,0.02,0,,,,42,0,0,0,0,0,0,0,0,0,0,7,0,0,7000,7000,29,242,1346,68,44,42,61,42,45,0,39321,199,126,123,194,120,118,26222,39321
32.160,0,784,21,84,55,14.7,13.69,0.931,1,0,0,0,15,312,2.544,1,19,136.33,0,0,0,0,1,0,0,0,0,0,0,0,0,0,0,52.82,34,0.344,1,0,0,0,0,0,0,0,0,0,800,780,800,800,1090,1400,75,0.254,26.5,14.3,13.03,0,136.33,0,19,21,12.819,353.28,1,0.625,0.625,0.586,2.227,0.645,0.02,0,,,,47,0,0,0,0,0,0,0,0,0,0,7,0,0,7000,7000,29,242,1346,47,44,42,61,42,42,0,39321,196,126,123,194,120,118,26222,39321
32.220,0,783,21,84,55,14.7,13.69,0.931,1,0,0,0,15,312,2.544,1,19,136.33,0,0,0,0,1,0,0,0,0,0,0,0,0,0,0,52.82,34,0.344,1,0,0,0,0,0,0,0,0,0,800,780,800,800,1090,1400,75,0.254,26.5,14.3,12.98,0,136.33,0,19,21,12.819,353.28,1,0.645,0.645,0.586,2.227,0.645,0.02,0,,,,45,0,0,0,0,0,0,0,0,0,0,7,0,0,7000,7000,29,242,1346,47,51,45,61,42,42,0,39321,196,126,123,194,120,118,26222,39321
32.280,0,788,21,84,55,14.7,13.63,0.927,1,0,0,0,14,312,2.544,1,19,136.5,0,0,0,0,1,0,0,0,0,0,0,0,0,0,0,52.82,34,0.344,1,0,0,0,0,0,0,0,0,0,800,790,800,800,1090,1400,75,0.254,26.5,14.3,12.92,0,136.5,0,19,21,12.819,353.28,1,0.625,0.625,0.586,2.227,0.645,0.02,0,,,,44,0,0,0,0,0,0,0,0,0,0,7,0,0,7000,7000,29,242,1346,47,51,45,62,40,44,0,39321,196,126,123,194,120,118,26222,39321
32.340,0,788,21,84,55,14.7,13.63,0.927,1,0,0,0,14,312,2.544,1,19,136.5,0,0,0,0,1,0,0,0,0,0,0,0,0,0,0,52.82,34,0.344,1,0,0,0,0,0,0,0,0,0,800,790,800,800,1090,1400,75,0.254,26.5,14.3,12.86,0,136.5,0,19,21,12.819,353.28,1,0.645,0.645,0.586,2.227,0.645,0.02,0,,,,49,0,0,0,0,0,0,0,0,0,0,7,0,0,7000,7000,29,242,1346,57,49,45,62,40,44,0,39321,194,126,123,194,120,118,26222,39321
32.400,0,789,21,84,55,14.7,13.69,0.931,1,0,0,0,14,312,2.544,1,19,136.5,0,0,0,0,1,0,0,0,0,0,0,0,0,0,0,52.82,34,0.344,1,0,0,0,0,0,0,0,0,0,800,790,800,800,1090,1400,75,0.254,26.5,14.3,12.75,0,136.5,0,19,21,12.819,353.28,1,0.645,0.645,0.586,2.227,0.645,0.02,0,,,,69,0,0,0,0,0,0,0,0,0,0,7,0,0,7000,7000,29,242,1346,57,49,47,69,40,44,0,39321,194,126,123,194,120,118,26222,39321
32.460,0,793,21,84,55,14.7,13.69,0.931,1,0,0,0,14,312,2.544,1,19,136.33,0,0,0,0,1,0,0,0,0,0,0,0,0,0,0,52.6,34,0.344,1,0,0,0,0,0,0,0,0,0,800,790,800,800,1090,1400,75,0.254,26.5,14.3,12.86,0,136.33,0,19,21,12.819,353.28,1,0.625,0.625,0.586,2.227,0.645,0.02,0,,,,61,0,0,0,0,0,0,0,0,0,0,7,0,0,7000,7000,29,242,1346,61,49,47,69,44,45,0,39321,191,126,123,194,123,118,26222,39321
32.520,0,793,21,84,55,14.7,13.69,0.931,1,0,0,0,14,312,2.544,1,19,136.33,0,0,0,0,1,0,0,0,0,0,0,0,0,0,0,52.6,34,0.344,1,0,0,0,0,0,0,0,0,0,800,790,800,800,1090,1400,75,0.254,26.5,14.3,12.81,0,136.33,0,19,21,12.819,353.28,1,0.625,0.625,0.586,2.227,0.645,0.02,0,,,,47,0,0,0,0,0,0,0,0,0,0,7,0,0,7000,7000,29,242,1346,61,51,47,69,44,45,0,39321,191,129,123,194,123,118,26222,39321
32.580,0,792,21,84,55,14.7,13.69,0.931,1,0,0,0,14,312,2.552,1,19,136.33,0,0,0,0,1,0,0,0,0,0,0,0,0,0,0,52.6,34,0.344,1,0,0,0,0,0,0,0,0,0,800,790,800,800,1090,1400,75,0.254,26.5,14.3,12.86,0,136.33,0,19,21,12.745,353.28,1,0.625,0.625,0.586,2.227,0.645,0.02,0,,,,44,0,0,0,0,0,0,0,0,0,0,7,0,0,7000,7000,29,242,1346,61,51,47,61,52,44,0,39321,191,129,123,191,126,118,26222,39321
32.640,0,795,21,84,55,14.7,13.69,0.931,1,0,0,0,13,312,2.544,1,20,136.17,0,0,0,0,1,0,0,0,0,0,0,0,0,0,0,52.6,34,0.344,1,0,0,0,0,0,0,0,0,0,800,800,800,800,1090,1400,75,0.254,26.5,14.3,12.86,0,136.17,0,20,21,12.745,353.28,1,0.625,0.625,0.586,2.227,0.645,0.02,0,,,,45,0,0,0,0,0,0,0,0,0,0,7,0,0,7000,7000,29,242,1346,62,45,47,61,52,44,0,39321,191,126,123,191,126,118,26222,39321
32.700,0,791,21,84,55,14.7,13.69,0.931,1,0,0,0,14,312,2.544,1,19,136,0,0,0,0,1,0,0,0,0,0,0,0,0,0,0,52.6,34,0.344,1,0,0,0,0,0,0,0,0,0,800,790,800,800,1090,1400,75,0.254,26.5,14.3,13.09,0,136,0,19,21,12.745,353.28,1,0.625,0.625,0.586,2.227,0.645,0.02,0,,,,61,0,0,0,0,0,0,0,0,0,0,7,0,0,7000,7000,29,242,1346,62,45,51,61,52,44,0,39321,191,126,126,188,126,118,26222,39321
32.760,0,790,21,84,55,14.7,13.69,0.931,1,0,0,0,14,312,2.544,1,19,136,0,0,0,0,1,0,0,0,0,0,0,0,0,0,0,52.6,34,0.344,1,0,0,0,0,0,0,0,0,0,800,790,800,800,1090,1400,75,0.254,26.5,14.3,13.09,0,136,0,19,21,12.745,353.28,1,0.625,0.625,0.586,2.227,0.645,0.02,0,,,,86,0,0,0,0,0,0,0,0,0,0,7,0,0,7000,7000,29,242,1346,86,45,51,61,49,42,0,39321,194,126,126,188,129,118,26222,39321
32.820,0,791,21,84,55,14.7,13.63,0.927,1,0,0,0,14,312,2.536,1,19,136,0,0,0,0,1,0,0,0,0,0,0,0,0,0,0,52.6,34,0.344,1,0,0,0,0,0,0,0,0,0,800,790,800,800,1090,1400,75,0.254,26.5,14.3,13.03,0,136,0,19,21,12.819,353.28,1,0.645,0.645,0.586,2.227,0.645,0.02,0,,,,52,0,0,0,0,0,0,0,0,0,0,7,0,0,7000,7000,29,242,1346,86,49,52,61,49,42,0,39321,194,126,129,188,129,118,26222,39321
32.880,0,793,21,84,55,14.7,13.63,0.927,1,0,0,0,14,312,2.536,1,19,136,0,0,0,0,1,0,0,0,0,0,0,0,0,0,0,52.6,34,0.344,1,0,0,0,0,0,0,0,0,0,800,790,800,800,1090,1400,75,0.254,26.5,14.3,13.03,0,136,0,19,21,12.819,353.28,1,0.625,0.625,0.586,2.227,0.645,0.02,0,,,,54,0,0,0,0,0,0,0,0,0,0,7,0,0,7000,7000,29,242,1346,86,49,52,62,54,42,0,39321,194,126,129,185,132,118,26222,39321
32.940,0,798,21,84,55,14.7,13.6,0.925,1,0,0,0,13,312,2.536,1,20,136,0,0,0,0,1,0,0,0,0,0,0,0,0,0,0,52.6,34,0.344,1,0,0,0,0,0,0,0,0,0,800,800,800,800,1090,1400,75,0.254,26.5,14.3,13.03,0,136,0,20,21,12.819,353.28,1,0.625,0.625,0.586,2.227,0.625,0.02,0,,,,52,0,0,0,0,0,0,0,0,0,0,7,0,0,7000,7000,29,242,1346,54,52,52,62,54,44,0,39321,191,126,129,185,132,118,26222,39321
33.000,0,801,21,84,55,14.7,13.6,0.925,1,0,0,0,13,312,2.536,1,19,136,0,0,0,0,1,0,0,0,0,0,0,0,0,0,0,52.6,34,0.344,1,0,0,0,0,0,0,0,0,0,800,800,800,800,1090,1400,75,0.254,26.5,14.3,12.98,0,136,0,19,21,12.819,353.28,1,0.625,0.625,0.586,2.227,0.645,0.02,0,,,,56,0,0,0,0,0,0,0,0,0,0,7,0,0,7000,7000,29,242,1346,54,52,47,56,54,44,0,39321,191,126,129,185,132,118,26222,39321
33.060,0,798,21,84,55,14.7,13.63,0.927,1,0,0,0,13,312,2.536,1,20,136,0,0,0,0,1,0,0,0,0,0,0,0,0,0,0,52.6,34,0.344,1,0,0,0,0,0,0,0,0,0,800,800,800,800,1090,1400,75,0.254,26.5,14.3,12.86,0,136,0,20,21,12.819,353.28,1,0.625,0.625,0.586,2.227,0.645,0.02,0,,,,73,0,0,0,0,0,0,0,0,0,0,7,0,0,7000,7000,29,242,1346,73,52,47,56,42,49,0,39321,191,126,129,185,129,120,26222,39321
33.120,0,791,21,84,55,14.7,13.6,0.925,1,0,0,0,14,312,2.544,1,19,136,0,0,0,0,1,0,0,0,0,0,0,0,0,0,0,52.6,34,0.344,1,0,0,0,0,0,0,0,0,0,800,790,800,800,1090,1400,75,0.254,26.5,14.3,12.86,0,136,0,19,21,12.745,353.28,1,0.625,0.625,0.586,2.227,0.645,0.02,0,,,,52,0,0,0,0,0,0,0,0,0,0,7,0,0,7000,7000,29,242,1346,73,49,52,56,42,49,0,39321,191,126,132,185,129,120,26222,39321
33.180,0,789,21,84,55,14.7,13.6,0.925,1,0,0,0,14,312,2.544,1,19,136,0,0,0,0,1,0,0,0,0,0,0,0,0,0,0,52.6,34,0.344,1,0,0,0,0,0,0,0,0,0,800,790,800,800,1090,1400,75,0.254,26.5,14.3,12.86,0,136,0,19,21,12.745,353.28,1,0.625,0.625,0.586,2.227,0.645,0.02,0,,,,51,0,0,0,0,0,0,0,0,0,0,7,0,0,7000,7000,29,242,1346,73,49,52,66,51,49,0,39321,191,126,132,185,129,120,26222,39321
33.240,0,791,21,84,55,14.7,13.6,0.925,1,0,0,0,14,312,2.544,1,19,136,0,0,0,0,1,0,0,0,0,0,0,0,0,0,0,52.6,34,0.344,1,0,0,0,0,0,0,0,0,0,800,790,800,800,1090,1400,75,0.254,26.5,14.3,12.81,0,136,0,19,21,12.745,353.28,1,0.625,0.625,0.586,2.227,0.645,0.02,0,,,,45,0,0,0,0,0,0,0,0,0,0,7,0,0,7000,7000,29,242,1346,56,45,52,66,51,45,0,39321,191,126,132,185,129,120,26222,39321
33.300,0,785,21,84,55,14.7,13.6,0.925,1,0,0,0,14,312,2.544,1,19,136,0,0,0,0,1,0,0,0,0,0,0,0,0,0,0,52.6,34,0.344,1,0,0,0,0,0,0,0,0,0,800,790,800,800,1090,1400,75,0.254,26.5,14.3,12.75,0,136,0,19,21,12.745,353.28,1,0.645,0.645,0.586,2.227,0.645,0.02,0,,,,76,0,0,0,0,0,0,0,0,0,0,7,0,0,7000,7000,29,242,1346,56,45,45,76,51,45,0,39321,191,126,129,188,129,120,26222,39321
33.360,0,781,21,84,55,14.7,13.6,0.925,1,0,0,0,15,312,2.544,1,19,136,0,0,0,0,1,0,0,0,0,0,0,0,0,0,0,52.6,34,0.344,1,0,0,0,0,0,0,0,0,0,800,780,800,800,1090,1400,75,0.254,26.5,14.3,12.86,0,136,0,19,21,12.745,353.28,1,0.625,0.625,0.586,2.227,0.645,0.02,0,,,,45,0,0,0,0,0,0,0,0,0,0,7,0,0,7000,7000,29,242,1346,56,45,45,76,47,45,0,39321,191,126,129,188,129,120,26222,39321
33.420,0,782,21,84,55,14.7,13.6,0.925,1,0,0,0,15,312,2.536,1,19,136,0,0,0,0,1,0,0,0,0,0,0,0,0,0,0,52.6,34,0.344,1,0,0,0,0,0,0,0,0,0,800,780,800,800,1090,1400,75,0.254,26.5,14.3,12.92,0,136,0,19,21,12.819,353.28,1,0.625,0.625,0.586,2.227,0.645,0.02,0,,,,52,0,0,0,0,0,0,0,0,0,0,7,0,0,7000,7000,29,242,1346,59,45,52,76,47,45,0,39321,191,126,129,188,129,120,26222,39321
33.480,0,787,21,84,55,14.7,13.6,0.925,1,0,0,0,14,312,2.544,1,19,136.33,0,0,0,0,1,0,0,0,0,0,0,0,0,0,0,52.82,34,0.344,1,0,0,0,0,0,0,0,0,0,800,790,800,800,1090,1400,75,0.254,26.5,14.3,12.86,0,136.33,0,19,21,12.819,353.28,1,0.645,0.645,0.586,2.227,0.645,0.02,0,,,,49,0,0,0,0,0,0,0,0,0,0,7,0,0,7000,7000,29,242,1346,59,45,52,66,49,45,0,39321,191,126,129,188,129,120,26222,39321
33.540,0,791,21,84,55,14.7,13.63,0.927,1,0,0,0,14,312,2.536,1,19,136.17,0,0,0,0,1,0,0,0,0,0,0,0,0,0,0,52.6,34,0.344,1,0,0,0,0,0,0,0,0,0,800,790,800,800,1090,1400,75,0.254,26.5,14.3,12.81,0,136.17,0,19,21,12.819,353.28,1,0.625,0.625,0.586,2.227,0.645,0.02,0,,,,49,0,0,0,0,0,0,0,0,0,0,7,0,0,7000,7000,29,242,1346,68,49,52,66,49,42,0,39321,191,126,129,188,129,120,26222,39321
33.600,0,791,21,84,55,14.7,13.69,0.931,1,0,0,0,14,312,2.544,1,19,136.33,0,0,0,0,1,0,0,0,0,0,0,0,0,0,0,52.82,34,0.344,1,0,0,0,0,0,0,0,0,0,800,790,800,800,1090,1400,75,0.254,26.5,14.3,12.86,0,136.33,0,19,21,12.819,353.28,1,0.625,0.625,0.586,2.227,0.645,0.02,0,,,,68,0,0,0,0,0,0,0,0,0,0,7,0,0,7000,7000,29,242,1346,68,49,45,68,49,42,0,39321,191,126,129,188,129,120,26222,39321
33.660,0,791,21,84,55,14.7,13.69,0.931,1,0,0,0,14,312,2.544,1,19,136.33,0,0,0,0,1,0,0,0,0,0,0,0,0,0,0,52.82,34,0.344,1,0,0,0,0,0,0,0,0,0,800,790,800,800,1090,1400,75,0.254,26.5,14.3,12.98,0,136.33,0,19,21,12.819,353.28,1,0.625,0.625,0.586,2.227,0.645,0.02,0,,,,45,0,0,0,0,0,0,0,0,0,0,7,0,0,7000,7000,29,242,1346,68,49,45,68,56,45,0,39321,191,126,129,188,132,120,26222,39321
33.720,0,785,21,84,55,14.7,13.6,0.925,1,0,0,0,14,312,2.536,1,19,136.17,0,0,0,0,1,0,0,0,0,0,0,0,0,0,0,52.6,34,0.344,1,0,0,0,0,0,0,0,0,0,800,790,800,800,1090,1400,75,0.254,26.5,14.3,12.81,0,136.17,0,19,21,12.819,353.28,1,0.645,0.645,0.586,2.227,0.645,0.02,0,,,,49,0,0,0,0,0,0,0,0,0,0,7,0,0,7000,7000,29,242,1346,78,49,49,68,56,45,0,39321,194,126,129,188,132,120,26222,39321
33.780,0,786,21,84,55,14.7,13.6,0.925,1,0,0,0,14,312,2.552,1,19,136.33,0,0,0,0,1,0,0,0,0,0,0,0,0,0,0,52.82,34,0.344,1,0,0,0,0,0,0,0,0,0,800,790,800,800,1090,1400,75,0.254,26.5,14.3,12.92,0,136.33,0,19,21,12.745,353.28,1,0.645,0.645,0.586,2.227,0.645,0.02,0,,,,40,0,0,0,0,0,0,0,0,0,0,7,0,0,7000,7000,29,242,1346,78,49,49,74,40,45,0,39321,194,126,129,191,129,120,26222,39321
33.840,0,790,21,84,55,14.7,13.63,0.927,1,0,0,0,14,312,2.552,1,19,136.33,0,0,0,0,1,0,0,0,0,0,0,0,0,0,0,52.82,34,0.344,1,0,0,0,0,0,0,0,0,0,800,790,800,800,1090,1400,75,0.254,26.5,14.3,12.81,0,136.33,0,19,21,12.745,353.28,1,0.625,0.625,0.586,2.227,0.645,0.02,0,,,,57,0,0,0,0,0,0,0,0,0,0,7,0,0,7000,7000,29,242,1346,57,49,49,74,40,39,0,39321,191,126,129,191,129,120,26222,39321
33.900,0,790,21,84,55,14.7,13.63,0.927,1,0,0,0,14,312,2.552,1,19,136.33,0,0,0,0,1,0,0,0,0,0,0,0,0,0,0,52.82,34,0.344,1,0,0,0,0,0,0,0,0,0,800,790,800,800,1090,1400,75,0.254,26.5,14.3,12.98,0,136.33,0,19,21,12.745,353.28,1,0.625,0.625,0.586,2.227,0.645,0.02,0,,,,69,0,0,0,0,0,0,0,0,0,0,7,0,0,7000,7000,29,242,1346,57,47,49,69,40,39,0,39321,191,126,129,194,129,120,26222,39321
33.960,0,786,21,84,55,14.7,13.6,0.925,1,0,0,0,14,312,2.552,1,19,136.33,0,0,0,0,1,0,0,0,0,0,0,0,0,0,0,52.82,34,0.344,1,0,0,0,0,0,0,0,0,0,800,790,800,800,1090,1400,75,0.254,26.5,14.3,12.92,0,136.33,0,19,21,12.745,353.28,1,0.645,0.645,0.586,2.227,0.645,0.02,0,,,,39,0,0,0,0,0,0,0,0,0,0,7,0,0,7000,7000,29,242,1346,57,47,49,69,40,39,0,39321,191,126,129,194,126,120,26222,39321
34.020,0,784,21,84,55,14.7,13.6,0.925,1,0,0,0,15,312,2.552,1,19,136.5,0,0,0,0,1,0,0,0,0,0,0,0,0,0,0,52.82,34,0.344,1,0,0,0,0,0,0,0,0,0,800,780,800,800,1090,1400,75,0.254,26.5,14.3,12.98,0,136.5,0,19,21,12.819,353.28,1,0.625,0.625,0.586,2.227,0.645,0.02,0,,,,51,0,0,0,0,0,0,0,0,0,0,7,0,0,7000,7000,29,242,1346,61,51,49,69,40,39,0,39321,188,129,129,194,126,120,26222,39321
34.080,0,791,21,84,55,14.7,13.6,0.925,1,0,0,0,14,312,2.544,1,19,136.5,0,0,0,0,1,0,0,0,0,0,0,0,0,0,0,52.82,34,0.344,1,0,0,0,0,0,0,0,0,0,800,790,800,800,1090,1400,75,0.254,26.5,14.3,13.09,0,136.5,0,19,21,12.819,353.28,1,0.625,0.625,0.586,2.227,0.645,0.02,0,,,,49,0,0,0,0,0,0,0,0,0,0,7,0,0,7000,7000,29,242,1346,61,51,45,78,49,39,0,39321,188,129,129,194,129,120,26222,39321
34.140,0,800,21,84,55,14.7,13.6,0.925,1,0,0,0,13,312,2.544,1,20,136.33,0,0,0,0,1,0,0,0,0,0,0,0,0,0,0,52.6,34,0.344,1,0,0,0,0,0,0,0,0,0,800,800,800,800,1090,1400,75,0.254,26.5,14.3,13.03,0,136.33,0,20,21,12.819,353.28,1,0.625,0.625,0.586,2.227,0.645,0.02,0,,,,68,0,0,0,0,0,0,0,0,0,0,7,0,0,7000,7000,29,242,1346,68,51,45,78,49,45,0,39321,188,129,129,194,129,120,26222,39321
34.200,0,795,21,84,55,14.7,13.6,0.925,1,0,0,0,13,312,2.536,1,19,136.17,0,0,0,0,1,0,0,0,0,0,0,0,0,0,0,52.6,34,0.344,1,0,0,0,0,0,0,0,0,0,800,800,800,800,1090,1400,75,0.254,26.5,14.3,12.98,0,136.17,0,19,21,12.819,353.28,1,0.645,0.645,0.586,2.227,0.645,0.02,0,,,,69,0,0,0,0,0,0,0,0,0,0,7,0,0,7000,7000,29,242,1346,68,47,52,69,49,45,0,39321,188,129,129,194,129,120,26222,39321
34.260,0,786,21,84,55,14.7,13.6,0.925,1,0,0,0,14,312,2.536,1,19,136,0,0,0,0,1,0,0,0,0,0,0,0,0,0,0,52.6,34,0.344,1,0,0,0,0,0,0,0,0,0,800,790,800,800,1090,1400,75,0.254,26.5,14.3,12.98,0,136,0,19,21,12.819,353.28,1,0.625,0.625,0.586,2.227,0.645,0.02,0,,,,42,0,0,0,0,0,0,0,0,0,0,7,0,0,7000,7000,29,242,1346,68,47,52,69,45,42,0,39321,188,129,129,194,129,120,26222,39321
34.320,0,788,21,84,55,14.7,13.6,0.925,1,0,0,0,14,312,2.536,1,19,136,0,0,0,0,1,0,0,0,0,0,0,0,0,0,0,52.6,34,0.344,1,0,0,0,0,0,0,0,0,0,800,790,800,800,1090,1400,75,0.254,26.5,14.3,12.92,0,136,0,19,21,12.819,353.28,1,0.645,0.645,0.586,2.227,0.645,0.02,0,,,,51,0,0,0,0,0,0,0,0,0,0,7,0,0,7000,7000,29,242,1346,61,51,52,69,45,42,0,39321,188,129,129,194,129,120,26222,39321
34.380,0,790,21,84,55,14.7,13.6,0.925,1,0,0,0,14,312,2.536,1,19,136,0,0,0,0,1,0,0,0,0,0,0,0,0,0,0,52.6,34,0.344,1,0,0,0,0,0,0,0,0,0,800,790,800,800,1090,1400,75,0.254,26.5,14.3,12.81,0,136,0,19,21,12.819,353.28,1,0.625,0.625,0.586,2.227,0.645,0.02,0,,,,39,0,0,0,0,0,0,0,0,0,0,7,0,0,7000,7000,29,242,1346,61,51,51,66,39,42,0,39321,188,129,129,194,129,120,26222,39321
34.440,0,794,21,84,55,14.7,13.6,0.925,1,0,0,0,14,312,2.536,1,19,136,0,0,0,0,1,0,0,0,0,0,0,0,0,0,0,52.6,34,0.344,1,0,0,0,0,0,0,0,0,0,800,790,800,800,1090,1400,75,0.254,26.5,14.3,12.75,0,136,0,19,21,12.819,353.28,1,0.645,0.645,0.586,2.227,0.645,0.02,0,,,,68,0,0,0,0,0,0,0,0,0,0,7,0,0,7000,7000,29,242,1346,68,51,51,66,39,40,0,39321,188,129,129,194,129,120,26222,39321
34.500,0,794,21,84,55,14.7,13.6,0.925,1,0,0,0,14,312,2.544,1,19,136,0,0,0,0,1,0,0,0,0,0,0,0,0,0,0,52.6,34,0.344,1,0,0,0,0,0,0,0,0,0,800,790,800,800,1090,1400,75,0.254,26.5,14.3,12.75,0,136,0,19,21,12.745,353.28,1,0.625,0.625,0.586,2.227,0.645,0.02,0,,,,57,0,0,0,0,0,0,0,0,0,0,7,0,0,7000,7000,29,242,1346,68,44,54,57,39,40,0,39321,188,126,132,191,129,120,26222,39321
34.720,0,785,21,84,55,14.7,13.6,0.925,1,0,0,0,14,312,2.544,1,19,136,0,0,0,0,1,0,0,0,0,0,0,0,0,0,0,52.6,34,0.344,1,0,0,0,0,0,0,0,0,0,800,790,800,800,1090,1400,75,0.254,26.5,14.3,12.92,0,136,0,19,21,12.745,353.28,1,0.645,0.645,0.586,2.227,0.645,0.02,0,,,,42,0,0,0,0,0,0,0,0,0,0,7,0,0,7000,7000,29,242,1346,69,45,49,59,42,42,0,39321,188,126,135,188,129,120,26222,39321
34.780,0,792,21,84,55,14.7,13.6,0.925,1,0,0,0,14,312,2.544,1,19,136,0,0,0,0,1,0,0,0,0,0,0,0,0,0,0,52.6,34,0.344,1,0,0,0,0,0,0,0,0,0,800,790,800,800,1090,1400,75,0.254,26.5,14.3,12.86,0,136,0,19,21,12.819,353.28,1,0.625,0.625,0.586,2.227,0.645,0.02,0,,,,49,0,0,0,0,0,0,0,0,0,0,7,0,0,7000,7000,29,242,1346,59,44,49,59,42,42,0,39321,185,126,135,188,129,120,26222,39321
34.840,0,795,21,84,55,14.7,13.69,0.931,1,0,0,0,13,312,2.536,1,19,136,0,0,0,0,1,0,0,0,0,0,0,0,0,0,0,52.6,34,0.344,1,0,0,0,0,0,0,0,0,0,800,800,800,800,1090,1400,75,0.254,26.5,14.3,12.86,0,136,0,19,21,12.819,353.28,1,0.625,0.625,0.586,2.227,0.645,0.02,0,,,,39,0,0,0,0,0,0,0,0,0,0,7,0,0,7000,7000,29,242,1346,59,44,49,88,39,42,0,39321,185,126,135,191,129,120,26222,39321
34.900,0,790,21,84,55,14.7,13.69,0.931,1,0,0,0,14,312,2.536,1,19,136,0,0,0,0,1,0,0,0,0,0,0,0,0,0,0,52.6,34,0.344,1,0,0,0,0,0,0,0,0,0,800,790,800,800,1090,1400,75,0.254,26.5,14.3,12.92,0,136,0,19,21,12.819,353.28,1,0.645,0.645,0.586,2.227,0.645,0.02,0,,,,64,0,0,0,0,0,0,0,0,0,0,7,0,0,7000,7000,29,242,1346,64,44,49,88,39,44,0,39321,185,126,135,191,129,120,26222,39321
34.960,0,788,21,84,55,14.7,13.69,0.931,1,0,0,0,14,312,2.536,1,19,136,0,0,0,0,1,0,0,0,0,0,0,0,0,0,0,52.6,34,0.344,1,0,0,0,0,0,0,0,0,0,800,790,800,800,1090,1400,75,0.254,26.5,14.3,12.92,0,136,0,19,21,12.819,353.28,1,0.625,0.625,0.586,2.227,0.645,0.02,0,,,,79,0,0,0,0,0,0,0,0,0,0,7,0,0,7000,7000,29,242,1346,64,44,47,79,39,44,0,39321,185,126,135,194,129,120,26222,39321
35.019,0,787,21,84,55,14.7,13.69,0.931,1,0,0,0,14,312,2.536,1,19,136,0,0,0,0,1,0,0,0,0,0,0,0,0,0,0,52.6,34,0.344,1,0,0,0,0,0,0,0,0,0,800,790,800,800,1090,1400,75,0.254,26.5,14.3,12.81,0,136,0,19,21,12.819,353.28,1,0.625,0.625,0.586,2.227,0.645,0.02,0,,,,37,0,0,0,0,0,0,0,0,0,0,7,0,0,7000,7000,29,242,1346,64,44,47,79,37,37,0,39321,185,126,135,194,126,120,26222,39321
35.080,0,785,21,84,55,14.7,13.63,0.927,1,0,0,0,14,312,2.536,1,19,136,0,0,0,0,1,0,0,0,0,0,0,0,0,0,0,52.6,34,0.344,1,0,0,0,0,0,0,0,0,0,800,790,800,800,1090,1400,75,0.254,26.5,14.3,12.81,0,136,0,19,21,12.819,353.28,1,0.645,0.645,0.586,2.227,0.645,0.02,0,,,,49,0,0,0,0,0,0,0,0,0,0,7,0,0,7000,7000,29,242,1346,59,49,47,79,37,37,0,39321,182,126,135,194,126,120,26222,39321
35.140,0,784,21,84,55,14.7,13.63,0.927,1,0,0,0,15,312,2.544,1,19,136,0,0,0,0,1,0,0,0,0,0,0,0,0,0,0,52.6,34,0.344,1,0,0,0,0,0,0,0,0,0,800,780,800,800,1090,1400,75,0.254,26.5,14.3,12.75,0,136,0,19,21,12.745,353.28,1,0.625,0.625,0.586,2.227,0.645,0.02,0,,,,45,0,0,0,0,0,0,0,0,0,0,7,0,0,7000,7000,29,242,1346,59,49,45,76,45,37,0,39321,182,126,135,196,126,120,26222,39321
35.200,0,785,21,84,55,14.7,13.69,0.931,1,0,0,0,14,312,2.544,1,19,136,0,0,0,0,1,0,0,0,0,0,0,0,0,0,0,52.6,34,0.344,1,0,0,0,0,0,0,0,0,0,800,790,800,800,1090,1400,75,0.254,26.5,14.3,12.81,0,136,0,19,21,12.745,353.28,1,0.645,0.645,0.586,2.227,0.645,0.02,0,,,,61,0,0,0,0,0,0,0,0,0,0,7,0,0,7000,7000,29,242,1346,61,49,45,76,45,40,0,39321,182,126,135,196,126,118,26222,39321
35.260,0,784,21,84,55,14.7,13.63,0.927,1,0,0,0,15,312,2.544,1,19,136.17,0,0,0,0,1,0,0,0,0,0,0,0,0,0,0,52.6,34,0.344,1,0,0,0,0,0,0,0,0,0,800,780,800,800,1090,1400,75,0.254,26.5,14.3,12.86,0,136.17,0,19,21,12.745,353.28,1,0.625,0.625,0.586,2.227,0.645,0.02,0,,,,49,0,0,0,0,0,0,0,0,0,0,7,0,0,7000,7000,29,242,1346,61,34,49,76,45,40,0,39321,182,126,135,196,126,118,26222,39321
35.319,0,784,21,84,55,14.7,13.63,0.927,1,0,0,0,15,312,2.552,1,19,136.33,0,0,0,0,1,0,0,0,0,0,0,0,0,0,0,52.82,34,0.344,1,0,0,0,0,0,0,0,0,0,800,780,800,800,1090,1400,75,0.254,26.5,14.3,13.15,0,136.33,0,19,21,12.745,353.28,1,0.625,0.625,0.586,2.227,0.645,0.02,0,,,,35,0,0,0,0,0,0,0,0,0,0,7,0,0,7000,7000,29,242,1346,61,34,49,61,40,35,0,39321,182,126,135,194,126,115,26222,39321
35.380,0,786,21,84,55,14.7,13.63,0.927,1,0,0,0,14,312,2.552,1,19,136.5,0,0,0,0,1,0,0,0,0,0,0,0,0,0,0,52.82,34,0.344,1,0,0,0,0,0,0,0,0,0,800,790,800,800,1090,1400,75,0.254,26.5,14.3,13.03,0,136.5,0,19,21,12.819,353.28,1,0.645,0.645,0.586,2.227,0.645,0.02,0,,,,42,0,0,0,0,0,0,0,0,0,0,7,0,0,7000,7000,29,242,1346,59,42,49,61,40,35,0,39321,182,126,135,194,126,115,26222,39321
35.440,0,784,21,84,55,14.7,13.63,0.927,1,0,0,0,15,312,2.544,1,19,136.5,0,0,0,0,1,0,0,0,0,0,0,0,0,0,0,52.82,34,0.344,1,0,0,0,0,0,0,0,0,0,800,780,800,800,1090,1400,75,0.254,26.5,14.3,13.09,0,136.5,0,19,21,12.819,353.28,1,0.625,0.625,0.586,2.227,0.645,0.02,0,,,,39,0,0,0,0,0,0,0,0,0,0,7,0,0,7000,7000,29,242,1346,59,42,44,68,39,35,0,39321,182,126,132,194,126,115,26222,39321
35.500,0,786,21,84,55,14.7,13.69,0.931,1,0,0,0,14,312,2.544,1,19,136.5,0,0,0,0,1,0,0,0,0,0,0,0,0,0,0,52.82,34,0.344,1,0,0,0,0,0,0,0,0,0,800,790,800,800,1090,1400,75,0.254,26.5,14.3,13.09,0,136.5,0,19,21,12.819,353.28,1,0.645,0.645,0.586,2.207,0.645,0.02,0,,,,64,0,0,0,0,0,0,0,0,0,0,7,0,0,7000,7000,29,242,1346,64,42,44,68,39,40,0,39321,182,126,132,194,126,115,26222,39321
35.560,0,784,21,84,55,14.7,13.69,0.931,1,0,0,0,15,312,2.544,1,19,136.5,0,0,0,0,1,0,0,0,0,0,0,0,0,0,0,52.82,34,0.344,1,0,0,0,0,0,0,0,0,0,800,780,800,800,1090,1400,75,0.254,26.5,14.3,13.09,0,136.5,0,19,21,12.819,353.28,1,0.625,0.625,0.586,2.207,0.645,0.02,0,,,,49,0,0,0,0,0,0,0,0,0,0,7,0,0,7000,7000,29,242,1346,64,45,49,68,39,40,0,39321,182,126,132,194,126,115,26222,39321
35.619,0,789,21,84,55,14.7,13.69,0.931,1,0,0,0,14,312,2.544,1,19,136.5,0,0,0,0,1,0,0,0,0,0,0,0,0,0,0,52.82,34,0.344,1,0,0,0,0,0,0,0,0,0,800,790,800,800,1090,1400,75,0.254,26.5,14.3,12.98,0,136.5,0,19,21,12.819,353.28,1,0.625,0.625,0.586,2.207,0.645,0.02,0,,,,44,0,0,0,0,0,0,0,0,0,0,7,0,0,7000,7000,29,242,1346,64,45,49,71,44,44,0,39321,182,126,132,194,126,115,26222,39321
35.680,0,792,21,84,55,14.7,13.72,0.933,1,0,0,0,14,312,2.544,1,19,136.33,0,0,0,0,1,0,0,0,0,0,0,0,0,0,0,52.82,34,0.344,1,0,0,0,0,0,0,0,0,0,800,790,800,800,1090,1400,75,0.254,26.5,14.3,12.98,0,136.33,0,19,21,12.819,353.28,1,0.625,0.625,0.586,2.207,0.645,0.02,0,,,,40,0,0,0,0,0,0,0,0,0,0,7,0,0,7000,7000,29,242,1346,57,40,49,71,44,44,0,39321,182,123,132,194,126,115,26222,39321
35.740,0,789,21,84,55,14.7,13.72,0.933,1,0,0,0,14,312,2.544,1,19,136.33,0,0,0,0,1,0,0,0,0,0,0,0,0,0,0,52.82,34,0.344,1,0,0,0,0,0,0,0,0,0,800,790,800,800,1090,1400,75,0.254,26.5,14.3,12.92,0,136.33,0,19,21,12.745,353.28,1,0.625,0.625,0.586,2.207,0.645,0.02,0,,,,71,0,0,0,0,0,0,0,0,0,0,7,0,0,7000,7000,29,242,1346,57,40,47,71,44,44,0,39321,182,123,132,196,126,115,26222,39321
35.800,0,787,21,84,55,14.7,13.72,0.933,1,0,0,0,14,312,2.552,1,19,136.5,0,0,0,0,1,0,0,0,0,0,0,0,0,0,0,52.82,34,0.344,1,0,0,0,0,0,0,0,0,0,800,790,800,800,1090,1400,75,0.254,26.5,14.3,12.98,0,136.5,0,19,21,12.745,353.28,1,0.625,0.625,0.586,2.207,0.645,0.02,0,,,,66,0,0,0,0,0,0,0,0,0,0,7,0,0,7000,7000,29,242,1346,66,40,47,71,40,39,0,39321,182,123,132,196,123,115,26222,39321
35.860,0,785,21,84,55,14.7,13.72,0.933,1,0,0,0,14,312,2.552,1,19,136.5,0,0,0,0,1,0,0,0,0,0,0,0,0,0,0,52.82,34,0.344,1,0,0,0,0,0,0,0,0,0,800,790,800,800,1090,1400,75,0.254,26.5,14.3,12.92,0,136.5,0,19,21,12.745,353.28,1,0.625,0.625,0.586,2.207,0.645,0.02,0,,,,49,0,0,0,0,0,0,0,0,0,0,7,0,0,7000,7000,29,242,1346,66,45,49,71,40,39,0,39321,182,123,132,196,123,115,26222,39321
35.919,0,784,21,84,55,14.7,13.69,0.931,1,0,0,0,15,312,2.552,1,19,136.5,0,0,0,0,1,0,0,0,0,0,0,0,0,0,0,52.82,34,0.344,1,0,0,0,0,0,0,0,0,0,800,780,800,800,1090,1400,75,0.254,26.5,14.3,12.86,0,136.5,0,19,21,12.745,353.28,1,0.625,0.625,0.586,2.207,0.645,0.02,0,,,,45,0,0,0,0,0,0,0,0,0,0,7,0,0,7000,7000,29,242,1346,66,45,49,66,45,39,0,39321,182,123,132,196,123,115,26222,39321
35.980,0,785,21,84,55,14.7,13.63,0.927,1,0,0,0,14,312,2.552,1,19,136.5,0,0,0,0,1,0,0,0,0,0,0,0,0,0,0,52.82,34,0.344,1,0,0,0,0,0,0,0,0,0,800,790,800,800,1090,1400,75,0.254,26.5,14.3,12.98,0,136.5,0,19,21,12.745,353.28,1,0.625,0.625,0.586,2.207,0.645,0.02,0,,,,44,0,0,0,0,0,0,0,0,0,0,7,0,0,7000,7000,29,242,1346,61,44,49,66,45,44,0,39321,182,123,132,196,123,115,26222,39321
36.040,0,784,21,84,55,14.7,13.63,0.927,1,0,0,0,15,312,2.544,1,19,136.5,0,0,0,0,1,0,0,0,0,0,0,0,0,0,0,52.82,34,0.344,1,0,0,0,0,0,0,0,0,0,800,780,800,800,1090,1400,75,0.254,26.5,14.3,12.92,0,136.5,0,19,21,12.819,353.28,1,0.645,0.645,0.586,2.207,0.645,0.02,0,,,,76,0,0,0,0,0,0,0,0,0,0,7,0,0,7000,7000,29,242,1346,61,44,44,76,45,44,0,39321,182,123,132,196,123,115,26222,39321
36.100,0,787,21,84,55,14.7,13.63,0.927,1,0,0,0,14,312,2.544,1,19,136.5,0,0,0,0,1,0,0,0,0,0,0,0,0,0,0,52.82,34,0.344,1,0,0,0,0,0,0,0,0,0,800,790,800,800,1090,1400,75,0.254,26.5,14.3,12.86,0,136.5,0,19,21,12.819,353.28,1,0.625,0.625,0.586,2.207,0.645,0.02,0,,,,39,0,0,0,0,0,0,0,0,0,0,7,0,0,7000,7000,29,242,1346,61,44,44,76,44,39,0,39321,182,123,132,196,123,115,26222,39321
36.160,0,793,21,84,55,14.7,13.6,0.925,1,0,0,0,14,312,2.544,1,19,136.33,0,0,0,0,1,0,0,0,0,0,0,0,0,0,0,52.82,34,0.344,1,0,0,0,0,0,0,0,0,0,800,790,800,800,1090,1400,75,0.254,26.5,14.3,12.86,0,136.33,0,19,21,12.819,353.28,1,0.625,0.625,0.586,2.207,0.645,0.02,0,,,,49,0,0,0,0,0,0,0,0,0,0,7,0,0,7000,7000,29,242,1346,57,40,49,76,44,39,0,39321,182,120,135,196,123,115,26222,39321
36.220,0,796,21,84,55,14.7,13.6,0.925,1,0,0,0,13,312,2.544,1,20,136.5,0,0,0,0,1,0,0,0,0,0,0,0,0,0,0,52.82,34,0.344,1,0,0,0,0,0,0,0,0,0,800,800,800,800,1090,1400,75,0.254,26.5,14.3,12.86,0,136.5,0,20,21,12.819,353.28,1,0.625,0.625,0.586,2.207,0.645,0.02,0,,,,40,0,0,0,0,0,0,0,0,0,0,7,0,0,7000,7000,29,242,1346,57,40,49,69,40,39,0,39321,182,120,135,196,120,115,26222,39321
36.280,0,794,21,84,55,14.7,13.6,0.925,1,0,0,0,14,312,2.536,1,19,136.17,0,0,0,0,1,0,0,0,0,0,0,0,0,0,0,52.6,34,0.344,1,0,0,0,0,0,0,0,0,0,800,790,800,800,1090,1400,75,0.254,26.5,14.3,12.81,0,136.17,0,19,21,12.819,353.28,1,0.625,0.625,0.586,2.207,0.645,0.02,0,,,,42,0,0,0,0,0,0,0,0,0,0,7,0,0,7000,7000,29,242,1346,64,42,49,69,40,44,0,39321,182,120,135,196,120,115,26222,39321
36.340,0,793,21,84,55,14.7,13.6,0.925,1,0,0,0,14,312,2.536,1,19,136.17,0,0,0,0,1,0,0,0,0,0,0,0,0,0,0,52.6,34,0.344,1,0,0,0,0,0,0,0,0,0,800,790,800,800,1090,1400,75,0.254,26.5,14.3,12.81,0,136.17,0,19,21,12.745,353.28,1,0.625,0.625,0.586,2.207,0.645,0.02,0,,,,73,0,0,0,0,0,0,0,0,0,0,7,0,0,7000,7000,29,242,1346,64,42,45,73,40,44,0,39321,182,120,135,196,120,115,26222,39321
36.400,0,794,21,84,55,14.7,13.6,0.925,1,0,0,0,14,312,2.544,1,19,136,0,0,0,0,1,0,0,0,0,0,0,0,0,0,0,52.6,34,0.344,1,0,0,0,0,0,0,0,0,0,800,790,800,800,1090,1400,75,0.254,26.5,14.3,12.86,0,136,0,19,21,12.745,353.28,1,0.645,0.645,0.586,2.207,0.645,0.02,0,,,,42,0,0,0,0,0,0,0,0,0,0,7,0,0,7000,7000,29,242,1346,64,42,45,73,44,42,0,39321,182,120,135,196,120,115,26222,39321
36.460,0,791,21,84,55,14.7,13.6,0.925,1,0,0,0,14,312,2.544,1,19,136,0,0,0,0,1,0,0,0,0,0,0,0,0,0,0,52.6,34,0.344,1,0,0,0,0,0,0,0,0,0,800,790,800,800,1090,1400,75,0.254,26.5,14.3,12.86,0,136,0,19,21,12.745,353.28,1,0.625,0.625,0.586,2.207,0.645,0.02,0,,,,51,0,0,0,0,0,0,0,0,0,0,7,0,0,7000,7000,29,242,1346,59,45,51,73,44,42,0,39321,182,120,135,196,120,115,26222,39321
36.520,0,789,21,84,55,14.7,13.6,0.925,1,0,0,0,14,312,2.544,1,19,136,0,0,0,0,1,0,0,0,0,0,0,0,0,0,0,52.6,34,0.344,1,0,0,0,0,0,0,0,0,0,800,790,800,800,1090,1400,75,0.254,26.5,14.3,12.92,0,136,0,19,21,12.745,353.28,1,0.645,0.645,0.586,2.207,0.645,0.02,0,,,,42,0,0,0,0,0,0,0,0,0,0,7,0,0,7000,7000,29,242,1346,59,45,51,78,42,42,0,39321,182,120,135,199,120,115,26222,39321
36.580,0,790,21,84,55,14.7,13.6,0.925,1,0,0,0,14,312,2.544,1,19,136,0,0,0,0,1,0,0,0,0,0,0,0,0,0,0,52.6,34,0.344,1,0,0,0,0,0,0,0,0,0,800,790,800,800,1090,1400,75,0.254,26.5,14.3,12.98,0,136,0,19,21,12.745,353.28,1,0.625,0.625,0.586,2.207,0.645,0.02,0,,,,45,0,0,0,0,0,0,0,0,0,0,7,0,0,7000,7000,29,242,1346,61,45,51,78,42,39,0,39321,180,123,135,199,120,115,26222,39321
36.640,0,784,21,84,55,14.7,13.57,0.923,1,0,0,0,15,312,2.544,1,19,136,0,0,0,0,1,0,0,0,0,0,0,0,0,0,0,52.6,34,0.344,1,0,0,0,0,0,0,0,0,0,800,780,800,800,1090,1400,75,0.254,26.5,14.3,13.03,0,136,0,19,21,12.745,353.28,1,0.625,0.625,0.586,2.207,0.645,0.02,0,,,,73,0,0,0,0,0,0,0,0,0,0,7,0,0,7000,7000,29,242,1346,61,45,44,73,42,39,0,39321,180,123,132,199,120,115,26222,39321
36.700,0,782,21,84,55,14.7,13.57,0.923,1,0,0,0,15,312,2.544,1,19,136,0,0,0,0,1,0,0,0,0,0,0,0,0,0,0,52.6,34,0.344,1,0,0,0,0,0,0,0,0,0,800,780,800,800,1090,1400,75,0.254,26.5,14.3,13.03,0,136,0,19,21,12.819,353.28,1,0.645,0.645,0.586,2.207,0.645,0.02,0,,,,40,0,0,0,0,0,0,0,0,0,0,7,0,0,7000,7000,29,242,1346,61,45,44,73,40,40,0,39321,180,123,132,199,120,115,26222,39321
36.760,0,782,21,84,55,14.7,13.57,0.923,1,0,0,0,15,312,2.536,1,19,136.17,0,0,0,0,1,0,0,0,0,0,0,0,0,0,0,52.6,34,0.344,1,0,0,0,0,0,0,0,0,0,800,780,800,800,1090,1400,75,0.254,26.5,14.3,12.92,0,136.17,0,19,21,12.819,353.28,1,0.625,0.625,0.586,2.207,0.645,0.02,0,,,,42,0,0,0,0,0,0,0,0,0,0,7,0,0,7000,7000,29,242,1346,56,44,42,73,40,40,0,39321,180,123,129,199,120,115,26222,39321
36.820,0,786,21,84,55,14.7,13.6,0.925,1,0,0,0,14,312,2.544,1,19,136.33,0,0,0,0,1,0,0,0,0,0,0,0,0,0,0,52.82,34,0.344,1,0,0,0,0,0,0,0,0,0,800,790,800,800,1090,1400,75,0.254,26.5,14.3,12.92,0,136.33,0,19,21,12.819,353.28,1,0.625,0.625,0.586,2.207,0.645,0.02,0,,,,47,0,0,0,0,0,0,0,0,0,0,7,0,0,7000,7000,29,242,1346,56,44,42,62,47,40,0,39321,180,123,129,199,120,115,26222,39321
36.880,0,794,21,84,55,14.7,13.6,0.925,1,0,0,0,14,312,2.544,1,19,136.33,0,0,0,0,1,0,0,0,0,0,0,0,0,0,0,52.6,34,0.344,1,0,0,0,0,0,0,0,0,0,800,790,800,800,1090,1400,75,0.254,26.5,14.3,12.92,0,136.33,0,19,21,12.819,353.28,1,0.645,0.645,0.586,2.207,0.645,0.02,0,,,,59,0,0,0,0,0,0,0,0,0,0,7,0,0,7000,7000,29,242,1346,59,44,42,62,47,40,0,39321,180,123,129,199,120,115,26222,39321
36.940,0,792,21,84,55,14.7,13.6,0.925,1,0,0,0,14,312,2.536,1,19,136.17,0,0,0,0,1,0,0,0,0,0,0,0,0,0,0,52.6,34,0.344,1,0,0,0,0,0,0,0,0,0,800,790,800,800,1090,1400,75,0.254,26.5,14.3,12.81,0,136.17,0,19,21,12.819,353.28,1,0.625,0.625,0.586,2.207,0.645,0.02,0,,,,59,0,0,0,0,0,0,0,0,0,0,7,0,0,7000,7000,29,242,1346,59,49,45,59,47,40,0,39321,180,123,129,196,120,115,26222,39321
37.000,0,788,21,84,55,14.7,13.63,0.927,1,0,0,0,14,312,2.544,1,19,136.17,0,0,0,0,1,0,0,0,0,0,0,0,0,0,0,52.6,34,0.344,1,0,0,0,0,0,0,0,0,0,800,790,800,800,1090,1400,75,0.254,26.5,14.3,12.81,0,136.17,0,19,21,12.745,353.28,1,0.625,0.625,0.586,2.207,0.645,0.02,0,,,,42,0,0,0,0,0,0,0,0,0,0,7,0,0,7000,7000,29,242,1346,59,49,45,59,42,42,0,39321,180,123,129,196,120,115,26222,39321
37.060,0,789,21,84,55,14.7,13.63,0.927,1,0,0,0,14,312,2.544,1,19,136,0,0,0,0,1,0,0,0,0,0,0,0,0,0,0,52.6,34,0.344,1,0,0,0,0,0,0,0,0,0,800,790,800,800,1090,1400,75,0.254,26.5,14.3,12.81,0,136,0,19,21,12.745,353.28,1,0.625,0.625,0.586,2.207,0.645,0.02,0,,,,52,0,0,0,0,0,0,0,0,0,0,7,0,0,7000,7000,29,242,1346,57,52,45,59,42,42,0,39321,180,123,129,196,120,115,26222,39321
37.120,0,790,21,84,55,14.7,13.69,0.931,1,0,0,0,14,312,2.544,1,19,136.17,0,0,0,0,1,0,0,0,0,0,0,0,0,0,0,52.82,34,0.344,1,0,0,0,0,0,0,0,0,0,800,790,800,800,1090,1400,75,0.254,26.5,14.3,12.81,0,136.17,0,19,21,12.745,353.28,1,0.625,0.625,0.586,2.207,0.645,0.02,0,,,,49,0,0,0,0,0,0,0,0,0,0,7,0,0,7000,7000,29,242,1346,57,52,42,66,49,42,0,39321,180,123,129,196,120,115,26222,39321
37.180,0,788,21,84,55,14.7,13.69,0.931,1,0,0,0,14,312,2.544,1,19,136.17,0,0,0,0,1,0,0,0,0,0,0,0,0,0,0,52.6,34,0.344,1,0,0,0,0,0,0,0,0,0,800,790,800,800,1090,1400,75,0.254,26.5,14.3,12.86,0,136.17,0,19,21,12.745,353.28,1,0.645,0.645,0.586,2.207,0.645,0.02,0,,,,54,0,0,0,0,0,0,0,0,0,0,7,0,0,7000,7000,29,242,1346,54,52,42,66,49,45,0,39321,180,123,129,196,120,115,26222,39321
37.240,0,787,21,84,55,14.7,13.63,0.927,1,0,0,0,14,312,2.544,1,19,136,0,0,0,0,1,0,0,0,0,0,0,0,0,0,0,52.6,34,0.344,1,0,0,0,0,0,0,0,0,0,800,790,800,800,1090,1400,75,0.254,26.5,14.3,12.86,0,136,0,19,21,12.745,353.28,1,0.625,0.625,0.586,2.207,0.645,0.02,0,,,,76,0,0,0,0,0,0,0,0,0,0,7,0,0,7000,7000,29,242,1346,54,51,44,76,49,45,0,39321,180,123,129,196,120,115,26222,39321
37.300,0,788,21,84,55,14.7,13.63,0.927,1,0,0,0,14,312,2.544,1,19,136,0,0,0,0,1,0,0,0,0,0,0,0,0,0,0,52.6,34,0.344,1,0,0,0,0,0,0,0,0,0,800,790,800,800,1090,1400,75,0.254,26.5,14.3,12.92,0,136,0,19,21,12.745,353.28,1,0.625,0.625,0.586,2.207,0.645,0.02,0,,,,44,0,0,0,0,0,0,0,0,0,0,7,0,0,7000,7000,29,242,1346,54,51,44,76,40,44,0,39321,180,123,129,196,120,115,26222,39321
37.360,0,789,21,84,55,14.7,13.63,0.927,1,0,0,0,14,312,2.544,1,19,136,0,0,0,0,1,0,0,0,0,0,0,0,0,0,0,52.6,34,0.344,1,0,0,0,0,0,0,0,0,0,800,790,800,800,1090,1400,75,0.254,26.5,14.3,12.92,0,136,0,19,21,12.745,353.28,1,0.625,0.625,0.586,2.207,0.645,0.02,0,,,,39,0,0,0,0,0,0,0,0,0,0,7,0,0,7000,7000,29,242,1346,54,39,44,76,40,44,0,39321,180,123,129,196,120,115,26222,39321
37.420,0,783,21,84,55,14.7,13.69,0.931,1,0,0,0,15,312,2.552,1,19,136.33,0,0,0,0,1,0,0,0,0,0,0,0,0,0,0,52.82,34,0.344,1,0,0,0,0,0,0,0,0,0,800,780,800,800,1090,1400,75,0.254,26.5,14.3,13.03,0,136.33,0,19,21,12.745,353.28,1,0.625,0.625,0.586,2.207,0.645,0.02,0,,,,51,0,0,0,0,0,0,0,0,0,0,7,0,0,7000,7000,29,242,1346,54,39,44,79,51,44,0,39321,180,123,126,199,120,115,26222,39321
37.480,0,784,21,84,55,14.7,13.69,0.931,1,0,0,0,15,312,2.552,1,19,136.33,0,0,0,0,1,0,0,0,0,0,0,0,0,0,0,52.82,34,0.344,1,0,0,0,0,0,0,0,0,0,800,780,800,800,1090,1400,75,0.254,26.5,14.3,13.03,0,136.33,0,19,21,12.819,353.28,1,0.625,0.625,0.586,2.207,0.645,0.02,0,,,,61,0,0,0,0,0,0,0,0,0,0,7,0,0,7000,7000,29,242,1346,61,39,44,79,51,40,0,39321,180,123,126,199,120,115,26222,39321
37.540,0,782,21,84,55,14.7,13.69,0.931,1,0,0,0,15,312,2.544,1,19,136.33,0,0,0,0,1,0,0,0,0,0,0,0,0,0,0,52.82,34,0.344,1,0,0,0,0,0,0,0,0,0,800,780,800,800,1090,1400,75,0.254,26.5,14.3,12.92,0,136.33,0,19,21,12.819,353.28,1,0.645,0.645,0.586,2.207,0.645,0.02,0,,,,44,0,0,0,0,0,0,0,0,0,0,7,0,0,7000,7000,29,242,1346,61,40,44,79,51,40,0,39321,180,123,126,199,120,115,26222,39321
37.600,0,784,21,84,55,14.7,13.69,0.931,1,0,0,0,15,312,2.544,1,19,136.5,0,0,0,0,1,0,0,0,0,0,0,0,0,0,0,52.82,34,0.344,1,0,0,0,0,0,0,0,0,0,800,780,800,800,1090,1400,75,0.254,26.5,14.3,12.92,0,136.5,0,19,21,12.745,353.28,1,0.625,0.625,0.586,2.207,0.645,0.02,0,,,,45,0,0,0,0,0,0,0,0,0,0,7,0,0,7000,7000,29,242,1346,61,40,44,68,42,45,0,39321,180,123,126,199,120,115,26222,39321
37.660,0,788,21,84,55,14.7,13.69,0.931,1,0,0,0,14,312,2.552,1,19,136.5,0,0,0,0,1,0,0,0,0,0,0,0,0,0,0,52.82,34,0.344,1,0,0,0,0,0,0,0,0,0,800,790,800,800,1090,1400,75,0.254,26.5,14.3,12.98,0,136.5,0,19,21,12.745,353.28,1,0.625,0.625,0.586,2.207,0.645,0.02,0,,,,47,0,0,0,0,0,0,0,0,0,0,7,0,0,7000,7000,29,242,1346,61,47,44,68,42,45,0,39321,180,123,126,199,120,115,26222,39321
37.720,0,785,21,84,55,14.7,13.69,0.931,1,0,0,0,14,312,2.552,1,19,136.33,0,0,0,0,1,0,0,0,0,0,0,0,0,0,0,52.82,34,0.344,1,0,0,0,0,0,0,0,0,0,800,790,800,800,1090,1400,75,0.254,26.5,14.3,12.98,0,136.33,0,19,21,12.745,353.28,1,0.645,0.645,0.586,2.207,0.645,0.02,0,,,,68,0,0,0,0,0,0,0,0,0,0,7,0,0,7000,7000,29,242,1346,61,47,45,68,42,45,0,39321,180,123,126,199,120,115,26222,39321
37.780,0,786,21,84,55,14.7,13.69,0.931,1,0,0,0,14,312,2.552,1,19,136.33,0,0,0,0,1,0,0,0,0,0,0,0,0,0,0,52.82,34,0.344,1,0,0,0,0,0,0,0,0,0,800,790,800,800,1090,1400,75,0.254,26.5,14.3,12.98,0,136.33,0,19,21,12.745,353.28,1,0.625,0.625,0.586,2.207,0.645,0.02,0,,,,59,0,0,0,0,0,0,0,0,0,0,7,0,0,7000,7000,29,242,1346,59,47,45,68,45,39,0,39321,177,123,126,199,120,115,26222,39321
37.840,0,785,21,84,55,14.7,13.69,0.931,1,0,0,0,14,312,2.552,1,19,136.5,0,0,0,0,1,0,0,0,0,0,0,0,0,0,0,52.82,34,0.344,1,0,0,0,0,0,0,0,0,0,800,790,800,800,1090,1400,75,0.254,26.5,14.3,12.98,0,136.5,0,19,21,12.745,353.28,1,0.645,0.645,0.586,2.207,0.645,0.02,0,,,,42,0,0,0,0,0,0,0,0,0,0,7,0,0,7000,7000,29,242,1346,59,40,42,68,45,39,0,39321,177,123,126,199,120,115,26222,39321
37.900,0,782,21,84,55,14.7,13.69,0.931,1,0,0,0,15,312,2.552,1,19,136.5,0,0,0,0,1,0,0,0,0,0,0,0,0,0,0,52.82,34,0.344,1,0,0,0,0,0,0,0,0,0,800,780,800,800,1090,1400,75,0.254,26.5,14.3,13.09,0,136.5,0,19,21,12.745,353.28,1,0.625,0.625,0.586,2.207,0.645,0.02,0,,,,47,0,0,0,0,0,0,0,0,0,0,7,0,0,7000,7000,29,242,1346,59,40,42,69,47,39,0,39321,177,123,126,199,120,115,26222,39321
37.960,0,787,21,84,55,14.7,13.63,0.927,1,0,0,0,14,312,2.552,1,19,136.5,0,0,0,0,1,0,0,0,0,0,0,0,0,0,0,52.82,34,0.344,1,0,0,0,0,0,0,0,0,0,800,790,800,800,1090,1400,75,0.254,26.5,14.3,13.15,0,136.5,0,19,21,12.745,353.28,1,0.625,0.625,0.586,2.207,0.645,0.02,0,,,,42,0,0,0,0,0,0,0,0,0,0,7,0,0,7000,7000,29,242,1346,56,42,42,69,47,40,0,39321,177,120,126,199,120,115,26222,39321
38.020,0,791,21,84,55,14.7,13.6,0.925,1,0,0,0,14,312,2.552,1,19,136.5,0,0,0,0,1,0,0,0,0,0,0,0,0,0,0,52.82,34,0.344,1,0,0,0,0,0,0,0,0,0,800,790,800,800,1090,1400,75,0.254,26.5,14.3,13.03,0,136.5,0,19,21,12.745,353.28,1,0.645,0.645,0.586,2.207,0.645,0.02,0,,,,69,0,0,0,0,0,0,0,0,0,0,7,0,0,7000,7000,29,242,1346,56,42,45,69,47,40,0,39321,177,120,126,199,120,115,26222,39321
38.080,0,793,21,84,55,14.7,13.6,0.925,1,0,0,0,14,312,2.544,1,19,136.33,0,0,0,0,1,0,0,0,0,0,0,0,0,0,0,52.6,34,0.344,1,0,0,0,0,0,0,0,0,0,800,790,800,800,1090,1400,75,0.254,26.5,14.3,12.92,0,136.33,0,19,21,12.819,353.28,1,0.625,0.625,0.586,2.207,0.645,0.02,0,,,,49,0,0,0,0,0,0,0,0,0,0,7,0,0,7000,7000,29,242,1346,49,42,45,69,49,47,0,39321,174,120,126,199,123,115,26222,39321
38.140,0,794,21,84,55,14.7,13.63,0.927,1,0,0,0,14,312,2.536,1,19,136.17,0,0,0,0,1,0,0,0,0,0,0,0,0,0,0,52.6,34,0.344,1,0,0,0,0,0,0,0,0,0,800,790,800,800,1090,1400,75,0.254,26.5,14.3,12.98,0,136.17,0,19,21,12.819,353.28,1,0.625,0.625,0.586,2.207,0.645,0.02,0,,,,44,0,0,0,0,0,0,0,0,0,0,7,0,0,7000,7000,29,242,1346,49,51,44,69,49,47,0,39321,174,123,126,199,123,115,26222,39321
38.200,0,793,21,84,55,14.7,13.69,0.931,1,0,0,0,14,312,2.536,1,19,136.17,0,0,0,0,1,0,0,0,0,0,0,0,0,0,0,52.6,34,0.344,1,0,0,0,0,0,0,0,0,0,800,790,800,800,1090,1400,75,0.254,26.5,14.3,12.92,0,136.17,0,19,21,12.819,353.28,1,0.645,0.645,0.586,2.207,0.645,0.02,0,,,,40,0,0,0,0,0,0,0,0,0,0,7,0,0,7000,7000,29,242,1346,49,51,44,73,40,47,0,39321,174,123,126,199,123,115,26222,39321
38.260,0,794,21,84,55,14.7,13.69,0.931,1,0,0,0,14,312,2.536,1,19,136,0,0,0,0,1,0,0,0,0,0,0,0,0,0,0,52.6,34,0.344,1,0,0,0,0,0,0,0,0,0,800,790,800,800,1090,1400,75,0.254,26.5,14.3,12.81,0,136,0,19,21,12.819,353.28,1,0.625,0.625,0.586,2.207,0.645,0.02,0,,,,40,0,0,0,0,0,0,0,0,0,0,7,0,0,7000,7000,29,242,1346,59,40,44,73,40,44,0,39321,174,120,126,199,123,115,26222,39321
38.320,0,788,21,84,55,14.7,13.63,0.927,1,0,0,0,14,312,2.544,1,19,136,0,0,0,0,1,0,0,0,0,0,0,0,0,0,0,52.6,34,0.344,1,0,0,0,0,0,0,0,0,0,800,790,800,800,1090,1400,75,0.254,26.5,14.3,12.75,0,136,0,19,21,12.745,353.28,1,0.625,0.625,0.586,2.207,0.645,0.02,0,,,,68,0,0,0,0,0,0,0,0,0,0,7,0,0,7000,7000,29,242,1346,59,40,47,68,40,44,0,39321,174,120,126,199,123,115,26222,39321
38.380,0,787,21,84,55,14.7,13.69,0.931,1,0,0,0,14,312,2.544,1,19,136,0,0,0,0,1,0,0,0,0,0,0,0,0,0,0,52.6,34,0.344,1,0,0,0,0,0,0,0,0,0,800,790,800,800,1090,1400,75,0.254,26.5,14.3,12.81,0,136,0,19,21,12.745,353.28,1,0.625,0.625,0.586,2.207,0.645,0.02,0,,,,40,0,0,0,0,0,0,0,0,0,0,7,0,0,7000,7000,29,242,1346,59,40,47,68,47,40,0,39321,174,120,126,199,123,115,26222,39321
38.440,0,789,21,84,55,14.7,13.6,0.925,1,0,0,0,14,312,2.544,1,19,136,0,0,0,0,1,0,0,0,0,0,0,0,0,0,0,52.6,34,0.344,1,0,0,0,0,0,0,0,0,0,800,790,800,800,1090,1400,75,0.254,26.5,14.3,12.86,0,136,0,19,21,12.745,353.28,1,0.625,0.625,0.586,2.207,0.645,0.02,0,,,,49,0,0,0,0,0,0,0,0,0,0,7,0,0,7000,7000,29,242,1346,64,49,49,68,47,40,0,39321,174,123,126,199,123,115,26222,39321
38.500,0,790,21,84,55,14.7,13.6,0.925,1,0,0,0,14,312,2.544,1,19,136,0,0,0,0,1,0,0,0,0,0,0,0,0,0,0,52.6,34,0.344,1,0,0,0,0,0,0,0,0,0,800,790,800,800,1090,1400,75,0.254,26.5,14.3,12.81,0,136,0,19,21,12.745,353.28,1,0.645,0.645,0.586,2.207,0.645,0.02,0,,,,47,0,0,0,0,0,0,0,0,0,0,7,0,0,7000,7000,29,242,1346,64,49,49,85,47,40,0,39321,174,123,126,202,123,115,26222,39321
38.560,0,787,21,84,55,14.7,13.6,0.925,1,0,0,0,14,312,2.544,1,19,136,0,0,0,0,1,0,0,0,0,0,0,0,0,0,0,52.6,34,0.344,1,0,0,0,0,0,0,0,0,0,800,790,800,800,1090,1400,75,0.254,26.5,14.3,12.92,0,136,0,19,21,12.745,353.28,1,0.625,0.625,0.586,2.207,0.645,0.02,0,,,,54,0,0,0,0,0,0,0,0,0,0,7,0,0,7000,7000,29,242,1346,56,54,49,85,47,44,0,39321,174,126,126,202,123,115,26222,39321
38.620,0,788,21,84,55,14.7,13.6,0.925,1,0,0,0,14,312,2.544,1,19,136,0,0,0,0,1,0,0,0,0,0,0,0,0,0,0,52.6,34,0.344,1,0,0,0,0,0,0,0,0,0,800,790,800,800,1090,1400,75,0.254,26.5,14.3,12.98,0,136,0,19,21,12.745,353.28,1,0.625,0.625,0.586,2.207,0.645,0.02,0,,,,74,0,0,0,0,0,0,0,0,0,0,7,0,0,7000,7000,29,242,1346,56,54,40,74,47,44,0,39321,174,126,123,202,123,115,26222,39321
38.680,0,787,21,84,55,14.7,13.6,0.925,1,0,0,0,14,312,2.536,1,19,136,0,0,0,0,1,0,0,0,0,0,0,0,0,0,0,52.6,34,0.344,1,0,0,0,0,0,0,0,0,0,800,790,800,800,1090,1400,75,0.254,26.5,14.3,13.03,0,136,0,19,21,12.819,353.28,1,0.625,0.625,0.586,2.207,0.645,0.02,0,,,,44,0,0,0,0,0,0,0,0,0,0,7,0,0,7000,7000,29,242,1346,56,54,40,74,40,44,0,39321,174,126,123,202,123,115,26222,39321
38.740,0,789,21,84,55,14.7,13.6,0.925,1,0,0,0,14,312,2.536,1,19,136,0,0,0,0,1,0,0,0,0,0,0,0,0,0,0,52.6,34,0.344,1,0,0,0,0,0,0,0,0,0,800,790,800,800,1090,1400,75,0.254,26.5,14.3,13.03,0,136,0,19,21,12.819,353.28,1,0.625,0.625,0.586,2.207,0.645,0.02,0,,,,42,0,0,0,0,0,0,0,0,0,0,7,0,0,7000,7000,29,242,1346,68,45,42,74,40,44,0,39321,177,126,123,202,123,115,26222,39321
38.800,0,792,21,84,55,14.7,13.6,0.925,1,0,0,0,14,312,2.536,1,19,136,0,0,0,0,1,0,0,0,0,0,0,0,0,0,0,52.6,34,0.344,1,0,0,0,0,0,0,0,0,0,800,790,800,800,1090,1400,75,0.254,26.5,14.3,13.03,0,136,0,19,21,12.819,353.28,1,0.625,0.625,0.586,2.207,0.645,0.02,0,,,,40,0,0,0,0,0,0,0,0,0,0,7,0,0,7000,7000,29,242,1346,68,45,42,66,40,44,0,39321,177,126,123,199,123,115,26222,39321
38.860,0,795,21,84,55,14.7,13.6,0.925,1,0,0,0,13,312,2.536,1,19,136,0,0,0,0,1,0,0,0,0,0,0,0,0,0,0,52.6,34,0.344,1,0,0,0,0,0,0,0,0,0,800,800,800,800,1090,1400,75,0.254,26.5,14.3,12.86,0,136,0,19,21,12.819,353.28,1,0.625,0.625,0.586,2.207,0.645,0.02,0,,,,54,0,0,0,0,0,0,0,0,0,0,7,0,0,7000,7000,29,242,1346,54,45,42,66,40,42,0,39321,174,126,123,199,123,115,26222,39321
38.920,0,791,21,84,55,14.7,13.6,0.925,1,0,0,0,14,312,2.536,1,19,136,0,0,0,0,1,0,0,0,0,0,0,0,0,0,0,52.6,34,0.344,1,0,0,0,0,0,0,0,0,0,800,790,800,800,1090,1400,75,0.254,26.5,14.3,12.81,0,136,0,19,21,12.745,353.28,1,0.625,0.625,0.586,2.207,0.645,0.02,0,,,,83,0,0,0,0,0,0,0,0,0,0,7,0,0,7000,7000,29,242,1346,54,39,45,83,40,42,0,39321,174,126,123,202,123,115,26222,39321
38.980,0,787,21,84,55,14.7,13.6,0.925,1,0,0,0,14,312,2.544,1,19,136,0,0,0,0,1,0,0,0,0,0,0,0,0,0,0,52.6,34,0.344,1,0,0,0,0,0,0,0,0,0,800,790,800,800,1090,1400,75,0.254,26.5,14.3,12.81,0,136,0,19,21,12.745,353.28,1,0.645,0.645,0.586,2.207,0.645,0.02,0,,,,47,0,0,0,0,0,0,0,0,0,0,7,0,0,7000,7000,29,242,1346,54,39,45,83,42,47,0,39321,174,126,123,202,123,115,26222,39321
39.040,0,785,21,84,55,14.7,13.63,0.927,1,0,0,0,14,312,2.544,1,19,136,0,0,0,0,1,0,0,0,0,0,0,0,0,0,0,52.6,34,0.344,1,0,0,0,0,0,0,0,0,0,800,790,800,800,1090,1400,75,0.254,26.5,14.3,12.81,0,136,0,19,21,12.745,353.28,1,0.625,0.625,0.586,2.207,0.645,0.02,0,,,,47,0,0,0,0,0,0,0,0,0,0,7,0,0,7000,7000,29,242,1346,54,47,45,83,42,47,0,39321,174,126,123,202,123,115,26222,39321
39.100,0,785,21,84,55,14.7,13.69,0.931,1,0,0,0,14,312,2.544,1,19,136,0,0,0,0,1,0,0,0,0,0,0,0,0,0,0,52.6,34,0.344,1,0,0,0,0,0,0,0,0,0,800,790,800,800,1090,1400,75,0.254,26.5,14.3,12.86,0,136,0,19,21,12.745,353.28,1,0.625,0.625,0.586,2.207,0.645,0.02,0,,,,42,0,0,0,0,0,0,0,0,0,0,7,0,0,7000,7000,29,242,1346,54,47,40,59,42,47,0,39321,174,126,123,199,123,115,26222,39321
39.160,0,789,21,84,55,14.7,13.69,0.931,1,0,0,0,14,312,2.544,1,19,136,0,0,0,0,1,0,0,0,0,0,0,0,0,0,0,52.6,34,0.344,1,0,0,0,0,0,0,0,0,0,800,790,800,800,1090,1400,75,0.254,26.5,14.3,12.92,0,136,0,19,21,12.745,353.28,1,0.625,0.625,0.586,2.207,0.645,0.02,0,,,,59,0,0,0,0,0,0,0,0,0,0,7,0,0,7000,7000,29,242,1346,59,47,40,59,42,42,0,39321,171,126,123,199,123,115,26222,39321
39.220,0,785,21,84,55,14.7,13.69,0.931,1,0,0,0,14,312,2.544,1,19,136.17,0,0,0,0,1,0,0,0,0,0,0,0,0,0,0,52.82,34,0.344,1,0,0,0,0,0,0,0,0,0,800,790,800,800,1090,1400,75,0.254,26.5,14.3,12.98,0,136.17,0,19,21,12.745,353.28,1,0.625,0.625,0.586,2.207,0.645,0.02,0,,,,68,0,0,0,0,0,0,0,0,0,0,7,0,0,7000,7000,29,242,1346,59,45,45,68,42,42,0,39321,171,126,126,196,123,115,26222,39321
39.280,0,789,21,84,55,14.7,13.69,0.931,1,0,0,0,14,312,2.544,1,19,136.17,0,0,0,0,1,0,0,0,0,0,0,0,0,0,0,52.6,34,0.344,1,0,0,0,0,0,0,0,0,0,800,790,800,800,1090,1400,75,0.254,26.5,14.3,12.98,0,136.17,0,19,21,12.745,353.28,1,0.625,0.625,0.586,2.207,0.645,0.02,0,,,,34,0,0,0,0,0,0,0,0,0,0,7,0,0,7000,7000,29,242,1346,59,45,45,68,42,34,0,39321,171,126,126,196,123,115,26222,39321
39.340,0,790,21,84,55,14.7,13.69,0.931,1,0,0,0,14,312,2.544,1,19,136,0,0,0,0,1,0,0,0,0,0,0,0,0,0,0,52.6,34,0.344,1,0,0,0,0,0,0,0,0,0,800,790,800,800,1090,1400,75,0.254,26.5,14.3,12.92,0,136,0,19,21,12.745,353.28,1,0.645,0.645,0.586,2.207,0.645,0.02,0,,,,59,0,0,0,0,0,0,0,0,0,0,7,0,0,7000,7000,29,242,1346,51,59,45,68,42,34,0,39321,168,129,126,196,123,115,26222,39321
39.400,0,792,21,84,55,14.7,13.69,0.931,1,0,0,0,14,312,2.544,1,19,136,0,0,0,0,1,0,0,0,0,0,0,0,0,0,0,52.6,34,0.344,1,0,0,0,0,0,0,0,0,0,800,790,800,800,1090,1400,75,0.254,26.5,14.3,12.92,0,136,0,19,21,12.819,353.28,1,0.625,0.625,0.586,2.207,0.645,0.02,0,,,,44,0,0,0,0,0,0,0,0,0,0,7,0,0,7000,7000,29,242,1346,51,59,42,64,44,34,0,39321,168,129,126,194,123,115,26222,39321
39.460,0,791,21,84,55,14.7,13.72,0.933,1,0,0,0,14,312,2.536,1,19,136,0,0,0,0,1,0,0,0,0,0,0,0,0,0,0,52.6,34,0.344,1,0,0,0,0,0,0,0,0,0,800,790,800,800,1090,1400,75,0.254,26.5,14.3,13.03,0,136,0,19,21,12.819,353.28,1,0.645,0.645,0.586,2.207,0.645,0.02,0,,,,52,0,0,0,0,0,0,0,0,0,0,7,0,0,7000,7000,29,242,1346,52,59,42,64,44,45,0,39321,165,129,126,194,123,118,26222,39321
39.520,0,789,21,84,55,14.7,13.69,0.931,1,0,0,0,14,312,2.536,1,19,136,0,0,0,0,1,0,0,0,0,0,0,0,0,0,0,52.6,34,0.344,1,0,0,0,0,0,0,0,0,0,800,790,800,800,1090,1400,75,0.254,26.5,14.3,12.81,0,136,0,19,21,12.819,353.28,1,0.625,0.625,0.586,2.207,0.645,0.02,0,,,,47,0,0,0,0,0,0,0,0,0,0,7,0,0,7000,7000,29,242,1346,52,39,47,64,44,45,0,39321,165,129,126,194,123,118,26222,39321
39.580,0,791,21,84,55,14.7,13.69,0.931,1,0,0,0,14,312,2.544,1,19,136,0,0,0,0,1,0,0,0,0,0,0,0,0,0,0,52.6,34,0.344,1,0,0,0,0,0,0,0,0,0,800,790,800,800,1090,1400,75,0.254,26.5,14.3,12.92,0,136,0,19,21,12.745,353.28,1,0.625,0.625,0.586,2.207,0.645,0.02,0,,,,42,0,0,0,0,0,0,0,0,0,0,7,0,0,7000,7000,29,242,1346,52,39,47,74,47,42,0,39321,165,129,126,194,123,118,26222,39321
39.640,0,793,21,84,55,14.7,13.69,0.931,1,0,0,0,14,312,2.544,1,19,136,0,0,0,0,1,0,0,0,0,0,0,0,0,0,0,52.6,34,0.344,1,0,0,0,0,0,0,0,0,0,800,790,800,800,1090,1400,75,0.254,26.5,14.3,12.86,0,136,0,19,21,12.745,353.28,1,0.645,0.645,0.586,2.207,0.645,0.02,0,,,,42,0,0,0,0,0,0,0,0,0,0,7,0,0,7000,7000,29,242,1346,54,42,47,74,47,42,0,39321,165,129,126,194,123,118,26222,39321
39.700,0,793,21,84,55,14.7,13.69,0.931,1,0,0,0,14,312,2.544,1,19,136,0,0,0,0,1,0,0,0,0,0,0,0,0,0,0,52.6,34,0.344,1,0,0,0,0,0,0,0,0,0,800,790,800,800,1090,1400,75,0.254,26.5,14.3,12.86,0,136,0,19,21,12.745,353.28,1,0.625,0.625,0.586,2.207,0.645,0.02,0,,,,56,0,0,0,0,0,0,0,0,0,0,7,0,0,7000,7000,29,242,1346,54,42,47,79,56,42,0,39321,165,129,126,196,123,118,26222,39321
39.760,0,798,21,84,55,14.7,13.69,0.931,1,0,0,0,13,312,2.544,1,19,136,0,0,0,0,1,0,0,0,0,0,0,0,0,0,0,52.6,34,0.344,1,0,0,0,0,0,0,0,0,0,800,800,800,800,1090,1400,75,0.254,26.5,14.3,12.86,0,136,0,19,21,12.745,353.28,1,0.625,0.625,0.586,2.207,0.645,0.02,0,,,,59,0,0,0,0,0,0,0,0,0,0,7,0,0,7000,7000,29,242,1346,59,42,47,79,56,39,0,39321,165,129,126,196,123,118,26222,39321
39.820,0,797,21,84,55,14.7,13.69,0.931,1,0,0,0,13,312,2.544,1,20,136,0,0,0,0,1,0,0,0,0,0,0,0,0,0,0,52.6,34,0.344,1,0,0,0,0,0,0,0,0,0,800,800,800,800,1090,1400,75,0.254,26.5,14.3,13.03,0,136,0,20,21,12.745,353.28,1,0.645,0.645,0.586,2.207,0.645,0.02,0,,,,47,0,0,0,0,0,0,0,0,0,0,7,0,0,7000,7000,29,242,1346,59,34,47,79,56,39,0,39321,165,126,129,196,123,118,26222,39321
39.880,0,794,21,84,55,14.7,13.63,0.927,1,0,0,0,14,312,2.544,1,19,136,0,0,0,0,1,0,0,0,0,0,0,0,0,0,0,52.6,34,0.344,1,0,0,0,0,0,0,0,0,0,800,790,800,800,1090,1400,75,0.254,26.5,14.3,13.03,0,136,0,19,21,12.745,353.28,1,0.625,0.625,0.586,2.207,0.645,0.02,0,,,,49,0,0,0,0,0,0,0,0,0,0,7,0,0,7000,7000,29,242,1346,59,34,47,62,42,49,0,39321,165,126,129,194,123,118,26222,39321
39.940,0,797,21,84,55,14.7,13.63,0.927,1,0,0,0,13,312,2.544,1,20,136,0,0,0,0,1,0,0,0,0,0,0,0,0,0,0,52.6,34,0.344,1,0,0,0,0,0,0,0,0,0,800,800,800,800,1090,1400,75,0.254,26.5,14.3,13.03,0,136,0,20,21,12.745,353.28,1,0.625,0.625,0.586,2.207,0.645,0.02,0,,,,37,0,0,0,0,0,0,0,0,0,0,7,0,0,7000,7000,29,242,1346,57,37,47,62,42,49,0,39321,165,126,129,194,123,118,26222,39321
40.000,0,792,21,84,55,14.7,13.63,0.927,1,0,0,0,14,312,2.544,1,19,136,0,0,0,0,1,0,0,0,0,0,0,0,0,0,0,52.6,34,0.344,1,0,0,0,0,0,0,0,0,0,800,790,800,800,1090,1400,75,0.254,26.5,14.3,12.98,0,136,0,19,21,12.745,353.28,1,0.625,0.625,0.586,2.207,0.645,0.02,0,,,,45,0,0,0,0,0,0,0,0,0,0,7,0,0,7000,7000,29,242,1346,57,37,42,79,45,49,0,39321,165,126,126,196,123,118,26222,39321
40.060,0,791,21,84,55,14.7,13.63,0.927,1,0,0,0,14,312,2.544,1,19,136,0,0,0,0,1,0,0,0,0,0,0,0,0,0,0,52.6,34,0.344,1,0,0,0,0,0,0,0,0,0,800,790,800,800,1090,1400,75,0.254,26.5,14.3,13.03,0,136,0,19,21,12.819,353.28,1,0.625,0.625,0.586,2.207,0.645,0.02,0,,,,56,0,0,0,0,0,0,0,0,0,0,7,0,0,7000,7000,29,242,1346,56,37,42,79,45,47,0,39321,165,126,126,196,123,118,26222,39321
40.120,0,788,21,84,55,14.7,13.6,0.925,1,0,0,0,14,312,2.536,1,19,136,0,0,0,0,1,0,0,0,0,0,0,0,0,0,0,52.6,34,0.344,1,0,0,0,0,0,0,0,0,0,800,790,800,800,1090,1400,75,0.254,26.5,14.3,12.98,0,136,0,19,21,12.819,353.28,1,0.625,0.625,0.586,2.207,0.645,0.02,0,,,,44,0,0,0,0,0,0,0,0,0,0,7,0,0,7000,7000,29,242,1346,56,40,44,79,45,47,0,39321,165,126,126,196,123,118,26222,39321
40.180,0,792,21,84,55,14.7,13.6,0.925,1,0,0,0,14,312,2.544,1,19,136,0,0,0,0,1,0,0,0,0,0,0,0,0,0,0,52.6,34,0.344,1,0,0,0,0,0,0,0,0,0,800,790,800,800,1090,1400,75,0.254,26.5,14.3,12.81,0,136,0,19,21,12.745,353.28,1,0.625,0.625,0.586,2.207,0.645,0.02,0,,,,40,0,0,0,0,0,0,0,0,0,0,7,0,0,7000,7000,29,242,1346,56,40,44,79,39,40,0,39321,165,126,126,196,123,118,26222,39321
40.240,0,790,21,84,55,14.7,13.6,0.925,1,0,0,0,14,312,2.544,1,19,136,0,0,0,0,1,0,0,0,0,0,0,0,0,0,0,52.6,34,0.344,1,0,0,0,0,0,0,0,0,0,800,790,800,800,1090,1400,75,0.254,26.5,14.3,12.75,0,136,0,19,21,12.745,353.28,1,0.625,0.625,0.586,2.207,0.645,0.02,0,,,,32,0,0,0,0,0,0,0,0,0,0,7,0,0,7000,7000,29,242,1346,54,32,44,79,39,40,0,39321,165,123,126,196,123,118,26222,39321
40.300,0,790,21,84,55,14.7,13.6,0.925,1,0,0,0,14,312,2.544,1,19,136,0,0,0,0,1,0,0,0,0,0,0,0,0,0,0,52.6,34,0.344,1,0,0,0,0,0,0,0,0,0,800,790,800,800,1090,1400,75,0.254,26.5,14.3,12.75,0,136,0,19,21,12.745,353.28,1,0.645,0.645,0.586,2.207,0.645,0.02,0,,,,81,0,0,0,0,0,0,0,0,0,0,7,0,0,7000,7000,29,242,1346,54,32,42,81,39,40,0,39321,165,123,126,196,123,118,26222,39321
40.360,0,790,21,84,55,14.7,13.6,0.925,1,0,0,0,14,312,2.544,1,19,136,0,0,0,0,1,0,0,0,0,0,0,0,0,0,0,52.6,34,0.344,1,0,0,0,0,0,0,0,0,0,800,790,800,800,1090,1400,75,0.254,26.5,14.3,12.69,0,136,0,19,21,12.745,353.28,1,0.625,0.625,0.586,2.207,0.645,0.02,0,,,,66,0,0,0,0,0,0,0,0,0,0,7,0,0,7000,7000,29,242,1346,66,32,42,81,64,45,0,39321,165,123,126,196,129,118,26222,39321
40.420,0,791,21,84,55,14.7,13.57,0.923,1,0,0,0,14,312,2.544,1,19,136,0,0,0,0,1,0,0,0,0,0,0,0,0,0,0,52.6,34,0.344,1,0,0,0,0,0,0,0,0,0,800,790,800,800,1090,1400,75,0.254,26.5,14.3,12.69,0,136,0,19,21,12.745,353.28,1,0.645,0.645,0.586,2.207,0.645,0.02,0,,,,44,0,0,0,0,0,0,0,0,0,0,7,0,0,7000,7000,29,242,1346,66,45,44,81,64,45,0,39321,165,123,126,196,129,118,26222,39321
40.480,0,795,21,84,55,14.7,13.57,0.923,1,0,0,0,13,312,2.544,1,19,136,0,0,0,0,1,0,0,0,0,0,0,0,0,0,0,52.6,34,0.344,1,0,0,0,0,0,0,0,0,0,800,800,800,800,1090,1400,75,0.254,26.5,14.3,12.75,0,136,0,19,21,12.745,353.28,1,0.625,0.625,0.586,2.207,0.645,0.02,0,,,,37,0,0,0,0,0,0,0,0,0,0,7,0,0,7000,7000,29,242,1346,66,45,44,73,45,37,0,39321,165,123,126,196,129,118,26222,39321
40.540,0,799,21,84,55,14.7,13.57,0.923,1,0,0,0,13,312,2.544,1,20,136,0,0,0,0,1,0,0,0,0,0,0,0,0,0,0,52.6,34,0.344,1,0,0,0,0,0,0,0,0,0,800,800,800,800,1090,1400,75,0.254,26.5,14.3,12.81,0,136,0,20,21,12.745,353.28,1,0.625,0.625,0.586,2.207,0.645,0.02,0,,,,47,0,0,0,0,0,0,0,0,0,0,7,0,0,7000,7000,29,242,1346,56,47,44,73,45,37,0,39321,165,123,126,196,129,118,26222,39321
40.600,0,790,21,84,55,14.7,13.57,0.923,1,0,0,0,14,312,2.544,1,19,136,0,0,0,0,1,0,0,0,0,0,0,0,0,0,0,52.6,34,0.344,1,0,0,0,0,0,0,0,0,0,800,790,800,800,1090,1400,75,0.254,26.5,14.3,12.92,0,136,0,19,21,12.745,353.28,1,0.625,0.625,0.586,2.207,0.645,0.02,0,,,,78,0,0,0,0,0,0,0,0,0,0,7,0,0,7000,7000,29,242,1346,56,47,44,78,45,37,0,39321,165,123,126,199,129,118,26222,39321
40.660,0,789,21,84,55,14.7,13.57,0.923,1,0,0,0,14,312,2.544,1,19,136,0,0,0,0,1,0,0,0,0,0,0,0,0,0,0,52.6,34,0.344,1,0,0,0,0,0,0,0,0,0,800,790,800,800,1090,1400,75,0.254,26.5,14.3,12.86,0,136,0,19,21,12.745,353.28,1,0.625,0.625,0.586,2.207,0.645,0.02,0,,,,49,0,0,0,0,0,0,0,0,0,0,7,0,0,7000,7000,29,242,1346,49,47,44,78,44,40,0,39321,165,123,126,199,126,118,26222,39321
40.720,0,794,21,84,55,14.7,13.57,0.923,1,0,0,0,14,312,2.544,1,19,136,0,0,0,0,1,0,0,0,0,0,0,0,0,0,0,52.37,34,0.344,1,0,0,0,0,0,0,0,0,0,800,790,800,800,1090,1400,75,0.254,26.5,14.3,12.86,0,136,0,19,21,12.745,353.28,1,0.625,0.625,0.586,2.207,0.645,0.02,0,,,,44,0,0,0,0,0,0,0,0,0,0,7,0,0,7000,7000,29,242,1346,49,44,44,78,44,40,0,39321,165,123,126,199,126,118,26222,39321
40.780,0,795,21,84,55,14.7,13.6,0.925,1,0,0,0,13,312,2.544,1,19,136,0,0,0,0,1,0,0,0,0,0,0,0,0,0,0,52.6,34,0.344,1,0,0,0,0,0,0,0,0,0,800,800,800,800,1090,1400,75,0.254,26.5,14.3,12.98,0,136,0,19,21,12.745,353.28,1,0.625,0.625,0.586,2.188,0.645,0.02,0,,,,45,0,0,0,0,0,0,0,0,0,0,7,0,0,7000,7000,29,242,1346,49,44,44,69,45,40,0,39321,165,123,126,196,126,118,26222,39321
40.840,0,800,21,84,55,14.7,13.6,0.925,1,0,0,0,13,312,2.544,1,20,135.83,0,0,0,0,1,0,0,0,0,0,0,0,0,0,0,52.37,34,0.344,1,0,0,0,0,0,0,0,0,0,800,800,800,800,1090,1400,75,0.254,26.5,14.3,12.81,0,135.83,0,20,21,12.745,353.28,1,0.625,0.625,0.586,2.207,0.645,0.02,0,,,,40,0,0,0,0,0,0,0,0,0,0,7,0,0,7000,7000,29,242,1346,51,40,44,69,45,45,0,39321,163,123,126,196,126,120,26222,39321
40.900,0,792,21,84,55,14.7,13.6,0.925,1,0,0,0,14,312,2.544,1,19,135.83,0,0,0,0,1,0,0,0,0,0,0,0,0,0,0,52.6,34,0.344,1,0,0,0,0,0,0,0,0,0,800,790,800,800,1090,1400,75,0.254,26.5,14.3,12.86,0,135.83,0,19,21,12.745,353.28,1,0.645,0.645,0.586,2.188,0.645,0.02,0,,,,85,0,0,0,0,0,0,0,0,0,0,7,0,0,7000,7000,29,242,1346,51,40,47,85,45,45,0,39321,163,123,126,199,126,120,26222,39321
40.960,0,788,21,84,55,14.7,13.6,0.925,1,0,0,0,14,312,2.544,1,19,136,0,0,0,0,1,0,0,0,0,0,0,0,0,0,0,52.6,34,0.344,1,0,0,0,0,0,0,0,0,0,800,790,800,800,1090,1400,75,0.254,26.5,14.3,12.81,0,136,0,19,21,12.745,353.28,1,0.625,0.625,0.586,2.188,0.645,0.02,0,,,,56,0,0,0,0,0,0,0,0,0,0,7,0,0,7000,7000,29,242,1346,56,40,47,85,47,44,0,39321,163,123,126,199,126,120,26222,39321
41.020,0,784,21,84,55,14.7,13.6,0.925,1,0,0,0,15,312,2.544,1,19,136,0,0,0,0,1,0,0,0,0,0,0,0,0,0,0,52.6,34,0.344,1,0,0,0,0,0,0,0,0,0,800,780,800,800,1090,1400,75,0.254,26.5,14.3,12.86,0,136,0,19,21,12.745,353.28,1,0.625,0.625,0.586,2.188,0.645,0.02,0,,,,40,0,0,0,0,0,0,0,0,0,0,7,0,0,7000,7000,29,242,1346,56,37,40,85,47,44,0,39321,163,123,123,199,126,120,26222,39321
41.080,0,784,21,84,55,14.7,13.57,0.923,1,0,0,0,15,312,2.544,1,19,136,0,0,0,0,1,0,0,0,0,0,0,0,0,0,0,52.6,34,0.344,1,0,0,0,0,0,0,0,0,0,800,780,800,800,1090,1400,75,0.254,26.5,14.3,12.86,0,136,0,19,21,12.745,353.28,1,0.625,0.625,0.586,2.188,0.645,0.02,0,,,,49,0,0,0,0,0,0,0,0,0,0,7,0,0,7000,7000,29,242,1346,56,37,40,79,49,44,0,39321,163,123,123,202,126,120,26222,39321
41.140,0,788,21,84,55,14.7,13.57,0.923,1,0,0,0,14,312,2.544,1,19,136,0,0,0,0,1,0,0,0,0,0,0,0,0,0,0,52.6,34,0.344,1,0,0,0,0,0,0,0,0,0,800,790,800,800,1090,1400,75,0.254,26.5,14.3,12.92,0,136,0,19,21,12.745,353.28,1,0.625,0.625,0.586,2.188,0.645,0.02,0,,,,42,0,0,0,0,0,0,0,0,0,0,7,0,0,7000,7000,29,242,1346,52,42,40,79,49,39,0,39321,160,123,123,202,126,120,26222,39321
41.200,0,790,21,84,55,14.7,13.57,0.923,1,0,0,0,14,312,2.544,1,19,136,0,0,0,0,1,0,0,0,0,0,0,0,0,0,0,52.6,34,0.344,1,0,0,0,0,0,0,0,0,0,800,790,800,800,1090,1400,75,0.254,26.5,14.3,12.98,0,136,0,19,21,12.745,353.28,1,0.625,0.625,0.586,2.188,0.645,0.02,0,,,,76,0,0,0,0,0,0,0,0,0,0,7,0,0,7000,7000,29,242,1346,52,42,42,76,49,39,0,39321,160,123,123,202,126,120,26222,39321
41.260,0,791,21,84,55,14.7,13.57,0.923,1,0,0,0,14,312,2.544,1,19,136,0,0,0,0,1,0,0,0,0,0,0,0,0,0,0,52.6,34,0.344,1,0,0,0,0,0,0,0,0,0,800,790,800,800,1090,1400,75,0.254,26.5,14.3,12.92,0,136,0,19,21,12.745,353.28,1,0.645,0.645,0.586,2.188,0.645,0.02,0,,,,35,0,0,0,0,0,0,0,0,0,0,7,0,0,7000,7000,29,242,1346,52,42,42,76,40,35,0,39321,160,123,123,202,126,120,26222,39321
41.320,0,793,21,84,55,14.7,13.57,0.923,1,0,0,0,14,312,2.544,1,19,136,0,0,0,0,1,0,0,0,0,0,0,0,0,0,0,52.6,34,0.344,1,0,0,0,0,0,0,0,0,0,800,790,800,800,1090,1400,75,0.254,26.5,14.3,12.86,0,136,0,19,21,12.745,353.28,1,0.625,0.625,0.586,2.188,0.645,0.02,0,,,,47,0,0,0,0,0,0,0,0,0,0,7,0,0,7000,7000,29,242,1346,66,44,47,76,40,35,0,39321,160,123,123,202,126,120,26222,39321
41.380,0,796,21,84,55,14.7,13.57,0.923,1,0,0,0,13,312,2.544,1,19,136,0,0,0,0,1,0,0,0,0,0,0,0,0,0,0,52.6,34,0.344,1,0,0,0,0,0,0,0,0,0,800,800,800,800,1090,1400,75,0.254,26.5,14.3,12.92,0,136,0,19,21,12.745,353.28,1,0.645,0.645,0.586,2.188,0.645,0.02,0,,,,45,0,0,0,0,0,0,0,0,0,0,7,0,0,7000,7000,29,242,1346,66,44,47,88,45,35,0,39321,160,123,123,205,126,120,26222,39321
41.440,0,796,21,84,55,14.7,13.57,0.923,1,0,0,0,13,312,2.544,1,20,136,0,0,0,0,1,0,0,0,0,0,0,0,0,0,0,52.6,34,0.344,1,0,0,0,0,0,0,0,0,0,800,800,800,800,1090,1400,75,0.254,26.5,14.3,12.86,0,136,0,20,21,12.745,353.28,1,0.625,0.625,0.586,2.188,0.645,0.02,0,,,,42,0,0,0,0,0,0,0,0,0,0,7,0,0,7000,7000,29,242,1346,59,42,47,88,45,49,0,39321,160,123,123,205,126,123,26222,39321
41.500,0,785,21,84,55,14.7,13.57,0.923,1,0,0,0,14,312,2.544,1,19,136,0,0,0,0,1,0,0,0,0,0,0,0,0,0,0,52.6,34,0.344,1,0,0,0,0,0,0,0,0,0,800,790,800,800,1090,1400,75,0.254,26.5,14.3,12.69,0,136,0,19,21,12.745,353.28,1,0.625,0.625,0.586,2.188,0.645,0.02,0,,,,85,0,0,0,0,0,0,0,0,0,0,7,0,0,7000,7000,29,242,1346,59,42,45,85,45,49,0,39321,160,123,123,208,126,123,26222,39321
41.560,0,781,21,84,55,14.7,13.57,0.923,1,0,0,0,15,312,2.544,1,19,136,0,0,0,0,1,0,0,0,0,0,0,0,0,0,0,52.6,34,0.344,1,0,0,0,0,0,0,0,0,0,800,780,800,800,1090,1400,75,0.254,26.5,14.3,12.63,0,136,0,19,21,12.745,353.28,1,0.625,0.625,0.586,2.188,0.645,0.02,0,,,,37,0,0,0,0,0,0,0,0,0,0,7,0,0,7000,7000,29,242,1346,59,42,45,85,44,37,0,39321,160,123,123,208,123,123,26222,39321
41.620,0,783,21,84,55,14.7,13.57,0.923,1,0,0,0,15,312,2.544,1,19,136,0,0,0,0,1,0,0,0,0,0,0,0,0,0,0,52.6,34,0.344,1,0,0,0,0,0,0,0,0,0,800,780,800,800,1090,1400,75,0.254,26.5,14.3,12.69,0,136,0,19,21,12.745,353.28,1,0.625,0.625,0.586,2.188,0.645,0.02,0,,,,42,0,0,0,0,0,0,0,0,0,0,7,0,0,7000,7000,29,242,1346,47,45,42,85,44,37,0,39321,157,123,123,208,123,123,26222,39321
41.680,0,782,21,84,55,14.7,13.57,0.923,1,0,0,0,15,312,2.544,1,19,136,0,0,0,0,1,0,0,0,0,0,0,0,0,0,0,52.6,34,0.344,1,0,0,0,0,0,0,0,0,0,800,780,800,800,1090,1400,75,0.254,26.5,14.3,12.69,0,136,0,19,21,12.745,353.28,1,0.625,0.625,0.586,2.188,0.645,0.02,0,,,,40,0,0,0,0,0,0,0,0,0,0,7,0,0,7000,7000,29,242,1346,47,45,42,76,40,37,0,39321,157,123,123,208,123,123,26222,39321
41.740,0,782,21,84,55,14.7,13.57,0.923,1,0,0,0,15,312,2.544,1,19,136,0,0,0,0,1,0,0,0,0,0,0,0,0,0,0,52.6,34,0.344,1,0,0,0,0,0,0,0,0,0,800,780,800,800,1090,1400,75,0.25,26.5,14.3,12.69,0,136,0,19,21,12.745,353.28,1,0.645,0.645,0.586,2.188,0.645,0.02,0,,,,51,0,0,0,0,0,0,0,0,0,0,7,0,0,7000,7000,29,242,1346,51,45,42,76,40,45,0,39321,157,123,123,208,123,123,26222,39321
41.800,0,779,21,84,55,14.7,13.57,0.923,1,0,0,0,15,312,2.544,1,19,136,0,0,0,0,1,0,0,0,0,0,0,0,0,0,0,52.82,34,0.344,1,0,0,0,0,0,0,0,0,0,760,780,800,800,1090,1400,75,0.25,26,14.3,12.86,0,136,0,19,21,12.745,353.28,1,0.645,0.645,0.586,2.188,0.645,0.02,0,,,,60,0,0,0,0,0,0,0,0,0,0,7,0,0,7000,7000,29,242,1346,51,44,39,60,40,45,0,39321,157,123,123,205,123,123,26222,39321
41.860,0,781,21,84,55,14.7,13.57,0.923,1,0,0,0,15,312,2.552,1,19,136.33,0,0,0,0,1,0,0,0,0,0,0,0,0,0,0,52.82,34,0.344,1,0,0,0,0,0,0,0,0,0,800,780,800,800,1090,1400,75,0.254,26.5,14.3,12.92,0,136.33,0,19,21,12.745,353.28,1,0.625,0.625,0.586,2.188,0.645,0.02,0,,,,40,0,0,0,0,0,0,0,0,0,0,7,0,0,7000,7000,29,242,1346,51,44,39,60,37,40,0,39321,157,123,123,205,120,123,26222,39321
41.920,0,792,21,84,55,14.7,13.57,0.923,1,0,0,0,14,312,2.552,1,19,136.33,0,0,0,0,1,0,0,0,0,0,0,0,0,0,0,52.82,34,0.344,1,0,0,0,0,0,0,0,0,0,800,790,800,800,1090,1400,75,0.254,26.5,14.3,12.92,0,136.33,0,19,21,12.745,353.28,1,0.645,0.645,0.586,2.188,0.645,0.02,0,,,,47,0,0,0,0,0,0,0,0,0,0,7,0,0,7000,7000,29,242,1346,57,47,39,60,37,40,0,39321,157,123,123,205,120,123,26222,39321
41.980,0,794,21,84,55,14.7,13.57,0.923,1,0,0,0,14,312,2.552,1,19,136.33,0,0,0,0,1,0,0,0,0,0,0,0,0,0,0,52.82,34,0.344,1,0,0,0,0,0,0,0,0,0,800,790,800,800,1090,1400,75,0.254,26.5,14.3,12.98,0,136.33,0,19,21,12.745,353.28,1,0.625,0.625,0.586,2.188,0.645,0.02,0,,,,37,0,0,0,0,0,0,0,0,0,0,7,0,0,7000,7000,29,242,1346,57,47,40,76,37,40,0,39321,157,123,123,205,120,123,26222,39321
42.040,0,791,21,84,55,14.7,13.57,0.923,1,0,0,0,14,312,2.552,1,19,136.33,0,0,0,0,1,0,0,0,0,0,0,0,0,0,0,52.6,34,0.344,1,0,0,0,0,0,0,0,0,0,800,790,800,800,1090,1400,75,0.254,26.5,14.3,12.98,0,136.33,0,19,21,12.745,353.28,1,0.645,0.645,0.586,2.188,0.645,0.02,0,,,,47,0,0,0,0,0,0,0,0,0,0,7,0,0,7000,7000,29,242,1346,47,47,40,76,37,44,0,39321,154,123,123,205,120,123,26222,39321
42.100,0,790,21,84,55,14.7,13.57,0.923,1,0,0,0,14,312,2.544,1,19,136.17,0,0,0,0,1,0,0,0,0,0,0,0,0,0,0,52.6,34,0.344,1,0,0,0,0,0,0,0,0,0,800,790,800,800,1090,1400,75,0.254,26.5,14.3,12.86,0,136.17,0,19,21,12.745,353.28,1,0.625,0.625,0.586,2.188,0.645,0.02,0,,,,45,0,0,0,0,0,0,0,0,0,0,7,0,0,7000,7000,29,242,1346,47,39,45,76,37,44,0,39321,154,123,123,205,120,123,26222,39321
42.160,0,786,21,84,55,14.7,13.6,0.925,1,0,0,0,14,312,2.544,1,19,136,0,0,0,0,1,0,0,0,0,0,0,0,0,0,0,52.6,34,0.344,1,0,0,0,0,0,0,0,0,0,800,790,800,800,1090,1400,75,0.254,26.5,14.3,12.69,0,136,0,19,21,12.745,353.28,1,0.625,0.625,0.586,2.188,0.645,0.02,0,,,,44,0,0,0,0,0,0,0,0,0,0,7,0,0,7000,7000,29,242,1346,47,39,45,64,35,44,0,39321,154,123,123,205,118,123,26222,39321
42.220,0,789,21,84,55,14.7,13.6,0.925,1,0,0,0,14,312,2.544,1,19,136,0,0,0,0,1,0,0,0,0,0,0,0,0,0,0,52.6,34,0.344,1,0,0,0,0,0,0,0,0,0,800,790,800,800,1090,1400,75,0.254,26.5,14.3,12.92,0,136,0,19,21,12.745,353.28,1,0.645,0.645,0.586,2.188,0.645,0.02,0,,,,49,0,0,0,0,0,0,0,0,0,0,7,0,0,7000,7000,29,242,1346,57,49,45,64,35,44,0,39321,154,123,123,205,118,123,26222,39321
42.280,0,782,21,84,55,14.7,13.6,0.925,1,0,0,0,15,312,2.544,1,19,136,0,0,0,0,1,0,0,0,0,0,0,0,0,0,0,52.6,34,0.344,1,0,0,0,0,0,0,0,0,0,800,780,800,800,1090,1400,75,0.254,26.5,14.3,12.86,0,136,0,19,21,12.745,353.28,1,0.625,0.625,0.586,2.188,0.645,0.02,0,,,,34,0,0,0,0,0,0,0,0,0,0,7,0,0,7000,7000,29,242,1346,57,49,42,74,34,44,0,39321,154,123,123,205,118,123,26222,39321
42.340,0,784,21,84,55,14.7,13.6,0.925,1,0,0,0,15,312,2.552,1,19,136.33,0,0,0,0,1,0,0,0,0,0,0,0,0,0,0,52.82,34,0.344,1,0,0,0,0,0,0,0,0,0,800,780,800,800,1090,1400,75,0.254,26.5,14.3,12.86,0,136.33,0,19,21,12.745,353.28,1,0.625,0.625,0.586,2.188,0.645,0.02,0,,,,61,0,0,0,0,0,0,0,0,0,0,7,0,0,7000,7000,29,242,1346,61,49,42,74,34,45,0,39321,154,123,123,205,118,123,26222,39321
42.400,0,781,21,84,55,14.7,13.57,0.923,1,0,0,0,15,312,2.552,1,19,136.33,0,0,0,0,1,0,0,0,0,0,0,0,0,0,0,52.82,34,0.344,1,0,0,0,0,0,0,0,0,0,800,780,800,800,1090,1400,75,0.254,26.5,14.3,12.98,0,136.33,0,19,21,12.745,353.28,1,0.625,0.625,0.586,2.188,0.645,0.02,0,,,,40,0,0,0,0,0,0,0,0,0,0,7,0,0,7000,7000,29,242,1346,61,49,40,74,34,45,0,39321,154,126,120,205,118,123,26222,39321
42.460,0,783,21,84,55,14.7,13.6,0.925,1,0,0,0,15,312,2.552,1,19,136.5,0,0,0,0,1,0,0,0,0,0,0,0,0,0,0,52.82,34,0.344,1,0,0,0,0,0,0,0,0,0,800,780,800,800,1090,1400,75,0.25,26.5,14.3,12.86,0,136.5,0,19,21,12.745,353.28,1,0.625,0.625,0.586,2.188,0.645,0.02,0,,,,41,0,0,0,0,0,0,0,0,0,0,7,0,0,7000,7000,29,242,1346,61,49,40,68,36,41,0,39321,154,126,120,205,118,123,26222,39321
42.520,0,788,21,84,55,14.7,13.6,0.925,1,0,0,0,14,312,2.544,1,19,136.17,0,0,0,0,1,0,0,0,0,0,0,0,0,0,0,52.6,34,0.344,1,0,0,0,0,0,0,0,0,0,800,790,800,800,1090,1400,75,0.254,26.5,14.3,12.92,0,136.17,0,19,21,12.745,353.28,1,0.625,0.625,0.586,2.188,0.645,0.02,0,,,,49,0,0,0,0,0,0,0,0,0,0,7,0,0,7000,7000,29,242,1346,49,49,40,68,36,41,0,39321,151,126,120,205,118,123,26222,39321
42.580,0,784,21,84,55,14.7,13.57,0.923,1,0,0,0,15,312,2.552,1,19,136.33,0,0,0,0,1,0,0,0,0,0,0,0,0,0,0,52.82,34,0.344,1,0,0,0,0,0,0,0,0,0,800,780,800,800,1090,1400,75,0.254,26.5,14.3,12.86,0,136.33,0,19,21,12.745,353.28,1,0.625,0.625,0.586,2.188,0.645,0.02,0,,,,76,0,0,0,0,0,0,0,0,0,0,7,0,0,7000,7000,29,242,1346,49,49,44,76,36,41,0,39321,151,126,120,208,118,123,26222,39321
42.640,0,785,21,84,55,14.7,13.6,0.925,1,0,0,0,14,312,2.552,1,19,136.33,0,0,0,0,1,0,0,0,0,0,0,0,0,0,0,52.6,34,0.344,1,0,0,0,0,0,0,0,0,0,800,790,800,800,1090,1400,75,0.254,26.5,14.3,12.81,0,136.33,0,19,21,12.745,353.28,1,0.625,0.625,0.586,2.188,0.645,0.02,0,,,,49,0,0,0,0,0,0,0,0,0,0,7,0,0,7000,7000,29,242,1346,49,49,44,76,40,45,0,39321,149,126,120,208,118,123,26222,39321
42.700,0,792,21,84,55,14.7,13.6,0.925,1,0,0,0,14,312,2.544,1,19,136.17,0,0,0,0,1,0,0,0,0,0,0,0,0,0,0,52.6,34,0.344,1,0,0,0,0,0,0,0,0,0,800,790,800,800,1090,1400,75,0.254,26.5,14.3,12.81,0,136.17,0,19,21,12.745,353.28,1,0.625,0.625,0.586,2.188,0.645,0.02,0,,,,42,0,0,0,0,0,0,0,0,0,0,7,0,0,7000,7000,29,242,1346,49,45,42,76,40,45,0,39321,149,126,120,208,118,123,26222,39321
42.760,0,795,21,84,55,14.7,13.6,0.925,1,0,0,0,13,312,2.544,1,19,136,0,0,0,0,1,0,0,0,0,0,0,0,0,0,0,52.6,34,0.344,1,0,0,0,0,0,0,0,0,0,800,800,800,800,1090,1400,75,0.254,26.5,14.3,12.81,0,136,0,19,21,12.745,353.28,1,0.625,0.625,0.586,2.188,0.645,0.02,0,,,,42,0,0,0,0,0,0,0,0,0,0,7,0,0,7000,7000,29,242,1346,49,45,42,83,42,45,0,39321,149,126,120,210,118,123,26222,39321
42.820,0,795,21,84,55,14.7,13.63,0.927,1,0,0,0,13,312,2.544,1,19,136,0,0,0,0,1,0,0,0,0,0,0,0,0,0,0,52.6,34,0.344,1,0,0,0,0,0,0,0,0,0,800,800,800,800,1090,1400,75,0.254,26.5,14.3,12.86,0,136,0,19,21,12.745,353.28,1,0.625,0.625,0.586,2.188,0.645,0.02,0,,,,42,0,0,0,0,0,0,0,0,0,0,7,0,0,7000,7000,29,242,1346,59,42,42,83,42,42,0,39321,149,126,120,210,118,123,26222,39321
42.880,0,789,21,84,55,14.7,13.69,0.931,1,0,0,0,14,312,2.544,1,19,136,0,0,0,0,1,0,0,0,0,0,0,0,0,0,0,52.6,34,0.344,1,0,0,0,0,0,0,0,0,0,800,790,800,800,1090,1400,75,0.254,26.5,14.3,12.75,0,136,0,19,21,12.745,353.28,1,0.645,0.645,0.586,2.188,0.645,0.02,0,,,,66,0,0,0,0,0,0,0,0,0,0,7,0,0,7000,7000,29,242,1346,59,42,44,66,42,42,0,39321,149,126,120,208,118,123,26222,39321
42.940,0,789,21,84,55,14.7,13.69,0.931,1,0,0,0,14,312,2.544,1,19,136,0,0,0,0,1,0,0,0,0,0,0,0,0,0,0,52.6,34,0.344,1,0,0,0,0,0,0,0,0,0,800,790,800,800,1090,1400,75,0.254,26.5,14.3,12.81,0,136,0,19,21,12.745,353.28,1,0.625,0.625,0.586,2.188,0.645,0.02,0,,,,57,0,0,0,0,0,0,0,0,0,0,7,0,0,7000,7000,29,242,1346,57,42,44,66,39,45,0,39321,149,126,120,208,118,123,26222,39321
43.000,0,787,21,84,55,14.7,13.69,0.931,1,0,0,0,14,312,2.544,1,19,136,0,0,0,0,1,0,0,0,0,0,0,0,0,0,0,52.6,34,0.344,1,0,0,0,0,0,0,0,0,0,800,790,800,800,1090,1400,75,0.254,26.5,14.3,12.81,0,136,0,19,21,12.745,353.28,1,0.625,0.625,0.586,2.188,0.645,0.02,0,,,,42,0,0,0,0,0,0,0,0,0,0,7,0,0,7000,7000,29,242,1346,57,42,42,66,39,45,0,39321,149,126,120,208,118,123,26222,39321
43.060,0,792,21,84,55,14.7,13.69,0.931,1,0,0,0,14,312,2.544,1,19,136,0,0,0,0,1,0,0,0,0,0,0,0,0,0,0,52.6,34,0.344,1,0,0,0,0,0,0,0,0,0,800,790,800,800,1090,1400,75,0.254,26.5,14.3,12.92,0,136,0,19,21,12.745,353.28,1,0.645,0.645,0.586,2.188,0.645,0.02,0,,,,45,0,0,0,0,0,0,0,0,0,0,7,0,0,7000,7000,29,242,1346,57,42,42,76,45,45,0,39321,149,126,120,208,120,123,26222,39321
43.120,0,799,21,84,55,14.7,13.63,0.927,1,0,0,0,13,312,2.544,1,20,136,0,0,0,0,1,0,0,0,0,0,0,0,0,0,0,52.6,34,0.344,1,0,0,0,0,0,0,0,0,0,800,800,800,800,1090,1400,75,0.254,26.5,14.3,13.09,0,136,0,20,21,12.745,353.28,1,0.625,0.625,0.586,2.188,0.645,0.02,0,,,,40,0,0,0,0,0,0,0,0,0,0,7,0,0,7000,7000,29,242,1346,64,40,42,76,45,45,0,39321,149,126,120,208,120,123,26222,39321
43.180,0,791,21,84,55,14.7,13.69,0.931,1,0,0,0,14,312,2.544,1,20,136,0,0,0,0,1,0,0,0,0,0,0,0,0,0,0,52.6,34,0.344,1,0,0,0,0,0,0,0,0,0,800,790,800,800,1090,1400,75,0.254,26.5,14.3,13.03,0,136,0,20,21,12.745,353.28,1,0.625,0.625,0.586,2.188,0.645,0.02,0,,,,79,0,0,0,0,0,0,0,0,0,0,7,0,0,7000,7000,29,242,1346,64,40,44,79,45,45,0,39321,149,126,120,208,120,123,26222,39321
43.240,0,789,21,84,55,14.7,13.69,0.931,1,0,0,0,14,312,2.544,1,19,136,0,0,0,0,1,0,0,0,0,0,0,0,0,0,0,52.6,34,0.344,1,0,0,0,0,0,0,0,0,0,800,790,800,800,1090,1400,75,0.254,26.5,14.3,13.09,0,136,0,19,21,12.745,353.28,1,0.625,0.625,0.586,2.188,0.645,0.02,0,,,,39,0,0,0,0,0,0,0,0,0,0,7,0,0,7000,7000,29,242,1346,64,40,44,79,44,39,0,39321,149,126,120,208,120,123,26222,39321
43.300,0,793,21,84,55,14.7,13.63,0.927,1,0,0,0,14,312,2.544,1,19,136,0,0,0,0,1,0,0,0,0,0,0,0,0,0,0,52.6,34,0.344,1,0,0,0,0,0,0,0,0,0,800,790,800,800,1090,1400,75,0.254,26.5,14.3,13.03,0,136,0,19,21,12.745,353.28,1,0.625,0.625,0.586,2.188,0.645,0.02,0,,,,42,0,0,0,0,0,0,0,0,0,0,7,0,0,7000,7000,29,242,1346,56,45,42,79,44,39,0,39321,149,126,120,208,120,123,26222,39321
43.360,0,794,21,84,55,14.7,13.69,0.931,1,0,0,0,14,312,2.544,1,19,136,0,0,0,0,1,0,0,0,0,0,0,0,0,0,0,52.6,34,0.344,1,0,0,0,0,0,0,0,0,0,800,790,800,800,1090,1400,75,0.254,26.5,14.3,12.98,0,136,0,19,21,12.745,353.28,1,0.625,0.625,0.586,2.188,0.645,0.02,0,,,,37,0,0,0,0,0,0,0,0,0,0,7,0,0,7000,7000,29,242,1346,56,45,42,78,37,39,0,39321,149,126,120,208,120,123,26222,39321
43.420,0,794,21,84,55,14.7,13.69,0.931,1,0,0,0,14,312,2.544,1,19,136,0,0,0,0,1,0,0,0,0,0,0,0,0,0,0,52.6,34,0.344,1,0,0,0,0,0,0,0,0,0,800,790,800,800,1090,1400,75,0.254,26.5,14.3,12.98,0,136,0,19,21,12.745,353.28,1,0.625,0.625,0.586,2.188,0.645,0.02,0,,,,49,0,0,0,0,0,0,0,0,0,0,7,0,0,7000,7000,29,242,1346,59,49,42,78,37,40,0,39321,149,126,120,208,120,123,26222,39321
43.480,0,788,21,84,55,14.7,13.63,0.927,1,0,0,0,14,312,2.544,1,19,136,0,0,0,0,1,0,0,0,0,0,0,0,0,0,0,52.6,34,0.344,1,0,0,0,0,0,0,0,0,0,800,790,800,800,1090,1400,75,0.254,26.5,14.3,12.92,0,136,0,19,21,12.745,353.28,1,0.625,0.625,0.586,2.188,0.645,0.02,0,,,,85,0,0,0,0,0,0,0,0,0,0,7,0,0,7000,7000,29,242,1346,59,49,40,85,37,40,0,39321,149,126,120,210,120,123,26222,39321
43.540,0,785,21,84,55,14.7,13.63,0.927,1,0,0,0,14,312,2.544,1,19,136,0,0,0,0,1,0,0,0,0,0,0,0,0,0,0,52.6,34,0.344,1,0,0,0,0,0,0,0,0,0,800,790,800,800,1090,1400,75,0.254,26.5,14.3,12.86,0,136,0,19,21,12.745,353.28,1,0.625,0.625,0.586,2.188,0.645,0.02,0,,,,40,0,0,0,0,0,0,0,0,0,0,7,0,0,7000,7000,29,242,1346,59,49,40,85,40,40,0,39321,149,126,120,210,120,123,26222,39321
43.600,0,780,21,84,55,14.7,13.6,0.925,1,0,0,0,15,312,2.544,1,19,136,0,0,0,0,1,0,0,0,0,0,0,0,0,0,0,52.6,34,0.344,1,0,0,0,0,0,0,0,0,0,800,780,800,800,1090,1400,75,0.254,26.5,14.3,12.86,0,136,0,19,21,12.745,353.28,1,0.625,0.625,0.586,2.188,0.645,0.02,0,,,,40,0,0,0,0,0,0,0,0,0,0,7,0,0,7000,7000,29,242,1346,61,51,40,85,40,40,0,39321,149,126,120,210,120,123,26222,39321
43.660,0,784,21,84,55,14.7,13.6,0.925,1,0,0,0,15,312,2.544,1,19,136,0,0,0,0,1,0,0,0,0,0,0,0,0,0,0,52.6,34,0.344,1,0,0,0,0,0,0,0,0,0,800,780,800,800,1090,1400,75,0.254,26.5,14.3,12.75,0,136,0,19,21,12.745,353.28,1,0.625,0.625,0.586,2.188,0.645,0.02,0,,,,57,0,0,0,0,0,0,0,0,0,0,7,0,0,7000,7000,29,242,1346,61,51,40,69,57,40,0,39321,149,126,120,210,123,123,26222,39321
43.720,0,791,21,84,55,14.7,13.6,0.925,1,0,0,0,14,312,2.544,1,19,136,0,0,0,0,1,0,0,0,0,0,0,0,0,0,0,52.6,34,0.344,1,0,0,0,0,0,0,0,0,0,800,790,800,800,1090,1400,75,0.254,26.5,14.3,12.86,0,136,0,19,21,12.745,353.28,1,0.625,0.625,0.586,2.188,0.645,0.02,0,,,,61,0,0,0,0,0,0,0,0,0,0,7,0,0,7000,7000,29,242,1346,61,51,40,69,57,40,0,39321,151,126,120,210,123,120,26222,39321
43.780,0,788,21,84,55,14.7,13.57,0.923,1,0,0,0,14,312,2.544,1,19,136,0,0,0,0,1,0,0,0,0,0,0,0,0,0,0,52.6,34,0.344,1,0,0,0,0,0,0,0,0,0,800,790,800,800,1090,1400,75,0.254,26.5,14.3,12.81,0,136,0,19,21,12.745,353.28,1,0.625,0.625,0.586,2.188,0.645,0.02,0,,,,62,0,0,0,0,0,0,0,0,0,0,7,0,0,7000,7000,29,242,1346,61,42,40,62,57,40,0,39321,151,126,120,208,123,120,26222,39321
43.840,0,785,21,84,55,14.7,13.6,0.925,1,0,0,0,14,312,2.544,1,19,136,0,0,0,0,1,0,0,0,0,0,0,0,0,0,0,52.6,34,0.344,1,0,0,0,0,0,0,0,0,0,800,790,800,800,1090,1400,75,0.254,26.5,14.3,12.81,0,136,0,19,21,12.745,353.28,1,0.645,0.645,0.586,2.188,0.645,0.02,0,,,,40,0,0,0,0,0,0,0,0,0,0,7,0,0,7000,7000,29,242,1346,61,42,40,62,42,40,0,39321,151,126,120,208,123,118,26222,39321
43.900,0,788,21,84,55,14.7,13.6,0.925,1,0,0,0,14,312,2.544,1,19,136,0,0,0,0,1,0,0,0,0,0,0,0,0,0,0,52.6,34,0.344,1,0,0,0,0,0,0,0,0,0,800,790,800,800,1090,1400,75,0.254,26.5,14.3,12.92,0,136,0,19,21,12.745,353.28,1,0.625,0.625,0.586,2.188,0.645,0.02,0,,,,45,0,0,0,0,0,0,0,0,0,0,7,0,0,7000,7000,29,242,1346,45,45,40,62,42,40,0,39321,151,126,120,208,123,118,26222,39321
43.960,0,790,21,84,55,14.7,13.6,0.925,1,0,0,0,14,312,2.544,1,19,136,0,0,0,0,1,0,0,0,0,0,0,0,0,0,0,52.6,34,0.344,1,0,0,0,0,0,0,0,0,0,800,790,800,800,1090,1400,75,0.254,26.5,14.3,12.86,0,136,0,19,21,12.745,353.28,1,0.625,0.625,0.586,2.188,0.645,0.02,0,,,,47,0,0,0,0,0,0,0,0,0,0,7,0,0,7000,7000,29,242,1346,45,45,42,68,47,40,0,39321,151,126,120,205,126,118,26222,39321
44.020,0,793,21,84,55,14.7,13.6,0.925,1,0,0,0,14,312,2.544,1,19,136,0,0,0,0,1,0,0,0,0,0,0,0,0,0,0,52.6,34,0.344,1,0,0,0,0,0,0,0,0,0,800,790,800,800,1090,1400,75,0.254,26.5,14.3,12.69,0,136,0,19,21,12.745,353.28,1,0.625,0.625,0.586,2.188,0.645,0.02,0,,,,68,0,0,0,0,0,0,0,0,0,0,7,0,0,7000,7000,29,242,1346,68,45,42,68,47,42,0,39321,154,126,120,205,126,118,26222,39321
44.080,0,787,21,84,55,14.7,13.6,0.925,1,0,0,0,14,312,2.544,1,19,136,0,0,0,0,1,0,0,0,0,0,0,0,0,0,0,52.6,34,0.344,1,0,0,0,0,0,0,0,0,0,800,790,800,800,1090,1400,75,0.254,26.5,14.3,12.75,0,136,0,19,21,12.745,353.28,1,0.625,0.625,0.586,2.188,0.645,0.02,0,,,,73,0,0,0,0,0,0,0,0,0,0,7,0,0,7000,7000,29,242,1346,68,47,42,73,47,42,0,39321,154,126,120,205,126,118,26222,39321
44.140,0,787,21,84,55,14.7,13.6,0.925,1,0,0,0,14,312,2.544,1,19,136,0,0,0,0,1,0,0,0,0,0,0,0,0,0,0,52.6,34,0.344,1,0,0,0,0,0,0,0,0,0,800,790,800,800,1090,1400,75,0.254,26.5,14.3,12.75,0,136,0,19,21,12.745,353.28,1,0.625,0.625,0.586,2.188,0.645,0.02,0,,,,44,0,0,0,0,0,0,0,0,0,0,7,0,0,7000,7000,29,242,1346,68,47,42,73,51,44,0,39321,154,126,120,205,126,118,26222,39321
44.200,0,789,21,84,55,14.7,13.6,0.925,1,0,0,0,14,312,2.544,1,19,136,0,0,0,0,1,0,0,0,0,0,0,0,0,0,0,52.6,34,0.344,1,0,0,0,0,0,0,0,0,0,800,790,800,800,1090,1400,75,0.254,26.5,14.3,12.86,0,136,0,19,21,12.745,353.28,1,0.625,0.625,0.586,2.188,0.645,0.02,0,,,,42,0,0,0,0,0,0,0,0,0,0,7,0,0,7000,7000,29,242,1346,64,42,42,73,51,44,0,39321,157,123,120,205,126,118,26222,39321
44.260,0,788,21,84,55,14.7,13.6,0.925,1,0,0,0,14,312,2.544,1,19,136,0,0,0,0,1,0,0,0,0,0,0,0,0,0,0,52.6,34,0.344,1,0,0,0,0,0,0,0,0,0,800,790,800,800,1090,1400,75,0.254,26.5,14.3,12.86,0,136,0,19,21,12.745,353.28,1,0.625,0.625,0.586,2.188,0.645,0.02,0,,,,47,0,0,0,0,0,0,0,0,0,0,7,0,0,7000,7000,29,242,1346,64,42,39,68,47,44,0,39321,157,123,120,205,126,118,26222,39321
44.320,0,790,21,84,55,14.7,13.6,0.925,1,0,0,0,14,312,2.544,1,19,136,0,0,0,0,1,0,0,0,0,0,0,0,0,0,0,52.6,34,0.344,1,0,0,0,0,0,0,0,0,0,800,790,800,800,1090,1400,75,0.254,26.5,14.3,13.03,0,136,0,19,21,12.745,353.28,1,0.645,0.645,0.586,2.188,0.645,0.02,0,,,,68,0,0,0,0,0,0,0,0,0,0,7,0,0,7000,7000,29,242,1346,68,42,39,68,47,42,0,39321,160,123,120,205,126,118,26222,39321
44.380,0,787,21,84,55,14.7,13.6,0.925,1,0,0,0,14,312,2.544,1,19,136,0,0,0,0,1,0,0,0,0,0,0,0,0,0,0,52.6,34,0.344,1,0,0,0,0,0,0,0,0,0,800,790,800,800,1090,1400,75,0.254,26.5,14.3,12.98,0,136,0,19,21,12.745,353.28,1,0.625,0.625,0.586,2.188,0.645,0.02,0,,,,40,0,0,0,0,0,0,0,0,0,0,7,0,0,7000,7000,29,242,1346,68,45,40,68,47,42,0,39321,160,123,120,205,126,118,26222,39321
44.440,0,792,21,84,55,14.7,13.6,0.925,1,0,0,0,14,312,2.544,1,19,136,0,0,0,0,1,0,0,0,0,0,0,0,0,0,0,52.6,34,0.344,1,0,0,0,0,0,0,0,0,0,800,790,800,800,1090,1400,75,0.254,26.5,14.3,12.98,0,136,0,19,21,12.745,353.28,1,0.625,0.625,0.586,2.188,0.645,0.02,0,,,,42,0,0,0,0,0,0,0,0,0,0,7,0,0,7000,7000,29,242,1346,68,45,40,85,52,42,0,39321,160,123,120,205,129,118,26222,39321
44.500,0,796,21,84,55,14.7,13.6,0.925,1,0,0,0,13,312,2.544,1,19,136,0,0,0,0,1,0,0,0,0,0,0,0,0,0,0,52.6,34,0.344,1,0,0,0,0,0,0,0,0,0,800,800,800,800,1090,1400,75,0.254,26.5,14.3,12.98,0,136,0,19,21,12.745,353.28,1,0.645,0.645,0.586,2.188,0.645,0.02,0,,,,42,0,0,0,0,0,0,0,0,0,0,7,0,0,7000,7000,29,242,1346,56,42,40,85,52,42,0,39321,160,123,120,205,129,118,26222,39321
44.560,0,794,21,84,55,14.7,13.6,0.925,1,0,0,0,14,312,2.544,1,19,136,0,0,0,0,1,0,0,0,0,0,0,0,0,0,0,52.6,34,0.344,1,0,0,0,0,0,0,0,0,0,800,790,800,800,1090,1400,75,0.254,26.5,14.3,12.86,0,136,0,19,21,12.745,353.28,1,0.625,0.625,0.586,2.188,0.645,0.02,0,,,,45,0,0,0,0,0,0,0,0,0,0,7,0,0,7000,7000,29,242,1346,56,42,40,90,45,42,0,39321,160,123,118,210,126,118,26222,39321
44.620,0,798,21,84,55,14.7,13.6,0.925,1,0,0,0,13,312,2.544,1,19,136,0,0,0,0,1,0,0,0,0,0,0,0,0,0,0,52.6,34,0.344,1,0,0,0,0,0,0,0,0,0,800,800,800,800,1090,1400,75,0.254,26.5,14.3,12.98,0,136,0,19,21,12.745,353.28,1,0.625,0.625,0.586,2.188,0.645,0.02,0,,,,68,0,0,0,0,0,0,0,0,0,0,7,0,0,7000,7000,29,242,1346,68,42,40,90,45,40,0,39321,163,123,118,210,126,118,26222,39321
44.680,0,799,21,84,55,14.7,13.6,0.925,1,0,0,0,13,312,2.544,1,20,135.83,0,0,0,0,1,0,0,0,0,0,0,0,0,0,0,52.37,34,0.344,1,0,0,0,0,0,0,0,0,0,800,800,800,800,1090,1400,75,0.254,26.5,14.3,12.81,0,135.83,0,20,21,12.745,353.28,1,0.625,0.625,0.586,2.188,0.645,0.02,0,,,,40,0,0,0,0,0,0,0,0,0,0,7,0,0,7000,7000,29,242,1346,68,42,40,90,45,40,0,39321,163,123,118,210,126,118,26222,39321
44.740,0,798,21,84,55,14.7,13.63,0.927,1,0,0,0,13,312,2.544,1,20,135.67,0,0,0,0,1,0,0,0,0,0,0,0,0,0,0,52.37,34,0.344,1,0,0,0,0,0,0,0,0,0,800,800,800,800,1090,1400,75,0.254,26.5,14.3,12.81,0,135.67,0,20,21,12.745,353.28,1,0.625,0.625,0.586,2.188,0.645,0.02,0,,,,42,0,0,0,0,0,0,0,0,0,0,7,0,0,7000,7000,29,242,1346,68,42,40,85,51,42,0,39321,163,123,118,210,129,118,26222,39321
44.800,0,797,21,84,55,14.7,13.63,0.927,1,0,0,0,13,312,2.544,1,19,135.67,0,0,0,0,1,0,0,0,0,0,0,0,0,0,0,52.37,34,0.344,1,0,0,0,0,0,0,0,0,0,800,800,800,800,1090,1400,75,0.254,26.5,14.3,12.75,0,135.67,0,19,21,12.745,353.28,1,0.625,0.625,0.586,2.188,0.645,0.02,0,,,,45,0,0,0,0,0,0,0,0,0,0,7,0,0,7000,7000,29,242,1346,62,45,40,85,51,42,0,39321,163,123,118,210,129,118,26222,39321
44.860,0,792,21,84,55,14.7,13.6,0.925,1,0,0,0,14,312,2.544,1,19,135.67,0,0,0,0,1,0,0,0,0,0,0,0,0,0,0,52.6,34,0.344,1,0,0,0,0,0,0,0,0,0,800,790,800,800,1090,1400,75,0.254,26.5,14.3,12.63,0,135.67,0,19,21,12.745,353.28,1,0.625,0.625,0.586,2.188,0.645,0.02,0,,,,39,0,0,0,0,0,0,0,0,0,0,7,0,0,7000,7000,29,242,1346,62,45,47,79,39,42,0,39321,163,123,118,213,126,118,26222,39321
44.920,0,797,21,84,55,14.7,13.6,0.925,1,0,0,0,13,312,2.544,1,19,135.67,0,0,0,0,1,0,0,0,0,0,0,0,0,0,0,52.37,34,0.344,1,0,0,0,0,0,0,0,0,0,800,800,800,800,1090,1400,75,0.254,26.5,14.3,12.69,0,135.67,0,19,21,12.745,353.28,1,0.625,0.625,0.586,2.188,0.645,0.02,0,,,,64,0,0,0,0,0,0,0,0,0,0,7,0,0,7000,7000,29,242,1346,64,45,47,79,39,45,0,39321,165,123,118,213,126,118,26222,39321
44.980,0,794,21,84,55,14.7,13.6,0.925,1,0,0,0,14,312,2.536,1,19,135.5,0,0,0,0,1,0,0,0,0,0,0,0,0,0,0,52.37,34,0.344,1,0,0,0,0,0,0,0,0,0,800,790,800,800,1090,1400,75,0.254,26.5,14.3,12.86,0,135.5,0,19,21,12.745,353.28,1,0.625,0.625,0.586,2.188,0.645,0.02,0,,,,39,0,0,0,0,0,0,0,0,0,0,7,0,0,7000,7000,29,242,1346,64,42,39,79,39,45,0,39321,165,123,115,213,126,118,26222,39321
45.040,0,794,21,84,55,14.7,13.6,0.925,1,0,0,0,14,312,2.544,1,19,135.67,0,0,0,0,1,0,0,0,0,0,0,0,0,0,0,52.37,34,0.344,1,0,0,0,0,0,0,0,0,0,800,790,800,800,1090,1400,75,0.254,26.5,14.3,12.92,0,135.67,0,19,21,12.745,353.28,1,0.625,0.625,0.586,2.188,0.645,0.02,0,,,,47,0,0,0,0,0,0,0,0,0,0,7,0,0,7000,7000,29,242,1346,64,42,39,78,39,47,0,39321,165,123,115,216,123,120,26222,39321
45.100,0,798,21,84,55,14.7,13.57,0.923,1,0,0,0,13,312,2.544,1,19,135.67,0,0,0,0,1,0,0,0,0,0,0,0,0,0,0,52.37,34,0.344,1,0,0,0,0,0,0,0,0,0,800,800,800,800,1090,1400,75,0.254,26.5,14.3,12.86,0,135.67,0,19,21,12.745,353.28,1,0.625,0.625,0.586,2.188,0.645,0.02,0,,,,47,0,0,0,0,0,0,0,0,0,0,7,0,0,7000,7000,29,242,1346,62,47,39,78,39,47,0,39321,165,123,115,216,123,120,26222,39321
45.160,0,798,21,84,55,14.7,13.57,0.923,1,0,0,0,13,312,2.536,1,19,135.5,0,0,0,0,1,0,0,0,0,0,0,0,0,0,0,52.37,34,0.344,1,0,0,0,0,0,0,0,0,0,800,800,800,800,1090,1400,75,0.254,26.5,14.3,12.81,0,135.5,0,19,21,12.745,353.28,1,0.625,0.625,0.586,2.188,0.645,0.02,0,,,,86,0,0,0,0,0,0,0,0,0,0,7,0,0,7000,7000,29,242,1346,62,47,44,86,39,47,0,39321,165,123,115,219,123,120,26222,39321
45.220,0,795,21,84,55,14.7,13.57,0.923,1,0,0,0,13,312,2.536,1,19,135.5,0,0,0,0,1,0,0,0,0,0,0,0,0,0,0,52.37,34,0.344,1,0,0,0,0,0,0,0,0,0,800,800,800,800,1090,1400,75,0.254,26.5,14.3,12.81,0,135.5,0,19,21,12.745,353.28,1,0.625,0.625,0.586,2.188,0.645,0.02,0,,,,71,0,0,0,0,0,0,0,0,0,0,7,0,0,7000,7000,29,242,1346,71,47,44,86,39,45,0,39321,168,123,115,219,120,120,26222,39321
45.280,0,785,21,84,55,14.7,13.57,0.923,1,0,0,0,14,312,2.536,1,19,135.5,0,0,0,0,1,0,0,0,0,0,0,0,0,0,0,52.37,34,0.344,1,0,0,0,0,0,0,0,0,0,800,790,800,800,1090,1400,75,0.254,26.5,14.3,12.86,0,135.5,0,19,21,12.745,353.28,1,0.625,0.625,0.586,2.188,0.645,0.02,0,,,,42,0,0,0,0,0,0,0,0,0,0,7,0,0,7000,7000,29,242,1346,71,39,42,86,39,45,0,39321,168,123,115,219,120,120,26222,39321
45.340,0,781,21,84,55,14.7,13.57,0.923,1,0,0,0,15,312,2.544,1,19,135.83,0,0,0,0,1,0,0,0,0,0,0,0,0,0,0,52.6,34,0.344,1,0,0,0,0,0,0,0,0,0,800,780,800,800,1090,1400,75,0.254,26.5,14.3,12.69,0,135.83,0,19,21,12.745,353.28,1,0.625,0.625,0.586,2.188,0.645,0.02,0,,,,44,0,0,0,0,0,0,0,0,0,0,7,0,0,7000,7000,29,242,1346,71,39,42,73,44,44,0,39321,168,123,115,219,120,120,26222,39321
45.400,0,785,21,84,55,14.7,13.57,0.923,1,0,0,0,14,312,2.544,1,19,135.83,0,0,0,0,1,0,0,0,0,0,0,0,0,0,0,52.6,34,0.344,1,0,0,0,0,0,0,0,0,0,800,790,800,800,1090,1400,75,0.254,26.5,14.3,12.86,0,135.83,0,19,21,12.745,353.28,1,0.625,0.625,0.586,2.188,0.645,0.02,0,,,,39,0,0,0,0,0,0,0,0,0,0,7,0,0,7000,7000,29,242,1346,49,39,42,73,44,44,0,39321,165,123,115,219,120,120,26222,39321
45.460,0,783,21,84,55,14.7,13.57,0.923,1,0,0,0,15,312,2.544,1,19,136,0,0,0,0,1,0,0,0,0,0,0,0,0,0,0,52.6,34,0.344,1,0,0,0,0,0,0,0,0,0,800,780,800,800,1090,1400,75,0.254,26.5,14.3,12.86,0,136,0,19,21,12.745,353.28,1,0.645,0.645,0.586,2.188,0.645,0.02,0,,,,71,0,0,0,0,0,0,0,0,0,0,7,0,0,7000,7000,29,242,1346,49,39,44,71,44,44,0,39321,165,123,115,219,120,120,26222,39321
45.521,0,783,21,84,55,14.7,13.57,0.923,1,0,0,0,15,312,2.544,1,19,136,0,0,0,0,1,0,0,0,0,0,0,0,0,0,0,52.6,34,0.344,1,0,0,0,0,0,0,0,0,0,800,780,800,800,1090,1400,75,0.254,26.5,14.3,12.86,0,136,0,19,21,12.745,353.28,1,0.625,0.625,0.586,2.188,0.645,0.02,0,,,,52,0,0,0,0,0,0,0,0,0,0,7,0,0,7000,7000,29,242,1346,52,39,44,71,44,44,0,39321,163,123,115,219,120,120,26222,39321
45.581,0,782,21,84,55,14.7,13.57,0.923,1,0,0,0,15,312,2.544,1,19,136,0,0,0,0,1,0,0,0,0,0,0,0,0,0,0,52.6,34,0.344,1,0,0,0,0,0,0,0,0,0,800,780,800,800,1090,1400,75,0.254,26.5,14.3,12.86,0,136,0,19,21,12.745,353.28,1,0.625,0.625,0.586,2.188,0.645,0.02,0,,,,42,0,0,0,0,0,0,0,0,0,0,7,0,0,7000,7000,29,242,1346,52,52,42,71,44,44,0,39321,163,126,115,219,120,120,26222,39321
45.641,0,774,21,84,55,14.7,13.57,0.923,1,0,0,0,16,312,2.544,1,19,136,0,0,0,0,1,0,0,0,0,0,0,0,0,0,0,52.6,34,0.344,1,0,0,0,0,0,0,0,0,0,760,770,800,800,1090,1400,75,0.254,26,14.3,12.98,0,136,0,19,22,12.745,353.28,1,0.625,0.625,0.586,2.188,0.645,0.02,0,,,,38,0,0,0,0,0,0,0,0,0,0,7,0,0,7000,7000,29,242,1346,52,52,42,74,38,44,0,39321,163,126,115,219,118,120,26222,39321
45.701,0,775,22,84,55,14.7,13.57,0.923,1,0,0,0,15,312,2.56,1,19,137.5,0,0,0,0,1,0,0,0,0,0,0,0,0,0,0,52.82,34,0.344,1,0,0,0,0,0,0,0,0,0,760,780,800,800,1090,1400,75,0.25,26,14.3,12.92,0,137.5,0,19,22,12.745,353.28,1,0.645,0.645,0.586,2.188,0.645,0.02,0,,,,43,0,0,0,0,0,0,0,0,0,0,7,0,0,7000,7000,29,242,1346,43,43,42,74,38,40,0,39321,160,126,115,219,118,120,26222,39321
45.761,0,774,22,84,55,14.7,13.57,0.923,1,0,0,0,16,312,2.568,1,19,138.17,0,0,0,0,1,0,0,0,0,0,0,0,0,0,0,53.05,34,0.344,1,0,0,0,0,0,0,0,0,0,760,770,800,800,1090,1400,75,0.25,26,14.3,12.92,0,138.17,0,19,22,12.745,353.28,1,0.645,0.645,0.586,2.188,0.645,0.02,0,,,,52,0,0,0,0,0,0,0,0,0,0,7,0,0,7000,7000,29,242,1346,43,43,40,52,38,40,0,39321,160,126,115,213,118,120,26222,39321
45.821,0,778,22,84,55,14.7,13.57,0.923,1,0,0,0,15,312,2.576,1,19,138.67,0,0,0,0,1,0,0,0,0,0,0,0,0,0,0,53.27,35,0.344,1,0,0,0,0,0,0,0,0,0,760,780,800,800,1090,1400,75,0.25,25.5,14.3,12.86,0,138.67,0,19,22,12.745,353.28,1,0.645,0.645,0.586,2.188,0.645,0.02,0,,,,35,0,0,0,0,0,0,0,0,0,0,7,0,0,7000,7000,29,242,1346,43,43,40,52,44,35,0,39321,160,126,115,213,118,120,26222,39321
45.881,0,785,22,84,55,14.7,13.57,0.923,1,0,0,0,14,312,2.584,1,20,139.17,0,0,0,0,1,0,0,0,0,0,0,0,0,0,0,53.27,35,0.344,1,0,0,0,0,0,0,0,0,0,800,790,800,800,1090,1400,75,0.254,26,14.3,12.86,0,139.17,0,20,22,12.745,353.28,1,0.645,0.645,0.586,2.188,0.645,0.02,0,,,,45,0,0,0,0,0,0,0,0,0,0,7,0,0,7000,7000,29,242,1346,40,44,45,52,44,35,0,39321,157,126,115,213,118,120,26222,39321
45.941,0,788,22,84,55,14.7,13.57,0.923,1,0,0,0,14,312,2.592,1,20,139.67,0,0,0,0,1,0,0,0,0,0,0,0,0,0,0,53.5,35,0.344,1,0,0,0,0,0,0,0,0,0,800,790,800,800,1090,1400,75,0.254,26,14.3,12.69,0,139.67,0,20,22,12.745,353.28,1,0.645,0.645,0.586,2.188,0.645,0.02,0,,,,42,0,0,0,0,0,0,0,0,0,0,7,0,0,7000,7000,29,242,1346,40,44,45,73,42,35,0,39321,157,126,115,213,118,120,26222,39321
46.001,0,795,22,84,55,14.7,13.6,0.925,1,0,0,0,13,312,2.592,1,20,139.5,0,0,0,0,1,0,0,0,0,0,0,0,0,0,0,53.27,35,0.344,1,0,0,0,0,0,0,0,0,0,800,800,800,800,1090,1400,75,0.254,26,14.3,12.69,0,139.5,0,20,22,12.745,353.28,1,0.645,0.645,0.586,2.188,0.645,0.02,0,,,,54,0,0,0,0,0,0,0,0,0,0,7,0,0,7000,7000,29,242,1346,54,44,45,73,42,39,0,39321,154,126,115,213,118,120,26222,39321
46.061,0,792,22,84,55,14.7,13.6,0.925,1,0,0,0,13,312,2.592,1,20,139.5,0,0,0,0,1,0,0,0,0,0,0,0,0,0,0,53.27,35,0.344,1,0,0,0,0,0,0,0,0,0,800,800,800,800,1090,1400,75,0.254,26,14.3,12.69,0,139.5,0,20,22,12.745,353.28,1,0.645,0.645,0.586,2.188,0.645,0.02,0,,,,79,0,0,0,0,0,0,0,0,0,0,7,0,0,7000,7000,29,242,1346,54,45,44,79,42,39,0,39321,154,126,118,213,118,120,26222,39321
46.120,0,793,22,84,55,14.7,13.6,0.925,1,0,0,0,14,312,2.592,1,20,139.67,0,0,0,0,1,0,0,0,0,0,0,0,0,0,0,53.27,35,0.344,1,0,0,0,0,0,0,0,0,0,800,790,800,800,1090,1400,75,0.254,26,14.3,12.81,0,139.67,0,20,22,12.745,353.28,1,0.664,0.664,0.586,2.188,0.645,0.02,0,,,,47,0,0,0,0,0,0,0,0,0,0,7,0,0,7000,7000,29,242,1346,54,45,44,79,44,47,0,39321,154,126,118,213,118,120,26222,39321
46.180,0,792,22,84,55,14.7,13.63,0.927,1,0,0,0,14,312,2.592,1,20,139.83,0,0,0,0,1,0,0,0,0,0,0,0,0,0,0,53.5,35,0.344,1,0,0,0,0,0,0,0,0,0,800,790,800,800,1090,1400,75,0.254,26,14.3,12.75,0,139.83,0,20,22,12.745,353.28,1,0.645,0.645,0.586,2.168,0.645,0.02,0,,,,40,0,0,0,0,0,0,0,0,0,0,7,0,0,7000,7000,29,242,1346,49,45,40,79,44,47,0,39321,154,126,118,213,118,120,26222,39321
46.240,0,796,22,84,55,14.7,13.69,0.931,1,0,0,0,13,312,2.6,1,20,140,0,0,0,0,1,0,0,0,0,0,0,0,0,0,0,53.5,35,0.344,1,0,0,0,0,0,0,0,0,0,800,800,800,800,1090,1400,75,0.254,26,14.3,12.98,0,140,0,20,22,12.745,353.28,1,0.645,0.645,0.586,2.188,0.645,0.02,0,,,,45,0,0,0,0,0,0,0,0,0,0,7,0,0,7000,7000,29,242,1346,49,45,40,78,45,47,0,39321,154,126,118,213,118,120,26222,39321
46.301,0,804,22,84,55,14.7,13.69,0.931,1,0,0,0,13,312,2.592,1,20,139.83,0,0,0,0,1,0,0,0,0,0,0,0,0,0,0,53.27,35,0.344,1,0,0,0,0,0,0,0,0,0,800,800,800,800,1090,1400,75,0.254,26,14.3,13.03,0,139.83,0,20,22,12.745,353.28,1,0.664,0.664,0.586,2.168,0.645,0.02,0,,,,59,0,0,0,0,0,0,0,0,0,0,7,0,0,7000,7000,29,242,1346,59,45,40,78,45,40,0,39321,154,126,118,213,118,120,26222,39321
46.361,0,803,22,84,55,14.7,13.69,0.931,1,0,0,0,13,312,2.592,1,20,139.67,0,0,0,0,1,0,0,0,0,0,0,0,0,0,0,53.27,35,0.344,1,0,0,0,0,0,0,0,0,0,800,800,800,800,1090,1400,75,0.254,26,14.3,13.09,0,139.67,0,20,22,12.745,353.28,1,0.625,0.625,0.586,2.168,0.645,0.02,0,,,,74,0,0,0,0,0,0,0,0,0,0,7,0,0,7000,7000,29,242,1346,59,42,42,74,45,40,0,39321,154,126,118,213,118,120,26222,39321
46.420,0,808,22,84,55,14.7,13.72,0.933,1,0,0,0,12.5,312,2.592,1,20,139.5,0,0,0,0,1,0,0,0,0,0,0,0,0,0,0,53.27,35,0.344,1,0,0,0,0,0,0,0,0,0,800,810,800,800,1090,1400,75,0.254,26,14.3,13.21,0,139.5,0,20,22,12.745,353.28,1,0.664,0.664,0.586,2.168,0.645,0.02,0,,,,40,0,0,0,0,0,0,0,0,0,0,7,0,0,7000,7000,29,242,1346,59,42,42,74,52,40,0,39321,154,126,118,213,118,120,26222,39321
46.480,0,813,22,84,55,14.7,13.72,0.933,1,0,0,0,12.5,312,2.584,1,20,139.5,0,0,0,0,1,0,0,0,0,0,0,0,0,0,0,53.05,34,0.344,1,0,0,0,0,0,0,0,0,0,800,810,800,800,1090,1400,75,0.254,26.5,14.3,13.15,0,139.5,0,20,22,12.819,353.28,1,0.645,0.645,0.586,2.168,0.645,0.02,0,,,,45,0,0,0,0,0,0,0,0,0,0,7,0,0,7000,7000,29,242,1346,76,54,45,74,52,40,0,39321,160,126,118,213,118,120,26222,39321
46.540,0,814,22,84,55,14.7,13.72,0.933,1,0,0,0,12.5,312,2.576,1,20,139.17,0,0,0,0,1,0,0,0,0,0,0,0,0,0,0,53.05,34,0.344,1,0,0,0,0,0,0,0,0,0,800,810,800,800,1090,1400,75,0.254,26.5,14.3,13.15,0,139.17,0,20,22,12.819,353.28,1,0.645,0.645,0.586,2.168,0.645,0.02,0,,,,39,0,0,0,0,0,0,0,0,0,0,7,0,0,7000,7000,29,242,1346,76,54,45,62,39,40,0,39321,160,126,118,210,118,120,26222,39321
46.601,0,818,22,84,55,14.7,13.72,0.933,1,0,0,0,12,312,2.576,1,20,139.17,0,0,0,0,1,0,0,0,0,0,0,0,0,0,0,53.05,34,0.344,1,0,0,0,0,0,0,0,0,0,800,820,800,800,1090,1400,75,0.254,26.5,14.3,12.98,0,139.17,0,20,22,12.819,353.28,1,0.645,0.645,0.586,2.168,0.645,0.02,0,,,,44,0,0,0,0,0,0,0,0,0,0,7,0,0,7000,7000,29,242,1346,74,44,45,62,39,47,0,39321,165,123,118,210,118,120,26222,39321
46.661,0,815,22,84,55,14.7,13.73,0.934,1,0,0,0,12,312,2.584,1,20,139,0,0,0,0,1,0,0,0,0,0,0,0,0,0,0,53.05,34,0.344,1,0,0,0,0,0,0,0,0,0,800,820,800,800,1090,1400,75,0.254,26.5,14.3,12.98,0,139,0,20,22,12.745,353.28,1,0.645,0.645,0.586,2.168,0.645,0.02,0,,,,71,0,0,0,0,0,0,0,0,0,0,7,0,0,7000,7000,29,242,1346,74,44,45,71,39,47,0,39321,165,123,120,208,118,120,26222,39321
46.720,0,814,22,84,56,14.7,13.72,0.933,1,0,0,0,12.5,312,2.584,1,20,139,0,0,0,0,1,0,0,0,0,0,0,0,0,0,0,53.05,34,0.344,1,0,0,0,0,0,0,0,0,0,800,810,800,800,1090,1400,75,0.254,26.5,14.3,12.98,0,139,0,20,22,12.745,353.28,1,0.645,0.645,0.586,2.168,0.645,0.02,0,,,,40,0,0,0,0,0,0,0,0,0,0,7,0,0,7000,7000,29,242,1346,74,44,45,71,44,40,0,39321,165,123,120,208,120,118,26222,39321
46.780,0,816,22,84,56,14.7,13.72,0.933,1,0,0,0,12,312,2.576,1,20,138.83,0,0,0,0,1,0,0,0,0,0,0,0,0,0,0,52.82,34,0.344,1,0,0,0,0,0,0,0,0,0,800,820,800,800,1090,1400,75,0.254,26.5,14.3,12.92,0,138.83,0,20,22,12.745,353.28,1,0.625,0.625,0.586,2.168,0.645,0.02,0,,,,45,0,0,0,0,0,0,0,0,0,0,7,0,0,7000,7000,29,242,1346,78,45,45,71,44,40,0,39321,171,123,120,208,120,118,26222,39321
46.840,0,816,22,84,56,14.7,13.72,0.933,1,0,0,0,12,312,2.576,1,20,138.83,0,0,0,0,1,0,0,0,0,0,0,0,0,0,0,52.82,34,0.344,1,0,0,0,0,0,0,0,0,0,800,820,800,800,1090,1400,75,0.254,26.5,14.3,12.98,0,138.83,0,20,22,12.745,353.28,1,0.645,0.645,0.586,2.168,0.645,0.02,0,,,,45,0,0,0,0,0,0,0,0,0,0,7,0,0,7000,7000,29,242,1346,78,45,45,73,45,40,0,39321,171,123,120,208,120,118,26222,39321
46.900,0,819,22,84,56,14.7,13.72,0.933,1,0,0,0,12,312,2.576,1,20,138.67,0,0,0,0,1,0,0,0,0,0,0,0,0,0,0,52.82,34,0.344,1,0,0,0,0,0,0,0,0,0,800,820,800,800,1090,1400,75,0.254,26.5,14.3,13.09,0,138.67,0,20,22,12.745,353.28,1,0.645,0.645,0.586,2.168,0.645,0.02,0,,,,44,0,0,0,0,0,0,0,0,0,0,7,0,0,7000,7000,29,242,1346,81,44,45,73,45,45,0,39321,174,123,120,208,120,118,26222,39321
46.960,0,815,22,84,56,14.7,13.69,0.931,1,0,0,0,12,312,2.576,1,20,138.67,0,0,0,0,1,0,0,0,0,0,0,0,0,0,0,52.82,34,0.344,1,0,0,0,0,0,0,0,0,0,800,820,800,800,1090,1400,75,0.254,26.5,14.3,13.09,0,138.67,0,20,22,12.745,353.28,1,0.645,0.645,0.586,2.168,0.645,0.02,0,,,,59,0,0,0,0,0,0,0,0,0,0,7,0,0,7000,7000,29,242,1346,81,44,40,59,45,45,0,39321,174,123,120,205,120,118,26222,39321
47.020,0,814,22,84,56,14.7,13.69,0.931,1,0,0,0,12.5,312,2.576,1,20,138.5,0,0,0,0,1,0,0,0,0,0,0,0,0,0,0,52.82,34,0.344,1,0,0,0,0,0,0,0,0,0,800,810,800,800,1090,1400,75,0.254,26.5,14.3,12.98,0,138.5,0,20,22,12.745,353.28,1,0.625,0.625,0.586,2.168,0.645,0.02,0,,,,83,0,0,0,0,0,0,0,0,0,0,7,0,0,7000,7000,29,242,1346,83,44,40,59,45,45,0,39321,180,123,120,205,120,118,26222,39321
47.080,0,814,22,84,56,14.7,13.69,0.931,1,0,0,0,12.5,312,2.576,1,20,138.5,0,0,0,0,1,0,0,0,0,0,0,0,0,0,0,52.82,34,0.344,1,0,0,0,0,0,0,0,0,0,800,810,800,800,1090,1400,75,0.254,26.5,14.3,12.98,0,138.5,0,20,22,12.745,353.28,1,0.645,0.645,0.586,2.168,0.645,0.02,0,,,,45,0,0,0,0,0,0,0,0,0,0,7,0,0,7000,7000,29,242,1346,83,45,45,59,45,45,0,39321,180,123,120,205,120,118,26222,39321
47.140,0,816,22,84,56,14.7,13.69,0.931,1,0,0,0,12,312,2.568,1,20,138.5,0,0,0,0,1,0,0,0,0,0,0,0,0,0,0,52.82,34,0.344,1,0,0,0,0,0,0,0,0,0,800,820,800,800,1090,1400,75,0.254,26.5,14.3,12.92,0,138.5,0,20,22,12.819,353.28,1,0.645,0.645,0.586,2.168,0.645,0.02,0,,,,47,0,0,0,0,0,0,0,0,0,0,7,0,0,7000,7000,29,242,1346,83,45,45,61,47,47,0,39321,180,123,120,202,120,120,26222,39321
47.200,0,820,22,84,56,14.7,13.63,0.927,1,0,0,0,12,312,2.552,1,20,138.5,0,0,0,0,1,0,0,0,0,0,0,0,0,0,0,52.82,34,0.344,1,0,0,0,0,0,0,0,0,0,840,820,800,800,1090,1400,75,0.254,26.5,14.3,12.98,0,138.5,0,20,22,12.819,353.28,1,0.625,0.625,0.586,2.168,0.645,0.02,0,,,,40,0,0,0,0,0,0,0,0,0,0,7,0,0,7000,7000,29,242,1346,88,40,45,61,47,47,0,39321,182,123,120,202,120,120,26222,39321
47.260,0,822,22,84,56,14.7,13.63,0.927,1,0,0,0,12,312,2.56,1,21,138.5,0,0,0,0,1,0,0,0,0,0,0,0,0,0,0,52.82,34,0.344,1,0,0,0,0,0,0,0,0,0,840,820,800,800,1090,1400,75,0.254,26.5,14.3,12.75,0,138.5,0,21,22,12.745,353.28,1,0.625,0.625,0.586,2.168,0.645,0.02,0,,,,78,0,0,0,0,0,0,0,0,0,0,7,0,0,7000,7000,29,242,1346,88,40,44,78,47,47,0,39321,182,123,120,202,120,120,26222,39321
47.320,0,819,22,84,56,14.7,13.63,0.927,1,0,0,0,12,312,2.576,1,20,138.5,0,0,0,0,1,0,0,0,0,0,0,0,0,0,0,52.82,34,0.344,1,0,0,0,0,0,0,0,0,0,800,820,800,800,1090,1400,75,0.254,26.5,14.3,12.81,0,138.5,0,20,22,12.745,353.28,1,0.625,0.625,0.586,2.168,0.645,0.02,0,,,,88,0,0,0,0,0,0,0,0,0,0,7,0,0,7000,7000,29,242,1346,88,40,44,78,49,45,0,39321,185,123,120,202,123,120,26222,39321
47.380,0,817,22,84,56,14.7,13.6,0.925,1,0,0,0,12,312,2.576,1,20,138.5,0,0,0,0,1,0,0,0,0,0,0,0,0,0,0,52.82,34,0.344,1,0,0,0,0,0,0,0,0,0,800,820,800,800,1090,1400,75,0.254,26.5,14.3,12.81,0,138.5,0,20,22,12.745,353.28,1,0.645,0.645,0.586,2.168,0.645,0.02,0,,,,45,0,0,0,0,0,0,0,0,0,0,7,0,0,7000,7000,29,242,1346,88,51,45,78,49,45,0,39321,185,126,120,202,123,120,26222,39321
47.440,0,818,22,84,56,14.7,13.6,0.925,1,0,0,0,12,312,2.576,1,20,138.5,0,0,0,0,1,0,0,0,0,0,0,0,0,0,0,52.82,34,0.344,1,0,0,0,0,0,0,0,0,0,800,820,800,800,1090,1400,75,0.254,26.5,14.3,12.81,0,138.5,0,20,22,12.745,353.28,1,0.625,0.625,0.586,2.168,0.645,0.02,0,,,,47,0,0,0,0,0,0,0,0,0,0,7,0,0,7000,7000,29,242,1346,88,51,45,69,51,47,0,39321,185,126,120,202,123,120,26222,39321
47.500,0,813,22,84,56,14.7,13.6,0.925,1,0,0,0,12.5,312,2.576,1,20,138.33,0,0,0,0,1,0,0,0,0,0,0,0,0,0,0,52.82,34,0.344,1,0,0,0,0,0,0,0,0,0,800,810,800,800,1090,1400,75,0.254,26.5,14.3,12.86,0,138.33,0,20,22,12.745,353.28,1,0.625,0.625,0.586,2.168,0.645,0.02,0,,,,39,0,0,0,0,0,0,0,0,0,0,7,0,0,7000,7000,29,242,1346,83,39,45,69,51,47,0,39321,188,126,120,202,123,120,26222,39321
47.560,0,809,22,84,56,14.7,13.6,0.925,1,0,0,0,12.5,312,2.576,1,20,138.33,0,0,0,0,1,0,0,0,0,0,0,0,0,0,0,52.82,34,0.344,1,0,0,0,0,0,0,0,0,0,800,810,800,800,1090,1400,75,0.254,26.5,14.3,13.03,0,138.33,0,20,22,12.745,353.28,1,0.645,0.645,0.586,2.168,0.645,0.02,0,,,,44,0,0,0,0,0,0,0,0,0,0,7,0,0,7000,7000,29,242,1346,83,39,45,62,44,47,0,39321,188,126,120,202,123,120,26222,39321
47.620,0,813,22,84,56,14.7,13.6,0.925,1,0,0,0,12.5,312,2.576,1,20,138.5,0,0,0,0,1,0,0,0,0,0,0,0,0,0,0,52.82,34,0.344,1,0,0,0,0,0,0,0,0,0,800,810,800,800,1090,1400,75,0.254,26.5,14.3,13.03,0,138.5,0,20,22,12.745,353.28,1,0.645,0.645,0.586,2.168,0.645,0.02,0,,,,85,0,0,0,0,0,0,0,0,0,0,7,0,0,7000,7000,29,242,1346,85,39,45,62,44,42,0,39321,191,126,120,202,123,120,26222,39321
47.680,0,808,22,84,56,14.7,13.6,0.925,1,0,0,0,12.5,312,2.576,1,20,138.5,0,0,0,0,1,0,0,0,0,0,0,0,0,0,0,52.82,34,0.344,1,0,0,0,0,0,0,0,0,0,800,810,800,800,1090,1400,75,0.254,26.5,14.3,12.98,0,138.5,0,20,22,12.745,353.28,1,0.625,0.625,0.586,2.168,0.645,0.02,0,,,,56,0,0,0,0,0,0,0,0,0,0,7,0,0,7000,7000,29,242,1346,85,39,51,56,44,42,0,39321,191,123,123,199,123,120,26222,39321
47.740,0,805,22,84,56,14.7,13.6,0.925,1,0,0,0,12.5,312,2.576,1,20,138.5,0,0,0,0,1,0,0,0,0,0,0,0,0,0,0,52.82,34,0.344,1,0,0,0,0,0,0,0,0,0,800,810,800,800,1090,1400,75,0.254,26.5,14.3,13.03,0,138.5,0,20,22,12.745,353.28,1,0.625,0.625,0.586,2.168,0.645,0.02,0,,,,47,0,0,0,0,0,0,0,0,0,0,7,0,0,7000,7000,29,242,1346,85,39,51,56,49,47,0,39321,191,123,123,199,123,120,26222,39321
47.800,0,804,22,84,56,14.7,13.6,0.925,1,0,0,0,13,312,2.576,1,20,138.5,0,0,0,0,1,0,0,0,0,0,0,0,0,0,0,52.82,34,0.344,1,0,0,0,0,0,0,0,0,0,800,800,800,800,1090,1400,75,0.254,26.5,14.3,13.03,0,138.5,0,20,22,12.745,353.28,1,0.645,0.645,0.586,2.168,0.645,0.02,0,,,,40,0,0,0,0,0,0,0,0,0,0,7,0,0,7000,7000,29,242,1346,76,40,51,56,49,47,0,39321,194,123,123,199,123,120,26222,39321
47.860,0,800,22,84,56,14.7,13.6,0.925,1,0,0,0,13,312,2.576,1,20,138.67,0,0,0,0,1,0,0,0,0,0,0,0,0,0,0,53.05,34,0.344,1,0,0,0,0,0,0,0,0,0,800,800,800,800,1090,1400,75,0.254,26.5,14.3,13.03,0,138.67,0,20,22,12.745,353.28,1,0.625,0.625,0.586,2.168,0.645,0.02,0,,,,39,0,0,0,0,0,0,0,0,0,0,7,0,0,7000,7000,29,242,1346,76,40,42,66,39,47,0,39321,194,123,120,199,123,120,26222,39321
47.920,0,803,22,84,56,14.7,13.6,0.925,1,0,0,0,13,312,2.576,1,20,138.83,0,0,0,0,1,0,0,0,0,0,0,0,0,0,0,53.05,34,0.344,1,0,0,0,0,0,0,0,0,0,800,800,800,800,1090,1400,75,0.254,26.5,14.3,12.81,0,138.83,0,20,22,12.745,353.28,1,0.645,0.645,0.586,2.168,0.645,0.02,0,,,,79,0,0,0,0,0,0,0,0,0,0,7,0,0,7000,7000,29,242,1346,79,40,42,66,39,44,0,39321,196,123,120,199,123,120,26222,39321
47.980,0,801,22,84,56,14.7,13.6,0.925,1,0,0,0,13,312,2.584,1,20,139,0,0,0,0,1,0,0,0,0,0,0,0,0,0,0,53.05,34,0.344,1,0,0,0,0,0,0,0,0,0,800,800,800,800,1090,1400,75,0.254,26.5,14.3,12.81,0,139,0,20,22,12.745,353.28,1,0.645,0.645,0.586,2.168,0.645,0.02,0,,,,61,0,0,0,0,0,0,0,0,0,0,7,0,0,7000,7000,29,242,1346,79,40,44,61,39,44,0,39321,196,120,120,199,123,120,26222,39321
48.040,0,804,22,84,56,14.7,13.6,0.925,1,0,0,0,13,312,2.584,1,20,139,0,0,0,0,1,0,0,0,0,0,0,0,0,0,0,53.05,34,0.344,1,0,0,0,0,0,0,0,0,0,800,800,800,800,1090,1400,75,0.254,26.5,14.3,12.81,0,139,0,20,22,12.745,353.28,1,0.645,0.645,0.586,2.168,0.645,0.02,0,,,,40,0,0,0,0,0,0,0,0,0,0,7,0,0,7000,7000,29,242,1346,79,40,44,61,42,40,0,39321,196,120,120,199,123,118,26222,39321
48.100,0,803,22,84,56,14.7,13.57,0.923,1,0,0,0,13,312,2.584,1,20,139,0,0,0,0,1,0,0,0,0,0,0,0,0,0,0,53.05,34,0.344,1,0,0,0,0,0,0,0,0,0,800,800,800,800,1090,1400,75,0.254,26.5,14.3,12.81,0,139,0,20,22,12.745,353.28,1,0.645,0.645,0.586,2.168,0.645,0.02,0,,,,49,0,0,0,0,0,0,0,0,0,0,7,0,0,7000,7000,29,242,1346,81,49,44,61,42,40,0,39321,199,120,120,199,123,118,26222,39321
48.160,0,801,22,84,56,14.7,13.57,0.923,1,0,0,0,13,312,2.584,1,20,139,0,0,0,0,1,0,0,0,0,0,0,0,0,0,0,53.05,34,0.344,1,0,0,0,0,0,0,0,0,0,800,800,800,800,1090,1400,75,0.254,26.5,14.3,12.69,0,139,0,20,22,12.745,353.28,1,0.645,0.645,0.586,2.168,0.645,0.02,0,,,,40,0,0,0,0,0,0,0,0,0,0,7,0,0,7000,7000,29,242,1346,81,49,44,71,40,40,0,39321,199,120,123,199,120,118,26222,39321
48.220,0,805,22,84,56,14.7,13.57,0.923,1,0,0,0,12.5,312,2.584,1,20,139,0,0,0,0,1,0,0,0,0,0,0,0,0,0,0,53.05,34,0.344,1,0,0,0,0,0,0,0,0,0,800,810,800,800,1090,1400,75,0.254,26.5,14.3,12.81,0,139,0,20,22,12.745,353.28,1,0.645,0.645,0.586,2.168,0.645,0.02,0,,,,78,0,0,0,0,0,0,0,0,0,0,7,0,0,7000,7000,29,242,1346,78,49,44,71,40,47,0,39321,199,120,123,199,120,120,26222,39321
48.280,0,801,22,84,56,14.7,13.57,0.923,1,0,0,0,13,312,2.584,1,20,139,0,0,0,0,1,0,0,0,0,0,0,0,0,0,0,53.05,34,0.344,1,0,0,0,0,0,0,0,0,0,800,800,800,800,1090,1400,75,0.254,26.5,14.3,12.81,0,139,0,20,22,12.745,353.28,1,0.645,0.645,0.586,2.168,0.645,0.02,0,,,,100,0,0,0,0,0,0,0,0,0,0,7,0,0,7000,7000,29,242,1346,78,42,45,100,40,47,0,39321,199,120,123,205,120,120,26222,39321
48.340,0,803,22,84,56,14.7,13.57,0.923,1,0,0,0,13,312,2.584,1,20,139,0,0,0,0,1,0,0,0,0,0,0,0,0,0,0,53.05,34,0.344,1,0,0,0,0,0,0,0,0,0,800,800,800,800,1090,1400,75,0.254,26.5,14.3,12.86,0,139,0,20,22,12.745,353.28,1,0.645,0.645,0.586,2.168,0.645,0.02,0,,,,40,0,0,0,0,0,0,0,0,0,0,7,0,0,7000,7000,29,242,1346,78,42,45,100,40,40,0,39321,199,120,123,205,120,118,26222,39321
48.400,0,808,22,84,56,14.7,13.57,0.923,1,0,0,0,12.5,312,2.584,1,20,139,0,0,0,0,1,0,0,0,0,0,0,0,0,0,0,53.05,34,0.344,1,0,0,0,0,0,0,0,0,0,800,810,800,800,1090,1400,75,0.254,26.5,14.3,12.86,0,139,0,20,22,12.745,353.28,1,0.645,0.645,0.586,2.168,0.645,0.02,0,,,,45,0,0,0,0,0,0,0,0,0,0,7,0,0,7000,7000,29,242,1346,78,39,45,100,40,40,0,39321,202,120,123,205,120,118,26222,39321
48.460,0,807,22,84,56,14.7,13.6,0.925,1,0,0,0,12.5,312,2.584,1,20,139,0,0,0,0,1,0,0,0,0,0,0,0,0,0,0,53.05,34,0.344,1,0,0,0,0,0,0,0,0,0,800,810,800,800,1090,1400,75,0.254,26.5,14.3,13.09,0,139,0,20,22,12.745,353.28,1,0.645,0.645,0.586,2.168,0.645,0.02,0,,,,49,0,0,0,0,0,0,0,0,0,0,7,0,0,7000,7000,29,242,1346,78,39,45,74,49,40,0,39321,202,120,123,205,120,118,26222,39321
48.520,0,814,22,84,56,14.7,13.6,0.925,1,0,0,0,12.5,312,2.584,1,20,139,0,0,0,0,1,0,0,0,0,0,0,0,0,0,0,53.05,34,0.344,1,0,0,0,0,0,0,0,0,0,800,810,800,800,1090,1400,75,0.254,26.5,14.3,13.03,0,139,0,20,22,12.745,353.28,1,0.645,0.645,0.586,2.168,0.645,0.02,0,,,,78,0,0,0,0,0,0,0,0,0,0,7,0,0,7000,7000,29,242,1346,78,39,45,74,49,47,0,39321,205,120,123,205,120,118,26222,39321
48.580,0,813,22,84,56,14.7,13.6,0.925,1,0,0,0,12.5,312,2.584,1,20,139,0,0,0,0,1,0,0,0,0,0,0,0,0,0,0,53.05,34,0.344,1,0,0,0,0,0,0,0,0,0,800,810,800,800,1090,1400,75,0.254,26.5,14.3,12.81,0,139,0,20,22,12.745,353.28,1,0.645,0.645,0.586,2.168,0.645,0.02,0,,,,73,0,0,0,0,0,0,0,0,0,0,7,0,0,7000,7000,29,242,1346,78,35,44,73,49,47,0,39321,205,118,123,205,120,118,26222,39321
48.640,0,814,22,84,56,14.7,13.63,0.927,1,0,0,0,12.5,312,2.584,1,20,139,0,0,0,0,1,0,0,0,0,0,0,0,0,0,0,53.05,34,0.344,1,0,0,0,0,0,0,0,0,0,800,810,800,800,1090,1400,75,0.254,26.5,14.3,12.86,0,139,0,20,22,12.745,353.28,1,0.625,0.625,0.586,2.168,0.645,0.02,0,,,,45,0,0,0,0,0,0,0,0,0,0,7,0,0,7000,7000,29,242,1346,78,35,44,73,56,45,0,39321,205,118,123,205,123,118,26222,39321
48.700,0,813,22,84,56,14.7,13.69,0.931,1,0,0,0,12.5,312,2.576,1,20,138.67,0,0,0,0,1,0,0,0,0,0,0,0,0,0,0,52.82,34,0.344,1,0,0,0,0,0,0,0,0,0,800,810,800,800,1090,1400,75,0.254,26.5,14.3,12.98,0,138.67,0,20,22,12.745,353.28,1,0.625,0.625,0.586,2.168,0.645,0.02,0,,,,47,0,0,0,0,0,0,0,0,0,0,7,0,0,7000,7000,29,242,1346,78,37,47,73,56,45,0,39321,208,115,126,205,123,118,26222,39321
48.760,0,814,22,84,56,14.7,13.69,0.931,1,0,0,0,12.5,312,2.576,1,20,138.83,0,0,0,0,1,0,0,0,0,0,0,0,0,0,0,53.05,34,0.344,1,0,0,0,0,0,0,0,0,0,800,810,800,800,1090,1400,75,0.254,26.5,14.3,12.92,0,138.83,0,20,22,12.745,353.28,1,0.645,0.645,0.586,2.168,0.645,0.02,0,,,,47,0,0,0,0,0,0,0,0,0,0,7,0,0,7000,7000,29,242,1346,78,37,47,76,47,45,0,39321,208,115,126,205,123,118,26222,39321
48.820,0,815,22,84,56,14.7,13.69,0.931,1,0,0,0,12,312,2.576,1,20,138.67,0,0,0,0,1,0,0,0,0,0,0,0,0,0,0,52.82,34,0.344,1,0,0,0,0,0,0,0,0,0,800,820,800,800,1090,1400,75,0.254,26.5,14.3,12.92,0,138.67,0,20,22,12.745,353.28,1,0.645,0.645,0.586,2.168,0.645,0.02,0,,,,44,0,0,0,0,0,0,0,0,0,0,7,0,0,7000,7000,29,242,1346,85,44,47,76,47,47,0,39321,210,115,126,205,123,118,26222,39321
48.880,0,810,22,84,56,14.7,13.63,0.927,1,0,0,0,12.5,312,2.576,1,20,138.67,0,0,0,0,1,0,0,0,0,0,0,0,0,0,0,53.05,34,0.344,1,0,0,0,0,0,0,0,0,0,800,810,800,800,1090,1400,75,0.254,26.5,14.3,13.09,0,138.67,0,20,22,12.745,353.28,1,0.625,0.625,0.586,2.168,0.645,0.02,0,,,,69,0,0,0,0,0,0,0,0,0,0,7,0,0,7000,7000,29,242,1346,85,44,45,69,47,47,0,39321,210,115,126,205,123,118,26222,39321
48.940,0,809,22,84,56,14.7,13.63,0.927,1,0,0,0,12.5,312,2.576,1,20,138.67,0,0,0,0,1,0,0,0,0,0,0,0,0,0,0,52.82,34,0.344,1,0,0,0,0,0,0,0,0,0,800,810,800,800,1090,1400,75,0.254,26.5,14.3,13.03,0,138.67,0,20,22,12.745,353.28,1,0.625,0.625,0.586,2.168,0.645,0.02,0,,,,42,0,0,0,0,0,0,0,0,0,0,7,0,0,7000,7000,29,242,1346,85,44,45,69,40,42,0,39321,210,115,126,205,123,118,26222,39321
49.000,0,813,22,84,56,14.7,13.6,0.925,1,0,0,0,12.5,312,2.576,1,20,138.67,0,0,0,0,1,0,0,0,0,0,0,0,0,0,0,52.82,34,0.344,1,0,0,0,0,0,0,0,0,0,800,810,800,800,1090,1400,75,0.254,26.5,14.3,13.03,0,138.67,0,20,22,12.745,353.28,1,0.625,0.625,0.586,2.168,0.645,0.02,0,,,,44,0,0,0,0,0,0,0,0,0,0,7,0,0,7000,7000,29,242,1346,73,39,44,69,40,42,0,39321,208,115,126,205,123,118,26222,39321
49.060,0,811,22,84,56,14.7,13.6,0.925,1,0,0,0,12.5,312,2.576,1,20,138.67,0,0,0,0,1,0,0,0,0,0,0,0,0,0,0,52.82,34,0.344,1,0,0,0,0,0,0,0,0,0,800,810,800,800,1090,1400,75,0.254,26.5,14.3,12.98,0,138.67,0,20,22,12.745,353.28,1,0.645,0.645,0.586,2.168,0.645,0.02,0,,,,49,0,0,0,0,0,0,0,0,0,0,7,0,0,7000,7000,29,242,1346,73,39,44,61,49,42,0,39321,208,115,126,205,123,118,26222,39321
49.120,0,815,22,84,56,14.7,13.6,0.925,1,0,0,0,12,312,2.576,1,20,138.5,0,0,0,0,1,0,0,0,0,0,0,0,0,0,0,52.82,34,0.344,1,0,0,0,0,0,0,0,0,0,800,820,800,800,1090,1400,75,0.254,26.5,14.3,12.92,0,138.5,0,20,22,12.745,353.28,1,0.625,0.625,0.586,2.168,0.645,0.02,0,,,,40,0,0,0,0,0,0,0,0,0,0,7,0,0,7000,7000,29,242,1346,79,40,44,61,49,42,0,39321,208,115,126,205,123,118,26222,39321
49.180,0,811,22,84,56,14.7,13.6,0.925,1,0,0,0,12.5,312,2.576,1,20,138.5,0,0,0,0,1,0,0,0,0,0,0,0,0,0,0,52.82,34,0.344,1,0,0,0,0,0,0,0,0,0,800,810,800,800,1090,1400,75,0.254,26.5,14.3,12.98,0,138.5,0,20,22,12.745,353.28,1,0.645,0.645,0.586,2.168,0.645,0.02,0,,,,76,0,0,0,0,0,0,0,0,0,0,7,0,0,7000,7000,29,242,1346,79,40,47,76,49,42,0,39321,208,115,126,205,123,118,26222,39321
49.240,0,811,22,84,56,14.7,13.6,0.925,1,0,0,0,12.5,312,2.576,1,20,138.5,0,0,0,0,1,0,0,0,0,0,0,0,0,0,0,52.82,34,0.344,1,0,0,0,0,0,0,0,0,0,800,810,800,800,1090,1400,75,0.254,26.5,14.3,12.81,0,138.5,0,20,22,12.745,353.28,1,0.625,0.625,0.586,2.168,0.645,0.02,0,,,,78,0,0,0,0,0,0,0,0,0,0,7,0,0,7000,7000,29,242,1346,78,40,47,76,44,44,0,39321,208,115,126,205,123,120,26222,39321
49.300,0,813,22,84,56,14.7,13.6,0.925,1,0,0,0,12.5,312,2.576,1,20,138.5,0,0,0,0,1,0,0,0,0,0,0,0,0,0,0,52.82,34,0.344,1,0,0,0,0,0,0,0,0,0,800,810,800,800,1090,1400,75,0.254,26.5,14.3,12.75,0,138.5,0,20,22,12.745,353.28,1,0.645,0.645,0.586,2.168,0.645,0.02,0,,,,47,0,0,0,0,0,0,0,0,0,0,7,0,0,7000,7000,29,242,1346,78,45,47,76,44,44,0,39321,208,115,126,205,123,120,26222,39321
49.360,0,813,22,84,56,14.7,13.63,0.927,1,0,0,0,12.5,312,2.576,1,20,138.67,0,0,0,0,1,0,0,0,0,0,0,0,0,0,0,52.82,34,0.344,1,0,0,0,0,0,0,0,0,0,800,810,800,800,1090,1400,75,0.254,26.5,14.3,12.69,0,138.67,0,20,22,12.745,353.28,1,0.645,0.645,0.586,2.168,0.645,0.02,0,,,,44,0,0,0,0,0,0,0,0,0,0,7,0,0,7000,7000,29,242,1346,78,45,47,73,49,44,0,39321,208,115,126,205,123,123,26222,39321
49.420,0,813,22,84,56,14.7,13.6,0.925,1,0,0,0,12.5,312,2.576,1,20,138.5,0,0,0,0,1,0,0,0,0,0,0,0,0,0,0,52.82,34,0.344,1,0,0,0,0,0,0,0,0,0,800,810,800,800,1090,1400,75,0.254,26.5,14.3,12.81,0,138.5,0,20,22,12.745,353.28,1,0.625,0.625,0.586,2.168,0.645,0.02,0,,,,39,0,0,0,0,0,0,0,0,0,0,7,0,0,7000,7000,29,242,1346,76,39,47,73,49,44,0,39321,208,115,126,205,123,123,26222,39321
49.480,0,808,22,84,56,14.7,13.6,0.925,1,0,0,0,12.5,312,2.576,1,20,138.5,0,0,0,0,1,0,0,0,0,0,0,0,0,0,0,52.82,34,0.344,1,0,0,0,0,0,0,0,0,0,800,810,800,800,1090,1400,75,0.254,26.5,14.3,12.75,0,138.5,0,20,22,12.745,353.28,1,0.645,0.645,0.586,2.168,0.645,0.02,0,,,,78,0,0,0,0,0,0,0,0,0,0,7,0,0,7000,7000,29,242,1346,76,39,54,78,49,44,0,39321,208,115,126,205,123,123,26222,39321
49.540,0,810,22,84,56,14.7,13.6,0.925,1,0,0,0,12.5,312,2.576,1,20,138.5,0,0,0,0,1,0,0,0,0,0,0,0,0,0,0,52.82,34,0.344,1,0,0,0,0,0,0,0,0,0,800,810,800,800,1090,1400,75,0.254,26.5,14.3,12.92,0,138.5,0,20,22,12.745,353.28,1,0.625,0.625,0.586,2.168,0.645,0.02,0,,,,83,0,0,0,0,0,0,0,0,0,0,7,0,0,7000,7000,29,242,1346,83,39,54,78,40,47,0,39321,210,115,126,205,123,123,26222,39321
49.600,0,807,22,84,56,14.7,13.6,0.925,1,0,0,0,12.5,312,2.576,1,20,138.5,0,0,0,0,1,0,0,0,0,0,0,0,0,0,0,52.82,34,0.344,1,0,0,0,0,0,0,0,0,0,800,810,800,800,1090,1400,75,0.254,26.5,14.3,12.92,0,138.5,0,20,22,12.745,353.28,1,0.625,0.625,0.586,2.168,0.645,0.02,0,,,,47,0,0,0,0,0,0,0,0,0,0,7,0,0,7000,7000,29,242,1346,83,44,47,78,40,47,0,39321,210,115,126,205,123,123,26222,39321
49.660,0,806,22,84,56,14.7,13.6,0.925,1,0,0,0,12.5,312,2.576,1,20,138.67,0,0,0,0,1,0,0,0,0,0,0,0,0,0,0,52.82,34,0.344,1,0,0,0,0,0,0,0,0,0,800,810,800,800,1090,1400,75,0.254,26.5,14.3,12.98,0,138.67,0,20,22,12.745,353.28,1,0.625,0.625,0.586,2.168,0.645,0.02,0,,,,40,0,0,0,0,0,0,0,0,0,0,7,0,0,7000,7000,29,242,1346,83,44,47,68,40,40,0,39321,210,115,126,205,123,120,26222,39321
49.720,0,810,22,84,56,14.7,13.6,0.925,1,0,0,0,12.5,312,2.576,1,20,138.5,0,0,0,0,1,0,0,0,0,0,0,0,0,0,0,52.82,34,0.344,1,0,0,0,0,0,0,0,0,0,800,810,800,800,1090,1400,75,0.254,26.5,14.3,13.03,0,138.5,0,20,22,12.745,353.28,1,0.645,0.645,0.586,2.168,0.645,0.02,0,,,,51,0,0,0,0,0,0,0,0,0,0,7,0,0,7000,7000,29,242,1346,69,51,47,68,40,40,0,39321,210,118,126,205,123,120,26222,39321
49.780,0,805,22,84,56,14.7,13.6,0.925,1,0,0,0,12.5,312,2.576,1,20,138.83,0,0,0,0,1,0,0,0,0,0,0,0,0,0,0,53.05,34,0.344,1,0,0,0,0,0,0,0,0,0,800,810,800,800,1090,1400,75,0.254,26.5,14.3,13.03,0,138.83,0,20,22,12.745,353.28,1,0.645,0.645,0.586,2.168,0.645,0.02,0,,,,42,0,0,0,0,0,0,0,0,0,0,7,0,0,7000,7000,29,242,1346,69,51,52,69,42,40,0,39321,210,118,126,205,123,120,26222,39321
49.840,0,804,22,84,56,14.7,13.6,0.925,1,0,0,0,13,312,2.576,1,20,138.83,0,0,0,0,1,0,0,0,0,0,0,0,0,0,0,53.05,34,0.344,1,0,0,0,0,0,0,0,0,0,800,800,800,800,1090,1400,75,0.254,26.5,14.3,12.86,0,138.83,0,20,22,12.745,353.28,1,0.625,0.625,0.586,2.168,0.645,0.02,0,,,,69,0,0,0,0,0,0,0,0,0,0,7,0,0,7000,7000,29,242,1346,69,51,52,69,42,44,0,39321,208,118,126,205,123,120,26222,39321
49.900,0,802,22,84,56,14.7,13.6,0.925,1,0,0,0,13,312,2.576,1,20,138.67,0,0,0,0,1,0,0,0,0,0,0,0,0,0,0,52.82,34,0.344,1,0,0,0,0,0,0,0,0,0,800,800,800,800,1090,1400,75,0.254,26.5,14.3,12.86,0,138.67,0,20,22,12.745,353.28,1,0.645,0.645,0.586,2.168,0.645,0.02,0,,,,42,0,0,0,0,0,0,0,0,0,0,7,0,0,7000,7000,29,242,1346,69,42,42,69,42,44,0,39321,208,118,126,205,123,120,26222,39321
49.960,0,803,22,84,56,14.7,13.6,0.925,1,0,0,0,13,312,2.576,1,20,138.83,0,0,0,0,1,0,0,0,0,0,0,0,0,0,0,53.05,34,0.344,1,0,0,0,0,0,0,0,0,0,800,800,800,800,1090,1400,75,0.254,26.5,14.3,12.86,0,138.83,0,20,22,12.745,353.28,1,0.625,0.625,0.586,2.168,0.645,0.02,0,,,,47,0,0,0,0,0,0,0,0,0,0,7,0,0,7000,7000,29,242,1346,69,42,42,74,61,47,0,39321,208,118,126,205,126,123,26222,39321
50.020,0,809,22,84,56,14.7,13.6,0.925,1,0,0,0,12.5,312,2.584,1,20,139,0,0,0,0,1,0,0,0,0,0,0,0,0,0,0,53.05,34,0.344,1,0,0,0,0,0,0,0,0,0,800,810,800,800,1090,1400,75,0.254,26.5,14.3,12.86,0,139,0,20,22,12.745,353.28,1,0.645,0.645,0.586,2.168,0.645,0.02,0,,,,39,0,0,0,0,0,0,0,0,0,0,7,0,0,7000,7000,29,242,1346,68,39,42,74,61,47,0,39321,205,118,126,205,126,123,26222,39321
50.080,0,802,22,84,56,14.7,13.6,0.925,1,0,0,0,13,312,2.576,1,20,138.83,0,0,0,0,1,0,0,0,0,0,0,0,0,0,0,53.05,34,0.344,1,0,0,0,0,0,0,0,0,0,800,800,800,800,1090,1400,75,0.254,26.5,14.3,12.86,0,138.83,0,20,22,12.745,353.28,1,0.625,0.625,0.586,2.168,0.645,0.02,0,,,,47,0,0,0,0,0,0,0,0,0,0,7,0,0,7000,7000,29,242,1346,68,39,42,71,47,47,0,39321,205,118,126,205,126,123,26222,39321
50.140,0,805,22,84,56,14.7,13.6,0.925,1,0,0,0,12.5,312,2.584,1,20,139,0,0,0,0,1,0,0,0,0,0,0,0,0,0,0,53.05,34,0.344,1,0,0,0,0,0,0,0,0,0,800,810,800,800,1090,1400,75,0.254,26.5,14.3,12.86,0,139,0,20,22,12.745,353.28,1,0.645,0.645,0.586,2.168,0.645,0.02,0,,,,69,0,0,0,0,0,0,0,0,0,0,7,0,0,7000,7000,29,242,1346,69,39,42,71,47,47,0,39321,205,118,126,205,126,123,26222,39321
50.200,0,804,22,84,56,14.7,13.6,0.925,1,0,0,0,13,312,2.584,1,20,139,0,0,0,0,1,0,0,0,0,0,0,0,0,0,0,53.05,34,0.344,1,0,0,0,0,0,0,0,0,0,800,800,800,800,1090,1400,75,0.254,26.5,14.3,12.98,0,139,0,20,22,12.745,353.28,1,0.625,0.625,0.586,2.168,0.645,0.02,0,,,,45,0,0,0,0,0,0,0,0,0,0,7,0,0,7000,7000,29,242,1346,69,49,45,71,47,47,0,39321,205,118,126,205,126,123,26222,39321
50.260,0,803,22,84,56,14.7,13.6,0.925,1,0,0,0,13,312,2.584,1,20,139,0,0,0,0,1,0,0,0,0,0,0,0,0,0,0,53.05,34,0.344,1,0,0,0,0,0,0,0,0,0,800,800,800,800,1090,1400,75,0.254,26.5,14.3,12.98,0,139,0,20,22,12.745,353.28,1,0.645,0.645,0.586,2.168,0.645,0.02,0,,,,42,0,0,0,0,0,0,0,0,0,0,7,0,0,7000,7000,29,242,1346,69,49,45,68,37,42,0,39321,205,118,126,205,123,123,26222,39321
50.320,0,809,22,84,56,14.7,13.6,0.925,1,0,0,0,12.5,312,2.584,1,20,139,0,0,0,0,1,0,0,0,0,0,0,0,0,0,0,53.05,34,0.344,1,0,0,0,0,0,0,0,0,0,800,810,800,800,1090,1400,75,0.254,26.5,14.3,12.92,0,139,0,20,22,12.745,353.28,1,0.645,0.645,0.586,2.168,0.645,0.02,0,,,,44,0,0,0,0,0,0,0,0,0,0,7,0,0,7000,7000,29,242,1346,68,44,45,68,37,42,0,39321,205,118,126,205,123,123,26222,39321
50.381,0,816,22,84,56,14.7,13.6,0.925,1,0,0,0,12,312,2.584,1,20,139,0,0,0,0,1,0,0,0,0,0,0,0,0,0,0,53.05,34,0.344,1,0,0,0,0,0,0,0,0,0,800,820,800,800,1090,1400,75,0.254,26.5,14.3,12.81,0,139,0,20,22,12.745,353.28,1,0.645,0.645,0.586,2.168,0.645,0.02,0,,,,42,0,0,0,0,0,0,0,0,0,0,7,0,0,7000,7000,29,242,1346,68,44,42,73,42,42,0,39321,205,118,126,205,123,123,26222,39321
50.441,0,820,22,84,56,14.7,13.6,0.925,1,0,0,0,12,312,2.584,1,20,139,0,0,0,0,1,0,0,0,0,0,0,0,0,0,0,53.05,34,0.344,1,0,0,0,0,0,0,0,0,0,840,820,800,800,1090,1400,75,0.254,26.5,14.3,12.86,0,139,0,20,22,12.745,353.28,1,0.645,0.645,0.586,2.168,0.645,0.02,0,,,,81,0,0,0,0,0,0,0,0,0,0,7,0,0,7000,7000,29,242,1346,81,44,42,73,42,37,0,39321,208,118,126,205,123,120,26222,39321
50.501,0,823,22,84,56,14.7,13.6,0.925,1,0,0,0,12,312,2.568,1,21,138.67,0,0,0,0,1,0,0,0,0,0,0,0,0,0,0,52.82,34,0.344,1,0,0,0,0,0,0,0,0,0,840,820,800,800,1090,1400,75,0.254,26.5,14.3,12.69,0,138.67,0,21,22,12.745,353.28,1,0.645,0.645,0.586,2.168,0.645,0.02,0,,,,64,0,0,0,0,0,0,0,0,0,0,7,0,0,7000,7000,29,242,1346,81,44,45,64,42,37,0,39321,208,118,126,202,123,120,26222,39321
50.561,0,818,22,84,56,14.7,13.69,0.931,1,0,0,0,12,312,2.576,1,20,138.67,0,0,0,0,1,0,0,0,0,0,0,0,0,0,0,52.82,34,0.344,1,0,0,0,0,0,0,0,0,0,800,820,800,800,1090,1400,75,0.254,26.5,14.3,12.75,0,138.67,0,20,22,12.745,353.28,1,0.645,0.645,0.586,2.168,0.645,0.02,0,,,,40,0,0,0,0,0,0,0,0,0,0,7,0,0,7000,7000,29,242,1346,81,44,45,64,40,40,0,39321,208,118,126,202,123,120,26222,39321
50.621,0,818,22,84,56,14.7,13.69,0.931,1,0,0,0,12,312,2.56,1,20,138.5,0,0,0,0,1,0,0,0,0,0,0,0,0,0,0,52.82,34,0.344,1,0,0,0,0,0,0,0,0,0,800,820,800,800,1090,1400,75,0.254,26.5,14.3,12.81,0,138.5,0,20,22,12.745,353.28,1,0.625,0.625,0.586,2.168,0.645,0.02,0,,,,47,0,0,0,0,0,0,0,0,0,0,7,0,0,7000,7000,29,242,1346,90,47,47,64,40,40,0,39321,210,118,126,202,123,120,26222,39321
50.681,0,815,22,84,56,14.7,13.69,0.931,1,0,0,0,12,312,2.576,1,20,138.5,0,0,0,0,1,0,0,0,0,0,0,0,0,0,0,52.82,34,0.344,1,0,0,0,0,0,0,0,0,0,800,820,800,800,1090,1400,75,0.254,26.5,14.3,12.92,0,138.5,0,20,22,12.745,353.28,1,0.625,0.625,0.586,2.168,0.645,0.02,0,,,,47,0,0,0,0,0,0,0,0,0,0,7,0,0,7000,7000,29,242,1346,90,47,47,76,47,40,0,39321,210,118,126,205,123,120,26222,39321
50.741,0,820,22,84,56,14.7,13.69,0.931,1,0,0,0,12,312,2.576,1,20,138.5,0,0,0,0,1,0,0,0,0,0,0,0,0,0,0,52.82,34,0.344,1,0,0,0,0,0,0,0,0,0,840,820,800,800,1090,1400,75,0.254,26.5,14.3,12.92,0,138.5,0,20,22,12.745,353.28,1,0.625,0.625,0.586,2.168,0.645,0.02,0,,,,88,0,0,0,0,0,0,0,0,0,0,7,0,0,7000,7000,29,242,1346,88,47,47,76,47,44,0,39321,213,118,126,205,123,120,26222,39321
50.801,0,814,22,84,56,14.7,13.69,0.931,1,0,0,0,12.5,312,2.576,1,20,138.5,0,0,0,0,1,0,0,0,0,0,0,0,0,0,0,52.82,34,0.344,1,0,0,0,0,0,0,0,0,0,800,810,800,800,1090,1400,75,0.254,26.5,14.3,13.03,0,138.5,0,20,22,12.745,353.28,1,0.625,0.625,0.586,2.168,0.645,0.02,0,,,,79,0,0,0,0,0,0,0,0,0,0,7,0,0,7000,7000,29,242,1346,88,39,44,79,47,44,0,39321,213,118,123,208,123,120,26222,39321
50.861,0,812,22,84,56,14.7,13.69,0.931,1,0,0,0,12.5,312,2.576,1,20,138.5,0,0,0,0,1,0,0,0,0,0,0,0,0,0,0,52.82,34,0.344,1,0,0,0,0,0,0,0,0,0,800,810,800,800,1090,1400,75,0.254,26.5,14.3,13.03,0,138.5,0,20,22,12.745,353.28,1,0.645,0.645,0.586,2.168,0.645,0.02,0,,,,45,0,0,0,0,0,0,0,0,0,0,7,0,0,7000,7000,29,242,1346,88,39,44,79,45,45,0,39321,213,118,123,208,123,120,26222,39321
50.921,0,815,22,84,56,14.7,13.69,0.931,1,0,0,0,12,312,2.576,1,20,138.5,0,0,0,0,1,0,0,0,0,0,0,0,0,0,0,52.82,34,0.344,1,0,0,0,0,0,0,0,0,0,800,820,800,800,1090,1400,75,0.254,26.5,14.3,13.15,0,138.5,0,20,22,12.745,353.28,1,0.625,0.625,0.586,2.168,0.645,0.02,0,,,,39,0,0,0,0,0,0,0,0,0,0,7,0,0,7000,7000,29,242,1346,76,42,39,79,45,45,0,39321,213,118,123,208,123,120,26222,39321
50.981,0,813,22,84,56,14.7,13.63,0.927,1,0,0,0,12.5,312,2.576,1,20,138.5,0,0,0,0,1,0,0,0,0,0,0,0,0,0,0,52.82,34,0.344,1,0,0,0,0,0,0,0,0,0,800,810,800,800,1090,1400,75,0.254,26.5,14.3,13.09,0,138.5,0,20,22,12.745,353.28,1,0.625,0.625,0.586,2.168,0.645,0.02,0,,,,45,0,0,0,0,0,0,0,0,0,0,7,0,0,7000,7000,29,242,1346,76,42,39,81,45,45,0,39321,213,118,123,208,123,120,26222,39321
51.041,0,817,22,84,56,14.7,13.63,0.927,1,0,0,0,12,312,2.576,1,20,138.5,0,0,0,0,1,0,0,0,0,0,0,0,0,0,0,52.82,34,0.344,1,0,0,0,0,0,0,0,0,0,800,820,800,800,1090,1400,75,0.254,26.5,14.3,13.03,0,138.5,0,20,22,12.745,353.28,1,0.625,0.625,0.586,2.168,0.645,0.02,0,,,,49,0,0,0,0,0,0,0,0,0,0,7,0,0,7000,7000,29,242,1346,76,49,39,81,45,40,0,39321,213,118,123,208,123,120,26222,39321
51.101,0,813,22,84,56,14.7,13.6,0.925,1,0,0,0,12.5,312,2.576,1,20,138.5,0,0,0,0,1,0,0,0,0,0,0,0,0,0,0,52.82,34,0.344,1,0,0,0,0,0,0,0,0,0,800,810,800,800,1090,1400,75,0.254,26.5,14.3,12.98,0,138.5,0,20,22,12.745,353.28,1,0.645,0.645,0.586,2.168,0.645,0.02,0,,,,73,0,0,0,0,0,0,0,0,0,0,7,0,0,7000,7000,29,242,1346,76,49,47,73,45,40,0,39321,213,118,126,208,123,120,26222,39321
51.161,0,813,22,84,56,14.7,13.6,0.925,1,0,0,0,12.5,312,2.576,1,20,138.5,0,0,0,0,1,0,0,0,0,0,0,0,0,0,0,52.82,34,0.344,1,0,0,0,0,0,0,0,0,0,800,810,800,800,1090,1400,75,0.254,26.5,14.3,12.81,0,138.5,0,20,22,12.745,353.28,1,0.625,0.625,0.586,2.168,0.645,0.02,0,,,,74,0,0,0,0,0,0,0,0,0,0,7,0,0,7000,7000,29,242,1346,74,49,47,73,44,51,0,39321,213,118,126,208,123,120,26222,39321
51.221,0,814,22,84,56,14.7,13.6,0.925,1,0,0,0,12.5,312,2.576,1,20,138.5,0,0,0,0,1,0,0,0,0,0,0,0,0,0,0,52.82,34,0.344,1,0,0,0,0,0,0,0,0,0,800,810,800,800,1090,1400,75,0.254,26.5,14.3,12.86,0,138.5,0,20,22,12.745,353.28,1,0.625,0.625,0.586,2.168,0.645,0.02,0,,,,42,0,0,0,0,0,0,0,0,0,0,7,0,0,7000,7000,29,242,1346,74,51,42,73,44,51,0,39321,213,120,123,208,123,120,26222,39321
51.281,0,820,22,84,56,14.7,13.6,0.925,1,0,0,0,12,312,2.576,1,20,138.5,0,0,0,0,1,0,0,0,0,0,0,0,0,0,0,52.82,34,0.344,1,0,0,0,0,0,0,0,0,0,840,820,800,800,1090,1400,75,0.254,26.5,14.3,12.81,0,138.5,0,20,22,12.745,353.28,1,0.625,0.625,0.586,2.168,0.645,0.02,0,,,,47,0,0,0,0,0,0,0,0,0,0,7,0,0,7000,7000,29,242,1346,74,51,42,83,47,51,0,39321,213,120,123,210,123,120,26222,39321
51.341,0,825,22,84,56,14.7,13.6,0.925,1,0,0,0,11.5,312,2.56,1,21,138.5,0,0,0,0,1,0,0,0,0,0,0,0,0,0,0,52.6,34,0.344,1,0,0,0,0,0,0,0,0,0,840,830,800,800,1090,1400,75,0.254,26.5,14.3,12.81,0,138.5,0,21,22,12.745,353.28,1,0.625,0.625,0.586,2.168,0.645,0.02,0,,,,51,0,0,0,0,0,0,0,0,0,0,7,0,0,7000,7000,29,242,1346,66,51,42,83,47,44,0,39321,213,120,123,210,123,120,26222,39321
51.401,0,824,22,84,56,14.7,13.6,0.925,1,0,0,0,12,312,2.56,1,21,138.17,0,0,0,0,1,0,0,0,0,0,0,0,0,0,0,52.6,34,0.344,1,0,0,0,0,0,0,0,0,0,840,820,800,800,1090,1400,75,0.254,26.5,14.3,12.75,0,138.17,0,21,22,12.745,353.28,1,0.645,0.645,0.586,2.168,0.645,0.02,0,,,,68,0,0,0,0,0,0,0,0,0,0,7,0,0,7000,7000,29,242,1346,66,51,49,68,47,44,0,39321,213,120,123,210,123,120,26222,39321
51.461,0,821,22,84,56,14.7,13.6,0.925,1,0,0,0,12,312,2.56,1,20,138.17,0,0,0,0,1,0,0,0,0,0,0,0,0,0,0,52.6,34,0.344,1,0,0,0,0,0,0,0,0,0,840,820,800,800,1090,1400,75,0.254,26.5,14.3,12.86,0,138.17,0,20,22,12.745,353.28,1,0.645,0.645,0.586,2.168,0.645,0.02,0,,,,78,0,0,0,0,0,0,0,0,0,0,7,0,0,7000,7000,29,242,1346,78,51,49,68,49,44,0,39321,213,120,123,210,123,120,26222,39321
51.521,0,819,22,84,56,14.7,13.6,0.925,1,0,0,0,12,312,2.56,1,20,138,0,0,0,0,1,0,0,0,0,0,0,0,0,0,0,52.6,34,0.344,1,0,0,0,0,0,0,0,0,0,800,820,800,800,1090,1400,75,0.254,26.5,14.3,12.86,0,138,0,20,22,12.745,353.28,1,0.645,0.645,0.586,2.168,0.645,0.02,0,,,,44,0,0,0,0,0,0,0,0,0,0,7,0,0,7000,7000,29,242,1346,78,49,44,68,49,44,0,39321,213,123,123,210,123,120,26222,39321
51.581,0,815,22,84,56,14.7,13.6,0.925,1,0,0,0,12,312,2.568,1,20,138,0,0,0,0,1,0,0,0,0,0,0,0,0,0,0,52.6,34,0.344,1,0,0,0,0,0,0,0,0,0,800,820,800,800,1090,1400,75,0.254,26.5,14.3,12.92,0,138,0,20,22,12.745,353.28,1,0.625,0.625,0.586,2.168,0.645,0.02,0,,,,49,0,0,0,0,0,0,0,0,0,0,7,0,0,7000,7000,29,242,1346,78,49,44,79,47,49,0,39321,213,123,123,210,123,123,26222,39321
51.641,0,820,22,84,56,14.7,13.57,0.923,1,0,0,0,12,312,2.56,1,20,138,0,0,0,0,1,0,0,0,0,0,0,0,0,0,0,52.6,34,0.344,1,0,0,0,0,0,0,0,0,0,840,820,800,800,1090,1400,75,0.254,26.5,14.3,12.81,0,138,0,20,22,12.745,353.28,1,0.625,0.625,0.586,2.168,0.645,0.02,0,,,,47,0,0,0,0,0,0,0,0,0,0,7,0,0,7000,7000,29,242,1346,95,47,44,79,47,49,0,39321,216,123,123,210,123,123,26222,39321
51.701,0,819,22,84,56,14.7,13.6,0.925,1,0,0,0,12,312,2.568,1,20,138,0,0,0,0,1,0,0,0,0,0,0,0,0,0,0,52.6,34,0.344,1,0,0,0,0,0,0,0,0,0,800,820,800,800,1090,1400,75,0.254,26.5,14.3,12.81,0,138,0,20,22,12.745,353.28,1,0.645,0.645,0.586,2.168,0.645,0.02,0,,,,52,0,0,0,0,0,0,0,0,0,0,7,0,0,7000,7000,29,242,1346,95,47,40,81,52,49,0,39321,216,123,123,210,126,123,26222,39321
51.761,0,821,22,84,56,14.7,13.6,0.925,1,0,0,0,12,312,2.56,1,20,138,0,0,0,0,1,0,0,0,0,0,0,0,0,0,0,52.6,34,0.344,1,0,0,0,0,0,0,0,0,0,840,820,800,800,1090,1400,75,0.254,26.5,14.3,12.92,0,138,0,20,22,12.745,353.28,1,0.645,0.645,0.586,2.168,0.645,0.02,0,,,,85,0,0,0,0,0,0,0,0,0,0,7,0,0,7000,7000,29,242,1346,85,47,40,81,52,49,0,39321,216,123,123,210,126,123,26222,39321
51.821,0,819,22,84,56,14.7,13.6,0.925,1,0,0,0,12,312,2.568,1,20,138,0,0,0,0,1,0,0,0,0,0,0,0,0,0,0,52.6,34,0.344,1,0,0,0,0,0,0,0,0,0,800,820,800,800,1090,1400,75,0.254,26.5,14.3,12.81,0,138,0,20,22,12.745,353.28,1,0.645,0.645,0.586,2.168,0.645,0.02,0,,,,74,0,0,0,0,0,0,0,0,0,0,7,0,0,7000,7000,29,242,1346,85,44,44,74,52,49,0,39321,216,123,123,210,126,123,26222,39321
51.881,0,818,22,84,56,14.7,13.6,0.925,1,0,0,0,12,312,2.568,1,20,138,0,0,0,0,1,0,0,0,0,0,0,0,0,0,0,52.6,34,0.344,1,0,0,0,0,0,0,0,0,0,800,820,800,800,1090,1400,75,0.254,26.5,14.3,12.92,0,138,0,20,22,12.745,353.28,1,0.625,0.625,0.586,2.168,0.645,0.02,0,,,,39,0,0,0,0,0,0,0,0,0,0,7,0,0,7000,7000,29,242,1346,85,44,44,74,52,39,0,39321,216,123,123,210,129,120,26222,39321
51.940,0,817,22,84,56,14.7,13.6,0.925,1,0,0,0,12,312,2.56,1,20,138,0,0,0,0,1,0,0,0,0,0,0,0,0,0,0,52.6,34,0.344,1,0,0,0,0,0,0,0,0,0,800,820,800,800,1090,1400,75,0.254,26.5,14.3,12.81,0,138,0,20,22,12.745,353.28,1,0.625,0.625,0.586,2.168,0.645,0.02,0,,,,45,0,0,0,0,0,0,0,0,0,0,7,0,0,7000,7000,29,242,1346,85,47,45,74,52,39,0,39321,219,123,123,210,129,120,26222,39321
52.000,0,810,22,84,56,14.7,13.6,0.925,1,0,0,0,12.5,312,2.568,1,20,138.17,0,0,0,0,1,0,0,0,0,0,0,0,0,0,0,52.82,34,0.344,1,0,0,0,0,0,0,0,0,0,800,810,800,800,1090,1400,75,0.254,26.5,14.3,12.92,0,138.17,0,20,22,12.745,353.28,1,0.625,0.625,0.586,2.168,0.645,0.02,0,,,,42,0,0,0,0,0,0,0,0,0,0,7,0,0,7000,7000,29,242,1346,85,47,45,74,42,39,0,39321,219,123,123,210,129,120,26222,39321
52.061,0,811,22,84,56,14.7,13.63,0.927,1,0,0,0,12.5,312,2.568,1,20,138.17,0,0,0,0,1,0,0,0,0,0,0,0,0,0,0,52.82,34,0.344,1,0,0,0,0,0,0,0,0,0,800,810,800,800,1090,1400,75,0.254,26.5,14.3,12.92,0,138.17,0,20,22,12.745,353.28,1,0.625,0.625,0.586,2.168,0.645,0.02,0,,,,71,0,0,0,0,0,0,0,0,0,0,7,0,0,7000,7000,29,242,1346,71,47,45,74,42,40,0,39321,216,123,123,210,129,120,26222,39321
52.121,0,805,22,84,56,14.7,13.63,0.927,1,0,0,0,12.5,312,2.576,1,20,138.33,0,0,0,0,1,0,0,0,0,0,0,0,0,0,0,52.82,34,0.344,1,0,0,0,0,0,0,0,0,0,800,810,800,800,1090,1400,75,0.254,26.5,14.3,13.09,0,138.33,0,20,22,12.745,353.28,1,0.625,0.625,0.586,2.168,0.645,0.02,0,,,,69,0,0,0,0,0,0,0,0,0,0,7,0,0,7000,7000,29,242,1346,71,51,44,69,42,40,0,39321,216,126,123,208,129,120,26222,39321
52.181,0,804,22,84,56,14.7,13.63,0.927,1,0,0,0,13,312,2.576,1,20,138.5,0,0,0,0,1,0,0,0,0,0,0,0,0,0,0,52.82,34,0.344,1,0,0,0,0,0,0,0,0,0,800,800,800,800,1090,1400,75,0.254,26.5,14.3,13.03,0,138.5,0,20,22,12.745,353.28,1,0.645,0.645,0.586,2.168,0.645,0.02,0,,,,37,0,0,0,0,0,0,0,0,0,0,7,0,0,7000,7000,29,242,1346,71,51,44,69,45,37,0,39321,216,126,123,208,129,120,26222,39321
52.240,0,799,22,84,56,14.7,13.6,0.925,1,0,0,0,13,312,2.576,1,20,138.5,0,0,0,0,1,0,0,0,0,0,0,0,0,0,0,52.82,34,0.344,1,0,0,0,0,0,0,0,0,0,800,800,800,800,1090,1400,75,0.254,26.5,14.3,12.98,0,138.5,0,20,22,12.745,353.28,1,0.645,0.645,0.586,2.168,0.645,0.02,0,,,,39,0,0,0,0,0,0,0,0,0,0,7,0,0,7000,7000,29,242,1346,66,51,39,69,45,37,0,39321,213,129,120,208,129,120,26222,39321
52.300,0,801,22,84,56,14.7,13.63,0.927,1,0,0,0,13,312,2.576,1,20,138.5,0,0,0,0,1,0,0,0,0,0,0,0,0,0,0,52.82,34,0.344,1,0,0,0,0,0,0,0,0,0,800,800,800,800,1090,1400,75,0.254,26.5,14.3,12.98,0,138.5,0,20,22,12.745,353.28,1,0.645,0.645,0.586,2.168,0.645,0.02,0,,,,37,0,0,0,0,0,0,0,0,0,0,7,0,0,7000,7000,29,242,1346,66,51,39,88,37,37,0,39321,213,129,120,210,129,120,26222,39321
52.361,0,807,22,84,56,14.7,13.63,0.927,1,0,0,0,12.5,312,2.576,1,20,138.67,0,0,0,0,1,0,0,0,0,0,0,0,0,0,0,53.05,34,0.344,1,0,0,0,0,0,0,0,0,0,800,810,800,800,1090,1400,75,0.254,26.5,14.3,12.98,0,138.67,0,20,22,12.745,353.28,1,0.645,0.645,0.586,2.148,0.645,0.02,0,,,,61,0,0,0,0,0,0,0,0,0,0,7,0,0,7000,7000,29,242,1346,61,51,39,88,37,37,0,39321,210,129,120,210,129,118,26222,39321
52.421,0,799,22,84,56,14.7,13.63,0.927,1,0,0,0,13,312,2.576,1,20,138.83,0,0,0,0,1,0,0,0,0,0,0,0,0,0,0,53.05,34,0.344,1,0,0,0,0,0,0,0,0,0,800,800,800,800,1090,1400,75,0.254,26.5,14.3,12.81,0,138.83,0,20,22,12.745,353.28,1,0.625,0.625,0.586,2.148,0.645,0.02,0,,,,79,0,0,0,0,0,0,0,0,0,0,7,0,0,7000,7000,29,242,1346,61,49,47,79,37,37,0,39321,210,129,123,210,129,118,26222,39321
52.480,0,796,22,84,56,14.7,13.63,0.927,1,0,0,0,13,312,2.576,1,20,138.83,0,0,0,0,1,0,0,0,0,0,0,0,0,0,0,53.05,34,0.344,1,0,0,0,0,0,0,0,0,0,800,800,800,800,1090,1400,75,0.254,26.5,14.3,12.81,0,138.83,0,20,22,12.745,353.28,1,0.625,0.625,0.586,2.148,0.645,0.02,0,,,,42,0,0,0,0,0,0,0,0,0,0,7,0,0,7000,7000,29,242,1346,61,49,47,79,42,42,0,39321,210,129,123,210,129,118,26222,39321
52.540,0,798,22,84,56,14.7,13.63,0.927,1,0,0,0,13,312,2.584,1,20,139,0,0,0,0,1,0,0,0,0,0,0,0,0,0,0,53.05,34,0.344,1,0,0,0,0,0,0,0,0,0,800,800,800,800,1090,1400,75,0.254,26.5,14.3,12.81,0,139,0,20,22,12.745,353.28,1,0.645,0.645,0.586,2.148,0.645,0.02,0,,,,39,0,0,0,0,0,0,0,0,0,0,7,0,0,7000,7000,29,242,1346,59,49,39,79,42,42,0,39321,208,129,123,210,129,118,26222,39321
52.600,0,797,22,84,56,14.7,13.69,0.931,1,0,0,0,13,312,2.584,1,20,139,0,0,0,0,1,0,0,0,0,0,0,0,0,0,0,53.05,34,0.344,1,0,0,0,0,0,0,0,0,0,800,800,800,800,1090,1400,75,0.254,26.5,14.3,12.81,0,139,0,20,22,12.745,353.28,1,0.645,0.645,0.586,2.148,0.645,0.02,0,,,,39,0,0,0,0,0,0,0,0,0,0,7,0,0,7000,7000,29,242,1346,59,49,39,69,39,42,0,39321,208,129,123,208,129,118,26222,39321
52.661,0,801,22,84,56,14.7,13.69,0.931,1,0,0,0,13,312,2.584,1,20,139,0,0,0,0,1,0,0,0,0,0,0,0,0,0,0,53.05,34,0.344,1,0,0,0,0,0,0,0,0,0,800,800,800,800,1090,1400,75,0.254,26.5,14.3,12.81,0,139,0,20,22,12.745,353.28,1,0.645,0.645,0.586,2.148,0.645,0.02,0,,,,62,0,0,0,0,0,0,0,0,0,0,7,0,0,7000,7000,29,242,1346,62,49,39,69,39,45,0,39321,205,129,123,208,129,118,26222,39321
52.721,0,800,22,84,56,14.7,13.63,0.927,1,0,0,0,13,312,2.584,1,20,139,0,0,0,0,1,0,0,0,0,0,0,0,0,0,0,53.05,34,0.344,1,0,0,0,0,0,0,0,0,0,800,800,800,800,1090,1400,75,0.254,26.5,14.3,12.75,0,139,0,20,22,12.745,353.28,1,0.645,0.645,0.586,2.148,0.645,0.02,0,,,,71,0,0,0,0,0,0,0,0,0,0,7,0,0,7000,7000,29,242,1346,62,40,45,71,39,45,0,39321,205,129,123,208,129,118,26222,39321
52.780,0,803,22,84,56,14.7,13.6,0.925,1,0,0,0,13,312,2.584,1,20,139,0,0,0,0,1,0,0,0,0,0,0,0,0,0,0,53.05,34,0.344,1,0,0,0,0,0,0,0,0,0,800,800,800,800,1090,1400,75,0.254,26.5,14.3,12.92,0,139,0,20,22,12.745,353.28,1,0.625,0.625,0.586,2.148,0.645,0.02,0,,,,45,0,0,0,0,0,0,0,0,0,0,7,0,0,7000,7000,29,242,1346,62,40,45,71,42,45,0,39321,205,129,123,208,126,120,26222,39321
52.840,0,809,22,84,56,14.7,13.6,0.925,1,0,0,0,12.5,312,2.584,1,20,139,0,0,0,0,1,0,0,0,0,0,0,0,0,0,0,53.05,34,0.344,1,0,0,0,0,0,0,0,0,0,800,810,800,800,1090,1400,75,0.254,26.5,14.3,12.81,0,139,0,20,22,12.745,353.28,1,0.645,0.645,0.586,2.148,0.645,0.02,0,,,,40,0,0,0,0,0,0,0,0,0,0,7,0,0,7000,7000,29,242,1346,62,49,40,71,42,45,0,39321,202,129,123,208,126,120,26222,39321
52.900,0,808,22,84,56,14.7,13.6,0.925,1,0,0,0,12.5,312,2.584,1,20,139,0,0,0,0,1,0,0,0,0,0,0,0,0,0,0,53.05,34,0.344,1,0,0,0,0,0,0,0,0,0,800,810,800,800,1090,1400,75,0.254,26.5,14.3,12.92,0,139,0,20,22,12.745,353.28,1,0.664,0.664,0.586,2.148,0.645,0.02,0,,,,40,0,0,0,0,0,0,0,0,0,0,7,0,0,7000,7000,29,242,1346,62,49,40,79,40,45,0,39321,202,129,123,208,126,120,26222,39321
52.960,0,811,22,84,56,14.7,13.6,0.925,1,0,0,0,12.5,312,2.584,1,20,139,0,0,0,0,1,0,0,0,0,0,0,0,0,0,0,53.05,34,0.344,1,0,0,0,0,0,0,0,0,0,800,810,800,800,1090,1400,75,0.254,26.5,14.3,12.86,0,139,0,20,22,12.745,353.28,1,0.645,0.645,0.586,2.148,0.645,0.02,0,,,,47,0,0,0,0,0,0,0,0,0,0,7,0,0,7000,7000,29,242,1346,74,47,40,79,40,45,0,39321,202,129,123,208,126,120,26222,39321
53.020,0,816,22,84,56,14.7,13.69,0.931,1,0,0,0,12,312,2.584,1,20,139,0,0,0,0,1,0,0,0,0,0,0,0,0,0,0,53.05,34,0.344,1,0,0,0,0,0,0,0,0,0,800,820,800,800,1090,1400,75,0.254,26.5,14.3,12.92,0,139,0,20,22,12.745,353.28,1,0.625,0.625,0.586,2.148,0.645,0.02,0,,,,79,0,0,0,0,0,0,0,0,0,0,7,0,0,7000,7000,29,242,1346,74,47,47,79,40,45,0,39321,202,129,123,210,126,120,26222,39321
53.080,0,816,22,84,56,14.7,13.69,0.931,1,0,0,0,12,312,2.576,1,20,138.83,0,0,0,0,1,0,0,0,0,0,0,0,0,0,0,52.82,34,0.344,1,0,0,0,0,0,0,0,0,0,800,820,800,800,1090,1400,75,0.254,26.5,14.3,12.86,0,138.83,0,20,22,12.745,353.28,1,0.625,0.625,0.586,2.148,0.645,0.02,0,,,,42,0,0,0,0,0,0,0,0,0,0,7,0,0,7000,7000,29,242,1346,74,47,47,79,44,42,0,39321,202,129,123,210,126,120,26222,39321
53.140,0,819,22,84,56,14.7,13.69,0.931,1,0,0,0,12,312,2.568,1,20,138.67,0,0,0,0,1,0,0,0,0,0,0,0,0,0,0,52.82,34,0.344,1,0,0,0,0,0,0,0,0,0,800,820,800,800,1090,1400,75,0.254,26.5,14.3,12.98,0,138.67,0,20,22,12.745,353.28,1,0.625,0.625,0.586,2.148,0.645,0.02,0,,,,42,0,0,0,0,0,0,0,0,0,0,7,0,0,7000,7000,29,242,1346,85,49,42,79,44,42,0,39321,202,132,120,210,126,120,26222,39321
53.200,0,823,22,84,56,14.7,13.72,0.933,1,0,0,0,12,312,2.576,1,21,138.67,0,0,0,0,1,0,0,0,0,0,0,0,0,0,0,52.82,34,0.344,1,0,0,0,0,0,0,0,0,0,840,820,800,800,1090,1400,75,0.254,26.5,14.3,12.98,0,138.67,0,21,22,12.745,353.28,1,0.645,0.645,0.586,2.148,0.645,0.02,0,,,,44,0,0,0,0,0,0,0,0,0,0,7,0,0,7000,7000,29,242,1346,85,49,42,64,44,42,0,39321,202,132,120,210,126,120,26222,39321
53.260,0,819,22,84,56,14.7,13.69,0.931,1,0,0,0,12,312,2.576,1,20,138.5,0,0,0,0,1,0,0,0,0,0,0,0,0,0,0,52.82,34,0.344,1,0,0,0,0,0,0,0,0,0,800,820,800,800,1090,1400,75,0.254,26.5,14.3,12.81,0,138.5,0,20,22,12.745,353.28,1,0.625,0.625,0.586,2.148,0.645,0.02,0,,,,47,0,0,0,0,0,0,0,0,0,0,7,0,0,7000,7000,29,242,1346,93,47,42,64,44,47,0,39321,205,132,120,210,126,120,26222,39321
53.320,0,819,22,84,56,14.7,13.69,0.931,1,0,0,0,12,312,2.576,1,20,138.5,0,0,0,0,1,0,0,0,0,0,0,0,0,0,0,52.82,34,0.344,1,0,0,0,0,0,0,0,0,0,800,820,800,800,1090,1400,75,0.254,26.5,14.3,12.92,0,138.5,0,20,22,12.745,353.28,1,0.625,0.625,0.586,2.148,0.645,0.02,0,,,,69,0,0,0,0,0,0,0,0,0,0,7,0,0,7000,7000,29,242,1346,93,47,45,69,44,47,0,39321,205,132,120,210,126,120,26222,39321
53.380,0,819,22,84,56,14.7,13.69,0.931,1,0,0,0,12,312,2.576,1,20,138.5,0,0,0,0,1,0,0,0,0,0,0,0,0,0,0,52.82,34,0.344,1,0,0,0,0,0,0,0,0,0,800,820,800,800,1090,1400,75,0.254,26.5,14.3,13.09,0,138.5,0,20,22,12.745,353.28,1,0.625,0.625,0.586,2.148,0.645,0.02,0,,,,95,0,0,0,0,0,0,0,0,0,0,7,0,0,7000,7000,29,242,1346,95,47,45,69,39,45,0,39321,208,132,120,210,126,120,26222,39321
53.440,0,815,22,84,56,14.7,13.63,0.927,1,0,0,0,12,312,2.576,1,20,138.5,0,0,0,0,1,0,0,0,0,0,0,0,0,0,0,52.82,34,0.344,1,0,0,0,0,0,0,0,0,0,800,820,800,800,1090,1400,75,0.254,26.5,14.3,13.09,0,138.5,0,20,22,12.745,353.28,1,0.625,0.625,0.586,2.148,0.645,0.02,0,,,,40,0,0,0,0,0,0,0,0,0,0,7,0,0,7000,7000,29,242,1346,95,47,40,69,39,45,0,39321,208,132,120,210,126,120,26222,39321
53.500,0,818,22,84,56,14.7,13.63,0.927,1,0,0,0,12,312,2.576,1,20,138.5,0,0,0,0,1,0,0,0,0,0,0,0,0,0,0,52.82,34,0.344,1,0,0,0,0,0,0,0,0,0,800,820,800,800,1090,1400,75,0.254,26.5,14.3,12.98,0,138.5,0,20,22,12.745,353.28,1,0.625,0.625,0.586,2.148,0.645,0.02,0,,,,47,0,0,0,0,0,0,0,0,0,0,7,0,0,7000,7000,29,242,1346,95,47,40,74,47,47,0,39321,208,132,120,210,126,120,26222,39321
53.560,0,822,22,84,56,14.7,13.63,0.927,1,0,0,0,12,312,2.56,1,20,138.5,0,0,0,0,1,0,0,0,0,0,0,0,0,0,0,52.6,34,0.344,1,0,0,0,0,0,0,0,0,0,840,820,800,800,1090,1400,75,0.254,26.5,14.3,12.92,0,138.5,0,20,22,12.745,353.28,1,0.645,0.645,0.586,2.148,0.645,0.02,0,,,,54,0,0,0,0,0,0,0,0,0,0,7,0,0,7000,7000,29,242,1346,93,54,40,74,47,47,0,39321,210,135,120,210,126,120,26222,39321
53.620,0,822,22,84,56,14.7,13.63,0.927,1,0,0,0,12,312,2.56,1,20,138.17,0,0,0,0,1,0,0,0,0,0,0,0,0,0,0,52.6,34,0.344,1,0,0,0,0,0,0,0,0,0,840,820,800,800,1090,1400,75,0.254,26.5,14.3,12.92,0,138.17,0,20,22,12.745,353.28,1,0.625,0.625,0.586,2.148,0.645,0.02,0,,,,44,0,0,0,0,0,0,0,0,0,0,7,0,0,7000,7000,29,242,1346,93,54,39,78,44,47,0,39321,210,135,120,210,126,120,26222,39321
53.680,0,828,22,84,56,14.7,13.63,0.927,1,0,0,0,11.5,312,2.56,1,21,138.17,0,0,0,0,1,0,0,0,0,0,0,0,0,0,0,52.6,34,0.344,1,0,0,0,0,0,0,0,0,0,840,830,800,800,1090,1400,75,0.254,26.5,14.3,12.92,0,138.17,0,21,21,12.745,353.28,1,0.645,0.645,0.586,2.148,0.645,0.02,0,,,,78,0,0,0,0,0,0,0,0,0,0,7,0,0,7000,7000,29,242,1346,78,54,39,78,44,40,0,39321,210,135,120,210,126,120,26222,39321
53.740,0,826,21,84,56,14.7,13.63,0.927,1,0,0,0,11.5,312,2.544,1,20,136.83,0,0,0,0,1,0,0,0,0,0,0,0,0,0,0,52.6,34,0.344,1,0,0,0,0,0,0,0,0,0,840,830,800,800,1090,1400,75,0.254,26.5,14.3,12.86,0,136.83,0,20,21,12.745,353.28,1,0.625,0.625,0.586,2.148,0.645,0.02,0,,,,76,0,0,0,0,0,0,0,0,0,0,7,0,0,7000,7000,29,242,1346,78,56,45,76,44,40,0,39321,210,135,120,210,126,120,26222,39321
53.800,0,829,21,84,56,14.7,13.63,0.927,1,0,0,0,11.5,312,2.536,1,20,136.33,0,0,0,0,1,0,0,0,0,0,0,0,0,0,0,52.37,34,0.344,1,0,0,0,0,0,0,0,0,0,840,830,800,800,1090,1400,75,0.254,26.5,14.3,12.75,0,136.33,0,20,21,12.745,353.28,1,0.625,0.625,0.586,2.148,0.645,0.02,0,,,,42,0,0,0,0,0,0,0,0,0,0,7,0,0,7000,7000,29,242,1346,78,56,45,76,49,42,0,39321,210,135,120,210,129,120,26222,39321
53.860,0,817,21,84,56,14.7,13.69,0.931,1,0,0,0,12,312,2.528,1,20,135.5,0,0,0,0,1,0,0,0,0,0,0,0,0,0,0,52.15,33,0.344,1,0,0,0,0,0,0,0,0,0,800,820,800,800,1090,1400,75,0.254,27,14.3,12.81,0,135.5,0,20,21,12.745,353.28,1,0.625,0.625,0.586,2.148,0.645,0.02,0,,,,40,0,0,0,0,0,0,0,0,0,0,7,0,0,7000,7000,29,242,1346,74,39,40,76,49,42,0,39321,210,132,120,210,129,120,26222,39321
53.920,0,813,21,84,56,14.7,13.69,0.931,1,0,0,0,12.5,312,2.536,1,20,135.33,0,0,0,0,1,0,0,0,0,0,0,0,0,0,0,52.15,33,0.344,1,0,0,0,0,0,0,0,0,0,800,810,800,800,1090,1400,75,0.254,27,14.3,12.86,0,135.33,0,20,21,12.745,353.28,1,0.625,0.625,0.586,2.148,0.645,0.02,0,,,,44,0,0,0,0,0,0,0,0,0,0,7,0,0,7000,7000,29,242,1346,74,39,40,66,44,42,0,39321,210,132,120,208,129,120,26222,39321
53.980,0,806,21,84,56,14.7,13.69,0.931,1,0,0,0,12.5,312,2.536,1,20,135.17,0,0,0,0,1,0,0,0,0,0,0,0,0,0,0,52.15,33,0.344,1,0,0,0,0,0,0,0,0,0,800,810,800,800,1090,1400,75,0.254,27,14.3,12.86,0,135.17,0,20,21,12.745,353.28,1,0.625,0.625,0.586,2.148,0.645,0.02,0,,,,88,0,0,0,0,0,0,0,0,0,0,7,0,0,7000,7000,29,242,1346,88,39,40,66,44,44,0,39321,213,132,120,208,129,120,26222,39321
54.040,0,800,21,84,56,14.7,13.6,0.925,1,0,0,0,13,312,2.536,1,19,135,0,0,0,0,1,0,0,0,0,0,0,0,0,0,0,52.15,33,0.344,1,0,0,0,0,0,0,0,0,0,800,800,800,800,1090,1400,75,0.254,27,14.3,13.09,0,135,0,19,21,12.745,353.28,1,0.625,0.625,0.586,2.148,0.645,0.02,0,,,,83,0,0,0,0,0,0,0,0,0,0,7,0,0,7000,7000,29,242,1346,88,45,45,83,44,44,0,39321,213,132,120,210,129,120,26222,39321
54.100,0,797,21,84,56,14.7,13.6,0.925,1,0,0,0,13,312,2.536,1,19,135,0,0,0,0,1,0,0,0,0,0,0,0,0,0,0,52.15,33,0.344,1,0,0,0,0,0,0,0,0,0,800,800,800,800,1090,1400,75,0.254,27,14.3,13.03,0,135,0,19,21,12.745,353.28,1,0.645,0.645,0.586,2.148,0.645,0.02,0,,,,39,0,0,0,0,0,0,0,0,0,0,7,0,0,7000,7000,29,242,1346,88,45,45,83,35,39,0,39321,213,132,120,210,126,120,26222,39321
54.160,0,796,21,84,56,14.7,13.57,0.923,1,0,0,0,13,312,2.536,1,19,135,0,0,0,0,1,0,0,0,0,0,0,0,0,0,0,52.15,33,0.344,1,0,0,0,0,0,0,0,0,0,800,800,800,800,1090,1400,75,0.254,27,14.3,12.98,0,135,0,19,21,12.745,353.28,1,0.625,0.625,0.586,2.148,0.645,0.02,0,,,,37,0,0,0,0,0,0,0,0,0,0,7,0,0,7000,7000,29,242,1346,81,49,37,83,35,39,0,39321,213,132,120,210,126,120,26222,39321
54.220,0,796,21,84,56,14.7,13.57,0.923,1,0,0,0,13,312,2.536,1,19,135.33,0,0,0,0,1,0,0,0,0,0,0,0,0,0,0,52.37,34,0.344,1,0,0,0,0,0,0,0,0,0,800,800,800,800,1090,1400,75,0.254,26.5,14.3,13.03,0,135.33,0,19,21,12.745,353.28,1,0.625,0.625,0.586,2.148,0.645,0.02,0,,,,30,0,0,0,0,0,0,0,0,0,0,7,0,0,7000,7000,29,242,1346,81,49,37,71,30,39,0,39321,213,132,120,208,126,120,26222,39321
54.280,0,795,21,84,56,14.7,13.57,0.923,1,0,0,0,13,312,2.536,1,19,135.33,0,0,0,0,1,0,0,0,0,0,0,0,0,0,0,52.37,34,0.344,1,0,0,0,0,0,0,0,0,0,800,800,800,800,1090,1400,75,0.254,26.5,14.3,13.03,0,135.33,0,19,21,12.745,353.28,1,0.625,0.625,0.586,2.148,0.645,0.02,0,,,,61,0,0,0,0,0,0,0,0,0,0,7,0,0,7000,7000,29,242,1346,61,49,37,71,30,42,0,39321,213,132,120,208,126,118,26222,39321
54.340,0,795,21,84,56,14.7,13.57,0.923,1,0,0,0,13,312,2.536,1,19,135.5,0,0,0,0,1,0,0,0,0,0,0,0,0,0,0,52.37,34,0.344,1,0,0,0,0,0,0,0,0,0,800,800,800,800,1090,1400,75,0.254,26.5,14.3,12.98,0,135.5,0,19,21,12.745,353.28,1,0.625,0.625,0.586,2.148,0.645,0.02,0,,,,81,0,0,0,0,0,0,0,0,0,0,7,0,0,7000,7000,29,242,1346,61,51,42,81,30,42,0,39321,213,132,120,208,126,118,26222,39321
54.400,0,792,21,84,56,14.7,13.57,0.923,1,0,0,0,14,312,2.536,1,19,135.5,0,0,0,0,1,0,0,0,0,0,0,0,0,0,0,52.37,34,0.344,1,0,0,0,0,0,0,0,0,0,800,790,800,800,1090,1400,75,0.254,26.5,14.3,12.86,0,135.5,0,19,21,12.745,353.28,1,0.625,0.625,0.586,2.148,0.645,0.02,0,,,,39,0,0,0,0,0,0,0,0,0,0,7,0,0,7000,7000,29,242,1346,61,51,42,81,35,39,0,39321,213,132,120,208,126,115,26222,39321
54.460,0,792,21,84,56,14.7,13.57,0.923,1,0,0,0,14,312,2.536,1,19,135.5,0,0,0,0,1,0,0,0,0,0,0,0,0,0,0,52.37,34,0.344,1,0,0,0,0,0,0,0,0,0,800,790,800,800,1090,1400,75,0.254,26.5,14.3,12.86,0,135.5,0,19,21,12.745,353.28,1,0.625,0.625,0.586,2.148,0.645,0.02,0,,,,47,0,0,0,0,0,0,0,0,0,0,7,0,0,7000,7000,29,242,1346,64,47,42,81,35,39,0,39321,213,132,120,208,126,115,26222,39321
54.520,0,792,21,84,56,14.7,13.6,0.925,1,0,0,0,14,312,2.536,1,19,135.5,0,0,0,0,1,0,0,0,0,0,0,0,0,0,0,52.37,34,0.344,1,0,0,0,0,0,0,0,0,0,800,790,800,800,1090,1400,75,0.254,26.5,14.3,12.92,0,135.5,0,19,21,12.745,353.28,1,0.625,0.625,0.586,2.148,0.645,0.02,0,,,,37,0,0,0,0,0,0,0,0,0,0,7,0,0,7000,7000,29,242,1346,64,47,37,64,37,39,0,39321,213,132,118,208,123,115,26222,39321
54.580,0,789,21,84,56,14.7,13.6,0.925,1,0,0,0,14,312,2.536,1,19,135.5,0,0,0,0,1,0,0,0,0,0,0,0,0,0,0,52.37,34,0.344,1,0,0,0,0,0,0,0,0,0,800,790,800,800,1090,1400,75,0.254,26.5,14.3,12.86,0,135.5,0,19,21,12.745,353.28,1,0.625,0.625,0.586,2.148,0.645,0.02,0,,,,57,0,0,0,0,0,0,0,0,0,0,7,0,0,7000,7000,29,242,1346,57,47,37,64,37,42,0,39321,210,132,118,208,123,115,26222,39321
54.640,0,787,21,84,56,14.7,13.6,0.925,1,0,0,0,14,312,2.544,1,19,135.83,0,0,0,0,1,0,0,0,0,0,0,0,0,0,0,52.6,34,0.344,1,0,0,0,0,0,0,0,0,0,800,790,800,800,1090,1400,75,0.254,26.5,14.3,12.81,0,135.83,0,19,21,12.745,353.28,1,0.625,0.625,0.586,2.148,0.645,0.02,0,,,,69,0,0,0,0,0,0,0,0,0,0,7,0,0,7000,7000,29,242,1346,57,49,42,69,37,42,0,39321,210,132,118,208,123,115,26222,39321
54.700,0,785,21,84,56,14.7,13.57,0.923,1,0,0,0,14,312,2.544,1,19,135.83,0,0,0,0,1,0,0,0,0,0,0,0,0,0,0,52.6,34,0.344,1,0,0,0,0,0,0,0,0,0,800,790,800,800,1090,1400,75,0.254,26.5,14.3,12.92,0,135.83,0,19,21,12.745,353.28,1,0.625,0.625,0.586,2.148,0.645,0.02,0,,,,42,0,0,0,0,0,0,0,0,0,0,7,0,0,7000,7000,29,242,1346,57,49,42,69,42,42,0,39321,210,132,118,208,123,115,26222,39321
54.760,0,789,21,84,56,14.7,13.57,0.923,1,0,0,0,14,312,2.544,1,19,136,0,0,0,0,1,0,0,0,0,0,0,0,0,0,0,52.6,34,0.344,1,0,0,0,0,0,0,0,0,0,800,790,800,800,1090,1400,75,0.254,26.5,14.3,12.86,0,136,0,19,21,12.745,353.28,1,0.625,0.625,0.586,2.148,0.645,0.02,0,,,,47,0,0,0,0,0,0,0,0,0,0,7,0,0,7000,7000,29,242,1346,54,47,42,69,42,42,0,39321,205,132,118,208,123,115,26222,39321
54.820,0,788,21,84,56,14.7,13.57,0.923,1,0,0,0,14,312,2.544,1,19,136,0,0,0,0,1,0,0,0,0,0,0,0,0,0,0,52.6,34,0.344,1,0,0,0,0,0,0,0,0,0,800,790,800,800,1090,1400,75,0.254,26.5,14.3,12.81,0,136,0,19,21,12.745,353.28,1,0.625,0.625,0.586,2.148,0.645,0.02,0,,,,32,0,0,0,0,0,0,0,0,0,0,7,0,0,7000,7000,29,242,1346,54,47,45,66,32,42,0,39321,205,132,120,205,120,115,26222,39321
54.880,0,793,21,84,56,14.7,13.57,0.923,1,0,0,0,14,312,2.544,1,19,136,0,0,0,0,1,0,0,0,0,0,0,0,0,0,0,52.6,34,0.344,1,0,0,0,0,0,0,0,0,0,800,790,800,800,1090,1400,75,0.254,26.5,14.3,12.86,0,136,0,19,21,12.745,353.28,1,0.645,0.645,0.586,2.148,0.645,0.02,0,,,,57,0,0,0,0,0,0,0,0,0,0,7,0,0,7000,7000,29,242,1346,57,47,45,66,32,47,0,39321,202,132,120,205,120,118,26222,39321
54.940,0,788,21,84,56,14.7,13.57,0.923,1,0,0,0,14,312,2.544,1,19,136,0,0,0,0,1,0,0,0,0,0,0,0,0,0,0,52.6,34,0.344,1,0,0,0,0,0,0,0,0,0,800,790,800,800,1090,1400,75,0.254,26.5,14.3,12.86,0,136,0,19,21,12.745,353.28,1,0.625,0.625,0.586,2.148,0.645,0.02,0,,,,44,0,0,0,0,0,0,0,0,0,0,7,0,0,7000,7000,29,242,1346,57,52,44,66,32,47,0,39321,202,132,120,205,120,118,26222,39321
55.000,0,794,21,84,56,14.7,13.57,0.923,1,0,0,0,14,312,2.544,1,19,136,0,0,0,0,1,0,0,0,0,0,0,0,0,0,0,52.6,34,0.344,1,0,0,0,0,0,0,0,0,0,800,790,800,800,1090,1400,75,0.254,26.5,14.3,12.69,0,136,0,19,21,12.745,353.28,1,0.625,0.625,0.586,2.148,0.645,0.02,0,,,,45,0,0,0,0,0,0,0,0,0,0,7,0,0,7000,7000,29,242,1346,57,52,44,73,39,45,0,39321,202,132,120,205,120,118,26222,39321
55.060,0,798,21,84,56,14.7,13.57,0.923,1,0,0,0,13,312,2.544,1,20,136,0,0,0,0,1,0,0,0,0,0,0,0,0,0,0,52.6,34,0.344,1,0,0,0,0,0,0,0,0,0,800,800,800,800,1090,1400,75,0.254,26.5,14.3,12.69,0,136,0,20,21,12.745,353.28,1,0.625,0.625,0.586,2.148,0.645,0.02,0,,,,52,0,0,0,0,0,0,0,0,0,0,7,0,0,7000,7000,29,242,1346,64,52,44,73,39,45,0,39321,202,132,120,205,120,118,26222,39321
55.120,0,794,21,84,56,14.7,13.57,0.923,1,0,0,0,14,312,2.544,1,19,136,0,0,0,0,1,0,0,0,0,0,0,0,0,0,0,52.6,34,0.344,1,0,0,0,0,0,0,0,0,0,800,790,800,800,1090,1400,75,0.254,26.5,14.3,12.75,0,136,0,19,21,12.745,353.28,1,0.625,0.625,0.586,2.148,0.645,0.02,0,,,,35,0,0,0,0,0,0,0,0,0,0,7,0,0,7000,7000,29,242,1346,64,52,42,64,35,45,0,39321,202,132,120,202,120,118,26222,39321
55.180,0,791,21,84,56,14.7,13.6,0.925,1,0,0,0,14,312,2.544,1,19,136,0,0,0,0,1,0,0,0,0,0,0,0,0,0,0,52.6,34,0.344,1,0,0,0,0,0,0,0,0,0,800,790,800,800,1090,1400,75,0.254,26.5,14.3,12.81,0,136,0,19,21,12.745,353.28,1,0.625,0.625,0.586,2.148,0.645,0.02,0,,,,64,0,0,0,0,0,0,0,0,0,0,7,0,0,7000,7000,29,242,1346,64,52,42,64,35,45,0,39321,199,132,120,202,120,118,26222,39321
55.240,0,789,21,84,56,14.7,13.6,0.925,1,0,0,0,14,312,2.544,1,19,135.67,0,0,0,0,1,0,0,0,0,0,0,0,0,0,0,52.37,34,0.344,1,0,0,0,0,0,0,0,0,0,800,790,800,800,1090,1400,75,0.254,26.5,14.3,12.86,0,135.67,0,19,21,12.745,353.28,1,0.645,0.645,0.586,2.148,0.645,0.02,0,,,,45,0,0,0,0,0,0,0,0,0,0,7,0,0,7000,7000,29,242,1346,64,49,45,64,35,45,0,39321,199,135,120,202,120,118,26222,39321
55.300,0,786,21,84,56,14.7,13.6,0.925,1,0,0,0,14,312,2.552,1,19,135.83,0,0,0,0,1,0,0,0,0,0,0,0,0,0,0,52.6,34,0.344,1,0,0,0,0,0,0,0,0,0,800,790,800,800,1090,1400,75,0.254,26.5,14.3,13.09,0,135.83,0,19,21,12.745,353.28,1,0.625,0.625,0.586,2.148,0.645,0.02,0,,,,47,0,0,0,0,0,0,0,0,0,0,7,0,0,7000,7000,29,242,1346,64,49,45,78,35,47,0,39321,199,135,120,202,120,118,26222,39321
55.360,0,789,21,84,56,14.7,13.6,0.925,1,0,0,0,14,312,2.544,1,19,136,0,0,0,0,1,0,0,0,0,0,0,0,0,0,0,52.6,34,0.344,1,0,0,0,0,0,0,0,0,0,800,790,800,800,1090,1400,75,0.254,26.5,14.3,12.86,0,136,0,19,21,12.745,353.28,1,0.625,0.625,0.586,2.148,0.645,0.02,0,,,,56,0,0,0,0,0,0,0,0,0,0,7,0,0,7000,7000,29,242,1346,59,56,45,78,35,47,0,39321,196,137,120,202,120,118,26222,39321
55.420,0,785,21,84,56,14.7,13.6,0.925,1,0,0,0,14,312,2.544,1,19,136,0,0,0,0,1,0,0,0,0,0,0,0,0,0,0,52.6,34,0.344,1,0,0,0,0,0,0,0,0,0,800,790,800,800,1090,1400,75,0.254,26.5,14.3,13.03,0,136,0,19,21,12.745,353.28,1,0.645,0.645,0.586,2.148,0.645,0.02,0,,,,64,0,0,0,0,0,0,0,0,0,0,7,0,0,7000,7000,29,242,1346,59,56,42,64,35,47,0,39321,196,137,120,199,120,118,26222,39321
55.480,0,791,21,84,56,14.7,13.6,0.925,1,0,0,0,14,312,2.544,1,19,136,0,0,0,0,1,0,0,0,0,0,0,0,0,0,0,52.6,34,0.344,1,0,0,0,0,0,0,0,0,0,800,790,800,800,1090,1400,75,0.254,26.5,14.3,12.98,0,136,0,19,21,12.745,353.28,1,0.625,0.625,0.586,2.148,0.645,0.02,0,,,,61,0,0,0,0,0,0,0,0,0,0,7,0,0,7000,7000,29,242,1346,61,56,42,64,28,44,0,39321,196,137,120,199,118,118,26222,39321
55.700,0,785,21,84,56,14.7,13.63,0.927,1,0,0,0,14,312,2.544,1,19,136,0,0,0,0,1,0,0,0,0,0,0,0,0,0,0,52.6,34,0.344,1,0,0,0,0,0,0,0,0,0,800,790,800,800,1090,1400,75,0.254,26.5,14.3,12.92,0,136,0,19,21,12.745,353.28,1,0.625,0.625,0.586,2.148,0.645,0.02,0,,,,45,0,0,0,0,0,0,0,0,0,0,7,0,0,7000,7000,29,242,1346,64,45,45,68,40,42,0,39321,194,135,120,199,118,118,26222,39321
55.761,0,778,21,84,56,14.7,13.63,0.927,1,0,0,0,15,312,2.544,1,19,136,0,0,0,0,1,0,0,0,0,0,0,0,0,0,0,52.6,34,0.344,1,0,0,0,0,0,0,0,0,0,760,780,800,800,1090,1400,75,0.254,26,14.3,12.92,0,136,0,19,21,12.745,353.28,1,0.625,0.625,0.586,2.148,0.645,0.02,0,,,,40,0,0,0,0,0,0,0,0,0,0,7,0,0,7000,7000,29,242,1346,64,45,45,62,30,40,0,39321,194,135,120,199,115,118,26222,39321
55.821,0,782,21,84,56,14.7,13.63,0.927,1,0,0,0,15,312,2.544,1,19,136,0,0,0,0,1,0,0,0,0,0,0,0,0,0,0,52.6,34,0.344,1,0,0,0,0,0,0,0,0,0,800,780,800,800,1090,1400,76,0.254,26.5,14.3,12.98,0,136,0,19,21,12.745,353.28,1,0.645,0.645,0.586,2.148,0.645,0.02,0,,,,51,0,0,0,0,0,0,0,0,0,0,7,0,0,7000,7000,29,242,1346,48,51,45,62,30,40,0,39321,188,137,120,199,115,118,26222,39321
55.881,0,774,21,84,56,14.7,13.6,0.925,1,0,0,0,16,312,2.544,1,19,136,0,0,0,0,1,0,0,0,0,0,0,0,0,0,0,52.82,34,0.344,1,0,0,0,0,0,0,0,0,0,760,770,800,800,1090,1400,76,0.25,26,14.3,12.92,0,136,0,19,21,12.745,353.28,1,0.645,0.645,0.586,2.148,0.645,0.02,0,,,,49,0,0,0,0,0,0,0,0,0,0,7,0,0,7000,7000,29,242,1346,48,51,40,49,30,40,0,39321,188,137,118,196,115,118,26222,39321
55.940,0,776,21,84,56,14.7,13.6,0.925,1,0,0,0,16,312,2.552,1,19,136.33,0,0,0,0,1,0,0,0,0,0,0,0,0,0,0,52.82,34,0.344,1,0,0,0,0,0,0,0,0,0,760,770,800,800,1090,1400,76,0.25,26,14.3,13.03,0,136.33,0,19,22,12.745,353.28,1,0.625,0.625,0.586,2.148,0.645,0.02,0,,,,56,0,0,0,0,0,0,0,0,0,0,7,0,0,7000,7000,29,242,1346,56,51,40,49,28,40,0,39321,185,137,118,196,112,118,26222,39321
56.000,0,776,22,84,56,14.7,13.6,0.925,1,0,0,0,15,312,2.56,1,19,137.33,0,0,0,0,1,0,0,0,0,0,0,0,0,0,0,53.05,34,0.344,1,0,0,0,0,0,0,0,0,0,760,780,800,800,1090,1400,76,0.25,26,14.3,12.98,0,137.33,0,19,22,12.745,353.28,1,0.664,0.664,0.586,2.148,0.645,0.02,0,,,,43,0,0,0,0,0,0,0,0,0,0,7,0,0,7000,7000,29,242,1346,56,48,43,49,28,40,0,39321,185,137,118,196,112,118,26222,39321
56.061,0,782,22,84,56,14.7,13.6,0.925,1,0,0,0,15,312,2.568,1,19,138.17,0,0,0,0,1,0,0,0,0,0,0,0,0,0,0,53.05,34,0.344,1,0,0,0,0,0,0,0,0,0,800,780,800,800,1090,1400,76,0.254,26.5,14.3,12.92,0,138.17,0,19,22,12.745,353.28,1,0.625,0.625,0.586,2.148,0.645,0.02,0,,,,30,0,0,0,0,0,0,0,0,0,0,7,0,0,7000,7000,29,242,1346,56,48,43,57,30,40,0,39321,185,137,118,196,109,118,26222,39321
56.121,0,786,22,84,56,14.7,13.63,0.927,1,0,0,0,14,312,2.576,1,20,138.83,0,0,0,0,1,0,0,0,0,0,0,0,0,0,0,53.27,35,0.344,1,0,0,0,0,0,0,0,0,0,800,790,800,800,1090,1400,76,0.254,26,14.3,12.98,0,138.83,0,20,22,12.745,353.28,1,0.645,0.645,0.586,2.148,0.645,0.02,0,,,,47,0,0,0,0,0,0,0,0,0,0,7,0,0,7000,7000,29,242,1346,51,47,43,57,30,39,0,39321,182,137,118,196,109,118,26222,39321
56.181,0,794,22,84,56,14.7,13.63,0.927,1,0,0,0,14,312,2.584,1,20,139.17,0,0,0,0,1,0,0,0,0,0,0,0,0,0,0,53.27,35,0.344,1,0,0,0,0,0,0,0,0,0,800,790,800,800,1090,1400,76,0.254,26,14.3,12.92,0,139.17,0,20,22,12.745,353.28,1,0.664,0.664,0.586,2.148,0.645,0.02,0,,,,57,0,0,0,0,0,0,0,0,0,0,7,0,0,7000,7000,29,242,1346,51,47,47,57,30,39,0,39321,182,137,118,194,109,118,26222,39321
56.241,0,795,22,84,56,14.7,13.69,0.931,1,0,0,0,13,312,2.592,1,20,139.33,0,0,0,0,1,0,0,0,0,0,0,0,0,0,0,53.27,35,0.344,1,0,0,0,0,0,0,0,0,0,800,800,800,800,1090,1400,76,0.254,26,14.3,12.92,0,139.33,0,20,22,12.745,353.28,1,0.645,0.645,0.586,2.148,0.645,0.02,0,,,,57,0,0,0,0,0,0,0,0,0,0,7,0,0,7000,7000,29,242,1346,57,47,47,57,37,49,0,39321,182,137,118,194,109,118,26222,39321
56.300,0,800,22,84,56,14.7,13.72,0.933,1,0,0,0,13,312,2.592,1,20,139.33,0,0,0,0,1,0,0,0,0,0,0,0,0,0,0,53.27,35,0.344,1,0,0,0,0,0,0,0,0,0,800,800,800,800,1090,1400,76,0.254,26,14.3,12.75,0,139.33,0,20,22,12.745,353.28,1,0.645,0.645,0.586,2.148,0.645,0.02,0,,,,47,0,0,0,0,0,0,0,0,0,0,7,0,0,7000,7000,29,242,1346,57,47,47,57,37,49,0,39321,182,137,118,194,109,118,26222,39321
56.361,0,793,22,84,56,14.7,13.72,0.933,1,0,0,0,14,312,2.592,1,20,139.5,0,0,0,0,1,0,0,0,0,0,0,0,0,0,0,53.27,35,0.344,1,0,0,0,0,0,0,0,0,0,800,790,800,800,1090,1400,76,0.254,26,14.3,12.81,0,139.5,0,20,22,12.745,353.28,1,0.664,0.664,0.586,2.148,0.645,0.02,0,,,,30,0,0,0,0,0,0,0,0,0,0,7,0,0,7000,7000,29,242,1346,57,47,47,69,30,49,0,39321,182,137,118,194,109,118,26222,39321
56.421,0,798,22,84,56,14.7,13.72,0.933,1,0,0,0,13,312,2.592,1,20,139.5,0,0,0,0,1,0,0,0,0,0,0,0,0,0,0,53.27,35,0.344,1,0,0,0,0,0,0,0,0,0,800,800,800,800,1090,1400,76,0.254,26,14.3,12.81,0,139.5,0,20,22,12.745,353.28,1,0.645,0.645,0.586,2.148,0.645,0.02,0,,,,59,0,0,0,0,0,0,0,0,0,0,7,0,0,7000,7000,29,242,1346,52,59,47,69,30,42,0,39321,180,137,118,194,109,118,26222,39321
56.481,0,798,22,84,56,14.7,13.72,0.933,1,0,0,0,13,312,2.592,1,20,139.5,0,0,0,0,1,0,0,0,0,0,0,0,0,0,0,53.27,35,0.344,1,0,0,0,0,0,0,0,0,0,800,800,800,800,1090,1400,76,0.254,26,14.3,12.86,0,139.5,0,20,22,12.745,353.28,1,0.645,0.645,0.586,2.148,0.645,0.02,0,,,,66,0,0,0,0,0,0,0,0,0,0,7,0,0,7000,7000,29,242,1346,52,59,45,66,30,42,0,39321,180,137,120,191,109,118,26222,39321
56.541,0,795,22,84,56,14.7,13.72,0.933,1,0,0,0,13,312,2.592,1,20,139.5,0,0,0,0,1,0,0,0,0,0,0,0,0,0,0,53.27,35,0.344,1,0,0,0,0,0,0,0,0,0,800,800,800,800,1090,1400,76,0.254,26,14.3,12.86,0,139.5,0,20,22,12.745,353.28,1,0.645,0.645,0.586,2.148,0.645,0.02,0,,,,47,0,0,0,0,0,0,0,0,0,0,7,0,0,7000,7000,29,242,1346,47,59,45,66,27,42,0,39321,177,137,120,191,109,118,26222,39321
56.600,0,800,22,84,56,14.7,13.72,0.933,1,0,0,0,13,312,2.592,1,20,139.5,0,0,0,0,1,0,0,0,0,0,0,0,0,0,0,53.27,35,0.344,1,0,0,0,0,0,0,0,0,0,800,800,800,800,1090,1400,76,0.254,26,14.3,12.98,0,139.5,0,20,22,12.745,353.28,1,0.645,0.645,0.586,2.148,0.645,0.02,0,,,,49,0,0,0,0,0,0,0,0,0,0,7,0,0,7000,7000,29,242,1346,47,61,49,66,27,42,0,39321,177,137,123,191,109,118,26222,39321
56.661,0,805,22,84,56,14.7,13.73,0.934,1,0,0,0,12.5,312,2.592,1,20,139.5,0,0,0,0,1,0,0,0,0,0,0,0,0,0,0,53.27,35,0.344,1,0,0,0,0,0,0,0,0,0,800,810,800,800,1090,1400,76,0.254,26,14.3,13.21,0,139.5,0,20,22,12.745,353.28,1,0.664,0.664,0.586,2.148,0.645,0.02,0,,,,34,0,0,0,0,0,0,0,0,0,0,7,0,0,7000,7000,29,242,1346,47,61,49,68,34,42,0,39321,177,137,123,191,106,118,26222,39321
56.721,0,809,22,84,56,14.7,13.73,0.934,1,0,0,0,12.5,312,2.592,1,20,139.33,0,0,0,0,1,0,0,0,0,0,0,0,0,0,0,53.05,34,0.344,1,0,0,0,0,0,0,0,0,0,800,810,800,800,1090,1400,76,0.254,26.5,14.3,13.15,0,139.33,0,20,22,12.745,353.28,1,0.645,0.645,0.586,2.148,0.645,0.02,0,,,,62,0,0,0,0,0,0,0,0,0,0,7,0,0,7000,7000,29,242,1346,62,62,49,68,34,44,0,39321,174,140,123,191,106,120,26222,39321
56.781,0,805,22,84,56,14.7,13.73,0.934,1,0,0,0,12.5,312,2.584,1,20,139.17,0,0,0,0,1,0,0,0,0,0,0,0,0,0,0,53.05,34,0.344,1,0,0,0,0,0,0,0,0,0,800,810,800,800,1090,1400,76,0.254,26.5,14.3,13.09,0,139.17,0,20,22,12.745,353.28,1,0.664,0.664,0.586,2.148,0.645,0.02,0,,,,61,0,0,0,0,0,0,0,0,0,0,7,0,0,7000,7000,29,242,1346,62,62,45,61,34,44,0,39321,174,140,123,191,106,120,26222,39321
56.841,0,803,22,84,56,14.7,13.73,0.934,1,0,0,0,13,312,2.584,1,20,139,0,0,0,0,1,0,0,0,0,0,0,0,0,0,0,53.05,34,0.344,1,0,0,0,0,0,0,0,0,0,800,800,800,800,1090,1400,76,0.254,26.5,14.3,13.09,0,139,0,20,22,12.745,353.28,1,0.625,0.625,0.586,2.148,0.645,0.02,0,,,,49,0,0,0,0,0,0,0,0,0,0,7,0,0,7000,7000,29,242,1346,49,62,45,61,39,52,0,39321,171,140,123,191,106,123,26222,39321
56.901,0,806,22,84,56,14.7,13.73,0.934,1,0,0,0,12.5,312,2.584,1,20,139,0,0,0,0,1,0,0,0,0,0,0,0,0,0,0,53.05,34,0.344,1,0,0,0,0,0,0,0,0,0,800,810,800,800,1090,1400,76,0.254,26.5,14.3,13.15,0,139,0,20,22,12.745,353.28,1,0.645,0.645,0.586,2.148,0.645,0.02,0,,,,52,0,0,0,0,0,0,0,0,0,0,7,0,0,7000,7000,29,242,1346,49,64,52,61,39,52,0,39321,171,143,123,191,106,123,26222,39321
56.961,0,808,22,84,56,14.7,13.73,0.934,1,0,0,0,12.5,312,2.584,1,20,139,0,0,0,0,1,0,0,0,0,0,0,0,0,0,0,53.05,34,0.344,1,0,0,0,0,0,0,0,0,0,800,810,800,800,1090,1400,76,0.254,26.5,14.3,13.03,0,139,0,20,22,12.745,353.28,1,0.625,0.625,0.586,2.148,0.645,0.02,0,,,,35,0,0,0,0,0,0,0,0,0,0,7,0,0,7000,7000,29,242,1346,49,64,52,78,35,52,0,39321,171,143,123,194,106,123,26222,39321
57.021,0,807,22,84,56,14.7,13.72,0.933,1,0,0,0,12.5,312,2.584,1,20,139,0,0,0,0,1,0,0,0,0,0,0,0,0,0,0,53.05,34,0.344,1,0,0,0,0,0,0,0,0,0,800,810,800,800,1090,1400,76,0.254,26.5,14.3,12.98,0,139,0,20,22,12.745,353.28,1,0.645,0.645,0.586,2.148,0.645,0.02,0,,,,49,0,0,0,0,0,0,0,0,0,0,7,0,0,7000,7000,29,242,1346,76,49,52,78,35,51,0,39321,174,143,123,194,106,123,26222,39321
57.081,0,804,22,84,56,14.7,13.72,0.933,1,0,0,0,13,312,2.584,1,20,139,0,0,0,0,1,0,0,0,0,0,0,0,0,0,0,53.05,34,0.344,1,0,0,0,0,0,0,0,0,0,800,800,800,800,1090,1400,76,0.254,26.5,14.3,12.98,0,139,0,20,22,12.745,353.28,1,0.625,0.625,0.586,2.129,0.645,0.02,0,,,,91,0,0,0,0,0,0,0,0,0,0,7,0,0,7000,7000,29,242,1346,76,49,44,91,35,51,0,39321,174,143,123,196,106,123,26222,39321
57.141,0,802,22,84,56,14.7,13.72,0.933,1,0,0,0,13,312,2.584,1,20,139,0,0,0,0,1,0,0,0,0,0,0,0,0,0,0,53.05,34,0.344,1,0,0,0,0,0,0,0,0,0,800,800,800,800,1090,1400,76,0.254,26.5,14.3,12.98,0,139,0,20,22,12.745,353.28,1,0.645,0.645,0.586,2.129,0.645,0.02,0,,,,57,0,0,0,0,0,0,0,0,0,0,7,0,0,7000,7000,29,242,1346,57,49,44,91,34,49,0,39321,174,143,123,196,106,123,26222,39321
57.200,0,799,22,84,56,14.7,13.69,0.931,1,0,0,0,13,312,2.584,1,20,139,0,0,0,0,1,0,0,0,0,0,0,0,0,0,0,53.05,34,0.344,1,0,0,0,0,0,0,0,0,0,800,800,800,800,1090,1400,76,0.254,26.5,14.3,12.92,0,139,0,20,22,12.745,353.28,1,0.664,0.664,0.586,2.129,0.645,0.02,0,,,,49,0,0,0,0,0,0,0,0,0,0,7,0,0,7000,7000,29,242,1346,57,52,49,91,34,49,0,39321,174,143,123,196,106,123,26222,39321
57.260,0,795,22,84,56,14.7,13.69,0.931,1,0,0,0,13,312,2.584,1,20,139,0,0,0,0,1,0,0,0,0,0,0,0,0,0,0,53.05,34,0.344,1,0,0,0,0,0,0,0,0,0,800,800,800,800,1090,1400,76,0.254,26.5,14.3,13.03,0,139,0,20,22,12.745,353.28,1,0.645,0.645,0.586,2.129,0.645,0.02,0,,,,35,0,0,0,0,0,0,0,0,0,0,7,0,0,7000,7000,29,242,1346,57,52,49,66,35,49,0,39321,174,143,123,196,106,123,26222,39321
57.321,0,801,22,84,56,14.7,13.69,0.931,1,0,0,0,13,312,2.584,1,20,139,0,0,0,0,1,0,0,0,0,0,0,0,0,0,0,53.05,34,0.344,1,0,0,0,0,0,0,0,0,0,800,800,800,800,1090,1400,76,0.254,26.5,14.3,12.98,0,139,0,20,22,12.745,353.28,1,0.645,0.645,0.586,2.129,0.645,0.02,0,,,,54,0,0,0,0,0,0,0,0,0,0,7,0,0,7000,7000,29,242,1346,57,54,49,66,35,40,0,39321,171,143,123,196,106,123,26222,39321
57.381,0,802,22,84,56,14.7,13.63,0.927,1,0,0,0,13,312,2.584,1,20,139.17,0,0,0,0,1,0,0,0,0,0,0,0,0,0,0,53.27,35,0.344,1,0,0,0,0,0,0,0,0,0,800,800,800,800,1090,1400,76,0.254,26,14.3,12.98,0,139.17,0,20,22,12.745,353.28,1,0.625,0.625,0.586,2.129,0.645,0.02,0,,,,71,0,0,0,0,0,0,0,0,0,0,7,0,0,7000,7000,29,242,1346,57,54,45,71,35,40,0,39321,171,143,126,196,106,123,26222,39321
57.441,0,805,22,84,56,14.7,13.63,0.927,1,0,0,0,12.5,312,2.584,1,20,139,0,0,0,0,1,0,0,0,0,0,0,0,0,0,0,53.05,34,0.344,1,0,0,0,0,0,0,0,0,0,800,810,800,800,1090,1400,76,0.254,26.5,14.3,12.92,0,139,0,20,22,12.745,353.28,1,0.645,0.645,0.586,2.129,0.645,0.02,0,,,,68,0,0,0,0,0,0,0,0,0,0,7,0,0,7000,7000,29,242,1346,68,54,45,71,34,44,0,39321,174,143,126,196,104,123,26222,39321
57.500,0,807,22,84,56,14.7,13.63,0.927,1,0,0,0,12.5,312,2.584,1,20,139,0,0,0,0,1,0,0,0,0,0,0,0,0,0,0,53.05,34,0.344,1,0,0,0,0,0,0,0,0,0,800,810,800,800,1090,1400,76,0.254,26.5,14.3,12.98,0,139,0,20,22,12.745,353.28,1,0.664,0.664,0.586,2.129,0.645,0.02,0,,,,56,0,0,0,0,0,0,0,0,0,0,7,0,0,7000,7000,29,242,1346,68,49,56,71,34,44,0,39321,174,143,126,196,104,123,26222,39321
57.561,0,802,22,84,57,14.7,13.63,0.927,1,0,0,0,13,312,2.584,1,20,139,0,0,0,0,1,0,0,0,0,0,0,0,0,0,0,53.05,34,0.344,1,0,0,0,0,0,0,0,0,0,800,800,800,800,1090,1400,76,0.254,26.5,14.3,12.69,0,139,0,20,22,12.745,353.28,1,0.645,0.645,0.586,2.129,0.645,0.02,0,,,,49,0,0,0,0,0,0,0,0,0,0,7,0,0,7000,7000,29,242,1346,68,49,56,61,32,49,0,39321,174,143,126,196,101,126,26222,39321
57.621,0,807,22,84,57,14.7,13.69,0.931,1,0,0,0,12.5,312,2.584,1,20,139,0,0,0,0,1,0,0,0,0,0,0,0,0,0,0,53.05,34,0.344,1,0,0,0,0,0,0,0,0,0,800,810,800,800,1090,1400,76,0.254,26.5,14.3,12.86,0,139,0,20,22,12.745,353.28,1,0.645,0.645,0.586,2.129,0.645,0.02,0,,,,51,0,0,0,0,0,0,0,0,0,0,7,0,0,7000,7000,29,242,1346,56,51,56,61,32,49,0,39321,171,143,126,196,101,126,26222,39321
57.681,0,807,22,84,57,14.7,13.69,0.931,1,0,0,0,12.5,312,2.584,1,20,139,0,0,0,0,1,0,0,0,0,0,0,0,0,0,0,53.05,34,0.344,1,0,0,0,0,0,0,0,0,0,800,810,800,800,1090,1400,76,0.254,26.5,14.3,12.98,0,139,0,20,22,12.745,353.28,1,0.645,0.645,0.586,2.129,0.645,0.02,0,,,,86,0,0,0,0,0,0,0,0,0,0,7,0,0,7000,7000,29,242,1346,56,51,42,86,32,49,0,39321,171,143,126,199,101,126,26222,39321
57.741,0,806,22,84,57,14.7,13.69,0.931,1,0,0,0,12.5,312,2.584,1,20,139,0,0,0,0,1,0,0,0,0,0,0,0,0,0,0,53.05,34,0.344,1,0,0,0,0,0,0,0,0,0,800,810,800,800,1090,1400,76,0.254,26.5,14.3,12.86,0,139,0,20,22,12.745,353.28,1,0.625,0.625,0.586,2.129,0.645,0.02,0,,,,54,0,0,0,0,0,0,0,0,0,0,7,0,0,7000,7000,29,242,1346,54,51,42,86,37,44,0,39321,171,143,126,199,101,126,26222,39321
57.801,0,805,22,84,57,14.7,13.69,0.931,1,0,0,0,12.5,312,2.584,1,20,139,0,0,0,0,1,0,0,0,0,0,0,0,0,0,0,53.05,34,0.344,1,0,0,0,0,0,0,0,0,0,800,810,800,800,1090,1400,76,0.254,26.5,14.3,12.92,0,139,0,20,22,12.745,353.28,1,0.625,0.625,0.586,2.129,0.645,0.02,0,,,,45,0,0,0,0,0,0,0,0,0,0,7,0,0,7000,7000,29,242,1346,54,52,45,86,37,44,0,39321,171,143,126,199,101,126,26222,39321
57.861,0,806,22,84,57,14.7,13.72,0.933,1,0,0,0,12.5,312,2.584,1,20,139,0,0,0,0,1,0,0,0,0,0,0,0,0,0,0,53.05,34,0.344,1,0,0,0,0,0,0,0,0,0,800,810,800,800,1090,1400,76,0.254,26.5,14.3,13.09,0,139,0,20,22,12.745,353.28,1,0.645,0.645,0.586,2.129,0.645,0.02,0,,,,49,0,0,0,0,0,0,0,0,0,0,7,0,0,7000,7000,29,242,1346,54,52,45,68,32,49,0,39321,171,143,126,199,98,129,26222,39321
57.921,0,810,22,84,57,14.7,13.72,0.933,1,0,0,0,12.5,312,2.584,1,20,139,0,0,0,0,1,0,0,0,0,0,0,0,0,0,0,53.05,34,0.344,1,0,0,0,0,0,0,0,0,0,800,810,800,800,1090,1400,76,0.254,26.5,14.3,13.15,0,139,0,20,22,12.745,353.28,1,0.645,0.645,0.586,2.129,0.645,0.02,0,,,,57,0,0,0,0,0,0,0,0,0,0,7,0,0,7000,7000,29,242,1346,57,57,45,68,32,49,0,39321,168,146,126,199,98,129,26222,39321
57.981,0,809,22,84,57,14.7,13.69,0.931,1,0,0,0,12.5,312,2.584,1,20,139,0,0,0,0,1,0,0,0,0,0,0,0,0,0,0,53.05,34,0.344,1,0,0,0,0,0,0,0,0,0,800,810,800,800,1090,1400,76,0.254,26.5,14.3,13.09,0,139,0,20,22,12.745,353.28,1,0.645,0.645,0.586,2.129,0.645,0.02,0,,,,64,0,0,0,0,0,0,0,0,0,0,7,0,0,7000,7000,29,242,1346,57,57,47,64,32,49,0,39321,168,146,126,196,98,129,26222,39321
58.040,0,816,22,84,57,14.7,13.69,0.931,1,0,0,0,12,312,2.584,1,20,139,0,0,0,0,1,0,0,0,0,0,0,0,0,0,0,53.05,34,0.344,1,0,0,0,0,0,0,0,0,0,800,820,800,800,1090,1400,76,0.254,26.5,14.3,13.09,0,139,0,20,22,12.745,353.28,1,0.625,0.625,0.586,2.129,0.645,0.02,0,,,,57,0,0,0,0,0,0,0,0,0,0,7,0,0,7000,7000,29,242,1346,57,57,47,64,35,44,0,39321,168,146,126,196,98,129,26222,39321
58.100,0,814,22,84,57,14.7,13.69,0.931,1,0,0,0,12.5,312,2.584,1,20,139,0,0,0,0,1,0,0,0,0,0,0,0,0,0,0,52.82,34,0.344,1,0,0,0,0,0,0,0,0,0,800,810,800,800,1090,1400,76,0.254,26.5,14.3,13.09,0,139,0,20,22,12.745,353.28,1,0.645,0.645,0.586,2.129,0.645,0.02,0,,,,44,0,0,0,0,0,0,0,0,0,0,7,0,0,7000,7000,29,242,1346,57,47,44,64,35,44,0,39321,168,146,126,196,98,129,26222,39321
58.161,0,818,22,84,57,14.7,13.69,0.931,1,0,0,0,12,312,2.576,1,20,138.67,0,0,0,0,1,0,0,0,0,0,0,0,0,0,0,52.82,34,0.344,1,0,0,0,0,0,0,0,0,0,800,820,800,800,1090,1400,76,0.254,26.5,14.3,13.09,0,138.67,0,20,22,12.745,353.28,1,0.645,0.645,0.586,2.129,0.645,0.02,0,,,,49,0,0,0,0,0,0,0,0,0,0,7,0,0,7000,7000,29,242,1346,57,47,44,86,39,49,0,39321,168,146,126,199,98,129,26222,39321
58.221,0,821,22,84,57,14.7,13.72,0.933,1,0,0,0,12,312,2.576,1,21,138.67,0,0,0,0,1,0,0,0,0,0,0,0,0,0,0,52.82,34,0.344,1,0,0,0,0,0,0,0,0,0,840,820,800,800,1090,1400,76,0.254,26.5,14.3,12.98,0,138.67,0,21,22,12.745,353.28,1,0.645,0.645,0.586,2.129,0.645,0.02,0,,,,73,0,0,0,0,0,0,0,0,0,0,7,0,0,7000,7000,29,242,1346,83,73,44,86,39,49,0,39321,174,149,126,199,98,129,26222,39321
58.280,0,823,22,84,57,14.7,13.69,0.931,1,0,0,0,12,312,2.56,1,21,138.5,0,0,0,0,1,0,0,0,0,0,0,0,0,0,0,52.82,34,0.344,1,0,0,0,0,0,0,0,0,0,840,820,800,800,1090,1400,76,0.254,26.5,14.3,12.98,0,138.5,0,21,22,12.745,353.28,1,0.625,0.625,0.586,2.129,0.645,0.02,0,,,,47,0,0,0,0,0,0,0,0,0,0,7,0,0,7000,7000,29,242,1346,83,73,51,71,47,49,0,39321,174,149,126,199,101,129,26222,39321
58.340,0,823,22,84,57,14.7,13.69,0.931,1,0,0,0,12,312,2.56,1,21,138.5,0,0,0,0,1,0,0,0,0,0,0,0,0,0,0,52.6,34,0.344,1,0,0,0,0,0,0,0,0,0,840,820,800,800,1090,1400,76,0.254,26.5,14.3,12.92,0,138.5,0,21,22,12.745,353.28,1,0.625,0.625,0.586,2.129,0.645,0.02,0,,,,78,0,0,0,0,0,0,0,0,0,0,7,0,0,7000,7000,29,242,1346,78,73,51,71,47,47,0,39321,177,149,126,199,101,129,26222,39321
58.400,0,819,22,84,57,14.7,13.69,0.931,1,0,0,0,12,312,2.568,1,20,138.17,0,0,0,0,1,0,0,0,0,0,0,0,0,0,0,52.6,34,0.344,1,0,0,0,0,0,0,0,0,0,800,820,800,800,1090,1400,76,0.254,26.5,14.3,12.86,0,138.17,0,20,22,12.745,353.28,1,0.625,0.625,0.586,2.129,0.645,0.02,0,,,,76,0,0,0,0,0,0,0,0,0,0,7,0,0,7000,7000,29,242,1346,78,76,51,76,47,47,0,39321,177,154,126,199,101,129,26222,39321
58.461,0,813,22,84,57,14.7,13.69,0.931,1,0,0,0,12.5,312,2.576,1,20,138.33,0,0,0,0,1,0,0,0,0,0,0,0,0,0,0,52.82,34,0.344,1,0,0,0,0,0,0,0,0,0,800,810,800,800,1090,1400,76,0.254,26.5,14.3,12.92,0,138.33,0,20,22,12.745,353.28,1,0.645,0.645,0.586,2.129,0.645,0.02,0,,,,49,0,0,0,0,0,0,0,0,0,0,7,0,0,7000,7000,29,242,1346,78,76,51,76,39,49,0,39321,177,154,126,199,101,132,26222,39321
58.521,0,814,22,84,57,14.7,13.69,0.931,1,0,0,0,12.5,312,2.568,1,20,138.17,0,0,0,0,1,0,0,0,0,0,0,0,0,0,0,52.6,34,0.344,1,0,0,0,0,0,0,0,0,0,800,810,800,800,1090,1400,76,0.254,26.5,14.3,12.92,0,138.17,0,20,22,12.745,353.28,1,0.625,0.625,0.586,2.129,0.645,0.02,0,,,,44,0,0,0,0,0,0,0,0,0,0,7,0,0,7000,7000,29,242,1346,57,49,44,76,39,49,0,39321,174,154,126,199,101,132,26222,39321
58.580,0,812,22,84,57,14.7,13.69,0.931,1,0,0,0,12.5,312,2.576,1,20,138.33,0,0,0,0,1,0,0,0,0,0,0,0,0,0,0,52.82,34,0.344,1,0,0,0,0,0,0,0,0,0,800,810,800,800,1090,1400,76,0.254,26.5,14.3,12.98,0,138.33,0,20,22,12.745,353.28,1,0.625,0.625,0.586,2.129,0.645,0.02,0,,,,40,0,0,0,0,0,0,0,0,0,0,7,0,0,7000,7000,29,242,1346,57,49,44,78,40,49,0,39321,174,154,126,199,104,132,26222,39321
58.640,0,817,22,84,57,14.7,13.69,0.931,1,0,0,0,12,312,2.576,1,20,138.33,0,0,0,0,1,0,0,0,0,0,0,0,0,0,0,52.6,34,0.344,1,0,0,0,0,0,0,0,0,0,800,820,800,800,1090,1400,76,0.254,26.5,14.3,12.98,0,138.33,0,20,22,12.745,353.28,1,0.625,0.625,0.586,2.129,0.645,0.02,0,,,,61,0,0,0,0,0,0,0,0,0,0,7,0,0,7000,7000,29,242,1346,61,49,44,78,40,44,0,39321,174,154,126,199,104,129,26222,39321
58.700,0,816,22,84,57,14.7,13.63,0.927,1,0,0,0,12,312,2.576,1,20,138.33,0,0,0,0,1,0,0,0,0,0,0,0,0,0,0,52.82,34,0.344,1,0,0,0,0,0,0,0,0,0,800,820,800,800,1090,1400,76,0.254,26.5,14.3,12.86,0,138.33,0,20,22,12.745,353.28,1,0.625,0.625,0.586,2.129,0.645,0.02,0,,,,69,0,0,0,0,0,0,0,0,0,0,7,0,0,7000,7000,29,242,1346,61,68,49,69,40,44,0,39321,174,157,126,199,104,129,26222,39321
58.760,0,813,22,84,57,14.7,13.69,0.931,1,0,0,0,12.5,312,2.576,1,20,138.33,0,0,0,0,1,0,0,0,0,0,0,0,0,0,0,52.82,34,0.344,1,0,0,0,0,0,0,0,0,0,800,810,800,800,1090,1400,76,0.254,26.5,14.3,12.92,0,138.33,0,20,22,12.745,353.28,1,0.645,0.645,0.586,2.129,0.645,0.02,0,,,,47,0,0,0,0,0,0,0,0,0,0,7,0,0,7000,7000,29,242,1346,61,68,49,69,39,47,0,39321,174,157,126,199,104,129,26222,39321
58.820,0,812,22,84,57,14.7,13.69,0.931,1,0,0,0,12.5,312,2.568,1,20,138.17,0,0,0,0,1,0,0,0,0,0,0,0,0,0,0,52.6,34,0.344,1,0,0,0,0,0,0,0,0,0,800,810,800,800,1090,1400,76,0.254,26.5,14.3,13.09,0,138.17,0,20,22,12.745,353.28,1,0.625,0.625,0.586,2.129,0.645,0.02,0,,,,44,0,0,0,0,0,0,0,0,0,0,7,0,0,7000,7000,29,242,1346,37,68,44,69,39,47,0,39321,171,160,126,199,104,129,26222,39321
58.880,0,816,22,84,57,14.7,13.69,0.931,1,0,0,0,12,312,2.576,1,20,138.33,0,0,0,0,1,0,0,0,0,0,0,0,0,0,0,52.82,34,0.344,1,0,0,0,0,0,0,0,0,0,800,820,800,800,1090,1400,76,0.254,26.5,14.3,12.92,0,138.33,0,20,22,12.745,353.28,1,0.625,0.625,0.586,2.129,0.645,0.02,0,,,,34,0,0,0,0,0,0,0,0,0,0,7,0,0,7000,7000,29,242,1346,37,68,44,68,34,47,0,39321,171,160,126,196,104,129,26222,39321
58.940,0,816,22,84,57,14.7,13.63,0.927,1,0,0,0,12,312,2.576,1,20,138.5,0,0,0,0,1,0,0,0,0,0,0,0,0,0,0,52.82,34,0.344,1,0,0,0,0,0,0,0,0,0,800,820,800,800,1090,1400,76,0.254,26.5,14.3,12.86,0,138.5,0,20,22,12.745,353.28,1,0.625,0.625,0.586,2.129,0.645,0.02,0,,,,71,0,0,0,0,0,0,0,0,0,0,7,0,0,7000,7000,29,242,1346,61,71,44,68,34,45,0,39321,171,163,126,196,104,129,26222,39321
59.000,0,815,22,84,57,14.7,13.63,0.927,1,0,0,0,12,312,2.576,1,20,138.5,0,0,0,0,1,0,0,0,0,0,0,0,0,0,0,52.82,34,0.344,1,0,0,0,0,0,0,0,0,0,800,820,800,800,1090,1400,76,0.254,26.5,14.3,12.86,0,138.5,0,20,22,12.745,353.28,1,0.645,0.645,0.586,2.129,0.645,0.02,0,,,,68,0,0,0,0,0,0,0,0,0,0,7,0,0,7000,7000,29,242,1346,61,71,51,68,34,45,0,39321,171,163,126,196,104,129,26222,39321
59.060,0,815,22,84,57,14.7,13.63,0.927,1,0,0,0,12,312,2.576,1,20,138.5,0,0,0,0,1,0,0,0,0,0,0,0,0,0,0,52.82,34,0.344,1,0,0,0,0,0,0,0,0,0,800,820,800,800,1090,1400,76,0.254,26.5,14.3,12.86,0,138.5,0,20,22,12.745,353.28,1,0.625,0.625,0.586,2.129,0.645,0.02,0,,,,56,0,0,0,0,0,0,0,0,0,0,7,0,0,7000,7000,29,242,1346,56,71,51,68,37,45,0,39321,171,163,126,196,104,129,26222,39321
59.120,0,812,22,84,57,14.7,13.6,0.925,1,0,0,0,12.5,312,2.576,1,20,138.5,0,0,0,0,1,0,0,0,0,0,0,0,0,0,0,52.82,34,0.344,1,0,0,0,0,0,0,0,0,0,800,810,800,800,1090,1400,76,0.254,26.5,14.3,13.03,0,138.5,0,20,22,12.745,353.28,1,0.625,0.625,0.586,2.129,0.645,0.02,0,,,,51,0,0,0,0,0,0,0,0,0,0,7,0,0,7000,7000,29,242,1346,56,85,51,68,37,45,0,39321,171,168,126,196,104,129,26222,39321
59.180,0,808,22,84,57,14.7,13.57,0.923,1,0,0,0,12.5,312,2.576,1,20,138.5,0,0,0,0,1,0,0,0,0,0,0,0,0,0,0,52.82,34,0.344,1,0,0,0,0,0,0,0,0,0,800,810,800,800,1090,1400,76,0.254,26.5,14.3,13.09,0,138.5,0,20,22,12.745,353.28,1,0.625,0.625,0.586,2.129,0.645,0.02,0,,,,44,0,0,0,0,0,0,0,0,0,0,7,0,0,7000,7000,29,242,1346,56,85,51,68,44,45,0,39321,171,168,126,196,104,129,26222,39321
59.240,0,813,22,84,57,14.7,13.57,0.923,1,0,0,0,12.5,312,2.576,1,20,138.5,0,0,0,0,1,0,0,0,0,0,0,0,0,0,0,52.82,34,0.344,1,0,0,0,0,0,0,0,0,0,800,810,800,800,1090,1400,76,0.254,26.5,14.3,13.03,0,138.5,0,20,22,12.745,353.28,1,0.625,0.625,0.586,2.129,0.645,0.02,0,,,,56,0,0,0,0,0,0,0,0,0,0,7,0,0,7000,7000,29,242,1346,49,56,51,68,44,45,0,39321,168,168,126,196,104,129,26222,39321
59.300,0,813,22,84,57,14.7,13.57,0.923,1,0,0,0,12.5,312,2.576,1,20,138.5,0,0,0,0,1,0,0,0,0,0,0,0,0,0,0,52.82,34,0.344,1,0,0,0,0,0,0,0,0,0,800,810,800,800,1090,1400,76,0.254,26.5,14.3,12.98,0,138.5,0,20,22,12.745,353.28,1,0.625,0.625,0.586,2.129,0.645,0.02,0,,,,64,0,0,0,0,0,0,0,0,0,0,7,0,0,7000,7000,29,242,1346,49,56,51,64,44,45,0,39321,168,168,129,194,104,129,26222,39321
59.360,0,814,22,84,57,14.7,13.57,0.923,1,0,0,0,12.5,312,2.576,1,20,138.5,0,0,0,0,1,0,0,0,0,0,0,0,0,0,0,52.82,34,0.344,1,0,0,0,0,0,0,0,0,0,800,810,800,800,1090,1400,76,0.254,26.5,14.3,13.03,0,138.5,0,20,22,12.745,353.28,1,0.625,0.625,0.586,2.129,0.645,0.02,0,,,,49,0,0,0,0,0,0,0,0,0,0,7,0,0,7000,7000,29,242,1346,49,56,51,64,37,47,0,39321,168,168,129,194,104,129,26222,39321
59.420,0,809,22,84,57,14.7,13.57,0.923,1,0,0,0,12.5,312,2.576,1,20,138.5,0,0,0,0,1,0,0,0,0,0,0,0,0,0,0,52.82,34,0.344,1,0,0,0,0,0,0,0,0,0,800,810,800,800,1090,1400,76,0.254,26.5,14.3,12.98,0,138.5,0,20,22,12.745,353.28,1,0.625,0.625,0.586,2.129,0.645,0.02,0,,,,52,0,0,0,0,0,0,0,0,0,0,7,0,0,7000,7000,29,242,1346,49,56,52,64,37,47,0,39321,168,165,132,194,104,129,26222,39321
59.480,0,811,22,84,57,14.7,13.57,0.923,1,0,0,0,12.5,312,2.576,1,20,138.5,0,0,0,0,1,0,0,0,0,0,0,0,0,0,0,52.82,34,0.344,1,0,0,0,0,0,0,0,0,0,800,810,800,800,1090,1400,76,0.254,26.5,14.3,12.75,0,138.5,0,20,22,12.745,353.28,1,0.625,0.625,0.586,2.129,0.645,0.02,0,,,,49,0,0,0,0,0,0,0,0,0,0,7,0,0,7000,7000,29,242,1346,49,56,52,59,35,49,0,39321,168,165,132,191,104,129,26222,39321
59.540,0,813,22,84,57,14.7,13.57,0.923,1,0,0,0,12.5,312,2.576,1,20,138.5,0,0,0,0,1,0,0,0,0,0,0,0,0,0,0,52.82,34,0.344,1,0,0,0,0,0,0,0,0,0,800,810,800,800,1090,1400,76,0.254,26.5,14.3,12.75,0,138.5,0,20,22,12.745,353.28,1,0.645,0.645,0.586,2.129,0.645,0.02,0,,,,56,0,0,0,0,0,0,0,0,0,0,7,0,0,7000,7000,29,242,1346,39,56,52,59,35,49,0,39321,165,165,132,191,104,129,26222,39321
59.600,0,805,22,84,57,14.7,13.57,0.923,1,0,0,0,12.5,312,2.576,1,20,138.5,0,0,0,0,1,0,0,0,0,0,0,0,0,0,0,52.82,34,0.344,1,0,0,0,0,0,0,0,0,0,800,810,800,800,1090,1400,76,0.254,26.5,14.3,12.69,0,138.5,0,20,22,12.745,353.28,1,0.645,0.645,0.586,2.129,0.645,0.02,0,,,,66,0,0,0,0,0,0,0,0,0,0,7,0,0,7000,7000,29,242,1346,39,56,51,66,35,49,0,39321,165,165,132,191,104,129,26222,39321
59.660,0,806,22,84,57,14.7,13.57,0.923,1,0,0,0,12.5,312,2.576,1,20,138.5,0,0,0,0,1,0,0,0,0,0,0,0,0,0,0,52.82,34,0.344,1,0,0,0,0,0,0,0,0,0,800,810,800,800,1090,1400,76,0.254,26.5,14.3,12.69,0,138.5,0,20,22,12.745,353.28,1,0.645,0.645,0.586,2.129,0.645,0.02,0,,,,47,0,0,0,0,0,0,0,0,0,0,7,0,0,7000,7000,29,242,1346,47,56,51,66,35,49,0,39321,163,165,132,191,104,129,26222,39321
59.720,0,806,22,84,57,14.7,13.57,0.923,1,0,0,0,12.5,312,2.576,1,20,138.5,0,0,0,0,1,0,0,0,0,0,0,0,0,0,0,52.82,34,0.344,1,0,0,0,0,0,0,0,0,0,800,810,800,800,1090,1400,76,0.254,26.5,14.3,12.69,0,138.5,0,20,22,12.745,353.28,1,0.645,0.645,0.586,2.129,0.645,0.02,0,,,,49,0,0,0,0,0,0,0,0,0,0,7,0,0,7000,7000,29,242,1346,47,62,49,66,35,49,0,39321,163,165,132,191,104,129,26222,39321
59.780,0,811,22,84,57,14.7,13.57,0.923,1,0,0,0,12.5,312,2.576,1,20,138.5,0,0,0,0,1,0,0,0,0,0,0,0,0,0,0,52.82,34,0.344,1,0,0,0,0,0,0,0,0,0,800,810,800,800,1090,1400,76,0.254,26.5,14.3,12.86,0,138.5,0,20,22,12.745,353.28,1,0.625,0.625,0.586,2.129,0.645,0.02,0,,,,44,0,0,0,0,0,0,0,0,0,0,7,0,0,7000,7000,29,242,1346,47,62,49,78,44,44,0,39321,163,165,132,194,104,129,26222,39321
59.840,0,813,22,84,57,14.7,13.57,0.923,1,0,0,0,12.5,312,2.576,1,20,138.5,0,0,0,0,1,0,0,0,0,0,0,0,0,0,0,52.82,34,0.344,1,0,0,0,0,0,0,0,0,0,800,810,800,800,1090,1400,76,0.254,26.5,14.3,12.86,0,138.5,0,20,22,12.745,353.28,1,0.645,0.645,0.586,2.129,0.645,0.02,0,,,,64,0,0,0,0,0,0,0,0,0,0,7,0,0,7000,7000,29,242,1346,37,64,49,78,44,44,0,39321,160,165,132,194,104,129,26222,39321
59.900,0,811,22,84,57,14.7,13.57,0.923,1,0,0,0,12.5,312,2.576,1,20,138.5,0,0,0,0,1,0,0,0,0,0,0,0,0,0,0,52.82,34,0.344,1,0,0,0,0,0,0,0,0,0,800,810,800,800,1090,1400,76,0.254,26.5,14.3,13.03,0,138.5,0,20,22,12.745,353.28,1,0.625,0.625,0.586,2.129,0.645,0.02,0,,,,44,0,0,0,0,0,0,0,0,0,0,7,0,0,7000,7000,29,242,1346,37,64,39,69,44,44,0,39321,160,165,132,194,104,129,26222,39321
59.960,0,815,22,84,57,14.7,13.57,0.923,1,0,0,0,12,312,2.576,1,20,138.5,0,0,0,0,1,0,0,0,0,0,0,0,0,0,0,52.82,34,0.344,1,0,0,0,0,0,0,0,0,0,800,820,800,800,1090,1400,76,0.254,26.5,14.3,12.86,0,138.5,0,20,22,12.745,353.28,1,0.645,0.645,0.586,2.129,0.645,0.02,0,,,,52,0,0,0,0,0,0,0,0,0,0,7,0,0,7000,7000,29,242,1346,52,64,39,69,44,49,0,39321,160,165,132,194,104,129,26222,39321
60.020,0,813,22,84,57,14.7,13.57,0.923,1,0,0,0,12.5,312,2.576,1,20,138.5,0,0,0,0,1,0,0,0,0,0,0,0,0,0,0,52.82,34,0.344,1,0,0,0,0,0,0,0,0,0,800,810,800,800,1090,1400,76,0.254,26.5,14.3,12.86,0,138.5,0,20,22,12.745,353.28,1,0.625,0.625,0.586,2.129,0.645,0.02,0,,,,64,0,0,0,0,0,0,0,0,0,0,7,0,0,7000,7000,29,242,1346,52,54,49,64,44,49,0,39321,160,165,132,194,104,129,26222,39321
60.080,0,818,22,84,57,14.7,13.6,0.925,1,0,0,0,12,312,2.576,1,20,138.5,0,0,0,0,1,0,0,0,0,0,0,0,0,0,0,52.82,34,0.344,1,0,0,0,0,0,0,0,0,0,800,820,800,800,1090,1400,76,0.254,26.5,14.3,12.98,0,138.5,0,20,22,12.745,353.28,1,0.625,0.625,0.586,2.129,0.645,0.02,0,,,,49,0,0,0,0,0,0,0,0,0,0,7,0,0,7000,7000,29,242,1346,52,54,49,64,42,49,0,39321,160,165,132,194,104,129,26222,39321
60.140,0,821,22,84,57,14.7,13.6,0.925,1,0,0,0,12,312,2.56,1,20,138.17,0,0,0,0,1,0,0,0,0,0,0,0,0,0,0,51.48,33,0.344,1,0,0,0,0,0,0,0,0,0,840,820,800,800,1090,1400,76,0.254,26,14.3,12.75,0,138.17,0,20,22,12.745,353.28,1,0.625,0.625,0.586,2.129,0.645,0.02,0,,,,62,0,0,0,0,0,0,0,0,0,0,7,0,0,7000,7000,29,242,1346,56,62,49,64,42,49,0,39321,160,165,132,194,104,129,26222,39321
60.200,0,820,22,84,57,14.7,13.6,0.925,1,0,0,0,12,312,2.56,1,20,138.33,0,0,0,0,1,0,0,0,0,0,0,0,0,0,0,52.82,34,0.344,1,0,0,0,0,0,0,0,0,0,840,820,800,800,1090,1400,76,0.254,26.5,14.3,12.86,0,138.33,0,20,22,12.745,353.28,1,0.625,0.625,0.586,2.129,0.645,0.02,0,,,,37,0,0,0,0,0,0,0,0,0,0,7,0,0,7000,7000,29,242,1346,56,62,51,71,37,49,0,39321,160,165,132,196,104,129,26222,39321
60.260,0,819,22,84,57,14.7,13.6,0.925,1,0,0,0,12,312,2.576,1,20,138.33,0,0,0,0,1,0,0,0,0,0,0,0,0,0,0,52.6,34,0.344,1,0,0,0,0,0,0,0,0,0,800,820,800,800,1090,1400,76,0.254,26.5,14.3,12.86,0,138.33,0,20,22,12.745,353.28,1,0.645,0.645,0.586,2.129,0.645,0.02,0,,,,44,0,0,0,0,0,0,0,0,0,0,7,0,0,7000,7000,29,242,1346,44,62,51,71,37,57,0,39321,157,165,132,196,104,129,26222,39321
60.320,0,812,22,84,57,14.7,13.6,0.925,1,0,0,0,12.5,312,2.576,1,20,138.33,0,0,0,0,1,0,0,0,0,0,0,0,0,0,0,52.82,34,0.344,1,0,0,0,0,0,0,0,0,0,800,810,800,800,1090,1400,76,0.254,26.5,14.3,12.92,0,138.33,0,20,22,12.745,353.28,1,0.645,0.645,0.586,2.129,0.645,0.02,0,,,,59,0,0,0,0,0,0,0,0,0,0,7,0,0,7000,7000,29,242,1346,44,51,51,59,37,57,0,39321,157,165,132,196,104,129,26222,39321
60.380,0,812,22,84,57,14.7,13.6,0.925,1,0,0,0,12.5,312,2.576,1,20,138.33,0,0,0,0,1,0,0,0,0,0,0,0,0,0,0,52.82,34,0.344,1,0,0,0,0,0,0,0,0,0,800,810,800,800,1090,1400,76,0.254,26.5,14.3,12.92,0,138.33,0,20,22,12.745,353.28,1,0.645,0.645,0.586,2.129,0.645,0.02,0,,,,51,0,0,0,0,0,0,0,0,0,0,7,0,0,7000,7000,29,242,1346,44,51,51,59,45,51,0,39321,157,165,132,196,104,129,26222,39321
60.440,0,809,22,84,57,14.7,13.6,0.925,1,0,0,0,12.5,312,2.576,1,20,138.5,0,0,0,0,1,0,0,0,0,0,0,0,0,0,0,52.82,34,0.344,1,0,0,0,0,0,0,0,0,0,800,810,800,800,1090,1400,76,0.254,26.5,14.3,13.03,0,138.5,0,20,22,12.745,353.28,1,0.625,0.625,0.586,2.129,0.645,0.02,0,,,,52,0,0,0,0,0,0,0,0,0,0,7,0,0,7000,7000,29,242,1346,47,52,52,59,45,51,0,39321,157,163,135,196,104,129,26222,39321
60.500,0,810,22,84,57,14.7,13.6,0.925,1,0,0,0,12.5,312,2.576,1,20,138.5,0,0,0,0,1,0,0,0,0,0,0,0,0,0,0,52.82,34,0.344,1,0,0,0,0,0,0,0,0,0,800,810,800,800,1090,1400,76,0.254,26.5,14.3,13.03,0,138.5,0,20,22,12.745,353.28,1,0.645,0.645,0.586,2.129,0.645,0.02,0,,,,37,0,0,0,0,0,0,0,0,0,0,7,0,0,7000,7000,29,242,1346,47,52,52,68,37,51,0,39321,157,163,135,196,104,129,26222,39321
60.560,0,813,22,84,57,14.7,13.6,0.925,1,0,0,0,12.5,312,2.576,1,20,138.5,0,0,0,0,1,0,0,0,0,0,0,0,0,0,0,52.82,34,0.344,1,0,0,0,0,0,0,0,0,0,800,810,800,800,1090,1400,76,0.254,26.5,14.3,12.98,0,138.5,0,20,22,12.745,353.28,1,0.625,0.625,0.586,2.129,0.645,0.02,0,,,,52,0,0,0,0,0,0,0,0,0,0,7,0,0,7000,7000,29,242,1346,66,52,52,68,37,52,0,39321,160,160,135,196,104,129,26222,39321
60.620,0,810,22,84,57,14.7,13.6,0.925,1,0,0,0,12.5,312,2.576,1,20,138.5,0,0,0,0,1,0,0,0,0,0,0,0,0,0,0,52.82,34,0.344,1,0,0,0,0,0,0,0,0,0,800,810,800,800,1090,1400,76,0.254,26.5,14.3,12.92,0,138.5,0,20,22,12.745,353.28,1,0.625,0.625,0.586,2.129,0.645,0.02,0,,,,68,0,0,0,0,0,0,0,0,0,0,7,0,0,7000,7000,29,242,1346,66,52,51,68,37,52,0,39321,160,160,135,196,104,129,26222,39321
60.680,0,808,22,84,57,14.7,13.6,0.925,1,0,0,0,12.5,312,2.576,1,20,138.5,0,0,0,0,1,0,0,0,0,0,0,0,0,0,0,52.82,34,0.344,1,0,0,0,0,0,0,0,0,0,800,810,800,800,1090,1400,76,0.254,26.5,14.3,12.86,0,138.5,0,20,22,12.745,353.28,1,0.645,0.645,0.586,2.129,0.645,0.02,0,,,,51,0,0,0,0,0,0,0,0,0,0,7,0,0,7000,7000,29,242,1346,66,52,51,68,40,51,0,39321,160,160,135,196,104,132,26222,39321
60.741,0,805,22,84,57,14.7,13.6,0.925,1,0,0,0,12.5,312,2.576,1,20,138.5,0,0,0,0,1,0,0,0,0,0,0,0,0,0,0,52.82,34,0.344,1,0,0,0,0,0,0,0,0,0,800,810,800,800,1090,1400,76,0.254,26.5,14.3,12.86,0,138.5,0,20,22,12.745,353.28,1,0.625,0.625,0.586,2.129,0.645,0.02,0,,,,44,0,0,0,0,0,0,0,0,0,0,7,0,0,7000,7000,29,242,1346,45,44,44,68,40,51,0,39321,157,157,135,196,104,132,26222,39321
60.801,0,805,22,84,57,14.7,13.6,0.925,1,0,0,0,12.5,312,2.576,1,20,138.5,0,0,0,0,1,0,0,0,0,0,0,0,0,0,0,52.82,34,0.344,1,0,0,0,0,0,0,0,0,0,800,810,800,800,1090,1400,76,0.254,26.5,14.3,12.75,0,138.5,0,20,22,12.745,353.28,1,0.625,0.625,0.586,2.129,0.645,0.02,0,,,,30,0,0,0,0,0,0,0,0,0,0,7,0,0,7000,7000,29,242,1346,45,44,44,68,30,51,0,39321,157,157,135,196,101,132,26222,39321
60.861,0,806,22,84,57,14.7,13.6,0.925,1,0,0,0,12.5,312,2.576,1,20,138.5,0,0,0,0,1,0,0,0,0,0,0,0,0,0,0,52.82,34,0.344,1,0,0,0,0,0,0,0,0,0,800,810,800,800,1090,1400,76,0.254,26.5,14.3,12.75,0,138.5,0,20,22,12.745,353.28,1,0.625,0.625,0.586,2.129,0.645,0.02,0,,,,57,0,0,0,0,0,0,0,0,0,0,7,0,0,7000,7000,29,242,1346,49,57,44,68,30,54,0,39321,154,157,135,196,101,135,26222,39321
60.921,0,801,22,84,57,14.7,13.57,0.923,1,0,0,0,13,312,2.576,1,20,138.5,0,0,0,0,1,0,0,0,0,0,0,0,0,0,0,53.05,34,0.344,1,0,0,0,0,0,0,0,0,0,800,800,800,800,1090,1400,76,0.254,26.5,14.3,12.69,0,138.5,0,20,22,12.745,353.28,1,0.645,0.645,0.586,2.129,0.645,0.02,0,,,,61,0,0,0,0,0,0,0,0,0,0,7,0,0,7000,7000,29,242,1346,49,57,45,61,30,54,0,39321,154,157,135,196,101,135,26222,39321
60.981,0,799,22,84,57,14.7,13.57,0.923,1,0,0,0,13,312,2.576,1,20,138.83,0,0,0,0,1,0,0,0,0,0,0,0,0,0,0,53.05,34,0.344,1,0,0,0,0,0,0,0,0,0,800,800,800,800,1090,1400,76,0.254,26.5,14.3,12.69,0,138.83,0,20,22,12.745,353.28,1,0.625,0.625,0.586,2.129,0.645,0.02,0,,,,57,0,0,0,0,0,0,0,0,0,0,7,0,0,7000,7000,29,242,1346,49,57,45,61,30,57,0,39321,154,157,135,196,98,137,26222,39321
61.041,0,798,22,84,57,14.7,13.57,0.923,1,0,0,0,13,312,2.576,1,20,138.83,0,0,0,0,1,0,0,0,0,0,0,0,0,0,0,53.05,34,0.344,1,0,0,0,0,0,0,0,0,0,800,800,800,800,1090,1400,76,0.254,26.5,14.3,12.75,0,138.83,0,20,22,12.745,353.28,1,0.625,0.625,0.586,2.129,0.645,0.02,0,,,,45,0,0,0,0,0,0,0,0,0,0,7,0,0,7000,7000,29,242,1346,44,52,45,61,30,57,0,39321,151,157,135,196,98,137,26222,39321
61.101,0,797,22,84,57,14.7,13.57,0.923,1,0,0,0,13,312,2.584,1,20,139,0,0,0,0,1,0,0,0,0,0,0,0,0,0,0,53.05,34,0.344,1,0,0,0,0,0,0,0,0,0,800,800,800,800,1090,1400,76,0.254,26.5,14.3,12.98,0,139,0,20,22,12.745,353.28,1,0.645,0.645,0.586,2.129,0.645,0.02,0,,,,35,0,0,0,0,0,0,0,0,0,0,7,0,0,7000,7000,29,242,1346,44,52,45,66,35,57,0,39321,151,157,135,194,98,137,26222,39321
61.161,0,802,22,84,57,14.7,13.57,0.923,1,0,0,0,13,312,2.584,1,20,139,0,0,0,0,1,0,0,0,0,0,0,0,0,0,0,53.05,34,0.344,1,0,0,0,0,0,0,0,0,0,800,800,800,800,1090,1400,76,0.254,26.5,14.3,12.98,0,139,0,20,22,12.745,353.28,1,0.625,0.625,0.586,2.129,0.645,0.02,0,,,,57,0,0,0,0,0,0,0,0,0,0,7,0,0,7000,7000,29,242,1346,40,57,45,66,35,51,0,39321,149,157,135,194,98,140,26222,39321
61.221,0,803,22,84,57,14.7,13.57,0.923,1,0,0,0,13,312,2.584,1,20,139,0,0,0,0,1,0,0,0,0,0,0,0,0,0,0,53.05,34,0.344,1,0,0,0,0,0,0,0,0,0,800,800,800,800,1090,1400,76,0.254,26.5,14.3,13.03,0,139,0,20,22,12.745,353.28,1,0.645,0.645,0.586,2.129,0.645,0.02,0,,,,71,0,0,0,0,0,0,0,0,0,0,7,0,0,7000,7000,29,242,1346,40,57,51,71,35,51,0,39321,149,157,135,194,98,140,26222,39321
61.281,0,803,22,84,57,14.7,13.6,0.925,1,0,0,0,13,312,2.584,1,20,139,0,0,0,0,1,0,0,0,0,0,0,0,0,0,0,53.05,34,0.344,1,0,0,0,0,0,0,0,0,0,800,800,800,800,1090,1400,76,0.254,26.5,14.3,13.03,0,139,0,20,22,12.745,353.28,1,0.625,0.625,0.586,2.129,0.645,0.02,0,,,,57,0,0,0,0,0,0,0,0,0,0,7,0,0,7000,7000,29,242,1346,40,57,51,71,34,57,0,39321,149,157,135,194,98,140,26222,39321
61.341,0,800,22,84,57,14.7,13.6,0.925,1,0,0,0,13,312,2.584,1,20,139,0,0,0,0,1,0,0,0,0,0,0,0,0,0,0,53.05,34,0.344,1,0,0,0,0,0,0,0,0,0,800,800,800,800,1090,1400,76,0.254,26.5,14.3,13.09,0,139,0,20,22,12.745,353.28,1,0.625,0.625,0.586,2.129,0.645,0.02,0,,,,51,0,0,0,0,0,0,0,0,0,0,7,0,0,7000,7000,29,242,1346,42,64,51,71,34,57,0,39321,149,157,135,194,98,140,26222,39321
61.401,0,803,22,84,57,14.7,13.63,0.927,1,0,0,0,13,312,2.584,1,20,139,0,0,0,0,1,0,0,0,0,0,0,0,0,0,0,53.05,34,0.344,1,0,0,0,0,0,0,0,0,0,800,800,800,800,1090,1400,76,0.254,26.5,14.3,12.92,0,139,0,20,22,12.745,353.28,1,0.645,0.645,0.586,2.129,0.645,0.02,0,,,,34,0,0,0,0,0,0,0,0,0,0,7,0,0,7000,7000,29,242,1346,42,64,51,59,34,57,0,39321,149,157,135,194,98,140,26222,39321
61.461,0,806,22,84,57,14.7,13.63,0.927,1,0,0,0,12.5,312,2.584,1,20,139,0,0,0,0,1,0,0,0,0,0,0,0,0,0,0,53.05,34,0.344,1,0,0,0,0,0,0,0,0,0,800,810,800,800,1090,1400,76,0.254,26.5,14.3,12.86,0,139,0,20,22,12.745,353.28,1,0.645,0.645,0.586,2.129,0.645,0.02,0,,,,47,0,0,0,0,0,0,0,0,0,0,7,0,0,7000,7000,29,242,1346,40,47,51,59,34,54,0,39321,146,157,135,194,98,140,26222,39321
61.521,0,801,22,84,57,14.7,13.63,0.927,1,0,0,0,13,312,2.584,1,20,139,0,0,0,0,1,0,0,0,0,0,0,0,0,0,0,53.05,34,0.344,1,0,0,0,0,0,0,0,0,0,800,800,800,800,1090,1400,76,0.254,26.5,14.3,12.86,0,139,0,20,22,12.745,353.28,1,0.645,0.645,0.586,2.129,0.645,0.02,0,,,,64,0,0,0,0,0,0,0,0,0,0,7,0,0,7000,7000,29,242,1346,40,47,47,64,34,54,0,39321,146,157,135,191,98,140,26222,39321
61.581,0,798,22,84,57,14.7,13.69,0.931,1,0,0,0,13,312,2.584,1,20,139,0,0,0,0,1,0,0,0,0,0,0,0,0,0,0,53.05,34,0.344,1,0,0,0,0,0,0,0,0,0,800,800,800,800,1090,1400,76,0.254,26.5,14.3,12.92,0,139,0,20,22,12.745,353.28,1,0.645,0.645,0.586,2.129,0.645,0.02,0,,,,37,0,0,0,0,0,0,0,0,0,0,7,0,0,7000,7000,29,242,1346,37,47,47,64,39,61,0,39321,143,157,135,191,101,140,26222,39321
61.641,0,803,22,84,57,14.7,13.69,0.931,1,0,0,0,13,312,2.584,1,20,139,0,0,0,0,1,0,0,0,0,0,0,0,0,0,0,53.05,34,0.344,1,0,0,0,0,0,0,0,0,0,800,800,800,800,1090,1400,76,0.254,26.5,14.3,12.92,0,139,0,20,22,12.745,353.28,1,0.645,0.645,0.586,2.129,0.645,0.02,0,,,,49,0,0,0,0,0,0,0,0,0,0,7,0,0,7000,7000,29,242,1346,37,56,49,64,39,61,0,39321,143,157,135,191,101,140,26222,39321
61.701,0,806,22,84,57,14.7,13.69,0.931,1,0,0,0,12.5,312,2.584,1,20,139,0,0,0,0,1,0,0,0,0,0,0,0,0,0,0,53.05,34,0.344,1,0,0,0,0,0,0,0,0,0,800,810,800,800,1090,1400,76,0.254,26.5,14.3,13.03,0,139,0,20,22,12.745,353.28,1,0.645,0.645,0.586,2.129,0.645,0.02,0,,,,40,0,0,0,0,0,0,0,0,0,0,7,0,0,7000,7000,29,242,1346,37,56,49,71,40,61,0,39321,143,157,135,194,101,140,26222,39321
61.761,0,810,22,84,57,14.7,13.69,0.931,1,0,0,0,12.5,312,2.584,1,20,139,0,0,0,0,1,0,0,0,0,0,0,0,0,0,0,53.05,34,0.344,1,0,0,0,0,0,0,0,0,0,800,810,800,800,1090,1400,76,0.254,26.5,14.3,12.98,0,139,0,20,22,12.745,353.28,1,0.645,0.645,0.586,2.129,0.645,0.02,0,,,,56,0,0,0,0,0,0,0,0,0,0,7,0,0,7000,7000,29,242,1346,34,56,49,71,40,56,0,39321,140,157,135,194,101,140,26222,39321
61.821,0,810,22,84,57,14.7,13.69,0.931,1,0,0,0,12.5,312,2.584,1,20,139,0,0,0,0,1,0,0,0,0,0,0,0,0,0,0,53.05,34,0.344,1,0,0,0,0,0,0,0,0,0,800,810,800,800,1090,1400,76,0.254,26.5,14.3,12.98,0,139,0,20,22,12.745,353.28,1,0.645,0.645,0.586,2.129,0.645,0.02,0,,,,71,0,0,0,0,0,0,0,0,0,0,7,0,0,7000,7000,29,242,1346,34,56,49,71,40,56,0,39321,140,157,135,194,101,140,26222,39321
61.881,0,810,22,84,57,14.7,13.69,0.931,1,0,0,0,12.5,312,2.584,1,20,139,0,0,0,0,1,0,0,0,0,0,0,0,0,0,0,53.05,34,0.344,1,0,0,0,0,0,0,0,0,0,800,810,800,800,1090,1400,76,0.254,26.5,14.3,12.92,0,139,0,20,22,12.745,353.28,1,0.625,0.625,0.586,2.129,0.645,0.02,0,,,,61,0,0,0,0,0,0,0,0,0,0,7,0,0,7000,7000,29,242,1346,61,56,49,71,44,57,0,39321,143,157,135,194,104,140,26222,39321
61.941,0,811,22,84,57,14.7,13.69,0.931,1,0,0,0,12.5,312,2.584,1,20,139,0,0,0,0,1,0,0,0,0,0,0,0,0,0,0,53.05,34,0.344,1,0,0,0,0,0,0,0,0,0,800,810,800,800,1090,1400,76,0.254,26.5,14.3,12.92,0,139,0,20,22,12.745,353.28,1,0.645,0.645,0.586,2.129,0.645,0.02,0,,,,51,0,0,0,0,0,0,0,0,0,0,7,0,0,7000,7000,29,242,1346,61,56,51,71,44,57,0,39321,143,157,135,194,104,140,26222,39321
62.001,0,814,22,84,57,14.7,13.69,0.931,1,0,0,0,12.5,312,2.584,1,20,139,0,0,0,0,1,0,0,0,0,0,0,0,0,0,0,53.05,34,0.344,1,0,0,0,0,0,0,0,0,0,800,810,800,800,1090,1400,76,0.254,26.5,14.3,12.86,0,139,0,20,22,12.745,353.28,1,0.645,0.645,0.586,2.129,0.645,0.02,0,,,,61,0,0,0,0,0,0,0,0,0,0,7,0,0,7000,7000,29,242,1346,61,56,51,74,42,61,0,39321,143,157,135,194,106,140,26222,39321
62.061,0,817,22,84,57,14.7,13.69,0.931,1,0,0,0,12,312,2.576,1,20,138.67,0,0,0,0,1,0,0,0,0,0,0,0,0,0,0,52.82,34,0.344,1,0,0,0,0,0,0,0,0,0,800,820,800,800,1090,1400,76,0.254,26.5,14.3,12.75,0,138.67,0,20,22,12.745,353.28,1,0.625,0.625,0.586,2.129,0.645,0.02,0,,,,56,0,0,0,0,0,0,0,0,0,0,7,0,0,7000,7000,29,242,1346,56,56,51,74,42,61,0,39321,146,157,135,194,106,140,26222,39321
62.121,0,814,22,84,57,14.7,13.69,0.931,1,0,0,0,12.5,312,2.576,1,20,138.67,0,0,0,0,1,0,0,0,0,0,0,0,0,0,0,52.82,34,0.344,1,0,0,0,0,0,0,0,0,0,800,810,800,800,1090,1400,76,0.254,26.5,14.3,12.98,0,138.67,0,20,22,12.745,353.28,1,0.645,0.645,0.586,2.129,0.645,0.02,0,,,,59,0,0,0,0,0,0,0,0,0,0,7,0,0,7000,7000,29,242,1346,56,56,44,59,42,61,0,39321,146,157,132,194,106,140,26222,39321
62.181,0,816,22,84,57,14.7,13.69,0.931,1,0,0,0,12,312,2.576,1,20,138.5,0,0,0,0,1,0,0,0,0,0,0,0,0,0,0,52.82,34,0.344,1,0,0,0,0,0,0,0,0,0,800,820,800,800,1090,1400,76,0.254,26.5,14.3,12.81,0,138.5,0,20,22,12.745,353.28,1,0.645,0.645,0.586,2.129,0.645,0.02,0,,,,52,0,0,0,0,0,0,0,0,0,0,7,0,0,7000,7000,29,242,1346,52,56,44,59,40,45,0,39321,146,157,132,194,106,140,26222,39321
62.241,0,816,22,84,57,14.7,13.69,0.931,1,0,0,0,12,312,2.584,1,20,138.5,0,0,0,0,1,0,0,0,0,0,0,0,0,0,0,52.82,34,0.344,1,0,0,0,0,0,0,0,0,0,800,820,800,800,1090,1400,76,0.254,26.5,14.3,12.75,0,138.5,0,20,22,12.672,353.28,1,0.645,0.645,0.586,2.129,0.645,0.02,0,,,,49,0,0,0,0,0,0,0,0,0,0,7,0,0,7000,7000,29,242,1346,52,66,49,59,40,45,0,39321,146,157,132,194,106,140,26222,39321
62.300,0,809,22,84,57,14.7,13.69,0.931,1,0,0,0,12.5,312,2.584,1,20,138.5,0,0,0,0,1,0,0,0,0,0,0,0,0,0,0,52.82,34,0.344,1,0,0,0,0,0,0,0,0,0,800,810,800,800,1090,1400,76,0.254,26.5,14.3,12.81,0,138.5,0,20,22,12.672,353.28,1,0.625,0.625,0.586,2.129,0.645,0.02,0,,,,57,0,0,0,0,0,0,0,0,0,0,7,0,0,7000,7000,29,242,1346,52,66,49,68,42,57,0,39321,146,157,132,194,109,140,26222,39321
62.360,0,812,22,84,57,14.7,13.63,0.927,1,0,0,0,12.5,312,2.584,1,20,138.5,0,0,0,0,1,0,0,0,0,0,0,0,0,0,0,52.82,34,0.344,1,0,0,0,0,0,0,0,0,0,800,810,800,800,1090,1400,76,0.254,26.5,14.3,12.98,0,138.5,0,20,22,12.745,353.28,1,0.645,0.645,0.586,2.129,0.645,0.02,0,,,,52,0,0,0,0,0,0,0,0,0,0,7,0,0,7000,7000,29,242,1346,54,52,49,68,42,57,0,39321,146,157,132,194,109,140,26222,39321
62.421,0,809,22,84,57,14.7,13.63,0.927,1,0,0,0,12.5,312,2.576,1,20,138.5,0,0,0,0,1,0,0,0,0,0,0,0,0,0,0,52.82,34,0.344,1,0,0,0,0,0,0,0,0,0,800,810,800,800,1090,1400,76,0.254,26.5,14.3,13.03,0,138.5,0,20,22,12.745,353.28,1,0.625,0.625,0.586,2.129,0.645,0.02,0,,,,40,0,0,0,0,0,0,0,0,0,0,7,0,0,7000,7000,29,242,1346,54,52,49,69,40,57,0,39321,146,157,132,194,109,140,26222,39321
62.481,0,814,22,84,57,14.7,13.6,0.925,1,0,0,0,12.5,312,2.576,1,20,138.5,0,0,0,0,1,0,0,0,0,0,0,0,0,0,0,52.82,34,0.344,1,0,0,0,0,0,0,0,0,0,800,810,800,800,1090,1400,76,0.254,26.5,14.3,12.98,0,138.5,0,20,22,12.745,353.28,1,0.645,0.645,0.586,2.129,0.645,0.02,0,,,,40,0,0,0,0,0,0,0,0,0,0,7,0,0,7000,7000,29,242,1346,40,52,49,69,40,44,0,39321,143,157,132,194,109,140,26222,39321
62.540,0,814,22,84,57,14.7,13.6,0.925,1,0,0,0,12.5,312,2.576,1,20,138.5,0,0,0,0,1,0,0,0,0,0,0,0,0,0,0,52.82,34,0.344,1,0,0,0,0,0,0,0,0,0,800,810,800,800,1090,1400,76,0.254,26.5,14.3,12.98,0,138.5,0,20,22,12.745,353.28,1,0.645,0.645,0.586,2.129,0.645,0.02,0,,,,51,0,0,0,0,0,0,0,0,0,0,7,0,0,7000,7000,29,242,1346,40,64,51,69,40,44,0,39321,143,157,135,194,109,140,26222,39321
62.600,0,814,22,84,57,14.7,13.6,0.925,1,0,0,0,12.5,312,2.576,1,20,138.5,0,0,0,0,1,0,0,0,0,0,0,0,0,0,0,52.82,34,0.344,1,0,0,0,0,0,0,0,0,0,800,810,800,800,1090,1400,76,0.254,26.5,14.3,13.03,0,138.5,0,20,22,12.745,353.28,1,0.625,0.625,0.586,2.129,0.645,0.02,0,,,,45,0,0,0,0,0,0,0,0,0,0,7,0,0,7000,7000,29,242,1346,40,64,51,74,45,45,0,39321,143,157,135,194,109,140,26222,39321
62.660,0,816,22,84,57,14.7,13.6,0.925,1,0,0,0,12,312,2.576,1,20,138.5,0,0,0,0,1,0,0,0,0,0,0,0,0,0,0,52.82,34,0.344,1,0,0,0,0,0,0,0,0,0,800,820,800,800,1090,1400,76,0.254,26.5,14.3,12.98,0,138.5,0,20,22,12.745,353.28,1,0.645,0.645,0.586,2.129,0.645,0.02,0,,,,62,0,0,0,0,0,0,0,0,0,0,7,0,0,7000,7000,29,242,1346,56,62,51,74,45,45,0,39321,143,160,135,194,109,140,26222,39321
62.720,0,815,22,84,57,14.7,13.6,0.925,1,0,0,0,12,312,2.576,1,20,138.5,0,0,0,0,1,0,0,0,0,0,0,0,0,0,0,52.82,34,0.344,1,0,0,0,0,0,0,0,0,0,800,820,800,800,1090,1400,76,0.254,26.5,14.3,12.81,0,138.5,0,20,22,12.745,353.28,1,0.625,0.625,0.586,2.129,0.645,0.02,0,,,,45,0,0,0,0,0,0,0,0,0,0,7,0,0,7000,7000,29,242,1346,56,62,47,71,45,45,0,39321,143,160,135,194,109,140,26222,39321
62.780,0,815,22,84,57,14.7,13.6,0.925,1,0,0,0,12,312,2.576,1,20,138.5,0,0,0,0,1,0,0,0,0,0,0,0,0,0,0,52.82,34,0.344,1,0,0,0,0,0,0,0,0,0,800,820,800,800,1090,1400,76,0.254,26.5,14.3,12.81,0,138.5,0,20,22,12.745,353.28,1,0.645,0.645,0.586,2.129,0.645,0.02,0,,,,45,0,0,0,0,0,0,0,0,0,0,7,0,0,7000,7000,29,242,1346,45,62,47,71,45,47,0,39321,143,160,135,194,109,140,26222,39321
62.840,0,811,22,84,57,14.7,13.6,0.925,1,0,0,0,12.5,312,2.576,1,20,138.5,0,0,0,0,1,0,0,0,0,0,0,0,0,0,0,52.82,34,0.344,1,0,0,0,0,0,0,0,0,0,800,810,800,800,1090,1400,76,0.254,26.5,14.3,12.75,0,138.5,0,20,22,12.745,353.28,1,0.625,0.625,0.586,2.129,0.645,0.02,0,,,,73,0,0,0,0,0,0,0,0,0,0,7,0,0,7000,7000,29,242,1346,45,69,47,73,45,47,0,39321,143,160,135,196,109,140,26222,39321
62.900,0,812,22,84,57,14.7,13.6,0.925,1,0,0,0,12.5,312,2.576,1,20,138.5,0,0,0,0,1,0,0,0,0,0,0,0,0,0,0,52.82,34,0.344,1,0,0,0,0,0,0,0,0,0,800,810,800,800,1090,1400,76,0.254,26.5,14.3,12.75,0,138.5,0,20,22,12.745,353.28,1,0.645,0.645,0.586,2.129,0.645,0.02,0,,,,51,0,0,0,0,0,0,0,0,0,0,7,0,0,7000,7000,29,242,1346,45,69,47,73,49,51,0,39321,143,160,135,196,109,140,26222,39321
62.960,0,809,22,84,57,14.7,13.6,0.925,1,0,0,0,12.5,312,2.576,1,20,138.5,0,0,0,0,1,0,0,0,0,0,0,0,0,0,0,52.82,34,0.344,1,0,0,0,0,0,0,0,0,0,800,810,800,800,1090,1400,76,0.254,26.5,14.3,12.63,0,138.5,0,20,22,12.745,353.28,1,0.625,0.625,0.586,2.129,0.645,0.02,0,,,,52,0,0,0,0,0,0,0,0,0,0,7,0,0,7000,7000,29,242,1346,40,68,52,73,49,51,0,39321,143,160,137,196,109,140,26222,39321
63.020,0,804,22,84,57,14.7,13.6,0.925,1,0,0,0,13,312,2.576,1,20,138.5,0,0,0,0,1,0,0,0,0,0,0,0,0,0,0,52.82,34,0.344,1,0,0,0,0,0,0,0,0,0,800,800,800,800,1090,1400,76,0.254,26.5,14.3,12.86,0,138.5,0,20,22,12.745,353.28,1,0.625,0.625,0.586,2.129,0.645,0.02,0,,,,42,0,0,0,0,0,0,0,0,0,0,7,0,0,7000,7000,29,242,1346,40,68,52,74,42,51,0,39321,143,160,137,196,109,140,26222,39321
63.080,0,808,22,84,57,14.7,13.6,0.925,1,0,0,0,12.5,312,2.576,1,20,138.5,0,0,0,0,1,0,0,0,0,0,0,0,0,0,0,52.82,34,0.344,1,0,0,0,0,0,0,0,0,0,800,810,800,800,1090,1400,76,0.254,26.5,14.3,12.92,0,138.5,0,20,22,12.745,353.28,1,0.625,0.625,0.586,2.129,0.645,0.02,0,,,,51,0,0,0,0,0,0,0,0,0,0,7,0,0,7000,7000,29,242,1346,51,68,52,74,42,51,0,39321,143,160,137,196,109,140,26222,39321
63.140,0,802,22,84,57,14.7,13.57,0.923,1,0,0,0,13,312,2.576,1,20,138.5,0,0,0,0,1,0,0,0,0,0,0,0,0,0,0,52.82,34,0.344,1,0,0,0,0,0,0,0,0,0,800,800,800,800,1090,1400,76,0.254,26.5,14.3,12.86,0,138.5,0,20,22,12.745,353.28,1,0.645,0.645,0.586,2.129,0.645,0.02,0,,,,79,0,0,0,0,0,0,0,0,0,0,7,0,0,7000,7000,29,242,1346,51,71,45,79,42,51,0,39321,143,163,137,196,109,140,26222,39321
63.200,0,801,22,84,57,14.7,13.6,0.925,1,0,0,0,13,312,2.576,1,20,138.5,0,0,0,0,1,0,0,0,0,0,0,0,0,0,0,52.82,34,0.344,1,0,0,0,0,0,0,0,0,0,800,800,800,800,1090,1400,76,0.254,26.5,14.3,12.86,0,138.5,0,20,22,12.745,353.28,1,0.645,0.645,0.586,2.129,0.645,0.02,0,,,,52,0,0,0,0,0,0,0,0,0,0,7,0,0,7000,7000,29,242,1346,51,71,45,79,44,52,0,39321,143,163,137,196,112,140,26222,39321
63.260,0,803,22,84,57,14.7,13.6,0.925,1,0,0,0,13,312,2.576,1,20,138.67,0,0,0,0,1,0,0,0,0,0,0,0,0,0,0,52.82,34,0.344,1,0,0,0,0,0,0,0,0,0,800,800,800,800,1090,1400,76,0.254,26.5,14.3,12.81,0,138.67,0,20,22,12.745,353.28,1,0.645,0.645,0.586,2.129,0.645,0.02,0,,,,44,0,0,0,0,0,0,0,0,0,0,7,0,0,7000,7000,29,242,1346,49,76,44,79,44,52,0,39321,143,165,135,196,112,140,26222,39321
63.320,0,799,22,84,57,14.7,13.6,0.925,1,0,0,0,13,312,2.576,1,20,138.83,0,0,0,0,1,0,0,0,0,0,0,0,0,0,0,53.05,34,0.344,1,0,0,0,0,0,0,0,0,0,800,800,800,800,1090,1400,76,0.254,26.5,14.3,12.75,0,138.83,0,20,22,12.745,353.28,1,0.645,0.645,0.586,2.129,0.645,0.02,0,,,,42,0,0,0,0,0,0,0,0,0,0,7,0,0,7000,7000,29,242,1346,49,76,44,76,42,52,0,39321,143,165,135,199,112,140,26222,39321
63.380,0,801,22,84,57,14.7,13.6,0.925,1,0,0,0,13,312,2.576,1,20,138.83,0,0,0,0,1,0,0,0,0,0,0,0,0,0,0,53.05,34,0.344,1,0,0,0,0,0,0,0,0,0,800,800,800,800,1090,1400,76,0.254,26.5,14.3,12.81,0,138.83,0,20,22,12.745,353.28,1,0.645,0.645,0.586,2.129,0.645,0.02,0,,,,49,0,0,0,0,0,0,0,0,0,0,7,0,0,7000,7000,29,242,1346,49,76,44,76,42,44,0,39321,143,165,135,199,112,137,26222,39321
63.440,0,800,22,84,57,14.7,13.6,0.925,1,0,0,0,13,312,2.584,1,20,139,0,0,0,0,1,0,0,0,0,0,0,0,0,0,0,53.05,34,0.344,1,0,0,0,0,0,0,0,0,0,800,800,800,800,1090,1400,76,0.254,26.5,14.3,12.86,0,139,0,20,22,12.745,353.28,1,0.645,0.645,0.586,2.129,0.645,0.02,0,,,,79,0,0,0,0,0,0,0,0,0,0,7,0,0,7000,7000,29,242,1346,49,57,40,79,42,44,0,39321,143,165,135,199,112,137,26222,39321
63.500,0,800,22,84,57,14.7,13.6,0.925,1,0,0,0,13,312,2.584,1,20,139,0,0,0,0,1,0,0,0,0,0,0,0,0,0,0,53.05,34,0.344,1,0,0,0,0,0,0,0,0,0,800,800,800,800,1090,1400,76,0.254,26.5,14.3,12.86,0,139,0,20,22,12.745,353.28,1,0.625,0.625,0.586,2.129,0.645,0.02,0,,,,59,0,0,0,0,0,0,0,0,0,0,7,0,0,7000,7000,29,242,1346,49,57,40,79,39,59,0,39321,143,165,135,199,112,140,26222,39321
63.660,0,801,22,84,57,14.7,13.6,0.925,1,0,0,0,13,312,2.584,1,20,139,0,0,0,0,1,0,0,0,0,0,0,0,0,0,0,53.05,34,0.344,1,0,0,0,0,0,0,0,0,0,800,800,800,800,1090,1400,76,0.254,26.5,14.3,12.98,0,139,0,20,22,12.745,353.28,1,0.645,0.645,0.586,2.129,0.645,0.02,0,,,,61,0,0,0,0,0,0,0,0,0,0,7,0,0,7000,7000,29,242,1346,61,68,47,64,39,59,0,39321,146,165,135,199,112,140,26222,39321
63.720,0,807,22,84,57,14.7,13.6,0.925,1,0,0,0,12.5,312,2.584,1,20,139,0,0,0,0,1,0,0,0,0,0,0,0,0,0,0,53.05,34,0.344,1,0,0,0,0,0,0,0,0,0,800,810,800,800,1090,1400,76,0.254,26.5,14.3,12.86,0,139,0,20,22,12.745,353.28,1,0.664,0.664,0.586,2.129,0.645,0.02,0,,,,44,0,0,0,0,0,0,0,0,0,0,7,0,0,7000,7000,29,242,1346,61,57,44,64,39,59,0,39321,146,165,135,199,112,140,26222,39321
63.780,0,805,22,84,57,14.7,13.6,0.925,1,0,0,0,12.5,312,2.584,1,20,139,0,0,0,0,1,0,0,0,0,0,0,0,0,0,0,53.05,34,0.344,1,0,0,0,0,0,0,0,0,0,800,810,800,800,1090,1400,76,0.254,26.5,14.3,12.81,0,139,0,20,22,12.745,353.28,1,0.645,0.645,0.586,2.129,0.645,0.02,0,,,,51,0,0,0,0,0,0,0,0,0,0,7,0,0,7000,7000,29,242,1346,61,57,44,64,40,51,0,39321,146,165,135,196,112,140,26222,39321
63.840,0,809,22,84,57,14.7,13.63,0.927,1,0,0,0,12.5,312,2.584,1,20,139,0,0,0,0,1,0,0,0,0,0,0,0,0,0,0,53.05,34,0.344,1,0,0,0,0,0,0,0,0,0,800,810,800,800,1090,1400,76,0.254,26.5,14.3,13.03,0,139,0,20,22,12.745,353.28,1,0.645,0.645,0.586,2.129,0.645,0.02,0,,,,51,0,0,0,0,0,0,0,0,0,0,7,0,0,7000,7000,29,242,1346,56,51,44,64,40,51,0,39321,149,163,135,196,112,140,26222,39321
63.900,0,804,22,84,57,14.7,13.63,0.927,1,0,0,0,13,312,2.584,1,20,139,0,0,0,0,1,0,0,0,0,0,0,0,0,0,0,53.05,34,0.344,1,0,0,0,0,0,0,0,0,0,800,800,800,800,1090,1400,76,0.254,26.5,14.3,13.03,0,139,0,20,22,12.745,353.28,1,0.645,0.645,0.586,2.129,0.645,0.02,0,,,,61,0,0,0,0,0,0,0,0,0,0,7,0,0,7000,7000,29,242,1346,56,51,51,61,40,51,0,39321,149,163,135,196,112,140,26222,39321
63.960,0,807,22,84,57,14.7,13.69,0.931,1,0,0,0,12.5,312,2.584,1,20,139,0,0,0,0,1,0,0,0,0,0,0,0,0,0,0,53.05,34,0.344,1,0,0,0,0,0,0,0,0,0,800,810,800,800,1090,1400,76,0.254,26.5,14.3,12.92,0,139,0,20,22,12.745,353.28,1,0.625,0.625,0.586,2.109,0.645,0.02,0,,,,59,0,0,0,0,0,0,0,0,0,0,7,0,0,7000,7000,29,242,1346,59,51,51,61,39,57,0,39321,149,163,135,196,112,140,26222,39321
64.020,0,808,22,84,57,14.7,13.69,0.931,1,0,0,0,12.5,312,2.584,1,20,139,0,0,0,0,1,0,0,0,0,0,0,0,0,0,0,53.05,34,0.344,1,0,0,0,0,0,0,0,0,0,800,810,800,800,1090,1400,76,0.254,26.5,14.3,12.75,0,139,0,20,22,12.745,353.28,1,0.645,0.645,0.586,2.129,0.645,0.02,0,,,,47,0,0,0,0,0,0,0,0,0,0,7,0,0,7000,7000,29,242,1346,59,51,47,61,39,57,0,39321,149,163,135,196,112,140,26222,39321
64.080,0,805,22,84,57,14.7,13.72,0.933,1,0,0,0,12.5,312,2.584,1,20,139,0,0,0,0,1,0,0,0,0,0,0,0,0,0,0,53.05,34,0.344,1,0,0,0,0,0,0,0,0,0,800,810,800,800,1090,1400,76,0.254,26.5,14.3,12.92,0,139,0,20,22,12.745,353.28,1,0.645,0.645,0.586,2.129,0.645,0.02,0,,,,68,0,0,0,0,0,0,0,0,0,0,7,0,0,7000,7000,29,242,1346,59,51,47,66,40,68,0,39321,149,163,135,196,112,143,26222,39321
64.140,0,804,22,84,57,14.7,13.72,0.933,1,0,0,0,13,312,2.584,1,20,139,0,0,0,0,1,0,0,0,0,0,0,0,0,0,0,53.05,34,0.344,1,0,0,0,0,0,0,0,0,0,800,800,800,800,1090,1400,76,0.254,26.5,14.3,12.92,0,139,0,20,22,12.745,353.28,1,0.645,0.645,0.586,2.109,0.645,0.02,0,,,,56,0,0,0,0,0,0,0,0,0,0,7,0,0,7000,7000,29,242,1346,56,56,47,66,40,68,0,39321,149,163,135,196,112,143,26222,39321
64.200,0,800,22,84,57,14.7,13.69,0.931,1,0,0,0,13,312,2.584,1,20,139,0,0,0,0,1,0,0,0,0,0,0,0,0,0,0,53.05,34,0.344,1,0,0,0,0,0,0,0,0,0,800,800,800,800,1090,1400,76,0.254,26.5,14.3,12.92,0,139,0,20,22,12.745,353.28,1,0.645,0.645,0.586,2.129,0.645,0.02,0,,,,62,0,0,0,0,0,0,0,0,0,0,7,0,0,7000,7000,29,242,1346,56,56,39,62,40,68,0,39321,149,163,132,196,112,143,26222,39321
64.260,0,801,22,84,57,14.7,13.69,0.931,1,0,0,0,13,312,2.584,1,20,139,0,0,0,0,1,0,0,0,0,0,0,0,0,0,0,53.05,34,0.344,1,0,0,0,0,0,0,0,0,0,800,800,800,800,1090,1400,76,0.254,26.5,14.3,13.03,0,139,0,20,22,12.745,353.28,1,0.645,0.645,0.586,2.109,0.645,0.02,0,,,,57,0,0,0,0,0,0,0,0,0,0,7,0,0,7000,7000,29,242,1346,57,56,39,62,45,59,0,39321,149,163,132,196,112,146,26222,39321
64.320,0,799,22,84,57,14.7,13.69,0.931,1,0,0,0,13,312,2.584,1,20,139,0,0,0,0,1,0,0,0,0,0,0,0,0,0,0,53.05,34,0.344,1,0,0,0,0,0,0,0,0,0,800,800,800,800,1090,1400,76,0.254,26.5,14.3,12.98,0,139,0,20,22,12.745,353.28,1,0.645,0.645,0.586,2.109,0.645,0.02,0,,,,51,0,0,0,0,0,0,0,0,0,0,7,0,0,7000,7000,29,242,1346,57,66,51,62,45,59,0,39321,149,163,135,196,112,146,26222,39321
64.380,0,800,22,84,57,14.7,13.69,0.931,1,0,0,0,13,312,2.584,1,20,139,0,0,0,0,1,0,0,0,0,0,0,0,0,0,0,53.05,34,0.344,1,0,0,0,0,0,0,0,0,0,800,800,800,800,1090,1400,76,0.254,26.5,14.3,12.92,0,139,0,20,22,12.745,353.28,1,0.645,0.645,0.586,2.109,0.645,0.02,0,,,,66,0,0,0,0,0,0,0,0,0,0,7,0,0,7000,7000,29,242,1346,57,66,51,78,42,66,0,39321,149,163,135,196,112,149,26222,39321
64.440,0,806,22,84,57,14.7,13.69,0.931,1,0,0,0,12.5,312,2.584,1,20,139,0,0,0,0,1,0,0,0,0,0,0,0,0,0,0,53.05,34,0.344,1,0,0,0,0,0,0,0,0,0,800,810,800,800,1090,1400,76,0.254,26.5,14.3,12.86,0,139,0,20,22,12.745,353.28,1,0.645,0.645,0.586,2.109,0.645,0.02,0,,,,45,0,0,0,0,0,0,0,0,0,0,7,0,0,7000,7000,29,242,1346,64,45,51,78,42,66,0,39321,151,160,135,196,112,149,26222,39321
64.500,0,802,22,84,57,14.7,13.63,0.927,1,0,0,0,13,312,2.584,1,20,139,0,0,0,0,1,0,0,0,0,0,0,0,0,0,0,53.05,34,0.344,1,0,0,0,0,0,0,0,0,0,800,800,800,800,1090,1400,76,0.254,26.5,14.3,12.92,0,139,0,20,22,12.745,353.28,1,0.645,0.645,0.586,2.109,0.645,0.02,0,,,,69,0,0,0,0,0,0,0,0,0,0,7,0,0,7000,7000,29,242,1346,64,45,47,69,42,66,0,39321,151,160,135,196,112,149,26222,39321
64.560,0,806,22,84,57,14.7,13.63,0.927,1,0,0,0,12.5,312,2.584,1,20,139,0,0,0,0,1,0,0,0,0,0,0,0,0,0,0,53.05,34,0.344,1,0,0,0,0,0,0,0,0,0,800,810,800,800,1090,1400,76,0.254,26.5,14.3,12.86,0,139,0,20,22,12.745,353.28,1,0.645,0.645,0.586,2.109,0.645,0.02,0,,,,64,0,0,0,0,0,0,0,0,0,0,7,0,0,7000,7000,29,242,1346,64,45,47,69,39,59,0,39321,154,160,135,196,112,149,26222,39321
64.620,0,806,22,84,57,14.7,13.63,0.927,1,0,0,0,12.5,312,2.584,1,20,139,0,0,0,0,1,0,0,0,0,0,0,0,0,0,0,53.05,34,0.344,1,0,0,0,0,0,0,0,0,0,800,810,800,800,1090,1400,76,0.254,26.5,14.3,12.81,0,139,0,20,22,12.745,353.28,1,0.645,0.645,0.586,2.109,0.645,0.02,0,,,,45,0,0,0,0,0,0,0,0,0,0,7,0,0,7000,7000,29,242,1346,64,64,45,69,39,59,0,39321,154,160,135,196,112,149,26222,39321
64.680,0,805,22,84,57,14.7,13.69,0.931,1,0,0,0,12.5,312,2.584,1,20,139,0,0,0,0,1,0,0,0,0,0,0,0,0,0,0,53.05,34,0.344,1,0,0,0,0,0,0,0,0,0,800,810,800,800,1090,1400,76,0.254,26.5,14.3,12.86,0,139,0,20,22,12.745,353.28,1,0.625,0.625,0.586,2.109,0.645,0.02,0,,,,61,0,0,0,0,0,0,0,0,0,0,7,0,0,7000,7000,29,242,1346,64,64,45,64,42,61,0,39321,154,160,135,196,112,149,26222,39321
64.740,0,808,22,84,57,14.7,13.69,0.931,1,0,0,0,12.5,312,2.584,1,20,139,0,0,0,0,1,0,0,0,0,0,0,0,0,0,0,53.05,34,0.344,1,0,0,0,0,0,0,0,0,0,800,810,800,800,1090,1400,76,0.254,26.5,14.3,12.81,0,139,0,20,22,12.745,353.28,1,0.645,0.645,0.586,2.109,0.645,0.02,0,,,,66,0,0,0,0,0,0,0,0,0,0,7,0,0,7000,7000,29,242,1346,69,66,45,64,42,61,0,39321,157,163,135,196,112,149,26222,39321
64.800,0,799,22,84,57,14.7,13.69,0.931,1,0,0,0,13,312,2.584,1,20,139,0,0,0,0,1,0,0,0,0,0,0,0,0,0,0,53.05,34,0.344,1,0,0,0,0,0,0,0,0,0,800,800,800,800,1090,1400,76,0.254,26.5,14.3,12.81,0,139,0,20,22,12.745,353.28,1,0.645,0.645,0.586,2.109,0.645,0.02,0,,,,42,0,0,0,0,0,0,0,0,0,0,7,0,0,7000,7000,29,242,1346,69,66,39,64,42,61,0,39321,157,163,132,196,112,149,26222,39321
64.860,0,801,22,84,57,14.7,13.69,0.931,1,0,0,0,13,312,2.584,1,20,139,0,0,0,0,1,0,0,0,0,0,0,0,0,0,0,53.05,34,0.344,1,0,0,0,0,0,0,0,0,0,800,800,800,800,1090,1400,76,0.254,26.5,14.3,12.98,0,139,0,20,22,12.745,353.28,1,0.645,0.645,0.586,2.109,0.645,0.02,0,,,,57,0,0,0,0,0,0,0,0,0,0,7,0,0,7000,7000,29,242,1346,57,66,39,64,42,47,0,39321,157,163,132,196,112,149,26222,39321
64.920,0,800,22,84,57,14.7,13.69,0.931,1,0,0,0,13,312,2.584,1,20,139,0,0,0,0,1,0,0,0,0,0,0,0,0,0,0,53.05,34,0.344,1,0,0,0,0,0,0,0,0,0,800,800,800,800,1090,1400,76,0.254,26.5,14.3,13.09,0,139,0,20,22,12.745,353.28,1,0.645,0.645,0.586,2.109,0.645,0.02,0,,,,47,0,0,0,0,0,0,0,0,0,0,7,0,0,7000,7000,29,242,1346,57,83,47,64,42,47,0,39321,157,165,132,196,112,149,26222,39321
64.980,0,800,22,84,57,14.7,13.69,0.931,1,0,0,0,13,312,2.584,1,20,139,0,0,0,0,1,0,0,0,0,0,0,0,0,0,0,53.05,34,0.344,1,0,0,0,0,0,0,0,0,0,800,800,800,800,1090,1400,76,0.254,26.5,14.3,13.09,0,139,0,20,22,12.745,353.28,1,0.625,0.625,0.586,2.109,0.645,0.02,0,,,,56,0,0,0,0,0,0,0,0,0,0,7,0,0,7000,7000,29,242,1346,57,83,47,68,51,56,0,39321,157,165,132,196,115,149,26222,39321
65.040,0,801,22,84,57,14.7,13.69,0.931,1,0,0,0,13,312,2.584,1,20,139,0,0,0,0,1,0,0,0,0,0,0,0,0,0,0,53.05,34,0.344,1,0,0,0,0,0,0,0,0,0,800,800,800,800,1090,1400,76,0.254,26.5,14.3,13.15,0,139,0,20,22,12.745,353.28,1,0.645,0.645,0.586,2.109,0.645,0.02,0,,,,51,0,0,0,0,0,0,0,0,0,0,7,0,0,7000,7000,29,242,1346,71,51,47,68,51,56,0,39321,160,163,132,196,115,149,26222,39321
65.100,0,802,22,84,57,14.7,13.63,0.927,1,0,0,0,13,312,2.584,1,20,139,0,0,0,0,1,0,0,0,0,0,0,0,0,0,0,53.05,34,0.344,1,0,0,0,0,0,0,0,0,0,800,800,800,800,1090,1400,76,0.254,26.5,14.3,13.09,0,139,0,20,22,12.745,353.28,1,0.645,0.645,0.586,2.109,0.645,0.02,0,,,,42,0,0,0,0,0,0,0,0,0,0,7,0,0,7000,7000,29,242,1346,71,51,47,78,42,56,0,39321,160,163,132,199,115,149,26222,39321
65.160,0,804,22,84,57,14.7,13.63,0.927,1,0,0,0,13,312,2.584,1,20,139,0,0,0,0,1,0,0,0,0,0,0,0,0,0,0,53.05,34,0.344,1,0,0,0,0,0,0,0,0,0,800,800,800,800,1090,1400,76,0.254,26.5,14.3,13.03,0,139,0,20,22,12.745,353.28,1,0.625,0.625,0.586,2.109,0.645,0.02,0,,,,62,0,0,0,0,0,0,0,0,0,0,7,0,0,7000,7000,29,242,1346,62,51,47,78,42,64,0,39321,160,163,132,199,115,151,26222,39321
65.220,0,805,22,84,57,14.7,13.69,0.931,1,0,0,0,12.5,312,2.584,1,20,139,0,0,0,0,1,0,0,0,0,0,0,0,0,0,0,53.05,34,0.344,1,0,0,0,0,0,0,0,0,0,800,810,800,800,1090,1400,76,0.254,26.5,14.3,13.03,0,139,0,20,22,12.745,353.28,1,0.645,0.645,0.586,2.109,0.645,0.02,0,,,,51,0,0,0,0,0,0,0,0,0,0,7,0,0,7000,7000,29,242,1346,62,66,51,78,42,64,0,39321,160,163,135,199,115,151,26222,39321
65.280,0,811,22,84,57,14.7,13.69,0.931,1,0,0,0,12.5,312,2.584,1,20,139,0,0,0,0,1,0,0,0,0,0,0,0,0,0,0,53.05,34,0.344,1,0,0,0,0,0,0,0,0,0,800,810,800,800,1090,1400,76,0.254,26.5,14.3,12.86,0,139,0,20,22,12.745,353.28,1,0.645,0.645,0.586,2.109,0.645,0.02,0,,,,62,0,0,0,0,0,0,0,0,0,0,7,0,0,7000,7000,29,242,1346,62,66,51,74,39,62,0,39321,160,163,135,199,115,151,26222,39321
65.340,0,811,22,84,57,14.7,13.69,0.931,1,0,0,0,12.5,312,2.584,1,20,139,0,0,0,0,1,0,0,0,0,0,0,0,0,0,0,53.05,34,0.344,1,0,0,0,0,0,0,0,0,0,800,810,800,800,1090,1400,76,0.254,26.5,14.3,12.92,0,139,0,20,22,12.745,353.28,1,0.645,0.645,0.586,2.109,0.645,0.02,0,,,,56,0,0,0,0,0,0,0,0,0,0,7,0,0,7000,7000,29,242,1346,57,56,51,74,39,62,0,39321,160,163,135,199,115,151,26222,39321
65.400,0,804,22,84,57,14.7,13.72,0.933,1,0,0,0,13,312,2.584,1,20,139,0,0,0,0,1,0,0,0,0,0,0,0,0,0,0,53.05,34,0.344,1,0,0,0,0,0,0,0,0,0,800,800,800,800,1090,1400,76,0.254,26.5,14.3,12.86,0,139,0,20,22,12.745,353.28,1,0.645,0.645,0.586,2.109,0.645,0.02,0,,,,37,0,0,0,0,0,0,0,0,0,0,7,0,0,7000,7000,29,242,1346,57,56,47,64,37,62,0,39321,160,163,135,199,112,151,26222,39321
65.460,0,804,22,84,57,14.7,13.72,0.933,1,0,0,0,13,312,2.584,1,20,139,0,0,0,0,1,0,0,0,0,0,0,0,0,0,0,53.05,34,0.344,1,0,0,0,0,0,0,0,0,0,800,800,800,800,1090,1400,76,0.254,26.5,14.3,12.98,0,139,0,20,22,12.745,353.28,1,0.645,0.645,0.586,2.109,0.645,0.02,0,,,,68,0,0,0,0,0,0,0,0,0,0,7,0,0,7000,7000,29,242,1346,68,56,47,64,37,62,0,39321,163,163,135,199,112,154,26222,39321
65.520,0,802,22,84,57,14.7,13.72,0.933,1,0,0,0,13,312,2.592,1,20,139,0,0,0,0,1,0,0,0,0,0,0,0,0,0,0,53.05,34,0.344,1,0,0,0,0,0,0,0,0,0,800,800,800,800,1090,1400,76,0.254,26.5,14.3,12.86,0,139,0,20,22,12.672,353.28,1,0.645,0.645,0.586,2.109,0.645,0.02,0,,,,47,0,0,0,0,0,0,0,0,0,0,7,0,0,7000,7000,29,242,1346,68,76,47,64,37,62,0,39321,163,165,135,199,112,154,26222,39321
65.580,0,804,22,84,57,14.7,13.72,0.933,1,0,0,0,13,312,2.592,1,20,139,0,0,0,0,1,0,0,0,0,0,0,0,0,0,0,53.05,34,0.344,1,0,0,0,0,0,0,0,0,0,800,800,800,800,1090,1400,76,0.254,26.5,14.3,12.98,0,139,0,20,22,12.745,353.28,1,0.645,0.645,0.586,2.109,0.645,0.02,0,,,,71,0,0,0,0,0,0,0,0,0,0,7,0,0,7000,7000,29,242,1346,68,76,47,64,40,71,0,39321,163,165,135,196,112,157,26222,39321
65.640,0,813,22,84,57,14.7,13.72,0.933,1,0,0,0,12.5,312,2.584,1,20,139,0,0,0,0,1,0,0,0,0,0,0,0,0,0,0,53.05,34,0.344,1,0,0,0,0,0,0,0,0,0,800,810,800,800,1090,1400,76,0.254,26.5,14.3,12.98,0,139,0,20,22,12.745,353.28,1,0.645,0.645,0.586,2.109,0.645,0.02,0,,,,62,0,0,0,0,0,0,0,0,0,0,7,0,0,7000,7000,29,242,1346,61,62,47,64,40,71,0,39321,163,168,135,196,112,157,26222,39321
65.700,0,816,22,84,57,14.7,13.72,0.933,1,0,0,0,12,312,2.584,1,20,139,0,0,0,0,1,0,0,0,0,0,0,0,0,0,0,53.05,34,0.344,1,0,0,0,0,0,0,0,0,0,800,820,800,800,1090,1400,76,0.254,26.5,14.3,13.09,0,139,0,20,22,12.745,353.28,1,0.625,0.625,0.586,2.109,0.645,0.02,0,,,,44,0,0,0,0,0,0,0,0,0,0,7,0,0,7000,7000,29,242,1346,61,62,54,68,44,71,0,39321,163,168,135,196,112,157,26222,39321
65.760,0,819,22,84,57,14.7,13.72,0.933,1,0,0,0,12,312,2.576,1,20,138.67,0,0,0,0,1,0,0,0,0,0,0,0,0,0,0,52.82,34,0.344,1,0,0,0,0,0,0,0,0,0,800,820,800,800,1090,1400,76,0.254,26.5,14.3,12.98,0,138.67,0,20,22,12.745,353.28,1,0.645,0.645,0.586,2.109,0.645,0.02,0,,,,61,0,0,0,0,0,0,0,0,0,0,7,0,0,7000,7000,29,242,1346,61,62,54,68,44,59,0,39321,163,168,135,196,112,157,26222,39321
65.820,0,819,22,84,57,14.7,13.72,0.933,1,0,0,0,12,312,2.576,1,20,138.67,0,0,0,0,1,0,0,0,0,0,0,0,0,0,0,52.82,34,0.344,1,0,0,0,0,0,0,0,0,0,800,820,800,800,1090,1400,76,0.254,26.5,14.3,12.98,0,138.67,0,20,22,12.745,353.28,1,0.645,0.645,0.586,2.109,0.645,0.02,0,,,,79,0,0,0,0,0,0,0,0,0,0,7,0,0,7000,7000,29,242,1346,61,66,49,79,44,59,0,39321,163,171,135,196,112,157,26222,39321
65.880,0,813,22,84,57,14.7,13.72,0.933,1,0,0,0,12.5,312,2.576,1,20,138.5,0,0,0,0,1,0,0,0,0,0,0,0,0,0,0,52.82,34,0.344,1,0,0,0,0,0,0,0,0,0,800,810,800,800,1090,1400,76,0.254,26.5,14.3,12.86,0,138.5,0,20,22,12.745,353.28,1,0.645,0.645,0.586,2.109,0.645,0.02,0,,,,62,0,0,0,0,0,0,0,0,0,0,7,0,0,7000,7000,29,242,1346,61,66,49,79,45,62,0,39321,163,171,135,196,115,157,26222,39321
65.940,0,810,22,84,57,14.7,13.72,0.933,1,0,0,0,12.5,312,2.576,1,20,138.5,0,0,0,0,1,0,0,0,0,0,0,0,0,0,0,52.82,34,0.344,1,0,0,0,0,0,0,0,0,0,800,810,800,800,1090,1400,76,0.254,26.5,14.3,12.98,0,138.5,0,20,22,12.745,353.28,1,0.625,0.625,0.586,2.109,0.645,0.02,0,,,,52,0,0,0,0,0,0,0,0,0,0,7,0,0,7000,7000,29,242,1346,57,71,52,79,45,62,0,39321,163,174,135,196,115,157,26222,39321
66.000,0,811,22,84,57,14.7,13.69,0.931,1,0,0,0,12.5,312,2.576,1,20,138.5,0,0,0,0,1,0,0,0,0,0,0,0,0,0,0,52.82,34,0.344,1,0,0,0,0,0,0,0,0,0,800,810,800,800,1090,1400,76,0.254,26.5,14.3,12.75,0,138.5,0,20,22,12.745,353.28,1,0.625,0.625,0.586,2.109,0.645,0.02,0,,,,44,0,0,0,0,0,0,0,0,0,0,7,0,0,7000,7000,29,242,1346,57,71,52,68,44,62,0,39321,163,174,135,196,115,157,26222,39321
66.060,0,811,22,84,57,14.7,13.69,0.931,1,0,0,0,12.5,312,2.576,1,20,138.5,0,0,0,0,1,0,0,0,0,0,0,0,0,0,0,52.82,34,0.344,1,0,0,0,0,0,0,0,0,0,800,810,800,800,1090,1400,76,0.254,26.5,14.3,12.92,0,138.5,0,20,22,12.745,353.28,1,0.625,0.625,0.586,2.109,0.645,0.02,0,,,,47,0,0,0,0,0,0,0,0,0,0,7,0,0,7000,7000,29,242,1346,47,71,52,68,44,66,0,39321,160,174,135,196,115,160,26222,39321
66.120,0,807,22,84,57,14.7,13.63,0.927,1,0,0,0,12.5,312,2.576,1,20,138.5,0,0,0,0,1,0,0,0,0,0,0,0,0,0,0,52.82,34,0.344,1,0,0,0,0,0,0,0,0,0,800,810,800,800,1090,1400,76,0.254,26.5,14.3,12.98,0,138.5,0,20,22,12.672,353.28,1,0.625,0.625,0.586,2.109,0.645,0.02,0,,,,68,0,0,0,0,0,0,0,0,0,0,7,0,0,7000,7000,29,242,1346,47,79,45,68,44,66,0,39321,160,177,135,196,115,160,26222,39321
66.180,0,806,22,84,57,14.7,13.63,0.927,1,0,0,0,12.5,312,2.584,1,20,138.5,0,0,0,0,1,0,0,0,0,0,0,0,0,0,0,52.82,34,0.344,1,0,0,0,0,0,0,0,0,0,800,810,800,800,1090,1400,76,0.254,26.5,14.3,12.69,0,138.5,0,20,22,12.672,353.28,1,0.625,0.625,0.586,2.109,0.645,0.02,0,,,,78,0,0,0,0,0,0,0,0,0,0,7,0,0,7000,7000,29,242,1346,47,79,45,68,45,78,0,39321,160,177,135,196,115,163,26222,39321
66.240,0,808,22,84,57,14.7,13.6,0.925,1,0,0,0,12.5,312,2.576,1,20,138.5,0,0,0,0,1,0,0,0,0,0,0,0,0,0,0,52.82,34,0.344,1,0,0,0,0,0,0,0,0,0,800,810,800,800,1090,1400,76,0.254,26.5,14.3,12.92,0,138.5,0,20,22,12.745,353.28,1,0.645,0.645,0.586,2.109,0.645,0.02,0,,,,42,0,0,0,0,0,0,0,0,0,0,7,0,0,7000,7000,29,242,1346,69,56,42,68,45,78,0,39321,163,177,132,196,115,163,26222,39321
66.300,0,809,22,84,57,14.7,13.6,0.925,1,0,0,0,12.5,312,2.576,1,20,138.5,0,0,0,0,1,0,0,0,0,0,0,0,0,0,0,52.82,34,0.344,1,0,0,0,0,0,0,0,0,0,800,810,800,800,1090,1400,76,0.254,26.5,14.3,13.03,0,138.5,0,20,22,12.745,353.28,1,0.645,0.645,0.586,2.109,0.645,0.02,0,,,,40,0,0,0,0,0,0,0,0,0,0,7,0,0,7000,7000,29,242,1346,69,56,42,71,40,78,0,39321,163,177,132,196,115,163,26222,39321
66.360,0,812,22,84,57,14.7,13.6,0.925,1,0,0,0,12.5,312,2.576,1,20,138.5,0,0,0,0,1,0,0,0,0,0,0,0,0,0,0,52.82,34,0.344,1,0,0,0,0,0,0,0,0,0,800,810,800,800,1090,1400,76,0.254,26.5,14.3,12.98,0,138.5,0,20,22,12.745,353.28,1,0.645,0.645,0.586,2.109,0.645,0.02,0,,,,56,0,0,0,0,0,0,0,0,0,0,7,0,0,7000,7000,29,242,1346,73,56,42,71,40,74,0,39321,165,177,132,196,115,165,26222,39321
66.420,0,810,22,84,57,14.7,13.57,0.923,1,0,0,0,12.5,312,2.576,1,20,138.67,0,0,0,0,1,0,0,0,0,0,0,0,0,0,0,53.05,34,0.344,1,0,0,0,0,0,0,0,0,0,800,810,800,800,1090,1400,76,0.254,26.5,14.3,12.92,0,138.67,0,20,22,12.745,353.28,1,0.625,0.625,0.586,2.109,0.645,0.02,0,,,,68,0,0,0,0,0,0,0,0,0,0,7,0,0,7000,7000,29,242,1346,73,56,47,68,40,74,0,39321,165,177,132,196,115,165,26222,39321
66.480,0,811,22,84,57,14.7,13.57,0.923,1,0,0,0,12.5,312,2.576,1,20,138.67,0,0,0,0,1,0,0,0,0,0,0,0,0,0,0,52.82,34,0.344,1,0,0,0,0,0,0,0,0,0,800,810,800,800,1090,1400,76,0.254,26.5,14.3,12.92,0,138.67,0,20,22,12.745,353.28,1,0.645,0.645,0.586,2.109,0.645,0.02,0,,,,74,0,0,0,0,0,0,0,0,0,0,7,0,0,7000,7000,29,242,1346,73,56,47,68,47,74,0,39321,165,177,132,196,115,168,26222,39321
66.540,0,812,22,84,57,14.7,13.6,0.925,1,0,0,0,12.5,312,2.576,1,20,138.5,0,0,0,0,1,0,0,0,0,0,0,0,0,0,0,52.82,34,0.344,1,0,0,0,0,0,0,0,0,0,800,810,800,800,1090,1400,76,0.254,26.5,14.3,12.75,0,138.5,0,20,22,12.745,353.28,1,0.625,0.625,0.586,2.109,0.645,0.02,0,,,,54,0,0,0,0,0,0,0,0,0,0,7,0,0,7000,7000,29,242,1346,69,69,54,68,47,74,0,39321,165,180,132,196,115,168,26222,39321
66.600,0,809,22,84,57,14.7,13.6,0.925,1,0,0,0,12.5,312,2.576,1,20,138.5,0,0,0,0,1,0,0,0,0,0,0,0,0,0,0,52.82,34,0.344,1,0,0,0,0,0,0,0,0,0,800,810,800,800,1090,1400,76,0.254,26.5,14.3,12.69,0,138.5,0,20,22,12.745,353.28,1,0.645,0.645,0.586,2.109,0.645,0.02,0,,,,49,0,0,0,0,0,0,0,0,0,0,7,0,0,7000,7000,29,242,1346,69,69,54,69,49,74,0,39321,165,180,132,196,118,168,26222,39321
66.660,0,808,22,84,57,14.7,13.6,0.925,1,0,0,0,12.5,312,2.576,1,20,138.5,0,0,0,0,1,0,0,0,0,0,0,0,0,0,0,52.82,34,0.344,1,0,0,0,0,0,0,0,0,0,800,810,800,800,1090,1400,76,0.254,26.5,14.3,12.63,0,138.5,0,20,22,12.745,353.28,1,0.625,0.625,0.586,2.109,0.645,0.02,0,,,,78,0,0,0,0,0,0,0,0,0,0,7,0,0,7000,7000,29,242,1346,49,78,54,69,49,66,0,39321,163,182,132,196,118,168,26222,39321
66.720,0,801,22,84,57,14.7,13.6,0.925,1,0,0,0,13,312,2.576,1,20,138.5,0,0,0,0,1,0,0,0,0,0,0,0,0,0,0,52.82,34,0.344,1,0,0,0,0,0,0,0,0,0,800,800,800,800,1090,1400,76,0.254,26.5,14.3,12.81,0,138.5,0,20,22,12.745,353.28,1,0.645,0.645,0.586,2.109,0.645,0.02,0,,,,66,0,0,0,0,0,0,0,0,0,0,7,0,0,7000,7000,29,242,1346,49,78,47,66,49,66,0,39321,163,182,132,196,118,168,26222,39321
66.780,0,800,22,84,57,14.7,13.6,0.925,1,0,0,0,13,312,2.576,1,20,138.83,0,0,0,0,1,0,0,0,0,0,0,0,0,0,0,53.05,34,0.344,1,0,0,0,0,0,0,0,0,0,800,800,800,800,1090,1400,76,0.254,26.5,14.3,12.81,0,138.83,0,20,22,12.745,353.28,1,0.645,0.645,0.586,2.109,0.645,0.02,0,,,,59,0,0,0,0,0,0,0,0,0,0,7,0,0,7000,7000,29,242,1346,59,78,47,66,44,61,0,39321,163,182,132,196,118,168,26222,39321
66.840,0,802,22,84,57,14.7,13.6,0.925,1,0,0,0,13,312,2.576,1,20,138.83,0,0,0,0,1,0,0,0,0,0,0,0,0,0,0,53.05,34,0.344,1,0,0,0,0,0,0,0,0,0,800,800,800,800,1090,1400,76,0.254,26.5,14.3,12.98,0,138.83,0,20,22,12.745,353.28,1,0.625,0.625,0.586,2.109,0.645,0.02,0,,,,45,0,0,0,0,0,0,0,0,0,0,7,0,0,7000,7000,29,242,1346,59,57,45,66,44,61,0,39321,163,182,132,196,118,168,26222,39321
66.900,0,805,22,84,57,14.7,13.6,0.925,1,0,0,0,12.5,312,2.584,1,20,139,0,0,0,0,1,0,0,0,0,0,0,0,0,0,0,53.05,34,0.344,1,0,0,0,0,0,0,0,0,0,800,810,800,800,1090,1400,76,0.254,26.5,14.3,12.92,0,139,0,20,22,12.745,353.28,1,0.645,0.645,0.586,2.109,0.645,0.02,0,,,,37,0,0,0,0,0,0,0,0,0,0,7,0,0,7000,7000,29,242,1346,59,57,45,66,37,61,0,39321,163,182,132,194,118,168,26222,39321
66.960,0,811,22,84,57,14.7,13.57,0.923,1,0,0,0,12.5,312,2.584,1,20,139,0,0,0,0,1,0,0,0,0,0,0,0,0,0,0,53.05,34,0.344,1,0,0,0,0,0,0,0,0,0,800,810,800,800,1090,1400,76,0.254,26.5,14.3,12.81,0,139,0,20,22,12.745,353.28,1,0.645,0.645,0.586,2.109,0.645,0.02,0,,,,83,0,0,0,0,0,0,0,0,0,0,7,0,0,7000,7000,29,242,1346,68,83,45,66,37,57,0,39321,165,185,132,194,118,168,26222,39321
67.020,0,811,22,84,57,14.7,13.57,0.923,1,0,0,0,12.5,312,2.584,1,20,139,0,0,0,0,1,0,0,0,0,0,0,0,0,0,0,53.05,34,0.344,1,0,0,0,0,0,0,0,0,0,800,810,800,800,1090,1400,76,0.254,26.5,14.3,12.92,0,139,0,20,22,12.745,353.28,1,0.645,0.645,0.586,2.109,0.645,0.02,0,,,,64,0,0,0,0,0,0,0,0,0,0,7,0,0,7000,7000,29,242,1346,68,83,42,64,37,57,0,39321,165,185,129,194,118,168,26222,39321
67.080,0,811,22,84,57,14.7,13.57,0.923,1,0,0,0,12.5,312,2.576,1,20,138.83,0,0,0,0,1,0,0,0,0,0,0,0,0,0,0,52.82,34,0.344,1,0,0,0,0,0,0,0,0,0,800,810,800,800,1090,1400,76,0.254,26.5,14.3,12.92,0,138.83,0,20,22,12.745,353.28,1,0.625,0.625,0.586,2.109,0.645,0.02,0,,,,68,0,0,0,0,0,0,0,0,0,0,7,0,0,7000,7000,29,242,1346,68,83,42,64,51,68,0,39321,168,185,129,194,120,168,26222,39321
67.140,0,814,22,84,57,14.7,13.57,0.923,1,0,0,0,12.5,312,2.576,1,20,138.67,0,0,0,0,1,0,0,0,0,0,0,0,0,0,0,52.82,34,0.344,1,0,0,0,0,0,0,0,0,0,800,810,800,800,1090,1400,76,0.254,26.5,14.3,12.92,0,138.67,0,20,22,12.745,353.28,1,0.645,0.645,0.586,2.109,0.645,0.02,0,,,,54,0,0,0,0,0,0,0,0,0,0,7,0,0,7000,7000,29,242,1346,68,76,54,64,51,68,0,39321,168,185,132,194,120,168,26222,39321
67.200,0,817,22,84,57,14.7,13.57,0.923,1,0,0,0,12,312,2.576,1,20,138.5,0,0,0,0,1,0,0,0,0,0,0,0,0,0,0,52.82,34,0.344,1,0,0,0,0,0,0,0,0,0,800,820,800,800,1090,1400,76,0.254,26.5,14.3,12.81,0,138.5,0,20,22,12.745,353.28,1,0.625,0.625,0.586,2.109,0.645,0.02,0,,,,71,0,0,0,0,0,0,0,0,0,0,7,0,0,7000,7000,29,242,1346,68,76,54,69,51,71,0,39321,168,185,132,194,120,171,26222,39321
67.260,0,820,22,84,57,14.7,13.57,0.923,1,0,0,0,12,312,2.56,1,20,138.5,0,0,0,0,1,0,0,0,0,0,0,0,0,0,0,52.82,34,0.344,1,0,0,0,0,0,0,0,0,0,840,820,800,800,1090,1400,76,0.254,26.5,14.3,12.86,0,138.5,0,20,22,12.745,353.28,1,0.625,0.625,0.586,2.109,0.645,0.02,0,,,,68,0,0,0,0,0,0,0,0,0,0,7,0,0,7000,7000,29,242,1346,73,68,54,69,51,71,0,39321,171,185,132,194,120,171,26222,39321
67.320,0,815,22,84,57,14.7,13.57,0.923,1,0,0,0,12,312,2.576,1,20,138.5,0,0,0,0,1,0,0,0,0,0,0,0,0,0,0,52.82,34,0.344,1,0,0,0,0,0,0,0,0,0,800,820,800,800,1090,1400,76,0.254,26.5,14.3,12.86,0,138.5,0,20,22,12.745,353.28,1,0.645,0.645,0.586,2.109,0.645,0.02,0,,,,74,0,0,0,0,0,0,0,0,0,0,7,0,0,7000,7000,29,242,1346,73,68,45,74,51,71,0,39321,171,185,132,194,120,171,26222,39321
67.380,0,814,22,84,57,14.7,13.6,0.925,1,0,0,0,12.5,312,2.576,1,20,138.5,0,0,0,0,1,0,0,0,0,0,0,0,0,0,0,52.82,34,0.344,1,0,0,0,0,0,0,0,0,0,800,810,800,800,1090,1400,76,0.254,26.5,14.3,12.86,0,138.5,0,20,22,12.745,353.28,1,0.625,0.625,0.586,2.109,0.645,0.02,0,,,,64,0,0,0,0,0,0,0,0,0,0,7,0,0,7000,7000,29,242,1346,64,68,45,74,47,64,0,39321,171,185,132,194,120,174,26222,39321
67.440,0,808,22,84,57,14.7,13.6,0.925,1,0,0,0,12.5,312,2.576,1,20,138.5,0,0,0,0,1,0,0,0,0,0,0,0,0,0,0,52.82,34,0.344,1,0,0,0,0,0,0,0,0,0,800,810,800,800,1090,1400,76,0.254,26.5,14.3,12.86,0,138.5,0,20,22,12.745,353.28,1,0.645,0.645,0.586,2.109,0.645,0.02,0,,,,54,0,0,0,0,0,0,0,0,0,0,7,0,0,7000,7000,29,242,1346,64,61,54,74,47,64,0,39321,171,182,135,194,120,174,26222,39321
67.500,0,805,22,84,57,14.7,13.6,0.925,1,0,0,0,12.5,312,2.576,1,20,138.5,0,0,0,0,1,0,0,0,0,0,0,0,0,0,0,52.82,34,0.344,1,0,0,0,0,0,0,0,0,0,800,810,800,800,1090,1400,76,0.254,26.5,14.3,12.92,0,138.5,0,20,22,12.745,353.28,1,0.625,0.625,0.586,2.109,0.645,0.02,0,,,,69,0,0,0,0,0,0,0,0,0,0,7,0,0,7000,7000,29,242,1346,64,61,54,64,42,69,0,39321,171,182,135,194,120,174,26222,39321
67.560,0,807,22,84,57,14.7,13.6,0.925,1,0,0,0,12.5,312,2.576,1,20,138.5,0,0,0,0,1,0,0,0,0,0,0,0,0,0,0,52.82,34,0.344,1,0,0,0,0,0,0,0,0,0,800,810,800,800,1090,1400,76,0.254,26.5,14.3,12.98,0,138.5,0,20,22,12.745,353.28,1,0.645,0.645,0.586,2.109,0.645,0.02,0,,,,79,0,0,0,0,0,0,0,0,0,0,7,0,0,7000,7000,29,242,1346,76,79,54,64,42,69,0,39321,174,185,135,194,120,174,26222,39321
67.620,0,805,22,84,57,14.7,13.6,0.925,1,0,0,0,12.5,312,2.576,1,20,138.5,0,0,0,0,1,0,0,0,0,0,0,0,0,0,0,52.82,34,0.344,1,0,0,0,0,0,0,0,0,0,800,810,800,800,1090,1400,76,0.254,26.5,14.3,12.86,0,138.5,0,20,22,12.745,353.28,1,0.625,0.625,0.586,2.109,0.645,0.02,0,,,,39,0,0,0,0,0,0,0,0,0,0,7,0,0,7000,7000,29,242,1346,76,79,47,68,39,69,0,39321,174,185,135,194,118,174,26222,39321
67.680,0,804,22,84,57,14.7,13.6,0.925,1,0,0,0,13,312,2.576,1,20,138.5,0,0,0,0,1,0,0,0,0,0,0,0,0,0,0,52.82,34,0.344,1,0,0,0,0,0,0,0,0,0,800,800,800,800,1090,1400,76,0.254,26.5,14.3,12.86,0,138.5,0,20,22,12.745,353.28,1,0.625,0.625,0.586,2.109,0.645,0.02,0,,,,56,0,0,0,0,0,0,0,0,0,0,7,0,0,7000,7000,29,242,1346,56,79,47,68,39,68,0,39321,171,185,135,194,118,177,26222,39321
67.740,0,804,22,84,57,14.7,13.6,0.925,1,0,0,0,13,312,2.576,1,20,138.5,0,0,0,0,1,0,0,0,0,0,0,0,0,0,0,52.82,34,0.344,1,0,0,0,0,0,0,0,0,0,800,800,800,800,1090,1400,76,0.254,26.5,14.3,12.86,0,138.5,0,20,22,12.745,353.28,1,0.625,0.625,0.586,2.109,0.645,0.02,0,,,,49,0,0,0,0,0,0,0,0,0,0,7,0,0,7000,7000,29,242,1346,56,44,49,68,39,68,0,39321,171,182,135,194,118,177,26222,39321
67.800,0,810,22,84,57,14.7,13.6,0.925,1,0,0,0,12.5,312,2.576,1,20,138.67,0,0,0,0,1,0,0,0,0,0,0,0,0,0,0,52.82,34,0.344,1,0,0,0,0,0,0,0,0,0,800,810,800,800,1090,1400,76,0.254,26.5,14.3,12.81,0,138.67,0,20,22,12.745,353.28,1,0.645,0.645,0.586,2.109,0.645,0.02,0,,,,66,0,0,0,0,0,0,0,0,0,0,7,0,0,7000,7000,29,242,1346,56,44,49,76,42,66,0,39321,171,182,135,196,118,177,26222,39321
67.860,0,814,22,84,57,14.7,13.57,0.923,1,0,0,0,12.5,312,2.576,1,20,138.67,0,0,0,0,1,0,0,0,0,0,0,0,0,0,0,52.82,34,0.344,1,0,0,0,0,0,0,0,0,0,800,810,800,800,1090,1400,76,0.254,26.5,14.3,12.69,0,138.67,0,20,22,12.745,353.28,1,0.645,0.645,0.586,2.109,0.645,0.02,0,,,,66,0,0,0,0,0,0,0,0,0,0,7,0,0,7000,7000,29,242,1346,56,66,49,76,42,66,0,39321,168,182,135,196,118,177,26222,39321
67.920,0,813,22,84,57,14.7,13.6,0.925,1,0,0,0,12.5,312,2.576,1,20,138.5,0,0,0,0,1,0,0,0,0,0,0,0,0,0,0,52.82,34,0.344,1,0,0,0,0,0,0,0,0,0,800,810,800,800,1090,1400,76,0.254,26.5,14.3,12.69,0,138.5,0,20,22,12.745,353.28,1,0.645,0.645,0.586,2.109,0.645,0.02,0,,,,51,0,0,0,0,0,0,0,0,0,0,7,0,0,7000,7000,29,242,1346,56,66,51,74,51,66,0,39321,168,182,137,196,118,177,26222,39321
67.980,0,813,22,84,57,14.7,13.6,0.925,1,0,0,0,12.5,312,2.576,1,20,138.5,0,0,0,0,1,0,0,0,0,0,0,0,0,0,0,52.82,34,0.344,1,0,0,0,0,0,0,0,0,0,800,810,800,800,1090,1400,76,0.254,26.5,14.3,12.69,0,138.5,0,20,22,12.745,353.28,1,0.645,0.645,0.586,2.109,0.645,0.02,0,,,,64,0,0,0,0,0,0,0,0,0,0,7,0,0,7000,7000,29,242,1346,64,66,51,74,51,56,0,39321,168,182,137,196,118,177,26222,39321
68.040,0,811,22,84,57,14.7,13.6,0.925,1,0,0,0,12.5,312,2.576,1,20,138.5,0,0,0,0,1,0,0,0,0,0,0,0,0,0,0,52.82,34,0.344,1,0,0,0,0,0,0,0,0,0,800,810,800,800,1090,1400,76,0.254,26.5,14.3,12.69,0,138.5,0,20,22,12.672,353.28,1,0.625,0.625,0.586,2.109,0.645,0.02,0,,,,73,0,0,0,0,0,0,0,0,0,0,7,0,0,7000,7000,29,242,1346,64,61,51,73,51,56,0,39321,168,182,137,196,118,177,26222,39321
68.100,0,810,22,84,57,14.7,13.6,0.925,1,0,0,0,12.5,312,2.584,1,20,138.5,0,0,0,0,1,0,0,0,0,0,0,0,0,0,0,52.82,34,0.344,1,0,0,0,0,0,0,0,0,0,800,810,800,800,1090,1400,76,0.254,26.5,14.3,12.81,0,138.5,0,20,22,12.672,353.28,1,0.625,0.625,0.586,2.109,0.645,0.02,0,,,,66,0,0,0,0,0,0,0,0,0,0,7,0,0,7000,7000,29,242,1346,64,61,51,73,42,66,0,39321,168,182,137,196,118,180,26222,39321
68.160,0,806,22,84,57,14.7,13.6,0.925,1,0,0,0,12.5,312,2.584,1,20,138.5,0,0,0,0,1,0,0,0,0,0,0,0,0,0,0,52.82,34,0.344,1,0,0,0,0,0,0,0,0,0,800,810,800,800,1090,1400,76,0.254,26.5,14.3,13.03,0,138.5,0,20,22,12.745,353.28,1,0.625,0.625,0.586,2.109,0.645,0.02,0,,,,78,0,0,0,0,0,0,0,0,0,0,7,0,0,7000,7000,29,242,1346,71,78,51,73,42,66,0,39321,168,185,137,196,118,180,26222,39321
68.220,0,803,22,84,57,14.7,13.6,0.925,1,0,0,0,13,312,2.576,1,20,138.83,0,0,0,0,1,0,0,0,0,0,0,0,0,0,0,53.05,34,0.344,1,0,0,0,0,0,0,0,0,0,800,800,800,800,1090,1400,76,0.254,26.5,14.3,13.09,0,138.83,0,20,22,12.745,353.28,1,0.645,0.645,0.586,2.109,0.645,0.02,0,,,,39,0,0,0,0,0,0,0,0,0,0,7,0,0,7000,7000,29,242,1346,71,78,44,71,39,66,0,39321,168,185,137,196,118,180,26222,39321
68.280,0,805,22,84,57,14.7,13.6,0.925,1,0,0,0,12.5,312,2.576,1,20,138.67,0,0,0,0,1,0,0,0,0,0,0,0,0,0,0,52.82,34,0.344,1,0,0,0,0,0,0,0,0,0,800,810,800,800,1090,1400,76,0.254,26.5,14.3,13.09,0,138.67,0,20,22,12.745,353.28,1,0.645,0.645,0.586,2.109,0.645,0.02,0,,,,62,0,0,0,0,0,0,0,0,0,0,7,0,0,7000,7000,29,242,1346,62,78,44,71,39,74,0,39321,168,185,137,196,118,180,26222,39321
68.340,0,803,22,84,57,14.7,13.6,0.925,1,0,0,0,13,312,2.576,1,20,138.67,0,0,0,0,1,0,0,0,0,0,0,0,0,0,0,53.05,34,0.344,1,0,0,0,0,0,0,0,0,0,800,800,800,800,1090,1400,76,0.254,26.5,14.3,13.15,0,138.67,0,20,22,12.745,353.28,1,0.645,0.645,0.586,2.109,0.645,0.02,0,,,,79,0,0,0,0,0,0,0,0,0,0,7,0,0,7000,7000,29,242,1346,62,64,45,79,39,74,0,39321,168,185,137,199,118,180,26222,39321
68.400,0,801,22,84,57,14.7,13.6,0.925,1,0,0,0,13,312,2.576,1,20,138.83,0,0,0,0,1,0,0,0,0,0,0,0,0,0,0,53.05,34,0.344,1,0,0,0,0,0,0,0,0,0,800,800,800,800,1090,1400,76,0.254,26.5,14.3,13.09,0,138.83,0,20,22,12.745,353.28,1,0.645,0.645,0.586,2.109,0.645,0.02,0,,,,64,0,0,0,0,0,0,0,0,0,0,7,0,0,7000,7000,29,242,1346,62,64,45,79,34,64,0,39321,168,185,137,199,115,180,26222,39321
68.460,0,800,22,84,57,14.7,13.57,0.923,1,0,0,0,13,312,2.584,1,20,139,0,0,0,0,1,0,0,0,0,0,0,0,0,0,0,53.05,34,0.344,1,0,0,0,0,0,0,0,0,0,800,800,800,800,1090,1400,76,0.254,26.5,14.3,13.03,0,139,0,20,22,12.745,353.28,1,0.645,0.645,0.586,2.109,0.645,0.02,0,,,,51,0,0,0,0,0,0,0,0,0,0,7,0,0,7000,7000,29,242,1346,73,51,45,79,34,64,0,39321,171,182,137,199,115,180,26222,39321
68.520,0,801,22,84,57,14.7,13.6,0.925,1,0,0,0,13,312,2.584,1,20,139,0,0,0,0,1,0,0,0,0,0,0,0,0,0,0,53.05,34,0.344,1,0,0,0,0,0,0,0,0,0,800,800,800,800,1090,1400,76,0.254,26.5,14.3,12.86,0,139,0,20,22,12.745,353.28,1,0.645,0.645,0.586,2.109,0.645,0.02,0,,,,34,0,0,0,0,0,0,0,0,0,0,7,0,0,7000,7000,29,242,1346,73,51,45,90,34,64,0,39321,171,182,137,202,112,180,26222,39321
68.580,0,802,22,84,57,14.7,13.6,0.925,1,0,0,0,13,312,2.584,1,20,139,0,0,0,0,1,0,0,0,0,0,0,0,0,0,0,53.05,34,0.344,1,0,0,0,0,0,0,0,0,0,800,800,800,800,1090,1400,76,0.254,26.5,14.3,12.92,0,139,0,20,22,12.745,353.28,1,0.645,0.645,0.586,2.109,0.645,0.02,0,,,,73,0,0,0,0,0,0,0,0,0,0,7,0,0,7000,7000,29,242,1346,73,51,45,90,34,64,0,39321,174,182,137,202,112,180,26222,39321
68.640,0,800,22,84,57,14.7,13.6,0.925,1,0,0,0,13,312,2.584,1,20,139,0,0,0,0,1,0,0,0,0,0,0,0,0,0,0,53.05,34,0.344,1,0,0,0,0,0,0,0,0,0,800,800,800,800,1090,1400,76,0.254,26.5,14.3,12.86,0,139,0,20,22,12.745,353.28,1,0.625,0.625,0.586,2.109,0.645,0.02,0,,,,85,0,0,0,0,0,0,0,0,0,0,7,0,0,7000,7000,29,242,1346,73,64,44,85,34,64,0,39321,174,182,137,205,112,180,26222,39321
68.700,0,800,22,84,57,14.7,13.57,0.923,1,0,0,0,13,312,2.584,1,20,139,0,0,0,0,1,0,0,0,0,0,0,0,0,0,0,53.05,34,0.344,1,0,0,0,0,0,0,0,0,0,800,800,800,800,1090,1400,76,0.254,26.5,14.3,12.81,0,139,0,20,22,12.745,353.28,1,0.645,0.645,0.586,2.109,0.645,0.02,0,,,,74,0,0,0,0,0,0,0,0,0,0,7,0,0,7000,7000,29,242,1346,73,64,44,85,49,74,0,39321,174,182,137,205,112,182,26222,39321
68.760,0,803,22,84,57,14.7,13.57,0.923,1,0,0,0,13,312,2.584,1,20,139,0,0,0,0,1,0,0,0,0,0,0,0,0,0,0,53.05,34,0.344,1,0,0,0,0,0,0,0,0,0,800,800,800,800,1090,1400,76,0.254,26.5,14.3,12.75,0,139,0,20,22,12.745,353.28,1,0.645,0.645,0.586,2.109,0.645,0.02,0,,,,47,0,0,0,0,0,0,0,0,0,0,7,0,0,7000,7000,29,242,1346,69,61,47,85,49,74,0,39321,174,182,137,205,112,182,26222,39321
68.820,0,805,22,84,57,14.7,13.57,0.923,1,0,0,0,12.5,312,2.584,1,20,139,0,0,0,0,1,0,0,0,0,0,0,0,0,0,0,53.05,34,0.344,1,0,0,0,0,0,0,0,0,0,800,810,800,800,1090,1400,76,0.254,26.5,14.3,12.92,0,139,0,20,22,12.745,353.28,1,0.645,0.645,0.586,2.109,0.645,0.02,0,,,,39,0,0,0,0,0,0,0,0,0,0,7,0,0,7000,7000,29,242,1346,69,61,47,85,39,74,0,39321,174,182,137,208,112,182,26222,39321
68.880,0,807,22,84,57,14.7,13.57,0.923,1,0,0,0,12.5,312,2.584,1,20,139,0,0,0,0,1,0,0,0,0,0,0,0,0,0,0,53.05,34,0.344,1,0,0,0,0,0,0,0,0,0,800,810,800,800,1090,1400,76,0.254,26.5,14.3,12.86,0,139,0,20,22,12.745,353.28,1,0.645,0.645,0.586,2.109,0.645,0.02,0,,,,73,0,0,0,0,0,0,0,0,0,0,7,0,0,7000,7000,29,242,1346,73,61,47,85,39,68,0,39321,174,182,137,208,112,182,26222,39321
68.940,0,808,22,84,57,14.7,13.57,0.923,1,0,0,0,12.5,312,2.584,1,20,139,0,0,0,0,1,0,0,0,0,0,0,0,0,0,0,53.05,34,0.344,1,0,0,0,0,0,0,0,0,0,800,810,800,800,1090,1400,76,0.254,26.5,14.3,12.86,0,139,0,20,22,12.745,353.28,1,0.645,0.645,0.586,2.109,0.645,0.02,0,,,,79,0,0,0,0,0,0,0,0,0,0,7,0,0,7000,7000,29,242,1346,73,74,47,79,39,68,0,39321,174,185,137,208,112,182,26222,39321
69.000,0,809,22,84,57,14.7,13.6,0.925,1,0,0,0,12.5,312,2.584,1,20,139,0,0,0,0,1,0,0,0,0,0,0,0,0,0,0,53.05,34,0.344,1,0,0,0,0,0,0,0,0,0,800,810,800,800,1090,1400,76,0.254,26.5,14.3,12.86,0,139,0,20,22,12.745,353.28,1,0.664,0.664,0.586,2.109,0.645,0.02,0,,,,81,0,0,0,0,0,0,0,0,0,0,7,0,0,7000,7000,29,242,1346,73,74,47,79,42,81,0,39321,174,185,137,208,112,185,26222,39321
69.060,0,809,22,84,57,14.7,13.6,0.925,1,0,0,0,12.5,312,2.584,1,20,139,0,0,0,0,1,0,0,0,0,0,0,0,0,0,0,53.05,34,0.344,1,0,0,0,0,0,0,0,0,0,800,810,800,800,1090,1400,76,0.254,26.5,14.3,12.98,0,139,0,20,22,12.745,353.28,1,0.645,0.645,0.586,2.109,0.645,0.02,0,,,,45,0,0,0,0,0,0,0,0,0,0,7,0,0,7000,7000,29,242,1346,59,52,45,79,42,81,0,39321,174,182,137,208,112,185,26222,39321
69.120,0,809,22,84,57,14.7,13.6,0.925,1,0,0,0,12.5,312,2.584,1,20,139,0,0,0,0,1,0,0,0,0,0,0,0,0,0,0,53.05,34,0.344,1,0,0,0,0,0,0,0,0,0,800,810,800,800,1090,1400,76,0.254,26.5,14.3,12.75,0,139,0,20,22,12.745,353.28,1,0.645,0.645,0.586,2.109,0.645,0.02,0,,,,39,0,0,0,0,0,0,0,0,0,0,7,0,0,7000,7000,29,242,1346,59,52,45,71,39,81,0,39321,174,182,137,208,112,185,26222,39321
69.180,0,812,22,84,57,14.7,13.63,0.927,1,0,0,0,12.5,312,2.576,1,20,138.83,0,0,0,0,1,0,0,0,0,0,0,0,0,0,0,52.82,34,0.344,1,0,0,0,0,0,0,0,0,0,800,810,800,800,1090,1400,76,0.254,26.5,14.3,12.81,0,138.83,0,20,22,12.745,353.28,1,0.645,0.645,0.586,2.109,0.645,0.02,0,,,,64,0,0,0,0,0,0,0,0,0,0,7,0,0,7000,7000,29,242,1346,64,52,45,71,39,62,0,39321,177,182,137,208,112,182,26222,39321
69.240,0,804,22,84,57,14.7,13.63,0.927,1,0,0,0,13,312,2.576,1,20,138.67,0,0,0,0,1,0,0,0,0,0,0,0,0,0,0,52.82,34,0.344,1,0,0,0,0,0,0,0,0,0,800,800,800,800,1090,1400,76,0.254,26.5,14.3,12.81,0,138.67,0,20,22,12.745,353.28,1,0.645,0.645,0.586,2.109,0.645,0.02,0,,,,68,0,0,0,0,0,0,0,0,0,0,7,0,0,7000,7000,29,242,1346,64,47,52,68,39,62,0,39321,177,177,140,205,112,182,26222,39321
69.300,0,799,22,84,57,14.7,13.63,0.927,1,0,0,0,13,312,2.576,1,20,138.83,0,0,0,0,1,0,0,0,0,0,0,0,0,0,0,53.05,34,0.344,1,0,0,0,0,0,0,0,0,0,800,800,800,800,1090,1400,76,0.254,26.5,14.3,12.86,0,138.83,0,20,22,12.745,353.28,1,0.645,0.645,0.586,2.109,0.645,0.02,0,,,,61,0,0,0,0,0,0,0,0,0,0,7,0,0,7000,7000,29,242,1346,64,47,52,68,40,61,0,39321,177,177,140,205,112,182,26222,39321
69.360,0,799,22,84,57,14.7,13.63,0.927,1,0,0,0,13,312,2.584,1,20,139,0,0,0,0,1,0,0,0,0,0,0,0,0,0,0,53.05,34,0.344,1,0,0,0,0,0,0,0,0,0,800,800,800,800,1090,1400,76,0.254,26.5,14.3,12.86,0,139,0,20,22,12.745,353.28,1,0.645,0.645,0.586,2.109,0.645,0.02,0,,,,45,0,0,0,0,0,0,0,0,0,0,7,0,0,7000,7000,29,242,1346,69,47,45,68,40,61,0,39321,177,174,140,205,112,182,26222,39321
69.420,0,801,22,84,57,14.7,13.6,0.925,1,0,0,0,13,312,2.584,1,20,139,0,0,0,0,1,0,0,0,0,0,0,0,0,0,0,53.05,34,0.344,1,0,0,0,0,0,0,0,0,0,800,800,800,800,1090,1400,76,0.254,26.5,14.3,13.09,0,139,0,20,22,12.745,353.28,1,0.645,0.645,0.586,2.109,0.645,0.02,0,,,,47,0,0,0,0,0,0,0,0,0,0,7,0,0,7000,7000,29,242,1346,69,47,45,79,47,61,0,39321,177,174,140,205,115,182,26222,39321
69.480,0,809,22,84,57,14.7,13.6,0.925,1,0,0,0,12.5,312,2.584,1,20,139,0,0,0,0,1,0,0,0,0,0,0,0,0,0,0,53.05,34,0.344,1,0,0,0,0,0,0,0,0,0,800,810,800,800,1090,1400,76,0.254,26.5,14.3,13.03,0,139,0,20,22,12.745,353.28,1,0.645,0.645,0.586,2.109,0.645,0.02,0,,,,61,0,0,0,0,0,0,0,0,0,0,7,0,0,7000,7000,29,242,1346,61,61,45,79,47,64,0,39321,177,174,140,205,115,182,26222,39321
69.540,0,810,22,84,57,14.7,13.6,0.925,1,0,0,0,12.5,312,2.584,1,20,139,0,0,0,0,1,0,0,0,0,0,0,0,0,0,0,53.05,34,0.344,1,0,0,0,0,0,0,0,0,0,800,810,800,800,1090,1400,76,0.254,26.5,14.3,13.03,0,139,0,20,22,12.745,353.28,1,0.645,0.645,0.586,2.109,0.645,0.02,0,,,,66,0,0,0,0,0,0,0,0,0,0,7,0,0,7000,7000,29,242,1346,61,61,45,66,47,64,0,39321,177,174,137,205,115,182,26222,39321
69.600,0,812,22,84,57,14.7,13.6,0.925,1,0,0,0,12.5,312,2.584,1,20,139,0,0,0,0,1,0,0,0,0,0,0,0,0,0,0,53.05,34,0.344,1,0,0,0,0,0,0,0,0,0,800,810,800,800,1090,1400,76,0.254,26.5,14.3,13.03,0,139,0,20,22,12.745,353.28,1,0.645,0.645,0.586,2.109,0.645,0.02,0,,,,71,0,0,0,0,0,0,0,0,0,0,7,0,0,7000,7000,29,242,1346,61,61,45,66,40,71,0,39321,177,174,137,205,115,182,26222,39321
69.661,0,811,22,84,57,14.7,13.57,0.923,1,0,0,0,12.5,312,2.576,1,20,138.67,0,0,0,0,1,0,0,0,0,0,0,0,0,0,0,52.82,34,0.344,1,0,0,0,0,0,0,0,0,0,800,810,800,800,1090,1400,76,0.254,26.5,14.3,13.03,0,138.67,0,20,22,12.745,353.28,1,0.645,0.645,0.586,2.109,0.645,0.02,0,,,,44,0,0,0,0,0,0,0,0,0,0,7,0,0,7000,7000,29,242,1346,57,49,44,66,40,71,0,39321,177,171,137,205,115,182,26222,39321
69.721,0,812,22,84,57,14.7,13.57,0.923,1,0,0,0,12.5,312,2.576,1,20,138.83,0,0,0,0,1,0,0,0,0,0,0,0,0,0,0,53.05,34,0.344,1,0,0,0,0,0,0,0,0,0,800,810,800,800,1090,1400,76,0.254,26.5,14.3,12.92,0,138.83,0,20,22,12.745,353.28,1,0.645,0.645,0.586,2.109,0.645,0.02,0,,,,45,0,0,0,0,0,0,0,0,0,0,7,0,0,7000,7000,29,242,1346,57,49,44,64,45,71,0,39321,177,171,137,202,115,182,26222,39321
69.781,0,816,22,84,57,14.7,13.6,0.925,1,0,0,0,12,312,2.576,1,20,138.67,0,0,0,0,1,0,0,0,0,0,0,0,0,0,0,52.82,34,0.344,1,0,0,0,0,0,0,0,0,0,800,820,800,800,1090,1400,76,0.254,26.5,14.3,12.75,0,138.67,0,20,22,12.745,353.28,1,0.625,0.625,0.586,2.109,0.645,0.02,0,,,,57,0,0,0,0,0,0,0,0,0,0,7,0,0,7000,7000,29,242,1346,73,57,44,64,45,68,0,39321,177,171,137,202,115,185,26222,39321
69.841,0,808,22,84,57,14.7,13.6,0.925,1,0,0,0,12.5,312,2.576,1,20,138.67,0,0,0,0,1,0,0,0,0,0,0,0,0,0,0,52.82,34,0.344,1,0,0,0,0,0,0,0,0,0,800,810,800,800,1090,1400,76,0.254,26.5,14.3,12.81,0,138.67,0,20,22,12.745,353.28,1,0.645,0.645,0.586,2.109,0.645,0.02,0,,,,79,0,0,0,0,0,0,0,0,0,0,7,0,0,7000,7000,29,242,1346,73,57,47,79,45,68,0,39321,177,171,137,202,115,185,26222,39321
69.901,0,806,22,84,57,14.7,13.63,0.927,1,0,0,0,12.5,312,2.576,1,20,138.5,0,0,0,0,1,0,0,0,0,0,0,0,0,0,0,52.82,34,0.344,1,0,0,0,0,0,0,0,0,0,800,810,800,800,1090,1400,76,0.254,26.5,14.3,12.69,0,138.5,0,20,22,12.745,353.28,1,0.645,0.645,0.586,2.109,0.645,0.02,0,,,,74,0,0,0,0,0,0,0,0,0,0,7,0,0,7000,7000,29,242,1346,74,57,47,79,51,73,0,39321,180,171,137,202,118,185,26222,39321
69.961,0,801,22,84,57,14.7,13.63,0.927,1,0,0,0,13,312,2.576,1,20,138.5,0,0,0,0,1,0,0,0,0,0,0,0,0,0,0,52.82,34,0.344,1,0,0,0,0,0,0,0,0,0,800,800,800,800,1090,1400,76,0.254,26.5,14.3,12.69,0,138.5,0,20,22,12.745,353.28,1,0.625,0.625,0.586,2.109,0.645,0.02,0,,,,45,0,0,0,0,0,0,0,0,0,0,7,0,0,7000,7000,29,242,1346,74,59,45,79,51,73,0,39321,180,171,137,202,118,185,26222,39321
70.021,0,801,22,84,57,14.7,13.63,0.927,1,0,0,0,13,312,2.584,1,20,138.67,0,0,0,0,1,0,0,0,0,0,0,0,0,0,0,53.05,34,0.344,1,0,0,0,0,0,0,0,0,0,800,800,800,800,1090,1400,76,0.254,26.5,14.3,12.75,0,138.67,0,20,22,12.672,353.28,1,0.645,0.645,0.586,2.109,0.645,0.02,0,,,,39,0,0,0,0,0,0,0,0,0,0,7,0,0,7000,7000,29,242,1346,74,59,45,69,39,73,0,39321,180,171,137,199,118,185,26222,39321
70.081,0,806,22,84,57,14.7,13.6,0.925,1,0,0,0,12.5,312,2.584,1,20,138.83,0,0,0,0,1,0,0,0,0,0,0,0,0,0,0,53.05,34,0.344,1,0,0,0,0,0,0,0,0,0,800,810,800,800,1090,1400,76,0.254,26.5,14.3,12.81,0,138.83,0,20,22,12.745,353.28,1,0.645,0.645,0.586,2.109,0.645,0.02,0,,,,62,0,0,0,0,0,0,0,0,0,0,7,0,0,7000,7000,29,242,1346,66,62,45,69,39,69,0,39321,182,171,137,199,118,185,26222,39321
70.141,0,808,22,84,57,14.7,13.6,0.925,1,0,0,0,12.5,312,2.576,1,20,138.83,0,0,0,0,1,0,0,0,0,0,0,0,0,0,0,53.05,34,0.344,1,0,0,0,0,0,0,0,0,0,800,810,800,800,1090,1400,76,0.254,26.5,14.3,12.86,0,138.83,0,20,22,12.745,353.28,1,0.664,0.664,0.586,2.109,0.645,0.02,0,,,,86,0,0,0,0,0,0,0,0,0,0,7,0,0,7000,7000,29,242,1346,66,62,44,86,39,69,0,39321,182,171,135,202,118,185,26222,39321
70.201,0,805,22,84,57,14.7,13.6,0.925,1,0,0,0,12.5,312,2.576,1,20,138.83,0,0,0,0,1,0,0,0,0,0,0,0,0,0,0,53.05,34,0.344,1,0,0,0,0,0,0,0,0,0,800,810,800,800,1090,1400,76,0.254,26.5,14.3,12.81,0,138.83,0,20,22,12.745,353.28,1,0.625,0.625,0.586,2.109,0.645,0.02,0,,,,52,0,0,0,0,0,0,0,0,0,0,7,0,0,7000,7000,29,242,1346,52,62,44,86,42,69,0,39321,182,171,135,202,118,185,26222,39321
70.261,0,806,22,84,57,14.7,13.6,0.925,1,0,0,0,12.5,312,2.576,1,20,138.67,0,0,0,0,1,0,0,0,0,0,0,0,0,0,0,52.82,34,0.344,1,0,0,0,0,0,0,0,0,0,800,810,800,800,1090,1400,76,0.254,26.5,14.3,12.86,0,138.67,0,20,22,12.745,353.28,1,0.645,0.645,0.586,2.109,0.645,0.02,0,,,,47,0,0,0,0,0,0,0,0,0,0,7,0,0,7000,7000,29,242,1346,52,51,47,86,42,69,0,39321,182,168,135,202,118,185,26222,39321
70.321,0,813,22,84,57,14.7,13.6,0.925,1,0,0,0,12.5,312,2.576,1,20,138.83,0,0,0,0,1,0,0,0,0,0,0,0,0,0,0,53.05,34,0.344,1,0,0,0,0,0,0,0,0,0,800,810,800,800,1090,1400,76,0.254,26.5,14.3,12.92,0,138.83,0,20,22,12.745,353.28,1,0.625,0.625,0.586,2.109,0.645,0.02,0,,,,76,0,0,0,0,0,0,0,0,0,0,7,0,0,7000,7000,29,242,1346,52,51,47,69,40,76,0,39321,182,168,135,202,118,185,26222,39321
70.381,0,816,22,84,57,14.7,13.63,0.927,1,0,0,0,12,312,2.576,1,20,138.83,0,0,0,0,1,0,0,0,0,0,0,0,0,0,0,52.82,34,0.344,1,0,0,0,0,0,0,0,0,0,800,820,800,800,1090,1400,76,0.254,26.5,14.3,12.86,0,138.83,0,20,22,12.745,353.28,1,0.625,0.625,0.586,2.109,0.645,0.02,0,,,,83,0,0,0,0,0,0,0,0,0,0,7,0,0,7000,7000,29,242,1346,51,83,47,69,40,76,0,39321,180,174,135,202,118,185,26222,39321
70.441,0,814,22,84,57,14.7,13.63,0.927,1,0,0,0,12.5,312,2.576,1,20,138.67,0,0,0,0,1,0,0,0,0,0,0,0,0,0,0,52.82,34,0.344,1,0,0,0,0,0,0,0,0,0,800,810,800,800,1090,1400,76,0.254,26.5,14.3,12.86,0,138.67,0,20,22,12.745,353.28,1,0.645,0.645,0.586,2.109,0.645,0.02,0,,,,64,0,0,0,0,0,0,0,0,0,0,7,0,0,7000,7000,29,242,1346,51,83,51,64,40,76,0,39321,180,174,135,202,118,185,26222,39321
70.501,0,816,22,84,57,14.7,13.69,0.931,1,0,0,0,12,312,2.576,1,20,138.5,0,0,0,0,1,0,0,0,0,0,0,0,0,0,0,52.82,34,0.344,1,0,0,0,0,0,0,0,0,0,800,820,800,800,1090,1400,76,0.254,26.5,14.3,12.92,0,138.5,0,20,22,12.672,353.28,1,0.625,0.625,0.586,2.109,0.645,0.02,0,,,,59,0,0,0,0,0,0,0,0,0,0,7,0,0,7000,7000,29,242,1346,59,83,51,64,51,64,0,39321,180,174,135,202,118,185,26222,39321
70.561,0,812,22,84,57,14.7,13.69,0.931,1,0,0,0,12.5,312,2.584,1,20,138.5,0,0,0,0,1,0,0,0,0,0,0,0,0,0,0,52.82,34,0.344,1,0,0,0,0,0,0,0,0,0,800,810,800,800,1090,1400,76,0.254,26.5,14.3,12.81,0,138.5,0,20,22,12.672,353.28,1,0.625,0.625,0.586,2.109,0.645,0.02,0,,,,47,0,0,0,0,0,0,0,0,0,0,7,0,0,7000,7000,29,242,1346,59,57,47,64,51,64,0,39321,180,171,135,202,118,185,26222,39321
70.621,0,806,22,84,57,14.7,13.69,0.931,1,0,0,0,12.5,312,2.584,1,20,138.5,0,0,0,0,1,0,0,0,0,0,0,0,0,0,0,52.82,34,0.344,1,0,0,0,0,0,0,0,0,0,800,810,800,800,1090,1400,76,0.254,26.5,14.3,12.92,0,138.5,0,20,22,12.672,353.28,1,0.625,0.625,0.586,2.109,0.645,0.02,0,,,,71,0,0,0,0,0,0,0,0,0,0,7,0,0,7000,7000,29,242,1346,59,57,47,66,47,71,0,39321,180,171,135,202,118,188,26222,39321
70.681,0,810,22,84,57,14.7,13.69,0.931,1,0,0,0,12.5,312,2.584,1,20,138.5,0,0,0,0,1,0,0,0,0,0,0,0,0,0,0,52.82,34,0.344,1,0,0,0,0,0,0,0,0,0,800,810,800,800,1090,1400,76,0.254,26.5,14.3,12.98,0,138.5,0,20,22,12.672,353.28,1,0.645,0.645,0.586,2.109,0.645,0.02,0,,,,66,0,0,0,0,0,0,0,0,0,0,7,0,0,7000,7000,29,242,1346,56,66,47,66,47,71,0,39321,177,171,135,202,118,188,26222,39321
70.741,0,806,22,84,57,14.7,13.69,0.931,1,0,0,0,12.5,312,2.584,1,20,138.5,0,0,0,0,1,0,0,0,0,0,0,0,0,0,0,52.82,34,0.344,1,0,0,0,0,0,0,0,0,0,800,810,800,800,1090,1400,76,0.254,26.5,14.3,13.09,0,138.5,0,20,22,12.672,353.28,1,0.645,0.645,0.586,2.109,0.645,0.02,0,,,,42,0,0,0,0,0,0,0,0,0,0,7,0,0,7000,7000,29,242,1346,56,66,52,81,42,71,0,39321,177,171,137,202,118,188,26222,39321
70.801,0,808,22,84,57,14.7,13.69,0.931,1,0,0,0,12.5,312,2.576,1,20,138.67,0,0,0,0,1,0,0,0,0,0,0,0,0,0,0,52.82,34,0.344,1,0,0,0,0,0,0,0,0,0,800,810,800,800,1090,1400,76,0.254,26.5,14.3,13.03,0,138.67,0,20,22,12.745,353.28,1,0.625,0.625,0.586,2.109,0.645,0.02,0,,,,59,0,0,0,0,0,0,0,0,0,0,7,0,0,7000,7000,29,242,1346,59,66,52,81,42,71,0,39321,177,171,137,202,118,188,26222,39321
70.861,0,807,22,84,57,14.7,13.69,0.931,1,0,0,0,12.5,312,2.576,1,20,138.5,0,0,0,0,1,0,0,0,0,0,0,0,0,0,0,52.82,34,0.344,1,0,0,0,0,0,0,0,0,0,800,810,800,800,1090,1400,76,0.254,26.5,14.3,13.09,0,138.5,0,20,22,12.745,353.28,1,0.625,0.625,0.586,2.109,0.645,0.02,0,,,,47,0,0,0,0,0,0,0,0,0,0,7,0,0,7000,7000,29,242,1346,59,62,47,81,42,71,0,39321,177,171,137,202,118,188,26222,39321
70.921,0,804,22,84,57,14.7,13.69,0.931,1,0,0,0,13,312,2.576,1,20,138.67,0,0,0,0,1,0,0,0,0,0,0,0,0,0,0,52.82,34,0.344,1,0,0,0,0,0,0,0,0,0,800,800,800,800,1090,1400,76,0.254,26.5,14.3,13.03,0,138.67,0,20,22,12.745,353.28,1,0.645,0.645,0.586,2.109,0.645,0.02,0,,,,68,0,0,0,0,0,0,0,0,0,0,7,0,0,7000,7000,29,242,1346,59,62,47,68,39,68,0,39321,177,171,137,202,118,188,26222,39321
70.981,0,806,22,84,57,14.7,13.69,0.931,1,0,0,0,12.5,312,2.576,1,20,138.5,0,0,0,0,1,0,0,0,0,0,0,0,0,0,0,52.82,34,0.344,1,0,0,0,0,0,0,0,0,0,800,810,800,800,1090,1400,76,0.254,26.5,14.3,13.03,0,138.5,0,20,22,12.745,353.28,1,0.645,0.645,0.586,2.109,0.645,0.02,0,,,,61,0,0,0,0,0,0,0,0,0,0,7,0,0,7000,7000,29,242,1346,71,61,47,68,39,68,0,39321,177,171,137,202,118,188,26222,39321
71.041,0,806,22,84,57,14.7,13.69,0.931,1,0,0,0,12.5,312,2.576,1,20,138.83,0,0,0,0,1,0,0,0,0,0,0,0,0,0,0,53.05,34,0.344,1,0,0,0,0,0,0,0,0,0,800,810,800,800,1090,1400,76,0.254,26.5,14.3,12.75,0,138.83,0,20,22,12.745,353.28,1,0.645,0.645,0.586,2.109,0.645,0.02,0,,,,37,0,0,0,0,0,0,0,0,0,0,7,0,0,7000,7000,29,242,1346,71,61,54,74,37,68,0,39321,177,171,140,202,115,188,26222,39321
71.101,0,810,22,84,57,14.7,13.69,0.931,1,0,0,0,12.5,312,2.576,1,20,138.67,0,0,0,0,1,0,0,0,0,0,0,0,0,0,0,52.82,34,0.344,1,0,0,0,0,0,0,0,0,0,800,810,800,800,1090,1400,76,0.254,26.5,14.3,12.75,0,138.67,0,20,22,12.745,353.28,1,0.645,0.645,0.586,2.109,0.645,0.02,0,,,,64,0,0,0,0,0,0,0,0,0,0,7,0,0,7000,7000,29,242,1346,64,61,54,74,37,59,0,39321,177,171,140,202,115,188,26222,39321
71.161,0,809,22,84,57,14.7,13.69,0.931,1,0,0,0,12.5,312,2.576,1,20,138.67,0,0,0,0,1,0,0,0,0,0,0,0,0,0,0,53.05,34,0.344,1,0,0,0,0,0,0,0,0,0,800,810,800,800,1090,1400,76,0.254,26.5,14.3,12.75,0,138.67,0,20,22,12.745,353.28,1,0.645,0.645,0.586,2.109,0.645,0.02,0,,,,69,0,0,0,0,0,0,0,0,0,0,7,0,0,7000,7000,29,242,1346,64,54,47,69,37,59,0,39321,177,168,140,202,115,188,26222,39321
71.221,0,809,22,84,57,14.7,13.63,0.927,1,0,0,0,12.5,312,2.584,1,20,138.83,0,0,0,0,1,0,0,0,0,0,0,0,0,0,0,53.05,34,0.344,1,0,0,0,0,0,0,0,0,0,800,810,800,800,1090,1400,76,0.254,26.5,14.3,12.92,0,138.83,0,20,22,12.672,353.28,1,0.625,0.625,0.586,2.109,0.645,0.02,0,,,,68,0,0,0,0,0,0,0,0,0,0,7,0,0,7000,7000,29,242,1346,64,54,47,69,44,68,0,39321,177,168,140,202,115,188,26222,39321
71.281,0,811,22,84,57,14.7,13.6,0.925,1,0,0,0,12.5,312,2.584,1,20,138.67,0,0,0,0,1,0,0,0,0,0,0,0,0,0,0,52.82,34,0.344,1,0,0,0,0,0,0,0,0,0,800,810,800,800,1090,1400,76,0.254,26.5,14.3,12.75,0,138.67,0,20,22,12.672,353.28,1,0.645,0.645,0.586,2.109,0.645,0.02,0,,,,81,0,0,0,0,0,0,0,0,0,0,7,0,0,7000,7000,29,242,1346,54,81,47,69,44,68,0,39321,177,171,140,202,115,188,26222,39321
71.341,0,808,22,84,57,14.7,13.6,0.925,1,0,0,0,12.5,312,2.584,1,20,138.67,0,0,0,0,1,0,0,0,0,0,0,0,0,0,0,53.05,34,0.344,1,0,0,0,0,0,0,0,0,0,800,810,800,800,1090,1400,76,0.254,26.5,14.3,12.86,0,138.67,0,20,22,12.672,353.28,1,0.625,0.625,0.586,2.109,0.645,0.02,0,,,,47,0,0,0,0,0,0,0,0,0,0,7,0,0,7000,7000,29,242,1346,54,81,51,68,47,68,0,39321,177,171,140,202,115,188,26222,39321
71.401,0,808,22,84,57,14.7,13.6,0.925,1,0,0,0,12.5,312,2.584,1,20,138.67,0,0,0,0,1,0,0,0,0,0,0,0,0,0,0,52.82,34,0.344,1,0,0,0,0,0,0,0,0,0,800,810,800,800,1090,1400,76,0.254,26.5,14.3,13.03,0,138.67,0,20,22,12.745,353.28,1,0.645,0.645,0.586,2.109,0.645,0.02,0,,,,49,0,0,0,0,0,0,0,0,0,0,7,0,0,7000,7000,29,242,1346,49,81,51,68,47,69,0,39321,177,171,140,202,115,188,26222,39321
71.461,0,806,22,84,57,14.7,13.57,0.923,1,0,0,0,12.5,312,2.576,1,20,138.5,0,0,0,0,1,0,0,0,0,0,0,0,0,0,0,52.82,34,0.344,1,0,0,0,0,0,0,0,0,0,800,810,800,800,1090,1400,76,0.254,26.5,14.3,12.98,0,138.5,0,20,22,12.745,353.28,1,0.645,0.645,0.586,2.109,0.645,0.02,0,,,,69,0,0,0,0,0,0,0,0,0,0,7,0,0,7000,7000,29,242,1346,49,54,40,69,47,69,0,39321,177,168,137,202,115,188,26222,39321
71.521,0,804,22,84,57,14.7,13.57,0.923,1,0,0,0,13,312,2.576,1,20,138.67,0,0,0,0,1,0,0,0,0,0,0,0,0,0,0,52.82,34,0.344,1,0,0,0,0,0,0,0,0,0,800,800,800,800,1090,1400,76,0.254,26.5,14.3,12.92,0,138.67,0,20,22,12.745,353.28,1,0.645,0.645,0.586,2.109,0.645,0.02,0,,,,61,0,0,0,0,0,0,0,0,0,0,7,0,0,7000,7000,29,242,1346,49,54,40,69,47,61,0,39321,177,168,137,202,118,185,26222,39321
71.581,0,811,22,84,57,14.7,13.57,0.923,1,0,0,0,12.5,312,2.576,1,20,138.67,0,0,0,0,1,0,0,0,0,0,0,0,0,0,0,52.82,34,0.344,1,0,0,0,0,0,0,0,0,0,800,810,800,800,1090,1400,76,0.254,26.5,14.3,12.92,0,138.67,0,20,22,12.745,353.28,1,0.625,0.625,0.586,2.109,0.645,0.02,0,,,,69,0,0,0,0,0,0,0,0,0,0,7,0,0,7000,7000,29,242,1346,47,69,40,69,47,61,0,39321,174,171,137,202,118,185,26222,39321
71.641,0,812,22,84,57,14.7,13.6,0.925,1,0,0,0,12.5,312,2.576,1,20,138.83,0,0,0,0,1,0,0,0,0,0,0,0,0,0,0,53.05,34,0.344,1,0,0,0,0,0,0,0,0,0,800,810,800,800,1090,1400,76,0.254,26.5,14.3,12.98,0,138.83,0,20,22,12.745,353.28,1,0.645,0.645,0.586,2.109,0.645,0.02,0,,,,49,0,0,0,0,0,0,0,0,0,0,7,0,0,7000,7000,29,242,1346,47,69,45,71,49,61,0,39321,174,171,137,202,118,185,26222,39321
71.701,0,817,22,84,57,14.7,13.6,0.925,1,0,0,0,12,312,2.576,1,20,138.83,0,0,0,0,1,0,0,0,0,0,0,0,0,0,0,52.82,34,0.344,1,0,0,0,0,0,0,0,0,0,800,820,800,800,1090,1400,76,0.254,26.5,14.3,12.86,0,138.83,0,20,22,12.745,353.28,1,0.645,0.645,0.586,2.109,0.645,0.02,0,,,,51,0,0,0,0,0,0,0,0,0,0,7,0,0,7000,7000,29,242,1346,51,69,45,71,49,69,0,39321,171,171,137,202,118,185,26222,39321
71.761,0,813,22,84,57,14.7,13.6,0.925,1,0,0,0,12.5,312,2.576,1,20,138.67,0,0,0,0,1,0,0,0,0,0,0,0,0,0,0,52.82,34,0.344,1,0,0,0,0,0,0,0,0,0,800,810,800,800,1090,1400,76,0.254,26.5,14.3,12.86,0,138.67,0,20,22,12.745,353.28,1,0.645,0.645,0.586,2.109,0.645,0.02,0,,,,66,0,0,0,0,0,0,0,0,0,0,7,0,0,7000,7000,29,242,1346,51,69,44,66,49,69,0,39321,171,174,137,199,118,185,26222,39321
71.821,0,811,22,84,57,14.7,13.6,0.925,1,0,0,0,12.5,312,2.576,1,20,138.5,0,0,0,0,1,0,0,0,0,0,0,0,0,0,0,52.82,34,0.344,1,0,0,0,0,0,0,0,0,0,800,810,800,800,1090,1400,76,0.254,26.5,14.3,12.86,0,138.5,0,20,22,12.745,353.28,1,0.625,0.625,0.586,2.109,0.645,0.02,0,,,,64,0,0,0,0,0,0,0,0,0,0,7,0,0,7000,7000,29,242,1346,51,69,44,66,44,64,0,39321,171,174,137,199,118,185,26222,39321
71.881,0,808,22,84,57,14.7,13.6,0.925,1,0,0,0,12.5,312,2.584,1,20,138.5,0,0,0,0,1,0,0,0,0,0,0,0,0,0,0,52.82,34,0.344,1,0,0,0,0,0,0,0,0,0,800,810,800,800,1090,1400,76,0.254,26.5,14.3,12.92,0,138.5,0,20,22,12.672,353.28,1,0.645,0.645,0.586,2.09,0.645,0.02,0,,,,42,0,0,0,0,0,0,0,0,0,0,7,0,0,7000,7000,29,242,1346,54,71,42,66,44,64,0,39321,171,174,137,199,118,185,26222,39321
71.941,0,809,22,84,57,14.7,13.6,0.925,1,0,0,0,12.5,312,2.584,1,20,138.5,0,0,0,0,1,0,0,0,0,0,0,0,0,0,0,52.82,34,0.344,1,0,0,0,0,0,0,0,0,0,800,810,800,800,1090,1400,76,0.254,26.5,14.3,12.86,0,138.5,0,20,22,12.672,353.28,1,0.645,0.645,0.586,2.09,0.645,0.02,0,,,,42,0,0,0,0,0,0,0,0,0,0,7,0,0,7000,7000,29,242,1346,54,71,42,64,42,64,0,39321,171,174,137,199,118,185,26222,39321
72.001,0,803,22,84,57,14.7,13.6,0.925,1,0,0,0,13,312,2.584,1,20,138.5,0,0,0,0,1,0,0,0,0,0,0,0,0,0,0,52.82,34,0.344,1,0,0,0,0,0,0,0,0,0,800,800,800,800,1090,1400,76,0.254,26.5,14.3,12.98,0,138.5,0,20,22,12.672,353.28,1,0.645,0.645,0.586,2.09,0.645,0.02,0,,,,59,0,0,0,0,0,0,0,0,0,0,7,0,0,7000,7000,29,242,1346,51,59,42,64,42,62,0,39321,171,171,137,199,118,182,26222,39321
72.061,0,796,22,84,57,14.7,13.6,0.925,1,0,0,0,13,312,2.576,1,20,138.67,0,0,0,0,1,0,0,0,0,0,0,0,0,0,0,53.05,34,0.344,1,0,0,0,0,0,0,0,0,0,800,800,800,800,1090,1400,76,0.254,26.5,14.3,12.98,0,138.67,0,20,22,12.745,353.28,1,0.625,0.625,0.586,2.09,0.645,0.02,0,,,,68,0,0,0,0,0,0,0,0,0,0,7,0,0,7000,7000,29,242,1346,51,59,42,68,42,62,0,39321,171,171,137,199,118,182,26222,39321
72.121,0,800,22,84,57,14.7,13.6,0.925,1,0,0,0,13,312,2.576,1,20,138.83,0,0,0,0,1,0,0,0,0,0,0,0,0,0,0,53.05,34,0.344,1,0,0,0,0,0,0,0,0,0,800,800,800,800,1090,1400,76,0.254,26.5,14.3,12.92,0,138.83,0,20,22,12.745,353.28,1,0.625,0.625,0.586,2.09,0.645,0.02,0,,,,54,0,0,0,0,0,0,0,0,0,0,7,0,0,7000,7000,29,242,1346,51,59,42,68,42,54,0,39321,171,171,137,199,118,180,26222,39321
72.181,0,805,22,84,57,14.7,13.6,0.925,1,0,0,0,12.5,312,2.584,1,20,139,0,0,0,0,1,0,0,0,0,0,0,0,0,0,0,53.05,34,0.344,1,0,0,0,0,0,0,0,0,0,800,810,800,800,1090,1400,76,0.254,26.5,14.3,12.86,0,139,0,20,22,12.745,353.28,1,0.625,0.625,0.586,2.09,0.645,0.02,0,,,,44,0,0,0,0,0,0,0,0,0,0,7,0,0,7000,7000,29,242,1346,45,81,44,68,42,54,0,39321,168,174,137,199,118,180,26222,39321
72.241,0,811,22,84,57,14.7,13.6,0.925,1,0,0,0,12.5,312,2.584,1,20,139,0,0,0,0,1,0,0,0,0,0,0,0,0,0,0,53.05,34,0.344,1,0,0,0,0,0,0,0,0,0,800,810,800,800,1090,1400,76,0.254,26.5,14.3,12.92,0,139,0,20,22,12.745,353.28,1,0.645,0.645,0.586,2.09,0.645,0.02,0,,,,42,0,0,0,0,0,0,0,0,0,0,7,0,0,7000,7000,29,242,1346,45,81,44,68,42,54,0,39321,168,174,137,199,118,180,26222,39321
72.301,0,810,22,84,58,14.7,13.6,0.925,1,0,0,0,12.5,312,2.576,1,20,138.83,0,0,0,0,1,0,0,0,0,0,0,0,0,0,0,52.82,34,0.344,1,0,0,0,0,0,0,0,0,0,800,810,800,800,1090,1400,76,0.254,26.5,14.3,12.81,0,138.83,0,20,22,12.745,353.28,1,0.645,0.645,0.586,2.09,0.645,0.02,0,,,,56,0,0,0,0,0,0,0,0,0,0,7,0,0,7000,7000,29,242,1346,54,56,44,68,42,56,0,39321,168,174,137,199,118,177,26222,39321
72.361,0,805,22,84,58,14.7,13.6,0.925,1,0,0,0,12.5,312,2.576,1,20,138.83,0,0,0,0,1,0,0,0,0,0,0,0,0,0,0,53.05,34,0.344,1,0,0,0,0,0,0,0,0,0,800,810,800,800,1090,1400,76,0.254,26.5,14.3,12.75,0,138.83,0,20,22,12.745,353.28,1,0.625,0.625,0.586,2.09,0.645,0.02,0,,,,64,0,0,0,0,0,0,0,0,0,0,7,0,0,7000,7000,29,242,1346,54,56,42,64,42,56,0,39321,168,174,135,199,118,177,26222,39321
72.421,0,803,22,84,58,14.7,13.6,0.925,1,0,0,0,13,312,2.576,1,20,138.83,0,0,0,0,1,0,0,0,0,0,0,0,0,0,0,53.05,34,0.344,1,0,0,0,0,0,0,0,0,0,800,800,800,800,1090,1400,76,0.254,26.5,14.3,12.75,0,138.83,0,20,22,12.745,353.28,1,0.645,0.645,0.586,2.09,0.645,0.02,0,,,,73,0,0,0,0,0,0,0,0,0,0,7,0,0,7000,7000,29,242,1346,54,56,42,64,42,73,0,39321,168,174,135,199,118,177,26222,39321
72.481,0,797,22,84,58,14.7,13.6,0.925,1,0,0,0,13,312,2.584,1,20,139,0,0,0,0,1,0,0,0,0,0,0,0,0,0,0,53.05,34,0.344,1,0,0,0,0,0,0,0,0,0,800,800,800,800,1090,1400,76,0.254,26.5,14.3,12.75,0,139,0,20,22,12.745,353.28,1,0.645,0.645,0.586,2.09,0.645,0.02,0,,,,37,0,0,0,0,0,0,0,0,0,0,7,0,0,7000,7000,29,242,1346,59,56,37,64,42,73,0,39321,168,174,132,199,118,177,26222,39321
72.541,0,799,22,84,58,14.7,13.6,0.925,1,0,0,0,13,312,2.584,1,20,139,0,0,0,0,1,0,0,0,0,0,0,0,0,0,0,53.05,34,0.344,1,0,0,0,0,0,0,0,0,0,800,800,800,800,1090,1400,76,0.254,26.5,14.3,12.81,0,139,0,20,22,12.745,353.28,1,0.645,0.645,0.586,2.09,0.645,0.02,0,,,,57,0,0,0,0,0,0,0,0,0,0,7,0,0,7000,7000,29,242,1346,59,56,37,68,57,73,0,39321,168,174,132,199,120,177,26222,39321
72.601,0,806,22,84,58,14.7,13.6,0.925,1,0,0,0,12.5,312,2.584,1,20,139,0,0,0,0,1,0,0,0,0,0,0,0,0,0,0,53.05,34,0.344,1,0,0,0,0,0,0,0,0,0,800,810,800,800,1090,1400,76,0.254,26.5,14.3,12.92,0,139,0,20,22,12.745,353.28,1,0.625,0.625,0.586,2.09,0.645,0.02,0,,,,71,0,0,0,0,0,0,0,0,0,0,7,0,0,7000,7000,29,242,1346,51,71,37,68,57,61,0,39321,165,177,132,199,120,177,26222,39321
72.661,0,799,22,84,58,14.7,13.6,0.925,1,0,0,0,13,312,2.584,1,20,139,0,0,0,0,1,0,0,0,0,0,0,0,0,0,0,53.05,34,0.344,1,0,0,0,0,0,0,0,0,0,800,800,800,800,1090,1400,76,0.254,26.5,14.3,13.09,0,139,0,20,22,12.745,353.28,1,0.645,0.645,0.586,2.09,0.645,0.02,0,,,,57,0,0,0,0,0,0,0,0,0,0,7,0,0,7000,7000,29,242,1346,51,71,44,57,57,61,0,39321,165,177,132,196,120,177,26222,39321
72.721,0,796,22,84,58,14.7,13.6,0.925,1,0,0,0,13,312,2.584,1,20,139,0,0,0,0,1,0,0,0,0,0,0,0,0,0,0,53.05,34,0.344,1,0,0,0,0,0,0,0,0,0,800,800,800,800,1090,1400,76,0.254,26.5,14.3,12.98,0,139,0,20,22,12.745,353.28,1,0.645,0.645,0.586,2.09,0.645,0.02,0,,,,64,0,0,0,0,0,0,0,0,0,0,7,0,0,7000,7000,29,242,1346,51,71,44,57,44,64,0,39321,165,177,132,196,120,177,26222,39321
72.781,0,795,22,84,58,14.7,13.6,0.925,1,0,0,0,13,312,2.584,1,20,139,0,0,0,0,1,0,0,0,0,0,0,0,0,0,0,53.05,34,0.344,1,0,0,0,0,0,0,0,0,0,800,800,800,800,1090,1400,76,0.254,26.5,14.3,13.09,0,139,0,20,22,12.745,353.28,1,0.645,0.645,0.586,2.09,0.645,0.02,0,,,,45,0,0,0,0,0,0,0,0,0,0,7,0,0,7000,7000,29,242,1346,47,56,45,57,44,64,0,39321,163,177,132,196,120,177,26222,39321
72.841,0,797,22,84,58,14.7,13.6,0.925,1,0,0,0,13,312,2.584,1,20,139,0,0,0,0,1,0,0,0,0,0,0,0,0,0,0,53.05,34,0.344,1,0,0,0,0,0,0,0,0,0,800,800,800,800,1090,1400,76,0.254,26.5,14.3,13.03,0,139,0,20,22,12.745,353.28,1,0.645,0.645,0.586,2.09,0.645,0.02,0,,,,40,0,0,0,0,0,0,0,0,0,0,7,0,0,7000,7000,29,242,1346,47,56,45,57,40,64,0,39321,163,177,132,194,120,177,26222,39321
72.901,0,804,22,84,58,14.7,13.6,0.925,1,0,0,0,13,312,2.584,1,20,139,0,0,0,0,1,0,0,0,0,0,0,0,0,0,0,53.05,34,0.344,1,0,0,0,0,0,0,0,0,0,800,800,800,800,1090,1400,76,0.254,26.5,14.3,13.03,0,139,0,20,22,12.745,353.28,1,0.645,0.645,0.586,2.09,0.645,0.02,0,,,,57,0,0,0,0,0,0,0,0,0,0,7,0,0,7000,7000,29,242,1346,54,57,45,57,40,62,0,39321,160,177,132,194,120,177,26222,39321
72.961,0,804,22,84,58,14.7,13.6,0.925,1,0,0,0,13,312,2.584,1,20,139,0,0,0,0,1,0,0,0,0,0,0,0,0,0,0,53.05,34,0.344,1,0,0,0,0,0,0,0,0,0,800,800,800,800,1090,1400,76,0.254,26.5,14.3,12.98,0,139,0,20,22,12.745,353.28,1,0.645,0.645,0.586,2.09,0.645,0.02,0,,,,62,0,0,0,0,0,0,0,0,0,0,7,0,0,7000,7000,29,242,1346,54,57,47,62,40,62,0,39321,160,177,132,194,120,177,26222,39321
73.020,0,806,22,84,58,14.7,13.6,0.925,1,0,0,0,12.5,312,2.584,1,20,139,0,0,0,0,1,0,0,0,0,0,0,0,0,0,0,53.05,34,0.344,1,0,0,0,0,0,0,0,0,0,800,810,800,800,1090,1400,76,0.254,26.5,14.3,12.81,0,139,0,20,22,12.745,353.28,1,0.645,0.645,0.586,2.09,0.645,0.02,0,,,,66,0,0,0,0,0,0,0,0,0,0,7,0,0,7000,7000,29,242,1346,54,57,47,62,40,66,0,39321,160,177,132,194,118,180,26222,39321
73.080,0,809,22,84,58,14.7,13.6,0.925,1,0,0,0,12.5,312,2.584,1,20,139,0,0,0,0,1,0,0,0,0,0,0,0,0,0,0,53.05,34,0.344,1,0,0,0,0,0,0,0,0,0,800,810,800,800,1090,1400,76,0.254,26.5,14.3,12.81,0,139,0,20,22,12.745,353.28,1,0.625,0.625,0.586,2.09,0.645,0.02,0,,,,45,0,0,0,0,0,0,0,0,0,0,7,0,0,7000,7000,29,242,1346,54,52,45,62,40,66,0,39321,157,177,132,194,118,180,26222,39321
73.141,0,802,22,84,58,14.7,13.6,0.925,1,0,0,0,13,312,2.584,1,20,139,0,0,0,0,1,0,0,0,0,0,0,0,0,0,0,53.05,34,0.344,1,0,0,0,0,0,0,0,0,0,800,800,800,800,1090,1400,76,0.254,26.5,14.3,12.81,0,139,0,20,22,12.745,353.28,1,0.645,0.645,0.586,2.09,0.645,0.02,0,,,,39,0,0,0,0,0,0,0,0,0,0,7,0,0,7000,7000,29,242,1346,54,52,45,73,39,66,0,39321,157,177,132,194,118,180,26222,39321
73.201,0,800,22,84,58,14.7,13.6,0.925,1,0,0,0,13,312,2.592,1,20,139,0,0,0,0,1,0,0,0,0,0,0,0,0,0,0,53.05,34,0.344,1,0,0,0,0,0,0,0,0,0,800,800,800,800,1090,1400,76,0.254,26.5,14.3,12.81,0,139,0,20,22,12.672,353.28,1,0.645,0.645,0.586,2.09,0.645,0.02,0,,,,52,0,0,0,0,0,0,0,0,0,0,7,0,0,7000,7000,29,242,1346,49,52,45,73,39,52,0,39321,154,177,132,194,118,177,26222,39321
73.261,0,801,22,84,58,14.7,13.63,0.927,1,0,0,0,13,312,2.592,1,20,139,0,0,0,0,1,0,0,0,0,0,0,0,0,0,0,53.05,34,0.344,1,0,0,0,0,0,0,0,0,0,800,800,800,800,1090,1400,76,0.254,26.5,14.3,12.86,0,139,0,20,22,12.672,353.28,1,0.645,0.645,0.586,2.09,0.645,0.02,0,,,,79,0,0,0,0,0,0,0,0,0,0,7,0,0,7000,7000,29,242,1346,49,52,49,79,39,52,0,39321,154,177,132,194,118,177,26222,39321
73.321,0,800,22,84,58,14.7,13.63,0.927,1,0,0,0,13,312,2.584,1,20,139,0,0,0,0,1,0,0,0,0,0,0,0,0,0,0,53.05,34,0.344,1,0,0,0,0,0,0,0,0,0,800,800,800,800,1090,1400,76,0.254,26.5,14.3,12.92,0,139,0,20,22,12.745,353.28,1,0.645,0.645,0.586,2.09,0.645,0.02,0,,,,61,0,0,0,0,0,0,0,0,0,0,7,0,0,7000,7000,29,242,1346,61,52,49,79,42,64,0,39321,154,177,132,194,118,180,26222,39321
73.381,0,801,22,84,58,14.7,13.6,0.925,1,0,0,0,13,312,2.584,1,20,139,0,0,0,0,1,0,0,0,0,0,0,0,0,0,0,53.05,34,0.344,1,0,0,0,0,0,0,0,0,0,800,800,800,800,1090,1400,76,0.254,26.5,14.3,12.92,0,139,0,20,22,12.745,353.28,1,0.625,0.625,0.586,2.09,0.645,0.02,0,,,,47,0,0,0,0,0,0,0,0,0,0,7,0,0,7000,7000,29,242,1346,61,49,47,79,42,64,0,39321,154,174,132,194,118,180,26222,39321
73.441,0,805,22,84,58,14.7,13.69,0.931,1,0,0,0,12.5,312,2.584,1,20,139,0,0,0,0,1,0,0,0,0,0,0,0,0,0,0,53.05,34,0.344,1,0,0,0,0,0,0,0,0,0,800,810,800,800,1090,1400,76,0.254,26.5,14.3,12.98,0,139,0,20,22,12.745,353.28,1,0.664,0.664,0.586,2.09,0.645,0.02,0,,,,49,0,0,0,0,0,0,0,0,0,0,7,0,0,7000,7000,29,242,1346,61,49,47,76,49,64,0,39321,154,174,132,194,120,180,26222,39321
73.501,0,813,22,84,58,14.7,13.63,0.927,1,0,0,0,12.5,312,2.584,1,20,139,0,0,0,0,1,0,0,0,0,0,0,0,0,0,0,53.05,34,0.344,1,0,0,0,0,0,0,0,0,0,800,810,800,800,1090,1400,76,0.254,26.5,14.3,12.98,0,139,0,20,22,12.745,353.28,1,0.645,0.645,0.586,2.09,0.645,0.02,0,,,,62,0,0,0,0,0,0,0,0,0,0,7,0,0,7000,7000,29,242,1346,64,62,47,76,49,64,0,39321,154,174,132,194,120,180,26222,39321
73.561,0,814,22,84,58,14.7,13.63,0.927,1,0,0,0,12.5,312,2.584,1,20,139,0,0,0,0,1,0,0,0,0,0,0,0,0,0,0,53.05,34,0.344,1,0,0,0,0,0,0,0,0,0,800,810,800,800,1090,1400,76,0.254,26.5,14.3,13.03,0,139,0,20,22,12.745,353.28,1,0.664,0.664,0.586,2.09,0.645,0.02,0,,,,73,0,0,0,0,0,0,0,0,0,0,7,0,0,7000,7000,29,242,1346,64,62,44,73,49,64,0,39321,154,174,132,196,120,180,26222,39321
73.620,0,817,22,84,58,14.7,13.69,0.931,1,0,0,0,12,312,2.576,1,20,138.83,0,0,0,0,1,0,0,0,0,0,0,0,0,0,0,52.82,34,0.344,1,0,0,0,0,0,0,0,0,0,800,820,800,800,1090,1400,76,0.254,26.5,14.3,12.81,0,138.83,0,20,22,12.745,353.28,1,0.625,0.625,0.586,2.09,0.645,0.02,0,,,,52,0,0,0,0,0,0,0,0,0,0,7,0,0,7000,7000,29,242,1346,52,62,44,73,42,57,0,39321,154,174,132,196,118,180,26222,39321
73.680,0,816,22,84,58,14.7,13.63,0.927,1,0,0,0,12,312,2.576,1,20,138.67,0,0,0,0,1,0,0,0,0,0,0,0,0,0,0,52.82,34,0.344,1,0,0,0,0,0,0,0,0,0,800,820,800,800,1090,1400,76,0.254,26.5,14.3,12.92,0,138.67,0,20,22,12.745,353.28,1,0.645,0.645,0.586,2.09,0.645,0.02,0,,,,47,0,0,0,0,0,0,0,0,0,0,7,0,0,7000,7000,29,242,1346,52,52,47,73,42,57,0,39321,154,171,132,196,118,180,26222,39321
73.740,0,813,22,84,58,14.7,13.6,0.925,1,0,0,0,12.5,312,2.576,1,20,138.5,0,0,0,0,1,0,0,0,0,0,0,0,0,0,0,52.82,34,0.344,1,0,0,0,0,0,0,0,0,0,800,810,800,800,1090,1400,76,0.254,26.5,14.3,12.81,0,138.5,0,20,22,12.745,353.28,1,0.645,0.645,0.586,2.09,0.645,0.02,0,,,,52,0,0,0,0,0,0,0,0,0,0,7,0,0,7000,7000,29,242,1346,52,52,47,71,45,52,0,39321,154,171,132,196,118,180,26222,39321
73.800,0,815,22,84,58,14.7,13.6,0.925,1,0,0,0,12,312,2.576,1,20,138.5,0,0,0,0,1,0,0,0,0,0,0,0,0,0,0,52.82,34,0.344,1,0,0,0,0,0,0,0,0,0,800,820,800,800,1090,1400,76,0.254,26.5,14.3,12.81,0,138.5,0,20,22,12.745,353.28,1,0.625,0.625,0.586,2.09,0.645,0.02,0,,,,57,0,0,0,0,0,0,0,0,0,0,7,0,0,7000,7000,29,242,1346,57,57,47,71,45,52,0,39321,154,171,132,196,118,180,26222,39321
73.860,0,813,22,84,58,14.7,13.6,0.925,1,0,0,0,12.5,312,2.576,1,20,138.5,0,0,0,0,1,0,0,0,0,0,0,0,0,0,0,52.82,34,0.344,1,0,0,0,0,0,0,0,0,0,800,810,800,800,1090,1400,76,0.254,26.5,14.3,12.92,0,138.5,0,20,22,12.745,353.28,1,0.645,0.645,0.586,2.09,0.645,0.02,0,,,,79,0,0,0,0,0,0,0,0,0,0,7,0,0,7000,7000,29,242,1346,57,57,44,79,45,52,0,39321,154,171,129,199,118,180,26222,39321
73.920,0,812,22,84,58,14.7,13.6,0.925,1,0,0,0,12.5,312,2.576,1,20,138.5,0,0,0,0,1,0,0,0,0,0,0,0,0,0,0,52.82,34,0.344,1,0,0,0,0,0,0,0,0,0,800,810,800,800,1090,1400,76,0.254,26.5,14.3,12.98,0,138.5,0,20,22,12.745,353.28,1,0.645,0.645,0.586,2.09,0.645,0.02,0,,,,54,0,0,0,0,0,0,0,0,0,0,7,0,0,7000,7000,29,242,1346,54,57,44,79,44,64,0,39321,154,171,129,199,118,180,26222,39321
73.980,0,812,22,84,58,14.7,13.6,0.925,1,0,0,0,12.5,312,2.576,1,20,138.5,0,0,0,0,1,0,0,0,0,0,0,0,0,0,0,52.82,34,0.344,1,0,0,0,0,0,0,0,0,0,800,810,800,800,1090,1400,76,0.254,26.5,14.3,13.03,0,138.5,0,20,22,12.745,353.28,1,0.645,0.645,0.586,2.09,0.645,0.02,0,,,,45,0,0,0,0,0,0,0,0,0,0,7,0,0,7000,7000,29,242,1346,54,54,45,79,44,64,0,39321,154,171,129,199,118,180,26222,39321
74.040,0,805,22,84,58,14.7,13.6,0.925,1,0,0,0,12.5,312,2.576,1,20,138.5,0,0,0,0,1,0,0,0,0,0,0,0,0,0,0,52.82,34,0.344,1,0,0,0,0,0,0,0,0,0,800,810,800,800,1090,1400,76,0.254,26.5,14.3,12.98,0,138.5,0,20,22,12.745,353.28,1,0.625,0.625,0.586,2.09,0.645,0.02,0,,,,61,0,0,0,0,0,0,0,0,0,0,7,0,0,7000,7000,29,242,1346,54,54,45,68,47,61,0,39321,154,171,129,196,120,177,26222,39321
74.100,0,806,22,84,58,14.7,13.6,0.925,1,0,0,0,12.5,312,2.576,1,20,138.5,0,0,0,0,1,0,0,0,0,0,0,0,0,0,0,52.82,34,0.344,1,0,0,0,0,0,0,0,0,0,800,810,800,800,1090,1400,76,0.254,26.5,14.3,13.03,0,138.5,0,20,22,12.745,353.28,1,0.645,0.645,0.586,2.09,0.645,0.02,0,,,,61,0,0,0,0,0,0,0,0,0,0,7,0,0,7000,7000,29,242,1346,52,61,45,68,47,61,0,39321,154,171,129,196,120,177,26222,39321
74.160,0,801,22,84,58,14.7,13.6,0.925,1,0,0,0,13,312,2.576,1,20,138.5,0,0,0,0,1,0,0,0,0,0,0,0,0,0,0,52.82,34,0.344,1,0,0,0,0,0,0,0,0,0,800,800,800,800,1090,1400,76,0.254,26.5,14.3,12.92,0,138.5,0,20,22,12.745,353.28,1,0.625,0.625,0.586,2.09,0.645,0.02,0,,,,42,0,0,0,0,0,0,0,0,0,0,7,0,0,7000,7000,29,242,1346,52,61,45,76,42,61,0,39321,154,171,129,199,120,177,26222,39321
74.220,0,809,22,84,58,14.7,13.6,0.925,1,0,0,0,12.5,312,2.576,1,20,138.5,0,0,0,0,1,0,0,0,0,0,0,0,0,0,0,52.82,34,0.344,1,0,0,0,0,0,0,0,0,0,800,810,800,800,1090,1400,76,0.254,26.5,14.3,12.92,0,138.5,0,20,22,12.745,353.28,1,0.625,0.625,0.586,2.09,0.645,0.02,0,,,,68,0,0,0,0,0,0,0,0,0,0,7,0,0,7000,7000,29,242,1346,68,61,45,76,42,57,0,39321,157,171,129,199,120,174,26222,39321
74.280,0,809,22,84,58,14.7,13.6,0.925,1,0,0,0,12.5,312,2.576,1,20,138.5,0,0,0,0,1,0,0,0,0,0,0,0,0,0,0,52.82,34,0.344,1,0,0,0,0,0,0,0,0,0,800,810,800,800,1090,1400,76,0.254,26.5,14.3,12.75,0,138.5,0,20,22,12.745,353.28,1,0.645,0.645,0.586,2.09,0.645,0.02,0,,,,49,0,0,0,0,0,0,0,0,0,0,7,0,0,7000,7000,29,242,1346,68,42,49,76,42,57,0,39321,157,168,129,199,120,174,26222,39321
74.340,0,800,22,84,58,14.7,13.63,0.927,1,0,0,0,13,312,2.576,1,20,138.83,0,0,0,0,1,0,0,0,0,0,0,0,0,0,0,53.05,34,0.344,1,0,0,0,0,0,0,0,0,0,800,800,800,800,1090,1400,76,0.254,26.5,14.3,12.81,0,138.83,0,20,22,12.745,353.28,1,0.645,0.645,0.586,2.09,0.645,0.02,0,,,,66,0,0,0,0,0,0,0,0,0,0,7,0,0,7000,7000,29,242,1346,68,42,49,73,47,66,0,39321,157,168,129,199,120,177,26222,39321
74.400,0,802,22,84,58,14.7,13.6,0.925,1,0,0,0,13,312,2.576,1,20,138.67,0,0,0,0,1,0,0,0,0,0,0,0,0,0,0,52.82,34,0.344,1,0,0,0,0,0,0,0,0,0,800,800,800,800,1090,1400,76,0.254,26.5,14.3,12.75,0,138.67,0,20,22,12.745,353.28,1,0.645,0.645,0.586,2.09,0.645,0.02,0,,,,62,0,0,0,0,0,0,0,0,0,0,7,0,0,7000,7000,29,242,1346,68,62,49,73,47,66,0,39321,157,168,129,199,120,177,26222,39321
74.460,0,798,22,84,58,14.7,13.6,0.925,1,0,0,0,13,312,2.576,1,20,138.83,0,0,0,0,1,0,0,0,0,0,0,0,0,0,0,53.05,34,0.344,1,0,0,0,0,0,0,0,0,0,800,800,800,800,1090,1400,76,0.254,26.5,14.3,12.69,0,138.83,0,20,22,12.745,353.28,1,0.625,0.625,0.586,2.09,0.645,0.02,0,,,,45,0,0,0,0,0,0,0,0,0,0,7,0,0,7000,7000,29,242,1346,68,62,45,73,45,66,0,39321,157,168,129,202,120,177,26222,39321
74.520,0,801,22,84,58,14.7,13.6,0.925,1,0,0,0,13,312,2.576,1,20,138.83,0,0,0,0,1,0,0,0,0,0,0,0,0,0,0,53.05,34,0.344,1,0,0,0,0,0,0,0,0,0,800,800,800,800,1090,1400,76,0.254,26.5,14.3,12.86,0,138.83,0,20,22,12.745,353.28,1,0.645,0.645,0.586,2.09,0.645,0.02,0,,,,73,0,0,0,0,0,0,0,0,0,0,7,0,0,7000,7000,29,242,1346,73,62,45,73,45,59,0,39321,160,168,129,202,120,174,26222,39321
74.580,0,799,22,84,58,14.7,13.6,0.925,1,0,0,0,13,312,2.584,1,20,139,0,0,0,0,1,0,0,0,0,0,0,0,0,0,0,53.05,34,0.344,1,0,0,0,0,0,0,0,0,0,800,800,800,800,1090,1400,76,0.254,26.5,14.3,12.92,0,139,0,20,22,12.745,353.28,1,0.645,0.645,0.586,2.09,0.645,0.02,0,,,,42,0,0,0,0,0,0,0,0,0,0,7,0,0,7000,7000,29,242,1346,73,51,42,73,45,59,0,39321,160,168,129,202,120,174,26222,39321
74.640,0,799,22,84,58,14.7,13.57,0.923,1,0,0,0,13,312,2.584,1,20,139,0,0,0,0,1,0,0,0,0,0,0,0,0,0,0,53.05,34,0.344,1,0,0,0,0,0,0,0,0,0,800,800,800,800,1090,1400,76,0.254,26.5,14.3,12.86,0,139,0,20,22,12.745,353.28,1,0.645,0.645,0.586,2.09,0.645,0.02,0,,,,57,0,0,0,0,0,0,0,0,0,0,7,0,0,7000,7000,29,242,1346,73,51,42,71,40,57,0,39321,160,168,129,202,118,174,26222,39321
74.700,0,798,22,84,58,14.7,13.57,0.923,1,0,0,0,13,312,2.584,1,20,139,0,0,0,0,1,0,0,0,0,0,0,0,0,0,0,53.05,34,0.344,1,0,0,0,0,0,0,0,0,0,800,800,800,800,1090,1400,76,0.254,26.5,14.3,12.92,0,139,0,20,22,12.745,353.28,1,0.645,0.645,0.586,2.09,0.645,0.02,0,,,,57,0,0,0,0,0,0,0,0,0,0,7,0,0,7000,7000,29,242,1346,62,57,42,71,40,57,0,39321,160,168,129,202,118,174,26222,39321
74.760,0,801,22,84,58,14.7,13.57,0.923,1,0,0,0,13,312,2.584,1,20,139,0,0,0,0,1,0,0,0,0,0,0,0,0,0,0,53.05,34,0.344,1,0,0,0,0,0,0,0,0,0,800,800,800,800,1090,1400,76,0.254,26.5,14.3,12.86,0,139,0,20,22,12.745,353.28,1,0.625,0.625,0.586,2.09,0.645,0.02,0,,,,44,0,0,0,0,0,0,0,0,0,0,7,0,0,7000,7000,29,242,1346,62,57,49,69,44,57,0,39321,160,168,129,202,118,174,26222,39321
74.820,0,803,22,84,58,14.7,13.6,0.925,1,0,0,0,13,312,2.584,1,20,139,0,0,0,0,1,0,0,0,0,0,0,0,0,0,0,53.05,34,0.344,1,0,0,0,0,0,0,0,0,0,800,800,800,800,1090,1400,76,0.254,26.5,14.3,12.98,0,139,0,20,22,12.745,353.28,1,0.645,0.645,0.586,2.09,0.645,0.02,0,,,,52,0,0,0,0,0,0,0,0,0,0,7,0,0,7000,7000,29,242,1346,52,57,49,69,44,61,0,39321,160,168,129,202,118,174,26222,39321
74.881,0,802,22,84,58,14.7,13.6,0.925,1,0,0,0,13,312,2.584,1,20,139,0,0,0,0,1,0,0,0,0,0,0,0,0,0,0,53.05,34,0.344,1,0,0,0,0,0,0,0,0,0,800,800,800,800,1090,1400,76,0.254,26.5,14.3,12.92,0,139,0,20,22,12.745,353.28,1,0.625,0.625,0.586,2.09,0.645,0.02,0,,,,42,0,0,0,0,0,0,0,0,0,0,7,0,0,7000,7000,29,242,1346,52,62,42,69,44,61,0,39321,160,168,129,202,118,174,26222,39321
74.941,0,801,22,84,58,14.7,13.6,0.925,1,0,0,0,13,312,2.584,1,20,139,0,0,0,0,1,0,0,0,0,0,0,0,0,0,0,53.05,34,0.344,1,0,0,0,0,0,0,0,0,0,800,800,800,800,1090,1400,76,0.254,26.5,14.3,12.86,0,139,0,20,22,12.745,353.28,1,0.645,0.645,0.586,2.09,0.645,0.02,0,,,,57,0,0,0,0,0,0,0,0,0,0,7,0,0,7000,7000,29,242,1346,52,62,42,73,42,57,0,39321,160,168,129,202,118,174,26222,39321
75.000,0,805,22,84,58,14.7,13.63,0.927,1,0,0,0,12.5,312,2.584,1,20,139,0,0,0,0,1,0,0,0,0,0,0,0,0,0,0,53.05,34,0.344,1,0,0,0,0,0,0,0,0,0,800,810,800,800,1090,1400,76,0.254,26.5,14.3,12.92,0,139,0,20,22,12.745,353.28,1,0.645,0.645,0.586,2.09,0.645,0.02,0,,,,49,0,0,0,0,0,0,0,0,0,0,7,0,0,7000,7000,29,242,1346,61,49,42,73,42,57,0,39321,160,165,129,202,118,174,26222,39321
75.060,0,804,22,84,58,14.7,13.69,0.931,1,0,0,0,13,312,2.584,1,20,139,0,0,0,0,1,0,0,0,0,0,0,0,0,0,0,53.05,34,0.344,1,0,0,0,0,0,0,0,0,0,800,800,800,800,1090,1400,76,0.254,26.5,14.3,12.86,0,139,0,20,22,12.745,353.28,1,0.645,0.645,0.586,2.09,0.645,0.02,0,,,,44,0,0,0,0,0,0,0,0,0,0,7,0,0,7000,7000,29,242,1346,61,49,45,69,44,57,0,39321,160,165,129,202,118,174,26222,39321
75.120,0,806,22,84,58,14.7,13.69,0.931,1,0,0,0,12.5,312,2.584,1,20,139,0,0,0,0,1,0,0,0,0,0,0,0,0,0,0,53.05,34,0.344,1,0,0,0,0,0,0,0,0,0,800,810,800,800,1090,1400,76,0.254,26.5,14.3,12.92,0,139,0,20,22,12.745,353.28,1,0.645,0.645,0.586,2.09,0.645,0.02,0,,,,71,0,0,0,0,0,0,0,0,0,0,7,0,0,7000,7000,29,242,1346,71,49,45,69,44,56,0,39321,163,165,129,202,118,174,26222,39321
75.181,0,800,22,84,58,14.7,13.69,0.931,1,0,0,0,13,312,2.584,1,20,139,0,0,0,0,1,0,0,0,0,0,0,0,0,0,0,53.05,34,0.344,1,0,0,0,0,0,0,0,0,0,800,800,800,800,1090,1400,76,0.254,26.5,14.3,12.92,0,139,0,20,22,12.745,353.28,1,0.645,0.645,0.586,2.09,0.645,0.02,0,,,,47,0,0,0,0,0,0,0,0,0,0,7,0,0,7000,7000,29,242,1346,71,64,47,69,44,56,0,39321,163,165,129,202,118,174,26222,39321
75.241,0,795,22,84,58,14.7,13.69,0.931,1,0,0,0,13,312,2.584,1,20,139,0,0,0,0,1,0,0,0,0,0,0,0,0,0,0,53.05,34,0.344,1,0,0,0,0,0,0,0,0,0,800,800,800,800,1090,1400,76,0.254,26.5,14.3,13.15,0,139,0,20,22,12.745,353.28,1,0.645,0.645,0.586,2.09,0.645,0.02,0,,,,56,0,0,0,0,0,0,0,0,0,0,7,0,0,7000,7000,29,242,1346,71,64,47,73,40,56,0,39321,163,165,129,202,118,171,26222,39321
75.301,0,797,22,84,58,14.7,13.69,0.931,1,0,0,0,13,312,2.584,1,20,139,0,0,0,0,1,0,0,0,0,0,0,0,0,0,0,53.05,34,0.344,1,0,0,0,0,0,0,0,0,0,800,800,800,800,1090,1400,76,0.254,26.5,14.3,13.03,0,139,0,20,22,12.745,353.28,1,0.645,0.645,0.586,2.09,0.645,0.02,0,,,,54,0,0,0,0,0,0,0,0,0,0,7,0,0,7000,7000,29,242,1346,59,54,47,73,40,56,0,39321,165,163,129,202,118,171,26222,39321
75.361,0,798,22,84,58,14.7,13.69,0.931,1,0,0,0,13,312,2.584,1,20,139,0,0,0,0,1,0,0,0,0,0,0,0,0,0,0,53.05,34,0.344,1,0,0,0,0,0,0,0,0,0,800,800,800,800,1090,1400,76,0.254,26.5,14.3,13.03,0,139,0,20,22,12.745,353.28,1,0.645,0.645,0.586,2.09,0.645,0.02,0,,,,45,0,0,0,0,0,0,0,0,0,0,7,0,0,7000,7000,29,242,1346,59,54,49,79,45,56,0,39321,165,163,129,205,118,171,26222,39321
75.421,0,804,22,84,58,14.7,13.72,0.933,1,0,0,0,13,312,2.584,1,20,139,0,0,0,0,1,0,0,0,0,0,0,0,0,0,0,53.05,34,0.344,1,0,0,0,0,0,0,0,0,0,800,800,800,800,1090,1400,76,0.254,26.5,14.3,13.03,0,139,0,20,22,12.745,353.28,1,0.645,0.645,0.586,2.09,0.645,0.02,0,,,,57,0,0,0,0,0,0,0,0,0,0,7,0,0,7000,7000,29,242,1346,57,54,49,79,45,57,0,39321,165,163,129,205,118,171,26222,39321
75.481,0,803,22,84,58,14.7,13.72,0.933,1,0,0,0,13,312,2.584,1,20,139,0,0,0,0,1,0,0,0,0,0,0,0,0,0,0,53.05,34,0.344,1,0,0,0,0,0,0,0,0,0,800,800,800,800,1090,1400,76,0.254,26.5,14.3,12.98,0,139,0,20,22,12.745,353.28,1,0.645,0.645,0.586,2.09,0.645,0.02,0,,,,51,0,0,0,0,0,0,0,0,0,0,7,0,0,7000,7000,29,242,1346,57,59,51,79,45,57,0,39321,165,163,129,205,118,171,26222,39321
75.541,0,811,22,84,58,14.7,13.72,0.933,1,0,0,0,12.5,312,2.584,1,20,139,0,0,0,0,1,0,0,0,0,0,0,0,0,0,0,53.05,34,0.344,1,0,0,0,0,0,0,0,0,0,800,810,800,800,1090,1400,76,0.254,26.5,14.3,12.98,0,139,0,20,22,12.745,353.28,1,0.645,0.645,0.586,2.09,0.645,0.02,0,,,,61,0,0,0,0,0,0,0,0,0,0,7,0,0,7000,7000,29,242,1346,57,59,51,62,44,61,0,39321,165,163,129,202,118,171,26222,39321
75.601,0,815,22,84,58,14.7,13.72,0.933,1,0,0,0,12,312,2.584,1,20,139,0,0,0,0,1,0,0,0,0,0,0,0,0,0,0,53.05,34,0.344,1,0,0,0,0,0,0,0,0,0,800,820,800,800,1090,1400,76,0.254,26.5,14.3,12.81,0,139,0,20,22,12.745,353.28,1,0.645,0.645,0.586,2.09,0.645,0.02,0,,,,54,0,0,0,0,0,0,0,0,0,0,7,0,0,7000,7000,29,242,1346,83,54,51,62,44,61,0,39321,171,163,129,202,118,171,26222,39321
75.661,0,815,22,84,58,14.7,13.72,0.933,1,0,0,0,12,312,2.584,1,20,139,0,0,0,0,1,0,0,0,0,0,0,0,0,0,0,53.05,34,0.344,1,0,0,0,0,0,0,0,0,0,800,820,800,800,1090,1400,76,0.254,26.5,14.3,12.81,0,139,0,20,22,12.745,353.28,1,0.625,0.625,0.586,2.09,0.645,0.02,0,,,,47,0,0,0,0,0,0,0,0,0,0,7,0,0,7000,7000,29,242,1346,83,54,47,68,47,61,0,39321,171,163,129,202,118,171,26222,39321
75.721,0,815,22,84,58,14.7,13.72,0.933,1,0,0,0,12,312,2.576,1,20,138.83,0,0,0,0,1,0,0,0,0,0,0,0,0,0,0,52.82,34,0.344,1,0,0,0,0,0,0,0,0,0,800,820,800,800,1090,1400,76,0.254,26.5,14.3,12.81,0,138.83,0,20,22,12.745,353.28,1,0.645,0.645,0.586,2.09,0.645,0.02,0,,,,56,0,0,0,0,0,0,0,0,0,0,7,0,0,7000,7000,29,242,1346,56,54,47,68,47,59,0,39321,168,163,129,202,118,171,26222,39321
75.781,0,810,22,84,58,14.7,13.72,0.933,1,0,0,0,12.5,312,2.584,1,20,138.67,0,0,0,0,1,0,0,0,0,0,0,0,0,0,0,52.82,34,0.344,1,0,0,0,0,0,0,0,0,0,800,810,800,800,1090,1400,76,0.254,26.5,14.3,12.92,0,138.67,0,20,22,12.672,353.28,1,0.645,0.645,0.586,2.09,0.645,0.02,0,,,,71,0,0,0,0,0,0,0,0,0,0,7,0,0,7000,7000,29,242,1346,56,54,51,71,47,59,0,39321,168,163,129,202,118,171,26222,39321
75.841,0,808,22,84,58,14.7,13.72,0.933,1,0,0,0,12.5,312,2.584,1,20,138.5,0,0,0,0,1,0,0,0,0,0,0,0,0,0,0,52.82,34,0.344,1,0,0,0,0,0,0,0,0,0,800,810,800,800,1090,1400,76,0.254,26.5,14.3,12.86,0,138.5,0,20,22,12.672,353.28,1,0.645,0.645,0.586,2.09,0.645,0.02,0,,,,57,0,0,0,0,0,0,0,0,0,0,7,0,0,7000,7000,29,242,1346,56,54,51,71,37,57,0,39321,168,163,129,202,118,171,26222,39321
75.901,0,807,22,84,58,14.7,13.72,0.933,1,0,0,0,12.5,312,2.584,1,20,138.5,0,0,0,0,1,0,0,0,0,0,0,0,0,0,0,52.82,34,0.344,1,0,0,0,0,0,0,0,0,0,800,810,800,800,1090,1400,76,0.254,26.5,14.3,13.03,0,138.5,0,20,22,12.672,353.28,1,0.645,0.645,0.586,2.09,0.645,0.02,0,,,,47,0,0,0,0,0,0,0,0,0,0,7,0,0,7000,7000,29,242,1346,64,59,47,71,37,57,0,39321,168,163,129,202,118,171,26222,39321
75.961,0,802,22,84,58,14.7,13.72,0.933,1,0,0,0,13,312,2.576,1,20,138.83,0,0,0,0,1,0,0,0,0,0,0,0,0,0,0,53.05,34,0.344,1,0,0,0,0,0,0,0,0,0,800,800,800,800,1090,1400,76,0.254,26.5,14.3,12.98,0,138.83,0,20,22,12.745,353.28,1,0.645,0.645,0.586,2.09,0.645,0.02,0,,,,40,0,0,0,0,0,0,0,0,0,0,7,0,0,7000,7000,29,242,1346,64,59,47,66,40,57,0,39321,168,163,129,202,118,171,26222,39321
76.021,0,804,22,84,58,14.7,13.72,0.933,1,0,0,0,13,312,2.576,1,20,138.83,0,0,0,0,1,0,0,0,0,0,0,0,0,0,0,53.05,34,0.344,1,0,0,0,0,0,0,0,0,0,800,800,800,800,1090,1400,76,0.254,26.5,14.3,12.98,0,138.83,0,20,22,12.745,353.28,1,0.645,0.645,0.586,2.09,0.645,0.02,0,,,,62,0,0,0,0,0,0,0,0,0,0,7,0,0,7000,7000,29,242,1346,62,59,47,66,40,61,0,39321,168,163,129,202,118,171,26222,39321
76.081,0,804,22,84,58,14.7,13.72,0.933,1,0,0,0,13,312,2.576,1,20,138.83,0,0,0,0,1,0,0,0,0,0,0,0,0,0,0,53.05,34,0.344,1,0,0,0,0,0,0,0,0,0,800,800,800,800,1090,1400,76,0.254,26.5,14.3,13.09,0,138.83,0,20,22,12.745,353.28,1,0.625,0.625,0.586,2.09,0.645,0.02,0,,,,62,0,0,0,0,0,0,0,0,0,0,7,0,0,7000,7000,29,242,1346,62,51,42,62,40,61,0,39321,168,160,129,202,118,171,26222,39321
76.141,0,810,22,84,58,14.7,13.72,0.933,1,0,0,0,12.5,312,2.576,1,20,138.83,0,0,0,0,1,0,0,0,0,0,0,0,0,0,0,53.05,34,0.344,1,0,0,0,0,0,0,0,0,0,800,810,800,800,1090,1400,76,0.254,26.5,14.3,13.09,0,138.83,0,20,22,12.745,353.28,1,0.645,0.645,0.586,2.09,0.645,0.02,0,,,,54,0,0,0,0,0,0,0,0,0,0,7,0,0,7000,7000,29,242,1346,62,51,42,62,47,54,0,39321,168,160,129,202,118,168,26222,39321
76.201,0,813,22,84,58,14.7,13.69,0.931,1,0,0,0,12.5,312,2.576,1,20,138.67,0,0,0,0,1,0,0,0,0,0,0,0,0,0,0,52.82,34,0.344,1,0,0,0,0,0,0,0,0,0,800,810,800,800,1090,1400,76,0.254,26.5,14.3,12.92,0,138.67,0,20,22,12.745,353.28,1,0.625,0.625,0.586,2.09,0.645,0.02,0,,,,51,0,0,0,0,0,0,0,0,0,0,7,0,0,7000,7000,29,242,1346,62,52,51,62,47,54,0,39321,171,157,132,202,118,168,26222,39321
76.261,0,818,22,84,58,14.7,13.69,0.931,1,0,0,0,12,312,2.576,1,20,138.5,0,0,0,0,1,0,0,0,0,0,0,0,0,0,0,52.82,34,0.344,1,0,0,0,0,0,0,0,0,0,800,820,800,800,1090,1400,76,0.254,26.5,14.3,12.86,0,138.5,0,20,22,12.745,353.28,1,0.645,0.645,0.586,2.09,0.645,0.02,0,,,,45,0,0,0,0,0,0,0,0,0,0,7,0,0,7000,7000,29,242,1346,62,52,51,64,45,54,0,39321,171,157,132,199,118,168,26222,39321
76.321,0,819,22,84,58,14.7,13.69,0.931,1,0,0,0,12,312,2.576,1,20,138.5,0,0,0,0,1,0,0,0,0,0,0,0,0,0,0,52.82,34,0.344,1,0,0,0,0,0,0,0,0,0,800,820,800,800,1090,1400,76,0.254,26.5,14.3,12.92,0,138.5,0,20,22,12.745,353.28,1,0.625,0.625,0.586,2.09,0.645,0.02,0,,,,52,0,0,0,0,0,0,0,0,0,0,7,0,0,7000,7000,29,242,1346,56,52,51,64,45,54,0,39321,171,154,132,199,118,168,26222,39321
76.381,0,816,22,84,58,14.7,13.69,0.931,1,0,0,0,12,312,2.576,1,20,138.5,0,0,0,0,1,0,0,0,0,0,0,0,0,0,0,52.82,34,0.344,1,0,0,0,0,0,0,0,0,0,800,820,800,800,1090,1400,76,0.254,26.5,14.3,12.92,0,138.5,0,20,22,12.745,353.28,1,0.625,0.625,0.586,2.09,0.645,0.02,0,,,,68,0,0,0,0,0,0,0,0,0,0,7,0,0,7000,7000,29,242,1346,56,52,47,68,45,54,0,39321,171,154,132,199,118,168,26222,39321
76.441,0,816,22,84,58,14.7,13.69,0.931,1,0,0,0,12,312,2.576,1,20,138.5,0,0,0,0,1,0,0,0,0,0,0,0,0,0,0,52.82,34,0.344,1,0,0,0,0,0,0,0,0,0,800,820,800,800,1090,1400,76,0.254,26.5,14.3,12.86,0,138.5,0,20,22,12.672,353.28,1,0.645,0.645,0.586,2.09,0.645,0.02,0,,,,56,0,0,0,0,0,0,0,0,0,0,7,0,0,7000,7000,29,242,1346,56,52,47,68,45,56,0,39321,171,154,132,199,118,168,26222,39321
76.501,0,813,22,84,58,14.7,13.69,0.931,1,0,0,0,12.5,312,2.584,1,20,138.5,0,0,0,0,1,0,0,0,0,0,0,0,0,0,0,52.82,34,0.344,1,0,0,0,0,0,0,0,0,0,800,810,800,800,1090,1400,76,0.254,26.5,14.3,12.92,0,138.5,0,20,22,12.672,353.28,1,0.625,0.625,0.586,2.09,0.645,0.02,0,,,,39,0,0,0,0,0,0,0,0,0,0,7,0,0,7000,7000,29,242,1346,62,56,39,68,45,56,0,39321,171,154,132,199,118,168,26222,39321
76.561,0,818,22,84,58,14.7,13.69,0.931,1,0,0,0,12,312,2.584,1,20,138.5,0,0,0,0,1,0,0,0,0,0,0,0,0,0,0,52.82,34,0.344,1,0,0,0,0,0,0,0,0,0,800,820,800,800,1090,1400,76,0.254,26.5,14.3,12.98,0,138.5,0,20,22,12.745,353.28,1,0.645,0.645,0.586,2.09,0.645,0.02,0,,,,49,0,0,0,0,0,0,0,0,0,0,7,0,0,7000,7000,29,242,1346,62,56,39,68,49,56,0,39321,171,154,132,196,120,168,26222,39321
76.621,0,820,22,84,58,14.7,13.63,0.927,1,0,0,0,12,312,2.56,1,20,138.5,0,0,0,0,1,0,0,0,0,0,0,0,0,0,0,52.6,34,0.344,1,0,0,0,0,0,0,0,0,0,840,820,800,800,1090,1400,76,0.254,26.5,14.3,12.92,0,138.5,0,20,22,12.745,353.28,1,0.625,0.625,0.586,2.09,0.645,0.02,0,,,,54,0,0,0,0,0,0,0,0,0,0,7,0,0,7000,7000,29,242,1346,61,54,39,68,49,59,0,39321,171,154,132,196,120,168,26222,39321
76.681,0,817,22,84,58,14.7,13.63,0.927,1,0,0,0,12,312,2.568,1,20,138.17,0,0,0,0,1,0,0,0,0,0,0,0,0,0,0,52.6,34,0.344,1,0,0,0,0,0,0,0,0,0,800,820,800,800,1090,1400,76,0.254,26.5,14.3,12.92,0,138.17,0,20,22,12.745,353.28,1,0.645,0.645,0.586,2.09,0.645,0.02,0,,,,90,0,0,0,0,0,0,0,0,0,0,7,0,0,7000,7000,29,242,1346,61,54,39,90,49,59,0,39321,171,154,129,202,120,168,26222,39321
76.741,0,816,22,84,58,14.7,13.63,0.927,1,0,0,0,12,312,2.568,1,20,138.17,0,0,0,0,1,0,0,0,0,0,0,0,0,0,0,52.6,34,0.344,1,0,0,0,0,0,0,0,0,0,800,820,800,800,1090,1400,76,0.254,26.5,14.3,12.92,0,138.17,0,20,22,12.745,353.28,1,0.625,0.625,0.586,2.09,0.645,0.02,0,,,,66,0,0,0,0,0,0,0,0,0,0,7,0,0,7000,7000,29,242,1346,66,54,39,90,51,57,0,39321,171,154,129,202,120,168,26222,39321
76.801,0,817,22,84,58,14.7,13.6,0.925,1,0,0,0,12,312,2.568,1,20,138.17,0,0,0,0,1,0,0,0,0,0,0,0,0,0,0,52.6,34,0.344,1,0,0,0,0,0,0,0,0,0,800,820,800,800,1090,1400,76,0.254,26.5,14.3,12.81,0,138.17,0,20,22,12.745,353.28,1,0.645,0.645,0.586,2.09,0.645,0.02,0,,,,42,0,0,0,0,0,0,0,0,0,0,7,0,0,7000,7000,29,242,1346,66,52,42,90,51,57,0,39321,171,154,129,202,120,168,26222,39321
76.861,0,820,22,84,58,14.7,13.6,0.925,1,0,0,0,12,312,2.568,1,20,138.17,0,0,0,0,1,0,0,0,0,0,0,0,0,0,0,52.6,34,0.344,1,0,0,0,0,0,0,0,0,0,840,820,800,800,1090,1400,76,0.254,26.5,14.3,12.69,0,138.17,0,20,22,12.745,353.28,1,0.625,0.625,0.586,2.09,0.645,0.02,0,,,,61,0,0,0,0,0,0,0,0,0,0,7,0,0,7000,7000,29,242,1346,66,52,42,74,49,61,0,39321,171,154,129,202,120,168,26222,39321
76.921,0,824,22,84,58,14.7,13.6,0.925,1,0,0,0,12,312,2.56,1,20,138,0,0,0,0,1,0,0,0,0,0,0,0,0,0,0,52.6,34,0.344,1,0,0,0,0,0,0,0,0,0,840,820,800,800,1090,1400,76,0.254,26.5,14.3,12.75,0,138,0,20,22,12.745,353.28,1,0.625,0.625,0.586,2.09,0.645,0.02,0,,,,64,0,0,0,0,0,0,0,0,0,0,7,0,0,7000,7000,29,242,1346,61,64,42,74,49,61,0,39321,171,157,129,202,120,168,26222,39321
76.981,0,819,22,84,58,14.7,13.6,0.925,1,0,0,0,12,312,2.568,1,20,138,0,0,0,0,1,0,0,0,0,0,0,0,0,0,0,52.6,34,0.344,1,0,0,0,0,0,0,0,0,0,800,820,800,800,1090,1400,76,0.254,26.5,14.3,12.81,0,138,0,20,22,12.745,353.28,1,0.625,0.625,0.586,2.09,0.645,0.02,0,,,,39,0,0,0,0,0,0,0,0,0,0,7,0,0,7000,7000,29,242,1346,61,64,42,71,39,61,0,39321,171,157,129,202,118,168,26222,39321
77.041,0,813,22,84,58,14.7,13.57,0.923,1,0,0,0,12.5,312,2.568,1,20,138,0,0,0,0,1,0,0,0,0,0,0,0,0,0,0,52.6,34,0.344,1,0,0,0,0,0,0,0,0,0,800,810,800,800,1090,1400,76,0.254,26.5,14.3,12.81,0,138,0,20,22,12.745,353.28,1,0.625,0.625,0.586,2.09,0.645,0.02,0,,,,57,0,0,0,0,0,0,0,0,0,0,7,0,0,7000,7000,29,242,1346,57,64,42,71,39,57,0,39321,171,157,129,202,118,168,26222,39321
77.101,0,808,22,84,58,14.7,13.57,0.923,1,0,0,0,12.5,312,2.576,1,20,138,0,0,0,0,1,0,0,0,0,0,0,0,0,0,0,52.6,34,0.344,1,0,0,0,0,0,0,0,0,0,800,810,800,800,1090,1400,76,0.254,26.5,14.3,12.81,0,138,0,20,22,12.672,353.28,1,0.625,0.625,0.586,2.09,0.645,0.02,0,,,,49,0,0,0,0,0,0,0,0,0,0,7,0,0,7000,7000,29,242,1346,57,54,49,71,39,57,0,39321,171,157,129,202,118,168,26222,39321
77.161,0,800,22,84,58,14.7,13.57,0.923,1,0,0,0,13,312,2.576,1,20,138.33,0,0,0,0,1,0,0,0,0,0,0,0,0,0,0,52.82,34,0.344,1,0,0,0,0,0,0,0,0,0,800,800,800,800,1090,1400,76,0.254,26.5,14.3,12.86,0,138.33,0,20,22,12.745,353.28,1,0.625,0.625,0.586,2.09,0.645,0.02,0,,,,54,0,0,0,0,0,0,0,0,0,0,7,0,0,7000,7000,29,242,1346,57,54,49,71,39,54,0,39321,171,157,129,202,118,165,26222,39321
77.221,0,803,22,84,58,14.7,13.57,0.923,1,0,0,0,13,312,2.576,1,20,138.33,0,0,0,0,1,0,0,0,0,0,0,0,0,0,0,52.82,34,0.344,1,0,0,0,0,0,0,0,0,0,800,800,800,800,1090,1400,76,0.254,26.5,14.3,12.86,0,138.33,0,20,22,12.745,353.28,1,0.645,0.645,0.586,2.09,0.645,0.02,0,,,,61,0,0,0,0,0,0,0,0,0,0,7,0,0,7000,7000,29,242,1346,59,61,49,71,39,54,0,39321,171,157,129,202,118,165,26222,39321
77.281,0,801,22,84,58,14.7,13.57,0.923,1,0,0,0,13,312,2.576,1,20,138.5,0,0,0,0,1,0,0,0,0,0,0,0,0,0,0,52.82,34,0.344,1,0,0,0,0,0,0,0,0,0,800,800,800,800,1090,1400,76,0.254,26.5,14.3,12.98,0,138.5,0,20,22,12.745,353.28,1,0.625,0.625,0.586,2.09,0.645,0.02,0,,,,45,0,0,0,0,0,0,0,0,0,0,7,0,0,7000,7000,29,242,1346,59,61,45,64,45,54,0,39321,171,157,129,202,118,165,26222,39321
77.341,0,804,22,84,58,14.7,13.57,0.923,1,0,0,0,13,312,2.576,1,20,138.5,0,0,0,0,1,0,0,0,0,0,0,0,0,0,0,52.82,34,0.344,1,0,0,0,0,0,0,0,0,0,800,800,800,800,1090,1400,76,0.254,26.5,14.3,12.92,0,138.5,0,20,22,12.745,353.28,1,0.645,0.645,0.586,2.09,0.645,0.02,0,,,,64,0,0,0,0,0,0,0,0,0,0,7,0,0,7000,7000,29,242,1346,64,61,45,64,45,61,0,39321,171,157,129,202,118,165,26222,39321
77.401,0,800,22,84,58,14.7,13.57,0.923,1,0,0,0,13,312,2.576,1,20,138.5,0,0,0,0,1,0,0,0,0,0,0,0,0,0,0,52.82,34,0.344,1,0,0,0,0,0,0,0,0,0,800,800,800,800,1090,1400,76,0.254,26.5,14.3,12.98,0,138.5,0,20,22,12.745,353.28,1,0.625,0.625,0.586,2.09,0.645,0.02,0,,,,39,0,0,0,0,0,0,0,0,0,0,7,0,0,7000,7000,29,242,1346,64,52,39,64,45,61,0,39321,171,157,129,202,118,165,26222,39321
77.461,0,803,22,84,58,14.7,13.57,0.923,1,0,0,0,13,312,2.576,1,20,138.83,0,0,0,0,1,0,0,0,0,0,0,0,0,0,0,53.05,34,0.344,1,0,0,0,0,0,0,0,0,0,800,800,800,800,1090,1400,76,0.254,26.5,14.3,12.92,0,138.83,0,20,22,12.745,353.28,1,0.645,0.645,0.586,2.09,0.645,0.02,0,,,,54,0,0,0,0,0,0,0,0,0,0,7,0,0,7000,7000,29,242,1346,64,52,39,61,42,54,0,39321,171,157,129,199,118,165,26222,39321
77.521,0,805,22,84,58,14.7,13.57,0.923,1,0,0,0,12.5,312,2.576,1,20,138.67,0,0,0,0,1,0,0,0,0,0,0,0,0,0,0,52.82,34,0.344,1,0,0,0,0,0,0,0,0,0,800,810,800,800,1090,1400,76,0.254,26.5,14.3,12.81,0,138.67,0,20,22,12.745,353.28,1,0.645,0.645,0.586,2.09,0.645,0.02,0,,,,51,0,0,0,0,0,0,0,0,0,0,7,0,0,7000,7000,29,242,1346,66,51,39,61,42,54,0,39321,171,157,129,199,118,165,26222,39321
77.581,0,808,22,84,58,14.7,13.57,0.923,1,0,0,0,12.5,312,2.576,1,20,138.83,0,0,0,0,1,0,0,0,0,0,0,0,0,0,0,53.05,34,0.344,1,0,0,0,0,0,0,0,0,0,800,810,800,800,1090,1400,76,0.254,26.5,14.3,12.75,0,138.83,0,20,22,12.745,353.28,1,0.645,0.645,0.586,2.09,0.645,0.02,0,,,,51,0,0,0,0,0,0,0,0,0,0,7,0,0,7000,7000,29,242,1346,66,51,42,62,51,54,0,39321,171,157,126,199,118,165,26222,39321
77.641,0,808,22,84,58,14.7,13.57,0.923,1,0,0,0,12.5,312,2.584,1,20,138.83,0,0,0,0,1,0,0,0,0,0,0,0,0,0,0,53.05,34,0.344,1,0,0,0,0,0,0,0,0,0,800,810,800,800,1090,1400,76,0.254,26.5,14.3,12.75,0,138.83,0,20,22,12.672,353.28,1,0.645,0.645,0.586,2.09,0.645,0.02,0,,,,73,0,0,0,0,0,0,0,0,0,0,7,0,0,7000,7000,29,242,1346,73,51,42,62,51,56,0,39321,174,157,126,199,118,165,26222,39321
77.701,0,802,22,84,58,14.7,13.6,0.925,1,0,0,0,13,312,2.592,1,20,139,0,0,0,0,1,0,0,0,0,0,0,0,0,0,0,53.05,34,0.344,1,0,0,0,0,0,0,0,0,0,800,800,800,800,1090,1400,76,0.254,26.5,14.3,12.69,0,139,0,20,22,12.672,353.28,1,0.645,0.645,0.586,2.09,0.645,0.02,0,,,,49,0,0,0,0,0,0,0,0,0,0,7,0,0,7000,7000,29,242,1346,73,51,49,62,51,56,0,39321,174,157,126,199,118,165,26222,39321
77.761,0,791,22,84,58,14.7,13.6,0.925,1,0,0,0,14,312,2.592,1,20,139,0,0,0,0,1,0,0,0,0,0,0,0,0,0,0,53.05,34,0.344,1,0,0,0,0,0,0,0,0,0,800,790,800,800,1090,1400,76,0.254,26.5,14.3,12.69,0,139,0,20,22,12.672,353.28,1,0.645,0.645,0.586,2.09,0.645,0.02,0,,,,54,0,0,0,0,0,0,0,0,0,0,7,0,0,7000,7000,29,242,1346,73,51,49,62,40,54,0,39321,174,157,126,196,118,165,26222,39321
77.821,0,792,22,84,58,14.7,13.6,0.925,1,0,0,0,14,312,2.592,1,20,139,0,0,0,0,1,0,0,0,0,0,0,0,0,0,0,53.05,34,0.344,1,0,0,0,0,0,0,0,0,0,800,790,800,800,1090,1400,76,0.254,26.5,14.3,12.81,0,139,0,20,22,12.745,353.28,1,0.645,0.645,0.586,2.09,0.645,0.02,0,,,,51,0,0,0,0,0,0,0,0,0,0,7,0,0,7000,7000,29,242,1346,51,51,49,62,40,54,0,39321,171,157,126,196,118,165,26222,39321
77.881,0,790,22,84,58,14.7,13.6,0.925,1,0,0,0,14,312,2.584,1,20,139.17,0,0,0,0,1,0,0,0,0,0,0,0,0,0,0,53.27,35,0.344,1,0,0,0,0,0,0,0,0,0,800,790,800,800,1090,1400,76,0.254,26,14.3,12.81,0,139.17,0,20,22,12.745,353.28,1,0.625,0.625,0.586,2.09,0.645,0.02,0,,,,40,0,0,0,0,0,0,0,0,0,0,7,0,0,7000,7000,29,242,1346,51,51,45,57,40,54,0,39321,171,157,126,194,118,165,26222,39321
77.940,0,795,22,84,58,14.7,13.63,0.927,1,0,0,0,13,312,2.584,1,20,139.17,0,0,0,0,1,0,0,0,0,0,0,0,0,0,0,53.27,35,0.344,1,0,0,0,0,0,0,0,0,0,800,800,800,800,1090,1400,76,0.254,26,14.3,12.86,0,139.17,0,20,22,12.745,353.28,1,0.645,0.645,0.586,2.09,0.645,0.02,0,,,,56,0,0,0,0,0,0,0,0,0,0,7,0,0,7000,7000,29,242,1346,56,51,45,57,40,62,0,39321,171,157,126,194,118,165,26222,39321
78.000,0,796,22,84,58,14.7,13.63,0.927,1,0,0,0,13,312,2.584,1,20,139.17,0,0,0,0,1,0,0,0,0,0,0,0,0,0,0,53.05,34,0.344,1,0,0,0,0,0,0,0,0,0,800,800,800,800,1090,1400,76,0.254,26.5,14.3,12.92,0,139.17,0,20,22,12.745,353.28,1,0.645,0.645,0.586,2.09,0.645,0.02,0,,,,45,0,0,0,0,0,0,0,0,0,0,7,0,0,7000,7000,29,242,1346,56,64,45,57,40,62,0,39321,171,157,126,194,118,165,26222,39321
78.061,0,802,22,84,58,14.7,13.63,0.927,1,0,0,0,13,312,2.592,1,20,139.33,0,0,0,0,1,0,0,0,0,0,0,0,0,0,0,53.27,35,0.344,1,0,0,0,0,0,0,0,0,0,800,800,800,800,1090,1400,76,0.254,26,14.3,12.92,0,139.33,0,20,22,12.745,353.28,1,0.645,0.645,0.586,2.09,0.645,0.02,0,,,,49,0,0,0,0,0,0,0,0,0,0,7,0,0,7000,7000,29,242,1346,56,64,45,76,45,49,0,39321,171,157,126,196,118,163,26222,39321
78.121,0,806,22,84,58,14.7,13.63,0.927,1,0,0,0,12.5,312,2.584,1,20,139.17,0,0,0,0,1,0,0,0,0,0,0,0,0,0,0,53.05,34,0.344,1,0,0,0,0,0,0,0,0,0,800,810,800,800,1090,1400,76,0.254,26.5,14.3,12.86,0,139.17,0,20,22,12.745,353.28,1,0.645,0.645,0.586,2.09,0.645,0.02,0,,,,56,0,0,0,0,0,0,0,0,0,0,7,0,0,7000,7000,29,242,1346,62,56,45,76,45,49,0,39321,171,157,126,196,118,163,26222,39321
78.180,0,806,22,84,58,14.7,13.69,0.931,1,0,0,0,12.5,312,2.584,1,20,139.17,0,0,0,0,1,0,0,0,0,0,0,0,0,0,0,53.05,34,0.344,1,0,0,0,0,0,0,0,0,0,800,810,800,800,1090,1400,76,0.254,26.5,14.3,12.81,0,139.17,0,20,22,12.745,353.28,1,0.645,0.645,0.586,2.09,0.645,0.02,0,,,,42,0,0,0,0,0,0,0,0,0,0,7,0,0,7000,7000,29,242,1346,62,56,42,79,42,49,0,39321,171,157,126,199,118,163,26222,39321
78.240,0,808,22,84,58,14.7,13.69,0.931,1,0,0,0,12.5,312,2.584,1,20,139,0,0,0,0,1,0,0,0,0,0,0,0,0,0,0,53.05,34,0.344,1,0,0,0,0,0,0,0,0,0,800,810,800,800,1090,1400,76,0.254,26.5,14.3,12.92,0,139,0,20,22,12.672,353.28,1,0.645,0.645,0.586,2.09,0.645,0.02,0,,,,64,0,0,0,0,0,0,0,0,0,0,7,0,0,7000,7000,29,242,1346,64,56,42,79,42,59,0,39321,171,157,126,199,118,163,26222,39321
78.300,0,805,22,84,58,14.7,13.63,0.927,1,0,0,0,12.5,312,2.592,1,20,139,0,0,0,0,1,0,0,0,0,0,0,0,0,0,0,53.05,34,0.344,1,0,0,0,0,0,0,0,0,0,800,810,800,800,1090,1400,76,0.254,26.5,14.3,12.69,0,139,0,20,22,12.672,353.28,1,0.645,0.645,0.586,2.09,0.645,0.02,0,,,,42,0,0,0,0,0,0,0,0,0,0,7,0,0,7000,7000,29,242,1346,64,56,42,79,42,59,0,39321,171,157,126,199,118,163,26222,39321
78.360,0,800,22,84,58,14.7,13.69,0.931,1,0,0,0,13,312,2.592,1,20,139,0,0,0,0,1,0,0,0,0,0,0,0,0,0,0,53.05,34,0.344,1,0,0,0,0,0,0,0,0,0,800,800,800,800,1090,1400,76,0.254,26.5,14.3,12.92,0,139,0,20,22,12.672,353.28,1,0.645,0.645,0.586,2.09,0.645,0.02,0,,,,61,0,0,0,0,0,0,0,0,0,0,7,0,0,7000,7000,29,242,1346,64,56,42,83,42,61,0,39321,171,157,126,202,118,163,26222,39321
78.420,0,798,22,84,58,14.7,13.69,0.931,1,0,0,0,13,312,2.592,1,20,139,0,0,0,0,1,0,0,0,0,0,0,0,0,0,0,53.05,34,0.344,1,0,0,0,0,0,0,0,0,0,800,800,800,800,1090,1400,76,0.254,26.5,14.3,13.15,0,139,0,20,22,12.672,353.28,1,0.645,0.645,0.586,2.09,0.645,0.02,0,,,,52,0,0,0,0,0,0,0,0,0,0,7,0,0,7000,7000,29,242,1346,59,52,42,83,42,61,0,39321,171,154,126,202,118,163,26222,39321
78.480,0,799,22,84,58,14.7,13.69,0.931,1,0,0,0,13,312,2.592,1,20,139,0,0,0,0,1,0,0,0,0,0,0,0,0,0,0,53.05,34,0.344,1,0,0,0,0,0,0,0,0,0,800,800,800,800,1090,1400,76,0.254,26.5,14.3,13.09,0,139,0,20,22,12.672,353.28,1,0.645,0.645,0.586,2.09,0.645,0.02,0,,,,40,0,0,0,0,0,0,0,0,0,0,7,0,0,7000,7000,29,242,1346,59,52,45,76,40,61,0,39321,171,154,126,205,118,163,26222,39321
78.540,0,801,22,84,58,14.7,13.69,0.931,1,0,0,0,13,312,2.584,1,20,139,0,0,0,0,1,0,0,0,0,0,0,0,0,0,0,53.05,34,0.344,1,0,0,0,0,0,0,0,0,0,800,800,800,800,1090,1400,76,0.254,26.5,14.3,13.09,0,139,0,20,22,12.745,353.28,1,0.645,0.645,0.586,2.09,0.645,0.02,0,,,,61,0,0,0,0,0,0,0,0,0,0,7,0,0,7000,7000,29,242,1346,61,52,45,76,40,51,0,39321,171,154,126,205,118,160,26222,39321
78.600,0,799,22,84,58,14.7,13.69,0.931,1,0,0,0,13,312,2.584,1,20,139,0,0,0,0,1,0,0,0,0,0,0,0,0,0,0,53.05,34,0.344,1,0,0,0,0,0,0,0,0,0,800,800,800,800,1090,1400,76,0.254,26.5,14.3,13.09,0,139,0,20,22,12.745,353.28,1,0.645,0.645,0.586,2.09,0.645,0.02,0,,,,51,0,0,0,0,0,0,0,0,0,0,7,0,0,7000,7000,29,242,1346,61,66,51,76,40,51,0,39321,171,157,126,205,118,160,26222,39321
78.660,0,804,22,84,58,14.7,13.69,0.931,1,0,0,0,13,312,2.584,1,20,139,0,0,0,0,1,0,0,0,0,0,0,0,0,0,0,53.05,34,0.344,1,0,0,0,0,0,0,0,0,0,800,800,800,800,1090,1400,76,0.254,26.5,14.3,13.09,0,139,0,20,22,12.745,353.28,1,0.645,0.645,0.586,2.09,0.645,0.02,0,,,,57,0,0,0,0,0,0,0,0,0,0,7,0,0,7000,7000,29,242,1346,61,66,51,59,44,57,0,39321,171,157,126,202,118,160,26222,39321
78.720,0,806,22,84,58,14.7,13.69,0.931,1,0,0,0,12.5,312,2.584,1,20,139,0,0,0,0,1,0,0,0,0,0,0,0,0,0,0,53.05,34,0.344,1,0,0,0,0,0,0,0,0,0,800,810,800,800,1090,1400,76,0.254,26.5,14.3,13.03,0,139,0,20,22,12.745,353.28,1,0.645,0.645,0.586,2.09,0.645,0.02,0,,,,44,0,0,0,0,0,0,0,0,0,0,7,0,0,7000,7000,29,242,1346,68,44,51,59,44,57,0,39321,174,154,126,202,118,160,26222,39321
78.780,0,811,22,84,58,14.7,13.69,0.931,1,0,0,0,12.5,312,2.584,1,20,139,0,0,0,0,1,0,0,0,0,0,0,0,0,0,0,53.05,34,0.344,1,0,0,0,0,0,0,0,0,0,800,810,800,800,1090,1400,76,0.254,26.5,14.3,13.03,0,139,0,20,22,12.745,353.28,1,0.645,0.645,0.586,2.09,0.645,0.02,0,,,,45,0,0,0,0,0,0,0,0,0,0,7,0,0,7000,7000,29,242,1346,68,44,42,68,45,57,0,39321,174,154,126,202,118,160,26222,39321
78.840,0,812,22,84,58,14.7,13.69,0.931,1,0,0,0,12.5,312,2.584,1,20,139,0,0,0,0,1,0,0,0,0,0,0,0,0,0,0,53.05,34,0.344,1,0,0,0,0,0,0,0,0,0,800,810,800,800,1090,1400,76,0.254,26.5,14.3,12.92,0,139,0,20,22,12.745,353.28,1,0.645,0.645,0.586,2.09,0.645,0.02,0,,,,71,0,0,0,0,0,0,0,0,0,0,7,0,0,7000,7000,29,242,1346,71,44,42,68,45,54,0,39321,174,154,126,202,118,160,26222,39321
78.900,0,808,22,84,58,14.7,13.69,0.931,1,0,0,0,12.5,312,2.584,1,20,139,0,0,0,0,1,0,0,0,0,0,0,0,0,0,0,53.05,34,0.344,1,0,0,0,0,0,0,0,0,0,800,810,800,800,1090,1400,76,0.254,26.5,14.3,12.92,0,139,0,20,22,12.745,353.28,1,0.645,0.645,0.586,2.09,0.645,0.02,0,,,,66,0,0,0,0,0,0,0,0,0,0,7,0,0,7000,7000,29,242,1346,71,51,51,66,45,54,0,39321,174,154,126,202,118,160,26222,39321
78.960,0,808,22,84,58,14.7,13.69,0.931,1,0,0,0,12.5,312,2.584,1,20,139,0,0,0,0,1,0,0,0,0,0,0,0,0,0,0,53.05,34,0.344,1,0,0,0,0,0,0,0,0,0,800,810,800,800,1090,1400,76,0.254,26.5,14.3,12.92,0,139,0,20,22,12.745,353.28,1,0.625,0.625,0.586,2.09,0.645,0.02,0,,,,59,0,0,0,0,0,0,0,0,0,0,7,0,0,7000,7000,29,242,1346,71,51,51,66,44,59,0,39321,174,154,126,202,118,160,26222,39321
79.020,0,813,22,84,58,14.7,13.69,0.931,1,0,0,0,12.5,312,2.584,1,20,139,0,0,0,0,1,0,0,0,0,0,0,0,0,0,0,53.05,34,0.344,1,0,0,0,0,0,0,0,0,0,800,810,800,800,1090,1400,76,0.254,26.5,14.3,12.92,0,139,0,20,22,12.745,353.28,1,0.645,0.645,0.586,2.09,0.645,0.02,0,,,,54,0,0,0,0,0,0,0,0,0,0,7,0,0,7000,7000,29,242,1346,64,54,51,66,44,59,0,39321,174,154,126,202,118,160,26222,39321
79.080,0,812,22,84,58,14.7,13.69,0.931,1,0,0,0,12.5,312,2.584,1,20,139,0,0,0,0,1,0,0,0,0,0,0,0,0,0,0,53.05,34,0.344,1,0,0,0,0,0,0,0,0,0,800,810,800,800,1090,1400,76,0.254,26.5,14.3,12.98,0,139,0,20,22,12.745,353.28,1,0.625,0.625,0.586,2.09,0.645,0.02,0,,,,45,0,0,0,0,0,0,0,0,0,0,7,0,0,7000,7000,29,242,1346,64,54,49,69,45,59,0,39321,174,154,129,199,120,160,26222,39321
79.140,0,814,22,84,58,14.7,13.69,0.931,1,0,0,0,12.5,312,2.584,1,20,139,0,0,0,0,1,0,0,0,0,0,0,0,0,0,0,52.82,34,0.344,1,0,0,0,0,0,0,0,0,0,800,810,800,800,1090,1400,76,0.254,26.5,14.3,13.15,0,139,0,20,22,12.745,353.28,1,0.645,0.645,0.586,2.09,0.645,0.02,0,,,,62,0,0,0,0,0,0,0,0,0,0,7,0,0,7000,7000,29,242,1346,62,54,49,69,45,56,0,39321,174,154,129,199,120,160,26222,39321
79.200,0,814,22,84,58,14.7,13.69,0.931,1,0,0,0,12.5,312,2.576,1,20,138.83,0,0,0,0,1,0,0,0,0,0,0,0,0,0,0,53.05,34,0.344,1,0,0,0,0,0,0,0,0,0,800,810,800,800,1090,1400,76,0.254,26.5,14.3,12.98,0,138.83,0,20,22,12.745,353.28,1,0.625,0.625,0.586,2.09,0.645,0.02,0,,,,62,0,0,0,0,0,0,0,0,0,0,7,0,0,7000,7000,29,242,1346,62,47,44,62,45,56,0,39321,174,151,129,196,120,160,26222,39321
79.260,0,815,22,84,58,14.7,13.69,0.931,1,0,0,0,12,312,2.576,1,20,138.67,0,0,0,0,1,0,0,0,0,0,0,0,0,0,0,52.82,34,0.344,1,0,0,0,0,0,0,0,0,0,800,820,800,800,1090,1400,76,0.254,26.5,14.3,13.15,0,138.67,0,20,22,12.745,353.28,1,0.645,0.645,0.586,2.09,0.645,0.02,0,,,,59,0,0,0,0,0,0,0,0,0,0,7,0,0,7000,7000,29,242,1346,62,47,44,62,57,59,0,39321,174,151,129,196,123,160,26222,39321
79.320,0,816,22,84,58,14.7,13.63,0.927,1,0,0,0,12,312,2.576,1,20,138.5,0,0,0,0,1,0,0,0,0,0,0,0,0,0,0,52.82,34,0.344,1,0,0,0,0,0,0,0,0,0,800,820,800,800,1090,1400,76,0.254,26.5,14.3,13.03,0,138.5,0,20,22,12.745,353.28,1,0.625,0.625,0.586,2.09,0.645,0.02,0,,,,45,0,0,0,0,0,0,0,0,0,0,7,0,0,7000,7000,29,242,1346,57,51,45,62,57,59,0,39321,174,151,129,196,123,160,26222,39321
79.380,0,816,22,84,58,14.7,13.63,0.927,1,0,0,0,12,312,2.576,1,20,138.5,0,0,0,0,1,0,0,0,0,0,0,0,0,0,0,52.82,34,0.344,1,0,0,0,0,0,0,0,0,0,800,820,800,800,1090,1400,76,0.254,26.5,14.3,13.03,0,138.5,0,20,22,12.745,353.28,1,0.645,0.645,0.586,2.09,0.645,0.02,0,,,,45,0,0,0,0,0,0,0,0,0,0,7,0,0,7000,7000,29,242,1346,57,51,45,79,45,59,0,39321,174,151,129,196,123,160,26222,39321
79.440,0,817,22,84,58,14.7,13.6,0.925,1,0,0,0,12,312,2.576,1,20,138.5,0,0,0,0,1,0,0,0,0,0,0,0,0,0,0,52.82,34,0.344,1,0,0,0,0,0,0,0,0,0,800,820,800,800,1090,1400,76,0.254,26.5,14.3,12.63,0,138.5,0,20,22,12.745,353.28,1,0.645,0.645,0.586,2.09,0.645,0.02,0,,,,61,0,0,0,0,0,0,0,0,0,0,7,0,0,7000,7000,29,242,1346,56,61,45,79,45,51,0,39321,174,151,129,196,123,160,26222,39321
79.500,0,813,22,84,58,14.7,13.57,0.923,1,0,0,0,12.5,312,2.576,1,20,138.5,0,0,0,0,1,0,0,0,0,0,0,0,0,0,0,52.82,34,0.344,1,0,0,0,0,0,0,0,0,0,800,810,800,800,1090,1400,76,0.254,26.5,14.3,12.92,0,138.5,0,20,22,12.745,353.28,1,0.625,0.625,0.586,2.09,0.645,0.02,0,,,,73,0,0,0,0,0,0,0,0,0,0,7,0,0,7000,7000,29,242,1346,56,61,49,73,45,51,0,39321,174,151,129,196,123,160,26222,39321
79.560,0,811,22,84,58,14.7,13.57,0.923,1,0,0,0,12.5,312,2.576,1,20,138.5,0,0,0,0,1,0,0,0,0,0,0,0,0,0,0,52.82,34,0.344,1,0,0,0,0,0,0,0,0,0,800,810,800,800,1090,1400,76,0.254,26.5,14.3,12.92,0,138.5,0,20,22,12.745,353.28,1,0.625,0.625,0.586,2.09,0.645,0.02,0,,,,56,0,0,0,0,0,0,0,0,0,0,7,0,0,7000,7000,29,242,1346,56,61,49,73,40,56,0,39321,174,151,129,196,123,160,26222,39321
79.620,0,809,22,84,58,14.7,13.57,0.923,1,0,0,0,12.5,312,2.576,1,20,138.5,0,0,0,0,1,0,0,0,0,0,0,0,0,0,0,52.82,34,0.344,1,0,0,0,0,0,0,0,0,0,800,810,800,800,1090,1400,76,0.254,26.5,14.3,12.86,0,138.5,0,20,22,12.745,353.28,1,0.625,0.625,0.586,2.09,0.645,0.02,0,,,,47,0,0,0,0,0,0,0,0,0,0,7,0,0,7000,7000,29,242,1346,52,54,47,73,40,56,0,39321,174,151,129,196,123,160,26222,39321
79.680,0,813,22,84,58,14.7,13.57,0.923,1,0,0,0,12.5,312,2.576,1,20,138.83,0,0,0,0,1,0,0,0,0,0,0,0,0,0,0,53.05,34,0.344,1,0,0,0,0,0,0,0,0,0,800,810,800,800,1090,1400,76,0.254,26.5,14.3,12.92,0,138.83,0,20,22,12.745,353.28,1,0.645,0.645,0.586,2.09,0.645,0.02,0,,,,42,0,0,0,0,0,0,0,0,0,0,7,0,0,7000,7000,29,242,1346,52,54,47,76,42,56,0,39321,174,151,129,196,123,160,26222,39321
79.740,0,815,22,84,58,14.7,13.57,0.923,1,0,0,0,12,312,2.576,1,20,138.83,0,0,0,0,1,0,0,0,0,0,0,0,0,0,0,53.05,34,0.344,1,0,0,0,0,0,0,0,0,0,800,820,800,800,1090,1400,76,0.254,26.5,14.3,12.86,0,138.83,0,20,22,12.745,353.28,1,0.645,0.645,0.586,2.09,0.645,0.02,0,,,,44,0,0,0,0,0,0,0,0,0,0,7,0,0,7000,7000,29,242,1346,56,44,47,76,42,57,0,39321,171,151,129,196,123,160,26222,39321
79.800,0,809,22,84,58,14.7,13.57,0.923,1,0,0,0,12.5,312,2.584,1,20,139,0,0,0,0,1,0,0,0,0,0,0,0,0,0,0,53.05,34,0.344,1,0,0,0,0,0,0,0,0,0,800,810,800,800,1090,1400,76,0.254,26.5,14.3,13.09,0,139,0,20,22,12.745,353.28,1,0.664,0.664,0.586,2.09,0.645,0.02,0,,,,74,0,0,0,0,0,0,0,0,0,0,7,0,0,7000,7000,29,242,1346,56,44,52,74,42,57,0,39321,171,151,129,196,123,160,26222,39321
79.860,0,810,22,84,58,14.7,13.57,0.923,1,0,0,0,12.5,312,2.584,1,20,139.17,0,0,0,0,1,0,0,0,0,0,0,0,0,0,0,53.27,35,0.344,1,0,0,0,0,0,0,0,0,0,800,810,800,800,1090,1400,76,0.254,26,14.3,13.15,0,139.17,0,20,22,12.745,353.28,1,0.625,0.625,0.586,2.09,0.645,0.02,0,,,,66,0,0,0,0,0,0,0,0,0,0,7,0,0,7000,7000,29,242,1346,66,44,52,74,51,56,0,39321,171,151,129,196,126,160,26222,39321
79.920,0,815,22,84,58,14.7,13.57,0.923,1,0,0,0,12,312,2.576,1,20,139.17,0,0,0,0,1,0,0,0,0,0,0,0,0,0,0,53.05,34,0.344,1,0,0,0,0,0,0,0,0,0,800,820,800,800,1090,1400,76,0.254,26.5,14.3,13.15,0,139.17,0,20,22,12.819,353.28,1,0.645,0.645,0.586,2.09,0.645,0.02,0,,,,45,0,0,0,0,0,0,0,0,0,0,7,0,0,7000,7000,29,242,1346,66,52,45,74,51,56,0,39321,171,151,129,196,126,160,26222,39321
79.980,0,826,22,84,58,14.7,13.57,0.923,1,0,0,0,11.5,312,2.56,1,21,139,0,0,0,0,1,0,0,0,0,0,0,0,0,0,0,53.05,34,0.344,1,0,0,0,0,0,0,0,0,0,840,830,800,800,1090,1400,76,0.254,26.5,14.3,13.03,0,139,0,21,21,12.819,353.28,1,0.645,0.645,0.586,2.09,0.645,0.02,0,,,,54,0,0,0,0,0,0,0,0,0,0,7,0,0,7000,7000,29,242,1346,66,52,45,64,42,54,0,39321,171,151,129,196,123,160,26222,39321
80.041,0,832,21,84,58,14.7,13.57,0.923,1,0,0,0,11.5,312,2.552,1,21,138,0,0,0,0,1,0,0,0,0,0,0,0,0,0,0,52.82,34,0.344,1,0,0,0,0,0,0,0,0,0,840,830,800,800,1090,1400,76,0.254,26.5,14.3,13.15,0,138,0,21,21,12.819,353.28,1,0.625,0.625,0.586,2.09,0.645,0.02,0,,,,62,0,0,0,0,0,0,0,0,0,0,7,0,0,7000,7000,29,242,1346,66,62,45,64,42,54,0,39321,174,151,129,196,123,160,26222,39321
80.101,0,832,21,84,58,14.7,13.6,0.925,1,0,0,0,11.5,312,2.536,1,21,137,0,0,0,0,1,0,0,0,0,0,0,0,0,0,0,52.6,34,0.344,1,0,0,0,0,0,0,0,0,0,840,830,800,800,1090,1400,76,0.254,26.5,14.3,12.98,0,137,0,21,21,12.819,353.28,1,0.625,0.625,0.586,2.09,0.645,0.02,0,,,,42,0,0,0,0,0,0,0,0,0,0,7,0,0,7000,7000,29,242,1346,66,62,51,83,42,54,0,39321,174,151,129,199,123,160,26222,39321
80.161,0,828,21,84,58,14.7,13.69,0.931,1,0,0,0,11.5,312,2.528,1,20,136.33,0,0,0,0,1,0,0,0,0,0,0,0,0,0,0,52.37,34,0.344,1,0,0,0,0,0,0,0,0,0,840,830,800,800,1090,1400,76,0.254,26.5,14.3,13.15,0,136.33,0,20,21,12.819,353.28,1,0.625,0.625,0.586,2.09,0.645,0.02,0,,,,59,0,0,0,0,0,0,0,0,0,0,7,0,0,7000,7000,29,242,1346,59,62,51,83,42,52,0,39321,174,151,129,199,123,160,26222,39321
80.221,0,822,21,84,58,14.7,13.69,0.931,1,0,0,0,12,312,2.512,1,20,135.83,0,0,0,0,1,0,0,0,0,0,0,0,0,0,0,52.37,34,0.344,1,0,0,0,0,0,0,0,0,0,840,820,800,800,1090,1400,76,0.254,26.5,14.3,13.21,0,135.83,0,20,21,12.892,353.28,1,0.625,0.625,0.586,2.09,0.645,0.02,0,,,,91,0,0,0,0,0,0,0,0,0,0,7,0,0,7000,7000,29,242,1346,59,76,51,91,42,52,0,39321,174,154,129,202,123,160,26222,39321
80.281,0,822,20,84,58,14.7,13.69,0.931,1,0,0,0,12,312,2.496,1,20,134.83,0,0,0,0,1,0,0,0,0,0,0,0,0,0,0,52.15,33,0.344,1,0,0,0,0,0,0,0,0,0,840,820,800,800,1090,1400,76,0.254,27,14.3,13.38,0,134.83,0,20,20,12.892,353.28,1,0.625,0.625,0.586,2.09,0.645,0.02,0,,,,57,0,0,0,0,0,0,0,0,0,0,7,0,0,7000,7000,29,242,1346,59,76,51,91,49,57,0,39321,174,154,129,202,126,160,26222,39321
80.341,0,811,20,84,58,14.7,13.69,0.931,1,0,0,0,12.5,312,2.504,1,20,134.17,0,0,0,0,1,0,0,0,0,0,0,0,0,0,0,52.15,33,0.344,1,0,0,0,0,0,0,0,0,0,800,810,800,800,1090,1400,76,0.254,27,14.3,13.26,0,134.17,0,20,20,12.892,353.28,1,0.625,0.625,0.586,2.09,0.645,0.02,0,,,,52,0,0,0,0,0,0,0,0,0,0,7,0,0,7000,7000,29,242,1346,76,52,51,91,49,57,0,39321,177,151,129,202,126,160,26222,39321
80.401,0,804,20,84,58,14.7,13.69,0.931,1,0,0,0,13,312,2.496,1,19,133.5,0,0,0,0,1,0,0,0,0,0,0,0,0,0,0,51.92,33,0.344,1,0,0,0,0,0,0,0,0,0,800,800,800,800,1090,1400,76,0.254,27,14.3,13.15,0,133.5,0,19,20,12.892,353.28,1,0.605,0.605,0.586,2.09,0.645,0.02,0,,,,51,0,0,0,0,0,0,0,0,0,0,7,0,0,7000,7000,29,242,1346,76,52,51,68,51,57,0,39321,177,151,132,202,126,160,26222,39321
80.461,0,795,20,84,58,14.7,13.6,0.925,1,0,0,0,13,312,2.488,1,19,133.17,0,0,0,0,1,0,0,0,0,0,0,0,0,0,0,51.92,33,0.344,1,0,0,0,0,0,0,0,0,0,800,800,800,800,1090,1400,76,0.254,27,14.3,13.21,0,133.17,0,19,20,12.892,353.28,1,0.605,0.605,0.586,2.09,0.645,0.02,0,,,,71,0,0,0,0,0,0,0,0,0,0,7,0,0,7000,7000,29,242,1346,71,52,51,68,51,56,0,39321,177,151,132,202,126,160,26222,39321
80.521,0,784,20,84,58,14.7,13.6,0.925,1,0,0,0,15,312,2.488,1,19,133,0,0,0,0,1,0,0,0,0,0,0,0,0,0,0,51.92,33,0.344,1,0,0,0,0,0,0,0,0,0,800,780,800,800,1090,1400,76,0.254,27,14.3,13.26,0,133,0,19,20,12.892,353.28,1,0.605,0.605,0.586,2.09,0.645,0.02,0,,,,83,0,0,0,0,0,0,0,0,0,0,7,0,0,7000,7000,29,242,1346,71,52,61,83,51,56,0,39321,177,151,135,205,126,160,26222,39321
80.581,0,766,20,84,58,14.7,13.57,0.923,1,0,0,0,16,312,2.488,1,18,133.17,0,0,0,0,1,0,0,0,0,0,0,0,0,0,0,52.15,33,0.344,1,0,0,0,0,0,0,0,0,0,760,770,800,800,1090,1400,76,0.25,26.5,14.3,13.21,0,133.17,0,18,21,12.892,353.28,1,0.625,0.625,0.586,2.09,0.645,0.02,0,,,,44,0,0,0,0,0,0,0,0,0,0,7,0,0,7000,7000,29,242,1346,71,52,61,83,41,44,0,39321,177,151,135,205,126,157,26222,39321
80.641,0,760,21,84,58,14.7,13.57,0.923,1,0,0,0,17,312,2.504,1,18,134,0,0,0,0,1,0,0,0,0,0,0,0,0,0,0,52.37,34,0.344,1,0,0,0,0,0,0,0,0,0,760,760,800,800,1090,1400,76,0.25,26,14.3,13.26,0,134,0,18,21,12.892,353.28,1,0.645,0.645,0.586,2.09,0.645,0.02,0,,,,49,0,0,0,0,0,0,0,0,0,0,7,0,0,7000,7000,29,242,1346,59,49,61,83,41,44,0,39321,174,151,135,205,126,157,26222,39321
80.701,1,750,22,84,58,14.7,13.54,0.921,1,0,0,0,18,312,2.52,1,18,135.5,0,0,0,0,1,0,0,0,0,0,0,0,0,0,0,52.82,34,0.344,1,0,0,0,0,0,0,0,0,0,760,750,800,800,1090,1400,76,0.25,26,14.3,13.09,0,135.5,0,18,22,12.892,353.28,1,0.664,0.664,0.586,2.09,0.723,0.02,0,,,,54,0,0,0,0,0,0,0,0,0,0,7,0,0,7000,7000,29,242,1346,59,49,43,54,41,44,0,39321,174,151,135,202,126,157,26222,39321
80.761,7,747,22,84,58,14.18,13.54,0.955,1,0.965,0,0,15,312,3.472,2,24,175.5,0,0,0,0,0,0,0,0,0,0,0,0,0,0,0,55.97,37,0.492,1,0,0,0,0,0,0,0,0,0,760,750,800,800,1090,1400,76,0.262,24.5,14.24,13.03,0,175.5,0,24,22,12.892,350.72,1,0.742,0.742,0.586,2.09,0.938,0.02,0,,,,60,0,0,0,0,0,0,0,0,0,0,7,0,0,7000,7000,28,242,1346,60,49,43,54,46,52,0,39321,174,151,135,202,126,154,26222,39321
80.821,21,744,21,84,58,14.13,13.51,0.956,1,0.844,0,1.086,9.5,312,5.176,3,36,265.33,0,0,0,0,0,0,0,0,0,0,0,0,0,0,0,67.44,49,0.625,1,0,0,0,0,0,0,0,0,0,760,740,800,800,1090,1400,76,0.27,19,14.18,13.21,0,265.33,0,36,21,12.892,337.92,1,1.191,1.191,0.586,2.09,1.465,0.02,0,,,,19,0,0,0,0,0,0,0,0,0,0,7,0,0,7000,7000,26,242,1346,60,34,19,54,46,52,0,39321,174,149,129,202,126,154,26222,39321
80.881,26,745,21,84,58,13.84,13.48,0.974,1,0.316,0,2.844,-2.5,312,7.632,4,54,403.17,0,0,0,0,0,0,0,0,0,0,0,0,0,0,0,92.84,76,0.68,1,0,0,0,0,0,0,0,0,0,760,750,800,800,1090,1400,76,0.27,7,13.78,13.15,0,403.17,0,54,21,12.892,312.32,1,1.68,1.68,0.586,2.09,1.66,0.02,0,,,,25,0,0,0,0,0,0,0,0,0,0,7,0,0,7000,7000,21,242,1346,60,34,19,33,25,52,0,39321,174,149,129,196,123,154,26222,39321
80.941,11,858,21,84,58,13.49,13.48,0.999,1,0.129,0,2.809,-1,312,7.2,5,56,363.5,0,0,0,0,0,0,0,0,0,0,0,0,0,0,0,101.16,85,0.539,1,0,0,0,0,0,0,0,0,0,840,860,800,800,1090,1400,76,0.27,12.5,13.55,13.09,0,363.5,0,56,21,12.892,304.64,1,1.621,1.621,0.586,2.09,1.074,0.02,0,,,,19,0,0,0,0,0,0,0,0,0,0,7,0,0,7000,7000,19,242,1346,60,19,19,33,25,24,0,39321,174,140,129,196,123,149,26222,39321
81.001,3,1036,21,84,58,13.78,13.57,0.985,1,0.051,0,2.055,0.5,312,5.28,4,48,256.33,0,0,0,0,0,0,0,0,0,0,0,0,0,0,0,90.82,74,0.43,1,0,0,0,0,0,0,0,0,0,1040,1040,800,800,1090,1400,76,0.27,15,13.84,13.03,0,256.33,0,48,21,12.892,314.88,1,1.367,1.367,0.586,2.09,0.801,0.02,0,,,,71,0,0,0,0,0,0,0,0,0,0,7,0,0,7000,7000,21,242,1346,60,19,55,72,71,24,0,39321,174,140,132,196,129,149,26222,39321
81.061,3,1149,21,84,58,14.07,13.76,0.978,1,0.012,0,1.355,2,312,4.24,4,44,212.5,0,0,0,0,0,0,0,0,0,0,0,0,0,0,0,78.9,62,0.414,1,0,0,0,0,0,0,0,0,0,1160,1150,800,800,1090,1400,76,0.266,20.5,14.13,13.32,0,212.5,0,44,21,12.892,327.68,1,1.172,1.172,0.586,2.09,0.781,0.02,0,,,,77,0,0,0,0,0,0,0,0,0,0,7,0,0,7000,7000,24,242,1346,91,77,55,72,71,79,0,39321,180,146,132,196,129,151,26222,39321
81.121,4,1188,21,84,58,14.13,13.6,0.963,1,0,0,0.992,3.5,312,3.784,3,41,193.67,0,0,0,0,0,0,0,0,0,0,0,0,0,0,0,73.51,56,0.406,1,0,0,0,0,0,0,0,0,0,1200,1190,800,800,1090,1400,76,0.266,24,14.18,13.26,0,193.67,0,41,21,12.892,332.8,1,1.055,1.055,0.586,2.09,0.82,0.02,0,,,,85,0,0,0,0,0,0,0,0,0,0,7,0,0,7000,7000,25,242,1346,91,77,85,105,73,85,0,39321,180,146,137,202,135,157,26222,39321
81.181,8,1195,21,84,58,14.13,13.6,0.963,1,0,0,0.648,5,312,3.736,3,44,204.83,0,0,0,0,0,0,0,0,0,0,0,0,0,0,0,70.13,52,0.453,1,0,0,0,0,0,0,0,0,0,1200,1200,800,800,1090,1400,76,0.27,25.5,14.18,13.09,0,204.83,0,44,21,12.892,335.36,1,1.035,1.035,0.586,2.07,0.977,0.02,0,,,,65,0,0,0,0,0,0,0,0,0,0,7,0,0,7000,7000,25,242,1346,105,87,65,105,73,85,0,39321,188,151,140,202,135,157,26222,39321
81.241,12,1155,21,84,58,14.13,13.29,0.941,1,0,0,0.469,6.5,312,4.28,4,54,254.5,0,0,0,0,0,0,0,0,1,0,0,0,0,0,0,73.51,56,0.539,1,0,0,0,0,0,0,0,0,0,1160,1160,800,800,1090,1400,76,0.281,23,14.18,12.86,0,254.5,0,54,21,12.892,332.8,1,1.133,1.133,0.586,2.07,1.113,0.02,0,,,,97,0,0,0,0,0,0,0,0,0,0,7,0,0,7000,7000,25,242,1346,97,87,65,157,91,97,0,39321,194,151,140,216,143,163,26222,39321
81.301,12,1128,21,84,58,14.07,12.97,0.922,1,0,0,0.305,8,312,4.6,4,58,285.33,0,0,0,0,0,0,0,0,1,0,0,0,0,0,0,79.58,62,0.555,1,0,0,0,0,0,0,0,0,0,1120,1130,800,800,1090,1400,76,0.281,19,14.13,12.69,0,285.33,0,58,21,12.892,325.12,1,1.211,1.211,0.586,2.07,1.133,0.02,0,,,,76,0,0,0,0,0,0,0,0,0,0,7,0,0,7000,7000,23,242,1346,97,55,78,76,91,97,0,39321,194,151,146,216,143,163,26222,39321
81.361,12,1125,21,84,58,14.01,12.91,0.921,1,0,0,0.219,8.5,312,4.72,4,60,296.83,0,0,0,0,0,0,0,0,1,0,0,0,0,0,0,82.72,66,0.555,1,0,0,0,0,0,0,0,0,0,1120,1130,800,800,1090,1400,76,0.281,18,14.07,12.46,0,296.83,0,60,21,12.892,322.56,1,1.289,1.289,0.586,2.07,1.113,0.02,0,,,,64,0,0,0,0,0,0,0,0,0,0,7,0,0,7000,7000,23,242,1346,56,64,78,76,57,49,0,39321,191,154,146,216,143,163,26222,39321
81.421,8,1134,21,84,58,14.01,12.91,0.921,1,0,0,0.156,9,312,4.36,4,55,271.5,0,0,0,0,0,0,0,0,0,0,0,0,0,0,0,82.05,65,0.508,1,0,0,0,0,0,0,0,0,0,1120,1130,800,800,1090,1400,76,0.27,18.5,14.07,12.63,0,271.5,0,55,21,12.892,322.56,1,1.27,1.27,0.586,2.07,0.996,0.02,0,,,,50,0,0,0,0,0,0,0,0,0,0,7,0,0,7000,7000,23,242,1346,56,64,66,90,50,49,0,39321,191,154,149,216,143,163,26222,39321
81.481,8,1156,21,84,58,14.07,13.32,0.947,1,0,0,0.098,10.5,312,4.056,3,52,251.17,0,0,0,0,0,0,0,0,0,0,0,0,0,0,0,78.68,61,0.492,1,0,0,0,0,0,0,0,0,0,1160,1160,800,800,1090,1400,76,0.27,21,14.13,12.86,0,251.17,0,52,21,12.892,327.68,1,1.191,1.191,0.586,2.07,0.977,0.02,0,,,,70,0,0,0,0,0,0,0,0,0,0,7,0,0,7000,7000,24,242,1346,89,84,70,90,50,80,0,39321,194,160,151,216,143,168,26222,39321
81.541,8,1160,21,84,58,14.07,13.88,0.986,1,0,0,0.066,11.5,312,3.976,3,52,246.67,0,0,0,0,0,0,0,0,0,0,0,0,0,0,0,77.33,60,0.492,1,0,0,0,0,0,0,0,0,0,1160,1160,800,800,1090,1400,76,0.27,21,14.13,12.98,0,246.67,0,52,21,12.892,327.68,1,1.152,1.152,0.586,2.07,0.977,0.02,0,,,,76,0,0,0,0,0,0,0,0,0,0,7,0,0,7000,7000,24,242,1346,89,84,70,117,64,76,0,39321,194,160,151,222,146,171,26222,39321
81.601,8,1151,21,84,58,14.07,14.26,1.014,1,0,0,0.035,12,312,3.912,3,50,243,0,0,0,0,0,0,0,0,0,0,0,0,0,0,0,76.2,59,0.492,1,0,0,0,0,0,0,0,0,0,1160,1150,800,800,1090,1400,76,0.27,21.5,14.13,13.38,0,243,0,50,21,12.892,330.24,1,1.113,1.113,0.586,2.07,0.977,0.02,0,,,,105,0,0,0,0,0,0,0,0,0,0,7,0,0,7000,7000,24,242,1346,82,78,56,105,64,76,0,39321,196,163,151,227,146,171,26222,39321
81.661,8,1080,21,84,58,14.07,14.26,1.014,1,0,0,0.023,9.5,312,4,3,51,249.83,0,0,0,0,0,0,0,0,1,0,0,0,0,0,0,76.2,59,0.508,1,0,0,0,0,0,0,0,0,0,1080,1080,800,800,1090,1400,76,0.27,19,14.13,13.84,0,249.83,0,51,21,12.892,330.24,1,1.152,1.152,0.586,2.07,0.977,0.02,0,,,,82,0,0,0,0,0,0,0,0,0,0,7,0,0,7000,7000,24,242,1346,82,78,56,105,74,66,0,39321,196,163,151,227,149,174,26222,39321
81.721,8,1047,21,84,58,14.07,14.51,1.031,1,0,0,0.012,8.5,312,4.128,3,50,260.5,0,0,0,0,0,0,0,0,1,0,0,0,0,0,0,76.88,59,0.523,1,0,0,0,0,0,0,0,0,0,1040,1050,800,800,1090,1400,76,0.266,18,14.13,14.18,0,260.5,0,50,21,12.892,327.68,1,1.172,1.172,0.586,2.07,0.996,0.02,0,,,,131,0,0,0,0,0,0,0,0,0,0,7,0,0,7000,7000,24,242,1346,82,69,53,131,74,66,0,39321,196,165,151,236,149,174,26222,39321
81.781,10,1029,21,84,58,14.07,14.98,1.065,1,0,0,0,7.5,312,4.224,3,50,268.5,0,0,0,0,0,0,0,0,1,0,0,0,0,0,0,78.23,61,0.531,1,0,0,0,0,0,0,0,0,0,1040,1030,800,800,1090,1400,76,0.266,17,14.13,14.18,0,268.5,0,50,21,12.892,327.68,1,1.211,1.211,0.586,2.07,1.035,0.02,0,,,,36,0,0,0,0,0,0,0,0,0,0,7,0,0,7000,7000,24,242,1346,36,69,53,131,60,76,0,39321,188,165,151,236,151,177,26222,39321
81.841,11,1013,21,84,58,14.07,14.98,1.065,1,0,0,0,5.5,312,4.416,3,52,283.17,0,0,0,0,0,0,0,0,1,0,0,0,0,0,0,80.25,63,0.547,1,0,0,0,0,0,0,0,0,0,1000,1010,800,800,1090,1400,76,0.27,15,14.13,14.64,0,283.17,0,52,21,12.892,325.12,1,1.289,1.289,0.586,2.07,1.094,0.02,0,,,,63,0,0,0,0,0,0,0,0,0,0,7,0,0,7000,7000,23,242,1346,36,61,65,63,60,76,0,39321,188,168,151,233,151,177,26222,39321
81.901,12,999,21,84,58,13.95,15.35,1.1,1,0,0,0,4.5,312,4.712,3,55,305,0,0,0,0,0,0,0,0,1,0,0,0,0,0,0,83.85,67,0.563,1,0,0,0,0,0,0,0,0,0,1000,1000,800,800,1090,1400,76,0.273,14,14.01,14.87,0,305,0,55,21,12.892,322.56,1,1.348,1.348,0.586,2.07,1.133,0.02,0,,,,35,0,0,0,0,0,0,0,0,0,0,7,0,0,7000,7000,23,242,1346,35,61,65,63,43,47,0,39321,182,168,151,233,149,174,26222,39321
81.961,13,987,21,84,58,13.9,15.35,1.104,1,0,0,0,4.5,312,4.896,4,56,316.67,0,0,0,0,0,0,0,0,1,0,0,0,0,0,0,86.99,70,0.563,1,0,0,0,0,0,0,0,0,0,1000,990,800,800,1090,1400,76,0.273,14,13.95,14.87,0,316.67,0,56,21,12.892,320,1,1.406,1.406,0.586,2.07,1.152,0.02,0,,,,73,0,0,0,0,0,0,0,0,0,0,7,0,0,7000,7000,22,242,1346,35,58,49,73,43,47,0,39321,182,168,151,230,149,174,26222,39321
82.021,13,998,21,84,58,13.84,15.41,1.113,1,0,0,0,4.5,312,5.128,4,59,333.17,0,0,0,0,0,0,0,0,1,0,0,0,0,0,0,89.02,72,0.578,1,0,0,0,0,0,0,0,0,0,1000,1000,800,800,1090,1400,76,0.277,14,13.9,14.93,0,333.17,0,59,21,12.892,317.44,1,1.445,1.445,0.586,2.07,1.152,0.02,0,,,,25,0,0,0,0,0,0,0,0,0,0,7,0,0,7000,7000,22,242,1346,25,58,49,73,40,51,0,39321,174,168,151,230,146,174,26222,39321
82.081,13,1008,21,84,58,13.84,15.41,1.113,1,0,0,0,4,312,5.176,4,60,336.67,0,0,0,0,0,0,0,0,1,0,0,0,0,0,0,89.92,73,0.578,1,0,0,0,0,0,0,0,0,0,1000,1010,800,800,1090,1400,76,0.277,13.5,13.9,14.99,0,336.67,0,60,21,12.892,314.88,1,1.445,1.445,0.586,2.07,1.152,0.02,0,,,,63,0,0,0,0,0,0,0,0,0,0,7,0,0,7000,7000,21,242,1346,25,46,41,63,40,51,0,39321,174,165,149,227,146,174,26222,39321
82.141,13,970,21,84,58,13.78,15.54,1.127,1,0,0,0,3,312,5.2,4,62,338.33,0,0,0,0,0,0,0,0,1,0,0,0,0,0,0,90.37,74,0.578,1,0,0,0,0,0,0,0,0,0,960,970,800,800,1090,1400,76,0.277,12.5,13.84,15.04,0,338.33,0,62,21,12.892,314.88,1,1.465,1.465,0.586,2.07,1.152,0.02,0,,,,33,0,0,0,0,0,0,0,0,0,0,7,0,0,7000,7000,21,242,1346,33,46,41,63,40,48,0,39321,168,165,149,227,146,171,26222,39321
82.201,12,998,21,84,58,13.78,15.76,1.143,1,0,0,0,3.5,312,5.08,4,57,328,0,0,0,0,0,0,0,0,1,0,0,0,0,0,0,91.04,74,0.555,1,0,0,0,0,0,0,0,0,0,1000,1000,800,800,1090,1400,76,0.273,13.5,13.84,14.93,0,328,0,57,21,12.892,314.88,1,1.465,1.465,0.586,2.07,1.133,0.02,0,,,,54,0,0,0,0,0,0,0,0,0,0,7,0,0,7000,7000,21,242,1346,33,43,50,54,40,48,0,39321,168,163,149,222,146,171,26222,39321
82.261,12,1050,21,84,58,13.78,15.98,1.159,1,0,0,0,4.5,312,5.12,4,61,331,0,0,0,0,0,0,0,0,1,0,0,0,0,0,0,90.82,74,0.563,1,0,0,0,0,0,0,0,0,0,1040,1050,800,800,1090,1400,76,0.273,15,13.84,15.16,0,331,0,61,21,12.892,314.88,1,1.465,1.465,0.586,2.07,1.133,0.02,0,,,,29,0,0,0,0,0,0,0,0,0,0,7,0,0,7000,7000,21,242,1346,29,43,50,54,34,43,0,39321,163,163,149,222,143,168,26222,39321
82.321,12,1087,21,84,58,13.78,15.98,1.159,1,0,0,0,6,312,5.128,4,65,331.33,0,0,0,0,0,0,0,0,1,0,0,0,0,0,0,89.69,73,0.57,1,0,0,0,0,0,0,0,0,0,1080,1090,800,800,1090,1400,76,0.277,16,13.84,15.45,0,331.33,0,65,21,12.892,314.88,1,1.406,1.406,0.586,2.07,1.133,0.02,0,,,,70,0,0,0,0,0,0,0,0,0,0,7,0,0,7000,7000,21,242,1346,29,60,48,70,34,43,0,39321,163,163,149,219,143,168,26222,39321
82.381,12,1062,21,84,58,13.84,15.76,1.139,1,0,0,0,6.5,312,4.968,4,61,320.67,0,0,0,0,0,0,0,0,1,0,0,0,0,0,0,89.24,72,0.555,1,0,0,0,0,0,0,0,0,0,1080,1060,800,800,1090,1400,76,0.281,16,13.9,15.22,0,320.67,0,61,21,12.892,317.44,1,1.426,1.426,0.586,2.051,1.133,0.02,0,,,,49,0,0,0,0,0,0,0,0,0,0,7,0,0,7000,7000,22,242,1346,44,49,48,70,44,64,0,39321,160,160,149,219,143,168,26222,39321
82.441,12,1087,21,84,58,13.84,15.76,1.139,1,0,0,0,6.5,312,5.104,4,65,329.67,0,0,0,0,0,0,0,0,1,0,0,0,0,0,0,89.24,72,0.57,1,0,0,0,0,0,0,0,0,0,1080,1090,800,800,1090,1400,76,0.277,16,13.9,15.33,0,329.67,0,65,21,12.892,317.44,1,1.445,1.445,0.586,2.051,1.133,0.02,0,,,,52,0,0,0,0,0,0,0,0,0,0,7,0,0,7000,7000,22,242,1346,44,49,37,90,52,64,0,39321,160,160,146,222,143,168,26222,39321
82.501,12,1131,21,84,58,13.84,15.76,1.139,1,0,0,0,8,312,4.944,4,65,318.67,0,0,0,0,0,0,0,0,1,0,0,0,0,0,0,88.57,72,0.555,1,0,0,0,0,0,0,0,0,0,1120,1130,800,800,1090,1400,76,0.281,18,13.9,15.22,0,318.67,0,65,21,12.892,317.44,1,1.426,1.426,0.586,2.051,1.133,0.02,0,,,,62,0,0,0,0,0,0,0,0,0,0,7,0,0,7000,7000,22,242,1346,50,62,37,90,52,58,0,39321,160,160,146,222,143,168,26222,39321
82.561,12,1172,21,84,59,13.84,15.85,1.145,1,0,0,0,9.5,312,4.8,4,65,307.83,0,0,0,0,0,0,0,0,1,0,0,0,0,0,0,87.89,71,0.539,1,0,0,0,0,0,0,0,0,0,1160,1170,800,800,1090,1400,76,0.281,19,13.9,15.27,0,307.83,0,65,21,12.892,317.44,1,1.387,1.387,0.586,2.051,1.133,0.02,0,,,,54,0,0,0,0,0,0,0,0,0,0,7,0,0,7000,7000,22,242,1346,50,62,62,82,45,54,0,39321,160,160,149,222,140,168,26222,39321
82.621,12,1199,21,84,59,13.9,15.54,1.118,1,0,0,0,11,312,4.576,4,63,290.67,0,0,0,0,0,0,0,0,1,0,0,0,0,0,0,86.99,70,0.516,1,0,0,0,0,0,0,0,0,0,1200,1200,800,800,1090,1400,76,0.285,20.5,13.95,15.16,0,290.67,0,63,21,12.892,320,1,1.348,1.348,0.586,2.051,1.133,0.02,0,,,,64,0,0,0,0,0,0,0,0,0,0,7,0,0,7000,7000,22,242,1346,95,55,64,82,45,54,0,39321,165,160,151,222,140,168,26222,39321
82.681,12,1218,21,84,59,13.9,15.26,1.098,1,0,0,0,11,312,4.544,4,63,289.33,0,0,0,0,0,0,0,0,1,0,0,0,0,0,0,86.54,70,0.516,1,0,0,0,0,0,0,0,0,0,1200,1220,800,800,1090,1400,76,0.285,20.5,13.95,15.22,0,289.33,0,63,21,12.892,320,1,1.367,1.367,0.586,2.051,1.133,0.02,0,,,,96,0,0,0,0,0,0,0,0,0,0,6,0,0,7000,7000,22,242,1346,96,55,64,133,52,59,0,39321,174,160,151,230,140,168,26222,39321
82.741,12,1221,21,84,59,13.9,15.26,1.098,1,0,0,0,11.5,312,4.512,4,63,287.67,0,0,0,0,0,0,0,0,1,0,0,0,0,0,0,86.1,69,0.516,1,0,0,0,0,0,0,0,0,0,1240,1220,800,800,1090,1400,76,0.285,21.5,13.95,14.93,0,287.67,0,63,21,12.892,320,1,1.348,1.348,0.586,2.051,1.133,0.02,0,,,,73,0,0,0,0,0,0,0,0,0,0,6,0,0,7000,7000,22,242,1346,96,60,73,96,73,59,0,39321,174,160,154,233,143,168,26222,39321
82.801,12,1236,21,84,59,13.9,15.35,1.104,1,0,0,0,12,312,4.496,4,64,286.17,0,0,0,0,0,0,0,0,1,0,0,0,0,0,0,85.65,69,0.516,1,0,0,0,0,0,0,0,0,0,1240,1240,800,800,1090,1400,76,0.285,21.5,13.95,14.99,0,286.17,0,64,21,12.892,320,1,1.348,1.348,0.586,2.051,1.133,0.02,0,,,,66,0,0,0,0,0,0,0,0,0,0,6,0,0,7000,7000,22,242,1346,115,66,73,96,73,59,0,39321,185,160,154,233,143,168,26222,39321
82.861,12,1260,21,84,59,13.95,15.48,1.109,1,0,0,0,12.5,312,4.472,4,65,285.33,0,0,0,0,0,0,0,0,1,0,0,0,0,0,0,85.42,68,0.516,1,0,0,0,0,0,0,0,0,0,1280,1260,800,800,1090,1400,76,0.285,22,14.01,14.99,0,285.33,0,65,21,12.892,320,1,1.328,1.328,0.586,2.051,1.133,0.02,0,,,,59,0,0,0,0,0,0,0,0,0,0,6,0,0,7000,7000,22,242,1346,115,66,60,80,43,59,0,39321,185,160,157,230,143,168,26222,39321
82.921,13,1315,21,84,59,13.95,15.76,1.129,1,0,0,0,13,312,4.44,4,66,283,0,0,0,0,0,0,0,0,1,0,0,0,0,0,0,84.75,68,0.516,1,0,0,0,0,0,0,0,0,0,1320,1320,800,800,1090,1400,76,0.285,22.5,14.01,15.16,0,283,0,66,21,12.892,320,1,1.328,1.328,0.586,2.051,1.152,0.02,0,,,,85,0,0,0,0,0,0,0,0,0,0,6,0,0,7000,7000,22,242,1346,69,71,53,85,43,59,0,39321,185,163,157,230,143,168,26222,39321
82.981,13,1321,21,84,59,14.01,15.76,1.125,1,0,0,0,13,312,4.464,4,68,285.67,0,0,0,0,0,0,0,0,1,0,0,0,0,0,0,84.3,67,0.523,1,0,0,0,0,0,0,0,0,0,1320,1320,800,800,1090,1400,76,0.285,22.5,14.07,15.45,0,285.67,0,68,21,12.892,322.56,1,1.289,1.289,0.586,2.051,1.152,0.02,0,,,,70,0,0,0,0,0,0,0,0,0,0,6,0,0,7000,7000,23,242,1346,81,70,53,85,47,57,0,39321,188,165,157,230,143,165,26222,39321
83.041,13,1386,21,84,59,14.01,15.98,1.14,1,0,0,0,14,312,4.44,5,70,284.33,0,0,0,0,0,0,0,0,1,0,0,0,0,0,0,83.85,67,0.523,1,0,0,0,0,0,0,0,0,0,1400,1390,800,800,1090,1400,76,0.285,24,14.07,15.62,0,284.33,0,70,21,12.965,322.56,1,1.309,1.309,0.586,2.051,1.152,0.02,0,,,,56,0,0,0,0,0,0,0,0,0,0,6,0,0,7000,7000,23,242,1346,81,70,63,101,32,56,0,39321,188,165,160,233,140,163,26222,39321
83.100,13,1475,21,84,59,14.07,16.42,1.167,1,0,0,0,15.5,300,4.36,5,74,279.83,0,0,0,0,0,0,0,0,1,0,0,0,0,0,0,82.5,65,0.523,1,0,0,0,0,0,0,0,0,0,1480,1480,800,800,1090,1400,76,0.285,25.5,14.13,15.56,0,279.83,0,74,21,12.965,322.56,1,1.25,1.25,0.586,2.051,1.152,0.02,0,,,,66,0,0,0,0,0,0,0,0,0,0,6,0,0,7000,7000,23,242,1346,85,75,66,70,66,56,0,39321,191,168,163,230,143,163,26222,39321
83.160,13,1555,21,84,59,14.13,16.29,1.153,1,0,0,0,17,300,4.288,5,77,274.5,0,0,0,0,0,0,0,0,1,0,0,0,0,0,0,80.92,64,0.523,1,0,0,0,0,0,0,0,0,0,1560,1560,800,800,1090,1400,76,0.285,27,14.18,15.85,0,274.5,0,77,21,12.892,325.12,1,1.25,1.25,0.586,2.051,1.152,0.02,0,,,,46,0,0,0,0,0,0,0,0,0,0,6,0,0,7000,7000,23,242,1346,78,51,46,70,66,66,0,39321,191,168,160,230,143,165,26222,39321
83.221,13,1613,21,84,59,14.18,16.29,1.148,1,0,0,0,18.5,300,4.28,5,80,275,0,0,0,0,0,0,0,0,1,0,0,0,0,0,0,80.03,63,0.531,1,0,0,0,0,0,0,0,0,0,1600,1610,800,800,1090,1400,76,0.285,28,14.24,15.68,0,275,0,80,21,12.892,325.12,1,1.211,1.211,0.586,2.051,1.152,0.02,0,,,,50,0,0,0,0,0,0,0,0,0,0,6,0,0,7000,7000,23,242,1346,77,50,46,67,59,57,0,39321,194,165,160,227,146,163,26222,39321
83.281,13,1663,21,84,59,14.18,16.07,1.133,1,0,0,0,19.5,300,4.192,5,80,268.33,0,0,0,0,0,0,0,0,1,0,0,0,0,0,0,79.13,62,0.523,1,0,0,0,0,0,0,0,0,0,1680,1660,800,800,1090,1400,76,0.289,29,14.24,15.62,0,268.33,0,80,21,12.892,327.68,1,1.191,1.191,0.586,2.051,1.172,0.02,0,,,,74,0,0,0,0,0,0,0,0,0,0,6,0,0,7000,7000,24,242,1346,74,50,94,140,54,90,0,39321,194,165,168,236,149,168,26222,39321
83.341,13,1677,21,84,59,14.18,15.85,1.117,1,0,0,0,20,300,4.16,5,80,265.5,0,0,0,0,0,0,0,0,1,0,0,0,0,0,0,78.23,61,0.523,1,0,0,0,0,0,0,0,0,0,1680,1680,800,800,1090,1400,76,0.289,29.5,14.24,15.68,0,265.5,0,80,21,12.892,327.68,1,1.191,1.191,0.586,2.051,1.172,0.02,0,,,,73,0,0,0,0,0,0,0,0,0,0,6,0,0,7000,7000,24,242,1346,74,54,52,66,57,73,0,39321,194,165,165,233,149,171,26222,39321
83.400,13,1675,21,84,59,14.18,15.85,1.117,1,0,0,0,20,300,4.152,5,80,265.33,0,0,0,0,0,0,0,0,1,0,0,0,0,0,0,78.23,61,0.523,1,0,0,0,0,0,0,0,0,0,1680,1680,800,800,1090,1400,76,0.289,29.5,14.24,15.39,0,265.33,0,80,21,12.965,327.68,1,1.172,1.172,0.586,2.051,1.172,0.02,0,,,,69,0,0,0,0,0,0,0,0,0,0,6,0,0,7000,7000,24,242,1346,86,45,95,78,69,73,0,39321,196,163,171,233,151,171,26222,39321
83.460,13,1677,21,84,59,14.18,15.7,1.107,1,0,0,0,20.5,300,4.144,5,80,265.17,0,0,0,0,0,0,0,0,1,0,0,0,0,0,0,78.23,61,0.523,1,0,0,0,0,0,0,0,0,0,1680,1680,800,800,1090,1400,76,0.289,30,14.24,15.22,0,265.17,0,80,21,12.965,327.68,1,1.191,1.191,0.586,2.051,1.172,0.02,0,,,,74,0,0,0,0,0,0,0,0,0,0,6,0,0,7000,7000,24,242,1346,91,52,47,74,69,95,0,39321,202,160,168,233,151,177,26222,39321
83.521,13,1686,21,84,59,14.18,15.41,1.086,1,0,0,0,20,300,4.152,5,81,265.33,0,0,0,0,0,0,0,0,1,0,0,0,0,0,0,78.23,61,0.523,1,0,0,0,0,0,0,0,0,0,1680,1690,800,800,1090,1400,76,0.289,29.5,14.24,14.99,0,265.33,0,81,21,12.965,327.68,1,1.191,1.191,0.586,2.051,1.172,0.02,0,,,,105,0,0,0,0,0,0,0,0,0,0,6,0,0,7000,7000,24,242,1346,68,57,105,74,73,63,0,39321,202,160,174,233,154,177,26222,39321
83.581,14,1718,21,84,59,14.18,15.35,1.082,1,0,0,0,20.5,300,4.248,6,84,273.33,0,0,0,0,0,0,0,0,1,0,0,0,0,0,0,78.45,61,0.539,1,0,0,0,0,0,0,0,0,0,1720,1710,800,800,1090,1400,76,0.289,30,14.24,14.93,0,273.33,0,84,21,12.965,327.68,1,1.211,1.211,0.586,2.051,1.191,0.02,0,,,,78,0,0,0,0,0,0,0,0,0,0,6,0,0,7000,7000,24,242,1346,105,78,105,100,64,80,0,39321,208,165,174,239,154,180,26222,39321
83.641,14,1769,21,84,59,14.24,15.35,1.078,1,0,0,0,20.5,300,4.176,6,86,268.5,0,0,0,0,0,0,0,0,1,0,0,0,0,0,0,78,61,0.531,1,0,0,0,0,0,0,0,0,0,1760,1770,800,800,1090,1400,76,0.293,30,14.3,14.93,0,268.5,0,86,21,12.965,327.68,1,1.191,1.191,0.586,2.051,1.191,0.02,0,,,,39,0,0,0,0,0,0,0,0,0,0,6,0,0,7000,7000,24,242,1346,96,39,40,76,61,58,0,39321,210,163,168,239,154,180,26222,39321
83.700,15,1837,21,84,59,14.24,15.35,1.078,1,0,0,0,22,294,4.152,6,87,266.83,0,0,0,0,0,0,0,0,1,0,0,0,0,0,0,77.55,60,0.531,1,0,0,0,0,0,0,0,0,0,1840,1840,800,800,1090,1400,76,0.293,31.5,14.3,15.04,0,266.83,0,87,21,12.965,327.68,1,1.172,1.172,0.586,2.051,1.23,0.02,0,,,,77,0,0,0,0,0,0,0,0,0,0,6,0,0,7000,7000,24,242,1346,77,39,67,135,82,71,0,39321,213,163,168,247,160,180,26222,39321
83.760,16,1877,21,84,59,14.24,15.35,1.078,1,0,0,0,21,294,4.16,6,90,267.33,0,0,0,0,0,0,0,0,1,0,0,0,0,0,0,78.9,62,0.523,1,0,0,0,0,0,0,0,0,0,1880,1880,800,800,1090,1400,76,0.316,30.5,14.3,14.93,0,267.33,0,90,21,12.965,327.68,1,1.211,1.211,0.586,2.051,1.27,0.02,0,,,,121,0,0,0,0,0,0,0,0,0,0,6,0,0,7000,7000,24,242,1346,121,52,73,91,68,63,0,39321,222,160,171,247,163,180,26222,39321
83.820,16,1909,21,84,59,14.24,15.2,1.067,1,0,0,0,21,294,4.216,6,94,272,0,0,0,0,0,0,0,0,1,0,0,0,0,0,0,80.25,63,0.523,1,0,0,0,0,0,0,0,0,0,1920,1910,800,800,1090,1400,76,0.316,30.5,14.3,14.87,0,272,0,94,21,12.965,325.12,1,1.25,1.25,0.586,2.051,1.27,0.02,0,,,,56,0,0,0,0,0,0,0,0,0,0,6,0,0,7000,7000,23,242,1346,121,49,89,66,72,56,0,39321,222,157,177,241,165,180,26222,39321
83.880,16,1932,21,84,59,14.24,15.2,1.067,1,0,0,0,21,294,4.224,6,95,272.83,0,0,0,0,0,0,0,0,1,0,0,0,0,0,0,80.48,63,0.523,1,0,0,0,0,0,0,0,0,0,1920,1930,800,800,1090,1400,76,0.316,30.5,14.3,14.87,0,272.83,0,95,21,12.965,325.12,1,1.211,1.211,0.586,2.051,1.27,0.02,0,,,,57,0,0,0,0,0,0,0,0,0,0,6,0,0,7000,7000,23,242,1346,117,51,70,103,75,57,0,39321,227,157,177,244,168,180,26222,39321
83.940,16,1971,21,84,59,14.24,15.41,1.082,1,0,0,0,21,294,4.216,6,97,272.17,0,0,0,0,0,0,0,0,1,0,0,0,0,0,0,80.25,63,0.523,1,0,0,0,0,0,0,0,0,0,1960,1970,800,800,1090,1400,75,0.32,30.5,14.3,15.1,0,272.17,0,97,21,12.965,325.12,1,1.25,1.25,0.586,2.051,1.27,0.02,0,,,,75,0,0,0,0,0,0,0,0,0,0,6,0,0,7000,7000,23,242,1346,120,78,77,82,85,75,0,39321,233,163,180,241,174,182,26222,39321
84.000,16,2010,21,84,59,14.24,15.63,1.097,1,0,0,0,21.5,294,4.152,6,97,266.67,0,0,0,0,0,0,0,0,1,0,0,0,0,0,0,79.8,63,0.516,1,0,0,0,0,0,0,0,0,0,2000,2010,800,800,1090,1400,75,0.32,31,14.3,15.04,0,266.67,0,97,21,12.965,325.12,1,1.23,1.23,0.586,2.07,1.27,0.02,0,,,,61,0,0,0,0,0,0,0,0,0,0,4,0,0,7000,7000,23,242,1346,136,99,84,97,95,61,0,39321,241,168,185,241,180,182,26222,39321
84.060,16,2040,21,84,59,14.24,15.76,1.107,1,0,0,0,22,294,4.128,7,97,265,0,0,0,0,0,0,0,0,1,0,0,0,0,0,0,79.35,62,0.516,1,0,0,0,0,0,0,0,0,0,2040,2040,800,800,1090,1400,75,0.32,31.5,14.3,15.16,0,265,0,97,21,12.965,327.68,1,1.211,1.211,0.586,2.07,1.27,0.02,0,,,,68,0,0,0,0,0,0,0,0,0,0,4,0,0,7000,7000,24,242,1346,113,43,87,95,75,68,0,39321,247,165,188,244,180,185,26222,39321
84.120,16,2087,21,84,59,14.24,15.76,1.107,1,0,0,0,22,294,4.112,7,99,263.5,0,0,0,0,0,0,0,0,1,0,0,0,0,0,0,78.9,62,0.516,1,0,0,0,0,0,0,0,0,0,2080,2090,800,800,1090,1400,75,0.324,31.5,14.3,15.16,0,263.5,0,99,21,12.892,327.68,1,1.211,1.211,0.586,2.07,1.289,0.02,0,,,,59,0,0,0,0,0,0,0,0,0,0,4,0,0,7000,7000,24,242,1346,101,36,95,108,86,59,0,39321,247,163,194,247,182,185,26222,39321
84.180,17,2140,21,84,59,14.24,15.85,1.113,1,0,0,0,22.5,294,4.176,7,103,268.17,0,0,0,0,0,0,0,0,1,0,0,0,0,0,0,79.13,62,0.523,1,0,0,0,0,0,0,0,0,0,2160,2140,800,800,1090,1400,75,0.336,32,14.3,15.45,0,268.17,0,103,21,12.892,327.68,1,1.152,1.152,0.586,2.07,1.309,0.02,0,,,,108,0,0,0,0,0,0,0,0,0,0,4,0,0,7000,7000,24,242,1346,108,49,97,119,72,60,0,39321,258,160,199,253,182,185,26222,39321
84.240,17,2202,21,84,59,14.3,15.91,1.112,1,0,0,0,23,294,4.088,7,104,262,0,0,0,0,0,0,0,0,1,0,0,0,0,0,0,78.45,61,0.516,1,0,0,0,0,0,0,0,0,0,2200,2200,800,800,1090,1400,75,0.336,32.5,14.36,15.33,0,262,0,104,21,12.892,327.68,1,1.191,1.191,0.586,2.07,1.309,0.02,0,,,,121,0,0,0,0,0,0,0,0,0,0,4,0,0,7000,7000,24,242,1346,121,50,157,123,73,67,0,39321,264,157,216,258,182,185,26222,39321
84.300,17,2249,21,84,59,14.3,15.91,1.112,1,0,0,0,23,294,4.096,7,106,262.83,0,0,0,0,0,0,0,0,1,0,0,0,0,0,0,78.68,61,0.516,1,0,0,0,0,0,0,0,0,0,2240,2250,800,800,1090,1400,75,0.34,32.5,14.36,15.45,0,262.83,0,106,21,12.892,327.68,1,1.191,1.191,0.586,2.07,1.328,0.02,0,,,,91,0,0,0,0,0,0,0,0,0,0,4,0,0,7000,7000,24,242,1346,170,91,101,163,79,76,0,39321,278,165,219,270,185,188,26222,39321
84.360,17,2302,21,84,59,14.3,15.91,1.112,1,0,0,0,23.5,288,4.144,7,110,266.33,0,0,0,0,0,0,0,0,1,0,0,0,0,0,0,78.68,61,0.523,1,0,0,0,0,0,0,0,0,0,2320,2300,800,800,1090,1400,75,0.344,33,14.36,15.39,0,266.33,0,110,21,12.892,327.68,1,1.211,1.211,0.586,2.07,1.328,0.02,0,,,,117,0,0,0,0,0,0,0,0,0,0,4,0,0,7000,7000,24,242,1346,262,107,117,192,83,129,0,39321,306,174,227,286,188,199,26222,39321
84.420,17,2345,21,84,59,14.3,15.91,1.112,1,0,0,0,23.5,288,4.136,8,112,266,0,0,0,0,0,0,0,0,1,0,0,0,0,0,0,78.45,61,0.523,1,0,0,0,0,0,0,0,0,0,2360,2350,800,800,1090,1400,75,0.348,33,14.36,15.33,0,266,0,112,21,12.892,327.68,1,1.152,1.152,0.586,2.09,1.328,0.02,0,,,,134,0,0,0,0,0,0,0,0,0,0,4,0,0,7000,7000,24,242,1346,218,92,134,134,72,221,0,39321,326,180,236,295,188,222,26222,39321
84.480,17,2355,21,84,59,14.3,15.98,1.118,1,0,0,0,23.5,288,4.12,8,112,264.5,0,0,0,0,0,0,0,0,1,0,0,0,0,0,0,78,61,0.523,1,0,0,0,0,0,0,0,0,0,2360,2360,800,800,1090,1400,75,0.348,33,14.36,15.39,0,264.5,0,112,21,12.892,327.68,1,1.172,1.172,0.586,2.09,1.328,0.02,0,,,,74,0,0,0,0,0,0,0,0,0,0,4,0,0,7000,7000,24,242,1346,159,83,133,117,74,149,0,39321,334,182,244,298,194,233,26222,39321
84.540,17,2358,21,84,59,14.36,15.98,1.113,1,0,0,0,24,288,4.088,8,112,263.67,0,0,0,0,0,0,0,0,1,0,0,0,0,0,0,77.78,60,0.523,1,0,0,0,0,0,0,0,0,0,2360,2360,800,800,1090,1400,75,0.348,33.5,14.41,15.39,0,263.67,0,112,21,12.892,327.68,1,1.191,1.191,0.586,2.09,1.328,0.02,0,,,,150,0,0,0,0,0,0,0,0,0,0,4,0,0,7000,7000,24,242,1346,154,78,147,124,79,150,0,39321,340,185,253,300,196,267,26222,39321
84.601,17,2376,21,84,59,14.36,15.98,1.113,1,0,0,0,24,288,4.072,8,112,262.33,0,0,0,0,0,0,0,0,1,0,0,0,0,0,0,77.33,60,0.523,1,0,0,0,0,0,0,0,0,0,2360,2380,800,800,1090,1400,75,0.348,33.5,14.41,15.45,0,262.33,0,112,21,12.892,327.68,1,1.211,1.211,0.586,2.09,1.328,0.02,0,,,,166,0,0,0,0,0,0,0,0,0,0,4,0,0,7000,7000,24,242,1346,166,90,154,137,81,190,0,39321,354,188,264,306,199,284,26222,39321
84.661,17,2420,21,84,59,14.36,15.98,1.113,1,0,0,0,24.5,288,4.064,8,114,261.5,0,0,0,0,0,0,0,0,1,0,0,0,0,0,0,77.1,60,0.523,1,0,0,0,0,0,0,0,0,0,2400,2410,800,800,1090,1400,75,0.348,34,14.41,15.5,0,261.5,0,114,21,12.892,327.68,1,1.113,1.113,0.586,2.09,1.328,0.02,0,,,,92,0,0,0,0,0,0,0,0,0,0,4,0,0,7000,7000,24,242,1346,175,92,164,119,106,290,0,39321,362,194,275,309,205,315,26222,39321
84.721,17,2464,21,84,59,14.36,15.98,1.113,1,0,0,0,25,288,4.048,8,115,259.83,0,0,0,0,0,0,0,0,1,0,0,0,0,0,0,76.65,59,0.523,1,0,0,0,0,0,0,0,0,0,2480,2460,800,800,1090,1400,75,0.352,34.5,14.41,15.56,0,259.83,0,115,21,12.892,330.24,1,1.172,1.172,0.586,2.09,1.328,0.02,0,,,,176,0,0,0,0,0,0,0,0,0,0,4,0,0,7000,7000,24,242,1346,137,110,96,176,127,204,0,39321,362,202,281,329,213,331,26222,39321
84.781,16,2526,21,84,59,14.41,15.98,1.109,1,0,0,0,25.5,288,3.936,8,115,252.5,0,0,0,0,0,0,0,0,1,0,0,0,0,0,0,75.3,58,0.516,1,0,0,0,0,0,0,0,0,0,2520,2530,800,800,1090,1400,75,0.34,35,14.47,15.5,0,252.5,0,115,21,12.892,330.24,1,1.133,1.133,0.586,2.109,1.27,0.02,0,,,,172,0,0,0,0,0,0,0,0,0,0,4,0,0,7000,7000,24,242,1346,172,68,138,150,172,179,0,39321,371,202,286,334,233,340,26222,39321
84.841,7,2583,21,84,59,14.59,15.91,1.091,1,0,0,0,27,294,3.136,6,89,191.33,0,0,0,0,0,0,0,0,0,0,0,0,0,0,0,65.86,48,0.445,1,0,0,0,0,0,0,0,0,0,2600,2550,800,800,1090,1400,75,0.301,38,14.64,15.5,0,191.33,0,89,21,12.892,340.48,1,0.879,0.879,0.586,2.109,0.957,0.02,0,,,,349,0,0,0,0,0,0,0,0,0,0,4,0,0,7000,7000,26,242,1346,349,69,128,180,201,104,0,39321,424,199,292,345,253,340,26222,39321
84.901,0,2566,21,84,59,14.7,15.63,1.063,1,0,0,0,28.5,294,2.104,4,50,106.83,0,0,0,0,0,0,0,0,0,0,0,0,0,0,1,54.17,36,0.25,1,0,0,0,0,0,0,0,0,0,2560,2550,800,800,1090,1400,76,0.273,45,14.76,15.56,0,106.83,0,50,21,12.965,350.72,1,0.605,0.605,0.586,2.109,0.645,0.02,0,,,,162,0,0,0,0,0,0,0,0,0,0,4,0,0,7000,7000,28,242,1346,336,92,162,192,258,116,0,39321,455,210,309,357,281,340,26222,39321
84.961,0,2476,21,84,59,14.76,14.94,1.012,1,0,0,0,28.5,294,1.944,4,42,94.5,0,0,0,0,0,0,0,0,0,0,0,0,0,0,1,46.53,27,0.25,1,0,0,0,0,0,0,0,0,0,2480,2480,800,800,1090,1400,76,0.273,47.5,14.81,15.27,0,94.5,0,42,21,12.965,358.4,1,0.488,0.488,0.586,2.109,0.645,0.02,0,,,,184,0,0,0,0,0,0,0,0,0,0,4,0,0,7000,7000,30,242,1346,198,74,136,184,162,114,0,39321,464,210,312,371,292,337,26222,39321
85.021,0,2411,21,84,59,14.76,14.94,1.012,1,0,0,0,27,294,1.88,3,39,89,0,0,0,0,0,0,0,0,0,0,0,0,0,0,1,43.16,24,0.25,1,0,0,0,0,0,0,0,0,0,2400,2410,800,800,1090,1400,76,0.27,47.5,14.81,14.53,0,89,0,39,21,12.965,363.52,1,0.43,0.43,0.586,2.109,0.645,0.02,0,,,,104,0,0,0,0,0,0,0,0,0,0,4,0,0,7000,7000,31,242,1346,184,80,144,184,104,256,0,39321,466,210,317,379,303,362,26222,39321
85.081,0,2374,21,84,58,14.76,14.54,0.985,1,0,0,0,25.5,294,1.848,3,37,85.83,0,0,0,0,0,0,0,0,0,0,0,0,0,0,1,41.36,22,0.25,1,0,0,0,0,0,0,0,0,0,2360,2370,800,800,1090,1400,76,0.27,47.5,14.81,14.18,0,85.83,0,37,21,12.965,363.52,1,0.41,0.41,0.586,2.109,0.645,0.02,0,,,,266,0,0,0,0,0,0,0,0,0,0,4,0,0,7000,7000,31,242,1346,266,126,150,180,116,174,0,39321,492,219,323,388,303,399,26222,39321
85.141,0,2299,21,84,58,14.7,14.23,0.968,1,0,0,0,24,294,1.832,3,35,84.5,0,0,0,0,0,0,0,0,0,0,0,0,0,0,1,40.46,21,0.25,1,0,0,0,0,0,0,0,0,0,2280,2300,800,800,1090,1400,76,0.27,47.5,14.76,14.18,0,84.5,0,35,21,12.965,366.08,1,0.391,0.391,0.586,2.129,0.645,0.02,0,,,,120,0,0,0,0,0,0,0,0,0,0,4,0,0,7000,7000,31,242,1346,304,120,168,126,134,232,0,39321,514,233,334,385,309,413,26222,39321
85.201,0,2218,22,84,58,14.7,14.23,0.968,1,0,0,0,22.5,300,1.872,3,35,86.5,0,0,0,0,0,0,0,0,0,0,0,0,0,0,1,40.46,21,0.25,1,0,0,0,0,0,0,0,0,0,2240,2230,800,800,1090,1400,76,0.266,47,14.76,13.84,0,86.5,0,35,22,12.965,366.08,1,0.371,0.371,0.586,2.129,0.645,0.02,0,,,,108,0,0,0,0,0,0,0,0,0,0,4,0,0,7000,7000,31,242,1346,210,108,98,128,80,154,0,39321,517,239,331,382,303,416,26222,39321
85.261,2,2149,22,84,58,14.7,14.07,0.957,1,1.566,0,0,22,300,1.88,3,34,87.33,0,0,0,0,0,0,0,0,0,0,0,0,0,0,0,41.13,22,0.289,1,0,0,0,0,0,0,0,0,0,2160,2150,800,800,1090,1400,76,0.27,46.5,14.76,13.72,0,87.33,0,34,22,12.965,363.52,1,0.391,0.391,0.586,2.129,0.742,0.02,0,,,,118,0,0,0,0,0,0,0,0,0,0,4,0,0,7000,7000,31,242,1346,162,72,118,174,124,126,0,39321,514,236,334,388,306,413,26222,39321
85.321,7,2081,22,84,58,14.64,14.07,0.961,1,0.367,0,0,23.5,300,2.44,4,46,121.17,0,0,0,0,0,0,0,0,0,0,0,0,0,0,0,44.06,25,0.43,1,0,0,0,0,0,0,0,0,0,2080,2080,800,800,1090,1400,76,0.289,46,14.7,13.72,0,121.17,0,46,21,12.965,360.96,1,0.469,0.469,0.586,2.129,0.938,0.02,0,,,,94,0,0,0,0,0,0,0,0,0,0,4,0,0,7000,7000,30,242,1346,116,58,94,124,68,84,0,39321,503,230,331,385,298,402,26222,39321
85.381,11,2022,21,84,58,14.59,14.23,0.976,1,0.043,0,0,25,300,2.792,4,59,163,0,0,0,0,0,0,0,0,1,0,0,0,0,0,0,52.15,33,0.484,1,0,0,0,0,0,0,0,0,0,2040,2020,800,800,1090,1400,76,0.297,45.5,14.64,13.72,0,163,0,59,21,12.965,353.28,1,0.645,0.645,0.586,2.129,1.094,0.02,0,,,,132,0,0,0,0,0,0,0,0,0,0,4,0,0,7000,7000,29,242,1346,119,72,132,110,94,70,0,39321,492,230,331,379,295,390,26222,39321
85.441,20,2025,21,84,58,14.47,14.23,0.983,1,0.004,0,0.656,26.5,300,3.84,6,80,219.5,0,0,0,0,0,0,0,0,1,0,0,0,0,0,0,63.39,45,0.539,1,0,0,0,0,0,0,0,0,0,2040,2030,800,800,1090,1400,74,0.348,40,14.53,13.78,0,219.5,0,80,21,12.965,343.04,1,0.918,0.918,0.586,2.129,1.426,0.02,0,,,,146,0,0,0,0,0,0,0,0,0,0,4,0,0,7000,7000,27,242,1346,123,60,146,112,73,66,0,39321,483,227,337,376,289,376,26222,39321
85.501,25,2029,21,84,58,14.13,14.23,1.007,1,0,0,0.98,20.5,294,5.16,8,112,306.17,0,0,0,0,0,0,0,0,1,0,0,0,0,0,0,83.17,66,0.57,1,0,0,0,0,0,0,0,0,0,2040,2030,800,800,1090,1400,74,0.363,30,14.18,13.72,0,306.17,0,112,21,12.965,322.56,1,1.367,1.367,0.586,2.129,1.602,0.02,0,,,,93,0,0,0,0,0,0,0,0,0,0,4,0,0,7000,7000,23,242,1346,145,60,93,75,81,57,0,39321,478,225,331,365,284,365,26222,39321
85.561,26,2047,21,84,58,13.78,13.82,1.003,1,0,0,0.648,19.5,288,5.56,9,125,340.17,0,0,0,0,0,0,0,0,1,0,0,0,0,0,0,92.16,76,0.57,1,0,0,0,0,0,0,0,0,0,2040,2050,800,800,1090,1400,74,0.363,29,13.84,13.61,0,340.17,0,125,21,12.965,312.32,1,1.523,1.523,0.586,2.148,1.641,0.02,0,,,,106,0,0,0,0,0,0,0,0,0,0,4,0,0,7000,7000,21,242,1346,109,37,126,106,75,40,0,39321,466,216,334,357,281,348,26222,39321
85.621,26,2040,21,84,58,13.72,13.98,1.019,1,0,0,0.34,19,288,5.56,9,128,349.67,0,0,0,0,0,0,0,0,1,0,0,0,0,0,0,94.64,78,0.57,1,0,0,0,0,0,0,0,0,0,2040,2040,800,800,1090,1400,74,0.363,28.5,13.78,13.32,0,349.67,0,128,21,12.965,312.32,1,1.504,1.504,0.586,2.148,1.641,0.02,0,,,,103,0,0,0,0,0,0,0,0,0,0,4,0,0,7000,7000,21,242,1346,83,56,112,103,72,51,0,39321,452,213,331,354,275,334,26222,39321
85.681,26,2000,21,84,58,13.67,13.98,1.023,1,0,0,0.176,19,288,5.6,9,129,357.67,0,0,0,0,0,0,0,0,1,0,0,0,0,0,0,95.54,79,0.578,1,0,0,0,0,0,0,0,0,0,2000,2000,800,800,1090,1400,74,0.363,28.5,13.72,13.49,0,357.67,0,129,21,12.965,309.76,1,1.523,1.523,0.586,2.148,1.641,0.02,0,,,,81,0,0,0,0,0,0,0,0,0,0,4,0,0,7000,7000,20,242,1346,105,54,69,81,71,57,0,39321,444,208,323,348,270,323,26222,39321
85.741,26,1934,21,84,57,13.61,14.54,1.068,1,0,0,0.086,18.5,288,5.592,9,125,359.5,0,0,0,0,0,0,0,0,1,0,0,0,0,0,0,95.99,80,0.578,1,0,0,0,0,0,0,0,0,0,1920,1930,800,800,1090,1400,74,0.359,28,13.67,14.01,0,359.5,0,125,21,12.965,309.76,1,1.582,1.582,0.586,2.148,1.641,0.02,0,,,,117,0,0,0,0,0,0,0,0,0,0,6,0,0,7000,7000,20,242,1346,113,77,127,117,66,54,0,39321,435,208,326,348,264,312,26222,39321
85.801,25,1847,21,84,57,13.61,14.91,1.095,1,0,0,0.035,18,288,5.6,8,120,362,0,0,0,0,0,0,0,0,1,0,0,0,0,0,0,96.66,80,0.578,1,0,0,0,0,0,0,0,0,0,1840,1850,800,800,1090,1400,74,0.352,27.5,13.67,14.07,0,362,0,120,21,12.965,309.76,1,1.602,1.602,0.586,2.168,1.621,0.02,0,,,,108,0,0,0,0,0,0,0,0,0,0,6,0,0,7000,7000,20,242,1346,138,47,108,117,54,41,0,39321,433,202,323,348,255,300,26222,39321
85.861,25,1742,21,84,57,13.55,15.13,1.116,1,0,0,0.016,17,288,5.688,8,118,369.33,0,0,0,0,0,0,0,0,1,0,0,0,0,0,0,97.34,81,0.586,1,0,0,0,0,0,0,0,0,0,1760,1740,800,800,1090,1400,74,0.348,26.5,13.61,14.47,0,369.33,0,118,21,12.965,307.2,1,1.582,1.582,0.586,2.168,1.621,0.02,0,,,,56,0,0,0,0,0,0,0,0,0,0,6,0,0,7000,7000,20,242,1346,118,56,108,51,57,47,0,39321,427,199,323,337,250,289,26222,39321
85.921,25,1697,21,84,57,13.55,15.13,1.116,1,0,0,0,16.5,294,5.736,8,114,372,0,0,0,0,0,0,0,0,1,0,0,0,0,0,0,98.01,82,0.586,1,0,0,0,0,0,0,0,0,0,1680,1700,800,800,1090,1400,74,0.34,26,13.61,14.7,0,372,0,114,21,12.965,307.2,1,1.602,1.602,0.586,2.168,1.621,0.02,0,,,,49,0,0,0,0,0,0,0,0,0,0,6,0,0,7000,7000,20,242,1346,89,49,132,60,44,64,0,39321,416,194,326,326,241,284,26222,39321
85.981,25,1717,21,84,57,13.55,15.41,1.137,1,0,0,0,17,294,5.736,8,115,372,0,0,0,0,0,0,0,0,1,0,0,0,0,0,0,98.01,82,0.586,1,0,0,0,0,0,0,0,0,0,1720,1720,800,800,1090,1400,74,0.34,26.5,13.61,15.04,0,372,0,115,21,12.965,307.2,1,1.621,1.621,0.586,2.168,1.621,0.02,0,,,,148,0,0,0,0,0,0,0,0,0,0,6,0,0,7000,7000,20,242,1346,148,49,102,88,47,55,0,39321,416,194,326,320,233,278,26222,39321
86.041,26,1820,21,84,57,13.61,15.41,1.132,1,0,0,0,17.5,288,5.696,8,121,370.33,0,0,0,0,0,0,0,0,1,0,0,0,0,0,0,97.56,81,0.586,1,0,0,0,0,0,0,0,0,0,1840,1820,800,800,1090,1400,74,0.348,27,13.67,15.04,0,370.33,0,121,21,12.965,307.2,1,1.602,1.602,0.586,2.188,1.641,0.02,0,,,,47,0,0,0,0,0,0,0,0,0,0,6,0,0,7000,7000,20,242,1346,148,52,94,96,63,47,0,39321,416,188,323,317,230,267,26222,39321
86.101,26,1874,21,84,57,13.61,15.41,1.132,1,0,0,0,18,288,5.616,8,123,364.67,0,0,0,0,0,0,0,0,1,0,0,0,0,0,0,97.34,81,0.578,1,0,0,0,0,0,0,0,0,0,1880,1870,800,800,1090,1400,74,0.355,27.5,13.67,15.04,0,364.67,0,123,21,12.965,307.2,1,1.602,1.602,0.586,2.188,1.66,0.02,0,,,,51,0,0,0,0,0,0,0,0,0,0,6,0,0,7000,7000,20,242,1346,120,49,138,80,88,51,0,39321,413,185,326,312,230,261,26222,39321
86.161,26,1862,21,84,57,13.61,15.41,1.132,1,0,0,0,18,288,5.616,8,123,364.67,0,0,0,0,0,0,0,0,1,0,0,0,0,0,0,97.34,81,0.578,1,0,0,0,0,0,0,0,0,0,1880,1860,800,800,1090,1400,74,0.355,27.5,13.67,14.99,0,364.67,0,123,21,12.965,307.2,1,1.621,1.621,0.586,2.188,1.66,0.02,0,,,,60,0,0,0,0,0,0,0,0,0,0,6,0,0,7000,7000,20,242,1346,177,49,141,77,60,51,0,39321,416,182,331,306,225,261,26222,39321
86.221,26,1862,21,84,57,13.61,15.41,1.132,1,0,0,0,18,288,5.624,8,123,365.33,0,0,0,0,0,0,0,0,1,0,0,0,0,0,0,97.56,81,0.578,1,0,0,0,0,0,0,0,0,0,1880,1860,800,800,1090,1400,74,0.355,27.5,13.67,14.99,0,365.33,0,123,21,12.965,307.2,1,1.621,1.621,0.586,2.207,1.66,0.02,0,,,,85,0,0,0,0,0,0,0,0,0,0,6,0,0,7000,7000,20,242,1346,117,54,129,85,85,45,0,39321,413,180,334,300,225,253,26222,39321
86.281,26,1902,21,84,57,13.61,15.41,1.132,1,0,0,0,18,288,5.624,8,125,365.17,0,0,0,0,0,0,0,0,1,0,0,0,0,0,0,97.56,81,0.578,1,0,0,0,0,0,0,0,0,0,1920,1900,800,800,1090,1400,74,0.355,27.5,13.67,14.93,0,365.17,0,125,21,12.965,307.2,1,1.602,1.602,0.586,2.207,1.66,0.02,0,,,,86,0,0,0,0,0,0,0,0,0,0,6,0,0,7000,7000,20,242,1346,99,51,138,77,86,67,0,39321,405,177,337,295,227,250,26222,39321
86.341,26,1963,21,84,57,13.61,15.41,1.132,1,0,0,0,18.5,288,5.592,9,128,362.83,0,0,0,0,0,0,0,0,1,0,0,0,0,0,0,96.89,81,0.578,1,0,0,0,0,0,0,0,0,0,1960,1960,800,800,1090,1400,74,0.359,28,13.67,14.99,0,362.83,0,128,21,12.965,309.76,1,1.582,1.582,0.586,2.207,1.66,0.02,0,,,,101,0,0,0,0,0,0,0,0,0,0,6,0,0,7000,7000,20,242,1346,146,70,88,101,86,52,0,39321,407,177,331,295,227,241,26222,39321
86.401,26,1989,21,84,56,13.67,15.41,1.127,1,0,0,0,19,288,5.56,9,130,362,0,0,0,0,0,0,0,0,1,0,0,0,0,0,0,96.66,80,0.578,1,0,0,0,0,0,0,0,0,0,2000,1990,800,800,1090,1400,73,0.363,28.5,13.72,14.93,0,362,0,130,21,12.965,309.76,1,1.563,1.563,0.586,2.207,1.66,0.02,0,,,,96,0,0,0,0,0,0,0,0,0,0,6,0,0,7000,7000,20,242,1346,105,73,121,96,58,55,0,39321,402,180,331,292,222,236,26222,39321
86.461,26,2001,21,84,56,13.67,15.41,1.127,1,0,0,0,19,288,5.552,9,130,361.17,0,0,0,0,0,0,0,0,1,0,0,0,0,0,0,96.44,80,0.578,1,0,0,0,0,0,0,0,0,0,2000,2000,800,800,1090,1400,73,0.363,28.5,13.72,14.93,0,361.17,0,130,21,12.892,309.76,1,1.563,1.563,0.586,2.227,1.66,0.02,0,,,,99,0,0,0,0,0,0,0,0,0,0,4,0,0,7000,7000,20,242,1346,142,66,93,99,86,51,0,39321,399,182,326,292,225,230,26222,39321
86.521,26,2019,21,84,56,13.67,15.26,1.117,1,0,0,0,19,288,5.536,9,131,359.67,0,0,0,0,0,0,0,0,1,0,0,0,0,0,0,95.99,80,0.578,1,0,0,0,0,0,0,0,0,0,2000,2020,800,800,1090,1400,73,0.363,28.5,13.72,14.93,0,359.67,0,131,21,12.892,309.76,1,1.543,1.543,0.586,2.227,1.66,0.02,0,,,,96,0,0,0,0,0,0,0,0,0,0,4,0,0,7000,7000,20,242,1346,138,47,136,96,69,47,0,39321,399,177,331,289,222,225,26222,39321
86.581,26,2059,21,84,56,13.67,15.26,1.117,1,0,0,0,19,288,5.464,9,131,353.83,0,0,0,0,0,0,0,0,1,0,0,0,0,0,0,95.76,79,0.57,1,0,0,0,0,0,0,0,0,0,2040,2060,800,800,1090,1400,73,0.363,28.5,13.72,14.76,0,353.83,0,131,21,12.892,309.76,1,1.563,1.563,0.586,2.227,1.641,0.02,0,,,,54,0,0,0,0,0,0,0,0,0,0,4,0,0,7000,7000,20,242,1346,96,43,80,126,54,63,0,39321,390,174,323,295,213,222,26222,39321
86.641,26,2093,21,84,56,13.67,15.2,1.112,1,0,0,0,19,288,5.432,9,133,352.33,0,0,0,0,0,0,0,0,1,0,0,0,0,0,0,95.31,79,0.57,1,0,0,0,0,0,0,0,0,0,2080,2090,800,800,1090,1400,73,0.367,28.5,13.72,14.64,0,352.33,0,133,21,12.965,309.76,1,1.563,1.563,0.586,2.227,1.641,0.02,0,,,,66,0,0,0,0,0,0,0,0,0,0,4,0,0,7000,7000,20,242,1346,83,54,88,90,66,72,0,39321,379,174,317,292,213,222,26222,39321
86.701,26,2107,21,84,56,13.67,15.2,1.112,1,0,0,0,19.5,288,5.432,9,134,352.17,0,0,0,0,0,0,0,0,1,0,0,0,0,0,0,95.31,79,0.57,1,0,0,0,0,0,0,0,0,0,2120,2110,800,800,1090,1400,73,0.367,29,13.72,14.59,0,352.17,0,134,21,12.965,309.76,1,1.543,1.543,0.586,2.246,1.66,0.02,0,,,,67,0,0,0,0,0,0,0,0,0,0,4,0,0,7000,7000,20,242,1346,102,51,92,67,67,49,0,39321,374,171,315,284,213,216,26222,39321
86.761,26,2140,21,84,56,13.67,15.2,1.112,1,0,0,0,19.5,288,5.416,9,135,351.33,0,0,0,0,0,0,0,0,1,0,0,0,0,0,0,95.09,79,0.57,1,0,0,0,0,0,0,0,0,0,2160,2140,800,800,1090,1400,73,0.371,29,13.72,14.64,0,351.33,0,135,21,12.965,309.76,1,1.582,1.582,0.586,2.246,1.66,0.02,0,,,,56,0,0,0,0,0,0,0,0,0,0,4,0,0,7000,7000,20,242,1346,83,48,87,93,59,56,0,39321,365,168,309,284,210,208,26222,39321
86.821,26,2168,21,84,56,13.72,15.2,1.108,1,0,0,0,19.5,288,5.384,9,137,349.83,0,0,0,0,0,0,0,0,1,0,0,0,0,0,0,94.64,78,0.57,1,0,0,0,0,0,0,0,0,0,2160,2170,800,800,1090,1400,73,0.371,29,13.78,14.64,0,349.83,0,137,21,12.965,312.32,1,1.582,1.582,0.586,2.246,1.66,0.02,0,,,,51,0,0,0,0,0,0,0,0,0,0,4,0,0,7000,7000,21,242,1346,74,42,78,127,62,51,0,39321,354,165,303,289,208,202,26222,39321
86.881,26,2191,21,84,56,13.67,15.2,1.112,1,0,0,0,19.5,288,5.384,9,138,348.83,0,0,0,0,0,0,0,0,1,0,0,0,0,0,0,94.41,78,0.57,1,0,0,0,0,0,0,0,0,0,2200,2190,800,800,1090,1400,73,0.375,29,13.72,14.7,0,348.83,0,138,21,12.965,312.32,1,1.523,1.523,0.586,2.246,1.66,0.02,0,,,,64,0,0,0,0,0,0,0,0,0,0,4,0,0,7000,7000,21,242,1346,64,48,118,134,56,64,0,39321,329,165,303,295,205,202,26222,39321
86.941,26,2230,21,84,56,13.67,15.2,1.112,1,0,0,0,19.5,288,5.376,9,139,348.17,0,0,0,0,0,0,0,0,1,0,0,0,0,0,0,94.19,78,0.57,1,0,0,0,0,0,0,0,0,0,2240,2230,800,800,1090,1400,73,0.375,29,13.72,14.64,0,348.17,0,139,21,12.965,312.32,1,1.504,1.504,0.586,2.266,1.66,0.02,0,,,,88,0,0,0,0,0,0,0,0,0,0,4,0,0,7000,7000,21,242,1346,88,64,120,117,61,49,0,39321,323,165,306,298,202,199,26222,39321
87.001,29,2252,21,84,55,13.67,15.2,1.112,1,0,0,0,19.5,288,5.52,10,145,358.67,0,0,0,0,0,0,0,0,1,0,0,0,0,0,0,94.64,78,0.586,1,0,0,0,0,0,0,0,0,0,2240,2250,800,800,1090,1400,73,0.383,29,13.72,14.76,0,358.67,0,145,21,12.965,312.32,1,1.563,1.563,0.586,2.266,1.738,0.02,0,,,,74,0,0,0,0,0,0,0,0,0,0,4,0,0,7000,7000,21,242,1346,215,74,91,124,59,55,0,39321,340,165,303,300,199,196,26222,39321
87.061,33,2274,21,84,55,13.55,15.26,1.126,1,0,0,0,19.5,282,5.656,10,151,367.67,0,0,0,0,0,0,1,0,1,0,0,0,0,0,0,98.23,82,0.578,1,0,0,0,0,0,0,0,0,0,2280,2270,800,800,1090,1400,72,0.391,29,13.61,14.87,0,367.67,0,151,21,12.965,307.2,1,1.621,1.621,0.586,2.266,1.895,0.02,0,,,,101,0,0,0,0,0,0,0,0,0,0,4,0,0,7000,7000,20,242,1346,153,86,101,134,49,52,0,39321,345,168,303,303,196,194,26222,39321
87.121,37,2297,21,84,55,13.49,15.35,1.137,1,0,0,0,19,282,5.816,11,156,377.67,0,0,0,0,0,0,1,0,1,0,0,0,0,0,0,100.93,85,0.578,1,0,0,0,0,0,0,0,0,0,2280,2300,800,800,1090,1400,72,0.395,28.5,13.55,14.99,0,377.67,0,156,21,12.965,304.64,1,1.66,1.66,0.586,2.266,2.051,0.02,0,,,,94,0,0,0,0,0,0,0,0,0,0,4,0,0,7000,7000,19,242,1346,201,97,108,94,77,57,0,39321,360,174,303,306,196,191,26222,39321
87.181,42,2346,21,84,55,13.44,15.48,1.152,1,0,0,0,19.5,282,6.28,12,173,409.17,0,0,0,0,0,0,1,0,1,0,0,0,0,0,0,102.51,86,0.617,1,0,0,0,0,0,0,0,0,0,2360,2350,800,800,1090,1400,72,0.402,29,13.49,14.93,0,409.17,0,173,21,12.965,302.08,1,1.66,1.66,0.586,2.266,2.227,0.02,0,,,,52,0,0,0,0,0,0,0,0,0,0,4,0,0,7000,7000,19,242,1346,177,78,102,106,52,72,0,39321,368,177,303,306,196,191,26222,39321
87.241,43,2380,21,84,55,13.44,15.48,1.152,1,0,0,0,19.5,282,6.36,12,178,415.17,0,0,0,0,0,0,1,0,1,0,0,0,0,0,0,102.51,86,0.625,1,0,0,0,0,0,0,0,0,0,2400,2380,800,800,1090,1400,72,0.406,29,13.49,15.1,0,415.17,0,178,21,12.965,302.08,1,1.66,1.66,0.586,2.285,2.266,0.02,0,,,,126,0,0,0,0,0,0,0,0,0,0,4,0,0,7000,7000,19,242,1346,169,75,118,112,88,126,0,39321,374,180,306,306,199,216,26222,39321
87.301,43,2410,21,84,55,13.44,15.7,1.168,1,0,0,0,19.5,282,6.376,12,180,416,0,0,0,0,0,0,1,0,1,0,0,0,0,0,0,102.73,87,0.625,1,0,0,0,0,0,0,0,0,0,2400,2410,800,800,1090,1400,72,0.41,29,13.49,15.27,0,416,0,180,21,12.965,302.08,1,1.758,1.758,0.586,2.285,2.285,0.02,0,,,,159,0,0,0,0,0,0,0,0,0,0,4,0,0,7000,7000,19,242,1346,159,84,116,89,71,122,0,39321,374,182,306,303,199,225,26222,39321
87.361,43,2431,21,84,55,13.44,15.41,1.147,1,0,0,0,19.5,282,6.384,12,182,416.67,0,0,0,0,0,0,1,0,1,0,0,0,0,0,0,102.96,87,0.625,1,0,0,0,0,0,0,0,0,0,2440,2430,800,800,1090,1400,71,0.414,29,13.49,15.22,0,416.67,0,182,21,12.965,302.08,1,1.719,1.719,0.586,2.285,2.285,0.02,0,,,,83,0,0,0,0,0,0,0,0,0,0,4,0,0,7000,7000,19,242,1346,101,83,137,109,90,115,0,39321,368,185,312,303,202,233,26222,39321
87.421,43,2463,21,84,55,13.44,15.13,1.126,1,0,0,0,19.5,282,6.384,13,185,416.67,0,0,0,0,0,0,1,0,1,0,0,0,0,0,0,102.96,87,0.625,1,0,0,0,0,0,0,0,0,0,2480,2460,800,800,1090,1400,71,0.418,29,13.49,14.99,0,416.67,0,185,21,12.965,302.08,1,1.719,1.719,0.586,2.285,2.285,0.02,0,,,,125,0,0,0,0,0,0,0,0,0,0,4,0,0,7000,7000,19,242,1346,127,81,122,125,104,147,0,39321,368,185,317,309,208,244,26222,39321
87.481,43,2498,21,84,55,13.44,15.13,1.126,1,0,0,0,19.5,282,6.376,13,187,416.17,0,0,0,0,0,0,1,0,1,0,0,0,0,0,0,102.73,87,0.625,1,0,0,0,0,0,0,0,0,0,2480,2500,800,800,1090,1400,71,0.418,29,13.49,14.64,0,416.17,0,187,21,12.965,302.08,1,1.738,1.738,0.586,2.305,2.285,0.02,0,,,,72,0,0,0,0,0,0,0,0,0,0,4,0,0,7000,7000,19,242,1346,153,57,110,122,72,136,0,39321,371,182,317,312,208,253,26222,39321
87.541,43,2521,21,84,55,13.44,14.85,1.105,1,0,0,0,20,282,6.352,13,188,414.17,0,0,0,0,0,0,1,0,1,0,0,0,0,0,0,102.28,86,0.625,1,0,0,0,0,0,0,0,0,0,2520,2520,800,800,1090,1400,71,0.422,29.5,13.49,14.36,0,414.17,0,188,21,12.965,304.64,1,1.758,1.758,0.586,2.305,2.266,0.02,0,,,,192,0,0,0,0,0,0,0,0,0,0,4,0,0,7000,7000,19,242,1346,192,57,88,131,105,96,0,39321,382,182,312,315,213,253,26222,39321
87.601,43,2553,21,84,55,13.44,14.7,1.094,1,0,0,0,20,282,6.352,13,190,414.17,0,0,0,0,0,0,1,0,1,0,0,0,0,0,0,102.28,86,0.625,1,0,0,0,0,0,0,0,0,0,2560,2550,800,800,1090,1400,71,0.426,29.5,13.49,14.41,0,414.17,0,190,21,12.965,304.64,1,1.699,1.699,0.586,2.305,2.266,0.02,0,,,,61,0,0,0,0,0,0,0,0,0,0,4,0,0,7000,7000,19,242,1346,176,61,82,88,128,91,0,39321,390,180,309,309,222,253,26222,39321
87.661,43,2592,21,84,54,13.44,14.7,1.094,1,0,0,0,21,282,6.336,13,192,413.33,0,0,0,0,0,0,1,0,1,0,0,0,0,0,0,102.06,86,0.625,1,0,0,0,0,0,0,0,0,0,2600,2550,800,800,1090,1400,71,0.426,30,13.49,14.18,0,413.33,0,192,21,12.965,304.64,1,1.738,1.738,0.586,2.305,2.266,0.02,0,,,,110,0,0,0,0,0,0,0,0,0,0,4,0,0,7000,7000,19,242,1346,211,67,110,110,143,85,0,39321,402,180,306,317,233,253,26222,39321
87.721,42,2616,21,84,54,13.44,14.6,1.086,1,0,0,0,21,282,6.256,13,192,407.33,0,0,0,0,0,0,1,0,1,0,0,0,0,0,0,101.83,86,0.617,1,0,0,0,0,0,0,0,0,0,2600,2550,800,800,1090,1400,71,0.426,30,13.49,14.07,0,407.33,0,192,21,12.965,304.64,1,1.641,1.641,0.586,2.305,2.246,0.02,0,,,,75,0,0,0,0,0,0,0,0,0,0,4,0,0,7000,7000,19,242,1346,124,87,131,173,145,75,0,39321,396,185,309,329,253,247,26222,39321
87.781,42,2648,21,84,54,13.44,14.48,1.078,1,0,0,0,21,282,6.24,13,194,406.17,0,0,0,0,0,0,1,0,1,0,0,0,0,0,0,101.61,86,0.617,1,0,0,0,0,0,0,0,0,0,2640,2550,800,800,1090,1400,70,0.434,30,13.49,13.95,0,406.17,0,194,21,12.892,304.64,1,1.719,1.719,0.586,2.324,2.227,0.02,0,,,,56,0,0,0,0,0,0,0,0,0,0,4,0,0,7000,7000,19,242,1346,196,56,116,176,122,65,0,39321,392,174,295,325,247,233,26222,39321
87.841,42,2691,21,84,54,13.49,14.48,1.073,1,0,0,0,21.5,282,6.216,13,196,405.5,0,0,0,0,0,0,1,0,1,0,0,0,0,0,0,101.38,85,0.617,1,0,0,0,0,0,0,0,0,0,2680,2550,800,800,1090,1400,70,0.434,30.5,13.55,13.95,0,405.5,0,196,21,12.892,304.64,1,1.66,1.66,0.586,2.324,2.227,0.02,0,,,,223,0,0,0,0,0,0,0,0,0,0,4,0,0,7000,7000,19,242,1346,79,65,119,223,107,107,0,39321,381,174,298,354,249,236,26222,39321
87.901,42,2727,21,84,54,13.44,14.48,1.078,1,0,0,0,21.5,282,6.232,14,199,405.17,0,0,0,0,0,0,1,0,1,0,0,0,0,0,0,101.38,85,0.617,1,0,0,0,0,0,0,0,0,0,2720,2550,800,800,1090,1400,70,0.438,30.5,13.49,13.95,0,405.17,0,199,21,12.892,304.64,1,1.621,1.621,0.586,2.324,2.227,0.02,0,,,,169,0,0,0,0,0,0,0,0,0,0,4,0,0,7000,7000,19,242,1346,117,122,117,252,59,169,0,39321,376,185,298,376,241,252,26222,39321
87.961,42,2757,21,84,54,13.44,14.48,1.078,1,0,0,0,21.5,270,6.224,14,201,404.5,0,0,0,0,0,0,1,0,1,0,0,0,0,0,0,101.16,85,0.617,1,0,0,0,0,0,0,0,0,0,2760,2550,800,800,1090,1400,70,0.441,30.5,13.49,14.01,0,404.5,0,201,21,12.892,304.64,1,1.66,1.66,0.586,2.324,2.227,0.02,0,,,,90,0,0,0,0,0,0,0,0,0,0,4,0,0,7000,7000,19,242,1346,169,90,122,189,65,111,0,39321,381,196,298,384,239,255,26222,39321
88.021,41,2779,21,84,54,13.44,14.48,1.078,1,0,0,0,21.5,270,6.176,14,201,400.83,0,0,0,0,0,0,1,0,1,0,0,0,0,0,0,101.61,86,0.609,1,0,0,0,0,0,0,0,0,0,2760,2550,800,800,1090,1400,70,0.438,30.5,13.49,14.13,0,400.83,0,201,21,12.892,304.64,1,1.68,1.68,0.586,2.324,2.207,0.02,0,,,,292,0,0,0,0,0,0,0,0,0,0,4,0,0,7000,7000,19,242,1346,169,108,140,292,59,148,0,39321,384,204,303,416,233,266,26222,39321
88.081,41,2812,21,84,54,13.44,14.51,1.08,1,0,0,0,22,270,6.136,14,200,397.5,0,0,0,0,0,0,1,0,1,0,0,0,0,0,0,100.71,85,0.609,1,0,0,0,0,0,0,0,0,0,2800,2550,800,800,1090,1400,70,0.445,31,13.49,14.01,0,397.5,0,200,21,12.892,304.64,1,1.68,1.68,0.586,2.344,2.207,0.02,0,,,,125,0,0,0,0,0,0,0,0,0,0,4,0,0,7000,7000,19,242,1346,125,102,176,214,75,104,0,39321,378,209,314,427,225,271,26222,39321
88.141,41,2855,21,84,54,13.49,14.51,1.075,1,0,0,0,22,270,6.096,14,204,396.67,0,0,0,0,0,0,1,0,1,0,0,0,0,0,0,100.48,84,0.609,1,0,0,0,0,0,0,0,0,0,2840,2550,800,800,1090,1400,70,0.445,31,13.55,14.13,0,396.67,0,204,21,12.965,304.64,1,1.68,1.68,0.586,2.344,2.188,0.02,0,,,,153,0,0,0,0,0,0,0,0,0,0,4,0,0,7000,7000,19,242,1346,206,87,153,254,53,110,0,39321,389,217,327,440,223,271,26222,39321
88.201,41,2888,21,84,54,13.49,14.54,1.077,1,0,0,0,22,270,6.072,14,205,395.17,0,0,0,0,0,0,1,0,1,0,0,0,0,0,0,100.03,84,0.609,1,0,0,0,0,0,0,0,0,0,2880,2550,800,800,1090,1400,70,0.449,31,13.55,14.3,0,395.17,0,205,21,12.965,304.64,1,1.602,1.602,0.586,2.344,2.188,0.02,0,,,,188,0,0,0,0,0,0,0,0,0,0,4,0,0,7000,7000,19,242,1346,210,117,153,262,111,188,0,39321,400,225,333,467,231,287,26222,39321
88.261,40,2900,21,84,54,13.49,14.6,1.082,1,0,0,0,22.5,270,5.992,14,203,389,0,0,0,0,0,0,1,0,1,0,0,0,0,0,0,99.81,84,0.602,1,0,0,0,0,0,0,0,0,0,2920,2550,800,800,1090,1400,70,0.449,31.5,13.55,14.3,0,389,0,203,21,12.965,307.2,1,1.602,1.602,0.586,2.344,2.168,0.02,0,,,,219,0,0,0,0,0,0,0,0,0,0,4,0,0,7000,7000,20,242,1346,168,91,219,227,86,110,0,39321,411,228,354,475,231,287,26222,39321
88.321,40,2932,21,84,53,13.49,14.6,1.082,1,0,0,0,22.5,270,5.976,14,205,388.17,0,0,0,0,0,0,1,0,1,0,0,0,0,0,0,99.58,83,0.602,1,0,0,0,0,0,0,0,0,0,2920,2550,800,800,1090,1400,70,0.449,31.5,13.55,14.36,0,388.17,0,205,21,12.965,307.2,1,1.621,1.621,0.586,2.344,2.148,0.02,0,,,,157,0,0,0,0,0,0,0,0,0,0,4,0,0,7000,7000,20,242,1346,139,84,153,329,157,173,0,39321,408,228,357,518,247,298,26222,39321
88.381,39,2977,21,84,53,13.49,14.6,1.082,1,0,0,0,22.5,270,5.96,14,207,386.83,0,0,0,0,0,0,1,0,1,0,0,0,0,0,0,99.36,83,0.602,1,0,0,0,0,0,0,0,0,0,2960,2550,800,800,1090,1400,69,0.457,31.5,13.55,14.36,0,386.83,0,207,21,12.965,307.2,1,1.582,1.582,0.586,2.363,2.129,0.02,0,,,,97,0,0,0,0,0,0,0,0,0,0,4,0,0,7000,7000,20,242,1346,132,97,179,326,153,135,0,39321,400,231,365,540,258,306,26222,39321
88.441,38,3012,21,84,53,13.55,14.66,1.081,1,0,0,0,23,270,5.824,14,204,377.17,0,0,0,0,0,0,1,0,1,0,0,0,0,0,0,98.01,82,0.594,1,0,0,0,0,0,0,0,0,0,3000,2550,800,800,1090,1400,69,0.457,32,13.61,14.41,0,377.17,0,204,21,12.965,307.2,1,1.641,1.641,0.586,2.363,2.09,0.02,0,,,,196,0,0,0,0,0,0,0,0,0,0,4,0,0,7000,7000,20,242,1346,281,88,192,249,196,156,0,39321,421,231,392,569,284,314,26222,39321
88.501,35,3030,21,84,53,13.55,14.66,1.081,1,0,0,0,23,270,5.616,14,198,362.67,0,0,0,0,0,0,1,0,1,0,0,0,0,0,0,96.89,81,0.578,1,0,0,0,0,0,0,0,0,0,3040,2550,800,800,1090,1400,69,0.449,32,13.61,14.41,0,362.67,0,198,21,12.965,309.76,1,1.563,1.563,0.586,2.363,1.992,0.02,0,,,,117,0,0,0,0,0,0,0,0,0,0,4,0,0,7000,7000,20,242,1346,154,117,186,316,193,182,0,39321,430,241,397,588,298,330,26222,39321
88.561,33,3048,21,84,53,13.61,14.66,1.077,1,0,0,0,23.5,270,5.464,13,193,351.5,0,0,0,0,0,0,1,0,1,0,0,0,0,0,0,95.09,79,0.57,1,0,0,0,0,0,0,0,0,0,3040,2550,800,800,1090,1400,69,0.445,32.5,13.67,14.41,0,351.5,0,193,21,12.965,309.76,1,1.523,1.523,0.586,2.363,1.914,0.02,0,,,,190,0,0,0,0,0,0,0,0,0,0,4,0,0,7000,7000,20,242,1346,153,103,242,262,211,190,0,39321,430,241,421,593,330,344,26222,39321
88.621,30,3069,21,84,53,13.72,14.66,1.068,1,0,0,0,23.5,270,5.152,13,184,332.83,0,0,0,0,0,0,0,0,1,0,0,0,0,0,0,92.61,76,0.555,1,0,0,0,0,0,0,0,0,0,3080,2550,800,800,1090,1400,69,0.434,32.5,13.78,14.36,0,332.83,0,184,21,12.965,312.32,1,1.504,1.504,0.586,2.383,1.777,0.02,0,,,,306,0,0,0,0,0,0,0,0,0,0,4,0,0,7000,7000,21,242,1346,204,95,306,240,170,216,0,39321,443,239,467,599,335,360,26222,39321
88.681,24,3095,21,84,53,14.01,14.73,1.051,1,0,0,0,24.5,276,4.968,12,180,322.67,0,0,0,0,0,0,0,0,1,0,0,0,0,0,0,87.22,70,0.57,1,0,0,0,0,0,0,0,0,0,3080,2550,800,800,1090,1400,70,0.406,33.5,14.07,14.41,0,322.67,0,180,21,12.965,317.44,1,1.348,1.348,0.586,2.383,1.563,0.02,0,,,,187,0,0,0,0,0,0,0,0,0,0,4,0,0,7000,7000,22,242,1346,159,86,277,357,182,187,0,39321,443,239,483,636,352,373,26222,39321
88.741,14,3115,21,84,53,14.36,14.73,1.026,1,0,0,0,26,276,4.056,10,145,259.17,0,0,0,0,0,0,0,0,1,0,0,0,0,0,0,75.98,58,0.523,1,0,0,0,0,0,0,0,0,0,3120,2550,800,800,1090,1400,71,0.355,36,14.41,14.36,0,259.17,0,145,21,12.965,330.24,1,1.094,1.094,0.586,2.383,1.211,0.02,0,,,,341,0,0,0,0,0,0,0,0,0,0,4,0,0,7000,7000,24,242,1346,285,159,341,301,180,214,0,39321,408,225,463,572,318,342,26222,39321
88.801,3,3088,21,84,53,14.64,14.73,1.006,1,0,0,0,27.5,288,2.656,6,85,153,0,0,0,0,0,0,0,0,0,0,0,0,0,0,0,61.14,43,0.383,1,0,0,0,0,0,0,0,0,0,3080,2550,800,800,1090,1400,73,0.293,41.5,14.7,14.41,0,153,0,85,21,12.965,345.6,1,0.762,0.762,0.586,2.383,0.781,0.02,0,,,,283,0,0,0,0,0,0,0,0,0,0,4,0,0,7000,7000,27,242,1346,283,131,429,283,253,224,0,39321,441,230,498,596,361,377,26222,39321
88.861,0,3015,21,84,53,14.76,14.23,0.964,1,0,0,0,29,288,2.144,5,61,112,0,0,0,0,0,0,0,0,0,0,0,0,0,0,1,48.33,29,0.297,1,0,0,0,0,0,0,0,0,0,3040,2550,800,800,1090,1400,74,0.277,47.5,14.81,13.72,0,112,0,61,21,12.965,358.4,1,0.547,0.547,0.586,2.383,0.645,0.02,0,,,,376,0,0,0,0,0,0,0,0,0,0,4,0,0,7000,7000,30,243,1351,299,125,416,376,277,150,0,39321,518,268,575,698,430,424,26222,39321
88.921,0,2969,21,84,52,14.76,13.6,0.921,1,0,0,0,29.5,288,2.016,4,55,102.33,0,0,0,0,0,0,0,0,0,0,0,0,0,0,1,43.38,24,0.297,1,0,0,0,0,0,0,0,0,0,2960,2550,800,800,1090,1400,74,0.281,48.5,14.81,13.44,0,102.33,0,55,21,12.965,363.52,1,0.43,0.43,0.586,2.383,0.645,0.02,0,,,,167,0,0,0,0,0,0,0,0,0,0,4,0,0,7000,7000,31,242,1346,167,212,313,397,244,196,0,39321,518,268,575,698,430,424,26222,39321
88.981,0,2908,22,84,52,14.81,13.04,0.88,1,0,0,0,28,288,1.944,4,51,96.67,0,0,0,0,0,0,0,0,0,0,0,0,0,0,1,41.58,22,0.281,1,0,0,0,0,0,0,0,0,0,2920,2550,800,800,1090,1400,74,0.277,48.5,14.87,13.15,0,96.67,0,51,22,12.965,363.52,1,0.41,0.41,0.586,2.383,0.645,0.02,0,,,,323,0,0,0,0,0,0,0,0,0,0,4,0,0,7000,7000,31,244,1351,214,184,321,323,189,187,0,39321,518,268,575,698,430,424,26222,39321
89.041,0,2818,22,84,52,14.81,13.04,0.88,1,0,0,0,26.5,288,1.92,4,48,94,0,0,0,0,0,0,0,0,0,0,0,0,0,0,1,41.36,22,0.273,1,0,0,0,0,0,0,0,0,0,2800,2550,800,800,1090,1400,74,0.277,49,14.87,12.58,0,94,0,48,22,12.965,363.52,1,0.371,0.371,0.586,2.402,0.645,0.02,0,,,,136,0,0,0,0,0,0,0,0,0,0,4,0,0,7000,7000,31,240,1335,309,121,254,310,94,136,0,39321,518,268,575,698,430,424,26222,39321
89.101,0,2726,22,84,52,14.76,12.66,0.858,1,0,0,0,25,288,1.888,4,45,91.33,0,0,0,0,0,0,0,0,0,0,0,0,0,0,1,40.91,21,0.266,1,0,0,0,0,0,0,0,0,0,2720,2550,800,800,1090,1400,74,0.277,49,14.81,12.23,0,91.33,0,45,22,12.965,366.08,1,0.352,0.352,0.586,2.402,0.645,0.02,0,,,,86,0,0,0,0,0,0,0,0,0,0,4,0,0,7000,7000,31,237,1318,114,86,292,346,128,198,0,39321,518,268,575,698,430,424,26222,39321
89.161,0,2646,22,84,52,14.76,12.49,0.847,1,0,0,0,23.5,294,1.864,4,42,89,0,0,0,0,0,0,0,0,0,0,0,0,0,0,1,40.91,21,0.258,1,0,0,0,0,0,0,0,0,0,2640,2550,800,800,1090,1400,74,0.273,49,14.81,12.29,0,89,0,42,22,12.965,366.08,1,0.352,0.352,0.586,2.402,0.645,0.02,0,,,,278,0,0,0,0,0,0,0,0,0,0,4,0,0,7000,7000,31,237,1318,158,96,196,278,246,132,0,39321,513,306,661,771,446,432,26222,39321
89.221,0,2568,22,84,52,14.76,12.6,0.854,1,0,0,0,22,294,1.848,3,40,86.83,0,0,0,0,0,0,0,0,0,0,0,0,0,0,1,40.68,21,0.25,1,0,0,0,0,0,0,0,0,0,2560,2550,800,800,1090,1400,74,0.273,49,14.81,12.06,0,86.83,0,40,23,12.965,366.08,1,0.371,0.371,0.586,2.402,0.645,0.02,0,,,,160,0,0,0,0,0,0,0,0,0,0,4,0,0,7000,7000,31,237,1318,230,94,114,164,178,160,0,39321,521,315,669,787,466,441,26222,39321
89.281,0,2487,23,84,52,14.76,12.6,0.854,1,0,0,0,22,294,1.872,3,40,88.5,0,0,0,0,0,0,0,0,0,0,0,0,0,0,1,40.68,21,0.25,1,0,0,0,0,0,0,0,0,0,2480,2490,800,800,1090,1400,74,0.273,48.5,14.81,12.29,0,88.5,0,40,23,12.965,366.08,1,0.391,0.391,0.586,2.402,0.645,0.02,0,,,,64,0,0,0,0,0,0,0,0,0,0,4,0,0,7000,7000,31,237,1318,156,64,156,138,152,234,0,39321,548,298,655,762,464,455,26222,39321
89.341,2,2410,23,84,52,14.76,12.82,0.869,1,1.566,0,0,22.5,294,1.864,3,38,87.83,0,0,0,0,0,0,0,0,0,0,0,0,0,0,0,40.91,21,0.289,1,0,0,0,0,0,0,0,0,0,2400,2410,800,800,1090,1400,74,0.273,48,14.81,12.52,0,87.83,0,38,23,12.965,366.08,1,0.391,0.391,0.586,2.402,0.762,0.02,0,,,,152,0,0,0,0,0,0,0,0,0,0,4,0,0,7000,7000,31,237,1318,176,84,152,114,126,212,0,39321,542,295,630,734,458,464,26222,39321
89.401,8,2331,23,84,52,14.7,13.23,0.9,1,0.273,0,0,24,294,2.448,4,53,126,0,0,0,0,0,0,0,0,0,0,0,0,0,0,0,44.06,25,0.445,1,0,0,0,0,0,0,0,0,0,2320,2330,800,800,1090,1400,74,0.297,47,14.76,12.46,0,126,0,53,23,12.965,360.96,1,0.488,0.488,0.586,2.402,0.996,0.02,0,,,,140,0,0,0,0,0,0,0,0,0,0,4,0,0,7000,7000,30,237,1318,216,126,228,140,124,190,0,39321,545,300,630,700,450,469,26222,39321
89.461,15,2276,22,84,52,14.64,13.23,0.904,1,0.031,0,0.496,25.5,294,3.112,5,69,168.5,0,0,0,0,0,0,0,0,1,0,0,0,0,0,0,53.95,35,0.484,1,0,0,0,0,0,0,0,0,0,2280,2280,800,800,1090,1400,74,0.309,45,14.7,12.98,0,168.5,0,69,22,12.965,350.72,1,0.703,0.703,0.586,2.402,1.25,0.02,0,,,,105,0,0,0,0,0,0,0,0,0,0,4,0,0,7000,7000,28,237,1318,253,111,138,147,105,178,0,39321,556,300,615,680,430,472,26222,39321
89.521,22,2236,22,84,52,14.47,13.48,0.932,1,0,0,0.813,27,294,4.264,7,100,246.67,0,0,0,0,0,0,0,0,1,0,0,0,0,0,0,69.91,52,0.547,1,0,0,0,0,0,0,0,0,0,2240,2240,800,800,1090,1400,72,0.363,37,14.53,13.15,0,246.67,0,100,22,12.965,335.36,1,1.035,1.035,0.586,2.402,1.484,0.02,0,,,,53,0,0,0,0,0,0,0,0,0,0,4,0,0,7000,7000,25,237,1318,230,115,160,159,99,53,0,39321,562,303,604,666,421,438,26222,39321
89.581,24,2227,22,84,52,14.18,13.44,0.947,1,0,0,0.578,22,294,4.872,9,120,299.17,0,0,0,0,0,0,0,0,1,0,0,0,0,0,0,83.4,66,0.555,1,0,0,0,0,0,0,0,0,0,2240,2230,800,800,1090,1400,72,0.371,31,14.24,13.15,0,299.17,0,120,22,12.965,322.56,1,1.328,1.328,0.586,2.402,1.563,0.02,0,,,,47,0,0,0,0,0,0,0,0,0,0,4,0,0,7000,7000,23,237,1318,173,46,114,122,100,47,0,39321,556,292,587,646,410,421,26222,39321
89.641,24,2216,22,84,52,13.95,13.19,0.945,1,0,0,0.273,21,294,5.064,9,128,320.5,0,0,0,0,0,0,0,0,1,0,0,0,0,0,0,89.24,72,0.555,1,0,0,0,0,0,0,0,0,0,2200,2220,800,800,1090,1400,72,0.371,30,14.01,13.03,0,320.5,0,128,22,12.965,317.44,1,1.445,1.445,0.586,2.402,1.582,0.02,0,,,,168,0,0,0,0,0,0,0,0,0,0,4,0,0,7000,7000,22,237,1318,168,52,128,177,75,63,0,39321,540,284,573,638,396,407,26222,39321
89.701,24,2163,22,84,52,13.84,13.19,0.953,1,0,0,0.141,20.5,288,5.192,9,129,332.5,0,0,0,0,0,0,0,0,1,0,0,0,0,0,0,91.27,75,0.563,1,0,0,0,0,0,0,0,0,0,2160,2160,800,800,1090,1400,72,0.367,29.5,13.9,12.86,0,332.5,0,129,22,12.965,314.88,1,1.445,1.445,0.586,2.402,1.582,0.02,0,,,,61,0,0,0,0,0,0,0,0,0,0,4,0,0,7000,7000,21,237,1318,76,61,108,163,88,65,0,39321,520,267,556,627,388,393,26222,39321
89.761,25,2093,22,84,52,13.78,13.47,0.977,1,0,0,0.059,20,288,5.24,9,127,338.17,0,0,0,0,0,0,0,0,1,0,0,0,0,0,0,92.84,76,0.563,1,0,0,0,0,0,0,0,0,0,2080,2090,800,800,1090,1400,72,0.367,29,13.84,13.03,0,338.17,0,127,21,12.965,312.32,1,1.504,1.504,0.586,2.402,1.602,0.02,0,,,,50,0,0,0,0,0,0,0,0,0,0,4,0,0,7000,7000,21,237,1318,66,50,113,84,81,59,0,39321,497,258,542,601,379,379,26222,39321
89.821,25,2104,21,84,52,13.72,14.23,1.037,1,0,0,0.023,20,288,5.304,9,131,344.67,0,0,0,0,0,0,0,0,1,0,0,0,0,0,0,93.29,77,0.57,1,0,0,0,0,0,0,0,0,0,2120,2100,800,800,1090,1400,72,0.363,29,13.78,13.21,0,344.67,0,131,21,12.965,312.32,1,1.504,1.504,0.586,2.402,1.602,0.02,0,,,,55,0,0,0,0,0,0,0,0,0,0,4,0,0,7000,7000,21,237,1318,103,55,123,87,81,58,0,39321,483,253,531,579,371,365,26222,39321
89.881,25,2161,21,84,52,13.78,14.73,1.069,1,0,0,0,20.5,288,5.224,9,132,339.17,0,0,0,0,0,0,0,0,1,0,0,0,0,0,0,93.06,76,0.563,1,0,0,0,0,0,0,0,0,0,2160,2160,800,800,1090,1400,72,0.371,29.5,13.84,13.78,0,339.17,0,132,21,12.965,312.32,1,1.504,1.504,0.586,2.402,1.602,0.02,0,,,,97,0,0,0,0,0,0,0,0,0,0,4,0,0,7000,7000,21,237,1318,62,46,97,90,106,90,0,39321,464,247,497,556,368,357,26222,39321
89.941,25,2147,21,84,52,13.78,14.73,1.069,1,0,0,0,20.5,288,5.208,9,131,338.33,0,0,0,0,0,0,0,0,1,0,0,0,0,0,0,92.84,76,0.563,1,0,0,0,0,0,0,0,0,0,2160,2150,800,800,1090,1400,72,0.371,29.5,13.84,14.13,0,338.33,0,131,21,12.965,312.32,1,1.504,1.504,0.586,2.402,1.602,0.02,0,,,,115,0,0,0,0,0,0,0,0,0,0,4,0,0,7000,7000,21,237,1318,71,50,115,131,68,48,0,39321,447,241,486,545,357,343,26222,39321
90.001,25,2140,21,84,52,13.78,15.07,1.093,1,0,0,0,20.5,288,5.208,9,130,338.33,0,0,0,0,0,0,0,0,1,0,0,0,0,0,0,92.84,76,0.563,1,0,0,0,0,0,0,0,0,0,2160,2140,800,800,1090,1400,72,0.371,29.5,13.84,14.53,0,338.33,0,130,21,12.965,312.32,1,1.523,1.523,0.586,2.402,1.602,0.02,0,,,,74,0,0,0,0,0,0,0,0,0,0,4,0,0,7000,7000,21,237,1318,66,42,74,133,71,65,0,39321,430,233,469,528,348,331,26222,39321
90.061,25,2187,21,84,52,13.78,15.41,1.118,1,0,0,0,20.5,288,5.2,9,132,337.5,0,0,0,0,0,0,0,0,1,0,0,0,0,0,0,92.61,76,0.563,1,0,0,0,0,0,0,0,0,0,2200,2190,800,800,1090,1400,72,0.371,29.5,13.84,14.53,0,337.5,0,132,21,12.965,312.32,1,1.504,1.504,0.586,2.422,1.602,0.02,0,,,,150,0,0,0,0,0,0,0,0,0,0,4,0,0,7000,7000,21,237,1318,46,54,97,150,69,54,0,39321,410,230,455,523,337,320,26222,39321
90.121,25,2197,21,84,52,13.78,15.48,1.123,1,0,0,0,20.5,288,5.176,9,133,335.83,0,0,0,0,0,0,0,0,1,0,0,0,0,0,0,92.16,76,0.563,1,0,0,0,0,0,0,0,0,0,2200,2200,800,800,1090,1400,72,0.371,29.5,13.84,14.93,0,335.83,0,133,21,12.965,312.32,1,1.465,1.465,0.586,2.422,1.602,0.02,0,,,,70,0,0,0,0,0,0,0,0,0,0,4,0,0,7000,7000,21,237,1318,101,55,114,180,70,87,0,39321,402,225,447,523,317,317,26222,39321
90.181,25,2176,21,84,52,13.78,15.48,1.123,1,0,0,0,20.5,288,5.2,9,132,337.33,0,0,0,0,0,0,0,0,1,0,0,0,0,0,0,92.61,76,0.563,1,0,0,0,0,0,0,0,0,0,2160,2180,800,800,1090,1400,72,0.371,29.5,13.84,14.99,0,337.33,0,132,21,12.965,312.32,1,1.484,1.484,0.586,2.422,1.602,0.02,0,,,,66,0,0,0,0,0,0,0,0,0,0,4,0,0,7000,7000,21,237,1318,111,61,136,140,66,59,0,39321,396,219,444,514,309,309,26222,39321
90.241,24,2204,21,84,51,13.78,15.54,1.127,1,0,0,0,20.5,288,5.168,9,133,335.17,0,0,0,0,0,0,0,0,1,0,0,0,0,0,0,91.94,75,0.563,1,0,0,0,0,0,0,0,0,0,2200,2200,800,800,1090,1400,71,0.367,29.5,13.84,15.04,0,335.17,0,133,21,12.965,314.88,1,1.426,1.426,0.586,2.422,1.582,0.02,0,,,,49,0,0,0,0,0,0,0,0,0,0,4,0,0,7000,7000,21,237,1318,71,70,151,143,81,49,0,39321,385,216,444,506,303,292,26222,39321
90.301,24,2222,21,84,51,13.84,15.54,1.123,1,0,0,0,21,294,5.064,9,131,327.33,0,0,0,0,0,0,0,0,1,0,0,0,0,0,0,91.04,74,0.555,1,0,0,0,0,0,0,0,0,0,2240,2220,800,800,1090,1400,71,0.371,30,13.9,15.04,0,327.33,0,131,21,12.965,314.88,1,1.504,1.504,0.586,2.422,1.563,0.02,0,,,,58,0,0,0,0,0,0,0,0,0,0,4,0,0,7000,7000,21,237,1318,119,58,120,137,92,58,0,39321,382,210,438,497,300,284,26222,39321
90.361,23,2210,21,84,51,13.84,15.54,1.123,1,0,0,0,20.5,294,5.016,9,129,324.83,0,0,0,0,0,0,0,0,1,0,0,0,0,0,0,90.37,74,0.555,1,0,0,0,0,0,0,0,0,0,2200,2210,800,800,1090,1400,71,0.367,29.5,13.9,15.04,0,324.83,0,129,21,12.965,314.88,1,1.445,1.445,0.586,2.422,1.543,0.02,0,,,,117,0,0,0,0,0,0,0,0,0,0,4,0,0,7000,7000,21,237,1318,117,54,163,120,81,51,0,39321,385,205,441,486,298,275,26222,39321
90.421,23,2224,21,84,51,13.9,15.54,1.118,1,0,0,0,21,294,5,9,130,323.83,0,0,0,0,0,0,0,0,1,0,0,0,0,0,0,90.14,73,0.555,1,0,0,0,0,0,0,0,0,0,2240,2220,800,800,1090,1400,71,0.367,30,13.95,15.16,0,323.83,0,130,21,12.965,314.88,1,1.406,1.406,0.586,2.422,1.543,0.02,0,,,,52,0,0,0,0,0,0,0,0,0,0,4,0,0,7000,7000,21,237,1318,119,52,116,102,86,51,0,39321,382,199,433,475,295,267,26222,39321
90.481,23,2246,21,84,51,13.9,15.54,1.118,1,0,0,0,21,294,4.96,9,130,322.33,0,0,0,0,0,0,0,0,1,0,0,0,0,0,0,89.69,73,0.555,1,0,0,0,0,0,0,0,0,0,2240,2250,800,800,1090,1400,71,0.367,30,13.95,15.1,0,322.33,0,130,21,12.965,314.88,1,1.445,1.445,0.586,2.441,1.523,0.02,0,,,,60,0,0,0,0,0,0,0,0,0,0,4,0,0,7000,7000,21,237,1318,207,60,146,134,63,58,0,39321,393,196,433,469,286,261,26222,39321
90.541,21,2253,21,84,51,13.95,15.54,1.114,1,0,0,0,21,294,4.824,9,127,313.17,0,0,0,0,0,0,0,0,1,0,0,0,0,0,0,88.34,72,0.547,1,0,0,0,0,0,0,0,0,0,2240,2250,800,800,1090,1400,71,0.363,30,14.01,15.16,0,313.17,0,127,21,12.965,317.44,1,1.406,1.406,0.586,2.441,1.465,0.02,0,,,,162,0,0,0,0,0,0,0,0,0,0,4,0,0,7000,7000,22,237,1318,221,90,162,120,77,53,0,39321,407,199,435,461,281,255,26222,39321
90.601,21,2249,21,84,51,14.01,15.54,1.109,1,0,0,0,21.5,294,4.728,8,124,306.83,0,0,0,0,0,0,0,0,1,0,0,0,0,0,0,86.54,70,0.547,1,0,0,0,0,0,0,0,0,0,2240,2250,800,800,1090,1400,71,0.363,30.5,14.07,15.16,0,306.83,0,124,21,12.965,320,1,1.406,1.406,0.586,2.441,1.445,0.02,0,,,,172,0,0,0,0,0,0,0,0,0,0,4,0,0,7000,7000,22,237,1318,230,94,156,172,85,66,0,39321,421,205,435,458,278,253,26222,39321
90.661,20,2260,21,84,51,14.07,15.54,1.104,1,0,0,0,22,294,4.616,8,122,299.33,0,0,0,0,0,0,0,0,1,0,0,0,0,0,0,85.65,69,0.539,1,0,0,0,0,0,0,0,0,0,2280,2260,800,800,1090,1400,71,0.359,31,14.13,15.1,0,299.33,0,122,21,12.965,320,1,1.309,1.309,0.586,2.441,1.406,0.02,0,,,,113,0,0,0,0,0,0,0,0,0,0,4,0,0,7000,7000,22,237,1318,230,74,153,114,113,59,0,39321,435,205,435,447,278,247,26222,39321
90.721,19,2273,21,84,51,14.13,15.54,1.1,1,0,0,0,22,288,4.456,8,118,288.5,0,0,0,0,0,0,0,0,1,0,0,0,0,0,0,83.85,67,0.531,1,0,0,0,0,0,0,0,0,0,2280,2270,800,800,1090,1400,71,0.355,31,14.18,15.16,0,288.5,0,118,21,12.965,322.56,1,1.328,1.328,0.586,2.441,1.387,0.02,0,,,,57,0,0,0,0,0,0,0,0,0,0,4,0,0,7000,7000,23,237,1318,230,98,144,182,83,57,0,39321,450,210,433,450,275,239,26222,39321
90.781,18,2274,21,84,51,14.18,15.48,1.091,1,0,0,0,22.5,288,4.352,8,115,281.67,0,0,0,0,0,0,0,0,1,0,0,0,0,0,0,81.82,65,0.531,1,0,0,0,0,0,0,0,0,0,2280,2270,800,800,1090,1400,71,0.355,31.5,14.24,15.04,0,281.67,0,115,21,12.965,325.12,1,1.25,1.25,0.586,2.441,1.348,0.02,0,,,,72,0,0,0,0,0,0,0,0,0,0,4,0,0,7000,7000,23,237,1318,141,109,155,102,89,72,0,39321,447,216,433,441,272,236,26222,39321
90.841,18,2287,21,84,51,14.24,15.48,1.087,1,0,0,0,22.5,288,4.304,8,115,278.5,0,0,0,0,0,0,0,0,1,0,0,0,0,0,0,80.92,64,0.531,1,0,0,0,0,0,0,0,0,0,2280,2290,800,800,1090,1400,71,0.355,31.5,14.3,15.04,0,278.5,0,115,21,12.965,325.12,1,1.191,1.191,0.586,2.441,1.348,0.02,0,,,,147,0,0,0,0,0,0,0,0,0,0,4,0,0,7000,7000,23,237,1318,147,97,119,130,132,76,0,39321,455,219,427,435,278,236,26222,39321
90.901,17,2294,21,84,51,14.3,15.48,1.083,1,0,0,0,23.5,288,4.128,7,109,265,0,0,0,0,0,0,0,0,1,0,0,0,0,0,0,79.35,62,0.516,1,0,0,0,0,0,0,0,0,0,2280,2290,800,800,1090,1400,71,0.344,32.5,14.36,14.99,0,265,0,109,21,12.965,327.68,1,1.211,1.211,0.586,2.461,1.309,0.02,0,,,,90,0,0,0,0,0,0,0,0,0,0,4,0,0,7000,7000,24,237,1318,207,90,157,107,110,57,0,39321,464,219,427,427,281,230,26222,39321
90.961,17,2299,21,84,51,14.3,15.41,1.077,1,0,0,0,24.5,288,4.048,7,108,259.83,0,0,0,0,0,0,0,0,1,0,0,0,0,0,0,77.78,60,0.516,1,0,0,0,0,0,0,0,0,0,2280,2300,800,800,1090,1400,71,0.344,33.5,14.36,14.99,0,259.83,0,108,21,12.965,327.68,1,1.191,1.191,0.586,2.461,1.309,0.02,0,,,,136,0,0,0,0,0,0,0,0,0,0,4,0,0,7000,7000,24,237,1318,170,93,136,139,80,74,0,39321,466,222,427,424,278,227,26222,39321
91.021,16,2320,21,84,51,14.36,15.41,1.073,1,0,0,0,25,288,3.96,7,106,252.83,0,0,0,0,0,0,0,0,1,0,0,0,0,0,0,76.88,59,0.508,1,0,0,0,0,0,0,0,0,0,2320,2320,800,800,1090,1400,72,0.332,34,14.41,14.87,0,252.83,0,106,21,12.965,327.68,1,1.152,1.152,0.586,2.461,1.289,0.02,0,,,,112,0,0,0,0,0,0,0,0,0,0,4,0,0,7000,7000,24,237,1318,219,83,195,112,119,57,0,39321,478,222,435,410,281,222,26222,39321
91.081,16,2320,21,84,51,14.36,15.41,1.073,1,0,0,0,25,288,3.928,7,105,251.33,0,0,0,0,0,0,0,0,1,0,0,0,0,0,0,76.43,59,0.508,1,0,0,0,0,0,0,0,0,0,2320,2320,800,800,1090,1400,72,0.332,34,14.41,14.87,0,251.33,0,105,21,12.965,330.24,1,1.133,1.133,0.586,2.461,1.289,0.02,0,,,,131,0,0,0,0,0,0,0,0,0,0,4,0,0,7000,7000,24,237,1318,174,131,174,138,131,108,0,39321,478,233,438,407,286,227,26222,39321
91.141,16,2327,21,84,51,14.36,15.48,1.078,1,0,0,0,25,288,3.928,7,105,251.33,0,0,0,0,0,0,0,0,1,0,0,0,0,0,0,76.43,59,0.508,1,0,0,0,0,0,0,0,0,0,2320,2330,800,800,1090,1400,72,0.332,34,14.41,14.93,0,250.17,0,105,21,12.965,330.24,1,1.094,1.094,0.586,2.461,1.289,0.02,0,,,,142,0,0,0,0,0,0,0,0,0,0,4,0,0,7000,7000,24,237,1318,199,126,195,106,117,142,0,39321,483,241,444,402,289,244,26222,39321
91.201,16,2346,21,84,51,14.36,15.63,1.089,1,0,0,0,25.5,288,3.904,7,105,249.33,0,0,0,0,0,0,0,0,1,0,0,0,0,0,0,75.75,58,0.508,1,0,0,0,0,0,0,0,0,0,2360,2350,800,800,1090,1400,72,0.332,34.5,14.41,14.93,0,249.33,0,105,21,12.965,330.24,1,1.094,1.094,0.586,2.461,1.289,0.02,0,,,,165,0,0,0,0,0,0,0,0,0,0,4,0,0,7000,7000,24,237,1318,165,110,169,114,106,116,0,39321,486,247,444,396,292,247,26222,39321
91.261,16,2336,21,84,51,14.36,15.63,1.089,1,0,0,0,25.5,288,3.904,7,105,249.17,0,0,0,0,0,0,0,0,1,0,0,0,0,0,0,75.75,58,0.508,1,0,0,0,0,0,0,0,0,0,2320,2340,800,800,1090,1400,72,0.332,34.5,14.41,15.1,0,249.17,0,105,21,12.965,330.24,1,1.133,1.133,0.586,2.461,1.289,0.02,0,,,,94,0,0,0,0,0,0,0,0,0,0,4,0,0,7000,7000,24,237,1318,185,94,168,127,116,96,0,39321,489,247,444,396,292,250,26222,39321
91.321,16,2339,21,84,51,14.36,15.76,1.098,1,0,0,0,25.5,288,3.904,7,105,249.17,0,0,0,0,0,0,0,0,1,0,0,0,0,0,0,75.75,58,0.508,1,0,0,0,0,0,0,0,0,0,2320,2340,800,800,1090,1400,72,0.332,34.5,14.41,15.22,0,249.17,0,105,21,12.965,330.24,1,1.152,1.152,0.586,2.461,1.289,0.02,0,,,,167,0,0,0,0,0,0,0,0,0,0,4,0,0,7000,7000,24,237,1318,185,105,167,105,117,112,0,39321,489,250,450,388,295,255,26222,39321
91.381,16,2350,21,84,51,14.36,15.76,1.098,1,0,0,0,25.5,288,3.904,7,105,249.17,0,0,0,0,0,0,0,0,1,0,0,0,0,0,0,75.75,58,0.508,1,0,0,0,0,0,0,0,0,0,2360,2350,800,800,1090,1400,72,0.332,34.5,14.41,15.22,0,249.17,0,105,21,12.965,330.24,1,1.133,1.133,0.586,2.461,1.289,0.02,0,,,,123,0,0,0,0,0,0,0,0,0,0,4,0,0,7000,7000,24,237,1318,221,88,170,123,101,141,0,39321,497,250,452,376,295,264,26222,39321
91.441,16,2356,21,84,51,14.36,15.91,1.108,1,0,0,0,25.5,288,3.896,7,105,248.5,0,0,0,0,0,0,0,0,1,0,0,0,0,0,0,75.53,58,0.508,1,0,0,0,0,0,0,0,0,0,2360,2360,800,800,1090,1400,72,0.332,34.5,14.41,15.27,0,248.5,0,105,21,12.965,330.24,1,1.133,1.133,0.586,2.461,1.289,0.02,0,,,,95,0,0,0,0,0,0,0,0,0,0,4,0,0,7000,7000,24,237,1318,179,95,194,138,95,111,0,39321,497,253,458,376,286,267,26222,39321
91.501,16,2356,21,84,51,14.36,15.91,1.108,1,0,0,0,25.5,288,3.888,7,105,247.83,0,0,0,0,0,0,0,0,1,0,0,0,0,0,0,75.3,58,0.508,1,0,0,0,0,0,0,0,0,0,2360,2360,800,800,1090,1400,72,0.332,34.5,14.41,15.5,0,247.83,0,105,21,12.965,330.24,1,1.152,1.152,0.586,2.461,1.289,0.02,0,,,,107,0,0,0,0,0,0,0,0,0,0,4,0,0,7000,7000,24,237,1318,188,84,190,123,104,107,0,39321,500,253,461,376,286,275,26222,39321
91.561,16,2361,21,84,51,14.36,15.91,1.108,1,0,0,0,25.5,288,3.88,7,105,247.67,0,0,0,0,0,0,0,0,1,0,0,0,0,0,0,75.3,58,0.508,1,0,0,0,0,0,0,0,0,0,2360,2360,800,800,1090,1400,72,0.332,34.5,14.41,15.45,0,247.67,0,105,21,12.965,330.24,1,1.133,1.133,0.586,2.48,1.289,0.02,0,,,,181,0,0,0,0,0,0,0,0,0,0,4,0,0,7000,7000,24,237,1318,181,93,210,116,152,91,0,39321,500,253,469,374,295,275,26222,39321
91.621,16,2370,21,84,51,14.36,15.98,1.113,1,0,0,0,25.5,288,3.872,7,105,247,0,0,0,0,0,0,0,0,1,0,0,0,0,0,0,75.08,58,0.508,1,0,0,0,0,0,0,0,0,0,2360,2370,800,800,1090,1400,72,0.332,34.5,14.41,15.45,0,247,0,105,21,12.965,330.24,1,1.094,1.094,0.586,2.48,1.289,0.02,0,,,,104,0,0,0,0,0,0,0,0,0,0,4,0,0,7000,7000,24,237,1318,170,104,203,111,109,109,0,39321,497,253,475,371,295,278,26222,39321
91.681,16,2376,21,84,51,14.36,15.98,1.113,1,0,0,0,25.5,288,3.864,7,106,247,0,0,0,0,0,0,0,0,1,0,0,0,0,0,0,75.08,58,0.508,1,0,0,0,0,0,0,0,0,0,2360,2380,800,800,1090,1400,72,0.332,34.5,14.41,15.56,0,247,0,106,21,12.965,330.24,1,1.133,1.133,0.586,2.48,1.289,0.02,0,,,,240,0,0,0,0,0,0,0,0,0,0,4,0,0,7000,7000,24,237,1318,244,89,240,163,168,113,0,39321,509,253,497,374,306,281,26222,39321
91.741,16,2393,21,84,51,14.36,15.98,1.113,1,0,0,0,25.5,288,3.872,7,107,247.5,0,0,0,0,0,0,0,0,1,0,0,0,0,0,0,75.3,58,0.508,1,0,0,0,0,0,0,0,0,0,2400,2390,800,800,1090,1400,72,0.336,34.5,14.41,15.56,0,247.5,0,107,21,12.965,330.24,1,1.172,1.172,0.586,2.48,1.289,0.02,0,,,,155,0,0,0,0,0,0,0,0,0,0,4,0,0,7000,7000,24,237,1318,210,110,188,135,155,154,0,39321,514,255,500,371,317,292,26222,39321
91.801,16,2387,21,84,51,14.41,15.98,1.109,1,0,0,0,26,294,3.856,7,106,246.33,0,0,0,0,0,0,0,0,1,0,0,0,0,0,0,74.85,57,0.508,1,0,0,0,0,0,0,0,0,0,2400,2390,800,800,1090,1400,72,0.336,35,14.47,15.56,0,246.33,0,106,21,12.965,330.24,1,1.094,1.094,0.586,2.48,1.289,0.02,0,,,,145,0,0,0,0,0,0,0,0,0,0,4,0,0,7000,7000,24,237,1318,273,117,224,139,145,145,0,39321,531,261,506,374,323,298,26222,39321
91.861,16,2393,21,84,51,14.41,15.98,1.109,1,0,0,0,26,294,3.848,7,106,245.5,0,0,0,0,0,0,0,0,1,0,0,0,0,0,0,74.63,57,0.508,1,0,0,0,0,0,0,0,0,0,2400,2390,800,800,1090,1400,72,0.336,35,14.47,15.56,0,245.5,0,106,21,12.965,330.24,1,1.055,1.055,0.586,2.48,1.289,0.02,0,,,,193,0,0,0,0,0,0,0,0,0,0,4,0,0,7000,7000,24,237,1318,193,117,210,157,123,103,0,39321,531,267,511,376,326,298,26222,39321
91.921,16,2399,21,84,51,14.41,15.98,1.109,1,0,0,0,26,294,3.84,7,106,245.33,0,0,0,0,0,0,0,0,1,0,0,0,0,0,0,74.63,57,0.508,1,0,0,0,0,0,0,0,0,0,2400,2400,800,800,1090,1400,72,0.336,35,14.47,15.5,0,245.33,0,106,21,12.965,330.24,1,1.133,1.133,0.586,2.48,1.289,0.02,0,,,,128,0,0,0,0,0,0,0,0,0,0,4,0,0,7000,7000,24,237,1318,233,128,193,125,145,150,0,39321,537,275,514,374,331,306,26222,39321
91.981,16,2405,21,84,51,14.41,15.98,1.109,1,0,0,0,26,294,3.824,7,106,244,0,0,0,0,0,0,0,0,1,0,0,0,0,0,0,74.18,57,0.508,1,0,0,0,0,0,0,0,0,0,2400,2410,800,800,1090,1400,72,0.336,35,14.47,15.5,0,244,0,106,21,12.965,332.8,1,1.074,1.074,0.586,2.48,1.27,0.02,0,,,,161,0,0,0,0,0,0,0,0,0,0,4,0,0,7000,7000,25,237,1318,172,123,161,114,145,159,0,39321,531,281,511,371,334,317,26222,39321
92.041,16,2408,21,84,51,14.41,15.98,1.109,1,0,0,0,26.5,294,3.816,7,105,243.33,0,0,0,0,0,0,0,0,1,0,0,0,0,0,0,73.96,56,0.508,1,0,0,0,0,0,0,0,0,0,2400,2410,800,800,1090,1400,72,0.336,35.5,14.47,15.5,0,243.33,0,105,21,12.965,332.8,1,1.152,1.152,0.586,2.48,1.27,0.02,0,,,,126,0,0,0,0,0,0,0,0,0,0,4,0,0,7000,7000,25,237,1318,241,112,150,126,137,145,0,39321,540,284,506,374,337,323,26222,39321
92.101,16,2410,21,84,51,14.41,15.98,1.109,1,0,0,0,26.5,294,3.784,7,105,241,0,0,0,0,0,0,0,0,1,0,0,0,0,0,0,73.28,56,0.508,1,0,0,0,0,0,0,0,0,0,2400,2410,800,800,1090,1400,72,0.336,35.5,14.47,15.45,0,241,0,105,21,12.965,332.8,1,1.055,1.055,0.586,2.48,1.27,0.02,0,,,,181,0,0,0,0,0,0,0,0,0,0,4,0,0,7000,7000,25,237,1318,248,126,159,126,97,181,0,39321,551,289,500,374,331,334,26222,39321
92.161,15,2422,21,84,50,14.47,15.98,1.104,1,0,0,0,27,294,3.696,7,102,235,0,0,0,0,0,0,0,0,1,0,0,0,0,0,0,72.38,55,0.5,1,0,0,0,0,0,0,0,0,0,2440,2420,800,800,1090,1400,72,0.324,36,14.53,15.45,0,235,0,102,21,12.965,332.8,1,1.074,1.074,0.586,2.48,1.25,0.02,0,,,,204,0,0,0,0,0,0,0,0,0,0,4,0,0,7000,7000,25,237,1318,204,112,172,155,200,149,0,39321,548,292,500,376,345,340,26222,39321
92.221,15,2430,21,84,50,14.47,15.91,1.099,1,0,0,0,27.5,294,3.672,7,102,233,0,0,0,0,0,0,0,0,1,0,0,0,0,0,0,71.93,54,0.5,1,0,0,0,0,0,0,0,0,0,2440,2430,800,800,1090,1400,72,0.324,36.5,14.53,15.27,0,233,0,102,21,12.965,332.8,1,1.016,1.016,0.586,2.48,1.25,0.02,0,,,,123,0,0,0,0,0,0,0,0,0,0,4,0,0,7000,7000,25,237,1318,215,123,154,132,143,139,0,39321,551,295,497,376,348,343,26222,39321
92.281,15,2431,21,84,50,14.47,15.76,1.089,1,0,0,0,28,294,3.64,7,101,230.17,0,0,0,0,0,0,0,0,1,0,0,0,0,0,0,71.03,53,0.5,1,0,0,0,0,0,0,0,0,0,2440,2430,800,800,1090,1400,72,0.324,37,14.53,15.27,0,230.17,0,101,21,12.965,335.36,1,1.094,1.094,0.586,2.5,1.23,0.02,0,,,,144,0,0,0,0,0,0,0,0,0,0,4,0,0,7000,7000,25,237,1318,251,114,150,144,156,163,0,39321,562,295,492,376,354,348,26222,39321
92.341,14,2427,21,84,50,14.53,15.76,1.085,1,0,0,0,28,294,3.488,7,96,219.33,0,0,0,0,0,0,0,0,1,0,0,0,0,0,0,69.91,52,0.484,1,0,0,0,0,0,0,0,0,0,2440,2430,800,800,1090,1400,72,0.313,37,14.59,15.22,0,219.33,0,96,21,12.965,335.36,1,0.957,0.957,0.586,2.5,1.191,0.02,0,,,,158,0,0,0,0,0,0,0,0,0,0,4,0,0,7000,7000,25,237,1318,193,128,148,142,158,146,0,39321,562,298,489,376,362,351,26222,39321
92.401,14,2434,21,84,50,14.53,15.76,1.085,1,0,0,0,28.5,294,3.44,6,94,215.33,0,0,0,0,0,0,0,0,1,0,0,0,0,0,0,68.56,51,0.484,1,0,0,0,0,0,0,0,0,0,2440,2430,800,800,1090,1400,72,0.313,37.5,14.59,15.27,0,215.33,0,94,21,12.965,337.92,1,1.016,1.016,0.586,2.5,1.191,0.02,0,,,,156,0,0,0,0,0,0,0,0,0,0,4,0,0,7000,7000,26,237,1318,257,113,199,154,191,156,0,39321,570,300,492,379,374,368,26222,39321
92.461,14,2443,21,84,50,14.53,15.7,1.081,1,0,0,0,29,294,3.408,6,93,212.5,0,0,0,0,0,0,0,0,1,0,0,0,0,0,0,67.66,50,0.484,1,0,0,0,0,0,0,0,0,0,2440,2440,800,800,1090,1400,72,0.313,38,14.59,15.16,0,212.5,0,93,21,12.965,337.92,1,0.957,0.957,0.586,2.5,1.191,0.02,0,,,,207,0,0,0,0,0,0,0,0,0,0,4,0,0,7000,7000,26,237,1318,207,146,191,142,164,183,0,39321,573,306,495,382,379,376,26222,39321
92.521,14,2435,21,84,50,14.59,15.63,1.071,1,0,0,0,29.5,294,3.392,6,93,211.67,0,0,0,0,0,0,0,0,1,0,0,0,0,0,0,67.44,49,0.484,1,0,0,0,0,0,0,0,0,0,2440,2440,800,800,1090,1400,72,0.313,38.5,14.64,15.27,0,211.67,0,93,21,12.965,337.92,1,0.918,0.918,0.586,2.5,1.191,0.02,0,,,,216,0,0,0,0,0,0,0,0,0,0,4,0,0,7000,7000,26,237,1318,234,126,216,148,166,160,0,39321,579,312,514,385,385,379,26222,39321
92.581,14,2449,21,84,50,14.53,15.54,1.07,1,0,0,0,29,294,3.392,6,94,212.17,0,0,0,0,0,0,0,0,1,0,0,0,0,0,0,67.66,50,0.484,1,0,0,0,0,0,0,0,0,0,2440,2450,800,800,1090,1400,72,0.313,38,14.59,15.16,0,212.17,0,94,21,12.965,337.92,1,0.977,0.977,0.586,2.5,1.191,0.02,0,,,,130,0,0,0,0,0,0,0,0,0,0,4,0,0,7000,7000,26,237,1318,201,142,181,130,152,146,0,39321,579,317,514,379,385,382,26222,39321
92.641,14,2453,21,84,50,14.59,15.54,1.065,1,0,0,0,29.5,294,3.376,6,93,210.83,0,0,0,0,0,0,0,0,1,0,0,0,0,0,0,67.21,49,0.484,1,0,0,0,0,0,0,0,0,0,2440,2450,800,800,1090,1400,72,0.313,38.5,14.64,15.16,0,210.83,0,93,21,12.965,337.92,1,0.977,0.977,0.586,2.5,1.191,0.02,0,,,,158,0,0,0,0,0,0,0,0,0,0,4,0,0,7000,7000,26,237,1318,248,99,220,132,158,251,0,39321,587,315,520,379,393,402,26222,39321
92.701,14,2446,21,84,50,14.59,15.54,1.065,1,0,0,0,29.5,294,3.36,6,92,209.67,0,0,0,0,0,0,0,0,1,0,0,0,0,0,0,66.76,49,0.484,1,0,0,0,0,0,0,0,0,0,2440,2440,800,800,1090,1400,72,0.313,38.5,14.64,15.22,0,209.67,0,92,21,12.965,337.92,1,0.898,0.898,0.586,2.5,1.191,0.02,0,,,,220,0,0,0,0,0,0,0,0,0,0,4,0,0,7000,7000,26,237,1318,220,70,242,162,142,255,0,39321,590,309,528,385,393,427,26222,39321
92.761,14,2454,21,84,50,14.59,15.48,1.061,1,0,0,0,29.5,294,3.36,6,93,209.5,0,0,0,0,0,0,0,0,1,0,0,0,0,0,0,66.76,49,0.484,1,0,0,0,0,0,0,0,0,0,2440,2450,800,800,1090,1400,72,0.313,38.5,14.64,15.1,0,209.5,0,93,21,12.965,337.92,1,0.977,0.977,0.586,2.5,1.191,0.02,0,,,,78,0,0,0,0,0,0,0,0,0,0,4,0,0,7000,7000,26,237,1318,251,78,208,156,154,212,0,39321,599,306,534,388,396,435,26222,39321
92.821,14,2464,21,84,50,14.59,15.48,1.061,1,0,0,0,29.5,294,3.36,6,93,209.5,0,0,0,0,0,0,0,0,1,0,0,0,0,0,0,66.76,49,0.484,1,0,0,0,0,0,0,0,0,0,2480,2460,800,800,1090,1400,72,0.313,38.5,14.64,15.22,0,209.5,0,93,21,12.965,337.92,1,0.996,0.996,0.586,2.5,1.191,0.02,0,,,,165,0,0,0,0,0,0,0,0,0,0,4,0,0,7000,7000,26,237,1318,236,112,222,165,148,142,0,39321,601,306,542,393,399,433,26222,39321
92.881,14,2465,21,84,50,14.59,15.54,1.065,1,0,0,0,29.5,294,3.352,6,93,209,0,0,0,0,0,0,0,0,1,0,0,0,0,0,0,66.54,49,0.484,1,0,0,0,0,0,0,0,0,0,2480,2470,800,800,1090,1400,72,0.313,38.5,14.64,15.16,0,209,0,93,21,12.965,340.48,1,0.918,0.918,0.586,2.5,1.191,0.02,0,,,,110,0,0,0,0,0,0,0,0,0,0,4,0,0,7000,7000,26,237,1318,242,80,204,139,110,293,0,39321,604,300,545,393,390,458,26222,39321
92.941,14,2469,21,84,50,14.59,15.54,1.065,1,0,0,0,29.5,294,3.352,6,93,208.83,0,0,0,0,0,0,0,0,1,0,0,0,0,0,0,66.54,49,0.484,1,0,0,0,0,0,0,0,0,0,2480,2470,800,800,1090,1400,72,0.313,38.5,14.64,15.1,0,208.83,0,93,21,12.965,340.48,1,0.879,0.879,0.586,2.52,1.191,0.02,0,,,,305,0,0,0,0,0,0,0,0,0,0,4,0,0,7000,7000,26,237,1318,179,86,216,181,133,305,0,39321,599,298,548,402,388,503,26222,39321
93.001,13,2476,21,84,50,14.59,15.54,1.065,1,0,0,0,30,294,3.328,6,92,207.33,0,0,0,0,0,0,0,0,1,0,0,0,0,0,0,66.09,48,0.484,1,0,0,0,0,0,0,0,0,0,2480,2480,800,800,1090,1400,72,0.313,39,14.64,15.22,0,207.33,0,92,21,12.965,340.48,1,0.898,0.898,0.586,2.52,1.172,0.02,0,,,,86,0,0,0,0,0,0,0,0,0,0,4,0,0,7000,7000,26,237,1318,145,86,200,171,112,118,0,39321,593,286,551,405,385,492,26222,39321
93.061,13,2471,21,84,50,14.59,15.54,1.065,1,0,0,0,30,294,3.328,6,92,207.17,0,0,0,0,0,0,0,0,1,0,0,0,0,0,0,66.09,48,0.484,1,0,0,0,0,0,0,0,0,0,2480,2470,800,800,1090,1400,72,0.313,39,14.64,15.1,0,207.17,0,92,21,12.965,340.48,1,0.918,0.918,0.586,2.52,1.172,0.02,0,,,,209,0,0,0,0,0,0,0,0,0,0,4,0,0,7000,7000,26,237,1318,171,64,209,177,90,217,0,39321,585,281,554,410,376,500,26222,39321
93.121,13,2481,21,84,50,14.59,15.48,1.061,1,0,0,0,30,294,3.328,6,93,207.17,0,0,0,0,0,0,0,0,1,0,0,0,0,0,0,66.09,48,0.484,1,0,0,0,0,0,0,0,0,0,2480,2480,800,800,1090,1400,72,0.313,39,14.64,15.1,0,207.17,0,93,21,12.965,340.48,1,0.957,0.957,0.586,2.52,1.172,0.02,0,,,,143,0,0,0,0,0,0,0,0,0,0,4,0,0,7000,7000,26,237,1318,131,78,191,143,143,153,0,39321,570,278,551,413,379,495,26222,39321
93.181,14,2475,21,84,50,14.59,15.41,1.056,1,0,0,0,30,294,3.328,6,92,206.83,0,0,0,0,0,0,0,0,1,0,0,0,0,0,0,65.86,48,0.484,1,0,0,0,0,0,0,0,0,0,2480,2480,800,800,1090,1400,72,0.313,39,14.64,14.93,0,206.83,0,92,21,12.965,340.48,1,0.938,0.938,0.586,2.52,1.191,0.02,0,,,,145,0,0,0,0,0,0,0,0,0,0,4,0,0,7000,7000,26,237,1318,173,70,225,124,145,145,0,39321,565,272,556,410,379,500,26222,39321
93.241,15,2497,21,84,50,14.59,15.41,1.056,1,0,0,0,30,294,3.416,7,96,214.17,0,0,0,0,0,0,0,0,1,0,0,0,0,0,0,66.31,48,0.5,1,0,0,0,0,0,0,0,0,0,2480,2500,800,800,1090,1400,72,0.324,39,14.64,14.93,0,214.17,0,96,21,12.965,340.48,1,0.957,0.957,0.586,2.52,1.23,0.02,0,,,,49,0,0,0,0,0,0,0,0,0,0,4,0,0,7000,7000,26,237,1318,198,49,183,187,114,293,0,39321,559,261,554,419,374,520,26222,39321
93.301,16,2497,21,84,50,14.53,15.41,1.06,1,0,0,0,28.5,294,3.552,7,101,225.33,0,0,0,0,0,0,0,0,1,0,0,0,0,0,0,68.56,51,0.508,1,0,0,0,0,0,0,0,0,0,2480,2500,800,800,1090,1400,72,0.34,37.5,14.59,14.87,0,225.33,0,101,21,12.965,337.92,1,0.996,0.996,0.586,2.52,1.27,0.02,0,,,,249,0,0,0,0,0,0,0,0,0,0,4,0,0,7000,7000,26,237,1318,161,73,249,147,171,123,0,39321,554,255,565,419,379,509,26222,39321
93.361,17,2510,21,84,50,14.53,15.41,1.06,1,0,0,0,28,294,3.792,7,110,243.5,0,0,0,0,0,0,0,0,1,0,0,0,0,0,0,70.81,53,0.531,1,0,0,0,0,0,0,0,0,0,2520,2510,800,800,1090,1400,72,0.352,37,14.59,14.87,0,243.5,0,110,21,12.965,335.36,1,1.094,1.094,0.586,2.52,1.309,0.02,0,,,,145,0,0,0,0,0,0,0,0,0,0,4,0,0,7000,7000,25,237,1318,208,63,178,174,145,150,0,39321,554,253,559,424,382,503,26222,39321
93.421,17,2521,21,84,49,14.47,15.54,1.074,1,0,0,0,27.5,288,3.904,8,114,251.33,0,0,0,0,0,0,0,0,1,0,0,0,0,0,0,73.06,55,0.531,1,0,0,0,0,0,0,0,0,0,2520,2520,800,800,1090,1400,71,0.352,36,14.53,14.81,0,251.33,0,114,21,12.965,332.8,1,1.113,1.113,0.586,2.52,1.328,0.02,0,,,,152,0,0,0,0,0,0,0,0,0,0,4,0,0,7000,7000,25,237,1318,221,54,197,130,175,152,0,39321,559,247,559,419,390,503,26222,39321
93.481,17,2529,21,84,49,14.47,15.7,1.085,1,0,0,0,27.5,288,3.944,8,116,254.5,0,0,0,0,0,0,0,0,1,0,0,0,0,0,0,73.96,56,0.531,1,0,0,0,0,0,0,0,0,0,2520,2530,800,800,1090,1400,71,0.352,36,14.53,15.1,0,254.5,0,116,21,12.965,332.8,1,1.152,1.152,0.586,2.52,1.328,0.02,0,,,,52,0,0,0,0,0,0,0,0,0,0,4,0,0,7000,7000,25,237,1318,212,52,188,163,175,224,0,39321,562,239,556,421,396,511,26222,39321
93.541,17,2516,21,84,49,14.41,15.7,1.089,1,0,0,0,27,288,3.984,8,116,256.83,0,0,0,0,0,0,0,0,1,0,0,0,0,0,0,74.63,57,0.531,1,0,0,0,0,0,0,0,0,0,2520,2520,800,800,1090,1400,71,0.352,35.5,14.47,15.16,0,256.83,0,116,21,12.965,330.24,1,1.133,1.133,0.586,2.52,1.328,0.02,0,,,,170,0,0,0,0,0,0,0,0,0,0,4,0,0,7000,7000,24,237,1318,241,43,170,154,163,170,0,39321,570,230,545,421,402,509,26222,39321
93.601,17,2518,21,84,49,14.41,15.63,1.084,1,0,0,0,26.5,288,4.016,8,117,259,0,0,0,0,0,0,0,0,1,0,0,0,0,0,0,75.3,58,0.531,1,0,0,0,0,0,0,0,0,0,2520,2520,800,800,1090,1400,71,0.352,35,14.47,15.22,0,258.5,0,117,21,12.965,330.24,1,1.074,1.074,0.586,2.52,1.328,0.02,0,,,,199,0,0,0,0,0,0,0,0,0,0,4,0,0,7000,7000,24,237,1318,217,58,174,168,199,204,0,39321,573,227,540,421,419,511,26222,39321
93.661,17,2539,21,84,49,14.41,15.54,1.078,1,0,0,0,26.5,288,4.008,8,118,258.33,0,0,0,0,0,0,0,0,1,0,0,0,0,0,0,75.08,58,0.531,1,0,0,0,0,0,0,0,0,0,2520,2540,800,800,1090,1400,71,0.352,35,14.47,15.16,0,258.33,0,118,21,12.965,330.24,1,1.074,1.074,0.586,2.52,1.328,0.02,0,,,,154,0,0,0,0,0,0,0,0,0,0,4,0,0,7000,7000,24,237,1318,313,54,164,134,157,154,0,39321,593,222,534,419,421,514,26222,39321
93.721,17,2553,21,84,49,14.41,15.54,1.078,1,0,0,0,27,288,3.92,8,116,251.5,0,0,0,0,0,0,0,0,1,0,0,0,0,0,0,74.18,57,0.523,1,0,0,0,0,0,0,0,0,0,2560,2550,800,800,1090,1400,71,0.355,35.5,14.47,15.1,0,251.5,0,116,21,12.965,332.8,1,1.074,1.074,0.586,2.52,1.309,0.02,0,,,,54,0,0,0,0,0,0,0,0,0,0,4,0,0,7000,7000,25,237,1318,248,54,168,151,175,95,0,39321,607,213,531,419,427,497,26222,39321
93.781,17,2556,21,84,49,14.47,15.54,1.074,1,0,0,0,27.5,288,3.888,8,115,250,0,0,0,0,0,0,0,0,1,0,0,0,0,0,0,73.73,56,0.523,1,0,0,0,0,0,0,0,0,0,2560,2550,800,800,1090,1400,71,0.355,36,14.53,15.16,0,250,0,115,21,12.965,332.8,1,1.113,1.113,0.586,2.52,1.309,0.02,0,,,,144,0,0,0,0,0,0,0,0,0,0,4,0,0,7000,7000,25,237,1318,173,38,148,144,170,82,0,39321,599,208,514,419,430,480,26222,39321
93.841,16,2556,21,84,49,14.47,15.48,1.07,1,0,0,0,27.5,294,3.776,8,111,241,0,0,0,0,0,0,0,0,1,0,0,0,0,0,0,73.28,56,0.508,1,0,0,0,0,0,0,0,0,0,2560,2550,800,800,1090,1400,71,0.344,36,14.53,15.1,0,241,0,111,21,12.965,332.8,1,1.055,1.055,0.586,2.539,1.289,0.02,0,,,,165,0,0,0,0,0,0,0,0,0,0,4,0,0,7000,7000,25,237,1318,206,65,199,176,165,62,0,39321,596,208,517,421,433,461,26222,39321
93.901,16,2564,21,84,49,14.47,15.41,1.065,1,0,0,0,27.5,294,3.736,7,110,238,0,0,0,0,0,0,0,0,1,0,0,0,0,0,0,72.38,55,0.508,1,0,0,0,0,0,0,0,0,0,2560,2550,800,800,1090,1400,71,0.344,36,14.53,15.16,0,238,0,110,21,12.965,332.8,1,1.055,1.055,0.586,2.539,1.27,0.02,0,,,,202,0,0,0,0,0,0,0,0,0,0,4,0,0,7000,7000,25,237,1318,202,67,155,140,133,88,0,39321,601,205,514,419,430,435,26222,39321
93.961,16,2569,21,84,49,14.47,15.41,1.065,1,0,0,0,28,294,3.712,7,109,236,0,0,0,0,0,0,0,0,1,0,0,0,0,0,0,71.71,54,0.508,1,0,0,0,0,0,0,0,0,0,2560,2550,800,800,1090,1400,71,0.344,36.5,14.53,15.1,0,236,0,109,21,12.965,332.8,1,1.074,1.074,0.586,2.539,1.27,0.02,0,,,,181,0,0,0,0,0,0,0,0,0,0,4,0,0,7000,7000,25,237,1318,266,80,181,157,200,76,0,39321,613,205,514,419,438,421,26222,39321
94.021,16,2581,21,84,49,14.47,15.41,1.065,1,0,0,0,28,294,3.696,7,109,235.17,0,0,0,0,0,0,0,0,1,0,0,0,0,0,0,71.48,54,0.508,1,0,0,0,0,0,0,0,0,0,2600,2550,800,800,1090,1400,71,0.344,36.5,14.53,14.99,0,235.17,0,109,21,12.965,335.36,1,1.055,1.055,0.586,2.539,1.27,0.02,0,,,,157,0,0,0,0,0,0,0,0,0,0,4,0,0,7000,7000,25,237,1318,268,80,243,157,226,91,0,39321,621,205,525,421,450,413,26222,39321
94.081,16,2585,21,84,49,14.53,15.48,1.065,1,0,0,0,28.5,294,3.664,7,109,233.17,0,0,0,0,0,0,0,0,1,0,0,0,0,0,0,70.81,53,0.508,1,0,0,0,0,0,0,0,0,0,2600,2550,800,800,1090,1400,71,0.344,37,14.59,14.99,0,233.17,0,109,21,12.965,335.36,1,1.055,1.055,0.586,2.539,1.27,0.02,0,,,,93,0,0,0,0,0,0,0,0,0,0,4,0,0,7000,7000,25,237,1318,181,80,189,148,127,93,0,39321,613,208,525,421,447,393,26222,39321
94.141,16,2592,21,84,49,14.53,15.48,1.065,1,0,0,0,29,294,3.632,7,108,230.67,0,0,0,0,0,0,0,0,1,0,0,0,0,0,0,70.13,52,0.508,1,0,0,0,0,0,0,0,0,0,2600,2550,800,800,1090,1400,71,0.344,37.5,14.59,15.04,0,230.67,0,108,21,12.965,335.36,1,0.977,0.977,0.586,2.539,1.27,0.02,0,,,,76,0,0,0,0,0,0,0,0,0,0,4,0,0,7000,7000,25,237,1318,230,76,159,202,185,69,0,39321,613,208,523,430,452,379,26222,39321
94.201,15,2579,21,84,49,14.53,15.48,1.065,1,0,0,0,29,294,3.576,7,105,225.83,0,0,0,0,0,0,0,0,1,0,0,0,0,0,0,69.68,52,0.5,1,0,0,0,0,0,0,0,0,0,2560,2550,800,800,1090,1400,71,0.332,37.5,14.59,15.1,0,225.83,0,105,21,12.965,335.36,1,0.996,0.996,0.586,2.539,1.25,0.02,0,,,,172,0,0,0,0,0,0,0,0,0,0,4,0,0,7000,7000,25,237,1318,193,71,248,172,146,100,0,39321,610,208,534,433,452,371,26222,39321
94.261,15,2585,21,84,49,14.53,15.41,1.06,1,0,0,0,29,294,3.56,7,105,225,0,0,0,0,0,0,0,0,1,0,0,0,0,0,0,69.46,52,0.5,1,0,0,0,0,0,0,0,0,0,2600,2550,800,800,1090,1400,71,0.332,37.5,14.59,14.99,0,225,0,105,21,12.965,335.36,1,1.016,1.016,0.586,2.539,1.25,0.02,0,,,,184,0,0,0,0,0,0,0,0,0,0,4,0,0,7000,7000,25,237,1318,248,79,195,178,184,106,0,39321,615,210,534,438,466,365,26222,39321
94.320,15,2594,21,84,49,14.59,15.41,1.056,1,0,0,0,29.5,294,3.52,7,103,221.5,0,0,0,0,0,0,0,0,1,0,0,0,0,0,0,68.34,50,0.5,1,0,0,0,0,0,0,0,0,0,2600,2550,800,800,1090,1400,71,0.332,38,14.64,14.87,0,221.5,0,103,21,12.965,337.92,1,0.996,0.996,0.586,2.539,1.23,0.02,0,,,,226,0,0,0,0,0,0,0,0,0,0,4,0,0,7000,7000,26,237,1318,226,96,184,170,234,69,0,39321,615,216,531,441,478,348,26222,39321
94.380,15,2593,21,84,49,14.59,15.35,1.052,1,0,0,0,29.5,294,3.48,7,102,219.17,0,0,0,0,0,0,0,0,1,0,0,0,0,0,0,67.66,50,0.5,1,0,0,0,0,0,0,0,0,0,2600,2550,800,800,1090,1400,71,0.332,38,14.64,14.87,0,219.17,0,102,21,12.965,337.92,1,0.918,0.918,0.586,2.539,1.23,0.02,0,,,,222,0,0,0,0,0,0,0,0,0,0,4,0,0,7000,7000,26,237,1318,311,83,222,193,232,69,0,39321,630,216,531,447,489,340,26222,39321
94.440,15,2605,21,84,49,14.59,15.35,1.052,1,0,0,0,30,294,3.472,7,102,218.5,0,0,0,0,0,0,0,0,1,0,0,0,0,0,0,67.44,49,0.5,1,0,0,0,0,0,0,0,0,0,2600,2550,800,800,1090,1400,71,0.332,38.5,14.64,14.87,0,218.5,0,102,21,12.965,337.92,1,0.898,0.898,0.586,2.539,1.23,0.02,0,,,,195,0,0,0,0,0,0,0,0,0,0,4,0,0,7000,7000,26,237,1318,344,98,193,197,195,87,0,39321,649,222,531,461,503,334,26222,39321
94.500,15,2617,21,84,49,14.59,15.2,1.042,1,0,0,0,30,294,3.456,7,102,217,0,0,0,0,0,0,0,0,1,0,0,0,0,0,0,66.99,49,0.5,1,0,0,0,0,0,0,0,0,0,2600,2550,800,800,1090,1400,71,0.332,38.5,14.64,14.7,0,217,0,102,21,12.965,337.92,1,0.996,0.996,0.586,2.539,1.23,0.02,0,,,,284,0,0,0,0,0,0,0,0,0,0,4,0,0,7000,7000,26,237,1318,284,102,176,193,180,93,0,39321,658,227,528,466,503,323,26222,39321
94.560,15,2617,21,84,49,14.59,15.07,1.033,1,0,0,0,30,294,3.44,7,102,216.17,0,0,0,0,0,0,0,0,1,0,0,0,0,0,0,66.76,49,0.5,1,0,0,0,0,0,0,0,0,0,2600,2550,800,800,1090,1400,71,0.332,38.5,14.64,14.76,0,216.17,0,102,21,12.965,337.92,1,0.898,0.898,0.586,2.539,1.23,0.02,0,,,,145,0,0,0,0,0,0,0,0,0,0,4,0,0,7000,7000,26,237,1318,368,81,145,255,168,104,0,39321,683,227,514,483,500,320,26222,39321
94.620,14,2610,21,84,49,14.59,15.07,1.033,1,0,0,0,30,294,3.352,7,98,209,0,0,0,0,0,0,0,0,1,0,0,0,0,0,0,66.54,49,0.484,1,0,0,0,0,0,0,0,0,0,2600,2550,800,800,1090,1400,71,0.32,38.5,14.64,14.59,0,209,0,98,21,12.965,340.48,1,0.918,0.918,0.586,2.539,1.211,0.02,0,,,,236,0,0,0,0,0,0,0,0,0,0,4,0,0,7000,7000,26,237,1318,333,94,141,236,184,85,0,39321,700,227,509,511,503,315,26222,39321
94.680,14,2609,21,84,49,14.64,14.98,1.023,1,0,0,0,30.5,294,3.304,7,97,205.83,0,0,0,0,0,0,0,0,1,0,0,0,0,0,0,65.64,48,0.484,1,0,0,0,0,0,0,0,0,0,2600,2550,800,800,1090,1400,71,0.32,39,14.7,14.53,0,205.83,0,97,21,12.965,340.48,1,0.938,0.938,0.586,2.539,1.191,0.02,0,,,,84,0,0,0,0,0,0,0,0,0,0,4,0,0,7000,7000,26,237,1318,280,94,182,254,236,84,0,39321,705,230,509,525,514,306,26222,39321
94.740,13,2605,21,84,49,14.64,14.91,1.018,1,0,0,0,31,294,3.28,7,96,204,0,0,0,0,0,0,0,0,1,0,0,0,0,0,0,64.96,47,0.484,1,0,0,0,0,0,0,0,0,0,2600,2550,800,800,1090,1400,71,0.32,39.5,14.7,14.47,0,204,0,96,21,12.965,340.48,1,0.859,0.859,0.586,2.539,1.172,0.02,0,,,,80,0,0,0,0,0,0,0,0,0,0,4,0,0,7000,7000,26,237,1318,292,80,166,244,214,94,0,39321,722,230,506,537,520,303,26222,39321
94.800,13,2613,21,84,49,14.64,14.94,1.02,1,0,0,0,31.5,294,3.256,7,95,202.33,0,0,0,0,0,0,0,0,1,0,0,0,0,0,0,64.51,46,0.484,1,0,0,0,0,0,0,0,0,0,2600,2550,800,800,1090,1400,71,0.32,40,14.7,14.53,0,202.33,0,95,21,12.965,340.48,1,0.859,0.859,0.586,2.559,1.172,0.02,0,,,,227,0,0,0,0,0,0,0,0,0,0,4,0,0,7000,7000,26,237,1318,229,87,180,227,182,93,0,39321,717,230,503,545,520,300,26222,39321
94.860,13,2620,21,84,49,14.64,14.94,1.02,1,0,0,0,31.5,294,3.256,7,95,202.33,0,0,0,0,0,0,0,0,1,0,0,0,0,0,0,64.51,46,0.484,1,0,0,0,0,0,0,0,0,0,2640,2550,800,800,1090,1400,71,0.32,40,14.7,14.64,0,202.33,0,95,21,12.965,340.48,1,0.918,0.918,0.586,2.559,1.172,0.02,0,,,,116,0,0,0,0,0,0,0,0,0,0,4,0,0,7000,7000,26,237,1318,253,107,176,256,170,116,0,39321,717,236,500,556,525,300,26222,39321
94.920,14,2632,21,84,49,14.64,14.94,1.02,1,0,0,0,31.5,294,3.24,7,95,201,0,0,0,0,0,0,0,0,1,0,0,0,0,0,0,64.06,46,0.484,1,0,0,0,0,0,0,0,0,0,2640,2550,800,800,1090,1400,71,0.324,40,14.7,14.7,0,201,0,95,21,12.965,340.48,1,0.879,0.879,0.586,2.559,1.191,0.02,0,,,,120,0,0,0,0,0,0,0,0,0,0,4,0,0,7000,7000,26,237,1318,214,120,168,314,201,106,0,39321,674,231,475,550,505,287,26222,39321
94.980,14,2637,21,84,49,14.64,14.94,1.02,1,0,0,0,31.5,294,3.24,7,95,201,0,0,0,0,0,0,0,0,1,0,0,0,0,0,0,64.06,46,0.484,1,0,0,0,0,0,0,0,0,0,2640,2550,800,800,1090,1400,71,0.324,40,14.7,14.64,0,201,0,95,21,12.965,340.48,1,0.918,0.918,0.586,2.559,1.191,0.02,0,,,,326,0,0,0,0,0,0,0,0,0,0,4,0,0,7000,7000,26,237,1318,220,106,162,326,206,98,0,39321,669,233,470,585,507,287,26222,39321
95.040,14,2639,21,84,49,14.64,14.94,1.02,1,0,0,0,31.5,294,3.24,7,96,201,0,0,0,0,0,0,0,0,1,0,0,0,0,0,0,64.06,46,0.484,1,0,0,0,0,0,0,0,0,0,2640,2550,800,800,1090,1400,71,0.324,40,14.7,14.64,0,201,0,96,21,12.965,340.48,1,0.879,0.879,0.586,2.559,1.191,0.02,0,,,,172,0,0,0,0,0,0,0,0,0,0,4,0,0,7000,7000,26,237,1318,202,122,176,370,172,118,0,39321,661,241,470,610,510,287,26222,39321
95.100,14,2631,21,84,49,14.64,14.94,1.02,1,0,0,0,31.5,294,3.24,7,95,201,0,0,0,0,0,0,0,0,1,0,0,0,0,0,0,64.06,46,0.484,1,0,0,0,0,0,0,0,0,0,2640,2550,800,800,1090,1400,71,0.324,40,14.7,14.53,0,201,0,95,21,12.965,340.48,1,0.898,0.898,0.586,2.559,1.191,0.02,0,,,,262,0,0,0,0,0,0,0,0,0,0,4,0,0,7000,7000,26,237,1318,262,108,156,310,160,124,0,39321,661,244,467,623,505,295,26222,39321
95.160,14,2635,21,84,49,14.64,14.91,1.018,1,0,0,0,31.5,294,3.248,7,96,201.67,0,0,0,0,0,0,0,0,1,0,0,0,0,0,0,64.29,46,0.484,1,0,0,0,0,0,0,0,0,0,2640,2550,800,800,1090,1400,71,0.324,40,14.7,14.53,0,201.67,0,96,21,12.965,340.48,1,0.859,0.859,0.586,2.559,1.191,0.02,0,,,,142,0,0,0,0,0,0,0,0,0,0,4,0,0,7000,7000,26,237,1318,220,58,142,322,174,118,0,39321,655,239,459,639,502,298,26222,39321
95.221,14,2645,21,84,49,14.64,14.91,1.018,1,0,0,0,31.5,294,3.248,7,96,201.67,0,0,0,0,0,0,0,0,1,0,0,0,0,0,0,64.29,46,0.484,1,0,0,0,0,0,0,0,0,0,2640,2550,800,800,1090,1400,71,0.324,40,14.7,14.53,0,201.67,0,96,21,13.038,340.48,1,0.918,0.918,0.586,2.559,1.191,0.02,0,,,,134,0,0,0,0,0,0,0,0,0,0,4,0,0,7000,7000,26,237,1318,348,142,158,306,134,96,0,39321,674,247,456,658,491,295,26222,39321
95.281,14,2644,21,84,49,14.64,14.94,1.02,1,0,0,0,31.5,294,3.256,7,96,202.33,0,0,0,0,0,0,0,0,1,0,0,0,0,0,0,64.51,46,0.484,1,0,0,0,0,0,0,0,0,0,2640,2550,800,800,1090,1400,71,0.324,40,14.7,14.64,0,202.33,0,96,21,13.038,340.48,1,0.879,0.879,0.586,2.559,1.191,0.02,0,,,,214,0,0,0,0,0,0,0,0,0,0,4,0,0,7000,7000,26,237,1318,214,140,222,416,252,100,0,39321,674,255,464,688,502,292,26222,39321
95.341,14,2646,21,84,49,14.64,14.94,1.02,1,0,0,0,31.5,294,3.256,7,96,202.33,0,0,0,0,0,0,0,0,1,0,0,0,0,0,0,64.51,46,0.484,1,0,0,0,0,0,0,0,0,0,2640,2550,800,800,1090,1400,71,0.324,40,14.7,14.64,0,202.33,0,96,21,13.038,340.48,1,0.879,0.879,0.586,2.559,1.191,0.02,0,,,,184,0,0,0,0,0,0,0,0,0,0,4,0,0,7000,7000,26,237,1318,230,100,184,372,228,84,0,39321,669,260,464,709,507,290,26222,39321
95.401,14,2660,21,84,49,14.64,14.94,1.02,1,0,0,0,31,294,3.264,7,97,203,0,0,0,0,0,0,0,0,1,0,0,0,0,0,0,64.74,47,0.484,1,0,0,0,0,0,0,0,0,0,2680,2550,800,800,1090,1400,71,0.324,39.5,14.7,14.64,0,203,0,97,21,13.038,340.48,1,0.879,0.879,0.586,2.559,1.191,0.02,0,,,,232,0,0,0,0,0,0,0,0,0,0,4,0,0,7000,7000,26,237,1318,270,114,162,316,232,134,0,39321,671,263,464,720,518,295,26222,39321
95.461,14,2670,21,84,49,14.64,14.94,1.02,1,0,0,0,31,294,3.264,7,98,203,0,0,0,0,0,0,0,0,1,0,0,0,0,0,0,64.74,47,0.484,1,0,0,0,0,0,0,0,0,0,2680,2550,800,800,1090,1400,71,0.328,39.5,14.7,14.59,0,203,0,98,21,13.038,340.48,1,0.84,0.84,0.586,2.559,1.191,0.02,0,,,,274,0,0,0,0,0,0,0,0,0,0,4,0,0,7000,7000,26,237,1318,274,126,180,386,190,146,0,39321,682,268,464,741,518,306,26222,39321
95.521,14,2668,21,84,49,14.64,14.94,1.02,1,0,0,0,31,294,3.264,7,98,203.17,0,0,0,0,0,0,0,0,1,0,0,0,0,0,0,64.74,47,0.484,1,0,0,0,0,0,0,0,0,0,2680,2550,800,800,1090,1400,71,0.328,39.5,14.7,14.53,0,203.17,0,98,21,13.038,340.48,1,0.898,0.898,0.586,2.559,1.211,0.02,0,,,,188,0,0,0,0,0,0,0,0,0,0,4,0,0,7000,7000,26,237,1318,250,134,188,420,172,144,0,39321,682,279,470,765,516,311,26222,39321
95.581,14,2652,21,84,49,14.64,14.98,1.023,1,0,0,0,31,294,3.28,7,98,204.33,0,0,0,0,0,0,0,0,1,0,0,0,0,0,0,65.19,47,0.484,1,0,0,0,0,0,0,0,0,0,2640,2550,800,800,1090,1400,71,0.324,39.5,14.7,14.59,0,204.33,0,98,21,13.038,340.48,1,0.879,0.879,0.586,2.559,1.211,0.02,0,,,,160,0,0,0,0,0,0,0,0,0,0,4,0,0,7000,7000,26,237,1318,272,142,190,396,160,110,0,39321,685,284,473,798,505,311,26222,39321
95.641,14,2663,21,84,49,14.64,15.07,1.029,1,0,0,0,31,294,3.28,7,98,204,0,0,0,0,0,0,0,0,1,0,0,0,0,0,0,64.96,47,0.484,1,0,0,0,0,0,0,0,0,0,2680,2550,800,800,1090,1400,71,0.328,39.5,14.7,14.7,0,204,0,98,21,13.038,340.48,1,0.859,0.859,0.586,2.559,1.211,0.02,0,,,,178,0,0,0,0,0,0,0,0,0,0,4,0,0,7000,7000,26,237,1318,178,134,214,400,202,154,0,39321,666,287,481,814,507,314,26222,39321
95.701,14,2662,21,84,49,14.64,15.13,1.033,1,0,0,0,31,294,3.28,7,98,204,0,0,0,0,0,0,0,0,1,0,0,0,0,0,0,64.96,47,0.484,1,0,0,0,0,0,0,0,0,0,2680,2550,800,800,1090,1400,71,0.328,39.5,14.7,14.76,0,204,0,98,21,13.038,340.48,1,0.918,0.918,0.586,2.559,1.211,0.02,0,,,,162,0,0,0,0,0,0,0,0,0,0,4,0,0,7000,7000,26,237,1318,248,142,162,342,198,104,0,39321,666,298,478,819,510,311,26222,39321
95.761,14,2662,21,84,49,14.64,15.13,1.033,1,0,0,0,31,294,3.28,7,98,204.5,0,0,0,0,0,0,0,0,1,0,0,0,0,0,0,65.19,47,0.484,1,0,0,0,0,0,0,0,0,0,2680,2550,800,800,1090,1400,71,0.328,39.5,14.7,14.81,0,204.5,0,98,21,13.038,340.48,1,0.859,0.859,0.586,2.559,1.211,0.02,0,,,,240,0,0,0,0,0,0,0,0,0,0,4,0,0,7000,7000,26,237,1318,220,146,224,360,240,96,0,39321,661,303,486,841,524,309,26222,39321
95.821,14,2669,21,84,49,14.64,15.13,1.033,1,0,0,0,31,294,3.272,7,98,203.33,0,0,0,0,0,0,0,0,1,0,0,0,0,0,0,64.74,47,0.484,1,0,0,0,0,0,0,0,0,0,2680,2550,800,800,1090,1400,71,0.328,39.5,14.7,14.81,0,203.33,0,98,21,13.038,340.48,1,0.859,0.859,0.586,2.559,1.211,0.02,0,,,,296,0,0,0,0,0,0,0,0,0,0,4,0,0,7000,7000,26,237,1318,296,176,206,314,238,128,0,39321,663,314,489,843,529,311,26222,39321
95.881,14,2670,21,84,49,14.64,15.2,1.038,1,0,0,0,31,294,3.256,7,97,202.5,0,0,0,0,0,0,0,0,1,0,0,0,0,0,0,64.51,46,0.484,1,0,0,0,0,0,0,0,0,0,2680,2550,800,800,1090,1400,71,0.328,39.5,14.7,14.81,0,202.5,0,97,21,13.038,340.48,1,0.918,0.918,0.586,2.578,1.191,0.02,0,,,,166,0,0,0,0,0,0,0,0,0,0,4,0,0,7000,7000,26,237,1318,340,142,166,320,222,138,0,39321,679,317,486,846,532,317,26222,39321
95.941,13,2672,21,84,49,14.64,15.13,1.033,1,0,0,0,31.5,294,3.248,7,97,201.67,0,0,0,0,0,0,0,0,1,0,0,0,0,0,0,64.29,46,0.484,1,0,0,0,0,0,0,0,0,0,2680,2550,800,800,1090,1400,71,0.324,40,14.7,14.93,0,201.67,0,97,21,13.038,340.48,1,0.84,0.84,0.586,2.578,1.172,0.02,0,,,,194,0,0,0,0,0,0,0,0,0,0,4,0,0,7000,7000,26,237,1318,244,150,202,372,194,112,0,39321,677,322,491,860,534,317,26222,39321
96.001,12,2670,21,84,48,14.64,15.13,1.033,1,0,0,0,32.5,294,3.152,7,93,194,0,0,0,0,0,0,0,0,1,0,0,0,0,0,0,61.82,44,0.484,1,0,0,0,0,0,0,0,0,0,2680,2550,800,800,1090,1400,71,0.32,41,14.7,14.7,0,194,0,93,21,13.038,343.04,1,0.781,0.781,0.586,2.578,1.113,0.02,0,,,,249,0,0,0,0,0,0,0,0,0,0,4,0,0,7000,7000,27,237,1318,249,142,156,327,204,123,0,39321,674,325,486,862,534,314,26222,39321
96.061,11,2665,21,84,48,14.64,15.13,1.033,1,0,0,0,34,294,3.056,6,89,185.67,0,0,0,0,0,0,0,0,0,0,0,0,0,0,0,59.12,41,0.484,1,0,0,0,0,0,0,0,0,0,2680,2550,800,800,1090,1400,71,0.316,42.5,14.7,14.81,0,185.67,0,89,21,13.038,345.6,1,0.801,0.801,0.586,2.578,1.074,0.02,0,,,,163,0,0,0,0,0,0,0,0,0,0,4,0,0,7000,7000,27,237,1318,190,163,163,371,205,163,0,39321,663,335,483,870,534,322,26222,39321
96.121,11,2656,21,84,48,14.7,14.91,1.014,1,0,0,0,35,294,3,6,87,182,0,0,0,0,0,0,0,0,0,0,0,0,0,0,0,57.99,39,0.484,1,0,0,0,0,0,0,0,0,0,2640,2550,800,800,1090,1400,71,0.316,43.5,14.76,14.81,0,182,0,87,21,13.038,348.16,1,0.703,0.703,0.586,2.578,1.074,0.02,0,,,,201,0,0,0,0,0,0,0,0,0,0,4,0,0,7000,7000,28,237,1318,161,142,207,349,201,127,0,39321,650,338,489,884,529,322,26222,39321
96.181,11,2670,21,84,48,14.7,14.91,1.014,1,0,0,0,35,294,2.96,6,86,179.17,0,0,0,0,0,0,0,0,0,0,0,0,0,0,0,57.1,39,0.484,1,0,0,0,0,0,0,0,0,0,2680,2550,800,800,1090,1400,71,0.316,43.5,14.76,14.59,0,179.17,0,86,21,13.038,348.16,1,0.684,0.684,0.586,2.578,1.074,0.02,0,,,,196,0,0,0,0,0,0,0,0,0,0,4,0,0,7000,7000,28,237,1318,196,136,163,381,213,119,0,39321,639,341,486,892,532,322,26222,39321
96.241,11,2672,21,84,48,14.7,14.48,0.985,1,0,0,0,35.5,294,2.944,6,85,177.5,0,0,0,0,0,0,0,0,0,0,0,0,0,0,0,56.65,38,0.484,1,0,0,0,0,0,0,0,0,0,2680,2550,800,800,1090,1400,71,0.316,44,14.76,14.3,0,177.17,0,85,21,13.038,348.16,1,0.742,0.742,0.586,2.578,1.074,0.02,0,,,,152,0,0,0,0,0,0,0,0,0,0,4,0,0,7000,7000,28,237,1318,180,154,152,393,211,117,0,39321,631,352,483,903,534,319,26222,39321
96.301,11,2680,21,84,48,14.7,14.04,0.955,1,0,0,0,36,294,2.92,6,85,175.67,0,0,0,0,0,0,0,0,0,0,0,0,0,0,0,55.97,37,0.484,1,0,0,0,0,0,0,0,0,0,2680,2550,800,800,1090,1400,71,0.316,44.5,14.76,13.84,0,175.67,0,85,21,13.038,350.72,1,0.684,0.684,0.586,2.578,1.074,0.02,0,,,,242,0,0,0,0,0,0,0,0,0,0,4,0,0,7000,7000,28,237,1318,207,134,159,297,242,142,0,39321,626,352,481,905,553,322,26222,39321
96.361,10,2686,21,84,48,14.7,13.73,0.934,1,0,0,0,36,294,2.92,6,85,175.67,0,0,0,0,0,0,0,0,0,0,0,0,0,0,0,55.97,37,0.484,1,0,0,0,0,0,0,0,0,0,2680,2550,800,800,1090,1400,71,0.316,44.5,14.76,13.84,0,175.67,0,85,21,13.038,350.72,1,0.664,0.664,0.586,2.578,1.055,0.02,0,,,,220,0,0,0,0,0,0,0,0,0,0,4,0,0,7000,7000,28,237,1318,220,113,207,391,220,203,0,39321,623,346,486,916,553,341,26222,39321
96.421,10,2680,21,84,48,14.7,13.73,0.934,1,0,0,0,36,294,2.888,6,84,173.5,0,0,0,0,0,0,0,0,0,0,0,0,0,0,0,55.3,37,0.484,1,0,0,0,0,0,0,0,0,0,2680,2550,800,800,1090,1400,71,0.316,44.5,14.76,13.26,0,173.5,0,84,21,13.038,350.72,1,0.664,0.664,0.586,2.578,1.055,0.02,0,,,,229,0,0,0,0,0,0,0,0,0,0,4,0,0,7000,7000,28,237,1318,284,147,229,383,278,160,0,39321,631,346,499,921,567,346,26222,39321
96.481,10,2669,21,84,48,14.7,13.54,0.921,1,0,0,0,36.5,294,2.872,6,83,172,0,0,0,0,0,0,0,0,0,0,0,0,0,0,0,54.85,36,0.484,1,0,0,0,0,0,0,0,0,0,2680,2550,800,800,1090,1400,71,0.316,45,14.76,13.15,0,172,0,83,21,13.038,350.72,1,0.703,0.703,0.586,2.578,1.035,0.02,0,,,,218,0,0,0,0,0,0,0,0,0,0,4,0,0,7000,7000,28,237,1318,214,171,190,385,218,115,0,39321,626,354,499,937,572,344,26222,39321
96.541,9,2659,21,84,48,14.7,13.38,0.91,1,0,0,0,36.5,294,2.784,6,79,164.5,0,0,0,0,0,0,0,0,0,0,0,0,0,0,0,54.17,36,0.469,1,0,0,0,0,0,0,0,0,0,2640,2550,800,800,1090,1400,71,0.309,45,14.76,13.03,0,164.5,0,79,21,13.038,350.72,1,0.645,0.645,0.586,2.578,1.016,0.02,0,,,,162,0,0,0,0,0,0,0,0,0,0,4,0,0,7000,7000,28,237,1318,162,143,214,378,241,104,0,39321,610,357,502,943,577,341,26222,39321
96.601,9,2653,21,84,48,14.7,13.23,0.9,1,0,0,0,37,294,2.768,6,78,163,0,0,0,0,0,0,0,0,0,0,0,0,0,0,0,53.72,35,0.469,1,0,0,0,0,0,0,0,0,0,2640,2550,800,800,1090,1400,71,0.309,45.5,14.76,12.92,0,163,0,78,21,13.038,353.28,1,0.645,0.645,0.586,2.578,1.016,0.02,0,,,,151,0,0,0,0,0,0,0,0,0,0,4,0,0,7000,7000,29,237,1318,170,151,151,377,219,109,0,39321,599,362,497,948,577,338,26222,39321
96.661,9,2662,21,84,48,14.7,13.23,0.9,1,0,0,0,37,294,2.752,6,78,162.5,0,0,0,0,0,0,0,0,0,0,0,0,0,0,0,53.5,35,0.469,1,0,0,0,0,0,0,0,0,0,2680,2550,800,800,1090,1400,71,0.309,45.5,14.76,12.75,0,162.5,0,78,21,13.038,353.28,1,0.645,0.645,0.586,2.578,1.016,0.02,0,,,,202,0,0,0,0,0,0,0,0,0,0,4,0,0,7000,7000,29,237,1318,177,128,162,373,202,170,0,39321,591,362,491,951,577,346,26222,39321
96.721,9,2676,21,84,48,14.7,13.07,0.889,1,0,0,0,37.5,294,2.736,6,78,161,0,0,0,0,0,0,0,0,0,0,0,0,0,0,0,53.05,34,0.469,1,0,0,0,0,0,0,0,0,0,2680,2550,800,800,1090,1400,71,0.309,46,14.76,12.63,0,161,0,78,21,13.038,353.28,1,0.605,0.605,0.586,2.578,1.016,0.02,0,,,,179,0,0,0,0,0,0,0,0,0,0,4,0,0,7000,7000,29,237,1318,179,145,130,386,234,139,0,39321,575,362,483,956,580,354,26222,39321
96.781,9,2672,21,84,48,14.7,12.97,0.882,1,0,0,0,37.5,294,2.728,6,77,160.33,0,0,0,0,0,0,0,0,0,0,0,0,0,0,0,52.82,34,0.469,1,0,0,0,0,0,0,0,0,0,2680,2550,800,800,1090,1400,71,0.309,46,14.76,12.63,0,160.33,0,77,21,13.038,353.28,1,0.625,0.625,0.586,2.578,1.016,0.02,0,,,,156,0,0,0,0,0,0,0,0,0,0,4,0,0,7000,7000,29,237,1318,175,135,156,392,215,137,0,39321,567,362,475,962,580,357,26222,39321
96.841,7,2670,21,84,48,14.7,12.91,0.878,1,0,0,0,38,294,2.608,5,72,150.33,0,0,0,0,0,0,0,0,0,0,0,0,0,0,0,51.92,33,0.445,1,0,0,0,0,0,0,0,0,0,2680,2550,800,800,1090,1400,72,0.301,46.5,14.76,12.52,0,150.33,0,72,21,13.038,353.28,1,0.625,0.625,0.586,2.578,0.957,0.02,0,,,,230,0,0,0,0,0,0,0,0,0,0,4,0,0,7000,7000,29,237,1318,164,145,160,353,230,143,0,39321,559,362,473,970,591,360,26222,39321
96.901,7,2666,21,84,48,14.76,12.91,0.875,1,0,0,0,38.5,294,2.536,5,70,145.17,0,0,0,0,0,0,0,0,0,0,0,0,0,0,0,50.35,31,0.445,1,0,0,0,0,0,0,0,0,0,2680,2550,800,800,1090,1400,72,0.301,47,14.81,12.52,0,145.17,0,70,21,13.038,355.84,1,0.566,0.566,0.586,2.578,0.938,0.02,0,,,,178,0,0,0,0,0,0,0,0,0,0,4,0,0,7000,7000,29,237,1318,178,144,148,337,203,105,0,39321,550,362,467,967,588,346,26222,39321
96.961,6,2653,21,84,48,14.76,12.85,0.871,1,0,0,0,38.5,294,2.432,5,66,137.17,0,0,0,0,0,0,0,0,0,0,0,0,0,0,0,49.23,30,0.43,1,0,0,0,0,0,0,0,0,0,2640,2550,800,800,1090,1400,72,0.297,47,14.81,12.46,0,137.17,0,66,21,13.038,355.84,1,0.547,0.547,0.586,2.578,0.918,0.02,0,,,,154,0,0,0,0,0,0,0,0,0,0,4,0,0,7000,7000,29,237,1318,192,144,154,351,211,105,0,39321,548,362,459,964,588,341,26222,39321
97.021,6,2651,21,84,48,14.76,12.79,0.867,1,0,0,0,38.5,294,2.408,5,65,135.17,0,0,0,0,0,0,0,0,0,0,0,0,0,0,0,48.55,30,0.43,1,0,0,0,0,0,0,0,0,0,2640,2550,800,800,1090,1400,72,0.297,47,14.81,12.52,0,135.17,0,65,21,13.038,358.4,1,0.527,0.527,0.586,2.578,0.918,0.02,0,,,,190,0,0,0,0,0,0,0,0,0,0,4,0,0,7000,7000,30,237,1318,118,128,174,252,190,160,0,39321,534,362,459,935,580,346,26222,39321
97.081,6,2649,21,84,48,14.76,12.79,0.867,1,0,0,0,39,294,2.392,5,64,133.83,0,0,0,0,0,0,0,0,0,0,0,0,0,0,0,48.1,29,0.43,1,0,0,0,0,0,0,0,0,0,2640,2550,800,800,1090,1400,72,0.297,47.5,14.81,12.46,0,133.83,0,64,21,13.038,358.4,1,0.488,0.488,0.586,2.578,0.918,0.02,0,,,,182,0,0,0,0,0,0,0,0,0,0,4,0,0,7000,7000,30,237,1318,182,116,138,264,178,116,0,39321,524,360,454,921,572,344,26222,39321
97.141,6,2651,21,84,48,14.76,12.77,0.866,1,0,0,0,39,294,2.384,5,64,133.17,0,0,0,0,0,0,0,0,0,0,0,0,0,0,0,47.88,29,0.43,1,0,0,0,0,0,0,0,0,0,2640,2550,800,800,1090,1400,72,0.297,47.5,14.81,12.52,0,133.17,0,64,21,13.038,358.4,1,0.547,0.547,0.586,2.578,0.918,0.02,0,,,,154,0,0,0,0,0,0,0,0,0,0,4,0,0,7000,7000,30,237,1318,198,164,154,282,188,120,0,39321,524,365,446,913,567,344,26222,39321
97.201,6,2652,21,84,48,14.76,12.69,0.86,1,0,0,0,39,294,2.384,5,64,133.17,0,0,0,0,0,0,0,0,0,0,0,0,0,0,0,47.88,29,0.43,1,0,0,0,0,0,0,0,0,0,2640,2550,800,800,1090,1400,72,0.297,47.5,14.81,12.4,0,133.17,0,64,21,13.038,358.4,1,0.508,0.508,0.586,2.578,0.918,0.02,0,,,,190,0,0,0,0,0,0,0,0,0,0,4,0,0,7000,7000,30,237,1318,152,134,174,326,190,112,0,39321,516,365,446,905,564,341,26222,39321
97.261,6,2653,21,84,48,14.76,12.63,0.856,1,0,0,0,39,294,2.384,5,64,133.17,0,0,0,0,0,0,0,0,0,0,0,0,0,0,0,47.88,29,0.43,1,0,0,0,0,0,0,0,0,0,2640,2550,800,800,1090,1400,72,0.297,47.5,14.81,12.46,0,133.17,0,64,21,13.038,358.4,1,0.527,0.527,0.586,2.578,0.918,0.02,0,,,,192,0,0,0,0,0,0,0,0,0,0,4,0,0,7000,7000,30,237,1318,192,186,158,352,268,142,0,39321,513,373,443,908,575,346,26222,39321
97.321,6,2656,21,84,48,14.76,12.63,0.856,1,0,0,0,39,294,2.376,5,63,132.5,0,0,0,0,0,0,0,0,0,0,0,0,0,0,0,47.65,29,0.43,1,0,0,0,0,0,0,0,0,0,2640,2550,800,800,1090,1400,72,0.297,47.5,14.81,12.35,0,132.5,0,63,21,13.038,358.4,1,0.527,0.527,0.586,2.578,0.918,0.02,0,,,,116,0,0,0,0,0,0,0,0,0,0,4,0,0,7000,7000,30,237,1318,156,158,116,332,244,140,0,39321,507,378,430,905,580,349,26222,39321
97.381,6,2651,21,84,48,14.76,12.57,0.852,1,0,0,0,39,294,2.384,5,64,133.17,0,0,0,0,0,0,0,0,0,0,0,0,0,0,0,47.88,29,0.43,1,0,0,0,0,0,0,0,0,0,2640,2550,800,800,1090,1400,72,0.297,47.5,14.81,12.23,0,133.17,0,64,21,13.038,358.4,1,0.527,0.527,0.586,2.578,0.918,0.02,0,,,,196,0,0,0,0,0,0,0,0,0,0,4,0,0,7000,7000,30,237,1318,158,118,176,322,196,108,0,39321,502,376,432,894,580,344,26222,39321
97.441,6,2635,21,84,48,14.76,12.49,0.847,1,0,0,0,39,294,2.376,5,63,132.5,0,0,0,0,0,0,0,0,0,0,0,0,0,0,0,47.65,29,0.43,1,0,0,0,0,0,0,0,0,0,2640,2550,800,800,1090,1400,72,0.297,47.5,14.81,12.23,0,132.5,0,63,21,13.038,358.4,1,0.547,0.547,0.586,2.578,0.918,0.02,0,,,,160,0,0,0,0,0,0,0,0,0,0,4,0,0,7000,7000,30,237,1318,160,152,190,238,188,130,0,39321,497,378,438,878,575,338,26222,39321
97.501,6,2626,21,84,48,14.76,12.47,0.845,1,0,0,0,39,294,2.384,5,63,133.17,0,0,0,0,0,0,0,0,0,0,0,0,0,0,0,47.88,29,0.43,1,0,0,0,0,0,0,0,0,0,2640,2550,800,800,1090,1400,72,0.297,47.5,14.81,12.17,0,133.17,0,63,21,13.038,358.4,1,0.508,0.508,0.586,2.598,0.918,0.02,0,,,,170,0,0,0,0,0,0,0,0,0,0,4,0,0,7000,7000,30,237,1318,210,150,170,246,168,88,0,39321,502,373,438,865,567,333,26222,39321
97.561,6,2630,21,84,48,14.76,12.47,0.845,1,0,0,0,39,294,2.384,5,63,133.17,0,0,0,0,0,0,0,0,0,0,0,0,0,0,0,47.88,29,0.43,1,0,0,0,0,0,0,0,0,0,2640,2550,800,800,1090,1400,72,0.297,47.5,14.81,12.17,0,133.17,0,63,21,13.038,358.4,1,0.527,0.527,0.586,2.598,0.918,0.02,0,,,,272,0,0,0,0,0,0,0,0,0,0,4,0,0,7000,7000,30,237,1318,188,118,114,272,186,140,0,39321,502,368,430,849,564,335,26222,39321
97.621,6,2631,21,84,48,14.76,12.41,0.841,1,0,0,0,39,294,2.384,5,63,133.17,0,0,0,0,0,0,0,0,0,0,0,0,0,0,0,47.88,29,0.43,1,0,0,0,0,0,0,0,0,0,2640,2550,800,800,1090,1400,72,0.297,47.5,14.81,12.06,0,133.17,0,63,21,13.038,358.4,1,0.527,0.527,0.586,2.598,0.918,0.02,0,,,,132,0,0,0,0,0,0,0,0,0,0,4,0,0,7000,7000,30,237,1318,184,122,126,248,166,132,0,39321,502,365,424,838,550,341,26222,39321
97.681,6,2634,21,84,48,14.76,12.38,0.839,1,0,0,0,39,294,2.376,5,63,132.5,0,0,0,0,0,0,0,0,0,0,0,0,0,0,0,47.65,29,0.43,1,0,0,0,0,0,0,0,0,0,2640,2550,800,800,1090,1400,72,0.297,47.5,14.81,12.0,0,132.5,0,63,21,13.038,358.4,1,0.527,0.527,0.586,2.598,0.918,0.02,0,,,,144,0,0,0,0,0,0,0,0,0,0,4,0,0,7000,7000,30,237,1318,168,144,154,244,216,130,0,39321,502,357,424,825,553,341,26222,39321
97.741,6,2624,21,84,48,14.76,12.38,0.839,1,0,0,0,39,294,2.384,5,63,133.17,0,0,0,0,0,0,0,0,0,0,0,0,0,0,0,47.88,29,0.43,1,0,0,0,0,0,0,0,0,0,2640,2550,800,800,1090,1400,72,0.297,47.5,14.81,11.94,0,133.17,0,63,21,13.038,358.4,1,0.547,0.547,0.586,2.598,0.918,0.02,0,,,,280,0,0,0,0,0,0,0,0,0,0,4,0,0,7000,7000,30,237,1318,162,108,140,280,184,98,0,39321,499,352,421,814,548,335,26222,39321
97.801,6,2615,21,84,48,14.76,12.38,0.839,1,0,0,0,39,294,2.376,5,62,132.5,0,0,0,0,0,0,0,0,0,0,0,0,0,0,0,47.65,29,0.43,1,0,0,0,0,0,0,0,0,0,2600,2550,800,800,1090,1400,72,0.297,47.5,14.81,11.94,0,133.17,0,63,21,13.038,358.4,1,0.508,0.508,0.586,2.598,0.918,0.02,0,,,,92,0,0,0,0,0,0,0,0,0,0,4,0,0,7000,7000,30,237,1318,130,126,116,272,138,92,0,39321,489,352,413,849,568,343,26222,39321
97.861,6,2615,21,84,48,14.76,12.38,0.839,1,0,0,0,39,294,2.376,5,62,132.5,0,0,0,0,0,0,0,0,0,0,0,0,0,0,0,47.65,29,0.43,1,0,0,0,0,0,0,0,0,0,2600,2550,800,800,1090,1400,72,0.297,47.5,14.81,12.0,0,132.5,0,62,21,13.038,358.4,1,0.527,0.527,0.586,2.598,0.918,0.02,0,,,,136,0,0,0,0,0,0,0,0,0,0,4,0,0,7000,7000,30,237,1318,148,136,150,272,188,134,0,39321,503,371,430,843,568,343,26222,39321
97.921,6,2617,21,84,48,14.76,12.38,0.839,1,0,0,0,39,294,2.376,5,62,132.5,0,0,0,0,0,0,0,0,0,0,0,0,0,0,0,47.65,29,0.43,1,0,0,0,0,0,0,0,0,0,2600,2550,800,800,1090,1400,72,0.297,47.5,14.81,11.94,0,132.5,0,62,21,13.038,358.4,1,0.527,0.527,0.586,2.598,0.898,0.02,0,,,,260,0,0,0,0,0,0,0,0,0,0,4,0,0,7000,7000,30,237,1318,160,146,106,260,156,116,0,39321,497,374,421,835,559,343,26222,39321
97.981,6,2616,21,84,48,14.76,12.38,0.839,1,0,0,0,39,294,2.376,5,62,132,0,0,0,0,0,0,0,0,0,0,0,0,0,0,0,47.43,28,0.43,1,0,0,0,0,0,0,0,0,0,2600,2550,800,800,1090,1400,72,0.297,47.5,14.81,12.0,0,132,0,62,21,13.038,358.4,1,0.527,0.527,0.586,2.598,0.898,0.02,0,,,,104,0,0,0,0,0,0,0,0,0,0,4,0,0,7000,7000,30,237,1318,160,152,148,258,172,104,0,39321,495,376,421,829,548,337,26222,39321
98.041,6,2615,21,84,48,14.76,12.38,0.839,1,0,0,0,39,294,2.368,5,62,131.33,0,0,0,0,0,0,0,0,0,0,0,0,0,0,0,47.2,28,0.43,1,0,0,0,0,0,0,0,0,0,2600,2550,800,800,1090,1400,72,0.297,47.5,14.81,12.0,0,131.33,0,62,21,13.038,358.4,1,0.527,0.527,0.586,2.598,0.898,0.02,0,,,,184,0,0,0,0,0,0,0,0,0,0,4,0,0,7000,7000,30,237,1318,184,108,150,258,154,140,0,39321,500,371,421,824,540,340,26222,39321
98.101,5,2608,21,84,48,14.76,12.38,0.839,1,0,0,0,39,294,2.232,4,57,120.67,0,0,0,0,0,0,0,0,0,0,0,0,0,0,0,46.75,28,0.398,1,0,0,0,0,0,0,0,0,0,2600,2550,800,800,1090,1400,72,0.293,47.5,14.81,12.06,0,120.67,0,57,21,13.038,358.4,1,0.488,0.488,0.586,2.598,0.879,0.02,0,,,,172,0,0,0,0,0,0,0,0,0,0,4,0,0,7000,7000,30,237,1318,152,96,172,264,144,122,0,39321,495,354,435,818,531,340,26222,39321
98.161,5,2598,21,84,48,14.76,12.38,0.839,1,0,0,0,39,294,2.224,4,56,120,0,0,0,0,0,0,0,0,0,0,0,0,0,0,0,46.53,27,0.398,1,0,0,0,0,0,0,0,0,0,2600,2550,800,800,1090,1400,72,0.293,47.5,14.81,12.06,0,120,0,56,21,13.038,358.4,1,0.488,0.488,0.586,2.598,0.859,0.02,0,,,,186,0,0,0,0,0,0,0,0,0,0,4,0,0,7000,7000,30,237,1318,202,128,168,264,186,130,0,39321,500,354,438,810,525,340,26222,39321
98.221,5,2581,21,84,48,14.76,12.38,0.839,1,0,0,0,39,294,2.192,4,55,117.67,0,0,0,0,0,0,0,0,0,0,0,0,0,0,0,45.63,27,0.398,1,0,0,0,0,0,0,0,0,0,2600,2550,800,800,1090,1400,72,0.293,47.5,14.81,12.17,0,117.67,0,55,21,13.038,360.96,1,0.488,0.488,0.586,2.598,0.859,0.02,0,,,,232,0,0,0,0,0,0,0,0,0,0,4,0,0,7000,7000,30,237,1318,232,92,190,230,152,112,0,39321,514,348,444,798,520,340,26222,39321
98.281,5,2572,21,84,48,14.76,12.38,0.839,1,0,0,0,39.5,294,2.192,4,54,117.17,0,0,0,0,0,0,0,0,0,0,0,0,0,0,0,45.41,26,0.398,1,0,0,0,0,0,0,0,0,0,2560,2550,800,800,1090,1400,72,0.293,48,14.81,12.12,0,117.17,0,54,21,13.038,360.96,1,0.469,0.469,0.586,2.598,0.859,0.02,0,,,,158,0,0,0,0,0,0,0,0,0,0,4,0,0,7000,7000,30,237,1318,242,114,158,262,130,146,0,39321,523,351,438,793,511,345,26222,39321
98.341,4,2564,21,84,48,14.76,12.38,0.839,1,0,0,0,39.5,294,2.088,4,50,108.83,0,0,0,0,0,0,0,0,0,0,0,0,0,0,0,45.41,26,0.367,1,0,0,0,0,0,0,0,0,0,2560,2550,800,800,1090,1400,72,0.289,48,14.81,12.12,0,108.83,0,50,21,13.038,360.96,1,0.469,0.469,0.586,2.598,0.84,0.02,0,,,,264,0,0,0,0,0,0,0,0,0,0,4,0,0,7000,7000,30,237,1318,256,86,152,264,178,148,0,39321,534,345,435,787,511,351,26222,39321
98.401,4,2597,21,84,48,14.76,12.38,0.839,1,0,0,0,39.5,294,2.064,4,50,107.33,0,0,0,0,0,0,0,0,0,0,0,0,0,0,0,45.18,26,0.367,1,0,0,0,0,0,0,0,0,0,2600,2550,800,800,1090,1400,72,0.289,48,14.81,12.12,0,107.33,0,50,21,13.038,360.96,1,0.449,0.449,0.586,2.598,0.84,0.02,0,,,,128,0,0,0,0,0,0,0,0,0,0,4,0,0,7000,7000,30,237,1318,216,122,162,286,174,128,0,39321,537,345,438,787,509,368,26222,39321
98.461,4,2609,21,84,48,14.76,12.38,0.839,1,0,0,0,39.5,294,2.056,4,50,106.5,0,0,0,0,0,0,0,0,0,0,0,0,0,0,0,44.73,26,0.367,1,0,0,0,0,0,0,0,0,0,2600,2550,800,800,1090,1400,72,0.289,48,14.81,12.06,0,106.5,0,50,21,13.038,360.96,1,0.469,0.469,0.586,2.598,0.84,0.02,0,,,,70,0,0,0,0,0,0,0,0,0,0,4,0,0,7000,7000,30,237,1318,202,70,158,278,182,102,0,39321,534,334,438,787,509,362,26222,39321
98.521,4,2583,21,84,48,14.76,12.38,0.839,1,0,0,0,39.5,294,2.056,4,49,106.33,0,0,0,0,0,0,0,0,0,0,0,0,0,0,0,44.73,26,0.367,1,0,0,0,0,0,0,0,0,0,2600,2550,800,800,1090,1400,72,0.289,48,14.81,12.12,0,106.33,0,49,21,13.038,360.96,1,0.488,0.488,0.586,2.598,0.84,0.02,0,,,,240,0,0,0,0,0,0,0,0,0,0,4,0,0,7000,7000,30,237,1318,246,96,172,240,216,150,0,39321,542,331,452,770,517,365,26222,39321
98.581,4,2564,21,84,48,14.76,12.38,0.839,1,0,0,0,39.5,294,2.056,4,49,106.5,0,0,0,0,0,0,0,0,0,0,0,0,0,0,0,44.73,26,0.367,1,0,0,0,0,0,0,0,0,0,2560,2550,800,800,1090,1400,72,0.289,48,14.81,12.06,0,106.5,0,49,21,13.038,360.96,1,0.449,0.449,0.586,2.598,0.84,0.02,0,,,,168,0,0,0,0,0,0,0,0,0,0,4,0,0,7000,7000,30,237,1318,214,92,118,232,168,122,0,39321,548,326,444,765,514,362,26222,39321
98.641,4,2582,21,84,48,14.76,12.41,0.841,1,0,0,0,39.5,294,2.056,4,49,106.5,0,0,0,0,0,0,0,0,0,0,0,0,0,0,0,44.73,26,0.367,1,0,0,0,0,0,0,0,0,0,2600,2550,800,800,1090,1400,72,0.289,48,14.81,12.12,0,106.5,0,49,21,13.038,360.96,1,0.43,0.43,0.586,2.598,0.84,0.02,0,,,,188,0,0,0,0,0,0,0,0,0,0,4,0,0,7000,7000,30,237,1318,188,70,126,250,162,214,0,39321,545,317,438,759,511,379,26222,39321
98.701,4,2585,21,84,48,14.76,12.41,0.841,1,0,0,0,39.5,294,2.064,4,50,107.17,0,0,0,0,0,0,0,0,0,0,0,0,0,0,0,44.73,26,0.367,1,0,0,0,0,0,0,0,0,0,2600,2550,800,800,1090,1400,72,0.289,48,14.81,12.06,0,107.17,0,50,21,13.038,360.96,1,0.469,0.469,0.586,2.598,0.84,0.02,0,,,,158,0,0,0,0,0,0,0,0,0,0,4,0,0,7000,7000,30,237,1318,216,78,158,280,152,132,0,39321,551,306,444,759,506,379,26222,39321
98.761,5,2570,21,84,48,14.76,12.49,0.847,1,0,0,0,39.5,294,2.184,4,54,116.5,0,0,0,0,0,0,0,0,0,0,0,0,0,0,0,45.18,26,0.398,1,0,0,0,0,0,0,0,0,0,2560,2550,800,800,1090,1400,72,0.293,48,14.81,12.17,0,116.5,0,54,21,13.038,360.96,1,0.469,0.469,0.586,2.598,0.859,0.02,0,,,,238,0,0,0,0,0,0,0,0,0,0,4,0,0,7000,7000,30,237,1318,178,92,126,238,192,106,0,39321,548,303,438,759,506,374,26222,39321
98.821,5,2558,21,84,48,14.76,12.6,0.854,1,0,0,0,39.5,294,2.176,4,53,116,0,0,0,0,0,0,0,0,0,0,0,0,0,0,0,44.96,26,0.398,1,0,0,0,0,0,0,0,0,0,2560,2550,800,800,1090,1400,72,0.293,48,14.81,12.12,0,116,0,53,21,13.038,360.96,1,0.469,0.469,0.586,2.598,0.859,0.02,0,,,,192,0,0,0,0,0,0,0,0,0,0,4,0,0,7000,7000,30,237,1318,186,76,200,278,172,192,0,39321,545,298,447,759,497,399,26222,39321
98.881,5,2551,21,84,48,14.76,12.6,0.854,1,0,0,0,39.5,294,2.176,4,53,116,0,0,0,0,0,0,0,0,0,0,0,0,0,0,0,44.96,26,0.398,1,0,0,0,0,0,0,0,0,0,2560,2550,800,800,1090,1400,72,0.293,48,14.81,12.17,0,116,0,53,21,13.038,360.96,1,0.449,0.449,0.586,2.598,0.859,0.02,0,,,,80,0,0,0,0,0,0,0,0,0,0,4,0,0,7000,7000,30,237,1318,192,80,174,260,176,190,0,39321,548,289,450,759,497,407,26222,39321
98.941,5,2547,21,84,48,14.76,12.69,0.86,1,0,0,0,39.5,294,2.176,4,53,116,0,0,0,0,0,0,0,0,0,0,0,0,0,0,0,44.96,26,0.398,1,0,0,0,0,0,0,0,0,0,2560,2550,800,800,1090,1400,72,0.293,48,14.81,12.29,0,116,0,53,21,13.038,360.96,1,0.488,0.488,0.586,2.598,0.859,0.02,0,,,,176,0,0,0,0,0,0,0,0,0,0,4,0,0,7000,7000,30,237,1318,200,78,176,262,150,134,0,39321,548,286,458,759,492,405,26222,39321
99.001,4,2554,21,84,48,14.76,12.72,0.862,1,0,0,0,39.5,294,2.072,4,49,107.5,0,0,0,0,0,0,0,0,0,0,0,0,0,0,0,45.18,26,0.367,1,0,0,0,0,0,0,0,0,0,2560,2550,800,800,1090,1400,72,0.289,48,14.81,12.29,0,107.5,0,49,21,13.038,360.96,1,0.469,0.469,0.586,2.598,0.84,0.02,0,,,,158,0,0,0,0,0,0,0,0,0,0,4,0,0,7000,7000,30,237,1318,178,86,198,252,158,278,0,39321,545,284,466,753,480,427,26222,39321
99.061,5,2556,21,84,48,14.76,12.69,0.86,1,0,0,0,39.5,294,2.176,4,54,116.33,0,0,0,0,0,0,0,0,0,0,0,0,0,0,0,45.18,26,0.398,1,0,0,0,0,0,0,0,0,0,2560,2550,800,800,1090,1400,72,0.293,48,14.81,12.29,0,116.33,0,54,21,13.038,360.96,1,0.449,0.449,0.586,2.598,0.859,0.02,0,,,,192,0,0,0,0,0,0,0,0,0,0,4,0,0,7000,7000,30,237,1318,192,82,194,252,132,222,0,39321,554,281,469,750,475,452,26222,39321
99.121,5,2553,21,84,48,14.76,12.69,0.86,1,0,0,0,39.5,294,2.176,4,53,116,0,0,0,0,0,0,0,0,0,0,0,0,0,0,0,44.96,26,0.398,1,0,0,0,0,0,0,0,0,0,2560,2550,800,800,1090,1400,72,0.293,48,14.81,12.29,0,116,0,53,21,13.038,360.96,1,0.469,0.469,0.586,2.598,0.859,0.02,0,,,,70,0,0,0,0,0,0,0,0,0,0,4,0,0,7000,7000,30,237,1318,212,70,206,220,138,176,0,39321,556,272,475,742,469,455,26222,39321
99.181,5,2544,21,84,48,14.76,12.63,0.856,1,0,0,0,39.5,294,2.088,4,50,108.83,0,0,0,0,0,0,0,0,0,0,0,0,0,0,0,45.41,26,0.367,1,0,0,0,0,0,0,0,0,0,2560,2540,800,800,1090,1400,72,0.289,48,14.81,12.23,0,108.83,0,50,21,13.038,360.96,1,0.488,0.488,0.586,2.598,0.859,0.02,0,,,,218,0,0,0,0,0,0,0,0,0,0,4,0,0,7000,7000,30,237,1318,174,74,234,218,134,206,0,39321,554,267,486,731,464,464,26222,39321
99.241,4,2541,21,84,48,14.76,12.57,0.852,1,0,0,0,39.5,294,2.168,4,53,115.67,0,0,0,0,0,0,0,0,0,0,0,0,0,0,0,45.18,26,0.398,1,0,0,0,0,0,0,0,0,0,2560,2540,800,800,1090,1400,72,0.293,48,14.81,12.29,0,115.67,0,53,21,13.038,360.96,1,0.469,0.469,0.586,2.617,0.84,0.02,0,,,,162,0,0,0,0,0,0,0,0,0,0,4,0,0,7000,7000,30,237,1318,152,64,180,212,128,162,0,39321,545,261,489,722,452,466,26222,39321
99.301,4,2538,21,84,48,14.76,12.51,0.848,1,0,0,0,39.5,294,2.176,4,53,116,0,0,0,0,0,0,0,0,0,0,0,0,0,0,0,44.96,26,0.398,1,0,0,0,0,0,0,0,0,0,2520,2540,800,800,1090,1400,72,0.293,48,14.81,12.29,0,116,0,53,21,13.038,360.96,1,0.449,0.449,0.586,2.598,0.84,0.02,0,,,,140,0,0,0,0,0,0,0,0,0,0,4,0,0,7000,7000,30,237,1318,140,62,184,206,150,268,0,39321,537,255,489,714,450,486,26222,39321
99.361,4,2536,21,84,48,14.76,12.51,0.848,1,0,0,0,39.5,294,2.184,4,53,116.5,0,0,0,0,0,0,0,0,0,0,0,0,0,0,0,45.18,26,0.398,1,0,0,0,0,0,0,0,0,0,2520,2540,800,800,1090,1400,72,0.293,48,14.81,12.06,0,116.5,0,53,21,13.038,360.96,1,0.449,0.449,0.586,2.598,0.84,0.02,0,,,,138,0,0,0,0,0,0,0,0,0,0,4,0,0,7000,7000,30,237,1318,118,62,138,238,198,206,0,39321,523,247,480,711,455,495,26222,39321
99.421,4,2530,21,84,48,14.76,12.47,0.845,1,0,0,0,39.5,294,2.08,4,49,108.67,0,0,0,0,0,0,0,0,0,0,0,0,0,0,0,45.41,26,0.367,1,0,0,0,0,0,0,0,0,0,2520,2530,800,800,1090,1400,72,0.289,48,14.81,12.23,0,108.67,0,49,21,13.038,360.96,1,0.508,0.508,0.586,2.617,0.84,0.02,0,,,,224,0,0,0,0,0,0,0,0,0,0,4,0,0,7000,7000,30,237,1318,176,100,212,242,224,182,0,39321,523,247,489,703,472,495,26222,39321
99.481,5,2526,21,84,48,14.76,12.44,0.843,1,0,0,0,39.5,294,2.08,4,49,108.17,0,0,0,0,0,0,0,0,0,0,0,0,0,0,0,45.18,26,0.367,1,0,0,0,0,0,0,0,0,0,2520,2530,800,800,1090,1400,72,0.289,48,14.81,12.23,0,108.17,0,49,21,13.038,360.96,1,0.488,0.488,0.586,2.617,0.859,0.02,0,,,,262,0,0,0,0,0,0,0,0,0,0,4,0,0,7000,7000,30,237,1318,196,86,140,196,198,262,0,39321,525,247,480,694,478,528,26222,39321
99.541,5,2525,21,84,48,14.76,12.44,0.843,1,0,0,0,39.5,294,2.064,4,49,107.33,0,0,0,0,0,0,0,0,0,0,0,0,0,0,0,45.18,26,0.367,1,0,0,0,0,0,0,0,0,0,2520,2530,800,800,1090,1400,72,0.289,48,14.81,12.17,0,107.33,0,49,21,13.038,360.96,1,0.488,0.488,0.586,2.617,0.859,0.02,0,,,,74,0,0,0,0,0,0,0,0,0,0,4,0,0,7000,7000,30,237,1318,184,74,230,188,198,258,0,39321,520,244,492,683,483,540,26222,39321
99.601,5,2522,21,84,48,14.76,12.44,0.843,1,0,0,0,39.5,294,2.168,4,53,115.67,0,0,0,0,0,0,0,0,0,0,0,0,0,0,0,45.18,26,0.398,1,0,0,0,0,0,0,0,0,0,2520,2520,800,800,1090,1400,72,0.293,48,14.81,12.17,0,115.67,0,53,21,13.038,360.96,1,0.469,0.469,0.586,2.617,0.859,0.02,0,,,,208,0,0,0,0,0,0,0,0,0,0,4,0,0,7000,7000,30,237,1318,178,52,208,194,158,252,0,39321,520,239,506,675,483,548,26222,39321
99.661,5,2520,21,84,48,14.76,12.44,0.843,1,0,0,0,39.5,294,2.184,4,53,117,0,0,0,0,0,0,0,0,0,0,0,0,0,0,0,45.41,26,0.398,1,0,0,0,0,0,0,0,0,0,2520,2520,800,800,1090,1400,72,0.293,48,14.81,12.17,0,117,0,53,21,13.038,360.96,1,0.449,0.449,0.586,2.617,0.859,0.02,0,,,,180,0,0,0,0,0,0,0,0,0,0,4,0,0,7000,7000,30,237,1318,134,78,238,186,180,250,0,39321,511,239,514,663,483,556,26222,39321
99.721,5,2517,21,84,48,14.76,12.49,0.847,1,0,0,0,39.5,294,2.184,4,53,116.5,0,0,0,0,0,0,0,0,0,0,0,0,0,0,0,45.18,26,0.398,1,0,0,0,0,0,0,0,0,0,2520,2520,800,800,1090,1400,72,0.293,48,14.81,12.17,0,116.5,0,53,21,13.038,360.96,1,0.449,0.449,0.586,2.617,0.859,0.02,0,,,,186,0,0,0,0,0,0,0,0,0,0,4,0,0,7000,7000,30,237,1318,222,52,162,202,158,186,0,39321,520,233,509,658,480,573,26222,39321
99.781,4,2515,21,84,48,14.76,12.49,0.847,1,0,0,0,39.5,294,2.184,4,53,116.5,0,0,0,0,0,0,0,0,0,0,0,0,0,0,0,45.18,26,0.398,1,0,0,0,0,0,0,0,0,0,2520,2520,800,800,1090,1400,72,0.293,48,14.81,12.17,0,116.5,0,53,21,13.038,360.96,1,0.449,0.449,0.586,2.617,0.84,0.02,0,,,,70,0,0,0,0,0,0,0,0,0,0,4,0,0,7000,7000,30,237,1318,204,70,234,210,164,292,0,39321,520,230,520,652,480,587,26222,39321
99.841,5,2507,21,84,48,14.76,12.51,0.848,1,0,0,0,39.5,294,2.08,4,49,108.17,0,0,0,0,0,0,0,0,0,0,0,0,0,0,0,45.18,26,0.367,1,0,0,0,0,0,0,0,0,0,2520,2510,800,800,1090,1400,72,0.289,48,14.81,12.17,0,108.17,0,49,21,13.038,360.96,1,0.488,0.488,0.586,2.617,0.859,0.02,0,,,,200,0,0,0,0,0,0,0,0,0,0,4,0,0,7000,7000,30,237,1318,172,64,200,200,172,186,0,39321,517,227,520,646,480,585,26222,39321
99.901,4,2506,21,84,48,14.76,12.57,0.852,1,0,0,0,39.5,294,2.088,4,49,108.83,0,0,0,0,0,0,0,0,0,0,0,0,0,0,0,45.41,26,0.367,1,0,0,0,0,0,0,0,0,0,2520,2510,800,800,1090,1400,72,0.289,48,14.81,12.17,0,108.83,0,49,21,13.038,360.96,1,0.469,0.469,0.586,2.617,0.84,0.02,0,,,,166,0,0,0,0,0,0,0,0,0,0,4,0,0,7000,7000,30,237,1318,240,52,196,158,166,252,0,39321,525,222,523,624,478,593,26222,39321
99.961,4,2503,21,84,48,14.76,12.57,0.852,1,0,0,0,39.5,294,2.064,4,48,107.33,0,0,0,0,0,0,0,0,0,0,0,0,0,0,0,45.18,26,0.367,1,0,0,0,0,0,0,0,0,0,2520,2500,800,800,1090,1400,72,0.289,48,14.81,12.12,0,107.33,0,48,21,13.038,360.96,1,0.488,0.488,0.586,2.617,0.84,0.02,0,,,,226,0,0,0,0,0,0,0,0,0,0,4,0,0,7000,7000,30,237,1318,226,82,254,166,230,336,0,39321,534,222,534,613,489,599,26222,39321
100.021,5,2492,21,84,48,14.76,12.57,0.852,1,0,0,0,39,294,2.152,4,51,114.17,0,0,0,0,0,0,0,0,0,0,0,0,0,0,0,45.18,26,0.391,1,0,0,0,0,0,0,0,0,0,2480,2490,800,800,1090,1400,72,0.289,47.5,14.81,12.17,0,114.17,0,51,21,13.038,360.96,1,0.469,0.469,0.586,2.617,0.859,0.02,0,,,,70,0,0,0,0,0,0,0,0,0,0,4,0,0,7000,7000,30,237,1318,122,70,188,150,222,168,0,39321,523,216,534,601,497,590,26222,39321
100.081,4,2490,21,84,48,14.76,12.6,0.854,1,0,0,0,39,294,2.072,4,48,107.5,0,0,0,0,0,0,0,0,0,0,0,0,0,0,0,45.18,26,0.367,1,0,0,0,0,0,0,0,0,0,2480,2490,800,800,1090,1400,72,0.285,47.5,14.81,12.23,0,107.5,0,48,21,13.038,360.96,1,0.488,0.488,0.586,2.617,0.84,0.02,0,,,,198,0,0,0,0,0,0,0,0,0,0,4,0,0,7000,7000,30,237,1318,152,66,198,130,188,340,0,39321,517,216,540,587,497,613,26222,39321
100.141,5,2495,21,84,48,14.76,12.66,0.858,1,0,0,0,39,294,2.16,4,51,114.67,0,0,0,0,0,0,0,0,0,0,0,0,0,0,0,45.41,26,0.391,1,0,0,0,0,0,0,0,0,0,2480,2500,800,800,1090,1400,72,0.289,47.5,14.81,12.23,0,114.67,0,51,21,13.038,360.96,1,0.469,0.469,0.586,2.617,0.859,0.02,0,,,,170,0,0,0,0,0,0,0,0,0,0,4,0,0,7000,7000,30,237,1318,198,58,178,158,170,134,0,39321,520,213,537,565,495,599,26222,39321
100.201,5,2488,21,84,48,14.76,12.69,0.86,1,0,0,0,39,294,2.16,4,51,114.83,0,0,0,0,0,0,0,0,0,0,0,0,0,0,0,45.41,26,0.391,1,0,0,0,0,0,0,0,0,0,2480,2490,800,800,1090,1400,72,0.289,47.5,14.81,12.23,0,114.83,0,51,21,13.038,360.96,1,0.449,0.449,0.586,2.617,0.859,0.02,0,,,,172,0,0,0,0,0,0,0,0,0,0,4,0,0,7000,7000,30,237,1318,162,68,192,150,172,172,0,39321,514,213,537,556,492,601,26222,39321
100.261,5,2487,21,84,48,14.76,12.69,0.86,1,0,0,0,39,294,2.152,4,51,114.33,0,0,0,0,0,0,0,0,0,0,0,0,0,0,0,45.18,26,0.391,1,0,0,0,0,0,0,0,0,0,2480,2490,800,800,1090,1400,72,0.289,47.5,14.81,12.29,0,114.33,0,51,21,13.038,360.96,1,0.449,0.449,0.586,2.617,0.859,0.02,0,,,,68,0,0,0,0,0,0,0,0,0,0,4,0,0,7000,7000,30,237,1318,208,68,190,148,196,312,0,39321,517,208,537,548,495,618,26222,39321
100.321,5,2485,21,84,48,14.76,12.72,0.862,1,0,0,0,39,294,2.152,4,51,114.33,0,0,0,0,0,0,0,0,0,0,0,0,0,0,0,45.18,26,0.391,1,0,0,0,0,0,0,0,0,0,2480,2490,800,800,1090,1400,72,0.289,47.5,14.81,12.35,0,114.33,0,51,21,13.038,360.96,1,0.469,0.469,0.586,2.617,0.859,0.02,0,,,,200,0,0,0,0,0,0,0,0,0,0,4,0,0,7000,7000,30,237,1318,100,68,200,128,122,130,0,39321,503,208,540,534,486,601,26222,39321
100.381,5,2482,21,84,48,14.76,12.79,0.867,1,0,0,0,39,294,2.168,4,52,115.33,0,0,0,0,0,0,0,0,0,0,0,0,0,0,0,45.63,27,0.391,1,0,0,0,0,0,0,0,0,0,2480,2480,800,800,1090,1400,72,0.289,47.5,14.81,12.35,0,115.33,0,52,21,13.038,360.96,1,0.449,0.449,0.586,2.617,0.859,0.02,0,,,,182,0,0,0,0,0,0,0,0,0,0,4,0,0,7000,7000,30,237,1318,230,74,200,156,182,150,0,39321,511,208,542,525,486,590,26222,39321
100.441,5,2474,21,84,47,14.76,12.82,0.869,1,0,0,0,39,294,2.16,4,51,114.83,0,0,0,0,0,0,0,0,0,0,0,0,0,0,0,45.41,26,0.391,1,0,0,0,0,0,0,0,0,0,2480,2470,800,800,1090,1400,72,0.289,47.5,14.81,12.46,0,114.83,0,51,21,13.038,360.96,1,0.469,0.469,0.586,2.617,0.859,0.02,0,,,,126,0,0,0,0,0,0,0,0,0,0,4,0,0,7000,7000,30,237,1318,132,58,224,172,168,126,0,39321,503,205,548,523,483,585,26222,39321
100.501,5,2481,21,84,47,14.76,12.82,0.869,1,0,0,0,39,294,2.16,4,51,114.83,0,0,0,0,0,0,0,0,0,0,0,0,0,0,0,45.41,26,0.391,1,0,0,0,0,0,0,0,0,0,2480,2480,800,800,1090,1400,72,0.289,47.5,14.81,12.52,0,114.83,0,51,21,13.038,360.96,1,0.488,0.488,0.586,2.617,0.859,0.02,0,,,,66,0,0,0,0,0,0,0,0,0,0,4,0,0,7000,7000,30,237,1318,186,66,202,210,98,238,0,39321,511,199,551,525,472,590,26222,39321
100.561,5,2476,21,84,47,14.76,12.82,0.869,1,0,0,0,39,294,2.16,4,51,114.83,0,0,0,0,0,0,0,0,0,0,0,0,0,0,0,45.41,26,0.391,1,0,0,0,0,0,0,0,0,0,2480,2480,800,800,1090,1400,72,0.289,47.5,14.81,12.58,0,114.83,0,51,21,13.038,360.96,1,0.488,0.488,0.586,2.617,0.859,0.02,0,,,,206,0,0,0,0,0,0,0,0,0,0,4,0,0,7000,7000,30,237,1318,212,56,206,168,114,184,0,39321,517,196,554,523,461,587,26222,39321
100.621,5,2472,21,84,47,14.76,12.82,0.869,1,0,0,0,39,294,2.168,4,51,115.33,0,0,0,0,0,0,0,0,0,0,0,0,0,0,0,45.63,27,0.391,1,0,0,0,0,0,0,0,0,0,2480,2470,800,800,1090,1400,72,0.289,47.5,14.81,12.58,0,115.33,0,51,21,13.038,360.96,1,0.508,0.508,0.586,2.617,0.859,0.02,0,,,,108,0,0,0,0,0,0,0,0,0,0,4,0,0,7000,7000,30,237,1318,158,80,150,124,108,324,0,39321,514,196,545,509,441,607,26222,39321
100.681,5,2466,21,84,47,14.76,12.82,0.869,1,0,0,0,39,294,2.16,4,51,114.83,0,0,0,0,0,0,0,0,0,0,0,0,0,0,0,45.41,26,0.391,1,0,0,0,0,0,0,0,0,0,2480,2470,800,800,1090,1400,72,0.289,47.5,14.81,12.52,0,114.83,0,51,21,13.038,360.96,1,0.449,0.449,0.586,2.617,0.859,0.02,0,,,,262,0,0,0,0,0,0,0,0,0,0,4,0,0,7000,7000,30,237,1318,208,80,190,164,102,262,0,39321,517,199,545,506,430,604,26222,39321
100.741,5,2466,21,84,47,14.76,12.79,0.867,1,0,0,0,39,294,2.16,4,51,114.83,0,0,0,0,0,0,0,0,0,0,0,0,0,0,0,45.41,26,0.391,1,0,0,0,0,0,0,0,0,0,2480,2470,800,800,1090,1400,72,0.289,47.5,14.81,12.52,0,114.83,0,51,21,13.038,360.96,1,0.469,0.469,0.586,2.617,0.859,0.02,0,,,,290,0,0,0,0,0,0,0,0,0,0,4,0,0,7000,7000,30,237,1318,290,88,160,176,110,124,0,39321,534,202,540,506,421,587,26222,39321
100.801,5,2467,21,84,47,14.76,12.79,0.867,1,0,0,0,39,294,2.16,4,51,114.83,0,0,0,0,0,0,0,0,0,0,0,0,0,0,0,45.41,26,0.391,1,0,0,0,0,0,0,0,0,0,2480,2470,800,800,1090,1400,72,0.289,47.5,14.81,12.46,0,114.83,0,51,21,13.038,360.96,1,0.469,0.469,0.586,2.617,0.859,0.02,0,,,,172,0,0,0,0,0,0,0,0,0,0,4,0,0,7000,7000,30,237,1318,110,78,172,166,86,240,0,39321,520,199,540,503,410,593,26222,39321
100.861,5,2465,21,84,47,14.76,12.79,0.867,1,0,0,0,39,294,2.168,4,51,115.33,0,0,0,0,0,0,0,0,0,0,0,0,0,0,0,45.63,27,0.391,1,0,0,0,0,0,0,0,0,0,2480,2470,800,800,1090,1400,72,0.289,47.5,14.81,12.46,0,115.33,0,51,21,13.038,360.96,1,0.488,0.488,0.586,2.617,0.859,0.02,0,,,,150,0,0,0,0,0,0,0,0,0,0,4,0,0,7000,7000,30,237,1318,242,76,232,150,126,192,0,39321,528,202,545,497,407,590,26222,39321
100.921,5,2472,21,84,47,14.76,12.79,0.867,1,0,0,0,39,294,2.168,4,51,115.33,0,0,0,0,0,0,0,0,0,0,0,0,0,0,0,45.63,27,0.391,1,0,0,0,0,0,0,0,0,0,2480,2470,800,800,1090,1400,72,0.289,47.5,14.81,12.46,0,115.33,0,51,21,13.038,360.96,1,0.508,0.508,0.586,2.617,0.859,0.02,0,,,,208,0,0,0,0,0,0,0,0,0,0,4,0,0,7000,7000,30,237,1318,136,94,188,182,84,208,0,39321,517,208,542,500,385,607,26222,39321
100.981,5,2459,21,84,47,14.76,12.79,0.867,1,0,0,0,39,294,2.168,4,51,115.33,0,0,0,0,0,0,0,0,0,0,0,0,0,0,0,45.63,27,0.391,1,0,0,0,0,0,0,0,0,0,2440,2460,800,800,1090,1400,72,0.289,47.5,14.81,12.4,0,115.33,0,51,21,13.038,360.96,1,0.449,0.449,0.586,2.617,0.859,0.02,0,,,,110,0,0,0,0,0,0,0,0,0,0,4,0,0,7000,7000,30,237,1318,110,76,216,154,92,234,0,39321,517,208,548,495,379,610,26222,39321
101.041,5,2450,21,84,47,14.76,12.79,0.867,1,0,0,0,39,294,2.168,4,51,115.33,0,0,0,0,0,0,0,0,0,0,0,0,0,0,0,45.63,27,0.391,1,0,0,0,0,0,0,0,0,0,2440,2450,800,800,1090,1400,72,0.289,47.5,14.81,12.35,0,115.33,0,51,21,13.038,360.96,1,0.469,0.469,0.586,2.617,0.859,0.02,0,,,,110,0,0,0,0,0,0,0,0,0,0,4,0,0,7000,7000,30,237,1318,282,110,230,168,110,274,0,39321,534,216,554,495,374,621,26222,39321
101.101,5,2447,21,84,47,14.76,12.82,0.869,1,0,0,0,39,294,2.168,4,51,115.33,0,0,0,0,0,0,0,0,0,0,0,0,0,0,0,45.63,27,0.391,1,0,0,0,0,0,0,0,0,0,2440,2450,800,800,1090,1400,72,0.289,47.5,14.81,12.4,0,115.33,0,51,21,13.038,360.96,1,0.488,0.488,0.586,2.617,0.859,0.02,0,,,,166,0,0,0,0,0,0,0,0,0,0,4,0,0,7000,7000,30,237,1318,110,106,192,166,130,216,0,39321,520,222,551,492,371,621,26222,39321
101.161,5,2449,21,84,47,14.76,12.82,0.869,1,0,0,0,39,294,2.176,4,51,115.83,0,0,0,0,0,0,0,0,0,0,0,0,0,0,0,45.86,27,0.391,1,0,0,0,0,0,0,0,0,0,2440,2450,800,800,1090,1400,72,0.289,47.5,14.81,12.4,0,115.83,0,51,21,13.038,360.96,1,0.488,0.488,0.586,2.617,0.859,0.02,0,,,,112,0,0,0,0,0,0,0,0,0,0,4,0,0,7000,7000,30,237,1318,298,108,148,190,112,164,0,39321,540,227,542,495,362,610,26222,39321
101.221,5,2446,21,84,47,14.76,12.85,0.871,1,0,0,0,39,294,2.176,4,51,115.83,0,0,0,0,0,0,0,0,0,0,0,0,0,0,0,45.86,27,0.391,1,0,0,0,0,0,0,0,0,0,2440,2450,800,800,1090,1400,72,0.289,47.5,14.81,12.4,0,115.83,0,51,21,13.038,360.96,1,0.449,0.449,0.586,2.617,0.859,0.02,0,,,,234,0,0,0,0,0,0,0,0,0,0,4,0,0,7000,7000,30,237,1318,108,100,174,192,112,234,0,39321,525,230,540,497,360,627,26222,39321
101.281,5,2442,21,84,47,14.76,12.88,0.873,1,0,0,0,39,294,2.168,4,51,115.5,0,0,0,0,0,0,0,0,0,0,0,0,0,0,0,45.63,27,0.391,1,0,0,0,0,0,0,0,0,0,2440,2440,800,800,1090,1400,72,0.289,47.5,14.81,12.46,0,115.5,0,51,21,13.038,360.96,1,0.488,0.488,0.586,2.617,0.859,0.02,0,,,,120,0,0,0,0,0,0,0,0,0,0,4,0,0,7000,7000,30,237,1318,138,120,166,186,112,138,0,39321,528,239,537,497,357,613,26222,39321
101.341,5,2439,21,84,47,14.76,12.88,0.873,1,0,0,0,39,294,2.168,4,51,115.33,0,0,0,0,0,0,0,0,0,0,0,0,0,0,0,45.63,27,0.391,1,0,0,0,0,0,0,0,0,0,2440,2440,800,800,1090,1400,72,0.289,47.5,14.81,12.52,0,115.33,0,51,21,13.038,360.96,1,0.488,0.488,0.586,2.617,0.859,0.02,0,,,,126,0,0,0,0,0,0,0,0,0,0,4,0,0,7000,7000,30,237,1318,280,104,126,194,98,250,0,39321,545,241,517,500,351,618,26222,39321
101.401,5,2441,21,84,47,14.76,12.88,0.873,1,0,0,0,39,294,2.176,4,51,116,0,0,0,0,0,0,0,0,0,0,0,0,0,0,0,45.86,27,0.391,1,0,0,0,0,0,0,0,0,0,2440,2440,800,800,1090,1400,72,0.289,47.5,14.81,12.46,0,116,0,51,21,13.038,360.96,1,0.469,0.469,0.586,2.617,0.859,0.02,0,,,,248,0,0,0,0,0,0,0,0,0,0,4,0,0,7000,7000,30,237,1318,146,104,136,248,134,146,0,39321,537,244,509,514,354,604,26222,39321
101.461,5,2436,21,84,47,14.76,12.88,0.873,1,0,0,0,39,294,2.176,4,51,116,0,0,0,0,0,0,0,0,0,0,0,0,0,0,0,45.86,27,0.391,1,0,0,0,0,0,0,0,0,0,2440,2440,800,800,1090,1400,72,0.289,47.5,14.81,12.52,0,116,0,51,21,13.038,360.96,1,0.508,0.508,0.586,2.617,0.859,0.02,0,,,,210,0,0,0,0,0,0,0,0,0,0,4,0,0,7000,7000,30,237,1318,316,138,144,240,110,210,0,39321,559,253,503,525,348,590,26222,39321
101.521,5,2427,21,84,47,14.76,12.91,0.875,1,0,0,0,39,294,2.176,4,51,116,0,0,0,0,0,0,0,0,0,0,0,0,0,0,0,45.86,27,0.391,1,0,0,0,0,0,0,0,0,0,2440,2430,800,800,1090,1400,72,0.289,47.5,14.81,12.52,0,116,0,51,21,13.038,360.96,1,0.449,0.449,0.586,2.617,0.859,0.02,0,,,,260,0,0,0,0,0,0,0,0,0,0,4,0,0,7000,7000,30,237,1318,260,132,162,232,134,298,0,39321,568,258,500,534,351,604,26222,39321
101.581,5,2420,21,84,47,14.76,12.91,0.875,1,0,0,0,39,294,2.176,4,51,116,0,0,0,0,0,0,0,0,0,0,0,0,0,0,0,45.86,27,0.391,1,0,0,0,0,0,0,0,0,0,2440,2420,800,800,1090,1400,72,0.289,47.5,14.81,12.75,0,116,0,51,21,13.038,360.96,1,0.469,0.469,0.586,2.617,0.859,0.02,0,,,,136,0,0,0,0,0,0,0,0,0,0,4,0,0,7000,7000,30,237,1318,258,136,154,200,112,246,0,39321,579,267,497,534,348,610,26222,39321
101.641,5,2417,21,84,47,14.7,12.91,0.878,1,0,0,0,38.5,294,2.184,4,50,116,0,0,0,0,0,0,0,0,0,0,0,0,0,0,0,45.86,27,0.391,1,0,0,0,0,0,0,0,0,0,2400,2420,800,800,1090,1400,72,0.289,47,14.76,12.63,0,116,0,50,21,13.038,360.96,1,0.508,0.508,0.586,2.637,0.859,0.02,0,,,,148,0,0,0,0,0,0,0,0,0,0,4,0,0,7000,7000,30,237,1318,254,136,148,190,122,146,0,39321,587,275,489,534,345,599,26222,39321
101.701,4,2409,21,84,47,14.7,12.97,0.882,1,0,0,0,38.5,294,2.184,4,50,116,0,0,0,0,0,0,0,0,0,0,0,0,0,0,0,45.86,27,0.391,1,0,0,0,0,0,0,0,0,0,2400,2410,800,800,1090,1400,72,0.289,47,14.76,12.75,0,116,0,50,21,13.038,360.96,1,0.488,0.488,0.586,2.637,0.84,0.02,0,,,,112,0,0,0,0,0,0,0,0,0,0,4,0,0,7000,7000,30,237,1318,234,118,134,216,112,280,0,39321,590,281,480,540,343,610,26222,39321
101.761,5,2416,21,84,47,14.7,12.97,0.882,1,0,0,0,38.5,294,2.104,4,48,109.67,0,0,0,0,0,0,0,0,0,0,0,0,0,0,0,45.86,27,0.367,1,0,0,0,0,0,0,0,0,0,2400,2420,800,800,1090,1400,72,0.285,47,14.76,12.75,0,109.67,0,48,21,13.038,360.96,1,0.469,0.469,0.586,2.637,0.859,0.02,0,,,,210,0,0,0,0,0,0,0,0,0,0,4,0,0,7000,7000,30,237,1318,222,122,146,260,128,210,0,39321,593,284,478,551,343,601,26222,39321
101.821,5,2410,21,84,47,14.7,12.97,0.882,1,0,0,0,38.5,294,2.176,4,50,115.5,0,0,0,0,0,0,0,0,0,0,0,0,0,0,0,45.63,27,0.391,1,0,0,0,0,0,0,0,0,0,2400,2410,800,800,1090,1400,72,0.289,47,14.76,12.69,0,115.5,0,50,21,13.038,360.96,1,0.488,0.488,0.586,2.637,0.859,0.02,0,,,,262,0,0,0,0,0,0,0,0,0,0,4,0,0,7000,7000,30,237,1318,262,106,166,210,102,178,0,39321,604,284,478,554,337,596,26222,39321
101.881,5,2402,21,84,47,14.7,12.97,0.882,1,0,0,0,38.5,294,2.176,4,50,115.33,0,0,0,0,0,0,0,0,0,0,0,0,0,0,0,45.63,27,0.391,1,0,0,0,0,0,0,0,0,0,2400,2400,800,800,1090,1400,72,0.289,47,14.76,12.63,0,115.33,0,50,21,13.038,360.96,1,0.469,0.469,0.586,2.637,0.859,0.02,0,,,,152,0,0,0,0,0,0,0,0,0,0,4,0,0,7000,7000,30,237,1318,242,152,150,236,96,216,0,39321,610,298,475,559,334,596,26222,39321
101.941,4,2411,21,84,47,14.7,12.98,0.883,1,0,0,0,38.5,294,2.168,4,50,114.67,0,0,0,0,0,0,0,0,0,0,0,0,0,0,0,45.63,27,0.391,1,0,0,0,0,0,0,0,0,0,2400,2410,800,800,1090,1400,72,0.289,47,14.76,12.63,0,114.67,0,50,21,13.038,360.96,1,0.508,0.508,0.586,2.637,0.84,0.02,0,,,,228,0,0,0,0,0,0,0,0,0,0,4,0,0,7000,7000,30,237,1318,248,120,166,228,120,138,0,39321,615,300,475,568,334,582,26222,39321
102.001,4,2422,21,84,47,14.76,13.01,0.882,1,0,0,0,39,294,2.088,4,48,109,0,0,0,0,0,0,0,0,0,0,0,0,0,0,0,45.86,27,0.367,1,0,0,0,0,0,0,0,0,0,2440,2420,800,800,1090,1400,72,0.285,47.5,14.81,12.75,0,109,0,48,21,13.038,360.96,1,0.449,0.449,0.586,2.637,0.84,0.02,0,,,,90,0,0,0,0,0,0,0,0,0,0,4,0,0,7000,7000,30,237,1318,232,144,164,234,90,224,0,39321,618,309,472,573,326,585,26222,39321
102.061,2,2413,21,84,47,14.7,13.01,0.885,1,0,0,0,39,294,1.976,3,43,99.17,0,0,0,0,0,0,0,0,0,0,0,0,0,0,0,44.51,25,0.344,1,0,0,0,0,0,0,0,0,0,2400,2410,800,800,1090,1400,72,0.273,47.5,14.76,12.63,0,94.5,0,41,21,13.038,360.96,1,0.449,0.449,0.586,2.637,0.762,0.02,0,,,,258,0,0,0,0,0,0,0,0,0,0,4,0,0,7000,7000,30,237,1318,214,142,138,242,102,258,0,39321,615,315,466,582,323,587,26222,39321
102.121,1,2384,21,84,47,14.76,13.04,0.884,1,0,0,0,37.5,294,1.88,3,38,88.5,0,0,0,0,0,0,0,0,0,0,0,0,0,0,1,42.26,23,0.289,1,0,0,0,0,0,0,0,0,0,2400,2380,800,800,1090,1400,72,0.273,47.5,14.81,12.63,0,88.5,0,38,21,13.038,363.52,1,0.391,0.391,0.586,2.637,0.703,0.02,0,,,,316,0,0,0,0,0,0,0,0,0,0,4,0,0,7000,7000,31,237,1318,316,108,190,240,132,164,0,39321,630,312,472,587,326,579,26222,39321
102.181,0,2387,21,84,47,14.76,13.07,0.886,1,0,0,0,36,294,1.84,3,37,85.5,0,0,0,0,0,0,0,0,0,0,0,0,0,0,1,41.13,22,0.25,1,0,0,0,0,0,0,0,0,0,2400,2390,800,800,1090,1400,73,0.27,48,14.81,12.58,0,85.5,0,37,21,13.038,363.52,1,0.391,0.391,0.586,2.637,0.684,0.02,0,,,,164,0,0,0,0,0,0,0,0,0,0,4,0,0,7000,7000,31,237,1318,174,164,158,266,148,200,0,39321,621,326,472,596,331,579,26222,39321
102.241,0,2396,21,84,47,14.76,13.07,0.886,1,0,0,0,34.5,294,1.824,3,36,84.5,0,0,0,0,0,0,0,0,0,0,0,0,0,0,1,40.46,21,0.25,1,0,0,0,0,0,0,0,0,0,2400,2400,800,800,1090,1400,73,0.27,48,14.81,12.69,0,84.5,0,36,21,13.038,366.08,1,0.391,0.391,0.586,2.637,0.684,0.02,0,,,,246,0,0,0,0,0,0,0,0,0,0,4,0,0,7000,7000,31,237,1318,220,186,188,246,154,132,0,39321,618,340,475,604,337,568,26222,39321
102.301,0,2377,21,84,47,14.76,13.19,0.894,1,0,0,0,33,294,1.832,3,36,85.17,0,0,0,0,0,0,0,0,0,0,0,0,0,0,1,40.91,21,0.25,1,0,0,0,0,0,0,0,0,0,2360,2380,800,800,1090,1400,73,0.27,47.5,14.81,12.81,0,85.17,0,36,21,13.038,366.08,1,0.352,0.352,0.586,2.637,0.684,0.02,0,,,,136,0,0,0,0,0,0,0,0,0,0,4,0,0,7000,7000,31,237,1318,206,154,156,236,136,208,0,39321,615,345,472,607,343,570,26222,39321
102.361,0,2376,21,84,47,14.76,13.35,0.904,1,0,0,0,31.5,294,1.84,3,36,85.17,0,0,0,0,0,0,0,0,0,0,0,0,0,0,1,40.91,21,0.25,1,0,0,0,0,0,0,0,0,0,2360,2380,800,800,1090,1400,73,0.27,47.5,14.81,12.92,0,85.17,0,36,21,13.038,366.08,1,0.352,0.352,0.586,2.637,0.684,0.02,0,,,,128,0,0,0,0,0,0,0,0,0,0,4,0,0,7000,7000,31,237,1318,224,136,186,262,124,128,0,39321,615,348,475,615,343,548,26222,39321
102.421,0,2375,21,84,47,14.76,13.69,0.927,1,0,0,0,30,294,1.832,3,36,84.83,0,0,0,0,0,0,0,0,0,0,0,0,0,0,1,40.68,21,0.25,1,0,0,0,0,0,0,0,0,0,2360,2380,800,800,1090,1400,73,0.27,47.5,14.81,13.03,0,84.83,0,36,21,13.038,366.08,1,0.371,0.371,0.586,2.637,0.684,0.02,0,,,,296,0,0,0,0,0,0,0,0,0,0,4,0,0,7000,7000,31,237,1318,296,158,200,234,148,230,0,39321,635,354,480,618,345,554,26222,39321
102.481,0,2370,22,84,47,14.76,13.69,0.927,1,0,0,0,28.5,294,1.856,3,37,86.5,0,0,0,0,0,0,0,0,0,0,0,0,0,0,1,40.46,21,0.25,1,0,0,0,0,0,0,0,0,0,2360,2370,800,800,1090,1400,73,0.27,47.5,14.81,13.38,0,86.5,0,37,22,13.038,366.08,1,0.371,0.371,0.586,2.637,0.684,0.02,0,,,,144,0,0,0,0,0,0,0,0,0,0,4,0,0,7000,7000,31,237,1318,226,144,172,196,108,172,0,39321,635,357,480,613,343,551,26222,39321
102.541,0,2368,22,84,47,14.76,13.72,0.929,1,0,0,0,27,294,1.856,3,37,86.5,0,0,0,0,0,0,0,0,0,0,0,0,0,0,1,40.46,21,0.25,1,0,0,0,0,0,0,0,0,0,2360,2370,800,800,1090,1400,73,0.27,47.5,14.81,13.32,0,86.5,0,37,22,13.038,366.08,1,0.352,0.352,0.586,2.637,0.684,0.02,0,,,,176,0,0,0,0,0,0,0,0,0,0,4,0,0,7000,7000,31,237,1318,236,140,176,202,86,110,0,39321,638,357,489,610,334,537,26222,39321
102.601,0,2361,22,84,47,14.76,13.57,0.919,1,0,0,0,25.5,294,1.864,3,37,87.17,0,0,0,0,0,0,0,0,0,0,0,0,0,0,1,40.91,21,0.25,1,0,0,0,0,0,0,0,0,0,2360,2360,800,800,1090,1400,73,0.27,47.5,14.81,13.32,0,87.17,0,37,22,13.038,366.08,1,0.371,0.371,0.586,2.637,0.684,0.02,0,,,,194,0,0,0,0,0,0,0,0,0,0,4,0,0,7000,7000,31,237,1318,240,136,186,194,120,118,0,39321,641,357,492,607,334,523,26222,39321
102.661,1,2339,22,84,47,14.7,13.69,0.931,1,0,0,0,24,294,1.864,3,37,87.17,0,0,0,0,0,0,0,0,0,0,0,0,0,0,1,40.91,21,0.25,1,0,0,0,0,0,0,0,0,0,2320,2340,800,800,1090,1400,73,0.27,47.5,14.76,13.32,0,87.17,0,37,22,13.038,366.08,1,0.371,0.371,0.586,2.637,0.703,0.02,0,,,,134,0,0,0,0,0,0,0,0,0,0,4,0,0,7000,7000,31,237,1318,312,160,144,208,134,104,0,39321,655,362,486,607,334,509,26222,39321
102.721,0,2339,22,84,47,14.7,13.69,0.931,1,0,0,0,22.5,294,1.872,3,37,87.17,0,0,0,0,0,0,0,0,0,0,0,0,0,0,1,40.91,21,0.25,1,0,0,0,0,0,0,0,0,0,2320,2340,800,800,1090,1400,73,0.27,47.5,14.76,13.38,0,87.17,0,37,22,13.038,366.08,1,0.371,0.371,0.586,2.637,0.684,0.02,0,,,,204,0,0,0,0,0,0,0,0,0,0,4,0,0,7000,7000,31,237,1318,262,114,108,156,146,204,0,39321,658,362,472,599,337,514,26222,39321
102.781,0,2339,22,84,47,14.7,13.72,0.933,1,0,0,0,21,294,1.864,3,37,86.83,0,0,0,0,0,0,0,0,0,0,0,0,0,0,1,40.68,21,0.25,1,0,0,0,0,0,0,0,0,0,2320,2340,800,800,1090,1400,73,0.27,47.5,14.76,13.44,0,86.83,0,37,22,13.038,366.08,1,0.391,0.391,0.586,2.637,0.684,0.02,0,,,,224,0,0,0,0,0,0,0,0,0,0,4,0,0,7000,7000,31,237,1318,224,96,142,158,118,172,0,39321,655,357,469,587,337,514,26222,39321
102.841,0,2320,22,84,47,14.7,13.54,0.921,1,0,0,0,21,294,1.872,3,36,87.17,0,0,0,0,0,0,0,0,0,0,0,0,0,0,1,40.91,21,0.25,1,0,0,0,0,0,0,0,0,0,2320,2320,800,800,1090,1400,73,0.27,47.5,14.76,13.49,0,87.17,0,36,22,13.038,366.08,1,0.391,0.391,0.586,2.637,0.684,0.02,0,,,,114,0,0,0,0,0,0,0,0,0,0,4,0,0,7000,7000,31,237,1318,218,114,152,196,110,170,0,39321,652,351,466,587,334,511,26222,39321
102.901,1,2318,22,84,47,14.7,13.38,0.91,1,0,0,0,21,294,1.864,3,36,86.5,0,0,0,0,0,0,0,0,0,0,0,0,0,0,1,40.68,21,0.289,1,0,0,0,0,0,0,0,0,0,2320,2320,800,800,1090,1400,73,0.27,47.5,14.76,13.21,0,86.5,0,36,22,13.038,366.08,1,0.391,0.391,0.586,2.637,0.703,0.02,0,,,,132,0,0,0,0,0,0,0,0,0,0,4,0,0,7000,7000,31,237,1318,250,118,132,204,104,196,0,39321,655,351,461,585,331,514,26222,39321
102.961,1,2327,22,84,47,14.7,13.38,0.91,1,0,0,0,21,294,1.872,3,37,87.33,0,0,0,0,0,0,0,0,0,0,0,0,0,0,1,41.13,22,0.289,1,0,0,0,0,0,0,0,0,0,2320,2330,800,800,1090,1400,73,0.27,47.5,14.76,13.09,0,87.33,0,37,22,13.038,363.52,1,0.371,0.371,0.586,2.637,0.703,0.02,0,,,,210,0,0,0,0,0,0,0,0,0,0,4,0,0,7000,7000,31,237,1318,230,128,142,210,82,224,0,39321,655,351,455,579,323,523,26222,39321
103.021,1,2313,22,84,47,14.7,13.32,0.906,1,0,0,0,21,294,1.872,3,36,87.33,0,0,0,0,0,0,0,0,0,0,0,0,0,0,1,41.13,22,0.289,1,0,0,0,0,0,0,0,0,0,2320,2320,800,800,1090,1400,73,0.27,47.5,14.76,13.09,0,87.33,0,36,22,13.038,363.52,1,0.371,0.371,0.586,2.637,0.703,0.02,0,,,,118,0,0,0,0,0,0,0,0,0,0,4,0,0,7000,7000,31,237,1318,246,118,122,122,118,196,0,39321,655,351,447,565,320,525,26222,39321
103.081,1,2306,22,84,47,14.7,13.26,0.902,1,0,0,0,21,294,1.872,3,36,87.33,0,0,0,0,0,0,0,0,0,0,0,0,0,0,1,41.13,22,0.289,1,0,0,0,0,0,0,0,0,0,2320,2310,800,800,1090,1400,73,0.27,47.5,14.76,13.03,0,87.33,0,36,22,13.038,363.52,1,0.371,0.371,0.586,2.637,0.703,0.02,0,,,,202,0,0,0,0,0,0,0,0,0,0,4,0,0,7000,7000,31,237,1318,248,112,134,150,98,202,0,39321,658,348,444,554,317,528,26222,39321
103.141,1,2299,22,84,47,14.7,13.26,0.902,1,0,0,0,21,294,1.872,3,36,86.83,0,0,0,0,0,0,0,0,0,0,0,0,0,0,1,40.91,21,0.289,1,0,0,0,0,0,0,0,0,0,2280,2300,800,800,1090,1400,73,0.27,47,14.76,12.92,0,86.83,0,36,22,13.038,366.08,1,0.391,0.391,0.586,2.637,0.703,0.02,0,,,,232,0,0,0,0,0,0,0,0,0,0,4,0,0,7000,7000,31,237,1318,232,114,118,160,98,196,0,39321,652,348,435,548,315,528,26222,39321
103.201,1,2292,22,84,47,14.7,13.19,0.897,1,0,0,0,21,294,1.88,3,36,87.33,0,0,0,0,0,0,0,0,0,0,0,0,0,0,1,41.13,22,0.289,1,0,0,0,0,0,0,0,0,0,2280,2290,800,800,1090,1400,73,0.27,47,14.76,12.81,0,87.33,0,36,22,13.038,363.52,1,0.391,0.391,0.586,2.637,0.703,0.02,0,,,,108,0,0,0,0,0,0,0,0,0,0,4,0,0,7000,7000,31,237,1318,194,108,108,156,120,218,0,39321,646,340,427,542,317,531,26222,39321
103.261,1,2274,22,84,47,14.7,13.07,0.889,1,0,0,0,21,294,1.88,3,36,87.33,0,0,0,0,0,0,0,1,0,0,0,0,0,0,2,41.13,22,0.289,1,0,0,0,0,0,0,0,0,0,2280,2270,800,800,1090,1400,73,0.27,47,14.76,12.63,0,87.33,0,36,21,13.038,363.52,1,0.391,0.391,0.586,2.637,0.703,0.02,0,,,,130,0,0,0,0,0,0,0,0,0,0,4,0,0,7000,7000,31,237,1318,222,112,130,134,70,176,0,39321,646,337,419,531,309,528,26222,39321
103.321,1,2272,21,84,47,14.7,12.98,0.883,1,0,0,0,21,294,0,0,35,86.33,0,0,0,0,0,0,0,1,0,0,0,0,0,0,2,41.13,22,0.289,1,0,0,0,0,0,0,0,0,0,2280,2270,800,800,1090,1400,73,0.27,47,14.76,12.63,0,86.33,0,35,21,13.038,363.52,1,0.391,0.391,0.586,2.637,0.703,0.02,0,,,,136,0,0,0,0,0,0,0,0,0,0,4,0,0,7000,7000,31,237,1318,200,140,114,136,96,118,0,39321,641,340,413,511,306,517,26222,39321
103.381,1,2264,21,84,47,14.7,12.98,0.883,1,0,0,0,21,294,0,0,36,87.17,0,0,0,0,0,0,0,1,0,0,0,0,0,0,2,41.58,22,0.289,1,0,0,0,0,0,0,0,0,0,2280,2260,800,800,1090,1400,73,0.27,47,14.76,12.52,0,87.17,0,36,21,13.038,363.52,1,0.41,0.41,0.586,2.637,0.723,0.02,0,,,,148,0,0,0,0,0,0,0,0,0,0,4,0,0,7000,7000,31,237,1318,232,110,166,148,104,118,0,39321,641,337,419,503,306,506,26222,39321
103.441,2,2259,21,84,47,14.64,12.94,0.883,1,1.133,0,0,22,294,2.536,4,37,89.83,0,0,0,0,0,0,0,0,0,0,0,0,0,0,0,42.26,23,0.328,1,0,0,0,0,0,0,0,0,0,2240,2260,800,800,1090,1400,73,0.273,47,14.76,12.4,0,89.83,0,37,21,13.038,363.52,1,0.391,0.391,0.586,2.637,0.762,0.02,0,,,,70,0,0,0,0,0,0,0,0,0,0,4,0,0,7000,7000,31,237,1318,202,124,122,140,70,104,0,39321,638,337,413,497,295,492,26222,39321
103.501,3,2259,21,84,47,14.7,13.01,0.885,1,0.32,0,0,23.5,300,2.12,3,39,97,0,0,0,0,0,0,0,0,0,0,0,0,0,0,0,43.61,24,0.344,1,0,0,0,0,0,0,0,0,0,2240,2260,800,800,1090,1400,73,0.277,46.5,14.76,12.63,0,97,0,39,21,13.038,360.96,1,0.449,0.449,0.586,2.637,0.781,0.02,0,,,,106,0,0,0,0,0,0,0,0,0,0,4,0,0,7000,7000,30,237,1318,208,118,170,116,114,106,0,39321,635,337,416,489,295,466,26222,39321
103.561,3,2259,21,84,47,14.7,13.69,0.931,1,0.066,0,0,25,294,1.984,3,40,97,0,0,0,0,0,0,0,0,0,0,0,0,0,0,0,43.61,24,0.344,1,0,0,0,0,0,0,0,0,0,2240,2260,800,800,1090,1400,73,0.277,46.5,14.76,12.81,0,97,0,40,21,13.038,360.96,1,0.41,0.41,0.586,2.637,0.801,0.02,0,,,,212,0,0,0,0,0,0,0,0,0,0,4,0,0,7000,7000,30,237,1318,212,128,104,126,94,144,0,39321,624,340,407,480,295,461,26222,39321
103.621,3,2244,21,84,47,14.7,13.69,0.931,1,0.008,0,0,26.5,300,1.96,3,39,97.67,0,0,0,0,0,0,0,0,0,0,0,0,0,0,0,43.83,25,0.344,1,0,0,0,0,0,0,0,0,0,2240,2240,800,800,1090,1400,73,0.277,46.5,14.76,13.38,0,97.67,0,39,21,13.038,360.96,1,0.449,0.449,0.586,2.637,0.801,0.02,0,,,,116,0,0,0,0,0,0,0,0,0,0,4,0,0,7000,7000,30,237,1318,136,116,160,170,88,132,0,39321,610,340,410,480,292,455,26222,39321
103.681,3,2240,21,84,47,14.7,13.69,0.931,1,0,0,0,28,300,1.968,3,40,98.5,0,0,0,0,0,0,0,0,0,0,0,0,0,0,0,44.28,25,0.344,1,0,0,0,0,0,0,0,0,0,2240,2240,800,800,1090,1400,73,0.277,46.5,14.76,13.38,0,98.5,0,40,21,13.038,360.96,1,0.449,0.449,0.586,2.637,0.801,0.02,0,,,,90,0,0,0,0,0,0,0,0,0,0,4,0,0,7000,7000,30,237,1318,118,90,150,126,114,122,0,39321,593,334,410,472,295,447,26222,39321
103.741,3,2235,21,84,47,14.7,13.38,0.91,1,0,0,0,29.5,300,1.968,3,40,98.5,0,0,0,0,0,0,0,0,0,0,0,0,0,0,0,44.28,25,0.344,1,0,0,0,0,0,0,0,0,0,2240,2240,800,800,1090,1400,73,0.277,46.5,14.76,13.44,0,98.5,0,40,21,13.038,360.96,1,0.449,0.449,0.586,2.637,0.801,0.02,0,,,,112,0,0,0,0,0,0,0,0,0,0,4,0,0,7000,7000,30,237,1318,130,142,112,118,90,112,0,39321,579,340,399,464,292,438,26222,39321
103.801,4,2232,21,84,47,14.7,13.16,0.895,1,0,0,0,31,300,2.024,3,42,103.5,0,0,0,0,0,0,0,0,0,0,0,0,0,0,0,44.51,25,0.359,1,0,0,0,0,0,0,0,0,0,2240,2230,800,800,1090,1400,73,0.281,46.5,14.76,13.15,0,103.5,0,42,21,13.038,360.96,1,0.449,0.449,0.586,2.637,0.82,0.02,0,,,,156,0,0,0,0,0,0,0,0,0,0,4,0,0,7000,7000,30,237,1318,138,112,118,156,70,118,0,39321,568,337,396,455,286,433,26222,39321
103.861,4,2228,21,84,47,14.7,13.16,0.895,1,0,0,0,32.5,300,2.04,3,42,104.67,0,0,0,0,0,0,0,0,0,0,0,0,0,0,0,44.96,26,0.359,1,0,0,0,0,0,0,0,0,0,2240,2230,800,800,1090,1400,73,0.281,46.5,14.76,12.98,0,104.67,0,42,21,13.038,360.96,1,0.488,0.488,0.586,2.637,0.82,0.02,0,,,,172,0,0,0,0,0,0,0,0,0,0,4,0,0,7000,7000,30,237,1318,158,86,116,172,86,150,0,39321,559,331,390,458,284,433,26222,39321
103.921,4,2227,21,84,47,14.7,13.04,0.887,1,0,0,0,34,300,2.048,3,42,105.17,0,0,0,0,0,0,0,0,0,0,0,0,0,0,0,45.18,26,0.359,1,0,0,0,0,0,0,0,0,0,2240,2230,800,800,1090,1400,73,0.281,46.5,14.76,12.81,0,105.17,0,42,21,13.038,360.96,1,0.469,0.469,0.586,2.637,0.84,0.02,0,,,,74,0,0,0,0,0,0,0,0,0,0,4,0,0,7000,7000,30,237,1318,162,100,122,170,74,88,0,39321,554,329,388,458,278,421,26222,39321
103.981,4,2216,21,84,47,14.7,13.04,0.887,1,0,0,0,35.5,300,2.064,3,43,106.67,0,0,0,0,0,0,0,0,0,0,0,0,0,0,0,45.86,27,0.359,1,0,0,0,0,0,0,0,0,0,2200,2220,800,800,1090,1400,73,0.281,46.5,14.76,12.81,0,106.67,0,43,21,13.038,360.96,1,0.449,0.449,0.586,2.637,0.84,0.02,0,,,,90,0,0,0,0,0,0,0,0,0,0,4,0,0,7000,7000,30,237,1318,170,78,138,172,82,90,0,39321,548,323,388,458,275,405,26222,39321
104.041,5,2218,21,84,47,14.7,13.04,0.887,1,0,0,0,37,300,2.192,4,47,117.17,0,0,0,0,0,0,0,0,0,0,0,0,0,0,0,46.3,27,0.391,1,0,0,0,0,0,0,0,0,0,2200,2220,800,800,1090,1400,73,0.285,46.5,14.76,12.75,0,117.17,0,47,21,13.038,358.4,1,0.508,0.508,0.586,2.637,0.859,0.02,0,,,,140,0,0,0,0,0,0,0,0,0,0,4,0,0,7000,7000,30,237,1318,118,54,128,156,78,140,0,39321,534,312,385,458,272,402,26222,39321
104.101,5,2228,21,84,47,14.7,13.23,0.9,1,0,0,0,38,300,2.224,4,48,119.33,0,0,0,0,0,0,0,0,0,0,0,0,0,0,0,47.2,28,0.391,1,0,0,0,0,0,0,0,0,0,2240,2230,800,800,1090,1400,73,0.285,46.5,14.76,12.98,0,119.33,0,48,21,13.038,358.4,1,0.508,0.508,0.586,2.637,0.879,0.02,0,,,,176,0,0,0,0,0,0,0,0,0,0,4,0,0,7000,7000,30,237,1318,176,62,128,154,88,140,0,39321,520,303,382,458,270,402,26222,39321
104.161,6,2231,21,84,47,14.7,13.51,0.919,1,0,0,0,38,300,2.352,4,52,129.83,0,0,0,0,0,0,0,0,0,0,0,0,0,0,0,47.88,29,0.422,1,0,0,0,0,0,0,0,0,0,2240,2230,800,800,1090,1400,73,0.289,46.5,14.76,13.15,0,129.83,0,52,21,13.038,358.4,1,0.508,0.508,0.586,2.637,0.898,0.02,0,,,,102,0,0,0,0,0,0,0,0,0,0,4,0,0,7000,7000,30,237,1318,186,102,132,160,82,100,0,39321,520,303,382,458,267,393,26222,39321
104.221,6,2232,21,84,47,14.7,13.72,0.933,1,0,0,0,38,300,2.384,4,53,132,0,0,0,0,0,0,0,0,0,0,0,0,0,0,0,48.33,29,0.422,1,0,0,0,0,0,0,0,0,0,2240,2230,800,800,1090,1400,73,0.289,46.5,14.76,13.15,0,132,0,53,21,13.038,358.4,1,0.547,0.547,0.586,2.637,0.898,0.02,0,,,,100,0,0,0,0,0,0,0,0,0,0,4,0,0,7000,7000,30,237,1318,160,100,120,112,116,124,0,39321,517,300,379,450,270,390,26222,39321
104.281,6,2238,21,84,47,14.7,13.72,0.933,1,0,0,0,38,300,2.392,4,53,132.67,0,0,0,0,0,0,0,0,0,0,0,0,0,0,0,48.55,30,0.422,1,0,0,0,0,0,0,0,0,0,2240,2240,800,800,1090,1400,73,0.289,46.5,14.76,13.32,0,132.67,0,53,21,13.038,358.4,1,0.547,0.547,0.586,2.637,0.898,0.02,0,,,,124,0,0,0,0,0,0,0,0,0,0,4,0,0,7000,7000,30,237,1318,140,108,124,154,92,120,0,39321,509,300,379,447,270,388,26222,39321
104.341,6,2218,21,84,47,14.64,13.79,0.942,1,0,0,0,37.5,300,2.4,4,54,133.83,0,0,0,0,0,0,0,0,0,0,0,0,0,0,0,49,30,0.422,1,0,0,0,0,0,0,0,0,0,2200,2220,800,800,1090,1400,73,0.289,46,14.7,13.38,0,133.83,0,54,21,13.038,355.84,1,0.547,0.547,0.586,2.637,0.898,0.02,0,,,,140,0,0,0,0,0,0,0,0,0,0,4,0,0,7000,7000,29,237,1318,148,130,130,140,86,92,0,39321,503,303,379,444,270,379,26222,39321
104.401,6,2199,21,84,47,14.64,13.76,0.94,1,0,0,0,37.5,300,2.424,4,53,135,0,0,0,0,0,0,0,0,0,0,0,0,0,0,0,49.45,30,0.422,1,0,0,0,0,0,0,0,0,0,2200,2200,800,800,1090,1400,73,0.289,46,14.7,13.26,0,135,0,53,21,13.038,355.84,1,0.586,0.586,0.586,2.637,0.898,0.02,0,,,,130,0,0,0,0,0,0,0,0,0,0,4,0,0,7000,7000,29,237,1318,110,76,116,130,66,100,0,39321,489,298,376,441,264,374,26222,39321
104.461,6,2208,21,84,47,14.64,13.57,0.927,1,0,0,0,37.5,300,2.432,4,54,135.67,0,0,0,0,0,0,0,0,0,0,0,0,0,0,0,49.68,31,0.422,1,0,0,0,0,0,0,0,0,0,2200,2210,800,800,1090,1400,73,0.289,46,14.7,13.32,0,135.67,0,54,21,13.038,355.84,1,0.566,0.566,0.586,2.637,0.898,0.02,0,,,,62,0,0,0,0,0,0,0,0,0,0,4,0,0,7000,7000,29,237,1318,116,88,156,162,62,106,0,39321,478,295,379,444,253,371,26222,39321
104.521,6,2223,21,84,47,14.64,13.57,0.927,1,0,0,0,38,300,2.432,4,54,135.67,0,0,0,0,0,0,0,0,0,0,0,0,0,0,0,49.68,31,0.422,1,0,0,0,0,0,0,0,0,0,2240,2220,800,800,1090,1400,73,0.289,46.5,14.7,13.15,0,135.67,0,54,21,13.038,355.84,1,0.527,0.527,0.586,2.637,0.898,0.02,0,,,,120,0,0,0,0,0,0,0,0,0,0,4,0,0,7000,7000,29,237,1318,108,112,140,150,76,120,0,39321,466,298,379,441,253,362,26222,39321
104.581,6,2210,21,84,47,14.64,13.47,0.92,1,0,0,0,37.5,300,2.432,4,54,135.67,0,0,0,0,0,0,0,0,0,0,0,0,0,0,0,49.68,31,0.422,1,0,0,0,0,0,0,0,0,0,2200,2210,800,800,1090,1400,73,0.289,46,14.7,13.15,0,135.67,0,54,21,13.038,355.84,1,0.586,0.586,0.586,2.637,0.898,0.02,0,,,,118,0,0,0,0,0,0,0,0,0,0,4,0,0,7000,7000,29,237,1318,118,88,136,166,74,118,0,39321,458,295,379,441,250,362,26222,39321
104.641,6,2206,21,84,47,14.64,13.44,0.918,1,0,0,0,37.5,300,2.424,4,54,136.33,0,0,0,0,0,0,0,0,0,0,0,0,0,0,0,49.9,31,0.422,1,0,0,0,0,0,0,0,0,0,2200,2210,800,800,1090,1400,73,0.289,46,14.7,13.15,0,136.33,0,54,21,13.112,355.84,1,0.586,0.586,0.586,2.637,0.898,0.02,0,,,,96,0,0,0,0,0,0,0,0,0,0,4,0,0,7000,7000,29,237,1318,96,102,138,148,82,116,0,39321,438,295,379,441,247,360,26222,39321
104.701,6,2216,21,84,47,14.64,13.44,0.918,1,0,0,0,37.5,300,2.432,4,55,137,0,0,0,0,0,0,0,0,0,0,0,0,0,0,0,50.13,31,0.422,1,0,0,0,0,0,0,0,0,0,2200,2220,800,800,1090,1400,73,0.289,46,14.7,13.09,0,137,0,55,21,13.038,355.84,1,0.547,0.547,0.586,2.637,0.898,0.02,0,,,,106,0,0,0,0,0,0,0,0,0,0,4,0,0,7000,7000,29,237,1318,122,106,138,190,86,120,0,39321,433,292,379,447,247,360,26222,39321
104.761,6,2206,21,84,47,14.64,13.38,0.914,1,0,0,0,37.5,300,2.448,4,55,137,0,0,0,0,0,0,0,0,0,0,0,0,0,0,0,50.13,31,0.422,1,0,0,0,0,0,0,0,0,0,2200,2210,800,800,1090,1400,73,0.289,46,14.7,12.98,0,137,0,55,21,13.038,355.84,1,0.586,0.586,0.586,2.656,0.898,0.02,0,,,,88,0,0,0,0,0,0,0,0,0,0,4,0,0,7000,7000,29,237,1318,90,88,104,156,84,108,0,39321,421,289,374,447,244,357,26222,39321
104.821,6,2189,21,84,47,14.64,13.44,0.918,1,0,0,0,37.5,300,2.456,4,54,137.5,0,0,0,0,0,0,0,0,0,0,0,0,0,0,0,50.35,31,0.422,1,0,0,0,0,0,0,0,0,0,2200,2190,800,800,1090,1400,73,0.289,46,14.7,13.09,0,137.5,0,54,21,13.038,355.84,1,0.586,0.586,0.586,2.656,0.898,0.02,0,,,,152,0,0,0,0,0,0,0,0,0,0,4,0,0,7000,7000,29,237,1318,130,106,152,144,72,106,0,39321,419,289,376,444,241,354,26222,39321
104.881,6,2196,21,84,47,14.64,13.48,0.921,1,0,0,0,37.5,300,2.464,4,55,138.17,0,0,0,0,0,0,0,0,0,0,0,0,0,0,0,50.58,32,0.422,1,0,0,0,0,0,0,0,0,0,2200,2200,800,800,1090,1400,73,0.289,46,14.7,13.09,0,138.17,0,55,21,13.038,355.84,1,0.605,0.605,0.586,2.656,0.898,0.02,0,,,,144,0,0,0,0,0,0,0,0,0,0,4,0,0,7000,7000,29,237,1318,134,92,144,130,68,168,0,39321,416,286,379,438,239,362,26222,39321
104.941,6,2203,21,84,47,14.64,13.48,0.921,1,0,0,0,37.5,300,2.456,4,55,138,0,0,0,0,0,0,0,0,0,0,0,0,0,0,0,50.58,32,0.422,1,0,0,0,0,0,0,0,0,0,2200,2200,800,800,1090,1400,73,0.289,46,14.7,13.26,0,138,0,55,21,13.038,355.84,1,0.586,0.586,0.586,2.656,0.898,0.02,0,,,,170,0,0,0,0,0,0,0,0,0,0,4,0,0,7000,7000,29,237,1318,102,90,126,170,66,168,0,39321,410,284,376,441,236,368,26222,39321
105.001,6,2188,21,84,47,14.64,13.54,0.925,1,0,0,0,37.5,300,2.472,4,55,138.83,0,0,0,0,0,0,0,0,0,0,0,0,0,0,0,50.8,32,0.422,1,0,0,0,0,0,0,0,0,0,2200,2190,800,800,1090,1400,73,0.289,46,14.7,13.38,0,138.83,0,55,21,13.038,355.84,1,0.586,0.586,0.586,2.656,0.918,0.02,0,,,,72,0,0,0,0,0,0,0,0,0,0,4,0,0,7000,7000,29,237,1318,106,88,106,142,72,168,0,39321,405,281,371,438,236,374,26222,39321
105.061,6,2191,21,84,47,14.64,13.6,0.929,1,0,0,0,37.5,300,2.472,4,55,138.83,0,0,0,0,0,0,0,0,0,0,0,0,0,0,0,50.8,32,0.422,1,0,0,0,0,0,0,0,0,0,2200,2190,800,800,1090,1400,73,0.289,46,14.7,13.38,0,138.83,0,55,21,13.038,355.84,1,0.566,0.566,0.586,2.656,0.918,0.02,0,,,,56,0,0,0,0,0,0,0,0,0,0,4,0,0,7000,7000,29,237,1318,126,114,122,158,56,172,0,39321,402,284,368,438,230,382,26222,39321
105.121,6,2201,21,84,47,14.64,13.63,0.931,1,0,0,0,37.5,300,2.472,4,55,139.33,0,0,0,0,0,0,0,0,0,0,0,0,0,0,0,51.03,32,0.422,1,0,0,0,0,0,0,0,0,0,2200,2200,800,800,1090,1400,73,0.289,46,14.7,13.32,0,139.33,0,55,21,13.038,355.84,1,0.566,0.566,0.586,2.656,0.918,0.02,0,,,,168,0,0,0,0,0,0,0,0,0,0,4,0,0,7000,7000,29,237,1318,118,90,158,190,64,168,0,39321,399,281,374,444,227,393,26222,39321
105.181,6,2186,21,84,47,14.64,13.63,0.931,1,0,0,0,37.5,300,2.48,4,55,140,0,0,0,0,0,0,0,0,0,0,0,0,0,0,0,51.25,32,0.422,1,0,0,0,0,0,0,0,0,0,2200,2190,800,800,1090,1400,73,0.289,46,14.7,13.38,0,140,0,55,21,13.038,353.28,1,0.605,0.605,0.586,2.656,0.918,0.02,0,,,,146,0,0,0,0,0,0,0,0,0,0,4,0,0,7000,7000,29,237,1318,104,98,110,142,66,146,0,39321,393,281,368,441,225,396,26222,39321
105.241,6,2182,21,84,47,14.64,13.72,0.937,1,0,0,0,37,300,2.488,4,55,140.67,0,0,0,0,0,0,0,0,0,0,0,0,0,0,0,51.48,33,0.422,1,0,0,0,0,0,0,0,0,0,2200,2180,800,800,1090,1400,73,0.289,45.5,14.7,13.44,0,140.67,0,55,21,13.038,353.28,1,0.625,0.625,0.586,2.656,0.918,0.02,0,,,,128,0,0,0,0,0,0,0,0,0,0,4,0,0,7000,7000,29,237,1318,128,92,116,114,78,166,0,39321,388,281,365,433,225,402,26222,39321
105.301,6,2183,21,84,47,14.64,13.73,0.938,1,0,0,0,37,300,2.488,4,55,140.67,0,0,0,0,0,0,0,0,0,0,0,0,0,0,0,51.48,33,0.422,1,0,0,0,0,0,0,0,0,0,2200,2180,800,800,1090,1400,73,0.289,45.5,14.7,13.38,0,140.67,0,55,21,13.038,353.28,1,0.625,0.625,0.586,2.656,0.918,0.02,0,,,,120,0,0,0,0,0,0,0,0,0,0,4,0,0,7000,7000,29,237,1318,120,100,106,144,82,128,0,39321,385,281,360,433,225,399,26222,39321
105.361,7,2184,21,84,47,14.64,13.79,0.942,1,0,0,0,37,300,2.592,4,58,148.5,0,0,0,0,0,0,0,0,0,0,0,0,0,0,0,51.48,33,0.445,1,0,0,0,0,0,0,0,0,0,2200,2180,800,800,1090,1400,73,0.293,45.5,14.7,13.44,0,148.5,0,58,21,13.038,353.28,1,0.605,0.605,0.586,2.656,0.938,0.02,0,,,,96,0,0,0,0,0,0,0,0,0,0,4,0,0,7000,7000,29,237,1318,122,96,122,130,70,124,0,39321,382,278,360,427,225,396,26222,39321
105.421,7,2192,21,84,47,14.64,13.79,0.942,1,0,0,0,37,300,2.6,4,59,149.17,0,0,0,0,0,0,0,0,0,0,0,0,0,0,0,51.7,33,0.445,1,0,0,0,0,0,0,0,0,0,2200,2190,800,800,1090,1400,73,0.293,45.5,14.7,13.44,0,149.17,0,59,21,13.038,353.28,1,0.605,0.605,0.586,2.656,0.938,0.02,0,,,,124,0,0,0,0,0,0,0,0,0,0,4,0,0,7000,7000,29,237,1318,122,116,124,165,81,161,0,39321,382,281,351,430,225,399,26222,39321
105.481,7,2180,21,84,47,14.64,13.88,0.948,1,0,0,0,36.5,300,2.616,4,59,151,0,0,0,0,0,0,0,0,0,0,0,0,0,0,0,52.37,34,0.445,1,0,0,0,0,0,0,0,0,0,2200,2180,800,800,1090,1400,73,0.293,45,14.7,13.44,0,151,0,59,21,13.038,353.28,1,0.625,0.625,0.586,2.656,0.957,0.02,0,,,,151,0,0,0,0,0,0,0,0,0,0,4,0,0,7000,7000,29,237,1318,110,85,151,167,77,151,0,39321,376,278,357,433,225,402,26222,39321
105.541,7,2170,21,84,47,14.64,13.82,0.944,1,0,0,0,36.5,300,2.648,4,60,152.83,0,0,0,0,0,0,0,0,0,0,0,0,0,0,0,53.05,34,0.445,1,0,0,0,0,0,0,0,0,0,2160,2170,800,800,1090,1400,73,0.289,45,14.7,13.44,0,152.83,0,60,21,13.038,353.28,1,0.625,0.625,0.586,2.656,0.957,0.02,0,,,,122,0,0,0,0,0,0,0,0,0,0,4,0,0,7000,7000,29,237,1318,145,81,90,122,92,153,0,39321,379,275,351,427,227,402,26222,39321
105.601,7,2178,21,84,46,14.64,13.82,0.944,1,0,0,0,36,300,2.672,4,61,155,0,0,0,0,0,0,0,0,0,0,0,0,0,0,0,53.72,35,0.445,1,0,0,0,0,0,0,0,0,0,2160,2180,800,800,1090,1400,73,0.289,44.5,14.7,13.32,0,155,0,61,21,13.038,353.28,1,0.645,0.645,0.586,2.656,0.957,0.02,0,,,,104,0,0,0,0,0,0,0,0,0,0,4,0,0,7000,7000,29,237,1318,128,75,114,104,88,131,0,39321,379,270,351,419,227,399,26222,39321
105.661,8,2167,21,84,46,14.59,13.76,0.943,1,0,0,0,35.5,300,2.752,4,63,161.5,0,0,0,0,0,0,0,0,0,0,0,0,0,0,0,54.17,36,0.461,1,0,0,0,0,0,0,0,0,0,2160,2170,800,800,1090,1400,72,0.293,44,14.64,13.32,0,161.5,0,63,21,13.038,350.72,1,0.645,0.645,0.586,2.656,0.977,0.02,0,,,,92,0,0,0,0,0,0,0,0,0,0,4,0,0,7000,7000,28,237,1318,128,118,116,149,92,171,0,39321,376,275,348,419,230,405,26222,39321
105.721,8,2176,21,84,46,14.59,13.76,0.943,1,0,0,0,35.5,300,2.792,5,64,164.17,0,0,0,0,0,0,0,0,0,0,0,0,0,0,0,55.07,36,0.461,1,0,0,0,0,0,0,0,0,0,2160,2180,800,800,1090,1400,72,0.293,44,14.64,13.26,0,164.17,0,64,21,13.038,350.72,1,0.664,0.664,0.586,2.656,0.996,0.02,0,,,,105,0,0,0,0,0,0,0,0,0,0,4,0,0,7000,7000,28,237,1318,158,84,105,172,105,126,0,39321,379,272,345,424,233,402,26222,39321
105.781,9,2173,21,84,46,14.59,13.79,0.945,1,0,0,0,35,300,2.872,5,67,170.67,0,0,0,0,0,0,0,0,1,0,0,0,0,0,0,56.2,38,0.469,1,0,0,0,0,0,0,0,0,0,2160,2170,800,800,1090,1400,72,0.297,43.5,14.64,13.32,0,170.67,0,67,21,13.038,350.72,1,0.684,0.684,0.586,2.656,1.016,0.02,0,,,,137,0,0,0,0,0,0,0,0,0,0,4,0,0,7000,7000,28,237,1318,141,95,101,191,81,137,0,39321,382,270,343,433,230,399,26222,39321
105.841,10,2177,21,84,46,14.59,13.79,0.945,1,0,0,0,34.5,300,2.984,5,70,179.83,0,0,0,0,0,0,0,0,1,0,0,0,0,0,0,57.32,39,0.484,1,0,0,0,0,0,0,0,0,0,2160,2180,800,800,1090,1400,72,0.301,43,14.64,13.38,0,179.83,0,70,21,13.038,348.16,1,0.723,0.723,0.586,2.656,1.035,0.02,0,,,,136,0,0,0,0,0,0,0,0,0,0,4,0,0,7000,7000,28,237,1318,145,99,111,152,79,136,0,39321,385,270,340,433,230,399,26222,39321
105.901,10,2184,21,84,46,14.59,13.79,0.945,1,0,0,0,34,300,3.024,5,72,182.67,0,0,0,0,0,0,0,0,1,0,0,0,0,0,0,58.22,40,0.484,1,0,0,0,0,0,0,0,0,0,2200,2180,800,800,1090,1400,72,0.301,42.5,14.64,13.49,0,182.67,0,72,21,13.038,348.16,1,0.762,0.762,0.586,2.656,1.055,0.02,0,,,,131,0,0,0,0,0,0,0,0,0,0,4,0,0,7000,7000,28,237,1318,131,73,122,149,96,155,0,39321,379,267,340,433,230,402,26222,39321
105.961,11,2178,21,84,46,14.59,13.88,0.951,1,0,0,0,33.5,300,3.056,5,73,185.33,0,0,0,0,0,0,0,0,1,0,0,0,0,0,0,59.12,41,0.484,1,0,0,0,0,0,0,0,0,0,2160,2180,800,800,1090,1400,72,0.301,42,14.64,13.44,0,185.33,0,73,21,13.038,345.6,1,0.82,0.82,0.586,2.656,1.074,0.02,0,,,,147,0,0,0,0,0,0,0,0,0,0,4,0,0,7000,7000,27,237,1318,147,90,171,165,61,167,0,39321,379,267,348,435,225,407,26222,39321
106.021,12,2178,21,84,46,14.53,13.94,0.959,1,0,0,0,33,300,3.128,5,75,190.33,0,0,0,0,0,0,0,0,1,0,0,0,0,0,0,60.69,42,0.484,1,0,0,0,0,0,0,0,0,0,2160,2180,800,800,1090,1400,72,0.301,41.5,14.59,13.55,0,190.33,0,75,21,13.038,345.6,1,0.82,0.82,0.586,2.656,1.133,0.02,0,,,,101,0,0,0,0,0,0,0,0,0,0,4,0,0,7000,7000,27,237,1318,128,101,162,127,87,150,0,39321,379,270,354,430,227,407,26222,39321
106.081,13,2186,21,84,46,14.53,13.94,0.959,1,0,0,0,31.5,300,3.264,5,79,201.17,0,0,0,0,0,0,0,0,1,0,0,0,0,0,0,63.17,45,0.492,1,0,0,0,0,0,0,0,0,0,2200,2190,800,800,1090,1400,72,0.305,40,14.59,13.72,0,201.17,0,79,21,13.038,343.04,1,0.859,0.859,0.586,2.676,1.152,0.02,0,,,,86,0,0,0,0,0,0,0,0,0,0,4,0,0,7000,7000,27,237,1318,116,86,113,178,110,124,0,39321,376,267,351,435,230,405,26222,39321
106.141,14,2190,21,84,46,14.53,14.07,0.968,1,0,0,0,30.5,300,3.376,6,83,210.5,0,0,0,0,0,0,0,0,1,0,0,0,0,0,0,66.09,48,0.492,1,0,0,0,0,0,0,0,0,0,2200,2190,800,800,1090,1400,72,0.305,39,14.59,13.84,0,210.5,0,83,21,13.038,340.48,1,0.918,0.918,0.586,2.676,1.191,0.02,0,,,,108,0,0,0,0,0,0,0,0,0,0,4,0,0,7000,7000,26,237,1318,99,84,108,150,73,82,0,39321,371,264,351,433,230,393,26222,39321
106.201,14,2195,21,84,46,14.47,14.35,0.991,1,0,0,0,29.5,300,3.48,6,86,217.67,0,0,0,0,0,0,0,0,1,0,0,0,0,0,0,68.34,50,0.492,1,0,0,0,0,0,0,0,0,0,2200,2200,800,800,1090,1400,72,0.305,38,14.53,13.72,0,217.67,0,86,21,13.038,337.92,1,0.957,0.957,0.586,2.676,1.211,0.02,0,,,,164,0,0,0,0,0,0,0,0,0,0,4,0,0,7000,7000,26,237,1318,87,63,154,164,54,90,0,39321,362,258,357,441,225,385,26222,39321
106.261,15,2183,21,84,46,14.41,14.66,1.017,1,0,0,0,28,300,3.624,6,90,228.17,0,0,0,0,0,0,0,0,1,0,0,0,0,0,0,70.58,53,0.5,1,0,0,0,0,0,0,0,0,0,2200,2180,800,800,1090,1400,71,0.316,36.5,14.47,14.01,0,228.17,0,90,21,13.038,335.36,1,1.016,1.016,0.586,2.676,1.23,0.02,0,,,,181,0,0,0,0,0,0,0,0,0,0,4,0,0,7000,7000,25,237,1318,81,72,130,181,56,83,0,39321,354,253,360,444,219,376,26222,39321
106.321,14,2198,21,84,46,14.41,14.66,1.017,1,0,0,0,27.5,300,3.672,6,92,232,0,0,0,0,0,0,0,0,1,0,0,0,0,0,0,71.71,54,0.5,1,0,0,0,0,0,0,0,0,0,2200,2200,800,800,1090,1400,71,0.316,36,14.47,14.3,0,232,0,92,21,13.038,332.8,1,1.035,1.035,0.586,2.676,1.211,0.02,0,,,,68,0,0,0,0,0,0,0,0,0,0,4,0,0,7000,7000,25,237,1318,94,65,164,128,68,88,0,39321,348,247,368,438,213,368,26222,39321
106.381,14,2207,21,84,46,14.41,14.94,1.036,1,0,0,0,27.5,300,3.648,6,91,229.83,0,0,0,0,0,0,0,0,1,0,0,0,0,0,0,71.93,54,0.492,1,0,0,0,0,0,0,0,0,0,2200,2210,800,800,1090,1400,71,0.305,36,14.47,14.53,0,229.83,0,91,21,13.038,332.8,1,1.094,1.094,0.586,2.676,1.211,0.02,0,,,,61,0,0,0,0,0,0,0,0,0,0,4,0,0,7000,7000,25,237,1318,110,72,145,174,61,106,0,39321,345,244,371,441,210,365,26222,39321
106.441,14,2208,21,84,46,14.41,15.41,1.069,1,0,0,0,27.5,300,3.648,6,91,230,0,0,0,0,0,0,0,0,1,0,0,0,0,0,0,72.16,54,0.492,1,0,0,0,0,0,0,0,0,0,2200,2210,800,800,1090,1400,71,0.305,36,14.47,14.59,0,230,0,91,21,13.038,332.8,1,1.074,1.074,0.586,2.676,1.211,0.02,0,,,,98,0,0,0,0,0,0,0,0,0,0,4,0,0,7000,7000,25,237,1318,116,77,143,139,68,98,0,39321,345,241,374,438,208,348,26222,39321
106.501,14,2203,21,84,46,14.41,15.41,1.069,1,0,0,0,27.5,300,3.632,6,91,228.67,0,0,0,0,0,0,0,0,1,0,0,0,0,0,0,71.71,54,0.492,1,0,0,0,0,0,0,0,0,0,2200,2200,800,800,1090,1400,71,0.305,36,14.47,15.04,0,228.67,0,91,21,13.038,332.8,1,1.016,1.016,0.586,2.676,1.191,0.02,0,,,,97,0,0,0,0,0,0,0,0,0,0,4,0,0,7000,7000,25,237,1318,97,70,150,179,76,87,0,39321,337,239,376,444,208,343,26222,39321
106.561,14,2215,21,84,46,14.41,15.76,1.093,1,0,0,0,27.5,300,3.616,6,91,227.33,0,0,0,0,0,0,0,0,1,0,0,0,0,0,0,71.26,54,0.492,1,0,0,0,0,0,0,0,0,0,2200,2220,800,800,1090,1400,71,0.305,36,14.47,15.27,0,227.33,0,91,21,13.038,335.36,1,1.016,1.016,0.586,2.676,1.191,0.02,0,,,,117,0,0,0,0,0,0,0,0,0,0,4,0,0,7000,7000,25,237,1318,117,85,150,157,85,94,0,39321,337,239,379,444,210,337,26222,39321
106.621,14,2219,21,84,46,14.41,15.91,1.104,1,0,0,0,28,300,3.592,6,90,225.83,0,0,0,0,0,0,0,0,1,0,0,0,0,0,0,70.81,53,0.492,1,0,0,0,0,0,0,0,0,0,2200,2220,800,800,1090,1400,71,0.305,36.5,14.47,15.39,0,225.83,0,90,21,13.038,335.36,1,1.055,1.055,0.586,2.676,1.191,0.02,0,,,,81,0,0,0,0,0,0,0,0,0,0,4,0,0,7000,7000,25,237,1318,139,81,141,179,83,81,0,39321,340,236,382,447,210,331,26222,39321
106.681,14,2217,21,84,46,14.41,15.98,1.109,1,0,0,0,28,300,3.584,6,90,225,0,0,0,0,0,0,0,0,1,0,0,0,0,0,0,70.58,53,0.492,1,0,0,0,0,0,0,0,0,0,2200,2220,800,800,1090,1400,71,0.305,36.5,14.47,15.39,0,225,0,90,21,13.038,335.36,1,1.016,1.016,0.586,2.676,1.191,0.02,0,,,,116,0,0,0,0,0,0,0,0,0,0,4,0,0,7000,7000,25,237,1318,126,81,116,114,63,124,0,39321,340,236,379,441,208,331,26222,39321
106.741,14,2223,21,84,46,14.41,15.98,1.109,1,0,0,0,28,300,3.576,6,90,224.5,0,0,0,0,0,0,0,0,1,0,0,0,0,0,0,70.36,53,0.492,1,0,0,0,0,0,0,0,0,0,2240,2220,800,800,1090,1400,71,0.305,36.5,14.47,15.45,0,224.5,0,90,21,13.038,335.36,1,1.016,1.016,0.586,2.676,1.191,0.02,0,,,,142,0,0,0,0,0,0,0,0,0,0,4,0,0,7000,7000,25,237,1318,138,78,142,119,74,87,0,39321,343,233,382,435,208,326,26222,39321
106.801,14,2234,21,84,46,14.41,15.98,1.109,1,0,0,0,28,300,3.576,6,90,224.33,0,0,0,0,0,0,0,0,1,0,0,0,0,0,0,70.36,53,0.492,1,0,0,0,0,0,0,0,0,0,2240,2230,800,800,1090,1400,71,0.305,36.5,14.47,15.5,0,224.83,0,90,21,13.038,335.36,1,1.055,1.055,0.586,2.676,1.191,0.02,0,,,,131,0,0,0,0,0,0,0,0,0,0,4,0,0,7000,7000,25,237,1318,160,135,142,131,85,82,0,39321,351,241,382,427,210,317,26222,39321
106.861,14,2226,21,84,46,14.41,15.91,1.104,1,0,0,0,28,300,3.576,6,90,224.83,0,0,0,0,0,0,0,0,1,0,0,0,0,0,0,70.58,53,0.492,1,0,0,0,0,0,0,0,0,0,2240,2230,800,800,1090,1400,71,0.305,36.5,14.47,15.5,0,224.83,0,90,21,13.038,335.36,1,0.996,0.996,0.586,2.676,1.191,0.02,0,,,,87,0,0,0,0,0,0,0,0,0,0,4,0,0,7000,7000,25,237,1318,168,133,171,120,87,67,0,39321,357,250,388,421,216,312,26222,39321
106.921,14,2236,21,84,46,14.41,15.91,1.104,1,0,0,0,28,300,3.568,6,90,224.5,0,0,0,0,0,0,0,0,1,0,0,0,0,0,0,70.36,53,0.492,1,0,0,0,0,0,0,0,0,0,2240,2240,800,800,1090,1400,71,0.305,36.5,14.47,15.39,0,224.5,0,90,21,13.038,335.36,1,1.016,1.016,0.586,2.676,1.191,0.02,0,,,,82,0,0,0,0,0,0,0,0,0,0,4,0,0,7000,7000,25,237,1318,146,74,177,106,82,133,0,39321,362,247,393,413,219,315,26222,39321
106.981,14,2239,21,84,46,14.41,15.91,1.104,1,0,0,0,28,300,3.584,6,91,225,0,0,0,0,0,0,0,0,1,0,0,0,0,0,0,70.58,53,0.492,1,0,0,0,0,0,0,0,0,0,2240,2240,800,800,1090,1400,71,0.305,36.5,14.47,15.5,0,225,0,91,21,13.038,335.36,1,1.035,1.035,0.586,2.676,1.211,0.02,0,,,,67,0,0,0,0,0,0,0,0,0,0,4,0,0,7000,7000,25,237,1318,149,98,140,126,102,67,0,39321,365,250,393,410,222,298,26222,39321
107.041,15,2250,21,84,46,14.41,15.91,1.104,1,0,0,0,28,300,3.648,6,93,230,0,0,0,0,0,0,0,0,1,0,0,0,0,0,0,71.03,53,0.5,1,0,0,0,0,0,0,0,0,0,2240,2250,800,800,1090,1400,71,0.316,36.5,14.47,15.5,0,230,0,93,21,13.038,335.36,1,0.977,0.977,0.586,2.676,1.23,0.02,0,,,,204,0,0,0,0,0,0,0,0,0,0,4,0,0,7000,7000,25,237,1318,204,117,157,127,67,91,0,39321,385,255,396,407,219,295,26222,39321
107.101,15,2253,21,84,46,14.41,15.91,1.104,1,0,0,0,27.5,300,3.68,6,95,233,0,0,0,0,0,0,0,0,1,0,0,0,0,0,0,71.93,54,0.5,1,0,0,0,0,0,0,0,0,0,2240,2250,800,800,1090,1400,71,0.316,36,14.47,15.56,0,233,0,95,21,13.038,332.8,1,1.055,1.055,0.586,2.676,1.25,0.02,0,,,,121,0,0,0,0,0,0,0,0,0,0,4,0,0,7000,7000,25,237,1318,181,121,162,151,69,85,0,39321,390,264,399,407,219,292,26222,39321
107.161,16,2254,21,84,46,14.36,15.98,1.113,1,0,0,0,26.5,300,3.8,7,98,242.33,0,0,0,0,0,0,0,0,1,0,0,0,0,0,0,73.73,56,0.508,1,0,0,0,0,0,0,0,0,0,2240,2250,800,800,1090,1400,71,0.328,35,14.41,15.56,0,242.33,0,98,21,13.038,332.8,1,1.113,1.113,0.586,2.676,1.289,0.02,0,,,,119,0,0,0,0,0,0,0,0,0,0,4,0,0,7000,7000,25,237,1318,150,119,156,126,76,83,0,39321,393,270,402,405,219,286,26222,39321
107.221,17,2261,21,84,46,14.36,15.98,1.113,1,0,0,0,25.5,288,3.968,7,104,254.33,0,0,0,0,0,0,0,0,1,0,0,0,0,0,0,76.2,59,0.516,1,0,0,0,0,0,0,0,0,0,2280,2260,800,800,1090,1400,70,0.344,34,14.41,15.62,0,254.33,0,104,21,13.038,330.24,1,1.133,1.133,0.586,2.676,1.328,0.02,0,,,,110,0,0,0,0,0,0,0,0,0,0,4,0,0,7000,7000,24,237,1318,187,124,110,133,91,66,0,39321,402,275,390,405,219,281,26222,39321
107.281,19,2267,21,84,46,14.3,16.07,1.124,1,0,0,0,24.5,288,4.184,7,110,270.5,0,0,0,0,0,0,0,0,1,0,0,0,0,0,0,78.68,61,0.531,1,0,0,0,0,0,0,0,0,0,2280,2270,800,800,1090,1400,70,0.355,33,14.36,15.73,0,270.5,0,110,21,13.038,327.68,1,1.23,1.23,0.586,2.676,1.387,0.02,0,,,,119,0,0,0,0,0,0,0,0,0,0,4,0,0,7000,7000,24,237,1318,183,119,137,119,81,66,0,39321,407,281,390,396,219,275,26222,39321
107.341,20,2271,21,84,46,14.24,16.29,1.144,1,0,0,0,23,288,4.368,8,116,284,0,0,0,0,0,0,0,0,1,0,0,0,0,0,0,81.37,64,0.539,1,0,0,0,0,0,0,0,0,0,2280,2270,800,800,1090,1400,70,0.359,31.5,14.3,15.73,0,284,0,116,21,13.038,325.12,1,1.25,1.25,0.586,2.676,1.426,0.02,0,,,,68,0,0,0,0,0,0,0,0,0,0,4,0,0,7000,7000,23,237,1318,168,114,81,108,68,45,0,39321,410,284,382,390,216,267,26222,39321
107.401,21,2285,21,84,46,14.13,16.29,1.153,1,0,0,0,22.5,288,4.552,8,122,296.83,0,0,0,0,0,0,0,0,1,0,0,0,0,0,0,83.85,67,0.547,1,0,0,0,0,0,0,0,0,0,2280,2290,800,800,1090,1400,70,0.363,31,14.18,15.91,0,296.83,0,122,21,13.038,322.56,1,1.348,1.348,0.586,2.676,1.445,0.02,0,,,,62,0,0,0,0,0,0,0,0,0,0,4,0,0,7000,7000,23,237,1318,193,104,80,138,62,62,0,39321,419,286,371,390,213,255,26222,39321
107.461,21,2296,21,84,46,14.07,16.42,1.167,1,0,0,0,22.5,288,4.624,8,124,300.17,0,0,0,0,0,0,0,0,1,0,0,0,0,0,0,84.75,68,0.547,1,0,0,0,0,0,0,0,0,0,2280,2300,800,800,1090,1400,70,0.363,31,14.13,16.02,0,300.17,0,124,21,13.038,320,1,1.367,1.367,0.586,2.676,1.445,0.02,0,,,,74,0,0,0,0,0,0,0,0,0,0,4,0,0,7000,7000,22,237,1318,183,103,96,141,123,74,0,39321,424,286,365,390,222,253,26222,39321
107.521,21,2292,21,84,46,14.07,16.51,1.173,1,0,0,0,22.5,288,4.64,8,124,301.17,0,0,0,0,0,0,0,0,1,0,0,0,0,0,0,84.97,68,0.547,1,0,0,0,0,0,0,0,0,0,2280,2290,800,800,1090,1400,70,0.363,31,14.13,16.02,0,301.17,0,124,21,13.038,320,1,1.328,1.328,0.586,2.676,1.445,0.02,0,,,,189,0,0,0,0,0,0,0,0,0,0,4,0,0,7000,7000,22,237,1318,189,114,99,107,103,51,0,39321,438,289,360,385,227,244,26222,39321
107.581,21,2303,21,84,46,14.07,16.42,1.167,1,0,0,0,22.5,288,4.624,8,125,300.33,0,0,0,0,0,0,0,0,1,0,0,0,0,0,0,84.75,68,0.547,1,0,0,0,0,0,0,0,0,0,2320,2300,800,800,1090,1400,70,0.363,31,14.13,16.02,0,300.33,0,125,21,13.038,320,1,1.309,1.309,0.586,2.695,1.445,0.02,0,,,,85,0,0,0,0,0,0,0,0,0,0,4,0,0,7000,7000,22,237,1318,170,85,90,90,119,64,0,39321,441,286,351,376,236,239,26222,39321
107.641,21,2314,21,84,46,14.13,16.42,1.162,1,0,0,0,23,288,4.616,8,125,299.5,0,0,0,0,0,0,0,0,1,0,0,0,0,0,0,84.52,67,0.547,1,0,0,0,0,0,0,0,0,0,2320,2310,800,800,1090,1400,70,0.367,31.5,14.18,15.91,0,299.5,0,125,21,13.038,320,1,1.309,1.309,0.586,2.695,1.445,0.02,0,,,,112,0,0,0,0,0,0,0,0,0,0,4,0,0,7000,7000,22,237,1318,164,78,112,117,78,64,0,39321,441,284,343,374,233,236,26222,39321
107.701,21,2316,21,84,46,14.13,16.29,1.153,1,0,0,0,23,288,4.6,8,125,299.5,0,0,0,0,0,0,0,0,1,0,0,0,0,0,0,84.52,67,0.547,1,0,0,0,0,0,0,0,0,0,2320,2320,800,800,1090,1400,70,0.367,31.5,14.18,15.79,0,299.5,0,125,21,13.038,320,1,1.328,1.328,0.586,2.695,1.445,0.02,0,,,,109,0,0,0,0,0,0,0,0,0,0,4,0,0,7000,7000,22,237,1318,159,85,120,109,57,122,0,39321,441,281,343,365,227,244,26222,39321
107.761,21,2322,21,84,46,14.13,16.13,1.142,1,0,0,0,23,288,4.6,8,125,299.5,0,0,0,0,0,0,0,0,1,0,0,0,0,0,0,84.52,67,0.547,1,0,0,0,0,0,0,0,0,0,2320,2320,800,800,1090,1400,70,0.367,31.5,14.18,15.73,0,299.5,0,125,21,13.038,320,1,1.328,1.328,0.586,2.695,1.445,0.02,0,,,,70,0,0,0,0,0,0,0,0,0,0,4,0,0,7000,7000,22,237,1318,122,93,119,96,70,74,0,39321,435,281,343,357,227,241,26222,39321
107.821,20,2338,21,84,46,14.13,15.98,1.131,1,0,0,0,23,288,4.576,8,125,297.83,0,0,0,0,0,0,0,0,1,0,0,0,0,0,0,84.07,67,0.547,1,0,0,0,0,0,0,0,0,0,2320,2340,800,800,1090,1400,70,0.367,31.5,14.18,15.56,0,297.83,0,125,21,13.038,322.56,1,1.348,1.348,0.586,2.695,1.426,0.02,0,,,,128,0,0,0,0,0,0,0,0,0,0,4,0,0,7000,7000,23,237,1318,215,85,116,127,61,128,0,39321,447,278,340,357,225,250,26222,39321
107.881,21,2343,21,84,46,14.13,15.98,1.131,1,0,0,0,23,288,4.576,8,126,297.67,0,0,0,0,0,0,0,0,1,0,0,0,0,0,0,84.07,67,0.547,1,0,0,0,0,0,0,0,0,0,2360,2340,800,800,1090,1400,70,0.367,31.5,14.18,15.45,0,297.67,0,126,21,13.038,322.56,1,1.328,1.328,0.586,2.695,1.445,0.02,0,,,,160,0,0,0,0,0,0,0,0,0,0,4,0,0,7000,7000,23,237,1318,160,91,127,106,47,123,0,39321,447,275,343,351,219,255,26222,39321
107.941,21,2354,21,84,46,14.13,15.98,1.131,1,0,0,0,23,288,4.56,8,126,296.33,0,0,0,0,0,0,0,0,1,0,0,0,0,0,0,83.62,67,0.547,1,0,0,0,0,0,0,0,0,0,2360,2350,800,800,1090,1400,70,0.367,31.5,14.18,15.45,0,296.33,0,126,21,13.038,322.56,1,1.309,1.309,0.586,2.695,1.445,0.02,0,,,,79,0,0,0,0,0,0,0,0,0,0,4,0,0,7000,7000,23,237,1318,167,79,126,131,68,133,0,39321,450,267,345,351,216,264,26222,39321
108.001,21,2355,21,84,46,14.13,15.91,1.126,1,0,0,0,23,288,4.568,8,126,296.83,0,0,0,0,0,0,0,0,1,0,0,0,0,0,0,83.85,67,0.547,1,0,0,0,0,0,0,0,0,0,2360,2360,800,800,1090,1400,70,0.367,31.5,14.18,15.5,0,296.83,0,126,21,13.038,322.56,1,1.289,1.289,0.586,2.695,1.445,0.02,0,,,,120,0,0,0,0,0,0,0,0,0,0,4,0,0,7000,7000,23,237,1318,154,71,120,105,87,172,0,39321,450,264,343,348,219,275,26222,39321
108.061,21,2362,21,84,46,14.13,15.91,1.126,1,0,0,0,23,288,4.576,9,127,297.83,0,0,0,0,0,0,0,0,1,0,0,0,0,0,0,84.07,67,0.547,1,0,0,0,0,0,0,0,0,0,2360,2360,800,800,1090,1400,70,0.367,31.5,14.18,15.45,0,297.83,0,127,21,13.038,322.56,1,1.289,1.289,0.586,2.695,1.445,0.02,0,,,,113,0,0,0,0,0,0,0,0,0,0,4,0,0,7000,7000,23,237,1318,156,76,138,113,87,172,0,39321,450,261,345,345,222,286,26222,39321
108.121,21,2382,21,84,46,14.13,15.91,1.126,1,0,0,0,23,288,4.6,9,128,299.5,0,0,0,0,0,0,0,0,1,0,0,0,0,0,0,84.52,67,0.547,1,0,0,0,0,0,0,0,0,0,2400,2380,800,800,1090,1400,70,0.367,31.5,14.18,15.5,0,299.5,0,128,21,13.038,320,1,1.328,1.328,0.586,2.695,1.465,0.02,0,,,,89,0,0,0,0,0,0,0,0,0,0,4,0,0,7000,7000,22,237,1318,193,63,133,105,89,121,0,39321,455,258,345,343,225,289,26222,39321
108.181,24,2385,21,84,46,14.01,15.91,1.135,1,0,0,0,22.5,288,4.816,9,135,314.67,0,0,0,0,0,0,0,0,1,0,0,0,0,0,0,86.54,70,0.563,1,0,0,0,0,0,0,0,0,0,2400,2390,800,800,1090,1400,69,0.379,31,14.07,15.62,0,314.67,0,135,21,13.038,320,1,1.426,1.426,0.586,2.695,1.582,0.02,0,,,,113,0,0,0,0,0,0,0,0,0,0,4,0,0,7000,7000,22,237,1318,113,109,135,104,89,140,0,39321,444,261,348,337,227,306,26222,39321
108.241,26,2390,21,84,46,13.9,15.91,1.145,1,0,0,0,22,282,5.08,10,143,332.33,0,0,0,0,0,0,0,0,1,0,0,0,0,0,0,90.14,73,0.57,1,0,0,0,0,0,0,0,0,0,2400,2390,800,800,1090,1400,69,0.383,30.5,13.95,15.56,0,332.33,0,143,21,13.038,314.88,1,1.387,1.387,0.586,2.695,1.641,0.02,0,,,,96,0,0,0,0,0,0,0,0,0,0,4,0,0,7000,7000,21,237,1318,183,96,146,146,91,116,0,39321,447,264,351,343,227,309,26222,39321
108.301,27,2399,21,84,46,13.78,15.91,1.154,1,0,0,0,21.5,282,5.248,10,147,341.17,0,0,0,0,0,0,0,0,1,0,0,0,0,0,0,92.39,76,0.57,1,0,0,0,0,0,0,0,0,0,2400,2400,800,800,1090,1400,69,0.387,30,13.84,15.56,0,341.17,0,147,21,13.038,312.32,1,1.523,1.523,0.586,2.695,1.699,0.02,0,,,,146,0,0,0,0,0,0,0,0,0,0,4,0,0,7000,7000,21,237,1318,179,87,146,107,94,146,0,39321,450,264,357,340,227,317,26222,39321
108.361,28,2414,21,84,46,13.67,15.98,1.169,1,0,0,0,21,282,5.416,10,153,352.67,0,0,0,0,0,0,0,0,1,0,0,0,0,0,0,94.19,78,0.578,1,0,0,0,0,0,0,0,0,0,2400,2410,800,800,1090,1400,69,0.391,29.5,13.72,15.62,0,352.67,0,153,21,13.038,312.32,1,1.504,1.504,0.586,2.695,1.719,0.02,0,,,,99,0,0,0,0,0,0,0,0,0,0,4,0,0,7000,7000,21,237,1318,239,78,134,99,98,131,0,39321,464,261,357,334,230,320,26222,39321
108.421,29,2423,21,84,46,13.67,16.13,1.18,1,0,0,0,21.5,282,5.512,11,156,358.5,0,0,0,0,0,0,0,0,1,0,0,0,0,0,0,94.41,78,0.586,1,0,0,0,0,0,0,0,0,0,2440,2420,800,800,1090,1400,68,0.398,30,13.72,15.73,0,358.5,0,156,21,13.038,312.32,1,1.543,1.543,0.586,2.695,1.738,0.02,0,,,,100,0,0,0,0,0,0,0,0,0,0,4,0,0,7000,7000,21,237,1318,208,71,103,92,100,159,0,39321,472,258,351,329,233,329,26222,39321
108.481,29,2437,21,84,46,13.67,15.98,1.169,1,0,0,0,21.5,282,5.512,11,157,358.33,0,0,0,0,0,0,0,0,1,0,0,0,0,0,0,94.41,78,0.586,1,0,0,0,0,0,0,0,0,0,2440,2440,800,800,1090,1400,68,0.398,30,13.72,15.85,0,358.33,0,157,21,13.038,312.32,1,1.504,1.504,0.586,2.695,1.738,0.02,0,,,,185,0,0,0,0,0,0,0,0,0,0,4,0,0,7000,7000,21,237,1318,185,75,146,151,95,146,0,39321,480,255,357,334,233,334,26222,39321
108.541,29,2457,21,84,46,13.67,15.98,1.169,1,0,0,0,21.5,282,5.504,11,158,357.5,0,0,0,0,0,0,0,0,1,0,0,0,0,0,0,94.19,78,0.586,1,0,0,0,0,0,0,0,0,0,2440,2460,800,800,1090,1400,68,0.398,30,13.72,15.56,0,357.5,0,158,21,13.038,312.32,1,1.582,1.582,0.586,2.695,1.738,0.02,0,,,,96,0,0,0,0,0,0,0,0,0,0,4,0,0,7000,7000,21,237,1318,121,96,143,170,110,164,0,39321,472,255,360,345,236,343,26222,39321
108.601,29,2457,21,84,46,13.67,15.76,1.153,1,0,0,0,21.5,282,5.504,11,158,357.33,0,0,0,0,0,0,0,0,1,0,0,0,0,0,0,94.19,78,0.586,1,0,0,0,0,0,0,0,0,0,2440,2460,800,800,1090,1400,68,0.398,30,13.72,15.39,0,357.33,0,158,21,13.038,312.32,1,1.582,1.582,0.586,2.695,1.738,0.02,0,,,,120,0,0,0,0,0,0,0,0,0,0,4,0,0,7000,7000,21,237,1318,176,93,120,103,100,121,0,39321,472,255,362,343,239,343,26222,39321
108.661,27,2467,21,84,46,13.72,15.41,1.123,1,0,0,0,21.5,282,5.408,11,156,352,0,0,0,0,0,0,0,0,1,0,0,0,0,0,0,93.96,77,0.578,1,0,0,0,0,0,0,0,0,0,2480,2470,800,800,1090,1400,68,0.391,30,13.78,15.33,0,352,0,156,21,13.038,312.32,1,1.484,1.484,0.586,2.695,1.699,0.02,0,,,,93,0,0,0,0,0,0,0,0,0,0,4,0,0,7000,7000,21,237,1318,125,64,123,112,93,115,0,39321,464,250,362,340,241,343,26222,39321
108.721,26,2477,21,84,46,13.78,15.35,1.114,1,0,0,0,22,282,5.28,10,153,342.17,0,0,0,0,0,0,0,0,1,0,0,0,0,0,0,92.39,76,0.57,1,0,0,0,0,0,0,0,0,0,2480,2480,800,800,1090,1400,68,0.391,30.5,13.84,14.93,0,342.17,0,153,21,13.038,312.32,1,1.465,1.465,0.586,2.695,1.66,0.02,0,,,,113,0,0,0,0,0,0,0,0,0,0,4,0,0,7000,7000,21,237,1318,153,66,119,206,82,113,0,39321,464,244,362,354,241,348,26222,39321
108.781,26,2490,21,84,46,13.78,15.35,1.114,1,0,0,0,22,282,5.216,10,152,338.83,0,0,0,0,0,0,0,0,1,0,0,0,0,0,0,91.72,75,0.57,1,0,0,0,0,0,0,0,0,0,2480,2490,800,800,1090,1400,68,0.391,30.5,13.84,14.93,0,338.83,0,152,21,13.038,314.88,1,1.465,1.465,0.586,2.695,1.641,0.02,0,,,,44,0,0,0,0,0,0,0,0,0,0,4,0,0,7000,7000,21,237,1318,119,44,164,157,71,196,0,39321,452,233,368,360,239,362,26222,39321
108.841,25,2492,21,84,46,13.84,15.2,1.098,1,0,0,0,22.5,288,5.096,10,149,331,0,0,0,0,0,0,0,0,1,0,0,0,0,0,0,90.82,74,0.563,1,0,0,0,0,0,0,0,0,0,2480,2490,800,800,1090,1400,68,0.387,31,13.9,14.64,0,331,0,149,21,13.038,314.88,1,1.465,1.465,0.586,2.695,1.621,0.02,0,,,,177,0,0,0,0,0,0,0,0,0,0,4,0,0,7000,7000,21,237,1318,167,57,177,167,83,111,0,39321,455,227,379,368,239,357,26222,39321
108.901,25,2505,21,84,46,13.84,15.2,1.098,1,0,0,0,22.5,288,5.032,10,148,327.83,0,0,0,0,0,0,0,0,1,0,0,0,0,0,0,89.92,73,0.563,1,0,0,0,0,0,0,0,0,0,2520,2510,800,800,1090,1400,68,0.387,31,13.9,14.76,0,327.83,0,148,21,13.038,314.88,1,1.406,1.406,0.586,2.695,1.602,0.02,0,,,,80,0,0,0,0,0,0,0,0,0,0,4,0,0,7000,7000,21,237,1318,164,61,167,165,80,107,0,39321,455,225,385,379,236,354,26222,39321
108.961,24,2513,21,84,46,13.95,15.2,1.089,1,0,0,0,23,288,4.992,10,147,324.5,0,0,0,0,0,0,0,0,1,0,0,0,0,0,0,89.02,72,0.563,1,0,0,0,0,0,0,0,0,0,2520,2510,800,800,1090,1400,68,0.383,31.5,14.01,14.7,0,324.5,0,147,21,13.038,317.44,1,1.426,1.426,0.586,2.695,1.582,0.02,0,,,,120,0,0,0,0,0,0,0,0,0,0,4,0,0,7000,7000,22,237,1318,181,62,188,170,65,120,0,39321,458,222,393,385,233,351,26222,39321
109.021,23,2525,21,84,46,13.95,15.2,1.089,1,0,0,0,23,288,4.904,10,145,319.5,0,0,0,0,0,0,0,0,1,0,0,0,0,0,0,87.67,71,0.563,1,0,0,0,0,0,0,0,0,0,2520,2530,800,800,1090,1400,68,0.383,31.5,14.01,14.76,0,319.5,0,145,21,13.038,317.44,1,1.367,1.367,0.586,2.695,1.543,0.02,0,,,,68,0,0,0,0,0,0,0,0,0,0,4,0,0,7000,7000,22,237,1318,201,68,208,186,120,78,0,39321,469,216,407,393,239,343,26222,39321
109.081,23,2535,21,84,46,14.01,15.2,1.085,1,0,0,0,23,288,4.848,10,144,316.17,0,0,0,0,0,0,0,0,1,0,0,0,0,0,0,86.77,70,0.563,1,0,0,0,0,0,0,0,0,0,2520,2540,800,800,1090,1400,68,0.383,31.5,14.07,14.81,0,316.17,0,144,21,13.038,320,1,1.367,1.367,0.586,2.715,1.543,0.02,0,,,,118,0,0,0,0,0,0,0,0,0,0,4,0,0,7000,7000,22,237,1318,200,68,118,219,159,86,0,39321,475,216,399,407,250,337,26222,39321
109.141,22,2536,21,84,46,14.07,15.13,1.075,1,0,0,0,23.5,288,4.76,10,142,310.67,0,0,0,0,0,0,0,0,1,0,0,0,0,0,0,86.32,69,0.555,1,0,0,0,0,0,0,0,0,0,2520,2540,800,800,1090,1400,68,0.379,32,14.13,14.81,0,310.67,0,142,21,13.038,320,1,1.367,1.367,0.586,2.715,1.504,0.02,0,,,,164,0,0,0,0,0,0,0,0,0,0,4,0,0,7000,7000,22,237,1318,205,55,139,198,164,80,0,39321,480,210,399,419,272,331,26222,39321
109.201,22,2547,21,84,46,14.13,15.13,1.071,1,0,0,0,23.5,288,4.68,9,140,305.5,0,0,0,0,0,0,0,0,1,0,0,0,0,0,0,84.97,68,0.555,1,0,0,0,0,0,0,0,0,0,2560,2550,800,800,1090,1400,68,0.379,32,14.18,14.81,0,305.5,0,140,21,13.038,320,1,1.387,1.387,0.586,2.715,1.504,0.02,0,,,,175,0,0,0,0,0,0,0,0,0,0,4,0,0,7000,7000,22,237,1318,175,58,173,197,140,93,0,39321,492,208,405,427,278,323,26222,39321
109.261,22,2553,21,84,46,14.13,15.13,1.071,1,0,0,0,24,288,4.648,9,139,302.83,0,0,0,0,0,0,0,0,1,0,0,0,0,0,0,84.3,67,0.555,1,0,0,0,0,0,0,0,0,0,2560,2550,800,800,1090,1400,68,0.379,32.5,14.18,14.76,0,302.83,0,139,21,13.038,322.56,1,1.328,1.328,0.586,2.715,1.484,0.02,0,,,,55,0,0,0,0,0,0,0,0,0,0,4,0,0,7000,7000,23,237,1318,214,55,137,208,145,81,0,39321,497,202,402,438,286,317,26222,39321
109.321,22,2564,21,84,46,14.13,15.13,1.071,1,0,0,0,24,288,4.648,9,140,302.83,0,0,0,0,0,0,0,0,1,0,0,0,0,0,0,84.3,67,0.555,1,0,0,0,0,0,0,0,0,0,2560,2550,800,800,1090,1400,68,0.379,32.5,14.18,14.81,0,302.83,0,140,21,13.038,322.56,1,1.328,1.328,0.586,2.715,1.484,0.02,0,,,,270,0,0,0,0,0,0,0,0,0,0,4,0,0,7000,7000,23,237,1318,210,76,160,270,172,96,0,39321,503,202,405,464,298,315,26222,39321
109.381,22,2569,21,84,46,14.13,15.13,1.071,1,0,0,0,24,288,4.624,9,139,301.33,0,0,0,0,0,0,0,0,1,0,0,0,0,0,0,83.85,67,0.555,1,0,0,0,0,0,0,0,0,0,2560,2550,800,800,1090,1400,68,0.379,32.5,14.18,14.81,0,301.33,0,139,21,13.038,322.56,1,1.348,1.348,0.586,2.715,1.484,0.02,0,,,,93,0,0,0,0,0,0,0,0,0,0,4,0,0,7000,7000,23,237,1318,208,75,140,200,143,93,0,39321,509,202,405,469,312,306,26222,39321
109.441,23,2583,21,84,46,14.13,15.13,1.071,1,0,0,0,24,288,4.672,10,142,305.17,0,0,0,0,0,0,0,0,1,0,0,0,0,0,0,83.85,67,0.563,1,0,0,0,0,0,0,0,0,0,2600,2550,800,800,1090,1400,68,0.383,32.5,14.18,14.81,0,305.17,0,142,21,13.038,322.56,1,1.289,1.289,0.586,2.715,1.523,0.02,0,,,,195,0,0,0,0,0,0,0,0,0,0,4,0,0,7000,7000,23,237,1318,195,78,168,187,165,81,0,39321,514,205,407,472,323,300,26222,39321
109.501,24,2583,21,84,46,14.07,15.13,1.075,1,0,0,0,23.5,288,4.768,10,146,312.83,0,0,0,0,0,0,0,0,1,0,0,0,0,0,0,85.87,69,0.563,1,0,0,0,0,0,0,0,0,0,2600,2550,800,800,1090,1400,68,0.387,32,14.13,14.76,0,312.83,0,146,21,13.038,320,1,1.367,1.367,0.586,2.715,1.563,0.02,0,,,,149,0,0,0,0,0,0,0,0,0,0,4,0,0,7000,7000,22,237,1318,261,44,149,193,139,91,0,39321,528,199,410,475,329,298,26222,39321
109.561,9,2598,21,84,46,14.24,15.2,1.067,1,0,0,0,24.5,294,3.904,8,115,245.67,0,0,0,0,0,0,0,0,0,0,0,0,0,0,0,78,61,0.484,1,0,0,0,0,0,0,0,0,0,2600,2550,800,800,1090,1400,71,0.313,34,14.41,14.81,0,245.67,0,115,21,13.038,327.68,1,1.113,1.113,0.586,2.715,1.016,0.02,0,,,,183,0,0,0,0,0,0,0,0,0,0,4,0,0,7000,7000,24,237,1318,245,53,161,243,183,105,0,39321,540,196,413,497,340,298,26222,39321
109.621,0,2577,21,84,46,14.59,15.13,1.037,1,0,0,0,26,294,2.248,4,54,117,0,0,0,0,0,0,0,0,0,0,0,0,0,0,1,60.24,42,0.25,1,0,0,0,0,0,0,0,0,0,2560,2550,800,800,1090,1400,72,0.273,42,14.7,14.87,0,117,0,54,21,13.038,345.6,1,0.781,0.781,0.586,2.715,0.645,0.02,0,,,,270,0,0,0,0,0,0,0,0,0,0,4,0,0,7000,7000,27,237,1318,270,93,184,216,226,88,0,39321,570,199,419,506,357,300,26222,39321
109.681,6,2534,21,84,46,14.76,15.13,1.025,1,1.566,0,0,26,294,2.36,4,58,126.83,0,0,0,0,0,0,0,0,0,0,0,0,0,0,0,50.13,31,0.398,1,0,0,0,0,0,0,0,0,0,2520,2530,800,800,1090,1400,72,0.293,47,14.81,14.81,0,126.83,0,58,21,13.038,355.84,1,0.605,0.605,0.586,2.715,0.918,0.02,0,,,,92,0,0,0,0,0,0,0,0,0,0,4,0,0,7000,7000,29,237,1318,272,92,182,296,148,118,0,39321,582,202,424,528,360,303,26222,39321
109.741,49,2572,21,84,46,14.36,14.6,1.017,1,0.117,0,2.492,22.5,282,6.88,14,177,381.67,0,0,0,0,0,0,1,0,1,0,0,0,0,0,0,92.16,76,0.648,1,0,0,0,0,0,0,0,0,0,2560,2550,800,800,1090,1400,67,0.426,31,13.84,14.24,0,381.67,0,177,21,13.038,312.32,1,1.602,1.602,0.586,2.715,2.48,0.02,0,,,,145,0,0,0,0,0,0,0,0,0,0,4,0,0,7000,7000,21,237,1318,135,61,157,145,192,84,0,39321,568,199,433,528,371,300,26222,39321
109.801,62,2802,21,84,46,13.67,14.29,1.046,1,0.008,0,1.43,22,276,7.68,17,238,472,0,0,0,0,0,0,1,0,1,0,0,0,0,0,0,104.75,89,0.695,1,0,0,0,0,0,0,0,0,0,2800,2550,800,800,1090,1400,67,0.445,30.5,13.44,14.18,0,472,0,238,21,13.038,302.08,1,1.816,1.816,0.586,2.715,2.969,0.02,0,,,,138,0,0,0,0,0,0,0,0,0,0,4,0,0,7000,7000,19,237,1318,219,84,114,233,60,138,0,39321,570,199,427,513,341,287,26222,39321
109.861,31,3158,21,84,46,13.55,14.29,1.054,1,0,0,0.496,23.5,270,5.832,15,203,356.67,0,0,0,0,0,0,1,0,1,0,0,0,0,0,0,97.34,81,0.563,1,0,0,0,0,0,0,0,0,0,3160,2550,800,800,1090,1400,66,0.441,32,13.61,13.84,0,356.67,0,203,21,13.038,307.2,1,1.563,1.563,0.586,2.715,1.836,0.02,0,,,,237,0,0,0,0,0,0,0,0,0,0,4,0,0,7000,7000,20,237,1318,222,110,237,319,175,131,0,39321,540,198,419,534,349,292,26222,39321
109.921,12,3465,21,84,46,13.9,14.35,1.032,1,0,0,0.164,25,270,3.944,11,148,237.67,0,0,0,0,0,0,0,0,1,0,0,0,0,0,0,73.06,55,0.5,1,0,0,0,0,0,0,0,0,0,3480,2550,800,800,1090,1400,70,0.336,36,14.36,13.9,0,237.67,0,148,21,13.038,332.8,1,1.055,1.055,0.586,2.715,1.113,0.02,0,,,,413,0,0,0,0,0,0,0,0,0,0,4,0,0,7000,7000,25,237,1318,413,195,354,343,415,283,0,39321,532,192,401,510,361,308,26222,39321
109.981,15,3599,21,84,46,14.24,13.82,0.97,1,0,0,0.047,26.5,276,3.408,10,133,205.17,0,0,0,0,0,0,0,0,1,0,0,0,0,0,0,61.59,43,0.516,1,0,0,0,0,0,0,0,0,0,3600,2550,800,800,1090,1400,70,0.355,41.5,14.53,13.32,0,205.17,0,133,21,13.038,343.04,1,0.801,0.801,0.586,2.715,1.23,0.02,0,,,,366,0,0,0,0,0,0,0,0,0,0,4,0,0,7000,7000,27,237,1318,319,247,429,427,427,366,0,39321,546,225,472,562,425,363,26222,39321
110.041,38,3695,21,84,45,14.07,13.32,0.947,1,0,0,0.863,26.5,264,5.52,16,226,339.17,0,0,0,0,0,0,0,0,1,0,0,0,0,0,0,80.25,63,0.656,1,0,0,0,0,0,0,0,0,0,3680,2550,800,800,1090,1400,65,0.496,35,14.13,13.32,0,339.17,0,226,21,13.038,325.12,1,1.25,1.25,0.586,2.715,2.09,0.02,0,,,,333,0,0,0,0,0,0,0,0,0,0,4,0,0,7000,7000,23,237,1318,307,153,333,333,333,299,0,39321,581,251,520,603,470,384,26222,39321
110.101,44,3937,21,84,45,13.38,13.32,0.995,1,0,0,0.398,25,252,7.224,23,329,469,0,0,0,0,0,0,1,0,1,0,0,0,0,0,0,97.34,81,0.742,1,0,0,0,0,0,0,0,0,0,3920,2550,800,800,1090,1400,62,0.535,33.5,13.44,12.92,0,469,0,329,21,13.038,307.2,1,1.621,1.621,0.586,2.715,2.305,0.02,0,,,,287,0,0,0,0,0,0,0,0,0,0,4,0,0,7000,7000,20,237,1318,222,156,299,204,287,169,0,39321,581,261,546,603,498,394,26222,39321
110.161,19,4219,21,84,45,13.67,13.07,0.956,1,0,0,0.09,26.5,264,4.512,15,210,276.67,0,0,0,0,0,0,0,0,1,0,0,0,0,0,0,78.23,62,0.539,1,0,0,0,0,0,0,0,0,0,4200,2550,800,800,1090,1400,67,0.402,36,13.78,12.69,0,270,0,205,21,13.038,327.68,1,1.23,1.23,0.586,2.734,1.387,0.02,0,,,,278,0,0,0,0,0,0,0,0,0,0,4,0,0,7000,7000,24,237,1318,265,225,278,111,278,151,0,39321,591,287,558,572,515,380,26222,39321
110.221,18,4366,21,84,45,13.78,12.97,0.941,1,0,0,0.016,28,264,3.656,13,173,220,0,0,0,0,0,0,0,0,1,0,0,0,0,0,0,64.74,47,0.523,1,0,0,0,0,0,0,0,0,0,4360,2550,800,800,1090,1400,67,0.398,39.5,13.84,12.63,0,220,0,173,21,13.038,340.48,1,0.938,0.938,0.586,2.734,1.367,0.02,0,,,,127,0,0,0,0,0,0,0,0,0,0,4,0,0,7000,7000,26,237,1318,226,170,298,198,298,127,0,39321,589,311,574,574,536,370,26222,39321
110.281,21,4393,21,84,45,13.78,12.72,0.923,1,0,0,0,29.5,264,3.696,13,177,224,0,0,0,0,0,0,0,0,1,0,0,0,0,0,0,63.17,45,0.547,1,0,0,0,0,0,0,0,0,0,4400,2550,800,800,1090,1400,67,0.426,40.5,13.84,12.58,0,224,0,177,21,13.038,343.04,1,0.84,0.84,0.586,2.734,1.445,0.02,0,,,,265,0,0,0,0,0,0,0,0,0,0,4,0,0,7000,7000,27,237,1318,265,190,291,286,292,149,0,39321,579,325,589,586,553,365,26222,39321
110.341,21,4355,21,84,45,13.78,12.72,0.923,1,0,0,0,31,264,3.688,13,175,223.17,0,0,0,0,0,0,0,0,1,0,0,0,0,0,0,62.94,45,0.547,1,0,0,0,0,0,0,0,0,0,4360,2550,800,800,1090,1400,67,0.426,40.5,13.84,12.46,0,223.67,0,175,21,13.038,343.04,1,0.84,0.84,0.586,2.734,1.445,0.02,0,,,,217,0,0,0,0,0,0,0,0,0,0,4,0,0,7000,7000,27,237,1318,232,217,290,271,288,97,0,39321,574,353,600,586,567,351,26222,39321
110.401,20,4233,21,84,45,13.9,12.57,0.904,1,0,0,0,32,264,3.624,12,168,218.83,0,0,0,0,0,0,0,0,1,0,0,0,0,0,0,62.72,45,0.539,1,0,0,0,0,0,0,0,0,0,4240,2550,800,800,1090,1400,67,0.414,40.5,13.95,12.35,0,218.83,0,168,21,13.038,343.04,1,0.82,0.82,0.586,2.734,1.426,0.02,0,,,,287,0,0,0,0,0,0,0,0,0,0,4,0,0,7000,7000,27,237,1318,207,168,287,273,261,100,0,39321,562,358,615,591,577,342,26222,39321
110.461,20,4101,21,84,45,14.01,12.49,0.892,1,0,0,0,32,270,3.6,12,162,220,0,0,0,0,0,0,0,0,1,0,0,0,0,0,0,62.94,45,0.539,1,0,0,0,0,0,0,0,0,0,4120,2550,800,800,1090,1400,67,0.41,40.5,14.07,12.35,0,220,0,162,21,13.038,343.04,1,0.859,0.859,0.586,2.734,1.426,0.02,0,,,,284,0,0,0,0,0,0,0,0,0,0,4,0,0,7000,7000,27,237,1318,234,204,284,182,287,158,0,39321,567,375,622,581,589,349,26222,39321
110.521,20,3965,21,84,45,14.13,12.49,0.885,1,0,0,0,31.5,270,3.632,11,160,224.5,0,0,0,0,0,0,0,0,1,0,0,0,0,0,0,64.29,46,0.539,1,0,0,0,0,0,0,0,0,0,3960,2550,800,800,1090,1400,67,0.41,40,14.18,12.23,0,224.5,0,160,21,13.038,340.48,1,0.879,0.879,0.586,2.734,1.426,0.02,0,,,,282,0,0,0,0,0,0,0,0,0,0,4,0,0,7000,7000,26,237,1318,278,133,282,144,284,128,0,39321,565,380,627,562,600,356,26222,39321
110.581,21,3915,21,84,45,14.18,12.49,0.881,1,0,0,0,31,270,3.72,12,163,231.67,0,0,0,0,0,0,0,0,1,0,0,0,0,0,0,65.41,47,0.547,1,0,0,0,0,0,0,0,0,0,3920,2550,800,800,1090,1400,67,0.418,39.5,14.24,12.29,0,231.67,0,163,21,13.038,340.48,1,0.938,0.938,0.586,2.734,1.465,0.02,0,,,,321,0,0,0,0,0,0,0,0,0,0,4,0,0,7000,7000,26,237,1318,321,239,321,296,324,167,0,39321,581,401,641,572,619,358,26222,39321
110.641,25,3993,21,84,45,14.01,12.6,0.899,1,0,0,0,29,264,4.192,13,191,266.83,0,0,0,0,0,0,0,0,1,0,0,0,0,0,0,70.36,53,0.586,1,0,0,0,0,0,0,0,0,0,4000,2550,800,800,1090,1400,66,0.449,37.5,14.07,12.29,0,266.83,0,191,21,13.038,335.36,1,1.016,1.016,0.586,2.734,1.602,0.02,0,,,,312,0,0,0,0,0,0,0,0,0,0,4,0,0,7000,7000,25,237,1318,298,218,312,310,315,146,0,39321,600,420,653,577,634,356,26222,39321
110.701,26,4098,21,84,45,13.9,12.79,0.92,1,0,0,0,28,264,4.496,15,212,288,0,0,0,0,0,0,0,0,1,0,0,0,0,0,0,74.85,57,0.594,1,0,0,0,0,0,0,0,0,0,4080,2550,800,800,1090,1400,66,0.461,36.5,13.95,12.35,0,288,0,212,21,13.038,330.24,1,1.133,1.133,0.586,2.734,1.66,0.02,0,,,,275,0,0,0,0,0,0,0,0,0,0,4,0,0,7000,7000,24,237,1318,243,161,275,188,215,146,0,39321,600,415,653,572,629,356,26222,39321
110.761,27,4118,21,84,45,13.84,12.79,0.924,1,0,0,0,28,264,4.672,16,222,298.83,0,0,0,0,0,0,0,0,1,0,0,0,0,0,0,76.65,59,0.602,1,0,0,0,0,0,0,0,0,0,4120,2550,800,800,1090,1400,65,0.473,36.5,13.9,12.52,0,298.83,0,222,21,13.038,330.24,1,1.152,1.152,0.586,2.734,1.699,0.02,0,,,,186,0,0,0,0,0,0,0,0,0,0,4,0,0,7000,7000,24,237,1318,264,214,276,186,275,144,0,39321,608,425,653,546,631,358,26222,39321
110.821,27,4074,21,84,45,13.9,13.26,0.954,1,0,0,0,27.5,264,4.712,15,222,303.33,0,0,0,0,0,0,0,0,1,0,0,0,0,0,0,77.78,60,0.602,1,0,0,0,0,0,0,0,0,0,4080,2550,800,800,1090,1400,65,0.469,36,13.95,12.92,0,303.33,0,222,21,13.038,327.68,1,1.27,1.27,0.586,2.734,1.699,0.02,0,,,,175,0,0,0,0,0,0,0,0,0,0,4,0,0,7000,7000,24,237,1318,173,192,275,175,275,160,0,39321,596,429,653,527,634,361,26222,39321
110.881,28,4048,21,84,45,13.84,13.69,0.989,1,0,0,0,26.5,264,4.872,16,230,315.33,0,0,0,0,0,0,0,0,1,0,0,0,0,0,0,80.03,63,0.609,1,0,0,0,0,0,0,0,0,0,4040,2550,800,800,1090,1400,65,0.473,35,13.9,13.38,0,315.33,0,230,21,13.038,325.12,1,1.23,1.23,0.586,2.734,1.719,0.02,0,,,,197,0,0,0,0,0,0,0,0,0,0,4,0,0,7000,7000,23,237,1318,274,234,276,197,276,119,0,39321,593,448,655,515,638,353,26222,39321
110.941,30,4098,21,84,45,13.84,13.94,1.007,1,0,0,0,26.5,258,5.128,17,246,333.83,0,0,0,0,0,0,0,0,1,0,0,0,0,0,0,81.6,64,0.633,1,0,0,0,0,0,0,0,0,0,4080,2550,800,800,1090,1400,64,0.488,35,13.9,13.32,0,333.83,0,246,21,13.038,325.12,1,1.172,1.172,0.586,2.754,1.777,0.02,0,,,,210,0,0,0,0,0,0,0,0,0,0,4,0,0,7000,7000,23,237,1318,276,147,276,210,274,135,0,39321,593,448,655,510,641,346,26222,39321
111.001,32,4166,21,84,45,13.67,13.94,1.02,1,0,0,0,26.5,258,5.36,18,261,348.5,0,0,0,0,0,0,0,0,1,0,0,0,0,0,0,82.95,66,0.648,1,0,0,0,0,0,0,0,0,0,4160,2550,800,800,1090,1400,64,0.504,35,13.72,13.44,0,348.5,0,261,21,13.038,322.56,1,1.367,1.367,0.586,2.754,1.855,0.02,0,,,,269,0,0,0,0,0,0,0,0,0,0,4,0,0,7000,7000,23,237,1318,269,263,270,123,269,176,0,39321,598,458,655,489,641,351,26222,39321
111.061,33,4177,21,84,45,13.61,13.98,1.027,1,0,0,0,26.5,258,5.576,19,274,363.17,0,0,0,0,0,0,0,0,1,0,0,0,0,0,0,85.42,68,0.656,1,0,0,0,0,0,0,0,0,0,4200,2550,800,800,1090,1400,64,0.512,35,13.67,13.49,0,363.17,0,274,21,13.038,320,1,1.27,1.27,0.586,2.754,1.914,0.02,0,,,,269,0,0,0,0,0,0,0,0,0,0,4,0,0,7000,7000,22,237,1318,244,174,269,194,269,138,0,39321,591,453,653,470,641,353,26222,39321
111.121,34,4170,21,84,45,13.61,13.94,1.024,1,0,0,0,26.5,258,5.712,19,279,372,0,0,0,0,0,0,0,0,1,0,0,0,0,0,0,86.54,70,0.664,1,0,0,0,0,0,0,0,0,0,4160,2550,800,800,1090,1400,63,0.516,35,13.67,13.49,0,372,0,279,21,13.038,320,1,1.387,1.387,0.586,2.754,1.934,0.02,0,,,,123,0,0,0,0,0,0,0,0,0,0,4,0,0,7000,7000,22,237,1318,239,269,269,205,269,123,0,39321,593,475,650,470,638,346,26222,39321
111.181,34,4177,21,84,45,13.55,13.72,1.012,1,0,0,0,26,258,5.792,20,284,378,0,0,0,0,0,0,0,0,1,0,0,0,0,0,0,87.89,71,0.664,1,0,0,0,0,0,0,0,0,0,4160,2550,800,800,1090,1400,63,0.516,34.5,13.61,13.49,0,378,0,284,21,13.038,317.44,1,1.367,1.367,0.586,2.754,1.953,0.02,0,,,,138,0,0,0,0,0,0,0,0,0,0,4,0,0,7000,7000,22,237,1318,271,177,271,207,271,138,0,39321,596,458,650,463,641,346,26222,39321
111.241,35,4230,21,84,45,13.55,13.72,1.012,1,0,0,0,26.5,258,5.832,20,288,379.33,0,0,0,0,0,0,0,0,1,0,0,0,0,0,0,86.99,70,0.672,1,0,0,0,0,0,0,0,0,0,4240,2550,800,800,1090,1400,63,0.52,35,13.61,13.26,0,379.33,0,288,21,13.038,320,1,1.348,1.348,0.586,2.754,1.992,0.02,0,,,,191,0,0,0,0,0,0,0,0,0,0,4,0,0,7000,7000,22,237,1318,191,232,269,165,267,92,0,39321,591,456,650,453,638,334,26222,39321
111.301,37,4273,21,84,45,13.44,13.57,1.01,1,0,0,0,26.5,258,6.096,21,306,397.33,0,0,0,0,0,0,0,0,1,0,0,0,0,0,0,88.34,72,0.695,1,0,0,0,0,0,0,0,0,0,4280,2550,800,800,1090,1400,63,0.535,35,13.49,13.21,0,397.33,0,306,21,13.038,317.44,1,1.445,1.445,0.586,2.754,2.051,0.02,0,,,,172,0,0,0,0,0,0,0,0,0,0,4,0,0,7000,7000,22,237,1318,166,172,267,215,240,115,0,39321,567,465,648,453,636,330,26222,39321
111.361,40,4291,21,84,45,13.38,13.47,1.006,1,0,0,0,26,246,6.488,23,328,424.67,0,0,0,0,0,0,0,0,1,0,0,0,0,0,0,91.27,75,0.719,1,0,0,0,0,0,0,0,0,0,4280,2550,800,800,1090,1400,62,0.547,34.5,13.44,13.15,0,424.67,0,328,21,13.038,314.88,1,1.465,1.465,0.586,2.754,2.168,0.02,0,,,,232,0,0,0,0,0,0,0,0,0,0,4,0,0,7000,7000,21,237,1318,149,122,232,162,264,118,0,39321,548,453,641,451,636,318,26222,39321
111.421,45,4317,21,84,45,13.26,13.38,1.008,1,0,0,0,25.5,246,7.128,25,362,465.5,0,0,0,0,0,0,1,0,1,0,0,0,0,0,0,94.86,78,0.758,1,0,0,0,0,0,0,0,0,0,4320,2550,800,800,1090,1400,61,0.566,34,13.32,13.15,0,465.5,0,362,21,13.038,309.76,1,1.543,1.543,0.586,2.754,2.344,0.02,0,,,,166,0,0,0,0,0,0,0,0,0,0,4,0,0,7000,7000,20,237,1318,180,130,267,166,267,130,0,39321,534,444,638,444,636,313,26222,39321
111.481,48,4351,21,84,45,13.15,13.38,1.017,1,0,0,0,25,246,7.568,27,388,495.5,0,0,0,0,0,0,1,0,1,0,0,0,0,0,0,99.13,83,0.773,1,0,0,0,0,0,0,0,0,0,4360,2550,800,800,1090,1400,61,0.578,33.5,13.21,13.09,0,495.5,0,388,21,13.038,307.2,1,1.504,1.504,0.586,2.754,2.461,0.02,0,,,,267,0,0,0,0,0,0,0,0,0,0,4,0,0,7000,7000,20,237,1318,182,100,266,230,267,149,0,39321,529,427,629,439,629,311,26222,39321
111.541,51,4370,21,84,45,13.15,13.23,1.006,1,0,0,0,25,246,7.616,27,393,499.17,0,0,0,0,0,0,1,0,1,0,0,0,0,0,0,98.46,82,0.781,1,0,0,0,0,0,0,0,0,0,4360,2550,800,800,1090,1400,60,0.59,33.5,13.21,12.92,0,499.17,0,393,21,13.038,307.2,1,1.699,1.699,0.586,2.754,2.559,0.02,0,,,,117,0,0,0,0,0,0,0,0,0,0,4,0,0,7000,7000,20,237,1318,163,157,266,231,256,117,0,39321,513,415,622,453,627,311,26222,39321
111.601,55,4405,21,84,45,13.09,12.97,0.99,1,0,0,0,25,240,7.784,28,401,506.83,0,0,0,0,0,0,1,0,1,0,0,0,0,0,0,100.03,84,0.781,1,0,0,0,0,0,0,0,0,0,4400,2550,800,800,1090,1400,60,0.598,33.5,13.15,12.92,0,506.83,0,401,21,13.038,304.64,1,1.641,1.641,0.586,2.773,2.715,0.02,0,,,,270,0,0,0,0,0,0,0,0,0,0,4,0,0,7000,7000,19,237,1318,270,132,252,270,269,140,0,39321,517,413,622,470,629,313,26222,39321
111.661,59,4440,21,84,45,13.03,12.97,0.995,1,0,0,0,25,240,8.144,30,424,530,0,0,0,0,0,0,1,0,1,0,0,0,0,0,0,101.83,86,0.805,1,0,0,0,0,0,0,0,0,0,4440,2550,800,800,1090,1400,60,0.613,33.5,13.09,12.69,0,530,0,424,21,13.038,304.64,1,1.68,1.68,0.586,2.773,2.871,0.02,0,,,,224,0,0,0,0,0,0,0,0,0,0,4,0,0,7000,7000,19,237,1318,266,224,249,195,254,123,0,39321,532,439,622,467,622,308,26222,39321
111.721,61,4472,21,84,45,13.03,12.77,0.98,1,0,0,0,25,240,8.352,31,437,543.17,0,0,0,0,0,0,1,0,1,0,0,0,0,0,0,102.28,86,0.82,1,0,0,0,0,0,0,0,0,0,4480,2550,800,800,1090,1400,59,0.617,33.5,13.09,12.46,0,543.17,0,437,21,13.038,304.64,1,1.758,1.758,0.586,2.773,2.93,0.02,0,,,,170,0,0,0,0,0,0,0,0,0,0,4,0,0,7000,7000,19,237,1318,247,136,170,201,171,110,0,39321,539,432,608,472,600,304,26222,39321
111.781,61,4504,21,84,45,12.98,12.54,0.966,1,0,0,0,25,240,8.456,31,446,550.5,0,0,0,0,0,0,1,0,1,0,0,0,0,0,0,103.63,88,0.82,1,0,0,0,0,0,0,0,0,0,4520,2550,800,800,1090,1400,59,0.621,33.5,13.03,12.29,0,550.5,0,446,21,13.038,302.08,1,1.797,1.797,0.586,2.773,2.949,0.02,0,,,,108,0,0,0,0,0,0,0,0,0,0,4,0,0,7000,7000,19,237,1318,92,102,259,78,108,75,0,39321,498,410,608,418,534,292,26222,39321
111.841,62,4528,21,84,45,12.98,12.29,0.947,1,0,0,0,25,240,8.488,32,451,552.67,0,0,0,0,0,0,1,0,1,0,0,0,0,0,0,102.96,87,0.828,1,0,0,0,0,0,0,0,0,0,4520,2550,800,800,1090,1400,59,0.625,33.5,13.03,12.23,0,552.67,0,451,21,13.038,302.08,1,1.758,1.758,0.586,2.773,2.969,0.02,0,,,,74,0,0,0,0,0,0,0,0,0,0,4,0,0,7000,7000,19,237,1318,74,68,122,58,128,87,0,39321,458,380,567,394,503,275,26222,39321
111.901,62,4574,21,84,45,12.98,12.29,0.947,1,0,0,0,25,240,8.496,32,455,553,0,0,0,0,0,0,1,0,1,0,0,0,0,0,0,102.06,86,0.836,1,0,0,0,0,0,0,0,0,0,4560,2550,800,800,1090,1400,59,0.629,33.5,13.03,11.94,0,553,0,455,21,13.038,304.64,1,1.699,1.699,0.586,2.773,2.988,0.02,0,,,,72,0,0,0,0,0,0,0,0,0,0,4,0,0,7000,7000,19,237,1318,50,72,95,69,56,62,0,39321,420,349,527,365,465,258,26222,39321
111.961,63,4599,21,84,45,12.92,12.07,0.934,1,0,0,0,25,240,8.656,33,464,559.83,0,0,0,0,0,0,1,0,1,0,0,0,0,0,0,102.51,86,0.844,1,0,0,0,0,0,0,0,0,0,4600,2550,800,800,1090,1400,59,0.633,33.5,12.98,11.71,0,559.83,0,464,21,13.038,302.08,1,1.758,1.758,0.586,2.773,3.008,0.02,0,,,,48,0,0,0,0,0,0,0,0,0,0,4,0,0,7000,7000,19,237,1318,92,81,211,48,145,68,0,39321,391,332,494,323,441,247,26222,39321
112.021,64,4608,21,84,45,12.92,11.91,0.922,1,0,0,0,25,240,8.768,33,472,569.5,0,0,0,0,0,0,1,0,1,0,0,0,0,0,0,103.18,87,0.852,1,0,0,0,0,0,0,0,0,0,4600,2550,800,800,1090,1400,59,0.637,33.5,12.98,11.66,0,569.5,0,472,21,13.038,302.08,1,1.797,1.797,0.586,2.773,3.066,0.02,0,,,,60,0,0,0,0,0,0,0,0,0,0,4,0,0,7000,7000,19,237,1318,77,75,124,63,75,60,0,39321,365,311,475,301,399,232,26222,39321
112.081,66,4646,21,84,45,12.86,11.75,0.913,1,0,0,0,25,240,8.984,34,486,582.83,0,0,0,0,0,0,1,0,1,0,0,0,0,0,0,103.85,88,0.867,1,0,0,0,0,0,0,0,0,0,4640,2550,800,800,1090,1400,58,0.645,33.5,12.92,11.54,0,582.83,0,486,21,13.038,302.08,1,1.758,1.758,0.586,2.793,3.145,0.02,0,,,,53,0,0,0,0,0,0,0,0,0,0,4,0,0,7000,7000,19,237,1318,69,53,147,39,128,78,0,39321,327,282,465,277,382,223,26222,39321
112.141,68,4681,21,84,45,12.86,11.75,0.913,1,0,0,0,25,240,8.936,34,488,579.5,0,0,0,0,0,0,1,0,1,0,0,0,0,0,0,103.18,87,0.867,1,0,0,0,0,0,0,0,0,0,4680,2550,800,800,1090,1400,58,0.648,33.5,12.92,11.31,0,578.5,0,488,21,13.038,302.08,1,1.719,1.719,0.586,2.793,3.203,0.02,0,,,,84,0,0,0,0,0,0,0,0,0,0,4,0,0,7000,7000,19,237,1318,76,72,174,84,90,97,0,39321,311,268,453,258,365,218,26222,39321
112.201,71,4712,21,84,45,12.81,11.6,0.906,1,0,0,0,25.5,240,9.064,35,497,585.67,0,0,0,0,0,0,1,0,1,0,0,0,0,0,0,103.18,87,0.875,1,0,0,0,0,0,0,0,0,0,4720,2550,800,800,1090,1400,58,0.656,34,12.86,11.2,0,585.67,0,497,21,13.038,302.08,1,1.836,1.836,0.586,2.793,3.32,0.02,0,,,,90,0,0,0,0,0,0,0,0,0,0,4,0,0,7000,7000,19,237,1318,75,109,99,75,115,90,0,39321,296,261,429,249,349,216,26222,39321
112.261,74,4743,21,84,45,12.81,11.54,0.901,1,0,0,0,25.5,240,9.08,35,501,587,0,0,0,0,0,0,1,0,1,0,0,0,0,0,0,103.41,87,0.875,1,0,0,0,0,0,0,0,0,0,4760,2550,800,800,1090,1400,58,0.66,34,12.86,11.2,0,587,0,501,21,13.038,302.08,1,1.66,1.66,0.586,2.793,3.438,0.02,0,,,,69,0,0,0,0,0,0,0,0,0,0,4,0,0,7000,7000,19,237,1318,115,69,105,93,108,84,0,39321,292,247,403,251,330,213,26222,39321
112.321,77,4761,21,84,45,12.81,11.41,0.891,1,0,0,0,25.5,234,9.104,36,502,585.83,0,0,0,0,0,0,1,0,1,0,0,0,0,0,0,104.08,88,0.875,1,0,0,0,0,0,0,0,0,0,4760,2550,800,800,1090,1400,57,0.668,34,12.86,11.08,0,585.83,0,502,21,13.038,302.08,1,1.836,1.836,0.586,2.793,3.535,0.02,0,,,,84,0,0,0,0,0,0,0,0,0,0,4,0,0,7000,7000,19,237,1318,108,67,113,84,117,52,0,39321,285,237,377,254,327,201,26222,39321
112.381,78,4784,21,84,45,12.75,11.41,0.895,1,0,0,0,25.5,234,9.168,36,509,590.67,0,0,0,0,0,0,1,0,1,0,0,0,0,0,0,105.2,89,0.875,1,0,0,0,0,0,0,0,0,0,4800,2550,800,800,1090,1400,57,0.676,34,12.81,11.08,0,590.67,0,509,21,13.038,299.52,1,1.777,1.777,0.586,2.793,3.574,0.02,0,,,,178,0,0,0,0,0,0,0,0,0,0,4,0,0,7000,7000,18,237,1318,178,43,109,90,106,66,0,39321,301,225,365,254,323,194,26222,39321
112.441,79,4816,21,84,45,12.75,11.35,0.89,1,0,0,0,25.5,228,9.144,36,511,588.83,0,0,0,0,0,0,1,0,1,0,0,0,0,0,0,104.75,89,0.875,1,0,0,0,0,0,0,0,0,0,4800,2550,800,800,1090,1400,57,0.68,34,12.81,11.03,0,588.83,0,511,21,13.038,302.08,1,1.66,1.66,0.586,2.793,3.613,0.02,0,,,,177,0,0,0,0,0,0,0,0,0,0,4,0,0,7000,7000,19,237,1318,177,57,177,117,140,67,0,39321,308,216,365,256,323,190,26222,39321
112.501,80,4849,21,84,45,12.75,11.29,0.886,1,0,0,0,25.5,234,9.16,37,513,587.17,0,0,0,0,0,0,1,0,1,0,0,0,0,0,0,103.18,87,0.883,1,0,0,0,0,0,0,0,0,0,4840,2550,800,800,1090,1400,57,0.684,34,12.81,11.08,0,587.17,0,513,21,13.038,302.08,1,1.699,1.699,0.586,2.793,3.633,0.02,0,,,,46,0,0,0,0,0,0,0,0,0,0,4,0,0,7000,7000,19,237,1318,123,62,124,74,177,46,0,39321,311,206,363,251,323,180,26222,39321
112.561,80,4897,21,84,45,12.69,11.29,0.89,1,0,0,0,25.5,228,9.176,37,519,588.67,0,0,0,0,0,0,1,0,1,0,0,0,0,0,0,103.63,88,0.883,1,0,0,0,0,0,0,0,0,0,4880,2550,800,800,1090,1400,57,0.688,34,12.75,11.08,0,588.67,0,519,21,13.038,302.08,1,1.66,1.66,0.586,2.793,3.652,0.02,0,,,,55,0,0,0,0,0,0,0,0,0,0,4,0,0,7000,7000,19,237,1318,150,55,156,102,177,63,0,39321,318,190,361,251,330,175,26222,39321
112.621,80,4911,21,84,44,12.63,11.25,0.89,1,0,0,0,26,228,9.288,38,529,598.67,0,0,0,0,0,0,1,0,1,0,0,0,0,0,0,105.65,90,0.883,1,0,0,0,0,0,0,0,0,0,4920,2550,800,800,1090,1400,56,0.688,34,12.69,10.97,0,598.67,0,529,21,13.038,299.52,1,1.719,1.719,0.586,2.793,3.633,0.02,0,,,,177,0,0,0,0,0,0,0,0,0,0,4,0,0,7000,7000,18,237,1318,111,45,172,135,177,64,0,39321,320,182,353,254,346,171,26222,39321
112.681,79,4935,21,84,44,12.69,11.22,0.884,1,0,0,0,26,234,9.072,37,516,581.17,0,0,0,0,0,0,1,0,1,0,0,0,0,0,0,103.18,87,0.875,1,0,0,0,0,0,0,0,0,0,4920,2550,800,800,1090,1400,56,0.688,34,12.75,10.97,0,581.17,0,516,21,13.038,302.08,1,1.816,1.816,0.586,2.813,3.613,0.02,0,,,,55,0,0,0,0,0,0,0,0,0,0,4,0,0,7000,7000,19,237,1318,124,55,139,98,177,66,0,39321,318,171,356,256,356,168,26222,39321
112.741,79,4960,21,84,44,12.63,11.19,0.886,1,0,0,0,26,234,9.28,38,530,593.17,0,0,0,0,0,0,1,0,1,0,0,0,0,0,0,105.65,90,0.875,1,0,0,0,0,0,0,0,0,0,4960,2550,800,800,1090,1400,56,0.691,34,12.69,10.97,0,593.17,0,530,21,13.038,299.52,1,1.816,1.816,0.586,2.813,3.594,0.02,0,,,,147,0,0,0,0,0,0,0,0,0,0,4,0,0,7000,7000,18,237,1318,103,45,177,147,138,80,0,39321,304,161,361,256,353,171,26222,39321
112.801,78,5000,21,84,44,12.63,11.19,0.886,1,0,0,0,26.5,234,9.136,37,525,585.83,0,0,0,0,0,0,1,0,1,0,0,0,0,0,0,104.3,88,0.875,1,0,0,0,0,0,0,0,0,0,5000,2550,800,800,1090,1400,56,0.691,34.5,12.69,10.91,0,585.83,0,525,21,13.038,302.08,1,1.68,1.68,0.586,2.813,3.574,0.02,0,,,,84,0,0,0,0,0,0,0,0,0,0,4,0,0,7000,7000,19,237,1318,84,46,114,150,174,66,0,39321,294,156,358,266,361,168,26222,39321
112.861,78,5020,21,84,44,12.63,11.16,0.883,1,0,0,0,26.5,234,9.304,38,537,594.5,0,0,0,0,0,0,1,0,1,0,0,0,0,0,0,105.88,90,0.875,1,0,0,0,0,0,0,0,0,0,5040,2550,800,800,1090,1400,56,0.695,34.5,12.69,10.97,0,594.5,0,537,21,13.038,299.52,1,1.836,1.836,0.586,2.813,3.555,0.02,0,,,,149,0,0,0,0,0,0,0,0,0,0,4,0,0,7000,7000,18,237,1318,112,66,134,149,141,98,0,39321,289,149,363,268,361,173,26222,39321
112.921,78,5040,21,84,44,12.63,11.13,0.881,1,0,0,0,26.5,234,9.096,38,526,580,0,0,0,0,0,0,1,0,1,0,0,0,0,0,0,102.96,87,0.875,1,0,0,0,0,0,0,0,0,0,5040,2550,800,800,1090,1400,56,0.695,34.5,12.69,10.91,0,580,0,526,21,13.038,302.08,1,1.719,1.719,0.586,2.813,3.555,0.02,0,,,,83,0,0,0,0,0,0,0,0,0,0,4,0,0,7000,7000,19,237,1318,83,75,156,137,114,140,0,39321,287,152,358,280,356,192,26222,39321
112.981,78,5081,21,84,44,12.58,11.1,0.883,1,0,0,0,26,228,9.304,39,544,594.5,0,0,0,0,0,0,1,0,1,0,0,0,0,0,0,105.88,90,0.875,1,0,0,0,0,0,0,0,0,0,5080,2550,800,800,1090,1400,56,0.695,34,12.63,10.91,0,594.5,0,544,21,13.038,299.52,1,1.738,1.738,0.586,2.813,3.555,0.02,0,,,,118,0,0,0,0,0,0,0,0,0,0,4,0,0,7000,7000,18,237,1318,141,88,100,121,118,173,0,39321,294,156,346,292,351,209,26222,39321
113.041,78,5107,21,84,44,12.63,11.1,0.879,1,0,0,0,27,234,9.04,38,530,576.33,0,0,0,0,0,0,1,0,1,0,0,0,0,0,0,102.28,86,0.875,1,0,0,0,0,0,0,0,0,0,5120,2550,800,800,1090,1400,56,0.699,35,12.69,10.85,0,576.33,0,530,21,13.038,304.64,1,1.855,1.855,0.586,2.813,3.555,0.02,0,,,,78,0,0,0,0,0,0,0,0,0,0,4,0,0,7000,7000,19,237,1229,70,78,150,159,172,129,0,39321,282,161,349,296,356,223,26222,39321
113.101,78,5117,21,84,44,12.52,11.07,0.884,1,0,0,0,26.5,228,9.304,39,548,594.5,0,0,0,0,0,0,1,0,1,0,0,0,0,0,0,105.88,90,0.875,1,0,0,0,0,0,0,0,0,0,5120,2550,800,800,1090,1400,55,0.699,34.5,12.58,10.8,0,594.5,0,548,21,13.038,299.52,1,1.777,1.777,0.586,2.813,3.555,0.02,0,,,,173,0,0,0,0,0,0,0,0,0,0,4,0,0,7000,7000,18,237,1229,113,90,127,173,173,121,0,39321,282,163,346,306,365,228,26222,39321
113.161,77,5107,21,84,44,12.58,11.02,0.877,1,0,0,0,26.5,234,9.184,39,537,583.67,0,0,0,0,0,0,1,0,1,0,0,0,0,0,0,103.85,88,0.875,1,0,0,0,0,0,0,0,0,0,5120,2550,800,800,1090,1400,55,0.695,34.5,12.63,10.8,0,583.67,0,537,21,13.038,302.08,1,1.797,1.797,0.586,2.813,3.535,0.02,0,,,,98,0,0,0,0,0,0,0,0,0,0,4,0,0,7000,7000,19,237,1229,138,98,171,173,172,149,0,39321,289,175,344,313,370,256,26222,39321
113.221,77,5144,21,84,44,12.58,11.0,0.874,1,0,0,0,27,234,9.128,39,537,579.5,0,0,0,0,0,0,1,0,1,0,0,0,0,0,0,102.73,87,0.875,1,0,0,0,0,0,0,0,0,0,5160,2550,800,800,1090,1400,55,0.699,35,12.63,10.74,0,579.5,0,537,21,13.038,302.08,1,1.855,1.855,0.586,2.813,3.535,0.02,0,,,,144,0,0,0,0,0,0,0,0,0,0,4,0,0,7000,7000,19,237,1229,126,105,171,171,171,144,0,39321,289,178,356,327,377,270,26222,39321
113.281,77,5165,21,84,44,12.58,11.0,0.874,1,0,0,0,27,234,9.136,39,540,580.5,0,0,0,0,0,0,1,0,1,0,0,0,0,0,0,102.96,87,0.875,1,0,0,0,0,0,0,0,0,0,5160,2550,800,800,1090,1400,55,0.699,35,12.63,10.74,0,580.5,0,540,21,13.038,302.08,1,1.777,1.777,0.586,2.813,3.535,0.02,0,,,,171,0,0,0,0,0,0,0,0,0,0,4,0,0,7000,7000,19,237,1229,158,85,171,171,171,157,0,39321,308,185,363,337,380,287,26222,39321
113.341,77,5224,21,84,44,12.52,10.97,0.876,1,0,0,0,27,234,9.192,39,546,584.5,0,0,0,0,0,0,1,0,1,0,0,0,0,0,0,103.85,88,0.875,1,0,0,0,0,0,0,0,0,0,5240,2550,800,800,1090,1400,55,0.703,35,12.58,10.62,0,584.5,0,546,21,13.038,302.08,1,1.738,1.738,0.586,2.813,3.535,0.02,0,,,,126,0,0,0,0,0,0,0,0,0,0,4,0,0,7000,7000,19,237,1229,126,116,171,171,171,171,0,39321,315,194,365,349,387,301,26222,39321
113.401,76,5235,21,84,44,12.52,10.91,0.871,1,0,0,0,26.5,228,9.304,40,558,591.83,0,0,0,0,0,0,1,0,1,0,0,0,0,0,0,105.43,90,0.875,1,0,0,0,0,0,0,0,0,0,5240,2550,800,800,1090,1400,55,0.699,34.5,12.58,10.74,0,591.83,0,558,21,13.038,299.52,1,1.738,1.738,0.586,2.813,3.516,0.02,0,,,,171,0,0,0,0,0,0,0,0,0,0,4,0,0,7000,7000,18,237,1229,171,116,171,171,171,150,0,39321,325,204,368,358,389,311,26222,39321
113.461,76,5224,21,84,44,12.58,10.91,0.867,1,0,0,0,27.5,234,9.176,39,549,583.33,0,0,0,0,0,0,1,0,1,0,0,0,0,0,0,103.85,88,0.875,1,0,0,0,0,0,0,0,0,0,5240,2550,800,800,1090,1400,55,0.703,35.5,12.63,10.57,0,583.33,0,549,21,13.038,302.08,1,1.641,1.641,0.586,2.813,3.516,0.02,0,,,,109,0,0,0,0,0,0,0,0,0,0,4,0,0,7000,7000,19,237,1229,171,109,159,171,171,171,0,39321,334,216,370,365,389,327,26222,39321
113.521,76,5241,21,84,44,12.52,10.91,0.871,1,0,0,0,27,234,9.2,40,555,584.83,0,0,0,0,0,0,1,0,1,0,0,0,0,0,0,103.85,88,0.875,1,0,0,0,0,0,0,0,0,0,5240,2550,800,800,1090,1400,55,0.703,35,12.58,10.68,0,584.83,0,555,21,13.038,302.08,1,1.836,1.836,0.586,2.813,3.496,0.02,0,,,,171,0,0,0,0,0,0,0,0,0,0,4,0,0,7000,7000,19,237,1229,169,127,171,171,171,171,0,39321,344,232,375,365,391,342,26222,39321
113.581,76,5285,21,84,44,12.52,10.85,0.867,1,0,0,0,27.5,228,9.144,40,547,578.17,0,0,0,0,0,0,1,0,1,0,0,0,0,0,0,102.51,86,0.875,1,0,0,0,0,0,0,0,0,0,5280,2550,800,800,1090,1400,55,0.707,35.5,12.58,10.57,0,578.17,0,547,21,13.038,302.08,1,1.738,1.738,0.586,2.813,3.496,0.02,0,,,,170,0,0,0,0,0,0,0,0,0,0,4,0,0,7000,7000,19,237,1229,148,123,170,170,153,170,0,39321,351,249,380,372,389,346,26222,39321
113.641,75,5296,21,84,44,12.52,10.85,0.867,1,0,0,0,27.5,228,9.136,40,551,577.67,0,0,0,0,0,0,1,0,1,0,0,0,0,0,0,102.51,86,0.875,1,0,0,0,0,0,0,0,0,0,5280,2550,800,800,1090,1400,55,0.703,35.5,12.58,10.62,0,577.67,0,551,21,13.038,302.08,1,1.836,1.836,0.586,2.813,3.477,0.02,0,,,,105,0,0,0,0,0,0,0,0,0,0,4,0,0,7000,7000,19,237,1229,170,105,170,169,139,159,0,39321,358,254,382,372,384,351,26222,39321
113.701,75,5296,21,84,44,12.52,10.85,0.867,1,0,0,0,27,228,9.24,40,560,584.83,0,0,0,0,0,0,1,0,1,0,0,0,0,0,0,103.85,88,0.875,1,0,0,0,0,0,0,0,0,0,5280,2550,800,800,1090,1400,55,0.703,35,12.58,10.57,0,584.83,0,560,21,13.038,302.08,1,1.641,1.641,0.586,2.813,3.477,0.02,0,,,,169,0,0,0,0,0,0,0,0,0,0,4,0,0,7000,7000,19,237,1229,134,132,170,169,132,169,0,39321,353,266,387,370,377,351,26222,39321
113.761,76,5302,21,84,44,12.52,10.79,0.862,1,0,0,0,27.5,228,9.16,40,550,576.67,0,0,0,0,0,0,1,0,1,0,0,0,0,0,0,102.28,86,0.875,1,0,0,0,0,0,0,0,0,0,5320,2550,800,800,1090,1400,55,0.707,35.5,12.58,10.57,0,576.67,0,550,21,13.038,304.64,1,1.797,1.797,0.586,2.813,3.516,0.02,0,,,,117,0,0,0,0,0,0,0,0,0,0,4,0,0,7000,7000,19,237,1229,132,97,170,117,169,158,0,39321,349,258,389,356,377,358,26222,39321
113.821,87,5319,21,84,44,12.52,10.79,0.862,1,0,0,0,27.5,222,9.648,42,587,613,0,0,0,0,0,0,1,0,1,0,0,0,0,0,0,103.41,87,0.922,1,0,0,0,0,0,0,0,0,0,5320,2550,800,800,1090,1400,55,0.723,35.5,12.58,10.51,0,613,0,587,21,13.038,302.08,1,1.66,1.66,0.586,2.813,3.906,0.02,0,,,,117,0,0,0,0,0,0,0,0,0,0,4,0,0,7000,7000,19,237,1229,117,105,169,128,170,156,0,39321,349,256,391,351,382,361,26222,39321
113.881,100,5302,21,84,43,12.46,10.85,0.871,1,0,0,0,27,222,10.56,46,648,675.83,0,0,0,0,0,0,1,0,1,0,0,0,0,0,0,107,91,0.984,1,0,0,0,0,0,0,0,0,0,5320,2550,800,800,1090,1400,54,0.727,35,12.52,10.45,0,675.83,0,648,21,13.038,299.52,1,1.738,1.738,0.586,2.813,4.453,0.02,0,,,,170,0,0,0,0,0,0,0,0,0,0,4,0,0,7000,7000,18,237,1229,165,108,169,107,170,159,0,39321,349,266,396,339,387,363,26222,39321
113.941,100,5291,21,84,43,12.46,10.85,0.871,1,0,0,0.164,26.5,222,10.672,47,642,674.33,0,0,0,0,0,0,1,0,1,0,0,0,0,0,0,106.78,91,0.984,1,0,0,0,0,0,0,0,0,0,5280,2550,800,800,1090,1400,54,0.73,34.5,12.52,10.57,0,674.33,0,642,21,13.038,299.52,1,1.641,1.641,0.586,2.813,4.473,0.02,0,,,,169,0,0,0,0,0,0,0,0,0,0,4,0,0,7000,7000,18,237,1229,140,105,169,149,135,168,0,39321,353,261,399,332,384,370,26222,39321
114.001,100,5296,21,84,43,12.46,10.91,0.875,1,0,0,0.02,26.5,222,10.584,46,642,673.33,0,0,0,0,0,0,1,0,1,0,0,0,0,0,0,106.55,91,0.984,1,0,0,0,0,0,0,0,0,0,5280,2550,800,800,1090,1400,54,0.727,34.5,12.52,10.57,0,673.33,0,642,21,13.038,299.52,1,1.66,1.66,0.586,2.813,4.473,0.02,0,,,,138,0,0,0,0,0,0,0,0,0,0,4,0,0,7000,7000,18,237,1229,138,102,170,169,170,168,0,39321,349,261,401,337,389,370,26222,39321
114.061,100,5307,21,84,43,12.46,10.91,0.875,1,0,0,0,26.5,222,10.632,47,648,677.83,0,0,0,0,0,0,1,0,1,0,0,0,0,0,0,107.45,92,0.984,1,0,0,0,0,0,0,0,0,0,5320,2550,800,800,1090,1400,54,0.73,34.5,12.52,10.57,0,677.83,0,648,21,13.038,299.52,1,1.777,1.777,0.586,2.832,4.473,0.02,0,,,,170,0,0,0,0,0,0,0,0,0,0,4,0,0,7000,7000,18,237,1229,169,102,170,126,170,155,0,39321,346,258,401,342,391,372,26222,39321
114.121,100,5330,21,84,43,12.46,10.91,0.875,1,0,0,0,27,222,10.584,47,647,674.33,0,0,0,0,0,0,1,0,1,0,0,0,0,0,0,106.78,91,0.984,1,0,0,0,0,0,0,0,0,0,5320,2550,800,800,1090,1400,54,0.73,35,12.52,10.62,0,674.33,0,647,21,13.038,299.52,1,1.68,1.68,0.586,2.832,4.473,0.02,0,,,,169,0,0,0,0,0,0,0,0,0,0,4,0,0,7000,7000,18,237,1229,160,114,169,170,170,169,0,39321,353,261,401,349,391,377,26222,39321
114.181,100,5330,21,84,43,12.46,10.97,0.88,1,0,0,0,26.5,222,10.656,47,650,679,0,0,0,0,0,0,1,0,1,0,0,0,0,0,0,107.68,92,0.984,1,0,0,0,0,0,0,0,0,0,5320,2550,800,800,1090,1400,54,0.73,34.5,12.52,10.62,0,679,0,650,21,13.038,296.96,1,1.777,1.777,0.586,2.832,4.473,0.02,0,,,,138,0,0,0,0,0,0,0,0,0,0,4,0,0,7000,7000,18,237,1229,138,117,134,113,126,153,0,39321,351,263,394,342,387,375,26222,39321
114.241,100,5324,21,84,43,12.46,10.97,0.88,1,0,0,0,26.5,222,10.744,47,654,681.83,0,0,0,0,0,0,1,0,1,0,0,0,0,0,0,108.13,92,0.984,1,0,0,0,0,0,0,0,0,0,5320,2550,800,800,1090,1400,54,0.73,34.5,12.52,10.62,0,681.83,0,654,21,13.038,296.96,1,1.719,1.719,0.586,2.832,4.414,0.02,0,,,,170,0,0,0,0,0,0,0,0,0,0,4,0,0,7000,7000,18,237,1229,137,147,169,103,170,165,0,39321,346,275,391,330,394,375,26222,39321
114.301,100,5313,21,84,43,12.46,10.94,0.878,1,0,0,0,27,222,10.624,47,647,676.83,0,0,0,0,0,0,1,0,1,0,0,0,0,0,0,107.23,91,0.984,1,0,0,0,0,0,0,0,0,0,5320,2550,800,800,1090,1400,54,0.73,35,12.52,10.62,0,676.83,0,647,21,13.038,299.52,1,1.719,1.719,0.586,2.832,4.395,0.02,0,,,,169,0,0,0,0,0,0,0,0,0,0,4,0,0,7000,7000,18,237,1229,170,124,169,169,170,162,0,39321,346,280,394,332,396,375,26222,39321
114.361,100,5319,21,84,43,12.46,10.94,0.878,1,0,0,0,27,222,10.568,46,643,673.17,0,0,0,0,0,0,1,0,1,0,0,0,0,0,0,106.55,91,0.984,1,0,0,0,0,0,0,0,0,0,5320,2550,800,800,1090,1400,54,0.73,35,12.52,10.57,0,673.17,0,643,21,13.038,299.52,1,1.875,1.875,0.586,2.832,4.395,0.02,0,,,,170,0,0,0,0,0,0,0,0,0,0,4,0,0,7000,7000,18,237,1229,170,95,170,128,143,170,0,39321,356,275,396,337,389,377,26222,39321
114.421,100,5324,21,84,43,12.4,10.94,0.882,1,0,0,0,26,222,10.8,47,661,689.33,0,0,0,0,0,0,1,0,1,0,0,0,0,0,0,109.47,94,0.984,1,0,0,0,0,0,0,0,0,0,5320,2550,800,800,1090,1400,54,0.73,34,12.46,10.51,0,689.33,0,661,21,13.038,296.96,1,1.68,1.68,0.586,2.832,4.395,0.02,0,,,,169,0,0,0,0,0,0,0,0,0,0,4,0,0,7000,7000,18,237,1229,169,126,169,169,169,167,0,39321,363,268,396,346,384,377,26222,39321
114.481,100,5313,21,84,43,12.46,10.91,0.875,1,0,0,0,27,222,10.592,46,645,674.67,0,0,0,0,0,0,1,0,1,0,0,0,0,0,0,106.78,91,0.984,1,0,0,0,0,0,0,0,0,0,5320,2550,800,800,1090,1400,54,0.73,35,12.52,10.51,0,674.67,0,645,21,13.038,299.52,1,1.875,1.875,0.586,2.832,4.395,0.02,0,,,,170,0,0,0,0,0,0,0,0,0,0,4,0,0,7000,7000,18,237,1229,169,131,170,169,169,130,0,39321,368,273,396,356,384,377,26222,39321
114.541,100,5330,21,84,43,12.52,10.91,0.871,1,0,0,0,27.5,222,10.624,47,651,680.33,0,0,0,0,0,0,1,0,1,0,0,0,0,0,0,107.9,92,0.984,1,0,0,0,0,0,0,0,0,0,5320,2550,800,800,1090,1400,54,0.73,35.5,12.58,10.62,0,680.33,0,651,21,13.038,296.96,1,1.836,1.836,0.586,2.832,4.414,0.02,0,,,,169,0,0,0,0,0,0,0,0,0,0,4,0,0,7000,7000,18,237,1229,169,138,169,147,159,170,0,39321,375,280,396,361,384,377,26222,39321
114.601,100,5330,21,84,43,12.52,10.91,0.871,1,0,0,0,26.5,222,10.44,46,634,661,0,0,0,0,0,0,1,0,1,0,0,0,0,0,0,104.3,88,0.984,1,0,0,0,0,0,0,0,0,0,5320,2550,800,800,1090,1400,54,0.73,35.5,12.58,10.62,0,684.5,0,657,21,13.038,302.08,1,1.758,1.758,0.586,2.832,4.414,0.02,0,,,,170,0,0,0,0,0,0,0,0,0,0,4,0,0,7000,7000,19,237,1229,162,145,169,169,170,135,0,39321,372,287,401,361,384,375,26222,39321
114.661,100,5313,21,84,43,12.52,10.91,0.871,1,0,0,0,27.5,222,10.384,46,634,660.33,0,0,0,0,0,0,1,0,1,0,0,0,0,0,0,107,88,0.984,1,0,0,0,0,0,0,0,0,0,5320,2550,800,800,1090,1400,54,0.73,35.5,12.58,10.62,0,675.5,0,646,21,13.038,299.52,1,1.895,1.895,0.586,2.832,4.395,0.02,0,,,,170,0,0,0,0,0,0,0,0,0,0,4,0,0,7000,7000,18,237,1229,141,111,170,143,170,170,0,39321,368,294,401,361,384,382,26222,39321
114.721,99,5313,21,84,43,12.46,10.91,0.875,1,0,0,0,27,222,10.432,46,635,663.5,0,0,0,0,0,0,1,0,1,0,0,0,0,0,0,104.53,89,0.984,1,0,0,0,0,0,0,0,0,0,5320,2550,800,800,1090,1400,54,0.73,35,12.52,10.62,0,663.5,0,635,21,13.038,302.08,1,1.777,1.777,0.586,2.832,4.355,0.02,0,,,,170,0,0,0,0,0,0,0,0,0,0,4,0,0,7000,7000,19,237,1229,170,168,170,160,169,169,0,39321,372,306,394,361,387,384,26222,39321
114.781,99,5319,21,84,43,12.52,10.91,0.871,1,0,0,0,27,222,10.368,45,631,659.33,0,0,0,0,0,0,1,0,1,0,0,0,0,0,0,103.85,88,0.984,1,0,0,0,0,0,0,0,0,0,5320,2550,800,800,1090,1400,54,0.73,35.5,12.58,10.62,0,659.33,0,631,21,12.965,302.08,1,1.855,1.855,0.586,2.832,4.336,0.02,0,,,,169,0,0,0,0,0,0,0,0,0,0,4,0,0,7000,7000,19,237,1229,160,123,170,154,169,163,0,39321,372,313,394,365,389,384,26222,39321
114.841,98,5313,21,84,43,12.46,10.91,0.875,1,0,0,0,27,222,10.456,46,638,665.5,0,0,0,0,0,0,1,0,1,0,0,0,0,0,0,104.98,89,0.984,1,0,0,0,0,0,0,0,0,0,5320,2550,800,800,1090,1400,54,0.73,35,12.52,10.62,0,665.5,0,638,21,12.965,299.52,1,1.816,1.816,0.586,2.832,4.316,0.02,0,,,,169,0,0,0,0,0,0,0,0,0,0,4,0,0,7000,7000,18,237,1229,155,124,169,153,170,168,0,39321,372,320,394,368,389,384,26222,39321
114.901,98,5313,21,84,43,12.52,10.91,0.871,1,0,0,0,27.5,222,10.312,45,627,655.67,0,0,0,0,0,0,1,0,1,0,0,0,0,0,0,102.96,87,0.984,1,0,0,0,0,0,0,0,0,0,5320,2550,800,800,1090,1400,54,0.73,35.5,12.58,10.68,0,655.67,0,627,21,13.038,302.08,1,1.719,1.719,0.586,2.832,4.297,0.02,0,,,,138,0,0,0,0,0,0,0,0,0,0,4,0,0,7000,7000,19,237,1229,138,90,169,151,170,160,0,39321,365,311,394,368,391,382,26222,39321
114.961,97,5319,21,84,43,12.52,10.91,0.871,1,0,0,0,26.5,222,10.264,45,622,649.67,0,0,0,0,0,0,1,0,1,0,0,0,0,0,0,103.18,87,0.977,1,0,0,0,0,0,0,0,0,0,5320,2550,800,800,1090,1400,54,0.73,35.5,12.58,10.68,0,649.67,0,622,21,13.038,302.08,1,1.934,1.934,0.586,2.832,4.277,0.02,0,,,,160,0,0,0,0,0,0,0,0,0,0,4,0,0,7000,7000,19,237,1229,129,137,170,160,169,89,0,39321,351,311,394,372,391,375,26222,39321
115.021,97,5302,21,84,43,12.46,10.91,0.875,1,0,0,0.359,27,222,10.592,46,633,661.83,0,0,0,0,0,0,1,0,1,0,0,0,0,0,0,105.2,89,0.977,1,0,0,0,0,0,0,0,0,0,5320,2550,800,800,1090,1400,54,0.727,35,12.52,10.62,0,661.83,0,633,21,13.038,299.52,1,1.68,1.68,0.586,2.832,4.258,0.02,0,,,,169,0,0,0,0,0,0,0,0,0,0,4,0,0,7000,7000,18,237,1229,146,169,170,140,170,169,0,39321,351,318,396,370,396,375,26222,39321
115.081,96,5307,21,84,43,12.52,10.91,0.871,1,0,0,0.055,27,222,10.296,45,623,652.17,0,0,0,0,0,0,1,0,1,0,0,0,0,0,0,103.41,87,0.977,1,0,0,0,0,0,0,0,0,0,5320,2550,800,800,1090,1400,54,0.73,35.5,12.58,10.62,0,652.17,0,623,21,13.038,302.08,1,1.758,1.758,0.586,2.832,4.238,0.02,0,,,,169,0,0,0,0,0,0,0,0,0,0,4,0,0,7000,7000,19,237,1229,140,148,170,141,169,169,0,39321,346,323,391,363,396,377,26222,39321
115.141,96,5330,21,84,43,12.52,10.91,0.871,1,0,0,0,27,222,10.336,45,628,654.17,0,0,0,0,0,0,1,0,1,0,0,0,0,0,0,104.08,88,0.977,1,0,0,0,0,0,0,0,0,0,5320,2550,800,800,1090,1400,54,0.73,35.5,12.58,10.57,0,654.17,0,628,21,13.038,302.08,1,1.875,1.875,0.586,2.832,4.238,0.02,0,,,,170,0,0,0,0,0,0,0,0,0,0,4,0,0,7000,7000,19,237,1229,121,125,169,170,170,169,0,39321,337,320,391,358,399,380,26222,39321
115.201,95,5319,21,84,43,12.46,10.91,0.875,1,0,0,0,27,222,10.288,45,628,653.67,0,0,0,0,0,0,1,0,1,0,0,0,0,0,0,104.75,89,0.969,1,0,0,0,0,0,0,0,0,0,5320,2550,800,800,1090,1400,54,0.727,35,12.52,10.62,0,653.67,0,628,21,12.965,302.08,1,1.66,1.66,0.586,2.832,4.219,0.02,0,,,,124,0,0,0,0,0,0,0,0,0,0,4,0,0,7000,7000,19,237,1229,169,124,170,104,170,169,0,39321,339,318,391,349,401,382,26222,39321
115.261,95,5307,21,84,43,12.52,10.91,0.871,1,0,0,0,27.5,222,10.16,44,616,645.17,0,0,0,0,0,0,1,0,1,0,0,0,0,0,0,102.96,87,0.969,1,0,0,0,0,0,0,0,0,0,5320,2550,800,800,1090,1400,54,0.727,35.5,12.58,10.57,0,645.17,0,616,21,13.038,302.08,1,1.816,1.816,0.586,2.832,4.199,0.02,0,,,,162,0,0,0,0,0,0,0,0,0,0,4,0,0,7000,7000,19,237,1229,131,142,143,111,168,162,0,39321,339,327,384,339,403,382,26222,39321
115.321,95,5324,21,84,43,12.52,10.91,0.871,1,0,0,0,27,222,10.208,45,621,648.33,0,0,0,0,0,0,1,0,1,0,0,0,0,0,0,103.85,88,0.969,1,0,0,0,0,0,0,0,0,0,5320,2550,800,800,1090,1400,54,0.727,35.5,12.58,10.57,0,648.33,0,621,21,13.038,302.08,1,1.895,1.895,0.586,2.832,4.219,0.02,0,,,,151,0,0,0,0,0,0,0,0,0,0,4,0,0,7000,7000,19,237,1229,170,132,170,151,129,169,0,39321,342,325,384,334,396,384,26222,39321
115.381,95,5324,21,84,43,12.46,10.91,0.875,1,0,0,0,27,222,10.328,45,629,656.67,0,0,0,0,0,0,1,0,1,0,0,0,0,0,0,105.2,89,0.969,1,0,0,0,0,0,0,0,0,0,5320,2550,800,800,1090,1400,54,0.727,35,12.52,10.57,0,656.67,0,629,21,13.038,299.52,1,1.738,1.738,0.586,2.832,4.199,0.02,0,,,,134,0,0,0,0,0,0,0,0,0,0,4,0,0,7000,7000,18,237,1229,170,134,129,123,170,147,0,39321,342,330,382,330,389,384,26222,39321
115.441,95,5330,21,84,43,12.46,10.91,0.875,1,0,0,0,27,222,10.264,45,629,655.17,0,0,0,0,0,0,1,0,1,0,0,0,0,0,0,104.98,89,0.969,1,0,0,0,0,0,0,0,0,0,5320,2550,800,800,1090,1400,54,0.727,35,12.52,10.57,0,655.17,0,629,21,13.038,299.52,1,1.895,1.895,0.586,2.832,4.199,0.02,0,,,,156,0,0,0,0,0,0,0,0,0,0,4,0,0,7000,7000,18,237,1229,152,157,156,160,170,156,0,39321,349,334,384,325,391,380,26222,39321
115.501,95,5313,21,84,43,12.46,10.91,0.875,1,0,0,0,27,222,10.344,45,629,657.67,0,0,0,0,0,0,1,0,1,0,0,0,0,0,0,105.43,90,0.969,1,0,0,0,0,0,0,0,0,0,5320,2550,800,800,1090,1400,54,0.727,35,12.52,10.57,0,657.67,0,629,21,13.038,299.52,1,1.855,1.855,0.586,2.832,4.219,0.02,0,,,,141,0,0,0,0,0,0,0,0,0,0,4,0,0,7000,7000,18,237,1229,96,138,170,141,170,168,0,39321,325,337,377,334,391,384,26222,39321
115.562,95,5285,21,84,43,12.52,10.97,0.876,1,0,0,0,27,222,10.176,44,618,649.33,0,0,0,0,0,0,1,0,1,0,0,0,0,0,0,104.08,88,0.969,1,0,0,0,0,0,0,0,0,0,5280,2550,800,800,1090,1400,54,0.727,35,12.58,10.57,0,649.33,0,618,21,13.038,302.08,1,1.895,1.895,0.586,2.832,4.219,0.02,0,,,,129,0,0,0,0,0,0,0,0,0,0,4,0,0,7000,7000,19,237,1229,170,129,164,169,158,145,0,39321,330,327,382,337,391,384,26222,39321
115.622,95,5274,21,84,43,12.46,11.04,0.886,1,0,0,0,26.5,222,10.144,44,612,644.17,0,0,0,0,0,0,1,0,1,0,0,0,0,0,0,102.96,87,0.969,1,0,0,0,0,0,0,0,0,0,5280,2550,800,800,1090,1400,54,0.727,34.5,12.52,10.62,0,644.17,0,612,21,13.038,302.08,1,1.797,1.797,0.586,2.832,4.219,0.02,0,,,,170,0,0,0,0,0,0,0,0,0,0,4,0,0,7000,7000,19,237,1229,167,144,104,169,124,170,0,39321,332,330,375,351,384,382,26222,39321
115.682,95,5257,21,84,43,12.46,11.13,0.893,1,0,0,0,26.5,222,10.456,45,630,665.33,0,0,0,0,0,0,1,0,1,0,0,0,0,0,0,107,91,0.969,1,0,0,0,0,0,0,0,0,0,5240,2550,800,800,1090,1400,54,0.727,34.5,12.52,10.74,0,665.33,0,630,21,13.038,299.52,1,1.914,1.914,0.586,2.852,4.199,0.02,0,,,,169,0,0,0,0,0,0,0,0,0,0,4,0,0,7000,7000,18,237,1229,170,97,168,169,170,168,0,39321,346,308,377,361,384,382,26222,39321
115.742,95,5279,21,84,43,12.46,11.13,0.893,1,0,0,0,26.5,222,10.36,45,629,662.17,0,0,0,0,0,0,1,0,1,0,0,0,0,0,0,106.55,91,0.969,1,0,0,0,0,0,0,0,0,0,5280,2550,800,800,1090,1400,54,0.727,34.5,12.52,10.85,0,662.17,0,629,21,13.038,299.52,1,1.621,1.621,0.586,2.852,4.199,0.02,0,,,,157,0,0,0,0,0,0,0,0,0,0,4,0,0,7000,7000,18,237,1229,157,92,132,169,170,169,0,39321,353,299,372,365,387,372,26222,39321
115.802,95,5302,21,84,43,12.46,11.5,0.923,1,0,0,0,26.5,222,10.472,46,639,669.83,0,0,0,0,0,0,1,0,1,0,0,0,0,0,0,107.68,92,0.969,1,0,0,0,0,0,0,0,0,0,5320,2550,800,800,1090,1400,54,0.727,34.5,12.52,11.25,0,669.83,0,639,21,13.038,296.96,1,1.758,1.758,0.586,2.852,4.199,0.02,0,,,,170,0,0,0,0,0,0,0,0,0,0,4,0,0,7000,7000,18,237,1229,165,80,169,169,170,162,0,39321,356,282,372,372,387,377,26222,39321
115.861,95,5302,21,84,43,12.46,11.54,0.926,1,0,0,0,27,222,10.36,45,629,659,0,0,0,0,0,0,1,0,1,0,0,0,0,0,0,105.88,90,0.969,1,0,0,0,0,0,0,0,0,0,5320,2550,800,800,1090,1400,54,0.727,35,12.52,11.2,0,659,0,629,21,13.038,299.52,1,1.66,1.66,0.586,2.852,4.199,0.02,0,,,,144,0,0,0,0,0,0,0,0,0,0,4,0,0,7000,7000,18,237,1229,170,132,144,170,170,169,0,39321,363,285,372,377,387,380,26222,39321
115.921,95,5307,21,84,43,12.46,11.54,0.926,1,0,0,0,27,222,10.328,45,627,656.67,0,0,0,0,0,0,1,0,1,0,0,0,0,0,0,105.65,90,0.969,1,0,0,0,0,0,0,0,0,0,5320,2550,800,800,1090,1400,54,0.727,35,12.52,11.31,0,656.67,0,627,21,13.038,299.52,1,1.66,1.66,0.586,2.852,4.199,0.02,0,,,,121,0,0,0,0,0,0,0,0,0,0,4,0,0,7000,7000,18,237,1229,121,87,170,165,170,169,0,39321,361,277,375,380,387,387,26222,39321
115.981,95,5302,21,84,43,12.46,11.54,0.926,1,0,0,0,26.5,222,10.544,46,638,668.33,0,0,0,0,0,0,1,0,1,0,0,0,0,0,0,107.45,92,0.969,1,0,0,0,0,0,0,0,0,0,5320,2550,800,800,1090,1400,54,0.727,34.5,12.52,11.25,0,668.33,0,638,21,13.038,299.52,1,1.719,1.719,0.586,2.852,4.199,0.02,0,,,,165,0,0,0,0,0,0,0,0,0,0,4,0,0,7000,7000,18,237,1229,170,126,109,170,165,154,0,39321,365,273,365,372,387,384,26222,39321
116.042,95,5279,21,84,43,12.46,11.54,0.926,1,0,0,0,27,222,10.36,45,626,659,0,0,0,0,0,0,1,0,1,0,0,0,0,0,0,105.88,90,0.969,1,0,0,0,0,0,0,0,0,0,5280,2550,800,800,1090,1400,54,0.727,35,12.52,11.31,0,659,0,626,21,13.038,299.52,1,1.836,1.836,0.586,2.852,4.199,0.02,0,,,,170,0,0,0,0,0,0,0,0,0,0,4,0,0,7000,7000,18,237,1229,170,76,170,169,170,165,0,39321,372,273,372,375,387,382,26222,39321
116.102,95,5285,21,84,43,12.52,11.54,0.922,1,0,0,0,27.5,222,10.384,45,632,663.83,0,0,0,0,0,0,1,0,1,0,0,0,0,0,0,107,91,0.969,1,0,0,0,0,0,0,0,0,0,5280,2550,800,800,1090,1400,54,0.727,35.5,12.58,11.31,0,663.83,0,632,21,13.038,299.52,1,1.855,1.855,0.586,2.852,4.199,0.02,0,,,,169,0,0,0,0,0,0,0,0,0,0,4,0,0,7000,7000,18,237,1229,169,94,114,153,170,168,0,39321,370,270,365,377,387,377,26222,39321
116.161,95,5279,21,84,43,12.46,11.54,0.926,1,0,0,0,27,222,10.384,45,628,660.33,0,0,0,0,0,0,1,0,1,0,0,0,0,0,0,105.88,90,0.969,1,0,0,0,0,0,0,0,0,0,5280,2550,800,800,1090,1400,54,0.727,35,12.52,11.25,0,660.33,0,628,21,13.038,299.52,1,1.855,1.855,0.586,2.852,4.199,0.02,0,,,,169,0,0,0,0,0,0,0,0,0,0,4,0,0,7000,7000,18,237,1229,150,114,169,169,169,169,0,39321,372,258,370,377,387,382,26222,39321
116.221,95,5252,21,84,43,12.52,11.54,0.922,1,0,0,0,27,228,10.304,45,621,654.83,0,0,0,0,0,0,1,0,1,0,0,0,0,0,0,104.98,89,0.969,1,0,0,0,0,0,0,0,0,0,5240,2550,800,800,1090,1400,54,0.723,35,12.58,11.25,0,654.83,0,621,21,13.038,299.52,1,1.719,1.719,0.586,2.852,4.199,0.02,0,,,,133,0,0,0,0,0,0,0,0,0,0,4,0,0,7000,7000,18,237,1229,146,133,108,171,171,168,0,39321,377,270,363,372,391,380,26222,39321
116.281,95,5257,21,84,43,12.58,11.5,0.914,1,0,0,0,27.5,222,10.104,44,607,641.5,0,0,0,0,0,0,1,0,1,0,0,0,0,0,0,102.51,86,0.969,1,0,0,0,0,0,0,0,0,0,5240,2550,800,800,1090,1400,54,0.727,35.5,12.63,11.25,0,641.5,0,607,21,13.038,302.08,1,1.797,1.797,0.605,2.852,4.199,0.02,0,,,,169,0,0,0,0,0,0,0,0,0,0,4,0,0,7000,7000,19,237,1229,170,120,153,162,170,169,0,39321,382,270,358,375,391,384,26222,39321
116.342,95,5263,21,84,43,12.46,11.54,0.926,1,0,0,0,27,222,10.36,45,624,658.67,0,0,0,0,0,0,1,0,1,0,0,0,0,0,0,105.65,90,0.969,1,0,0,0,0,0,0,0,0,0,5280,2550,800,800,1090,1400,54,0.727,35,12.52,11.2,0,658.67,0,624,21,13.038,299.52,1,1.797,1.797,0.605,2.852,4.199,0.02,0,,,,170,0,0,0,0,0,0,0,0,0,0,4,0,0,7000,7000,18,237,1229,139,120,139,170,171,156,0,39321,380,275,356,382,391,387,26222,39321
116.402,95,5257,21,84,43,12.46,11.54,0.926,1,0,0,0,26.5,228,10.368,45,627,662.33,0,0,0,0,0,0,1,0,1,0,0,0,0,0,0,106.55,91,0.969,1,0,0,0,0,0,0,0,0,0,5240,2550,800,800,1090,1400,54,0.723,34.5,12.52,11.25,0,662.33,0,627,21,13.038,299.52,1,1.875,1.875,0.586,2.852,4.199,0.02,0,,,,144,0,0,0,0,0,0,0,0,0,0,4,0,0,7000,7000,18,237,1229,132,144,115,147,156,171,0,39321,372,287,351,377,391,387,26222,39321
116.461,95,5252,21,84,43,12.46,11.5,0.923,1,0,0,0,26.5,228,10.408,45,630,665.5,0,0,0,0,0,0,1,0,1,0,0,0,0,0,0,107,91,0.969,1,0,0,0,0,0,0,0,0,0,5240,2550,800,800,1090,1400,54,0.723,34.5,12.52,11.14,0,665.5,0,630,21,13.038,299.52,1,1.66,1.66,0.586,2.852,4.199,0.02,0,,,,171,0,0,0,0,0,0,0,0,0,0,4,0,0,7000,7000,18,237,1229,171,147,161,171,171,171,0,39321,377,292,351,377,399,387,26222,39321
116.521,95,5246,21,84,43,12.52,11.54,0.922,1,0,0,0,26.5,222,10.376,45,623,660,0,0,0,0,0,0,1,0,1,0,0,0,0,0,0,106.1,90,0.969,1,0,0,0,0,0,0,0,0,0,5240,2550,800,800,1090,1400,54,0.727,34.5,12.58,11.08,0,660,0,623,21,13.038,299.52,1,1.66,1.66,0.586,2.852,4.199,0.02,0,,,,119,0,0,0,0,0,0,0,0,0,0,4,0,0,7000,7000,18,237,1229,169,120,119,147,170,142,0,39321,380,292,349,375,403,382,26222,39321
116.581,95,5257,21,84,43,12.52,11.5,0.918,1,0,0,0,26.5,228,10.28,45,621,656.5,0,0,0,0,0,0,1,0,1,0,0,0,0,0,0,105.43,90,0.969,1,0,0,0,0,0,0,0,0,0,5240,2550,800,800,1090,1400,54,0.723,34.5,12.58,11.2,0,656.5,0,621,21,13.038,299.52,1,1.797,1.797,0.586,2.871,4.199,0.02,0,,,,171,0,0,0,0,0,0,0,0,0,0,4,0,0,7000,7000,18,237,1229,171,114,127,164,171,162,0,39321,380,289,344,372,403,382,26222,39321
116.641,95,5257,21,84,43,12.52,11.5,0.918,1,0,0,0,26.5,228,10.392,45,626,661.17,0,0,0,0,0,0,1,0,1,0,0,0,0,0,0,106.1,90,0.969,1,0,0,0,0,0,0,0,0,0,5240,2550,800,800,1090,1400,54,0.723,34.5,12.58,11.03,0,661.17,0,626,21,13.038,299.52,1,1.758,1.758,0.586,2.871,4.199,0.02,0,,,,171,0,0,0,0,0,0,0,0,0,0,4,0,0,7000,7000,18,237,1229,150,110,171,144,171,171,0,39321,370,292,337,370,403,382,26222,39321
116.701,95,5235,21,84,43,12.52,11.5,0.918,1,0,0,0,27,228,10.152,44,611,647.5,0,0,0,0,0,0,1,0,1,0,0,0,0,0,0,104.53,89,0.961,1,0,0,0,0,0,0,0,0,0,5240,2550,800,800,1090,1400,54,0.723,35,12.58,11.08,0,647.5,0,611,21,13.038,302.08,1,1.797,1.797,0.586,2.871,4.199,0.02,0,,,,114,0,0,0,0,0,0,0,0,0,0,4,0,0,7000,7000,19,237,1229,79,114,155,171,171,164,0,39321,358,292,337,370,403,382,26222,39321
116.761,94,5246,21,84,43,12.52,11.47,0.916,1,0,0,0,26.5,228,10.248,44,618,654,0,0,0,0,0,0,1,0,1,0,0,0,0,0,0,105.65,90,0.961,1,0,0,0,0,0,0,0,0,0,5240,2550,800,800,1090,1400,54,0.723,34.5,12.58,11.2,0,654,0,618,21,13.038,299.52,1,1.816,1.816,0.586,2.871,4.18,0.02,0,,,,170,0,0,0,0,0,0,0,0,0,0,4,0,0,7000,7000,18,237,1229,166,119,151,171,168,170,0,39321,363,292,337,375,403,387,26222,39321
116.821,94,5279,21,84,43,12.52,11.47,0.916,1,0,0,0,27,222,10.184,44,617,649.67,0,0,0,0,0,0,1,0,1,0,0,0,0,0,0,105.2,89,0.961,1,0,0,0,0,0,0,0,0,0,5280,2550,800,800,1090,1400,54,0.727,35,12.58,11.14,0,649.67,0,617,21,13.038,299.52,1,1.816,1.816,0.586,2.871,4.18,0.02,0,,,,170,0,0,0,0,0,0,0,0,0,0,4,0,0,7000,7000,18,237,1229,136,136,169,170,171,170,0,39321,365,285,330,380,403,389,26222,39321
116.881,94,5257,21,84,43,12.52,11.41,0.911,1,0,0,0,26.5,228,10.264,44,620,655.5,0,0,0,0,0,0,1,0,1,0,0,0,0,0,0,106.1,90,0.961,1,0,0,0,0,0,0,0,0,0,5240,2550,800,800,1090,1400,54,0.723,34.5,12.58,11.2,0,655.5,0,620,21,13.038,299.52,1,1.914,1.914,0.605,2.871,4.18,0.02,0,,,,117,0,0,0,0,0,0,0,0,0,0,4,0,0,7000,7000,18,237,1229,143,117,102,171,171,171,0,39321,361,277,325,384,403,391,26222,39321
116.941,94,5246,21,84,43,12.46,11.35,0.911,1,0,0,0,26,228,10.456,45,633,668.5,0,0,0,0,0,0,1,0,1,0,0,0,0,0,0,108.58,93,0.961,1,0,0,0,0,0,0,0,0,0,5240,2550,800,800,1090,1400,54,0.723,34,12.52,11.03,0,668.5,0,633,21,13.038,296.96,1,1.641,1.641,0.586,2.871,4.18,0.02,0,,,,114,0,0,0,0,0,0,0,0,0,0,4,0,0,7000,7000,18,237,1229,87,96,158,171,171,114,0,39321,351,270,325,384,403,387,26222,39321
117.001,94,5252,21,84,43,12.52,11.29,0.902,1,0,0,0,26.5,228,10.224,44,617,652.33,0,0,0,0,0,0,1,0,1,0,0,0,0,0,0,105.65,90,0.961,1,0,0,0,0,0,0,0,0,0,5240,2550,800,800,1090,1400,54,0.723,34.5,12.58,11.03,0,652.33,0,617,21,13.038,299.52,1,1.641,1.641,0.586,2.871,4.16,0.02,0,,,,107,0,0,0,0,0,0,0,0,0,0,4,0,0,7000,7000,18,237,1229,141,113,107,171,171,171,0,39321,344,270,323,387,403,387,26222,39321
117.061,94,5257,21,84,43,12.52,11.29,0.902,1,0,0,0,26.5,222,10.312,45,620,655.33,0,0,0,0,0,0,1,0,1,0,0,0,0,0,0,106.1,90,0.961,1,0,0,0,0,0,0,0,0,0,5240,2550,800,800,1090,1400,54,0.727,34.5,12.58,10.97,0,655.33,0,620,21,13.038,299.52,1,1.719,1.719,0.586,2.871,4.16,0.02,0,,,,138,0,0,0,0,0,0,0,0,0,0,4,0,0,7000,7000,18,237,1229,138,114,132,169,170,170,0,39321,337,263,325,391,403,389,26222,39321
117.121,94,5257,21,84,43,12.52,11.25,0.898,1,0,0,0,27,228,10.128,44,608,642.83,0,0,0,0,0,0,1,0,1,0,0,0,0,0,0,103.85,88,0.961,1,0,0,0,0,0,0,0,0,0,5240,2550,800,800,1090,1400,54,0.723,35,12.58,10.97,0,642.83,0,608,21,13.038,302.08,1,1.699,1.699,0.586,2.871,4.16,0.02,0,,,,171,0,0,0,0,0,0,0,0,0,0,4,0,0,7000,7000,19,237,1229,171,66,163,171,171,171,0,39321,339,256,330,391,403,391,26222,39321
117.181,93,5246,21,84,43,12.52,11.23,0.897,1,0,0,0,27,228,10.056,44,607,640.83,0,0,0,0,0,0,1,0,1,0,0,0,0,0,0,104.3,88,0.953,1,0,0,0,0,0,0,0,0,0,5240,2550,800,800,1090,1400,54,0.723,35,12.58,10.97,0,640.83,0,607,21,13.038,302.08,1,1.836,1.836,0.605,2.871,4.141,0.02,0,,,,141,0,0,0,0,0,0,0,0,0,0,4,0,0,7000,7000,19,237,1229,171,115,141,171,171,171,0,39321,342,256,325,391,403,394,26222,39321
117.242,93,5257,21,84,43,12.52,11.22,0.896,1,0,0,0,27,222,10.104,44,607,641.17,0,0,0,0,0,0,1,0,1,0,0,0,0,0,0,104.3,88,0.953,1,0,0,0,0,0,0,0,0,0,5240,2550,800,800,1090,1400,54,0.723,35,12.58,10.91,0,641.17,0,607,21,13.038,302.08,1,1.738,1.738,0.586,2.871,4.141,0.02,0,,,,129,0,0,0,0,0,0,0,0,0,0,4,0,0,7000,7000,19,237,1229,123,100,170,169,170,129,0,39321,334,254,320,384,403,389,26222,39321
117.302,91,5274,21,84,43,12.52,11.22,0.896,1,0,0,0,27,222,9.92,43,600,631.5,0,0,0,0,0,0,1,0,1,0,0,0,0,0,0,103.63,88,0.945,1,0,0,0,0,0,0,0,0,0,5280,2550,800,800,1090,1400,54,0.723,35,12.58,10.91,0,631.5,0,600,21,13.038,302.08,1,1.875,1.875,0.605,2.871,4.063,0.02,0,,,,170,0,0,0,0,0,0,0,0,0,0,4,0,0,7000,7000,19,237,1229,137,92,170,170,170,170,0,39321,339,247,334,384,403,382,26222,39321
117.361,74,5268,21,84,43,12.52,11.19,0.894,1,0,0,0,27,234,9.264,40,556,586.33,0,0,0,0,0,0,1,0,1,0,0,0,0,0,0,104.08,88,0.875,1,0,0,0,0,0,0,0,0,0,5280,2550,800,800,1090,1400,54,0.699,35,12.58,10.85,0,586.33,0,556,21,13.038,302.08,1,1.875,1.875,0.605,2.871,3.418,0.02,0,,,,71,0,0,0,0,0,0,0,0,0,0,4,0,0,7000,7000,19,237,1229,161,71,170,171,171,171,0,39321,337,242,342,387,403,377,26222,39321
117.421,43,5257,21,84,43,12.63,11.19,0.886,1,0,0,0,28,234,7.408,32,439,463.5,0,0,0,0,0,0,1,0,1,0,0,0,0,0,0,96.66,80,0.734,1,0,0,0,0,0,0,0,0,0,5240,2550,800,800,1090,1400,58,0.609,36.5,12.69,10.85,0,463.5,0,439,21,13.038,309.76,1,1.582,1.582,0.586,2.871,2.266,0.02,0,,,,157,0,0,0,0,0,0,0,0,0,0,4,0,0,7000,7000,20,237,1229,169,126,94,170,169,157,0,39321,334,247,342,384,403,375,26222,39321
117.481,9,5230,21,84,43,12.81,11.19,0.874,1,0,0,0,29.5,258,4.12,17,227,240.83,0,0,0,0,0,0,0,0,0,0,0,0,0,0,0,74.85,57,0.492,1,0,0,0,0,0,0,0,0,0,5240,2550,800,800,1090,1400,69,0.328,38,12.86,10.97,0,240.83,0,227,21,13.038,330.24,1,1.035,1.035,0.586,2.871,1.016,0.02,0,,,,178,0,0,0,0,0,0,0,0,0,0,4,0,0,7000,7000,24,237,1229,161,108,172,178,172,172,0,39321,339,254,353,384,403,380,26222,39321
117.541,0,5138,21,84,43,12.92,11.19,0.866,1,0,0,0,29,264,2.68,11,129,139.67,0,0,0,0,0,0,0,0,0,0,0,0,0,0,1,58.22,40,0.32,1,0,0,0,0,0,0,0,0,0,5120,2550,800,800,1090,1400,72,0.27,43,12.98,11.03,0,139.67,0,129,21,13.038,348.16,1,0.742,0.742,0.586,2.871,0.645,0.02,0,,,,178,0,0,0,0,0,0,0,0,0,0,4,0,0,7000,7000,28,237,1229,178,170,181,229,229,210,0,39321,353,268,358,403,422,399,26222,39321
117.601,0,5076,21,84,43,12.92,11.29,0.874,1,0,0,0,29,264,2.536,10,114,125.83,0,0,0,0,0,0,0,0,0,0,0,0,0,0,1,51.48,33,0.32,1,0,0,0,0,0,0,0,0,0,5080,2550,800,800,1090,1400,72,0.27,46.5,12.98,11.03,0,128,0,117,22,13.038,353.28,1,0.645,0.645,0.605,2.871,0.645,0.02,0,,,,178,0,0,0,0,0,0,0,0,0,0,4,0,0,7000,7000,29,237,1318,165,194,226,178,231,231,0,39321,356,308,387,413,439,406,26222,39321
117.661,0,4990,21,84,43,13.03,11.63,0.892,1,0,0,0,29,264,2.48,10,109,121.5,0,0,0,0,0,0,0,0,0,0,0,0,0,0,1,49.45,30,0.32,1,0,0,0,0,0,0,0,0,0,5000,2550,800,800,1090,1400,72,0.27,47,13.09,11.03,0,121.5,0,109,23,13.038,355.84,1,0.508,0.508,0.586,2.871,0.645,0.02,0,,,,114,0,0,0,0,0,0,0,0,0,0,4,0,0,7000,7000,29,237,1318,114,140,226,178,145,147,0,39321,339,315,403,408,448,391,26222,39321
117.721,0,4868,23,84,42,13.21,11.63,0.88,1,0,0,0,29,264,2.432,9,105,120.17,0,0,0,0,0,0,0,0,0,0,0,0,0,0,1,46.98,28,0.32,1,0,0,0,0,0,0,0,0,0,4880,2550,800,800,1090,1400,72,0.27,47.5,13.26,11.25,0,120.17,0,105,23,13.038,358.4,1,0.547,0.547,0.605,2.871,0.645,0.02,0,,,,134,0,0,0,0,0,0,0,0,0,0,4,0,0,7000,7000,30,237,1318,155,102,235,134,161,102,0,39321,337,308,422,389,448,382,26222,39321
117.781,0,4739,24,84,42,13.44,11.94,0.888,1,0,0,0,29,264,2.408,9,104,121.5,0,0,0,0,0,0,0,0,0,0,0,0,0,0,1,46.98,27,0.32,1,0,0,0,0,0,0,0,0,0,4720,2550,800,800,1090,1400,72,0.266,47.5,13.49,11.66,0,121.5,0,104,24,13.038,358.4,1,0.488,0.488,0.586,2.871,0.645,0.02,0,,,,141,0,0,0,0,0,0,0,0,0,0,4,0,0,7000,7000,30,237,1318,136,130,235,127,169,141,0,39321,344,306,439,375,441,365,26222,39321
117.841,0,4621,24,84,42,13.55,12.16,0.897,1,0,0,0,29,270,2.368,9,100,119.17,0,0,0,0,0,0,0,0,0,0,0,0,0,0,1,45.63,27,0.32,1,0,0,0,0,0,0,0,0,0,4640,2550,800,800,1090,1400,72,0.266,47.5,13.61,11.94,0,120.17,0,100,25,13.038,360.96,1,0.488,0.488,0.586,2.871,0.645,0.02,0,,,,98,0,0,0,0,0,0,0,0,0,0,4,0,0,7000,7000,30,237,1318,144,98,239,93,186,176,0,39321,342,304,456,353,439,365,26222,39321
117.901,0,4524,25,84,42,13.67,12.19,0.892,1,0,0,0,29,270,0,0,97,118.83,0,0,0,0,0,0,0,1,0,0,0,0,0,0,2,44.73,26,0.32,1,0,0,0,0,0,0,0,0,0,4520,2550,800,800,1090,1400,72,0.266,48,13.84,11.83,0,118.83,0,97,25,13.038,360.96,1,0.508,0.508,0.605,2.871,0.645,0.02,0,,,,91,0,0,0,0,0,0,0,0,0,0,4,0,0,7000,7000,30,237,1318,154,122,147,91,93,105,0,39321,339,301,460,330,422,351,26222,39321
117.961,0,4405,24,84,42,13.67,12.19,0.892,1,0,0,0,29,270,0,0,94,118.33,0,0,0,0,0,0,0,1,0,0,0,0,0,0,2,45.41,26,0.32,1,0,0,0,0,0,0,0,0,0,4400,2550,800,800,1090,1400,72,0.266,48,13.95,11.89,0,115.83,0,92,24,13.038,360.96,1,0.41,0.41,0.586,2.871,0.645,0.02,0,,,,242,0,0,0,0,0,0,0,0,0,0,4,0,0,7000,7000,30,237,1318,145,96,302,337,241,242,0,39321,339,292,477,361,422,358,26222,39321
118.021,0,4310,24,84,42,13.67,12.13,0.887,1,0,0,0,28,270,0,0,89,115.17,0,0,0,0,0,0,0,1,0,0,0,0,0,0,2,43.83,25,0.32,1,0,0,0,0,0,0,0,0,0,4320,2550,800,800,1090,1400,72,0.266,48.5,14.01,11.89,0,115.17,0,89,24,13.038,360.96,1,0.41,0.41,0.586,2.871,0.645,0.02,0,,,,355,0,0,0,0,0,0,0,0,0,0,4,0,0,7000,7000,30,237,1318,355,181,355,284,357,169,0,39321,427,318,522,403,475,363,26222,39321
118.081,0,4201,24,84,42,13.67,12.07,0.883,1,0,0,0,28,276,0,0,86,113.67,0,0,0,0,0,0,0,1,0,0,0,0,0,0,2,43.16,24,0.32,1,0,0,0,0,0,0,0,0,0,4200,2550,800,800,1090,1400,72,0.266,48.5,14.07,12.0,0,113.67,0,86,24,13.112,360.96,1,0.41,0.41,0.586,2.871,0.645,0.02,0,,,,325,0,0,0,0,0,0,0,0,0,0,4,0,0,7000,7000,30,237,1318,325,315,354,224,354,201,0,39321,472,346,560,406,520,382,26222,39321
118.141,0,4101,24,84,42,13.67,12.19,0.892,1,0,0,0,28,276,0,0,81,109.83,0,0,0,0,0,0,0,1,0,0,0,0,0,0,2,41.13,22,0.32,1,0,0,0,0,0,0,0,0,0,4120,2550,800,800,1090,1400,72,0.266,48.5,14.13,11.89,0,109.83,0,81,24,13.112,360.96,1,0.41,0.41,0.586,2.871,0.645,0.02,0,,,,294,0,0,0,0,0,0,0,0,0,0,4,0,0,7000,7000,30,237,1318,342,294,349,143,342,261,0,39321,513,408,593,408,555,408,26222,39321
118.201,0,4016,24,84,42,13.67,12.19,0.892,1,0,0,0,27,276,0,0,77,106.5,0,0,0,0,0,0,0,1,0,0,0,0,0,0,2,39.56,20,0.32,1,0,0,0,0,0,0,0,0,0,4000,2550,800,800,1090,1400,72,0.266,49,14.24,12.0,0,106.5,0,77,24,13.038,360.96,1,0.371,0.371,0.605,2.871,0.645,0.02,0,,,,208,0,0,0,0,0,0,0,0,0,0,4,0,0,7000,7000,30,237,1318,238,208,343,272,341,249,0,39321,534,437,612,429,586,425,26222,39321
118.261,0,3927,24,84,42,13.67,12.19,0.892,1,0,0,0,27,276,0,0,74,105.17,0,0,0,0,0,0,0,1,0,0,0,0,0,0,2,38.89,19,0.32,1,0,0,0,0,0,0,0,0,0,3920,2550,800,800,1090,1400,72,0.266,49,14.3,11.94,0,105.17,0,74,23,13.038,360.96,1,0.352,0.352,0.586,2.871,0.645,0.02,0,,,,383,0,0,0,0,0,0,0,0,0,0,4,0,0,7000,7000,30,237,1318,383,383,384,216,384,200,0,39321,577,494,643,429,619,437,26222,39321
118.321,0,3831,23,84,42,13.67,12.01,0.879,1,0,0,0,26.5,276,0,0,71,102.83,0,0,0,0,0,0,0,1,0,0,0,0,0,0,2,38.66,19,0.32,1,0,0,0,0,0,0,0,0,0,3840,2550,800,800,1090,1400,72,0.266,49,14.36,12.0,0,102.83,0,71,23,13.038,360.96,1,0.313,0.313,0.605,2.852,0.645,0.02,0,,,,309,0,0,0,0,0,0,0,0,0,0,4,0,0,7000,7000,30,237,1318,309,254,399,189,397,355,0,39321,610,501,676,444,657,456,26222,39321
118.381,0,3748,23,84,43,13.67,11.94,0.873,1,0,0,0,26.5,276,0,0,68,101.5,0,0,0,0,0,0,0,1,0,0,0,0,0,0,2,37.99,18,0.32,1,0,0,0,0,0,0,0,0,0,3760,2550,800,800,1090,1400,72,0.266,49.5,14.47,11.66,0,101.5,0,68,23,13.038,360.96,1,0.313,0.313,0.605,2.852,0.645,0.02,0,,,,304,0,0,0,0,0,0,0,0,0,0,4,0,0,7000,7000,30,237,1318,304,319,410,347,410,249,0,39321,617,536,710,489,695,470,26222,39321
118.441,0,3646,23,84,43,13.67,11.94,0.873,1,0,0,0,26.5,282,0,0,66,100.5,0,0,0,0,0,0,0,1,0,0,0,0,0,0,2,38.44,19,0.313,1,0,0,0,0,0,0,0,0,0,3640,2550,800,800,1090,1400,72,0.266,49,14.53,11.71,0,100.5,0,66,23,13.038,360.96,1,0.332,0.332,0.605,2.852,0.645,0.02,0,,,,347,0,0,0,0,0,0,0,0,0,0,4,0,0,7000,7000,30,237,1318,416,266,389,335,418,347,0,39321,641,551,738,536,731,501,26222,39321
118.501,0,3566,23,84,43,13.67,12.19,0.892,1,0,0,0,25.5,282,0,0,63,98,0,0,0,0,0,0,0,1,0,0,0,0,0,0,2,38.21,19,0.305,1,0,0,0,0,0,0,0,0,0,3560,2550,800,800,1090,1400,72,0.266,49,14.64,11.89,0,98,0,63,23,13.038,360.96,1,0.313,0.313,0.586,2.852,0.645,0.02,0,,,,280,0,0,0,0,0,0,0,0,0,0,4,0,0,7000,7000,30,237,1318,420,341,420,280,420,249,0,39321,681,567,771,562,748,508,26222,39321
118.561,0,3494,23,84,43,13.67,13.13,0.961,1,0,0,0,25.5,282,0,0,62,98.5,0,0,0,0,0,0,0,1,0,0,0,0,0,0,2,38.44,19,0.305,1,0,0,0,0,0,0,0,0,0,3480,2550,800,800,1090,1400,72,0.266,49,14.7,11.94,0,98.5,0,62,23,13.038,360.96,1,0.332,0.332,0.605,2.852,0.645,0.02,0,,,,418,0,0,0,0,0,0,0,0,0,0,4,0,0,7000,7000,30,237,1318,401,311,418,377,418,292,0,39321,714,591,798,581,779,529,26222,39321
118.621,0,3403,22,84,43,13.67,13.13,0.961,1,0,0,0,25.5,282,0,0,59,96.83,0,0,0,0,0,0,0,1,0,0,0,0,0,0,2,38.44,19,0.305,1,0,0,0,0,0,0,0,0,0,3400,2550,800,800,1090,1400,72,0.266,49,14.7,12.75,0,96.83,0,59,22,13.112,360.96,1,0.313,0.313,0.586,2.852,0.645,0.02,0,,,,420,0,0,0,0,0,0,0,0,0,0,4,0,0,7000,7000,30,237,1318,420,276,422,348,305,326,0,39321,750,596,809,615,788,551,26222,39321
118.681,0,3304,22,84,43,13.67,14.23,1.041,1,0,0,0,24.5,282,0,0,58,97.67,0,0,0,0,0,0,0,1,0,0,0,0,0,0,2,38.89,19,0.305,1,0,0,0,0,0,0,0,0,0,3320,2550,800,800,1090,1400,72,0.27,49,14.76,13.84,0,97.67,0,58,22,13.112,360.96,1,0.313,0.313,0.586,2.852,0.645,0.02,0,,,,400,0,0,0,0,0,0,0,0,0,0,4,0,0,7000,7000,30,237,1318,378,179,415,413,400,260,0,39321,760,574,831,657,812,553,26222,39321
118.741,0,3221,22,84,43,13.67,15.76,1.153,1,0,0,0,24.5,288,0,0,55,95.67,0,0,0,0,0,0,0,1,0,0,0,0,0,0,2,38.89,19,0.297,1,0,0,0,0,0,0,0,0,0,3240,2550,800,800,1090,1400,72,0.273,49,14.81,14.93,0,95.67,0,55,22,13.112,360.96,1,0.313,0.313,0.605,2.852,0.645,0.02,0,,,,400,0,0,0,0,0,0,0,0,0,0,4,0,0,7000,7000,30,239,1329,363,236,400,369,406,286,0,39321,767,574,838,672,821,570,26222,39321
118.801,0,3138,22,84,43,13.67,17.23,1.261,1,0,0,0,24.5,288,0,0,55,96.5,0,0,0,0,0,0,0,1,0,0,0,0,0,0,2,39.34,20,0.297,1,0,0,0,0,0,0,0,0,0,3120,2550,800,800,1090,1400,72,0.273,49,14.81,15.27,0,96.5,0,55,22,13.112,360.96,1,0.352,0.352,0.586,2.852,0.645,0.02,0,,,,410,0,0,0,0,0,0,0,0,0,0,4,0,0,7000,7000,30,249,1385,410,228,398,410,404,357,0,39321,767,574,838,672,821,570,26222,39321
118.861,0,3039,22,84,43,13.67,17.23,1.261,1,0,0,0,14.5,288,0,0,53,96.67,0,0,0,0,0,0,0,1,0,0,0,0,0,0,3,39.34,20,0.297,1,0,0,0,0,0,0,0,0,0,3040,2550,800,800,1090,1400,72,0.277,49,14.87,16.65,0,96.67,0,53,22,13.038,360.96,1,0.371,0.371,0.586,2.852,0.645,0.02,0,,,,326,0,0,0,0,0,0,0,0,0,0,4,0,0,7000,7000,30,255,1418,406,219,397,326,410,228,0,39321,767,574,838,672,821,570,26222,39321
118.921,0,2951,21,84,43,13.67,18.1,1.324,1,0,0,0,14.5,288,0,0,51,94.67,0,0,0,0,0,0,0,1,0,0,0,0,0,0,3,39.34,20,0.297,1,0,0,0,0,0,0,0,0,0,2960,2550,800,800,1090,1400,72,0.281,49,14.87,17.57,0,94.67,0,51,21,13.038,360.96,1,0.352,0.352,0.586,2.852,0.645,0.02,0,,,,281,0,0,0,0,0,0,0,0,0,0,4,0,0,7000,7000,30,258,1435,281,133,187,242,419,391,0,39321,767,574,838,672,821,570,26222,39321
118.981,0,2878,21,84,43,13.67,18.79,1.375,1,0,0,0,14.5,288,0,0,47,90.67,0,0,0,0,0,0,0,1,0,0,0,0,0,0,3,39.34,20,0.281,1,0,0,0,0,0,0,0,0,0,2880,2550,800,800,1090,1400,72,0.277,49,14.87,17.51,0,90.67,0,47,21,13.038,360.96,1,0.352,0.352,0.605,2.852,0.645,0.02,0,,,,363,0,0,0,0,0,0,0,0,0,0,4,0,0,7000,7000,30,259,1440,192,119,363,358,257,394,0,39321,767,574,838,672,821,570,26222,39321
119.041,0,2788,21,84,43,13.67,19.1,1.397,1,0,0,0,13.5,288,0,0,45,88.67,0,0,0,0,0,0,0,1,0,0,0,0,0,0,3,39.34,20,0.273,1,0,0,0,0,0,0,0,0,0,2800,2550,800,800,1090,1400,72,0.277,49,14.87,18.26,0,88.67,0,45,21,13.038,360.96,1,0.332,0.332,0.586,2.852,0.645,0.02,0,,,,238,0,0,0,0,0,0,0,0,0,0,4,0,0,7000,7000,30,256,1424,222,98,248,198,142,238,0,39321,767,574,838,672,821,570,26222,39321
119.101,0,2711,21,84,43,13.67,19.1,1.397,1,0,0,0,13.5,294,0,0,41,85,0,0,0,0,0,0,0,1,0,0,0,0,0,0,3,39.56,20,0.258,1,0,0,0,0,0,0,0,0,0,2720,2550,800,800,1090,1400,72,0.273,49,14.87,18.6,0,85,0,41,21,13.038,360.96,1,0.332,0.332,0.605,2.852,0.645,0.02,0,,,,146,0,0,0,0,0,0,0,0,0,0,4,0,0,7000,7000,30,252,1401,162,146,218,112,114,160,0,39321,808,540,838,672,821,698,26222,39321
119.161,0,2619,21,84,43,13.67,19.2,1.405,1,0,0,0,11.5,294,0,0,40,85,0,0,0,0,0,0,0,1,0,0,0,0,0,0,3,39.56,20,0.258,1,0,0,0,0,0,0,0,0,0,2600,2550,800,800,1090,1400,72,0.273,49,14.81,18.66,0,85,0,40,21,13.038,360.96,1,0.352,0.352,0.586,2.852,0.645,0.02,0,,,,158,0,0,0,0,0,0,0,0,0,0,4,0,0,7000,7000,30,252,1401,200,86,206,158,132,164,0,39321,792,521,878,739,825,682,26222,39321
119.221,0,2538,21,84,43,13.67,19.29,1.411,1,0,0,0,11.5,294,0,0,38,82.67,0,0,0,0,0,0,0,1,0,0,0,0,0,0,3,39.34,20,0.25,1,0,0,0,0,0,0,0,0,0,2520,2540,800,800,1090,1400,72,0.273,49,14.81,18.72,0,82.67,0,38,20,13.038,360.96,1,0.352,0.352,0.605,2.852,0.645,0.02,0,,,,188,0,0,0,0,0,0,0,0,0,0,4,0,0,7000,7000,30,252,1401,184,148,232,84,188,188,0,39321,810,537,902,739,812,691,26222,39321
119.281,0,2455,20,84,43,13.67,19.29,1.411,1,0,0,0,11.5,294,0,0,36,81,0,0,0,0,0,0,0,1,0,0,0,0,0,0,3,39.34,20,0.25,1,0,0,0,0,0,0,0,0,0,2440,2460,800,800,1090,1400,72,0.27,48.5,14.81,18.78,0,81,0,36,20,13.038,360.96,1,0.352,0.352,0.605,2.852,0.645,0.02,0,,,,128,0,0,0,0,0,0,0,0,0,0,4,0,0,7000,7000,30,252,1401,128,120,218,112,140,106,0,39321,759,525,883,714,784,669,26222,39321
119.341,0,2371,20,84,43,13.67,19.2,1.405,1,0,0,0,9,294,0,0,35,81,0,0,0,0,0,0,0,1,0,0,0,0,0,0,3,39.34,20,0.25,1,0,0,0,0,0,0,0,0,0,2360,2370,800,800,1090,1400,72,0.27,48,14.81,18.72,0,81,0,35,20,13.038,360.96,1,0.352,0.352,0.605,2.852,0.645,0.02,0,,,,134,0,0,0,0,0,0,0,0,0,0,4,0,0,7000,7000,30,252,1401,160,134,158,144,146,214,0,39321,739,514,855,694,762,663,26222,39321
119.401,0,2303,20,84,43,13.67,19.1,1.397,1,0,0,0,9,294,0,0,34,81,0,0,0,0,0,0,0,1,0,0,0,0,0,0,3,39.34,20,0.25,1,0,0,0,0,0,0,0,0,0,2320,2300,800,800,1090,1400,72,0.27,47.5,14.81,18.6,0,81,0,34,20,13.038,360.96,1,0.371,0.371,0.605,2.852,0.645,0.02,0,,,,162,0,0,0,0,0,0,0,0,0,0,4,0,0,7000,7000,30,252,1401,186,128,162,96,124,146,0,39321,725,506,804,669,736,646,26222,39321
119.461,0,2215,20,84,43,13.67,19.1,1.397,1,0,0,0,9,300,0,0,32,81.33,0,0,0,0,0,0,0,1,0,0,0,0,0,0,3,39.56,20,0.25,1,0,0,0,0,0,0,0,0,0,2200,2220,800,800,1090,1400,72,0.266,46.5,14.76,18.66,0,81.33,0,32,20,13.038,360.96,1,0.332,0.332,0.605,2.832,0.645,0.02,0,,,,88,0,0,0,0,0,0,0,0,0,0,4,0,0,7000,7000,30,252,1401,214,102,212,88,108,116,0,39321,717,492,793,621,708,627,26222,39321
119.521,0,2141,20,84,43,13.67,19.1,1.397,1,0,0,0,9,300,0,0,31,81.67,0,0,0,0,0,0,0,1,0,0,0,0,0,0,3,39.79,20,0.25,1,0,0,0,0,0,0,0,0,0,2160,2140,800,800,1090,1400,72,0.266,46.5,14.76,18.66,0,81.67,0,31,20,13.038,360.96,1,0.352,0.352,0.586,2.832,0.645,0.02,0,,,,116,0,0,0,0,0,0,0,0,0,0,4,0,0,7000,7000,30,252,1401,170,82,184,238,116,76,0,39321,703,475,776,624,660,599,26222,39321
119.581,0,2066,19,84,43,13.67,19.1,1.397,1,0,0,0,7.5,300,0,0,30,80.17,0,0,0,0,0,0,0,1,0,0,0,0,0,0,3,40.01,21,0.25,1,0,0,0,0,0,0,0,0,0,2080,2070,800,800,1090,1400,72,0.266,46,14.7,18.66,0,80.17,0,30,19,13.112,360.96,1,0.352,0.352,0.586,2.832,0.645,0.02,0,,,,114,0,0,0,0,0,0,0,0,0,0,4,0,0,7000,7000,30,252,1401,142,90,146,94,114,124,0,39321,683,461,753,601,638,585,26222,39321
119.641,0,1990,19,84,43,13.67,18.98,1.389,1,0,0,0,7.5,300,0,0,29,80.83,0,0,0,0,0,0,0,1,0,0,0,0,0,0,3,40.24,21,0.25,1,0,0,0,0,0,0,0,0,0,2000,1990,800,800,1090,1400,72,0.266,45.5,14.7,18.66,0,80.83,0,29,19,13.038,360.96,1,0.352,0.352,0.605,2.832,0.645,0.02,0,,,,114,0,0,0,0,0,0,0,0,0,0,6,0,0,7000,7000,30,252,1401,132,82,168,114,114,74,0,39321,663,447,736,582,618,562,26222,39321
119.701,0,1915,19,84,43,13.67,18.89,1.382,1,0,0,0,7.5,300,0,0,28,81.17,0,0,0,0,0,0,0,1,0,0,0,0,0,0,3,40.46,21,0.25,1,0,0,0,0,0,0,0,0,0,1920,1920,800,800,1090,1400,72,0.262,44.5,14.64,18.49,0,81.17,0,28,19,13.038,360.96,1,0.352,0.352,0.586,2.832,0.645,0.02,0,,,,70,0,0,0,0,0,0,0,0,0,0,6,0,0,7000,7000,30,252,1401,126,72,136,82,70,118,0,39321,644,433,714,559,593,548,26222,39321
119.761,0,1832,19,84,43,13.67,18.89,1.382,1,0,0,0,7,300,0,0,27,81.67,0,0,0,0,0,0,0,1,0,0,0,0,0,0,3,40.91,21,0.25,1,0,0,0,0,0,0,0,0,0,1840,1830,800,800,1090,1400,72,0.262,43.5,14.64,18.43,0,81.67,0,27,19,13.112,360.96,1,0.371,0.371,0.605,2.832,0.645,0.02,0,,,,82,0,0,0,0,0,0,0,0,0,0,6,0,0,7000,7000,30,252,1401,146,100,118,82,70,110,0,39321,627,424,691,537,593,534,26222,39321
119.821,0,1768,19,84,43,13.67,18.89,1.382,1,0,0,0,7,300,0,0,27,84.33,0,0,0,0,0,0,0,1,0,0,0,0,0,0,3,41.13,22,0.258,1,0,0,0,0,0,0,0,0,0,1760,1770,800,800,1090,1400,72,0.262,42,14.59,18.38,0,84.33,0,27,19,13.112,360.96,1,0.371,0.371,0.586,2.832,0.645,0.02,0,,,,100,0,0,0,0,0,0,0,0,0,0,6,0,0,7000,7000,30,252,1401,152,60,136,100,138,62,0,39321,613,410,672,520,582,511,26222,39321
119.881,0,1677,18,84,43,13.67,18.89,1.382,1,0,0,0,7,306,0,0,25,83.33,0,0,0,0,0,0,0,1,0,0,0,0,0,0,3,41.58,22,0.258,1,0,0,0,0,0,0,0,0,0,1680,1680,800,800,1090,1400,72,0.262,41.5,14.53,18.32,0,83.33,0,25,18,13.112,360.96,1,0.391,0.391,0.586,2.832,0.645,0.02,0,,,,90,0,0,0,0,0,0,0,0,0,0,6,0,0,7000,7000,30,252,1401,134,52,90,100,120,54,0,39321,596,393,646,520,568,489,26222,39321
119.941,2,1607,18,84,43,13.78,18.89,1.371,1,1.719,0,0,7.5,306,0,0,27,92.67,0,0,0,0,0,0,0,0,0,0,0,0,0,0,0,42.03,23,0.344,1,0,0,0,0,0,0,0,0,0,1600,1610,800,800,1090,1400,72,0.27,40,14.47,18.32,0,92.67,0,27,18,13.112,360.96,1,0.41,0.41,0.605,2.832,0.762,0.02,0,,,,92,0,0,0,0,0,0,0,0,0,0,6,0,0,7000,7000,30,252,1401,136,92,90,76,112,80,0,39321,582,385,646,500,554,472,26222,39321
120.001,18,1533,18,84,43,14.13,18.89,1.337,1,0.918,0,0.516,9,306,3.784,4,47,167.33,0,0,0,0,0,0,0,0,1,0,0,0,0,0,0,48.78,30,0.539,1,0,0,0,0,0,0,0,0,0,1520,1530,800,800,1090,1400,72,0.289,38,14.41,18.32,0,167.33,0,47,18,13.112,355.84,1,0.684,0.684,0.605,2.832,1.367,0.02,0,,,,89,0,0,0,0,0,0,0,0,0,0,6,0,0,7000,7000,29,252,1401,136,92,108,114,94,89,0,39321,582,385,624,489,537,458,26222,39321
120.061,32,1545,18,84,43,13.95,18.79,1.346,1,0.32,0,2.527,10.5,300,6.44,8,91,328.33,0,0,0,0,0,0,1,0,1,0,0,0,0,0,0,86.32,69,0.594,1,0,0,0,0,0,0,0,0,0,1560,1550,800,800,1090,1400,70,0.328,26.5,14.01,18.15,0,328.33,0,91,18,13.112,320,1,1.504,1.504,0.605,2.832,1.855,0.02,0,,,,55,0,0,0,0,0,0,0,0,0,0,6,0,0,7000,7000,22,252,1401,71,69,86,62,55,89,0,39321,559,371,601,469,511,458,26222,39321
120.121,22,1838,18,84,43,13.61,18.79,1.38,1,0.082,0,1.691,12,294,6.496,9,119,360.33,0,0,0,0,0,0,0,0,1,0,0,0,0,0,0,97.11,81,0.57,1,0,0,0,0,0,0,0,0,0,1840,1840,800,800,1090,1400,70,0.332,27,13.67,18.15,0,360.33,0,119,18,13.112,309.76,1,1.563,1.563,0.605,2.832,1.484,0.02,0,,,,42,0,0,0,0,0,0,0,0,0,0,6,0,0,7000,7000,20,252,1401,107,72,141,42,55,65,0,39321,542,362,587,447,511,441,26222,39321
120.181,13,2172,18,84,43,13.95,18.79,1.346,1,0.016,0,0.902,13.5,294,4.808,8,107,273.83,0,0,0,0,0,0,0,0,1,0,0,0,0,0,0,84.3,67,0.5,1,0,0,0,0,0,0,0,0,0,2160,2170,800,800,1090,1400,70,0.297,30.5,14.18,18.15,0,273.83,0,107,18,13.112,322.56,1,1.25,1.25,0.605,2.832,1.152,0.02,0,,,,79,0,0,0,0,0,0,0,0,0,0,4,0,0,7000,7000,23,252,1401,159,70,189,79,73,93,0,39321,537,354,582,433,492,430,26222,39321
120.241,12,2500,18,84,43,14.3,18.67,1.306,1,0,0,0.43,15,294,3.928,8,102,231.83,0,0,0,0,0,0,0,0,1,0,0,0,0,0,0,73.73,56,0.484,1,0,0,0,0,0,0,0,0,0,2520,2500,800,800,1090,1400,70,0.309,36,14.53,18.09,0,231.83,0,102,18,13.112,332.8,1,1.035,1.035,0.586,2.832,1.133,0.02,0,,,,131,0,0,0,0,0,0,0,0,0,0,4,0,0,7000,7000,25,252,1401,187,110,215,133,131,102,0,39321,537,351,582,430,475,421,26222,39321
120.301,12,2589,18,84,43,14.59,18.39,1.261,1,0,0,0.18,16.5,294,3.464,7,98,211,0,0,0,0,0,0,0,0,1,0,0,0,0,0,0,67.21,49,0.484,1,0,0,0,0,0,0,0,0,0,2600,2550,800,800,1090,1400,70,0.316,38.5,14.64,17.92,0,211,0,98,18,13.112,337.92,1,0.898,0.898,0.586,2.852,1.133,0.02,0,,,,146,0,0,0,0,0,0,0,0,0,0,4,0,0,7000,7000,26,252,1401,146,76,231,150,111,140,0,39321,554,343,585,430,466,424,26222,39321
120.361,12,2501,18,84,43,14.64,16.67,1.138,1,0,0,0.074,18,294,3.264,6,91,201,0,0,0,0,0,0,0,0,1,0,0,0,0,0,0,64.06,46,0.484,1,0,0,0,0,0,0,0,0,0,2520,2500,800,800,1090,1400,70,0.316,40,14.7,17.86,0,201,0,91,18,13.112,340.48,1,0.898,0.898,0.586,2.852,1.133,0.02,0,,,,175,0,0,0,0,0,0,0,0,0,0,4,0,0,7000,7000,26,252,1401,142,74,175,103,152,175,0,39321,545,334,579,421,464,427,26222,39321
120.421,11,2422,18,84,43,14.64,16.67,1.138,1,0,0,0.023,19.5,294,3.176,6,85,196,0,0,0,0,0,0,0,0,0,0,0,0,0,0,0,62.49,44,0.484,1,0,0,0,0,0,0,0,0,0,2440,2420,800,800,1090,1400,70,0.309,40.5,14.7,16.31,0,196,0,85,18,13.112,343.04,1,0.859,0.859,0.586,2.852,1.094,0.02,0,,,,134,0,0,0,0,0,0,0,0,0,0,4,0,0,7000,7000,27,252,1401,131,100,223,134,165,225,0,39321,534,331,582,413,464,438,26222,39321
120.481,11,2436,18,84,43,14.64,14.88,1.016,1,0,0,0,21,294,3.104,6,84,191.17,0,0,0,0,0,0,0,0,0,0,0,0,0,0,0,60.92,43,0.484,1,0,0,0,0,0,0,0,0,0,2440,2430,800,800,1090,1400,70,0.309,41,14.7,14.53,0,191.17,0,84,18,13.112,345.6,1,0.781,0.781,0.605,2.852,1.094,0.02,0,,,,178,0,0,0,0,0,0,0,0,0,0,4,0,0,7000,7000,27,252,1401,225,131,231,112,178,141,0,39321,542,331,587,407,469,435,26222,39321
120.541,11,2453,18,84,43,14.64,14.48,0.989,1,0,0,0,22.5,294,3.064,6,83,187.67,0,0,0,0,0,0,0,0,0,0,0,0,0,0,0,59.79,41,0.484,1,0,0,0,0,0,0,0,0,0,2440,2450,800,800,1090,1400,70,0.309,42,14.7,14.41,0,187.67,0,83,18,13.112,345.6,1,0.82,0.82,0.586,2.852,1.094,0.02,0,,,,228,0,0,0,0,0,0,0,0,0,0,4,0,0,7000,7000,27,252,1401,228,124,201,128,137,218,0,39321,554,331,585,405,464,450,26222,39321
120.601,11,2442,18,84,43,14.64,14.23,0.972,1,0,0,0,24,294,3.048,6,82,186.83,0,0,0,0,0,0,0,0,0,0,0,0,0,0,0,59.57,41,0.484,1,0,0,0,0,0,0,0,0,0,2440,2440,800,800,1090,1400,70,0.309,42,14.7,14.13,0,186.83,0,82,18,13.112,345.6,1,0.781,0.781,0.605,2.852,1.094,0.02,0,,,,145,0,0,0,0,0,0,0,0,0,0,4,0,0,7000,7000,27,252,1401,228,145,205,168,122,157,0,39321,559,345,582,410,455,450,26222,39321
120.661,11,2440,18,84,43,14.64,14.23,0.972,1,0,0,0,25.5,294,3.04,6,82,186.17,0,0,0,0,0,0,0,0,0,0,0,0,0,0,0,59.34,41,0.484,1,0,0,0,0,0,0,0,0,0,2440,2440,800,800,1090,1400,70,0.309,42,14.7,13.9,0,186.17,0,82,18,13.112,345.6,1,0.742,0.742,0.605,2.852,1.094,0.02,0,,,,184,0,0,0,0,0,0,0,0,0,0,4,0,0,7000,7000,27,252,1401,211,112,184,151,153,166,0,39321,559,345,576,413,452,452,26222,39321
120.721,11,2459,18,84,43,14.64,14.13,0.965,1,0,0,0,27,294,3.04,6,82,186.17,0,0,0,0,0,0,0,0,0,0,0,0,0,0,0,59.34,41,0.484,1,0,0,0,0,0,0,0,0,0,2440,2460,800,800,1090,1400,70,0.309,42,14.7,13.67,0,186.17,0,82,18,13.112,345.6,1,0.781,0.781,0.605,2.852,1.094,0.02,0,,,,155,0,0,0,0,0,0,0,0,0,0,4,0,0,7000,7000,27,252,1401,253,101,234,182,155,174,0,39321,570,340,582,419,447,455,26222,39321
120.782,11,2444,18,84,43,14.64,14.07,0.961,1,0,0,0,28.5,294,3.032,6,82,185.5,0,0,0,0,0,0,0,0,0,0,0,0,0,0,0,59.12,41,0.484,1,0,0,0,0,0,0,0,0,0,2440,2440,800,800,1090,1400,70,0.309,42,14.7,13.9,0,185.5,0,82,18,13.112,345.6,1,0.781,0.781,0.586,2.852,1.094,0.02,0,,,,162,0,0,0,0,0,0,0,0,0,0,4,0,0,7000,7000,27,252,1401,255,143,243,197,172,162,0,39321,582,343,587,427,450,455,26222,39321
120.842,9,2449,18,84,43,14.64,14.07,0.961,1,0,0,0,30,294,3.008,6,81,183.5,0,0,0,0,0,0,0,0,0,0,0,0,0,0,0,58.44,40,0.484,1,0,0,0,0,0,0,0,0,0,2440,2450,800,800,1090,1400,70,0.309,42.5,14.7,13.72,0,183.5,0,81,18,13.112,348.16,1,0.723,0.723,0.605,2.852,1.016,0.02,0,,,,247,0,0,0,0,0,0,0,0,0,0,4,0,0,7000,7000,28,252,1401,247,145,247,180,157,182,0,39321,590,345,596,430,450,458,26222,39321
120.901,0,2440,18,84,43,14.7,14.07,0.957,1,0,0,0,31.5,294,1.96,3,42,95.83,0,0,0,0,0,0,0,0,0,0,0,0,0,0,1,50.35,31,0.25,1,0,0,0,0,0,0,0,0,0,2440,2440,800,800,1090,1400,71,0.27,47,14.76,13.67,0,95.83,0,42,18,13.112,355.84,1,0.566,0.566,0.586,2.852,0.645,0.02,0,,,,156,0,0,0,0,0,0,0,0,0,0,4,0,0,7000,7000,29,252,1401,226,114,156,176,178,136,0,39321,593,348,585,433,452,452,26222,39321
120.961,0,2393,18,84,43,14.7,14.07,0.957,1,0,0,0,32.5,294,1.84,3,37,86,0,0,0,0,0,0,0,0,0,0,0,0,0,0,1,44.51,25,0.25,1,0,0,0,0,0,0,0,0,0,2400,2390,800,800,1090,1400,71,0.27,47.5,14.76,13.72,0,86,0,37,18,13.112,360.96,1,0.43,0.43,0.586,2.852,0.645,0.02,0,,,,146,0,0,0,0,0,0,0,0,0,0,4,0,0,7000,7000,30,252,1401,230,162,216,146,126,170,0,39321,596,357,585,435,447,452,26222,39321
121.021,0,2368,18,84,43,14.76,13.94,0.944,1,0,0,0,31,294,1.768,3,34,80.83,0,0,0,0,0,0,0,0,0,0,0,0,0,0,1,41.36,22,0.25,1,0,0,0,0,0,0,0,0,0,2360,2370,800,800,1090,1400,71,0.27,47.5,14.81,13.61,0,80.83,0,34,19,13.112,363.52,1,0.371,0.371,0.605,2.852,0.645,0.02,0,,,,160,0,0,0,0,0,0,0,0,0,0,4,0,0,7000,7000,31,252,1401,212,142,248,112,160,170,0,39321,596,360,593,427,441,452,26222,39321
121.082,0,2383,19,84,43,14.76,13.94,0.944,1,0,0,0,29.5,294,1.76,3,34,80,0,0,0,0,0,0,0,0,0,0,0,0,0,0,1,39.79,20,0.25,1,0,0,0,0,0,0,0,0,0,2400,2380,800,800,1090,1400,71,0.27,48,14.81,13.44,0,80,0,34,19,13.112,366.08,1,0.352,0.352,0.586,2.852,0.645,0.02,0,,,,156,0,0,0,0,0,0,0,0,0,0,4,0,0,7000,7000,31,252,1401,236,110,284,110,116,156,0,39321,599,357,607,419,435,441,26222,39321
121.142,0,2321,19,84,43,14.76,13.82,0.936,1,0,0,0,28,294,1.752,3,33,79.33,0,0,0,0,0,0,0,0,0,0,0,0,0,0,1,39.34,20,0.25,1,0,0,0,0,0,0,0,0,0,2320,2320,800,800,1090,1400,71,0.27,47.5,14.81,13.38,0,79.33,0,33,19,13.112,366.08,1,0.332,0.332,0.586,2.852,0.645,0.02,0,,,,254,0,0,0,0,0,0,0,0,0,0,4,0,0,7000,7000,31,252,1401,254,116,220,120,124,150,0,39321,621,354,610,413,430,438,26222,39321
121.202,0,2254,19,84,43,14.7,13.82,0.94,1,0,0,0,26.5,294,1.776,3,32,79.33,0,0,0,0,0,0,0,0,0,0,0,0,0,0,1,39.34,20,0.25,1,0,0,0,0,0,0,0,0,0,2240,2250,800,800,1090,1400,71,0.27,47,14.76,12.92,0,79.33,0,32,19,13.038,366.08,1,0.352,0.352,0.586,2.852,0.645,0.02,0,,,,114,0,0,0,0,0,0,0,0,0,0,4,0,0,7000,7000,31,252,1401,176,114,142,118,120,198,0,39321,613,354,596,407,424,447,26222,39321
121.262,0,2168,19,84,43,14.7,13.98,0.951,1,0,0,0,25,300,1.784,3,31,79.67,0,0,0,0,0,0,0,0,0,0,0,0,0,0,1,39.56,20,0.25,1,0,0,0,0,0,0,0,0,0,2160,2170,800,800,1090,1400,72,0.266,46.5,14.76,12.92,0,79.67,0,31,19,13.038,366.08,1,0.352,0.352,0.586,2.852,0.645,0.02,0,,,,218,0,0,0,0,0,0,0,0,0,0,4,0,0,7000,7000,31,252,1401,178,94,218,110,146,102,0,39321,607,348,593,402,424,435,26222,39321
121.322,0,2102,20,84,43,14.7,13.98,0.951,1,0,0,0,23.5,300,1.808,3,31,81.33,0,0,0,0,0,0,0,0,0,0,0,0,0,0,1,39.56,20,0.25,1,0,0,0,0,0,0,0,0,0,2120,2100,800,800,1090,1400,72,0.266,46.5,14.76,13.21,0,81.33,0,31,20,12.965,366.08,1,0.352,0.352,0.605,2.852,0.645,0.02,0,,,,196,0,0,0,0,0,0,0,0,0,0,4,0,0,7000,7000,31,252,1401,124,88,196,182,108,74,0,39321,590,343,590,410,416,421,26222,39321
121.382,0,2032,20,84,43,14.64,14.38,0.982,1,0,0,0,22,300,1.816,3,30,81.67,0,0,0,0,0,0,0,0,0,0,0,0,0,0,1,39.79,20,0.25,1,0,0,0,0,0,0,0,0,0,2040,2030,800,800,1090,1400,72,0.266,45.5,14.7,13.72,0,81.67,0,30,20,12.965,366.08,1,0.352,0.352,0.586,2.832,0.645,0.02,0,,,,184,0,0,0,0,0,0,0,0,0,0,4,0,0,7000,7000,31,252,1401,86,70,184,106,174,72,0,39321,568,334,587,402,421,407,26222,39321
121.442,0,1960,20,84,43,14.64,14.66,1.001,1,0,0,0,20.5,300,1.832,2,29,82.5,0,0,0,0,0,0,0,0,0,0,0,0,0,0,1,40.24,21,0.25,1,0,0,0,0,0,0,0,0,0,1960,1960,800,800,1090,1400,72,0.266,45,14.7,13.67,0,82.5,0,29,20,12.965,366.08,1,0.352,0.352,0.586,2.832,0.645,0.02,0,,,,144,0,0,0,0,0,0,0,0,0,0,6,0,0,7000,7000,31,252,1401,118,56,144,146,108,132,0,39321,554,323,576,402,413,405,26222,39321
121.502,0,1886,20,84,43,14.59,14.88,1.02,1,0,0,0,19.5,300,1.848,2,28,83.17,0,0,0,0,0,0,0,0,0,0,0,0,0,0,1,40.68,21,0.25,1,0,0,0,0,0,0,0,0,0,1880,1890,800,800,1090,1400,72,0.262,44,14.64,14.01,0,83.17,0,28,20,12.965,366.08,1,0.371,0.371,0.586,2.832,0.645,0.02,0,,,,138,0,0,0,0,0,0,0,0,0,0,6,0,0,7000,7000,31,252,1401,170,70,138,124,112,72,0,39321,548,317,562,399,407,390,26222,39321
121.562,0,1813,20,84,43,14.59,14.88,1.02,1,0,0,0,19.5,300,1.848,2,27,83.5,0,0,0,0,0,0,0,0,0,0,0,0,0,0,1,40.91,21,0.25,1,0,0,0,0,0,0,0,0,0,1840,1830,800,800,1090,1400,72,0.262,43.5,14.64,14.13,0,83.5,0,27,20,12.965,366.08,1,0.391,0.391,0.586,2.832,0.645,0.02,0,,,,92,0,0,0,0,0,0,0,0,0,0,6,0,0,7000,7000,31,252,1401,144,92,138,70,128,74,0,39321,540,312,562,388,405,379,26222,39321
121.622,0,1755,20,84,43,14.53,14.98,1.031,1,0,0,0,19.5,306,1.888,2,27,86,0,0,0,0,0,0,0,0,0,0,0,0,0,0,1,41.13,22,0.258,1,0,0,0,0,0,0,0,0,0,1760,1760,800,800,1090,1400,72,0.262,42,14.59,14.36,0,86,0,27,20,12.965,363.52,1,0.391,0.391,0.586,2.832,0.645,0.02,0,,,,52,0,0,0,0,0,0,0,0,0,0,6,0,0,7000,7000,31,252,1401,140,52,120,58,184,60,0,39321,531,300,548,374,413,365,26222,39321
121.681,0,1697,20,84,43,14.47,15.13,1.045,1,0,0,0,19,306,1.896,2,26,86.67,0,0,0,0,0,0,0,0,0,0,0,0,0,0,1,41.58,22,0.258,1,0,0,0,0,0,0,0,0,0,1680,1700,800,800,1090,1400,72,0.262,41.5,14.53,14.36,0,86.67,0,26,20,12.892,363.52,1,0.391,0.391,0.586,2.832,0.645,0.02,0,,,,132,0,0,0,0,0,0,0,0,0,0,6,0,0,7000,7000,31,252,1401,132,52,100,68,102,64,0,39321,523,300,531,362,405,354,26222,39321
121.741,0,1619,20,84,43,14.41,14.94,1.036,1,0,0,0,18.5,306,1.952,2,26,90,0,0,0,0,0,0,0,0,0,0,0,0,0,0,1,42.26,23,0.266,1,0,0,0,0,0,0,0,0,0,1600,1620,800,800,1090,1400,72,0.262,40,14.47,14.47,0,90,0,26,20,12.892,363.52,1,0.391,0.391,0.586,2.832,0.645,0.02,0,,,,130,0,0,0,0,0,0,0,0,0,0,6,0,0,7000,7000,31,252,1401,132,96,76,62,62,130,0,39321,523,298,511,351,390,354,26222,39321
121.801,0,1556,20,84,43,14.41,14.94,1.036,1,0,0,0,18.5,306,1.984,2,26,92.5,0,0,0,0,0,0,0,0,0,0,0,0,0,0,1,42.48,23,0.273,1,0,0,0,0,0,0,0,0,0,1560,1560,800,800,1090,1400,72,0.258,39.5,14.47,14.24,0,92.5,0,26,20,12.892,363.52,1,0.43,0.43,0.586,2.832,0.645,0.02,0,,,,80,0,0,0,0,0,0,0,0,0,0,6,0,0,7000,7000,31,252,1401,154,96,74,80,62,130,0,39321,517,295,495,343,390,354,26222,39321
121.862,0,1493,20,84,43,14.36,14.85,1.034,1,0,0,0,18,306,1.992,2,25,93.33,0,0,0,0,0,0,0,0,0,0,0,0,0,0,1,42.93,24,0.273,1,0,0,0,0,0,0,0,0,0,1480,1490,800,800,1090,1400,72,0.258,38.5,14.41,14.18,0,93.33,0,25,20,12.892,363.52,1,0.41,0.41,0.586,2.832,0.645,0.02,0,,,,132,0,0,0,0,0,0,0,0,0,0,6,0,0,7000,7000,31,252,1401,78,116,132,80,68,76,0,39321,500,295,486,343,376,345,26222,39321
121.922,0,1434,20,84,43,14.36,14.7,1.024,1,0,0,0,17.5,306,2,2,25,94.17,0,0,0,0,0,0,0,0,0,0,0,0,0,0,1,43.38,24,0.273,1,0,0,0,0,0,0,0,0,0,1440,1430,800,800,1090,1400,72,0.258,38,14.41,14.18,0,94.17,0,25,20,12.892,363.52,1,0.43,0.43,0.586,2.832,0.645,0.02,0,,,,82,0,0,0,0,0,0,0,0,0,0,6,0,0,7000,7000,31,252,1401,82,116,132,94,98,58,0,39321,483,295,486,340,368,334,26222,39321
121.981,0,1377,20,84,43,14.3,14.7,1.028,1,0,0,0,17.5,306,2.008,2,24,94.83,0,0,0,0,0,0,0,0,0,0,0,0,0,0,1,43.83,25,0.273,1,0,0,0,0,0,0,0,0,0,1360,1380,800,800,1090,1400,72,0.258,37,14.36,14.01,0,94.83,0,24,20,12.892,360.96,1,0.449,0.449,0.586,2.832,0.645,0.02,0,,,,130,0,0,0,0,0,0,0,0,0,0,6,0,0,7000,7000,30,252,1401,82,48,102,108,130,58,0,39321,483,286,472,340,368,334,26222,39321
122.041,0,1330,20,84,43,14.3,14.48,1.013,1,0,0,0,17.5,312,2.008,2,23,94.83,0,0,0,0,0,0,0,0,0,0,0,0,0,0,1,43.83,25,0.273,1,0,0,0,0,0,0,0,0,0,1320,1330,800,800,1090,1400,72,0.258,36.5,14.36,13.78,0,94.83,0,23,20,12.892,360.96,1,0.449,0.449,0.586,2.832,0.645,0.02,0,,,,156,0,0,0,0,0,0,0,0,0,0,6,0,0,7000,7000,30,252,1401,92,82,156,108,130,88,0,39321,469,281,472,340,368,329,26222,39321
122.101,0,1276,20,84,43,14.3,14.07,0.984,1,0,0,0,16.5,312,0,0,23,97.83,0,0,0,0,0,0,0,1,0,0,0,0,0,0,2,44.28,25,0.281,1,0,0,0,0,0,0,0,0,0,1280,1280,800,800,1090,1400,72,0.258,36,14.36,13.32,0,97.83,0,23,20,12.892,360.96,1,0.469,0.469,0.586,2.832,0.645,0.02,0,,,,53,0,0,0,0,0,0,0,0,0,0,6,0,0,7000,7000,30,252,1401,53,82,156,93,101,67,0,39321,450,281,472,334,362,320,26222,39321
122.162,0,1233,20,84,43,14.3,13.79,0.964,1,0,0,0,16.5,312,0,0,22,100.67,0,0,0,0,0,0,0,1,0,0,0,0,0,0,2,44.51,25,0.289,1,0,0,0,0,0,0,0,0,0,1240,1230,800,800,1090,1400,72,0.258,35.5,14.3,13.26,0,100.67,0,22,20,12.892,360.96,1,0.449,0.449,0.586,2.832,0.645,0.02,0,,,,87,0,0,0,0,0,0,0,0,0,0,6,0,0,7000,7000,30,252,1401,53,73,123,123,87,67,0,39321,450,275,464,334,357,320,26222,39321
122.222,0,1148,20,84,43,14.3,13.79,0.964,1,0,0,0,16.5,312,0,0,22,105.67,0,0,0,0,0,0,0,1,0,0,0,0,0,0,2,44.96,26,0.305,1,0,0,0,0,0,0,0,0,0,1160,1150,800,800,1090,1400,72,0.258,33.5,14.3,12.98,0,105.67,0,22,20,12.892,360.96,1,0.469,0.469,0.586,2.832,0.645,0.02,0,,,,69,0,0,0,0,0,0,0,0,0,0,7,0,0,7000,7000,30,252,1401,83,69,123,123,87,55,0,39321,435,272,464,334,357,309,26222,39321
122.281,0,1076,20,84,43,14.3,13.54,0.947,1,0,0,0,16,312,0,0,21,109.5,0,0,0,0,1,0,0,0,0,0,0,0,0,0,0,45.63,27,0.313,1,0,0,0,0,0,0,0,0,0,1080,1080,800,1080,1090,1400,72,0.258,30.5,14.3,12.63,0,109.5,0,21,20,12.892,360.96,1,0.469,0.469,0.586,2.832,0.645,0.02,0,,,,41,0,0,0,0,0,0,0,0,0,0,7,0,0,7000,7000,30,252,1401,83,69,157,71,77,41,0,39321,435,272,461,326,348,298,26222,39321
122.341,0,994,20,84,43,14.64,13.32,0.91,1,0,0,0,21,312,2.256,1,20,111.67,0,0,0,0,1,0,0,0,0,0,0,0,0,0,0,46.53,27,0.32,1,0,0,0,0,0,0,0,0,0,1000,990,800,1050,1090,1400,72,0.258,28,14.3,12.69,0,111.67,0,20,21,12.892,358.4,1,0.508,0.508,0.586,2.832,0.645,0.02,0,,,,125,0,0,0,0,0,0,0,0,0,0,7,0,0,7000,7000,30,252,1401,147,57,125,71,77,41,0,39321,433,267,452,326,348,298,26222,39321
122.401,0,922,22,84,43,14.7,13.13,0.893,1,0,0,0,24,312,2.256,1,19,117.33,0,0,0,0,1,0,0,0,0,0,0,0,0,0,0,47.88,29,0.344,1,0,0,0,0,0,0,0,0,0,920,920,800,1020,1090,1400,72,0.254,28,14.3,12.52,0,117.33,0,19,22,12.892,358.4,1,0.547,0.547,0.586,2.832,0.645,0.02,0,,,,85,0,0,0,0,0,0,0,0,0,0,7,0,0,7000,7000,30,252,1401,147,57,125,64,85,41,0,39321,433,267,452,317,340,298,26222,39321
122.461,0,924,22,84,43,14.7,13.13,0.893,1,0,0,0,21,312,2.32,1,20,122.33,0,0,0,0,1,0,0,0,0,0,0,0,0,0,0,48.55,30,0.344,1,0,0,0,0,0,0,0,0,0,920,920,800,990,1090,1400,72,0.254,27.5,14.3,12.4,0,122.33,0,20,22,12.892,358.4,1,0.566,0.566,0.586,2.832,0.645,0.02,0,,,,55,0,0,0,0,0,0,0,0,0,0,7,0,0,7000,7000,30,252,1401,99,55,125,64,85,43,0,39321,421,261,452,317,340,289,26222,39321
122.521,0,931,21,84,43,14.7,13.07,0.889,1,0,0,0,17,312,2.376,1,21,126.33,0,0,0,0,1,0,0,0,0,0,0,0,0,0,0,49.23,30,0.344,1,0,0,0,0,0,0,0,0,0,920,930,800,960,1090,1400,72,0.254,27.5,14.3,12.35,0,126.33,0,21,21,12.892,355.84,1,0.547,0.547,0.586,2.832,0.645,0.02,0,,,,91,0,0,0,0,0,0,0,0,0,0,7,0,0,7000,7000,29,252,1401,99,55,113,73,91,43,0,39321,421,261,444,309,334,289,26222,39321
122.581,0,932,21,84,43,14.7,13.16,0.895,1,0,0,0,14,312,2.392,1,21,127.5,0,0,0,0,1,0,0,0,0,0,0,0,0,0,0,49.23,30,0.344,1,0,0,0,0,0,0,0,0,0,920,930,800,930,1090,1400,72,0.254,27.5,14.3,12.52,0,127.5,0,21,21,12.819,355.84,1,0.547,0.547,0.586,2.832,0.645,0.02,0,,,,77,0,0,0,0,0,0,0,0,0,0,7,0,0,7000,7000,29,252,1401,120,77,113,73,91,48,0,39321,416,258,444,309,334,281,26222,39321
122.641,0,923,21,84,43,14.7,13.16,0.895,1,0,0,0,13,312,2.4,1,21,128.5,0,0,0,0,1,0,0,0,0,0,0,0,0,0,0,49.68,31,0.344,1,0,0,0,0,0,0,0,0,0,920,920,800,900,1090,1400,72,0.254,27.5,14.3,12.63,0,128.5,0,21,21,12.892,355.84,1,0.566,0.566,0.586,2.832,0.645,0.02,0,,,,88,0,0,0,0,0,0,0,0,0,0,7,0,0,7000,7000,29,252,1401,120,77,131,88,88,48,0,39321,416,258,438,306,329,281,26222,39321
122.701,0,906,20,84,43,14.7,13.57,0.923,1,0,0,0,12,312,2.4,1,21,128.5,0,0,0,0,1,0,0,0,0,0,0,0,0,0,0,49.68,31,0.344,1,0,0,0,0,0,0,0,0,0,920,910,800,870,1090,1400,72,0.254,27.5,14.3,13.03,0,128.5,0,21,20,12.892,355.84,1,0.566,0.566,0.586,2.832,0.645,0.02,0,,,,120,0,0,0,0,0,0,0,0,0,0,7,0,0,7000,7000,29,252,1401,120,77,131,88,88,54,0,39321,410,258,438,306,329,272,26222,39321
122.761,0,888,19,84,43,14.7,14.04,0.955,1,0,0,0,11.5,312,2.408,1,21,128,0,0,0,0,1,0,0,0,0,0,0,0,0,0,0,49.9,31,0.344,1,0,0,0,0,0,0,0,0,0,880,890,800,840,1090,1400,72,0.254,27.5,14.3,13.49,0,128,0,21,19,12.892,355.84,1,0.566,0.566,0.586,2.832,0.645,0.02,0,,,,54,0,0,0,0,0,0,0,0,0,0,7,0,0,7000,7000,29,252,1401,120,75,109,54,88,54,0,39321,410,255,430,298,329,272,26222,39321
122.821,0,878,19,84,43,14.7,14.23,0.968,1,0,0,0,11,312,2.392,1,20,127.17,0,0,0,0,1,0,0,0,0,0,0,0,0,0,0,49.68,31,0.344,1,0,0,0,0,0,0,0,0,0,880,880,800,810,1090,1400,72,0.254,27.5,14.3,13.44,0,127.17,0,20,18,12.892,355.84,1,0.566,0.566,0.586,2.832,0.645,0.02,0,,,,108,0,0,0,0,0,0,0,0,0,0,7,0,0,7000,7000,29,252,1401,108,75,109,54,70,52,0,39321,405,255,430,298,320,264,26222,39321
122.881,0,856,19,84,43,14.7,14.23,0.968,1,0,0,0,10,312,2.392,1,19,126.33,0,0,0,0,1,0,0,0,0,0,0,0,0,0,0,49.68,31,0.344,1,0,0,0,0,0,0,0,0,0,840,860,800,800,1090,1400,72,0.254,27.5,14.3,13.61,0,126.33,0,19,19,12.892,355.84,1,0.586,0.586,0.586,2.832,0.645,0.02,0,,,,127,0,0,0,0,0,0,0,0,0,0,7,0,0,7000,7000,29,252,1401,108,72,127,54,70,52,0,39321,405,253,424,298,320,264,26222,39321
122.941,0,834,19,84,43,14.7,14.23,0.968,1,0,0,0,11.5,312,2.392,1,19,126.33,0,0,0,0,1,0,0,0,0,0,0,0,0,0,0,49.9,31,0.344,1,0,0,0,0,0,0,0,0,0,840,830,800,800,1090,1400,72,0.254,27.5,14.3,13.44,0,126.33,0,19,19,12.892,355.84,1,0.566,0.566,0.586,2.832,0.645,0.02,0,,,,44,0,0,0,0,0,0,0,0,0,0,7,0,0,7000,7000,29,252,1401,108,72,127,69,69,44,0,39321,405,253,424,292,312,255,26222,39321
123.001,0,820,19,84,43,14.7,14.1,0.959,1,0,0,0,12,312,2.392,1,19,126.5,0,0,0,0,1,0,0,0,0,0,0,0,0,0,0,49.9,31,0.344,1,0,0,0,0,0,0,0,0,0,840,820,800,800,1090,1400,72,0.254,27.5,14.3,13.32,0,126.5,0,19,19,12.892,355.84,1,0.566,0.566,0.586,2.832,0.645,0.02,0,,,,78,0,0,0,0,0,0,0,0,0,0,7,0,0,7000,7000,29,252,1401,103,78,127,69,69,44,0,39321,396,250,424,292,312,255,26222,39321
123.061,0,796,19,84,43,14.7,13.91,0.946,1,0,0,0,13,312,2.408,1,18,126.67,0,0,0,0,1,0,0,0,0,0,0,0,0,0,0,50.13,31,0.344,1,0,0,0,0,0,0,0,0,0,800,800,800,800,1090,1400,72,0.254,27.5,14.3,13.26,0,126.67,0,18,19,12.892,355.84,1,0.586,0.586,0.586,2.832,0.645,0.02,0,,,,73,0,0,0,0,0,0,0,0,0,0,7,0,0,7000,7000,29,252,1401,103,78,139,73,69,44,0,39321,396,250,424,286,312,255,26222,39321
123.121,0,782,19,84,43,14.7,13.91,0.946,1,0,0,0,15,312,2.424,1,18,127.33,0,0,0,0,1,0,0,0,0,0,0,0,0,0,0,50.58,32,0.344,1,0,0,0,0,0,0,0,0,0,800,780,800,800,1090,1400,72,0.254,27.5,14.3,13.15,0,127.33,0,18,19,12.819,355.84,1,0.586,0.586,0.586,2.832,0.645,0.02,0,,,,93,0,0,0,0,0,0,0,0,0,0,7,0,0,7000,7000,29,252,1401,93,78,139,73,68,54,0,39321,388,250,424,286,303,250,26222,39321
123.181,0,793,19,84,43,14.7,13.73,0.934,1,0,0,0,14,312,2.424,1,18,127.67,0,0,0,0,1,0,0,0,0,0,0,0,0,0,0,50.58,32,0.344,1,0,0,0,0,0,0,0,0,0,800,790,800,800,1090,1400,72,0.254,27.5,14.3,12.92,0,127.67,0,18,19,12.819,355.84,1,0.586,0.586,0.586,2.832,0.645,0.02,0,,,,124,0,0,0,0,0,0,0,0,0,0,7,0,0,7000,7000,29,252,1401,93,91,124,73,68,54,0,39321,388,250,419,286,303,250,26222,39321
123.241,0,791,19,84,43,14.7,13.57,0.923,1,0,0,0,14,312,2.44,1,18,128.33,0,0,0,0,1,0,0,0,0,0,0,0,0,0,0,50.8,32,0.344,1,0,0,0,0,0,0,0,0,0,800,790,800,800,1090,1400,72,0.254,27.5,14.3,12.92,0,128.33,0,18,19,12.819,355.84,1,0.586,0.586,0.586,2.832,0.645,0.02,0,,,,54,0,0,0,0,0,0,0,0,0,0,7,0,0,7000,7000,29,252,1401,93,91,124,47,73,54,0,39321,388,250,419,278,295,244,26222,39321
123.301,0,781,19,84,43,14.7,13.44,0.914,1,0,0,0,15,312,2.44,1,18,128.67,0,0,0,0,1,0,0,0,0,0,0,0,0,0,0,51.03,32,0.344,1,0,0,0,0,0,0,0,0,0,800,780,800,800,1090,1400,72,0.254,27.5,14.3,12.81,0,128.67,0,18,19,12.819,355.84,1,0.586,0.586,0.586,2.832,0.645,0.02,0,,,,61,0,0,0,0,0,0,0,0,0,0,7,0,0,7000,7000,29,252,1401,100,61,124,47,73,54,0,39321,382,244,419,278,295,244,26222,39321
123.361,0,769,20,84,43,14.7,13.44,0.914,1,0,0,0,16,312,2.44,1,18,129.33,0,0,0,0,1,0,0,0,0,0,0,0,0,0,0,51.25,32,0.344,1,0,0,0,0,0,0,0,0,0,760,770,800,800,1090,1400,72,0.25,27,14.3,12.69,0,129.33,0,18,20,12.892,353.28,1,0.605,0.605,0.586,2.832,0.645,0.02,0,,,,62,0,0,0,0,0,0,0,0,0,0,7,0,0,7000,7000,29,252,1401,100,61,108,62,73,54,0,39321,382,244,413,270,295,244,26222,39321
123.421,0,765,20,84,43,14.7,13.32,0.906,1,0,0,0,16,312,2.464,1,18,131,0,0,0,0,1,0,0,0,0,0,0,0,0,0,0,51.7,33,0.344,1,0,0,0,0,0,0,0,0,0,760,770,800,800,1090,1400,72,0.25,26.5,14.3,12.58,0,131,0,18,20,12.892,353.28,1,0.605,0.605,0.586,2.832,0.645,0.02,0,,,,94,0,0,0,0,0,0,0,0,0,0,7,0,0,7000,7000,29,252,1401,94,61,108,62,78,38,0,39321,374,244,413,270,292,236,26222,39321
123.481,0,764,20,84,43,14.7,13.23,0.9,1,0,0,0,17,312,2.472,1,18,131.83,0,0,0,0,1,0,0,0,0,0,0,0,0,0,0,51.92,33,0.344,1,0,0,0,0,0,0,0,0,0,760,760,800,800,1090,1400,72,0.25,26.5,14.3,12.58,0,131.83,0,18,20,12.892,353.28,1,0.605,0.605,0.586,2.832,0.645,0.02,0,,,,116,0,0,0,0,0,0,0,0,0,0,7,0,0,7000,7000,29,252,1401,94,56,116,62,78,38,0,39321,374,239,407,270,292,236,26222,39321
123.541,0,764,20,84,43,14.7,13.23,0.9,1,0,0,0,17,312,2.48,1,18,132.5,0,0,0,0,1,0,0,0,0,0,0,0,0,0,0,52.15,33,0.344,1,0,0,0,0,0,0,0,0,0,760,760,800,800,1090,1400,72,0.25,26.5,14.3,12.58,0,132.5,0,18,21,12.892,353.28,1,0.625,0.625,0.586,2.832,0.645,0.02,0,,,,67,0,0,0,0,0,0,0,0,0,0,7,0,0,7000,7000,29,252,1401,94,56,116,51,67,38,0,39321,374,239,407,261,286,236,26222,39321
123.601,0,769,21,84,43,14.7,13.07,0.889,1,0,0,0,16,312,2.496,1,18,133.83,0,0,0,0,1,0,0,0,0,0,0,0,0,0,0,52.37,34,0.344,1,0,0,0,0,0,0,0,0,0,760,770,800,800,1090,1400,72,0.25,26,14.3,12.23,0,133.83,0,18,20,12.892,353.28,1,0.625,0.625,0.586,2.832,0.645,0.02,0,,,,97,0,0,0,0,0,0,0,0,0,0,7,0,0,7000,7000,29,252,1401,97,56,116,51,67,35,0,39321,368,239,407,261,286,227,26222,39321
123.661,0,766,20,84,43,14.7,13.01,0.885,1,0,0,0,16,312,2.504,1,19,134.17,0,0,0,0,1,0,0,0,0,0,0,0,0,0,0,52.82,34,0.344,1,0,0,0,0,0,0,0,0,0,760,770,800,800,1090,1400,72,0.25,26,14.3,12.29,0,134.17,0,19,20,12.892,353.28,1,0.625,0.625,0.586,2.832,0.645,0.02,0,,,,67,0,0,0,0,0,0,0,0,0,0,7,0,0,7000,7000,29,252,1401,97,64,112,67,67,35,0,39321,368,233,402,258,286,227,26222,39321
123.721,0,773,21,84,43,14.7,12.97,0.882,1,0,0,0,16,312,2.52,1,19,135,0,0,0,0,1,0,0,0,0,0,0,0,0,0,0,52.82,34,0.344,1,0,0,0,0,0,0,0,0,0,760,770,800,800,1090,1400,72,0.25,26,14.3,12.29,0,135,0,19,21,12.892,353.28,1,0.625,0.625,0.586,2.832,0.645,0.02,0,,,,38,0,0,0,0,0,0,0,0,0,0,7,0,0,7000,7000,29,252,1401,97,64,112,67,92,38,0,39321,368,233,402,258,284,219,26222,39321
123.781,0,779,21,84,43,14.7,12.97,0.882,1,0,0,0,15,312,2.528,1,19,135.67,0,0,0,0,1,0,0,0,0,0,0,0,0,0,0,53.05,34,0.344,1,0,0,0,0,0,0,0,0,0,760,780,800,800,1090,1400,72,0.25,26,14.3,12.29,0,135.67,0,19,21,12.819,353.28,1,0.645,0.645,0.586,2.832,0.645,0.02,0,,,,56,0,0,0,0,0,0,0,0,0,0,7,0,0,7000,7000,29,252,1401,91,56,112,67,92,38,0,39321,362,227,402,258,284,219,26222,39321
123.841,0,779,21,84,43,14.7,12.91,0.878,1,0,0,0,15,312,2.544,1,19,136.67,0,0,0,0,1,0,0,0,0,0,0,0,0,0,0,53.27,35,0.344,1,0,0,0,0,0,0,0,0,0,760,780,800,800,1090,1400,72,0.25,25.5,14.3,12.23,0,136.67,0,19,21,12.819,353.28,1,0.645,0.645,0.586,2.832,0.645,0.02,0,,,,81,0,0,0,0,0,0,0,0,0,0,7,0,0,7000,7000,29,252,1401,91,56,107,65,81,38,0,39321,362,227,396,253,281,219,26222,39321
123.901,0,783,21,84,43,14.7,12.91,0.878,1,0,0,0,15,312,2.552,1,19,137,0,0,0,0,1,0,0,0,0,0,0,0,0,0,0,53.27,35,0.344,1,0,0,0,0,0,0,0,0,0,800,780,800,800,1090,1400,72,0.254,26,14.3,12.4,0,137,0,19,21,12.819,353.28,1,0.664,0.664,0.586,2.832,0.645,0.02,0,,,,81,0,0,0,0,0,0,0,0,0,0,7,0,0,7000,7000,29,252,1401,81,56,107,65,81,48,0,39321,354,227,396,253,281,213,26222,39321
123.961,0,785,21,84,43,14.7,12.91,0.878,1,0,0,0,14,312,2.544,1,19,137.17,0,0,0,0,1,0,0,0,0,0,0,0,0,0,0,53.27,35,0.344,1,0,0,0,0,0,0,0,0,0,800,790,800,800,1090,1400,72,0.254,26,14.3,12.29,0,137.17,0,19,21,12.892,353.28,1,0.645,0.645,0.586,2.832,0.645,0.02,0,,,,107,0,0,0,0,0,0,0,0,0,0,7,0,0,7000,7000,29,252,1401,81,61,107,65,81,48,0,39321,354,225,390,253,281,213,26222,39321
124.021,0,792,21,84,43,14.7,12.91,0.878,1,0,0,0,14,312,2.552,1,20,137.67,0,0,0,0,1,0,0,0,0,0,0,0,0,0,0,53.5,35,0.344,1,0,0,0,0,0,0,0,0,0,800,790,800,800,1090,1400,72,0.254,26,14.3,12.35,0,137.67,0,20,21,12.892,353.28,1,0.645,0.645,0.586,2.832,0.645,0.02,0,,,,49,0,0,0,0,0,0,0,0,0,0,7,0,0,7000,7000,29,252,1401,81,61,107,56,103,49,0,39321,354,225,390,247,281,208,26222,39321
124.081,0,799,21,84,43,14.7,12.94,0.88,1,0,0,0,13,312,2.552,1,20,137.83,0,0,0,0,1,0,0,0,0,0,0,0,0,0,0,53.5,35,0.344,1,0,0,0,0,0,0,0,0,0,800,800,800,800,1090,1400,72,0.254,26,14.3,12.35,0,137.83,0,20,21,12.892,353.28,1,0.645,0.645,0.586,2.832,0.645,0.02,0,,,,66,0,0,0,0,0,0,0,0,0,0,7,0,0,7000,7000,29,252,1401,83,66,107,56,103,49,0,39321,345,222,390,247,281,208,26222,39321
124.141,0,813,21,84,43,14.7,12.97,0.882,1,0,0,0,12.5,312,2.552,1,20,138,0,0,0,0,1,0,0,0,0,0,0,0,0,0,0,53.5,35,0.344,1,0,0,0,0,0,0,0,0,0,800,810,800,800,1090,1400,72,0.254,26,14.3,12.35,0,138,0,20,21,12.892,353.28,1,0.645,0.645,0.586,2.832,0.645,0.02,0,,,,110,0,0,0,0,0,0,0,0,0,0,7,0,0,7000,7000,29,252,1401,83,66,129,68,110,49,0,39321,345,222,390,244,281,208,26222,39321
124.201,0,819,21,84,43,14.7,13.04,0.887,1,0,0,0,12,312,2.552,1,20,137.83,0,0,0,0,1,0,0,0,0,0,0,0,0,0,0,53.27,35,0.344,1,0,0,0,0,0,0,0,0,0,800,820,800,800,1090,1400,72,0.254,26,14.3,12.35,0,137.83,0,20,21,12.892,353.28,1,0.645,0.645,0.586,2.832,0.645,0.02,0,,,,76,0,0,0,0,0,0,0,0,0,0,7,0,0,7000,7000,29,252,1401,76,66,129,68,110,59,0,39321,337,222,390,244,281,205,26222,39321
124.261,0,819,21,84,43,14.7,13.04,0.887,1,0,0,0,12,312,2.552,1,20,137.67,0,0,0,0,1,0,0,0,0,0,0,0,0,0,0,53.27,35,0.344,1,0,0,0,0,0,0,0,0,0,800,820,800,800,1090,1400,72,0.254,26,14.3,12.17,0,137.67,0,20,21,12.892,353.28,1,0.625,0.625,0.586,2.813,0.645,0.02,0,,,,76,0,0,0,0,0,0,0,0,0,0,7,0,0,7000,7000,29,252,1401,76,66,136,76,110,59,0,39321,337,222,388,244,281,205,26222,39321
124.321,0,819,21,84,43,14.7,13.07,0.889,1,0,0,0,12,312,2.536,1,20,137.33,0,0,0,0,1,0,0,0,0,0,0,0,0,0,0,53.05,34,0.344,1,0,0,0,0,0,0,0,0,0,800,820,800,800,1090,1400,72,0.254,26.5,14.3,12.29,0,137.33,0,20,21,12.892,353.28,1,0.645,0.645,0.586,2.813,0.645,0.02,0,,,,51,0,0,0,0,0,0,0,0,0,0,7,0,0,7000,7000,29,252,1401,76,66,136,76,85,51,0,39321,337,222,388,244,278,199,26222,39321
124.381,0,813,21,84,43,14.7,13.19,0.897,1,0,0,0,12.5,312,2.544,1,20,137.17,0,0,0,0,1,0,0,0,0,0,0,0,0,0,0,53.05,34,0.344,1,0,0,0,0,0,0,0,0,0,800,810,800,800,1090,1400,72,0.254,26.5,14.3,12.23,0,137.17,0,20,21,12.892,353.28,1,0.645,0.645,0.586,2.813,0.645,0.02,0,,,,79,0,0,0,0,0,0,0,0,0,0,7,0,0,7000,7000,29,252,1401,83,79,136,76,85,51,0,39321,331,222,388,244,278,199,26222,39321
124.441,0,813,21,84,43,14.7,13.19,0.897,1,0,0,0,12.5,312,2.544,1,20,137,0,0,0,0,1,0,0,0,0,0,0,0,0,0,0,53.05,34,0.344,1,0,0,0,0,0,0,0,0,0,800,810,800,800,1090,1400,72,0.254,26.5,14.3,12.35,0,137,0,20,21,12.892,353.28,1,0.645,0.645,0.586,2.813,0.645,0.02,0,,,,88,0,0,0,0,0,0,0,0,0,0,7,0,0,7000,7000,29,252,1401,83,79,115,74,88,51,0,39321,331,222,385,241,275,199,26222,39321
124.501,0,812,21,84,43,14.7,13.32,0.906,1,0,0,0,12.5,312,2.544,1,20,137,0,0,0,0,1,0,0,0,0,0,0,0,0,0,0,53.05,34,0.344,1,0,0,0,0,0,0,0,0,0,800,810,800,800,1090,1400,72,0.254,26.5,14.3,12.46,0,137,0,20,21,12.892,353.28,1,0.645,0.645,0.586,2.813,0.645,0.02,0,,,,91,0,0,0,0,0,0,0,0,0,0,7,0,0,7000,7000,29,252,1401,91,79,115,74,88,54,0,39321,326,222,385,241,275,196,26222,39321
124.561,0,811,21,84,43,14.7,13.38,0.91,1,0,0,0,12.5,312,2.544,1,20,137,0,0,0,0,1,0,0,0,0,0,0,0,0,0,0,53.05,34,0.344,1,0,0,0,0,0,0,0,0,0,800,810,800,800,1090,1400,72,0.254,26.5,14.3,12.98,0,137,0,20,21,12.892,353.28,1,0.645,0.645,0.586,2.813,0.645,0.02,0,,,,74,0,0,0,0,0,0,0,0,0,0,7,0,0,7000,7000,29,252,1401,91,68,107,74,88,54,0,39321,326,222,379,239,275,196,26222,39321
124.621,0,810,21,84,43,14.7,13.44,0.914,1,0,0,0,12.5,312,2.544,1,20,137,0,0,0,0,1,0,0,0,0,0,0,0,0,0,0,53.05,34,0.344,1,0,0,0,0,0,0,0,0,0,800,810,800,800,1090,1400,72,0.254,26.5,14.3,12.75,0,137,0,20,21,12.892,353.28,1,0.645,0.645,0.586,2.813,0.645,0.02,0,,,,52,0,0,0,0,0,0,0,0,0,0,7,0,0,7000,7000,29,252,1401,91,68,107,74,79,52,0,39321,326,222,379,239,272,194,26222,39321
124.681,0,812,21,84,43,14.7,13.44,0.914,1,0,0,0,12.5,312,2.544,1,20,137,0,0,0,0,1,0,0,0,0,0,0,0,0,0,0,53.05,34,0.344,1,0,0,0,0,0,0,0,0,0,800,810,800,800,1090,1400,72,0.254,26.5,14.3,12.81,0,137,0,20,21,12.892,353.28,1,0.645,0.645,0.586,2.813,0.645,0.02,0,,,,110,0,0,0,0,0,0,0,0,0,0,7,0,0,7000,7000,29,252,1401,96,76,110,74,79,52,0,39321,320,222,376,239,272,194,26222,39321
124.741,0,817,21,84,43,14.7,13.47,0.916,1,0,0,0,12,312,2.544,1,20,137,0,0,0,0,1,0,0,0,0,0,0,0,0,0,0,53.05,34,0.344,1,0,0,0,0,0,0,0,0,0,800,820,800,800,1090,1400,72,0.254,26.5,14.3,12.81,0,137,0,20,21,12.892,353.28,1,0.645,0.645,0.586,2.813,0.645,0.02,0,,,,85,0,0,0,0,0,0,0,0,0,0,7,0,0,7000,7000,29,252,1401,96,76,110,79,85,52,0,39321,320,222,376,236,272,194,26222,39321
124.801,0,823,21,84,43,14.7,13.47,0.916,1,0,0,0,12,312,2.528,1,20,137,0,0,0,0,1,0,0,0,0,0,0,0,0,0,0,53.05,34,0.344,1,0,0,0,0,0,0,0,0,0,840,820,800,800,1090,1400,72,0.254,26.5,14.3,12.81,0,137,0,20,21,12.892,353.28,1,0.645,0.645,0.586,2.813,0.645,0.02,0,,,,76,0,0,0,0,0,0,0,0,0,0,7,0,0,7000,7000,29,252,1401,95,76,110,79,85,44,0,39321,317,222,376,236,272,188,26222,39321
124.861,0,822,21,84,43,14.7,13.47,0.916,1,0,0,0,12,312,2.528,1,20,136.83,0,0,0,0,1,0,0,0,0,0,0,0,0,0,0,52.82,34,0.344,1,0,0,0,0,0,0,0,0,0,840,820,800,800,1090,1400,72,0.254,26.5,14.3,12.86,0,136.83,0,20,21,12.892,353.28,1,0.625,0.625,0.586,2.813,0.645,0.02,0,,,,74,0,0,0,0,0,0,0,0,0,0,7,0,0,7000,7000,29,252,1401,95,76,113,74,85,44,0,39321,317,222,371,236,272,188,26222,39321
124.921,0,822,21,84,43,14.7,13.47,0.916,1,0,0,0,12,312,2.528,1,20,136.67,0,0,0,0,1,0,0,0,0,0,0,0,0,0,0,52.82,34,0.344,1,0,0,0,0,0,0,0,0,0,840,820,800,800,1090,1400,72,0.254,26.5,14.3,12.69,0,136.67,0,20,21,12.892,353.28,1,0.645,0.645,0.586,2.813,0.645,0.02,0,,,,78,0,0,0,0,0,0,0,0,0,0,7,0,0,7000,7000,29,252,1401,78,76,113,74,91,54,0,39321,309,222,371,236,270,188,26222,39321
124.981,0,823,20,84,43,14.7,13.48,0.917,1,0,0,0,12,312,2.512,1,20,135.83,0,0,0,0,1,0,0,0,0,0,0,0,0,0,0,52.82,34,0.344,1,0,0,0,0,0,0,0,0,0,840,820,800,800,1090,1400,72,0.254,26.5,14.3,12.92,0,135.83,0,20,20,12.892,353.28,1,0.625,0.625,0.586,2.813,0.645,0.02,0,,,,113,0,0,0,0,0,0,0,0,0,0,7,0,0,7000,7000,29,252,1401,78,71,113,74,91,54,0,39321,309,222,368,236,270,188,26222,39321
125.041,0,821,20,84,43,14.7,13.48,0.917,1,0,0,0,12,312,2.504,1,20,135,0,0,0,0,1,0,0,0,0,0,0,0,0,0,0,52.6,34,0.344,1,0,0,0,0,0,0,0,0,0,840,820,800,800,1090,1400,72,0.254,26.5,14.3,12.92,0,135,0,20,20,12.892,353.28,1,0.625,0.625,0.586,2.813,0.645,0.02,0,,,,85,0,0,0,0,0,0,0,0,0,0,7,0,0,7000,7000,29,252,1401,78,71,113,79,85,54,0,39321,309,222,368,233,270,188,26222,39321
125.101,0,818,20,84,43,14.7,13.47,0.916,1,0,0,0,12,312,2.512,1,20,134.67,0,0,0,0,1,0,0,0,0,0,0,0,0,0,0,52.37,34,0.344,1,0,0,0,0,0,0,0,0,0,800,820,800,800,1090,1400,72,0.254,26.5,14.3,12.92,0,134.67,0,20,20,12.892,353.28,1,0.625,0.625,0.586,2.813,0.645,0.02,0,,,,68,0,0,0,0,0,0,0,0,0,0,7,0,0,7000,7000,29,252,1401,73,68,113,79,85,44,0,39321,303,219,368,233,270,182,26222,39321
125.161,0,803,20,84,43,14.7,13.47,0.916,1,0,0,0,13,312,2.512,1,20,134.33,0,0,0,0,1,0,0,0,0,0,0,0,0,0,0,52.37,34,0.344,1,0,0,0,0,0,0,0,0,0,800,800,800,800,1090,1400,72,0.254,26.5,14.3,12.92,0,134.33,0,20,20,12.892,353.28,1,0.625,0.625,0.586,2.813,0.645,0.02,0,,,,73,0,0,0,0,0,0,0,0,0,0,7,0,0,7000,7000,29,252,1401,73,68,113,73,85,44,0,39321,303,219,365,230,270,182,26222,39321
125.221,0,797,20,84,43,14.7,13.47,0.916,1,0,0,0,13,312,2.504,1,19,134,0,0,0,0,1,0,0,0,0,0,0,0,0,0,0,52.37,34,0.344,1,0,0,0,0,0,0,0,0,0,800,800,800,800,1090,1400,72,0.254,26.5,14.3,13.03,0,134,0,19,20,12.892,353.28,1,0.625,0.625,0.586,2.813,0.645,0.02,0,,,,79,0,0,0,0,0,0,0,0,0,0,7,0,0,7000,7000,29,252,1401,79,68,113,73,85,52,0,39321,298,219,365,230,270,180,26222,39321
125.281,0,795,20,84,43,14.7,13.47,0.916,1,0,0,0,13,312,2.504,1,19,134,0,0,0,0,1,0,0,0,0,0,0,0,0,0,0,52.37,34,0.344,1,0,0,0,0,0,0,0,0,0,800,800,800,800,1090,1400,72,0.254,26.5,14.3,13.03,0,134,0,19,20,12.892,353.28,1,0.645,0.645,0.586,2.813,0.645,0.02,0,,,,96,0,0,0,0,0,0,0,0,0,0,7,0,0,7000,7000,29,252,1401,79,69,96,73,85,52,0,39321,298,219,357,230,270,180,26222,39321
125.341,0,793,20,84,43,14.7,13.47,0.916,1,0,0,0,14,312,2.496,1,19,133.83,0,0,0,0,1,0,0,0,0,0,0,0,0,0,0,52.37,34,0.344,1,0,0,0,0,0,0,0,0,0,800,790,800,800,1090,1400,72,0.254,26.5,14.3,12.98,0,133.83,0,19,20,12.892,353.28,1,0.625,0.625,0.586,2.813,0.645,0.02,0,,,,51,0,0,0,0,0,0,0,0,0,0,7,0,0,7000,7000,29,252,1401,79,69,96,85,102,51,0,39321,298,219,357,233,270,177,26222,39321
125.401,0,793,20,84,43,14.7,13.47,0.916,1,0,0,0,14,312,2.496,1,19,134,0,0,0,0,1,0,0,0,0,0,0,0,0,0,0,52.37,34,0.344,1,0,0,0,0,0,0,0,0,0,800,790,800,800,1090,1400,72,0.254,26.5,14.3,12.92,0,134,0,19,20,12.965,353.28,1,0.625,0.625,0.586,2.813,0.645,0.02,0,,,,64,0,0,0,0,0,0,0,0,0,0,7,0,0,7000,7000,29,252,1401,88,64,96,85,102,51,0,39321,295,216,357,233,270,177,26222,39321
125.461,0,789,20,84,43,14.7,13.47,0.916,1,0,0,0,14,312,2.496,1,19,134.17,0,0,0,0,1,0,0,0,0,0,0,0,0,0,0,52.6,34,0.344,1,0,0,0,0,0,0,0,0,0,800,790,800,800,1090,1400,72,0.254,26.5,14.3,12.75,0,134.17,0,19,20,12.965,353.28,1,0.625,0.625,0.586,2.813,0.645,0.02,0,,,,79,0,0,0,0,0,0,0,0,0,0,7,0,0,7000,7000,29,252,1401,88,64,93,79,102,51,0,39321,295,216,351,233,270,177,26222,39321
125.521,0,789,20,84,43,14.7,13.47,0.916,1,0,0,0,14,312,2.504,1,19,134.33,0,0,0,0,1,0,0,0,0,0,0,0,0,0,0,52.6,34,0.344,1,0,0,0,0,0,0,0,0,0,800,790,800,800,1090,1400,72,0.254,26.5,14.3,12.75,0,134.33,0,19,20,12.965,353.28,1,0.625,0.625,0.586,2.813,0.645,0.02,0,,,,88,0,0,0,0,0,0,0,0,0,0,7,0,0,7000,7000,29,252,1401,88,64,93,79,74,54,0,39321,292,216,351,233,264,177,26222,39321
125.581,0,788,20,84,43,14.7,13.47,0.916,1,0,0,0,14,312,2.512,1,19,134.33,0,0,0,0,1,0,0,0,0,0,0,0,0,0,0,52.6,34,0.344,1,0,0,0,0,0,0,0,0,0,800,790,800,800,1090,1400,72,0.254,26.5,14.3,12.63,0,134.33,0,19,20,12.892,353.28,1,0.625,0.625,0.586,2.813,0.645,0.02,0,,,,100,0,0,0,0,0,0,0,0,0,0,7,0,0,7000,7000,29,252,1401,88,79,100,79,74,54,0,39321,292,216,345,233,264,177,26222,39321
125.641,0,785,20,84,43,14.7,13.44,0.914,1,0,0,0,14,312,2.512,1,19,134.33,0,0,0,0,1,0,0,0,0,0,0,0,0,0,0,52.6,34,0.344,1,0,0,0,0,0,0,0,0,0,800,790,800,800,1090,1400,72,0.254,26.5,14.3,12.63,0,134.33,0,19,20,12.892,353.28,1,0.645,0.645,0.586,2.813,0.645,0.02,0,,,,88,0,0,0,0,0,0,0,0,0,0,7,0,0,7000,7000,29,252,1401,88,79,100,86,88,54,0,39321,292,216,345,236,261,177,26222,39321
125.701,0,783,20,84,43,14.7,13.44,0.914,1,0,0,0,15,312,2.512,1,19,134.33,0,0,0,0,1,0,0,0,0,0,0,0,0,0,0,52.6,34,0.344,1,0,0,0,0,0,0,0,0,0,800,780,800,800,1090,1400,72,0.254,26.5,14.3,12.58,0,134.33,0,19,20,12.892,353.28,1,0.625,0.625,0.586,2.813,0.645,0.02,0,,,,69,0,0,0,0,0,0,0,0,0,0,7,0,0,7000,7000,29,252,1401,78,69,100,86,88,49,0,39321,289,213,345,236,261,174,26222,39321
125.761,0,781,20,84,43,14.7,13.44,0.914,1,0,0,0,15,312,2.512,1,19,134.33,0,0,0,0,1,0,0,0,0,0,0,0,0,0,0,52.6,34,0.344,1,0,0,0,0,0,0,0,0,0,800,780,800,800,1090,1400,72,0.25,26.5,14.3,12.58,0,134.33,0,19,20,12.892,353.28,1,0.625,0.625,0.586,2.813,0.645,0.02,0,,,,78,0,0,0,0,0,0,0,0,0,0,7,0,0,7000,7000,29,252,1401,78,69,100,78,88,49,0,39321,289,213,343,233,261,174,26222,39321
125.821,0,781,20,84,43,14.7,13.44,0.914,1,0,0,0,15,312,2.512,1,19,134.5,0,0,0,0,1,0,0,0,0,0,0,0,0,0,0,52.82,34,0.344,1,0,0,0,0,0,0,0,0,0,800,780,800,800,1090,1400,72,0.254,26.5,14.3,12.58,0,134.5,0,19,20,12.892,353.28,1,0.645,0.645,0.586,2.813,0.645,0.02,0,,,,51,0,0,0,0,0,0,0,0,0,0,7,0,0,7000,7000,29,252,1401,78,69,100,78,90,51,0,39321,289,213,343,233,261,174,26222,39321
125.881,0,779,20,84,43,14.7,13.44,0.914,1,0,0,0,15,312,2.512,1,19,134.67,0,0,0,0,1,0,0,0,0,0,0,0,0,0,0,52.82,34,0.344,1,0,0,0,0,0,0,0,0,0,760,780,800,800,1090,1400,72,0.254,26,14.3,12.75,0,134.67,0,19,20,12.892,353.28,1,0.625,0.625,0.586,2.793,0.645,0.02,0,,,,90,0,0,0,0,0,0,0,0,0,0,7,0,0,7000,7000,29,252,1401,96,73,90,78,90,51,0,39321,286,213,337,233,261,174,26222,39321
125.942,0,784,20,84,43,14.7,13.44,0.914,1,0,0,0,15,312,2.512,1,19,134.83,0,0,0,0,1,0,0,0,0,0,0,0,0,0,0,52.82,34,0.344,1,0,0,0,0,0,0,0,0,0,800,780,800,800,1090,1400,72,0.254,26.5,14.3,12.86,0,134.83,0,19,20,12.892,353.28,1,0.645,0.645,0.586,2.793,0.645,0.02,0,,,,78,0,0,0,0,0,0,0,0,0,0,7,0,0,7000,7000,29,252,1401,96,73,90,78,78,51,0,39321,286,213,337,233,258,174,26222,39321
126.002,0,789,20,84,43,14.7,13.44,0.914,1,0,0,0,14,312,2.512,1,19,134.83,0,0,0,0,1,0,0,0,0,0,0,0,0,0,0,52.82,34,0.344,1,0,0,0,0,0,0,0,0,0,800,790,800,800,1090,1400,72,0.254,26.5,14.3,12.86,0,134.83,0,19,20,12.892,353.28,1,0.625,0.625,0.586,2.793,0.645,0.02,0,,,,98,0,0,0,0,0,0,0,0,0,0,7,0,0,7000,7000,29,252,1401,98,73,90,78,78,44,0,39321,284,213,337,233,258,171,26222,39321
126.062,0,791,20,84,44,14.7,13.44,0.914,1,0,0,0,14,312,2.512,1,19,134.83,0,0,0,0,1,0,0,0,0,0,0,0,0,0,0,52.82,34,0.344,1,0,0,0,0,0,0,0,0,0,800,790,800,800,1090,1400,72,0.254,26.5,14.3,12.86,0,134.83,0,19,20,12.892,353.28,1,0.645,0.645,0.586,2.793,0.645,0.02,0,,,,86,0,0,0,0,0,0,0,0,0,0,7,0,0,7000,7000,29,252,1401,98,83,105,86,78,44,0,39321,284,216,334,233,258,171,26222,39321
126.122,0,789,20,84,44,14.7,13.44,0.914,1,0,0,0,14,312,2.512,1,19,134.83,0,0,0,0,1,0,0,0,0,0,0,0,0,0,0,52.82,34,0.344,1,0,0,0,0,0,0,0,0,0,800,790,800,800,1090,1400,72,0.254,26.5,14.3,12.86,0,134.83,0,19,20,12.892,353.28,1,0.645,0.645,0.586,2.793,0.645,0.02,0,,,,47,0,0,0,0,0,0,0,0,0,0,7,0,0,7000,7000,29,252,1401,98,83,105,86,88,47,0,39321,284,216,334,233,258,168,26222,39321
126.182,0,789,20,84,44,14.7,13.44,0.914,1,0,0,0,14,312,2.512,1,19,134.67,0,0,0,0,1,0,0,0,0,0,0,0,0,0,0,52.82,34,0.344,1,0,0,0,0,0,0,0,0,0,800,790,800,800,1090,1400,72,0.254,26.5,14.3,12.58,0,134.67,0,19,20,12.892,353.28,1,0.625,0.625,0.586,2.793,0.645,0.02,0,,,,103,0,0,0,0,0,0,0,0,0,0,7,0,0,7000,7000,29,252,1401,81,66,103,86,88,47,0,39321,281,213,331,233,258,168,26222,39321
126.242,0,793,20,84,44,14.7,13.44,0.914,1,0,0,0,14,312,2.512,1,19,134.67,0,0,0,0,1,0,0,0,0,0,0,0,0,0,0,52.6,34,0.344,1,0,0,0,0,0,0,0,0,0,800,790,800,800,1090,1400,72,0.254,26.5,14.3,12.75,0,134.67,0,19,20,12.892,353.28,1,0.625,0.625,0.586,2.793,0.645,0.02,0,,,,115,0,0,0,0,0,0,0,0,0,0,7,0,0,7000,7000,29,252,1401,81,66,103,79,115,47,0,39321,281,213,331,233,261,168,26222,39321
126.302,0,797,20,84,44,14.7,13.47,0.916,1,0,0,0,13,312,2.512,1,19,134.5,0,0,0,0,1,0,0,0,0,0,0,0,0,0,0,52.6,34,0.344,1,0,0,0,0,0,0,0,0,0,800,800,800,800,1090,1400,72,0.254,26.5,14.3,12.75,0,134.5,0,19,20,12.892,353.28,1,0.645,0.645,0.586,2.793,0.645,0.02,0,,,,91,0,0,0,0,0,0,0,0,0,0,7,0,0,7000,7000,29,252,1401,91,66,103,79,115,45,0,39321,281,213,331,233,261,165,26222,39321
126.362,0,797,20,84,44,14.7,13.47,0.916,1,0,0,0,13,312,2.52,1,19,134.33,0,0,0,0,1,0,0,0,0,0,0,0,0,0,0,52.6,34,0.344,1,0,0,0,0,0,0,0,0,0,800,800,800,800,1090,1400,72,0.254,26.5,14.3,12.75,0,134.33,0,19,20,12.819,353.28,1,0.625,0.625,0.586,2.793,0.645,0.02,0,,,,85,0,0,0,0,0,0,0,0,0,0,7,0,0,7000,7000,29,252,1401,91,68,98,85,115,45,0,39321,281,210,329,233,261,165,26222,39321
126.422,0,799,20,84,44,14.7,13.48,0.917,1,0,0,0,13,312,2.52,1,19,134.33,0,0,0,0,1,0,0,0,0,0,0,0,0,0,0,52.6,34,0.344,1,0,0,0,0,0,0,0,0,0,800,800,800,800,1090,1400,72,0.254,26.5,14.3,12.75,0,134.33,0,19,20,12.819,353.28,1,0.625,0.625,0.586,2.793,0.645,0.02,0,,,,54,0,0,0,0,0,0,0,0,0,0,7,0,0,7000,7000,29,252,1401,91,68,98,85,96,54,0,39321,281,210,329,233,261,165,26222,39321
126.482,0,794,20,84,44,14.7,13.48,0.917,1,0,0,0,14,312,2.52,1,19,134.33,0,0,0,0,1,0,0,0,0,0,0,0,0,0,0,52.37,34,0.344,1,0,0,0,0,0,0,0,0,0,800,790,800,800,1090,1400,72,0.254,26.5,14.3,12.75,0,134.33,0,19,20,12.819,353.28,1,0.625,0.625,0.586,2.793,0.645,0.02,0,,,,91,0,0,0,0,0,0,0,0,0,0,7,0,0,7000,7000,29,252,1401,79,74,91,85,96,54,0,39321,278,208,326,233,261,165,26222,39321
126.542,0,789,20,84,44,14.7,13.51,0.919,1,0,0,0,14,312,2.512,1,19,134.33,0,0,0,0,1,0,0,0,0,0,0,0,0,0,0,52.6,34,0.344,1,0,0,0,0,0,0,0,0,0,800,790,800,800,1090,1400,72,0.254,26.5,14.3,12.81,0,134.33,0,19,20,12.892,353.28,1,0.625,0.625,0.586,2.793,0.645,0.02,0,,,,85,0,0,0,0,0,0,0,0,0,0,7,0,0,7000,7000,29,252,1401,79,74,91,86,85,54,0,39321,278,208,326,233,261,165,26222,39321
126.602,0,784,20,84,44,14.7,13.51,0.919,1,0,0,0,15,312,2.512,1,19,134.33,0,0,0,0,1,0,0,0,0,0,0,0,0,0,0,52.6,34,0.344,1,0,0,0,0,0,0,0,0,0,800,780,800,800,1090,1400,72,0.254,26.5,14.3,12.81,0,134.33,0,19,20,12.892,353.28,1,0.625,0.625,0.586,2.793,0.645,0.02,0,,,,85,0,0,0,0,0,0,0,0,0,0,7,0,0,7000,7000,29,252,1401,85,74,91,86,85,45,0,39321,275,208,326,233,261,163,26222,39321
126.662,0,783,20,84,44,14.7,13.51,0.919,1,0,0,0,15,312,2.512,1,19,134.33,0,0,0,0,1,0,0,0,0,0,0,0,0,0,0,52.6,34,0.344,1,0,0,0,0,0,0,0,0,0,800,780,800,800,1090,1400,72,0.254,26.5,14.3,12.75,0,134.33,0,19,20,12.892,353.28,1,0.625,0.625,0.586,2.793,0.645,0.02,0,,,,83,0,0,0,0,0,0,0,0,0,0,7,0,0,7000,7000,29,252,1401,85,64,103,83,85,45,0,39321,275,205,323,233,261,163,26222,39321
126.722,0,779,20,84,44,14.7,13.51,0.919,1,0,0,0,15,312,2.512,1,19,134.33,0,0,0,0,1,0,0,0,0,0,0,0,0,0,0,52.6,34,0.344,1,0,0,0,0,0,0,0,0,0,760,780,800,800,1090,1400,72,0.254,26,14.3,12.75,0,134.33,0,19,20,12.892,353.28,1,0.625,0.625,0.586,2.793,0.645,0.02,0,,,,45,0,0,0,0,0,0,0,0,0,0,7,0,0,7000,7000,29,252,1401,85,64,103,83,93,45,0,39321,275,205,323,233,261,163,26222,39321
126.782,0,782,20,84,44,14.7,13.51,0.919,1,0,0,0,15,312,2.512,1,19,134.33,0,0,0,0,1,0,0,0,0,0,0,0,0,0,0,52.6,34,0.344,1,0,0,0,0,0,0,0,0,0,800,780,800,800,1090,1400,73,0.254,26.5,14.3,12.81,0,134.33,0,19,20,12.892,353.28,1,0.625,0.625,0.586,2.793,0.645,0.02,0,,,,49,0,0,0,0,0,0,0,0,0,0,7,0,0,7000,7000,29,252,1401,67,49,103,83,93,45,0,39321,270,199,323,233,261,163,26222,39321
126.842,0,785,20,84,44,14.7,13.51,0.919,1,0,0,0,14,312,2.512,1,19,134.33,0,0,0,0,1,0,0,0,0,0,0,0,0,0,0,52.82,34,0.344,1,0,0,0,0,0,0,0,0,0,800,790,800,800,1090,1400,73,0.254,26.5,14.3,12.63,0,134.33,0,19,20,12.892,353.28,1,0.625,0.625,0.586,2.793,0.645,0.02,0,,,,76,0,0,0,0,0,0,0,0,0,0,7,0,0,7000,7000,29,252,1401,67,49,103,81,76,45,0,39321,270,199,320,233,258,163,26222,39321
126.902,0,788,20,84,44,14.7,13.51,0.919,1,0,0,0,14,312,2.512,1,19,134.33,0,0,0,0,1,0,0,0,0,0,0,0,0,0,0,52.6,34,0.344,1,0,0,0,0,0,0,0,0,0,800,790,800,800,1090,1400,73,0.254,26.5,14.3,12.63,0,134.33,0,19,20,12.892,353.28,1,0.625,0.625,0.586,2.793,0.645,0.02,0,,,,78,0,0,0,0,0,0,0,0,0,0,7,0,0,7000,7000,29,252,1401,78,49,103,81,76,49,0,39321,264,199,320,233,258,163,26222,39321
126.962,0,785,20,84,44,14.7,13.51,0.919,1,0,0,0,14,312,2.512,1,19,134.33,0,0,0,0,1,0,0,0,0,0,0,0,0,0,0,52.6,34,0.344,1,0,0,0,0,0,0,0,0,0,800,790,800,800,1090,1400,73,0.254,26.5,14.3,12.69,0,134.33,0,19,20,12.892,353.28,1,0.645,0.645,0.586,2.793,0.645,0.02,0,,,,100,0,0,0,0,0,0,0,0,0,0,7,0,0,7000,7000,29,252,1401,78,52,100,81,76,49,0,39321,264,196,317,233,258,163,26222,39321
127.022,0,782,20,84,44,14.7,13.48,0.917,1,0,0,0,15,312,2.512,1,19,134.67,0,0,0,0,1,0,0,0,0,0,0,0,0,0,0,52.82,34,0.344,1,0,0,0,0,0,0,0,0,0,800,780,800,800,1090,1400,73,0.254,26.5,14.3,12.75,0,134.67,0,19,20,12.892,353.28,1,0.625,0.625,0.586,2.773,0.645,0.02,0,,,,45,0,0,0,0,0,0,0,0,0,0,7,0,0,7000,7000,29,252,1401,78,52,100,79,81,45,0,39321,264,196,317,233,255,163,26222,39321
127.082,0,781,20,84,44,14.7,13.48,0.917,1,0,0,0,15,312,2.512,1,19,134.67,0,0,0,0,1,0,0,0,0,0,0,0,0,0,0,52.82,34,0.344,1,0,0,0,0,0,0,0,0,0,800,780,800,800,1090,1400,73,0.254,26.5,14.3,12.63,0,134.67,0,19,20,12.892,353.28,1,0.625,0.625,0.586,2.773,0.645,0.02,0,,,,47,0,0,0,0,0,0,0,0,0,0,7,0,0,7000,7000,29,252,1401,69,47,100,79,81,45,0,39321,258,194,317,233,255,163,26222,39321
127.142,0,777,20,84,44,14.7,13.48,0.917,1,0,0,0,15,312,2.512,1,19,134.67,0,0,0,0,1,0,0,0,0,0,0,0,0,0,0,52.82,34,0.344,1,0,0,0,0,0,0,0,0,0,760,780,800,800,1090,1400,73,0.25,26,14.3,12.81,0,134.67,0,19,20,12.819,353.28,1,0.645,0.645,0.586,2.773,0.645,0.02,0,,,,83,0,0,0,0,0,0,0,0,0,0,7,0,0,7000,7000,29,252,1401,69,47,113,83,81,45,0,39321,258,194,317,233,255,163,26222,39321
127.202,0,772,20,84,44,14.7,13.51,0.919,1,0,0,0,16,312,2.512,1,19,134.83,0,0,0,0,1,0,0,0,0,0,0,0,0,0,0,52.82,34,0.344,1,0,0,0,0,0,0,0,0,0,760,770,800,800,1090,1400,73,0.25,26,14.3,12.98,0,134.83,0,19,20,12.892,353.28,1,0.625,0.625,0.586,2.773,0.645,0.02,0,,,,70,0,0,0,0,0,0,0,0,0,0,7,0,0,7000,7000,29,252,1401,70,47,113,83,75,46,0,39321,255,194,317,233,253,160,26222,39321
127.262,0,770,20,84,44,14.7,13.51,0.919,1,0,0,0,16,312,2.512,1,19,134.83,0,0,0,0,1,0,0,0,0,0,0,0,0,0,0,52.82,34,0.344,1,0,0,0,0,0,0,0,0,0,760,770,800,800,1090,1400,73,0.25,26,14.3,12.92,0,134.83,0,19,20,12.892,353.28,1,0.625,0.625,0.586,2.773,0.645,0.02,0,,,,99,0,0,0,0,0,0,0,0,0,0,7,0,0,7000,7000,29,252,1401,70,41,99,83,75,46,0,39321,255,188,315,233,253,160,26222,39321
127.322,0,776,20,84,44,14.7,13.51,0.919,1,0,0,0,15,312,2.512,1,19,134.83,0,0,0,0,1,0,0,0,0,0,0,0,0,0,0,52.82,34,0.344,1,0,0,0,0,0,0,0,0,0,760,780,800,800,1090,1400,73,0.25,26,14.3,12.98,0,134.83,0,19,20,12.892,353.28,1,0.645,0.645,0.586,2.773,0.645,0.02,0,,,,65,0,0,0,0,0,0,0,0,0,0,7,0,0,7000,7000,29,252,1401,70,41,99,70,65,46,0,39321,255,188,315,230,250,160,26222,39321
127.382,0,778,20,84,44,14.7,13.51,0.919,1,0,0,0,15,312,2.512,1,19,134.83,0,0,0,0,1,0,0,0,0,0,0,0,0,0,0,52.82,34,0.344,1,0,0,0,0,0,0,0,0,0,760,780,800,800,1090,1400,73,0.25,26,14.3,12.92,0,134.83,0,19,20,12.892,353.28,1,0.625,0.625,0.586,2.773,0.645,0.02,0,,,,49,0,0,0,0,0,0,0,0,0,0,7,0,0,7000,7000,29,252,1401,80,49,99,70,65,41,0,39321,253,185,315,230,250,157,26222,39321
127.442,0,780,20,84,44,14.7,13.51,0.919,1,0,0,0,15,312,2.512,1,19,134.83,0,0,0,0,1,0,0,0,0,0,0,0,0,0,0,52.82,34,0.344,1,0,0,0,0,0,0,0,0,0,800,780,800,800,1090,1400,73,0.25,26.5,14.3,12.86,0,134.83,0,19,20,12.892,353.28,1,0.625,0.625,0.586,2.773,0.645,0.02,0,,,,73,0,0,0,0,0,0,0,0,0,0,7,0,0,7000,7000,29,252,1401,80,49,107,73,65,41,0,39321,253,185,312,230,250,157,26222,39321
127.502,0,779,20,84,44,14.7,13.54,0.921,1,0,0,0,15,312,2.512,1,19,134.83,0,0,0,0,1,0,0,0,0,0,0,0,0,0,0,52.82,34,0.344,1,0,0,0,0,0,0,0,0,0,760,780,800,800,1090,1400,73,0.254,26,14.3,12.69,0,134.83,0,19,20,12.892,353.28,1,0.645,0.645,0.586,2.773,0.645,0.02,0,,,,45,0,0,0,0,0,0,0,0,0,0,7,0,0,7000,7000,29,252,1401,80,49,107,73,81,45,0,39321,253,185,312,230,247,157,26222,39321
127.562,0,775,20,84,44,14.7,13.54,0.921,1,0,0,0,15,312,2.512,1,19,134.83,0,0,0,0,1,0,0,0,0,0,0,0,0,0,0,52.82,34,0.344,1,0,0,0,0,0,0,0,0,0,760,780,800,800,1090,1400,73,0.254,26,14.3,12.69,0,134.83,0,19,20,12.819,353.28,1,0.645,0.645,0.586,2.773,0.645,0.02,0,,,,88,0,0,0,0,0,0,0,0,0,0,7,0,0,7000,7000,29,252,1401,73,54,88,73,81,45,0,39321,250,182,306,230,247,157,26222,39321
127.622,0,776,20,84,44,14.7,13.54,0.921,1,0,0,0,15,312,2.52,1,19,134.83,0,0,0,0,1,0,0,0,0,0,0,0,0,0,0,52.82,34,0.344,1,0,0,0,0,0,0,0,0,0,760,780,800,800,1090,1400,73,0.25,26,14.3,12.69,0,134.83,0,19,20,12.819,353.28,1,0.625,0.625,0.586,2.754,0.645,0.02,0,,,,84,0,0,0,0,0,0,0,0,0,0,7,0,0,7000,7000,29,252,1401,73,54,88,68,84,45,0,39321,250,182,306,230,244,157,26222,39321
127.682,0,770,21,84,44,14.7,13.57,0.923,1,0,0,0,16,312,2.528,1,19,135.17,0,0,0,0,1,0,0,0,0,0,0,0,0,0,0,52.82,34,0.344,1,0,0,0,0,0,0,0,0,0,760,770,800,800,1090,1400,73,0.25,26,14.3,12.69,0,135.17,0,19,21,12.819,353.28,1,0.645,0.645,0.586,2.754,0.645,0.02,0,,,,86,0,0,0,0,0,0,0,0,0,0,7,0,0,7000,7000,29,252,1401,86,54,88,68,84,51,0,39321,250,182,306,230,244,157,26222,39321
127.742,0,765,21,84,44,14.7,13.57,0.923,1,0,0,0,16,312,2.536,1,19,136.17,0,0,0,0,1,0,0,0,0,0,0,0,0,0,0,53.05,34,0.344,1,0,0,0,0,0,0,0,0,0,760,770,800,800,1090,1400,73,0.25,26,14.3,12.69,0,136.17,0,19,21,12.819,353.28,1,0.645,0.645,0.586,2.754,0.645,0.02,0,,,,83,0,0,0,0,0,0,0,0,0,0,7,0,0,7000,7000,29,252,1401,86,44,80,83,84,51,0,39321,250,177,303,230,244,157,26222,39321
127.802,0,761,21,84,44,14.7,13.57,0.923,1,0,0,0,17,312,2.544,1,19,136.83,0,0,0,0,1,0,0,0,0,0,0,0,0,0,0,53.27,35,0.344,1,0,0,0,0,0,0,0,0,0,760,760,800,800,1090,1400,73,0.25,25.5,14.3,12.86,0,136.83,0,19,21,12.819,353.28,1,0.645,0.645,0.586,2.754,0.645,0.02,0,,,,49,0,0,0,0,0,0,0,0,0,0,7,0,0,7000,7000,29,252,1401,86,44,80,83,75,49,0,39321,250,177,303,230,241,157,26222,39321
127.862,0,764,21,84,44,14.7,13.57,0.923,1,0,0,0,17,312,2.552,1,19,137.33,0,0,0,0,1,0,0,0,0,0,0,0,0,0,0,53.5,35,0.344,1,0,0,0,0,0,0,0,0,0,760,760,800,800,1090,1400,73,0.25,25.5,14.3,12.86,0,137.33,0,19,21,12.819,353.28,1,0.664,0.664,0.586,2.754,0.645,0.02,0,,,,51,0,0,0,0,0,0,0,0,0,0,7,0,0,7000,7000,29,252,1401,91,51,80,83,75,49,0,39321,250,174,303,230,241,157,26222,39321
127.922,0,768,21,84,44,14.7,13.57,0.923,1,0,0,0,16,312,2.56,1,19,137.67,0,0,0,0,1,0,0,0,0,0,0,0,0,0,0,53.5,35,0.344,1,0,0,0,0,0,0,0,0,0,760,770,800,800,1090,1400,73,0.25,25.5,14.3,12.92,0,137.67,0,19,21,12.819,353.28,1,0.645,0.645,0.586,2.754,0.645,0.02,0,,,,80,0,0,0,0,0,0,0,0,0,0,7,0,0,7000,7000,29,252,1401,91,51,91,80,75,49,0,39321,250,174,300,230,241,157,26222,39321
127.982,0,779,21,84,45,14.7,13.57,0.923,1,0,0,0,15,312,2.552,1,19,138,0,0,0,0,1,0,0,0,0,0,0,0,0,0,0,53.5,35,0.344,1,0,0,0,0,0,0,0,0,0,760,780,800,800,1090,1400,73,0.25,25.5,14.3,12.98,0,138,0,19,21,12.892,353.28,1,0.645,0.645,0.586,2.734,0.645,0.02,0,,,,73,0,0,0,0,0,0,0,0,0,0,7,0,0,7000,7000,29,252,1401,73,51,91,80,81,54,0,39321,247,174,300,230,239,157,26222,39321
128.042,0,780,21,84,45,14.7,13.57,0.923,1,0,0,0,15,312,2.552,1,19,138.17,0,0,0,0,1,0,0,0,0,0,0,0,0,0,0,53.5,35,0.344,1,0,0,0,0,0,0,0,0,0,800,780,800,800,1090,1400,73,0.254,26,14.3,12.92,0,138.17,0,19,21,12.892,353.28,1,0.664,0.664,0.586,2.734,0.645,0.02,0,,,,113,0,0,0,0,0,0,0,0,0,0,7,0,0,7000,7000,29,252,1401,73,56,113,80,81,54,0,39321,247,174,300,230,239,157,26222,39321
128.101,0,789,21,84,45,14.7,13.6,0.925,1,0,0,0,14,312,2.552,1,20,138.17,0,0,0,0,1,0,0,0,0,0,0,0,0,0,0,53.5,35,0.344,1,0,0,0,0,0,0,0,0,0,800,790,800,800,1090,1400,73,0.254,26,14.3,12.98,0,138.17,0,20,21,12.892,353.28,1,0.645,0.645,0.586,2.734,0.645,0.02,0,,,,57,0,0,0,0,0,0,0,0,0,0,7,0,0,7000,7000,29,252,1401,73,56,113,78,93,57,0,39321,247,174,300,230,241,157,26222,39321
128.161,0,793,21,84,45,14.7,13.6,0.925,1,0,0,0,14,312,2.552,1,20,138.17,0,0,0,0,1,0,0,0,0,0,0,0,0,0,0,53.5,35,0.344,1,0,0,0,0,0,0,0,0,0,800,790,800,800,1090,1400,73,0.254,26,14.3,12.92,0,138.17,0,20,21,12.892,353.28,1,0.645,0.645,0.586,2.734,0.645,0.02,0,,,,56,0,0,0,0,0,0,0,0,0,0,7,0,0,7000,7000,29,252,1401,69,56,113,78,93,57,0,39321,241,174,300,230,241,157,26222,39321
128.222,0,798,21,84,45,14.7,13.69,0.931,1,0,0,0,13,312,2.552,1,20,138.17,0,0,0,0,1,0,0,0,0,0,0,0,0,0,0,53.5,35,0.344,1,0,0,0,0,0,0,0,0,0,800,800,800,800,1090,1400,73,0.254,26,14.3,12.86,0,138.17,0,20,21,12.892,353.28,1,0.645,0.645,0.586,2.734,0.645,0.02,0,,,,81,0,0,0,0,0,0,0,0,0,0,7,0,0,7000,7000,29,252,1401,69,56,117,81,93,57,0,39321,241,174,303,230,241,157,26222,39321
128.282,0,797,21,84,45,14.7,13.69,0.931,1,0,0,0,13,312,2.56,1,20,138,0,0,0,0,1,0,0,0,0,0,0,0,0,0,0,53.27,35,0.344,1,0,0,0,0,0,0,0,0,0,800,800,800,800,1090,1400,73,0.254,26,14.3,12.92,0,138,0,20,21,12.819,353.28,1,0.645,0.645,0.586,2.734,0.645,0.02,0,,,,78,0,0,0,0,0,0,0,0,0,0,7,0,0,7000,7000,29,252,1401,78,56,117,81,86,62,0,39321,239,174,303,230,241,157,26222,39321
128.342,0,795,21,84,45,14.7,13.69,0.931,1,0,0,0,13,312,2.56,1,20,137.83,0,0,0,0,1,0,0,0,0,0,0,0,0,0,0,53.27,35,0.344,1,0,0,0,0,0,0,0,0,0,800,800,800,800,1090,1400,73,0.254,26,14.3,12.98,0,137.83,0,20,21,12.819,353.28,1,0.664,0.664,0.586,2.715,0.645,0.02,0,,,,86,0,0,0,0,0,0,0,0,0,0,7,0,0,7000,7000,29,252,1401,78,59,86,81,86,62,0,39321,239,174,300,230,241,157,26222,39321
128.401,0,791,21,84,45,14.7,13.72,0.933,1,0,0,0,14,312,2.56,1,20,137.67,0,0,0,0,1,0,0,0,0,0,0,0,0,0,0,53.27,35,0.344,1,0,0,0,0,0,0,0,0,0,800,790,800,800,1090,1400,73,0.254,26,14.3,12.98,0,137.67,0,20,21,12.819,353.28,1,0.645,0.645,0.586,2.715,0.645,0.02,0,,,,86,0,0,0,0,0,0,0,0,0,0,7,0,0,7000,7000,29,252,1401,78,59,86,85,86,62,0,39321,239,174,300,230,241,157,26222,39321
128.461,0,795,21,84,45,14.7,13.72,0.933,1,0,0,0,13,312,2.552,1,20,137.5,0,0,0,0,1,0,0,0,0,0,0,0,0,0,0,53.27,35,0.344,1,0,0,0,0,0,0,0,0,0,800,800,800,800,1090,1400,73,0.254,26,14.3,13.15,0,137.5,0,20,21,12.819,353.28,1,0.645,0.645,0.586,2.715,0.645,0.02,0,,,,56,0,0,0,0,0,0,0,0,0,0,7,0,0,7000,7000,29,252,1401,76,56,86,85,86,59,0,39321,239,171,300,230,241,157,26222,39321
128.522,0,790,21,84,45,14.7,13.72,0.933,1,0,0,0,14,312,2.552,1,20,137.5,0,0,0,0,1,0,0,0,0,0,0,0,0,0,0,53.27,35,0.344,1,0,0,0,0,0,0,0,0,0,800,790,800,800,1090,1400,73,0.254,26,14.3,13.09,0,137.5,0,20,21,12.819,353.28,1,0.664,0.664,0.586,2.715,0.645,0.02,0,,,,88,0,0,0,0,0,0,0,0,0,0,7,0,0,7000,7000,29,252,1401,76,56,93,88,86,59,0,39321,239,171,298,233,241,157,26222,39321
128.582,0,790,21,84,45,14.7,13.72,0.933,1,0,0,0,14,312,2.552,1,20,137.5,0,0,0,0,1,0,0,0,0,0,0,0,0,0,0,53.27,35,0.344,1,0,0,0,0,0,0,0,0,0,800,790,800,800,1090,1400,73,0.254,26,14.3,12.92,0,137.5,0,20,21,12.819,353.28,1,0.645,0.645,0.586,2.715,0.645,0.02,0,,,,68,0,0,0,0,0,0,0,0,0,0,7,0,0,7000,7000,29,252,1401,68,56,93,88,76,45,0,39321,233,171,298,233,239,157,26222,39321
128.641,0,796,21,84,45,14.7,13.69,0.931,1,0,0,0,13,312,2.552,1,20,137.5,0,0,0,0,1,0,0,0,0,0,0,0,0,0,0,53.27,35,0.344,1,0,0,0,0,0,0,0,0,0,800,800,800,800,1090,1400,73,0.254,26,14.3,13.09,0,137.5,0,20,21,12.819,353.28,1,0.645,0.645,0.586,2.715,0.645,0.02,0,,,,85,0,0,0,0,0,0,0,0,0,0,7,0,0,7000,7000,29,252,1401,68,64,85,88,76,45,0,39321,233,174,292,233,239,157,26222,39321
128.701,0,807,21,84,45,14.7,13.69,0.931,1,0,0,0,12.5,312,2.544,1,20,137.5,0,0,0,0,1,0,0,0,0,0,0,0,0,0,0,53.27,35,0.344,1,0,0,0,0,0,0,0,0,0,800,810,800,800,1090,1400,73,0.254,26,14.3,13.03,0,137.5,0,20,21,12.892,353.28,1,0.645,0.645,0.586,2.715,0.645,0.02,0,,,,85,0,0,0,0,0,0,0,0,0,0,7,0,0,7000,7000,29,252,1401,68,64,85,90,85,45,0,39321,233,174,292,236,239,157,26222,39321
128.761,0,811,21,84,45,14.7,13.69,0.931,1,0,0,0,12.5,312,2.544,1,20,137.33,0,0,0,0,1,0,0,0,0,0,0,0,0,0,0,53.05,34,0.344,1,0,0,0,0,0,0,0,0,0,800,810,800,800,1090,1400,73,0.254,26.5,14.3,12.98,0,137.33,0,20,21,12.892,353.28,1,0.625,0.625,0.586,2.695,0.645,0.02,0,,,,56,0,0,0,0,0,0,0,0,0,0,7,0,0,7000,7000,29,252,1401,81,56,85,90,85,59,0,39321,233,171,292,236,239,157,26222,39321
128.821,0,813,21,84,45,14.7,13.69,0.931,1,0,0,0,12.5,312,2.552,1,20,137.17,0,0,0,0,1,0,0,0,0,0,0,0,0,0,0,53.05,34,0.344,1,0,0,0,0,0,0,0,0,0,800,810,800,800,1090,1400,73,0.254,26.5,14.3,12.75,0,137.17,0,20,21,12.819,353.28,1,0.645,0.645,0.586,2.695,0.645,0.02,0,,,,85,0,0,0,0,0,0,0,0,0,0,7,0,0,7000,7000,29,252,1401,81,56,90,85,85,59,0,39321,233,171,292,236,239,157,26222,39321
128.881,0,810,21,84,45,14.7,13.69,0.931,1,0,0,0,12.5,312,2.552,1,20,137,0,0,0,0,1,0,0,0,0,0,0,0,0,0,0,53.05,34,0.344,1,0,0,0,0,0,0,0,0,0,800,810,800,800,1090,1400,73,0.254,26.5,14.3,12.75,0,137,0,20,21,12.819,353.28,1,0.645,0.645,0.586,2.695,0.645,0.02,0,,,,71,0,0,0,0,0,0,0,0,0,0,7,0,0,7000,7000,29,252,1401,71,56,90,85,79,68,0,39321,230,171,292,236,236,160,26222,39321
128.941,0,805,21,84,45,14.7,13.69,0.931,1,0,0,0,12.5,312,2.552,1,20,137,0,0,0,0,1,0,0,0,0,0,0,0,0,0,0,53.05,34,0.344,1,0,0,0,0,0,0,0,0,0,800,810,800,800,1090,1400,73,0.254,26.5,14.3,12.81,0,137,0,20,21,12.819,353.28,1,0.664,0.664,0.586,2.695,0.645,0.02,0,,,,81,0,0,0,0,0,0,0,0,0,0,7,0,0,7000,7000,29,252,1401,71,56,81,85,79,68,0,39321,230,171,289,236,236,160,26222,39321
129.001,0,807,21,84,45,14.7,13.69,0.931,1,0,0,0,12.5,312,2.544,1,20,136.67,0,0,0,0,1,0,0,0,0,0,0,0,0,0,0,52.82,34,0.344,1,0,0,0,0,0,0,0,0,0,800,810,800,800,1090,1400,73,0.254,26.5,14.3,12.81,0,136.67,0,20,21,12.819,353.28,1,0.645,0.645,0.586,2.695,0.645,0.02,0,,,,59,0,0,0,0,0,0,0,0,0,0,7,0,0,7000,7000,29,252,1401,71,56,81,81,88,59,0,39321,230,171,289,233,239,160,26222,39321
129.061,0,806,21,84,45,14.7,13.69,0.931,1,0,0,0,12.5,312,2.544,1,20,136.67,0,0,0,0,1,0,0,0,0,0,0,0,0,0,0,52.82,34,0.344,1,0,0,0,0,0,0,0,0,0,800,810,800,800,1090,1400,73,0.254,26.5,14.3,12.86,0,136.67,0,20,21,12.819,353.28,1,0.625,0.625,0.586,2.695,0.645,0.02,0,,,,54,0,0,0,0,0,0,0,0,0,0,7,0,0,7000,7000,29,252,1401,83,54,81,81,88,59,0,39321,230,168,289,233,239,160,26222,39321
129.121,0,804,21,84,45,14.7,13.69,0.931,1,0,0,0,13,312,2.544,1,20,136.5,0,0,0,0,1,0,0,0,0,0,0,0,0,0,0,52.82,34,0.344,1,0,0,0,0,0,0,0,0,0,800,800,800,800,1090,1400,73,0.254,26.5,14.3,12.98,0,136.5,0,20,21,12.819,353.28,1,0.645,0.645,0.586,2.676,0.645,0.02,0,,,,79,0,0,0,0,0,0,0,0,0,0,7,0,0,7000,7000,29,252,1401,83,54,85,79,88,59,0,39321,230,168,286,233,239,160,26222,39321
129.181,0,803,21,84,45,14.7,13.69,0.931,1,0,0,0,13,312,2.544,1,20,136.5,0,0,0,0,1,0,0,0,0,0,0,0,0,0,0,52.82,34,0.344,1,0,0,0,0,0,0,0,0,0,800,800,800,800,1090,1400,73,0.254,26.5,14.3,12.98,0,136.5,0,20,21,12.819,353.28,1,0.625,0.625,0.586,2.676,0.645,0.02,0,,,,73,0,0,0,0,0,0,0,0,0,0,7,0,0,7000,7000,29,252,1401,73,54,85,79,73,56,0,39321,230,168,286,233,236,160,26222,39321
129.241,0,797,21,84,46,14.7,13.6,0.925,1,0,0,0,13,312,2.544,1,20,136.5,0,0,0,0,1,0,0,0,0,0,0,0,0,0,0,52.82,34,0.344,1,0,0,0,0,0,0,0,0,0,800,800,800,800,1090,1400,73,0.254,26.5,14.3,12.92,0,136.5,0,20,21,12.819,353.28,1,0.645,0.645,0.586,2.676,0.645,0.02,0,,,,95,0,0,0,0,0,0,0,0,0,0,7,0,0,7000,7000,29,252,1401,73,62,95,79,73,56,0,39321,230,168,284,233,236,160,26222,39321
129.301,0,799,21,84,46,14.7,13.57,0.923,1,0,0,0,13,312,2.544,1,20,136.67,0,0,0,0,1,0,0,0,0,0,0,0,0,0,0,52.82,34,0.344,1,0,0,0,0,0,0,0,0,0,800,800,800,800,1090,1400,73,0.254,26.5,14.3,12.92,0,136.67,0,20,21,12.819,353.28,1,0.645,0.645,0.586,2.676,0.645,0.02,0,,,,59,0,0,0,0,0,0,0,0,0,0,7,0,0,7000,7000,29,252,1401,73,62,95,76,86,59,0,39321,230,168,284,233,236,160,26222,39321
129.361,0,804,21,84,46,14.7,13.57,0.923,1,0,0,0,13,312,2.544,1,20,136.83,0,0,0,0,1,0,0,0,0,0,0,0,0,0,0,53.05,34,0.344,1,0,0,0,0,0,0,0,0,0,800,800,800,800,1090,1400,73,0.254,26.5,14.3,12.98,0,136.83,0,20,21,12.819,353.28,1,0.625,0.625,0.586,2.676,0.645,0.02,0,,,,44,0,0,0,0,0,0,0,0,0,0,7,0,0,7000,7000,29,252,1401,66,44,95,76,86,59,0,39321,227,165,284,233,236,160,26222,39321
129.421,0,808,21,84,46,14.7,13.57,0.923,1,0,0,0,12.5,312,2.544,1,20,136.83,0,0,0,0,1,0,0,0,0,0,0,0,0,0,0,53.05,34,0.344,1,0,0,0,0,0,0,0,0,0,800,810,800,800,1090,1400,73,0.254,26.5,14.3,12.98,0,136.83,0,20,21,12.892,353.28,1,0.645,0.645,0.586,2.676,0.645,0.02,0,,,,74,0,0,0,0,0,0,0,0,0,0,7,0,0,7000,7000,29,252,1401,66,44,83,74,86,59,0,39321,227,165,281,230,236,160,26222,39321
129.481,0,809,21,84,46,14.7,13.57,0.923,1,0,0,0,12.5,312,2.544,1,20,136.67,0,0,0,0,1,0,0,0,0,0,0,0,0,0,0,52.82,34,0.344,1,0,0,0,0,0,0,0,0,0,800,810,800,800,1090,1400,73,0.254,26.5,14.3,12.86,0,136.67,0,20,21,12.819,353.28,1,0.625,0.625,0.586,2.676,0.645,0.02,0,,,,64,0,0,0,0,0,0,0,0,0,0,7,0,0,7000,7000,29,252,1401,64,44,83,74,95,61,0,39321,225,165,281,230,239,160,26222,39321
129.541,0,806,21,84,46,14.7,13.54,0.921,1,0,0,0,12.5,312,2.544,1,20,136.5,0,0,0,0,1,0,0,0,0,0,0,0,0,0,0,52.82,34,0.344,1,0,0,0,0,0,0,0,0,0,800,810,800,800,1090,1400,73,0.254,26.5,14.3,12.86,0,136.5,0,20,21,12.819,353.28,1,0.625,0.625,0.586,2.656,0.645,0.02,0,,,,78,0,0,0,0,0,0,0,0,0,0,7,0,0,7000,7000,29,252,1401,64,56,78,74,95,61,0,39321,225,165,278,230,239,160,26222,39321
129.601,0,805,21,84,46,14.7,13.54,0.921,1,0,0,0,12.5,312,2.544,1,20,136.5,0,0,0,0,1,0,0,0,0,0,0,0,0,0,0,52.82,34,0.344,1,0,0,0,0,0,0,0,0,0,800,810,800,800,1090,1400,73,0.254,26.5,14.3,12.75,0,136.5,0,20,21,12.819,353.28,1,0.625,0.625,0.586,2.656,0.645,0.02,0,,,,57,0,0,0,0,0,0,0,0,0,0,7,0,0,7000,7000,29,252,1401,64,56,78,81,71,57,0,39321,225,165,278,230,236,160,26222,39321
129.661,0,802,21,84,46,14.7,13.51,0.919,1,0,0,0,13,312,2.544,1,20,136.5,0,0,0,0,1,0,0,0,0,0,0,0,0,0,0,52.82,34,0.344,1,0,0,0,0,0,0,0,0,0,800,800,800,800,1090,1400,73,0.254,26.5,14.3,12.69,0,136.5,0,20,21,12.819,353.28,1,0.645,0.645,0.586,2.656,0.645,0.02,0,,,,44,0,0,0,0,0,0,0,0,0,0,7,0,0,7000,7000,29,252,1401,66,44,78,81,71,57,0,39321,222,163,278,230,236,160,26222,39321
129.721,0,802,21,84,46,14.7,13.51,0.919,1,0,0,0,13,312,2.544,1,20,136.5,0,0,0,0,1,0,0,0,0,0,0,0,0,0,0,52.82,34,0.344,1,0,0,0,0,0,0,0,0,0,800,800,800,800,1090,1400,73,0.254,26.5,14.3,12.69,0,136.5,0,20,21,12.819,353.28,1,0.645,0.645,0.586,2.656,0.645,0.02,0,,,,83,0,0,0,0,0,0,0,0,0,0,7,0,0,7000,7000,29,252,1401,66,44,83,83,71,57,0,39321,222,163,275,230,236,160,26222,39321
129.781,0,803,21,84,46,14.7,13.51,0.919,1,0,0,0,13,312,2.544,1,20,136.5,0,0,0,0,1,0,0,0,0,0,0,0,0,0,0,52.82,34,0.344,1,0,0,0,0,0,0,0,0,0,800,800,800,800,1090,1400,73,0.254,26.5,14.3,12.86,0,136.5,0,20,21,12.819,353.28,1,0.645,0.645,0.586,2.656,0.645,0.02,0,,,,66,0,0,0,0,0,0,0,0,0,0,7,0,0,7000,7000,29,252,1401,66,44,83,83,78,56,0,39321,219,163,275,230,236,160,26222,39321
129.841,0,804,21,84,46,14.7,13.51,0.919,1,0,0,0,13,312,2.544,1,20,136.5,0,0,0,0,1,0,0,0,0,0,0,0,0,0,0,52.82,34,0.344,1,0,0,0,0,0,0,0,0,0,800,800,800,800,1090,1400,73,0.254,26.5,14.3,12.81,0,136.5,0,20,21,12.819,353.28,1,0.645,0.645,0.586,2.656,0.645,0.02,0,,,,79,0,0,0,0,0,0,0,0,0,0,7,0,0,7000,7000,29,252,1401,66,56,79,83,78,56,0,39321,219,163,270,230,236,160,26222,39321
129.901,0,801,21,84,46,14.7,13.48,0.917,1,0,0,0,13,312,2.544,1,20,136.5,0,0,0,0,1,0,0,0,0,0,0,0,0,0,0,52.82,34,0.344,1,0,0,0,0,0,0,0,0,0,800,800,800,800,1090,1400,73,0.254,26.5,14.3,12.75,0,136.5,0,20,21,12.819,353.28,1,0.625,0.625,0.586,2.637,0.645,0.02,0,,,,52,0,0,0,0,0,0,0,0,0,0,7,0,0,7000,7000,29,252,1401,66,56,79,68,83,52,0,39321,219,163,270,230,236,157,26222,39321
129.961,0,803,21,84,46,14.7,13.47,0.916,1,0,0,0,13,312,2.544,1,20,136.5,0,0,0,0,1,0,0,0,0,0,0,0,0,0,0,52.82,34,0.344,1,0,0,0,0,0,0,0,0,0,800,800,800,800,1090,1400,73,0.254,26.5,14.3,12.75,0,136.5,0,20,21,12.819,353.28,1,0.645,0.645,0.586,2.637,0.645,0.02,0,,,,44,0,0,0,0,0,0,0,0,0,0,7,0,0,7000,7000,29,252,1401,79,44,79,68,83,52,0,39321,219,160,270,230,236,157,26222,39321
130.021,0,807,21,84,46,14.7,13.47,0.916,1,0,0,0,12.5,312,2.536,1,20,136.5,0,0,0,0,1,0,0,0,0,0,0,0,0,0,0,52.82,34,0.344,1,0,0,0,0,0,0,0,0,0,800,810,800,800,1090,1400,73,0.254,26.5,14.3,12.69,0,136.5,0,20,21,12.892,353.28,1,0.625,0.625,0.586,2.637,0.645,0.02,0,,,,83,0,0,0,0,0,0,0,0,0,0,7,0,0,7000,7000,29,252,1401,79,44,86,69,83,52,0,39321,219,160,270,227,236,157,26222,39321
130.081,0,811,21,84,46,14.7,13.47,0.916,1,0,0,0,12.5,312,2.536,1,20,136.5,0,0,0,0,1,0,0,0,0,0,0,0,0,0,0,52.82,34,0.344,1,0,0,0,0,0,0,0,0,0,800,810,800,800,1090,1400,73,0.254,26.5,14.3,12.58,0,136.5,0,20,21,12.819,353.28,1,0.625,0.625,0.586,2.637,0.645,0.02,0,,,,57,0,0,0,0,0,0,0,0,0,0,7,0,0,7000,7000,29,252,1401,57,44,86,69,83,56,0,39321,216,160,270,227,236,157,26222,39321
130.141,0,810,21,84,46,14.7,13.47,0.916,1,0,0,0,12.5,312,2.544,1,20,136.5,0,0,0,0,1,0,0,0,0,0,0,0,0,0,0,52.82,34,0.344,1,0,0,0,0,0,0,0,0,0,800,810,800,800,1090,1400,73,0.254,26.5,14.3,12.69,0,136.5,0,20,21,12.819,353.28,1,0.625,0.625,0.586,2.637,0.645,0.02,0,,,,78,0,0,0,0,0,0,0,0,0,0,7,0,0,7000,7000,29,252,1401,57,54,78,69,83,56,0,39321,216,157,267,227,236,157,26222,39321
130.201,0,811,21,84,46,14.7,13.48,0.917,1,0,0,0,12.5,312,2.544,1,20,136.5,0,0,0,0,1,0,0,0,0,0,0,0,0,0,0,52.82,34,0.344,1,0,0,0,0,0,0,0,0,0,800,810,800,800,1090,1400,73,0.254,26.5,14.3,12.75,0,136.5,0,20,21,12.819,353.28,1,0.645,0.645,0.586,2.637,0.645,0.02,0,,,,64,0,0,0,0,0,0,0,0,0,0,7,0,0,7000,7000,29,252,1401,57,54,78,85,86,64,0,39321,216,157,267,230,236,157,26222,39321
130.261,0,806,21,84,46,14.7,13.47,0.916,1,0,0,0,12.5,312,2.544,1,20,136.5,0,0,0,0,1,0,0,0,0,0,0,0,0,0,0,52.82,34,0.344,1,0,0,0,0,0,0,0,0,0,800,810,800,800,1090,1400,73,0.254,26.5,14.3,12.69,0,136.5,0,20,21,12.819,353.28,1,0.645,0.645,0.586,2.617,0.645,0.02,0,,,,57,0,0,0,0,0,0,0,0,0,0,7,0,0,7000,7000,29,252,1401,79,57,78,85,86,64,0,39321,216,157,267,230,236,157,26222,39321
130.321,0,804,21,84,46,14.7,13.47,0.916,1,0,0,0,13,312,2.544,1,20,136.5,0,0,0,0,1,0,0,0,0,0,0,0,0,0,0,52.82,34,0.344,1,0,0,0,0,0,0,0,0,0,800,800,800,800,1090,1400,73,0.254,26.5,14.3,12.75,0,136.5,0,20,21,12.819,353.28,1,0.645,0.645,0.586,2.617,0.645,0.02,0,,,,83,0,0,0,0,0,0,0,0,0,0,7,0,0,7000,7000,29,252,1401,79,57,103,86,83,64,0,39321,216,157,270,230,236,157,26222,39321
130.381,0,802,21,84,46,14.7,13.47,0.916,1,0,0,0,13,312,2.544,1,20,136.5,0,0,0,0,1,0,0,0,0,0,0,0,0,0,0,52.82,34,0.344,1,0,0,0,0,0,0,0,0,0,800,800,800,800,1090,1400,73,0.254,26.5,14.3,12.92,0,136.5,0,20,21,12.819,353.28,1,0.645,0.645,0.586,2.617,0.645,0.02,0,,,,79,0,0,0,0,0,0,0,0,0,0,7,0,0,7000,7000,29,252,1401,79,57,103,86,83,52,0,39321,216,157,270,230,236,157,26222,39321
130.441,0,802,21,84,46,14.7,13.47,0.916,1,0,0,0,13,312,2.536,1,20,136.5,0,0,0,0,1,0,0,0,0,0,0,0,0,0,0,52.82,34,0.344,1,0,0,0,0,0,0,0,0,0,800,800,800,800,1090,1400,73,0.254,26.5,14.3,12.81,0,136.5,0,20,21,12.892,353.28,1,0.645,0.645,0.586,2.617,0.645,0.02,0,,,,66,0,0,0,0,0,0,0,0,0,0,7,0,0,7000,7000,29,252,1401,79,51,93,66,83,52,0,39321,216,157,267,227,236,157,26222,39321
130.501,0,806,21,84,46,14.7,13.47,0.916,1,0,0,0,12.5,312,2.536,1,20,136.5,0,0,0,0,1,0,0,0,0,0,0,0,0,0,0,52.82,34,0.344,1,0,0,0,0,0,0,0,0,0,800,810,800,800,1090,1400,73,0.254,26.5,14.3,12.92,0,136.5,0,20,21,12.892,353.28,1,0.625,0.625,0.586,2.617,0.645,0.02,0,,,,59,0,0,0,0,0,0,0,0,0,0,7,0,0,7000,7000,29,252,1401,79,51,93,66,95,59,0,39321,216,157,267,227,239,157,26222,39321
130.561,0,810,21,84,47,14.7,13.47,0.916,1,0,0,0,12.5,312,2.536,1,20,136.5,0,0,0,0,1,0,0,0,0,0,0,0,0,0,0,52.82,34,0.344,1,0,0,0,0,0,0,0,0,0,800,810,800,800,1090,1400,73,0.254,26.5,14.3,12.81,0,136.5,0,20,21,12.892,353.28,1,0.645,0.645,0.586,2.617,0.645,0.02,0,,,,57,0,0,0,0,0,0,0,0,0,0,7,0,0,7000,7000,29,252,1401,68,57,93,66,95,59,0,39321,216,157,267,227,239,157,26222,39321
130.621,0,813,21,84,47,14.7,13.44,0.914,1,0,0,0,12.5,312,2.536,1,20,136.5,0,0,0,0,1,0,0,0,0,0,0,0,0,0,0,52.82,34,0.344,1,0,0,0,0,0,0,0,0,0,800,810,800,800,1090,1400,73,0.254,26.5,14.3,12.86,0,136.5,0,20,21,12.892,353.28,1,0.625,0.625,0.586,2.617,0.645,0.02,0,,,,81,0,0,0,0,0,0,0,0,0,0,7,0,0,7000,7000,29,252,1401,68,57,88,79,81,59,0,39321,216,157,264,227,239,157,26222,39321
130.681,0,813,21,84,47,14.7,13.44,0.914,1,0,0,0,12.5,312,2.536,1,20,136.5,0,0,0,0,1,0,0,0,0,0,0,0,0,0,0,52.82,34,0.344,1,0,0,0,0,0,0,0,0,0,800,810,800,800,1090,1400,73,0.254,26.5,14.3,12.86,0,136.5,0,20,21,12.892,353.28,1,0.625,0.625,0.586,2.598,0.645,0.02,0,,,,64,0,0,0,0,0,0,0,0,0,0,7,0,0,7000,7000,29,252,1401,64,57,88,79,81,56,0,39321,213,157,264,227,239,157,26222,39321
130.741,0,813,21,84,47,14.7,13.44,0.914,1,0,0,0,12.5,312,2.528,1,20,136.17,0,0,0,0,1,0,0,0,0,0,0,0,0,0,0,52.6,34,0.344,1,0,0,0,0,0,0,0,0,0,800,810,800,800,1090,1400,73,0.254,26.5,14.3,12.75,0,136.17,0,20,21,12.892,353.28,1,0.645,0.645,0.586,2.598,0.645,0.02,0,,,,73,0,0,0,0,0,0,0,0,0,0,7,0,0,7000,7000,29,252,1401,64,59,93,73,81,56,0,39321,213,157,264,227,239,157,26222,39321
130.801,0,811,21,84,47,14.7,13.44,0.914,1,0,0,0,12.5,312,2.528,1,20,136.17,0,0,0,0,1,0,0,0,0,0,0,0,0,0,0,52.6,34,0.344,1,0,0,0,0,0,0,0,0,0,800,810,800,800,1090,1400,73,0.254,26.5,14.3,12.75,0,136.17,0,20,21,12.892,353.28,1,0.645,0.645,0.586,2.598,0.645,0.02,0,,,,51,0,0,0,0,0,0,0,0,0,0,7,0,0,7000,7000,29,252,1401,64,59,93,73,81,51,0,39321,213,157,264,227,239,154,26222,39321
130.861,0,810,21,84,47,14.7,13.44,0.914,1,0,0,0,12.5,312,2.528,1,20,136,0,0,0,0,1,0,0,0,0,0,0,0,0,0,0,52.6,34,0.344,1,0,0,0,0,0,0,0,0,0,800,810,800,800,1090,1400,73,0.254,26.5,14.3,12.69,0,136,0,20,21,12.819,353.28,1,0.625,0.625,0.586,2.598,0.645,0.02,0,,,,100,0,0,0,0,0,0,0,0,0,0,7,0,0,7000,7000,29,252,1401,83,51,100,73,81,51,0,39321,216,154,267,227,239,154,26222,39321
130.921,0,808,21,84,47,14.7,13.44,0.914,1,0,0,0,12.5,312,2.536,1,20,136,0,0,0,0,1,0,0,0,0,0,0,0,0,0,0,52.6,34,0.344,1,0,0,0,0,0,0,0,0,0,800,810,800,800,1090,1400,73,0.254,26.5,14.3,12.63,0,136,0,20,21,12.819,353.28,1,0.625,0.625,0.586,2.598,0.645,0.02,0,,,,83,0,0,0,0,0,0,0,0,0,0,7,0,0,7000,7000,29,252,1401,83,51,100,81,83,51,0,39321,216,154,267,227,239,154,26222,39321
130.981,0,805,21,84,47,14.7,13.44,0.914,1,0,0,0,12.5,312,2.536,1,20,136,0,0,0,0,1,0,0,0,0,0,0,0,0,0,0,52.6,34,0.344,1,0,0,0,0,0,0,0,0,0,800,810,800,800,1090,1400,73,0.254,26.5,14.3,12.63,0,136,0,20,21,12.819,353.28,1,0.625,0.625,0.586,2.598,0.645,0.02,0,,,,62,0,0,0,0,0,0,0,0,0,0,7,0,0,7000,7000,29,252,1401,62,51,100,81,83,54,0,39321,213,154,267,227,239,154,26222,39321
131.041,0,803,21,84,47,14.7,13.44,0.914,1,0,0,0,13,312,2.536,1,20,136.17,0,0,0,0,1,0,0,0,0,0,0,0,0,0,0,52.82,34,0.344,1,0,0,0,0,0,0,0,0,0,800,800,800,800,1090,1400,73,0.254,26.5,14.3,12.75,0,136.17,0,20,21,12.819,353.28,1,0.625,0.625,0.586,2.598,0.645,0.02,0,,,,78,0,0,0,0,0,0,0,0,0,0,7,0,0,7000,7000,29,252,1401,62,51,85,78,83,54,0,39321,213,151,267,227,239,154,26222,39321
131.101,0,801,21,84,47,14.7,13.44,0.914,1,0,0,0,13,312,2.536,1,20,136.33,0,0,0,0,1,0,0,0,0,0,0,0,0,0,0,52.82,34,0.344,1,0,0,0,0,0,0,0,0,0,800,800,800,800,1090,1400,73,0.254,26.5,14.3,12.75,0,136.33,0,20,21,12.892,353.28,1,0.645,0.645,0.586,2.598,0.645,0.02,0,,,,49,0,0,0,0,0,0,0,0,0,0,7,0,0,7000,7000,29,252,1401,62,51,85,78,81,49,0,39321,213,151,267,227,236,154,26222,39321
131.161,0,803,21,84,48,14.7,13.44,0.914,1,0,0,0,13,312,2.536,1,20,136.5,0,0,0,0,1,0,0,0,0,0,0,0,0,0,0,52.82,34,0.344,1,0,0,0,0,0,0,0,0,0,800,800,800,800,1090,1400,73,0.254,26.5,14.3,12.75,0,136.5,0,20,21,12.892,353.28,1,0.625,0.625,0.586,2.578,0.645,0.02,0,,,,91,0,0,0,0,0,0,0,0,0,0,7,0,0,7000,7000,29,252,1401,73,54,91,78,81,49,0,39321,213,151,264,227,236,154,26222,39321
131.221,0,802,21,84,48,14.7,13.44,0.914,1,0,0,0,13,312,2.536,1,20,136.5,0,0,0,0,1,0,0,0,0,0,0,0,0,0,0,52.82,34,0.344,1,0,0,0,0,0,0,0,0,0,800,800,800,800,1090,1400,73,0.254,26.5,14.3,12.81,0,136.5,0,20,21,12.892,353.28,1,0.625,0.625,0.586,2.578,0.645,0.02,0,,,,90,0,0,0,0,0,0,0,0,0,0,7,0,0,7000,7000,29,252,1401,73,54,91,85,90,49,0,39321,213,151,264,230,236,154,26222,39321
131.281,0,800,21,84,48,14.7,13.44,0.914,1,0,0,0,13,312,2.536,1,20,136.5,0,0,0,0,1,0,0,0,0,0,0,0,0,0,0,52.82,34,0.344,1,0,0,0,0,0,0,0,0,0,800,800,800,800,1090,1400,73,0.254,26.5,14.3,12.81,0,136.5,0,20,21,12.892,353.28,1,0.625,0.625,0.586,2.578,0.645,0.02,0,,,,69,0,0,0,0,0,0,0,0,0,0,7,0,0,7000,7000,29,252,1401,69,54,91,85,90,44,0,39321,213,151,264,230,236,151,26222,39321
131.341,0,799,21,84,48,14.7,13.47,0.916,1,0,0,0,13,312,2.536,1,20,136.5,0,0,0,0,1,0,0,0,0,0,0,0,0,0,0,52.82,34,0.344,1,0,0,0,0,0,0,0,0,0,800,800,800,800,1090,1400,73,0.254,26.5,14.3,12.81,0,136.5,0,20,21,12.892,353.28,1,0.645,0.645,0.586,2.578,0.645,0.02,0,,,,76,0,0,0,0,0,0,0,0,0,0,7,0,0,7000,7000,29,252,1401,69,52,95,76,90,44,0,39321,213,151,264,230,236,151,26222,39321
131.401,0,799,21,84,48,14.7,13.47,0.916,1,0,0,0,13,312,2.536,1,20,136.5,0,0,0,0,1,0,0,0,0,0,0,0,0,0,0,52.82,34,0.344,1,0,0,0,0,0,0,0,0,0,800,800,800,800,1090,1400,73,0.254,26.5,14.3,12.69,0,136.5,0,20,21,12.892,353.28,1,0.645,0.645,0.586,2.578,0.645,0.02,0,,,,44,0,0,0,0,0,0,0,0,0,0,7,0,0,7000,7000,29,252,1401,69,52,95,76,90,44,0,39321,213,151,264,230,236,149,26222,39321
131.461,0,801,21,84,48,14.7,13.47,0.916,1,0,0,0,13,312,2.544,1,20,136.5,0,0,0,0,1,0,0,0,0,0,0,0,0,0,0,52.82,34,0.344,1,0,0,0,0,0,0,0,0,0,800,800,800,800,1090,1400,73,0.254,26.5,14.3,12.75,0,136.5,0,20,21,12.819,353.28,1,0.625,0.625,0.586,2.578,0.645,0.02,0,,,,81,0,0,0,0,0,0,0,0,0,0,7,0,0,7000,7000,29,252,1401,62,52,81,76,90,44,0,39321,210,151,261,230,236,149,26222,39321
131.521,0,802,21,84,48,14.7,13.47,0.916,1,0,0,0,13,312,2.544,1,20,136.5,0,0,0,0,1,0,0,0,0,0,0,0,0,0,0,52.82,34,0.344,1,0,0,0,0,0,0,0,0,0,800,800,800,800,1090,1400,73,0.254,26.5,14.3,12.81,0,136.5,0,20,21,12.819,353.28,1,0.645,0.645,0.586,2.578,0.645,0.02,0,,,,85,0,0,0,0,0,0,0,0,0,0,7,0,0,7000,7000,29,252,1401,62,52,81,73,85,44,0,39321,210,151,261,230,236,149,26222,39321
131.581,0,798,21,84,48,14.7,13.47,0.916,1,0,0,0,13,312,2.544,1,20,136.5,0,0,0,0,1,0,0,0,0,0,0,0,0,0,0,52.82,34,0.344,1,0,0,0,0,0,0,0,0,0,800,800,800,800,1090,1400,73,0.254,26.5,14.3,12.81,0,136.5,0,20,21,12.819,353.28,1,0.625,0.625,0.586,2.578,0.645,0.02,0,,,,64,0,0,0,0,0,0,0,0,0,0,7,0,0,7000,7000,29,252,1401,64,52,81,73,85,44,0,39321,210,151,261,230,236,146,26222,39321
131.641,0,791,21,84,48,14.7,13.47,0.916,1,0,0,0,14,312,2.544,1,20,136.5,0,0,0,0,1,0,0,0,0,0,0,0,0,0,0,52.82,34,0.344,1,0,0,0,0,0,0,0,0,0,800,790,800,800,1090,1400,73,0.254,26.5,14.3,12.81,0,136.5,0,20,21,12.819,353.28,1,0.645,0.645,0.586,2.559,0.645,0.02,0,,,,79,0,0,0,0,0,0,0,0,0,0,7,0,0,7000,7000,29,252,1401,64,49,88,79,85,44,0,39321,210,149,261,230,236,146,26222,39321
131.701,0,791,21,84,48,14.7,13.44,0.914,1,0,0,0,14,312,2.544,1,19,136.5,0,0,0,0,1,0,0,0,0,0,0,0,0,0,0,52.82,34,0.344,1,0,0,0,0,0,0,0,0,0,800,790,800,800,1090,1400,73,0.254,26.5,14.3,12.92,0,136.5,0,19,21,12.819,353.28,1,0.645,0.645,0.586,2.559,0.645,0.02,0,,,,42,0,0,0,0,0,0,0,0,0,0,7,0,0,7000,7000,29,252,1401,64,49,88,79,100,42,0,39321,210,149,261,230,239,143,26222,39321
131.761,0,799,21,84,48,14.7,13.44,0.914,1,0,0,0,13,312,2.544,1,20,136.5,0,0,0,0,1,0,0,0,0,0,0,0,0,0,0,52.82,34,0.344,1,0,0,0,0,0,0,0,0,0,800,800,800,800,1090,1400,73,0.254,26.5,14.3,12.81,0,136.5,0,20,21,12.819,353.28,1,0.625,0.625,0.586,2.559,0.645,0.02,0,,,,86,0,0,0,0,0,0,0,0,0,0,7,0,0,7000,7000,29,252,1401,71,59,86,79,100,42,0,39321,210,149,261,230,239,143,26222,39321
131.821,0,801,21,84,48,14.7,13.47,0.916,1,0,0,0,13,312,2.544,1,20,136.5,0,0,0,0,1,0,0,0,0,0,0,0,0,0,0,53.05,34,0.344,1,0,0,0,0,0,0,0,0,0,800,800,800,800,1090,1400,73,0.254,26.5,14.3,12.86,0,136.5,0,20,21,12.819,353.28,1,0.625,0.625,0.586,2.559,0.645,0.02,0,,,,86,0,0,0,0,0,0,0,0,0,0,7,0,0,7000,7000,29,252,1401,71,59,86,78,86,42,0,39321,210,149,261,230,239,143,26222,39321
131.881,0,804,21,84,48,14.7,13.47,0.916,1,0,0,0,13,312,2.544,1,20,136.5,0,0,0,0,1,0,0,0,0,0,0,0,0,0,0,52.82,34,0.344,1,0,0,0,0,0,0,0,0,0,800,800,800,800,1090,1400,73,0.254,26.5,14.3,12.86,0,136.5,0,20,21,12.819,353.28,1,0.625,0.625,0.586,2.559,0.645,0.02,0,,,,62,0,0,0,0,0,0,0,0,0,0,7,0,0,7000,7000,29,252,1401,62,59,86,78,86,45,0,39321,210,149,261,230,239,140,26222,39321
131.941,0,805,21,84,48,14.7,13.47,0.916,1,0,0,0,12.5,312,2.536,1,20,136.67,0,0,0,0,1,0,0,0,0,0,0,0,0,0,0,53.05,34,0.344,1,0,0,0,0,0,0,0,0,0,800,810,800,800,1090,1400,73,0.254,26.5,14.3,12.86,0,136.67,0,20,21,12.892,353.28,1,0.645,0.645,0.586,2.559,0.645,0.02,0,,,,74,0,0,0,0,0,0,0,0,0,0,7,0,0,7000,7000,29,252,1401,62,51,93,74,86,45,0,39321,210,146,261,230,239,140,26222,39321
132.001,0,806,21,84,48,14.7,13.47,0.916,1,0,0,0,12.5,312,2.536,1,20,136.67,0,0,0,0,1,0,0,0,0,0,0,0,0,0,0,52.82,34,0.344,1,0,0,0,0,0,0,0,0,0,800,810,800,800,1090,1400,73,0.254,26.5,14.3,12.81,0,136.67,0,20,21,12.892,353.28,1,0.645,0.645,0.586,2.559,0.645,0.02,0,,,,49,0,0,0,0,0,0,0,0,0,0,7,0,0,7000,7000,29,252,1401,62,51,93,74,93,49,0,39321,210,146,261,230,239,140,26222,39321
132.061,0,803,21,84,48,14.7,13.47,0.916,1,0,0,0,13,312,2.544,1,20,136.5,0,0,0,0,1,0,0,0,0,0,0,0,0,0,0,52.82,34,0.344,1,0,0,0,0,0,0,0,0,0,800,800,800,800,1090,1400,73,0.254,26.5,14.3,12.63,0,136.5,0,20,21,12.819,353.28,1,0.625,0.625,0.586,2.559,0.645,0.02,0,,,,93,0,0,0,0,0,0,0,0,0,0,7,0,0,7000,7000,29,252,1401,68,51,93,74,93,49,0,39321,210,146,261,230,239,140,26222,39321
132.121,0,804,21,84,48,14.7,13.47,0.916,1,0,0,0,13,312,2.544,1,20,136.5,0,0,0,0,1,0,0,0,0,0,0,0,0,0,0,52.82,34,0.344,1,0,0,0,0,0,0,0,0,0,800,800,800,800,1090,1400,73,0.254,26.5,14.3,12.58,0,136.5,0,20,21,12.819,353.28,1,0.645,0.645,0.586,2.539,0.645,0.02,0,,,,95,0,0,0,0,0,0,0,0,0,0,7,0,0,7000,7000,29,252,1401,68,51,93,81,95,49,0,39321,210,146,261,230,239,140,26222,39321
132.181,0,802,21,84,48,14.7,13.47,0.916,1,0,0,0,13,312,2.544,1,20,136.5,0,0,0,0,1,0,0,0,0,0,0,0,0,0,0,52.82,34,0.344,1,0,0,0,0,0,0,0,0,0,800,800,800,800,1090,1400,73,0.254,26.5,14.3,12.58,0,136.5,0,20,21,12.819,353.28,1,0.625,0.625,0.586,2.539,0.645,0.02,0,,,,74,0,0,0,0,0,0,0,0,0,0,7,0,0,7000,7000,29,252,1401,74,51,93,81,95,45,0,39321,210,146,261,230,239,140,26222,39321
132.241,0,798,21,84,48,14.7,13.47,0.916,1,0,0,0,13,312,2.544,1,20,136.5,0,0,0,0,1,0,0,0,0,0,0,0,0,0,0,52.82,34,0.344,1,0,0,0,0,0,0,0,0,0,800,800,800,800,1090,1400,73,0.254,26.5,14.3,12.63,0,136.5,0,20,21,12.819,353.28,1,0.625,0.625,0.586,2.539,0.645,0.02,0,,,,76,0,0,0,0,0,0,0,0,0,0,7,0,0,7000,7000,29,252,1401,74,54,90,76,95,45,0,39321,210,146,261,230,239,140,26222,39321
132.301,0,793,21,84,48,14.7,13.47,0.916,1,0,0,0,14,312,2.544,1,20,136.5,0,0,0,0,1,0,0,0,0,0,0,0,0,0,0,52.82,34,0.344,1,0,0,0,0,0,0,0,0,0,800,790,800,800,1090,1400,73,0.254,26.5,14.3,12.69,0,136.5,0,20,21,12.819,353.28,1,0.645,0.645,0.586,2.539,0.645,0.02,0,,,,37,0,0,0,0,0,0,0,0,0,0,7,0,0,7000,7000,29,252,1401,74,54,90,76,93,37,0,39321,210,146,261,230,239,137,26222,39321
132.361,0,795,21,84,48,14.7,13.47,0.916,1,0,0,0,13,312,2.544,1,20,136.5,0,0,0,0,1,0,0,0,0,0,0,0,0,0,0,52.82,34,0.344,1,0,0,0,0,0,0,0,0,0,800,800,800,800,1090,1400,73,0.254,26.5,14.3,12.81,0,136.5,0,20,21,12.819,353.28,1,0.625,0.625,0.586,2.539,0.645,0.02,0,,,,76,0,0,0,0,0,0,0,0,0,0,7,0,0,7000,7000,29,252,1401,68,52,76,76,93,37,0,39321,210,146,258,230,239,137,26222,39321
132.421,0,798,21,84,48,14.7,13.47,0.916,1,0,0,0,13,312,2.544,1,20,136.83,0,0,0,0,1,0,0,0,0,0,0,0,0,0,0,53.05,34,0.344,1,0,0,0,0,0,0,0,0,0,800,800,800,800,1090,1400,73,0.254,26.5,14.3,12.81,0,136.83,0,20,21,12.819,353.28,1,0.645,0.645,0.586,2.539,0.645,0.02,0,,,,86,0,0,0,0,0,0,0,0,0,0,7,0,0,7000,7000,29,252,1401,68,52,76,74,86,37,0,39321,210,146,258,227,239,137,26222,39321
132.481,0,798,21,84,49,14.7,13.47,0.916,1,0,0,0,13,312,2.544,1,20,136.67,0,0,0,0,1,0,0,0,0,0,0,0,0,0,0,52.82,34,0.344,1,0,0,0,0,0,0,0,0,0,800,800,800,800,1090,1400,74,0.254,26.5,14.3,12.86,0,136.67,0,20,21,12.819,353.28,1,0.625,0.625,0.586,2.539,0.645,0.02,0,,,,73,0,0,0,0,0,0,0,0,0,0,7,0,0,7000,7000,29,252,1401,73,52,76,74,86,42,0,39321,210,146,258,227,239,137,26222,39321
132.541,0,801,21,84,49,14.7,13.47,0.916,1,0,0,0,13,312,2.544,1,20,136.5,0,0,0,0,1,0,0,0,0,0,0,0,0,0,0,52.82,34,0.344,1,0,0,0,0,0,0,0,0,0,800,800,800,800,1090,1400,74,0.254,26.5,14.3,12.81,0,136.5,0,20,21,12.819,353.28,1,0.645,0.645,0.586,2.539,0.645,0.02,0,,,,69,0,0,0,0,0,0,0,0,0,0,7,0,0,7000,7000,29,252,1401,73,51,81,69,86,42,0,39321,210,146,255,225,239,137,26222,39321
132.601,0,800,21,84,49,14.7,13.48,0.917,1,0,0,0,13,312,2.544,1,20,136.5,0,0,0,0,1,0,0,0,0,0,0,0,0,0,0,52.82,34,0.344,1,0,0,0,0,0,0,0,0,0,800,800,800,800,1090,1400,74,0.254,26.5,14.3,12.86,0,136.5,0,20,21,12.819,353.28,1,0.645,0.645,0.586,2.539,0.645,0.02,0,,,,42,0,0,0,0,0,0,0,0,0,0,7,0,0,7000,7000,29,252,1401,73,51,81,69,95,42,0,39321,210,146,255,225,241,137,26222,39321
132.661,0,798,21,84,49,14.7,13.47,0.916,1,0,0,0,13,312,2.544,1,20,136.5,0,0,0,0,1,0,0,0,0,0,0,0,0,0,0,52.82,34,0.344,1,0,0,0,0,0,0,0,0,0,800,800,800,800,1090,1400,74,0.254,26.5,14.3,12.86,0,136.5,0,20,21,12.819,353.28,1,0.625,0.625,0.586,2.539,0.645,0.02,0,,,,85,0,0,0,0,0,0,0,0,0,0,7,0,0,7000,7000,29,252,1401,69,51,85,69,95,42,0,39321,208,146,255,225,241,137,26222,39321
132.721,0,800,21,84,49,14.7,13.48,0.917,1,0,0,0,13,312,2.544,1,20,136.5,0,0,0,0,1,0,0,0,0,0,0,0,0,0,0,52.82,34,0.344,1,0,0,0,0,0,0,0,0,0,800,800,800,800,1090,1400,74,0.254,26.5,14.3,12.75,0,136.5,0,20,21,12.819,353.28,1,0.645,0.645,0.586,2.52,0.645,0.02,0,,,,98,0,0,0,0,0,0,0,0,0,0,7,0,0,7000,7000,29,252,1401,69,51,85,76,98,42,0,39321,208,146,255,222,244,137,26222,39321
132.781,0,801,21,84,49,14.7,13.48,0.917,1,0,0,0,13,312,2.544,1,20,136.5,0,0,0,0,1,0,0,0,0,0,0,0,0,0,0,52.82,34,0.344,1,0,0,0,0,0,0,0,0,0,800,800,800,800,1090,1400,74,0.254,26.5,14.3,12.69,0,136.5,0,20,21,12.819,353.28,1,0.625,0.625,0.586,2.52,0.645,0.02,0,,,,62,0,0,0,0,0,0,0,0,0,0,7,0,0,7000,7000,29,252,1401,62,51,85,76,98,44,0,39321,205,146,255,222,244,137,26222,39321
132.841,0,795,21,84,49,14.7,13.48,0.917,1,0,0,0,13,312,2.544,1,20,136.5,0,0,0,0,1,0,0,0,0,0,0,0,0,0,0,52.82,34,0.344,1,0,0,0,0,0,0,0,0,0,800,800,800,800,1090,1400,74,0.254,26.5,14.3,12.69,0,136.5,0,20,21,12.819,353.28,1,0.645,0.645,0.586,2.52,0.645,0.02,0,,,,73,0,0,0,0,0,0,0,0,0,0,7,0,0,7000,7000,29,252,1401,62,51,90,73,98,44,0,39321,205,146,255,222,244,137,26222,39321
132.901,0,794,21,84,49,14.7,13.48,0.917,1,0,0,0,14,312,2.544,1,20,136.5,0,0,0,0,1,0,0,0,0,0,0,0,0,0,0,52.82,34,0.344,1,0,0,0,0,0,0,0,0,0,800,790,800,800,1090,1400,74,0.254,26.5,14.3,12.69,0,136.5,0,20,21,12.819,353.28,1,0.645,0.645,0.586,2.52,0.645,0.02,0,,,,42,0,0,0,0,0,0,0,0,0,0,7,0,0,7000,7000,29,252,1401,62,51,90,73,95,42,0,39321,205,146,255,222,244,137,26222,39321
132.961,0,790,21,84,49,14.7,13.48,0.917,1,0,0,0,14,312,2.544,1,19,136.5,0,0,0,0,1,0,0,0,0,0,0,0,0,0,0,52.82,34,0.344,1,0,0,0,0,0,0,0,0,0,800,790,800,800,1090,1400,74,0.254,26.5,14.3,12.58,0,136.5,0,19,21,12.819,353.28,1,0.625,0.625,0.586,2.52,0.645,0.02,0,,,,85,0,0,0,0,0,0,0,0,0,0,7,0,0,7000,7000,29,252,1401,68,47,85,73,95,42,0,39321,202,146,255,222,244,137,26222,39321
133.021,0,795,21,84,49,14.7,13.47,0.916,1,0,0,0,13,312,2.544,1,20,136.83,0,0,0,0,1,0,0,0,0,0,0,0,0,0,0,53.05,34,0.344,1,0,0,0,0,0,0,0,0,0,800,800,800,800,1090,1400,74,0.254,26.5,14.3,12.92,0,136.83,0,20,21,12.819,353.28,1,0.625,0.625,0.586,2.52,0.645,0.02,0,,,,76,0,0,0,0,0,0,0,0,0,0,7,0,0,7000,7000,29,252,1401,68,47,85,73,76,42,0,39321,202,146,255,219,244,137,26222,39321
133.081,0,796,21,84,49,14.7,13.47,0.916,1,0,0,0,13,312,2.544,1,20,136.83,0,0,0,0,1,0,0,0,0,0,0,0,0,0,0,53.05,34,0.344,1,0,0,0,0,0,0,0,0,0,800,800,800,800,1090,1400,74,0.254,26.5,14.3,12.86,0,136.83,0,20,21,12.819,353.28,1,0.645,0.645,0.586,2.52,0.645,0.02,0,,,,69,0,0,0,0,0,0,0,0,0,0,7,0,0,7000,7000,29,252,1401,69,47,85,73,76,40,0,39321,202,146,255,219,244,135,26222,39321
133.141,0,793,21,84,49,14.7,13.47,0.916,1,0,0,0,14,312,2.544,1,20,136.83,0,0,0,0,1,0,0,0,0,0,0,0,0,0,0,53.05,34,0.344,1,0,0,0,0,0,0,0,0,0,800,790,800,800,1090,1400,74,0.254,26.5,14.3,12.86,0,136.83,0,20,21,12.819,353.28,1,0.625,0.625,0.586,2.52,0.645,0.02,0,,,,71,0,0,0,0,0,0,0,0,0,0,7,0,0,7000,7000,29,252,1401,69,51,93,71,76,40,0,39321,202,146,255,219,244,135,26222,39321
133.201,0,799,21,84,49,14.7,13.47,0.916,1,0,0,0,13,312,2.552,1,20,137,0,0,0,0,1,0,0,0,0,0,0,0,0,0,0,53.05,34,0.344,1,0,0,0,0,0,0,0,0,0,800,800,800,800,1090,1400,74,0.254,26.5,14.3,12.81,0,137,0,20,21,12.819,353.28,1,0.645,0.645,0.586,2.52,0.645,0.02,0,,,,42,0,0,0,0,0,0,0,0,0,0,7,0,0,7000,7000,29,252,1401,69,51,93,71,85,42,0,39321,202,146,255,219,241,135,26222,39321
133.261,0,800,21,84,49,14.7,13.48,0.917,1,0,0,0,13,312,2.544,1,20,136.67,0,0,0,0,1,0,0,0,0,0,0,0,0,0,0,52.82,34,0.344,1,0,0,0,0,0,0,0,0,0,800,800,800,800,1090,1400,74,0.254,26.5,14.3,12.69,0,136.67,0,20,21,12.819,353.28,1,0.645,0.645,0.586,2.5,0.645,0.02,0,,,,93,0,0,0,0,0,0,0,0,0,0,7,0,0,7000,7000,29,252,1401,71,51,93,71,85,42,0,39321,202,146,255,219,241,135,26222,39321
133.321,0,804,21,84,49,14.7,13.51,0.919,1,0,0,0,13,312,2.544,1,20,136.67,0,0,0,0,1,0,0,0,0,0,0,0,0,0,0,52.82,34,0.344,1,0,0,0,0,0,0,0,0,0,800,800,800,800,1090,1400,74,0.254,26.5,14.3,12.75,0,136.67,0,20,21,12.819,353.28,1,0.625,0.625,0.586,2.5,0.645,0.02,0,,,,86,0,0,0,0,0,0,0,0,0,0,7,0,0,7000,7000,29,252,1401,71,51,93,74,86,42,0,39321,202,146,255,219,241,135,26222,39321
133.381,0,807,21,84,49,14.7,13.51,0.919,1,0,0,0,12.5,312,2.544,1,20,136.67,0,0,0,0,1,0,0,0,0,0,0,0,0,0,0,52.82,34,0.344,1,0,0,0,0,0,0,0,0,0,800,810,800,800,1090,1400,74,0.254,26.5,14.3,12.69,0,136.67,0,20,21,12.819,353.28,1,0.645,0.645,0.586,2.5,0.645,0.02,0,,,,68,0,0,0,0,0,0,0,0,0,0,7,0,0,7000,7000,29,252,1401,68,51,93,74,86,47,0,39321,199,146,255,219,241,135,26222,39321
133.441,0,805,21,84,49,14.7,13.51,0.919,1,0,0,0,12.5,312,2.544,1,20,136.5,0,0,0,0,1,0,0,0,0,0,0,0,0,0,0,52.82,34,0.344,1,0,0,0,0,0,0,0,0,0,800,810,800,800,1090,1400,74,0.254,26.5,14.3,12.69,0,136.5,0,20,21,12.819,353.28,1,0.645,0.645,0.586,2.5,0.645,0.02,0,,,,78,0,0,0,0,0,0,0,0,0,0,7,0,0,7000,7000,29,252,1401,68,51,90,78,86,47,0,39321,199,146,255,219,241,135,26222,39321
133.501,0,804,21,84,49,14.7,13.51,0.919,1,0,0,0,13,312,2.544,1,20,136.5,0,0,0,0,1,0,0,0,0,0,0,0,0,0,0,52.82,34,0.344,1,0,0,0,0,0,0,0,0,0,800,800,800,800,1090,1400,74,0.254,26.5,14.3,12.69,0,136.5,0,20,21,12.819,353.28,1,0.645,0.645,0.586,2.5,0.645,0.02,0,,,,49,0,0,0,0,0,0,0,0,0,0,7,0,0,7000,7000,29,252,1401,68,51,90,78,88,49,0,39321,199,146,255,219,241,137,26222,39321
133.561,0,801,21,84,49,14.7,13.51,0.919,1,0,0,0,13,312,2.544,1,20,136.5,0,0,0,0,1,0,0,0,0,0,0,0,0,0,0,52.82,34,0.344,1,0,0,0,0,0,0,0,0,0,800,800,800,800,1090,1400,74,0.254,26.5,14.3,12.63,0,136.5,0,20,21,12.819,353.28,1,0.625,0.625,0.586,2.5,0.645,0.02,0,,,,83,0,0,0,0,0,0,0,0,0,0,7,0,0,7000,7000,29,252,1401,76,51,83,78,88,49,0,39321,199,146,253,219,241,137,26222,39321
133.621,0,802,21,84,49,14.7,13.51,0.919,1,0,0,0,13,312,2.544,1,20,136.5,0,0,0,0,1,0,0,0,0,0,0,0,0,0,0,52.82,34,0.344,1,0,0,0,0,0,0,0,0,0,800,800,800,800,1090,1400,74,0.254,26.5,14.3,12.75,0,136.5,0,20,21,12.819,353.28,1,0.625,0.625,0.586,2.5,0.645,0.02,0,,,,91,0,0,0,0,0,0,0,0,0,0,7,0,0,7000,7000,29,252,1401,76,51,83,76,91,49,0,39321,199,146,253,219,241,137,26222,39321
133.681,0,799,21,84,49,14.7,13.51,0.919,1,0,0,0,13,312,2.544,1,20,136.5,0,0,0,0,1,0,0,0,0,0,0,0,0,0,0,52.82,34,0.344,1,0,0,0,0,0,0,0,0,0,800,800,800,800,1090,1400,74,0.254,26.5,14.3,12.86,0,136.5,0,20,21,12.819,353.28,1,0.625,0.625,0.586,2.5,0.645,0.02,0,,,,68,0,0,0,0,0,0,0,0,0,0,7,0,0,7000,7000,29,252,1401,68,51,83,76,91,37,0,39321,199,146,253,219,241,137,26222,39321
133.741,0,798,21,84,49,14.7,13.48,0.917,1,0,0,0,13,312,2.544,1,20,136.5,0,0,0,0,1,0,0,0,0,0,0,0,0,0,0,52.82,34,0.344,1,0,0,0,0,0,0,0,0,0,800,800,800,800,1090,1400,74,0.254,26.5,14.3,12.92,0,136.5,0,20,21,12.819,353.28,1,0.645,0.645,0.586,2.5,0.645,0.02,0,,,,74,0,0,0,0,0,0,0,0,0,0,7,0,0,7000,7000,29,252,1401,68,52,79,74,91,37,0,39321,199,146,250,219,241,137,26222,39321
133.801,0,800,21,84,49,14.7,13.48,0.917,1,0,0,0,13,312,2.544,1,20,136.5,0,0,0,0,1,0,0,0,0,0,0,0,0,0,0,52.82,34,0.344,1,0,0,0,0,0,0,0,0,0,800,800,800,800,1090,1400,74,0.254,26.5,14.3,12.92,0,136.5,0,20,21,12.819,353.28,1,0.645,0.645,0.586,2.48,0.645,0.02,0,,,,42,0,0,0,0,0,0,0,0,0,0,7,0,0,7000,7000,29,252,1401,68,52,79,74,71,42,0,39321,199,146,250,219,239,135,26222,39321
133.861,0,802,21,84,49,14.7,13.48,0.917,1,0,0,0,13,312,2.544,1,20,136.5,0,0,0,0,1,0,0,0,0,0,0,0,0,0,0,52.82,34,0.344,1,0,0,0,0,0,0,0,0,0,800,800,800,800,1090,1400,74,0.254,26.5,14.3,12.92,0,136.5,0,20,21,12.819,353.28,1,0.625,0.625,0.586,2.48,0.645,0.02,0,,,,73,0,0,0,0,0,0,0,0,0,0,7,0,0,7000,7000,29,252,1401,66,51,73,74,71,42,0,39321,199,146,247,219,239,135,26222,39321
133.921,0,809,21,84,49,14.7,13.48,0.917,1,0,0,0,12.5,312,2.544,1,20,136.5,0,0,0,0,1,0,0,0,0,0,0,0,0,0,0,52.82,34,0.344,1,0,0,0,0,0,0,0,0,0,800,810,800,800,1090,1400,74,0.254,26.5,14.3,12.98,0,136.5,0,20,21,12.819,353.28,1,0.645,0.645,0.586,2.48,0.645,0.02,0,,,,90,0,0,0,0,0,0,0,0,0,0,7,0,0,7000,7000,29,252,1401,66,51,73,74,90,42,0,39321,199,146,247,219,239,135,26222,39321
133.981,0,811,21,84,49,14.7,13.48,0.917,1,0,0,0,12.5,312,2.544,1,20,136.5,0,0,0,0,1,0,0,0,0,0,0,0,0,0,0,52.6,34,0.344,1,0,0,0,0,0,0,0,0,0,800,810,800,800,1090,1400,74,0.254,26.5,14.3,12.75,0,136.5,0,20,21,12.819,353.28,1,0.625,0.625,0.586,2.48,0.645,0.02,0,,,,74,0,0,0,0,0,0,0,0,0,0,7,0,0,7000,7000,29,252,1401,74,51,73,74,90,47,0,39321,199,146,247,219,239,135,26222,39321
134.041,0,808,21,84,49,14.7,13.48,0.917,1,0,0,0,12.5,312,2.536,1,20,136.17,0,0,0,0,1,0,0,0,0,0,0,0,0,0,0,52.6,34,0.344,1,0,0,0,0,0,0,0,0,0,800,810,800,800,1090,1400,74,0.254,26.5,14.3,12.75,0,136.17,0,20,21,12.819,353.28,1,0.625,0.625,0.586,2.48,0.645,0.02,0,,,,78,0,0,0,0,0,0,0,0,0,0,7,0,0,7000,7000,29,252,1401,74,49,74,78,90,47,0,39321,199,146,244,219,239,135,26222,39321
134.101,0,806,21,84,49,14.7,13.48,0.917,1,0,0,0,12.5,312,2.544,1,20,136.33,0,0,0,0,1,0,0,0,0,0,0,0,0,0,0,52.82,34,0.344,1,0,0,0,0,0,0,0,0,0,800,810,800,800,1090,1400,74,0.254,26.5,14.3,12.75,0,136.33,0,20,21,12.819,353.28,1,0.625,0.625,0.586,2.48,0.645,0.02,0,,,,45,0,0,0,0,0,0,0,0,0,0,7,0,0,7000,7000,29,252,1401,74,49,74,78,100,45,0,39321,199,146,244,219,241,135,26222,39321
134.161,0,805,21,84,49,14.7,13.48,0.917,1,0,0,0,12.5,312,2.536,1,20,136.17,0,0,0,0,1,0,0,0,0,0,0,0,0,0,0,52.6,34,0.344,1,0,0,0,0,0,0,0,0,0,800,810,800,800,1090,1400,74,0.254,26.5,14.3,12.69,0,136.17,0,20,21,12.819,353.28,1,0.625,0.625,0.586,2.48,0.645,0.02,0,,,,95,0,0,0,0,0,0,0,0,0,0,7,0,0,7000,7000,29,252,1401,76,51,95,78,100,45,0,39321,199,146,244,219,241,135,26222,39321
134.221,0,807,21,84,49,14.7,13.47,0.916,1,0,0,0,12.5,312,2.536,1,20,136.17,0,0,0,0,1,0,0,0,0,0,0,0,0,0,0,52.6,34,0.344,1,0,0,0,0,0,0,0,0,0,800,810,800,800,1090,1400,74,0.254,26.5,14.3,12.63,0,136.17,0,20,21,12.819,353.28,1,0.645,0.645,0.586,2.48,0.645,0.02,0,,,,91,0,0,0,0,0,0,0,0,0,0,7,0,0,7000,7000,29,252,1401,76,51,95,76,91,45,0,39321,199,146,244,219,244,135,26222,39321
134.281,0,803,21,84,49,14.7,13.47,0.916,1,0,0,0,13,312,2.536,1,20,136,0,0,0,0,1,0,0,0,0,0,0,0,0,0,0,52.6,34,0.344,1,0,0,0,0,0,0,0,0,0,800,800,800,800,1090,1400,74,0.254,26.5,14.3,12.75,0,136,0,20,21,12.819,353.28,1,0.625,0.625,0.586,2.48,0.645,0.02,0,,,,52,0,0,0,0,0,0,0,0,0,0,7,0,0,7000,7000,29,252,1401,76,52,95,76,91,44,0,39321,202,146,244,219,244,132,26222,39321
134.341,0,800,21,84,49,14.7,13.47,0.916,1,0,0,0,13,312,2.536,1,20,136,0,0,0,0,1,0,0,0,0,0,0,0,0,0,0,52.6,34,0.344,1,0,0,0,0,0,0,0,0,0,800,800,800,800,1090,1400,74,0.254,26.5,14.3,12.69,0,136,0,20,21,12.819,353.28,1,0.625,0.625,0.586,2.48,0.645,0.02,0,,,,73,0,0,0,0,0,0,0,0,0,0,7,0,0,7000,7000,29,252,1401,76,52,105,73,91,44,0,39321,202,146,247,219,244,132,26222,39321
134.401,0,801,21,84,50,14.7,13.44,0.914,1,0,0,0,13,312,2.536,1,20,136,0,0,0,0,1,0,0,0,0,0,0,0,0,0,0,52.6,34,0.344,1,0,0,0,0,0,0,0,0,0,800,800,800,800,1090,1400,74,0.254,26.5,14.3,12.69,0,136,0,20,21,12.819,353.28,1,0.645,0.645,0.586,2.48,0.645,0.02,0,,,,42,0,0,0,0,0,0,0,0,0,0,7,0,0,7000,7000,29,252,1401,76,52,105,73,88,42,0,39321,202,146,247,219,244,129,26222,39321
134.461,0,798,21,84,50,14.7,13.44,0.914,1,0,0,0,13,312,2.536,1,20,136.17,0,0,0,0,1,0,0,0,0,0,0,0,0,0,0,52.82,34,0.344,1,0,0,0,0,0,0,0,0,0,800,800,800,800,1090,1400,74,0.254,26.5,14.3,12.75,0,136.17,0,20,21,12.819,353.28,1,0.625,0.625,0.586,2.461,0.645,0.02,0,,,,95,0,0,0,0,0,0,0,0,0,0,7,0,0,7000,7000,29,252,1401,62,56,95,73,88,42,0,39321,202,146,247,219,244,129,26222,39321
134.521,0,800,21,84,50,14.7,13.44,0.914,1,0,0,0,13,312,2.544,1,20,136.33,0,0,0,0,1,0,0,0,0,0,0,0,0,0,0,52.82,34,0.344,1,0,0,0,0,0,0,0,0,0,800,800,800,800,1090,1400,74,0.254,26.5,14.3,12.75,0,136.33,0,20,21,12.819,353.28,1,0.645,0.645,0.586,2.461,0.645,0.02,0,,,,76,0,0,0,0,0,0,0,0,0,0,7,0,0,7000,7000,29,252,1401,62,56,95,76,76,42,0,39321,202,146,247,219,244,129,26222,39321
134.581,0,804,21,84,50,14.7,13.44,0.914,1,0,0,0,13,312,2.544,1,20,136.5,0,0,0,0,1,0,0,0,0,0,0,0,0,0,0,52.82,34,0.344,1,0,0,0,0,0,0,0,0,0,800,800,800,800,1090,1400,74,0.254,26.5,14.3,12.69,0,136.5,0,20,21,12.819,353.28,1,0.625,0.625,0.586,2.461,0.645,0.02,0,,,,51,0,0,0,0,0,0,0,0,0,0,7,0,0,7000,7000,29,252,1401,68,51,95,76,76,44,0,39321,202,146,247,219,244,126,26222,39321
134.641,0,808,21,84,50,14.7,13.44,0.914,1,0,0,0,12.5,312,2.544,1,20,136.5,0,0,0,0,1,0,0,0,0,0,0,0,0,0,0,52.82,34,0.344,1,0,0,0,0,0,0,0,0,0,800,810,800,800,1090,1400,74,0.254,26.5,14.3,12.52,0,136.5,0,20,21,12.819,353.28,1,0.625,0.625,0.586,2.461,0.645,0.02,0,,,,74,0,0,0,0,0,0,0,0,0,0,7,0,0,7000,7000,29,252,1401,68,51,96,74,76,44,0,39321,202,146,250,216,244,126,26222,39321
134.701,0,806,21,84,50,14.7,13.47,0.916,1,0,0,0,12.5,312,2.544,1,20,136.5,0,0,0,0,1,0,0,0,0,0,0,0,0,0,0,52.82,34,0.344,1,0,0,0,0,0,0,0,0,0,800,810,800,800,1090,1400,74,0.254,26.5,14.3,12.63,0,136.5,0,20,21,12.819,353.28,1,0.625,0.625,0.586,2.461,0.645,0.02,0,,,,49,0,0,0,0,0,0,0,0,0,0,7,0,0,7000,7000,29,252,1401,68,51,96,74,91,49,0,39321,202,146,250,216,247,126,26222,39321
134.761,0,799,21,84,50,14.7,13.47,0.916,1,0,0,0,13,312,2.536,1,20,136.17,0,0,0,0,1,0,0,0,0,0,0,0,0,0,0,52.6,34,0.344,1,0,0,0,0,0,0,0,0,0,800,800,800,800,1090,1400,74,0.254,26.5,14.3,12.69,0,136.17,0,20,21,12.819,353.28,1,0.625,0.625,0.586,2.461,0.645,0.02,0,,,,103,0,0,0,0,0,0,0,0,0,0,7,0,0,7000,7000,29,252,1401,59,47,103,74,91,49,0,39321,199,146,253,216,247,126,26222,39321
134.822,0,800,21,84,50,14.7,13.47,0.916,1,0,0,0,13,312,2.544,1,20,136.33,0,0,0,0,1,0,0,0,0,0,0,0,0,0,0,52.82,34,0.344,1,0,0,0,0,0,0,0,0,0,800,800,800,800,1090,1400,74,0.254,26.5,14.3,12.69,0,136.33,0,20,21,12.819,353.28,1,0.625,0.625,0.586,2.461,0.645,0.02,0,,,,85,0,0,0,0,0,0,0,0,0,0,7,0,0,7000,7000,29,252,1401,59,47,103,85,85,49,0,39321,199,146,253,216,247,126,26222,39321
134.882,0,799,21,84,50,14.7,13.47,0.916,1,0,0,0,13,312,2.544,1,20,136.5,0,0,0,0,1,0,0,0,0,0,0,0,0,0,0,52.82,34,0.344,1,0,0,0,0,0,0,0,0,0,800,800,800,800,1090,1400,74,0.254,26.5,14.3,12.75,0,136.5,0,20,21,12.819,353.28,1,0.625,0.625,0.586,2.461,0.645,0.02,0,,,,51,0,0,0,0,0,0,0,0,0,0,7,0,0,7000,7000,29,252,1401,66,51,103,85,85,45,0,39321,199,146,253,216,247,126,26222,39321
134.941,0,801,21,84,50,14.7,13.44,0.914,1,0,0,0,13,312,2.544,1,20,136.5,0,0,0,0,1,0,0,0,0,0,0,0,0,0,0,52.82,34,0.344,1,0,0,0,0,0,0,0,0,0,800,800,800,800,1090,1400,74,0.254,26.5,14.3,12.92,0,136.5,0,20,21,12.819,353.28,1,0.625,0.625,0.586,2.461,0.645,0.02,0,,,,79,0,0,0,0,0,0,0,0,0,0,7,0,0,7000,7000,29,252,1401,66,51,100,79,85,45,0,39321,199,146,253,216,247,126,26222,39321
135.001,0,802,21,84,50,14.7,13.44,0.914,1,0,0,0,13,312,2.544,1,20,136.5,0,0,0,0,1,0,0,0,0,0,0,0,0,0,0,52.82,34,0.344,1,0,0,0,0,0,0,0,0,0,800,800,800,800,1090,1400,74,0.254,26.5,14.3,12.92,0,136.5,0,20,21,12.819,353.28,1,0.625,0.625,0.586,2.461,0.645,0.02,0,,,,49,0,0,0,0,0,0,0,0,0,0,7,0,0,7000,7000,29,252,1401,66,51,100,79,102,49,0,39321,199,146,253,216,250,126,26222,39321
