Time,THR,RPM,SSM,TWAT,TAIR,AFR,AFR_WBL,AFR_WBL/AFR,COEFF,DGTC_RICH,DGTC_LEAN,DGTC_PRESS,UOZ,FAZ,INJ,InjDC,AIR,GBC,SPD,ErrCnt,Err,fSTOP,fXX,fXXFix,fPOW,fFUELOFF,fDETZONE,fDET,fADS,fLAMREG,fLAM,fLEARN,PXX_ZONE,PRESS,PRESS_RT,KGBC,KGBC_DAD,Marker,fIgnCut,fFlatShift,RawKnock,KnockSPAttnr,KnockSPFilterFreq,KnockSPBaseADC,KnockAttnr,KnockAttnrCorr,RPM40,RPM10,DFRXX,JUFRXX,JFRXX1,JFRXX2,Tchrg,Ktchrg,TBL_UOZ,TBL_AFR,AFR_WBL_A,GBC_MAF,GBC_MAP,AIR_MAF,AIR_MAP,USM,Ubat,DiffFPress,KGTC_DFP,ADCmaf,ADCmap,ADCtwat,ADCtair,ADCtps,ADClam,Gear,ErrEx1,ErrEx2,ErrEx3,Knock,C1Rtrd,C2Rtrd,C3Rtrd,C4Rtrd,C5Rtrd,C6Rtrd,C7Rtrd,C8Rtrd,IWGDC,WGDC,IgnMode,OvercurrCnt,LaunchTime,LaunchRPM,CutOffRPM,CutOffDelta,Noise,ComKnockThld,C1Knock,C2Knock,C3Knock,C4Knock,C5Knock,C6Knock,C7Knock,C8Knock,C1KnockThld,C2KnockThld,C3KnockThld,C4KnockThld,C5KnockThld,C6KnockThld,C7KnockThld,C8KnockThld
0.740,0,790,21,84,57,14.7,13.47,0.916,1,0,0,0,14,312,2.536,1,19,135.5,0,0,0,0,1,0,0,0,0,0,0,0,0,0,0,52.37,34,0.344,1,0,0,0,0,0,0,0,0,0,800,790,800,800,1090,1400,76,0.254,26.5,14.3,12.86,0,135.5,0,19,21,12.745,353.28,1,0.625,0.625,0.586,2.109,0.645,0.02,0,,,,61,0,0,0,0,0,0,0,0,0,0,7,0,0,7000,7000,29,259,1440,74,57,61,83,47,54,0,39321,191,174,154,216,137,171,26222,39321
0.800,0,792,21,84,57,14.7,13.47,0.916,1,0,0,0,14,312,2.536,1,19,135.5,0,0,0,0,1,0,0,0,0,0,0,0,0,0,0,52.6,34,0.344,1,0,0,0,0,0,0,0,0,0,800,790,800,800,1090,1400,76,0.254,26.5,14.3,13.03,0,135.5,0,19,21,12.745,353.28,1,0.645,0.645,0.586,2.109,0.645,0.02,0,,,,45,0,0,0,0,0,0,0,0,0,0,7,0,0,7000,7000,29,259,1440,74,57,61,86,45,54,0,39321,191,174,154,219,137,171,26222,39321
0.860,0,790,21,84,57,14.7,13.44,0.914,1,0,0,0,14,312,2.536,1,19,135.83,0,0,0,0,1,0,0,0,0,0,0,0,0,0,0,52.6,34,0.344,1,0,0,0,0,0,0,0,0,0,800,790,800,800,1090,1400,76,0.254,26.5,14.3,12.98,0,135.83,0,19,21,12.819,353.28,1,0.625,0.625,0.586,2.109,0.645,0.02,0,,,,62,0,0,0,0,0,0,0,0,0,0,7,0,0,7000,7000,29,259,1440,74,62,61,86,45,51,0,39321,191,174,154,219,137,168,26222,39321
0.920,0,787,21,84,57,14.7,13.44,0.914,1,0,0,0,14,312,2.536,1,19,135.83,0,0,0,0,1,0,0,0,0,0,0,0,0,0,0,52.6,34,0.344,1,0,0,0,0,0,0,0,0,0,800,790,800,800,1090,1400,76,0.254,26.5,14.3,13.03,0,135.83,0,19,21,12.819,353.28,1,0.625,0.625,0.586,2.109,0.645,0.02,0,,,,86,0,0,0,0,0,0,0,0,0,0,7,0,0,7000,7000,29,259,1440,74,62,59,86,45,51,0,39321,191,174,157,219,137,168,26222,39321
0.980,0,788,21,84,57,14.7,13.44,0.914,1,0,0,0,14,312,2.536,1,19,136,0,0,0,0,1,0,0,0,0,0,0,0,0,0,0,52.6,34,0.344,1,0,0,0,0,0,0,0,0,0,800,790,800,800,1090,1400,76,0.254,26.5,14.3,13.03,0,136,0,19,21,12.819,353.28,1,0.625,0.625,0.586,2.109,0.645,0.02,0,,,,54,0,0,0,0,0,0,0,0,0,0,7,0,0,7000,7000,29,259,1440,74,62,59,86,45,54,0,39321,191,174,157,219,137,165,26222,39321
1.040,0,786,21,84,57,14.7,13.44,0.914,1,0,0,0,14,312,2.536,1,19,136,0,0,0,0,1,0,0,0,0,0,0,0,0,0,0,52.6,34,0.344,1,0,0,0,0,0,0,0,0,0,800,790,800,800,1090,1400,76,0.254,26.5,14.3,12.98,0,136,0,19,21,12.819,353.28,1,0.625,0.625,0.586,2.109,0.645,0.02,0,,,,62,0,0,0,0,0,0,0,0,0,0,7,0,0,7000,7000,29,259,1440,74,52,62,86,45,54,0,39321,194,171,160,219,137,165,26222,39321
1.100,0,789,21,84,57,14.7,13.47,0.916,1,0,0,0,14,312,2.536,1,19,136,0,0,0,0,1,0,0,0,0,0,0,0,0,0,0,52.6,34,0.344,1,0,0,0,0,0,0,0,0,0,800,790,800,800,1090,1400,76,0.254,26.5,14.3,13.03,0,136,0,19,21,12.819,353.28,1,0.625,0.625,0.586,2.109,0.645,0.02,0,,,,45,0,0,0,0,0,0,0,0,0,0,7,0,0,7000,7000,29,259,1440,74,52,62,71,45,54,0,39321,194,171,160,216,137,165,26222,39321
1.160,0,792,21,84,57,14.7,13.47,0.916,1,0,0,0,14,312,2.536,1,19,136,0,0,0,0,1,0,0,0,0,0,0,0,0,0,0,52.6,34,0.344,1,0,0,0,0,0,0,0,0,0,800,790,800,800,1090,1400,76,0.254,26.5,14.3,12.81,0,136,0,19,21,12.819,353.28,1,0.625,0.625,0.586,2.109,0.645,0.02,0,,,,79,0,0,0,0,0,0,0,0,0,0,7,0,0,7000,7000,29,259,1440,79,52,62,71,45,52,0,39321,196,171,160,216,137,163,26222,39321
1.220,0,787,21,84,57,14.7,13.48,0.917,1,0,0,0,14,312,2.536,1,19,136,0,0,0,0,1,0,0,0,0,0,0,0,0,0,0,52.6,34,0.344,1,0,0,0,0,0,0,0,0,0,800,790,800,800,1090,1400,76,0.254,26.5,14.3,12.75,0,136,0,19,21,12.819,353.28,1,0.625,0.625,0.586,2.109,0.645,0.02,0,,,,68,0,0,0,0,0,0,0,0,0,0,7,0,0,7000,7000,29,259,1440,79,69,62,68,45,52,0,39321,196,174,160,213,137,163,26222,39321
1.280,0,783,21,84,57,14.7,13.48,0.917,1,0,0,0,15,312,2.544,1,19,136.17,0,0,0,0,1,0,0,0,0,0,0,0,0,0,0,52.82,34,0.344,1,0,0,0,0,0,0,0,0,0,800,780,800,800,1090,1400,76,0.254,26.5,14.3,12.86,0,136.17,0,19,21,12.745,353.28,1,0.625,0.625,0.586,2.109,0.645,0.02,0,,,,45,0,0,0,0,0,0,0,0,0,0,7,0,0,7000,7000,29,259,1440,79,69,62,68,40,45,0,39321,196,174,160,213,137,160,26222,39321
1.340,0,783,21,84,57,14.7,13.51,0.919,1,0,0,0,15,312,2.552,1,19,136.33,0,0,0,0,1,0,0,0,0,0,0,0,0,0,0,52.82,34,0.344,1,0,0,0,0,0,0,0,0,0,800,780,800,800,1090,1400,76,0.254,26.5,14.3,12.81,0,136.33,0,19,21,12.745,353.28,1,0.625,0.625,0.586,2.109,0.645,0.02,0,,,,49,0,0,0,0,0,0,0,0,0,0,7,0,0,7000,7000,29,259,1440,76,49,62,68,40,45,0,39321,196,174,160,213,137,160,26222,39321
1.400,0,782,21,84,57,14.7,13.51,0.919,1,0,0,0,15,312,2.552,1,19,136.33,0,0,0,0,1,0,0,0,0,0,0,0,0,0,0,52.82,34,0.344,1,0,0,0,0,0,0,0,0,0,800,780,800,800,1090,1400,76,0.254,26.5,14.3,12.81,0,136.33,0,19,21,12.745,353.28,1,0.625,0.625,0.586,2.109,0.645,0.02,0,,,,45,0,0,0,0,0,0,0,0,0,0,7,0,0,7000,7000,29,259,1440,76,49,59,73,45,45,0,39321,196,174,160,210,137,160,26222,39321
1.460,0,785,21,84,57,14.7,13.51,0.919,1,0,0,0,14,312,2.552,1,19,136.5,0,0,0,0,1,0,0,0,0,0,0,0,0,0,0,52.82,34,0.344,1,0,0,0,0,0,0,0,0,0,800,790,800,800,1090,1400,76,0.254,26.5,14.3,13.15,0,136.5,0,19,21,12.745,353.28,1,0.645,0.645,0.586,2.109,0.645,0.02,0,,,,79,0,0,0,0,0,0,0,0,0,0,7,0,0,7000,7000,29,259,1440,79,49,59,73,45,52,0,39321,196,174,160,210,137,160,26222,39321
1.520,0,781,21,84,57,14.7,13.51,0.919,1,0,0,0,15,312,2.552,1,19,136.5,0,0,0,0,1,0,0,0,0,0,0,0,0,0,0,52.82,34,0.344,1,0,0,0,0,0,0,0,0,0,800,780,800,800,1090,1400,76,0.254,26.5,14.3,12.92,0,136.5,0,19,21,12.745,353.28,1,0.645,0.645,0.586,2.109,0.645,0.02,0,,,,64,0,0,0,0,0,0,0,0,0,0,7,0,0,7000,7000,29,259,1440,79,62,64,73,45,52,0,39321,196,174,163,210,137,160,26222,39321
1.580,0,784,21,84,57,14.7,13.54,0.921,1,0,0,0,15,312,2.544,1,19,136.5,0,0,0,0,1,0,0,0,0,0,0,0,0,0,0,52.82,34,0.344,1,0,0,0,0,0,0,0,0,0,800,780,800,800,1090,1400,76,0.254,26.5,14.3,12.98,0,136.5,0,19,21,12.819,353.28,1,0.625,0.625,0.586,2.109,0.645,0.02,0,,,,51,0,0,0,0,0,0,0,0,0,0,7,0,0,7000,7000,29,259,1440,79,62,64,83,40,51,0,39321,196,174,163,210,137,157,26222,39321
1.640,0,788,21,84,57,14.7,13.54,0.921,1,0,0,0,14,312,2.544,1,19,136.5,0,0,0,0,1,0,0,0,0,0,0,0,0,0,0,52.82,34,0.344,1,0,0,0,0,0,0,0,0,0,800,790,800,800,1090,1400,76,0.254,26.5,14.3,13.03,0,136.5,0,19,21,12.819,353.28,1,0.645,0.645,0.586,2.109,0.645,0.02,0,,,,66,0,0,0,0,0,0,0,0,0,0,7,0,0,7000,7000,29,259,1440,83,66,64,83,40,51,0,39321,199,177,163,210,137,157,26222,39321
1.700,0,792,21,84,57,14.7,13.54,0.921,1,0,0,0,14,312,2.544,1,19,136.5,0,0,0,0,1,0,0,0,0,0,0,0,0,0,0,52.82,34,0.344,1,0,0,0,0,0,0,0,0,0,800,790,800,800,1090,1400,76,0.254,26.5,14.3,13.15,0,136.5,0,19,21,12.819,353.28,1,0.625,0.625,0.586,2.109,0.645,0.02,0,,,,56,0,0,0,0,0,0,0,0,0,0,7,0,0,7000,7000,29,259,1440,83,66,59,83,56,51,0,39321,199,177,163,210,140,157,26222,39321
1.760,0,795,21,84,57,14.7,13.57,0.923,1,0,0,0,13,312,2.544,1,20,136.5,0,0,0,0,1,0,0,0,0,0,0,0,0,0,0,52.82,34,0.344,1,0,0,0,0,0,0,0,0,0,800,800,800,800,1090,1400,76,0.254,26.5,14.3,13.09,0,136.5,0,20,21,12.819,353.28,1,0.625,0.625,0.586,2.109,0.645,0.02,0,,,,74,0,0,0,0,0,0,0,0,0,0,7,0,0,7000,7000,29,259,1440,74,66,59,83,56,51,0,39321,199,177,163,210,140,154,26222,39321
1.818,0,790,21,84,57,14.7,13.57,0.923,1,0,0,0,14,312,2.544,1,19,136.5,0,0,0,0,1,0,0,0,0,0,0,0,0,0,0,52.82,34,0.344,1,0,0,0,0,0,0,0,0,0,800,790,800,800,1090,1400,76,0.254,26.5,14.3,12.92,0,136.5,0,19,21,12.819,353.28,1,0.645,0.645,0.586,2.109,0.645,0.02,0,,,,68,0,0,0,0,0,0,0,0,0,0,7,0,0,7000,7000,29,259,1440,74,61,68,83,56,51,0,39321,199,177,165,210,140,154,26222,39321
1.878,0,786,21,84,57,14.7,13.57,0.923,1,0,0,0,14,312,2.544,1,19,136.5,0,0,0,0,1,0,0,0,0,0,0,0,0,0,0,52.82,34,0.344,1,0,0,0,0,0,0,0,0,0,800,790,800,800,1090,1400,76,0.254,26.5,14.3,12.98,0,136.5,0,19,21,12.819,353.28,1,0.625,0.625,0.586,2.109,0.645,0.02,0,,,,42,0,0,0,0,0,0,0,0,0,0,7,0,0,7000,7000,29,259,1440,74,61,68,78,52,42,0,39321,199,177,165,210,140,151,26222,39321
1.937,0,790,21,84,57,14.7,13.57,0.923,1,0,0,0,14,312,2.552,1,19,136.5,0,0,0,0,1,0,0,0,0,0,0,0,0,0,0,52.82,34,0.344,1,0,0,0,0,0,0,0,0,0,800,790,800,800,1090,1400,76,0.254,26.5,14.3,12.98,0,136.5,0,19,21,12.745,353.28,1,0.645,0.645,0.586,2.109,0.645,0.02,0,,,,54,0,0,0,0,0,0,0,0,0,0,7,0,0,7000,7000,29,259,1440,83,54,68,78,52,42,0,39321,202,177,165,210,140,151,26222,39321
1.997,0,792,21,84,57,14.7,13.57,0.923,1,0,0,0,14,312,2.552,1,19,136.5,0,0,0,0,1,0,0,0,0,0,0,0,0,0,0,52.82,34,0.344,1,0,0,0,0,0,0,0,0,0,800,790,800,800,1090,1400,76,0.254,26.5,14.3,13.03,0,136.5,0,19,21,12.745,353.28,1,0.645,0.645,0.586,2.109,0.645,0.02,0,,,,74,0,0,0,0,0,0,0,0,0,0,7,0,0,7000,7000,29,259,1440,83,54,61,74,52,42,0,39321,202,177,165,210,140,151,26222,39321
2.057,0,793,21,84,57,14.7,13.57,0.923,1,0,0,0,14,312,2.552,1,19,136.5,0,0,0,0,1,0,0,0,0,0,0,0,0,0,0,52.82,34,0.344,1,0,0,0,0,0,0,0,0,0,800,790,800,800,1090,1400,76,0.254,26.5,14.3,12.92,0,136.5,0,19,21,12.745,353.28,1,0.625,0.625,0.586,2.109,0.645,0.02,0,,,,71,0,0,0,0,0,0,0,0,0,0,7,0,0,7000,7000,29,259,1440,71,54,61,74,47,51,0,39321,202,177,165,210,137,151,26222,39321
2.116,0,791,21,84,57,14.7,13.54,0.921,1,0,0,0,14,312,2.552,1,19,136.5,0,0,0,0,1,0,0,0,0,0,0,0,0,0,0,52.82,34,0.344,1,0,0,0,0,0,0,0,0,0,800,790,800,800,1090,1400,76,0.254,26.5,14.3,13.09,0,136.5,0,19,21,12.745,353.28,1,0.625,0.625,0.586,2.109,0.645,0.02,0,,,,66,0,0,0,0,0,0,0,0,0,0,7,0,0,7000,7000,29,259,1440,71,61,66,74,47,51,0,39321,202,177,168,210,137,151,26222,39321
2.176,0,797,21,84,57,14.7,13.54,0.921,1,0,0,0,13,312,2.552,1,20,136.33,0,0,0,0,1,0,0,0,0,0,0,0,0,0,0,52.6,34,0.344,1,0,0,0,0,0,0,0,0,0,800,800,800,800,1090,1400,76,0.254,26.5,14.3,13.09,0,136.33,0,20,21,12.745,353.28,1,0.625,0.625,0.586,2.109,0.645,0.02,0,,,,45,0,0,0,0,0,0,0,0,0,0,7,0,0,7000,7000,29,259,1440,71,61,66,85,54,45,0,39321,202,177,168,210,137,151,26222,39321
2.236,0,798,21,84,57,14.7,13.48,0.917,1,0,0,0,13,312,2.544,1,20,136.17,0,0,0,0,1,0,0,0,0,0,0,0,0,0,0,52.6,34,0.344,1,0,0,0,0,0,0,0,0,0,800,800,800,800,1090,1400,76,0.254,26.5,14.3,13.03,0,136.17,0,20,21,12.819,353.28,1,0.625,0.625,0.586,2.109,0.645,0.02,0,,,,69,0,0,0,0,0,0,0,0,0,0,7,0,0,7000,7000,29,259,1440,83,69,66,85,54,45,0,39321,205,177,168,210,137,151,26222,39321
2.296,0,793,21,84,57,14.7,13.51,0.919,1,0,0,0,14,312,2.536,1,19,136,0,0,0,0,1,0,0,0,0,0,0,0,0,0,0,52.6,34,0.344,1,0,0,0,0,0,0,0,0,0,800,790,800,800,1090,1400,76,0.254,26.5,14.3,12.98,0,136,0,19,21,12.819,353.28,1,0.645,0.645,0.586,2.109,0.645,0.02,0,,,,81,0,0,0,0,0,0,0,0,0,0,7,0,0,7000,7000,29,259,1440,83,69,62,81,54,45,0,39321,205,177,168,210,137,151,26222,39321
2.355,0,792,21,84,57,14.7,13.51,0.919,1,0,0,0,14,312,2.536,1,19,136,0,0,0,0,1,0,0,0,0,0,0,0,0,0,0,52.6,34,0.344,1,0,0,0,0,0,0,0,0,0,800,790,800,800,1090,1400,76,0.254,26.5,14.3,12.98,0,136,0,19,21,12.819,353.28,1,0.625,0.625,0.586,2.109,0.645,0.02,0,,,,79,0,0,0,0,0,0,0,0,0,0,7,0,0,7000,7000,29,259,1440,79,69,62,81,51,45,0,39321,205,177,168,210,140,149,26222,39321
2.415,0,791,21,84,57,14.7,13.54,0.921,1,0,0,0,14,312,2.536,1,19,136,0,0,0,0,1,0,0,0,0,0,0,0,0,0,0,52.6,34,0.344,1,0,0,0,0,0,0,0,0,0,800,790,800,800,1090,1400,76,0.254,26.5,14.3,12.98,0,136,0,19,21,12.819,353.28,1,0.645,0.645,0.586,2.109,0.645,0.02,0,,,,59,0,0,0,0,0,0,0,0,0,0,7,0,0,7000,7000,29,259,1440,79,64,59,81,51,45,0,39321,205,177,168,210,140,149,26222,39321
2.475,0,794,21,84,57,14.7,13.54,0.921,1,0,0,0,14,312,2.536,1,19,136,0,0,0,0,1,0,0,0,0,0,0,0,0,0,0,52.6,34,0.344,1,0,0,0,0,0,0,0,0,0,800,790,800,800,1090,1400,76,0.254,26.5,14.3,12.75,0,136,0,19,21,12.819,353.28,1,0.625,0.625,0.586,2.109,0.645,0.02,0,,,,51,0,0,0,0,0,0,0,0,0,0,7,0,0,7000,7000,29,259,1440,79,64,59,79,54,51,0,39321,205,177,168,213,140,149,26222,39321
2.535,0,795,21,84,57,14.7,13.54,0.921,1,0,0,0,13,312,2.536,1,19,136,0,0,0,0,1,0,0,0,0,0,0,0,0,0,0,52.6,34,0.344,1,0,0,0,0,0,0,0,0,0,800,800,800,800,1090,1400,76,0.254,26.5,14.3,12.75,0,136,0,19,21,12.745,353.28,1,0.625,0.625,0.586,2.109,0.645,0.02,0,,,,54,0,0,0,0,0,0,0,0,0,0,7,0,0,7000,7000,29,259,1440,74,54,59,79,54,51,0,39321,205,174,168,213,140,149,26222,39321
2.595,0,793,21,84,57,14.7,13.54,0.921,1,0,0,0,14,312,2.544,1,19,136,0,0,0,0,1,0,0,0,0,0,0,0,0,0,0,52.6,34,0.344,1,0,0,0,0,0,0,0,0,0,800,790,800,800,1090,1400,76,0.254,26.5,14.3,12.81,0,136,0,19,21,12.745,353.28,1,0.625,0.625,0.586,2.109,0.645,0.02,0,,,,76,0,0,0,0,0,0,0,0,0,0,7,0,0,7000,7000,29,259,1440,74,54,54,76,54,51,0,39321,205,174,168,213,140,149,26222,39321
2.655,0,791,21,84,57,14.7,13.54,0.921,1,0,0,0,14,312,2.544,1,19,136,0,0,0,0,1,0,0,0,0,0,0,0,0,0,0,52.6,34,0.344,1,0,0,0,0,0,0,0,0,0,800,790,800,800,1090,1400,76,0.254,26.5,14.3,12.81,0,136,0,19,21,12.745,353.28,1,0.625,0.625,0.586,2.109,0.645,0.02,0,,,,78,0,0,0,0,0,0,0,0,0,0,7,0,0,7000,7000,29,259,1440,78,54,54,76,45,49,0,39321,208,174,168,213,140,146,26222,39321
2.715,0,789,21,84,57,14.7,13.54,0.921,1,0,0,0,14,312,2.544,1,19,136,0,0,0,0,1,0,0,0,0,0,0,0,0,0,0,52.6,34,0.344,1,0,0,0,0,0,0,0,0,0,800,790,800,800,1090,1400,76,0.254,26.5,14.3,12.86,0,136,0,19,21,12.745,353.28,1,0.625,0.625,0.586,2.109,0.645,0.02,0,,,,68,0,0,0,0,0,0,0,0,0,0,7,0,0,7000,7000,29,259,1440,78,68,68,76,45,49,0,39321,208,174,171,213,140,146,26222,39321
2.775,0,793,21,84,57,14.7,13.54,0.921,1,0,0,0,14,312,2.544,1,19,136,0,0,0,0,1,0,0,0,0,0,0,0,0,0,0,52.6,34,0.344,1,0,0,0,0,0,0,0,0,0,800,790,800,800,1090,1400,76,0.254,26.5,14.3,13.03,0,136,0,19,21,12.745,353.28,1,0.645,0.645,0.586,2.109,0.645,0.02,0,,,,51,0,0,0,0,0,0,0,0,0,0,7,0,0,7000,7000,29,259,1440,78,68,68,73,51,49,0,39321,208,174,171,210,140,146,26222,39321
2.835,0,792,21,84,57,14.7,13.54,0.921,1,0,0,0,14,312,2.536,1,19,136,0,0,0,0,1,0,0,0,0,0,0,0,0,0,0,52.6,34,0.344,1,0,0,0,0,0,0,0,0,0,800,790,800,800,1090,1400,76,0.254,26.5,14.3,13.09,0,136,0,19,21,12.819,353.28,1,0.625,0.625,0.586,2.109,0.645,0.02,0,,,,66,0,0,0,0,0,0,0,0,0,0,7,0,0,7000,7000,29,259,1440,81,66,68,73,51,45,0,39321,208,177,171,210,140,146,26222,39321
2.896,0,792,21,84,57,14.7,13.51,0.919,1,0,0,0,14,312,2.536,1,19,136,0,0,0,0,1,0,0,0,0,0,0,0,0,0,0,52.6,34,0.344,1,0,0,0,0,0,0,0,0,0,800,790,800,800,1090,1400,76,0.254,26.5,14.3,12.98,0,136,0,19,21,12.819,353.28,1,0.645,0.645,0.586,2.109,0.645,0.02,0,,,,74,0,0,0,0,0,0,0,0,0,0,7,0,0,7000,7000,29,259,1440,81,66,71,74,51,45,0,39321,208,177,171,210,140,146,26222,39321
2.956,0,795,21,84,57,14.7,13.51,0.919,1,0,0,0,13,312,2.536,1,19,136,0,0,0,0,1,0,0,0,0,0,0,0,0,0,0,52.6,34,0.344,1,0,0,0,0,0,0,0,0,0,800,800,800,800,1090,1400,76,0.254,26.5,14.3,13.09,0,136,0,19,21,12.819,353.28,1,0.625,0.625,0.586,2.109,0.645,0.02,0,,,,79,0,0,0,0,0,0,0,0,0,0,7,0,0,7000,7000,29,259,1440,79,66,71,74,56,45,0,39321,208,177,171,210,143,143,26222,39321
3.016,0,790,21,84,57,14.7,13.54,0.921,1,0,0,0,14,312,2.536,1,19,136,0,0,0,0,1,0,0,0,0,0,0,0,0,0,0,52.6,34,0.344,1,0,0,0,0,0,0,0,0,0,800,790,800,800,1090,1400,76,0.254,26.5,14.3,13.15,0,136,0,19,21,12.819,353.28,1,0.625,0.625,0.586,2.109,0.645,0.02,0,,,,62,0,0,0,0,0,0,0,0,0,0,7,0,0,7000,7000,29,259,1440,79,64,62,74,56,45,0,39321,208,180,171,210,143,143,26222,39321
3.076,0,790,21,84,57,14.7,13.54,0.921,1,0,0,0,14,312,2.536,1,19,136,0,0,0,0,1,0,0,0,0,0,0,0,0,0,0,52.6,34,0.344,1,0,0,0,0,0,0,0,0,0,800,790,800,800,1090,1400,76,0.254,26.5,14.3,13.15,0,136,0,19,21,12.819,353.28,1,0.625,0.625,0.586,2.109,0.645,0.02,0,,,,44,0,0,0,0,0,0,0,0,0,0,7,0,0,7000,7000,29,259,1440,79,64,62,83,44,45,0,39321,208,180,171,210,143,143,26222,39321
3.136,0,790,21,84,57,14.7,13.54,0.921,1,0,0,0,14,312,2.536,1,19,136,0,0,0,0,1,0,0,0,0,0,0,0,0,0,0,52.6,34,0.344,1,0,0,0,0,0,0,0,0,0,800,790,800,800,1090,1400,76,0.254,26.5,14.3,12.86,0,136,0,19,21,12.819,353.28,1,0.625,0.625,0.586,2.109,0.645,0.02,0,,,,57,0,0,0,0,0,0,0,0,0,0,7,0,0,7000,7000,29,259,1440,91,57,62,83,44,49,0,39321,210,177,171,210,143,143,26222,39321
3.196,0,781,21,84,57,14.7,13.57,0.923,1,0,0,0,15,312,2.536,1,19,136,0,0,0,0,1,0,0,0,0,0,0,0,0,0,0,52.6,34,0.344,1,0,0,0,0,0,0,0,0,0,800,780,800,800,1090,1400,76,0.254,26.5,14.3,12.92,0,136,0,19,21,12.745,353.28,1,0.625,0.625,0.586,2.109,0.645,0.02,0,,,,78,0,0,0,0,0,0,0,0,0,0,7,0,0,7000,7000,29,259,1440,91,57,64,78,44,49,0,39321,210,177,171,213,143,143,26222,39321
3.256,0,782,21,84,57,14.7,13.57,0.923,1,0,0,0,15,312,2.552,1,19,136.33,0,0,0,0,1,0,0,0,0,0,0,0,0,0,0,52.82,34,0.344,1,0,0,0,0,0,0,0,0,0,800,780,800,800,1090,1400,76,0.254,26.5,14.3,13.03,0,136.33,0,19,21,12.745,353.28,1,0.645,0.645,0.586,2.109,0.645,0.02,0,,,,51,0,0,0,0,0,0,0,0,0,0,7,0,0,7000,7000,29,259,1440,91,57,64,78,49,51,0,39321,210,177,171,213,140,143,26222,39321
3.316,0,778,21,84,57,14.7,13.54,0.921,1,0,0,0,15,312,2.552,1,19,136.33,0,0,0,0,1,0,0,0,0,0,0,0,0,0,0,52.82,34,0.344,1,0,0,0,0,0,0,0,0,0,760,780,800,800,1090,1400,76,0.254,26,14.3,12.98,0,136.33,0,19,21,12.745,353.28,1,0.645,0.645,0.586,2.109,0.645,0.02,0,,,,56,0,0,0,0,0,0,0,0,0,0,7,0,0,7000,7000,29,259,1440,86,57,56,78,49,51,0,39321,213,177,168,213,140,143,26222,39321
3.376,0,781,21,84,57,14.7,13.54,0.921,1,0,0,0,15,312,2.552,1,19,136.5,0,0,0,0,1,0,0,0,0,0,0,0,0,0,0,52.82,34,0.344,1,0,0,0,0,0,0,0,0,0,800,780,800,800,1090,1400,76,0.254,26.5,14.3,12.98,0,136.5,0,19,21,12.745,353.28,1,0.645,0.645,0.586,2.109,0.645,0.02,0,,,,62,0,0,0,0,0,0,0,0,0,0,7,0,0,7000,7000,29,259,1440,86,57,56,70,62,51,0,39321,213,177,168,213,143,143,26222,39321
3.436,0,787,21,84,57,14.7,13.54,0.921,1,0,0,0,14,312,2.552,1,19,136.5,0,0,0,0,1,0,0,0,0,0,0,0,0,0,0,52.82,34,0.344,1,0,0,0,0,0,0,0,0,0,800,790,800,800,1090,1400,76,0.254,26.5,14.3,13.09,0,136.5,0,19,21,12.819,353.28,1,0.625,0.625,0.586,2.109,0.645,0.02,0,,,,83,0,0,0,0,0,0,0,0,0,0,7,0,0,7000,7000,29,259,1440,83,57,56,70,62,47,0,39321,213,177,168,213,143,143,26222,39321
3.496,0,781,21,84,57,14.7,13.54,0.921,1,0,0,0,15,312,2.544,1,19,136.5,0,0,0,0,1,0,0,0,0,0,0,0,0,0,0,52.82,34,0.344,1,0,0,0,0,0,0,0,0,0,800,780,800,800,1090,1400,76,0.254,26.5,14.3,13.03,0,136.5,0,19,21,12.819,353.28,1,0.625,0.625,0.586,2.109,0.645,0.02,0,,,,78,0,0,0,0,0,0,0,0,0,0,7,0,0,7000,7000,29,259,1440,83,64,73,78,62,47,0,39321,213,177,171,213,143,143,26222,39321
3.556,0,784,21,84,57,14.7,13.54,0.921,1,0,0,0,15,312,2.544,1,19,136.5,0,0,0,0,1,0,0,0,0,0,0,0,0,0,0,52.82,34,0.344,1,0,0,0,0,0,0,0,0,0,800,780,800,800,1090,1400,76,0.254,26.5,14.3,13.03,0,136.5,0,19,21,12.819,353.28,1,0.625,0.625,0.586,2.109,0.645,0.02,0,,,,42,0,0,0,0,0,0,0,0,0,0,7,0,0,7000,7000,29,259,1440,83,64,73,78,49,42,0,39321,213,177,171,213,143,140,26222,39321
3.616,0,781,21,84,57,14.7,13.54,0.921,1,0,0,0,15,312,2.544,1,19,136.5,0,0,0,0,1,0,0,0,0,0,0,0,0,0,0,52.82,34,0.344,1,0,0,0,0,0,0,0,0,0,800,780,800,800,1090,1400,76,0.254,26.5,14.3,13.03,0,136.5,0,19,21,12.819,353.28,1,0.625,0.625,0.586,2.109,0.645,0.02,0,,,,66,0,0,0,0,0,0,0,0,0,0,7,0,0,7000,7000,29,259,1440,79,66,73,78,49,42,0,39321,213,180,171,213,143,140,26222,39321
3.676,0,783,21,84,57,14.7,13.54,0.921,1,0,0,0,15,312,2.544,1,19,136.5,0,0,0,0,1,0,0,0,0,0,0,0,0,0,0,52.82,34,0.344,1,0,0,0,0,0,0,0,0,0,800,780,800,800,1090,1400,76,0.254,26.5,14.3,12.98,0,136.5,0,19,21,12.819,353.28,1,0.625,0.625,0.586,2.109,0.645,0.02,0,,,,47,0,0,0,0,0,0,0,0,0,0,7,0,0,7000,7000,29,259,1440,79,66,73,74,47,42,0,39321,213,180,171,213,143,140,26222,39321
3.736,0,790,21,84,57,14.7,13.54,0.921,1,0,0,0,14,312,2.544,1,19,136.5,0,0,0,0,1,0,0,0,0,0,0,0,0,0,0,52.82,34,0.344,1,0,0,0,0,0,0,0,0,0,800,790,800,800,1090,1400,76,0.254,26.5,14.3,12.86,0,136.5,0,19,21,12.819,353.28,1,0.645,0.645,0.586,2.109,0.645,0.02,0,,,,91,0,0,0,0,0,0,0,0,0,0,7,0,0,7000,7000,29,259,1440,91,66,73,74,47,51,0,39321,216,180,171,213,143,140,26222,39321
3.796,0,791,21,84,57,14.7,13.54,0.921,1,0,0,0,14,312,2.544,1,19,136.5,0,0,0,0,1,0,0,0,0,0,0,0,0,0,0,52.82,34,0.344,1,0,0,0,0,0,0,0,0,0,800,790,800,800,1090,1400,76,0.254,26.5,14.3,12.86,0,136.5,0,19,21,12.819,353.28,1,0.625,0.625,0.586,2.109,0.645,0.02,0,,,,74,0,0,0,0,0,0,0,0,0,0,7,0,0,7000,7000,29,259,1440,91,64,66,74,47,51,0,39321,216,180,171,213,143,140,26222,39321
3.856,0,789,21,84,57,14.7,13.57,0.923,1,0,0,0,14,312,2.544,1,19,136.5,0,0,0,0,1,0,0,0,0,0,0,0,0,0,0,52.82,34,0.344,1,0,0,0,0,0,0,0,0,0,800,790,800,800,1090,1400,76,0.254,26.5,14.3,12.86,0,136.5,0,19,21,12.819,353.28,1,0.625,0.625,0.586,2.109,0.645,0.02,0,,,,47,0,0,0,0,0,0,0,0,0,0,7,0,0,7000,7000,29,259,1440,91,64,66,74,39,47,0,39321,216,180,171,213,140,140,26222,39321
3.916,0,790,21,84,57,14.7,13.57,0.923,1,0,0,0,14,312,2.544,1,19,136.5,0,0,0,0,1,0,0,0,0,0,0,0,0,0,0,52.82,34,0.344,1,0,0,0,0,0,0,0,0,0,800,790,800,800,1090,1400,76,0.254,26.5,14.3,12.98,0,136.5,0,19,21,12.819,353.28,1,0.625,0.625,0.586,2.109,0.645,0.02,0,,,,66,0,0,0,0,0,0,0,0,0,0,7,0,0,7000,7000,29,259,1440,90,66,66,74,39,47,0,39321,219,180,171,213,140,140,26222,39321
3.976,0,783,21,84,57,14.7,13.57,0.923,1,0,0,0,15,312,2.552,1,19,136.5,0,0,0,0,1,0,0,0,0,0,0,0,0,0,0,52.82,34,0.344,1,0,0,0,0,0,0,0,0,0,800,780,800,800,1090,1400,76,0.254,26.5,14.3,13.03,0,136.5,0,19,21,12.745,353.28,1,0.625,0.625,0.586,2.109,0.645,0.02,0,,,,44,0,0,0,0,0,0,0,0,0,0,7,0,0,7000,7000,29,259,1440,90,66,74,74,44,47,0,39321,219,180,174,213,140,140,26222,39321
4.036,0,786,21,84,57,14.7,13.57,0.923,1,0,0,0,14,312,2.552,1,19,136.5,0,0,0,0,1,0,0,0,0,0,0,0,0,0,0,52.82,34,0.344,1,0,0,0,0,0,0,0,0,0,800,790,800,800,1090,1400,76,0.254,26.5,14.3,13.03,0,136.5,0,19,21,12.745,353.28,1,0.625,0.625,0.586,2.109,0.645,0.02,0,,,,90,0,0,0,0,0,0,0,0,0,0,7,0,0,7000,7000,29,259,1440,90,66,74,74,44,51,0,39321,219,180,174,213,140,140,26222,39321
4.096,0,784,21,84,57,14.7,13.57,0.923,1,0,0,0,15,312,2.552,1,19,136.5,0,0,0,0,1,0,0,0,0,0,0,0,0,0,0,52.82,34,0.344,1,0,0,0,0,0,0,0,0,0,800,780,800,800,1090,1400,76,0.254,26.5,14.3,13.09,0,136.5,0,19,21,12.819,353.28,1,0.645,0.645,0.586,2.109,0.645,0.02,0,,,,69,0,0,0,0,0,0,0,0,0,0,7,0,0,7000,7000,29,259,1440,90,68,69,74,44,51,0,39321,219,182,174,213,140,140,26222,39321
4.156,0,786,21,84,57,14.7,13.57,0.923,1,0,0,0,14,312,2.544,1,19,136.5,0,0,0,0,1,0,0,0,0,0,0,0,0,0,0,52.82,34,0.344,1,0,0,0,0,0,0,0,0,0,800,790,800,800,1090,1400,76,0.254,26.5,14.3,13.21,0,136.5,0,19,21,12.819,353.28,1,0.625,0.625,0.586,2.109,0.645,0.02,0,,,,45,0,0,0,0,0,0,0,0,0,0,7,0,0,7000,7000,29,259,1440,90,68,69,66,40,45,0,39321,219,182,174,210,140,137,26222,39321
4.216,0,788,21,84,57,14.7,13.57,0.923,1,0,0,0,14,312,2.544,1,19,136.5,0,0,0,0,1,0,0,0,0,0,0,0,0,0,0,52.82,34,0.344,1,0,0,0,0,0,0,0,0,0,800,790,800,800,1090,1400,76,0.254,26.5,14.3,13.15,0,136.5,0,19,21,12.819,353.28,1,0.625,0.625,0.586,2.109,0.645,0.02,0,,,,69,0,0,0,0,0,0,0,0,0,0,7,0,0,7000,7000,29,259,1440,85,69,69,66,40,45,0,39321,222,182,174,210,140,137,26222,39321
4.276,0,789,21,84,57,14.7,13.57,0.923,1,0,0,0,14,312,2.544,1,19,136.5,0,0,0,0,1,0,0,0,0,0,0,0,0,0,0,52.82,34,0.344,1,0,0,0,0,0,0,0,0,0,800,790,800,800,1090,1400,76,0.254,26.5,14.3,13.15,0,136.5,0,19,21,12.819,353.28,1,0.645,0.645,0.586,2.109,0.645,0.02,0,,,,66,0,0,0,0,0,0,0,0,0,0,7,0,0,7000,7000,29,259,1440,85,69,69,66,40,45,0,39321,222,182,177,208,140,137,26222,39321
4.336,0,791,21,84,57,14.7,13.57,0.923,1,0,0,0,14,312,2.544,1,19,136.5,0,0,0,0,1,0,0,0,0,0,0,0,0,0,0,52.82,34,0.344,1,0,0,0,0,0,0,0,0,0,800,790,800,800,1090,1400,76,0.254,26.5,14.3,13.15,0,136.5,0,19,21,12.819,353.28,1,0.625,0.625,0.586,2.109,0.645,0.02,0,,,,74,0,0,0,0,0,0,0,0,0,0,7,0,0,7000,7000,29,259,1440,74,69,69,66,40,51,0,39321,219,182,177,208,137,140,26222,39321
4.396,0,790,21,84,57,14.7,13.57,0.923,1,0,0,0,14,312,2.544,1,19,136.5,0,0,0,0,1,0,0,0,0,0,0,0,0,0,0,52.82,34,0.344,1,0,0,0,0,0,0,0,0,0,800,790,800,800,1090,1400,76,0.254,26.5,14.3,12.98,0,136.5,0,19,21,12.819,353.28,1,0.645,0.645,0.586,2.109,0.645,0.02,0,,,,71,0,0,0,0,0,0,0,0,0,0,7,0,0,7000,7000,29,259,1440,74,57,71,66,40,51,0,39321,219,182,177,208,137,140,26222,39321
4.456,0,787,21,84,57,14.7,13.57,0.923,1,0,0,0,14,312,2.544,1,19,136.5,0,0,0,0,1,0,0,0,0,0,0,0,0,0,0,52.82,34,0.344,1,0,0,0,0,0,0,0,0,0,800,790,800,800,1090,1400,76,0.254,26.5,14.3,12.92,0,136.5,0,19,21,12.819,353.28,1,0.625,0.625,0.586,2.109,0.645,0.02,0,,,,45,0,0,0,0,0,0,0,0,0,0,7,0,0,7000,7000,29,259,1440,74,57,71,73,56,45,0,39321,219,182,177,208,140,137,26222,39321
4.516,0,788,21,84,57,14.7,13.57,0.923,1,0,0,0,14,312,2.544,1,19,136.5,0,0,0,0,1,0,0,0,0,0,0,0,0,0,0,52.82,34,0.344,1,0,0,0,0,0,0,0,0,0,800,790,800,800,1090,1400,76,0.254,26.5,14.3,12.98,0,136.5,0,19,21,12.819,353.28,1,0.625,0.625,0.586,2.109,0.645,0.02,0,,,,74,0,0,0,0,0,0,0,0,0,0,7,0,0,7000,7000,29,259,1440,93,74,71,73,56,45,0,39321,222,185,177,208,140,137,26222,39321
4.576,0,781,21,84,57,14.7,13.57,0.923,1,0,0,0,15,312,2.552,1,19,136.5,0,0,0,0,1,0,0,0,0,0,0,0,0,0,0,52.82,34,0.344,1,0,0,0,0,0,0,0,0,0,800,780,800,800,1090,1400,76,0.254,26.5,14.3,12.92,0,136.5,0,19,21,12.745,353.28,1,0.645,0.645,0.586,2.109,0.645,0.02,0,,,,74,0,0,0,0,0,0,0,0,0,0,7,0,0,7000,7000,29,259,1440,93,74,64,74,56,45,0,39321,222,185,177,208,140,137,26222,39321
4.636,0,782,21,84,57,14.7,13.57,0.923,1,0,0,0,15,312,2.552,1,19,136.5,0,0,0,0,1,0,0,0,0,0,0,0,0,0,0,52.82,34,0.344,1,0,0,0,0,0,0,0,0,0,800,780,800,800,1090,1400,76,0.254,26.5,14.3,12.86,0,136.5,0,19,21,12.745,353.28,1,0.625,0.625,0.586,2.109,0.645,0.02,0,,,,86,0,0,0,0,0,0,0,0,0,0,7,0,0,7000,7000,29,259,1440,86,74,64,74,54,47,0,39321,222,185,177,208,140,137,26222,39321
4.696,0,782,21,84,57,14.7,13.57,0.923,1,0,0,0,15,312,2.552,1,19,136.5,0,0,0,0,1,0,0,0,0,0,0,0,0,0,0,52.82,34,0.344,1,0,0,0,0,0,0,0,0,0,800,780,800,800,1090,1400,76,0.254,26.5,14.3,12.98,0,136.5,0,19,21,12.745,353.28,1,0.625,0.625,0.586,2.109,0.645,0.02,0,,,,66,0,0,0,0,0,0,0,0,0,0,7,0,0,7000,7000,29,259,1440,86,68,66,74,54,47,0,39321,222,188,177,208,140,137,26222,39321
4.756,0,784,21,84,57,14.7,13.57,0.923,1,0,0,0,15,312,2.552,1,19,136.5,0,0,0,0,1,0,0,0,0,0,0,0,0,0,0,52.82,34,0.344,1,0,0,0,0,0,0,0,0,0,800,780,800,800,1090,1400,76,0.254,26.5,14.3,13.03,0,136.5,0,19,21,12.819,353.28,1,0.625,0.625,0.586,2.109,0.645,0.02,0,,,,42,0,0,0,0,0,0,0,0,0,0,7,0,0,7000,7000,29,259,1440,86,68,66,73,42,47,0,39321,222,188,177,208,137,137,26222,39321
4.816,0,792,21,84,57,14.7,13.57,0.923,1,0,0,0,14,312,2.544,1,19,136.5,0,0,0,0,1,0,0,0,0,0,0,0,0,0,0,52.82,34,0.344,1,0,0,0,0,0,0,0,0,0,800,790,800,800,1090,1400,76,0.254,26.5,14.3,13.03,0,136.5,0,19,21,12.819,353.28,1,0.625,0.625,0.586,2.109,0.645,0.02,0,,,,68,0,0,0,0,0,0,0,0,0,0,7,0,0,7000,7000,29,259,1440,86,68,66,73,42,54,0,39321,225,188,177,208,137,137,26222,39321
4.876,0,789,21,84,57,14.7,13.57,0.923,1,0,0,0,14,312,2.544,1,19,136.5,0,0,0,0,1,0,0,0,0,0,0,0,0,0,0,52.82,34,0.344,1,0,0,0,0,0,0,0,0,0,800,790,800,800,1090,1400,76,0.254,26.5,14.3,13.03,0,136.5,0,19,21,12.819,353.28,1,0.625,0.625,0.586,2.109,0.645,0.02,0,,,,78,0,0,0,0,0,0,0,0,0,0,7,0,0,7000,7000,29,259,1440,86,68,68,78,42,54,0,39321,225,188,177,210,137,137,26222,39321
4.936,0,790,21,84,57,14.7,13.57,0.923,1,0,0,0,14,312,2.544,1,19,136.5,0,0,0,0,1,0,0,0,0,0,0,0,0,0,0,52.82,34,0.344,1,0,0,0,0,0,0,0,0,0,800,790,800,800,1090,1400,76,0.254,26.5,14.3,13.03,0,136.5,0,19,21,12.819,353.28,1,0.645,0.645,0.586,2.109,0.645,0.02,0,,,,51,0,0,0,0,0,0,0,0,0,0,7,0,0,7000,7000,29,259,1440,86,68,68,78,45,51,0,39321,225,188,177,210,135,137,26222,39321
4.996,0,789,21,84,57,14.7,13.57,0.923,1,0,0,0,14,312,2.544,1,19,136.5,0,0,0,0,1,0,0,0,0,0,0,0,0,0,0,52.82,34,0.344,1,0,0,0,0,0,0,0,0,0,800,790,800,800,1090,1400,76,0.254,26.5,14.3,13.09,0,136.5,0,19,21,12.819,353.28,1,0.625,0.625,0.586,2.109,0.645,0.02,0,,,,74,0,0,0,0,0,0,0,0,0,0,7,0,0,7000,7000,29,259,1440,86,69,74,78,45,51,0,39321,227,188,180,210,135,137,26222,39321
5.056,0,788,21,84,57,14.7,13.57,0.923,1,0,0,0,14,312,2.544,1,19,136.5,0,0,0,0,1,0,0,0,0,0,0,0,0,0,0,52.82,34,0.344,1,0,0,0,0,0,0,0,0,0,800,790,800,800,1090,1400,76,0.254,26.5,14.3,12.92,0,136.5,0,19,21,12.819,353.28,1,0.645,0.645,0.586,2.109,0.645,0.02,0,,,,39,0,0,0,0,0,0,0,0,0,0,7,0,0,7000,7000,29,259,1440,86,69,74,69,39,51,0,39321,227,188,180,208,135,137,26222,39321
5.116,0,789,21,84,57,14.7,13.57,0.923,1,0,0,0,14,312,2.544,1,19,136.5,0,0,0,0,1,0,0,0,0,0,0,0,0,0,0,52.82,34,0.344,1,0,0,0,0,0,0,0,0,0,800,790,800,800,1090,1400,76,0.254,26.5,14.3,12.86,0,136.5,0,19,21,12.819,353.28,1,0.625,0.625,0.586,2.109,0.645,0.02,0,,,,88,0,0,0,0,0,0,0,0,0,0,7,0,0,7000,7000,29,259,1440,88,69,74,69,39,49,0,39321,227,188,180,208,135,137,26222,39321
5.176,0,787,21,84,57,14.7,13.57,0.923,1,0,0,0,14,312,2.552,1,19,136.5,0,0,0,0,1,0,0,0,0,0,0,0,0,0,0,52.82,34,0.344,1,0,0,0,0,0,0,0,0,0,800,790,800,800,1090,1400,76,0.254,26.5,14.3,13.03,0,136.5,0,19,21,12.745,353.28,1,0.625,0.625,0.586,2.109,0.645,0.02,0,,,,78,0,0,0,0,0,0,0,0,0,0,7,0,0,7000,7000,29,259,1440,88,59,57,78,39,49,0,39321,227,188,177,208,135,137,26222,39321
5.236,0,785,21,84,57,14.7,13.57,0.923,1,0,0,0,14,312,2.552,1,19,136.5,0,0,0,0,1,0,0,0,0,0,0,0,0,0,0,52.82,34,0.344,1,0,0,0,0,0,0,0,0,0,800,790,800,800,1090,1400,76,0.254,26.5,14.3,13.03,0,136.5,0,19,21,12.745,353.28,1,0.645,0.645,0.586,2.109,0.645,0.02,0,,,,52,0,0,0,0,0,0,0,0,0,0,7,0,0,7000,7000,29,259,1440,88,59,57,78,57,52,0,39321,227,188,177,208,137,137,26222,39321
5.296,0,783,21,84,57,14.7,13.57,0.923,1,0,0,0,15,312,2.552,1,19,136.5,0,0,0,0,1,0,0,0,0,0,0,0,0,0,0,52.82,34,0.344,1,0,0,0,0,0,0,0,0,0,800,780,800,800,1090,1400,76,0.254,26.5,14.3,13.03,0,136.5,0,19,21,12.745,353.28,1,0.625,0.625,0.586,2.109,0.645,0.02,0,,,,68,0,0,0,0,0,0,0,0,0,0,7,0,0,7000,7000,29,259,1440,85,62,68,78,57,52,0,39321,227,188,177,208,137,137,26222,39321
5.356,0,780,21,84,57,14.7,13.57,0.923,1,0,0,0,15,312,2.552,1,19,136.5,0,0,0,0,1,0,0,0,0,0,0,0,0,0,0,52.82,34,0.344,1,0,0,0,0,0,0,0,0,0,800,780,800,800,1090,1400,76,0.254,26.5,14.3,13.21,0,136.5,0,19,21,12.745,353.28,1,0.625,0.625,0.586,2.109,0.645,0.02,0,,,,51,0,0,0,0,0,0,0,0,0,0,7,0,0,7000,7000,29,259,1440,85,62,68,73,51,52,0,39321,227,188,177,208,137,137,26222,39321
5.416,0,790,21,84,57,14.7,13.57,0.923,1,0,0,0,14,312,2.552,1,19,136.5,0,0,0,0,1,0,0,0,0,0,0,0,0,0,0,52.82,34,0.344,1,0,0,0,0,0,0,0,0,0,800,790,800,800,1090,1400,76,0.254,26.5,14.3,13.21,0,136.5,0,19,21,12.745,353.28,1,0.645,0.645,0.586,2.109,0.645,0.02,0,,,,74,0,0,0,0,0,0,0,0,0,0,7,0,0,7000,7000,29,259,1440,74,62,68,73,51,52,0,39321,225,188,177,208,137,140,26222,39321
5.476,0,791,21,84,57,14.7,13.54,0.921,1,0,0,0,14,312,2.552,1,19,136.5,0,0,0,0,1,0,0,0,0,0,0,0,0,0,0,52.82,34,0.344,1,0,0,0,0,0,0,0,0,0,800,790,800,800,1090,1400,76,0.254,26.5,14.3,13.15,0,136.5,0,19,21,12.819,353.28,1,0.645,0.645,0.586,2.109,0.645,0.02,0,,,,74,0,0,0,0,0,0,0,0,0,0,7,0,0,7000,7000,29,259,1440,74,62,66,74,51,52,0,39321,225,188,177,208,137,140,26222,39321
5.536,0,795,21,84,57,14.7,13.54,0.921,1,0,0,0,13,312,2.544,1,20,136.5,0,0,0,0,1,0,0,0,0,0,0,0,0,0,0,52.82,34,0.344,1,0,0,0,0,0,0,0,0,0,800,800,800,800,1090,1400,76,0.254,26.5,14.3,13.09,0,136.5,0,20,21,12.819,353.28,1,0.625,0.625,0.586,2.109,0.645,0.02,0,,,,52,0,0,0,0,0,0,0,0,0,0,7,0,0,7000,7000,29,259,1440,74,62,66,74,52,52,0,39321,225,188,177,208,137,140,26222,39321
5.596,0,796,21,84,57,14.7,13.54,0.921,1,0,0,0,13,312,2.536,1,20,136.17,0,0,0,0,1,0,0,0,0,0,0,0,0,0,0,52.6,34,0.344,1,0,0,0,0,0,0,0,0,0,800,800,800,800,1090,1400,76,0.254,26.5,14.3,13.09,0,136.17,0,20,21,12.819,353.28,1,0.625,0.625,0.586,2.109,0.645,0.02,0,,,,73,0,0,0,0,0,0,0,0,0,0,7,0,0,7000,7000,29,259,1440,83,73,66,74,52,52,0,39321,227,188,177,208,137,140,26222,39321
5.656,0,798,21,84,57,14.7,13.54,0.921,1,0,0,0,13,312,2.536,1,20,136.17,0,0,0,0,1,0,0,0,0,0,0,0,0,0,0,52.6,34,0.344,1,0,0,0,0,0,0,0,0,0,800,800,800,800,1090,1400,76,0.254,26.5,14.3,13.03,0,136.17,0,20,21,12.819,353.28,1,0.625,0.625,0.586,2.109,0.645,0.02,0,,,,45,0,0,0,0,0,0,0,0,0,0,7,0,0,7000,7000,29,259,1440,83,73,59,78,45,52,0,39321,227,188,177,208,137,140,26222,39321
5.716,0,795,21,84,57,14.7,13.54,0.921,1,0,0,0,13,312,2.536,1,20,136,0,0,0,0,1,0,0,0,0,0,0,0,0,0,0,52.6,34,0.344,1,0,0,0,0,0,0,0,0,0,800,800,800,800,1090,1400,76,0.254,26.5,14.3,12.81,0,136,0,20,21,12.819,353.28,1,0.625,0.625,0.586,2.109,0.645,0.02,0,,,,86,0,0,0,0,0,0,0,0,0,0,7,0,0,7000,7000,29,259,1440,86,73,59,78,45,51,0,39321,227,188,177,208,137,140,26222,39321
5.776,0,792,21,84,57,14.7,13.54,0.921,1,0,0,0,14,312,2.536,1,19,136,0,0,0,0,1,0,0,0,0,0,0,0,0,0,0,52.6,34,0.344,1,0,0,0,0,0,0,0,0,0,800,790,800,800,1090,1400,76,0.254,26.5,14.3,12.81,0,136,0,19,21,12.819,353.28,1,0.625,0.625,0.586,2.109,0.645,0.02,0,,,,66,0,0,0,0,0,0,0,0,0,0,7,0,0,7000,7000,29,259,1440,86,71,71,66,45,51,0,39321,227,188,180,205,137,140,26222,39321
5.836,0,796,21,84,57,14.7,13.54,0.921,1,0,0,0,13,312,2.544,1,19,136,0,0,0,0,1,0,0,0,0,0,0,0,0,0,0,52.6,34,0.344,1,0,0,0,0,0,0,0,0,0,800,800,800,800,1090,1400,76,0.254,26.5,14.3,12.86,0,136,0,19,21,12.745,353.28,1,0.625,0.625,0.586,2.109,0.645,0.02,0,,,,51,0,0,0,0,0,0,0,0,0,0,7,0,0,7000,7000,29,259,1440,86,71,71,66,57,51,0,39321,227,188,180,205,140,140,26222,39321
5.896,0,793,21,84,57,14.7,13.54,0.921,1,0,0,0,14,312,2.544,1,20,136,0,0,0,0,1,0,0,0,0,0,0,0,0,0,0,52.6,34,0.344,1,0,0,0,0,0,0,0,0,0,800,790,800,800,1090,1400,76,0.254,26.5,14.3,12.81,0,136,0,20,21,12.745,353.28,1,0.645,0.645,0.586,2.109,0.645,0.02,0,,,,66,0,0,0,0,0,0,0,0,0,0,7,0,0,7000,7000,29,259,1440,79,66,71,66,57,51,0,39321,227,188,180,205,140,140,26222,39321
5.956,0,788,21,84,57,14.7,13.54,0.921,1,0,0,0,14,312,2.544,1,19,136,0,0,0,0,1,0,0,0,0,0,0,0,0,0,0,52.6,34,0.344,1,0,0,0,0,0,0,0,0,0,800,790,800,800,1090,1400,76,0.254,26.5,14.3,12.86,0,136,0,19,21,12.745,353.28,1,0.625,0.625,0.586,2.109,0.645,0.02,0,,,,51,0,0,0,0,0,0,0,0,0,0,7,0,0,7000,7000,29,259,1440,79,66,69,69,51,51,0,39321,227,188,180,205,140,140,26222,39321
6.016,0,786,21,84,57,14.7,13.54,0.921,1,0,0,0,14,312,2.544,1,19,136,0,0,0,0,1,0,0,0,0,0,0,0,0,0,0,52.6,34,0.344,1,0,0,0,0,0,0,0,0,0,800,790,800,800,1090,1400,76,0.254,26.5,14.3,12.92,0,136,0,19,21,12.745,353.28,1,0.645,0.645,0.586,2.109,0.645,0.02,0,,,,78,0,0,0,0,0,0,0,0,0,0,7,0,0,7000,7000,29,259,1440,78,66,69,69,51,49,0,39321,227,188,180,205,140,140,26222,39321
6.076,0,785,21,84,57,14.7,13.54,0.921,1,0,0,0,14,312,2.544,1,19,136,0,0,0,0,1,0,0,0,0,0,0,0,0,0,0,52.6,34,0.344,1,0,0,0,0,0,0,0,0,0,800,790,800,800,1090,1400,76,0.254,26.5,14.3,13.09,0,136,0,19,21,12.819,353.28,1,0.625,0.625,0.586,2.109,0.645,0.02,0,,,,54,0,0,0,0,0,0,0,0,0,0,7,0,0,7000,7000,29,259,1440,78,64,54,69,51,49,0,39321,227,185,180,205,140,140,26222,39321
6.136,0,790,21,84,57,14.7,13.54,0.921,1,0,0,0,14,312,2.536,1,19,136,0,0,0,0,1,0,0,0,0,0,0,0,0,0,0,52.6,34,0.344,1,0,0,0,0,0,0,0,0,0,800,790,800,800,1090,1400,76,0.254,26.5,14.3,12.98,0,136,0,19,21,12.819,353.28,1,0.625,0.625,0.586,2.109,0.645,0.02,0,,,,54,0,0,0,0,0,0,0,0,0,0,7,0,0,7000,7000,29,259,1440,78,64,54,73,40,54,0,39321,227,185,180,205,137,140,26222,39321
6.196,0,795,21,84,57,14.7,13.54,0.921,1,0,0,0,13,312,2.536,1,19,136,0,0,0,0,1,0,0,0,0,0,0,0,0,0,0,52.6,34,0.344,1,0,0,0,0,0,0,0,0,0,800,800,800,800,1090,1400,76,0.254,26.5,14.3,13.15,0,136,0,19,21,12.819,353.28,1,0.645,0.645,0.586,2.109,0.645,0.02,0,,,,69,0,0,0,0,0,0,0,0,0,0,7,0,0,7000,7000,29,259,1440,88,69,54,73,40,54,0,39321,230,185,180,205,137,140,26222,39321
6.256,0,798,21,84,57,14.7,13.54,0.921,1,0,0,0,13,312,2.536,1,20,136,0,0,0,0,1,0,0,0,0,0,0,0,0,0,0,52.6,34,0.344,1,0,0,0,0,0,0,0,0,0,800,800,800,800,1090,1400,76,0.254,26.5,14.3,13.09,0,136,0,20,21,12.819,353.28,1,0.625,0.625,0.586,2.109,0.645,0.02,0,,,,45,0,0,0,0,0,0,0,0,0,0,7,0,0,7000,7000,29,259,1440,88,69,64,73,45,54,0,39321,230,185,180,205,137,140,26222,39321
6.316,0,799,21,84,57,14.7,13.57,0.923,1,0,0,0,13,312,2.536,1,20,136,0,0,0,0,1,0,0,0,0,0,0,0,0,0,0,52.6,34,0.344,1,0,0,0,0,0,0,0,0,0,800,800,800,800,1090,1400,76,0.254,26.5,14.3,13.09,0,136,0,20,21,12.819,353.28,1,0.625,0.625,0.586,2.109,0.645,0.02,0,,,,79,0,0,0,0,0,0,0,0,0,0,7,0,0,7000,7000,29,259,1440,79,69,64,73,45,51,0,39321,230,185,180,205,137,140,26222,39321
6.376,0,792,21,84,57,14.7,13.54,0.921,1,0,0,0,14,312,2.536,1,19,136,0,0,0,0,1,0,0,0,0,0,0,0,0,0,0,52.6,34,0.344,1,0,0,0,0,0,0,0,0,0,800,790,800,800,1090,1400,76,0.254,26.5,14.3,12.98,0,136,0,19,21,12.819,353.28,1,0.625,0.625,0.586,2.109,0.645,0.02,0,,,,51,0,0,0,0,0,0,0,0,0,0,7,0,0,7000,7000,29,259,1440,79,74,51,73,45,51,0,39321,230,185,177,205,137,140,26222,39321
6.436,0,785,21,84,57,14.7,13.54,0.921,1,0,0,0,14,312,2.544,1,19,136,0,0,0,0,1,0,0,0,0,0,0,0,0,0,0,52.6,34,0.344,1,0,0,0,0,0,0,0,0,0,800,790,800,800,1090,1400,76,0.254,26.5,14.3,12.98,0,136,0,19,21,12.745,353.28,1,0.625,0.625,0.586,2.109,0.645,0.02,0,,,,47,0,0,0,0,0,0,0,0,0,0,7,0,0,7000,7000,29,259,1440,79,74,51,66,52,47,0,39321,230,185,177,205,137,140,26222,39321
6.496,0,787,21,84,57,14.7,13.54,0.921,1,0,0,0,14,312,2.544,1,19,136,0,0,0,0,1,0,0,0,0,0,0,0,0,0,0,52.6,34,0.344,1,0,0,0,0,0,0,0,0,0,800,790,800,800,1090,1400,76,0.254,26.5,14.3,12.98,0,136,0,19,21,12.745,353.28,1,0.625,0.625,0.586,2.109,0.645,0.02,0,,,,64,0,0,0,0,0,0,0,0,0,0,7,0,0,7000,7000,29,259,1440,74,64,51,66,52,47,0,39321,227,185,177,205,137,140,26222,39321
6.556,0,788,21,84,57,14.7,13.54,0.921,1,0,0,0,14,312,2.544,1,19,136,0,0,0,0,1,0,0,0,0,0,0,0,0,0,0,52.6,34,0.344,1,0,0,0,0,0,0,0,0,0,800,790,800,800,1090,1400,76,0.254,26.5,14.3,12.98,0,136,0,19,21,12.745,353.28,1,0.625,0.625,0.586,2.109,0.645,0.02,0,,,,69,0,0,0,0,0,0,0,0,0,0,7,0,0,7000,7000,29,259,1440,74,64,51,69,52,47,0,39321,227,185,177,202,137,140,26222,39321
6.616,0,787,21,84,57,14.7,13.54,0.921,1,0,0,0,14,312,2.544,1,19,136.17,0,0,0,0,1,0,0,0,0,0,0,0,0,0,0,52.6,34,0.344,1,0,0,0,0,0,0,0,0,0,800,790,800,800,1090,1400,76,0.254,26.5,14.3,12.81,0,136.17,0,19,21,12.745,353.28,1,0.625,0.625,0.586,2.109,0.645,0.02,0,,,,83,0,0,0,0,0,0,0,0,0,0,7,0,0,7000,7000,29,259,1440,83,64,51,69,45,42,0,39321,227,185,177,202,137,140,26222,39321
6.676,0,780,21,84,57,14.7,13.57,0.923,1,0,0,0,15,312,2.552,1,19,136.33,0,0,0,0,1,0,0,0,0,0,0,0,0,0,0,52.82,34,0.344,1,0,0,0,0,0,0,0,0,0,800,780,800,800,1090,1400,76,0.254,26.5,14.3,13.15,0,136.33,0,19,21,12.745,353.28,1,0.645,0.645,0.586,2.109,0.645,0.02,0,,,,57,0,0,0,0,0,0,0,0,0,0,7,0,0,7000,7000,29,259,1440,83,64,57,69,45,42,0,39321,227,185,174,202,137,140,26222,39321
6.736,0,780,21,84,58,14.7,13.57,0.923,1,0,0,0,15,312,2.552,1,19,136.5,0,0,0,0,1,0,0,0,0,0,0,0,0,0,0,52.82,34,0.344,1,0,0,0,0,0,0,0,0,0,800,780,800,800,1090,1400,76,0.25,26.5,14.3,13.09,0,136.5,0,19,21,12.745,353.28,1,0.625,0.625,0.586,2.09,0.645,0.02,0,,,,36,0,0,0,0,0,0,0,0,0,0,7,0,0,7000,7000,29,259,1440,83,64,57,71,36,42,0,39321,227,185,174,202,135,140,26222,39321
6.796,0,785,21,84,58,14.7,13.57,0.923,1,0,0,0,14,312,2.544,1,19,136.5,0,0,0,0,1,0,0,0,0,0,0,0,0,0,0,52.82,34,0.344,1,0,0,0,0,0,0,0,0,0,800,790,800,800,1090,1400,76,0.254,26.5,14.3,13.09,0,136.5,0,19,21,12.819,353.28,1,0.625,0.625,0.586,2.09,0.645,0.02,0,,,,71,0,0,0,0,0,0,0,0,0,0,7,0,0,7000,7000,29,259,1440,88,71,57,71,36,40,0,39321,227,185,174,202,135,140,26222,39321
6.855,0,781,21,84,58,14.7,13.57,0.923,1,0,0,0,15,312,2.544,1,19,136.5,0,0,0,0,1,0,0,0,0,0,0,0,0,0,0,52.82,34,0.344,1,0,0,0,0,0,0,0,0,0,800,780,800,800,1090,1400,76,0.254,26.5,14.3,12.98,0,136.5,0,19,21,12.819,353.28,1,0.645,0.645,0.586,2.09,0.645,0.02,0,,,,69,0,0,0,0,0,0,0,0,0,0,7,0,0,7000,7000,29,259,1440,88,71,57,69,36,40,0,39321,227,185,174,202,135,140,26222,39321
6.915,0,783,21,84,58,14.7,13.57,0.923,1,0,0,0,15,312,2.544,1,19,136.5,0,0,0,0,1,0,0,0,0,0,0,0,0,0,0,52.82,34,0.344,1,0,0,0,0,0,0,0,0,0,800,780,800,800,1090,1400,76,0.254,26.5,14.3,12.92,0,136.5,0,19,21,12.819,353.28,1,0.625,0.625,0.586,2.109,0.645,0.02,0,,,,79,0,0,0,0,0,0,0,0,0,0,7,0,0,7000,7000,29,259,1440,79,71,57,69,39,45,0,39321,227,185,174,202,132,140,26222,39321
6.975,0,788,21,84,58,14.7,13.57,0.923,1,0,0,0,14,312,2.544,1,19,136.5,0,0,0,0,1,0,0,0,0,0,0,0,0,0,0,52.82,34,0.344,1,0,0,0,0,0,0,0,0,0,800,790,800,800,1090,1400,76,0.254,26.5,14.3,12.81,0,136.5,0,19,21,12.819,353.28,1,0.625,0.625,0.586,2.09,0.645,0.02,0,,,,61,0,0,0,0,0,0,0,0,0,0,7,0,0,7000,7000,29,259,1440,79,64,61,69,39,45,0,39321,227,185,174,202,132,140,26222,39321
7.035,0,787,21,84,58,14.7,13.57,0.923,1,0,0,0,14,312,2.544,1,19,136.5,0,0,0,0,1,0,0,0,0,0,0,0,0,0,0,52.82,34,0.344,1,0,0,0,0,0,0,0,0,0,800,790,800,800,1090,1400,76,0.254,26.5,14.3,12.81,0,136.5,0,19,21,12.745,353.28,1,0.645,0.645,0.586,2.09,0.645,0.02,0,,,,45,0,0,0,0,0,0,0,0,0,0,7,0,0,7000,7000,29,259,1440,79,64,61,81,45,45,0,39321,227,185,174,202,132,140,26222,39321
7.095,0,788,21,84,58,14.7,13.57,0.923,1,0,0,0,14,312,2.552,1,19,136.5,0,0,0,0,1,0,0,0,0,0,0,0,0,0,0,52.82,34,0.344,1,0,0,0,0,0,0,0,0,0,800,790,800,800,1090,1400,76,0.254,26.5,14.3,12.81,0,136.5,0,19,21,12.745,353.28,1,0.625,0.625,0.586,2.09,0.645,0.02,0,,,,64,0,0,0,0,0,0,0,0,0,0,7,0,0,7000,7000,29,259,1440,83,64,61,81,45,47,0,39321,227,185,174,202,132,140,26222,39321
7.156,0,785,21,84,58,14.7,13.54,0.921,1,0,0,0,14,312,2.552,1,19,136.5,0,0,0,0,1,0,0,0,0,0,0,0,0,0,0,52.82,34,0.344,1,0,0,0,0,0,0,0,0,0,800,790,800,800,1090,1400,76,0.254,26.5,14.3,12.81,0,136.5,0,19,21,12.745,353.28,1,0.625,0.625,0.586,2.09,0.645,0.02,0,,,,71,0,0,0,0,0,0,0,0,0,0,7,0,0,7000,7000,29,259,1440,83,64,57,71,45,47,0,39321,227,185,174,202,132,140,26222,39321
7.216,0,783,21,84,58,14.7,13.54,0.921,1,0,0,0,15,312,2.552,1,19,136.5,0,0,0,0,1,0,0,0,0,0,0,0,0,0,0,52.82,34,0.344,1,0,0,0,0,0,0,0,0,0,800,780,800,800,1090,1400,76,0.254,26.5,14.3,12.98,0,136.5,0,19,21,12.745,353.28,1,0.645,0.645,0.586,2.09,0.645,0.02,0,,,,44,0,0,0,0,0,0,0,0,0,0,7,0,0,7000,7000,29,259,1440,83,64,57,71,45,44,0,39321,227,185,174,202,129,140,26222,39321
7.276,0,784,21,84,58,14.7,13.54,0.921,1,0,0,0,15,312,2.552,1,19,136.5,0,0,0,0,1,0,0,0,0,0,0,0,0,0,0,52.82,34,0.344,1,0,0,0,0,0,0,0,0,0,800,780,800,800,1090,1400,76,0.254,26.5,14.3,12.75,0,136.5,0,19,21,12.745,353.28,1,0.625,0.625,0.586,2.09,0.645,0.02,0,,,,56,0,0,0,0,0,0,0,0,0,0,7,0,0,7000,7000,29,259,1440,76,69,56,71,45,44,0,39321,227,185,174,202,129,140,26222,39321
7.336,0,782,21,84,58,14.7,13.54,0.921,1,0,0,0,15,312,2.552,1,19,136.5,0,0,0,0,1,0,0,0,0,0,0,0,0,0,0,52.82,34,0.344,1,0,0,0,0,0,0,0,0,0,800,780,800,800,1090,1400,76,0.254,26.5,14.3,13.09,0,136.5,0,19,21,12.745,353.28,1,0.645,0.645,0.586,2.09,0.645,0.02,0,,,,40,0,0,0,0,0,0,0,0,0,0,7,0,0,7000,7000,29,259,1440,76,69,56,68,40,44,0,39321,227,185,174,199,129,140,26222,39321
7.396,0,786,21,84,58,14.7,13.54,0.921,1,0,0,0,14,312,2.552,1,19,136.5,0,0,0,0,1,0,0,0,0,0,0,0,0,0,0,52.82,34,0.344,1,0,0,0,0,0,0,0,0,0,800,790,800,800,1090,1400,76,0.254,26.5,14.3,13.15,0,136.5,0,19,21,12.745,353.28,1,0.625,0.625,0.586,2.09,0.645,0.02,0,,,,78,0,0,0,0,0,0,0,0,0,0,7,0,0,7000,7000,29,259,1440,78,69,56,68,40,45,0,39321,225,185,174,199,129,140,26222,39321
7.456,0,787,21,84,58,14.7,13.57,0.923,1,0,0,0,14,312,2.544,1,19,136.5,0,0,0,0,1,0,0,0,0,0,0,0,0,0,0,52.82,34,0.344,1,0,0,0,0,0,0,0,0,0,800,790,800,800,1090,1400,76,0.254,26.5,14.3,13.15,0,136.5,0,19,21,12.819,353.28,1,0.645,0.645,0.586,2.09,0.645,0.02,0,,,,69,0,0,0,0,0,0,0,0,0,0,7,0,0,7000,7000,29,259,1440,78,61,57,69,40,45,0,39321,225,185,174,199,129,140,26222,39321
7.516,0,791,21,84,58,14.7,13.57,0.923,1,0,0,0,14,312,2.544,1,19,136.5,0,0,0,0,1,0,0,0,0,0,0,0,0,0,0,52.82,34,0.344,1,0,0,0,0,0,0,0,0,0,800,790,800,800,1090,1400,76,0.254,26.5,14.3,13.15,0,136.5,0,19,21,12.819,353.28,1,0.645,0.645,0.586,2.09,0.645,0.02,0,,,,51,0,0,0,0,0,0,0,0,0,0,7,0,0,7000,7000,29,259,1440,78,61,57,69,45,51,0,39321,225,185,174,199,129,140,26222,39321
7.576,0,794,21,84,58,14.7,13.57,0.923,1,0,0,0,14,312,2.544,1,20,136.5,0,0,0,0,1,0,0,0,0,0,0,0,0,0,0,52.82,34,0.344,1,0,0,0,0,0,0,0,0,0,800,790,800,800,1090,1400,76,0.254,26.5,14.3,13.15,0,136.5,0,20,21,12.819,353.28,1,0.625,0.625,0.586,2.09,0.645,0.02,0,,,,59,0,0,0,0,0,0,0,0,0,0,7,0,0,7000,7000,29,259,1440,79,66,59,69,45,51,0,39321,225,185,171,199,129,140,26222,39321
7.636,0,795,21,84,58,14.7,13.57,0.923,1,0,0,0,13,312,2.544,1,20,136.5,0,0,0,0,1,0,0,0,0,0,0,0,0,0,0,52.82,34,0.344,1,0,0,0,0,0,0,0,0,0,800,800,800,800,1090,1400,76,0.254,26.5,14.3,12.98,0,136.5,0,20,21,12.819,353.28,1,0.625,0.625,0.586,2.09,0.645,0.02,0,,,,49,0,0,0,0,0,0,0,0,0,0,7,0,0,7000,7000,29,259,1440,79,66,59,78,49,51,0,39321,225,185,171,202,129,140,26222,39321
7.696,0,795,21,84,58,14.7,13.57,0.923,1,0,0,0,13,312,2.544,1,20,136.33,0,0,0,0,1,0,0,0,0,0,0,0,0,0,0,52.6,34,0.344,1,0,0,0,0,0,0,0,0,0,800,800,800,800,1090,1400,76,0.254,26.5,14.3,12.98,0,136.33,0,20,21,12.819,353.28,1,0.645,0.645,0.586,2.09,0.645,0.02,0,,,,79,0,0,0,0,0,0,0,0,0,0,7,0,0,7000,7000,29,259,1440,79,66,59,78,49,45,0,39321,225,185,171,202,129,140,26222,39321
7.756,0,789,21,84,58,14.7,13.57,0.923,1,0,0,0,14,312,2.536,1,19,136.17,0,0,0,0,1,0,0,0,0,0,0,0,0,0,0,52.6,34,0.344,1,0,0,0,0,0,0,0,0,0,800,790,800,800,1090,1400,76,0.254,26.5,14.3,12.92,0,136.17,0,19,21,12.745,353.28,1,0.625,0.625,0.586,2.09,0.645,0.02,0,,,,76,0,0,0,0,0,0,0,0,0,0,7,0,0,7000,7000,29,259,1440,79,66,61,76,49,45,0,39321,225,185,171,202,129,140,26222,39321
7.816,0,790,21,84,58,14.7,13.57,0.923,1,0,0,0,14,312,2.544,1,19,136,0,0,0,0,1,0,0,0,0,0,0,0,0,0,0,52.6,34,0.344,1,0,0,0,0,0,0,0,0,0,800,790,800,800,1090,1400,76,0.254,26.5,14.3,12.92,0,136,0,19,21,12.745,353.28,1,0.625,0.625,0.586,2.09,0.645,0.02,0,,,,44,0,0,0,0,0,0,0,0,0,0,7,0,0,7000,7000,29,259,1440,79,66,61,76,51,44,0,39321,225,185,171,202,129,140,26222,39321
7.876,0,789,21,84,58,14.7,13.57,0.923,1,0,0,0,14,312,2.544,1,19,136,0,0,0,0,1,0,0,0,0,0,0,0,0,0,0,52.6,34,0.344,1,0,0,0,0,0,0,0,0,0,800,790,800,800,1090,1400,76,0.254,26.5,14.3,12.92,0,136,0,19,21,12.745,353.28,1,0.625,0.625,0.586,2.09,0.645,0.02,0,,,,69,0,0,0,0,0,0,0,0,0,0,7,0,0,7000,7000,29,259,1440,79,69,61,76,51,44,0,39321,225,185,171,202,129,140,26222,39321
7.936,0,791,21,84,58,14.7,13.57,0.923,1,0,0,0,14,312,2.552,1,19,136.33,0,0,0,0,1,0,0,0,0,0,0,0,0,0,0,52.82,34,0.344,1,0,0,0,0,0,0,0,0,0,800,790,800,800,1090,1400,76,0.254,26.5,14.3,12.86,0,136.33,0,19,21,12.745,353.28,1,0.625,0.625,0.586,2.09,0.645,0.02,0,,,,40,0,0,0,0,0,0,0,0,0,0,7,0,0,7000,7000,29,259,1440,79,69,52,68,40,44,0,39321,225,185,168,202,129,140,26222,39321
7.996,0,790,21,84,58,14.7,13.57,0.923,1,0,0,0,14,312,2.544,1,19,136.17,0,0,0,0,1,0,0,0,0,0,0,0,0,0,0,52.6,34,0.344,1,0,0,0,0,0,0,0,0,0,800,790,800,800,1090,1400,76,0.254,26.5,14.3,12.98,0,136.17,0,19,21,12.745,353.28,1,0.645,0.645,0.586,2.09,0.645,0.02,0,,,,85,0,0,0,0,0,0,0,0,0,0,7,0,0,7000,7000,29,259,1440,85,69,52,68,40,44,0,39321,227,185,168,202,129,137,26222,39321
8.056,0,788,21,84,58,14.7,13.57,0.923,1,0,0,0,14,312,2.544,1,19,136,0,0,0,0,1,0,0,0,0,0,0,0,0,0,0,52.6,34,0.344,1,0,0,0,0,0,0,0,0,0,800,790,800,800,1090,1400,76,0.254,26.5,14.3,12.92,0,136,0,19,21,12.745,353.28,1,0.625,0.625,0.586,2.09,0.645,0.02,0,,,,69,0,0,0,0,0,0,0,0,0,0,7,0,0,7000,7000,29,259,1440,85,68,54,69,40,44,0,39321,227,185,168,199,129,137,26222,39321
8.116,0,787,21,84,58,14.7,13.57,0.923,1,0,0,0,14,312,2.544,1,19,136.17,0,0,0,0,1,0,0,0,0,0,0,0,0,0,0,52.82,34,0.344,1,0,0,0,0,0,0,0,0,0,800,790,800,800,1090,1400,76,0.254,26.5,14.3,12.92,0,136.17,0,19,21,12.745,353.28,1,0.625,0.625,0.586,2.09,0.645,0.02,0,,,,49,0,0,0,0,0,0,0,0,0,0,7,0,0,7000,7000,29,259,1440,85,68,54,69,47,49,0,39321,227,185,168,199,129,137,26222,39321
8.176,0,788,21,84,58,14.7,13.57,0.923,1,0,0,0,14,312,2.544,1,19,136.17,0,0,0,0,1,0,0,0,0,0,0,0,0,0,0,52.6,34,0.344,1,0,0,0,0,0,0,0,0,0,800,790,800,800,1090,1400,76,0.254,26.5,14.3,12.98,0,136.17,0,19,21,12.745,353.28,1,0.625,0.625,0.586,2.09,0.645,0.02,0,,,,66,0,0,0,0,0,0,0,0,0,0,7,0,0,7000,7000,29,259,1440,103,66,54,69,47,49,0,39321,233,185,168,199,129,137,26222,39321
8.236,0,791,21,84,58,14.7,13.57,0.923,1,0,0,0,14,312,2.544,1,19,136.17,0,0,0,0,1,0,0,0,0,0,0,0,0,0,0,52.82,34,0.344,1,0,0,0,0,0,0,0,0,0,800,790,800,800,1090,1400,76,0.254,26.5,14.3,12.98,0,136.17,0,19,21,12.819,353.28,1,0.625,0.625,0.586,2.09,0.645,0.02,0,,,,42,0,0,0,0,0,0,0,0,0,0,7,0,0,7000,7000,29,259,1440,103,66,49,64,42,49,0,39321,233,185,165,199,126,137,26222,39321
8.296,0,796,21,84,58,14.7,13.57,0.923,1,0,0,0,13,312,2.536,1,19,136.17,0,0,0,0,1,0,0,0,0,0,0,0,0,0,0,52.6,34,0.344,1,0,0,0,0,0,0,0,0,0,800,800,800,800,1090,1400,76,0.254,26.5,14.3,12.86,0,136.17,0,19,21,12.819,353.28,1,0.625,0.625,0.586,2.09,0.645,0.02,0,,,,95,0,0,0,0,0,0,0,0,0,0,7,0,0,7000,7000,29,259,1440,95,66,49,64,42,42,0,39321,236,185,165,199,126,137,26222,39321
8.356,0,791,21,84,58,14.7,13.57,0.923,1,0,0,0,14,312,2.536,1,19,136,0,0,0,0,1,0,0,0,0,0,0,0,0,0,0,52.6,34,0.344,1,0,0,0,0,0,0,0,0,0,800,790,800,800,1090,1400,76,0.254,26.5,14.3,12.86,0,136,0,19,21,12.745,353.28,1,0.625,0.625,0.586,2.09,0.645,0.02,0,,,,54,0,0,0,0,0,0,0,0,0,0,7,0,0,7000,7000,29,259,1440,95,62,54,64,42,42,0,39321,236,182,165,199,126,137,26222,39321
8.416,0,789,21,84,58,14.7,13.57,0.923,1,0,0,0,14,312,2.544,1,19,136,0,0,0,0,1,0,0,0,0,0,0,0,0,0,0,52.6,34,0.344,1,0,0,0,0,0,0,0,0,0,800,790,800,800,1090,1400,76,0.254,26.5,14.3,12.98,0,136,0,19,21,12.745,353.28,1,0.625,0.625,0.586,2.09,0.645,0.02,0,,,,39,0,0,0,0,0,0,0,0,0,0,7,0,0,7000,7000,29,259,1440,95,62,54,66,42,39,0,39321,236,182,165,199,126,135,26222,39321
8.476,0,791,21,84,58,14.7,13.57,0.923,1,0,0,0,14,312,2.544,1,19,136,0,0,0,0,1,0,0,0,0,0,0,0,0,0,0,52.6,34,0.344,1,0,0,0,0,0,0,0,0,0,800,790,800,800,1090,1400,76,0.254,26.5,14.3,12.98,0,136,0,19,21,12.745,353.28,1,0.645,0.645,0.586,2.09,0.645,0.02,0,,,,66,0,0,0,0,0,0,0,0,0,0,7,0,0,7000,7000,29,259,1440,105,66,54,66,42,39,0,39321,239,182,165,199,126,135,26222,39321
8.536,0,788,21,84,58,14.7,13.54,0.921,1,0,0,0,14,312,2.544,1,19,136,0,0,0,0,1,0,0,0,0,0,0,0,0,0,0,52.6,34,0.344,1,0,0,0,0,0,0,0,0,0,800,790,800,800,1090,1400,76,0.254,26.5,14.3,12.98,0,136,0,19,21,12.745,353.28,1,0.625,0.625,0.586,2.09,0.645,0.02,0,,,,74,0,0,0,0,0,0,0,0,0,0,7,0,0,7000,7000,29,259,1440,105,66,54,74,42,39,0,39321,239,182,165,199,126,135,26222,39321
8.636,0,795,21,84,58,14.7,13.54,0.921,1,0,0,0,13,312,2.544,1,19,136,0,0,0,0,1,0,0,0,0,0,0,0,0,0,0,52.6,34,0.344,1,0,0,0,0,0,0,0,0,0,800,800,800,800,1090,1400,76,0.254,26.5,14.3,12.92,0,136,0,19,21,12.745,353.28,1,0.625,0.625,0.586,2.09,0.645,0.02,0,,,,61,0,0,0,0,0,0,0,0,0,0,7,0,0,7000,7000,29,259,1440,108,61,54,74,45,45,0,39321,244,180,165,199,126,135,26222,39321
8.696,0,795,21,84,58,14.7,13.54,0.921,1,0,0,0,13,312,2.544,1,19,136,0,0,0,0,1,0,0,0,0,0,0,0,0,0,0,52.6,34,0.344,1,0,0,0,0,0,0,0,0,0,800,800,800,800,1090,1400,76,0.254,26.5,14.3,12.98,0,136,0,19,21,12.745,353.28,1,0.625,0.625,0.586,2.09,0.645,0.02,0,,,,52,0,0,0,0,0,0,0,0,0,0,7,0,0,7000,7000,29,259,1440,108,61,52,76,52,45,0,39321,244,180,165,199,129,135,26222,39321
8.756,0,796,21,84,58,14.7,13.54,0.921,1,0,0,0,13,312,2.544,1,19,136,0,0,0,0,1,0,0,0,0,0,0,0,0,0,0,52.6,34,0.344,1,0,0,0,0,0,0,0,0,0,800,800,800,800,1090,1400,76,0.254,26.5,14.3,13.03,0,136,0,19,21,12.745,353.28,1,0.625,0.625,0.586,2.09,0.645,0.02,0,,,,95,0,0,0,0,0,0,0,0,0,0,7,0,0,7000,7000,29,259,1440,95,61,52,76,52,45,0,39321,247,180,165,199,129,132,26222,39321
8.816,0,793,21,84,58,14.7,13.54,0.921,1,0,0,0,14,312,2.544,1,19,136,0,0,0,0,1,0,0,0,0,0,0,0,0,0,0,52.6,34,0.344,1,0,0,0,0,0,0,0,0,0,800,790,800,800,1090,1400,76,0.254,26.5,14.3,13.03,0,136,0,19,21,12.819,353.28,1,0.645,0.645,0.586,2.09,0.645,0.02,0,,,,79,0,0,0,0,0,0,0,0,0,0,7,0,0,7000,7000,29,259,1440,95,61,61,79,52,45,0,39321,247,180,165,199,129,132,26222,39321
8.876,0,793,21,84,58,14.7,13.54,0.921,1,0,0,0,14,312,2.536,1,19,136,0,0,0,0,1,0,0,0,0,0,0,0,0,0,0,52.6,34,0.344,1,0,0,0,0,0,0,0,0,0,800,790,800,800,1090,1400,76,0.254,26.5,14.3,13.15,0,136,0,19,21,12.819,353.28,1,0.625,0.625,0.586,2.09,0.645,0.02,0,,,,40,0,0,0,0,0,0,0,0,0,0,7,0,0,7000,7000,29,259,1440,95,61,61,79,44,40,0,39321,247,180,165,199,129,132,26222,39321
8.936,0,791,21,84,58,14.7,13.57,0.923,1,0,0,0,14,312,2.536,1,19,136,0,0,0,0,1,0,0,0,0,0,0,0,0,0,0,52.6,34,0.344,1,0,0,0,0,0,0,0,0,0,800,790,800,800,1090,1400,76,0.254,26.5,14.3,12.92,0,136,0,19,21,12.819,353.28,1,0.645,0.645,0.586,2.09,0.645,0.02,0,,,,61,0,0,0,0,0,0,0,0,0,0,7,0,0,7000,7000,29,259,1440,105,61,61,79,44,40,0,39321,250,180,165,199,129,132,26222,39321
8.996,0,794,21,84,58,14.7,13.57,0.923,1,0,0,0,14,312,2.544,1,19,136,0,0,0,0,1,0,0,0,0,0,0,0,0,0,0,52.6,34,0.344,1,0,0,0,0,0,0,0,0,0,800,790,800,800,1090,1400,76,0.254,26.5,14.3,12.98,0,136,0,19,21,12.745,353.28,1,0.625,0.625,0.586,2.09,0.645,0.02,0,,,,40,0,0,0,0,0,0,0,0,0,0,7,0,0,7000,7000,29,259,1440,105,61,54,73,40,40,0,39321,250,180,163,199,129,132,26222,39321
9.056,0,793,21,84,58,14.7,13.57,0.923,1,0,0,0,14,312,2.544,1,19,136,0,0,0,0,1,0,0,0,0,0,0,0,0,0,0,52.6,34,0.344,1,0,0,0,0,0,0,0,0,0,800,790,800,800,1090,1400,76,0.254,26.5,14.3,12.98,0,136,0,19,21,12.745,353.28,1,0.645,0.645,0.586,2.09,0.645,0.02,0,,,,88,0,0,0,0,0,0,0,0,0,0,7,0,0,7000,7000,29,259,1440,88,61,54,73,40,39,0,39321,250,180,163,199,129,132,26222,39321
9.116,0,790,21,84,58,14.7,13.57,0.923,1,0,0,0,14,312,2.544,1,19,136,0,0,0,0,1,0,0,0,0,0,0,0,0,0,0,52.6,34,0.344,1,0,0,0,0,0,0,0,0,0,800,790,800,800,1090,1400,76,0.254,26.5,14.3,12.92,0,136,0,19,21,12.745,353.28,1,0.625,0.625,0.586,2.09,0.645,0.02,0,,,,64,0,0,0,0,0,0,0,0,0,0,7,0,0,7000,7000,29,259,1440,88,62,52,64,40,39,0,39321,250,177,163,199,129,132,26222,39321
9.176,0,785,21,84,58,14.7,13.54,0.921,1,0,0,0,14,312,2.544,1,19,136,0,0,0,0,1,0,0,0,0,0,0,0,0,0,0,52.6,34,0.344,1,0,0,0,0,0,0,0,0,0,800,790,800,800,1090,1400,76,0.254,26.5,14.3,12.98,0,136,0,19,21,12.745,353.28,1,0.625,0.625,0.586,2.09,0.645,0.02,0,,,,37,0,0,0,0,0,0,0,0,0,0,7,0,0,7000,7000,29,259,1440,88,62,52,64,40,37,0,39321,250,177,163,199,126,132,26222,39321
9.236,0,787,21,84,58,14.7,13.51,0.919,1,0,0,0,14,312,2.544,1,19,136,0,0,0,0,1,0,0,0,0,0,0,0,0,0,0,52.6,34,0.344,1,0,0,0,0,0,0,0,0,0,800,790,800,800,1090,1400,76,0.254,26.5,14.3,13.03,0,136,0,19,21,12.745,353.28,1,0.645,0.645,0.586,2.09,0.645,0.02,0,,,,57,0,0,0,0,0,0,0,0,0,0,7,0,0,7000,7000,29,259,1440,79,57,52,64,40,37,0,39321,247,177,163,199,126,132,26222,39321
9.296,0,785,21,84,58,14.7,13.51,0.919,1,0,0,0,14,312,2.544,1,19,136.17,0,0,0,0,1,0,0,0,0,0,0,0,0,0,0,52.82,34,0.344,1,0,0,0,0,0,0,0,0,0,800,790,800,800,1090,1400,76,0.254,26.5,14.3,12.98,0,136.17,0,19,21,12.745,353.28,1,0.625,0.625,0.586,2.09,0.645,0.02,0,,,,37,0,0,0,0,0,0,0,0,0,0,7,0,0,7000,7000,29,259,1440,79,57,61,66,37,37,0,39321,247,177,163,196,126,132,26222,39321
9.356,0,787,21,84,58,14.7,13.54,0.921,1,0,0,0,14,312,2.544,1,19,136.17,0,0,0,0,1,0,0,0,0,0,0,0,0,0,0,52.6,34,0.344,1,0,0,0,0,0,0,0,0,0,800,790,800,800,1090,1400,76,0.254,26.5,14.3,13.03,0,136.17,0,19,21,12.745,353.28,1,0.625,0.625,0.586,2.09,0.645,0.02,0,,,,90,0,0,0,0,0,0,0,0,0,0,7,0,0,7000,7000,29,259,1440,90,57,61,66,37,39,0,39321,250,177,163,196,126,129,26222,39321
9.416,0,782,21,84,58,14.7,13.51,0.919,1,0,0,0,15,312,2.544,1,19,136.17,0,0,0,0,1,0,0,0,0,0,0,0,0,0,0,52.6,34,0.344,1,0,0,0,0,0,0,0,0,0,800,780,800,800,1090,1400,76,0.254,26.5,14.3,12.98,0,136.17,0,19,21,12.819,353.28,1,0.645,0.645,0.586,2.09,0.645,0.02,0,,,,51,0,0,0,0,0,0,0,0,0,0,7,0,0,7000,7000,29,259,1440,90,57,51,66,37,39,0,39321,250,174,163,196,126,129,26222,39321
9.476,0,787,21,84,58,14.7,13.51,0.919,1,0,0,0,14,312,2.544,1,19,136.33,0,0,0,0,1,0,0,0,0,0,0,0,0,0,0,52.82,34,0.344,1,0,0,0,0,0,0,0,0,0,800,790,800,800,1090,1400,76,0.254,26.5,14.3,12.92,0,136.33,0,19,21,12.819,353.28,1,0.625,0.625,0.586,2.09,0.645,0.02,0,,,,44,0,0,0,0,0,0,0,0,0,0,7,0,0,7000,7000,29,259,1440,90,57,51,71,40,44,0,39321,250,174,163,196,126,126,26222,39321
9.536,0,790,21,84,58,14.7,13.54,0.921,1,0,0,0,14,312,2.544,1,19,136.33,0,0,0,0,1,0,0,0,0,0,0,0,0,0,0,52.82,34,0.344,1,0,0,0,0,0,0,0,0,0,800,790,800,800,1090,1400,76,0.254,26.5,14.3,12.98,0,136.33,0,19,21,12.819,353.28,1,0.625,0.625,0.586,2.09,0.645,0.02,0,,,,64,0,0,0,0,0,0,0,0,0,0,7,0,0,7000,7000,29,259,1440,79,64,51,71,40,44,0,39321,250,174,163,196,126,126,26222,39321
9.596,0,787,21,84,58,14.7,13.57,0.923,1,0,0,0,14,312,2.544,1,19,136.5,0,0,0,0,1,0,0,0,0,0,0,0,0,0,0,52.82,34,0.344,1,0,0,0,0,0,0,0,0,0,800,790,800,800,1090,1400,76,0.254,26.5,14.3,12.86,0,136.5,0,19,21,12.819,353.28,1,0.645,0.645,0.586,2.09,0.645,0.02,0,,,,69,0,0,0,0,0,0,0,0,0,0,7,0,0,7000,7000,29,259,1440,79,64,52,69,40,44,0,39321,250,174,163,194,126,126,26222,39321
9.656,0,786,21,84,58,14.7,13.57,0.923,1,0,0,0,14,312,2.552,1,19,136.5,0,0,0,0,1,0,0,0,0,0,0,0,0,0,0,52.82,34,0.344,1,0,0,0,0,0,0,0,0,0,800,790,800,800,1090,1400,76,0.254,26.5,14.3,12.86,0,136.5,0,19,21,12.745,353.28,1,0.625,0.625,0.586,2.09,0.645,0.02,0,,,,90,0,0,0,0,0,0,0,0,0,0,7,0,0,7000,7000,29,259,1440,90,64,52,69,37,39,0,39321,250,174,163,194,126,126,26222,39321
9.716,0,784,21,84,58,14.7,13.57,0.923,1,0,0,0,15,312,2.552,1,19,136.5,0,0,0,0,1,0,0,0,0,0,0,0,0,0,0,52.82,34,0.344,1,0,0,0,0,0,0,0,0,0,800,780,800,800,1090,1400,76,0.254,26.5,14.3,13.03,0,136.5,0,19,21,12.745,353.28,1,0.645,0.645,0.586,2.09,0.645,0.02,0,,,,52,0,0,0,0,0,0,0,0,0,0,7,0,0,7000,7000,29,259,1440,90,62,52,69,37,39,0,39321,250,174,160,194,126,126,26222,39321
9.776,0,782,21,84,58,14.7,13.57,0.923,1,0,0,0,15,312,2.552,1,19,136.5,0,0,0,0,1,0,0,0,0,0,0,0,0,0,0,52.82,34,0.344,1,0,0,0,0,0,0,0,0,0,800,780,800,800,1090,1400,76,0.254,26.5,14.3,12.92,0,136.5,0,19,21,12.745,353.28,1,0.625,0.625,0.586,2.09,0.645,0.02,0,,,,39,0,0,0,0,0,0,0,0,0,0,7,0,0,7000,7000,29,259,1440,90,62,52,73,39,39,0,39321,250,174,160,196,123,126,26222,39321
9.836,0,783,21,84,58,14.7,13.54,0.921,1,0,0,0,15,312,2.552,1,19,136.5,0,0,0,0,1,0,0,0,0,0,0,0,0,0,0,52.82,34,0.344,1,0,0,0,0,0,0,0,0,0,800,780,800,800,1090,1400,76,0.254,26.5,14.3,12.92,0,136.5,0,19,21,12.745,353.28,1,0.625,0.625,0.586,2.09,0.645,0.02,0,,,,66,0,0,0,0,0,0,0,0,0,0,7,0,0,7000,7000,29,259,1440,73,66,52,73,39,40,0,39321,247,174,160,196,123,126,26222,39321
9.896,0,781,21,84,58,14.7,13.51,0.919,1,0,0,0,15,312,2.552,1,19,136.5,0,0,0,0,1,0,0,0,0,0,0,0,0,0,0,52.82,34,0.344,1,0,0,0,0,0,0,0,0,0,800,780,800,800,1090,1400,76,0.254,26.5,14.3,13.09,0,136.5,0,19,21,12.745,353.28,1,0.645,0.645,0.586,2.09,0.645,0.02,0,,,,79,0,0,0,0,0,0,0,0,0,0,7,0,0,7000,7000,29,259,1440,73,66,54,79,39,40,0,39321,247,174,160,196,123,126,26222,39321
9.956,0,782,21,84,58,14.7,13.51,0.919,1,0,0,0,15,312,2.552,1,19,136.5,0,0,0,0,1,0,0,0,0,0,0,0,0,0,0,52.82,34,0.344,1,0,0,0,0,0,0,0,0,0,800,780,800,800,1090,1400,76,0.254,26.5,14.3,12.92,0,136.5,0,19,21,12.745,353.28,1,0.625,0.625,0.586,2.09,0.645,0.02,0,,,,40,0,0,0,0,0,0,0,0,0,0,7,0,0,7000,7000,29,259,1440,73,66,54,79,44,40,0,39321,247,174,160,196,123,126,26222,39321
10.016,0,786,21,84,58,14.7,13.51,0.919,1,0,0,0,14,312,2.544,1,19,136.5,0,0,0,0,1,0,0,0,0,0,0,0,0,0,0,52.82,34,0.344,1,0,0,0,0,0,0,0,0,0,800,790,800,800,1090,1400,76,0.254,26.5,14.3,13.15,0,136.5,0,19,21,12.819,353.28,1,0.625,0.625,0.586,2.09,0.645,0.02,0,,,,54,0,0,0,0,0,0,0,0,0,0,7,0,0,7000,7000,29,259,1440,78,51,54,79,44,40,0,39321,247,171,160,196,123,126,26222,39321
10.076,0,786,21,84,58,14.7,13.48,0.917,1,0,0,0,14,312,2.544,1,19,136.5,0,0,0,0,1,0,0,0,0,0,0,0,0,0,0,52.82,34,0.344,1,0,0,0,0,0,0,0,0,0,800,790,800,800,1090,1400,76,0.254,26.5,14.3,13.09,0,136.5,0,19,21,12.819,353.28,1,0.625,0.625,0.586,2.09,0.645,0.02,0,,,,39,0,0,0,0,0,0,0,0,0,0,7,0,0,7000,7000,29,259,1440,78,51,54,73,39,40,0,39321,247,171,160,196,123,126,26222,39321
10.136,0,789,21,84,58,14.7,13.51,0.919,1,0,0,0,14,312,2.544,1,19,136.5,0,0,0,0,1,0,0,0,0,0,0,0,0,0,0,52.82,34,0.344,1,0,0,0,0,0,0,0,0,0,800,790,800,800,1090,1400,76,0.254,26.5,14.3,13.03,0,136.5,0,19,21,12.819,353.28,1,0.625,0.625,0.586,2.09,0.645,0.02,0,,,,57,0,0,0,0,0,0,0,0,0,0,7,0,0,7000,7000,29,259,1440,86,57,54,73,39,40,0,39321,247,171,160,196,123,123,26222,39321
10.196,0,791,21,84,58,14.7,13.51,0.919,1,0,0,0,14,312,2.544,1,19,136.5,0,0,0,0,1,0,0,0,0,0,0,0,0,0,0,52.82,34,0.344,1,0,0,0,0,0,0,0,0,0,800,790,800,800,1090,1400,76,0.254,26.5,14.3,13.09,0,136.5,0,19,21,12.819,353.28,1,0.625,0.625,0.586,2.09,0.645,0.02,0,,,,76,0,0,0,0,0,0,0,0,0,0,7,0,0,7000,7000,29,259,1440,86,57,49,76,39,40,0,39321,247,171,157,199,123,123,26222,39321
10.256,0,793,21,84,58,14.7,13.51,0.919,1,0,0,0,14,312,2.544,1,20,136.5,0,0,0,0,1,0,0,0,0,0,0,0,0,0,0,52.82,34,0.344,1,0,0,0,0,0,0,0,0,0,800,790,800,800,1090,1400,76,0.254,26.5,14.3,12.92,0,136.5,0,20,21,12.819,353.28,1,0.625,0.625,0.586,2.09,0.645,0.02,0,,,,39,0,0,0,0,0,0,0,0,0,0,7,0,0,7000,7000,29,259,1440,86,57,49,76,40,39,0,39321,247,171,157,199,120,123,26222,39321
10.316,0,792,21,84,58,14.7,13.51,0.919,1,0,0,0,14,312,2.552,1,19,136.5,0,0,0,0,1,0,0,0,0,0,0,0,0,0,0,52.82,34,0.344,1,0,0,0,0,0,0,0,0,0,800,790,800,800,1090,1400,76,0.254,26.5,14.3,12.92,0,136.5,0,19,21,12.745,353.28,1,0.625,0.625,0.586,2.09,0.645,0.02,0,,,,51,0,0,0,0,0,0,0,0,0,0,7,0,0,7000,7000,29,259,1440,86,54,51,76,40,39,0,39321,247,171,154,199,120,123,26222,39321
10.376,0,794,21,84,58,14.7,13.51,0.919,1,0,0,0,14,312,2.552,1,20,136.5,0,0,0,0,1,0,0,0,0,0,0,0,0,0,0,52.82,34,0.344,1,0,0,0,0,0,0,0,0,0,800,790,800,800,1090,1400,76,0.254,26.5,14.3,12.98,0,136.5,0,20,21,12.745,353.28,1,0.645,0.645,0.586,2.09,0.645,0.02,0,,,,45,0,0,0,0,0,0,0,0,0,0,7,0,0,7000,7000,29,259,1440,86,54,51,74,45,39,0,39321,247,171,154,199,123,123,26222,39321
10.436,0,791,21,84,58,14.7,13.51,0.919,1,0,0,0,14,312,2.544,1,19,136.17,0,0,0,0,1,0,0,0,0,0,0,0,0,0,0,52.6,34,0.344,1,0,0,0,0,0,0,0,0,0,800,790,800,800,1090,1400,76,0.254,26.5,14.3,12.92,0,136.17,0,19,21,12.745,353.28,1,0.625,0.625,0.586,2.09,0.645,0.02,0,,,,83,0,0,0,0,0,0,0,0,0,0,7,0,0,7000,7000,29,259,1440,83,54,51,74,45,44,0,39321,244,171,154,199,123,123,26222,39321
10.496,0,786,21,84,58,14.7,13.51,0.919,1,0,0,0,14,312,2.552,1,19,136.33,0,0,0,0,1,0,0,0,0,0,0,0,0,0,0,52.82,34,0.344,1,0,0,0,0,0,0,0,0,0,800,790,800,800,1090,1400,76,0.254,26.5,14.3,12.92,0,136.33,0,19,21,12.745,353.28,1,0.625,0.625,0.586,2.09,0.645,0.02,0,,,,69,0,0,0,0,0,0,0,0,0,0,7,0,0,7000,7000,29,259,1440,83,56,57,69,45,44,0,39321,244,171,154,199,123,123,26222,39321
10.556,0,786,21,84,58,14.7,13.51,0.919,1,0,0,0,14,312,2.552,1,19,136.33,0,0,0,0,1,0,0,0,0,0,0,0,0,0,0,52.82,34,0.344,1,0,0,0,0,0,0,0,0,0,800,790,800,800,1090,1400,76,0.254,26.5,14.3,12.98,0,136.33,0,19,21,12.745,353.28,1,0.645,0.645,0.586,2.09,0.645,0.02,0,,,,39,0,0,0,0,0,0,0,0,0,0,7,0,0,7000,7000,29,259,1440,83,56,57,69,47,39,0,39321,244,171,154,199,123,123,26222,39321
10.616,0,783,21,84,58,14.7,13.51,0.919,1,0,0,0,15,312,2.544,1,19,136.17,0,0,0,0,1,0,0,0,0,0,0,0,0,0,0,52.6,34,0.344,1,0,0,0,0,0,0,0,0,0,800,780,800,800,1090,1400,76,0.254,26.5,14.3,12.92,0,136.17,0,19,21,12.745,353.28,1,0.625,0.625,0.586,2.09,0.645,0.02,0,,,,56,0,0,0,0,0,0,0,0,0,0,7,0,0,7000,7000,29,259,1440,93,52,56,69,47,39,0,39321,244,171,154,199,123,123,26222,39321
10.676,0,784,21,84,58,14.7,13.51,0.919,1,0,0,0,15,312,2.552,1,19,136.33,0,0,0,0,1,0,0,0,0,0,0,0,0,0,0,52.82,34,0.344,1,0,0,0,0,0,0,0,0,0,800,780,800,800,1090,1400,76,0.254,26.5,14.3,13.03,0,136.33,0,19,21,12.819,353.28,1,0.625,0.625,0.586,2.09,0.645,0.02,0,,,,42,0,0,0,0,0,0,0,0,0,0,7,0,0,7000,7000,29,259,1440,93,52,56,74,42,39,0,39321,244,171,154,199,123,123,26222,39321
10.736,0,787,21,84,58,14.7,13.51,0.919,1,0,0,0,14,312,2.544,1,19,136.33,0,0,0,0,1,0,0,0,0,0,0,0,0,0,0,52.82,34,0.344,1,0,0,0,0,0,0,0,0,0,800,790,800,800,1090,1400,76,0.254,26.5,14.3,12.98,0,136.33,0,19,21,12.819,353.28,1,0.625,0.625,0.586,2.09,0.645,0.02,0,,,,85,0,0,0,0,0,0,0,0,0,0,7,0,0,7000,7000,29,259,1440,85,52,56,74,42,35,0,39321,244,171,154,199,123,120,26222,39321
10.796,0,785,21,84,58,14.7,13.51,0.919,1,0,0,0,14,312,2.544,1,19,136.5,0,0,0,0,1,0,0,0,0,0,0,0,0,0,0,52.82,34,0.344,1,0,0,0,0,0,0,0,0,0,800,790,800,800,1090,1400,76,0.254,26.5,14.3,12.92,0,136.5,0,19,21,12.819,353.28,1,0.645,0.645,0.586,2.09,0.645,0.02,0,,,,76,0,0,0,0,0,0,0,0,0,0,7,0,0,7000,7000,29,259,1440,85,66,51,76,42,35,0,39321,244,171,154,199,123,120,26222,39321
10.856,0,789,21,84,58,14.7,13.51,0.919,1,0,0,0,14,312,2.544,1,19,136.5,0,0,0,0,1,0,0,0,0,0,0,0,0,0,0,52.82,34,0.344,1,0,0,0,0,0,0,0,0,0,800,790,800,800,1090,1400,76,0.254,26.5,14.3,12.92,0,136.5,0,19,21,12.819,353.28,1,0.625,0.625,0.586,2.09,0.645,0.02,0,,,,39,0,0,0,0,0,0,0,0,0,0,7,0,0,7000,7000,29,259,1440,85,66,51,76,37,39,0,39321,244,171,154,199,123,120,26222,39321
10.916,0,787,21,84,58,14.7,13.54,0.921,1,0,0,0,14,312,2.544,1,19,136.5,0,0,0,0,1,0,0,0,0,0,0,0,0,0,0,52.82,34,0.344,1,0,0,0,0,0,0,0,0,0,800,790,800,800,1090,1400,76,0.254,26.5,14.3,12.86,0,136.5,0,19,21,12.745,353.28,1,0.645,0.645,0.586,2.09,0.645,0.02,0,,,,61,0,0,0,0,0,0,0,0,0,0,7,0,0,7000,7000,29,259,1440,93,61,51,76,37,39,0,39321,244,171,154,199,123,120,26222,39321
10.976,0,787,21,84,58,14.7,13.54,0.921,1,0,0,0,14,312,2.552,1,19,136.5,0,0,0,0,1,0,0,0,0,0,0,0,0,0,0,52.82,34,0.344,1,0,0,0,0,0,0,0,0,0,800,790,800,800,1090,1400,76,0.254,26.5,14.3,12.86,0,136.5,0,19,21,12.745,353.28,1,0.625,0.625,0.586,2.09,0.645,0.02,0,,,,39,0,0,0,0,0,0,0,0,0,0,7,0,0,7000,7000,29,259,1440,93,61,49,68,39,39,0,39321,244,171,154,199,120,120,26222,39321
11.036,0,787,21,84,58,14.7,13.51,0.919,1,0,0,0,14,312,2.552,1,19,136.5,0,0,0,0,1,0,0,0,0,0,0,0,0,0,0,52.82,34,0.344,1,0,0,0,0,0,0,0,0,0,800,790,800,800,1090,1400,76,0.254,26.5,14.3,12.98,0,136.5,0,19,21,12.745,353.28,1,0.645,0.645,0.586,2.09,0.645,0.02,0,,,,91,0,0,0,0,0,0,0,0,0,0,7,0,0,7000,7000,29,259,1440,91,61,49,68,39,44,0,39321,247,171,154,199,120,120,26222,39321
11.096,0,781,21,84,58,14.7,13.51,0.919,1,0,0,0,15,312,2.552,1,19,136.5,0,0,0,0,1,0,0,0,0,0,0,0,0,0,0,52.82,34,0.344,1,0,0,0,0,0,0,0,0,0,800,780,800,800,1090,1400,76,0.254,26.5,14.3,12.92,0,136.5,0,19,21,12.745,353.28,1,0.625,0.625,0.586,2.09,0.645,0.02,0,,,,47,0,0,0,0,0,0,0,0,0,0,7,0,0,7000,7000,29,259,1440,91,59,47,68,39,44,0,39321,247,168,154,199,120,120,26222,39321
11.156,0,779,21,84,58,14.7,13.54,0.921,1,0,0,0,15,312,2.552,1,19,136.5,0,0,0,0,1,0,0,0,0,0,0,0,0,0,0,52.82,34,0.344,1,0,0,0,0,0,0,0,0,0,760,780,800,800,1090,1400,76,0.25,26,14.3,13.03,0,136.5,0,19,21,12.745,353.28,1,0.625,0.625,0.586,2.09,0.645,0.02,0,,,,41,0,0,0,0,0,0,0,0,0,0,7,0,0,7000,7000,29,259,1440,91,59,47,71,33,41,0,39321,247,168,154,199,118,120,26222,39321
11.216,0,779,21,84,58,14.7,13.51,0.919,1,0,0,0,15,312,2.552,1,19,136.5,0,0,0,0,1,0,0,0,0,0,0,0,0,0,0,52.82,34,0.344,1,0,0,0,0,0,0,0,0,0,760,780,800,800,1090,1400,76,0.25,26,14.3,13.15,0,136.5,0,19,21,12.745,353.28,1,0.645,0.645,0.586,2.09,0.645,0.02,0,,,,56,0,0,0,0,0,0,0,0,0,0,7,0,0,7000,7000,29,259,1440,78,56,47,71,33,41,0,39321,247,165,154,199,118,120,26222,39321
11.276,0,771,21,84,58,14.7,13.51,0.919,1,0,0,0,16,312,2.552,1,19,136.5,0,0,0,0,1,0,0,0,0,0,0,0,0,0,0,52.82,34,0.344,1,0,0,0,0,0,0,0,0,0,760,770,800,800,1090,1400,76,0.25,26,14.3,13.09,0,136.5,0,19,22,12.745,353.28,1,0.645,0.645,0.586,2.09,0.645,0.02,0,,,,65,0,0,0,0,0,0,0,0,0,0,7,0,0,7000,7000,29,259,1440,78,56,44,65,33,41,0,39321,247,165,154,196,118,120,26222,39321
11.336,0,773,22,84,58,14.7,13.51,0.919,1,0,0,0,16,312,2.56,1,19,138,0,0,0,0,1,0,0,0,0,0,0,0,0,0,0,53.05,34,0.344,1,0,0,0,0,0,0,0,0,0,760,770,800,800,1090,1400,76,0.25,26,14.3,13.09,0,138,0,19,22,12.819,353.28,1,0.645,0.645,0.586,2.09,0.645,0.02,0,,,,75,0,0,0,0,0,0,0,0,0,0,7,0,0,7000,7000,29,259,1440,75,56,44,65,35,38,0,39321,244,165,154,196,118,120,26222,39321
11.396,0,782,22,84,58,14.7,13.51,0.919,1,0,0,0,15,312,2.568,1,20,138.5,0,0,0,0,1,0,0,0,0,0,0,0,0,0,0,53.27,35,0.344,1,0,0,0,0,0,0,0,0,0,800,780,800,800,1090,1400,76,0.254,26,14.3,13.09,0,138.5,0,20,22,12.819,353.28,1,0.664,0.664,0.586,2.09,0.645,0.02,0,,,,54,0,0,0,0,0,0,0,0,0,0,7,0,0,7000,7000,29,259,1440,75,52,54,65,35,38,0,39321,244,163,154,196,118,120,26222,39321
11.456,0,797,22,84,58,14.7,13.51,0.919,1,0,0,0,13,312,2.576,1,20,139,0,0,0,0,1,0,0,0,0,0,0,0,0,0,0,53.27,35,0.344,1,0,0,0,0,0,0,0,0,0,800,800,800,800,1090,1400,76,0.254,26,14.3,13.09,0,139,0,20,22,12.819,353.28,1,0.645,0.645,0.586,2.09,0.645,0.02,0,,,,42,0,0,0,0,0,0,0,0,0,0,7,0,0,7000,7000,29,259,1440,75,52,54,78,42,38,0,39321,244,163,154,199,118,120,26222,39321
11.516,0,799,22,84,58,14.7,13.51,0.919,1,0,0,0,13,312,2.584,1,20,139.33,0,0,0,0,1,0,0,0,0,0,0,0,0,0,0,53.27,35,0.344,1,0,0,0,0,0,0,0,0,0,800,800,800,800,1090,1400,76,0.254,26,14.3,12.86,0,139.33,0,20,22,12.819,353.28,1,0.645,0.645,0.586,2.09,0.645,0.02,0,,,,57,0,0,0,0,0,0,0,0,0,0,7,0,0,7000,7000,29,259,1440,79,57,54,78,42,37,0,39321,244,163,154,199,118,118,26222,39321
11.576,0,800,22,84,58,14.7,13.51,0.919,1,0,0,0,13,312,2.584,1,20,139.33,0,0,0,0,1,0,0,0,0,0,0,0,0,0,0,53.27,35,0.344,1,0,0,0,0,0,0,0,0,0,800,800,800,800,1090,1400,76,0.254,26,14.3,12.81,0,139.33,0,20,22,12.745,353.28,1,0.645,0.645,0.586,2.09,0.645,0.02,0,,,,73,0,0,0,0,0,0,0,0,0,0,7,0,0,7000,7000,29,259,1440,79,57,52,73,42,37,0,39321,244,163,154,199,118,118,26222,39321
11.636,0,799,22,84,58,14.7,13.51,0.919,1,0,0,0,13,312,2.592,1,20,139.5,0,0,0,0,1,0,0,0,0,0,0,0,0,0,0,53.27,35,0.344,1,0,0,0,0,0,0,0,0,0,800,800,800,800,1090,1400,76,0.254,26,14.3,12.81,0,139.5,0,20,22,12.745,353.28,1,0.645,0.645,0.586,2.09,0.645,0.02,0,,,,83,0,0,0,0,0,0,0,0,0,0,7,0,0,7000,7000,29,259,1440,83,57,52,73,40,44,0,39321,241,163,154,199,118,118,26222,39321
11.696,0,802,22,84,58,14.7,13.54,0.921,1,0,0,0,13,312,2.592,1,20,139.5,0,0,0,0,1,0,0,0,0,0,0,0,0,0,0,53.27,35,0.344,1,0,0,0,0,0,0,0,0,0,800,800,800,800,1090,1400,76,0.254,26,14.3,12.81,0,139.5,0,20,22,12.745,353.28,1,0.664,0.664,0.586,2.09,0.645,0.02,0,,,,59,0,0,0,0,0,0,0,0,0,0,7,0,0,7000,7000,29,259,1440,83,54,59,73,40,44,0,39321,241,163,154,199,118,118,26222,39321
11.756,0,804,22,84,58,14.7,13.54,0.921,1,0,0,0,13,312,2.592,1,20,139.5,0,0,0,0,1,0,0,0,0,0,0,0,0,0,0,53.27,35,0.344,1,0,0,0,0,0,0,0,0,0,800,800,800,800,1090,1400,76,0.254,26,14.3,12.75,0,139.5,0,20,22,12.745,353.28,1,0.645,0.645,0.586,2.09,0.645,0.02,0,,,,44,0,0,0,0,0,0,0,0,0,0,7,0,0,7000,7000,29,259,1440,83,54,59,76,40,44,0,39321,241,163,154,202,118,118,26222,39321
11.816,0,805,22,84,58,14.7,13.57,0.923,1,0,0,0,12.5,312,2.592,1,20,139.5,0,0,0,0,1,0,0,0,0,0,0,0,0,0,0,53.27,35,0.344,1,0,0,0,0,0,0,0,0,0,800,810,800,800,1090,1400,76,0.254,26,14.3,12.92,0,139.5,0,20,22,12.745,353.28,1,0.645,0.645,0.586,2.09,0.645,0.02,0,,,,54,0,0,0,0,0,0,0,0,0,0,7,0,0,7000,7000,29,259,1440,86,54,59,76,40,44,0,39321,241,163,154,202,118,118,26222,39321
11.876,0,804,22,84,58,14.7,13.57,0.923,1,0,0,0,13,312,2.592,1,20,139.5,0,0,0,0,1,0,0,0,0,0,0,0,0,0,0,53.27,35,0.344,1,0,0,0,0,0,0,0,0,0,800,800,800,800,1090,1400,76,0.254,26,14.3,12.92,0,139.5,0,20,22,12.745,353.28,1,0.645,0.645,0.586,2.09,0.645,0.02,0,,,,73,0,0,0,0,0,0,0,0,0,0,7,0,0,7000,7000,29,259,1440,86,54,56,73,40,44,0,39321,241,163,154,202,118,118,26222,39321
11.936,0,813,22,84,58,14.7,13.57,0.923,1,0,0,0,12.5,312,2.592,1,20,139.33,0,0,0,0,1,0,0,0,0,0,0,0,0,0,0,53.05,34,0.344,1,0,0,0,0,0,0,0,0,0,800,810,800,800,1090,1400,76,0.254,26.5,14.3,12.98,0,139.33,0,20,22,12.745,353.28,1,0.645,0.645,0.586,2.09,0.645,0.02,0,,,,100,0,0,0,0,0,0,0,0,0,0,7,0,0,7000,7000,29,259,1440,100,54,56,73,47,42,0,39321,244,163,154,202,118,118,26222,39321
11.996,0,812,22,84,58,14.7,13.57,0.923,1,0,0,0,12.5,312,2.584,1,20,139.17,0,0,0,0,1,0,0,0,0,0,0,0,0,0,0,53.05,34,0.344,1,0,0,0,0,0,0,0,0,0,800,810,800,800,1090,1400,76,0.254,26.5,14.3,12.98,0,139.17,0,20,22,12.745,353.28,1,0.645,0.645,0.586,2.09,0.645,0.02,0,,,,49,0,0,0,0,0,0,0,0,0,0,7,0,0,7000,7000,29,259,1440,100,57,49,73,47,42,0,39321,244,163,151,202,118,118,26222,39321
12.056,0,816,22,84,58,14.7,13.57,0.923,1,0,0,0,12,312,2.576,1,20,139,0,0,0,0,1,0,0,0,0,0,0,0,0,0,0,53.05,34,0.344,1,0,0,0,0,0,0,0,0,0,800,820,800,800,1090,1400,76,0.254,26.5,14.3,12.98,0,139,0,20,22,12.819,353.28,1,0.645,0.645,0.586,2.09,0.645,0.02,0,,,,37,0,0,0,0,0,0,0,0,0,0,7,0,0,7000,7000,29,259,1440,100,57,49,78,39,37,0,39321,244,163,151,205,118,115,26222,39321
12.116,0,818,22,84,58,14.7,13.57,0.923,1,0,0,0,12,312,2.576,1,20,139,0,0,0,0,1,0,0,0,0,0,0,0,0,0,0,53.05,34,0.344,1,0,0,0,0,0,0,0,0,0,800,820,800,800,1090,1400,76,0.254,26.5,14.3,13.03,0,139,0,20,22,12.819,353.28,1,0.645,0.645,0.586,2.09,0.645,0.02,0,,,,54,0,0,0,0,0,0,0,0,0,0,7,0,0,7000,7000,29,259,1440,93,54,49,78,39,37,0,39321,247,160,151,205,118,115,26222,39321
12.176,0,817,22,84,58,14.7,13.57,0.923,1,0,0,0,12,312,2.576,1,20,139,0,0,0,0,1,0,0,0,0,0,0,0,0,0,0,53.05,34,0.344,1,0,0,0,0,0,0,0,0,0,800,820,800,800,1090,1400,76,0.254,26.5,14.3,12.98,0,139,0,20,22,12.819,353.28,1,0.645,0.645,0.586,2.09,0.645,0.02,0,,,,40,0,0,0,0,0,0,0,0,0,0,7,0,0,7000,7000,29,259,1440,93,54,68,79,40,37,0,39321,247,160,154,208,118,115,26222,39321
12.236,0,812,22,84,58,14.7,13.57,0.923,1,0,0,0,12.5,312,2.584,1,20,139,0,0,0,0,1,0,0,0,0,0,0,0,0,0,0,53.05,34,0.344,1,0,0,0,0,0,0,0,0,0,800,810,800,800,1090,1400,76,0.254,26.5,14.3,13.03,0,139,0,20,22,12.745,353.28,1,0.625,0.625,0.586,2.09,0.645,0.02,0,,,,91,0,0,0,0,0,0,0,0,0,0,7,0,0,7000,7000,29,259,1440,91,54,68,79,40,40,0,39321,250,160,154,208,118,112,26222,39321
12.296,0,809,22,84,58,14.7,13.57,0.923,1,0,0,0,12.5,312,2.584,1,20,139,0,0,0,0,1,0,0,0,0,0,0,0,0,0,0,53.05,34,0.344,1,0,0,0,0,0,0,0,0,0,800,810,800,800,1090,1400,76,0.254,26.5,14.3,13.03,0,139,0,20,22,12.745,353.28,1,0.625,0.625,0.586,2.09,0.645,0.02,0,,,,47,0,0,0,0,0,0,0,0,0,0,7,0,0,7000,7000,29,259,1440,91,56,47,79,40,40,0,39321,250,160,151,208,118,112,26222,39321
12.356,0,814,22,84,58,14.7,13.57,0.923,1,0,0,0,12.5,312,2.584,1,20,139,0,0,0,0,1,0,0,0,0,0,0,0,0,0,0,53.05,34,0.344,1,0,0,0,0,0,0,0,0,0,800,810,800,800,1090,1400,76,0.254,26.5,14.3,13.03,0,139,0,20,22,12.745,353.28,1,0.645,0.645,0.586,2.09,0.645,0.02,0,,,,40,0,0,0,0,0,0,0,0,0,0,7,0,0,7000,7000,29,259,1440,91,56,47,76,51,40,0,39321,250,160,151,208,120,112,26222,39321
12.416,0,814,22,84,58,14.7,13.57,0.923,1,0,0,0,12.5,312,2.576,1,20,138.83,0,0,0,0,1,0,0,0,0,0,0,0,0,0,0,52.82,34,0.344,1,0,0,0,0,0,0,0,0,0,800,810,800,800,1090,1400,76,0.254,26.5,14.3,13.03,0,138.83,0,20,22,12.745,353.28,1,0.645,0.645,0.586,2.09,0.645,0.02,0,,,,62,0,0,0,0,0,0,0,0,0,0,7,0,0,7000,7000,29,259,1440,95,62,47,76,51,40,0,39321,250,160,151,208,120,112,26222,39321
12.476,0,814,22,84,58,14.7,13.54,0.921,1,0,0,0,12.5,312,2.576,1,20,138.67,0,0,0,0,1,0,0,0,0,0,0,0,0,0,0,52.82,34,0.344,1,0,0,0,0,0,0,0,0,0,800,810,800,800,1090,1400,76,0.254,26.5,14.3,12.98,0,138.67,0,20,22,12.745,353.28,1,0.625,0.625,0.586,2.09,0.645,0.02,0,,,,47,0,0,0,0,0,0,0,0,0,0,7,0,0,7000,7000,29,259,1440,95,62,61,78,47,40,0,39321,250,160,154,208,120,112,26222,39321
12.536,0,811,22,84,58,14.7,13.51,0.919,1,0,0,0,12.5,312,2.576,1,20,138.5,0,0,0,0,1,0,0,0,0,0,0,0,0,0,0,52.82,34,0.344,1,0,0,0,0,0,0,0,0,0,800,810,800,800,1090,1400,76,0.254,26.5,14.3,13.09,0,138.5,0,20,22,12.819,353.28,1,0.645,0.645,0.586,2.09,0.645,0.02,0,,,,107,0,0,0,0,0,0,0,0,0,0,7,0,0,7000,7000,29,259,1440,107,62,61,78,47,39,0,39321,253,160,154,208,120,112,26222,39321
12.596,0,808,22,84,58,14.7,13.51,0.919,1,0,0,0,12.5,312,2.568,1,20,138.67,0,0,0,0,1,0,0,0,0,0,0,0,0,0,0,53.05,34,0.344,1,0,0,0,0,0,0,0,0,0,800,810,800,800,1090,1400,76,0.254,26.5,14.3,13.03,0,138.67,0,20,22,12.819,353.28,1,0.645,0.645,0.586,2.09,0.645,0.02,0,,,,71,0,0,0,0,0,0,0,0,0,0,7,0,0,7000,7000,29,259,1440,107,52,54,71,47,39,0,39321,253,160,154,208,120,112,26222,39321
12.655,0,809,22,84,58,14.7,13.51,0.919,1,0,0,0,12.5,312,2.568,1,20,138.83,0,0,0,0,1,0,0,0,0,0,0,0,0,0,0,53.05,34,0.344,1,0,0,0,0,0,0,0,0,0,800,810,800,800,1090,1400,76,0.254,26.5,14.3,13.03,0,138.83,0,20,22,12.819,353.28,1,0.645,0.645,0.586,2.09,0.645,0.02,0,,,,45,0,0,0,0,0,0,0,0,0,0,7,0,0,7000,7000,29,259,1440,107,52,54,71,49,45,0,39321,253,160,154,208,120,115,26222,39321
12.715,0,814,22,84,58,14.7,13.51,0.919,1,0,0,0,12.5,312,2.576,1,20,139,0,0,0,0,1,0,0,0,0,0,0,0,0,0,0,53.05,34,0.344,1,0,0,0,0,0,0,0,0,0,800,810,800,800,1090,1400,76,0.254,26.5,14.3,13.03,0,139,0,20,22,12.819,353.28,1,0.645,0.645,0.586,2.09,0.645,0.02,0,,,,57,0,0,0,0,0,0,0,0,0,0,7,0,0,7000,7000,29,259,1440,117,47,57,71,49,45,0,39321,255,160,154,208,120,115,26222,39321
12.775,0,818,22,84,58,14.7,13.48,0.917,1,0,0,0,12,312,2.568,1,20,138.83,0,0,0,0,1,0,0,0,0,0,0,0,0,0,0,52.82,34,0.344,1,0,0,0,0,0,0,0,0,0,800,820,800,800,1090,1400,76,0.254,26.5,14.3,13.03,0,138.83,0,20,22,12.819,353.28,1,0.625,0.625,0.586,2.09,0.645,0.02,0,,,,52,0,0,0,0,0,0,0,0,0,0,7,0,0,7000,7000,29,259,1440,117,47,57,76,52,45,0,39321,255,160,154,208,120,115,26222,39321
12.836,0,820,22,84,58,14.7,13.48,0.917,1,0,0,0,12,312,2.568,1,20,138.67,0,0,0,0,1,0,0,0,0,0,0,0,0,0,0,52.82,34,0.344,1,0,0,0,0,0,0,0,0,0,840,820,800,800,1090,1400,76,0.254,26.5,14.3,12.69,0,138.67,0,20,22,12.819,353.28,1,0.625,0.625,0.586,2.09,0.645,0.02,0,,,,112,0,0,0,0,0,0,0,0,0,0,7,0,0,7000,7000,29,259,1440,112,47,57,76,52,45,0,39321,258,160,154,208,120,118,26222,39321
12.896,0,812,22,84,58,14.7,13.47,0.916,1,0,0,0,12.5,312,2.568,1,20,138.5,0,0,0,0,1,0,0,0,0,0,0,0,0,0,0,52.82,34,0.344,1,0,0,0,0,0,0,0,0,0,800,810,800,800,1090,1400,76,0.254,26.5,14.3,12.75,0,138.5,0,20,22,12.819,353.28,1,0.625,0.625,0.586,2.09,0.645,0.02,0,,,,79,0,0,0,0,0,0,0,0,0,0,7,0,0,7000,7000,29,259,1440,112,64,56,79,52,45,0,39321,258,160,157,208,120,118,26222,39321
12.955,0,812,22,84,58,14.7,13.47,0.916,1,0,0,0,12.5,312,2.568,1,20,138.5,0,0,0,0,1,0,0,0,0,0,0,0,0,0,0,52.82,34,0.344,1,0,0,0,0,0,0,0,0,0,800,810,800,800,1090,1400,76,0.254,26.5,14.3,12.75,0,138.5,0,20,22,12.745,353.28,1,0.625,0.625,0.586,2.09,0.645,0.02,0,,,,45,0,0,0,0,0,0,0,0,0,0,7,0,0,7000,7000,29,259,1440,112,64,56,79,44,45,0,39321,258,160,157,208,120,118,26222,39321
13.015,0,809,22,84,58,14.7,13.47,0.916,1,0,0,0,12.5,312,2.576,1,20,138.5,0,0,0,0,1,0,0,0,0,0,0,0,0,0,0,52.82,34,0.344,1,0,0,0,0,0,0,0,0,0,800,810,800,800,1090,1400,76,0.254,26.5,14.3,12.75,0,138.5,0,20,22,12.745,353.28,1,0.625,0.625,0.586,2.09,0.645,0.02,0,,,,57,0,0,0,0,0,0,0,0,0,0,7,0,0,7000,7000,29,259,1440,113,54,57,79,44,45,0,39321,261,160,157,208,120,118,26222,39321
13.075,0,814,22,84,58,14.7,13.47,0.916,1,0,0,0,12.5,312,2.576,1,20,138.67,0,0,0,0,1,0,0,0,0,0,0,0,0,0,0,52.82,34,0.344,1,0,0,0,0,0,0,0,0,0,800,810,800,800,1090,1400,76,0.254,26.5,14.3,12.81,0,138.67,0,20,22,12.745,353.28,1,0.645,0.645,0.586,2.09,0.645,0.02,0,,,,57,0,0,0,0,0,0,0,0,0,0,7,0,0,7000,7000,29,259,1440,113,54,57,79,57,45,0,39321,261,160,157,210,120,118,26222,39321
13.136,0,815,22,84,58,14.7,13.44,0.914,1,0,0,0,12,312,2.576,1,20,138.5,0,0,0,0,1,0,0,0,0,0,0,0,0,0,0,52.82,34,0.344,1,0,0,0,0,0,0,0,0,0,800,820,800,800,1090,1400,76,0.254,26.5,14.3,12.92,0,138.5,0,20,22,12.745,353.28,1,0.645,0.645,0.586,2.09,0.645,0.02,0,,,,52,0,0,0,0,0,0,0,0,0,0,7,0,0,7000,7000,29,259,1440,115,52,57,79,57,44,0,39321,264,160,157,210,120,120,26222,39321
13.196,0,813,22,84,58,14.7,13.44,0.914,1,0,0,0,12.5,312,2.576,1,20,138.5,0,0,0,0,1,0,0,0,0,0,0,0,0,0,0,52.82,34,0.344,1,0,0,0,0,0,0,0,0,0,800,810,800,800,1090,1400,76,0.254,26.5,14.3,12.92,0,138.5,0,20,22,12.745,353.28,1,0.625,0.625,0.586,2.09,0.645,0.02,0,,,,73,0,0,0,0,0,0,0,0,0,0,7,0,0,7000,7000,29,259,1440,115,52,56,73,57,44,0,39321,264,160,157,210,120,120,26222,39321
13.255,0,816,22,84,58,14.7,13.44,0.914,1,0,0,0,12,312,2.568,1,20,138.5,0,0,0,0,1,0,0,0,0,0,0,0,0,0,0,52.82,34,0.344,1,0,0,0,0,0,0,0,0,0,800,820,800,800,1090,1400,76,0.254,26.5,14.3,12.98,0,138.5,0,20,22,12.819,353.28,1,0.625,0.625,0.586,2.09,0.645,0.02,0,,,,102,0,0,0,0,0,0,0,0,0,0,7,0,0,7000,7000,29,259,1440,102,52,56,73,54,39,0,39321,264,160,157,210,120,120,26222,39321
13.315,0,817,22,84,58,14.7,13.44,0.914,1,0,0,0,12,312,2.552,1,20,138.5,0,0,0,0,1,0,0,0,0,0,0,0,0,0,0,52.82,34,0.344,1,0,0,0,0,0,0,0,0,0,800,820,800,800,1090,1400,76,0.254,26.5,14.3,12.98,0,138.5,0,20,22,12.819,353.28,1,0.625,0.625,0.586,2.09,0.645,0.02,0,,,,56,0,0,0,0,0,0,0,0,0,0,7,0,0,7000,7000,29,259,1440,102,62,56,73,54,39,0,39321,264,163,157,210,120,120,26222,39321
13.375,0,820,22,84,58,14.7,13.44,0.914,1,0,0,0,12,312,2.552,1,20,138.5,0,0,0,0,1,0,0,0,0,0,0,0,0,0,0,52.82,34,0.344,1,0,0,0,0,0,0,0,0,0,840,820,800,800,1090,1400,76,0.254,26.5,14.3,13.03,0,138.5,0,20,22,12.819,353.28,1,0.625,0.625,0.586,2.09,0.645,0.02,0,,,,52,0,0,0,0,0,0,0,0,0,0,7,0,0,7000,7000,29,259,1440,102,62,56,78,52,39,0,39321,264,163,157,210,123,120,26222,39321
13.436,0,823,22,84,58,14.7,13.47,0.916,1,0,0,0,12,312,2.552,1,21,138.5,0,0,0,0,1,0,0,0,0,0,0,0,0,0,0,52.82,34,0.344,1,0,0,0,0,0,0,0,0,0,840,820,800,800,1090,1400,76,0.254,26.5,14.3,13.03,0,138.5,0,21,22,12.819,353.28,1,0.625,0.625,0.586,2.09,0.645,0.02,0,,,,52,0,0,0,0,0,0,0,0,0,0,7,0,0,7000,7000,29,259,1440,102,52,56,78,52,44,0,39321,264,163,157,210,123,120,26222,39321
13.496,0,823,22,84,58,14.7,13.47,0.916,1,0,0,0,12,312,2.552,1,21,138.5,0,0,0,0,1,0,0,0,0,0,0,0,0,0,0,52.82,34,0.344,1,0,0,0,0,0,0,0,0,0,840,820,800,800,1090,1400,76,0.254,26.5,14.3,12.86,0,138.5,0,21,22,12.819,353.28,1,0.645,0.645,0.586,2.09,0.645,0.02,0,,,,73,0,0,0,0,0,0,0,0,0,0,7,0,0,7000,7000,29,259,1440,102,52,56,73,52,44,0,39321,264,163,157,210,123,120,26222,39321
13.556,0,823,22,84,58,14.7,13.47,0.916,1,0,0,0,12,312,2.56,1,20,138.5,0,0,0,0,1,0,0,0,0,0,0,0,0,0,0,52.6,34,0.344,1,0,0,0,0,0,0,0,0,0,840,820,800,800,1090,1400,76,0.254,26.5,14.3,12.86,0,138.5,0,20,22,12.745,353.28,1,0.625,0.625,0.586,2.09,0.645,0.02,0,,,,102,0,0,0,0,0,0,0,0,0,0,7,0,0,7000,7000,29,259,1440,102,52,56,73,44,44,0,39321,264,163,157,210,123,120,26222,39321
13.616,0,819,22,84,58,14.7,13.47,0.916,1,0,0,0,12,312,2.56,1,20,138.33,0,0,0,0,1,0,0,0,0,0,0,0,0,0,0,52.6,34,0.344,1,0,0,0,0,0,0,0,0,0,800,820,800,800,1090,1400,76,0.254,26.5,14.3,12.86,0,138.33,0,20,22,12.745,353.28,1,0.625,0.625,0.586,2.09,0.645,0.02,0,,,,57,0,0,0,0,0,0,0,0,0,0,7,0,0,7000,7000,29,259,1440,102,52,57,73,44,44,0,39321,264,163,157,210,123,120,26222,39321
13.676,0,809,22,84,58,14.7,13.48,0.917,1,0,0,0,12.5,312,2.576,1,20,138.5,0,0,0,0,1,0,0,0,0,0,0,0,0,0,0,52.82,34,0.344,1,0,0,0,0,0,0,0,0,0,800,810,800,800,1090,1400,76,0.254,26.5,14.3,12.81,0,138.5,0,20,22,12.745,353.28,1,0.625,0.625,0.586,2.09,0.645,0.02,0,,,,45,0,0,0,0,0,0,0,0,0,0,7,0,0,7000,7000,29,259,1440,102,52,57,76,42,45,0,39321,264,163,157,210,123,120,26222,39321
13.736,0,811,22,84,58,14.7,13.48,0.917,1,0,0,0,12.5,312,2.576,1,20,138.5,0,0,0,0,1,0,0,0,0,0,0,0,0,0,0,52.82,34,0.344,1,0,0,0,0,0,0,0,0,0,800,810,800,800,1090,1400,76,0.254,26.5,14.3,12.86,0,138.5,0,20,22,12.745,353.28,1,0.645,0.645,0.586,2.09,0.645,0.02,0,,,,59,0,0,0,0,0,0,0,0,0,0,7,0,0,7000,7000,29,259,1440,112,59,57,76,42,45,0,39321,267,163,157,210,123,120,26222,39321
13.796,0,805,22,84,58,14.7,13.48,0.917,1,0,0,0,12.5,312,2.576,1,20,138.5,0,0,0,0,1,0,0,0,0,0,0,0,0,0,0,52.82,34,0.344,1,0,0,0,0,0,0,0,0,0,800,810,800,800,1090,1400,76,0.254,26.5,14.3,12.98,0,138.5,0,20,22,12.745,353.28,1,0.625,0.625,0.586,2.09,0.645,0.02,0,,,,42,0,0,0,0,0,0,0,0,0,0,7,0,0,7000,7000,29,259,1440,112,59,57,78,42,45,0,39321,267,163,157,210,123,120,26222,39321
13.856,0,807,22,84,58,14.7,13.47,0.916,1,0,0,0,12.5,312,2.568,1,20,138.5,0,0,0,0,1,0,0,0,0,0,0,0,0,0,0,52.82,34,0.344,1,0,0,0,0,0,0,0,0,0,800,810,800,800,1090,1400,76,0.254,26.5,14.3,12.98,0,138.5,0,20,22,12.819,353.28,1,0.625,0.625,0.586,2.09,0.645,0.02,0,,,,122,0,0,0,0,0,0,0,0,0,0,7,0,0,7000,7000,29,259,1440,122,59,57,78,42,45,0,39321,272,163,157,210,123,120,26222,39321
13.916,0,806,22,84,58,14.7,13.47,0.916,1,0,0,0,12.5,312,2.568,1,20,138.5,0,0,0,0,1,0,0,0,0,0,0,0,0,0,0,52.82,34,0.344,1,0,0,0,0,0,0,0,0,0,800,810,800,800,1090,1400,76,0.254,26.5,14.3,12.92,0,138.5,0,20,22,12.819,353.28,1,0.625,0.625,0.586,2.09,0.645,0.02,0,,,,56,0,0,0,0,0,0,0,0,0,0,7,0,0,7000,7000,29,259,1440,122,59,56,78,42,45,0,39321,272,163,157,210,123,120,26222,39321
13.976,0,812,22,84,58,14.7,13.47,0.916,1,0,0,0,12.5,312,2.568,1,20,138.67,0,0,0,0,1,0,0,0,0,0,0,0,0,0,0,52.82,34,0.344,1,0,0,0,0,0,0,0,0,0,800,810,800,800,1090,1400,76,0.254,26.5,14.3,12.92,0,138.67,0,20,22,12.819,353.28,1,0.645,0.645,0.586,2.09,0.645,0.02,0,,,,40,0,0,0,0,0,0,0,0,0,0,7,0,0,7000,7000,29,259,1440,122,59,56,69,51,40,0,39321,272,163,157,210,123,120,26222,39321
14.036,0,816,22,84,58,14.7,13.48,0.917,1,0,0,0,12,312,2.568,1,20,138.5,0,0,0,0,1,0,0,0,0,0,0,0,0,0,0,52.82,34,0.344,1,0,0,0,0,0,0,0,0,0,800,820,800,800,1090,1400,76,0.254,26.5,14.3,12.92,0,138.5,0,20,22,12.819,353.28,1,0.645,0.645,0.586,2.09,0.645,0.02,0,,,,51,0,0,0,0,0,0,0,0,0,0,7,0,0,7000,7000,29,259,1440,103,51,56,69,51,40,0,39321,272,163,157,210,123,120,26222,39321
14.096,0,817,22,84,58,14.7,13.51,0.919,1,0,0,0,12,312,2.568,1,20,138.5,0,0,0,0,1,0,0,0,0,0,0,0,0,0,0,52.82,34,0.344,1,0,0,0,0,0,0,0,0,0,800,820,800,800,1090,1400,76,0.254,26.5,14.3,12.75,0,138.5,0,20,22,12.819,353.28,1,0.625,0.625,0.586,2.09,0.645,0.02,0,,,,44,0,0,0,0,0,0,0,0,0,0,7,0,0,7000,7000,29,259,1440,103,51,61,78,44,40,0,39321,272,163,157,210,123,120,26222,39321
14.156,0,822,22,84,58,14.7,13.51,0.919,1,0,0,0,12,312,2.568,1,20,138.5,0,0,0,0,1,0,0,0,0,0,0,0,0,0,0,52.82,34,0.344,1,0,0,0,0,0,0,0,0,0,840,820,800,800,1090,1400,76,0.254,26.5,14.3,12.81,0,138.5,0,20,22,12.819,353.28,1,0.645,0.645,0.586,2.09,0.645,0.02,0,,,,108,0,0,0,0,0,0,0,0,0,0,7,0,0,7000,7000,29,259,1440,108,51,61,78,44,42,0,39321,275,163,157,210,123,120,26222,39321
14.216,0,821,22,84,58,14.7,13.51,0.919,1,0,0,0,12,312,2.552,1,20,138.5,0,0,0,0,1,0,0,0,0,0,0,0,0,0,0,52.82,34,0.344,1,0,0,0,0,0,0,0,0,0,840,820,800,800,1090,1400,76,0.254,26.5,14.3,12.75,0,138.5,0,20,22,12.819,353.28,1,0.645,0.645,0.586,2.09,0.645,0.02,0,,,,73,0,0,0,0,0,0,0,0,0,0,7,0,0,7000,7000,29,259,1440,108,52,51,73,44,42,0,39321,275,163,154,210,123,120,26222,39321
14.276,0,824,22,84,58,14.7,13.51,0.919,1,0,0,0,12,312,2.56,1,21,138.5,0,0,0,0,1,0,0,0,0,0,0,0,0,0,0,52.82,34,0.344,1,0,0,0,0,0,0,0,0,0,840,820,800,800,1090,1400,76,0.254,26.5,14.3,12.86,0,138.5,0,21,22,12.745,353.28,1,0.645,0.645,0.586,2.09,0.645,0.02,0,,,,44,0,0,0,0,0,0,0,0,0,0,7,0,0,7000,7000,29,259,1440,108,52,51,73,35,44,0,39321,275,163,154,210,123,120,26222,39321
14.336,0,823,21,84,58,14.7,13.51,0.919,1,0,0,0,12,312,2.552,1,20,137.5,0,0,0,0,1,0,0,0,0,0,0,0,0,0,0,52.6,34,0.344,1,0,0,0,0,0,0,0,0,0,840,820,800,800,1090,1400,76,0.254,26.5,14.3,12.86,0,137.5,0,20,21,12.745,353.28,1,0.625,0.625,0.586,2.09,0.645,0.02,0,,,,59,0,0,0,0,0,0,0,0,0,0,7,0,0,7000,7000,29,259,1440,107,57,59,73,35,44,0,39321,275,163,154,210,123,120,26222,39321
14.396,0,824,21,84,58,14.7,13.51,0.919,1,0,0,0,12,312,2.544,1,20,136.83,0,0,0,0,1,0,0,0,0,0,0,0,0,0,0,52.6,34,0.344,1,0,0,0,0,0,0,0,0,0,840,820,800,800,1090,1400,76,0.254,26.5,14.3,13.15,0,136.83,0,20,21,12.745,353.28,1,0.645,0.645,0.586,2.09,0.645,0.02,0,,,,39,0,0,0,0,0,0,0,0,0,0,7,0,0,7000,7000,29,259,1440,107,57,59,76,39,44,0,39321,275,163,154,213,120,120,26222,39321
14.456,0,820,21,84,58,14.7,13.51,0.919,1,0,0,0,12,312,2.536,1,20,136.17,0,0,0,0,1,0,0,0,0,0,0,0,0,0,0,52.37,34,0.344,1,0,0,0,0,0,0,0,0,0,840,820,800,800,1090,1400,76,0.254,26.5,14.3,13.09,0,136.17,0,20,21,12.745,353.28,1,0.625,0.625,0.586,2.09,0.645,0.02,0,,,,49,0,0,0,0,0,0,0,0,0,0,7,0,0,7000,7000,29,259,1440,103,49,59,76,39,45,0,39321,278,160,154,213,120,120,26222,39321
14.516,0,815,21,84,58,14.7,13.48,0.917,1,0,0,0,12,312,2.536,1,20,135.83,0,0,0,0,1,0,0,0,0,0,0,0,0,0,0,52.37,34,0.344,1,0,0,0,0,0,0,0,0,0,800,820,800,800,1090,1400,76,0.254,26.5,14.3,13.09,0,135.83,0,20,21,12.819,353.28,1,0.625,0.625,0.586,2.09,0.645,0.02,0,,,,78,0,0,0,0,0,0,0,0,0,0,7,0,0,7000,7000,29,259,1440,103,49,56,78,39,45,0,39321,278,160,154,213,120,120,26222,39321
14.576,0,813,21,84,58,14.7,13.51,0.919,1,0,0,0,12.5,312,2.528,1,20,135.5,0,0,0,0,1,0,0,0,0,0,0,0,0,0,0,52.15,33,0.344,1,0,0,0,0,0,0,0,0,0,800,810,800,800,1090,1400,76,0.254,26.5,14.3,13.09,0,135.5,0,20,21,12.819,353.28,1,0.625,0.625,0.586,2.09,0.645,0.02,0,,,,42,0,0,0,0,0,0,0,0,0,0,7,0,0,7000,7000,29,259,1440,103,49,56,78,54,42,0,39321,278,160,154,213,123,120,26222,39321
14.636,0,812,21,84,58,14.7,13.51,0.919,1,0,0,0,12.5,312,2.528,1,20,135.33,0,0,0,0,1,0,0,0,0,0,0,0,0,0,0,52.15,33,0.344,1,0,0,0,0,0,0,0,0,0,800,810,800,800,1090,1400,76,0.254,27,14.3,13.09,0,135.33,0,20,21,12.819,353.28,1,0.625,0.625,0.586,2.09,0.645,0.02,0,,,,57,0,0,0,0,0,0,0,0,0,0,7,0,0,7000,7000,29,259,1440,102,64,57,78,54,42,0,39321,278,163,154,213,123,120,26222,39321
14.696,0,809,21,84,58,14.7,13.48,0.917,1,0,0,0,12.5,312,2.528,1,20,135.17,0,0,0,0,1,0,0,0,0,0,0,0,0,0,0,52.15,33,0.344,1,0,0,0,0,0,0,0,0,0,800,810,800,800,1090,1400,76,0.254,27,14.3,13.03,0,135.17,0,20,21,12.819,353.28,1,0.625,0.625,0.586,2.09,0.645,0.02,0,,,,52,0,0,0,0,0,0,0,0,0,0,7,0,0,7000,7000,29,259,1440,102,64,57,81,52,42,0,39321,278,163,154,213,123,120,26222,39321
14.756,0,814,21,84,58,14.7,13.48,0.917,1,0,0,0,12.5,312,2.528,1,20,135,0,0,0,0,1,0,0,0,0,0,0,0,0,0,0,52.15,33,0.344,1,0,0,0,0,0,0,0,0,0,800,810,800,800,1090,1400,76,0.254,27,14.3,12.86,0,135,0,20,21,12.819,353.28,1,0.625,0.625,0.586,2.09,0.645,0.02,0,,,,62,0,0,0,0,0,0,0,0,0,0,7,0,0,7000,7000,29,259,1440,96,62,57,81,52,40,0,39321,278,163,154,213,123,120,26222,39321
14.816,0,809,21,84,58,14.7,13.48,0.917,1,0,0,0,12.5,312,2.528,1,20,135,0,0,0,0,1,0,0,0,0,0,0,0,0,0,0,52.15,33,0.344,1,0,0,0,0,0,0,0,0,0,800,810,800,800,1090,1400,76,0.254,27,14.3,12.86,0,135,0,20,21,12.745,353.28,1,0.645,0.645,0.586,2.07,0.645,0.02,0,,,,73,0,0,0,0,0,0,0,0,0,0,7,0,0,7000,7000,29,259,1440,96,62,57,73,52,40,0,39321,278,163,154,213,123,120,26222,39321
14.876,0,803,21,84,58,14.7,13.48,0.917,1,0,0,0,13,312,2.536,1,20,135,0,0,0,0,1,0,0,0,0,0,0,0,0,0,0,52.15,33,0.344,1,0,0,0,0,0,0,0,0,0,800,800,800,800,1090,1400,76,0.254,27,14.3,12.86,0,135,0,20,21,12.745,353.28,1,0.625,0.625,0.586,2.09,0.645,0.02,0,,,,95,0,0,0,0,0,0,0,0,0,0,7,0,0,7000,7000,29,259,1440,95,62,57,73,39,45,0,39321,278,163,154,213,123,120,26222,39321
14.936,0,797,21,84,58,14.7,13.47,0.916,1,0,0,0,13,312,2.536,1,19,135,0,0,0,0,1,0,0,0,0,0,0,0,0,0,0,52.15,33,0.344,1,0,0,0,0,0,0,0,0,0,800,800,800,800,1090,1400,76,0.254,27,14.3,12.81,0,135,0,19,21,12.745,353.28,1,0.625,0.625,0.586,2.09,0.645,0.02,0,,,,49,0,0,0,0,0,0,0,0,0,0,7,0,0,7000,7000,29,259,1440,95,62,49,73,39,45,0,39321,278,163,154,213,123,120,26222,39321
14.996,0,791,21,84,58,14.7,13.47,0.916,1,0,0,0,14,312,2.536,1,19,135.33,0,0,0,0,1,0,0,0,0,0,0,0,0,0,0,52.37,34,0.344,1,0,0,0,0,0,0,0,0,0,800,790,800,800,1090,1400,76,0.254,26.5,14.3,12.75,0,135.33,0,19,21,12.745,353.28,1,0.625,0.625,0.586,2.09,0.645,0.02,0,,,,47,0,0,0,0,0,0,0,0,0,0,7,0,0,7000,7000,29,259,1440,95,62,49,69,47,45,0,39321,278,163,154,210,123,120,26222,39321
15.056,0,790,21,84,58,14.7,13.44,0.914,1,0,0,0,14,312,2.536,1,19,135.33,0,0,0,0,1,0,0,0,0,0,0,0,0,0,0,52.37,34,0.344,1,0,0,0,0,0,0,0,0,0,800,790,800,800,1090,1400,76,0.254,26.5,14.3,12.86,0,135.33,0,19,21,12.745,353.28,1,0.625,0.625,0.586,2.09,0.645,0.02,0,,,,61,0,0,0,0,0,0,0,0,0,0,7,0,0,7000,7000,29,259,1440,91,61,49,69,47,40,0,39321,278,163,154,210,123,120,26222,39321
15.116,0,785,21,84,58,14.7,13.44,0.914,1,0,0,0,14,312,2.536,1,19,135.5,0,0,0,0,1,0,0,0,0,0,0,0,0,0,0,52.37,34,0.344,1,0,0,0,0,0,0,0,0,0,800,790,800,800,1090,1400,76,0.254,26.5,14.3,12.86,0,135.5,0,19,21,12.745,353.28,1,0.625,0.625,0.586,2.07,0.645,0.02,0,,,,71,0,0,0,0,0,0,0,0,0,0,7,0,0,7000,7000,29,259,1440,91,61,59,71,47,40,0,39321,278,163,154,210,123,120,26222,39321
15.176,0,784,21,84,58,14.7,13.44,0.914,1,0,0,0,15,312,2.536,1,19,135.5,0,0,0,0,1,0,0,0,0,0,0,0,0,0,0,52.37,34,0.344,1,0,0,0,0,0,0,0,0,0,800,780,800,800,1090,1400,76,0.254,26.5,14.3,12.86,0,135.5,0,19,21,12.745,353.28,1,0.625,0.625,0.586,2.09,0.645,0.02,0,,,,39,0,0,0,0,0,0,0,0,0,0,7,0,0,7000,7000,29,259,1440,91,61,59,71,47,39,0,39321,278,163,154,210,123,120,26222,39321
15.236,0,786,21,84,58,14.7,13.44,0.914,1,0,0,0,14,312,2.544,1,19,135.83,0,0,0,0,1,0,0,0,0,0,0,0,0,0,0,52.6,34,0.344,1,0,0,0,0,0,0,0,0,0,800,790,800,800,1090,1400,76,0.254,26.5,14.3,12.86,0,135.83,0,19,21,12.819,353.28,1,0.625,0.625,0.586,2.09,0.645,0.02,0,,,,57,0,0,0,0,0,0,0,0,0,0,7,0,0,7000,7000,29,259,1440,86,57,57,71,47,39,0,39321,275,163,154,210,123,120,26222,39321
15.296,0,783,21,84,58,14.7,13.44,0.914,1,0,0,0,15,312,2.536,1,19,135.83,0,0,0,0,1,0,0,0,0,0,0,0,0,0,0,52.6,34,0.344,1,0,0,0,0,0,0,0,0,0,800,780,800,800,1090,1400,76,0.254,26.5,14.3,12.92,0,135.83,0,19,21,12.819,353.28,1,0.645,0.645,0.586,2.07,0.645,0.02,0,,,,39,0,0,0,0,0,0,0,0,0,0,7,0,0,7000,7000,29,259,1440,86,57,57,73,39,39,0,39321,275,163,154,210,123,120,26222,39321
15.356,0,777,21,84,58,14.7,13.44,0.914,1,0,0,0,15,312,2.536,1,19,136,0,0,0,0,1,0,0,0,0,0,0,0,0,0,0,52.82,34,0.344,1,0,0,0,0,0,0,0,0,0,760,780,800,800,1090,1400,76,0.254,26,14.3,12.92,0,136,0,19,21,12.819,353.28,1,0.625,0.625,0.586,2.07,0.645,0.02,0,,,,91,0,0,0,0,0,0,0,0,0,0,7,0,0,7000,7000,29,259,1440,91,57,57,73,39,42,0,39321,272,163,154,210,123,120,26222,39321
15.416,0,771,22,84,58,14.7,13.44,0.914,1,0,0,0,16,312,2.544,1,19,136.83,0,0,0,0,1,0,0,0,0,0,0,0,0,0,0,52.82,34,0.344,1,0,0,0,0,0,0,0,0,0,760,770,800,800,1090,1400,76,0.25,26,14.3,12.86,0,136.83,0,19,22,12.819,353.28,1,0.645,0.645,0.586,2.07,0.645,0.02,0,,,,64,0,0,0,0,0,0,0,0,0,0,7,0,0,7000,7000,29,259,1440,91,56,51,64,39,42,0,39321,272,163,154,208,123,120,26222,39321
15.476,0,770,22,84,58,14.7,13.44,0.914,1,0,0,0,16,312,2.568,1,19,137.67,0,0,0,0,1,0,0,0,0,0,0,0,0,0,0,53.05,34,0.344,1,0,0,0,0,0,0,0,0,0,760,770,800,800,1090,1400,76,0.25,26,14.3,12.69,0,137.67,0,19,22,12.745,353.28,1,0.645,0.645,0.586,2.07,0.645,0.02,0,,,,36,0,0,0,0,0,0,0,0,0,0,7,0,0,7000,7000,29,259,1440,91,56,51,64,33,36,0,39321,272,163,154,208,120,120,26222,39321
15.536,0,772,22,84,58,14.7,13.44,0.914,1,0,0,0,16,312,2.568,1,19,138.17,0,0,0,0,1,0,0,0,0,0,0,0,0,0,0,53.05,34,0.344,1,0,0,0,0,0,0,0,0,0,760,770,800,800,1090,1400,76,0.25,26,14.3,12.81,0,138.17,0,19,22,12.745,353.28,1,0.645,0.645,0.586,2.07,0.645,0.02,0,,,,54,0,0,0,0,0,0,0,0,0,0,7,0,0,7000,7000,29,259,1440,78,54,51,64,33,36,0,39321,270,163,154,208,120,120,26222,39321
15.596,0,777,22,84,58,14.7,13.44,0.914,1,0,0,0,15,312,2.584,1,19,139,0,0,0,0,1,0,0,0,0,0,0,0,0,0,0,53.27,35,0.344,1,0,0,0,0,0,0,0,0,0,760,780,800,800,1090,1400,76,0.25,25.5,14.3,12.86,0,139,0,19,22,12.745,353.28,1,0.645,0.645,0.586,2.07,0.645,0.02,0,,,,35,0,0,0,0,0,0,0,0,0,0,7,0,0,7000,7000,29,259,1440,78,54,54,68,35,36,0,39321,270,163,154,205,120,120,26222,39321
15.656,0,781,22,84,58,14.7,13.44,0.914,1,0,0,0,15,312,2.592,1,20,139.33,0,0,0,0,1,0,0,0,0,0,0,0,0,0,0,53.5,35,0.344,1,0,0,0,0,0,0,0,0,0,800,780,800,800,1090,1400,76,0.254,26,14.3,12.86,0,139.33,0,20,22,12.745,353.28,1,0.664,0.664,0.586,2.07,0.645,0.02,0,,,,85,0,0,0,0,0,0,0,0,0,0,7,0,0,7000,7000,29,259,1440,85,54,54,68,35,38,0,39321,270,163,154,205,120,118,26222,39321
15.716,0,777,22,84,58,14.7,13.47,0.916,1,0,0,0,15,312,2.592,1,20,139.67,0,0,0,0,1,0,0,0,0,0,0,0,0,0,0,53.5,35,0.344,1,0,0,0,0,0,0,0,0,0,760,780,800,800,1090,1400,76,0.254,25.5,14.3,13.03,0,139.67,0,20,22,12.745,353.28,1,0.645,0.645,0.586,2.07,0.645,0.02,0,,,,56,0,0,0,0,0,0,0,0,0,0,7,0,0,7000,7000,29,259,1440,85,54,56,68,35,38,0,39321,270,160,154,205,120,118,26222,39321
15.776,0,782,22,84,58,14.7,13.47,0.916,1,0,0,0,15,312,2.6,1,20,140,0,0,0,0,1,0,0,0,0,0,0,0,0,0,0,53.5,35,0.344,1,0,0,0,0,0,0,0,0,0,800,780,800,800,1090,1400,76,0.254,26,14.3,13.03,0,140,0,20,22,12.745,353.28,1,0.645,0.645,0.586,2.07,0.645,0.02,0,,,,49,0,0,0,0,0,0,0,0,0,0,7,0,0,7000,7000,29,259,1440,85,54,56,57,44,49,0,39321,270,160,154,202,123,118,26222,39321
15.836,0,788,22,84,58,14.7,13.47,0.916,1,0,0,0,14,312,2.6,1,20,140,0,0,0,0,1,0,0,0,0,0,0,0,0,0,0,53.5,35,0.344,1,0,0,0,0,0,0,0,0,0,800,790,800,800,1090,1400,76,0.254,26,14.3,13.03,0,140,0,20,22,12.745,353.28,1,0.664,0.664,0.586,2.07,0.645,0.02,0,,,,57,0,0,0,0,0,0,0,0,0,0,7,0,0,7000,7000,29,259,1440,86,57,56,57,44,49,0,39321,267,160,154,202,123,118,26222,39321
15.896,0,795,22,84,58,14.7,13.51,0.919,1,0,0,0,13,312,2.592,1,20,140.17,0,0,0,0,1,0,0,0,0,0,0,0,0,0,0,53.5,35,0.344,1,0,0,0,0,0,0,0,0,0,800,800,800,800,1090,1400,76,0.254,26,14.3,12.98,0,140.17,0,20,22,12.819,353.28,1,0.645,0.645,0.586,2.07,0.645,0.02,0,,,,34,0,0,0,0,0,0,0,0,0,0,7,0,0,7000,7000,29,259,1440,86,57,57,66,34,49,0,39321,267,160,154,202,120,118,26222,39321
15.956,0,799,22,84,58,14.7,13.54,0.921,1,0,0,0,13,312,2.592,1,20,140.17,0,0,0,0,1,0,0,0,0,0,0,0,0,0,0,53.5,35,0.344,1,0,0,0,0,0,0,0,0,0,800,800,800,800,1090,1400,76,0.254,26,14.3,13.09,0,140.17,0,20,22,12.819,353.28,1,0.645,0.645,0.586,2.07,0.645,0.02,0,,,,93,0,0,0,0,0,0,0,0,0,0,7,0,0,7000,7000,29,259,1440,93,57,57,66,34,40,0,39321,267,160,154,202,120,118,26222,39321
16.016,0,798,22,84,58,14.7,13.54,0.921,1,0,0,0,13,312,2.592,1,20,140.17,0,0,0,0,1,0,0,0,0,0,0,0,0,0,0,53.5,35,0.344,1,0,0,0,0,0,0,0,0,0,800,800,800,800,1090,1400,76,0.254,26,14.3,12.86,0,140.17,0,20,22,12.819,353.28,1,0.664,0.664,0.586,2.07,0.645,0.02,0,,,,54,0,0,0,0,0,0,0,0,0,0,7,0,0,7000,7000,29,259,1440,93,57,54,66,34,40,0,39321,267,160,154,202,120,118,26222,39321
16.076,0,799,22,84,58,14.7,13.6,0.925,1,0,0,0,13,312,2.592,1,20,140.17,0,0,0,0,1,0,0,0,0,0,0,0,0,0,0,53.5,35,0.344,1,0,0,0,0,0,0,0,0,0,800,800,800,800,1090,1400,76,0.254,26,14.3,12.92,0,140.17,0,20,22,12.819,353.28,1,0.645,0.645,0.586,2.07,0.645,0.02,0,,,,42,0,0,0,0,0,0,0,0,0,0,7,0,0,7000,7000,29,259,1440,93,57,54,68,35,42,0,39321,267,160,154,202,118,118,26222,39321
16.136,0,803,22,84,58,14.7,13.6,0.925,1,0,0,0,13,312,2.592,1,20,139.83,0,0,0,0,1,0,0,0,0,0,0,0,0,0,0,53.27,35,0.344,1,0,0,0,0,0,0,0,0,0,800,800,800,800,1090,1400,76,0.254,26,14.3,12.86,0,139.83,0,20,22,12.745,353.28,1,0.645,0.645,0.586,2.07,0.645,0.02,0,,,,59,0,0,0,0,0,0,0,0,0,0,7,0,0,7000,7000,29,259,1440,98,59,54,68,35,42,0,39321,270,160,154,202,118,118,26222,39321
16.195,0,801,22,84,58,14.7,13.6,0.925,1,0,0,0,13,312,2.592,1,20,139.83,0,0,0,0,1,0,0,0,0,0,0,0,0,0,0,53.5,35,0.344,1,0,0,0,0,0,0,0,0,0,800,800,800,800,1090,1400,76,0.254,26,14.3,12.81,0,139.83,0,20,22,12.745,353.28,1,0.645,0.645,0.586,2.07,0.645,0.02,0,,,,45,0,0,0,0,0,0,0,0,0,0,7,0,0,7000,7000,29,259,1440,98,59,61,68,45,42,0,39321,270,160,154,202,118,118,26222,39321
16.255,0,808,22,84,58,14.7,13.63,0.927,1,0,0,0,12.5,312,2.592,1,20,139.67,0,0,0,0,1,0,0,0,0,0,0,0,0,0,0,53.27,35,0.344,1,0,0,0,0,0,0,0,0,0,800,810,800,800,1090,1400,76,0.254,26,14.3,12.92,0,139.67,0,20,22,12.745,353.28,1,0.645,0.645,0.586,2.07,0.645,0.02,0,,,,91,0,0,0,0,0,0,0,0,0,0,7,0,0,7000,7000,29,259,1440,91,59,61,68,45,40,0,39321,270,160,154,202,118,118,26222,39321
16.316,0,806,22,84,58,14.7,13.6,0.925,1,0,0,0,12.5,312,2.592,1,20,139.67,0,0,0,0,1,0,0,0,0,0,0,0,0,0,0,53.27,35,0.344,1,0,0,0,0,0,0,0,0,0,800,810,800,800,1090,1400,76,0.254,26,14.3,12.86,0,139.67,0,20,22,12.745,353.28,1,0.645,0.645,0.586,2.07,0.645,0.02,0,,,,54,0,0,0,0,0,0,0,0,0,0,7,0,0,7000,7000,29,259,1440,91,56,54,68,45,40,0,39321,270,160,151,202,118,118,26222,39321
16.376,0,812,22,84,58,14.7,13.6,0.925,1,0,0,0,12.5,312,2.592,1,20,139.5,0,0,0,0,1,0,0,0,0,0,0,0,0,0,0,53.27,35,0.344,1,0,0,0,0,0,0,0,0,0,800,810,800,800,1090,1400,76,0.254,26,14.3,12.98,0,139.5,0,20,22,12.745,353.28,1,0.645,0.645,0.586,2.07,0.645,0.02,0,,,,44,0,0,0,0,0,0,0,0,0,0,7,0,0,7000,7000,29,259,1440,91,56,54,68,37,44,0,39321,270,160,151,202,118,118,26222,39321
16.436,0,809,22,84,58,14.7,13.6,0.925,1,0,0,0,12.5,312,2.592,1,20,139.33,0,0,0,0,1,0,0,0,0,0,0,0,0,0,0,53.05,34,0.344,1,0,0,0,0,0,0,0,0,0,800,810,800,800,1090,1400,76,0.254,26.5,14.3,13.03,0,139.33,0,20,22,12.745,353.28,1,0.645,0.645,0.586,2.07,0.645,0.02,0,,,,54,0,0,0,0,0,0,0,0,0,0,7,0,0,7000,7000,29,259,1440,110,54,54,68,37,44,0,39321,272,160,151,202,118,118,26222,39321
16.495,0,814,22,84,58,14.7,13.6,0.925,1,0,0,0,12.5,312,2.576,1,20,139.17,0,0,0,0,1,0,0,0,0,0,0,0,0,0,0,53.05,34,0.344,1,0,0,0,0,0,0,0,0,0,800,810,800,800,1090,1400,76,0.254,26.5,14.3,13.15,0,139.17,0,20,22,12.819,353.28,1,0.645,0.645,0.586,2.07,0.645,0.02,0,,,,54,0,0,0,0,0,0,0,0,0,0,7,0,0,7000,7000,29,259,1440,110,54,57,76,54,44,0,39321,272,160,151,202,120,118,26222,39321
16.555,0,817,22,84,58,14.7,13.57,0.923,1,0,0,0,12,312,2.576,1,20,139,0,0,0,0,1,0,0,0,0,0,0,0,0,0,0,53.05,34,0.344,1,0,0,0,0,0,0,0,0,0,800,820,800,800,1090,1400,76,0.254,26.5,14.3,13.03,0,139,0,20,22,12.819,353.28,1,0.645,0.645,0.586,2.07,0.645,0.02,0,,,,103,0,0,0,0,0,0,0,0,0,0,7,0,0,7000,7000,29,259,1440,103,54,57,76,54,42,0,39321,272,160,151,202,120,118,26222,39321
16.655,0,814,22,84,58,14.7,13.57,0.923,1,0,0,0,12.5,312,2.576,1,20,139,0,0,0,0,1,0,0,0,0,0,0,0,0,0,0,53.05,34,0.344,1,0,0,0,0,0,0,0,0,0,800,810,800,800,1090,1400,76,0.254,26.5,14.3,12.98,0,139,0,20,22,12.819,353.28,1,0.625,0.625,0.586,2.07,0.645,0.02,0,,,,54,0,0,0,0,0,0,0,0,0,0,7,0,0,7000,7000,29,259,1440,103,51,51,73,54,42,0,39321,272,160,151,202,120,118,26222,39321
16.715,0,824,22,84,58,14.7,13.57,0.923,1,0,0,0,12,312,2.56,1,21,139,0,0,0,0,1,0,0,0,0,0,0,0,0,0,0,52.82,34,0.344,1,0,0,0,0,0,0,0,0,0,840,820,800,800,1090,1400,76,0.254,26.5,14.3,12.81,0,139,0,21,22,12.745,353.28,1,0.625,0.625,0.586,2.07,0.645,0.02,0,,,,54,0,0,0,0,0,0,0,0,0,0,7,0,0,7000,7000,29,259,1440,112,54,51,73,54,47,0,39321,275,160,151,202,120,120,26222,39321
16.775,0,817,22,84,58,14.7,13.57,0.923,1,0,0,0,12,312,2.568,1,21,138.67,0,0,0,0,1,0,0,0,0,0,0,0,0,0,0,52.82,34,0.344,1,0,0,0,0,0,0,0,0,0,800,820,800,800,1090,1400,76,0.254,26.5,14.3,12.81,0,138.67,0,21,22,12.745,353.28,1,0.645,0.645,0.586,2.07,0.645,0.02,0,,,,78,0,0,0,0,0,0,0,0,0,0,7,0,0,7000,7000,29,259,1440,112,54,52,78,54,47,0,39321,275,160,149,205,120,120,26222,39321
16.835,0,815,22,84,58,14.7,13.57,0.923,1,0,0,0,12,312,2.576,1,20,138.67,0,0,0,0,1,0,0,0,0,0,0,0,0,0,0,52.82,34,0.344,1,0,0,0,0,0,0,0,0,0,800,820,800,800,1090,1400,76,0.254,26.5,14.3,12.86,0,138.67,0,20,22,12.745,353.28,1,0.625,0.625,0.586,2.07,0.645,0.02,0,,,,117,0,0,0,0,0,0,0,0,0,0,7,0,0,7000,7000,29,259,1440,117,54,52,78,37,44,0,39321,281,160,149,205,118,120,26222,39321
16.895,0,810,22,84,58,14.7,13.57,0.923,1,0,0,0,12.5,312,2.576,1,20,138.5,0,0,0,0,1,0,0,0,0,0,0,0,0,0,0,52.82,34,0.344,1,0,0,0,0,0,0,0,0,0,800,810,800,800,1090,1400,76,0.254,26.5,14.3,12.92,0,138.5,0,20,22,12.745,353.28,1,0.625,0.625,0.586,2.07,0.645,0.02,0,,,,54,0,0,0,0,0,0,0,0,0,0,7,0,0,7000,7000,29,259,1440,117,56,54,78,37,44,0,39321,281,160,149,205,118,120,26222,39321
16.955,0,804,22,84,58,14.7,13.54,0.921,1,0,0,0,13,312,2.576,1,20,138.5,0,0,0,0,1,0,0,0,0,0,0,0,0,0,0,52.82,34,0.344,1,0,0,0,0,0,0,0,0,0,800,800,800,800,1090,1400,76,0.254,26.5,14.3,12.92,0,138.5,0,20,22,12.745,353.28,1,0.625,0.625,0.586,2.07,0.645,0.02,0,,,,34,0,0,0,0,0,0,0,0,0,0,7,0,0,7000,7000,29,259,1440,117,56,54,68,34,44,0,39321,281,160,149,202,118,120,26222,39321
17.015,0,802,22,84,58,14.7,13.51,0.919,1,0,0,0,13,312,2.576,1,20,138.67,0,0,0,0,1,0,0,0,0,0,0,0,0,0,0,53.05,34,0.344,1,0,0,0,0,0,0,0,0,0,800,800,800,800,1090,1400,76,0.254,26.5,14.3,13.09,0,138.67,0,20,22,12.745,353.28,1,0.625,0.625,0.586,2.07,0.645,0.02,0,,,,51,0,0,0,0,0,0,0,0,0,0,7,0,0,7000,7000,29,259,1440,105,51,54,68,34,40,0,39321,281,160,149,202,118,120,26222,39321
17.075,0,804,22,84,58,14.7,13.51,0.919,1,0,0,0,13,312,2.576,1,20,138.67,0,0,0,0,1,0,0,0,0,0,0,0,0,0,0,53.05,34,0.344,1,0,0,0,0,0,0,0,0,0,800,800,800,800,1090,1400,76,0.254,26.5,14.3,13.09,0,138.67,0,20,22,12.745,353.28,1,0.645,0.645,0.586,2.07,0.645,0.02,0,,,,69,0,0,0,0,0,0,0,0,0,0,7,0,0,7000,7000,29,259,1440,105,51,52,69,34,40,0,39321,281,160,149,199,118,120,26222,39321
17.135,0,804,22,84,58,14.7,13.51,0.919,1,0,0,0,13,312,2.576,1,20,138.83,0,0,0,0,1,0,0,0,0,0,0,0,0,0,0,53.05,34,0.344,1,0,0,0,0,0,0,0,0,0,800,800,800,800,1090,1400,76,0.254,26.5,14.3,13.09,0,138.83,0,20,22,12.745,353.28,1,0.645,0.645,0.586,2.07,0.645,0.02,0,,,,96,0,0,0,0,0,0,0,0,0,0,7,0,0,7000,7000,29,259,1440,96,51,52,69,49,44,0,39321,281,160,149,199,120,120,26222,39321
17.195,0,807,22,84,58,14.7,13.51,0.919,1,0,0,0,12.5,312,2.584,1,20,139,0,0,0,0,1,0,0,0,0,0,0,0,0,0,0,53.05,34,0.344,1,0,0,0,0,0,0,0,0,0,800,810,800,800,1090,1400,76,0.254,26.5,14.3,13.03,0,139,0,20,22,12.745,353.28,1,0.664,0.664,0.586,2.07,0.645,0.02,0,,,,51,0,0,0,0,0,0,0,0,0,0,7,0,0,7000,7000,29,259,1440,96,64,51,69,49,44,0,39321,281,160,149,199,120,120,26222,39321
17.255,0,812,22,84,58,14.7,13.51,0.919,1,0,0,0,12.5,312,2.584,1,20,139,0,0,0,0,1,0,0,0,0,0,0,0,0,0,0,53.05,34,0.344,1,0,0,0,0,0,0,0,0,0,800,810,800,800,1090,1400,76,0.254,26.5,14.3,12.98,0,139,0,20,22,12.745,353.28,1,0.645,0.645,0.586,2.07,0.645,0.02,0,,,,47,0,0,0,0,0,0,0,0,0,0,7,0,0,7000,7000,29,259,1440,96,64,51,78,52,47,0,39321,281,160,149,199,123,120,26222,39321
17.315,0,811,22,84,58,14.7,13.51,0.919,1,0,0,0,12.5,312,2.584,1,20,139,0,0,0,0,1,0,0,0,0,0,0,0,0,0,0,53.05,34,0.344,1,0,0,0,0,0,0,0,0,0,800,810,800,800,1090,1400,76,0.254,26.5,14.3,12.86,0,139,0,20,22,12.745,353.28,1,0.625,0.625,0.586,2.07,0.645,0.02,0,,,,54,0,0,0,0,0,0,0,0,0,0,7,0,0,7000,7000,29,259,1440,100,54,51,78,52,47,0,39321,281,160,149,199,123,120,26222,39321
17.375,0,811,22,84,58,14.7,13.51,0.919,1,0,0,0,12.5,312,2.584,1,20,139,0,0,0,0,1,0,0,0,0,0,0,0,0,0,0,53.05,34,0.344,1,0,0,0,0,0,0,0,0,0,800,810,800,800,1090,1400,76,0.254,26.5,14.3,12.86,0,139,0,20,22,12.745,353.28,1,0.645,0.645,0.586,2.07,0.645,0.02,0,,,,78,0,0,0,0,0,0,0,0,0,0,7,0,0,7000,7000,29,259,1440,100,54,52,78,52,47,0,39321,281,160,149,199,123,120,26222,39321
17.435,0,809,22,84,58,14.7,13.54,0.921,1,0,0,0,12.5,312,2.584,1,20,139,0,0,0,0,1,0,0,0,0,0,0,0,0,0,0,53.05,34,0.344,1,0,0,0,0,0,0,0,0,0,800,810,800,800,1090,1400,76,0.254,26.5,14.3,12.86,0,139,0,20,22,12.745,353.28,1,0.645,0.645,0.586,2.07,0.645,0.02,0,,,,98,0,0,0,0,0,0,0,0,0,0,7,0,0,7000,7000,29,259,1440,98,54,52,78,51,45,0,39321,281,160,149,199,126,120,26222,39321
17.496,0,805,22,84,58,14.7,13.54,0.921,1,0,0,0,12.5,312,2.584,1,20,139,0,0,0,0,1,0,0,0,0,0,0,0,0,0,0,53.05,34,0.344,1,0,0,0,0,0,0,0,0,0,800,810,800,800,1090,1400,76,0.254,26.5,14.3,12.86,0,139,0,20,22,12.745,353.28,1,0.625,0.625,0.586,2.07,0.645,0.02,0,,,,54,0,0,0,0,0,0,0,0,0,0,7,0,0,7000,7000,29,259,1440,98,62,54,78,51,45,0,39321,281,160,149,199,126,120,26222,39321
17.556,0,805,22,84,58,14.7,13.54,0.921,1,0,0,0,12.5,312,2.584,1,20,139,0,0,0,0,1,0,0,0,0,0,0,0,0,0,0,53.05,34,0.344,1,0,0,0,0,0,0,0,0,0,800,810,800,800,1090,1400,76,0.254,26.5,14.3,12.86,0,139,0,20,22,12.745,353.28,1,0.645,0.645,0.586,2.07,0.645,0.02,0,,,,47,0,0,0,0,0,0,0,0,0,0,7,0,0,7000,7000,29,259,1440,98,62,54,66,37,47,0,39321,281,160,149,199,123,123,26222,39321
17.615,0,805,22,84,58,14.7,13.54,0.921,1,0,0,0,12.5,312,2.584,1,20,139,0,0,0,0,1,0,0,0,0,0,0,0,0,0,0,53.05,34,0.344,1,0,0,0,0,0,0,0,0,0,800,810,800,800,1090,1400,76,0.254,26.5,14.3,12.98,0,139,0,20,22,12.745,353.28,1,0.645,0.645,0.586,2.07,0.645,0.02,0,,,,56,0,0,0,0,0,0,0,0,0,0,7,0,0,7000,7000,29,259,1440,100,56,54,66,37,47,0,39321,281,160,149,199,123,123,26222,39321
17.675,0,803,22,84,58,14.7,13.54,0.921,1,0,0,0,13,312,2.584,1,20,139,0,0,0,0,1,0,0,0,0,0,0,0,0,0,0,53.05,34,0.344,1,0,0,0,0,0,0,0,0,0,800,800,800,800,1090,1400,76,0.254,26.5,14.3,12.92,0,139,0,20,22,12.745,353.28,1,0.645,0.645,0.586,2.07,0.645,0.02,0,,,,69,0,0,0,0,0,0,0,0,0,0,7,0,0,7000,7000,29,259,1440,100,56,61,69,37,47,0,39321,281,160,149,199,123,123,26222,39321
17.735,0,805,22,84,58,14.7,13.54,0.921,1,0,0,0,12.5,312,2.584,1,20,139,0,0,0,0,1,0,0,0,0,0,0,0,0,0,0,53.05,34,0.344,1,0,0,0,0,0,0,0,0,0,800,810,800,800,1090,1400,76,0.254,26.5,14.3,13.03,0,139,0,20,22,12.745,353.28,1,0.645,0.645,0.586,2.07,0.645,0.02,0,,,,103,0,0,0,0,0,0,0,0,0,0,7,0,0,7000,7000,29,259,1440,103,56,61,69,51,47,0,39321,281,160,149,199,123,126,26222,39321
17.796,0,804,22,84,58,14.7,13.51,0.919,1,0,0,0,13,312,2.584,1,20,139,0,0,0,0,1,0,0,0,0,0,0,0,0,0,0,53.05,34,0.344,1,0,0,0,0,0,0,0,0,0,800,800,800,800,1090,1400,76,0.254,26.5,14.3,12.92,0,139,0,20,22,12.819,353.28,1,0.645,0.645,0.586,2.07,0.645,0.02,0,,,,52,0,0,0,0,0,0,0,0,0,0,7,0,0,7000,7000,29,259,1440,103,64,52,69,51,47,0,39321,281,160,149,199,123,126,26222,39321
17.856,0,809,22,84,58,14.7,13.51,0.919,1,0,0,0,12.5,312,2.576,1,20,139,0,0,0,0,1,0,0,0,0,0,0,0,0,0,0,53.05,34,0.344,1,0,0,0,0,0,0,0,0,0,800,810,800,800,1090,1400,76,0.254,26.5,14.3,13.09,0,139,0,20,22,12.819,353.28,1,0.625,0.625,0.586,2.07,0.645,0.02,0,,,,44,0,0,0,0,0,0,0,0,0,0,7,0,0,7000,7000,29,259,1440,103,64,52,73,59,44,0,39321,281,160,149,199,126,126,26222,39321
17.915,0,811,22,84,58,14.7,13.54,0.921,1,0,0,0,12.5,312,2.576,1,20,139,0,0,0,0,1,0,0,0,0,0,0,0,0,0,0,53.05,34,0.344,1,0,0,0,0,0,0,0,0,0,800,810,800,800,1090,1400,76,0.254,26.5,14.3,13.03,0,139,0,20,22,12.819,353.28,1,0.645,0.645,0.586,2.07,0.645,0.02,0,,,,56,0,0,0,0,0,0,0,0,0,0,7,0,0,7000,7000,29,259,1440,102,56,52,73,59,44,0,39321,281,160,149,199,126,126,26222,39321
17.975,0,810,22,84,58,14.7,13.54,0.921,1,0,0,0,12.5,312,2.576,1,20,139,0,0,0,0,1,0,0,0,0,0,0,0,0,0,0,53.05,34,0.344,1,0,0,0,0,0,0,0,0,0,800,810,800,800,1090,1400,76,0.254,26.5,14.3,12.86,0,139,0,20,22,12.745,353.28,1,0.625,0.625,0.586,2.07,0.645,0.02,0,,,,40,0,0,0,0,0,0,0,0,0,0,7,0,0,7000,7000,29,259,1440,102,56,49,73,40,44,0,39321,281,160,149,199,126,126,26222,39321
18.036,0,811,22,84,58,14.7,13.54,0.921,1,0,0,0,12.5,312,2.584,1,20,139,0,0,0,0,1,0,0,0,0,0,0,0,0,0,0,53.05,34,0.344,1,0,0,0,0,0,0,0,0,0,800,810,800,800,1090,1400,76,0.254,26.5,14.3,12.92,0,139,0,20,22,12.745,353.28,1,0.645,0.645,0.586,2.07,0.645,0.02,0,,,,102,0,0,0,0,0,0,0,0,0,0,7,0,0,7000,7000,29,259,1440,102,56,49,73,40,39,0,39321,281,160,149,199,126,123,26222,39321
18.096,0,808,22,84,58,14.7,13.51,0.919,1,0,0,0,12.5,312,2.584,1,20,139,0,0,0,0,1,0,0,0,0,0,0,0,0,0,0,53.05,34,0.344,1,0,0,0,0,0,0,0,0,0,800,810,800,800,1090,1400,76,0.254,26.5,14.3,12.92,0,139,0,20,22,12.745,353.28,1,0.645,0.645,0.586,2.07,0.645,0.02,0,,,,51,0,0,0,0,0,0,0,0,0,0,7,0,0,7000,7000,29,259,1440,102,56,51,73,40,39,0,39321,281,160,149,199,126,123,26222,39321
18.156,0,804,22,84,58,14.7,13.51,0.919,1,0,0,0,13,312,2.584,1,20,139,0,0,0,0,1,0,0,0,0,0,0,0,0,0,0,53.05,34,0.344,1,0,0,0,0,0,0,0,0,0,800,800,800,800,1090,1400,76,0.254,26.5,14.3,12.92,0,139,0,20,22,12.745,353.28,1,0.625,0.625,0.586,2.07,0.645,0.02,0,,,,42,0,0,0,0,0,0,0,0,0,0,7,0,0,7000,7000,29,259,1440,102,56,51,69,49,42,0,39321,281,160,149,199,126,123,26222,39321
18.216,0,801,22,84,58,14.7,13.51,0.919,1,0,0,0,13,312,2.584,1,20,139,0,0,0,0,1,0,0,0,0,0,0,0,0,0,0,53.05,34,0.344,1,0,0,0,0,0,0,0,0,0,800,800,800,800,1090,1400,76,0.254,26.5,14.3,12.92,0,139,0,20,22,12.745,353.28,1,0.645,0.645,0.586,2.07,0.645,0.02,0,,,,57,0,0,0,0,0,0,0,0,0,0,7,0,0,7000,7000,29,259,1440,107,57,51,69,49,42,0,39321,284,160,149,199,126,123,26222,39321
18.276,0,800,22,84,58,14.7,13.51,0.919,1,0,0,0,13,312,2.584,1,20,139,0,0,0,0,1,0,0,0,0,0,0,0,0,0,0,53.05,34,0.344,1,0,0,0,0,0,0,0,0,0,800,800,800,800,1090,1400,76,0.254,26.5,14.3,13.09,0,139,0,20,22,12.745,353.28,1,0.645,0.645,0.586,2.07,0.645,0.02,0,,,,40,0,0,0,0,0,0,0,0,0,0,7,0,0,7000,7000,29,259,1440,107,57,42,66,40,42,0,39321,284,160,146,199,123,123,26222,39321
18.336,0,802,22,84,58,14.7,13.51,0.919,1,0,0,0,13,312,2.584,1,20,139,0,0,0,0,1,0,0,0,0,0,0,0,0,0,0,53.05,34,0.344,1,0,0,0,0,0,0,0,0,0,800,800,800,800,1090,1400,76,0.254,26.5,14.3,13.09,0,139,0,20,22,12.745,353.28,1,0.645,0.645,0.586,2.07,0.645,0.02,0,,,,103,0,0,0,0,0,0,0,0,0,0,7,0,0,7000,7000,29,259,1440,103,57,42,66,40,44,0,39321,286,160,146,199,123,123,26222,39321
18.396,0,799,22,84,58,14.7,13.51,0.919,1,0,0,0,13,312,2.584,1,20,139,0,0,0,0,1,0,0,0,0,0,0,0,0,0,0,53.05,34,0.344,1,0,0,0,0,0,0,0,0,0,800,800,800,800,1090,1400,76,0.254,26.5,14.3,13.03,0,139,0,20,22,12.745,353.28,1,0.645,0.645,0.586,2.07,0.645,0.02,0,,,,51,0,0,0,0,0,0,0,0,0,0,7,0,0,7000,7000,29,259,1440,103,59,51,66,40,44,0,39321,286,160,146,199,123,123,26222,39321
18.456,0,802,22,84,58,14.7,13.51,0.919,1,0,0,0,13,312,2.584,1,20,139,0,0,0,0,1,0,0,0,0,0,0,0,0,0,0,53.05,34,0.344,1,0,0,0,0,0,0,0,0,0,800,800,800,800,1090,1400,76,0.254,26.5,14.3,13.03,0,139,0,20,22,12.745,353.28,1,0.645,0.645,0.586,2.07,0.645,0.02,0,,,,42,0,0,0,0,0,0,0,0,0,0,7,0,0,7000,7000,29,259,1440,103,59,51,74,44,42,0,39321,286,160,146,199,123,123,26222,39321
18.516,0,807,22,84,58,14.7,13.51,0.919,1,0,0,0,12.5,312,2.576,1,20,139,0,0,0,0,1,0,0,0,0,0,0,0,0,0,0,53.05,34,0.344,1,0,0,0,0,0,0,0,0,0,800,810,800,800,1090,1400,76,0.254,26.5,14.3,12.98,0,139,0,20,22,12.819,353.28,1,0.645,0.645,0.586,2.07,0.645,0.02,0,,,,54,0,0,0,0,0,0,0,0,0,0,7,0,0,7000,7000,29,259,1440,102,54,51,74,44,42,0,39321,286,157,146,199,123,123,26222,39321
18.576,0,811,22,84,58,14.7,13.51,0.919,1,0,0,0,12.5,312,2.576,1,20,139,0,0,0,0,1,0,0,0,0,0,0,0,0,0,0,53.05,34,0.344,1,0,0,0,0,0,0,0,0,0,800,810,800,800,1090,1400,76,0.254,26.5,14.3,12.98,0,139,0,20,22,12.819,353.28,1,0.625,0.625,0.586,2.07,0.645,0.02,0,,,,42,0,0,0,0,0,0,0,0,0,0,7,0,0,7000,7000,29,259,1440,102,54,47,74,42,42,0,39321,286,157,146,199,123,123,26222,39321
18.636,0,815,22,84,58,14.7,13.51,0.919,1,0,0,0,12,312,2.576,1,20,139,0,0,0,0,1,0,0,0,0,0,0,0,0,0,0,53.05,34,0.344,1,0,0,0,0,0,0,0,0,0,800,820,800,800,1090,1400,76,0.254,26.5,14.3,12.81,0,139,0,20,22,12.745,353.28,1,0.645,0.645,0.586,2.07,0.645,0.02,0,,,,110,0,0,0,0,0,0,0,0,0,0,7,0,0,7000,7000,29,259,1440,110,54,47,74,42,45,0,39321,289,157,146,199,123,123,26222,39321
18.696,0,815,22,84,58,14.7,13.51,0.919,1,0,0,0,12,312,2.584,1,20,139,0,0,0,0,1,0,0,0,0,0,0,0,0,0,0,53.05,34,0.344,1,0,0,0,0,0,0,0,0,0,800,820,800,800,1090,1400,76,0.254,26.5,14.3,12.75,0,139,0,20,22,12.745,353.28,1,0.645,0.645,0.586,2.07,0.645,0.02,0,,,,66,0,0,0,0,0,0,0,0,0,0,7,0,0,7000,7000,29,259,1440,110,51,57,66,42,45,0,39321,289,154,149,196,123,123,26222,39321
18.756,0,817,22,84,58,14.7,13.51,0.919,1,0,0,0,12,312,2.584,1,20,139,0,0,0,0,1,0,0,0,0,0,0,0,0,0,0,53.05,34,0.344,1,0,0,0,0,0,0,0,0,0,800,820,800,800,1090,1400,76,0.254,26.5,14.3,12.75,0,139,0,20,22,12.745,353.28,1,0.645,0.645,0.586,2.07,0.645,0.02,0,,,,54,0,0,0,0,0,0,0,0,0,0,7,0,0,7000,7000,29,259,1440,110,51,57,66,44,54,0,39321,289,154,149,196,123,126,26222,39321
18.816,0,814,22,84,58,14.7,13.51,0.919,1,0,0,0,12.5,312,2.576,1,20,138.67,0,0,0,0,1,0,0,0,0,0,0,0,0,0,0,52.82,34,0.344,1,0,0,0,0,0,0,0,0,0,800,810,800,800,1090,1400,76,0.254,26.5,14.3,12.69,0,138.67,0,20,22,12.745,353.28,1,0.625,0.625,0.586,2.07,0.645,0.02,0,,,,47,0,0,0,0,0,0,0,0,0,0,7,0,0,7000,7000,29,259,1440,105,57,47,66,44,54,0,39321,289,154,149,196,123,126,26222,39321
18.876,0,814,22,84,58,14.7,13.51,0.919,1,0,0,0,12.5,312,2.576,1,20,138.67,0,0,0,0,1,0,0,0,0,0,0,0,0,0,0,52.82,34,0.344,1,0,0,0,0,0,0,0,0,0,800,810,800,800,1090,1400,76,0.254,26.5,14.3,12.81,0,138.67,0,20,22,12.745,353.28,1,0.625,0.625,0.586,2.07,0.645,0.02,0,,,,47,0,0,0,0,0,0,0,0,0,0,7,0,0,7000,7000,29,259,1440,105,57,47,66,47,54,0,39321,289,154,149,196,123,126,26222,39321
18.936,0,809,22,84,58,14.7,13.51,0.919,1,0,0,0,12.5,312,2.576,1,20,138.67,0,0,0,0,1,0,0,0,0,0,0,0,0,0,0,52.82,34,0.344,1,0,0,0,0,0,0,0,0,0,800,810,800,800,1090,1400,76,0.254,26.5,14.3,12.86,0,138.67,0,20,22,12.745,353.28,1,0.625,0.625,0.586,2.07,0.645,0.02,0,,,,102,0,0,0,0,0,0,0,0,0,0,7,0,0,7000,7000,29,259,1440,102,57,47,66,47,47,0,39321,289,154,149,196,123,126,26222,39321
18.996,0,804,22,84,58,14.7,13.51,0.919,1,0,0,0,13,312,2.576,1,20,138.67,0,0,0,0,1,0,0,0,0,0,0,0,0,0,0,53.05,34,0.344,1,0,0,0,0,0,0,0,0,0,800,800,800,800,1090,1400,76,0.254,26.5,14.3,12.86,0,138.67,0,20,22,12.745,353.28,1,0.645,0.645,0.586,2.07,0.645,0.02,0,,,,73,0,0,0,0,0,0,0,0,0,0,7,0,0,7000,7000,29,259,1440,102,57,49,73,47,47,0,39321,289,154,149,196,123,126,26222,39321
19.056,0,803,22,84,58,14.7,13.51,0.919,1,0,0,0,13,312,2.576,1,20,138.67,0,0,0,0,1,0,0,0,0,0,0,0,0,0,0,53.05,34,0.344,1,0,0,0,0,0,0,0,0,0,800,800,800,800,1090,1400,76,0.254,26.5,14.3,13.03,0,138.67,0,20,22,12.745,353.28,1,0.625,0.625,0.586,2.07,0.645,0.02,0,,,,45,0,0,0,0,0,0,0,0,0,0,7,0,0,7000,7000,29,259,1440,102,57,49,73,42,45,0,39321,289,154,149,196,123,126,26222,39321
19.116,0,801,22,84,58,14.7,13.54,0.921,1,0,0,0,13,312,2.576,1,20,138.83,0,0,0,0,1,0,0,0,0,0,0,0,0,0,0,53.05,34,0.344,1,0,0,0,0,0,0,0,0,0,800,800,800,800,1090,1400,76,0.254,26.5,14.3,12.92,0,138.83,0,20,22,12.745,353.28,1,0.645,0.645,0.586,2.07,0.645,0.02,0,,,,49,0,0,0,0,0,0,0,0,0,0,7,0,0,7000,7000,29,259,1440,100,52,49,73,42,45,0,39321,289,154,146,196,123,126,26222,39321
19.176,0,805,22,84,58,14.7,13.54,0.921,1,0,0,0,12.5,312,2.576,1,20,138.83,0,0,0,0,1,0,0,0,0,0,0,0,0,0,0,53.05,34,0.344,1,0,0,0,0,0,0,0,0,0,800,810,800,800,1090,1400,76,0.254,26.5,14.3,12.98,0,138.83,0,20,22,12.745,353.28,1,0.645,0.645,0.586,2.07,0.645,0.02,0,,,,40,0,0,0,0,0,0,0,0,0,0,7,0,0,7000,7000,29,259,1440,100,52,49,66,40,45,0,39321,289,154,146,196,123,126,26222,39321
19.236,0,803,22,84,58,14.7,13.54,0.921,1,0,0,0,13,312,2.584,1,20,139,0,0,0,0,1,0,0,0,0,0,0,0,0,0,0,53.05,34,0.344,1,0,0,0,0,0,0,0,0,0,800,800,800,800,1090,1400,76,0.254,26.5,14.3,13.03,0,139,0,20,22,12.745,353.28,1,0.645,0.645,0.586,2.07,0.645,0.02,0,,,,96,0,0,0,0,0,0,0,0,0,0,7,0,0,7000,7000,29,259,1440,96,52,49,66,40,47,0,39321,286,154,146,196,123,126,26222,39321
19.296,0,802,22,84,58,14.7,13.54,0.921,1,0,0,0,13,312,2.576,1,20,139,0,0,0,0,1,0,0,0,0,0,0,0,0,0,0,53.05,34,0.344,1,0,0,0,0,0,0,0,0,0,800,800,800,800,1090,1400,76,0.254,26.5,14.3,13.09,0,139,0,20,22,12.819,353.28,1,0.645,0.645,0.586,2.07,0.645,0.02,0,,,,74,0,0,0,0,0,0,0,0,0,0,7,0,0,7000,7000,29,259,1440,96,56,54,74,40,47,0,39321,286,157,146,196,123,126,26222,39321
19.356,0,803,22,84,58,14.7,13.54,0.921,1,0,0,0,13,312,2.576,1,20,139,0,0,0,0,1,0,0,0,0,0,0,0,0,0,0,53.05,34,0.344,1,0,0,0,0,0,0,0,0,0,800,800,800,800,1090,1400,76,0.254,26.5,14.3,13.03,0,139,0,20,22,12.819,353.28,1,0.645,0.645,0.586,2.07,0.645,0.02,0,,,,45,0,0,0,0,0,0,0,0,0,0,7,0,0,7000,7000,29,259,1440,96,56,54,74,49,45,0,39321,286,157,146,196,123,126,26222,39321
19.416,0,805,22,84,58,14.7,13.54,0.921,1,0,0,0,12.5,312,2.576,1,20,139,0,0,0,0,1,0,0,0,0,0,0,0,0,0,0,53.05,34,0.344,1,0,0,0,0,0,0,0,0,0,800,810,800,800,1090,1400,76,0.254,26.5,14.3,13.09,0,139,0,20,22,12.819,353.28,1,0.645,0.645,0.586,2.07,0.645,0.02,0,,,,54,0,0,0,0,0,0,0,0,0,0,7,0,0,7000,7000,29,259,1440,105,56,54,74,49,45,0,39321,286,157,149,196,123,126,26222,39321
19.476,0,807,22,84,58,14.7,13.54,0.921,1,0,0,0,12.5,312,2.576,1,20,139,0,0,0,0,1,0,0,0,0,0,0,0,0,0,0,53.05,34,0.344,1,0,0,0,0,0,0,0,0,0,800,810,800,800,1090,1400,76,0.254,26.5,14.3,13.03,0,139,0,20,22,12.819,353.28,1,0.645,0.645,0.586,2.07,0.645,0.02,0,,,,47,0,0,0,0,0,0,0,0,0,0,7,0,0,7000,7000,29,259,1440,105,56,54,66,47,45,0,39321,286,157,149,194,123,126,26222,39321
19.536,0,809,22,84,58,14.7,13.54,0.921,1,0,0,0,12.5,312,2.576,1,20,139,0,0,0,0,1,0,0,0,0,0,0,0,0,0,0,53.05,34,0.344,1,0,0,0,0,0,0,0,0,0,800,810,800,800,1090,1400,76,0.254,26.5,14.3,12.98,0,139,0,20,22,12.819,353.28,1,0.645,0.645,0.586,2.07,0.645,0.02,0,,,,49,0,0,0,0,0,0,0,0,0,0,7,0,0,7000,7000,29,259,1440,107,49,54,66,47,45,0,39321,289,154,149,194,123,126,26222,39321
19.596,0,805,22,84,58,14.7,13.54,0.921,1,0,0,0,12.5,312,2.576,1,20,139,0,0,0,0,1,0,0,0,0,0,0,0,0,0,0,53.05,34,0.344,1,0,0,0,0,0,0,0,0,0,800,810,800,800,1090,1400,76,0.254,26.5,14.3,12.98,0,139,0,20,22,12.819,353.28,1,0.625,0.625,0.586,2.07,0.645,0.02,0,,,,71,0,0,0,0,0,0,0,0,0,0,7,0,0,7000,7000,29,259,1440,107,49,47,71,47,45,0,39321,289,154,149,194,123,126,26222,39321
19.656,0,805,22,84,58,14.7,13.54,0.921,1,0,0,0,12.5,312,2.576,1,20,139,0,0,0,0,1,0,0,0,0,0,0,0,0,0,0,53.05,34,0.344,1,0,0,0,0,0,0,0,0,0,800,810,800,800,1090,1400,76,0.254,26.5,14.3,12.98,0,139,0,20,22,12.819,353.28,1,0.645,0.645,0.586,2.07,0.645,0.02,0,,,,40,0,0,0,0,0,0,0,0,0,0,7,0,0,7000,7000,29,259,1440,107,49,47,71,39,40,0,39321,289,154,149,194,123,123,26222,39321
19.716,0,811,22,84,58,14.7,13.54,0.921,1,0,0,0,12.5,312,2.576,1,20,139,0,0,0,0,1,0,0,0,0,0,0,0,0,0,0,53.05,34,0.344,1,0,0,0,0,0,0,0,0,0,800,810,800,800,1090,1400,76,0.254,26.5,14.3,12.98,0,139,0,20,22,12.819,353.28,1,0.645,0.645,0.586,2.07,0.645,0.02,0,,,,42,0,0,0,0,0,0,0,0,0,0,7,0,0,7000,7000,29,259,1440,105,49,42,71,39,40,0,39321,292,151,149,194,123,123,26222,39321
19.776,0,813,22,84,58,14.7,13.54,0.921,1,0,0,0,12.5,312,2.576,1,20,139,0,0,0,0,1,0,0,0,0,0,0,0,0,0,0,53.05,34,0.344,1,0,0,0,0,0,0,0,0,0,800,810,800,800,1090,1400,76,0.254,26.5,14.3,12.92,0,139,0,20,22,12.819,353.28,1,0.645,0.645,0.586,2.07,0.645,0.02,0,,,,40,0,0,0,0,0,0,0,0,0,0,7,0,0,7000,7000,29,259,1440,105,49,42,66,40,40,0,39321,292,151,149,191,123,123,26222,39321
19.836,0,819,22,84,58,14.7,13.54,0.921,1,0,0,0,12,312,2.568,1,20,138.83,0,0,0,0,1,0,0,0,0,0,0,0,0,0,0,52.82,34,0.344,1,0,0,0,0,0,0,0,0,0,800,820,800,800,1090,1400,76,0.254,26.5,14.3,12.86,0,138.83,0,20,22,12.819,353.28,1,0.645,0.645,0.586,2.07,0.645,0.02,0,,,,57,0,0,0,0,0,0,0,0,0,0,7,0,0,7000,7000,29,259,1440,117,57,42,66,40,51,0,39321,292,154,149,191,123,126,26222,39321
19.896,0,814,22,84,58,14.7,13.54,0.921,1,0,0,0,12.5,312,2.568,1,20,138.67,0,0,0,0,1,0,0,0,0,0,0,0,0,0,0,52.82,34,0.344,1,0,0,0,0,0,0,0,0,0,800,810,800,800,1090,1400,76,0.254,26.5,14.3,12.86,0,138.67,0,20,22,12.819,353.28,1,0.645,0.645,0.586,2.07,0.645,0.02,0,,,,73,0,0,0,0,0,0,0,0,0,0,7,0,0,7000,7000,29,259,1440,117,57,54,73,40,51,0,39321,292,154,149,191,123,126,26222,39321
19.956,0,814,22,84,58,14.7,13.54,0.921,1,0,0,0,12.5,312,2.568,1,20,138.5,0,0,0,0,1,0,0,0,0,0,0,0,0,0,0,52.82,34,0.344,1,0,0,0,0,0,0,0,0,0,800,810,800,800,1090,1400,76,0.254,26.5,14.3,12.86,0,138.5,0,20,22,12.819,353.28,1,0.625,0.625,0.586,2.07,0.645,0.02,0,,,,120,0,0,0,0,0,0,0,0,0,0,7,0,0,7000,7000,29,259,1440,120,57,54,73,49,47,0,39321,295,154,149,191,123,126,26222,39321
20.016,0,815,22,84,58,14.7,13.51,0.919,1,0,0,0,12,312,2.568,1,20,138.5,0,0,0,0,1,0,0,0,0,0,0,0,0,0,0,52.82,34,0.344,1,0,0,0,0,0,0,0,0,0,800,820,800,800,1090,1400,76,0.254,26.5,14.3,12.86,0,138.5,0,20,22,12.819,353.28,1,0.645,0.645,0.586,2.07,0.645,0.02,0,,,,52,0,0,0,0,0,0,0,0,0,0,7,0,0,7000,7000,29,259,1440,120,57,52,73,49,47,0,39321,295,154,149,191,123,126,26222,39321
20.076,0,822,22,84,58,14.7,13.51,0.919,1,0,0,0,12,312,2.552,1,21,138.5,0,0,0,0,1,0,0,0,0,0,0,0,0,0,0,52.82,34,0.344,1,0,0,0,0,0,0,0,0,0,840,820,800,800,1090,1400,76,0.254,26.5,14.3,12.75,0,138.5,0,21,22,12.819,353.28,1,0.645,0.645,0.586,2.07,0.645,0.02,0,,,,40,0,0,0,0,0,0,0,0,0,0,7,0,0,7000,7000,29,259,1440,120,57,52,73,56,40,0,39321,295,154,149,194,123,126,26222,39321
20.136,0,824,22,84,58,14.7,13.51,0.919,1,0,0,0,12,312,2.552,1,21,138.5,0,0,0,0,1,0,0,0,0,0,0,0,0,0,0,52.82,34,0.344,1,0,0,0,0,0,0,0,0,0,840,820,800,800,1090,1400,76,0.254,26.5,14.3,12.86,0,138.5,0,21,22,12.819,353.28,1,0.625,0.625,0.586,2.07,0.645,0.02,0,,,,47,0,0,0,0,0,0,0,0,0,0,7,0,0,7000,7000,29,259,1440,122,47,52,73,56,40,0,39321,298,154,149,194,123,126,26222,39321
20.196,0,819,22,84,58,14.7,13.51,0.919,1,0,0,0,12,312,2.552,1,20,138.5,0,0,0,0,1,0,0,0,0,0,0,0,0,0,0,52.82,34,0.344,1,0,0,0,0,0,0,0,0,0,800,820,800,800,1090,1400,76,0.254,26.5,14.3,12.98,0,138.5,0,20,22,12.819,353.28,1,0.625,0.625,0.586,2.07,0.645,0.02,0,,,,69,0,0,0,0,0,0,0,0,0,0,7,0,0,7000,7000,29,259,1440,122,47,45,69,56,40,0,39321,298,154,146,194,123,126,26222,39321
20.256,0,813,22,84,58,14.7,13.51,0.919,1,0,0,0,12.5,312,2.568,1,20,138.5,0,0,0,0,1,0,0,0,0,0,0,0,0,0,0,52.82,34,0.344,1,0,0,0,0,0,0,0,0,0,800,810,800,800,1090,1400,76,0.254,26.5,14.3,12.98,0,138.5,0,20,22,12.819,353.28,1,0.625,0.625,0.586,2.07,0.645,0.02,0,,,,119,0,0,0,0,0,0,0,0,0,0,7,0,0,7000,7000,29,259,1440,119,47,45,69,39,40,0,39321,298,154,146,194,123,126,26222,39321
20.316,0,812,22,84,58,14.7,13.51,0.919,1,0,0,0,12.5,312,2.568,1,20,138.5,0,0,0,0,1,0,0,0,0,0,0,0,0,0,0,52.82,34,0.344,1,0,0,0,0,0,0,0,0,0,800,810,800,800,1090,1400,76,0.254,26.5,14.3,13.03,0,138.5,0,20,22,12.819,353.28,1,0.645,0.645,0.586,2.07,0.645,0.02,0,,,,45,0,0,0,0,0,0,0,0,0,0,7,0,0,7000,7000,29,259,1440,119,52,45,69,39,40,0,39321,298,154,146,194,123,126,26222,39321
20.376,0,812,22,84,58,14.7,13.51,0.919,1,0,0,0,12.5,312,2.568,1,20,138.5,0,0,0,0,1,0,0,0,0,0,0,0,0,0,0,52.82,34,0.344,1,0,0,0,0,0,0,0,0,0,800,810,800,800,1090,1400,76,0.254,26.5,14.3,13.09,0,138.5,0,20,22,12.819,353.28,1,0.625,0.625,0.586,2.07,0.645,0.02,0,,,,42,0,0,0,0,0,0,0,0,0,0,7,0,0,7000,7000,29,259,1440,119,52,45,71,44,42,0,39321,298,154,146,194,123,126,26222,39321
20.436,0,814,22,84,58,14.7,13.51,0.919,1,0,0,0,12.5,312,2.576,1,20,138.5,0,0,0,0,1,0,0,0,0,0,0,0,0,0,0,52.82,34,0.344,1,0,0,0,0,0,0,0,0,0,800,810,800,800,1090,1400,76,0.254,26.5,14.3,12.86,0,138.5,0,20,22,12.745,353.28,1,0.645,0.645,0.586,2.07,0.645,0.02,0,,,,49,0,0,0,0,0,0,0,0,0,0,7,0,0,7000,7000,29,259,1440,115,49,45,71,44,42,0,39321,298,154,146,194,123,126,26222,39321
20.496,0,811,22,84,58,14.7,13.51,0.919,1,0,0,0,12.5,312,2.576,1,20,138.5,0,0,0,0,1,0,0,0,0,0,0,0,0,0,0,52.82,34,0.344,1,0,0,0,0,0,0,0,0,0,800,810,800,800,1090,1400,76,0.254,26.5,14.3,12.98,0,138.5,0,20,22,12.745,353.28,1,0.645,0.645,0.586,2.07,0.645,0.02,0,,,,37,0,0,0,0,0,0,0,0,0,0,7,0,0,7000,7000,29,259,1440,115,49,40,71,37,42,0,39321,298,154,143,194,123,126,26222,39321
20.556,0,806,22,84,58,14.7,13.51,0.919,1,0,0,0,12.5,312,2.568,1,20,138.5,0,0,0,0,1,0,0,0,0,0,0,0,0,0,0,52.82,34,0.344,1,0,0,0,0,0,0,0,0,0,800,810,800,800,1090,1400,76,0.254,26.5,14.3,13.09,0,138.5,0,20,22,12.819,353.28,1,0.645,0.645,0.586,2.07,0.645,0.02,0,,,,119,0,0,0,0,0,0,0,0,0,0,7,0,0,7000,7000,29,259,1440,119,49,40,71,37,37,0,39321,300,154,143,194,123,123,26222,39321
20.616,0,803,22,84,58,14.7,13.51,0.919,1,0,0,0,13,312,2.568,1,20,138.5,0,0,0,0,1,0,0,0,0,0,0,0,0,0,0,52.82,34,0.344,1,0,0,0,0,0,0,0,0,0,800,800,800,800,1090,1400,76,0.254,26.5,14.3,13.03,0,138.5,0,20,22,12.819,353.28,1,0.645,0.645,0.586,2.07,0.645,0.02,0,,,,68,0,0,0,0,0,0,0,0,0,0,7,0,0,7000,7000,29,259,1440,119,52,47,68,37,37,0,39321,300,154,143,194,123,123,26222,39321
20.676,0,806,22,84,58,14.7,13.51,0.919,1,0,0,0,12.5,312,2.568,1,20,138.83,0,0,0,0,1,0,0,0,0,0,0,0,0,0,0,53.05,34,0.344,1,0,0,0,0,0,0,0,0,0,800,810,800,800,1090,1400,76,0.254,26.5,14.3,13.03,0,138.83,0,20,22,12.819,353.28,1,0.625,0.625,0.586,2.07,0.645,0.02,0,,,,44,0,0,0,0,0,0,0,0,0,0,7,0,0,7000,7000,29,259,1440,119,52,47,68,39,44,0,39321,300,154,143,194,120,123,26222,39321
20.736,0,803,22,84,58,14.7,13.51,0.919,1,0,0,0,13,312,2.568,1,20,138.67,0,0,0,0,1,0,0,0,0,0,0,0,0,0,0,52.82,34,0.344,1,0,0,0,0,0,0,0,0,0,800,800,800,800,1090,1400,76,0.254,26.5,14.3,12.92,0,138.67,0,20,22,12.745,353.28,1,0.645,0.645,0.586,2.07,0.645,0.02,0,,,,59,0,0,0,0,0,0,0,0,0,0,7,0,0,7000,7000,29,259,1440,110,59,47,68,39,44,0,39321,303,154,143,194,120,123,26222,39321
20.796,0,804,22,84,58,14.7,13.51,0.919,1,0,0,0,13,312,2.576,1,20,138.83,0,0,0,0,1,0,0,0,0,0,0,0,0,0,0,53.05,34,0.344,1,0,0,0,0,0,0,0,0,0,800,800,800,800,1090,1400,76,0.254,26.5,14.3,12.92,0,138.83,0,20,22,12.745,353.28,1,0.625,0.625,0.586,2.07,0.645,0.02,0,,,,37,0,0,0,0,0,0,0,0,0,0,7,0,0,7000,7000,29,259,1440,110,59,45,74,37,44,0,39321,303,154,140,196,118,123,26222,39321
20.856,0,808,22,84,58,14.7,13.51,0.919,1,0,0,0,12.5,312,2.576,1,20,138.83,0,0,0,0,1,0,0,0,0,0,0,0,0,0,0,53.05,34,0.344,1,0,0,0,0,0,0,0,0,0,800,810,800,800,1090,1400,76,0.254,26.5,14.3,12.92,0,138.83,0,20,22,12.745,353.28,1,0.645,0.645,0.586,2.07,0.645,0.02,0,,,,103,0,0,0,0,0,0,0,0,0,0,7,0,0,7000,7000,29,259,1440,103,59,45,74,37,45,0,39321,303,154,140,196,118,123,26222,39321
20.916,0,801,22,84,58,14.7,13.51,0.919,1,0,0,0,13,312,2.584,1,20,139,0,0,0,0,1,0,0,0,0,0,0,0,0,0,0,53.05,34,0.344,1,0,0,0,0,0,0,0,0,0,800,800,800,800,1090,1400,76,0.254,26.5,14.3,12.86,0,139,0,20,22,12.745,353.28,1,0.625,0.625,0.586,2.07,0.645,0.02,0,,,,69,0,0,0,0,0,0,0,0,0,0,7,0,0,7000,7000,29,259,1440,103,57,49,69,37,45,0,39321,303,154,140,196,118,123,26222,39321
20.976,0,801,22,84,58,14.7,13.48,0.917,1,0,0,0,13,312,2.584,1,20,139,0,0,0,0,1,0,0,0,0,0,0,0,0,0,0,53.05,34,0.344,1,0,0,0,0,0,0,0,0,0,800,800,800,800,1090,1400,76,0.254,26.5,14.3,12.86,0,139,0,20,22,12.745,353.28,1,0.645,0.645,0.586,2.07,0.645,0.02,0,,,,45,0,0,0,0,0,0,0,0,0,0,7,0,0,7000,7000,29,259,1440,103,57,49,69,35,45,0,39321,303,154,140,196,118,123,26222,39321
21.036,0,802,22,84,58,14.7,13.48,0.917,1,0,0,0,13,312,2.584,1,20,139,0,0,0,0,1,0,0,0,0,0,0,0,0,0,0,53.05,34,0.344,1,0,0,0,0,0,0,0,0,0,800,800,800,800,1090,1400,76,0.254,26.5,14.3,12.75,0,139,0,20,22,12.745,353.28,1,0.645,0.645,0.586,2.07,0.645,0.02,0,,,,57,0,0,0,0,0,0,0,0,0,0,7,0,0,7000,7000,29,259,1440,105,57,49,69,35,45,0,39321,303,154,140,196,118,123,26222,39321
21.096,0,804,22,84,58,14.7,13.48,0.917,1,0,0,0,13,312,2.584,1,20,139,0,0,0,0,1,0,0,0,0,0,0,0,0,0,0,53.05,34,0.344,1,0,0,0,0,0,0,0,0,0,800,800,800,800,1090,1400,76,0.254,26.5,14.3,12.75,0,139,0,20,22,12.745,353.28,1,0.645,0.645,0.586,2.07,0.645,0.02,0,,,,40,0,0,0,0,0,0,0,0,0,0,7,0,0,7000,7000,29,259,1440,105,57,45,73,40,45,0,39321,303,154,137,199,115,123,26222,39321
21.156,0,806,22,84,58,14.7,13.51,0.919,1,0,0,0,12.5,312,2.584,1,20,139,0,0,0,0,1,0,0,0,0,0,0,0,0,0,0,53.05,34,0.344,1,0,0,0,0,0,0,0,0,0,800,810,800,800,1090,1400,76,0.254,26.5,14.3,12.86,0,139,0,20,22,12.745,353.28,1,0.645,0.645,0.586,2.07,0.645,0.02,0,,,,110,0,0,0,0,0,0,0,0,0,0,7,0,0,7000,7000,29,259,1440,110,57,45,73,40,51,0,39321,303,154,137,199,115,126,26222,39321
21.216,0,803,22,84,58,14.7,13.48,0.917,1,0,0,0,13,312,2.584,1,20,139,0,0,0,0,1,0,0,0,0,0,0,0,0,0,0,53.05,34,0.344,1,0,0,0,0,0,0,0,0,0,800,800,800,800,1090,1400,76,0.254,26.5,14.3,12.92,0,139,0,20,22,12.745,353.28,1,0.645,0.645,0.586,2.07,0.645,0.02,0,,,,71,0,0,0,0,0,0,0,0,0,0,7,0,0,7000,7000,29,259,1440,110,61,54,71,40,51,0,39321,303,154,140,199,115,126,26222,39321
21.276,0,808,22,84,58,14.7,13.51,0.919,1,0,0,0,12.5,312,2.584,1,20,139,0,0,0,0,1,0,0,0,0,0,0,0,0,0,0,53.05,34,0.344,1,0,0,0,0,0,0,0,0,0,800,810,800,800,1090,1400,76,0.254,26.5,14.3,13.03,0,139,0,20,22,12.745,353.28,1,0.645,0.645,0.586,2.07,0.645,0.02,0,,,,44,0,0,0,0,0,0,0,0,0,0,7,0,0,7000,7000,29,259,1440,110,61,54,71,32,44,0,39321,303,154,140,199,112,126,26222,39321
21.336,0,810,22,84,58,14.7,13.51,0.919,1,0,0,0,12.5,312,2.584,1,20,139,0,0,0,0,1,0,0,0,0,0,0,0,0,0,0,53.05,34,0.344,1,0,0,0,0,0,0,0,0,0,800,810,800,800,1090,1400,76,0.254,26.5,14.3,12.86,0,139,0,20,22,12.745,353.28,1,0.645,0.645,0.586,2.07,0.645,0.02,0,,,,52,0,0,0,0,0,0,0,0,0,0,7,0,0,7000,7000,29,259,1440,129,52,54,71,32,44,0,39321,306,154,140,199,112,126,26222,39321
21.396,0,813,22,84,58,14.7,13.51,0.919,1,0,0,0,12.5,312,2.584,1,20,139,0,0,0,0,1,0,0,0,0,0,0,0,0,0,0,53.05,34,0.344,1,0,0,0,0,0,0,0,0,0,800,810,800,800,1090,1400,76,0.254,26.5,14.3,12.86,0,139,0,20,22,12.745,353.28,1,0.645,0.645,0.586,2.07,0.645,0.02,0,,,,35,0,0,0,0,0,0,0,0,0,0,7,0,0,7000,7000,29,259,1440,129,52,42,73,35,44,0,39321,306,154,140,199,109,126,26222,39321
21.456,0,812,22,84,58,14.7,13.51,0.919,1,0,0,0,12.5,312,2.584,1,20,139,0,0,0,0,1,0,0,0,0,0,0,0,0,0,0,53.05,34,0.344,1,0,0,0,0,0,0,0,0,0,800,810,800,800,1090,1400,76,0.254,26.5,14.3,12.92,0,139,0,20,22,12.745,353.28,1,0.645,0.645,0.586,2.07,0.645,0.02,0,,,,117,0,0,0,0,0,0,0,0,0,0,7,0,0,7000,7000,29,259,1440,117,52,42,73,35,47,0,39321,306,154,140,199,109,129,26222,39321
21.516,0,808,22,84,58,14.7,13.51,0.919,1,0,0,0,12.5,312,2.584,1,20,139,0,0,0,0,1,0,0,0,0,0,0,0,0,0,0,53.05,34,0.344,1,0,0,0,0,0,0,0,0,0,800,810,800,800,1090,1400,76,0.254,26.5,14.3,13.03,0,139,0,20,22,12.745,353.28,1,0.645,0.645,0.586,2.07,0.645,0.02,0,,,,74,0,0,0,0,0,0,0,0,0,0,7,0,0,7000,7000,29,259,1440,117,51,44,74,35,47,0,39321,306,154,137,202,109,129,26222,39321
21.576,0,809,22,84,58,14.7,13.51,0.919,1,0,0,0,12.5,312,2.584,1,20,139,0,0,0,0,1,0,0,0,0,0,0,0,0,0,0,53.05,34,0.344,1,0,0,0,0,0,0,0,0,0,800,810,800,800,1090,1400,76,0.254,26.5,14.3,13.03,0,139,0,20,22,12.745,353.28,1,0.645,0.645,0.586,2.07,0.645,0.02,0,,,,37,0,0,0,0,0,0,0,0,0,0,7,0,0,7000,7000,29,259,1440,117,51,44,74,39,37,0,39321,306,154,137,202,109,126,26222,39321
21.636,0,806,22,84,58,14.7,13.51,0.919,1,0,0,0,12.5,312,2.576,1,20,138.67,0,0,0,0,1,0,0,0,0,0,0,0,0,0,0,52.82,34,0.344,1,0,0,0,0,0,0,0,0,0,800,810,800,800,1090,1400,76,0.254,26.5,14.3,12.98,0,138.67,0,20,22,12.745,353.28,1,0.645,0.645,0.586,2.07,0.645,0.02,0,,,,42,0,0,0,0,0,0,0,0,0,0,7,0,0,7000,7000,29,259,1440,117,64,42,74,39,37,0,39321,309,154,137,202,109,126,26222,39321
21.696,0,806,22,84,58,14.7,13.51,0.919,1,0,0,0,12.5,312,2.576,1,20,138.83,0,0,0,0,1,0,0,0,0,0,0,0,0,0,0,53.05,34,0.344,1,0,0,0,0,0,0,0,0,0,800,810,800,800,1090,1400,76,0.254,26.5,14.3,12.98,0,138.83,0,20,22,12.745,353.28,1,0.645,0.645,0.586,2.07,0.645,0.02,0,,,,37,0,0,0,0,0,0,0,0,0,0,7,0,0,7000,7000,29,259,1440,117,64,42,76,37,37,0,39321,309,154,137,202,109,126,26222,39321
21.756,0,808,22,84,58,14.7,13.51,0.919,1,0,0,0,12.5,312,2.584,1,20,139,0,0,0,0,1,0,0,0,0,0,0,0,0,0,0,53.05,34,0.344,1,0,0,0,0,0,0,0,0,0,800,810,800,800,1090,1400,76,0.254,26.5,14.3,13.03,0,139,0,20,22,12.745,353.28,1,0.645,0.645,0.586,2.07,0.645,0.02,0,,,,115,0,0,0,0,0,0,0,0,0,0,7,0,0,7000,7000,29,259,1440,115,64,42,76,37,49,0,39321,309,154,137,202,109,126,26222,39321
21.816,0,814,22,84,58,14.7,13.48,0.917,1,0,0,0,12.5,312,2.584,1,20,139,0,0,0,0,1,0,0,0,0,0,0,0,0,0,0,53.05,34,0.344,1,0,0,0,0,0,0,0,0,0,800,810,800,800,1090,1400,76,0.254,26.5,14.3,12.98,0,139,0,20,22,12.745,353.28,1,0.645,0.645,0.586,2.07,0.645,0.02,0,,,,73,0,0,0,0,0,0,0,0,0,0,7,0,0,7000,7000,29,259,1440,115,62,56,73,37,49,0,39321,309,157,137,202,109,126,26222,39321
21.876,0,813,22,84,58,14.7,13.48,0.917,1,0,0,0,12.5,312,2.584,1,20,139,0,0,0,0,1,0,0,0,0,0,0,0,0,0,0,53.05,34,0.344,1,0,0,0,0,0,0,0,0,0,800,810,800,800,1090,1400,76,0.254,26.5,14.3,12.98,0,139,0,20,22,12.745,353.28,1,0.645,0.645,0.586,2.07,0.645,0.02,0,,,,44,0,0,0,0,0,0,0,0,0,0,7,0,0,7000,7000,29,259,1440,115,62,56,73,39,44,0,39321,309,157,137,202,109,126,26222,39321
21.936,0,809,22,84,58,14.7,13.47,0.916,1,0,0,0,12.5,312,2.576,1,20,138.83,0,0,0,0,1,0,0,0,0,0,0,0,0,0,0,52.82,34,0.344,1,0,0,0,0,0,0,0,0,0,800,810,800,800,1090,1400,76,0.254,26.5,14.3,12.98,0,138.83,0,20,22,12.819,353.28,1,0.645,0.645,0.586,2.07,0.645,0.02,0,,,,45,0,0,0,0,0,0,0,0,0,0,7,0,0,7000,7000,29,259,1440,117,61,45,73,39,44,0,39321,312,157,137,202,109,126,26222,39321
21.996,0,807,22,84,58,14.7,13.47,0.916,1,0,0,0,12.5,312,2.576,1,20,138.83,0,0,0,0,1,0,0,0,0,0,0,0,0,0,0,53.05,34,0.344,1,0,0,0,0,0,0,0,0,0,800,810,800,800,1090,1400,76,0.254,26.5,14.3,12.81,0,138.83,0,20,22,12.745,353.28,1,0.645,0.645,0.586,2.07,0.645,0.02,0,,,,28,0,0,0,0,0,0,0,0,0,0,7,0,0,7000,7000,29,259,1440,117,61,45,66,28,44,0,39321,312,157,137,199,109,126,26222,39321
22.056,0,803,22,84,58,14.7,13.47,0.916,1,0,0,0,13,312,2.584,1,20,139,0,0,0,0,1,0,0,0,0,0,0,0,0,0,0,53.05,34,0.344,1,0,0,0,0,0,0,0,0,0,800,800,800,800,1090,1400,76,0.254,26.5,14.3,12.86,0,139,0,20,22,12.745,353.28,1,0.625,0.625,0.586,2.07,0.645,0.02,0,,,,56,0,0,0,0,0,0,0,0,0,0,7,0,0,7000,7000,29,259,1440,112,56,45,66,28,45,0,39321,312,157,137,199,109,126,26222,39321
22.116,0,805,22,84,58,14.7,13.47,0.916,1,0,0,0,12.5,312,2.576,1,20,138.83,0,0,0,0,1,0,0,0,0,0,0,0,0,0,0,53.05,34,0.344,1,0,0,0,0,0,0,0,0,0,800,810,800,800,1090,1400,76,0.254,26.5,14.3,12.81,0,138.83,0,20,22,12.819,353.28,1,0.625,0.625,0.586,2.07,0.645,0.02,0,,,,69,0,0,0,0,0,0,0,0,0,0,7,0,0,7000,7000,29,259,1440,112,56,44,69,28,45,0,39321,312,157,135,199,109,126,26222,39321
22.176,0,807,22,84,58,14.7,13.47,0.916,1,0,0,0,12.5,312,2.576,1,20,139,0,0,0,0,1,0,0,0,0,0,0,0,0,0,0,53.05,34,0.344,1,0,0,0,0,0,0,0,0,0,800,810,800,800,1090,1400,76,0.254,26.5,14.3,12.81,0,139,0,20,22,12.819,353.28,1,0.625,0.625,0.586,2.07,0.645,0.02,0,,,,49,0,0,0,0,0,0,0,0,0,0,7,0,0,7000,7000,29,259,1440,112,56,44,69,34,49,0,39321,312,157,135,199,109,126,26222,39321
22.236,0,809,22,84,58,14.7,13.44,0.914,1,0,0,0,12.5,312,2.576,1,20,139,0,0,0,0,1,0,0,0,0,0,0,0,0,0,0,53.05,34,0.344,1,0,0,0,0,0,0,0,0,0,800,810,800,800,1090,1400,76,0.254,26.5,14.3,12.81,0,139,0,20,22,12.819,353.28,1,0.625,0.625,0.586,2.07,0.645,0.02,0,,,,52,0,0,0,0,0,0,0,0,0,0,7,0,0,7000,7000,29,259,1440,125,59,52,69,34,49,0,39321,315,157,137,199,109,126,26222,39321
22.296,0,819,22,84,58,14.7,13.47,0.916,1,0,0,0,12,312,2.576,1,20,139,0,0,0,0,1,0,0,0,0,0,0,0,0,0,0,53.05,34,0.344,1,0,0,0,0,0,0,0,0,0,800,820,800,800,1090,1400,76,0.254,26.5,14.3,12.86,0,139,0,20,22,12.819,353.28,1,0.645,0.645,0.586,2.07,0.645,0.02,0,,,,34,0,0,0,0,0,0,0,0,0,0,7,0,0,7000,7000,29,259,1440,125,59,52,73,34,49,0,39321,315,157,137,199,106,126,26222,39321
22.356,0,821,22,84,58,14.7,13.44,0.914,1,0,0,0,12,312,2.568,1,20,138.67,0,0,0,0,1,0,0,0,0,0,0,0,0,0,0,52.82,34,0.344,1,0,0,0,0,0,0,0,0,0,840,820,800,800,1090,1400,76,0.254,26.5,14.3,12.81,0,138.67,0,20,22,12.745,353.28,1,0.625,0.625,0.586,2.07,0.645,0.02,0,,,,62,0,0,0,0,0,0,0,0,0,0,7,0,0,7000,7000,29,259,1440,113,62,52,73,34,47,0,39321,315,157,137,199,106,129,26222,39321
22.416,0,816,22,84,58,14.7,13.44,0.914,1,0,0,0,12,312,2.568,1,20,138.67,0,0,0,0,1,0,0,0,0,0,0,0,0,0,0,52.82,34,0.344,1,0,0,0,0,0,0,0,0,0,800,820,800,800,1090,1400,76,0.254,26.5,14.3,12.75,0,138.67,0,20,22,12.819,353.28,1,0.625,0.625,0.586,2.07,0.645,0.02,0,,,,71,0,0,0,0,0,0,0,0,0,0,7,0,0,7000,7000,29,259,1440,113,62,52,71,34,47,0,39321,315,157,137,199,106,129,26222,39321
22.476,0,817,22,84,58,14.7,13.47,0.916,1,0,0,0,12,312,2.568,1,20,138.5,0,0,0,0,1,0,0,0,0,0,0,0,0,0,0,52.82,34,0.344,1,0,0,0,0,0,0,0,0,0,800,820,800,800,1090,1400,76,0.254,26.5,14.3,12.86,0,138.5,0,20,22,12.819,353.28,1,0.645,0.645,0.586,2.07,0.645,0.02,0,,,,132,0,0,0,0,0,0,0,0,0,0,7,0,0,7000,7000,29,259,1440,132,62,52,71,35,44,0,39321,317,157,137,199,106,129,26222,39321
22.536,0,810,22,84,58,14.7,13.47,0.916,1,0,0,0,12.5,312,2.568,1,20,138.5,0,0,0,0,1,0,0,0,0,0,0,0,0,0,0,52.82,34,0.344,1,0,0,0,0,0,0,0,0,0,800,810,800,800,1090,1400,76,0.254,26.5,14.3,12.98,0,138.5,0,20,22,12.819,353.28,1,0.645,0.645,0.586,2.07,0.645,0.02,0,,,,45,0,0,0,0,0,0,0,0,0,0,7,0,0,7000,7000,29,259,1440,132,68,45,71,35,44,0,39321,317,160,137,199,106,129,26222,39321
22.596,0,809,22,84,58,14.7,13.47,0.916,1,0,0,0,12.5,312,2.568,1,20,138.5,0,0,0,0,1,0,0,0,0,0,0,0,0,0,0,52.82,34,0.344,1,0,0,0,0,0,0,0,0,0,800,810,800,800,1090,1400,76,0.254,26.5,14.3,12.86,0,138.5,0,20,22,12.745,353.28,1,0.645,0.645,0.586,2.07,0.645,0.02,0,,,,45,0,0,0,0,0,0,0,0,0,0,7,0,0,7000,7000,29,259,1440,132,68,45,71,34,45,0,39321,317,160,137,199,104,129,26222,39321
22.656,0,810,22,84,58,14.7,13.47,0.916,1,0,0,0,12.5,312,2.576,1,20,138.5,0,0,0,0,1,0,0,0,0,0,0,0,0,0,0,52.82,34,0.344,1,0,0,0,0,0,0,0,0,0,800,810,800,800,1090,1400,76,0.254,26.5,14.3,12.92,0,138.5,0,20,22,12.745,353.28,1,0.625,0.625,0.586,2.07,0.645,0.02,0,,,,62,0,0,0,0,0,0,0,0,0,0,7,0,0,7000,7000,29,259,1440,115,62,45,71,34,45,0,39321,317,163,137,199,104,129,26222,39321
22.716,0,804,22,84,58,14.7,13.47,0.916,1,0,0,0,13,312,2.576,1,20,138.5,0,0,0,0,1,0,0,0,0,0,0,0,0,0,0,52.82,34,0.344,1,0,0,0,0,0,0,0,0,0,800,800,800,800,1090,1400,76,0.254,26.5,14.3,12.86,0,138.5,0,20,22,12.745,353.28,1,0.645,0.645,0.586,2.07,0.645,0.02,0,,,,76,0,0,0,0,0,0,0,0,0,0,7,0,0,7000,7000,29,259,1440,115,62,54,76,34,45,0,39321,317,163,137,199,104,129,26222,39321
22.776,0,807,22,84,58,14.7,13.48,0.917,1,0,0,0,12.5,312,2.576,1,20,138.83,0,0,0,0,1,0,0,0,0,0,0,0,0,0,0,53.05,34,0.344,1,0,0,0,0,0,0,0,0,0,800,810,800,800,1090,1400,76,0.254,26.5,14.3,12.92,0,138.83,0,20,22,12.745,353.28,1,0.645,0.645,0.586,2.051,0.645,0.02,0,,,,103,0,0,0,0,0,0,0,0,0,0,7,0,0,7000,7000,29,259,1440,103,62,54,76,34,39,0,39321,315,163,137,199,104,129,26222,39321
22.836,0,806,22,84,58,14.7,13.47,0.916,1,0,0,0,12.5,312,2.576,1,20,138.67,0,0,0,0,1,0,0,0,0,0,0,0,0,0,0,52.82,34,0.344,1,0,0,0,0,0,0,0,0,0,800,810,800,800,1090,1400,76,0.254,26.5,14.3,12.92,0,138.67,0,20,22,12.745,353.28,1,0.625,0.625,0.586,2.051,0.645,0.02,0,,,,47,0,0,0,0,0,0,0,0,0,0,7,0,0,7000,7000,29,259,1440,103,64,47,76,34,39,0,39321,315,163,137,199,104,129,26222,39321
22.896,0,806,22,84,58,14.7,13.47,0.916,1,0,0,0,12.5,312,2.576,1,20,138.67,0,0,0,0,1,0,0,0,0,0,0,0,0,0,0,52.82,34,0.344,1,0,0,0,0,0,0,0,0,0,800,810,800,800,1090,1400,76,0.254,26.5,14.3,12.92,0,138.67,0,20,22,12.745,353.28,1,0.625,0.625,0.586,2.051,0.645,0.02,0,,,,42,0,0,0,0,0,0,0,0,0,0,7,0,0,7000,7000,29,259,1440,103,64,47,73,37,42,0,39321,315,163,137,199,104,129,26222,39321
22.956,0,807,22,84,58,14.7,13.47,0.916,1,0,0,0,12.5,312,2.576,1,20,138.5,0,0,0,0,1,0,0,0,0,0,0,0,0,0,0,52.82,34,0.344,1,0,0,0,0,0,0,0,0,0,800,810,800,800,1090,1400,76,0.254,26.5,14.3,12.86,0,138.5,0,20,22,12.745,353.28,1,0.645,0.645,0.586,2.051,0.645,0.02,0,,,,66,0,0,0,0,0,0,0,0,0,0,7,0,0,7000,7000,29,259,1440,103,66,47,73,37,42,0,39321,315,163,137,199,104,129,26222,39321
23.016,0,811,22,84,58,14.7,13.47,0.916,1,0,0,0,12.5,312,2.568,1,20,138.67,0,0,0,0,1,0,0,0,0,0,0,0,0,0,0,52.82,34,0.344,1,0,0,0,0,0,0,0,0,0,800,810,800,800,1090,1400,76,0.254,26.5,14.3,12.92,0,138.67,0,20,22,12.819,353.28,1,0.645,0.645,0.586,2.051,0.645,0.02,0,,,,32,0,0,0,0,0,0,0,0,0,0,7,0,0,7000,7000,29,259,1440,103,66,44,66,32,42,0,39321,315,163,137,199,101,129,26222,39321
23.076,0,808,22,84,58,14.7,13.47,0.916,1,0,0,0,12.5,312,2.568,1,20,138.83,0,0,0,0,1,0,0,0,0,0,0,0,0,0,0,53.05,34,0.344,1,0,0,0,0,0,0,0,0,0,800,810,800,800,1090,1400,76,0.254,26.5,14.3,12.98,0,138.83,0,20,22,12.819,353.28,1,0.625,0.625,0.586,2.051,0.645,0.02,0,,,,108,0,0,0,0,0,0,0,0,0,0,7,0,0,7000,7000,29,259,1440,108,66,44,66,32,39,0,39321,315,163,137,199,101,129,26222,39321
23.136,0,807,22,84,58,14.7,13.47,0.916,1,0,0,0,12.5,312,2.568,1,20,138.67,0,0,0,0,1,0,0,0,0,0,0,0,0,0,0,52.82,34,0.344,1,0,0,0,0,0,0,0,0,0,800,810,800,800,1090,1400,76,0.254,26.5,14.3,12.92,0,138.67,0,20,22,12.819,353.28,1,0.645,0.645,0.586,2.051,0.645,0.02,0,,,,51,0,0,0,0,0,0,0,0,0,0,7,0,0,7000,7000,29,259,1440,108,62,51,66,32,39,0,39321,315,163,137,199,101,129,26222,39321
23.196,0,808,22,84,58,14.7,13.48,0.917,1,0,0,0,12.5,312,2.568,1,20,138.83,0,0,0,0,1,0,0,0,0,0,0,0,0,0,0,53.05,34,0.344,1,0,0,0,0,0,0,0,0,0,800,810,800,800,1090,1400,76,0.254,26.5,14.3,12.75,0,138.83,0,20,22,12.819,353.28,1,0.645,0.645,0.586,2.051,0.645,0.02,0,,,,45,0,0,0,0,0,0,0,0,0,0,7,0,0,7000,7000,29,259,1440,108,62,51,68,39,45,0,39321,315,163,137,199,101,129,26222,39321
23.256,0,814,22,84,58,14.7,13.51,0.919,1,0,0,0,12,312,2.576,1,20,139,0,0,0,0,1,0,0,0,0,0,0,0,0,0,0,53.05,34,0.344,1,0,0,0,0,0,0,0,0,0,800,820,800,800,1090,1400,76,0.254,26.5,14.3,12.75,0,139,0,20,22,12.819,353.28,1,0.645,0.645,0.586,2.051,0.645,0.02,0,,,,61,0,0,0,0,0,0,0,0,0,0,7,0,0,7000,7000,29,259,1440,115,61,51,68,39,45,0,39321,315,163,137,199,101,129,26222,39321
23.316,0,816,22,84,58,14.7,13.51,0.919,1,0,0,0,12,312,2.568,1,20,138.67,0,0,0,0,1,0,0,0,0,0,0,0,0,0,0,52.82,34,0.344,1,0,0,0,0,0,0,0,0,0,800,820,800,800,1090,1400,76,0.254,26.5,14.3,12.98,0,138.67,0,20,22,12.819,353.28,1,0.645,0.645,0.586,2.051,0.645,0.02,0,,,,37,0,0,0,0,0,0,0,0,0,0,7,0,0,7000,7000,29,259,1440,115,61,42,74,37,45,0,39321,315,163,137,199,101,129,26222,39321
23.376,0,814,22,84,59,14.7,13.51,0.919,1,0,0,0,12.5,312,2.568,1,20,138.67,0,0,0,0,1,0,0,0,0,0,0,0,0,0,0,52.82,34,0.344,1,0,0,0,0,0,0,0,0,0,800,810,800,800,1090,1400,76,0.254,26.5,14.3,12.86,0,138.67,0,20,22,12.819,353.28,1,0.645,0.645,0.586,2.051,0.645,0.02,0,,,,108,0,0,0,0,0,0,0,0,0,0,7,0,0,7000,7000,29,259,1440,108,61,42,74,37,51,0,39321,315,163,137,199,101,129,26222,39321
23.436,0,809,22,84,59,14.7,13.51,0.919,1,0,0,0,12.5,312,2.568,1,20,138.5,0,0,0,0,1,0,0,0,0,0,0,0,0,0,0,52.82,34,0.344,1,0,0,0,0,0,0,0,0,0,800,810,800,800,1090,1400,76,0.254,26.5,14.3,12.92,0,138.5,0,20,22,12.819,353.28,1,0.625,0.625,0.586,2.051,0.645,0.02,0,,,,68,0,0,0,0,0,0,0,0,0,0,7,0,0,7000,7000,29,259,1440,108,61,45,68,37,51,0,39321,315,163,137,199,101,129,26222,39321
23.496,0,808,22,84,59,14.7,13.51,0.919,1,0,0,0,12.5,312,2.568,1,20,138.5,0,0,0,0,1,0,0,0,0,0,0,0,0,0,0,52.82,34,0.344,1,0,0,0,0,0,0,0,0,0,800,810,800,800,1090,1400,76,0.254,26.5,14.3,13.03,0,138.5,0,20,22,12.819,353.28,1,0.625,0.625,0.586,2.051,0.645,0.02,0,,,,52,0,0,0,0,0,0,0,0,0,0,7,0,0,7000,7000,29,259,1440,108,61,45,68,30,52,0,39321,315,163,137,199,98,132,26222,39321
23.556,0,804,22,84,59,14.7,13.51,0.919,1,0,0,0,13,312,2.568,1,20,138.5,0,0,0,0,1,0,0,0,0,0,0,0,0,0,0,52.82,34,0.344,1,0,0,0,0,0,0,0,0,0,800,800,800,800,1090,1400,76,0.254,26.5,14.3,12.86,0,138.5,0,20,22,12.819,353.28,1,0.645,0.645,0.586,2.051,0.645,0.02,0,,,,52,0,0,0,0,0,0,0,0,0,0,7,0,0,7000,7000,29,259,1440,122,52,45,68,30,52,0,39321,315,163,137,199,98,132,26222,39321
23.616,0,808,22,84,59,14.7,13.51,0.919,1,0,0,0,12.5,312,2.576,1,20,138.83,0,0,0,0,1,0,0,0,0,0,0,0,0,0,0,53.05,34,0.344,1,0,0,0,0,0,0,0,0,0,800,810,800,800,1090,1400,76,0.254,26.5,14.3,12.98,0,138.83,0,20,22,12.745,353.28,1,0.645,0.645,0.586,2.051,0.645,0.02,0,,,,35,0,0,0,0,0,0,0,0,0,0,7,0,0,7000,7000,29,259,1440,122,52,47,69,35,52,0,39321,315,163,137,199,98,132,26222,39321
23.676,0,805,22,84,59,14.7,13.51,0.919,1,0,0,0,12.5,312,2.576,1,20,138.83,0,0,0,0,1,0,0,0,0,0,0,0,0,0,0,52.82,34,0.344,1,0,0,0,0,0,0,0,0,0,800,810,800,800,1090,1400,76,0.254,26.5,14.3,13.09,0,138.83,0,20,22,12.745,353.28,1,0.645,0.645,0.586,2.051,0.645,0.02,0,,,,107,0,0,0,0,0,0,0,0,0,0,7,0,0,7000,7000,29,259,1440,107,52,47,69,35,49,0,39321,315,163,137,199,98,132,26222,39321
23.736,0,803,22,84,59,14.7,13.51,0.919,1,0,0,0,13,312,2.576,1,20,138.83,0,0,0,0,1,0,0,0,0,0,0,0,0,0,0,53.05,34,0.344,1,0,0,0,0,0,0,0,0,0,800,800,800,800,1090,1400,76,0.254,26.5,14.3,13.09,0,138.83,0,20,22,12.819,353.28,1,0.645,0.645,0.586,2.051,0.645,0.02,0,,,,64,0,0,0,0,0,0,0,0,0,0,7,0,0,7000,7000,29,259,1440,107,66,56,64,35,49,0,39321,315,163,140,196,98,132,26222,39321
23.796,0,811,22,84,59,14.7,13.51,0.919,1,0,0,0,12.5,312,2.576,1,20,139,0,0,0,0,1,0,0,0,0,0,0,0,0,0,0,53.05,34,0.344,1,0,0,0,0,0,0,0,0,0,800,810,800,800,1090,1400,76,0.254,26.5,14.3,13.09,0,139,0,20,22,12.819,353.28,1,0.645,0.645,0.586,2.051,0.645,0.02,0,,,,52,0,0,0,0,0,0,0,0,0,0,7,0,0,7000,7000,29,259,1440,107,66,56,64,28,52,0,39321,315,163,140,196,98,132,26222,39321
23.856,0,811,22,84,59,14.7,13.54,0.921,1,0,0,0,12.5,312,2.568,1,20,138.67,0,0,0,0,1,0,0,0,0,0,0,0,0,0,0,52.82,34,0.344,1,0,0,0,0,0,0,0,0,0,800,810,800,800,1090,1400,76,0.254,26.5,14.3,12.92,0,138.67,0,20,22,12.745,353.28,1,0.625,0.625,0.586,2.051,0.645,0.02,0,,,,51,0,0,0,0,0,0,0,0,0,0,7,0,0,7000,7000,29,259,1440,117,61,51,64,28,52,0,39321,315,165,140,196,98,132,26222,39321
23.916,0,813,22,84,59,14.7,13.54,0.921,1,0,0,0,12.5,312,2.576,1,20,138.67,0,0,0,0,1,0,0,0,0,0,0,0,0,0,0,52.82,34,0.344,1,0,0,0,0,0,0,0,0,0,800,810,800,800,1090,1400,76,0.254,26.5,14.3,12.75,0,138.67,0,20,22,12.745,353.28,1,0.625,0.625,0.586,2.051,0.645,0.02,0,,,,34,0,0,0,0,0,0,0,0,0,0,7,0,0,7000,7000,29,259,1440,117,61,51,66,34,52,0,39321,315,165,140,194,98,132,26222,39321
23.976,0,812,22,84,59,14.7,13.54,0.921,1,0,0,0,12.5,312,2.576,1,20,138.5,0,0,0,0,1,0,0,0,0,0,0,0,0,0,0,52.82,34,0.344,1,0,0,0,0,0,0,0,0,0,800,810,800,800,1090,1400,76,0.254,26.5,14.3,13.03,0,138.5,0,20,22,12.745,353.28,1,0.625,0.625,0.586,2.051,0.645,0.02,0,,,,117,0,0,0,0,0,0,0,0,0,0,7,0,0,7000,7000,29,259,1440,117,61,51,66,34,49,0,39321,317,165,140,194,98,132,26222,39321
24.036,0,809,22,84,59,14.7,13.51,0.919,1,0,0,0,12.5,312,2.576,1,20,138.67,0,0,0,0,1,0,0,0,0,0,0,0,0,0,0,53.05,34,0.344,1,0,0,0,0,0,0,0,0,0,800,810,800,800,1090,1400,76,0.254,26.5,14.3,12.98,0,138.67,0,20,22,12.745,353.28,1,0.625,0.625,0.586,2.051,0.645,0.02,0,,,,73,0,0,0,0,0,0,0,0,0,0,7,0,0,7000,7000,29,259,1440,117,61,45,73,34,49,0,39321,317,165,140,194,98,132,26222,39321
24.096,0,810,22,84,59,14.7,13.51,0.919,1,0,0,0,12.5,312,2.568,1,20,138.67,0,0,0,0,1,0,0,0,0,0,0,0,0,0,0,53.05,34,0.344,1,0,0,0,0,0,0,0,0,0,800,810,800,800,1090,1400,76,0.254,26.5,14.3,12.98,0,138.67,0,20,22,12.819,353.28,1,0.625,0.625,0.586,2.051,0.645,0.02,0,,,,47,0,0,0,0,0,0,0,0,0,0,7,0,0,7000,7000,29,259,1440,117,61,45,73,30,47,0,39321,317,165,140,194,95,132,26222,39321
24.156,0,810,22,84,59,14.7,13.51,0.919,1,0,0,0,12.5,312,2.568,1,20,138.67,0,0,0,0,1,0,0,0,0,0,0,0,0,0,0,52.82,34,0.344,1,0,0,0,0,0,0,0,0,0,800,810,800,800,1090,1400,76,0.254,26.5,14.3,12.81,0,138.67,0,20,22,12.745,353.28,1,0.645,0.645,0.586,2.051,0.645,0.02,0,,,,54,0,0,0,0,0,0,0,0,0,0,7,0,0,7000,7000,29,259,1440,112,69,54,73,30,47,0,39321,317,168,140,194,95,132,26222,39321
24.216,0,809,22,84,59,14.7,13.51,0.919,1,0,0,0,12.5,312,2.576,1,20,138.5,0,0,0,0,1,0,0,0,0,0,0,0,0,0,0,52.82,34,0.344,1,0,0,0,0,0,0,0,0,0,800,810,800,800,1090,1400,76,0.254,26.5,14.3,12.86,0,138.5,0,20,22,12.745,353.28,1,0.645,0.645,0.586,2.051,0.645,0.02,0,,,,40,0,0,0,0,0,0,0,0,0,0,7,0,0,7000,7000,29,259,1440,112,69,54,68,40,47,0,39321,317,168,140,194,98,132,26222,39321
24.276,0,810,22,84,59,14.7,13.51,0.919,1,0,0,0,12.5,312,2.576,1,20,138.5,0,0,0,0,1,0,0,0,0,0,0,0,0,0,0,52.82,34,0.344,1,0,0,0,0,0,0,0,0,0,800,810,800,800,1090,1400,76,0.254,26.5,14.3,12.81,0,138.5,0,20,22,12.745,353.28,1,0.645,0.645,0.586,2.051,0.645,0.02,0,,,,52,0,0,0,0,0,0,0,0,0,0,7,0,0,7000,7000,29,259,1440,115,52,54,68,40,44,0,39321,320,165,140,194,98,129,26222,39321
24.336,0,814,22,84,59,14.7,13.51,0.919,1,0,0,0,12.5,312,2.576,1,20,138.67,0,0,0,0,1,0,0,0,0,0,0,0,0,0,0,53.05,34,0.344,1,0,0,0,0,0,0,0,0,0,800,810,800,800,1090,1400,76,0.254,26.5,14.3,12.86,0,138.67,0,20,22,12.745,353.28,1,0.625,0.625,0.586,2.051,0.645,0.02,0,,,,69,0,0,0,0,0,0,0,0,0,0,7,0,0,7000,7000,29,259,1440,115,52,49,69,40,44,0,39321,320,165,140,194,98,129,26222,39321
24.396,0,814,22,84,59,14.7,13.51,0.919,1,0,0,0,12.5,312,2.576,1,20,138.5,0,0,0,0,1,0,0,0,0,0,0,0,0,0,0,52.82,34,0.344,1,0,0,0,0,0,0,0,0,0,800,810,800,800,1090,1400,76,0.254,26.5,14.3,12.92,0,138.5,0,20,22,12.745,353.28,1,0.625,0.625,0.586,2.051,0.645,0.02,0,,,,49,0,0,0,0,0,0,0,0,0,0,7,0,0,7000,7000,29,259,1440,115,52,49,69,32,49,0,39321,320,165,140,194,98,129,26222,39321
24.456,0,813,22,84,59,14.7,13.51,0.919,1,0,0,0,12.5,312,2.576,1,20,138.5,0,0,0,0,1,0,0,0,0,0,0,0,0,0,0,52.82,34,0.344,1,0,0,0,0,0,0,0,0,0,800,810,800,800,1090,1400,76,0.254,26.5,14.3,12.81,0,138.5,0,20,22,12.745,353.28,1,0.625,0.625,0.586,2.051,0.645,0.02,0,,,,49,0,0,0,0,0,0,0,0,0,0,7,0,0,7000,7000,29,259,1440,98,45,49,69,32,49,0,39321,317,163,140,194,98,129,26222,39321
24.516,0,812,22,84,59,14.7,13.54,0.921,1,0,0,0,12.5,312,2.576,1,20,138.5,0,0,0,0,1,0,0,0,0,0,0,0,0,0,0,52.82,34,0.344,1,0,0,0,0,0,0,0,0,0,800,810,800,800,1090,1400,76,0.254,26.5,14.3,12.92,0,138.5,0,20,22,12.745,353.28,1,0.645,0.645,0.586,2.051,0.645,0.02,0,,,,40,0,0,0,0,0,0,0,0,0,0,7,0,0,7000,7000,29,259,1440,98,45,49,66,40,49,0,39321,317,163,140,194,98,129,26222,39321
24.576,0,815,22,84,59,14.7,13.54,0.921,1,0,0,0,12,312,2.576,1,20,138.5,0,0,0,0,1,0,0,0,0,0,0,0,0,0,0,52.82,34,0.344,1,0,0,0,0,0,0,0,0,0,800,820,800,800,1090,1400,76,0.254,26.5,14.3,13.03,0,138.5,0,20,22,12.745,353.28,1,0.625,0.625,0.586,2.051,0.645,0.02,0,,,,56,0,0,0,0,0,0,0,0,0,0,7,0,0,7000,7000,29,259,1440,107,56,49,66,40,47,0,39321,317,163,140,194,98,129,26222,39321
24.636,0,817,22,84,59,14.7,13.51,0.919,1,0,0,0,12,312,2.576,1,20,138.5,0,0,0,0,1,0,0,0,0,0,0,0,0,0,0,52.82,34,0.344,1,0,0,0,0,0,0,0,0,0,800,820,800,800,1090,1400,76,0.254,26.5,14.3,12.98,0,138.5,0,20,22,12.745,353.28,1,0.645,0.645,0.586,2.051,0.645,0.02,0,,,,69,0,0,0,0,0,0,0,0,0,0,7,0,0,7000,7000,29,259,1440,107,56,51,69,40,47,0,39321,317,163,140,194,98,129,26222,39321
24.696,0,819,22,84,59,14.7,13.51,0.919,1,0,0,0,12,312,2.576,1,20,138.5,0,0,0,0,1,0,0,0,0,0,0,0,0,0,0,52.82,34,0.344,1,0,0,0,0,0,0,0,0,0,800,820,800,800,1090,1400,76,0.254,26.5,14.3,12.92,0,138.5,0,20,22,12.745,353.28,1,0.625,0.625,0.586,2.051,0.645,0.02,0,,,,108,0,0,0,0,0,0,0,0,0,0,7,0,0,7000,7000,29,259,1440,108,56,51,69,44,47,0,39321,317,163,140,194,98,129,26222,39321
24.756,0,815,22,84,59,14.7,13.51,0.919,1,0,0,0,12,312,2.576,1,20,138.5,0,0,0,0,1,0,0,0,0,0,0,0,0,0,0,52.82,34,0.344,1,0,0,0,0,0,0,0,0,0,800,820,800,800,1090,1400,76,0.254,26.5,14.3,12.86,0,138.5,0,20,22,12.745,353.28,1,0.645,0.645,0.586,2.051,0.645,0.02,0,,,,47,0,0,0,0,0,0,0,0,0,0,7,0,0,7000,7000,29,259,1440,108,54,47,69,44,47,0,39321,317,163,140,194,98,129,26222,39321
24.816,0,812,22,84,59,14.7,13.51,0.919,1,0,0,0,12.5,312,2.576,1,20,138.5,0,0,0,0,1,0,0,0,0,0,0,0,0,0,0,52.82,34,0.344,1,0,0,0,0,0,0,0,0,0,800,810,800,800,1090,1400,76,0.254,26.5,14.3,12.92,0,138.5,0,20,22,12.745,353.28,1,0.645,0.645,0.586,2.051,0.645,0.02,0,,,,49,0,0,0,0,0,0,0,0,0,0,7,0,0,7000,7000,29,259,1440,108,54,47,71,37,49,0,39321,317,163,140,194,98,129,26222,39321
24.876,0,814,22,84,59,14.7,13.51,0.919,1,0,0,0,12.5,312,2.576,1,20,138.5,0,0,0,0,1,0,0,0,0,0,0,0,0,0,0,52.82,34,0.344,1,0,0,0,0,0,0,0,0,0,800,810,800,800,1090,1400,76,0.254,26.5,14.3,13.03,0,138.5,0,20,22,12.745,353.28,1,0.625,0.625,0.586,2.051,0.645,0.02,0,,,,61,0,0,0,0,0,0,0,0,0,0,7,0,0,7000,7000,29,259,1440,96,61,47,71,37,49,0,39321,315,163,140,194,98,129,26222,39321
24.936,0,806,22,84,59,14.7,13.51,0.919,1,0,0,0,12.5,312,2.576,1,20,138.5,0,0,0,0,1,0,0,0,0,0,0,0,0,0,0,52.82,34,0.344,1,0,0,0,0,0,0,0,0,0,800,810,800,800,1090,1400,76,0.254,26.5,14.3,13.03,0,138.5,0,20,22,12.745,353.28,1,0.645,0.645,0.586,2.051,0.645,0.02,0,,,,68,0,0,0,0,0,0,0,0,0,0,7,0,0,7000,7000,29,259,1440,96,61,40,68,37,49,0,39321,315,163,140,194,98,129,26222,39321
24.996,0,808,22,84,59,14.7,13.51,0.919,1,0,0,0,12.5,312,2.576,1,20,138.5,0,0,0,0,1,0,0,0,0,0,0,0,0,0,0,52.82,34,0.344,1,0,0,0,0,0,0,0,0,0,800,810,800,800,1090,1400,76,0.254,26.5,14.3,13.03,0,138.5,0,20,22,12.745,353.28,1,0.645,0.645,0.586,2.051,0.645,0.02,0,,,,108,0,0,0,0,0,0,0,0,0,0,7,0,0,7000,7000,29,259,1440,108,61,40,68,42,44,0,39321,315,163,140,194,98,129,26222,39321
25.056,0,804,22,84,59,14.7,13.47,0.916,1,0,0,0,13,312,2.576,1,20,138.5,0,0,0,0,1,0,0,0,0,0,0,0,0,0,0,52.82,34,0.344,1,0,0,0,0,0,0,0,0,0,800,800,800,800,1090,1400,76,0.254,26.5,14.3,12.98,0,138.5,0,20,22,12.745,353.28,1,0.645,0.645,0.586,2.051,0.645,0.02,0,,,,40,0,0,0,0,0,0,0,0,0,0,7,0,0,7000,7000,29,259,1440,108,52,40,68,42,44,0,39321,315,160,140,194,98,129,26222,39321
25.116,0,809,22,84,59,14.7,13.47,0.916,1,0,0,0,12.5,312,2.576,1,20,138.5,0,0,0,0,1,0,0,0,0,0,0,0,0,0,0,52.82,34,0.344,1,0,0,0,0,0,0,0,0,0,800,810,800,800,1090,1400,76,0.254,26.5,14.3,12.81,0,138.5,0,20,22,12.745,353.28,1,0.625,0.625,0.586,2.051,0.645,0.02,0,,,,42,0,0,0,0,0,0,0,0,0,0,7,0,0,7000,7000,29,259,1440,108,52,40,78,34,42,0,39321,315,160,140,194,98,129,26222,39321
25.176,0,810,22,84,59,14.7,13.47,0.916,1,0,0,0,12.5,312,2.576,1,20,138.5,0,0,0,0,1,0,0,0,0,0,0,0,0,0,0,52.82,34,0.344,1,0,0,0,0,0,0,0,0,0,800,810,800,800,1090,1400,76,0.254,26.5,14.3,12.92,0,138.5,0,20,22,12.745,353.28,1,0.645,0.645,0.586,2.051,0.645,0.02,0,,,,62,0,0,0,0,0,0,0,0,0,0,7,0,0,7000,7000,29,259,1440,110,62,40,78,34,42,0,39321,315,160,140,194,98,129,26222,39321
25.236,0,805,22,84,59,14.7,13.44,0.914,1,0,0,0,12.5,312,2.576,1,20,138.5,0,0,0,0,1,0,0,0,0,0,0,0,0,0,0,52.82,34,0.344,1,0,0,0,0,0,0,0,0,0,800,810,800,800,1090,1400,76,0.254,26.5,14.3,12.86,0,138.5,0,20,22,12.745,353.28,1,0.625,0.625,0.586,2.051,0.645,0.02,0,,,,45,0,0,0,0,0,0,0,0,0,0,7,0,0,7000,7000,29,259,1440,110,62,47,71,45,42,0,39321,315,160,140,194,101,129,26222,39321
25.296,0,811,22,84,59,14.7,13.44,0.914,1,0,0,0,12.5,312,2.576,1,20,138.67,0,0,0,0,1,0,0,0,0,0,0,0,0,0,0,52.82,34,0.344,1,0,0,0,0,0,0,0,0,0,800,810,800,800,1090,1400,76,0.254,26.5,14.3,12.86,0,138.67,0,20,22,12.745,353.28,1,0.625,0.625,0.586,2.051,0.645,0.02,0,,,,105,0,0,0,0,0,0,0,0,0,0,7,0,0,7000,7000,29,259,1440,105,62,47,71,45,44,0,39321,315,160,140,194,101,126,26222,39321
25.356,0,809,22,84,59,14.7,13.44,0.914,1,0,0,0,12.5,312,2.576,1,20,138.5,0,0,0,0,1,0,0,0,0,0,0,0,0,0,0,52.82,34,0.344,1,0,0,0,0,0,0,0,0,0,800,810,800,800,1090,1400,76,0.254,26.5,14.3,12.81,0,138.5,0,20,22,12.745,353.28,1,0.625,0.625,0.586,2.051,0.645,0.02,0,,,,47,0,0,0,0,0,0,0,0,0,0,7,0,0,7000,7000,29,259,1440,105,64,47,71,45,44,0,39321,315,160,140,194,101,126,26222,39321
25.416,0,812,22,84,59,14.7,13.44,0.914,1,0,0,0,12.5,312,2.576,1,20,138.67,0,0,0,0,1,0,0,0,0,0,0,0,0,0,0,52.82,34,0.344,1,0,0,0,0,0,0,0,0,0,800,810,800,800,1090,1400,76,0.254,26.5,14.3,12.75,0,138.67,0,20,22,12.745,353.28,1,0.645,0.645,0.586,2.051,0.645,0.02,0,,,,42,0,0,0,0,0,0,0,0,0,0,7,0,0,7000,7000,29,259,1440,105,64,47,73,40,42,0,39321,315,160,140,196,101,126,26222,39321
25.476,0,805,22,84,59,14.7,13.44,0.914,1,0,0,0,12.5,312,2.576,1,20,138.5,0,0,0,0,1,0,0,0,0,0,0,0,0,0,0,52.82,34,0.344,1,0,0,0,0,0,0,0,0,0,800,810,800,800,1090,1400,76,0.254,26.5,14.3,12.69,0,138.5,0,20,22,12.745,353.28,1,0.625,0.625,0.586,2.051,0.645,0.02,0,,,,54,0,0,0,0,0,0,0,0,0,0,7,0,0,7000,7000,29,259,1440,100,54,47,73,40,42,0,39321,312,160,140,196,101,126,26222,39321
25.536,0,803,22,84,59,14.7,13.44,0.914,1,0,0,0,13,312,2.576,1,20,138.5,0,0,0,0,1,0,0,0,0,0,0,0,0,0,0,52.82,34,0.344,1,0,0,0,0,0,0,0,0,0,800,800,800,800,1090,1400,76,0.254,26.5,14.3,12.86,0,138.5,0,20,22,12.745,353.28,1,0.645,0.645,0.586,2.051,0.645,0.02,0,,,,40,0,0,0,0,0,0,0,0,0,0,7,0,0,7000,7000,29,259,1440,100,54,52,68,40,42,0,39321,312,160,140,196,101,126,26222,39321
25.596,0,800,22,84,59,14.7,13.44,0.914,1,0,0,0,13,312,2.576,1,20,138.67,0,0,0,0,1,0,0,0,0,0,0,0,0,0,0,52.82,34,0.344,1,0,0,0,0,0,0,0,0,0,800,800,800,800,1090,1400,76,0.254,26.5,14.3,12.86,0,138.67,0,20,22,12.745,353.28,1,0.645,0.645,0.586,2.051,0.645,0.02,0,,,,90,0,0,0,0,0,0,0,0,0,0,7,0,0,7000,7000,29,259,1440,90,54,52,68,40,42,0,39321,306,160,140,196,101,126,26222,39321
25.656,0,796,22,84,59,14.7,13.47,0.916,1,0,0,0,13,312,2.576,1,20,138.83,0,0,0,0,1,0,0,0,0,0,0,0,0,0,0,53.05,34,0.344,1,0,0,0,0,0,0,0,0,0,800,800,800,800,1090,1400,76,0.254,26.5,14.3,12.92,0,138.83,0,20,22,12.819,353.28,1,0.645,0.645,0.586,2.051,0.645,0.02,0,,,,54,0,0,0,0,0,0,0,0,0,0,7,0,0,7000,7000,29,259,1440,90,51,54,68,40,42,0,39321,306,160,140,196,101,126,26222,39321
25.716,0,797,22,84,59,14.7,13.47,0.916,1,0,0,0,13,312,2.576,1,20,139,0,0,0,0,1,0,0,0,0,0,0,0,0,0,0,53.05,34,0.344,1,0,0,0,0,0,0,0,0,0,800,800,800,800,1090,1400,76,0.254,26.5,14.3,12.86,0,139,0,20,22,12.745,353.28,1,0.645,0.645,0.586,2.051,0.645,0.02,0,,,,45,0,0,0,0,0,0,0,0,0,0,7,0,0,7000,7000,29,259,1440,90,51,54,76,35,45,0,39321,306,160,140,199,101,126,26222,39321
25.776,0,801,22,84,59,14.7,13.47,0.916,1,0,0,0,13,312,2.584,1,20,139,0,0,0,0,1,0,0,0,0,0,0,0,0,0,0,53.05,34,0.344,1,0,0,0,0,0,0,0,0,0,800,800,800,800,1090,1400,76,0.254,26.5,14.3,12.92,0,139,0,20,22,12.745,353.28,1,0.645,0.645,0.586,2.051,0.645,0.02,0,,,,56,0,0,0,0,0,0,0,0,0,0,7,0,0,7000,7000,29,259,1440,93,56,54,76,35,45,0,39321,303,160,140,199,101,126,26222,39321
25.836,0,805,22,84,59,14.7,13.48,0.917,1,0,0,0,12.5,312,2.584,1,20,139,0,0,0,0,1,0,0,0,0,0,0,0,0,0,0,53.05,34,0.344,1,0,0,0,0,0,0,0,0,0,800,810,800,800,1090,1400,76,0.254,26.5,14.3,12.92,0,139,0,20,22,12.745,353.28,1,0.645,0.645,0.586,2.051,0.645,0.02,0,,,,44,0,0,0,0,0,0,0,0,0,0,7,0,0,7000,7000,29,259,1440,93,56,49,69,44,45,0,39321,303,160,137,199,104,126,26222,39321
25.896,0,806,22,84,59,14.7,13.51,0.919,1,0,0,0,12.5,312,2.584,1,20,139,0,0,0,0,1,0,0,0,0,0,0,0,0,0,0,53.05,34,0.344,1,0,0,0,0,0,0,0,0,0,800,810,800,800,1090,1400,76,0.254,26.5,14.3,13.03,0,139,0,20,22,12.745,353.28,1,0.645,0.645,0.586,2.051,0.645,0.02,0,,,,100,0,0,0,0,0,0,0,0,0,0,7,0,0,7000,7000,29,259,1440,100,56,49,69,44,49,0,39321,303,160,137,199,104,126,26222,39321
25.956,0,804,22,84,59,14.7,13.51,0.919,1,0,0,0,13,312,2.584,1,20,139,0,0,0,0,1,0,0,0,0,0,0,0,0,0,0,53.05,34,0.344,1,0,0,0,0,0,0,0,0,0,800,800,800,800,1090,1400,76,0.254,26.5,14.3,13.03,0,139,0,20,22,12.745,353.28,1,0.645,0.645,0.586,2.051,0.645,0.02,0,,,,69,0,0,0,0,0,0,0,0,0,0,7,0,0,7000,7000,29,259,1440,100,61,54,69,44,49,0,39321,303,160,137,199,104,126,26222,39321
26.016,0,802,22,84,59,14.7,13.51,0.919,1,0,0,0,13,312,2.584,1,20,139,0,0,0,0,1,0,0,0,0,0,0,0,0,0,0,53.05,34,0.344,1,0,0,0,0,0,0,0,0,0,800,800,800,800,1090,1400,76,0.254,26.5,14.3,12.98,0,139,0,20,22,12.745,353.28,1,0.625,0.625,0.586,2.051,0.645,0.02,0,,,,44,0,0,0,0,0,0,0,0,0,0,7,0,0,7000,7000,29,259,1440,100,61,54,69,45,44,0,39321,303,160,137,199,106,123,26222,39321
26.076,0,804,22,84,59,14.7,13.51,0.919,1,0,0,0,13,312,2.584,1,20,139,0,0,0,0,1,0,0,0,0,0,0,0,0,0,0,53.05,34,0.344,1,0,0,0,0,0,0,0,0,0,800,800,800,800,1090,1400,76,0.254,26.5,14.3,12.98,0,139,0,20,22,12.745,353.28,1,0.645,0.645,0.586,2.051,0.645,0.02,0,,,,71,0,0,0,0,0,0,0,0,0,0,7,0,0,7000,7000,29,259,1440,91,71,54,69,45,44,0,39321,300,163,137,199,106,123,26222,39321
26.136,0,807,22,84,59,14.7,13.51,0.919,1,0,0,0,12.5,312,2.584,1,20,139,0,0,0,0,1,0,0,0,0,0,0,0,0,0,0,53.05,34,0.344,1,0,0,0,0,0,0,0,0,0,800,810,800,800,1090,1400,76,0.254,26.5,14.3,13.09,0,139,0,20,22,12.745,353.28,1,0.625,0.625,0.586,2.051,0.645,0.02,0,,,,42,0,0,0,0,0,0,0,0,0,0,7,0,0,7000,7000,29,259,1440,91,71,54,69,42,44,0,39321,300,163,140,196,109,123,26222,39321
26.196,0,808,22,84,59,14.7,13.54,0.921,1,0,0,0,12.5,312,2.584,1,20,139,0,0,0,0,1,0,0,0,0,0,0,0,0,0,0,53.05,34,0.344,1,0,0,0,0,0,0,0,0,0,800,810,800,800,1090,1400,76,0.254,26.5,14.3,13.03,0,139,0,20,22,12.745,353.28,1,0.645,0.645,0.586,2.051,0.645,0.02,0,,,,95,0,0,0,0,0,0,0,0,0,0,7,0,0,7000,7000,29,259,1440,95,71,54,69,42,42,0,39321,298,163,140,196,109,123,26222,39321
26.256,0,805,22,84,59,14.7,13.54,0.921,1,0,0,0,12.5,312,2.584,1,20,139,0,0,0,0,1,0,0,0,0,0,0,0,0,0,0,53.05,34,0.344,1,0,0,0,0,0,0,0,0,0,800,810,800,800,1090,1400,76,0.254,26.5,14.3,13.03,0,139,0,20,22,12.745,353.28,1,0.645,0.645,0.586,2.051,0.645,0.02,0,,,,78,0,0,0,0,0,0,0,0,0,0,7,0,0,7000,7000,29,259,1440,95,59,49,78,42,42,0,39321,298,163,140,196,109,123,26222,39321
26.316,0,809,22,84,59,14.7,13.54,0.921,1,0,0,0,12.5,312,2.584,1,20,139,0,0,0,0,1,0,0,0,0,0,0,0,0,0,0,53.05,34,0.344,1,0,0,0,0,0,0,0,0,0,800,810,800,800,1090,1400,76,0.254,26.5,14.3,12.92,0,139,0,20,22,12.745,353.28,1,0.645,0.645,0.586,2.051,0.645,0.02,0,,,,45,0,0,0,0,0,0,0,0,0,0,7,0,0,7000,7000,29,259,1440,95,59,49,78,44,45,0,39321,298,163,140,196,112,123,26222,39321
26.376,0,795,22,84,59,14.7,13.51,0.919,1,0,0,0,13,312,2.584,1,20,139,0,0,0,0,1,0,0,0,0,0,0,0,0,0,0,53.05,34,0.344,1,0,0,0,0,0,0,0,0,0,800,800,800,800,1090,1400,76,0.254,26.5,14.3,12.92,0,139,0,20,22,12.745,353.28,1,0.645,0.645,0.586,2.051,0.645,0.02,0,,,,56,0,0,0,0,0,0,0,0,0,0,7,0,0,7000,7000,29,259,1440,98,56,49,78,44,45,0,39321,295,163,140,196,112,123,26222,39321
26.436,0,791,22,84,59,14.7,13.51,0.919,1,0,0,0,14,312,2.584,1,20,139,0,0,0,0,1,0,0,0,0,0,0,0,0,0,0,53.05,34,0.344,1,0,0,0,0,0,0,0,0,0,800,790,800,800,1090,1400,76,0.254,26.5,14.3,12.92,0,139,0,20,22,12.745,353.28,1,0.645,0.645,0.586,2.051,0.645,0.02,0,,,,47,0,0,0,0,0,0,0,0,0,0,7,0,0,7000,7000,29,259,1440,98,56,42,74,47,45,0,39321,295,163,140,196,112,123,26222,39321
26.496,0,802,22,84,59,14.7,13.51,0.919,1,0,0,0,13,312,2.584,1,20,139,0,0,0,0,1,0,0,0,0,0,0,0,0,0,0,53.05,34,0.344,1,0,0,0,0,0,0,0,0,0,800,800,800,800,1090,1400,76,0.254,26.5,14.3,12.86,0,139,0,20,22,12.745,353.28,1,0.645,0.645,0.586,2.051,0.645,0.02,0,,,,83,0,0,0,0,0,0,0,0,0,0,7,0,0,7000,7000,29,259,1440,83,56,42,74,47,42,0,39321,292,163,140,196,112,123,26222,39321
26.556,0,801,22,84,59,14.7,13.51,0.919,1,0,0,0,13,312,2.584,1,20,139,0,0,0,0,1,0,0,0,0,0,0,0,0,0,0,53.05,34,0.344,1,0,0,0,0,0,0,0,0,0,800,800,800,800,1090,1400,76,0.254,26.5,14.3,12.86,0,139,0,20,22,12.745,353.28,1,0.645,0.645,0.586,2.051,0.645,0.02,0,,,,68,0,0,0,0,0,0,0,0,0,0,7,0,0,7000,7000,29,259,1440,83,56,44,68,47,42,0,39321,292,163,137,196,112,123,26222,39321
26.616,0,808,22,84,59,14.7,13.51,0.919,1,0,0,0,12.5,312,2.584,1,20,139,0,0,0,0,1,0,0,0,0,0,0,0,0,0,0,53.05,34,0.344,1,0,0,0,0,0,0,0,0,0,800,810,800,800,1090,1400,76,0.254,26.5,14.3,12.81,0,139,0,20,22,12.745,353.28,1,0.645,0.645,0.586,2.051,0.645,0.02,0,,,,51,0,0,0,0,0,0,0,0,0,0,7,0,0,7000,7000,29,259,1440,83,56,44,68,39,51,0,39321,292,163,137,196,112,126,26222,39321
26.676,0,808,22,84,59,14.7,13.51,0.919,1,0,0,0,12.5,312,2.584,1,20,139,0,0,0,0,1,0,0,0,0,0,0,0,0,0,0,53.05,34,0.344,1,0,0,0,0,0,0,0,0,0,800,810,800,800,1090,1400,76,0.254,26.5,14.3,12.86,0,139,0,20,22,12.745,353.28,1,0.645,0.645,0.586,2.051,0.645,0.02,0,,,,54,0,0,0,0,0,0,0,0,0,0,7,0,0,7000,7000,29,259,1440,107,54,44,68,39,51,0,39321,292,160,137,196,112,126,26222,39321
26.736,0,804,22,84,59,14.7,13.51,0.919,1,0,0,0,13,312,2.584,1,20,139,0,0,0,0,1,0,0,0,0,0,0,0,0,0,0,53.05,34,0.344,1,0,0,0,0,0,0,0,0,0,800,800,800,800,1090,1400,76,0.254,26.5,14.3,12.86,0,139,0,20,22,12.745,353.28,1,0.645,0.645,0.586,2.051,0.645,0.02,0,,,,51,0,0,0,0,0,0,0,0,0,0,7,0,0,7000,7000,29,259,1440,107,54,40,73,51,51,0,39321,292,160,137,196,115,126,26222,39321
26.796,0,809,22,84,59,14.7,13.51,0.919,1,0,0,0,12.5,312,2.584,1,20,139,0,0,0,0,1,0,0,0,0,0,0,0,0,0,0,53.05,34,0.344,1,0,0,0,0,0,0,0,0,0,800,810,800,800,1090,1400,76,0.254,26.5,14.3,13.09,0,139,0,20,22,12.745,353.28,1,0.645,0.645,0.586,2.051,0.645,0.02,0,,,,93,0,0,0,0,0,0,0,0,0,0,7,0,0,7000,7000,29,259,1440,93,54,40,73,51,42,0,39321,289,160,137,196,115,126,26222,39321
26.856,0,806,22,84,59,14.7,13.51,0.919,1,0,0,0,12.5,312,2.584,1,20,139,0,0,0,0,1,0,0,0,0,0,0,0,0,0,0,53.05,34,0.344,1,0,0,0,0,0,0,0,0,0,800,810,800,800,1090,1400,76,0.254,26.5,14.3,12.92,0,139,0,20,22,12.745,353.28,1,0.625,0.625,0.586,2.051,0.645,0.02,0,,,,78,0,0,0,0,0,0,0,0,0,0,7,0,0,7000,7000,29,259,1440,93,45,44,78,51,42,0,39321,289,157,137,196,115,126,26222,39321
26.916,0,800,22,84,59,14.7,13.51,0.919,1,0,0,0,13,312,2.584,1,20,139,0,0,0,0,1,0,0,0,0,0,0,0,0,0,0,53.05,34,0.344,1,0,0,0,0,0,0,0,0,0,800,800,800,800,1090,1400,76,0.254,26.5,14.3,13.03,0,139,0,20,22,12.745,353.28,1,0.645,0.645,0.586,2.051,0.645,0.02,0,,,,44,0,0,0,0,0,0,0,0,0,0,7,0,0,7000,7000,29,259,1440,93,45,44,78,35,44,0,39321,289,157,137,196,115,126,26222,39321
26.976,0,798,22,84,59,14.7,13.51,0.919,1,0,0,0,13,312,2.584,1,20,139,0,0,0,0,1,0,0,0,0,0,0,0,0,0,0,53.05,34,0.344,1,0,0,0,0,0,0,0,0,0,800,800,800,800,1090,1400,76,0.254,26.5,14.3,12.86,0,139,0,20,22,12.745,353.28,1,0.645,0.645,0.586,2.051,0.645,0.02,0,,,,40,0,0,0,0,0,0,0,0,0,0,7,0,0,7000,7000,29,259,1440,86,57,40,78,35,44,0,39321,286,157,135,196,115,126,26222,39321
27.036,0,801,22,84,59,14.7,13.51,0.919,1,0,0,0,13,312,2.584,1,20,139,0,0,0,0,1,0,0,0,0,0,0,0,0,0,0,53.05,34,0.344,1,0,0,0,0,0,0,0,0,0,800,800,800,800,1090,1400,76,0.254,26.5,14.3,12.98,0,139,0,20,22,12.745,353.28,1,0.645,0.645,0.586,2.051,0.645,0.02,0,,,,39,0,0,0,0,0,0,0,0,0,0,7,0,0,7000,7000,29,259,1440,86,57,40,64,39,44,0,39321,286,157,135,196,115,126,26222,39321
27.096,0,805,22,84,59,14.7,13.51,0.919,1,0,0,0,12.5,312,2.584,1,20,139,0,0,0,0,1,0,0,0,0,0,0,0,0,0,0,53.05,34,0.344,1,0,0,0,0,0,0,0,0,0,800,810,800,800,1090,1400,76,0.254,26.5,14.3,13.03,0,139,0,20,22,12.745,353.28,1,0.645,0.645,0.586,2.051,0.645,0.02,0,,,,88,0,0,0,0,0,0,0,0,0,0,7,0,0,7000,7000,29,259,1440,88,57,40,64,39,47,0,39321,284,157,135,196,115,126,26222,39321
27.156,0,803,22,84,59,14.7,13.51,0.919,1,0,0,0,13,312,2.584,1,20,139,0,0,0,0,1,0,0,0,0,0,0,0,0,0,0,53.05,34,0.344,1,0,0,0,0,0,0,0,0,0,800,800,800,800,1090,1400,76,0.254,26.5,14.3,13.03,0,139,0,20,22,12.745,353.28,1,0.625,0.625,0.586,2.051,0.645,0.02,0,,,,69,0,0,0,0,0,0,0,0,0,0,7,0,0,7000,7000,29,259,1440,88,57,40,69,39,47,0,39321,284,157,135,196,115,126,26222,39321
27.216,0,805,22,84,59,14.7,13.51,0.919,1,0,0,0,12.5,312,2.584,1,20,139,0,0,0,0,1,0,0,0,0,0,0,0,0,0,0,53.05,34,0.344,1,0,0,0,0,0,0,0,0,0,800,810,800,800,1090,1400,76,0.254,26.5,14.3,12.81,0,139,0,20,22,12.745,353.28,1,0.645,0.645,0.586,2.051,0.645,0.02,0,,,,54,0,0,0,0,0,0,0,0,0,0,7,0,0,7000,7000,29,259,1440,88,57,40,69,40,54,0,39321,284,157,135,196,115,126,26222,39321
27.276,0,808,22,84,59,14.7,13.51,0.919,1,0,0,0,12.5,312,2.584,1,20,139,0,0,0,0,1,0,0,0,0,0,0,0,0,0,0,53.05,34,0.344,1,0,0,0,0,0,0,0,0,0,800,810,800,800,1090,1400,76,0.254,26.5,14.3,12.86,0,139,0,20,22,12.745,353.28,1,0.625,0.625,0.586,2.051,0.645,0.02,0,,,,51,0,0,0,0,0,0,0,0,0,0,7,0,0,7000,7000,29,259,1440,86,51,51,69,40,54,0,39321,281,157,135,196,115,126,26222,39321
27.336,0,811,22,84,59,14.7,13.51,0.919,1,0,0,0,12.5,312,2.584,1,20,139,0,0,0,0,1,0,0,0,0,0,0,0,0,0,0,53.05,34,0.344,1,0,0,0,0,0,0,0,0,0,800,810,800,800,1090,1400,76,0.254,26.5,14.3,12.86,0,139,0,20,22,12.745,353.28,1,0.645,0.645,0.586,2.051,0.645,0.02,0,,,,47,0,0,0,0,0,0,0,0,0,0,7,0,0,7000,7000,29,259,1440,86,51,51,68,47,54,0,39321,281,157,135,196,115,126,26222,39321
27.396,0,817,22,84,59,14.7,13.51,0.919,1,0,0,0,12,312,2.576,1,20,138.83,0,0,0,0,1,0,0,0,0,0,0,0,0,0,0,52.82,34,0.344,1,0,0,0,0,0,0,0,0,0,800,820,800,800,1090,1400,76,0.254,26.5,14.3,12.98,0,138.83,0,20,22,12.745,353.28,1,0.625,0.625,0.586,2.051,0.645,0.02,0,,,,102,0,0,0,0,0,0,0,0,0,0,7,0,0,7000,7000,29,259,1440,102,51,51,68,47,45,0,39321,281,157,135,196,115,126,26222,39321
27.456,0,816,22,84,59,14.7,13.51,0.919,1,0,0,0,12,312,2.576,1,20,138.67,0,0,0,0,1,0,0,0,0,0,0,0,0,0,0,52.82,34,0.344,1,0,0,0,0,0,0,0,0,0,800,820,800,800,1090,1400,76,0.254,26.5,14.3,12.92,0,138.67,0,20,22,12.745,353.28,1,0.625,0.625,0.586,2.051,0.645,0.02,0,,,,62,0,0,0,0,0,0,0,0,0,0,7,0,0,7000,7000,29,259,1440,102,49,42,62,47,45,0,39321,281,157,135,194,115,126,26222,39321
27.516,0,818,22,84,59,14.7,13.51,0.919,1,0,0,0,12,312,2.576,1,20,138.67,0,0,0,0,1,0,0,0,0,0,0,0,0,0,0,52.82,34,0.344,1,0,0,0,0,0,0,0,0,0,800,820,800,800,1090,1400,76,0.254,26.5,14.3,12.92,0,138.67,0,20,22,12.745,353.28,1,0.645,0.645,0.586,2.051,0.645,0.02,0,,,,54,0,0,0,0,0,0,0,0,0,0,7,0,0,7000,7000,29,259,1440,102,49,42,62,35,54,0,39321,281,157,135,194,115,126,26222,39321
27.576,0,819,22,84,59,14.7,13.51,0.919,1,0,0,0,12,312,2.56,1,20,138.5,0,0,0,0,1,0,0,0,0,0,0,0,0,0,0,52.82,34,0.344,1,0,0,0,0,0,0,0,0,0,800,820,800,800,1090,1400,76,0.254,26.5,14.3,12.86,0,138.5,0,20,22,12.745,353.28,1,0.625,0.625,0.586,2.051,0.645,0.02,0,,,,42,0,0,0,0,0,0,0,0,0,0,7,0,0,7000,7000,29,259,1440,115,57,42,62,35,54,0,39321,284,157,135,194,115,126,26222,39321
27.636,0,818,22,84,59,14.7,13.51,0.919,1,0,0,0,12,312,2.576,1,20,138.5,0,0,0,0,1,0,0,0,0,0,0,0,0,0,0,52.82,34,0.344,1,0,0,0,0,0,0,0,0,0,800,820,800,800,1090,1400,76,0.254,26.5,14.3,12.81,0,138.5,0,20,22,12.745,353.28,1,0.645,0.645,0.586,2.051,0.645,0.02,0,,,,47,0,0,0,0,0,0,0,0,0,0,7,0,0,7000,7000,29,259,1440,115,57,42,71,47,54,0,39321,284,157,135,194,115,126,26222,39321
27.696,0,818,22,84,59,14.7,13.51,0.919,1,0,0,0,12,312,2.576,1,20,138.5,0,0,0,0,1,0,0,0,0,0,0,0,0,0,0,52.82,34,0.344,1,0,0,0,0,0,0,0,0,0,800,820,800,800,1090,1400,76,0.254,26.5,14.3,12.86,0,138.5,0,20,22,12.745,353.28,1,0.625,0.625,0.586,2.051,0.645,0.02,0,,,,56,0,0,0,0,0,0,0,0,0,0,7,0,0,7000,7000,29,259,1440,100,56,42,71,47,45,0,39321,284,157,135,194,115,126,26222,39321
27.756,0,814,22,84,59,14.7,13.51,0.919,1,0,0,0,12.5,312,2.576,1,20,138.5,0,0,0,0,1,0,0,0,0,0,0,0,0,0,0,52.82,34,0.344,1,0,0,0,0,0,0,0,0,0,800,810,800,800,1090,1400,76,0.254,26.5,14.3,12.86,0,138.5,0,20,22,12.745,353.28,1,0.645,0.645,0.586,2.051,0.645,0.02,0,,,,68,0,0,0,0,0,0,0,0,0,0,7,0,0,7000,7000,29,259,1440,100,56,39,68,47,45,0,39321,284,157,135,194,115,126,26222,39321
27.816,0,812,22,84,59,14.7,13.51,0.919,1,0,0,0,12.5,312,2.576,1,20,138.5,0,0,0,0,1,0,0,0,0,0,0,0,0,0,0,52.82,34,0.344,1,0,0,0,0,0,0,0,0,0,800,810,800,800,1090,1400,76,0.254,26.5,14.3,12.92,0,138.5,0,20,22,12.745,353.28,1,0.625,0.625,0.586,2.051,0.645,0.02,0,,,,102,0,0,0,0,0,0,0,0,0,0,7,0,0,7000,7000,29,259,1440,102,56,39,68,35,51,0,39321,284,157,135,194,112,129,26222,39321
27.876,0,808,22,84,59,14.7,13.51,0.919,1,0,0,0,12.5,312,2.576,1,20,138.5,0,0,0,0,1,0,0,0,0,0,0,0,0,0,0,52.82,34,0.344,1,0,0,0,0,0,0,0,0,0,800,810,800,800,1090,1400,76,0.254,26.5,14.3,12.92,0,138.5,0,20,22,12.745,353.28,1,0.645,0.645,0.586,2.051,0.645,0.02,0,,,,45,0,0,0,0,0,0,0,0,0,0,7,0,0,7000,7000,29,259,1440,102,54,45,68,35,51,0,39321,284,157,132,194,112,129,26222,39321
27.936,0,808,22,84,59,14.7,13.48,0.917,1,0,0,0,12.5,312,2.576,1,20,138.5,0,0,0,0,1,0,0,0,0,0,0,0,0,0,0,52.82,34,0.344,1,0,0,0,0,0,0,0,0,0,800,810,800,800,1090,1400,76,0.254,26.5,14.3,12.81,0,138.5,0,20,22,12.745,353.28,1,0.625,0.625,0.586,2.051,0.645,0.02,0,,,,51,0,0,0,0,0,0,0,0,0,0,7,0,0,7000,7000,29,259,1440,102,54,45,71,51,51,0,39321,284,157,132,196,112,132,26222,39321
27.996,0,810,22,84,59,14.7,13.48,0.917,1,0,0,0,12.5,312,2.576,1,20,138.5,0,0,0,0,1,0,0,0,0,0,0,0,0,0,0,52.82,34,0.344,1,0,0,0,0,0,0,0,0,0,800,810,800,800,1090,1400,76,0.254,26.5,14.3,12.86,0,138.5,0,20,22,12.745,353.28,1,0.645,0.645,0.586,2.051,0.645,0.02,0,,,,52,0,0,0,0,0,0,0,0,0,0,7,0,0,7000,7000,29,259,1440,100,52,45,71,51,51,0,39321,284,154,132,196,112,132,26222,39321
28.056,0,806,22,84,59,14.7,13.48,0.917,1,0,0,0,12.5,312,2.576,1,20,138.5,0,0,0,0,1,0,0,0,0,0,0,0,0,0,0,52.82,34,0.344,1,0,0,0,0,0,0,0,0,0,800,810,800,800,1090,1400,76,0.254,26.5,14.3,12.92,0,138.5,0,20,22,12.745,353.28,1,0.625,0.625,0.586,2.051,0.645,0.02,0,,,,69,0,0,0,0,0,0,0,0,0,0,7,0,0,7000,7000,29,259,1440,100,52,47,69,51,51,0,39321,284,154,132,196,112,132,26222,39321
28.116,0,803,22,84,59,14.7,13.48,0.917,1,0,0,0,13,312,2.576,1,20,138.5,0,0,0,0,1,0,0,0,0,0,0,0,0,0,0,52.82,34,0.344,1,0,0,0,0,0,0,0,0,0,800,800,800,800,1090,1400,76,0.254,26.5,14.3,12.98,0,138.5,0,20,22,12.745,353.28,1,0.625,0.625,0.586,2.051,0.645,0.02,0,,,,103,0,0,0,0,0,0,0,0,0,0,7,0,0,7000,7000,29,259,1440,103,52,47,69,35,42,0,39321,284,154,132,196,112,132,26222,39321
28.176,0,801,22,84,59,14.7,13.48,0.917,1,0,0,0,13,312,2.576,1,20,138.5,0,0,0,0,1,0,0,0,0,0,0,0,0,0,0,52.82,34,0.344,1,0,0,0,0,0,0,0,0,0,800,800,800,800,1090,1400,76,0.254,26.5,14.3,12.92,0,138.5,0,20,22,12.745,353.28,1,0.645,0.645,0.586,2.051,0.645,0.02,0,,,,44,0,0,0,0,0,0,0,0,0,0,7,0,0,7000,7000,29,259,1440,103,49,44,69,35,42,0,39321,284,151,132,196,112,132,26222,39321
28.236,0,805,22,84,59,14.7,13.48,0.917,1,0,0,0,12.5,312,2.576,1,20,138.83,0,0,0,0,1,0,0,0,0,0,0,0,0,0,0,53.05,34,0.344,1,0,0,0,0,0,0,0,0,0,800,810,800,800,1090,1400,76,0.254,26.5,14.3,12.92,0,138.83,0,20,22,12.745,353.28,1,0.645,0.645,0.586,2.051,0.645,0.02,0,,,,44,0,0,0,0,0,0,0,0,0,0,7,0,0,7000,7000,29,259,1440,103,49,44,68,51,44,0,39321,284,151,132,196,115,132,26222,39321
28.296,0,806,22,84,59,14.7,13.47,0.916,1,0,0,0,12.5,312,2.576,1,20,138.83,0,0,0,0,1,0,0,0,0,0,0,0,0,0,0,53.05,34,0.344,1,0,0,0,0,0,0,0,0,0,800,810,800,800,1090,1400,76,0.254,26.5,14.3,12.98,0,138.83,0,20,22,12.745,353.28,1,0.625,0.625,0.586,2.051,0.645,0.02,0,,,,51,0,0,0,0,0,0,0,0,0,0,7,0,0,7000,7000,29,259,1440,112,51,44,68,51,44,0,39321,284,151,132,196,115,132,26222,39321
28.356,0,803,22,84,59,14.7,13.47,0.916,1,0,0,0,13,312,2.576,1,20,139,0,0,0,0,1,0,0,0,0,0,0,0,0,0,0,53.05,34,0.344,1,0,0,0,0,0,0,0,0,0,800,800,800,800,1090,1400,76,0.254,26.5,14.3,12.98,0,139,0,20,22,12.819,353.28,1,0.645,0.645,0.586,2.051,0.645,0.02,0,,,,69,0,0,0,0,0,0,0,0,0,0,7,0,0,7000,7000,29,259,1440,112,51,47,69,51,44,0,39321,284,151,132,196,115,132,26222,39321
28.416,0,811,22,84,59,14.7,13.47,0.916,1,0,0,0,12.5,312,2.576,1,20,139,0,0,0,0,1,0,0,0,0,0,0,0,0,0,0,53.05,34,0.344,1,0,0,0,0,0,0,0,0,0,800,810,800,800,1090,1400,76,0.254,26.5,14.3,12.98,0,139,0,20,22,12.819,353.28,1,0.625,0.625,0.586,2.051,0.645,0.02,0,,,,120,0,0,0,0,0,0,0,0,0,0,7,0,0,7000,7000,29,259,1440,120,51,47,69,42,47,0,39321,286,151,132,196,115,132,26222,39321
28.476,0,804,22,84,59,14.7,13.47,0.916,1,0,0,0,13,312,2.576,1,20,139,0,0,0,0,1,0,0,0,0,0,0,0,0,0,0,53.05,34,0.344,1,0,0,0,0,0,0,0,0,0,800,800,800,800,1090,1400,76,0.254,26.5,14.3,12.86,0,139,0,20,22,12.819,353.28,1,0.625,0.625,0.586,2.051,0.645,0.02,0,,,,44,0,0,0,0,0,0,0,0,0,0,7,0,0,7000,7000,29,259,1440,120,57,44,69,42,47,0,39321,286,151,132,196,115,132,26222,39321
28.536,0,807,22,84,59,14.7,13.47,0.916,1,0,0,0,12.5,312,2.576,1,20,139,0,0,0,0,1,0,0,0,0,0,0,0,0,0,0,53.05,34,0.344,1,0,0,0,0,0,0,0,0,0,800,810,800,800,1090,1400,76,0.254,26.5,14.3,12.86,0,139,0,20,22,12.819,353.28,1,0.645,0.645,0.586,2.051,0.645,0.02,0,,,,42,0,0,0,0,0,0,0,0,0,0,7,0,0,7000,7000,29,259,1440,120,57,44,66,56,42,0,39321,286,151,132,196,118,132,26222,39321
28.596,0,806,22,84,59,14.7,13.48,0.917,1,0,0,0,12.5,312,2.584,1,20,139,0,0,0,0,1,0,0,0,0,0,0,0,0,0,0,53.05,34,0.344,1,0,0,0,0,0,0,0,0,0,800,810,800,800,1090,1400,76,0.254,26.5,14.3,12.92,0,139,0,20,22,12.745,353.28,1,0.645,0.645,0.586,2.051,0.645,0.02,0,,,,49,0,0,0,0,0,0,0,0,0,0,7,0,0,7000,7000,29,259,1440,113,49,44,66,56,42,0,39321,286,151,132,196,118,132,26222,39321
28.656,0,801,22,84,59,14.7,13.48,0.917,1,0,0,0,13,312,2.576,1,20,139,0,0,0,0,1,0,0,0,0,0,0,0,0,0,0,53.05,34,0.344,1,0,0,0,0,0,0,0,0,0,800,800,800,800,1090,1400,76,0.254,26.5,14.3,12.92,0,139,0,20,22,12.819,353.28,1,0.645,0.645,0.586,2.051,0.645,0.02,0,,,,71,0,0,0,0,0,0,0,0,0,0,7,0,0,7000,7000,29,259,1440,113,49,44,71,56,42,0,39321,286,151,132,196,118,132,26222,39321
28.716,0,805,22,84,59,14.7,13.48,0.917,1,0,0,0,12.5,312,2.576,1,20,139,0,0,0,0,1,0,0,0,0,0,0,0,0,0,0,53.05,34,0.344,1,0,0,0,0,0,0,0,0,0,800,810,800,800,1090,1400,76,0.254,26.5,14.3,12.92,0,139,0,20,22,12.819,353.28,1,0.645,0.645,0.586,2.051,0.645,0.02,0,,,,96,0,0,0,0,0,0,0,0,0,0,7,0,0,7000,7000,29,259,1440,96,49,44,71,37,44,0,39321,286,151,132,196,118,129,26222,39321
28.776,0,805,22,84,59,14.7,13.51,0.919,1,0,0,0,12.5,312,2.576,1,20,139,0,0,0,0,1,0,0,0,0,0,0,0,0,0,0,53.05,34,0.344,1,0,0,0,0,0,0,0,0,0,800,810,800,800,1090,1400,76,0.254,26.5,14.3,12.92,0,139,0,20,22,12.819,353.28,1,0.645,0.645,0.586,2.051,0.645,0.02,0,,,,44,0,0,0,0,0,0,0,0,0,0,7,0,0,7000,7000,29,259,1440,96,52,44,71,37,44,0,39321,286,151,132,196,118,129,26222,39321
28.836,0,810,22,84,59,14.7,13.51,0.919,1,0,0,0,12.5,312,2.576,1,20,139,0,0,0,0,1,0,0,0,0,0,0,0,0,0,0,53.05,34,0.344,1,0,0,0,0,0,0,0,0,0,800,810,800,800,1090,1400,76,0.254,26.5,14.3,12.81,0,139,0,20,22,12.819,353.28,1,0.625,0.625,0.586,2.051,0.645,0.02,0,,,,47,0,0,0,0,0,0,0,0,0,0,7,0,0,7000,7000,29,259,1440,96,52,44,64,42,47,0,39321,286,151,132,194,118,129,26222,39321
28.896,0,816,22,84,59,14.7,13.51,0.919,1,0,0,0,12,312,2.584,1,20,139,0,0,0,0,1,0,0,0,0,0,0,0,0,0,0,53.05,34,0.344,1,0,0,0,0,0,0,0,0,0,800,820,800,800,1090,1400,76,0.254,26.5,14.3,12.81,0,139,0,20,22,12.745,353.28,1,0.645,0.645,0.586,2.051,0.645,0.02,0,,,,44,0,0,0,0,0,0,0,0,0,0,7,0,0,7000,7000,29,259,1440,103,44,44,64,42,47,0,39321,286,151,132,194,118,129,26222,39321
28.956,0,822,22,84,59,14.7,13.51,0.919,1,0,0,0,12,312,2.568,1,21,138.83,0,0,0,0,1,0,0,0,0,0,0,0,0,0,0,52.82,34,0.344,1,0,0,0,0,0,0,0,0,0,840,820,800,800,1090,1400,76,0.254,26.5,14.3,12.86,0,138.83,0,21,22,12.745,353.28,1,0.645,0.645,0.586,2.051,0.645,0.02,0,,,,44,0,0,0,0,0,0,0,0,0,0,7,0,0,7000,7000,29,259,1440,103,44,44,66,44,47,0,39321,286,151,132,191,120,129,26222,39321
29.016,0,822,22,84,59,14.7,13.51,0.919,1,0,0,0,12,312,2.56,1,21,138.67,0,0,0,0,1,0,0,0,0,0,0,0,0,0,0,52.82,34,0.344,1,0,0,0,0,0,0,0,0,0,840,820,800,800,1090,1400,76,0.254,26.5,14.3,12.92,0,138.67,0,21,22,12.819,353.28,1,0.645,0.645,0.586,2.051,0.645,0.02,0,,,,124,0,0,0,0,0,0,0,0,0,0,7,0,0,7000,7000,29,259,1440,124,44,44,66,44,51,0,39321,289,151,132,191,120,129,26222,39321
29.076,0,816,22,84,59,14.7,13.54,0.921,1,0,0,0,12,312,2.568,1,20,138.5,0,0,0,0,1,0,0,0,0,0,0,0,0,0,0,52.82,34,0.344,1,0,0,0,0,0,0,0,0,0,800,820,800,800,1090,1400,76,0.254,26.5,14.3,13.09,0,138.5,0,20,22,12.819,353.28,1,0.625,0.625,0.586,2.051,0.645,0.02,0,,,,68,0,0,0,0,0,0,0,0,0,0,7,0,0,7000,7000,29,259,1440,124,47,47,68,44,51,0,39321,289,151,132,191,120,129,26222,39321
29.136,0,811,22,84,59,14.7,13.54,0.921,1,0,0,0,12.5,312,2.568,1,20,138.5,0,0,0,0,1,0,0,0,0,0,0,0,0,0,0,52.82,34,0.344,1,0,0,0,0,0,0,0,0,0,800,810,800,800,1090,1400,76,0.254,26.5,14.3,12.98,0,138.5,0,20,22,12.819,353.28,1,0.625,0.625,0.586,2.051,0.645,0.02,0,,,,47,0,0,0,0,0,0,0,0,0,0,7,0,0,7000,7000,29,259,1440,124,47,47,68,40,47,0,39321,289,151,132,191,120,129,26222,39321
29.196,0,807,22,84,59,14.7,13.54,0.921,1,0,0,0,12.5,312,2.568,1,20,138.5,0,0,0,0,1,0,0,0,0,0,0,0,0,0,0,52.82,34,0.344,1,0,0,0,0,0,0,0,0,0,800,810,800,800,1090,1400,76,0.254,26.5,14.3,12.92,0,138.5,0,20,22,12.819,353.28,1,0.625,0.625,0.586,2.051,0.645,0.02,0,,,,54,0,0,0,0,0,0,0,0,0,0,7,0,0,7000,7000,29,259,1440,100,54,47,68,40,47,0,39321,286,151,132,191,120,129,26222,39321
29.256,0,810,22,84,59,14.7,13.54,0.921,1,0,0,0,12.5,312,2.568,1,20,138.5,0,0,0,0,1,0,0,0,0,0,0,0,0,0,0,52.82,34,0.344,1,0,0,0,0,0,0,0,0,0,800,810,800,800,1090,1400,76,0.254,26.5,14.3,13.09,0,138.5,0,20,22,12.819,353.28,1,0.625,0.625,0.586,2.051,0.645,0.02,0,,,,42,0,0,0,0,0,0,0,0,0,0,7,0,0,7000,7000,29,259,1440,100,54,45,71,42,47,0,39321,286,151,132,194,118,129,26222,39321
29.316,0,809,22,84,59,14.7,13.54,0.921,1,0,0,0,12.5,312,2.568,1,20,138.5,0,0,0,0,1,0,0,0,0,0,0,0,0,0,0,52.82,34,0.344,1,0,0,0,0,0,0,0,0,0,800,810,800,800,1090,1400,76,0.254,26.5,14.3,13.09,0,138.5,0,20,22,12.819,353.28,1,0.645,0.645,0.586,2.051,0.645,0.02,0,,,,100,0,0,0,0,0,0,0,0,0,0,7,0,0,7000,7000,29,259,1440,100,54,45,71,42,51,0,39321,286,151,132,194,118,132,26222,39321
29.376,0,808,22,84,59,14.7,13.54,0.921,1,0,0,0,12.5,312,2.568,1,20,138.67,0,0,0,0,1,0,0,0,0,0,0,0,0,0,0,53.05,34,0.344,1,0,0,0,0,0,0,0,0,0,800,810,800,800,1090,1400,76,0.254,26.5,14.3,13.09,0,138.67,0,20,22,12.819,353.28,1,0.625,0.625,0.586,2.051,0.645,0.02,0,,,,69,0,0,0,0,0,0,0,0,0,0,7,0,0,7000,7000,29,259,1440,100,52,45,69,42,51,0,39321,286,151,129,194,118,132,26222,39321
29.436,0,809,22,84,59,14.7,13.51,0.919,1,0,0,0,12.5,312,2.568,1,20,138.83,0,0,0,0,1,0,0,0,0,0,0,0,0,0,0,53.05,34,0.344,1,0,0,0,0,0,0,0,0,0,800,810,800,800,1090,1400,76,0.254,26.5,14.3,13.21,0,138.83,0,20,22,12.819,353.28,1,0.664,0.664,0.586,2.051,0.645,0.02,0,,,,39,0,0,0,0,0,0,0,0,0,0,7,0,0,7000,7000,29,259,1440,100,52,45,69,34,39,0,39321,286,151,129,194,118,129,26222,39321
29.496,0,810,22,84,59,14.7,13.51,0.919,1,0,0,0,12.5,312,2.576,1,20,139,0,0,0,0,1,0,0,0,0,0,0,0,0,0,0,53.05,34,0.344,1,0,0,0,0,0,0,0,0,0,800,810,800,800,1090,1400,76,0.254,26.5,14.3,13.21,0,139,0,20,22,12.819,353.28,1,0.645,0.645,0.586,2.051,0.645,0.02,0,,,,49,0,0,0,0,0,0,0,0,0,0,7,0,0,7000,7000,29,259,1440,110,49,49,69,34,39,0,39321,289,151,129,194,118,129,26222,39321
29.556,0,813,22,84,59,14.7,13.51,0.919,1,0,0,0,12.5,312,2.584,1,20,139.33,0,0,0,0,1,0,0,0,0,0,0,0,0,0,0,53.27,35,0.344,1,0,0,0,0,0,0,0,0,0,800,810,800,800,1090,1400,76,0.254,26,14.3,13.21,0,139.33,0,20,22,12.819,353.28,1,0.645,0.645,0.586,2.051,0.645,0.02,0,,,,52,0,0,0,0,0,0,0,0,0,0,7,0,0,7000,7000,29,259,1440,110,49,49,76,52,39,0,39321,289,151,129,194,120,129,26222,39321
29.616,0,821,22,84,59,14.7,13.51,0.919,1,0,0,0,12,312,2.576,1,21,139.17,0,0,0,0,1,0,0,0,0,0,0,0,0,0,0,53.05,34,0.344,1,0,0,0,0,0,0,0,0,0,840,820,800,800,1090,1400,76,0.254,26.5,14.3,13.26,0,139.17,0,21,22,12.819,353.28,1,0.645,0.645,0.586,2.051,0.645,0.02,0,,,,47,0,0,0,0,0,0,0,0,0,0,7,0,0,7000,7000,29,259,1440,98,47,49,76,52,49,0,39321,289,149,129,194,120,129,26222,39321
29.676,0,825,22,84,59,14.7,13.51,0.919,1,0,0,0,11.5,312,2.552,1,21,139,0,0,0,0,1,0,0,0,0,0,0,0,0,0,0,53.05,34,0.344,1,0,0,0,0,0,0,0,0,0,840,830,800,800,1090,1400,76,0.254,26.5,14.3,13.21,0,139,0,21,22,12.892,353.28,1,0.645,0.645,0.586,2.051,0.645,0.02,0,,,,78,0,0,0,0,0,0,0,0,0,0,7,0,0,7000,7000,29,259,1440,98,47,52,78,52,49,0,39321,289,149,132,194,120,129,26222,39321
29.736,0,828,22,84,59,14.7,13.51,0.919,1,0,0,0,11.5,312,2.552,1,21,139,0,0,0,0,1,0,0,0,0,0,0,0,0,0,0,53.05,34,0.344,1,0,0,0,0,0,0,0,0,0,840,830,800,800,1090,1400,76,0.254,26.5,14.3,13.09,0,139,0,21,22,12.892,353.28,1,0.625,0.625,0.586,2.051,0.645,0.02,0,,,,51,0,0,0,0,0,0,0,0,0,0,7,0,0,7000,7000,29,259,1440,98,47,52,78,45,51,0,39321,289,149,132,194,120,132,26222,39321
29.796,0,827,22,84,59,14.7,13.51,0.919,1,0,0,0,11.5,312,2.552,1,21,139,0,0,0,0,1,0,0,0,0,0,0,0,0,0,0,52.82,34,0.344,1,0,0,0,0,0,0,0,0,0,840,830,800,800,1090,1400,76,0.254,26.5,14.3,13.09,0,139,0,21,22,12.892,353.28,1,0.625,0.625,0.586,2.051,0.645,0.02,0,,,,47,0,0,0,0,0,0,0,0,0,0,7,0,0,7000,7000,29,259,1440,113,52,47,78,45,51,0,39321,289,149,132,194,120,132,26222,39321
29.856,0,832,21,84,59,14.7,13.51,0.919,1,0,0,0,11.5,312,2.544,1,21,138.17,0,0,0,0,1,0,0,0,0,0,0,0,0,0,0,52.82,34,0.344,1,0,0,0,0,0,0,0,0,0,840,830,800,800,1090,1400,76,0.254,26.5,14.3,13.15,0,138.17,0,21,21,12.892,353.28,1,0.625,0.625,0.586,2.051,0.645,0.02,0,,,,34,0,0,0,0,0,0,0,0,0,0,7,0,0,7000,7000,29,259,1440,113,52,47,78,34,51,0,39321,289,149,132,196,118,132,26222,39321
29.916,0,834,21,84,59,14.7,13.54,0.921,1,0,0,0,11.5,312,2.528,1,21,137.17,0,0,0,0,1,0,0,0,0,0,0,0,0,0,0,52.6,34,0.344,1,0,0,0,0,0,0,0,0,0,840,830,800,800,1090,1400,76,0.254,26.5,14.3,13.21,0,137.17,0,21,21,12.892,353.28,1,0.625,0.625,0.586,2.051,0.645,0.02,0,,,,56,0,0,0,0,0,0,0,0,0,0,7,0,0,7000,7000,29,259,1440,117,56,47,78,34,56,0,39321,292,149,132,196,118,135,26222,39321
29.976,0,835,21,84,59,14.7,13.51,0.919,1,0,0,0,11,312,2.52,1,21,136.33,0,0,0,0,1,0,0,0,0,0,0,0,0,0,0,52.37,34,0.344,1,0,0,0,0,0,0,0,0,0,840,840,800,800,1090,1400,76,0.254,26.5,14.3,13.15,0,136.33,0,21,21,12.892,353.28,1,0.625,0.625,0.586,2.051,0.645,0.02,0,,,,69,0,0,0,0,0,0,0,0,0,0,7,0,0,7000,7000,29,259,1440,117,56,49,69,34,56,0,39321,292,149,132,196,118,135,26222,39321
30.036,10,841,21,84,59,14.18,13.51,0.952,1,0.965,0,0,12.5,312,3.416,2,26,170.83,0,0,0,0,0,0,0,0,0,0,0,0,0,0,0,53.95,35,0.5,1,0,0,0,0,0,0,0,0,0,840,840,800,800,1090,1400,76,0.262,26,14.24,12.98,0,170.83,0,26,21,12.892,350.72,1,0.723,0.723,0.586,2.051,1.035,0.02,0,,,,113,0,0,0,0,0,0,0,0,0,0,7,0,0,7000,7000,28,259,1440,113,56,49,69,37,52,0,39321,292,149,132,196,118,135,26222,39321
30.096,29,840,21,84,59,14.07,13.51,0.96,1,0.457,0,2.039,3.5,312,6.368,4,51,335,0,0,0,0,0,0,0,0,0,0,0,0,0,0,0,79.13,62,0.664,1,0,0,0,0,0,0,0,0,0,840,840,800,800,1090,1400,76,0.277,13,14.13,13.03,0,335,0,51,21,12.892,327.68,1,1.406,1.406,0.586,2.051,1.738,0.02,0,,,,43,0,0,0,0,0,0,0,0,0,0,7,0,0,7000,7000,24,259,1440,113,43,33,43,37,52,0,39321,292,149,129,191,118,135,26222,39321
30.156,27,882,21,84,59,13.49,13.51,1.001,1,0.254,0,3.379,0,306,8.272,6,67,421.33,0,0,0,0,0,0,0,0,0,0,0,0,0,0,0,101.38,85,0.648,1,0,0,0,0,0,0,0,0,0,880,880,800,800,1090,1400,76,0.281,13.5,13.55,13.15,0,421.33,0,67,21,12.892,304.64,1,1.758,1.758,0.586,2.051,1.699,0.02,0,,,,32,0,0,0,0,0,0,0,0,0,0,7,0,0,7000,7000,19,259,1440,113,43,33,43,43,32,0,39321,292,149,129,191,118,132,26222,39321
30.216,10,969,21,84,59,13.49,13.63,1.01,1,0.105,0,2.922,1.5,312,7.408,5,60,373.67,0,0,0,0,0,0,0,0,1,0,0,0,0,0,0,101.16,85,0.555,1,0,0,0,0,0,0,0,0,0,960,970,800,800,1090,1400,76,0.273,15.5,13.55,13.09,0,373.67,0,60,21,12.892,304.64,1,1.602,1.602,0.586,2.051,1.055,0.02,0,,,,38,0,0,0,0,0,0,0,0,0,0,7,0,0,7000,7000,19,259,1440,69,31,38,43,43,32,0,39321,286,146,126,191,118,132,26222,39321
30.276,4,1161,21,84,59,13.78,13.63,0.989,1,0.031,0,1.93,3,312,5.016,4,51,242.83,0,0,0,0,0,0,0,0,0,0,0,0,0,0,0,87.67,71,0.422,1,0,0,0,0,0,0,0,0,0,1160,1160,800,800,1090,1400,76,0.27,19,13.9,13.26,0,242.83,0,51,21,12.892,317.44,1,1.328,1.328,0.586,2.051,0.82,0.02,0,,,,99,0,0,0,0,0,0,0,0,0,0,7,0,0,7000,7000,22,259,1440,99,31,38,48,55,71,0,39321,286,146,126,188,120,135,26222,39321
30.336,3,1281,21,84,59,14.13,13.88,0.982,1,0.008,0,1.27,4.5,312,4.008,4,46,199,0,0,0,0,0,0,0,0,0,0,0,0,0,0,0,76.88,59,0.398,1,0,0,0,0,0,0,0,0,0,1280,1280,800,800,1090,1400,76,0.266,24,14.18,13.44,0,199,0,46,21,12.892,327.68,1,1.133,1.133,0.586,2.051,0.781,0.02,0,,,,105,0,0,0,0,0,0,0,0,0,0,7,0,0,7000,7000,24,259,1440,99,63,61,105,55,71,0,39321,286,149,129,194,120,135,26222,39321
30.396,3,1394,21,84,59,14.18,13.57,0.957,1,0,0,0.836,6,312,3.464,4,44,176.83,0,0,0,0,0,0,0,0,0,0,0,0,0,0,0,69.68,52,0.391,1,0,0,0,0,0,0,0,0,0,1400,1390,800,800,1090,1400,76,0.266,29,14.24,13.26,0,176.83,0,44,21,12.892,335.36,1,0.957,0.957,0.586,2.051,0.781,0.02,0,,,,74,0,0,0,0,0,0,0,0,0,0,7,0,0,7000,7000,25,259,1440,71,74,61,105,77,59,0,39321,281,151,129,194,126,137,26222,39321
30.456,3,1457,21,84,59,14.24,13.01,0.914,1,0,0,0.551,7.5,306,3.096,3,42,160.83,0,0,0,0,0,0,0,0,0,0,0,0,0,0,0,64.74,47,0.383,1,0,0,0,0,0,0,0,0,0,1440,1460,800,800,1090,1400,76,0.266,32,14.3,13.32,0,160.83,0,42,21,12.892,340.48,1,0.859,0.859,0.586,2.051,0.781,0.02,0,,,,78,0,0,0,0,0,0,0,0,0,0,7,0,0,7000,7000,26,259,1440,78,74,60,48,116,64,0,39321,278,151,132,191,137,140,26222,39321
30.516,4,1480,21,84,59,14.3,13.01,0.91,1,0,0,0.359,9,306,2.872,3,40,151.67,0,0,0,0,0,0,0,0,0,0,0,0,0,0,0,61.14,43,0.383,1,0,0,0,0,0,0,0,0,0,1480,1480,800,800,1090,1400,76,0.27,33.5,14.36,12.75,0,151.67,0,40,21,12.892,345.6,1,0.82,0.82,0.586,2.031,0.82,0.02,0,,,,118,0,0,0,0,0,0,0,0,0,0,7,0,0,7000,7000,27,259,1440,78,68,72,68,118,64,0,39321,278,154,135,191,151,140,26222,39321
30.576,8,1495,21,84,59,14.3,12.72,0.889,1,0,0,0.207,10.5,306,3.088,3,47,174.83,0,0,0,0,0,0,0,0,0,0,0,0,0,0,0,60.69,42,0.445,1,0,0,0,0,0,0,0,0,0,1480,1500,800,800,1090,1400,76,0.273,34,14.36,12.46,0,174.83,0,47,21,12.892,345.6,1,0.801,0.801,0.586,2.051,0.977,0.02,0,,,,54,0,0,0,0,0,0,0,0,0,0,7,0,0,7000,7000,27,259,1440,74,74,75,54,118,66,0,39321,272,157,140,188,151,143,26222,39321
30.636,11,1488,21,84,59,14.3,12.66,0.885,1,0,0,0.129,12,306,3.392,4,54,201.67,0,0,0,0,0,0,0,0,1,0,0,0,0,0,0,63.61,45,0.492,1,0,0,0,0,0,0,0,0,0,1480,1490,800,800,1090,1400,76,0.281,33,14.36,12.35,0,201.67,0,54,21,12.892,343.04,1,0.879,0.879,0.586,2.031,1.074,0.02,0,,,,72,0,0,0,0,0,0,0,0,0,0,7,0,0,7000,7000,27,259,1440,90,72,75,54,111,66,0,39321,270,160,140,188,163,146,26222,39321
30.696,13,1479,21,84,59,14.24,12.79,0.898,1,0,0,0.07,13.5,306,3.768,4,62,233.17,0,0,0,0,0,0,0,0,1,0,0,0,0,0,0,69.01,51,0.523,1,0,0,0,0,0,0,0,0,0,1480,1480,800,800,1090,1400,76,0.285,31,14.3,12.23,0,233.17,0,62,21,12.892,337.92,1,1.035,1.035,0.586,2.031,1.152,0.02,0,,,,94,0,0,0,0,0,0,0,0,0,0,7,0,0,7000,7000,26,259,1440,94,72,73,54,96,60,0,39321,270,160,146,185,168,149,26222,39321
30.756,15,1497,21,84,59,14.18,12.79,0.902,1,0,0,0.039,15,300,4.104,5,70,260.17,0,0,0,0,0,0,0,0,1,0,0,0,0,0,0,74.63,57,0.539,1,0,0,0,0,0,0,0,0,0,1480,1500,800,800,1090,1400,76,0.293,28.5,14.24,12.46,0,260.17,0,70,21,12.892,330.24,1,1.152,1.152,0.586,2.031,1.23,0.02,0,,,,77,0,0,0,0,0,0,0,0,0,0,7,0,0,7000,7000,24,259,1440,94,70,64,56,77,60,0,39321,270,160,149,182,174,149,26222,39321
30.816,14,1529,21,84,59,14.13,13.32,0.943,1,0,0,0.02,16.5,300,4.336,5,76,277.67,0,0,0,0,0,0,0,0,1,0,0,0,0,0,0,79.58,62,0.539,1,0,0,0,0,0,0,0,0,0,1520,1530,800,800,1090,1400,76,0.289,27.5,14.18,12.86,0,277.67,0,76,21,12.892,325.12,1,1.211,1.211,0.586,2.031,1.191,0.02,0,,,,68,0,0,0,0,0,0,0,0,0,0,7,0,0,7000,7000,23,259,1440,85,62,62,68,77,32,0,39321,270,160,149,185,174,143,26222,39321
30.876,10,1604,21,84,59,14.18,13.94,0.983,1,0,0,0,18,306,3.872,5,69,243,0,0,0,0,0,0,0,0,1,0,0,0,0,0,0,77.1,60,0.484,1,0,0,0,0,0,0,0,0,0,1600,1600,800,800,1090,1400,76,0.285,29.5,14.24,12.92,0,243,0,69,21,12.892,327.68,1,1.133,1.133,0.586,2.031,1.055,0.02,0,,,,52,0,0,0,0,0,0,0,0,0,0,7,0,0,7000,7000,24,259,1440,89,52,62,68,80,53,0,39321,267,160,149,185,177,143,26222,39321
30.936,9,1666,21,84,59,14.24,13.94,0.979,1,0,0,0,19.5,306,3.584,4,66,221.5,0,0,0,0,0,0,0,0,1,0,0,0,0,0,0,72.83,55,0.469,1,0,0,0,0,0,0,0,0,0,1680,1670,800,800,1090,1400,76,0.281,32.5,14.3,13.55,0,221.5,0,66,21,12.892,332.8,1,1.074,1.074,0.586,2.031,1.016,0.02,0,,,,77,0,0,0,0,0,0,0,0,0,0,7,0,0,7000,7000,25,259,1440,77,52,108,64,62,46,0,39321,264,160,160,182,177,143,26222,39321
30.996,11,1701,21,84,59,14.3,14.48,1.013,1,0,0,0,21,306,3.624,5,69,225.33,0,0,0,0,0,0,0,0,1,0,0,0,0,0,0,70.81,53,0.492,1,0,0,0,0,0,0,0,0,0,1720,1700,800,800,1090,1400,76,0.285,33.5,14.36,13.84,0,225.33,0,69,21,12.892,335.36,1,1.016,1.016,0.586,2.031,1.094,0.02,0,,,,78,0,0,0,0,0,0,0,0,0,0,7,0,0,7000,7000,25,259,1440,78,67,148,73,93,62,0,39321,261,163,174,185,182,143,26222,39321
31.056,21,1724,21,84,59,14.24,14.82,1.041,1,0,0,0,22,300,4.192,6,84,270.67,0,0,0,0,0,0,0,0,1,0,0,0,0,0,0,75.75,58,0.555,1,0,0,0,0,0,0,0,0,0,1720,1720,800,800,1090,1400,75,0.332,31.5,14.3,14.01,0,270.67,0,84,21,12.892,330.24,1,1.211,1.211,0.586,2.031,1.465,0.02,0,,,,63,0,0,0,0,0,0,0,0,0,0,7,0,0,7000,7000,24,259,1440,78,64,91,70,101,63,0,39321,261,165,177,188,188,146,26222,39321
31.116,30,1727,21,84,59,13.72,14.94,1.088,1,0,0,1.156,17.5,294,6,8,110,354.33,0,0,0,0,0,0,0,0,1,0,0,0,0,0,0,93.74,77,0.586,1,0,0,0,0,0,0,0,0,0,1720,1730,800,800,1090,1400,75,0.344,27,13.78,14.41,0,354.33,0,110,21,12.892,312.32,1,1.602,1.602,0.586,2.031,1.797,0.02,0,,,,67,0,0,0,0,0,0,0,0,0,0,7,0,0,7000,7000,21,259,1440,55,41,98,61,67,63,0,39321,253,163,182,188,188,146,26222,39321
31.176,30,1758,21,84,59,13.49,14.94,1.107,1,0,0,0.727,17,294,6.24,9,120,380.17,0,0,0,0,0,0,0,0,1,0,0,0,0,0,0,100.03,84,0.586,1,0,0,0,0,0,0,0,0,0,1760,1760,800,800,1090,1400,75,0.348,26.5,13.55,14.53,0,380.17,0,120,21,12.892,304.64,1,1.66,1.66,0.586,2.031,1.797,0.02,0,,,,53,0,0,0,0,0,0,0,0,0,0,7,0,0,7000,7000,19,259,1440,74,49,97,53,67,56,0,39321,250,163,188,185,188,146,26222,39321
31.236,20,1805,21,84,59,13.61,15.41,1.132,1,0,0,0.426,17.5,288,5.688,8,114,351,0,0,0,0,0,0,0,0,1,0,0,0,0,0,0,95.99,80,0.563,1,0,0,0,0,0,0,0,0,0,1800,1810,800,800,1090,1400,75,0.34,27,13.67,14.99,0,351,0,114,21,12.892,309.76,1,1.523,1.523,0.586,2.031,1.426,0.02,0,,,,96,0,0,0,0,0,0,0,0,0,0,7,0,0,7000,7000,20,259,1440,111,45,96,53,63,43,0,39321,253,163,191,185,188,143,26222,39321
31.296,19,1864,21,84,59,13.9,15.7,1.13,1,0,0,0.223,19,294,5.032,7,106,315.17,0,0,0,0,0,0,0,0,1,0,0,0,0,0,0,90.14,73,0.539,1,0,0,0,0,0,0,0,0,0,1880,1860,800,800,1090,1400,75,0.336,28.5,13.95,14.87,0,315.17,0,106,21,12.892,314.88,1,1.445,1.445,0.586,2.031,1.387,0.02,0,,,,107,0,0,0,0,0,0,0,0,0,0,7,0,0,7000,7000,21,259,1440,80,57,107,57,90,74,0,39321,250,163,196,185,191,149,26222,39321
31.356,19,1887,21,84,59,13.9,14.98,1.078,1,0,0,0.125,19,294,4.88,7,105,310.17,0,0,0,0,0,0,0,0,1,0,0,0,0,0,0,88.79,72,0.539,1,0,0,0,0,0,0,0,0,0,1880,1890,800,800,1090,1400,75,0.34,28.5,13.95,15.22,0,310.17,0,105,21,12.892,317.44,1,1.426,1.426,0.586,2.031,1.387,0.02,0,,,,84,0,0,0,0,0,0,0,0,0,0,7,0,0,7000,7000,22,259,1440,112,63,84,72,83,62,0,39321,255,163,199,188,194,149,26222,39321
31.416,20,1884,21,84,59,13.9,14.98,1.078,1,0,0,0.059,19,294,4.88,7,107,313,0,0,0,0,0,0,0,0,1,0,0,0,0,0,0,88.34,72,0.547,1,0,0,0,0,0,0,0,0,0,1880,1880,800,800,1090,1400,75,0.34,28.5,13.95,14.64,0,313,0,107,21,12.892,317.44,1,1.426,1.426,0.586,2.031,1.406,0.02,0,,,,65,0,0,0,0,0,0,0,0,0,0,7,0,0,7000,7000,22,259,1440,90,65,84,74,89,75,0,39321,255,163,199,188,199,151,26222,39321
31.476,20,1879,21,84,59,13.9,14.85,1.068,1,0,0,0.023,19,294,4.88,7,106,314.67,0,0,0,0,0,0,0,0,1,0,0,0,0,0,0,88.79,72,0.547,1,0,0,0,0,0,0,0,0,0,1880,1880,800,800,1090,1400,75,0.34,28.5,13.95,14.53,0,314.67,0,106,21,12.892,317.44,1,1.426,1.426,0.586,2.031,1.426,0.02,0,,,,54,0,0,0,0,0,0,0,0,0,0,7,0,0,7000,7000,22,259,1440,74,54,107,78,74,50,0,39321,253,163,208,188,202,149,26222,39321
31.536,21,1841,21,84,59,13.9,14.91,1.073,1,0,0,0.004,18.5,294,5.032,7,108,326.83,0,0,0,0,0,0,0,0,1,0,0,0,0,0,0,89.69,73,0.563,1,0,0,0,0,0,0,0,0,0,1840,1840,800,800,1090,1400,75,0.344,28,13.95,14.59,0,326.83,0,108,21,12.892,314.88,1,1.445,1.445,0.586,2.031,1.445,0.02,0,,,,64,0,0,0,0,0,0,0,0,0,0,7,0,0,7000,7000,21,259,1440,102,64,145,48,95,57,0,39321,255,163,219,185,208,149,26222,39321
31.596,21,1799,21,84,59,13.78,14.91,1.082,1,0,0,0,18,288,5.128,7,108,332.67,0,0,0,0,0,0,0,0,1,0,0,0,0,0,0,91.27,75,0.563,1,0,0,0,0,0,0,0,0,0,1800,1800,800,800,1090,1400,75,0.34,27.5,13.84,14.47,0,332.67,0,108,21,12.892,314.88,1,1.445,1.445,0.586,2.031,1.465,0.02,0,,,,76,0,0,0,0,0,0,0,0,0,0,7,0,0,7000,7000,21,259,1440,76,64,124,60,81,76,0,39321,253,163,227,185,208,151,26222,39321
31.656,21,1763,21,84,59,13.72,15.07,1.098,1,0,0,0,17.5,294,5.192,7,107,336.5,0,0,0,0,0,0,0,0,1,0,0,0,0,0,0,92.39,76,0.563,1,0,0,0,0,0,0,0,0,0,1760,1760,800,800,1090,1400,75,0.336,27,13.78,14.59,0,336.5,0,107,21,12.892,312.32,1,1.484,1.484,0.586,2.031,1.465,0.02,0,,,,57,0,0,0,0,0,0,0,0,0,0,7,0,0,7000,7000,21,259,1440,76,48,123,52,67,57,0,39321,253,163,233,185,205,151,26222,39321
31.716,22,1735,21,84,59,13.72,15.26,1.112,1,0,0,0,17.5,294,5.296,7,108,343,0,0,0,0,0,0,0,0,1,0,0,0,0,0,0,92.84,76,0.57,1,0,0,0,0,0,0,0,0,0,1720,1740,800,800,1090,1400,75,0.34,27,13.78,14.87,0,343,0,108,21,12.892,312.32,1,1.465,1.465,0.586,2.031,1.484,0.02,0,,,,51,0,0,0,0,0,0,0,0,0,0,7,0,0,7000,7000,21,259,1440,82,46,83,65,78,51,0,39321,253,160,233,185,205,151,26222,39321
31.776,22,1720,21,84,59,13.72,15.41,1.123,1,0,0,0,17.5,294,5.304,7,106,343.83,0,0,0,0,0,0,0,0,1,0,0,0,0,0,0,93.06,76,0.57,1,0,0,0,0,0,0,0,0,0,1720,1720,800,800,1090,1400,75,0.336,27,13.78,14.93,0,343.83,0,106,21,12.892,312.32,1,1.523,1.523,0.586,2.031,1.484,0.02,0,,,,78,0,0,0,0,0,0,0,0,0,0,7,0,0,7000,7000,21,259,1440,75,53,95,57,78,51,0,39321,250,160,236,182,205,151,26222,39321
31.836,22,1705,21,84,59,13.72,15.41,1.123,1,0,0,0,17.5,294,5.32,7,106,344.67,0,0,0,0,0,0,0,0,1,0,0,0,0,0,0,93.29,77,0.57,1,0,0,0,0,0,0,0,0,0,1720,1710,800,800,1090,1400,75,0.336,27,13.78,15.1,0,344.67,0,106,21,12.892,312.32,1,1.504,1.504,0.586,2.031,1.484,0.02,0,,,,51,0,0,0,0,0,0,0,0,0,0,7,0,0,7000,7000,21,259,1440,57,50,105,51,78,46,0,39321,244,160,239,180,205,151,26222,39321
31.896,22,1630,21,84,59,13.72,15.41,1.123,1,0,0,0,17,294,5.408,7,104,351.33,0,0,0,0,0,0,0,0,1,0,0,0,0,0,0,93.96,77,0.578,1,0,0,0,0,0,0,0,0,0,1640,1630,800,800,1090,1400,75,0.332,26.5,13.78,14.87,0,351.33,0,104,21,12.892,312.32,1,1.523,1.523,0.586,2.031,1.484,0.02,0,,,,115,0,0,0,0,0,0,0,0,0,0,7,0,0,7000,7000,21,259,1440,66,44,115,51,69,44,0,39321,241,157,244,180,205,149,26222,39321
31.956,22,1560,21,84,59,13.67,15.76,1.153,1,0,0,0,15.5,294,5.472,7,100,354.33,0,0,0,0,0,0,0,0,1,0,0,0,0,0,0,94.64,78,0.578,1,0,0,0,0,0,0,0,0,0,1560,1560,800,800,1090,1400,75,0.328,25,13.72,14.93,0,354.33,0,100,21,12.892,312.32,1,1.563,1.563,0.586,2.031,1.484,0.02,0,,,,51,0,0,0,0,0,0,0,0,0,0,7,0,0,7000,7000,21,259,1440,51,51,115,77,46,41,0,39321,236,157,244,182,199,146,26222,39321
32.016,22,1516,21,84,59,13.61,15.98,1.174,1,0,0,0,15,294,5.6,7,99,362.5,0,0,0,0,0,0,0,0,1,0,0,0,0,0,0,95.54,79,0.586,1,0,0,0,0,0,0,0,0,0,1520,1520,800,800,1090,1400,75,0.324,24.5,13.67,15.39,0,362.5,0,99,21,12.892,309.76,1,1.563,1.563,0.586,2.031,1.484,0.02,0,,,,46,0,0,0,0,0,0,0,0,0,0,7,0,0,7000,7000,20,259,1440,51,51,80,66,80,46,0,39321,236,157,241,182,202,146,26222,39321
32.076,22,1452,21,84,59,13.61,15.98,1.174,1,0,0,0,14,294,5.776,6,98,375.67,0,0,0,0,0,0,0,0,1,0,0,0,0,0,0,96.44,80,0.602,1,0,0,0,0,0,0,0,0,0,1440,1450,800,800,1090,1400,75,0.32,23.5,13.67,15.5,0,375.67,0,98,21,12.892,309.76,1,1.563,1.563,0.586,2.031,1.484,0.02,0,,,,65,0,0,0,0,0,0,0,0,0,0,7,0,0,7000,7000,20,259,1440,75,48,75,65,80,46,0,39321,233,154,241,182,202,146,26222,39321
32.136,22,1440,21,84,59,13.61,16.2,1.19,1,0,0,0,14,294,5.784,6,97,376.67,0,0,0,0,0,0,0,0,1,0,0,0,0,0,0,96.66,80,0.602,1,0,0,0,0,0,0,0,0,0,1440,1440,800,800,1090,1400,75,0.32,23.5,13.67,15.73,0,376.67,0,97,21,12.892,309.76,1,1.602,1.602,0.586,2.031,1.484,0.02,0,,,,86,0,0,0,0,0,0,0,0,0,0,7,0,0,7000,7000,20,259,1440,47,51,86,65,66,44,0,39321,227,151,241,182,199,146,26222,39321
32.196,23,1505,21,84,59,13.55,16.13,1.19,1,0,0,0,15,294,5.736,7,101,372.67,0,0,0,0,0,0,0,0,1,0,0,0,0,0,0,96.89,81,0.594,1,0,0,0,0,0,0,0,0,0,1520,1510,800,800,1090,1400,75,0.324,24.5,13.61,15.62,0,372.67,0,101,21,12.892,309.76,1,1.602,1.602,0.586,2.031,1.543,0.02,0,,,,66,0,0,0,0,0,0,0,0,0,0,7,0,0,7000,7000,20,259,1440,66,51,86,62,77,40,0,39321,225,151,241,182,202,143,26222,39321
32.256,25,1627,21,84,59,13.55,16.13,1.19,1,0,0,0,16,294,5.736,7,109,371.33,0,0,0,0,0,0,0,0,1,0,0,0,0,0,0,97.79,81,0.586,1,0,0,0,0,0,0,0,0,0,1640,1630,800,800,1090,1400,75,0.332,26,13.61,15.5,0,371.33,0,109,21,12.892,307.2,1,1.621,1.621,0.586,2.031,1.621,0.02,0,,,,42,0,0,0,0,0,0,0,0,0,0,7,0,0,7000,7000,20,259,1440,66,48,85,63,39,42,0,39321,225,151,239,182,196,143,26222,39321
32.316,26,1710,21,84,59,13.55,16.13,1.19,1,0,0,0,17,294,5.768,8,115,373.67,0,0,0,0,0,0,0,0,1,0,0,0,0,0,0,98.46,82,0.586,1,0,0,0,0,0,0,0,0,0,1720,1710,800,800,1090,1400,75,0.34,26.5,13.61,15.62,0,373.67,0,115,21,12.892,307.2,1,1.602,1.602,0.586,2.031,1.66,0.02,0,,,,54,0,0,0,0,0,0,0,0,0,0,7,0,0,7000,7000,20,259,1440,61,57,96,85,54,42,0,39321,222,151,239,188,194,143,26222,39321
32.376,27,1819,21,84,59,13.55,16.07,1.186,1,0,0,0,17.5,294,5.768,8,122,373.67,0,0,0,0,0,0,0,0,1,0,0,0,0,0,0,98.46,82,0.586,1,0,0,0,0,0,0,0,0,0,1800,1820,800,800,1090,1400,75,0.344,27,13.61,15.62,0,373.67,0,122,21,12.892,307.2,1,1.602,1.602,0.586,2.031,1.68,0.02,0,,,,83,0,0,0,0,0,0,0,0,0,0,7,0,0,7000,7000,20,259,1440,73,52,71,60,83,64,0,39321,222,151,236,188,196,143,26222,39321
32.436,27,1878,21,84,59,13.55,16.29,1.202,1,0,0,0,18,288,5.656,8,124,367,0,0,0,0,0,0,0,0,1,0,0,0,0,0,0,98.01,82,0.578,1,0,0,0,0,0,0,0,0,0,1880,1880,800,800,1090,1400,75,0.352,27.5,13.61,15.62,0,367,0,124,21,12.892,307.2,1,1.66,1.66,0.586,2.031,1.68,0.02,0,,,,67,0,0,0,0,0,0,0,0,0,0,7,0,0,7000,7000,20,259,1440,88,52,126,67,83,69,0,39321,222,151,244,188,196,146,26222,39321
32.496,27,1923,21,84,59,13.61,16.29,1.197,1,0,0,0,18,288,5.632,9,127,365.33,0,0,0,0,0,0,0,0,1,0,0,0,0,0,0,97.56,81,0.578,1,0,0,0,0,0,0,0,0,0,1920,1920,800,800,1090,1400,75,0.359,27.5,13.67,15.62,0,365.33,0,127,21,12.892,307.2,1,1.641,1.641,0.586,2.031,1.68,0.02,0,,,,61,0,0,0,0,0,0,0,0,0,0,7,0,0,7000,7000,20,259,1440,96,60,88,61,58,66,0,39321,225,151,244,188,194,149,26222,39321
32.556,27,1918,21,84,59,13.61,16.29,1.197,1,0,0,0,18,288,5.624,8,126,364.33,0,0,0,0,0,0,0,0,1,0,0,0,0,0,0,97.34,81,0.578,1,0,0,0,0,0,0,0,0,0,1920,1920,800,800,1090,1400,75,0.359,27.5,13.67,15.96,0,364.33,0,126,21,12.892,307.2,1,1.543,1.543,0.586,2.031,1.68,0.02,0,,,,79,0,0,0,0,0,0,0,0,0,0,7,0,0,7000,7000,20,259,1440,96,58,71,79,49,61,0,39321,227,151,241,191,191,149,26222,39321
32.616,27,1950,21,84,59,13.61,16.29,1.197,1,0,0,0,18.5,288,5.616,9,128,363.67,0,0,0,0,0,0,0,0,1,0,0,0,0,0,0,97.11,81,0.578,1,0,0,0,0,0,0,0,0,0,1960,1950,800,800,1090,1400,74,0.359,28,13.67,15.96,0,363.67,0,128,21,12.892,309.76,1,1.621,1.621,0.586,2.031,1.68,0.02,0,,,,74,0,0,0,0,0,0,0,0,0,0,7,0,0,7000,7000,20,259,1440,91,52,74,79,86,60,0,39321,227,151,241,191,194,151,26222,39321
32.676,27,2055,21,84,59,13.61,16.07,1.181,1,0,0,0,19,288,5.576,9,134,361.17,0,0,0,0,0,0,0,0,1,0,0,0,0,0,0,96.44,80,0.578,1,0,0,0,0,0,0,0,0,0,2040,2060,800,800,1090,1400,74,0.367,28.5,13.67,15.96,0,361.17,0,134,21,12.892,309.76,1,1.563,1.563,0.586,2.031,1.68,0.02,0,,,,77,0,0,0,0,0,0,0,0,0,0,7,0,0,7000,7000,20,259,1440,85,59,129,77,76,42,0,39321,227,151,250,191,194,151,26222,39321
32.736,27,2162,21,84,59,13.67,16.07,1.176,1,0,0,0,19.5,288,5.52,9,138,358,0,0,0,0,0,0,0,0,1,0,0,0,0,0,0,95.54,79,0.578,1,0,0,0,0,0,0,0,0,0,2160,2160,800,800,1090,1400,74,0.371,29,13.72,15.68,0,358,0,138,21,12.892,309.76,1,1.582,1.582,0.586,2.031,1.68,0.02,0,,,,85,0,0,0,0,0,0,0,0,0,0,7,0,0,7000,7000,20,259,1440,92,56,127,85,74,40,0,39321,230,151,255,194,196,149,26222,39321
32.796,27,2225,21,84,59,13.67,15.48,1.133,1,0,0,0,19.5,288,5.44,10,140,352.17,0,0,0,0,0,0,0,0,1,0,0,0,0,0,0,95.31,79,0.57,1,0,0,0,0,0,0,0,0,0,2240,2230,800,800,1090,1400,74,0.375,29,13.72,15.1,0,352.17,0,140,21,12.892,309.76,1,1.523,1.523,0.586,2.031,1.699,0.02,0,,,,78,0,0,0,0,0,0,0,0,0,0,7,0,0,7000,7000,20,259,1440,100,59,192,78,78,42,0,39321,233,151,272,196,199,149,26222,39321
32.856,28,2271,21,84,59,13.67,15.13,1.107,1,0,0,0,20,288,5.48,10,145,355.33,0,0,0,0,0,0,0,0,1,0,0,0,0,0,0,94.86,78,0.578,1,0,0,0,0,0,0,0,0,0,2280,2270,800,800,1090,1400,74,0.379,29.5,13.72,15.1,0,355.33,0,145,21,12.892,309.76,1,1.563,1.563,0.586,2.031,1.719,0.02,0,,,,54,0,0,0,0,0,0,0,0,0,0,7,0,0,7000,7000,20,259,1440,97,63,148,78,54,86,0,39321,233,154,281,199,196,154,26222,39321
32.916,28,2311,21,84,59,13.67,14.94,1.093,1,0,0,0,20,282,5.496,10,148,356.17,0,0,0,0,0,0,0,0,1,0,0,0,0,0,0,95.09,79,0.578,1,0,0,0,0,0,0,0,0,0,2320,2310,800,800,1090,1400,74,0.387,29.5,13.72,14.76,0,356.17,0,148,21,12.892,309.76,1,1.504,1.504,0.586,2.031,1.719,0.02,0,,,,114,0,0,0,0,0,0,0,0,0,0,7,0,0,7000,7000,20,259,1440,114,61,150,75,73,114,0,39321,239,154,289,202,196,165,26222,39321
32.976,29,2365,21,84,59,13.67,14.94,1.093,1,0,0,0,20,282,5.464,10,150,353.67,0,0,0,0,0,0,0,0,1,0,0,0,0,0,0,94.41,78,0.578,1,0,0,0,0,0,0,0,0,0,2360,2370,800,800,1090,1400,74,0.387,29.5,13.72,14.53,0,353.67,0,150,21,12.892,312.32,1,1.523,1.523,0.586,2.031,1.738,0.02,0,,,,122,0,0,0,0,0,0,0,0,0,0,7,0,0,7000,7000,21,259,1440,122,75,156,143,99,81,0,39321,247,160,298,213,202,171,26222,39321
33.036,30,2422,21,84,59,13.61,14.94,1.097,1,0,0,0,20,282,5.496,11,155,356.17,0,0,0,0,0,0,0,0,1,0,0,0,0,0,0,95.09,79,0.578,1,0,0,0,0,0,0,0,0,0,2440,2420,800,800,1090,1400,74,0.395,29.5,13.67,14.53,0,356.17,0,155,21,12.892,309.76,1,1.582,1.582,0.586,2.031,1.797,0.02,0,,,,140,0,0,0,0,0,0,0,0,0,0,6,0,0,7000,7000,20,259,1440,111,42,140,98,93,124,0,39321,253,157,309,216,205,182,26222,39321
33.096,31,2496,21,84,59,13.61,14.94,1.097,1,0,0,0,20,282,5.552,11,160,359.33,0,0,0,0,0,0,1,0,1,0,0,0,0,0,0,95.99,80,0.578,1,0,0,0,0,0,0,0,0,0,2480,2500,800,800,1090,1400,73,0.402,29.5,13.67,14.47,0,359.33,0,160,21,12.892,309.76,1,1.582,1.582,0.586,2.031,1.816,0.02,0,,,,120,0,0,0,0,0,0,0,0,0,0,6,0,0,7000,7000,20,259,1440,112,66,136,120,86,131,0,39321,258,157,315,227,208,194,26222,39321
33.156,31,2582,21,84,59,13.61,14.98,1.101,1,0,0,0,21,282,5.52,11,166,356.5,0,0,0,0,0,0,1,0,1,0,0,0,0,0,0,95.09,79,0.578,1,0,0,0,0,0,0,0,0,0,2600,2550,800,800,1090,1400,73,0.406,30.5,13.67,14.53,0,356.5,0,166,21,12.892,309.76,1,1.602,1.602,0.586,2.031,1.816,0.02,0,,,,184,0,0,0,0,0,0,0,0,0,0,6,0,0,7000,7000,20,259,1440,101,82,143,146,82,184,0,39321,258,163,320,239,210,236,26222,39321
33.216,31,2666,21,84,59,13.67,14.98,1.096,1,0,0,0,21.5,282,5.376,11,165,345.83,0,0,0,0,0,0,1,0,1,0,0,0,0,0,0,94.86,78,0.563,1,0,0,0,0,0,0,0,0,0,2680,2550,800,800,1090,1400,73,0.414,31,13.72,14.47,0,345.83,0,165,21,12.892,309.76,1,1.523,1.523,0.586,2.031,1.836,0.02,0,,,,84,0,0,0,0,0,0,0,0,0,0,6,0,0,7000,7000,20,259,1440,84,72,186,153,132,133,0,39321,247,165,331,250,222,233,26222,39321
33.276,31,2718,21,84,59,13.67,14.98,1.096,1,0,0,0,21.5,282,5.288,11,167,340.83,0,0,0,0,0,0,1,0,1,0,0,0,0,0,0,94.86,78,0.555,1,0,0,0,0,0,0,0,0,0,2720,2550,800,800,1090,1400,73,0.418,31,13.72,14.41,0,340.83,0,167,21,12.892,309.76,1,1.563,1.563,0.586,2.031,1.836,0.02,0,,,,197,0,0,0,0,0,0,0,0,0,0,6,0,0,7000,7000,20,259,1440,95,73,202,197,124,167,0,39321,247,163,338,279,220,247,26222,39321
33.336,31,2762,21,84,59,13.67,15.13,1.107,1,0,0,0,22,270,5.256,12,168,338.5,0,0,0,0,0,0,1,0,1,0,0,0,0,0,0,94.19,78,0.555,1,0,0,0,0,0,0,0,0,0,2760,2550,800,800,1090,1400,73,0.418,31.5,13.72,14.47,0,338.5,0,168,21,12.892,312.32,1,1.484,1.484,0.586,2.031,1.836,0.02,0,,,,178,0,0,0,0,0,0,0,0,0,0,6,0,0,7000,7000,21,259,1440,127,95,267,178,109,178,0,39321,252,169,362,290,233,279,26222,39321
33.396,31,2804,21,84,59,13.67,15.13,1.107,1,0,0,0,22,270,5.256,12,171,338.5,0,0,0,0,0,0,1,0,1,0,0,0,0,0,0,94.19,78,0.555,1,0,0,0,0,0,0,0,0,0,2800,2550,800,800,1090,1400,73,0.422,31.5,13.72,14.7,0,338.5,0,171,21,12.892,312.32,1,1.504,1.504,0.586,2.031,1.836,0.02,0,,,,69,0,0,0,0,0,0,0,0,0,0,6,0,0,7000,7000,21,259,1440,146,69,204,342,130,234,0,39321,260,174,373,319,241,301,26222,39321
33.456,31,2870,21,84,59,13.72,15.35,1.118,1,0,0,0,22.5,270,5.224,12,174,337.5,0,0,0,0,0,0,1,0,1,0,0,0,0,0,0,93.96,77,0.555,1,0,0,0,0,0,0,0,0,0,2880,2550,800,800,1090,1400,73,0.426,32,13.78,14.93,0,337.5,0,174,21,12.892,312.32,1,1.523,1.523,0.586,2.031,1.836,0.02,0,,,,151,0,0,0,0,0,0,0,0,0,0,6,0,0,7000,7000,21,259,1440,198,68,180,243,151,146,0,39321,276,174,395,352,268,306,26222,39321
33.516,31,2949,21,84,59,13.78,15.48,1.123,1,0,0,0,23,270,5.176,12,177,333.67,0,0,0,0,0,0,1,0,1,0,0,0,0,0,0,92.84,76,0.555,1,0,0,0,0,0,0,0,0,0,2960,2550,800,800,1090,1400,73,0.43,32.5,13.84,14.99,0,333.67,0,177,21,12.892,312.32,1,1.523,1.523,0.605,2.051,1.836,0.02,0,,,,180,0,0,0,0,0,0,0,0,0,0,6,0,0,7000,7000,21,259,1440,152,180,212,347,162,177,0,39321,298,206,405,389,279,317,26222,39321
33.576,31,3017,21,84,59,13.78,15.54,1.127,1,0,0,0,23.5,270,5.208,13,183,337.5,0,0,0,0,0,0,1,0,1,0,0,0,0,0,0,92.61,76,0.563,1,0,0,0,0,0,0,0,0,0,3000,2550,800,800,1090,1400,73,0.434,33,13.84,15.1,0,337.5,0,183,21,12.892,312.32,1,1.504,1.504,0.586,2.051,1.836,0.02,0,,,,239,0,0,0,0,0,0,0,0,0,0,6,0,0,7000,7000,21,259,1440,163,175,224,353,239,185,0,39321,306,223,440,448,314,330,26222,39321
33.636,31,3073,21,84,59,13.78,15.54,1.127,1,0,0,0,23.5,270,5.168,13,184,333.5,0,0,0,0,0,0,1,0,1,0,0,0,0,0,0,91.49,75,0.563,1,0,0,0,0,0,0,0,0,0,3080,2550,800,800,1090,1400,73,0.438,33,13.84,15.16,0,333.5,0,184,21,12.892,314.88,1,1.445,1.445,0.586,2.051,1.836,0.02,0,,,,163,0,0,0,0,0,0,0,0,0,0,6,0,0,7000,7000,21,259,1440,234,163,298,342,265,218,0,39321,349,258,462,478,338,357,26222,39321
33.696,31,3117,21,84,59,13.72,15.63,1.139,1,0,0,0,23,270,5.176,13,188,335.5,0,0,0,0,0,0,1,0,1,0,0,0,0,0,0,92.16,76,0.563,1,0,0,0,0,0,0,0,0,0,3120,2550,800,800,1090,1400,72,0.441,32.5,13.78,15.22,0,335.5,0,188,21,12.892,312.32,1,1.445,1.445,0.586,2.051,1.836,0.02,0,,,,221,0,0,0,0,0,0,0,0,0,0,6,0,0,7000,7000,21,259,1440,263,135,191,232,221,227,0,39321,370,263,420,441,323,373,26222,39321
33.756,31,3182,21,84,59,13.78,15.54,1.127,1,0,0,0,23.5,270,5.128,13,191,333.17,0,0,0,0,0,0,1,0,1,0,0,0,0,0,0,91.49,75,0.563,1,0,0,0,0,0,0,0,0,0,3200,2550,800,800,1090,1400,72,0.445,33,13.84,15.27,0,333.17,0,191,21,12.892,314.88,1,1.445,1.445,0.586,2.051,1.836,0.02,0,,,,328,0,0,0,0,0,0,0,0,0,0,6,0,0,7000,7000,21,259,1440,260,237,328,261,264,199,0,39321,368,268,453,453,342,349,26222,39321
33.816,30,3240,21,84,59,13.84,15.54,1.123,1,0,0,0,23.5,276,5.096,13,192,328.83,0,0,0,0,0,0,0,0,1,0,0,0,0,0,0,90.14,73,0.563,1,0,0,0,0,0,0,0,0,0,3240,2550,800,800,1090,1400,72,0.445,33,13.9,15.16,0,328.83,0,192,21,12.892,314.88,1,1.426,1.426,0.586,2.051,1.797,0.02,0,,,,235,0,0,0,0,0,0,0,0,0,0,6,0,0,7000,7000,21,259,1440,326,261,328,326,255,235,0,39321,394,289,475,491,377,384,26222,39321
33.876,25,3302,21,84,59,14.01,15.54,1.109,1,0,0,0,24,270,4.856,13,186,313.83,0,0,0,0,0,0,0,0,1,0,0,0,0,0,0,86.1,69,0.563,1,0,0,0,0,0,0,0,0,0,3320,2550,800,800,1090,1400,72,0.426,33.5,14.07,15.16,0,313.83,0,186,21,12.892,320,1,1.289,1.289,0.586,2.07,1.621,0.02,0,,,,335,0,0,0,0,0,0,0,0,0,0,6,0,0,7000,7000,22,259,1440,283,159,336,335,328,261,0,39321,434,294,513,524,403,399,26222,39321
33.936,15,3342,21,84,59,14.3,15.48,1.083,1,0,0,0,25.5,270,4.136,11,159,263.67,0,0,0,0,0,0,0,0,1,0,0,0,0,0,0,75.08,58,0.539,1,0,0,0,0,0,0,0,0,0,3360,2550,800,800,1090,1400,73,0.367,36,14.41,15.1,0,263.67,0,159,21,12.892,330.24,1,1.055,1.055,0.586,2.07,1.25,0.02,0,,,,268,0,0,0,0,0,0,0,0,0,0,6,0,0,7000,7000,24,259,1440,349,268,348,294,348,305,0,39321,479,318,534,534,451,437,26222,39321
33.996,2,3326,21,84,59,14.64,14.85,1.014,1,0,0,0,27,282,2.496,6,84,139.5,0,0,0,0,0,0,0,0,0,0,0,0,0,0,0,57.99,39,0.367,1,0,0,0,0,0,0,0,0,0,3320,2550,800,800,1090,1400,75,0.285,43.5,14.7,15.16,0,139.5,0,84,21,12.892,348.16,1,0.703,0.703,0.586,2.07,0.762,0.02,0,,,,225,0,0,0,0,0,0,0,0,0,0,6,0,0,7000,7000,28,259,1440,389,283,431,369,415,225,0,39321,505,342,589,565,513,456,26222,39321
34.056,0,3221,21,84,59,14.7,13.94,0.948,1,0,0,0,28.5,282,2.152,5,65,111.33,0,0,0,0,0,0,0,0,0,0,0,0,0,0,1,46.75,28,0.305,1,0,0,0,0,0,0,0,0,0,3240,2550,800,800,1090,1400,76,0.273,47.5,14.76,14.47,0,108.67,0,63,21,12.892,358.4,1,0.527,0.527,0.605,2.07,0.645,0.02,0,,,,318,0,0,0,0,0,0,0,0,0,0,6,0,0,7000,7000,30,259,1440,356,185,406,318,406,333,0,39321,541,356,631,589,541,477,26222,39321
34.116,0,3138,21,84,59,14.76,13.94,0.944,1,0,0,0,30,288,2,5,56,99.83,0,0,0,0,0,0,0,0,0,0,0,0,0,0,1,42.03,23,0.297,1,0,0,0,0,0,0,0,0,0,3120,2550,800,800,1090,1400,76,0.273,48.5,14.81,13.55,0,99.83,0,56,21,12.892,363.52,1,0.391,0.391,0.586,2.07,0.645,0.02,0,,,,251,0,0,0,0,0,0,0,0,0,0,6,0,0,7000,7000,31,261,1451,251,247,400,267,253,151,0,39321,541,356,631,589,541,477,26222,39321
34.176,0,3059,22,84,59,14.81,13.19,0.89,1,0,0,0,29.5,288,2.008,5,55,100.5,0,0,0,0,0,0,0,0,0,0,0,0,0,0,1,41.36,22,0.297,1,0,0,0,0,0,0,0,0,0,3040,2550,800,800,1090,1400,76,0.277,48.5,14.87,12.86,0,100.5,0,55,22,12.892,363.52,1,0.371,0.371,0.586,2.07,0.645,0.02,0,,,,302,0,0,0,0,0,0,0,0,0,0,6,0,0,7000,7000,31,264,1468,310,318,418,212,302,211,0,39321,541,356,631,589,541,477,26222,39321
34.236,0,2967,22,84,59,14.81,12.66,0.854,1,0,0,0,28,288,1.992,4,53,99.83,0,0,0,0,0,0,0,0,0,0,0,0,0,0,1,40.91,21,0.297,1,0,0,0,0,0,0,0,0,0,2960,2550,800,800,1090,1400,76,0.281,49,14.87,12.81,0,99.83,0,53,22,12.892,366.08,1,0.41,0.41,0.586,2.09,0.645,0.02,0,,,,234,0,0,0,0,0,0,0,0,0,0,6,0,0,7000,7000,31,263,1462,267,234,264,316,206,303,0,39321,541,356,631,589,541,477,26222,39321
34.296,0,2873,22,84,59,14.81,12.66,0.854,1,0,0,0,26.5,288,1.952,4,50,96.33,0,0,0,0,0,0,0,0,0,0,0,0,0,0,1,41.36,22,0.281,1,0,0,0,0,0,0,0,0,0,2880,2550,800,800,1090,1400,76,0.277,48.5,14.87,12.23,0,96.33,0,50,22,12.892,363.52,1,0.371,0.371,0.586,2.09,0.645,0.02,0,,,,422,0,0,0,0,0,0,0,0,0,0,6,0,0,7000,7000,31,263,1462,170,138,319,422,174,212,0,39321,541,356,631,589,541,477,26222,39321
34.356,0,2794,22,84,59,14.81,12.44,0.839,1,0,0,0,25,288,1.928,4,47,94.17,0,0,0,0,0,0,0,0,0,0,0,0,0,0,1,41.36,22,0.273,1,0,0,0,0,0,0,0,0,0,2800,2550,800,800,1090,1400,76,0.277,48.5,14.87,12.0,0,94.17,0,47,22,12.892,363.52,1,0.391,0.391,0.586,2.09,0.664,0.02,0,,,,206,0,0,0,0,0,0,0,0,0,0,6,0,0,7000,7000,31,260,1446,206,104,226,358,302,202,0,39321,541,356,631,589,541,477,26222,39321
34.416,8,2705,22,84,59,14.76,12.51,0.848,1,1.172,0,0,25.5,294,2.912,6,61,124.83,0,0,0,0,0,0,0,0,0,0,0,0,0,0,0,43.61,24,0.445,1,0,0,0,0,0,0,0,0,0,2720,2550,800,800,1090,1400,76,0.301,48.5,14.81,12.06,0,124.83,0,61,22,12.892,360.96,1,0.449,0.449,0.586,2.09,0.996,0.02,0,,,,222,0,0,0,0,0,0,0,0,0,0,6,0,0,7000,7000,30,257,1429,102,92,222,256,278,156,0,39321,604,421,755,589,541,477,26222,39321
34.476,21,2593,22,84,59,14.7,12.77,0.869,1,0.113,0,0.637,27,294,3.584,7,92,197.33,0,0,0,0,0,0,0,0,1,0,0,0,0,0,0,56.2,38,0.547,1,0,0,0,0,0,0,0,0,0,2600,2550,800,800,1090,1400,74,0.375,44,14.76,12.17,0,197.33,0,92,22,12.892,350.72,1,0.762,0.762,0.605,2.09,1.465,0.02,0,,,,132,0,0,0,0,0,0,0,0,0,0,6,0,0,7000,7000,28,257,1429,160,101,255,194,132,160,0,39321,593,413,749,712,623,561,26222,39321
34.536,30,2515,22,84,59,14.24,12.77,0.897,1,0.008,0,1.016,23,288,5.216,10,141,310.83,0,0,0,0,0,0,0,0,1,0,0,0,0,0,0,82.27,65,0.586,1,0,0,0,0,0,0,0,0,0,2520,2520,800,800,1090,1400,73,0.402,32.5,14.3,12.29,0,310.83,0,141,22,12.892,322.56,1,1.328,1.328,0.605,2.09,1.777,0.02,0,,,,145,0,0,0,0,0,0,0,0,0,0,6,0,0,7000,7000,23,257,1429,137,91,104,117,91,145,0,39321,604,421,753,720,627,573,26222,39321
34.596,32,2477,22,84,59,13.67,12.88,0.942,1,0,0,0.574,20.5,282,5.704,11,157,352.33,0,0,0,0,0,0,1,0,1,0,0,0,0,0,0,94.19,78,0.578,1,0,0,0,0,0,0,0,0,0,2480,2480,800,800,1090,1400,73,0.402,30,13.72,12.52,0,352.33,0,157,22,12.892,312.32,1,1.523,1.523,0.605,2.09,1.855,0.02,0,,,,83,0,0,0,0,0,0,0,0,0,0,6,0,0,7000,7000,21,257,1429,108,83,142,160,89,109,0,39321,562,399,731,703,604,556,26222,39321
34.656,33,2371,22,84,59,13.55,12.97,0.957,1,0,0,0.27,19.5,282,5.808,11,156,366.17,0,0,0,0,0,0,1,0,1,0,0,0,0,0,0,97.79,81,0.578,1,0,0,0,0,0,0,0,0,0,2360,2370,800,800,1090,1400,73,0.402,29,13.61,12.58,0,366.17,0,156,21,12.892,307.2,1,1.602,1.602,0.586,2.09,1.914,0.02,0,,,,91,0,0,0,0,0,0,0,0,0,0,7,0,0,7000,7000,20,257,1429,112,58,91,92,116,126,0,39321,548,382,683,675,587,542,26222,39321
34.716,34,2157,21,84,59,13.49,13.82,1.024,1,0,0,0.121,19,288,5.848,10,148,375.17,0,0,0,0,0,0,1,0,1,0,0,0,0,0,0,100.26,84,0.578,1,0,0,0,0,0,0,0,0,0,2200,2190,800,800,1090,1400,73,0.387,28.5,13.55,12.63,0,375.17,0,148,21,12.892,304.64,1,1.66,1.66,0.605,2.109,1.934,0.02,0,,,,88,0,0,0,0,0,0,0,0,0,0,7,0,0,7000,7000,19,257,1429,84,66,108,88,78,101,0,39321,528,371,660,624,565,525,26222,39321
34.776,34,2002,21,84,59,13.49,13.82,1.024,1,0,0,0.055,18.5,288,5.896,9,137,379.67,0,0,0,0,0,0,1,0,1,0,0,0,0,0,0,101.38,85,0.578,1,0,0,0,0,0,0,0,0,0,2000,2000,800,800,1090,1400,73,0.375,28,13.55,13.44,0,379.67,0,137,21,12.892,304.64,1,1.699,1.699,0.605,2.109,1.953,0.02,0,,,,96,0,0,0,0,0,0,0,0,0,0,7,0,0,7000,7000,19,257,1429,66,56,91,96,74,51,0,39321,509,357,635,601,542,500,26222,39321
34.836,37,2056,21,84,59,13.44,14.73,1.096,1,0,0,0.023,18.5,288,5.928,10,142,383,0,0,0,0,0,0,1,0,1,0,0,0,0,0,0,102.28,86,0.578,1,0,0,0,0,0,0,0,0,0,2040,2060,800,800,1090,1400,73,0.375,28,13.49,14.41,0,383,0,142,21,12.892,304.64,1,1.719,1.719,0.605,2.109,2.07,0.02,0,,,,89,0,0,0,0,0,0,0,0,0,0,7,0,0,7000,7000,19,257,1429,85,60,82,89,86,67,0,39321,492,345,610,579,523,480,26222,39321
34.896,43,2211,21,84,58,13.44,15.7,1.168,1,0,0,0,18.5,288,6.216,11,157,403.67,0,0,0,0,0,0,1,0,1,0,0,0,0,0,0,103.63,88,0.602,1,0,0,0,0,0,0,0,0,0,2200,2210,800,800,1090,1400,73,0.387,28,13.49,14.36,0,403.67,0,157,21,12.892,302.08,1,1.758,1.758,0.605,2.109,2.266,0.02,0,,,,83,0,0,0,0,0,0,0,0,0,0,7,0,0,7000,7000,19,257,1429,109,54,120,83,61,49,0,39321,480,331,593,559,503,458,26222,39321
34.956,44,2333,21,84,58,13.44,16.29,1.212,1,0,0,0,19,276,6.44,12,175,420,0,0,0,0,0,0,1,0,1,0,0,0,0,0,0,103.63,88,0.625,1,0,0,0,0,0,0,0,0,0,2320,2330,800,800,1090,1400,73,0.402,28.5,13.49,15.27,0,420,0,175,21,12.892,302.08,1,1.719,1.719,0.605,2.129,2.324,0.02,0,,,,72,0,0,0,0,0,0,0,0,0,0,7,0,0,7000,7000,19,257,1429,95,75,115,88,72,77,0,39321,466,323,576,540,466,444,26222,39321
35.016,45,2298,21,84,58,13.44,16.29,1.212,1,0,0,0,19,276,6.496,12,176,424.17,0,0,0,0,0,0,1,0,1,0,0,0,0,0,0,103.41,87,0.633,1,0,0,0,0,0,0,0,0,0,2280,2300,800,800,1090,1400,73,0.406,28.5,13.49,15.85,0,424.17,0,176,21,12.892,302.08,1,1.699,1.699,0.605,2.129,2.344,0.02,0,,,,85,0,0,0,0,0,0,0,0,0,0,7,0,0,7000,7000,19,257,1429,91,91,109,84,87,85,0,39321,455,317,559,520,452,419,26222,39321
35.076,44,2192,21,84,58,13.44,16.29,1.212,1,0,0,0,18.5,282,6.44,11,169,420.33,0,0,0,0,0,0,1,0,1,0,0,0,0,0,0,103.85,88,0.625,1,0,0,0,0,0,0,0,0,0,2200,2190,800,800,1090,1400,73,0.395,28,13.49,15.91,0,420.33,0,169,21,12.892,302.08,1,1.797,1.797,0.605,2.129,2.324,0.02,0,,,,93,0,0,0,0,0,0,0,0,0,0,7,0,0,7000,7000,19,257,1429,93,63,102,93,76,64,0,39321,435,306,542,506,435,405,26222,39321
35.136,44,2210,21,84,58,13.44,16.13,1.2,1,0,0,0,18.5,288,6.368,11,166,415.17,0,0,0,0,0,0,1,0,1,0,0,0,0,0,0,103.85,88,0.617,1,0,0,0,0,0,0,0,0,0,2200,2210,800,800,1090,1400,73,0.395,28,13.49,15.91,0,415.17,0,166,21,12.892,302.08,1,1.719,1.719,0.605,2.129,2.324,0.02,0,,,,56,0,0,0,0,0,0,0,0,0,0,7,0,0,7000,7000,19,257,1429,109,56,133,87,80,75,0,39321,427,289,531,489,421,393,26222,39321
35.196,43,2325,21,84,58,13.44,16.13,1.2,1,0,0,0,19,276,6.408,12,173,418,0,0,0,0,0,0,1,0,1,0,0,0,0,0,0,103.18,87,0.625,1,0,0,0,0,0,0,0,0,0,2320,2330,800,800,1090,1400,73,0.402,28.5,13.49,15.68,0,418,0,173,21,12.892,302.08,1,1.758,1.758,0.605,2.148,2.266,0.02,0,,,,73,0,0,0,0,0,0,0,0,0,0,7,0,0,7000,7000,19,257,1429,49,73,103,74,60,88,0,39321,407,284,517,469,407,385,26222,39321
35.256,42,2385,21,84,58,13.44,15.91,1.184,1,0,0,0,19.5,282,6.328,12,177,411.67,0,0,0,0,0,0,1,0,1,0,0,0,0,0,0,102.96,87,0.617,1,0,0,0,0,0,0,0,0,0,2400,2390,800,800,1090,1400,73,0.406,29,13.49,15.5,0,411.67,0,177,21,12.892,302.08,1,1.738,1.738,0.605,2.148,2.246,0.02,0,,,,86,0,0,0,0,0,0,0,0,0,0,7,0,0,7000,7000,19,257,1429,114,55,97,86,54,81,0,39321,402,275,489,450,390,376,26222,39321
35.316,43,2441,21,84,58,13.44,15.7,1.168,1,0,0,0,19.5,282,6.384,12,183,416.17,0,0,0,0,0,0,1,0,1,0,0,0,0,0,0,102.73,87,0.625,1,0,0,0,0,0,0,0,0,0,2440,2440,800,800,1090,1400,73,0.414,29,13.49,15.39,0,416.17,0,183,21,12.892,302.08,1,1.68,1.68,0.605,2.148,2.266,0.02,0,,,,75,0,0,0,0,0,0,0,0,0,0,6,0,0,7000,7000,19,257,1429,110,46,90,87,75,103,0,39321,393,267,475,435,368,374,26222,39321
35.376,43,2427,21,84,58,13.44,15.48,1.152,1,0,0,0,19.5,282,6.368,12,181,415.17,0,0,0,0,0,0,1,0,1,0,0,0,0,0,0,102.51,86,0.625,1,0,0,0,0,0,0,0,0,0,2440,2430,800,800,1090,1400,73,0.41,29,13.49,15.16,0,415.17,0,181,21,12.892,302.08,1,1.758,1.758,0.605,2.148,2.266,0.02,0,,,,118,0,0,0,0,0,0,0,0,0,0,6,0,0,7000,7000,19,257,1429,118,57,100,116,92,118,0,39321,390,261,461,430,360,371,26222,39321
35.436,43,2369,21,84,58,13.44,15.48,1.152,1,0,0,0,19.5,282,6.376,12,180,415.83,0,0,0,0,0,0,1,0,1,0,0,0,0,0,0,102.73,87,0.625,1,0,0,0,0,0,0,0,0,0,2360,2370,800,800,1090,1400,73,0.41,29,13.49,14.87,0,415.83,0,180,21,12.892,302.08,1,1.66,1.66,0.605,2.168,2.266,0.02,0,,,,137,0,0,0,0,0,0,0,0,0,0,7,0,0,7000,7000,19,257,1429,137,68,89,110,84,115,0,39321,385,255,450,421,351,368,26222,39321
35.496,42,2410,21,84,58,13.44,15.48,1.152,1,0,0,0,19.5,282,6.384,12,179,416,0,0,0,0,0,0,1,0,1,0,0,0,0,0,0,102.73,87,0.625,1,0,0,0,0,0,0,0,0,0,2400,2410,800,800,1090,1400,73,0.41,29,13.49,14.99,0,416,0,179,21,12.892,302.08,1,1.758,1.758,0.605,2.168,2.246,0.02,0,,,,59,0,0,0,0,0,0,0,0,0,0,6,0,0,7000,7000,19,257,1429,104,59,93,195,96,106,0,39321,379,244,438,430,345,362,26222,39321
35.556,42,2497,21,84,57,13.44,15.41,1.147,1,0,0,0,19.5,282,6.312,12,182,410.83,0,0,0,0,0,0,1,0,1,0,0,0,0,0,0,102.73,87,0.617,1,0,0,0,0,0,0,0,0,0,2480,2500,800,800,1090,1400,72,0.414,29,13.49,14.93,0,410.83,0,182,21,12.892,302.08,1,1.68,1.68,0.605,2.168,2.246,0.02,0,,,,136,0,0,0,0,0,0,0,0,0,0,6,0,0,7000,7000,19,257,1429,75,56,81,136,103,104,0,39321,371,239,416,421,343,357,26222,39321
35.616,42,2581,21,84,57,13.44,15.13,1.126,1,0,0,0,20.5,282,6.264,13,189,407.17,0,0,0,0,0,0,1,0,1,0,0,0,0,0,0,101.83,86,0.617,1,0,0,0,0,0,0,0,0,0,2600,2550,800,800,1090,1400,72,0.426,30,13.49,14.93,0,407.17,0,189,21,12.892,304.64,1,1.738,1.738,0.605,2.188,2.246,0.02,0,,,,140,0,0,0,0,0,0,0,0,0,0,6,0,0,7000,7000,19,257,1429,84,55,130,124,124,140,0,39321,362,233,413,416,343,360,26222,39321
35.676,41,2573,21,84,57,13.49,15.13,1.121,1,0,0,0,20,282,6.168,13,186,400.33,0,0,0,0,0,0,1,0,1,0,0,0,0,0,0,101.38,85,0.609,1,0,0,0,0,0,0,0,0,0,2560,2550,800,800,1090,1400,72,0.426,29.5,13.55,14.64,0,400.33,0,186,21,12.892,304.64,1,1.68,1.68,0.605,2.188,2.188,0.02,0,,,,82,0,0,0,0,0,0,0,0,0,0,6,0,0,7000,7000,19,257,1429,82,64,136,143,105,169,0,39321,348,230,410,416,340,365,26222,39321
35.736,39,2535,21,84,57,13.49,14.76,1.094,1,0,0,0,20,282,6.056,12,180,393.33,0,0,0,0,0,0,1,0,1,0,0,0,0,0,0,100.93,85,0.602,1,0,0,0,0,0,0,0,0,0,2520,2540,800,800,1090,1400,72,0.422,29.5,13.55,14.3,0,393.33,0,180,21,12.892,304.64,1,1.68,1.68,0.605,2.188,2.109,0.02,0,,,,107,0,0,0,0,0,0,0,0,0,0,6,0,0,7000,7000,19,257,1429,107,79,107,159,75,185,0,39321,345,227,388,419,331,376,26222,39321
35.796,39,2577,21,84,57,13.49,14.66,1.086,1,0,0,0,20,282,6.04,12,182,392.5,0,0,0,0,0,0,1,0,1,0,0,0,0,0,0,100.71,85,0.602,1,0,0,0,0,0,0,0,0,0,2560,2550,800,800,1090,1400,72,0.422,29.5,13.55,14.41,0,392.5,0,182,21,12.892,304.64,1,1.719,1.719,0.605,2.188,2.109,0.02,0,,,,108,0,0,0,0,0,0,0,0,0,0,6,0,0,7000,7000,19,257,1429,91,79,127,180,108,156,0,39321,340,227,385,427,329,379,26222,39321
35.856,39,2646,21,84,57,13.49,14.6,1.082,1,0,0,0,20.5,282,6.008,13,186,389.83,0,0,0,0,0,0,1,0,1,0,0,0,0,0,0,100.03,84,0.602,1,0,0,0,0,0,0,0,0,0,2640,2550,800,800,1090,1400,72,0.43,30,13.55,14.36,0,389.83,0,186,21,12.892,304.64,1,1.621,1.621,0.605,2.207,2.109,0.02,0,,,,160,0,0,0,0,0,0,0,0,0,0,6,0,0,7000,7000,19,257,1429,78,85,99,194,88,160,0,39321,334,227,379,433,323,385,26222,39321
35.916,39,2704,21,84,57,13.49,14.6,1.082,1,0,0,0,21,282,6.008,13,190,390.5,0,0,0,0,0,0,1,0,1,0,0,0,0,0,0,100.26,84,0.602,1,0,0,0,0,0,0,0,0,0,2720,2550,800,800,1090,1400,72,0.43,30.5,13.55,14.41,0,390.5,0,190,21,12.965,304.64,1,1.621,1.621,0.605,2.207,2.109,0.02,0,,,,151,0,0,0,0,0,0,0,0,0,0,6,0,0,7000,7000,19,257,1429,107,68,151,186,85,165,0,39321,314,209,365,419,303,373,26222,39321
35.976,39,2707,21,84,57,13.49,14.6,1.082,1,0,0,0,21,282,5.976,13,189,388.17,0,0,0,0,0,0,1,0,1,0,0,0,0,0,0,99.58,83,0.602,1,0,0,0,0,0,0,0,0,0,2720,2550,800,800,1090,1400,72,0.434,30.5,13.55,14.41,0,388.17,0,189,21,12.965,307.2,1,1.68,1.68,0.605,2.207,2.109,0.02,0,,,,93,0,0,0,0,0,0,0,0,0,0,6,0,0,7000,7000,20,257,1429,107,58,157,185,93,128,0,39321,311,206,368,430,301,370,26222,39321
36.036,39,2727,21,84,57,13.49,14.66,1.086,1,0,0,0,21,282,5.992,13,191,389,0,0,0,0,0,0,1,0,1,0,0,0,0,0,0,99.81,84,0.602,1,0,0,0,0,0,0,0,0,0,2720,2550,800,800,1090,1400,72,0.434,30.5,13.55,14.36,0,389,0,191,21,12.965,307.2,1,1.66,1.66,0.605,2.207,2.109,0.02,0,,,,68,0,0,0,0,0,0,0,0,0,0,6,0,0,7000,7000,20,257,1429,68,67,177,208,107,169,0,39321,301,206,373,438,301,378,26222,39321
36.096,38,2771,21,84,57,13.49,14.66,1.086,1,0,0,0,21,270,5.896,13,191,382.17,0,0,0,0,0,0,1,0,1,0,0,0,0,0,0,99.36,83,0.594,1,0,0,0,0,0,0,0,0,0,2760,2550,800,800,1090,1400,72,0.434,30.5,13.55,14.41,0,382.17,0,191,21,12.965,307.2,1,1.641,1.641,0.605,2.227,2.09,0.02,0,,,,153,0,0,0,0,0,0,0,0,0,0,6,0,0,7000,7000,20,257,1429,56,82,153,185,64,176,0,39321,290,206,373,443,292,384,26222,39321
36.156,37,2818,21,84,55,13.55,14.66,1.081,1,0,0,0,21.5,270,5.776,13,190,374.67,0,0,0,0,0,0,1,0,1,0,0,0,0,0,0,98.68,82,0.586,1,0,0,0,0,0,0,0,0,0,2800,2550,800,800,1090,1400,72,0.438,31,13.61,14.41,0,374.67,0,190,21,12.965,307.2,1,1.621,1.621,0.605,2.227,2.07,0.02,0,,,,171,0,0,0,0,0,0,0,0,0,0,6,0,0,7000,7000,20,257,1429,117,108,157,212,102,171,0,39321,290,212,376,451,287,387,26222,39321
36.216,36,2826,21,84,55,13.55,14.66,1.081,1,0,0,0,22,270,5.696,13,187,367.67,0,0,0,0,0,0,1,0,1,0,0,0,0,0,0,98.01,82,0.578,1,0,0,0,0,0,0,0,0,0,2840,2550,800,800,1090,1400,71,0.438,31.5,13.61,14.36,0,367.67,0,187,21,12.965,307.2,1,1.641,1.641,0.605,2.227,2.031,0.02,0,,,,102,0,0,0,0,0,0,0,0,0,0,6,0,0,7000,7000,20,257,1429,142,102,188,275,130,102,0,39321,295,220,384,467,292,378,26222,39321
36.276,36,2842,21,84,55,13.55,14.76,1.089,1,0,0,0,22,270,5.68,13,188,367.67,0,0,0,0,0,0,1,0,1,0,0,0,0,0,0,98.23,82,0.578,1,0,0,0,0,0,0,0,0,0,2840,2550,800,800,1090,1400,71,0.438,31.5,13.61,14.41,0,367.67,0,188,21,12.965,307.2,1,1.602,1.602,0.605,2.227,2.012,0.02,0,,,,114,0,0,0,0,0,0,0,0,0,0,6,0,0,7000,7000,20,257,1429,146,86,238,293,114,114,0,39321,301,220,400,494,295,376,26222,39321
36.336,35,2883,21,84,55,13.55,14.76,1.089,1,0,0,0,22,270,5.56,13,186,359,0,0,0,0,0,0,1,0,1,0,0,0,0,0,0,97.11,81,0.57,1,0,0,0,0,0,0,0,0,0,2880,2550,800,800,1090,1400,71,0.438,31.5,13.61,14.36,0,359,0,186,21,12.965,309.76,1,1.563,1.563,0.605,2.246,1.973,0.02,0,,,,225,0,0,0,0,0,0,0,0,0,0,6,0,0,7000,7000,20,257,1429,225,105,190,258,151,101,0,39321,330,225,405,507,303,362,26222,39321
36.396,34,2923,21,84,55,13.61,14.82,1.089,1,0,0,0,22.5,270,5.496,13,186,355.33,0,0,0,0,0,0,1,0,1,0,0,0,0,0,0,96.21,80,0.57,1,0,0,0,0,0,0,0,0,0,2920,2550,800,800,1090,1400,71,0.438,32,13.67,14.36,0,355.33,0,186,21,12.965,309.76,1,1.563,1.563,0.605,2.246,1.953,0.02,0,,,,255,0,0,0,0,0,0,0,0,0,0,6,0,0,7000,7000,20,257,1429,307,156,227,255,154,129,0,39321,360,247,435,540,309,362,26222,39321
36.456,34,2949,21,84,55,13.61,14.91,1.095,1,0,0,0,22.5,270,5.464,13,187,353,0,0,0,0,0,0,1,0,1,0,0,0,0,0,0,95.54,79,0.57,1,0,0,0,0,0,0,0,0,0,2960,2550,800,800,1090,1400,71,0.438,32,13.67,14.36,0,353,0,187,21,12.965,309.76,1,1.543,1.543,0.605,2.246,1.934,0.02,0,,,,176,0,0,0,0,0,0,0,0,0,0,6,0,0,7000,7000,20,257,1429,176,176,180,315,165,199,0,39321,381,260,440,559,317,376,26222,39321
36.516,34,2970,21,84,55,13.61,14.98,1.101,1,0,0,0,22.5,270,5.472,13,189,353.67,0,0,0,0,0,0,1,0,1,0,0,0,0,0,0,95.76,79,0.57,1,0,0,0,0,0,0,0,0,0,2960,2550,800,800,1090,1400,71,0.441,32,13.67,14.36,0,353.67,0,189,21,12.965,309.76,1,1.621,1.621,0.605,2.246,1.934,0.02,0,,,,266,0,0,0,0,0,0,0,0,0,0,6,0,0,7000,7000,20,257,1429,225,188,215,266,181,220,0,39321,395,287,462,588,327,389,26222,39321
36.576,34,2990,21,84,55,13.61,14.98,1.101,1,0,0,0,23,270,5.456,13,190,352.17,0,0,0,0,0,0,1,0,1,0,0,0,0,0,0,95.31,79,0.57,1,0,0,0,0,0,0,0,0,0,3000,2550,800,800,1090,1400,71,0.445,32.5,13.67,14.53,0,352.17,0,190,21,12.965,309.76,1,1.523,1.523,0.605,2.266,1.934,0.02,0,,,,241,0,0,0,0,0,0,0,0,0,0,6,0,0,7000,7000,20,257,1429,241,176,206,188,178,225,0,39321,416,298,470,583,341,421,26222,39321
36.636,34,3026,21,84,55,13.61,15.13,1.111,1,0,0,0,23,270,5.456,13,192,352.17,0,0,0,0,0,0,1,0,1,0,0,0,0,0,0,95.31,79,0.57,1,0,0,0,0,0,0,0,0,0,3040,2550,800,800,1090,1400,71,0.445,32.5,13.67,14.64,0,352.17,0,192,21,12.965,309.76,1,1.621,1.621,0.605,2.266,1.953,0.02,0,,,,248,0,0,0,0,0,0,0,0,0,0,6,0,0,7000,7000,20,257,1429,180,184,241,248,211,249,0,39321,421,317,483,596,357,435,26222,39321
36.696,34,3065,21,84,55,13.67,15.26,1.117,1,0,0,0,23,270,5.432,13,194,350.67,0,0,0,0,0,0,1,0,1,0,0,0,0,0,0,94.86,78,0.57,1,0,0,0,0,0,0,0,0,0,3080,2550,800,800,1090,1400,71,0.445,32.5,13.72,14.59,0,350.67,0,194,21,12.965,309.76,1,1.523,1.523,0.605,2.266,1.953,0.02,0,,,,210,0,0,0,0,0,0,0,0,0,0,6,0,0,7000,7000,20,257,1429,210,220,265,199,225,263,0,39321,432,335,497,593,397,462,26222,39321
36.756,34,3099,21,84,55,13.67,15.26,1.117,1,0,0,0,23,270,5.424,13,195,350,0,0,0,0,0,0,1,0,1,0,0,0,0,0,0,94.64,78,0.57,1,0,0,0,0,0,0,0,0,0,3080,2550,800,800,1090,1400,70,0.449,32.5,13.72,14.76,0,350,0,195,21,12.965,312.32,1,1.504,1.504,0.605,2.266,1.953,0.02,0,,,,213,0,0,0,0,0,0,0,0,0,0,6,0,0,7000,7000,21,257,1429,281,99,227,213,204,197,0,39321,451,338,518,585,405,467,26222,39321
36.816,34,3117,21,84,54,13.67,15.35,1.123,1,0,0,0,23.5,270,5.416,14,197,350.5,0,0,0,0,0,0,1,0,1,0,0,0,0,0,0,94.86,78,0.57,1,0,0,0,0,0,0,0,0,0,3120,2550,800,800,1090,1400,70,0.453,32.5,13.72,14.93,0,350.5,0,197,21,12.892,309.76,1,1.543,1.543,0.605,2.285,1.953,0.02,0,,,,326,0,0,0,0,0,0,0,0,0,0,6,0,0,7000,7000,20,257,1429,326,137,257,255,325,132,0,39321,439,299,467,524,389,401,26222,39321
36.876,34,3144,21,84,54,13.61,15.41,1.132,1,0,0,0,23,270,5.424,14,199,351,0,0,0,0,0,0,1,0,1,0,0,0,0,0,0,95.09,79,0.57,1,0,0,0,0,0,0,0,0,0,3160,2550,800,800,1090,1400,70,0.453,32,13.67,15.04,0,351,0,199,21,12.892,309.76,1,1.543,1.543,0.605,2.285,1.953,0.02,0,,,,213,0,0,0,0,0,0,0,0,0,0,6,0,0,7000,7000,20,257,1429,326,193,325,240,213,129,0,39321,460,315,498,527,413,394,26222,39321
36.936,34,3174,21,84,54,13.67,15.41,1.127,1,0,0,0,23.5,270,5.4,14,199,348,0,0,0,0,0,0,1,0,1,0,0,0,0,0,0,94.19,78,0.57,1,0,0,0,0,0,0,0,0,0,3160,2550,800,800,1090,1400,70,0.453,32.5,13.72,15.1,0,350.33,0,200,21,12.892,309.76,1,1.582,1.582,0.605,2.285,1.953,0.02,0,,,,166,0,0,0,0,0,0,0,0,0,0,6,0,0,7000,7000,20,257,1429,299,166,293,284,231,183,0,39321,491,332,510,536,420,399,26222,39321
36.996,35,3196,21,84,54,13.67,15.41,1.127,1,0,0,0,23.5,270,5.44,14,203,352.17,0,0,0,0,0,0,1,0,1,0,0,0,0,0,0,93.96,77,0.578,1,0,0,0,0,0,0,0,0,0,3200,2550,800,800,1090,1400,70,0.461,32.5,13.72,15.04,0,352.17,0,203,21,12.892,312.32,1,1.523,1.523,0.605,2.285,1.973,0.02,0,,,,305,0,0,0,0,0,0,0,0,0,0,6,0,0,7000,7000,21,257,1429,270,155,315,296,209,305,0,39321,501,334,541,543,434,434,26222,39321
37.056,36,3219,21,84,54,13.67,15.41,1.127,1,0,0,0,23.5,270,5.488,14,206,355.5,0,0,0,0,0,0,1,0,1,0,0,0,0,0,0,94.86,78,0.578,1,0,0,0,0,0,0,0,0,0,3200,2550,800,800,1090,1400,70,0.465,32.5,13.72,15.1,0,355.5,0,206,21,12.892,309.76,1,1.563,1.563,0.605,2.305,2.031,0.02,0,,,,307,0,0,0,0,0,0,0,0,0,0,6,0,0,7000,7000,20,257,1429,309,145,307,266,246,244,0,39321,529,339,562,548,444,444,26222,39321
37.116,39,3257,21,84,54,13.55,15.41,1.137,1,0,0,0,23,270,5.632,15,214,365.83,0,0,0,0,0,0,1,0,1,0,0,0,0,0,0,96.44,80,0.586,1,0,0,0,0,0,0,0,0,0,3240,2550,800,800,1090,1400,69,0.477,32,13.61,15.1,0,370.5,0,217,21,12.965,309.76,1,1.602,1.602,0.605,2.305,2.109,0.02,0,,,,294,0,0,0,0,0,0,0,0,0,0,6,0,0,7000,7000,20,257,1429,294,180,306,267,302,222,0,39321,553,344,574,562,470,458,26222,39321
37.176,41,3291,21,84,54,13.55,15.41,1.137,1,0,0,0,23,264,5.856,16,226,381,0,0,0,0,0,0,1,0,1,0,0,0,0,0,0,97.79,81,0.602,1,0,0,0,0,0,0,0,0,0,3280,2550,800,800,1090,1400,69,0.48,32,13.61,14.99,0,381,0,226,21,12.965,307.2,1,1.582,1.582,0.605,2.305,2.188,0.02,0,,,,297,0,0,0,0,0,0,0,0,0,0,6,0,0,7000,7000,20,257,1429,259,143,310,310,297,258,0,39321,555,344,593,579,501,470,26222,39321
37.236,49,3317,21,84,54,13.44,15.41,1.147,1,0,0,0,22.5,258,6.368,17,250,417.67,0,0,0,0,0,0,1,0,1,0,0,0,0,0,0,100.71,85,0.641,1,0,0,0,0,0,0,0,0,0,3320,2550,800,800,1090,1400,69,0.496,31.5,13.49,14.99,0,417.67,0,250,21,12.965,304.64,1,1.66,1.66,0.605,2.305,2.48,0.02,0,,,,307,0,0,0,0,0,0,0,0,0,0,6,0,0,7000,7000,19,257,1429,307,185,307,250,259,287,0,39321,574,363,610,579,508,496,26222,39321
37.296,56,3357,21,84,54,13.32,15.35,1.152,1,0,0,0,22.5,258,7.016,19,279,460.83,0,0,0,0,0,0,1,0,1,0,0,0,0,0,0,103.63,88,0.688,1,0,0,0,0,0,0,0,0,0,3360,2550,800,800,1090,1400,68,0.508,31.5,13.38,14.87,0,460.83,0,279,21,12.892,302.08,1,1.719,1.719,0.605,2.324,2.754,0.02,0,,,,199,0,0,0,0,0,0,0,0,0,0,6,0,0,7000,7000,19,257,1429,199,214,303,238,303,241,0,39321,572,372,617,579,536,505,26222,39321
37.356,58,3405,21,84,54,13.38,14.98,1.12,1,0,0,0,22.5,258,7.168,20,288,470,0,0,0,0,0,0,1,0,1,0,0,0,0,0,0,103.18,87,0.703,1,0,0,0,0,0,0,0,0,0,3400,2550,800,800,1090,1400,68,0.516,31.5,13.44,14.87,0,470,0,288,21,12.892,302.08,1,1.738,1.738,0.605,2.324,2.813,0.02,0,,,,156,0,0,0,0,0,0,0,0,0,0,6,0,0,7000,7000,19,257,1429,309,183,309,264,156,275,0,39321,581,372,631,589,541,515,26222,39321
37.416,58,3431,21,84,54,13.32,14.41,1.081,1,0,0,0,22.5,258,7.2,20,292,472.17,0,0,0,0,0,0,1,0,1,0,0,0,0,0,0,103.63,88,0.703,1,0,0,0,0,0,0,0,0,0,3440,2550,800,800,1090,1400,68,0.52,31.5,13.38,14.53,0,472.17,0,292,21,12.892,302.08,1,1.719,1.719,0.605,2.324,2.813,0.02,0,,,,316,0,0,0,0,0,0,0,0,0,0,6,0,0,7000,7000,19,257,1429,227,187,316,265,202,267,0,39321,579,387,646,591,536,527,26222,39321
37.476,56,3455,21,84,54,13.38,14.41,1.077,1,0,0,0,22.5,258,7.048,20,287,461.17,0,0,0,0,0,0,1,0,1,0,0,0,0,0,0,103.41,87,0.688,1,0,0,0,0,0,0,0,0,0,3440,2550,800,800,1090,1400,68,0.52,31.5,13.44,13.9,0,462.5,0,288,21,12.892,302.08,1,1.719,1.719,0.605,2.324,2.773,0.02,0,,,,180,0,0,0,0,0,0,0,0,0,0,6,0,0,7000,7000,19,257,1429,275,180,315,219,264,222,0,39321,581,389,650,589,555,527,26222,39321
37.536,54,3491,21,84,54,13.38,13.94,1.042,1,0,0,0,22.5,258,6.904,20,285,452.83,0,0,0,0,0,0,1,0,1,0,0,0,0,0,0,102.73,87,0.68,1,0,0,0,0,0,0,0,0,0,3480,2550,800,800,1090,1400,68,0.52,31.5,13.44,13.49,0,452.83,0,285,21,12.892,302.08,1,1.719,1.719,0.605,2.344,2.695,0.02,0,,,,133,0,0,0,0,0,0,0,0,0,0,6,0,0,7000,7000,19,257,1429,216,193,316,266,313,133,0,39321,577,394,665,591,577,508,26222,39321
37.597,52,3523,21,84,54,13.32,13.69,1.027,1,0,0,0,22.5,258,6.832,20,284,447,0,0,0,0,0,0,1,0,1,0,0,0,0,0,0,102.73,87,0.672,1,0,0,0,0,0,0,0,0,0,3520,2550,800,800,1090,1400,68,0.52,31.5,13.38,13.44,0,447,0,284,21,12.892,302.08,1,1.719,1.719,0.605,2.344,2.617,0.02,0,,,,313,0,0,0,0,0,0,0,0,0,0,6,0,0,7000,7000,19,257,1429,226,214,315,210,313,184,0,39321,574,401,674,584,596,503,26222,39321
37.657,52,3553,21,84,54,13.38,13.69,1.023,1,0,0,0,23,258,6.984,20,293,458.17,0,0,0,0,0,0,1,0,1,0,0,0,0,0,0,101.61,86,0.695,1,0,0,0,0,0,0,0,0,0,3560,2550,800,800,1090,1400,68,0.527,32,13.44,13.15,0,458.17,0,293,21,12.892,304.64,1,1.699,1.699,0.605,2.344,2.617,0.02,0,,,,315,0,0,0,0,0,0,0,0,0,0,6,0,0,7000,7000,19,257,1429,256,226,315,184,246,149,0,39321,570,415,681,574,596,489,26222,39321
37.717,52,3591,21,84,54,13.38,13.51,1.01,1,0,0,0,23,258,7.048,21,298,461.17,0,0,0,0,0,0,1,0,1,0,0,0,0,0,0,102.51,86,0.695,1,0,0,0,0,0,0,0,0,0,3600,2550,800,800,1090,1400,68,0.527,32,13.44,13.03,0,461.17,0,298,21,12.892,302.08,1,1.68,1.68,0.605,2.344,2.617,0.02,0,,,,195,0,0,0,0,0,0,0,0,0,0,6,0,0,7000,7000,19,257,1429,274,195,315,307,313,153,0,39321,567,420,686,584,608,479,26222,39321
37.777,52,3636,21,84,54,13.38,13.54,1.012,1,0,0,0,23,258,7.296,22,315,481.67,0,0,0,0,0,0,1,0,1,0,0,0,0,0,0,101.16,85,0.734,1,0,0,0,0,0,0,0,0,0,3640,2550,800,800,1090,1400,67,0.535,32,13.44,13.03,0,481.67,0,315,21,12.892,304.64,1,1.719,1.719,0.605,2.363,2.598,0.02,0,,,,299,0,0,0,0,0,0,0,0,0,0,6,0,0,7000,7000,19,257,1429,299,178,315,254,315,290,0,39321,584,420,691,593,615,494,26222,39321
37.837,51,3663,21,84,54,13.38,13.38,1.0,1,0,0,0,23,258,7.264,22,314,476.83,0,0,0,0,0,0,1,0,1,0,0,0,0,0,0,101.16,85,0.727,1,0,0,0,0,0,0,0,0,0,3680,2550,800,800,1090,1400,67,0.531,32,13.44,13.03,0,476.83,0,314,21,12.892,304.64,1,1.68,1.68,0.605,2.363,2.578,0.02,0,,,,246,0,0,0,0,0,0,0,0,0,0,6,0,0,7000,7000,19,257,1429,313,213,294,256,313,246,0,39321,593,434,695,603,629,513,26222,39321
37.897,50,3695,21,84,54,13.38,13.38,1.0,1,0,0,0,23,258,7.304,22,321,482,0,0,0,0,0,0,1,0,1,0,0,0,0,0,0,101.38,85,0.734,1,0,0,0,0,0,0,0,0,0,3680,2550,800,800,1090,1400,67,0.535,32,13.44,12.86,0,482,0,321,21,12.892,304.64,1,1.621,1.621,0.605,2.363,2.52,0.02,0,,,,313,0,0,0,0,0,0,0,0,0,0,6,0,0,7000,7000,19,257,1429,241,226,296,252,313,260,0,39321,593,448,698,608,643,520,26222,39321
37.957,50,3723,21,84,54,13.38,13.19,0.986,1,0,0,0,23.5,258,7.376,22,326,487.17,0,0,0,0,0,0,1,0,1,0,0,0,0,0,0,100.26,84,0.75,1,0,0,0,0,0,0,0,0,0,3720,2550,800,800,1090,1400,67,0.535,32.5,13.44,12.81,0,487.17,0,326,21,12.892,304.64,1,1.641,1.641,0.605,2.363,2.52,0.02,0,,,,255,0,0,0,0,0,0,0,0,0,0,6,0,0,7000,7000,19,257,1429,219,218,282,255,313,210,0,39321,589,465,691,605,650,515,26222,39321
38.017,50,3750,21,84,54,13.38,12.97,0.969,1,0,0,0,23.5,252,7.472,23,332,492.17,0,0,0,0,0,0,1,0,1,0,0,0,0,0,0,100.26,84,0.758,1,0,0,0,0,0,0,0,0,0,3760,2550,800,800,1090,1400,67,0.539,32.5,13.44,12.81,0,492.17,0,332,21,12.892,304.64,1,1.66,1.66,0.605,2.363,2.52,0.02,0,,,,307,0,0,0,0,0,0,0,0,0,0,6,0,0,7000,7000,19,257,1429,267,189,307,257,313,212,0,39321,593,460,698,605,662,515,26222,39321
38.077,49,3787,21,84,52,13.32,12.79,0.96,1,0,0,0,23.5,252,7.496,23,337,493.83,0,0,0,0,0,0,1,0,1,0,0,0,0,0,0,100.71,85,0.758,1,0,0,0,0,0,0,0,0,0,3800,2550,800,800,1090,1400,67,0.539,32.5,13.38,12.58,0,493.83,0,337,21,12.892,304.64,1,1.641,1.641,0.605,2.383,2.5,0.02,0,,,,307,0,0,0,0,0,0,0,0,0,0,6,0,0,7000,7000,19,257,1429,218,180,307,234,307,141,0,39321,581,463,703,596,672,496,26222,39321
38.137,49,3816,21,84,52,13.38,12.79,0.956,1,0,0,0,24,252,7.464,23,339,494,0,0,0,0,0,0,1,0,1,0,0,0,0,0,0,99.58,83,0.766,1,0,0,0,0,0,0,0,0,0,3800,2550,800,800,1090,1400,66,0.543,33,13.44,12.4,0,494,0,339,21,12.892,307.2,1,1.621,1.621,0.605,2.383,2.5,0.02,0,,,,93,0,0,0,0,0,0,0,0,0,0,6,0,0,7000,7000,20,257,1429,177,93,307,258,306,167,0,39321,565,434,705,593,679,479,26222,39321
38.197,49,3858,21,84,52,13.38,12.66,0.946,1,0,0,0,24,252,7.44,23,342,492,0,0,0,0,0,0,1,0,1,0,0,0,0,0,0,99.13,83,0.766,1,0,0,0,0,0,0,0,0,0,3840,2550,800,800,1090,1400,66,0.547,33,13.44,12.35,0,492,0,342,21,12.892,307.2,1,1.699,1.699,0.605,2.383,2.48,0.02,0,,,,154,0,0,0,0,0,0,0,0,0,0,6,0,0,7000,7000,20,257,1429,261,154,297,284,270,113,0,39321,560,427,703,600,674,460,26222,39321
38.257,48,3900,21,84,52,13.38,12.49,0.934,1,0,0,0,24,252,7.464,24,345,492,0,0,0,0,0,0,1,0,1,0,0,0,0,0,0,99.13,83,0.766,1,0,0,0,0,0,0,0,0,0,3920,2550,800,800,1090,1400,66,0.547,33,13.44,12.29,0,492,0,345,21,12.892,307.2,1,1.641,1.641,0.605,2.383,2.461,0.02,0,,,,297,0,0,0,0,0,0,0,0,0,0,6,0,0,7000,7000,20,257,1429,297,216,299,186,299,125,0,39321,565,434,703,581,676,439,26222,39321
38.317,45,3933,21,84,52,13.38,12.38,0.925,1,0,0,0,24,252,7.256,23,338,478.17,0,0,0,0,0,0,1,0,1,0,0,0,0,0,0,98.23,82,0.75,1,0,0,0,0,0,0,0,0,0,3920,2550,800,800,1090,1400,66,0.539,33,13.44,11.94,0,478.17,0,338,21,12.892,307.2,1,1.621,1.621,0.605,2.402,2.363,0.02,0,,,,253,0,0,0,0,0,0,0,0,0,0,6,0,0,7000,7000,20,257,1429,253,288,288,268,288,150,0,39321,560,453,703,586,676,418,26222,39321
38.377,39,3955,21,84,52,13.49,12.38,0.917,1,0,0,0,25,252,6.696,22,312,439.17,0,0,0,0,0,0,0,0,1,0,0,0,0,0,0,94.19,78,0.719,1,0,0,0,0,0,0,0,0,0,3960,2550,800,800,1090,1400,66,0.527,34,13.55,12.06,0,439.17,0,312,21,12.892,312.32,1,1.504,1.504,0.605,2.402,2.109,0.02,0,,,,287,0,0,0,0,0,0,0,0,0,0,6,0,0,7000,7000,21,257,1429,287,243,288,172,287,141,0,39321,574,456,703,560,676,408,26222,39321
38.437,33,3955,21,84,52,13.61,12.26,0.901,1,0,0,0,25,258,5.944,19,275,386.83,0,0,0,0,0,0,0,0,1,0,0,0,0,0,0,89.69,73,0.664,1,0,0,0,0,0,0,0,0,0,3960,2550,800,800,1090,1400,67,0.5,34,13.67,11.89,0,386.83,0,275,21,12.892,314.88,1,1.406,1.406,0.605,2.402,1.914,0.02,0,,,,258,0,0,0,0,0,0,0,0,0,0,6,0,0,7000,7000,21,257,1429,258,151,291,226,294,144,0,39321,579,456,700,555,676,403,26222,39321
38.497,30,3961,21,84,52,13.78,12.19,0.884,1,0,0,0,25.5,258,5.4,17,250,351,0,0,0,0,0,0,0,0,1,0,0,0,0,0,0,85.42,68,0.633,1,0,0,0,0,0,0,0,0,0,3960,2550,800,800,1090,1400,67,0.484,34.5,13.84,11.89,0,351,0,250,21,12.892,320,1,1.309,1.309,0.605,2.402,1.797,0.02,0,,,,302,0,0,0,0,0,0,0,0,0,0,6,0,0,7000,7000,22,257,1429,302,226,300,210,302,139,0,39321,596,465,703,553,681,394,26222,39321
38.557,30,3987,21,84,52,13.84,12.19,0.881,1,0,0,0,25.5,258,5.248,17,244,340.33,0,0,0,0,0,0,0,0,1,0,0,0,0,0,0,82.95,66,0.633,1,0,0,0,0,0,0,0,0,0,4000,2550,800,800,1090,1400,67,0.488,34.5,13.9,11.77,0,340.33,0,244,21,12.892,322.56,1,1.289,1.289,0.605,2.402,1.777,0.02,0,,,,271,0,0,0,0,0,0,0,0,0,0,6,0,0,7000,7000,23,257,1429,271,237,273,232,271,141,0,39321,605,470,703,551,681,391,26222,39321
38.617,29,4022,21,84,52,13.84,12.19,0.881,1,0,0,0,26,264,5.088,17,239,329.67,0,0,0,0,0,0,0,0,1,0,0,0,0,0,0,81.37,64,0.625,1,0,0,0,0,0,0,0,0,0,4040,2550,800,800,1090,1400,67,0.484,35,13.9,11.77,0,329.67,0,239,21,12.892,325.12,1,1.25,1.25,0.605,2.402,1.738,0.02,0,,,,250,0,0,0,0,0,0,0,0,0,0,4,0,0,7000,7000,23,257,1429,250,182,276,227,267,118,0,39321,608,463,698,541,676,380,26222,39321
38.677,26,4045,21,84,52,13.9,12.26,0.882,1,0,0,0,26.5,264,4.76,16,222,304.83,0,0,0,0,0,0,0,0,1,0,0,0,0,0,0,79.13,62,0.594,1,0,0,0,0,0,0,0,0,0,4040,2550,800,800,1090,1400,68,0.461,35.5,13.95,11.83,0,304.83,0,222,21,12.892,327.68,1,1.191,1.191,0.605,2.422,1.66,0.02,0,,,,261,0,0,0,0,0,0,0,0,0,0,4,0,0,7000,7000,24,257,1429,261,217,274,227,168,127,0,39321,608,460,693,543,655,370,26222,39321
38.737,25,4051,21,84,52,13.9,12.38,0.891,1,0,0,0,27,264,4.536,15,211,289.17,0,0,0,0,0,0,0,0,1,0,0,0,0,0,0,76.2,59,0.586,1,0,0,0,0,0,0,0,0,0,4040,2550,800,800,1090,1400,68,0.449,36,13.95,11.77,0,289.17,0,211,21,12.892,330.24,1,1.113,1.113,0.605,2.422,1.602,0.02,0,,,,246,0,0,0,0,0,0,0,0,0,0,4,0,0,7000,7000,24,257,1429,246,185,276,214,166,160,0,39321,596,470,681,541,638,370,26222,39321
38.797,24,4055,21,84,52,13.95,12.38,0.887,1,0,0,0,28,264,4.352,14,201,276,0,0,0,0,0,0,0,0,1,0,0,0,0,0,0,73.73,56,0.578,1,0,0,0,0,0,0,0,0,0,4040,2550,800,800,1090,1400,68,0.445,37,14.01,11.94,0,276,0,201,21,12.892,332.8,1,1.055,1.055,0.605,2.422,1.563,0.02,0,,,,250,0,0,0,0,0,0,0,0,0,0,4,0,0,7000,7000,25,257,1429,250,135,277,216,277,115,0,39321,598,472,679,532,636,363,26222,39321
38.856,24,4078,21,84,52,13.95,12.51,0.897,1,0,0,0,28,264,4.264,14,198,269.5,0,0,0,0,0,0,0,0,1,0,0,0,0,0,0,71.93,54,0.578,1,0,0,0,0,0,0,0,0,0,4080,2550,800,800,1090,1400,68,0.445,37,14.01,12.12,0,269.5,0,198,21,12.892,332.8,1,1.055,1.055,0.605,2.422,1.563,0.02,0,,,,241,0,0,0,0,0,0,0,0,0,0,4,0,0,7000,7000,25,257,1429,241,147,278,205,259,143,0,39321,598,458,679,529,638,363,26222,39321
38.916,24,4105,21,84,52,13.9,12.66,0.911,1,0,0,0,28.5,264,4.224,14,197,266.33,0,0,0,0,0,0,0,0,1,0,0,0,0,0,0,71.03,53,0.578,1,0,0,0,0,0,0,0,0,0,4120,2550,800,800,1090,1400,68,0.445,37.5,13.95,12.12,0,266.33,0,197,21,12.892,335.36,1,1.016,1.016,0.605,2.422,1.563,0.02,0,,,,241,0,0,0,0,0,0,0,0,0,0,4,0,0,7000,7000,25,257,1429,241,263,278,259,190,120,0,39321,596,479,679,539,617,356,26222,39321
38.977,22,4122,21,84,52,13.95,12.72,0.911,1,0,0,0,29,264,4.032,13,186,251.33,0,0,0,0,0,0,0,0,1,0,0,0,0,0,0,69.68,52,0.555,1,0,0,0,0,0,0,0,0,0,4120,2550,800,800,1090,1400,69,0.43,38,14.01,12.29,0,251.33,0,186,21,12.892,335.36,1,0.996,0.996,0.605,2.422,1.504,0.02,0,,,,203,0,0,0,0,0,0,0,0,0,0,4,0,0,7000,7000,25,257,1429,251,203,256,250,214,132,0,39321,593,477,676,539,612,349,26222,39321
39.037,21,4118,21,84,52,13.95,12.72,0.911,1,0,0,0,29.5,270,3.888,13,178,240.17,0,0,0,0,0,0,0,0,1,0,0,0,0,0,0,67.66,50,0.547,1,0,0,0,0,0,0,0,0,0,4120,2550,800,800,1090,1400,69,0.422,38.5,14.01,12.4,0,240.17,0,178,21,12.892,337.92,1,0.957,0.957,0.605,2.441,1.465,0.02,0,,,,232,0,0,0,0,0,0,0,0,0,0,4,0,0,7000,7000,26,257,1429,249,232,280,242,190,125,0,39321,593,482,676,539,603,346,26222,39321
39.097,20,4105,21,84,52,14.01,12.79,0.913,1,0,0,0,30,270,3.776,12,171,231.67,0,0,0,0,0,0,0,0,1,0,0,0,0,0,0,65.41,47,0.547,1,0,0,0,0,0,0,0,0,0,4120,2550,800,800,1090,1400,69,0.422,39.5,14.07,12.4,0,231.67,0,171,21,12.892,340.48,1,0.898,0.898,0.605,2.441,1.426,0.02,0,,,,284,0,0,0,0,0,0,0,0,0,0,4,0,0,7000,7000,26,257,1429,265,199,284,250,259,129,0,39321,600,482,669,539,596,337,26222,39321
39.156,20,4111,21,84,52,14.01,12.82,0.915,1,0,0,0,31,270,3.664,12,166,224.5,0,0,0,0,0,0,0,0,1,0,0,0,0,0,0,64.29,46,0.539,1,0,0,0,0,0,0,0,0,0,4120,2550,800,800,1090,1400,69,0.41,40,14.07,12.46,0,224.5,0,166,21,12.892,340.48,1,0.879,0.879,0.605,2.441,1.426,0.02,0,,,,284,0,0,0,0,0,0,0,0,0,0,4,0,0,7000,7000,26,257,1429,283,207,284,149,284,130,0,39321,608,479,669,520,605,332,26222,39321
39.216,20,4135,21,84,52,14.01,12.85,0.917,1,0,0,0,31.5,270,3.64,12,165,222.17,0,0,0,0,0,0,0,0,1,0,0,0,0,0,0,63.61,45,0.539,1,0,0,0,0,0,0,0,0,0,4120,2550,800,800,1090,1400,69,0.41,40.5,14.07,12.52,0,222.17,0,165,21,12.892,343.04,1,0.879,0.879,0.605,2.441,1.426,0.02,0,,,,284,0,0,0,0,0,0,0,0,0,0,4,0,0,7000,7000,27,257,1429,284,183,284,201,284,100,0,39321,615,479,669,520,610,330,26222,39321
39.277,20,4152,21,84,52,13.95,12.85,0.921,1,0,0,0,31.5,270,3.624,12,165,220.5,0,0,0,0,0,0,0,0,1,0,0,0,0,0,0,63.17,45,0.539,1,0,0,0,0,0,0,0,0,0,4160,2550,800,800,1090,1400,69,0.41,40.5,14.01,12.52,0,220.5,0,165,21,12.892,343.04,1,0.84,0.84,0.605,2.441,1.426,0.02,0,,,,181,0,0,0,0,0,0,0,0,0,0,4,0,0,7000,7000,27,257,1429,221,287,286,181,286,131,0,39321,605,482,669,496,608,325,26222,39321
39.337,20,4163,21,84,52,13.95,12.88,0.923,1,0,0,0,31.5,270,3.608,12,164,219.17,0,0,0,0,0,0,0,0,1,0,0,0,0,0,0,62.72,45,0.539,1,0,0,0,0,0,0,0,0,0,4160,2550,800,800,1090,1400,69,0.41,40.5,14.01,12.58,0,219.17,0,164,21,12.892,343.04,1,0.879,0.879,0.605,2.441,1.426,0.02,0,,,,205,0,0,0,0,0,0,0,0,0,0,4,0,0,7000,7000,27,257,1429,287,251,250,205,262,166,0,39321,610,496,655,491,610,334,26222,39321
39.396,20,4163,21,84,51,13.95,12.88,0.923,1,0,0,0,31.5,270,3.624,12,165,220.17,0,0,0,0,0,0,0,0,1,0,0,0,0,0,0,63.17,45,0.539,1,0,0,0,0,0,0,0,0,0,4160,2550,800,800,1090,1400,69,0.41,40.5,14.01,12.58,0,220.17,0,165,21,12.892,343.04,1,0.84,0.84,0.605,2.441,1.406,0.02,0,,,,187,0,0,0,0,0,0,0,0,0,0,4,0,0,7000,7000,27,257,1429,277,287,168,164,187,104,0,39321,617,515,638,479,600,325,26222,39321
39.456,19,4166,21,84,51,13.95,12.88,0.923,1,0,0,0,32,270,3.544,12,161,214,0,0,0,0,0,0,0,0,1,0,0,0,0,0,0,62.27,44,0.531,1,0,0,0,0,0,0,0,0,0,4160,2550,800,800,1090,1400,69,0.402,41,14.01,12.52,0,214,0,161,21,12.892,343.04,1,0.801,0.801,0.605,2.441,1.387,0.02,0,,,,260,0,0,0,0,0,0,0,0,0,0,4,0,0,7000,7000,27,257,1429,287,287,287,159,260,146,0,39321,619,534,643,463,608,330,26222,39321
39.516,19,4170,21,84,51,13.95,12.88,0.923,1,0,0,0,32.5,270,3.512,12,159,212,0,0,0,0,0,0,0,0,1,0,0,0,0,0,0,61.59,43,0.531,1,0,0,0,0,0,0,0,0,0,4160,2550,800,800,1090,1400,69,0.402,41.5,14.01,12.58,0,212,0,159,21,12.965,343.04,1,0.879,0.879,0.605,2.441,1.387,0.02,0,,,,115,0,0,0,0,0,0,0,0,0,0,4,0,0,7000,7000,27,257,1429,252,254,289,230,260,115,0,39321,624,541,648,470,600,332,26222,39321
39.576,18,4180,21,84,51,13.95,12.88,0.923,1,0,0,0,33,270,3.408,11,154,204.5,0,0,0,0,0,0,0,0,1,0,0,0,0,0,0,60.24,42,0.523,1,0,0,0,0,0,0,0,0,0,4200,2550,800,800,1090,1400,69,0.395,42,14.01,12.58,0,204.5,0,154,21,12.965,345.6,1,0.781,0.781,0.605,2.461,1.367,0.02,0,,,,129,0,0,0,0,0,0,0,0,0,0,4,0,0,7000,7000,27,257,1429,250,276,247,181,289,129,0,39321,617,543,643,463,610,332,26222,39321
39.636,18,4180,21,84,51,13.95,12.88,0.923,1,0,0,0,33,270,3.392,11,153,203.17,0,0,0,0,0,0,0,0,1,0,0,0,0,0,0,60.02,42,0.523,1,0,0,0,0,0,0,0,0,0,4200,2550,800,800,1090,1400,69,0.395,42,14.01,12.52,0,203.17,0,153,21,12.965,345.6,1,0.781,0.781,0.605,2.461,1.348,0.02,0,,,,241,0,0,0,0,0,0,0,0,0,0,4,0,0,7000,7000,27,257,1429,241,169,289,247,290,115,0,39321,600,529,648,465,617,327,26222,39321
39.696,17,4187,21,84,51,13.95,12.88,0.923,1,0,0,0,33.5,270,3.336,11,150,198.83,0,0,0,0,0,0,0,0,1,0,0,0,0,0,0,59.57,41,0.516,1,0,0,0,0,0,0,0,0,0,4200,2550,800,800,1090,1400,70,0.387,42.5,14.01,12.52,0,198.83,0,150,21,12.965,345.6,1,0.762,0.762,0.605,2.461,1.328,0.02,0,,,,212,0,0,0,0,0,0,0,0,0,0,4,0,0,7000,7000,27,257,1429,212,259,289,192,290,122,0,39321,589,541,653,460,624,325,26222,39321
39.756,17,4187,21,84,51,13.95,12.85,0.921,1,0,0,0,34.5,270,3.248,11,145,192.33,0,0,0,0,0,0,0,0,1,0,0,0,0,0,0,57.55,39,0.516,1,0,0,0,0,0,0,0,0,0,4200,2550,800,800,1090,1400,70,0.387,43.5,14.01,12.4,0,192.33,0,145,21,12.965,348.16,1,0.742,0.742,0.605,2.461,1.309,0.02,0,,,,214,0,0,0,0,0,0,0,0,0,0,4,0,0,7000,7000,28,257,1429,292,214,298,179,298,156,0,39321,598,534,662,451,634,327,26222,39321
39.816,17,4187,21,84,51,13.95,12.82,0.919,1,0,0,0,34.5,270,3.224,11,143,190,0,0,0,0,0,0,0,0,1,0,0,0,0,0,0,56.87,38,0.516,1,0,0,0,0,0,0,0,0,0,4200,2550,800,800,1090,1400,70,0.387,43.5,14.01,12.46,0,190,0,143,21,12.965,348.16,1,0.723,0.723,0.605,2.461,1.309,0.02,0,,,,298,0,0,0,0,0,0,0,0,0,0,4,0,0,7000,7000,28,257,1429,183,298,297,190,298,139,0,39321,574,548,667,453,643,327,26222,39321
39.876,17,4187,21,84,51,13.95,12.77,0.915,1,0,0,0,35,270,3.224,11,143,190,0,0,0,0,0,0,0,0,1,0,0,0,0,0,0,56.87,38,0.516,1,0,0,0,0,0,0,0,0,0,4200,2550,800,800,1090,1400,70,0.387,44,14.01,12.29,0,190,0,143,21,12.965,348.16,1,0.703,0.703,0.605,2.461,1.309,0.02,0,,,,297,0,0,0,0,0,0,0,0,0,0,4,0,0,7000,7000,28,257,1429,243,228,297,262,297,147,0,39321,572,543,674,460,643,327,26222,39321
39.936,16,4205,21,84,51,13.95,12.77,0.915,1,0,0,0,35,270,3.192,11,142,187.83,0,0,0,0,0,0,0,0,1,0,0,0,0,0,0,56.2,38,0.516,1,0,0,0,0,0,0,0,0,0,4200,2550,800,800,1090,1400,70,0.379,44,14.01,12.35,0,187.83,0,142,21,12.965,350.72,1,0.703,0.703,0.605,2.461,1.27,0.02,0,,,,241,0,0,0,0,0,0,0,0,0,0,4,0,0,7000,7000,28,257,1429,234,213,309,241,266,132,0,39321,577,541,676,465,638,325,26222,39321
39.996,14,4205,21,84,51,13.95,12.69,0.909,1,0,0,0,36.5,270,3.088,10,136,179.5,0,0,0,0,0,0,0,0,1,0,0,0,0,0,0,53.72,35,0.516,1,0,0,0,0,0,0,0,0,0,4200,2550,800,800,1090,1400,71,0.363,45.5,14.01,12.35,0,179.5,0,136,21,12.965,353.28,1,0.684,0.684,0.605,2.461,1.191,0.02,0,,,,204,0,0,0,0,0,0,0,0,0,0,4,0,0,7000,7000,29,257,1429,247,262,331,204,320,135,0,39321,577,543,688,470,653,325,26222,39321
40.056,13,4170,21,84,51,14.01,12.57,0.897,1,0,0,0,37.5,270,2.936,10,127,168.67,0,0,0,0,0,0,0,0,1,0,0,0,0,0,0,52.15,33,0.5,1,0,0,0,0,0,0,0,0,0,4160,2550,800,800,1090,1400,71,0.352,46.5,14.07,12.35,0,168.67,0,127,21,12.965,353.28,1,0.625,0.625,0.605,2.461,1.152,0.02,0,,,,331,0,0,0,0,0,0,0,0,0,0,4,0,0,7000,7000,29,257,1429,331,262,331,193,331,181,0,39321,600,553,700,482,669,339,26222,39321
40.116,12,4135,21,84,51,14.01,12.38,0.883,1,0,0,0,38,276,2.832,9,119,160.5,0,0,0,0,0,0,0,0,1,0,0,0,0,0,0,50.35,31,0.492,1,0,0,0,0,0,0,0,0,0,4120,2550,800,800,1090,1400,71,0.344,47,14.07,12.17,0,160.5,0,119,21,12.965,355.84,1,0.547,0.547,0.605,2.461,1.133,0.02,0,,,,326,0,0,0,0,0,0,0,0,0,0,4,0,0,7000,7000,29,257,1429,273,274,284,319,326,187,0,39321,608,572,698,498,684,356,26222,39321
40.176,12,4118,21,84,51,14.01,12.38,0.883,1,0,0,0,38,276,2.792,9,117,157.67,0,0,0,0,0,0,0,0,1,0,0,0,0,0,0,49.45,30,0.492,1,0,0,0,0,0,0,0,0,0,4120,2550,800,800,1090,1400,71,0.344,47,14.07,12.06,0,157.67,0,117,21,12.965,355.84,1,0.566,0.566,0.605,2.48,1.133,0.02,0,,,,269,0,0,0,0,0,0,0,0,0,0,4,0,0,7000,7000,29,257,1429,280,248,325,262,267,269,0,39321,610,579,705,515,686,387,26222,39321
40.236,12,4105,21,84,51,14.01,12.1,0.863,1,0,0,0,38,276,2.792,9,117,157.67,0,0,0,0,0,0,0,0,1,0,0,0,0,0,0,49.45,30,0.492,1,0,0,0,0,0,0,0,0,0,4120,2550,800,800,1090,1400,71,0.344,47,14.07,11.94,0,157.67,0,117,21,12.965,355.84,1,0.586,0.586,0.605,2.48,1.133,0.02,0,,,,169,0,0,0,0,0,0,0,0,0,0,4,0,0,7000,7000,29,257,1429,277,207,324,199,269,169,0,39321,605,570,712,515,688,391,26222,39321
40.296,12,4145,21,84,51,14.01,11.91,0.85,1,0,0,0,38,276,2.792,9,118,157.67,0,0,0,0,0,0,0,0,1,0,0,0,0,0,0,49.45,30,0.492,1,0,0,0,0,0,0,0,0,0,4160,2550,800,800,1090,1400,71,0.344,47,14.07,11.89,0,157.67,0,118,21,12.965,355.84,1,0.547,0.547,0.605,2.48,1.133,0.02,0,,,,148,0,0,0,0,0,0,0,0,0,0,4,0,0,7000,7000,29,257,1429,249,293,326,194,325,148,0,39321,615,574,710,508,695,391,26222,39321
40.356,12,4222,21,84,51,14.01,11.91,0.85,1,0,0,0,38,276,2.776,9,119,156.17,0,0,0,0,0,0,0,0,1,0,0,0,0,0,0,49,30,0.492,1,0,0,0,0,0,0,0,0,0,4200,2550,800,800,1090,1400,71,0.344,47,14.07,11.66,0,156.17,0,119,21,12.965,355.84,1,0.547,0.547,0.605,2.48,1.133,0.02,0,,,,329,0,0,0,0,0,0,0,0,0,0,4,0,0,7000,7000,29,257,1429,329,199,324,258,329,184,0,39321,608,567,710,520,710,396,26222,39321
40.416,11,4219,21,84,51,14.01,11.72,0.836,1,0,0,0,38,276,2.728,9,116,152.5,0,0,0,0,0,0,0,0,0,0,0,0,0,0,0,48.55,30,0.484,1,0,0,0,0,0,0,0,0,0,4200,2550,800,800,1090,1400,71,0.336,47,14.07,11.48,0,150.33,0,114,21,12.965,358.4,1,0.508,0.508,0.605,2.48,1.094,0.02,0,,,,255,0,0,0,0,0,0,0,0,0,0,4,0,0,7000,7000,30,257,1429,265,255,328,253,329,179,0,39321,605,570,717,517,719,403,26222,39321
40.476,10,4180,21,84,51,14.01,11.6,0.828,1,0,0,0,38.5,276,2.648,9,110,146.5,0,0,0,0,0,0,0,0,0,0,0,0,0,0,0,47.43,28,0.477,1,0,0,0,0,0,0,0,0,0,4200,2550,800,800,1090,1400,72,0.328,47.5,14.07,11.43,0,146.5,0,110,21,12.965,358.4,1,0.527,0.527,0.605,2.48,1.055,0.02,0,,,,215,0,0,0,0,0,0,0,0,0,0,4,0,0,7000,7000,30,257,1429,324,215,329,187,326,136,0,39321,610,574,726,520,724,399,26222,39321
40.536,10,4105,21,84,51,14.07,11.54,0.82,1,0,0,0,38.5,276,2.608,8,107,144.5,0,0,0,0,0,0,0,0,0,0,0,0,0,0,0,46.75,28,0.477,1,0,0,0,0,0,0,0,0,0,4120,2550,800,800,1090,1400,72,0.328,47.5,14.13,11.37,0,144.5,0,107,21,12.965,358.4,1,0.508,0.508,0.605,2.48,1.035,0.02,0,,,,225,0,0,0,0,0,0,0,0,0,0,4,0,0,7000,7000,30,257,1429,264,225,329,255,324,323,0,39321,612,577,733,515,731,422,26222,39321
40.596,10,4051,21,84,51,14.13,11.54,0.817,1,0,0,0,38.5,276,2.664,8,108,148.33,0,0,0,0,0,0,0,0,0,0,0,0,0,0,0,48.1,29,0.477,1,0,0,0,0,0,0,0,0,0,4040,2550,800,800,1090,1400,72,0.328,47.5,14.18,11.25,0,148.33,0,108,21,12.965,358.4,1,0.547,0.547,0.605,2.48,1.035,0.02,0,,,,328,0,0,0,0,0,0,0,0,0,0,4,0,0,7000,7000,30,257,1429,324,303,328,224,329,209,0,39321,622,577,743,515,736,420,26222,39321
40.656,10,4045,21,84,50,14.13,11.54,0.817,1,0,0,0,38.5,276,2.664,8,108,148.5,0,0,0,0,0,0,0,0,0,0,0,0,0,0,0,48.1,29,0.477,1,0,0,0,0,0,0,0,0,0,4040,2550,800,800,1090,1400,72,0.328,47.5,14.18,11.25,0,148.5,0,108,21,12.965,358.4,1,0.508,0.508,0.605,2.48,1.035,0.02,0,,,,330,0,0,0,0,0,0,0,0,0,0,4,0,0,7000,7000,30,257,1429,295,243,330,282,330,192,0,39321,634,577,748,536,741,427,26222,39321
40.716,10,4105,21,84,50,14.01,11.66,0.832,1,0,0,0,38,276,2.68,9,111,149.83,0,0,0,0,0,0,0,0,0,0,0,0,0,0,0,48.55,30,0.477,1,0,0,0,0,0,0,0,0,0,4120,2550,800,800,1090,1400,72,0.328,47,14.07,11.2,0,149.83,0,111,21,12.965,358.4,1,0.508,0.508,0.605,2.48,1.055,0.02,0,,,,300,0,0,0,0,0,0,0,0,0,0,4,0,0,7000,7000,30,257,1429,324,258,300,280,328,152,0,39321,646,586,748,548,745,420,26222,39321
40.776,10,4132,21,84,50,14.01,11.76,0.839,1,0,0,0,38,276,2.696,9,112,150.33,0,0,0,0,0,0,0,0,0,0,0,0,0,0,0,48.78,30,0.477,1,0,0,0,0,0,0,0,0,0,4120,2550,800,800,1090,1400,72,0.328,47,14.07,11.37,0,150.33,0,112,21,12.965,355.84,1,0.547,0.547,0.605,2.48,1.055,0.02,0,,,,324,0,0,0,0,0,0,0,0,0,0,4,0,0,7000,7000,29,257,1429,265,243,324,239,324,167,0,39321,638,581,750,551,745,422,26222,39321
40.836,10,4098,21,84,50,14.01,11.76,0.839,1,0,0,0,38,276,2.704,9,111,150.83,0,0,0,0,0,0,0,0,0,0,0,0,0,0,0,48.78,30,0.477,1,0,0,0,0,0,0,0,0,0,4120,2550,800,800,1090,1400,72,0.328,47,14.07,11.43,0,150.83,0,111,21,12.965,355.84,1,0.586,0.586,0.605,2.48,1.055,0.02,0,,,,190,0,0,0,0,0,0,0,0,0,0,4,0,0,7000,7000,29,257,1429,200,247,324,190,324,180,0,39321,629,570,752,541,745,425,26222,39321
40.896,10,4065,21,84,50,14.07,11.91,0.846,1,0,0,0,38.5,276,2.672,9,109,148.67,0,0,0,0,0,0,0,0,0,0,0,0,0,0,0,48.1,29,0.477,1,0,0,0,0,0,0,0,0,0,4080,2550,800,800,1090,1400,72,0.328,47.5,14.13,11.48,0,148.67,0,109,21,12.965,358.4,1,0.625,0.625,0.605,2.48,1.035,0.02,0,,,,255,0,0,0,0,0,0,0,0,0,0,4,0,0,7000,7000,30,257,1429,328,219,329,255,256,200,0,39321,643,570,755,546,738,420,26222,39321
40.956,10,4038,21,84,50,14.13,12.04,0.852,1,0,0,0,38.5,276,2.68,9,109,149.33,0,0,0,0,0,0,0,0,0,0,0,0,0,0,0,48.33,29,0.477,1,0,0,0,0,0,0,0,0,0,4040,2550,800,800,1090,1400,72,0.328,47.5,14.18,11.48,0,149.33,0,109,21,12.965,358.4,1,0.566,0.566,0.605,2.48,1.035,0.02,0,,,,307,0,0,0,0,0,0,0,0,0,0,4,0,0,7000,7000,30,257,1429,330,263,332,307,324,152,0,39321,655,574,757,558,743,408,26222,39321
41.016,10,4048,21,84,50,14.13,12.07,0.854,1,0,0,0,38.5,276,2.672,8,108,148.67,0,0,0,0,0,0,0,0,0,0,0,0,0,0,0,48.1,29,0.477,1,0,0,0,0,0,0,0,0,0,4040,2550,800,800,1090,1400,72,0.328,47.5,14.18,11.6,0,148.67,0,108,21,12.965,358.4,1,0.527,0.527,0.605,2.48,1.035,0.02,0,,,,224,0,0,0,0,0,0,0,0,0,0,4,0,0,7000,7000,30,257,1429,285,234,321,224,332,129,0,39321,657,577,760,560,748,406,26222,39321
41.076,10,4055,21,84,50,14.13,12.07,0.854,1,0,0,0,38.5,276,2.672,9,109,148.67,0,0,0,0,0,0,0,0,0,0,0,0,0,0,0,48.1,29,0.477,1,0,0,0,0,0,0,0,0,0,4040,2550,800,800,1090,1400,72,0.328,47.5,14.18,11.6,0,148.67,0,109,21,12.965,358.4,1,0.527,0.527,0.605,2.48,1.035,0.02,0,,,,261,0,0,0,0,0,0,0,0,0,0,4,0,0,7000,7000,30,257,1429,264,237,332,261,330,171,0,39321,653,581,762,567,748,399,26222,39321
41.136,8,4045,21,84,50,14.13,12.1,0.856,1,0,0,0,38.5,276,2.608,8,105,144.5,0,0,0,0,0,0,0,0,0,0,0,0,0,0,0,48.55,30,0.461,1,0,0,0,0,0,0,0,0,0,4040,2550,800,800,1090,1400,72,0.316,47.5,14.18,11.66,0,144.5,0,105,21,12.965,358.4,1,0.527,0.527,0.605,2.48,0.977,0.02,0,,,,303,0,0,0,0,0,0,0,0,0,0,4,0,0,7000,7000,30,257,1429,232,241,340,270,303,195,0,39321,646,581,767,567,745,408,26222,39321
41.196,6,4025,21,84,50,14.13,12.13,0.859,1,0,0,0,38.5,276,2.448,8,96,132.5,0,0,0,0,0,0,0,0,0,0,0,0,0,0,0,46.08,27,0.445,1,0,0,0,0,0,0,0,0,0,4040,2550,800,800,1090,1400,72,0.305,47.5,14.18,11.66,0,132.5,0,96,21,12.965,358.4,1,0.508,0.508,0.605,2.48,0.918,0.02,0,,,,340,0,0,0,0,0,0,0,0,0,0,4,0,0,7000,7000,30,257,1429,319,270,340,222,340,194,0,39321,662,574,771,577,752,408,26222,39321
41.256,6,3993,21,84,50,14.13,12.13,0.859,1,0,0,0,38.5,276,2.432,8,94,131.17,0,0,0,0,0,0,0,0,0,0,0,0,0,0,0,45.63,27,0.445,1,0,0,0,0,0,0,0,0,0,4000,2550,800,800,1090,1400,72,0.305,47.5,14.18,11.71,0,131.17,0,94,21,12.965,360.96,1,0.488,0.488,0.605,2.48,0.898,0.02,0,,,,343,0,0,0,0,0,0,0,0,0,0,6,0,0,7000,7000,30,257,1429,294,286,343,343,343,202,0,39321,667,584,776,589,760,408,26222,39321
41.316,6,3977,21,84,50,14.18,12.13,0.855,1,0,0,0,39,276,2.416,7,93,130.5,0,0,0,0,0,0,0,0,0,0,0,0,0,0,0,45.41,26,0.445,1,0,0,0,0,0,0,0,0,0,3960,2550,800,800,1090,1400,72,0.301,48,14.24,11.83,0,130.5,0,93,21,12.965,360.96,1,0.469,0.469,0.605,2.48,0.898,0.02,0,,,,343,0,0,0,0,0,0,0,0,0,0,6,0,0,7000,7000,30,257,1429,254,325,343,341,343,151,0,39321,660,600,781,617,767,401,26222,39321
41.376,6,3974,21,84,50,14.18,12.01,0.847,1,0,0,0,39,276,2.368,7,90,126.5,0,0,0,0,0,0,0,0,0,0,0,0,0,0,0,43.83,25,0.445,1,0,0,0,0,0,0,0,0,0,3960,2550,800,800,1090,1400,72,0.301,48,14.24,11.77,0,126.5,0,90,21,12.965,360.96,1,0.449,0.449,0.605,2.48,0.898,0.02,0,,,,384,0,0,0,0,0,0,0,0,0,0,6,0,0,7000,7000,30,257,1429,282,287,384,361,384,149,0,39321,667,622,795,650,783,396,26222,39321
41.436,5,3968,21,84,50,14.18,11.91,0.84,1,0,0,0,39,276,2.288,7,86,120.5,0,0,0,0,0,0,0,0,0,0,0,0,0,0,0,44.06,25,0.422,1,0,0,0,0,0,0,0,0,0,3960,2550,800,800,1090,1400,73,0.293,48,14.24,11.71,0,120.5,0,86,21,12.965,360.96,1,0.43,0.43,0.605,2.48,0.879,0.02,0,,,,384,0,0,0,0,0,0,0,0,0,0,6,0,0,7000,7000,30,257,1429,303,308,384,338,384,182,0,39321,684,641,809,672,795,401,26222,39321
41.496,4,3949,21,84,50,14.18,11.91,0.84,1,0,0,0,39.5,276,2.192,7,80,112.67,0,0,0,0,0,0,0,0,0,0,0,0,0,0,0,43.61,24,0.398,1,0,0,0,0,0,0,0,0,0,3960,2550,800,800,1090,1400,73,0.289,48.5,14.24,11.66,0,112.67,0,80,21,12.965,360.96,1,0.41,0.41,0.605,2.48,0.84,0.02,0,,,,383,0,0,0,0,0,0,0,0,0,0,6,0,0,7000,7000,30,257,1429,319,228,384,383,383,168,0,39321,679,646,819,703,802,399,26222,39321
41.556,3,3930,21,84,50,14.24,11.88,0.834,1,0,0,0,39.5,276,2.048,6,72,102.17,0,0,0,0,0,0,0,0,0,0,0,0,0,0,0,42.93,24,0.367,1,0,0,0,0,0,0,0,0,0,3920,2550,800,800,1090,1400,73,0.281,48.5,14.3,11.6,0,102.17,0,72,21,12.965,363.52,1,0.43,0.43,0.605,2.48,0.801,0.02,0,,,,383,0,0,0,0,0,0,0,0,0,0,6,0,0,7000,7000,31,257,1429,301,384,384,383,384,214,0,39321,676,679,828,729,814,410,26222,39321
41.616,3,3927,21,84,50,14.24,12.0,0.842,1,0,0,0,39.5,276,2.04,6,71,101.17,0,0,0,0,0,0,0,0,0,0,0,0,0,0,0,42.48,23,0.367,1,0,0,0,0,0,0,0,0,0,3920,2550,800,800,1090,1400,73,0.281,48.5,14.3,11.6,0,101.17,0,71,21,12.965,363.52,1,0.469,0.469,0.605,2.48,0.801,0.02,0,,,,384,0,0,0,0,0,0,0,0,0,0,6,0,0,7000,7000,31,257,1429,384,383,384,384,383,168,0,39321,691,688,838,752,826,410,26222,39321
41.676,3,3909,21,84,50,14.24,12.19,0.856,1,0,0,0,39.5,276,2.032,6,71,101,0,0,0,0,0,0,0,0,0,0,0,0,0,0,0,42.26,23,0.367,1,0,0,0,0,0,0,0,0,0,3920,2550,800,800,1090,1400,73,0.281,48.5,14.3,11.71,0,100.5,0,71,21,12.965,363.52,1,0.43,0.43,0.605,2.48,0.781,0.02,0,,,,384,0,0,0,0,0,0,0,0,0,0,6,0,0,7000,7000,31,257,1429,384,344,384,384,384,180,0,39321,700,703,847,771,828,418,26222,39321
41.736,3,3888,21,84,50,14.3,12.19,0.852,1,0,0,0,39.5,276,2.04,6,71,101.83,0,0,0,0,0,0,0,0,0,0,0,0,0,0,0,42.93,24,0.367,1,0,0,0,0,0,0,0,0,0,3880,2550,800,800,1090,1400,73,0.281,48.5,14.36,11.94,0,101.83,0,71,21,12.965,363.52,1,0.41,0.41,0.605,2.48,0.781,0.02,0,,,,399,0,0,0,0,0,0,0,0,0,0,6,0,0,7000,7000,31,257,1429,349,368,399,317,383,215,0,39321,719,724,859,771,826,432,26222,39321
41.796,3,3875,21,84,50,14.3,12.38,0.866,1,0,0,0,39.5,276,2.04,6,71,102,0,0,0,0,0,0,0,0,0,0,0,0,0,0,0,42.93,24,0.367,1,0,0,0,0,0,0,0,0,0,3880,2550,800,800,1090,1400,73,0.281,48.5,14.36,12.0,0,102,0,71,21,12.965,363.52,1,0.41,0.41,0.605,2.48,0.781,0.02,0,,,,399,0,0,0,0,0,0,0,0,0,0,6,0,0,7000,7000,31,257,1429,300,324,399,362,399,228,0,39321,722,741,869,779,840,437,26222,39321
41.856,3,3872,21,84,50,14.3,12.97,0.907,1,0,0,0,39.5,276,2.032,6,71,101.17,0,0,0,0,0,0,0,0,0,0,0,0,0,0,0,42.48,23,0.367,1,0,0,0,0,0,0,0,0,0,3880,2550,800,800,1090,1400,73,0.281,48.5,14.36,12.06,0,101.17,0,71,21,12.965,363.52,1,0.43,0.43,0.605,2.48,0.781,0.02,0,,,,399,0,0,0,0,0,0,0,0,0,0,6,0,0,7000,7000,31,257,1429,399,353,399,397,399,307,0,39321,748,738,878,781,855,456,26222,39321
41.916,3,3858,21,84,50,14.3,12.97,0.907,1,0,0,0,39.5,276,2.04,6,70,101.5,0,0,0,0,0,0,0,0,0,0,0,0,0,0,0,42.71,23,0.367,1,0,0,0,0,0,0,0,0,0,3840,2550,800,800,1090,1400,73,0.281,48.5,14.36,12.63,0,101.5,0,70,21,12.965,363.52,1,0.41,0.41,0.605,2.48,0.801,0.02,0,,,,314,0,0,0,0,0,0,0,0,0,0,6,0,0,7000,7000,31,257,1429,373,314,397,309,399,250,0,39321,757,731,881,781,864,479,26222,39321
41.976,3,3837,21,84,50,14.3,13.41,0.938,1,0,0,0,39.5,276,2.04,6,70,102,0,0,0,0,0,0,0,0,0,0,0,0,0,0,0,42.93,24,0.367,1,0,0,0,0,0,0,0,0,0,3840,2550,800,800,1090,1400,73,0.281,48.5,14.36,12.98,0,102,0,70,21,12.965,363.52,1,0.449,0.449,0.605,2.48,0.801,0.02,0,,,,248,0,0,0,0,0,0,0,0,0,0,6,0,0,7000,7000,31,257,1429,296,248,399,322,397,263,0,39321,757,710,888,776,874,491,26222,39321
42.036,3,3819,21,84,50,14.36,13.88,0.967,1,0,0,0,39.5,276,2.04,6,70,102,0,0,0,0,0,0,0,0,0,0,0,0,0,0,0,42.93,24,0.367,1,0,0,0,0,0,0,0,0,0,3800,2550,800,800,1090,1400,73,0.281,48.5,14.41,13.21,0,102,0,70,21,12.965,363.52,1,0.41,0.41,0.605,2.48,0.801,0.02,0,,,,342,0,0,0,0,0,0,0,0,0,0,6,0,0,7000,7000,31,257,1429,342,243,399,257,399,202,0,39321,769,703,893,757,883,491,26222,39321
42.096,3,3808,21,84,50,14.36,13.88,0.967,1,0,0,0,39.5,276,2.032,6,70,101.5,0,0,0,0,0,0,0,0,0,0,0,0,0,0,0,42.71,23,0.367,1,0,0,0,0,0,0,0,0,0,3800,2550,800,800,1090,1400,73,0.281,48.5,14.41,13.38,0,101.5,0,70,21,12.965,363.52,1,0.41,0.41,0.605,2.48,0.801,0.02,0,,,,372,0,0,0,0,0,0,0,0,0,0,6,0,0,7000,7000,31,257,1429,372,304,410,281,410,219,0,39321,776,691,900,738,895,494,26222,39321
42.156,3,3793,21,84,50,14.36,13.88,0.967,1,0,0,0,39.5,276,2.032,6,69,101.5,0,0,0,0,0,0,0,0,0,0,0,0,0,0,0,42.71,23,0.367,1,0,0,0,0,0,0,0,0,0,3800,2550,800,800,1090,1400,73,0.281,48.5,14.41,13.38,0,101.5,0,69,21,12.965,363.52,1,0.43,0.43,0.605,2.48,0.801,0.02,0,,,,242,0,0,0,0,0,0,0,0,0,0,6,0,0,7000,7000,31,257,1429,306,224,410,310,408,242,0,39321,774,674,909,738,902,503,26222,39321
42.216,3,3776,21,84,50,14.41,13.76,0.955,1,0,0,0,39.5,276,2.048,6,70,103,0,0,0,0,0,0,0,0,0,0,0,0,0,0,0,43.38,24,0.367,1,0,0,0,0,0,0,0,0,0,3760,2550,800,800,1090,1400,73,0.281,48.5,14.47,13.32,0,103,0,70,21,12.965,363.52,1,0.41,0.41,0.605,2.48,0.801,0.02,0,,,,410,0,0,0,0,0,0,0,0,0,0,6,0,0,7000,7000,31,257,1429,380,234,410,304,410,234,0,39321,795,660,916,738,909,508,26222,39321
42.276,3,3773,21,84,50,14.41,13.57,0.941,1,0,0,0,39.5,276,2.128,6,74,109.67,0,0,0,0,0,0,0,0,0,0,0,0,0,0,0,42.93,24,0.398,1,0,0,0,0,0,0,0,0,0,3760,2550,800,800,1090,1400,73,0.289,48.5,14.47,13.32,0,109.67,0,74,21,12.965,363.52,1,0.43,0.43,0.605,2.48,0.801,0.02,0,,,,410,0,0,0,0,0,0,0,0,0,0,6,0,0,7000,7000,31,257,1429,381,291,410,283,410,298,0,39321,800,660,921,731,916,522,26222,39321
42.336,4,3762,21,84,50,14.41,13.32,0.924,1,0,0,0,39.5,276,2.12,6,74,109,0,0,0,0,0,0,0,0,0,0,0,0,0,0,0,42.26,23,0.398,1,0,0,0,0,0,0,0,0,0,3760,2550,800,800,1090,1400,73,0.289,48.5,14.47,13.15,0,109,0,74,21,12.965,363.52,1,0.449,0.449,0.605,2.48,0.82,0.02,0,,,,408,0,0,0,0,0,0,0,0,0,0,6,0,0,7000,7000,31,257,1429,310,281,410,408,408,221,0,39321,795,662,928,757,921,517,26222,39321
42.396,4,3736,21,84,50,14.41,13.32,0.924,1,0,0,0,39.5,276,2.152,6,75,111.33,0,0,0,0,0,0,0,0,0,0,0,0,0,0,0,43.16,24,0.398,1,0,0,0,0,0,0,0,0,0,3720,2550,800,800,1090,1400,73,0.289,48.5,14.47,12.92,0,111.33,0,75,21,12.965,363.52,1,0.41,0.41,0.605,2.48,0.82,0.02,0,,,,410,0,0,0,0,0,0,0,0,0,0,6,0,0,7000,7000,31,257,1429,304,281,410,330,410,274,0,39321,795,660,933,760,928,529,26222,39321
42.456,4,3720,21,84,50,14.41,13.1,0.909,1,0,0,0,39.5,282,2.128,6,73,109.17,0,0,0,0,0,0,0,0,0,0,0,0,0,0,0,43.16,24,0.391,1,0,0,0,0,0,0,0,0,0,3720,2550,800,800,1090,1400,73,0.289,48.5,14.47,12.81,0,109.17,0,73,21,12.965,363.52,1,0.43,0.43,0.605,2.48,0.82,0.02,0,,,,191,0,0,0,0,0,0,0,0,0,0,6,0,0,7000,7000,31,257,1429,380,191,418,384,416,279,0,39321,809,650,935,764,938,548,26222,39321
42.516,4,3711,21,84,50,14.41,13.07,0.907,1,0,0,0,39.5,282,2.12,6,73,109,0,0,0,0,0,0,0,0,0,0,0,0,0,0,0,43.16,24,0.391,1,0,0,0,0,0,0,0,0,0,3720,2550,800,800,1090,1400,73,0.289,48.5,14.47,12.86,0,109,0,73,21,12.965,363.52,1,0.449,0.449,0.605,2.5,0.82,0.02,0,,,,212,0,0,0,0,0,0,0,0,0,0,6,0,0,7000,7000,31,257,1429,403,212,416,297,418,289,0,39321,824,631,942,748,947,577,26222,39321
42.576,4,3700,21,84,50,14.41,13.07,0.907,1,0,0,0,39.5,282,2.128,6,73,109.17,0,0,0,0,0,0,0,0,0,0,0,0,0,0,0,43.16,24,0.391,1,0,0,0,0,0,0,0,0,0,3720,2550,800,800,1090,1400,73,0.289,48.5,14.47,12.81,0,109.17,0,73,21,12.965,363.52,1,0.43,0.43,0.605,2.5,0.82,0.02,0,,,,279,0,0,0,0,0,0,0,0,0,0,6,0,0,7000,7000,31,257,1429,279,233,416,368,416,312,0,39321,817,627,947,748,952,603,26222,39321
42.636,4,3692,21,84,50,14.47,13.07,0.903,1,0,0,0,39.5,282,2.112,6,72,108.67,0,0,0,0,0,0,0,0,0,0,0,0,0,0,0,42.93,24,0.391,1,0,0,0,0,0,0,0,0,0,3680,2550,800,800,1090,1400,73,0.289,48.5,14.53,12.86,0,108.67,0,72,21,12.965,363.52,1,0.449,0.449,0.605,2.5,0.82,0.02,0,,,,258,0,0,0,0,0,0,0,0,0,0,6,0,0,7000,7000,31,257,1429,256,192,418,314,416,258,0,39321,802,612,952,736,957,608,26222,39321
42.696,3,3679,21,84,50,14.47,13.1,0.905,1,0,0,0,39.5,282,2.032,6,68,102.33,0,0,0,0,0,0,0,0,0,0,0,0,0,0,0,43.16,24,0.367,1,0,0,0,0,0,0,0,0,0,3680,2550,800,800,1090,1400,73,0.281,48.5,14.53,12.81,0,102.33,0,68,21,12.965,363.52,1,0.41,0.41,0.605,2.5,0.801,0.02,0,,,,393,0,0,0,0,0,0,0,0,0,0,6,0,0,7000,7000,31,257,1429,343,225,416,281,393,293,0,39321,812,610,957,738,957,612,26222,39321
42.757,3,3660,21,84,50,14.47,13.04,0.901,1,0,0,0,39.5,282,2.024,6,67,101.5,0,0,0,0,0,0,0,0,0,0,0,0,0,0,0,42.71,23,0.367,1,0,0,0,0,0,0,0,0,0,3680,2550,800,800,1090,1400,73,0.281,48.5,14.53,12.86,0,101.5,0,67,21,12.965,363.52,1,0.469,0.469,0.605,2.5,0.801,0.02,0,,,,364,0,0,0,0,0,0,0,0,0,0,6,0,0,7000,7000,31,257,1429,328,158,418,364,418,318,0,39321,819,591,961,743,959,634,26222,39321
42.817,3,3646,21,84,50,14.47,13.04,0.901,1,0,0,0,39.5,282,2,6,66,99.83,0,0,0,0,0,0,0,0,0,0,0,0,0,0,0,42.03,23,0.367,1,0,0,0,0,0,0,0,0,0,3640,2550,800,800,1090,1400,73,0.281,48.5,14.53,12.75,0,99.83,0,66,21,12.965,363.52,1,0.391,0.391,0.605,2.5,0.781,0.02,0,,,,420,0,0,0,0,0,0,0,0,0,0,6,0,0,7000,7000,31,257,1429,368,228,420,362,420,315,0,39321,812,574,964,750,964,655,26222,39321
42.877,2,3639,21,84,50,14.47,12.91,0.892,1,0,0,0,39.5,282,1.904,5,61,92.5,0,0,0,0,0,0,0,0,0,0,0,0,0,0,0,41.58,22,0.344,1,0,0,0,0,0,0,0,0,0,3640,2550,800,800,1090,1400,73,0.277,48.5,14.53,12.63,0,92.5,0,61,21,12.965,363.52,1,0.43,0.43,0.605,2.5,0.742,0.02,0,,,,261,0,0,0,0,0,0,0,0,0,0,6,0,0,7000,7000,31,257,1429,370,261,418,317,251,279,0,39321,828,572,966,760,942,662,26222,39321
42.937,2,3623,21,84,50,14.47,12.76,0.882,1,0,0,0,39.5,282,1.896,5,60,91.67,0,0,0,0,0,0,0,0,0,0,0,0,0,0,0,41.13,22,0.344,1,0,0,0,0,0,0,0,0,0,3640,2550,800,800,1090,1400,73,0.277,48.5,14.53,12.58,0,91.67,0,60,21,12.965,363.52,1,0.391,0.391,0.605,2.5,0.742,0.02,0,,,,286,0,0,0,0,0,0,0,0,0,0,6,0,0,7000,7000,31,257,1429,286,275,420,372,213,273,0,39321,814,577,971,760,902,667,26222,39321
42.997,1,3607,21,84,50,14.53,12.72,0.875,1,0,0,0,38.5,282,1.944,5,62,95.5,0,0,0,0,0,0,0,0,0,0,0,0,0,0,1,41.58,22,0.32,1,0,0,0,0,0,0,0,0,0,3600,2550,800,800,1090,1400,73,0.27,48.5,14.59,12.46,0,95.5,0,62,21,12.965,363.52,1,0.371,0.371,0.605,2.5,0.723,0.02,0,,,,366,0,0,0,0,0,0,0,0,0,0,6,0,0,7000,7000,31,257,1429,335,253,418,300,366,217,0,39321,812,579,976,764,904,657,26222,39321
43.057,1,3597,21,84,50,14.53,12.72,0.875,1,0,0,0,37,282,1.936,5,61,94.67,0,0,0,0,0,0,0,0,0,0,0,0,0,0,1,41.13,22,0.32,1,0,0,0,0,0,0,0,0,0,3600,2550,800,800,1090,1400,73,0.27,48.5,14.59,12.4,0,94.67,0,61,21,12.965,363.52,1,0.371,0.371,0.605,2.5,0.723,0.02,0,,,,379,0,0,0,0,0,0,0,0,0,0,6,0,0,7000,7000,31,257,1429,333,224,418,379,412,323,0,39321,807,577,976,769,909,665,26222,39321
43.117,1,3576,21,84,50,14.59,12.82,0.879,1,0,0,0,35.5,282,1.936,5,61,94.67,0,0,0,0,0,0,0,0,0,0,0,0,0,0,1,41.13,22,0.32,1,0,0,0,0,0,0,0,0,0,3560,2550,800,800,1090,1400,73,0.27,48.5,14.64,12.46,0,94.67,0,61,21,13.038,363.52,1,0.391,0.391,0.605,2.5,0.723,0.02,0,,,,420,0,0,0,0,0,0,0,0,0,0,6,0,0,7000,7000,31,257,1429,294,215,420,418,339,298,0,39321,786,565,978,783,888,665,26222,39321
43.177,2,3566,21,84,50,14.59,13.29,0.911,1,0.273,0,0,37,282,2.04,6,59,92,0,0,0,0,0,0,0,0,0,0,0,0,0,0,0,41.36,22,0.344,1,0,0,0,0,0,0,0,0,0,3560,2550,800,800,1090,1400,73,0.277,48.5,14.64,12.35,0,92,0,59,21,13.038,363.52,1,0.41,0.41,0.605,2.5,0.742,0.02,0,,,,331,0,0,0,0,0,0,0,0,0,0,6,0,0,7000,7000,31,257,1429,323,331,420,418,391,282,0,39321,788,584,978,795,895,660,26222,39321
43.237,2,3556,21,84,49,14.59,13.94,0.955,1,0.008,0,0,38.5,282,1.904,5,59,92.83,0,0,0,0,0,0,0,0,0,0,0,0,0,0,0,41.81,22,0.344,1,0,0,0,0,0,0,0,0,0,3560,2550,800,800,1090,1400,73,0.277,48.5,14.64,12.86,0,92.83,0,59,21,13.038,363.52,1,0.391,0.391,0.605,2.5,0.742,0.02,0,,,,308,0,0,0,0,0,0,0,0,0,0,6,0,0,7000,7000,31,257,1429,255,288,420,418,329,308,0,39321,776,591,978,812,888,667,26222,39321
43.297,2,3541,21,84,49,14.59,13.94,0.955,1,0,0,0,40,282,1.904,5,59,93,0,0,0,0,0,0,0,0,0,0,0,0,0,0,0,41.81,22,0.344,1,0,0,0,0,0,0,0,0,0,3560,2550,800,800,1090,1400,73,0.277,48.5,14.64,13.44,0,93,0,59,21,13.038,363.52,1,0.391,0.391,0.605,2.5,0.742,0.02,0,,,,418,0,0,0,0,0,0,0,0,0,0,6,0,0,7000,7000,31,257,1429,310,327,420,418,418,273,0,39321,762,605,980,826,900,665,26222,39321
43.357,2,3526,21,84,49,14.64,14.29,0.976,1,0,0,0,40,282,1.888,5,58,92.17,0,0,0,0,0,0,0,0,0,0,0,0,0,0,0,41.36,22,0.344,1,0,0,0,0,0,0,0,0,0,3520,2550,800,800,1090,1400,73,0.277,48.5,14.7,13.84,0,92.17,0,58,21,13.038,363.52,1,0.41,0.41,0.605,2.5,0.762,0.02,0,,,,292,0,0,0,0,0,0,0,0,0,0,6,0,0,7000,7000,31,257,1429,319,213,420,292,292,211,0,39321,760,610,980,826,888,641,26222,39321
43.417,2,3511,21,84,49,14.64,14.23,0.972,1,0,0,0,40,282,1.896,5,59,92.83,0,0,0,0,0,0,0,0,0,0,0,0,0,0,0,41.81,22,0.344,1,0,0,0,0,0,0,0,0,0,3520,2550,800,800,1090,1400,73,0.277,48.5,14.7,13.84,0,92.83,0,59,21,13.038,363.52,1,0.391,0.391,0.605,2.5,0.762,0.02,0,,,,240,0,0,0,0,0,0,0,0,0,0,6,0,0,7000,7000,31,257,1429,242,240,420,325,420,249,0,39321,745,608,980,824,895,636,26222,39321
43.477,2,3496,21,84,49,14.64,13.76,0.94,1,0,0,0,40,282,1.896,5,58,92.5,0,0,0,0,0,0,0,0,0,0,0,0,0,0,0,41.58,22,0.344,1,0,0,0,0,0,0,0,0,0,3480,2550,800,800,1090,1400,73,0.277,48.5,14.7,13.84,0,92.5,0,58,21,12.965,363.52,1,0.391,0.391,0.605,2.5,0.762,0.02,0,,,,300,0,0,0,0,0,0,0,0,0,0,6,0,0,7000,7000,31,257,1429,300,242,420,280,420,240,0,39321,738,605,980,807,897,634,26222,39321
43.537,3,3479,21,84,49,14.64,13.76,0.94,1,0,0,0,40,282,1.984,5,62,99.33,0,0,0,0,0,0,0,0,0,0,0,0,0,0,0,41.81,22,0.367,1,0,0,0,0,0,0,0,0,0,3480,2550,800,800,1090,1400,73,0.281,48.5,14.7,13.38,0,99.33,0,62,21,12.965,363.52,1,0.391,0.391,0.605,2.5,0.781,0.02,0,,,,420,0,0,0,0,0,0,0,0,0,0,6,0,0,7000,7000,31,257,1429,338,194,422,256,420,221,0,39321,743,598,980,790,890,627,26222,39321
43.597,3,3462,21,84,49,14.64,13.44,0.918,1,0,0,0,40,282,1.976,5,62,98.83,0,0,0,0,0,0,0,0,0,0,0,0,0,0,0,41.58,22,0.367,1,0,0,0,0,0,0,0,0,0,3480,2550,800,800,1090,1400,73,0.281,48.5,14.7,13.15,0,98.83,0,62,21,12.965,363.52,1,0.391,0.391,0.605,2.5,0.781,0.02,0,,,,247,0,0,0,0,0,0,0,0,0,0,6,0,0,7000,7000,31,257,1429,293,186,422,247,297,295,0,39321,736,572,985,771,878,634,26222,39321
43.657,3,3457,21,84,49,14.64,13.19,0.901,1,0,0,0,40,282,1.984,5,62,99.83,0,0,0,0,0,0,0,0,0,0,0,0,0,0,0,42.03,23,0.367,1,0,0,0,0,0,0,0,0,0,3440,2550,800,800,1090,1400,73,0.281,48.5,14.7,13.15,0,99.83,0,62,21,12.965,363.52,1,0.391,0.391,0.605,2.5,0.781,0.02,0,,,,188,0,0,0,0,0,0,0,0,0,0,6,0,0,7000,7000,31,257,1429,383,188,422,237,420,287,0,39321,762,555,988,757,893,624,26222,39321
43.717,3,3441,21,84,49,14.64,13.19,0.901,1,0,0,0,40,282,1.992,5,62,100.33,0,0,0,0,0,0,0,0,0,0,0,0,0,0,0,42.26,23,0.367,1,0,0,0,0,0,0,0,0,0,3440,2550,800,800,1090,1400,73,0.281,48.5,14.7,12.92,0,100.33,0,62,21,12.965,363.52,1,0.391,0.391,0.605,2.5,0.801,0.02,0,,,,260,0,0,0,0,0,0,0,0,0,0,6,0,0,7000,7000,31,257,1429,375,159,422,262,336,260,0,39321,771,543,988,760,893,617,26222,39321
43.777,3,3424,21,84,49,14.64,12.97,0.885,1,0,0,0,40,282,2.008,5,63,101.83,0,0,0,0,0,0,0,0,0,0,0,0,0,0,0,42.93,24,0.367,1,0,0,0,0,0,0,0,0,0,3440,2550,800,800,1090,1400,73,0.281,48.5,14.7,12.75,0,101.83,0,63,21,12.965,363.52,1,0.41,0.41,0.605,2.5,0.801,0.02,0,,,,412,0,0,0,0,0,0,0,0,0,0,6,0,0,7000,7000,31,257,1429,385,169,422,227,412,231,0,39321,795,527,990,752,890,612,26222,39321
43.837,3,3415,21,84,49,14.64,12.72,0.868,1,0,0,0,40,282,2.008,5,62,101.5,0,0,0,0,0,0,0,0,0,0,0,0,0,0,0,42.71,23,0.367,1,0,0,0,0,0,0,0,0,0,3400,2550,800,800,1090,1400,73,0.285,48.5,14.7,12.69,0,101,0,62,21,12.965,363.52,1,0.41,0.41,0.605,2.5,0.801,0.02,0,,,,415,0,0,0,0,0,0,0,0,0,0,6,0,0,7000,7000,31,257,1429,352,258,415,250,363,241,0,39321,809,536,990,743,888,619,26222,39321
43.897,4,3412,21,84,49,14.64,12.51,0.854,1,0,0,0,40,282,2.096,5,67,108.5,0,0,0,0,0,0,0,0,0,0,0,0,0,0,0,42.93,24,0.391,1,0,0,0,0,0,0,0,0,0,3400,2550,800,800,1090,1400,73,0.289,48.5,14.7,12.46,0,108.5,0,67,21,12.965,363.52,1,0.391,0.391,0.605,2.5,0.82,0.02,0,,,,413,0,0,0,0,0,0,0,0,0,0,6,0,0,7000,7000,31,257,1429,413,267,413,252,390,181,0,39321,831,543,988,729,883,605,26222,39321
43.957,4,3396,21,84,49,14.64,12.51,0.854,1,0,0,0,40,282,2.104,5,67,109.17,0,0,0,0,0,0,0,0,0,0,0,0,0,0,0,43.16,24,0.391,1,0,0,0,0,0,0,0,0,0,3400,2550,800,800,1090,1400,73,0.289,48.5,14.7,12.35,0,109.17,0,67,21,12.965,363.52,1,0.41,0.41,0.605,2.5,0.82,0.02,0,,,,356,0,0,0,0,0,0,0,0,0,0,6,0,0,7000,7000,31,257,1429,413,298,415,273,356,245,0,39321,840,553,988,717,871,605,26222,39321
44.017,4,3382,21,84,49,14.64,12.32,0.841,1,0,0,0,40,282,2.112,5,67,109.67,0,0,0,0,0,0,0,0,0,0,0,0,0,0,0,43.38,24,0.391,1,0,0,0,0,0,0,0,0,0,3400,2550,800,800,1090,1400,73,0.289,48.5,14.7,12.17,0,109.67,0,67,21,13.038,363.52,1,0.41,0.41,0.605,2.5,0.84,0.02,0,,,,415,0,0,0,0,0,0,0,0,0,0,6,0,0,7000,7000,31,257,1429,413,275,415,292,315,220,0,39321,843,560,988,714,864,596,26222,39321
44.077,4,3367,21,84,49,14.64,12.19,0.832,1,0,0,0,39.5,282,2.12,5,67,110.83,0,0,0,0,0,0,0,0,0,0,0,0,0,0,0,43.83,25,0.391,1,0,0,0,0,0,0,0,0,0,3360,2550,800,800,1090,1400,73,0.289,48,14.7,12.17,0,110.83,0,67,21,13.038,360.96,1,0.469,0.469,0.605,2.5,0.84,0.02,0,,,,214,0,0,0,0,0,0,0,0,0,0,6,0,0,7000,7000,30,257,1429,415,214,415,248,403,231,0,39321,857,558,988,703,864,589,26222,39321
44.137,4,3337,21,84,49,14.7,12.07,0.821,1,0,0,0,39.5,282,2.136,5,67,111.67,0,0,0,0,0,0,0,0,0,0,0,0,0,0,0,44.06,25,0.391,1,0,0,0,0,0,0,0,0,0,3320,2550,800,800,1090,1400,73,0.289,48,14.76,12.0,0,111.67,0,67,21,13.038,360.96,1,0.469,0.469,0.605,2.5,0.84,0.02,0,,,,356,0,0,0,0,0,0,0,0,0,0,6,0,0,7000,7000,30,257,1429,415,281,415,413,413,356,0,39321,864,565,988,724,864,608,26222,39321
44.197,7,3346,21,84,49,14.64,12.07,0.824,1,0,0,0,39.5,282,2.344,6,78,129.5,0,0,0,0,0,0,0,0,0,0,0,0,0,0,0,44.96,26,0.445,1,0,0,0,0,0,0,0,0,0,3360,2550,800,800,1090,1400,73,0.305,48,14.7,11.83,0,129.5,0,78,21,13.038,360.96,1,0.508,0.508,0.605,2.5,0.957,0.02,0,,,,405,0,0,0,0,0,0,0,0,0,0,6,0,0,7000,7000,30,257,1429,406,279,406,405,320,283,0,39321,876,577,985,748,857,612,26222,39321
44.257,8,3295,21,84,49,14.7,12.07,0.821,1,0,0,0,39,282,2.504,6,84,141.33,0,0,0,0,0,0,0,0,0,0,0,0,0,0,0,47.43,28,0.461,1,0,0,0,0,0,0,0,0,0,3280,2550,800,800,1090,1400,73,0.309,47.5,14.76,11.89,0,141.33,0,84,21,13.038,358.4,1,0.547,0.547,0.605,2.5,0.977,0.02,0,,,,221,0,0,0,0,0,0,0,0,0,0,6,0,0,7000,7000,30,257,1429,405,221,406,270,406,245,0,39321,874,567,983,741,871,612,26222,39321
44.317,9,3289,21,84,49,14.64,12.07,0.824,1,0,0,0,38.5,282,2.576,7,88,148,0,0,0,0,0,0,0,0,0,0,0,0,0,0,0,48.78,30,0.469,1,0,0,0,0,0,0,0,0,0,3280,2550,800,800,1090,1400,72,0.316,47,14.7,11.77,0,148,0,88,21,13.038,355.84,1,0.547,0.547,0.605,2.5,1.016,0.02,0,,,,369,0,0,0,0,0,0,0,0,0,0,6,0,0,7000,7000,29,257,1429,406,217,415,383,369,335,0,39321,878,565,983,757,876,624,26222,39321
44.377,10,3322,21,84,49,14.64,12.07,0.824,1,0,0,0,38.5,282,2.704,7,94,158,0,0,0,0,0,0,0,0,0,0,0,0,0,0,0,50.35,31,0.484,1,0,0,0,0,0,0,0,0,0,3320,2550,800,800,1090,1400,72,0.324,47,14.7,11.77,0,158,0,94,21,13.038,355.84,1,0.566,0.566,0.605,2.5,1.055,0.02,0,,,,427,0,0,0,0,0,0,0,0,0,0,6,0,0,7000,7000,29,257,1429,367,215,427,395,415,304,0,39321,883,565,985,769,883,648,26222,39321
44.437,11,3367,21,84,49,14.64,12.07,0.824,1,0,0,0,38,276,2.784,7,99,164,0,0,0,0,0,0,0,0,0,0,0,0,0,0,0,51.48,33,0.492,1,0,0,0,0,0,0,0,0,0,3360,2550,800,800,1090,1400,72,0.328,46.5,14.7,11.77,0,164,0,99,21,13.038,353.28,1,0.625,0.625,0.605,2.5,1.094,0.02,0,,,,377,0,0,0,0,0,0,0,0,0,0,6,0,0,7000,7000,29,257,1429,377,259,431,429,429,296,0,39321,890,567,988,783,895,657,26222,39321
44.497,11,3376,21,84,49,14.64,12.19,0.832,1,0,0,0,37.5,276,2.816,7,101,166.83,0,0,0,0,0,0,0,0,0,0,0,0,0,0,0,52.37,34,0.492,1,0,0,0,0,0,0,0,0,0,3360,2550,800,800,1090,1400,72,0.328,46,14.7,11.89,0,166.83,0,101,21,13.038,353.28,1,0.625,0.625,0.605,2.5,1.094,0.02,0,,,,230,0,0,0,0,0,0,0,0,0,0,6,0,0,7000,7000,29,257,1429,391,277,429,315,337,230,0,39321,893,574,992,795,895,653,26222,39321
44.557,11,3376,21,84,49,14.64,12.19,0.832,1,0,0,0,38,276,2.8,7,100,165.33,0,0,0,0,0,0,0,0,0,0,0,0,0,0,0,51.92,33,0.492,1,0,0,0,0,0,0,0,0,0,3360,2550,800,800,1090,1400,72,0.328,46.5,14.7,11.94,0,165.33,0,100,21,13.038,353.28,1,0.664,0.664,0.605,2.5,1.094,0.02,0,,,,216,0,0,0,0,0,0,0,0,0,0,6,0,0,7000,7000,29,257,1429,370,270,431,216,270,228,0,39321,902,584,995,788,878,646,26222,39321
44.617,11,3304,21,84,49,14.64,12.19,0.832,1,0,0,0,38,276,2.792,7,98,164.83,0,0,0,0,0,0,0,0,0,0,0,0,0,0,0,51.7,33,0.492,1,0,0,0,0,0,0,0,0,0,3320,2550,800,800,1090,1400,72,0.328,46.5,14.7,11.94,0,164.83,0,98,21,13.038,353.28,1,0.625,0.625,0.605,2.5,1.074,0.02,0,,,,221,0,0,0,0,0,0,0,0,0,0,6,0,0,7000,7000,29,257,1429,420,221,431,337,299,270,0,39321,914,593,995,790,871,643,26222,39321
44.677,11,3261,21,84,49,14.64,12.07,0.824,1,0,0,0,38,276,2.784,7,97,164.17,0,0,0,0,0,0,0,0,0,0,0,0,0,0,0,51.48,33,0.492,1,0,0,0,0,0,0,0,0,0,3280,2550,800,800,1090,1400,72,0.328,46.5,14.7,11.83,0,164.17,0,97,21,13.038,353.28,1,0.625,0.625,0.605,2.5,1.074,0.02,0,,,,327,0,0,0,0,0,0,0,0,0,0,6,0,0,7000,7000,29,257,1429,420,280,421,420,421,327,0,39321,919,598,995,814,885,657,26222,39321
44.737,11,3276,21,84,49,14.64,12.0,0.819,1,0,0,0,38.5,276,2.776,7,96,163.33,0,0,0,0,0,0,0,0,0,0,0,0,0,0,0,51.25,32,0.492,1,0,0,0,0,0,0,0,0,0,3280,2550,800,800,1090,1400,72,0.328,47,14.7,11.83,0,163.33,0,96,21,13.038,353.28,1,0.605,0.605,0.605,2.52,1.074,0.02,0,,,,421,0,0,0,0,0,0,0,0,0,0,6,0,0,7000,7000,29,257,1429,303,214,421,276,421,361,0,39321,907,579,997,802,893,672,26222,39321
44.797,11,3302,21,84,49,14.64,11.91,0.813,1,0,0,0,38.5,276,2.776,7,97,163.33,0,0,0,0,0,0,0,0,0,0,0,0,0,0,0,51.25,32,0.492,1,0,0,0,0,0,0,0,0,0,3320,2550,800,800,1090,1400,72,0.328,47,14.7,11.83,0,163.33,0,97,21,13.038,353.28,1,0.586,0.586,0.605,2.52,1.074,0.02,0,,,,399,0,0,0,0,0,0,0,0,0,0,6,0,0,7000,7000,29,257,1429,399,254,421,412,420,281,0,39321,897,581,997,814,904,676,26222,39321
44.857,11,3322,21,84,49,14.64,11.91,0.813,1,0,0,0,38,276,2.792,7,99,164.83,0,0,0,0,0,0,0,0,0,0,0,0,0,0,0,51.7,33,0.492,1,0,0,0,0,0,0,0,0,0,3320,2550,800,800,1090,1400,72,0.328,46.5,14.7,11.71,0,164.83,0,99,21,13.038,353.28,1,0.586,0.586,0.605,2.52,1.094,0.02,0,,,,363,0,0,0,0,0,0,0,0,0,0,6,0,0,7000,7000,29,257,1429,418,260,421,421,363,283,0,39321,902,589,997,819,909,676,26222,39321
44.916,11,3326,21,84,49,14.64,11.85,0.809,1,0,0,0,38,276,2.784,7,98,164.17,0,0,0,0,0,0,0,0,0,0,0,0,0,0,0,51.48,33,0.492,1,0,0,0,0,0,0,0,0,0,3320,2550,800,800,1090,1400,72,0.328,46.5,14.7,11.66,0,164.17,0,98,21,13.038,353.28,1,0.605,0.605,0.605,2.52,1.094,0.02,0,,,,421,0,0,0,0,0,0,0,0,0,0,6,0,0,7000,7000,29,257,1429,420,294,421,299,421,233,0,39321,912,615,997,812,914,669,26222,39321
44.976,11,3300,21,84,49,14.64,11.82,0.807,1,0,0,0,38,276,2.8,7,98,165.5,0,0,0,0,0,0,0,0,0,0,0,0,0,0,0,51.92,33,0.492,1,0,0,0,0,0,0,0,0,0,3320,2550,800,800,1090,1400,72,0.328,46.5,14.7,11.66,0,165.5,0,98,21,13.038,353.28,1,0.605,0.605,0.605,2.52,1.094,0.02,0,,,,363,0,0,0,0,0,0,0,0,0,0,6,0,0,7000,7000,29,257,1429,363,254,421,247,420,280,0,39321,897,615,997,793,923,660,26222,39321
45.037,11,3280,21,84,49,14.64,11.82,0.807,1,0,0,0,38,276,2.808,7,98,166.33,0,0,0,0,0,0,0,0,0,0,0,0,0,0,0,52.15,33,0.492,1,0,0,0,0,0,0,0,0,0,3280,2550,800,800,1090,1400,72,0.328,46.5,14.7,11.6,0,166.33,0,98,21,13.038,353.28,1,0.625,0.625,0.605,2.52,1.094,0.02,0,,,,421,0,0,0,0,0,0,0,0,0,0,6,0,0,7000,7000,29,257,1429,330,321,421,343,421,314,0,39321,890,624,997,805,933,665,26222,39321
45.097,11,3289,21,84,49,14.64,11.82,0.807,1,0,0,0,38,276,2.8,7,98,165.67,0,0,0,0,0,0,0,0,0,0,0,0,0,0,0,51.92,33,0.492,1,0,0,0,0,0,0,0,0,0,3280,2550,800,800,1090,1400,72,0.328,46.5,14.7,11.6,0,165.67,0,98,21,13.038,353.28,1,0.625,0.625,0.605,2.52,1.094,0.02,0,,,,421,0,0,0,0,0,0,0,0,0,0,6,0,0,7000,7000,29,257,1429,396,247,421,414,421,323,0,39321,900,612,997,817,938,674,26222,39321
45.157,11,3304,21,84,49,14.64,11.82,0.807,1,0,0,0,37.5,276,2.8,7,99,165.67,0,0,0,0,0,0,0,0,0,0,0,0,0,0,0,51.92,33,0.492,1,0,0,0,0,0,0,0,0,0,3320,2550,800,800,1090,1400,72,0.328,46,14.7,11.6,0,165.67,0,99,21,13.038,353.28,1,0.645,0.645,0.605,2.52,1.094,0.02,0,,,,420,0,0,0,0,0,0,0,0,0,0,6,0,0,7000,7000,29,257,1429,420,229,420,420,381,221,0,39321,895,610,997,831,933,662,26222,39321
45.216,11,3302,21,84,49,14.64,11.88,0.811,1,0,0,0,37.5,276,2.816,7,99,166.83,0,0,0,0,0,0,0,0,0,0,0,0,0,0,0,52.37,34,0.492,1,0,0,0,0,0,0,0,0,0,3320,2550,800,800,1090,1400,72,0.328,46,14.7,11.54,0,166.83,0,99,21,13.038,353.28,1,0.625,0.625,0.605,2.52,1.094,0.02,0,,,,421,0,0,0,0,0,0,0,0,0,0,6,0,0,7000,7000,29,257,1429,374,190,421,377,421,301,0,39321,895,598,997,845,940,665,26222,39321
45.276,11,3285,21,84,49,14.64,11.91,0.813,1,0,0,0,37.5,276,2.816,7,99,166.83,0,0,0,0,0,0,0,0,0,0,0,0,0,0,0,52.37,34,0.492,1,0,0,0,0,0,0,0,0,0,3280,2550,800,800,1090,1400,72,0.328,46,14.7,11.6,0,166.83,0,99,21,13.038,353.28,1,0.605,0.605,0.605,2.52,1.094,0.02,0,,,,219,0,0,0,0,0,0,0,0,0,0,6,0,0,7000,7000,29,257,1429,420,219,421,408,280,241,0,39321,907,600,997,852,923,667,26222,39321
45.337,11,3287,21,84,49,14.64,11.91,0.813,1,0,0,0,37.5,276,2.816,7,99,166.83,0,0,0,0,0,0,0,0,0,0,0,0,0,0,0,52.37,34,0.492,1,0,0,0,0,0,0,0,0,0,3280,2550,800,800,1090,1400,72,0.328,46,14.7,11.6,0,166.83,0,99,21,13.038,353.28,1,0.625,0.625,0.605,2.52,1.094,0.02,0,,,,297,0,0,0,0,0,0,0,0,0,0,6,0,0,7000,7000,29,257,1429,297,192,421,371,421,297,0,39321,895,591,997,864,931,672,26222,39321
45.397,11,3298,21,84,49,14.64,11.94,0.815,1,0,0,0,37.5,276,2.824,7,99,167.5,0,0,0,0,0,0,0,0,0,0,0,0,0,0,0,52.6,34,0.492,1,0,0,0,0,0,0,0,0,0,3280,2550,800,800,1090,1400,72,0.328,46,14.7,11.54,0,167.5,0,99,21,13.038,353.28,1,0.605,0.605,0.605,2.52,1.094,0.02,0,,,,356,0,0,0,0,0,0,0,0,0,0,6,0,0,7000,7000,29,257,1429,278,188,421,356,421,233,0,39321,878,581,997,871,935,665,26222,39321
45.457,11,3298,21,84,49,14.64,11.97,0.817,1,0,0,0,37.5,276,2.816,7,99,166.83,0,0,0,0,0,0,0,0,0,0,0,0,0,0,0,52.37,34,0.492,1,0,0,0,0,0,0,0,0,0,3280,2550,800,800,1090,1400,72,0.328,46,14.7,11.6,0,166.83,0,99,21,13.038,353.28,1,0.625,0.625,0.605,2.52,1.094,0.02,0,,,,247,0,0,0,0,0,0,0,0,0,0,6,0,0,7000,7000,29,257,1429,350,247,421,408,421,280,0,39321,869,584,997,878,935,665,26222,39321
45.516,11,3291,21,84,49,14.64,11.97,0.817,1,0,0,0,37.5,276,2.824,7,99,167.67,0,0,0,0,0,0,0,0,0,0,0,0,0,0,0,52.6,34,0.492,1,0,0,0,0,0,0,0,0,0,3280,2550,800,800,1090,1400,72,0.328,46,14.7,11.66,0,167.67,0,99,21,13.038,353.28,1,0.625,0.625,0.605,2.52,1.094,0.02,0,,,,278,0,0,0,0,0,0,0,0,0,0,6,0,0,7000,7000,29,257,1429,420,188,421,421,367,278,0,39321,876,577,997,893,923,657,26222,39321
45.576,11,3289,21,84,49,14.64,12.0,0.819,1,0,0,0,37.5,276,2.832,7,100,168,0,0,0,0,0,0,0,0,0,0,0,0,0,0,0,52.82,34,0.492,1,0,0,0,0,0,0,0,0,0,3280,2550,800,800,1090,1400,72,0.328,46,14.7,11.71,0,168,0,100,21,13.038,353.28,1,0.645,0.645,0.605,2.52,1.094,0.02,0,,,,340,0,0,0,0,0,0,0,0,0,0,6,0,0,7000,7000,29,257,1429,421,243,421,340,420,323,0,39321,890,572,997,876,926,665,26222,39321
45.636,11,3289,21,84,49,14.64,12.01,0.82,1,0,0,0,37.5,276,2.824,7,99,167.67,0,0,0,0,0,0,0,0,0,0,0,0,0,0,0,52.6,34,0.492,1,0,0,0,0,0,0,0,0,0,3280,2550,800,800,1090,1400,72,0.328,46,14.7,11.66,0,167.67,0,99,21,13.038,353.28,1,0.645,0.645,0.605,2.52,1.094,0.02,0,,,,174,0,0,0,0,0,0,0,0,0,0,6,0,0,7000,7000,29,257,1429,412,174,421,359,356,323,0,39321,900,565,997,874,921,676,26222,39321
45.696,11,3295,21,84,49,14.64,12.01,0.82,1,0,0,0,37.5,276,2.824,7,100,167.67,0,0,0,0,0,0,0,0,0,0,0,0,0,0,0,52.6,34,0.492,1,0,0,0,0,0,0,0,0,0,3280,2550,800,800,1090,1400,72,0.328,46,14.7,11.71,0,167.67,0,100,21,13.038,353.28,1,0.645,0.645,0.605,2.52,1.094,0.02,0,,,,301,0,0,0,0,0,0,0,0,0,0,6,0,0,7000,7000,29,257,1429,420,205,421,420,312,301,0,39321,907,560,997,888,914,662,26222,39321
45.756,11,3293,21,84,49,14.64,12.01,0.82,1,0,0,0,38,276,2.808,7,99,166.33,0,0,0,0,0,0,0,0,0,0,0,0,0,0,0,52.15,33,0.492,1,0,0,0,0,0,0,0,0,0,3280,2550,800,800,1090,1400,72,0.328,46.5,14.7,11.71,0,166.33,0,99,21,13.038,353.28,1,0.625,0.625,0.605,2.52,1.094,0.02,0,,,,421,0,0,0,0,0,0,0,0,0,0,6,0,0,7000,7000,29,257,1429,377,296,421,421,420,247,0,39321,909,567,997,900,921,657,26222,39321
45.816,11,3287,21,84,49,14.64,12.04,0.822,1,0,0,0,37.5,276,2.816,7,99,167,0,0,0,0,0,0,0,0,0,0,0,0,0,0,0,52.37,34,0.492,1,0,0,0,0,0,0,0,0,0,3280,2550,800,800,1090,1400,72,0.328,46,14.7,11.83,0,167,0,99,21,13.038,353.28,1,0.625,0.625,0.605,2.52,1.094,0.02,0,,,,330,0,0,0,0,0,0,0,0,0,0,6,0,0,7000,7000,29,257,1429,330,219,421,420,420,236,0,39321,900,565,997,907,914,646,26222,39321
45.876,11,3289,21,84,49,14.64,12.07,0.824,1,0,0,0,37.5,276,2.832,7,100,168.33,0,0,0,0,0,0,0,0,0,0,0,0,0,0,0,52.82,34,0.492,1,0,0,0,0,0,0,0,0,0,3280,2550,800,800,1090,1400,72,0.328,46,14.7,11.77,0,168.33,0,100,21,13.038,353.28,1,0.605,0.605,0.605,2.52,1.094,0.02,0,,,,420,0,0,0,0,0,0,0,0,0,0,6,0,0,7000,7000,29,257,1429,379,238,421,387,420,299,0,39321,900,553,997,912,923,650,26222,39321
45.936,11,3289,21,84,49,14.64,12.07,0.824,1,0,0,0,37.5,276,2.824,7,99,167.33,0,0,0,0,0,0,0,0,0,0,0,0,0,0,0,52.37,34,0.492,1,0,0,0,0,0,0,0,0,0,3280,2550,800,800,1090,1400,72,0.328,46,14.7,11.89,0,167.33,0,99,21,13.038,353.28,1,0.625,0.625,0.605,2.52,1.094,0.02,0,,,,421,0,0,0,0,0,0,0,0,0,0,6,0,0,7000,7000,29,257,1429,392,207,421,332,421,338,0,39321,885,546,997,902,928,653,26222,39321
45.996,12,3300,21,84,49,14.64,12.07,0.824,1,0,0,0,37.5,276,2.872,7,102,171.17,0,0,0,0,0,0,0,0,1,0,0,0,0,0,0,52.82,34,0.5,1,0,0,0,0,0,0,0,0,0,3320,2550,800,800,1090,1400,72,0.336,46,14.7,11.89,0,171.17,0,102,21,13.038,353.28,1,0.625,0.625,0.605,2.52,1.113,0.02,0,,,,377,0,0,0,0,0,0,0,0,0,0,6,0,0,7000,7000,29,257,1429,377,187,414,415,344,169,0,39321,874,539,997,912,919,631,26222,39321
46.056,12,3304,21,84,49,14.64,12.07,0.824,1,0,0,0,37,276,2.904,7,103,173.33,0,0,0,0,0,0,0,0,1,0,0,0,0,0,0,53.5,35,0.5,1,0,0,0,0,0,0,0,0,0,3320,2550,800,800,1090,1400,72,0.336,45.5,14.7,11.94,0,173.33,0,103,21,13.038,353.28,1,0.645,0.645,0.605,2.539,1.133,0.02,0,,,,415,0,0,0,0,0,0,0,0,0,0,6,0,0,7000,7000,29,257,1429,302,246,415,415,415,266,0,39321,862,541,995,921,928,631,26222,39321
46.116,13,3311,21,84,49,14.64,12.07,0.824,1,0,0,0,36.5,276,2.96,8,106,178.17,0,0,0,0,0,0,0,0,1,0,0,0,0,0,0,54.17,36,0.508,1,0,0,0,0,0,0,0,0,0,3320,2550,800,800,1090,1400,71,0.344,45,14.7,11.89,0,178.17,0,106,21,13.038,350.72,1,0.684,0.684,0.605,2.539,1.172,0.02,0,,,,408,0,0,0,0,0,0,0,0,0,0,6,0,0,7000,7000,28,257,1429,345,254,408,360,348,227,0,39321,859,548,995,916,923,631,26222,39321
46.176,13,3344,21,84,49,14.64,12.07,0.824,1,0,0,0,36,276,3.008,8,110,182.5,0,0,0,0,0,0,0,0,1,0,0,0,0,0,0,55.52,37,0.508,1,0,0,0,0,0,0,0,0,0,3320,2550,800,800,1090,1400,71,0.344,44.5,14.7,11.89,0,182.5,0,110,21,13.038,350.72,1,0.684,0.684,0.605,2.539,1.172,0.02,0,,,,408,0,0,0,0,0,0,0,0,0,0,6,0,0,7000,7000,28,257,1429,408,233,409,408,377,277,0,39321,862,548,992,921,916,641,26222,39321
46.236,13,3337,21,84,49,14.64,12.13,0.828,1,0,0,0,35.5,276,3.04,8,111,184.83,0,0,0,0,0,0,0,0,1,0,0,0,0,0,0,56.2,38,0.508,1,0,0,0,0,0,0,0,0,0,3320,2550,800,800,1090,1400,71,0.344,44,14.7,11.89,0,184.83,0,111,21,13.038,350.72,1,0.684,0.684,0.605,2.539,1.172,0.02,0,,,,416,0,0,0,0,0,0,0,0,0,0,6,0,0,7000,7000,28,257,1429,369,234,418,354,416,209,0,39321,862,553,990,914,923,631,26222,39321
46.296,14,3289,21,84,49,14.64,12.19,0.832,1,0,0,0,35.5,276,3.096,8,112,189.17,0,0,0,0,0,0,0,0,1,0,0,0,0,0,0,56.65,38,0.516,1,0,0,0,0,0,0,0,0,0,3280,2550,800,800,1090,1400,71,0.352,44,14.7,11.83,0,189.17,0,112,21,13.038,348.16,1,0.742,0.742,0.605,2.539,1.191,0.02,0,,,,406,0,0,0,0,0,0,0,0,0,0,6,0,0,7000,7000,28,257,1429,380,273,406,391,333,230,0,39321,869,560,985,916,914,634,26222,39321
46.356,14,3276,21,84,49,14.64,12.26,0.837,1,0,0,0,35,276,3.136,8,114,192.83,0,0,0,0,0,0,0,0,1,0,0,0,0,0,0,57.77,39,0.516,1,0,0,0,0,0,0,0,0,0,3280,2550,800,800,1090,1400,71,0.352,43.5,14.7,11.89,0,192.83,0,114,21,13.038,348.16,1,0.762,0.762,0.605,2.539,1.191,0.02,0,,,,405,0,0,0,0,0,0,0,0,0,0,6,0,0,7000,7000,28,257,1429,405,234,406,367,406,294,0,39321,876,560,983,919,919,641,26222,39321
46.416,14,3309,21,84,49,14.64,12.26,0.837,1,0,0,0,35,276,3.144,8,115,193.5,0,0,0,0,0,0,0,0,1,0,0,0,0,0,0,57.99,39,0.516,1,0,0,0,0,0,0,0,0,0,3320,2550,800,800,1090,1400,71,0.352,43.5,14.7,12.0,0,193.5,0,115,21,13.038,348.16,1,0.762,0.762,0.605,2.539,1.191,0.02,0,,,,405,0,0,0,0,0,0,0,0,0,0,6,0,0,7000,7000,28,257,1429,380,193,406,405,406,358,0,39321,876,546,980,919,921,655,26222,39321
46.476,15,3333,21,84,49,14.64,12.41,0.847,1,0,0,0,34.5,276,3.224,8,120,199.5,0,0,0,0,0,0,0,0,1,0,0,0,0,0,0,58.89,40,0.523,1,0,0,0,0,0,0,0,0,0,3320,2550,800,800,1090,1400,71,0.359,43,14.7,12.06,0,199.5,0,120,21,13.038,345.6,1,0.742,0.742,0.605,2.539,1.25,0.02,0,,,,211,0,0,0,0,0,0,0,0,0,0,6,0,0,7000,7000,27,257,1429,307,211,406,405,405,292,0,39321,866,543,978,923,926,655,26222,39321
46.536,15,3335,21,84,49,14.59,12.51,0.858,1,0,0,0,34,276,3.272,9,122,203,0,0,0,0,0,0,0,0,1,0,0,0,0,0,0,59.79,41,0.523,1,0,0,0,0,0,0,0,0,0,3320,2550,800,800,1090,1400,71,0.359,42.5,14.64,11.94,0,203,0,122,21,13.038,345.6,1,0.781,0.781,0.605,2.539,1.25,0.02,0,,,,182,0,0,0,0,0,0,0,0,0,0,6,0,0,7000,7000,27,257,1429,264,197,396,389,362,182,0,39321,852,539,973,926,921,641,26222,39321
46.596,15,3324,21,84,49,14.59,12.77,0.876,1,0,0,0,33.5,276,3.312,9,123,205.67,0,0,0,0,0,0,0,0,1,0,0,0,0,0,0,60.69,42,0.523,1,0,0,0,0,0,0,0,0,0,3320,2550,800,800,1090,1400,71,0.359,42,14.64,12.12,0,205.67,0,123,21,13.038,345.6,1,0.82,0.82,0.605,2.539,1.25,0.02,0,,,,364,0,0,0,0,0,0,0,0,0,0,6,0,0,7000,7000,27,257,1429,362,211,396,364,352,222,0,39321,840,541,969,914,916,634,26222,39321
46.656,15,3326,21,84,49,14.59,12.77,0.876,1,0,0,0,33,276,3.32,9,124,206.5,0,0,0,0,0,0,0,0,1,0,0,0,0,0,0,60.92,43,0.523,1,0,0,0,0,0,0,0,0,0,3320,2550,800,800,1090,1400,71,0.359,41.5,14.64,12.35,0,206.5,0,124,21,13.038,345.6,1,0.801,0.801,0.605,2.539,1.25,0.02,0,,,,239,0,0,0,0,0,0,0,0,0,0,6,0,0,7000,7000,27,257,1429,325,239,396,396,347,228,0,39321,840,551,966,916,914,624,26222,39321
46.716,15,3340,21,84,49,14.59,12.98,0.89,1,0,0,0,33,276,3.32,9,124,206.67,0,0,0,0,0,0,0,0,1,0,0,0,0,0,0,60.92,43,0.523,1,0,0,0,0,0,0,0,0,0,3360,2550,800,800,1090,1400,71,0.359,41.5,14.64,12.58,0,206.67,0,124,21,13.038,345.6,1,0.801,0.801,0.605,2.539,1.25,0.02,0,,,,237,0,0,0,0,0,0,0,0,0,0,6,0,0,7000,7000,27,257,1429,343,292,396,396,323,237,0,39321,838,560,961,919,897,627,26222,39321
46.777,15,3357,21,84,49,14.59,13.16,0.902,1,0,0,0,33,276,3.4,9,128,212.67,0,0,0,0,0,0,0,0,1,0,0,0,0,0,0,60.92,43,0.539,1,0,0,0,0,0,0,0,0,0,3360,2550,800,800,1090,1400,71,0.367,41.5,14.64,12.58,0,212.67,0,128,21,13.038,345.6,1,0.84,0.84,0.605,2.539,1.25,0.02,0,,,,369,0,0,0,0,0,0,0,0,0,0,6,0,0,7000,7000,27,257,1429,391,280,405,403,369,308,0,39321,836,577,961,919,897,634,26222,39321
46.837,16,3362,21,84,49,14.59,13.16,0.902,1,0,0,0,33,276,3.4,9,129,212.67,0,0,0,0,0,0,0,0,1,0,0,0,0,0,0,60.92,43,0.539,1,0,0,0,0,0,0,0,0,0,3360,2550,800,800,1090,1400,71,0.367,41.5,14.64,12.69,0,212.67,0,129,21,13.038,345.6,1,0.82,0.82,0.605,2.539,1.27,0.02,0,,,,398,0,0,0,0,0,0,0,0,0,0,6,0,0,7000,7000,27,257,1429,370,199,398,336,370,264,0,39321,828,567,959,912,895,636,26222,39321
46.896,16,3367,21,84,49,14.59,13.23,0.907,1,0,0,0,33,276,3.4,9,129,212.67,0,0,0,0,0,0,0,0,1,0,0,0,0,0,0,60.92,43,0.539,1,0,0,0,0,0,0,0,0,0,3360,2550,800,800,1090,1400,71,0.367,41.5,14.64,12.92,0,212.67,0,129,21,13.038,345.6,1,0.82,0.82,0.605,2.559,1.27,0.02,0,,,,284,0,0,0,0,0,0,0,0,0,0,6,0,0,7000,7000,27,257,1429,284,249,396,358,328,319,0,39321,807,570,957,909,885,655,26222,39321
46.956,16,3371,21,84,49,14.59,13.13,0.9,1,0,0,0,33,276,3.416,9,130,214.17,0,0,0,0,0,0,0,0,1,0,0,0,0,0,0,61.37,43,0.539,1,0,0,0,0,0,0,0,0,0,3360,2550,800,800,1090,1400,71,0.367,41.5,14.64,12.86,0,214.17,0,130,21,13.038,345.6,1,0.801,0.801,0.605,2.559,1.27,0.02,0,,,,342,0,0,0,0,0,0,0,0,0,0,6,0,0,7000,7000,27,257,1429,256,229,396,334,342,300,0,39321,795,560,957,885,885,657,26222,39321
47.016,16,3380,21,84,49,14.59,13.07,0.896,1,0,0,0,33,276,3.4,9,129,212.67,0,0,0,0,0,0,0,0,1,0,0,0,0,0,0,60.92,43,0.539,1,0,0,0,0,0,0,0,0,0,3400,2550,800,800,1090,1400,71,0.367,41.5,14.64,12.86,0,212.67,0,129,21,13.038,345.6,1,0.82,0.82,0.605,2.559,1.27,0.02,0,,,,396,0,0,0,0,0,0,0,0,0,0,6,0,0,7000,7000,27,257,1429,363,227,396,393,273,286,0,39321,793,560,954,888,871,660,26222,39321
47.077,16,3394,21,84,49,14.59,13.07,0.896,1,0,0,0,32.5,276,3.44,9,132,215.83,0,0,0,0,0,0,0,0,1,0,0,0,0,0,0,61.82,44,0.539,1,0,0,0,0,0,0,0,0,0,3400,2550,800,800,1090,1400,71,0.367,41,14.64,12.75,0,215.83,0,132,21,13.038,343.04,1,0.801,0.801,0.605,2.559,1.289,0.02,0,,,,393,0,0,0,0,0,0,0,0,0,0,6,0,0,7000,7000,27,257,1429,393,286,398,398,264,238,0,39321,793,567,954,885,843,662,26222,39321
47.137,17,3405,21,84,49,14.59,13.07,0.896,1,0,0,0,32,276,3.56,10,138,226,0,0,0,0,0,0,0,0,1,0,0,0,0,0,0,62.94,45,0.555,1,0,0,0,0,0,0,0,0,0,3400,2550,800,800,1090,1400,70,0.375,40.5,14.64,12.81,0,226,0,138,21,13.038,343.04,1,0.84,0.84,0.605,2.559,1.309,0.02,0,,,,378,0,0,0,0,0,0,0,0,0,0,6,0,0,7000,7000,27,257,1429,376,278,396,396,378,286,0,39321,798,565,954,871,833,665,26222,39321
47.196,17,3412,21,84,49,14.59,13.13,0.9,1,0,0,0,32,276,3.56,10,139,226.17,0,0,0,0,0,0,0,0,1,0,0,0,0,0,0,62.94,45,0.555,1,0,0,0,0,0,0,0,0,0,3400,2550,800,800,1090,1400,70,0.375,40.5,14.64,12.81,0,226.17,0,139,21,13.038,343.04,1,0.859,0.859,0.605,2.559,1.309,0.02,0,,,,353,0,0,0,0,0,0,0,0,0,0,6,0,0,7000,7000,27,257,1429,354,209,389,353,334,342,0,39321,800,558,952,874,831,684,26222,39321
47.256,17,3419,21,84,49,14.59,13.19,0.904,1,0,0,0,31.5,276,3.6,10,141,229.17,0,0,0,0,0,0,0,0,1,0,0,0,0,0,0,63.84,46,0.555,1,0,0,0,0,0,0,0,0,0,3400,2550,800,800,1090,1400,70,0.375,40,14.64,12.86,0,229.17,0,141,21,13.038,343.04,1,0.859,0.859,0.605,2.559,1.328,0.02,0,,,,179,0,0,0,0,0,0,0,0,0,0,6,0,0,7000,7000,27,257,1429,351,179,389,389,387,302,0,39321,798,543,950,876,838,691,26222,39321
47.316,17,3424,21,84,49,14.59,13.19,0.904,1,0,0,0,31.5,276,3.616,10,142,230.33,0,0,0,0,0,0,0,0,1,0,0,0,0,0,0,64.06,46,0.555,1,0,0,0,0,0,0,0,0,0,3440,2550,800,800,1090,1400,70,0.375,40,14.64,12.86,0,230.33,0,142,21,13.038,340.48,1,0.859,0.859,0.605,2.559,1.328,0.02,0,,,,342,0,0,0,0,0,0,0,0,0,0,6,0,0,7000,7000,26,257,1429,291,288,387,393,395,342,0,39321,793,551,947,864,850,693,26222,39321
47.377,17,3436,21,84,49,14.59,13.23,0.907,1,0,0,0,31.5,276,3.616,10,142,230.17,0,0,0,0,0,0,0,0,1,0,0,0,0,0,0,64.06,46,0.555,1,0,0,0,0,0,0,0,0,0,3440,2550,800,800,1090,1400,70,0.375,40,14.64,12.92,0,230.17,0,142,21,13.038,340.48,1,0.898,0.898,0.605,2.559,1.328,0.02,0,,,,393,0,0,0,0,0,0,0,0,0,0,6,0,0,7000,7000,26,257,1429,376,269,393,393,395,245,0,39321,800,558,947,871,855,686,26222,39321
47.437,17,3434,21,84,49,14.59,13.32,0.913,1,0,0,0,31.5,276,3.624,10,143,231,0,0,0,0,0,0,0,0,1,0,0,0,0,0,0,64.29,46,0.555,1,0,0,0,0,0,0,0,0,0,3440,2550,800,800,1090,1400,70,0.375,40,14.64,12.86,0,231,0,143,21,13.038,340.48,1,0.879,0.879,0.605,2.559,1.328,0.02,0,,,,393,0,0,0,0,0,0,0,0,0,0,6,0,0,7000,7000,26,257,1429,331,287,393,367,324,313,0,39321,805,570,947,871,857,676,26222,39321
47.497,17,3443,21,84,49,14.59,13.38,0.917,1,0,0,0,31.5,276,3.624,10,143,231,0,0,0,0,0,0,0,0,1,0,0,0,0,0,0,64.29,46,0.555,1,0,0,0,0,0,0,0,0,0,3440,2550,800,800,1090,1400,70,0.375,40,14.64,12.92,0,231,0,143,21,13.038,340.48,1,0.859,0.859,0.605,2.559,1.328,0.02,0,,,,245,0,0,0,0,0,0,0,0,0,0,6,0,0,7000,7000,26,257,1429,245,307,395,376,395,287,0,39321,795,579,947,874,866,667,26222,39321
47.557,17,3455,21,84,49,14.59,13.38,0.917,1,0,0,0,31,276,3.64,10,144,232.33,0,0,0,0,0,0,0,0,1,0,0,0,0,0,0,64.74,47,0.555,1,0,0,0,0,0,0,0,0,0,3440,2550,800,800,1090,1400,70,0.375,39.5,14.64,13.03,0,232.33,0,144,21,13.038,340.48,1,0.879,0.879,0.605,2.559,1.328,0.02,0,,,,395,0,0,0,0,0,0,0,0,0,0,6,0,0,7000,7000,26,257,1429,214,238,393,393,395,274,0,39321,776,584,945,874,869,667,26222,39321
47.617,17,3472,21,84,49,14.59,13.44,0.921,1,0,0,0,32,276,3.592,10,143,228.5,0,0,0,0,0,0,0,0,1,0,0,0,0,0,0,63.61,45,0.555,1,0,0,0,0,0,0,0,0,0,3480,2550,800,800,1090,1400,70,0.375,40.5,14.64,13.03,0,228.5,0,143,21,13.038,343.04,1,0.938,0.938,0.605,2.559,1.328,0.02,0,,,,324,0,0,0,0,0,0,0,0,0,0,6,0,0,7000,7000,27,257,1429,305,214,395,324,395,267,0,39321,762,584,945,871,871,667,26222,39321
47.677,17,3472,21,84,48,14.59,13.41,0.919,1,0,0,0,32,276,3.592,10,143,228.5,0,0,0,0,0,0,0,0,1,0,0,0,0,0,0,63.61,45,0.555,1,0,0,0,0,0,0,0,0,0,3480,2550,800,800,1090,1400,70,0.375,40.5,14.64,12.98,0,228.5,0,143,21,13.038,343.04,1,0.859,0.859,0.605,2.578,1.328,0.02,0,,,,255,0,0,0,0,0,0,0,0,0,0,6,0,0,7000,7000,27,257,1429,267,255,393,233,395,303,0,39321,757,584,945,850,881,667,26222,39321
47.737,17,3469,21,84,48,14.59,13.41,0.919,1,0,0,0,32,276,3.576,10,142,227,0,0,0,0,0,0,0,0,1,0,0,0,0,0,0,63.17,45,0.555,1,0,0,0,0,0,0,0,0,0,3480,2550,800,800,1090,1400,70,0.375,40.5,14.64,12.98,0,227,0,142,21,13.038,343.04,1,0.859,0.859,0.605,2.578,1.309,0.02,0,,,,344,0,0,0,0,0,0,0,0,0,0,6,0,0,7000,7000,27,257,1429,344,258,395,253,395,300,0,39321,750,586,942,828,888,665,26222,39321
47.797,17,3477,21,84,48,14.59,13.35,0.915,1,0,0,0,32,276,3.584,10,142,227.33,0,0,0,0,0,0,0,0,1,0,0,0,0,0,0,63.39,45,0.555,1,0,0,0,0,0,0,0,0,0,3480,2550,800,800,1090,1400,70,0.375,40.5,14.64,12.86,0,227.33,0,142,21,13.038,343.04,1,0.84,0.84,0.605,2.578,1.309,0.02,0,,,,393,0,0,0,0,0,0,0,0,0,0,6,0,0,7000,7000,27,257,1429,336,196,395,324,393,222,0,39321,752,577,942,826,888,657,26222,39321
47.857,17,3494,21,84,48,14.59,13.29,0.911,1,0,0,0,32,276,3.552,10,142,225.33,0,0,0,0,0,0,0,0,1,0,0,0,0,0,0,62.72,45,0.555,1,0,0,0,0,0,0,0,0,0,3480,2550,800,800,1090,1400,70,0.375,40.5,14.64,12.92,0,225.33,0,142,21,13.038,343.04,1,0.82,0.82,0.605,2.578,1.309,0.02,0,,,,393,0,0,0,0,0,0,0,0,0,0,6,0,0,7000,7000,27,257,1429,338,262,393,373,393,227,0,39321,752,579,935,831,890,636,26222,39321
47.917,17,3511,21,84,48,14.59,13.23,0.907,1,0,0,0,32.5,276,3.536,10,141,223.83,0,0,0,0,0,0,0,0,1,0,0,0,0,0,0,62.27,44,0.555,1,0,0,0,0,0,0,0,0,0,3520,2550,800,800,1090,1400,70,0.379,41,14.64,12.92,0,223.83,0,141,21,13.038,343.04,1,0.82,0.82,0.605,2.578,1.309,0.02,0,,,,221,0,0,0,0,0,0,0,0,0,0,6,0,0,7000,7000,27,257,1429,378,221,391,391,391,221,0,39321,769,574,935,840,888,622,26222,39321
47.977,17,3518,21,84,48,14.59,13.23,0.907,1,0,0,0,32.5,276,3.544,10,142,224.5,0,0,0,0,0,0,0,0,1,0,0,0,0,0,0,62.49,44,0.555,1,0,0,0,0,0,0,0,0,0,3520,2550,800,800,1090,1400,70,0.379,41,14.64,12.81,0,224.5,0,142,21,13.038,343.04,1,0.84,0.84,0.605,2.578,1.309,0.02,0,,,,384,0,0,0,0,0,0,0,0,0,0,6,0,0,7000,7000,27,257,1429,384,235,393,378,343,197,0,39321,776,574,933,850,885,605,26222,39321
48.037,17,3526,21,84,48,14.59,13.1,0.898,1,0,0,0,32,276,3.576,10,144,226.67,0,0,0,0,0,0,0,0,1,0,0,0,0,0,0,63.17,45,0.555,1,0,0,0,0,0,0,0,0,0,3520,2550,800,800,1090,1400,70,0.379,40.5,14.64,12.86,0,226.67,0,144,21,13.038,343.04,1,0.82,0.82,0.605,2.578,1.309,0.02,0,,,,391,0,0,0,0,0,0,0,0,0,0,6,0,0,7000,7000,27,257,1429,370,211,393,348,391,192,0,39321,781,565,933,847,890,596,26222,39321
48.097,17,3528,21,84,48,14.59,13.07,0.896,1,0,0,0,32.5,276,3.536,10,142,223.83,0,0,0,0,0,0,0,0,1,0,0,0,0,0,0,62.27,44,0.555,1,0,0,0,0,0,0,0,0,0,3520,2550,800,800,1090,1400,70,0.379,41,14.64,12.81,0,223.83,0,142,21,13.038,343.04,1,0.898,0.898,0.586,2.578,1.328,0.02,0,,,,348,0,0,0,0,0,0,0,0,0,0,6,0,0,7000,7000,27,257,1429,391,197,391,348,393,257,0,39321,798,560,933,850,895,593,26222,39321
48.157,17,3536,21,84,48,14.59,13.07,0.896,1,0,0,0,32,276,3.576,10,144,226.83,0,0,0,0,0,0,0,0,1,0,0,0,0,0,0,63.17,45,0.555,1,0,0,0,0,0,0,0,0,0,3520,2550,800,800,1090,1400,70,0.379,40.5,14.64,12.81,0,226.83,0,144,21,13.038,343.04,1,0.879,0.879,0.605,2.578,1.328,0.02,0,,,,210,0,0,0,0,0,0,0,0,0,0,6,0,0,7000,7000,27,257,1429,393,210,393,319,391,210,0,39321,814,551,933,845,900,584,26222,39321
48.217,17,3548,21,84,48,14.53,13.07,0.9,1,0,0,0,32,276,3.576,10,145,227.17,0,0,0,0,0,0,0,0,1,0,0,0,0,0,0,63.17,45,0.555,1,0,0,0,0,0,0,0,0,0,3560,2550,800,800,1090,1400,70,0.379,40.5,14.59,12.75,0,227.17,0,145,21,13.038,343.04,1,0.859,0.859,0.605,2.578,1.328,0.02,0,,,,351,0,0,0,0,0,0,0,0,0,0,6,0,0,7000,7000,27,257,1429,351,194,393,384,391,137,0,39321,817,546,933,847,902,570,26222,39321
48.277,17,3566,21,84,48,14.53,13.07,0.9,1,0,0,0,32,276,3.568,10,145,225.33,0,0,0,0,0,0,0,0,1,0,0,0,0,0,0,63.61,45,0.547,1,0,0,0,0,0,0,0,0,0,3560,2550,800,800,1090,1400,70,0.379,40.5,14.59,12.81,0,225.33,0,145,21,13.038,343.04,1,0.879,0.879,0.605,2.578,1.328,0.02,0,,,,284,0,0,0,0,0,0,0,0,0,0,6,0,0,7000,7000,27,257,1429,369,377,388,317,390,284,0,39321,819,572,931,843,904,572,26222,39321
48.337,17,3568,21,84,48,14.53,13.19,0.908,1,0,0,0,32,276,3.6,10,146,227.83,0,0,0,0,0,0,0,0,1,0,0,0,0,0,0,63.39,45,0.555,1,0,0,0,0,0,0,0,0,0,3560,2550,800,800,1090,1400,70,0.387,40.5,14.59,12.75,0,227.83,0,146,21,13.038,343.04,1,0.84,0.84,0.605,2.578,1.328,0.02,0,,,,377,0,0,0,0,0,0,0,0,0,0,6,0,0,7000,7000,27,257,1429,388,284,390,377,388,244,0,39321,833,593,931,850,904,572,26222,39321
48.397,18,3556,21,84,48,14.53,13.29,0.915,1,0,0,0,31.5,276,3.616,10,147,229.33,0,0,0,0,0,0,0,0,1,0,0,0,0,0,0,63.84,46,0.555,1,0,0,0,0,0,0,0,0,0,3560,2550,800,800,1090,1400,70,0.387,40,14.59,12.81,0,229.33,0,147,21,13.038,343.04,1,0.879,0.879,0.605,2.578,1.348,0.02,0,,,,380,0,0,0,0,0,0,0,0,0,0,6,0,0,7000,7000,27,257,1429,311,275,380,380,380,236,0,39321,824,596,928,852,907,579,26222,39321
48.457,18,3558,21,84,48,14.53,13.29,0.915,1,0,0,0,31.5,276,3.616,10,147,229.5,0,0,0,0,0,0,0,0,1,0,0,0,0,0,0,63.84,46,0.555,1,0,0,0,0,0,0,0,0,0,3560,2550,800,800,1090,1400,70,0.387,40,14.59,12.98,0,229.5,0,147,21,13.038,343.04,1,0.918,0.918,0.605,2.578,1.348,0.02,0,,,,279,0,0,0,0,0,0,0,0,0,0,6,0,0,7000,7000,27,257,1429,378,279,378,345,380,243,0,39321,828,600,928,847,907,579,26222,39321
48.517,19,3579,21,84,48,14.53,13.32,0.917,1,0,0,0,31,276,3.672,10,151,234.17,0,0,0,0,0,0,0,0,1,0,0,0,0,0,0,65.19,47,0.555,1,0,0,0,0,0,0,0,0,0,3560,2550,800,800,1090,1400,69,0.391,39.5,14.59,12.98,0,234.17,0,151,21,13.038,340.48,1,0.898,0.898,0.605,2.578,1.387,0.02,0,,,,338,0,0,0,0,0,0,0,0,0,0,6,0,0,7000,7000,26,257,1429,319,281,380,324,380,338,0,39321,824,605,926,843,904,603,26222,39321
48.577,20,3602,21,84,48,14.47,13.38,0.924,1,0,0,0,30,276,3.752,11,155,239.5,0,0,0,0,0,0,0,0,1,0,0,0,0,0,0,66.76,49,0.555,1,0,0,0,0,0,0,0,0,0,3600,2550,800,800,1090,1400,69,0.398,38.5,14.53,12.92,0,239.5,0,155,21,13.038,337.92,1,0.918,0.918,0.605,2.578,1.426,0.02,0,,,,350,0,0,0,0,0,0,0,0,0,0,6,0,0,7000,7000,26,257,1429,298,211,367,333,350,257,0,39321,814,593,921,843,897,603,26222,39321
48.637,22,3617,21,84,48,14.41,13.38,0.928,1,0,0,0,29.5,270,3.96,11,166,254.83,0,0,0,0,0,0,0,0,1,0,0,0,0,0,0,69.01,51,0.57,1,0,0,0,0,0,0,0,0,0,3600,2550,800,800,1090,1400,69,0.414,38,14.47,12.92,0,254.83,0,166,21,13.038,337.92,1,1.035,1.035,0.586,2.598,1.484,0.02,0,,,,339,0,0,0,0,0,0,0,0,0,0,6,0,0,7000,7000,26,257,1429,304,302,360,339,309,284,0,39321,812,600,912,843,885,615,26222,39321
48.697,24,3628,21,84,48,14.24,13.57,0.953,1,0,0,0,28.5,270,4.208,12,178,272.33,0,0,0,0,0,0,0,0,1,0,0,0,0,0,0,72.83,55,0.578,1,0,0,0,0,0,0,0,0,0,3640,2550,800,800,1090,1400,68,0.426,37,14.3,13.09,0,272.33,0,178,21,13.038,332.8,1,1.035,1.035,0.586,2.598,1.563,0.02,0,,,,347,0,0,0,0,0,0,0,0,0,0,6,0,0,7000,7000,25,257,1429,325,298,347,349,349,179,0,39321,800,612,902,840,881,596,26222,39321
48.757,25,3644,21,84,48,14.18,13.82,0.974,1,0,0,0,28,270,4.384,13,187,284.5,0,0,0,0,0,0,0,0,1,0,0,0,0,0,0,75.98,58,0.578,1,0,0,0,0,0,0,0,0,0,3640,2550,800,800,1090,1400,68,0.438,36.5,14.24,13.38,0,284.5,0,187,21,13.038,330.24,1,1.172,1.172,0.605,2.598,1.621,0.02,0,,,,260,0,0,0,0,0,0,0,0,0,0,6,0,0,7000,7000,24,257,1429,334,260,328,239,344,209,0,39321,788,615,895,817,874,581,26222,39321
48.817,27,3663,21,84,48,14.07,14.16,1.006,1,0,0,0,27,270,4.616,14,198,301,0,0,0,0,0,0,0,0,1,0,0,0,0,0,0,79.35,62,0.586,1,0,0,0,0,0,0,0,0,0,3680,2550,800,800,1090,1400,67,0.453,35.5,14.13,13.26,0,301,0,198,21,13.038,327.68,1,1.211,1.211,0.605,2.598,1.68,0.02,0,,,,290,0,0,0,0,0,0,0,0,0,0,6,0,0,7000,7000,24,257,1429,290,244,342,214,342,251,0,39321,786,612,885,788,866,574,26222,39321
48.877,29,3687,21,84,48,14.07,14.16,1.006,1,0,0,0,26.5,270,4.912,15,214,322.33,0,0,0,0,0,0,0,0,1,0,0,0,0,0,0,81.6,64,0.609,1,0,0,0,0,0,0,0,0,0,3680,2550,800,800,1090,1400,67,0.465,35,14.13,13.67,0,322.33,0,214,21,13.038,325.12,1,1.25,1.25,0.605,2.598,1.738,0.02,0,,,,190,0,0,0,0,0,0,0,0,0,0,6,0,0,7000,7000,23,257,1429,239,273,338,319,325,190,0,39321,774,615,876,783,857,555,26222,39321
48.936,31,3714,21,84,48,13.9,14.48,1.042,1,0,0,0,25.5,264,5.312,16,233,349,0,0,0,0,0,0,0,0,1,0,0,0,0,0,0,85.2,68,0.633,1,0,0,0,0,0,0,0,0,0,3720,2550,800,800,1090,1400,66,0.473,34,13.95,14.01,0,349,0,233,21,13.038,320,1,1.328,1.328,0.605,2.598,1.816,0.02,0,,,,331,0,0,0,0,0,0,0,0,0,0,6,0,0,7000,7000,22,257,1429,257,202,333,279,331,209,0,39321,762,600,866,762,840,551,26222,39321
48.996,33,3734,21,84,48,13.84,14.7,1.062,1,0,0,0,25.5,264,5.616,17,249,370.67,0,0,0,0,0,0,0,0,1,0,0,0,0,0,0,88.34,72,0.648,1,0,0,0,0,0,0,0,0,0,3720,2550,800,800,1090,1400,66,0.484,34,13.9,14.07,0,370.67,0,249,21,13.038,317.44,1,1.387,1.387,0.605,2.598,1.895,0.02,0,,,,262,0,0,0,0,0,0,0,0,0,0,6,0,0,7000,7000,22,257,1429,273,162,329,262,333,211,0,39321,741,577,857,748,838,555,26222,39321
49.057,34,3759,21,84,48,13.72,14.66,1.068,1,0,0,0,25.5,258,5.896,18,263,388.67,0,0,0,0,0,0,0,0,1,0,0,0,0,0,0,89.24,72,0.672,1,0,0,0,0,0,0,0,0,0,3760,2550,800,800,1090,1400,66,0.492,34,13.78,14.24,0,388.67,0,263,21,13.038,317.44,1,1.445,1.445,0.605,2.598,1.953,0.02,0,,,,315,0,0,0,0,0,0,0,0,0,0,6,0,0,7000,7000,22,257,1429,177,218,315,305,321,235,0,39321,712,565,843,748,831,553,26222,39321
49.117,35,3787,21,84,48,13.67,14.66,1.072,1,0,0,0,25,258,6.04,19,271,397.83,0,0,0,0,0,0,0,0,1,0,0,0,0,0,0,90.37,74,0.68,1,0,0,0,0,0,0,0,0,0,3800,2550,800,800,1090,1400,66,0.5,33.5,13.72,14.18,0,397.83,0,271,21,13.038,314.88,1,1.445,1.445,0.605,2.598,1.973,0.02,0,,,,313,0,0,0,0,0,0,0,0,0,0,6,0,0,7000,7000,21,257,1429,268,169,313,202,317,180,0,39321,695,543,831,731,821,543,26222,39321
49.176,35,3805,21,84,48,13.67,14.41,1.054,1,0,0,0,25,258,6.064,19,274,399.5,0,0,0,0,0,0,0,0,1,0,0,0,0,0,0,90.82,74,0.68,1,0,0,0,0,0,0,0,0,0,3800,2550,800,800,1090,1400,66,0.5,33.5,13.72,13.95,0,399.5,0,274,21,13.038,314.88,1,1.406,1.406,0.605,2.598,1.992,0.02,0,,,,200,0,0,0,0,0,0,0,0,0,0,6,0,0,7000,7000,21,257,1429,255,200,313,312,312,173,0,39321,691,529,824,733,812,527,26222,39321
49.236,35,3819,21,84,48,13.67,13.94,1.02,1,0,0,0,25.5,258,6.016,19,272,396.17,0,0,0,0,0,0,0,0,1,0,0,0,0,0,0,89.92,73,0.68,1,0,0,0,0,0,0,0,0,0,3800,2550,800,800,1090,1400,66,0.5,34,13.72,14.07,0,396.17,0,272,21,12.965,314.88,1,1.406,1.406,0.605,2.598,1.973,0.02,0,,,,254,0,0,0,0,0,0,0,0,0,0,6,0,0,7000,7000,21,257,1429,254,186,312,307,313,171,0,39321,684,517,814,729,802,513,26222,39321
49.296,34,3852,21,84,48,13.72,13.6,0.991,1,0,0,0,25.5,258,5.92,18,269,388.67,0,0,0,0,0,0,0,0,1,0,0,0,0,0,0,89.24,72,0.672,1,0,0,0,0,0,0,0,0,0,3840,2550,800,800,1090,1400,65,0.496,34,13.78,13.61,0,388.67,0,269,21,12.965,317.44,1,1.445,1.445,0.586,2.598,1.953,0.02,0,,,,230,0,0,0,0,0,0,0,0,0,0,6,0,0,7000,7000,22,257,1429,230,196,305,247,279,150,0,39321,672,513,805,719,793,494,26222,39321
49.356,32,3881,21,84,48,13.72,13.6,0.991,1,0,0,0,25.5,258,5.8,18,265,379.67,0,0,0,0,0,0,0,0,1,0,0,0,0,0,0,88.12,71,0.664,1,0,0,0,0,0,0,0,0,0,3880,2550,800,800,1090,1400,65,0.496,34,13.78,13.26,0,379.67,0,265,21,12.965,317.44,1,1.387,1.387,0.586,2.617,1.875,0.02,0,,,,152,0,0,0,0,0,0,0,0,0,0,6,0,0,7000,7000,22,257,1429,152,225,308,235,311,196,0,39321,643,505,795,707,786,479,26222,39321
49.416,28,3903,21,84,48,13.84,13.44,0.971,1,0,0,0,26,258,5.232,17,239,339.83,0,0,0,0,0,0,0,0,1,0,0,0,0,0,0,83.85,67,0.625,1,0,0,0,0,0,0,0,0,0,3920,2550,800,800,1090,1400,65,0.477,34.5,13.9,13.15,0,339.83,0,239,21,12.965,322.56,1,1.309,1.309,0.586,2.617,1.719,0.02,0,,,,132,0,0,0,0,0,0,0,0,0,0,6,0,0,7000,7000,23,257,1429,269,281,306,206,306,132,0,39321,643,529,788,674,779,475,26222,39321
49.476,26,3906,21,84,48,13.95,13.29,0.952,1,0,0,0,26.5,264,4.848,15,221,313.67,0,0,0,0,0,0,0,0,1,0,0,0,0,0,0,80.25,63,0.602,1,0,0,0,0,0,0,0,0,0,3920,2550,800,800,1090,1400,66,0.453,35,14.01,13.09,0,312.67,0,220,21,12.965,325.12,1,1.191,1.191,0.586,2.617,1.66,0.02,0,,,,170,0,0,0,0,0,0,0,0,0,0,6,0,0,7000,7000,23,257,1429,197,309,309,308,282,170,0,39321,617,555,781,674,769,477,26222,39321
49.536,24,3912,21,84,48,14.01,13.29,0.948,1,0,0,0,28,264,4.448,14,201,285.33,0,0,0,0,0,0,0,0,1,0,0,0,0,0,0,75.98,58,0.578,1,0,0,0,0,0,0,0,0,0,3920,2550,800,800,1090,1400,67,0.441,36.5,14.07,12.92,0,285.33,0,201,21,12.965,330.24,1,1.152,1.152,0.586,2.617,1.582,0.02,0,,,,207,0,0,0,0,0,0,0,0,0,0,6,0,0,7000,7000,24,257,1429,188,311,312,311,312,207,0,39321,605,572,776,681,764,470,26222,39321
49.596,22,3927,21,84,48,14.07,13.16,0.935,1,0,0,0,29,264,4.152,13,186,263.67,0,0,0,0,0,0,0,0,1,0,0,0,0,0,0,72.16,54,0.563,1,0,0,0,0,0,0,0,0,0,3920,2550,800,800,1090,1400,67,0.426,37.5,14.13,12.81,0,263.67,0,186,21,12.965,332.8,1,1.113,1.113,0.586,2.617,1.504,0.02,0,,,,196,0,0,0,0,0,0,0,0,0,0,6,0,0,7000,7000,25,257,1429,306,283,315,315,315,196,0,39321,605,581,774,684,762,465,26222,39321
49.656,22,3943,21,84,48,14.07,13.13,0.933,1,0,0,0,29.5,264,4.032,13,181,255,0,0,0,0,0,0,0,0,1,0,0,0,0,0,0,69.91,52,0.563,1,0,0,0,0,0,0,0,0,0,3960,2550,800,800,1090,1400,67,0.426,38,14.13,12.81,0,255,0,181,21,12.965,335.36,1,1.016,1.016,0.586,2.617,1.484,0.02,0,,,,318,0,0,0,0,0,0,0,0,0,0,6,0,0,7000,7000,25,257,1429,279,305,317,311,318,203,0,39321,612,600,771,691,760,467,26222,39321
49.716,22,3968,21,84,48,14.07,13.1,0.931,1,0,0,0,29.5,264,3.952,13,177,248,0,0,0,0,0,0,0,0,1,0,0,0,0,0,0,69.01,51,0.555,1,0,0,0,0,0,0,0,0,0,3960,2550,800,800,1090,1400,67,0.426,38,14.13,12.75,0,248,0,177,21,12.965,337.92,1,0.957,0.957,0.586,2.617,1.484,0.02,0,,,,315,0,0,0,0,0,0,0,0,0,0,6,0,0,7000,7000,26,257,1429,237,191,315,244,315,186,0,39321,615,600,771,686,757,467,26222,39321
49.776,22,3990,21,84,48,14.07,13.1,0.931,1,0,0,0,29.5,264,3.952,13,178,248.33,0,0,0,0,0,0,0,0,1,0,0,0,0,0,0,69.23,51,0.555,1,0,0,0,0,0,0,0,0,0,4000,2550,800,800,1090,1400,67,0.426,38,14.13,12.69,0,248.33,0,178,21,12.965,335.36,1,0.918,0.918,0.586,2.617,1.484,0.02,0,,,,279,0,0,0,0,0,0,0,0,0,0,6,0,0,7000,7000,25,257,1429,278,265,281,259,279,209,0,39321,622,600,764,686,748,460,26222,39321
49.836,21,4006,21,84,48,14.07,13.19,0.937,1,0,0,0,30,270,3.856,12,173,240.33,0,0,0,0,0,0,0,0,1,0,0,0,0,0,0,67.89,50,0.547,1,0,0,0,0,0,0,0,0,0,4000,2550,800,800,1090,1400,67,0.418,38.5,14.13,12.81,0,240.33,0,173,21,12.965,337.92,1,0.898,0.898,0.586,2.617,1.465,0.02,0,,,,284,0,0,0,0,0,0,0,0,0,0,4,0,0,7000,7000,26,257,1429,282,203,284,269,284,149,0,39321,624,591,752,679,733,441,26222,39321
49.896,21,4012,21,84,48,14.07,13.29,0.945,1,0,0,0,30,270,3.864,12,174,241,0,0,0,0,0,0,0,0,1,0,0,0,0,0,0,68.11,50,0.547,1,0,0,0,0,0,0,0,0,0,4000,2550,800,800,1090,1400,67,0.418,38.5,14.13,12.75,0,241,0,174,21,12.965,337.92,1,0.898,0.898,0.586,2.617,1.465,0.02,0,,,,284,0,0,0,0,0,0,0,0,0,0,4,0,0,7000,7000,26,257,1429,234,140,284,189,284,126,0,39321,617,577,743,665,724,437,26222,39321
49.956,21,4022,21,84,48,14.07,13.41,0.953,1,0,0,0,30,270,3.816,12,172,237.83,0,0,0,0,0,0,0,0,1,0,0,0,0,0,0,67.21,49,0.547,1,0,0,0,0,0,0,0,0,0,4040,2550,800,800,1090,1400,67,0.418,38.5,14.13,12.86,0,237.83,0,172,21,12.965,337.92,1,0.898,0.898,0.586,2.617,1.465,0.02,0,,,,282,0,0,0,0,0,0,0,0,0,0,4,0,0,7000,7000,26,257,1429,255,218,284,272,282,129,0,39321,615,572,733,665,717,425,26222,39321
50.016,21,4032,21,84,48,14.07,13.41,0.953,1,0,0,0,30,270,3.776,12,170,234.17,0,0,0,0,0,0,0,0,1,0,0,0,0,0,0,66.09,48,0.547,1,0,0,0,0,0,0,0,0,0,4040,2550,800,800,1090,1400,67,0.422,38.5,14.13,12.98,0,234.17,0,170,21,12.965,340.48,1,0.898,0.898,0.586,2.617,1.445,0.02,0,,,,248,0,0,0,0,0,0,0,0,0,0,4,0,0,7000,7000,26,257,1429,214,230,264,279,248,150,0,39321,603,574,722,665,703,418,26222,39321
50.076,20,4038,21,84,48,14.07,13.47,0.957,1,0,0,0,31.5,270,3.656,12,164,225.5,0,0,0,0,0,0,0,0,1,0,0,0,0,0,0,64.51,46,0.539,1,0,0,0,0,0,0,0,0,0,4040,2550,800,800,1090,1400,68,0.41,40,14.13,13.09,0,225.5,0,164,21,12.965,340.48,1,0.918,0.918,0.586,2.617,1.406,0.02,0,,,,257,0,0,0,0,0,0,0,0,0,0,4,0,0,7000,7000,26,257,1429,281,212,282,282,257,109,0,39321,610,574,714,662,693,403,26222,39321
50.136,18,4038,21,84,48,14.07,13.47,0.957,1,0,0,0,32,270,3.496,11,155,212.67,0,0,0,0,0,0,0,0,1,0,0,0,0,0,0,62.72,45,0.523,1,0,0,0,0,0,0,0,0,0,4040,2550,800,800,1090,1400,68,0.395,40.5,14.13,13.15,0,212.67,0,155,21,13.038,343.04,1,0.898,0.898,0.586,2.617,1.367,0.02,0,,,,126,0,0,0,0,0,0,0,0,0,0,4,0,0,7000,7000,27,257,1429,286,193,285,255,214,126,0,39321,617,572,710,660,669,396,26222,39321
50.196,18,4035,21,84,48,14.07,13.35,0.949,1,0,0,0,33,270,3.424,11,151,207.5,0,0,0,0,0,0,0,0,1,0,0,0,0,0,0,61.14,43,0.523,1,0,0,0,0,0,0,0,0,0,4040,2550,800,800,1090,1400,68,0.395,41.5,14.13,13.09,0,207.5,0,151,21,13.038,345.6,1,0.879,0.879,0.586,2.617,1.367,0.02,0,,,,135,0,0,0,0,0,0,0,0,0,0,4,0,0,7000,7000,27,257,1429,219,254,286,232,239,135,0,39321,615,567,705,646,662,389,26222,39321
50.256,18,4055,21,84,47,14.07,13.35,0.949,1,0,0,0,33,270,3.416,11,151,206.5,0,0,0,0,0,0,0,0,1,0,0,0,0,0,0,60.92,43,0.523,1,0,0,0,0,0,0,0,0,0,4040,2550,800,800,1090,1400,68,0.395,41.5,14.13,13.03,0,206.5,0,151,21,13.038,345.6,1,0.82,0.82,0.586,2.617,1.348,0.02,0,,,,125,0,0,0,0,0,0,0,0,0,0,4,0,0,7000,7000,27,257,1429,259,232,286,224,286,125,0,39321,615,560,703,629,665,377,26222,39321
50.316,17,4081,21,84,47,14.07,13.26,0.942,1,0,0,0,33.5,270,3.344,11,148,201.17,0,0,0,0,0,0,0,0,1,0,0,0,0,0,0,60.24,42,0.516,1,0,0,0,0,0,0,0,0,0,4080,2550,800,800,1090,1400,68,0.387,42,14.13,12.98,0,201.17,0,148,21,13.038,345.6,1,0.762,0.762,0.586,2.617,1.328,0.02,0,,,,168,0,0,0,0,0,0,0,0,0,0,4,0,0,7000,7000,27,257,1429,286,236,286,275,266,168,0,39321,622,555,700,622,662,377,26222,39321
50.376,17,4088,21,84,47,14.07,13.16,0.935,1,0,0,0,34,270,3.312,11,146,198.33,0,0,0,0,0,0,0,0,1,0,0,0,0,0,0,59.34,41,0.516,1,0,0,0,0,0,0,0,0,0,4080,2550,800,800,1090,1400,68,0.387,42.5,14.13,12.98,0,198.33,0,146,21,13.038,345.6,1,0.781,0.781,0.586,2.617,1.328,0.02,0,,,,169,0,0,0,0,0,0,0,0,0,0,4,0,0,7000,7000,27,257,1429,297,177,297,283,219,169,0,39321,631,555,700,619,648,380,26222,39321
50.436,17,4074,21,84,47,14.07,13.16,0.935,1,0,0,0,34,270,3.32,11,146,198.83,0,0,0,0,0,0,0,0,1,0,0,0,0,0,0,59.57,41,0.516,1,0,0,0,0,0,0,0,0,0,4080,2550,800,800,1090,1400,68,0.387,42.5,14.13,12.86,0,198.83,0,146,21,13.038,345.6,1,0.781,0.781,0.586,2.617,1.328,0.02,0,,,,271,0,0,0,0,0,0,0,0,0,0,4,0,0,7000,7000,27,257,1429,271,223,293,223,249,182,0,39321,627,555,698,615,643,382,26222,39321
50.496,17,4078,21,84,47,14.07,13.07,0.929,1,0,0,0,34,270,3.32,11,146,199,0,0,0,0,0,0,0,0,1,0,0,0,0,0,0,59.57,41,0.516,1,0,0,0,0,0,0,0,0,0,4080,2550,800,800,1090,1400,68,0.387,42.5,14.13,12.81,0,199,0,146,21,13.038,345.6,1,0.762,0.762,0.586,2.617,1.328,0.02,0,,,,271,0,0,0,0,0,0,0,0,0,0,4,0,0,7000,7000,27,257,1429,271,212,296,266,296,167,0,39321,631,553,700,603,646,380,26222,39321
50.556,18,4098,21,84,47,14.07,13.07,0.929,1,0,0,0,33.5,270,3.384,11,150,204,0,0,0,0,0,0,0,0,1,0,0,0,0,0,0,60.24,42,0.523,1,0,0,0,0,0,0,0,0,0,4080,2550,800,800,1090,1400,68,0.395,42,14.13,12.75,0,204,0,150,21,13.038,345.6,1,0.781,0.781,0.586,2.617,1.367,0.02,0,,,,259,0,0,0,0,0,0,0,0,0,0,4,0,0,7000,7000,27,257,1429,259,215,286,188,241,183,0,39321,634,560,700,589,636,380,26222,39321
50.616,20,4118,21,84,47,14.01,13.1,0.935,1,0,0,0,33,270,3.528,12,159,214.5,0,0,0,0,0,0,0,0,1,0,0,0,0,0,0,61.37,43,0.539,1,0,0,0,0,0,0,0,0,0,4120,2550,800,800,1090,1400,68,0.41,41.5,14.07,12.75,0,214.5,0,159,21,13.038,345.6,1,0.82,0.82,0.586,2.617,1.426,0.02,0,,,,284,0,0,0,0,0,0,0,0,0,0,4,0,0,7000,7000,27,257,1429,284,274,283,194,205,191,0,39321,638,567,695,570,624,389,26222,39321
50.676,24,4128,21,84,47,14.01,13.1,0.935,1,0,0,0,31,270,3.864,13,178,240,0,0,0,0,0,0,0,0,1,0,0,0,0,0,0,64.96,47,0.57,1,0,0,0,0,0,0,0,0,0,4120,2550,800,800,1090,1400,67,0.438,39.5,14.07,12.81,0,240,0,178,21,13.038,340.48,1,0.918,0.918,0.586,2.617,1.563,0.02,0,,,,281,0,0,0,0,0,0,0,0,0,0,4,0,0,7000,7000,26,257,1429,208,281,230,150,250,164,0,39321,631,574,676,543,612,391,26222,39321
50.736,35,4142,21,84,47,13.72,13.19,0.961,1,0,0,0,27,258,5.384,18,264,354.5,0,0,0,0,0,0,0,0,1,0,0,0,0,0,0,80.92,64,0.68,1,0,0,0,0,0,0,0,0,0,4160,2550,800,800,1090,1400,64,0.52,35.5,13.78,12.81,0,354.5,0,264,21,13.038,325.12,1,1.27,1.27,0.586,2.617,1.992,0.02,0,,,,229,0,0,0,0,0,0,0,0,0,0,4,0,0,7000,7000,23,257,1429,270,229,275,195,234,153,0,39321,631,570,674,529,600,391,26222,39321
50.796,47,4222,21,84,47,13.26,13.69,1.032,1,0,0,0.188,25.5,252,7.376,25,367,482.67,0,0,0,0,0,0,1,0,1,0,0,0,0,0,0,96.44,80,0.773,1,0,0,0,0,0,0,0,0,0,4240,2550,800,800,1090,1400,63,0.566,34,13.32,12.75,0,482.67,0,367,21,12.965,309.76,1,1.582,1.582,0.586,2.637,2.441,0.02,0,,,,263,0,0,0,0,0,0,0,0,0,0,4,0,0,7000,7000,20,257,1429,167,207,263,132,189,135,0,39321,612,560,665,503,584,384,26222,39321
50.856,54,4295,21,84,47,13.15,13.73,1.044,1,0,0,0.035,25,240,7.768,27,392,506.5,0,0,0,0,0,0,1,0,1,0,0,0,0,0,0,100.03,84,0.781,1,0,0,0,0,0,0,0,0,0,4280,2550,800,800,1090,1400,62,0.59,33.5,13.21,13.15,0,506.5,0,392,21,12.965,304.64,1,1.66,1.66,0.586,2.637,2.676,0.02,0,,,,132,0,0,0,0,0,0,0,0,0,0,4,0,0,7000,7000,19,257,1429,197,222,116,132,265,117,0,39321,600,555,638,467,589,370,26222,39321
50.916,55,4273,21,84,47,13.09,13.73,1.049,1,0,0,0,24.5,240,7.936,28,400,520.17,0,0,0,0,0,0,1,0,1,0,0,0,0,0,0,102.96,87,0.781,1,0,0,0,0,0,0,0,0,0,4280,2550,800,800,1090,1400,62,0.59,33,13.15,13.26,0,520.17,0,400,21,12.965,302.08,1,1.602,1.602,0.586,2.637,2.734,0.02,0,,,,93,0,0,0,0,0,0,0,0,0,0,4,0,0,7000,7000,19,257,1429,176,214,195,93,266,121,0,39321,574,543,617,441,593,363,26222,39321
50.976,56,4244,21,84,47,13.15,13.35,1.015,1,0,0,0,24.5,246,7.896,27,395,517.17,0,0,0,0,0,0,1,0,1,0,0,0,0,0,0,100.93,85,0.789,1,0,0,0,0,0,0,0,0,0,4240,2550,800,800,1090,1400,62,0.59,33,13.21,12.86,0,517.17,0,395,21,12.965,304.64,1,1.621,1.621,0.586,2.637,2.773,0.02,0,,,,265,0,0,0,0,0,0,0,0,0,0,4,0,0,7000,7000,19,257,1429,193,226,141,134,265,139,0,39321,565,548,593,437,600,356,26222,39321
51.036,60,4269,21,84,47,13.09,12.98,0.991,1,0,0,0,25,246,8.216,29,415,540.33,0,0,0,0,0,0,1,0,1,0,0,0,0,0,0,102.51,86,0.813,1,0,0,0,0,0,0,0,0,0,4280,2550,800,800,1090,1400,62,0.594,33.5,13.15,12.81,0,540.33,0,415,21,12.965,302.08,1,1.68,1.68,0.586,2.637,2.891,0.02,0,,,,120,0,0,0,0,0,0,0,0,0,0,4,0,0,7000,7000,19,257,1429,149,237,210,120,231,120,0,39321,541,543,579,425,589,356,26222,39321
51.096,68,4359,21,84,47,13.09,12.98,0.991,1,0,0,0,25,240,8.728,31,451,574.67,0,0,0,0,0,0,1,0,1,0,0,0,0,0,0,102.06,86,0.867,1,0,0,0,0,0,0,0,0,0,4360,2550,800,800,1090,1400,61,0.617,33.5,13.15,12.46,0,574.67,0,451,21,12.965,304.64,1,1.66,1.66,0.586,2.637,3.184,0.02,0,,,,178,0,0,0,0,0,0,0,0,0,0,4,0,0,7000,7000,19,257,1429,178,230,188,138,134,100,0,39321,517,529,555,422,572,344,26222,39321
51.156,73,4397,21,84,47,13.03,12.72,0.976,1,0,0,0,24.5,240,8.864,32,461,582.17,0,0,0,0,0,0,1,0,1,0,0,0,0,0,0,103.63,88,0.867,1,0,0,0,0,0,0,0,0,0,4400,2550,800,800,1090,1400,60,0.629,33,13.09,12.29,0,582.17,0,461,21,12.965,302.08,1,1.777,1.777,0.586,2.637,3.398,0.02,0,,,,192,0,0,0,0,0,0,0,0,0,0,4,0,0,7000,7000,19,257,1429,186,192,216,135,108,173,0,39321,517,517,553,403,536,344,26222,39321
51.216,74,4413,21,84,47,12.98,12.38,0.954,1,0,0,0,24.5,234,9.016,33,469,590.33,0,0,0,0,0,0,1,0,1,0,0,0,0,0,0,105.2,89,0.867,1,0,0,0,0,0,0,0,0,0,4400,2550,800,800,1090,1400,60,0.629,33,13.03,12.0,0,590.33,0,469,21,12.965,299.52,1,1.797,1.797,0.586,2.637,3.438,0.02,0,,,,225,0,0,0,0,0,0,0,0,0,0,4,0,0,7000,7000,18,257,1429,160,194,225,201,195,141,0,39321,510,513,555,413,534,349,26222,39321
51.276,75,4424,21,84,47,12.98,12.04,0.928,1,0,0,0,24.5,234,9.008,33,469,589.5,0,0,0,0,0,0,1,0,1,0,0,0,0,0,0,104.98,89,0.867,1,0,0,0,0,0,0,0,0,0,4440,2550,800,800,1090,1400,60,0.629,33,13.03,12.06,0,589.5,0,469,21,12.965,299.52,1,1.66,1.66,0.586,2.637,3.477,0.02,0,,,,149,0,0,0,0,0,0,0,0,0,0,4,0,0,7000,7000,18,257,1429,132,154,269,194,149,111,0,39321,494,505,565,420,508,344,26222,39321
51.336,78,4448,21,84,47,12.98,12.04,0.928,1,0,0,0,24.5,234,9,33,472,589,0,0,0,0,0,0,1,0,1,0,0,0,0,0,0,104.75,89,0.867,1,0,0,0,0,0,0,0,0,0,4440,2550,800,800,1090,1400,60,0.641,33,13.03,11.66,0,589,0,472,21,12.965,302.08,1,1.855,1.855,0.586,2.656,3.555,0.02,0,,,,129,0,0,0,0,0,0,0,0,0,0,4,0,0,7000,7000,19,257,1429,265,192,243,145,143,129,0,39321,501,498,570,425,491,339,26222,39321
51.396,78,4504,21,84,47,12.98,11.76,0.906,1,0,0,0,25,240,9,33,474,586.5,0,0,0,0,0,0,1,0,1,0,0,0,0,0,0,104.3,88,0.867,1,0,0,0,0,0,0,0,0,0,4520,2550,800,800,1090,1400,60,0.645,33.5,13.03,11.37,0,586.5,0,474,21,12.965,302.08,1,1.816,1.816,0.586,2.656,3.574,0.02,0,,,,114,0,0,0,0,0,0,0,0,0,0,4,0,0,7000,7000,19,257,1429,114,74,217,81,87,90,0,39321,482,470,565,403,465,337,26222,39321
51.456,79,4533,21,84,47,12.92,11.6,0.898,1,0,0,0,24.5,240,9.008,34,479,587.17,0,0,0,0,0,0,1,0,1,0,0,0,0,0,0,104.53,89,0.867,1,0,0,0,0,0,0,0,0,0,4520,2550,800,800,1090,1400,60,0.648,33,12.98,11.37,0,587.17,0,479,21,12.965,302.08,1,1.719,1.719,0.586,2.656,3.594,0.02,0,,,,138,0,0,0,0,0,0,0,0,0,0,4,0,0,7000,7000,19,257,1429,92,58,138,57,74,84,0,39321,448,415,524,372,429,320,26222,39321
51.516,79,4557,21,84,47,12.86,11.47,0.891,1,0,0,0,25,234,9.104,34,487,593.67,0,0,0,0,0,0,1,0,1,0,0,0,0,0,0,104.75,89,0.875,1,0,0,0,0,0,0,0,0,0,4560,2550,800,800,1090,1400,59,0.656,33.5,12.92,11.2,0,593.67,0,487,21,12.965,302.08,1,1.68,1.68,0.586,2.656,3.594,0.02,0,,,,78,0,0,0,0,0,0,0,0,0,0,4,0,0,7000,7000,19,257,1429,97,51,140,66,78,83,0,39321,420,377,508,332,391,306,26222,39321
51.576,79,4578,21,84,47,12.86,11.47,0.891,1,0,0,0,25,234,9.128,34,489,592.83,0,0,0,0,0,0,1,0,1,0,0,0,0,0,0,104.53,89,0.875,1,0,0,0,0,0,0,0,0,0,4560,2550,800,800,1090,1400,59,0.656,33.5,12.92,11.14,0,592.83,0,489,21,12.965,302.08,1,1.66,1.66,0.586,2.656,3.594,0.02,0,,,,72,0,0,0,0,0,0,0,0,0,0,4,0,0,7000,7000,19,257,1429,69,37,71,51,66,72,0,39321,391,342,486,308,363,280,26222,39321
51.637,79,4629,21,84,47,12.86,11.38,0.885,1,0,0,0,25,234,9.096,35,492,590.67,0,0,0,0,0,0,1,0,1,0,0,0,0,0,0,104.08,88,0.875,1,0,0,0,0,0,0,0,0,0,4640,2550,800,800,1090,1400,59,0.656,33.5,12.92,11.14,0,590.67,0,492,21,12.965,302.08,1,1.699,1.699,0.586,2.656,3.613,0.02,0,,,,69,0,0,0,0,0,0,0,0,0,0,4,0,0,7000,7000,19,257,1429,66,69,95,57,109,89,0,39321,351,304,456,285,349,268,26222,39321
51.697,79,4664,21,84,47,12.81,11.29,0.882,1,0,0,0,25,234,9.144,35,496,591.33,0,0,0,0,0,0,1,0,1,0,0,0,0,0,0,104.3,88,0.875,1,0,0,0,0,0,0,0,0,0,4680,2550,800,800,1090,1400,59,0.664,33.5,12.86,11.03,0,591.33,0,496,21,12.965,302.08,1,1.836,1.836,0.586,2.656,3.613,0.02,0,,,,72,0,0,0,0,0,0,0,0,0,0,4,0,0,7000,7000,19,257,1429,70,63,51,72,111,93,0,39321,327,282,403,258,332,254,26222,39321
51.757,79,4681,21,84,47,12.81,11.25,0.878,1,0,0,0,25,234,9.112,35,496,589.17,0,0,0,0,0,0,1,0,1,0,0,0,0,0,0,103.85,88,0.875,1,0,0,0,0,0,0,0,0,0,4680,2550,800,800,1090,1400,59,0.668,33.5,12.86,10.91,0,589.17,0,496,21,12.965,302.08,1,1.777,1.777,0.586,2.656,3.613,0.02,0,,,,70,0,0,0,0,0,0,0,0,0,0,4,0,0,7000,7000,19,257,1429,57,52,98,80,96,70,0,39321,304,263,384,247,313,239,26222,39321
51.817,79,4708,21,84,47,12.81,11.25,0.878,1,0,0,0,25,234,9.168,35,503,593,0,0,0,0,0,0,1,0,1,0,0,0,0,0,0,104.53,89,0.875,1,0,0,0,0,0,0,0,0,0,4720,2550,800,800,1090,1400,59,0.668,33.5,12.86,10.97,0,593,0,503,21,12.965,302.08,1,1.68,1.68,0.586,2.656,3.613,0.02,0,,,,80,0,0,0,0,0,0,0,0,0,0,4,0,0,7000,7000,19,257,1429,63,80,82,67,124,78,0,39321,277,242,368,232,308,235,26222,39321
51.877,79,4730,21,84,47,12.81,11.19,0.874,1,0,0,0,25,234,9.144,35,502,591.5,0,0,0,0,0,0,1,0,1,0,0,0,0,0,0,104.3,88,0.875,1,0,0,0,0,0,0,0,0,0,4720,2550,800,800,1090,1400,59,0.668,33.5,12.86,10.85,0,591.5,0,502,21,12.965,302.08,1,1.855,1.855,0.586,2.656,3.613,0.02,0,,,,52,0,0,0,0,0,0,0,0,0,0,4,0,0,7000,7000,19,257,1429,67,48,132,52,93,85,0,39321,263,228,356,216,299,235,26222,39321
51.937,75,4752,21,84,47,12.81,11.16,0.871,1,0,0,0,25.5,234,9.064,35,501,585.83,0,0,0,0,0,0,1,0,1,0,0,0,0,0,0,103.18,87,0.875,1,0,0,0,0,0,0,0,0,0,4760,2550,800,800,1090,1400,59,0.664,34,12.86,10.85,0,585.83,0,501,21,12.965,302.08,1,1.738,1.738,0.586,2.676,3.457,0.02,0,,,,94,0,0,0,0,0,0,0,0,0,0,4,0,0,7000,7000,19,257,1429,94,75,88,72,84,73,0,39321,247,223,342,209,287,228,26222,39321
51.997,65,4784,21,84,47,12.75,11.16,0.875,1,0,0,0,25.5,234,8.92,35,494,573.33,0,0,0,0,0,0,1,0,1,0,0,0,0,0,0,102.73,87,0.859,1,0,0,0,0,0,0,0,0,0,4800,2550,800,800,1090,1400,59,0.656,34,12.81,10.68,0,573.33,0,494,21,12.965,302.08,1,1.66,1.66,0.586,2.676,3.086,0.02,0,,,,110,0,0,0,0,0,0,0,0,0,0,4,0,0,7000,7000,19,257,1429,66,54,110,56,102,99,0,39321,239,204,327,197,287,228,26222,39321
52.057,45,4816,21,84,47,12.92,11.13,0.861,1,0,0,0,26,240,7.392,29,408,470,0,0,0,0,0,0,1,0,1,0,0,0,0,0,0,96.44,80,0.75,1,0,0,0,0,0,0,0,0,0,4800,2550,800,800,1090,1400,60,0.598,34.5,12.98,10.68,0,470,0,408,21,12.965,309.76,1,1.543,1.543,0.586,2.676,2.344,0.02,0,,,,98,0,0,0,0,0,0,0,0,0,0,4,0,0,7000,7000,20,257,1429,78,61,87,62,98,76,0,39321,235,197,315,185,277,223,26222,39321
52.117,37,4821,21,84,47,13.03,11.1,0.851,1,0,0,0,27.5,246,6.072,24,334,385.17,0,0,0,0,0,0,0,0,1,0,0,0,0,0,0,88.34,72,0.672,1,0,0,0,0,0,0,0,0,0,4840,2550,800,800,1090,1400,62,0.563,36,13.09,10.62,0,385.17,0,334,21,12.965,317.44,1,1.445,1.445,0.586,2.676,2.051,0.02,0,,,,60,0,0,0,0,0,0,0,0,0,0,4,0,0,7000,7000,22,257,1429,63,60,91,82,87,87,0,39321,225,187,306,187,270,225,26222,39321
52.177,29,4812,21,84,46,13.21,11.07,0.838,1,0,0,0,28.5,252,5.088,20,271,313.83,0,0,0,0,0,0,0,0,1,0,0,0,0,0,0,79.35,62,0.609,1,0,0,0,0,0,0,0,0,0,4800,2550,800,800,1090,1400,63,0.508,37.5,13.26,10.68,0,313.83,0,271,21,12.965,327.68,1,1.211,1.211,0.586,2.676,1.738,0.02,0,,,,68,0,0,0,0,0,0,0,0,0,0,4,0,0,7000,7000,24,257,1429,93,74,119,68,103,127,0,39321,225,182,304,182,268,235,26222,39321
52.237,23,4803,21,84,46,13.26,11.07,0.834,1,0,0,0,29.5,252,4.368,17,227,263,0,0,0,0,0,0,0,0,1,0,0,0,0,0,0,71.03,53,0.57,1,0,0,0,0,0,0,0,0,0,4800,2550,800,800,1090,1400,65,0.449,38,13.32,10.8,0,263,0,227,21,12.965,335.36,1,0.996,0.996,0.586,2.676,1.543,0.02,0,,,,73,0,0,0,0,0,0,0,0,0,0,4,0,0,7000,7000,25,257,1429,73,67,101,86,104,123,0,39321,235,180,296,185,266,235,26222,39321
52.297,22,4803,21,84,46,13.26,11.13,0.839,1,0,0,0,30.5,258,3.936,15,201,233,0,0,0,0,0,0,0,0,1,0,0,0,0,0,0,64.74,47,0.555,1,0,0,0,0,0,0,0,0,0,4800,2550,800,800,1090,1400,66,0.441,39,13.32,10.97,0,233,0,201,21,12.965,340.48,1,0.879,0.879,0.586,2.676,1.484,0.02,0,,,,156,0,0,0,0,0,0,0,0,0,0,4,0,0,7000,7000,26,257,1429,117,67,156,67,139,105,0,39321,239,175,308,187,270,232,26222,39321
52.357,21,4826,21,84,46,13.26,11.13,0.839,1,0,0,0,32,258,3.824,15,196,224.67,0,0,0,0,0,0,0,0,1,0,0,0,0,0,0,63.39,45,0.547,1,0,0,0,0,0,0,0,0,0,4840,2550,800,800,1090,1400,66,0.43,40.5,13.32,10.91,0,224.67,0,196,21,12.965,343.04,1,0.84,0.84,0.586,2.676,1.465,0.02,0,,,,117,0,0,0,0,0,0,0,0,0,0,4,0,0,7000,7000,27,257,1429,103,83,100,56,117,104,0,39321,239,178,301,185,275,232,26222,39321
52.417,18,4859,21,84,46,13.26,11.13,0.839,1,0,0,0,33.5,258,3.496,14,176,200.83,0,0,0,0,0,0,0,0,0,0,0,0,0,0,0,59.12,41,0.523,1,0,0,0,0,0,0,0,0,0,4840,2550,800,800,1090,1400,67,0.402,42.5,13.32,10.85,0,200.83,0,176,21,12.965,345.6,1,0.781,0.781,0.586,2.676,1.348,0.02,0,,,,61,0,0,0,0,0,0,0,0,0,0,4,0,0,7000,7000,27,257,1429,92,61,100,56,113,99,0,39321,237,175,294,182,280,235,26222,39321
52.477,14,4816,21,84,46,13.26,11.13,0.839,1,0,0,0,35,258,3.232,12,157,181.33,0,0,0,0,0,0,0,0,0,0,0,0,0,0,0,54.4,36,0.516,1,0,0,0,0,0,0,0,0,0,4800,2550,800,800,1090,1400,69,0.359,45,13.32,10.91,0,181.33,0,157,21,12.965,350.72,1,0.645,0.645,0.586,2.676,1.191,0.02,0,,,,70,0,0,0,0,0,0,0,0,0,0,4,0,0,7000,7000,28,257,1429,94,59,90,70,157,78,0,39321,235,171,287,182,287,232,26222,39321
52.537,11,4739,21,84,46,13.44,11.1,0.826,1,0,0,0,36.5,258,3.008,11,142,166.33,0,0,0,0,0,0,0,0,0,0,0,0,0,0,0,52.15,33,0.492,1,0,0,0,0,0,0,0,0,0,4720,2550,800,800,1090,1400,70,0.336,46.5,13.49,10.85,0,166.33,0,142,21,12.965,353.28,1,0.625,0.625,0.586,2.656,1.094,0.02,0,,,,146,0,0,0,0,0,0,0,0,0,0,4,0,0,7000,7000,29,257,1429,146,77,180,69,141,101,0,39321,244,168,306,180,301,237,26222,39321
52.597,10,4699,21,84,46,13.49,11.07,0.82,1,0,0,0,38,264,2.936,11,137,162,0,0,0,0,0,0,0,0,0,0,0,0,0,0,0,51.7,33,0.484,1,0,0,0,0,0,0,0,0,0,4680,2550,800,800,1090,1400,70,0.328,46.5,13.55,10.8,0,162,0,137,21,12.965,353.28,1,0.586,0.586,0.586,2.656,1.055,0.02,0,,,,167,0,0,0,0,0,0,0,0,0,0,4,0,0,7000,7000,29,257,1429,81,60,167,108,102,132,0,39321,249,171,327,190,296,239,26222,39321
52.657,10,4748,21,84,46,13.38,11.07,0.827,1,0,0,0,38,264,2.936,11,138,161.67,0,0,0,0,0,0,0,0,0,0,0,0,0,0,0,51.7,33,0.484,1,0,0,0,0,0,0,0,0,0,4760,2550,800,800,1090,1400,70,0.328,46.5,13.44,10.74,0,161.67,0,138,21,12.965,353.28,1,0.586,0.586,0.586,2.656,1.035,0.02,0,,,,147,0,0,0,0,0,0,0,0,0,0,4,0,0,7000,7000,29,257,1429,153,75,142,107,147,85,0,39321,258,175,330,199,301,237,26222,39321
52.717,10,4793,21,84,46,13.32,11.07,0.831,1,0,0,0,38.5,264,2.896,11,136,158.17,0,0,0,0,0,0,0,0,0,0,0,0,0,0,0,50.35,31,0.484,1,0,0,0,0,0,0,0,0,0,4800,2550,800,800,1090,1400,70,0.328,47,13.38,10.8,0,158.17,0,136,21,12.965,355.84,1,0.566,0.566,0.586,2.656,1.035,0.02,0,,,,150,0,0,0,0,0,0,0,0,0,0,4,0,0,7000,7000,29,257,1429,150,61,185,75,109,75,0,39321,282,173,342,204,299,235,26222,39321
52.777,8,4757,21,84,46,13.38,11.1,0.83,1,0,0,0,38,264,2.832,11,130,152,0,0,0,0,0,0,0,0,0,0,0,0,0,0,0,50.8,32,0.461,1,0,0,0,0,0,0,0,0,0,4760,2550,800,800,1090,1400,70,0.32,47,13.44,10.85,0,152,0,130,21,12.965,355.84,1,0.605,0.605,0.586,2.656,0.996,0.02,0,,,,106,0,0,0,0,0,0,0,0,0,0,4,0,0,7000,7000,29,257,1429,135,77,181,106,121,86,0,39321,282,180,358,199,294,230,26222,39321
52.837,7,4712,21,84,46,13.44,11.35,0.845,1,0,0,0,38,264,2.8,10,128,151.33,0,0,0,0,0,0,0,0,0,0,0,0,0,0,0,51.48,33,0.453,1,0,0,0,0,0,0,0,0,0,4720,2550,800,800,1090,1400,71,0.313,46.5,13.49,10.8,0,151.33,0,128,21,12.965,353.28,1,0.664,0.664,0.586,2.656,0.938,0.02,0,,,,104,0,0,0,0,0,0,0,0,0,0,4,0,0,7000,7000,29,257,1429,177,60,179,98,117,104,0,39321,289,185,370,199,296,232,26222,39321
52.897,6,4703,21,84,46,13.44,11.35,0.845,1,0,0,0,38.5,270,2.736,10,125,147.83,0,0,0,0,0,0,0,0,0,0,0,0,0,0,0,50.35,31,0.453,1,0,0,0,0,0,0,0,0,0,4720,2550,800,800,1090,1400,71,0.301,47,13.49,11.08,0,147.83,0,125,21,12.965,355.84,1,0.605,0.605,0.586,2.656,0.898,0.02,0,,,,89,0,0,0,0,0,0,0,0,0,0,4,0,0,7000,7000,29,257,1429,91,89,150,97,125,99,0,39321,299,190,372,201,301,235,26222,39321
52.957,5,4703,21,84,46,13.44,11.82,0.88,1,0,0,0,38.5,270,2.592,10,116,137.33,0,0,0,0,0,0,0,0,0,0,0,0,0,0,0,49.23,30,0.43,1,0,0,0,0,0,0,0,0,0,4720,2550,800,800,1090,1400,71,0.293,47,13.49,11.6,0,137.33,0,116,21,13.038,355.84,1,0.605,0.605,0.586,2.656,0.879,0.02,0,,,,95,0,0,0,0,0,0,0,0,0,0,4,0,0,7000,7000,29,257,1429,147,58,183,95,195,95,0,39321,304,190,384,209,320,230,26222,39321
53.017,5,4677,21,84,46,13.49,12.76,0.946,1,0,0,0,38.5,270,2.592,10,116,137.33,0,0,0,0,0,0,0,0,0,0,0,0,0,0,0,49.23,30,0.43,1,0,0,0,0,0,0,0,0,0,4680,2550,800,800,1090,1400,71,0.293,47,13.55,12.4,0,137.33,0,116,21,13.038,355.84,1,0.586,0.586,0.586,2.656,0.859,0.02,0,,,,117,0,0,0,0,0,0,0,0,0,0,4,0,0,7000,7000,29,257,1429,126,82,167,101,163,117,0,39321,296,194,387,211,323,232,26222,39321
53.077,3,4664,21,84,46,13.49,13.44,0.996,1,0,0,0,39,270,2.344,9,100,119,0,0,0,0,0,0,0,0,0,0,0,0,0,0,0,47.88,29,0.383,1,0,0,0,0,0,0,0,0,0,4680,2550,800,800,1090,1400,72,0.281,47.5,13.55,12.46,0,119,0,100,21,13.038,358.4,1,0.527,0.527,0.586,2.656,0.781,0.02,0,,,,100,0,0,0,0,0,0,0,0,0,0,4,0,0,7000,7000,30,257,1429,80,100,186,64,127,82,0,39321,292,194,391,211,327,230,26222,39321
53.137,0,4642,21,84,46,13.55,13.44,0.991,1,0,0,0,38,270,2.288,8,94,113.33,0,0,0,0,0,0,0,0,0,0,0,0,0,0,1,45.41,26,0.32,1,0,0,0,0,0,0,0,0,0,4640,2550,800,800,1090,1400,72,0.266,48,13.61,13.09,0,113.33,0,94,21,13.038,360.96,1,0.527,0.527,0.586,2.656,0.684,0.02,0,,,,76,0,0,0,0,0,0,0,0,0,0,4,0,0,7000,7000,30,257,1429,154,119,229,76,174,148,0,39321,299,204,415,216,337,239,26222,39321
53.197,0,4625,21,84,46,13.55,13.82,1.02,1,0,0,0,36.5,270,2.256,8,93,111.17,0,0,0,0,0,0,0,0,0,0,0,0,0,0,1,44.28,25,0.32,1,0,0,0,0,0,0,0,0,0,4640,2550,800,800,1090,1400,72,0.266,48,13.61,13.44,0,111.17,0,93,22,13.038,360.96,1,0.488,0.488,0.586,2.656,0.645,0.02,0,,,,96,0,0,0,0,0,0,0,0,0,0,4,0,0,7000,7000,30,257,1429,166,115,158,111,159,96,0,39321,308,209,418,218,349,239,26222,39321
53.257,0,4629,22,84,46,13.55,13.96,1.031,1,0,0,0,35,270,2.28,8,94,113,0,0,0,0,0,0,0,0,0,0,0,0,0,0,1,44.28,25,0.32,1,0,0,0,0,0,0,0,0,0,4640,2550,800,800,1090,1400,72,0.266,48,13.61,13.55,0,113,0,94,22,13.038,360.96,1,0.469,0.469,0.586,2.656,0.645,0.02,0,,,,113,0,0,0,0,0,0,0,0,0,0,4,0,0,7000,7000,30,257,1429,192,113,238,88,239,159,0,39321,323,220,432,220,368,242,26222,39321
53.317,0,4595,23,84,46,13.67,13.94,1.02,1,0,0,0,33.5,270,2.272,8,94,113.17,0,0,0,0,0,0,0,0,0,0,0,0,0,0,1,43.61,24,0.32,1,0,0,0,0,0,0,0,0,0,4600,2550,800,800,1090,1400,72,0.266,48.5,13.72,13.84,0,113.17,0,94,23,13.038,360.96,1,0.449,0.449,0.586,2.656,0.645,0.02,0,,,,115,0,0,0,0,0,0,0,0,0,0,4,0,0,7000,7000,30,257,1429,163,97,182,115,262,148,0,39321,332,228,456,225,387,251,26222,39321
53.377,0,4582,23,84,46,13.67,13.94,1.02,1,0,0,0,32,270,2.272,8,94,113.67,0,0,0,0,0,0,0,0,0,0,0,0,0,0,1,43.83,25,0.32,1,0,0,0,0,0,0,0,0,0,4600,2550,800,800,1090,1400,72,0.266,48,13.72,13.67,0,113.67,0,94,23,13.038,360.96,1,0.41,0.41,0.586,2.656,0.645,0.02,0,,,,112,0,0,0,0,0,0,0,0,0,0,4,0,0,7000,7000,30,257,1429,195,73,289,84,109,112,0,39321,346,223,482,223,382,247,26222,39321
53.437,0,4578,24,84,46,13.72,13.57,0.989,1,0,0,0,30.5,270,2.304,8,95,116.17,0,0,0,0,0,0,0,0,0,0,0,0,0,0,1,44.28,25,0.32,1,0,0,0,0,0,0,0,0,0,4560,2550,800,800,1090,1400,72,0.266,48,13.78,13.21,0,116.17,0,95,24,13.038,360.96,1,0.43,0.43,0.586,2.656,0.645,0.02,0,,,,120,0,0,0,0,0,0,0,0,0,0,4,0,0,7000,7000,30,257,1429,120,104,289,83,156,97,0,39321,332,228,505,218,382,249,26222,39321
53.497,0,4549,24,84,46,13.72,13.29,0.968,1,0,0,0,29,270,2.304,8,95,116.5,0,0,0,0,0,0,0,0,0,0,0,0,0,0,1,44.51,25,0.32,1,0,0,0,0,0,0,0,0,0,4560,2550,800,800,1090,1400,72,0.266,48,13.78,13.26,0,116.5,0,95,25,13.038,360.96,1,0.43,0.43,0.586,2.656,0.645,0.02,0,,,,227,0,0,0,0,0,0,0,0,0,0,4,0,0,7000,7000,30,257,1429,154,91,227,91,124,88,0,39321,334,225,517,218,370,244,26222,39321
53.557,0,4541,25,84,46,13.72,12.98,0.946,1,0,0,0,29,270,2.328,8,97,118.5,0,0,0,0,0,0,0,0,0,0,0,0,0,0,1,44.73,26,0.32,1,0,0,0,0,0,0,0,0,0,4560,2550,800,800,1090,1400,72,0.266,48.5,13.78,13.15,0,118.5,0,97,25,13.038,360.96,1,0.43,0.43,0.586,2.656,0.645,0.02,0,,,,105,0,0,0,0,0,0,0,0,0,0,4,0,0,7000,7000,30,257,1429,189,139,261,118,105,111,0,39321,342,228,527,225,368,242,26222,39321
53.617,0,4524,26,84,46,13.78,12.98,0.942,1,0,0,0,29,270,2.352,8,98,120,0,0,0,0,0,0,0,0,0,0,0,0,0,0,1,44.51,25,0.32,1,0,0,0,0,0,0,0,0,0,4520,2550,800,800,1090,1400,72,0.266,48,13.84,12.75,0,120,0,98,26,13.038,360.96,1,0.469,0.469,0.586,2.656,0.645,0.02,0,,,,118,0,0,0,0,0,0,0,0,0,0,4,0,0,7000,7000,30,257,1429,152,141,322,158,171,118,0,39321,339,239,532,247,372,251,26222,39321
53.677,0,4520,26,84,46,13.78,12.77,0.927,1,0,0,0,29,270,2.336,8,97,119.5,0,0,0,0,0,0,0,0,0,0,0,0,0,0,1,44.28,25,0.32,1,0,0,0,0,0,0,0,0,0,4520,2550,800,800,1090,1400,72,0.266,48,13.84,12.63,0,119.5,0,97,26,13.038,360.96,1,0.469,0.469,0.586,2.637,0.645,0.02,0,,,,86,0,0,0,0,0,0,0,0,0,0,4,0,0,7000,7000,30,257,1429,192,86,219,137,222,182,0,39321,363,239,536,254,380,268,26222,39321
53.737,0,4488,27,84,46,13.84,12.51,0.904,1,0,0,0,29,270,2.376,8,99,122.17,0,0,0,0,0,0,0,0,0,0,0,0,0,0,1,44.73,26,0.32,1,0,0,0,0,0,0,0,0,0,4480,2550,800,800,1090,1400,72,0.266,48,13.9,12.63,0,122.17,0,99,27,13.038,360.96,1,0.43,0.43,0.586,2.637,0.645,0.02,0,,,,174,0,0,0,0,0,0,0,0,0,0,4,0,0,7000,7000,30,257,1429,176,179,174,120,246,126,0,39321,370,251,536,261,389,268,26222,39321
53.797,0,4472,27,84,46,13.84,12.51,0.904,1,0,0,0,29,270,0,0,99,123.17,0,0,0,0,0,0,0,1,0,0,0,0,0,0,2,45.18,26,0.32,1,0,0,0,0,0,0,0,0,0,4480,2550,800,800,1090,1400,72,0.266,48,13.9,12.4,0,123.17,0,99,27,13.038,360.96,1,0.43,0.43,0.586,2.637,0.645,0.02,0,,,,174,0,0,0,0,0,0,0,0,0,0,4,0,0,7000,7000,30,257,1429,155,147,348,109,174,86,0,39321,370,258,565,268,384,268,26222,39321
53.857,0,4452,26,84,46,13.84,12.26,0.886,1,0,0,0,29,270,0,0,95,118.17,0,0,0,0,0,0,0,1,0,0,0,0,0,0,2,43.61,24,0.32,1,0,0,0,0,0,0,0,0,0,4440,2550,800,800,1090,1400,72,0.266,48.5,13.9,12.12,0,118.17,0,95,26,13.112,360.96,1,0.469,0.469,0.586,2.637,0.645,0.02,0,,,,113,0,0,0,0,0,0,0,0,0,0,4,0,0,7000,7000,30,257,1429,335,244,348,107,210,113,0,39321,406,294,589,266,394,285,26222,39321
53.917,0,4456,26,84,46,13.84,12.13,0.876,1,0,0,0,29,270,0,0,94,118,0,0,0,0,0,0,0,1,0,0,0,0,0,0,2,43.61,24,0.32,1,0,0,0,0,0,0,0,0,0,4440,2550,800,800,1090,1400,72,0.266,48.5,13.9,12.06,0,118,0,94,26,13.112,360.96,1,0.41,0.41,0.586,2.637,0.645,0.02,0,,,,286,0,0,0,0,0,0,0,0,0,0,4,0,0,7000,7000,30,257,1429,286,245,348,109,139,189,0,39321,420,323,615,280,410,296,26222,39321
53.977,0,4432,26,84,46,13.84,12.13,0.876,1,0,0,0,29,270,0,0,92,115.67,0,0,0,0,0,0,0,1,0,0,0,0,0,0,2,42.48,23,0.32,1,0,0,0,0,0,0,0,0,0,4440,2550,800,800,1090,1400,72,0.266,48.5,13.9,12.0,0,115.67,0,92,26,13.112,360.96,1,0.41,0.41,0.586,2.637,0.645,0.02,0,,,,359,0,0,0,0,0,0,0,0,0,0,4,0,0,7000,7000,30,257,1429,347,325,359,305,360,186,0,39321,467,394,657,318,465,318,26222,39321
54.037,0,4432,26,84,46,13.84,12.13,0.876,1,0,0,0,29,270,0,0,87,108.83,0,0,0,0,0,0,0,1,0,0,0,0,0,0,2,39.11,20,0.32,1,0,0,0,0,0,0,0,0,0,4440,2550,800,800,1090,1400,72,0.266,49,13.95,11.94,0,108.83,0,87,26,13.112,360.96,1,0.371,0.371,0.586,2.637,0.645,0.02,0,,,,269,0,0,0,0,0,0,0,0,0,0,4,0,0,7000,7000,30,257,1429,214,344,360,269,359,217,0,39321,484,432,681,384,508,344,26222,39321
54.097,0,4405,26,84,47,13.84,12.19,0.881,1,0,0,0,29,270,0,0,87,109.5,0,0,0,0,0,0,0,1,0,0,0,0,0,0,2,39.56,20,0.32,1,0,0,0,0,0,0,0,0,0,4400,2550,800,800,1090,1400,73,0.266,49,14.01,12.0,0,109.5,0,87,26,13.112,360.96,1,0.313,0.313,0.586,2.637,0.645,0.02,0,,,,359,0,0,0,0,0,0,0,0,0,0,4,0,0,7000,7000,30,257,1429,259,360,359,330,359,199,0,39321,505,470,703,422,572,349,26222,39321
54.157,0,4366,26,84,47,13.84,12.13,0.876,1,0,0,0,28,270,0,0,86,108.83,0,0,0,0,0,0,0,1,0,0,0,0,0,0,2,39.11,20,0.32,1,0,0,0,0,0,0,0,0,0,4360,2550,800,800,1090,1400,73,0.266,49,14.01,11.94,0,108.83,0,86,25,13.112,360.96,1,0.332,0.332,0.586,2.637,0.645,0.02,0,,,,154,0,0,0,0,0,0,0,0,0,0,4,0,0,7000,7000,30,257,1429,244,281,360,300,329,154,0,39321,527,486,719,448,600,363,26222,39321
54.217,0,4370,25,84,47,13.84,12.07,0.872,1,0,0,0,28,270,0,0,85,108,0,0,0,0,0,0,0,1,0,0,0,0,0,0,2,39.56,20,0.32,1,0,0,0,0,0,0,0,0,0,4360,2550,800,800,1090,1400,73,0.266,49,14.01,11.83,0,106.83,0,84,25,13.112,360.96,1,0.313,0.313,0.586,2.637,0.645,0.02,0,,,,292,0,0,0,0,0,0,0,0,0,0,4,0,0,7000,7000,30,257,1429,230,292,357,357,312,176,0,39321,536,534,729,496,627,372,26222,39321
54.277,0,4359,25,84,47,13.84,12.07,0.872,1,0,0,0,28,270,0,0,85,108.83,0,0,0,0,0,0,0,1,0,0,0,0,0,0,2,40.01,21,0.32,1,0,0,0,0,0,0,0,0,0,4360,2550,800,800,1090,1400,73,0.266,49,14.01,11.66,0,108.83,0,85,25,13.038,360.96,1,0.352,0.352,0.586,2.637,0.645,0.02,0,,,,357,0,0,0,0,0,0,0,0,0,0,4,0,0,7000,7000,30,257,1429,302,353,357,283,357,177,0,39321,543,562,745,527,653,380,26222,39321
54.337,0,4347,25,84,47,13.84,12.32,0.89,1,0,0,0,28,270,0,0,85,108.17,0,0,0,0,0,0,0,1,0,0,0,0,0,0,2,39.56,20,0.32,1,0,0,0,0,0,0,0,0,0,4360,2550,800,800,1090,1400,73,0.266,49,14.01,11.89,0,108.17,0,85,25,13.038,360.96,1,0.352,0.352,0.586,2.637,0.645,0.02,0,,,,279,0,0,0,0,0,0,0,0,0,0,4,0,0,7000,7000,30,257,1429,256,320,357,279,357,179,0,39321,546,593,755,555,676,372,26222,39321
54.397,0,4340,25,84,47,13.84,13.41,0.969,1,0,0,0,28,270,0,0,86,109.67,0,0,0,0,0,0,0,1,0,0,0,0,0,0,2,40.46,21,0.32,1,0,0,0,0,0,0,0,0,0,4360,2550,800,800,1090,1400,73,0.266,49,14.01,11.6,0,109.67,0,86,25,13.038,360.96,1,0.352,0.352,0.586,2.637,0.645,0.02,0,,,,357,0,0,0,0,0,0,0,0,0,0,4,0,0,7000,7000,30,257,1429,294,357,357,218,357,148,0,39321,572,619,757,572,703,377,26222,39321
54.457,0,4310,25,84,47,13.84,13.41,0.969,1,0,0,0,28,270,0,0,85,109,0,0,0,0,0,0,0,1,0,0,0,0,0,0,2,40.01,21,0.32,1,0,0,0,0,0,0,0,0,0,4320,2550,800,800,1090,1400,73,0.266,49,14.01,12.75,0,109,0,85,25,13.038,360.96,1,0.371,0.371,0.586,2.637,0.645,0.02,0,,,,158,0,0,0,0,0,0,0,0,0,0,4,0,0,7000,7000,30,257,1429,283,314,357,357,357,158,0,39321,581,638,767,603,722,375,26222,39321
54.517,0,4280,24,84,47,13.84,14.94,1.079,1,0,0,0,28,270,0,0,83,108.17,0,0,0,0,0,0,0,1,0,0,0,0,0,0,2,40.46,21,0.32,1,0,0,0,0,0,0,0,0,0,4280,2550,800,800,1090,1400,73,0.266,49,14.07,14.36,0,108.17,0,83,24,12.965,360.96,1,0.352,0.352,0.586,2.637,0.645,0.02,0,,,,289,0,0,0,0,0,0,0,0,0,0,4,0,0,7000,7000,30,257,1429,289,357,353,327,354,302,0,39321,598,648,774,617,738,401,26222,39321
54.577,0,4248,24,84,47,13.84,17.07,1.233,1,0,0,0,28,276,0,0,82,107.67,0,0,0,0,0,0,0,1,0,0,0,0,0,0,2,40.24,21,0.32,1,0,0,0,0,0,0,0,0,0,4240,2550,800,800,1090,1400,73,0.266,49,14.07,16.37,0,107.67,0,82,24,12.965,360.96,1,0.332,0.332,0.586,2.637,0.645,0.02,0,,,,322,0,0,0,0,0,0,0,0,0,0,4,0,0,7000,7000,30,257,1429,322,300,354,276,353,209,0,39321,622,662,774,622,750,422,26222,39321
54.637,0,4173,24,84,47,13.84,18.39,1.329,1,0,0,0,28,276,0,0,80,106.5,0,0,0,0,0,0,0,1,0,0,0,0,0,0,2,39.56,20,0.32,1,0,0,0,0,0,0,0,0,0,4160,2550,800,800,1090,1400,73,0.266,49,14.13,16.48,0,106.5,0,80,24,12.965,360.96,1,0.371,0.371,0.586,2.637,0.664,0.02,0,,,,308,0,0,0,0,0,0,0,0,0,0,4,0,0,7000,7000,30,257,1429,349,308,349,299,351,216,0,39321,646,662,779,636,762,427,26222,39321
54.697,4,4081,24,84,47,14.07,18.39,1.307,1,0.918,0,0,29,276,2.704,9,78,106.17,0,0,0,0,0,0,0,0,0,0,0,0,0,0,0,40.68,21,0.406,1,0,0,0,0,0,0,0,0,0,4080,2550,800,800,1090,1400,73,0.289,49,14.18,17.69,0,106.17,0,78,24,12.965,366.08,1,0.371,0.371,0.586,2.637,0.82,0.02,0,,,,283,0,0,0,0,0,0,0,0,0,0,4,0,0,7000,7000,31,257,1429,342,283,342,270,342,216,0,39321,665,657,786,634,764,439,26222,39321
54.757,6,4048,24,84,47,14.13,19.1,1.352,1,0.066,0,0,30.5,276,2.344,7,89,121.17,0,0,0,0,0,0,0,0,0,0,0,0,0,0,0,42.03,23,0.445,1,0,0,0,0,0,0,0,0,0,4040,2550,800,800,1090,1400,72,0.305,48.5,14.18,18.32,0,121.17,0,89,24,12.965,363.52,1,0.41,0.41,0.586,2.637,0.918,0.02,0,,,,280,0,0,0,0,0,0,0,0,0,0,4,0,0,7000,7000,31,257,1429,336,280,334,260,337,198,0,39321,674,657,788,624,767,437,26222,39321
54.817,6,3980,23,84,47,14.13,19.61,1.388,1,0,0,0,32,276,2.392,7,92,128.33,0,0,0,0,0,0,0,0,0,0,0,0,0,0,0,44.51,25,0.445,1,0,0,0,0,0,0,0,0,0,4000,2550,800,800,1090,1400,72,0.305,48,14.18,18.66,0,128.33,0,92,23,12.965,360.96,1,0.469,0.469,0.586,2.637,0.918,0.02,0,,,,341,0,0,0,0,0,0,0,0,0,0,6,0,0,7000,7000,30,257,1429,317,235,341,289,343,207,0,39321,686,653,793,619,771,451,26222,39321
54.877,6,3940,23,84,47,14.18,19.51,1.375,1,0,0,0,33.5,276,2.424,7,93,130.33,0,0,0,0,0,0,0,0,0,0,0,0,0,0,0,45.18,26,0.445,1,0,0,0,0,0,0,0,0,0,3960,2550,800,800,1090,1400,72,0.301,48,14.24,18.83,0,130.33,0,93,23,12.892,360.96,1,0.469,0.469,0.586,2.637,0.918,0.02,0,,,,317,0,0,0,0,0,0,0,0,0,0,6,0,0,7000,7000,30,257,1429,369,317,384,377,384,228,0,39321,700,667,802,634,783,453,26222,39321
54.937,6,3924,23,84,47,14.24,19.51,1.37,1,0,0,0,35,276,2.424,7,92,130.5,0,0,0,0,0,0,0,0,0,0,0,0,0,0,0,45.18,26,0.445,1,0,0,0,0,0,0,0,0,0,3920,2550,800,800,1090,1400,72,0.301,48,14.3,18.89,0,130.5,0,92,23,12.892,360.96,1,0.449,0.449,0.586,2.637,0.918,0.02,0,,,,354,0,0,0,0,0,0,0,0,0,0,6,0,0,7000,7000,30,257,1429,333,354,384,301,384,219,0,39321,705,684,814,648,798,456,26222,39321
54.997,6,3894,23,84,47,14.24,16.6,1.165,1,0,0,0,36.5,276,2.424,7,92,131,0,0,0,0,0,0,0,0,0,0,0,0,0,0,0,45.41,26,0.445,1,0,0,0,0,0,0,0,0,0,3880,2550,800,800,1090,1400,72,0.301,48,14.3,16.14,0,131,0,92,23,12.892,360.96,1,0.508,0.508,0.586,2.637,0.918,0.02,0,,,,374,0,0,0,0,0,0,0,0,0,0,6,0,0,7000,7000,30,257,1429,383,374,383,353,384,219,0,39321,731,710,826,672,812,463,26222,39321
55.057,6,3843,23,84,47,14.3,14.16,0.99,1,0,0,0,38,276,2.44,7,92,132.33,0,0,0,0,0,0,0,0,0,0,0,0,0,0,0,45.86,27,0.445,1,0,0,0,0,0,0,0,0,0,3840,2550,800,800,1090,1400,72,0.301,47.5,14.36,16.14,0,132.33,0,92,23,12.965,360.96,1,0.469,0.469,0.586,2.637,0.918,0.02,0,,,,397,0,0,0,0,0,0,0,0,0,0,6,0,0,7000,7000,30,257,1429,397,307,399,248,399,195,0,39321,760,710,840,660,828,470,26222,39321
55.117,7,3813,23,84,47,14.3,13.35,0.934,1,0,0,0,39,276,2.464,7,93,135.17,0,0,0,0,0,0,0,0,0,0,0,0,0,0,0,46.08,27,0.453,1,0,0,0,0,0,0,0,0,0,3800,2550,800,800,1090,1400,72,0.309,47.5,14.36,13.67,0,135.17,0,93,22,12.965,358.4,1,0.488,0.488,0.586,2.637,0.938,0.02,0,,,,349,0,0,0,0,0,0,0,0,0,0,6,0,0,7000,7000,30,257,1429,349,256,399,260,408,321,0,39321,771,693,855,648,845,496,26222,39321
55.177,7,3796,22,84,47,14.3,13.35,0.934,1,0,0,0,39,276,2.464,7,92,135.33,0,0,0,0,0,0,0,0,0,0,0,0,0,0,0,46.08,27,0.453,1,0,0,0,0,0,0,0,0,0,3800,2550,800,800,1090,1400,72,0.309,47.5,14.36,12.75,0,135.33,0,92,22,12.892,358.4,1,0.469,0.469,0.586,2.637,0.938,0.02,0,,,,323,0,0,0,0,0,0,0,0,0,0,6,0,0,7000,7000,30,257,1429,374,228,410,408,410,323,0,39321,779,681,869,684,862,527,26222,39321
55.237,7,3756,22,84,47,14.36,12.88,0.897,1,0,0,0,39,276,2.504,7,94,138.17,0,0,0,0,0,0,0,0,0,0,0,0,0,0,0,47.2,28,0.453,1,0,0,0,0,0,0,0,0,0,3760,2550,800,800,1090,1400,72,0.309,47.5,14.41,12.29,0,136,0,92,22,12.892,358.4,1,0.508,0.508,0.586,2.637,0.957,0.02,0,,,,351,0,0,0,0,0,0,0,0,0,0,6,0,0,7000,7000,30,257,1429,361,247,410,410,410,351,0,39321,795,679,883,717,874,551,26222,39321
55.297,8,3720,22,84,47,14.41,12.57,0.872,1,0,0,0,39,282,2.544,7,95,141.83,0,0,0,0,0,0,0,0,0,0,0,0,0,0,0,47.65,29,0.461,1,0,0,0,0,0,0,0,0,0,3720,2550,800,800,1090,1400,72,0.316,47.5,14.47,12.17,0,141.83,0,95,22,12.892,358.4,1,0.527,0.527,0.586,2.637,0.977,0.02,0,,,,418,0,0,0,0,0,0,0,0,0,0,6,0,0,7000,7000,30,257,1429,410,272,418,272,418,374,0,39321,817,684,895,729,885,572,26222,39321
55.357,8,3692,22,84,47,14.41,12.57,0.872,1,0,0,0,39,282,2.52,7,93,140.17,0,0,0,0,0,0,0,0,0,0,0,0,0,0,0,46.98,28,0.461,1,0,0,0,0,0,0,0,0,0,3680,2550,800,800,1090,1400,72,0.316,47.5,14.47,11.83,0,140.17,0,93,22,12.892,358.4,1,0.586,0.586,0.586,2.637,0.977,0.02,0,,,,407,0,0,0,0,0,0,0,0,0,0,6,0,0,7000,7000,30,257,1429,418,264,418,407,418,260,0,39321,838,681,907,741,893,589,26222,39321
55.417,8,3676,22,84,47,14.41,12.44,0.863,1,0,0,0,39,282,2.528,7,93,140.33,0,0,0,0,0,0,0,0,0,0,0,0,0,0,0,46.98,28,0.461,1,0,0,0,0,0,0,0,0,0,3680,2550,800,800,1090,1400,72,0.316,47.5,14.47,11.66,0,140.33,0,93,22,12.892,358.4,1,0.508,0.508,0.586,2.637,0.977,0.02,0,,,,418,0,0,0,0,0,0,0,0,0,0,6,0,0,7000,7000,30,257,1429,418,200,418,304,418,297,0,39321,855,672,916,741,904,619,26222,39321
55.477,8,3660,21,84,47,14.41,12.32,0.855,1,0,0,0,39,282,2.552,7,94,142.33,0,0,0,0,0,0,0,0,0,0,0,0,0,0,0,47.65,29,0.461,1,0,0,0,0,0,0,0,0,0,3680,2550,800,800,1090,1400,72,0.316,47.5,14.47,11.54,0,142.33,0,94,21,12.892,358.4,1,0.508,0.508,0.586,2.637,0.996,0.02,0,,,,196,0,0,0,0,0,0,0,0,0,0,6,0,0,7000,7000,30,257,1429,418,196,418,310,418,351,0,39321,869,655,921,743,914,648,26222,39321
55.537,8,3628,21,84,47,14.47,12.26,0.847,1,0,0,0,39,282,2.552,7,94,143.33,0,0,0,0,0,0,0,0,0,0,0,0,0,0,0,48.1,29,0.461,1,0,0,0,0,0,0,0,0,0,3640,2550,800,800,1090,1400,72,0.316,47.5,14.53,11.6,0,143.33,0,94,21,12.892,358.4,1,0.527,0.527,0.586,2.637,0.996,0.02,0,,,,420,0,0,0,0,0,0,0,0,0,0,6,0,0,7000,7000,30,257,1429,420,182,420,385,418,280,0,39321,869,641,931,752,923,667,26222,39321
55.597,8,3591,21,84,47,14.53,12.26,0.844,1,0,0,0,38.5,282,2.576,7,94,145.33,0,0,0,0,0,0,0,0,0,0,0,0,0,0,0,48.78,30,0.461,1,0,0,0,0,0,0,0,0,0,3600,2550,800,800,1090,1400,72,0.316,47,14.59,11.54,0,143.17,0,93,21,12.892,358.4,1,0.547,0.547,0.586,2.637,0.996,0.02,0,,,,195,0,0,0,0,0,0,0,0,0,0,6,0,0,7000,7000,30,257,1429,385,234,420,354,416,195,0,39321,871,627,938,769,923,643,26222,39321
55.657,8,3566,21,84,47,14.53,12.26,0.844,1,0,0,0,39,282,2.552,7,92,143.5,0,0,0,0,0,0,0,0,0,0,0,0,0,0,0,48.1,29,0.461,1,0,0,0,0,0,0,0,0,0,3560,2550,800,800,1090,1400,72,0.316,47.5,14.59,11.54,0,143.5,0,92,21,12.892,358.4,1,0.547,0.547,0.586,2.637,0.996,0.02,0,,,,310,0,0,0,0,0,0,0,0,0,0,6,0,0,7000,7000,30,257,1429,251,246,420,310,420,275,0,39321,852,627,947,776,928,646,26222,39321
55.717,9,3551,21,84,47,14.53,12.22,0.841,1,0,0,0,39,282,2.584,7,93,146.17,0,0,0,0,0,0,0,0,0,0,0,0,0,0,0,48.1,29,0.469,1,0,0,0,0,0,0,0,0,0,3560,2550,800,800,1090,1400,72,0.32,47.5,14.59,11.54,0,146.17,0,93,21,12.892,358.4,1,0.527,0.527,0.586,2.637,1.016,0.02,0,,,,426,0,0,0,0,0,0,0,0,0,0,6,0,0,7000,7000,30,257,1429,315,296,426,321,418,220,0,39321,855,643,952,776,935,634,26222,39321
55.777,10,3541,21,84,47,14.53,12.26,0.844,1,0,0,0,38.5,282,2.656,7,97,151.67,0,0,0,0,0,0,0,0,0,0,0,0,0,0,0,49.23,30,0.477,1,0,0,0,0,0,0,0,0,0,3560,2550,800,800,1090,1400,72,0.324,47,14.59,11.54,0,151.67,0,97,21,12.892,355.84,1,0.586,0.586,0.586,2.637,1.055,0.02,0,,,,243,0,0,0,0,0,0,0,0,0,0,6,0,0,7000,7000,29,257,1429,394,243,433,331,433,237,0,39321,866,648,957,786,938,624,26222,39321
55.837,11,3513,21,84,47,14.64,12.26,0.837,1,0,0,0,38.5,282,2.728,7,101,159.17,0,0,0,0,0,0,0,0,0,0,0,0,0,0,0,49.9,31,0.492,1,0,0,0,0,0,0,0,0,0,3520,2550,800,800,1090,1400,71,0.332,47,14.7,11.6,0,159.17,0,101,21,12.892,355.84,1,0.566,0.566,0.586,2.637,1.074,0.02,0,,,,325,0,0,0,0,0,0,0,0,0,0,6,0,0,7000,7000,29,257,1429,346,269,437,336,439,325,0,39321,864,646,966,776,950,622,26222,39321
55.897,11,3511,21,84,47,14.59,12.26,0.841,1,0,0,0,38,276,2.784,8,103,163.67,0,0,0,0,0,0,0,0,0,0,0,0,0,0,0,51.48,33,0.492,1,0,0,0,0,0,0,0,0,0,3520,2550,800,800,1090,1400,71,0.332,46.5,14.64,11.66,0,163.67,0,103,21,12.892,353.28,1,0.586,0.586,0.586,2.637,1.094,0.02,0,,,,416,0,0,0,0,0,0,0,0,0,0,6,0,0,7000,7000,29,257,1429,384,283,433,301,416,333,0,39321,857,631,973,767,957,631,26222,39321
55.957,11,3526,21,84,47,14.64,12.26,0.837,1,0,0,0,38.5,276,2.768,8,103,162.33,0,0,0,0,0,0,0,0,0,0,0,0,0,0,0,50.8,32,0.492,1,0,0,0,0,0,0,0,0,0,3520,2550,800,800,1090,1400,71,0.332,47,14.7,11.66,0,162.33,0,103,21,12.892,355.84,1,0.586,0.586,0.586,2.637,1.094,0.02,0,,,,429,0,0,0,0,0,0,0,0,0,0,6,0,0,7000,7000,29,257,1429,356,196,429,319,422,333,0,39321,857,617,978,767,959,641,26222,39321
56.017,12,3511,21,84,47,14.59,12.16,0.834,1,0,0,0,38,276,2.832,8,106,167.5,0,0,0,0,0,0,0,0,1,0,0,0,0,0,0,51.7,33,0.5,1,0,0,0,0,0,0,0,0,0,3520,2550,800,800,1090,1400,71,0.34,46.5,14.64,11.66,0,167.5,0,106,21,12.892,353.28,1,0.586,0.586,0.586,2.637,1.113,0.02,0,,,,231,0,0,0,0,0,0,0,0,0,0,6,0,0,7000,7000,29,257,1429,300,231,427,362,429,211,0,39321,845,617,980,767,969,636,26222,39321
56.077,12,3450,21,84,47,14.64,12.16,0.83,1,0,0,0,38,276,2.84,8,104,168.17,0,0,0,0,0,0,0,0,1,0,0,0,0,0,0,51.92,33,0.5,1,0,0,0,0,0,0,0,0,0,3440,2550,800,800,1090,1400,71,0.336,46.5,14.7,11.6,0,168.17,0,104,21,12.892,353.28,1,0.605,0.605,0.586,2.637,1.113,0.02,0,,,,266,0,0,0,0,0,0,0,0,0,0,6,0,0,7000,7000,29,257,1429,264,246,429,401,431,266,0,39321,831,615,985,783,973,634,26222,39321
56.137,12,3408,21,84,47,14.64,12.0,0.819,1,0,0,0,38,276,2.848,8,104,168.83,0,0,0,0,0,0,0,0,1,0,0,0,0,0,0,52.15,33,0.5,1,0,0,0,0,0,0,0,0,0,3400,2550,800,800,1090,1400,71,0.336,46.5,14.7,11.48,0,168.83,0,104,21,12.892,353.28,1,0.625,0.625,0.586,2.637,1.113,0.02,0,,,,422,0,0,0,0,0,0,0,0,0,0,6,0,0,7000,7000,29,257,1429,429,171,424,330,422,166,0,39321,847,603,990,788,976,619,26222,39321
56.197,12,3405,21,84,47,14.64,11.91,0.813,1,0,0,0,38,276,2.84,8,103,168.33,0,0,0,0,0,0,0,0,1,0,0,0,0,0,0,51.92,33,0.5,1,0,0,0,0,0,0,0,0,0,3400,2550,800,800,1090,1400,71,0.336,46.5,14.7,11.43,0,168.33,0,103,21,12.892,353.28,1,0.625,0.625,0.586,2.637,1.113,0.02,0,,,,424,0,0,0,0,0,0,0,0,0,0,6,0,0,7000,7000,29,257,1429,343,230,424,399,385,238,0,39321,855,596,990,800,971,622,26222,39321
56.257,12,3419,21,84,47,14.64,11.91,0.813,1,0,0,0,38,276,2.848,8,104,169,0,0,0,0,0,0,0,0,1,0,0,0,0,0,0,52.15,33,0.5,1,0,0,0,0,0,0,0,0,0,3400,2550,800,800,1090,1400,71,0.336,46.5,14.7,11.31,0,169,0,104,21,12.892,353.28,1,0.605,0.605,0.586,2.637,1.113,0.02,0,,,,356,0,0,0,0,0,0,0,0,0,0,6,0,0,7000,7000,29,257,1429,356,230,424,345,422,345,0,39321,852,593,990,812,973,650,26222,39321
56.317,12,3415,21,84,47,14.64,11.88,0.811,1,0,0,0,37.5,276,2.872,8,105,170.33,0,0,0,0,0,0,0,0,1,0,0,0,0,0,0,52.6,34,0.5,1,0,0,0,0,0,0,0,0,0,3400,2550,800,800,1090,1400,71,0.336,46,14.7,11.25,0,170.33,0,105,21,12.892,353.28,1,0.625,0.625,0.586,2.637,1.113,0.02,0,,,,401,0,0,0,0,0,0,0,0,0,0,6,0,0,7000,7000,29,257,1429,393,214,424,328,401,302,0,39321,857,584,992,819,973,655,26222,39321
56.377,12,3392,21,84,47,14.64,11.88,0.811,1,0,0,0,38,276,2.848,8,103,169,0,0,0,0,0,0,0,0,1,0,0,0,0,0,0,52.15,33,0.5,1,0,0,0,0,0,0,0,0,0,3400,2550,800,800,1090,1400,71,0.336,46.5,14.7,11.25,0,169,0,103,21,12.892,353.28,1,0.625,0.625,0.586,2.637,1.113,0.02,0,,,,422,0,0,0,0,0,0,0,0,0,0,6,0,0,7000,7000,29,257,1429,354,236,422,422,424,275,0,39321,862,579,995,840,976,657,26222,39321
56.437,12,3357,21,84,47,14.64,11.91,0.813,1,0,0,0,37.5,276,2.88,8,103,171,0,0,0,0,0,0,0,0,1,0,0,0,0,0,0,52.82,34,0.5,1,0,0,0,0,0,0,0,0,0,3360,2550,800,800,1090,1400,71,0.336,46,14.7,11.25,0,171,0,103,21,12.892,353.28,1,0.664,0.664,0.586,2.637,1.113,0.02,0,,,,281,0,0,0,0,0,0,0,0,0,0,6,0,0,7000,7000,29,257,1429,386,281,422,424,422,341,0,39321,866,586,995,850,978,660,26222,39321
56.497,12,3346,21,84,47,14.64,11.91,0.813,1,0,0,0,37.5,276,2.888,8,104,171.83,0,0,0,0,0,0,0,0,1,0,0,0,0,0,0,53.05,34,0.5,1,0,0,0,0,0,0,0,0,0,3360,2550,800,800,1090,1400,71,0.336,46,14.7,11.25,0,171.83,0,104,21,12.892,353.28,1,0.664,0.664,0.586,2.637,1.113,0.02,0,,,,248,0,0,0,0,0,0,0,0,0,0,6,0,0,7000,7000,29,257,1429,352,275,424,412,424,248,0,39321,866,589,997,866,983,660,26222,39321
56.557,13,3348,21,84,47,14.64,11.91,0.813,1,0,0,0,37,276,2.944,8,106,176.33,0,0,0,0,0,0,0,0,1,0,0,0,0,0,0,53.72,35,0.508,1,0,0,0,0,0,0,0,0,0,3360,2550,800,800,1090,1400,71,0.344,45.5,14.7,11.2,0,176.33,0,106,21,12.892,353.28,1,0.703,0.703,0.586,2.637,1.152,0.02,0,,,,422,0,0,0,0,0,0,0,0,0,0,6,0,0,7000,7000,29,257,1429,318,283,424,422,424,221,0,39321,864,600,997,885,985,650,26222,39321
56.617,13,3346,21,84,47,14.64,11.94,0.815,1,0,0,0,36.5,276,2.992,8,109,180.17,0,0,0,0,0,0,0,0,1,0,0,0,0,0,0,54.85,36,0.508,1,0,0,0,0,0,0,0,0,0,3360,2550,800,800,1090,1400,71,0.344,45,14.7,11.25,0,180.17,0,109,21,12.892,350.72,1,0.684,0.684,0.586,2.637,1.172,0.02,0,,,,264,0,0,0,0,0,0,0,0,0,0,6,0,0,7000,7000,28,257,1429,416,264,418,387,416,255,0,39321,871,605,997,888,985,653,26222,39321
56.677,13,3328,21,84,47,14.64,12.01,0.82,1,0,0,0,36,276,3.032,8,110,183.33,0,0,0,0,0,0,0,0,1,0,0,0,0,0,0,55.75,37,0.508,1,0,0,0,0,0,0,0,0,0,3320,2550,800,800,1090,1400,71,0.344,44.5,14.7,11.25,0,183.33,0,110,21,12.892,350.72,1,0.703,0.703,0.586,2.637,1.172,0.02,0,,,,272,0,0,0,0,0,0,0,0,0,0,6,0,0,7000,7000,28,257,1429,369,223,409,409,408,272,0,39321,871,600,995,900,983,653,26222,39321
56.737,13,3320,21,84,47,14.64,12.01,0.82,1,0,0,0,35.5,276,3.048,8,110,184.67,0,0,0,0,0,0,0,0,1,0,0,0,0,0,0,56.2,38,0.508,1,0,0,0,0,0,0,0,0,0,3320,2550,800,800,1090,1400,71,0.344,44,14.7,11.31,0,184.67,0,110,21,12.892,350.72,1,0.742,0.742,0.586,2.637,1.172,0.02,0,,,,409,0,0,0,0,0,0,0,0,0,0,6,0,0,7000,7000,28,257,1429,296,222,409,409,409,330,0,39321,866,603,992,909,983,660,26222,39321
56.797,13,3326,21,84,47,14.64,12.07,0.824,1,0,0,0,36,276,3.04,8,110,184.17,0,0,0,0,0,0,0,0,1,0,0,0,0,0,0,55.97,37,0.508,1,0,0,0,0,0,0,0,0,0,3320,2550,800,800,1090,1400,71,0.344,44.5,14.7,11.37,0,184.17,0,110,21,12.892,350.72,1,0.723,0.723,0.586,2.637,1.152,0.02,0,,,,227,0,0,0,0,0,0,0,0,0,0,6,0,0,7000,7000,28,257,1429,396,227,408,408,409,205,0,39321,876,598,990,914,980,636,26222,39321
56.857,13,3326,21,84,47,14.64,12.22,0.834,1,0,0,0,36,276,3.024,8,109,182.67,0,0,0,0,0,0,0,0,1,0,0,0,0,0,0,55.52,37,0.508,1,0,0,0,0,0,0,0,0,0,3320,2550,800,800,1090,1400,71,0.344,44.5,14.7,11.43,0,182.67,0,109,21,12.892,350.72,1,0.723,0.723,0.586,2.637,1.152,0.02,0,,,,226,0,0,0,0,0,0,0,0,0,0,6,0,0,7000,7000,28,257,1429,292,235,408,408,409,226,0,39321,864,596,988,919,978,622,26222,39321
56.917,13,3326,21,84,47,14.64,12.32,0.841,1,0,0,0,36.5,276,3,8,108,181.17,0,0,0,0,0,0,0,0,1,0,0,0,0,0,0,55.07,36,0.508,1,0,0,0,0,0,0,0,0,0,3320,2550,800,800,1090,1400,71,0.344,45,14.7,11.94,0,181.17,0,108,21,12.892,350.72,1,0.742,0.742,0.586,2.637,1.152,0.02,0,,,,408,0,0,0,0,0,0,0,0,0,0,6,0,0,7000,7000,28,257,1429,408,235,409,408,408,260,0,39321,866,593,985,923,978,622,26222,39321
56.977,13,3333,21,84,47,14.64,12.32,0.841,1,0,0,0,36,276,3.008,8,109,181.83,0,0,0,0,0,0,0,0,1,0,0,0,0,0,0,55.3,37,0.508,1,0,0,0,0,0,0,0,0,0,3320,2550,800,800,1090,1400,71,0.344,44.5,14.7,12.06,0,181.83,0,109,21,12.892,350.72,1,0.703,0.703,0.586,2.637,1.152,0.02,0,,,,244,0,0,0,0,0,0,0,0,0,0,6,0,0,7000,7000,28,257,1429,402,244,409,408,409,196,0,39321,869,593,985,926,978,610,26222,39321
57.037,12,3335,21,84,47,14.64,12.38,0.845,1,0,0,0,36.5,276,2.96,8,107,177.83,0,0,0,0,0,0,0,0,1,0,0,0,0,0,0,54.85,36,0.5,1,0,0,0,0,0,0,0,0,0,3320,2550,800,800,1090,1400,71,0.336,45,14.7,12.12,0,177.83,0,107,21,12.892,350.72,1,0.703,0.703,0.586,2.637,1.133,0.02,0,,,,241,0,0,0,0,0,0,0,0,0,0,6,0,0,7000,7000,28,257,1429,347,246,415,414,415,241,0,39321,866,593,983,931,978,603,26222,39321
57.097,12,3337,21,84,47,14.64,12.41,0.847,1,0,0,0,36.5,276,2.928,8,105,175.5,0,0,0,0,0,0,0,0,1,0,0,0,0,0,0,54.17,36,0.5,1,0,0,0,0,0,0,0,0,0,3320,2550,800,800,1090,1400,71,0.336,45,14.7,12.12,0,175.5,0,105,21,12.965,350.72,1,0.723,0.723,0.586,2.637,1.113,0.02,0,,,,422,0,0,0,0,0,0,0,0,0,0,6,0,0,7000,7000,28,257,1429,270,255,424,422,422,244,0,39321,859,591,985,938,978,603,26222,39321
57.157,11,3326,21,84,47,14.64,12.41,0.847,1,0,0,0,37.5,276,2.856,7,102,169.83,0,0,0,0,0,0,0,0,0,0,0,0,0,0,0,53.27,35,0.492,1,0,0,0,0,0,0,0,0,0,3320,2550,800,800,1090,1400,71,0.328,46,14.7,12.17,0,169.83,0,102,21,12.965,353.28,1,0.664,0.664,0.586,2.637,1.094,0.02,0,,,,294,0,0,0,0,0,0,0,0,0,0,6,0,0,7000,7000,29,257,1429,414,294,415,415,421,229,0,39321,874,596,985,940,980,591,26222,39321
57.217,10,3320,21,84,47,14.64,12.41,0.847,1,0,0,0,38,276,2.776,7,98,163.5,0,0,0,0,0,0,0,0,0,0,0,0,0,0,0,52.15,33,0.484,1,0,0,0,0,0,0,0,0,0,3320,2550,800,800,1090,1400,71,0.324,46.5,14.7,12.17,0,163.5,0,98,21,12.965,353.28,1,0.645,0.645,0.586,2.637,1.055,0.02,0,,,,231,0,0,0,0,0,0,0,0,0,0,6,0,0,7000,7000,29,257,1429,352,225,420,381,421,231,0,39321,871,593,985,942,980,589,26222,39321
57.277,9,3322,21,84,47,14.64,12.38,0.845,1,0,0,0,38.5,282,2.624,7,91,151.67,0,0,0,0,0,0,0,0,0,0,0,0,0,0,0,49.9,31,0.469,1,0,0,0,0,0,0,0,0,0,3320,2550,800,800,1090,1400,71,0.316,47,14.7,12.17,0,151.67,0,91,21,12.965,355.84,1,0.605,0.605,0.586,2.656,1.016,0.02,0,,,,358,0,0,0,0,0,0,0,0,0,0,6,0,0,7000,7000,29,257,1429,400,285,415,358,415,220,0,39321,885,596,988,938,980,586,26222,39321
57.337,8,3324,21,84,47,14.64,12.26,0.837,1,0,0,0,38.5,282,2.552,7,87,145.17,0,0,0,0,0,0,0,0,0,0,0,0,0,0,0,48.55,30,0.461,1,0,0,0,0,0,0,0,0,0,3320,2550,800,800,1090,1400,71,0.309,47,14.7,12.12,0,145.17,0,87,21,13.038,358.4,1,0.566,0.566,0.586,2.656,0.996,0.02,0,,,,348,0,0,0,0,0,0,0,0,0,0,6,0,0,7000,7000,30,257,1429,350,348,405,406,406,204,0,39321,878,619,985,940,978,579,26222,39321
57.397,7,3313,21,84,47,14.64,12.26,0.837,1,0,0,0,39,282,2.432,6,81,135.67,0,0,0,0,0,0,0,0,0,0,0,0,0,0,0,46.98,28,0.445,1,0,0,0,0,0,0,0,0,0,3320,2550,800,800,1090,1400,71,0.305,47.5,14.7,11.94,0,135.67,0,81,21,13.038,358.4,1,0.527,0.527,0.586,2.656,0.938,0.02,0,,,,240,0,0,0,0,0,0,0,0,0,0,6,0,0,7000,7000,30,257,1429,339,315,406,401,405,240,0,39321,874,629,980,942,978,574,26222,39321
57.457,6,3291,21,84,47,14.7,12.19,0.829,1,0,0,0,39,282,2.368,6,77,130.67,0,0,0,0,0,0,0,0,0,0,0,0,0,0,0,46.08,27,0.438,1,0,0,0,0,0,0,0,0,0,3280,2550,800,800,1090,1400,71,0.301,47.5,14.76,11.89,0,130.67,0,77,21,13.038,358.4,1,0.469,0.469,0.586,2.656,0.898,0.02,0,,,,406,0,0,0,0,0,0,0,0,0,0,6,0,0,7000,7000,30,257,1429,324,213,406,406,405,215,0,39321,864,619,976,945,976,572,26222,39321
57.517,5,3255,21,84,47,14.7,12.07,0.821,1,0,0,0,39,282,2.264,6,72,122.33,0,0,0,0,0,0,0,0,0,0,0,0,0,0,0,45.63,27,0.414,1,0,0,0,0,0,0,0,0,0,3240,2550,800,800,1090,1400,72,0.293,47.5,14.76,11.83,0,122.33,0,72,21,13.038,360.96,1,0.469,0.469,0.586,2.656,0.879,0.02,0,,,,341,0,0,0,0,0,0,0,0,0,0,6,0,0,7000,7000,30,257,1429,341,166,406,406,328,138,0,39321,862,608,973,940,961,560,26222,39321
57.577,5,3263,21,84,47,14.7,12.01,0.817,1,0,0,0,39.5,288,2.2,5,69,117.83,0,0,0,0,0,0,0,0,0,0,0,0,0,0,0,44.73,26,0.406,1,0,0,0,0,0,0,0,0,0,3280,2550,800,800,1090,1400,72,0.297,48,14.76,11.66,0,117.83,0,69,21,13.038,360.96,1,0.449,0.449,0.586,2.656,0.859,0.02,0,,,,341,0,0,0,0,0,0,0,0,0,0,6,0,0,7000,7000,30,257,1429,398,160,400,400,341,236,0,39321,866,591,973,940,945,560,26222,39321
57.637,5,3295,21,84,47,14.7,12.01,0.817,1,0,0,0,39.5,282,2.232,6,71,119.83,0,0,0,0,0,0,0,0,0,0,0,0,0,0,0,44.73,26,0.414,1,0,0,0,0,0,0,0,0,0,3280,2550,800,800,1090,1400,72,0.293,48,14.76,11.66,0,119.83,0,71,21,13.038,360.96,1,0.469,0.469,0.586,2.656,0.859,0.02,0,,,,406,0,0,0,0,0,0,0,0,0,0,6,0,0,7000,7000,30,257,1429,406,150,406,406,405,166,0,39321,866,567,971,942,945,553,26222,39321
57.697,6,3302,21,84,47,14.7,12.07,0.821,1,0,0,0,39.5,282,2.32,6,76,127.33,0,0,0,0,0,0,0,0,0,0,0,0,0,0,0,44.96,26,0.438,1,0,0,0,0,0,0,0,0,0,3320,2550,800,800,1090,1400,72,0.301,48,14.76,11.66,0,127.33,0,76,21,13.038,360.96,1,0.469,0.469,0.586,2.656,0.898,0.02,0,,,,339,0,0,0,0,0,0,0,0,0,0,6,0,0,7000,7000,30,257,1429,339,219,405,341,405,211,0,39321,864,562,971,938,945,546,26222,39321
57.757,6,3276,21,84,47,14.7,12.13,0.825,1,0,0,0,39,282,2.352,6,76,129.67,0,0,0,0,0,0,0,0,0,0,0,0,0,0,0,45.86,27,0.438,1,0,0,0,0,0,0,0,0,0,3280,2550,800,800,1090,1400,72,0.301,47.5,14.76,11.71,0,129.67,0,76,21,13.038,360.96,1,0.469,0.469,0.586,2.656,0.898,0.02,0,,,,406,0,0,0,0,0,0,0,0,0,0,6,0,0,7000,7000,30,257,1429,382,211,406,361,406,180,0,39321,866,555,971,923,947,539,26222,39321
57.817,6,3246,21,84,47,14.7,12.13,0.825,1,0,0,0,39,282,2.36,6,76,130.33,0,0,0,0,0,0,0,0,0,0,0,0,0,0,0,46.08,27,0.438,1,0,0,0,0,0,0,0,0,0,3240,2550,800,800,1090,1400,72,0.301,47.5,14.76,11.71,0,130.33,0,76,21,13.038,358.4,1,0.469,0.469,0.586,2.637,0.898,0.02,0,,,,170,0,0,0,0,0,0,0,0,0,0,6,0,0,7000,7000,30,257,1429,365,170,406,356,331,240,0,39321,871,534,971,916,938,534,26222,39321
57.877,6,3244,21,84,47,14.7,12.19,0.829,1,0,0,0,39,288,2.36,6,76,130.5,0,0,0,0,0,0,0,0,0,0,0,0,0,0,0,46.08,27,0.438,1,0,0,0,0,0,0,0,0,0,3240,2550,800,800,1090,1400,72,0.301,47.5,14.76,11.83,0,130.5,0,76,21,13.038,358.4,1,0.469,0.469,0.586,2.637,0.898,0.02,0,,,,184,0,0,0,0,0,0,0,0,0,0,6,0,0,7000,7000,30,257,1429,380,232,400,328,369,184,0,39321,874,534,971,909,928,524,26222,39321
57.937,6,3257,21,84,47,14.7,12.26,0.834,1,0,0,0,39,288,2.376,6,77,131.67,0,0,0,0,0,0,0,0,0,0,0,0,0,0,0,46.53,27,0.438,1,0,0,0,0,0,0,0,0,0,3240,2550,800,800,1090,1400,72,0.301,47.5,14.76,11.89,0,131.67,0,77,21,13.038,358.4,1,0.488,0.488,0.586,2.637,0.918,0.02,0,,,,400,0,0,0,0,0,0,0,0,0,0,6,0,0,7000,7000,30,257,1429,352,177,400,400,330,326,0,39321,871,517,969,914,919,541,26222,39321
57.997,6,3253,21,84,47,14.7,12.26,0.834,1,0,0,0,39,288,2.384,6,78,132.5,0,0,0,0,0,0,0,0,0,0,0,0,0,0,0,46.75,28,0.438,1,0,0,0,0,0,0,0,0,0,3240,2550,800,800,1090,1400,72,0.301,47.5,14.76,11.89,0,132.5,0,78,21,13.038,358.4,1,0.508,0.508,0.586,2.637,0.918,0.02,0,,,,223,0,0,0,0,0,0,0,0,0,0,6,0,0,7000,7000,30,257,1429,398,223,400,396,359,251,0,39321,876,513,969,916,900,541,26222,39321
58.056,7,3234,21,84,47,14.7,12.26,0.834,1,0,0,0,39,288,2.424,6,79,135.5,0,0,0,0,0,0,0,0,0,0,0,0,0,0,0,46.98,28,0.445,1,0,0,0,0,0,0,0,0,0,3240,2550,800,800,1090,1400,72,0.305,47.5,14.76,12.0,0,135.5,0,79,21,13.038,358.4,1,0.508,0.508,0.586,2.637,0.938,0.02,0,,,,385,0,0,0,0,0,0,0,0,0,0,6,0,0,7000,7000,30,257,1429,398,160,398,398,385,227,0,39321,881,503,969,921,900,541,26222,39321
58.116,7,3223,21,84,47,14.7,12.26,0.834,1,0,0,0,39,288,2.432,6,79,136.17,0,0,0,0,0,0,0,0,0,0,0,0,0,0,0,47.2,28,0.445,1,0,0,0,0,0,0,0,0,0,3240,2550,800,800,1090,1400,72,0.305,47.5,14.76,11.94,0,136.17,0,79,21,13.038,358.4,1,0.488,0.488,0.586,2.637,0.938,0.02,0,,,,400,0,0,0,0,0,0,0,0,0,0,6,0,0,7000,7000,30,257,1429,335,227,400,400,398,302,0,39321,878,510,969,921,904,567,26222,39321
58.176,7,3215,21,84,47,14.7,12.32,0.838,1,0,0,0,39,288,2.448,6,80,137.83,0,0,0,0,0,0,0,0,0,0,0,0,0,0,0,47.88,29,0.445,1,0,0,0,0,0,0,0,0,0,3200,2550,800,800,1090,1400,72,0.305,47.5,14.76,12.06,0,137.83,0,80,21,13.038,358.4,1,0.508,0.508,0.586,2.637,0.957,0.02,0,,,,389,0,0,0,0,0,0,0,0,0,0,6,0,0,7000,7000,30,257,1429,389,275,400,400,343,291,0,39321,885,520,966,923,902,589,26222,39321
58.236,9,3215,21,84,47,14.7,12.38,0.842,1,0,0,0,38.5,288,2.552,6,85,146.17,0,0,0,0,0,0,0,0,0,0,0,0,0,0,0,49,30,0.461,1,0,0,0,0,0,0,0,0,0,3200,2550,800,800,1090,1400,72,0.309,47,14.76,12.12,0,146.17,0,85,21,13.038,355.84,1,0.566,0.566,0.586,2.637,1.016,0.02,0,,,,323,0,0,0,0,0,0,0,0,0,0,6,0,0,7000,7000,29,257,1429,398,260,372,323,363,310,0,39321,890,522,959,914,900,596,26222,39321
58.296,11,3215,21,84,47,14.7,12.38,0.842,1,0,0,0,38.5,282,2.744,7,94,161.67,0,0,0,0,0,0,0,0,0,0,0,0,0,0,0,50.8,32,0.492,1,0,0,0,0,0,0,0,0,0,3200,2550,800,800,1090,1400,71,0.328,47,14.76,12.12,0,161.67,0,94,21,13.038,355.84,1,0.586,0.586,0.586,2.637,1.074,0.02,0,,,,217,0,0,0,0,0,0,0,0,0,0,6,0,0,7000,7000,29,257,1429,406,217,419,408,387,353,0,39321,895,522,961,916,897,629,26222,39321
58.356,12,3227,21,84,47,14.64,12.41,0.847,1,0,0,0,37.5,282,2.856,7,99,170.17,0,0,0,0,0,0,0,0,1,0,0,0,0,0,0,52.6,34,0.5,1,0,0,0,0,0,0,0,0,0,3240,2550,800,800,1090,1400,71,0.336,46,14.7,12.17,0,170.17,0,99,21,13.038,353.28,1,0.645,0.645,0.586,2.637,1.113,0.02,0,,,,354,0,0,0,0,0,0,0,0,0,0,6,0,0,7000,7000,29,257,1429,313,189,415,413,379,354,0,39321,885,517,964,919,893,641,26222,39321
58.416,12,3257,21,84,47,14.64,12.44,0.849,1,0,0,0,37.5,282,2.88,7,101,172,0,0,0,0,0,0,0,0,1,0,0,0,0,0,0,53.05,34,0.5,1,0,0,0,0,0,0,0,0,0,3240,2550,800,800,1090,1400,71,0.336,46,14.7,12.17,0,172,0,101,21,13.038,353.28,1,0.645,0.645,0.586,2.637,1.133,0.02,0,,,,409,0,0,0,0,0,0,0,0,0,0,6,0,0,7000,7000,29,257,1429,358,201,409,407,331,339,0,39321,883,513,964,921,885,650,26222,39321
58.476,12,3289,21,84,47,14.64,12.32,0.841,1,0,0,0,37,276,2.912,7,103,174,0,0,0,0,0,0,0,0,1,0,0,0,0,0,0,53.72,35,0.5,1,0,0,0,0,0,0,0,0,0,3280,2550,800,800,1090,1400,71,0.336,45.5,14.7,12.17,0,174,0,103,21,13.038,353.28,1,0.664,0.664,0.586,2.637,1.133,0.02,0,,,,399,0,0,0,0,0,0,0,0,0,0,6,0,0,7000,7000,29,257,1429,399,210,415,415,415,254,0,39321,883,513,964,921,897,636,26222,39321
58.536,12,3257,21,84,47,14.64,12.32,0.841,1,0,0,0,36.5,276,2.936,7,103,176.33,0,0,0,0,0,0,0,0,1,0,0,0,0,0,0,54.4,36,0.5,1,0,0,0,0,0,0,0,0,0,3240,2550,800,800,1090,1400,71,0.336,45,14.7,12.0,0,176.33,0,103,21,13.038,350.72,1,0.645,0.645,0.586,2.637,1.133,0.02,0,,,,369,0,0,0,0,0,0,0,0,0,0,6,0,0,7000,7000,28,257,1429,414,294,414,402,369,260,0,39321,888,541,964,928,900,636,26222,39321
58.596,12,3190,21,84,47,14.64,12.19,0.832,1,0,0,0,36.5,282,2.944,7,102,176.83,0,0,0,0,0,0,0,0,1,0,0,0,0,0,0,54.62,36,0.5,1,0,0,0,0,0,0,0,0,0,3200,2550,800,800,1090,1400,71,0.336,45,14.7,11.83,0,176.83,0,102,21,13.038,350.72,1,0.703,0.703,0.586,2.637,1.133,0.02,0,,,,391,0,0,0,0,0,0,0,0,0,0,6,0,0,7000,7000,28,257,1429,356,250,391,409,320,356,0,39321,878,536,964,931,890,641,26222,39321
58.656,12,3190,21,84,47,14.64,12.19,0.832,1,0,0,0,36,282,2.968,7,103,179,0,0,0,0,0,0,0,0,1,0,0,0,0,0,0,55.3,37,0.5,1,0,0,0,0,0,0,0,0,0,3200,2550,800,800,1090,1400,71,0.336,44.5,14.7,11.77,0,179,0,103,21,13.038,350.72,1,0.684,0.684,0.586,2.637,1.133,0.02,0,,,,369,0,0,0,0,0,0,0,0,0,0,6,0,0,7000,7000,28,257,1429,358,210,407,409,375,369,0,39321,876,534,964,935,890,662,26222,39321
58.716,12,3234,21,84,47,14.64,12.19,0.832,1,0,0,0,36,282,2.968,7,104,179,0,0,0,0,0,0,0,0,1,0,0,0,0,0,0,55.3,37,0.5,1,0,0,0,0,0,0,0,0,0,3240,2550,800,800,1090,1400,71,0.336,44.5,14.7,11.77,0,179,0,104,21,13.038,350.72,1,0.664,0.664,0.586,2.637,1.133,0.02,0,,,,407,0,0,0,0,0,0,0,0,0,0,6,0,0,7000,7000,28,257,1429,360,248,407,407,407,369,0,39321,878,532,964,940,895,674,26222,39321
58.776,12,3257,21,84,47,14.64,12.19,0.832,1,0,0,0,36.5,282,2.968,8,105,179,0,0,0,0,0,0,0,0,1,0,0,0,0,0,0,55.3,37,0.5,1,0,0,0,0,0,0,0,0,0,3240,2550,800,800,1090,1400,71,0.336,45,14.7,11.77,0,179,0,105,21,13.038,350.72,1,0.703,0.703,0.586,2.656,1.133,0.02,0,,,,226,0,0,0,0,0,0,0,0,0,0,6,0,0,7000,7000,28,257,1429,407,226,407,407,407,299,0,39321,881,529,964,942,904,691,26222,39321
58.836,12,3238,21,84,47,14.64,12.26,0.837,1,0,0,0,36.5,282,2.96,8,104,178.33,0,0,0,0,0,0,0,0,1,0,0,0,0,0,0,55.07,36,0.5,1,0,0,0,0,0,0,0,0,0,3240,2550,800,800,1090,1400,71,0.336,45,14.7,11.83,0,178.33,0,104,21,13.038,350.72,1,0.703,0.703,0.586,2.656,1.133,0.02,0,,,,404,0,0,0,0,0,0,0,0,0,0,6,0,0,7000,7000,28,257,1429,341,257,409,409,404,252,0,39321,876,534,964,947,909,686,26222,39321
58.896,12,3215,21,84,47,14.64,12.32,0.841,1,0,0,0,36,282,2.976,7,104,179.33,0,0,0,0,0,0,0,0,1,0,0,0,0,0,0,55.3,37,0.5,1,0,0,0,0,0,0,0,0,0,3200,2550,800,800,1090,1400,71,0.336,44.5,14.7,11.83,0,179.33,0,104,21,13.038,350.72,1,0.684,0.684,0.586,2.656,1.133,0.02,0,,,,409,0,0,0,0,0,0,0,0,0,0,6,0,0,7000,7000,28,257,1429,279,230,409,407,407,233,0,39321,855,532,966,947,914,681,26222,39321
58.956,12,3232,21,84,47,14.64,12.32,0.841,1,0,0,0,36,282,2.976,7,104,179.83,0,0,0,0,0,0,0,0,1,0,0,0,0,0,0,55.52,37,0.5,1,0,0,0,0,0,0,0,0,0,3240,2550,800,800,1090,1400,71,0.336,44.5,14.7,11.94,0,179.83,0,104,21,13.038,350.72,1,0.684,0.684,0.586,2.656,1.133,0.02,0,,,,290,0,0,0,0,0,0,0,0,0,0,6,0,0,7000,7000,28,257,1429,290,184,407,407,360,407,0,39321,840,527,966,950,907,714,26222,39321
59.016,13,3253,21,84,47,14.64,12.38,0.845,1,0,0,0,36,282,2.992,8,106,181.17,0,0,0,0,0,0,0,0,1,0,0,0,0,0,0,55.97,37,0.5,1,0,0,0,0,0,0,0,0,0,3240,2550,800,800,1090,1400,71,0.344,44.5,14.7,12.0,0,181.17,0,106,21,13.038,350.72,1,0.684,0.684,0.586,2.656,1.152,0.02,0,,,,401,0,0,0,0,0,0,0,0,0,0,6,0,0,7000,7000,28,257,1429,337,183,409,409,401,197,0,39321,838,520,964,954,904,698,26222,39321
59.076,13,3255,21,84,47,14.64,12.44,0.849,1,0,0,0,35.5,282,3.008,8,107,182.5,0,0,0,0,0,0,0,0,1,0,0,0,0,0,0,56.42,38,0.5,1,0,0,0,0,0,0,0,0,0,3240,2550,800,800,1090,1400,71,0.344,44,14.7,12.06,0,182.5,0,107,21,13.038,348.16,1,0.723,0.723,0.586,2.656,1.172,0.02,0,,,,180,0,0,0,0,0,0,0,0,0,0,6,0,0,7000,7000,28,257,1429,403,180,401,403,363,252,0,39321,838,515,961,954,902,686,26222,39321
59.136,14,3246,21,84,47,14.64,12.49,0.853,1,0,0,0,35,282,3.072,8,109,187.33,0,0,0,0,0,0,0,0,1,0,0,0,0,0,0,57.1,39,0.508,1,0,0,0,0,0,0,0,0,0,3240,2550,800,800,1090,1400,70,0.352,43.5,14.7,12.06,0,187.33,0,109,21,13.038,348.16,1,0.703,0.703,0.586,2.656,1.191,0.02,0,,,,278,0,0,0,0,0,0,0,0,0,0,6,0,0,7000,7000,28,257,1429,371,220,403,403,371,278,0,39321,840,515,959,950,897,676,26222,39321
59.196,15,3253,21,84,47,14.64,12.49,0.853,1,0,0,0,34.5,282,3.224,8,117,199.5,0,0,0,0,0,0,0,0,1,0,0,0,0,0,0,58.89,40,0.523,1,0,0,0,0,0,0,0,0,0,3240,2550,800,800,1090,1400,70,0.359,43,14.7,12.23,0,199.5,0,117,21,13.038,345.6,1,0.801,0.801,0.586,2.656,1.23,0.02,0,,,,390,0,0,0,0,0,0,0,0,0,0,6,0,0,7000,7000,27,257,1429,388,232,388,390,387,317,0,39321,843,517,954,947,900,681,26222,39321
59.256,16,3267,21,84,47,14.59,12.57,0.862,1,0,0,0,33.5,276,3.376,9,124,211.17,0,0,0,0,0,0,0,0,1,0,0,0,0,0,0,60.47,42,0.539,1,0,0,0,0,0,0,0,0,0,3280,2550,800,800,1090,1400,70,0.367,42,14.64,12.29,0,211.17,0,124,21,13.038,345.6,1,0.84,0.84,0.586,2.656,1.27,0.02,0,,,,201,0,0,0,0,0,0,0,0,0,0,6,0,0,7000,7000,27,257,1429,352,201,390,390,340,268,0,39321,847,513,952,947,890,665,26222,39321
59.316,16,3282,21,84,47,14.59,12.77,0.876,1,0,0,0,32.5,276,3.464,9,129,218.17,0,0,0,0,0,0,0,0,1,0,0,0,0,0,0,62.49,44,0.539,1,0,0,0,0,0,0,0,0,0,3280,2550,800,800,1090,1400,70,0.367,41,14.64,12.29,0,218.17,0,129,21,13.038,343.04,1,0.859,0.859,0.586,2.656,1.289,0.02,0,,,,350,0,0,0,0,0,0,0,0,0,0,6,0,0,7000,7000,27,257,1429,361,226,345,390,350,199,0,39321,847,515,940,947,871,653,26222,39321
59.376,16,3287,21,84,47,14.59,12.98,0.89,1,0,0,0,32,276,3.496,9,130,220.5,0,0,0,0,0,0,0,0,1,0,0,0,0,0,0,63.17,45,0.539,1,0,0,0,0,0,0,0,0,0,3280,2550,800,800,1090,1400,70,0.367,40.5,14.64,12.52,0,220.5,0,130,21,13.038,343.04,1,0.84,0.84,0.586,2.656,1.289,0.02,0,,,,372,0,0,0,0,0,0,0,0,0,0,6,0,0,7000,7000,27,257,1429,390,210,372,390,354,241,0,39321,855,513,938,945,869,634,26222,39321
59.436,16,3285,21,84,47,14.59,12.98,0.89,1,0,0,0,32,276,3.504,9,131,221.33,0,0,0,0,0,0,0,0,1,0,0,0,0,0,0,63.39,45,0.539,1,0,0,0,0,0,0,0,0,0,3280,2550,800,800,1090,1400,70,0.367,40.5,14.64,12.69,0,221.33,0,131,21,13.038,343.04,1,0.859,0.859,0.586,2.656,1.289,0.02,0,,,,369,0,0,0,0,0,0,0,0,0,0,6,0,0,7000,7000,27,257,1429,369,231,336,389,389,163,0,39321,859,515,928,940,874,612,26222,39321
59.496,16,3293,21,84,47,14.59,13.23,0.907,1,0,0,0,31.5,276,3.528,9,133,223.5,0,0,0,0,0,0,0,0,1,0,0,0,0,0,0,64.06,46,0.539,1,0,0,0,0,0,0,0,0,0,3280,2550,800,800,1090,1400,70,0.367,40,14.64,12.69,0,223.5,0,133,21,13.038,340.48,1,0.879,0.879,0.586,2.656,1.289,0.02,0,,,,390,0,0,0,0,0,0,0,0,0,0,6,0,0,7000,7000,26,257,1429,389,246,358,389,390,239,0,39321,862,524,923,940,878,610,26222,39321
59.556,16,3311,21,84,47,14.59,13.35,0.915,1,0,0,0,32,276,3.488,9,131,220,0,0,0,0,0,0,0,0,1,0,0,0,0,0,0,62.94,45,0.539,1,0,0,0,0,0,0,0,0,0,3320,2550,800,800,1090,1400,70,0.367,40.5,14.64,12.86,0,220,0,131,21,13.038,343.04,1,0.879,0.879,0.586,2.656,1.289,0.02,0,,,,390,0,0,0,0,0,0,0,0,0,0,6,0,0,7000,7000,27,257,1429,358,181,390,389,390,245,0,39321,859,515,923,940,881,600,26222,39321
59.617,16,3320,21,84,47,14.59,13.35,0.915,1,0,0,0,32,276,3.488,9,131,219.83,0,0,0,0,0,0,0,0,1,0,0,0,0,0,0,62.94,45,0.539,1,0,0,0,0,0,0,0,0,0,3320,2550,800,800,1090,1400,70,0.367,40.5,14.64,12.98,0,219.83,0,131,21,13.038,343.04,1,0.84,0.84,0.586,2.656,1.289,0.02,0,,,,325,0,0,0,0,0,0,0,0,0,0,6,0,0,7000,7000,27,257,1429,325,235,389,383,390,255,0,39321,859,517,923,935,888,598,26222,39321
59.677,16,3322,21,84,47,14.59,13.41,0.919,1,0,0,0,32,276,3.512,9,133,221.83,0,0,0,0,0,0,0,0,1,0,0,0,0,0,0,63.61,45,0.539,1,0,0,0,0,0,0,0,0,0,3320,2550,800,800,1090,1400,70,0.367,40.5,14.64,13.09,0,221.83,0,133,21,13.038,343.04,1,0.84,0.84,0.586,2.656,1.289,0.02,0,,,,390,0,0,0,0,0,0,0,0,0,0,6,0,0,7000,7000,27,257,1429,354,237,390,342,390,224,0,39321,857,522,923,926,893,593,26222,39321
59.737,16,3333,21,84,47,14.59,13.41,0.919,1,0,0,0,32,276,3.488,9,132,219.83,0,0,0,0,0,0,0,0,1,0,0,0,0,0,0,62.94,45,0.539,1,0,0,0,0,0,0,0,0,0,3320,2550,800,800,1090,1400,70,0.367,40.5,14.64,13.09,0,219.83,0,132,21,13.038,343.04,1,0.879,0.879,0.586,2.656,1.289,0.02,0,,,,390,0,0,0,0,0,0,0,0,0,0,6,0,0,7000,7000,27,257,1429,385,224,390,243,390,251,0,39321,857,522,923,904,895,593,26222,39321
59.797,16,3346,21,84,47,14.59,13.38,0.917,1,0,0,0,32,276,3.488,9,132,219.83,0,0,0,0,0,0,0,0,1,0,0,0,0,0,0,62.94,45,0.539,1,0,0,0,0,0,0,0,0,0,3360,2550,800,800,1090,1400,70,0.367,40.5,14.64,12.98,0,219.83,0,132,21,13.038,343.04,1,0.84,0.84,0.586,2.656,1.289,0.02,0,,,,398,0,0,0,0,0,0,0,0,0,0,6,0,0,7000,7000,27,257,1429,398,233,390,396,398,249,0,39321,859,524,923,907,900,598,26222,39321
59.857,16,3353,21,84,46,14.59,13.38,0.917,1,0,0,0,32,276,3.496,9,133,220.33,0,0,0,0,0,0,0,0,1,0,0,0,0,0,0,63.17,45,0.539,1,0,0,0,0,0,0,0,0,0,3360,2550,800,800,1090,1400,70,0.367,40.5,14.64,12.92,0,220.33,0,133,21,13.038,343.04,1,0.84,0.84,0.586,2.656,1.27,0.02,0,,,,396,0,0,0,0,0,0,0,0,0,0,6,0,0,7000,7000,27,257,1429,396,238,396,396,396,165,0,39321,864,532,926,912,904,584,26222,39321
59.917,15,3342,21,84,46,14.59,13.38,0.917,1,0,0,0,33,276,3.32,9,124,206.67,0,0,0,0,0,0,0,0,1,0,0,0,0,0,0,60.92,43,0.523,1,0,0,0,0,0,0,0,0,0,3360,2550,800,800,1090,1400,70,0.359,41.5,14.64,12.92,0,206.67,0,124,21,13.038,345.6,1,0.82,0.82,0.586,2.656,1.23,0.02,0,,,,405,0,0,0,0,0,0,0,0,0,0,6,0,0,7000,7000,27,257,1429,345,291,405,403,348,259,0,39321,866,548,931,914,900,589,26222,39321
59.977,15,3335,21,84,46,14.59,13.32,0.913,1,0,0,0,33.5,276,3.288,9,123,204.33,0,0,0,0,0,0,0,0,1,0,0,0,0,0,0,60.24,42,0.523,1,0,0,0,0,0,0,0,0,0,3320,2550,800,800,1090,1400,70,0.359,42,14.64,12.86,0,204.33,0,123,21,13.038,345.6,1,0.781,0.781,0.586,2.656,1.23,0.02,0,,,,395,0,0,0,0,0,0,0,0,0,0,6,0,0,7000,7000,27,257,1429,395,235,396,396,395,243,0,39321,874,548,931,919,904,589,26222,39321
60.037,15,3344,21,84,46,14.59,13.23,0.907,1,0,0,0,33.5,276,3.312,9,124,205.5,0,0,0,0,0,0,0,0,1,0,0,0,0,0,0,60.69,42,0.523,1,0,0,0,0,0,0,0,0,0,3360,2550,800,800,1090,1400,70,0.359,42,14.64,12.86,0,205.5,0,124,21,13.038,345.6,1,0.801,0.801,0.586,2.656,1.23,0.02,0,,,,403,0,0,0,0,0,0,0,0,0,0,6,0,0,7000,7000,27,257,1429,395,272,403,382,403,268,0,39321,876,553,935,909,907,593,26222,39321
60.097,17,3360,21,84,46,14.59,13.23,0.907,1,0,0,0,33,276,3.464,9,132,218.17,0,0,0,0,0,0,0,0,1,0,0,0,0,0,0,60.92,43,0.555,1,0,0,0,0,0,0,0,0,0,3360,2550,800,800,1090,1400,69,0.375,41.5,14.64,12.81,0,218.17,0,132,21,13.038,345.6,1,0.82,0.82,0.586,2.676,1.309,0.02,0,,,,398,0,0,0,0,0,0,0,0,0,0,6,0,0,7000,7000,27,257,1429,354,197,398,403,403,325,0,39321,876,543,938,912,912,600,26222,39321
60.157,21,3387,21,84,46,14.53,13.13,0.904,1,0,0,0,30,276,3.808,10,149,245.5,0,0,0,0,0,0,0,0,1,0,0,0,0,0,0,66.54,49,0.57,1,0,0,0,0,0,0,0,0,0,3400,2550,800,800,1090,1400,68,0.402,38.5,14.59,12.69,0,245.5,0,149,21,13.038,340.48,1,0.938,0.938,0.586,2.676,1.465,0.02,0,,,,369,0,0,0,0,0,0,0,0,0,0,6,0,0,7000,7000,26,257,1429,369,168,380,380,260,248,0,39321,876,534,935,907,876,600,26222,39321
60.217,27,3410,21,84,46,14.36,13.26,0.924,1,0,0,0,27.5,270,4.184,11,167,271.5,0,0,0,0,0,0,0,0,1,0,0,0,0,0,0,76.65,59,0.547,1,0,0,0,0,0,0,0,0,0,3400,2550,800,800,1090,1400,67,0.438,36,14.41,12.81,0,271.5,0,167,21,13.038,330.24,1,1.191,1.191,0.586,2.676,1.699,0.02,0,,,,226,0,0,0,0,0,0,0,0,0,0,6,0,0,7000,7000,24,257,1429,279,218,346,238,226,318,0,39321,862,534,923,871,850,610,26222,39321
60.277,33,3401,21,84,46,13.95,13.82,0.99,1,0,0,0,25,270,4.848,13,194,317.33,0,0,0,0,0,0,0,0,1,0,0,0,0,0,0,87.22,70,0.563,1,0,0,0,0,0,0,0,0,0,3400,2550,800,800,1090,1400,66,0.465,33.5,14.01,12.92,0,317.33,0,194,21,13.038,317.44,1,1.465,1.465,0.586,2.676,1.895,0.02,0,,,,282,0,0,0,0,0,0,0,0,0,0,6,0,0,7000,7000,22,257,1429,322,187,330,282,287,204,0,39321,852,534,907,855,838,605,26222,39321
60.337,36,3415,21,84,46,13.72,13.82,1.007,1,0,0,0,24,264,5.32,15,212,345.17,0,0,0,0,0,0,0,0,1,0,0,0,0,0,0,92.16,76,0.578,1,0,0,0,0,0,0,0,0,0,3400,2550,800,800,1090,1400,65,0.477,32.5,13.78,13.55,0,345.17,0,212,21,13.038,312.32,1,1.465,1.465,0.586,2.676,2.031,0.02,0,,,,258,0,0,0,0,0,0,0,0,0,0,6,0,0,7000,7000,21,257,1429,324,258,324,252,268,221,0,39321,838,541,900,838,821,605,26222,39321
60.397,39,3474,21,84,46,13.55,14.82,1.093,1,0,0,0,23.5,264,5.72,16,233,372.17,0,0,0,0,0,0,0,0,1,0,0,0,0,0,0,95.54,79,0.602,1,0,0,0,0,0,0,0,0,0,3480,2550,800,800,1090,1400,65,0.492,32,13.61,14.47,0,372.17,0,233,21,13.038,309.76,1,1.563,1.563,0.586,2.676,2.129,0.02,0,,,,191,0,0,0,0,0,0,0,0,0,0,6,0,0,7000,7000,20,257,1429,306,215,321,255,321,191,0,39321,831,539,885,805,812,586,26222,39321
60.457,44,3521,21,84,46,13.49,15.48,1.147,1,0,0,0,23,264,6.112,17,252,398.33,0,0,0,0,0,0,1,0,1,0,0,0,0,0,0,98.46,82,0.625,1,0,0,0,0,0,0,0,0,0,3520,2550,800,800,1090,1400,64,0.508,31.5,13.55,14.47,0,398.33,0,252,21,13.038,307.2,1,1.641,1.641,0.586,2.676,2.305,0.02,0,,,,318,0,0,0,0,0,0,0,0,0,0,6,0,0,7000,7000,20,257,1429,262,187,316,188,318,192,0,39321,800,529,859,771,805,577,26222,39321
60.517,51,3543,21,84,46,13.38,15.48,1.157,1,0,0,0,23.5,258,6.688,19,280,439,0,0,0,0,0,0,1,0,1,0,0,0,0,0,0,100.93,85,0.672,1,0,0,0,0,0,0,0,0,0,3560,2550,800,800,1090,1400,64,0.52,32,13.44,15.22,0,439,0,280,21,13.038,304.64,1,1.68,1.68,0.586,2.676,2.559,0.02,0,,,,313,0,0,0,0,0,0,0,0,0,0,6,0,0,7000,7000,19,257,1429,285,186,313,282,318,202,0,39321,774,515,847,764,802,565,26222,39321
60.577,58,3597,21,84,46,13.32,15.63,1.173,1,0,0,0,23.5,258,7.4,22,316,487.33,0,0,0,0,0,0,1,0,1,0,0,0,0,0,0,103.63,88,0.727,1,0,0,0,0,0,0,0,0,0,3600,2550,800,800,1090,1400,63,0.531,32,13.38,15.22,0,487.33,0,316,21,13.038,302.08,1,1.699,1.699,0.586,2.676,2.813,0.02,0,,,,169,0,0,0,0,0,0,0,0,0,0,6,0,0,7000,7000,19,257,1429,204,169,313,287,315,158,0,39321,743,503,840,752,795,551,26222,39321
60.637,63,3628,21,84,46,13.32,15.07,1.131,1,0,0,0,23.5,252,7.848,23,339,520.5,0,0,0,0,0,0,1,0,1,0,0,0,0,0,0,103.85,88,0.773,1,0,0,0,0,0,0,0,0,0,3640,2550,800,800,1090,1400,63,0.539,32,13.38,14.81,0,520.5,0,339,21,13.038,302.08,1,1.777,1.777,0.586,2.676,3.008,0.02,0,,,,279,0,0,0,0,0,0,0,0,0,0,6,0,0,7000,7000,19,257,1429,279,214,315,284,312,200,0,39321,733,503,831,741,790,541,26222,39321
60.697,67,3612,21,84,46,13.26,14.23,1.073,1,0,0,0,23,252,8.336,25,362,556,0,0,0,0,0,0,1,0,1,0,0,0,0,0,0,104.53,89,0.82,1,0,0,0,0,0,0,0,0,0,3600,2550,800,800,1090,1400,63,0.551,31.5,13.32,14.64,0,556,0,362,21,13.038,302.08,1,1.738,1.738,0.586,2.676,3.164,0.02,0,,,,168,0,0,0,0,0,0,0,0,0,0,6,0,0,7000,7000,19,257,1429,190,263,316,316,316,168,0,39321,714,513,821,731,788,524,26222,39321
60.757,73,3623,21,84,46,13.26,14.23,1.073,1,0,0,0,23.5,252,8.304,25,360,551.5,0,0,0,0,0,0,1,0,1,0,0,0,0,0,0,105.88,90,0.805,1,0,0,0,0,0,0,0,0,0,3640,2550,800,800,1090,1400,63,0.547,32,13.32,13.84,0,551.5,0,360,21,13.038,299.52,1,1.797,1.797,0.586,2.676,3.398,0.02,0,,,,310,0,0,0,0,0,0,0,0,0,0,6,0,0,7000,7000,18,257,1429,177,210,259,291,310,158,0,39321,691,515,798,726,781,515,26222,39321
60.817,82,3660,21,84,46,13.26,13.69,1.032,1,0,0,0,23.5,252,8.632,26,379,575.33,0,0,0,0,0,0,1,0,1,0,0,0,0,0,0,105.2,89,0.844,1,0,0,0,0,0,0,0,0,0,3680,2550,800,800,1090,1400,62,0.559,32,13.32,13.26,0,575.33,0,379,21,13.038,299.52,1,1.797,1.797,0.586,2.676,3.73,0.02,0,,,,226,0,0,0,0,0,0,0,0,0,0,6,0,0,7000,7000,18,257,1429,246,239,305,226,308,227,0,39321,684,520,779,714,776,515,26222,39321
60.877,93,3728,21,84,46,13.26,13.04,0.983,1,0,0,0,23.5,246,9.272,28,416,621.83,0,0,0,0,0,0,1,0,1,0,0,0,0,0,0,105.88,90,0.906,1,0,0,0,0,0,0,0,0,0,3720,2550,800,800,1090,1400,62,0.566,32,13.32,13.03,0,621.83,0,416,21,13.038,299.52,1,1.719,1.719,0.586,2.695,4.121,0.02,0,,,,310,0,0,0,0,0,0,0,0,0,0,6,0,0,7000,7000,18,257,1429,285,162,310,268,306,128,0,39321,686,508,771,710,769,496,26222,39321
60.937,96,3762,21,84,46,13.21,12.6,0.954,1,0,0,0,23.5,240,9.616,30,436,644,0,0,0,0,0,0,1,0,1,0,0,0,0,0,0,106.1,90,0.938,1,0,0,0,0,0,0,0,0,0,3760,2550,800,800,1090,1400,62,0.57,32,13.26,12.52,0,644,0,436,21,13.038,299.52,1,1.777,1.777,0.586,2.695,4.238,0.02,0,,,,146,0,0,0,0,0,0,0,0,0,0,6,0,0,7000,7000,18,257,1429,266,146,310,307,304,211,0,39321,684,486,769,700,764,494,26222,39321
60.997,98,3787,21,84,46,13.21,12.6,0.954,1,0,0,0,24,240,9.688,30,443,649.33,0,0,0,0,0,0,1,0,1,0,0,0,0,0,0,106.1,90,0.945,1,0,0,0,0,0,0,0,0,0,3800,2550,800,800,1090,1400,62,0.574,32.5,13.26,12.35,0,649.33,0,443,21,13.038,299.52,1,1.777,1.777,0.586,2.695,4.316,0.02,0,,,,307,0,0,0,0,0,0,0,0,0,0,6,0,0,7000,7000,18,257,1429,307,200,304,306,306,220,0,39321,688,486,760,700,760,489,26222,39321
61.057,99,3813,21,84,46,13.26,12.19,0.919,1,0,0,0,24,240,9.616,30,442,644.33,0,0,0,0,0,0,1,0,1,0,0,0,0,0,0,105.2,89,0.945,1,0,0,0,0,0,0,0,0,0,3800,2550,800,800,1090,1400,62,0.578,32.5,13.32,11.71,0,644.33,0,442,21,13.038,299.52,1,1.777,1.777,0.586,2.695,4.355,0.02,0,,,,205,0,0,0,0,0,0,0,0,0,0,6,0,0,7000,7000,18,257,1429,205,156,306,229,306,155,0,39321,676,479,755,681,752,477,26222,39321
61.117,100,3849,21,84,46,13.26,11.88,0.895,1,0,0,0,24,240,9.616,30,446,644.17,0,0,0,0,0,0,1,0,1,0,0,0,0,0,0,105.2,89,0.945,1,0,0,0,0,0,0,0,0,0,3840,2550,800,800,1090,1400,61,0.582,32.5,13.32,11.71,0,644.17,0,446,21,13.038,299.52,1,1.816,1.816,0.586,2.695,4.375,0.02,0,,,,130,0,0,0,0,0,0,0,0,0,0,6,0,0,7000,7000,18,257,1429,297,183,299,159,299,130,0,39321,679,472,750,653,745,456,26222,39321
61.177,100,3888,21,84,46,13.21,11.66,0.883,1,0,0,0,24,240,9.736,31,457,653.33,0,0,0,0,0,0,1,0,1,0,0,0,0,0,0,105.65,90,0.953,1,0,0,0,0,0,0,0,0,0,3880,2550,800,800,1090,1400,61,0.586,32.5,13.26,11.43,0,653.33,0,457,21,13.038,299.52,1,1.738,1.738,0.586,2.695,4.375,0.02,0,,,,156,0,0,0,0,0,0,0,0,0,0,6,0,0,7000,7000,18,257,1429,256,197,299,144,297,156,0,39321,672,470,733,617,733,437,26222,39321
61.237,100,3924,21,84,46,13.21,11.66,0.883,1,0,0,0,24,240,9.688,31,459,649.83,0,0,0,0,0,0,1,0,1,0,0,0,0,0,0,104.98,89,0.953,1,0,0,0,0,0,0,0,0,0,3920,2550,800,800,1090,1400,61,0.59,32.5,13.26,11.31,0,649.83,0,459,21,13.038,299.52,1,1.855,1.855,0.586,2.695,4.395,0.02,0,,,,107,0,0,0,0,0,0,0,0,0,0,6,0,0,7000,7000,18,257,1429,212,201,287,172,288,107,0,39321,665,465,731,591,726,420,26222,39321
61.297,100,3965,21,84,46,13.21,11.5,0.87,1,0,0,0,24,240,9.736,32,465,653.17,0,0,0,0,0,0,1,0,1,0,0,0,0,0,0,105.65,90,0.953,1,0,0,0,0,0,0,0,0,0,3960,2550,800,800,1090,1400,61,0.598,32.5,13.26,11.14,0,653.17,0,465,21,13.038,299.52,1,1.816,1.816,0.586,2.695,4.395,0.02,0,,,,287,0,0,0,0,0,0,0,0,0,0,6,0,0,7000,7000,18,257,1429,287,280,288,148,287,143,0,39321,657,484,724,562,717,415,26222,39321
61.357,100,4000,21,84,46,13.21,11.41,0.864,1,0,0,0,24.5,240,9.84,32,476,660.67,0,0,0,0,0,0,1,0,1,0,0,0,0,0,0,106.1,90,0.961,1,0,0,0,0,0,0,0,0,0,4000,2550,800,800,1090,1400,61,0.602,33,13.26,10.97,0,660.67,0,476,21,13.038,299.52,1,1.777,1.777,0.586,2.695,4.395,0.02,0,,,,257,0,0,0,0,0,0,0,0,0,0,4,0,0,7000,7000,18,257,1429,287,171,257,190,257,129,0,39321,662,484,717,546,707,401,26222,39321
61.417,100,4022,21,84,46,13.15,11.41,0.867,1,0,0,0,24,240,9.872,33,480,663.33,0,0,0,0,0,0,1,0,1,0,0,0,0,0,0,106.55,91,0.961,1,0,0,0,0,0,0,0,0,0,4040,2550,800,800,1090,1400,61,0.602,32.5,13.21,11.14,0,663.33,0,480,21,13.038,299.52,1,1.816,1.816,0.586,2.695,4.395,0.02,0,,,,249,0,0,0,0,0,0,0,0,0,0,4,0,0,7000,7000,18,257,1429,255,149,257,156,249,143,0,39321,653,470,703,524,695,391,26222,39321
61.477,100,4038,21,84,46,13.15,11.32,0.861,1,0,0,0,24.5,240,9.84,33,480,660.67,0,0,0,0,0,0,1,0,1,0,0,0,0,0,0,106.1,90,0.961,1,0,0,0,0,0,0,0,0,0,4040,2550,800,800,1090,1400,60,0.605,33,13.21,11.03,0,660.67,0,480,21,13.038,299.52,1,1.855,1.855,0.586,2.695,4.395,0.02,0,,,,233,0,0,0,0,0,0,0,0,0,0,4,0,0,7000,7000,18,257,1429,212,225,257,138,233,125,0,39321,641,470,693,501,679,377,26222,39321
61.537,100,4084,21,84,46,13.15,11.25,0.855,1,0,0,0,24.5,240,9.856,33,487,661.83,0,0,0,0,0,0,1,0,1,0,0,0,0,0,0,106.33,90,0.961,1,0,0,0,0,0,0,0,0,0,4080,2550,800,800,1090,1400,60,0.609,33,13.21,10.97,0,661.83,0,487,21,13.038,299.52,1,1.855,1.855,0.586,2.695,4.395,0.02,0,,,,187,0,0,0,0,0,0,0,0,0,0,4,0,0,7000,7000,18,257,1429,228,220,257,129,225,187,0,39321,627,467,684,477,660,368,26222,39321
61.597,100,4128,21,84,46,13.15,11.22,0.853,1,0,0,0,24.5,240,9.816,33,488,656,0,0,0,0,0,0,1,0,1,0,0,0,0,0,0,105.2,89,0.961,1,0,0,0,0,0,0,0,0,0,4120,2550,800,800,1090,1400,60,0.617,33,13.21,10.97,0,656,0,488,21,13.038,299.52,1,1.66,1.66,0.586,2.695,4.395,0.02,0,,,,122,0,0,0,0,0,0,0,0,0,0,4,0,0,7000,7000,18,257,1429,256,151,257,90,210,122,0,39321,624,470,674,448,643,363,26222,39321
61.657,100,4152,21,84,46,13.15,11.22,0.853,1,0,0,0,24.5,240,9.832,34,489,654.5,0,0,0,0,0,0,1,0,1,0,0,0,0,0,0,104.98,89,0.961,1,0,0,0,0,0,0,0,0,0,4160,2550,800,800,1090,1400,60,0.621,33,13.21,10.85,0,654.5,0,489,21,13.038,299.52,1,1.816,1.816,0.586,2.695,4.395,0.02,0,,,,100,0,0,0,0,0,0,0,0,0,0,4,0,0,7000,7000,18,257,1429,218,148,243,87,263,100,0,39321,612,470,657,420,641,353,26222,39321
61.717,100,4187,21,84,46,13.15,11.19,0.851,1,0,0,0,24.5,240,9.744,33,488,648,0,0,0,0,0,0,1,0,1,0,0,0,0,0,0,103.85,88,0.961,1,0,0,0,0,0,0,0,0,0,4200,2550,800,800,1090,1400,60,0.621,33,13.21,10.85,0,648,0,488,21,13.038,302.08,1,1.758,1.758,0.586,2.695,4.395,0.02,0,,,,261,0,0,0,0,0,0,0,0,0,0,4,0,0,7000,7000,19,257,1429,261,163,261,91,263,102,0,39321,612,467,653,396,636,342,26222,39321
61.777,100,4219,21,84,46,13.15,11.16,0.848,1,0,0,0,24.5,240,9.784,34,493,650.5,0,0,0,0,0,0,1,0,1,0,0,0,0,0,0,104.3,88,0.961,1,0,0,0,0,0,0,0,0,0,4200,2550,800,800,1090,1400,60,0.625,33,13.21,10.85,0,650.5,0,493,21,13.038,302.08,1,1.719,1.719,0.586,2.695,4.395,0.02,0,,,,181,0,0,0,0,0,0,0,0,0,0,4,0,0,7000,7000,19,257,1429,205,181,261,116,263,93,0,39321,600,446,648,384,634,332,26222,39321
61.837,100,4258,21,84,46,13.09,11.13,0.85,1,0,0,0,24.5,240,9.816,34,501,653.17,0,0,0,0,0,0,1,0,1,0,0,0,0,0,0,104.98,89,0.961,1,0,0,0,0,0,0,0,0,0,4240,2550,800,800,1090,1400,60,0.629,33,13.15,10.8,0,653.17,0,501,21,12.965,299.52,1,1.797,1.797,0.586,2.695,4.395,0.02,0,,,,176,0,0,0,0,0,0,0,0,0,0,4,0,0,7000,7000,18,257,1429,178,176,168,192,265,81,0,39321,579,439,624,389,634,318,26222,39321
61.897,100,4288,21,84,46,13.03,11.13,0.854,1,0,0,0,24.5,234,10,35,512,663.83,0,0,0,0,0,0,1,0,1,0,0,0,0,0,0,105.88,90,0.969,1,0,0,0,0,0,0,0,0,0,4280,2550,800,800,1090,1400,59,0.637,33,13.09,10.74,0,663.83,0,512,21,12.965,299.52,1,1.777,1.777,0.586,2.695,4.395,0.02,0,,,,134,0,0,0,0,0,0,0,0,0,0,4,0,0,7000,7000,18,257,1429,228,171,134,122,195,87,0,39321,570,441,586,382,622,308,26222,39321
61.957,100,4310,21,84,46,13.03,11.1,0.851,1,0,0,0,24.5,234,10.008,35,515,664.17,0,0,0,0,0,0,1,0,1,0,0,0,0,0,0,105.88,90,0.969,1,0,0,0,0,0,0,0,0,0,4320,2550,800,800,1090,1400,59,0.637,33,13.09,10.74,0,664.17,0,515,21,12.965,299.52,1,1.855,1.855,0.586,2.695,4.395,0.02,0,,,,127,0,0,0,0,0,0,0,0,0,0,4,0,0,7000,7000,18,257,1429,213,235,199,127,263,74,0,39321,553,444,567,368,622,304,26222,39321
62.017,100,4336,21,84,46,13.03,11.07,0.849,1,0,0,0,24.5,234,9.992,36,518,663.17,0,0,0,0,0,0,1,0,1,0,0,0,0,0,0,105.65,90,0.969,1,0,0,0,0,0,0,0,0,0,4320,2550,800,800,1090,1400,59,0.641,33,13.09,10.74,0,663.17,0,518,21,12.965,299.52,1,1.777,1.777,0.586,2.695,4.375,0.02,0,,,,197,0,0,0,0,0,0,0,0,0,0,4,0,0,7000,7000,18,257,1429,197,201,161,129,197,69,0,39321,536,439,543,370,605,289,26222,39321
62.076,100,4370,21,84,46,13.03,11.07,0.849,1,0,0,0,24.5,234,9.928,36,518,658.17,0,0,0,0,0,0,1,0,1,0,0,0,0,0,0,104.75,89,0.969,1,0,0,0,0,0,0,0,0,0,4360,2550,800,800,1090,1400,59,0.645,33,13.09,10.62,0,658.17,0,518,21,12.965,302.08,1,1.66,1.66,0.586,2.695,4.375,0.02,0,,,,120,0,0,0,0,0,0,0,0,0,0,4,0,0,7000,7000,19,257,1429,209,180,250,201,266,120,0,39321,529,429,551,382,608,277,26222,39321
62.136,100,4401,21,84,46,12.98,11.07,0.853,1,0,0,0,24.5,234,10.08,36,527,666.33,0,0,0,0,0,0,1,0,1,0,0,0,0,0,0,105.43,90,0.977,1,0,0,0,0,0,0,0,0,0,4400,2550,800,800,1090,1400,59,0.648,33,13.03,10.62,0,666.33,0,527,21,12.965,299.52,1,1.816,1.816,0.586,2.695,4.375,0.02,0,,,,258,0,0,0,0,0,0,0,0,0,0,4,0,0,7000,7000,18,257,1429,258,196,270,175,235,125,0,39321,541,427,560,380,598,273,26222,39321
62.197,99,4432,21,84,46,12.98,11.02,0.85,1,0,0,0,24.5,234,10.064,37,531,665.33,0,0,0,0,0,0,1,0,1,0,0,0,0,0,0,105.2,89,0.977,1,0,0,0,0,0,0,0,0,0,4440,2550,800,800,1090,1400,59,0.656,33,13.03,10.68,0,665.33,0,531,21,13.038,299.52,1,1.738,1.738,0.586,2.695,4.355,0.02,0,,,,270,0,0,0,0,0,0,0,0,0,0,4,0,0,7000,7000,18,257,1429,269,205,270,235,180,100,0,39321,553,434,574,394,586,268,26222,39321
62.257,99,4460,21,84,46,12.92,11.0,0.851,1,0,0,0,24.5,234,10.168,37,536,669.5,0,0,0,0,0,0,1,0,1,0,0,0,0,0,0,105.88,90,0.977,1,0,0,0,0,0,0,0,0,0,4480,2550,800,800,1090,1400,59,0.656,33,12.98,10.68,0,669.5,0,536,21,13.038,299.52,1,1.855,1.855,0.586,2.695,4.355,0.02,0,,,,177,0,0,0,0,0,0,0,0,0,0,4,0,0,7000,7000,18,257,1429,234,184,269,177,192,107,0,39321,558,432,584,415,562,273,26222,39321
62.316,99,4484,21,84,46,12.92,11.0,0.851,1,0,0,0,24.5,228,10.24,38,544,674.5,0,0,0,0,0,0,1,0,1,0,0,0,0,0,0,106.78,91,0.977,1,0,0,0,0,0,0,0,0,0,4480,2550,800,800,1090,1400,58,0.66,33,12.98,10.74,0,674.5,0,544,21,13.038,299.52,1,1.68,1.68,0.586,2.695,4.336,0.02,0,,,,84,0,0,0,0,0,0,0,0,0,0,4,0,0,7000,7000,18,257,1429,199,102,159,93,84,66,0,39321,546,410,553,391,508,266,26222,39321
62.376,99,4500,21,84,46,12.92,10.97,0.849,1,0,0,0,24.5,234,10.192,38,544,671.33,0,0,0,0,0,0,1,0,1,0,0,0,0,0,0,105.43,90,0.984,1,0,0,0,0,0,0,0,0,0,4520,2550,800,800,1090,1400,58,0.664,33,12.98,10.68,0,671.33,0,544,21,12.965,299.52,1,1.758,1.758,0.586,2.695,4.336,0.02,0,,,,153,0,0,0,0,0,0,0,0,0,0,4,0,0,7000,7000,18,257,1429,153,118,189,102,118,72,0,39321,513,391,541,372,479,254,26222,39321
62.436,99,4528,21,84,46,12.92,10.94,0.847,1,0,0,0,24.5,234,10.168,38,546,669.67,0,0,0,0,0,0,1,0,1,0,0,0,0,0,0,104.98,89,0.984,1,0,0,0,0,0,0,0,0,0,4520,2550,800,800,1090,1400,58,0.664,33,12.98,10.62,0,669.67,0,546,21,12.965,299.52,1,1.855,1.855,0.586,2.695,4.336,0.02,0,,,,90,0,0,0,0,0,0,0,0,0,0,4,0,0,7000,7000,18,257,1429,104,90,88,76,78,102,0,39321,479,361,508,349,448,247,26222,39321
62.496,98,4566,21,84,46,12.86,10.91,0.848,1,0,0,0,25,234,10.2,38,549,669,0,0,0,0,0,0,1,0,1,0,0,0,0,0,0,104.75,89,0.984,1,0,0,0,0,0,0,0,0,0,4560,2550,800,800,1090,1400,58,0.668,33.5,12.92,10.62,0,669,0,549,21,12.965,302.08,1,1.855,1.855,0.586,2.695,4.316,0.02,0,,,,63,0,0,0,0,0,0,0,0,0,0,4,0,0,7000,7000,19,257,1429,60,53,80,63,74,53,0,39321,446,332,470,311,415,235,26222,39321
62.556,98,4582,21,84,46,12.86,10.91,0.848,1,0,0,0,25,234,10.144,38,549,665.17,0,0,0,0,0,0,1,0,1,0,0,0,0,0,0,104.08,88,0.984,1,0,0,0,0,0,0,0,0,0,4600,2550,800,800,1090,1400,58,0.672,33.5,12.92,10.57,0,665.17,0,549,21,12.965,302.08,1,1.836,1.836,0.586,2.695,4.316,0.02,0,,,,47,0,0,0,0,0,0,0,0,0,0,4,0,0,7000,7000,19,257,1429,75,77,114,59,116,47,0,39321,415,308,451,292,382,216,26222,39321
62.616,98,4582,21,84,46,12.86,10.91,0.848,1,0,0,0,25,234,10.12,38,547,663.17,0,0,0,0,0,0,1,0,1,0,0,0,0,0,0,103.85,88,0.984,1,0,0,0,0,0,0,0,0,0,4600,2550,800,800,1090,1400,58,0.672,33.5,12.92,10.62,0,663.17,0,547,21,12.965,302.08,1,1.836,1.836,0.586,2.695,4.297,0.02,0,,,,45,0,0,0,0,0,0,0,0,0,0,4,0,0,7000,7000,19,257,1429,66,45,84,45,115,57,0,39321,377,273,425,270,361,206,26222,39321
62.676,98,4591,21,84,46,12.81,10.88,0.85,1,0,0,0,24.5,228,10.384,39,563,681.67,0,0,0,0,0,0,1,0,1,0,0,0,0,0,0,107.23,91,0.984,1,0,0,0,0,0,0,0,0,0,4600,2550,800,800,1090,1400,58,0.672,33,12.86,10.62,0,681.67,0,563,21,12.965,299.52,1,1.816,1.816,0.586,2.695,4.297,0.02,0,,,,192,0,0,0,0,0,0,0,0,0,0,4,0,0,7000,7000,18,257,1429,84,54,192,72,87,51,0,39321,356,251,415,258,334,199,26222,39321
62.736,98,4638,21,84,46,12.81,10.91,0.852,1,0,0,0,25,228,10.32,39,565,677.33,0,0,0,0,0,0,1,0,1,0,0,0,0,0,0,106.33,90,0.984,1,0,0,0,0,0,0,0,0,0,4640,2550,800,800,1090,1400,58,0.672,33.5,12.86,10.62,0,677.33,0,565,21,12.965,299.52,1,1.797,1.797,0.586,2.695,4.297,0.02,0,,,,96,0,0,0,0,0,0,0,0,0,0,4,0,0,7000,7000,18,257,1429,83,62,147,66,96,57,0,39321,332,237,418,237,311,187,26222,39321
62.796,98,4677,21,84,46,12.81,10.91,0.852,1,0,0,0,25,234,10.288,40,563,668.83,0,0,0,0,0,0,1,0,1,0,0,0,0,0,0,104.98,89,0.984,1,0,0,0,0,0,0,0,0,0,4680,2550,800,800,1090,1400,58,0.68,33.5,12.86,10.62,0,668.83,0,563,21,12.965,299.52,1,1.66,1.66,0.586,2.695,4.297,0.02,0,,,,68,0,0,0,0,0,0,0,0,0,0,4,0,0,7000,7000,18,257,1429,68,71,141,75,120,74,0,39321,301,228,408,225,301,187,26222,39321
62.856,98,4668,21,84,46,12.75,10.94,0.858,1,0,0,0,25,228,10.44,40,571,679.33,0,0,0,0,0,0,1,0,1,0,0,0,0,0,0,106.78,91,0.984,1,0,0,0,0,0,0,0,0,0,4680,2550,800,800,1090,1400,58,0.68,33.5,12.81,10.62,0,679.33,0,571,21,12.965,299.52,1,1.699,1.699,0.586,2.695,4.297,0.02,0,,,,153,0,0,0,0,0,0,0,0,0,0,4,0,0,7000,7000,18,257,1429,66,68,153,103,71,77,0,39321,285,213,408,223,292,190,26222,39321
62.916,97,4708,21,84,46,12.75,10.97,0.86,1,0,0,0,25,228,10.376,40,575,678.5,0,0,0,0,0,0,1,0,1,0,0,0,0,0,0,106.55,91,0.984,1,0,0,0,0,0,0,0,0,0,4720,2550,800,800,1090,1400,58,0.68,33.5,12.81,10.57,0,678.5,0,575,21,12.965,299.52,1,1.758,1.758,0.586,2.695,4.277,0.02,0,,,,146,0,0,0,0,0,0,0,0,0,0,4,0,0,7000,7000,18,257,1429,51,53,164,85,146,98,0,39321,273,209,406,223,299,190,26222,39321
62.976,97,4739,21,84,46,12.81,10.97,0.856,1,0,0,0,25,234,10.128,40,561,657.67,0,0,0,0,0,0,1,0,1,0,0,0,0,0,0,103.85,88,0.977,1,0,0,0,0,0,0,0,0,0,4720,2550,800,800,1090,1400,58,0.684,33.5,12.86,10.62,0,657.67,0,561,21,12.965,302.08,1,1.738,1.738,0.586,2.695,4.277,0.02,0,,,,88,0,0,0,0,0,0,0,0,0,0,4,0,0,7000,7000,19,257,1429,88,65,98,78,102,82,0,39321,261,201,399,220,294,194,26222,39321
63.036,97,4739,21,84,46,12.75,10.97,0.86,1,0,0,0,25,228,10.28,40,570,668.5,0,0,0,0,0,0,1,0,1,0,0,0,0,0,0,105.65,90,0.984,1,0,0,0,0,0,0,0,0,0,4720,2550,800,800,1090,1400,57,0.688,33.5,12.81,10.62,0,668.5,0,570,21,12.965,299.52,1,1.816,1.816,0.586,2.695,4.277,0.02,0,,,,77,0,0,0,0,0,0,0,0,0,0,4,0,0,7000,7000,18,257,1429,77,72,107,77,106,92,0,39321,251,197,391,216,294,194,26222,39321
63.096,97,4757,21,84,46,12.81,10.97,0.856,1,0,0,0,25.5,228,10.048,39,561,654.83,0,0,0,0,0,0,1,0,1,0,0,0,0,0,0,104.08,88,0.977,1,0,0,0,0,0,0,0,0,0,4760,2550,800,800,1090,1400,57,0.688,34,12.86,10.62,0,654.83,0,561,21,12.965,302.08,1,1.875,1.875,0.586,2.695,4.277,0.02,0,,,,90,0,0,0,0,0,0,0,0,0,0,4,0,0,7000,7000,19,257,1429,69,89,136,75,116,90,0,39321,242,194,375,211,287,199,26222,39321
63.156,97,4784,21,84,46,12.75,10.97,0.86,1,0,0,0,25.5,228,10.04,40,561,651.33,0,0,0,0,0,0,1,0,1,0,0,0,0,0,0,103.63,88,0.977,1,0,0,0,0,0,0,0,0,0,4800,2550,800,800,1090,1400,57,0.688,34,12.81,10.62,0,651.33,0,561,21,12.965,302.08,1,1.738,1.738,0.586,2.695,4.277,0.02,0,,,,42,0,0,0,0,0,0,0,0,0,0,4,0,0,7000,7000,19,257,1429,67,42,153,78,99,86,0,39321,228,187,365,211,280,194,26222,39321
63.216,97,4798,21,84,46,12.69,10.97,0.864,1,0,0,0,25,228,10.264,41,576,667.17,0,0,0,0,0,0,1,0,1,0,0,0,0,0,0,106.33,90,0.977,1,0,0,0,0,0,0,0,0,0,4800,2550,800,800,1090,1400,57,0.691,33.5,12.75,10.62,0,667.17,0,576,21,12.965,299.52,1,1.758,1.758,0.586,2.715,4.277,0.02,0,,,,124,0,0,0,0,0,0,0,0,0,0,4,0,0,7000,7000,18,257,1429,84,40,102,124,138,66,0,39321,230,175,349,216,285,194,26222,39321
63.276,97,4807,21,84,46,12.75,10.94,0.858,1,0,0,0,25.5,228,10.144,40,569,658.83,0,0,0,0,0,0,1,0,1,0,0,0,0,0,0,104.98,89,0.977,1,0,0,0,0,0,0,0,0,0,4800,2550,800,800,1090,1400,57,0.691,34,12.81,10.62,0,658.83,0,569,21,12.965,299.52,1,1.777,1.777,0.586,2.715,4.277,0.02,0,,,,59,0,0,0,0,0,0,0,0,0,0,4,0,0,7000,7000,18,257,1429,59,57,105,94,105,89,0,39321,218,168,334,213,275,197,26222,39321
63.336,97,4807,21,84,46,12.69,10.91,0.86,1,0,0,0,25,228,10.256,41,574,663.67,0,0,0,0,0,0,1,0,1,0,0,0,0,0,0,105.65,90,0.977,1,0,0,0,0,0,0,0,0,0,4800,2550,800,800,1090,1400,57,0.691,33.5,12.75,10.57,0,663.67,0,574,21,12.965,299.52,1,1.797,1.797,0.586,2.715,4.277,0.02,0,,,,141,0,0,0,0,0,0,0,0,0,0,4,0,0,7000,7000,18,257,1429,84,56,141,84,120,96,0,39321,218,161,325,206,273,199,26222,39321
63.396,97,4835,21,84,46,12.69,10.91,0.86,1,0,0,0,25.5,228,10.2,41,575,659.67,0,0,0,0,0,0,1,0,1,0,0,0,0,0,0,104.98,89,0.977,1,0,0,0,0,0,0,0,0,0,4840,2550,800,800,1090,1400,57,0.695,34,12.75,10.62,0,659.67,0,575,21,12.965,299.52,1,1.855,1.855,0.586,2.715,4.277,0.02,0,,,,90,0,0,0,0,0,0,0,0,0,0,4,0,0,7000,7000,18,257,1429,60,73,106,64,113,90,0,39321,213,159,320,194,266,201,26222,39321
63.456,97,4835,21,84,46,12.63,10.91,0.863,1,0,0,0,25,228,10.304,41,584,667.17,0,0,0,0,0,0,1,0,1,0,0,0,0,0,0,106.55,91,0.977,1,0,0,0,0,0,0,0,0,0,4880,2550,800,800,1090,1400,57,0.695,33.5,12.69,10.62,0,667.17,0,584,21,12.965,299.52,1,1.836,1.836,0.586,2.715,4.277,0.02,0,,,,48,0,0,0,0,0,0,0,0,0,0,4,0,0,7000,7000,18,257,1429,101,48,72,105,139,96,0,39321,209,149,306,199,273,204,26222,39321
63.516,97,4873,21,84,46,12.69,10.91,0.86,1,0,0,0,25.5,228,10.304,41,585,666.83,0,0,0,0,0,0,1,0,1,0,0,0,0,0,0,106.33,90,0.977,1,0,0,0,0,0,0,0,0,0,4880,2550,800,800,1090,1400,57,0.695,34,12.75,10.62,0,666.83,0,585,21,12.965,299.52,1,1.758,1.758,0.586,2.715,4.277,0.02,0,,,,117,0,0,0,0,0,0,0,0,0,0,4,0,0,7000,7000,18,257,1429,114,56,81,46,117,86,0,39321,216,149,289,197,287,204,26222,39321
63.576,97,4887,21,84,46,12.75,10.91,0.856,1,0,0,0,25.5,228,10.104,41,572,650.5,0,0,0,0,0,0,1,0,1,0,0,0,0,0,0,103.41,87,0.977,1,0,0,0,0,0,0,0,0,0,4880,2550,800,800,1090,1400,57,0.699,34,12.81,10.62,0,650.5,0,572,21,12.965,302.08,1,1.855,1.855,0.586,2.715,4.277,0.02,0,,,,56,0,0,0,0,0,0,0,0,0,0,4,0,0,7000,7000,19,257,1429,81,56,106,110,174,80,0,39321,211,144,282,201,299,204,26222,39321
63.636,97,4921,21,84,46,12.69,10.91,0.86,1,0,0,0,25.5,228,10.208,41,585,660.5,0,0,0,0,0,0,1,0,1,0,0,0,0,0,0,105.2,89,0.977,1,0,0,0,0,0,0,0,0,0,4920,2550,800,800,1090,1400,57,0.703,34,12.75,10.62,0,660.5,0,585,21,12.965,299.52,1,1.836,1.836,0.586,2.715,4.277,0.02,0,,,,89,0,0,0,0,0,0,0,0,0,0,4,0,0,7000,7000,18,257,1429,105,44,60,89,116,54,0,39321,220,140,268,206,301,197,26222,39321
63.696,97,4926,21,84,46,12.69,10.91,0.86,1,0,0,0,25.5,228,10.208,41,584,660.33,0,0,0,0,0,0,1,0,1,0,0,0,0,0,0,105.2,89,0.977,1,0,0,0,0,0,0,0,0,0,4920,2550,800,800,1090,1400,57,0.703,34,12.75,10.62,0,660.33,0,584,21,12.965,299.52,1,1.699,1.699,0.586,2.715,4.277,0.02,0,,,,133,0,0,0,0,0,0,0,0,0,0,4,0,0,7000,7000,18,257,1429,133,56,112,98,135,67,0,39321,239,137,266,211,311,194,26222,39321
63.756,97,4930,21,84,46,12.69,10.88,0.857,1,0,0,0,25.5,228,10.256,41,584,661,0,0,0,0,0,0,1,0,1,0,0,0,0,0,0,105.2,89,0.977,1,0,0,0,0,0,0,0,0,0,4920,2550,800,800,1090,1400,57,0.703,34,12.75,10.57,0,661,0,584,21,12.965,299.52,1,1.699,1.699,0.586,2.715,4.258,0.02,0,,,,102,0,0,0,0,0,0,0,0,0,0,4,0,0,7000,7000,18,257,1429,142,43,70,102,129,69,0,39321,247,130,254,218,311,190,26222,39321
63.816,97,4940,21,84,46,12.63,10.85,0.859,1,0,0,0,25.5,228,10.208,42,587,660.33,0,0,0,0,0,0,1,0,1,0,0,0,0,0,0,105.2,89,0.977,1,0,0,0,0,0,0,0,0,0,4960,2550,800,800,1090,1400,57,0.707,34,12.69,10.51,0,660.33,0,587,21,12.965,299.52,1,1.797,1.797,0.586,2.715,4.258,0.02,0,,,,110,0,0,0,0,0,0,0,0,0,0,4,0,0,7000,7000,18,257,1429,110,51,81,104,161,102,0,39321,251,130,249,223,308,192,26222,39321
63.877,97,4960,21,84,46,12.63,10.85,0.859,1,0,0,0,25.5,228,10.288,42,589,659.83,0,0,0,0,0,0,1,0,1,0,0,0,0,0,0,104.98,89,0.977,1,0,0,0,0,0,0,0,0,0,4960,2550,800,800,1090,1400,56,0.711,34,12.69,10.51,0,659.83,0,589,21,12.965,299.52,1,1.855,1.855,0.586,2.715,4.258,0.02,0,,,,82,0,0,0,0,0,0,0,0,0,0,4,0,0,7000,7000,18,257,1429,91,71,125,82,103,107,0,39321,251,130,251,228,301,204,26222,39321
63.937,97,4935,21,84,46,12.63,10.85,0.859,1,0,0,0,25,228,10.36,42,593,667.83,0,0,0,0,0,0,1,0,1,0,0,0,0,0,0,106.55,91,0.977,1,0,0,0,0,0,0,0,0,0,4920,2550,800,800,1090,1400,56,0.707,33.5,12.69,10.51,0,667.83,0,593,21,12.965,299.52,1,1.738,1.738,0.586,2.715,4.258,0.02,0,,,,82,0,0,0,0,0,0,0,0,0,0,4,0,0,7000,7000,18,257,1429,134,67,123,75,160,82,0,39321,254,128,256,230,308,216,26222,39321
63.997,97,4945,21,84,46,12.63,10.91,0.863,1,0,0,0,25.5,228,10.224,42,586,658.33,0,0,0,0,0,0,1,0,1,0,0,0,0,0,0,104.75,89,0.977,1,0,0,0,0,0,0,0,0,0,4960,2550,800,800,1090,1400,56,0.707,34,12.69,10.57,0,658.33,0,586,21,12.965,302.08,1,1.719,1.719,0.586,2.715,4.258,0.02,0,,,,173,0,0,0,0,0,0,0,0,0,0,4,0,0,7000,7000,19,257,1429,150,72,173,87,150,105,0,39321,273,133,268,228,311,218,26222,39321
64.057,97,4960,21,84,46,12.63,10.97,0.868,1,0,0,0,25.5,228,10.336,42,595,666.17,0,0,0,0,0,0,1,0,1,0,0,0,0,0,0,106.1,90,0.977,1,0,0,0,0,0,0,0,0,0,4960,2550,800,800,1090,1400,56,0.707,34,12.69,10.57,0,666.17,0,595,21,12.965,299.52,1,1.836,1.836,0.586,2.715,4.258,0.02,0,,,,83,0,0,0,0,0,0,0,0,0,0,4,0,0,7000,7000,18,257,1429,173,43,120,110,139,83,0,39321,280,133,275,230,315,220,26222,39321
64.117,97,4970,21,84,46,12.63,10.97,0.868,1,0,0,0,25.5,228,10.248,42,593,660,0,0,0,0,0,0,1,0,1,0,0,0,0,0,0,105.2,89,0.977,1,0,0,0,0,0,0,0,0,0,4960,2550,800,800,1090,1400,56,0.711,34,12.69,10.62,0,660,0,593,21,12.965,299.52,1,1.641,1.641,0.586,2.715,4.258,0.02,0,,,,116,0,0,0,0,0,0,0,0,0,0,4,0,0,7000,7000,18,257,1429,78,51,116,129,147,140,0,39321,280,133,277,232,323,230,26222,39321
64.177,97,4975,21,84,46,12.58,11.02,0.877,1,0,0,0,25.5,228,10.456,43,604,671.33,0,0,0,0,0,0,1,0,1,0,0,0,0,0,0,107,91,0.977,1,0,0,0,0,0,0,0,0,0,4960,2550,800,800,1090,1400,56,0.711,34,12.63,10.68,0,671.33,0,604,21,12.965,299.52,1,1.895,1.895,0.586,2.715,4.258,0.02,0,,,,154,0,0,0,0,0,0,0,0,0,0,4,0,0,7000,7000,18,257,1429,81,52,120,90,146,154,0,39321,277,130,282,235,330,244,26222,39321
64.237,96,4975,21,84,46,12.63,11.07,0.876,1,0,0,0,25.5,228,10.24,42,593,659.5,0,0,0,0,0,0,1,0,1,0,0,0,0,0,0,104.98,89,0.977,1,0,0,0,0,0,0,0,0,0,4960,2550,800,800,1090,1400,56,0.711,34,12.69,10.68,0,659.5,0,593,21,12.965,299.52,1,1.66,1.66,0.586,2.715,4.238,0.02,0,,,,104,0,0,0,0,0,0,0,0,0,0,4,0,0,7000,7000,18,257,1429,74,75,104,95,163,111,0,39321,273,133,285,232,332,244,26222,39321
64.297,95,4985,21,84,46,12.58,11.13,0.885,1,0,0,0,25.5,228,10.336,43,598,663.33,0,0,0,0,0,0,1,0,1,0,0,0,0,0,0,106.55,91,0.969,1,0,0,0,0,0,0,0,0,0,5000,2550,800,800,1090,1400,56,0.711,34,12.63,10.68,0,663.33,0,598,21,12.965,299.52,1,1.914,1.914,0.586,2.715,4.219,0.02,0,,,,131,0,0,0,0,0,0,0,0,0,0,4,0,0,7000,7000,18,257,1429,102,46,174,135,135,131,0,39321,273,130,296,244,337,254,26222,39321
64.357,95,4995,21,84,45,12.63,11.13,0.881,1,0,0,0,25.5,228,10.16,42,591,654,0,0,0,0,0,0,1,0,1,0,0,0,0,0,0,104.98,89,0.969,1,0,0,0,0,0,0,0,0,0,5000,2550,800,800,1090,1400,56,0.711,34,12.69,10.8,0,654,0,591,21,12.965,299.52,1,1.66,1.66,0.586,2.715,4.219,0.02,0,,,,173,0,0,0,0,0,0,0,0,0,0,4,0,0,7000,7000,18,257,1429,95,71,173,104,169,135,0,39321,270,133,304,242,342,258,26222,39321
64.417,95,4995,21,84,45,12.58,11.13,0.885,1,0,0,0,25.5,228,10.384,43,602,666.83,0,0,0,0,0,0,1,0,1,0,0,0,0,0,0,107.23,91,0.969,1,0,0,0,0,0,0,0,0,0,5000,2550,800,800,1090,1400,56,0.711,34,12.63,10.8,0,666.83,0,602,21,12.965,299.52,1,1.914,1.914,0.586,2.715,4.219,0.02,0,,,,126,0,0,0,0,0,0,0,0,0,0,4,0,0,7000,7000,18,257,1429,58,82,173,111,172,126,0,39321,261,140,304,242,346,270,26222,39321
64.477,95,4995,21,84,45,12.63,11.16,0.883,1,0,0,0,25.5,228,10.184,42,592,655.5,0,0,0,0,0,0,1,0,1,0,0,0,0,0,0,105.2,89,0.969,1,0,0,0,0,0,0,0,0,0,5000,2550,800,800,1090,1400,56,0.711,34,12.69,10.85,0,655.5,0,592,21,12.965,299.52,1,1.641,1.641,0.586,2.715,4.219,0.02,0,,,,165,0,0,0,0,0,0,0,0,0,0,4,0,0,7000,7000,18,257,1429,143,81,165,150,147,121,0,39321,258,144,313,247,342,270,26222,39321
64.537,95,4995,21,84,45,12.58,11.16,0.887,1,0,0,0,25.5,228,10.368,43,600,665.67,0,0,0,0,0,0,1,0,1,0,0,0,0,0,0,107,91,0.969,1,0,0,0,0,0,0,0,0,0,5000,2550,800,800,1090,1400,56,0.711,34,12.63,10.85,0,665.67,0,600,21,12.965,299.52,1,1.914,1.914,0.586,2.715,4.199,0.02,0,,,,138,0,0,0,0,0,0,0,0,0,0,4,0,0,7000,7000,18,257,1429,126,53,173,110,125,138,0,39321,263,144,325,251,332,287,26222,39321
64.597,94,5000,21,84,45,12.58,11.16,0.887,1,0,0,0,25.5,228,10.168,42,589,651.33,0,0,0,0,0,0,1,0,1,0,0,0,0,0,0,105.43,90,0.961,1,0,0,0,0,0,0,0,0,0,5000,2550,800,800,1090,1400,56,0.711,34,12.63,10.8,0,651.33,0,589,21,12.965,299.52,1,1.641,1.641,0.586,2.715,4.18,0.02,0,,,,144,0,0,0,0,0,0,0,0,0,0,4,0,0,7000,7000,18,257,1429,112,52,144,154,111,114,0,39321,280,147,334,266,327,287,26222,39321
64.657,94,5000,21,84,45,12.58,11.19,0.89,1,0,0,0,25.5,228,10.296,43,597,660.5,0,0,0,0,0,0,1,0,1,0,0,0,0,0,0,107,91,0.961,1,0,0,0,0,0,0,0,0,0,5000,2550,800,800,1090,1400,56,0.711,34,12.63,10.85,0,654.83,0,589,21,12.965,299.52,1,1.875,1.875,0.586,2.715,4.18,0.02,0,,,,99,0,0,0,0,0,0,0,0,0,0,4,0,0,7000,7000,18,257,1429,147,39,160,118,172,99,0,39321,285,142,339,273,337,287,26222,39321
64.717,94,5015,21,84,45,12.63,11.19,0.886,1,0,0,0,25.5,228,10.032,41,582,644.83,0,0,0,0,0,0,1,0,1,0,0,0,0,0,0,104.3,88,0.961,1,0,0,0,0,0,0,0,0,0,5000,2550,800,800,1090,1400,56,0.711,34,12.69,10.85,0,644.83,0,582,21,12.965,302.08,1,1.641,1.641,0.586,2.715,4.16,0.02,0,,,,172,0,0,0,0,0,0,0,0,0,0,4,0,0,7000,7000,19,257,1429,169,90,172,80,122,129,0,39321,289,152,351,268,330,289,26222,39321
64.777,82,5015,21,84,45,12.58,11.19,0.89,1,0,0,0,25.5,228,9.472,39,545,603.67,0,0,0,0,0,0,1,0,1,0,0,0,0,0,0,105.2,89,0.891,1,0,0,0,0,0,0,0,0,0,5000,2550,800,800,1090,1400,56,0.699,34,12.63,10.85,0,603.67,0,545,21,12.965,299.52,1,1.797,1.797,0.586,2.715,3.73,0.02,0,,,,163,0,0,0,0,0,0,0,0,0,0,4,0,0,7000,7000,18,257,1429,81,68,147,90,108,163,0,39321,282,154,349,263,327,299,26222,39321
64.837,64,5015,21,84,45,12.63,11.22,0.888,1,0,0,0,25.5,228,9.208,38,531,588,0,0,0,0,0,0,1,0,1,0,0,0,0,0,0,104.75,89,0.875,1,0,0,0,0,0,0,0,0,0,5000,2550,800,800,1090,1400,56,0.676,34,12.69,10.91,0,588,0,531,21,12.965,302.08,1,1.66,1.66,0.586,2.734,3.066,0.02,0,,,,103,0,0,0,0,0,0,0,0,0,0,4,0,0,7000,7000,19,257,1429,114,75,103,158,140,151,0,39321,285,163,346,270,327,304,26222,39321
64.897,35,5020,21,84,45,12.81,11.23,0.877,1,0,0,0,27,246,6.576,27,368,407,0,0,0,0,0,0,0,0,1,0,0,0,0,0,0,94.86,78,0.656,1,0,0,0,0,0,0,0,0,0,5040,2550,800,800,1090,1400,61,0.563,35.5,12.86,10.91,0,407,0,368,21,12.965,309.76,1,1.504,1.504,0.586,2.734,1.992,0.02,0,,,,148,0,0,0,0,0,0,0,0,0,0,4,0,0,7000,7000,20,257,1429,102,109,173,99,111,148,0,39321,275,171,353,268,323,315,26222,39321
64.957,10,4995,21,84,45,13.03,11.29,0.866,1,0,0,0,28.5,258,4.08,16,218,242.5,0,0,0,0,0,0,0,0,0,0,0,0,0,0,0,74.63,57,0.5,1,0,0,0,0,0,0,0,0,0,5000,2550,800,800,1090,1400,70,0.332,38,13.09,11.03,0,242.5,0,218,21,12.965,330.24,1,0.977,0.977,0.586,2.734,1.035,0.02,0,,,,161,0,0,0,0,0,0,0,0,0,0,4,0,0,7000,7000,24,257,1429,94,50,161,123,127,111,0,39321,268,173,358,270,327,308,26222,39321
65.017,0,4901,21,84,45,13.15,11.29,0.859,1,0,0,0,30,264,2.608,10,117,132.83,0,0,0,0,0,0,0,0,0,0,0,0,0,0,1,54.85,36,0.32,1,0,0,0,0,0,0,0,0,0,4920,2550,800,800,1090,1400,72,0.27,44.5,13.21,11.08,0,132.83,0,117,21,13.038,350.72,1,0.664,0.664,0.586,2.734,0.645,0.02,0,,,,96,0,0,0,0,0,0,0,0,0,0,4,0,0,7000,7000,28,257,1429,145,93,232,148,226,96,0,39321,275,178,375,280,353,306,26222,39321
65.077,0,4835,22,84,45,13.26,11.44,0.862,1,0,0,0,29.5,264,2.488,10,109,124.83,0,0,0,0,0,0,0,0,0,0,0,0,0,0,1,50.13,31,0.32,1,0,0,0,0,0,0,0,0,0,4840,2550,800,800,1090,1400,72,0.27,47,13.32,11.2,0,124.83,0,109,22,13.038,355.84,1,0.586,0.586,0.586,2.734,0.645,0.02,0,,,,161,0,0,0,0,0,0,0,0,0,0,4,0,0,7000,7000,29,257,1429,145,82,161,179,179,123,0,39321,294,175,372,289,363,304,26222,39321
65.137,0,4752,22,84,45,13.32,11.79,0.885,1,0,0,0,29,264,2.416,9,104,120.5,0,0,0,0,0,0,0,0,0,0,0,0,0,0,1,48.1,29,0.32,1,0,0,0,0,0,0,0,0,0,4800,2550,800,800,1090,1400,72,0.27,47.5,13.38,11.31,0,120.5,0,104,23,13.038,358.4,1,0.508,0.508,0.586,2.734,0.645,0.02,0,,,,116,0,0,0,0,0,0,0,0,0,0,4,0,0,7000,7000,30,257,1429,238,80,214,114,116,130,0,39321,325,173,387,289,363,304,26222,39321
65.197,0,4664,23,84,45,13.49,12.26,0.909,1,0,0,0,29,270,2.368,9,100,119,0,0,0,0,0,0,0,0,0,0,0,0,0,0,1,46.53,27,0.32,1,0,0,0,0,0,0,0,0,0,4680,2550,800,800,1090,1400,72,0.266,47.5,13.55,11.54,0,119,0,100,23,13.038,358.4,1,0.469,0.469,0.586,2.734,0.645,0.02,0,,,,109,0,0,0,0,0,0,0,0,0,0,4,0,0,7000,7000,30,257,1429,109,115,205,93,123,154,0,39321,334,180,399,280,363,301,26222,39321
65.257,0,4541,24,84,45,13.72,12.26,0.893,1,0,0,0,29,270,2.344,8,97,118.83,0,0,0,0,0,0,0,0,0,0,0,0,0,0,1,45.63,27,0.32,1,0,0,0,0,0,0,0,0,0,4560,2550,800,800,1090,1400,72,0.266,47.5,13.78,11.94,0,118.83,0,97,24,13.038,360.96,1,0.43,0.43,0.586,2.734,0.645,0.02,0,,,,162,0,0,0,0,0,0,0,0,0,0,4,0,0,7000,7000,30,257,1429,185,76,162,113,144,135,0,39321,349,187,410,282,363,301,26222,39321
65.317,0,4444,24,84,45,13.84,12.66,0.915,1,0,0,0,29,270,2.304,8,94,117.33,0,0,0,0,0,0,0,0,0,0,0,0,0,0,1,44.96,26,0.32,1,0,0,0,0,0,0,0,0,0,4440,2550,800,800,1090,1400,72,0.266,48,13.9,12.29,0,117.33,0,94,24,13.038,360.96,1,0.43,0.43,0.586,2.734,0.645,0.02,0,,,,99,0,0,0,0,0,0,0,0,0,0,4,0,0,7000,7000,30,257,1429,195,129,248,153,99,137,0,39321,358,194,434,287,344,301,26222,39321
65.377,0,4325,25,84,45,13.95,12.69,0.909,1,0,0,0,28,270,2.296,8,91,117,0,0,0,0,0,0,0,0,0,0,0,0,0,0,1,43.83,25,0.32,1,0,0,0,0,0,0,0,0,0,4320,2550,800,800,1090,1400,72,0.266,48,14.01,12.23,0,117,0,91,25,13.038,360.96,1,0.469,0.469,0.586,2.715,0.645,0.02,0,,,,156,0,0,0,0,0,0,0,0,0,0,4,0,0,7000,7000,30,257,1429,234,264,357,345,263,156,0,39321,389,230,484,337,391,308,26222,39321
65.437,0,4230,25,84,45,14.01,12.66,0.903,1,0,0,0,28,270,2.288,8,89,116.83,0,0,0,0,0,0,0,0,0,0,0,0,0,0,1,43.83,25,0.32,1,0,0,0,0,0,0,0,0,0,4240,2550,800,800,1090,1400,72,0.266,48,14.07,12.29,0,116.83,0,89,26,13.038,360.96,1,0.43,0.43,0.586,2.715,0.645,0.02,0,,,,354,0,0,0,0,0,0,0,0,0,0,4,0,0,7000,7000,30,257,1429,354,302,354,189,354,165,0,39321,467,268,522,344,446,320,26222,39321
65.497,0,4122,26,84,45,14.07,12.66,0.9,1,0,0,0,28,276,2.296,7,88,118.5,0,0,0,0,0,0,0,1,0,0,0,0,0,0,2,43.83,25,0.32,1,0,0,0,0,0,0,0,0,0,4120,2550,800,800,1090,1400,72,0.266,48,14.13,12.17,0,118.5,0,88,26,13.038,360.96,1,0.43,0.43,0.586,2.715,0.645,0.02,0,,,,351,0,0,0,0,0,0,0,0,0,0,4,0,0,7000,7000,30,257,1429,351,310,349,244,349,216,0,39321,510,315,558,377,491,344,26222,39321
65.557,0,4019,26,84,45,14.07,12.49,0.888,1,0,0,0,27,276,0,0,85,117.17,0,0,0,0,0,0,0,1,0,0,0,0,0,0,2,43.16,24,0.32,1,0,0,0,0,0,0,0,0,0,4000,2550,800,800,1090,1400,72,0.266,48.5,14.24,12.17,0,117.17,0,85,26,13.038,360.96,1,0.41,0.41,0.586,2.715,0.645,0.02,0,,,,343,0,0,0,0,0,0,0,0,0,0,4,0,0,7000,7000,30,257,1429,343,196,343,278,343,242,0,39321,546,334,589,403,532,377,26222,39321
65.617,0,3915,25,84,45,14.07,12.38,0.88,1,0,0,0,27,276,0,0,80,113.67,0,0,0,0,0,0,0,1,0,0,0,0,0,0,2,42.26,23,0.32,1,0,0,0,0,0,0,0,0,0,3920,2550,800,800,1090,1400,72,0.266,48.5,14.3,12.17,0,113.67,0,80,25,13.038,360.96,1,0.41,0.41,0.586,2.715,0.645,0.02,0,,,,384,0,0,0,0,0,0,0,0,0,0,6,0,0,7000,7000,30,257,1429,384,243,343,264,384,232,0,39321,584,353,617,429,572,399,26222,39321
65.677,0,3825,25,84,45,14.07,12.38,0.88,1,0,0,0,26.5,276,0,0,77,112.17,0,0,0,0,0,0,0,1,0,0,0,0,0,0,2,41.58,22,0.32,1,0,0,0,0,0,0,0,0,0,3840,2550,800,800,1090,1400,72,0.266,48.5,14.36,11.89,0,112.17,0,77,25,13.038,360.96,1,0.371,0.371,0.586,2.715,0.645,0.02,0,,,,399,0,0,0,0,0,0,0,0,0,0,6,0,0,7000,7000,30,257,1429,399,331,399,307,399,206,0,39321,627,406,653,463,615,415,26222,39321
65.737,0,3773,25,84,45,14.07,12.35,0.878,1,0,0,0,26.5,276,0,0,73,108.17,0,0,0,0,0,0,0,1,0,0,0,0,0,0,2,39.56,20,0.32,1,0,0,0,0,0,0,0,0,0,3760,2550,800,800,1090,1400,72,0.266,49,14.47,12.12,0,108.17,0,73,25,13.038,360.96,1,0.352,0.352,0.586,2.715,0.645,0.02,0,,,,285,0,0,0,0,0,0,0,0,0,0,6,0,0,7000,7000,30,257,1429,351,128,410,257,410,285,0,39321,638,403,691,472,657,434,26222,39321
65.797,0,3709,25,84,45,14.07,12.32,0.876,1,0,0,0,26.5,282,0,0,70,104.5,0,0,0,0,0,0,0,1,0,0,0,0,0,0,2,38.89,19,0.313,1,0,0,0,0,0,0,0,0,0,3720,2550,800,800,1090,1400,72,0.266,49,14.47,12.06,0,104.5,0,70,25,13.038,360.96,1,0.313,0.313,0.586,2.715,0.645,0.02,0,,,,418,0,0,0,0,0,0,0,0,0,0,6,0,0,7000,7000,30,257,1429,327,318,418,243,418,213,0,39321,643,456,724,484,695,439,26222,39321
65.857,0,3610,25,84,45,14.07,12.26,0.871,1,0,0,0,25.5,282,0,0,67,103.83,0,0,0,0,0,0,0,1,0,0,0,0,0,0,2,38.44,19,0.313,1,0,0,0,0,0,0,0,0,0,3600,2550,800,800,1090,1400,72,0.266,49,14.59,12.06,0,103.83,0,67,25,13.038,360.96,1,0.332,0.332,0.586,2.715,0.645,0.02,0,,,,364,0,0,0,0,0,0,0,0,0,0,6,0,0,7000,7000,30,257,1429,385,282,420,364,418,241,0,39321,681,479,752,529,714,456,26222,39321
65.917,0,3521,25,84,45,14.07,12.26,0.871,1,0,0,0,25.5,282,0,0,66,103,0,0,0,0,0,0,0,1,0,0,0,0,0,0,2,39.11,20,0.305,1,0,0,0,0,0,0,0,0,0,3520,2550,800,800,1090,1400,72,0.266,49,14.7,12.0,0,103,0,66,24,13.038,360.96,1,0.332,0.332,0.586,2.715,0.645,0.02,0,,,,418,0,0,0,0,0,0,0,0,0,0,6,0,0,7000,7000,30,257,1429,418,290,418,319,418,275,0,39321,719,501,781,543,750,472,26222,39321
65.977,0,3434,24,84,45,14.07,12.19,0.866,1,0,0,0,25.5,282,0,0,62,101,0,0,0,0,0,0,0,1,0,0,0,0,0,0,2,38.89,19,0.305,1,0,0,0,0,0,0,0,0,0,3440,2550,800,800,1090,1400,72,0.266,49,14.7,11.54,0,101,0,62,24,13.038,360.96,1,0.313,0.313,0.586,2.715,0.645,0.02,0,,,,307,0,0,0,0,0,0,0,0,0,0,6,0,0,7000,7000,30,257,1429,307,171,422,243,422,239,0,39321,726,496,795,567,779,489,26222,39321
66.037,0,3351,24,84,45,14.07,12.32,0.876,1,0,0,0,24.5,282,0,0,61,101.5,0,0,0,0,0,0,0,1,0,0,0,0,0,0,2,39.11,20,0.305,1,0,0,0,0,0,0,0,0,0,3360,2550,800,800,1090,1400,72,0.27,49,14.76,11.54,0,101.5,0,61,24,12.965,360.96,1,0.313,0.313,0.586,2.715,0.645,0.02,0,,,,411,0,0,0,0,0,0,0,0,0,0,6,0,0,7000,7000,30,257,1429,331,212,415,321,411,246,0,39321,731,503,819,589,800,494,26222,39321
66.097,0,3253,24,84,45,14.07,13.38,0.951,1,0,0,0,24.5,282,0,0,60,102.33,0,0,0,0,0,0,0,1,0,0,0,0,0,0,2,39.56,20,0.305,1,0,0,0,0,0,0,0,0,0,3240,2550,800,800,1090,1400,72,0.27,49,14.76,11.71,0,102.33,0,60,24,12.965,360.96,1,0.332,0.332,0.586,2.715,0.645,0.02,0,,,,406,0,0,0,0,0,0,0,0,0,0,6,0,0,7000,7000,30,257,1429,390,210,406,219,406,406,0,39321,748,501,840,584,809,534,26222,39321
66.157,0,3168,24,84,45,14.07,13.38,0.951,1,0,0,0,24.5,288,0,0,58,100.83,0,0,0,0,0,0,0,1,0,0,0,0,0,0,2,39.79,20,0.297,1,0,0,0,0,0,0,0,0,0,3160,2550,800,800,1090,1400,72,0.273,49,14.81,12.81,0,100.83,0,58,24,12.965,360.96,1,0.352,0.352,0.586,2.715,0.645,0.02,0,,,,400,0,0,0,0,0,0,0,0,0,0,6,0,0,7000,7000,30,263,1462,400,230,400,378,400,234,0,39321,748,501,840,584,809,534,26222,39321
66.217,0,3069,24,84,45,14.07,14.76,1.049,1,0,0,0,24,288,0,0,56,101.17,0,0,0,0,0,0,0,1,0,0,0,0,0,0,2,40.01,21,0.297,1,0,0,0,0,0,0,0,0,0,3080,2550,800,800,1090,1400,72,0.277,49,14.81,14.07,0,101.17,0,56,24,12.965,360.96,1,0.332,0.332,0.586,2.715,0.645,0.02,0,,,,214,0,0,0,0,0,0,0,0,0,0,6,0,0,7000,7000,30,266,1479,293,299,418,214,283,206,0,39321,748,501,840,584,809,534,26222,39321
66.277,0,2983,23,84,45,14.07,16.9,1.202,1,0,0,0,24,288,0,0,53,99.17,0,0,0,0,0,0,0,1,0,0,0,0,0,0,2,39.79,20,0.297,1,0,0,0,0,0,0,0,0,0,3000,2550,800,800,1090,1400,72,0.281,49,14.87,14.07,0,99.17,0,53,23,12.965,360.96,1,0.332,0.332,0.586,2.715,0.645,0.02,0,,,,328,0,0,0,0,0,0,0,0,0,0,6,0,0,7000,7000,30,265,1474,328,96,287,219,316,179,0,39321,748,501,840,584,809,534,26222,39321
66.337,0,2893,23,84,45,14.07,18.29,1.3,1,0,0,0,24,288,0,0,50,95,0,0,0,0,0,0,0,1,0,0,0,0,0,0,2,39.79,20,0.281,1,0,0,0,0,0,0,0,0,0,2880,2550,800,800,1090,1400,72,0.277,49,14.87,16.14,0,95,0,50,23,12.965,360.96,1,0.371,0.371,0.586,2.715,0.645,0.02,0,,,,355,0,0,0,0,0,0,0,0,0,0,6,0,0,7000,7000,30,265,1474,303,174,386,355,320,218,0,39321,748,501,840,584,809,534,26222,39321
66.397,0,2818,23,84,45,14.07,18.29,1.3,1,0,0,0,23,288,0,0,48,93.83,0,0,0,0,0,0,0,1,0,0,0,0,0,0,2,40.24,21,0.273,1,0,0,0,0,0,0,0,0,0,2800,2550,800,800,1090,1400,72,0.277,49,14.87,17.46,0,93.83,0,48,23,12.892,360.96,1,0.352,0.352,0.586,2.715,0.645,0.02,0,,,,114,0,0,0,0,0,0,0,0,0,0,6,0,0,7000,7000,30,262,1457,313,103,206,261,180,114,0,39321,748,501,840,584,809,534,26222,39321
66.457,0,2726,23,84,45,14.07,19.2,1.365,1,0,0,0,23,288,0,0,45,91.83,0,0,0,0,0,0,0,1,0,0,0,0,0,0,2,40.24,21,0.266,1,0,0,0,0,0,0,0,0,0,2720,2550,800,800,1090,1400,72,0.277,49,14.81,18.26,0,91.83,0,45,23,12.892,360.96,1,0.352,0.352,0.586,2.715,0.645,0.02,0,,,,218,0,0,0,0,0,0,0,0,0,0,6,0,0,7000,7000,30,257,1429,292,144,218,256,92,164,0,39321,748,501,840,584,809,534,26222,39321
66.517,0,2648,23,84,45,14.07,19.73,1.402,1,0,0,0,13.5,294,0,0,43,89.67,0,0,0,0,0,0,0,1,0,0,0,0,0,0,3,40.24,21,0.258,1,0,0,0,0,0,0,0,0,0,2640,2550,800,800,1090,1400,72,0.273,49,14.81,18.26,0,89.67,0,43,23,12.892,360.96,1,0.391,0.391,0.586,2.715,0.645,0.02,0,,,,122,0,0,0,0,0,0,0,0,0,0,6,0,0,7000,7000,30,257,1429,206,142,144,218,122,126,0,39321,825,505,854,688,774,550,26222,39321
66.577,0,2566,22,84,45,14.07,19.73,1.402,1,0,0,0,11.5,294,0,0,40,86.17,0,0,0,0,0,0,0,1,0,0,0,0,0,0,3,40.24,21,0.25,1,0,0,0,0,0,0,0,0,0,2560,2550,800,800,1090,1400,72,0.273,49,14.81,18.78,0,86.17,0,40,22,12.892,360.96,1,0.352,0.352,0.586,2.715,0.645,0.02,0,,,,98,0,0,0,0,0,0,0,0,0,0,6,0,0,7000,7000,30,257,1429,232,86,160,152,152,98,0,39321,811,511,866,700,787,548,26222,39321
66.637,0,2483,22,84,45,14.07,19.84,1.411,1,0,0,0,11.5,294,0,0,38,85.67,0,0,0,0,0,0,0,1,0,0,0,0,0,0,3,40.01,21,0.25,1,0,0,0,0,0,0,0,0,0,2480,2480,800,800,1090,1400,72,0.273,48.5,14.81,18.95,0,85.67,0,38,22,12.892,360.96,1,0.352,0.352,0.586,2.715,0.645,0.02,0,,,,64,0,0,0,0,0,0,0,0,0,0,6,0,0,7000,7000,30,257,1429,136,64,156,112,138,194,0,39321,807,469,840,675,762,548,26222,39321
66.697,0,2400,22,84,45,14.07,19.73,1.402,1,0,0,0,11.5,294,0,0,37,85.67,0,0,0,0,0,0,0,1,0,0,0,0,0,0,3,40.01,21,0.25,1,0,0,0,0,0,0,0,0,0,2400,2400,800,800,1090,1400,72,0.27,48,14.81,18.83,0,85.67,0,37,22,12.892,360.96,1,0.332,0.332,0.586,2.715,0.645,0.02,0,,,,172,0,0,0,0,0,0,0,0,0,0,6,0,0,7000,7000,30,257,1429,150,66,172,152,100,110,0,39321,781,452,804,660,731,534,26222,39321
66.757,0,2313,22,84,45,14.07,19.73,1.402,1,0,0,0,9,294,0,0,36,86.17,0,0,0,0,0,0,0,1,0,0,0,0,0,0,3,40.24,21,0.25,1,0,0,0,0,0,0,0,0,0,2320,2310,800,800,1090,1400,72,0.27,47.5,14.76,19.06,0,86.17,0,36,22,12.965,360.96,1,0.332,0.332,0.586,2.715,0.645,0.02,0,,,,172,0,0,0,0,0,0,0,0,0,0,7,0,0,7000,7000,30,257,1429,134,92,146,172,126,102,0,39321,756,438,781,630,708,520,26222,39321
66.817,0,2244,22,84,45,14.07,19.73,1.402,1,0,0,0,9,294,0,0,35,86.5,0,0,0,0,0,0,0,1,0,0,0,0,0,0,3,40.46,21,0.25,1,0,0,0,0,0,0,0,0,0,2240,2240,800,800,1090,1400,72,0.27,47,14.76,19.12,0,86.5,0,35,22,12.965,360.96,1,0.352,0.352,0.586,2.715,0.645,0.02,0,,,,88,0,0,0,0,0,0,0,0,0,0,7,0,0,7000,7000,30,257,1429,158,134,178,154,88,104,0,39321,736,435,765,615,655,506,26222,39321
66.877,0,2154,22,85,45,14.07,19.73,1.402,1,0,0,0,9,300,0,0,34,86.67,0,0,0,0,0,0,0,1,0,0,0,0,0,0,3,40.68,21,0.25,1,0,0,0,0,0,0,0,0,0,2160,2150,800,800,1090,1400,72,0.266,46.5,14.76,19.06,0,86.67,0,34,21,12.965,360.96,1,0.391,0.391,0.586,2.715,0.645,0.02,0,,,,120,0,0,0,0,0,0,0,0,0,0,7,0,0,7000,7000,30,257,1429,138,94,160,100,100,120,0,39321,714,427,745,593,632,480,26222,39321
66.937,0,2081,21,85,45,14.07,19.61,1.394,1,0,0,0,7.5,300,0,0,32,84.83,0,0,0,0,0,0,0,1,0,0,0,0,0,0,3,40.68,21,0.25,1,0,0,0,0,0,0,0,0,0,2080,2080,800,800,1090,1400,73,0.266,46,14.7,19.12,0,84.83,0,32,21,12.965,360.96,1,0.352,0.352,0.586,2.715,0.645,0.02,0,,,,106,0,0,0,0,0,0,0,0,0,0,7,0,0,7000,7000,30,257,1429,112,72,164,142,130,106,0,39321,691,413,725,582,615,469,26222,39321
66.997,0,2005,21,85,45,14.07,19.61,1.394,1,0,0,0,7.5,300,0,0,31,85.17,0,0,0,0,0,0,0,1,0,0,0,0,0,0,3,40.91,21,0.25,1,0,0,0,0,0,0,0,0,0,2000,2010,800,800,1090,1400,73,0.266,45.5,14.7,19.06,0,85.17,0,31,21,12.965,360.96,1,0.391,0.391,0.586,2.715,0.645,0.02,0,,,,62,0,0,0,0,0,0,0,0,0,0,7,0,0,7000,7000,30,257,1429,144,64,168,162,108,62,0,39321,675,396,711,573,596,450,26222,39321
67.057,0,1927,21,85,45,14.07,19.61,1.394,1,0,0,0,7.5,300,0,0,30,85.5,0,0,0,0,0,0,0,1,0,0,0,0,0,0,3,41.13,22,0.25,1,0,0,0,0,0,0,0,0,0,1920,1930,800,800,1090,1400,73,0.262,44.5,14.64,19.06,0,85.5,0,30,21,13.038,360.96,1,0.371,0.371,0.586,2.695,0.645,0.02,0,,,,114,0,0,0,0,0,0,0,0,0,0,7,0,0,7000,7000,30,257,1429,180,78,168,76,100,114,0,39321,666,385,694,551,576,444,26222,39321
67.117,0,1846,21,85,45,14.07,19.39,1.378,1,0,0,0,7,300,0,0,29,86.33,0,0,0,0,0,0,0,1,0,0,0,0,0,0,3,41.58,22,0.25,1,0,0,0,0,0,0,0,0,0,1840,1850,800,800,1090,1400,73,0.262,43.5,14.64,18.95,0,86.33,0,29,21,13.038,360.96,1,0.41,0.41,0.586,2.695,0.645,0.02,0,,,,92,0,0,0,0,0,0,0,0,0,0,7,0,0,7000,7000,30,257,1429,98,98,170,92,92,114,0,39321,641,376,683,531,556,444,26222,39321
67.177,0,1783,21,85,45,14.07,19.39,1.378,1,0,0,0,7,300,0,0,29,89.5,0,0,0,0,0,0,0,1,0,0,0,0,0,0,3,42.26,23,0.258,1,0,0,0,0,0,0,0,0,0,1800,1780,800,800,1090,1400,73,0.262,43,14.59,18.95,0,89.5,0,29,21,13.038,360.96,1,0.41,0.41,0.586,2.695,0.645,0.02,0,,,,102,0,0,0,0,0,0,0,0,0,0,7,0,0,7000,7000,30,257,1429,72,108,140,120,102,88,0,39321,613,371,666,520,540,433,26222,39321
67.237,0,1697,20,85,45,14.07,19.39,1.378,1,0,0,0,7,306,0,0,27,88.17,0,0,0,0,0,0,0,1,0,0,0,0,0,0,3,42.48,23,0.258,1,0,0,0,0,0,0,0,0,0,1680,1700,800,800,1090,1400,73,0.262,41,14.53,18.95,0,88.17,0,27,20,13.038,360.96,1,0.41,0.41,0.586,2.695,0.645,0.02,0,,,,82,0,0,0,0,0,0,0,0,0,0,7,0,0,7000,7000,30,257,1429,84,74,126,82,102,60,0,39321,587,362,646,500,540,416,26222,39321
67.297,0,1629,20,85,45,14.07,19.39,1.378,1,0,0,0,7,306,0,0,27,91.17,0,0,0,0,0,0,0,1,0,0,0,0,0,0,3,42.93,24,0.266,1,0,0,0,0,0,0,0,0,0,1640,1630,800,800,1090,1400,73,0.262,40.5,14.53,18.89,0,91.17,0,27,20,13.038,360.96,1,0.41,0.41,0.586,2.695,0.645,0.02,0,,,,124,0,0,0,0,0,0,0,0,0,0,7,0,0,7000,7000,30,257,1429,68,88,124,82,92,62,0,39321,562,354,630,500,523,402,26222,39321
67.357,0,1560,20,85,45,14.07,19.2,1.365,1,0,0,0,7,306,0,0,26,94.17,0,0,0,0,0,0,0,1,0,0,0,0,0,0,3,43.38,24,0.273,1,0,0,0,0,0,0,0,0,0,1560,1560,800,800,1090,1400,73,0.262,39.5,14.47,18.78,0,94.17,0,26,20,13.038,360.96,1,0.43,0.43,0.586,2.695,0.645,0.02,0,,,,86,0,0,0,0,0,0,0,0,0,0,7,0,0,7000,7000,30,257,1429,64,86,124,122,88,58,0,39321,537,348,630,489,506,388,26222,39321
67.417,0,1487,20,85,45,14.07,19.2,1.365,1,0,0,0,7,306,0,0,25,94.5,0,0,0,0,0,0,0,1,0,0,0,0,0,0,3,43.61,24,0.273,1,0,0,0,0,0,0,0,0,0,1480,1490,800,800,1090,1400,73,0.258,38.5,14.41,18.78,0,94.5,0,25,20,13.038,360.96,1,0.43,0.43,0.586,2.695,0.645,0.02,0,,,,78,0,0,0,0,0,0,0,0,0,0,7,0,0,7000,7000,30,257,1429,64,86,100,118,116,78,0,39321,537,348,607,480,495,376,26222,39321
67.477,0,1410,20,85,45,14.07,19.2,1.365,1,0,0,0,7,306,0,0,24,95.33,0,0,0,0,0,0,0,1,0,0,0,0,0,0,3,44.06,25,0.273,1,0,0,0,0,0,0,0,0,0,1400,1410,800,800,1090,1400,73,0.258,37.5,14.36,18.72,0,95.33,0,24,20,13.038,360.96,1,0.469,0.469,0.586,2.695,0.645,0.02,0,,,,130,0,0,0,0,0,0,0,0,0,0,7,0,0,7000,7000,30,257,1429,56,96,140,130,116,78,0,39321,511,345,593,472,495,376,26222,39321
67.536,0,1328,19,85,46,14.07,19.1,1.357,1,0,0,0,7,312,0,0,23,94.5,0,0,0,0,0,0,0,1,0,0,0,0,0,0,3,44.51,25,0.273,1,0,0,0,0,0,0,0,0,0,1320,1330,800,800,1090,1400,73,0.258,36.5,14.36,18.6,0,94.5,0,23,19,13.038,360.96,1,0.449,0.449,0.586,2.715,0.645,0.02,0,,,,82,0,0,0,0,0,0,0,0,0,0,7,0,0,7000,7000,30,257,1429,68,82,140,130,150,58,0,39321,492,337,593,472,492,362,26222,39321
67.596,0,1272,19,85,46,14.07,19.1,1.357,1,0,0,0,7,312,0,0,22,97,0,0,0,0,0,0,0,1,0,0,0,0,0,0,3,44.73,26,0.281,1,0,0,0,0,0,0,0,0,0,1280,1270,800,800,1090,1400,73,0.258,35.5,14.3,18.49,0,97,0,22,19,13.038,360.96,1,0.469,0.469,0.586,2.695,0.645,0.02,0,,,,71,0,0,0,0,0,0,0,0,0,0,7,0,0,7000,7000,30,257,1429,68,82,129,129,93,71,0,39321,492,337,579,466,478,351,26222,39321
67.657,0,1184,19,85,46,14.07,18.98,1.349,1,0,0,0,7,312,0,0,22,102.17,0,0,0,0,0,0,0,1,0,0,0,0,0,0,3,45.18,26,0.297,1,0,0,0,0,0,0,0,0,0,1200,1180,800,800,1090,1400,73,0.258,34.5,14.3,18.49,0,102.17,0,22,19,13.038,360.96,1,0.469,0.469,0.586,2.695,0.645,0.02,0,,,,85,0,0,0,0,0,0,0,0,0,0,7,0,0,7000,7000,30,257,1429,69,81,97,85,93,71,0,39321,472,331,559,452,478,351,26222,39321
67.717,0,1120,19,85,46,14.07,18.98,1.349,1,0,0,0,7,312,0,0,22,105.33,0,0,0,0,0,0,0,1,0,0,0,0,0,0,3,45.63,27,0.305,1,0,0,0,0,0,0,0,0,0,1120,1120,800,800,1090,1400,73,0.258,32,14.3,18.43,0,105.33,0,22,19,13.038,360.96,1,0.508,0.508,0.586,2.695,0.645,0.02,0,,,,51,0,0,0,0,0,0,0,0,0,0,7,0,0,7000,7000,30,257,1429,51,81,97,85,99,67,0,39321,452,331,559,452,466,340,26222,39321
67.776,0,1053,19,85,46,14.18,18.98,1.338,1,0,0,0,15,312,0,0,22,111.17,0,0,0,0,1,0,0,0,0,0,0,0,0,0,0,46.08,27,0.32,1,0,0,0,0,0,0,0,0,0,1040,1050,800,1050,1090,1400,73,0.258,29,14.3,18.38,0,111.33,0,21,19,13.038,358.4,1,0.488,0.488,0.586,2.695,0.645,0.02,0,,,,113,0,0,0,0,0,0,0,0,0,0,7,0,0,7000,7000,30,257,1429,51,89,101,113,99,67,0,39321,452,326,542,444,466,340,26222,39321
67.836,0,980,19,85,46,14.53,18.89,1.3,1,0,0,0,19,312,2.264,1,20,111.83,0,0,0,0,1,0,0,0,0,0,0,0,0,0,0,46.98,28,0.32,1,0,0,0,0,0,0,0,0,0,1000,980,800,1020,1090,1400,73,0.258,28,14.3,18.38,0,111.83,0,20,20,13.038,358.4,1,0.508,0.508,0.586,2.695,0.645,0.02,0,,,,66,0,0,0,0,0,0,0,0,0,0,7,0,0,7000,7000,30,257,1429,66,89,101,113,101,58,0,39321,435,326,542,444,455,329,26222,39321
67.896,0,933,20,85,46,14.7,18.89,1.285,1,0,0,0,20,312,2.224,1,20,115.67,0,0,0,0,1,0,0,0,0,0,0,0,0,0,0,47.88,29,0.328,1,0,0,0,0,0,0,0,0,0,920,930,800,990,1090,1400,74,0.254,28,14.3,18.32,0,115.67,0,20,20,13.038,358.4,1,0.547,0.547,0.586,2.695,0.645,0.02,0,,,,83,0,0,0,0,0,0,0,0,0,0,7,0,0,7000,7000,30,257,1429,66,60,81,83,101,58,0,39321,435,315,523,433,455,329,26222,39321
67.956,0,945,20,85,46,14.7,18.89,1.285,1,0,0,0,16,312,2.288,1,20,120.83,0,0,0,0,1,0,0,0,0,0,0,0,0,0,0,48.33,29,0.344,1,0,0,0,0,0,0,0,0,0,960,950,800,960,1090,1400,74,0.254,28,14.3,17.86,0,120.83,0,20,20,13.038,358.4,1,0.527,0.527,0.586,2.695,0.645,0.02,0,,,,75,0,0,0,0,0,0,0,0,0,0,7,0,0,7000,7000,30,257,1429,75,60,81,83,75,57,0,39321,421,315,523,433,438,317,26222,39321
68.016,0,944,20,85,46,14.7,18.89,1.285,1,0,0,0,14.5,312,2.288,1,20,120.67,0,0,0,0,1,0,0,0,0,0,0,0,0,0,0,48.55,30,0.328,1,0,0,0,0,0,0,0,0,0,960,940,800,930,1090,1400,74,0.254,28,14.3,17.92,0,120.67,0,20,20,12.965,358.4,1,0.547,0.547,0.586,2.695,0.645,0.02,0,,,,57,0,0,0,0,0,0,0,0,0,0,7,0,0,7000,7000,30,257,1429,75,95,89,57,75,57,0,39321,421,312,506,416,438,317,26222,39321
68.076,0,939,19,85,46,14.7,18.79,1.278,1,0,0,0,12,312,2.304,1,21,121.5,0,0,0,0,1,0,0,0,0,0,0,0,0,0,0,48.55,30,0.344,1,0,0,0,0,0,0,0,0,0,920,940,800,900,1090,1400,74,0.254,27.5,14.3,17.97,0,121.5,0,21,19,12.965,358.4,1,0.547,0.547,0.586,2.695,0.645,0.02,0,,,,91,0,0,0,0,0,0,0,0,0,0,7,0,0,7000,7000,30,257,1429,91,95,89,57,77,58,0,39321,410,312,506,416,424,309,26222,39321
68.136,0,940,18,85,46,14.7,18.79,1.278,1,0,0,0,12,312,2.288,1,20,120.83,0,0,0,0,1,0,0,0,0,0,0,0,0,0,0,48.55,30,0.328,1,0,0,0,0,0,0,0,0,0,960,940,800,870,1090,1400,74,0.254,28,14.3,17.97,0,120.83,0,20,18,12.965,358.4,1,0.547,0.547,0.586,2.695,0.645,0.02,0,,,,87,0,0,0,0,0,0,0,0,0,0,7,0,0,7000,7000,30,257,1429,91,68,87,57,77,58,0,39321,410,303,492,416,424,309,26222,39321
68.196,0,912,17,85,46,14.7,18.79,1.278,1,0,0,0,11,312,2.28,1,20,120.17,0,0,0,0,1,0,0,0,0,0,0,0,0,0,0,48.33,29,0.344,1,0,0,0,0,0,0,0,0,0,920,910,800,840,1090,1400,74,0.254,28,14.3,17.97,0,120.17,0,20,17,12.965,358.4,1,0.547,0.547,0.586,2.695,0.645,0.02,0,,,,61,0,0,0,0,0,0,0,0,0,0,7,0,0,7000,7000,30,257,1429,91,68,87,81,91,61,0,39321,410,303,492,402,416,300,26222,39321
68.256,0,886,17,85,46,14.7,18.79,1.278,1,0,0,0,11,312,2.296,1,19,119.67,0,0,0,0,1,0,0,0,0,0,0,0,0,0,0,48.1,29,0.344,1,0,0,0,0,0,0,0,0,0,880,890,800,810,1090,1400,74,0.254,27.5,14.3,18.09,0,119.67,0,19,17,12.892,358.4,1,0.527,0.527,0.586,2.695,0.645,0.02,0,,,,70,0,0,0,0,0,0,0,0,0,0,7,0,0,7000,7000,30,257,1429,104,81,70,81,91,61,0,39321,402,298,475,402,416,300,26222,39321
68.316,0,856,17,85,46,14.7,18.79,1.278,1,0,0,0,10,312,2.288,1,19,119,0,0,0,0,1,0,0,0,0,0,0,0,0,0,0,47.88,29,0.344,1,0,0,0,0,0,0,0,0,0,840,860,800,800,1090,1400,74,0.254,27.5,14.3,18.03,0,119,0,19,17,12.892,358.4,1,0.527,0.527,0.586,2.695,0.645,0.02,0,,,,73,0,0,0,0,0,0,0,0,0,0,7,0,0,7000,7000,30,257,1429,104,81,70,84,73,61,0,39321,402,298,475,390,402,300,26222,39321
68.376,0,839,18,85,46,14.7,18.79,1.278,1,0,0,0,11,312,2.296,1,18,119.5,0,0,0,0,1,0,0,0,0,0,0,0,0,0,0,48.1,29,0.344,1,0,0,0,0,0,0,0,0,0,840,840,800,800,1090,1400,74,0.254,27.5,14.3,18.09,0,119.5,0,18,18,12.892,358.4,1,0.527,0.527,0.586,2.695,0.645,0.02,0,,,,69,0,0,0,0,0,0,0,0,0,0,7,0,0,7000,7000,30,257,1429,90,69,70,84,73,51,0,39321,393,289,475,390,402,292,26222,39321
68.436,0,801,18,85,46,14.7,18.67,1.27,1,0,0,0,13,312,2.32,1,18,120.17,0,0,0,0,1,0,0,0,0,0,0,0,0,0,0,48.33,29,0.344,1,0,0,0,0,0,0,0,0,0,800,800,800,800,1090,1400,74,0.254,27.5,14.3,17.86,0,120.17,0,18,18,12.892,358.4,1,0.527,0.527,0.586,2.695,0.645,0.02,0,,,,51,0,0,0,0,0,0,0,0,0,0,7,0,0,7000,7000,30,257,1429,90,69,62,51,73,51,0,39321,393,289,458,374,402,292,26222,39321
68.496,0,779,18,85,46,14.7,18.57,1.263,1,0,0,0,15,312,2.336,1,17,121.5,0,0,0,0,1,0,0,0,0,0,0,0,0,0,0,48.78,30,0.344,1,0,0,0,0,0,0,0,0,0,760,780,800,800,1090,1400,74,0.25,27,14.3,17.8,0,121.5,0,17,18,12.892,355.84,1,0.547,0.547,0.586,2.695,0.645,0.02,0,,,,51,0,0,0,0,0,0,0,0,0,0,7,0,0,7000,7000,29,257,1429,51,69,62,51,81,51,0,39321,376,289,458,374,390,284,26222,39321
68.556,0,747,18,85,46,14.7,18.48,1.257,1,0,0,0,18,312,2.352,1,16,122.33,0,0,0,0,1,0,0,0,0,0,0,0,0,0,0,49.23,30,0.344,1,0,0,0,0,0,0,0,0,0,760,750,800,800,1090,1400,74,0.25,27,14.3,17.8,0,122.33,0,16,19,12.892,355.84,1,0.547,0.547,0.586,2.695,0.645,0.02,0,,,,54,0,0,0,0,0,0,0,0,0,0,7,0,0,7000,7000,29,257,1429,51,59,54,51,81,51,0,39321,376,284,438,374,390,284,26222,39321
68.616,0,736,19,85,46,14.7,18.48,1.257,1,0,0,0,19,312,2.376,1,16,124,0,0,0,0,1,0,0,0,0,0,0,0,0,0,0,49.9,31,0.344,1,0,0,0,0,0,0,0,0,0,720,740,800,800,1090,1400,74,0.25,26.5,14.3,17.69,0,124,0,16,19,12.892,355.84,1,0.586,0.586,0.586,2.695,0.645,0.02,0,,,,80,0,0,0,0,0,0,0,0,0,0,7,0,0,7000,7000,29,257,1429,51,59,54,51,80,51,0,39321,376,284,438,360,379,284,26222,39321
68.676,0,718,20,85,46,14.7,18.39,1.251,1,0,0,0,21,312,2.4,1,16,126,0,0,0,0,1,0,0,0,0,0,0,0,0,0,0,50.58,32,0.344,1,0,0,0,0,0,0,0,0,0,720,720,800,800,1090,1400,74,0.25,26.5,14.3,17.57,0,126,0,16,20,12.892,355.84,1,0.586,0.586,0.586,2.695,0.645,0.02,0,,,,49,0,0,0,0,0,0,0,0,0,0,7,0,0,7000,7000,29,257,1429,49,59,54,51,80,46,0,39321,362,284,438,360,379,272,26222,39321
68.736,0,709,21,85,46,14.7,18.2,1.238,1,0,0,0,22,312,2.424,1,16,128.17,0,0,0,0,1,0,0,0,0,0,0,0,0,0,0,51.25,32,0.344,1,0,0,0,0,0,0,0,0,0,720,710,800,800,1090,1400,74,0.25,26.5,14.3,17.51,0,128.17,0,16,21,12.892,353.28,1,0.625,0.625,0.586,2.695,0.645,0.02,0,,,,52,0,0,0,0,0,0,0,0,0,0,7,0,0,7000,7000,29,257,1429,49,54,52,51,80,46,0,39321,362,275,421,360,379,272,26222,39321
68.796,0,704,21,85,46,14.7,17.92,1.219,1,0,0,0,23,312,2.464,1,17,131,0,0,0,0,1,0,0,0,0,0,0,0,0,0,0,52.15,33,0.344,1,0,0,0,0,0,0,0,0,0,720,700,800,800,1090,1400,74,0.25,26,14.3,17.34,0,131,0,17,22,12.892,353.28,1,0.625,0.625,0.586,2.695,0.645,0.02,0,,,,89,0,0,0,0,0,0,0,0,0,0,7,0,0,7000,7000,29,257,1429,49,54,52,27,89,46,0,39321,362,275,421,340,374,272,26222,39321
68.856,0,707,21,85,46,14.7,17.92,1.219,1,0,0,0,22,312,2.52,1,17,135,0,0,0,0,1,0,0,0,0,0,0,0,0,0,0,53.27,35,0.344,1,0,0,0,0,0,0,0,0,0,720,710,800,800,1090,1400,74,0.25,25,14.3,17.05,0,135,0,17,22,12.892,353.28,1,0.645,0.645,0.586,2.695,0.645,0.02,0,,,,54,0,0,0,0,0,0,0,0,0,0,7,0,0,7000,7000,29,257,1429,56,54,52,27,89,52,0,39321,348,267,421,340,374,264,26222,39321
68.916,0,708,22,85,46,14.7,17.23,1.172,1,0,0,0,22,312,2.544,1,18,137.33,0,0,0,0,1,0,0,0,0,0,0,0,0,0,0,53.72,35,0.344,1,0,0,0,0,0,0,0,0,0,720,710,800,800,1090,1400,74,0.25,25,14.3,16.31,0,137.33,0,18,22,12.819,353.28,1,0.664,0.664,0.586,2.695,0.645,0.02,0,,,,56,0,0,0,0,0,0,0,0,0,0,7,0,0,7000,7000,29,257,1429,56,54,51,56,89,52,0,39321,348,267,405,329,374,264,26222,39321
68.976,0,720,22,85,46,14.7,15.41,1.048,1,0,0,0,21,312,2.584,1,18,139.33,0,0,0,0,1,0,0,0,0,0,0,0,0,0,0,54.4,36,0.344,1,0,0,0,0,0,0,0,0,0,720,720,800,800,1090,1400,74,0.25,24.5,14.3,16.48,0,139.33,0,18,22,12.819,350.72,1,0.664,0.664,0.586,2.695,0.645,0.02,0,,,,40,0,0,0,0,0,0,0,0,0,0,7,0,0,7000,7000,28,257,1429,56,54,51,56,96,40,0,39321,348,267,405,329,368,253,26222,39321
69.036,0,725,22,85,46,14.7,15.41,1.048,1,0,0,0,20,312,2.6,1,18,140.83,0,0,0,0,1,0,0,0,0,0,0,0,0,0,0,54.85,36,0.344,1,0,0,0,0,0,0,0,0,0,720,730,800,800,1090,1400,74,0.25,24.5,14.3,14.64,0,140.83,0,18,22,12.819,350.72,1,0.684,0.684,0.586,2.695,0.645,0.02,0,,,,52,0,0,0,0,0,0,0,0,0,0,7,0,0,7000,7000,28,257,1429,56,52,51,56,96,40,0,39321,337,261,405,329,368,253,26222,39321
69.096,0,739,22,85,46,14.7,14.38,0.978,1,0,0,0,19,312,2.608,1,19,141.83,0,0,0,0,1,0,0,0,0,0,0,0,0,0,0,55.07,36,0.344,1,0,0,0,0,0,0,0,0,0,720,740,800,800,1090,1400,74,0.25,24.5,14.3,13.72,0,141.83,0,19,22,12.819,350.72,1,0.684,0.684,0.586,2.695,0.645,0.02,0,,,,51,0,0,0,0,0,0,0,0,0,0,7,0,0,7000,7000,28,257,1429,56,52,49,51,96,40,0,39321,337,261,388,315,368,253,26222,39321
69.156,0,749,21,85,46,14.7,13.88,0.944,1,0,0,0,18,312,2.616,1,19,142.5,0,0,0,0,1,0,0,0,0,0,0,0,0,0,0,55.3,37,0.344,1,0,0,0,0,0,0,0,0,0,760,750,800,800,1090,1400,74,0.25,24.5,14.3,13.26,0,142.5,0,19,22,12.819,350.72,1,0.684,0.684,0.586,2.715,0.645,0.02,0,,,,54,0,0,0,0,0,0,0,0,0,0,7,0,0,7000,7000,28,257,1429,54,52,49,51,73,49,0,39321,326,261,388,315,360,244,26222,39321
69.216,0,770,21,85,46,14.7,13.6,0.925,1,0,0,0,16,312,2.616,1,20,142.17,0,0,0,0,1,0,0,0,0,0,0,0,0,0,0,55.07,36,0.344,1,0,0,0,0,0,0,0,0,0,760,770,800,800,1090,1400,74,0.25,25,14.3,13.49,0,142.17,0,20,21,12.819,350.72,1,0.684,0.684,0.586,2.715,0.645,0.02,0,,,,59,0,0,0,0,0,0,0,0,0,0,7,0,0,7000,7000,28,257,1429,54,60,59,51,73,49,0,39321,326,255,374,315,360,244,26222,39321
69.276,0,784,21,85,46,14.7,13.6,0.925,1,0,0,0,15,312,2.6,1,20,141.83,0,0,0,0,1,0,0,0,0,0,0,0,0,0,0,55.07,36,0.344,1,0,0,0,0,0,0,0,0,0,800,780,800,800,1090,1400,74,0.254,25.5,14.3,13.21,0,141.83,0,20,21,12.892,350.72,1,0.664,0.664,0.586,2.715,0.645,0.02,0,,,,83,0,0,0,0,0,0,0,0,0,0,7,0,0,7000,7000,28,257,1429,54,60,59,30,83,49,0,39321,326,255,374,300,351,244,26222,39321
69.336,0,809,21,85,46,14.7,13.47,0.916,1,0,0,0,12.5,312,2.592,1,21,141.17,0,0,0,0,1,0,0,0,0,0,0,0,0,0,0,54.62,36,0.344,1,0,0,0,0,0,0,0,0,0,800,810,800,800,1090,1400,74,0.254,25.5,14.3,13.09,0,141.17,0,21,21,12.892,350.72,1,0.664,0.664,0.586,2.715,0.645,0.02,0,,,,66,0,0,0,0,0,0,0,0,0,0,7,0,0,7000,7000,28,257,1429,71,66,59,30,83,42,0,39321,320,250,374,300,351,236,26222,39321
69.396,0,827,21,85,46,14.7,13.44,0.914,1,0,0,0,11.5,312,2.592,1,21,140.67,0,0,0,0,1,0,0,0,0,0,0,0,0,0,0,54.4,36,0.344,1,0,0,0,0,0,0,0,0,0,840,830,800,800,1090,1400,74,0.254,25.5,14.3,13.03,0,140.67,0,21,21,12.892,350.72,1,0.684,0.684,0.586,2.715,0.645,0.02,0,,,,54,0,0,0,0,0,0,0,0,0,0,7,0,0,7000,7000,28,257,1429,71,66,66,54,83,42,0,39321,320,250,362,292,351,236,26222,39321
69.456,0,834,21,85,46,14.7,13.47,0.916,1,0,0,0,11.5,312,2.576,1,21,140,0,0,0,0,1,0,0,0,0,0,0,0,0,0,0,53.95,35,0.344,1,0,0,0,0,0,0,0,0,0,840,830,800,800,1090,1400,74,0.254,26,14.3,13.03,0,140,0,21,21,12.892,350.72,1,0.645,0.645,0.586,2.715,0.645,0.02,0,,,,93,0,0,0,0,0,0,0,0,0,0,7,0,0,7000,7000,28,257,1429,93,66,66,54,81,45,0,39321,317,250,362,292,343,227,26222,39321
69.516,0,837,20,85,46,14.7,13.47,0.916,1,0,0,0,11,312,2.552,1,21,139,0,0,0,0,1,0,0,0,0,0,0,0,0,0,0,53.72,35,0.344,1,0,0,0,0,0,0,0,0,0,840,840,800,800,1090,1400,74,0.254,26,14.3,12.92,0,139,0,21,20,12.892,353.28,1,0.664,0.664,0.586,2.715,0.645,0.02,0,,,,69,0,0,0,0,0,0,0,0,0,0,7,0,0,7000,7000,29,257,1429,93,64,69,54,81,45,0,39321,317,244,354,292,343,227,26222,39321
69.576,0,842,20,85,46,14.7,13.54,0.921,1,0,0,0,11,312,2.536,1,21,137.33,0,0,0,0,1,0,0,0,0,0,0,0,0,0,0,53.27,35,0.344,1,0,0,0,0,0,0,0,0,0,840,840,800,800,1090,1400,74,0.254,26,14.3,12.86,0,137.33,0,21,20,12.892,353.28,1,0.645,0.645,0.586,2.715,0.645,0.02,0,,,,52,0,0,0,0,0,0,0,0,0,0,7,0,0,7000,7000,29,257,1429,93,64,69,49,103,52,0,39321,317,244,354,281,340,222,26222,39321
69.636,0,843,20,85,46,14.7,13.6,0.925,1,0,0,0,11,312,2.52,1,21,136.5,0,0,0,0,1,0,0,0,0,0,0,0,0,0,0,53.05,34,0.344,1,0,0,0,0,0,0,0,0,0,840,840,800,800,1090,1400,74,0.254,26.5,14.3,12.92,0,136.5,0,21,20,12.892,353.28,1,0.645,0.645,0.586,2.715,0.645,0.02,0,,,,66,0,0,0,0,0,0,0,0,0,0,7,0,0,7000,7000,29,257,1429,103,66,69,49,103,52,0,39321,317,239,354,281,340,222,26222,39321
69.696,0,837,20,85,46,14.7,13.72,0.933,1,0,0,0,11,312,2.512,1,20,135.33,0,0,0,0,1,0,0,0,0,0,0,0,0,0,0,52.6,34,0.344,1,0,0,0,0,0,0,0,0,0,840,840,800,800,1090,1400,74,0.254,26.5,14.3,12.98,0,135.33,0,20,20,12.892,353.28,1,0.625,0.625,0.586,2.715,0.645,0.02,0,,,,79,0,0,0,0,0,0,0,0,0,0,7,0,0,7000,7000,29,257,1429,103,66,68,56,79,52,0,39321,317,239,345,272,331,222,26222,39321
69.756,0,835,20,85,46,14.7,13.72,0.933,1,0,0,0,11,312,2.496,1,20,134.83,0,0,0,0,1,0,0,0,0,0,0,0,0,0,0,52.37,34,0.344,1,0,0,0,0,0,0,0,0,0,840,840,800,800,1090,1400,74,0.254,26.5,14.3,13.03,0,134.83,0,20,20,12.892,353.28,1,0.625,0.625,0.586,2.715,0.645,0.02,0,,,,100,0,0,0,0,0,0,0,0,0,0,7,0,0,7000,7000,29,257,1429,100,66,68,56,79,54,0,39321,315,239,345,272,331,219,26222,39321
69.816,0,831,20,85,46,14.7,13.72,0.933,1,0,0,0,11.5,312,2.488,1,20,133.83,0,0,0,0,1,0,0,0,0,0,0,0,0,0,0,52.15,33,0.344,1,0,0,0,0,0,0,0,0,0,840,830,800,800,1090,1400,74,0.254,27,14.3,12.98,0,133.83,0,20,20,12.892,353.28,1,0.605,0.605,0.586,2.715,0.645,0.02,0,,,,61,0,0,0,0,0,0,0,0,0,0,7,0,0,7000,7000,29,257,1429,100,64,68,61,79,54,0,39321,315,236,334,267,331,219,26222,39321
69.876,0,831,20,85,46,14.7,13.72,0.933,1,0,0,0,11.5,312,2.488,1,20,133.67,0,0,0,0,1,0,0,0,0,0,0,0,0,0,0,52.15,33,0.344,1,0,0,0,0,0,0,0,0,0,840,830,800,800,1090,1400,74,0.254,27,14.3,13.09,0,133.67,0,20,20,12.892,353.28,1,0.625,0.625,0.586,2.715,0.645,0.02,0,,,,47,0,0,0,0,0,0,0,0,0,0,7,0,0,7000,7000,29,257,1429,100,64,68,61,73,47,0,39321,315,236,334,267,323,213,26222,39321
69.937,0,820,20,85,46,14.7,13.72,0.933,1,0,0,0,12,312,2.48,1,20,133.5,0,0,0,0,1,0,0,0,0,0,0,0,0,0,0,52.15,33,0.344,1,0,0,0,0,0,0,0,0,0,840,820,800,800,1090,1400,74,0.254,27,14.3,13.09,0,133.5,0,20,20,12.892,353.28,1,0.625,0.625,0.586,2.715,0.645,0.02,0,,,,76,0,0,0,0,0,0,0,0,0,0,7,0,0,7000,7000,29,257,1429,98,54,76,61,73,47,0,39321,312,230,329,267,323,213,26222,39321
69.997,0,822,20,85,46,14.7,13.63,0.927,1,0,0,0,12,312,2.48,1,20,133.33,0,0,0,0,1,0,0,0,0,0,0,0,0,0,0,52.15,33,0.344,1,0,0,0,0,0,0,0,0,0,840,820,800,800,1090,1400,74,0.254,27,14.3,12.98,0,133.33,0,20,20,12.892,353.28,1,0.625,0.625,0.586,2.715,0.645,0.02,0,,,,81,0,0,0,0,0,0,0,0,0,0,7,0,0,7000,7000,29,257,1429,98,54,76,52,81,47,0,39321,312,230,329,258,317,213,26222,39321
70.057,0,814,20,85,46,14.7,13.69,0.931,1,0,0,0,12.5,312,2.496,1,20,133.33,0,0,0,0,1,0,0,0,0,0,0,0,0,0,0,51.92,33,0.344,1,0,0,0,0,0,0,0,0,0,800,810,800,800,1090,1400,74,0.254,27,14.3,13.09,0,133.33,0,20,20,12.892,353.28,1,0.625,0.625,0.586,2.715,0.645,0.02,0,,,,62,0,0,0,0,0,0,0,0,0,0,7,0,0,7000,7000,29,257,1429,86,62,76,52,81,40,0,39321,306,227,329,258,317,208,26222,39321
70.117,0,810,20,85,45,14.7,13.51,0.919,1,0,0,0,12.5,312,2.496,1,19,133.33,0,0,0,0,1,0,0,0,0,0,0,0,0,0,0,52.15,33,0.344,1,0,0,0,0,0,0,0,0,0,800,810,800,800,1090,1400,74,0.254,27,14.3,13.09,0,133.33,0,19,20,12.892,353.28,1,0.605,0.605,0.586,2.715,0.645,0.02,0,,,,52,0,0,0,0,0,0,0,0,0,0,7,0,0,7000,7000,29,257,1429,86,62,74,52,81,40,0,39321,306,227,320,253,317,208,26222,39321
70.177,0,806,20,85,45,14.7,13.51,0.919,1,0,0,0,12.5,312,2.496,1,19,133.33,0,0,0,0,1,0,0,0,0,0,0,0,0,0,0,52.15,33,0.344,1,0,0,0,0,0,0,0,0,0,800,810,800,800,1090,1400,74,0.254,27,14.3,12.86,0,133.33,0,19,20,12.892,353.28,1,0.625,0.625,0.586,2.715,0.645,0.02,0,,,,57,0,0,0,0,0,0,0,0,0,0,7,0,0,7000,7000,29,257,1429,86,62,74,52,71,57,0,39321,306,227,320,253,309,205,26222,39321
70.237,0,803,20,85,45,14.7,13.47,0.916,1,0,0,0,13,312,2.496,1,19,133.33,0,0,0,0,1,0,0,0,0,0,0,0,0,0,0,52.15,33,0.344,1,0,0,0,0,0,0,0,0,0,800,800,800,800,1090,1400,74,0.254,27,14.3,12.75,0,133.33,0,19,20,12.892,353.28,1,0.625,0.625,0.586,2.715,0.645,0.02,0,,,,64,0,0,0,0,0,0,0,0,0,0,7,0,0,7000,7000,29,257,1429,85,59,64,52,71,57,0,39321,303,222,312,253,309,205,26222,39321
70.297,0,803,20,85,45,14.7,13.44,0.914,1,0,0,0,13,312,2.496,1,19,133.33,0,0,0,0,1,0,0,0,0,0,0,0,0,0,0,52.15,33,0.344,1,0,0,0,0,0,0,0,0,0,800,800,800,800,1090,1400,74,0.254,27,14.3,12.75,0,133.33,0,19,20,12.892,353.28,1,0.625,0.625,0.586,2.715,0.645,0.02,0,,,,73,0,0,0,0,0,0,0,0,0,0,7,0,0,7000,7000,29,257,1429,85,59,64,52,73,57,0,39321,303,222,312,247,300,205,26222,39321
70.357,0,796,20,85,45,14.7,13.44,0.914,1,0,0,0,13,312,2.496,1,19,133.33,0,0,0,0,1,0,0,0,0,0,0,0,0,0,0,52.37,34,0.344,1,0,0,0,0,0,0,0,0,0,800,800,800,800,1090,1400,74,0.254,26.5,14.3,12.75,0,133.33,0,19,20,12.892,353.28,1,0.625,0.625,0.586,2.715,0.645,0.02,0,,,,56,0,0,0,0,0,0,0,0,0,0,7,0,0,7000,7000,29,257,1429,81,56,64,52,73,62,0,39321,298,219,312,247,300,205,26222,39321
70.417,0,784,20,85,45,14.7,13.44,0.914,1,0,0,0,15,312,2.496,1,19,133.67,0,0,0,0,1,0,0,0,0,0,0,0,0,0,0,52.37,34,0.344,1,0,0,0,0,0,0,0,0,0,800,780,800,800,1090,1400,74,0.254,26.5,14.3,12.81,0,133.67,0,19,20,12.892,353.28,1,0.625,0.625,0.586,2.715,0.645,0.02,0,,,,61,0,0,0,0,0,0,0,0,0,0,7,0,0,7000,7000,29,257,1429,81,56,68,61,73,62,0,39321,298,219,303,241,300,205,26222,39321
70.477,0,782,20,85,45,14.7,13.35,0.908,1,0,0,0,15,312,2.496,1,19,133.67,0,0,0,0,1,0,0,0,0,0,0,0,0,0,0,52.37,34,0.344,1,0,0,0,0,0,0,0,0,0,800,780,800,800,1090,1400,74,0.254,26.5,14.3,12.69,0,133.67,0,19,20,12.819,353.28,1,0.625,0.625,0.586,2.715,0.645,0.02,0,,,,45,0,0,0,0,0,0,0,0,0,0,7,0,0,7000,7000,29,257,1429,81,56,68,61,68,45,0,39321,298,219,303,241,295,199,26222,39321
70.537,0,784,20,85,45,14.7,13.32,0.906,1,0,0,0,15,312,2.512,1,19,134,0,0,0,0,1,0,0,0,0,0,0,0,0,0,0,52.6,34,0.344,1,0,0,0,0,0,0,0,0,0,800,780,800,800,1090,1400,74,0.254,26.5,14.3,12.86,0,134,0,19,20,12.819,353.28,1,0.625,0.625,0.566,2.715,0.645,0.02,0,,,,68,0,0,0,0,0,0,0,0,0,0,7,0,0,7000,7000,29,257,1429,76,61,68,61,68,45,0,39321,292,216,298,241,295,199,26222,39321
70.597,0,788,20,85,45,14.7,13.29,0.904,1,0,0,0,14,312,2.504,1,19,134.17,0,0,0,0,1,0,0,0,0,0,0,0,0,0,0,52.6,34,0.344,1,0,0,0,0,0,0,0,0,0,800,790,800,800,1090,1400,74,0.254,26.5,14.3,12.63,0,134.17,0,19,20,12.892,353.28,1,0.645,0.645,0.586,2.715,0.645,0.02,0,,,,73,0,0,0,0,0,0,0,0,0,0,7,0,0,7000,7000,29,257,1429,76,61,68,59,73,45,0,39321,292,216,298,236,289,199,26222,39321
70.657,0,789,20,85,45,14.7,13.29,0.904,1,0,0,0,14,312,2.504,1,19,134.17,0,0,0,0,1,0,0,0,0,0,0,0,0,0,0,52.6,34,0.344,1,0,0,0,0,0,0,0,0,0,800,790,800,800,1090,1400,74,0.254,26.5,14.3,12.69,0,134.17,0,19,20,12.892,353.28,1,0.625,0.625,0.566,2.715,0.645,0.02,0,,,,79,0,0,0,0,0,0,0,0,0,0,7,0,0,7000,7000,29,257,1429,79,61,68,59,73,42,0,39321,286,216,298,236,289,194,26222,39321
70.717,0,797,20,85,45,14.7,13.26,0.902,1,0,0,0,13,312,2.512,1,19,134.33,0,0,0,0,1,0,0,0,0,0,0,0,0,0,0,52.6,34,0.344,1,0,0,0,0,0,0,0,0,0,800,800,800,800,1090,1400,74,0.254,26.5,14.3,12.69,0,134.33,0,19,20,12.892,353.28,1,0.625,0.625,0.586,2.715,0.645,0.02,0,,,,57,0,0,0,0,0,0,0,0,0,0,7,0,0,7000,7000,29,257,1429,79,62,73,57,73,42,0,39321,286,216,289,233,289,194,26222,39321
70.777,0,797,20,85,45,14.7,13.23,0.9,1,0,0,0,13,312,2.512,1,19,134.33,0,0,0,0,1,0,0,0,0,0,0,0,0,0,0,52.6,34,0.344,1,0,0,0,0,0,0,0,0,0,800,800,800,800,1090,1400,74,0.254,26.5,14.3,12.63,0,134.33,0,19,20,12.892,353.28,1,0.645,0.645,0.566,2.715,0.645,0.02,0,,,,56,0,0,0,0,0,0,0,0,0,0,7,0,0,7000,7000,29,257,1429,79,62,73,57,59,56,0,39321,286,216,289,233,281,191,26222,39321
70.837,0,795,20,85,45,14.7,13.23,0.9,1,0,0,0,13,312,2.512,1,19,134.33,0,0,0,0,1,0,0,0,0,0,0,0,0,0,0,52.6,34,0.344,1,0,0,0,0,0,0,0,0,0,800,800,800,800,1090,1400,74,0.254,26.5,14.3,12.58,0,134.33,0,19,20,12.892,353.28,1,0.625,0.625,0.566,2.715,0.645,0.02,0,,,,66,0,0,0,0,0,0,0,0,0,0,7,0,0,7000,7000,29,257,1429,100,61,66,57,59,56,0,39321,286,213,284,233,281,191,26222,39321
70.897,0,798,20,85,45,14.7,13.23,0.9,1,0,0,0,13,312,2.512,1,19,134.33,0,0,0,0,1,0,0,0,0,0,0,0,0,0,0,52.6,34,0.344,1,0,0,0,0,0,0,0,0,0,800,800,800,800,1090,1400,74,0.254,26.5,14.3,12.4,0,134.33,0,19,20,12.892,353.28,1,0.625,0.625,0.566,2.715,0.645,0.02,0,,,,66,0,0,0,0,0,0,0,0,0,0,7,0,0,7000,7000,29,257,1429,100,61,66,62,66,56,0,39321,286,213,284,227,275,191,26222,39321
70.957,0,797,20,85,45,14.7,13.23,0.9,1,0,0,0,13,312,2.512,1,19,134.33,0,0,0,0,1,0,0,0,0,0,0,0,0,0,0,52.6,34,0.344,1,0,0,0,0,0,0,0,0,0,800,800,800,800,1090,1400,74,0.254,26.5,14.3,12.35,0,134.33,0,19,20,12.892,353.28,1,0.625,0.625,0.566,2.715,0.645,0.02,0,,,,96,0,0,0,0,0,0,0,0,0,0,7,0,0,7000,7000,29,257,1429,96,61,66,62,66,56,0,39321,284,213,284,227,275,191,26222,39321
71.017,0,793,20,85,45,14.7,13.26,0.902,1,0,0,0,14,312,2.52,1,19,134.33,0,0,0,0,1,0,0,0,0,0,0,0,0,0,0,52.6,34,0.344,1,0,0,0,0,0,0,0,0,0,800,790,800,800,1090,1400,74,0.254,26.5,14.3,12.4,0,134.33,0,19,20,12.819,353.28,1,0.625,0.625,0.566,2.715,0.645,0.02,0,,,,56,0,0,0,0,0,0,0,0,0,0,7,0,0,7000,7000,29,257,1429,96,57,71,56,66,56,0,39321,284,210,278,225,275,191,26222,39321
71.077,0,789,20,85,45,14.7,13.26,0.902,1,0,0,0,14,312,2.52,1,19,134.33,0,0,0,0,1,0,0,0,0,0,0,0,0,0,0,52.6,34,0.344,1,0,0,0,0,0,0,0,0,0,800,790,800,800,1090,1400,74,0.254,26.5,14.3,12.52,0,134.33,0,19,20,12.819,353.28,1,0.645,0.645,0.566,2.715,0.645,0.02,0,,,,54,0,0,0,0,0,0,0,0,0,0,7,0,0,7000,7000,29,257,1429,96,57,71,56,39,54,0,39321,284,210,278,225,264,188,26222,39321
71.137,0,792,20,85,45,14.7,13.29,0.904,1,0,0,0,14,312,2.52,1,19,134.33,0,0,0,0,1,0,0,0,0,0,0,0,0,0,0,52.6,34,0.344,1,0,0,0,0,0,0,0,0,0,800,790,800,800,1090,1400,74,0.254,26.5,14.3,12.58,0,134.33,0,19,20,12.819,353.28,1,0.625,0.625,0.566,2.715,0.645,0.02,0,,,,76,0,0,0,0,0,0,0,0,0,0,7,0,0,7000,7000,29,257,1429,95,56,76,56,39,54,0,39321,284,205,275,225,264,188,26222,39321
71.197,0,792,20,85,45,14.7,13.29,0.904,1,0,0,0,14,312,2.52,1,19,134.33,0,0,0,0,1,0,0,0,0,0,0,0,0,0,0,52.6,34,0.344,1,0,0,0,0,0,0,0,0,0,800,790,800,800,1090,1400,74,0.254,26.5,14.3,12.75,0,134.33,0,19,20,12.892,353.28,1,0.625,0.625,0.566,2.715,0.645,0.02,0,,,,42,0,0,0,0,0,0,0,0,0,0,7,0,0,7000,7000,29,257,1429,95,56,76,68,42,54,0,39321,284,205,275,222,255,188,26222,39321
71.257,0,791,20,85,45,14.7,13.32,0.906,1,0,0,0,14,312,2.512,1,19,134.33,0,0,0,0,1,0,0,0,0,0,0,0,0,0,0,52.6,34,0.344,1,0,0,0,0,0,0,0,0,0,800,790,800,800,1090,1400,74,0.254,26.5,14.3,12.75,0,134.33,0,19,20,12.892,353.28,1,0.625,0.625,0.566,2.695,0.645,0.02,0,,,,96,0,0,0,0,0,0,0,0,0,0,7,0,0,7000,7000,29,257,1429,96,56,76,68,42,49,0,39321,284,205,275,222,255,185,26222,39321
71.317,0,790,20,85,45,14.7,13.32,0.906,1,0,0,0,14,312,2.512,1,19,134.5,0,0,0,0,1,0,0,0,0,0,0,0,0,0,0,52.82,34,0.344,1,0,0,0,0,0,0,0,0,0,800,790,800,800,1090,1400,74,0.254,26.5,14.3,12.75,0,134.5,0,19,20,12.892,353.28,1,0.645,0.645,0.566,2.715,0.645,0.02,0,,,,61,0,0,0,0,0,0,0,0,0,0,7,0,0,7000,7000,29,257,1429,96,52,69,61,42,49,0,39321,284,199,270,219,255,185,26222,39321
71.377,0,796,20,85,46,14.7,13.32,0.906,1,0,0,0,13,312,2.512,1,19,134.5,0,0,0,0,1,0,0,0,0,0,0,0,0,0,0,52.6,34,0.344,1,0,0,0,0,0,0,0,0,0,800,800,800,800,1090,1400,74,0.254,26.5,14.3,12.81,0,134.5,0,19,20,12.892,353.28,1,0.625,0.625,0.566,2.695,0.645,0.02,0,,,,44,0,0,0,0,0,0,0,0,0,0,7,0,0,7000,7000,29,257,1429,96,52,69,61,52,44,0,39321,284,199,270,219,250,182,26222,39321
71.437,0,795,20,85,46,14.7,13.32,0.906,1,0,0,0,13,312,2.512,1,19,134.33,0,0,0,0,1,0,0,0,0,0,0,0,0,0,0,52.6,34,0.344,1,0,0,0,0,0,0,0,0,0,800,800,800,800,1090,1400,74,0.254,26.5,14.3,12.81,0,134.33,0,19,20,12.892,353.28,1,0.625,0.625,0.566,2.695,0.645,0.02,0,,,,57,0,0,0,0,0,0,0,0,0,0,7,0,0,7000,7000,29,257,1429,96,57,69,61,52,44,0,39321,281,196,270,219,250,182,26222,39321
71.497,0,800,20,85,46,14.7,13.32,0.906,1,0,0,0,13,312,2.512,1,19,134.33,0,0,0,0,1,0,0,0,0,0,0,0,0,0,0,52.6,34,0.344,1,0,0,0,0,0,0,0,0,0,800,800,800,800,1090,1400,74,0.254,26.5,14.3,12.86,0,134.33,0,19,20,12.892,353.28,1,0.625,0.625,0.566,2.695,0.645,0.02,0,,,,57,0,0,0,0,0,0,0,0,0,0,7,0,0,7000,7000,29,257,1429,96,57,68,61,57,44,0,39321,281,196,267,216,244,182,26222,39321
71.557,0,798,20,85,46,14.7,13.32,0.906,1,0,0,0,13,312,2.512,1,19,134.33,0,0,0,0,1,0,0,0,0,0,0,0,0,0,0,52.6,34,0.344,1,0,0,0,0,0,0,0,0,0,800,800,800,800,1090,1400,74,0.254,26.5,14.3,12.63,0,134.33,0,19,20,12.892,353.28,1,0.625,0.625,0.566,2.695,0.645,0.02,0,,,,103,0,0,0,0,0,0,0,0,0,0,7,0,0,7000,7000,29,257,1429,103,57,68,61,57,45,0,39321,281,196,267,216,244,177,26222,39321
71.617,0,795,20,85,46,14.7,13.32,0.906,1,0,0,0,13,312,2.512,1,19,134.33,0,0,0,0,1,0,0,0,0,0,0,0,0,0,0,52.6,34,0.344,1,0,0,0,0,0,0,0,0,0,800,800,800,800,1090,1400,74,0.254,26.5,14.3,12.69,0,134.33,0,19,20,12.892,353.28,1,0.625,0.625,0.566,2.695,0.645,0.02,0,,,,64,0,0,0,0,0,0,0,0,0,0,7,0,0,7000,7000,29,257,1429,103,51,76,64,57,45,0,39321,281,194,264,213,244,177,26222,39321
71.677,0,794,20,85,46,14.7,13.32,0.906,1,0,0,0,14,312,2.512,1,19,134.33,0,0,0,0,1,0,0,0,0,0,0,0,0,0,0,52.6,34,0.344,1,0,0,0,0,0,0,0,0,0,800,790,800,800,1090,1400,74,0.254,26.5,14.3,12.69,0,134.33,0,19,20,12.892,353.28,1,0.625,0.625,0.566,2.695,0.645,0.02,0,,,,40,0,0,0,0,0,0,0,0,0,0,7,0,0,7000,7000,29,257,1429,103,51,76,64,45,40,0,39321,281,194,264,213,239,171,26222,39321
71.737,0,791,20,85,46,14.7,13.32,0.906,1,0,0,0,14,312,2.512,1,19,134.33,0,0,0,0,1,0,0,0,0,0,0,0,0,0,0,52.6,34,0.344,1,0,0,0,0,0,0,0,0,0,800,790,800,800,1090,1400,74,0.254,26.5,14.3,12.63,0,134.33,0,19,20,12.892,353.28,1,0.645,0.645,0.566,2.695,0.645,0.02,0,,,,56,0,0,0,0,0,0,0,0,0,0,7,0,0,7000,7000,29,257,1429,103,56,76,64,45,40,0,39321,281,194,264,213,239,171,26222,39321
71.797,0,793,20,85,46,14.7,13.32,0.906,1,0,0,0,14,312,2.512,1,19,134.33,0,0,0,0,1,0,0,0,0,0,0,0,0,0,0,52.6,34,0.344,1,0,0,0,0,0,0,0,0,0,800,790,800,800,1090,1400,74,0.254,26.5,14.3,12.63,0,134.33,0,19,20,12.892,353.28,1,0.625,0.625,0.566,2.695,0.645,0.02,0,,,,47,0,0,0,0,0,0,0,0,0,0,7,0,0,7000,7000,29,257,1429,103,56,69,57,47,40,0,39321,281,194,258,210,230,171,26222,39321
71.857,0,792,20,85,46,14.7,13.32,0.906,1,0,0,0,14,312,2.512,1,19,134.33,0,0,0,0,1,0,0,0,0,0,0,0,0,0,0,52.6,34,0.344,1,0,0,0,0,0,0,0,0,0,800,790,800,800,1090,1400,74,0.254,26.5,14.3,12.75,0,134.33,0,19,20,12.892,353.28,1,0.645,0.645,0.566,2.695,0.645,0.02,0,,,,102,0,0,0,0,0,0,0,0,0,0,7,0,0,7000,7000,29,257,1429,102,56,69,57,47,47,0,39321,281,194,258,210,230,171,26222,39321
71.917,0,788,20,85,46,14.7,13.29,0.904,1,0,0,0,14,312,2.512,1,19,134.33,0,0,0,0,1,0,0,0,0,0,0,0,0,0,0,52.6,34,0.344,1,0,0,0,0,0,0,0,0,0,800,790,800,800,1090,1400,74,0.254,26.5,14.3,12.75,0,134.33,0,19,20,12.892,353.28,1,0.625,0.625,0.566,2.695,0.645,0.02,0,,,,64,0,0,0,0,0,0,0,0,0,0,7,0,0,7000,7000,29,257,1429,102,54,64,57,47,47,0,39321,281,191,253,210,230,171,26222,39321
71.977,0,790,20,85,46,14.7,13.29,0.904,1,0,0,0,14,312,2.512,1,19,134.33,0,0,0,0,1,0,0,0,0,0,0,0,0,0,0,52.6,34,0.344,1,0,0,0,0,0,0,0,0,0,800,790,800,800,1090,1400,74,0.254,26.5,14.3,12.63,0,134.33,0,19,20,12.892,353.28,1,0.625,0.625,0.566,2.695,0.645,0.02,0,,,,42,0,0,0,0,0,0,0,0,0,0,7,0,0,7000,7000,29,257,1429,102,54,64,66,59,42,0,39321,281,191,253,208,227,168,26222,39321
72.037,0,793,20,85,46,14.7,13.32,0.906,1,0,0,0,14,312,2.512,1,19,134.33,0,0,0,0,1,0,0,0,0,0,0,0,0,0,0,52.6,34,0.344,1,0,0,0,0,0,0,0,0,0,800,790,800,800,1090,1400,74,0.254,26.5,14.3,12.69,0,134.33,0,19,20,12.892,353.28,1,0.625,0.625,0.566,2.695,0.645,0.02,0,,,,59,0,0,0,0,0,0,0,0,0,0,7,0,0,7000,7000,29,257,1429,96,59,64,66,59,42,0,39321,281,188,253,208,227,168,26222,39321
72.097,0,792,20,85,46,14.7,13.32,0.906,1,0,0,0,14,312,2.512,1,19,134.33,0,0,0,0,1,0,0,0,0,0,0,0,0,0,0,52.6,34,0.344,1,0,0,0,0,0,0,0,0,0,800,790,800,800,1090,1400,74,0.254,26.5,14.3,12.63,0,134.33,0,19,20,12.892,353.28,1,0.625,0.625,0.566,2.695,0.645,0.02,0,,,,76,0,0,0,0,0,0,0,0,0,0,7,0,0,7000,7000,29,257,1429,96,59,57,59,76,42,0,39321,281,188,247,205,227,168,26222,39321
72.157,0,790,20,85,46,14.7,13.32,0.906,1,0,0,0,14,312,2.512,1,19,134.33,0,0,0,0,1,0,0,0,0,0,0,0,0,0,0,52.6,34,0.344,1,0,0,0,0,0,0,0,0,0,800,790,800,800,1090,1400,74,0.254,26.5,14.3,12.63,0,134.33,0,19,20,12.892,353.28,1,0.625,0.625,0.566,2.695,0.645,0.02,0,,,,107,0,0,0,0,0,0,0,0,0,0,7,0,0,7000,7000,29,257,1429,107,59,57,59,76,44,0,39321,281,188,247,205,227,165,26222,39321
72.217,0,789,20,85,46,14.7,13.32,0.906,1,0,0,0,14,312,2.512,1,19,134.33,0,0,0,0,1,0,0,0,0,0,0,0,0,0,0,52.6,34,0.344,1,0,0,0,0,0,0,0,0,0,800,790,800,800,1090,1400,74,0.254,26.5,14.3,12.52,0,134.33,0,19,20,12.892,353.28,1,0.645,0.645,0.566,2.695,0.645,0.02,0,,,,64,0,0,0,0,0,0,0,0,0,0,7,0,0,7000,7000,29,257,1429,107,56,64,59,76,44,0,39321,281,185,244,205,227,165,26222,39321
72.277,0,786,20,85,46,14.7,13.35,0.908,1,0,0,0,14,312,2.512,1,19,134.5,0,0,0,0,1,0,0,0,0,0,0,0,0,0,0,52.6,34,0.344,1,0,0,0,0,0,0,0,0,0,800,790,800,800,1090,1400,74,0.254,26.5,14.3,12.52,0,134.5,0,19,20,12.892,353.28,1,0.625,0.625,0.566,2.695,0.645,0.02,0,,,,45,0,0,0,0,0,0,0,0,0,0,7,0,0,7000,7000,29,257,1429,107,56,64,69,62,45,0,39321,281,185,244,205,225,163,26222,39321
72.337,0,787,20,85,46,14.7,13.35,0.908,1,0,0,0,14,312,2.512,1,19,134.33,0,0,0,0,1,0,0,0,0,0,0,0,0,0,0,52.6,34,0.344,1,0,0,0,0,0,0,0,0,0,800,790,800,800,1090,1400,74,0.254,26.5,14.3,12.58,0,134.33,0,19,20,12.892,353.28,1,0.645,0.645,0.566,2.695,0.645,0.02,0,,,,57,0,0,0,0,0,0,0,0,0,0,7,0,0,7000,7000,29,257,1429,98,57,64,69,62,45,0,39321,281,182,244,205,225,163,26222,39321
72.397,0,784,20,85,46,14.7,13.35,0.908,1,0,0,0,15,312,2.512,1,19,134.5,0,0,0,0,1,0,0,0,0,0,0,0,0,0,0,52.82,34,0.344,1,0,0,0,0,0,0,0,0,0,800,780,800,800,1090,1400,74,0.254,26.5,14.3,12.63,0,134.5,0,19,20,12.892,353.28,1,0.645,0.645,0.566,2.695,0.645,0.02,0,,,,68,0,0,0,0,0,0,0,0,0,0,7,0,0,7000,7000,29,257,1429,98,57,71,68,62,45,0,39321,281,182,241,205,225,163,26222,39321
72.457,0,786,20,85,46,14.7,13.35,0.908,1,0,0,0,14,312,2.512,1,19,134.67,0,0,0,0,1,0,0,0,0,0,0,0,0,0,0,52.82,34,0.344,1,0,0,0,0,0,0,0,0,0,800,790,800,800,1090,1400,74,0.254,26.5,14.3,12.58,0,134.67,0,19,20,12.892,353.28,1,0.625,0.625,0.566,2.695,0.645,0.02,0,,,,100,0,0,0,0,0,0,0,0,0,0,7,0,0,7000,7000,29,257,1429,100,57,71,68,71,44,0,39321,281,182,241,205,222,160,26222,39321
72.517,0,784,20,85,46,14.7,13.35,0.908,1,0,0,0,15,312,2.512,1,19,134.83,0,0,0,0,1,0,0,0,0,0,0,0,0,0,0,52.82,34,0.344,1,0,0,0,0,0,0,0,0,0,800,780,800,800,1090,1400,74,0.254,26.5,14.3,12.86,0,134.83,0,19,20,12.892,353.28,1,0.645,0.645,0.566,2.695,0.645,0.02,0,,,,68,0,0,0,0,0,0,0,0,0,0,7,0,0,7000,7000,29,257,1429,100,56,68,68,71,44,0,39321,281,182,239,205,222,160,26222,39321
72.577,0,787,20,85,46,14.7,13.35,0.908,1,0,0,0,14,312,2.512,1,19,134.83,0,0,0,0,1,0,0,0,0,0,0,0,0,0,0,52.82,34,0.344,1,0,0,0,0,0,0,0,0,0,800,790,800,800,1090,1400,74,0.254,26.5,14.3,12.86,0,134.83,0,19,20,12.892,353.28,1,0.625,0.625,0.566,2.695,0.645,0.02,0,,,,42,0,0,0,0,0,0,0,0,0,0,7,0,0,7000,7000,29,257,1429,100,56,68,64,62,42,0,39321,281,182,239,202,219,157,26222,39321
72.637,0,788,20,85,46,14.7,13.35,0.908,1,0,0,0,14,312,2.512,1,19,134.83,0,0,0,0,1,0,0,0,0,0,0,0,0,0,0,52.82,34,0.344,1,0,0,0,0,0,0,0,0,0,800,790,800,800,1090,1400,74,0.254,26.5,14.3,12.81,0,134.83,0,19,20,12.892,353.28,1,0.625,0.625,0.566,2.695,0.645,0.02,0,,,,56,0,0,0,0,0,0,0,0,0,0,7,0,0,7000,7000,29,257,1429,117,56,68,64,62,42,0,39321,284,180,239,202,219,157,26222,39321
72.697,0,786,20,85,46,14.7,13.35,0.908,1,0,0,0,14,312,2.512,1,19,134.83,0,0,0,0,1,0,0,0,0,0,0,0,0,0,0,52.82,34,0.344,1,0,0,0,0,0,0,0,0,0,800,790,800,800,1090,1400,74,0.254,26.5,14.3,12.86,0,134.83,0,19,20,12.892,353.28,1,0.645,0.645,0.566,2.695,0.645,0.02,0,,,,71,0,0,0,0,0,0,0,0,0,0,7,0,0,7000,7000,29,257,1429,117,56,66,71,62,42,0,39321,284,180,236,202,219,157,26222,39321
72.757,0,784,20,85,46,14.7,13.35,0.908,1,0,0,0,15,312,2.512,1,19,134.83,0,0,0,0,1,0,0,0,0,0,0,0,0,0,0,52.82,34,0.344,1,0,0,0,0,0,0,0,0,0,800,780,800,800,1090,1400,74,0.254,26.5,14.3,12.92,0,134.83,0,19,20,12.892,353.28,1,0.625,0.625,0.566,2.695,0.645,0.02,0,,,,98,0,0,0,0,0,0,0,0,0,0,7,0,0,7000,7000,29,257,1429,98,56,66,71,57,45,0,39321,284,180,236,202,216,154,26222,39321
72.817,0,789,20,85,46,14.7,13.35,0.908,1,0,0,0,14,312,2.512,1,19,134.83,0,0,0,0,1,0,0,0,0,0,0,0,0,0,0,52.82,34,0.344,1,0,0,0,0,0,0,0,0,0,800,790,800,800,1090,1400,74,0.254,26.5,14.3,12.86,0,134.83,0,19,20,12.892,353.28,1,0.625,0.625,0.566,2.695,0.645,0.02,0,,,,64,0,0,0,0,0,0,0,0,0,0,7,0,0,7000,7000,29,257,1429,98,56,64,71,57,45,0,39321,284,180,230,202,216,154,26222,39321
72.877,0,788,20,85,46,14.7,13.35,0.908,1,0,0,0,14,312,2.512,1,19,134.83,0,0,0,0,1,0,0,0,0,0,0,0,0,0,0,52.82,34,0.344,1,0,0,0,0,0,0,0,0,0,800,790,800,800,1090,1400,74,0.254,26.5,14.3,12.63,0,134.83,0,19,20,12.892,353.28,1,0.645,0.645,0.566,2.695,0.645,0.02,0,,,,52,0,0,0,0,0,0,0,0,0,0,7,0,0,7000,7000,29,257,1429,98,56,64,66,52,45,0,39321,284,180,230,202,210,154,26222,39321
72.937,0,790,20,85,46,14.7,13.35,0.908,1,0,0,0,14,312,2.512,1,19,134.83,0,0,0,0,1,0,0,0,0,0,0,0,0,0,0,52.82,34,0.344,1,0,0,0,0,0,0,0,0,0,800,790,800,800,1090,1400,74,0.254,26.5,14.3,12.63,0,134.83,0,19,20,12.892,353.28,1,0.625,0.625,0.566,2.695,0.645,0.02,0,,,,54,0,0,0,0,0,0,0,0,0,0,7,0,0,7000,7000,29,257,1429,119,54,64,66,52,44,0,39321,286,177,230,202,210,154,26222,39321
72.997,0,789,20,85,46,14.7,13.38,0.91,1,0,0,0,14,312,2.512,1,19,134.83,0,0,0,0,1,0,0,0,0,0,0,0,0,0,0,52.82,34,0.344,1,0,0,0,0,0,0,0,0,0,800,790,800,800,1090,1400,74,0.254,26.5,14.3,12.58,0,134.83,0,19,20,12.892,353.28,1,0.645,0.645,0.566,2.695,0.645,0.02,0,,,,64,0,0,0,0,0,0,0,0,0,0,7,0,0,7000,7000,29,257,1429,119,54,68,64,52,44,0,39321,286,177,227,202,210,154,26222,39321
73.057,0,787,20,85,46,14.7,13.38,0.91,1,0,0,0,14,312,2.512,1,19,134.83,0,0,0,0,1,0,0,0,0,0,0,0,0,0,0,52.82,34,0.344,1,0,0,0,0,0,0,0,0,0,800,790,800,800,1090,1400,74,0.254,26.5,14.3,12.58,0,134.83,0,19,20,12.819,353.28,1,0.645,0.645,0.566,2.695,0.645,0.02,0,,,,45,0,0,0,0,0,0,0,0,0,0,7,0,0,7000,7000,29,257,1429,119,54,68,64,52,45,0,39321,286,177,227,202,205,154,26222,39321
73.117,0,782,20,85,46,14.7,13.38,0.91,1,0,0,0,15,312,2.52,1,19,134.83,0,0,0,0,1,0,0,0,0,0,0,0,0,0,0,52.82,34,0.344,1,0,0,0,0,0,0,0,0,0,800,780,800,800,1090,1400,74,0.254,26.5,14.3,12.52,0,134.83,0,19,20,12.819,353.28,1,0.625,0.625,0.566,2.676,0.645,0.02,0,,,,69,0,0,0,0,0,0,0,0,0,0,7,0,0,7000,7000,29,257,1429,132,56,69,64,52,45,0,39321,292,174,225,202,205,154,26222,39321
73.177,0,786,20,85,46,14.7,13.38,0.91,1,0,0,0,14,312,2.52,1,19,134.83,0,0,0,0,1,0,0,0,0,0,0,0,0,0,0,52.82,34,0.344,1,0,0,0,0,0,0,0,0,0,800,790,800,800,1090,1400,74,0.254,26.5,14.3,12.69,0,134.83,0,19,20,12.819,353.28,1,0.645,0.645,0.566,2.676,0.645,0.02,0,,,,66,0,0,0,0,0,0,0,0,0,0,7,0,0,7000,7000,29,257,1429,132,56,69,71,66,45,0,39321,292,174,225,202,205,154,26222,39321
73.237,0,792,20,85,46,14.7,13.38,0.91,1,0,0,0,14,312,2.52,1,19,134.83,0,0,0,0,1,0,0,0,0,0,0,0,0,0,0,52.82,34,0.344,1,0,0,0,0,0,0,0,0,0,800,790,800,800,1090,1400,74,0.254,26.5,14.3,12.63,0,134.83,0,19,20,12.892,353.28,1,0.625,0.625,0.566,2.676,0.645,0.02,0,,,,64,0,0,0,0,0,0,0,0,0,0,7,0,0,7000,7000,29,257,1429,102,64,69,71,66,47,0,39321,292,174,225,202,205,151,26222,39321
73.297,0,802,20,85,46,14.7,13.38,0.91,1,0,0,0,13,312,2.512,1,19,134.83,0,0,0,0,1,0,0,0,0,0,0,0,0,0,0,52.82,34,0.344,1,0,0,0,0,0,0,0,0,0,800,800,800,800,1090,1400,74,0.254,26.5,14.3,12.69,0,134.83,0,19,20,12.892,353.28,1,0.625,0.625,0.566,2.676,0.645,0.02,0,,,,68,0,0,0,0,0,0,0,0,0,0,7,0,0,7000,7000,29,257,1429,102,64,61,68,66,47,0,39321,292,174,222,202,205,151,26222,39321
73.357,0,801,20,85,46,14.7,13.41,0.912,1,0,0,0,13,312,2.512,1,19,134.83,0,0,0,0,1,0,0,0,0,0,0,0,0,0,0,52.82,34,0.344,1,0,0,0,0,0,0,0,0,0,800,800,800,800,1090,1400,74,0.254,26.5,14.3,12.69,0,134.83,0,19,20,12.892,353.28,1,0.625,0.625,0.566,2.676,0.645,0.02,0,,,,49,0,0,0,0,0,0,0,0,0,0,7,0,0,7000,7000,29,257,1429,102,64,61,68,64,49,0,39321,292,174,222,202,202,151,26222,39321
73.417,0,793,20,85,46,14.7,13.44,0.914,1,0,0,0,14,312,2.512,1,19,134.83,0,0,0,0,1,0,0,0,0,0,0,0,0,0,0,52.82,34,0.344,1,0,0,0,0,0,0,0,0,0,800,790,800,800,1090,1400,74,0.254,26.5,14.3,12.69,0,134.83,0,19,20,12.892,353.28,1,0.625,0.625,0.566,2.676,0.645,0.02,0,,,,74,0,0,0,0,0,0,0,0,0,0,7,0,0,7000,7000,29,257,1429,127,47,74,68,64,49,0,39321,298,171,219,202,202,151,26222,39321
73.477,0,791,20,85,46,14.7,13.47,0.916,1,0,0,0,14,312,2.512,1,19,134.83,0,0,0,0,1,0,0,0,0,0,0,0,0,0,0,52.82,34,0.344,1,0,0,0,0,0,0,0,0,0,800,790,800,800,1090,1400,74,0.254,26.5,14.3,12.69,0,134.83,0,19,20,12.892,353.28,1,0.645,0.645,0.566,2.676,0.645,0.02,0,,,,51,0,0,0,0,0,0,0,0,0,0,7,0,0,7000,7000,29,257,1429,127,47,74,64,51,49,0,39321,298,171,219,202,196,151,26222,39321
73.537,0,792,20,85,46,14.7,13.47,0.916,1,0,0,0,14,312,2.512,1,19,134.5,0,0,0,0,1,0,0,0,0,0,0,0,0,0,0,52.6,34,0.344,1,0,0,0,0,0,0,0,0,0,800,790,800,800,1090,1400,74,0.254,26.5,14.3,12.52,0,134.5,0,19,20,12.892,353.28,1,0.625,0.625,0.566,2.676,0.645,0.02,0,,,,93,0,0,0,0,0,0,0,0,0,0,7,0,0,7000,7000,29,257,1429,93,47,74,64,51,49,0,39321,295,171,219,202,196,151,26222,39321
73.597,0,795,20,85,46,14.7,13.47,0.916,1,0,0,0,13,312,2.52,1,19,134.5,0,0,0,0,1,0,0,0,0,0,0,0,0,0,0,52.6,34,0.344,1,0,0,0,0,0,0,0,0,0,800,800,800,800,1090,1400,74,0.254,26.5,14.3,12.63,0,134.5,0,19,20,12.819,353.28,1,0.625,0.625,0.566,2.676,0.645,0.02,0,,,,73,0,0,0,0,0,0,0,0,0,0,7,0,0,7000,7000,29,257,1429,93,54,56,73,51,49,0,39321,295,171,216,202,196,151,26222,39321
73.657,0,799,20,85,46,14.7,13.48,0.917,1,0,0,0,13,312,2.52,1,19,134.33,0,0,0,0,1,0,0,0,0,0,0,0,0,0,0,52.6,34,0.344,1,0,0,0,0,0,0,0,0,0,800,800,800,800,1090,1400,74,0.254,26.5,14.3,12.75,0,134.33,0,19,20,12.819,353.28,1,0.625,0.625,0.566,2.676,0.645,0.02,0,,,,54,0,0,0,0,0,0,0,0,0,0,7,0,0,7000,7000,29,257,1429,93,54,56,73,68,54,0,39321,295,171,216,202,194,151,26222,39321
73.717,0,798,20,85,46,14.7,13.47,0.916,1,0,0,0,13,312,2.52,1,19,134.33,0,0,0,0,1,0,0,0,0,0,0,0,0,0,0,52.6,34,0.344,1,0,0,0,0,0,0,0,0,0,800,800,800,800,1090,1400,74,0.254,26.5,14.3,12.75,0,134.33,0,19,20,12.819,353.28,1,0.625,0.625,0.566,2.676,0.645,0.02,0,,,,64,0,0,0,0,0,0,0,0,0,0,7,0,0,7000,7000,29,257,1429,120,51,64,73,68,54,0,39321,298,171,213,202,194,151,26222,39321
73.777,0,803,20,85,46,14.7,13.47,0.916,1,0,0,0,13,312,2.52,1,19,134.33,0,0,0,0,1,0,0,0,0,0,0,0,0,0,0,52.6,34,0.344,1,0,0,0,0,0,0,0,0,0,800,800,800,800,1090,1400,74,0.254,26.5,14.3,12.75,0,134.33,0,19,20,12.819,353.28,1,0.625,0.625,0.566,2.676,0.645,0.02,0,,,,68,0,0,0,0,0,0,0,0,0,0,7,0,0,7000,7000,29,257,1429,120,51,64,71,68,54,0,39321,298,171,213,202,194,151,26222,39321
73.837,0,801,20,85,46,14.7,13.47,0.916,1,0,0,0,13,312,2.52,1,19,134.33,0,0,0,0,1,0,0,0,0,0,0,0,0,0,0,52.37,34,0.344,1,0,0,0,0,0,0,0,0,0,800,800,800,800,1090,1400,74,0.254,26.5,14.3,12.92,0,134.33,0,19,20,12.819,353.28,1,0.625,0.625,0.566,2.676,0.645,0.02,0,,,,108,0,0,0,0,0,0,0,0,0,0,7,0,0,7000,7000,29,257,1429,108,51,64,71,68,54,0,39321,298,171,213,202,194,151,26222,39321
73.897,0,798,20,85,46,14.7,13.47,0.916,1,0,0,0,13,312,2.52,1,19,134.33,0,0,0,0,1,0,0,0,0,0,0,0,0,0,0,52.6,34,0.344,1,0,0,0,0,0,0,0,0,0,800,800,800,800,1090,1400,74,0.254,26.5,14.3,12.92,0,134.33,0,19,20,12.819,353.28,1,0.625,0.625,0.566,2.676,0.645,0.02,0,,,,66,0,0,0,0,0,0,0,0,0,0,7,0,0,7000,7000,29,257,1429,108,56,74,66,68,54,0,39321,298,171,213,199,194,151,26222,39321
73.957,0,797,20,85,46,14.7,13.44,0.914,1,0,0,0,13,312,2.52,1,19,134.33,0,0,0,0,1,0,0,0,0,0,0,0,0,0,0,52.6,34,0.344,1,0,0,0,0,0,0,0,0,0,800,800,800,800,1090,1400,74,0.254,26.5,14.3,12.92,0,134.33,0,19,20,12.819,353.28,1,0.625,0.625,0.566,2.676,0.645,0.02,0,,,,68,0,0,0,0,0,0,0,0,0,0,7,0,0,7000,7000,29,257,1429,108,56,74,66,54,68,0,39321,298,171,213,199,191,154,26222,39321
74.017,0,789,20,85,46,14.7,13.44,0.914,1,0,0,0,14,312,2.504,1,19,134.17,0,0,0,0,1,0,0,0,0,0,0,0,0,0,0,52.37,34,0.344,1,0,0,0,0,0,0,0,0,0,800,790,800,800,1090,1400,74,0.254,26.5,14.3,12.86,0,134.17,0,19,20,12.892,353.28,1,0.625,0.625,0.566,2.656,0.645,0.02,0,,,,54,0,0,0,0,0,0,0,0,0,0,7,0,0,7000,7000,29,257,1429,90,57,54,66,54,68,0,39321,295,171,208,199,191,154,26222,39321
74.077,0,793,20,85,46,14.7,13.44,0.914,1,0,0,0,14,312,2.504,1,19,134.17,0,0,0,0,1,0,0,0,0,0,0,0,0,0,0,52.6,34,0.344,1,0,0,0,0,0,0,0,0,0,800,790,800,800,1090,1400,74,0.254,26.5,14.3,12.86,0,134.17,0,19,20,12.892,353.28,1,0.625,0.625,0.566,2.656,0.645,0.02,0,,,,68,0,0,0,0,0,0,0,0,0,0,7,0,0,7000,7000,29,257,1429,90,57,54,68,68,68,0,39321,295,171,208,199,191,154,26222,39321
74.137,0,796,20,85,46,14.7,13.44,0.914,1,0,0,0,13,312,2.504,1,19,134.17,0,0,0,0,1,0,0,0,0,0,0,0,0,0,0,52.37,34,0.344,1,0,0,0,0,0,0,0,0,0,800,800,800,800,1090,1400,74,0.254,26.5,14.3,12.81,0,134.17,0,19,20,12.892,353.28,1,0.625,0.625,0.566,2.656,0.645,0.02,0,,,,112,0,0,0,0,0,0,0,0,0,0,7,0,0,7000,7000,29,257,1429,112,57,54,68,68,61,0,39321,295,171,208,199,191,157,26222,39321
74.197,0,795,20,85,46,14.7,13.44,0.914,1,0,0,0,13,312,2.504,1,19,134,0,0,0,0,1,0,0,0,0,0,0,0,0,0,0,52.37,34,0.344,1,0,0,0,0,0,0,0,0,0,800,800,800,800,1090,1400,74,0.254,26.5,14.3,12.63,0,134,0,19,20,12.892,353.28,1,0.625,0.625,0.566,2.656,0.645,0.02,0,,,,61,0,0,0,0,0,0,0,0,0,0,7,0,0,7000,7000,29,257,1429,112,52,61,61,68,61,0,39321,295,171,205,196,191,157,26222,39321
74.257,0,791,20,85,46,14.7,13.44,0.914,1,0,0,0,14,312,2.512,1,19,134,0,0,0,0,1,0,0,0,0,0,0,0,0,0,0,52.37,34,0.344,1,0,0,0,0,0,0,0,0,0,800,790,800,800,1090,1400,74,0.254,26.5,14.3,12.58,0,134,0,19,20,12.819,353.28,1,0.645,0.645,0.566,2.656,0.645,0.02,0,,,,59,0,0,0,0,0,0,0,0,0,0,7,0,0,7000,7000,29,257,1429,112,52,61,61,56,59,0,39321,295,171,205,196,188,160,26222,39321
74.317,0,784,20,85,46,14.7,13.38,0.91,1,0,0,0,15,312,2.512,1,19,134.17,0,0,0,0,1,0,0,0,0,0,0,0,0,0,0,52.6,34,0.344,1,0,0,0,0,0,0,0,0,0,800,780,800,800,1090,1400,74,0.254,26.5,14.3,12.46,0,134.17,0,19,20,12.819,353.28,1,0.625,0.625,0.566,2.656,0.645,0.02,0,,,,69,0,0,0,0,0,0,0,0,0,0,7,0,0,7000,7000,29,257,1429,86,69,61,61,56,59,0,39321,289,174,205,196,188,160,26222,39321
74.377,0,786,20,85,46,14.7,13.38,0.91,1,0,0,0,14,312,2.52,1,19,134.33,0,0,0,0,1,0,0,0,0,0,0,0,0,0,0,52.6,34,0.344,1,0,0,0,0,0,0,0,0,0,800,790,800,800,1090,1400,74,0.254,26.5,14.3,12.52,0,134.33,0,19,20,12.819,353.28,1,0.625,0.625,0.566,2.656,0.645,0.02,0,,,,51,0,0,0,0,0,0,0,0,0,0,7,0,0,7000,7000,29,257,1429,86,69,61,52,51,59,0,39321,289,174,202,194,185,160,26222,39321
74.437,0,781,20,85,46,14.7,13.38,0.91,1,0,0,0,15,312,2.52,1,19,134.33,0,0,0,0,1,0,0,0,0,0,0,0,0,0,0,52.6,34,0.344,1,0,0,0,0,0,0,0,0,0,800,780,800,800,1090,1400,74,0.254,26.5,14.3,12.58,0,134.33,0,19,20,12.819,353.28,1,0.645,0.645,0.566,2.637,0.645,0.02,0,,,,93,0,0,0,0,0,0,0,0,0,0,7,0,0,7000,7000,29,257,1429,93,69,61,52,51,57,0,39321,286,174,202,194,185,160,26222,39321
74.497,0,779,20,85,46,14.7,13.35,0.908,1,0,0,0,15,312,2.52,1,19,134.5,0,0,0,0,1,0,0,0,0,0,0,0,0,0,0,52.82,34,0.344,1,0,0,0,0,0,0,0,0,0,760,780,800,800,1090,1400,74,0.25,26,14.3,12.75,0,134.5,0,19,20,12.819,353.28,1,0.625,0.625,0.566,2.637,0.645,0.02,0,,,,51,0,0,0,0,0,0,0,0,0,0,7,0,0,7000,7000,29,257,1429,93,59,66,51,51,57,0,39321,286,174,202,191,185,160,26222,39321
74.557,0,777,20,85,47,14.7,13.32,0.906,1,0,0,0,15,312,2.52,1,19,134.67,0,0,0,0,1,0,0,0,0,0,0,0,0,0,0,52.82,34,0.344,1,0,0,0,0,0,0,0,0,0,760,780,800,800,1090,1400,74,0.25,26,14.3,12.81,0,134.67,0,19,20,12.819,353.28,1,0.625,0.625,0.566,2.637,0.645,0.02,0,,,,57,0,0,0,0,0,0,0,0,0,0,7,0,0,7000,7000,29,257,1429,93,59,66,51,57,57,0,39321,286,174,202,191,182,160,26222,39321
74.617,0,777,20,85,47,14.7,13.32,0.906,1,0,0,0,15,312,2.512,1,19,134.83,0,0,0,0,1,0,0,0,0,0,0,0,0,0,0,53.05,34,0.344,1,0,0,0,0,0,0,0,0,0,760,780,800,800,1090,1400,74,0.25,26,14.3,12.81,0,134.83,0,19,20,12.892,353.28,1,0.645,0.645,0.566,2.637,0.645,0.02,0,,,,59,0,0,0,0,0,0,0,0,0,0,7,0,0,7000,7000,29,257,1429,91,59,66,51,57,57,0,39321,284,174,202,191,182,160,26222,39321
74.677,0,778,20,85,47,14.7,13.32,0.906,1,0,0,0,15,312,2.52,1,19,135.17,0,0,0,0,1,0,0,0,0,0,0,0,0,0,0,53.05,34,0.344,1,0,0,0,0,0,0,0,0,0,760,780,800,800,1090,1400,74,0.25,26,14.3,12.86,0,135.17,0,19,20,12.892,353.28,1,0.645,0.645,0.566,2.637,0.645,0.02,0,,,,51,0,0,0,0,0,0,0,0,0,0,7,0,0,7000,7000,29,257,1429,91,59,64,62,51,57,0,39321,284,174,202,188,180,160,26222,39321
74.737,0,782,20,85,47,14.7,13.35,0.908,1,0,0,0,15,312,2.52,1,19,135.17,0,0,0,0,1,0,0,0,0,0,0,0,0,0,0,53.05,34,0.344,1,0,0,0,0,0,0,0,0,0,800,780,800,800,1090,1400,74,0.25,26.5,14.3,12.86,0,135.17,0,19,20,12.892,353.28,1,0.645,0.645,0.566,2.637,0.645,0.02,0,,,,134,0,0,0,0,0,0,0,0,0,0,7,0,0,7000,7000,29,257,1429,134,59,64,62,51,59,0,39321,289,174,202,188,180,163,26222,39321
74.797,0,782,20,85,47,14.7,13.35,0.908,1,0,0,0,15,312,2.52,1,19,135.33,0,0,0,0,1,0,0,0,0,0,0,0,0,0,0,53.05,34,0.344,1,0,0,0,0,0,0,0,0,0,800,780,800,800,1090,1400,74,0.254,26.5,14.3,12.92,0,135.33,0,19,20,12.892,353.28,1,0.645,0.645,0.566,2.637,0.645,0.02,0,,,,71,0,0,0,0,0,0,0,0,0,0,7,0,0,7000,7000,29,257,1429,134,66,71,62,51,59,0,39321,289,174,202,188,180,163,26222,39321
74.857,0,791,20,85,47,14.7,13.35,0.908,1,0,0,0,14,312,2.52,1,19,135,0,0,0,0,1,0,0,0,0,0,0,0,0,0,0,52.82,34,0.344,1,0,0,0,0,0,0,0,0,0,800,790,800,800,1090,1400,74,0.254,26.5,14.3,12.75,0,135,0,19,20,12.892,353.28,1,0.625,0.625,0.566,2.617,0.645,0.02,0,,,,57,0,0,0,0,0,0,0,0,0,0,7,0,0,7000,7000,29,257,1429,134,66,71,74,59,57,0,39321,289,174,202,188,180,163,26222,39321
74.917,0,792,20,85,47,14.7,13.35,0.908,1,0,0,0,14,312,2.52,1,19,135,0,0,0,0,1,0,0,0,0,0,0,0,0,0,0,52.82,34,0.344,1,0,0,0,0,0,0,0,0,0,800,790,800,800,1090,1400,74,0.254,26.5,14.3,12.75,0,135,0,19,20,12.892,353.28,1,0.625,0.625,0.566,2.617,0.645,0.02,0,,,,54,0,0,0,0,0,0,0,0,0,0,7,0,0,7000,7000,29,257,1429,117,54,71,74,59,57,0,39321,292,171,202,188,180,163,26222,39321
74.977,0,792,20,85,47,14.7,13.38,0.91,1,0,0,0,14,312,2.512,1,19,134.83,0,0,0,0,1,0,0,0,0,0,0,0,0,0,0,52.82,34,0.344,1,0,0,0,0,0,0,0,0,0,800,790,800,800,1090,1400,74,0.254,26.5,14.3,12.81,0,134.83,0,19,20,12.892,353.28,1,0.625,0.625,0.566,2.617,0.645,0.02,0,,,,74,0,0,0,0,0,0,0,0,0,0,7,0,0,7000,7000,29,257,1429,117,54,61,74,59,57,0,39321,292,171,202,188,180,163,26222,39321
75.037,0,788,20,85,47,14.7,13.38,0.91,1,0,0,0,14,312,2.512,1,19,134.83,0,0,0,0,1,0,0,0,0,0,0,0,0,0,0,52.6,34,0.344,1,0,0,0,0,0,0,0,0,0,800,790,800,800,1090,1400,74,0.254,26.5,14.3,12.75,0,134.83,0,19,20,12.892,353.28,1,0.645,0.645,0.566,2.617,0.645,0.02,0,,,,110,0,0,0,0,0,0,0,0,0,0,7,0,0,7000,7000,29,257,1429,110,54,61,74,59,59,0,39321,292,171,202,188,180,163,26222,39321
75.097,0,783,20,85,47,14.7,13.38,0.91,1,0,0,0,15,312,2.512,1,19,134.83,0,0,0,0,1,0,0,0,0,0,0,0,0,0,0,52.82,34,0.344,1,0,0,0,0,0,0,0,0,0,800,780,800,800,1090,1400,74,0.254,26.5,14.3,12.69,0,134.83,0,19,20,12.892,353.28,1,0.625,0.625,0.566,2.617,0.645,0.02,0,,,,68,0,0,0,0,0,0,0,0,0,0,7,0,0,7000,7000,29,257,1429,110,64,68,74,59,59,0,39321,292,171,202,188,180,163,26222,39321
75.157,0,786,20,85,47,14.7,13.38,0.91,1,0,0,0,14,312,2.512,1,19,134.83,0,0,0,0,1,0,0,0,0,0,0,0,0,0,0,52.82,34,0.344,1,0,0,0,0,0,0,0,0,0,800,790,800,800,1090,1400,74,0.254,26.5,14.3,12.81,0,134.83,0,19,20,12.892,353.28,1,0.625,0.625,0.566,2.617,0.645,0.02,0,,,,54,0,0,0,0,0,0,0,0,0,0,7,0,0,7000,7000,29,257,1429,110,64,68,64,54,59,0,39321,292,171,202,188,177,163,26222,39321
75.217,0,784,20,85,47,14.7,13.41,0.912,1,0,0,0,15,312,2.512,1,19,134.5,0,0,0,0,1,0,0,0,0,0,0,0,0,0,0,52.6,34,0.344,1,0,0,0,0,0,0,0,0,0,800,780,800,800,1090,1400,74,0.254,26.5,14.3,12.81,0,134.5,0,19,20,12.892,353.28,1,0.625,0.625,0.566,2.598,0.645,0.02,0,,,,56,0,0,0,0,0,0,0,0,0,0,7,0,0,7000,7000,29,257,1429,98,56,68,64,54,57,0,39321,292,171,202,188,177,163,26222,39321
75.277,0,784,20,85,47,14.7,13.41,0.912,1,0,0,0,15,312,2.512,1,19,134.5,0,0,0,0,1,0,0,0,0,0,0,0,0,0,0,52.6,34,0.344,1,0,0,0,0,0,0,0,0,0,800,780,800,800,1090,1400,74,0.254,26.5,14.3,12.81,0,134.5,0,19,20,12.892,353.28,1,0.625,0.625,0.566,2.598,0.645,0.02,0,,,,73,0,0,0,0,0,0,0,0,0,0,7,0,0,7000,7000,29,257,1429,98,56,68,73,54,57,0,39321,292,171,199,191,177,163,26222,39321
75.337,0,784,20,85,47,14.7,13.41,0.912,1,0,0,0,15,312,2.512,1,19,134.33,0,0,0,0,1,0,0,0,0,0,0,0,0,0,0,52.6,34,0.344,1,0,0,0,0,0,0,0,0,0,800,780,800,800,1090,1400,74,0.254,26.5,14.3,12.75,0,134.33,0,19,20,12.892,353.28,1,0.625,0.625,0.566,2.598,0.645,0.02,0,,,,54,0,0,0,0,0,0,0,0,0,0,7,0,0,7000,7000,29,257,1429,98,56,68,73,76,54,0,39321,292,171,199,191,177,163,26222,39321
75.397,0,784,20,85,47,14.7,13.41,0.912,1,0,0,0,15,312,2.512,1,19,134.33,0,0,0,0,1,0,0,0,0,0,0,0,0,0,0,52.6,34,0.344,1,0,0,0,0,0,0,0,0,0,800,780,800,800,1090,1400,74,0.254,26.5,14.3,12.69,0,134.33,0,19,20,12.892,353.28,1,0.625,0.625,0.566,2.598,0.645,0.02,0,,,,83,0,0,0,0,0,0,0,0,0,0,7,0,0,7000,7000,29,257,1429,108,64,83,73,76,54,0,39321,292,174,199,191,177,163,26222,39321
75.457,0,780,20,85,47,14.7,13.44,0.914,1,0,0,0,15,312,2.512,1,19,134.33,0,0,0,0,1,0,0,0,0,0,0,0,0,0,0,52.6,34,0.344,1,0,0,0,0,0,0,0,0,0,800,780,800,800,1090,1400,74,0.254,26.5,14.3,12.69,0,134.33,0,19,20,12.892,353.28,1,0.645,0.645,0.566,2.598,0.645,0.02,0,,,,51,0,0,0,0,0,0,0,0,0,0,7,0,0,7000,7000,29,257,1429,108,64,83,69,51,54,0,39321,292,174,199,191,177,163,26222,39321
75.517,0,782,20,85,47,14.7,13.44,0.914,1,0,0,0,15,312,2.512,1,19,134.67,0,0,0,0,1,0,0,0,0,0,0,0,0,0,0,52.82,34,0.344,1,0,0,0,0,0,0,0,0,0,800,780,800,800,1090,1400,74,0.254,26.5,14.3,12.52,0,134.67,0,19,20,12.892,353.28,1,0.625,0.625,0.566,2.598,0.645,0.02,0,,,,64,0,0,0,0,0,0,0,0,0,0,7,0,0,7000,7000,29,257,1429,96,64,83,69,51,56,0,39321,289,174,199,191,177,163,26222,39321
75.577,0,785,20,85,47,14.7,13.44,0.914,1,0,0,0,14,312,2.52,1,19,134.67,0,0,0,0,1,0,0,0,0,0,0,0,0,0,0,52.82,34,0.344,1,0,0,0,0,0,0,0,0,0,800,790,800,800,1090,1400,74,0.254,26.5,14.3,12.58,0,134.67,0,19,20,12.819,353.28,1,0.625,0.625,0.566,2.598,0.645,0.02,0,,,,68,0,0,0,0,0,0,0,0,0,0,7,0,0,7000,7000,29,257,1429,96,64,76,68,51,56,0,39321,289,174,202,191,177,163,26222,39321
75.637,0,781,20,85,47,14.7,13.44,0.914,1,0,0,0,15,312,2.52,1,19,134.83,0,0,0,0,1,0,0,0,0,0,0,0,0,0,0,52.82,34,0.344,1,0,0,0,0,0,0,0,0,0,800,780,800,800,1090,1400,74,0.254,26.5,14.3,12.63,0,134.83,0,19,20,12.819,353.28,1,0.645,0.645,0.566,2.578,0.645,0.02,0,,,,51,0,0,0,0,0,0,0,0,0,0,7,0,0,7000,7000,29,257,1429,96,64,76,68,45,51,0,39321,289,174,202,191,171,163,26222,39321
75.697,0,773,20,85,47,14.7,13.44,0.914,1,0,0,0,16,312,2.52,1,19,134.83,0,0,0,0,1,0,0,0,0,0,0,0,0,0,0,52.82,34,0.344,1,0,0,0,0,0,0,0,0,0,760,770,800,800,1090,1400,74,0.25,26,14.3,12.69,0,134.83,0,19,20,12.819,353.28,1,0.645,0.645,0.566,2.578,0.645,0.02,0,,,,80,0,0,0,0,0,0,0,0,0,0,7,0,0,7000,7000,29,257,1429,86,59,80,68,45,51,0,39321,286,174,202,191,171,163,26222,39321
75.757,0,777,20,85,47,14.7,13.44,0.914,1,0,0,0,15,312,2.52,1,19,134.83,0,0,0,0,1,0,0,0,0,0,0,0,0,0,0,52.82,34,0.344,1,0,0,0,0,0,0,0,0,0,760,780,800,800,1090,1400,74,0.25,26,14.3,12.69,0,134.83,0,19,20,12.819,353.28,1,0.645,0.645,0.566,2.578,0.645,0.02,0,,,,49,0,0,0,0,0,0,0,0,0,0,7,0,0,7000,7000,29,257,1429,86,59,80,62,49,51,0,39321,286,174,202,191,168,163,26222,39321
75.817,0,777,20,85,47,14.7,13.44,0.914,1,0,0,0,15,312,2.52,1,19,134.83,0,0,0,0,1,0,0,0,0,0,0,0,0,0,0,52.82,34,0.344,1,0,0,0,0,0,0,0,0,0,760,780,800,800,1090,1400,74,0.25,26,14.3,12.92,0,134.83,0,19,20,12.819,353.28,1,0.645,0.645,0.566,2.578,0.645,0.02,0,,,,86,0,0,0,0,0,0,0,0,0,0,7,0,0,7000,7000,29,257,1429,86,59,80,62,49,49,0,39321,284,174,202,191,168,163,26222,39321
75.877,0,776,20,85,48,14.7,13.44,0.914,1,0,0,0,15,312,2.52,1,19,134.83,0,0,0,0,1,0,0,0,0,0,0,0,0,0,0,53.05,34,0.344,1,0,0,0,0,0,0,0,0,0,760,780,800,800,1090,1400,74,0.25,26,14.3,12.86,0,134.83,0,19,20,12.892,353.28,1,0.645,0.645,0.566,2.578,0.645,0.02,0,,,,68,0,0,0,0,0,0,0,0,0,0,7,0,0,7000,7000,29,257,1429,86,49,59,68,49,49,0,39321,284,171,199,191,168,163,26222,39321
75.937,0,775,20,85,48,14.7,13.44,0.914,1,0,0,0,15,312,2.52,1,19,135.17,0,0,0,0,1,0,0,0,0,0,0,0,0,0,0,53.05,34,0.344,1,0,0,0,0,0,0,0,0,0,760,780,800,800,1090,1400,74,0.25,26,14.3,12.98,0,135.17,0,19,20,12.892,353.28,1,0.645,0.645,0.566,2.578,0.645,0.02,0,,,,56,0,0,0,0,0,0,0,0,0,0,7,0,0,7000,7000,29,257,1429,86,49,59,68,43,56,0,39321,284,171,199,191,165,163,26222,39321
75.997,0,774,20,85,48,14.7,13.44,0.914,1,0,0,0,16,312,2.52,1,19,135.17,0,0,0,0,1,0,0,0,0,0,0,0,0,0,0,53.05,34,0.344,1,0,0,0,0,0,0,0,0,0,760,770,800,800,1090,1400,74,0.25,26,14.3,12.98,0,135.17,0,19,20,12.892,353.28,1,0.645,0.645,0.566,2.578,0.645,0.02,0,,,,52,0,0,0,0,0,0,0,0,0,0,7,0,0,7000,7000,29,257,1429,86,52,59,68,43,56,0,39321,281,168,199,191,165,163,26222,39321
76.057,0,780,21,85,48,14.7,13.44,0.914,1,0,0,0,15,312,2.528,1,19,135.67,0,0,0,0,1,0,0,0,0,0,0,0,0,0,0,53.05,34,0.344,1,0,0,0,0,0,0,0,0,0,800,780,800,800,1090,1400,74,0.254,26.5,14.3,12.92,0,135.67,0,19,21,12.892,353.28,1,0.645,0.645,0.566,2.559,0.645,0.02,0,,,,49,0,0,0,0,0,0,0,0,0,0,7,0,0,7000,7000,29,257,1429,86,52,64,59,49,56,0,39321,281,168,199,188,165,163,26222,39321
76.117,0,793,21,85,48,14.7,13.47,0.916,1,0,0,0,14,312,2.536,1,19,136.5,0,0,0,0,1,0,0,0,0,0,0,0,0,0,0,53.27,35,0.344,1,0,0,0,0,0,0,0,0,0,800,790,800,800,1090,1400,74,0.254,26,14.3,12.92,0,136.5,0,19,21,12.892,353.28,1,0.645,0.645,0.566,2.559,0.645,0.02,0,,,,93,0,0,0,0,0,0,0,0,0,0,7,0,0,7000,7000,29,257,1429,93,52,64,59,49,56,0,39321,281,168,199,188,165,160,26222,39321
76.177,0,793,21,85,48,14.7,13.47,0.916,1,0,0,0,14,312,2.544,1,20,137,0,0,0,0,1,0,0,0,0,0,0,0,0,0,0,53.27,35,0.344,1,0,0,0,0,0,0,0,0,0,800,790,800,800,1090,1400,74,0.254,26,14.3,12.63,0,137,0,20,21,12.892,353.28,1,0.645,0.645,0.566,2.559,0.645,0.02,0,,,,71,0,0,0,0,0,0,0,0,0,0,7,0,0,7000,7000,29,257,1429,93,61,71,59,49,56,0,39321,281,168,199,188,165,160,26222,39321
76.237,0,792,21,85,48,14.7,13.47,0.916,1,0,0,0,14,312,2.544,1,20,137.33,0,0,0,0,1,0,0,0,0,0,0,0,0,0,0,53.27,35,0.344,1,0,0,0,0,0,0,0,0,0,800,790,800,800,1090,1400,74,0.254,26,14.3,12.75,0,137.33,0,20,21,12.892,353.28,1,0.645,0.645,0.566,2.559,0.645,0.02,0,,,,56,0,0,0,0,0,0,0,0,0,0,7,0,0,7000,7000,29,257,1429,93,61,71,57,51,56,0,39321,281,168,199,185,165,160,26222,39321
76.297,0,794,21,85,48,14.7,13.48,0.917,1,0,0,0,14,312,2.552,1,20,137.5,0,0,0,0,1,0,0,0,0,0,0,0,0,0,0,53.27,35,0.344,1,0,0,0,0,0,0,0,0,0,800,790,800,800,1090,1400,74,0.254,26,14.3,12.75,0,137.5,0,20,21,12.819,353.28,1,0.645,0.645,0.566,2.559,0.645,0.02,0,,,,64,0,0,0,0,0,0,0,0,0,0,7,0,0,7000,7000,29,257,1429,95,64,71,57,51,56,0,39321,281,168,199,185,165,160,26222,39321
76.357,0,795,21,85,48,14.7,13.48,0.917,1,0,0,0,13,312,2.56,1,20,137.67,0,0,0,0,1,0,0,0,0,0,0,0,0,0,0,53.5,35,0.344,1,0,0,0,0,0,0,0,0,0,800,800,800,800,1090,1400,74,0.254,26,14.3,12.75,0,137.67,0,20,21,12.819,353.28,1,0.664,0.664,0.566,2.559,0.645,0.02,0,,,,69,0,0,0,0,0,0,0,0,0,0,7,0,0,7000,7000,29,257,1429,95,64,56,69,51,56,0,39321,281,168,196,185,165,160,26222,39321
76.417,0,798,21,85,48,14.7,13.48,0.917,1,0,0,0,13,312,2.56,1,20,137.83,0,0,0,0,1,0,0,0,0,0,0,0,0,0,0,53.27,35,0.344,1,0,0,0,0,0,0,0,0,0,800,800,800,800,1090,1400,74,0.254,26,14.3,12.75,0,137.83,0,20,21,12.819,353.28,1,0.645,0.645,0.566,2.559,0.645,0.02,0,,,,95,0,0,0,0,0,0,0,0,0,0,7,0,0,7000,7000,29,257,1429,95,64,56,69,45,52,0,39321,281,168,196,185,163,160,26222,39321
76.477,0,798,21,85,48,14.7,13.48,0.917,1,0,0,0,13,312,2.56,1,20,137.67,0,0,0,0,1,0,0,0,0,0,0,0,0,0,0,53.27,35,0.344,1,0,0,0,0,0,0,0,0,0,800,800,800,800,1090,1400,74,0.254,26,14.3,12.86,0,137.67,0,20,21,12.819,353.28,1,0.645,0.645,0.566,2.539,0.645,0.02,0,,,,66,0,0,0,0,0,0,0,0,0,0,7,0,0,7000,7000,29,257,1429,95,61,66,69,45,52,0,39321,281,168,194,185,163,160,26222,39321
76.537,0,803,21,85,48,14.7,13.51,0.919,1,0,0,0,13,312,2.56,1,20,137.83,0,0,0,0,1,0,0,0,0,0,0,0,0,0,0,53.27,35,0.344,1,0,0,0,0,0,0,0,0,0,800,800,800,800,1090,1400,74,0.254,26,14.3,12.86,0,137.83,0,20,21,12.892,353.28,1,0.645,0.645,0.566,2.539,0.645,0.02,0,,,,59,0,0,0,0,0,0,0,0,0,0,7,0,0,7000,7000,29,257,1429,95,61,66,78,73,59,0,39321,281,168,194,188,165,160,26222,39321
76.597,0,810,21,85,48,14.7,13.51,0.919,1,0,0,0,12.5,312,2.552,1,20,137.67,0,0,0,0,1,0,0,0,0,0,0,0,0,0,0,53.27,35,0.344,1,0,0,0,0,0,0,0,0,0,800,810,800,800,1090,1400,74,0.254,26,14.3,12.86,0,137.67,0,20,21,12.892,353.28,1,0.645,0.645,0.566,2.539,0.645,0.02,0,,,,61,0,0,0,0,0,0,0,0,0,0,7,0,0,7000,7000,29,257,1429,100,61,66,78,73,59,0,39321,281,168,194,188,165,160,26222,39321
76.657,0,814,21,85,48,14.7,13.51,0.919,1,0,0,0,12.5,312,2.544,1,20,137.5,0,0,0,0,1,0,0,0,0,0,0,0,0,0,0,53.27,35,0.344,1,0,0,0,0,0,0,0,0,0,800,810,800,800,1090,1400,74,0.254,26,14.3,12.92,0,137.5,0,20,21,12.892,353.28,1,0.645,0.645,0.566,2.539,0.645,0.02,0,,,,73,0,0,0,0,0,0,0,0,0,0,7,0,0,7000,7000,29,257,1429,100,61,76,73,73,59,0,39321,281,168,196,188,165,160,26222,39321
76.717,0,809,21,85,48,14.7,13.54,0.921,1,0,0,0,12.5,312,2.544,1,20,137.5,0,0,0,0,1,0,0,0,0,0,0,0,0,0,0,53.05,34,0.344,1,0,0,0,0,0,0,0,0,0,800,810,800,800,1090,1400,74,0.254,26.5,14.3,12.92,0,137.5,0,20,21,12.892,353.28,1,0.645,0.645,0.566,2.539,0.645,0.02,0,,,,110,0,0,0,0,0,0,0,0,0,0,7,0,0,7000,7000,29,257,1429,110,61,76,73,51,52,0,39321,284,168,196,188,165,157,26222,39321
76.777,0,801,21,85,48,14.7,13.57,0.923,1,0,0,0,13,312,2.544,1,20,137.17,0,0,0,0,1,0,0,0,0,0,0,0,0,0,0,53.05,34,0.344,1,0,0,0,0,0,0,0,0,0,800,800,800,800,1090,1400,74,0.254,26.5,14.3,12.92,0,137.17,0,20,21,12.892,353.28,1,0.664,0.664,0.566,2.539,0.645,0.02,0,,,,71,0,0,0,0,0,0,0,0,0,0,7,0,0,7000,7000,29,257,1429,110,56,71,73,51,52,0,39321,284,168,196,188,165,157,26222,39321
76.837,0,804,21,85,48,14.7,13.57,0.923,1,0,0,0,13,312,2.544,1,20,137.17,0,0,0,0,1,0,0,0,0,0,0,0,0,0,0,53.05,34,0.344,1,0,0,0,0,0,0,0,0,0,800,800,800,800,1090,1400,74,0.254,26.5,14.3,12.81,0,137.17,0,20,21,12.892,353.28,1,0.645,0.645,0.566,2.539,0.645,0.02,0,,,,56,0,0,0,0,0,0,0,0,0,0,7,0,0,7000,7000,29,257,1429,110,56,71,74,47,56,0,39321,284,168,196,188,163,157,26222,39321
76.897,0,805,21,85,48,14.7,13.57,0.923,1,0,0,0,12.5,312,2.552,1,20,137.17,0,0,0,0,1,0,0,0,0,0,0,0,0,0,0,53.27,35,0.344,1,0,0,0,0,0,0,0,0,0,800,810,800,800,1090,1400,74,0.254,26,14.3,12.86,0,137.17,0,20,21,12.819,353.28,1,0.645,0.645,0.566,2.539,0.645,0.02,0,,,,52,0,0,0,0,0,0,0,0,0,0,7,0,0,7000,7000,29,257,1429,108,52,71,74,47,56,0,39321,286,165,196,188,163,157,26222,39321
76.957,0,799,21,85,48,14.7,13.57,0.923,1,0,0,0,13,312,2.552,1,20,137.33,0,0,0,0,1,0,0,0,0,0,0,0,0,0,0,53.27,35,0.344,1,0,0,0,0,0,0,0,0,0,800,800,800,800,1090,1400,74,0.254,26,14.3,12.81,0,137.33,0,20,21,12.819,353.28,1,0.645,0.645,0.566,2.52,0.645,0.02,0,,,,56,0,0,0,0,0,0,0,0,0,0,7,0,0,7000,7000,29,257,1429,108,52,61,73,56,56,0,39321,286,165,196,188,163,157,26222,39321
77.017,0,799,21,85,48,14.7,13.57,0.923,1,0,0,0,13,312,2.552,1,20,137.5,0,0,0,0,1,0,0,0,0,0,0,0,0,0,0,53.27,35,0.344,1,0,0,0,0,0,0,0,0,0,800,800,800,800,1090,1400,74,0.254,26,14.3,12.81,0,137.5,0,20,21,12.819,353.28,1,0.645,0.645,0.566,2.52,0.645,0.02,0,,,,129,0,0,0,0,0,0,0,0,0,0,7,0,0,7000,7000,29,257,1429,129,52,61,73,56,49,0,39321,289,165,196,188,163,157,26222,39321
77.077,0,796,21,85,48,14.7,13.57,0.923,1,0,0,0,13,312,2.552,1,20,137.5,0,0,0,0,1,0,0,0,0,0,0,0,0,0,0,53.27,35,0.344,1,0,0,0,0,0,0,0,0,0,800,800,800,800,1090,1400,74,0.254,26,14.3,12.92,0,137.5,0,20,21,12.819,353.28,1,0.664,0.664,0.566,2.52,0.645,0.02,0,,,,66,0,0,0,0,0,0,0,0,0,0,7,0,0,7000,7000,29,257,1429,129,51,66,73,56,49,0,39321,289,165,196,188,163,157,26222,39321
77.137,0,799,21,85,49,14.7,13.57,0.923,1,0,0,0,13,312,2.552,1,20,137.5,0,0,0,0,1,0,0,0,0,0,0,0,0,0,0,53.27,35,0.344,1,0,0,0,0,0,0,0,0,0,800,800,800,800,1090,1400,74,0.254,26,14.3,12.98,0,137.5,0,20,21,12.819,353.28,1,0.645,0.645,0.566,2.52,0.645,0.02,0,,,,61,0,0,0,0,0,0,0,0,0,0,7,0,0,7000,7000,29,257,1429,129,51,66,64,51,61,0,39321,289,165,196,185,163,157,26222,39321
77.197,0,803,21,85,49,14.7,13.51,0.919,1,0,0,0,13,312,2.552,1,20,137.5,0,0,0,0,1,0,0,0,0,0,0,0,0,0,0,53.27,35,0.344,1,0,0,0,0,0,0,0,0,0,800,800,800,800,1090,1400,74,0.254,26,14.3,12.98,0,137.5,0,20,21,12.819,353.28,1,0.645,0.645,0.566,2.52,0.645,0.02,0,,,,59,0,0,0,0,0,0,0,0,0,0,7,0,0,7000,7000,29,257,1429,117,59,66,64,51,61,0,39321,292,165,196,185,163,157,26222,39321
77.257,0,805,21,85,49,14.7,13.51,0.919,1,0,0,0,12.5,312,2.552,1,20,137.5,0,0,0,0,1,0,0,0,0,0,0,0,0,0,0,53.27,35,0.344,1,0,0,0,0,0,0,0,0,0,800,810,800,800,1090,1400,74,0.254,26,14.3,12.98,0,137.5,0,20,21,12.819,353.28,1,0.645,0.645,0.566,2.52,0.645,0.02,0,,,,45,0,0,0,0,0,0,0,0,0,0,7,0,0,7000,7000,29,257,1429,117,59,57,64,45,61,0,39321,292,165,194,185,160,157,26222,39321
77.317,0,808,21,85,49,14.7,13.51,0.919,1,0,0,0,12.5,312,2.552,1,20,137.33,0,0,0,0,1,0,0,0,0,0,0,0,0,0,0,53.05,34,0.344,1,0,0,0,0,0,0,0,0,0,800,810,800,800,1090,1400,74,0.254,26.5,14.3,12.92,0,137.33,0,20,21,12.819,353.28,1,0.645,0.645,0.566,2.52,0.645,0.02,0,,,,113,0,0,0,0,0,0,0,0,0,0,7,0,0,7000,7000,29,257,1429,113,59,57,64,45,52,0,39321,295,165,194,185,160,157,26222,39321
77.377,0,805,21,85,49,14.7,13.51,0.919,1,0,0,0,12.5,312,2.552,1,20,137.17,0,0,0,0,1,0,0,0,0,0,0,0,0,0,0,53.05,34,0.344,1,0,0,0,0,0,0,0,0,0,800,810,800,800,1090,1400,74,0.254,26.5,14.3,12.92,0,137.17,0,20,21,12.819,353.28,1,0.645,0.645,0.566,2.5,0.645,0.02,0,,,,73,0,0,0,0,0,0,0,0,0,0,7,0,0,7000,7000,29,257,1429,113,47,73,64,45,52,0,39321,295,163,194,185,160,157,26222,39321
77.437,0,811,21,85,49,14.7,13.51,0.919,1,0,0,0,12.5,312,2.552,1,20,137.17,0,0,0,0,1,0,0,0,0,0,0,0,0,0,0,53.05,34,0.344,1,0,0,0,0,0,0,0,0,0,800,810,800,800,1090,1400,74,0.254,26.5,14.3,12.75,0,137.17,0,20,21,12.819,353.28,1,0.645,0.645,0.566,2.5,0.645,0.02,0,,,,54,0,0,0,0,0,0,0,0,0,0,7,0,0,7000,7000,29,257,1429,113,47,73,86,54,54,0,39321,295,163,194,188,160,157,26222,39321
77.497,0,814,21,85,49,14.7,13.51,0.919,1,0,0,0,12.5,312,2.552,1,20,137,0,0,0,0,1,0,0,0,0,0,0,0,0,0,0,53.05,34,0.344,1,0,0,0,0,0,0,0,0,0,800,810,800,800,1090,1400,74,0.254,26.5,14.3,12.69,0,137,0,20,21,12.819,353.28,1,0.645,0.645,0.566,2.5,0.645,0.02,0,,,,49,0,0,0,0,0,0,0,0,0,0,7,0,0,7000,7000,29,257,1429,112,49,73,86,54,54,0,39321,298,160,194,188,160,157,26222,39321
77.557,0,816,21,85,49,14.7,13.51,0.919,1,0,0,0,12,312,2.552,1,20,137,0,0,0,0,1,0,0,0,0,0,0,0,0,0,0,53.05,34,0.344,1,0,0,0,0,0,0,0,0,0,800,820,800,800,1090,1400,74,0.254,26.5,14.3,12.63,0,137,0,20,21,12.819,353.28,1,0.625,0.625,0.566,2.5,0.645,0.02,0,,,,59,0,0,0,0,0,0,0,0,0,0,7,0,0,7000,7000,29,257,1429,112,49,71,54,59,54,0,39321,298,160,194,185,160,157,26222,39321
77.617,0,816,21,85,49,14.7,13.51,0.919,1,0,0,0,12,312,2.552,1,20,137,0,0,0,0,1,0,0,0,0,0,0,0,0,0,0,53.05,34,0.344,1,0,0,0,0,0,0,0,0,0,800,820,800,800,1090,1400,74,0.254,26.5,14.3,12.63,0,137,0,20,21,12.819,353.28,1,0.645,0.645,0.566,2.5,0.645,0.02,0,,,,132,0,0,0,0,0,0,0,0,0,0,7,0,0,7000,7000,29,257,1429,132,49,71,54,59,51,0,39321,303,160,194,185,160,157,26222,39321
77.677,0,813,21,85,49,14.7,13.51,0.919,1,0,0,0,12.5,312,2.544,1,20,136.83,0,0,0,0,1,0,0,0,0,0,0,0,0,0,0,53.05,34,0.344,1,0,0,0,0,0,0,0,0,0,800,810,800,800,1090,1400,74,0.254,26.5,14.3,12.63,0,136.83,0,20,21,12.819,353.28,1,0.645,0.645,0.566,2.5,0.645,0.02,0,,,,68,0,0,0,0,0,0,0,0,0,0,7,0,0,7000,7000,29,257,1429,132,52,69,68,59,51,0,39321,303,157,194,188,160,157,26222,39321
77.737,0,814,21,85,49,14.7,13.51,0.919,1,0,0,0,12.5,312,2.552,1,20,137,0,0,0,0,1,0,0,0,0,0,0,0,0,0,0,53.05,34,0.344,1,0,0,0,0,0,0,0,0,0,800,810,800,800,1090,1400,74,0.254,26.5,14.3,12.75,0,137,0,20,21,12.819,353.28,1,0.645,0.645,0.566,2.5,0.645,0.02,0,,,,54,0,0,0,0,0,0,0,0,0,0,7,0,0,7000,7000,29,257,1429,132,52,69,68,56,54,0,39321,303,157,194,188,157,157,26222,39321
77.797,0,803,21,86,49,14.7,13.51,0.919,1,0,0,0,13,312,2.552,1,20,137,0,0,0,0,1,0,0,0,0,0,0,0,0,0,0,53.05,34,0.344,1,0,0,0,0,0,0,0,0,0,800,800,800,800,1090,1400,75,0.254,26.5,14.3,12.81,0,137,0,20,21,12.819,353.28,1,0.645,0.645,0.566,2.48,0.645,0.02,0,,,,51,0,0,0,0,0,0,0,0,0,0,7,0,0,7000,7000,29,257,1429,129,51,69,68,56,54,0,39321,309,154,194,188,157,157,26222,39321
77.857,0,806,21,86,49,14.7,13.51,0.919,1,0,0,0,12.5,312,2.552,1,20,137,0,0,0,0,1,0,0,0,0,0,0,0,0,0,0,53.05,34,0.344,1,0,0,0,0,0,0,0,0,0,800,810,800,800,1090,1400,75,0.254,26.5,14.3,12.81,0,137,0,20,21,12.819,353.28,1,0.645,0.645,0.566,2.48,0.645,0.02,0,,,,47,0,0,0,0,0,0,0,0,0,0,7,0,0,7000,7000,29,257,1429,129,51,71,79,47,54,0,39321,309,154,194,191,157,157,26222,39321
77.917,0,813,21,86,49,14.7,13.47,0.916,1,0,0,0,12.5,312,2.552,1,20,137,0,0,0,0,1,0,0,0,0,0,0,0,0,0,0,53.05,34,0.344,1,0,0,0,0,0,0,0,0,0,800,810,800,800,1090,1400,75,0.254,26.5,14.3,12.81,0,137,0,20,21,12.819,353.28,1,0.645,0.645,0.566,2.48,0.645,0.02,0,,,,124,0,0,0,0,0,0,0,0,0,0,7,0,0,7000,7000,29,257,1429,124,51,71,79,47,52,0,39321,312,154,194,191,157,154,26222,39321
77.977,0,815,21,86,49,14.7,13.47,0.916,1,0,0,0,12,312,2.544,1,20,136.83,0,0,0,0,1,0,0,0,0,0,0,0,0,0,0,53.05,34,0.344,1,0,0,0,0,0,0,0,0,0,800,820,800,800,1090,1400,75,0.254,26.5,14.3,12.81,0,136.83,0,20,21,12.819,353.28,1,0.625,0.625,0.566,2.48,0.645,0.02,0,,,,59,0,0,0,0,0,0,0,0,0,0,7,0,0,7000,7000,29,257,1429,124,56,69,59,47,52,0,39321,312,154,194,191,157,154,26222,39321
78.037,0,819,21,86,49,14.7,13.47,0.916,1,0,0,0,12,312,2.544,1,20,136.67,0,0,0,0,1,0,0,0,0,0,0,0,0,0,0,52.82,34,0.344,1,0,0,0,0,0,0,0,0,0,800,820,800,800,1090,1400,75,0.254,26.5,14.3,12.81,0,136.67,0,20,21,12.819,353.28,1,0.625,0.625,0.566,2.48,0.645,0.02,0,,,,52,0,0,0,0,0,0,0,0,0,0,7,0,0,7000,7000,29,257,1429,124,56,69,59,52,52,0,39321,312,154,194,191,157,151,26222,39321
78.097,0,813,21,86,49,14.7,13.44,0.914,1,0,0,0,12.5,312,2.544,1,20,136.5,0,0,0,0,1,0,0,0,0,0,0,0,0,0,0,52.82,34,0.344,1,0,0,0,0,0,0,0,0,0,800,810,800,800,1090,1400,75,0.254,26.5,14.3,12.75,0,136.5,0,20,21,12.819,353.28,1,0.625,0.625,0.566,2.48,0.645,0.02,0,,,,64,0,0,0,0,0,0,0,0,0,0,7,0,0,7000,7000,29,257,1429,124,52,64,59,52,52,0,39321,315,154,194,191,157,151,26222,39321
78.157,0,813,21,86,49,14.7,13.44,0.914,1,0,0,0,12.5,312,2.544,1,20,136.5,0,0,0,0,1,0,0,0,0,0,0,0,0,0,0,52.82,34,0.344,1,0,0,0,0,0,0,0,0,0,800,810,800,800,1090,1400,75,0.254,26.5,14.3,12.75,0,136.5,0,20,21,12.819,353.28,1,0.645,0.645,0.566,2.48,0.645,0.02,0,,,,54,0,0,0,0,0,0,0,0,0,0,7,0,0,7000,7000,29,257,1429,124,52,64,69,54,52,0,39321,315,154,194,191,157,151,26222,39321
78.217,0,815,21,86,49,14.7,13.44,0.914,1,0,0,0,12,312,2.544,1,20,136.5,0,0,0,0,1,0,0,0,0,0,0,0,0,0,0,52.82,34,0.344,1,0,0,0,0,0,0,0,0,0,800,820,800,800,1090,1400,75,0.254,26.5,14.3,12.69,0,136.5,0,20,21,12.819,353.28,1,0.645,0.645,0.566,2.48,0.645,0.02,0,,,,59,0,0,0,0,0,0,0,0,0,0,7,0,0,7000,7000,29,257,1429,119,59,64,69,54,57,0,39321,315,154,194,191,157,151,26222,39321
78.277,0,815,21,86,49,14.7,13.44,0.914,1,0,0,0,12,312,2.544,1,20,136.5,0,0,0,0,1,0,0,0,0,0,0,0,0,0,0,52.82,34,0.344,1,0,0,0,0,0,0,0,0,0,800,820,800,800,1090,1400,75,0.254,26.5,14.3,12.75,0,136.5,0,20,21,12.819,353.28,1,0.625,0.625,0.566,2.461,0.645,0.02,0,,,,66,0,0,0,0,0,0,0,0,0,0,7,0,0,7000,7000,29,257,1429,119,59,71,66,54,57,0,39321,315,154,196,188,157,151,26222,39321
78.337,0,814,21,86,49,14.7,13.44,0.914,1,0,0,0,12.5,312,2.544,1,20,136.5,0,0,0,0,1,0,0,0,0,0,0,0,0,0,0,52.82,34,0.344,1,0,0,0,0,0,0,0,0,0,800,810,800,800,1090,1400,75,0.254,26.5,14.3,12.75,0,136.5,0,20,21,12.819,353.28,1,0.625,0.625,0.566,2.461,0.645,0.02,0,,,,64,0,0,0,0,0,0,0,0,0,0,7,0,0,7000,7000,29,257,1429,119,59,71,66,69,64,0,39321,315,154,196,188,160,154,26222,39321
78.397,0,814,21,86,50,14.7,13.41,0.912,1,0,0,0,12.5,312,2.544,1,20,136.5,0,0,0,0,1,0,0,0,0,0,0,0,0,0,0,52.82,34,0.344,1,0,0,0,0,0,0,0,0,0,800,810,800,800,1090,1400,75,0.254,26.5,14.3,12.86,0,136.5,0,20,21,12.819,353.28,1,0.625,0.625,0.566,2.461,0.645,0.02,0,,,,71,0,0,0,0,0,0,0,0,0,0,7,0,0,7000,7000,29,257,1429,139,56,71,66,69,64,0,39321,320,154,196,188,160,154,26222,39321
78.457,0,817,21,86,50,14.7,13.41,0.912,1,0,0,0,12,312,2.544,1,20,136.5,0,0,0,0,1,0,0,0,0,0,0,0,0,0,0,52.82,34,0.344,1,0,0,0,0,0,0,0,0,0,800,820,800,800,1090,1400,75,0.254,26.5,14.3,12.81,0,136.5,0,20,21,12.819,353.28,1,0.645,0.645,0.566,2.461,0.645,0.02,0,,,,57,0,0,0,0,0,0,0,0,0,0,7,0,0,7000,7000,29,257,1429,139,56,71,71,57,64,0,39321,320,154,196,188,160,154,26222,39321
78.517,0,816,21,86,50,14.7,13.41,0.912,1,0,0,0,12,312,2.544,1,20,136.5,0,0,0,0,1,0,0,0,0,0,0,0,0,0,0,52.82,34,0.344,1,0,0,0,0,0,0,0,0,0,800,820,800,800,1090,1400,75,0.254,26.5,14.3,12.81,0,136.5,0,20,21,12.819,353.28,1,0.625,0.625,0.566,2.461,0.645,0.02,0,,,,47,0,0,0,0,0,0,0,0,0,0,7,0,0,7000,7000,29,257,1429,129,47,71,71,57,54,0,39321,323,151,196,188,160,154,26222,39321
78.577,0,816,21,86,50,14.7,13.38,0.91,1,0,0,0,12,312,2.544,1,20,136.5,0,0,0,0,1,0,0,0,0,0,0,0,0,0,0,52.82,34,0.344,1,0,0,0,0,0,0,0,0,0,800,820,800,800,1090,1400,75,0.254,26.5,14.3,12.75,0,136.5,0,20,21,12.819,353.28,1,0.645,0.645,0.566,2.461,0.645,0.02,0,,,,85,0,0,0,0,0,0,0,0,0,0,7,0,0,7000,7000,29,257,1429,129,47,61,85,57,54,0,39321,323,151,196,191,160,154,26222,39321
78.637,0,814,21,86,50,14.7,13.38,0.91,1,0,0,0,12.5,312,2.544,1,20,136.5,0,0,0,0,1,0,0,0,0,0,0,0,0,0,0,52.82,34,0.344,1,0,0,0,0,0,0,0,0,0,800,810,800,800,1090,1400,75,0.254,26.5,14.3,12.75,0,136.5,0,20,21,12.819,353.28,1,0.625,0.625,0.566,2.461,0.645,0.02,0,,,,127,0,0,0,0,0,0,0,0,0,0,7,0,0,7000,7000,29,257,1429,127,47,61,85,56,49,0,39321,326,151,196,191,160,151,26222,39321
78.697,0,807,21,86,50,14.7,13.38,0.91,1,0,0,0,12.5,312,2.544,1,20,136.5,0,0,0,0,1,0,0,0,0,0,0,0,0,0,0,52.82,34,0.344,1,0,0,0,0,0,0,0,0,0,800,810,800,800,1090,1400,75,0.254,26.5,14.3,12.69,0,136.5,0,20,21,12.819,353.28,1,0.645,0.645,0.566,2.461,0.645,0.02,0,,,,62,0,0,0,0,0,0,0,0,0,0,7,0,0,7000,7000,29,257,1429,127,49,62,85,56,49,0,39321,326,151,194,191,160,151,26222,39321
78.757,0,807,21,86,50,14.7,13.38,0.91,1,0,0,0,12.5,312,2.544,1,20,136.5,0,0,0,0,1,0,0,0,0,0,0,0,0,0,0,52.82,34,0.344,1,0,0,0,0,0,0,0,0,0,800,810,800,800,1090,1400,75,0.254,26.5,14.3,12.46,0,136.5,0,20,21,12.819,353.28,1,0.625,0.625,0.566,2.461,0.645,0.02,0,,,,56,0,0,0,0,0,0,0,0,0,0,7,0,0,7000,7000,29,257,1429,127,49,62,95,47,56,0,39321,326,151,194,196,157,154,26222,39321
78.817,0,806,21,86,50,14.7,13.41,0.912,1,0,0,0,12.5,312,2.544,1,20,136.5,0,0,0,0,1,0,0,0,0,0,0,0,0,0,0,52.82,34,0.344,1,0,0,0,0,0,0,0,0,0,800,810,800,800,1090,1400,75,0.254,26.5,14.3,12.52,0,136.5,0,20,21,12.819,353.28,1,0.625,0.625,0.566,2.441,0.645,0.02,0,,,,54,0,0,0,0,0,0,0,0,0,0,7,0,0,7000,7000,29,257,1429,129,54,62,95,47,56,0,39321,326,151,194,196,157,154,26222,39321
78.877,0,801,21,86,50,14.7,13.38,0.91,1,0,0,0,13,312,2.544,1,20,136.5,0,0,0,0,1,0,0,0,0,0,0,0,0,0,0,52.82,34,0.344,1,0,0,0,0,0,0,0,0,0,800,800,800,800,1090,1400,75,0.254,26.5,14.3,12.52,0,136.5,0,20,21,12.819,353.28,1,0.645,0.645,0.566,2.441,0.645,0.02,0,,,,90,0,0,0,0,0,0,0,0,0,0,7,0,0,7000,7000,29,257,1429,129,54,68,90,47,56,0,39321,326,151,194,202,157,154,26222,39321
78.937,0,806,21,86,50,14.7,13.38,0.91,1,0,0,0,12.5,312,2.544,1,20,136.5,0,0,0,0,1,0,0,0,0,0,0,0,0,0,0,52.82,34,0.344,1,0,0,0,0,0,0,0,0,0,800,810,800,800,1090,1400,75,0.254,26.5,14.3,12.58,0,136.5,0,20,21,12.819,353.28,1,0.625,0.625,0.566,2.441,0.645,0.02,0,,,,108,0,0,0,0,0,0,0,0,0,0,7,0,0,7000,7000,29,257,1429,108,54,68,90,47,56,0,39321,326,151,194,202,154,154,26222,39321
78.997,0,806,21,86,50,14.7,13.38,0.91,1,0,0,0,12.5,312,2.544,1,20,136.5,0,0,0,0,1,0,0,0,0,0,0,0,0,0,0,52.82,34,0.344,1,0,0,0,0,0,0,0,0,0,800,810,800,800,1090,1400,75,0.254,26.5,14.3,12.58,0,136.5,0,20,21,12.819,353.28,1,0.645,0.645,0.566,2.441,0.645,0.02,0,,,,73,0,0,0,0,0,0,0,0,0,0,7,0,0,7000,7000,29,257,1429,108,51,73,90,47,56,0,39321,326,149,196,202,154,154,26222,39321
79.057,0,807,21,86,51,14.7,13.32,0.906,1,0,0,0,12.5,312,2.544,1,20,136.5,0,0,0,0,1,0,0,0,0,0,0,0,0,0,0,52.82,34,0.344,1,0,0,0,0,0,0,0,0,0,800,810,800,800,1090,1400,76,0.254,26.5,14.3,12.69,0,136.5,0,20,21,12.819,353.28,1,0.625,0.625,0.566,2.441,0.645,0.02,0,,,,52,0,0,0,0,0,0,0,0,0,0,7,0,0,7000,7000,29,257,1429,108,51,73,69,51,52,0,39321,326,149,196,199,154,154,26222,39321
79.117,0,806,21,86,51,14.7,13.32,0.906,1,0,0,0,12.5,312,2.544,1,20,136.5,0,0,0,0,1,0,0,0,0,0,0,0,0,0,0,52.82,34,0.344,1,0,0,0,0,0,0,0,0,0,800,810,800,800,1090,1400,76,0.254,26.5,14.3,12.69,0,136.5,0,20,21,12.819,353.28,1,0.625,0.625,0.566,2.441,0.645,0.02,0,,,,51,0,0,0,0,0,0,0,0,0,0,7,0,0,7000,7000,29,257,1429,115,51,73,69,51,52,0,39321,326,149,196,199,154,154,26222,39321
79.177,0,803,21,86,51,14.7,13.32,0.906,1,0,0,0,13,312,2.544,1,20,136.5,0,0,0,0,1,0,0,0,0,0,0,0,0,0,0,52.82,34,0.344,1,0,0,0,0,0,0,0,0,0,800,800,800,800,1090,1400,76,0.254,26.5,14.3,12.69,0,136.5,0,20,21,12.819,353.28,1,0.645,0.645,0.566,2.441,0.645,0.02,0,,,,79,0,0,0,0,0,0,0,0,0,0,7,0,0,7000,7000,29,257,1429,115,51,66,79,51,52,0,39321,326,149,196,199,154,154,26222,39321
79.237,0,804,21,86,51,14.7,13.32,0.906,1,0,0,0,13,312,2.544,1,20,136.5,0,0,0,0,1,0,0,0,0,0,0,0,0,0,0,52.82,34,0.344,1,0,0,0,0,0,0,0,0,0,800,800,800,800,1090,1400,76,0.254,26.5,14.3,12.69,0,136.5,0,20,21,12.819,353.28,1,0.645,0.645,0.566,2.441,0.645,0.02,0,,,,88,0,0,0,0,0,0,0,0,0,0,7,0,0,7000,7000,29,257,1429,88,51,66,79,49,56,0,39321,320,149,196,199,154,154,26222,39321
79.297,0,804,21,86,51,14.7,13.32,0.906,1,0,0,0,13,312,2.544,1,20,136.5,0,0,0,0,1,0,0,0,0,0,0,0,0,0,0,52.82,34,0.344,1,0,0,0,0,0,0,0,0,0,800,800,800,800,1090,1400,76,0.254,26.5,14.3,12.75,0,136.5,0,20,21,12.819,353.28,1,0.625,0.625,0.566,2.441,0.645,0.02,0,,,,62,0,0,0,0,0,0,0,0,0,0,7,0,0,7000,7000,29,257,1429,88,56,62,79,49,56,0,39321,320,149,196,199,154,154,26222,39321
79.357,0,809,21,86,51,14.7,13.32,0.906,1,0,0,0,12.5,312,2.544,1,20,136.5,0,0,0,0,1,0,0,0,0,0,0,0,0,0,0,52.82,34,0.344,1,0,0,0,0,0,0,0,0,0,800,810,800,800,1090,1400,76,0.254,26.5,14.3,12.69,0,136.5,0,20,21,12.819,353.28,1,0.625,0.625,0.566,2.422,0.645,0.02,0,,,,54,0,0,0,0,0,0,0,0,0,0,7,0,0,7000,7000,29,257,1429,88,56,62,78,47,54,0,39321,320,149,196,199,154,154,26222,39321
79.417,0,812,21,86,51,14.7,13.32,0.906,1,0,0,0,12.5,312,2.544,1,20,136.5,0,0,0,0,1,0,0,0,0,0,0,0,0,0,0,52.82,34,0.344,1,0,0,0,0,0,0,0,0,0,800,810,800,800,1090,1400,76,0.254,26.5,14.3,12.63,0,136.5,0,20,21,12.819,353.28,1,0.645,0.645,0.566,2.422,0.645,0.02,0,,,,49,0,0,0,0,0,0,0,0,0,0,7,0,0,7000,7000,29,257,1429,105,49,62,78,47,54,0,39321,317,149,196,199,154,154,26222,39321
79.477,0,816,21,86,51,14.7,13.32,0.906,1,0,0,0,12,312,2.544,1,20,136.5,0,0,0,0,1,0,0,0,0,0,0,0,0,0,0,52.82,34,0.344,1,0,0,0,0,0,0,0,0,0,800,820,800,800,1090,1400,76,0.254,26.5,14.3,12.58,0,136.5,0,20,21,12.819,353.28,1,0.625,0.625,0.566,2.422,0.645,0.02,0,,,,56,0,0,0,0,0,0,0,0,0,0,7,0,0,7000,7000,29,257,1429,105,49,62,86,56,54,0,39321,317,149,194,202,154,154,26222,39321
79.537,0,815,21,86,51,14.7,13.32,0.906,1,0,0,0,12,312,2.544,1,20,136.5,0,0,0,0,1,0,0,0,0,0,0,0,0,0,0,52.82,34,0.344,1,0,0,0,0,0,0,0,0,0,800,820,800,800,1090,1400,76,0.254,26.5,14.3,12.63,0,136.5,0,20,21,12.819,353.28,1,0.645,0.645,0.566,2.422,0.645,0.02,0,,,,103,0,0,0,0,0,0,0,0,0,0,7,0,0,7000,7000,29,257,1429,103,49,62,86,56,61,0,39321,315,149,194,202,154,157,26222,39321
79.597,0,811,21,86,51,14.7,13.32,0.906,1,0,0,0,12.5,312,2.544,1,20,136.5,0,0,0,0,1,0,0,0,0,0,0,0,0,0,0,52.82,34,0.344,1,0,0,0,0,0,0,0,0,0,800,810,800,800,1090,1400,76,0.254,26.5,14.3,12.58,0,136.5,0,20,21,12.819,353.28,1,0.625,0.625,0.566,2.422,0.645,0.02,0,,,,66,0,0,0,0,0,0,0,0,0,0,7,0,0,7000,7000,29,257,1429,103,52,66,86,56,61,0,39321,315,149,194,202,154,157,26222,39321
79.657,0,812,21,86,51,14.7,13.32,0.906,1,0,0,0,12.5,312,2.544,1,20,136.5,0,0,0,0,1,0,0,0,0,0,0,0,0,0,0,52.82,34,0.344,1,0,0,0,0,0,0,0,0,0,800,810,800,800,1090,1400,76,0.254,26.5,14.3,12.52,0,136.5,0,20,21,12.819,353.28,1,0.625,0.625,0.566,2.422,0.645,0.02,0,,,,51,0,0,0,0,0,0,0,0,0,0,7,0,0,7000,7000,29,257,1429,103,52,66,76,59,51,0,39321,315,149,194,202,154,157,26222,39321
79.717,0,808,21,86,51,14.7,13.32,0.906,1,0,0,0,12.5,312,2.544,1,20,136.33,0,0,0,0,1,0,0,0,0,0,0,0,0,0,0,52.82,34,0.344,1,0,0,0,0,0,0,0,0,0,800,810,800,800,1090,1400,76,0.254,26.5,14.3,12.69,0,136.33,0,20,21,12.819,353.28,1,0.645,0.645,0.566,2.422,0.645,0.02,0,,,,49,0,0,0,0,0,0,0,0,0,0,7,0,0,7000,7000,29,257,1429,107,49,66,76,59,51,0,39321,315,146,194,202,154,157,26222,39321
79.777,0,806,21,86,51,14.7,13.35,0.908,1,0,0,0,12.5,312,2.544,1,20,136.33,0,0,0,0,1,0,0,0,0,0,0,0,0,0,0,52.82,34,0.344,1,0,0,0,0,0,0,0,0,0,800,810,800,800,1090,1400,76,0.254,26.5,14.3,12.63,0,136.33,0,20,21,12.819,353.28,1,0.625,0.625,0.566,2.422,0.645,0.02,0,,,,45,0,0,0,0,0,0,0,0,0,0,7,0,0,7000,7000,29,257,1429,107,49,59,71,45,51,0,39321,315,146,194,202,151,157,26222,39321
79.837,0,808,21,86,51,14.7,13.35,0.908,1,0,0,0,12.5,312,2.544,1,20,136.5,0,0,0,0,1,0,0,0,0,0,0,0,0,0,0,52.82,34,0.344,1,0,0,0,0,0,0,0,0,0,800,810,800,800,1090,1400,76,0.254,26.5,14.3,12.63,0,136.5,0,20,21,12.819,353.28,1,0.645,0.645,0.566,2.422,0.645,0.02,0,,,,93,0,0,0,0,0,0,0,0,0,0,7,0,0,7000,7000,29,257,1429,93,49,59,71,45,61,0,39321,312,146,194,202,151,157,26222,39321
79.897,0,807,21,86,51,14.7,13.35,0.908,1,0,0,0,12.5,312,2.544,1,20,136.5,0,0,0,0,1,0,0,0,0,0,0,0,0,0,0,52.82,34,0.344,1,0,0,0,0,0,0,0,0,0,800,810,800,800,1090,1400,76,0.254,26.5,14.3,12.58,0,136.5,0,20,21,12.819,353.28,1,0.645,0.645,0.566,2.402,0.645,0.02,0,,,,69,0,0,0,0,0,0,0,0,0,0,7,0,0,7000,7000,29,257,1429,93,54,62,69,45,61,0,39321,312,146,194,202,151,157,26222,39321
79.958,0,811,21,86,51,14.7,13.35,0.908,1,0,0,0,12.5,312,2.544,1,20,136.5,0,0,0,0,1,0,0,0,0,0,0,0,0,0,0,52.82,34,0.344,1,0,0,0,0,0,0,0,0,0,800,810,800,800,1090,1400,76,0.254,26.5,14.3,12.58,0,136.5,0,20,21,12.819,353.28,1,0.625,0.625,0.566,2.402,0.645,0.02,0,,,,64,0,0,0,0,0,0,0,0,0,0,7,0,0,7000,7000,29,257,1429,93,54,62,69,49,64,0,39321,312,146,194,202,149,160,26222,39321
80.018,0,809,21,86,51,14.7,13.35,0.908,1,0,0,0,12.5,312,2.544,1,20,136.5,0,0,0,0,1,0,0,0,0,0,0,0,0,0,0,52.82,34,0.344,1,0,0,0,0,0,0,0,0,0,800,810,800,800,1090,1400,76,0.254,26.5,14.3,12.63,0,136.5,0,20,21,12.819,353.28,1,0.625,0.625,0.566,2.402,0.645,0.02,0,,,,51,0,0,0,0,0,0,0,0,0,0,7,0,0,7000,7000,29,257,1429,110,51,62,69,49,64,0,39321,312,146,194,202,149,160,26222,39321
80.078,0,813,21,86,51,14.7,13.35,0.908,1,0,0,0,12.5,312,2.544,1,20,136.5,0,0,0,0,1,0,0,0,0,0,0,0,0,0,0,52.82,34,0.344,1,0,0,0,0,0,0,0,0,0,800,810,800,800,1090,1400,76,0.254,26.5,14.3,12.46,0,136.5,0,20,21,12.819,353.28,1,0.625,0.625,0.566,2.402,0.645,0.02,0,,,,56,0,0,0,0,0,0,0,0,0,0,7,0,0,7000,7000,29,257,1429,110,51,54,71,56,64,0,39321,312,146,191,202,149,160,26222,39321
80.138,0,811,21,86,51,14.7,13.35,0.908,1,0,0,0,12.5,312,2.544,1,20,136.5,0,0,0,0,1,0,0,0,0,0,0,0,0,0,0,52.82,34,0.344,1,0,0,0,0,0,0,0,0,0,800,810,800,800,1090,1400,76,0.254,26.5,14.3,12.46,0,136.5,0,20,21,12.819,353.28,1,0.645,0.645,0.566,2.402,0.645,0.02,0,,,,108,0,0,0,0,0,0,0,0,0,0,7,0,0,7000,7000,29,257,1429,108,51,54,71,56,68,0,39321,309,146,191,202,149,163,26222,39321
80.198,0,807,21,86,51,14.7,13.32,0.906,1,0,0,0,12.5,312,2.544,1,20,136.33,0,0,0,0,1,0,0,0,0,0,0,0,0,0,0,52.82,34,0.344,1,0,0,0,0,0,0,0,0,0,800,810,800,800,1090,1400,76,0.254,26.5,14.3,12.52,0,136.33,0,20,21,12.819,353.28,1,0.625,0.625,0.566,2.402,0.645,0.02,0,,,,71,0,0,0,0,0,0,0,0,0,0,7,0,0,7000,7000,29,257,1429,108,51,59,71,56,68,0,39321,309,146,191,202,149,163,26222,39321
80.257,0,805,21,86,51,14.7,13.32,0.906,1,0,0,0,12.5,312,2.544,1,20,136.5,0,0,0,0,1,0,0,0,0,0,0,0,0,0,0,52.82,34,0.344,1,0,0,0,0,0,0,0,0,0,800,810,800,800,1090,1400,76,0.254,26.5,14.3,12.58,0,136.5,0,20,21,12.819,353.28,1,0.645,0.645,0.566,2.402,0.645,0.02,0,,,,64,0,0,0,0,0,0,0,0,0,0,7,0,0,7000,7000,29,257,1429,108,51,59,71,49,64,0,39321,309,146,191,202,149,163,26222,39321
80.317,0,803,21,86,51,14.7,13.32,0.906,1,0,0,0,13,312,2.544,1,20,136.5,0,0,0,0,1,0,0,0,0,0,0,0,0,0,0,52.82,34,0.344,1,0,0,0,0,0,0,0,0,0,800,800,800,800,1090,1400,76,0.254,26.5,14.3,12.58,0,136.5,0,20,21,12.819,353.28,1,0.625,0.625,0.566,2.402,0.645,0.02,0,,,,51,0,0,0,0,0,0,0,0,0,0,7,0,0,7000,7000,29,257,1429,98,52,51,71,49,64,0,39321,306,146,188,202,149,163,26222,39321
80.377,0,805,21,86,51,14.7,13.32,0.906,1,0,0,0,12.5,312,2.544,1,20,136.5,0,0,0,0,1,0,0,0,0,0,0,0,0,0,0,52.82,34,0.344,1,0,0,0,0,0,0,0,0,0,800,810,800,800,1090,1400,76,0.254,26.5,14.3,12.81,0,136.5,0,20,21,12.819,353.28,1,0.625,0.625,0.566,2.402,0.645,0.02,0,,,,61,0,0,0,0,0,0,0,0,0,0,7,0,0,7000,7000,29,257,1429,98,52,51,81,61,64,0,39321,306,146,188,205,149,163,26222,39321
80.438,0,804,21,86,51,14.7,13.32,0.906,1,0,0,0,13,312,2.544,1,20,136.5,0,0,0,0,1,0,0,0,0,0,0,0,0,0,0,52.82,34,0.344,1,0,0,0,0,0,0,0,0,0,800,800,800,800,1090,1400,76,0.254,26.5,14.3,12.81,0,136.5,0,20,21,12.819,353.28,1,0.625,0.625,0.566,2.402,0.645,0.02,0,,,,96,0,0,0,0,0,0,0,0,0,0,7,0,0,7000,7000,29,257,1429,96,52,51,81,61,71,0,39321,303,146,188,205,149,165,26222,39321
80.498,0,806,21,86,51,14.7,13.32,0.906,1,0,0,0,12.5,312,2.544,1,20,136.5,0,0,0,0,1,0,0,0,0,0,0,0,0,0,0,52.82,34,0.344,1,0,0,0,0,0,0,0,0,0,800,810,800,800,1090,1400,76,0.254,26.5,14.3,12.81,0,136.5,0,20,21,12.819,353.28,1,0.625,0.625,0.566,2.383,0.645,0.02,0,,,,81,0,0,0,0,0,0,0,0,0,0,7,0,0,7000,7000,29,257,1429,96,54,56,81,61,71,0,39321,303,146,188,205,149,165,26222,39321
80.557,0,808,21,86,51,14.7,13.29,0.904,1,0,0,0,12.5,312,2.544,1,20,136.5,0,0,0,0,1,0,0,0,0,0,0,0,0,0,0,52.82,34,0.344,1,0,0,0,0,0,0,0,0,0,800,810,800,800,1090,1400,76,0.254,26.5,14.3,12.69,0,136.5,0,20,21,12.819,353.28,1,0.625,0.625,0.566,2.383,0.645,0.02,0,,,,57,0,0,0,0,0,0,0,0,0,0,7,0,0,7000,7000,29,257,1429,96,54,56,81,68,57,0,39321,303,146,188,205,151,165,26222,39321
80.617,0,804,21,86,51,14.7,13.29,0.904,1,0,0,0,13,312,2.544,1,20,136.5,0,0,0,0,1,0,0,0,0,0,0,0,0,0,0,52.82,34,0.344,1,0,0,0,0,0,0,0,0,0,800,800,800,800,1090,1400,76,0.254,26.5,14.3,12.69,0,136.5,0,20,21,12.819,353.28,1,0.645,0.645,0.566,2.383,0.645,0.02,0,,,,59,0,0,0,0,0,0,0,0,0,0,7,0,0,7000,7000,29,257,1429,113,47,59,81,68,57,0,39321,303,146,185,205,151,165,26222,39321
80.677,0,809,21,86,51,14.7,13.32,0.906,1,0,0,0,12.5,312,2.544,1,20,136.5,0,0,0,0,1,0,0,0,0,0,0,0,0,0,0,52.82,34,0.344,1,0,0,0,0,0,0,0,0,0,800,810,800,800,1090,1400,76,0.254,26.5,14.3,12.52,0,136.5,0,20,21,12.819,353.28,1,0.645,0.645,0.566,2.383,0.645,0.02,0,,,,45,0,0,0,0,0,0,0,0,0,0,7,0,0,7000,7000,29,257,1429,113,47,59,69,45,57,0,39321,303,146,185,205,151,165,26222,39321
80.738,0,808,21,86,51,14.7,13.32,0.906,1,0,0,0,12.5,312,2.544,1,20,136.5,0,0,0,0,1,0,0,0,0,0,0,0,0,0,0,52.82,34,0.344,1,0,0,0,0,0,0,0,0,0,800,810,800,800,1090,1400,76,0.254,26.5,14.3,12.46,0,136.5,0,20,21,12.819,353.28,1,0.625,0.625,0.566,2.383,0.645,0.02,0,,,,49,0,0,0,0,0,0,0,0,0,0,7,0,0,7000,7000,29,257,1429,115,49,59,69,45,56,0,39321,306,146,185,205,151,163,26222,39321
80.798,0,802,21,86,51,14.7,13.32,0.906,1,0,0,0,13,312,2.544,1,20,136.5,0,0,0,0,1,0,0,0,0,0,0,0,0,0,0,52.82,34,0.344,1,0,0,0,0,0,0,0,0,0,800,800,800,800,1090,1400,76,0.254,26.5,14.3,12.52,0,136.5,0,20,21,12.819,353.28,1,0.625,0.625,0.566,2.383,0.645,0.02,0,,,,73,0,0,0,0,0,0,0,0,0,0,7,0,0,7000,7000,29,257,1429,115,49,59,73,45,56,0,39321,306,146,182,205,151,163,26222,39321
80.857,0,795,21,86,51,14.7,13.32,0.906,1,0,0,0,13,312,2.544,1,20,136.5,0,0,0,0,1,0,0,0,0,0,0,0,0,0,0,52.82,34,0.344,1,0,0,0,0,0,0,0,0,0,800,800,800,800,1090,1400,76,0.254,26.5,14.3,12.52,0,136.5,0,20,21,12.819,353.28,1,0.645,0.645,0.566,2.383,0.645,0.02,0,,,,54,0,0,0,0,0,0,0,0,0,0,7,0,0,7000,7000,29,257,1429,115,49,59,73,47,54,0,39321,306,146,182,205,151,163,26222,39321
80.917,0,791,21,86,51,14.7,13.32,0.906,1,0,0,0,14,312,2.544,1,19,136.5,0,0,0,0,1,0,0,0,0,0,0,0,0,0,0,52.82,34,0.344,1,0,0,0,0,0,0,0,0,0,800,790,800,800,1090,1400,76,0.254,26.5,14.3,12.52,0,136.5,0,19,21,12.819,353.28,1,0.625,0.625,0.566,2.383,0.645,0.02,0,,,,52,0,0,0,0,0,0,0,0,0,0,7,0,0,7000,7000,29,257,1429,96,59,52,73,47,54,0,39321,303,146,180,205,151,163,26222,39321
80.977,0,787,21,86,52,14.7,13.35,0.908,1,0,0,0,14,312,2.544,1,19,136.67,0,0,0,0,1,0,0,0,0,0,0,0,0,0,0,53.05,34,0.344,1,0,0,0,0,0,0,0,0,0,800,790,800,800,1090,1400,76,0.254,26.5,14.3,12.52,0,136.67,0,19,21,12.819,353.28,1,0.645,0.645,0.566,2.383,0.645,0.02,0,,,,52,0,0,0,0,0,0,0,0,0,0,7,0,0,7000,7000,29,257,1429,96,59,52,64,52,54,0,39321,303,146,180,205,151,163,26222,39321
81.038,0,794,21,86,52,14.7,13.35,0.908,1,0,0,0,14,312,2.544,1,20,136.83,0,0,0,0,1,0,0,0,0,0,0,0,0,0,0,53.05,34,0.344,1,0,0,0,0,0,0,0,0,0,800,790,800,800,1090,1400,76,0.254,26.5,14.3,12.69,0,136.83,0,20,21,12.819,353.28,1,0.645,0.645,0.566,2.383,0.645,0.02,0,,,,96,0,0,0,0,0,0,0,0,0,0,7,0,0,7000,7000,29,257,1429,96,59,52,64,52,51,0,39321,300,146,180,205,151,160,26222,39321
81.098,0,793,21,86,52,14.7,13.32,0.906,1,0,0,0,14,312,2.552,1,20,137,0,0,0,0,1,0,0,0,0,0,0,0,0,0,0,53.05,34,0.344,1,0,0,0,0,0,0,0,0,0,800,790,800,800,1090,1400,76,0.254,26.5,14.3,12.69,0,137,0,20,21,12.819,353.28,1,0.645,0.645,0.566,2.383,0.645,0.02,0,,,,71,0,0,0,0,0,0,0,0,0,0,7,0,0,7000,7000,29,257,1429,96,56,69,71,52,51,0,39321,300,149,180,205,151,160,26222,39321
81.157,0,796,21,86,52,14.7,13.32,0.906,1,0,0,0,13,312,2.552,1,20,137,0,0,0,0,1,0,0,0,0,0,0,0,0,0,0,53.05,34,0.344,1,0,0,0,0,0,0,0,0,0,800,800,800,800,1090,1400,76,0.254,26.5,14.3,12.63,0,137,0,20,21,12.819,353.28,1,0.645,0.645,0.566,2.383,0.645,0.02,0,,,,49,0,0,0,0,0,0,0,0,0,0,7,0,0,7000,7000,29,257,1429,96,56,69,71,40,49,0,39321,300,149,180,205,149,160,26222,39321
81.217,0,798,21,86,52,14.7,13.32,0.906,1,0,0,0,13,312,2.552,1,20,137,0,0,0,0,1,0,0,0,0,0,0,0,0,0,0,53.05,34,0.344,1,0,0,0,0,0,0,0,0,0,800,800,800,800,1090,1400,76,0.254,26.5,14.3,12.63,0,137,0,20,21,12.819,353.28,1,0.645,0.645,0.566,2.363,0.645,0.02,0,,,,71,0,0,0,0,0,0,0,0,0,0,7,0,0,7000,7000,29,257,1429,90,51,71,71,40,49,0,39321,295,149,182,205,149,160,26222,39321
81.277,0,802,21,86,52,14.7,13.35,0.908,1,0,0,0,13,312,2.552,1,20,137,0,0,0,0,1,0,0,0,0,0,0,0,0,0,0,53.05,34,0.344,1,0,0,0,0,0,0,0,0,0,800,800,800,800,1090,1400,76,0.254,26.5,14.3,12.75,0,137,0,20,21,12.819,353.28,1,0.645,0.645,0.566,2.363,0.645,0.02,0,,,,45,0,0,0,0,0,0,0,0,0,0,7,0,0,7000,7000,29,257,1429,90,51,71,68,45,49,0,39321,295,149,182,202,149,160,26222,39321
81.337,0,806,21,86,52,14.7,13.38,0.91,1,0,0,0,12.5,312,2.552,1,20,137,0,0,0,0,1,0,0,0,0,0,0,0,0,0,0,53.05,34,0.344,1,0,0,0,0,0,0,0,0,0,800,810,800,800,1090,1400,76,0.254,26.5,14.3,12.63,0,137,0,20,21,12.819,353.28,1,0.645,0.645,0.566,2.363,0.645,0.02,0,,,,107,0,0,0,0,0,0,0,0,0,0,7,0,0,7000,7000,29,257,1429,107,51,71,68,45,56,0,39321,295,149,182,202,149,160,26222,39321
81.397,0,808,21,86,52,14.7,13.38,0.91,1,0,0,0,12.5,312,2.552,1,20,137,0,0,0,0,1,0,0,0,0,0,0,0,0,0,0,53.05,34,0.344,1,0,0,0,0,0,0,0,0,0,800,810,800,800,1090,1400,76,0.254,26.5,14.3,12.69,0,137,0,20,21,12.819,353.28,1,0.625,0.625,0.566,2.363,0.645,0.02,0,,,,59,0,0,0,0,0,0,0,0,0,0,7,0,0,7000,7000,29,257,1429,107,51,56,59,45,56,0,39321,295,149,180,202,149,160,26222,39321
81.457,0,807,21,86,52,14.7,13.38,0.91,1,0,0,0,12.5,312,2.544,1,20,136.83,0,0,0,0,1,0,0,0,0,0,0,0,0,0,0,52.82,34,0.344,1,0,0,0,0,0,0,0,0,0,800,810,800,800,1090,1400,76,0.254,26.5,14.3,12.69,0,136.83,0,20,21,12.819,353.28,1,0.625,0.625,0.566,2.363,0.645,0.02,0,,,,57,0,0,0,0,0,0,0,0,0,0,7,0,0,7000,7000,29,257,1429,107,51,56,59,45,57,0,39321,295,149,180,202,146,160,26222,39321
81.517,0,800,21,86,52,14.7,13.38,0.91,1,0,0,0,13,312,2.544,1,20,136.67,0,0,0,0,1,0,0,0,0,0,0,0,0,0,0,52.82,34,0.344,1,0,0,0,0,0,0,0,0,0,800,800,800,800,1090,1400,76,0.254,26.5,14.3,12.75,0,136.67,0,20,21,12.819,353.28,1,0.625,0.625,0.566,2.363,0.645,0.02,0,,,,62,0,0,0,0,0,0,0,0,0,0,7,0,0,7000,7000,29,257,1429,124,54,62,59,45,57,0,39321,298,149,180,202,146,160,26222,39321
81.577,0,803,21,86,52,14.7,13.38,0.91,1,0,0,0,13,312,2.544,1,20,136.5,0,0,0,0,1,0,0,0,0,0,0,0,0,0,0,52.82,34,0.344,1,0,0,0,0,0,0,0,0,0,800,800,800,800,1090,1400,76,0.254,26.5,14.3,12.75,0,136.5,0,20,21,12.819,353.28,1,0.645,0.645,0.566,2.363,0.645,0.02,0,,,,40,0,0,0,0,0,0,0,0,0,0,7,0,0,7000,7000,29,257,1429,124,54,62,68,40,57,0,39321,298,149,180,202,143,160,26222,39321
81.637,0,805,21,86,52,14.7,13.38,0.91,1,0,0,0,12.5,312,2.544,1,20,136.5,0,0,0,0,1,0,0,0,0,0,0,0,0,0,0,52.82,34,0.344,1,0,0,0,0,0,0,0,0,0,800,810,800,800,1090,1400,76,0.254,26.5,14.3,12.81,0,136.5,0,20,21,12.819,353.28,1,0.645,0.645,0.566,2.363,0.645,0.02,0,,,,57,0,0,0,0,0,0,0,0,0,0,7,0,0,7000,7000,29,257,1429,115,57,62,68,40,51,0,39321,298,151,180,202,143,160,26222,39321
81.697,0,805,21,86,52,14.7,13.38,0.91,1,0,0,0,12.5,312,2.544,1,20,136.67,0,0,0,0,1,0,0,0,0,0,0,0,0,0,0,53.05,34,0.344,1,0,0,0,0,0,0,0,0,0,800,810,800,800,1090,1400,76,0.254,26.5,14.3,12.81,0,136.67,0,20,21,12.819,353.28,1,0.625,0.625,0.566,2.363,0.645,0.02,0,,,,61,0,0,0,0,0,0,0,0,0,0,7,0,0,7000,7000,29,257,1429,115,57,56,61,40,51,0,39321,298,151,177,199,143,160,26222,39321
81.757,0,805,21,86,52,14.7,13.38,0.91,1,0,0,0,12.5,312,2.544,1,20,136.67,0,0,0,0,1,0,0,0,0,0,0,0,0,0,0,52.82,34,0.344,1,0,0,0,0,0,0,0,0,0,800,810,800,800,1090,1400,76,0.254,26.5,14.3,12.75,0,136.67,0,20,21,12.819,353.28,1,0.645,0.645,0.566,2.363,0.645,0.02,0,,,,59,0,0,0,0,0,0,0,0,0,0,7,0,0,7000,7000,29,257,1429,115,57,56,61,51,59,0,39321,298,151,177,199,143,163,26222,39321
81.817,0,804,21,86,52,14.7,13.38,0.91,1,0,0,0,13,312,2.544,1,20,136.5,0,0,0,0,1,0,0,0,0,0,0,0,0,0,0,52.82,34,0.344,1,0,0,0,0,0,0,0,0,0,800,800,800,800,1090,1400,76,0.254,26.5,14.3,12.75,0,136.5,0,20,21,12.819,353.28,1,0.625,0.625,0.566,2.363,0.645,0.02,0,,,,51,0,0,0,0,0,0,0,0,0,0,7,0,0,7000,7000,29,257,1429,100,52,51,61,51,59,0,39321,295,151,174,199,143,163,26222,39321
81.877,0,803,21,86,52,14.7,13.38,0.91,1,0,0,0,13,312,2.544,1,20,136.5,0,0,0,0,1,0,0,0,0,0,0,0,0,0,0,52.82,34,0.344,1,0,0,0,0,0,0,0,0,0,800,800,800,800,1090,1400,76,0.254,26.5,14.3,12.75,0,136.5,0,20,21,12.819,353.28,1,0.645,0.645,0.566,2.344,0.645,0.02,0,,,,56,0,0,0,0,0,0,0,0,0,0,7,0,0,7000,7000,29,257,1429,100,52,51,73,56,59,0,39321,295,151,174,199,146,163,26222,39321
81.937,0,805,21,86,52,14.7,13.38,0.91,1,0,0,0,12.5,312,2.544,1,20,136.5,0,0,0,0,1,0,0,0,0,0,0,0,0,0,0,52.82,34,0.344,1,0,0,0,0,0,0,0,0,0,800,810,800,800,1090,1400,76,0.254,26.5,14.3,12.69,0,136.5,0,20,21,12.819,353.28,1,0.625,0.625,0.566,2.344,0.645,0.02,0,,,,57,0,0,0,0,0,0,0,0,0,0,7,0,0,7000,7000,29,257,1429,110,57,51,73,56,56,0,39321,295,151,174,199,146,163,26222,39321
81.997,0,802,21,86,52,14.7,13.38,0.91,1,0,0,0,13,312,2.544,1,20,136.5,0,0,0,0,1,0,0,0,0,0,0,0,0,0,0,52.82,34,0.344,1,0,0,0,0,0,0,0,0,0,800,800,800,800,1090,1400,76,0.254,26.5,14.3,12.58,0,136.5,0,20,21,12.819,353.28,1,0.625,0.625,0.566,2.344,0.645,0.02,0,,,,69,0,0,0,0,0,0,0,0,0,0,7,0,0,7000,7000,29,257,1429,110,57,49,69,56,56,0,39321,295,151,171,199,146,163,26222,39321
82.057,0,803,21,86,52,14.7,13.38,0.91,1,0,0,0,13,312,2.544,1,20,136.5,0,0,0,0,1,0,0,0,0,0,0,0,0,0,0,52.82,34,0.344,1,0,0,0,0,0,0,0,0,0,800,800,800,800,1090,1400,76,0.254,26.5,14.3,12.52,0,136.5,0,20,21,12.819,353.28,1,0.645,0.645,0.566,2.344,0.645,0.02,0,,,,54,0,0,0,0,0,0,0,0,0,0,7,0,0,7000,7000,29,257,1429,110,57,49,69,71,54,0,39321,295,151,171,199,149,163,26222,39321
