Time,THR,RPM,SSM,TWAT,TAIR,AFR,AFR_WBL,AFR_WBL/AFR,COEFF,DGTC_RICH,DGTC_LEAN,DGTC_PRESS,UOZ,FAZ,INJ,InjDC,AIR,GBC,SPD,ErrCnt,Err,fSTOP,fXX,fXXFix,fPOW,fFUELOFF,fDETZONE,fDET,fADS,fLAMREG,fLAM,fLEARN,PXX_ZONE,PRESS,PRESS_RT,KGBC,KGBC_DAD,Marker,fIgnCut,fFlatShift,RawKnock,KnockSPAttnr,KnockSPFilterFreq,KnockSPBaseADC,KnockAttnr,KnockAttnrCorr,RPM40,RPM10,DFRXX,JUFRXX,JFRXX1,JFRXX2,Tchrg,Ktchrg,TBL_UOZ,TBL_AFR,AFR_WBL_A,GBC_MAF,GBC_MAP,AIR_MAF,AIR_MAP,USM,Ubat,DiffFPress,KGTC_DFP,ADCmaf,ADCmap,ADCtwat,ADCtair,ADCtps,ADClam,Gear,ErrEx1,ErrEx2,ErrEx3,Knock,C1Rtrd,C2Rtrd,C3Rtrd,C4Rtrd,C5Rtrd,C6Rtrd,C7Rtrd,C8Rtrd,IWGDC,WGDC,IgnMode,OvercurrCnt,LaunchTime,LaunchRPM,CutOffRPM,CutOffDelta,Noise,ComKnockThld,C1Knock,C2Knock,C3Knock,C4Knock,C5Knock,C6Knock,C7Knock,C8Knock,C1KnockThld,C2KnockThld,C3KnockThld,C4KnockThld,C5KnockThld,C6KnockThld,C7KnockThld,C8KnockThld
0.460,0,0,65,86,55,14.7,-1.0,-0.068,1,0,0,0,4.5,318,0,0,0,0,0,0,0,1,0,1,0,0,0,0,0,0,0,0,0,106.1,90,1,0,0,0,0,0,0,0,0,0,0,0,0,0,0,1090,1400,-40,0.25,0,7.35,15.33,0,0,0,0,65,12.599,0,1,1.797,1.797,0.547,2.188,0.254,0,0,,,,0,0,0,0,0,0,0,0,0,0,0,7,0,0,7000,7000,255,45,157,0,0,0,0,0,0,0,39321,0,0,0,0,0,0,26222,39321
0.520,0,0,65,86,55,14.7,-1.0,-0.068,1,0,0,0,4.5,318,0,0,0,0,0,0,0,1,0,1,0,0,0,0,0,0,0,0,0,106.1,90,1,0,0,0,0,0,0,0,0,0,0,0,0,0,0,1090,1400,-40,0.25,0,7.35,15.27,0,0,0,0,65,12.599,0,1,1.797,1.797,0.547,2.188,0.254,0,0,,,,0,0,0,0,0,0,0,0,0,0,0,7,0,0,7000,7000,255,45,157,0,0,0,0,0,0,0,39321,0,0,0,0,0,0,26222,39321
0.580,0,0,65,86,55,14.7,-1.0,-0.068,1,0,0,0,4.5,318,0,0,0,0,0,0,0,1,0,1,0,0,0,0,0,0,0,0,0,106.1,90,1,0,0,0,0,0,0,0,0,0,0,0,0,0,0,1090,1400,-40,0.25,0,7.35,15.27,0,0,0,0,65,12.599,0,1,1.797,1.797,0.547,2.188,0.254,0,0,,,,0,0,0,0,0,0,0,0,0,0,0,7,0,0,7000,7000,255,45,157,0,0,0,0,0,0,0,39321,0,0,0,0,0,0,26222,39321
0.640,0,0,65,86,55,14.7,-1.0,-0.068,1,0,0,0,4.5,318,0,0,0,0,0,0,0,1,0,1,0,0,0,0,0,0,0,0,0,106.1,90,1,0,0,0,0,0,0,0,0,0,0,0,0,0,0,1090,1400,-40,0.25,0,7.35,15.27,0,0,0,0,65,12.599,0,1,1.797,1.797,0.547,2.188,0.254,0,0,,,,0,0,0,0,0,0,0,0,0,0,0,7,0,0,7000,7000,255,45,157,0,0,0,0,0,0,0,39321,0,0,0,0,0,0,26222,39321
0.700,0,0,65,86,55,14.7,-1.0,-0.068,1,0,0,0,4.5,318,0,0,0,0,0,0,0,1,0,1,0,0,0,0,0,0,0,0,0,106.1,90,1,0,0,0,0,0,0,0,0,0,0,0,0,0,0,1090,1400,-40,0.25,0,7.35,15.27,0,0,0,0,65,12.599,0,1,1.797,1.797,0.547,2.188,0.254,0,0,,,,0,0,0,0,0,0,0,0,0,0,0,7,0,0,7000,7000,255,45,157,0,0,0,0,0,0,0,39321,0,0,0,0,0,0,26222,39321
0.760,0,0,65,86,55,14.7,-1.0,-0.068,1,0,0,0,4.5,318,0,0,0,0,0,0,0,1,0,1,0,0,0,0,0,0,0,0,0,107,91,1,0,0,0,0,0,0,0,0,0,0,0,0,0,0,1090,1400,-40,0.25,0,7.35,15.27,0,0,0,0,65,12.599,0,1,1.816,1.816,0.547,2.188,0.254,0,0,,,,0,0,0,0,0,0,0,0,0,0,0,7,0,0,7000,7000,255,45,157,0,0,0,0,0,0,0,39321,0,0,0,0,0,0,26222,39321
0.820,0,0,65,86,55,14.7,-1.0,-0.068,1,0,0,0,4.5,318,0,0,0,0,0,0,0,1,0,1,0,0,0,0,0,0,0,0,0,106.1,90,1,0,0,0,0,0,0,0,0,0,0,0,0,0,0,1090,1400,-40,0.25,0,7.35,15.27,0,0,0,0,65,12.599,0,1,1.797,1.797,0.547,2.188,0.254,0,0,,,,0,0,0,0,0,0,0,0,0,0,0,7,0,0,7000,7000,255,45,157,0,0,0,0,0,0,0,39321,0,0,0,0,0,0,26222,39321
0.880,0,0,65,86,55,14.7,-1.0,-0.068,1,0,0,0,4.5,318,0,0,0,0,0,0,0,1,0,1,0,0,0,0,0,0,0,0,0,106.1,90,1,0,0,0,0,0,0,0,0,0,0,0,0,0,0,1090,1400,-40,0.25,0,7.35,15.33,0,0,0,0,65,12.599,0,1,1.797,1.797,0.547,2.188,0.254,0,0,,,,0,0,0,0,0,0,0,0,0,0,0,7,0,0,7000,7000,255,45,157,0,0,0,0,0,0,0,39321,0,0,0,0,0,0,26222,39321
0.940,0,0,65,86,55,14.7,-1.0,-0.068,1,0,0,0,4.5,318,0,0,0,0,0,0,0,1,0,1,0,0,0,0,0,0,0,0,0,106.1,90,1,0,0,0,0,0,0,0,0,0,0,0,0,0,0,1090,1400,-40,0.25,0,7.35,15.27,0,0,0,0,65,12.599,0,1,1.797,1.797,0.547,2.188,0.254,0,0,,,,0,0,0,0,0,0,0,0,0,0,0,7,0,0,7000,7000,255,45,157,0,0,0,0,0,0,0,39321,0,0,0,0,0,0,26222,39321
1.000,0,0,65,86,55,14.7,-1.0,-0.068,1,0,0,0,4.5,318,0,0,0,0,0,0,0,1,0,1,0,0,0,0,0,0,0,0,0,106.1,90,1,0,0,0,0,0,0,0,0,0,0,0,0,0,0,1090,1400,-40,0.25,0,7.35,15.27,0,0,0,0,65,12.599,0,1,1.797,1.797,0.547,2.188,0.254,0,0,,,,0,0,0,0,0,0,0,0,0,0,0,7,0,0,7000,7000,255,45,157,0,0,0,0,0,0,0,39321,0,0,0,0,0,0,26222,39321
1.060,0,0,65,86,55,14.7,-1.0,-0.068,1,0,0,0,4.5,318,0,0,0,0,0,0,0,1,0,1,0,0,0,0,0,0,0,0,0,106.1,90,1,0,0,0,0,0,0,0,0,0,0,0,0,0,0,1090,1400,-40,0.25,0,7.35,15.27,0,0,0,0,65,12.599,0,1,1.797,1.797,0.547,2.188,0.254,0,0,,,,0,0,0,0,0,0,0,0,0,0,0,7,0,0,7000,7000,255,45,157,0,0,0,0,0,0,0,39321,0,0,0,0,0,0,26222,39321
1.120,0,0,65,86,55,14.7,-1.0,-0.068,1,0,0,0,4.5,318,0,0,0,0,0,0,0,1,0,1,0,0,0,0,0,0,0,0,0,107,91,1,0,0,0,0,0,0,0,0,0,0,0,0,0,0,1090,1400,-40,0.25,0,7.35,15.33,0,0,0,0,65,12.599,0,1,1.816,1.816,0.547,2.188,0.254,0,0,,,,0,0,0,0,0,0,0,0,0,0,0,7,0,0,7000,7000,255,45,157,0,0,0,0,0,0,0,39321,0,0,0,0,0,0,26222,39321
1.180,0,0,65,86,55,14.7,-1.0,-0.068,1,0,0,0,4.5,318,0,0,0,0,0,0,0,1,0,1,0,0,0,0,0,0,0,0,0,107,91,1,0,0,0,0,0,0,0,0,0,0,0,0,0,0,1090,1400,-40,0.25,0,7.35,15.33,0,0,0,0,65,12.599,0,1,1.816,1.816,0.547,2.188,0.254,0,0,,,,0,0,0,0,0,0,0,0,0,0,0,7,0,0,7000,7000,255,45,157,0,0,0,0,0,0,0,39321,0,0,0,0,0,0,26222,39321
1.240,0,0,65,86,55,14.7,-1.0,-0.068,1,0,0,0,4.5,318,0,0,0,0,0,0,0,1,0,1,0,0,0,0,0,0,0,0,0,106.1,90,1,0,0,0,0,0,0,0,0,0,0,0,0,0,0,1090,1400,-40,0.25,0,7.35,15.33,0,0,0,0,65,12.599,0,1,1.797,1.797,0.547,2.188,0.254,0,0,,,,0,0,0,0,0,0,0,0,0,0,0,7,0,0,7000,7000,255,45,157,0,0,0,0,0,0,0,39321,0,0,0,0,0,0,26222,39321
1.300,0,0,65,86,55,14.7,-1.0,-0.068,1,0,0,0,4.5,318,0,0,0,0,0,0,0,1,0,1,0,0,0,0,0,0,0,0,0,106.1,90,1,0,0,0,0,0,0,0,0,0,0,0,0,0,0,1090,1400,-40,0.25,0,7.35,15.33,0,0,0,0,65,12.599,0,1,1.797,1.797,0.547,2.168,0.254,0,0,,,,0,0,0,0,0,0,0,0,0,0,0,7,0,0,7000,7000,255,45,157,0,0,0,0,0,0,0,39321,0,0,0,0,0,0,26222,39321
1.360,0,0,65,86,55,14.7,-1.0,-0.068,1,0,0,0,4.5,318,0,0,0,0,0,0,0,1,0,1,0,0,0,0,0,0,0,0,0,106.1,90,1,0,0,0,0,0,0,0,0,0,0,0,0,0,0,1090,1400,-40,0.25,0,7.35,15.33,0,0,0,0,65,12.599,0,1,1.797,1.797,0.547,2.168,0.254,0,0,,,,0,0,0,0,0,0,0,0,0,0,0,7,0,0,7000,7000,255,45,157,0,0,0,0,0,0,0,39321,0,0,0,0,0,0,26222,39321
1.420,0,0,65,86,55,14.7,-1.0,-0.068,1,0,0,0,4.5,318,0,0,0,0,0,0,0,1,0,1,0,0,0,0,0,0,0,0,0,107,91,1,0,0,0,0,0,0,0,0,0,0,0,0,0,0,1090,1400,-40,0.25,0,7.35,15.33,0,0,0,0,65,12.599,0,1,1.816,1.816,0.547,2.168,0.254,0,0,,,,0,0,0,0,0,0,0,0,0,0,0,7,0,0,7000,7000,255,45,157,0,0,0,0,0,0,0,39321,0,0,0,0,0,0,26222,39321
1.480,0,0,65,86,55,14.7,-1.0,-0.068,1,0,0,0,4.5,318,0,0,0,0,0,0,0,1,0,1,0,0,0,0,0,0,0,0,0,107,91,1,0,0,0,0,0,0,0,0,0,0,0,0,0,0,1090,1400,-40,0.25,0,7.35,15.39,0,0,0,0,65,12.599,0,1,1.816,1.816,0.547,2.168,0.254,0,0,,,,0,0,0,0,0,0,0,0,0,0,0,7,0,0,7000,7000,255,45,157,0,0,0,0,0,0,0,39321,0,0,0,0,0,0,26222,39321
1.540,0,0,65,86,55,14.7,-1.0,-0.068,1,0,0,0,4.5,318,0,0,0,0,0,0,0,1,0,1,0,0,0,0,0,0,0,0,0,106.1,90,1,0,0,0,0,0,0,0,0,0,0,0,0,0,0,1090,1400,-40,0.25,0,7.35,15.33,0,0,0,0,65,12.599,0,1,1.797,1.797,0.547,2.168,0.254,0,0,,,,0,0,0,0,0,0,0,0,0,0,0,7,0,0,7000,7000,255,45,157,0,0,0,0,0,0,0,39321,0,0,0,0,0,0,26222,39321
1.599,0,0,65,86,55,14.7,-1.0,-0.068,1,0,0,0,4.5,318,0,0,0,0,0,0,0,1,0,1,0,0,0,0,0,0,0,0,0,107,91,1,0,0,0,0,0,0,0,0,0,0,0,0,0,0,1090,1400,-40,0.25,0,7.35,15.33,0,0,0,0,65,12.599,0,1,1.816,1.816,0.547,2.168,0.254,0,0,,,,0,0,0,0,0,0,0,0,0,0,0,7,0,0,7000,7000,255,45,157,0,0,0,0,0,0,0,39321,0,0,0,0,0,0,26222,39321
1.659,0,0,65,86,55,14.7,-1.0,-0.068,1,0,0,0,4.5,318,0,0,0,0,0,0,0,1,0,1,0,0,0,0,0,0,0,0,0,106.1,90,1,0,0,0,0,0,0,0,0,0,0,0,0,0,0,1090,1400,-40,0.25,0,7.35,15.27,0,0,0,0,65,12.599,0,1,1.797,1.797,0.547,2.168,0.254,0,0,,,,0,0,0,0,0,0,0,0,0,0,0,7,0,0,7000,7000,255,45,157,0,0,0,0,0,0,0,39321,0,0,0,0,0,0,26222,39321
1.718,0,0,65,86,55,14.7,-1.0,-0.068,1,0,0,0,4.5,318,0,0,0,0,0,0,0,1,0,1,0,0,0,0,0,0,0,0,0,106.1,90,1,0,0,0,0,0,0,0,0,0,0,0,0,0,0,1090,1400,-40,0.25,0,7.35,15.27,0,0,0,0,65,12.599,0,1,1.797,1.797,0.547,2.168,0.254,0,0,,,,0,0,0,0,0,0,0,0,0,0,0,7,0,0,7000,7000,255,45,157,0,0,0,0,0,0,0,39321,0,0,0,0,0,0,26222,39321
1.778,0,0,65,86,55,14.7,-1.0,-0.068,1,0,0,0,4.5,318,0,0,0,0,0,0,0,1,0,1,0,0,0,0,0,0,0,0,0,106.1,90,1,0,0,0,0,0,0,0,0,0,0,0,0,0,0,1090,1400,-40,0.25,0,7.35,15.27,0,0,0,0,65,12.599,0,1,1.797,1.797,0.547,2.168,0.254,0,0,,,,0,0,0,0,0,0,0,0,0,0,0,7,0,0,7000,7000,255,45,157,0,0,0,0,0,0,0,39321,0,0,0,0,0,0,26222,39321
1.837,0,0,65,86,56,14.7,-1.0,-0.068,1,0,0,0,4.5,318,0,0,0,0,0,0,0,1,0,1,0,0,0,0,0,0,0,0,0,107,91,1,0,0,0,0,0,0,0,0,0,0,0,0,0,0,1090,1400,-40,0.25,0,7.35,15.27,0,0,0,0,65,12.599,0,1,1.816,1.816,0.547,2.168,0.254,0,0,,,,0,0,0,0,0,0,0,0,0,0,0,7,0,0,7000,7000,255,45,157,0,0,0,0,0,0,0,39321,0,0,0,0,0,0,26222,39321
1.897,0,0,65,86,56,14.7,-1.0,-0.068,1,0,0,0,4.5,318,0,0,0,0,0,0,0,1,0,1,0,0,0,0,0,0,0,0,0,106.1,90,1,0,0,0,0,0,0,0,0,0,0,0,0,0,0,1090,1400,-40,0.25,0,7.35,15.27,0,0,0,0,65,12.599,0,1,1.797,1.797,0.547,2.168,0.254,0,0,,,,0,0,0,0,0,0,0,0,0,0,0,7,0,0,7000,7000,255,45,157,0,0,0,0,0,0,0,39321,0,0,0,0,0,0,26222,39321
1.957,0,0,65,86,56,14.7,-1.0,-0.068,1,0,0,0,4.5,318,0,0,0,0,0,0,0,1,0,1,0,0,0,0,0,0,0,0,0,106.1,90,1,0,0,0,0,0,0,0,0,0,0,0,0,0,0,1090,1400,-40,0.25,0,7.35,15.27,0,0,0,0,65,12.599,0,1,1.797,1.797,0.547,2.168,0.254,0,0,,,,0,0,0,0,0,0,0,0,0,0,0,7,0,0,7000,7000,255,45,157,0,0,0,0,0,0,0,39321,0,0,0,0,0,0,26222,39321
2.017,0,0,65,86,56,14.7,-1.0,-0.068,1,0,0,0,4.5,318,0,0,0,0,0,0,0,1,0,1,0,0,0,0,0,0,0,0,0,107,91,1,0,0,0,0,0,0,0,0,0,0,0,0,0,0,1090,1400,-40,0.25,0,7.35,15.27,0,0,0,0,65,12.599,0,1,1.816,1.816,0.547,2.168,0.254,0,0,,,,0,0,0,0,0,0,0,0,0,0,0,7,0,0,7000,7000,255,45,157,0,0,0,0,0,0,0,39321,0,0,0,0,0,0,26222,39321
2.076,0,0,65,86,56,14.7,-1.0,-0.068,1,0,0,0,4.5,318,0,0,0,0,0,0,0,1,0,1,0,0,0,0,0,0,0,0,0,107,91,1,0,0,0,0,0,0,0,0,0,0,0,0,0,0,1090,1400,-40,0.25,0,7.35,15.27,0,0,0,0,65,12.599,0,1,1.816,1.816,0.547,2.168,0.254,0,0,,,,0,0,0,0,0,0,0,0,0,0,0,7,0,0,7000,7000,255,45,157,0,0,0,0,0,0,0,39321,0,0,0,0,0,0,26222,39321
2.136,0,0,65,86,56,14.7,-1.0,-0.068,1,0,0,0,4.5,318,0,0,0,0,0,0,0,1,0,1,0,0,0,0,0,0,0,0,0,106.1,90,1,0,0,0,0,0,0,0,0,0,0,0,0,0,0,1090,1400,-40,0.25,0,7.35,15.33,0,0,0,0,65,12.599,0,1,1.797,1.797,0.547,2.168,0.254,0,0,,,,0,0,0,0,0,0,0,0,0,0,0,7,0,0,7000,7000,255,45,157,0,0,0,0,0,0,0,39321,0,0,0,0,0,0,26222,39321
2.195,0,0,65,86,56,14.7,-1.0,-0.068,1,0,0,0,4.5,318,0,0,0,0,0,0,0,1,0,1,0,0,0,0,0,0,0,0,0,106.1,90,1,0,0,0,0,0,0,0,0,0,0,0,0,0,0,1090,1400,-40,0.25,0,7.35,15.27,0,0,0,0,65,12.599,0,1,1.797,1.797,0.547,2.168,0.254,0,0,,,,0,0,0,0,0,0,0,0,0,0,0,7,0,0,7000,7000,255,45,157,0,0,0,0,0,0,0,39321,0,0,0,0,0,0,26222,39321
2.255,0,0,65,86,56,14.7,-1.0,-0.068,1,0,0,0,4.5,318,0,0,0,0,0,0,0,1,0,1,0,0,0,0,0,0,0,0,0,106.1,90,1,0,0,0,0,0,0,0,0,0,0,0,0,0,0,1090,1400,-40,0.25,0,7.35,15.27,0,0,0,0,65,12.599,0,1,1.797,1.797,0.547,2.168,0.254,0,0,,,,0,0,0,0,0,0,0,0,0,0,0,7,0,0,7000,7000,255,45,157,0,0,0,0,0,0,0,39321,0,0,0,0,0,0,26222,39321
2.315,0,0,65,86,56,14.7,-1.0,-0.068,1,0,0,0,4.5,318,0,0,0,0,0,0,0,1,0,1,0,0,0,0,0,0,0,0,0,106.1,90,1,0,0,0,0,0,0,0,0,0,0,0,0,0,0,1090,1400,-40,0.25,0,7.35,15.33,0,0,0,0,65,12.599,0,1,1.797,1.797,0.547,2.168,0.254,0,0,,,,0,0,0,0,0,0,0,0,0,0,0,7,0,0,7000,7000,255,45,157,0,0,0,0,0,0,0,39321,0,0,0,0,0,0,26222,39321
2.375,0,0,65,86,56,14.7,-1.0,-0.068,1,0,0,0,4.5,318,0,0,0,0,0,0,0,1,0,1,0,0,0,0,0,0,0,0,0,107,91,1,0,0,0,0,0,0,0,0,0,0,0,0,0,0,1090,1400,-40,0.25,0,7.35,15.27,0,0,0,0,65,12.599,0,1,1.816,1.816,0.547,2.168,0.254,0,0,,,,0,0,0,0,0,0,0,0,0,0,0,7,0,0,7000,7000,255,45,157,0,0,0,0,0,0,0,39321,0,0,0,0,0,0,26222,39321
2.435,0,0,65,86,56,14.7,-1.0,-0.068,1,0,0,0,4.5,318,0,0,0,0,0,0,0,1,0,1,0,0,0,0,0,0,0,0,0,107,91,1,0,0,0,0,0,0,0,0,0,0,0,0,0,0,1090,1400,-40,0.25,0,7.35,15.33,0,0,0,0,65,12.599,0,1,1.816,1.816,0.547,2.168,0.254,0,0,,,,0,0,0,0,0,0,0,0,0,0,0,7,0,0,7000,7000,255,45,157,0,0,0,0,0,0,0,39321,0,0,0,0,0,0,26222,39321
2.495,0,0,65,86,56,14.7,-1.0,-0.068,1,0,0,0,4.5,318,0,0,0,0,0,0,0,1,0,1,0,0,0,0,0,0,0,0,0,106.1,90,1,0,0,0,0,0,0,0,0,0,0,0,0,0,0,1090,1400,-40,0.25,0,7.35,15.33,0,0,0,0,65,12.599,0,1,1.797,1.797,0.547,2.168,0.254,0,0,,,,0,0,0,0,0,0,0,0,0,0,0,7,0,0,7000,7000,255,45,157,0,0,0,0,0,0,0,39321,0,0,0,0,0,0,26222,39321
2.555,0,0,65,86,56,14.7,-1.0,-0.068,1,0,0,0,4.5,318,0,0,0,0,0,0,0,1,0,1,0,0,0,0,0,0,0,0,0,107,91,1,0,0,0,0,0,0,0,0,0,0,0,0,0,0,1090,1400,-40,0.25,0,7.35,15.33,0,0,0,0,65,12.599,0,1,1.816,1.816,0.547,2.168,0.254,0,0,,,,0,0,0,0,0,0,0,0,0,0,0,7,0,0,7000,7000,255,45,157,0,0,0,0,0,0,0,39321,0,0,0,0,0,0,26222,39321
2.615,0,0,65,86,56,14.7,-1.0,-0.068,1,0,0,0,4.5,318,0,0,0,0,0,0,0,1,0,1,0,0,0,0,0,0,0,0,0,106.1,90,1,0,0,0,0,0,0,0,0,0,0,0,0,0,0,1090,1400,-40,0.25,0,7.35,15.33,0,0,0,0,65,12.599,0,1,1.797,1.797,0.547,2.168,0.254,0,0,,,,0,0,0,0,0,0,0,0,0,0,0,7,0,0,7000,7000,255,45,157,0,0,0,0,0,0,0,39321,0,0,0,0,0,0,26222,39321
2.675,0,0,65,86,56,14.7,-1.0,-0.068,1,0,0,0,4.5,318,0,0,0,0,0,0,0,1,0,1,0,0,0,0,0,0,0,0,0,106.1,90,1,0,0,0,0,0,0,0,0,0,0,0,0,0,0,1090,1400,-40,0.25,0,7.35,15.33,0,0,0,0,65,12.599,0,1,1.797,1.797,0.547,2.168,0.254,0,0,,,,0,0,0,0,0,0,0,0,0,0,0,7,0,0,7000,7000,255,45,157,0,0,0,0,0,0,0,39321,0,0,0,0,0,0,26222,39321
2.735,0,0,65,86,56,14.7,-1.0,-0.068,1,0,0,0,4.5,318,0,0,0,0,0,0,0,1,0,1,0,0,0,0,0,0,0,0,0,106.1,90,1,0,0,0,0,0,0,0,0,0,0,0,0,0,0,1090,1400,-40,0.25,0,7.35,15.27,0,0,0,0,65,12.599,0,1,1.797,1.797,0.547,2.168,0.254,0,0,,,,0,0,0,0,0,0,0,0,0,0,0,7,0,0,7000,7000,255,45,157,0,0,0,0,0,0,0,39321,0,0,0,0,0,0,26222,39321
2.795,0,0,65,86,56,14.7,-1.0,-0.068,1,0,0,0,4.5,318,0,0,0,0,0,0,0,1,0,1,0,0,0,0,0,0,0,0,0,107,91,1,0,0,0,0,0,0,0,0,0,0,0,0,0,0,1090,1400,-40,0.25,0,7.35,15.27,0,0,0,0,65,12.599,0,1,1.816,1.816,0.547,2.168,0.254,0,0,,,,0,0,0,0,0,0,0,0,0,0,0,7,0,0,7000,7000,255,45,157,0,0,0,0,0,0,0,39321,0,0,0,0,0,0,26222,39321
2.855,0,0,65,86,56,14.7,-1.0,-0.068,1,0,0,0,4.5,318,0,0,0,0,0,0,0,1,0,1,0,0,0,0,0,0,0,0,0,106.1,90,1,0,0,0,0,0,0,0,0,0,0,0,0,0,0,1090,1400,-40,0.25,0,7.35,15.27,0,0,0,0,65,12.599,0,1,1.797,1.797,0.547,2.168,0.254,0,0,,,,0,0,0,0,0,0,0,0,0,0,0,7,0,0,7000,7000,255,45,157,0,0,0,0,0,0,0,39321,0,0,0,0,0,0,26222,39321
2.915,0,0,65,86,56,14.7,-1.0,-0.068,1,0,0,0,4.5,318,0,0,0,0,0,0,0,1,0,1,0,0,0,0,0,0,0,0,0,107,91,1,0,0,0,0,0,0,0,0,0,0,0,0,0,0,1090,1400,-40,0.25,0,7.35,15.27,0,0,0,0,65,12.672,0,1,1.816,1.816,0.547,2.168,0.254,0,0,,,,0,0,0,0,0,0,0,0,0,0,0,7,0,0,7000,7000,255,45,157,0,0,0,0,0,0,0,39321,0,0,0,0,0,0,26222,39321
2.975,0,0,65,86,56,14.7,-1.0,-0.068,1,0,0,0,4.5,318,0,0,0,0,0,0,0,1,0,1,0,0,0,0,0,0,0,0,0,107,91,1,0,0,0,0,0,0,0,0,0,0,0,0,0,0,1090,1400,-40,0.25,0,7.35,15.27,0,0,0,0,65,12.672,0,1,1.816,1.816,0.547,2.168,0.254,0,0,,,,0,0,0,0,0,0,0,0,0,0,0,7,0,0,7000,7000,255,45,157,0,0,0,0,0,0,0,39321,0,0,0,0,0,0,26222,39321
3.035,0,0,65,86,56,14.7,-1.0,-0.068,1,0,0,0,4.5,318,0,0,0,0,0,0,0,1,0,1,0,0,0,0,0,0,0,0,0,107,91,1,0,0,0,0,0,0,0,0,0,0,0,0,0,0,1090,1400,-40,0.25,0,7.35,15.27,0,0,0,0,65,12.672,0,1,1.816,1.816,0.547,2.168,0.254,0,0,,,,0,0,0,0,0,0,0,0,0,0,0,7,0,0,7000,7000,255,45,157,0,0,0,0,0,0,0,39321,0,0,0,0,0,0,26222,39321
3.095,0,0,65,87,56,14.7,-1.0,-0.068,1,0,0,0,4.5,318,0,0,0,0,0,0,0,1,0,1,0,0,0,0,0,0,0,0,0,106.1,90,1,0,0,0,0,0,0,0,0,0,0,0,0,0,0,1090,1400,-40,0.25,0,7.35,15.27,0,0,0,0,65,12.672,0,1,1.797,1.797,0.547,2.168,0.254,0,0,,,,0,0,0,0,0,0,0,0,0,0,0,7,0,0,7000,7000,255,45,157,0,0,0,0,0,0,0,39321,0,0,0,0,0,0,26222,39321
3.155,0,0,65,87,56,14.7,-1.0,-0.068,1,0,0,0,4.5,318,0,0,0,0,0,0,0,1,0,1,0,0,0,0,0,0,0,0,0,106.1,90,1,0,0,0,0,0,0,0,0,0,0,0,0,0,0,1090,1400,-40,0.25,0,7.35,15.27,0,0,0,0,65,12.672,0,1,1.797,1.797,0.547,2.168,0.254,0,0,,,,0,0,0,0,0,0,0,0,0,0,0,7,0,0,7000,7000,255,45,157,0,0,0,0,0,0,0,39321,0,0,0,0,0,0,26222,39321
3.215,0,0,65,87,56,14.7,-1.0,-0.068,1,0,0,0,4.5,318,0,0,0,0,0,0,0,1,0,1,0,0,0,0,0,0,0,0,0,107,91,1,0,0,0,0,0,0,0,0,0,0,0,0,0,0,1090,1400,-40,0.25,0,7.35,15.27,0,0,0,0,65,12.672,0,1,1.816,1.816,0.547,2.168,0.254,0,0,,,,0,0,0,0,0,0,0,0,0,0,0,7,0,0,7000,7000,255,45,157,0,0,0,0,0,0,0,39321,0,0,0,0,0,0,26222,39321
3.275,0,0,65,87,56,14.7,-1.0,-0.068,1,0,0,0,4.5,318,0,0,0,0,0,0,0,1,0,1,0,0,0,0,0,0,0,0,0,107,91,1,0,0,0,0,0,0,0,0,0,0,0,0,0,0,1090,1400,-40,0.25,0,7.35,15.27,0,0,0,0,65,12.672,0,1,1.816,1.816,0.547,2.168,0.254,0,0,,,,0,0,0,0,0,0,0,0,0,0,0,7,0,0,7000,7000,255,45,157,0,0,0,0,0,0,0,39321,0,0,0,0,0,0,26222,39321
3.335,0,0,65,87,56,14.7,-1.0,-0.068,1,0,0,0,4.5,318,0,0,0,0,0,0,0,1,0,1,0,0,0,0,0,0,0,0,0,107,91,1,0,0,0,0,0,0,0,0,0,0,0,0,0,0,1090,1400,-40,0.25,0,7.35,15.33,0,0,0,0,65,12.672,0,1,1.816,1.816,0.547,2.168,0.254,0,0,,,,0,0,0,0,0,0,0,0,0,0,0,7,0,0,7000,7000,255,45,157,0,0,0,0,0,0,0,39321,0,0,0,0,0,0,26222,39321
3.395,0,0,65,87,56,14.7,-1.0,-0.068,1,0,0,0,4.5,318,0,0,0,0,0,0,0,1,0,1,0,0,0,0,0,0,0,0,0,107,91,1,0,0,0,0,0,0,0,0,0,0,0,0,0,0,1090,1400,-40,0.25,0,7.35,15.33,0,0,0,0,65,12.672,0,1,1.816,1.816,0.547,2.148,0.254,0,0,,,,0,0,0,0,0,0,0,0,0,0,0,7,0,0,7000,7000,255,45,157,0,0,0,0,0,0,0,39321,0,0,0,0,0,0,26222,39321
3.455,0,0,65,87,56,14.7,-1.0,-0.068,1,0,0,0,4.5,318,0,0,0,0,0,0,0,1,0,1,0,0,0,0,0,0,0,0,0,106.1,90,1,0,0,0,0,0,0,0,0,0,0,0,0,0,0,1090,1400,-40,0.25,0,7.35,15.27,0,0,0,0,65,12.672,0,1,1.797,1.797,0.547,2.148,0.254,0,0,,,,0,0,0,0,0,0,0,0,0,0,0,7,0,0,7000,7000,255,45,157,0,0,0,0,0,0,0,39321,0,0,0,0,0,0,26222,39321
3.515,0,0,65,87,56,14.7,-1.0,-0.068,1,0,0,0,4.5,318,0,0,0,0,0,0,0,1,0,1,0,0,0,0,0,0,0,0,0,106.1,90,1,0,0,0,0,0,0,0,0,0,0,0,0,0,0,1090,1400,-40,0.25,0,7.35,15.33,0,0,0,0,65,12.672,0,1,1.797,1.797,0.547,2.148,0.254,0,0,,,,0,0,0,0,0,0,0,0,0,0,0,7,0,0,7000,7000,255,45,157,0,0,0,0,0,0,0,39321,0,0,0,0,0,0,26222,39321
3.575,0,0,65,87,56,14.7,-1.0,-0.068,1,0,0,0,4.5,318,0,0,0,0,0,0,0,1,0,1,0,0,0,0,0,0,0,0,0,106.1,90,1,0,0,0,0,0,0,0,0,0,0,0,0,0,0,1090,1400,-40,0.25,0,7.35,15.33,0,0,0,0,65,12.672,0,1,1.797,1.797,0.547,2.148,0.254,0,0,,,,0,0,0,0,0,0,0,0,0,0,0,7,0,0,7000,7000,255,45,157,0,0,0,0,0,0,0,39321,0,0,0,0,0,0,26222,39321
3.635,0,0,65,87,56,14.7,-1.0,-0.068,1,0,0,0,4.5,318,0,0,0,0,0,0,0,1,0,1,0,0,0,0,0,0,0,0,0,106.1,90,1,0,0,0,0,0,0,0,0,0,0,0,0,0,0,1090,1400,-40,0.25,0,7.35,15.39,0,0,0,0,65,12.672,0,1,1.797,1.797,0.547,2.148,0.254,0,0,,,,0,0,0,0,0,0,0,0,0,0,0,7,0,0,7000,7000,255,45,157,0,0,0,0,0,0,0,39321,0,0,0,0,0,0,26222,39321
3.695,0,0,65,87,56,14.7,-1.0,-0.068,1,0,0,0,4.5,318,0,0,0,0,0,0,0,1,0,1,0,0,0,0,0,0,0,0,0,106.1,90,1,0,0,0,0,0,0,0,0,0,0,0,0,0,0,1090,1400,-40,0.25,0,7.35,15.39,0,0,0,0,65,12.672,0,1,1.797,1.797,0.547,2.148,0.254,0,0,,,,0,0,0,0,0,0,0,0,0,0,0,7,0,0,7000,7000,255,45,157,0,0,0,0,0,0,0,39321,0,0,0,0,0,0,26222,39321
3.755,0,0,65,87,56,14.7,-1.0,-0.068,1,0,0,0,4.5,318,0,0,0,0,0,0,0,1,0,1,0,0,0,0,0,0,0,0,0,106.1,90,1,0,0,0,0,0,0,0,0,0,0,0,0,0,0,1090,1400,-40,0.25,0,7.35,15.39,0,0,0,0,65,12.672,0,1,1.797,1.797,0.547,2.148,0.254,0,0,,,,0,0,0,0,0,0,0,0,0,0,0,7,0,0,7000,7000,255,45,157,0,0,0,0,0,0,0,39321,0,0,0,0,0,0,26222,39321
3.815,0,0,65,87,56,14.7,-1.0,-0.068,1,0,0,0,4.5,318,0,0,0,0,0,0,0,1,0,1,0,0,0,0,0,0,0,0,0,106.1,90,1,0,0,0,0,0,0,0,0,0,0,0,0,0,0,1090,1400,-40,0.25,0,7.35,15.27,0,0,0,0,65,12.672,0,1,1.797,1.797,0.547,2.148,0.254,0,0,,,,0,0,0,0,0,0,0,0,0,0,0,7,0,0,7000,7000,255,45,157,0,0,0,0,0,0,0,39321,0,0,0,0,0,0,26222,39321
3.875,0,0,65,87,56,14.7,-1.0,-0.068,1,0,0,0,4.5,318,0,0,0,0,0,0,0,1,0,1,0,0,0,0,0,0,0,0,0,107,91,1,0,0,0,0,0,0,0,0,0,0,0,0,0,0,1090,1400,-40,0.25,0,7.35,15.27,0,0,0,0,65,12.672,0,1,1.816,1.816,0.547,2.148,0.254,0,0,,,,0,0,0,0,0,0,0,0,0,0,0,7,0,0,7000,7000,255,45,157,0,0,0,0,0,0,0,39321,0,0,0,0,0,0,26222,39321
3.935,0,0,65,87,56,14.7,-1.0,-0.068,1,0,0,0,4.5,318,0,0,0,0,0,0,0,1,0,1,0,0,0,0,0,0,0,0,0,107,91,1,0,0,0,0,0,0,0,0,0,0,0,0,0,0,1090,1400,-40,0.25,0,7.35,15.27,0,0,0,0,65,12.672,0,1,1.816,1.816,0.547,2.148,0.254,0,0,,,,0,0,0,0,0,0,0,0,0,0,0,7,0,0,7000,7000,255,45,157,0,0,0,0,0,0,0,39321,0,0,0,0,0,0,26222,39321
3.995,0,0,65,87,56,14.7,-1.0,-0.068,1,0,0,0,4.5,318,0,0,0,0,0,0,0,1,0,1,0,0,0,0,0,0,0,0,0,106.1,90,1,0,0,0,0,0,0,0,0,0,0,0,0,0,0,1090,1400,-40,0.25,0,7.35,15.27,0,0,0,0,65,12.672,0,1,1.797,1.797,0.547,2.148,0.254,0,0,,,,0,0,0,0,0,0,0,0,0,0,0,7,0,0,7000,7000,255,45,157,0,0,0,0,0,0,0,39321,0,0,0,0,0,0,26222,39321
4.055,0,0,65,87,56,14.7,-1.0,-0.068,1,0,0,0,4.5,318,0,0,0,0,0,0,0,1,0,1,0,0,0,0,0,0,0,0,0,106.1,90,1,0,0,0,0,0,0,0,0,0,0,0,0,0,0,1090,1400,-40,0.25,0,7.35,15.27,0,0,0,0,65,12.672,0,1,1.797,1.797,0.547,2.148,0.254,0,0,,,,0,0,0,0,0,0,0,0,0,0,0,7,0,0,7000,7000,255,45,157,0,0,0,0,0,0,0,39321,0,0,0,0,0,0,26222,39321
4.115,0,0,65,87,56,14.7,-1.0,-0.068,1,0,0,0,4.5,318,0,0,0,0,0,0,0,1,0,1,0,0,0,0,0,0,0,0,0,106.1,90,1,0,0,0,0,0,0,0,0,0,0,0,0,0,0,1090,1400,-40,0.25,0,7.35,15.33,0,0,0,0,65,12.672,0,1,1.797,1.797,0.547,2.148,0.254,0,0,,,,0,0,0,0,0,0,0,0,0,0,0,7,0,0,7000,7000,255,45,157,0,0,0,0,0,0,0,39321,0,0,0,0,0,0,26222,39321
4.175,0,0,65,87,56,14.7,-1.0,-0.068,1,0,0,0,4.5,318,0,0,0,0,0,0,0,1,0,1,0,0,0,0,0,0,0,0,0,107,91,1,0,0,0,0,0,0,0,0,0,0,0,0,0,0,1090,1400,-40,0.25,0,7.35,15.27,0,0,0,0,65,12.672,0,1,1.816,1.816,0.547,2.148,0.254,0,0,,,,0,0,0,0,0,0,0,0,0,0,0,7,0,0,7000,7000,255,45,157,0,0,0,0,0,0,0,39321,0,0,0,0,0,0,26222,39321
4.235,0,0,65,87,56,14.7,-1.0,-0.068,1,0,0,0,4.5,318,0,0,0,0,0,0,0,1,0,1,0,0,0,0,0,0,0,0,0,106.1,90,1,0,0,0,0,0,0,0,0,0,0,0,0,0,0,1090,1400,-40,0.25,0,7.35,15.27,0,0,0,0,65,12.672,0,1,1.797,1.797,0.547,2.148,0.254,0,0,,,,0,0,0,0,0,0,0,0,0,0,0,7,0,0,7000,7000,255,45,157,0,0,0,0,0,0,0,39321,0,0,0,0,0,0,26222,39321
4.295,0,0,65,87,56,14.7,-1.0,-0.068,1,0,0,0,4.5,318,0,0,0,0,0,0,0,1,0,1,0,0,0,0,0,0,0,0,0,106.1,90,1,0,0,0,0,0,0,0,0,0,0,0,0,0,0,1090,1400,-40,0.25,0,7.35,15.27,0,0,0,0,65,12.672,0,1,1.797,1.797,0.547,2.148,0.254,0,0,,,,0,0,0,0,0,0,0,0,0,0,0,7,0,0,7000,7000,255,45,157,0,0,0,0,0,0,0,39321,0,0,0,0,0,0,26222,39321
4.355,0,0,65,87,56,14.7,-1.0,-0.068,1,0,0,0,4.5,318,0,0,0,0,0,0,0,1,0,1,0,0,0,0,0,0,0,0,0,106.1,90,1,0,0,0,0,0,0,0,0,0,0,0,0,0,0,1090,1400,-40,0.25,0,7.35,15.33,0,0,0,0,65,12.672,0,1,1.797,1.797,0.547,2.148,0.254,0,0,,,,0,0,0,0,0,0,0,0,0,0,0,7,0,0,7000,7000,255,45,157,0,0,0,0,0,0,0,39321,0,0,0,0,0,0,26222,39321
4.415,0,0,65,87,56,14.7,-1.0,-0.068,1,0,0,0,4.5,318,0,0,0,0,0,0,0,1,0,1,0,0,0,0,0,0,0,0,0,106.1,90,1,0,0,0,0,0,0,0,0,0,0,0,0,0,0,1090,1400,-40,0.25,0,7.35,15.27,0,0,0,0,65,12.672,0,1,1.797,1.797,0.547,2.148,0.254,0,0,,,,0,0,0,0,0,0,0,0,0,0,0,7,0,0,7000,7000,255,45,157,0,0,0,0,0,0,0,39321,0,0,0,0,0,0,26222,39321
4.475,0,0,65,87,56,14.7,-1.0,-0.068,1,0,0,0,4.5,318,0,0,0,0,0,0,0,1,0,1,0,0,0,0,0,0,0,0,0,106.1,90,1,0,0,0,0,0,0,0,0,0,0,0,0,0,0,1090,1400,-40,0.25,0,7.35,15.33,0,0,0,0,65,12.672,0,1,1.797,1.797,0.547,2.148,0.254,0,0,,,,0,0,0,0,0,0,0,0,0,0,0,7,0,0,7000,7000,255,45,157,0,0,0,0,0,0,0,39321,0,0,0,0,0,0,26222,39321
4.535,0,0,65,87,56,14.7,-1.0,-0.068,1,0,0,0,4.5,318,0,0,0,0,0,0,0,1,0,1,0,0,0,0,0,0,0,0,0,106.1,90,1,0,0,0,0,0,0,0,0,0,0,0,0,0,0,1090,1400,-40,0.25,0,7.35,15.27,0,0,0,0,65,12.672,0,1,1.797,1.797,0.547,2.148,0.254,0,0,,,,0,0,0,0,0,0,0,0,0,0,0,7,0,0,7000,7000,255,45,157,0,0,0,0,0,0,0,39321,0,0,0,0,0,0,26222,39321
4.595,0,0,65,87,56,14.7,-1.0,-0.068,1,0,0,0,4.5,318,0,0,0,0,0,0,0,1,0,1,0,0,0,0,0,0,0,0,0,107,91,1,0,0,0,0,0,0,0,0,0,0,0,0,0,0,1090,1400,-40,0.25,0,7.35,15.27,0,0,0,0,65,12.672,0,1,1.816,1.816,0.547,2.148,0.254,0,0,,,,0,0,0,0,0,0,0,0,0,0,0,7,0,0,7000,7000,255,45,157,0,0,0,0,0,0,0,39321,0,0,0,0,0,0,26222,39321
4.655,0,0,65,87,56,14.7,-1.0,-0.068,1,0,0,0,4.5,318,0,0,0,0,0,0,0,1,0,1,0,0,0,0,0,0,0,0,0,106.1,90,1,0,0,0,0,0,0,0,0,0,0,0,0,0,0,1090,1400,-40,0.25,0,7.35,15.33,0,0,0,0,65,12.672,0,1,1.797,1.797,0.547,2.148,0.254,0,0,,,,0,0,0,0,0,0,0,0,0,0,0,7,0,0,7000,7000,255,45,157,0,0,0,0,0,0,0,39321,0,0,0,0,0,0,26222,39321
4.715,0,0,65,87,56,14.7,-1.0,-0.068,1,0,0,0,4.5,318,0,0,0,0,0,0,0,1,0,1,0,0,0,0,0,0,0,0,0,107,91,1,0,0,0,0,0,0,0,0,0,0,0,0,0,0,1090,1400,-40,0.25,0,7.35,15.33,0,0,0,0,65,12.672,0,1,1.816,1.816,0.547,2.148,0.254,0,0,,,,0,0,0,0,0,0,0,0,0,0,0,7,0,0,7000,7000,255,45,157,0,0,0,0,0,0,0,39321,0,0,0,0,0,0,26222,39321
4.775,0,0,65,87,56,14.7,-1.0,-0.068,1,0,0,0,4.5,318,0,0,0,0,0,0,0,1,0,1,0,0,0,0,0,0,0,0,0,106.1,90,1,0,0,0,0,0,0,0,0,0,0,0,0,0,0,1090,1400,-40,0.25,0,7.35,15.39,0,0,0,0,65,12.672,0,1,1.797,1.797,0.547,2.148,0.254,0,0,,,,0,0,0,0,0,0,0,0,0,0,0,7,0,0,7000,7000,255,45,157,0,0,0,0,0,0,0,39321,0,0,0,0,0,0,26222,39321
4.836,0,0,65,87,56,14.7,-1.0,-0.068,1,0,0,0,4.5,318,0,0,0,0,0,0,0,1,0,1,0,0,0,0,0,0,0,0,0,106.1,90,1,0,0,0,0,0,0,0,0,0,0,0,0,0,0,1090,1400,-40,0.25,0,7.35,15.39,0,0,0,0,65,12.672,0,1,1.797,1.797,0.547,2.148,0.254,0,0,,,,0,0,0,0,0,0,0,0,0,0,0,7,0,0,7000,7000,255,45,157,0,0,0,0,0,0,0,39321,0,0,0,0,0,0,26222,39321
4.896,0,0,65,87,56,14.7,-1.0,-0.068,1,0,0,0,4.5,318,0,0,0,0,0,0,0,1,0,1,0,0,0,0,0,0,0,0,0,106.1,90,1,0,0,0,0,0,0,0,0,0,0,0,0,0,0,1090,1400,-40,0.25,0,7.35,15.33,0,0,0,0,65,12.672,0,1,1.797,1.797,0.547,2.148,0.254,0,0,,,,0,0,0,0,0,0,0,0,0,0,0,7,0,0,7000,7000,255,45,157,0,0,0,0,0,0,0,39321,0,0,0,0,0,0,26222,39321
4.956,0,0,65,87,56,14.7,-1.0,-0.068,1,0,0,0,4.5,318,0,0,0,0,0,0,0,1,0,1,0,0,0,0,0,0,0,0,0,106.1,90,1,0,0,0,0,0,0,0,0,0,0,0,0,0,0,1090,1400,-40,0.25,0,7.35,15.27,0,0,0,0,65,12.672,0,1,1.797,1.797,0.547,2.148,0.254,0,0,,,,0,0,0,0,0,0,0,0,0,0,0,7,0,0,7000,7000,255,45,157,0,0,0,0,0,0,0,39321,0,0,0,0,0,0,26222,39321
5.016,0,0,65,87,56,14.7,-1.0,-0.068,1,0,0,0,4.5,318,0,0,0,0,0,0,0,1,0,1,0,0,0,0,0,0,0,0,0,106.1,90,1,0,0,0,0,0,0,0,0,0,0,0,0,0,0,1090,1400,-40,0.25,0,7.35,15.27,0,0,0,0,65,12.672,0,1,1.797,1.797,0.547,2.148,0.254,0,0,,,,0,0,0,0,0,0,0,0,0,0,0,7,0,0,7000,7000,255,45,157,0,0,0,0,0,0,0,39321,0,0,0,0,0,0,26222,39321
5.076,0,0,65,87,56,14.7,-1.0,-0.068,1,0,0,0,4.5,318,0,0,0,0,0,0,0,1,0,1,0,0,0,0,0,0,0,0,0,106.1,90,1,0,0,0,0,0,0,0,0,0,0,0,0,0,0,1090,1400,-40,0.25,0,7.35,15.27,0,0,0,0,65,12.672,0,1,1.797,1.797,0.547,2.148,0.254,0,0,,,,0,0,0,0,0,0,0,0,0,0,0,7,0,0,7000,7000,255,45,157,0,0,0,0,0,0,0,39321,0,0,0,0,0,0,26222,39321
5.136,0,0,65,87,56,14.7,-1.0,-0.068,1,0,0,0,4.5,318,0,0,0,0,0,0,0,1,0,1,0,0,0,0,0,0,0,0,0,106.1,90,1,0,0,0,0,0,0,0,0,0,0,0,0,0,0,1090,1400,-40,0.25,0,7.35,15.27,0,0,0,0,65,12.672,0,1,1.797,1.797,0.547,2.148,0.254,0,0,,,,0,0,0,0,0,0,0,0,0,0,0,7,0,0,7000,7000,255,45,157,0,0,0,0,0,0,0,39321,0,0,0,0,0,0,26222,39321
5.196,0,0,65,87,56,14.7,-1.0,-0.068,1,0,0,0,4.5,318,0,0,0,0,0,0,0,1,0,1,0,0,0,0,0,0,0,0,0,106.1,90,1,0,0,0,0,0,0,0,0,0,0,0,0,0,0,1090,1400,-40,0.25,0,7.35,15.27,0,0,0,0,65,12.672,0,1,1.797,1.797,0.547,2.148,0.254,0,0,,,,0,0,0,0,0,0,0,0,0,0,0,7,0,0,7000,7000,255,45,157,0,0,0,0,0,0,0,39321,0,0,0,0,0,0,26222,39321
5.256,0,0,65,87,56,14.7,-1.0,-0.068,1,0,0,0,4.5,318,0,0,0,0,0,0,0,1,0,1,0,0,0,0,0,0,0,0,0,106.1,90,1,0,0,0,0,0,0,0,0,0,0,0,0,0,0,1090,1400,-40,0.25,0,7.35,15.27,0,0,0,0,65,12.672,0,1,1.797,1.797,0.547,2.148,0.254,0,0,,,,0,0,0,0,0,0,0,0,0,0,0,7,0,0,7000,7000,255,45,157,0,0,0,0,0,0,0,39321,0,0,0,0,0,0,26222,39321
5.316,0,0,65,87,56,14.7,-1.0,-0.068,1,0,0,0,4.5,318,0,0,0,0,0,0,0,1,0,1,0,0,0,0,0,0,0,0,0,107,91,1,0,0,0,0,0,0,0,0,0,0,0,0,0,0,1090,1400,-40,0.25,0,7.35,15.27,0,0,0,0,65,12.672,0,1,1.816,1.816,0.547,2.148,0.254,0,0,,,,0,0,0,0,0,0,0,0,0,0,0,7,0,0,7000,7000,255,45,157,0,0,0,0,0,0,0,39321,0,0,0,0,0,0,26222,39321
5.376,0,0,65,87,56,14.7,-1.0,-0.068,1,0,0,0,4.5,318,0,0,0,0,0,0,0,1,0,1,0,0,0,0,0,0,0,0,0,106.1,90,1,0,0,0,0,0,0,0,0,0,0,0,0,0,0,1090,1400,-40,0.25,0,7.35,15.27,0,0,0,0,65,12.672,0,1,1.797,1.797,0.547,2.148,0.254,0,0,,,,0,0,0,0,0,0,0,0,0,0,0,7,0,0,7000,7000,255,45,157,0,0,0,0,0,0,0,39321,0,0,0,0,0,0,26222,39321
5.436,0,0,65,87,56,14.7,-1.0,-0.068,1,0,0,0,4.5,318,0,0,0,0,0,0,0,1,0,1,0,0,0,0,0,0,0,0,0,107,91,1,0,0,0,0,0,0,0,0,0,0,0,0,0,0,1090,1400,-40,0.25,0,7.35,15.27,0,0,0,0,65,12.672,0,1,1.816,1.816,0.547,2.148,0.254,0,0,,,,0,0,0,0,0,0,0,0,0,0,0,7,0,0,7000,7000,255,45,157,0,0,0,0,0,0,0,39321,0,0,0,0,0,0,26222,39321
5.496,0,0,65,87,56,14.7,-1.0,-0.068,1,0,0,0,4.5,318,0,0,0,0,0,0,0,1,0,1,0,0,0,0,0,0,0,0,0,107,91,1,0,0,0,0,0,0,0,0,0,0,0,0,0,0,1090,1400,-40,0.25,0,7.35,15.27,0,0,0,0,65,12.672,0,1,1.816,1.816,0.547,2.148,0.254,0,0,,,,0,0,0,0,0,0,0,0,0,0,0,7,0,0,7000,7000,255,45,157,0,0,0,0,0,0,0,39321,0,0,0,0,0,0,26222,39321
5.556,0,0,65,87,56,14.7,-1.0,-0.068,1,0,0,0,4.5,318,0,0,0,0,0,0,0,1,0,1,0,0,0,0,0,0,0,0,0,106.1,90,1,0,0,0,0,0,0,0,0,0,0,0,0,0,0,1090,1400,-40,0.25,0,7.35,15.33,0,0,0,0,65,12.672,0,1,1.797,1.797,0.547,2.148,0.254,0,0,,,,0,0,0,0,0,0,0,0,0,0,0,7,0,0,7000,7000,255,45,157,0,0,0,0,0,0,0,39321,0,0,0,0,0,0,26222,39321
5.616,0,0,65,87,56,14.7,-1.0,-0.068,1,0,0,0,4.5,318,0,0,0,0,0,0,0,1,0,1,0,0,0,0,0,0,0,0,0,106.1,90,1,0,0,0,0,0,0,0,0,0,0,0,0,0,0,1090,1400,-40,0.25,0,7.35,15.33,0,0,0,0,65,12.672,0,1,1.797,1.797,0.547,2.148,0.254,0,0,,,,0,0,0,0,0,0,0,0,0,0,0,7,0,0,7000,7000,255,45,157,0,0,0,0,0,0,0,39321,0,0,0,0,0,0,26222,39321
5.676,0,0,65,87,56,14.7,-1.0,-0.068,1,0,0,0,4.5,318,0,0,0,0,0,0,0,1,0,1,0,0,0,0,0,0,0,0,0,107,91,1,0,0,0,0,0,0,0,0,0,0,0,0,0,0,1090,1400,-40,0.25,0,7.35,15.33,0,0,0,0,65,12.672,0,1,1.816,1.816,0.547,2.148,0.254,0,0,,,,0,0,0,0,0,0,0,0,0,0,0,7,0,0,7000,7000,255,45,157,0,0,0,0,0,0,0,39321,0,0,0,0,0,0,26222,39321
5.736,0,0,65,87,56,14.7,-1.0,-0.068,1,0,0,0,4.5,318,0,0,0,0,0,0,0,1,0,1,0,0,0,0,0,0,0,0,0,106.1,90,1,0,0,0,0,0,0,0,0,0,0,0,0,0,0,1090,1400,-40,0.25,0,7.35,15.33,0,0,0,0,65,12.672,0,1,1.797,1.797,0.547,2.148,0.254,0,0,,,,0,0,0,0,0,0,0,0,0,0,0,7,0,0,7000,7000,255,45,157,0,0,0,0,0,0,0,39321,0,0,0,0,0,0,26222,39321
5.796,0,0,65,87,56,14.7,-1.0,-0.068,1,0,0,0,4.5,318,0,0,0,0,0,0,0,1,0,1,0,0,0,0,0,0,0,0,0,106.1,90,1,0,0,0,0,0,0,0,0,0,0,0,0,0,0,1090,1400,-40,0.25,0,7.35,15.33,0,0,0,0,65,12.672,0,1,1.797,1.797,0.547,2.148,0.254,0,0,,,,0,0,0,0,0,0,0,0,0,0,0,7,0,0,7000,7000,255,45,157,0,0,0,0,0,0,0,39321,0,0,0,0,0,0,26222,39321
5.856,0,0,65,87,56,14.7,-1.0,-0.068,1,0,0,0,4.5,318,0,0,0,0,0,0,0,1,0,1,0,0,0,0,0,0,0,0,0,106.1,90,1,0,0,0,0,0,0,0,0,0,0,0,0,0,0,1090,1400,-40,0.25,0,7.35,15.33,0,0,0,0,65,12.672,0,1,1.797,1.797,0.547,2.129,0.254,0,0,,,,0,0,0,0,0,0,0,0,0,0,0,7,0,0,7000,7000,255,45,157,0,0,0,0,0,0,0,39321,0,0,0,0,0,0,26222,39321
5.917,0,0,65,87,56,14.7,-1.0,-0.068,1,0,0,0,4.5,318,0,0,0,0,0,0,0,1,0,1,0,0,0,0,0,0,0,0,0,106.1,90,1,0,0,0,0,0,0,0,0,0,0,0,0,0,0,1090,1400,-40,0.25,0,7.35,15.39,0,0,0,0,65,12.672,0,1,1.797,1.797,0.547,2.129,0.254,0,0,,,,0,0,0,0,0,0,0,0,0,0,0,7,0,0,7000,7000,255,45,157,0,0,0,0,0,0,0,39321,0,0,0,0,0,0,26222,39321
5.977,0,0,65,87,56,14.7,-1.0,-0.068,1,0,0,0,4.5,318,0,0,0,0,0,0,0,1,0,1,0,0,0,0,0,0,0,0,0,106.1,90,1,0,0,0,0,0,0,0,0,0,0,0,0,0,0,1090,1400,-40,0.25,0,7.35,15.33,0,0,0,0,65,12.672,0,1,1.797,1.797,0.547,2.129,0.254,0,0,,,,0,0,0,0,0,0,0,0,0,0,0,7,0,0,7000,7000,255,45,157,0,0,0,0,0,0,0,39321,0,0,0,0,0,0,26222,39321
6.036,0,0,65,87,56,14.7,-1.0,-0.068,1,0,0,0,4.5,318,0,0,0,0,0,0,0,1,0,1,0,0,0,0,0,0,0,0,0,106.1,90,1,0,0,0,0,0,0,0,0,0,0,0,0,0,0,1090,1400,-40,0.25,0,7.35,15.33,0,0,0,0,65,12.672,0,1,1.797,1.797,0.547,2.129,0.254,0,0,,,,0,0,0,0,0,0,0,0,0,0,0,7,0,0,7000,7000,255,45,157,0,0,0,0,0,0,0,39321,0,0,0,0,0,0,26222,39321
6.096,0,0,65,87,56,14.7,-1.0,-0.068,1,0,0,0,4.5,318,0,0,0,0,0,0,0,1,0,1,0,0,0,0,0,0,0,0,0,107,91,1,0,0,0,0,0,0,0,0,0,0,0,0,0,0,1090,1400,-40,0.25,0,7.35,15.27,0,0,0,0,65,12.672,0,1,1.816,1.816,0.547,2.129,0.254,0,0,,,,0,0,0,0,0,0,0,0,0,0,0,7,0,0,7000,7000,255,45,157,0,0,0,0,0,0,0,39321,0,0,0,0,0,0,26222,39321
6.156,0,0,65,87,56,14.7,-1.0,-0.068,1,0,0,0,4.5,318,0,0,0,0,0,0,0,1,0,1,0,0,0,0,0,0,0,0,0,106.1,90,1,0,0,0,0,0,0,0,0,0,0,0,0,0,0,1090,1400,-40,0.25,0,7.35,15.27,0,0,0,0,65,12.672,0,1,1.797,1.797,0.547,2.129,0.254,0,0,,,,0,0,0,0,0,0,0,0,0,0,0,7,0,0,7000,7000,255,45,157,0,0,0,0,0,0,0,39321,0,0,0,0,0,0,26222,39321
6.217,0,0,65,87,56,14.7,-1.0,-0.068,1,0,0,0,4.5,318,0,0,0,0,0,0,0,1,0,1,0,0,0,0,0,0,0,0,0,106.1,90,1,0,0,0,0,0,0,0,0,0,0,0,0,0,0,1090,1400,-40,0.25,0,7.35,15.27,0,0,0,0,65,12.672,0,1,1.797,1.797,0.547,2.129,0.254,0,0,,,,0,0,0,0,0,0,0,0,0,0,0,7,0,0,7000,7000,255,45,157,0,0,0,0,0,0,0,39321,0,0,0,0,0,0,26222,39321
6.277,0,0,65,87,57,14.7,-1.0,-0.068,1,0,0,0,4.5,318,0,0,0,0,0,0,0,1,0,1,0,0,0,0,0,0,0,0,0,107,91,1,0,0,0,0,0,0,0,0,0,0,0,0,0,0,1090,1400,-40,0.25,0,7.35,15.27,0,0,0,0,65,12.672,0,1,1.816,1.816,0.547,2.129,0.254,0,0,,,,0,0,0,0,0,0,0,0,0,0,0,7,0,0,7000,7000,255,45,157,0,0,0,0,0,0,0,39321,0,0,0,0,0,0,26222,39321
6.336,0,0,65,87,57,14.7,-1.0,-0.068,1,0,0,0,4.5,318,0,0,0,0,0,0,0,1,0,1,0,0,0,0,0,0,0,0,0,107,91,1,0,0,0,0,0,0,0,0,0,0,0,0,0,0,1090,1400,-40,0.25,0,7.35,15.33,0,0,0,0,65,12.672,0,1,1.816,1.816,0.547,2.129,0.254,0,0,,,,0,0,0,0,0,0,0,0,0,0,0,7,0,0,7000,7000,255,45,157,0,0,0,0,0,0,0,39321,0,0,0,0,0,0,26222,39321
6.396,0,0,65,87,57,14.7,-1.0,-0.068,1,0,0,0,4.5,318,0,0,0,0,0,0,0,1,0,1,0,0,0,0,0,0,0,0,0,106.1,90,1,0,0,0,0,0,0,0,0,0,0,0,0,0,0,1090,1400,-40,0.25,0,7.35,15.27,0,0,0,0,65,12.672,0,1,1.797,1.797,0.547,2.129,0.254,0,0,,,,0,0,0,0,0,0,0,0,0,0,0,7,0,0,7000,7000,255,45,157,0,0,0,0,0,0,0,39321,0,0,0,0,0,0,26222,39321
6.456,0,0,65,87,57,14.7,-1.0,-0.068,1,0,0,0,4.5,318,0,0,0,0,0,0,0,1,0,1,0,0,0,0,0,0,0,0,0,106.1,90,1,0,0,0,0,0,0,0,0,0,0,0,0,0,0,1090,1400,-40,0.25,0,7.35,15.27,0,0,0,0,65,12.672,0,1,1.797,1.797,0.547,2.129,0.254,0,0,,,,0,0,0,0,0,0,0,0,0,0,0,7,0,0,7000,7000,255,45,157,0,0,0,0,0,0,0,39321,0,0,0,0,0,0,26222,39321
6.516,0,0,65,87,57,14.7,-1.0,-0.068,1,0,0,0,4.5,318,0,0,0,0,0,0,0,1,0,1,0,0,0,0,0,0,0,0,0,107,91,1,0,0,0,0,0,0,0,0,0,0,0,0,0,0,1090,1400,-40,0.25,0,7.35,15.27,0,0,0,0,65,12.672,0,1,1.816,1.816,0.547,2.129,0.254,0,0,,,,0,0,0,0,0,0,0,0,0,0,0,7,0,0,7000,7000,255,45,157,0,0,0,0,0,0,0,39321,0,0,0,0,0,0,26222,39321
6.576,0,0,65,87,57,14.7,-1.0,-0.068,1,0,0,0,4.5,318,0,0,0,0,0,0,0,1,0,1,0,0,0,0,0,0,0,0,0,106.1,90,1,0,0,0,0,0,0,0,0,0,0,0,0,0,0,1090,1400,-40,0.25,0,7.35,15.27,0,0,0,0,65,12.672,0,1,1.797,1.797,0.547,2.129,0.254,0,0,,,,0,0,0,0,0,0,0,0,0,0,0,7,0,0,7000,7000,255,45,157,0,0,0,0,0,0,0,39321,0,0,0,0,0,0,26222,39321
6.636,0,0,65,87,57,14.7,-1.0,-0.068,1,0,0,0,4.5,318,0,0,0,0,0,0,0,1,0,1,0,0,0,0,0,0,0,0,0,106.1,90,1,0,0,0,0,0,0,0,0,0,0,0,0,0,0,1090,1400,-40,0.25,0,7.35,15.27,0,0,0,0,65,12.672,0,1,1.797,1.797,0.547,2.129,0.254,0,0,,,,0,0,0,0,0,0,0,0,0,0,0,7,0,0,7000,7000,255,45,157,0,0,0,0,0,0,0,39321,0,0,0,0,0,0,26222,39321
6.696,0,0,65,87,57,14.7,-1.0,-0.068,1,0,0,0,4.5,318,0,0,0,0,0,0,0,1,0,1,0,0,0,0,0,0,0,0,0,106.1,90,1,0,0,0,0,0,0,0,0,0,0,0,0,0,0,1090,1400,-40,0.25,0,7.35,15.33,0,0,0,0,65,12.672,0,1,1.797,1.797,0.547,2.129,0.254,0,0,,,,0,0,0,0,0,0,0,0,0,0,0,7,0,0,7000,7000,255,45,157,0,0,0,0,0,0,0,39321,0,0,0,0,0,0,26222,39321
6.756,0,0,65,87,57,14.7,-1.0,-0.068,1,0,0,0,4.5,318,0,0,0,0,0,0,0,1,0,1,0,0,0,0,0,0,0,0,0,106.1,90,1,0,0,0,0,0,0,0,0,0,0,0,0,0,0,1090,1400,-40,0.25,0,7.35,15.27,0,0,0,0,65,12.672,0,1,1.797,1.797,0.547,2.129,0.254,0,0,,,,0,0,0,0,0,0,0,0,0,0,0,7,0,0,7000,7000,255,45,157,0,0,0,0,0,0,0,39321,0,0,0,0,0,0,26222,39321
6.816,0,0,65,87,57,14.7,-1.0,-0.068,1,0,0,0,4.5,318,0,0,0,0,0,0,0,1,0,1,0,0,0,0,0,0,0,0,0,106.1,90,1,0,0,0,0,0,0,0,0,0,0,0,0,0,0,1090,1400,-40,0.25,0,7.35,15.27,0,0,0,0,65,12.672,0,1,1.797,1.797,0.547,2.129,0.254,0,0,,,,0,0,0,0,0,0,0,0,0,0,0,7,0,0,7000,7000,255,45,157,0,0,0,0,0,0,0,39321,0,0,0,0,0,0,26222,39321
6.876,0,0,65,87,57,14.7,-1.0,-0.068,1,0,0,0,4.5,318,0,0,0,0,0,0,0,1,0,1,0,0,0,0,0,0,0,0,0,106.1,90,1,0,0,0,0,0,0,0,0,0,0,0,0,0,0,1090,1400,-40,0.25,0,7.35,15.33,0,0,0,0,65,12.672,0,1,1.797,1.797,0.547,2.129,0.254,0,0,,,,0,0,0,0,0,0,0,0,0,0,0,7,0,0,7000,7000,255,45,157,0,0,0,0,0,0,0,39321,0,0,0,0,0,0,26222,39321
6.936,0,0,65,87,57,14.7,-1.0,-0.068,1,0,0,0,4.5,318,0,0,0,0,0,0,0,1,0,1,0,0,0,0,0,0,0,0,0,106.1,90,1,0,0,0,0,0,0,0,0,0,0,0,0,0,0,1090,1400,-40,0.25,0,7.35,15.33,0,0,0,0,65,12.672,0,1,1.797,1.797,0.547,2.129,0.254,0,0,,,,0,0,0,0,0,0,0,0,0,0,0,7,0,0,7000,7000,255,45,157,0,0,0,0,0,0,0,39321,0,0,0,0,0,0,26222,39321
6.996,0,0,65,87,57,14.7,-1.0,-0.068,1,0,0,0,4.5,318,0,0,0,0,0,0,0,1,0,1,0,0,0,0,0,0,0,0,0,106.1,90,1,0,0,0,0,0,0,0,0,0,0,0,0,0,0,1090,1400,-40,0.25,0,7.35,15.39,0,0,0,0,65,12.672,0,1,1.797,1.797,0.547,2.129,0.254,0,0,,,,0,0,0,0,0,0,0,0,0,0,0,7,0,0,7000,7000,255,45,157,0,0,0,0,0,0,0,39321,0,0,0,0,0,0,26222,39321
7.056,0,0,65,87,57,14.7,-1.0,-0.068,1,0,0,0,4.5,318,0,0,0,0,0,0,0,1,0,1,0,0,0,0,0,0,0,0,0,107,91,1,0,0,0,0,0,0,0,0,0,0,0,0,0,0,1090,1400,-40,0.25,0,7.35,15.39,0,0,0,0,65,12.672,0,1,1.816,1.816,0.547,2.129,0.254,0,0,,,,0,0,0,0,0,0,0,0,0,0,0,7,0,0,7000,7000,255,45,157,0,0,0,0,0,0,0,39321,0,0,0,0,0,0,26222,39321
7.116,0,0,65,87,57,14.7,-1.0,-0.068,1,0,0,0,4.5,318,0,0,0,0,0,0,0,1,0,1,0,0,0,0,0,0,0,0,0,106.1,90,1,0,0,0,0,0,0,0,0,0,0,0,0,0,0,1090,1400,-40,0.25,0,7.35,15.33,0,0,0,0,65,12.672,0,1,1.797,1.797,0.547,2.129,0.254,0,0,,,,0,0,0,0,0,0,0,0,0,0,0,7,0,0,7000,7000,255,45,157,0,0,0,0,0,0,0,39321,0,0,0,0,0,0,26222,39321
7.176,0,0,65,87,57,14.7,-1.0,-0.068,1,0,0,0,4.5,318,0,0,0,0,0,0,0,1,0,1,0,0,0,0,0,0,0,0,0,106.1,90,1,0,0,0,0,0,0,0,0,0,0,0,0,0,0,1090,1400,-40,0.25,0,7.35,15.27,0,0,0,0,65,12.672,0,1,1.797,1.797,0.547,2.129,0.254,0,0,,,,0,0,0,0,0,0,0,0,0,0,0,7,0,0,7000,7000,255,45,157,0,0,0,0,0,0,0,39321,0,0,0,0,0,0,26222,39321
7.236,0,0,65,87,57,14.7,-1.0,-0.068,1,0,0,0,4.5,318,0,0,0,0,0,0,0,1,0,1,0,0,0,0,0,0,0,0,0,107,91,1,0,0,0,0,0,0,0,0,0,0,0,0,0,0,1090,1400,-40,0.25,0,7.35,15.27,0,0,0,0,65,12.672,0,1,1.816,1.816,0.547,2.129,0.254,0,0,,,,0,0,0,0,0,0,0,0,0,0,0,7,0,0,7000,7000,255,45,157,0,0,0,0,0,0,0,39321,0,0,0,0,0,0,26222,39321
7.296,0,0,65,87,57,14.7,-1.0,-0.068,1,0,0,0,4.5,318,0,0,0,0,0,0,0,1,0,1,0,0,0,0,0,0,0,0,0,106.1,90,1,0,0,0,0,0,0,0,0,0,0,0,0,0,0,1090,1400,-40,0.25,0,7.35,15.27,0,0,0,0,65,12.672,0,1,1.797,1.797,0.547,2.129,0.254,0,0,,,,0,0,0,0,0,0,0,0,0,0,0,7,0,0,7000,7000,255,45,157,0,0,0,0,0,0,0,39321,0,0,0,0,0,0,26222,39321
7.356,0,0,65,87,57,14.7,-1.0,-0.068,1,0,0,0,4.5,318,0,0,0,0,0,0,0,1,0,1,0,0,0,0,0,0,0,0,0,107,91,1,0,0,0,0,0,0,0,0,0,0,0,0,0,0,1090,1400,-40,0.25,0,7.35,15.27,0,0,0,0,65,12.672,0,1,1.816,1.816,0.547,2.129,0.254,0,0,,,,0,0,0,0,0,0,0,0,0,0,0,7,0,0,7000,7000,255,45,157,0,0,0,0,0,0,0,39321,0,0,0,0,0,0,26222,39321
7.416,0,0,65,87,57,14.7,-1.0,-0.068,1,0,0,0,4.5,318,0,0,0,0,0,0,0,1,0,1,0,0,0,0,0,0,0,0,0,106.1,90,1,0,0,0,0,0,0,0,0,0,0,0,0,0,0,1090,1400,-40,0.25,0,7.35,15.27,0,0,0,0,65,12.672,0,1,1.797,1.797,0.547,2.129,0.254,0,0,,,,0,0,0,0,0,0,0,0,0,0,0,7,0,0,7000,7000,255,45,157,0,0,0,0,0,0,0,39321,0,0,0,0,0,0,26222,39321
7.476,0,0,65,87,57,14.7,-1.0,-0.068,1,0,0,0,4.5,318,0,0,0,0,0,0,0,1,0,1,0,0,0,0,0,0,0,0,0,106.1,90,1,0,0,0,0,0,0,0,0,0,0,0,0,0,0,1090,1400,-40,0.25,0,7.35,15.27,0,0,0,0,65,12.672,0,1,1.797,1.797,0.547,2.129,0.254,0,0,,,,0,0,0,0,0,0,0,0,0,0,0,7,0,0,7000,7000,255,45,157,0,0,0,0,0,0,0,39321,0,0,0,0,0,0,26222,39321
7.536,0,0,65,87,57,14.7,-1.0,-0.068,1,0,0,0,4.5,318,0,0,0,0,0,0,0,1,0,1,0,0,0,0,0,0,0,0,0,106.1,90,1,0,0,0,0,0,0,0,0,0,0,0,0,0,0,1090,1400,-40,0.25,0,7.35,15.27,0,0,0,0,65,12.672,0,1,1.797,1.797,0.547,2.129,0.254,0,0,,,,0,0,0,0,0,0,0,0,0,0,0,7,0,0,7000,7000,255,45,157,0,0,0,0,0,0,0,39321,0,0,0,0,0,0,26222,39321
7.596,0,0,65,87,57,14.7,-1.0,-0.068,1,0,0,0,4.5,318,0,0,0,0,0,0,0,1,0,1,0,0,0,0,0,0,0,0,0,106.1,90,1,0,0,0,0,0,0,0,0,0,0,0,0,0,0,1090,1400,-40,0.25,0,7.35,15.27,0,0,0,0,65,12.672,0,1,1.797,1.797,0.547,2.129,0.254,0,0,,,,0,0,0,0,0,0,0,0,0,0,0,7,0,0,7000,7000,255,45,157,0,0,0,0,0,0,0,39321,0,0,0,0,0,0,26222,39321
7.656,0,0,65,87,57,14.7,-1.0,-0.068,1,0,0,0,4.5,318,0,0,0,0,0,0,0,1,0,1,0,0,0,0,0,0,0,0,0,106.1,90,1,0,0,0,0,0,0,0,0,0,0,0,0,0,0,1090,1400,-40,0.25,0,7.35,15.27,0,0,0,0,65,12.672,0,1,1.797,1.797,0.547,2.129,0.254,0,0,,,,0,0,0,0,0,0,0,0,0,0,0,7,0,0,7000,7000,255,45,157,0,0,0,0,0,0,0,39321,0,0,0,0,0,0,26222,39321
7.716,0,0,65,87,57,14.7,-1.0,-0.068,1,0,0,0,4.5,318,0,0,0,0,0,0,0,1,0,1,0,0,0,0,0,0,0,0,0,106.1,90,1,0,0,0,0,0,0,0,0,0,0,0,0,0,0,1090,1400,-40,0.25,0,7.35,15.27,0,0,0,0,65,12.672,0,1,1.797,1.797,0.547,2.129,0.254,0,0,,,,0,0,0,0,0,0,0,0,0,0,0,7,0,0,7000,7000,255,45,157,0,0,0,0,0,0,0,39321,0,0,0,0,0,0,26222,39321
7.776,0,0,65,87,57,14.7,-1.0,-0.068,1,0,0,0,4.5,318,0,0,0,0,0,0,0,1,0,1,0,0,0,0,0,0,0,0,0,107,91,1,0,0,0,0,0,0,0,0,0,0,0,0,0,0,1090,1400,-40,0.25,0,7.35,15.27,0,0,0,0,65,12.672,0,1,1.816,1.816,0.547,2.129,0.254,0,0,,,,0,0,0,0,0,0,0,0,0,0,0,7,0,0,7000,7000,255,45,157,0,0,0,0,0,0,0,39321,0,0,0,0,0,0,26222,39321
7.836,0,0,65,87,57,14.7,-1.0,-0.068,1,0,0,0,4.5,318,0,0,0,0,0,0,0,1,0,1,0,0,0,0,0,0,0,0,0,106.1,90,1,0,0,0,0,0,0,0,0,0,0,0,0,0,0,1090,1400,-40,0.25,0,7.35,15.27,0,0,0,0,65,12.672,0,1,1.797,1.797,0.547,2.129,0.254,0,0,,,,0,0,0,0,0,0,0,0,0,0,0,7,0,0,7000,7000,255,45,157,0,0,0,0,0,0,0,39321,0,0,0,0,0,0,26222,39321
7.896,0,0,65,87,57,14.7,-1.0,-0.068,1,0,0,0,4.5,318,0,0,0,0,0,0,0,1,0,1,0,0,0,0,0,0,0,0,0,106.1,90,1,0,0,0,0,0,0,0,0,0,0,0,0,0,0,1090,1400,-40,0.25,0,7.35,15.27,0,0,0,0,65,12.672,0,1,1.797,1.797,0.547,2.129,0.254,0,0,,,,0,0,0,0,0,0,0,0,0,0,0,7,0,0,7000,7000,255,45,157,0,0,0,0,0,0,0,39321,0,0,0,0,0,0,26222,39321
7.956,0,0,65,87,57,14.7,-1.0,-0.068,1,0,0,0,4.5,318,0,0,0,0,0,0,0,1,0,1,0,0,0,0,0,0,0,0,0,106.1,90,1,0,0,0,0,0,0,0,0,0,0,0,0,0,0,1090,1400,-40,0.25,0,7.35,15.45,0,0,0,0,65,12.672,0,1,1.797,1.797,0.547,2.129,0.254,0,0,,,,0,0,0,0,0,0,0,0,0,0,0,7,0,0,7000,7000,255,45,157,0,0,0,0,0,0,0,39321,0,0,0,0,0,0,26222,39321
8.016,0,0,65,87,57,14.7,-1.0,-0.068,1,0,0,0,4.5,318,0,0,0,0,0,0,0,1,0,1,0,0,0,0,0,0,0,0,0,106.1,90,1,0,0,0,0,0,0,0,0,0,0,0,0,0,0,1090,1400,-40,0.25,0,7.35,15.45,0,0,0,0,65,12.672,0,1,1.797,1.797,0.547,2.129,0.254,0,0,,,,0,0,0,0,0,0,0,0,0,0,0,7,0,0,7000,7000,255,45,157,0,0,0,0,0,0,0,39321,0,0,0,0,0,0,26222,39321
8.076,0,0,65,87,57,14.7,-1.0,-0.068,1,0,0,0,4.5,318,0,0,0,0,0,0,0,1,0,1,0,0,0,0,0,0,0,0,0,106.1,90,1,0,0,0,0,0,0,0,0,0,0,0,0,0,0,1090,1400,-40,0.25,0,7.35,15.45,0,0,0,0,65,12.672,0,1,1.797,1.797,0.547,2.129,0.254,0,0,,,,0,0,0,0,0,0,0,0,0,0,0,7,0,0,7000,7000,255,45,157,0,0,0,0,0,0,0,39321,0,0,0,0,0,0,26222,39321
8.136,0,0,65,87,57,14.7,-1.0,-0.068,1,0,0,0,4.5,318,0,0,0,0,0,0,0,1,0,1,0,0,0,0,0,0,0,0,0,107,91,1,0,0,0,0,0,0,0,0,0,0,0,0,0,0,1090,1400,-40,0.25,0,7.35,15.39,0,0,0,0,65,12.672,0,1,1.816,1.816,0.547,2.129,0.254,0,0,,,,0,0,0,0,0,0,0,0,0,0,0,7,0,0,7000,7000,255,45,157,0,0,0,0,0,0,0,39321,0,0,0,0,0,0,26222,39321
8.195,0,0,65,87,57,14.7,-1.0,-0.068,1,0,0,0,4.5,318,0,0,0,0,0,0,0,1,0,1,0,0,0,0,0,0,0,0,0,107,91,1,0,0,0,0,0,0,0,0,0,0,0,0,0,0,1090,1400,-40,0.25,0,7.35,15.39,0,0,0,0,65,12.672,0,1,1.816,1.816,0.547,2.129,0.254,0,0,,,,0,0,0,0,0,0,0,0,0,0,0,7,0,0,7000,7000,255,45,157,0,0,0,0,0,0,0,39321,0,0,0,0,0,0,26222,39321
8.255,0,0,65,87,57,14.7,-1.0,-0.068,1,0,0,0,4.5,318,0,0,0,0,0,0,0,1,0,1,0,0,0,0,0,0,0,0,0,106.1,90,1,0,0,0,0,0,0,0,0,0,0,0,0,0,0,1090,1400,-40,0.25,0,7.35,15.33,0,0,0,0,65,12.672,0,1,1.797,1.797,0.547,2.129,0.254,0,0,,,,0,0,0,0,0,0,0,0,0,0,0,7,0,0,7000,7000,255,45,157,0,0,0,0,0,0,0,39321,0,0,0,0,0,0,26222,39321
8.316,0,0,65,87,57,14.7,-1.0,-0.068,1,0,0,0,4.5,318,0,0,0,0,0,0,0,1,0,1,0,0,0,0,0,0,0,0,0,106.1,90,1,0,0,0,0,0,0,0,0,0,0,0,0,0,0,1090,1400,-40,0.25,0,7.35,15.33,0,0,0,0,65,12.672,0,1,1.797,1.797,0.547,2.129,0.254,0,0,,,,0,0,0,0,0,0,0,0,0,0,0,7,0,0,7000,7000,255,45,157,0,0,0,0,0,0,0,39321,0,0,0,0,0,0,26222,39321
8.376,0,0,65,87,57,14.7,-1.0,-0.068,1,0,0,0,4.5,318,0,0,0,0,0,0,0,1,0,1,0,0,0,0,0,0,0,0,0,106.1,90,1,0,0,0,0,0,0,0,0,0,0,0,0,0,0,1090,1400,-40,0.25,0,7.35,15.33,0,0,0,0,65,12.672,0,1,1.797,1.797,0.547,2.129,0.254,0,0,,,,0,0,0,0,0,0,0,0,0,0,0,7,0,0,7000,7000,255,45,157,0,0,0,0,0,0,0,39321,0,0,0,0,0,0,26222,39321
8.436,0,0,65,87,57,14.7,-1.0,-0.068,1,0,0,0,4.5,318,0,0,0,0,0,0,0,1,0,1,0,0,0,0,0,0,0,0,0,106.1,90,1,0,0,0,0,0,0,0,0,0,0,0,0,0,0,1090,1400,-40,0.25,0,7.35,15.39,0,0,0,0,65,12.672,0,1,1.797,1.797,0.547,2.129,0.254,0,0,,,,0,0,0,0,0,0,0,0,0,0,0,7,0,0,7000,7000,255,45,157,0,0,0,0,0,0,0,39321,0,0,0,0,0,0,26222,39321
8.496,0,0,65,87,57,14.7,-1.0,-0.068,1,0,0,0,4.5,318,0,0,0,0,0,0,0,1,0,1,0,0,0,0,0,0,0,0,0,106.1,90,1,0,0,0,0,0,0,0,0,0,0,0,0,0,0,1090,1400,-40,0.25,0,7.35,15.45,0,0,0,0,65,12.672,0,1,1.797,1.797,0.547,2.129,0.254,0,0,,,,0,0,0,0,0,0,0,0,0,0,0,7,0,0,7000,7000,255,45,157,0,0,0,0,0,0,0,39321,0,0,0,0,0,0,26222,39321
8.556,0,0,65,87,57,14.7,-1.0,-0.068,1,0,0,0,4.5,318,0,0,0,0,0,0,0,1,0,1,0,0,0,0,0,0,0,0,0,107,91,1,0,0,0,0,0,0,0,0,0,0,0,0,0,0,1090,1400,-40,0.25,0,7.35,15.45,0,0,0,0,65,12.672,0,1,1.816,1.816,0.547,2.129,0.254,0,0,,,,0,0,0,0,0,0,0,0,0,0,0,7,0,0,7000,7000,255,45,157,0,0,0,0,0,0,0,39321,0,0,0,0,0,0,26222,39321
8.616,0,0,65,87,57,14.7,-1.0,-0.068,1,0,0,0,4.5,318,0,0,0,0,0,0,0,1,0,1,0,0,0,0,0,0,0,0,0,107,91,1,0,0,0,0,0,0,0,0,0,0,0,0,0,0,1090,1400,-40,0.25,0,7.35,15.45,0,0,0,0,65,12.672,0,1,1.816,1.816,0.547,2.129,0.254,0,0,,,,0,0,0,0,0,0,0,0,0,0,0,7,0,0,7000,7000,255,45,157,0,0,0,0,0,0,0,39321,0,0,0,0,0,0,26222,39321
8.676,0,0,65,87,57,14.7,-1.0,-0.068,1,0,0,0,4.5,318,0,0,0,0,0,0,0,1,0,1,0,0,0,0,0,0,0,0,0,106.1,90,1,0,0,0,0,0,0,0,0,0,0,0,0,0,0,1090,1400,-40,0.25,0,7.35,15.5,0,0,0,0,65,12.672,0,1,1.797,1.797,0.547,2.129,0.254,0,0,,,,0,0,0,0,0,0,0,0,0,0,0,7,0,0,7000,7000,255,45,157,0,0,0,0,0,0,0,39321,0,0,0,0,0,0,26222,39321
8.736,0,0,65,87,57,14.7,-1.0,-0.068,1,0,0,0,4.5,318,0,0,0,0,0,0,0,1,0,1,0,0,0,0,0,0,0,0,0,106.1,90,1,0,0,0,0,0,0,0,0,0,0,0,0,0,0,1090,1400,-40,0.25,0,7.35,15.5,0,0,0,0,65,12.672,0,1,1.797,1.797,0.547,2.109,0.254,0,0,,,,0,0,0,0,0,0,0,0,0,0,0,7,0,0,7000,7000,255,45,157,0,0,0,0,0,0,0,39321,0,0,0,0,0,0,26222,39321
8.796,0,0,65,87,57,14.7,-1.0,-0.068,1,0,0,0,4.5,318,0,0,0,0,0,0,0,1,0,1,0,0,0,0,0,0,0,0,0,107,91,1,0,0,0,0,0,0,0,0,0,0,0,0,0,0,1090,1400,-40,0.25,0,7.35,15.5,0,0,0,0,65,12.672,0,1,1.816,1.816,0.547,2.109,0.254,0,0,,,,0,0,0,0,0,0,0,0,0,0,0,7,0,0,7000,7000,255,45,157,0,0,0,0,0,0,0,39321,0,0,0,0,0,0,26222,39321
8.856,0,0,65,87,57,14.7,-1.0,-0.068,1,0,0,0,4.5,318,0,0,0,0,0,0,0,1,0,1,0,0,0,0,0,0,0,0,0,107,91,1,0,0,0,0,0,0,0,0,0,0,0,0,0,0,1090,1400,-40,0.25,0,7.35,15.5,0,0,0,0,65,12.672,0,1,1.816,1.816,0.547,2.109,0.254,0,0,,,,0,0,0,0,0,0,0,0,0,0,0,7,0,0,7000,7000,255,45,157,0,0,0,0,0,0,0,39321,0,0,0,0,0,0,26222,39321
8.916,0,0,65,87,57,14.7,-1.0,-0.068,1,0,0,0,4.5,318,0,0,0,0,0,0,0,1,0,1,0,0,0,0,0,0,0,0,0,106.1,90,1,0,0,0,0,0,0,0,0,0,0,0,0,0,0,1090,1400,-40,0.25,0,7.35,15.5,0,0,0,0,65,12.672,0,1,1.797,1.797,0.547,2.109,0.254,0,0,,,,0,0,0,0,0,0,0,0,0,0,0,7,0,0,7000,7000,255,45,157,0,0,0,0,0,0,0,39321,0,0,0,0,0,0,26222,39321
8.976,0,0,65,87,57,14.7,-1.0,-0.068,1,0,0,0,4.5,318,0,0,0,0,0,0,0,1,0,1,0,0,0,0,0,0,0,0,0,106.1,90,1,0,0,0,0,0,0,0,0,0,0,0,0,0,0,1090,1400,-40,0.25,0,7.35,15.5,0,0,0,0,65,12.672,0,1,1.797,1.797,0.547,2.109,0.254,0,0,,,,0,0,0,0,0,0,0,0,0,0,0,7,0,0,7000,7000,255,45,157,0,0,0,0,0,0,0,39321,0,0,0,0,0,0,26222,39321
9.036,0,0,65,87,57,14.7,-1.0,-0.068,1,0,0,0,4.5,318,0,0,0,0,0,0,0,1,0,1,0,0,0,0,0,0,0,0,0,107,91,1,0,0,0,0,0,0,0,0,0,0,0,0,0,0,1090,1400,-40,0.25,0,7.35,15.5,0,0,0,0,65,12.672,0,1,1.816,1.816,0.547,2.109,0.254,0,0,,,,0,0,0,0,0,0,0,0,0,0,0,7,0,0,7000,7000,255,45,157,0,0,0,0,0,0,0,39321,0,0,0,0,0,0,26222,39321
9.096,0,0,65,87,57,14.7,-1.0,-0.068,1,0,0,0,4.5,318,0,0,0,0,0,0,0,1,0,1,0,0,0,0,0,0,0,0,0,107,91,1,0,0,0,0,0,0,0,0,0,0,0,0,0,0,1090,1400,-40,0.25,0,7.35,15.45,0,0,0,0,65,12.672,0,1,1.816,1.816,0.547,2.109,0.254,0,0,,,,0,0,0,0,0,0,0,0,0,0,0,7,0,0,7000,7000,255,45,157,0,0,0,0,0,0,0,39321,0,0,0,0,0,0,26222,39321
9.156,0,0,65,87,57,14.7,-1.0,-0.068,1,0,0,0,4.5,318,0,0,0,0,0,0,0,1,0,1,0,0,0,0,0,0,0,0,0,107,91,1,0,0,0,0,0,0,0,0,0,0,0,0,0,0,1090,1400,-40,0.25,0,7.35,15.45,0,0,0,0,65,12.672,0,1,1.816,1.816,0.547,2.109,0.254,0,0,,,,0,0,0,0,0,0,0,0,0,0,0,7,0,0,7000,7000,255,45,157,0,0,0,0,0,0,0,39321,0,0,0,0,0,0,26222,39321
9.216,0,0,65,87,57,14.7,-1.0,-0.068,1,0,0,0,4.5,318,0,0,0,0,0,0,0,1,0,1,0,0,0,0,0,0,0,0,0,106.1,90,1,0,0,0,0,0,0,0,0,0,0,0,0,0,0,1090,1400,-40,0.25,0,7.35,15.45,0,0,0,0,65,12.672,0,1,1.797,1.797,0.547,2.109,0.254,0,0,,,,0,0,0,0,0,0,0,0,0,0,0,7,0,0,7000,7000,255,45,157,0,0,0,0,0,0,0,39321,0,0,0,0,0,0,26222,39321
9.276,0,0,65,87,57,14.7,-1.0,-0.068,1,0,0,0,4.5,318,0,0,0,0,0,0,0,1,0,1,0,0,0,0,0,0,0,0,0,106.1,90,1,0,0,0,0,0,0,0,0,0,0,0,0,0,0,1090,1400,-40,0.25,0,7.35,15.45,0,0,0,0,65,12.672,0,1,1.797,1.797,0.547,2.109,0.254,0,0,,,,0,0,0,0,0,0,0,0,0,0,0,7,0,0,7000,7000,255,45,157,0,0,0,0,0,0,0,39321,0,0,0,0,0,0,26222,39321
9.336,0,0,65,87,57,14.7,-1.0,-0.068,1,0,0,0,4.5,318,0,0,0,0,0,0,0,1,0,1,0,0,0,0,0,0,0,0,0,106.1,90,1,0,0,0,0,0,0,0,0,0,0,0,0,0,0,1090,1400,-40,0.25,0,7.35,15.39,0,0,0,0,65,12.672,0,1,1.797,1.797,0.547,2.109,0.254,0,0,,,,0,0,0,0,0,0,0,0,0,0,0,7,0,0,7000,7000,255,45,157,0,0,0,0,0,0,0,39321,0,0,0,0,0,0,26222,39321
9.395,0,0,65,87,57,14.7,-1.0,-0.068,1,0,0,0,4.5,318,0,0,0,0,0,0,0,1,0,1,0,0,0,0,0,0,0,0,0,107,91,1,0,0,0,0,0,0,0,0,0,0,0,0,0,0,1090,1400,-40,0.25,0,7.35,15.33,0,0,0,0,65,12.672,0,1,1.816,1.816,0.547,2.109,0.254,0,0,,,,0,0,0,0,0,0,0,0,0,0,0,7,0,0,7000,7000,255,45,157,0,0,0,0,0,0,0,39321,0,0,0,0,0,0,26222,39321
9.455,0,0,65,87,57,14.7,-1.0,-0.068,1,0,0,0,4.5,318,0,0,0,0,0,0,0,1,0,1,0,0,0,0,0,0,0,0,0,106.1,90,1,0,0,0,0,0,0,0,0,0,0,0,0,0,0,1090,1400,-40,0.25,0,7.35,15.39,0,0,0,0,65,12.672,0,1,1.797,1.797,0.547,2.109,0.254,0,0,,,,0,0,0,0,0,0,0,0,0,0,0,7,0,0,7000,7000,255,45,157,0,0,0,0,0,0,0,39321,0,0,0,0,0,0,26222,39321
9.515,0,0,65,87,57,14.7,-1.0,-0.068,1,0,0,0,4.5,318,0,0,0,0,0,0,0,1,0,1,0,0,0,0,0,0,0,0,0,106.1,90,1,0,0,0,0,0,0,0,0,0,0,0,0,0,0,1090,1400,-40,0.25,0,7.35,15.39,0,0,0,0,65,12.672,0,1,1.797,1.797,0.547,2.109,0.254,0,0,,,,0,0,0,0,0,0,0,0,0,0,0,7,0,0,7000,7000,255,45,157,0,0,0,0,0,0,0,39321,0,0,0,0,0,0,26222,39321
9.575,0,0,65,87,57,14.7,-1.0,-0.068,1,0,0,0,4.5,318,0,0,0,0,0,0,0,1,0,1,0,0,0,0,0,0,0,0,0,106.1,90,1,0,0,0,0,0,0,0,0,0,0,0,0,0,0,1090,1400,-40,0.25,0,7.35,15.45,0,0,0,0,65,12.672,0,1,1.797,1.797,0.547,2.109,0.254,0,0,,,,0,0,0,0,0,0,0,0,0,0,0,7,0,0,7000,7000,255,45,157,0,0,0,0,0,0,0,39321,0,0,0,0,0,0,26222,39321
9.635,0,0,65,87,57,14.7,-1.0,-0.068,1,0,0,0,4.5,318,0,0,0,0,0,0,0,1,0,1,0,0,0,0,0,0,0,0,0,106.1,90,1,0,0,0,0,0,0,0,0,0,0,0,0,0,0,1090,1400,-40,0.25,0,7.35,15.45,0,0,0,0,65,12.672,0,1,1.797,1.797,0.547,2.109,0.254,0,0,,,,0,0,0,0,0,0,0,0,0,0,0,7,0,0,7000,7000,255,45,157,0,0,0,0,0,0,0,39321,0,0,0,0,0,0,26222,39321
9.696,0,0,65,87,57,14.7,-1.0,-0.068,1,0,0,0,4.5,318,0,0,0,0,0,0,0,1,0,1,0,0,0,0,0,0,0,0,0,106.1,90,1,0,0,0,0,0,0,0,0,0,0,0,0,0,0,1090,1400,-40,0.25,0,7.35,15.45,0,0,0,0,65,12.672,0,1,1.797,1.797,0.547,2.109,0.254,0,0,,,,0,0,0,0,0,0,0,0,0,0,0,7,0,0,7000,7000,255,45,157,0,0,0,0,0,0,0,39321,0,0,0,0,0,0,26222,39321
9.756,0,0,65,87,57,14.7,-1.0,-0.068,1,0,0,0,4.5,318,0,0,0,0,0,0,0,1,0,1,0,0,0,0,0,0,0,0,0,106.1,90,1,0,0,0,0,0,0,0,0,0,0,0,0,0,0,1090,1400,-40,0.25,0,7.35,15.5,0,0,0,0,65,12.672,0,1,1.797,1.797,0.547,2.109,0.254,0,0,,,,0,0,0,0,0,0,0,0,0,0,0,7,0,0,7000,7000,255,45,157,0,0,0,0,0,0,0,39321,0,0,0,0,0,0,26222,39321
9.816,0,0,65,87,57,14.7,-1.0,-0.068,1,0,0,0,4.5,318,0,0,0,0,0,0,0,1,0,1,0,0,0,0,0,0,0,0,0,106.1,90,1,0,0,0,0,0,0,0,0,0,0,0,0,0,0,1090,1400,-40,0.25,0,7.35,15.5,0,0,0,0,65,12.672,0,1,1.797,1.797,0.547,2.109,0.254,0,0,,,,0,0,0,0,0,0,0,0,0,0,0,7,0,0,7000,7000,255,45,157,0,0,0,0,0,0,0,39321,0,0,0,0,0,0,26222,39321
9.876,0,0,65,87,57,14.7,-1.0,-0.068,1,0,0,0,4.5,318,0,0,0,0,0,0,0,1,0,1,0,0,0,0,0,0,0,0,0,106.1,90,1,0,0,0,0,0,0,0,0,0,0,0,0,0,0,1090,1400,-40,0.25,0,7.35,15.5,0,0,0,0,65,12.672,0,1,1.797,1.797,0.547,2.109,0.254,0,0,,,,0,0,0,0,0,0,0,0,0,0,0,7,0,0,7000,7000,255,45,157,0,0,0,0,0,0,0,39321,0,0,0,0,0,0,26222,39321
9.936,0,0,65,87,57,14.7,-1.0,-0.068,1,0,0,0,4.5,318,0,0,0,0,0,0,0,1,0,1,0,0,0,0,0,0,0,0,0,106.1,90,1,0,0,0,0,0,0,0,0,0,0,0,0,0,0,1090,1400,-40,0.25,0,7.35,15.5,0,0,0,0,65,12.672,0,1,1.797,1.797,0.547,2.109,0.254,0,0,,,,0,0,0,0,0,0,0,0,0,0,0,7,0,0,7000,7000,255,45,157,0,0,0,0,0,0,0,39321,0,0,0,0,0,0,26222,39321
9.996,0,0,65,87,57,14.7,-1.0,-0.068,1,0,0,0,4.5,318,0,0,0,0,0,0,0,1,0,1,0,0,0,0,0,0,0,0,0,107,91,1,0,0,0,0,0,0,0,0,0,0,0,0,0,0,1090,1400,-40,0.25,0,7.35,15.5,0,0,0,0,65,12.672,0,1,1.816,1.816,0.547,2.109,0.254,0,0,,,,0,0,0,0,0,0,0,0,0,0,0,7,0,0,7000,7000,255,45,157,0,0,0,0,0,0,0,39321,0,0,0,0,0,0,26222,39321
10.056,0,0,65,87,57,14.7,-1.0,-0.068,1,0,0,0,4.5,318,0,0,0,0,0,0,0,1,0,1,0,0,0,0,0,0,0,0,0,106.1,90,1,0,0,0,0,0,0,0,0,0,0,0,0,0,0,1090,1400,-40,0.25,0,7.35,15.5,0,0,0,0,65,12.672,0,1,1.797,1.797,0.547,2.109,0.254,0,0,,,,0,0,0,0,0,0,0,0,0,0,0,7,0,0,7000,7000,255,45,157,0,0,0,0,0,0,0,39321,0,0,0,0,0,0,26222,39321
10.116,0,0,65,87,57,14.7,-1.0,-0.068,1,0,0,0,4.5,318,0,0,0,0,0,0,0,1,0,1,0,0,0,0,0,0,0,0,0,107,91,1,0,0,0,0,0,0,0,0,0,0,0,0,0,0,1090,1400,-40,0.25,0,7.35,15.5,0,0,0,0,65,12.672,0,1,1.816,1.816,0.547,2.109,0.254,0,0,,,,0,0,0,0,0,0,0,0,0,0,0,7,0,0,7000,7000,255,45,157,0,0,0,0,0,0,0,39321,0,0,0,0,0,0,26222,39321
10.176,0,0,65,87,57,14.7,-1.0,-0.068,1,0,0,0,4.5,318,0,0,0,0,0,0,0,1,0,1,0,0,0,0,0,0,0,0,0,106.1,90,1,0,0,0,0,0,0,0,0,0,0,0,0,0,0,1090,1400,-40,0.25,0,7.35,15.5,0,0,0,0,65,12.672,0,1,1.797,1.797,0.547,2.109,0.254,0,0,,,,0,0,0,0,0,0,0,0,0,0,0,7,0,0,7000,7000,255,45,157,0,0,0,0,0,0,0,39321,0,0,0,0,0,0,26222,39321
10.236,0,0,65,87,57,14.7,-1.0,-0.068,1,0,0,0,4.5,318,0,0,0,0,0,0,0,1,0,1,0,0,0,0,0,0,0,0,0,107,91,1,0,0,0,0,0,0,0,0,0,0,0,0,0,0,1090,1400,-40,0.25,0,7.35,15.45,0,0,0,0,65,12.672,0,1,1.816,1.816,0.547,2.109,0.254,0,0,,,,0,0,0,0,0,0,0,0,0,0,0,7,0,0,7000,7000,255,45,157,0,0,0,0,0,0,0,39321,0,0,0,0,0,0,26222,39321
10.296,0,0,65,87,57,14.7,-1.0,-0.068,1,0,0,0,4.5,318,0,0,0,0,0,0,0,1,0,1,0,0,0,0,0,0,0,0,0,106.1,90,1,0,0,0,0,0,0,0,0,0,0,0,0,0,0,1090,1400,-40,0.25,0,7.35,15.45,0,0,0,0,65,12.672,0,1,1.797,1.797,0.547,2.109,0.254,0,0,,,,0,0,0,0,0,0,0,0,0,0,0,7,0,0,7000,7000,255,45,157,0,0,0,0,0,0,0,39321,0,0,0,0,0,0,26222,39321
10.356,0,0,65,87,57,14.7,-1.0,-0.068,1,0,0,0,4.5,318,0,0,0,0,0,0,0,1,0,1,0,0,0,0,0,0,0,0,0,106.1,90,1,0,0,0,0,0,0,0,0,0,0,0,0,0,0,1090,1400,-40,0.25,0,7.35,15.45,0,0,0,0,65,12.672,0,1,1.797,1.797,0.547,2.109,0.254,0,0,,,,0,0,0,0,0,0,0,0,0,0,0,7,0,0,7000,7000,255,45,157,0,0,0,0,0,0,0,39321,0,0,0,0,0,0,26222,39321
10.416,0,0,65,87,57,14.7,-1.0,-0.068,1,0,0,0,4.5,318,0,0,0,0,0,0,0,1,0,1,0,0,0,0,0,0,0,0,0,106.1,90,1,0,0,0,0,0,0,0,0,0,0,0,0,0,0,1090,1400,-40,0.25,0,7.35,15.39,0,0,0,0,65,12.672,0,1,1.797,1.797,0.547,2.109,0.254,0,0,,,,0,0,0,0,0,0,0,0,0,0,0,7,0,0,7000,7000,255,45,157,0,0,0,0,0,0,0,39321,0,0,0,0,0,0,26222,39321
10.476,0,0,65,87,57,14.7,-1.0,-0.068,1,0,0,0,4.5,318,0,0,0,0,0,0,0,1,0,1,0,0,0,0,0,0,0,0,0,106.1,90,1,0,0,0,0,0,0,0,0,0,0,0,0,0,0,1090,1400,-40,0.25,0,7.35,15.33,0,0,0,0,65,12.672,0,1,1.797,1.797,0.547,2.109,0.254,0,0,,,,0,0,0,0,0,0,0,0,0,0,0,7,0,0,7000,7000,255,45,157,0,0,0,0,0,0,0,39321,0,0,0,0,0,0,26222,39321
10.536,0,0,65,87,57,14.7,-1.0,-0.068,1,0,0,0,4.5,318,0,0,0,0,0,0,0,1,0,1,0,0,0,0,0,0,0,0,0,106.1,90,1,0,0,0,0,0,0,0,0,0,0,0,0,0,0,1090,1400,-40,0.25,0,7.35,15.33,0,0,0,0,65,12.672,0,1,1.797,1.797,0.547,2.109,0.254,0,0,,,,0,0,0,0,0,0,0,0,0,0,0,7,0,0,7000,7000,255,45,157,0,0,0,0,0,0,0,39321,0,0,0,0,0,0,26222,39321
10.597,0,0,65,87,57,14.7,-1.0,-0.068,1,0,0,0,4.5,318,0,0,0,0,0,0,0,1,0,1,0,0,0,0,0,0,0,0,0,106.1,90,1,0,0,0,0,0,0,0,0,0,0,0,0,0,0,1090,1400,-40,0.25,0,7.35,15.39,0,0,0,0,65,12.672,0,1,1.797,1.797,0.547,2.109,0.254,0,0,,,,0,0,0,0,0,0,0,0,0,0,0,7,0,0,7000,7000,255,45,157,0,0,0,0,0,0,0,39321,0,0,0,0,0,0,26222,39321
10.657,0,0,65,87,57,14.7,-1.0,-0.068,1,0,0,0,4.5,318,0,0,0,0,0,0,0,1,0,1,0,0,0,0,0,0,0,0,0,106.1,90,1,0,0,0,0,0,0,0,0,0,0,0,0,0,0,1090,1400,-40,0.25,0,7.35,15.39,0,0,0,0,65,12.672,0,1,1.797,1.797,0.547,2.109,0.254,0,0,,,,0,0,0,0,0,0,0,0,0,0,0,7,0,0,7000,7000,255,45,157,0,0,0,0,0,0,0,39321,0,0,0,0,0,0,26222,39321
10.717,0,0,65,87,57,14.7,-1.0,-0.068,1,0,0,0,4.5,318,0,0,0,0,0,0,0,1,0,1,0,0,0,0,0,0,0,0,0,106.1,90,1,0,0,0,0,0,0,0,0,0,0,0,0,0,0,1090,1400,-40,0.25,0,7.35,15.45,0,0,0,0,65,12.672,0,1,1.797,1.797,0.547,2.109,0.254,0,0,,,,0,0,0,0,0,0,0,0,0,0,0,7,0,0,7000,7000,255,45,157,0,0,0,0,0,0,0,39321,0,0,0,0,0,0,26222,39321
10.777,0,0,65,87,57,14.7,-1.0,-0.068,1,0,0,0,4.5,318,0,0,0,0,0,0,0,1,0,1,0,0,0,0,0,0,0,0,0,106.1,90,1,0,0,0,0,0,0,0,0,0,0,0,0,0,0,1090,1400,-40,0.25,0,7.35,15.5,0,0,0,0,65,12.672,0,1,1.797,1.797,0.547,2.109,0.254,0,0,,,,0,0,0,0,0,0,0,0,0,0,0,7,0,0,7000,7000,255,45,157,0,0,0,0,0,0,0,39321,0,0,0,0,0,0,26222,39321
10.837,0,0,65,87,57,14.7,-1.0,-0.068,1,0,0,0,4.5,318,0,0,0,0,0,0,0,1,0,1,0,0,0,0,0,0,0,0,0,106.1,90,1,0,0,0,0,0,0,0,0,0,0,0,0,0,0,1090,1400,-40,0.25,0,7.35,15.5,0,0,0,0,65,12.672,0,1,1.797,1.797,0.547,2.109,0.254,0,0,,,,0,0,0,0,0,0,0,0,0,0,0,7,0,0,7000,7000,255,45,157,0,0,0,0,0,0,0,39321,0,0,0,0,0,0,26222,39321
10.896,0,0,65,87,57,14.7,-1.0,-0.068,1,0,0,0,4.5,318,0,0,0,0,0,0,0,1,0,1,0,0,0,0,0,0,0,0,0,107,91,1,0,0,0,0,0,0,0,0,0,0,0,0,0,0,1090,1400,-40,0.25,0,7.35,15.5,0,0,0,0,65,12.672,0,1,1.816,1.816,0.547,2.109,0.254,0,0,,,,0,0,0,0,0,0,0,0,0,0,0,7,0,0,7000,7000,255,45,157,0,0,0,0,0,0,0,39321,0,0,0,0,0,0,26222,39321
10.956,0,0,65,87,57,14.7,-1.0,-0.068,1,0,0,0,4.5,318,0,0,0,0,0,0,0,1,0,1,0,0,0,0,0,0,0,0,0,106.1,90,1,0,0,0,0,0,0,0,0,0,0,0,0,0,0,1090,1400,-40,0.25,0,7.35,15.5,0,0,0,0,65,12.672,0,1,1.797,1.797,0.547,2.109,0.254,0,0,,,,0,0,0,0,0,0,0,0,0,0,0,7,0,0,7000,7000,255,45,157,0,0,0,0,0,0,0,39321,0,0,0,0,0,0,26222,39321
11.016,0,0,65,87,57,14.7,-1.0,-0.068,1,0,0,0,4.5,318,0,0,0,0,0,0,0,1,0,1,0,0,0,0,0,0,0,0,0,106.1,90,1,0,0,0,0,0,0,0,0,0,0,0,0,0,0,1090,1400,-40,0.25,0,7.35,15.5,0,0,0,0,65,12.672,0,1,1.797,1.797,0.547,2.109,0.254,0,0,,,,0,0,0,0,0,0,0,0,0,0,0,7,0,0,7000,7000,255,45,157,0,0,0,0,0,0,0,39321,0,0,0,0,0,0,26222,39321
11.077,0,0,65,87,57,14.7,-1.0,-0.068,1,0,0,0,4.5,318,0,0,0,0,0,0,0,1,0,1,0,0,0,0,0,0,0,0,0,106.1,90,1,0,0,0,0,0,0,0,0,0,0,0,0,0,0,1090,1400,-40,0.25,0,7.35,15.5,0,0,0,0,65,12.672,0,1,1.797,1.797,0.547,2.109,0.254,0,0,,,,0,0,0,0,0,0,0,0,0,0,0,7,0,0,7000,7000,255,45,157,0,0,0,0,0,0,0,39321,0,0,0,0,0,0,26222,39321
11.137,0,0,65,87,57,14.7,-1.0,-0.068,1,0,0,0,4.5,318,0,0,0,0,0,0,0,1,0,1,0,0,0,0,0,0,0,0,0,106.1,90,1,0,0,0,0,0,0,0,0,0,0,0,0,0,0,1090,1400,-40,0.25,0,7.35,15.5,0,0,0,0,65,12.672,0,1,1.797,1.797,0.547,2.109,0.254,0,0,,,,0,0,0,0,0,0,0,0,0,0,0,7,0,0,7000,7000,255,45,157,0,0,0,0,0,0,0,39321,0,0,0,0,0,0,26222,39321
11.197,0,0,65,87,57,14.7,-1.0,-0.068,1,0,0,0,4.5,318,0,0,0,0,0,0,0,1,0,1,0,0,0,0,0,0,0,0,0,107,91,1,0,0,0,0,0,0,0,0,0,0,0,0,0,0,1090,1400,-40,0.25,0,7.35,15.5,0,0,0,0,65,12.672,0,1,1.816,1.816,0.547,2.109,0.254,0,0,,,,0,0,0,0,0,0,0,0,0,0,0,7,0,0,7000,7000,255,45,157,0,0,0,0,0,0,0,39321,0,0,0,0,0,0,26222,39321
11.257,0,0,65,87,57,14.7,-1.0,-0.068,1,0,0,0,4.5,318,0,0,0,0,0,0,0,1,0,1,0,0,0,0,0,0,0,0,0,106.1,90,1,0,0,0,0,0,0,0,0,0,0,0,0,0,0,1090,1400,-40,0.25,0,7.35,15.45,0,0,0,0,65,12.672,0,1,1.797,1.797,0.547,2.109,0.254,0,0,,,,0,0,0,0,0,0,0,0,0,0,0,7,0,0,7000,7000,255,45,157,0,0,0,0,0,0,0,39321,0,0,0,0,0,0,26222,39321
11.317,0,0,65,87,57,14.7,-1.0,-0.068,1,0,0,0,4.5,318,0,0,0,0,0,0,0,1,0,1,0,0,0,0,0,0,0,0,0,106.1,90,1,0,0,0,0,0,0,0,0,0,0,0,0,0,0,1090,1400,-40,0.25,0,7.35,15.45,0,0,0,0,65,12.672,0,1,1.797,1.797,0.547,2.109,0.254,0,0,,,,0,0,0,0,0,0,0,0,0,0,0,7,0,0,7000,7000,255,45,157,0,0,0,0,0,0,0,39321,0,0,0,0,0,0,26222,39321
11.377,0,0,65,87,57,14.7,-1.0,-0.068,1,0,0,0,4.5,318,0,0,0,0,0,0,0,1,0,1,0,0,0,0,0,0,0,0,0,106.1,90,1,0,0,0,0,0,0,0,0,0,0,0,0,0,0,1090,1400,-40,0.25,0,7.35,15.45,0,0,0,0,65,12.672,0,1,1.797,1.797,0.547,2.109,0.254,0,0,,,,0,0,0,0,0,0,0,0,0,0,0,7,0,0,7000,7000,255,45,157,0,0,0,0,0,0,0,39321,0,0,0,0,0,0,26222,39321
11.437,0,0,65,87,57,14.7,-1.0,-0.068,1,0,0,0,4.5,318,0,0,0,0,0,0,0,1,0,1,0,0,0,0,0,0,0,0,0,106.1,90,1,0,0,0,0,0,0,0,0,0,0,0,0,0,0,1090,1400,-40,0.25,0,7.35,15.45,0,0,0,0,65,12.672,0,1,1.797,1.797,0.547,2.109,0.254,0,0,,,,0,0,0,0,0,0,0,0,0,0,0,7,0,0,7000,7000,255,45,157,0,0,0,0,0,0,0,39321,0,0,0,0,0,0,26222,39321
11.497,0,0,65,87,57,14.7,-1.0,-0.068,1,0,0,0,4.5,318,0,0,0,0,0,0,0,1,0,1,0,0,0,0,0,0,0,0,0,106.1,90,1,0,0,0,0,0,0,0,0,0,0,0,0,0,0,1090,1400,-40,0.25,0,7.35,15.45,0,0,0,0,65,12.672,0,1,1.797,1.797,0.547,2.109,0.254,0,0,,,,0,0,0,0,0,0,0,0,0,0,0,7,0,0,7000,7000,255,45,157,0,0,0,0,0,0,0,39321,0,0,0,0,0,0,26222,39321
11.557,0,0,65,87,57,14.7,-1.0,-0.068,1,0,0,0,4.5,318,0,0,0,0,0,0,0,1,0,1,0,0,0,0,0,0,0,0,0,106.1,90,1,0,0,0,0,0,0,0,0,0,0,0,0,0,0,1090,1400,-40,0.25,0,7.35,15.39,0,0,0,0,65,12.672,0,1,1.797,1.797,0.547,2.109,0.254,0,0,,,,0,0,0,0,0,0,0,0,0,0,0,7,0,0,7000,7000,255,45,157,0,0,0,0,0,0,0,39321,0,0,0,0,0,0,26222,39321
11.617,0,0,65,87,57,14.7,-1.0,-0.068,1,0,0,0,4.5,318,0,0,0,0,0,0,0,1,0,1,0,0,0,0,0,0,0,0,0,107,91,1,0,0,0,0,0,0,0,0,0,0,0,0,0,0,1090,1400,-40,0.25,0,7.35,15.33,0,0,0,0,65,12.672,0,1,1.816,1.816,0.547,2.109,0.254,0,0,,,,0,0,0,0,0,0,0,0,0,0,0,7,0,0,7000,7000,255,45,157,0,0,0,0,0,0,0,39321,0,0,0,0,0,0,26222,39321
11.677,0,0,65,87,57,14.7,-1.0,-0.068,1,0,0,0,4.5,318,0,0,0,0,0,0,0,1,0,1,0,0,0,0,0,0,0,0,0,106.1,90,1,0,0,0,0,0,0,0,0,0,0,0,0,0,0,1090,1400,-40,0.25,0,7.35,15.33,0,0,0,0,65,12.672,0,1,1.797,1.797,0.547,2.109,0.254,0,0,,,,0,0,0,0,0,0,0,0,0,0,0,7,0,0,7000,7000,255,45,157,0,0,0,0,0,0,0,39321,0,0,0,0,0,0,26222,39321
11.737,0,0,65,87,57,14.7,-1.0,-0.068,1,0,0,0,4.5,318,0,0,0,0,0,0,0,1,0,1,0,0,0,0,0,0,0,0,0,106.1,90,1,0,0,0,0,0,0,0,0,0,0,0,0,0,0,1090,1400,-40,0.25,0,7.35,15.39,0,0,0,0,65,12.672,0,1,1.797,1.797,0.547,2.109,0.254,0,0,,,,0,0,0,0,0,0,0,0,0,0,0,7,0,0,7000,7000,255,45,157,0,0,0,0,0,0,0,39321,0,0,0,0,0,0,26222,39321
11.797,0,0,65,87,57,14.7,-1.0,-0.068,1,0,0,0,4.5,318,0,0,0,0,0,0,0,1,0,1,0,0,0,0,0,0,0,0,0,106.1,90,1,0,0,0,0,0,0,0,0,0,0,0,0,0,0,1090,1400,-40,0.25,0,7.35,15.45,0,0,0,0,65,12.672,0,1,1.797,1.797,0.547,2.109,0.254,0,0,,,,0,0,0,0,0,0,0,0,0,0,0,7,0,0,7000,7000,255,45,157,0,0,0,0,0,0,0,39321,0,0,0,0,0,0,26222,39321
11.856,0,0,65,87,57,14.7,-1.0,-0.068,1,0,0,0,4.5,318,0,0,0,0,0,0,0,1,0,1,0,0,0,0,0,0,0,0,0,106.1,90,1,0,0,0,0,0,0,0,0,0,0,0,0,0,0,1090,1400,-40,0.25,0,7.35,15.5,0,0,0,0,65,12.672,0,1,1.797,1.797,0.547,2.109,0.254,0,0,,,,0,0,0,0,0,0,0,0,0,0,0,7,0,0,7000,7000,255,45,157,0,0,0,0,0,0,0,39321,0,0,0,0,0,0,26222,39321
11.916,0,0,65,87,57,14.7,-1.0,-0.068,1,0,0,0,4.5,318,0,0,0,0,0,0,0,1,0,1,0,0,0,0,0,0,0,0,0,106.1,90,1,0,0,0,0,0,0,0,0,0,0,0,0,0,0,1090,1400,-40,0.25,0,7.35,15.5,0,0,0,0,65,12.672,0,1,1.797,1.797,0.547,2.109,0.254,0,0,,,,0,0,0,0,0,0,0,0,0,0,0,7,0,0,7000,7000,255,45,157,0,0,0,0,0,0,0,39321,0,0,0,0,0,0,26222,39321
11.977,0,0,65,87,57,14.7,-1.0,-0.068,1,0,0,0,4.5,318,0,0,0,0,0,0,0,1,0,1,0,0,0,0,0,0,0,0,0,106.1,90,1,0,0,0,0,0,0,0,0,0,0,0,0,0,0,1090,1400,-40,0.25,0,7.35,15.5,0,0,0,0,65,12.672,0,1,1.797,1.797,0.547,2.109,0.254,0,0,,,,0,0,0,0,0,0,0,0,0,0,0,7,0,0,7000,7000,255,45,157,0,0,0,0,0,0,0,39321,0,0,0,0,0,0,26222,39321
12.037,0,0,65,87,57,14.7,-1.0,-0.068,1,0,0,0,4.5,318,0,0,0,0,0,0,0,1,0,1,0,0,0,0,0,0,0,0,0,106.1,90,1,0,0,0,0,0,0,0,0,0,0,0,0,0,0,1090,1400,-40,0.25,0,7.35,15.5,0,0,0,0,65,12.672,0,1,1.797,1.797,0.547,2.109,0.254,0,0,,,,0,0,0,0,0,0,0,0,0,0,0,7,0,0,7000,7000,255,45,157,0,0,0,0,0,0,0,39321,0,0,0,0,0,0,26222,39321
12.096,0,0,65,87,57,14.7,-1.0,-0.068,1,0,0,0,4.5,318,0,0,0,0,0,0,0,1,0,1,0,0,0,0,0,0,0,0,0,107,91,1,0,0,0,0,0,0,0,0,0,0,0,0,0,0,1090,1400,-40,0.25,0,7.35,15.5,0,0,0,0,65,12.672,0,1,1.816,1.816,0.547,2.109,0.254,0,0,,,,0,0,0,0,0,0,0,0,0,0,0,7,0,0,7000,7000,255,45,157,0,0,0,0,0,0,0,39321,0,0,0,0,0,0,26222,39321
12.156,0,0,65,87,57,14.7,-1.0,-0.068,1,0,0,0,4.5,318,0,0,0,0,0,0,0,1,0,1,0,0,0,0,0,0,0,0,0,106.1,90,1,0,0,0,0,0,0,0,0,0,0,0,0,0,0,1090,1400,-40,0.25,0,7.35,15.5,0,0,0,0,65,12.672,0,1,1.797,1.797,0.547,2.09,0.254,0,0,,,,0,0,0,0,0,0,0,0,0,0,0,7,0,0,7000,7000,255,45,157,0,0,0,0,0,0,0,39321,0,0,0,0,0,0,26222,39321
12.216,0,0,65,87,57,14.7,-1.0,-0.068,1,0,0,0,4.5,318,0,0,0,0,0,0,0,1,0,1,0,0,0,0,0,0,0,0,0,106.1,90,1,0,0,0,0,0,0,0,0,0,0,0,0,0,0,1090,1400,-40,0.25,0,7.35,15.5,0,0,0,0,65,12.672,0,1,1.797,1.797,0.547,2.09,0.254,0,0,,,,0,0,0,0,0,0,0,0,0,0,0,7,0,0,7000,7000,255,45,157,0,0,0,0,0,0,0,39321,0,0,0,0,0,0,26222,39321
12.277,0,0,65,87,57,14.7,-1.0,-0.068,1,0,0,0,4.5,318,0,0,0,0,0,0,0,1,0,1,0,0,0,0,0,0,0,0,0,106.1,90,1,0,0,0,0,0,0,0,0,0,0,0,0,0,0,1090,1400,-40,0.25,0,7.35,15.5,0,0,0,0,65,12.672,0,1,1.797,1.797,0.547,2.09,0.254,0,0,,,,0,0,0,0,0,0,0,0,0,0,0,7,0,0,7000,7000,255,45,157,0,0,0,0,0,0,0,39321,0,0,0,0,0,0,26222,39321
12.337,0,0,65,87,57,14.7,-1.0,-0.068,1,0,0,0,4.5,318,0,0,0,0,0,0,0,1,0,1,0,0,0,0,0,0,0,0,0,106.1,90,1,0,0,0,0,0,0,0,0,0,0,0,0,0,0,1090,1400,-40,0.25,0,7.35,15.45,0,0,0,0,65,12.672,0,1,1.797,1.797,0.547,2.09,0.254,0,0,,,,0,0,0,0,0,0,0,0,0,0,0,7,0,0,7000,7000,255,45,157,0,0,0,0,0,0,0,39321,0,0,0,0,0,0,26222,39321
12.396,0,0,65,87,57,14.7,-1.0,-0.068,1,0,0,0,4.5,318,0,0,0,0,0,0,0,1,0,1,0,0,0,0,0,0,0,0,0,106.1,90,1,0,0,0,0,0,0,0,0,0,0,0,0,0,0,1090,1400,-40,0.25,0,7.35,15.45,0,0,0,0,65,12.672,0,1,1.797,1.797,0.547,2.09,0.254,0,0,,,,0,0,0,0,0,0,0,0,0,0,0,7,0,0,7000,7000,255,45,157,0,0,0,0,0,0,0,39321,0,0,0,0,0,0,26222,39321
12.456,0,0,65,87,57,14.7,-1.0,-0.068,1,0,0,0,4.5,318,0,0,0,0,0,0,0,1,0,1,0,0,0,0,0,0,0,0,0,106.1,90,1,0,0,0,0,0,0,0,0,0,0,0,0,0,0,1090,1400,-40,0.25,0,7.35,15.45,0,0,0,0,65,12.672,0,1,1.797,1.797,0.547,2.09,0.254,0,0,,,,0,0,0,0,0,0,0,0,0,0,0,7,0,0,7000,7000,255,45,157,0,0,0,0,0,0,0,39321,0,0,0,0,0,0,26222,39321
12.516,0,0,65,87,57,14.7,-1.0,-0.068,1,0,0,0,4.5,318,0,0,0,0,0,0,0,1,0,1,0,0,0,0,0,0,0,0,0,106.1,90,1,0,0,0,0,0,0,0,0,0,0,0,0,0,0,1090,1400,-40,0.25,0,7.35,15.45,0,0,0,0,65,12.672,0,1,1.797,1.797,0.547,2.09,0.254,0,0,,,,0,0,0,0,0,0,0,0,0,0,0,7,0,0,7000,7000,255,45,157,0,0,0,0,0,0,0,39321,0,0,0,0,0,0,26222,39321
12.576,0,0,65,87,57,14.7,-1.0,-0.068,1,0,0,0,4.5,318,0,0,0,0,0,0,0,1,0,1,0,0,0,0,0,0,0,0,0,106.1,90,1,0,0,0,0,0,0,0,0,0,0,0,0,0,0,1090,1400,-40,0.25,0,7.35,15.39,0,0,0,0,65,12.672,0,1,1.797,1.797,0.547,2.09,0.254,0,0,,,,0,0,0,0,0,0,0,0,0,0,0,7,0,0,7000,7000,255,45,157,0,0,0,0,0,0,0,39321,0,0,0,0,0,0,26222,39321
12.636,0,0,65,87,57,14.7,-1.0,-0.068,1,0,0,0,4.5,318,0,0,0,0,0,0,0,1,0,1,0,0,0,0,0,0,0,0,0,106.1,90,1,0,0,0,0,0,0,0,0,0,0,0,0,0,0,1090,1400,-40,0.25,0,7.35,15.39,0,0,0,0,65,12.672,0,1,1.797,1.797,0.547,2.09,0.254,0,0,,,,0,0,0,0,0,0,0,0,0,0,0,7,0,0,7000,7000,255,45,157,0,0,0,0,0,0,0,39321,0,0,0,0,0,0,26222,39321
12.696,0,0,65,87,58,14.7,-1.0,-0.068,1,0,0,0,4.5,318,0,0,0,0,0,0,0,1,0,1,0,0,0,0,0,0,0,0,0,106.1,90,1,0,0,0,0,0,0,0,0,0,0,0,0,0,0,1090,1400,-40,0.25,0,7.35,15.33,0,0,0,0,65,12.672,0,1,1.797,1.797,0.547,2.09,0.254,0,0,,,,0,0,0,0,0,0,0,0,0,0,0,7,0,0,7000,7000,255,45,157,0,0,0,0,0,0,0,39321,0,0,0,0,0,0,26222,39321
12.756,0,0,65,87,58,14.7,-1.0,-0.068,1,0,0,0,4.5,318,0,0,0,0,0,0,0,1,0,1,0,0,0,0,0,0,0,0,0,106.1,90,1,0,0,0,0,0,0,0,0,0,0,0,0,0,0,1090,1400,-40,0.25,0,7.35,15.39,0,0,0,0,65,12.672,0,1,1.797,1.797,0.547,2.09,0.254,0,0,,,,0,0,0,0,0,0,0,0,0,0,0,7,0,0,7000,7000,255,45,157,0,0,0,0,0,0,0,39321,0,0,0,0,0,0,26222,39321
12.816,0,0,65,87,58,14.7,-1.0,-0.068,1,0,0,0,4.5,318,0,0,0,0,0,0,0,1,0,1,0,0,0,0,0,0,0,0,0,106.1,90,1,0,0,0,0,0,0,0,0,0,0,0,0,0,0,1090,1400,-40,0.25,0,7.35,15.39,0,0,0,0,65,12.672,0,1,1.797,1.797,0.547,2.09,0.254,0,0,,,,0,0,0,0,0,0,0,0,0,0,0,7,0,0,7000,7000,255,45,157,0,0,0,0,0,0,0,39321,0,0,0,0,0,0,26222,39321
12.876,0,0,65,87,58,14.7,-1.0,-0.068,1,0,0,0,4.5,318,0,0,0,0,0,0,0,1,0,1,0,0,0,0,0,0,0,0,0,106.1,90,1,0,0,0,0,0,0,0,0,0,0,0,0,0,0,1090,1400,-40,0.25,0,7.35,15.45,0,0,0,0,65,12.672,0,1,1.797,1.797,0.547,2.09,0.254,0,0,,,,0,0,0,0,0,0,0,0,0,0,0,7,0,0,7000,7000,255,45,157,0,0,0,0,0,0,0,39321,0,0,0,0,0,0,26222,39321
12.936,0,0,65,87,58,14.7,-1.0,-0.068,1,0,0,0,4.5,318,0,0,0,0,0,0,0,1,0,1,0,0,0,0,0,0,0,0,0,106.1,90,1,0,0,0,0,0,0,0,0,0,0,0,0,0,0,1090,1400,-40,0.25,0,7.35,15.45,0,0,0,0,65,12.672,0,1,1.797,1.797,0.547,2.09,0.254,0,0,,,,0,0,0,0,0,0,0,0,0,0,0,7,0,0,7000,7000,255,45,157,0,0,0,0,0,0,0,39321,0,0,0,0,0,0,26222,39321
12.996,0,0,65,87,58,14.7,-1.0,-0.068,1,0,0,0,4.5,318,0,0,0,0,0,0,0,1,0,1,0,0,0,0,0,0,0,0,0,106.1,90,1,0,0,0,0,0,0,0,0,0,0,0,0,0,0,1090,1400,-40,0.25,0,7.35,15.5,0,0,0,0,65,12.672,0,1,1.797,1.797,0.547,2.09,0.254,0,0,,,,0,0,0,0,0,0,0,0,0,0,0,7,0,0,7000,7000,255,45,157,0,0,0,0,0,0,0,39321,0,0,0,0,0,0,26222,39321
13.056,0,0,65,87,58,14.7,-1.0,-0.068,1,0,0,0,4.5,318,0,0,0,0,0,0,0,1,0,1,0,0,0,0,0,0,0,0,0,106.1,90,1,0,0,0,0,0,0,0,0,0,0,0,0,0,0,1090,1400,-40,0.25,0,7.35,15.5,0,0,0,0,65,12.672,0,1,1.797,1.797,0.547,2.09,0.254,0,0,,,,0,0,0,0,0,0,0,0,0,0,0,7,0,0,7000,7000,255,45,157,0,0,0,0,0,0,0,39321,0,0,0,0,0,0,26222,39321
13.116,0,0,65,87,58,14.7,-1.0,-0.068,1,0,0,0,4.5,318,0,0,0,0,0,0,0,1,0,1,0,0,0,0,0,0,0,0,0,106.1,90,1,0,0,0,0,0,0,0,0,0,0,0,0,0,0,1090,1400,-40,0.25,0,7.35,15.5,0,0,0,0,65,12.672,0,1,1.797,1.797,0.547,2.09,0.254,0,0,,,,0,0,0,0,0,0,0,0,0,0,0,7,0,0,7000,7000,255,45,157,0,0,0,0,0,0,0,39321,0,0,0,0,0,0,26222,39321
13.176,0,0,65,87,58,14.7,-1.0,-0.068,1,0,0,0,4.5,318,0,0,0,0,0,0,0,1,0,1,0,0,0,0,0,0,0,0,0,106.1,90,1,0,0,0,0,0,0,0,0,0,0,0,0,0,0,1090,1400,-40,0.25,0,7.35,15.5,0,0,0,0,65,12.672,0,1,1.797,1.797,0.547,2.09,0.254,0,0,,,,0,0,0,0,0,0,0,0,0,0,0,7,0,0,7000,7000,255,45,157,0,0,0,0,0,0,0,39321,0,0,0,0,0,0,26222,39321
13.236,0,0,65,87,58,14.7,-1.0,-0.068,1,0,0,0,4.5,318,0,0,0,0,0,0,0,1,0,1,0,0,0,0,0,0,0,0,0,106.1,90,1,0,0,0,0,0,0,0,0,0,0,0,0,0,0,1090,1400,-40,0.25,0,7.35,15.5,0,0,0,0,65,12.672,0,1,1.797,1.797,0.547,2.09,0.254,0,0,,,,0,0,0,0,0,0,0,0,0,0,0,7,0,0,7000,7000,255,45,157,0,0,0,0,0,0,0,39321,0,0,0,0,0,0,26222,39321
13.296,0,0,65,87,58,14.7,-1.0,-0.068,1,0,0,0,4.5,318,0,0,0,0,0,0,0,1,0,1,0,0,0,0,0,0,0,0,0,106.1,90,1,0,0,0,0,0,0,0,0,0,0,0,0,0,0,1090,1400,-40,0.25,0,7.35,15.5,0,0,0,0,65,12.672,0,1,1.797,1.797,0.547,2.09,0.254,0,0,,,,0,0,0,0,0,0,0,0,0,0,0,7,0,0,7000,7000,255,45,157,0,0,0,0,0,0,0,39321,0,0,0,0,0,0,26222,39321
13.356,0,0,65,87,58,14.7,-1.0,-0.068,1,0,0,0,4.5,318,0,0,0,0,0,0,0,1,0,1,0,0,0,0,0,0,0,0,0,106.1,90,1,0,0,0,0,0,0,0,0,0,0,0,0,0,0,1090,1400,-40,0.25,0,7.35,15.5,0,0,0,0,65,12.672,0,1,1.797,1.797,0.547,2.09,0.254,0,0,,,,0,0,0,0,0,0,0,0,0,0,0,7,0,0,7000,7000,255,45,157,0,0,0,0,0,0,0,39321,0,0,0,0,0,0,26222,39321
13.416,0,0,65,87,58,14.7,-1.0,-0.068,1,0,0,0,4.5,318,0,0,0,0,0,0,0,1,0,1,0,0,0,0,0,0,0,0,0,106.1,90,1,0,0,0,0,0,0,0,0,0,0,0,0,0,0,1090,1400,-40,0.25,0,7.35,15.5,0,0,0,0,65,12.599,0,1,1.797,1.797,0.547,2.09,0.254,0,0,,,,0,0,0,0,0,0,0,0,0,0,0,7,0,0,7000,7000,255,45,157,0,0,0,0,0,0,0,39321,0,0,0,0,0,0,26222,39321
13.476,0,0,65,87,58,14.7,-1.0,-0.068,1,0,0,0,4.5,318,0,0,0,0,0,0,0,1,0,1,0,0,0,0,0,0,0,0,0,106.1,90,1,0,0,0,0,0,0,0,0,0,0,0,0,0,0,1090,1400,-40,0.25,0,7.35,15.5,0,0,0,0,65,12.599,0,1,1.797,1.797,0.547,2.09,0.254,0,0,,,,0,0,0,0,0,0,0,0,0,0,0,7,0,0,7000,7000,255,45,157,0,0,0,0,0,0,0,39321,0,0,0,0,0,0,26222,39321
13.536,0,0,65,87,58,14.7,-1.0,-0.068,1,0,0,0,4.5,318,0,0,0,0,0,0,0,1,0,1,0,0,0,0,0,0,0,0,0,106.1,90,1,0,0,0,0,0,0,0,0,0,0,0,0,0,0,1090,1400,-40,0.25,0,7.35,15.45,0,0,0,0,65,12.599,0,1,1.797,1.797,0.547,2.09,0.254,0,0,,,,0,0,0,0,0,0,0,0,0,0,0,7,0,0,7000,7000,255,45,157,0,0,0,0,0,0,0,39321,0,0,0,0,0,0,26222,39321
13.596,0,0,65,87,58,14.7,-1.0,-0.068,1,0,0,0,4.5,318,0,0,0,0,0,0,0,1,0,1,0,0,0,0,0,0,0,0,0,106.1,90,1,0,0,0,0,0,0,0,0,0,0,0,0,0,0,1090,1400,-40,0.25,0,7.35,15.45,0,0,0,0,65,12.599,0,1,1.797,1.797,0.547,2.09,0.254,0,0,,,,0,0,0,0,0,0,0,0,0,0,0,7,0,0,7000,7000,255,45,157,0,0,0,0,0,0,0,39321,0,0,0,0,0,0,26222,39321
13.656,0,0,65,87,58,14.7,-1.0,-0.068,1,0,0,0,4.5,318,0,0,0,0,0,0,0,1,0,1,0,0,0,0,0,0,0,0,0,106.1,90,1,0,0,0,0,0,0,0,0,0,0,0,0,0,0,1090,1400,-40,0.25,0,7.35,15.39,0,0,0,0,65,12.599,0,1,1.797,1.797,0.547,2.09,0.254,0,0,,,,0,0,0,0,0,0,0,0,0,0,0,7,0,0,7000,7000,255,45,157,0,0,0,0,0,0,0,39321,0,0,0,0,0,0,26222,39321
13.716,0,0,65,87,58,14.7,-1.0,-0.068,1,0,0,0,4.5,318,0,0,0,0,0,0,0,1,0,1,0,0,0,0,0,0,0,0,0,106.1,90,1,0,0,0,0,0,0,0,0,0,0,0,0,0,0,1090,1400,-40,0.25,0,7.35,15.39,0,0,0,0,65,12.599,0,1,1.797,1.797,0.547,2.09,0.254,0,0,,,,0,0,0,0,0,0,0,0,0,0,0,7,0,0,7000,7000,255,45,157,0,0,0,0,0,0,0,39321,0,0,0,0,0,0,26222,39321
13.776,0,0,65,87,58,14.7,-1.0,-0.068,1,0,0,0,4.5,318,0,0,0,0,0,0,0,1,0,1,0,0,0,0,0,0,0,0,0,106.1,90,1,0,0,0,0,0,0,0,0,0,0,0,0,0,0,1090,1400,-40,0.25,0,7.35,15.39,0,0,0,0,65,12.599,0,1,1.797,1.797,0.547,2.09,0.254,0,0,,,,0,0,0,0,0,0,0,0,0,0,0,7,0,0,7000,7000,255,45,157,0,0,0,0,0,0,0,39321,0,0,0,0,0,0,26222,39321
13.836,0,0,65,87,58,14.7,-1.0,-0.068,1,0,0,0,4.5,318,0,0,0,0,0,0,0,1,0,1,0,0,0,0,0,0,0,0,0,106.1,90,1,0,0,0,0,0,0,0,0,0,0,0,0,0,0,1090,1400,-40,0.25,0,7.35,15.39,0,0,0,0,65,12.599,0,1,1.797,1.797,0.547,2.09,0.254,0,0,,,,0,0,0,0,0,0,0,0,0,0,0,7,0,0,7000,7000,255,45,157,0,0,0,0,0,0,0,39321,0,0,0,0,0,0,26222,39321
13.896,0,0,65,87,58,14.7,-1.0,-0.068,1,0,0,0,4.5,318,0,0,0,0,0,0,0,1,0,1,0,0,0,0,0,0,0,0,0,106.1,90,1,0,0,0,0,0,0,0,0,0,0,0,0,0,0,1090,1400,-40,0.25,0,7.35,15.39,0,0,0,0,65,12.599,0,1,1.797,1.797,0.547,2.09,0.254,0,0,,,,0,0,0,0,0,0,0,0,0,0,0,7,0,0,7000,7000,255,45,157,0,0,0,0,0,0,0,39321,0,0,0,0,0,0,26222,39321
13.956,0,0,65,87,58,14.7,-1.0,-0.068,1,0,0,0,4.5,318,0,0,0,0,0,0,0,1,0,1,0,0,0,0,0,0,0,0,0,106.1,90,1,0,0,0,0,0,0,0,0,0,0,0,0,0,0,1090,1400,-40,0.25,0,7.35,15.39,0,0,0,0,65,12.599,0,1,1.797,1.797,0.547,2.09,0.254,0,0,,,,0,0,0,0,0,0,0,0,0,0,0,7,0,0,7000,7000,255,45,157,0,0,0,0,0,0,0,39321,0,0,0,0,0,0,26222,39321
14.016,0,0,65,87,58,14.7,-1.0,-0.068,1,0,0,0,4.5,318,0,0,0,0,0,0,0,1,0,1,0,0,0,0,0,0,0,0,0,106.1,90,1,0,0,0,0,0,0,0,0,0,0,0,0,0,0,1090,1400,-40,0.25,0,7.35,15.45,0,0,0,0,65,12.599,0,1,1.797,1.797,0.547,2.09,0.254,0,0,,,,0,0,0,0,0,0,0,0,0,0,0,7,0,0,7000,7000,255,45,157,0,0,0,0,0,0,0,39321,0,0,0,0,0,0,26222,39321
14.076,0,0,65,87,58,14.7,-1.0,-0.068,1,0,0,0,4.5,318,0,0,0,0,0,0,0,1,0,1,0,0,0,0,0,0,0,0,0,106.1,90,1,0,0,0,0,0,0,0,0,0,0,0,0,0,0,1090,1400,-40,0.25,0,7.35,15.5,0,0,0,0,65,12.599,0,1,1.797,1.797,0.547,2.09,0.254,0,0,,,,0,0,0,0,0,0,0,0,0,0,0,7,0,0,7000,7000,255,45,157,0,0,0,0,0,0,0,39321,0,0,0,0,0,0,26222,39321
14.136,0,0,65,87,58,14.7,-1.0,-0.068,1,0,0,0,4.5,318,0,0,0,0,0,0,0,1,0,1,0,0,0,0,0,0,0,0,0,107,91,1,0,0,0,0,0,0,0,0,0,0,0,0,0,0,1090,1400,-40,0.25,0,7.35,15.5,0,0,0,0,65,12.599,0,1,1.816,1.816,0.547,2.09,0.254,0,0,,,,0,0,0,0,0,0,0,0,0,0,0,7,0,0,7000,7000,255,45,157,0,0,0,0,0,0,0,39321,0,0,0,0,0,0,26222,39321
14.196,0,0,65,87,58,14.7,-1.0,-0.068,1,0,0,0,4.5,318,0,0,0,0,0,0,0,1,0,1,0,0,0,0,0,0,0,0,0,106.1,90,1,0,0,0,0,0,0,0,0,0,0,0,0,0,0,1090,1400,-40,0.25,0,7.35,15.5,0,0,0,0,65,12.599,0,1,1.797,1.797,0.547,2.09,0.254,0,0,,,,0,0,0,0,0,0,0,0,0,0,0,7,0,0,7000,7000,255,45,157,0,0,0,0,0,0,0,39321,0,0,0,0,0,0,26222,39321
14.256,0,0,65,87,58,14.7,-1.0,-0.068,1,0,0,0,4.5,318,0,0,0,0,0,0,0,1,0,1,0,0,0,0,0,0,0,0,0,106.1,90,1,0,0,0,0,0,0,0,0,0,0,0,0,0,0,1090,1400,-40,0.25,0,7.35,15.5,0,0,0,0,65,12.599,0,1,1.797,1.797,0.547,2.09,0.254,0,0,,,,0,0,0,0,0,0,0,0,0,0,0,7,0,0,7000,7000,255,45,157,0,0,0,0,0,0,0,39321,0,0,0,0,0,0,26222,39321
14.316,0,0,65,87,58,14.7,-1.0,-0.068,1,0,0,0,4.5,318,0,0,0,0,0,0,0,1,0,1,0,0,0,0,0,0,0,0,0,106.1,90,1,0,0,0,0,0,0,0,0,0,0,0,0,0,0,1090,1400,-40,0.25,0,7.35,15.5,0,0,0,0,65,12.599,0,1,1.797,1.797,0.547,2.09,0.254,0,0,,,,0,0,0,0,0,0,0,0,0,0,0,7,0,0,7000,7000,255,45,157,0,0,0,0,0,0,0,39321,0,0,0,0,0,0,26222,39321
14.376,0,0,65,87,58,14.7,-1.0,-0.068,1,0,0,0,4.5,318,0,0,0,0,0,0,0,1,0,1,0,0,0,0,0,0,0,0,0,106.1,90,1,0,0,0,0,0,0,0,0,0,0,0,0,0,0,1090,1400,-40,0.25,0,7.35,15.5,0,0,0,0,65,12.599,0,1,1.797,1.797,0.547,2.09,0.254,0,0,,,,0,0,0,0,0,0,0,0,0,0,0,7,0,0,7000,7000,255,45,157,0,0,0,0,0,0,0,39321,0,0,0,0,0,0,26222,39321
14.436,0,0,65,87,58,14.7,-1.0,-0.068,1,0,0,0,4.5,318,0,0,0,0,0,0,0,1,0,1,0,0,0,0,0,0,0,0,0,106.1,90,1,0,0,0,0,0,0,0,0,0,0,0,0,0,0,1090,1400,-40,0.25,0,7.35,15.45,0,0,0,0,65,12.599,0,1,1.797,1.797,0.547,2.09,0.254,0,0,,,,0,0,0,0,0,0,0,0,0,0,0,7,0,0,7000,7000,255,45,157,0,0,0,0,0,0,0,39321,0,0,0,0,0,0,26222,39321
14.496,0,0,65,87,58,14.7,-1.0,-0.068,1,0,0,0,4.5,318,0,0,0,0,0,0,0,1,0,1,0,0,0,0,0,0,0,0,0,107,91,1,0,0,0,0,0,0,0,0,0,0,0,0,0,0,1090,1400,-40,0.25,0,7.35,15.45,0,0,0,0,65,12.599,0,1,1.816,1.816,0.547,2.09,0.254,0,0,,,,0,0,0,0,0,0,0,0,0,0,0,7,0,0,7000,7000,255,45,157,0,0,0,0,0,0,0,39321,0,0,0,0,0,0,26222,39321
14.556,0,0,65,87,58,14.7,-1.0,-0.068,1,0,0,0,4.5,318,0,0,0,0,0,0,0,1,0,1,0,0,0,0,0,0,0,0,0,106.1,90,1,0,0,0,0,0,0,0,0,0,0,0,0,0,0,1090,1400,-40,0.25,0,7.35,15.45,0,0,0,0,65,12.599,0,1,1.797,1.797,0.547,2.09,0.254,0,0,,,,0,0,0,0,0,0,0,0,0,0,0,7,0,0,7000,7000,255,45,157,0,0,0,0,0,0,0,39321,0,0,0,0,0,0,26222,39321
14.616,0,0,65,87,58,14.7,-1.0,-0.068,1,0,0,0,4.5,318,0,0,0,0,0,0,0,1,0,1,0,0,0,0,0,0,0,0,0,106.1,90,1,0,0,0,0,0,0,0,0,0,0,0,0,0,0,1090,1400,-40,0.25,0,7.35,15.45,0,0,0,0,65,12.599,0,1,1.797,1.797,0.547,2.09,0.254,0,0,,,,0,0,0,0,0,0,0,0,0,0,0,7,0,0,7000,7000,255,45,157,0,0,0,0,0,0,0,39321,0,0,0,0,0,0,26222,39321
14.676,0,0,65,87,58,14.7,-1.0,-0.068,1,0,0,0,4.5,318,0,0,0,0,0,0,0,1,0,1,0,0,0,0,0,0,0,0,0,106.1,90,1,0,0,0,0,0,0,0,0,0,0,0,0,0,0,1090,1400,-40,0.25,0,7.35,15.45,0,0,0,0,65,12.599,0,1,1.797,1.797,0.547,2.09,0.254,0,0,,,,0,0,0,0,0,0,0,0,0,0,0,7,0,0,7000,7000,255,45,157,0,0,0,0,0,0,0,39321,0,0,0,0,0,0,26222,39321
14.736,0,0,65,87,58,14.7,-1.0,-0.068,1,0,0,0,4.5,318,0,0,0,0,0,0,0,1,0,1,0,0,0,0,0,0,0,0,0,107,91,1,0,0,0,0,0,0,0,0,0,0,0,0,0,0,1090,1400,-40,0.25,0,7.35,15.45,0,0,0,0,65,12.599,0,1,1.816,1.816,0.547,2.09,0.254,0,0,,,,0,0,0,0,0,0,0,0,0,0,0,7,0,0,7000,7000,255,45,157,0,0,0,0,0,0,0,39321,0,0,0,0,0,0,26222,39321
14.796,0,0,65,87,58,14.7,-1.0,-0.068,1,0,0,0,4.5,318,0,0,0,0,0,0,0,1,0,1,0,0,0,0,0,0,0,0,0,106.1,90,1,0,0,0,0,0,0,0,0,0,0,0,0,0,0,1090,1400,-40,0.25,0,7.35,15.39,0,0,0,0,65,12.599,0,1,1.797,1.797,0.547,2.09,0.254,0,0,,,,0,0,0,0,0,0,0,0,0,0,0,7,0,0,7000,7000,255,45,157,0,0,0,0,0,0,0,39321,0,0,0,0,0,0,26222,39321
14.856,0,0,65,87,58,14.7,-1.0,-0.068,1,0,0,0,4.5,318,0,0,0,0,0,0,0,1,0,1,0,0,0,0,0,0,0,0,0,106.1,90,1,0,0,0,0,0,0,0,0,0,0,0,0,0,0,1090,1400,-40,0.25,0,7.35,15.39,0,0,0,0,65,12.599,0,1,1.797,1.797,0.547,2.09,0.254,0,0,,,,0,0,0,0,0,0,0,0,0,0,0,7,0,0,7000,7000,255,45,157,0,0,0,0,0,0,0,39321,0,0,0,0,0,0,26222,39321
14.916,0,0,65,87,58,14.7,-1.0,-0.068,1,0,0,0,4.5,318,0,0,0,0,0,0,0,1,0,1,0,0,0,0,0,0,0,0,0,106.1,90,1,0,0,0,0,0,0,0,0,0,0,0,0,0,0,1090,1400,-40,0.25,0,7.35,15.39,0,0,0,0,65,12.599,0,1,1.797,1.797,0.547,2.09,0.254,0,0,,,,0,0,0,0,0,0,0,0,0,0,0,7,0,0,7000,7000,255,45,157,0,0,0,0,0,0,0,39321,0,0,0,0,0,0,26222,39321
14.976,0,0,65,87,58,14.7,-1.0,-0.068,1,0,0,0,4.5,318,0,0,0,0,0,0,0,1,0,1,0,0,0,0,0,0,0,0,0,106.1,90,1,0,0,0,0,0,0,0,0,0,0,0,0,0,0,1090,1400,-40,0.25,0,7.35,15.39,0,0,0,0,65,12.599,0,1,1.797,1.797,0.547,2.09,0.254,0,0,,,,0,0,0,0,0,0,0,0,0,0,0,7,0,0,7000,7000,255,45,157,0,0,0,0,0,0,0,39321,0,0,0,0,0,0,26222,39321
15.036,0,0,65,87,58,14.7,-1.0,-0.068,1,0,0,0,4.5,318,0,0,0,0,0,0,0,1,0,1,0,0,0,0,0,0,0,0,0,107,91,1,0,0,0,0,0,0,0,0,0,0,0,0,0,0,1090,1400,-40,0.25,0,7.35,15.45,0,0,0,0,65,12.599,0,1,1.816,1.816,0.547,2.09,0.254,0,0,,,,0,0,0,0,0,0,0,0,0,0,0,7,0,0,7000,7000,255,45,157,0,0,0,0,0,0,0,39321,0,0,0,0,0,0,26222,39321
15.096,0,0,65,87,58,14.7,-1.0,-0.068,1,0,0,0,4.5,318,0,0,0,0,0,0,0,1,0,1,0,0,0,0,0,0,0,0,0,106.1,90,1,0,0,0,0,0,0,0,0,0,0,0,0,0,0,1090,1400,-40,0.25,0,7.35,15.5,0,0,0,0,65,12.599,0,1,1.797,1.797,0.547,2.09,0.254,0,0,,,,0,0,0,0,0,0,0,0,0,0,0,7,0,0,7000,7000,255,45,157,0,0,0,0,0,0,0,39321,0,0,0,0,0,0,26222,39321
15.156,0,0,65,87,58,14.7,-1.0,-0.068,1,0,0,0,4.5,318,0,0,0,0,0,0,0,1,0,1,0,0,0,0,0,0,0,0,0,106.1,90,1,0,0,0,0,0,0,0,0,0,0,0,0,0,0,1090,1400,-40,0.25,0,7.35,15.5,0,0,0,0,65,12.599,0,1,1.797,1.797,0.547,2.09,0.254,0,0,,,,0,0,0,0,0,0,0,0,0,0,0,7,0,0,7000,7000,255,45,157,0,0,0,0,0,0,0,39321,0,0,0,0,0,0,26222,39321
15.216,0,0,65,87,58,14.7,-1.0,-0.068,1,0,0,0,4.5,318,0,0,0,0,0,0,0,1,0,1,0,0,0,0,0,0,0,0,0,106.1,90,1,0,0,0,0,0,0,0,0,0,0,0,0,0,0,1090,1400,-40,0.25,0,7.35,15.5,0,0,0,0,65,12.599,0,1,1.797,1.797,0.547,2.09,0.254,0,0,,,,0,0,0,0,0,0,0,0,0,0,0,7,0,0,7000,7000,255,45,157,0,0,0,0,0,0,0,39321,0,0,0,0,0,0,26222,39321
15.276,0,0,65,87,58,14.7,-1.0,-0.068,1,0,0,0,4.5,318,0,0,0,0,0,0,0,1,0,1,0,0,0,0,0,0,0,0,0,106.1,90,1,0,0,0,0,0,0,0,0,0,0,0,0,0,0,1090,1400,-40,0.25,0,7.35,15.5,0,0,0,0,65,12.599,0,1,1.797,1.797,0.547,2.09,0.254,0,0,,,,0,0,0,0,0,0,0,0,0,0,0,7,0,0,7000,7000,255,45,157,0,0,0,0,0,0,0,39321,0,0,0,0,0,0,26222,39321
15.336,0,0,65,87,58,14.7,-1.0,-0.068,1,0,0,0,4.5,318,0,0,0,0,0,0,0,1,0,1,0,0,0,0,0,0,0,0,0,106.1,90,1,0,0,0,0,0,0,0,0,0,0,0,0,0,0,1090,1400,-40,0.25,0,7.35,15.5,0,0,0,0,65,12.599,0,1,1.797,1.797,0.547,2.09,0.254,0,0,,,,0,0,0,0,0,0,0,0,0,0,0,7,0,0,7000,7000,255,45,157,0,0,0,0,0,0,0,39321,0,0,0,0,0,0,26222,39321
15.396,0,0,65,87,58,14.7,-1.0,-0.068,1,0,0,0,4.5,318,0,0,0,0,0,0,0,1,0,1,0,0,0,0,0,0,0,0,0,106.1,90,1,0,0,0,0,0,0,0,0,0,0,0,0,0,0,1090,1400,-40,0.25,0,7.35,15.5,0,0,0,0,65,12.599,0,1,1.797,1.797,0.547,2.09,0.254,0,0,,,,0,0,0,0,0,0,0,0,0,0,0,7,0,0,7000,7000,255,45,157,0,0,0,0,0,0,0,39321,0,0,0,0,0,0,26222,39321
15.456,0,0,65,87,58,14.7,-1.0,-0.068,1,0,0,0,4.5,318,0,0,0,0,0,0,0,1,0,1,0,0,0,0,0,0,0,0,0,106.1,90,1,0,0,0,0,0,0,0,0,0,0,0,0,0,0,1090,1400,-40,0.25,0,7.35,15.5,0,0,0,0,65,12.599,0,1,1.797,1.797,0.547,2.09,0.254,0,0,,,,0,0,0,0,0,0,0,0,0,0,0,7,0,0,7000,7000,255,45,157,0,0,0,0,0,0,0,39321,0,0,0,0,0,0,26222,39321
15.516,0,0,65,87,58,14.7,-1.0,-0.068,1,0,0,0,4.5,318,0,0,0,0,0,0,0,1,0,1,0,0,0,0,0,0,0,0,0,106.1,90,1,0,0,0,0,0,0,0,0,0,0,0,0,0,0,1090,1400,-40,0.25,0,7.35,15.5,0,0,0,0,65,12.599,0,1,1.797,1.797,0.547,2.09,0.254,0,0,,,,0,0,0,0,0,0,0,0,0,0,0,7,0,0,7000,7000,255,45,157,0,0,0,0,0,0,0,39321,0,0,0,0,0,0,26222,39321
15.576,0,0,65,87,58,14.7,-1.0,-0.068,1,0,0,0,4.5,318,0,0,0,0,0,0,0,1,0,1,0,0,0,0,0,0,0,0,0,106.1,90,1,0,0,0,0,0,0,0,0,0,0,0,0,0,0,1090,1400,-40,0.25,0,7.35,15.45,0,0,0,0,65,12.599,0,1,1.797,1.797,0.547,2.09,0.254,0,0,,,,0,0,0,0,0,0,0,0,0,0,0,7,0,0,7000,7000,255,45,157,0,0,0,0,0,0,0,39321,0,0,0,0,0,0,26222,39321
15.636,0,0,65,87,58,14.7,-1.0,-0.068,1,0,0,0,4.5,318,0,0,0,0,0,0,0,1,0,1,0,0,0,0,0,0,0,0,0,106.1,90,1,0,0,0,0,0,0,0,0,0,0,0,0,0,0,1090,1400,-40,0.25,0,7.35,15.45,0,0,0,0,65,12.599,0,1,1.797,1.797,0.547,2.09,0.254,0,0,,,,0,0,0,0,0,0,0,0,0,0,0,7,0,0,7000,7000,255,45,157,0,0,0,0,0,0,0,39321,0,0,0,0,0,0,26222,39321
15.696,0,0,65,87,58,14.7,-1.0,-0.068,1,0,0,0,4.5,318,0,0,0,0,0,0,0,1,0,1,0,0,0,0,0,0,0,0,0,106.1,90,1,0,0,0,0,0,0,0,0,0,0,0,0,0,0,1090,1400,-40,0.25,0,7.35,15.5,0,0,0,0,65,12.599,0,1,1.797,1.797,0.547,2.09,0.254,0,0,,,,0,0,0,0,0,0,0,0,0,0,0,7,0,0,7000,7000,255,45,157,0,0,0,0,0,0,0,39321,0,0,0,0,0,0,26222,39321
15.756,0,0,65,87,58,14.7,-1.0,-0.068,1,0,0,0,4.5,318,0,0,0,0,0,0,0,1,0,1,0,0,0,0,0,0,0,0,0,106.1,90,1,0,0,0,0,0,0,0,0,0,0,0,0,0,0,1090,1400,-40,0.25,0,7.35,15.5,0,0,0,0,65,12.599,0,1,1.797,1.797,0.547,2.09,0.254,0,0,,,,0,0,0,0,0,0,0,0,0,0,0,7,0,0,7000,7000,255,45,157,0,0,0,0,0,0,0,39321,0,0,0,0,0,0,26222,39321
15.816,0,0,65,87,58,14.7,-1.0,-0.068,1,0,0,0,4.5,318,0,0,0,0,0,0,0,1,0,1,0,0,0,0,0,0,0,0,0,106.1,90,1,0,0,0,0,0,0,0,0,0,0,0,0,0,0,1090,1400,-40,0.25,0,7.35,15.45,0,0,0,0,65,12.599,0,1,1.797,1.797,0.547,2.09,0.254,0,0,,,,0,0,0,0,0,0,0,0,0,0,0,7,0,0,7000,7000,255,45,157,0,0,0,0,0,0,0,39321,0,0,0,0,0,0,26222,39321
15.876,0,0,65,87,58,14.7,-1.0,-0.068,1,0,0,0,4.5,318,0,0,0,0,0,0,0,1,0,1,0,0,0,0,0,0,0,0,0,106.1,90,1,0,0,0,0,0,0,0,0,0,0,0,0,0,0,1090,1400,-40,0.25,0,7.35,15.45,0,0,0,0,65,12.599,0,1,1.797,1.797,0.547,2.09,0.254,0,0,,,,0,0,0,0,0,0,0,0,0,0,0,7,0,0,7000,7000,255,45,157,0,0,0,0,0,0,0,39321,0,0,0,0,0,0,26222,39321
15.936,0,0,65,87,58,14.7,-1.0,-0.068,1,0,0,0,4.5,318,0,0,0,0,0,0,0,1,0,1,0,0,0,0,0,0,0,0,0,106.1,90,1,0,0,0,0,0,0,0,0,0,0,0,0,0,0,1090,1400,-40,0.25,0,7.35,15.39,0,0,0,0,65,12.599,0,1,1.797,1.797,0.547,2.09,0.254,0,0,,,,0,0,0,0,0,0,0,0,0,0,0,7,0,0,7000,7000,255,45,157,0,0,0,0,0,0,0,39321,0,0,0,0,0,0,26222,39321
15.996,0,0,65,87,58,14.7,-1.0,-0.068,1,0,0,0,4.5,318,0,0,0,0,0,0,0,1,0,1,0,0,0,0,0,0,0,0,0,107,91,1,0,0,0,0,0,0,0,0,0,0,0,0,0,0,1090,1400,-40,0.25,0,7.35,15.39,0,0,0,0,65,12.599,0,1,1.816,1.816,0.547,2.09,0.254,0,0,,,,0,0,0,0,0,0,0,0,0,0,0,7,0,0,7000,7000,255,45,157,0,0,0,0,0,0,0,39321,0,0,0,0,0,0,26222,39321
16.056,0,0,65,87,58,14.7,-1.0,-0.068,1,0,0,0,4.5,318,0,0,0,0,0,0,0,1,0,1,0,0,0,0,0,0,0,0,0,106.1,90,1,0,0,0,0,0,0,0,0,0,0,0,0,0,0,1090,1400,-40,0.25,0,7.35,15.45,0,0,0,0,65,12.599,0,1,1.797,1.797,0.547,2.09,0.254,0,0,,,,0,0,0,0,0,0,0,0,0,0,0,7,0,0,7000,7000,255,45,157,0,0,0,0,0,0,0,39321,0,0,0,0,0,0,26222,39321
16.116,0,0,65,87,58,14.7,-1.0,-0.068,1,0,0,0,4.5,318,0,0,0,0,0,0,0,1,0,1,0,0,0,0,0,0,0,0,0,106.1,90,1,0,0,0,0,0,0,0,0,0,0,0,0,0,0,1090,1400,-40,0.25,0,7.35,15.45,0,0,0,0,65,12.599,0,1,1.797,1.797,0.547,2.09,0.254,0,0,,,,0,0,0,0,0,0,0,0,0,0,0,7,0,0,7000,7000,255,45,157,0,0,0,0,0,0,0,39321,0,0,0,0,0,0,26222,39321
16.176,0,0,65,87,58,14.7,-1.0,-0.068,1,0,0,0,4.5,318,0,0,0,0,0,0,0,1,0,1,0,0,0,0,0,0,0,0,0,106.1,90,1,0,0,0,0,0,0,0,0,0,0,0,0,0,0,1090,1400,-40,0.25,0,7.35,15.45,0,0,0,0,65,12.599,0,1,1.797,1.797,0.547,2.09,0.254,0,0,,,,0,0,0,0,0,0,0,0,0,0,0,7,0,0,7000,7000,255,45,157,0,0,0,0,0,0,0,39321,0,0,0,0,0,0,26222,39321
16.236,0,0,65,87,58,14.7,-1.0,-0.068,1,0,0,0,4.5,318,0,0,0,0,0,0,0,1,0,1,0,0,0,0,0,0,0,0,0,106.1,90,1,0,0,0,0,0,0,0,0,0,0,0,0,0,0,1090,1400,-40,0.25,0,7.35,15.5,0,0,0,0,65,12.599,0,1,1.797,1.797,0.547,2.09,0.254,0,0,,,,0,0,0,0,0,0,0,0,0,0,0,7,0,0,7000,7000,255,45,157,0,0,0,0,0,0,0,39321,0,0,0,0,0,0,26222,39321
16.296,0,0,65,87,58,14.7,-1.0,-0.068,1,0,0,0,4.5,318,0,0,0,0,0,0,0,1,0,1,0,0,0,0,0,0,0,0,0,106.1,90,1,0,0,0,0,0,0,0,0,0,0,0,0,0,0,1090,1400,-40,0.25,0,7.35,15.5,0,0,0,0,65,12.599,0,1,1.797,1.797,0.547,2.09,0.254,0,0,,,,0,0,0,0,0,0,0,0,0,0,0,7,0,0,7000,7000,255,45,157,0,0,0,0,0,0,0,39321,0,0,0,0,0,0,26222,39321
16.356,0,0,65,87,58,14.7,-1.0,-0.068,1,0,0,0,4.5,318,0,0,0,0,0,0,0,1,0,1,0,0,0,0,0,0,0,0,0,106.1,90,1,0,0,0,0,0,0,0,0,0,0,0,0,0,0,1090,1400,-40,0.25,0,7.35,15.5,0,0,0,0,65,12.599,0,1,1.797,1.797,0.547,2.09,0.254,0,0,,,,0,0,0,0,0,0,0,0,0,0,0,7,0,0,7000,7000,255,45,157,0,0,0,0,0,0,0,39321,0,0,0,0,0,0,26222,39321
16.416,0,0,65,87,58,14.7,-1.0,-0.068,1,0,0,0,4.5,318,0,0,0,0,0,0,0,1,0,1,0,0,0,0,0,0,0,0,0,106.1,90,1,0,0,0,0,0,0,0,0,0,0,0,0,0,0,1090,1400,-40,0.25,0,7.35,15.5,0,0,0,0,65,12.599,0,1,1.797,1.797,0.547,2.09,0.254,0,0,,,,0,0,0,0,0,0,0,0,0,0,0,7,0,0,7000,7000,255,45,157,0,0,0,0,0,0,0,39321,0,0,0,0,0,0,26222,39321
16.476,0,0,65,87,58,14.7,-1.0,-0.068,1,0,0,0,4.5,318,0,0,0,0,0,0,0,1,0,1,0,0,0,0,0,0,0,0,0,106.1,90,1,0,0,0,0,0,0,0,0,0,0,0,0,0,0,1090,1400,-40,0.25,0,7.35,15.5,0,0,0,0,65,12.599,0,1,1.797,1.797,0.547,2.09,0.254,0,0,,,,0,0,0,0,0,0,0,0,0,0,0,7,0,0,7000,7000,255,45,157,0,0,0,0,0,0,0,39321,0,0,0,0,0,0,26222,39321
16.536,0,0,65,87,58,14.7,-1.0,-0.068,1,0,0,0,4.5,318,0,0,0,0,0,0,0,1,0,1,0,0,0,0,0,0,0,0,0,106.1,90,1,0,0,0,0,0,0,0,0,0,0,0,0,0,0,1090,1400,-40,0.25,0,7.35,15.5,0,0,0,0,65,12.599,0,1,1.797,1.797,0.547,2.09,0.254,0,0,,,,0,0,0,0,0,0,0,0,0,0,0,7,0,0,7000,7000,255,45,157,0,0,0,0,0,0,0,39321,0,0,0,0,0,0,26222,39321
16.596,0,0,65,87,58,14.7,-1.0,-0.068,1,0,0,0,4.5,318,0,0,0,0,0,0,0,1,0,1,0,0,0,0,0,0,0,0,0,106.1,90,1,0,0,0,0,0,0,0,0,0,0,0,0,0,0,1090,1400,-40,0.25,0,7.35,15.45,0,0,0,0,65,12.599,0,1,1.797,1.797,0.547,2.09,0.254,0,0,,,,0,0,0,0,0,0,0,0,0,0,0,7,0,0,7000,7000,255,45,157,0,0,0,0,0,0,0,39321,0,0,0,0,0,0,26222,39321
16.656,0,0,65,87,58,14.7,-1.0,-0.068,1,0,0,0,4.5,318,0,0,0,0,0,0,0,1,0,1,0,0,0,0,0,0,0,0,0,106.1,90,1,0,0,0,0,0,0,0,0,0,0,0,0,0,0,1090,1400,-40,0.25,0,7.35,15.45,0,0,0,0,65,12.599,0,1,1.797,1.797,0.547,2.09,0.254,0,0,,,,0,0,0,0,0,0,0,0,0,0,0,7,0,0,7000,7000,255,45,157,0,0,0,0,0,0,0,39321,0,0,0,0,0,0,26222,39321
16.716,0,0,65,87,58,14.7,-1.0,-0.068,1,0,0,0,4.5,318,0,0,0,0,0,0,0,1,0,1,0,0,0,0,0,0,0,0,0,106.1,90,1,0,0,0,0,0,0,0,0,0,0,0,0,0,0,1090,1400,-40,0.25,0,7.35,15.5,0,0,0,0,65,12.599,0,1,1.797,1.797,0.547,2.09,0.254,0,0,,,,0,0,0,0,0,0,0,0,0,0,0,7,0,0,7000,7000,255,45,157,0,0,0,0,0,0,0,39321,0,0,0,0,0,0,26222,39321
16.776,0,0,65,87,58,14.7,-1.0,-0.068,1,0,0,0,4.5,318,0,0,0,0,0,0,0,1,0,1,0,0,0,0,0,0,0,0,0,106.1,90,1,0,0,0,0,0,0,0,0,0,0,0,0,0,0,1090,1400,-40,0.25,0,7.35,15.5,0,0,0,0,65,12.599,0,1,1.797,1.797,0.547,2.09,0.254,0,0,,,,0,0,0,0,0,0,0,0,0,0,0,7,0,0,7000,7000,255,45,157,0,0,0,0,0,0,0,39321,0,0,0,0,0,0,26222,39321
16.836,0,0,65,87,58,14.7,-1.0,-0.068,1,0,0,0,4.5,318,0,0,0,0,0,0,0,1,0,1,0,0,0,0,0,0,0,0,0,106.1,90,1,0,0,0,0,0,0,0,0,0,0,0,0,0,0,1090,1400,-40,0.25,0,7.35,15.45,0,0,0,0,65,12.599,0,1,1.797,1.797,0.547,2.09,0.254,0,0,,,,0,0,0,0,0,0,0,0,0,0,0,7,0,0,7000,7000,255,45,157,0,0,0,0,0,0,0,39321,0,0,0,0,0,0,26222,39321
16.896,0,0,65,87,58,14.7,-1.0,-0.068,1,0,0,0,4.5,318,0,0,0,0,0,0,0,1,0,1,0,0,0,0,0,0,0,0,0,106.1,90,1,0,0,0,0,0,0,0,0,0,0,0,0,0,0,1090,1400,-40,0.25,0,7.35,15.45,0,0,0,0,65,12.599,0,1,1.797,1.797,0.547,2.07,0.254,0,0,,,,0,0,0,0,0,0,0,0,0,0,0,7,0,0,7000,7000,255,45,157,0,0,0,0,0,0,0,39321,0,0,0,0,0,0,26222,39321
16.956,0,0,65,87,58,14.7,-1.0,-0.068,1,0,0,0,4.5,318,0,0,0,0,0,0,0,1,0,1,0,0,0,0,0,0,0,0,0,106.1,90,1,0,0,0,0,0,0,0,0,0,0,0,0,0,0,1090,1400,-40,0.25,0,7.35,15.45,0,0,0,0,65,12.599,0,1,1.797,1.797,0.547,2.07,0.254,0,0,,,,0,0,0,0,0,0,0,0,0,0,0,7,0,0,7000,7000,255,45,157,0,0,0,0,0,0,0,39321,0,0,0,0,0,0,26222,39321
17.016,0,0,65,87,58,14.7,-1.0,-0.068,1,0,0,0,4.5,318,0,0,0,0,0,0,0,1,0,1,0,0,0,0,0,0,0,0,0,106.1,90,1,0,0,0,0,0,0,0,0,0,0,0,0,0,0,1090,1400,-40,0.25,0,7.35,15.39,0,0,0,0,65,12.599,0,1,1.797,1.797,0.547,2.07,0.254,0,0,,,,0,0,0,0,0,0,0,0,0,0,0,7,0,0,7000,7000,255,45,157,0,0,0,0,0,0,0,39321,0,0,0,0,0,0,26222,39321
17.076,0,0,65,87,58,14.7,-1.0,-0.068,1,0,0,0,4.5,318,0,0,0,0,0,0,0,1,0,1,0,0,0,0,0,0,0,0,0,106.1,90,1,0,0,0,0,0,0,0,0,0,0,0,0,0,0,1090,1400,-40,0.25,0,7.35,15.39,0,0,0,0,65,12.599,0,1,1.797,1.797,0.547,2.07,0.254,0,0,,,,0,0,0,0,0,0,0,0,0,0,0,7,0,0,7000,7000,255,45,157,0,0,0,0,0,0,0,39321,0,0,0,0,0,0,26222,39321
17.136,0,0,65,87,58,14.7,-1.0,-0.068,1,0,0,0,4.5,318,0,0,0,0,0,0,0,1,0,1,0,0,0,0,0,0,0,0,0,106.1,90,1,0,0,0,0,0,0,0,0,0,0,0,0,0,0,1090,1400,-40,0.25,0,7.35,15.39,0,0,0,0,65,12.599,0,1,1.797,1.797,0.547,2.07,0.254,0,0,,,,0,0,0,0,0,0,0,0,0,0,0,7,0,0,7000,7000,255,45,157,0,0,0,0,0,0,0,39321,0,0,0,0,0,0,26222,39321
17.196,0,0,65,87,58,14.7,-1.0,-0.068,1,0,0,0,4.5,318,0,0,0,0,0,0,0,1,0,1,0,0,0,0,0,0,0,0,0,106.1,90,1,0,0,0,0,0,0,0,0,0,0,0,0,0,0,1090,1400,-40,0.25,0,7.35,15.45,0,0,0,0,65,12.599,0,1,1.797,1.797,0.547,2.07,0.254,0,0,,,,0,0,0,0,0,0,0,0,0,0,0,7,0,0,7000,7000,255,45,157,0,0,0,0,0,0,0,39321,0,0,0,0,0,0,26222,39321
17.256,0,0,65,87,58,14.7,-1.0,-0.068,1,0,0,0,4.5,318,0,0,0,0,0,0,0,1,0,1,0,0,0,0,0,0,0,0,0,106.1,90,1,0,0,0,0,0,0,0,0,0,0,0,0,0,0,1090,1400,-40,0.25,0,7.35,15.45,0,0,0,0,65,12.599,0,1,1.797,1.797,0.547,2.07,0.254,0,0,,,,0,0,0,0,0,0,0,0,0,0,0,7,0,0,7000,7000,255,45,157,0,0,0,0,0,0,0,39321,0,0,0,0,0,0,26222,39321
17.316,0,0,65,87,58,14.7,-1.0,-0.068,1,0,0,0,4.5,318,0,0,0,0,0,0,0,1,0,1,0,0,0,0,0,0,0,0,0,106.1,90,1,0,0,0,0,0,0,0,0,0,0,0,0,0,0,1090,1400,-40,0.25,0,7.35,15.5,0,0,0,0,65,12.599,0,1,1.797,1.797,0.547,2.07,0.254,0,0,,,,0,0,0,0,0,0,0,0,0,0,0,7,0,0,7000,7000,255,45,157,0,0,0,0,0,0,0,39321,0,0,0,0,0,0,26222,39321
17.376,0,0,65,87,58,14.7,-1.0,-0.068,1,0,0,0,4.5,318,0,0,0,0,0,0,0,1,0,1,0,0,0,0,0,0,0,0,0,106.1,90,1,0,0,0,0,0,0,0,0,0,0,0,0,0,0,1090,1400,-40,0.25,0,7.35,15.5,0,0,0,0,65,12.599,0,1,1.797,1.797,0.547,2.07,0.254,0,0,,,,0,0,0,0,0,0,0,0,0,0,0,7,0,0,7000,7000,255,45,157,0,0,0,0,0,0,0,39321,0,0,0,0,0,0,26222,39321
17.436,0,0,65,87,58,14.7,-1.0,-0.068,1,0,0,0,4.5,318,0,0,0,0,0,0,0,1,0,1,0,0,0,0,0,0,0,0,0,106.1,90,1,0,0,0,0,0,0,0,0,0,0,0,0,0,0,1090,1400,-40,0.25,0,7.35,15.5,0,0,0,0,65,12.599,0,1,1.797,1.797,0.547,2.07,0.254,0,0,,,,0,0,0,0,0,0,0,0,0,0,0,7,0,0,7000,7000,255,45,157,0,0,0,0,0,0,0,39321,0,0,0,0,0,0,26222,39321
17.496,0,0,65,87,58,14.7,-1.0,-0.068,1,0,0,0,4.5,318,0,0,0,0,0,0,0,1,0,1,0,0,0,0,0,0,0,0,0,106.1,90,1,0,0,0,0,0,0,0,0,0,0,0,0,0,0,1090,1400,-40,0.25,0,7.35,15.5,0,0,0,0,65,12.599,0,1,1.797,1.797,0.547,2.07,0.254,0,0,,,,0,0,0,0,0,0,0,0,0,0,0,7,0,0,7000,7000,255,45,157,0,0,0,0,0,0,0,39321,0,0,0,0,0,0,26222,39321
17.556,0,0,65,87,58,14.7,-1.0,-0.068,1,0,0,0,4.5,318,0,0,0,0,0,0,0,1,0,1,0,0,0,0,0,0,0,0,0,106.1,90,1,0,0,0,0,0,0,0,0,0,0,0,0,0,0,1090,1400,-40,0.25,0,7.35,15.5,0,0,0,0,65,12.599,0,1,1.797,1.797,0.547,2.07,0.254,0,0,,,,0,0,0,0,0,0,0,0,0,0,0,7,0,0,7000,7000,255,45,157,0,0,0,0,0,0,0,39321,0,0,0,0,0,0,26222,39321
17.615,0,0,65,87,58,14.7,-1.0,-0.068,1,0,0,0,4.5,318,0,0,0,0,0,0,0,1,0,1,0,0,0,0,0,0,0,0,0,106.1,90,1,0,0,0,0,0,0,0,0,0,0,0,0,0,0,1090,1400,-40,0.25,0,7.35,15.5,0,0,0,0,65,12.599,0,1,1.797,1.797,0.547,2.07,0.254,0,0,,,,0,0,0,0,0,0,0,0,0,0,0,7,0,0,7000,7000,255,45,157,0,0,0,0,0,0,0,39321,0,0,0,0,0,0,26222,39321
17.675,0,0,65,87,58,14.7,-1.0,-0.068,1,0,0,0,4.5,318,0,0,0,0,0,0,0,1,0,1,0,0,0,0,0,0,0,0,0,106.1,90,1,0,0,0,0,0,0,0,0,0,0,0,0,0,0,1090,1400,-40,0.25,0,7.35,15.45,0,0,0,0,65,12.599,0,1,1.797,1.797,0.547,2.07,0.254,0,0,,,,0,0,0,0,0,0,0,0,0,0,0,7,0,0,7000,7000,255,45,157,0,0,0,0,0,0,0,39321,0,0,0,0,0,0,26222,39321
17.736,0,0,65,87,58,14.7,-1.0,-0.068,1,0,0,0,4.5,318,0,0,0,0,0,0,0,1,0,1,0,0,0,0,0,0,0,0,0,106.1,90,1,0,0,0,0,0,0,0,0,0,0,0,0,0,0,1090,1400,-40,0.25,0,7.35,15.27,0,0,0,0,65,12.599,0,1,1.797,1.797,0.547,2.07,0.254,0,0,,,,0,0,0,0,0,0,0,0,0,0,0,7,0,0,7000,7000,255,45,157,0,0,0,0,0,0,0,39321,0,0,0,0,0,0,26222,39321
17.796,0,0,65,87,58,14.7,-1.0,-0.068,1,0,0,0,4.5,318,0,0,0,0,0,0,0,1,0,1,0,0,0,0,0,0,0,0,0,106.1,90,1,0,0,0,0,0,0,0,0,0,0,0,0,0,0,1090,1400,-40,0.25,0,7.35,15.27,0,0,0,0,65,12.599,0,1,1.797,1.797,0.547,2.07,0.254,0,0,,,,0,0,0,0,0,0,0,0,0,0,0,7,0,0,7000,7000,255,45,157,0,0,0,0,0,0,0,39321,0,0,0,0,0,0,26222,39321
17.855,0,0,65,87,58,14.7,-1.0,-0.068,1,0,0,0,4.5,318,0,0,0,0,0,0,0,1,0,1,0,0,0,0,0,0,0,0,0,106.1,90,1,0,0,0,0,0,0,0,0,0,0,0,0,0,0,1090,1400,-40,0.25,0,7.35,16.65,0,0,0,0,65,12.599,0,1,1.797,1.797,0.547,2.07,0.254,0,0,,,,0,0,0,0,0,0,0,0,0,0,0,7,0,0,7000,7000,255,45,157,0,0,0,0,0,0,0,39321,0,0,0,0,0,0,26222,39321
17.915,0,0,65,87,58,14.7,-1.0,-0.068,1,0,0,0,4.5,318,0,0,0,0,0,0,0,1,0,1,0,0,0,0,0,0,0,0,0,106.1,90,1,0,0,0,0,0,0,0,0,0,0,0,0,0,0,1090,1400,-40,0.25,0,7.35,17.69,0,0,0,0,65,12.599,0,1,1.797,1.797,0.547,2.07,0.254,0,0,,,,0,0,0,0,0,0,0,0,0,0,0,7,0,0,7000,7000,255,45,157,0,0,0,0,0,0,0,39321,0,0,0,0,0,0,26222,39321
17.975,0,0,65,87,58,14.7,-1.0,-0.068,1,0,0,0,4.5,318,0,0,0,0,0,0,0,1,0,1,0,0,0,0,0,0,0,0,0,106.1,90,1,0,0,0,0,0,0,0,0,0,0,0,0,0,0,1090,1400,-40,0.25,0,7.35,18.09,0,0,0,0,65,12.599,0,1,1.797,1.797,0.547,2.07,0.254,0,0,,,,0,0,0,0,0,0,0,0,0,0,0,7,0,0,7000,7000,255,45,157,0,0,0,0,0,0,0,39321,0,0,0,0,0,0,26222,39321
18.036,0,0,65,87,58,14.7,-1.0,-0.068,1,0,0,0,4.5,318,0,0,0,0,0,0,0,1,0,1,0,0,0,0,0,0,0,0,0,106.1,90,1,0,0,0,0,0,0,0,0,0,0,0,0,0,0,1090,1400,-40,0.25,0,7.35,18.26,0,0,0,0,65,12.599,0,1,1.797,1.797,0.547,2.07,0.254,0,0,,,,0,0,0,0,0,0,0,0,0,0,0,7,0,0,7000,7000,255,45,157,0,0,0,0,0,0,0,39321,0,0,0,0,0,0,26222,39321
18.096,0,0,65,87,58,14.7,-1.0,-0.068,1,0,0,0,4.5,318,0,0,0,0,0,0,0,1,0,1,0,0,0,0,0,0,0,0,0,106.1,90,1,0,0,0,0,0,0,0,0,0,0,0,0,0,0,1090,1400,-40,0.25,0,7.35,18.6,0,0,0,0,65,12.599,0,1,1.797,1.797,0.547,2.07,0.254,0,0,,,,0,0,0,0,0,0,0,0,0,0,0,7,0,0,7000,7000,255,45,157,0,0,0,0,0,0,0,39321,0,0,0,0,0,0,26222,39321
18.155,0,0,65,87,58,14.7,-1.0,-0.068,1,0,0,0,4.5,318,0,0,0,0,0,0,0,1,0,1,0,0,0,0,0,0,0,0,0,106.1,90,1,0,0,0,0,0,0,0,0,0,0,0,0,0,0,1090,1400,-40,0.25,0,7.35,18.72,0,0,0,0,65,12.599,0,1,1.797,1.797,0.547,2.07,0.254,0,0,,,,0,0,0,0,0,0,0,0,0,0,0,7,0,0,7000,7000,255,45,157,0,0,0,0,0,0,0,39321,0,0,0,0,0,0,26222,39321
18.215,0,0,65,87,58,14.7,-1.0,-0.068,1,0,0,0,4.5,318,0,0,0,0,0,0,0,1,0,1,0,0,0,0,0,0,0,0,0,107,91,1,0,0,0,0,0,0,0,0,0,0,0,0,0,0,1090,1400,-40,0.25,0,7.35,18.72,0,0,0,0,65,12.599,0,1,1.816,1.816,0.547,2.07,0.254,0,0,,,,0,0,0,0,0,0,0,0,0,0,0,7,0,0,7000,7000,255,45,157,0,0,0,0,0,0,0,39321,0,0,0,0,0,0,26222,39321
18.275,0,0,65,87,58,14.7,-1.0,-0.068,1,0,0,0,4.5,318,0,0,0,0,0,0,0,1,0,1,0,0,0,0,0,0,0,0,0,107,91,1,0,0,0,0,0,0,0,0,0,0,0,0,0,0,1090,1400,-40,0.25,0,7.35,18.89,0,0,0,0,65,12.599,0,1,1.816,1.816,0.547,2.07,0.254,0,0,,,,0,0,0,0,0,0,0,0,0,0,0,7,0,0,7000,7000,255,45,157,0,0,0,0,0,0,0,39321,0,0,0,0,0,0,26222,39321
18.335,0,0,65,87,58,14.7,-1.0,-0.068,1,0,0,0,4.5,318,0,0,0,0,0,0,0,1,0,1,0,0,0,0,0,0,0,0,0,106.1,90,1,0,0,0,0,0,0,0,0,0,0,0,0,0,0,1090,1400,-40,0.25,0,7.35,18.83,0,0,0,0,65,12.599,0,1,1.797,1.797,0.547,2.07,0.254,0,0,,,,0,0,0,0,0,0,0,0,0,0,0,7,0,0,7000,7000,255,45,157,0,0,0,0,0,0,0,39321,0,0,0,0,0,0,26222,39321
18.395,0,0,65,87,58,14.7,-1.0,-0.068,1,0,0,0,4.5,318,0,0,0,0,0,0,0,1,0,1,0,0,0,0,0,0,0,0,0,106.1,90,1,0,0,0,0,0,0,0,0,0,0,0,0,0,0,1090,1400,-40,0.25,0,7.35,18.78,0,0,0,0,65,12.599,0,1,1.797,1.797,0.547,2.07,0.254,0,0,,,,0,0,0,0,0,0,0,0,0,0,0,7,0,0,7000,7000,255,45,157,0,0,0,0,0,0,0,39321,0,0,0,0,0,0,26222,39321
18.455,0,0,65,87,58,14.7,-1.0,-0.068,1,0,0,0,4.5,318,0,0,0,0,0,0,0,1,0,1,0,0,0,0,0,0,0,0,0,106.1,90,1,0,0,0,0,0,0,0,0,0,0,0,0,0,0,1090,1400,-40,0.25,0,7.35,18.72,0,0,0,0,65,12.599,0,1,1.797,1.797,0.547,2.07,0.254,0,0,,,,0,0,0,0,0,0,0,0,0,0,0,7,0,0,7000,7000,255,45,157,0,0,0,0,0,0,0,39321,0,0,0,0,0,0,26222,39321
18.515,0,0,65,87,58,14.7,-1.0,-0.068,1,0,0,0,4.5,318,0,0,0,0,0,0,0,1,0,1,0,0,0,0,0,0,0,0,0,107,91,1,0,0,0,0,0,0,0,0,0,0,0,0,0,0,1090,1400,-40,0.25,0,7.35,18.72,0,0,0,0,65,12.599,0,1,1.816,1.816,0.547,2.07,0.254,0,0,,,,0,0,0,0,0,0,0,0,0,0,0,7,0,0,7000,7000,255,45,157,0,0,0,0,0,0,0,39321,0,0,0,0,0,0,26222,39321
18.575,0,0,65,87,58,14.7,-1.0,-0.068,1,0,0,0,4.5,318,0,0,0,0,0,0,0,1,0,1,0,0,0,0,0,0,0,0,0,106.1,90,1,0,0,0,0,0,0,0,0,0,0,0,0,0,0,1090,1400,-40,0.25,0,7.35,18.66,0,0,0,0,65,12.599,0,1,1.797,1.797,0.547,2.07,0.254,0,0,,,,0,0,0,0,0,0,0,0,0,0,0,7,0,0,7000,7000,255,45,157,0,0,0,0,0,0,0,39321,0,0,0,0,0,0,26222,39321
18.635,0,0,65,87,58,14.7,-1.0,-0.068,1,0,0,0,4.5,318,0,0,0,0,0,0,0,1,0,1,0,0,0,0,0,0,0,0,0,106.1,90,1,0,0,0,0,0,0,0,0,0,0,0,0,0,0,1090,1400,-40,0.25,0,7.35,18.49,0,0,0,0,65,12.599,0,1,1.797,1.797,0.547,2.07,0.254,0,0,,,,0,0,0,0,0,0,0,0,0,0,0,7,0,0,7000,7000,255,45,157,0,0,0,0,0,0,0,39321,0,0,0,0,0,0,26222,39321
18.695,0,0,65,87,58,14.7,-1.0,-0.068,1,0,0,0,4.5,318,0,0,0,0,0,0,0,1,0,1,0,0,0,0,0,0,0,0,0,106.1,90,1,0,0,0,0,0,0,0,0,0,0,0,0,0,0,1090,1400,-40,0.25,0,7.35,18.49,0,0,0,0,65,12.599,0,1,1.797,1.797,0.547,2.07,0.254,0,0,,,,0,0,0,0,0,0,0,0,0,0,0,7,0,0,7000,7000,255,45,157,0,0,0,0,0,0,0,39321,0,0,0,0,0,0,26222,39321
18.755,0,0,65,87,58,14.7,-1.0,-0.068,1,0,0,0,4.5,318,0,0,0,0,0,0,0,1,0,1,0,0,0,0,0,0,0,0,0,106.1,90,1,0,0,0,0,0,0,0,0,0,0,0,0,0,0,1090,1400,-40,0.25,0,7.35,18.43,0,0,0,0,65,12.599,0,1,1.797,1.797,0.547,2.07,0.254,0,0,,,,0,0,0,0,0,0,0,0,0,0,0,7,0,0,7000,7000,255,45,157,0,0,0,0,0,0,0,39321,0,0,0,0,0,0,26222,39321
18.815,0,0,65,87,58,14.7,-1.0,-0.068,1,0,0,0,4.5,318,0,0,0,0,0,0,0,1,0,1,0,0,0,0,0,0,0,0,0,106.1,90,1,0,0,0,0,0,0,0,0,0,0,0,0,0,0,1090,1400,-40,0.25,0,7.35,18.38,0,0,0,0,65,12.599,0,1,1.797,1.797,0.547,2.07,0.254,0,0,,,,0,0,0,0,0,0,0,0,0,0,0,7,0,0,7000,7000,255,45,157,0,0,0,0,0,0,0,39321,0,0,0,0,0,0,26222,39321
18.875,0,0,65,87,58,14.7,-1.0,-0.068,1,0,0,0,4.5,318,0,0,0,0,0,0,0,1,0,1,0,0,0,0,0,0,0,0,0,106.1,90,1,0,0,0,0,0,0,0,0,0,0,0,0,0,0,1090,1400,-40,0.25,0,7.35,18.38,0,0,0,0,65,12.599,0,1,1.797,1.797,0.547,2.07,0.254,0,0,,,,0,0,0,0,0,0,0,0,0,0,0,7,0,0,7000,7000,255,45,157,0,0,0,0,0,0,0,39321,0,0,0,0,0,0,26222,39321
18.935,0,0,65,87,58,14.7,-1.0,-0.068,1,0,0,0,4.5,318,0,0,0,0,0,0,0,1,0,1,0,0,0,0,0,0,0,0,0,106.1,90,1,0,0,0,0,0,0,0,0,0,0,0,0,0,0,1090,1400,-40,0.25,0,7.35,18.38,0,0,0,0,65,12.599,0,1,1.797,1.797,0.547,2.07,0.254,0,0,,,,0,0,0,0,0,0,0,0,0,0,0,7,0,0,7000,7000,255,45,157,0,0,0,0,0,0,0,39321,0,0,0,0,0,0,26222,39321
18.995,0,0,65,87,58,14.7,-1.0,-0.068,1,0,0,0,4.5,318,0,0,0,0,0,0,0,1,0,1,0,0,0,0,0,0,0,0,0,106.1,90,1,0,0,0,0,0,0,0,0,0,0,0,0,0,0,1090,1400,-40,0.25,0,7.35,18.43,0,0,0,0,65,12.599,0,1,1.797,1.797,0.547,2.07,0.254,0,0,,,,0,0,0,0,0,0,0,0,0,0,0,7,0,0,7000,7000,255,45,157,0,0,0,0,0,0,0,39321,0,0,0,0,0,0,26222,39321
19.055,0,0,65,87,58,14.7,-1.0,-0.068,1,0,0,0,4.5,318,0,0,0,0,0,0,0,1,0,1,0,0,0,0,0,0,0,0,0,106.1,90,1,0,0,0,0,0,0,0,0,0,0,0,0,0,0,1090,1400,-40,0.25,0,7.35,18.32,0,0,0,0,65,12.599,0,1,1.797,1.797,0.547,2.07,0.254,0,0,,,,0,0,0,0,0,0,0,0,0,0,0,7,0,0,7000,7000,255,45,157,0,0,0,0,0,0,0,39321,0,0,0,0,0,0,26222,39321
19.115,0,0,65,87,58,14.7,-1.0,-0.068,1,0,0,0,4.5,318,0,0,0,0,0,0,0,1,0,1,0,0,0,0,0,0,0,0,0,106.1,90,1,0,0,0,0,0,0,0,0,0,0,0,0,0,0,1090,1400,-40,0.25,0,7.35,18.32,0,0,0,0,65,12.599,0,1,1.797,1.797,0.547,2.07,0.254,0,0,,,,0,0,0,0,0,0,0,0,0,0,0,7,0,0,7000,7000,255,45,157,0,0,0,0,0,0,0,39321,0,0,0,0,0,0,26222,39321
19.175,0,0,65,87,58,14.7,-1.0,-0.068,1,0,0,0,4.5,318,0,0,0,0,0,0,0,1,0,1,0,0,0,0,0,0,0,0,0,106.1,90,1,0,0,0,0,0,0,0,0,0,0,0,0,0,0,1090,1400,-40,0.25,0,7.35,18.15,0,0,0,0,65,12.599,0,1,1.797,1.797,0.547,2.07,0.254,0,0,,,,0,0,0,0,0,0,0,0,0,0,0,7,0,0,7000,7000,255,45,157,0,0,0,0,0,0,0,39321,0,0,0,0,0,0,26222,39321
19.235,0,0,65,87,58,14.7,-1.0,-0.068,1,0,0,0,4.5,318,0,0,0,0,0,0,0,1,0,1,0,0,0,0,0,0,0,0,0,106.1,90,1,0,0,0,0,0,0,0,0,0,0,0,0,0,0,1090,1400,-40,0.25,0,7.35,18.09,0,0,0,0,65,12.599,0,1,1.797,1.797,0.547,2.07,0.254,0,0,,,,0,0,0,0,0,0,0,0,0,0,0,7,0,0,7000,7000,255,45,157,0,0,0,0,0,0,0,39321,0,0,0,0,0,0,26222,39321
19.295,0,0,65,87,58,14.7,-1.0,-0.068,1,0,0,0,4.5,318,0,0,0,0,0,0,0,1,0,1,0,0,0,0,0,0,0,0,0,106.1,90,1,0,0,0,0,0,0,0,0,0,0,0,0,0,0,1090,1400,-40,0.25,0,7.35,17.97,0,0,0,0,65,12.599,0,1,1.797,1.797,0.547,2.07,0.254,0,0,,,,0,0,0,0,0,0,0,0,0,0,0,7,0,0,7000,7000,255,45,157,0,0,0,0,0,0,0,39321,0,0,0,0,0,0,26222,39321
19.355,0,0,65,87,58,14.7,-1.0,-0.068,1,0,0,0,4.5,318,0,0,0,0,0,0,0,1,0,1,0,0,0,0,0,0,0,0,0,106.1,90,1,0,0,0,0,0,0,0,0,0,0,0,0,0,0,1090,1400,-40,0.25,0,7.35,17.97,0,0,0,0,65,12.599,0,1,1.797,1.797,0.547,2.07,0.254,0,0,,,,0,0,0,0,0,0,0,0,0,0,0,7,0,0,7000,7000,255,45,157,0,0,0,0,0,0,0,39321,0,0,0,0,0,0,26222,39321
19.415,0,0,65,87,58,14.7,-1.0,-0.068,1,0,0,0,4.5,318,0,0,0,0,0,0,0,1,0,1,0,0,0,0,0,0,0,0,0,106.1,90,1,0,0,0,0,0,0,0,0,0,0,0,0,0,0,1090,1400,-40,0.25,0,7.35,17.97,0,0,0,0,65,12.599,0,1,1.797,1.797,0.547,2.07,0.254,0,0,,,,0,0,0,0,0,0,0,0,0,0,0,7,0,0,7000,7000,255,45,157,0,0,0,0,0,0,0,39321,0,0,0,0,0,0,26222,39321
19.475,0,0,65,87,58,14.7,-1.0,-0.068,1,0,0,0,4.5,318,0,0,0,0,0,0,0,1,0,1,0,0,0,0,0,0,0,0,0,106.1,90,1,0,0,0,0,0,0,0,0,0,0,0,0,0,0,1090,1400,-40,0.25,0,7.35,17.97,0,0,0,0,65,12.599,0,1,1.797,1.797,0.547,2.07,0.254,0,0,,,,0,0,0,0,0,0,0,0,0,0,0,7,0,0,7000,7000,255,45,157,0,0,0,0,0,0,0,39321,0,0,0,0,0,0,26222,39321
19.535,0,0,65,87,58,14.7,-1.0,-0.068,1,0,0,0,4.5,318,0,0,0,0,0,0,0,1,0,1,0,0,0,0,0,0,0,0,0,106.1,90,1,0,0,0,0,0,0,0,0,0,0,0,0,0,0,1090,1400,-40,0.25,0,7.35,18.2,0,0,0,0,65,12.599,0,1,1.797,1.797,0.547,2.07,0.254,0,0,,,,0,0,0,0,0,0,0,0,0,0,0,7,0,0,7000,7000,255,45,157,0,0,0,0,0,0,0,39321,0,0,0,0,0,0,26222,39321
19.595,0,0,65,87,58,14.7,-1.0,-0.068,1,0,0,0,4.5,318,0,0,0,0,0,0,0,1,0,1,0,0,0,0,0,0,0,0,0,106.1,90,1,0,0,0,0,0,0,0,0,0,0,0,0,0,0,1090,1400,-40,0.25,0,7.35,18.03,0,0,0,0,65,12.599,0,1,1.797,1.797,0.547,2.07,0.254,0,0,,,,0,0,0,0,0,0,0,0,0,0,0,7,0,0,7000,7000,255,45,157,0,0,0,0,0,0,0,39321,0,0,0,0,0,0,26222,39321
19.655,0,0,65,87,58,14.7,-1.0,-0.068,1,0,0,0,4.5,318,0,0,0,0,0,0,0,1,0,1,0,0,0,0,0,0,0,0,0,106.1,90,1,0,0,0,0,0,0,0,0,0,0,0,0,0,0,1090,1400,-40,0.25,0,7.35,18.09,0,0,0,0,65,12.599,0,1,1.797,1.797,0.547,2.07,0.254,0,0,,,,0,0,0,0,0,0,0,0,0,0,0,7,0,0,7000,7000,255,45,157,0,0,0,0,0,0,0,39321,0,0,0,0,0,0,26222,39321
19.715,0,0,65,87,58,14.7,-1.0,-0.068,1,0,0,0,4.5,318,0,0,0,0,0,0,0,1,0,1,0,0,0,0,0,0,0,0,0,106.1,90,1,0,0,0,0,0,0,0,0,0,0,0,0,0,0,1090,1400,-40,0.25,0,7.35,18.15,0,0,0,0,65,12.599,0,1,1.797,1.797,0.547,2.07,0.254,0,0,,,,0,0,0,0,0,0,0,0,0,0,0,7,0,0,7000,7000,255,45,157,0,0,0,0,0,0,0,39321,0,0,0,0,0,0,26222,39321
19.775,0,0,65,87,58,14.7,-1.0,-0.068,1,0,0,0,4.5,318,0,0,0,0,0,0,0,1,0,1,0,0,0,0,0,0,0,0,0,106.1,90,1,0,0,0,0,0,0,0,0,0,0,0,0,0,0,1090,1400,-40,0.25,0,7.35,18.15,0,0,0,0,65,12.599,0,1,1.797,1.797,0.547,2.07,0.254,0,0,,,,0,0,0,0,0,0,0,0,0,0,0,7,0,0,7000,7000,255,45,157,0,0,0,0,0,0,0,39321,0,0,0,0,0,0,26222,39321
19.835,0,0,65,87,58,14.7,-1.0,-0.068,1,0,0,0,4.5,318,0,0,0,0,0,0,0,1,0,1,0,0,0,0,0,0,0,0,0,106.1,90,1,0,0,0,0,0,0,0,0,0,0,0,0,0,0,1090,1400,-40,0.25,0,7.35,18.2,0,0,0,0,65,12.599,0,1,1.797,1.797,0.547,2.07,0.254,0,0,,,,0,0,0,0,0,0,0,0,0,0,0,7,0,0,7000,7000,255,45,157,0,0,0,0,0,0,0,39321,0,0,0,0,0,0,26222,39321
19.895,0,0,65,87,58,14.7,-1.0,-0.068,1,0,0,0,4.5,318,0,0,0,0,0,0,0,1,0,1,0,0,0,0,0,0,0,0,0,106.1,90,1,0,0,0,0,0,0,0,0,0,0,0,0,0,0,1090,1400,-40,0.25,0,7.35,18.2,0,0,0,0,65,12.599,0,1,1.797,1.797,0.547,2.07,0.254,0,0,,,,0,0,0,0,0,0,0,0,0,0,0,7,0,0,7000,7000,255,45,157,0,0,0,0,0,0,0,39321,0,0,0,0,0,0,26222,39321
19.955,0,0,65,87,58,14.7,-1.0,-0.068,1,0,0,0,4.5,318,0,0,0,0,0,0,0,1,0,1,0,0,0,0,0,0,0,0,0,106.1,90,1,0,0,0,0,0,0,0,0,0,0,0,0,0,0,1090,1400,-40,0.25,0,7.35,18.2,0,0,0,0,65,12.599,0,1,1.797,1.797,0.547,2.07,0.254,0,0,,,,0,0,0,0,0,0,0,0,0,0,0,7,0,0,7000,7000,255,45,157,0,0,0,0,0,0,0,39321,0,0,0,0,0,0,26222,39321
20.015,0,0,65,87,58,14.7,-1.0,-0.068,1,0,0,0,4.5,318,0,0,0,0,0,0,0,1,0,1,0,0,0,0,0,0,0,0,0,107,91,1,0,0,0,0,0,0,0,0,0,0,0,0,0,0,1090,1400,-40,0.25,0,7.35,18.2,0,0,0,0,65,12.599,0,1,1.816,1.816,0.547,2.07,0.254,0,0,,,,0,0,0,0,0,0,0,0,0,0,0,7,0,0,7000,7000,255,45,157,0,0,0,0,0,0,0,39321,0,0,0,0,0,0,26222,39321
20.075,0,0,65,87,58,14.7,-1.0,-0.068,1,0,0,0,4.5,318,0,0,0,0,0,0,0,1,0,1,0,0,0,0,0,0,0,0,0,107,91,1,0,0,0,0,0,0,0,0,0,0,0,0,0,0,1090,1400,-40,0.25,0,7.35,18.26,0,0,0,0,65,12.599,0,1,1.816,1.816,0.547,2.07,0.254,0,0,,,,0,0,0,0,0,0,0,0,0,0,0,7,0,0,7000,7000,255,45,157,0,0,0,0,0,0,0,39321,0,0,0,0,0,0,26222,39321
20.135,0,0,65,87,58,14.7,-1.0,-0.068,1,0,0,0,4.5,318,0,0,0,0,0,0,0,1,0,1,0,0,0,0,0,0,0,0,0,106.1,90,1,0,0,0,0,0,0,0,0,0,0,0,0,0,0,1090,1400,-40,0.25,0,7.35,18.38,0,0,0,0,65,12.599,0,1,1.797,1.797,0.547,2.07,0.254,0,0,,,,0,0,0,0,0,0,0,0,0,0,0,7,0,0,7000,7000,255,45,157,0,0,0,0,0,0,0,39321,0,0,0,0,0,0,26222,39321
20.195,0,0,65,87,58,14.7,-1.0,-0.068,1,0,0,0,4.5,318,0,0,0,0,0,0,0,1,0,1,0,0,0,0,0,0,0,0,0,107,91,1,0,0,0,0,0,0,0,0,0,0,0,0,0,0,1090,1400,-40,0.25,0,7.35,18.26,0,0,0,0,65,12.599,0,1,1.816,1.816,0.547,2.07,0.254,0,0,,,,0,0,0,0,0,0,0,0,0,0,0,7,0,0,7000,7000,255,45,157,0,0,0,0,0,0,0,39321,0,0,0,0,0,0,26222,39321
20.255,0,0,65,87,58,14.7,-1.0,-0.068,1,0,0,0,4.5,318,0,0,0,0,0,0,0,1,0,1,0,0,0,0,0,0,0,0,0,106.1,90,1,0,0,0,0,0,0,0,0,0,0,0,0,0,0,1090,1400,-40,0.25,0,7.35,18.26,0,0,0,0,65,12.599,0,1,1.797,1.797,0.547,2.07,0.254,0,0,,,,0,0,0,0,0,0,0,0,0,0,0,7,0,0,7000,7000,255,45,157,0,0,0,0,0,0,0,39321,0,0,0,0,0,0,26222,39321
20.315,0,0,65,87,58,14.7,-1.0,-0.068,1,0,0,0,4.5,318,0,0,0,0,0,0,0,1,0,1,0,0,0,0,0,0,0,0,0,106.1,90,1,0,0,0,0,0,0,0,0,0,0,0,0,0,0,1090,1400,-40,0.25,0,7.35,18.32,0,0,0,0,65,12.599,0,1,1.797,1.797,0.547,2.07,0.254,0,0,,,,0,0,0,0,0,0,0,0,0,0,0,7,0,0,7000,7000,255,45,157,0,0,0,0,0,0,0,39321,0,0,0,0,0,0,26222,39321
20.375,0,0,65,87,58,14.7,-1.0,-0.068,1,0,0,0,4.5,318,0,0,0,0,0,0,0,1,0,1,0,0,0,0,0,0,0,0,0,107,91,1,0,0,0,0,0,0,0,0,0,0,0,0,0,0,1090,1400,-40,0.25,0,7.35,18.26,0,0,0,0,65,12.599,0,1,1.816,1.816,0.547,2.07,0.254,0,0,,,,0,0,0,0,0,0,0,0,0,0,0,7,0,0,7000,7000,255,45,157,0,0,0,0,0,0,0,39321,0,0,0,0,0,0,26222,39321
20.435,0,0,65,87,58,14.7,-1.0,-0.068,1,0,0,0,4.5,318,0,0,0,0,0,0,0,1,0,1,0,0,0,0,0,0,0,0,0,107,91,1,0,0,0,0,0,0,0,0,0,0,0,0,0,0,1090,1400,-40,0.25,0,7.35,18.32,0,0,0,0,65,12.599,0,1,1.816,1.816,0.547,2.07,0.254,0,0,,,,0,0,0,0,0,0,0,0,0,0,0,7,0,0,7000,7000,255,45,157,0,0,0,0,0,0,0,39321,0,0,0,0,0,0,26222,39321
20.495,0,0,65,87,58,14.7,-1.0,-0.068,1,0,0,0,4.5,318,0,0,0,0,0,0,0,1,0,1,0,0,0,0,0,0,0,0,0,107,91,1,0,0,0,0,0,0,0,0,0,0,0,0,0,0,1090,1400,-40,0.25,0,7.35,18.38,0,0,0,0,65,12.599,0,1,1.816,1.816,0.547,2.07,0.254,0,0,,,,0,0,0,0,0,0,0,0,0,0,0,7,0,0,7000,7000,255,45,157,0,0,0,0,0,0,0,39321,0,0,0,0,0,0,26222,39321
20.555,0,0,65,87,58,14.7,-1.0,-0.068,1,0,0,0,4.5,318,0,0,0,0,0,0,0,1,0,1,0,0,0,0,0,0,0,0,0,107,91,1,0,0,0,0,0,0,0,0,0,0,0,0,0,0,1090,1400,-40,0.25,0,7.35,18.32,0,0,0,0,65,12.599,0,1,1.816,1.816,0.547,2.07,0.254,0,0,,,,0,0,0,0,0,0,0,0,0,0,0,7,0,0,7000,7000,255,45,157,0,0,0,0,0,0,0,39321,0,0,0,0,0,0,26222,39321
20.615,0,0,65,87,58,14.7,-1.0,-0.068,1,0,0,0,4.5,318,0,0,0,0,0,0,0,1,0,1,0,0,0,0,0,0,0,0,0,107,91,1,0,0,0,0,0,0,0,0,0,0,0,0,0,0,1090,1400,-40,0.25,0,7.35,18.38,0,0,0,0,65,12.599,0,1,1.816,1.816,0.547,2.07,0.254,0,0,,,,0,0,0,0,0,0,0,0,0,0,0,7,0,0,7000,7000,255,45,157,0,0,0,0,0,0,0,39321,0,0,0,0,0,0,26222,39321
20.675,0,0,65,87,58,14.7,-1.0,-0.068,1,0,0,0,4.5,318,0,0,0,0,0,0,0,1,0,1,0,0,0,0,0,0,0,0,0,107,91,1,0,0,0,0,0,0,0,0,0,0,0,0,0,0,1090,1400,-40,0.25,0,7.35,18.43,0,0,0,0,65,12.599,0,1,1.816,1.816,0.547,2.07,0.254,0,0,,,,0,0,0,0,0,0,0,0,0,0,0,7,0,0,7000,7000,255,45,157,0,0,0,0,0,0,0,39321,0,0,0,0,0,0,26222,39321
20.735,0,0,65,87,58,14.7,-1.0,-0.068,1,0,0,0,4.5,318,0,0,0,0,0,0,0,1,0,1,0,0,0,0,0,0,0,0,0,107,91,1,0,0,0,0,0,0,0,0,0,0,0,0,0,0,1090,1400,-40,0.25,0,7.35,18.55,0,0,0,0,65,12.599,0,1,1.816,1.816,0.547,2.07,0.254,0,0,,,,0,0,0,0,0,0,0,0,0,0,0,7,0,0,7000,7000,255,45,157,0,0,0,0,0,0,0,39321,0,0,0,0,0,0,26222,39321
20.795,0,0,65,87,58,14.7,-1.0,-0.068,1,0,0,0,4.5,318,0,0,0,0,0,0,0,1,0,1,0,0,0,0,0,0,0,0,0,107,91,1,0,0,0,0,0,0,0,0,0,0,0,0,0,0,1090,1400,-40,0.25,0,7.35,18.49,0,0,0,0,65,12.599,0,1,1.816,1.816,0.547,2.07,0.254,0,0,,,,0,0,0,0,0,0,0,0,0,0,0,7,0,0,7000,7000,255,45,157,0,0,0,0,0,0,0,39321,0,0,0,0,0,0,26222,39321
20.855,0,0,65,87,58,14.7,-1.0,-0.068,1,0,0,0,4.5,318,0,0,0,0,0,0,0,1,0,1,0,0,0,0,0,0,0,0,0,107,91,1,0,0,0,0,0,0,0,0,0,0,0,0,0,0,1090,1400,-40,0.25,0,7.35,18.66,0,0,0,0,65,12.599,0,1,1.816,1.816,0.547,2.07,0.254,0,0,,,,0,0,0,0,0,0,0,0,0,0,0,7,0,0,7000,7000,255,45,157,0,0,0,0,0,0,0,39321,0,0,0,0,0,0,26222,39321
20.915,0,0,65,87,58,14.7,-1.0,-0.068,1,0,0,0,4.5,318,0,0,0,0,0,0,0,1,0,1,0,0,0,0,0,0,0,0,0,107,91,1,0,0,0,0,0,0,0,0,0,0,0,0,0,0,1090,1400,-40,0.25,0,7.35,18.66,0,0,0,0,65,12.599,0,1,1.816,1.816,0.547,2.07,0.254,0,0,,,,0,0,0,0,0,0,0,0,0,0,0,7,0,0,7000,7000,255,45,157,0,0,0,0,0,0,0,39321,0,0,0,0,0,0,26222,39321
20.977,0,0,65,87,58,14.7,-1.0,-0.068,1,0,0,0,4.5,318,0,0,0,0,0,0,0,1,0,1,0,0,0,0,0,0,0,0,0,107,91,1,0,0,0,0,0,0,0,0,0,0,0,0,0,0,1090,1400,-40,0.25,0,7.35,18.66,0,0,0,0,65,12.599,0,1,1.816,1.816,0.547,2.07,0.254,0,0,,,,0,0,0,0,0,0,0,0,0,0,0,7,0,0,7000,7000,255,45,157,0,0,0,0,0,0,0,39321,0,0,0,0,0,0,26222,39321
21.037,0,0,65,87,58,14.7,-1.0,-0.068,1,0,0,0,4.5,318,0,0,0,0,0,0,0,1,0,1,0,0,0,0,0,0,0,0,0,107,91,1,0,0,0,0,0,0,0,0,0,0,0,0,0,0,1090,1400,-40,0.25,0,7.35,18.78,0,0,0,0,65,12.599,0,1,1.816,1.816,0.547,2.07,0.254,0,0,,,,0,0,0,0,0,0,0,0,0,0,0,7,0,0,7000,7000,255,45,157,0,0,0,0,0,0,0,39321,0,0,0,0,0,0,26222,39321
21.095,0,0,65,87,58,14.7,-1.0,-0.068,1,0,0,0,4.5,318,0,0,0,0,0,0,0,1,0,1,0,0,0,0,0,0,0,0,0,107,91,1,0,0,0,0,0,0,0,0,0,0,0,0,0,0,1090,1400,-40,0.25,0,7.35,18.78,0,0,0,0,65,12.599,0,1,1.816,1.816,0.547,2.07,0.254,0,0,,,,0,0,0,0,0,0,0,0,0,0,0,7,0,0,7000,7000,255,45,157,0,0,0,0,0,0,0,39321,0,0,0,0,0,0,26222,39321
21.155,0,0,65,87,58,14.7,-1.0,-0.068,1,0,0,0,4.5,318,0,0,0,0,0,0,0,1,0,1,0,0,0,0,0,0,0,0,0,106.1,90,1,0,0,0,0,0,0,0,0,0,0,0,0,0,0,1090,1400,-40,0.25,0,7.35,18.72,0,0,0,0,65,12.599,0,1,1.797,1.797,0.547,2.07,0.254,0,0,,,,0,0,0,0,0,0,0,0,0,0,0,7,0,0,7000,7000,255,45,157,0,0,0,0,0,0,0,39321,0,0,0,0,0,0,26222,39321
21.215,0,0,65,87,58,14.7,-1.0,-0.068,1,0,0,0,4.5,318,0,0,0,0,0,0,0,1,0,1,0,0,0,0,0,0,0,0,0,107,91,1,0,0,0,0,0,0,0,0,0,0,0,0,0,0,1090,1400,-40,0.25,0,7.35,18.83,0,0,0,0,65,12.599,0,1,1.816,1.816,0.547,2.07,0.254,0,0,,,,0,0,0,0,0,0,0,0,0,0,0,7,0,0,7000,7000,255,45,157,0,0,0,0,0,0,0,39321,0,0,0,0,0,0,26222,39321
21.277,0,0,65,87,58,14.7,-1.0,-0.068,1,0,0,0,4.5,318,0,0,0,0,0,0,0,1,0,1,0,0,0,0,0,0,0,0,0,107,91,1,0,0,0,0,0,0,0,0,0,0,0,0,0,0,1090,1400,-40,0.25,0,7.35,18.78,0,0,0,0,65,12.599,0,1,1.816,1.816,0.547,2.07,0.254,0,0,,,,0,0,0,0,0,0,0,0,0,0,0,7,0,0,7000,7000,255,45,157,0,0,0,0,0,0,0,39321,0,0,0,0,0,0,26222,39321
21.337,0,0,65,87,58,14.7,-1.0,-0.068,1,0,0,0,4.5,318,0,0,0,0,0,0,0,1,0,1,0,0,0,0,0,0,0,0,0,107,91,1,0,0,0,0,0,0,0,0,0,0,0,0,0,0,1090,1400,-40,0.25,0,7.35,18.83,0,0,0,0,65,12.599,0,1,1.816,1.816,0.547,2.07,0.254,0,0,,,,0,0,0,0,0,0,0,0,0,0,0,7,0,0,7000,7000,255,45,157,0,0,0,0,0,0,0,39321,0,0,0,0,0,0,26222,39321
21.397,0,0,65,87,58,14.7,-1.0,-0.068,1,0,0,0,4.5,318,0,0,0,0,0,0,0,1,0,1,0,0,0,0,0,0,0,0,0,107,91,1,0,0,0,0,0,0,0,0,0,0,0,0,0,0,1090,1400,-40,0.25,0,7.35,18.89,0,0,0,0,65,12.599,0,1,1.816,1.816,0.547,2.07,0.254,0,0,,,,0,0,0,0,0,0,0,0,0,0,0,7,0,0,7000,7000,255,45,157,0,0,0,0,0,0,0,39321,0,0,0,0,0,0,26222,39321
21.457,0,0,65,87,58,14.7,-1.0,-0.068,1,0,0,0,4.5,318,0,0,0,0,0,0,0,1,0,1,0,0,0,0,0,0,0,0,0,107,91,1,0,0,0,0,0,0,0,0,0,0,0,0,0,0,1090,1400,-40,0.25,0,7.35,18.83,0,0,0,0,65,12.599,0,1,1.816,1.816,0.547,2.07,0.254,0,0,,,,0,0,0,0,0,0,0,0,0,0,0,7,0,0,7000,7000,255,45,157,0,0,0,0,0,0,0,39321,0,0,0,0,0,0,26222,39321
21.517,0,0,65,87,58,14.7,-1.0,-0.068,1,0,0,0,4.5,318,0,0,0,0,0,0,0,1,0,1,0,0,0,0,0,0,0,0,0,107,91,1,0,0,0,0,0,0,0,0,0,0,0,0,0,0,1090,1400,-40,0.25,0,7.35,18.78,0,0,0,0,65,12.599,0,1,1.816,1.816,0.547,2.07,0.254,0,0,,,,0,0,0,0,0,0,0,0,0,0,0,7,0,0,7000,7000,255,45,157,0,0,0,0,0,0,0,39321,0,0,0,0,0,0,26222,39321
21.577,0,0,65,87,58,14.7,-1.0,-0.068,1,0,0,0,4.5,318,0,0,0,0,0,0,0,1,0,1,0,0,0,0,0,0,0,0,0,107,91,1,0,0,0,0,0,0,0,0,0,0,0,0,0,0,1090,1400,-40,0.25,0,7.35,18.78,0,0,0,0,65,12.599,0,1,1.816,1.816,0.547,2.07,0.254,0,0,,,,0,0,0,0,0,0,0,0,0,0,0,7,0,0,7000,7000,255,45,157,0,0,0,0,0,0,0,39321,0,0,0,0,0,0,26222,39321
21.637,0,0,65,87,58,14.7,-1.0,-0.068,1,0,0,0,4.5,318,0,0,0,0,0,0,0,1,0,1,0,0,0,0,0,0,0,0,0,107,91,1,0,0,0,0,0,0,0,0,0,0,0,0,0,0,1090,1400,-40,0.25,0,7.35,18.78,0,0,0,0,65,12.599,0,1,1.816,1.816,0.547,2.07,0.254,0,0,,,,0,0,0,0,0,0,0,0,0,0,0,7,0,0,7000,7000,255,45,157,0,0,0,0,0,0,0,39321,0,0,0,0,0,0,26222,39321
21.697,0,0,65,87,58,14.7,-1.0,-0.068,1,0,0,0,4.5,318,0,0,0,0,0,0,0,1,0,1,0,0,0,0,0,0,0,0,0,107,91,1,0,0,0,0,0,0,0,0,0,0,0,0,0,0,1090,1400,-40,0.25,0,7.35,18.78,0,0,0,0,65,12.599,0,1,1.816,1.816,0.547,2.07,0.254,0,0,,,,0,0,0,0,0,0,0,0,0,0,0,7,0,0,7000,7000,255,45,157,0,0,0,0,0,0,0,39321,0,0,0,0,0,0,26222,39321
21.757,0,0,65,87,58,14.7,-1.0,-0.068,1,0,0,0,4.5,318,0,0,0,0,0,0,0,1,0,1,0,0,0,0,0,0,0,0,0,107,91,1,0,0,0,0,0,0,0,0,0,0,0,0,0,0,1090,1400,-40,0.25,0,7.35,18.89,0,0,0,0,65,12.599,0,1,1.816,1.816,0.547,2.07,0.254,0,0,,,,0,0,0,0,0,0,0,0,0,0,0,7,0,0,7000,7000,255,45,157,0,0,0,0,0,0,0,39321,0,0,0,0,0,0,26222,39321
21.817,0,0,65,87,58,14.7,-1.0,-0.068,1,0,0,0,4.5,318,0,0,0,0,0,0,0,1,0,1,0,0,0,0,0,0,0,0,0,107,91,1,0,0,0,0,0,0,0,0,0,0,0,0,0,0,1090,1400,-40,0.25,0,7.35,18.89,0,0,0,0,65,12.599,0,1,1.816,1.816,0.547,2.07,0.254,0,0,,,,0,0,0,0,0,0,0,0,0,0,0,7,0,0,7000,7000,255,45,157,0,0,0,0,0,0,0,39321,0,0,0,0,0,0,26222,39321
21.877,0,0,65,87,58,14.7,-1.0,-0.068,1,0,0,0,4.5,318,0,0,0,0,0,0,0,1,0,1,0,0,0,0,0,0,0,0,0,107,91,1,0,0,0,0,0,0,0,0,0,0,0,0,0,0,1090,1400,-40,0.25,0,7.35,18.95,0,0,0,0,65,12.599,0,1,1.816,1.816,0.547,2.07,0.254,0,0,,,,0,0,0,0,0,0,0,0,0,0,0,7,0,0,7000,7000,255,45,157,0,0,0,0,0,0,0,39321,0,0,0,0,0,0,26222,39321
21.937,0,0,65,87,58,14.7,-1.0,-0.068,1,0,0,0,4.5,318,0,0,0,0,0,0,0,1,0,1,0,0,0,0,0,0,0,0,0,107,91,1,0,0,0,0,0,0,0,0,0,0,0,0,0,0,1090,1400,-40,0.25,0,7.35,19.01,0,0,0,0,65,12.599,0,1,1.816,1.816,0.547,2.07,0.254,0,0,,,,0,0,0,0,0,0,0,0,0,0,0,7,0,0,7000,7000,255,45,157,0,0,0,0,0,0,0,39321,0,0,0,0,0,0,26222,39321
21.997,0,0,65,87,58,14.7,-1.0,-0.068,1,0,0,0,4.5,318,0,0,0,0,0,0,0,1,0,1,0,0,0,0,0,0,0,0,0,107,91,1,0,0,0,0,0,0,0,0,0,0,0,0,0,0,1090,1400,-40,0.25,0,7.35,19.06,0,0,0,0,65,12.599,0,1,1.816,1.816,0.547,2.07,0.254,0,0,,,,0,0,0,0,0,0,0,0,0,0,0,7,0,0,7000,7000,255,45,157,0,0,0,0,0,0,0,39321,0,0,0,0,0,0,26222,39321
22.057,0,0,65,87,58,14.7,-1.0,-0.068,1,0,0,0,4.5,318,0,0,0,0,0,0,0,1,0,1,0,0,0,0,0,0,0,0,0,107,91,1,0,0,0,0,0,0,0,0,0,0,0,0,0,0,1090,1400,-40,0.25,0,7.35,19.06,0,0,0,0,65,12.599,0,1,1.816,1.816,0.547,2.07,0.254,0,0,,,,0,0,0,0,0,0,0,0,0,0,0,7,0,0,7000,7000,255,45,157,0,0,0,0,0,0,0,39321,0,0,0,0,0,0,26222,39321
22.117,0,0,65,87,58,14.7,-1.0,-0.068,1,0,0,0,4.5,318,0,0,0,0,0,0,0,1,0,1,0,0,0,0,0,0,0,0,0,107,91,1,0,0,0,0,0,0,0,0,0,0,0,0,0,0,1090,1400,-40,0.25,0,7.35,19.06,0,0,0,0,65,12.599,0,1,1.816,1.816,0.547,2.07,0.254,0,0,,,,0,0,0,0,0,0,0,0,0,0,0,7,0,0,7000,7000,255,45,157,0,0,0,0,0,0,0,39321,0,0,0,0,0,0,26222,39321
22.177,0,0,65,87,58,14.7,-1.0,-0.068,1,0,0,0,4.5,318,0,0,0,0,0,0,0,1,0,1,0,0,0,0,0,0,0,0,0,107,91,1,0,0,0,0,0,0,0,0,0,0,0,0,0,0,1090,1400,-40,0.25,0,7.35,19.06,0,0,0,0,65,12.599,0,1,1.816,1.816,0.547,2.07,0.254,0,0,,,,0,0,0,0,0,0,0,0,0,0,0,7,0,0,7000,7000,255,45,157,0,0,0,0,0,0,0,39321,0,0,0,0,0,0,26222,39321
22.237,0,0,65,87,58,14.7,-1.0,-0.068,1,0,0,0,4.5,318,0,0,0,0,0,0,0,1,0,1,0,0,0,0,0,0,0,0,0,107,91,1,0,0,0,0,0,0,0,0,0,0,0,0,0,0,1090,1400,-40,0.25,0,7.35,19.06,0,0,0,0,65,12.599,0,1,1.816,1.816,0.547,2.07,0.254,0,0,,,,0,0,0,0,0,0,0,0,0,0,0,7,0,0,7000,7000,255,45,157,0,0,0,0,0,0,0,39321,0,0,0,0,0,0,26222,39321
22.297,0,0,65,87,58,14.7,-1.0,-0.068,1,0,0,0,4.5,318,0,0,0,0,0,0,0,1,0,1,0,0,0,0,0,0,0,0,0,107,91,1,0,0,0,0,0,0,0,0,0,0,0,0,0,0,1090,1400,-40,0.25,0,7.35,19.06,0,0,0,0,65,12.599,0,1,1.816,1.816,0.547,2.07,0.254,0,0,,,,0,0,0,0,0,0,0,0,0,0,0,7,0,0,7000,7000,255,45,157,0,0,0,0,0,0,0,39321,0,0,0,0,0,0,26222,39321
22.357,0,0,65,87,58,14.7,-1.0,-0.068,1,0,0,0,4.5,318,0,0,0,0,0,0,0,1,0,1,0,0,0,0,0,0,0,0,0,107,91,1,0,0,0,0,0,0,0,0,0,0,0,0,0,0,1090,1400,-40,0.25,0,7.35,19.06,0,0,0,0,65,12.599,0,1,1.816,1.816,0.547,2.07,0.254,0,0,,,,0,0,0,0,0,0,0,0,0,0,0,7,0,0,7000,7000,255,45,157,0,0,0,0,0,0,0,39321,0,0,0,0,0,0,26222,39321
22.417,0,0,65,87,58,14.7,-1.0,-0.068,1,0,0,0,4.5,318,0,0,0,0,0,0,0,1,0,1,0,0,0,0,0,0,0,0,0,107,91,1,0,0,0,0,0,0,0,0,0,0,0,0,0,0,1090,1400,-40,0.25,0,7.35,19.06,0,0,0,0,65,12.599,0,1,1.816,1.816,0.547,2.07,0.254,0,0,,,,0,0,0,0,0,0,0,0,0,0,0,7,0,0,7000,7000,255,45,157,0,0,0,0,0,0,0,39321,0,0,0,0,0,0,26222,39321
22.477,0,0,65,87,58,14.7,-1.0,-0.068,1,0,0,0,4.5,318,0,0,0,0,0,0,0,1,0,1,0,0,0,0,0,0,0,0,0,107,91,1,0,0,0,0,0,0,0,0,0,0,0,0,0,0,1090,1400,-40,0.25,0,7.35,19.06,0,0,0,0,65,12.599,0,1,1.816,1.816,0.547,2.07,0.254,0,0,,,,0,0,0,0,0,0,0,0,0,0,0,7,0,0,7000,7000,255,45,157,0,0,0,0,0,0,0,39321,0,0,0,0,0,0,26222,39321
22.537,0,0,65,87,58,14.7,-1.0,-0.068,1,0,0,0,4.5,318,0,0,0,0,0,0,0,1,0,1,0,0,0,0,0,0,0,0,0,107,91,1,0,0,0,0,0,0,0,0,0,0,0,0,0,0,1090,1400,-40,0.25,0,7.35,19.01,0,0,0,0,65,12.599,0,1,1.816,1.816,0.547,2.07,0.254,0,0,,,,0,0,0,0,0,0,0,0,0,0,0,7,0,0,7000,7000,255,45,157,0,0,0,0,0,0,0,39321,0,0,0,0,0,0,26222,39321
22.597,0,0,65,87,58,14.7,-1.0,-0.068,1,0,0,0,4.5,318,0,0,0,0,0,0,0,1,0,1,0,0,0,0,0,0,0,0,0,107,91,1,0,0,0,0,0,0,0,0,0,0,0,0,0,0,1090,1400,-40,0.25,0,7.35,19.01,0,0,0,0,65,12.599,0,1,1.816,1.816,0.547,2.07,0.254,0,0,,,,0,0,0,0,0,0,0,0,0,0,0,7,0,0,7000,7000,255,45,157,0,0,0,0,0,0,0,39321,0,0,0,0,0,0,26222,39321
22.657,0,0,65,87,58,14.7,-1.0,-0.068,1,0,0,0,4.5,318,0,0,0,0,0,0,0,1,0,1,0,0,0,0,0,0,0,0,0,107,91,1,0,0,0,0,0,0,0,0,0,0,0,0,0,0,1090,1400,-40,0.25,0,7.35,18.83,0,0,0,0,65,12.599,0,1,1.816,1.816,0.547,2.07,0.254,0,0,,,,0,0,0,0,0,0,0,0,0,0,0,7,0,0,7000,7000,255,45,157,0,0,0,0,0,0,0,39321,0,0,0,0,0,0,26222,39321
22.717,0,0,65,87,58,14.7,-1.0,-0.068,1,0,0,0,4.5,318,0,0,0,0,0,0,0,1,0,1,0,0,0,0,0,0,0,0,0,107,91,1,0,0,0,0,0,0,0,0,0,0,0,0,0,0,1090,1400,-40,0.25,0,7.35,18.83,0,0,0,0,65,12.599,0,1,1.816,1.816,0.547,2.07,0.254,0,0,,,,0,0,0,0,0,0,0,0,0,0,0,7,0,0,7000,7000,255,45,157,0,0,0,0,0,0,0,39321,0,0,0,0,0,0,26222,39321
22.777,0,0,65,87,58,14.7,-1.0,-0.068,1,0,0,0,4.5,318,0,0,0,0,0,0,0,1,0,1,0,0,0,0,0,0,0,0,0,107,91,1,0,0,0,0,0,0,0,0,0,0,0,0,0,0,1090,1400,-40,0.25,0,7.35,18.83,0,0,0,0,65,12.599,0,1,1.816,1.816,0.547,2.07,0.254,0,0,,,,0,0,0,0,0,0,0,0,0,0,0,7,0,0,7000,7000,255,45,157,0,0,0,0,0,0,0,39321,0,0,0,0,0,0,26222,39321
22.837,0,0,65,87,58,14.7,-1.0,-0.068,1,0,0,0,4.5,318,0,0,0,0,0,0,0,1,0,1,0,0,0,0,0,0,0,0,0,107,91,1,0,0,0,0,0,0,0,0,0,0,0,0,0,0,1090,1400,-40,0.25,0,7.35,18.95,0,0,0,0,65,12.599,0,1,1.816,1.816,0.547,2.07,0.254,0,0,,,,0,0,0,0,0,0,0,0,0,0,0,7,0,0,7000,7000,255,45,157,0,0,0,0,0,0,0,39321,0,0,0,0,0,0,26222,39321
22.897,0,0,65,87,58,14.7,-1.0,-0.068,1,0,0,0,4.5,318,0,0,0,0,0,0,0,1,0,1,0,0,0,0,0,0,0,0,0,107,91,1,0,0,0,0,0,0,0,0,0,0,0,0,0,0,1090,1400,-40,0.25,0,7.35,18.95,0,0,0,0,65,12.599,0,1,1.816,1.816,0.547,2.07,0.254,0,0,,,,0,0,0,0,0,0,0,0,0,0,0,7,0,0,7000,7000,255,45,157,0,0,0,0,0,0,0,39321,0,0,0,0,0,0,26222,39321
22.957,0,0,65,87,58,14.7,-1.0,-0.068,1,0,0,0,4.5,318,0,0,0,0,0,0,0,1,0,1,0,0,0,0,0,0,0,0,0,107,91,1,0,0,0,0,0,0,0,0,0,0,0,0,0,0,1090,1400,-40,0.25,0,7.35,19.01,0,0,0,0,65,12.599,0,1,1.816,1.816,0.547,2.07,0.254,0,0,,,,0,0,0,0,0,0,0,0,0,0,0,7,0,0,7000,7000,255,45,157,0,0,0,0,0,0,0,39321,0,0,0,0,0,0,26222,39321
23.017,0,0,65,87,58,14.7,-1.0,-0.068,1,0,0,0,4.5,318,0,0,0,0,0,0,0,1,0,1,0,0,0,0,0,0,0,0,0,107,91,1,0,0,0,0,0,0,0,0,0,0,0,0,0,0,1090,1400,-40,0.25,0,7.35,18.89,0,0,0,0,65,12.599,0,1,1.816,1.816,0.547,2.051,0.254,0,0,,,,0,0,0,0,0,0,0,0,0,0,0,7,0,0,7000,7000,255,45,157,0,0,0,0,0,0,0,39321,0,0,0,0,0,0,26222,39321
23.077,0,0,65,87,58,14.7,-1.0,-0.068,1,0,0,0,4.5,318,0,0,0,0,0,0,0,1,0,1,0,0,0,0,0,0,0,0,0,107,91,1,0,0,0,0,0,0,0,0,0,0,0,0,0,0,1090,1400,-40,0.25,0,7.35,18.89,0,0,0,0,65,12.599,0,1,1.816,1.816,0.547,2.07,0.254,0,0,,,,0,0,0,0,0,0,0,0,0,0,0,7,0,0,7000,7000,255,45,157,0,0,0,0,0,0,0,39321,0,0,0,0,0,0,26222,39321
23.137,0,0,65,87,58,14.7,-1.0,-0.068,1,0,0,0,4.5,318,0,0,0,0,0,0,0,1,0,1,0,0,0,0,0,0,0,0,0,107,91,1,0,0,0,0,0,0,0,0,0,0,0,0,0,0,1090,1400,-40,0.25,0,7.35,18.89,0,0,0,0,65,12.599,0,1,1.816,1.816,0.547,2.051,0.254,0,0,,,,0,0,0,0,0,0,0,0,0,0,0,7,0,0,7000,7000,255,45,157,0,0,0,0,0,0,0,39321,0,0,0,0,0,0,26222,39321
23.197,0,0,65,87,58,14.7,-1.0,-0.068,1,0,0,0,4.5,318,0,0,0,0,0,0,0,1,0,1,0,0,0,0,0,0,0,0,0,107,91,1,0,0,0,0,0,0,0,0,0,0,0,0,0,0,1090,1400,-40,0.25,0,7.35,18.95,0,0,0,0,65,12.599,0,1,1.816,1.816,0.547,2.051,0.254,0,0,,,,0,0,0,0,0,0,0,0,0,0,0,7,0,0,7000,7000,255,45,157,0,0,0,0,0,0,0,39321,0,0,0,0,0,0,26222,39321
23.257,0,0,65,87,58,14.7,-1.0,-0.068,1,0,0,0,4.5,318,0,0,0,0,0,0,0,1,0,1,0,0,0,0,0,0,0,0,0,107,91,1,0,0,0,0,0,0,0,0,0,0,0,0,0,0,1090,1400,-40,0.25,0,7.35,19.01,0,0,0,0,65,12.599,0,1,1.816,1.816,0.547,2.051,0.254,0,0,,,,0,0,0,0,0,0,0,0,0,0,0,7,0,0,7000,7000,255,45,157,0,0,0,0,0,0,0,39321,0,0,0,0,0,0,26222,39321
23.317,0,0,65,87,58,14.7,-1.0,-0.068,1,0,0,0,4.5,318,0,0,0,0,0,0,0,1,0,1,0,0,0,0,0,0,0,0,0,107,91,1,0,0,0,0,0,0,0,0,0,0,0,0,0,0,1090,1400,-40,0.25,0,7.35,19.01,0,0,0,0,65,12.599,0,1,1.816,1.816,0.547,2.051,0.254,0,0,,,,0,0,0,0,0,0,0,0,0,0,0,7,0,0,7000,7000,255,45,157,0,0,0,0,0,0,0,39321,0,0,0,0,0,0,26222,39321
23.377,0,0,65,87,58,14.7,-1.0,-0.068,1,0,0,0,4.5,318,0,0,0,0,0,0,0,1,0,1,0,0,0,0,0,0,0,0,0,107,91,1,0,0,0,0,0,0,0,0,0,0,0,0,0,0,1090,1400,-40,0.25,0,7.35,19.01,0,0,0,0,65,12.599,0,1,1.816,1.816,0.547,2.051,0.254,0,0,,,,0,0,0,0,0,0,0,0,0,0,0,7,0,0,7000,7000,255,45,157,0,0,0,0,0,0,0,39321,0,0,0,0,0,0,26222,39321
23.437,0,0,65,87,58,14.7,-1.0,-0.068,1,0,0,0,4.5,318,0,0,0,0,0,0,0,1,0,1,0,0,0,0,0,0,0,0,0,107,91,1,0,0,0,0,0,0,0,0,0,0,0,0,0,0,1090,1400,-40,0.25,0,7.35,18.89,0,0,0,0,65,12.599,0,1,1.816,1.816,0.547,2.051,0.254,0,0,,,,0,0,0,0,0,0,0,0,0,0,0,7,0,0,7000,7000,255,45,157,0,0,0,0,0,0,0,39321,0,0,0,0,0,0,26222,39321
23.497,0,0,65,87,58,14.7,-1.0,-0.068,1,0,0,0,4.5,318,0,0,0,0,0,0,0,1,0,1,0,0,0,0,0,0,0,0,0,107,91,1,0,0,0,0,0,0,0,0,0,0,0,0,0,0,1090,1400,-40,0.25,0,7.35,18.89,0,0,0,0,65,12.599,0,1,1.816,1.816,0.547,2.051,0.254,0,0,,,,0,0,0,0,0,0,0,0,0,0,0,7,0,0,7000,7000,255,45,157,0,0,0,0,0,0,0,39321,0,0,0,0,0,0,26222,39321
23.557,0,0,65,87,59,14.7,-1.0,-0.068,1,0,0,0,4.5,318,0,0,0,0,0,0,0,1,0,1,0,0,0,0,0,0,0,0,0,107,91,1,0,0,0,0,0,0,0,0,0,0,0,0,0,0,1090,1400,-40,0.25,0,7.35,18.89,0,0,0,0,65,12.599,0,1,1.816,1.816,0.547,2.051,0.254,0,0,,,,0,0,0,0,0,0,0,0,0,0,0,7,0,0,7000,7000,255,45,157,0,0,0,0,0,0,0,39321,0,0,0,0,0,0,26222,39321
23.617,0,0,65,87,59,14.7,-1.0,-0.068,1,0,0,0,4.5,318,0,0,0,0,0,0,0,1,0,1,0,0,0,0,0,0,0,0,0,107,91,1,0,0,0,0,0,0,0,0,0,0,0,0,0,0,1090,1400,-40,0.25,0,7.35,18.83,0,0,0,0,65,12.599,0,1,1.816,1.816,0.547,2.051,0.254,0,0,,,,0,0,0,0,0,0,0,0,0,0,0,7,0,0,7000,7000,255,45,157,0,0,0,0,0,0,0,39321,0,0,0,0,0,0,26222,39321
23.677,0,0,65,87,59,14.7,-1.0,-0.068,1,0,0,0,4.5,318,0,0,0,0,0,0,0,1,0,1,0,0,0,0,0,0,0,0,0,107,91,1,0,0,0,0,0,0,0,0,0,0,0,0,0,0,1090,1400,-40,0.25,0,7.35,18.83,0,0,0,0,65,12.599,0,1,1.816,1.816,0.547,2.051,0.254,0,0,,,,0,0,0,0,0,0,0,0,0,0,0,7,0,0,7000,7000,255,45,157,0,0,0,0,0,0,0,39321,0,0,0,0,0,0,26222,39321
23.737,0,0,65,87,59,14.7,-1.0,-0.068,1,0,0,0,4.5,318,0,0,0,0,0,0,0,1,0,1,0,0,0,0,0,0,0,0,0,107,91,1,0,0,0,0,0,0,0,0,0,0,0,0,0,0,1090,1400,-40,0.25,0,7.35,18.83,0,0,0,0,65,12.599,0,1,1.816,1.816,0.547,2.051,0.254,0,0,,,,0,0,0,0,0,0,0,0,0,0,0,7,0,0,7000,7000,255,45,157,0,0,0,0,0,0,0,39321,0,0,0,0,0,0,26222,39321
23.797,0,0,65,87,59,14.7,-1.0,-0.068,1,0,0,0,4.5,318,0,0,0,0,0,0,0,1,0,1,0,0,0,0,0,0,0,0,0,107,91,1,0,0,0,0,0,0,0,0,0,0,0,0,0,0,1090,1400,-40,0.25,0,7.35,18.78,0,0,0,0,65,12.599,0,1,1.816,1.816,0.547,2.051,0.254,0,0,,,,0,0,0,0,0,0,0,0,0,0,0,7,0,0,7000,7000,255,45,157,0,0,0,0,0,0,0,39321,0,0,0,0,0,0,26222,39321
23.857,0,0,65,87,59,14.7,-1.0,-0.068,1,0,0,0,4.5,318,0,0,0,0,0,0,0,1,0,1,0,0,0,0,0,0,0,0,0,107,91,1,0,0,0,0,0,0,0,0,0,0,0,0,0,0,1090,1400,-40,0.25,0,7.35,18.78,0,0,0,0,65,12.599,0,1,1.816,1.816,0.547,2.051,0.254,0,0,,,,0,0,0,0,0,0,0,0,0,0,0,7,0,0,7000,7000,255,45,157,0,0,0,0,0,0,0,39321,0,0,0,0,0,0,26222,39321
23.917,0,0,65,87,59,14.7,-1.0,-0.068,1,0,0,0,4.5,318,0,0,0,0,0,0,0,1,0,1,0,0,0,0,0,0,0,0,0,107,91,1,0,0,0,0,0,0,0,0,0,0,0,0,0,0,1090,1400,-40,0.25,0,7.35,18.78,0,0,0,0,65,12.599,0,1,1.816,1.816,0.547,2.051,0.254,0,0,,,,0,0,0,0,0,0,0,0,0,0,0,7,0,0,7000,7000,255,45,157,0,0,0,0,0,0,0,39321,0,0,0,0,0,0,26222,39321
23.977,0,0,65,87,59,14.7,-1.0,-0.068,1,0,0,0,4.5,318,0,0,0,0,0,0,0,1,0,1,0,0,0,0,0,0,0,0,0,107,91,1,0,0,0,0,0,0,0,0,0,0,0,0,0,0,1090,1400,-40,0.25,0,7.35,18.78,0,0,0,0,65,12.599,0,1,1.816,1.816,0.547,2.051,0.254,0,0,,,,0,0,0,0,0,0,0,0,0,0,0,7,0,0,7000,7000,255,45,157,0,0,0,0,0,0,0,39321,0,0,0,0,0,0,26222,39321
24.036,0,0,65,87,59,14.7,-1.0,-0.068,1,0,0,0,4.5,318,0,0,0,0,0,0,0,1,0,1,0,0,0,0,0,0,0,0,0,107,91,1,0,0,0,0,0,0,0,0,0,0,0,0,0,0,1090,1400,-40,0.25,0,7.35,18.83,0,0,0,0,65,12.599,0,1,1.816,1.816,0.547,2.051,0.254,0,0,,,,0,0,0,0,0,0,0,0,0,0,0,7,0,0,7000,7000,255,45,157,0,0,0,0,0,0,0,39321,0,0,0,0,0,0,26222,39321
24.096,0,0,65,87,59,14.7,-1.0,-0.068,1,0,0,0,4.5,318,0,0,0,0,0,0,0,1,0,1,0,0,0,0,0,0,0,0,0,107,91,1,0,0,0,0,0,0,0,0,0,0,0,0,0,0,1090,1400,-40,0.25,0,7.35,18.83,0,0,0,0,65,12.599,0,1,1.816,1.816,0.547,2.051,0.254,0,0,,,,0,0,0,0,0,0,0,0,0,0,0,7,0,0,7000,7000,255,45,157,0,0,0,0,0,0,0,39321,0,0,0,0,0,0,26222,39321
24.157,0,0,65,87,59,14.7,-1.0,-0.068,1,0,0,0,4.5,318,0,0,0,0,0,0,0,1,0,1,0,0,0,0,0,0,0,0,0,107,91,1,0,0,0,0,0,0,0,0,0,0,0,0,0,0,1090,1400,-40,0.25,0,7.35,18.83,0,0,0,0,65,12.599,0,1,1.816,1.816,0.547,2.051,0.254,0,0,,,,0,0,0,0,0,0,0,0,0,0,0,7,0,0,7000,7000,255,45,157,0,0,0,0,0,0,0,39321,0,0,0,0,0,0,26222,39321
24.217,0,0,65,87,59,14.7,-1.0,-0.068,1,0,0,0,4.5,318,0,0,0,0,0,0,0,1,0,1,0,0,0,0,0,0,0,0,0,107,91,1,0,0,0,0,0,0,0,0,0,0,0,0,0,0,1090,1400,-40,0.25,0,7.35,18.83,0,0,0,0,65,12.599,0,1,1.816,1.816,0.547,2.051,0.254,0,0,,,,0,0,0,0,0,0,0,0,0,0,0,7,0,0,7000,7000,255,45,157,0,0,0,0,0,0,0,39321,0,0,0,0,0,0,26222,39321
24.276,0,0,65,87,59,14.7,-1.0,-0.068,1,0,0,0,4.5,318,0,0,0,0,0,0,0,1,0,1,0,0,0,0,0,0,0,0,0,107,91,1,0,0,0,0,0,0,0,0,0,0,0,0,0,0,1090,1400,-40,0.25,0,7.35,18.89,0,0,0,0,65,12.599,0,1,1.816,1.816,0.547,2.051,0.254,0,0,,,,0,0,0,0,0,0,0,0,0,0,0,7,0,0,7000,7000,255,45,157,0,0,0,0,0,0,0,39321,0,0,0,0,0,0,26222,39321
24.336,0,0,65,87,59,14.7,-1.0,-0.068,1,0,0,0,4.5,318,0,0,0,0,0,0,0,1,0,1,0,0,0,0,0,0,0,0,0,107,91,1,0,0,0,0,0,0,0,0,0,0,0,0,0,0,1090,1400,-40,0.25,0,7.35,18.95,0,0,0,0,65,12.599,0,1,1.816,1.816,0.547,2.051,0.254,0,0,,,,0,0,0,0,0,0,0,0,0,0,0,7,0,0,7000,7000,255,45,157,0,0,0,0,0,0,0,39321,0,0,0,0,0,0,26222,39321
24.396,0,0,65,87,59,14.7,-1.0,-0.068,1,0,0,0,4.5,318,0,0,0,0,0,0,0,1,0,1,0,0,0,0,0,0,0,0,0,107,91,1,0,0,0,0,0,0,0,0,0,0,0,0,0,0,1090,1400,-40,0.25,0,7.35,18.95,0,0,0,0,65,12.599,0,1,1.816,1.816,0.547,2.051,0.254,0,0,,,,0,0,0,0,0,0,0,0,0,0,0,7,0,0,7000,7000,255,45,157,0,0,0,0,0,0,0,39321,0,0,0,0,0,0,26222,39321
24.456,0,0,65,87,59,14.7,-1.0,-0.068,1,0,0,0,4.5,318,0,0,0,0,0,0,0,1,0,1,0,0,0,0,0,0,0,0,0,107,91,1,0,0,0,0,0,0,0,0,0,0,0,0,0,0,1090,1400,-40,0.25,0,7.35,18.95,0,0,0,0,65,12.599,0,1,1.816,1.816,0.547,2.051,0.254,0,0,,,,0,0,0,0,0,0,0,0,0,0,0,7,0,0,7000,7000,255,45,157,0,0,0,0,0,0,0,39321,0,0,0,0,0,0,26222,39321
24.516,0,0,65,87,59,14.7,-1.0,-0.068,1,0,0,0,4.5,318,0,0,0,0,0,0,0,1,0,1,0,0,0,0,0,0,0,0,0,107,91,1,0,0,0,0,0,0,0,0,0,0,0,0,0,0,1090,1400,-40,0.25,0,7.35,18.95,0,0,0,0,65,12.599,0,1,1.816,1.816,0.547,2.051,0.254,0,0,,,,0,0,0,0,0,0,0,0,0,0,0,7,0,0,7000,7000,255,45,157,0,0,0,0,0,0,0,39321,0,0,0,0,0,0,26222,39321
24.576,0,0,65,87,59,14.7,-1.0,-0.068,1,0,0,0,4.5,318,0,0,0,0,0,0,0,1,0,1,0,0,0,0,0,0,0,0,0,107,91,1,0,0,0,0,0,0,0,0,0,0,0,0,0,0,1090,1400,-40,0.25,0,7.35,18.89,0,0,0,0,65,12.599,0,1,1.816,1.816,0.547,2.051,0.254,0,0,,,,0,0,0,0,0,0,0,0,0,0,0,7,0,0,7000,7000,255,45,157,0,0,0,0,0,0,0,39321,0,0,0,0,0,0,26222,39321
24.636,0,0,65,87,59,14.7,-1.0,-0.068,1,0,0,0,4.5,318,0,0,0,0,0,0,0,1,0,1,0,0,0,0,0,0,0,0,0,107,91,1,0,0,0,0,0,0,0,0,0,0,0,0,0,0,1090,1400,-40,0.25,0,7.35,18.89,0,0,0,0,65,12.599,0,1,1.816,1.816,0.547,2.051,0.254,0,0,,,,0,0,0,0,0,0,0,0,0,0,0,7,0,0,7000,7000,255,45,157,0,0,0,0,0,0,0,39321,0,0,0,0,0,0,26222,39321
24.696,0,0,65,87,59,14.7,-1.0,-0.068,1,0,0,0,4.5,318,0,0,0,0,0,0,0,1,0,1,0,0,0,0,0,0,0,0,0,107,91,1,0,0,0,0,0,0,0,0,0,0,0,0,0,0,1090,1400,-40,0.25,0,7.35,18.83,0,0,0,0,65,12.599,0,1,1.816,1.816,0.547,2.051,0.254,0,0,,,,0,0,0,0,0,0,0,0,0,0,0,7,0,0,7000,7000,255,45,157,0,0,0,0,0,0,0,39321,0,0,0,0,0,0,26222,39321
24.756,0,0,65,87,59,14.7,-1.0,-0.068,1,0,0,0,4.5,318,0,0,0,0,0,0,0,1,0,1,0,0,0,0,0,0,0,0,0,107,91,1,0,0,0,0,0,0,0,0,0,0,0,0,0,0,1090,1400,-40,0.25,0,7.35,18.83,0,0,0,0,65,12.599,0,1,1.816,1.816,0.547,2.051,0.254,0,0,,,,0,0,0,0,0,0,0,0,0,0,0,7,0,0,7000,7000,255,45,157,0,0,0,0,0,0,0,39321,0,0,0,0,0,0,26222,39321
24.816,0,0,65,87,59,14.7,-1.0,-0.068,1,0,0,0,4.5,318,0,0,0,0,0,0,0,1,0,1,0,0,0,0,0,0,0,0,0,107,91,1,0,0,0,0,0,0,0,0,0,0,0,0,0,0,1090,1400,-40,0.25,0,7.35,18.83,0,0,0,0,65,12.599,0,1,1.816,1.816,0.547,2.051,0.254,0,0,,,,0,0,0,0,0,0,0,0,0,0,0,7,0,0,7000,7000,255,45,157,0,0,0,0,0,0,0,39321,0,0,0,0,0,0,26222,39321
24.876,0,0,65,87,59,14.7,-1.0,-0.068,1,0,0,0,4.5,318,0,0,0,0,0,0,0,1,0,1,0,0,0,0,0,0,0,0,0,107,91,1,0,0,0,0,0,0,0,0,0,0,0,0,0,0,1090,1400,-40,0.25,0,7.35,18.78,0,0,0,0,65,12.599,0,1,1.816,1.816,0.547,2.051,0.254,0,0,,,,0,0,0,0,0,0,0,0,0,0,0,7,0,0,7000,7000,255,45,157,0,0,0,0,0,0,0,39321,0,0,0,0,0,0,26222,39321
24.936,0,0,65,87,59,14.7,-1.0,-0.068,1,0,0,0,4.5,318,0,0,0,0,0,0,0,1,0,1,0,0,0,0,0,0,0,0,0,107,91,1,0,0,0,0,0,0,0,0,0,0,0,0,0,0,1090,1400,-40,0.25,0,7.35,18.78,0,0,0,0,65,12.599,0,1,1.816,1.816,0.547,2.051,0.254,0,0,,,,0,0,0,0,0,0,0,0,0,0,0,7,0,0,7000,7000,255,45,157,0,0,0,0,0,0,0,39321,0,0,0,0,0,0,26222,39321
24.996,0,0,65,87,59,14.7,-1.0,-0.068,1,0,0,0,4.5,318,0,0,0,0,0,0,0,1,0,1,0,0,0,0,0,0,0,0,0,107,91,1,0,0,0,0,0,0,0,0,0,0,0,0,0,0,1090,1400,-40,0.25,0,7.35,18.78,0,0,0,0,65,12.599,0,1,1.816,1.816,0.547,2.051,0.254,0,0,,,,0,0,0,0,0,0,0,0,0,0,0,7,0,0,7000,7000,255,45,157,0,0,0,0,0,0,0,39321,0,0,0,0,0,0,26222,39321
25.056,0,0,65,87,59,14.7,-1.0,-0.068,1,0,0,0,4.5,318,0,0,0,0,0,0,0,1,0,1,0,0,0,0,0,0,0,0,0,107,91,1,0,0,0,0,0,0,0,0,0,0,0,0,0,0,1090,1400,-40,0.25,0,7.35,18.78,0,0,0,0,65,12.599,0,1,1.816,1.816,0.547,2.051,0.254,0,0,,,,0,0,0,0,0,0,0,0,0,0,0,7,0,0,7000,7000,255,45,157,0,0,0,0,0,0,0,39321,0,0,0,0,0,0,26222,39321
25.116,0,0,65,87,59,14.7,-1.0,-0.068,1,0,0,0,4.5,318,0,0,0,0,0,0,0,1,0,1,0,0,0,0,0,0,0,0,0,107,91,1,0,0,0,0,0,0,0,0,0,0,0,0,0,0,1090,1400,-40,0.25,0,7.35,18.78,0,0,0,0,65,12.599,0,1,1.816,1.816,0.547,2.051,0.254,0,0,,,,0,0,0,0,0,0,0,0,0,0,0,7,0,0,7000,7000,255,45,157,0,0,0,0,0,0,0,39321,0,0,0,0,0,0,26222,39321
25.176,0,0,65,87,59,14.7,-1.0,-0.068,1,0,0,0,4.5,318,0,0,0,0,0,0,0,1,0,1,0,0,0,0,0,0,0,0,0,107,91,1,0,0,0,0,0,0,0,0,0,0,0,0,0,0,1090,1400,-40,0.25,0,7.35,18.83,0,0,0,0,65,12.599,0,1,1.816,1.816,0.547,2.051,0.254,0,0,,,,0,0,0,0,0,0,0,0,0,0,0,7,0,0,7000,7000,255,45,157,0,0,0,0,0,0,0,39321,0,0,0,0,0,0,26222,39321
25.235,0,0,65,87,59,14.7,-1.0,-0.068,1,0,0,0,4.5,318,0,0,0,0,0,0,0,1,0,1,0,0,0,0,0,0,0,0,0,107,91,1,0,0,0,0,0,0,0,0,0,0,0,0,0,0,1090,1400,-40,0.25,0,7.35,18.89,0,0,0,0,65,12.599,0,1,1.816,1.816,0.547,2.051,0.254,0,0,,,,0,0,0,0,0,0,0,0,0,0,0,7,0,0,7000,7000,255,45,157,0,0,0,0,0,0,0,39321,0,0,0,0,0,0,26222,39321
25.295,0,0,65,87,59,14.7,-1.0,-0.068,1,0,0,0,4.5,318,0,0,0,0,0,0,0,1,0,1,0,0,0,0,0,0,0,0,0,107,91,1,0,0,0,0,0,0,0,0,0,0,0,0,0,0,1090,1400,-40,0.25,0,7.35,18.89,0,0,0,0,65,12.599,0,1,1.816,1.816,0.547,2.051,0.254,0,0,,,,0,0,0,0,0,0,0,0,0,0,0,7,0,0,7000,7000,255,45,157,0,0,0,0,0,0,0,39321,0,0,0,0,0,0,26222,39321
25.355,0,0,65,87,59,14.7,-1.0,-0.068,1,0,0,0,4.5,318,0,0,0,0,0,0,0,1,0,1,0,0,0,0,0,0,0,0,0,107,91,1,0,0,0,0,0,0,0,0,0,0,0,0,0,0,1090,1400,-40,0.25,0,7.35,18.89,0,0,0,0,65,12.599,0,1,1.816,1.816,0.547,2.051,0.254,0,0,,,,0,0,0,0,0,0,0,0,0,0,0,7,0,0,7000,7000,255,45,157,0,0,0,0,0,0,0,39321,0,0,0,0,0,0,26222,39321
25.415,0,0,65,87,59,14.7,-1.0,-0.068,1,0,0,0,4.5,318,0,0,0,0,0,0,0,1,0,1,0,0,0,0,0,0,0,0,0,107,91,1,0,0,0,0,0,0,0,0,0,0,0,0,0,0,1090,1400,-40,0.25,0,7.35,18.95,0,0,0,0,65,12.599,0,1,1.816,1.816,0.547,2.051,0.254,0,0,,,,0,0,0,0,0,0,0,0,0,0,0,7,0,0,7000,7000,255,45,157,0,0,0,0,0,0,0,39321,0,0,0,0,0,0,26222,39321
25.475,0,0,65,87,59,14.7,-1.0,-0.068,1,0,0,0,4.5,318,0,0,0,0,0,0,0,1,0,1,0,0,0,0,0,0,0,0,0,107,91,1,0,0,0,0,0,0,0,0,0,0,0,0,0,0,1090,1400,-40,0.25,0,7.35,18.95,0,0,0,0,65,12.599,0,1,1.816,1.816,0.547,2.051,0.254,0,0,,,,0,0,0,0,0,0,0,0,0,0,0,7,0,0,7000,7000,255,45,157,0,0,0,0,0,0,0,39321,0,0,0,0,0,0,26222,39321
25.536,0,0,65,87,59,14.7,-1.0,-0.068,1,0,0,0,4.5,318,0,0,0,0,0,0,0,1,0,1,0,0,0,0,0,0,0,0,0,107,91,1,0,0,0,0,0,0,0,0,0,0,0,0,0,0,1090,1400,-40,0.25,0,7.35,18.95,0,0,0,0,65,12.599,0,1,1.816,1.816,0.547,2.051,0.254,0,0,,,,0,0,0,0,0,0,0,0,0,0,0,7,0,0,7000,7000,255,45,157,0,0,0,0,0,0,0,39321,0,0,0,0,0,0,26222,39321
25.596,0,0,65,87,59,14.7,-1.0,-0.068,1,0,0,0,4.5,318,0,0,0,0,0,0,0,1,0,1,0,0,0,0,0,0,0,0,0,107,91,1,0,0,0,0,0,0,0,0,0,0,0,0,0,0,1090,1400,-40,0.25,0,7.35,19.01,0,0,0,0,65,12.599,0,1,1.816,1.816,0.547,2.051,0.254,0,0,,,,0,0,0,0,0,0,0,0,0,0,0,7,0,0,7000,7000,255,45,157,0,0,0,0,0,0,0,39321,0,0,0,0,0,0,26222,39321
25.656,0,0,65,87,59,14.7,-1.0,-0.068,1,0,0,0,4.5,318,0,0,0,0,0,0,0,1,0,1,0,0,0,0,0,0,0,0,0,107,91,1,0,0,0,0,0,0,0,0,0,0,0,0,0,0,1090,1400,-40,0.25,0,7.35,19.01,0,0,0,0,65,12.599,0,1,1.816,1.816,0.547,2.051,0.254,0,0,,,,0,0,0,0,0,0,0,0,0,0,0,7,0,0,7000,7000,255,45,157,0,0,0,0,0,0,0,39321,0,0,0,0,0,0,26222,39321
25.715,0,0,65,87,59,14.7,-1.0,-0.068,1,0,0,0,4.5,318,0,0,0,0,0,0,0,1,0,1,0,0,0,0,0,0,0,0,0,107,91,1,0,0,0,0,0,0,0,0,0,0,0,0,0,0,1090,1400,-40,0.25,0,7.35,18.89,0,0,0,0,65,12.599,0,1,1.816,1.816,0.547,2.051,0.254,0,0,,,,0,0,0,0,0,0,0,0,0,0,0,7,0,0,7000,7000,255,45,157,0,0,0,0,0,0,0,39321,0,0,0,0,0,0,26222,39321
25.775,0,0,65,87,59,14.7,-1.0,-0.068,1,0,0,0,4.5,318,0,0,0,0,0,0,0,1,0,1,0,0,0,0,0,0,0,0,0,107,91,1,0,0,0,0,0,0,0,0,0,0,0,0,0,0,1090,1400,-40,0.25,0,7.35,18.95,0,0,0,0,65,12.599,0,1,1.816,1.816,0.547,2.051,0.254,0,0,,,,0,0,0,0,0,0,0,0,0,0,0,7,0,0,7000,7000,255,45,157,0,0,0,0,0,0,0,39321,0,0,0,0,0,0,26222,39321
25.835,0,0,65,87,59,14.7,-1.0,-0.068,1,0,0,0,4.5,318,0,0,0,0,0,0,0,1,0,1,0,0,0,0,0,0,0,0,0,107,91,1,0,0,0,0,0,0,0,0,0,0,0,0,0,0,1090,1400,-40,0.25,0,7.35,18.95,0,0,0,0,65,12.599,0,1,1.816,1.816,0.547,2.051,0.254,0,0,,,,0,0,0,0,0,0,0,0,0,0,0,7,0,0,7000,7000,255,45,157,0,0,0,0,0,0,0,39321,0,0,0,0,0,0,26222,39321
25.896,0,0,65,87,59,14.7,-1.0,-0.068,1,0,0,0,4.5,318,0,0,0,0,0,0,0,1,0,1,0,0,0,0,0,0,0,0,0,107,91,1,0,0,0,0,0,0,0,0,0,0,0,0,0,0,1090,1400,-40,0.25,0,7.35,18.83,0,0,0,0,65,12.599,0,1,1.816,1.816,0.547,2.051,0.254,0,0,,,,0,0,0,0,0,0,0,0,0,0,0,7,0,0,7000,7000,255,45,157,0,0,0,0,0,0,0,39321,0,0,0,0,0,0,26222,39321
25.956,0,0,65,87,59,14.7,-1.0,-0.068,1,0,0,0,4.5,318,0,0,0,0,0,0,0,1,0,1,0,0,0,0,0,0,0,0,0,107,91,1,0,0,0,0,0,0,0,0,0,0,0,0,0,0,1090,1400,-40,0.25,0,7.35,18.78,0,0,0,0,65,12.599,0,1,1.816,1.816,0.547,2.051,0.254,0,0,,,,0,0,0,0,0,0,0,0,0,0,0,7,0,0,7000,7000,255,45,157,0,0,0,0,0,0,0,39321,0,0,0,0,0,0,26222,39321
26.015,0,0,65,87,59,14.7,-1.0,-0.068,1,0,0,0,4.5,318,0,0,0,0,0,0,0,1,0,1,0,0,0,0,0,0,0,0,0,107,91,1,0,0,0,0,0,0,0,0,0,0,0,0,0,0,1090,1400,-40,0.25,0,7.35,18.89,0,0,0,0,65,12.599,0,1,1.816,1.816,0.547,2.051,0.254,0,0,,,,0,0,0,0,0,0,0,0,0,0,0,7,0,0,7000,7000,255,45,157,0,0,0,0,0,0,0,39321,0,0,0,0,0,0,26222,39321
26.075,0,0,65,87,59,14.7,-1.0,-0.068,1,0,0,0,4.5,318,0,0,0,0,0,0,0,1,0,1,0,0,0,0,0,0,0,0,0,107,91,1,0,0,0,0,0,0,0,0,0,0,0,0,0,0,1090,1400,-40,0.25,0,7.35,18.89,0,0,0,0,65,12.599,0,1,1.816,1.816,0.547,2.051,0.254,0,0,,,,0,0,0,0,0,0,0,0,0,0,0,7,0,0,7000,7000,255,45,157,0,0,0,0,0,0,0,39321,0,0,0,0,0,0,26222,39321
26.136,0,0,65,87,59,14.7,-1.0,-0.068,1,0,0,0,4.5,318,0,0,0,0,0,0,0,1,0,1,0,0,0,0,0,0,0,0,0,107,91,1,0,0,0,0,0,0,0,0,0,0,0,0,0,0,1090,1400,-40,0.25,0,7.35,18.89,0,0,0,0,65,12.599,0,1,1.816,1.816,0.547,2.051,0.254,0,0,,,,0,0,0,0,0,0,0,0,0,0,0,7,0,0,7000,7000,255,45,157,0,0,0,0,0,0,0,39321,0,0,0,0,0,0,26222,39321
26.196,0,0,65,87,59,14.7,-1.0,-0.068,1,0,0,0,4.5,318,0,0,0,0,0,0,0,1,0,1,0,0,0,0,0,0,0,0,0,107,91,1,0,0,0,0,0,0,0,0,0,0,0,0,0,0,1090,1400,-40,0.25,0,7.35,18.89,0,0,0,0,65,12.599,0,1,1.816,1.816,0.547,2.051,0.254,0,0,,,,0,0,0,0,0,0,0,0,0,0,0,7,0,0,7000,7000,255,45,157,0,0,0,0,0,0,0,39321,0,0,0,0,0,0,26222,39321
26.256,0,0,65,87,59,14.7,-1.0,-0.068,1,0,0,0,4.5,318,0,0,0,0,0,0,0,1,0,1,0,0,0,0,0,0,0,0,0,107,91,1,0,0,0,0,0,0,0,0,0,0,0,0,0,0,1090,1400,-40,0.25,0,7.35,18.89,0,0,0,0,65,12.599,0,1,1.816,1.816,0.547,2.051,0.254,0,0,,,,0,0,0,0,0,0,0,0,0,0,0,7,0,0,7000,7000,255,45,157,0,0,0,0,0,0,0,39321,0,0,0,0,0,0,26222,39321
26.316,0,0,65,87,59,14.7,-1.0,-0.068,1,0,0,0,4.5,318,0,0,0,0,0,0,0,1,0,1,0,0,0,0,0,0,0,0,0,107,91,1,0,0,0,0,0,0,0,0,0,0,0,0,0,0,1090,1400,-40,0.25,0,7.35,18.95,0,0,0,0,65,12.599,0,1,1.816,1.816,0.547,2.051,0.254,0,0,,,,0,0,0,0,0,0,0,0,0,0,0,7,0,0,7000,7000,255,45,157,0,0,0,0,0,0,0,39321,0,0,0,0,0,0,26222,39321
26.376,0,0,65,87,59,14.7,-1.0,-0.068,1,0,0,0,4.5,318,0,0,0,0,0,0,0,1,0,1,0,0,0,0,0,0,0,0,0,107,91,1,0,0,0,0,0,0,0,0,0,0,0,0,0,0,1090,1400,-40,0.25,0,7.35,18.89,0,0,0,0,65,12.599,0,1,1.816,1.816,0.547,2.051,0.254,0,0,,,,0,0,0,0,0,0,0,0,0,0,0,7,0,0,7000,7000,255,45,157,0,0,0,0,0,0,0,39321,0,0,0,0,0,0,26222,39321
26.436,0,0,65,87,59,14.7,-1.0,-0.068,1,0,0,0,4.5,318,0,0,0,0,0,0,0,1,0,1,0,0,0,0,0,0,0,0,0,107,91,1,0,0,0,0,0,0,0,0,0,0,0,0,0,0,1090,1400,-40,0.25,0,7.35,19.06,0,0,0,0,65,12.599,0,1,1.816,1.816,0.547,2.051,0.254,0,0,,,,0,0,0,0,0,0,0,0,0,0,0,7,0,0,7000,7000,255,45,157,0,0,0,0,0,0,0,39321,0,0,0,0,0,0,26222,39321
26.496,0,0,65,87,59,14.7,-1.0,-0.068,1,0,0,0,4.5,318,0,0,0,0,0,0,0,1,0,1,0,0,0,0,0,0,0,0,0,107,91,1,0,0,0,0,0,0,0,0,0,0,0,0,0,0,1090,1400,-40,0.25,0,7.35,19.01,0,0,0,0,65,12.599,0,1,1.816,1.816,0.547,2.051,0.254,0,0,,,,0,0,0,0,0,0,0,0,0,0,0,7,0,0,7000,7000,255,45,157,0,0,0,0,0,0,0,39321,0,0,0,0,0,0,26222,39321
26.556,0,0,65,87,59,14.7,-1.0,-0.068,1,0,0,0,4.5,318,0,0,0,0,0,0,0,1,0,1,0,0,0,0,0,0,0,0,0,107,91,1,0,0,0,0,0,0,0,0,0,0,0,0,0,0,1090,1400,-40,0.25,0,7.35,19.01,0,0,0,0,65,12.599,0,1,1.816,1.816,0.547,2.051,0.254,0,0,,,,0,0,0,0,0,0,0,0,0,0,0,7,0,0,7000,7000,255,45,157,0,0,0,0,0,0,0,39321,0,0,0,0,0,0,26222,39321
26.616,0,0,65,87,59,14.7,-1.0,-0.068,1,0,0,0,4.5,318,0,0,0,0,0,0,0,1,0,1,0,0,0,0,0,0,0,0,0,107,91,1,0,0,0,0,0,0,0,0,0,0,0,0,0,0,1090,1400,-40,0.25,0,7.35,19.01,0,0,0,0,65,12.599,0,1,1.816,1.816,0.527,2.051,0.254,0,0,,,,0,0,0,0,0,0,0,0,0,0,0,7,0,0,7000,7000,255,45,157,0,0,0,0,0,0,0,39321,0,0,0,0,0,0,26222,39321
26.676,0,0,65,87,59,14.7,-1.0,-0.068,1,0,0,0,4.5,318,0,0,0,0,0,0,0,1,0,1,0,0,0,0,0,0,0,0,0,107,91,1,0,0,0,0,0,0,0,0,0,0,0,0,0,0,1090,1400,-40,0.25,0,7.35,19.06,0,0,0,0,65,12.599,0,1,1.816,1.816,0.527,2.051,0.254,0,0,,,,0,0,0,0,0,0,0,0,0,0,0,7,0,0,7000,7000,255,45,157,0,0,0,0,0,0,0,39321,0,0,0,0,0,0,26222,39321
26.736,0,0,65,87,59,14.7,-1.0,-0.068,1,0,0,0,4.5,318,0,0,0,0,0,0,0,1,0,1,0,0,0,0,0,0,0,0,0,107,91,1,0,0,0,0,0,0,0,0,0,0,0,0,0,0,1090,1400,-40,0.25,0,7.35,19.06,0,0,0,0,65,12.599,0,1,1.816,1.816,0.547,2.051,0.254,0,0,,,,0,0,0,0,0,0,0,0,0,0,0,7,0,0,7000,7000,255,45,157,0,0,0,0,0,0,0,39321,0,0,0,0,0,0,26222,39321
26.796,0,0,65,87,59,14.7,-1.0,-0.068,1,0,0,0,4.5,318,0,0,0,0,0,0,0,1,0,1,0,0,0,0,0,0,0,0,0,107,91,1,0,0,0,0,0,0,0,0,0,0,0,0,0,0,1090,1400,-40,0.25,0,7.35,19.06,0,0,0,0,65,12.599,0,1,1.816,1.816,0.547,2.051,0.254,0,0,,,,0,0,0,0,0,0,0,0,0,0,0,7,0,0,7000,7000,255,45,157,0,0,0,0,0,0,0,39321,0,0,0,0,0,0,26222,39321
26.856,0,0,65,87,59,14.7,-1.0,-0.068,1,0,0,0,4.5,318,0,0,0,0,0,0,0,1,0,1,0,0,0,0,0,0,0,0,0,107,91,1,0,0,0,0,0,0,0,0,0,0,0,0,0,0,1090,1400,-40,0.25,0,7.35,19.06,0,0,0,0,65,12.599,0,1,1.816,1.816,0.547,2.051,0.254,0,0,,,,0,0,0,0,0,0,0,0,0,0,0,7,0,0,7000,7000,255,45,157,0,0,0,0,0,0,0,39321,0,0,0,0,0,0,26222,39321
26.916,0,0,65,87,59,14.7,-1.0,-0.068,1,0,0,0,4.5,318,0,0,0,0,0,0,0,1,0,1,0,0,0,0,0,0,0,0,0,107,91,1,0,0,0,0,0,0,0,0,0,0,0,0,0,0,1090,1400,-40,0.25,0,7.35,19.01,0,0,0,0,65,12.599,0,1,1.816,1.816,0.547,2.051,0.254,0,0,,,,0,0,0,0,0,0,0,0,0,0,0,7,0,0,7000,7000,255,45,157,0,0,0,0,0,0,0,39321,0,0,0,0,0,0,26222,39321
26.976,0,0,65,87,59,14.7,-1.0,-0.068,1,0,0,0,4.5,318,0,0,0,0,0,0,0,1,0,1,0,0,0,0,0,0,0,0,0,107,91,1,0,0,0,0,0,0,0,0,0,0,0,0,0,0,1090,1400,-40,0.25,0,7.35,19.01,0,0,0,0,65,12.599,0,1,1.816,1.816,0.547,2.051,0.254,0,0,,,,0,0,0,0,0,0,0,0,0,0,0,7,0,0,7000,7000,255,45,157,0,0,0,0,0,0,0,39321,0,0,0,0,0,0,26222,39321
27.036,0,0,65,87,59,14.7,-1.0,-0.068,1,0,0,0,4.5,318,0,0,0,0,0,0,0,1,0,1,0,0,0,0,0,0,0,0,0,107,91,1,0,0,0,0,0,0,0,0,0,0,0,0,0,0,1090,1400,-40,0.25,0,7.35,18.95,0,0,0,0,65,12.599,0,1,1.816,1.816,0.527,2.051,0.254,0,0,,,,0,0,0,0,0,0,0,0,0,0,0,7,0,0,7000,7000,255,45,157,0,0,0,0,0,0,0,39321,0,0,0,0,0,0,26222,39321
27.096,0,0,65,87,59,14.7,-1.0,-0.068,1,0,0,0,4.5,318,0,0,0,0,0,0,0,1,0,1,0,0,0,0,0,0,0,0,0,107,91,1,0,0,0,0,0,0,0,0,0,0,0,0,0,0,1090,1400,-40,0.25,0,7.35,18.95,0,0,0,0,65,12.599,0,1,1.816,1.816,0.547,2.051,0.254,0,0,,,,0,0,0,0,0,0,0,0,0,0,0,7,0,0,7000,7000,255,45,157,0,0,0,0,0,0,0,39321,0,0,0,0,0,0,26222,39321
27.156,0,0,65,87,59,14.7,-1.0,-0.068,1,0,0,0,4.5,318,0,0,0,0,0,0,0,1,0,1,0,0,0,0,0,0,0,0,0,107,91,1,0,0,0,0,0,0,0,0,0,0,0,0,0,0,1090,1400,-40,0.25,0,7.35,18.95,0,0,0,0,65,12.599,0,1,1.816,1.816,0.527,2.051,0.254,0,0,,,,0,0,0,0,0,0,0,0,0,0,0,7,0,0,7000,7000,255,45,157,0,0,0,0,0,0,0,39321,0,0,0,0,0,0,26222,39321
27.216,0,0,65,87,59,14.7,-1.0,-0.068,1,0,0,0,4.5,318,0,0,0,0,0,0,0,1,0,1,0,0,0,0,0,0,0,0,0,107,91,1,0,0,0,0,0,0,0,0,0,0,0,0,0,0,1090,1400,-40,0.25,0,7.35,18.95,0,0,0,0,65,12.599,0,1,1.816,1.816,0.547,2.051,0.254,0,0,,,,0,0,0,0,0,0,0,0,0,0,0,7,0,0,7000,7000,255,45,157,0,0,0,0,0,0,0,39321,0,0,0,0,0,0,26222,39321
27.276,0,0,65,87,59,14.7,-1.0,-0.068,1,0,0,0,4.5,318,0,0,0,0,0,0,0,1,0,1,0,0,0,0,0,0,0,0,0,107,91,1,0,0,0,0,0,0,0,0,0,0,0,0,0,0,1090,1400,-40,0.25,0,7.35,18.95,0,0,0,0,65,12.599,0,1,1.816,1.816,0.527,2.051,0.254,0,0,,,,0,0,0,0,0,0,0,0,0,0,0,7,0,0,7000,7000,255,45,157,0,0,0,0,0,0,0,39321,0,0,0,0,0,0,26222,39321
27.336,0,0,65,87,59,14.7,-1.0,-0.068,1,0,0,0,4.5,318,0,0,0,0,0,0,0,1,0,1,0,0,0,0,0,0,0,0,0,107,91,1,0,0,0,0,0,0,0,0,0,0,0,0,0,0,1090,1400,-40,0.25,0,7.35,19.01,0,0,0,0,65,12.599,0,1,1.816,1.816,0.527,2.051,0.254,0,0,,,,0,0,0,0,0,0,0,0,0,0,0,7,0,0,7000,7000,255,45,157,0,0,0,0,0,0,0,39321,0,0,0,0,0,0,26222,39321
27.396,0,0,65,87,59,14.7,-1.0,-0.068,1,0,0,0,4.5,318,0,0,0,0,0,0,0,1,0,1,0,0,0,0,0,0,0,0,0,107,91,1,0,0,0,0,0,0,0,0,0,0,0,0,0,0,1090,1400,-40,0.25,0,7.35,19.01,0,0,0,0,65,12.599,0,1,1.816,1.816,0.527,2.051,0.254,0,0,,,,0,0,0,0,0,0,0,0,0,0,0,7,0,0,7000,7000,255,45,157,0,0,0,0,0,0,0,39321,0,0,0,0,0,0,26222,39321
27.456,0,0,65,87,59,14.7,-1.0,-0.068,1,0,0,0,4.5,318,0,0,0,0,0,0,0,1,0,1,0,0,0,0,0,0,0,0,0,107,91,1,0,0,0,0,0,0,0,0,0,0,0,0,0,0,1090,1400,-40,0.25,0,7.35,19.01,0,0,0,0,65,12.599,0,1,1.816,1.816,0.527,2.051,0.254,0,0,,,,0,0,0,0,0,0,0,0,0,0,0,7,0,0,7000,7000,255,45,157,0,0,0,0,0,0,0,39321,0,0,0,0,0,0,26222,39321
27.516,0,0,65,87,59,14.7,-1.0,-0.068,1,0,0,0,4.5,318,0,0,0,0,0,0,0,1,0,1,0,0,0,0,0,0,0,0,0,107,91,1,0,0,0,0,0,0,0,0,0,0,0,0,0,0,1090,1400,-40,0.25,0,7.35,18.95,0,0,0,0,65,12.599,0,1,1.816,1.816,0.527,2.051,0.254,0,0,,,,0,0,0,0,0,0,0,0,0,0,0,7,0,0,7000,7000,255,45,157,0,0,0,0,0,0,0,39321,0,0,0,0,0,0,26222,39321
27.576,0,0,65,87,59,14.7,-1.0,-0.068,1,0,0,0,4.5,318,0,0,0,0,0,0,0,1,0,1,0,0,0,0,0,0,0,0,0,107,91,1,0,0,0,0,0,0,0,0,0,0,0,0,0,0,1090,1400,-40,0.25,0,7.35,19.06,0,0,0,0,65,12.599,0,1,1.816,1.816,0.527,2.051,0.254,0,0,,,,0,0,0,0,0,0,0,0,0,0,0,7,0,0,7000,7000,255,45,157,0,0,0,0,0,0,0,39321,0,0,0,0,0,0,26222,39321
27.636,0,0,65,87,59,14.7,-1.0,-0.068,1,0,0,0,4.5,318,0,0,0,0,0,0,0,1,0,1,0,0,0,0,0,0,0,0,0,107,91,1,0,0,0,0,0,0,0,0,0,0,0,0,0,0,1090,1400,-40,0.25,0,7.35,19.06,0,0,0,0,65,12.599,0,1,1.816,1.816,0.527,2.051,0.254,0,0,,,,0,0,0,0,0,0,0,0,0,0,0,7,0,0,7000,7000,255,45,157,0,0,0,0,0,0,0,39321,0,0,0,0,0,0,26222,39321
27.696,0,0,65,87,59,14.7,-1.0,-0.068,1,0,0,0,4.5,318,0,0,0,0,0,0,0,1,0,1,0,0,0,0,0,0,0,0,0,107,91,1,0,0,0,0,0,0,0,0,0,0,0,0,0,0,1090,1400,-40,0.25,0,7.35,19.06,0,0,0,0,65,12.599,0,1,1.816,1.816,0.527,2.051,0.254,0,0,,,,0,0,0,0,0,0,0,0,0,0,0,7,0,0,7000,7000,255,45,157,0,0,0,0,0,0,0,39321,0,0,0,0,0,0,26222,39321
27.756,0,0,65,87,59,14.7,-1.0,-0.068,1,0,0,0,4.5,318,0,0,0,0,0,0,0,1,0,1,0,0,0,0,0,0,0,0,0,107,91,1,0,0,0,0,0,0,0,0,0,0,0,0,0,0,1090,1400,-40,0.25,0,7.35,19.06,0,0,0,0,65,12.599,0,1,1.816,1.816,0.527,2.051,0.254,0,0,,,,0,0,0,0,0,0,0,0,0,0,0,7,0,0,7000,7000,255,45,157,0,0,0,0,0,0,0,39321,0,0,0,0,0,0,26222,39321
27.816,0,0,65,87,59,14.7,-1.0,-0.068,1,0,0,0,4.5,318,0,0,0,0,0,0,0,1,0,1,0,0,0,0,0,0,0,0,0,107,91,1,0,0,0,0,0,0,0,0,0,0,0,0,0,0,1090,1400,-40,0.25,0,7.35,19.06,0,0,0,0,65,12.599,0,1,1.816,1.816,0.527,2.051,0.254,0,0,,,,0,0,0,0,0,0,0,0,0,0,0,7,0,0,7000,7000,255,45,157,0,0,0,0,0,0,0,39321,0,0,0,0,0,0,26222,39321
27.876,0,0,65,87,59,14.7,-1.0,-0.068,1,0,0,0,4.5,318,0,0,0,0,0,0,0,1,0,1,0,0,0,0,0,0,0,0,0,107,91,1,0,0,0,0,0,0,0,0,0,0,0,0,0,0,1090,1400,-40,0.25,0,7.35,19.06,0,0,0,0,65,12.599,0,1,1.816,1.816,0.527,2.051,0.254,0,0,,,,0,0,0,0,0,0,0,0,0,0,0,7,0,0,7000,7000,255,45,157,0,0,0,0,0,0,0,39321,0,0,0,0,0,0,26222,39321
27.936,0,0,65,87,59,14.7,-1.0,-0.068,1,0,0,0,4.5,318,0,0,0,0,0,0,0,1,0,1,0,0,0,0,0,0,0,0,0,107,91,1,0,0,0,0,0,0,0,0,0,0,0,0,0,0,1090,1400,-40,0.25,0,7.35,19.06,0,0,0,0,65,12.599,0,1,1.816,1.816,0.527,2.051,0.254,0,0,,,,0,0,0,0,0,0,0,0,0,0,0,7,0,0,7000,7000,255,45,157,0,0,0,0,0,0,0,39321,0,0,0,0,0,0,26222,39321
27.996,0,0,65,87,59,14.7,-1.0,-0.068,1,0,0,0,4.5,318,0,0,0,0,0,0,0,1,0,1,0,0,0,0,0,0,0,0,0,107,91,1,0,0,0,0,0,0,0,0,0,0,0,0,0,0,1090,1400,-40,0.25,0,7.35,19.06,0,0,0,0,65,12.599,0,1,1.816,1.816,0.527,2.051,0.254,0,0,,,,0,0,0,0,0,0,0,0,0,0,0,7,0,0,7000,7000,255,45,157,0,0,0,0,0,0,0,39321,0,0,0,0,0,0,26222,39321
28.056,0,0,65,87,59,14.7,-1.0,-0.068,1,0,0,0,4.5,318,0,0,0,0,0,0,0,1,0,1,0,0,0,0,0,0,0,0,0,107,91,1,0,0,0,0,0,0,0,0,0,0,0,0,0,0,1090,1400,-40,0.25,0,7.35,19.01,0,0,0,0,65,12.599,0,1,1.816,1.816,0.527,2.051,0.254,0,0,,,,0,0,0,0,0,0,0,0,0,0,0,7,0,0,7000,7000,255,45,157,0,0,0,0,0,0,0,39321,0,0,0,0,0,0,26222,39321
28.116,0,0,65,87,59,14.7,-1.0,-0.068,1,0,0,0,4.5,318,0,0,0,0,0,0,0,1,0,1,0,0,0,0,0,0,0,0,0,107,91,1,0,0,0,0,0,0,0,0,0,0,0,0,0,0,1090,1400,-40,0.25,0,7.35,19.01,0,0,0,0,65,12.599,0,1,1.816,1.816,0.527,2.051,0.254,0,0,,,,0,0,0,0,0,0,0,0,0,0,0,7,0,0,7000,7000,255,45,157,0,0,0,0,0,0,0,39321,0,0,0,0,0,0,26222,39321
28.177,0,0,65,87,59,14.7,-1.0,-0.068,1,0,0,0,4.5,318,0,0,0,0,0,0,0,1,0,1,0,0,0,0,0,0,0,0,0,107,91,1,0,0,0,0,0,0,0,0,0,0,0,0,0,0,1090,1400,-40,0.25,0,7.35,18.95,0,0,0,0,65,12.599,0,1,1.816,1.816,0.527,2.051,0.254,0,0,,,,0,0,0,0,0,0,0,0,0,0,0,7,0,0,7000,7000,255,45,157,0,0,0,0,0,0,0,39321,0,0,0,0,0,0,26222,39321
28.237,0,0,65,87,59,14.7,-1.0,-0.068,1,0,0,0,4.5,318,0,0,0,0,0,0,0,1,0,1,0,0,0,0,0,0,0,0,0,107,91,1,0,0,0,0,0,0,0,0,0,0,0,0,0,0,1090,1400,-40,0.25,0,7.35,18.95,0,0,0,0,65,12.599,0,1,1.816,1.816,0.527,2.051,0.254,0,0,,,,0,0,0,0,0,0,0,0,0,0,0,7,0,0,7000,7000,255,45,157,0,0,0,0,0,0,0,39321,0,0,0,0,0,0,26222,39321
28.297,0,0,65,87,59,14.7,-1.0,-0.068,1,0,0,0,4.5,318,0,0,0,0,0,0,0,1,0,1,0,0,0,0,0,0,0,0,0,107,91,1,0,0,0,0,0,0,0,0,0,0,0,0,0,0,1090,1400,-40,0.25,0,7.35,18.95,0,0,0,0,65,12.599,0,1,1.816,1.816,0.527,2.051,0.254,0,0,,,,0,0,0,0,0,0,0,0,0,0,0,7,0,0,7000,7000,255,45,157,0,0,0,0,0,0,0,39321,0,0,0,0,0,0,26222,39321
28.357,0,0,65,87,59,14.7,-1.0,-0.068,1,0,0,0,4.5,318,0,0,0,0,0,0,0,1,0,1,0,0,0,0,0,0,0,0,0,107,91,1,0,0,0,0,0,0,0,0,0,0,0,0,0,0,1090,1400,-40,0.25,0,7.35,19.01,0,0,0,0,65,12.599,0,1,1.816,1.816,0.527,2.051,0.254,0,0,,,,0,0,0,0,0,0,0,0,0,0,0,7,0,0,7000,7000,255,45,157,0,0,0,0,0,0,0,39321,0,0,0,0,0,0,26222,39321
28.417,0,0,65,87,59,14.7,-1.0,-0.068,1,0,0,0,4.5,318,0,0,0,0,0,0,0,1,0,1,0,0,0,0,0,0,0,0,0,107,91,1,0,0,0,0,0,0,0,0,0,0,0,0,0,0,1090,1400,-40,0.25,0,7.35,19.06,0,0,0,0,65,12.599,0,1,1.816,1.816,0.527,2.051,0.254,0,0,,,,0,0,0,0,0,0,0,0,0,0,0,7,0,0,7000,7000,255,45,157,0,0,0,0,0,0,0,39321,0,0,0,0,0,0,26222,39321
28.477,0,0,65,87,59,14.7,-1.0,-0.068,1,0,0,0,4.5,318,0,0,0,0,0,0,0,1,0,1,0,0,0,0,0,0,0,0,0,107,91,1,0,0,0,0,0,0,0,0,0,0,0,0,0,0,1090,1400,-40,0.25,0,7.35,18.95,0,0,0,0,65,12.599,0,1,1.816,1.816,0.527,2.051,0.254,0,0,,,,0,0,0,0,0,0,0,0,0,0,0,7,0,0,7000,7000,255,45,157,0,0,0,0,0,0,0,39321,0,0,0,0,0,0,26222,39321
28.537,0,0,65,87,59,14.7,-1.0,-0.068,1,0,0,0,4.5,318,0,0,0,0,0,0,0,1,0,1,0,0,0,0,0,0,0,0,0,107,91,1,0,0,0,0,0,0,0,0,0,0,0,0,0,0,1090,1400,-40,0.25,0,7.35,19.01,0,0,0,0,65,12.599,0,1,1.816,1.816,0.527,2.051,0.254,0,0,,,,0,0,0,0,0,0,0,0,0,0,0,7,0,0,7000,7000,255,45,157,0,0,0,0,0,0,0,39321,0,0,0,0,0,0,26222,39321
28.597,0,0,65,87,59,14.7,-1.0,-0.068,1,0,0,0,4.5,318,0,0,0,0,0,0,0,1,0,1,0,0,0,0,0,0,0,0,0,107,91,1,0,0,0,0,0,0,0,0,0,0,0,0,0,0,1090,1400,-40,0.25,0,7.35,19.06,0,0,0,0,65,12.599,0,1,1.816,1.816,0.527,2.051,0.254,0,0,,,,0,0,0,0,0,0,0,0,0,0,0,7,0,0,7000,7000,255,45,157,0,0,0,0,0,0,0,39321,0,0,0,0,0,0,26222,39321
28.657,0,0,65,87,59,14.7,-1.0,-0.068,1,0,0,0,4.5,318,0,0,0,0,0,0,0,1,0,1,0,0,0,0,0,0,0,0,0,107,91,1,0,0,0,0,0,0,0,0,0,0,0,0,0,0,1090,1400,-40,0.25,0,7.35,19.01,0,0,0,0,65,12.599,0,1,1.816,1.816,0.527,2.051,0.254,0,0,,,,0,0,0,0,0,0,0,0,0,0,0,7,0,0,7000,7000,255,45,157,0,0,0,0,0,0,0,39321,0,0,0,0,0,0,26222,39321
28.717,0,0,65,87,59,14.7,-1.0,-0.068,1,0,0,0,4.5,318,0,0,0,0,0,0,0,1,0,1,0,0,0,0,0,0,0,0,0,107,91,1,0,0,0,0,0,0,0,0,0,0,0,0,0,0,1090,1400,-40,0.25,0,7.35,19.18,0,0,0,0,65,12.599,0,1,1.816,1.816,0.527,2.051,0.254,0,0,,,,0,0,0,0,0,0,0,0,0,0,0,7,0,0,7000,7000,255,45,157,0,0,0,0,0,0,0,39321,0,0,0,0,0,0,26222,39321
28.777,0,0,65,87,59,14.7,-1.0,-0.068,1,0,0,0,4.5,318,0,0,0,0,0,0,0,1,0,1,0,0,0,0,0,0,0,0,0,107,91,1,0,0,0,0,0,0,0,0,0,0,0,0,0,0,1090,1400,-40,0.25,0,7.35,19.18,0,0,0,0,65,12.599,0,1,1.816,1.816,0.527,2.051,0.254,0,0,,,,0,0,0,0,0,0,0,0,0,0,0,7,0,0,7000,7000,255,45,157,0,0,0,0,0,0,0,39321,0,0,0,0,0,0,26222,39321
28.837,0,0,65,87,59,14.7,-1.0,-0.068,1,0,0,0,4.5,318,0,0,0,0,0,0,0,1,0,1,0,0,0,0,0,0,0,0,0,107,91,1,0,0,0,0,0,0,0,0,0,0,0,0,0,0,1090,1400,-40,0.25,0,7.35,19.12,0,0,0,0,65,12.599,0,1,1.816,1.816,0.527,2.051,0.254,0,0,,,,0,0,0,0,0,0,0,0,0,0,0,7,0,0,7000,7000,255,45,157,0,0,0,0,0,0,0,39321,0,0,0,0,0,0,26222,39321
28.897,0,0,65,87,59,14.7,-1.0,-0.068,1,0,0,0,4.5,318,0,0,0,0,0,0,0,1,0,1,0,0,0,0,0,0,0,0,0,107,91,1,0,0,0,0,0,0,0,0,0,0,0,0,0,0,1090,1400,-40,0.25,0,7.35,19.06,0,0,0,0,65,12.599,0,1,1.816,1.816,0.527,2.051,0.254,0,0,,,,0,0,0,0,0,0,0,0,0,0,0,7,0,0,7000,7000,255,45,157,0,0,0,0,0,0,0,39321,0,0,0,0,0,0,26222,39321
28.957,0,0,65,87,59,14.7,-1.0,-0.068,1,0,0,0,4.5,318,0,0,0,0,0,0,0,1,0,1,0,0,0,0,0,0,0,0,0,107,91,1,0,0,0,0,0,0,0,0,0,0,0,0,0,0,1090,1400,-40,0.25,0,7.35,19.06,0,0,0,0,65,12.599,0,1,1.816,1.816,0.527,2.051,0.254,0,0,,,,0,0,0,0,0,0,0,0,0,0,0,7,0,0,7000,7000,255,45,157,0,0,0,0,0,0,0,39321,0,0,0,0,0,0,26222,39321
29.017,0,0,65,87,59,14.7,-1.0,-0.068,1,0,0,0,4.5,318,0,0,0,0,0,0,0,1,0,1,0,0,0,0,0,0,0,0,0,107,91,1,0,0,0,0,0,0,0,0,0,0,0,0,0,0,1090,1400,-40,0.25,0,7.35,19.06,0,0,0,0,65,12.599,0,1,1.816,1.816,0.527,2.051,0.254,0,0,,,,0,0,0,0,0,0,0,0,0,0,0,7,0,0,7000,7000,255,45,157,0,0,0,0,0,0,0,39321,0,0,0,0,0,0,26222,39321
29.077,0,0,65,87,59,14.7,-1.0,-0.068,1,0,0,0,4.5,318,0,0,0,0,0,0,0,1,0,1,0,0,0,0,0,0,0,0,0,107,91,1,0,0,0,0,0,0,0,0,0,0,0,0,0,0,1090,1400,-40,0.25,0,7.35,19.06,0,0,0,0,65,12.599,0,1,1.816,1.816,0.527,2.051,0.254,0,0,,,,0,0,0,0,0,0,0,0,0,0,0,7,0,0,7000,7000,255,45,157,0,0,0,0,0,0,0,39321,0,0,0,0,0,0,26222,39321
29.137,0,0,65,87,59,14.7,-1.0,-0.068,1,0,0,0,4.5,318,0,0,0,0,0,0,0,1,0,1,0,0,0,0,0,0,0,0,0,107,91,1,0,0,0,0,0,0,0,0,0,0,0,0,0,0,1090,1400,-40,0.25,0,7.35,19.12,0,0,0,0,65,12.599,0,1,1.816,1.816,0.527,2.051,0.254,0,0,,,,0,0,0,0,0,0,0,0,0,0,0,7,0,0,7000,7000,255,45,157,0,0,0,0,0,0,0,39321,0,0,0,0,0,0,26222,39321
29.197,0,0,65,87,59,14.7,-1.0,-0.068,1,0,0,0,4.5,318,0,0,0,0,0,0,0,1,0,1,0,0,0,0,0,0,0,0,0,107,91,1,0,0,0,0,0,0,0,0,0,0,0,0,0,0,1090,1400,-40,0.25,0,7.35,19.01,0,0,0,0,65,12.599,0,1,1.816,1.816,0.527,2.051,0.254,0,0,,,,0,0,0,0,0,0,0,0,0,0,0,7,0,0,7000,7000,255,45,157,0,0,0,0,0,0,0,39321,0,0,0,0,0,0,26222,39321
29.257,0,0,65,87,59,14.7,-1.0,-0.068,1,0,0,0,4.5,318,0,0,0,0,0,0,0,1,0,1,0,0,0,0,0,0,0,0,0,107,91,1,0,0,0,0,0,0,0,0,0,0,0,0,0,0,1090,1400,-40,0.25,0,7.35,18.95,0,0,0,0,65,12.599,0,1,1.816,1.816,0.527,2.051,0.254,0,0,,,,0,0,0,0,0,0,0,0,0,0,0,7,0,0,7000,7000,255,45,157,0,0,0,0,0,0,0,39321,0,0,0,0,0,0,26222,39321
29.317,0,0,65,87,59,14.7,-1.0,-0.068,1,0,0,0,4.5,318,0,0,0,0,0,0,0,1,0,1,0,0,0,0,0,0,0,0,0,107,91,1,0,0,0,0,0,0,0,0,0,0,0,0,0,0,1090,1400,-40,0.25,0,7.35,18.95,0,0,0,0,65,12.599,0,1,1.816,1.816,0.527,2.051,0.254,0,0,,,,0,0,0,0,0,0,0,0,0,0,0,7,0,0,7000,7000,255,45,157,0,0,0,0,0,0,0,39321,0,0,0,0,0,0,26222,39321
29.377,0,0,65,87,59,14.7,-1.0,-0.068,1,0,0,0,4.5,318,0,0,0,0,0,0,0,1,0,1,0,0,0,0,0,0,0,0,0,107,91,1,0,0,0,0,0,0,0,0,0,0,0,0,0,0,1090,1400,-40,0.25,0,7.35,19.06,0,0,0,0,65,12.599,0,1,1.816,1.816,0.527,2.051,0.254,0,0,,,,0,0,0,0,0,0,0,0,0,0,0,7,0,0,7000,7000,255,45,157,0,0,0,0,0,0,0,39321,0,0,0,0,0,0,26222,39321
29.437,0,0,65,87,59,14.7,-1.0,-0.068,1,0,0,0,4.5,318,0,0,0,0,0,0,0,1,0,1,0,0,0,0,0,0,0,0,0,107,91,1,0,0,0,0,0,0,0,0,0,0,0,0,0,0,1090,1400,-40,0.25,0,7.35,19.06,0,0,0,0,65,12.599,0,1,1.816,1.816,0.527,2.051,0.254,0,0,,,,0,0,0,0,0,0,0,0,0,0,0,7,0,0,7000,7000,255,45,157,0,0,0,0,0,0,0,39321,0,0,0,0,0,0,26222,39321
29.497,0,0,65,87,59,14.7,-1.0,-0.068,1,0,0,0,4.5,318,0,0,0,0,0,0,0,1,0,1,0,0,0,0,0,0,0,0,0,107,91,1,0,0,0,0,0,0,0,0,0,0,0,0,0,0,1090,1400,-40,0.25,0,7.35,19.01,0,0,0,0,65,12.599,0,1,1.816,1.816,0.527,2.051,0.254,0,0,,,,0,0,0,0,0,0,0,0,0,0,0,7,0,0,7000,7000,255,45,157,0,0,0,0,0,0,0,39321,0,0,0,0,0,0,26222,39321
29.557,0,0,65,87,59,14.7,-1.0,-0.068,1,0,0,0,4.5,318,0,0,0,0,0,0,0,1,0,1,0,0,0,0,0,0,0,0,0,107,91,1,0,0,0,0,0,0,0,0,0,0,0,0,0,0,1090,1400,-40,0.25,0,7.35,19.06,0,0,0,0,65,12.599,0,1,1.816,1.816,0.527,2.051,0.254,0,0,,,,0,0,0,0,0,0,0,0,0,0,0,7,0,0,7000,7000,255,45,157,0,0,0,0,0,0,0,39321,0,0,0,0,0,0,26222,39321
29.617,0,0,65,87,59,14.7,-1.0,-0.068,1,0,0,0,4.5,318,0,0,0,0,0,0,0,1,0,1,0,0,0,0,0,0,0,0,0,107,91,1,0,0,0,0,0,0,0,0,0,0,0,0,0,0,1090,1400,-40,0.25,0,7.35,19.06,0,0,0,0,65,12.599,0,1,1.816,1.816,0.527,2.051,0.254,0,0,,,,0,0,0,0,0,0,0,0,0,0,0,7,0,0,7000,7000,255,45,157,0,0,0,0,0,0,0,39321,0,0,0,0,0,0,26222,39321
29.677,0,0,65,87,59,14.7,-1.0,-0.068,1,0,0,0,4.5,318,0,0,0,0,0,0,0,1,0,1,0,0,0,0,0,0,0,0,0,107,91,1,0,0,0,0,0,0,0,0,0,0,0,0,0,0,1090,1400,-40,0.25,0,7.35,19.06,0,0,0,0,65,12.599,0,1,1.816,1.816,0.527,2.051,0.254,0,0,,,,0,0,0,0,0,0,0,0,0,0,0,7,0,0,7000,7000,255,45,157,0,0,0,0,0,0,0,39321,0,0,0,0,0,0,26222,39321
29.737,0,0,65,87,59,14.7,-1.0,-0.068,1,0,0,0,4.5,318,0,0,0,0,0,0,0,1,0,1,0,0,0,0,0,0,0,0,0,107,91,1,0,0,0,0,0,0,0,0,0,0,0,0,0,0,1090,1400,-40,0.25,0,7.35,19.06,0,0,0,0,65,12.599,0,1,1.816,1.816,0.527,2.051,0.254,0,0,,,,0,0,0,0,0,0,0,0,0,0,0,7,0,0,7000,7000,255,45,157,0,0,0,0,0,0,0,39321,0,0,0,0,0,0,26222,39321
29.797,0,0,65,87,59,14.7,-1.0,-0.068,1,0,0,0,4.5,318,0,0,0,0,0,0,0,1,0,1,0,0,0,0,0,0,0,0,0,107,91,1,0,0,0,0,0,0,0,0,0,0,0,0,0,0,1090,1400,-40,0.25,0,7.35,19.12,0,0,0,0,65,12.599,0,1,1.816,1.816,0.527,2.051,0.254,0,0,,,,0,0,0,0,0,0,0,0,0,0,0,7,0,0,7000,7000,255,45,157,0,0,0,0,0,0,0,39321,0,0,0,0,0,0,26222,39321
29.855,0,0,65,87,59,14.7,-1.0,-0.068,1,0,0,0,4.5,318,0,0,0,0,0,0,0,1,0,1,0,0,0,0,0,0,0,0,0,107,91,1,0,0,0,0,0,0,0,0,0,0,0,0,0,0,1090,1400,-40,0.25,0,7.35,19.18,0,0,0,0,65,12.599,0,1,1.816,1.816,0.527,2.051,0.254,0,0,,,,0,0,0,0,0,0,0,0,0,0,0,7,0,0,7000,7000,255,45,157,0,0,0,0,0,0,0,39321,0,0,0,0,0,0,26222,39321
29.915,0,0,65,87,59,14.7,-1.0,-0.068,1,0,0,0,4.5,318,0,0,0,0,0,0,0,1,0,1,0,0,0,0,0,0,0,0,0,107,91,1,0,0,0,0,0,0,0,0,0,0,0,0,0,0,1090,1400,-40,0.25,0,7.35,19.18,0,0,0,0,65,12.599,0,1,1.816,1.816,0.527,2.051,0.254,0,0,,,,0,0,0,0,0,0,0,0,0,0,0,7,0,0,7000,7000,255,45,157,0,0,0,0,0,0,0,39321,0,0,0,0,0,0,26222,39321
29.977,0,0,65,87,59,14.7,-1.0,-0.068,1,0,0,0,4.5,318,0,0,0,0,0,0,0,1,0,1,0,0,0,0,0,0,0,0,0,107,91,1,0,0,0,0,0,0,0,0,0,0,0,0,0,0,1090,1400,-40,0.25,0,7.35,19.12,0,0,0,0,65,12.599,0,1,1.816,1.816,0.527,2.051,0.254,0,0,,,,0,0,0,0,0,0,0,0,0,0,0,7,0,0,7000,7000,255,45,157,0,0,0,0,0,0,0,39321,0,0,0,0,0,0,26222,39321
30.037,0,0,65,87,59,14.7,-1.0,-0.068,1,0,0,0,4.5,318,0,0,0,0,0,0,0,1,0,1,0,0,0,0,0,0,0,0,0,107,91,1,0,0,0,0,0,0,0,0,0,0,0,0,0,0,1090,1400,-40,0.25,0,7.35,18.89,0,0,0,0,65,12.599,0,1,1.816,1.816,0.527,2.051,0.254,0,0,,,,0,0,0,0,0,0,0,0,0,0,0,7,0,0,7000,7000,255,45,157,0,0,0,0,0,0,0,39321,0,0,0,0,0,0,26222,39321
30.097,0,0,65,87,59,14.7,-1.0,-0.068,1,0,0,0,4.5,318,0,0,0,0,0,0,0,1,0,1,0,0,0,0,0,0,0,0,0,107,91,1,0,0,0,0,0,0,0,0,0,0,0,0,0,0,1090,1400,-40,0.25,0,7.35,19.06,0,0,0,0,65,12.599,0,1,1.816,1.816,0.527,2.051,0.254,0,0,,,,0,0,0,0,0,0,0,0,0,0,0,7,0,0,7000,7000,255,45,157,0,0,0,0,0,0,0,39321,0,0,0,0,0,0,26222,39321
30.155,0,0,65,87,59,14.7,-1.0,-0.068,1,0,0,0,4.5,318,0,0,0,0,0,0,0,1,0,1,0,0,0,0,0,0,0,0,0,107,91,1,0,0,0,0,0,0,0,0,0,0,0,0,0,0,1090,1400,-40,0.25,0,7.35,19.12,0,0,0,0,65,12.599,0,1,1.816,1.816,0.527,2.051,0.254,0,0,,,,0,0,0,0,0,0,0,0,0,0,0,7,0,0,7000,7000,255,45,157,0,0,0,0,0,0,0,39321,0,0,0,0,0,0,26222,39321
30.215,0,0,65,87,59,14.7,-1.0,-0.068,1,0,0,0,4.5,318,0,0,0,0,0,0,0,1,0,1,0,0,0,0,0,0,0,0,0,107,91,1,0,0,0,0,0,0,0,0,0,0,0,0,0,0,1090,1400,-40,0.25,0,7.35,19.06,0,0,0,0,65,12.599,0,1,1.816,1.816,0.527,2.051,0.254,0,0,,,,0,0,0,0,0,0,0,0,0,0,0,7,0,0,7000,7000,255,45,157,0,0,0,0,0,0,0,39321,0,0,0,0,0,0,26222,39321
30.275,0,0,65,87,59,14.7,-1.0,-0.068,1,0,0,0,4.5,318,0,0,0,0,0,0,0,1,0,1,0,0,0,0,0,0,0,0,0,107,91,1,0,0,0,0,0,0,0,0,0,0,0,0,0,0,1090,1400,-40,0.25,0,7.35,19.06,0,0,0,0,65,12.599,0,1,1.816,1.816,0.527,2.051,0.254,0,0,,,,0,0,0,0,0,0,0,0,0,0,0,7,0,0,7000,7000,255,45,157,0,0,0,0,0,0,0,39321,0,0,0,0,0,0,26222,39321
30.335,0,0,65,87,59,14.7,-1.0,-0.068,1,0,0,0,4.5,318,0,0,0,0,0,0,0,1,0,1,0,0,0,0,0,0,0,0,0,107,91,1,0,0,0,0,0,0,0,0,0,0,0,0,0,0,1090,1400,-40,0.25,0,7.35,19.01,0,0,0,0,65,12.599,0,1,1.816,1.816,0.527,2.051,0.254,0,0,,,,0,0,0,0,0,0,0,0,0,0,0,7,0,0,7000,7000,255,45,157,0,0,0,0,0,0,0,39321,0,0,0,0,0,0,26222,39321
30.395,0,0,65,87,59,14.7,-1.0,-0.068,1,0,0,0,4.5,318,0,0,0,0,0,0,0,1,0,1,0,0,0,0,0,0,0,0,0,107,91,1,0,0,0,0,0,0,0,0,0,0,0,0,0,0,1090,1400,-40,0.25,0,7.35,19.06,0,0,0,0,65,12.599,0,1,1.816,1.816,0.527,2.051,0.254,0,0,,,,0,0,0,0,0,0,0,0,0,0,0,7,0,0,7000,7000,255,45,157,0,0,0,0,0,0,0,39321,0,0,0,0,0,0,26222,39321
30.455,0,0,65,87,59,14.7,-1.0,-0.068,1,0,0,0,4.5,318,0,0,0,0,0,0,0,1,0,1,0,0,0,0,0,0,0,0,0,107,91,1,0,0,0,0,0,0,0,0,0,0,0,0,0,0,1090,1400,-40,0.25,0,7.35,19.01,0,0,0,0,65,12.599,0,1,1.816,1.816,0.527,2.051,0.254,0,0,,,,0,0,0,0,0,0,0,0,0,0,0,7,0,0,7000,7000,255,45,157,0,0,0,0,0,0,0,39321,0,0,0,0,0,0,26222,39321
30.515,0,0,65,87,59,14.7,-1.0,-0.068,1,0,0,0,4.5,318,0,0,0,0,0,0,0,1,0,1,0,0,0,0,0,0,0,0,0,107,91,1,0,0,0,0,0,0,0,0,0,0,0,0,0,0,1090,1400,-40,0.25,0,7.35,19.06,0,0,0,0,65,12.599,0,1,1.816,1.816,0.527,2.051,0.254,0,0,,,,0,0,0,0,0,0,0,0,0,0,0,7,0,0,7000,7000,255,45,157,0,0,0,0,0,0,0,39321,0,0,0,0,0,0,26222,39321
30.575,0,0,65,87,59,14.7,-1.0,-0.068,1,0,0,0,4.5,318,0,0,0,0,0,0,0,1,0,1,0,0,0,0,0,0,0,0,0,107,91,1,0,0,0,0,0,0,0,0,0,0,0,0,0,0,1090,1400,-40,0.25,0,7.35,19.06,0,0,0,0,65,12.599,0,1,1.816,1.816,0.527,2.051,0.254,0,0,,,,0,0,0,0,0,0,0,0,0,0,0,7,0,0,7000,7000,255,45,157,0,0,0,0,0,0,0,39321,0,0,0,0,0,0,26222,39321
30.635,0,0,65,87,59,14.7,-1.0,-0.068,1,0,0,0,4.5,318,0,0,0,0,0,0,0,1,0,1,0,0,0,0,0,0,0,0,0,107,91,1,0,0,0,0,0,0,0,0,0,0,0,0,0,0,1090,1400,-40,0.25,0,7.35,19.06,0,0,0,0,65,12.599,0,1,1.816,1.816,0.527,2.051,0.254,0,0,,,,0,0,0,0,0,0,0,0,0,0,0,7,0,0,7000,7000,255,45,157,0,0,0,0,0,0,0,39321,0,0,0,0,0,0,26222,39321
30.695,0,0,65,87,59,14.7,-1.0,-0.068,1,0,0,0,4.5,318,0,0,0,0,0,0,0,1,0,1,0,0,0,0,0,0,0,0,0,107,91,1,0,0,0,0,0,0,0,0,0,0,0,0,0,0,1090,1400,-40,0.25,0,7.35,19.06,0,0,0,0,65,12.599,0,1,1.816,1.816,0.527,2.051,0.254,0,0,,,,0,0,0,0,0,0,0,0,0,0,0,7,0,0,7000,7000,255,45,157,0,0,0,0,0,0,0,39321,0,0,0,0,0,0,26222,39321
30.755,0,0,65,87,59,14.7,-1.0,-0.068,1,0,0,0,4.5,318,0,0,0,0,0,0,0,1,0,1,0,0,0,0,0,0,0,0,0,107,91,1,0,0,0,0,0,0,0,0,0,0,0,0,0,0,1090,1400,-40,0.25,0,7.35,19.06,0,0,0,0,65,12.599,0,1,1.816,1.816,0.527,2.051,0.254,0,0,,,,0,0,0,0,0,0,0,0,0,0,0,7,0,0,7000,7000,255,45,157,0,0,0,0,0,0,0,39321,0,0,0,0,0,0,26222,39321
30.815,0,0,65,87,59,14.7,-1.0,-0.068,1,0,0,0,4.5,318,0,0,0,0,0,0,0,1,0,1,0,0,0,0,0,0,0,0,0,107,91,1,0,0,0,0,0,0,0,0,0,0,0,0,0,0,1090,1400,-40,0.25,0,7.35,19.12,0,0,0,0,65,12.599,0,1,1.816,1.816,0.527,2.051,0.254,0,0,,,,0,0,0,0,0,0,0,0,0,0,0,7,0,0,7000,7000,255,45,157,0,0,0,0,0,0,0,39321,0,0,0,0,0,0,26222,39321
30.875,0,0,65,87,59,14.7,-1.0,-0.068,1,0,0,0,4.5,318,0,0,0,0,0,0,0,1,0,1,0,0,0,0,0,0,0,0,0,107,91,1,0,0,0,0,0,0,0,0,0,0,0,0,0,0,1090,1400,-40,0.25,0,7.35,19.06,0,0,0,0,65,12.599,0,1,1.816,1.816,0.527,2.031,0.254,0,0,,,,0,0,0,0,0,0,0,0,0,0,0,7,0,0,7000,7000,255,45,157,0,0,0,0,0,0,0,39321,0,0,0,0,0,0,26222,39321
30.935,0,0,65,87,59,14.7,-1.0,-0.068,1,0,0,0,4.5,318,0,0,0,0,0,0,0,1,0,1,0,0,0,0,0,0,0,0,0,107,91,1,0,0,0,0,0,0,0,0,0,0,0,0,0,0,1090,1400,-40,0.25,0,7.35,19.12,0,0,0,0,65,12.599,0,1,1.816,1.816,0.527,2.051,0.254,0,0,,,,0,0,0,0,0,0,0,0,0,0,0,7,0,0,7000,7000,255,45,157,0,0,0,0,0,0,0,39321,0,0,0,0,0,0,26222,39321
30.995,0,0,65,87,59,14.7,-1.0,-0.068,1,0,0,0,4.5,318,0,0,0,0,0,0,0,1,0,1,0,0,0,0,0,0,0,0,0,107,91,1,0,0,0,0,0,0,0,0,0,0,0,0,0,0,1090,1400,-40,0.25,0,7.35,19.18,0,0,0,0,65,12.599,0,1,1.816,1.816,0.527,2.031,0.254,0,0,,,,0,0,0,0,0,0,0,0,0,0,0,7,0,0,7000,7000,255,45,157,0,0,0,0,0,0,0,39321,0,0,0,0,0,0,26222,39321
31.055,0,0,65,87,59,14.7,-1.0,-0.068,1,0,0,0,4.5,318,0,0,0,0,0,0,0,1,0,1,0,0,0,0,0,0,0,0,0,107,91,1,0,0,0,0,0,0,0,0,0,0,0,0,0,0,1090,1400,-40,0.25,0,7.35,19.18,0,0,0,0,65,12.599,0,1,1.816,1.816,0.527,2.031,0.254,0,0,,,,0,0,0,0,0,0,0,0,0,0,0,7,0,0,7000,7000,255,45,157,0,0,0,0,0,0,0,39321,0,0,0,0,0,0,26222,39321
31.115,0,0,65,87,59,14.7,-1.0,-0.068,1,0,0,0,4.5,318,0,0,0,0,0,0,0,1,0,1,0,0,0,0,0,0,0,0,0,107,91,1,0,0,0,0,0,0,0,0,0,0,0,0,0,0,1090,1400,-40,0.25,0,7.35,19.18,0,0,0,0,65,12.599,0,1,1.816,1.816,0.527,2.031,0.254,0,0,,,,0,0,0,0,0,0,0,0,0,0,0,7,0,0,7000,7000,255,45,157,0,0,0,0,0,0,0,39321,0,0,0,0,0,0,26222,39321
31.175,0,0,65,87,59,14.7,-1.0,-0.068,1,0,0,0,4.5,318,0,0,0,0,0,0,0,1,0,1,0,0,0,0,0,0,0,0,0,107,91,1,0,0,0,0,0,0,0,0,0,0,0,0,0,0,1090,1400,-40,0.25,0,7.35,19.12,0,0,0,0,65,12.599,0,1,1.816,1.816,0.527,2.031,0.254,0,0,,,,0,0,0,0,0,0,0,0,0,0,0,7,0,0,7000,7000,255,45,157,0,0,0,0,0,0,0,39321,0,0,0,0,0,0,26222,39321
31.235,0,0,65,87,59,14.7,-1.0,-0.068,1,0,0,0,4.5,318,0,0,0,0,0,0,0,1,0,1,0,0,0,0,0,0,0,0,0,107,91,1,0,0,0,0,0,0,0,0,0,0,0,0,0,0,1090,1400,-40,0.25,0,7.35,19.12,0,0,0,0,65,12.599,0,1,1.816,1.816,0.527,2.031,0.254,0,0,,,,0,0,0,0,0,0,0,0,0,0,0,7,0,0,7000,7000,255,45,157,0,0,0,0,0,0,0,39321,0,0,0,0,0,0,26222,39321
31.295,0,0,65,87,59,14.7,-1.0,-0.068,1,0,0,0,4.5,318,0,0,0,0,0,0,0,1,0,1,0,0,0,0,0,0,0,0,0,107,91,1,0,0,0,0,0,0,0,0,0,0,0,0,0,0,1090,1400,-40,0.25,0,7.35,19.12,0,0,0,0,65,12.599,0,1,1.816,1.816,0.527,2.031,0.254,0,0,,,,0,0,0,0,0,0,0,0,0,0,0,7,0,0,7000,7000,255,45,157,0,0,0,0,0,0,0,39321,0,0,0,0,0,0,26222,39321
31.356,0,0,65,87,59,14.7,-1.0,-0.068,1,0,0,0,4.5,318,0,0,0,0,0,0,0,1,0,1,0,0,0,0,0,0,0,0,0,107,91,1,0,0,0,0,0,0,0,0,0,0,0,0,0,0,1090,1400,-40,0.25,0,7.35,19.06,0,0,0,0,65,12.599,0,1,1.816,1.816,0.527,2.031,0.254,0,0,,,,0,0,0,0,0,0,0,0,0,0,0,7,0,0,7000,7000,255,45,157,0,0,0,0,0,0,0,39321,0,0,0,0,0,0,26222,39321
31.416,0,0,65,87,59,14.7,-1.0,-0.068,1,0,0,0,4.5,318,0,0,0,0,0,0,0,1,0,1,0,0,0,0,0,0,0,0,0,107,91,1,0,0,0,0,0,0,0,0,0,0,0,0,0,0,1090,1400,-40,0.25,0,7.35,19.06,0,0,0,0,65,12.599,0,1,1.816,1.816,0.527,2.031,0.254,0,0,,,,0,0,0,0,0,0,0,0,0,0,0,7,0,0,7000,7000,255,45,157,0,0,0,0,0,0,0,39321,0,0,0,0,0,0,26222,39321
31.476,0,0,65,87,59,14.7,-1.0,-0.068,1,0,0,0,4.5,318,0,0,0,0,0,0,0,1,0,1,0,0,0,0,0,0,0,0,0,107,91,1,0,0,0,0,0,0,0,0,0,0,0,0,0,0,1090,1400,-40,0.25,0,7.35,19.06,0,0,0,0,65,12.599,0,1,1.816,1.816,0.527,2.031,0.254,0,0,,,,0,0,0,0,0,0,0,0,0,0,0,7,0,0,7000,7000,255,45,157,0,0,0,0,0,0,0,39321,0,0,0,0,0,0,26222,39321
31.536,0,0,65,87,59,14.7,-1.0,-0.068,1,0,0,0,4.5,318,0,0,0,0,0,0,0,1,0,1,0,0,0,0,0,0,0,0,0,107,91,1,0,0,0,0,0,0,0,0,0,0,0,0,0,0,1090,1400,-40,0.25,0,7.35,19.06,0,0,0,0,65,12.599,0,1,1.816,1.816,0.527,2.031,0.254,0,0,,,,0,0,0,0,0,0,0,0,0,0,0,7,0,0,7000,7000,255,45,157,0,0,0,0,0,0,0,39321,0,0,0,0,0,0,26222,39321
31.596,0,0,65,87,59,14.7,-1.0,-0.068,1,0,0,0,4.5,318,0,0,0,0,0,0,0,1,0,1,0,0,0,0,0,0,0,0,0,107,91,1,0,0,0,0,0,0,0,0,0,0,0,0,0,0,1090,1400,-40,0.25,0,7.35,19.06,0,0,0,0,65,12.599,0,1,1.816,1.816,0.527,2.031,0.254,0,0,,,,0,0,0,0,0,0,0,0,0,0,0,7,0,0,7000,7000,255,45,157,0,0,0,0,0,0,0,39321,0,0,0,0,0,0,26222,39321
31.657,0,0,65,87,59,14.7,-1.0,-0.068,1,0,0,0,4.5,318,0,0,0,0,0,0,0,1,0,1,0,0,0,0,0,0,0,0,0,107,91,1,0,0,0,0,0,0,0,0,0,0,0,0,0,0,1090,1400,-40,0.25,0,7.35,19.06,0,0,0,0,65,12.599,0,1,1.816,1.816,0.527,2.031,0.254,0,0,,,,0,0,0,0,0,0,0,0,0,0,0,7,0,0,7000,7000,255,45,157,0,0,0,0,0,0,0,39321,0,0,0,0,0,0,26222,39321
31.717,0,0,65,87,59,14.7,-1.0,-0.068,1,0,0,0,4.5,318,0,0,0,0,0,0,0,1,0,1,0,0,0,0,0,0,0,0,0,107,91,1,0,0,0,0,0,0,0,0,0,0,0,0,0,0,1090,1400,-40,0.25,0,7.35,19.06,0,0,0,0,65,12.599,0,1,1.816,1.816,0.527,2.031,0.254,0,0,,,,0,0,0,0,0,0,0,0,0,0,0,7,0,0,7000,7000,255,45,157,0,0,0,0,0,0,0,39321,0,0,0,0,0,0,26222,39321
31.777,0,0,65,87,59,14.7,-1.0,-0.068,1,0,0,0,4.5,318,0,0,0,0,0,0,0,1,0,1,0,0,0,0,0,0,0,0,0,107,91,1,0,0,0,0,0,0,0,0,0,0,0,0,0,0,1090,1400,-40,0.25,0,7.35,19.06,0,0,0,0,65,12.599,0,1,1.816,1.816,0.527,2.031,0.254,0,0,,,,0,0,0,0,0,0,0,0,0,0,0,7,0,0,7000,7000,255,45,157,0,0,0,0,0,0,0,39321,0,0,0,0,0,0,26222,39321
31.837,0,0,65,87,59,14.7,-1.0,-0.068,1,0,0,0,4.5,318,0,0,0,0,0,0,0,1,0,1,0,0,0,0,0,0,0,0,0,107,91,1,0,0,0,0,0,0,0,0,0,0,0,0,0,0,1090,1400,-40,0.25,0,7.35,19.18,0,0,0,0,65,12.599,0,1,1.816,1.816,0.527,2.031,0.254,0,0,,,,0,0,0,0,0,0,0,0,0,0,0,7,0,0,7000,7000,255,45,157,0,0,0,0,0,0,0,39321,0,0,0,0,0,0,26222,39321
31.897,0,0,65,87,59,14.7,-1.0,-0.068,1,0,0,0,4.5,318,0,0,0,0,0,0,0,1,0,1,0,0,0,0,0,0,0,0,0,107,91,1,0,0,0,0,0,0,0,0,0,0,0,0,0,0,1090,1400,-40,0.25,0,7.35,19.24,0,0,0,0,65,12.599,0,1,1.816,1.816,0.527,2.031,0.254,0,0,,,,0,0,0,0,0,0,0,0,0,0,0,7,0,0,7000,7000,255,45,157,0,0,0,0,0,0,0,39321,0,0,0,0,0,0,26222,39321
31.957,0,0,65,87,59,14.7,-1.0,-0.068,1,0,0,0,4.5,318,0,0,0,0,0,0,0,1,0,1,0,0,0,0,0,0,0,0,0,107,91,1,0,0,0,0,0,0,0,0,0,0,0,0,0,0,1090,1400,-40,0.25,0,7.35,19.06,0,0,0,0,65,12.599,0,1,1.816,1.816,0.527,2.031,0.254,0,0,,,,0,0,0,0,0,0,0,0,0,0,0,7,0,0,7000,7000,255,45,157,0,0,0,0,0,0,0,39321,0,0,0,0,0,0,26222,39321
32.017,0,0,65,87,59,14.7,-1.0,-0.068,1,0,0,0,4.5,318,0,0,0,0,0,0,0,1,0,1,0,0,0,0,0,0,0,0,0,107,91,1,0,0,0,0,0,0,0,0,0,0,0,0,0,0,1090,1400,-40,0.25,0,7.35,19.12,0,0,0,0,65,12.599,0,1,1.816,1.816,0.527,2.031,0.254,0,0,,,,0,0,0,0,0,0,0,0,0,0,0,7,0,0,7000,7000,255,45,157,0,0,0,0,0,0,0,39321,0,0,0,0,0,0,26222,39321
32.077,0,0,65,87,59,14.7,-1.0,-0.068,1,0,0,0,4.5,318,0,0,0,0,0,0,0,1,0,1,0,0,0,0,0,0,0,0,0,107,91,1,0,0,0,0,0,0,0,0,0,0,0,0,0,0,1090,1400,-40,0.25,0,7.35,19.18,0,0,0,0,65,12.599,0,1,1.816,1.816,0.527,2.031,0.254,0,0,,,,0,0,0,0,0,0,0,0,0,0,0,7,0,0,7000,7000,255,45,157,0,0,0,0,0,0,0,39321,0,0,0,0,0,0,26222,39321
32.137,0,0,65,87,59,14.7,-1.0,-0.068,1,0,0,0,4.5,318,0,0,0,0,0,0,0,1,0,1,0,0,0,0,0,0,0,0,0,107,91,1,0,0,0,0,0,0,0,0,0,0,0,0,0,0,1090,1400,-40,0.25,0,7.35,19.18,0,0,0,0,65,12.599,0,1,1.816,1.816,0.527,2.031,0.254,0,0,,,,0,0,0,0,0,0,0,0,0,0,0,7,0,0,7000,7000,255,45,157,0,0,0,0,0,0,0,39321,0,0,0,0,0,0,26222,39321
32.197,0,0,65,87,59,14.7,-1.0,-0.068,1,0,0,0,4.5,318,0,0,0,0,0,0,0,1,0,1,0,0,0,0,0,0,0,0,0,107,91,1,0,0,0,0,0,0,0,0,0,0,0,0,0,0,1090,1400,-40,0.25,0,7.35,19.18,0,0,0,0,65,12.599,0,1,1.816,1.816,0.527,2.031,0.254,0,0,,,,0,0,0,0,0,0,0,0,0,0,0,7,0,0,7000,7000,255,45,157,0,0,0,0,0,0,0,39321,0,0,0,0,0,0,26222,39321
32.257,0,0,65,87,59,14.7,-1.0,-0.068,1,0,0,0,4.5,318,0,0,0,0,0,0,0,1,0,1,0,0,0,0,0,0,0,0,0,107,91,1,0,0,0,0,0,0,0,0,0,0,0,0,0,0,1090,1400,-40,0.25,0,7.35,19.18,0,0,0,0,65,12.599,0,1,1.816,1.816,0.527,2.031,0.254,0,0,,,,0,0,0,0,0,0,0,0,0,0,0,7,0,0,7000,7000,255,45,157,0,0,0,0,0,0,0,39321,0,0,0,0,0,0,26222,39321
32.317,0,0,65,87,59,14.7,-1.0,-0.068,1,0,0,0,4.5,318,0,0,0,0,0,0,0,1,0,1,0,0,0,0,0,0,0,0,0,107,91,1,0,0,0,0,0,0,0,0,0,0,0,0,0,0,1090,1400,-40,0.25,0,7.35,19.12,0,0,0,0,65,12.599,0,1,1.816,1.816,0.527,2.031,0.254,0,0,,,,0,0,0,0,0,0,0,0,0,0,0,7,0,0,7000,7000,255,45,157,0,0,0,0,0,0,0,39321,0,0,0,0,0,0,26222,39321
32.377,0,0,65,87,59,14.7,-1.0,-0.068,1,0,0,0,4.5,318,0,0,0,0,0,0,0,1,0,1,0,0,0,0,0,0,0,0,0,107,91,1,0,0,0,0,0,0,0,0,0,0,0,0,0,0,1090,1400,-40,0.25,0,7.35,19.12,0,0,0,0,65,12.599,0,1,1.816,1.816,0.527,2.031,0.254,0,0,,,,0,0,0,0,0,0,0,0,0,0,0,7,0,0,7000,7000,255,45,157,0,0,0,0,0,0,0,39321,0,0,0,0,0,0,26222,39321
32.437,0,0,65,87,59,14.7,-1.0,-0.068,1,0,0,0,4.5,318,0,0,0,0,0,0,0,1,0,1,0,0,0,0,0,0,0,0,0,107,91,1,0,0,0,0,0,0,0,0,0,0,0,0,0,0,1090,1400,-40,0.25,0,7.35,19.06,0,0,0,0,65,12.599,0,1,1.816,1.816,0.527,2.031,0.254,0,0,,,,0,0,0,0,0,0,0,0,0,0,0,7,0,0,7000,7000,255,45,157,0,0,0,0,0,0,0,39321,0,0,0,0,0,0,26222,39321
32.497,0,0,65,87,59,14.7,-1.0,-0.068,1,0,0,0,4.5,318,0,0,0,0,0,0,0,1,0,1,0,0,0,0,0,0,0,0,0,107,91,1,0,0,0,0,0,0,0,0,0,0,0,0,0,0,1090,1400,-40,0.25,0,7.35,19.06,0,0,0,0,65,12.599,0,1,1.816,1.816,0.527,2.031,0.254,0,0,,,,0,0,0,0,0,0,0,0,0,0,0,7,0,0,7000,7000,255,45,157,0,0,0,0,0,0,0,39321,0,0,0,0,0,0,26222,39321
32.557,0,0,65,87,59,14.7,-1.0,-0.068,1,0,0,0,4.5,318,0,0,0,0,0,0,0,1,0,1,0,0,0,0,0,0,0,0,0,107,91,1,0,0,0,0,0,0,0,0,0,0,0,0,0,0,1090,1400,-40,0.25,0,7.35,19.06,0,0,0,0,65,12.526,0,1,1.816,1.816,0.527,2.031,0.254,0,0,,,,0,0,0,0,0,0,0,0,0,0,0,7,0,0,7000,7000,255,45,157,0,0,0,0,0,0,0,39321,0,0,0,0,0,0,26222,39321
32.617,0,0,65,87,59,14.7,-1.0,-0.068,1,0,0,0,4.5,318,0,0,0,0,0,0,0,1,0,1,0,0,0,0,0,0,0,0,0,106.1,90,1,0,0,0,0,0,0,0,0,0,0,0,0,0,0,1090,1400,-40,0.25,0,7.35,19.06,0,0,0,0,65,12.013,0,1,1.797,1.797,0.527,2.031,0.234,0,0,,,,0,0,0,0,0,0,0,0,0,0,0,7,0,0,7000,7000,255,45,157,0,0,0,0,0,0,0,39321,0,0,0,0,0,0,26222,39321
32.677,0,0,65,87,59,14.7,-1.0,-0.068,1,0,0,0,4.5,318,0,0,0,0,0,0,0,0,0,1,0,0,0,0,0,0,0,0,0,105.2,89,1,0,0,0,0,0,0,0,0,0,0,0,0,0,0,1090,1400,-40,0.25,0,7.35,19.06,0,0,0,0,65,11.72,0,1,1.777,1.777,0.527,2.031,0.234,0,0,,,,0,0,0,0,0,0,0,0,0,0,0,7,0,0,7000,7000,255,45,157,0,0,0,0,0,0,0,39321,0,0,0,0,0,0,26222,39321
32.737,0,0,65,87,59,14.7,-1.0,-0.068,1,0,0,0,4.5,318,0,0,0,0,0,0,0,0,0,1,0,0,0,0,0,0,0,0,0,105.2,89,1,0,0,0,0,0,0,0,0,0,0,0,0,0,0,1090,1400,-40,0.25,0,7.35,19.06,0,0,0,0,65,11.5,0,1,1.777,1.777,0.527,2.031,0.234,0,0,,,,0,0,0,0,0,0,0,0,0,0,0,7,0,0,7000,7000,255,45,157,0,0,0,0,0,0,0,39321,0,0,0,0,0,0,26222,39321
32.797,0,0,65,87,59,14.7,-1.0,-0.068,1,0,0,0,4.5,318,0,0,0,0,0,0,0,0,0,1,0,0,0,0,0,0,0,0,0,105.2,89,1,0,0,0,0,0,0,0,0,0,0,0,0,0,0,1090,1400,-40,0.25,0,7.35,19.06,0,0,0,0,65,11.354,0,1,1.777,1.777,0.527,2.031,0.234,0,0,,,,0,0,0,0,0,0,0,0,0,0,0,7,0,0,7000,7000,255,45,157,0,0,0,0,0,0,0,39321,0,0,0,0,0,0,26222,39321
32.857,0,0,65,87,59,14.7,-1.0,-0.068,1,0,0,0,4.5,318,0,0,0,0,0,0,0,0,0,1,0,0,0,0,0,0,0,0,0,105.2,89,1,0,0,0,0,0,0,0,0,0,0,0,0,0,0,1090,1400,-40,0.25,0,7.35,19.06,0,0,0,0,65,11.207,0,1,1.777,1.777,0.527,2.031,0.234,0,0,,,,0,0,0,0,0,0,0,0,0,0,0,7,0,0,7000,7000,255,45,157,0,0,0,0,0,0,0,39321,0,0,0,0,0,0,26222,39321
32.916,0,0,65,87,59,14.7,-1.0,-0.068,1,0,0,0,4.5,318,0,0,0,0,0,0,0,0,0,1,0,0,0,0,0,0,0,0,0,105.2,89,1,0,0,0,0,0,0,0,0,0,0,0,0,0,0,1090,1400,-40,0.25,0,7.35,19.06,0,0,0,0,65,11.061,0,1,1.777,1.777,0.527,2.031,0.234,0,0,,,,0,0,0,0,0,0,0,0,0,0,0,7,0,0,7000,7000,255,45,157,0,0,0,0,0,0,0,39321,0,0,0,0,0,0,26222,39321
32.976,0,0,65,87,59,14.7,-1.0,-0.068,1,0,0,0,4.5,318,0,0,0,0,0,0,0,0,0,1,0,0,0,0,0,0,0,0,0,105.2,89,1,0,0,0,0,0,0,0,0,0,0,0,0,0,0,1090,1400,-40,0.25,0,7.35,19.06,0,0,0,0,65,11.061,0,1,1.777,1.777,0.527,2.031,0.254,0,0,,,,0,0,0,0,0,0,0,0,0,0,0,7,0,0,7000,7000,255,45,157,0,0,0,0,0,0,0,39321,0,0,0,0,0,0,26222,39321
33.037,0,0,65,87,59,14.7,-1.0,-0.068,1,0,0,0,4.5,318,0,0,0,0,0,0,0,0,0,1,0,0,0,0,0,0,0,0,0,105.2,89,1,0,0,0,0,0,0,0,0,0,0,0,0,0,0,1090,1400,-40,0.25,0,7.35,19.06,0,0,0,0,65,10.987,0,1,1.777,1.777,0.527,2.031,0.234,0,0,,,,0,0,0,0,0,0,0,0,0,0,0,7,0,0,7000,7000,255,45,157,0,0,0,0,0,0,0,39321,0,0,0,0,0,134,26222,39321
33.097,0,0,65,87,59,14.7,-1.0,-0.068,1,0,0,0,4.5,318,4.144,0,0,229.83,0,0,0,0,0,1,0,0,0,0,0,0,0,0,0,105.2,89,0.313,1,0,0,0,0,0,0,0,0,0,0,0,0,0,1090,1400,67,0.25,0,7.35,19.06,0,229.83,0,0,65,10.914,299.52,1,1.777,1.777,0.527,2.031,0.234,0,0,,,,0,0,0,0,0,0,0,0,0,0,0,7,0,0,7000,7000,255,45,157,0,0,0,0,0,0,0,39321,0,0,0,0,0,134,26222,39321
33.157,0,245,65,87,59,14.7,-1.0,-0.068,1,0,0,0,5.5,318,4.152,0,0,257.33,0,0,0,0,0,1,0,0,0,0,0,0,0,0,0,106.78,91,0.313,1,0,0,0,0,0,0,0,0,0,240,250,0,0,1090,1400,78,0.25,0,7.35,19.01,0,257.33,0,0,65,10.914,299.52,1,1.641,1.641,0.527,2.031,0.254,0,0,,,,35,0,0,0,0,0,0,0,0,0,0,7,0,0,7000,7000,255,45,157,35,0,0,0,0,0,0,39321,131,0,0,0,0,134,26222,39321
33.216,0,515,65,87,59,14.7,-1.0,-0.068,1,0,0,0,7,318,4.008,0,22,239.67,0,0,0,0,0,1,0,0,0,0,0,0,0,0,0,96.21,80,0.313,1,0,0,0,0,0,0,0,0,0,520,520,0,0,1090,1400,79,0.25,0,7.35,19.01,0,239.67,0,22,65,10.914,309.76,1,1.523,1.523,0.527,2.031,0.254,0,0,,,,140,0,0,0,0,0,0,0,0,0,0,7,0,0,7000,7000,255,45,157,35,241,140,0,0,0,0,39321,131,131,131,0,0,134,26222,39321
33.276,0,891,65,87,59,14.41,-1.0,-0.069,1,0,0,0,23,312,4.088,3,37,230.5,0,0,0,0,1,1,0,0,0,0,0,0,0,0,0,87.22,70,0.32,1,0,0,0,0,0,0,0,0,0,880,890,800,980,1090,1400,79,0.25,11,13.78,18.95,0,230.5,0,37,65,10.987,317.44,1,1.348,1.348,0.527,2.031,0.234,0,0,,,,105,0,0,0,0,0,0,0,0,0,0,7,0,0,7000,7000,22,45,250,35,241,140,169,177,105,0,39321,131,131,131,131,118,132,26222,39321
33.337,0,967,65,87,59,14.41,-1.0,-0.069,1,0,0,0,14,312,3.872,3,38,220.67,0,0,0,0,1,1,0,0,0,0,0,0,0,0,0,80.7,63,0.305,1,0,0,0,0,0,0,0,0,0,960,970,800,950,1090,1400,79,0.254,14,13.78,19.01,0,220.67,0,38,65,11.134,325.12,1,1.211,1.211,0.527,2.031,0.234,0,0,,,,100,0,0,0,0,0,0,0,0,0,0,6,0,0,7000,7000,23,45,250,207,151,100,169,177,105,0,39321,135,132,129,131,118,132,26222,39321
33.397,0,1044,65,87,59,14.41,-1.0,-0.069,1,0,0,0,12,312,3.608,3,39,205.17,0,0,0,0,1,1,0,0,0,0,0,0,0,0,0,76.65,59,0.289,1,0,0,0,0,0,0,0,0,0,1040,1040,800,920,1090,1400,79,0.258,18,13.78,18.95,0,205.17,0,39,65,11.427,330.24,1,1.133,1.133,0.527,2.031,0.254,0,0,,,,64,0,0,0,0,0,0,0,0,0,0,6,0,0,7000,7000,24,45,250,207,151,100,180,410,64,0,39321,135,132,129,135,129,135,26222,39321
33.456,0,1121,65,87,59,14.41,-1.0,-0.069,1,0,0,0,13,312,3.48,3,40,196.83,0,0,0,0,1,1,0,0,0,0,0,0,0,0,0,72.61,55,0.313,1,0,0,0,0,0,0,0,0,0,1120,1120,800,890,1090,1400,79,0.258,22.5,13.78,18.89,0,196.83,0,40,65,11.72,332.8,1,1.035,1.035,0.527,2.031,0.254,0,0,,,,99,0,0,0,0,0,0,0,0,0,0,6,0,0,7000,7000,25,45,250,81,63,99,180,410,64,0,39321,143,135,137,135,129,135,26222,39321
33.516,0,1212,65,87,59,14.41,-1.0,-0.069,1,0,0,0,13.5,312,3.264,3,40,183.33,0,0,0,0,1,1,0,0,0,0,0,0,0,0,0,68.34,50,0.289,1,0,0,0,0,0,0,0,0,0,1200,1210,800,860,1090,1400,79,0.258,26,13.78,18.78,0,183.33,0,40,65,11.94,337.92,1,0.938,0.938,0.527,2.051,0.254,0,0,,,,123,0,0,0,0,0,0,0,0,0,0,6,0,0,7000,7000,26,45,250,123,63,99,75,83,49,0,39321,154,135,137,140,135,135,26222,39321
33.576,0,1305,65,87,59,14.41,-1.0,-0.069,1,0,0,0,14.5,312,3.04,3,40,168.33,0,0,0,0,1,1,0,0,0,0,0,0,0,0,0,64.51,46,0.273,1,0,0,0,0,0,0,0,0,0,1320,1310,800,830,1090,1400,79,0.258,30,13.78,18.72,0,168.33,0,40,65,12.159,340.48,1,0.898,0.898,0.527,2.051,0.254,0,0,,,,71,0,0,0,0,0,0,0,0,0,0,6,0,0,7000,7000,26,45,250,123,75,115,75,71,49,0,39321,154,140,149,146,137,135,26222,39321
33.636,0,1362,65,87,59,14.41,-1.0,-0.069,1,0,0,0,14.5,312,2.904,3,38,156.67,0,0,0,0,1,1,0,0,0,0,0,0,0,0,0,61.82,44,0.266,1,0,0,0,0,0,0,0,0,0,1360,1360,800,800,1090,1400,79,0.258,31,13.78,18.6,0,156.67,0,38,65,12.306,343.04,1,0.801,0.801,0.527,2.051,0.254,0,0,,,,70,0,0,0,0,0,0,0,0,0,0,6,0,0,7000,7000,27,45,250,85,80,70,75,71,53,0,39321,157,146,151,146,137,137,26222,39321
33.696,0,1398,65,87,59,14.41,-1.0,-0.069,1,0,0,0,14.5,306,2.856,3,37,149.33,0,0,0,0,1,1,0,0,0,0,0,0,0,0,0,59.57,41,0.258,1,0,0,0,0,0,0,0,0,0,1400,1400,800,800,1090,1400,79,0.258,33,13.78,18.55,0,149.33,0,37,65,12.452,345.6,1,0.762,0.762,0.527,2.051,0.254,0,0,,,,80,0,0,0,0,0,0,0,0,0,0,6,0,0,7000,7000,27,45,250,80,80,70,150,98,50,0,39321,163,146,151,163,146,137,26222,39321
33.756,0,1412,65,87,59,14.41,-1.0,-0.069,1,0,0,0,14.5,306,2.832,3,37,143.67,0,0,0,0,1,1,0,0,0,0,0,0,0,0,0,57.99,39,0.258,1,0,0,0,0,0,0,0,0,0,1400,1410,800,800,1090,1400,79,0.258,33.5,13.78,18.43,0,143.67,0,37,65,12.599,348.16,1,0.723,0.723,0.527,2.051,0.254,0,0,,,,78,0,0,0,0,0,0,0,0,0,0,6,0,0,7000,7000,28,45,250,80,78,120,88,78,50,0,39321,163,149,165,165,151,137,26222,39321
33.816,0,1450,65,87,59,14.41,-1.0,-0.069,1,0,0,0,14.5,306,2.792,3,36,137.83,0,0,0,0,1,1,0,0,0,0,0,0,0,0,0,56.42,38,0.25,1,0,0,0,0,0,0,0,0,0,1440,1450,800,800,1090,1400,79,0.258,34.5,13.78,18.26,0,137.83,0,36,65,12.672,348.16,1,0.703,0.703,0.527,2.051,0.254,0,0,,,,106,0,0,0,0,0,0,0,0,0,0,6,0,0,7000,7000,28,45,250,74,70,106,88,78,54,0,39321,165,151,174,165,151,137,26222,39321
33.876,0,1464,65,87,59,14.41,-1.0,-0.069,1,0,0,0,14.5,306,2.76,3,36,135,0,0,0,0,1,1,0,0,0,0,0,0,0,0,0,55.52,37,0.25,1,0,0,0,0,0,0,0,0,0,1480,1460,800,800,1090,1400,79,0.258,35.5,13.78,18.2,0,135,0,36,65,12.745,350.72,1,0.684,0.684,0.527,2.051,0.254,0,0,,,,94,0,0,0,0,0,0,0,0,0,0,6,0,0,7000,7000,28,45,250,76,94,106,66,92,88,0,39321,168,157,174,168,157,146,26222,39321
33.936,0,1478,65,87,59,14.41,-1.0,-0.069,1,0,0,0,14.5,306,2.736,3,35,133.17,0,0,0,0,1,1,0,0,0,0,0,0,0,0,0,54.85,36,0.25,1,0,0,0,0,0,0,0,0,0,1480,1480,800,800,1090,1400,79,0.258,35.5,13.78,18.15,0,133.17,0,35,65,12.819,350.72,1,0.684,0.684,0.527,2.051,0.254,0,0,,,,90,0,0,0,0,0,0,0,0,0,0,6,0,0,7000,7000,28,45,250,76,94,114,76,104,90,0,39321,168,157,182,171,165,154,26222,39321
33.996,0,1485,65,87,59,14.41,-1.0,-0.069,1,0,0,0,14.5,306,2.704,3,35,131.5,0,0,0,0,1,1,0,0,0,0,0,0,0,0,0,53.95,35,0.25,1,0,0,0,0,0,0,0,0,0,1480,1490,800,800,1090,1400,79,0.258,36,13.78,17.97,0,131.5,0,35,65,12.892,350.72,1,0.664,0.664,0.527,2.051,0.254,0,0,,,,96,0,0,0,0,0,0,0,0,0,0,6,0,0,7000,7000,28,45,250,48,96,98,72,96,90,0,39321,165,165,188,171,174,154,26222,39321
34.056,0,1492,65,87,59,14.41,-1.0,-0.069,1,0,0,0,14.5,306,2.68,3,35,130.5,0,0,0,0,1,1,0,0,0,0,0,0,0,0,0,53.5,35,0.25,1,0,0,0,0,0,0,0,0,0,1480,1490,800,800,1090,1400,79,0.258,36,13.78,16.88,0,130.5,0,35,65,12.892,353.28,1,0.645,0.645,0.527,2.051,0.254,0,0,,,,102,0,0,0,0,0,0,0,0,0,0,6,0,0,7000,7000,29,45,250,70,72,102,72,96,96,0,39321,168,168,194,171,174,160,26222,39321
34.116,0,1497,65,87,59,14.41,-1.0,-0.069,1,0,0,0,14.5,306,2.64,3,35,129.67,0,0,0,0,1,1,0,0,0,0,0,0,0,0,0,53.05,34,0.25,1,0,0,0,0,0,0,0,0,0,1480,1500,800,800,1090,1400,79,0.258,36.5,13.78,16.02,0,129.67,0,35,65,12.965,353.28,1,0.645,0.645,0.527,2.051,0.254,0,0,,,,76,0,0,0,0,0,0,0,0,0,0,6,0,0,7000,7000,29,45,250,62,76,102,92,96,70,0,39321,168,171,194,177,180,163,26222,39321
34.176,0,1498,65,87,59,14.41,-1.0,-0.069,1,0,0,0,14.5,306,2.616,3,35,129,0,0,0,0,1,1,0,0,0,0,0,0,0,0,0,52.82,34,0.25,1,0,0,0,0,0,0,0,0,0,1480,1500,800,800,1090,1400,79,0.258,36.5,13.78,15.85,0,129,0,35,65,13.038,353.28,1,0.625,0.625,0.527,2.051,0.254,0,0,,,,66,0,0,0,0,0,0,0,0,0,0,6,0,0,7000,7000,29,45,250,62,76,104,88,110,66,0,39321,168,171,199,182,188,163,26222,39321
34.237,0,1495,64,87,59,14.41,-1.0,-0.069,1,0,0,0,14.5,306,2.592,3,35,128.67,0,0,0,0,1,1,0,0,0,0,0,0,0,0,0,52.6,34,0.25,1,0,0,0,0,0,0,0,0,0,1480,1500,800,800,1090,1400,79,0.258,36.5,13.78,15.22,0,128.67,0,35,64,13.038,353.28,1,0.625,0.625,0.527,2.07,0.254,0,0,,,,98,0,0,0,0,0,0,0,0,0,0,6,0,0,7000,7000,29,45,250,72,86,94,74,98,66,0,39321,171,174,205,182,194,163,26222,39321
34.297,0,1497,64,87,59,14.41,-1.0,-0.069,1,0,0,0,14.5,306,2.568,3,35,128.5,0,0,0,0,1,1,0,0,0,0,0,0,0,0,0,52.37,34,0.25,1,0,0,0,0,0,0,0,0,0,1480,1500,800,800,1090,1400,79,0.258,36.5,13.78,14.7,0,128.5,0,35,64,13.038,353.28,1,0.625,0.625,0.527,2.07,0.254,0,0,,,,106,0,0,0,0,0,0,0,0,0,0,6,0,0,7000,7000,29,45,250,68,86,106,74,98,62,0,39321,171,177,213,182,194,165,26222,39321
34.356,0,1492,64,87,59,14.41,-1.0,-0.069,1,0,0,0,14.5,306,2.536,3,34,128.33,0,0,0,0,1,1,0,0,0,0,0,0,0,0,0,52.6,34,0.25,1,0,0,0,0,0,0,0,0,0,1480,1490,800,800,1090,1400,79,0.258,36.5,13.78,14.7,0,128.33,0,34,64,13.038,353.28,1,0.625,0.625,0.527,2.07,0.254,0,0,,,,76,0,0,0,0,0,0,0,0,0,0,6,0,0,7000,7000,29,45,250,68,76,106,92,98,76,0,39321,174,177,213,185,199,168,26222,39321
34.416,0,1484,64,87,59,14.41,-1.0,-0.069,1,0,0,0,14.5,306,2.512,3,34,128,0,0,0,0,1,1,0,0,0,0,0,0,0,0,0,52.37,34,0.25,1,0,0,0,0,0,0,0,0,0,1480,1480,800,800,1090,1400,79,0.258,36.5,13.78,14.41,0,128,0,34,64,13.038,353.28,1,0.625,0.625,0.527,2.07,0.254,0,0,,,,76,0,0,0,0,0,0,0,0,0,0,6,0,0,7000,7000,29,45,250,68,76,140,72,88,76,0,39321,174,177,225,188,202,171,26222,39321
34.476,0,1477,64,87,59,14.41,-1.0,-0.069,1,0,0,0,14.5,306,2.488,3,34,128,0,0,0,0,1,1,0,0,0,0,0,0,0,0,0,52.37,34,0.25,1,0,0,0,0,0,0,0,0,0,1480,1480,800,800,1090,1400,79,0.258,36.5,13.78,14.18,0,128,0,34,64,13.038,353.28,1,0.605,0.605,0.527,2.07,0.254,0,0,,,,108,0,0,0,0,0,0,0,0,0,0,6,0,0,7000,7000,29,45,250,88,74,126,76,108,76,0,39321,177,180,233,191,208,171,26222,39321
34.537,0,1470,64,87,59,14.41,-1.0,-0.069,1,0,0,0,14.5,306,2.464,3,34,128,0,0,0,0,1,1,0,0,0,0,0,0,0,0,0,52.37,34,0.25,1,0,0,0,0,0,0,0,0,0,1480,1470,800,800,1090,1400,79,0.258,36.5,13.78,14.18,0,128,0,34,64,13.038,353.28,1,0.625,0.625,0.527,2.07,0.254,0,0,,,,120,0,0,0,0,0,0,0,0,0,0,6,0,0,7000,7000,29,45,250,76,82,120,76,108,72,0,39321,180,182,241,191,208,171,26222,39321
34.597,0,1464,64,87,59,14.41,-1.0,-0.069,1,0,0,0,14.5,306,2.416,2,34,128,0,0,0,0,1,1,0,0,0,0,0,0,0,0,0,52.37,34,0.25,1,0,0,0,0,0,0,0,0,0,1480,1460,800,800,1090,1400,79,0.258,36.5,13.78,14.18,0,128,0,34,64,13.112,353.28,1,0.645,0.645,0.527,2.07,0.254,0,0,,,,64,0,0,0,0,0,0,0,0,0,0,6,0,0,7000,7000,29,45,250,64,82,120,94,134,90,0,39321,180,182,241,194,219,177,26222,39321
34.656,0,1438,64,87,59,14.41,-1.0,-0.069,1,0,0,0,14.5,306,2.416,2,33,128.17,0,0,0,0,1,1,0,0,0,0,0,0,0,0,0,52.6,34,0.25,1,0,0,0,0,0,0,0,0,0,1440,1440,800,800,1090,1400,79,0.258,36,13.78,14.13,0,128.17,0,33,64,13.112,353.28,1,0.645,0.645,0.527,2.07,0.254,0,0,,,,72,0,0,0,0,0,0,0,0,0,0,6,0,0,7000,7000,29,45,250,64,78,96,122,132,72,0,39321,180,185,241,205,227,180,26222,39321
34.716,0,1418,64,87,59,14.41,-1.0,-0.069,1,0,0,0,14.5,306,2.416,2,33,128.33,0,0,0,0,1,1,0,0,0,0,0,0,0,0,0,52.6,34,0.25,1,0,0,0,0,0,0,0,0,0,1400,1420,800,800,1090,1400,79,0.258,35,13.78,14.24,0,128.33,0,33,64,13.112,353.28,1,0.625,0.625,0.527,2.07,0.254,0,0,,,,86,0,0,0,0,0,0,0,0,0,0,6,0,0,7000,7000,29,45,250,110,94,102,86,132,72,0,39321,185,191,244,208,227,180,26222,39321
34.776,0,1413,64,87,59,14.41,-1.0,-0.069,1,0,0,0,14.5,306,2.432,2,33,130.5,0,0,0,0,1,1,0,0,0,0,0,0,0,0,0,52.82,34,0.258,1,0,0,0,0,0,0,0,0,0,1400,1410,800,800,1090,1400,79,0.258,35,13.78,14.47,0,130.5,0,33,64,13.112,353.28,1,0.625,0.625,0.527,2.07,0.254,0,0,,,,68,0,0,0,0,0,0,0,0,0,0,6,0,0,7000,7000,29,45,250,78,68,102,86,82,68,0,39321,188,191,244,208,227,180,26222,39321
34.836,0,1389,64,87,59,14.41,-1.0,-0.069,1,0,0,0,14.5,306,2.44,2,33,131.33,0,0,0,0,1,1,0,0,0,0,0,0,0,0,0,53.05,34,0.258,1,0,0,0,0,0,0,0,0,0,1400,1390,800,800,1090,1400,79,0.258,35,13.78,14.36,0,131.33,0,33,64,13.112,353.28,1,0.645,0.645,0.527,2.07,0.254,0,0,,,,70,0,0,0,0,0,0,0,0,0,0,6,0,0,7000,7000,29,45,250,78,68,124,96,100,70,0,39321,188,191,250,213,230,180,26222,39321
34.896,0,1367,64,87,59,14.41,-1.0,-0.069,1,0,0,0,14.5,312,2.464,2,33,133,0,0,0,0,1,1,0,0,0,0,0,0,0,0,0,53.27,35,0.266,1,0,0,0,0,0,0,0,0,0,1360,1370,800,800,1090,1400,79,0.258,34,13.78,14.53,0,133,0,33,64,13.112,353.28,1,0.625,0.625,0.527,2.09,0.254,0,0,,,,90,0,0,0,0,0,0,0,0,0,0,6,0,0,7000,7000,29,45,250,102,102,124,90,100,70,0,39321,196,196,255,216,230,180,26222,39321
34.956,0,1351,64,87,59,14.41,-1.0,-0.069,1,0,0,0,14.5,312,2.488,2,33,134.5,0,0,0,0,1,1,0,0,0,0,0,0,0,0,0,53.5,35,0.266,1,0,0,0,0,0,0,0,0,0,1360,1350,800,800,1090,1400,79,0.258,34,13.78,14.81,0,134.5,0,33,64,13.112,353.28,1,0.664,0.664,0.527,2.09,0.254,0,0,,,,112,0,0,0,0,0,0,0,0,0,0,6,0,0,7000,7000,29,45,250,56,100,112,90,90,64,0,39321,194,202,261,216,230,180,26222,39321
35.016,0,1347,64,87,59,14.41,-1.0,-0.069,1,0,0,0,14.5,312,2.488,2,33,135.33,0,0,0,0,1,1,0,0,0,0,0,0,0,0,0,53.72,35,0.266,1,0,0,0,0,0,0,0,0,0,1360,1350,800,800,1090,1400,79,0.258,34,13.78,14.93,0,135.33,0,33,64,13.112,353.28,1,0.664,0.664,0.527,2.09,0.254,0,0,,,,60,0,0,0,0,0,0,0,0,0,0,6,0,0,7000,7000,29,45,250,60,100,112,80,76,62,0,39321,194,202,261,216,227,180,26222,39321
35.076,0,1335,64,87,58,14.41,-1.0,-0.069,1,0,0,0,14.5,312,2.496,2,33,135.83,0,0,0,0,1,1,0,0,0,0,0,0,0,0,0,53.95,35,0.266,1,0,0,0,0,0,0,0,0,0,1320,1340,800,800,1090,1400,79,0.258,33.5,13.78,15.04,0,135.83,0,33,64,13.112,350.72,1,0.664,0.664,0.527,2.09,0.254,0,0,,,,70,0,0,0,0,0,0,0,0,0,0,6,0,0,7000,7000,28,45,250,60,102,136,64,70,62,0,39321,194,208,267,213,227,180,26222,39321
35.136,0,1327,64,87,58,14.41,-1.0,-0.069,1,0,0,0,14.5,312,2.504,2,33,136.17,0,0,0,0,1,1,0,0,0,0,0,0,0,0,0,54.17,36,0.266,1,0,0,0,0,0,0,0,0,0,1320,1330,800,800,1090,1400,79,0.258,33.5,13.78,15.16,0,136.17,0,33,64,13.112,350.72,1,0.664,0.664,0.527,2.09,0.254,0,0,,,,113,0,0,0,0,0,0,0,0,0,0,6,0,0,7000,7000,28,45,250,77,57,113,64,70,63,0,39321,194,205,270,213,227,180,26222,39321
35.196,0,1316,64,87,58,14.41,-1.0,-0.069,1,0,0,0,14.5,312,2.512,2,32,136.67,0,0,0,0,1,1,0,0,0,0,0,0,0,0,0,54.4,36,0.266,1,0,0,0,0,0,0,0,0,0,1320,1320,800,800,1090,1400,79,0.258,33.5,13.78,15.33,0,136.67,0,32,64,13.112,350.72,1,0.664,0.664,0.527,2.09,0.254,0,0,,,,115,0,0,0,0,0,0,0,0,0,0,6,0,0,7000,7000,28,45,250,115,57,113,59,77,65,0,39321,202,205,270,210,227,180,26222,39321
35.256,0,1311,70,87,58,14.41,-1.0,-0.069,1,0,0,0,14.5,312,2.504,2,32,137.17,0,0,0,0,1,1,0,0,0,0,0,0,0,0,0,54.62,36,0.266,1,0,0,0,0,0,0,0,0,0,1320,1310,800,800,1090,1400,79,0.258,33.5,13.78,15.39,0,137.17,0,32,75,13.185,350.72,1,0.645,0.645,0.527,2.09,0.254,0,0,,,,67,0,0,0,0,0,0,0,0,0,0,6,0,0,7000,7000,28,45,250,115,79,135,67,77,65,0,39321,202,205,278,208,227,180,26222,39321
35.316,0,1308,75,87,58,14.41,-1.0,-0.069,1,0,0,0,14.5,312,2.52,2,33,138.17,0,0,0,0,1,1,0,0,0,0,0,0,0,0,0,54.85,36,0.266,1,0,0,0,0,0,0,0,0,0,1320,1310,800,800,1090,1400,79,0.258,33.5,13.78,15.5,0,138.17,0,33,75,13.185,350.72,1,0.664,0.664,0.527,2.09,0.254,0,0,,,,63,0,0,0,0,0,0,0,0,0,0,6,0,0,7000,7000,28,45,250,97,63,135,67,85,67,0,39321,205,205,278,208,227,182,26222,39321
35.376,0,1307,75,87,58,14.41,-1.0,-0.069,1,0,0,0,14.5,312,2.528,2,33,138.83,0,0,0,0,1,1,0,0,0,0,0,0,0,0,0,55.07,36,0.266,1,0,0,0,0,0,0,0,0,0,1320,1310,800,800,1090,1400,79,0.258,33.5,13.78,15.56,0,138.83,0,33,75,13.185,350.72,1,0.703,0.703,0.527,2.09,0.254,0,0,,,,61,0,0,0,0,0,0,0,0,0,0,6,0,0,7000,7000,28,45,250,97,63,117,67,101,61,0,39321,205,205,281,205,230,182,26222,39321
35.436,0,1305,75,87,58,14.41,-1.0,-0.069,1,0,0,0,14.5,312,2.536,2,33,139.33,0,0,0,0,1,1,0,0,0,0,0,0,0,0,0,55.3,37,0.266,1,0,0,0,0,0,0,0,0,0,1320,1310,800,800,1090,1400,79,0.258,33,13.78,15.73,0,139.33,0,33,75,13.185,350.72,1,0.703,0.703,0.527,2.09,0.254,0,0,,,,63,0,0,0,0,0,0,0,0,0,0,6,0,0,7000,7000,28,45,250,79,65,141,63,101,61,0,39321,208,202,289,202,230,182,26222,39321
35.496,0,1303,75,87,58,14.41,-1.0,-0.069,1,0,0,0,14.5,312,2.544,2,33,140.33,0,0,0,0,1,1,0,0,0,0,0,0,0,0,0,55.3,37,0.266,1,0,0,0,0,0,0,0,0,0,1320,1300,800,800,1090,1400,79,0.258,33,13.78,15.68,0,140.33,0,33,75,13.185,350.72,1,0.703,0.703,0.527,2.09,0.254,0.02,0,,,,75,0,0,0,0,0,0,0,0,0,0,6,0,0,7000,7000,28,45,250,95,75,141,63,87,73,0,39321,210,202,289,202,230,185,26222,39321
35.556,0,1288,75,87,58,14.41,-1.0,-0.069,1,0,0,0,13.5,312,2.544,2,33,140.83,0,0,0,0,1,1,0,0,0,0,0,0,0,0,0,55.52,37,0.273,1,0,0,0,0,0,0,0,0,0,1280,1290,800,800,1090,1400,79,0.258,32,13.78,15.79,0,140.83,0,33,75,13.185,350.72,1,0.703,0.703,0.527,2.09,0.254,0.02,0,,,,59,0,0,0,0,0,0,0,0,0,0,6,0,0,7000,7000,28,45,250,95,75,135,55,73,59,0,39321,210,202,295,199,230,182,26222,39321
35.616,0,1269,75,87,58,14.41,-1.0,-0.069,1,0,0,0,13.5,312,2.576,2,33,142.67,0,0,0,0,1,1,0,0,0,0,0,0,0,0,0,55.75,37,0.273,1,0,0,0,0,0,0,0,0,0,1280,1270,800,800,1090,1400,79,0.258,32,13.78,15.91,0,142.67,0,33,75,13.112,350.72,1,0.684,0.684,0.527,2.109,0.254,0.02,0,,,,67,0,0,0,0,0,0,0,0,0,0,6,0,0,7000,7000,28,45,250,77,83,153,67,73,59,0,39321,210,205,303,199,230,182,26222,39321
35.676,0,1259,75,87,58,14.41,-1.0,-0.069,1,0,0,0,13.5,312,2.584,2,32,143.33,0,0,0,0,1,1,0,0,0,0,0,0,0,0,0,55.97,37,0.273,1,0,0,0,0,0,0,0,0,0,1240,1260,800,800,1090,1400,79,0.258,31.5,13.78,15.96,0,143.33,0,32,75,13.112,350.72,1,0.703,0.703,0.527,2.109,0.254,0.02,0,,,,75,0,0,0,0,0,0,0,0,0,0,6,0,0,7000,7000,28,45,250,85,75,153,67,95,61,0,39321,213,205,303,199,233,180,26222,39321
35.736,0,1248,75,87,58,14.41,-1.0,-0.069,1,0,0,0,13.5,312,2.624,2,33,146,0,0,0,0,1,1,0,0,0,0,0,0,0,0,0,56.2,38,0.281,1,0,0,0,0,0,0,0,0,0,1240,1250,800,800,1090,1400,79,0.258,31.5,13.78,15.96,0,146,0,33,75,13.112,350.72,1,0.703,0.703,0.527,2.109,0.254,0.02,0,,,,77,0,0,0,0,0,0,0,0,0,0,6,0,0,7000,7000,28,45,250,85,75,145,71,77,61,0,39321,213,205,309,199,233,180,26222,39321
35.796,0,1245,75,87,58,14.41,-1.0,-0.069,1,0,0,0,13.5,312,2.632,2,33,146.83,0,0,0,0,1,1,0,0,0,0,0,0,0,0,0,56.42,38,0.281,1,0,0,0,0,0,0,0,0,0,1240,1250,800,800,1090,1400,79,0.258,31.5,13.78,16.02,0,146.83,0,33,75,13.112,348.16,1,0.723,0.723,0.527,2.109,0.254,0.02,0,,,,153,0,0,0,0,0,0,0,0,0,0,6,0,0,7000,7000,28,45,250,141,79,153,71,77,59,0,39321,225,205,317,199,233,180,26222,39321
35.856,0,1249,75,87,58,14.41,-1.0,-0.069,1,0,0,0,13.5,312,2.64,2,33,147.33,0,0,0,0,1,1,0,0,0,0,0,0,0,0,0,56.65,38,0.281,1,0,0,0,0,0,0,0,0,0,1240,1250,800,800,1090,1400,79,0.258,31.5,13.78,16.19,0,147.33,0,33,75,13.112,348.16,1,0.723,0.723,0.527,2.109,0.254,0.02,0,,,,135,0,0,0,0,0,0,0,0,0,0,6,0,0,7000,7000,28,45,250,135,79,153,63,71,59,0,39321,236,205,317,196,233,177,26222,39321
35.916,0,1242,75,87,58,14.41,-1.0,-0.069,1,0,0,0,13.5,312,2.648,2,33,147.83,0,0,0,0,1,1,0,0,0,0,0,0,0,0,0,56.65,38,0.281,1,0,0,0,0,0,0,0,0,0,1240,1240,800,800,1090,1400,79,0.258,31.5,13.78,16.25,0,147.83,0,33,75,13.112,348.16,1,0.723,0.723,0.527,2.109,0.254,0.02,0,,,,77,0,0,0,0,0,0,0,0,0,0,6,0,0,7000,7000,28,45,250,135,65,151,67,77,59,0,39321,236,202,326,194,233,177,26222,39321
35.976,0,1248,75,87,58,14.41,-1.0,-0.069,1,0,0,0,13.5,312,2.648,2,33,148,0,0,0,0,1,1,0,0,0,0,0,0,0,0,0,56.65,38,0.281,1,0,0,0,0,0,0,0,0,0,1240,1250,800,800,1090,1400,79,0.258,31.5,13.78,16.25,0,148,0,33,75,13.112,348.16,1,0.723,0.723,0.527,2.109,0.254,0.02,0,,,,79,0,0,0,0,0,0,0,0,0,0,6,0,0,7000,7000,28,45,250,109,79,151,67,77,55,0,39321,239,205,326,194,233,177,26222,39321
36.036,0,1237,75,87,58,14.41,-1.0,-0.069,1,0,0,0,13.5,312,2.648,2,33,148.17,0,0,0,0,1,1,0,0,0,0,0,0,0,0,0,56.87,38,0.281,1,0,0,0,0,0,0,0,0,0,1240,1240,800,800,1090,1400,79,0.258,31.5,13.78,16.31,0,148.17,0,33,74,13.112,348.16,1,0.723,0.723,0.527,2.109,0.254,0.02,0,,,,59,0,0,0,0,0,0,0,0,0,0,6,0,0,7000,7000,28,45,250,109,79,131,63,73,59,0,39321,239,205,329,191,233,174,26222,39321
36.096,0,1242,74,87,58,14.41,-1.0,-0.069,1,0,0,0,13.5,312,2.648,2,33,148,0,0,0,0,1,1,0,0,0,0,0,0,0,0,0,56.87,38,0.281,1,0,0,0,0,0,0,0,0,0,1240,1240,800,800,1090,1400,79,0.258,31.5,13.78,16.31,0,148,0,33,74,13.112,348.16,1,0.742,0.742,0.527,2.109,0.254,0.02,0,,,,75,0,0,0,0,0,0,0,0,0,0,6,0,0,7000,7000,28,45,250,95,93,103,75,73,59,0,39321,241,208,326,194,233,174,26222,39321
36.156,0,1254,74,87,58,14.41,-1.0,-0.069,1,0,0,0,13.5,312,2.648,2,33,148.17,0,0,0,0,1,1,0,0,0,0,0,0,0,0,0,56.87,38,0.281,1,0,0,0,0,0,0,0,0,0,1240,1250,800,800,1090,1400,79,0.258,31.5,13.78,16.31,0,148.17,0,33,74,13.112,348.16,1,0.723,0.723,0.527,2.109,0.254,0.02,0,,,,65,0,0,0,0,0,0,0,0,0,0,6,0,0,7000,7000,28,45,250,113,65,103,75,73,55,0,39321,244,208,326,194,230,174,26222,39321
36.216,0,1251,74,87,58,14.41,-1.0,-0.069,1,0,0,0,13.5,312,2.648,2,33,148,0,0,0,0,1,1,0,0,0,0,0,0,0,0,0,56.87,38,0.281,1,0,0,0,0,0,0,0,0,0,1240,1250,800,800,1090,1400,79,0.258,31.5,13.78,16.31,0,148,0,33,74,13.112,348.16,1,0.742,0.742,0.527,2.109,0.254,0.02,0,,,,85,0,0,0,0,0,0,0,0,0,0,6,0,0,7000,7000,28,45,250,113,65,105,73,85,55,0,39321,244,208,323,194,233,174,26222,39321
36.276,0,1250,74,87,58,14.41,-1.0,-0.069,1,0,0,0,13.5,312,2.648,2,33,148,0,0,0,0,1,1,0,0,0,0,0,0,0,0,0,56.87,38,0.281,1,0,0,0,0,0,0,0,0,0,1240,1250,800,800,1090,1400,79,0.258,31.5,13.78,16.25,0,148,0,33,74,13.112,348.16,1,0.703,0.703,0.527,2.109,0.254,0.02,0,,,,157,0,0,0,0,0,0,0,0,0,0,6,0,0,7000,7000,28,45,250,111,85,157,73,85,59,0,39321,250,210,329,194,233,171,26222,39321
36.336,0,1265,74,87,58,14.41,-1.0,-0.069,1,0,0,0,13.5,312,2.648,2,34,148,0,0,0,0,1,1,0,0,0,0,0,0,0,0,0,56.87,38,0.281,1,0,0,0,0,0,0,0,0,0,1280,1270,800,800,1090,1400,79,0.258,32,13.78,16.19,0,148,0,34,74,13.112,348.16,1,0.723,0.723,0.527,2.129,0.254,0.02,0,,,,121,0,0,0,0,0,0,0,0,0,0,6,0,0,7000,7000,28,45,250,121,85,157,61,65,63,0,39321,255,210,329,194,230,171,26222,39321
36.396,0,1263,74,88,57,14.41,-1.0,-0.069,1,0,0,0,13.5,312,2.624,2,33,145.83,0,0,0,0,1,1,0,0,0,0,0,0,0,0,0,56.65,38,0.273,1,0,0,0,0,0,0,0,0,0,1280,1260,800,800,1090,1400,79,0.258,32,13.78,16.25,0,145.83,0,33,74,13.185,348.16,1,0.723,0.723,0.527,2.129,0.254,0.02,0,,,,79,0,0,0,0,0,0,0,0,0,0,6,0,0,7000,7000,28,45,250,121,71,123,57,79,63,0,39321,255,208,331,191,230,171,26222,39321
36.456,0,1274,74,88,57,14.41,-1.0,-0.069,1,0,0,0,13.5,312,2.6,2,33,145,0,0,0,0,1,1,0,0,0,0,0,0,0,0,0,56.65,38,0.273,1,0,0,0,0,0,0,0,0,0,1280,1270,800,800,1090,1400,79,0.258,32,13.78,16.25,0,145,0,33,74,13.185,348.16,1,0.723,0.723,0.527,2.129,0.254,0.02,0,,,,75,0,0,0,0,0,0,0,0,0,0,6,0,0,7000,7000,28,45,250,113,75,123,57,79,51,0,39321,261,208,331,191,230,168,26222,39321
36.516,0,1281,74,88,57,14.41,-1.0,-0.069,1,0,0,0,13.5,312,2.6,2,33,144.83,0,0,0,0,1,1,0,0,0,0,0,0,0,0,0,56.65,38,0.273,1,0,0,0,0,0,0,0,0,0,1280,1280,800,800,1090,1400,79,0.258,32,13.78,16.25,0,144.83,0,33,73,13.185,348.16,1,0.742,0.742,0.527,2.129,0.254,0.02,0,,,,45,0,0,0,0,0,0,0,0,0,0,6,0,0,7000,7000,28,45,250,113,75,109,55,81,45,0,39321,261,208,329,188,230,165,26222,39321
36.576,0,1282,73,88,57,14.41,-1.0,-0.069,1,0,0,0,13.5,312,2.592,2,33,144.5,0,0,0,0,1,1,0,0,0,0,0,0,0,0,0,56.42,38,0.273,1,0,0,0,0,0,0,0,0,0,1280,1280,800,800,1090,1400,79,0.258,32,13.78,16.31,0,144.5,0,33,73,13.185,348.16,1,0.703,0.703,0.527,2.129,0.254,0.02,0,,,,77,0,0,0,0,0,0,0,0,0,0,6,0,0,7000,7000,28,45,250,103,71,109,77,81,45,0,39321,264,208,326,191,230,165,26222,39321
36.636,0,1285,73,88,57,14.41,-1.0,-0.069,1,0,0,0,13.5,312,2.592,2,33,144.33,0,0,0,0,1,1,0,0,0,0,0,0,0,0,0,56.42,38,0.273,1,0,0,0,0,0,0,0,0,0,1280,1290,800,800,1090,1400,79,0.258,32,13.78,16.31,0,144.33,0,33,73,13.185,348.16,1,0.703,0.703,0.527,2.129,0.254,0.02,0,,,,71,0,0,0,0,0,0,0,0,0,0,6,0,0,7000,7000,28,45,250,87,71,109,77,71,49,0,39321,261,208,326,191,227,165,26222,39321
36.696,0,1278,73,88,57,14.41,-1.0,-0.069,1,0,0,0,13.5,312,2.592,2,33,144.33,0,0,0,0,1,1,0,0,0,0,0,0,0,0,0,56.42,38,0.273,1,0,0,0,0,0,0,0,0,0,1280,1280,800,800,1090,1400,79,0.258,32,13.78,16.31,0,144.33,0,33,73,13.185,348.16,1,0.703,0.703,0.527,2.129,0.254,0.02,0,,,,47,0,0,0,0,0,0,0,0,0,0,6,0,0,7000,7000,28,45,250,87,71,119,67,81,47,0,39321,261,208,326,191,227,163,26222,39321
36.756,0,1280,73,88,57,14.41,-1.0,-0.069,1,0,0,0,13.5,312,2.592,2,33,144.17,0,0,0,0,1,1,0,0,0,0,0,0,0,0,0,56.42,38,0.273,1,0,0,0,0,0,0,0,0,0,1280,1280,800,800,1090,1400,79,0.258,32,13.78,16.31,0,144.17,0,33,73,13.185,348.16,1,0.703,0.703,0.527,2.129,0.254,0.02,0,,,,73,0,0,0,0,0,0,0,0,0,0,6,0,0,7000,7000,28,45,250,95,71,125,73,81,47,0,39321,261,208,329,191,227,163,26222,39321
36.816,0,1269,73,88,57,14.41,-1.0,-0.069,1,0,0,0,13.5,312,2.584,2,33,144,0,0,0,0,1,1,0,0,0,0,0,0,0,0,0,56.2,38,0.273,1,0,0,0,0,0,0,0,0,0,1280,1270,800,800,1090,1400,79,0.258,32,13.78,16.25,0,144,0,33,73,13.185,350.72,1,0.703,0.703,0.527,2.129,0.254,0.02,0,,,,97,0,0,0,0,0,0,0,0,0,0,6,0,0,7000,7000,28,45,250,97,71,125,73,77,59,0,39321,261,208,329,191,227,163,26222,39321
36.876,0,1262,73,88,57,14.41,-1.0,-0.069,1,0,0,0,13.5,312,2.592,2,33,144.17,0,0,0,0,1,1,0,0,0,0,0,0,0,0,0,56.42,38,0.273,1,0,0,0,0,0,0,0,0,0,1280,1260,800,800,1090,1400,79,0.258,32,13.78,16.25,0,144.17,0,33,73,13.185,348.16,1,0.742,0.742,0.527,2.129,0.254,0.02,0,,,,71,0,0,0,0,0,0,0,0,0,0,6,0,0,7000,7000,28,45,250,97,41,125,57,71,59,0,39321,261,202,331,188,225,163,26222,39321
36.936,0,1264,72,88,57,14.41,-1.0,-0.069,1,0,0,0,13.5,312,2.592,2,33,144.33,0,0,0,0,1,1,0,0,0,0,0,0,0,0,0,56.42,38,0.273,1,0,0,0,0,0,0,0,0,0,1280,1260,800,800,1090,1400,79,0.258,32,13.78,16.31,0,144.33,0,33,72,13.185,348.16,1,0.703,0.703,0.527,2.129,0.254,0.02,0,,,,113,0,0,0,0,0,0,0,0,0,0,6,0,0,7000,7000,28,45,250,111,43,113,57,71,59,0,39321,264,199,329,188,225,163,26222,39321
36.996,0,1260,72,88,57,14.41,-1.0,-0.069,1,0,0,0,13.5,312,2.6,2,33,145,0,0,0,0,1,1,0,0,0,0,0,0,0,0,0,56.42,38,0.281,1,0,0,0,0,0,0,0,0,0,1280,1260,800,800,1090,1400,79,0.258,32,13.78,16.31,0,145,0,33,72,13.185,348.16,1,0.723,0.723,0.527,2.129,0.254,0.02,0,,,,119,0,0,0,0,0,0,0,0,0,0,6,0,0,7000,7000,28,45,250,119,43,113,85,57,53,0,39321,267,199,329,191,222,163,26222,39321
37.056,0,1258,72,88,57,14.41,-1.0,-0.069,1,0,0,0,13.5,312,2.592,2,33,144.5,0,0,0,0,1,1,0,0,0,0,0,0,0,0,0,56.42,38,0.273,1,0,0,0,0,0,0,0,0,0,1240,1260,800,800,1090,1400,79,0.258,31.5,13.78,16.25,0,144.5,0,33,72,13.185,348.16,1,0.723,0.723,0.527,2.129,0.254,0.02,0,,,,75,0,0,0,0,0,0,0,0,0,0,6,0,0,7000,7000,28,45,250,119,73,135,69,75,53,0,39321,267,199,334,191,219,163,26222,39321
37.116,0,1268,72,88,57,14.41,-1.0,-0.069,1,0,0,0,13.5,312,2.592,2,33,144.67,0,0,0,0,1,1,0,0,0,0,0,0,0,0,0,56.42,38,0.273,1,0,0,0,0,0,0,0,0,0,1280,1270,800,800,1090,1400,79,0.258,32,13.78,16.25,0,144.67,0,33,72,13.185,348.16,1,0.723,0.723,0.527,2.129,0.254,0.02,0,,,,75,0,0,0,0,0,0,0,0,0,0,6,0,0,7000,7000,28,45,250,99,75,135,69,75,63,0,39321,267,199,334,191,219,165,26222,39321
37.176,0,1265,72,88,57,14.41,-1.0,-0.069,1,0,0,0,13.5,312,2.592,2,33,144.5,0,0,0,0,1,1,0,0,0,0,0,0,0,0,0,56.42,38,0.273,1,0,0,0,0,0,0,0,0,0,1280,1270,800,800,1090,1400,79,0.258,32,13.78,16.25,0,144.5,0,33,72,13.258,348.16,1,0.723,0.723,0.527,2.129,0.254,0.02,0,,,,63,0,0,0,0,0,0,0,0,0,0,6,0,0,7000,7000,28,45,250,99,75,111,63,67,63,0,39321,267,199,334,188,219,165,26222,39321
37.236,0,1271,72,88,57,14.64,-1.0,-0.068,1,0,0,0,13.5,312,2.568,2,33,144.33,0,0,0,0,1,1,0,0,0,0,0,0,0,0,0,56.42,38,0.273,1,0,0,0,0,0,0,0,0,0,1280,1270,800,800,1090,1400,79,0.258,32,13.78,16.25,0,144.33,0,33,72,13.258,348.16,1,0.723,0.723,0.527,2.129,0.254,0.02,0,,,,73,0,0,0,0,0,0,0,0,0,0,6,0,0,7000,7000,28,45,250,123,63,145,73,67,63,0,39321,272,196,340,188,219,165,26222,39321
37.296,0,1280,71,88,57,14.7,-1.0,-0.068,1,0,0,0,13.5,312,2.552,2,33,144.33,0,0,0,0,1,1,0,0,0,0,0,0,0,0,0,56.42,38,0.273,1,0,0,0,0,0,0,0,0,0,1280,1280,800,800,1090,1400,79,0.258,32,13.78,16.31,0,144.33,0,33,71,13.258,348.16,1,0.703,0.703,0.527,2.148,0.254,0.02,0,,,,59,0,0,0,0,0,0,0,0,0,0,6,0,0,7000,7000,28,45,250,99,59,145,73,71,63,0,39321,272,194,340,188,219,165,26222,39321
37.356,0,1277,71,88,57,14.7,-1.0,-0.068,1,0,0,0,13.5,312,2.544,2,33,144,0,0,0,0,1,1,0,0,0,0,0,0,0,0,0,56.2,38,0.273,1,0,0,0,0,0,0,0,0,0,1280,1280,800,800,1090,1400,79,0.258,32,13.78,16.31,0,144,0,33,71,13.258,350.72,1,0.703,0.703,0.527,2.148,0.254,0.02,0,,,,59,0,0,0,0,0,0,0,0,0,0,6,0,0,7000,7000,28,45,250,99,59,123,59,75,59,0,39321,272,194,343,185,219,165,26222,39321
37.416,0,1277,71,88,57,14.7,-1.0,-0.068,1,0,0,0,13.5,312,2.544,2,33,143.67,0,0,0,0,1,1,0,0,0,0,0,0,0,0,0,56.2,38,0.273,1,0,0,0,0,0,0,0,0,0,1280,1280,800,800,1090,1400,79,0.258,32,13.78,16.37,0,143.67,0,33,71,13.258,350.72,1,0.723,0.723,0.527,2.148,0.254,0.02,0,,,,77,0,0,0,0,0,0,0,0,0,0,6,0,0,7000,7000,28,45,250,109,57,119,77,75,59,0,39321,275,191,343,185,219,165,26222,39321
37.476,0,1281,71,88,57,14.7,-1.0,-0.068,1,0,0,0,13.5,312,2.544,2,33,143.67,0,0,0,0,1,1,0,0,0,0,0,0,0,0,0,56.2,38,0.273,1,0,0,0,0,0,0,0,0,0,1280,1280,800,800,1090,1400,79,0.258,32,13.78,16.42,0,143.67,0,33,71,13.258,350.72,1,0.703,0.703,0.527,2.148,0.254,0.02,0,,,,105,0,0,0,0,0,0,0,0,0,0,6,0,0,7000,7000,28,45,250,105,57,119,77,73,65,0,39321,278,191,343,185,219,165,26222,39321
37.536,0,1270,71,88,57,14.7,-1.0,-0.068,1,0,0,0,13.5,312,2.536,2,33,143.5,0,0,0,0,1,1,0,0,0,0,0,0,0,0,0,56.2,38,0.273,1,0,0,0,0,0,0,0,0,0,1280,1270,800,800,1090,1400,79,0.258,32,13.78,16.42,0,143.5,0,33,71,13.258,350.72,1,0.703,0.703,0.527,2.148,0.254,0.02,0,,,,85,0,0,0,0,0,0,0,0,0,0,6,0,0,7000,7000,28,45,250,105,41,113,75,85,65,0,39321,278,185,343,185,222,165,26222,39321
37.596,0,1273,70,88,57,14.7,-1.0,-0.068,1,0,0,0,13.5,312,2.536,2,33,143.5,0,0,0,0,1,1,0,0,0,0,0,0,0,0,0,56.2,38,0.273,1,0,0,0,0,0,0,0,0,0,1280,1270,800,800,1090,1400,79,0.258,32,13.78,16.48,0,143.5,0,33,70,13.258,350.72,1,0.703,0.703,0.527,2.148,0.254,0.02,0,,,,131,0,0,0,0,0,0,0,0,0,0,6,0,0,7000,7000,28,45,250,91,61,131,75,85,59,0,39321,275,185,343,185,222,165,26222,39321
37.656,0,1274,70,88,57,14.7,-1.0,-0.068,1,0,0,0,13.5,312,2.536,2,33,143.5,0,0,0,0,1,1,0,0,0,0,0,0,0,0,0,56.2,38,0.273,1,0,0,0,0,0,0,0,0,0,1280,1270,800,800,1090,1400,79,0.258,32,13.78,16.54,0,143.5,0,33,70,13.258,350.72,1,0.703,0.703,0.527,2.148,0.254,0.02,0,,,,107,0,0,0,0,0,0,0,0,0,0,6,0,0,7000,7000,28,45,250,107,61,131,67,93,65,0,39321,275,185,343,185,225,168,26222,39321
37.716,0,1266,70,88,57,14.7,-1.0,-0.068,1,0,0,0,13.5,312,2.536,2,33,143.5,0,0,0,0,1,1,0,0,0,0,0,0,0,0,0,56.2,38,0.273,1,0,0,0,0,0,0,0,0,0,1280,1270,800,800,1090,1400,79,0.258,32,13.78,16.54,0,143.5,0,33,70,13.258,350.72,1,0.723,0.723,0.527,2.148,0.254,0.02,0,,,,75,0,0,0,0,0,0,0,0,0,0,6,0,0,7000,7000,28,45,250,107,57,95,69,75,65,0,39321,275,185,337,185,225,168,26222,39321
37.776,0,1263,70,88,57,14.7,-1.0,-0.068,1,0,0,0,13.5,312,2.536,2,33,143.5,0,0,0,0,1,1,0,0,0,0,0,0,0,0,0,56.2,38,0.273,1,0,0,0,0,0,0,0,0,0,1280,1260,800,800,1090,1400,79,0.258,32,13.78,16.54,0,143.5,0,33,70,13.258,350.72,1,0.703,0.703,0.527,2.148,0.254,0.02,0,,,,63,0,0,0,0,0,0,0,0,0,0,6,0,0,7000,7000,28,45,250,99,63,95,69,75,55,0,39321,275,182,337,185,225,168,26222,39321
37.836,0,1257,70,88,57,14.7,-1.0,-0.068,1,0,0,0,13.5,312,2.552,2,33,144.33,0,0,0,0,1,1,0,0,0,0,0,0,0,0,0,56.2,38,0.281,1,0,0,0,0,0,0,0,0,0,1240,1260,800,800,1090,1400,79,0.258,31.5,13.78,16.59,0,144.33,0,33,69,13.258,350.72,1,0.703,0.703,0.527,2.148,0.254,0.02,0,,,,61,0,0,0,0,0,0,0,0,0,0,6,0,0,7000,7000,28,45,250,99,63,113,55,81,61,0,39321,275,182,337,182,225,168,26222,39321
37.896,0,1255,69,88,57,14.7,-1.0,-0.068,1,0,0,0,13.5,312,2.552,2,33,144.5,0,0,0,0,1,1,0,0,0,0,0,0,0,0,0,56.42,38,0.273,1,0,0,0,0,0,0,0,0,0,1240,1260,800,800,1090,1400,79,0.258,31.5,13.78,16.65,0,144.5,0,33,69,13.258,348.16,1,0.703,0.703,0.527,2.148,0.254,0.02,0,,,,59,0,0,0,0,0,0,0,0,0,0,6,0,0,7000,7000,28,45,250,109,59,101,59,81,61,0,39321,278,182,334,180,225,168,26222,39321
37.956,0,1259,69,88,57,14.7,-1.0,-0.068,1,0,0,0,13.5,312,2.568,2,33,145.67,0,0,0,0,1,1,0,0,0,0,0,0,0,0,0,56.2,38,0.281,1,0,0,0,0,0,0,0,0,0,1240,1260,800,800,1090,1400,79,0.258,31.5,13.78,16.65,0,145.67,0,33,69,13.258,350.72,1,0.703,0.703,0.527,2.148,0.254,0.02,0,,,,97,0,0,0,0,0,0,0,0,0,0,6,0,0,7000,7000,28,45,250,101,97,101,59,89,57,0,39321,278,188,334,180,227,168,26222,39321
38.016,0,1254,69,88,57,14.7,-1.0,-0.068,1,0,0,0,13.5,312,2.568,2,33,146.17,0,0,0,0,1,1,0,0,0,0,0,0,0,0,0,56.42,38,0.281,1,0,0,0,0,0,0,0,0,0,1240,1250,800,800,1090,1400,79,0.258,31.5,13.78,16.59,0,146.17,0,33,69,13.258,348.16,1,0.723,0.723,0.527,2.148,0.254,0.02,0,,,,77,0,0,0,0,0,0,0,0,0,0,6,0,0,7000,7000,28,45,250,101,97,103,57,77,57,0,39321,278,188,331,177,227,168,26222,39321
38.076,0,1265,69,88,57,14.7,-1.0,-0.068,1,0,0,0,13.5,312,2.56,2,33,145.5,0,0,0,0,1,1,0,0,0,0,0,0,0,0,0,56.2,38,0.273,1,0,0,0,0,0,0,0,0,0,1280,1270,800,800,1090,1400,79,0.258,32,13.78,16.59,0,145.5,0,33,69,13.331,350.72,1,0.723,0.723,0.527,2.148,0.254,0.02,0,,,,107,0,0,0,0,0,0,0,0,0,0,6,0,0,7000,7000,28,45,250,119,77,107,57,77,71,0,39321,281,191,329,177,227,171,26222,39321
38.136,0,1271,68,88,57,14.7,-1.0,-0.068,1,0,0,0,13.5,312,2.536,2,33,144.17,0,0,0,0,1,1,0,0,0,0,0,0,0,0,0,56.42,38,0.273,1,0,0,0,0,0,0,0,0,0,1280,1270,800,800,1090,1400,79,0.258,32,13.78,16.65,0,144.17,0,33,68,13.331,348.16,1,0.723,0.723,0.527,2.148,0.254,0.02,0,,,,111,0,0,0,0,0,0,0,0,0,0,6,0,0,7000,7000,28,45,250,111,77,107,61,81,67,0,39321,284,191,329,177,227,171,26222,39321
38.196,0,1272,68,88,57,14.7,-1.0,-0.068,1,0,0,0,13.5,312,2.528,2,33,143.5,0,0,0,0,1,1,0,0,0,0,0,0,0,0,0,56.2,38,0.273,1,0,0,0,0,0,0,0,0,0,1280,1270,800,800,1090,1400,79,0.258,32,13.78,16.59,0,143.5,0,33,68,13.331,350.72,1,0.684,0.684,0.527,2.148,0.254,0.02,0,,,,93,0,0,0,0,0,0,0,0,0,0,6,0,0,7000,7000,28,45,250,111,59,95,73,93,67,0,39321,284,188,326,177,230,171,26222,39321
38.256,0,1279,68,88,57,14.7,-1.0,-0.068,1,0,0,0,13.5,312,2.528,2,33,143.33,0,0,0,0,1,1,0,0,0,0,0,0,0,0,0,56.2,38,0.273,1,0,0,0,0,0,0,0,0,0,1280,1280,800,800,1090,1400,79,0.258,32,13.78,16.54,0,143.33,0,33,68,13.331,350.72,1,0.703,0.703,0.527,2.148,0.254,0.02,0,,,,93,0,0,0,0,0,0,0,0,0,0,6,0,0,7000,7000,28,45,250,111,61,93,73,93,59,0,39321,286,185,323,177,230,171,26222,39321
38.316,0,1272,68,88,56,14.7,-1.0,-0.068,1,0,0,0,13.5,312,2.528,2,33,143.17,0,0,0,0,1,1,0,0,0,0,0,0,0,0,0,56.2,38,0.273,1,0,0,0,0,0,0,0,0,0,1280,1270,800,800,1090,1400,79,0.258,32,13.78,16.54,0,143.17,0,33,68,13.331,350.72,1,0.723,0.723,0.527,2.148,0.254,0.02,0,,,,111,0,0,0,0,0,0,0,0,0,0,6,0,0,7000,7000,28,45,250,111,61,93,63,75,57,0,39321,289,185,323,177,227,171,26222,39321
38.376,0,1269,67,88,56,14.7,-1.0,-0.068,1,0,0,0,13.5,312,2.528,2,33,143.17,0,0,0,0,1,1,0,0,0,0,0,0,0,0,0,56.2,38,0.273,1,0,0,0,0,0,0,0,0,0,1280,1270,800,800,1090,1400,79,0.258,32,13.78,16.54,0,143.17,0,33,67,13.331,350.72,1,0.684,0.684,0.527,2.148,0.254,0.02,0,,,,67,0,0,0,0,0,0,0,0,0,0,6,0,0,7000,7000,28,45,250,111,69,91,67,75,57,0,39321,289,185,317,180,227,171,26222,39321
38.436,0,1267,67,88,56,14.7,-1.0,-0.068,1,0,0,0,13.5,312,2.528,2,33,143,0,0,0,0,1,1,0,0,0,0,0,0,0,0,0,55.97,37,0.273,1,0,0,0,0,0,0,0,0,0,1280,1270,800,800,1090,1400,79,0.258,32,13.78,16.54,0,143,0,33,67,13.331,350.72,1,0.723,0.723,0.527,2.148,0.254,0.02,0,,,,59,0,0,0,0,0,0,0,0,0,0,6,0,0,7000,7000,28,45,250,89,59,91,67,89,61,0,39321,286,185,317,180,227,171,26222,39321
38.496,0,1268,67,88,56,14.7,-1.0,-0.068,1,0,0,0,13.5,312,2.52,2,33,142.83,0,0,0,0,1,1,0,0,0,0,0,0,0,0,0,55.97,37,0.273,1,0,0,0,0,0,0,0,0,0,1280,1270,800,800,1090,1400,79,0.258,32,13.78,16.59,0,142.83,0,33,67,13.331,350.72,1,0.703,0.703,0.527,2.168,0.254,0.02,0,,,,61,0,0,0,0,0,0,0,0,0,0,6,0,0,7000,7000,28,45,250,89,59,97,71,75,61,0,39321,286,185,315,180,227,171,26222,39321
38.556,0,1259,66,88,56,14.7,-1.0,-0.068,1,0,0,0,13.5,312,2.52,2,33,142.83,0,0,0,0,1,1,0,0,0,0,0,0,0,0,0,55.97,37,0.273,1,0,0,0,0,0,0,0,0,0,1240,1260,800,800,1090,1400,79,0.258,31.5,13.78,16.59,0,142.83,0,33,66,13.331,350.72,1,0.703,0.703,0.527,2.168,0.254,0.02,0,,,,69,0,0,0,0,0,0,0,0,0,0,6,0,0,7000,7000,28,45,250,97,63,113,69,75,61,0,39321,286,182,317,180,227,171,26222,39321
38.616,0,1262,66,88,56,14.7,-1.0,-0.068,1,0,0,0,13.5,312,2.528,2,33,143.33,0,0,0,0,1,1,0,0,0,0,0,0,0,0,0,55.97,37,0.273,1,0,0,0,0,0,0,0,0,0,1280,1260,800,800,1090,1400,79,0.258,32,13.78,16.65,0,143.33,0,33,66,13.331,350.72,1,0.703,0.703,0.527,2.168,0.254,0.02,0,,,,71,0,0,0,0,0,0,0,0,0,0,6,0,0,7000,7000,28,45,250,103,71,113,69,99,55,0,39321,286,182,317,180,230,171,26222,39321
38.676,0,1253,66,88,56,14.7,-1.0,-0.068,1,0,0,0,13.5,312,2.536,2,32,143.67,0,0,0,0,1,1,0,0,0,0,0,0,0,0,0,56.2,38,0.281,1,0,0,0,0,0,0,0,0,0,1240,1250,800,800,1090,1400,79,0.258,31.5,13.78,16.65,0,143.67,0,32,66,13.331,350.72,1,0.703,0.703,0.527,2.168,0.254,0.02,0,,,,95,0,0,0,0,0,0,0,0,0,0,6,0,0,7000,7000,28,45,250,103,71,111,65,95,55,0,39321,286,182,317,180,233,171,26222,39321
38.736,0,1257,66,88,56,14.7,-1.0,-0.068,1,0,0,0,13.5,312,2.536,2,33,144.17,0,0,0,0,1,1,0,0,0,0,0,0,0,0,0,55.97,37,0.273,1,0,0,0,0,0,0,0,0,0,1240,1260,800,800,1090,1400,79,0.258,31.5,13.78,16.71,0,144.17,0,33,65,13.331,350.72,1,0.703,0.703,0.527,2.168,0.254,0.02,0,,,,113,0,0,0,0,0,0,0,0,0,0,6,0,0,7000,7000,28,45,250,113,75,113,65,95,67,0,39321,289,182,317,180,233,171,26222,39321
38.796,0,1252,65,88,56,14.7,-1.0,-0.068,1,0,0,0,13.5,312,2.552,2,33,145.33,0,0,0,0,1,1,0,0,0,0,0,0,0,0,0,56.2,38,0.281,1,0,0,0,0,0,0,0,0,0,1240,1250,800,800,1090,1400,79,0.258,31.5,13.78,16.77,0,145.33,0,33,65,13.331,350.72,1,0.703,0.703,0.527,2.168,0.254,0.02,0,,,,107,0,0,0,0,0,0,0,0,0,0,6,0,0,7000,7000,28,45,250,107,75,113,51,85,47,0,39321,289,182,317,180,233,168,26222,39321
38.856,0,1255,65,88,56,14.7,-1.0,-0.068,1,0,0,0,13.5,312,2.56,2,33,145.67,0,0,0,0,1,1,0,0,0,0,0,0,0,0,0,56.2,38,0.281,1,0,0,0,0,0,0,0,0,0,1240,1260,800,800,1090,1400,79,0.258,31.5,13.78,16.77,0,145.67,0,33,65,13.331,350.72,1,0.703,0.703,0.527,2.168,0.254,0.02,0,,,,85,0,0,0,0,0,0,0,0,0,0,6,0,0,7000,7000,28,45,250,107,65,97,65,85,47,0,39321,289,182,315,180,233,168,26222,39321
38.916,0,1268,65,88,56,14.7,-1.0,-0.068,1,0,0,0,13.5,312,2.544,2,33,144.33,0,0,0,0,1,1,0,0,0,0,0,0,0,0,0,55.97,37,0.273,1,0,0,0,0,0,0,0,0,0,1280,1270,800,800,1090,1400,79,0.258,32,13.78,16.77,0,144.33,0,33,65,13.331,350.72,1,0.703,0.703,0.527,2.168,0.254,0.02,0,,,,57,0,0,0,0,0,0,0,0,0,0,6,0,0,7000,7000,28,45,250,97,57,97,65,85,69,0,39321,289,180,315,180,233,171,26222,39321
38.976,0,1268,64,88,56,14.7,-1.0,-0.068,1,0,0,0,13.5,312,2.528,2,33,143.5,0,0,0,0,1,1,0,0,0,0,0,0,0,0,0,56.2,38,0.273,1,0,0,0,0,0,0,0,0,0,1280,1270,800,800,1090,1400,79,0.258,32,13.78,16.65,0,143.5,0,33,64,13.331,350.72,1,0.723,0.723,0.527,2.168,0.254,0.02,0,,,,67,0,0,0,0,0,0,0,0,0,0,6,0,0,7000,7000,28,45,250,97,57,115,71,87,67,0,39321,289,180,315,182,233,171,26222,39321
39.036,0,1270,64,88,56,14.7,-1.0,-0.068,1,0,0,0,13.5,312,2.52,2,33,142.83,0,0,0,0,1,1,0,0,0,0,0,0,0,0,0,55.97,37,0.273,1,0,0,0,0,0,0,0,0,0,1280,1270,800,800,1090,1400,79,0.258,32,13.78,16.65,0,142.83,0,33,64,13.331,350.72,1,0.703,0.703,0.527,2.168,0.254,0.02,0,,,,67,0,0,0,0,0,0,0,0,0,0,6,0,0,7000,7000,28,45,250,113,61,105,67,87,67,0,39321,292,180,312,182,233,171,26222,39321
39.096,0,1276,64,88,56,14.7,-1.0,-0.068,1,0,0,0,13.5,312,2.52,2,33,142.67,0,0,0,0,1,1,0,0,0,0,0,0,0,0,0,55.97,37,0.273,1,0,0,0,0,0,0,0,0,0,1280,1280,800,800,1090,1400,79,0.258,32,13.78,16.65,0,142.67,0,33,64,13.331,350.72,1,0.703,0.703,0.527,2.168,0.254,0.02,0,,,,65,0,0,0,0,0,0,0,0,0,0,6,0,0,7000,7000,28,45,250,89,65,105,67,117,61,0,39321,289,180,312,182,241,171,26222,39321
39.156,0,1281,64,88,56,14.7,-1.0,-0.068,1,0,0,0,13.5,312,2.512,2,33,142.5,0,0,0,0,1,1,0,0,0,0,0,0,0,0,0,55.97,37,0.273,1,0,0,0,0,0,0,0,0,0,1280,1280,800,800,1090,1400,79,0.258,32,13.78,16.54,0,142.5,0,33,63,13.331,350.72,1,0.684,0.684,0.527,2.168,0.254,0.02,0,,,,49,0,0,0,0,0,0,0,0,0,0,6,0,0,7000,7000,28,45,250,89,65,129,63,91,49,0,39321,289,180,315,182,241,168,26222,39321
39.216,0,1278,63,88,56,14.7,-1.0,-0.068,1,0,0,0,13.5,312,2.512,2,33,142.17,0,0,0,0,1,1,0,0,0,0,0,0,0,0,0,55.75,37,0.273,1,0,0,0,0,0,0,0,0,0,1280,1280,800,800,1090,1400,79,0.258,32,13.78,16.48,0,142.17,0,33,63,13.331,350.72,1,0.703,0.703,0.527,2.168,0.254,0.02,0,,,,57,0,0,0,0,0,0,0,0,0,0,6,0,0,7000,7000,28,45,250,95,59,139,57,91,49,0,39321,289,177,320,182,241,168,26222,39321
39.276,0,1274,63,88,56,14.7,-1.0,-0.068,1,0,0,0,13.5,312,2.504,2,33,141.83,0,0,0,0,1,1,0,0,0,0,0,0,0,0,0,55.75,37,0.273,1,0,0,0,0,0,0,0,0,0,1280,1270,800,800,1090,1400,79,0.258,32,13.78,16.48,0,141.83,0,33,63,13.331,350.72,1,0.703,0.703,0.527,2.168,0.254,0.02,0,,,,93,0,0,0,0,0,0,0,0,0,0,6,0,0,7000,7000,28,45,250,93,59,139,57,105,49,0,39321,286,177,320,182,244,165,26222,39321
39.336,0,1270,62,88,56,14.7,-1.0,-0.068,1,0,0,0,13.5,312,2.504,2,32,141.83,0,0,0,0,1,1,0,0,0,0,0,0,0,0,0,55.75,37,0.273,1,0,0,0,0,0,0,0,0,0,1280,1270,800,800,1090,1400,79,0.258,32,13.78,16.48,0,141.83,0,32,62,13.331,350.72,1,0.703,0.703,0.527,2.168,0.254,0.02,0,,,,99,0,0,0,0,0,0,0,0,0,0,6,0,0,7000,7000,28,45,250,93,63,109,47,99,49,0,39321,286,177,320,180,247,165,26222,39321
39.396,0,1271,62,88,56,14.7,-1.0,-0.068,1,0,0,0,13.5,312,2.504,2,32,141.83,0,0,0,0,1,1,0,0,0,0,0,0,0,0,0,55.75,37,0.273,1,0,0,0,0,0,0,0,0,0,1280,1270,800,800,1090,1400,79,0.258,32,13.78,16.48,0,141.83,0,32,62,13.331,350.72,1,0.703,0.703,0.527,2.168,0.254,0.02,0,,,,107,0,0,0,0,0,0,0,0,0,0,6,0,0,7000,7000,28,45,250,101,61,107,47,99,53,0,39321,286,177,320,180,247,163,26222,39321
39.456,0,1271,62,88,56,14.7,-1.0,-0.068,1,0,0,0,13.5,312,2.504,2,32,141.83,0,0,0,0,1,1,0,0,0,0,0,0,0,0,0,55.75,37,0.273,1,0,0,0,0,0,0,0,0,0,1280,1270,800,800,1090,1400,79,0.258,32,13.78,16.48,0,141.83,0,32,62,13.331,350.72,1,0.703,0.703,0.527,2.168,0.254,0.02,0,,,,107,0,0,0,0,0,0,0,0,0,0,6,0,0,7000,7000,28,45,250,107,61,107,77,95,59,0,39321,286,177,320,182,247,163,26222,39321
39.516,0,1269,61,88,56,14.7,-1.0,-0.068,1,0,0,0,13.5,312,2.504,2,32,141.83,0,0,0,0,1,1,0,0,0,0,0,0,0,0,0,55.75,37,0.273,1,0,0,0,0,0,0,0,0,0,1280,1270,800,800,1090,1400,79,0.258,32,13.78,16.48,0,141.83,0,32,61,13.331,350.72,1,0.703,0.703,0.527,2.168,0.254,0.02,0,,,,103,0,0,0,0,0,0,0,0,0,0,6,0,0,7000,7000,28,45,250,107,47,93,81,103,59,0,39321,286,174,317,185,250,163,26222,39321
39.576,0,1257,61,88,56,14.7,-1.0,-0.068,1,0,0,0,13.5,312,2.504,2,32,141.83,0,0,0,0,1,1,0,0,0,0,0,0,0,0,0,55.75,37,0.273,1,0,0,0,0,0,0,0,0,0,1240,1260,800,800,1090,1400,79,0.258,31.5,13.78,16.59,0,141.83,0,32,61,13.405,350.72,1,0.703,0.703,0.527,2.168,0.254,0.02,0,,,,57,0,0,0,0,0,0,0,0,0,0,6,0,0,7000,7000,28,45,250,117,57,93,81,103,61,0,39321,289,174,317,185,250,163,26222,39321
39.636,0,1258,61,88,56,14.7,-1.0,-0.068,1,0,0,0,13.5,312,2.512,2,32,142.83,0,0,0,0,1,1,0,0,0,0,0,0,0,0,0,55.75,37,0.273,1,0,0,0,0,0,0,0,0,0,1240,1260,800,800,1090,1400,79,0.258,31.5,13.78,16.59,0,142.83,0,32,61,13.405,350.72,1,0.703,0.703,0.527,2.168,0.254,0.02,0,,,,61,0,0,0,0,0,0,0,0,0,0,6,0,0,7000,7000,28,45,250,117,57,123,63,109,61,0,39321,289,174,317,185,255,163,26222,39321
39.696,0,1263,60,88,56,14.7,-1.0,-0.068,1,0,0,0,13.5,312,2.512,2,33,142.67,0,0,0,0,1,1,0,0,0,0,0,0,0,0,0,55.75,37,0.273,1,0,0,0,0,0,0,0,0,0,1280,1260,800,800,1090,1400,79,0.258,32,13.78,16.59,0,142.67,0,33,60,13.405,350.72,1,0.703,0.703,0.527,2.168,0.254,0.02,0,,,,59,0,0,0,0,0,0,0,0,0,0,6,0,0,7000,7000,28,45,250,103,63,99,59,109,61,0,39321,289,174,315,182,255,163,26222,39321
39.756,0,1267,60,88,56,14.7,-1.0,-0.068,1,0,0,0,13.5,312,2.496,2,32,141.83,0,0,0,0,1,1,0,0,0,0,0,0,0,0,0,55.75,37,0.273,1,0,0,0,0,0,0,0,0,0,1280,1270,800,800,1090,1400,79,0.258,32,13.78,16.71,0,141.83,0,32,60,13.405,350.72,1,0.684,0.684,0.527,2.168,0.254,0.02,0,,,,61,0,0,0,0,0,0,0,0,0,0,6,0,0,7000,7000,28,45,250,97,61,99,59,95,51,0,39321,289,174,315,182,258,160,26222,39321
39.816,0,1268,60,88,56,14.7,-1.0,-0.068,1,0,0,0,13.5,312,2.496,2,32,141.67,0,0,0,0,1,1,0,0,0,0,0,0,0,0,0,55.75,37,0.273,1,0,0,0,0,0,0,0,0,0,1280,1270,800,800,1090,1400,79,0.258,32,13.78,16.71,0,141.67,0,32,59,13.405,350.72,1,0.703,0.703,0.527,2.168,0.254,0.02,0,,,,63,0,0,0,0,0,0,0,0,0,0,6,0,0,7000,7000,28,45,250,97,61,141,71,129,63,0,39321,289,174,320,182,264,163,26222,39321
39.876,0,1256,59,88,56,14.7,-1.0,-0.068,1,0,0,0,13.5,312,2.504,2,32,142.17,0,0,0,0,1,1,0,0,0,0,0,0,0,0,0,55.75,37,0.281,1,0,0,0,0,0,0,0,0,0,1240,1260,800,800,1090,1400,79,0.258,31.5,13.78,16.71,0,142.17,0,32,59,13.405,350.72,1,0.684,0.684,0.527,2.168,0.254,0.02,0,,,,131,0,0,0,0,0,0,0,0,0,0,6,0,0,7000,7000,28,45,250,99,69,131,71,129,63,0,39321,286,177,323,182,264,163,26222,39321
39.936,0,1249,59,88,56,14.7,-1.0,-0.068,1,0,0,0,13.5,312,2.52,2,32,143.33,0,0,0,0,1,1,0,0,0,0,0,0,0,0,0,55.75,37,0.281,1,0,0,0,0,0,0,0,0,0,1240,1250,800,800,1090,1400,79,0.258,31.5,13.78,16.71,0,143.33,0,32,59,13.405,350.72,1,0.703,0.703,0.527,2.168,0.254,0.02,0,,,,119,0,0,0,0,0,0,0,0,0,0,6,0,0,7000,7000,28,45,250,119,69,131,63,89,67,0,39321,289,177,323,182,264,163,26222,39321
39.996,0,1247,58,88,56,14.7,-1.0,-0.068,1,0,0,0,13.5,312,2.528,2,32,144,0,0,0,0,1,1,0,0,0,0,0,0,0,0,0,55.75,37,0.281,1,0,0,0,0,0,0,0,0,0,1240,1250,800,800,1090,1400,79,0.258,31.5,13.78,16.71,0,144,0,32,58,13.405,350.72,1,0.684,0.684,0.527,2.168,0.254,0.02,0,,,,97,0,0,0,0,0,0,0,0,0,0,6,0,0,7000,7000,28,45,250,119,71,107,67,97,67,0,39321,289,180,320,182,264,163,26222,39321
40.055,0,1253,58,88,56,14.7,-1.0,-0.068,1,0,0,0,13.5,312,2.528,2,33,144.17,0,0,0,0,1,1,0,0,0,0,0,0,0,0,0,55.75,37,0.281,1,0,0,0,0,0,0,0,0,0,1240,1250,800,800,1090,1400,79,0.258,31.5,13.78,16.71,0,144.17,0,33,58,13.405,350.72,1,0.703,0.703,0.527,2.188,0.254,0.02,0,,,,105,0,0,0,0,0,0,0,0,0,0,6,0,0,7000,7000,28,45,250,87,65,105,67,97,59,0,39321,286,180,317,182,264,165,26222,39321
40.115,0,1252,58,88,56,14.7,-1.0,-0.068,1,0,0,0,13.5,312,2.536,2,33,144.33,0,0,0,0,1,1,0,0,0,0,0,0,0,0,0,55.75,37,0.281,1,0,0,0,0,0,0,0,0,0,1240,1250,800,800,1090,1400,79,0.258,31.5,13.78,16.59,0,144.33,0,33,58,13.405,350.72,1,0.684,0.684,0.527,2.188,0.254,0.02,0,,,,71,0,0,0,0,0,0,0,0,0,0,6,0,0,7000,7000,28,45,250,87,65,105,63,83,71,0,39321,286,180,317,182,261,168,26222,39321
40.175,0,1255,57,88,56,14.7,-1.0,-0.068,1,0,0,0,13.5,312,2.528,2,33,144.17,0,0,0,0,1,1,0,0,0,0,0,0,0,0,0,55.75,37,0.281,1,0,0,0,0,0,0,0,0,0,1240,1260,800,800,1090,1400,79,0.258,31.5,13.78,16.59,0,144.17,0,33,57,13.405,350.72,1,0.684,0.684,0.527,2.188,0.254,0.02,0,,,,55,0,0,0,0,0,0,0,0,0,0,6,0,0,7000,7000,28,45,250,109,59,151,55,83,71,0,39321,286,180,323,182,261,168,26222,39321
40.236,0,1261,57,88,56,14.7,-1.0,-0.068,1,0,0,0,13.5,312,2.528,2,33,144,0,0,0,0,1,1,0,0,0,0,0,0,0,0,0,55.75,37,0.281,1,0,0,0,0,0,0,0,0,0,1280,1260,800,800,1090,1400,79,0.258,32,13.78,16.54,0,144,0,33,57,13.405,350.72,1,0.703,0.703,0.527,2.188,0.254,0.02,0,,,,63,0,0,0,0,0,0,0,0,0,0,6,0,0,7000,7000,28,45,250,95,63,151,55,91,57,0,39321,284,180,323,182,261,168,26222,39321
40.296,0,1259,56,88,56,14.7,-1.0,-0.068,1,0,0,0,13.5,312,2.504,2,32,142.17,0,0,0,0,1,1,0,0,0,0,0,0,0,0,0,55.75,37,0.273,1,0,0,0,0,0,0,0,0,0,1240,1260,800,800,1090,1400,79,0.258,31.5,13.78,16.54,0,142.17,0,32,56,13.405,350.72,1,0.684,0.684,0.527,2.188,0.254,0.02,0,,,,63,0,0,0,0,0,0,0,0,0,0,6,0,0,7000,7000,28,45,250,95,63,115,83,81,63,0,39321,284,180,323,185,258,171,26222,39321
40.356,0,1260,56,88,56,14.7,-1.0,-0.068,1,0,0,0,13.5,312,2.52,2,32,143.17,0,0,0,0,1,1,0,0,0,0,0,0,0,0,0,55.75,37,0.281,1,0,0,0,0,0,0,0,0,0,1280,1260,800,800,1090,1400,79,0.258,32,13.78,16.42,0,143.17,0,32,56,13.405,350.72,1,0.703,0.703,0.527,2.188,0.254,0.02,0,,,,111,0,0,0,0,0,0,0,0,0,0,6,0,0,7000,7000,28,45,250,105,65,111,83,81,63,0,39321,284,180,323,185,258,171,26222,39321
40.416,0,1268,56,88,56,14.7,-1.0,-0.068,1,0,0,0,13.5,312,2.512,2,32,142.67,0,0,0,0,1,1,0,0,0,0,0,0,0,0,0,55.75,37,0.273,1,0,0,0,0,0,0,0,0,0,1280,1270,800,800,1090,1400,79,0.258,32,13.78,16.42,0,142.67,0,32,55,13.405,350.72,1,0.684,0.684,0.527,2.188,0.254,0.02,0,,,,105,0,0,0,0,0,0,0,0,0,0,6,0,0,7000,7000,28,45,250,105,65,111,67,93,51,0,39321,284,180,323,185,258,168,26222,39321
40.476,0,1255,55,88,56,14.7,-1.0,-0.068,1,0,0,0,13.5,312,2.504,2,32,142.17,0,0,0,0,1,1,0,0,0,0,0,0,0,0,0,55.75,37,0.281,1,0,0,0,0,0,0,0,0,0,1240,1260,800,800,1090,1400,79,0.258,31.5,13.78,16.37,0,142.17,0,32,55,13.405,350.72,1,0.703,0.703,0.527,2.188,0.254,0.02,0,,,,93,0,0,0,0,0,0,0,0,0,0,6,0,0,7000,7000,28,45,250,105,53,107,83,93,51,0,39321,284,180,320,188,258,168,26222,39321
40.536,0,1259,55,88,56,14.7,-1.0,-0.068,1,0,0,0,13.5,312,2.504,2,32,142.33,0,0,0,0,1,1,0,0,0,0,0,0,0,0,0,55.52,37,0.273,1,0,0,0,0,0,0,0,0,0,1240,1260,800,800,1090,1400,79,0.258,31.5,13.78,16.31,0,142.33,0,32,55,13.405,350.72,1,0.684,0.684,0.527,2.188,0.254,0.02,0,,,,99,0,0,0,0,0,0,0,0,0,0,6,0,0,7000,7000,28,45,250,105,63,99,83,93,57,0,39321,284,180,317,188,258,168,26222,39321
40.596,0,1251,54,88,56,14.7,-1.0,-0.068,1,0,0,0,13.5,312,2.52,2,32,143,0,0,0,0,1,1,0,0,0,0,0,0,0,0,0,55.52,37,0.281,1,0,0,0,0,0,0,0,0,0,1240,1250,800,800,1090,1400,79,0.258,31.5,13.78,16.37,0,143,0,32,54,13.405,350.72,1,0.703,0.703,0.527,2.188,0.254,0.02,0,,,,107,0,0,0,0,0,0,0,0,0,0,6,0,0,7000,7000,28,45,250,107,63,99,77,91,53,0,39321,284,180,317,191,258,168,26222,39321
40.656,0,1240,54,88,56,14.7,-1.0,-0.068,1,0,0,0,13.5,312,2.52,2,32,143,0,0,0,0,1,1,0,0,0,0,0,0,0,0,0,55.52,37,0.281,1,0,0,0,0,0,0,0,0,0,1240,1240,800,800,1090,1400,79,0.258,31.5,13.78,16.31,0,143,0,32,54,13.405,350.72,1,0.703,0.703,0.527,2.188,0.254,0.02,0,,,,63,0,0,0,0,0,0,0,0,0,0,6,0,0,7000,7000,28,45,250,107,67,125,63,91,53,0,39321,284,180,320,191,258,168,26222,39321
40.716,0,1250,53,88,56,14.7,-1.0,-0.068,1,0,0,0,13.5,312,2.52,2,32,143.17,0,0,0,0,1,1,0,0,0,0,0,0,0,0,0,55.52,37,0.281,1,0,0,0,0,0,0,0,0,0,1240,1250,800,800,1090,1400,79,0.258,31.5,13.78,16.42,0,143.17,0,32,53,13.405,350.72,1,0.684,0.684,0.527,2.188,0.254,0.02,0,,,,59,0,0,0,0,0,0,0,0,0,0,6,0,0,7000,7000,28,45,250,99,59,125,63,65,55,0,39321,281,180,320,191,253,168,26222,39321
40.776,0,1257,53,88,56,14.7,-1.0,-0.068,1,0,0,0,13.5,312,2.52,2,32,143.17,0,0,0,0,1,1,0,0,0,0,0,0,0,0,0,55.52,37,0.281,1,0,0,0,0,0,0,0,0,0,1240,1260,800,800,1090,1400,79,0.258,31.5,13.78,16.37,0,143.17,0,32,53,13.405,350.72,1,0.684,0.684,0.527,2.188,0.254,0.02,0,,,,49,0,0,0,0,0,0,0,0,0,0,6,0,0,7000,7000,28,45,250,99,59,125,53,67,49,0,39321,281,180,323,188,247,168,26222,39321
40.836,0,1261,53,88,55,14.7,-1.0,-0.068,1,0,0,0,13.5,312,2.496,2,32,141.5,0,0,0,0,1,1,0,0,0,0,0,0,0,0,0,55.52,37,0.273,1,0,0,0,0,0,0,0,0,0,1280,1260,800,800,1090,1400,79,0.258,32,13.78,16.42,0,141.5,0,32,52,13.405,350.72,1,0.684,0.684,0.527,2.188,0.254,0.02,0,,,,59,0,0,0,0,0,0,0,0,0,0,6,0,0,7000,7000,28,45,250,113,71,107,59,67,49,0,39321,284,180,320,188,247,168,26222,39321
40.896,0,1271,52,88,55,14.7,-1.0,-0.068,1,0,0,0,13.5,312,2.488,2,32,140.67,0,0,0,0,1,1,0,0,0,0,0,0,0,0,0,55.3,37,0.273,1,0,0,0,0,0,0,0,0,0,1280,1270,800,800,1090,1400,79,0.258,32,13.78,16.48,0,140.67,0,32,52,13.405,350.72,1,0.684,0.684,0.527,2.188,0.254,0.02,0,,,,95,0,0,0,0,0,0,0,0,0,0,6,0,0,7000,7000,28,45,250,95,71,107,59,69,67,0,39321,284,180,320,188,244,168,26222,39321
40.956,0,1261,52,88,55,14.7,-1.0,-0.068,1,0,0,0,13.5,312,2.48,2,32,140.33,0,0,0,0,1,1,0,0,0,0,0,0,0,0,0,55.3,37,0.273,1,0,0,0,0,0,0,0,0,0,1280,1260,800,800,1090,1400,79,0.258,32,13.78,16.48,0,140.33,0,32,52,13.405,350.72,1,0.703,0.703,0.527,2.188,0.254,0.02,0,,,,77,0,0,0,0,0,0,0,0,0,0,6,0,0,7000,7000,28,45,250,95,61,137,75,77,67,0,39321,284,180,323,191,241,168,26222,39321
41.016,0,1264,51,88,55,14.7,-1.0,-0.068,1,0,0,0,13.5,312,2.48,2,32,140,0,0,0,0,1,1,0,0,0,0,0,0,0,0,0,55.3,37,0.273,1,0,0,0,0,0,0,0,0,0,1280,1260,800,800,1090,1400,79,0.258,32,13.78,16.48,0,140,0,32,51,13.405,350.72,1,0.684,0.684,0.527,2.188,0.254,0.02,0,,,,155,0,0,0,0,0,0,0,0,0,0,6,0,0,7000,7000,28,45,250,115,49,155,75,77,65,0,39321,286,177,331,191,241,168,26222,39321
41.076,0,1263,51,88,55,14.7,-1.0,-0.068,1,0,0,0,13.5,312,2.472,2,32,139.83,0,0,0,0,1,1,0,0,0,0,0,0,0,0,0,55.3,37,0.273,1,0,0,0,0,0,0,0,0,0,1280,1260,800,800,1090,1400,79,0.258,32,13.78,16.48,0,139.83,0,32,51,13.405,350.72,1,0.684,0.684,0.527,2.188,0.254,0.02,0,,,,103,0,0,0,0,0,0,0,0,0,0,6,0,0,7000,7000,28,45,250,103,49,155,79,85,61,0,39321,286,177,331,191,241,168,26222,39321
41.136,0,1262,50,88,55,14.7,-1.0,-0.068,1,0,0,0,13.5,312,2.488,2,32,140.67,0,0,0,0,1,1,0,0,0,0,0,0,0,0,0,55.07,36,0.281,1,0,0,0,0,0,0,0,0,0,1280,1260,800,800,1090,1400,79,0.258,32.5,13.78,16.48,0,140.67,0,32,50,13.405,350.72,1,0.684,0.684,0.527,2.188,0.254,0.02,0,,,,87,0,0,0,0,0,0,0,0,0,0,6,0,0,7000,7000,28,45,250,103,57,139,69,87,61,0,39321,286,177,334,191,244,168,26222,39321
41.196,0,1258,50,88,55,14.7,-1.0,-0.068,1,0,0,0,13.5,312,2.48,2,32,140.5,0,0,0,0,1,1,0,0,0,0,0,0,0,0,0,55.07,36,0.281,1,0,0,0,0,0,0,0,0,0,1240,1260,800,800,1090,1400,79,0.258,32,13.78,16.48,0,140.5,0,32,50,13.405,350.72,1,0.684,0.684,0.527,2.188,0.254,0.02,0,,,,87,0,0,0,0,0,0,0,0,0,0,6,0,0,7000,7000,28,45,250,105,87,139,69,87,55,0,39321,286,182,334,191,244,165,26222,39321
41.256,0,1254,49,88,55,14.7,-1.0,-0.068,1,0,0,0,13.5,312,2.496,2,32,141.5,0,0,0,0,1,1,0,0,0,0,0,0,0,0,0,55.07,36,0.281,1,0,0,0,0,0,0,0,0,0,1240,1250,800,800,1090,1400,79,0.258,32,13.78,16.42,0,141.5,0,32,49,13.405,350.72,1,0.684,0.684,0.527,2.188,0.254,0.02,0,,,,65,0,0,0,0,0,0,0,0,0,0,6,0,0,7000,7000,28,45,250,105,87,119,73,71,65,0,39321,286,182,334,191,241,168,26222,39321
41.316,0,1254,49,88,55,14.7,-1.0,-0.068,1,0,0,0,13.5,312,2.504,2,32,142,0,0,0,0,1,1,0,0,0,0,0,0,0,0,0,55.3,37,0.281,1,0,0,0,0,0,0,0,0,0,1240,1250,800,800,1090,1400,79,0.258,31.5,13.78,16.37,0,142,0,32,49,13.405,350.72,1,0.664,0.664,0.527,2.188,0.254,0.02,0,,,,65,0,0,0,0,0,0,0,0,0,0,6,0,0,7000,7000,28,45,250,105,71,137,65,71,65,0,39321,286,182,337,191,241,168,26222,39321
41.376,0,1257,48,88,55,14.7,-1.0,-0.068,1,0,0,0,13.5,312,2.504,2,32,142,0,0,0,0,1,1,0,0,0,0,0,0,0,0,0,55.07,36,0.281,1,0,0,0,0,0,0,0,0,0,1240,1260,800,800,1090,1400,79,0.258,32,13.78,16.42,0,142,0,32,48,13.405,350.72,1,0.684,0.684,0.527,2.188,0.254,0.02,0,,,,87,0,0,0,0,0,0,0,0,0,0,6,0,0,7000,7000,28,45,250,115,87,137,65,77,51,0,39321,289,185,337,191,241,165,26222,39321
41.436,0,1258,48,88,55,14.7,-1.0,-0.068,1,0,0,0,13.5,312,2.504,2,32,142,0,0,0,0,1,1,0,0,0,0,0,0,0,0,0,55.07,36,0.281,1,0,0,0,0,0,0,0,0,0,1240,1260,800,800,1090,1400,79,0.258,32,13.78,16.42,0,142,0,32,48,13.405,350.72,1,0.664,0.664,0.527,2.188,0.254,0.02,0,,,,59,0,0,0,0,0,0,0,0,0,0,6,0,0,7000,7000,28,45,250,115,87,129,53,59,51,0,39321,289,185,340,188,236,165,26222,39321
41.496,0,1260,47,87,55,14.7,-1.0,-0.068,1,0,0,0,13.5,312,2.488,2,32,141.17,0,0,0,0,1,1,0,0,0,0,0,0,0,0,0,55.07,36,0.273,1,0,0,0,0,0,0,0,0,0,1280,1260,800,800,1090,1400,78,0.258,32.5,13.78,16.37,0,141.17,0,32,47,13.405,350.72,1,0.703,0.703,0.527,2.188,0.254,0.02,0,,,,155,0,0,0,0,0,0,0,0,0,0,6,0,0,7000,7000,28,45,250,115,65,155,53,59,57,0,39321,292,185,345,188,236,165,26222,39321
41.556,0,1263,47,87,55,14.7,-1.0,-0.068,1,0,0,0,13.5,312,2.48,2,32,140,0,0,0,0,1,1,0,0,0,0,0,0,0,0,0,55.07,36,0.273,1,0,0,0,0,0,0,0,0,0,1280,1260,800,800,1090,1400,78,0.258,32.5,13.78,16.37,0,140,0,32,47,13.405,350.72,1,0.664,0.664,0.527,2.188,0.254,0.02,0,,,,121,0,0,0,0,0,0,0,0,0,0,6,0,0,7000,7000,28,45,250,121,65,155,81,75,55,0,39321,295,185,345,191,233,165,26222,39321
41.616,0,1259,46,87,55,14.7,-1.0,-0.068,1,0,0,0,13.5,312,2.464,2,32,139,0,0,0,0,1,1,0,0,0,0,0,0,0,0,0,54.85,36,0.273,1,0,0,0,0,0,0,0,0,0,1240,1260,800,800,1090,1400,78,0.258,32,13.78,16.31,0,139,0,32,46,13.405,350.72,1,0.684,0.684,0.527,2.188,0.254,0.02,0,,,,67,0,0,0,0,0,0,0,0,0,0,6,0,0,7000,7000,28,45,250,121,53,139,69,67,55,0,39321,295,182,348,191,230,165,26222,39321
41.676,0,1261,46,87,55,14.7,-1.0,-0.068,1,0,0,0,13.5,312,2.464,2,32,139,0,0,0,0,1,1,0,0,0,0,0,0,0,0,0,54.85,36,0.273,1,0,0,0,0,0,0,0,0,0,1280,1260,800,800,1090,1400,78,0.258,32.5,13.78,16.25,0,139,0,32,46,13.405,350.72,1,0.664,0.664,0.527,2.188,0.254,0.02,0,,,,131,0,0,0,0,0,0,0,0,0,0,6,0,0,7000,7000,28,45,250,121,63,131,69,67,65,0,39321,298,180,351,191,230,168,26222,39321
41.736,0,1261,45,87,55,14.7,-1.0,-0.068,1,0,0,0,13.5,312,2.472,2,32,139.83,0,0,0,0,1,1,0,0,0,0,0,0,0,0,0,54.85,36,0.281,1,0,0,0,0,0,0,0,0,0,1280,1260,800,800,1090,1400,78,0.258,32.5,13.78,16.19,0,139.83,0,32,45,13.405,350.72,1,0.684,0.684,0.527,2.188,0.254,0.02,0,,,,65,0,0,0,0,0,0,0,0,0,0,6,0,0,7000,7000,28,45,250,121,63,131,71,97,65,0,39321,298,180,351,191,233,168,26222,39321
41.796,0,1248,45,87,55,14.7,-1.0,-0.068,1,0,0,0,13.5,312,2.472,2,31,139.33,0,0,0,0,1,1,0,0,0,0,0,0,0,0,0,54.85,36,0.281,1,0,0,0,0,0,0,0,0,0,1240,1250,800,800,1090,1400,78,0.258,32,13.78,16.25,0,139.33,0,31,45,13.405,350.72,1,0.664,0.664,0.527,2.188,0.254,0.02,0,,,,59,0,0,0,0,0,0,0,0,0,0,6,0,0,7000,7000,28,45,250,111,57,121,59,97,65,0,39321,300,177,351,188,233,168,26222,39321
41.856,0,1256,44,87,55,14.7,-1.0,-0.068,1,0,0,0,13.5,312,2.48,2,32,140.33,0,0,0,0,1,1,0,0,0,0,0,0,0,0,0,54.62,36,0.281,1,0,0,0,0,0,0,0,0,0,1240,1260,800,800,1090,1400,78,0.258,32,13.78,16.37,0,140.33,0,32,44,13.405,350.72,1,0.684,0.684,0.527,2.188,0.254,0.02,0,,,,69,0,0,0,0,0,0,0,0,0,0,6,0,0,7000,7000,28,45,250,131,69,121,59,79,55,0,39321,303,180,351,188,233,168,26222,39321
41.916,0,1255,44,87,55,14.7,-1.0,-0.068,1,0,0,0,13.5,312,2.48,2,32,140.5,0,0,0,0,1,1,0,0,0,0,0,0,0,0,0,54.62,36,0.281,1,0,0,0,0,0,0,0,0,0,1240,1260,800,800,1090,1400,78,0.258,32,13.78,16.19,0,140.5,0,32,44,13.405,350.72,1,0.684,0.684,0.527,2.188,0.254,0.02,0,,,,59,0,0,0,0,0,0,0,0,0,0,6,0,0,7000,7000,28,45,250,131,69,145,63,79,59,0,39321,303,180,354,188,230,168,26222,39321
41.976,0,1256,43,87,55,14.7,-1.0,-0.068,1,0,0,0,13.5,312,2.48,2,32,140.33,0,0,0,0,1,1,0,0,0,0,0,0,0,0,0,54.62,36,0.281,1,0,0,0,0,0,0,0,0,0,1240,1260,800,800,1090,1400,78,0.258,32,13.78,16.08,0,140.33,0,32,43,13.405,350.72,1,0.664,0.664,0.527,2.207,0.254,0.02,0,,,,119,0,0,0,0,0,0,0,0,0,0,6,0,0,7000,7000,28,45,250,87,65,119,63,79,59,0,39321,300,180,354,188,230,168,26222,39321
42.036,0,1255,43,87,55,14.7,-1.0,-0.068,1,0,0,0,13.5,312,2.48,2,32,140.17,0,0,0,0,1,1,0,0,0,0,0,0,0,0,0,54.62,36,0.281,1,0,0,0,0,0,0,0,0,0,1240,1260,800,800,1090,1400,78,0.258,32,13.78,16.31,0,140.17,0,32,43,13.405,350.72,1,0.684,0.684,0.527,2.207,0.254,0.02,0,,,,113,0,0,0,0,0,0,0,0,0,0,6,0,0,7000,7000,28,45,250,113,65,119,67,79,63,0,39321,300,180,354,188,227,171,26222,39321
42.096,0,1248,42,87,55,14.7,-1.0,-0.068,1,0,0,0,13.5,312,2.48,2,31,140.17,0,0,0,0,1,1,0,0,0,0,0,0,0,0,0,54.62,36,0.281,1,0,0,0,0,0,0,0,0,0,1240,1250,800,800,1090,1400,78,0.258,32,13.78,16.31,0,140.17,0,31,42,13.405,350.72,1,0.664,0.664,0.527,2.207,0.254,0.02,0,,,,81,0,0,0,0,0,0,0,0,0,0,6,0,0,7000,7000,28,45,250,113,57,127,65,81,63,0,39321,300,180,354,188,227,171,26222,39321
42.156,0,1251,42,87,55,14.7,-1.0,-0.068,1,0,0,0,13.5,312,2.472,2,32,139.83,0,0,0,0,1,1,0,0,0,0,0,0,0,0,0,54.4,36,0.281,1,0,0,0,0,0,0,0,0,0,1240,1250,800,800,1090,1400,78,0.258,32,13.78,16.25,0,139.83,0,32,42,13.405,350.72,1,0.664,0.664,0.527,2.207,0.254,0.02,0,,,,153,0,0,0,0,0,0,0,0,0,0,6,0,0,7000,7000,28,45,250,99,47,153,65,81,61,0,39321,298,177,360,188,227,171,26222,39321
42.216,0,1248,41,87,55,14.7,-1.0,-0.068,1,0,0,0,13.5,312,2.472,2,31,139.67,0,0,0,0,1,1,0,0,0,0,0,0,0,0,0,54.4,36,0.281,1,0,0,0,0,0,0,0,0,0,1240,1250,800,800,1090,1400,78,0.258,32,13.78,16.25,0,139.67,0,31,41,13.405,350.72,1,0.645,0.645,0.527,2.207,0.254,0.02,0,,,,59,0,0,0,0,0,0,0,0,0,0,6,0,0,7000,7000,28,45,250,99,47,153,77,99,59,0,39321,298,177,360,188,230,171,26222,39321
42.276,0,1246,41,87,55,14.7,-1.0,-0.068,1,0,0,0,13.5,312,2.472,2,31,139.5,0,0,0,0,1,1,0,0,0,0,0,0,0,0,0,54.4,36,0.281,1,0,0,0,0,0,0,0,0,0,1240,1250,800,800,1090,1400,78,0.258,32,13.78,16.19,0,139.5,0,31,40,13.405,350.72,1,0.664,0.664,0.527,2.207,0.254,0.02,0,,,,53,0,0,0,0,0,0,0,0,0,0,6,0,0,7000,7000,28,45,250,103,71,127,53,99,59,0,39321,298,180,360,185,230,171,26222,39321
42.336,0,1254,40,87,55,14.7,-1.0,-0.068,1,0,0,0,13.5,312,2.472,2,31,139.5,0,0,0,0,1,1,0,0,0,0,0,0,0,0,0,54.17,36,0.281,1,0,0,0,0,0,0,0,0,0,1240,1250,800,800,1090,1400,78,0.258,32,13.78,16.08,0,139.5,0,31,40,13.405,350.72,1,0.664,0.664,0.527,2.207,0.254,0.02,0,,,,59,0,0,0,0,0,0,0,0,0,0,6,0,0,7000,7000,28,45,250,107,59,127,53,87,61,0,39321,298,180,360,185,230,171,26222,39321
42.396,0,1257,39,87,55,14.7,-1.0,-0.068,1,0,0,0,13.5,312,2.464,2,31,139,0,0,0,0,1,1,0,0,0,0,0,0,0,0,0,54.17,36,0.281,1,0,0,0,0,0,0,0,0,0,1240,1260,800,800,1090,1400,78,0.258,32,13.78,16.02,0,139,0,31,39,13.405,350.72,1,0.645,0.645,0.527,2.207,0.254,0.02,0,,,,61,0,0,0,0,0,0,0,0,0,0,6,0,0,7000,7000,28,45,250,107,59,125,71,93,61,0,39321,298,180,360,185,233,171,26222,39321
42.456,0,1257,39,87,55,14.7,-1.0,-0.068,1,0,0,0,13.5,312,2.464,2,31,138.67,0,0,0,0,1,1,0,0,0,0,0,0,0,0,0,53.95,35,0.281,1,0,0,0,0,0,0,0,0,0,1240,1260,800,800,1090,1400,78,0.258,32.5,13.78,15.96,0,138.67,0,31,39,13.405,350.72,1,0.664,0.664,0.527,2.207,0.254,0.02,0,,,,131,0,0,0,0,0,0,0,0,0,0,6,0,0,7000,7000,28,45,250,117,59,131,71,93,61,0,39321,298,180,360,185,233,171,26222,39321
42.517,0,1263,38,87,55,14.7,-1.0,-0.068,1,0,0,0,13.5,312,2.456,2,31,138.5,0,0,0,0,1,1,0,0,0,0,0,0,0,0,0,53.95,35,0.281,1,0,0,0,0,0,0,0,0,0,1280,1260,800,800,1090,1400,78,0.258,33,13.78,15.85,0,138.5,0,31,38,13.405,350.72,1,0.664,0.664,0.527,2.207,0.254,0.02,0,,,,111,0,0,0,0,0,0,0,0,0,0,6,0,0,7000,7000,28,45,250,111,59,131,65,103,47,0,39321,300,180,360,185,236,168,26222,39321
42.577,0,1263,38,87,55,14.7,-1.0,-0.068,1,0,0,0,13.5,312,2.432,2,31,136.33,0,0,0,0,1,1,0,0,0,0,0,0,0,0,0,53.95,35,0.273,1,0,0,0,0,0,0,0,0,0,1280,1260,800,800,1090,1400,78,0.258,33,13.78,15.85,0,136.33,0,31,37,13.405,350.72,1,0.664,0.664,0.527,2.207,0.254,0.02,0,,,,109,0,0,0,0,0,0,0,0,0,0,6,0,0,7000,7000,28,45,250,111,59,167,61,109,47,0,39321,300,177,368,185,239,168,26222,39321
42.636,0,1270,37,87,55,14.7,-1.0,-0.068,1,0,0,0,13.5,312,2.416,2,31,135.33,0,0,0,0,1,1,0,0,0,0,0,0,0,0,0,53.72,35,0.273,1,0,0,0,0,0,0,0,0,0,1280,1270,800,800,1090,1400,78,0.258,33,13.78,15.79,0,135.33,0,31,37,13.405,353.28,1,0.645,0.645,0.527,2.207,0.254,0.02,0,,,,103,0,0,0,0,0,0,0,0,0,0,6,0,0,7000,7000,29,45,250,119,53,103,61,109,61,0,39321,303,174,365,185,239,168,26222,39321
42.696,0,1259,36,87,55,14.7,-1.0,-0.068,1,0,0,0,13.5,312,2.424,2,31,136,0,0,0,0,1,1,0,0,0,0,0,0,0,0,0,53.5,35,0.281,1,0,0,0,0,0,0,0,0,0,1240,1260,800,800,1090,1400,78,0.258,32.5,13.78,15.85,0,136,0,31,36,13.405,353.28,1,0.645,0.645,0.527,2.207,0.254,0.02,0,,,,115,0,0,0,0,0,0,0,0,0,0,6,0,0,7000,7000,29,45,250,115,53,103,89,71,47,0,39321,306,174,365,188,236,165,26222,39321
42.756,0,1258,36,87,55,14.7,-1.0,-0.068,1,0,0,0,13.5,312,2.416,2,31,135.17,0,0,0,0,1,1,0,0,0,0,0,0,0,0,0,53.27,35,0.273,1,0,0,0,0,0,0,0,0,0,1240,1260,800,800,1090,1400,78,0.258,32.5,13.78,15.85,0,135.17,0,31,36,13.405,353.28,1,0.625,0.625,0.527,2.207,0.254,0.02,0,,,,69,0,0,0,0,0,0,0,0,0,0,6,0,0,7000,7000,29,45,250,115,55,143,69,71,47,0,39321,306,171,368,188,236,165,26222,39321
42.816,0,1268,35,87,55,14.7,-1.0,-0.068,1,0,0,0,13.5,312,2.408,2,31,134.67,0,0,0,0,1,1,0,0,0,0,0,0,0,0,0,53.27,35,0.273,1,0,0,0,0,0,0,0,0,0,1280,1270,800,800,1090,1400,78,0.258,33,13.78,15.79,0,134.67,0,31,35,13.405,353.28,1,0.664,0.664,0.527,2.207,0.254,0.02,0,,,,51,0,0,0,0,0,0,0,0,0,0,6,0,0,7000,7000,29,45,250,99,51,143,69,95,59,0,39321,303,171,368,188,239,165,26222,39321
42.876,0,1263,35,87,55,14.7,-1.0,-0.068,1,0,0,0,13.5,312,2.408,2,30,133.83,0,0,0,0,1,1,0,0,0,0,0,0,0,0,0,53.05,34,0.273,1,0,0,0,0,0,0,0,0,0,1280,1260,800,800,1090,1400,78,0.258,33,13.78,15.79,0,133.83,0,30,35,13.405,353.28,1,0.645,0.645,0.527,2.207,0.254,0.02,0,,,,61,0,0,0,0,0,0,0,0,0,0,6,0,0,7000,7000,29,45,250,99,51,133,69,87,61,0,39321,303,171,368,188,239,165,26222,39321
42.936,0,1266,34,87,55,14.7,-1.0,-0.068,1,0,0,0,13.5,312,2.4,2,30,133.5,0,0,0,0,1,1,0,0,0,0,0,0,0,0,0,53.05,34,0.273,1,0,0,0,0,0,0,0,0,0,1280,1270,800,800,1090,1400,78,0.258,33,13.78,15.85,0,133.5,0,30,34,13.405,353.28,1,0.645,0.645,0.527,2.207,0.254,0.02,0,,,,75,0,0,0,0,0,0,0,0,0,0,6,0,0,7000,7000,29,45,250,119,49,119,75,87,61,0,39321,306,168,365,191,239,165,26222,39321
42.996,0,1271,34,87,55,14.7,-1.0,-0.068,1,0,0,0,13.5,312,2.392,2,30,133.17,0,0,0,0,1,1,0,0,0,0,0,0,0,0,0,52.82,34,0.273,1,0,0,0,0,0,0,0,0,0,1280,1270,800,800,1090,1400,78,0.258,33,13.78,15.85,0,133.17,0,30,33,13.405,353.28,1,0.645,0.645,0.527,2.207,0.254,0.02,0,,,,71,0,0,0,0,0,0,0,0,0,0,6,0,0,7000,7000,29,45,250,89,71,119,75,99,57,0,39321,300,171,365,191,241,165,26222,39321
43.056,0,1268,33,87,55,14.7,-1.0,-0.068,1,0,0,0,13.5,312,2.392,2,30,132.67,0,0,0,0,1,1,0,0,0,0,0,0,0,0,0,52.82,34,0.273,1,0,0,0,0,0,0,0,0,0,1280,1270,800,800,1090,1400,78,0.258,33,13.78,15.91,0,132.67,0,30,33,13.405,353.28,1,0.625,0.625,0.527,2.207,0.254,0.02,0,,,,93,0,0,0,0,0,0,0,0,0,0,6,0,0,7000,7000,29,45,250,89,71,141,73,93,57,0,39321,300,171,368,191,241,165,26222,39321
43.116,0,1269,32,87,55,14.7,-1.0,-0.068,1,0,0,0,13.5,312,2.384,2,30,132.33,0,0,0,0,1,1,0,0,0,0,0,0,0,0,0,52.6,34,0.273,1,0,0,0,0,0,0,0,0,0,1280,1270,800,800,1090,1400,78,0.258,33,13.78,15.96,0,132.33,0,30,32,13.405,353.28,1,0.664,0.664,0.527,2.207,0.254,0.02,0,,,,161,0,0,0,0,0,0,0,0,0,0,6,0,0,7000,7000,29,45,250,103,57,161,73,93,53,0,39321,300,171,371,191,241,165,26222,39321
43.176,0,1262,32,87,55,14.7,-1.0,-0.068,1,0,0,0,13.5,312,2.384,2,30,132,0,0,0,0,1,1,0,0,0,0,0,0,0,0,0,52.37,34,0.273,1,0,0,0,0,0,0,0,0,0,1280,1260,800,800,1090,1400,78,0.258,33,13.78,15.96,0,132,0,30,32,13.405,353.28,1,0.625,0.625,0.527,2.207,0.254,0.02,0,,,,103,0,0,0,0,0,0,0,0,0,0,6,0,0,7000,7000,29,45,250,103,57,161,57,89,61,0,39321,300,171,371,191,241,165,26222,39321
43.236,0,1255,31,87,55,14.7,-1.0,-0.068,1,0,0,0,13.5,312,2.36,2,30,130.5,0,0,0,0,1,1,0,0,0,0,0,0,0,0,0,52.15,33,0.273,1,0,0,0,0,0,0,0,0,0,1240,1260,800,800,1090,1400,78,0.258,33,13.78,15.79,0,130.5,0,30,31,13.405,353.28,1,0.625,0.625,0.527,2.207,0.254,0.02,0,,,,87,0,0,0,0,0,0,0,0,0,0,6,0,0,7000,7000,29,45,250,103,51,163,69,87,61,0,39321,300,168,376,191,241,165,26222,39321
43.296,0,1256,30,87,55,14.7,-1.0,-0.068,1,0,0,0,13.5,312,2.36,2,30,130.83,0,0,0,0,1,1,0,0,0,0,0,0,0,0,0,52.15,33,0.281,1,0,0,0,0,0,0,0,0,0,1240,1260,800,800,1090,1400,78,0.258,33,13.78,15.68,0,130.83,0,30,30,13.405,353.28,1,0.605,0.605,0.527,2.207,0.254,0.02,0,,,,153,0,0,0,0,0,0,0,0,0,0,6,0,0,7000,7000,29,45,250,93,65,153,69,87,49,0,39321,298,168,379,191,241,165,26222,39321
43.356,0,1249,30,87,55,14.7,-1.0,-0.068,1,0,0,0,13.5,312,2.352,2,29,130.33,0,0,0,0,1,1,0,0,0,0,0,0,0,0,0,51.92,33,0.281,1,0,0,0,0,0,0,0,0,0,1240,1250,800,800,1090,1400,78,0.258,33,13.78,15.68,0,130.33,0,29,30,13.405,353.28,1,0.645,0.645,0.527,2.207,0.254,0.02,0,,,,59,0,0,0,0,0,0,0,0,0,0,6,0,0,7000,7000,29,45,250,93,65,153,77,73,59,0,39321,298,168,379,194,239,165,26222,39321
43.416,0,1239,29,87,55,14.7,-1.0,-0.068,1,0,0,0,13.5,312,2.336,2,29,129.17,0,0,0,0,1,1,0,0,0,0,0,0,0,0,0,51.7,33,0.281,1,0,0,0,0,0,0,0,0,0,1240,1240,800,800,1090,1400,78,0.258,33,13.78,15.62,0,129.17,0,29,29,13.405,353.28,1,0.625,0.625,0.527,2.207,0.254,0.02,0,,,,49,0,0,0,0,0,0,0,0,0,0,7,0,0,7000,7000,29,45,250,91,57,121,49,73,59,0,39321,295,168,376,191,239,165,26222,39321
43.476,0,1234,29,87,55,14.7,-1.0,-0.068,1,0,0,0,13.5,312,2.328,2,29,128.33,0,0,0,0,1,1,0,0,0,0,0,0,0,0,0,51.7,33,0.281,1,0,0,0,0,0,0,0,0,0,1240,1230,800,800,1090,1400,78,0.258,33,13.78,15.5,0,128.33,0,29,28,13.405,353.28,1,0.605,0.605,0.527,2.207,0.254,0.02,0,,,,67,0,0,0,0,0,0,0,0,0,0,7,0,0,7000,7000,29,45,250,93,67,121,49,91,61,0,39321,295,168,376,191,239,165,26222,39321
43.536,0,1223,28,87,55,14.7,-1.0,-0.068,1,0,0,0,13.5,312,2.304,2,28,126.83,0,0,0,0,1,1,0,0,0,0,0,0,0,0,0,51.48,33,0.281,1,0,0,0,0,0,0,0,0,0,1240,1220,800,800,1090,1400,78,0.258,33,13.78,15.45,0,126.83,0,28,28,13.405,353.28,1,0.586,0.586,0.527,2.207,0.254,0.02,0,,,,87,0,0,0,0,0,0,0,0,0,0,7,0,0,7000,7000,29,45,250,93,67,125,81,87,61,0,39321,295,168,374,194,239,165,26222,39321
43.596,0,1215,27,87,55,14.7,-1.0,-0.068,1,0,0,0,13.5,312,2.296,2,28,126,0,0,0,0,1,1,0,0,0,0,0,0,0,0,0,51.25,32,0.289,1,0,0,0,0,0,0,0,0,0,1200,1220,800,800,1090,1400,78,0.258,33,13.78,15.45,0,126,0,28,27,13.405,353.28,1,0.586,0.586,0.527,2.207,0.254,0.02,0,,,,109,0,0,0,0,0,0,0,0,0,0,7,0,0,7000,7000,29,45,250,63,65,109,81,87,59,0,39321,289,168,371,194,239,165,26222,39321
43.656,0,1190,27,87,55,14.7,-1.0,-0.068,1,0,0,0,13.5,312,2.296,2,27,126.17,0,0,0,0,1,1,0,0,0,0,0,0,0,0,0,51.25,32,0.289,1,0,0,0,0,0,0,0,0,0,1200,1190,800,800,1090,1400,78,0.258,33,13.78,15.39,0,126.17,0,27,26,13.405,353.28,1,0.605,0.605,0.527,2.207,0.254,0.02,0,,,,73,0,0,0,0,0,0,0,0,0,0,7,0,0,7000,7000,29,45,250,73,65,109,83,77,59,0,39321,284,168,371,194,239,165,26222,39321
43.717,0,1170,26,87,55,14.7,-1.0,-0.068,1,0,0,0,13.5,312,2.288,2,27,125.17,0,0,0,0,1,1,0,0,0,0,0,0,0,0,0,51.25,32,0.289,1,0,0,0,0,0,0,0,0,0,1160,1170,800,800,1090,1400,78,0.258,32,13.78,15.33,0,125.17,0,27,26,13.405,353.28,1,0.605,0.605,0.527,2.207,0.254,0.02,0,,,,69,0,0,0,0,0,0,0,0,0,0,7,0,0,7000,7000,29,45,250,73,55,123,69,77,59,0,39321,284,168,368,194,239,165,26222,39321
43.777,0,1162,25,87,55,14.7,-1.0,-0.068,1,0,0,0,13.5,312,2.288,2,26,125.33,0,0,0,0,1,1,0,0,0,0,0,0,0,0,0,51.03,32,0.297,1,0,0,0,0,0,0,0,0,0,1160,1160,800,800,1090,1400,78,0.258,32,13.78,15.33,0,125.33,0,26,25,13.405,355.84,1,0.586,0.586,0.547,2.207,0.254,0.02,0,,,,69,0,0,0,0,0,0,0,0,0,0,7,0,0,7000,7000,29,45,250,59,69,123,69,89,61,0,39321,275,168,368,194,239,168,26222,39321
43.836,0,1144,25,87,55,14.7,-1.0,-0.068,1,0,0,0,13.5,312,2.28,2,26,125,0,0,0,0,1,1,0,0,0,0,0,0,0,0,0,51.03,32,0.297,1,0,0,0,0,0,0,0,0,0,1160,1140,800,800,1090,1400,78,0.258,32,13.78,15.33,0,125,0,26,24,13.478,355.84,1,0.586,0.586,0.547,2.207,0.254,0.02,0,,,,87,0,0,0,0,0,0,0,0,0,0,7,0,0,7000,7000,29,45,250,59,69,131,63,87,61,0,39321,275,168,368,194,239,168,26222,39321
43.896,0,1132,24,87,55,14.7,-1.0,-0.068,1,0,0,0,13,312,2.296,2,26,126.83,0,0,0,0,1,1,0,0,0,0,0,0,0,0,0,51.03,32,0.313,1,0,0,0,0,0,0,0,0,0,1120,1130,800,800,1090,1400,78,0.258,31,13.78,15.33,0,126.83,0,26,24,13.478,355.84,1,0.605,0.605,0.547,2.207,0.254,0.02,0,,,,55,0,0,0,0,0,0,0,0,0,0,7,0,0,7000,7000,29,45,250,59,55,131,63,87,47,0,39321,270,168,368,194,239,165,26222,39321
43.956,0,1118,23,87,55,14.7,-1.0,-0.068,1,0,0,0,13,312,2.304,2,26,127,0,0,0,0,1,1,0,0,0,0,0,0,0,0,0,51.03,32,0.313,1,0,0,0,0,0,0,0,0,0,1120,1120,800,800,1090,1400,78,0.258,31,13.78,15.39,0,127,0,26,23,13.478,355.84,1,0.586,0.586,0.547,2.207,0.254,0.02,0,,,,47,0,0,0,0,0,0,0,0,0,0,7,0,0,7000,7000,29,45,250,59,55,113,63,97,47,0,39321,270,168,365,191,241,163,26222,39321
44.017,0,1107,23,87,55,14.7,-1.0,-0.068,1,0,0,0,13,312,2.296,2,25,126.5,0,0,0,0,1,1,0,0,0,0,0,0,0,0,0,50.8,32,0.313,1,0,0,0,0,0,0,0,0,0,1120,1110,800,800,1090,1400,78,0.258,31,13.78,15.39,0,126.5,0,25,22,13.478,355.84,1,0.605,0.605,0.547,2.207,0.254,0.02,0,,,,139,0,0,0,0,0,0,0,0,0,0,7,0,0,7000,7000,29,45,250,45,63,139,63,97,47,0,39321,261,168,368,191,241,163,26222,39321
44.077,0,1088,23,87,55,14.7,-1.0,-0.068,1,0,0,0,13,312,2.288,2,25,126,0,0,0,0,1,1,0,0,0,0,0,0,0,0,0,50.8,32,0.313,1,0,0,0,0,0,0,0,0,0,1080,1090,800,800,1090,1400,78,0.258,29.5,13.78,15.39,0,126.17,0,25,23,13.478,355.84,1,0.586,0.586,0.547,2.207,0.254,0.02,0,,,,45,0,0,0,0,0,0,0,0,0,0,7,0,0,7000,7000,29,45,250,45,63,139,73,63,45,0,39321,261,168,368,191,239,160,26222,39321
44.137,0,1080,23,87,55,14.7,-1.0,-0.068,1,0,0,0,13,312,2.288,2,24,125.83,0,0,0,0,1,1,0,0,0,0,0,0,0,0,0,50.8,32,0.313,1,0,0,0,0,0,0,0,0,0,1080,1080,800,800,1090,1400,78,0.258,29.5,13.78,15.45,0,125.83,0,24,22,13.478,355.84,1,0.605,0.605,0.547,2.207,0.254,0.02,0,,,,55,0,0,0,0,0,0,0,0,0,0,7,0,0,7000,7000,29,45,250,57,59,101,55,63,45,0,39321,255,165,365,188,239,160,26222,39321
44.196,0,1063,22,87,55,14.7,-1.0,-0.068,1,0,0,0,13,312,2.288,2,24,125.67,0,0,0,0,1,1,0,0,0,0,0,0,0,0,0,51.03,32,0.313,1,0,0,0,0,0,0,0,0,0,1080,1060,800,800,1090,1400,78,0.258,29.5,13.78,15.39,0,125.67,0,24,23,13.405,355.84,1,0.586,0.586,0.547,2.207,0.254,0.02,0,,,,41,0,0,0,0,0,0,0,0,0,0,7,0,0,7000,7000,29,45,250,41,59,101,55,65,59,0,39321,247,165,365,188,236,160,26222,39321
44.256,0,1045,22,87,55,14.7,-1.0,-0.068,1,0,0,0,12,312,2.272,1,24,124.17,0,0,0,0,1,1,0,0,0,0,0,0,0,0,0,51.03,32,0.297,1,0,0,0,0,0,0,0,0,0,1040,1050,800,800,1090,1400,78,0.258,28.5,13.78,15.45,0,124.17,0,24,22,13.405,355.84,1,0.586,0.586,0.547,2.207,0.254,0.02,0,,,,51,0,0,0,0,0,0,0,0,0,0,7,0,0,7000,7000,29,45,250,41,65,103,51,65,59,0,39321,247,165,360,185,236,160,26222,39321
44.317,0,1044,22,87,55,14.7,-1.0,-0.068,1,0,0,0,12,312,2.24,1,23,121.67,0,0,0,0,1,1,0,0,0,0,0,0,0,0,0,51.03,32,0.297,1,0,0,0,0,0,0,0,0,0,1040,1040,800,800,1090,1400,78,0.258,28.5,13.78,15.5,0,121.67,0,23,22,13.405,355.84,1,0.605,0.605,0.547,2.207,0.254,0.02,0,,,,65,0,0,0,0,0,0,0,0,0,0,7,0,0,7000,7000,29,45,250,65,65,103,51,79,41,0,39321,241,165,360,185,236,157,26222,39321
44.377,0,1035,22,87,55,14.7,-1.0,-0.068,1,0,0,0,12,312,2.232,1,23,120.83,0,0,0,0,1,1,0,0,0,0,0,0,0,0,0,51.25,32,0.297,1,0,0,0,0,0,0,0,0,0,1040,1040,800,800,1090,1400,78,0.258,28.5,13.78,15.45,0,120.83,0,23,21,13.478,353.28,1,0.625,0.625,0.547,2.207,0.254,0.02,0,,,,59,0,0,0,0,0,0,0,0,0,0,7,0,0,7000,7000,29,45,250,65,59,109,59,79,41,0,39321,241,165,357,185,236,157,26222,39321
44.436,0,1022,21,87,55,14.7,-1.0,-0.068,1,0,0,0,12,312,2.208,1,22,119.33,0,0,0,0,1,1,0,0,0,0,0,0,0,0,0,51.25,32,0.297,1,0,0,0,0,0,0,0,0,0,1040,1020,800,800,1090,1400,78,0.258,28.5,13.78,15.39,0,119.33,0,22,21,13.478,353.28,1,0.605,0.605,0.547,2.207,0.254,0.02,0,,,,59,0,0,0,0,0,0,0,0,0,0,7,0,0,7000,7000,29,45,250,59,59,109,59,67,49,0,39321,239,165,357,185,233,154,26222,39321
44.496,0,997,21,87,55,14.7,-1.0,-0.068,1,0,0,0,12,312,2.184,1,22,117.83,0,0,0,0,1,1,0,0,0,0,0,0,0,0,0,51.25,32,0.289,1,0,0,0,0,0,0,0,0,0,1000,1000,800,800,1090,1400,78,0.258,28,13.78,15.39,0,117.83,0,22,22,13.478,353.28,1,0.625,0.625,0.547,2.207,0.254,0.02,0,,,,49,0,0,0,0,0,0,0,0,0,0,7,0,0,7000,7000,29,45,250,59,53,96,49,67,49,0,39321,239,163,351,182,233,154,26222,39321
44.556,0,975,21,87,55,14.7,-1.0,-0.068,1,0,0,0,12,312,2.176,1,21,117,0,0,0,0,1,1,0,0,0,0,0,0,0,0,0,51.48,33,0.289,1,0,0,0,0,0,0,0,0,0,960,980,800,800,1090,1400,78,0.258,27.5,13.78,15.39,0,117,0,21,22,13.478,353.28,1,0.605,0.605,0.547,2.207,0.254,0.02,0,,,,89,0,0,0,0,0,0,0,0,0,0,7,0,0,7000,7000,29,45,250,89,53,96,49,49,38,0,39321,239,163,351,182,227,151,26222,39321
44.617,0,933,22,87,55,14.7,-1.0,-0.068,1,0,0,0,11,312,2.232,1,21,120.67,0,0,0,0,1,1,0,0,0,0,0,0,0,0,0,51.92,33,0.305,1,0,0,0,0,0,0,0,0,0,920,930,800,800,1090,1400,78,0.254,27,13.78,15.27,0,120.67,0,21,23,13.478,353.28,1,0.605,0.605,0.547,2.207,0.254,0.02,0,,,,43,0,0,0,0,0,0,0,0,0,0,7,0,0,7000,7000,29,45,250,89,41,77,43,49,38,0,39321,239,160,343,180,227,151,26222,39321
44.677,0,920,23,87,55,14.7,-1.0,-0.068,1,0,0,0,11,312,2.32,1,21,127,0,0,0,0,1,1,0,0,0,0,0,0,0,0,0,52.37,34,0.32,1,0,0,0,0,0,0,0,0,0,920,920,800,800,1090,1400,78,0.254,27,13.78,15.27,0,127,0,21,23,13.478,353.28,1,0.625,0.625,0.547,2.207,0.254,0.02,0,,,,140,0,0,0,0,0,0,0,0,0,0,7,0,0,7000,7000,29,45,250,140,41,77,43,41,46,0,39321,247,160,343,180,219,151,26222,39321
44.736,0,911,23,87,55,14.7,-1.0,-0.068,1,0,0,0,11,312,2.36,1,21,130.5,0,0,0,0,1,1,0,0,0,0,0,0,0,0,0,53.05,34,0.32,1,0,0,0,0,0,0,0,0,0,920,910,800,800,1090,1400,78,0.254,27,13.78,15.22,0,130.5,0,21,23,13.478,353.28,1,0.645,0.645,0.547,2.207,0.254,0.02,0,,,,43,0,0,0,0,0,0,0,0,0,0,7,0,0,7000,7000,29,45,250,140,52,77,43,41,46,0,39321,247,160,334,177,219,151,26222,39321
44.796,0,894,23,87,55,14.7,-1.0,-0.068,1,0,0,0,11,312,2.408,1,21,133.33,0,0,0,0,1,1,0,0,0,0,0,0,0,0,0,53.5,35,0.328,1,0,0,0,0,0,0,0,0,0,880,890,800,800,1090,1400,78,0.254,26,13.78,15.27,0,133.33,0,21,23,13.478,353.28,1,0.664,0.664,0.547,2.207,0.254,0.02,0,,,,45,0,0,0,0,0,0,0,0,0,0,7,0,0,7000,7000,29,45,250,140,52,77,43,57,45,0,39321,247,160,334,177,216,149,26222,39321
44.856,0,892,23,87,55,14.7,-1.0,-0.068,1,0,0,0,11,312,2.44,1,22,135.83,0,0,0,0,1,1,0,0,0,0,0,0,0,0,0,53.95,35,0.328,1,0,0,0,0,0,0,0,0,0,880,890,800,800,1090,1400,78,0.254,26,13.78,15.22,0,135.83,0,22,23,13.478,350.72,1,0.664,0.664,0.547,2.207,0.254,0.02,0,,,,82,0,0,0,0,0,0,0,0,0,0,7,0,0,7000,7000,28,45,250,95,48,82,43,57,45,0,39321,247,160,329,177,216,149,26222,39321
44.917,0,895,23,87,55,14.7,-1.0,-0.068,1,0,0,0,11,312,2.464,1,22,137.67,0,0,0,0,1,1,0,0,0,0,0,0,0,0,0,54.4,36,0.328,1,0,0,0,0,0,0,0,0,0,880,900,800,800,1090,1400,78,0.254,26,13.78,15.22,0,137.67,0,22,22,13.478,350.72,1,0.664,0.664,0.547,2.207,0.254,0.02,0,,,,41,0,0,0,0,0,0,0,0,0,0,7,0,0,7000,7000,28,45,250,95,48,82,37,57,41,0,39321,247,160,329,171,213,146,26222,39321
44.977,0,902,22,87,55,14.7,-1.0,-0.068,1,0,0,0,11,312,2.44,1,22,136.83,0,0,0,0,1,1,0,0,0,0,0,0,0,0,0,54.4,36,0.32,1,0,0,0,0,0,0,0,0,0,920,900,800,800,1090,1400,78,0.254,26,13.78,15.39,0,136.83,0,22,22,13.478,350.72,1,0.664,0.664,0.547,2.207,0.254,0.02,0,,,,50,0,0,0,0,0,0,0,0,0,0,7,0,0,7000,7000,28,45,250,88,50,82,37,57,41,0,39321,247,160,329,171,213,146,26222,39321
45.037,0,901,22,87,55,14.7,-1.0,-0.068,1,0,0,0,11,312,2.424,1,22,135.67,0,0,0,0,1,1,0,0,0,0,0,0,0,0,0,54.4,36,0.32,1,0,0,0,0,0,0,0,0,0,920,900,800,800,1090,1400,78,0.254,26,13.78,15.62,0,135.67,0,22,22,13.478,350.72,1,0.664,0.664,0.547,2.207,0.254,0.02,0,,,,48,0,0,0,0,0,0,0,0,0,0,7,0,0,7000,7000,28,45,250,88,50,81,48,48,41,0,39321,247,160,320,168,210,146,26222,39321
45.096,0,913,21,87,55,14.7,-1.0,-0.068,1,0,0,0,11,312,2.408,1,22,134.5,0,0,0,0,1,1,0,0,0,0,0,0,0,0,0,54.4,36,0.32,1,0,0,0,0,0,0,0,0,0,920,910,800,800,1090,1400,78,0.254,26,13.78,15.85,0,134.5,0,22,21,13.478,350.72,1,0.664,0.664,0.547,2.207,0.254,0.02,0,,,,45,0,0,0,0,0,0,0,0,0,0,7,0,0,7000,7000,28,45,250,84,45,81,48,48,48,0,39321,247,157,320,168,210,143,26222,39321
45.156,0,908,21,87,55,14.7,-1.0,-0.068,1,0,0,0,11,312,2.4,1,22,133.67,0,0,0,0,1,1,0,0,0,0,0,0,0,0,0,54.4,36,0.32,1,0,0,0,0,0,0,0,0,0,920,910,800,800,1090,1400,78,0.254,26,13.78,15.91,0,133.67,0,22,21,13.478,350.72,1,0.684,0.684,0.547,2.207,0.254,0.02,0,,,,43,0,0,0,0,0,0,0,0,0,0,7,0,0,7000,7000,28,45,250,84,45,68,43,48,48,0,39321,247,157,315,165,210,143,26222,39321
45.217,0,908,21,87,55,14.7,-1.0,-0.068,1,0,0,0,11,312,2.392,1,22,133,0,0,0,0,1,1,0,0,0,0,0,0,0,0,0,54.17,36,0.32,1,0,0,0,0,0,0,0,0,0,920,910,800,800,1090,1400,78,0.254,26,13.78,16.02,0,133,0,22,20,13.478,350.72,1,0.684,0.684,0.547,2.207,0.254,0.02,0,,,,68,0,0,0,0,0,0,0,0,0,0,7,0,0,7000,7000,28,45,250,68,45,68,43,48,39,0,39321,244,157,315,165,205,140,26222,39321
45.277,0,907,20,87,55,14.7,-1.0,-0.068,1,0,0,0,11,312,2.376,1,21,131.5,0,0,0,0,1,1,0,0,0,0,0,0,0,0,0,54.17,36,0.32,1,0,0,0,0,0,0,0,0,0,920,910,800,800,1090,1400,78,0.254,26,13.78,16.08,0,131.5,0,21,20,13.478,350.72,1,0.664,0.664,0.547,2.207,0.254,0.02,0,,,,41,0,0,0,0,0,0,0,0,0,0,7,0,0,7000,7000,28,45,250,68,54,70,41,48,39,0,39321,244,157,306,163,205,140,26222,39321
45.336,0,905,20,87,55,14.7,-1.0,-0.068,1,0,0,0,11,312,2.36,1,21,130.67,0,0,0,0,1,1,0,0,0,0,0,0,0,0,0,53.95,35,0.32,1,0,0,0,0,0,0,0,0,0,920,910,800,800,1090,1400,78,0.254,26.5,13.78,16.08,0,130.67,0,21,20,13.478,350.72,1,0.664,0.664,0.547,2.207,0.254,0.02,0,,,,61,0,0,0,0,0,0,0,0,0,0,7,0,0,7000,7000,28,45,250,61,54,70,41,54,46,0,39321,239,157,306,163,202,140,26222,39321
45.396,0,906,19,87,55,14.7,-1.0,-0.068,1,0,0,0,11,312,2.352,1,21,129.83,0,0,0,0,1,1,0,0,0,0,0,0,0,0,0,53.72,35,0.32,1,0,0,0,0,0,0,0,0,0,920,910,800,800,1090,1400,78,0.254,26.5,13.78,16.14,0,129.83,0,21,19,13.478,353.28,1,0.664,0.664,0.547,2.207,0.254,0.02,0,,,,73,0,0,0,0,0,0,0,0,0,0,7,0,0,7000,7000,29,45,250,61,46,73,41,54,46,0,39321,239,154,300,163,202,140,26222,39321
45.456,0,900,19,87,55,14.7,-1.0,-0.068,1,0,0,0,11,312,2.344,1,21,129.17,0,0,0,0,1,0,0,0,0,0,0,0,0,0,0,53.72,35,0.32,1,0,0,0,0,0,0,0,0,0,920,900,800,800,1090,1400,78,0.254,26.5,13.78,15.96,0,129.17,0,21,19,13.478,353.28,1,0.645,0.645,0.547,2.207,0.254,0.02,0,,,,41,0,0,0,0,0,0,0,0,0,0,7,0,0,7000,7000,29,45,250,61,46,73,36,43,41,0,39321,239,154,300,160,196,137,26222,39321
45.516,0,898,19,87,55,14.7,-1.0,-0.068,1,0,0,0,11,312,2.328,1,21,128,0,0,0,0,1,0,0,0,0,0,0,0,0,0,0,53.27,35,0.32,1,0,0,0,0,0,0,0,0,0,880,900,800,800,1090,1400,78,0.254,26,13.78,15.96,0,128,0,21,19,13.478,353.28,1,0.645,0.645,0.547,2.207,0.254,0.02,0,,,,72,0,0,0,0,0,0,0,0,0,0,7,0,0,7000,7000,29,45,250,81,55,72,36,43,41,0,39321,239,154,295,160,196,137,26222,39321
45.576,0,877,20,87,55,14.7,-1.0,-0.068,1,0,0,0,11,312,2.352,1,20,128.83,0,0,0,0,1,0,0,0,0,0,0,0,0,0,0,53.27,35,0.328,1,0,0,0,0,0,0,0,0,0,880,880,800,800,1090,1400,78,0.254,26,13.78,15.96,0,128.83,0,20,19,13.478,353.28,1,0.664,0.664,0.547,2.207,0.254,0.02,0,,,,48,0,0,0,0,0,0,0,0,0,0,7,0,0,7000,7000,29,45,250,81,55,72,52,48,41,0,39321,239,154,295,160,191,137,26222,39321
45.636,0,878,19,87,55,14.7,-1.0,-0.068,1,0,0,0,11,312,2.36,1,20,129.33,0,0,0,0,1,0,0,0,0,0,0,0,0,0,0,53.27,35,0.328,1,0,0,0,0,0,0,0,0,0,880,880,800,800,1090,1400,78,0.254,26,13.78,15.96,0,129.33,0,20,19,13.478,353.28,1,0.645,0.645,0.547,2.207,0.254,0.02,0,,,,43,0,0,0,0,0,0,0,0,0,0,7,0,0,7000,7000,29,45,250,55,43,72,52,48,41,0,39321,233,151,295,160,191,137,26222,39321
45.696,0,873,19,87,55,14.7,-1.0,-0.068,1,0,0,0,11,312,2.36,1,20,129.5,0,0,0,0,1,0,0,0,0,0,0,0,0,0,0,53.27,35,0.328,1,0,0,0,0,0,0,0,0,0,880,870,800,800,1090,1400,78,0.254,26,13.78,15.91,0,129.5,0,20,19,13.478,353.28,1,0.645,0.645,0.547,2.207,0.254,0.02,0,,,,48,0,0,0,0,0,0,0,0,0,0,7,0,0,7000,7000,29,45,250,55,43,77,37,48,41,0,39321,233,151,289,157,188,137,26222,39321
45.756,0,880,19,87,55,14.7,-1.0,-0.068,1,0,0,0,11,312,2.36,1,20,129.5,0,0,0,0,1,0,0,0,0,0,0,0,0,0,0,53.27,35,0.328,1,0,0,0,0,0,0,0,0,0,880,880,800,800,1090,1400,78,0.254,26,13.78,15.91,0,129.5,0,20,19,13.478,353.28,1,0.645,0.645,0.547,2.207,0.254,0.02,0,,,,115,0,0,0,0,0,0,0,0,0,0,7,0,0,7000,7000,29,45,250,115,43,77,37,48,39,0,39321,239,151,289,157,188,135,26222,39321
45.817,0,867,19,87,55,14.7,-1.0,-0.068,1,0,0,0,11,312,2.36,1,21,129.67,0,0,0,0,1,0,0,0,0,0,0,0,0,0,0,53.27,35,0.328,1,0,0,0,0,0,0,0,0,0,880,870,800,800,1090,1400,78,0.254,26,13.78,15.91,0,129.67,0,21,19,13.478,353.28,1,0.645,0.645,0.547,2.207,0.254,0.02,0,,,,39,0,0,0,0,0,0,0,0,0,0,7,0,0,7000,7000,29,45,250,115,46,86,39,48,39,0,39321,239,151,286,154,188,135,26222,39321
45.877,0,867,19,87,55,14.7,-1.0,-0.068,1,0,0,0,11,312,2.36,1,20,129.67,0,0,0,0,1,0,0,0,0,0,0,0,0,0,0,53.27,35,0.328,1,0,0,0,0,0,0,0,0,0,880,870,800,800,1090,1400,78,0.254,26,13.78,15.91,0,129.67,0,20,19,13.478,353.28,1,0.645,0.645,0.547,2.207,0.254,0.02,0,,,,37,0,0,0,0,0,0,0,0,0,0,7,0,0,7000,7000,29,45,250,115,46,86,39,50,37,0,39321,239,151,286,154,182,135,26222,39321
45.936,0,859,18,87,55,14.7,-1.0,-0.068,1,0,0,0,10,312,2.352,1,20,128.83,0,0,0,0,1,0,0,0,0,0,0,0,0,0,0,53.27,35,0.328,1,0,0,0,0,0,0,0,0,0,840,860,800,800,1090,1400,78,0.254,26,13.78,15.91,0,128.83,0,20,19,13.478,353.28,1,0.645,0.645,0.547,2.207,0.254,0.02,0,,,,68,0,0,0,0,0,0,0,0,0,0,7,0,0,7000,7000,29,45,250,64,39,68,39,50,37,0,39321,233,151,278,154,182,135,26222,39321
45.996,0,853,19,87,55,14.7,-1.0,-0.068,1,0,0,0,10.5,312,2.344,1,20,127.83,0,0,0,0,1,0,0,0,0,0,0,0,0,0,0,53.27,35,0.32,1,0,0,0,0,0,0,0,0,0,840,850,800,800,1090,1400,78,0.254,26,13.78,15.85,0,127.83,0,20,19,13.478,353.28,1,0.645,0.645,0.547,2.207,0.254,0.02,0,,,,37,0,0,0,0,0,0,0,0,0,0,7,0,0,7000,7000,29,45,250,64,39,68,34,52,37,0,39321,233,151,278,151,180,135,26222,39321
46.056,0,853,19,87,55,14.7,-1.0,-0.068,1,0,0,0,10.5,312,2.336,1,20,127.5,0,0,0,0,1,0,0,0,0,0,0,0,0,0,0,53.5,35,0.32,1,0,0,0,0,0,0,0,0,0,840,850,800,800,1090,1400,78,0.254,26,13.78,15.91,0,127.5,0,20,19,13.478,353.28,1,0.664,0.664,0.547,2.207,0.254,0.02,0,,,,30,0,0,0,0,0,0,0,0,0,0,7,0,0,7000,7000,29,45,250,61,30,68,34,52,37,0,39321,227,149,278,151,180,135,26222,39321
46.116,0,839,19,87,55,14.7,-1.0,-0.068,1,0,0,0,11,312,2.344,1,19,127.67,0,0,0,0,1,0,0,0,0,0,0,0,0,0,0,53.72,35,0.32,1,0,0,0,0,0,0,0,0,0,840,840,800,800,1090,1400,78,0.254,26,13.78,15.85,0,127.67,0,19,19,13.478,353.28,1,0.645,0.645,0.547,2.207,0.254,0.02,0,,,,47,0,0,0,0,0,0,0,0,0,0,7,0,0,7000,7000,29,45,250,61,30,69,34,47,37,0,39321,227,149,272,149,177,135,26222,39321
46.176,0,832,19,87,55,14.7,-1.0,-0.068,1,0,0,0,11.5,312,2.344,1,19,127.83,0,0,0,0,1,0,0,0,0,0,0,0,0,0,0,53.72,35,0.32,1,0,0,0,0,0,0,0,0,0,840,830,800,800,1090,1400,78,0.254,26,13.78,15.85,0,127.83,0,19,19,13.478,353.28,1,0.664,0.664,0.547,2.207,0.254,0.02,0,,,,62,0,0,0,0,0,0,0,0,0,0,7,0,0,7000,7000,29,45,250,62,30,69,34,47,32,0,39321,222,149,272,149,177,132,26222,39321
46.236,0,830,19,87,55,14.7,-1.0,-0.068,1,0,0,0,11.5,312,2.352,1,19,128,0,0,0,0,1,0,0,0,0,0,0,0,0,0,0,53.95,35,0.32,1,0,0,0,0,0,0,0,0,0,840,830,800,800,1090,1400,78,0.254,26,13.78,15.91,0,128,0,19,19,13.478,350.72,1,0.664,0.664,0.547,2.207,0.254,0.02,0,,,,44,0,0,0,0,0,0,0,0,0,0,7,0,0,7000,7000,28,45,250,62,44,68,44,47,32,0,39321,222,149,267,146,177,132,26222,39321
46.296,0,820,19,87,55,14.7,-1.0,-0.068,1,0,0,0,12,312,2.352,1,19,128.17,0,0,0,0,1,0,0,0,0,0,0,0,0,0,0,53.95,35,0.32,1,0,0,0,0,0,0,0,0,0,840,820,800,800,1090,1400,78,0.254,26,13.78,15.91,0,128.17,0,19,19,13.478,350.72,1,0.664,0.664,0.547,2.207,0.254,0.02,0,,,,39,0,0,0,0,0,0,0,0,0,0,7,0,0,7000,7000,28,45,250,62,44,68,44,45,39,0,39321,222,149,267,146,174,132,26222,39321
46.356,0,821,19,87,55,14.7,-1.0,-0.068,1,0,0,0,12,312,2.352,1,19,128.5,0,0,0,0,1,0,0,0,0,0,0,0,0,0,0,54.17,36,0.32,1,0,0,0,0,0,0,0,0,0,840,820,800,800,1090,1400,78,0.254,25.5,13.78,15.91,0,128.5,0,19,19,13.478,350.72,1,0.664,0.664,0.547,2.207,0.254,0.02,0,,,,73,0,0,0,0,0,0,0,0,0,0,7,0,0,7000,7000,28,45,250,74,44,73,44,45,39,0,39321,219,149,264,146,174,132,26222,39321
46.417,0,814,19,87,55,14.7,-1.0,-0.068,1,0,0,0,12.5,312,2.368,1,19,128.67,0,0,0,0,1,0,0,0,0,0,0,0,0,0,0,54.17,36,0.32,1,0,0,0,0,0,0,0,0,0,800,810,800,800,1090,1400,78,0.254,25.5,13.78,15.96,0,128.67,0,19,19,13.478,350.72,1,0.664,0.664,0.547,2.207,0.254,0.02,0,,,,44,0,0,0,0,0,0,0,0,0,0,7,0,0,7000,7000,28,45,250,74,44,73,49,44,39,0,39321,219,149,264,143,171,132,26222,39321
46.477,0,819,19,87,55,14.7,-1.0,-0.068,1,0,0,0,12,312,2.376,1,19,129,0,0,0,0,1,0,0,0,0,0,0,0,0,0,0,54.4,36,0.32,1,0,0,0,0,0,0,0,0,0,800,820,800,800,1090,1400,78,0.254,25.5,13.78,15.96,0,129,0,19,19,13.478,350.72,1,0.664,0.664,0.547,2.207,0.254,0.02,0,,,,68,0,0,0,0,0,0,0,0,0,0,7,0,0,7000,7000,28,45,250,68,44,73,49,44,35,0,39321,219,149,264,143,171,129,26222,39321
46.537,0,809,19,87,55,14.7,-1.0,-0.068,1,0,0,0,12.5,312,2.376,1,19,129.17,0,0,0,0,1,0,0,0,0,0,0,0,0,0,0,54.4,36,0.32,1,0,0,0,0,0,0,0,0,0,800,810,800,800,1090,1400,78,0.254,25.5,13.78,15.96,0,129.17,0,19,19,13.478,350.72,1,0.664,0.664,0.547,2.207,0.254,0.02,0,,,,37,0,0,0,0,0,0,0,0,0,0,7,0,0,7000,7000,28,45,250,68,35,61,37,44,35,0,39321,219,146,258,140,171,129,26222,39321
46.597,0,809,19,87,55,14.7,-1.0,-0.068,1,0,0,0,12.5,312,2.376,1,19,129.5,0,0,0,0,1,0,0,0,0,0,0,0,0,0,0,54.62,36,0.32,1,0,0,0,0,0,0,0,0,0,800,810,800,800,1090,1400,78,0.254,25.5,13.78,15.96,0,129.5,0,19,19,13.478,350.72,1,0.664,0.664,0.547,2.207,0.254,0.02,0,,,,37,0,0,0,0,0,0,0,0,0,0,7,0,0,7000,7000,28,45,250,68,35,61,37,42,37,0,39321,219,146,258,140,168,126,26222,39321
46.657,0,811,19,87,55,14.7,-1.0,-0.068,1,0,0,0,12.5,312,2.384,1,19,129.67,0,0,0,0,1,0,0,0,0,0,0,0,0,0,0,54.62,36,0.32,1,0,0,0,0,0,0,0,0,0,800,810,800,800,1090,1400,78,0.254,25.5,13.78,16.02,0,129.67,0,19,19,13.478,350.72,1,0.664,0.664,0.547,2.207,0.254,0.02,0,,,,61,0,0,0,0,0,0,0,0,0,0,7,0,0,7000,7000,28,45,250,59,44,61,37,42,37,0,39321,216,143,253,140,168,126,26222,39321
46.717,0,810,19,87,55,14.7,-1.0,-0.068,1,0,0,0,12.5,312,2.384,1,19,129.67,0,0,0,0,1,0,0,0,0,0,0,0,0,0,0,54.62,36,0.32,1,0,0,0,0,0,0,0,0,0,800,810,800,800,1090,1400,78,0.254,25.5,13.78,16.02,0,129.67,0,19,19,13.478,350.72,1,0.664,0.664,0.547,2.207,0.254,0.02,0,,,,57,0,0,0,0,0,0,0,0,0,0,7,0,0,7000,7000,28,45,250,59,44,61,27,57,37,0,39321,216,143,253,137,168,126,26222,39321
46.777,0,819,19,87,55,14.7,-1.0,-0.068,1,0,0,0,12,312,2.384,1,19,129.83,0,0,0,0,1,0,0,0,0,0,0,0,0,0,0,54.62,36,0.32,1,0,0,0,0,0,0,0,0,0,800,820,800,800,1090,1400,78,0.254,25.5,13.78,16.08,0,129.83,0,19,19,13.478,350.72,1,0.664,0.664,0.547,2.207,0.254,0.02,0,,,,39,0,0,0,0,0,0,0,0,0,0,7,0,0,7000,7000,28,45,250,61,39,61,27,57,45,0,39321,213,140,253,137,168,126,26222,39321
46.837,0,808,19,87,55,14.7,-1.0,-0.068,1,0,0,0,12.5,312,2.384,1,19,129.83,0,0,0,0,1,0,0,0,0,0,0,0,0,0,0,54.85,36,0.32,1,0,0,0,0,0,0,0,0,0,800,810,800,800,1090,1400,78,0.254,25.5,13.78,16.19,0,129.83,0,19,19,13.478,350.72,1,0.684,0.684,0.547,2.207,0.254,0.02,0,,,,30,0,0,0,0,0,0,0,0,0,0,7,0,0,7000,7000,28,45,250,61,39,61,30,57,45,0,39321,213,140,247,135,168,126,26222,39321
46.897,0,808,19,87,55,14.7,-1.0,-0.068,1,0,0,0,12.5,312,2.384,1,19,130.17,0,0,0,0,1,0,0,0,0,0,0,0,0,0,0,54.85,36,0.32,1,0,0,0,0,0,0,0,0,0,800,810,800,800,1090,1400,78,0.254,25.5,13.78,16.25,0,130.17,0,19,19,13.478,350.72,1,0.684,0.684,0.547,2.207,0.254,0.02,0,,,,49,0,0,0,0,0,0,0,0,0,0,7,0,0,7000,7000,28,45,250,49,39,61,30,51,37,0,39321,208,140,247,135,165,126,26222,39321
46.957,0,805,19,87,55,14.7,-1.0,-0.068,1,0,0,0,12.5,312,2.384,1,19,130.17,0,0,0,0,1,0,0,0,0,0,0,0,0,0,0,54.85,36,0.32,1,0,0,0,0,0,0,0,0,0,800,810,800,800,1090,1400,78,0.254,25.5,13.78,16.25,0,130.17,0,19,19,13.478,350.72,1,0.684,0.684,0.547,2.207,0.254,0.02,0,,,,68,0,0,0,0,0,0,0,0,0,0,7,0,0,7000,7000,28,45,250,49,39,68,30,51,37,0,39321,208,140,241,135,165,126,26222,39321
47.017,0,800,19,87,55,14.7,-1.0,-0.068,1,0,0,0,13,312,2.392,1,19,130.33,0,0,0,0,1,0,0,0,0,0,0,0,0,0,0,54.85,36,0.32,1,0,0,0,0,0,0,0,0,0,800,800,800,800,1090,1400,78,0.254,25.5,13.78,16.19,0,130.33,0,19,19,13.478,350.72,1,0.684,0.684,0.547,2.207,0.254,0.02,0,,,,49,0,0,0,0,0,0,0,0,0,0,7,0,0,7000,7000,28,45,250,49,39,68,30,49,37,0,39321,208,140,241,132,165,126,26222,39321
47.077,0,811,19,87,55,14.7,-1.0,-0.068,1,0,0,0,12.5,312,2.392,1,19,130.5,0,0,0,0,1,0,0,0,0,0,0,0,0,0,0,55.07,36,0.32,1,0,0,0,0,0,0,0,0,0,800,810,800,800,1090,1400,78,0.254,25.5,13.78,16.25,0,130.5,0,19,19,13.478,350.72,1,0.684,0.684,0.547,2.207,0.254,0.02,0,,,,34,0,0,0,0,0,0,0,0,0,0,7,0,0,7000,7000,28,45,250,52,34,68,30,49,45,0,39321,202,137,241,132,165,126,26222,39321
47.137,0,815,19,87,55,14.7,-1.0,-0.068,1,0,0,0,12,312,2.392,1,19,130.5,0,0,0,0,1,0,0,0,0,0,0,0,0,0,0,55.07,36,0.32,1,0,0,0,0,0,0,0,0,0,800,820,800,800,1090,1400,78,0.254,25.5,13.78,16.25,0,130.5,0,19,19,13.478,350.72,1,0.684,0.684,0.547,2.207,0.254,0.02,0,,,,42,0,0,0,0,0,0,0,0,0,0,7,0,0,7000,7000,28,45,250,52,34,64,42,49,45,0,39321,202,137,239,132,165,126,26222,39321
47.197,0,813,19,87,55,14.7,-1.0,-0.068,1,0,0,0,12.5,312,2.392,1,19,130.5,0,0,0,0,1,0,0,0,0,0,0,0,0,0,0,54.85,36,0.32,1,0,0,0,0,0,0,0,0,0,800,810,800,800,1090,1400,78,0.254,25.5,13.78,16.25,0,130.5,0,19,19,13.478,350.72,1,0.684,0.684,0.547,2.207,0.254,0.02,0,,,,61,0,0,0,0,0,0,0,0,0,0,7,0,0,7000,7000,28,45,250,61,34,64,42,37,39,0,39321,199,137,239,132,160,126,26222,39321
47.257,0,820,19,87,55,14.7,-1.0,-0.068,1,0,0,0,12,312,2.376,1,19,130.5,0,0,0,0,1,0,0,0,0,0,0,0,0,0,0,54.85,36,0.32,1,0,0,0,0,0,0,0,0,0,840,820,800,800,1090,1400,78,0.254,25.5,13.78,16.31,0,130.5,0,19,19,13.478,350.72,1,0.703,0.703,0.547,2.207,0.254,0.02,0,,,,68,0,0,0,0,0,0,0,0,0,0,7,0,0,7000,7000,28,45,250,61,37,68,42,37,39,0,39321,199,135,236,132,160,126,26222,39321
47.317,0,823,19,87,55,14.7,-1.0,-0.068,1,0,0,0,12,312,2.392,1,19,130.33,0,0,0,0,1,0,0,0,0,0,0,0,0,0,0,54.85,36,0.32,1,0,0,0,0,0,0,0,0,0,840,820,800,800,1090,1400,78,0.254,25.5,13.78,16.31,0,130.33,0,19,19,13.478,350.72,1,0.684,0.684,0.547,2.207,0.254,0.02,0,,,,47,0,0,0,0,0,0,0,0,0,0,7,0,0,7000,7000,28,45,250,61,37,68,40,52,47,0,39321,199,135,236,132,160,126,26222,39321
47.377,0,830,19,87,55,14.7,-1.0,-0.068,1,0,0,0,11.5,312,2.376,1,19,130.33,0,0,0,0,1,0,0,0,0,0,0,0,0,0,0,54.85,36,0.32,1,0,0,0,0,0,0,0,0,0,840,830,800,800,1090,1400,78,0.254,25.5,13.78,16.37,0,130.33,0,19,19,13.478,350.72,1,0.684,0.684,0.547,2.207,0.254,0.02,0,,,,42,0,0,0,0,0,0,0,0,0,0,7,0,0,7000,7000,28,45,250,44,42,68,40,52,47,0,39321,194,135,236,132,160,126,26222,39321
47.437,0,820,18,87,55,14.7,-1.0,-0.068,1,0,0,0,12,312,2.376,1,19,130,0,0,0,0,1,0,0,0,0,0,0,0,0,0,0,54.85,36,0.32,1,0,0,0,0,0,0,0,0,0,840,820,800,800,1090,1400,78,0.254,25.5,13.78,16.48,0,130,0,19,18,13.478,350.72,1,0.664,0.664,0.547,2.207,0.254,0.02,0,,,,47,0,0,0,0,0,0,0,0,0,0,7,0,0,7000,7000,28,45,250,44,42,64,42,47,47,0,39321,194,135,230,132,157,126,26222,39321
47.496,0,826,18,87,55,14.7,-1.0,-0.068,1,0,0,0,11.5,312,2.36,1,19,129.17,0,0,0,0,1,0,0,0,0,0,0,0,0,0,0,54.62,36,0.32,1,0,0,0,0,0,0,0,0,0,840,830,800,800,1090,1400,78,0.254,25.5,13.78,16.54,0,129.17,0,19,18,13.478,350.72,1,0.684,0.684,0.547,2.207,0.254,0.02,0,,,,47,0,0,0,0,0,0,0,0,0,0,7,0,0,7000,7000,28,45,250,47,42,64,42,47,42,0,39321,191,135,230,132,157,126,26222,39321
47.556,0,825,18,87,55,14.7,-1.0,-0.068,1,0,0,0,11.5,312,2.36,1,19,128.67,0,0,0,0,1,0,0,0,0,0,0,0,0,0,0,54.4,36,0.32,1,0,0,0,0,0,0,0,0,0,840,830,800,800,1090,1400,78,0.254,25.5,13.78,16.54,0,128.67,0,19,18,13.478,350.72,1,0.664,0.664,0.547,2.207,0.254,0.02,0,,,,66,0,0,0,0,0,0,0,0,0,0,7,0,0,7000,7000,28,45,250,47,37,66,42,47,42,0,39321,191,132,227,132,157,126,26222,39321
47.617,0,814,18,87,55,14.7,-1.0,-0.068,1,0,0,0,12.5,312,2.36,1,19,128,0,0,0,0,1,0,0,0,0,0,0,0,0,0,0,54.4,36,0.32,1,0,0,0,0,0,0,0,0,0,800,810,800,800,1090,1400,78,0.254,25.5,13.78,16.54,0,128,0,19,18,13.478,350.72,1,0.664,0.664,0.547,2.207,0.254,0.02,0,,,,40,0,0,0,0,0,0,0,0,0,0,7,0,0,7000,7000,28,45,250,47,37,66,47,42,40,0,39321,191,132,227,132,154,126,26222,39321
47.677,0,818,18,87,55,14.7,-1.0,-0.068,1,0,0,0,12,312,2.352,1,19,127.83,0,0,0,0,1,0,0,0,0,0,0,0,0,0,0,54.17,36,0.32,1,0,0,0,0,0,0,0,0,0,800,820,800,800,1090,1400,78,0.254,25.5,13.78,16.54,0,127.83,0,19,18,13.478,350.72,1,0.664,0.664,0.547,2.207,0.254,0.02,0,,,,35,0,0,0,0,0,0,0,0,0,0,7,0,0,7000,7000,28,45,250,69,35,66,47,42,40,0,39321,191,129,227,132,154,126,26222,39321
47.736,0,815,18,87,55,14.7,-1.0,-0.068,1,0,0,0,12,312,2.352,1,19,127.33,0,0,0,0,1,0,0,0,0,0,0,0,0,0,0,54.17,36,0.32,1,0,0,0,0,0,0,0,0,0,800,820,800,800,1090,1400,78,0.254,25.5,13.78,16.54,0,127.33,0,19,18,13.478,350.72,1,0.664,0.664,0.547,2.207,0.254,0.02,0,,,,40,0,0,0,0,0,0,0,0,0,0,7,0,0,7000,7000,28,45,250,69,35,62,37,40,40,0,39321,191,129,225,129,154,126,26222,39321
47.796,0,819,18,87,55,14.7,-1.0,-0.068,1,0,0,0,12,312,2.352,1,19,127.33,0,0,0,0,1,0,0,0,0,0,0,0,0,0,0,54.17,36,0.32,1,0,0,0,0,0,0,0,0,0,800,820,800,800,1090,1400,78,0.254,25.5,13.78,16.59,0,127.33,0,19,18,13.478,350.72,1,0.664,0.664,0.547,2.207,0.254,0.02,0,,,,51,0,0,0,0,0,0,0,0,0,0,7,0,0,7000,7000,28,45,250,51,35,62,37,40,49,0,39321,188,129,225,129,154,126,26222,39321
47.856,0,813,18,87,55,14.7,-1.0,-0.068,1,0,0,0,12.5,312,2.344,1,19,127.17,0,0,0,0,1,0,0,0,0,0,0,0,0,0,0,54.17,36,0.32,1,0,0,0,0,0,0,0,0,0,800,810,800,800,1090,1400,78,0.254,25.5,13.78,16.59,0,127.17,0,19,18,13.478,350.72,1,0.645,0.645,0.547,2.207,0.254,0.02,0,,,,34,0,0,0,0,0,0,0,0,0,0,7,0,0,7000,7000,28,45,250,51,35,57,34,40,49,0,39321,188,126,222,126,154,126,26222,39321
47.917,0,804,18,87,55,14.7,-1.0,-0.068,1,0,0,0,13,312,2.344,1,18,127.17,0,0,0,0,1,0,0,0,0,0,0,0,0,0,0,54.17,36,0.32,1,0,0,0,0,0,0,0,0,0,800,800,800,800,1090,1400,78,0.254,25.5,13.78,16.48,0,127.17,0,18,18,13.478,350.72,1,0.664,0.664,0.547,2.207,0.254,0.02,0,,,,39,0,0,0,0,0,0,0,0,0,0,7,0,0,7000,7000,28,45,250,51,35,57,34,42,39,0,39321,188,126,222,126,151,126,26222,39321
47.977,0,808,18,87,55,14.7,-1.0,-0.068,1,0,0,0,12.5,312,2.344,1,18,127.17,0,0,0,0,1,0,0,0,0,0,0,0,0,0,0,54.17,36,0.32,1,0,0,0,0,0,0,0,0,0,800,810,800,800,1090,1400,78,0.254,25.5,13.78,16.48,0,127.17,0,18,18,13.478,350.72,1,0.664,0.664,0.547,2.207,0.254,0.02,0,,,,59,0,0,0,0,0,0,0,0,0,0,7,0,0,7000,7000,28,45,250,57,39,59,34,42,39,0,39321,185,126,216,126,151,126,26222,39321
48.037,0,802,18,87,55,14.7,-1.0,-0.068,1,0,0,0,13,312,2.344,1,18,127.17,0,0,0,0,1,0,0,0,0,0,0,0,0,0,0,54.17,36,0.32,1,0,0,0,0,0,0,0,0,0,800,800,800,800,1090,1400,78,0.254,25.5,13.78,16.48,0,127.17,0,18,18,13.478,350.72,1,0.664,0.664,0.547,2.188,0.254,0.02,0,,,,42,0,0,0,0,0,0,0,0,0,0,7,0,0,7000,7000,28,45,250,57,39,59,42,42,39,0,39321,185,126,216,126,149,126,26222,39321
48.096,0,807,18,87,55,14.7,-1.0,-0.068,1,0,0,0,12.5,312,2.344,1,18,127.17,0,0,0,0,1,0,0,0,0,0,0,0,0,0,0,54.17,36,0.32,1,0,0,0,0,0,0,0,0,0,800,810,800,800,1090,1400,78,0.254,25.5,13.78,16.42,0,127.17,0,18,18,13.478,350.72,1,0.664,0.664,0.547,2.207,0.254,0.02,0,,,,57,0,0,0,0,0,0,0,0,0,0,7,0,0,7000,7000,28,45,250,57,39,59,42,42,47,0,39321,182,126,216,126,149,129,26222,39321
48.156,0,801,18,87,55,14.7,-1.0,-0.068,1,0,0,0,13,312,2.344,1,19,127.17,0,0,0,0,1,0,0,0,0,0,0,0,0,0,0,54.17,36,0.32,1,0,0,0,0,0,0,0,0,0,800,800,800,800,1090,1400,78,0.254,25.5,13.78,16.37,0,127.17,0,19,18,13.478,350.72,1,0.664,0.664,0.547,2.188,0.254,0.02,0,,,,59,0,0,0,0,0,0,0,0,0,0,7,0,0,7000,7000,28,45,250,57,44,56,59,42,47,0,39321,182,126,213,129,149,129,26222,39321
48.217,0,796,18,87,55,14.7,-1.0,-0.068,1,0,0,0,13,312,2.352,1,18,127.33,0,0,0,0,1,0,0,0,0,0,0,0,0,0,0,54.17,36,0.32,1,0,0,0,0,0,0,0,0,0,800,800,800,800,1090,1400,78,0.254,25.5,13.78,16.37,0,127.33,0,18,18,13.478,350.72,1,0.684,0.684,0.547,2.188,0.254,0.02,0,,,,42,0,0,0,0,0,0,0,0,0,0,7,0,0,7000,7000,28,45,250,57,44,56,59,44,42,0,39321,182,126,213,129,146,129,26222,39321
48.277,0,802,18,87,55,14.7,-1.0,-0.068,1,0,0,0,13,312,2.344,1,18,127.17,0,0,0,0,1,0,0,0,0,0,0,0,0,0,0,54.17,36,0.32,1,0,0,0,0,0,0,0,0,0,800,800,800,800,1090,1400,78,0.254,25.5,13.78,16.37,0,127.17,0,18,18,13.478,350.72,1,0.664,0.664,0.547,2.188,0.254,0.02,0,,,,59,0,0,0,0,0,0,0,0,0,0,7,0,0,7000,7000,28,45,250,69,40,59,59,44,42,0,39321,182,126,210,129,146,129,26222,39321
48.336,0,801,18,87,55,14.7,-1.0,-0.068,1,0,0,0,13,312,2.352,1,18,127.5,0,0,0,0,1,0,0,0,0,0,0,0,0,0,0,54.4,36,0.32,1,0,0,0,0,0,0,0,0,0,800,800,800,800,1090,1400,78,0.254,25.5,13.78,16.59,0,127.5,0,18,18,13.478,350.72,1,0.664,0.664,0.547,2.188,0.254,0.02,0,,,,42,0,0,0,0,0,0,0,0,0,0,7,0,0,7000,7000,28,45,250,69,40,59,51,42,42,0,39321,182,126,210,129,143,129,26222,39321
48.396,0,807,18,87,55,14.7,-1.0,-0.068,1,0,0,0,12.5,312,2.352,1,18,127.5,0,0,0,0,1,0,0,0,0,0,0,0,0,0,0,54.4,36,0.32,1,0,0,0,0,0,0,0,0,0,800,810,800,800,1090,1400,78,0.254,25.5,13.78,16.37,0,127.5,0,18,18,13.478,350.72,1,0.664,0.664,0.547,2.188,0.254,0.02,0,,,,62,0,0,0,0,0,0,0,0,0,0,7,0,0,7000,7000,28,45,250,62,40,59,51,42,52,0,39321,180,126,210,129,143,132,26222,39321
48.456,0,805,18,87,55,14.7,-1.0,-0.068,1,0,0,0,12.5,312,2.352,1,19,127.5,0,0,0,0,1,0,0,0,0,0,0,0,0,0,0,54.4,36,0.32,1,0,0,0,0,0,0,0,0,0,800,810,800,800,1090,1400,78,0.254,25.5,13.78,16.42,0,127.5,0,19,18,13.478,350.72,1,0.664,0.664,0.547,2.188,0.254,0.02,0,,,,44,0,0,0,0,0,0,0,0,0,0,7,0,0,7000,7000,28,45,250,62,40,61,44,42,52,0,39321,180,126,208,129,143,132,26222,39321
48.516,0,807,18,87,55,14.7,-1.0,-0.068,1,0,0,0,12.5,312,2.352,1,19,127.5,0,0,0,0,1,0,0,0,0,0,0,0,0,0,0,54.17,36,0.32,1,0,0,0,0,0,0,0,0,0,800,810,800,800,1090,1400,78,0.254,25.5,13.78,16.48,0,127.5,0,19,18,13.478,350.72,1,0.664,0.664,0.547,2.188,0.254,0.02,0,,,,45,0,0,0,0,0,0,0,0,0,0,7,0,0,7000,7000,28,45,250,62,40,61,44,49,45,0,39321,180,126,208,129,143,132,26222,39321
48.576,0,805,18,87,55,14.7,-1.0,-0.068,1,0,0,0,12.5,312,2.352,1,18,127.33,0,0,0,0,1,0,0,0,0,0,0,0,0,0,0,54.17,36,0.32,1,0,0,0,0,0,0,0,0,0,800,810,800,800,1090,1400,78,0.254,25.5,13.78,16.54,0,127.33,0,18,18,13.478,350.72,1,0.664,0.664,0.547,2.188,0.254,0.02,0,,,,61,0,0,0,0,0,0,0,0,0,0,7,0,0,7000,7000,28,45,250,56,37,61,44,49,45,0,39321,177,126,205,129,143,132,26222,39321
48.636,0,800,18,87,55,14.7,-1.0,-0.068,1,0,0,0,13,312,2.352,1,18,127.33,0,0,0,0,1,0,0,0,0,0,0,0,0,0,0,54.4,36,0.32,1,0,0,0,0,0,0,0,0,0,800,800,800,800,1090,1400,78,0.254,25.5,13.78,16.54,0,127.33,0,18,18,13.478,350.72,1,0.684,0.684,0.547,2.188,0.254,0.02,0,,,,42,0,0,0,0,0,0,0,0,0,0,7,0,0,7000,7000,28,45,250,56,37,61,44,42,45,0,39321,177,126,205,129,140,132,26222,39321
48.696,0,801,18,87,55,14.7,-1.0,-0.068,1,0,0,0,13,312,2.352,1,18,127.5,0,0,0,0,1,0,0,0,0,0,0,0,0,0,0,54.4,36,0.32,1,0,0,0,0,0,0,0,0,0,800,800,800,800,1090,1400,78,0.254,25.5,13.78,16.54,0,127.5,0,18,18,13.478,350.72,1,0.664,0.664,0.547,2.188,0.254,0.02,0,,,,62,0,0,0,0,0,0,0,0,0,0,7,0,0,7000,7000,28,45,250,62,37,61,44,42,44,0,39321,177,126,205,129,140,132,26222,39321
48.756,0,795,18,87,55,14.7,-1.0,-0.068,1,0,0,0,13,312,2.352,1,18,127.67,0,0,0,0,1,0,0,0,0,0,0,0,0,0,0,54.4,36,0.32,1,0,0,0,0,0,0,0,0,0,800,800,800,800,1090,1400,78,0.254,25.5,13.78,16.54,0,127.67,0,18,18,13.478,350.72,1,0.664,0.664,0.547,2.188,0.254,0.02,0,,,,51,0,0,0,0,0,0,0,0,0,0,7,0,0,7000,7000,28,45,250,62,37,61,51,42,44,0,39321,177,126,202,129,140,132,26222,39321
48.816,0,798,18,87,55,14.7,-1.0,-0.068,1,0,0,0,13,312,2.352,1,18,127.67,0,0,0,0,1,0,0,0,0,0,0,0,0,0,0,54.4,36,0.32,1,0,0,0,0,0,0,0,0,0,800,800,800,800,1090,1400,78,0.254,25.5,13.78,16.54,0,127.67,0,18,18,13.478,350.72,1,0.664,0.664,0.547,2.188,0.254,0.02,0,,,,40,0,0,0,0,0,0,0,0,0,0,7,0,0,7000,7000,28,45,250,62,37,61,51,45,40,0,39321,177,126,202,129,140,129,26222,39321
48.876,0,809,18,87,55,14.7,-1.0,-0.068,1,0,0,0,12.5,312,2.352,1,19,127.67,0,0,0,0,1,0,0,0,0,0,0,0,0,0,0,54.4,36,0.32,1,0,0,0,0,0,0,0,0,0,800,810,800,800,1090,1400,78,0.254,25.5,13.78,16.54,0,127.67,0,19,18,13.478,350.72,1,0.664,0.664,0.547,2.188,0.254,0.02,0,,,,56,0,0,0,0,0,0,0,0,0,0,7,0,0,7000,7000,28,45,250,52,40,56,51,45,40,0,39321,177,123,199,129,140,129,26222,39321
48.936,0,798,18,87,55,14.7,-1.0,-0.068,1,0,0,0,13,312,2.352,1,18,127.67,0,0,0,0,1,0,0,0,0,0,0,0,0,0,0,54.4,36,0.32,1,0,0,0,0,0,0,0,0,0,800,800,800,800,1090,1400,78,0.254,25.5,13.78,16.54,0,127.67,0,18,18,13.478,350.72,1,0.684,0.684,0.547,2.188,0.254,0.02,0,,,,37,0,0,0,0,0,0,0,0,0,0,7,0,0,7000,7000,28,45,250,52,40,56,47,37,40,0,39321,177,123,199,132,137,129,26222,39321
48.996,0,792,18,87,55,14.7,-1.0,-0.068,1,0,0,0,14,312,2.352,1,18,127.67,0,0,0,0,1,0,0,0,0,0,0,0,0,0,0,54.4,36,0.32,1,0,0,0,0,0,0,0,0,0,800,790,800,800,1090,1400,78,0.254,25.5,13.78,16.54,0,127.67,0,18,18,13.478,350.72,1,0.664,0.664,0.547,2.188,0.254,0.02,0,,,,54,0,0,0,0,0,0,0,0,0,0,7,0,0,7000,7000,28,45,250,54,40,56,47,37,45,0,39321,174,123,199,132,137,129,26222,39321
49.056,0,786,18,87,55,14.7,-1.0,-0.068,1,0,0,0,14,312,2.352,1,18,127.67,0,0,0,0,1,0,0,0,0,0,0,0,0,0,0,54.4,36,0.32,1,0,0,0,0,0,0,0,0,0,800,790,800,800,1090,1400,78,0.254,25.5,13.78,16.48,0,127.67,0,18,18,13.478,350.72,1,0.664,0.664,0.547,2.188,0.254,0.02,0,,,,47,0,0,0,0,0,0,0,0,0,0,7,0,0,7000,7000,28,45,250,54,40,52,47,37,45,0,39321,174,123,196,132,137,129,26222,39321
49.116,0,785,18,87,55,14.7,-1.0,-0.068,1,0,0,0,14,312,2.352,1,18,127.83,0,0,0,0,1,0,0,0,0,0,0,0,0,0,0,54.62,36,0.32,1,0,0,0,0,0,0,0,0,0,800,790,800,800,1090,1400,78,0.254,25.5,13.78,16.48,0,127.83,0,18,18,13.478,350.72,1,0.684,0.684,0.547,2.188,0.254,0.02,0,,,,40,0,0,0,0,0,0,0,0,0,0,7,0,0,7000,7000,28,45,250,54,40,52,47,49,40,0,39321,174,123,196,132,137,126,26222,39321
49.176,0,792,18,87,55,14.7,-1.0,-0.068,1,0,0,0,14,312,2.36,1,18,128,0,0,0,0,1,0,0,0,0,0,0,0,0,0,0,54.62,36,0.32,1,0,0,0,0,0,0,0,0,0,800,790,800,800,1090,1400,78,0.254,25.5,13.78,16.42,0,128,0,18,18,13.478,350.72,1,0.664,0.664,0.547,2.188,0.254,0.02,0,,,,56,0,0,0,0,0,0,0,0,0,0,7,0,0,7000,7000,28,45,250,61,42,56,47,49,40,0,39321,174,123,194,132,137,126,26222,39321
49.236,0,793,18,87,55,14.7,-1.0,-0.068,1,0,0,0,14,312,2.36,1,18,128.17,0,0,0,0,1,0,0,0,0,0,0,0,0,0,0,54.62,36,0.32,1,0,0,0,0,0,0,0,0,0,800,790,800,800,1090,1400,78,0.254,25.5,13.78,16.54,0,128.17,0,18,18,13.478,350.72,1,0.664,0.664,0.547,2.188,0.254,0.02,0,,,,51,0,0,0,0,0,0,0,0,0,0,7,0,0,7000,7000,28,45,250,61,42,56,44,51,40,0,39321,174,123,194,132,137,126,26222,39321
49.296,0,805,18,87,55,14.7,-1.0,-0.068,1,0,0,0,12.5,312,2.36,1,18,128.17,0,0,0,0,1,0,0,0,0,0,0,0,0,0,0,54.62,36,0.32,1,0,0,0,0,0,0,0,0,0,800,810,800,800,1090,1400,78,0.254,25.5,13.78,16.37,0,128.17,0,18,18,13.478,350.72,1,0.664,0.664,0.547,2.188,0.254,0.02,0,,,,62,0,0,0,0,0,0,0,0,0,0,7,0,0,7000,7000,28,45,250,62,42,56,44,51,42,0,39321,174,123,194,132,137,126,26222,39321
49.356,0,800,18,87,55,14.7,-1.0,-0.068,1,0,0,0,13,312,2.36,1,18,128,0,0,0,0,1,0,0,0,0,0,0,0,0,0,0,54.62,36,0.32,1,0,0,0,0,0,0,0,0,0,800,800,800,800,1090,1400,78,0.254,25.5,13.78,16.37,0,128,0,18,18,13.478,350.72,1,0.664,0.664,0.547,2.188,0.254,0.02,0,,,,52,0,0,0,0,0,0,0,0,0,0,7,0,0,7000,7000,28,45,250,62,44,52,52,51,42,0,39321,174,123,191,132,137,126,26222,39321
49.416,0,801,18,87,55,14.7,-1.0,-0.068,1,0,0,0,13,312,2.36,1,19,128.17,0,0,0,0,1,0,0,0,0,0,0,0,0,0,0,54.62,36,0.32,1,0,0,0,0,0,0,0,0,0,800,800,800,800,1090,1400,78,0.254,25.5,13.78,16.42,0,128.17,0,19,18,13.478,350.72,1,0.684,0.684,0.547,2.188,0.254,0.02,0,,,,52,0,0,0,0,0,0,0,0,0,0,7,0,0,7000,7000,28,45,250,62,44,52,52,47,52,0,39321,174,123,191,132,137,129,26222,39321
49.476,0,798,18,87,55,14.7,-1.0,-0.068,1,0,0,0,13,312,2.352,1,18,127.83,0,0,0,0,1,0,0,0,0,0,0,0,0,0,0,54.4,36,0.32,1,0,0,0,0,0,0,0,0,0,800,800,800,800,1090,1400,78,0.254,25.5,13.78,16.48,0,127.83,0,18,18,13.478,350.72,1,0.664,0.664,0.547,2.188,0.254,0.02,0,,,,54,0,0,0,0,0,0,0,0,0,0,7,0,0,7000,7000,28,45,250,62,40,54,52,47,52,0,39321,174,120,188,132,137,129,26222,39321
49.536,0,791,18,87,55,14.7,-1.0,-0.068,1,0,0,0,14,312,2.36,1,18,128,0,0,0,0,1,0,0,0,0,0,0,0,0,0,0,54.62,36,0.32,1,0,0,0,0,0,0,0,0,0,800,790,800,800,1090,1400,78,0.254,25.5,13.78,16.42,0,128,0,18,18,13.478,350.72,1,0.664,0.664,0.547,2.188,0.254,0.02,0,,,,42,0,0,0,0,0,0,0,0,0,0,7,0,0,7000,7000,28,45,250,62,40,54,54,42,52,0,39321,174,120,188,135,135,129,26222,39321
49.596,0,790,18,87,55,14.7,-1.0,-0.068,1,0,0,0,14,312,2.36,1,18,128,0,0,0,0,1,0,0,0,0,0,0,0,0,0,0,54.62,36,0.32,1,0,0,0,0,0,0,0,0,0,800,790,800,800,1090,1400,78,0.254,25.5,13.78,16.42,0,128,0,18,18,13.478,350.72,1,0.684,0.684,0.547,2.188,0.254,0.02,0,,,,56,0,0,0,0,0,0,0,0,0,0,7,0,0,7000,7000,28,45,250,56,40,54,54,42,45,0,39321,174,120,188,135,135,129,26222,39321
49.656,0,791,18,87,55,14.7,-1.0,-0.068,1,0,0,0,14,312,2.36,1,18,128.17,0,0,0,0,1,0,0,0,0,0,0,0,0,0,0,54.62,36,0.32,1,0,0,0,0,0,0,0,0,0,800,790,800,800,1090,1400,78,0.254,25.5,13.78,16.48,0,128.17,0,18,18,13.478,350.72,1,0.664,0.664,0.547,2.188,0.254,0.02,0,,,,45,0,0,0,0,0,0,0,0,0,0,7,0,0,7000,7000,28,45,250,56,34,47,45,42,45,0,39321,174,118,185,135,135,129,26222,39321
49.716,0,793,18,87,55,14.7,-1.0,-0.068,1,0,0,0,14,312,2.36,1,18,128.17,0,0,0,0,1,0,0,0,0,0,0,0,0,0,0,54.62,36,0.32,1,0,0,0,0,0,0,0,0,0,800,790,800,800,1090,1400,78,0.254,25.5,13.78,16.48,0,128.17,0,18,18,13.478,350.72,1,0.684,0.684,0.547,2.188,0.254,0.02,0,,,,39,0,0,0,0,0,0,0,0,0,0,7,0,0,7000,7000,28,45,250,56,34,47,45,44,39,0,39321,174,118,185,135,135,126,26222,39321
49.776,0,801,18,87,55,14.7,-1.0,-0.068,1,0,0,0,13,312,2.36,1,19,128.17,0,0,0,0,1,0,0,0,0,0,0,0,0,0,0,54.62,36,0.32,1,0,0,0,0,0,0,0,0,0,800,800,800,800,1090,1400,78,0.254,25.5,13.78,16.54,0,128.17,0,19,18,13.478,350.72,1,0.664,0.664,0.547,2.188,0.254,0.02,0,,,,37,0,0,0,0,0,0,0,0,0,0,7,0,0,7000,7000,28,45,250,56,37,47,45,44,39,0,39321,174,118,185,135,135,126,26222,39321
49.836,0,792,18,87,55,14.7,-1.0,-0.068,1,0,0,0,14,312,2.36,1,18,128.17,0,0,0,0,1,0,0,0,0,0,0,0,0,0,0,54.62,36,0.32,1,0,0,0,0,0,0,0,0,0,800,790,800,800,1090,1400,78,0.254,25.5,13.78,16.54,0,128.17,0,18,18,13.478,350.72,1,0.664,0.664,0.547,2.188,0.254,0.02,0,,,,52,0,0,0,0,0,0,0,0,0,0,7,0,0,7000,7000,28,45,250,56,37,57,47,52,39,0,39321,174,118,182,135,135,126,26222,39321
49.896,0,794,18,87,55,14.7,-1.0,-0.068,1,0,0,0,14,312,2.36,1,18,128.17,0,0,0,0,1,0,0,0,0,0,0,0,0,0,0,54.62,36,0.32,1,0,0,0,0,0,0,0,0,0,800,790,800,800,1090,1400,78,0.254,25.5,13.78,16.54,0,128.17,0,18,18,13.478,350.72,1,0.664,0.664,0.547,2.188,0.254,0.02,0,,,,51,0,0,0,0,0,0,0,0,0,0,7,0,0,7000,7000,28,45,250,51,37,57,47,52,52,0,39321,171,118,182,135,135,129,26222,39321
49.956,0,796,18,87,55,14.7,-1.0,-0.068,1,0,0,0,13,312,2.36,1,18,128.17,0,0,0,0,1,0,0,0,0,0,0,0,0,0,0,54.62,36,0.32,1,0,0,0,0,0,0,0,0,0,800,800,800,800,1090,1400,78,0.254,25.5,13.78,16.54,0,128.17,0,18,18,13.478,350.72,1,0.684,0.684,0.547,2.188,0.254,0.02,0,,,,34,0,0,0,0,0,0,0,0,0,0,7,0,0,7000,7000,28,45,250,51,42,54,34,52,52,0,39321,171,118,180,132,135,129,26222,39321
50.016,0,793,18,87,55,14.7,-1.0,-0.068,1,0,0,0,14,312,2.36,1,18,128.17,0,0,0,0,1,0,0,0,0,0,0,0,0,0,0,54.62,36,0.32,1,0,0,0,0,0,0,0,0,0,800,790,800,800,1090,1400,78,0.254,25.5,13.78,16.54,0,128.17,0,18,18,13.478,350.72,1,0.664,0.664,0.547,2.188,0.254,0.02,0,,,,47,0,0,0,0,0,0,0,0,0,0,7,0,0,7000,7000,28,45,250,51,42,54,34,52,47,0,39321,171,118,180,132,137,129,26222,39321
50.076,0,799,18,87,55,14.7,-1.0,-0.068,1,0,0,0,13,312,2.36,1,18,128.17,0,0,0,0,1,0,0,0,0,0,0,0,0,0,0,54.62,36,0.32,1,0,0,0,0,0,0,0,0,0,800,800,800,800,1090,1400,78,0.254,25.5,13.78,16.59,0,128.17,0,18,18,13.478,350.72,1,0.664,0.664,0.547,2.188,0.254,0.02,0,,,,49,0,0,0,0,0,0,0,0,0,0,7,0,0,7000,7000,28,45,250,49,49,54,34,52,47,0,39321,168,118,180,132,137,129,26222,39321
50.136,0,797,18,87,55,14.7,-1.0,-0.068,1,0,0,0,13,312,2.36,1,18,128.17,0,0,0,0,1,0,0,0,0,0,0,0,0,0,0,54.62,36,0.32,1,0,0,0,0,0,0,0,0,0,800,800,800,800,1090,1400,78,0.254,25.5,13.78,16.48,0,128.17,0,18,18,13.478,350.72,1,0.664,0.664,0.547,2.188,0.254,0.02,0,,,,61,0,0,0,0,0,0,0,0,0,0,7,0,0,7000,7000,28,45,250,49,49,49,71,61,47,0,39321,168,118,177,137,140,129,26222,39321
50.196,0,807,18,87,55,14.7,-1.0,-0.068,1,0,0,0,12.5,312,2.36,1,19,128.17,0,0,0,0,1,0,0,0,0,0,0,0,0,0,0,54.62,36,0.32,1,0,0,0,0,0,0,0,0,0,800,810,800,800,1090,1400,78,0.254,25.5,13.78,16.48,0,128.17,0,19,18,13.478,350.72,1,0.664,0.664,0.547,2.188,0.254,0.02,0,,,,52,0,0,0,0,0,0,0,0,0,0,7,0,0,7000,7000,28,45,250,52,49,49,71,61,45,0,39321,165,118,177,137,140,129,26222,39321
50.256,0,808,18,87,55,14.7,-1.0,-0.068,1,0,0,0,12.5,312,2.352,1,19,127.83,0,0,0,0,1,0,0,0,0,0,0,0,0,0,0,54.4,36,0.32,1,0,0,0,0,0,0,0,0,0,800,810,800,800,1090,1400,78,0.254,25.5,13.78,16.48,0,127.83,0,19,18,13.478,350.72,1,0.664,0.664,0.547,2.188,0.254,0.02,0,,,,51,0,0,0,0,0,0,0,0,0,0,7,0,0,7000,7000,28,45,250,52,57,52,51,61,45,0,39321,165,120,174,140,140,129,26222,39321
50.316,0,805,18,87,55,14.7,-1.0,-0.068,1,0,0,0,12.5,312,2.352,1,19,127.83,0,0,0,0,1,0,0,0,0,0,0,0,0,0,0,54.4,36,0.32,1,0,0,0,0,0,0,0,0,0,800,810,800,800,1090,1400,78,0.254,25.5,13.78,16.42,0,127.83,0,19,18,13.478,350.72,1,0.664,0.664,0.547,2.188,0.254,0.02,0,,,,51,0,0,0,0,0,0,0,0,0,0,7,0,0,7000,7000,28,45,250,52,57,52,51,47,51,0,39321,165,120,174,140,137,132,26222,39321
50.376,0,808,18,87,55,14.7,-1.0,-0.068,1,0,0,0,12.5,312,2.352,1,19,127.67,0,0,0,0,1,0,0,0,0,0,0,0,0,0,0,54.4,36,0.32,1,0,0,0,0,0,0,0,0,0,800,810,800,800,1090,1400,78,0.254,25.5,13.78,16.54,0,127.67,0,19,18,13.478,350.72,1,0.664,0.664,0.547,2.188,0.254,0.02,0,,,,51,0,0,0,0,0,0,0,0,0,0,7,0,0,7000,7000,28,45,250,51,42,51,51,47,51,0,39321,163,120,171,140,137,132,26222,39321
50.436,0,802,18,87,55,14.7,-1.0,-0.068,1,0,0,0,13,312,2.352,1,18,127.67,0,0,0,0,1,0,0,0,0,0,0,0,0,0,0,54.4,36,0.32,1,0,0,0,0,0,0,0,0,0,800,800,800,800,1090,1400,78,0.254,25.5,13.78,16.37,0,127.67,0,18,18,13.478,350.72,1,0.664,0.664,0.547,2.188,0.254,0.02,0,,,,51,0,0,0,0,0,0,0,0,0,0,7,0,0,7000,7000,28,45,250,51,42,51,44,51,51,0,39321,163,120,171,140,137,132,26222,39321
50.496,0,808,18,87,55,14.7,-1.0,-0.068,1,0,0,0,12.5,312,2.352,1,18,127.67,0,0,0,0,1,0,0,0,0,0,0,0,0,0,0,54.4,36,0.32,1,0,0,0,0,0,0,0,0,0,800,810,800,800,1090,1400,78,0.254,25.5,13.78,16.37,0,127.67,0,18,18,13.478,350.72,1,0.684,0.684,0.547,2.188,0.254,0.02,0,,,,57,0,0,0,0,0,0,0,0,0,0,7,0,0,7000,7000,28,45,250,57,42,51,44,51,52,0,39321,163,120,171,140,137,132,26222,39321
50.556,0,806,18,87,55,14.7,-1.0,-0.068,1,0,0,0,12.5,312,2.352,1,19,127.67,0,0,0,0,1,0,0,0,0,0,0,0,0,0,0,54.4,36,0.32,1,0,0,0,0,0,0,0,0,0,800,810,800,800,1090,1400,78,0.254,25.5,13.78,16.42,0,127.67,0,19,18,13.478,350.72,1,0.664,0.664,0.547,2.188,0.254,0.02,0,,,,44,0,0,0,0,0,0,0,0,0,0,7,0,0,7000,7000,28,45,250,57,39,51,44,51,52,0,39321,163,120,171,137,137,132,26222,39321
50.616,0,800,18,87,55,14.7,-1.0,-0.068,1,0,0,0,13,312,2.352,1,18,127.67,0,0,0,0,1,0,0,0,0,0,0,0,0,0,0,54.4,36,0.32,1,0,0,0,0,0,0,0,0,0,800,800,800,800,1090,1400,78,0.254,25.5,13.78,16.42,0,127.67,0,18,18,13.478,350.72,1,0.684,0.684,0.547,2.188,0.254,0.02,0,,,,44,0,0,0,0,0,0,0,0,0,0,7,0,0,7000,7000,28,45,250,57,39,51,44,54,44,0,39321,163,120,171,137,137,132,26222,39321
50.676,0,804,18,87,55,14.7,-1.0,-0.068,1,0,0,0,13,312,2.352,1,18,127.67,0,0,0,0,1,0,0,0,0,0,0,0,0,0,0,54.4,36,0.32,1,0,0,0,0,0,0,0,0,0,800,800,800,800,1090,1400,78,0.254,25.5,13.78,16.42,0,127.67,0,18,18,13.478,350.72,1,0.664,0.664,0.547,2.188,0.254,0.02,0,,,,45,0,0,0,0,0,0,0,0,0,0,7,0,0,7000,7000,28,45,250,52,40,45,44,54,44,0,39321,163,120,168,137,137,132,26222,39321
50.736,0,789,18,87,55,14.7,-1.0,-0.068,1,0,0,0,14,312,2.352,1,18,127.67,0,0,0,0,1,0,0,0,0,0,0,0,0,0,0,54.4,36,0.32,1,0,0,0,0,0,0,0,0,0,800,790,800,800,1090,1400,78,0.254,25.5,13.78,16.42,0,127.67,0,18,18,13.478,350.72,1,0.664,0.664,0.547,2.188,0.254,0.02,0,,,,45,0,0,0,0,0,0,0,0,0,0,7,0,0,7000,7000,28,45,250,52,40,45,57,45,44,0,39321,163,120,168,137,137,132,26222,39321
50.796,0,790,18,87,55,14.7,-1.0,-0.068,1,0,0,0,14,312,2.352,1,18,127.67,0,0,0,0,1,0,0,0,0,0,0,0,0,0,0,54.4,36,0.32,1,0,0,0,0,0,0,0,0,0,800,790,800,800,1090,1400,78,0.254,25.5,13.78,16.54,0,127.67,0,18,18,13.478,350.72,1,0.684,0.684,0.547,2.188,0.254,0.02,0,,,,37,0,0,0,0,0,0,0,0,0,0,7,0,0,7000,7000,28,45,250,37,40,45,57,45,44,0,39321,157,120,168,137,137,132,26222,39321
50.856,0,789,18,87,55,14.7,-1.0,-0.068,1,0,0,0,14,312,2.352,1,18,127.67,0,0,0,0,1,0,0,0,0,0,0,0,0,0,0,54.4,36,0.32,1,0,0,0,0,0,0,0,0,0,800,790,800,800,1090,1400,78,0.254,25.5,13.78,16.54,0,127.67,0,18,18,13.478,350.72,1,0.664,0.664,0.547,2.188,0.254,0.02,0,,,,61,0,0,0,0,0,0,0,0,0,0,7,0,0,7000,7000,28,45,250,37,34,54,61,45,44,0,39321,157,120,168,137,137,132,26222,39321
50.916,0,802,18,87,55,14.7,-1.0,-0.068,1,0,0,0,13,312,2.352,1,18,127.83,0,0,0,0,1,0,0,0,0,0,0,0,0,0,0,54.4,36,0.32,1,0,0,0,0,0,0,0,0,0,800,800,800,800,1090,1400,78,0.254,25.5,13.78,16.54,0,127.83,0,18,18,13.478,350.72,1,0.664,0.664,0.547,2.188,0.254,0.02,0,,,,47,0,0,0,0,0,0,0,0,0,0,7,0,0,7000,7000,28,45,250,37,34,54,61,64,47,0,39321,157,120,168,137,140,132,26222,39321
50.976,0,808,18,87,55,14.7,-1.0,-0.068,1,0,0,0,12.5,312,2.352,1,19,127.67,0,0,0,0,1,0,0,0,0,0,0,0,0,0,0,54.4,36,0.32,1,0,0,0,0,0,0,0,0,0,800,810,800,800,1090,1400,78,0.254,25.5,13.78,16.54,0,127.67,0,19,18,13.478,350.72,1,0.664,0.664,0.547,2.188,0.254,0.02,0,,,,59,0,0,0,0,0,0,0,0,0,0,7,0,0,7000,7000,28,45,250,56,68,59,61,64,47,0,39321,157,126,168,137,140,132,26222,39321
51.036,0,804,18,87,55,14.7,-1.0,-0.068,1,0,0,0,13,312,2.352,1,18,127.67,0,0,0,0,1,0,0,0,0,0,0,0,0,0,0,54.4,36,0.32,1,0,0,0,0,0,0,0,0,0,800,800,800,800,1090,1400,78,0.254,25.5,13.78,16.54,0,127.67,0,18,18,13.478,350.72,1,0.664,0.664,0.547,2.188,0.254,0.02,0,,,,54,0,0,0,0,0,0,0,0,0,0,7,0,0,7000,7000,28,45,250,56,68,59,39,54,47,0,39321,157,126,168,135,140,132,26222,39321
51.097,0,810,18,87,55,14.7,-1.0,-0.068,1,0,0,0,12.5,312,2.352,1,19,127.67,0,0,0,0,1,0,0,0,0,0,0,0,0,0,0,54.4,36,0.32,1,0,0,0,0,0,0,0,0,0,800,810,800,800,1090,1400,78,0.254,25.5,13.78,16.54,0,127.67,0,19,18,13.478,350.72,1,0.664,0.664,0.547,2.188,0.254,0.02,0,,,,62,0,0,0,0,0,0,0,0,0,0,7,0,0,7000,7000,28,45,250,62,68,59,39,54,44,0,39321,160,126,168,135,140,132,26222,39321
51.157,0,800,18,87,55,14.7,-1.0,-0.068,1,0,0,0,13,312,2.352,1,19,127.67,0,0,0,0,1,0,0,0,0,0,0,0,0,0,0,54.4,36,0.32,1,0,0,0,0,0,0,0,0,0,800,800,800,800,1090,1400,78,0.254,25.5,13.78,16.54,0,127.67,0,19,18,13.478,350.72,1,0.664,0.664,0.547,2.188,0.254,0.02,0,,,,57,0,0,0,0,0,0,0,0,0,0,7,0,0,7000,7000,28,45,250,62,47,56,57,54,44,0,39321,160,126,165,137,140,132,26222,39321
51.217,0,803,18,87,55,14.7,-1.0,-0.068,1,0,0,0,13,312,2.352,1,18,127.67,0,0,0,0,1,0,0,0,0,0,0,0,0,0,0,54.4,36,0.32,1,0,0,0,0,0,0,0,0,0,800,800,800,800,1090,1400,78,0.254,25.5,13.78,16.48,0,127.67,0,18,18,13.478,350.72,1,0.684,0.684,0.547,2.188,0.254,0.02,0,,,,51,0,0,0,0,0,0,0,0,0,0,7,0,0,7000,7000,28,45,250,62,47,56,57,68,51,0,39321,160,126,165,137,143,132,26222,39321
51.277,0,805,18,87,55,14.7,-1.0,-0.068,1,0,0,0,12.5,312,2.352,1,19,127.67,0,0,0,0,1,0,0,0,0,0,0,0,0,0,0,54.4,36,0.32,1,0,0,0,0,0,0,0,0,0,800,810,800,800,1090,1400,78,0.254,25.5,13.78,16.48,0,127.67,0,19,18,13.478,350.72,1,0.664,0.664,0.547,2.188,0.254,0.02,0,,,,52,0,0,0,0,0,0,0,0,0,0,7,0,0,7000,7000,28,45,250,61,64,52,57,68,51,0,39321,163,129,163,137,143,132,26222,39321
51.337,0,799,18,87,55,14.7,-1.0,-0.068,1,0,0,0,13,312,2.352,1,18,127.67,0,0,0,0,1,0,0,0,0,0,0,0,0,0,0,54.4,36,0.32,1,0,0,0,0,0,0,0,0,0,800,800,800,800,1090,1400,78,0.254,25.5,13.78,16.48,0,127.67,0,18,18,13.478,350.72,1,0.664,0.664,0.547,2.188,0.254,0.02,0,,,,56,0,0,0,0,0,0,0,0,0,0,7,0,0,7000,7000,28,45,250,61,64,52,59,56,51,0,39321,163,129,163,140,143,132,26222,39321
51.397,0,801,18,87,55,14.7,-1.0,-0.068,1,0,0,0,13,312,2.352,1,18,127.67,0,0,0,0,1,0,0,0,0,0,0,0,0,0,0,54.4,36,0.32,1,0,0,0,0,0,0,0,0,0,800,800,800,800,1090,1400,78,0.254,25.5,13.78,16.48,0,127.67,0,18,18,13.478,350.72,1,0.664,0.664,0.547,2.188,0.254,0.02,0,,,,51,0,0,0,0,0,0,0,0,0,0,7,0,0,7000,7000,28,45,250,51,64,52,59,56,40,0,39321,160,129,163,140,143,132,26222,39321
51.457,0,794,18,87,55,14.7,-1.0,-0.068,1,0,0,0,14,312,2.352,1,18,127.67,0,0,0,0,1,0,0,0,0,0,0,0,0,0,0,54.4,36,0.32,1,0,0,0,0,0,0,0,0,0,800,790,800,800,1090,1400,78,0.254,25.5,13.78,16.37,0,127.67,0,18,18,13.478,350.72,1,0.664,0.664,0.547,2.188,0.254,0.02,0,,,,45,0,0,0,0,0,0,0,0,0,0,7,0,0,7000,7000,28,45,250,51,39,61,45,56,40,0,39321,160,129,163,140,143,132,26222,39321
51.517,0,791,18,87,55,14.7,-1.0,-0.068,1,0,0,0,14,312,2.352,1,18,127.67,0,0,0,0,1,0,0,0,0,0,0,0,0,0,0,54.4,36,0.32,1,0,0,0,0,0,0,0,0,0,800,790,800,800,1090,1400,78,0.254,25.5,13.78,16.37,0,127.67,0,18,18,13.478,350.72,1,0.684,0.684,0.547,2.188,0.254,0.02,0,,,,42,0,0,0,0,0,0,0,0,0,0,7,0,0,7000,7000,28,45,250,51,39,61,45,56,42,0,39321,160,129,163,140,143,132,26222,39321
51.577,0,795,18,87,55,14.7,-1.0,-0.068,1,0,0,0,13,312,2.352,1,18,127.67,0,0,0,0,1,0,0,0,0,0,0,0,0,0,0,54.4,36,0.32,1,0,0,0,0,0,0,0,0,0,800,800,800,800,1090,1400,78,0.254,25.5,13.78,16.37,0,127.67,0,18,18,13.478,350.72,1,0.664,0.664,0.547,2.188,0.254,0.02,0,,,,47,0,0,0,0,0,0,0,0,0,0,7,0,0,7000,7000,28,45,250,51,44,47,45,56,42,0,39321,157,129,163,140,143,132,26222,39321
51.637,0,796,18,87,55,14.7,-1.0,-0.068,1,0,0,0,13,312,2.352,1,18,127.67,0,0,0,0,1,0,0,0,0,0,0,0,0,0,0,54.4,36,0.32,1,0,0,0,0,0,0,0,0,0,800,800,800,800,1090,1400,78,0.254,25.5,13.78,16.42,0,127.67,0,18,18,13.478,350.72,1,0.664,0.664,0.547,2.188,0.254,0.02,0,,,,57,0,0,0,0,0,0,0,0,0,0,7,0,0,7000,7000,28,45,250,51,44,47,62,57,42,0,39321,157,129,163,140,146,132,26222,39321
51.696,0,807,18,87,55,14.7,-1.0,-0.068,1,0,0,0,12.5,312,2.352,1,18,127.67,0,0,0,0,1,0,0,0,0,0,0,0,0,0,0,54.4,36,0.32,1,0,0,0,0,0,0,0,0,0,800,810,800,800,1090,1400,78,0.254,25.5,13.78,16.42,0,127.67,0,18,18,13.478,350.72,1,0.664,0.664,0.547,2.188,0.254,0.02,0,,,,61,0,0,0,0,0,0,0,0,0,0,7,0,0,7000,7000,28,45,250,61,44,47,62,57,54,0,39321,160,129,163,140,146,132,26222,39321
51.756,0,798,18,87,55,14.7,-1.0,-0.068,1,0,0,0,13,312,2.352,1,19,127.67,0,0,0,0,1,0,0,0,0,0,0,0,0,0,0,54.4,36,0.32,1,0,0,0,0,0,0,0,0,0,800,800,800,800,1090,1400,78,0.254,25.5,13.78,16.48,0,127.67,0,19,18,13.478,350.72,1,0.664,0.664,0.547,2.188,0.254,0.02,0,,,,34,0,0,0,0,0,0,0,0,0,0,7,0,0,7000,7000,28,45,250,61,37,64,34,57,54,0,39321,160,126,163,137,146,132,26222,39321
51.816,0,797,18,87,55,14.7,-1.0,-0.068,1,0,0,0,13,312,2.352,1,18,127.67,0,0,0,0,1,0,0,0,0,0,0,0,0,0,0,54.4,36,0.32,1,0,0,0,0,0,0,0,0,0,800,800,800,800,1090,1400,78,0.254,25.5,13.78,16.48,0,127.67,0,18,18,13.478,350.72,1,0.684,0.684,0.547,2.188,0.254,0.02,0,,,,51,0,0,0,0,0,0,0,0,0,0,7,0,0,7000,7000,28,45,250,61,37,64,34,57,51,0,39321,160,126,163,137,149,132,26222,39321
51.876,0,790,18,87,55,14.7,-1.0,-0.068,1,0,0,0,14,312,2.352,1,18,127.67,0,0,0,0,1,0,0,0,0,0,0,0,0,0,0,54.4,36,0.32,1,0,0,0,0,0,0,0,0,0,800,790,800,800,1090,1400,78,0.254,25.5,13.78,16.48,0,127.67,0,18,18,13.478,350.72,1,0.664,0.664,0.547,2.188,0.254,0.02,0,,,,59,0,0,0,0,0,0,0,0,0,0,7,0,0,7000,7000,28,45,250,54,45,59,34,57,51,0,39321,160,126,163,137,149,132,26222,39321
51.936,0,784,18,87,55,14.7,-1.0,-0.068,1,0,0,0,15,312,2.352,1,18,127.67,0,0,0,0,1,0,0,0,0,0,0,0,0,0,0,54.4,36,0.32,1,0,0,0,0,0,0,0,0,0,800,780,800,800,1090,1400,78,0.254,25.5,13.78,16.54,0,127.67,0,18,18,13.478,350.72,1,0.664,0.664,0.547,2.188,0.254,0.02,0,,,,52,0,0,0,0,0,0,0,0,0,0,7,0,0,7000,7000,28,45,250,54,45,59,61,52,51,0,39321,160,126,163,140,146,132,26222,39321
51.996,0,801,18,87,55,14.7,-1.0,-0.068,1,0,0,0,13,312,2.36,1,18,128,0,0,0,0,1,0,0,0,0,0,0,0,0,0,0,54.62,36,0.32,1,0,0,0,0,0,0,0,0,0,800,800,800,800,1090,1400,78,0.254,25.5,13.78,16.48,0,128,0,18,18,13.478,350.72,1,0.684,0.684,0.547,2.188,0.254,0.02,0,,,,40,0,0,0,0,0,0,0,0,0,0,7,0,0,7000,7000,28,45,250,40,45,59,61,52,42,0,39321,157,126,163,140,146,132,26222,39321
52.056,0,805,18,87,55,14.7,-1.0,-0.068,1,0,0,0,12.5,312,2.352,1,19,127.83,0,0,0,0,1,0,0,0,0,0,0,0,0,0,0,54.4,36,0.32,1,0,0,0,0,0,0,0,0,0,800,810,800,800,1090,1400,78,0.254,25.5,13.78,16.54,0,127.83,0,19,18,13.478,350.72,1,0.664,0.664,0.547,2.188,0.254,0.02,0,,,,30,0,0,0,0,0,0,0,0,0,0,7,0,0,7000,7000,28,45,250,40,45,66,30,52,42,0,39321,157,126,165,135,146,132,26222,39321
52.116,0,785,18,87,55,14.7,-1.0,-0.068,1,0,0,0,14,312,2.352,1,18,127.83,0,0,0,0,1,0,0,0,0,0,0,0,0,0,0,54.62,36,0.32,1,0,0,0,0,0,0,0,0,0,800,790,800,800,1090,1400,78,0.254,25.5,13.78,16.54,0,127.83,0,18,18,13.478,350.72,1,0.664,0.664,0.547,2.188,0.254,0.02,0,,,,44,0,0,0,0,0,0,0,0,0,0,7,0,0,7000,7000,28,45,250,40,45,66,30,59,44,0,39321,157,126,165,135,149,132,26222,39321
52.177,0,795,18,87,55,14.7,-1.0,-0.068,1,0,0,0,13,312,2.352,1,18,127.83,0,0,0,0,1,0,0,0,0,0,0,0,0,0,0,54.4,36,0.32,1,0,0,0,0,0,0,0,0,0,800,800,800,800,1090,1400,78,0.254,25.5,13.78,16.54,0,127.83,0,18,18,13.478,350.72,1,0.664,0.664,0.547,2.188,0.254,0.02,0,,,,44,0,0,0,0,0,0,0,0,0,0,7,0,0,7000,7000,28,45,250,34,44,66,30,59,44,0,39321,151,126,165,135,149,132,26222,39321
52.237,0,790,18,87,55,14.7,-1.0,-0.068,1,0,0,0,14,312,2.36,1,18,128,0,0,0,0,1,0,0,0,0,0,0,0,0,0,0,54.62,36,0.32,1,0,0,0,0,0,0,0,0,0,800,790,800,800,1090,1400,78,0.254,25.5,13.78,16.54,0,128,0,18,18,13.478,350.72,1,0.664,0.664,0.547,2.188,0.254,0.02,0,,,,56,0,0,0,0,0,0,0,0,0,0,7,0,0,7000,7000,28,45,250,34,44,64,47,56,44,0,39321,151,126,165,135,151,132,26222,39321
52.296,0,806,18,87,55,14.7,-1.0,-0.068,1,0,0,0,12.5,312,2.36,1,18,128,0,0,0,0,1,0,0,0,0,0,0,0,0,0,0,54.62,36,0.32,1,0,0,0,0,0,0,0,0,0,800,810,800,800,1090,1400,78,0.254,25.5,13.78,16.48,0,128,0,18,18,13.478,350.72,1,0.684,0.684,0.547,2.188,0.254,0.02,0,,,,47,0,0,0,0,0,0,0,0,0,0,7,0,0,7000,7000,28,45,250,47,44,64,47,56,52,0,39321,149,126,165,135,151,132,26222,39321
52.356,0,804,18,87,55,14.7,-1.0,-0.068,1,0,0,0,13,312,2.36,1,19,128,0,0,0,0,1,0,0,0,0,0,0,0,0,0,0,54.4,36,0.32,1,0,0,0,0,0,0,0,0,0,800,800,800,800,1090,1400,78,0.254,25.5,13.78,16.48,0,128,0,19,18,13.478,350.72,1,0.664,0.664,0.547,2.188,0.254,0.02,0,,,,27,0,0,0,0,0,0,0,0,0,0,7,0,0,7000,7000,28,45,250,47,49,59,27,56,52,0,39321,149,129,165,129,151,132,26222,39321
52.416,0,806,18,87,55,14.7,-1.0,-0.068,1,0,0,0,12.5,312,2.36,1,19,128,0,0,0,0,1,0,0,0,0,0,0,0,0,0,0,54.4,36,0.32,1,0,0,0,0,0,0,0,0,0,800,810,800,800,1090,1400,78,0.254,25.5,13.78,16.48,0,128,0,19,18,13.478,350.72,1,0.684,0.684,0.547,2.188,0.254,0.02,0,,,,44,0,0,0,0,0,0,0,0,0,0,7,0,0,7000,7000,28,45,250,47,49,59,27,52,44,0,39321,149,129,165,129,151,132,26222,39321
52.476,0,808,18,87,55,14.7,-1.0,-0.068,1,0,0,0,12.5,312,2.352,1,19,127.83,0,0,0,0,1,0,0,0,0,0,0,0,0,0,0,54.4,36,0.32,1,0,0,0,0,0,0,0,0,0,800,810,800,800,1090,1400,78,0.254,25.5,13.78,16.42,0,127.83,0,19,18,13.478,350.72,1,0.664,0.664,0.547,2.188,0.254,0.02,0,,,,69,0,0,0,0,0,0,0,0,0,0,7,0,0,7000,7000,28,45,250,54,35,69,27,52,44,0,39321,149,126,168,129,151,132,26222,39321
52.536,0,803,18,87,55,14.7,-1.0,-0.068,1,0,0,0,13,312,2.352,1,18,127.67,0,0,0,0,1,0,0,0,0,0,0,0,0,0,0,54.4,36,0.32,1,0,0,0,0,0,0,0,0,0,800,800,800,800,1090,1400,78,0.254,25.5,13.78,16.42,0,127.67,0,18,18,13.478,350.72,1,0.664,0.664,0.547,2.188,0.254,0.02,0,,,,61,0,0,0,0,0,0,0,0,0,0,7,0,0,7000,7000,28,45,250,54,35,69,34,61,44,0,39321,149,126,168,126,154,132,26222,39321
52.596,0,811,18,87,55,14.7,-1.0,-0.068,1,0,0,0,12.5,312,2.352,1,19,127.67,0,0,0,0,1,0,0,0,0,0,0,0,0,0,0,54.4,36,0.32,1,0,0,0,0,0,0,0,0,0,800,810,800,800,1090,1400,78,0.254,25.5,13.78,16.37,0,127.67,0,19,18,13.478,350.72,1,0.664,0.664,0.547,2.188,0.254,0.02,0,,,,57,0,0,0,0,0,0,0,0,0,0,7,0,0,7000,7000,28,45,250,57,35,69,34,61,44,0,39321,149,126,168,126,154,132,26222,39321
52.656,0,799,18,87,55,14.7,-1.0,-0.068,1,0,0,0,13,312,2.352,1,19,127.67,0,0,0,0,1,0,0,0,0,0,0,0,0,0,0,54.4,36,0.32,1,0,0,0,0,0,0,0,0,0,800,800,800,800,1090,1400,78,0.254,25.5,13.78,16.48,0,127.67,0,19,18,13.478,350.72,1,0.664,0.664,0.547,2.188,0.254,0.02,0,,,,42,0,0,0,0,0,0,0,0,0,0,7,0,0,7000,7000,28,45,250,57,40,59,42,61,44,0,39321,149,126,165,126,154,132,26222,39321
52.716,0,803,18,87,55,14.7,-1.0,-0.068,1,0,0,0,13,312,2.352,1,18,127.67,0,0,0,0,1,0,0,0,0,0,0,0,0,0,0,54.4,36,0.32,1,0,0,0,0,0,0,0,0,0,800,800,800,800,1090,1400,78,0.254,25.5,13.78,16.48,0,127.67,0,18,18,13.478,350.72,1,0.684,0.684,0.547,2.188,0.254,0.02,0,,,,49,0,0,0,0,0,0,0,0,0,0,7,0,0,7000,7000,28,45,250,57,40,59,42,51,49,0,39321,149,126,165,126,154,132,26222,39321
52.776,0,810,18,87,55,14.7,-1.0,-0.068,1,0,0,0,12.5,312,2.352,1,19,127.67,0,0,0,0,1,0,0,0,0,0,0,0,0,0,0,54.4,36,0.32,1,0,0,0,0,0,0,0,0,0,800,810,800,800,1090,1400,78,0.254,25.5,13.78,16.48,0,127.67,0,19,18,13.478,350.72,1,0.664,0.664,0.547,2.188,0.254,0.02,0,,,,68,0,0,0,0,0,0,0,0,0,0,7,0,0,7000,7000,28,45,250,42,45,68,42,51,49,0,39321,146,126,168,126,154,132,26222,39321
52.836,0,811,18,87,55,14.7,-1.0,-0.068,1,0,0,0,12.5,312,2.352,1,19,127.67,0,0,0,0,1,0,0,0,0,0,0,0,0,0,0,54.4,36,0.32,1,0,0,0,0,0,0,0,0,0,800,810,800,800,1090,1400,78,0.254,25.5,13.78,16.48,0,127.67,0,19,18,13.478,350.72,1,0.684,0.684,0.547,2.188,0.254,0.02,0,,,,68,0,0,0,0,0,0,0,0,0,0,7,0,0,7000,7000,28,45,250,42,45,68,34,68,49,0,39321,146,126,168,123,157,132,26222,39321
52.896,0,813,18,87,55,14.7,-1.0,-0.068,1,0,0,0,12.5,312,2.352,1,19,127.5,0,0,0,0,1,0,0,0,0,0,0,0,0,0,0,54.17,36,0.32,1,0,0,0,0,0,0,0,0,0,800,810,800,800,1090,1400,78,0.254,25.5,13.78,16.54,0,127.5,0,19,18,13.478,350.72,1,0.664,0.664,0.547,2.188,0.254,0.02,0,,,,57,0,0,0,0,0,0,0,0,0,0,7,0,0,7000,7000,28,45,250,57,45,68,34,68,52,0,39321,149,126,168,123,157,132,26222,39321
52.956,0,799,18,87,55,14.7,-1.0,-0.068,1,0,0,0,13,312,2.352,1,19,127.33,0,0,0,0,1,0,0,0,0,0,0,0,0,0,0,54.17,36,0.32,1,0,0,0,0,0,0,0,0,0,800,800,800,800,1090,1400,78,0.254,25.5,13.78,16.54,0,127.33,0,19,18,13.478,350.72,1,0.664,0.664,0.547,2.188,0.254,0.02,0,,,,40,0,0,0,0,0,0,0,0,0,0,7,0,0,7000,7000,28,45,250,57,39,52,40,68,52,0,39321,149,123,168,123,157,132,26222,39321
53.016,0,801,18,87,55,14.7,-1.0,-0.068,1,0,0,0,13,312,2.352,1,18,127.33,0,0,0,0,1,0,0,0,0,0,0,0,0,0,0,54.17,36,0.32,1,0,0,0,0,0,0,0,0,0,800,800,800,800,1090,1400,78,0.254,25.5,13.78,16.59,0,127.33,0,18,18,13.478,350.72,1,0.664,0.664,0.547,2.188,0.254,0.02,0,,,,45,0,0,0,0,0,0,0,0,0,0,7,0,0,7000,7000,28,45,250,57,39,52,40,59,45,0,39321,149,123,168,123,157,132,26222,39321
53.076,0,802,18,87,55,14.7,-1.0,-0.068,1,0,0,0,13,312,2.344,1,18,127.17,0,0,0,0,1,0,0,0,0,0,0,0,0,0,0,54.17,36,0.32,1,0,0,0,0,0,0,0,0,0,800,800,800,800,1090,1400,78,0.254,25.5,13.78,16.54,0,127.17,0,18,18,13.478,350.72,1,0.664,0.664,0.547,2.188,0.254,0.02,0,,,,68,0,0,0,0,0,0,0,0,0,0,7,0,0,7000,7000,28,45,250,74,42,68,40,59,45,0,39321,151,123,168,123,157,132,26222,39321
53.136,0,788,18,87,55,14.7,-1.0,-0.068,1,0,0,0,14,312,2.352,1,18,127.5,0,0,0,0,1,0,0,0,0,0,0,0,0,0,0,54.4,36,0.32,1,0,0,0,0,0,0,0,0,0,800,790,800,800,1090,1400,78,0.254,25.5,13.78,16.54,0,127.5,0,18,18,13.478,350.72,1,0.684,0.684,0.547,2.188,0.254,0.02,0,,,,45,0,0,0,0,0,0,0,0,0,0,7,0,0,7000,7000,28,45,250,74,42,68,34,45,45,0,39321,151,123,168,123,154,132,26222,39321
53.196,0,794,18,87,55,14.7,-1.0,-0.068,1,0,0,0,14,312,2.352,1,18,127.5,0,0,0,0,1,0,0,0,0,0,0,0,0,0,0,54.4,36,0.32,1,0,0,0,0,0,0,0,0,0,800,790,800,800,1090,1400,78,0.254,25.5,13.78,16.54,0,127.5,0,18,18,13.478,350.72,1,0.664,0.664,0.547,2.188,0.254,0.02,0,,,,52,0,0,0,0,0,0,0,0,0,0,7,0,0,7000,7000,28,45,250,52,42,68,34,45,37,0,39321,151,123,168,123,154,129,26222,39321
53.256,0,790,18,87,55,14.7,-1.0,-0.068,1,0,0,0,14,312,2.352,1,18,127.67,0,0,0,0,1,0,0,0,0,0,0,0,0,0,0,54.4,36,0.32,1,0,0,0,0,0,0,0,0,0,800,790,800,800,1090,1400,78,0.254,25.5,13.78,16.54,0,127.67,0,18,18,13.478,350.72,1,0.664,0.664,0.547,2.188,0.254,0.02,0,,,,49,0,0,0,0,0,0,0,0,0,0,7,0,0,7000,7000,28,45,250,52,32,47,49,45,37,0,39321,151,123,165,123,154,129,26222,39321
53.316,0,787,18,87,55,14.7,-1.0,-0.068,1,0,0,0,14,312,2.352,1,18,127.67,0,0,0,0,1,0,0,0,0,0,0,0,0,0,0,54.62,36,0.32,1,0,0,0,0,0,0,0,0,0,800,790,800,800,1090,1400,78,0.254,25.5,13.78,16.54,0,127.67,0,18,18,13.478,350.72,1,0.684,0.684,0.547,2.188,0.254,0.02,0,,,,44,0,0,0,0,0,0,0,0,0,0,7,0,0,7000,7000,28,45,250,52,32,47,49,61,44,0,39321,151,123,165,123,154,129,26222,39321
53.376,0,798,18,87,55,14.7,-1.0,-0.068,1,0,0,0,13,312,2.352,1,18,127.67,0,0,0,0,1,0,0,0,0,0,0,0,0,0,0,54.4,36,0.32,1,0,0,0,0,0,0,0,0,0,800,800,800,800,1090,1400,78,0.254,25.5,13.78,16.54,0,127.67,0,18,18,13.478,350.72,1,0.664,0.664,0.547,2.188,0.254,0.02,0,,,,51,0,0,0,0,0,0,0,0,0,0,7,0,0,7000,7000,28,45,250,42,42,51,49,61,44,0,39321,151,120,165,123,154,129,26222,39321
53.436,0,798,18,87,55,14.7,-1.0,-0.068,1,0,0,0,13,312,2.352,1,18,127.67,0,0,0,0,1,0,0,0,0,0,0,0,0,0,0,54.4,36,0.32,1,0,0,0,0,0,0,0,0,0,800,800,800,800,1090,1400,78,0.254,25.5,13.78,16.48,0,127.67,0,18,18,13.478,350.72,1,0.664,0.664,0.547,2.188,0.254,0.02,0,,,,57,0,0,0,0,0,0,0,0,0,0,7,0,0,7000,7000,28,45,250,42,42,51,37,57,44,0,39321,151,120,165,123,154,129,26222,39321
53.496,0,805,18,87,55,14.7,-1.0,-0.068,1,0,0,0,12.5,312,2.352,1,18,127.67,0,0,0,0,1,0,0,0,0,0,0,0,0,0,0,54.4,36,0.32,1,0,0,0,0,0,0,0,0,0,800,810,800,800,1090,1400,78,0.254,25.5,13.78,16.48,0,127.67,0,18,18,13.478,350.72,1,0.664,0.664,0.547,2.188,0.254,0.02,0,,,,39,0,0,0,0,0,0,0,0,0,0,7,0,0,7000,7000,28,45,250,39,42,51,37,57,47,0,39321,149,120,165,123,154,129,26222,39321
53.556,0,791,18,87,55,14.7,-1.0,-0.068,1,0,0,0,14,312,2.352,1,18,127.67,0,0,0,0,1,0,0,0,0,0,0,0,0,0,0,54.4,36,0.32,1,0,0,0,0,0,0,0,0,0,800,790,800,800,1090,1400,78,0.254,25.5,13.78,16.48,0,127.67,0,18,18,13.478,350.72,1,0.664,0.664,0.547,2.188,0.254,0.02,0,,,,32,0,0,0,0,0,0,0,0,0,0,7,0,0,7000,7000,28,45,250,39,45,47,32,57,47,0,39321,149,120,163,120,154,129,26222,39321
53.616,0,793,18,87,55,14.7,-1.0,-0.068,1,0,0,0,14,312,2.36,1,18,128,0,0,0,0,1,0,0,0,0,0,0,0,0,0,0,54.62,36,0.32,1,0,0,0,0,0,0,0,0,0,800,790,800,800,1090,1400,78,0.254,25.5,13.78,16.42,0,128,0,18,18,13.478,350.72,1,0.684,0.684,0.547,2.188,0.254,0.02,0,,,,40,0,0,0,0,0,0,0,0,0,0,7,0,0,7000,7000,28,45,250,39,45,47,32,51,40,0,39321,149,120,163,120,154,129,26222,39321
53.676,0,797,18,87,55,14.7,-1.0,-0.068,1,0,0,0,13,312,2.352,1,18,127.83,0,0,0,0,1,0,0,0,0,0,0,0,0,0,0,54.4,36,0.32,1,0,0,0,0,0,0,0,0,0,800,800,800,800,1090,1400,78,0.254,25.5,13.78,16.37,0,127.83,0,18,18,13.478,350.72,1,0.664,0.664,0.547,2.188,0.254,0.02,0,,,,45,0,0,0,0,0,0,0,0,0,0,7,0,0,7000,7000,28,45,250,47,49,45,32,51,40,0,39321,146,123,160,120,154,129,26222,39321
53.736,0,798,18,87,55,14.7,-1.0,-0.068,1,0,0,0,13,312,2.352,1,18,127.83,0,0,0,0,1,0,0,0,0,0,0,0,0,0,0,54.4,36,0.32,1,0,0,0,0,0,0,0,0,0,800,800,800,800,1090,1400,78,0.254,25.5,13.78,16.37,0,127.83,0,18,18,13.478,350.72,1,0.664,0.664,0.547,2.188,0.254,0.02,0,,,,62,0,0,0,0,0,0,0,0,0,0,7,0,0,7000,7000,28,45,250,47,49,45,49,62,40,0,39321,146,123,160,120,157,129,26222,39321
53.796,0,814,18,87,55,14.7,-1.0,-0.068,1,0,0,0,12.5,312,2.352,1,18,127.67,0,0,0,0,1,0,0,0,0,0,0,0,0,0,0,54.4,36,0.32,1,0,0,0,0,0,0,0,0,0,800,810,800,800,1090,1400,78,0.254,25.5,13.78,16.37,0,127.67,0,18,18,13.478,350.72,1,0.664,0.664,0.547,2.188,0.254,0.02,0,,,,42,0,0,0,0,0,0,0,0,0,0,7,0,0,7000,7000,28,45,250,42,49,45,49,62,51,0,39321,143,123,160,120,157,129,26222,39321
53.856,0,804,18,87,55,14.7,-1.0,-0.068,1,0,0,0,13,312,2.352,1,19,127.67,0,0,0,0,1,0,0,0,0,0,0,0,0,0,0,54.4,36,0.32,1,0,0,0,0,0,0,0,0,0,800,800,800,800,1090,1400,78,0.254,25.5,13.78,16.37,0,127.67,0,19,18,13.478,350.72,1,0.664,0.664,0.547,2.188,0.254,0.02,0,,,,39,0,0,0,0,0,0,0,0,0,0,7,0,0,7000,7000,28,45,250,42,35,66,39,62,51,0,39321,143,123,160,120,157,129,26222,39321
53.916,0,804,18,87,55,14.7,-1.0,-0.068,1,0,0,0,13,312,2.352,1,18,127.67,0,0,0,0,1,0,0,0,0,0,0,0,0,0,0,54.4,36,0.32,1,0,0,0,0,0,0,0,0,0,800,800,800,800,1090,1400,78,0.254,25.5,13.78,16.42,0,127.67,0,18,18,13.478,350.72,1,0.664,0.664,0.547,2.188,0.254,0.02,0,,,,51,0,0,0,0,0,0,0,0,0,0,7,0,0,7000,7000,28,45,250,42,35,66,39,56,51,0,39321,143,123,160,120,157,132,26222,39321
53.976,0,809,18,87,55,14.7,-1.0,-0.068,1,0,0,0,12.5,312,2.352,1,19,127.67,0,0,0,0,1,0,0,0,0,0,0,0,0,0,0,54.4,36,0.32,1,0,0,0,0,0,0,0,0,0,800,810,800,800,1090,1400,78,0.254,25.5,13.78,16.42,0,127.67,0,19,18,13.478,350.72,1,0.664,0.664,0.547,2.188,0.254,0.02,0,,,,61,0,0,0,0,0,0,0,0,0,0,7,0,0,7000,7000,28,45,250,47,44,61,39,56,51,0,39321,140,123,163,120,157,132,26222,39321
54.036,0,806,18,87,55,14.7,-1.0,-0.068,1,0,0,0,12.5,312,2.352,1,19,127.67,0,0,0,0,1,0,0,0,0,0,0,0,0,0,0,54.4,36,0.32,1,0,0,0,0,0,0,0,0,0,800,810,800,800,1090,1400,78,0.254,25.5,13.78,16.48,0,127.67,0,19,18,13.478,350.72,1,0.684,0.684,0.547,2.188,0.254,0.02,0,,,,64,0,0,0,0,0,0,0,0,0,0,7,0,0,7000,7000,28,45,250,47,44,61,45,64,51,0,39321,140,123,163,120,157,132,26222,39321
54.096,0,816,18,87,55,14.7,-1.0,-0.068,1,0,0,0,12,312,2.352,1,19,127.67,0,0,0,0,1,0,0,0,0,0,0,0,0,0,0,54.17,36,0.32,1,0,0,0,0,0,0,0,0,0,800,820,800,800,1090,1400,78,0.254,25.5,13.78,16.48,0,127.67,0,19,18,13.478,350.72,1,0.664,0.664,0.547,2.188,0.254,0.02,0,,,,47,0,0,0,0,0,0,0,0,0,0,7,0,0,7000,7000,28,45,250,42,47,61,45,64,42,0,39321,137,126,163,120,157,132,26222,39321
54.156,0,805,18,87,55,14.7,-1.0,-0.068,1,0,0,0,12.5,312,2.352,1,19,127.33,0,0,0,0,1,0,0,0,0,0,0,0,0,0,0,54.17,36,0.32,1,0,0,0,0,0,0,0,0,0,800,810,800,800,1090,1400,78,0.254,25.5,13.78,16.54,0,127.33,0,19,18,13.478,350.72,1,0.664,0.664,0.547,2.188,0.254,0.02,0,,,,37,0,0,0,0,0,0,0,0,0,0,7,0,0,7000,7000,28,45,250,42,47,57,37,64,42,0,39321,137,126,160,120,157,132,26222,39321
54.216,0,804,18,87,55,14.7,-1.0,-0.068,1,0,0,0,13,312,2.352,1,18,127.33,0,0,0,0,1,0,0,0,0,0,0,0,0,0,0,54.17,36,0.32,1,0,0,0,0,0,0,0,0,0,800,800,800,800,1090,1400,78,0.254,25.5,13.78,16.54,0,127.33,0,18,18,13.478,350.72,1,0.684,0.684,0.547,2.188,0.254,0.02,0,,,,49,0,0,0,0,0,0,0,0,0,0,7,0,0,7000,7000,28,45,250,42,47,57,37,59,49,0,39321,137,126,160,120,157,132,26222,39321
54.276,0,806,18,87,55,14.7,-1.0,-0.068,1,0,0,0,12.5,312,2.344,1,18,127.17,0,0,0,0,1,0,0,0,0,0,0,0,0,0,0,54.17,36,0.32,1,0,0,0,0,0,0,0,0,0,800,810,800,800,1090,1400,78,0.254,25.5,13.78,16.54,0,127.17,0,18,18,13.478,350.72,1,0.664,0.664,0.547,2.188,0.254,0.02,0,,,,62,0,0,0,0,0,0,0,0,0,0,7,0,0,7000,7000,28,45,250,35,32,62,37,59,49,0,39321,137,123,160,120,157,132,26222,39321
54.336,0,802,18,87,55,14.7,-1.0,-0.068,1,0,0,0,13,312,2.344,1,18,127.17,0,0,0,0,1,0,0,0,0,0,0,0,0,0,0,54.17,36,0.32,1,0,0,0,0,0,0,0,0,0,800,800,800,800,1090,1400,78,0.254,25.5,13.78,16.54,0,127.17,0,18,18,13.478,350.72,1,0.664,0.664,0.547,2.188,0.254,0.02,0,,,,52,0,0,0,0,0,0,0,0,0,0,7,0,0,7000,7000,28,45,250,35,32,62,56,52,49,0,39321,137,123,160,123,157,132,26222,39321
54.396,0,808,18,87,55,14.7,-1.0,-0.068,1,0,0,0,12.5,312,2.344,1,18,127.17,0,0,0,0,1,0,0,0,0,0,0,0,0,0,0,54.17,36,0.32,1,0,0,0,0,0,0,0,0,0,800,810,800,800,1090,1400,78,0.254,25.5,13.78,16.54,0,127.17,0,18,18,13.478,350.72,1,0.664,0.664,0.547,2.188,0.254,0.02,0,,,,35,0,0,0,0,0,0,0,0,0,0,7,0,0,7000,7000,28,45,250,49,35,62,56,52,44,0,39321,137,123,160,123,157,129,26222,39321
54.456,0,797,18,87,55,14.7,-1.0,-0.068,1,0,0,0,13,312,2.352,1,18,127.33,0,0,0,0,1,0,0,0,0,0,0,0,0,0,0,54.4,36,0.32,1,0,0,0,0,0,0,0,0,0,800,800,800,800,1090,1400,78,0.254,25.5,13.78,16.54,0,127.33,0,18,18,13.478,350.72,1,0.664,0.664,0.547,2.188,0.254,0.02,0,,,,68,0,0,0,0,0,0,0,0,0,0,7,0,0,7000,7000,28,45,250,49,35,57,68,52,44,0,39321,137,123,160,126,157,129,26222,39321
54.516,1,796,18,87,55,14.7,-1.0,-0.068,1,0,0,0,13,312,2.352,1,18,127.5,0,0,0,0,1,0,0,0,0,0,0,0,0,0,0,54.4,36,0.32,1,0,0,0,0,0,0,0,0,0,800,800,800,800,1090,1400,78,0.254,25.5,13.78,16.54,0,127.5,0,18,18,13.478,350.72,1,0.664,0.664,0.547,2.188,0.313,0.02,0,,,,47,0,0,0,0,0,0,0,0,0,0,7,0,0,7000,7000,28,45,250,49,35,57,68,56,47,0,39321,137,123,160,126,157,129,26222,39321
54.576,10,796,18,87,55,14.18,-1.0,-0.071,1,0.965,0,0,14.5,312,3.504,2,26,182.5,0,0,0,0,0,0,0,0,0,0,0,0,0,0,0,57.99,39,0.492,1,0,0,0,0,0,0,0,0,0,800,800,800,800,1090,1400,78,0.27,24,14.24,16.48,0,182.5,0,26,18,13.478,348.16,1,0.82,0.82,0.547,2.188,0.664,0.02,0,,,,47,0,0,0,0,0,0,0,0,0,0,7,0,0,7000,7000,28,45,250,54,52,47,68,56,47,0,39321,140,123,160,126,157,129,26222,39321
54.636,29,790,18,87,55,14.13,-1.0,-0.071,1,0.238,0,1.383,6.5,312,5.344,3,42,296,0,0,0,0,0,0,0,0,0,0,0,0,0,0,0,72.38,55,0.641,1,0,0,0,0,0,0,0,0,0,800,790,800,800,1090,1400,78,0.273,16,14.18,16.48,0,296,0,42,18,13.478,332.8,1,1.426,1.426,0.547,2.188,1.348,0.02,0,,,,41,0,0,0,0,0,0,0,0,0,0,7,0,0,7000,7000,25,45,250,54,52,47,52,41,47,0,39321,140,123,160,126,154,129,26222,39321
54.696,35,834,18,87,55,13.49,-1.0,-0.074,1,0.063,0,3.063,-4,306,8.192,5,66,440.33,0,0,0,0,0,0,1,0,0,0,0,0,0,0,0,102.28,86,0.664,1,0,0,0,0,0,0,0,0,0,840,830,800,800,1090,1400,78,0.277,5.5,13.55,16.42,0,440.33,0,66,18,13.478,304.64,1,1.758,1.758,0.547,2.188,1.582,0.02,0,,,,22,0,0,0,0,0,0,0,0,0,0,7,0,0,7000,7000,19,45,250,45,22,47,52,41,26,0,39321,140,118,160,126,154,126,26222,39321
54.756,32,933,18,87,55,13.44,-1.0,-0.074,1,0.023,0,2.645,-4,306,8.144,6,75,446.83,0,0,0,0,0,0,1,0,1,0,0,0,0,0,0,104.3,88,0.656,1,0,0,0,0,0,0,0,0,0,920,930,800,800,1090,1400,78,0.281,6.5,13.49,16.37,0,446.83,0,75,18,13.478,302.08,1,1.738,1.738,0.547,2.188,1.484,0.02,0,,,,44,0,0,0,0,0,0,0,0,0,0,7,0,0,7000,7000,19,45,250,45,22,27,32,44,26,0,39321,140,118,154,123,154,126,26222,39321
54.816,12,1062,18,87,55,13.49,-1.0,-0.074,1,0.008,0,1.938,-2.5,312,6.952,6,74,386.83,0,0,0,0,0,0,0,0,1,0,0,0,0,0,0,100.93,85,0.586,1,0,0,0,0,0,0,0,0,0,1080,1060,800,800,1090,1400,77,0.285,12.5,13.55,16.37,0,386.83,0,74,18,13.478,304.64,1,1.621,1.621,0.547,2.188,0.742,0.02,0,,,,27,0,0,0,0,0,0,0,0,0,0,7,0,0,7000,7000,19,45,250,40,27,27,32,44,27,0,39321,137,115,154,123,154,123,26222,39321
54.876,0,1295,18,87,55,13.78,-1.0,-0.073,1,0,0,1.277,13.5,312,4.072,4,43,197.83,0,0,0,0,1,0,0,0,0,0,0,0,0,0,0,86.54,70,0.281,1,0,0,0,0,0,0,0,0,0,1280,1300,800,1220,1090,1400,77,0.258,21.5,13.84,16.77,0,197.83,0,43,17,13.478,320,1,1.309,1.309,0.547,2.188,0.254,0.02,0,,,,43,0,0,0,0,0,0,0,0,0,0,6,0,0,7000,7000,22,45,250,40,27,70,73,79,43,0,39321,137,115,157,129,157,123,26222,39321
54.936,0,1534,17,87,55,14.13,-1.0,-0.071,1,0,0,0.844,15,306,2.928,3,35,131.83,0,0,0,0,0,0,0,0,0,0,0,0,0,0,1,73.28,56,0.25,1,0,0,0,0,0,0,0,0,0,1520,1530,800,1220,1090,1400,77,0.258,30,14.3,16.19,0,131.83,0,35,18,13.478,332.8,1,1.035,1.035,0.547,2.188,0.254,0.02,0,,,,76,0,0,0,0,0,0,0,0,0,0,6,0,0,7000,7000,25,45,250,111,72,100,76,79,43,0,39321,149,120,165,135,157,123,26222,39321
54.996,0,1661,18,87,55,14.36,-1.0,-0.07,1,0,0,0.496,16.5,306,2.512,3,35,116.17,0,0,0,0,0,0,0,0,0,0,0,0,0,0,1,62.94,45,0.25,1,0,0,0,0,0,0,0,0,0,1680,1660,800,1220,1090,1400,77,0.262,36.5,14.41,16.19,0,116.17,0,35,18,13.478,343.04,1,0.82,0.82,0.547,2.188,0.254,0.02,0,,,,124,0,0,0,0,0,0,0,0,0,0,6,0,0,7000,7000,27,45,250,80,70,124,76,108,78,0,39321,154,123,180,135,165,129,26222,39321
55.056,0,1731,18,87,55,14.41,-1.0,-0.069,1,0,0,0.289,18,306,2.256,3,33,105.83,0,0,0,0,0,0,0,0,0,0,0,0,0,0,1,56.65,38,0.25,1,0,0,0,0,0,0,0,0,0,1720,1730,800,1220,1090,1400,77,0.262,39,14.47,14.81,0,105.83,0,33,18,13.478,348.16,1,0.664,0.664,0.547,2.188,0.254,0.02,0,,,,90,0,0,0,0,0,0,0,0,0,0,6,0,0,7000,7000,28,45,250,68,90,124,78,56,62,0,39321,157,132,180,137,165,132,26222,39321
55.116,0,1750,18,87,55,14.47,-1.0,-0.069,1,0,0,0.164,19.5,306,2.088,3,31,98.17,0,0,0,0,0,0,0,0,0,0,0,0,0,0,1,51.92,33,0.25,1,0,0,0,0,0,0,0,0,0,1760,1750,800,1220,1090,1400,77,0.262,41,14.53,14.24,0,97.17,0,31,18,13.478,353.28,1,0.625,0.625,0.547,2.188,0.254,0.02,0,,,,90,0,0,0,0,0,0,0,0,0,0,6,0,0,7000,7000,29,45,250,90,90,118,114,72,52,0,39321,165,132,188,149,168,132,26222,39321
55.176,0,1738,18,87,55,14.47,-1.0,-0.069,1,0,0,0.078,19.5,306,1.96,2,29,92.33,0,0,0,0,0,0,0,0,0,0,0,0,0,0,1,48.33,29,0.25,1,0,0,0,0,0,0,0,0,0,1720,1740,800,1220,1090,1400,77,0.262,41,14.53,13.95,0,92.33,0,29,18,13.478,358.4,1,0.547,0.547,0.547,2.188,0.254,0.02,0,,,,104,0,0,0,0,0,0,0,0,0,0,6,0,0,7000,7000,30,45,250,104,114,116,106,60,44,0,39321,174,143,196,157,168,132,26222,39321
55.236,0,1708,18,87,55,14.47,-1.0,-0.069,1,0,0,0.039,19.5,306,1.904,2,28,89.67,0,0,0,0,0,0,0,0,0,0,0,0,0,0,1,46.75,28,0.25,1,0,0,0,0,0,0,0,0,0,1720,1710,800,1220,1090,1400,77,0.262,41.5,14.53,14.07,0,89.67,0,28,18,13.478,358.4,1,0.488,0.488,0.547,2.188,0.254,0.02,0,,,,46,0,0,0,0,0,0,0,0,0,0,6,0,0,7000,7000,30,45,250,104,52,98,140,64,46,0,39321,174,143,202,171,168,132,26222,39321
55.296,0,1667,19,87,55,14.47,-1.0,-0.069,1,0,0,0.02,18.5,306,1.888,2,27,89.17,0,0,0,0,0,0,0,0,0,0,0,0,0,0,1,45.41,26,0.25,1,0,0,0,0,0,0,0,0,0,1680,1670,800,1220,1090,1400,77,0.262,41,14.53,14.3,0,89.17,0,27,19,13.478,360.96,1,0.469,0.469,0.547,2.188,0.254,0.02,0,,,,54,0,0,0,0,0,0,0,0,0,0,6,0,0,7000,7000,30,45,250,80,98,86,96,54,46,0,39321,177,151,205,177,168,132,26222,39321
55.356,0,1633,19,87,55,14.41,-1.0,-0.069,1,0,0,0,18.5,306,1.872,2,26,88.83,0,0,0,0,0,0,0,0,0,0,0,0,0,0,1,45.18,26,0.25,1,0,0,0,0,0,0,0,0,0,1640,1630,800,1220,1090,1400,77,0.262,40.5,14.47,14.53,0,88.83,0,26,19,13.478,360.96,1,0.469,0.469,0.547,2.188,0.254,0.02,0,,,,74,0,0,0,0,0,0,0,0,0,0,6,0,0,7000,7000,30,45,250,76,94,98,74,54,40,0,39321,180,160,208,180,168,129,26222,39321
55.416,0,1569,19,87,55,14.41,-1.0,-0.069,1,0,0,0,18.5,306,1.872,2,25,88.83,0,0,0,0,0,0,0,0,0,0,0,0,0,0,1,45.18,26,0.25,1,0,0,0,0,0,0,0,0,0,1560,1570,800,1220,1090,1400,77,0.262,39,14.47,14.7,0,88.83,0,25,19,13.478,360.96,1,0.469,0.469,0.547,2.188,0.254,0.02,0,,,,60,0,0,0,0,0,0,0,0,0,0,6,0,0,7000,7000,30,45,250,64,60,98,74,62,36,0,39321,180,163,208,180,168,126,26222,39321
55.476,0,1516,19,87,55,14.36,-1.0,-0.07,1,0,0,0,18.5,306,1.872,2,24,88.83,0,0,0,0,0,0,0,0,0,0,0,0,0,0,1,45.18,26,0.25,1,0,0,0,0,0,0,0,0,0,1520,1520,800,1220,1090,1400,77,0.258,38.5,14.41,14.7,0,88.83,0,24,19,13.478,360.96,1,0.469,0.469,0.547,2.188,0.254,0.02,0,,,,58,0,0,0,0,0,0,0,0,0,0,6,0,0,7000,7000,30,45,250,58,60,66,102,62,46,0,39321,177,163,205,185,171,126,26222,39321
55.536,0,1462,19,87,55,14.36,-1.0,-0.07,1,0,0,0,17.5,306,1.864,2,23,88.83,0,0,0,0,0,0,0,0,0,0,0,0,0,0,1,45.18,26,0.25,1,0,0,0,0,0,0,0,0,0,1480,1460,800,1220,1090,1400,77,0.258,38,14.41,14.87,0,88.83,0,23,19,13.478,360.96,1,0.488,0.488,0.547,2.188,0.254,0.02,0,,,,94,0,0,0,0,0,0,0,0,0,0,6,0,0,7000,7000,30,45,250,58,64,60,112,94,46,0,39321,177,165,202,194,177,126,26222,39321
55.596,0,1425,19,87,55,14.36,-1.0,-0.07,1,0,0,0,17.5,306,1.864,2,23,88.83,0,0,0,0,0,0,0,0,0,0,0,0,0,0,1,45.18,26,0.25,1,0,0,0,0,0,0,0,0,0,1440,1430,800,1220,1090,1400,77,0.258,38,14.41,15.04,0,88.83,0,23,19,13.478,360.96,1,0.469,0.469,0.547,2.188,0.254,0.02,0,,,,86,0,0,0,0,0,0,0,0,0,0,6,0,0,7000,7000,30,45,250,146,50,64,86,94,72,0,39321,194,163,202,196,177,129,26222,39321
55.656,0,1371,19,87,55,14.3,-1.0,-0.07,1,0,0,0,17.5,306,1.904,2,23,91.5,0,0,0,0,0,0,0,0,0,0,0,0,0,0,1,45.41,26,0.258,1,0,0,0,0,0,0,0,0,0,1360,1370,800,1220,1090,1400,77,0.258,36.5,14.36,15.04,0,91.5,0,23,19,13.478,360.96,1,0.469,0.469,0.547,2.188,0.254,0.02,0,,,,112,0,0,0,0,0,0,0,0,0,0,6,0,0,7000,7000,30,45,250,108,112,64,86,52,48,0,39321,202,171,202,196,174,129,26222,39321
55.716,0,1310,19,87,55,14.3,-1.0,-0.07,1,0,0,0,17.5,312,1.936,2,22,94.5,0,0,0,0,0,0,0,0,0,0,0,0,0,0,1,45.86,27,0.266,1,0,0,0,0,0,0,0,0,0,1320,1310,800,1220,1090,1400,77,0.258,36,14.36,15.22,0,94.5,0,22,19,13.478,360.96,1,0.469,0.469,0.547,2.188,0.254,0.02,0,,,,35,0,0,0,0,0,0,0,0,0,0,6,0,0,7000,7000,30,45,250,108,112,54,88,69,35,0,39321,202,171,199,199,174,129,26222,39321
55.776,0,1285,19,87,55,14.24,-1.0,-0.07,1,0,0,0,16.5,312,1.96,2,22,96.83,0,0,0,0,0,0,0,0,0,0,0,0,0,0,1,45.86,27,0.273,1,0,0,0,0,0,0,0,0,0,1280,1290,800,1220,1090,1400,77,0.258,35.5,14.3,15.33,0,96.83,0,22,19,13.478,360.96,1,0.488,0.488,0.547,2.188,0.254,0.02,0,,,,71,0,0,0,0,0,0,0,0,0,0,6,0,0,7000,7000,30,45,250,101,43,71,71,69,35,0,39321,205,168,199,199,174,129,26222,39321
55.836,0,1230,19,87,55,14.24,-1.0,-0.07,1,0,0,0,16.5,312,2,2,22,99.17,0,0,0,0,0,0,0,0,0,0,0,0,0,0,1,46.08,27,0.281,1,0,0,0,0,0,0,0,0,0,1240,1230,800,1220,1090,1400,77,0.258,35,14.3,15.39,0,99.17,0,22,19,13.478,358.4,1,0.488,0.488,0.547,2.188,0.254,0.02,0,,,,69,0,0,0,0,0,0,0,0,0,0,7,0,0,7000,7000,30,45,250,69,43,71,71,85,49,0,39321,205,168,199,199,180,129,26222,39321
55.896,0,1191,19,87,55,14.24,-1.0,-0.07,1,0,0,0,16.5,312,2.032,2,22,102.33,0,0,0,0,0,0,0,0,0,0,0,0,0,0,1,46.3,27,0.289,1,0,0,0,0,0,0,0,0,0,1200,1190,800,1220,1090,1400,77,0.258,34.5,14.3,15.33,0,102.33,0,22,19,13.478,358.4,1,0.488,0.488,0.547,2.188,0.254,0.02,0,,,,67,0,0,0,0,0,0,0,0,0,0,7,0,0,7000,7000,30,45,250,69,63,77,91,67,49,0,39321,205,168,199,205,180,129,26222,39321
55.956,0,1152,19,87,55,14.24,-1.0,-0.07,1,0,0,0,16.5,312,2.064,2,22,105,0,0,0,0,0,0,0,0,0,0,0,0,0,0,1,46.53,27,0.297,1,0,0,0,0,0,0,0,0,0,1160,1150,800,1220,1090,1400,77,0.258,33,14.3,15.5,0,105,0,22,19,13.478,358.4,1,0.508,0.508,0.547,2.188,0.254,0.02,0,,,,55,0,0,0,0,0,0,0,0,0,0,7,0,0,7000,7000,30,45,250,59,55,77,91,67,41,0,39321,205,165,199,205,180,126,26222,39321
56.016,0,1115,19,87,55,14.24,-1.0,-0.07,1,0,0,0,16,312,2.136,1,22,110.17,0,0,0,0,0,0,0,0,0,0,0,0,0,0,1,46.98,28,0.313,1,0,0,0,0,0,0,0,0,0,1120,1120,800,1220,1090,1400,77,0.258,32,14.3,15.68,0,110.17,0,22,19,13.478,358.4,1,0.508,0.508,0.547,2.188,0.254,0.02,0,,,,41,0,0,0,0,0,0,0,0,0,0,7,0,0,7000,7000,30,45,250,59,55,83,73,75,41,0,39321,205,165,202,205,182,123,26222,39321
56.076,0,1092,19,87,55,14.24,-1.0,-0.07,1,0,0,0,16,312,2.144,1,22,111.17,0,0,0,0,0,0,0,1,0,0,0,0,0,0,2,47.2,28,0.313,1,0,0,0,0,0,0,0,0,0,1080,1090,800,1220,1090,1400,77,0.258,30.5,14.3,15.85,0,111.17,0,22,19,13.478,358.4,1,0.508,0.508,0.547,2.188,0.254,0.02,0,,,,81,0,0,0,0,0,0,0,0,0,0,7,0,0,7000,7000,30,45,250,65,49,81,73,75,41,0,39321,205,163,205,205,182,123,26222,39321
56.136,0,1069,19,87,55,14.53,-1.0,-0.069,1,0,0,0,15.5,312,2.208,1,22,112,0,0,0,0,1,0,0,0,0,0,0,0,0,0,0,47.88,29,0.313,1,0,0,0,0,0,0,0,0,0,1080,1070,800,1060,1090,1400,77,0.258,30,14.3,15.85,0,112,0,22,19,13.478,358.4,1,0.527,0.527,0.547,2.188,0.254,0.02,0,,,,63,0,0,0,0,0,0,0,0,0,0,7,0,0,7000,7000,30,45,250,65,49,81,75,91,63,0,39321,205,163,205,205,188,126,26222,39321
56.196,0,1046,19,87,55,14.7,-1.0,-0.068,1,0,0,0,14,312,2.104,1,21,111.33,0,0,0,0,1,0,0,0,0,0,0,0,0,0,0,48.1,29,0.297,1,0,0,0,0,0,0,0,0,0,1040,1050,800,1030,1090,1400,77,0.258,29,14.3,15.79,0,111.33,0,21,19,13.478,358.4,1,0.527,0.527,0.547,2.188,0.254,0.02,0,,,,101,0,0,0,0,0,0,0,0,0,0,7,0,0,7000,7000,30,45,250,51,41,101,75,91,63,0,39321,199,160,210,205,188,126,26222,39321
56.257,0,1022,19,87,55,14.7,-1.0,-0.068,1,0,0,0,14,312,2.088,1,20,110,0,0,0,0,1,0,0,0,0,0,0,0,0,0,0,48.78,30,0.297,1,0,0,0,0,0,0,0,0,0,1040,1020,800,1000,1090,1400,77,0.258,29,14.3,15.85,0,110,0,20,19,13.478,355.84,1,0.547,0.547,0.547,2.188,0.254,0.02,0,,,,55,0,0,0,0,0,0,0,0,0,0,7,0,0,7000,7000,29,45,250,51,41,101,57,71,55,0,39321,199,160,210,202,188,129,26222,39321
56.317,0,999,19,87,55,14.7,-1.0,-0.068,1,0,0,0,13.5,312,2.072,1,20,108.83,0,0,0,0,1,0,0,0,0,0,0,0,0,0,0,49.23,30,0.289,1,0,0,0,0,0,0,0,0,0,1000,1000,800,970,1090,1400,77,0.258,28,14.3,15.62,0,108.83,0,20,18,13.478,355.84,1,0.566,0.566,0.547,2.188,0.254,0.02,0,,,,89,0,0,0,0,0,0,0,0,0,0,7,0,0,7000,7000,29,45,250,109,38,89,57,71,55,0,39321,205,157,213,202,188,129,26222,39321
56.377,0,964,18,87,55,14.7,-1.0,-0.068,1,0,0,0,14,312,2.088,1,19,109.83,0,0,0,0,1,0,0,0,0,0,0,0,0,0,0,49.68,31,0.305,1,0,0,0,0,0,0,0,0,0,960,960,800,940,1090,1400,77,0.254,27.5,14.3,15.62,0,109.83,0,19,18,13.478,355.84,1,0.566,0.566,0.547,2.188,0.254,0.02,0,,,,38,0,0,0,0,0,0,0,0,0,0,7,0,0,7000,7000,29,45,250,109,38,89,58,72,38,0,39321,205,157,213,199,188,129,26222,39321
56.437,0,948,17,87,55,14.7,-1.0,-0.068,1,0,0,0,13,312,2.104,1,19,110.67,0,0,0,0,1,0,0,0,0,0,0,0,0,0,0,49.9,31,0.305,1,0,0,0,0,0,0,0,0,0,960,950,800,910,1090,1400,77,0.254,27.5,14.3,15.39,0,110.67,0,19,17,13.478,355.84,1,0.586,0.586,0.547,2.188,0.254,0.02,0,,,,74,0,0,0,0,0,0,0,0,0,0,7,0,0,7000,7000,29,45,250,87,39,74,58,72,38,0,39321,208,154,213,199,188,129,26222,39321
56.497,0,921,17,87,55,14.7,-1.0,-0.068,1,0,0,0,12,312,2.136,1,19,113,0,0,0,0,1,0,0,0,0,0,0,0,0,0,0,49.9,31,0.32,1,0,0,0,0,0,0,0,0,0,920,920,800,880,1090,1400,77,0.254,27.5,14.3,15.27,0,113,0,19,17,13.478,355.84,1,0.566,0.566,0.547,2.188,0.254,0.02,0,,,,45,0,0,0,0,0,0,0,0,0,0,7,0,0,7000,7000,29,45,250,87,39,74,43,72,45,0,39321,208,154,213,194,188,129,26222,39321
56.557,0,884,17,87,55,14.7,-1.0,-0.068,1,0,0,0,12.5,312,2.16,1,18,114.83,0,0,0,0,1,0,0,0,0,0,0,0,0,0,0,50.13,31,0.32,1,0,0,0,0,0,0,0,0,0,880,880,800,850,1090,1400,77,0.254,27.5,14.3,15.27,0,114.83,0,18,17,13.478,355.84,1,0.586,0.586,0.547,2.188,0.254,0.02,0,,,,77,0,0,0,0,0,0,0,0,0,0,7,0,0,7000,7000,29,45,250,77,50,77,43,72,45,0,39321,208,154,213,194,188,129,26222,39321
56.617,0,871,17,87,55,14.7,-1.0,-0.068,1,0,0,0,11.5,312,2.2,1,18,116.67,0,0,0,0,1,0,0,0,0,0,0,0,0,0,0,50.35,31,0.328,1,0,0,0,0,0,0,0,0,0,880,870,800,820,1090,1400,77,0.254,27.5,14.3,15.22,0,116.67,0,18,17,13.478,355.84,1,0.605,0.605,0.547,2.188,0.254,0.02,0,,,,45,0,0,0,0,0,0,0,0,0,0,7,0,0,7000,7000,29,45,250,77,50,77,45,45,45,0,39321,208,154,213,191,182,129,26222,39321
56.677,0,861,16,87,55,14.7,-1.0,-0.068,1,0,0,0,11,312,2.208,1,18,117.67,0,0,0,0,1,0,0,0,0,0,0,0,0,0,0,50.58,32,0.328,1,0,0,0,0,0,0,0,0,0,880,860,800,800,1090,1400,77,0.254,27.5,14.3,15.16,0,117.67,0,18,16,13.478,355.84,1,0.586,0.586,0.547,2.188,0.254,0.02,0,,,,36,0,0,0,0,0,0,0,0,0,0,7,0,0,7000,7000,29,45,250,86,36,77,45,45,39,0,39321,210,149,213,191,182,129,26222,39321
56.737,0,841,16,87,55,14.7,-1.0,-0.068,1,0,0,0,11,312,2.208,1,18,117.33,0,0,0,0,1,0,0,0,0,0,0,0,0,0,0,50.8,32,0.32,1,0,0,0,0,0,0,0,0,0,840,840,800,800,1090,1400,77,0.254,27.5,14.3,15.16,0,117.33,0,18,16,13.478,355.84,1,0.605,0.605,0.547,2.188,0.254,0.02,0,,,,44,0,0,0,0,0,0,0,0,0,0,7,0,0,7000,7000,29,45,250,86,36,75,44,45,39,0,39321,210,149,213,188,182,129,26222,39321
56.797,0,837,16,87,55,14.7,-1.0,-0.068,1,0,0,0,11,312,2.2,1,18,116.5,0,0,0,0,1,0,0,0,0,0,0,0,0,0,0,50.8,32,0.32,1,0,0,0,0,0,0,0,0,0,840,840,800,800,1090,1400,77,0.254,27.5,14.3,15.16,0,116.5,0,18,16,13.478,355.84,1,0.605,0.605,0.547,2.188,0.254,0.02,0,,,,61,0,0,0,0,0,0,0,0,0,0,7,0,0,7000,7000,29,45,250,61,36,75,44,64,37,0,39321,208,149,213,188,182,126,26222,39321
56.857,0,821,17,87,55,14.7,-1.0,-0.068,1,0,0,0,12,312,2.2,1,17,116.83,0,0,0,0,1,0,0,0,0,0,0,0,0,0,0,51.03,32,0.32,1,0,0,0,0,0,0,0,0,0,840,820,800,800,1090,1400,77,0.254,27.5,14.3,15.16,0,116.83,0,17,17,13.478,355.84,1,0.605,0.605,0.547,2.188,0.254,0.02,0,,,,66,0,0,0,0,0,0,0,0,0,0,7,0,0,7000,7000,29,45,250,61,45,66,44,64,37,0,39321,208,149,210,188,182,126,26222,39321
56.917,0,800,17,87,55,14.7,-1.0,-0.068,1,0,0,0,13,312,2.232,1,17,118,0,0,0,0,1,0,0,0,0,0,0,0,0,0,0,51.48,33,0.32,1,0,0,0,0,0,0,0,0,0,800,800,800,800,1090,1400,77,0.254,27,14.3,15.1,0,118,0,17,17,13.478,353.28,1,0.605,0.605,0.547,2.188,0.254,0.02,0,,,,49,0,0,0,0,0,0,0,0,0,0,7,0,0,7000,7000,29,45,250,61,45,66,34,49,49,0,39321,208,149,210,182,180,126,26222,39321
56.977,0,795,17,87,55,14.7,-1.0,-0.068,1,0,0,0,13,312,2.24,1,17,118.83,0,0,0,0,1,0,0,0,0,0,0,0,0,0,0,51.92,33,0.32,1,0,0,0,0,0,0,0,0,0,800,800,800,800,1090,1400,77,0.254,27,14.3,15.16,0,118.83,0,17,17,13.478,353.28,1,0.605,0.605,0.547,2.188,0.254,0.02,0,,,,39,0,0,0,0,0,0,0,0,0,0,7,0,0,7000,7000,29,45,250,49,39,66,34,49,49,0,39321,205,146,210,182,180,126,26222,39321
57.037,0,774,17,87,55,14.7,-1.0,-0.068,1,0,0,0,16,312,2.248,1,17,119.5,0,0,0,0,1,0,0,0,0,0,0,0,0,0,0,52.15,33,0.32,1,0,0,0,0,0,0,0,0,0,760,770,800,800,1090,1400,77,0.254,26.5,14.3,15.1,0,119.5,0,17,17,13.478,353.28,1,0.625,0.625,0.547,2.188,0.254,0.02,0,,,,54,0,0,0,0,0,0,0,0,0,0,7,0,0,7000,7000,29,45,250,49,39,54,54,49,49,0,39321,205,146,208,180,180,126,26222,39321
57.097,0,773,17,87,55,14.7,-1.0,-0.068,1,0,0,0,16,312,2.272,1,17,121.17,0,0,0,0,1,0,0,0,0,0,0,0,0,0,0,52.6,34,0.32,1,0,0,0,0,0,0,0,0,0,760,770,800,800,1090,1400,78,0.25,26,14.3,15.16,0,121.17,0,17,17,13.478,353.28,1,0.625,0.625,0.547,2.188,0.254,0.02,0,,,,59,0,0,0,0,0,0,0,0,0,0,7,0,0,7000,7000,29,45,250,59,39,54,54,51,35,0,39321,205,146,208,180,177,123,26222,39321
57.157,0,777,17,87,55,14.7,-1.0,-0.068,1,0,0,0,15,312,2.28,1,17,121.83,0,0,0,0,1,0,0,0,0,0,0,0,0,0,0,52.82,34,0.32,1,0,0,0,0,0,0,0,0,0,760,780,800,800,1090,1400,78,0.25,26,14.3,15.27,0,121.83,0,17,17,13.478,353.28,1,0.645,0.645,0.547,2.188,0.254,0.02,0,,,,52,0,0,0,0,0,0,0,0,0,0,7,0,0,7000,7000,29,45,250,59,32,52,54,51,35,0,39321,205,140,205,180,177,123,26222,39321
57.217,0,779,17,87,55,14.7,-1.0,-0.068,1,0,0,0,15,312,2.288,1,17,122.5,0,0,0,0,1,0,0,0,0,0,0,0,0,0,0,53.27,35,0.32,1,0,0,0,0,0,0,0,0,0,760,780,800,800,1090,1400,78,0.25,25.5,14.3,15.33,0,122.5,0,17,17,13.478,353.28,1,0.645,0.645,0.547,2.188,0.254,0.02,0,,,,46,0,0,0,0,0,0,0,0,0,0,7,0,0,7000,7000,29,45,250,59,32,52,33,46,35,0,39321,205,140,205,174,174,123,26222,39321
57.277,0,784,17,87,55,14.7,-1.0,-0.068,1,0,0,0,15,312,2.296,1,17,123.17,0,0,0,0,1,0,0,0,0,0,0,0,0,0,0,53.27,35,0.32,1,0,0,0,0,0,0,0,0,0,800,780,800,800,1090,1400,78,0.254,26,14.3,15.39,0,123.17,0,17,17,13.478,353.28,1,0.645,0.645,0.547,2.188,0.254,0.02,0,,,,40,0,0,0,0,0,0,0,0,0,0,7,0,0,7000,7000,29,45,250,73,40,52,33,46,35,0,39321,205,140,205,174,174,120,26222,39321
57.337,0,774,17,87,55,14.7,-1.0,-0.068,1,0,0,0,16,312,2.296,1,17,123.5,0,0,0,0,1,0,0,0,0,0,0,0,0,0,0,53.5,35,0.32,1,0,0,0,0,0,0,0,0,0,760,770,800,800,1090,1400,78,0.254,25.5,14.3,15.45,0,123.5,0,17,17,13.478,353.28,1,0.645,0.645,0.547,2.188,0.254,0.02,0,,,,47,0,0,0,0,0,0,0,0,0,0,7,0,0,7000,7000,29,45,250,73,40,61,47,46,35,0,39321,205,140,202,171,174,120,26222,39321
57.397,0,776,18,87,55,14.7,-1.0,-0.068,1,0,0,0,15,312,2.312,1,17,124.17,0,0,0,0,1,0,0,0,0,0,0,0,0,0,0,53.5,35,0.32,1,0,0,0,0,0,0,0,0,0,760,780,800,800,1090,1400,78,0.25,25.5,14.3,15.62,0,124.17,0,17,18,13.478,353.28,1,0.645,0.645,0.547,2.188,0.254,0.02,0,,,,43,0,0,0,0,0,0,0,0,0,0,7,0,0,7000,7000,29,45,250,73,40,61,47,41,43,0,39321,205,140,202,171,171,120,26222,39321
57.457,0,782,18,87,55,14.7,-1.0,-0.068,1,0,0,0,15,312,2.328,1,18,125.67,0,0,0,0,1,0,0,0,0,0,0,0,0,0,0,53.95,35,0.32,1,0,0,0,0,0,0,0,0,0,800,780,800,800,1090,1400,78,0.254,26,14.3,15.62,0,125.67,0,18,18,13.478,350.72,1,0.664,0.664,0.547,2.188,0.254,0.02,0,,,,59,0,0,0,0,0,0,0,0,0,0,7,0,0,7000,7000,28,45,250,68,32,59,47,41,43,0,39321,202,137,202,171,171,120,26222,39321
57.516,0,788,18,87,55,14.7,-1.0,-0.068,1,0,0,0,14,312,2.336,1,18,126.17,0,0,0,0,1,0,0,0,0,0,0,0,0,0,0,54.17,36,0.32,1,0,0,0,0,0,0,0,0,0,800,790,800,800,1090,1400,78,0.254,25.5,14.3,15.68,0,126.17,0,18,18,13.478,350.72,1,0.664,0.664,0.547,2.188,0.254,0.02,0,,,,64,0,0,0,0,0,0,0,0,0,0,7,0,0,7000,7000,28,45,250,68,32,59,54,64,43,0,39321,202,137,202,168,171,120,26222,39321
57.576,0,802,18,87,55,14.7,-1.0,-0.068,1,0,0,0,13,312,2.344,1,18,126.67,0,0,0,0,1,0,0,0,0,0,0,0,0,0,0,54.17,36,0.32,1,0,0,0,0,0,0,0,0,0,800,800,800,800,1090,1400,78,0.254,25.5,14.3,15.79,0,126.67,0,18,18,13.478,350.72,1,0.664,0.664,0.547,2.188,0.254,0.02,0,,,,57,0,0,0,0,0,0,0,0,0,0,7,0,0,7000,7000,28,45,250,57,32,59,54,64,44,0,39321,199,137,202,168,171,120,26222,39321
57.637,0,792,18,87,55,14.7,-1.0,-0.068,1,0,0,0,14,312,2.344,1,18,127,0,0,0,0,1,0,0,0,0,0,0,0,0,0,0,54.17,36,0.32,1,0,0,0,0,0,0,0,0,0,800,790,800,800,1090,1400,78,0.254,25.5,14.3,15.91,0,127,0,18,18,13.478,350.72,1,0.664,0.664,0.547,2.188,0.254,0.02,0,,,,35,0,0,0,0,0,0,0,0,0,0,7,0,0,7000,7000,28,45,250,57,34,66,35,64,44,0,39321,199,135,202,165,171,120,26222,39321
57.697,0,797,18,87,55,14.7,-1.0,-0.068,1,0,0,0,13,312,2.344,1,18,127.17,0,0,0,0,1,0,0,0,0,0,0,0,0,0,0,54.4,36,0.32,1,0,0,0,0,0,0,0,0,0,800,800,800,800,1090,1400,78,0.254,25.5,14.3,15.91,0,127.17,0,18,18,13.478,350.72,1,0.664,0.664,0.547,2.188,0.254,0.02,0,,,,40,0,0,0,0,0,0,0,0,0,0,7,0,0,7000,7000,28,45,250,57,34,66,35,49,40,0,39321,199,135,202,165,168,120,26222,39321
57.756,0,812,18,87,55,14.7,-1.0,-0.068,1,0,0,0,12.5,312,2.344,1,19,127.17,0,0,0,0,1,0,0,0,0,0,0,0,0,0,0,54.17,36,0.32,1,0,0,0,0,0,0,0,0,0,800,810,800,800,1090,1400,78,0.254,25.5,14.3,15.96,0,127.17,0,19,18,13.478,350.72,1,0.664,0.664,0.547,2.188,0.254,0.02,0,,,,69,0,0,0,0,0,0,0,0,0,0,7,0,0,7000,7000,28,45,250,54,45,69,35,49,40,0,39321,196,132,202,165,168,120,26222,39321
57.816,0,811,18,87,55,14.7,-1.0,-0.068,1,0,0,0,12.5,312,2.352,1,19,127.33,0,0,0,0,1,0,0,0,0,0,0,0,0,0,0,54.4,36,0.32,1,0,0,0,0,0,0,0,0,0,800,810,800,800,1090,1400,78,0.254,25.5,14.3,16.08,0,127.33,0,19,18,13.478,350.72,1,0.684,0.684,0.547,2.188,0.254,0.02,0,,,,76,0,0,0,0,0,0,0,0,0,0,7,0,0,7000,7000,28,45,250,54,45,69,39,76,40,0,39321,196,132,202,163,171,120,26222,39321
57.876,0,823,18,87,55,14.7,-1.0,-0.068,1,0,0,0,12,312,2.344,1,19,127.17,0,0,0,0,1,0,0,0,0,0,0,0,0,0,0,54.17,36,0.32,1,0,0,0,0,0,0,0,0,0,840,820,800,800,1090,1400,78,0.254,25.5,14.3,16.19,0,127.17,0,19,18,13.478,350.72,1,0.664,0.664,0.547,2.188,0.254,0.02,0,,,,35,0,0,0,0,0,0,0,0,0,0,7,0,0,7000,7000,28,45,250,56,35,69,39,76,42,0,39321,194,129,202,163,171,120,26222,39321
57.937,0,811,18,87,55,14.7,-1.0,-0.068,1,0,0,0,12.5,312,2.344,1,19,127.17,0,0,0,0,1,0,0,0,0,0,0,0,0,0,0,54.17,36,0.32,1,0,0,0,0,0,0,0,0,0,800,810,800,800,1090,1400,78,0.254,25.5,14.3,16.19,0,127.17,0,19,18,13.478,350.72,1,0.664,0.664,0.547,2.188,0.254,0.02,0,,,,44,0,0,0,0,0,0,0,0,0,0,7,0,0,7000,7000,28,45,250,56,35,68,44,76,42,0,39321,194,129,202,160,171,120,26222,39321
57.997,0,813,18,87,55,14.7,-1.0,-0.068,1,0,0,0,12.5,312,2.344,1,19,127.17,0,0,0,0,1,0,0,0,0,0,0,0,0,0,0,54.17,36,0.32,1,0,0,0,0,0,0,0,0,0,800,810,800,800,1090,1400,78,0.254,25.5,14.3,16.25,0,127.17,0,19,18,13.478,350.72,1,0.664,0.664,0.547,2.188,0.254,0.02,0,,,,49,0,0,0,0,0,0,0,0,0,0,7,0,0,7000,7000,28,45,250,56,35,68,44,71,49,0,39321,194,129,202,160,174,120,26222,39321
58.057,0,819,18,87,55,14.7,-1.0,-0.068,1,0,0,0,12,312,2.336,1,19,127.17,0,0,0,0,1,0,0,0,0,0,0,0,0,0,0,54.17,36,0.32,1,0,0,0,0,0,0,0,0,0,800,820,800,800,1090,1400,78,0.254,25.5,14.3,16.19,0,127.17,0,19,18,13.478,350.72,1,0.664,0.664,0.547,2.188,0.254,0.02,0,,,,76,0,0,0,0,0,0,0,0,0,0,7,0,0,7000,7000,28,45,250,57,37,76,44,71,49,0,39321,191,129,202,160,174,120,26222,39321
58.116,0,819,18,87,55,14.7,-1.0,-0.068,1,0,0,0,12,312,2.344,1,19,127.17,0,0,0,0,1,0,0,0,0,0,0,0,0,0,0,54.17,36,0.32,1,0,0,0,0,0,0,0,0,0,800,820,800,800,1090,1400,78,0.254,25.5,14.3,16.25,0,127.17,0,19,18,13.478,350.72,1,0.664,0.664,0.547,2.188,0.254,0.02,0,,,,83,0,0,0,0,0,0,0,0,0,0,7,0,0,7000,7000,28,45,250,57,37,76,49,83,49,0,39321,191,129,202,160,177,120,26222,39321
58.176,0,823,18,87,55,14.7,-1.0,-0.068,1,0,0,0,12,312,2.336,1,19,127,0,0,0,0,1,0,0,0,0,0,0,0,0,0,0,53.95,35,0.32,1,0,0,0,0,0,0,0,0,0,840,820,800,800,1090,1400,78,0.254,26,14.3,16.25,0,127,0,19,18,13.478,350.72,1,0.664,0.664,0.547,2.188,0.254,0.02,0,,,,39,0,0,0,0,0,0,0,0,0,0,7,0,0,7000,7000,28,45,250,51,39,76,49,83,44,0,39321,188,126,202,160,177,120,26222,39321
58.237,0,818,18,87,55,14.7,-1.0,-0.068,1,0,0,0,12,312,2.344,1,19,126.83,0,0,0,0,1,0,0,0,0,0,0,0,0,0,0,53.95,35,0.32,1,0,0,0,0,0,0,0,0,0,800,820,800,800,1090,1400,78,0.254,26,14.3,16.31,0,126.83,0,19,18,13.478,350.72,1,0.645,0.645,0.547,2.188,0.254,0.02,0,,,,35,0,0,0,0,0,0,0,0,0,0,7,0,0,7000,7000,28,45,250,51,39,68,35,83,44,0,39321,188,126,202,157,177,120,26222,39321
58.297,0,825,17,87,55,14.7,-1.0,-0.068,1,0,0,0,11.5,312,2.328,1,19,126.33,0,0,0,0,1,0,0,0,0,0,0,0,0,0,0,53.95,35,0.32,1,0,0,0,0,0,0,0,0,0,840,830,800,800,1090,1400,78,0.254,26,14.3,16.31,0,126.33,0,19,17,13.478,350.72,1,0.664,0.664,0.547,2.188,0.254,0.02,0,,,,57,0,0,0,0,0,0,0,0,0,0,7,0,0,7000,7000,28,45,250,57,39,68,35,61,42,0,39321,185,126,202,157,177,120,26222,39321
58.357,0,828,17,87,55,14.7,-1.0,-0.068,1,0,0,0,11.5,312,2.32,1,19,125.67,0,0,0,0,1,0,0,0,0,0,0,0,0,0,0,53.72,35,0.32,1,0,0,0,0,0,0,0,0,0,840,830,800,800,1090,1400,78,0.254,26,14.3,16.31,0,125.67,0,19,17,13.478,353.28,1,0.645,0.645,0.547,2.188,0.254,0.02,0,,,,61,0,0,0,0,0,0,0,0,0,0,7,0,0,7000,7000,29,45,250,57,35,61,35,61,42,0,39321,185,123,202,157,177,120,26222,39321
58.416,0,829,17,87,55,14.7,-1.0,-0.068,1,0,0,0,11.5,312,2.312,1,19,125,0,0,0,0,1,0,0,0,0,0,0,0,0,0,0,53.5,35,0.32,1,0,0,0,0,0,0,0,0,0,840,830,800,800,1090,1400,78,0.254,26,14.3,16.37,0,125,0,19,17,13.478,353.28,1,0.645,0.645,0.547,2.188,0.254,0.02,0,,,,40,0,0,0,0,0,0,0,0,0,0,7,0,0,7000,7000,29,45,250,57,35,61,64,52,40,0,39321,185,123,202,157,174,120,26222,39321
58.476,0,831,17,87,55,14.7,-1.0,-0.068,1,0,0,0,11.5,312,2.304,1,19,124.67,0,0,0,0,1,0,0,0,0,0,0,0,0,0,0,53.5,35,0.32,1,0,0,0,0,0,0,0,0,0,840,830,800,800,1090,1400,78,0.254,26,14.3,16.31,0,124.67,0,19,17,13.478,353.28,1,0.645,0.645,0.547,2.188,0.254,0.02,0,,,,27,0,0,0,0,0,0,0,0,0,0,7,0,0,7000,7000,29,45,250,54,27,61,64,52,40,0,39321,185,118,202,157,174,120,26222,39321
58.537,0,819,17,87,55,14.7,-1.0,-0.068,1,0,0,0,12,312,2.312,1,18,124.17,0,0,0,0,1,0,0,0,0,0,0,0,0,0,0,53.27,35,0.32,1,0,0,0,0,0,0,0,0,0,800,820,800,800,1090,1400,78,0.254,26,14.3,16.37,0,124.17,0,18,17,13.478,353.28,1,0.645,0.645,0.547,2.188,0.254,0.02,0,,,,52,0,0,0,0,0,0,0,0,0,0,7,0,0,7000,7000,29,45,250,54,27,62,64,52,40,0,39321,185,118,202,157,174,120,26222,39321
58.597,0,813,17,87,55,14.7,-1.0,-0.068,1,0,0,0,12.5,312,2.312,1,18,124,0,0,0,0,1,0,0,0,0,0,0,0,0,0,0,53.27,35,0.32,1,0,0,0,0,0,0,0,0,0,800,810,800,800,1090,1400,78,0.254,26,14.3,16.42,0,124,0,18,17,13.478,353.28,1,0.664,0.664,0.547,2.188,0.254,0.02,0,,,,64,0,0,0,0,0,0,0,0,0,0,7,0,0,7000,7000,29,45,250,64,27,62,64,52,39,0,39321,185,118,202,157,174,118,26222,39321
58.657,0,804,17,87,55,14.7,-1.0,-0.068,1,0,0,0,13,312,2.304,1,18,123.83,0,0,0,0,1,0,0,0,0,0,0,0,0,0,0,53.27,35,0.32,1,0,0,0,0,0,0,0,0,0,800,800,800,800,1090,1400,78,0.254,26,14.3,16.48,0,123.83,0,18,17,13.478,353.28,1,0.645,0.645,0.547,2.188,0.254,0.02,0,,,,28,0,0,0,0,0,0,0,0,0,0,7,0,0,7000,7000,29,45,250,64,32,62,28,52,39,0,39321,185,118,199,151,174,118,26222,39321
58.717,0,799,17,87,55,14.7,-1.0,-0.068,1,0,0,0,13,312,2.304,1,18,123.67,0,0,0,0,1,0,0,0,0,0,0,0,0,0,0,53.27,35,0.32,1,0,0,0,0,0,0,0,0,0,800,800,800,800,1090,1400,78,0.254,26,14.3,16.48,0,123.67,0,18,17,13.478,353.28,1,0.645,0.645,0.547,2.188,0.254,0.02,0,,,,51,0,0,0,0,0,0,0,0,0,0,7,0,0,7000,7000,29,45,250,64,32,62,28,62,51,0,39321,185,118,199,151,174,120,26222,39321
58.777,0,794,17,87,55,14.7,-1.0,-0.068,1,0,0,0,14,312,2.304,1,18,123.67,0,0,0,0,1,0,0,0,0,0,0,0,0,0,0,53.27,35,0.32,1,0,0,0,0,0,0,0,0,0,800,790,800,800,1090,1400,78,0.254,26,14.3,16.42,0,123.67,0,18,17,13.478,353.28,1,0.645,0.645,0.547,2.188,0.254,0.02,0,,,,34,0,0,0,0,0,0,0,0,0,0,7,0,0,7000,7000,29,45,250,54,34,62,28,62,51,0,39321,182,118,199,151,174,120,26222,39321
58.837,0,784,17,87,55,14.7,-1.0,-0.068,1,0,0,0,15,312,2.312,1,18,124,0,0,0,0,1,0,0,0,0,0,0,0,0,0,0,53.5,35,0.32,1,0,0,0,0,0,0,0,0,0,800,780,800,800,1090,1400,78,0.254,26,14.3,16.42,0,124,0,18,17,13.478,353.28,1,0.645,0.645,0.547,2.188,0.254,0.02,0,,,,79,0,0,0,0,0,0,0,0,0,0,7,0,0,7000,7000,29,45,250,54,34,68,35,79,51,0,39321,182,118,196,149,177,120,26222,39321
58.897,0,791,17,87,55,14.7,-1.0,-0.068,1,0,0,0,14,312,2.312,1,18,124,0,0,0,0,1,0,0,0,0,0,0,0,0,0,0,53.5,35,0.32,1,0,0,0,0,0,0,0,0,0,800,790,800,800,1090,1400,78,0.254,26,14.3,16.42,0,124,0,18,17,13.478,353.28,1,0.664,0.664,0.547,2.188,0.254,0.02,0,,,,54,0,0,0,0,0,0,0,0,0,0,7,0,0,7000,7000,29,45,250,54,34,68,35,79,37,0,39321,180,118,196,149,177,120,26222,39321
58.957,0,790,17,87,55,14.7,-1.0,-0.068,1,0,0,0,14,312,2.312,1,18,124.17,0,0,0,0,1,0,0,0,0,0,0,0,0,0,0,53.5,35,0.32,1,0,0,0,0,0,0,0,0,0,800,790,800,800,1090,1400,78,0.254,26,14.3,16.31,0,124.17,0,18,17,13.478,353.28,1,0.645,0.645,0.547,2.188,0.254,0.02,0,,,,64,0,0,0,0,0,0,0,0,0,0,7,0,0,7000,7000,29,45,250,54,34,64,35,79,37,0,39321,180,118,194,149,177,120,26222,39321
59.016,0,792,17,87,55,14.7,-1.0,-0.068,1,0,0,0,14,312,2.312,1,18,124.5,0,0,0,0,1,0,0,0,0,0,0,0,0,0,0,53.72,35,0.32,1,0,0,0,0,0,0,0,0,0,800,790,800,800,1090,1400,78,0.254,26,14.3,16.25,0,124.5,0,18,17,13.478,353.28,1,0.664,0.664,0.547,2.188,0.254,0.02,0,,,,44,0,0,0,0,0,0,0,0,0,0,7,0,0,7000,7000,29,45,250,54,34,64,47,61,44,0,39321,180,118,194,149,177,120,26222,39321
59.076,0,796,17,87,55,14.7,-1.0,-0.068,1,0,0,0,13,312,2.312,1,18,124.5,0,0,0,0,1,0,0,0,0,0,0,0,0,0,0,53.72,35,0.32,1,0,0,0,0,0,0,0,0,0,800,800,800,800,1090,1400,78,0.254,26,14.3,16.25,0,124.5,0,18,17,13.478,353.28,1,0.664,0.664,0.547,2.188,0.254,0.02,0,,,,28,0,0,0,0,0,0,0,0,0,0,7,0,0,7000,7000,29,45,250,47,28,64,47,61,44,0,39321,177,115,194,149,177,120,26222,39321
59.137,0,789,17,87,55,14.7,-1.0,-0.068,1,0,0,0,14,312,2.312,1,18,124.5,0,0,0,0,1,0,0,0,0,0,0,0,0,0,0,53.72,35,0.32,1,0,0,0,0,0,0,0,0,0,800,790,800,800,1090,1400,78,0.254,26,14.3,16.19,0,124.5,0,18,17,13.478,353.28,1,0.645,0.645,0.547,2.188,0.254,0.02,0,,,,61,0,0,0,0,0,0,0,0,0,0,7,0,0,7000,7000,29,45,250,47,28,66,35,61,44,0,39321,177,115,194,146,177,120,26222,39321
59.197,0,788,17,87,55,14.7,-1.0,-0.068,1,0,0,0,14,312,2.32,1,18,124.67,0,0,0,0,1,0,0,0,0,0,0,0,0,0,0,53.72,35,0.32,1,0,0,0,0,0,0,0,0,0,800,790,800,800,1090,1400,78,0.254,26,14.3,16.19,0,124.67,0,18,17,13.478,353.28,1,0.645,0.645,0.547,2.188,0.254,0.02,0,,,,45,0,0,0,0,0,0,0,0,0,0,7,0,0,7000,7000,29,45,250,45,28,66,35,61,44,0,39321,174,115,194,146,177,120,26222,39321
59.257,0,788,17,87,55,14.7,-1.0,-0.068,1,0,0,0,14,312,2.32,1,18,124.67,0,0,0,0,1,0,0,0,0,0,0,0,0,0,0,53.72,35,0.32,1,0,0,0,0,0,0,0,0,0,800,790,800,800,1090,1400,78,0.254,26,14.3,16.14,0,124.67,0,18,17,13.478,353.28,1,0.664,0.664,0.547,2.188,0.254,0.02,0,,,,68,0,0,0,0,0,0,0,0,0,0,7,0,0,7000,7000,29,45,250,45,28,68,35,61,44,0,39321,174,112,194,146,177,120,26222,39321
59.317,0,789,17,87,55,14.7,-1.0,-0.068,1,0,0,0,14,312,2.32,1,18,124.67,0,0,0,0,1,0,0,0,0,0,0,0,0,0,0,53.72,35,0.32,1,0,0,0,0,0,0,0,0,0,800,790,800,800,1090,1400,78,0.254,26,14.3,16.19,0,124.67,0,18,17,13.478,353.28,1,0.664,0.664,0.547,2.188,0.254,0.02,0,,,,47,0,0,0,0,0,0,0,0,0,0,7,0,0,7000,7000,29,45,250,45,28,68,39,86,47,0,39321,174,112,194,143,180,123,26222,39321
59.377,0,796,17,87,55,14.7,-1.0,-0.068,1,0,0,0,13,312,2.32,1,18,124.67,0,0,0,0,1,0,0,0,0,0,0,0,0,0,0,53.72,35,0.32,1,0,0,0,0,0,0,0,0,0,800,800,800,800,1090,1400,78,0.254,26,14.3,16.19,0,124.67,0,18,17,13.478,353.28,1,0.664,0.664,0.547,2.188,0.254,0.02,0,,,,35,0,0,0,0,0,0,0,0,0,0,7,0,0,7000,7000,29,45,250,44,35,68,39,86,47,0,39321,168,112,194,143,180,123,26222,39321
59.437,0,778,17,87,55,14.7,-1.0,-0.068,1,0,0,0,15,312,2.32,1,18,124.67,0,0,0,0,1,0,0,0,0,0,0,0,0,0,0,53.95,35,0.32,1,0,0,0,0,0,0,0,0,0,760,780,800,800,1090,1400,78,0.254,25.5,14.3,16.19,0,124.67,0,18,17,13.478,350.72,1,0.664,0.664,0.547,2.188,0.254,0.02,0,,,,44,0,0,0,0,0,0,0,0,0,0,7,0,0,7000,7000,28,45,250,44,35,66,44,86,47,0,39321,168,112,194,140,180,123,26222,39321
59.497,0,779,17,87,55,14.7,-1.0,-0.068,1,0,0,0,15,312,2.32,1,18,124.83,0,0,0,0,1,0,0,0,0,0,0,0,0,0,0,53.95,35,0.32,1,0,0,0,0,0,0,0,0,0,760,780,800,800,1090,1400,78,0.25,25.5,14.3,16.14,0,124.83,0,18,17,13.478,350.72,1,0.664,0.664,0.547,2.188,0.254,0.02,0,,,,48,0,0,0,0,0,0,0,0,0,0,7,0,0,7000,7000,28,45,250,48,35,66,44,62,44,0,39321,168,112,194,140,180,123,26222,39321
59.557,0,782,17,87,55,14.7,-1.0,-0.068,1,0,0,0,15,312,2.32,1,18,124.83,0,0,0,0,1,0,0,0,0,0,0,0,0,0,0,53.72,35,0.32,1,0,0,0,0,0,0,0,0,0,800,780,800,800,1090,1400,78,0.254,26,14.3,16.25,0,124.83,0,18,17,13.478,353.28,1,0.664,0.664,0.547,2.188,0.254,0.02,0,,,,62,0,0,0,0,0,0,0,0,0,0,7,0,0,7000,7000,29,45,250,48,37,62,44,62,44,0,39321,168,109,194,140,180,123,26222,39321
59.617,0,765,17,87,55,14.7,-1.0,-0.068,1,0,0,0,16,312,2.32,1,17,124.83,0,0,0,0,1,0,0,0,0,0,0,0,0,0,0,53.95,35,0.32,1,0,0,0,0,0,0,0,0,0,760,770,800,800,1090,1400,78,0.25,25.5,14.3,16.31,0,124.83,0,17,17,13.478,350.72,1,0.664,0.664,0.547,2.188,0.254,0.02,0,,,,57,0,0,0,0,0,0,0,0,0,0,7,0,0,7000,7000,28,45,250,48,37,62,51,57,44,0,39321,168,109,194,140,180,123,26222,39321
59.677,0,769,17,87,55,14.7,-1.0,-0.068,1,0,0,0,16,312,2.32,1,17,125,0,0,0,0,1,0,0,0,0,0,0,0,0,0,0,54.17,36,0.32,1,0,0,0,0,0,0,0,0,0,760,770,800,800,1090,1400,78,0.25,25,14.3,16.42,0,125,0,17,17,13.478,350.72,1,0.645,0.645,0.547,2.188,0.254,0.02,0,,,,32,0,0,0,0,0,0,0,0,0,0,7,0,0,7000,7000,28,45,250,40,32,62,51,57,36,0,39321,165,106,194,140,180,120,26222,39321
59.737,0,767,17,87,55,14.7,-1.0,-0.068,1,0,0,0,16,312,2.32,1,17,125.17,0,0,0,0,1,0,0,0,0,0,0,0,0,0,0,54.17,36,0.32,1,0,0,0,0,0,0,0,0,0,760,770,800,800,1090,1400,78,0.25,25,14.3,16.48,0,125.17,0,17,17,13.478,350.72,1,0.664,0.664,0.547,2.188,0.254,0.02,0,,,,36,0,0,0,0,0,0,0,0,0,0,7,0,0,7000,7000,28,45,250,40,32,64,36,57,36,0,39321,165,106,194,137,180,120,26222,39321
59.797,0,771,17,87,55,14.7,-1.0,-0.068,1,0,0,0,16,312,2.328,1,17,125.33,0,0,0,0,1,0,0,0,0,0,0,0,0,0,0,54.17,36,0.32,1,0,0,0,0,0,0,0,0,0,760,770,800,800,1090,1400,78,0.25,25,14.3,16.42,0,125.33,0,17,18,13.478,350.72,1,0.664,0.664,0.547,2.188,0.254,0.02,0,,,,41,0,0,0,0,0,0,0,0,0,0,7,0,0,7000,7000,28,45,250,40,32,64,36,56,41,0,39321,165,106,194,137,180,120,26222,39321
59.857,0,777,18,87,55,14.7,-1.0,-0.068,1,0,0,0,15,312,2.336,1,18,126.5,0,0,0,0,1,0,0,0,0,0,0,0,0,0,0,54.4,36,0.32,1,0,0,0,0,0,0,0,0,0,760,780,800,800,1090,1400,78,0.254,25,14.3,16.48,0,126.5,0,18,18,13.478,350.72,1,0.664,0.664,0.547,2.188,0.254,0.02,0,,,,68,0,0,0,0,0,0,0,0,0,0,7,0,0,7000,7000,28,45,250,44,37,68,36,56,41,0,39321,163,106,194,137,180,120,26222,39321
59.917,0,767,18,87,55,14.7,-1.0,-0.068,1,0,0,0,16,312,2.344,1,18,127,0,0,0,0,1,0,0,0,0,0,0,0,0,0,0,54.4,36,0.32,1,0,0,0,0,0,0,0,0,0,760,770,800,800,1090,1400,78,0.25,25,14.3,16.48,0,127,0,18,18,13.478,350.72,1,0.664,0.664,0.547,2.188,0.254,0.02,0,,,,54,0,0,0,0,0,0,0,0,0,0,7,0,0,7000,7000,28,45,250,44,37,68,27,54,41,0,39321,163,106,194,132,180,120,26222,39321
59.977,0,773,18,87,55,14.7,-1.0,-0.068,1,0,0,0,16,312,2.352,1,18,127.5,0,0,0,0,1,0,0,0,0,0,0,0,0,0,0,54.62,36,0.32,1,0,0,0,0,0,0,0,0,0,760,770,800,800,1090,1400,78,0.25,25,14.3,16.42,0,127.5,0,18,18,13.478,350.72,1,0.664,0.664,0.547,2.188,0.254,0.02,0,,,,44,0,0,0,0,0,0,0,0,0,0,7,0,0,7000,7000,28,45,250,44,37,68,27,54,48,0,39321,160,106,194,132,180,120,26222,39321
60.037,0,774,18,87,55,14.7,-1.0,-0.068,1,0,0,0,16,312,2.36,1,18,128,0,0,0,0,1,0,0,0,0,0,0,0,0,0,0,54.85,36,0.32,1,0,0,0,0,0,0,0,0,0,760,770,800,800,1090,1400,78,0.25,25,14.3,16.42,0,128,0,18,18,13.478,350.72,1,0.684,0.684,0.547,2.188,0.254,0.02,0,,,,32,0,0,0,0,0,0,0,0,0,0,7,0,0,7000,7000,28,45,250,44,36,62,32,54,48,0,39321,160,106,191,129,180,120,26222,39321
60.097,0,779,18,87,55,14.7,-1.0,-0.068,1,0,0,0,15,312,2.368,1,18,128.33,0,0,0,0,1,0,0,0,0,0,0,0,0,0,0,54.85,36,0.32,1,0,0,0,0,0,0,0,0,0,760,780,800,800,1090,1400,78,0.25,25,14.3,16.42,0,128.33,0,18,18,13.478,350.72,1,0.684,0.684,0.547,2.188,0.254,0.02,0,,,,46,0,0,0,0,0,0,0,0,0,0,7,0,0,7000,7000,28,45,250,44,36,62,32,52,46,0,39321,160,106,191,129,180,120,26222,39321
60.157,0,793,18,87,55,14.7,-1.0,-0.068,1,0,0,0,14,312,2.368,1,18,128.5,0,0,0,0,1,0,0,0,0,0,0,0,0,0,0,54.85,36,0.32,1,0,0,0,0,0,0,0,0,0,800,790,800,800,1090,1400,78,0.254,25.5,14.3,16.42,0,128.5,0,18,18,13.478,350.72,1,0.684,0.684,0.547,2.188,0.254,0.02,0,,,,30,0,0,0,0,0,0,0,0,0,0,7,0,0,7000,7000,28,45,250,41,30,62,32,52,46,0,39321,157,104,191,129,180,120,26222,39321
60.216,0,794,18,87,55,14.7,-1.0,-0.068,1,0,0,0,14,312,2.368,1,18,128.5,0,0,0,0,1,0,0,0,0,0,0,0,0,0,0,54.85,36,0.32,1,0,0,0,0,0,0,0,0,0,800,790,800,800,1090,1400,78,0.254,25.5,14.3,16.37,0,128.5,0,18,18,13.478,350.72,1,0.684,0.684,0.547,2.188,0.254,0.02,0,,,,71,0,0,0,0,0,0,0,0,0,0,7,0,0,7000,7000,28,45,250,41,30,69,62,71,46,0,39321,157,104,191,132,182,120,26222,39321
60.276,0,811,18,87,55,14.7,-1.0,-0.068,1,0,0,0,12.5,312,2.368,1,19,128.5,0,0,0,0,1,0,0,0,0,0,0,0,0,0,0,54.62,36,0.32,1,0,0,0,0,0,0,0,0,0,800,810,800,800,1090,1400,78,0.254,25.5,14.3,16.42,0,128.5,0,19,18,13.478,350.72,1,0.684,0.684,0.547,2.188,0.254,0.02,0,,,,44,0,0,0,0,0,0,0,0,0,0,7,0,0,7000,7000,28,45,250,44,30,69,62,71,45,0,39321,154,104,191,132,182,120,26222,39321
60.337,0,811,18,87,55,14.7,-1.0,-0.068,1,0,0,0,12.5,312,2.368,1,19,128.33,0,0,0,0,1,0,0,0,0,0,0,0,0,0,0,54.62,36,0.32,1,0,0,0,0,0,0,0,0,0,800,810,800,800,1090,1400,78,0.254,25.5,14.3,16.37,0,128.33,0,19,18,13.478,350.72,1,0.664,0.664,0.547,2.188,0.254,0.02,0,,,,35,0,0,0,0,0,0,0,0,0,0,7,0,0,7000,7000,28,45,250,44,40,62,35,71,45,0,39321,154,104,191,129,182,120,26222,39321
60.397,0,810,18,87,55,14.7,-1.0,-0.068,1,0,0,0,12.5,312,2.36,1,19,128.17,0,0,0,0,1,0,0,0,0,0,0,0,0,0,0,54.62,36,0.32,1,0,0,0,0,0,0,0,0,0,800,810,800,800,1090,1400,78,0.254,25.5,14.3,16.37,0,128.17,0,19,18,13.478,350.72,1,0.664,0.664,0.547,2.168,0.254,0.02,0,,,,51,0,0,0,0,0,0,0,0,0,0,7,0,0,7000,7000,28,45,250,44,40,62,35,61,51,0,39321,154,104,191,129,182,123,26222,39321
60.456,0,813,18,87,55,14.7,-1.0,-0.068,1,0,0,0,12.5,312,2.36,1,19,128,0,0,0,0,1,0,0,0,0,0,0,0,0,0,0,54.4,36,0.32,1,0,0,0,0,0,0,0,0,0,800,810,800,800,1090,1400,78,0.254,25.5,14.3,16.48,0,128,0,19,18,13.478,350.72,1,0.664,0.664,0.547,2.188,0.254,0.02,0,,,,39,0,0,0,0,0,0,0,0,0,0,7,0,0,7000,7000,28,45,250,42,39,62,35,61,51,0,39321,151,104,191,129,182,123,26222,39321
60.516,0,808,18,87,55,14.7,-1.0,-0.068,1,0,0,0,12.5,312,2.352,1,19,127.83,0,0,0,0,1,0,0,0,0,0,0,0,0,0,0,54.4,36,0.32,1,0,0,0,0,0,0,0,0,0,800,810,800,800,1090,1400,78,0.254,25.5,14.3,16.48,0,127.83,0,19,18,13.478,350.72,1,0.664,0.664,0.547,2.188,0.254,0.02,0,,,,54,0,0,0,0,0,0,0,0,0,0,7,0,0,7000,7000,28,45,250,42,39,66,45,54,51,0,39321,151,104,191,129,180,123,26222,39321
60.576,0,819,18,87,55,14.7,-1.0,-0.068,1,0,0,0,12,312,2.352,1,19,127.67,0,0,0,0,1,0,0,0,0,0,0,0,0,0,0,54.4,36,0.32,1,0,0,0,0,0,0,0,0,0,800,820,800,800,1090,1400,78,0.254,25.5,14.3,16.54,0,127.67,0,19,18,13.478,350.72,1,0.664,0.664,0.547,2.168,0.254,0.02,0,,,,59,0,0,0,0,0,0,0,0,0,0,7,0,0,7000,7000,28,45,250,59,39,66,45,54,52,0,39321,151,104,191,129,180,126,26222,39321
60.636,0,817,18,87,55,14.7,-1.0,-0.068,1,0,0,0,12,312,2.352,1,19,127.67,0,0,0,0,1,0,0,0,0,0,0,0,0,0,0,54.4,36,0.32,1,0,0,0,0,0,0,0,0,0,800,820,800,800,1090,1400,78,0.254,25.5,14.3,16.59,0,127.67,0,19,18,13.478,350.72,1,0.664,0.664,0.547,2.168,0.254,0.02,0,,,,39,0,0,0,0,0,0,0,0,0,0,7,0,0,7000,7000,28,45,250,59,32,66,39,54,52,0,39321,151,104,188,129,180,126,26222,39321
60.696,0,809,18,87,56,14.7,-1.0,-0.068,1,0,0,0,12.5,312,2.352,1,19,127.67,0,0,0,0,1,0,0,0,0,0,0,0,0,0,0,54.17,36,0.32,1,0,0,0,0,0,0,0,0,0,800,810,800,800,1090,1400,78,0.254,25.5,14.3,16.59,0,127.67,0,19,18,13.478,350.72,1,0.684,0.684,0.547,2.188,0.254,0.02,0,,,,51,0,0,0,0,0,0,0,0,0,0,7,0,0,7000,7000,28,45,250,59,32,66,39,59,51,0,39321,151,104,188,129,180,126,26222,39321
60.756,0,805,18,87,56,14.7,-1.0,-0.068,1,0,0,0,12.5,312,2.352,1,18,127.33,0,0,0,0,1,0,0,0,0,0,0,0,0,0,0,54.17,36,0.32,1,0,0,0,0,0,0,0,0,0,800,810,800,800,1090,1400,78,0.254,25.5,14.3,16.59,0,127.33,0,18,18,13.478,350.72,1,0.664,0.664,0.547,2.168,0.254,0.02,0,,,,73,0,0,0,0,0,0,0,0,0,0,7,0,0,7000,7000,28,45,250,51,39,73,39,59,51,0,39321,151,104,188,129,180,126,26222,39321
60.816,0,805,18,87,56,14.7,-1.0,-0.068,1,0,0,0,12.5,312,2.352,1,18,127.33,0,0,0,0,1,0,0,0,0,0,0,0,0,0,0,54.17,36,0.32,1,0,0,0,0,0,0,0,0,0,800,810,800,800,1090,1400,78,0.254,25.5,14.3,16.65,0,127.33,0,18,18,13.478,350.72,1,0.664,0.664,0.547,2.188,0.254,0.02,0,,,,57,0,0,0,0,0,0,0,0,0,0,7,0,0,7000,7000,28,45,250,51,39,73,42,57,51,0,39321,151,104,188,129,180,126,26222,39321
60.876,0,815,18,87,56,14.7,-1.0,-0.068,1,0,0,0,12,312,2.344,1,18,127.17,0,0,0,0,1,0,0,0,0,0,0,0,0,0,0,54.17,36,0.32,1,0,0,0,0,0,0,0,0,0,800,820,800,800,1090,1400,78,0.254,25.5,14.3,16.59,0,127.17,0,18,18,13.478,350.72,1,0.664,0.664,0.547,2.188,0.254,0.02,0,,,,42,0,0,0,0,0,0,0,0,0,0,7,0,0,7000,7000,28,45,250,42,39,73,42,57,57,0,39321,151,104,188,129,180,126,26222,39321
60.936,0,814,18,87,56,14.7,-1.0,-0.068,1,0,0,0,12.5,312,2.344,1,19,127.17,0,0,0,0,1,0,0,0,0,0,0,0,0,0,0,54.17,36,0.32,1,0,0,0,0,0,0,0,0,0,800,810,800,800,1090,1400,78,0.254,25.5,14.3,16.65,0,127.17,0,19,18,13.478,350.72,1,0.664,0.664,0.547,2.168,0.254,0.02,0,,,,35,0,0,0,0,0,0,0,0,0,0,7,0,0,7000,7000,28,45,250,42,34,71,35,57,57,0,39321,151,101,191,126,180,126,26222,39321
60.996,0,806,18,87,56,14.7,-1.0,-0.068,1,0,0,0,12.5,312,2.344,1,18,127.17,0,0,0,0,1,0,0,0,0,0,0,0,0,0,0,54.17,36,0.32,1,0,0,0,0,0,0,0,0,0,800,810,800,800,1090,1400,78,0.254,25.5,14.3,16.54,0,127.17,0,18,18,13.478,350.72,1,0.664,0.664,0.547,2.188,0.254,0.02,0,,,,51,0,0,0,0,0,0,0,0,0,0,7,0,0,7000,7000,28,45,250,42,34,71,35,56,51,0,39321,151,101,191,126,180,126,26222,39321
61.056,0,809,18,87,56,14.7,-1.0,-0.068,1,0,0,0,12.5,312,2.344,1,19,127.17,0,0,0,0,1,0,0,0,0,0,0,0,0,0,0,54.17,36,0.32,1,0,0,0,0,0,0,0,0,0,800,810,800,800,1090,1400,78,0.254,25.5,14.3,16.54,0,127.17,0,19,18,13.478,350.72,1,0.664,0.664,0.547,2.168,0.254,0.02,0,,,,66,0,0,0,0,0,0,0,0,0,0,7,0,0,7000,7000,28,45,250,40,56,66,35,56,51,0,39321,149,104,191,126,180,126,26222,39321
61.116,0,800,18,87,56,14.7,-1.0,-0.068,1,0,0,0,13,312,2.344,1,18,127.17,0,0,0,0,1,0,0,0,0,0,0,0,0,0,0,54.17,36,0.32,1,0,0,0,0,0,0,0,0,0,800,800,800,800,1090,1400,78,0.254,25.5,14.3,16.54,0,127.17,0,18,18,13.478,350.72,1,0.684,0.684,0.547,2.188,0.254,0.02,0,,,,54,0,0,0,0,0,0,0,0,0,0,7,0,0,7000,7000,28,45,250,40,56,66,40,54,51,0,39321,149,104,191,126,177,126,26222,39321
61.176,0,809,18,87,56,14.7,-1.0,-0.068,1,0,0,0,12.5,312,2.344,1,19,127.17,0,0,0,0,1,0,0,0,0,0,0,0,0,0,0,54.17,36,0.32,1,0,0,0,0,0,0,0,0,0,800,810,800,800,1090,1400,78,0.254,25.5,14.3,16.54,0,127.17,0,19,18,13.478,350.72,1,0.664,0.664,0.547,2.168,0.254,0.02,0,,,,32,0,0,0,0,0,0,0,0,0,0,7,0,0,7000,7000,28,45,250,42,32,66,40,54,47,0,39321,149,101,191,126,177,126,26222,39321
61.236,0,802,18,87,56,14.7,-1.0,-0.068,1,0,0,0,13,312,2.344,1,19,127.17,0,0,0,0,1,0,0,0,0,0,0,0,0,0,0,54.17,36,0.32,1,0,0,0,0,0,0,0,0,0,800,800,800,800,1090,1400,78,0.254,25.5,14.3,16.48,0,127.17,0,19,18,13.478,350.72,1,0.664,0.664,0.547,2.168,0.254,0.02,0,,,,37,0,0,0,0,0,0,0,0,0,0,7,0,0,7000,7000,28,45,250,42,32,69,37,54,47,0,39321,149,101,191,126,177,126,26222,39321
61.296,0,804,18,87,56,14.7,-1.0,-0.068,1,0,0,0,13,312,2.344,1,18,127.17,0,0,0,0,1,0,0,0,0,0,0,0,0,0,0,54.17,36,0.32,1,0,0,0,0,0,0,0,0,0,800,800,800,800,1090,1400,78,0.254,25.5,14.3,16.48,0,127.17,0,18,18,13.478,350.72,1,0.664,0.664,0.547,2.168,0.254,0.02,0,,,,45,0,0,0,0,0,0,0,0,0,0,7,0,0,7000,7000,28,45,250,42,32,69,37,59,45,0,39321,149,101,191,126,177,126,26222,39321
61.356,0,800,18,87,56,14.7,-1.0,-0.068,1,0,0,0,13,312,2.344,1,18,127.17,0,0,0,0,1,0,0,0,0,0,0,0,0,0,0,54.17,36,0.32,1,0,0,0,0,0,0,0,0,0,800,800,800,800,1090,1400,78,0.254,25.5,14.3,16.42,0,127.17,0,18,18,13.478,350.72,1,0.664,0.664,0.547,2.168,0.254,0.02,0,,,,64,0,0,0,0,0,0,0,0,0,0,7,0,0,7000,7000,28,45,250,44,35,64,37,59,45,0,39321,146,101,191,126,177,126,26222,39321
61.416,0,790,18,87,56,14.7,-1.0,-0.068,1,0,0,0,14,312,2.352,1,18,127.5,0,0,0,0,1,0,0,0,0,0,0,0,0,0,0,54.4,36,0.32,1,0,0,0,0,0,0,0,0,0,800,790,800,800,1090,1400,78,0.254,25.5,14.3,16.37,0,127.5,0,18,18,13.478,350.72,1,0.664,0.664,0.547,2.168,0.254,0.02,0,,,,56,0,0,0,0,0,0,0,0,0,0,7,0,0,7000,7000,28,45,250,44,35,64,35,56,45,0,39321,146,101,191,123,177,126,26222,39321
61.476,0,802,18,87,56,14.7,-1.0,-0.068,1,0,0,0,13,312,2.352,1,18,127.5,0,0,0,0,1,0,0,0,0,0,0,0,0,0,0,54.4,36,0.32,1,0,0,0,0,0,0,0,0,0,800,800,800,800,1090,1400,78,0.254,25.5,14.3,16.37,0,127.5,0,18,18,13.478,350.72,1,0.664,0.664,0.547,2.168,0.254,0.02,0,,,,34,0,0,0,0,0,0,0,0,0,0,7,0,0,7000,7000,28,45,250,49,34,64,35,56,45,0,39321,146,98,191,123,177,126,26222,39321
61.536,0,811,18,87,56,14.7,-1.0,-0.068,1,0,0,0,12.5,312,2.352,1,19,127.67,0,0,0,0,1,0,0,0,0,0,0,0,0,0,0,54.4,36,0.32,1,0,0,0,0,0,0,0,0,0,800,810,800,800,1090,1400,78,0.254,25.5,14.3,16.37,0,127.67,0,19,18,13.478,350.72,1,0.664,0.664,0.547,2.168,0.254,0.02,0,,,,39,0,0,0,0,0,0,0,0,0,0,7,0,0,7000,7000,28,45,250,49,34,62,39,56,45,0,39321,146,98,191,123,177,126,26222,39321
61.596,0,812,18,87,56,14.7,-1.0,-0.068,1,0,0,0,12.5,312,2.352,1,19,127.67,0,0,0,0,1,0,0,0,0,0,0,0,0,0,0,54.4,36,0.32,1,0,0,0,0,0,0,0,0,0,800,810,800,800,1090,1400,78,0.254,25.5,14.3,16.42,0,127.67,0,19,18,13.478,350.72,1,0.664,0.664,0.547,2.168,0.254,0.02,0,,,,47,0,0,0,0,0,0,0,0,0,0,7,0,0,7000,7000,28,45,250,49,34,62,39,49,47,0,39321,146,98,191,123,174,126,26222,39321
61.656,0,813,18,87,56,14.7,-1.0,-0.068,1,0,0,0,12.5,312,2.352,1,19,127.33,0,0,0,0,1,0,0,0,0,0,0,0,0,0,0,54.17,36,0.32,1,0,0,0,0,0,0,0,0,0,800,810,800,800,1090,1400,78,0.254,25.5,14.3,16.42,0,127.33,0,19,18,13.478,350.72,1,0.664,0.664,0.547,2.168,0.254,0.02,0,,,,64,0,0,0,0,0,0,0,0,0,0,7,0,0,7000,7000,28,45,250,45,47,64,39,49,47,0,39321,146,98,191,123,174,126,26222,39321
61.716,0,811,18,87,56,14.7,-1.0,-0.068,1,0,0,0,12.5,312,2.352,1,19,127.33,0,0,0,0,1,0,0,0,0,0,0,0,0,0,0,54.17,36,0.32,1,0,0,0,0,0,0,0,0,0,800,810,800,800,1090,1400,78,0.254,25.5,14.3,16.42,0,127.33,0,19,18,13.478,350.72,1,0.684,0.684,0.547,2.168,0.254,0.02,0,,,,56,0,0,0,0,0,0,0,0,0,0,7,0,0,7000,7000,28,45,250,45,47,64,45,56,47,0,39321,146,98,191,123,174,126,26222,39321
61.776,0,820,18,87,56,14.7,-1.0,-0.068,1,0,0,0,12,312,2.336,1,19,127.17,0,0,0,0,1,0,0,0,0,0,0,0,0,0,0,54.17,36,0.32,1,0,0,0,0,0,0,0,0,0,840,820,800,800,1090,1400,78,0.254,25.5,14.3,16.42,0,127.17,0,19,18,13.478,350.72,1,0.664,0.664,0.547,2.168,0.254,0.02,0,,,,40,0,0,0,0,0,0,0,0,0,0,7,0,0,7000,7000,28,45,250,45,40,64,45,56,52,0,39321,146,98,191,123,174,126,26222,39321
61.836,0,815,18,87,56,14.7,-1.0,-0.068,1,0,0,0,12,312,2.344,1,19,127.17,0,0,0,0,1,0,0,0,0,0,0,0,0,0,0,54.17,36,0.32,1,0,0,0,0,0,0,0,0,0,800,820,800,800,1090,1400,78,0.254,25.5,14.3,16.42,0,127.17,0,19,18,13.478,350.72,1,0.664,0.664,0.547,2.168,0.254,0.02,0,,,,37,0,0,0,0,0,0,0,0,0,0,7,0,0,7000,7000,28,45,250,45,40,69,37,56,52,0,39321,146,98,191,123,174,126,26222,39321
61.896,0,819,18,87,56,14.7,-1.0,-0.068,1,0,0,0,12,312,2.344,1,19,127.17,0,0,0,0,1,0,0,0,0,0,0,0,0,0,0,54.17,36,0.32,1,0,0,0,0,0,0,0,0,0,800,820,800,800,1090,1400,78,0.254,25.5,14.3,16.54,0,127.17,0,19,18,13.478,350.72,1,0.664,0.664,0.547,2.168,0.254,0.02,0,,,,51,0,0,0,0,0,0,0,0,0,0,7,0,0,7000,7000,28,45,250,51,40,69,37,52,45,0,39321,146,98,191,123,171,126,26222,39321
61.956,0,822,18,87,56,14.7,-1.0,-0.068,1,0,0,0,12,312,2.336,1,19,127.17,0,0,0,0,1,0,0,0,0,0,0,0,0,0,0,53.95,35,0.32,1,0,0,0,0,0,0,0,0,0,840,820,800,800,1090,1400,78,0.254,26,14.3,16.48,0,127.17,0,19,18,13.478,350.72,1,0.664,0.664,0.547,2.168,0.254,0.02,0,,,,71,0,0,0,0,0,0,0,0,0,0,7,0,0,7000,7000,28,45,250,51,32,71,37,52,45,0,39321,146,98,191,123,171,126,26222,39321
62.017,0,815,18,87,56,14.7,-1.0,-0.068,1,0,0,0,12,312,2.344,1,19,127,0,0,0,0,1,0,0,0,0,0,0,0,0,0,0,54.17,36,0.32,1,0,0,0,0,0,0,0,0,0,800,820,800,800,1090,1400,78,0.254,25.5,14.3,16.54,0,127,0,19,18,13.478,350.72,1,0.664,0.664,0.547,2.168,0.254,0.02,0,,,,45,0,0,0,0,0,0,0,0,0,0,7,0,0,7000,7000,28,45,250,51,32,71,59,51,45,0,39321,146,98,191,126,168,126,26222,39321
62.077,0,822,18,87,56,14.7,-1.0,-0.068,1,0,0,0,12,312,2.328,1,19,126.83,0,0,0,0,1,0,0,0,0,0,0,0,0,0,0,53.95,35,0.32,1,0,0,0,0,0,0,0,0,0,840,820,800,800,1090,1400,78,0.254,26,14.3,16.54,0,126.83,0,19,18,13.478,350.72,1,0.664,0.664,0.547,2.168,0.254,0.02,0,,,,39,0,0,0,0,0,0,0,0,0,0,7,0,0,7000,7000,28,45,250,47,39,71,59,51,45,0,39321,146,98,191,126,168,126,26222,39321
62.137,0,799,18,87,56,14.7,-1.0,-0.068,1,0,0,0,13,312,2.344,1,19,127,0,0,0,0,1,0,0,0,0,0,0,0,0,0,0,54.17,36,0.32,1,0,0,0,0,0,0,0,0,0,800,800,800,800,1090,1400,78,0.254,25.5,14.3,16.54,0,127,0,19,18,13.478,350.72,1,0.664,0.664,0.547,2.168,0.254,0.02,0,,,,39,0,0,0,0,0,0,0,0,0,0,7,0,0,7000,7000,28,45,250,47,39,61,39,51,45,0,39321,146,98,191,123,168,126,26222,39321
62.197,0,809,18,87,56,14.7,-1.0,-0.068,1,0,0,0,12.5,312,2.344,1,18,127,0,0,0,0,1,0,0,0,0,0,0,0,0,0,0,54.17,36,0.32,1,0,0,0,0,0,0,0,0,0,800,810,800,800,1090,1400,78,0.254,25.5,14.3,16.54,0,127,0,18,18,13.478,350.72,1,0.664,0.664,0.547,2.168,0.254,0.02,0,,,,47,0,0,0,0,0,0,0,0,0,0,7,0,0,7000,7000,28,45,250,47,39,61,39,59,44,0,39321,146,98,191,123,168,126,26222,39321
62.257,0,808,18,87,56,14.7,-1.0,-0.068,1,0,0,0,12.5,312,2.344,1,19,127.17,0,0,0,0,1,0,0,0,0,0,0,0,0,0,0,54.17,36,0.32,1,0,0,0,0,0,0,0,0,0,800,810,800,800,1090,1400,78,0.254,25.5,14.3,16.54,0,127.17,0,19,18,13.478,350.72,1,0.684,0.684,0.547,2.168,0.254,0.02,0,,,,64,0,0,0,0,0,0,0,0,0,0,7,0,0,7000,7000,28,45,250,47,40,64,39,59,44,0,39321,146,98,191,123,168,126,26222,39321
62.317,0,803,18,87,56,14.7,-1.0,-0.068,1,0,0,0,13,312,2.344,1,18,127.17,0,0,0,0,1,0,0,0,0,0,0,0,0,0,0,54.17,36,0.32,1,0,0,0,0,0,0,0,0,0,800,800,800,800,1090,1400,78,0.254,25.5,14.3,16.48,0,127.17,0,18,18,13.478,350.72,1,0.664,0.664,0.547,2.168,0.254,0.02,0,,,,44,0,0,0,0,0,0,0,0,0,0,7,0,0,7000,7000,28,45,250,47,40,64,32,51,44,0,39321,146,98,191,120,168,126,26222,39321
62.377,0,807,18,87,56,14.7,-1.0,-0.068,1,0,0,0,12.5,312,2.344,1,18,127.17,0,0,0,0,1,0,0,0,0,0,0,0,0,0,0,54.17,36,0.32,1,0,0,0,0,0,0,0,0,0,800,810,800,800,1090,1400,78,0.254,25.5,14.3,16.48,0,127.17,0,18,18,13.478,350.72,1,0.664,0.664,0.547,2.168,0.254,0.02,0,,,,40,0,0,0,0,0,0,0,0,0,0,7,0,0,7000,7000,28,45,250,49,40,64,32,51,44,0,39321,143,101,191,120,168,126,26222,39321
62.437,0,806,18,87,56,14.7,-1.0,-0.068,1,0,0,0,12.5,312,2.344,1,18,127.17,0,0,0,0,1,0,0,0,0,0,0,0,0,0,0,54.17,36,0.32,1,0,0,0,0,0,0,0,0,0,800,810,800,800,1090,1400,78,0.254,25.5,14.3,16.42,0,127.17,0,18,18,13.478,350.72,1,0.664,0.664,0.547,2.168,0.254,0.02,0,,,,57,0,0,0,0,0,0,0,0,0,0,7,0,0,7000,7000,28,45,250,49,40,54,34,57,44,0,39321,143,101,188,118,168,126,26222,39321
62.497,0,803,18,87,56,14.7,-1.0,-0.068,1,0,0,0,13,312,2.344,1,18,127.17,0,0,0,0,1,0,0,0,0,0,0,0,0,0,0,54.17,36,0.32,1,0,0,0,0,0,0,0,0,0,800,800,800,800,1090,1400,78,0.254,25.5,14.3,16.42,0,127.17,0,18,18,13.478,350.72,1,0.664,0.664,0.547,2.168,0.254,0.02,0,,,,49,0,0,0,0,0,0,0,0,0,0,7,0,0,7000,7000,28,45,250,49,40,54,34,57,49,0,39321,143,101,188,118,168,126,26222,39321
62.557,0,802,18,87,56,14.7,-1.0,-0.068,1,0,0,0,13,312,2.344,1,18,127.17,0,0,0,0,1,0,0,0,0,0,0,0,0,0,0,54.17,36,0.32,1,0,0,0,0,0,0,0,0,0,800,800,800,800,1090,1400,78,0.254,25.5,14.3,16.37,0,127.17,0,18,18,13.478,350.72,1,0.664,0.664,0.547,2.168,0.254,0.02,0,,,,57,0,0,0,0,0,0,0,0,0,0,7,0,0,7000,7000,28,45,250,49,35,57,34,57,49,0,39321,143,101,188,118,168,126,26222,39321
62.617,0,806,18,87,56,14.7,-1.0,-0.068,1,0,0,0,12.5,312,2.344,1,18,127.17,0,0,0,0,1,0,0,0,0,0,0,0,0,0,0,54.17,36,0.32,1,0,0,0,0,0,0,0,0,0,800,810,800,800,1090,1400,78,0.254,25.5,14.3,16.37,0,127.17,0,18,18,13.478,350.72,1,0.664,0.664,0.547,2.168,0.254,0.02,0,,,,47,0,0,0,0,0,0,0,0,0,0,7,0,0,7000,7000,28,45,250,49,35,57,28,57,47,0,39321,143,101,188,115,168,126,26222,39321
62.677,0,808,18,87,56,14.7,-1.0,-0.068,1,0,0,0,12.5,312,2.344,1,19,127.17,0,0,0,0,1,0,0,0,0,0,0,0,0,0,0,54.17,36,0.32,1,0,0,0,0,0,0,0,0,0,800,810,800,800,1090,1400,78,0.254,25.5,14.3,16.31,0,127.17,0,19,18,13.478,350.72,1,0.664,0.664,0.547,2.168,0.254,0.02,0,,,,42,0,0,0,0,0,0,0,0,0,0,7,0,0,7000,7000,28,45,250,56,42,57,28,57,47,0,39321,143,101,188,115,168,126,26222,39321
62.737,0,794,18,87,56,14.7,-1.0,-0.068,1,0,0,0,14,312,2.352,1,18,127.33,0,0,0,0,1,0,0,0,0,0,0,0,0,0,0,54.4,36,0.32,1,0,0,0,0,0,0,0,0,0,800,790,800,800,1090,1400,78,0.254,25.5,14.3,16.31,0,127.33,0,18,18,13.478,350.72,1,0.664,0.664,0.547,2.168,0.254,0.02,0,,,,51,0,0,0,0,0,0,0,0,0,0,7,0,0,7000,7000,28,45,250,56,42,64,30,51,47,0,39321,143,101,188,112,168,126,26222,39321
62.798,0,803,18,87,56,14.7,-1.0,-0.068,1,0,0,0,13,312,2.352,1,18,127.5,0,0,0,0,1,0,0,0,0,0,0,0,0,0,0,54.4,36,0.32,1,0,0,0,0,0,0,0,0,0,800,800,800,800,1090,1400,78,0.254,25.5,14.3,16.31,0,127.5,0,18,18,13.478,350.72,1,0.664,0.664,0.547,2.168,0.254,0.02,0,,,,37,0,0,0,0,0,0,0,0,0,0,7,0,0,7000,7000,28,45,250,37,42,64,30,51,49,0,39321,140,101,188,112,168,126,26222,39321
62.858,0,806,18,87,56,14.7,-1.0,-0.068,1,0,0,0,12.5,312,2.352,1,19,127.5,0,0,0,0,1,0,0,0,0,0,0,0,0,0,0,54.4,36,0.32,1,0,0,0,0,0,0,0,0,0,800,810,800,800,1090,1400,78,0.254,25.5,14.3,16.37,0,127.5,0,19,18,13.478,350.72,1,0.664,0.664,0.547,2.168,0.254,0.02,0,,,,61,0,0,0,0,0,0,0,0,0,0,7,0,0,7000,7000,28,45,250,37,37,61,30,51,49,0,39321,140,101,188,112,168,126,26222,39321
62.917,0,812,18,87,56,14.7,-1.0,-0.068,1,0,0,0,12.5,312,2.352,1,19,127.67,0,0,0,0,1,0,0,0,0,0,0,0,0,0,0,54.4,36,0.32,1,0,0,0,0,0,0,0,0,0,800,810,800,800,1090,1400,78,0.254,25.5,14.3,16.48,0,127.67,0,19,18,13.478,350.72,1,0.664,0.664,0.547,2.168,0.254,0.02,0,,,,47,0,0,0,0,0,0,0,0,0,0,7,0,0,7000,7000,28,45,250,37,37,61,35,61,47,0,39321,140,101,188,112,168,126,26222,39321
62.977,0,816,18,87,56,14.7,-1.0,-0.068,1,0,0,0,12,312,2.352,1,19,127.33,0,0,0,0,1,0,0,0,0,0,0,0,0,0,0,54.17,36,0.32,1,0,0,0,0,0,0,0,0,0,800,820,800,800,1090,1400,78,0.254,25.5,14.3,16.48,0,127.33,0,19,18,13.478,350.72,1,0.664,0.664,0.547,2.168,0.254,0.02,0,,,,37,0,0,0,0,0,0,0,0,0,0,7,0,0,7000,7000,28,45,250,51,37,61,35,61,47,0,39321,140,101,188,112,168,126,26222,39321
63.037,0,817,18,87,56,14.7,-1.0,-0.068,1,0,0,0,12,312,2.352,1,19,127.33,0,0,0,0,1,0,0,0,0,0,0,0,0,0,0,54.17,36,0.32,1,0,0,0,0,0,0,0,0,0,800,820,800,800,1090,1400,78,0.254,25.5,14.3,16.48,0,127.33,0,19,18,13.478,350.72,1,0.664,0.664,0.547,2.168,0.254,0.02,0,,,,51,0,0,0,0,0,0,0,0,0,0,7,0,0,7000,7000,28,45,250,51,37,61,32,51,47,0,39321,140,101,188,109,168,126,26222,39321
63.098,0,823,18,87,56,14.7,-1.0,-0.068,1,0,0,0,12,312,2.344,1,19,127.17,0,0,0,0,1,0,0,0,0,0,0,0,0,0,0,54.17,36,0.32,1,0,0,0,0,0,0,0,0,0,840,820,800,800,1090,1400,78,0.254,25.5,14.3,16.54,0,127.17,0,19,18,13.478,350.72,1,0.664,0.664,0.547,2.168,0.254,0.02,0,,,,57,0,0,0,0,0,0,0,0,0,0,7,0,0,7000,7000,28,45,250,57,37,61,32,51,47,0,39321,140,101,188,109,168,126,26222,39321
63.158,0,817,18,87,56,14.7,-1.0,-0.068,1,0,0,0,12,312,2.344,1,19,127.17,0,0,0,0,1,0,0,0,0,0,0,0,0,0,0,54.17,36,0.32,1,0,0,0,0,0,0,0,0,0,800,820,800,800,1090,1400,78,0.254,25.5,14.3,16.54,0,127.17,0,19,18,13.478,350.72,1,0.664,0.664,0.547,2.168,0.254,0.02,0,,,,37,0,0,0,0,0,0,0,0,0,0,7,0,0,7000,7000,28,45,250,57,30,66,37,51,47,0,39321,140,101,188,109,168,126,26222,39321
63.217,0,810,18,87,56,14.7,-1.0,-0.068,1,0,0,0,12.5,312,2.344,1,19,127.17,0,0,0,0,1,0,0,0,0,0,0,0,0,0,0,54.17,36,0.32,1,0,0,0,0,0,0,0,0,0,800,810,800,800,1090,1400,78,0.254,25.5,14.3,16.54,0,127.17,0,19,18,13.478,350.72,1,0.664,0.664,0.547,2.168,0.254,0.02,0,,,,51,0,0,0,0,0,0,0,0,0,0,7,0,0,7000,7000,28,45,250,57,30,66,37,59,51,0,39321,140,101,188,109,165,129,26222,39321
63.276,0,808,18,87,56,14.7,-1.0,-0.068,1,0,0,0,12.5,312,2.344,1,19,127.17,0,0,0,0,1,0,0,0,0,0,0,0,0,0,0,54.17,36,0.32,1,0,0,0,0,0,0,0,0,0,800,810,800,800,1090,1400,78,0.254,25.5,14.3,16.54,0,127.17,0,19,18,13.478,350.72,1,0.664,0.664,0.547,2.168,0.254,0.02,0,,,,56,0,0,0,0,0,0,0,0,0,0,7,0,0,7000,7000,28,45,250,61,34,56,37,59,51,0,39321,143,98,188,109,165,129,26222,39321
63.336,0,807,18,87,56,14.7,-1.0,-0.068,1,0,0,0,12.5,312,2.344,1,18,127.17,0,0,0,0,1,0,0,0,0,0,0,0,0,0,0,54.17,36,0.32,1,0,0,0,0,0,0,0,0,0,800,810,800,800,1090,1400,78,0.254,25.5,14.3,16.54,0,127.17,0,18,18,13.478,350.72,1,0.664,0.664,0.547,2.168,0.254,0.02,0,,,,56,0,0,0,0,0,0,0,0,0,0,7,0,0,7000,7000,28,45,250,61,34,56,47,56,51,0,39321,143,98,188,109,165,129,26222,39321
63.397,0,817,18,87,56,14.7,-1.0,-0.068,1,0,0,0,12,312,2.344,1,19,127.17,0,0,0,0,1,0,0,0,0,0,0,0,0,0,0,54.17,36,0.32,1,0,0,0,0,0,0,0,0,0,800,820,800,800,1090,1400,78,0.254,25.5,14.3,16.48,0,127.17,0,19,18,13.478,350.72,1,0.664,0.664,0.547,2.168,0.254,0.02,0,,,,54,0,0,0,0,0,0,0,0,0,0,7,0,0,7000,7000,28,45,250,54,34,56,47,56,54,0,39321,143,98,188,109,165,132,26222,39321
63.457,0,802,18,87,56,14.7,-1.0,-0.068,1,0,0,0,13,312,2.344,1,19,127.17,0,0,0,0,1,0,0,0,0,0,0,0,0,0,0,54.17,36,0.32,1,0,0,0,0,0,0,0,0,0,800,800,800,800,1090,1400,78,0.254,25.5,14.3,16.48,0,127.17,0,19,18,13.478,350.72,1,0.664,0.664,0.547,2.168,0.254,0.02,0,,,,40,0,0,0,0,0,0,0,0,0,0,7,0,0,7000,7000,28,45,250,54,42,59,40,56,54,0,39321,143,98,188,109,165,132,26222,39321
63.517,0,801,18,87,56,14.7,-1.0,-0.068,1,0,0,0,13,312,2.344,1,18,127.17,0,0,0,0,1,0,0,0,0,0,0,0,0,0,0,54.17,36,0.32,1,0,0,0,0,0,0,0,0,0,800,800,800,800,1090,1400,78,0.254,25.5,14.3,16.48,0,127.17,0,18,18,13.478,350.72,1,0.664,0.664,0.547,2.168,0.254,0.02,0,,,,45,0,0,0,0,0,0,0,0,0,0,7,0,0,7000,7000,28,45,250,54,42,59,40,57,45,0,39321,143,98,188,109,165,129,26222,39321
63.576,0,809,18,87,56,14.7,-1.0,-0.068,1,0,0,0,12.5,312,2.344,1,19,127.17,0,0,0,0,1,0,0,0,0,0,0,0,0,0,0,54.17,36,0.32,1,0,0,0,0,0,0,0,0,0,800,810,800,800,1090,1400,78,0.254,25.5,14.3,16.42,0,127.17,0,19,18,13.478,350.72,1,0.664,0.664,0.547,2.168,0.254,0.02,0,,,,64,0,0,0,0,0,0,0,0,0,0,7,0,0,7000,7000,28,45,250,61,30,64,40,57,45,0,39321,146,98,188,109,165,129,26222,39321
63.636,0,811,18,87,56,14.7,-1.0,-0.068,1,0,0,0,12.5,312,2.344,1,19,127.17,0,0,0,0,1,0,0,0,0,0,0,0,0,0,0,54.17,36,0.32,1,0,0,0,0,0,0,0,0,0,800,810,800,800,1090,1400,78,0.254,25.5,14.3,16.42,0,127.17,0,19,18,13.478,350.72,1,0.684,0.684,0.547,2.168,0.254,0.02,0,,,,51,0,0,0,0,0,0,0,0,0,0,7,0,0,7000,7000,28,45,250,61,30,64,39,51,45,0,39321,146,98,188,109,163,129,26222,39321
63.697,0,813,18,87,56,14.7,-1.0,-0.068,1,0,0,0,12.5,312,2.344,1,19,127.17,0,0,0,0,1,0,0,0,0,0,0,0,0,0,0,54.17,36,0.32,1,0,0,0,0,0,0,0,0,0,800,810,800,800,1090,1400,78,0.254,25.5,14.3,16.37,0,127.17,0,19,18,13.478,350.72,1,0.664,0.664,0.547,2.168,0.254,0.02,0,,,,34,0,0,0,0,0,0,0,0,0,0,7,0,0,7000,7000,28,45,250,59,34,64,39,51,51,0,39321,149,98,188,109,163,129,26222,39321
63.757,0,805,18,87,56,14.7,-1.0,-0.068,1,0,0,0,12.5,312,2.344,1,19,127.17,0,0,0,0,1,0,0,0,0,0,0,0,0,0,0,54.17,36,0.32,1,0,0,0,0,0,0,0,0,0,800,810,800,800,1090,1400,78,0.254,25.5,14.3,16.37,0,127.17,0,19,18,13.478,350.72,1,0.664,0.664,0.547,2.168,0.254,0.02,0,,,,40,0,0,0,0,0,0,0,0,0,0,7,0,0,7000,7000,28,45,250,59,34,61,40,51,51,0,39321,149,98,185,109,163,129,26222,39321
63.816,0,805,18,87,56,14.7,-1.0,-0.068,1,0,0,0,12.5,312,2.344,1,18,127.17,0,0,0,0,1,0,0,0,0,0,0,0,0,0,0,54.17,36,0.32,1,0,0,0,0,0,0,0,0,0,800,810,800,800,1090,1400,78,0.254,25.5,14.3,16.37,0,127.17,0,18,18,13.478,350.72,1,0.684,0.684,0.547,2.168,0.254,0.02,0,,,,47,0,0,0,0,0,0,0,0,0,0,7,0,0,7000,7000,28,45,250,59,34,61,40,61,47,0,39321,149,98,185,109,165,129,26222,39321
63.876,0,798,18,87,56,14.7,-1.0,-0.068,1,0,0,0,13,312,2.344,1,18,127.17,0,0,0,0,1,0,0,0,0,0,0,0,0,0,0,54.17,36,0.32,1,0,0,0,0,0,0,0,0,0,800,800,800,800,1090,1400,78,0.254,25.5,14.3,16.37,0,127.17,0,18,18,13.478,350.72,1,0.664,0.664,0.547,2.168,0.254,0.02,0,,,,68,0,0,0,0,0,0,0,0,0,0,7,0,0,7000,7000,28,45,250,57,32,68,40,61,47,0,39321,149,98,185,109,165,129,26222,39321
63.936,0,790,18,87,56,14.7,-1.0,-0.068,1,0,0,0,14,312,2.352,1,18,127.33,0,0,0,0,1,0,0,0,0,0,0,0,0,0,0,54.4,36,0.32,1,0,0,0,0,0,0,0,0,0,800,790,800,800,1090,1400,78,0.254,25.5,14.3,16.42,0,127.33,0,18,18,13.478,350.72,1,0.684,0.684,0.547,2.168,0.254,0.02,0,,,,54,0,0,0,0,0,0,0,0,0,0,7,0,0,7000,7000,28,45,250,57,32,68,34,54,47,0,39321,149,98,185,109,163,129,26222,39321
63.996,0,796,18,87,56,14.7,-1.0,-0.068,1,0,0,0,13,312,2.352,1,18,127.5,0,0,0,0,1,0,0,0,0,0,0,0,0,0,0,54.4,36,0.32,1,0,0,0,0,0,0,0,0,0,800,800,800,800,1090,1400,78,0.254,25.5,14.3,16.42,0,127.5,0,18,18,13.478,350.72,1,0.664,0.664,0.547,2.168,0.254,0.02,0,,,,28,0,0,0,0,0,0,0,0,0,0,7,0,0,7000,7000,28,45,250,51,28,68,34,54,40,0,39321,149,95,185,109,163,129,26222,39321
64.056,0,783,18,87,56,14.7,-1.0,-0.068,1,0,0,0,15,312,2.352,1,18,127.67,0,0,0,0,1,0,0,0,0,0,0,0,0,0,0,54.4,36,0.32,1,0,0,0,0,0,0,0,0,0,800,780,800,800,1090,1400,78,0.254,25.5,14.3,16.54,0,127.67,0,18,18,13.478,350.72,1,0.664,0.664,0.547,2.168,0.254,0.02,0,,,,54,0,0,0,0,0,0,0,0,0,0,7,0,0,7000,7000,28,45,250,51,28,66,54,54,40,0,39321,149,95,185,112,163,129,26222,39321
64.116,0,784,18,87,56,14.7,-1.0,-0.068,1,0,0,0,15,312,2.352,1,18,127.83,0,0,0,0,1,0,0,0,0,0,0,0,0,0,0,54.62,36,0.32,1,0,0,0,0,0,0,0,0,0,800,780,800,800,1090,1400,78,0.254,25.5,14.3,16.54,0,127.83,0,18,18,13.478,350.72,1,0.664,0.664,0.547,2.168,0.254,0.02,0,,,,44,0,0,0,0,0,0,0,0,0,0,7,0,0,7000,7000,28,45,250,51,28,66,54,61,44,0,39321,149,95,185,112,163,129,26222,39321
64.176,0,799,18,87,56,14.7,-1.0,-0.068,1,0,0,0,13,312,2.36,1,18,128,0,0,0,0,1,0,0,0,0,0,0,0,0,0,0,54.62,36,0.32,1,0,0,0,0,0,0,0,0,0,800,800,800,800,1090,1400,78,0.254,25.5,14.3,16.54,0,128,0,18,18,13.478,350.72,1,0.664,0.664,0.547,2.168,0.254,0.02,0,,,,52,0,0,0,0,0,0,0,0,0,0,7,0,0,7000,7000,28,45,250,47,32,52,54,61,44,0,39321,149,95,182,112,163,129,26222,39321
64.236,0,790,18,87,56,14.7,-1.0,-0.068,1,0,0,0,14,312,2.36,1,18,128.17,0,0,0,0,1,0,0,0,0,0,0,0,0,0,0,54.62,36,0.32,1,0,0,0,0,0,0,0,0,0,800,790,800,800,1090,1400,78,0.254,25.5,14.3,16.54,0,128.17,0,18,18,13.478,350.72,1,0.684,0.684,0.547,2.168,0.254,0.02,0,,,,56,0,0,0,0,0,0,0,0,0,0,7,0,0,7000,7000,28,45,250,47,32,52,37,56,44,0,39321,149,95,182,112,163,129,26222,39321
64.296,0,799,18,87,56,14.7,-1.0,-0.068,1,0,0,0,13,312,2.36,1,18,128.17,0,0,0,0,1,0,0,0,0,0,0,0,0,0,0,54.62,36,0.32,1,0,0,0,0,0,0,0,0,0,800,800,800,800,1090,1400,78,0.254,25.5,14.3,16.54,0,128.17,0,18,18,13.478,350.72,1,0.664,0.664,0.547,2.168,0.254,0.02,0,,,,54,0,0,0,0,0,0,0,0,0,0,7,0,0,7000,7000,28,45,250,54,32,52,37,56,44,0,39321,149,95,182,112,163,129,26222,39321
64.356,0,806,18,87,56,14.7,-1.0,-0.068,1,0,0,0,12.5,312,2.36,1,19,128,0,0,0,0,1,0,0,0,0,0,0,0,0,0,0,54.62,36,0.32,1,0,0,0,0,0,0,0,0,0,800,810,800,800,1090,1400,78,0.254,25.5,14.3,16.54,0,128,0,19,18,13.478,350.72,1,0.664,0.664,0.547,2.168,0.254,0.02,0,,,,34,0,0,0,0,0,0,0,0,0,0,7,0,0,7000,7000,28,45,250,54,49,66,34,56,44,0,39321,149,98,182,109,163,129,26222,39321
64.416,0,805,18,87,56,14.7,-1.0,-0.068,1,0,0,0,12.5,312,2.352,1,19,127.83,0,0,0,0,1,0,0,0,0,0,0,0,0,0,0,54.4,36,0.32,1,0,0,0,0,0,0,0,0,0,800,810,800,800,1090,1400,78,0.254,25.5,14.3,16.54,0,127.83,0,19,18,13.478,350.72,1,0.664,0.664,0.547,2.168,0.254,0.02,0,,,,44,0,0,0,0,0,0,0,0,0,0,7,0,0,7000,7000,28,45,250,54,49,66,34,59,44,0,39321,149,98,182,109,163,129,26222,39321
64.476,0,809,18,87,56,14.7,-1.0,-0.068,1,0,0,0,12.5,312,2.352,1,19,127.67,0,0,0,0,1,0,0,0,0,0,0,0,0,0,0,54.4,36,0.32,1,0,0,0,0,0,0,0,0,0,800,810,800,800,1090,1400,78,0.254,25.5,14.3,16.54,0,127.67,0,19,18,13.478,350.72,1,0.664,0.664,0.547,2.168,0.254,0.02,0,,,,56,0,0,0,0,0,0,0,0,0,0,7,0,0,7000,7000,28,45,250,61,27,56,34,59,44,0,39321,151,95,182,109,163,129,26222,39321
64.536,0,802,18,87,56,14.7,-1.0,-0.068,1,0,0,0,13,312,2.352,1,18,127.67,0,0,0,0,1,0,0,0,0,0,0,0,0,0,0,54.4,36,0.32,1,0,0,0,0,0,0,0,0,0,800,800,800,800,1090,1400,78,0.254,25.5,14.3,16.48,0,127.67,0,18,18,13.478,350.72,1,0.684,0.684,0.547,2.168,0.254,0.02,0,,,,57,0,0,0,0,0,0,0,0,0,0,7,0,0,7000,7000,28,45,250,61,27,56,37,57,44,0,39321,151,95,182,106,163,129,26222,39321
64.596,0,809,18,87,56,14.7,-1.0,-0.068,1,0,0,0,12.5,312,2.352,1,19,127.67,0,0,0,0,1,0,0,0,0,0,0,0,0,0,0,54.4,36,0.32,1,0,0,0,0,0,0,0,0,0,800,810,800,800,1090,1400,78,0.254,25.5,14.3,16.48,0,127.67,0,19,18,13.478,350.72,1,0.664,0.664,0.547,2.168,0.254,0.02,0,,,,37,0,0,0,0,0,0,0,0,0,0,7,0,0,7000,7000,28,45,250,61,37,56,37,57,44,0,39321,154,95,182,106,163,129,26222,39321
64.656,0,809,18,87,56,14.7,-1.0,-0.068,1,0,0,0,12.5,312,2.352,1,19,127.67,0,0,0,0,1,0,0,0,0,0,0,0,0,0,0,54.4,36,0.32,1,0,0,0,0,0,0,0,0,0,800,810,800,800,1090,1400,78,0.254,25.5,14.3,16.42,0,127.67,0,19,18,13.478,350.72,1,0.664,0.664,0.547,2.168,0.254,0.02,0,,,,40,0,0,0,0,0,0,0,0,0,0,7,0,0,7000,7000,28,45,250,61,37,66,40,57,44,0,39321,154,95,182,106,163,129,26222,39321
64.716,0,813,18,87,56,14.7,-1.0,-0.068,1,0,0,0,12.5,312,2.352,1,19,127.67,0,0,0,0,1,0,0,0,0,0,0,0,0,0,0,54.4,36,0.32,1,0,0,0,0,0,0,0,0,0,800,810,800,800,1090,1400,78,0.254,25.5,14.3,16.42,0,127.67,0,19,18,13.478,350.72,1,0.684,0.684,0.547,2.168,0.254,0.02,0,,,,52,0,0,0,0,0,0,0,0,0,0,7,0,0,7000,7000,28,45,250,61,37,66,40,66,52,0,39321,154,95,182,106,165,129,26222,39321
64.776,0,819,18,87,56,14.7,-1.0,-0.068,1,0,0,0,12,312,2.336,1,19,127.5,0,0,0,0,1,0,0,0,0,0,0,0,0,0,0,54.17,36,0.32,1,0,0,0,0,0,0,0,0,0,800,820,800,800,1090,1400,78,0.254,25.5,14.3,16.37,0,127.5,0,19,18,13.478,350.72,1,0.664,0.664,0.547,2.168,0.254,0.02,0,,,,59,0,0,0,0,0,0,0,0,0,0,7,0,0,7000,7000,28,45,250,54,42,59,40,66,52,0,39321,154,95,182,106,165,129,26222,39321
64.836,0,814,18,87,56,14.7,-1.0,-0.068,1,0,0,0,12.5,312,2.352,1,19,127.33,0,0,0,0,1,0,0,0,0,0,0,0,0,0,0,54.17,36,0.32,1,0,0,0,0,0,0,0,0,0,800,810,800,800,1090,1400,78,0.254,25.5,14.3,16.37,0,127.33,0,19,18,13.478,350.72,1,0.684,0.684,0.547,2.168,0.254,0.02,0,,,,57,0,0,0,0,0,0,0,0,0,0,7,0,0,7000,7000,28,45,250,54,42,59,35,57,52,0,39321,154,95,182,106,165,129,26222,39321
64.897,0,815,18,87,56,14.7,-1.0,-0.068,1,0,0,0,12,312,2.344,1,19,127.17,0,0,0,0,1,0,0,0,0,0,0,0,0,0,0,54.17,36,0.32,1,0,0,0,0,0,0,0,0,0,800,820,800,800,1090,1400,78,0.254,25.5,14.3,16.42,0,127.17,0,19,18,13.478,350.72,1,0.664,0.664,0.547,2.168,0.254,0.02,0,,,,42,0,0,0,0,0,0,0,0,0,0,7,0,0,7000,7000,28,45,250,69,42,59,35,57,45,0,39321,157,95,182,106,165,129,26222,39321
64.957,0,808,18,87,56,14.7,-1.0,-0.068,1,0,0,0,12.5,312,2.344,1,19,127.17,0,0,0,0,1,0,0,0,0,0,0,0,0,0,0,54.17,36,0.32,1,0,0,0,0,0,0,0,0,0,800,810,800,800,1090,1400,78,0.254,25.5,14.3,16.42,0,127.17,0,19,18,13.478,350.72,1,0.684,0.684,0.547,2.168,0.254,0.02,0,,,,42,0,0,0,0,0,0,0,0,0,0,7,0,0,7000,7000,28,45,250,69,42,61,42,57,45,0,39321,157,95,182,106,165,129,26222,39321
65.017,0,807,18,87,56,14.7,-1.0,-0.068,1,0,0,0,12.5,312,2.344,1,18,127.17,0,0,0,0,1,0,0,0,0,0,0,0,0,0,0,54.17,36,0.32,1,0,0,0,0,0,0,0,0,0,800,810,800,800,1090,1400,78,0.254,25.5,14.3,16.37,0,127.17,0,18,18,13.478,350.72,1,0.664,0.664,0.547,2.168,0.254,0.02,0,,,,57,0,0,0,0,0,0,0,0,0,0,7,0,0,7000,7000,28,45,250,57,42,61,42,51,49,0,39321,157,95,182,106,165,129,26222,39321
65.077,0,811,18,87,56,14.7,-1.0,-0.068,1,0,0,0,12.5,312,2.344,1,19,127.17,0,0,0,0,1,0,0,0,0,0,0,0,0,0,0,54.17,36,0.32,1,0,0,0,0,0,0,0,0,0,800,810,800,800,1090,1400,78,0.254,25.5,14.3,16.42,0,127.17,0,19,18,13.478,350.72,1,0.664,0.664,0.547,2.168,0.254,0.02,0,,,,47,0,0,0,0,0,0,0,0,0,0,7,0,0,7000,7000,28,45,250,57,45,47,42,51,49,0,39321,157,95,180,106,165,129,26222,39321
65.137,0,809,18,87,56,14.7,-1.0,-0.068,1,0,0,0,12.5,312,2.344,1,19,127.17,0,0,0,0,1,0,0,0,0,0,0,0,0,0,0,54.17,36,0.32,1,0,0,0,0,0,0,0,0,0,800,810,800,800,1090,1400,78,0.254,25.5,14.3,16.42,0,127.17,0,19,18,13.478,350.72,1,0.664,0.664,0.547,2.168,0.254,0.02,0,,,,56,0,0,0,0,0,0,0,0,0,0,7,0,0,7000,7000,28,45,250,57,45,47,37,56,49,0,39321,157,95,180,106,165,129,26222,39321
65.197,0,810,18,87,56,14.7,-1.0,-0.068,1,0,0,0,12.5,312,2.344,1,19,127.17,0,0,0,0,1,0,0,0,0,0,0,0,0,0,0,54.17,36,0.32,1,0,0,0,0,0,0,0,0,0,800,810,800,800,1090,1400,78,0.254,25.5,14.3,16.48,0,127.17,0,19,18,13.478,350.72,1,0.664,0.664,0.547,2.168,0.254,0.02,0,,,,35,0,0,0,0,0,0,0,0,0,0,7,0,0,7000,7000,28,45,250,57,35,47,37,56,42,0,39321,157,95,180,106,165,129,26222,39321
65.257,0,803,18,87,56,14.7,-1.0,-0.068,1,0,0,0,13,312,2.344,1,19,127.17,0,0,0,0,1,0,0,0,0,0,0,0,0,0,0,54.17,36,0.32,1,0,0,0,0,0,0,0,0,0,800,800,800,800,1090,1400,78,0.254,25.5,14.3,16.54,0,127.17,0,19,18,13.478,350.72,1,0.664,0.664,0.547,2.168,0.254,0.02,0,,,,35,0,0,0,0,0,0,0,0,0,0,7,0,0,7000,7000,28,45,250,57,35,57,35,56,42,0,39321,157,95,180,104,165,129,26222,39321
65.317,0,808,18,87,56,14.7,-1.0,-0.068,1,0,0,0,12.5,312,2.344,1,18,127.17,0,0,0,0,1,0,0,0,0,0,0,0,0,0,0,54.17,36,0.32,1,0,0,0,0,0,0,0,0,0,800,810,800,800,1090,1400,78,0.254,25.5,14.3,16.54,0,127.17,0,18,18,13.478,350.72,1,0.664,0.664,0.547,2.168,0.254,0.02,0,,,,59,0,0,0,0,0,0,0,0,0,0,7,0,0,7000,7000,28,45,250,59,35,57,35,66,45,0,39321,157,95,180,104,168,129,26222,39321
65.377,0,799,18,87,56,14.7,-1.0,-0.068,1,0,0,0,13,312,2.344,1,18,127.17,0,0,0,0,1,0,0,0,0,0,0,0,0,0,0,54.17,36,0.32,1,0,0,0,0,0,0,0,0,0,800,800,800,800,1090,1400,78,0.254,25.5,14.3,16.54,0,127.17,0,18,18,13.478,350.72,1,0.684,0.684,0.547,2.168,0.254,0.02,0,,,,64,0,0,0,0,0,0,0,0,0,0,7,0,0,7000,7000,28,45,250,59,34,64,35,66,45,0,39321,157,95,180,104,168,129,26222,39321
65.437,0,802,18,87,56,14.7,-1.0,-0.068,1,0,0,0,13,312,2.352,1,18,127.5,0,0,0,0,1,0,0,0,0,0,0,0,0,0,0,54.4,36,0.32,1,0,0,0,0,0,0,0,0,0,800,800,800,800,1090,1400,78,0.254,25.5,14.3,16.54,0,127.5,0,18,18,13.478,350.72,1,0.664,0.664,0.547,2.168,0.254,0.02,0,,,,44,0,0,0,0,0,0,0,0,0,0,7,0,0,7000,7000,28,45,250,59,34,64,37,62,44,0,39321,157,95,180,104,168,129,26222,39321
65.497,0,804,18,87,56,14.7,-1.0,-0.068,1,0,0,0,13,312,2.352,1,18,127.5,0,0,0,0,1,0,0,0,0,0,0,0,0,0,0,54.4,36,0.32,1,0,0,0,0,0,0,0,0,0,800,800,800,800,1090,1400,78,0.254,25.5,14.3,16.54,0,127.5,0,18,18,13.478,350.72,1,0.664,0.664,0.547,2.168,0.254,0.02,0,,,,39,0,0,0,0,0,0,0,0,0,0,7,0,0,7000,7000,28,45,250,61,39,64,37,62,44,0,39321,157,98,180,104,168,129,26222,39321
65.557,0,801,18,87,56,14.7,-1.0,-0.068,1,0,0,0,13,312,2.352,1,18,127.5,0,0,0,0,1,0,0,0,0,0,0,0,0,0,0,54.4,36,0.32,1,0,0,0,0,0,0,0,0,0,800,800,800,800,1090,1400,78,0.254,25.5,14.3,16.54,0,127.5,0,18,18,13.478,350.72,1,0.684,0.684,0.547,2.168,0.254,0.02,0,,,,39,0,0,0,0,0,0,0,0,0,0,7,0,0,7000,7000,28,45,250,61,39,64,39,62,44,0,39321,157,98,180,104,168,129,26222,39321
65.617,0,814,18,87,56,14.7,-1.0,-0.068,1,0,0,0,12.5,312,2.352,1,18,127.5,0,0,0,0,1,0,0,0,0,0,0,0,0,0,0,54.17,36,0.32,1,0,0,0,0,0,0,0,0,0,800,810,800,800,1090,1400,78,0.254,25.5,14.3,16.48,0,127.5,0,18,18,13.478,350.72,1,0.664,0.664,0.547,2.168,0.254,0.02,0,,,,69,0,0,0,0,0,0,0,0,0,0,7,0,0,7000,7000,28,45,250,69,39,64,39,74,49,0,39321,160,98,180,104,171,129,26222,39321
65.677,0,816,18,87,56,14.7,-1.0,-0.068,1,0,0,0,12,312,2.352,1,19,127.33,0,0,0,0,1,0,0,0,0,0,0,0,0,0,0,54.17,36,0.32,1,0,0,0,0,0,0,0,0,0,800,820,800,800,1090,1400,78,0.254,25.5,14.3,16.48,0,127.33,0,19,18,13.478,350.72,1,0.664,0.664,0.547,2.168,0.254,0.02,0,,,,57,0,0,0,0,0,0,0,0,0,0,7,0,0,7000,7000,28,45,250,69,35,57,39,74,49,0,39321,160,98,177,104,171,129,26222,39321
65.737,0,808,18,87,56,14.7,-1.0,-0.068,1,0,0,0,12.5,312,2.344,1,19,127.17,0,0,0,0,1,0,0,0,0,0,0,0,0,0,0,54.17,36,0.32,1,0,0,0,0,0,0,0,0,0,800,810,800,800,1090,1400,78,0.254,25.5,14.3,16.48,0,127.17,0,19,18,13.478,350.72,1,0.664,0.664,0.547,2.168,0.254,0.02,0,,,,45,0,0,0,0,0,0,0,0,0,0,7,0,0,7000,7000,28,45,250,69,35,57,44,54,45,0,39321,160,98,177,106,168,129,26222,39