Время, с;Обороты;Нагрузка (ось карт);Наполнение мгновенное;Дроссель открытие;Впрыск, мс;Мёртвое время форсунки;Обогащение ускорения;Смесь из карты (сырьё);УОЗ сырьё;УОЗ из карты;Поправка угла по детонации, °;Давление, кПа;VE (ДАД);Ktps (ДАД);Коррекция по лямбде;Живая карта;Состояние указателя;УОЗ, градусы;Нагрузка TP;Газ, %;Впрыск расчётный, мс;Загрузка форсунок, %;K форсунок;КМ (ДАД);AFR цель;AFR факт (ШДК);Поправка VE (факт/цель);ФЛАГ Отсечка;ФЛАГ Впрыск разрешён;ФЛАГ Замкнутый цикл;ФЛАГ Крэнк;ФЛАГ Нейтраль;ФЛАГ Холостой ход;ФЛАГ Стартер;ФЛАГ Неисправность TPS;ФЛАГ $0053.08 гейт наката;ФЛАГ $0053.40 гейт наката;ФЛАГ $0053.80 не разобран;АЦП Расходомер/ДАД;АЦП Дроссель;АЦП Напряжение борта;АЦП Температура ОЖ;АЦП Лямбда;АЦП канал 9 (свободный)
0.75;0.0;0;0;0;20;97;0;64;50;40;0;0;0.0;0.0;1.0;0;0;20;0.0;0.0;8.48;;345;128;14.7;;;0;0;0;0;1;1;0;0;0;1;0;16;42;144;168;0;35
1.14;0.0;0;0;0;20;97;0;64;50;40;0;0;0.0;0.0;1.0;0;0;20;0.0;0.0;8.48;;345;128;14.7;;;0;0;0;0;1;1;0;0;0;1;0;16;42;144;168;0;50
1.52;0.0;0;0;0;20;97;0;64;50;40;0;0;0.0;0.0;1.0;0;0;20;0.0;0.0;8.48;;345;128;14.7;;;0;0;0;0;1;1;0;0;0;1;0;16;42;144;168;0;40
1.9;0.0;0;0;0;20;97;0;64;50;40;0;0;0.0;0.0;1.0;0;0;20;0.0;0.0;8.48;;345;128;14.7;;;0;0;0;0;1;1;0;0;0;1;0;16;42;144;168;0;38
2.28;0.0;0;0;0;20;97;0;64;50;40;0;0;0.0;0.0;1.0;0;0;20;0.0;0.0;8.48;;345;128;14.7;;;0;0;0;0;1;1;0;0;0;1;0;16;42;144;168;0;41
2.64;0.0;0;0;0;20;97;0;64;50;40;0;0;0.0;0.0;1.0;0;0;20;0.0;0.0;8.48;;345;128;14.7;;;0;0;0;0;1;1;0;0;0;1;0;16;42;144;168;0;40
3.03;0.0;0;0;0;20;97;0;64;50;40;0;0;0.0;0.0;1.0;0;0;20;0.0;0.0;8.48;;345;128;14.7;;;0;0;0;0;1;1;0;0;0;1;0;16;42;144;168;0;109
3.41;0.0;0;0;0;20;97;0;64;50;40;0;0;0.0;0.0;1.0;0;0;20;0.0;0.0;8.48;;345;128;14.7;;;0;0;0;0;1;1;0;0;0;1;0;16;42;144;168;0;40
3.79;0.0;0;0;0;20;97;0;64;50;40;0;0;0.0;0.0;1.0;0;0;20;0.0;0.0;8.48;;345;128;14.7;;;0;0;0;0;1;1;0;0;0;1;0;16;42;144;168;0;109
4.16;0.0;0;0;0;20;97;0;64;50;40;0;0;0.0;0.0;1.0;0;0;20;0.0;0.0;8.48;;345;128;14.7;;;0;0;0;0;1;1;0;0;0;1;0;16;42;144;168;0;41
4.54;0.0;0;0;0;20;97;0;64;50;40;0;0;0.0;0.0;1.0;0;0;20;0.0;0.0;8.48;;345;128;14.7;;;0;0;0;0;1;1;0;0;0;1;0;16;42;144;168;0;40
4.92;0.0;0;0;0;20;97;0;64;50;40;0;0;0.0;0.0;1.0;0;0;20;0.0;0.0;8.48;;345;128;14.7;;;0;0;0;0;1;1;0;0;0;1;0;16;42;144;168;0;50
5.3;0.0;0;0;0;20;97;0;64;50;40;0;0;0.0;0.0;1.0;0;0;20;0.0;0.0;8.48;;345;128;14.7;;;0;0;0;0;1;1;0;0;0;1;0;16;42;144;168;0;40
5.69;0.0;0;0;0;20;97;0;64;50;40;0;0;0.0;0.0;1.0;0;0;20;0.0;0.0;8.48;;345;128;14.7;;;0;0;0;0;1;1;0;0;0;1;0;16;42;144;168;0;50
6.06;0.0;0;0;0;20;97;0;64;50;40;0;0;0.0;0.0;1.0;0;0;20;0.0;0.0;8.48;;345;128;14.7;;;0;0;0;0;1;1;0;0;0;1;0;16;42;144;168;0;41
6.44;0.0;0;0;0;20;97;0;64;50;40;0;0;0.0;0.0;1.0;0;0;20;0.0;0.0;8.48;;345;128;14.7;;;0;0;0;0;1;1;0;0;0;1;0;16;42;144;168;0;40
6.83;0.0;0;0;0;20;97;0;64;50;40;0;0;0.0;0.0;1.0;0;0;20;0.0;0.0;8.48;;345;128;14.7;;;0;0;0;0;1;1;0;0;0;1;0;16;42;144;168;0;108
7.22;0.0;0;0;0;20;97;0;64;50;40;0;0;0.0;0.0;1.0;0;0;20;0.0;0.0;8.48;;345;128;14.7;;;0;0;0;0;1;1;0;0;0;1;0;16;42;144;168;0;41
7.58;0.0;0;0;0;20;97;0;64;50;40;0;0;0.0;0.0;1.0;0;0;20;0.0;0.3;8.48;;345;128;14.7;;;0;0;0;0;1;1;0;0;0;1;0;16;43;144;168;0;35
7.95;0.0;0;0;48;20;97;0;64;50;42;0;0;0.0;0.0;1.0;0;0;20;0.0;28.2;8.48;;345;128;14.7;;;0;0;0;0;1;0;0;0;0;1;0;16;139;144;168;0;40
8.35;0.0;0;0;48;20;97;0;64;50;42;0;0;0.0;0.0;1.0;0;0;20;0.0;28.2;8.48;;345;128;14.7;;;0;0;0;0;1;0;0;0;0;1;0;16;139;144;168;0;40
8.72;0.0;0;0;1;20;97;0;64;50;35;0;0;0.0;0.0;1.0;0;0;20;0.0;0.6;8.48;;345;128;14.7;;;0;0;0;0;1;1;0;0;0;1;0;16;44;144;168;0;40
9.09;0.0;0;0;0;20;97;0;64;50;35;0;0;0.0;0.0;1.0;0;0;20;0.0;0.0;8.48;;345;128;14.7;;;0;0;0;0;1;1;0;0;0;1;0;16;42;144;168;0;41
9.5;0.0;0;0;0;20;97;0;64;50;35;0;0;0.0;0.0;1.0;0;0;20;0.0;0.0;8.48;;345;128;14.7;;;0;0;0;0;1;1;0;0;0;1;0;16;42;144;168;0;50
9.85;0.0;0;0;173;20;97;0;64;50;42;0;0;0.0;0.0;1.0;0;0;20;0.0;100.0;8.48;;345;128;14.7;;;0;0;0;0;1;0;0;0;0;1;0;16;388;144;168;0;40
10.22;0.0;0;0;173;20;97;0;64;50;42;0;0;0.0;0.0;1.0;0;0;20;0.0;100.0;8.48;;345;128;14.7;;;0;0;0;0;1;0;0;0;0;1;0;16;388;144;168;0;50
10.61;0.0;0;0;173;20;97;0;64;50;42;0;0;0.0;0.0;1.0;0;0;20;0.0;100.0;8.48;;345;128;14.7;;;0;0;0;0;1;0;0;0;0;1;0;16;388;144;168;0;35
10.99;0.0;0;0;173;20;97;0;64;50;42;0;0;0.0;0.0;1.0;0;0;20;0.0;100.0;8.48;;345;128;14.7;;;0;0;0;0;1;0;0;0;0;1;0;16;388;144;168;0;40
11.36;0.0;0;0;13;20;97;0;64;50;42;0;0;0.0;0.0;1.0;0;0;20;0.0;7.6;8.48;;345;128;14.7;;;0;0;0;0;1;0;0;0;0;1;0;16;68;144;168;0;40
11.76;0.0;0;0;13;20;97;0;64;50;42;0;0;0.0;0.0;1.0;0;0;20;0.0;7.6;8.48;;345;128;14.7;;;0;0;0;0;1;0;0;0;0;1;0;16;68;144;168;0;50
12.13;0.0;0;0;13;20;97;0;64;50;42;0;0;0.0;0.0;1.0;0;0;20;0.0;7.6;8.48;;345;128;14.7;;;0;0;0;0;1;0;0;0;0;1;0;16;68;144;168;0;108
12.5;0.0;0;0;13;20;97;0;64;50;42;0;0;0.0;0.0;1.0;0;0;20;0.0;7.6;8.48;;345;128;14.7;;;0;0;0;0;1;0;0;0;0;1;0;16;68;144;168;0;40
12.89;0.0;0;0;13;20;97;0;64;50;42;0;0;0.0;0.0;1.0;0;0;20;0.0;7.6;8.48;;345;128;14.7;;;0;0;0;0;1;0;0;0;0;1;0;16;68;144;168;0;41
13.27;0.0;0;0;0;20;97;0;64;50;35;0;0;0.0;0.0;1.0;0;0;20;0.0;0.0;8.48;;345;128;14.7;;;0;0;0;0;1;1;0;0;0;1;0;16;42;144;168;0;50
13.64;0.0;0;0;0;20;97;0;64;50;35;0;0;0.0;0.0;1.0;0;0;20;0.0;0.0;8.48;;345;128;14.7;;;0;0;0;0;1;1;0;0;0;1;0;16;42;144;168;0;35
14.02;0.0;0;0;0;20;97;0;64;50;35;0;0;0.0;0.0;1.0;0;0;20;0.0;0.0;8.48;;345;128;14.7;;;0;0;0;0;1;1;0;0;0;1;0;16;42;144;168;0;40
14.41;0.0;0;0;9;20;97;0;64;50;42;0;0;0.0;0.0;1.0;0;0;20;0.0;5.5;8.48;;345;128;14.7;;;0;0;0;0;1;0;0;0;0;1;0;16;61;144;168;0;41
14.77;0.0;0;0;18;20;97;0;64;50;42;0;0;0.0;0.0;1.0;0;0;20;0.0;10.8;8.48;;345;128;14.7;;;0;0;0;0;1;0;0;0;0;1;0;16;79;144;168;0;50
15.16;0.0;0;0;18;20;97;0;64;50;42;0;0;0.0;0.0;1.0;0;0;20;0.0;10.8;8.48;;345;128;14.7;;;0;0;0;0;1;0;0;0;0;1;0;16;79;144;168;0;35
15.55;0.0;0;0;18;20;97;0;64;50;42;0;0;0.0;0.0;1.0;0;0;20;0.0;10.8;8.48;;345;128;14.7;;;0;0;0;0;1;0;0;0;0;1;0;16;79;144;168;0;40
15.93;0.0;0;0;2;20;97;0;64;50;42;0;0;0.0;0.0;1.0;0;0;20;0.0;1.2;8.48;;345;128;14.7;;;0;0;0;0;1;0;0;0;0;1;0;16;46;144;168;0;41
16.31;0.0;0;0;0;20;97;0;64;50;35;0;0;0.0;0.0;1.0;0;0;20;0.0;0.0;8.48;;345;128;14.7;;;0;0;0;0;1;1;0;0;0;1;0;16;42;144;168;0;50
16.68;0.0;0;0;0;20;97;0;64;50;35;0;0;0.0;0.0;1.0;0;0;20;0.0;0.0;8.48;;345;128;14.7;;;0;0;0;0;1;1;0;0;0;1;0;16;42;144;168;0;40
17.07;0.0;0;0;28;20;97;0;64;50;42;0;0;0.0;0.0;1.0;0;0;20;0.0;16.3;8.48;;345;128;14.7;;;0;0;0;0;1;0;0;0;0;1;0;16;98;144;168;0;41
17.42;0.0;0;0;28;20;97;0;64;50;42;0;0;0.0;0.0;1.0;0;0;20;0.0;16.3;8.48;;345;128;14.7;;;0;0;0;0;1;0;0;0;0;1;0;16;98;144;168;0;40
17.83;0.0;0;0;28;20;97;0;64;50;42;0;0;0.0;0.0;1.0;0;0;20;0.0;16.3;8.48;;345;128;14.7;;;0;0;0;0;1;0;0;0;0;1;0;16;98;144;168;0;50
18.2;0.0;0;0;28;20;97;0;64;50;42;0;0;0.0;0.0;1.0;0;0;20;0.0;16.3;8.48;;345;128;14.7;;;0;0;0;0;1;0;0;0;0;1;0;16;98;144;168;0;108
18.57;0.0;0;0;23;20;98;0;64;50;42;0;0;0.0;0.0;1.0;0;0;20;0.0;13.7;8.49;;345;128;14.7;;;0;0;0;0;1;0;0;0;0;1;0;16;89;144;168;0;41
18.95;0.0;0;0;0;20;97;0;64;50;35;0;0;0.0;0.0;1.0;0;0;20;0.0;0.0;8.48;;345;128;14.7;;;0;0;0;0;1;1;0;0;0;1;0;16;42;144;168;0;41
19.32;0.0;0;0;0;20;98;0;64;50;35;0;0;0.0;0.0;1.0;0;0;20;0.0;0.0;8.49;;345;128;14.7;;;0;0;0;0;1;1;0;0;0;1;0;16;42;143;168;0;50
19.7;0.0;0;0;0;20;98;0;64;50;35;0;0;0.0;0.0;1.0;0;0;20;0.0;0.0;8.49;;345;128;14.7;;;0;0;0;0;1;1;0;0;0;1;0;16;42;143;168;0;40
20.09;0.0;0;0;0;20;97;0;64;50;35;0;0;0.0;0.0;1.0;0;0;20;0.0;0.0;8.48;;345;128;14.7;;;0;0;0;0;1;1;0;0;0;1;0;16;42;144;168;0;50
20.46;0.0;0;0;150;20;98;0;64;50;42;0;0;0.0;0.0;1.0;0;0;20;0.0;87.2;8.49;;345;128;14.7;;;0;0;0;0;1;0;0;0;0;1;0;16;342;143;168;0;108
20.84;0.0;0;0;150;20;98;0;64;50;42;0;0;0.0;0.0;1.0;0;0;20;0.0;87.2;8.49;;345;128;14.7;;;0;0;0;0;1;0;0;0;0;1;0;16;342;143;168;0;50
21.21;0.0;0;0;150;20;97;0;64;50;42;0;0;0.0;0.0;1.0;0;0;20;0.0;87.2;8.48;;345;128;14.7;;;0;0;0;0;1;0;0;0;0;1;0;16;342;144;168;0;108
21.6;0.0;0;0;118;20;98;0;64;50;42;0;0;0.0;0.0;1.0;0;0;20;0.0;68.6;8.49;;345;128;14.7;;;0;0;0;0;1;0;0;0;0;1;0;16;278;144;168;0;41
21.98;0.0;0;0;0;20;97;0;64;50;35;0;0;0.0;0.0;1.0;0;0;20;0.0;0.0;8.48;;345;128;14.7;;;0;0;0;0;1;1;0;0;0;1;0;16;42;144;168;0;41
22.36;0.0;0;0;0;20;98;0;64;50;35;0;0;0.0;0.0;1.0;0;0;20;0.0;0.0;8.49;;345;128;14.7;;;0;0;0;0;1;1;0;0;0;1;0;16;42;143;168;0;50
22.73;0.0;0;0;0;20;98;0;64;50;35;0;0;0.0;0.0;1.0;0;0;20;0.0;0.0;8.49;;345;128;14.7;;;0;0;0;0;1;1;0;0;0;1;0;16;42;143;168;0;40
23.11;0.0;0;0;0;20;97;0;64;50;35;0;0;0.0;0.0;1.0;0;0;20;0.0;0.0;8.48;;345;128;14.7;;;0;0;0;0;1;1;0;0;0;1;0;16;42;144;168;0;50
23.49;0.0;0;0;0;20;97;0;64;50;35;0;0;0.0;0.0;1.0;0;0;20;0.0;0.0;8.48;;345;128;14.7;;;0;0;0;0;1;1;0;0;0;1;0;16;42;144;168;0;108
23.88;0.0;0;0;0;20;98;0;64;50;35;0;0;0.0;0.0;1.0;0;0;20;0.0;0.0;8.49;;345;128;14.7;;;0;0;0;0;1;1;0;0;0;1;0;16;42;143;168;0;40
24.26;0.0;0;0;0;20;97;0;64;50;35;0;0;0.0;0.0;1.0;0;0;20;0.0;0.0;8.48;;345;128;14.7;;;0;0;0;0;1;1;0;0;0;1;0;16;42;144;168;0;41
24.63;0.0;0;0;0;20;97;0;64;50;35;0;0;0.0;0.0;1.0;0;0;20;0.0;0.0;8.48;;345;128;14.7;;;0;0;0;0;1;1;0;0;0;1;0;16;42;144;168;0;50
25.0;0.0;0;0;0;20;97;0;64;50;35;0;0;0.0;0.0;1.0;0;0;20;0.0;0.0;8.48;;345;128;14.7;;;0;0;0;0;1;1;0;0;0;1;0;16;42;144;168;0;40
25.39;0.0;0;0;0;20;97;0;64;50;35;0;0;0.0;0.0;1.0;0;0;20;0.0;0.0;8.48;;345;128;14.7;;;0;0;0;0;1;1;0;0;0;1;0;16;42;144;168;0;50
25.76;0.0;0;0;0;20;97;0;64;50;35;0;0;0.0;0.0;1.0;0;0;20;0.0;0.0;8.48;;345;128;14.7;;;0;0;0;0;1;1;0;0;0;1;0;16;42;144;168;0;109
26.17;0.0;0;0;0;20;97;0;64;50;35;0;0;0.0;0.0;1.0;0;0;20;0.0;0.0;8.48;;345;128;14.7;;;0;0;0;0;1;1;0;0;0;1;0;16;42;144;168;0;40
26.52;0.0;0;0;0;20;97;0;64;50;35;0;0;0.0;0.0;1.0;0;0;20;0.0;0.0;8.48;;345;128;14.7;;;0;0;0;0;1;1;0;0;0;1;0;16;42;144;168;0;41
26.9;0.0;0;0;0;20;97;0;64;50;35;0;0;0.0;0.0;1.0;0;0;20;0.0;0.0;8.48;;345;128;14.7;;;0;0;0;0;1;1;0;0;0;1;0;16;42;144;168;0;38
27.27;0.0;0;0;0;20;97;0;64;50;35;0;0;0.0;0.0;1.0;0;0;20;0.0;0.0;8.48;;345;128;14.7;;;0;0;0;0;1;1;0;0;0;1;0;16;42;144;168;0;41
27.66;0.0;0;0;0;20;97;0;64;50;35;0;0;0.0;0.0;1.0;0;0;20;0.0;0.0;8.48;;345;128;14.7;;;0;0;0;0;1;1;0;0;0;1;0;16;42;144;168;0;50
28.03;0.0;0;0;0;20;97;0;64;50;35;0;0;0.0;0.0;1.0;0;0;20;0.0;0.0;8.48;;345;128;14.7;;;0;0;0;0;1;1;0;0;0;1;0;16;42;144;168;0;109
28.41;0.0;0;0;0;20;97;0;64;50;35;0;0;0.0;0.0;1.0;0;0;20;0.0;0.0;8.48;;345;128;14.7;;;0;0;0;0;1;1;0;0;0;1;0;16;42;144;168;0;40
28.8;0.0;0;0;0;20;97;0;64;50;35;0;0;0.0;0.0;1.0;0;0;20;0.0;0.0;8.48;;345;128;14.7;;;0;0;0;0;1;1;0;0;0;1;0;16;42;144;168;0;42
29.17;0.0;0;0;0;20;98;0;64;50;35;0;0;0.0;0.0;1.0;0;0;20;0.0;0.0;8.49;;345;128;14.7;;;0;0;0;0;1;1;0;0;0;1;0;16;42;143;168;0;50
29.56;0.0;0;0;0;20;97;0;64;50;35;0;0;0.0;0.0;1.0;0;0;20;0.0;0.0;8.48;;345;128;14.7;;;0;0;0;0;1;1;0;0;0;1;0;16;42;144;168;0;40
29.92;0.0;0;0;0;20;97;0;64;50;35;0;0;0.0;0.0;1.0;0;0;20;0.0;0.0;8.48;;345;128;14.7;;;0;0;0;0;1;1;0;0;0;1;0;16;42;144;168;0;50
30.32;0.0;0;0;0;20;98;0;64;50;35;0;0;0.0;0.0;1.0;0;0;20;0.0;0.0;8.49;;345;128;14.7;;;0;0;0;0;1;1;0;0;0;1;0;16;42;143;168;0;109
30.7;0.0;0;0;0;20;97;0;64;50;35;0;0;0.0;0.0;1.0;0;0;20;0.0;0.0;8.48;;345;128;14.7;;;0;0;0;0;1;1;0;0;0;1;0;16;42;144;168;0;40
31.07;0.0;0;0;0;20;97;0;64;50;35;0;0;0.0;0.0;1.0;0;0;20;0.0;0.0;8.48;;345;128;14.7;;;0;0;0;0;1;1;0;0;0;1;0;16;42;144;168;0;42
31.44;0.0;0;0;0;20;97;0;64;50;35;0;0;0.0;0.0;1.0;0;0;20;0.0;0.0;8.48;;345;128;14.7;;;0;0;0;0;1;1;0;0;0;1;0;16;42;144;168;0;38
31.82;0.0;0;0;0;20;97;0;64;50;35;0;0;0.0;0.0;1.0;0;0;20;0.0;0.0;8.48;;345;128;14.7;;;0;0;0;0;1;1;0;0;0;1;0;16;42;144;168;0;40
32.21;0.0;0;0;0;20;97;0;64;50;35;0;0;0.0;0.0;1.0;0;0;20;0.0;0.0;8.48;;345;128;14.7;;;0;0;0;0;1;1;0;0;0;1;0;16;42;144;168;0;50
32.58;0.0;0;0;0;20;97;0;64;50;35;0;0;0.0;0.0;1.0;0;0;20;0.0;0.0;8.48;;345;128;14.7;;;0;0;0;0;1;1;0;0;0;1;0;16;42;144;168;0;108
32.98;0.0;0;0;0;20;97;0;64;50;35;0;0;0.0;0.0;1.0;0;0;20;0.0;0.0;8.48;;345;128;14.7;;;0;0;0;0;1;1;0;0;0;1;0;16;42;144;168;0;40
33.33;0.0;0;0;0;20;97;0;64;50;35;0;0;0.0;0.0;1.0;0;0;20;0.0;0.0;8.48;;345;128;14.7;;;0;0;0;0;1;1;0;0;0;1;0;16;42;144;168;0;42
33.71;0.0;0;0;0;20;97;0;64;50;35;0;0;0.0;0.0;1.0;0;0;20;0.0;0.0;8.48;;345;128;14.7;;;0;0;0;0;1;1;0;0;0;1;0;16;42;144;168;0;50
34.1;0.0;0;0;0;20;97;0;64;50;35;0;0;0.0;0.0;1.0;0;0;20;0.0;0.0;8.48;;345;128;14.7;;;0;0;0;0;1;1;0;0;0;1;0;16;42;144;168;0;40
34.48;0.0;0;0;0;20;97;0;64;50;35;0;0;0.0;0.0;1.0;0;0;20;0.0;0.0;8.48;;345;128;14.7;;;0;0;0;0;1;1;0;0;0;1;0;16;42;144;168;0;41
34.85;0.0;0;0;0;20;97;0;64;50;35;0;0;0.0;0.0;1.0;0;0;20;0.0;0.0;8.48;;345;128;14.7;;;0;0;0;0;1;1;0;0;0;1;0;16;42;144;168;0;108
35.24;0.0;0;0;0;20;97;0;64;50;35;0;0;0.0;0.0;1.0;0;0;20;0.0;0.0;8.48;;345;128;14.7;;;0;0;0;0;1;1;0;0;0;1;0;16;42;144;168;0;40
35.62;0.0;0;0;0;20;97;0;64;50;35;0;0;0.0;0.0;1.0;0;0;20;0.0;0.0;8.48;;345;128;14.7;;;0;0;0;0;1;1;0;0;0;1;0;16;42;144;168;0;40
35.99;0.0;0;0;0;20;97;0;64;50;35;0;0;0.0;0.0;1.0;0;0;20;0.0;0.0;8.48;;345;128;14.7;;;0;0;0;0;1;1;0;0;0;1;0;16;42;144;168;0;50
36.37;0.0;0;0;0;20;97;0;64;50;35;0;0;0.0;0.0;1.0;0;0;20;0.0;0.0;8.48;;345;128;14.7;;;0;0;0;0;1;1;0;0;0;1;0;16;42;144;168;0;114
36.76;0.0;0;0;47;20;97;0;64;50;42;0;0;0.0;0.0;1.0;0;0;20;0.0;27.6;8.48;;345;128;14.7;;;0;0;0;0;1;0;0;0;0;1;0;16;137;144;168;0;40
37.13;0.0;0;0;47;20;97;0;64;50;42;0;0;0.0;0.0;1.0;0;0;20;0.0;27.6;8.48;;345;128;14.7;;;0;0;0;0;1;0;0;0;0;1;0;16;137;144;168;0;41
37.51;0.0;0;0;47;20;97;0;64;50;42;0;0;0.0;0.0;1.0;0;0;20;0.0;27.6;8.48;;345;128;14.7;;;0;0;0;0;1;0;0;0;0;1;0;16;137;144;168;0;41
37.88;0.0;0;0;2;20;97;0;64;50;42;0;0;0.0;0.0;1.0;0;0;20;0.0;1.2;8.48;;345;128;14.7;;;0;0;0;0;1;0;0;0;0;1;0;16;46;144;168;0;40
38.27;0.0;0;0;0;20;97;0;64;50;35;0;0;0.0;0.0;1.0;0;0;20;0.0;0.0;8.48;;345;128;14.7;;;0;0;0;0;1;1;0;0;0;1;0;16;42;144;168;0;40
38.66;0.0;0;0;0;20;97;0;64;50;35;0;0;0.0;0.0;1.0;0;0;20;0.0;0.0;8.48;;345;128;14.7;;;0;0;0;0;1;1;0;0;0;1;0;16;42;144;168;0;41
39.03;0.0;0;0;0;20;97;0;64;50;35;0;0;0.0;0.0;1.0;0;0;20;0.0;0.0;8.48;;345;128;14.7;;;0;0;0;0;1;1;0;0;0;1;0;16;42;144;168;0;50
39.41;0.0;0;0;94;20;97;0;64;50;42;0;0;0.0;0.0;1.0;0;0;20;0.0;54.7;8.48;;345;128;14.7;;;0;0;0;0;1;0;0;0;0;1;0;16;230;144;168;0;41
39.79;0.0;0;0;22;20;97;0;64;50;42;0;0;0.0;0.0;1.0;0;0;20;0.0;13.1;8.48;;345;128;14.7;;;0;0;0;0;1;0;0;0;0;1;0;16;87;144;168;0;50
40.15;0.0;0;0;0;20;97;0;64;50;35;0;0;0.0;0.0;1.0;0;0;20;0.0;0.0;8.48;;345;128;14.7;;;0;0;0;0;1;1;0;0;0;1;0;16;42;144;168;0;109
40.55;0.0;0;0;0;20;97;0;64;50;35;0;0;0.0;0.0;1.0;0;0;20;0.0;0.0;8.48;;345;128;14.7;;;0;0;0;0;1;1;0;0;0;1;0;16;42;144;168;0;40
40.91;0.0;0;0;0;20;97;0;64;50;35;0;0;0.0;0.0;1.0;0;0;20;0.0;0.0;8.48;;345;128;14.7;;;0;0;0;0;1;1;0;0;0;1;0;16;42;144;168;0;41
41.31;0.0;0;0;72;20;97;0;64;50;42;0;0;0.0;0.0;1.0;0;0;20;0.0;42.2;8.48;;345;128;14.7;;;0;0;0;0;1;0;0;0;0;1;0;16;187;144;168;0;41
41.69;0.0;0;0;72;20;97;0;64;50;42;0;0;0.0;0.0;1.0;0;0;20;0.0;42.2;8.48;;345;128;14.7;;;0;0;0;0;1;0;0;0;0;1;0;16;187;144;168;0;41
42.05;0.0;0;0;72;20;97;0;64;50;42;0;0;0.0;0.0;1.0;0;0;20;0.0;42.2;8.48;;345;128;14.7;;;0;0;0;0;1;0;0;0;0;1;0;16;187;144;168;0;50
42.45;0.0;0;0;1;20;97;0;64;50;35;0;0;0.0;0.0;1.0;0;0;20;0.0;0.6;8.48;;345;128;14.7;;;0;0;0;0;1;1;0;0;0;1;0;16;44;144;168;0;109
42.82;0.0;0;0;0;20;97;0;64;50;35;0;0;0.0;0.0;1.0;0;0;20;0.0;0.0;8.48;;345;128;14.7;;;0;0;0;0;1;1;0;0;0;1;0;16;42;144;168;0;50
43.2;0.0;0;0;0;20;97;0;64;50;35;0;0;0.0;0.0;1.0;0;0;20;0.0;0.0;8.48;;345;128;14.7;;;0;0;0;0;1;1;0;0;0;1;0;16;42;144;168;0;40
43.57;0.0;0;0;2;20;97;0;64;50;42;0;0;0.0;0.0;1.0;0;0;20;0.0;1.5;8.48;;345;128;14.7;;;0;0;0;0;1;0;0;0;0;1;0;16;47;144;168;0;50
43.96;0.0;0;0;71;20;97;0;64;50;42;0;0;0.0;0.0;1.0;0;0;20;0.0;41.3;8.48;;345;128;14.7;;;0;0;0;0;1;0;0;0;0;1;0;16;184;144;168;0;40
44.33;0.0;0;0;72;20;97;0;64;50;42;0;0;0.0;0.0;1.0;0;0;20;0.0;42.2;8.48;;345;128;14.7;;;0;0;0;0;1;0;0;0;0;1;0;16;187;144;168;0;41
44.71;0.0;0;0;0;20;97;0;64;50;35;0;0;0.0;0.0;1.0;0;0;20;0.0;0.0;8.48;;345;128;14.7;;;0;0;0;0;1;1;0;0;0;1;0;16;42;144;168;0;109
45.08;0.0;0;0;0;20;98;0;64;50;35;0;0;0.0;0.0;1.0;0;0;20;0.0;0.0;8.49;;345;128;14.7;;;0;0;0;0;1;1;0;0;0;1;0;16;42;143;168;0;40
45.48;0.0;0;0;0;20;98;0;64;50;35;0;0;0.0;0.0;1.0;0;0;20;0.0;0.0;8.49;;345;128;14.7;;;0;0;0;0;1;1;0;0;0;1;0;16;42;143;168;0;42
45.86;0.0;0;0;0;20;98;0;64;50;35;0;0;0.0;0.0;1.0;0;0;20;0.0;0.0;8.49;;345;128;14.7;;;0;0;0;0;1;1;0;0;0;1;0;16;42;143;168;0;40
46.21;0.0;0;0;0;20;98;0;64;50;35;0;0;0.0;0.0;1.0;0;0;20;0.0;0.0;8.49;;345;128;14.7;;;0;0;0;0;1;1;0;0;0;1;0;16;42;143;168;0;41
46.6;0.0;0;0;3;20;98;0;64;50;35;0;0;0.0;0.0;1.0;0;0;20;0.0;1.7;8.49;;345;128;14.7;;;0;0;0;0;1;0;0;0;0;1;0;16;48;143;168;0;50
46.98;0.0;0;0;22;20;98;0;64;50;42;0;0;0.0;0.0;1.0;0;0;20;0.0;13.1;8.49;;345;128;14.7;;;0;0;0;0;1;0;0;0;0;1;0;16;87;143;168;0;108
47.36;0.0;0;0;0;20;98;0;64;50;35;0;0;0.0;0.0;1.0;0;0;20;0.0;0.0;8.49;;345;128;14.7;;;0;0;0;0;1;1;0;0;0;1;0;16;42;143;168;0;50
47.76;0.0;0;0;0;20;97;0;64;50;35;0;0;0.0;0.0;1.0;0;0;20;0.0;0.0;8.48;;345;128;14.7;;;0;0;0;0;1;1;0;0;0;1;0;16;42;144;168;0;41
48.12;0.0;0;0;0;20;97;0;64;50;35;0;0;0.0;0.0;1.0;0;0;20;0.0;0.0;8.48;;345;128;14.7;;;0;0;0;0;1;1;0;0;0;1;0;16;42;144;168;0;50
48.5;0.0;0;0;0;20;98;0;64;50;35;0;0;0.0;0.0;1.0;0;0;20;0.0;0.0;8.49;;345;128;14.7;;;0;0;0;0;1;1;0;0;0;1;0;16;42;144;168;0;44
48.88;0.0;0;0;0;20;97;0;64;50;35;0;0;0.0;0.0;1.0;0;0;20;0.0;0.0;8.48;;345;128;14.7;;;0;0;0;0;1;1;0;0;0;1;0;16;42;144;168;0;41
49.26;0.0;0;0;0;20;97;0;64;50;35;0;0;0.0;0.0;1.0;0;0;20;0.0;0.0;8.48;;345;128;14.7;;;0;0;0;0;1;1;0;0;0;1;0;16;42;144;168;0;109
49.64;0.0;0;0;0;20;97;0;64;50;35;0;0;0.0;0.0;1.0;0;0;20;0.0;0.0;8.48;;345;128;14.7;;;0;0;0;0;1;1;0;0;0;1;0;16;42;144;168;0;40
50.01;0.0;0;0;0;20;97;0;64;50;35;0;0;0.0;0.0;1.0;0;0;20;0.0;0.0;8.48;;345;128;14.7;;;0;0;0;0;1;1;0;0;0;1;0;16;42;144;168;0;40
50.39;0.0;0;0;0;20;97;0;64;50;35;0;0;0.0;0.0;1.0;0;0;20;0.0;0.0;8.48;;345;128;14.7;;;0;0;0;0;1;1;0;0;0;1;0;16;42;144;168;0;50
50.78;0.0;0;0;0;20;97;0;64;50;35;0;0;0.0;0.0;1.0;0;0;20;0.0;0.0;8.48;;345;128;14.7;;;0;0;0;0;1;1;0;0;0;1;0;16;42;144;168;0;35
51.16;0.0;0;0;0;20;97;0;64;50;35;0;0;0.0;0.0;1.0;0;0;20;0.0;0.0;8.48;;345;128;14.7;;;0;0;0;0;1;1;0;0;0;1;0;16;42;144;168;0;41
51.54;0.0;0;0;0;20;97;0;64;50;35;0;0;0.0;0.0;1.0;0;0;20;0.0;0.0;8.48;;345;128;14.7;;;0;0;0;0;1;1;0;0;0;1;0;16;42;144;168;0;109
51.91;0.0;0;0;0;20;97;0;64;50;35;0;0;0.0;0.0;1.0;0;0;20;0.0;0.0;8.48;;345;128;14.7;;;0;0;0;0;1;1;0;0;0;1;0;16;42;144;168;0;40
52.28;0.0;0;0;0;20;97;0;64;50;35;0;0;0.0;0.0;1.0;0;0;20;0.0;0.0;8.48;;345;128;14.7;;;0;0;0;0;1;1;0;0;0;1;0;16;42;144;168;0;41
52.68;0.0;0;0;0;20;97;0;64;50;35;0;0;0.0;0.0;1.0;0;0;20;0.0;0.0;8.48;;345;128;14.7;;;0;0;0;0;1;1;0;0;0;1;0;16;42;144;168;0;50
53.04;0.0;0;0;0;20;97;0;64;50;35;0;0;0.0;0.0;1.0;0;0;20;0.0;0.0;8.48;;345;128;14.7;;;0;0;0;0;1;1;0;0;0;1;0;16;42;144;168;0;108
53.42;0.0;0;0;0;20;97;0;64;50;35;0;0;0.0;0.0;1.0;0;0;20;0.0;0.0;8.48;;345;128;14.7;;;0;0;0;0;1;1;0;0;0;1;0;16;42;144;168;0;41
53.81;0.0;0;0;0;20;98;0;64;50;35;0;0;0.0;0.0;1.0;0;0;20;0.0;0.0;8.49;;345;128;14.7;;;0;0;0;0;1;1;0;0;0;1;0;16;42;143;168;0;108
54.18;0.0;0;0;0;20;97;0;64;50;35;0;0;0.0;0.0;1.0;0;0;20;0.0;0.0;8.48;;345;128;14.7;;;0;0;0;0;1;1;0;0;0;1;0;16;42;144;168;0;40
54.56;0.0;0;0;0;20;97;0;64;50;35;0;0;0.0;0.0;1.0;0;0;20;0.0;0.0;8.48;;345;128;14.7;;;0;0;0;0;1;1;0;0;0;1;0;16;42;144;168;0;41
54.95;0.0;0;0;0;20;97;0;64;50;35;0;0;0.0;0.0;1.0;0;0;20;0.0;0.0;8.48;;345;128;14.7;;;0;0;0;0;1;1;0;0;0;1;0;16;42;144;168;0;50
55.33;0.0;0;0;0;20;97;0;64;50;35;0;0;0.0;0.0;1.0;0;0;20;0.0;0.0;8.48;;345;128;14.7;;;0;0;0;0;1;1;0;0;0;1;0;16;42;144;168;0;40
55.7;0.0;0;0;0;20;97;0;64;50;35;0;0;0.0;0.0;1.0;0;0;20;0.0;0.0;8.48;;345;128;14.7;;;0;0;0;0;1;1;0;0;0;1;0;16;42;144;168;0;41
56.07;0.0;0;0;0;20;97;0;64;50;35;0;0;0.0;0.0;1.0;0;0;20;0.0;0.0;8.48;;345;128;14.7;;;0;0;0;0;1;1;0;0;0;1;0;16;42;144;168;0;108
56.46;0.0;0;0;0;20;97;0;64;50;35;0;0;0.0;0.0;1.0;0;0;20;0.0;0.0;8.48;;345;128;14.7;;;0;0;0;0;1;1;0;0;0;1;0;16;42;144;168;0;40
56.85;0.0;0;0;0;20;97;0;64;50;35;0;0;0.0;0.0;1.0;0;0;20;0.0;0.0;8.48;;345;128;14.7;;;0;0;0;0;1;1;0;0;0;1;0;16;42;144;168;0;40
57.21;0.0;0;0;0;20;97;0;64;50;35;0;0;0.0;0.0;1.0;0;0;20;0.0;0.0;8.48;;345;128;14.7;;;0;0;0;0;1;1;0;0;0;1;0;16;42;144;168;0;50
57.61;0.0;0;0;0;20;97;0;64;50;35;0;0;0.0;0.0;1.0;0;0;20;0.0;0.0;8.48;;345;128;14.7;;;0;0;0;0;1;1;0;0;0;1;0;16;42;143;168;0;35
57.98;0.0;0;0;0;20;97;0;64;50;35;0;0;0.0;0.0;1.0;0;0;20;0.0;0.0;8.48;;345;128;14.7;;;0;0;0;0;1;1;0;0;0;1;0;16;42;144;168;0;41
58.36;0.0;0;0;0;20;97;0;64;50;35;0;0;0.0;0.0;1.0;0;0;20;0.0;0.0;8.48;;345;128;14.7;;;0;0;0;0;1;1;0;0;0;1;0;16;42;144;168;0;109
58.74;0.0;0;0;0;20;97;0;64;50;35;0;0;0.0;0.0;1.0;0;0;20;0.0;0.0;8.48;;345;128;14.7;;;0;0;0;0;1;1;0;0;0;1;0;16;42;144;168;0;50
59.12;0.0;0;0;0;20;97;0;64;50;35;0;0;0.0;0.0;1.0;0;0;20;0.0;0.0;8.48;;345;128;14.7;;;0;0;0;0;1;1;0;0;0;1;0;16;42;144;168;0;41
59.49;0.0;0;0;0;20;98;0;64;50;35;0;0;0.0;0.0;1.0;0;0;20;0.0;0.0;8.49;;345;128;14.7;;;0;0;0;0;1;1;0;0;0;1;0;16;42;143;168;0;50
59.86;0.0;0;0;0;20;97;0;64;50;35;0;0;0.0;0.0;1.0;0;0;20;0.0;0.0;8.48;;345;128;14.7;;;0;0;0;0;1;1;0;0;0;1;0;16;42;144;168;0;35
60.26;0.0;0;0;0;20;98;0;64;50;35;0;0;0.0;0.0;1.0;0;0;20;0.0;0.0;8.49;;345;128;14.7;;;0;0;0;0;1;1;0;0;0;1;0;16;42;143;168;0;41
60.64;0.0;0;0;0;20;98;0;64;50;35;0;0;0.0;0.0;1.0;0;0;20;0.0;0.0;8.49;;345;128;14.7;;;0;0;0;0;1;1;0;0;0;1;0;16;42;143;168;0;108
61.02;0.0;0;0;0;20;98;0;64;50;35;0;0;0.0;0.0;1.0;0;0;20;0.0;0.0;8.49;;345;128;14.7;;;0;0;0;0;1;1;0;0;0;1;0;16;42;143;168;0;40
61.39;0.0;0;0;0;20;98;0;64;50;35;0;0;0.0;0.0;1.0;0;0;20;0.0;0.0;8.49;;345;128;14.7;;;0;0;0;0;1;1;0;0;0;1;0;16;42;143;168;0;108
61.75;0.0;0;0;0;20;98;0;64;50;35;0;0;0.0;0.0;1.0;0;0;20;0.0;0.0;8.49;;345;128;14.7;;;0;0;0;0;1;1;0;0;0;1;0;16;42;143;168;0;40
62.13;0.0;0;0;0;20;98;0;64;50;35;0;0;0.0;0.0;1.0;0;0;20;0.0;0.0;8.49;;345;128;14.7;;;0;0;0;0;1;1;0;0;0;1;0;16;42;143;168;0;108
62.53;0.0;0;0;0;20;98;0;64;50;35;0;0;0.0;0.0;1.0;0;0;20;0.0;0.0;8.49;;345;128;14.7;;;0;0;0;0;1;1;0;0;0;1;0;16;42;143;168;0;40
62.9;0.0;0;0;0;20;97;0;64;50;35;0;0;0.0;0.0;1.0;0;0;20;0.0;0.0;8.48;;345;128;14.7;;;0;0;0;0;1;1;0;0;0;1;0;16;42;144;168;0;109
63.27;0.0;0;0;0;20;98;0;64;50;35;0;0;0.0;0.0;1.0;0;0;20;0.0;0.0;8.49;;345;128;14.7;;;0;0;0;0;1;1;0;0;0;1;0;16;42;143;168;0;40
63.66;0.0;0;0;0;20;98;0;64;50;35;0;0;0.0;0.0;1.0;0;0;20;0.0;0.0;8.49;;345;128;14.7;;;0;0;0;0;1;1;0;0;0;1;0;16;42;143;168;0;42
64.04;0.0;0;0;0;20;97;0;64;50;35;0;0;0.0;0.0;1.0;0;0;20;0.0;0.0;8.48;;345;128;14.7;;;0;0;0;0;1;1;0;0;0;1;0;16;42;144;168;0;38
64.41;0.0;0;0;0;20;97;0;64;50;35;0;0;0.0;0.0;1.0;0;0;20;0.0;0.0;8.48;;345;128;14.7;;;0;0;0;0;1;1;0;0;0;1;0;16;42;144;168;0;40
64.8;0.0;0;0;0;20;97;0;64;50;35;0;0;0.0;0.0;1.0;0;0;20;0.0;0.0;8.48;;345;128;14.7;;;0;0;0;0;1;1;0;0;0;1;0;16;42;144;168;0;50
65.19;0.0;0;0;0;20;97;0;64;50;35;0;0;0.0;0.0;1.0;0;0;20;0.0;0.0;8.48;;345;128;14.7;;;0;0;0;0;1;1;0;0;0;1;0;16;42;144;168;0;44
65.54;0.0;0;0;0;20;97;0;64;50;35;0;0;0.0;0.0;1.0;0;0;20;0.0;0.0;8.48;;345;128;14.7;;;0;0;0;0;1;1;0;0;0;1;0;16;42;144;168;0;40
65.92;0.0;0;0;0;20;97;0;64;50;35;0;0;0.0;0.0;1.0;0;0;20;0.0;0.0;8.48;;345;128;14.7;;;0;0;0;0;1;1;0;0;0;1;0;16;42;144;168;0;41
66.31;0.0;0;0;0;20;97;0;64;50;35;0;0;0.0;0.0;1.0;0;0;20;0.0;0.0;8.48;;345;128;14.7;;;0;0;0;0;1;1;0;0;0;1;0;16;42;144;168;0;38
66.7;0.0;0;0;0;20;97;0;64;50;35;0;0;0.0;0.0;1.0;0;0;20;0.0;0.0;8.48;;345;128;14.7;;;0;0;0;0;1;1;0;0;0;1;0;16;42;144;168;0;40
67.07;0.0;0;0;0;20;97;0;64;50;35;0;0;0.0;0.0;1.0;0;0;20;0.0;0.0;8.48;;345;128;14.7;;;0;0;0;0;1;1;0;0;0;1;0;16;42;144;168;0;41
67.44;0.0;0;0;0;20;97;0;64;50;35;0;0;0.0;0.0;1.0;0;0;20;0.0;0.0;8.48;;345;128;14.7;;;0;0;0;0;1;1;0;0;0;1;0;16;42;144;168;0;109
67.83;0.0;0;0;0;20;97;0;64;50;35;0;0;0.0;0.0;1.0;0;0;20;0.0;0.0;8.48;;345;128;14.7;;;0;0;0;0;1;1;0;0;0;1;0;16;42;144;168;0;40
68.2;0.0;0;0;0;20;97;0;64;50;35;0;0;0.0;0.0;1.0;0;0;20;0.0;0.0;8.48;;345;128;14.7;;;0;0;0;0;1;1;0;0;0;1;0;16;42;144;168;0;41
68.6;0.0;0;0;0;20;97;0;64;50;35;0;0;0.0;0.0;1.0;0;0;20;0.0;0.0;8.48;;345;128;14.7;;;0;0;0;0;1;1;0;0;0;1;0;16;42;144;168;0;50
68.96;0.0;0;0;0;20;97;0;64;50;35;0;0;0.0;0.0;1.0;0;0;20;0.0;0.0;8.48;;345;128;14.7;;;0;0;0;0;1;1;0;0;0;1;0;16;42;144;168;0;108
69.34;0.0;0;0;0;20;97;0;64;50;35;0;0;0.0;0.0;1.0;0;0;20;0.0;0.0;8.48;;345;128;14.7;;;0;0;0;0;1;1;0;0;0;1;0;16;42;144;168;0;40
69.73;0.0;0;0;0;20;97;0;64;50;35;0;0;0.0;0.0;1.0;0;0;20;0.0;0.0;8.48;;345;128;14.7;;;0;0;0;0;1;1;0;0;0;1;0;16;42;144;168;0;109
70.11;0.0;0;0;0;20;97;0;64;50;35;0;0;0.0;0.0;1.0;0;0;20;0.0;0.0;8.48;;345;128;14.7;;;0;0;0;0;1;1;0;0;0;1;0;16;42;144;168;0;40
70.46;0.0;0;0;0;20;97;0;64;50;35;0;0;0.0;0.0;1.0;0;0;20;0.0;0.0;8.48;;345;128;14.7;;;0;0;0;0;1;1;0;0;0;1;0;16;42;144;168;0;41
70.86;0.0;0;0;0;20;97;0;64;50;35;0;0;0.0;0.0;1.0;0;0;20;0.0;0.0;8.48;;345;128;14.7;;;0;0;0;0;1;1;0;0;0;1;0;16;42;144;168;0;50
71.23;0.0;0;0;0;20;97;0;64;50;35;0;0;0.0;0.0;1.0;0;0;20;0.0;0.0;8.48;;345;128;14.7;;;0;0;0;0;1;1;0;0;0;1;0;16;42;144;168;0;35
71.62;0.0;0;0;0;20;97;0;64;50;35;0;0;0.0;0.0;1.0;0;0;20;0.0;0.0;8.48;;345;128;14.7;;;0;0;0;0;1;1;0;0;0;1;0;16;42;144;168;0;40
71.98;0.0;0;0;0;20;97;0;64;50;35;0;0;0.0;0.0;1.0;0;0;20;0.0;0.0;8.48;;345;128;14.7;;;0;0;0;0;1;1;0;0;0;1;0;16;42;144;168;0;41
72.38;0.0;0;0;0;20;97;0;64;50;35;0;0;0.0;0.0;1.0;0;0;20;0.0;0.0;8.48;;345;128;14.7;;;0;0;0;0;1;1;0;0;0;1;0;16;42;144;168;0;38
72.76;0.0;0;0;0;20;97;0;64;50;35;0;0;0.0;0.0;1.0;0;0;20;0.0;0.0;8.48;;345;128;14.7;;;0;0;0;0;1;1;0;0;0;1;0;16;42;144;168;0;40
73.12;0.0;0;0;0;20;97;0;64;50;35;0;0;0.0;0.0;1.0;0;0;20;0.0;0.0;8.48;;345;128;14.7;;;0;0;0;0;1;1;0;0;0;1;0;16;42;144;168;0;50
73.5;0.0;0;0;0;20;97;0;64;50;35;0;0;0.0;0.0;1.0;0;0;20;0.0;0.0;8.48;;345;128;14.7;;;0;0;0;0;1;1;0;0;0;1;0;16;42;144;168;0;109
73.88;0.0;0;0;0;20;97;0;64;50;35;0;0;0.0;0.0;1.0;0;0;20;0.0;0.0;8.48;;345;128;14.7;;;0;0;0;0;1;1;0;0;0;1;0;16;42;144;168;0;40
74.27;0.0;0;0;0;20;97;0;64;50;35;0;0;0.0;0.0;1.0;0;0;20;0.0;0.0;8.48;;345;128;14.7;;;0;0;0;0;1;1;0;0;0;1;0;16;42;144;168;0;41
74.65;0.0;0;0;0;20;97;0;64;50;35;0;0;0.0;0.0;1.0;0;0;20;0.0;0.0;8.48;;345;128;14.7;;;0;0;0;0;1;1;0;0;0;1;0;16;42;144;168;0;50
75.03;0.0;0;0;0;20;97;0;64;50;35;0;0;0.0;0.0;1.0;0;0;20;0.0;0.0;8.48;;345;128;14.7;;;0;0;0;0;1;1;0;0;0;1;0;16;42;144;168;0;40
75.41;0.0;0;0;0;20;98;0;64;50;35;0;0;0.0;0.0;1.0;0;0;20;0.0;0.0;8.49;;345;128;14.7;;;0;0;0;0;1;1;0;0;0;1;0;16;42;143;168;0;50
75.79;0.0;0;0;0;20;98;0;64;50;35;0;0;0.0;0.0;1.0;0;0;20;0.0;0.0;8.49;;345;128;14.7;;;0;0;0;0;1;1;0;0;0;1;0;16;42;143;168;0;40
76.17;0.0;0;0;0;20;98;0;64;50;35;0;0;0.0;0.0;1.0;0;0;20;0.0;0.0;8.49;;345;128;14.7;;;0;0;0;0;1;1;0;0;0;1;0;16;42;143;168;0;50
76.54;0.0;0;0;0;20;98;0;64;50;35;0;0;0.0;0.0;1.0;0;0;20;0.0;0.0;8.49;;345;128;14.7;;;0;0;0;0;1;1;0;0;0;1;0;16;42;143;168;0;40
76.92;0.0;0;0;0;20;98;0;64;50;35;0;0;0.0;0.0;1.0;0;0;20;0.0;0.0;8.49;;345;128;14.7;;;0;0;0;0;1;1;0;0;0;1;0;16;42;143;168;0;50
77.21;0.0;0;0;0;20;98;0;64;50;35;0;0;0.0;0.0;1.0;0;0;20;0.0;0.0;8.49;;345;128;14.7;18.3;1.245;0;0;0;0;1;1;0;0;0;1;0;16;42;143;168;0;50
77.51;0.0;0;0;0;20;98;0;64;50;35;0;0;0.0;0.0;1.0;0;0;20;0.0;0.0;8.49;;345;128;14.7;19.0;1.293;0;0;0;0;1;1;0;0;0;1;0;16;42;143;168;0;50
77.67;0.0;0;0;0;20;98;0;64;50;35;0;0;0.0;0.0;1.0;0;0;20;0.0;0.0;8.49;;345;128;14.7;20.0;1.361;0;0;0;0;1;1;0;0;0;1;0;16;42;143;168;0;50
78.06;0.0;0;0;0;20;98;0;64;50;35;0;0;0.0;0.0;1.0;0;0;20;0.0;0.0;8.49;;345;128;14.7;8.1;0.551;0;0;0;0;1;1;0;0;0;1;0;16;42;143;168;0;40
78.43;0.0;0;0;0;20;98;0;64;50;35;0;0;0.0;0.0;1.0;0;0;20;0.0;0.0;8.49;;345;128;14.7;17.8;1.211;0;0;0;0;1;1;0;0;0;1;0;16;42;143;168;0;50
78.8;0.0;0;0;0;20;98;0;64;50;35;0;0;0.0;0.0;1.0;0;0;20;0.0;0.0;8.49;;345;128;14.7;8.0;0.544;0;0;0;0;1;1;0;0;0;1;0;16;42;143;168;0;40
79.2;0.0;0;0;0;20;98;0;64;50;35;0;0;0.0;0.0;1.0;0;0;20;0.0;0.0;8.49;;345;128;14.7;19.2;1.306;0;0;0;0;1;1;0;0;0;1;0;16;42;143;168;0;50
79.58;0.0;0;0;0;20;98;0;64;50;35;0;0;0.0;0.0;1.0;0;0;20;0.0;0.0;8.49;;345;128;14.7;19.5;1.327;0;0;0;0;1;1;0;0;0;1;0;16;42;143;168;0;40
79.95;0.0;0;0;0;20;98;0;64;50;35;0;0;0.0;0.0;1.0;0;0;20;0.0;0.0;8.49;;345;128;14.7;18.1;1.231;0;0;0;0;1;1;0;0;0;1;0;16;42;143;168;0;50
80.32;0.0;0;0;0;20;98;0;64;50;35;0;0;0.0;0.0;1.0;0;0;20;0.0;0.0;8.49;;345;128;14.7;18.1;1.231;0;0;0;0;1;1;0;0;0;1;0;16;42;143;168;0;40
80.34;0.0;0;0;0;20;98;0;64;50;35;0;0;0.0;0.0;1.0;0;0;20;0.0;0.0;8.49;;345;128;14.7;18.3;1.245;0;0;0;0;1;1;0;0;0;1;0;16;42;143;168;0;40
80.71;0.0;0;0;0;20;98;0;64;50;35;0;0;0.0;0.0;1.0;0;0;20;0.0;0.0;8.49;;345;128;14.7;8.1;0.551;0;0;0;0;1;1;0;0;0;1;0;16;42;143;168;0;50
81.09;0.0;0;0;0;20;98;0;64;50;35;0;0;0.0;0.0;1.0;0;0;20;0.0;0.0;8.49;;345;128;14.7;19.0;1.293;0;0;0;0;1;1;0;0;0;1;0;16;42;143;168;0;40
81.46;0.0;0;0;0;20;98;0;64;50;35;0;0;0.0;0.0;1.0;0;0;20;0.0;0.0;8.49;;345;128;14.7;19.1;1.299;0;0;0;0;1;1;0;0;0;1;0;16;42;143;168;0;50
81.84;0.0;0;0;0;20;98;0;64;50;35;0;0;0.0;0.0;1.0;0;0;20;0.0;0.0;8.49;;345;128;14.7;19.1;1.299;0;0;0;0;1;1;0;0;0;1;0;16;42;143;168;0;40
81.86;0.0;0;0;0;20;98;0;64;50;35;0;0;0.0;0.0;1.0;0;0;20;0.0;0.0;8.49;;345;128;14.7;8.8;0.599;0;0;0;0;1;1;0;0;0;1;0;16;42;143;168;0;40
82.22;0.0;0;0;0;20;98;0;64;50;35;0;0;0.0;0.0;1.0;0;0;20;0.0;0.0;8.49;;345;128;14.7;8.1;0.551;0;0;0;0;1;1;0;0;0;1;0;16;42;143;168;0;50
82.59;0.0;0;0;0;20;98;0;64;50;35;0;0;0.0;0.0;1.0;0;0;20;0.0;0.0;8.49;;345;128;14.7;8.1;0.551;0;0;0;0;1;1;0;0;0;1;0;16;42;143;168;0;40
82.62;0.0;0;0;0;20;98;0;64;50;35;0;0;0.0;0.0;1.0;0;0;20;0.0;0.0;8.49;;345;128;14.7;8.0;0.544;0;0;0;0;1;1;0;0;0;1;0;16;42;143;168;0;40
82.98;0.0;0;0;0;20;98;0;64;50;35;0;0;0.0;0.0;1.0;0;0;20;0.0;0.0;8.49;;345;128;14.7;19.0;1.293;0;0;0;0;1;1;0;0;0;1;0;16;42;143;168;0;50
83.36;0.0;0;0;0;20;98;0;64;50;35;0;0;0.0;0.0;1.0;0;0;20;0.0;0.0;8.49;;345;128;14.7;8.4;0.571;0;0;0;0;1;1;0;0;0;1;0;16;42;143;168;0;40
83.74;0.0;0;0;0;20;98;0;64;50;35;0;0;0.0;0.0;1.0;0;0;20;0.0;0.0;8.49;;345;128;14.7;18.7;1.272;0;0;0;0;1;1;0;0;0;1;0;16;42;143;168;0;50
84.12;0.0;0;0;0;20;98;0;64;50;35;0;0;0.0;0.0;1.0;0;0;20;0.0;0.0;8.49;;345;128;14.7;19.4;1.32;0;0;0;0;1;1;0;0;0;1;0;16;42;143;168;0;41
84.5;0.0;0;0;0;20;98;0;64;50;35;0;0;0.0;0.0;1.0;0;0;20;0.0;0.0;8.49;;345;128;14.7;8.0;0.544;0;0;0;0;1;1;0;0;0;1;0;16;42;143;168;0;41
84.87;0.0;0;0;0;20;98;0;64;50;35;0;0;0.0;0.0;1.0;0;0;20;0.0;0.0;8.49;;345;128;14.7;19.7;1.34;0;0;0;0;1;1;0;0;0;1;0;16;42;143;168;0;40
85.27;0.0;0;0;0;20;98;0;64;50;35;0;0;0.0;0.0;1.0;0;0;20;0.0;0.0;8.49;;345;128;14.7;9.6;0.653;0;0;0;0;1;1;0;0;0;1;0;16;42;143;168;0;38
85.64;0.0;0;0;0;20;98;0;64;50;35;0;0;0.0;0.0;1.0;0;0;20;0.0;0.0;8.49;;345;128;14.7;8.0;0.544;0;0;0;0;1;1;0;0;0;1;0;16;42;143;168;0;40
86.01;0.0;0;0;0;20;98;0;64;50;35;0;0;0.0;0.0;1.0;0;0;20;0.0;0.0;8.49;;345;128;14.7;17.8;1.211;0;0;0;0;1;1;0;0;0;1;0;16;42;143;168;0;41
86.38;0.0;0;0;0;20;98;0;64;50;35;0;0;0.0;0.0;1.0;0;0;20;0.0;0.0;8.49;;345;128;14.7;17.8;1.211;0;0;0;0;1;1;0;0;0;1;0;16;42;143;168;0;40
86.4;0.0;0;0;0;20;98;0;64;50;35;0;0;0.0;0.0;1.0;0;0;20;0.0;0.0;8.49;;345;128;14.7;9.0;0.612;0;0;0;0;1;1;0;0;0;1;0;16;42;143;168;0;40
86.78;0.0;0;0;0;20;98;0;64;50;35;0;0;0.0;0.0;1.0;0;0;20;0.0;0.0;8.49;;345;128;14.7;20.2;1.374;0;0;0;0;1;1;0;0;0;1;0;16;42;143;168;0;50
87.14;0.0;0;0;0;20;98;0;64;50;35;0;0;0.0;0.0;1.0;0;0;20;0.0;0.0;8.49;;345;128;14.7;20.2;1.374;0;0;0;0;1;1;0;0;0;1;0;16;42;143;168;0;40
87.17;0.0;0;0;0;20;98;0;64;50;35;0;0;0.0;0.0;1.0;0;0;20;0.0;0.0;8.49;;345;128;14.7;17.4;1.184;0;0;0;0;1;1;0;0;0;1;0;16;42;143;168;0;40
87.52;0.0;0;0;0;20;98;0;64;50;35;0;0;0.0;0.0;1.0;0;0;20;0.0;0.0;8.49;;345;128;14.7;8.5;0.578;0;0;0;0;1;1;0;0;0;1;0;16;42;143;168;0;38
87.91;0.0;0;0;0;20;98;0;64;50;35;0;0;0.0;0.0;1.0;0;0;20;0.0;0.0;8.49;;345;128;14.7;18.1;1.231;0;0;0;0;1;1;0;0;0;1;0;16;42;143;168;0;41
88.28;0.0;0;0;0;20;98;0;64;50;35;0;0;0.0;0.0;1.0;0;0;20;0.0;0.0;8.49;;345;128;14.7;19.7;1.34;0;0;0;0;1;1;0;0;0;1;0;16;42;143;168;0;50
88.65;0.0;0;0;0;20;98;0;64;50;35;0;0;0.0;0.0;1.0;0;0;20;0.0;0.0;8.49;;345;128;14.7;19.7;1.34;0;0;0;0;1;1;0;0;0;1;0;16;42;143;168;0;41
88.68;0.0;0;0;0;20;98;0;64;50;35;0;0;0.0;0.0;1.0;0;0;20;0.0;0.0;8.49;;345;128;14.7;19.1;1.299;0;0;0;0;1;1;0;0;0;1;0;16;42;143;168;0;41
89.05;0.0;0;0;0;20;98;0;64;50;35;0;0;0.0;0.0;1.0;0;0;20;0.0;0.0;8.49;;345;128;14.7;8.0;0.544;0;0;0;0;1;1;0;0;0;1;0;16;42;143;168;0;40
89.43;0.0;0;0;0;20;98;0;64;50;35;0;0;0.0;0.0;1.0;0;0;20;0.0;0.0;8.49;;345;128;14.7;8.0;0.544;0;0;0;0;1;1;0;0;0;1;0;16;42;143;168;0;41
89.81;0.0;0;0;0;20;98;0;64;50;35;0;0;0.0;0.0;1.0;0;0;20;0.0;0.0;8.49;;345;128;14.7;8.4;0.571;0;0;0;0;1;1;0;0;0;1;0;16;42;143;168;0;40
90.18;0.0;0;0;0;20;98;0;64;50;35;0;0;0.0;0.0;1.0;0;0;20;0.0;0.0;8.49;;345;128;14.7;19.8;1.347;0;0;0;0;1;1;0;0;0;1;0;16;42;143;168;0;41
90.55;0.0;0;0;0;20;98;0;64;50;35;0;0;0.0;0.0;1.0;0;0;20;0.0;0.0;8.49;;345;128;14.7;19.8;1.347;0;0;0;0;1;1;0;0;0;1;0;16;42;143;168;0;40
90.57;0.0;0;0;0;20;98;0;64;50;35;0;0;0.0;0.0;1.0;0;0;20;0.0;0.0;8.49;;345;128;14.7;9.2;0.626;0;0;0;0;1;1;0;0;0;1;0;16;42;143;168;0;40
90.93;0.0;0;0;0;20;98;0;64;50;35;0;0;0.0;0.0;1.0;0;0;20;0.0;0.0;8.49;;345;128;14.7;17.5;1.19;0;0;0;0;1;1;0;0;0;1;0;16;42;143;168;0;41
91.32;0.0;0;0;0;20;98;0;64;50;35;0;0;0.0;0.0;1.0;0;0;20;0.0;0.0;8.49;;345;128;14.7;17.5;1.19;0;0;0;0;1;1;0;0;0;1;0;16;42;143;168;0;40
91.7;0.0;0;0;0;20;98;0;64;50;35;0;0;0.0;0.0;1.0;0;0;20;0.0;0.0;8.49;;345;128;14.7;7.5;0.51;0;0;0;0;1;1;0;0;0;1;0;16;42;143;168;0;41
92.07;0.0;0;0;0;20;98;0;64;50;35;0;0;0.0;0.0;1.0;0;0;20;0.0;0.0;8.49;;345;128;14.7;20.0;1.361;0;0;0;0;1;1;0;0;0;1;0;16;42;143;168;0;40
92.46;0.0;0;0;0;20;98;0;64;50;35;0;0;0.0;0.0;1.0;0;0;20;0.0;0.0;8.49;;345;128;14.7;18.0;1.224;0;0;0;0;1;1;0;0;0;1;0;16;42;143;168;0;41
92.83;0.0;0;0;0;20;98;0;64;50;35;0;0;0.0;0.0;1.0;0;0;20;0.0;0.0;8.49;;345;128;14.7;17.9;1.218;0;0;0;0;1;1;0;0;0;1;0;16;42;143;168;0;40
93.2;0.0;0;0;0;20;98;0;64;50;35;0;0;0.0;0.0;1.0;0;0;20;0.0;0.0;8.49;;345;128;14.7;8.8;0.599;0;0;0;0;1;1;0;0;0;1;0;16;42;143;168;0;109
93.6;0.0;0;0;0;20;98;0;64;50;35;0;0;0.0;0.0;1.0;0;0;20;0.0;0.0;8.49;;345;128;14.7;7.8;0.531;0;0;0;0;1;1;0;0;0;1;0;16;42;143;168;0;40
93.98;0.0;0;0;0;20;98;0;64;50;35;0;0;0.0;0.0;1.0;0;0;20;0.0;0.0;8.49;;345;128;14.7;19.0;1.293;0;0;0;0;1;1;0;0;0;1;0;16;42;143;168;0;109
94.35;0.0;0;0;0;20;98;0;64;50;35;0;0;0.0;0.0;1.0;0;0;20;0.0;0.0;8.49;;345;128;14.7;18.0;1.224;0;0;0;0;1;1;0;0;0;1;0;16;42;143;168;0;40
94.73;0.0;0;0;0;20;98;0;64;50;35;0;0;0.0;0.0;1.0;0;0;20;0.0;0.0;8.49;;345;128;14.7;8.7;0.592;0;0;0;0;1;1;0;0;0;1;0;16;42;143;168;0;109
95.11;0.0;0;0;0;20;98;0;64;50;35;0;0;0.0;0.0;1.0;0;0;20;0.0;0.0;8.49;;345;128;14.7;18.1;1.231;0;0;0;0;1;1;0;0;0;1;0;16;42;143;168;0;40
95.47;0.0;0;0;0;20;98;0;64;50;35;0;0;0.0;0.0;1.0;0;0;20;0.0;0.0;8.49;;345;128;14.7;18.1;1.231;0;0;0;0;1;1;0;0;0;1;0;16;42;143;168;0;109
95.5;0.0;0;0;0;20;98;0;64;50;35;0;0;0.0;0.0;1.0;0;0;20;0.0;0.0;8.49;;345;128;14.7;18.8;1.279;0;0;0;0;1;1;0;0;0;1;0;16;42;143;168;0;109
95.87;0.0;0;0;0;20;98;0;64;50;35;0;0;0.0;0.0;1.0;0;0;20;0.0;0.0;8.49;;345;128;14.7;8.0;0.544;0;0;0;0;1;1;0;0;0;1;0;16;42;143;168;0;40
96.25;0.0;0;0;0;20;98;0;64;50;35;0;0;0.0;0.0;1.0;0;0;20;0.0;0.0;8.49;;345;128;14.7;8.1;0.551;0;0;0;0;1;1;0;0;0;1;0;16;42;143;168;0;109
96.62;0.0;0;0;0;20;98;0;64;50;35;0;0;0.0;0.0;1.0;0;0;20;0.0;0.0;8.49;;345;128;14.7;17.5;1.19;0;0;0;0;1;1;0;0;0;1;0;16;42;143;168;0;40
97.01;0.0;0;0;0;20;98;0;64;50;35;0;0;0.0;0.0;1.0;0;0;20;0.0;0.0;8.49;;345;128;14.7;18.6;1.265;0;0;0;0;1;1;0;0;0;1;0;16;42;143;168;0;108
97.39;0.0;0;0;0;20;98;0;64;50;35;0;0;0.0;0.0;1.0;0;0;20;0.0;0.0;8.49;;345;128;14.7;9.0;0.612;0;0;0;0;1;1;0;0;0;1;0;16;42;143;168;0;40
97.76;0.0;0;0;0;20;98;0;64;50;35;0;0;0.0;0.0;1.0;0;0;20;0.0;0.0;8.49;;345;128;14.7;18.7;1.272;0;0;0;0;1;1;0;0;0;1;0;16;42;143;168;0;108
98.14;0.0;0;0;0;20;98;0;64;50;35;0;0;0.0;0.0;1.0;0;0;20;0.0;0.0;8.49;;345;128;14.7;7.0;0.476;0;0;0;0;1;1;0;0;0;1;0;16;42;143;168;0;40
98.52;0.0;0;0;0;20;98;0;64;50;35;0;0;0.0;0.0;1.0;0;0;20;0.0;0.0;8.49;;345;128;14.7;18.1;1.231;0;0;0;0;1;1;0;0;0;1;0;16;42;143;168;0;108
98.9;0.0;0;0;0;20;98;0;64;50;35;0;0;0.0;0.0;1.0;0;0;20;0.0;0.0;8.49;;345;128;14.7;8.0;0.544;0;0;0;0;1;1;0;0;0;1;0;16;42;143;168;0;41
99.27;0.0;0;0;0;20;98;0;64;50;35;0;0;0.0;0.0;1.0;0;0;20;0.0;0.0;8.49;;345;128;14.7;9.7;0.66;0;0;0;0;1;1;0;0;0;1;0;16;42;143;168;0;109
99.64;0.0;0;0;0;20;98;0;64;50;35;0;0;0.0;0.0;1.0;0;0;20;0.0;0.0;8.49;;345;128;14.7;18.0;1.224;0;0;0;0;1;1;0;0;0;1;0;16;42;143;168;0;40
100.02;0.0;0;0;0;20;98;0;64;50;35;0;0;0.0;0.0;1.0;0;0;20;0.0;0.0;8.49;;345;128;14.7;18.0;1.224;0;0;0;0;1;1;0;0;0;1;0;16;42;143;168;0;109
100.4;0.0;0;0;0;20;98;0;64;50;35;0;0;0.0;0.0;1.0;0;0;20;0.0;0.0;8.49;;345;128;14.7;8.0;0.544;0;0;0;0;1;1;0;0;0;1;0;16;42;143;168;0;41
100.8;0.0;0;0;0;20;98;0;64;50;35;0;0;0.0;0.0;1.0;0;0;20;0.0;0.0;8.49;;345;128;14.7;19.2;1.306;0;0;0;0;1;1;0;0;0;1;0;16;42;143;168;0;109
101.16;0.0;0;0;0;20;98;0;64;50;35;0;0;0.0;0.0;1.0;0;0;20;0.0;0.0;8.49;;345;128;14.7;19.4;1.32;0;0;0;0;1;1;0;0;0;1;0;16;42;143;168;0;41
101.54;0.0;0;0;0;20;98;0;64;50;35;0;0;0.0;0.0;1.0;0;0;20;0.0;0.0;8.49;;345;128;14.7;8.4;0.571;0;0;0;0;1;1;0;0;0;1;0;16;42;143;168;0;109
101.92;0.0;0;0;0;20;98;0;64;50;35;0;0;0.0;0.0;1.0;0;0;20;0.0;0.0;8.49;;345;128;14.7;18.0;1.224;0;0;0;0;1;1;0;0;0;1;0;16;42;143;168;0;40
102.3;0.0;0;0;0;20;98;0;64;50;35;0;0;0.0;0.0;1.0;0;0;20;0.0;0.0;8.49;;345;128;14.7;18.4;1.252;0;0;0;0;1;1;0;0;0;1;0;16;42;143;168;0;108
102.68;0.0;0;0;0;20;98;0;64;50;35;0;0;0.0;0.0;1.0;0;0;20;0.0;0.0;8.49;;345;128;14.7;18.4;1.252;0;0;0;0;1;1;0;0;0;1;0;16;42;143;168;0;41
102.7;0.0;0;0;0;20;98;0;64;50;35;0;0;0.0;0.0;1.0;0;0;20;0.0;0.0;8.49;;345;128;14.7;19.9;1.354;0;0;0;0;1;1;0;0;0;1;0;16;42;143;168;0;41
103.05;0.0;0;0;0;20;98;0;64;50;35;0;0;0.0;0.0;1.0;0;0;20;0.0;0.0;8.49;;345;128;14.7;19.9;1.354;0;0;0;0;1;1;0;0;0;1;0;16;42;143;168;0;35
103.08;0.0;0;0;0;20;98;0;64;50;35;0;0;0.0;0.0;1.0;0;0;20;0.0;0.0;8.49;;345;128;14.7;9.0;0.612;0;0;0;0;1;1;0;0;0;1;0;16;42;143;168;0;35
103.45;0.0;0;0;0;20;98;0;64;50;35;0;0;0.0;0.0;1.0;0;0;20;0.0;0.0;8.49;;345;128;14.7;19.1;1.299;0;0;0;0;1;1;0;0;0;1;0;16;42;143;168;0;41
103.81;0.0;0;0;0;20;98;0;64;50;35;0;0;0.0;0.0;1.0;0;0;20;0.0;0.0;8.49;;345;128;14.7;19.1;1.299;0;0;0;0;1;1;0;0;0;1;0;16;42;143;168;0;108
103.84;0.0;0;0;0;20;98;0;64;50;35;0;0;0.0;0.0;1.0;0;0;20;0.0;0.0;8.49;;345;128;14.7;18.1;1.231;0;0;0;0;1;1;0;0;0;1;0;16;42;143;168;0;108
104.2;0.0;0;0;0;20;98;0;64;50;35;0;0;0.0;0.0;1.0;0;0;20;0.0;0.0;8.49;;345;128;14.7;8.7;0.592;0;0;0;0;1;1;0;0;0;1;0;16;42;143;168;0;41
104.58;0.0;0;0;0;20;98;0;64;50;35;0;0;0.0;0.0;1.0;0;0;20;0.0;0.0;8.49;;345;128;14.7;19.5;1.327;0;0;0;0;1;1;0;0;0;1;0;16;42;143;168;0;44
104.95;0.0;0;0;0;20;98;0;64;50;35;0;0;0.0;0.0;1.0;0;0;20;0.0;0.0;8.49;;345;128;14.7;8.1;0.551;0;0;0;0;1;1;0;0;0;1;0;16;42;143;168;0;41
105.33;0.0;0;0;0;20;98;0;64;50;35;0;0;0.0;0.0;1.0;0;0;20;0.0;0.0;8.49;;345;128;14.7;7.8;0.531;0;0;0;0;1;1;0;0;0;1;0;16;42;143;168;0;44
105.71;0.0;0;0;0;20;98;0;64;50;35;0;0;0.0;0.0;1.0;0;0;20;0.0;0.0;8.49;;345;128;14.7;17.2;1.17;0;0;0;0;1;1;0;0;0;1;0;16;42;143;168;0;41
106.09;0.0;0;0;0;20;98;0;64;50;35;0;0;0.0;0.0;1.0;0;0;20;0.0;0.0;8.49;;345;128;14.7;18.9;1.286;0;0;0;0;1;1;0;0;0;1;0;16;42;143;168;0;108
106.46;0.0;0;0;0;20;98;0;64;50;35;0;0;0.0;0.0;1.0;0;0;20;0.0;0.0;8.49;;345;128;14.7;18.9;1.286;0;0;0;0;1;1;0;0;0;1;0;16;42;143;168;0;50
106.49;0.0;0;0;0;20;98;0;64;50;35;0;0;0.0;0.0;1.0;0;0;20;0.0;0.0;8.49;;345;128;14.7;9.0;0.612;0;0;0;0;1;1;0;0;0;1;0;16;42;143;168;0;50
106.84;0.0;0;0;0;20;98;0;64;50;35;0;0;0.0;0.0;1.0;0;0;20;0.0;0.0;8.49;;345;128;14.7;18.1;1.231;0;0;0;0;1;1;0;0;0;1;0;16;42;143;168;0;114
107.24;0.0;0;0;0;20;98;0;64;50;35;0;0;0.0;0.0;1.0;0;0;20;0.0;0.0;8.49;;345;128;14.7;18.8;1.279;0;0;0;0;1;1;0;0;0;1;0;16;42;143;168;0;50
107.62;0.0;0;0;0;20;98;0;64;50;35;0;0;0.0;0.0;1.0;0;0;20;0.0;0.0;8.49;;345;128;14.7;7.6;0.517;0;0;0;0;1;1;0;0;0;1;0;16;42;143;168;0;114
107.98;0.0;0;0;0;20;98;0;64;50;35;0;0;0.0;0.0;1.0;0;0;20;0.0;0.0;8.49;;345;128;14.7;19.1;1.299;0;0;0;0;1;1;0;0;0;1;0;16;42;143;168;0;50
108.36;0.0;0;0;0;20;98;0;64;50;35;0;0;0.0;0.0;1.0;0;0;20;0.0;0.0;8.49;;345;128;14.7;19.7;1.34;0;0;0;0;1;1;0;0;0;1;0;16;42;143;168;0;40
108.76;0.0;0;0;0;20;98;0;64;50;35;0;0;0.0;0.0;1.0;0;0;20;0.0;0.0;8.49;;345;128;14.7;9.0;0.612;0;0;0;0;1;1;0;0;0;1;0;16;42;143;168;0;50
109.12;0.0;0;0;0;20;98;0;64;50;35;0;0;0.0;0.0;1.0;0;0;20;0.0;0.0;8.49;;345;128;14.7;18.3;1.245;0;0;0;0;1;1;0;0;0;1;0;16;42;143;168;0;40
109.49;0.0;0;0;0;20;98;0;64;50;35;0;0;0.0;0.0;1.0;0;0;20;0.0;0.0;8.49;;345;128;14.7;18.3;1.245;0;0;0;0;1;1;0;0;0;1;0;16;42;143;168;0;50
109.52;0.0;0;0;0;20;98;0;64;50;35;0;0;0.0;0.0;1.0;0;0;20;0.0;0.0;8.49;;345;128;14.7;18.7;1.272;0;0;0;0;1;1;0;0;0;1;0;16;42;143;168;0;50
109.89;0.0;0;0;0;20;98;0;64;50;35;0;0;0.0;0.0;1.0;0;0;20;0.0;0.0;8.49;;345;128;14.7;9.0;0.612;0;0;0;0;1;1;0;0;0;1;0;16;42;143;168;0;40
110.27;0.0;0;0;0;20;98;0;64;50;35;0;0;0.0;0.0;1.0;0;0;20;0.0;0.0;8.49;;345;128;14.7;19.4;1.32;0;0;0;0;1;1;0;0;0;1;0;16;42;143;168;0;50
110.64;0.0;0;0;0;20;98;0;64;50;35;0;0;0.0;0.0;1.0;0;0;20;0.0;0.0;8.49;;345;128;14.7;9.0;0.612;0;0;0;0;1;1;0;0;0;1;0;16;42;143;168;0;40
111.01;0.0;0;0;0;20;98;0;64;50;35;0;0;0.0;0.0;1.0;0;0;20;0.0;0.0;8.49;;345;128;14.7;9.0;0.612;0;0;0;0;1;1;0;0;0;1;0;16;42;143;168;0;50
111.04;0.0;0;0;0;20;98;0;64;50;35;0;0;0.0;0.0;1.0;0;0;20;0.0;0.0;8.49;;345;128;14.7;9.0;0.612;0;0;0;0;1;1;0;0;0;1;0;16;42;143;168;0;50
111.4;0.0;0;0;0;20;98;0;64;50;35;0;0;0.0;0.0;1.0;0;0;20;0.0;0.0;8.49;;345;128;14.7;9.0;0.612;0;0;0;0;1;1;0;0;0;1;0;16;42;143;168;0;40
111.77;0.0;0;0;0;20;98;0;64;50;35;0;0;0.0;0.0;1.0;0;0;20;0.0;0.0;8.49;;345;128;14.7;8.0;0.544;0;0;0;0;1;1;0;0;0;1;0;16;42;143;168;0;50
112.17;0.0;0;0;0;20;98;0;64;50;35;0;0;0.0;0.0;1.0;0;0;20;0.0;0.0;8.49;;345;128;14.7;18.8;1.279;0;0;0;0;1;1;0;0;0;1;0;16;42;143;168;0;40
112.54;0.0;0;0;0;20;98;0;64;50;35;0;0;0.0;0.0;1.0;0;0;20;0.0;0.0;8.49;;345;128;14.7;18.0;1.224;0;0;0;0;1;1;0;0;0;1;0;16;42;143;168;0;50
112.91;0.0;0;0;0;20;98;0;64;50;35;0;0;0.0;0.0;1.0;0;0;20;0.0;0.0;8.49;;345;128;14.7;17.0;1.156;0;0;0;0;1;1;0;0;0;1;0;16;42;143;168;0;40
113.3;0.0;0;0;0;20;98;0;64;50;35;0;0;0.0;0.0;1.0;0;0;20;0.0;0.0;8.49;;345;128;14.7;18.0;1.224;0;0;0;0;1;1;0;0;0;1;0;16;42;143;168;0;50
113.66;0.0;0;0;0;20;98;0;64;50;35;0;0;0.0;0.0;1.0;0;0;20;0.0;0.0;8.49;;345;128;14.7;18.0;1.224;0;0;0;0;1;1;0;0;0;1;0;16;42;143;168;0;40
113.69;0.0;0;0;0;20;98;0;64;50;35;0;0;0.0;0.0;1.0;0;0;20;0.0;0.0;8.49;;345;128;14.7;8.9;0.605;0;0;0;0;1;1;0;0;0;1;0;16;42;143;168;0;40
114.05;0.0;0;0;0;20;98;0;64;50;35;0;0;0.0;0.0;1.0;0;0;20;0.0;0.0;8.49;;345;128;14.7;9.0;0.612;0;0;0;0;1;1;0;0;0;1;0;16;42;143;168;0;50
114.42;0.0;0;0;0;20;98;0;64;50;35;0;0;0.0;0.0;1.0;0;0;20;0.0;0.0;8.49;;345;128;14.7;8.0;0.544;0;0;0;0;1;1;0;0;0;1;0;16;42;143;168;0;40
114.81;0.0;0;0;0;20;98;0;64;50;35;0;0;0.0;0.0;1.0;0;0;20;0.0;0.0;8.49;;345;128;14.7;9.0;0.612;0;0;0;0;1;1;0;0;0;1;0;16;42;143;168;0;50
115.2;0.0;0;0;0;20;98;0;64;50;35;0;0;0.0;0.0;1.0;0;0;20;0.0;0.0;8.49;;345;128;14.7;9.0;0.612;0;0;0;0;1;1;0;0;0;1;0;16;42;143;168;0;40
115.57;0.0;0;0;0;20;98;0;64;50;35;0;0;0.0;0.0;1.0;0;0;20;0.0;0.0;8.49;;345;128;14.7;9.3;0.633;0;0;0;0;1;1;0;0;0;1;0;16;42;143;168;0;50
115.94;0.0;0;0;0;20;98;0;64;50;35;0;0;0.0;0.0;1.0;0;0;20;0.0;0.0;8.49;;345;128;14.7;8.0;0.544;0;0;0;0;1;1;0;0;0;1;0;16;42;143;168;0;41
116.32;0.0;0;0;0;20;98;0;64;50;35;0;0;0.0;0.0;1.0;0;0;20;0.0;0.0;8.49;;345;128;14.7;9.0;0.612;0;0;0;0;1;1;0;0;0;1;0;16;42;143;168;0;50
116.7;0.0;0;0;0;20;98;0;64;50;35;0;0;0.0;0.0;1.0;0;0;20;0.0;0.0;8.49;;345;128;14.7;8.4;0.571;0;0;0;0;1;1;0;0;0;1;0;16;42;143;168;0;41
117.07;0.0;0;0;0;20;98;0;64;50;35;0;0;0.0;0.0;1.0;0;0;20;0.0;0.0;8.49;;345;128;14.7;19.0;1.293;0;0;0;0;1;1;0;0;0;1;0;16;42;143;168;0;41
117.46;0.0;0;0;0;20;98;0;64;50;35;0;0;0.0;0.0;1.0;0;0;20;0.0;0.0;8.49;;345;128;14.7;18.0;1.224;0;0;0;0;1;1;0;0;0;1;0;16;42;143;168;0;40
117.85;0.0;0;0;0;20;98;0;64;50;35;0;0;0.0;0.0;1.0;0;0;20;0.0;0.0;8.49;;345;128;14.7;9.0;0.612;0;0;0;0;1;1;0;0;0;1;0;16;42;143;168;0;41
118.23;0.0;0;0;0;20;98;0;64;50;35;0;0;0.0;0.0;1.0;0;0;20;0.0;0.0;8.49;;345;128;14.7;9.0;0.612;0;0;0;0;1;1;0;0;0;1;0;16;42;143;168;0;40
118.61;0.0;0;0;0;20;98;0;64;50;35;0;0;0.0;0.0;1.0;0;0;20;0.0;0.0;8.49;;345;128;14.7;9.0;0.612;0;0;0;0;1;1;0;0;0;1;0;16;42;143;168;0;50
118.97;0.0;0;0;0;20;98;0;64;50;35;0;0;0.0;0.0;1.0;0;0;20;0.0;0.0;8.49;;345;128;14.7;8.0;0.544;0;0;0;0;1;1;0;0;0;1;0;16;42;143;168;0;41
119.36;0.0;0;0;0;20;98;0;64;50;35;0;0;0.0;0.0;1.0;0;0;20;0.0;0.0;8.49;;345;128;14.7;18.6;1.265;0;0;0;0;1;1;0;0;0;1;0;16;42;143;168;0;50
119.73;0.0;0;0;0;20;98;0;64;50;35;0;0;0.0;0.0;1.0;0;0;20;0.0;0.0;8.49;;345;128;14.7;18.1;1.231;0;0;0;0;1;1;0;0;0;1;0;16;42;143;168;0;41
120.12;0.0;0;0;0;20;98;0;64;50;35;0;0;0.0;0.0;1.0;0;0;20;0.0;0.0;8.49;;345;128;14.7;9.7;0.66;0;0;0;0;1;1;0;0;0;1;0;16;42;143;168;0;50
120.5;0.0;0;0;0;20;98;0;64;50;35;0;0;0.0;0.0;1.0;0;0;20;0.0;0.0;8.49;;345;128;14.7;19.5;1.327;0;0;0;0;1;1;0;0;0;1;0;16;42;143;168;0;41
120.87;0.0;0;0;0;20;98;0;64;50;35;0;0;0.0;0.0;1.0;0;0;20;0.0;0.0;8.49;;345;128;14.7;19.2;1.306;0;0;0;0;1;1;0;0;0;1;0;16;42;143;168;0;40
121.25;0.0;0;0;0;20;98;0;64;50;35;0;0;0.0;0.0;1.0;0;0;20;0.0;0.0;8.49;;345;128;14.7;19.7;1.34;0;0;0;0;1;1;0;0;0;1;0;16;42;143;168;0;42
121.62;0.0;0;0;0;20;98;0;64;50;35;0;0;0.0;0.0;1.0;0;0;20;0.0;0.0;8.49;;345;128;14.7;19.7;1.34;0;0;0;0;1;1;0;0;0;1;0;16;42;143;168;0;41
121.65;0.0;0;0;0;20;98;0;64;50;35;0;0;0.0;0.0;1.0;0;0;20;0.0;0.0;8.49;;345;128;14.7;8.0;0.544;0;0;0;0;1;1;0;0;0;1;0;16;42;143;168;0;41
122.0;0.0;0;0;0;20;98;0;64;50;35;0;0;0.0;0.0;1.0;0;0;20;0.0;0.0;8.49;;345;128;14.7;8.0;0.544;0;0;0;0;1;1;0;0;0;1;0;16;42;143;168;0;42
122.02;0.0;0;0;0;20;98;0;64;50;35;0;0;0.0;0.0;1.0;0;0;20;0.0;0.0;8.49;;345;128;14.7;18.0;1.224;0;0;0;0;1;1;0;0;0;1;0;16;42;143;168;0;42
122.39;0.0;0;0;0;20;98;0;64;50;35;0;0;0.0;0.0;1.0;0;0;20;0.0;0.0;8.49;;345;128;14.7;19.8;1.347;0;0;0;0;1;1;0;0;0;1;0;16;42;143;168;0;40
122.77;0.0;0;0;0;20;98;0;64;50;35;0;0;0.0;0.0;1.0;0;0;20;0.0;0.0;8.49;;345;128;14.7;9.5;0.646;0;0;0;0;1;1;0;0;0;1;0;16;42;143;168;0;41
123.15;0.0;0;0;0;20;98;0;64;50;35;0;0;0.0;0.0;1.0;0;0;20;0.0;0.0;8.49;;345;128;14.7;17.8;1.211;0;0;0;0;1;1;0;0;0;1;0;16;42;143;168;0;40
123.52;0.0;0;0;0;20;98;0;64;50;35;0;0;0.0;0.0;1.0;0;0;20;0.0;0.0;8.49;;345;128;14.7;17.9;1.218;0;0;0;0;1;1;0;0;0;1;0;16;42;143;168;0;41
123.9;0.0;0;0;0;20;98;0;64;50;35;0;0;0.0;0.0;1.0;0;0;20;0.0;0.0;8.49;;345;128;14.7;9.2;0.626;0;0;0;0;1;1;0;0;0;1;0;16;42;143;168;0;40
124.29;0.0;0;0;0;20;98;0;64;50;35;0;0;0.0;0.0;1.0;0;0;20;0.0;0.0;8.49;;345;128;14.7;9.2;0.626;0;0;0;0;1;1;0;0;0;1;0;16;42;143;168;0;41
124.67;0.0;0;0;0;20;98;0;64;50;35;0;0;0.0;0.0;1.0;0;0;20;0.0;0.0;8.49;;345;128;14.7;9.0;0.612;0;0;0;0;1;1;0;0;0;1;0;16;42;143;168;0;40
125.05;0.0;0;0;0;20;98;0;64;50;35;0;0;0.0;0.0;1.0;0;0;20;0.0;0.0;8.49;;345;128;14.7;9.5;0.646;0;0;0;0;1;1;0;0;0;1;0;16;42;143;168;0;109
125.43;0.0;0;0;0;20;98;0;64;50;35;0;0;0.0;0.0;1.0;0;0;20;0.0;0.0;8.49;;345;128;14.7;9.6;0.653;0;0;0;0;1;1;0;0;0;1;0;16;42;143;168;0;40
125.81;0.0;0;0;0;20;98;0;64;50;35;0;0;0.0;0.0;1.0;0;0;20;0.0;0.0;8.49;;345;128;14.7;18.9;1.286;0;0;0;0;1;1;0;0;0;1;0;16;42;143;168;0;109
126.18;0.0;0;0;0;20;98;0;64;50;35;0;0;0.0;0.0;1.0;0;0;20;0.0;0.0;8.49;;345;128;14.7;9.0;0.612;0;0;0;0;1;1;0;0;0;1;0;16;42;143;168;0;40
126.56;0.0;0;0;0;20;98;0;64;50;35;0;0;0.0;0.0;1.0;0;0;20;0.0;0.0;8.49;;345;128;14.7;9.4;0.639;0;0;0;0;1;1;0;0;0;1;0;16;42;143;168;0;109
126.94;0.0;0;0;0;20;98;0;64;50;35;0;0;0.0;0.0;1.0;0;0;20;0.0;0.0;8.49;;345;128;14.7;9.0;0.612;0;0;0;0;1;1;0;0;0;1;0;16;42;143;168;0;40
127.31;0.0;0;0;0;20;98;0;64;50;35;0;0;0.0;0.0;1.0;0;0;20;0.0;0.0;8.49;;345;128;14.7;19.1;1.299;0;0;0;0;1;1;0;0;0;1;0;16;42;143;168;0;109
127.69;0.0;0;0;0;20;98;0;64;50;35;0;0;0.0;0.0;1.0;0;0;20;0.0;0.0;8.49;;345;128;14.7;18.1;1.231;0;0;0;0;1;1;0;0;0;1;0;16;42;143;168;0;40
128.07;0.0;0;0;0;20;98;0;64;50;35;0;0;0.0;0.0;1.0;0;0;20;0.0;0.0;8.49;;345;128;14.7;18.1;1.231;0;0;0;0;1;1;0;0;0;1;0;16;42;143;168;0;109
128.45;0.0;0;0;0;20;98;0;64;50;35;0;0;0.0;0.0;1.0;0;0;20;0.0;0.0;8.49;;345;128;14.7;18.1;1.231;0;0;0;0;1;1;0;0;0;1;0;16;42;143;168;0;40
128.83;0.0;0;0;0;20;98;0;64;50;35;0;0;0.0;0.0;1.0;0;0;20;0.0;0.0;8.49;;345;128;14.7;18.1;1.231;0;0;0;0;1;1;0;0;0;1;0;16;42;143;168;0;109
129.2;0.0;0;0;0;20;98;0;64;50;35;0;0;0.0;0.0;1.0;0;0;20;0.0;0.0;8.49;;345;128;14.7;8.0;0.544;0;0;0;0;1;1;0;0;0;1;0;16;42;143;168;0;40
129.58;0.0;0;0;0;20;98;0;64;50;35;0;0;0.0;0.0;1.0;0;0;20;0.0;0.0;8.49;;345;128;14.7;18.5;1.259;0;0;0;0;1;1;0;0;0;1;0;16;42;143;168;0;108
129.97;0.0;0;0;0;20;98;0;64;50;35;0;0;0.0;0.0;1.0;0;0;20;0.0;0.0;8.49;;345;128;14.7;19.2;1.306;0;0;0;0;1;1;0;0;0;1;0;16;42;143;168;0;40
130.35;0.0;0;0;0;20;98;0;64;50;35;0;0;0.0;0.0;1.0;0;0;20;0.0;0.0;8.49;;345;128;14.7;8.0;0.544;0;0;0;0;1;1;0;0;0;1;0;16;42;143;168;0;108
130.73;0.0;0;0;0;20;98;0;64;50;35;0;0;0.0;0.0;1.0;0;0;20;0.0;0.0;8.49;;345;128;14.7;9.0;0.612;0;0;0;0;1;1;0;0;0;1;0;16;42;143;168;0;41
131.1;0.0;0;0;0;20;98;0;64;50;35;0;0;0.0;0.0;1.0;0;0;20;0.0;0.0;8.49;;345;128;14.7;9.0;0.612;0;0;0;0;1;1;0;0;0;1;0;16;42;143;168;0;109
131.48;0.0;0;0;0;20;98;0;64;50;35;0;0;0.0;0.0;1.0;0;0;20;0.0;0.0;8.49;;345;128;14.7;8.9;0.605;0;0;0;0;1;1;0;0;0;1;0;16;42;143;168;0;40
131.85;0.0;0;0;0;20;98;0;64;50;35;0;0;0.0;0.0;1.0;0;0;20;0.0;0.0;8.49;;345;128;14.7;8.9;0.605;0;0;0;0;1;1;0;0;0;1;0;16;42;143;168;0;109
131.88;0.0;0;0;0;20;98;0;64;50;35;0;0;0.0;0.0;1.0;0;0;20;0.0;0.0;8.49;;345;128;14.7;20.0;1.361;0;0;0;0;1;1;0;0;0;1;0;16;42;143;168;0;109
132.25;0.0;0;0;0;20;97;0;64;50;35;0;0;0.0;0.0;1.0;0;0;20;0.0;0.0;8.48;;345;128;14.7;19.4;1.32;0;0;0;0;1;1;0;0;0;1;0;16;42;144;168;0;41
132.63;0.0;0;0;0;20;98;0;64;50;35;0;0;0.0;0.0;1.0;0;0;20;0.0;0.0;8.49;;345;128;14.7;18.3;1.245;0;0;0;0;1;1;0;0;0;1;0;16;42;143;168;0;108
133.0;0.0;0;0;0;20;98;0;64;50;35;0;0;0.0;0.0;1.0;0;0;20;0.0;0.0;8.49;;345;128;14.7;7.0;0.476;0;0;0;0;1;1;0;0;0;1;0;16;42;143;168;0;41
133.36;0.0;0;0;0;20;98;0;64;50;35;0;0;0.0;0.0;1.0;0;0;20;0.0;0.0;8.49;;345;128;14.7;7.0;0.476;0;0;0;0;1;1;0;0;0;1;0;16;42;143;168;0;108
133.77;0.0;0;0;0;20;98;0;64;50;35;0;0;0.0;0.0;1.0;0;0;20;0.0;0.0;8.49;;345;128;14.7;18.0;1.224;0;0;0;0;1;1;0;0;0;1;0;16;42;143;168;0;41
134.13;0.0;0;0;0;20;98;0;64;50;35;0;0;0.0;0.0;1.0;0;0;20;0.0;0.0;8.49;;345;128;14.7;9.0;0.612;0;0;0;0;1;1;0;0;0;1;0;16;42;143;168;0;108
134.52;0.0;0;0;0;20;98;0;64;50;35;0;0;0.0;0.0;1.0;0;0;20;0.0;0.0;8.49;;345;128;14.7;9.0;0.612;0;0;0;0;1;1;0;0;0;1;0;16;42;143;168;0;40
134.88;0.0;0;0;0;20;97;0;64;50;35;0;0;0.0;0.0;1.0;0;0;20;0.0;0.0;8.48;;345;128;14.7;9.0;0.612;0;0;0;0;1;1;0;0;0;1;0;16;42;144;168;0;108
134.9;0.0;0;0;0;20;97;0;64;50;35;0;0;0.0;0.0;1.0;0;0;20;0.0;0.0;8.48;;345;128;14.7;18.8;1.279;0;0;0;0;1;1;0;0;0;1;0;16;42;144;168;0;108
135.28;0.0;0;0;0;20;97;0;64;50;35;0;0;0.0;0.0;1.0;0;0;20;0.0;0.0;8.48;;345;128;14.7;7.6;0.517;0;0;0;0;1;1;0;0;0;1;0;16;42;144;168;0;40
135.65;0.0;0;0;0;20;97;0;64;50;35;0;0;0.0;0.0;1.0;0;0;20;0.0;0.0;8.48;;345;128;14.7;8.0;0.544;0;0;0;0;1;1;0;0;0;1;0;16;42;144;168;0;41
136.04;0.0;0;0;0;20;98;0;64;50;35;0;0;0.0;0.0;1.0;0;0;20;0.0;0.0;8.49;;345;128;14.7;8.0;0.544;0;0;0;0;1;1;0;0;0;1;0;16;42;143;168;0;40
136.41;0.0;0;0;0;20;98;0;64;50;35;0;0;0.0;0.0;1.0;0;0;20;0.0;0.0;8.49;;345;128;14.7;8.0;0.544;0;0;0;0;1;1;0;0;0;1;0;16;42;143;168;0;41
136.79;0.0;0;0;0;20;97;0;64;50;35;0;0;0.0;0.0;1.0;0;0;20;0.0;0.0;8.48;;345;128;14.7;9.8;0.667;0;0;0;0;1;1;0;0;0;1;0;16;42;144;168;0;38
137.17;0.0;0;0;0;20;97;0;64;50;35;0;0;0.0;0.0;1.0;0;0;20;0.0;0.0;8.48;;345;128;14.7;9.8;0.667;0;0;0;0;1;1;0;0;0;1;0;16;42;144;168;0;41
137.55;0.0;0;0;0;20;97;0;64;50;35;0;0;0.0;0.0;1.0;0;0;20;0.0;0.0;8.48;;345;128;14.7;18.0;1.224;0;0;0;0;1;1;0;0;0;1;0;16;42;143;168;0;50
137.93;0.0;0;0;0;20;97;0;64;50;35;0;0;0.0;0.0;1.0;0;0;20;0.0;0.0;8.48;;345;128;14.7;9.0;0.612;0;0;0;0;1;1;0;0;0;1;0;16;42;143;168;0;35
138.31;0.0;0;0;0;20;97;0;64;50;35;0;0;0.0;0.0;1.0;0;0;20;0.0;0.0;8.48;;345;128;14.7;18.4;1.252;0;0;0;0;1;1;0;0;0;1;0;16;42;144;168;0;41
138.68;0.0;0;0;0;20;97;0;64;50;35;0;0;0.0;0.0;1.0;0;0;20;0.0;0.0;8.48;;345;128;14.7;18.4;1.252;0;0;0;0;1;1;0;0;0;1;0;16;42;144;168;0;109
139.06;0.0;0;0;0;20;97;0;64;50;35;0;0;0.0;0.0;1.0;0;0;20;0.0;0.0;8.48;;345;128;14.7;19.8;1.347;0;0;0;0;1;1;0;0;0;1;0;16;42;144;168;0;40
139.43;0.0;0;0;0;20;97;0;64;50;35;0;0;0.0;0.0;1.0;0;0;20;0.0;0.0;8.48;;345;128;14.7;8.7;0.592;0;0;0;0;1;1;0;0;0;1;0;16;42;144;168;0;41
139.8;0.0;0;0;0;20;98;0;64;50;35;0;0;0.0;0.0;1.0;0;0;20;0.0;0.0;8.49;;345;128;14.7;8.7;0.592;0;0;0;0;1;1;0;0;0;1;0;16;42;143;168;0;38
139.83;0.0;0;0;0;20;98;0;64;50;35;0;0;0.0;0.0;1.0;0;0;20;0.0;0.0;8.49;;345;128;14.7;8.7;0.592;0;0;0;0;1;1;0;0;0;1;0;16;42;143;168;0;38
140.19;0.0;0;0;0;20;97;0;64;50;35;0;0;0.0;0.0;1.0;0;0;20;0.0;0.0;8.48;;345;128;14.7;18.9;1.286;0;0;0;0;1;1;0;0;0;1;0;16;42;144;168;0;40
140.58;0.0;0;0;0;20;97;0;64;50;35;0;0;0.0;0.0;1.0;0;0;20;0.0;0.0;8.48;;345;128;14.7;9.2;0.626;0;0;0;0;1;1;0;0;0;1;0;16;42;143;168;0;50
140.95;0.0;0;0;0;20;97;0;64;50;35;0;0;0.0;0.0;1.0;0;0;20;0.0;0.0;8.48;;345;128;14.7;18.0;1.224;0;0;0;0;1;1;0;0;0;1;0;16;42;143;168;0;44
141.33;0.0;0;0;0;20;97;0;64;50;35;0;0;0.0;0.0;1.0;0;0;20;0.0;0.0;8.48;;345;128;14.7;18.4;1.252;0;0;0;0;1;1;0;0;0;1;0;16;42;144;168;0;41
141.71;0.0;0;0;0;20;97;0;64;50;35;0;0;0.0;0.0;1.0;0;0;20;0.0;0.0;8.48;;345;128;14.7;18.4;1.252;0;0;0;0;1;1;0;0;0;1;0;16;42;144;168;0;109
141.73;0.0;0;0;0;20;97;0;64;50;35;0;0;0.0;0.0;1.0;0;0;20;0.0;0.0;8.48;;345;128;14.7;18.0;1.224;0;0;0;0;1;1;0;0;0;1;0;16;42;144;168;0;109
142.09;0.0;0;0;0;20;97;0;64;50;35;0;0;0.0;0.0;1.0;0;0;20;0.0;0.0;8.48;;345;128;14.7;18.0;1.224;0;0;0;0;1;1;0;0;0;1;0;16;42;144;168;0;40
142.46;0.0;0;0;0;20;97;0;64;50;35;0;0;0.0;0.0;1.0;0;0;20;0.0;0.0;8.48;;345;128;14.7;9.0;0.612;0;0;0;0;1;1;0;0;0;1;0;16;42;144;168;0;41
142.84;0.0;0;0;0;20;98;0;64;50;35;0;0;0.0;0.0;1.0;0;0;20;0.0;0.0;8.49;;345;128;14.7;9.0;0.612;0;0;0;0;1;1;0;0;0;1;0;16;42;143;168;0;50
142.87;0.0;0;0;0;20;98;0;64;50;35;0;0;0.0;0.0;1.0;0;0;20;0.0;0.0;8.49;;345;128;14.7;17.8;1.211;0;0;0;0;1;1;0;0;0;1;0;16;42;143;168;0;50
143.23;0.0;0;0;0;20;98;0;64;50;35;0;0;0.0;0.0;1.0;0;0;20;0.0;0.0;8.49;;345;128;14.7;19.3;1.313;0;0;0;0;1;1;0;0;0;1;0;16;42;143;168;0;40
143.61;0.0;0;0;0;20;97;0;64;50;35;0;0;0.0;0.0;1.0;0;0;20;0.0;0.0;8.48;;345;128;14.7;8.9;0.605;0;0;0;0;1;1;0;0;0;1;0;16;42;144;168;0;50
143.99;0.0;0;0;0;20;97;0;64;50;35;0;0;0.0;0.0;1.0;0;0;20;0.0;0.0;8.48;;345;128;14.7;8.9;0.605;0;0;0;0;1;1;0;0;0;1;0;16;42;143;168;0;35
144.37;0.0;0;0;0;20;97;0;64;50;35;0;0;0.0;0.0;1.0;0;0;20;0.0;0.0;8.48;;345;128;14.7;9.0;0.612;0;0;0;0;1;1;0;0;0;1;0;16;42;144;168;0;40
144.75;0.0;0;0;0;20;97;0;64;50;35;0;0;0.0;0.0;1.0;0;0;20;0.0;0.0;8.48;;345;128;14.7;19.3;1.313;0;0;0;0;1;1;0;0;0;1;0;16;42;144;168;0;109
145.13;0.0;0;0;0;20;97;0;64;50;35;0;0;0.0;0.0;1.0;0;0;20;0.0;0.0;8.48;;345;128;14.7;19.3;1.313;0;0;0;0;1;1;0;0;0;1;0;16;42;144;168;0;40
145.5;0.0;0;0;0;20;97;0;64;50;35;0;0;0.0;0.0;1.0;0;0;20;0.0;0.0;8.48;;345;128;14.7;9.0;0.612;0;0;0;0;1;1;0;0;0;1;0;16;42;144;168;0;41
145.88;0.0;0;0;0;20;98;0;64;50;35;0;0;0.0;0.0;1.0;0;0;20;0.0;0.0;8.49;;345;128;14.7;9.0;0.612;0;0;0;0;1;1;0;0;0;1;0;16;42;143;168;0;50
146.25;0.0;0;0;0;20;98;0;64;50;35;0;0;0.0;0.0;1.0;0;0;20;0.0;0.0;8.49;;345;128;14.7;9.0;0.612;0;0;0;0;1;1;0;0;0;1;0;16;42;143;168;0;40
146.63;0.0;0;0;0;20;97;0;64;50;35;0;0;0.0;0.0;1.0;0;0;20;0.0;0.0;8.48;;345;128;14.7;9.0;0.612;0;0;0;0;1;1;0;0;0;1;0;16;42;144;168;0;50
147.01;0.0;0;0;0;20;97;0;64;50;35;0;0;0.0;0.0;1.0;0;0;20;0.0;0.0;8.48;;345;128;14.7;9.0;0.612;0;0;0;0;1;1;0;0;0;1;0;16;42;144;168;0;108
147.4;0.0;0;0;0;20;98;0;64;50;35;0;0;0.0;0.0;1.0;0;0;20;0.0;0.0;8.49;;345;128;14.7;10.9;0.741;0;0;0;0;1;1;0;0;0;1;0;16;42;143;168;0;40
147.77;0.0;0;0;0;20;97;0;64;50;35;0;0;0.0;0.0;1.0;0;0;20;0.0;0.0;8.48;;345;128;14.7;10.9;0.741;0;0;0;0;1;1;0;0;0;1;0;16;42;144;168;0;109
148.17;0.0;0;0;0;20;97;0;64;50;35;0;0;0.0;0.0;1.0;0;0;20;0.0;0.0;8.48;;345;128;14.7;8.1;0.551;0;0;0;0;1;1;0;0;0;1;0;16;42;144;168;0;50
148.55;0.0;0;0;0;20;97;0;64;50;35;0;0;0.0;0.0;1.0;0;0;20;0.0;0.0;8.48;;345;128;14.7;8.1;0.551;0;0;0;0;1;1;0;0;0;1;0;16;42;144;168;0;40
148.91;0.0;0;0;0;20;97;0;64;50;35;0;0;0.0;0.0;1.0;0;0;20;0.0;0.0;8.48;;345;128;14.7;7.0;0.476;0;0;0;0;1;1;0;0;0;1;0;16;42;144;168;0;50
149.28;0.0;0;0;0;20;97;0;64;50;35;0;0;0.0;0.0;1.0;0;0;20;0.0;0.0;8.48;;345;128;14.7;9.0;0.612;0;0;0;0;1;1;0;0;0;1;0;16;42;144;168;0;108
149.68;0.0;0;0;0;20;97;0;64;50;35;0;0;0.0;0.0;1.0;0;0;20;0.0;0.0;8.48;;345;128;14.7;9.0;0.612;0;0;0;0;1;1;0;0;0;1;0;16;42;144;168;0;40
150.05;0.0;0;0;0;20;97;0;64;50;35;0;0;0.0;0.0;1.0;0;0;20;0.0;0.0;8.48;;345;128;14.7;9.0;0.612;0;0;0;0;1;1;0;0;0;1;0;16;42;144;168;0;41
150.42;0.0;0;0;0;20;97;0;64;50;35;0;0;0.0;0.0;1.0;0;0;20;0.0;0.0;8.48;;345;128;14.7;8.7;0.592;0;0;0;0;1;1;0;0;0;1;0;16;42;144;168;0;50
150.81;0.0;0;0;0;20;97;0;64;50;35;0;0;0.0;0.0;1.0;0;0;20;0.0;0.0;8.48;;345;128;14.7;8.7;0.592;0;0;0;0;1;1;0;0;0;1;0;16;42;144;168;0;40
151.19;0.0;0;0;0;20;97;0;64;50;35;0;0;0.0;0.0;1.0;0;0;20;0.0;0.0;8.48;;345;128;14.7;19.1;1.299;0;0;0;0;1;1;0;0;0;1;0;16;42;144;168;0;41
151.57;0.0;0;0;0;20;97;0;64;50;35;0;0;0.0;0.0;1.0;0;0;20;0.0;0.0;8.48;;345;128;14.7;18.3;1.245;0;0;0;0;1;1;0;0;0;1;0;16;42;144;168;0;108
151.94;154;42;42;0;20;112;0;64;54;16;0;0;0.0;0.0;1.0;0;0;16;5.25;0.0;8.56;2.6;345;128;14.7;18.3;1.245;0;0;0;1;1;1;1;0;0;1;0;151;42;123;168;0;50
152.32;166;55;55;0;16;110;0;64;54;16;0;0;0.0;0.0;1.0;0;0;16;6.88;0.0;7.05;2.2;345;128;14.7;18.3;1.245;0;1;0;1;1;1;1;0;0;1;0;186;42;125;168;0;54
152.69;179;65;65;0;16;112;0;64;54;16;0;0;0.0;0.0;1.0;0;0;16;8.12;0.0;7.06;2.4;345;128;14.7;18.3;1.245;0;1;0;1;1;1;1;0;0;1;0;208;42;123;168;0;54
153.08;717;38;38;0;10;105;0;65;54;35;0;0;0.0;0.0;1.0;0;0;16;4.75;0.0;4.6;6.1;345;128;14.59;18.3;1.254;0;1;0;1;1;1;1;0;0;1;0;278;42;132;168;0;81
153.45;807;43;43;0;11;85;0;64;35;35;0;0;0.0;0.0;1.0;0;0;35;5.38;0.0;4.83;7.4;345;128;14.7;18.3;1.245;0;1;0;0;1;1;0;0;0;1;0;299;42;160;168;0;83
153.84;1255;32;32;0;8.65;86;0;64;33;37;0;0;0.0;0.0;1.0;0;0;37;4.0;0.0;3.89;9.0;345;128;14.7;18.3;1.245;0;1;0;0;1;1;0;0;0;1;0;315;42;158;168;0;54
154.22;1588;23;23;0;6.48;85;0;64;28;43;0;0;0.0;0.0;1.0;0;0;42;2.88;0.0;3.02;8.6;345;128;14.7;18.3;1.245;0;1;0;0;1;1;0;0;0;1;0;313;42;160;168;0;84
154.6;1511;25;25;0;6.81;85;0;64;29;41;0;0;0.0;0.0;1.0;0;0;41;3.12;0.0;3.15;8.6;345;128;14.7;18.3;1.245;0;1;0;0;1;1;0;0;0;1;0;315;42;160;168;0;84
154.98;1422;26;26;0;7.08;85;0;64;30;40;0;0;0.0;0.0;1.0;0;0;40;3.25;0.0;3.26;8.4;345;128;14.7;18.3;1.245;0;1;0;0;1;1;0;0;0;1;0;313;42;161;168;0;84
155.34;1383;28;28;0;7.38;85;0;64;32;39;0;0;0.0;0.0;1.0;0;0;38;3.5;0.0;3.38;8.5;345;128;14.7;18.3;1.245;0;1;0;0;1;1;0;0;0;1;0;315;42;160;168;0;114
155.74;1332;29;29;0;7.51;85;0;64;32;38;0;0;0.0;0.0;1.0;0;0;38;3.62;0.0;3.43;8.3;345;128;14.7;18.3;1.245;0;1;0;0;1;1;0;0;0;1;0;315;42;161;168;1;81
156.11;1319;28;28;0;7.47;84;0;64;32;38;0;0;0.0;0.0;1.0;0;0;38;3.5;0.0;3.41;8.2;345;128;14.7;18.3;1.245;0;1;0;0;1;1;0;0;0;1;0;314;42;162;168;1;84
156.49;1319;29;29;0;7.43;85;0;64;32;38;0;0;0.0;0.0;1.0;0;0;38;3.62;0.0;3.4;8.2;345;128;14.7;18.3;1.245;0;1;0;0;1;1;0;0;0;1;0;316;42;161;168;1;84
156.87;1319;29;29;0;7.55;84;0;64;32;38;0;0;0.0;0.0;1.0;0;0;38;3.62;0.0;3.44;8.3;345;128;14.7;18.3;1.245;0;1;0;0;1;1;0;0;0;1;0;319;42;160;168;1;56
157.25;1332;29;29;0;7.3;84;0;64;32;38;0;0;0.0;0.0;1.0;0;0;38;3.62;0.0;3.34;8.1;345;128;14.7;18.3;1.245;0;1;0;0;1;1;0;0;0;1;0;316;42;159;168;1;85
157.63;1319;29;29;0;7.27;82;0;64;32;38;0;0;0.0;0.0;1.0;0;0;38;3.62;0.0;3.32;8.0;345;128;14.7;18.3;1.245;0;1;0;0;1;1;0;0;0;1;0;316;42;164;168;1;85
158.02;1383;28;28;0;7.2;84;0;64;32;39;0;0;0.0;0.0;1.0;0;0;38;3.5;0.0;3.3;8.3;345;128;14.7;18.3;1.245;0;1;0;0;1;1;0;0;0;1;0;315;42;162;168;1;84
158.38;1345;29;29;0;7.15;84;0;64;32;38;0;0;0.0;0.0;1.0;0;0;38;3.62;0.0;3.28;8.0;345;128;14.7;18.3;1.245;0;1;0;0;1;1;0;0;0;1;0;316;42;162;168;1;85
158.77;1383;29;29;0;7.12;82;0;64;32;38;0;0;0.0;0.0;1.0;0;0;38;3.62;0.0;3.26;8.2;345;128;14.7;18.3;1.245;0;1;0;0;1;1;0;0;0;1;0;317;42;165;168;1;85
159.13;1319;28;28;0;7.07;82;0;64;31;38;0;0;0.0;0.0;1.0;0;0;39;3.5;0.0;3.24;7.8;345;128;14.7;18.3;1.245;0;1;0;0;1;1;0;0;0;1;0;316;42;164;168;2;41
159.52;1370;28;28;0;6.95;82;0;64;31;39;0;0;0.0;0.0;1.0;0;0;39;3.5;0.0;3.19;7.9;345;128;14.7;18.3;1.245;0;1;0;0;1;1;0;0;0;1;0;317;42;165;168;2;85
159.89;1370;29;29;0;7.0;82;0;64;31;39;0;0;0.0;0.0;1.0;0;0;39;3.62;0.0;3.21;8.0;345;128;14.7;18.3;1.245;0;1;0;0;1;1;0;0;0;1;0;318;42;165;168;2;85
160.27;1332;28;28;0;6.77;82;0;64;32;39;0;0;0.0;0.0;1.0;0;0;38;3.5;0.0;3.12;7.5;345;128;14.7;18.3;1.245;0;1;0;0;1;1;0;0;0;1;0;315;42;165;168;2;84
160.65;1396;28;28;0;6.71;81;0;64;31;38;0;0;0.0;0.0;1.0;0;0;39;3.5;0.0;3.09;7.8;345;128;14.7;18.3;1.245;0;1;0;0;1;1;0;0;0;1;0;315;42;166;168;2;84
161.03;1332;28;28;0;6.71;81;0;64;31;39;0;0;0.0;0.0;1.0;0;0;39;3.5;0.0;3.09;7.4;345;128;14.7;18.3;1.245;0;1;0;0;1;1;0;0;0;1;0;314;42;166;168;2;85
161.4;1370;27;27;0;6.45;82;0;64;32;38;0;0;0.0;0.0;1.0;0;0;38;3.38;0.0;2.99;7.4;345;128;14.7;18.3;1.245;0;1;0;0;1;1;0;0;0;1;0;313;42;165;168;2;83
161.8;1422;27;27;0;6.52;82;0;64;31;39;0;0;0.0;0.0;1.0;0;0;39;3.38;0.0;3.02;7.7;345;128;14.7;18.3;1.245;0;1;0;0;1;1;0;0;0;1;0;315;42;164;168;2;41
162.18;1370;27;27;0;6.51;81;0;64;31;39;0;0;0.0;0.0;1.0;0;0;39;3.38;0.0;3.01;7.4;345;128;14.7;18.3;1.245;0;1;0;0;1;1;0;0;0;1;0;314;42;166;168;3;83
162.56;1345;27;27;0;6.43;83;0;64;31;38;0;0;0.0;0.0;1.0;0;0;39;3.38;0.0;2.99;7.2;345;128;14.7;18.3;1.245;0;1;0;0;1;1;0;0;0;1;0;314;42;163;168;3;84
162.94;1396;27;27;0;6.37;82;0;64;31;39;0;0;0.0;0.0;1.0;0;0;39;3.38;0.0;2.96;7.4;345;128;14.7;18.3;1.245;0;1;0;0;1;1;0;0;0;1;0;315;42;164;168;3;84
163.32;1422;27;27;0;6.32;82;0;64;31;39;0;0;0.0;0.0;1.0;0;0;39;3.38;0.0;2.94;7.5;345;128;14.7;18.3;1.245;0;1;0;0;1;1;0;0;0;1;0;314;42;165;168;3;92
163.7;1434;27;27;0;6.16;81;0;64;31;40;0;0;0.0;0.0;1.0;0;0;39;3.38;0.0;2.87;7.4;345;128;14.7;18.3;1.245;0;1;0;0;1;1;0;0;0;1;0;313;42;166;168;3;84
164.07;1434;26;26;0;6.08;81;0;64;31;39;0;0;0.0;0.0;1.0;0;0;39;3.25;0.0;2.84;7.3;345;128;14.7;18.3;1.245;0;1;0;0;1;1;0;0;0;1;0;312;42;164;168;3;81
164.44;1422;27;27;0;6.06;81;0;64;31;38;0;0;0.0;0.0;1.0;0;0;39;3.38;0.0;2.83;7.2;345;128;14.7;18.3;1.245;0;1;0;0;1;1;0;0;0;1;0;313;42;166;168;3;84
164.84;1383;27;27;0;6.07;82;0;64;30;39;0;0;0.0;0.0;1.0;0;0;40;3.38;0.0;2.84;7.0;345;128;14.7;18.3;1.245;0;1;0;0;1;1;0;0;0;1;0;313;42;164;168;4;84
165.2;1370;26;26;0;5.98;81;0;64;31;39;0;0;0.0;0.0;1.0;0;0;39;3.25;0.0;2.8;6.8;345;128;14.7;18.3;1.245;0;1;0;0;1;1;0;0;0;1;0;311;42;166;168;4;84
165.59;1345;26;26;0;5.78;81;0;64;31;39;0;0;0.0;0.0;1.0;0;0;39;3.25;0.0;2.72;6.5;345;128;14.7;18.3;1.245;0;1;0;0;1;1;0;0;0;1;0;309;42;166;168;4;84
165.95;1396;26;26;0;5.78;81;0;64;31;39;0;0;0.0;0.0;1.0;0;0;39;3.25;0.0;2.72;6.7;345;128;14.7;18.3;1.245;0;1;0;0;1;1;0;0;0;1;0;310;42;166;168;4;84
166.35;1370;26;26;0;5.76;81;0;64;31;40;0;0;0.0;0.0;1.0;0;0;39;3.25;0.0;2.71;6.6;345;128;14.7;18.3;1.245;0;1;0;0;1;1;0;0;0;1;0;309;42;166;168;4;84
166.72;1383;26;26;0;5.67;80;0;64;31;39;0;0;0.0;0.0;1.0;0;0;39;3.25;0.0;2.67;6.5;345;128;14.7;18.3;1.245;0;1;0;0;1;1;0;0;0;1;0;309;42;167;168;4;84
167.11;1370;26;26;0;5.7;80;0;64;31;39;0;0;0.0;0.0;1.0;0;0;39;3.25;0.0;2.68;6.5;345;128;14.7;18.3;1.245;0;1;0;0;1;1;0;0;0;1;0;309;42;167;168;4;84
167.49;1383;25;25;0;5.61;80;0;64;31;39;0;0;0.0;0.0;1.0;0;0;39;3.12;0.0;2.64;6.5;345;128;14.7;18.3;1.245;0;1;0;0;1;1;0;0;0;1;0;308;42;167;167;4;70
167.85;1383;26;26;0;5.71;81;0;64;31;39;0;0;0.0;0.0;1.0;0;0;39;3.25;0.0;2.69;6.6;345;128;14.7;18.3;1.245;0;1;0;0;1;1;0;0;0;1;0;311;42;166;167;4;84
168.22;1434;25;25;0;5.57;80;0;64;31;39;0;0;0.0;0.0;1.0;0;0;39;3.12;0.0;2.63;6.7;345;128;14.7;18.3;1.245;0;1;0;0;1;1;0;0;0;1;0;308;42;167;167;4;84
168.6;1473;26;26;0;5.72;80;0;64;30;39;0;0;0.0;0.0;1.0;0;0;40;3.25;0.0;2.69;7.0;345;128;14.7;18.3;1.245;0;1;0;0;1;1;0;0;0;1;0;313;42;167;167;4;84
168.98;1447;25;25;0;5.6;82;0;64;31;40;0;0;0.0;0.0;1.0;0;0;39;3.12;0.0;2.65;6.8;345;128;14.7;18.3;1.245;0;1;0;0;1;1;0;0;0;1;0;309;42;165;167;5;84
169.37;1422;25;25;0;5.6;80;0;64;31;40;0;0;0.0;0.0;1.0;0;0;39;3.12;0.0;2.64;6.6;345;128;14.7;18.3;1.245;0;1;0;0;1;1;0;0;0;1;0;310;42;167;167;5;42
169.68;1422;25;25;0;5.6;80;0;64;31;40;0;0;0.0;0.0;1.0;0;0;39;3.12;0.0;2.64;6.6;345;128;14.7;9.0;0.612;0;1;0;0;1;1;0;0;0;1;0;310;42;167;167;5;42
170.04;1422;25;25;0;5.6;80;0;64;31;40;0;0;0.0;0.0;1.0;0;0;39;3.12;0.0;2.64;6.6;345;128;14.7;9.0;0.612;0;1;0;0;1;1;0;0;0;1;0;310;42;167;167;5;42
170.13;1422;25;25;0;5.6;80;0;64;31;40;0;0;0.0;0.0;1.0;0;0;39;3.12;0.0;2.64;6.6;345;128;14.7;9.0;0.612;0;1;0;0;1;1;0;0;0;1;0;310;42;167;167;5;42
170.51;1434;25;25;0;5.58;81;0;64;30;40;0;0;0.0;0.0;1.0;0;0;40;3.12;0.0;2.64;6.7;345;128;14.7;9.0;0.612;0;1;0;0;1;1;0;0;0;1;0;310;42;166;167;5;83
170.89;1396;25;25;0;5.6;80;0;64;30;40;0;0;0.0;0.0;1.0;0;0;40;3.12;0.0;2.64;6.5;345;128;14.7;9.0;0.612;0;1;0;0;1;1;0;0;0;1;0;310;42;167;167;5;84
171.26;1486;25;25;0;5.57;80;0;64;30;40;0;0;0.0;0.0;1.0;0;0;40;3.12;0.0;2.63;6.9;345;128;14.7;9.0;0.612;0;1;0;0;1;1;0;0;0;1;0;311;42;167;167;5;84
171.66;1434;23;23;0;5.25;80;0;64;30;40;0;0;0.0;0.0;1.0;0;0;40;2.88;0.0;2.5;6.3;345;128;14.7;9.0;0.612;0;1;0;0;1;1;0;0;0;1;0;302;42;167;167;5;76
172.02;1422;25;25;0;5.46;80;0;64;30;40;0;0;0.0;0.0;1.0;0;0;40;3.12;0.0;2.58;6.5;345;128;14.7;9.0;0.612;0;1;0;0;1;1;0;0;0;1;0;307;42;167;167;5;70
172.4;1486;24;24;0;5.42;80;0;64;30;39;0;0;0.0;0.0;1.0;0;0;40;3.0;0.0;2.57;6.7;345;128;14.7;9.0;0.612;0;1;0;0;1;1;0;0;0;1;0;307;42;167;167;5;41
172.78;1447;25;25;0;5.47;80;0;64;31;39;0;0;0.0;0.0;1.0;0;0;39;3.12;0.0;2.59;6.6;345;128;14.7;9.0;0.612;0;1;0;0;1;1;0;0;0;1;0;307;42;167;167;5;83
173.15;1396;26;26;0;5.62;80;0;64;30;39;0;0;0.0;0.0;1.0;0;0;40;3.25;0.0;2.65;6.5;345;128;14.7;9.0;0.612;0;1;0;0;1;1;0;0;0;1;0;310;42;167;167;5;84
173.53;1383;25;25;0;5.55;80;0;64;30;40;0;0;0.0;0.0;1.0;0;0;40;3.12;0.0;2.62;6.4;345;128;14.7;9.0;0.612;0;1;0;0;1;1;0;0;0;1;0;308;42;167;167;5;146
173.92;1434;25;25;0;5.45;80;0;64;30;39;0;0;0.0;0.0;1.0;0;0;40;3.12;0.0;2.58;6.5;345;128;14.7;9.0;0.612;0;1;0;0;1;1;0;0;0;1;0;306;42;167;166;6;77
174.3;1447;25;25;0;5.48;81;0;64;31;40;0;0;0.0;0.0;1.0;0;0;39;3.12;0.0;2.6;6.6;345;128;14.7;9.0;0.612;0;1;0;0;1;1;0;0;0;1;0;306;42;166;166;6;42
174.68;1434;25;25;0;5.5;80;0;64;31;38;0;0;0.0;0.0;1.0;0;0;39;3.12;0.0;2.6;6.6;345;128;14.7;9.0;0.612;0;1;0;0;1;1;0;0;0;1;0;305;42;168;166;6;84
175.06;1396;25;25;0;5.55;80;0;64;31;39;0;0;0.0;0.0;1.0;0;0;39;3.12;0.0;2.62;6.5;345;128;14.7;9.0;0.612;0;1;0;0;1;1;0;0;0;1;0;305;42;167;166;6;82
175.45;1332;25;25;0;5.6;80;0;64;31;38;0;0;0.0;0.0;1.0;0;0;39;3.12;0.0;2.64;6.2;345;128;14.7;9.0;0.612;0;1;0;0;1;1;0;0;0;1;0;305;42;168;166;6;84
175.81;1345;25;25;0;5.57;82;0;64;32;38;0;0;0.0;0.0;1.0;0;0;38;3.12;0.0;2.64;6.2;345;128;14.7;9.0;0.612;0;1;0;0;1;1;0;0;0;1;0;303;42;165;166;6;76
176.18;1345;24;24;0;5.42;80;0;64;31;38;0;0;0.0;0.0;1.0;0;0;39;3.0;0.0;2.57;6.1;345;128;14.7;9.0;0.612;0;1;0;0;1;1;0;0;0;1;0;299;42;167;166;6;83
176.57;1332;24;24;0;5.42;80;0;64;32;38;0;0;0.0;0.0;1.0;0;0;38;3.0;0.0;2.57;6.0;345;128;14.7;9.0;0.612;0;1;0;0;1;1;0;0;0;1;0;298;42;168;166;6;83
176.95;1332;24;24;0;5.37;80;0;64;31;38;0;0;0.0;0.0;1.0;0;0;39;3.0;0.0;2.55;6.0;345;128;14.7;9.0;0.612;0;1;0;0;1;1;0;0;0;1;0;296;42;168;166;6;82
177.32;1383;24;24;0;5.32;80;0;64;32;38;0;0;0.0;0.0;1.0;0;0;38;3.0;0.0;2.53;6.1;345;128;14.7;9.0;0.612;0;1;0;0;1;1;0;0;0;1;0;295;42;167;166;6;82
177.71;1281;23;23;0;5.2;80;0;64;33;38;0;0;0.0;0.0;1.0;0;0;37;2.88;0.0;2.48;5.6;345;128;14.7;9.0;0.612;0;1;0;0;1;1;0;0;0;1;0;289;42;167;166;6;82
178.1;1281;24;24;0;5.35;80;0;64;32;38;0;0;0.0;0.0;1.0;0;0;38;3.0;0.0;2.54;5.7;345;128;14.7;9.0;0.612;0;1;0;0;1;1;0;0;0;1;0;293;42;168;166;6;82
178.47;1306;23;23;0;5.15;80;0;64;33;38;0;0;0.0;0.0;1.0;0;0;37;2.88;0.0;2.46;5.6;345;128;14.7;9.0;0.612;0;1;0;0;1;1;0;0;0;1;0;286;42;168;165;6;81
178.85;1332;24;24;0;5.38;81;0;64;33;37;0;0;0.0;0.0;1.0;0;0;37;3.0;0.0;2.56;6.0;345;128;14.7;9.0;0.612;0;1;0;0;1;1;0;0;0;1;0;293;42;166;165;6;72
179.22;1319;24;24;0;5.4;80;0;64;32;37;0;0;0.0;0.0;1.0;0;0;38;3.0;0.0;2.56;5.9;345;128;14.7;9.0;0.612;0;1;0;0;1;1;0;0;0;1;0;293;42;168;165;6;82
179.6;1281;24;24;0;5.42;80;0;64;33;37;0;0;0.0;0.0;1.0;0;0;37;3.0;0.0;2.57;5.8;345;128;14.7;9.0;0.612;0;1;0;0;1;1;0;0;0;1;0;293;42;168;165;6;82
179.99;1229;24;24;0;5.27;80;0;64;32;37;0;0;0.0;0.0;1.0;0;0;38;3.0;0.0;2.51;5.4;345;128;14.7;9.0;0.612;0;1;0;0;1;1;0;0;0;1;0;288;42;168;165;6;76
180.36;1255;24;24;0;5.27;80;0;64;33;37;0;0;0.0;0.0;1.0;0;0;37;3.0;0.0;2.51;5.5;345;128;14.7;9.0;0.612;0;1;0;0;1;1;0;0;0;1;0;288;42;168;165;6;82
180.74;1319;24;24;0;5.27;80;0;64;33;37;0;0;0.0;0.0;1.0;0;0;37;3.0;0.0;2.51;5.8;345;128;14.7;9.0;0.612;0;1;0;0;1;1;0;0;0;1;0;289;42;168;165;6;82
181.12;1306;23;23;0;5.17;80;0;64;32;38;0;0;0.0;0.0;1.0;0;0;38;2.88;0.0;2.47;5.6;345;128;14.7;9.0;0.612;0;1;0;0;1;1;0;0;0;1;0;287;42;168;165;6;82
181.49;1255;23;23;0;5.12;80;0;64;33;37;0;0;0.0;0.0;1.0;0;0;37;2.88;0.0;2.45;5.4;345;128;14.7;9.0;0.612;0;1;0;0;1;1;0;0;0;1;0;284;42;168;165;6;82
181.87;1255;24;24;0;5.32;80;0;64;32;37;0;0;0.0;0.0;1.0;0;0;38;3.0;0.0;2.53;5.6;345;128;14.7;9.0;0.612;0;1;0;0;1;1;0;0;0;1;0;289;42;168;165;6;82
182.26;1268;24;24;0;5.27;80;0;64;34;38;0;0;0.0;0.0;1.0;0;0;36;3.0;0.0;2.51;5.6;345;128;14.7;9.0;0.612;0;1;0;0;1;1;0;0;0;1;0;288;42;168;165;6;76
182.63;1306;24;24;0;5.27;80;0;64;33;37;0;0;0.0;0.0;1.0;0;0;37;3.0;0.0;2.51;5.7;345;128;14.7;9.0;0.612;0;1;0;0;1;1;0;0;0;1;0;290;42;168;165;6;82
183.01;1281;24;24;0;5.25;80;0;64;33;37;0;0;0.0;0.0;1.0;0;0;37;3.0;0.0;2.5;5.6;345;128;14.7;9.0;0.612;0;1;0;0;1;1;0;0;0;1;0;289;42;168;164;6;82
183.39;1229;24;24;0;5.2;80;0;64;32;37;0;0;0.0;0.0;1.0;0;0;38;3.0;0.0;2.48;5.3;345;128;14.7;9.0;0.612;0;1;0;0;1;1;0;0;0;1;0;287;42;168;164;6;82
183.76;1268;23;23;0;5.15;80;0;64;33;37;0;0;0.0;0.0;1.0;0;0;37;2.88;0.0;2.46;5.4;345;128;14.7;9.0;0.612;0;1;0;0;1;1;0;0;0;1;0;286;42;167;164;6;82
184.14;1229;24;24;0;5.3;80;0;64;34;36;0;0;0.0;0.0;1.0;0;0;36;3.0;0.0;2.52;5.4;345;128;14.7;9.0;0.612;0;1;0;0;1;1;0;0;0;1;0;287;42;168;164;6;73
184.52;1255;24;24;0;5.25;80;0;64;34;37;0;0;0.0;0.0;1.0;0;0;36;3.0;0.0;2.5;5.5;345;128;14.7;9.0;0.612;0;1;0;0;1;1;0;0;0;1;0;287;42;168;164;6;82
184.9;1255;24;24;0;5.23;79;0;64;33;36;0;0;0.0;0.0;1.0;0;0;37;3.0;0.0;2.49;5.5;345;128;14.7;9.0;0.612;0;1;0;0;1;1;0;0;0;1;0;286;42;169;164;6;82
185.28;1229;23;23;0;5.05;80;0;64;33;37;0;0;0.0;0.0;1.0;0;0;37;2.88;0.0;2.42;5.2;345;128;14.7;9.0;0.612;0;1;0;0;1;1;0;0;0;1;0;282;42;168;164;6;82
185.66;1281;23;23;0;5.15;80;0;64;33;37;0;0;0.0;0.0;1.0;0;0;37;2.88;0.0;2.46;5.5;345;128;14.7;9.0;0.612;0;1;0;0;1;1;0;0;0;1;0;285;42;168;164;6;82
186.04;1229;23;23;0;5.15;80;0;64;33;37;0;0;0.0;0.0;1.0;0;0;37;2.88;0.0;2.46;5.3;345;128;14.7;9.0;0.612;0;1;0;0;1;1;0;0;0;1;0;284;42;168;164;6;82
186.43;1268;23;23;0;5.17;80;0;64;33;37;0;0;0.0;0.0;1.0;0;0;37;2.88;0.0;2.47;5.5;345;128;14.7;9.0;0.612;0;1;0;0;1;1;0;0;0;1;0;286;42;168;164;6;82
186.8;1217;24;24;0;5.22;80;0;64;33;36;0;0;0.0;0.0;1.0;0;0;37;3.0;0.0;2.49;5.3;345;128;14.7;9.0;0.612;0;1;0;0;1;1;0;0;0;1;0;285;42;168;163;6;75
187.17;1255;24;24;0;5.2;80;0;64;34;37;0;0;0.0;0.0;1.0;0;0;36;3.0;0.0;2.48;5.4;345;128;14.7;9.0;0.612;0;1;0;0;1;1;0;0;0;1;0;285;42;168;163;6;82
187.55;1229;24;24;0;5.32;80;0;64;33;37;0;0;0.0;0.0;1.0;0;0;37;3.0;0.0;2.53;5.4;345;128;14.7;9.0;0.612;0;1;0;0;1;1;0;0;0;1;0;287;42;168;163;6;90
187.95;1281;24;24;0;5.22;80;0;64;34;36;0;0;0.0;0.0;1.0;0;0;36;3.0;0.0;2.49;5.6;345;128;14.7;9.0;0.612;0;1;0;0;1;1;0;0;0;1;0;286;42;168;163;6;81
188.31;1178;23;23;0;5.18;79;0;64;33;36;0;0;0.0;0.0;1.0;0;0;37;2.88;0.0;2.47;5.1;345;128;14.7;9.0;0.612;0;1;0;0;1;1;0;0;0;1;0;284;42;169;163;6;82
188.69;1281;23;23;0;5.15;80;0;64;33;37;0;0;0.0;0.0;1.0;0;0;37;2.88;0.0;2.46;5.5;345;128;14.7;9.0;0.612;0;1;0;0;1;1;0;0;0;1;0;284;42;168;163;6;82
189.08;1229;24;24;0;5.25;80;0;64;33;37;0;0;0.0;0.0;1.0;0;0;37;3.0;0.0;2.5;5.4;345;128;14.7;9.0;0.612;0;1;0;0;1;1;0;0;0;1;0;287;42;168;163;6;82
189.46;1268;23;23;0;5.2;80;0;64;34;36;0;0;0.0;0.0;1.0;0;0;36;2.88;0.0;2.48;5.5;345;128;14.7;9.0;0.612;0;1;0;0;1;1;0;0;0;1;0;285;42;168;163;6;73
189.83;1204;23;23;0;5.17;80;0;64;34;37;0;0;0.0;0.0;1.0;0;0;36;2.88;0.0;2.47;5.2;345;128;14.7;9.0;0.612;0;1;0;0;1;1;0;0;0;1;0;284;42;168;163;6;81
190.2;1306;23;23;0;5.17;80;0;64;33;36;0;0;0.0;0.0;1.0;0;0;37;2.88;0.0;2.47;5.6;345;128;14.7;9.0;0.612;0;1;0;0;1;1;0;0;0;1;0;287;42;168;163;6;82
190.58;1204;24;24;0;5.22;80;0;64;33;36;0;0;0.0;0.0;1.0;0;0;37;3.0;0.0;2.49;5.2;345;128;14.7;9.0;0.612;0;1;0;0;1;1;0;0;0;1;0;284;42;168;162;6;89
190.98;1281;24;24;0;5.2;80;0;64;33;37;0;0;0.0;0.0;1.0;0;0;37;3.0;0.0;2.48;5.6;345;128;14.7;9.0;0.612;0;1;0;0;1;1;0;0;0;1;0;286;42;168;162;6;82
191.34;1229;23;23;0;5.17;80;0;64;33;37;0;0;0.0;0.0;1.0;0;0;37;2.88;0.0;2.47;5.3;345;128;14.7;9.0;0.612;0;1;0;0;1;1;0;0;0;1;0;284;42;168;162;6;42
191.73;1217;24;24;0;5.21;79;0;64;33;36;0;0;0.0;0.0;1.0;0;0;37;3.0;0.0;2.48;5.3;345;128;14.7;9.0;0.612;0;1;0;0;1;1;0;0;0;1;0;284;42;169;162;6;82
192.1;1255;22;22;0;5.0;80;0;64;34;37;0;0;0.0;0.0;1.0;0;0;36;2.75;0.0;2.4;5.2;345;128;14.7;9.0;0.612;0;1;0;0;1;1;0;0;0;1;0;280;42;168;162;6;74
192.48;1217;24;24;0;5.25;80;0;64;33;36;0;0;0.0;0.0;1.0;0;0;37;3.0;0.0;2.5;5.3;345;128;14.7;9.0;0.612;0;1;0;0;1;1;0;0;0;1;0;286;42;168;162;6;82
192.87;1255;23;23;0;5.17;80;0;64;34;37;0;0;0.0;0.0;1.0;0;0;36;2.88;0.0;2.47;5.4;345;128;14.7;9.0;0.612;0;1;0;0;1;1;0;0;0;1;0;285;42;168;162;6;82
193.25;1217;23;23;0;5.16;79;0;64;33;37;0;0;0.0;0.0;1.0;0;0;37;2.88;0.0;2.46;5.2;345;128;14.7;9.0;0.612;0;1;0;0;1;1;0;0;0;1;0;284;42;168;162;7;73
193.62;1268;24;24;0;5.2;80;0;64;33;36;0;0;0.0;0.0;1.0;0;0;37;3.0;0.0;2.48;5.5;345;128;14.7;9.0;0.612;0;1;0;0;1;1;0;0;0;1;0;285;42;168;162;7;82
194.0;1217;23;23;0;5.15;80;0;64;33;37;0;0;0.0;0.0;1.0;0;0;37;2.88;0.0;2.46;5.2;345;128;14.7;9.0;0.612;0;1;0;0;1;1;0;0;0;1;0;283;42;168;161;7;82
194.38;1255;24;24;0;5.26;81;0;64;34;36;0;0;0.0;0.0;1.0;0;0;36;3.0;0.0;2.51;5.5;345;128;14.7;9.0;0.612;0;1;0;0;1;1;0;0;0;1;0;285;42;166;161;7;42
194.75;1255;24;24;0;5.21;79;0;64;34;37;0;0;0.0;0.0;1.0;0;0;36;3.0;0.0;2.48;5.4;345;128;14.7;9.0;0.612;0;1;0;0;1;1;0;0;0;1;0;285;42;169;161;7;41
195.15;1281;23;23;0;5.11;79;0;64;33;37;0;0;0.0;0.0;1.0;0;0;37;2.88;0.0;2.44;5.5;345;128;14.7;9.0;0.612;0;1;0;0;1;1;0;0;0;1;0;283;42;169;161;7;74
195.5;1255;23;23;0;5.03;79;0;64;34;37;0;0;0.0;0.0;1.0;0;0;36;2.88;0.0;2.41;5.3;345;128;14.7;9.0;0.612;0;1;0;0;1;1;0;0;0;1;0;280;42;169;161;7;142
195.89;1204;24;24;0;5.35;80;0;64;33;37;0;0;0.0;0.0;1.0;0;0;37;3.0;0.0;2.54;5.4;345;128;14.7;9.0;0.612;0;1;0;0;1;1;0;0;0;1;0;288;42;169;161;7;81
196.26;1268;23;23;0;5.17;80;0;64;33;37;0;0;0.0;0.0;1.0;0;0;37;2.88;0.0;2.47;5.5;345;128;14.7;9.0;0.612;0;1;0;0;1;1;0;0;0;1;0;286;42;168;161;7;42
196.66;1217;23;23;0;5.16;79;0;64;33;37;0;0;0.0;0.0;1.0;0;0;37;2.88;0.0;2.46;5.2;345;128;14.7;9.0;0.612;0;1;0;0;1;1;0;0;0;1;0;284;42;169;161;7;82
197.02;1281;23;23;0;5.15;80;0;64;33;37;0;0;0.0;0.0;1.0;0;0;37;2.88;0.0;2.46;5.5;345;128;14.7;9.0;0.612;0;1;0;0;1;1;0;0;0;1;0;285;42;168;161;7;81
197.4;1217;23;23;0;5.12;80;0;64;33;37;0;0;0.0;0.0;1.0;0;0;37;2.88;0.0;2.45;5.2;345;128;14.7;9.0;0.612;0;1;0;0;1;1;0;0;0;1;0;283;42;168;161;7;82
197.78;1281;23;23;0;5.11;79;0;64;33;37;0;0;0.0;0.0;1.0;0;0;37;2.88;0.0;2.44;5.5;345;128;14.7;9.0;0.612;0;1;0;0;1;1;0;0;0;1;0;286;42;169;160;7;83
198.17;1281;23;23;0;5.05;80;0;64;33;37;0;0;0.0;0.0;1.0;0;0;37;2.88;0.0;2.42;5.4;345;128;14.7;9.0;0.612;0;1;0;0;1;1;0;0;0;1;0;283;42;167;160;7;82
198.55;1268;23;23;0;5.1;80;0;64;34;36;0;0;0.0;0.0;1.0;0;0;36;2.88;0.0;2.44;5.4;345;128;14.7;9.0;0.612;0;1;0;0;1;1;0;0;0;1;0;283;42;168;160;7;82
198.94;1268;23;23;0;5.05;80;0;64;33;37;0;0;0.0;0.0;1.0;0;0;37;2.88;0.0;2.42;5.3;345;128;14.7;9.0;0.612;0;1;0;0;1;1;0;0;0;1;0;281;42;168;160;7;82
199.31;1268;23;23;0;5.1;80;0;64;33;37;0;0;0.0;0.0;1.0;0;0;37;2.88;0.0;2.44;5.4;345;128;14.7;9.0;0.612;0;1;0;0;1;1;0;0;0;1;0;282;42;168;160;7;81
199.69;1217;23;23;0;5.1;80;0;64;33;37;0;0;0.0;0.0;1.0;0;0;37;2.88;0.0;2.44;5.2;345;128;14.7;9.0;0.612;0;1;0;0;1;1;0;0;0;1;0;282;42;168;160;7;82
200.06;1217;23;23;0;5.12;80;0;64;33;36;0;0;0.0;0.0;1.0;0;0;37;2.88;0.0;2.45;5.2;345;128;14.7;9.0;0.612;0;1;0;0;1;1;0;0;0;1;0;281;42;168;160;7;82
200.45;1204;23;23;0;5.15;80;0;64;33;37;0;0;0.0;0.0;1.0;0;0;37;2.88;0.0;2.46;5.2;345;128;14.7;9.0;0.612;0;1;0;0;1;1;0;0;0;1;0;283;42;168;160;7;75
200.83;1229;23;23;0;5.15;80;0;64;33;37;0;0;0.0;0.0;1.0;0;0;37;2.88;0.0;2.46;5.3;345;128;14.7;9.0;0.612;0;1;0;0;1;1;0;0;0;1;0;283;42;168;160;7;82
201.21;1255;22;22;0;4.92;80;0;64;33;38;0;0;0.0;0.0;1.0;0;0;37;2.75;0.0;2.37;5.1;345;128;14.7;9.0;0.612;0;1;0;0;1;1;0;0;0;1;0;279;42;168;159;7;82
201.59;1268;22;22;0;5.02;80;0;64;33;37;0;0;0.0;0.0;1.0;0;0;37;2.75;0.0;2.41;5.3;345;128;14.7;9.0;0.612;0;1;0;0;1;1;0;0;0;1;0;281;42;168;159;7;82
201.96;1229;22;22;0;4.98;79;0;64;33;37;0;0;0.0;0.0;1.0;0;0;37;2.75;0.0;2.39;5.1;345;128;14.7;9.0;0.612;0;1;0;0;1;1;0;0;0;1;0;279;42;169;159;7;82
202.33;1217;24;24;0;5.2;80;0;64;33;36;0;0;0.0;0.0;1.0;0;0;37;3.0;0.0;2.48;5.3;345;128;14.7;9.0;0.612;0;1;0;0;1;1;0;0;0;1;0;283;42;168;159;7;81
202.7;1255;23;23;0;5.05;80;0;64;34;37;0;0;0.0;0.0;1.0;0;0;36;2.88;0.0;2.42;5.3;345;128;14.7;9.0;0.612;0;1;0;0;1;1;0;0;0;1;0;280;42;168;159;7;82
203.08;1229;23;23;0;5.1;80;0;64;33;37;0;0;0.0;0.0;1.0;0;0;37;2.88;0.0;2.44;5.2;345;128;14.7;9.0;0.612;0;1;0;0;1;1;0;0;0;1;0;282;42;168;159;7;81
203.48;1268;23;23;0;5.02;80;0;64;33;37;0;0;0.0;0.0;1.0;0;0;37;2.88;0.0;2.41;5.3;345;128;14.7;9.0;0.612;0;1;0;0;1;1;0;0;0;1;0;282;42;168;159;8;82
203.86;1255;22;22;0;4.85;80;0;64;32;38;0;0;0.0;0.0;1.0;0;0;38;2.75;0.0;2.34;5.1;345;128;14.7;9.0;0.612;0;1;0;0;1;1;0;0;0;1;0;277;42;168;159;7;81
204.24;1281;23;23;0;5.07;80;0;64;33;37;0;0;0.0;0.0;1.0;0;0;37;2.88;0.0;2.43;5.4;345;128;14.7;9.0;0.612;0;1;0;0;1;1;0;0;0;1;0;283;42;168;159;7;82
204.6;1229;23;23;0;5.05;80;0;64;33;37;0;0;0.0;0.0;1.0;0;0;37;2.88;0.0;2.42;5.2;345;128;14.7;9.0;0.612;0;1;0;0;1;1;0;0;0;1;0;281;42;168;158;8;81
204.99;1268;23;23;0;5.11;81;0;64;34;37;0;0;0.0;0.0;1.0;0;0;36;2.88;0.0;2.45;5.4;345;128;14.7;9.0;0.612;0;1;0;0;1;1;0;0;0;1;0;282;42;165;158;8;82
205.37;1217;23;23;0;5.07;80;0;64;34;36;0;0;0.0;0.0;1.0;0;0;36;2.88;0.0;2.43;5.1;345;128;14.7;9.0;0.612;0;1;0;0;1;1;0;0;0;1;0;281;42;168;158;8;82
205.75;1204;23;23;0;5.17;80;0;64;33;36;0;0;0.0;0.0;1.0;0;0;37;2.88;0.0;2.47;5.2;345;128;14.7;9.0;0.612;0;1;0;0;1;1;0;0;0;1;0;283;42;168;158;8;82
206.12;1281;22;22;0;4.97;80;0;64;34;36;0;0;0.0;0.0;1.0;0;0;36;2.75;0.0;2.39;5.3;345;128;14.7;9.0;0.612;0;1;0;0;1;1;0;0;0;1;0;279;42;168;158;8;72
206.52;1217;23;23;0;5.1;80;0;64;33;36;0;0;0.0;0.0;1.0;0;0;37;2.88;0.0;2.44;5.2;345;128;14.7;9.0;0.612;0;1;0;0;1;1;0;0;0;1;0;281;42;168;158;8;82
206.87;1229;23;23;0;5.12;81;0;64;34;36;0;0;0.0;0.0;1.0;0;0;36;2.88;0.0;2.45;5.2;345;128;14.7;9.0;0.612;0;1;0;0;1;1;0;0;0;1;0;280;42;166;158;8;72
207.26;1255;23;23;0;5.07;80;0;64;34;36;0;0;0.0;0.0;1.0;0;0;36;2.88;0.0;2.43;5.3;345;128;14.7;9.0;0.612;0;1;0;0;1;1;0;0;0;1;0;280;42;168;158;8;82
207.65;1204;23;23;0;5.05;80;0;64;33;37;0;0;0.0;0.0;1.0;0;0;37;2.88;0.0;2.42;5.1;345;128;14.7;9.0;0.612;0;1;0;0;1;1;0;0;0;1;0;279;42;168;158;8;81
208.02;1204;22;22;0;5.0;80;0;64;33;36;0;0;0.0;0.0;1.0;0;0;37;2.75;0.0;2.4;5.0;345;128;14.7;9.0;0.612;0;1;0;0;1;1;0;0;0;1;0;278;42;168;157;8;81
208.4;1229;23;23;0;5.05;80;0;64;34;36;0;0;0.0;0.0;1.0;0;0;36;2.88;0.0;2.42;5.2;345;128;14.7;9.0;0.612;0;1;0;0;1;1;0;0;0;1;0;279;42;167;157;8;73
208.78;1255;22;22;0;4.87;80;0;64;33;37;0;0;0.0;0.0;1.0;0;0;37;2.75;0.0;2.35;5.1;345;128;14.7;9.0;0.612;0;1;0;0;1;1;0;0;0;1;0;275;42;168;157;8;81
209.15;1204;23;23;0;5.1;80;0;64;34;37;0;0;0.0;0.0;1.0;0;0;36;2.88;0.0;2.44;5.1;345;128;14.7;9.0;0.612;0;1;0;0;1;1;0;0;0;1;0;280;42;169;157;8;40
209.54;1165;23;23;0;5.1;80;0;64;33;36;0;0;0.0;0.0;1.0;0;0;37;2.88;0.0;2.44;5.0;345;128;14.7;9.0;0.612;0;1;0;0;1;1;0;0;0;1;0;279;42;168;157;8;75
209.91;1268;23;23;0;5.05;80;0;64;33;36;0;0;0.0;0.0;1.0;0;0;37;2.88;0.0;2.42;5.3;345;128;14.7;9.0;0.612;0;1;0;0;1;1;0;0;0;1;0;280;42;167;157;8;51
210.3;1217;22;22;0;5.0;80;0;64;34;37;0;0;0.0;0.0;1.0;0;0;36;2.75;0.0;2.4;5.1;345;128;14.7;9.0;0.612;0;1;0;0;1;1;0;0;0;1;0;279;42;168;157;8;81
210.68;1165;23;23;0;5.08;81;0;64;33;37;0;0;0.0;0.0;1.0;0;0;37;2.88;0.0;2.44;4.9;345;128;14.7;9.0;0.612;0;1;0;0;1;1;0;0;0;1;0;279;42;165;157;8;54
211.04;1255;22;22;0;4.95;80;0;64;34;37;0;0;0.0;0.0;1.0;0;0;36;2.75;0.0;2.38;5.2;345;128;14.7;9.0;0.612;0;1;0;0;1;1;0;0;0;1;0;278;42;168;156;8;82
211.44;1217;23;23;0;5.02;80;0;64;33;37;0;0;0.0;0.0;1.0;0;0;37;2.88;0.0;2.41;5.1;345;128;14.7;9.0;0.612;0;1;0;0;1;1;0;0;0;1;0;279;42;168;156;8;35
211.81;1165;23;23;0;5.07;80;0;64;34;36;0;0;0.0;0.0;1.0;0;0;36;2.88;0.0;2.43;4.9;345;128;14.7;9.0;0.612;0;1;0;0;1;1;0;0;0;1;0;279;42;168;156;8;81
212.19;1229;22;22;0;5.0;80;0;64;33;36;0;0;0.0;0.0;1.0;0;0;37;2.75;0.0;2.4;5.1;345;128;14.7;9.0;0.612;0;1;0;0;1;1;0;0;0;1;0;278;42;168;156;8;81
212.56;1268;22;22;0;5.02;80;0;64;33;37;0;0;0.0;0.0;1.0;0;0;37;2.75;0.0;2.41;5.3;345;128;14.7;9.0;0.612;0;1;0;0;1;1;0;0;0;1;0;280;42;168;156;8;82
212.95;1204;23;23;0;5.12;80;0;64;33;36;0;0;0.0;0.0;1.0;0;0;37;2.88;0.0;2.45;5.1;345;128;14.7;9.0;0.612;0;1;0;0;1;1;0;0;0;1;0;281;42;168;156;8;82
213.33;1229;23;23;0;5.05;80;0;64;34;37;0;0;0.0;0.0;1.0;0;0;36;2.88;0.0;2.42;5.2;345;128;14.7;9.0;0.612;0;1;0;0;1;1;0;0;0;1;0;279;42;167;156;8;81
213.71;1255;22;22;0;4.96;79;0;64;34;37;0;0;0.0;0.0;1.0;0;0;36;2.75;0.0;2.38;5.2;345;128;14.7;9.0;0.612;0;1;0;0;1;1;0;0;0;1;0;279;42;169;155;9;81
214.09;1217;22;22;0;4.95;80;0;64;34;36;0;0;0.0;0.0;1.0;0;0;36;2.75;0.0;2.38;5.0;345;128;14.7;9.0;0.612;0;1;0;0;1;1;0;0;0;1;0;277;42;168;155;9;81
214.46;1204;23;23;0;5.13;79;0;64;34;36;0;0;0.0;0.0;1.0;0;0;36;2.88;0.0;2.45;5.1;345;128;14.7;9.0;0.612;0;1;0;0;1;1;0;0;0;1;0;281;42;169;155;9;82
214.84;1255;22;22;0;4.97;80;0;64;33;37;0;0;0.0;0.0;1.0;0;0;37;2.75;0.0;2.39;5.2;345;128;14.7;9.0;0.612;0;1;0;0;1;1;0;0;0;1;0;278;42;168;155;9;81
215.23;1178;23;23;0;5.07;80;0;64;34;36;0;0;0.0;0.0;1.0;0;0;36;2.88;0.0;2.43;5.0;345;128;14.7;9.0;0.612;0;1;0;0;1;1;0;0;0;1;0;279;42;168;155;9;81
215.59;1217;23;23;0;5.12;80;0;64;34;36;0;0;0.0;0.0;1.0;0;0;36;2.88;0.0;2.45;5.2;345;128;14.7;9.0;0.612;0;1;0;0;1;1;0;0;0;1;0;281;42;168;155;9;82
215.99;1268;23;23;0;5.05;80;0;64;34;37;0;0;0.0;0.0;1.0;0;0;36;2.88;0.0;2.42;5.3;345;128;14.7;9.0;0.612;0;1;0;0;1;1;0;0;0;1;0;280;42;168;155;9;82
216.36;1204;22;22;0;5.0;80;0;64;34;37;0;0;0.0;0.0;1.0;0;0;36;2.75;0.0;2.4;5.0;345;128;14.7;9.0;0.612;0;1;0;0;1;1;0;0;0;1;0;278;42;168;155;9;74
216.73;1204;23;23;0;5.02;80;0;64;34;36;0;0;0.0;0.0;1.0;0;0;36;2.88;0.0;2.41;5.0;345;128;14.7;9.0;0.612;0;1;0;0;1;1;0;0;0;1;0;280;42;168;155;9;82
217.12;1268;23;23;0;5.0;80;0;64;33;37;0;0;0.0;0.0;1.0;0;0;37;2.88;0.0;2.4;5.3;345;128;14.7;9.0;0.612;0;1;0;0;1;1;0;0;0;1;0;281;42;168;154;9;78
217.5;1204;22;22;0;4.93;79;0;64;33;37;0;0;0.0;0.0;1.0;0;0;37;2.75;0.0;2.37;4.9;345;128;14.7;9.0;0.612;0;1;0;0;1;1;0;0;0;1;0;278;42;169;154;9;43
217.86;1255;21;21;0;4.7;80;0;64;33;36;0;0;0.0;0.0;1.0;0;0;37;2.62;0.0;2.28;4.9;345;128;14.7;9.0;0.612;0;1;0;0;1;1;0;0;0;1;0;272;42;168;154;9;81
218.25;1229;23;23;0;4.97;80;0;64;34;36;0;0;0.0;0.0;1.0;0;0;36;2.88;0.0;2.39;5.1;345;128;14.7;9.0;0.612;0;1;0;0;1;1;0;0;0;1;0;278;42;168;154;9;81
218.64;1217;23;23;0;5.01;81;0;64;34;37;0;0;0.0;0.0;1.0;0;0;36;2.88;0.0;2.41;5.1;345;128;14.7;9.0;0.612;0;1;0;0;1;1;0;0;0;1;0;278;42;167;154;9;77
219.01;1178;23;23;0;4.98;79;0;64;34;36;0;0;0.0;0.0;1.0;0;0;36;2.88;0.0;2.39;4.9;345;128;14.7;9.0;0.612;0;1;0;0;1;1;0;0;0;1;0;277;42;169;154;9;81
219.39;1204;22;22;0;4.78;79;0;64;33;37;0;0;0.0;0.0;1.0;0;0;37;2.75;0.0;2.31;4.8;345;128;14.7;9.0;0.612;0;1;0;0;1;1;0;0;0;1;0;273;42;169;154;9;81
219.77;1178;22;22;0;4.86;79;0;64;33;36;0;0;0.0;0.0;1.0;0;0;37;2.75;0.0;2.34;4.8;345;128;14.7;9.0;0.612;0;1;0;0;1;1;0;0;0;1;0;275;42;169;154;9;81
220.14;1255;22;22;0;4.95;80;0;64;34;36;0;0;0.0;0.0;1.0;0;0;36;2.75;0.0;2.38;5.2;345;128;14.7;9.0;0.612;0;1;0;0;1;1;0;0;0;1;0;278;42;168;154;9;78
220.52;1268;22;22;0;4.93;79;0;64;34;36;0;0;0.0;0.0;1.0;0;0;36;2.75;0.0;2.37;5.2;345;128;14.7;9.0;0.612;0;1;0;0;1;1;0;0;0;1;0;278;42;169;154;9;81
220.9;1204;22;22;0;4.87;80;0;64;34;37;0;0;0.0;0.0;1.0;0;0;36;2.75;0.0;2.35;4.9;345;128;14.7;9.0;0.612;0;1;0;0;1;1;0;0;0;1;0;276;42;168;153;9;82
221.29;1217;22;22;0;4.91;79;0;64;33;36;0;0;0.0;0.0;1.0;0;0;37;2.75;0.0;2.36;5.0;345;128;14.7;9.0;0.612;0;1;0;0;1;1;0;0;0;1;0;277;42;169;153;9;81
221.65;1255;23;23;0;4.96;79;0;64;34;36;0;0;0.0;0.0;1.0;0;0;36;2.88;0.0;2.38;5.2;345;128;14.7;9.0;0.612;0;1;0;0;1;1;0;0;0;1;0;279;42;169;153;9;74
222.04;1229;23;23;0;4.98;79;0;64;34;36;0;0;0.0;0.0;1.0;0;0;36;2.88;0.0;2.39;5.1;345;128;14.7;9.0;0.612;0;1;0;0;1;1;0;0;0;1;0;278;42;169;153;9;82
222.43;1204;22;22;0;4.83;79;0;64;34;37;0;0;0.0;0.0;1.0;0;0;36;2.75;0.0;2.33;4.8;345;128;14.7;9.0;0.612;0;1;0;0;1;1;0;0;0;1;0;274;42;169;153;9;77
222.79;1165;23;23;0;5.05;80;0;64;34;37;0;0;0.0;0.0;1.0;0;0;36;2.88;0.0;2.42;4.9;345;128;14.7;9.0;0.612;0;1;0;0;1;1;0;0;0;1;0;278;42;168;153;9;73
223.17;1165;23;23;0;4.98;79;0;64;34;37;0;0;0.0;0.0;1.0;0;0;36;2.88;0.0;2.39;4.8;345;128;14.7;9.0;0.612;0;1;0;0;1;1;0;0;0;1;0;277;42;169;153;9;81
223.54;1178;23;23;0;5.06;79;0;64;34;36;0;0;0.0;0.0;1.0;0;0;36;2.88;0.0;2.42;5.0;345;128;14.7;9.0;0.612;0;1;0;0;1;1;0;0;0;1;0;279;42;168;153;9;73
223.94;1165;23;23;0;4.98;79;0;64;33;36;0;0;0.0;0.0;1.0;0;0;37;2.88;0.0;2.39;4.8;345;128;14.7;9.0;0.612;0;1;0;0;1;1;0;0;0;1;0;278;42;168;152;9;77
224.31;1165;23;23;0;4.98;79;0;64;34;36;0;0;0.0;0.0;1.0;0;0;36;2.88;0.0;2.39;4.8;345;128;14.7;9.0;0.612;0;1;0;0;1;1;0;0;0;1;0;276;42;169;152;9;82
224.69;1178;23;23;0;4.96;79;0;64;34;36;0;0;0.0;0.0;1.0;0;0;36;2.88;0.0;2.38;4.9;345;128;14.7;9.0;0.612;0;1;0;0;1;1;0;0;0;1;0;276;42;169;152;9;88
225.07;1217;22;22;0;4.88;79;0;64;34;36;0;0;0.0;0.0;1.0;0;0;36;2.75;0.0;2.35;4.9;345;128;14.7;9.0;0.612;0;1;0;0;1;1;0;0;0;1;0;275;42;169;152;9;77
225.45;1268;22;22;0;4.81;79;0;64;34;36;0;0;0.0;0.0;1.0;0;0;36;2.75;0.0;2.32;5.1;345;128;14.7;9.0;0.612;0;1;0;0;1;1;0;0;0;1;0;275;42;169;152;9;81
225.83;1217;22;22;0;4.93;79;0;64;34;36;0;0;0.0;0.0;1.0;0;0;36;2.75;0.0;2.37;5.0;345;128;14.7;9.0;0.612;0;1;0;0;1;1;0;0;0;1;0;277;42;169;152;9;82
226.21;1204;22;22;0;4.86;79;0;64;33;36;0;0;0.0;0.0;1.0;0;0;37;2.75;0.0;2.34;4.9;345;128;14.7;9.0;0.612;0;1;0;0;1;1;0;0;0;1;0;275;42;169;152;9;81
226.59;1165;22;22;0;4.86;79;0;64;34;36;0;0;0.0;0.0;1.0;0;0;36;2.75;0.0;2.34;4.7;345;128;14.7;9.0;0.612;0;1;0;0;1;1;0;0;0;1;0;274;42;169;152;9;81
226.96;1178;22;22;0;4.96;79;0;64;34;36;0;0;0.0;0.0;1.0;0;0;36;2.75;0.0;2.38;4.9;345;128;14.7;9.0;0.612;0;1;0;0;1;1;0;0;0;1;0;276;42;169;151;9;81
227.34;1178;23;23;0;4.96;79;0;64;34;36;0;0;0.0;0.0;1.0;0;0;36;2.88;0.0;2.38;4.9;345;128;14.7;9.0;0.612;0;1;0;0;1;1;0;0;0;1;0;276;42;169;151;9;40
227.73;1217;22;22;0;4.91;79;0;64;34;36;0;0;0.0;0.0;1.0;0;0;36;2.75;0.0;2.36;5.0;345;128;14.7;9.0;0.612;0;1;0;0;1;1;0;0;0;1;0;276;42;169;151;9;77
228.11;1255;22;22;0;4.81;79;0;64;34;36;0;0;0.0;0.0;1.0;0;0;36;2.75;0.0;2.32;5.0;345;128;14.7;9.0;0.612;0;1;0;0;1;1;0;0;0;1;0;274;42;169;151;9;81
228.48;1229;22;22;0;4.86;79;0;64;34;36;0;0;0.0;0.0;1.0;0;0;36;2.75;0.0;2.34;5.0;345;128;14.7;9.0;0.612;0;1;0;0;1;1;0;0;0;1;0;275;42;169;151;9;74
228.86;1178;21;21;0;4.76;79;0;64;34;36;0;0;0.0;0.0;1.0;0;0;36;2.62;0.0;2.3;4.7;345;128;14.7;9.0;0.612;0;1;0;0;1;1;0;0;0;1;0;271;42;169;151;9;77
229.23;1217;22;22;0;4.88;79;0;64;34;36;0;0;0.0;0.0;1.0;0;0;36;2.75;0.0;2.35;4.9;345;128;14.7;9.0;0.612;0;1;0;0;1;1;0;0;0;1;0;274;42;169;151;9;78
229.64;1217;21;21;0;4.76;79;0;64;34;36;0;0;0.0;0.0;1.0;0;0;36;2.62;0.0;2.3;4.8;345;128;14.7;9.0;0.612;0;1;0;0;1;1;0;0;0;1;0;270;42;169;151;9;77
229.99;1204;22;22;0;4.88;79;0;64;34;36;0;0;0.0;0.0;1.0;0;0;36;2.75;0.0;2.35;4.9;345;128;14.7;9.0;0.612;0;1;0;0;1;1;0;0;0;1;0;273;42;169;151;9;77
230.38;1153;22;22;0;4.86;79;0;64;34;36;0;0;0.0;0.0;1.0;0;0;36;2.75;0.0;2.34;4.7;345;128;14.7;9.0;0.612;0;1;0;0;1;1;0;0;0;1;0;271;42;169;151;9;40
230.75;1165;23;23;0;4.96;79;0;64;34;36;0;0;0.0;0.0;1.0;0;0;36;2.88;0.0;2.38;4.8;345;128;14.7;9.0;0.612;0;1;0;0;1;1;0;0;0;1;0;275;42;169;150;9;75
231.14;1153;22;22;0;4.93;79;0;64;34;36;0;0;0.0;0.0;1.0;0;0;36;2.75;0.0;2.37;4.7;345;128;14.7;9.0;0.612;0;1;0;0;1;1;0;0;0;1;0;274;42;169;150;9;81
231.52;1153;22;22;0;4.93;79;0;64;34;36;0;0;0.0;0.0;1.0;0;0;36;2.75;0.0;2.37;4.7;345;128;14.7;9.0;0.612;0;1;0;0;1;1;0;0;0;1;0;274;42;169;150;9;77
231.88;1165;22;22;0;4.93;79;0;64;34;36;0;0;0.0;0.0;1.0;0;0;36;2.75;0.0;2.37;4.8;345;128;14.7;9.0;0.612;0;1;0;0;1;1;0;0;0;1;0;274;42;169;150;9;74
232.28;1204;23;23;0;5.03;79;0;64;34;36;0;0;0.0;0.0;1.0;0;0;36;2.88;0.0;2.41;5.0;345;128;14.7;9.0;0.612;0;1;0;0;1;1;0;0;0;1;0;277;42;168;150;9;76
232.65;1204;22;22;0;4.95;80;0;64;34;36;0;0;0.0;0.0;1.0;0;0;36;2.75;0.0;2.38;5.0;345;128;14.7;9.0;0.612;0;1;0;0;1;1;0;0;0;1;0;274;42;168;150;9;81
233.03;1204;22;22;0;4.88;79;0;64;34;36;0;0;0.0;0.0;1.0;0;0;36;2.75;0.0;2.35;4.9;345;128;14.7;9.0;0.612;0;1;0;0;1;1;0;0;0;1;0;274;42;169;150;9;42
233.4;1217;22;22;0;4.95;82;0;64;34;36;0;0;0.0;0.0;1.0;0;0;36;2.75;0.0;2.39;5.0;345;128;14.7;9.0;0.612;0;1;0;0;1;1;0;0;0;1;0;274;42;166;150;9;140
233.79;1165;23;23;0;4.98;79;0;64;34;36;0;0;0.0;0.0;1.0;0;0;36;2.88;0.0;2.39;4.8;345;128;14.7;9.0;0.612;0;1;0;0;1;1;0;0;0;1;0;275;42;169;150;9;81
234.16;1165;22;22;0;4.93;79;0;64;34;36;0;0;0.0;0.0;1.0;0;0;36;2.75;0.0;2.37;4.8;345;128;14.7;9.0;0.612;0;1;0;0;1;1;0;0;0;1;0;274;42;168;150;9;38
234.54;1178;22;22;0;4.83;79;0;64;34;36;0;0;0.0;0.0;1.0;0;0;36;2.75;0.0;2.33;4.7;345;128;14.7;9.0;0.612;0;1;0;0;1;1;0;0;0;1;0;272;42;169;149;9;77
234.93;1153;22;22;0;4.93;79;0;64;34;36;0;0;0.0;0.0;1.0;0;0;36;2.75;0.0;2.37;4.7;345;128;14.7;9.0;0.612;0;1;0;0;1;1;0;0;0;1;0;273;42;169;149;9;140
235.3;1178;22;22;0;4.92;80;0;64;34;36;0;0;0.0;0.0;1.0;0;0;36;2.75;0.0;2.37;4.8;345;128;14.7;9.0;0.612;0;1;0;0;1;1;0;0;0;1;0;273;42;168;149;9;81
235.67;1204;22;22;0;4.91;79;0;64;34;36;0;0;0.0;0.0;1.0;0;0;36;2.75;0.0;2.36;4.9;345;128;14.7;9.0;0.612;0;1;0;0;1;1;0;0;0;1;0;274;42;169;149;9;81
236.07;1165;22;22;0;4.91;79;0;64;34;36;0;0;0.0;0.0;1.0;0;0;36;2.75;0.0;2.36;4.8;345;128;14.7;9.0;0.612;0;1;0;0;1;1;0;0;0;1;0;273;42;169;149;9;78
236.43;1140;22;22;0;4.91;79;0;64;34;36;0;0;0.0;0.0;1.0;0;0;36;2.75;0.0;2.36;4.7;345;128;14.7;9.0;0.612;0;1;0;0;1;1;0;0;0;1;0;272;42;169;149;9;77
236.83;1153;21;21;0;4.76;79;0;64;34;36;0;0;0.0;0.0;1.0;0;0;36;2.62;0.0;2.3;4.6;345;128;14.7;9.0;0.612;0;1;0;0;1;1;0;0;0;1;0;269;42;169;149;9;77
237.2;1178;22;22;0;4.81;79;0;64;34;36;0;0;0.0;0.0;1.0;0;0;36;2.75;0.0;2.32;4.7;345;128;14.7;9.0;0.612;0;1;0;0;1;1;0;0;0;1;0;269;42;169;149;9;77
237.57;1153;22;22;0;4.91;79;0;64;34;36;0;0;0.0;0.0;1.0;0;0;36;2.75;0.0;2.36;4.7;345;128;14.7;9.0;0.612;0;1;0;0;1;1;0;0;0;1;0;270;42;169;148;9;77
237.97;1153;22;23;0;4.96;79;0;64;34;36;0;0;0.0;0.0;1.0;0;0;36;2.75;0.0;2.38;4.8;345;128;14.7;9.0;0.612;0;1;0;0;1;1;0;0;0;1;0;272;42;169;148;9;77
238.32;589;48;48;0;0.0;82;0;64;30;40;0;0;0.0;0.0;1.0;0;0;40;6.0;0.0;0.41;0.0;345;128;14.7;9.0;0.612;1;1;0;0;0;1;0;0;0;1;0;289;42;163;147;0;75
238.72;102;105;106;0;0.0;86;0;64;30;40;0;0;0.0;0.0;1.0;0;0;40;13.12;0.0;0.43;0.0;345;128;13.34;9.0;0.675;1;1;0;0;0;1;0;0;0;1;0;268;42;159;147;0;77
239.09;0.0;37;37;0;7.56;85;0;64;30;40;0;0;0.0;0.0;1.0;0;0;40;4.62;0.0;3.45;;345;128;14.7;9.0;0.612;0;1;0;0;1;1;0;0;0;1;0;113;42;161;148;0;45
239.46;0.0;21;21;0;4.86;85;0;64;30;40;0;0;0.0;0.0;1.0;0;0;40;2.62;0.0;2.37;;345;128;14.7;9.0;0.612;0;1;0;0;1;1;0;0;0;1;0;16;42;160;148;0;41
239.86;0.0;21;21;0;4.87;86;0;64;30;40;0;0;0.0;0.0;1.0;0;0;40;2.62;0.0;2.38;;345;128;14.7;9.0;0.612;0;1;0;0;1;1;0;0;0;1;0;16;42;159;148;0;41
240.24;0.0;21;21;0;4.87;86;0;64;30;40;0;0;0.0;0.0;1.0;0;0;40;2.62;0.0;2.38;;345;128;14.7;14.5;0.986;0;1;0;0;1;1;0;0;0;1;0;16;42;159;148;0;41
240.59;0.0;21;21;0;4.87;86;0;64;30;40;0;0;0.0;0.0;1.0;0;0;40;2.62;0.0;2.38;;345;128;14.7;14.5;0.986;0;1;0;0;1;1;0;0;0;1;0;16;42;159;148;0;41
240.99;0.0;0;0;0;12;85;0;64;50;35;0;0;0.0;0.0;1.0;0;0;20;0.0;0.0;5.42;;345;128;14.7;15.4;1.048;0;0;0;0;1;1;0;0;0;1;0;16;42;160;148;0;41
241.36;0.0;0;0;0;12;86;0;64;50;35;0;0;0.0;0.0;1.0;0;0;20;0.0;0.0;5.43;;345;128;14.7;15.9;1.082;0;0;0;0;1;1;0;0;0;1;0;16;42;159;147;0;42
241.75;0.0;0;0;0;12;86;0;64;50;35;0;0;0.0;0.0;1.0;0;0;20;0.0;0.0;5.43;;345;128;14.7;14.8;1.007;0;0;0;0;1;1;0;0;0;1;0;16;42;159;147;0;50
242.13;0.0;0;0;0;12;86;0;64;50;35;0;0;0.0;0.0;1.0;0;0;20;0.0;0.0;5.43;;345;128;14.7;14.1;0.959;0;0;0;0;1;1;0;0;0;1;0;16;42;159;147;0;42
242.49;0.0;0;0;0;12;87;0;64;50;35;0;0;0.0;0.0;1.0;0;0;20;0.0;0.0;5.44;;345;128;14.7;14.7;1.0;0;0;0;0;1;1;0;0;0;1;0;16;42;158;147;0;41
242.88;0.0;0;0;0;12;87;0;64;50;35;0;0;0.0;0.0;1.0;0;0;20;0.0;0.0;5.44;;345;128;14.7;14.6;0.993;0;0;0;0;1;1;0;0;0;1;0;16;42;157;147;0;40
243.25;0.0;0;0;0;12;87;0;64;50;35;0;0;0.0;0.0;1.0;0;0;20;0.0;0.0;5.44;;345;128;14.7;14.6;0.993;0;0;0;0;1;1;0;0;0;1;0;16;42;157;147;0;40
243.62;0.0;0;0;0;12;88;0;64;50;35;0;0;0.0;0.0;1.0;0;0;20;0.0;0.0;5.44;;345;128;14.7;14.0;0.952;0;0;0;0;1;1;0;0;0;1;0;16;42;156;147;0;40
244.01;0.0;0;0;0;12;88;0;64;50;35;0;0;0.0;0.0;1.0;0;0;20;0.0;0.0;5.44;;345;128;14.7;14.0;0.952;0;0;0;0;1;1;0;0;0;1;0;16;42;156;147;0;40
244.03;0.0;0;0;0;12;88;0;64;50;35;0;0;0.0;0.0;1.0;0;0;20;0.0;0.0;5.44;;345;128;14.7;14.5;0.986;0;0;0;0;1;1;0;0;0;1;0;16;42;156;147;0;40
244.4;0.0;0;0;0;12;88;0;64;50;35;0;0;0.0;0.0;1.0;0;0;20;0.0;0.0;5.44;;345;128;14.7;15.0;1.02;0;0;0;0;1;1;0;0;0;1;0;16;42;156;147;0;38
244.78;0.0;0;0;0;12;88;0;64;50;35;0;0;0.0;0.0;1.0;0;0;20;0.0;0.0;5.44;;345;128;14.7;14.2;0.966;0;0;0;0;1;1;0;0;0;1;0;16;42;156;147;0;40
245.16;0.0;0;0;0;12;88;0;64;50;35;0;0;0.0;0.0;1.0;0;0;20;0.0;0.0;5.44;;345;128;14.7;14.3;0.973;0;0;0;0;1;1;0;0;0;1;0;16;42;156;147;0;38
245.52;0.0;0;0;0;12;88;0;64;50;35;0;0;0.0;0.0;1.0;0;0;20;0.0;0.0;5.44;;345;128;14.7;14.5;0.986;0;0;0;0;1;1;0;0;0;1;0;16;42;156;147;0;38
245.91;0.0;0;0;0;12;88;0;64;50;35;0;0;0.0;0.0;1.0;0;0;20;0.0;0.0;5.44;;345;128;14.7;14.9;1.014;0;0;0;0;1;1;0;0;0;1;0;16;42;156;147;0;41
246.29;0.0;0;0;0;12;88;0;64;50;35;0;0;0.0;0.0;1.0;0;0;20;0.0;0.0;5.44;;345;128;14.7;15.4;1.048;0;0;0;0;1;1;0;0;0;1;0;16;42;156;147;0;40
246.67;0.0;0;0;0;12;88;0;64;50;35;0;0;0.0;0.0;1.0;0;0;20;0.0;0.0;5.44;;345;128;14.7;14.1;0.959;0;0;0;0;1;1;0;0;0;1;0;16;42;156;147;0;38
247.05;0.0;0;0;0;12;88;0;64;50;35;0;0;0.0;0.0;1.0;0;0;20;0.0;0.0;5.44;;345;128;14.7;14.3;0.973;0;0;0;0;1;1;0;0;0;1;0;16;42;156;147;0;50
247.43;0.0;0;0;0;12;88;0;64;50;35;0;0;0.0;0.0;1.0;0;0;20;0.0;0.0;5.44;;345;128;14.7;15.8;1.075;0;0;0;0;1;1;0;0;0;1;0;16;42;156;147;0;44
247.81;0.0;0;0;0;12;88;0;64;50;35;0;0;0.0;0.0;1.0;0;0;20;0.0;0.0;5.44;;345;128;14.7;9.0;0.612;0;0;0;0;1;1;0;0;0;1;0;16;42;156;147;0;38
248.19;0.0;0;0;0;12;88;0;64;50;35;0;0;0.0;0.0;1.0;0;0;20;0.0;0.0;5.44;;345;128;14.7;15.4;1.048;0;0;0;0;1;1;0;0;0;1;0;16;42;156;147;0;109
248.56;0.0;0;0;0;12;88;0;64;50;35;0;0;0.0;0.0;1.0;0;0;20;0.0;0.0;5.44;;345;128;14.7;14.0;0.952;0;0;0;0;1;1;0;0;0;1;0;16;42;156;147;0;38
248.93;0.0;0;0;0;12;89;0;64;50;35;0;0;0.0;0.0;1.0;0;0;20;0.0;0.0;5.45;;345;128;14.7;9.0;0.612;0;0;0;0;1;1;0;0;0;1;0;16;42;155;147;0;114
249.34;0.0;0;0;0;12;89;0;64;50;35;0;0;0.0;0.0;1.0;0;0;20;0.0;0.0;5.45;;345;128;14.7;14.4;0.98;0;0;0;0;1;1;0;0;0;1;0;16;42;155;147;0;38
249.69;0.0;0;0;0;12;89;0;64;50;35;0;0;0.0;0.0;1.0;0;0;20;0.0;0.0;5.45;;345;128;14.7;14.4;0.98;0;0;0;0;1;1;0;0;0;1;0;16;42;155;147;0;41
250.08;0.0;0;0;0;12;89;0;64;50;35;0;0;0.0;0.0;1.0;0;0;20;0.0;0.0;5.45;;345;128;14.7;14.4;0.98;0;0;0;0;1;1;0;0;0;1;0;16;42;155;147;0;49
250.45;0.0;0;0;0;12;89;0;64;50;35;0;0;0.0;0.0;1.0;0;0;20;0.0;0.0;5.45;;345;128;14.7;14.1;0.959;0;0;0;0;1;1;0;0;0;1;0;16;42;155;147;0;38
250.82;0.0;0;0;0;12;89;0;64;50;35;0;0;0.0;0.0;1.0;0;0;20;0.0;0.0;5.45;;345;128;14.7;14.1;0.959;0;0;0;0;1;1;0;0;0;1;0;16;42;155;147;0;49
250.84;0.0;0;0;0;12;89;0;64;50;35;0;0;0.0;0.0;1.0;0;0;20;0.0;0.0;5.45;;345;128;14.7;14.8;1.007;0;0;0;0;1;1;0;0;0;1;0;16;42;155;147;0;49
251.23;0.0;0;0;0;12;90;0;64;50;35;0;0;0.0;0.0;1.0;0;0;20;0.0;0.0;5.45;;345;128;14.7;14.7;1.0;0;0;0;0;1;1;0;0;0;1;0;16;42;154;147;0;38
251.6;0.0;0;0;0;12;90;0;64;50;35;0;0;0.0;0.0;1.0;0;0;20;0.0;0.0;5.45;;345;128;14.7;14.5;0.986;0;0;0;0;1;1;0;0;0;1;0;16;42;154;147;0;50
251.97;0.0;0;0;0;12;90;0;64;50;35;0;0;0.0;0.0;1.0;0;0;20;0.0;0.0;5.45;;345;128;14.7;15.4;1.048;0;0;0;0;1;1;0;0;0;1;0;16;42;154;147;0;107
252.36;0.0;0;0;0;12;90;0;64;50;35;0;0;0.0;0.0;1.0;0;0;20;0.0;0.0;5.45;;345;128;14.7;14.3;0.973;0;0;0;0;1;1;0;0;0;1;0;16;42;154;147;0;38
252.74;0.0;0;0;0;12;90;0;64;50;35;0;0;0.0;0.0;1.0;0;0;20;0.0;0.0;5.45;;345;128;14.7;14.3;0.973;0;0;0;0;1;1;0;0;0;1;0;16;42;154;147;0;109
253.1;0.0;0;0;0;12;90;0;64;50;35;0;0;0.0;0.0;1.0;0;0;20;0.0;0.0;5.45;;345;128;14.7;14.3;0.973;0;0;0;0;1;1;0;0;0;1;0;16;42;154;147;0;38
253.13;0.0;0;0;0;12;90;0;64;50;35;0;0;0.0;0.0;1.0;0;0;20;0.0;0.0;5.45;;345;128;14.7;14.3;0.973;0;0;0;0;1;1;0;0;0;1;0;16;42;154;147;0;38
253.48;0.0;0;0;0;12;90;0;64;50;35;0;0;0.0;0.0;1.0;0;0;20;0.0;0.0;5.45;;345;128;14.7;14.8;1.007;0;0;0;0;1;1;0;0;0;1;0;16;42;153;147;0;113
253.86;0.0;0;0;0;12;90;0;64;50;35;0;0;0.0;0.0;1.0;0;0;20;0.0;0.0;5.45;;345;128;14.7;14.2;0.966;0;0;0;0;1;1;0;0;0;1;0;16;42;153;147;0;38
254.26;0.0;0;0;0;12;90;0;64;50;35;0;0;0.0;0.0;1.0;0;0;20;0.0;0.0;5.45;;345;128;14.7;14.2;0.966;0;0;0;0;1;1;0;0;0;1;0;16;42;153;147;0;41
254.63;0.0;0;0;0;12;90;0;64;50;35;0;0;0.0;0.0;1.0;0;0;20;0.0;0.0;5.45;;345;128;14.7;14.5;0.986;0;0;0;0;1;1;0;0;0;1;0;16;42;154;147;0;38
255.01;0.0;0;0;0;12;90;0;64;50;35;0;0;0.0;0.0;1.0;0;0;20;0.0;0.0;5.45;;345;128;14.7;14.5;0.986;0;0;0;0;1;1;0;0;0;1;0;16;42;153;147;0;41
255.38;0.0;0;0;0;12;90;0;64;50;35;0;0;0.0;0.0;1.0;0;0;20;0.0;0.0;5.45;;345;128;14.7;14.5;0.986;0;0;0;0;1;1;0;0;0;1;0;16;42;153;147;0;38
255.4;0.0;0;0;0;12;90;0;64;50;35;0;0;0.0;0.0;1.0;0;0;20;0.0;0.0;5.45;;345;128;14.7;10.4;0.707;0;0;0;0;1;1;0;0;0;1;0;16;42;153;147;0;38
255.75;0.0;0;0;0;12;90;0;64;50;35;0;0;0.0;0.0;1.0;0;0;20;0.0;0.0;5.45;;345;128;14.7;14.4;0.98;0;0;0;0;1;1;0;0;0;1;0;16;42;153;147;0;113
256.14;0.0;0;0;0;12;90;0;64;50;35;0;0;0.0;0.0;1.0;0;0;20;0.0;0.0;5.45;;345;128;14.7;14.4;0.98;0;0;0;0;1;1;0;0;0;1;0;16;42;153;147;0;38
256.52;0.0;0;0;0;12;90;0;64;50;35;0;0;0.0;0.0;1.0;0;0;20;0.0;0.0;5.45;;345;128;14.7;14.3;0.973;0;0;0;0;1;1;0;0;0;1;0;16;42;153;147;0;109
256.9;0.0;0;0;0;12;90;0;64;50;35;0;0;0.0;0.0;1.0;0;0;20;0.0;0.0;5.45;;345;128;14.7;14.3;0.973;0;0;0;0;1;1;0;0;0;1;0;16;42;153;147;0;38
257.29;0.0;0;0;0;12;90;0;64;50;35;0;0;0.0;0.0;1.0;0;0;20;0.0;0.0;5.45;;345;128;14.7;14.3;0.973;0;0;0;0;1;1;0;0;0;1;0;16;42;153;147;0;38
257.64;0.0;0;0;0;12;90;0;64;50;35;0;0;0.0;0.0;1.0;0;0;20;0.0;0.0;5.45;;345;128;14.7;14.3;0.973;0;0;0;0;1;1;0;0;0;1;0;16;42;153;147;0;49
257.67;0.0;0;0;0;12;90;0;64;50;35;0;0;0.0;0.0;1.0;0;0;20;0.0;0.0;5.45;;345;128;14.7;14.6;0.993;0;0;0;0;1;1;0;0;0;1;0;16;42;153;147;0;49
258.04;0.0;0;0;0;12;90;0;64;50;35;0;0;0.0;0.0;1.0;0;0;20;0.0;0.0;5.45;;345;128;14.7;14.2;0.966;0;0;0;0;1;1;0;0;0;1;0;16;42;153;147;0;38
258.42;0.0;0;0;0;12;90;0;64;50;35;0;0;0.0;0.0;1.0;0;0;20;0.0;0.0;5.45;;345;128;14.7;9.0;0.612;0;0;0;0;1;1;0;0;0;1;0;16;42;153;147;0;38
258.79;0.0;0;0;0;12;90;0;64;50;35;0;0;0.0;0.0;1.0;0;0;20;0.0;0.0;5.45;;345;128;14.7;9.0;0.612;0;0;0;0;1;1;0;0;0;1;0;16;42;153;147;0;41
259.18;0.0;0;0;0;12;91;0;64;50;35;0;0;0.0;0.0;1.0;0;0;20;0.0;0.0;5.46;;345;128;14.7;14.5;0.986;0;0;0;0;1;1;0;0;0;1;0;16;42;152;147;0;38
259.54;0.0;0;0;0;12;91;0;64;50;35;0;0;0.0;0.0;1.0;0;0;20;0.0;0.0;5.46;;345;128;14.7;14.0;0.952;0;0;0;0;1;1;0;0;0;1;0;16;42;152;147;0;113
259.94;0.0;0;0;0;12;91;0;64;50;35;0;0;0.0;0.0;1.0;0;0;20;0.0;0.0;5.46;;345;128;14.7;14.2;0.966;0;0;0;0;1;1;0;0;0;1;0;16;42;152;147;0;38
260.3;0.0;0;0;0;12;91;0;64;50;35;0;0;0.0;0.0;1.0;0;0;20;0.0;0.0;5.46;;345;128;14.7;14.1;0.959;0;0;0;0;1;1;0;0;0;1;0;16;42;152;147;0;41
260.68;0.0;0;0;0;12;91;0;64;50;35;0;0;0.0;0.0;1.0;0;0;20;0.0;0.0;5.46;;345;128;14.7;14.1;0.959;0;0;0;0;1;1;0;0;0;1;0;16;42;152;147;0;38
260.7;0.0;0;0;0;12;91;0;64;50;35;0;0;0.0;0.0;1.0;0;0;20;0.0;0.0;5.46;;345;128;14.7;14.7;1.0;0;0;0;0;1;1;0;0;0;1;0;16;42;152;147;0;38
261.06;0.0;0;0;0;12;91;0;64;50;35;0;0;0.0;0.0;1.0;0;0;20;0.0;0.0;5.46;;345;128;14.7;14.0;0.952;0;0;0;0;1;1;0;0;0;1;0;16;42;152;147;0;38
261.45;0.0;0;0;0;12;91;0;64;50;35;0;0;0.0;0.0;1.0;0;0;20;0.0;0.0;5.46;;345;128;14.7;14.0;0.952;0;0;0;0;1;1;0;0;0;1;0;16;42;152;147;0;50
261.82;0.0;0;0;0;12;92;0;64;50;35;0;0;0.0;0.0;1.0;0;0;20;0.0;0.0;5.46;;345;128;14.7;14.2;0.966;0;0;0;0;1;1;0;0;0;1;0;16;42;152;147;0;35
262.2;0.0;0;0;0;12;91;0;64;50;35;0;0;0.0;0.0;1.0;0;0;20;0.0;0.0;5.46;;345;128;14.7;14.3;0.973;0;0;0;0;1;1;0;0;0;1;0;16;42;152;147;0;38
262.6;0.0;0;0;0;12;91;0;64;50;35;0;0;0.0;0.0;1.0;0;0;20;0.0;0.0;5.46;;345;128;14.7;15.0;1.02;0;0;0;0;1;1;0;0;0;1;0;16;42;152;147;0;113
262.99;0.0;0;0;0;12;92;0;64;50;33;0;0;0.0;0.0;1.0;0;0;20;0.0;0.0;5.46;;345;128;14.7;15.0;1.02;0;0;0;0;1;1;0;0;0;1;0;16;42;151;147;0;38
263.34;0.0;0;0;0;12;91;0;64;50;33;0;0;0.0;0.0;1.0;0;0;20;0.0;0.0;5.46;;345;128;14.7;14.2;0.966;0;0;0;0;1;1;0;0;0;1;0;16;42;152;147;0;107
263.71;0.0;0;0;0;12;91;0;64;50;33;0;0;0.0;0.0;1.0;0;0;20;0.0;0.0;5.46;;345;128;14.7;15.7;1.068;0;0;0;0;1;1;0;0;0;1;0;16;42;151;147;0;49
264.1;0.0;0;0;0;12;92;0;64;50;33;0;0;0.0;0.0;1.0;0;0;20;0.0;0.0;5.46;;345;128;14.7;14.2;0.966;0;0;0;0;1;1;0;0;0;1;0;16;42;151;147;0;41
264.54;0.0;0;0;0;12;92;0;64;50;33;0;0;0.0;0.0;1.0;0;0;20;0.0;0.0;5.46;;345;128;14.7;14.1;0.959;0;0;0;0;1;1;0;0;0;1;0;16;42;151;147;0;38
264.85;0.0;0;0;0;12;92;0;64;50;33;0;0;0.0;0.0;1.0;0;0;20;0.0;0.0;5.46;;345;128;14.7;13.9;0.946;0;0;0;0;1;1;0;0;0;1;0;16;42;151;146;0;113
265.23;0.0;0;0;0;12;92;0;64;50;33;0;0;0.0;0.0;1.0;0;0;20;0.0;0.0;5.46;;345;128;14.7;8.0;0.544;0;0;0;0;1;1;0;0;0;1;0;16;42;151;147;0;50
265.61;0.0;0;0;0;12;92;0;64;50;33;0;0;0.0;0.0;1.0;0;0;20;0.0;0.0;5.46;;345;128;14.7;14.0;0.952;0;0;0;0;1;1;0;0;0;1;0;16;42;151;146;0;113
265.99;0.0;0;0;0;12;92;0;64;50;33;0;0;0.0;0.0;1.0;0;0;20;0.0;0.0;5.46;;345;128;14.7;13.0;0.884;0;0;0;0;1;1;0;0;0;1;0;16;42;151;147;0;38
266.38;0.0;0;0;0;12;92;0;64;50;33;0;0;0.0;0.0;1.0;0;0;20;0.0;0.0;5.46;;345;128;14.7;13.8;0.939;0;0;0;0;1;1;0;0;0;1;0;16;42;151;146;0;109
266.76;0.0;0;0;0;12;92;0;64;50;33;0;0;0.0;0.0;1.0;0;0;20;0.0;0.0;5.46;;345;128;14.7;14.1;0.959;0;0;0;0;1;1;0;0;0;1;0;16;42;151;146;0;38
267.12;0.0;0;0;0;12;92;0;64;50;33;0;0;0.0;0.0;1.0;0;0;20;0.0;0.0;5.46;;345;128;14.7;14.0;0.952;0;0;0;0;1;1;0;0;0;1;0;16;42;151;146;0;109
267.51;0.0;0;0;0;12;92;0;64;50;33;0;0;0.0;0.0;1.0;0;0;20;0.0;0.0;5.46;;345;128;14.7;15.5;1.054;0;0;0;0;1;1;0;0;0;1;0;16;42;150;147;0;50
267.88;0.0;0;0;0;12;92;0;64;50;33;0;0;0.0;0.0;1.0;0;0;20;0.0;0.0;5.46;;345;128;14.7;14.6;0.993;0;0;0;0;1;1;0;0;0;1;0;16;42;151;146;0;38
268.27;0.0;0;0;0;12;92;0;64;50;33;0;0;0.0;0.0;1.0;0;0;20;0.0;0.0;5.46;;345;128;14.7;14.2;0.966;0;0;0;0;1;1;0;0;0;1;0;16;42;151;146;0;38
268.64;0.0;0;0;0;12;92;0;64;50;33;0;0;0.0;0.0;1.0;0;0;20;0.0;0.0;5.46;;345;128;14.7;14.2;0.966;0;0;0;0;1;1;0;0;0;1;0;16;42;151;146;0;41
269.02;0.0;0;0;0;12;92;0;64;50;33;0;0;0.0;0.0;1.0;0;0;20;0.0;0.0;5.46;;345;128;14.7;14.3;0.973;0;0;0;0;1;1;0;0;0;1;0;16;42;151;146;0;38
269.4;0.0;0;0;0;12;92;0;64;50;33;0;0;0.0;0.0;1.0;0;0;20;0.0;0.0;5.46;;345;128;14.7;14.3;0.973;0;0;0;0;1;1;0;0;0;1;0;16;42;151;146;0;108
269.77;0.0;0;0;0;12;92;0;64;50;33;0;0;0.0;0.0;1.0;0;0;20;0.0;0.0;5.46;;345;128;14.7;14.3;0.973;0;0;0;0;1;1;0;0;0;1;0;16;42;150;146;0;38
269.8;0.0;0;0;0;12;92;0;64;50;33;0;0;0.0;0.0;1.0;0;0;20;0.0;0.0;5.46;;345;128;14.7;15.6;1.061;0;0;0;0;1;1;0;0;0;1;0;16;42;150;146;0;38
270.15;0.0;0;0;0;12;92;0;64;50;33;0;0;0.0;0.0;1.0;0;0;20;0.0;0.0;5.46;;345;128;14.7;15.6;1.061;0;0;0;0;1;1;0;0;0;1;0;16;42;150;146;0;38
270.17;0.0;0;0;0;12;92;0;64;50;33;0;0;0.0;0.0;1.0;0;0;20;0.0;0.0;5.46;;345;128;14.7;14.4;0.98;0;0;0;0;1;1;0;0;0;1;0;16;42;150;146;0;38
270.54;0.0;0;0;0;12;92;0;64;50;33;0;0;0.0;0.0;1.0;0;0;20;0.0;0.0;5.46;;345;128;14.7;14.0;0.952;0;0;0;0;1;1;0;0;0;1;0;16;42;150;146;0;49
270.92;0.0;0;0;0;12;92;0;64;50;33;0;0;0.0;0.0;1.0;0;0;20;0.0;0.0;5.46;;345;128;14.7;14.4;0.98;0;0;0;0;1;1;0;0;0;1;0;16;42;150;146;0;38
271.32;0.0;0;0;0;12;92;0;64;50;33;0;0;0.0;0.0;1.0;0;0;20;0.0;0.0;5.46;;345;128;14.7;15.9;1.082;0;0;0;0;1;1;0;0;0;1;0;16;42;150;146;0;49
271.66;0.0;0;0;0;12;92;0;64;50;33;0;0;0.0;0.0;1.0;0;0;20;0.0;0.0;5.46;;345;128;14.7;15.9;1.082;0;0;0;0;1;1;0;0;0;1;0;16;42;150;146;0;41
271.69;0.0;0;0;0;12;92;0;64;50;33;0;0;0.0;0.0;1.0;0;0;20;0.0;0.0;5.46;;345;128;14.7;14.2;0.966;0;0;0;0;1;1;0;0;0;1;0;16;42;150;146;0;41
272.06;0.0;0;0;0;12;92;0;64;50;33;0;0;0.0;0.0;1.0;0;0;20;0.0;0.0;5.46;;345;128;14.7;9.0;0.612;0;0;0;0;1;1;0;0;0;1;0;16;42;150;146;0;38
272.43;0.0;0;0;0;12;92;0;64;50;33;0;0;0.0;0.0;1.0;0;0;20;0.0;0.0;5.46;;345;128;14.7;14.0;0.952;0;0;0;0;1;1;0;0;0;1;0;16;42;150;146;0;110
272.81;0.0;0;0;0;12;92;0;64;50;33;0;0;0.0;0.0;1.0;0;0;20;0.0;0.0;5.46;;345;128;14.7;14.7;1.0;0;0;0;0;1;1;0;0;0;1;0;16;42;150;146;0;38
273.19;0.0;0;0;0;12;92;0;64;50;33;0;0;0.0;0.0;1.0;0;0;20;0.0;0.0;5.46;;345;128;14.7;14.4;0.98;0;0;0;0;1;1;0;0;0;1;0;16;42;150;146;0;38
273.57;0.0;0;0;0;12;92;0;64;50;33;0;0;0.0;0.0;1.0;0;0;20;0.0;0.0;5.46;;345;128;14.7;15.5;1.054;0;0;0;0;1;1;0;0;0;1;0;16;42;150;146;0;49
273.95;0.0;0;0;0;12;92;0;64;50;33;0;0;0.0;0.0;1.0;0;0;20;0.0;0.0;5.46;;345;128;14.7;14.2;0.966;0;0;0;0;1;1;0;0;0;1;0;16;42;150;146;0;38
274.33;0.0;0;0;0;12;92;0;64;50;33;0;0;0.0;0.0;1.0;0;0;20;0.0;0.0;5.46;;345;128;14.7;14.2;0.966;0;0;0;0;1;1;0;0;0;1;0;16;42;150;146;0;38
274.69;0.0;0;0;0;12;92;0;64;50;33;0;0;0.0;0.0;1.0;0;0;20;0.0;0.0;5.46;;345;128;14.7;14.8;1.007;0;0;0;0;1;1;0;0;0;1;0;16;42;150;146;0;41
275.09;0.0;0;0;0;12;92;0;64;50;33;0;0;0.0;0.0;1.0;0;0;20;0.0;0.0;5.46;;345;128;14.7;14.6;0.993;0;0;0;0;1;1;0;0;0;1;0;16;42;150;146;0;38
275.46;0.0;0;0;0;12;93;0;64;50;33;0;0;0.0;0.0;1.0;0;0;20;0.0;0.0;5.46;;345;128;14.7;15.1;1.027;0;0;0;0;1;1;0;0;0;1;0;16;42;150;146;0;109
275.84;0.0;0;0;0;12;93;0;64;50;33;0;0;0.0;0.0;1.0;0;0;20;0.0;0.0;5.46;;345;128;14.7;14.8;1.007;0;0;0;0;1;1;0;0;0;1;0;16;42;150;146;0;38
276.23;0.0;0;0;0;12;93;0;64;50;33;0;0;0.0;0.0;1.0;0;0;20;0.0;0.0;5.46;;345;128;14.7;14.4;0.98;0;0;0;0;1;1;0;0;0;1;0;16;42;149;146;0;38
276.6;0.0;0;0;0;12;93;0;64;50;33;0;0;0.0;0.0;1.0;0;0;20;0.0;0.0;5.46;;345;128;14.7;15.5;1.054;0;0;0;0;1;1;0;0;0;1;0;16;42;149;146;0;49
276.97;0.0;0;0;0;12;93;0;64;50;33;0;0;0.0;0.0;1.0;0;0;20;0.0;0.0;5.46;;345;128;14.7;14.3;0.973;0;0;0;0;1;1;0;0;0;1;0;16;42;149;146;0;38
277.37;0.0;0;0;0;12;93;0;64;50;33;0;0;0.0;0.0;1.0;0;0;20;0.0;0.0;5.46;;345;128;14.7;14.0;0.952;0;0;0;0;1;1;0;0;0;1;0;16;42;149;146;0;38
277.74;0.0;0;0;0;12;93;0;64;50;33;0;0;0.0;0.0;1.0;0;0;20;0.0;0.0;5.46;;345;128;14.7;14.0;0.952;0;0;0;0;1;1;0;0;0;1;0;16;42;149;146;0;110
278.11;0.0;0;0;0;12;93;0;64;50;33;0;0;0.0;0.0;1.0;0;0;20;0.0;0.0;5.46;;345;128;14.7;14.4;0.98;0;0;0;0;1;1;0;0;0;1;0;16;42;149;146;0;38
278.5;0.0;0;0;0;12;93;0;64;50;33;0;0;0.0;0.0;1.0;0;0;20;0.0;0.0;5.46;;345;128;14.7;14.7;1.0;0;0;0;0;1;1;0;0;0;1;0;16;42;149;146;0;109
278.87;0.0;0;0;0;12;93;0;64;50;33;0;0;0.0;0.0;1.0;0;0;20;0.0;0.0;5.46;;345;128;14.7;14.6;0.993;0;0;0;0;1;1;0;0;0;1;0;16;42;149;146;0;50
279.24;0.0;0;0;0;12;93;0;64;50;33;0;0;0.0;0.0;1.0;0;0;20;0.0;0.0;5.46;;345;128;14.7;14.3;0.973;0;0;0;0;1;1;0;0;0;1;0;16;42;149;146;0;38
279.63;0.0;0;0;0;12;93;0;64;50;33;0;0;0.0;0.0;1.0;0;0;20;0.0;0.0;5.46;;345;128;14.7;14.2;0.966;0;0;0;0;1;1;0;0;0;1;0;16;42;149;146;0;49
280.0;0.0;0;0;0;12;93;0;64;50;33;0;0;0.0;0.0;1.0;0;0;20;0.0;0.0;5.46;;345;128;14.7;14.2;0.966;0;0;0;0;1;1;0;0;0;1;0;16;42;149;146;0;41
280.03;0.0;0;0;0;12;93;0;64;50;33;0;0;0.0;0.0;1.0;0;0;20;0.0;0.0;5.46;;345;128;14.7;14.0;0.952;0;0;0;0;1;1;0;0;0;1;0;16;42;149;146;0;41
280.4;0.0;0;0;0;12;93;0;64;50;33;0;0;0.0;0.0;1.0;0;0;20;0.0;0.0;5.46;;345;128;14.7;14.1;0.959;0;0;0;0;1;1;0;0;0;1;0;16;42;149;146;0;38
280.76;0.0;0;0;0;12;93;0;64;50;33;0;0;0.0;0.0;1.0;0;0;20;0.0;0.0;5.46;;345;128;14.7;14.0;0.952;0;0;0;0;1;1;0;0;0;1;0;16;42;149;146;0;110
281.15;0.0;0;0;0;12;93;0;64;50;33;0;0;0.0;0.0;1.0;0;0;20;0.0;0.0;5.46;;345;128;14.7;14.9;1.014;0;0;0;0;1;1;0;0;0;1;0;16;42;149;146;0;38
281.54;0.0;0;0;0;12;93;0;64;50;33;0;0;0.0;0.0;1.0;0;0;20;0.0;0.0;5.46;;345;128;14.7;14.1;0.959;0;0;0;0;1;1;0;0;0;1;0;16;42;149;146;0;34
281.91;0.0;0;0;0;12;93;0;64;50;33;0;0;0.0;0.0;1.0;0;0;20;0.0;0.0;5.46;;345;128;14.7;14.0;0.952;0;0;0;0;1;1;0;0;0;1;0;16;42;149;146;0;49
282.28;0.0;0;0;0;12;93;0;64;50;33;0;0;0.0;0.0;1.0;0;0;20;0.0;0.0;5.46;;345;128;14.7;14.6;0.993;0;0;0;0;1;1;0;0;0;1;0;16;42;149;146;0;38
282.65;0.0;0;0;0;12;93;0;64;50;33;0;0;0.0;0.0;1.0;0;0;20;0.0;0.0;5.46;;345;128;14.7;14.6;0.993;0;0;0;0;1;1;0;0;0;1;0;16;42;149;146;0;40
282.68;0.0;0;0;0;12;93;0;64;50;33;0;0;0.0;0.0;1.0;0;0;20;0.0;0.0;5.46;;345;128;14.7;14.4;0.98;0;0;0;0;1;1;0;0;0;1;0;16;42;149;146;0;40
283.03;0.0;0;0;0;12;93;0;64;50;33;0;0;0.0;0.0;1.0;0;0;20;0.0;0.0;5.46;;345;128;14.7;8.0;0.544;0;0;0;0;1;1;0;0;0;1;0;16;42;149;146;0;41
283.43;0.0;0;0;0;12;94;0;64;50;33;0;0;0.0;0.0;1.0;0;0;20;0.0;0.0;5.47;;345;128;14.7;14.0;0.952;0;0;0;0;1;1;0;0;0;1;0;16;42;148;146;0;38
283.8;0.0;0;0;0;12;94;0;64;50;33;0;0;0.0;0.0;1.0;0;0;20;0.0;0.0;5.47;;345;128;14.7;14.3;0.973;0;0;0;0;1;1;0;0;0;1;0;16;42;148;146;0;109
284.19;0.0;0;0;0;12;94;0;64;50;33;0;0;0.0;0.0;1.0;0;0;20;0.0;0.0;5.47;;345;128;14.7;14.1;0.959;0;0;0;0;1;1;0;0;0;1;0;16;42;148;146;0;38
284.57;0.0;0;0;0;12;93;0;64;50;33;0;0;0.0;0.0;1.0;0;0;20;0.0;0.0;5.46;;345;128;14.7;9.0;0.612;0;0;0;0;1;1;0;0;0;1;0;16;42;149;146;0;108
284.93;0.0;0;0;0;12;93;0;64;50;33;0;0;0.0;0.0;1.0;0;0;20;0.0;0.0;5.46;;345;128;14.7;14.1;0.959;0;0;0;0;1;1;0;0;0;1;0;16;42;148;146;0;49
285.32;0.0;0;0;0;12;94;0;64;50;33;0;0;0.0;0.0;1.0;0;0;20;0.0;0.0;5.47;;345;128;14.7;14.3;0.973;0;0;0;0;1;1;0;0;0;1;0;16;42;148;146;0;38
285.68;0.0;0;0;0;12;94;0;64;50;33;0;0;0.0;0.0;1.0;0;0;20;0.0;0.0;5.47;;345;128;14.7;14.3;0.973;0;0;0;0;1;1;0;0;0;1;0;16;42;148;146;0;49
285.71;0.0;0;0;0;12;94;0;64;50;33;0;0;0.0;0.0;1.0;0;0;20;0.0;0.0;5.47;;345;128;14.7;14.8;1.007;0;0;0;0;1;1;0;0;0;1;0;16;42;148;146;0;49
286.08;0.0;0;0;0;12;93;0;64;50;33;0;0;0.0;0.0;1.0;0;0;20;0.0;0.0;5.46;;345;128;14.7;14.0;0.952;0;0;0;0;1;1;0;0;0;1;0;16;42;149;146;0;41
286.46;0.0;0;0;0;12;94;0;64;50;33;0;0;0.0;0.0;1.0;0;0;20;0.0;0.0;5.47;;345;128;14.7;12.9;0.878;0;0;0;0;1;1;0;0;0;1;0;16;42;148;146;0;38
286.84;0.0;0;0;0;12;94;0;64;50;33;0;0;0.0;0.0;1.0;0;0;20;0.0;0.0;5.47;;345;128;14.7;12.9;0.878;0;0;0;0;1;1;0;0;0;1;0;16;42;148;146;0;109
287.21;0.0;0;0;0;12;94;0;64;50;33;0;0;0.0;0.0;1.0;0;0;20;0.0;0.0;5.47;;345;128;14.7;14.2;0.966;0;0;0;0;1;1;0;0;0;1;0;16;42;148;146;0;38
287.59;0.0;0;0;0;12;94;0;64;50;33;0;0;0.0;0.0;1.0;0;0;20;0.0;0.0;5.47;;345;128;14.7;14.6;0.993;0;0;0;0;1;1;0;0;0;1;0;16;42;148;146;0;38
287.97;0.0;0;0;0;12;94;0;64;50;33;0;0;0.0;0.0;1.0;0;0;20;0.0;0.0;5.47;;345;128;14.7;14.9;1.014;0;0;0;0;1;1;0;0;0;1;0;16;42;148;146;0;50
288.34;0.0;0;0;0;12;94;0;64;50;33;0;0;0.0;0.0;1.0;0;0;20;0.0;0.0;5.47;;345;128;14.7;14.9;1.014;0;0;0;0;1;1;0;0;0;1;0;16;42;148;146;0;38
288.36;0.0;0;0;0;12;94;0;64;50;33;0;0;0.0;0.0;1.0;0;0;20;0.0;0.0;5.47;;345;128;14.7;14.0;0.952;0;0;0;0;1;1;0;0;0;1;0;16;42;148;146;0;38
288.74;0.0;0;0;0;12;94;0;64;50;33;0;0;0.0;0.0;1.0;0;0;20;0.0;0.0;5.47;;345;128;14.7;14.1;0.959;0;0;0;0;1;1;0;0;0;1;0;16;42;148;146;0;38
289.1;0.0;0;0;0;12;94;0;64;50;33;0;0;0.0;0.0;1.0;0;0;20;0.0;0.0;5.47;;345;128;14.7;15.3;1.041;0;0;0;0;1;1;0;0;0;1;0;16;42;148;146;0;41
289.49;0.0;0;0;0;12;94;0;64;50;33;0;0;0.0;0.0;1.0;0;0;20;0.0;0.0;5.47;;345;128;14.7;14.0;0.952;0;0;0;0;1;1;0;0;0;1;0;16;42;148;146;0;38
289.87;0.0;0;0;0;12;94;0;64;50;33;0;0;0.0;0.0;1.0;0;0;20;0.0;0.0;5.47;;345;128;14.7;13.8;0.939;0;0;0;0;1;1;0;0;0;1;0;16;42;148;146;0;109
290.25;0.0;0;0;0;12;94;0;64;50;33;0;0;0.0;0.0;1.0;0;0;20;0.0;0.0;5.47;;345;128;14.7;14.2;0.966;0;0;0;0;1;1;0;0;0;1;0;16;42;148;146;0;38
290.62;0.0;0;0;0;12;94;0;64;50;33;0;0;0.0;0.0;1.0;0;0;20;0.0;0.0;5.47;;345;128;14.7;14.6;0.993;0;0;0;0;1;1;0;0;0;1;0;16;42;148;146;0;38
291.0;0.0;0;0;0;12;94;0;64;50;33;0;0;0.0;0.0;1.0;0;0;20;0.0;0.0;5.47;;345;128;14.7;14.3;0.973;0;0;0;0;1;1;0;0;0;1;0;16;42;148;146;0;50
291.38;0.0;0;0;0;12;94;0;64;50;33;0;0;0.0;0.0;1.0;0;0;20;0.0;0.0;5.47;;345;128;14.7;14.2;0.966;0;0;0;0;1;1;0;0;0;1;0;16;42;148;146;0;38
291.76;0.0;0;0;0;12;94;0;64;50;33;0;0;0.0;0.0;1.0;0;0;20;0.0;0.0;5.47;;345;128;14.7;14.1;0.959;0;0;0;0;1;1;0;0;0;1;0;16;42;148;146;0;38
292.14;0.0;0;0;0;12;94;0;64;50;33;0;0;0.0;0.0;1.0;0;0;20;0.0;0.0;5.47;;345;128;14.7;14.1;0.959;0;0;0;0;1;1;0;0;0;1;0;16;42;148;146;0;109
292.52;0.0;0;0;0;12;94;0;64;50;33;0;0;0.0;0.0;1.0;0;0;20;0.0;0.0;5.47;;345;128;14.7;14.0;0.952;0;0;0;0;1;1;0;0;0;1;0;16;42;148;146;0;38
292.9;0.0;0;0;0;12;94;0;64;50;33;0;0;0.0;0.0;1.0;0;0;20;0.0;0.0;5.47;;345;128;14.7;14.9;1.014;0;0;0;0;1;1;0;0;0;1;0;16;42;148;146;0;108
293.28;0.0;0;0;0;12;94;0;64;50;33;0;0;0.0;0.0;1.0;0;0;20;0.0;0.0;5.47;;345;128;14.7;14.0;0.952;0;0;0;0;1;1;0;0;0;1;0;16;42;148;146;0;50
293.66;0.0;0;0;0;12;94;0;64;50;33;0;0;0.0;0.0;1.0;0;0;20;0.0;0.0;5.47;;345;128;14.7;14.0;0.952;0;0;0;0;1;1;0;0;0;1;0;16;42;148;146;0;38
294.03;0.0;0;0;0;12;94;0;64;50;33;0;0;0.0;0.0;1.0;0;0;20;0.0;0.0;5.47;;345;128;14.7;14.4;0.98;0;0;0;0;1;1;0;0;0;1;0;16;42;148;146;0;49
294.4;0.0;0;0;0;12;94;0;64;50;33;0;0;0.0;0.0;1.0;0;0;20;0.0;0.0;5.47;;345;128;14.7;14.4;0.98;0;0;0;0;1;1;0;0;0;1;0;16;42;148;146;0;41
294.78;0.0;0;0;0;12;94;0;64;50;33;0;0;0.0;0.0;1.0;0;0;20;0.0;0.0;5.47;;345;128;14.7;15.0;1.02;0;0;0;0;1;1;0;0;0;1;0;16;42;148;146;0;38
295.18;0.0;0;0;0;12;94;0;64;50;33;0;0;0.0;0.0;1.0;0;0;20;0.0;0.0;5.47;;345;128;14.7;10.7;0.728;0;0;0;0;1;1;0;0;0;1;0;16;42;148;146;0;109
295.54;0.0;0;0;0;12;94;0;64;50;33;0;0;0.0;0.0;1.0;0;0;20;0.0;0.0;5.47;;345;128;14.7;14.9;1.014;0;0;0;0;1;1;0;0;0;1;0;16;42;148;146;0;38
295.93;0.0;0;0;0;12;95;0;64;50;33;0;0;0.0;0.0;1.0;0;0;20;0.0;0.0;5.48;;345;128;14.7;14.2;0.966;0;0;0;0;1;1;0;0;0;1;0;16;42;148;146;0;34
296.31;0.0;0;0;0;12;95;0;64;50;33;0;0;0.0;0.0;1.0;0;0;20;0.0;0.0;5.48;;345;128;14.7;14.7;1.0;0;0;0;0;1;1;0;0;0;1;0;16;42;148;146;0;50
296.67;0.0;0;0;0;12;95;0;64;50;33;0;0;0.0;0.0;1.0;0;0;20;0.0;0.0;5.48;;345;128;14.7;14.7;1.0;0;0;0;0;1;1;0;0;0;1;0;16;42;147;146;0;38
296.69;0.0;0;0;0;12;95;0;64;50;33;0;0;0.0;0.0;1.0;0;0;20;0.0;0.0;5.48;;345;128;14.7;9.0;0.612;0;0;0;0;1;1;0;0;0;1;0;16;42;147;146;0;38
297.07;0.0;0;0;0;12;94;0;64;50;33;0;0;0.0;0.0;1.0;0;0;20;0.0;0.0;5.47;;345;128;14.7;14.3;0.973;0;0;0;0;1;1;0;0;0;1;0;16;42;148;146;0;40
297.44;0.0;0;0;0;12;95;0;64;50;33;0;0;0.0;0.0;1.0;0;0;20;0.0;0.0;5.48;;345;128;14.7;14.4;0.98;0;0;0;0;1;1;0;0;0;1;0;16;42;147;146;0;41
297.82;0.0;0;0;0;12;94;0;64;50;33;0;0;0.0;0.0;1.0;0;0;20;0.0;0.0;5.47;;345;128;14.7;14.6;0.993;0;0;0;0;1;1;0;0;0;1;0;16;42;148;146;0;38
298.21;0.0;0;0;0;12;94;0;64;50;33;0;0;0.0;0.0;1.0;0;0;20;0.0;0.0;5.47;;345;128;14.7;14.4;0.98;0;0;0;0;1;1;0;0;0;1;0;16;42;148;146;0;108
298.59;0.0;0;0;0;12;95;0;64;50;33;0;0;0.0;0.0;1.0;0;0;20;0.0;0.0;5.48;;345;128;14.7;14.4;0.98;0;0;0;0;1;1;0;0;0;1;0;16;42;147;146;0;38
298.96;0.0;0;0;0;12;95;0;64;50;33;0;0;0.0;0.0;1.0;0;0;20;0.0;0.0;5.48;;345;128;14.7;14.2;0.966;0;0;0;0;1;1;0;0;0;1;0;16;42;148;146;0;107
299.33;0.0;0;0;0;12;95;0;64;50;33;0;0;0.0;0.0;1.0;0;0;20;0.0;0.0;5.48;;345;128;14.7;14.6;0.993;0;0;0;0;1;1;0;0;0;1;0;16;42;147;146;0;49
299.71;0.0;0;0;0;12;95;0;64;50;33;0;0;0.0;0.0;1.0;0;0;20;0.0;0.0;5.48;;345;128;14.7;14.0;0.952;0;0;0;0;1;1;0;0;0;1;0;16;42;147;146;0;38
300.1;0.0;0;0;0;12;95;0;64;50;33;0;0;0.0;0.0;1.0;0;0;20;0.0;0.0;5.48;;345;128;14.7;14.9;1.014;0;0;0;0;1;1;0;0;0;1;0;16;42;147;146;0;49
300.47;0.0;0;0;0;12;95;0;64;50;33;0;0;0.0;0.0;1.0;0;0;20;0.0;0.0;5.48;;345;128;14.7;14.0;0.952;0;0;0;0;1;1;0;0;0;1;0;16;42;147;146;0;41
300.86;0.0;0;0;0;12;95;0;64;50;33;0;0;0.0;0.0;1.0;0;0;20;0.0;0.0;5.48;;345;128;14.7;14.0;0.952;0;0;0;0;1;1;0;0;0;1;0;16;42;147;146;0;38
301.23;0.0;0;0;0;12;95;0;64;50;33;0;0;0.0;0.0;1.0;0;0;20;0.0;0.0;5.48;;345;128;14.7;14.0;0.952;0;0;0;0;1;1;0;0;0;1;0;16;42;147;146;0;108
301.25;0.0;0;0;0;12;95;0;64;50;33;0;0;0.0;0.0;1.0;0;0;20;0.0;0.0;5.48;;345;128;14.7;14.1;0.959;0;0;0;0;1;1;0;0;0;1;0;16;42;147;146;0;108
301.61;0.0;0;0;0;12;95;0;64;50;33;0;0;0.0;0.0;1.0;0;0;20;0.0;0.0;5.48;;345;128;14.7;11.2;0.762;0;0;0;0;1;1;0;0;0;1;0;16;42;147;146;0;38
301.98;0.0;0;0;0;12;95;0;64;50;33;0;0;0.0;0.0;1.0;0;0;20;0.0;0.0;5.48;;345;128;14.7;14.5;0.986;0;0;0;0;1;1;0;0;0;1;0;16;42;147;146;0;38
302.38;0.0;0;0;0;12;95;0;64;50;33;0;0;0.0;0.0;1.0;0;0;20;0.0;0.0;5.48;;345;128;14.7;14.0;0.952;0;0;0;0;1;1;0;0;0;1;0;16;42;147;146;0;49
302.75;0.0;0;0;0;12;95;0;64;50;33;0;0;0.0;0.0;1.0;0;0;20;0.0;0.0;5.48;;345;128;14.7;14.2;0.966;0;0;0;0;1;1;0;0;0;1;0;16;42;147;146;0;38
303.12;0.0;0;0;0;12;95;0;64;50;33;0;0;0.0;0.0;1.0;0;0;20;0.0;0.0;5.48;;345;128;14.7;14.4;0.98;0;0;0;0;1;1;0;0;0;1;0;16;42;147;146;0;38
303.5;0.0;0;0;0;12;95;0;64;50;33;0;0;0.0;0.0;1.0;0;0;20;0.0;0.0;5.48;;345;128;14.7;14.7;1.0;0;0;0;0;1;1;0;0;0;1;0;16;42;147;146;0;109
303.89;0.0;0;0;0;12;95;0;64;50;33;0;0;0.0;0.0;1.0;0;0;20;0.0;0.0;5.48;;345;128;14.7;14.3;0.973;0;0;0;0;1;1;0;0;0;1;0;16;42;147;146;0;38
304.26;0.0;0;0;0;12;95;0;64;50;33;0;0;0.0;0.0;1.0;0;0;20;0.0;0.0;5.48;;345;128;14.7;14.5;0.986;0;0;0;0;1;1;0;0;0;1;0;16;42;147;146;0;109
304.63;0.0;0;0;0;12;95;0;64;50;33;0;0;0.0;0.0;1.0;0;0;20;0.0;0.0;5.48;;345;128;14.7;14.5;0.986;0;0;0;0;1;1;0;0;0;1;0;16;42;147;146;0;38
304.66;0.0;0;0;0;12;95;0;64;50;33;0;0;0.0;0.0;1.0;0;0;20;0.0;0.0;5.48;;345;128;14.7;14.1;0.959;0;0;0;0;1;1;0;0;0;1;0;16;42;147;146;0;38
305.01;0.0;0;0;0;12;95;0;64;50;33;0;0;0.0;0.0;1.0;0;0;20;0.0;0.0;5.48;;345;128;14.7;14.9;1.014;0;0;0;0;1;1;0;0;0;1;0;16;42;147;146;0;38
305.4;0.0;0;0;0;12;95;0;64;50;33;0;0;0.0;0.0;1.0;0;0;20;0.0;0.0;5.48;;345;128;14.7;14.7;1.0;0;0;0;0;1;1;0;0;0;1;0;16;42;147;146;0;50
305.78;0.0;0;0;0;12;95;0;64;50;33;0;0;0.0;0.0;1.0;0;0;20;0.0;0.0;5.48;;345;128;14.7;14.1;0.959;0;0;0;0;1;1;0;0;0;1;0;16;42;147;146;0;38
306.18;0.0;0;0;0;12;95;0;64;50;33;0;0;0.0;0.0;1.0;0;0;20;0.0;0.0;5.48;;345;128;14.7;14.7;1.0;0;0;0;0;1;1;0;0;0;1;0;16;42;147;146;0;38
306.54;0.0;0;0;0;12;95;0;64;50;33;0;0;0.0;0.0;1.0;0;0;20;0.0;0.0;5.48;;345;128;14.7;14.3;0.973;0;0;0;0;1;1;0;0;0;1;0;16;42;147;146;0;109
306.91;0.0;0;0;0;12;95;0;64;50;33;0;0;0.0;0.0;1.0;0;0;20;0.0;0.0;5.48;;345;128;14.7;15.1;1.027;0;0;0;0;1;1;0;0;0;1;0;16;42;147;146;0;38
307.29;0.0;0;0;0;12;95;0;64;50;33;0;0;0.0;0.0;1.0;0;0;20;0.0;0.0;5.48;;345;128;14.7;14.9;1.014;0;0;0;0;1;1;0;0;0;1;0;16;42;146;146;0;109
307.69;0.0;0;0;0;12;95;0;64;50;33;0;0;0.0;0.0;1.0;0;0;20;0.0;0.0;5.48;;345;128;14.7;13.8;0.939;0;0;0;0;1;1;0;0;0;1;0;16;42;147;146;0;38
308.06;0.0;0;0;0;12;95;0;64;50;33;0;0;0.0;0.0;1.0;0;0;20;0.0;0.0;5.48;;345;128;14.7;14.1;0.959;0;0;0;0;1;1;0;0;0;1;0;16;42;147;146;0;38
308.42;0.0;0;0;0;12;95;0;64;50;33;0;0;0.0;0.0;1.0;0;0;20;0.0;0.0;5.48;;345;128;14.7;14.1;0.959;0;0;0;0;1;1;0;0;0;1;0;16;42;147;146;0;50
308.8;0.0;0;0;0;12;95;0;64;50;33;0;0;0.0;0.0;1.0;0;0;20;0.0;0.0;5.48;;345;128;14.7;14.3;0.973;0;0;0;0;1;1;0;0;0;1;0;16;42;147;146;0;38
309.18;0.0;0;0;0;12;95;0;64;50;33;0;0;0.0;0.0;1.0;0;0;20;0.0;0.0;5.48;;345;128;14.7;10.3;0.701;0;0;0;0;1;1;0;0;0;1;0;16;42;147;146;0;38
309.55;0.0;0;0;0;12;95;0;64;50;33;0;0;0.0;0.0;1.0;0;0;20;0.0;0.0;5.48;;345;128;14.7;10.3;0.701;0;0;0;0;1;1;0;0;0;1;0;16;42;147;146;0;109
309.58;0.0;0;0;0;12;95;0;64;50;33;0;0;0.0;0.0;1.0;0;0;20;0.0;0.0;5.48;;345;128;14.7;10.0;0.68;0;0;0;0;1;1;0;0;0;1;0;16;42;147;146;0;109
309.94;0.0;0;0;0;12;95;0;64;50;33;0;0;0.0;0.0;1.0;0;0;20;0.0;0.0;5.48;;345;128;14.7;14.2;0.966;0;0;0;0;1;1;0;0;0;1;0;16;42;147;146;0;38
310.33;0.0;0;0;0;12;95;0;64;50;33;0;0;0.0;0.0;1.0;0;0;20;0.0;0.0;5.48;;345;128;14.7;15.3;1.041;0;0;0;0;1;1;0;0;0;1;0;16;42;147;146;0;35
310.69;0.0;0;0;0;12;95;0;64;50;33;0;0;0.0;0.0;1.0;0;0;20;0.0;0.0;5.48;;345;128;14.7;15.3;1.041;0;0;0;0;1;1;0;0;0;1;0;16;42;146;146;0;50
310.72;0.0;0;0;0;12;95;0;64;50;33;0;0;0.0;0.0;1.0;0;0;20;0.0;0.0;5.48;;345;128;14.7;15.1;1.027;0;0;0;0;1;1;0;0;0;1;0;16;42;146;146;0;50
