Время, с;Обороты;Нагрузка (ось карт);Наполнение мгновенное;Дроссель открытие;Впрыск, мс;Мёртвое время форсунки;Обогащение ускорения;УОЗ сырьё;УОЗ из карты;Поправка угла по детонации, °;Давление, кПа;Расход (прослойка);VE (ДАД);Ktps (ДАД);Коррекция по лямбде;Живая карта;Состояние указателя;Индекс температурных таблиц;РХХ / контур холостого;УОЗ, градусы;Нагрузка TP;Газ, %;Впрыск расчётный, мс;Загрузка форсунок, %;K форсунок;КМ (ДАД);AFR цель;AFR факт (ШДК);Поправка VE (факт/цель);ФЛАГ Отсечка;ФЛАГ Впрыск разрешён;ФЛАГ Замкнутый цикл;ФЛАГ Крэнк;ФЛАГ Нейтраль;ФЛАГ Холостой ход;ФЛАГ Стартер;ФЛАГ Неисправность TPS;ФЛАГ $0053.08 гейт наката;ФЛАГ $0053.40 гейт наката;ФЛАГ $0053.80 не разобран;АЦП Расходомер/ДАД;АЦП Дроссель;АЦП Напряжение борта;АЦП Температура ОЖ;АЦП Лямбда;АЦП канал 9 (свободный)
1.43;1319;23;23;0;5.38;85;0;32;37;0;51;6;0.46;1.0;1.0;0;0;0;42;38;2.88;0.0;2.58;5.9;345;128;14.7;16.51;1.123;0;1;0;0;1;1;0;0;0;1;0;253;;167;181;0;76
1.83;1319;21;21;0;5.12;86;0;33;38;0;50;6;0.44;1.0;1.0;0;0;0;42;37;2.62;0.0;2.48;5.6;345;128;14.7;14.61;0.994;0;1;0;0;1;1;0;0;0;1;0;251;;166;181;0;76
2.23;1319;21;21;0;5.12;86;0;33;38;0;50;6;0.44;1.0;1.0;0;0;0;42;37;2.62;0.0;2.48;5.6;345;128;14.7;14.61;0.994;0;1;0;0;1;1;0;0;0;1;0;251;;166;181;0;76
2.64;1268;21;21;0;5.06;85;0;33;37;0;50;6;0.44;1.0;1.0;0;0;0;42;37;2.62;0.0;2.45;5.3;345;128;14.7;14.61;0.994;0;1;0;0;1;1;0;0;0;1;0;250;;167;181;0;76
3.05;1306;23;23;0;5.43;85;0;32;37;0;51;6;0.46;1.0;1.0;0;0;0;42;38;2.88;0.0;2.6;5.9;345;128;14.7;14.32;0.974;0;1;0;0;1;1;0;0;0;1;0;257;;167;181;0;76
3.44;1319;23;23;0;5.43;85;0;33;38;0;51;6;0.46;1.0;1.0;0;0;0;42;37;2.88;0.0;2.6;6.0;345;128;14.7;14.32;0.974;0;1;0;0;1;1;0;0;0;1;0;255;;167;181;0;76
3.84;1281;22;22;0;5.15;86;0;32;38;0;50;6;0.44;1.0;1.0;0;0;0;42;38;2.75;0.0;2.49;5.5;345;128;14.7;14.81;1.007;0;1;0;0;1;1;0;0;0;1;0;248;;166;181;0;76
4.25;1332;21;21;0;5.0;86;0;32;37;0;50;6;0.44;1.0;1.0;0;0;0;42;38;2.62;0.0;2.43;5.5;345;128;14.7;14.81;1.007;0;1;0;0;1;1;0;0;0;1;0;250;;166;181;0;76
4.65;1319;23;23;0;5.38;85;0;32;37;0;51;6;0.46;1.0;1.0;0;0;0;42;38;2.88;0.0;2.58;5.9;345;128;14.7;16.41;1.116;0;1;0;0;1;1;0;0;0;1;0;257;;167;181;0;76
5.05;1281;23;23;0;5.41;85;0;33;38;0;51;6;0.46;1.0;1.0;0;0;0;42;37;2.88;0.0;2.59;5.8;345;128;14.7;16.41;1.116;0;1;0;0;1;1;0;0;0;1;0;254;;167;181;0;76
5.45;1268;20;20;0;4.83;85;0;32;37;0;49;6;0.41;1.0;1.0;0;0;0;42;38;2.5;0.0;2.36;5.1;345;128;14.7;16.41;1.116;0;1;0;0;1;1;0;0;0;1;0;247;;167;180;0;76
5.84;1319;21;21;0;5.05;86;0;32;37;0;50;6;0.44;1.0;1.0;0;0;0;42;38;2.62;0.0;2.45;5.6;345;128;14.7;16.11;1.096;0;1;0;0;1;1;0;0;0;1;0;251;;166;180;0;38
6.25;1306;22;22;0;5.25;86;0;34;36;0;51;6;0.46;1.0;1.0;0;0;0;42;36;2.75;0.0;2.53;5.7;345;128;14.7;16.11;1.096;0;1;0;0;1;1;0;0;0;1;0;252;;166;180;0;76
6.65;1306;23;23;0;5.38;85;0;33;37;0;51;6;0.46;1.0;1.0;0;0;0;42;37;2.88;0.0;2.58;5.9;345;128;14.7;16.11;1.096;0;1;0;0;1;1;0;0;0;1;0;257;;168;180;0;76
7.07;1319;23;23;0;5.38;85;0;33;38;0;51;6;0.46;1.0;1.0;0;0;0;42;37;2.88;0.0;2.58;5.9;345;128;14.7;14.31;0.973;0;1;0;0;1;1;0;0;0;1;0;254;;167;180;0;76
7.27;1268;20;20;0;4.82;86;0;32;37;0;49;6;0.41;1.0;1.0;0;0;0;42;38;2.5;0.0;2.36;5.1;345;128;14.7;14.31;0.973;0;1;0;0;1;1;0;0;0;1;0;246;;166;180;0;75
7.65;1229;22;22;0;5.12;86;0;33;37;0;50;6;0.44;1.0;1.0;0;0;0;42;37;2.75;0.0;2.48;5.2;345;128;14.7;14.31;0.973;0;1;0;0;1;1;0;0;0;1;0;249;;166;180;0;86
8.07;1255;20;20;0;4.76;85;0;33;37;0;49;5;0.41;1.0;1.0;0;0;0;42;37;2.5;0.0;2.33;5.0;345;128;14.7;14.31;0.973;0;1;0;0;1;1;0;0;0;1;0;242;;167;180;0;75
8.47;1268;22;22;0;5.21;85;0;33;37;0;51;6;0.46;1.0;1.0;0;0;0;42;37;2.75;0.0;2.51;5.5;345;128;14.7;14.31;0.973;0;1;0;0;1;1;0;0;0;1;0;252;;167;180;0;76
8.86;1306;21;21;0;5.0;86;0;33;37;0;50;6;0.44;1.0;1.0;0;0;0;42;37;2.62;0.0;2.43;5.4;345;128;14.7;14.42;0.981;0;1;0;0;1;1;0;0;0;1;0;251;;166;180;0;86
9.28;1268;23;23;0;5.33;85;0;33;37;0;51;6;0.46;1.0;1.0;0;0;0;42;37;2.88;0.0;2.56;5.6;345;128;14.7;14.42;0.981;0;1;0;0;1;1;0;0;0;1;0;258;;167;179;0;77
9.67;1332;23;23;0;5.33;85;0;33;38;0;51;6;0.46;1.0;1.0;0;0;0;42;37;2.88;0.0;2.56;5.9;345;128;14.7;16.02;1.09;0;1;0;0;1;1;0;0;0;1;0;255;;167;179;0;76
10.08;1281;20;20;0;4.87;86;0;33;38;0;49;6;0.41;1.0;1.0;0;0;0;42;37;2.5;0.0;2.38;5.2;345;128;14.7;16.02;1.09;0;1;0;0;1;1;0;0;0;1;0;244;;166;179;0;38
10.47;1229;20;20;0;4.87;86;0;33;37;0;49;5;0.41;1.0;1.0;0;0;0;42;37;2.5;0.0;2.38;5.0;345;128;14.7;16.02;1.09;0;1;0;0;1;1;0;0;0;1;0;246;;166;179;0;76
10.87;1255;23;23;0;5.26;85;0;33;37;0;50;6;0.44;1.0;1.0;0;0;0;42;37;2.88;0.0;2.53;5.5;345;128;14.7;16.21;1.103;0;1;0;0;1;1;0;0;0;1;0;251;;167;179;0;76
11.27;1255;22;22;0;5.11;85;0;33;37;0;50;6;0.44;1.0;1.0;0;0;0;42;37;2.75;0.0;2.47;5.3;345;128;14.7;16.21;1.103;0;1;0;0;1;1;0;0;0;1;0;248;;167;179;0;76
11.68;1281;23;23;0;5.38;85;0;33;37;0;51;6;0.46;1.0;1.0;0;0;0;42;37;2.88;0.0;2.58;5.7;345;128;14.7;14.62;0.995;0;1;0;0;1;1;0;0;0;1;0;253;;167;179;0;76
12.08;1281;23;23;0;5.38;85;0;33;37;0;51;6;0.46;1.0;1.0;0;0;0;42;37;2.88;0.0;2.58;5.7;345;128;14.7;14.62;0.995;0;1;0;0;1;1;0;0;0;1;0;252;;167;179;0;76
12.48;1268;22;22;0;5.15;86;0;32;38;0;50;6;0.44;1.0;1.0;0;0;0;42;38;2.75;0.0;2.49;5.4;345;128;14.7;14.62;0.995;0;1;0;0;1;1;0;0;0;1;0;249;;166;179;0;76
12.89;1268;21;21;0;4.97;86;0;32;37;0;49;6;0.41;1.0;1.0;0;0;0;42;38;2.62;0.0;2.42;5.3;345;128;14.7;14.21;0.967;0;1;0;0;1;1;0;0;0;1;0;247;;166;179;0;38
13.29;1255;20;20;0;4.9;86;0;33;37;0;49;6;0.41;1.0;1.0;0;0;0;42;37;2.5;0.0;2.39;5.1;345;128;14.7;14.21;0.967;0;1;0;0;1;1;0;0;0;1;0;247;;166;178;0;75
13.51;1229;22;22;0;5.12;86;0;33;37;0;50;6;0.44;1.0;1.0;0;0;0;42;37;2.75;0.0;2.48;5.2;345;128;14.7;14.21;0.967;0;1;0;0;1;1;0;0;0;1;0;248;;167;178;0;76
13.9;1281;23;23;0;5.38;85;0;33;37;0;51;6;0.46;1.0;1.0;0;0;0;42;37;2.88;0.0;2.58;5.7;345;128;14.7;15.02;1.022;0;1;0;0;1;1;0;0;0;1;0;256;;167;178;0;76
14.29;1281;20;20;0;4.81;85;0;33;37;0;49;5;0.41;1.0;1.0;0;0;0;42;37;2.5;0.0;2.35;5.1;345;128;14.7;15.02;1.022;0;1;0;0;1;1;0;0;0;1;0;244;;167;178;0;75
14.69;1281;23;23;0;5.36;85;0;33;37;0;51;6;0.46;1.0;1.0;0;0;0;42;37;2.88;0.0;2.57;5.7;345;128;14.7;14.92;1.015;0;1;0;0;1;1;0;0;0;1;0;254;;167;178;0;76
15.09;1332;21;21;0;5.06;85;0;33;38;0;50;6;0.44;1.0;1.0;0;0;0;42;37;2.62;0.0;2.45;5.6;345;128;14.7;14.92;1.015;0;1;0;0;1;1;0;0;0;1;0;249;;168;178;0;76
15.49;1229;21;21;0;5.06;85;0;33;36;0;50;6;0.44;1.0;1.0;0;0;0;42;37;2.62;0.0;2.45;5.2;345;128;14.7;14.92;1.015;0;1;0;0;1;1;0;0;0;1;0;251;;167;178;0;76
15.91;1217;23;23;0;5.28;85;0;33;37;0;51;6;0.45;1.0;1.0;0;0;0;42;37;2.88;0.0;2.54;5.4;345;128;14.7;16.32;1.11;0;1;0;0;1;1;0;0;0;1;0;256;;167;178;0;77
16.3;1306;22;22;0;5.21;85;0;33;38;0;51;6;0.46;1.0;1.0;0;0;0;42;37;2.75;0.0;2.51;5.7;345;128;14.7;16.32;1.11;0;1;0;0;1;1;0;0;0;1;0;253;;168;177;0;76
16.7;1229;22;22;0;5.18;85;0;33;37;0;51;6;0.46;1.0;1.0;0;0;0;42;37;2.75;0.0;2.5;5.3;345;128;14.7;14.81;1.007;0;1;0;0;1;1;0;0;0;1;0;254;;167;177;0;76
17.12;1255;22;22;0;5.21;85;0;33;37;0;51;6;0.46;1.0;1.0;0;0;0;42;37;2.75;0.0;2.51;5.4;345;128;14.7;14.81;1.007;0;1;0;0;1;1;0;0;0;1;0;252;;167;177;0;76
17.51;1255;21;21;0;4.97;86;0;33;37;0;50;6;0.44;1.0;1.0;0;0;0;42;37;2.62;0.0;2.42;5.2;345;128;14.7;14.81;1.007;0;1;0;0;1;1;0;0;0;1;0;251;;166;177;0;76
17.91;1217;20;20;0;4.75;86;0;34;36;0;49;5;0.41;1.0;1.0;0;0;0;42;36;2.5;0.0;2.33;4.8;345;128;14.7;14.71;1.001;0;1;0;0;1;1;0;0;0;1;0;246;;166;177;0;76
18.31;1229;24;24;0;5.48;85;0;33;37;0;51;6;0.46;1.0;1.0;0;0;0;42;37;3.0;0.0;2.62;5.6;345;128;14.7;14.71;1.001;0;1;0;0;1;1;0;0;0;1;0;258;;167;177;0;76
18.72;1268;22;22;0;5.12;86;0;33;38;0;50;6;0.44;1.0;1.0;0;0;0;42;37;2.75;0.0;2.48;5.4;345;128;14.7;14.31;0.973;0;1;0;0;1;1;0;0;0;1;0;248;;166;177;0;72
19.12;1204;22;22;0;5.17;88;0;33;36;0;50;6;0.43;1.0;1.0;0;0;0;42;37;2.75;0.0;2.51;5.2;345;128;14.7;14.31;0.973;0;1;0;0;1;1;0;0;0;1;0;250;;163;177;0;76
19.52;1204;23;23;0;5.42;88;0;34;36;0;51;6;0.45;1.0;1.0;0;0;0;42;36;2.88;0.0;2.61;5.4;345;128;14.7;14.31;0.973;0;1;0;0;1;1;0;0;0;1;0;259;;163;177;0;76
19.73;1217;23;23;0;5.43;87;0;33;36;0;51;6;0.45;1.0;1.0;0;0;0;42;37;2.88;0.0;2.61;5.5;345;128;14.7;14.91;1.014;0;1;0;0;1;1;0;0;0;1;0;259;;165;177;0;76
20.13;1255;22;22;0;5.06;87;0;33;37;0;50;6;0.44;1.0;1.0;0;0;0;42;37;2.75;0.0;2.46;5.3;345;128;14.7;14.91;1.014;0;1;0;0;1;1;0;0;0;1;0;251;;164;177;0;75
20.53;1255;23;23;0;5.4;90;0;34;36;0;51;6;0.46;1.0;1.0;0;0;0;42;36;2.88;0.0;2.61;5.6;345;128;14.7;14.91;1.014;0;1;0;0;1;1;0;0;0;1;0;254;;161;177;0;73
20.93;1217;23;23;0;5.36;87;0;34;36;0;51;6;0.45;1.0;1.0;0;0;0;42;36;2.88;0.0;2.58;5.4;345;128;14.7;17.01;1.157;0;1;0;0;1;1;0;0;0;1;0;258;;164;176;0;76
21.33;1268;23;23;0;5.31;87;0;30;40;0;51;6;0.46;1.0;1.0;0;0;0;42;40;2.88;0.0;2.56;5.6;345;128;14.7;17.01;1.157;0;1;0;0;0;1;0;0;0;1;0;257;;165;176;0;86
21.75;1178;23;23;0;5.42;88;0;30;40;0;51;6;0.45;1.0;1.0;0;0;0;42;40;2.88;0.0;2.61;5.3;345;128;14.7;15.61;1.062;0;1;0;0;0;1;0;0;0;1;0;259;;163;176;0;73
22.14;973;25;25;0;5.75;88;0;30;40;0;54;5;0.48;1.0;1.0;0;0;0;42;40;3.12;0.0;2.74;4.7;345;128;14.47;15.61;1.079;0;1;0;0;0;1;0;0;0;1;0;283;;163;176;0;82
22.53;781;32;32;0;7.03;87;0;30;40;0;63;5;0.54;1.0;1.0;0;0;0;42;40;4.0;0.0;3.25;4.6;345;128;14.59;15.61;1.07;0;1;0;0;0;1;0;0;0;1;0;349;;165;176;0;89
22.94;781;36;36;0;7.68;87;0;30;40;0;68;6;0.55;1.0;1.0;0;0;0;42;40;4.5;0.0;3.51;5.0;345;128;14.59;21.12;1.448;0;1;0;0;0;1;0;0;0;1;0;387;;165;176;0;90
23.33;896;38;38;0;8.02;86;0;30;40;0;68;7;0.55;1.0;1.0;0;0;0;42;40;4.75;0.0;3.64;6.0;345;128;14.59;21.12;1.448;0;1;0;0;0;1;0;0;0;1;0;383;;165;176;0;91
23.74;871;35;35;0;7.57;86;0;30;40;0;66;6;0.55;1.0;1.0;0;0;0;42;40;4.38;0.0;3.46;5.5;345;128;14.59;20.12;1.379;0;1;0;0;0;1;0;0;0;1;0;374;;166;176;0;90
24.15;986;34;34;0;7.32;88;0;30;40;0;62;7;0.55;1.0;1.0;0;0;0;42;40;4.25;0.0;3.37;6.0;345;128;14.59;20.12;1.379;0;1;0;0;0;1;0;0;0;1;0;341;;163;175;0;86
24.56;1140;32;32;0;7.01;87;0;30;40;0;58;8;0.57;1.0;1.0;0;0;0;42;40;4.0;0.0;3.24;6.7;345;128;14.7;20.12;1.369;0;1;0;0;0;1;0;0;0;1;0;309;;164;175;0;84
24.96;1063;32;32;0;6.91;89;0;30;40;0;58;7;0.55;1.0;1.0;0;0;0;42;40;4.0;0.0;3.21;6.1;345;128;14.7;16.02;1.09;0;1;0;0;0;1;0;0;0;1;0;308;;162;175;0;84
25.35;1050;31;31;0;6.83;89;0;30;40;0;57;7;0.55;1.0;1.0;0;0;0;42;40;3.88;0.0;3.18;6.0;345;128;14.7;16.02;1.09;0;1;0;0;0;1;0;0;0;1;0;306;;162;175;0;84
25.54;1037;31;31;0;6.8;88;0;30;40;0;58;7;0.55;1.0;1.0;0;0;0;42;40;3.88;0.0;3.16;5.9;345;128;14.7;16.02;1.09;0;1;0;0;0;1;0;0;0;1;0;308;;163;175;0;77
25.95;1050;31;31;0;6.87;90;0;30;40;0;58;7;0.55;1.0;1.0;0;0;0;42;40;3.88;0.0;3.2;6.0;345;128;14.7;17.21;1.171;0;1;0;0;0;1;0;0;0;1;0;310;;161;175;0;84
26.36;1037;31;31;0;6.78;87;0;30;40;0;58;7;0.55;1.0;1.0;0;0;0;42;40;3.88;0.0;3.15;5.9;345;128;14.7;17.21;1.171;0;1;0;0;0;1;0;0;0;1;0;309;;164;175;0;84
26.75;1063;31;31;0;6.73;89;0;30;40;0;58;7;0.55;1.0;1.0;0;0;0;42;40;3.88;0.0;3.14;6.0;345;128;14.7;15.91;1.082;0;1;0;0;0;1;0;0;0;1;0;312;;162;175;0;85
27.15;1063;31;31;0;6.85;88;0;30;40;0;58;7;0.55;1.0;1.0;0;0;0;42;40;3.88;0.0;3.18;6.1;345;128;14.7;15.91;1.082;0;1;0;0;0;1;0;0;0;1;0;312;;163;175;0;84
27.57;1114;32;32;0;7.01;87;0;30;40;0;59;8;0.56;1.0;1.0;0;0;0;42;40;4.0;0.0;3.24;6.5;345;128;14.7;15.91;1.082;0;1;0;0;0;1;0;0;0;1;0;316;;164;175;0;84
27.97;1063;32;32;0;6.97;88;0;30;40;0;59;7;0.55;1.0;1.0;0;0;0;42;40;4.0;0.0;3.23;6.2;345;128;14.7;15.21;1.035;0;1;0;0;0;1;0;0;0;1;0;318;;163;175;0;84
28.37;1050;33;33;0;7.16;87;0;30;40;0;59;8;0.55;1.0;1.0;0;0;0;42;40;4.12;0.0;3.3;6.3;345;128;14.7;15.21;1.035;0;1;0;0;0;1;0;0;0;1;0;316;;163;175;0;85
28.78;1063;31;31;0;6.76;89;0;30;40;0;58;7;0.55;1.0;1.0;0;0;0;42;40;3.88;0.0;3.15;6.0;345;128;14.7;14.72;1.001;0;1;0;0;0;1;0;0;0;1;0;312;;162;175;0;84
29.17;1050;31;31;0;6.76;87;0;30;40;0;58;7;0.55;1.0;1.0;0;0;0;42;40;3.88;0.0;3.14;5.9;345;128;14.7;14.72;1.001;0;1;0;0;0;1;0;0;0;1;0;313;;164;175;0;92
29.58;1114;32;32;0;6.88;89;0;30;40;0;59;7;0.56;1.0;1.0;0;0;0;42;40;4.0;0.0;3.2;6.4;345;128;14.7;14.72;1.001;0;1;0;0;0;1;0;0;0;1;0;316;;162;174;0;85
29.98;1089;33;33;0;6.97;88;0;30;40;0;59;8;0.55;1.0;1.0;0;0;0;42;40;4.12;0.0;3.23;6.3;345;128;14.7;16.12;1.097;0;1;0;0;0;1;0;0;0;1;0;317;;162;174;0;85
30.38;1089;31;31;0;6.75;88;0;30;40;0;58;7;0.55;1.0;1.0;0;0;0;42;40;3.88;0.0;3.14;6.1;345;128;14.7;16.12;1.097;0;1;0;0;0;1;0;0;0;1;0;309;;163;174;0;41
30.79;1178;40;40;3;11;87;0;16;54;0;66;10;0.61;1.0;1.0;0;0;0;49;54;5.0;1.7;4.92;11.0;345;128;14.7;14.81;1.007;0;1;0;0;0;0;0;0;0;1;0;372;;165;174;0;41
31.19;1396;42;42;3;10;88;0;14;56;0;66;13;0.63;1.0;1.0;0;0;0;49;56;5.25;1.7;4.57;12.0;345;128;14.7;14.81;1.007;0;1;0;0;0;0;0;0;0;1;0;368;;163;174;0;90
31.58;1422;42;42;4;9.07;88;0;12;59;0;65;13;0.63;1.0;1.0;0;0;0;51;58;5.25;2.3;4.07;10.7;345;128;14.7;14.81;1.007;0;1;0;0;0;0;0;0;0;1;0;365;;163;174;0;89
31.79;1537;42;42;4;8.67;88;0;11;59;0;65;14;0.65;1.0;1.0;0;0;0;51;59;5.25;2.3;3.91;11.1;345;128;14.7;16.61;1.13;0;1;0;0;0;0;0;0;0;1;0;365;;163;174;0;85
32.18;1511;41;41;4;8.51;87;0;11;59;0;65;14;0.64;1.0;1.0;0;0;0;51;59;5.12;2.3;3.84;10.7;345;128;14.7;16.61;1.13;0;1;0;0;0;0;0;0;0;1;0;367;;164;174;0;90
32.58;1550;43;43;5;8.73;87;0;10;60;0;64;15;0.65;1.0;1.0;0;0;0;53;60;5.38;2.9;3.93;11.3;345;128;14.7;16.61;1.13;0;1;0;0;0;0;0;0;0;1;0;359;;164;174;0;41
32.99;1614;43;43;10;8.81;87;0;10;60;0;66;16;0.65;1.0;1.0;0;0;0;63;60;5.38;5.8;3.96;11.8;345;128;14.7;15.72;1.069;0;1;0;0;0;0;0;0;0;1;0;374;;164;173;0;90
33.39;1831;46;46;11;9.42;88;0;10;60;0;70;19;0.66;1.0;1.0;0;0;0;65;60;5.75;6.4;4.21;14.4;345;128;14.7;15.72;1.069;0;1;0;0;0;0;0;0;0;1;0;400;;163;173;0;86
33.8;1921;45;45;11;9.08;89;0;10;60;0;68;19;0.66;1.0;1.0;0;0;0;65;60;5.62;6.4;4.08;14.5;345;128;14.82;15.72;1.061;0;1;0;0;0;0;0;0;0;1;0;385;;162;173;0;91
34.2;1947;44;44;12;8.9;88;0;10;60;0;67;19;0.66;1.0;1.0;0;0;0;66;60;5.5;7.0;4.0;14.4;345;128;14.82;15.72;1.061;0;1;0;0;0;0;0;0;0;1;0;377;;163;173;0;90
34.6;1934;45;45;12;9.13;89;0;10;60;0;69;19;0.66;1.0;1.0;0;0;0;66;60;5.62;7.0;4.1;14.7;345;128;14.82;15.72;1.061;0;1;0;0;0;0;0;0;0;1;0;395;;162;173;0;99
34.99;1767;47;47;12;9.43;89;0;10;60;0;71;19;0.66;1.0;1.0;0;0;0;67;60;5.88;7.0;4.22;13.9;345;128;14.7;17.12;1.165;0;1;0;0;0;0;0;0;0;1;0;407;;162;173;0;100
35.41;1806;49;49;12;9.93;89;0;10;60;0;73;19;0.67;1.0;1.0;0;0;0;67;60;6.12;7.0;4.42;14.9;345;128;14.7;17.12;1.165;0;1;0;0;0;0;0;0;0;1;0;425;;162;172;0;101
35.81;1831;46;46;12;9.31;89;0;10;60;0;71;19;0.66;1.0;1.0;0;0;0;67;60;5.75;7.0;4.17;14.2;345;128;14.7;17.52;1.192;0;1;0;0;0;0;0;0;0;1;0;404;;162;172;0;100
36.22;1703;48;48;12;9.67;88;0;10;60;0;73;19;0.67;1.0;1.0;0;0;0;67;60;6.0;7.0;4.31;13.7;345;128;14.7;17.52;1.192;0;1;0;0;0;0;0;0;0;1;0;420;;164;172;0;102
36.6;1665;51;51;12;10;88;0;11;60;0;75;19;0.69;1.0;1.0;0;0;0;67;59;6.38;7.0;4.52;14.2;345;128;14.7;17.52;1.192;0;1;0;0;0;0;0;0;0;1;0;438;;163;172;0;90
37.01;1780;56;56;17;11;89;0;14;56;0;79;22;0.72;1.0;1.0;0;0;0;76;56;7.0;9.9;4.94;16.7;345;128;14.7;17.22;1.171;0;1;0;0;0;0;0;0;0;1;0;466;;162;172;0;106
37.42;1780;54;54;17;11;89;0;12;60;0;77;22;0.7;1.0;1.0;0;0;0;76;58;6.75;9.9;4.78;16.1;345;128;14.7;17.22;1.171;0;1;0;0;0;0;0;0;0;1;0;448;;162;172;0;105
37.81;1729;51;51;17;10;89;0;10;60;0;75;20;0.69;1.0;1.0;0;0;0;76;60;6.38;9.9;4.51;14.6;345;128;14.7;16.82;1.144;0;1;0;0;0;0;0;0;0;1;0;436;;162;171;0;91
38.01;1716;52;52;17;10;89;0;12;58;0;75;20;0.69;1.0;1.0;0;0;0;76;58;6.5;9.9;4.61;14.9;345;128;14.7;16.82;1.144;0;1;0;0;0;0;0;0;0;1;0;438;;162;171;0;102
38.41;1755;51;51;17;10;89;0;10;60;0;75;21;0.69;1.0;1.0;0;0;0;76;60;6.38;9.9;4.56;15.0;345;128;14.7;16.82;1.144;0;1;0;0;0;0;0;0;0;1;0;439;;162;171;0;102
38.83;1755;51;51;17;10;89;0;10;60;0;74;20;0.68;1.0;1.0;0;0;0;76;60;6.38;9.9;4.51;14.9;345;128;14.7;17.22;1.171;0;1;0;0;0;0;0;0;0;1;0;432;;162;171;0;102
39.22;1716;50;50;16;10;88;0;10;60;0;74;20;0.68;1.0;1.0;0;0;0;74;60;6.25;9.3;4.48;14.4;345;128;14.7;17.22;1.171;0;1;0;0;0;0;0;0;0;1;0;428;;163;171;0;108
39.63;1729;44;44;11;9.0;88;0;10;60;0;68;17;0.66;1.0;1.0;0;0;0;65;60;5.5;6.4;4.04;13.0;345;128;14.7;17.22;1.171;0;1;0;0;0;0;0;0;0;1;0;386;;163;171;0;91
40.02;1537;43;43;10;8.82;90;0;11;59;0;66;15;0.65;1.0;1.0;0;0;0;62;59;5.38;5.8;3.98;11.3;345;128;14.7;14.31;0.973;0;1;0;0;0;0;0;0;0;1;0;369;;161;170;0;90
40.42;1537;43;43;9;8.81;89;0;11;60;0;65;15;0.65;1.0;1.0;0;0;0;61;59;5.38;5.2;3.97;11.3;345;128;14.7;14.31;0.973;0;1;0;0;0;0;0;0;0;1;0;363;;162;170;0;89
40.83;1550;41;41;9;8.48;89;0;11;59;0;64;14;0.65;1.0;1.0;0;0;0;61;59;5.12;5.2;3.84;11.0;345;128;14.7;14.62;0.995;0;1;0;0;0;0;0;0;0;1;0;359;;162;170;0;89
41.22;1614;42;42;9;8.68;89;0;11;59;0;65;15;0.65;1.0;1.0;0;0;0;61;59;5.25;5.2;3.92;11.7;345;128;14.7;14.62;0.995;0;1;0;0;0;0;0;0;0;1;0;367;;162;170;0;85
41.64;1639;42;42;9;8.73;89;0;11;58;0;66;15;0.66;1.0;1.0;0;0;0;61;59;5.25;5.2;3.94;11.9;345;128;14.7;14.62;0.995;0;1;0;0;0;0;0;0;0;1;0;369;;162;170;0;90
42.03;1652;42;42;9;8.76;89;0;11;59;0;66;15;0.66;1.0;1.0;0;0;0;61;59;5.25;5.2;3.95;12.1;345;128;14.7;13.81;0.939;0;1;0;0;0;0;0;0;0;1;0;368;;162;170;0;85
42.44;1614;43;43;9;8.75;88;0;10;60;0;66;15;0.65;1.0;1.0;0;0;0;61;60;5.38;5.2;3.94;11.8;345;128;14.7;13.81;0.939;0;1;0;0;0;0;0;0;0;1;0;369;;163;169;0;90
42.85;1601;43;43;9;8.76;87;0;11;60;0;66;15;0.65;1.0;1.0;0;0;0;61;59;5.38;5.2;3.94;11.7;345;128;14.7;14.82;1.008;0;1;0;0;0;0;0;0;0;1;0;375;;164;169;0;90
43.25;1614;43;43;9;8.82;88;0;11;59;0;66;16;0.65;1.0;1.0;0;0;0;61;59;5.38;5.2;3.97;11.9;345;128;14.7;14.82;1.008;0;1;0;0;0;0;0;0;0;1;0;371;;163;169;0;84
43.64;1755;45;45;9;9.21;87;0;10;60;0;69;17;0.66;1.0;1.0;0;0;0;61;60;5.62;5.2;4.12;13.5;345;128;14.7;14.82;1.008;0;1;0;0;0;0;0;0;0;1;0;392;;165;169;0;92
43.85;1703;45;45;9;9.16;87;0;10;60;0;69;17;0.66;1.0;1.0;0;0;0;61;60;5.62;5.2;4.1;13.0;345;128;14.7;15.72;1.069;0;1;0;0;0;0;0;0;0;1;0;388;;164;169;0;105
44.24;1652;44;44;9;8.98;87;0;11;59;0;67;16;0.66;1.0;1.0;0;0;0;61;59;5.5;5.2;4.03;12.4;345;128;14.7;15.72;1.069;0;1;0;0;0;0;0;0;0;1;0;377;;164;169;0;85
44.64;1665;43;43;9;8.85;88;0;10;60;0;66;16;0.66;1.0;1.0;0;0;0;61;60;5.38;5.2;3.98;12.3;345;128;14.7;15.72;1.069;0;1;0;0;0;0;0;0;0;1;0;371;;163;169;0;41
45.05;1691;42;42;9;8.72;88;0;10;60;0;65;16;0.66;1.0;1.0;0;0;0;61;60;5.25;5.2;3.93;12.3;345;128;14.7;15.21;1.035;0;1;0;0;0;0;0;0;0;1;0;361;;163;168;0;90
45.44;1691;40;40;9;8.33;89;0;10;60;0;63;15;0.65;1.0;1.0;0;0;0;61;60;5.0;5.2;3.78;11.7;345;128;14.7;15.21;1.035;0;1;0;0;0;0;0;0;0;1;0;348;;162;168;0;88
45.85;1588;36;36;5;7.57;88;0;10;60;0;58;13;0.6;1.0;1.0;0;0;0;53;60;4.5;2.9;3.47;10.0;345;128;14.7;12.61;0.858;0;1;0;0;0;0;0;0;0;1;0;315;;163;168;0;85
46.25;1588;35;35;5;7.36;89;0;10;60;0;58;12;0.6;1.0;1.0;0;0;0;52;60;4.38;2.9;3.39;9.7;345;128;14.7;12.61;0.858;0;1;0;0;0;0;0;0;0;1;0;313;;162;168;0;84
46.65;1511;34;34;5;7.23;89;0;10;60;0;58;11;0.6;1.0;1.0;0;0;0;52;60;4.25;2.9;3.34;9.1;345;128;14.7;12.61;0.858;0;1;0;0;0;0;0;0;0;1;0;309;;162;168;0;84
47.06;1511;34;34;5;7.23;89;0;10;60;0;57;12;0.59;1.0;1.0;0;0;0;52;60;4.25;2.9;3.34;9.1;345;128;14.7;14.11;0.96;0;1;0;0;0;0;0;0;0;1;0;304;;162;168;0;84
47.46;1588;36;36;5;7.58;87;0;10;60;0;59;12;0.61;1.0;1.0;0;0;0;52;60;4.5;2.9;3.47;10.0;345;128;14.7;14.11;0.96;0;1;0;0;0;0;0;0;0;1;0;318;;164;167;0;85
47.86;1550;36;36;5;7.57;88;0;10;60;0;60;12;0.62;1.0;1.0;0;0;0;52;60;4.5;2.9;3.47;9.8;345;128;14.7;13.21;0.899;0;1;0;0;0;0;0;0;0;1;0;321;;163;167;0;85
48.26;1537;35;35;5;7.38;87;0;10;60;0;58;12;0.6;1.0;1.0;0;0;0;53;60;4.38;2.9;3.39;9.5;345;128;14.7;13.21;0.899;0;1;0;0;0;0;0;0;0;1;0;315;;164;167;0;85
48.66;1562;37;37;5;7.66;87;0;10;60;0;59;13;0.61;1.0;1.0;0;0;0;52;60;4.62;2.9;3.5;10.0;345;128;14.7;13.21;0.899;0;1;0;0;0;0;0;0;0;1;0;318;;164;167;0;41
49.05;1614;36;36;5;7.56;87;0;10;60;0;59;12;0.61;1.0;1.0;0;0;0;52;60;4.5;2.9;3.46;10.2;345;128;14.7;15.71;1.069;0;1;0;0;0;0;0;0;0;1;0;319;;164;167;0;84
49.46;1511;32;32;3;6.9;88;0;10;60;0;56;11;0.59;1.0;1.0;0;0;0;49;60;4.0;1.7;3.2;8.7;345;128;14.7;15.71;1.069;0;1;0;0;0;0;0;0;0;1;0;299;;163;167;0;83
49.86;1473;23;23;0;5.22;88;0;30;40;0;51;7;0.46;1.0;1.0;0;0;0;42;40;2.88;0.0;2.53;6.4;345;128;14.7;13.21;0.899;0;1;0;0;0;1;0;0;0;1;0;255;;163;166;1;74
50.27;1383;20;20;0;4.71;87;0;30;40;0;49;6;0.41;1.0;1.0;0;0;0;42;40;2.5;0.0;2.32;5.4;345;128;14.7;13.21;0.899;0;1;0;0;0;1;0;0;0;1;0;240;;164;166;1;75
50.46;1473;20;20;0;4.66;87;0;30;40;0;49;6;0.41;1.0;1.0;0;0;0;42;40;2.5;0.0;2.3;5.7;345;128;14.7;13.21;0.899;0;1;0;0;0;1;0;0;0;1;0;243;;164;166;1;74
50.88;1396;20;20;0;4.7;88;0;30;40;0;49;6;0.41;1.0;1.0;0;0;0;42;40;2.5;0.0;2.32;5.5;345;128;14.7;14.21;0.967;0;1;0;0;0;1;0;0;0;1;0;243;;163;166;1;72
51.28;1447;21;21;0;4.83;87;0;30;40;0;50;6;0.44;1.0;1.0;0;0;0;42;40;2.62;0.0;2.37;5.8;345;128;14.7;14.21;0.967;0;1;0;0;0;1;0;0;0;1;0;248;;164;166;1;76
51.68;1422;22;22;0;5.08;87;0;30;40;0;50;7;0.44;1.0;1.0;0;0;0;42;40;2.75;0.0;2.47;6.0;345;128;14.7;14.21;0.967;0;1;0;0;0;1;0;0;0;1;0;249;;165;166;1;76
52.07;1550;20;20;0;4.68;87;0;30;40;0;49;6;0.41;1.0;1.0;0;0;0;42;40;2.5;0.0;2.31;6.0;345;128;14.7;14.01;0.953;0;1;0;0;0;1;0;0;0;1;0;241;;164;166;1;75
52.49;1665;19;19;0;4.53;87;0;30;40;0;48;7;0.4;1.0;1.0;0;0;0;42;40;2.38;0.0;2.25;6.3;345;128;14.7;14.01;0.953;0;1;0;0;0;1;0;0;0;1;0;233;;165;166;1;74
52.87;1691;18;18;0;4.38;87;0;30;40;0;48;7;0.4;1.0;1.0;0;0;0;42;40;2.25;0.0;2.19;6.2;345;128;14.7;13.11;0.892;0;1;0;0;0;1;0;0;0;1;0;232;;165;165;1;74
53.27;1755;18;18;0;4.31;87;0;30;40;0;47;7;0.38;1.0;1.0;0;0;0;42;40;2.25;0.0;2.16;6.3;345;128;14.7;13.11;0.892;0;1;0;0;0;1;0;0;0;1;0;229;;165;165;1;69
53.68;1755;18;18;0;4.28;87;0;30;40;0;47;6;0.38;1.0;1.0;0;0;0;42;40;2.25;0.0;2.15;6.3;345;128;14.7;13.11;0.892;0;1;0;0;0;1;0;0;0;1;0;224;;164;165;1;39
54.08;1716;18;18;0;4.33;87;0;30;40;0;47;6;0.38;1.0;1.0;0;0;0;42;40;2.25;0.0;2.17;6.2;345;128;14.7;14.71;1.001;0;1;0;0;0;1;0;0;0;1;0;231;;165;165;1;74
54.49;1639;18;19;0;4.42;88;0;30;40;0;48;7;0.4;1.0;1.0;0;0;0;42;40;2.25;0.0;2.21;6.0;345;128;14.7;14.71;1.001;0;1;0;0;0;1;0;0;0;1;0;236;;163;164;1;75
54.88;1601;17;17;0;4.2;86;0;30;40;0;47;6;0.38;1.0;1.0;0;0;0;42;40;2.12;0.0;2.11;5.6;345;128;14.7;15.91;1.082;0;1;0;0;0;1;0;0;0;1;0;229;;166;164;1;74
55.28;1652;20;20;0;4.67;86;0;30;40;0;49;7;0.42;1.0;1.0;0;0;0;42;40;2.5;0.0;2.3;6.4;345;128;14.7;15.91;1.082;0;1;0;0;0;1;0;0;0;1;0;243;;166;164;1;75
55.68;1652;23;23;0;5.12;86;0;30;40;0;51;8;0.47;1.0;1.0;0;0;0;42;40;2.88;0.0;2.48;7.0;345;128;14.7;15.91;1.082;0;1;0;0;0;1;0;0;0;1;0;254;;166;164;1;73
56.1;1665;23;23;0;5.12;86;0;30;40;0;51;8;0.47;1.0;1.0;0;0;0;42;40;2.88;0.0;2.48;7.1;345;128;14.7;16.42;1.117;0;1;0;0;0;1;0;0;0;1;0;252;;166;164;0;76
56.49;1652;20;20;0;4.61;87;0;30;40;0;49;7;0.42;1.0;1.0;0;0;0;42;40;2.5;0.0;2.28;6.3;345;128;14.7;16.42;1.117;0;1;0;0;0;1;0;0;0;1;0;244;;164;164;0;75
56.69;1755;22;22;0;4.95;86;0;30;40;0;50;8;0.45;1.0;1.0;0;0;0;42;40;2.75;0.0;2.41;7.2;345;128;14.7;16.42;1.117;0;1;0;0;0;1;0;0;0;1;0;249;;166;163;0;76
57.1;1703;17;17;0;4.12;86;0;30;40;0;46;6;0.38;1.0;1.0;0;0;0;42;40;2.12;0.0;2.08;5.8;345;128;14.7;15.11;1.028;0;1;0;0;0;1;0;0;0;1;0;223;;166;163;0;73
57.5;1562;17;17;0;4.06;87;0;30;40;0;46;6;0.37;1.0;1.0;0;0;0;42;40;2.12;0.0;2.06;5.3;345;128;14.7;15.11;1.028;0;1;0;0;0;1;0;0;0;1;0;223;;165;163;1;73
57.89;1652;17;17;0;4.06;87;0;30;40;0;46;6;0.38;1.0;1.0;0;0;0;42;40;2.12;0.0;2.06;5.6;345;128;14.7;14.41;0.98;0;1;0;0;0;1;0;0;0;1;0;216;;165;163;1;38
58.29;1588;17;17;0;4.13;89;0;30;40;0;46;6;0.37;1.0;1.0;0;0;0;42;40;2.12;0.0;2.1;5.5;345;128;14.7;14.41;0.98;0;1;0;0;0;1;0;0;0;1;0;218;;162;163;1;73
58.71;1537;16;16;0;4.06;87;0;30;40;0;46;6;0.37;1.0;1.0;0;0;0;42;40;2.0;0.0;2.06;5.2;345;128;14.7;14.41;0.98;0;1;0;0;0;1;0;0;0;1;0;219;;164;163;1;56
59.1;1562;16;16;0;3.97;88;0;30;40;0;45;5;0.36;1.0;1.0;0;0;0;42;40;2.0;0.0;2.03;5.2;345;128;14.7;16.02;1.09;0;1;0;0;0;1;0;0;0;1;0;213;;163;162;1;73
59.5;1498;16;16;0;3.98;87;0;30;40;0;46;5;0.37;1.0;1.0;0;0;0;42;40;2.0;0.0;2.03;5.0;345;128;14.7;16.02;1.09;0;1;0;0;0;1;0;0;0;1;0;218;;165;162;1;73
59.9;1434;16;16;0;4.01;87;0;30;40;0;46;5;0.37;1.0;1.0;0;0;0;42;40;2.0;0.0;2.04;4.8;345;128;14.7;16.11;1.096;0;1;0;0;0;1;0;0;0;1;0;217;;165;162;1;54
60.3;1422;17;17;0;4.06;87;0;30;40;0;46;5;0.37;1.0;1.0;0;0;0;42;40;2.12;0.0;2.06;4.8;345;128;14.7;16.11;1.096;0;1;0;0;0;1;0;0;0;1;0;221;;165;162;0;74
60.71;1306;17;17;0;4.22;86;0;30;40;0;47;5;0.38;1.0;1.0;0;0;0;42;40;2.12;0.0;2.12;4.6;345;128;14.7;16.11;1.096;0;1;0;0;0;1;0;0;0;1;0;230;;166;162;0;74
61.11;1229;20;20;0;4.61;85;0;30;40;0;49;5;0.41;1.0;1.0;0;0;0;42;40;2.5;0.0;2.27;4.7;345;128;14.7;15.71;1.069;0;1;0;0;0;1;0;0;0;1;0;240;;167;162;1;75
61.51;1165;22;22;0;4.96;85;0;30;40;0;51;5;0.45;1.0;1.0;0;0;0;42;40;2.75;0.0;2.41;4.8;345;128;14.7;15.71;1.069;0;1;0;0;0;1;0;0;0;1;0;254;;167;161;0;76
61.92;922;28;28;0;6.21;87;0;30;40;0;56;6;0.52;1.0;1.0;0;0;0;42;40;3.5;0.0;2.92;4.8;345;128;14.47;18.02;1.245;0;1;0;0;0;1;0;0;0;1;0;296;;164;161;0;83
62.33;999;34;34;0;7.16;87;0;30;40;0;61;7;0.55;1.0;1.0;0;0;0;42;40;4.25;0.0;3.3;6.0;345;128;14.59;18.02;1.235;0;1;0;0;0;1;0;0;0;1;0;334;;164;161;0;86
62.51;1063;30;30;0;6.48;87;0;30;40;0;57;7;0.55;1.0;1.0;0;0;0;42;40;3.75;0.0;3.03;5.7;345;128;14.7;18.02;1.226;0;1;0;0;0;1;0;0;0;1;0;301;;164;161;0;83
62.92;1037;30;30;0;6.46;87;0;30;40;0;57;7;0.54;1.0;1.0;0;0;0;42;40;3.75;0.0;3.02;5.6;345;128;14.7;14.21;0.967;0;1;0;0;0;1;0;0;0;1;0;303;;164;161;0;84
63.32;1037;31;31;0;6.66;87;0;30;40;0;58;7;0.55;1.0;1.0;0;0;0;42;40;3.88;0.0;3.1;5.8;345;128;14.7;14.21;0.967;0;1;0;0;0;1;0;0;0;1;0;311;;164;161;0;91
63.72;1063;31;31;0;6.66;87;0;30;40;0;57;7;0.55;1.0;1.0;0;0;0;42;40;3.88;0.0;3.1;5.9;345;128;14.7;14.21;0.967;0;1;0;0;0;1;0;0;0;1;0;305;;164;160;0;84
64.13;1140;31;31;0;6.55;88;0;30;40;0;56;7;0.56;1.0;1.0;0;0;0;42;40;3.88;0.0;3.06;6.2;345;128;14.7;15.52;1.056;0;1;0;0;0;1;0;0;0;1;0;298;;163;160;0;76
64.53;1050;30;30;0;6.51;89;0;30;40;0;57;7;0.55;1.0;1.0;0;0;0;42;40;3.75;0.0;3.05;5.7;345;128;14.7;15.52;1.056;0;1;0;0;0;1;0;0;0;1;0;301;;163;160;0;83
64.93;1101;31;31;0;6.6;88;0;30;40;0;56;7;0.55;1.0;1.0;0;0;0;42;40;3.88;0.0;3.08;6.1;345;128;14.7;15.21;1.035;0;1;0;0;0;1;0;0;0;1;0;294;;163;160;0;82
65.33;1089;30;30;0;6.43;87;0;30;40;0;56;7;0.55;1.0;1.0;0;0;0;42;40;3.75;0.0;3.01;5.8;345;128;14.7;15.21;1.035;0;1;0;0;0;1;0;0;0;1;0;296;;164;160;0;83
65.74;1165;31;31;0;6.61;87;0;30;40;0;56;8;0.56;1.0;1.0;0;0;0;42;40;3.88;0.0;3.08;6.4;345;128;14.7;15.21;1.035;0;1;0;0;0;1;0;0;0;1;0;297;;165;160;0;76
66.13;1114;29;29;0;6.26;87;0;30;40;0;55;7;0.52;1.0;1.0;0;0;0;42;40;3.62;0.0;2.94;5.8;345;128;14.7;13.51;0.919;0;1;0;0;0;1;0;0;0;1;0;291;;165;159;1;90
66.54;1153;29;29;0;6.33;87;0;30;40;0;55;7;0.54;1.0;1.0;0;0;0;42;40;3.62;0.0;2.97;6.1;345;128;14.7;13.51;0.919;0;1;0;0;0;1;0;0;0;1;0;288;;166;159;1;82
66.94;1204;28;28;0;6.03;87;0;30;40;0;54;7;0.52;1.0;1.0;0;0;0;42;40;3.5;0.0;2.85;6.1;345;128;14.7;13.01;0.885;0;1;0;0;0;1;0;0;0;1;0;281;;165;159;1;81
67.34;1217;29;29;0;6.31;87;0;30;40;0;55;8;0.55;1.0;1.0;0;0;0;42;40;3.62;0.0;2.96;6.4;345;128;14.7;13.01;0.885;0;1;0;0;0;1;0;0;0;1;0;290;;165;159;1;82
67.75;1204;29;29;0;6.33;87;0;30;40;0;55;8;0.55;1.0;1.0;0;0;0;42;40;3.62;0.0;2.97;6.4;345;128;14.7;13.01;0.885;0;1;0;0;0;1;0;0;0;1;0;284;;165;159;1;75
68.14;1255;28;28;0;6.12;86;0;30;40;0;54;8;0.53;1.0;1.0;0;0;0;42;40;3.5;0.0;2.88;6.4;345;128;14.7;13.61;0.926;0;1;0;0;0;1;0;0;0;1;0;283;;166;159;1;82
68.54;1229;26;26;0;5.75;86;0;30;40;0;53;7;0.51;1.0;1.0;0;0;0;42;40;3.25;0.0;2.73;5.9;345;128;14.7;13.61;0.926;0;1;0;0;0;1;0;0;0;1;0;271;;166;159;1;78
68.75;1255;27;27;0;5.92;86;0;30;40;0;53;7;0.51;1.0;1.0;0;0;0;42;40;3.38;0.0;2.8;6.2;345;128;14.7;13.61;0.926;0;1;0;0;0;1;0;0;0;1;0;275;;166;159;1;81
69.15;1306;30;30;0;6.48;87;0;30;40;0;55;9;0.55;1.0;1.0;0;0;0;42;40;3.75;0.0;3.03;7.1;345;128;14.7;14.31;0.973;0;1;0;0;0;1;0;0;0;1;0;290;;165;158;1;82
69.56;1332;33;33;0;6.97;86;0;30;40;0;57;10;0.59;1.0;1.0;0;0;0;43;40;4.12;0.0;3.22;7.7;345;128;14.7;14.31;0.973;0;1;0;0;0;1;0;0;0;1;0;300;;166;159;1;76
69.96;1422;34;34;2;7.12;86;0;30;40;0;58;11;0.59;1.0;1.0;0;0;0;46;40;4.25;1.2;3.28;8.4;345;128;14.7;16.42;1.117;0;1;0;0;0;1;0;0;0;1;0;313;;166;158;1;81
70.36;1422;34;34;2;8.82;86;0;12;57;0;58;11;0.59;1.0;1.0;0;0;0;47;58;4.25;1.2;3.96;10.5;345;128;14.7;16.42;1.117;0;1;0;0;0;0;0;0;0;1;0;313;;166;158;1;77
70.75;1486;35;35;2;8.01;87;0;11;58;0;59;11;0.6;1.0;1.0;0;0;0;47;59;4.38;1.2;3.64;9.9;345;128;14.7;16.42;1.117;0;1;0;0;0;0;0;0;0;1;0;318;;164;158;1;85
71.16;1498;35;35;2;7.23;87;0;12;58;0;58;11;0.6;1.0;1.0;0;0;0;47;58;4.38;1.2;3.33;9.0;345;128;14.7;14.01;0.953;0;1;0;0;0;0;0;0;0;1;0;311;;164;158;1;84
71.56;1473;33;33;2;7.01;87;0;11;60;0;57;11;0.59;1.0;1.0;0;0;0;47;59;4.12;1.2;3.24;8.6;345;128;14.7;14.01;0.953;0;1;0;0;0;0;0;0;0;1;0;304;;164;158;1;78
71.97;1550;34;34;2;7.06;87;0;10;60;0;57;12;0.59;1.0;1.0;0;0;0;47;60;4.25;1.2;3.26;9.1;345;128;14.7;13.61;0.926;0;1;0;0;0;0;0;0;0;1;0;301;;164;158;1;83
72.37;1601;31;31;2;6.7;88;0;10;60;0;55;11;0.55;1.0;1.0;0;0;0;47;60;3.88;1.2;3.12;8.9;345;128;14.7;13.61;0.926;0;1;0;0;0;0;0;0;0;1;0;290;;163;158;1;82
72.77;1537;23;23;1;5.13;87;0;13;56;0;51;8;0.46;1.0;1.0;0;0;0;45;57;2.88;0.6;2.49;6.6;345;128;14.7;13.61;0.926;0;1;0;0;0;0;0;0;0;1;0;255;;164;157;1;40
73.18;1498;23;23;1;5.18;87;0;13;57;0;51;8;0.46;1.0;1.0;0;0;0;45;57;2.88;0.6;2.51;6.5;345;128;14.7;14.41;0.98;0;1;0;0;0;0;0;0;0;1;0;252;;164;157;1;76
73.58;1473;18;18;0;4.38;87;0;30;40;0;48;6;0.39;1.0;1.0;0;0;0;42;40;2.25;0.0;2.19;5.4;345;128;14.7;14.41;0.98;0;1;0;0;0;1;0;0;0;1;0;236;;165;157;2;73
73.98;1473;18;18;0;4.33;87;0;30;40;0;48;6;0.39;1.0;1.0;0;0;0;42;40;2.25;0.0;2.17;5.3;345;128;14.7;15.81;1.076;0;1;0;0;0;1;0;0;0;1;0;235;;164;157;2;74
74.39;1537;19;19;0;4.5;86;0;30;40;0;49;6;0.41;1.0;1.0;0;0;0;42;40;2.38;0.0;2.23;5.8;345;128;14.7;15.81;1.076;0;1;0;0;0;1;0;0;0;1;0;241;;166;157;1;39
74.78;1498;20;20;0;4.62;86;0;30;40;0;49;6;0.41;1.0;1.0;0;0;0;42;40;2.5;0.0;2.28;5.8;345;128;14.7;15.81;1.076;0;1;0;0;0;1;0;0;0;1;0;240;;166;157;1;75
74.97;1537;18;18;0;4.33;85;0;30;40;0;48;6;0.39;1.0;1.0;0;0;0;42;40;2.25;0.0;2.16;5.5;345;128;14.7;15.01;1.021;0;1;0;0;0;1;0;0;0;1;0;236;;167;157;1;74
75.39;1511;18;18;0;4.38;85;0;30;40;0;48;6;0.39;1.0;1.0;0;0;0;42;40;2.25;0.0;2.18;5.5;345;128;14.7;15.01;1.021;0;1;0;0;0;1;0;0;0;1;0;237;;167;156;1;74
75.8;1588;19;19;0;4.51;85;0;30;40;0;49;6;0.41;1.0;1.0;0;0;0;42;40;2.38;0.0;2.23;6.0;345;128;14.7;15.01;1.021;0;1;0;0;0;1;0;0;0;1;0;242;;168;156;1;75
76.19;1486;19;19;0;4.41;85;0;30;40;0;48;6;0.39;1.0;1.0;0;0;0;42;40;2.38;0.0;2.19;5.5;345;128;14.7;14.81;1.007;0;1;0;0;0;1;0;0;0;1;0;238;;167;156;1;84
76.59;1537;19;19;0;4.48;85;0;30;40;0;48;6;0.39;1.0;1.0;0;0;0;42;40;2.38;0.0;2.22;5.7;345;128;14.7;14.81;1.007;0;1;0;0;0;1;0;0;0;1;0;239;;166;156;1;75
77.0;1550;19;19;0;4.41;87;0;30;40;0;48;6;0.39;1.0;1.0;0;0;0;42;40;2.38;0.0;2.2;5.7;345;128;14.7;14.31;0.973;0;1;0;0;0;1;0;0;0;1;0;233;;165;156;1;70
77.39;1729;18;18;0;4.25;86;0;30;40;0;47;7;0.38;1.0;1.0;0;0;0;42;40;2.25;0.0;2.13;6.1;345;128;14.7;14.31;0.973;0;1;0;0;0;1;0;0;0;1;0;224;;165;156;1;39
77.79;1819;16;16;0;3.98;87;0;30;42;0;45;7;0.37;1.0;1.0;0;0;0;42;40;2.0;0.0;2.03;6.0;345;128;14.7;14.31;0.973;0;1;0;0;0;1;0;0;0;1;0;210;;165;155;1;54
78.19;1857;15;15;0;3.86;89;0;35;41;0;44;6;0.36;1.0;1.0;0;0;0;42;35;1.88;0.0;1.99;6.0;345;128;14.82;14.61;0.986;0;1;0;0;0;1;0;0;0;1;0;203;;162;155;1;72
78.61;1703;17;17;0;4.15;86;0;33;40;0;46;6;0.38;1.0;1.0;0;0;0;42;37;2.12;0.0;2.09;5.9;345;128;14.7;14.61;0.994;0;1;0;0;0;1;0;0;0;1;0;223;;166;155;1;72
79.01;1806;15;15;0;3.82;86;0;30;40;0;44;6;0.36;1.0;1.0;0;0;0;42;40;1.88;0.0;1.96;5.7;345;128;14.7;14.71;1.001;0;1;0;0;0;1;0;0;0;1;0;205;;166;155;1;73
79.4;1883;15;15;0;3.76;87;0;29;40;0;43;6;0.35;1.0;1.0;0;0;0;42;41;1.88;0.0;1.94;5.9;345;128;14.82;14.71;0.993;0;1;0;0;0;1;0;0;0;1;0;198;;165;155;1;57
79.81;1806;15;15;0;3.76;87;0;37;40;0;44;6;0.36;1.0;1.0;0;0;0;42;33;1.88;0.0;1.94;5.7;345;128;14.7;14.71;1.001;0;1;0;0;0;1;0;0;0;1;0;202;;164;155;1;54
80.21;1639;16;16;0;3.93;87;0;30;40;0;45;6;0.37;1.0;1.0;0;0;0;42;40;2.0;0.0;2.01;5.4;345;128;14.7;20.22;1.376;0;1;0;0;0;1;0;0;0;1;0;211;;165;155;1;73
80.61;1729;15;15;0;3.82;88;0;30;40;0;44;6;0.36;1.0;1.0;0;0;0;42;40;1.88;0.0;1.97;5.5;345;128;14.7;20.22;1.376;0;1;0;0;0;1;0;0;0;1;0;206;;163;154;1;73
80.82;1703;15;15;0;3.72;88;0;30;40;0;43;5;0.35;1.0;1.0;0;0;0;42;40;1.88;0.0;1.93;5.3;345;128;14.7;20.22;1.376;0;1;0;0;0;1;0;0;0;1;0;194;;163;154;1;56
81.22;1639;15;15;0;3.71;87;0;30;40;0;43;5;0.35;1.0;1.0;0;0;0;42;40;1.88;0.0;1.92;5.1;345;128;14.7;14.21;0.967;0;1;0;0;0;1;0;0;0;1;0;194;;164;154;1;56
81.62;1486;15;15;0;3.76;87;0;30;40;0;44;5;0.35;1.0;1.0;0;0;0;42;40;1.88;0.0;1.94;4.7;345;128;14.7;14.21;0.967;0;1;0;0;0;1;0;0;0;1;0;203;;165;154;1;70
82.03;1229;16;16;0;3.98;87;0;30;40;0;46;4;0.37;1.0;1.0;0;0;0;42;40;2.0;0.0;2.03;4.1;345;128;14.7;14.92;1.015;0;1;0;0;0;1;0;0;0;1;0;222;;165;154;1;70
82.41;1063;21;21;0;4.76;87;0;30;40;0;51;5;0.43;1.0;1.0;0;0;0;42;40;2.62;0.0;2.34;4.2;345;128;14.7;14.92;1.015;0;1;0;0;0;1;0;0;0;1;0;253;;165;154;0;76
82.82;1268;20;20;0;4.63;87;0;30;40;0;49;5;0.41;1.0;1.0;0;0;0;42;40;2.5;0.0;2.29;4.9;345;128;14.7;14.92;1.015;0;1;0;0;0;1;0;0;0;1;0;246;;164;154;0;76
83.22;1178;21;21;0;4.73;85;0;30;40;0;50;5;0.43;1.0;1.0;0;0;0;42;40;2.62;0.0;2.32;4.6;345;128;14.7;15.02;1.022;0;1;0;0;0;1;0;0;0;1;0;250;;167;153;0;76
83.63;1217;23;23;0;5.12;86;0;30;40;0;51;6;0.45;1.0;1.0;0;0;0;42;40;2.88;0.0;2.48;5.2;345;128;14.7;15.02;1.022;0;1;0;0;0;1;0;0;0;1;0;253;;166;153;0;76
84.01;1229;23;23;0;5.11;85;0;30;40;0;51;6;0.46;1.0;1.0;0;0;0;42;40;2.88;0.0;2.47;5.2;345;128;14.7;14.91;1.014;0;1;0;0;0;1;0;0;0;1;0;253;;167;153;0;76
84.43;1268;23;23;0;5.12;86;0;30;40;0;51;6;0.46;1.0;1.0;0;0;0;42;40;2.88;0.0;2.48;5.4;345;128;14.7;14.91;1.014;0;1;0;0;0;1;0;0;0;1;0;253;;166;153;0;76
84.83;1268;21;21;0;4.73;87;0;30;40;0;49;6;0.41;1.0;1.0;0;0;0;42;40;2.62;0.0;2.33;5.0;345;128;14.7;14.91;1.014;0;1;0;0;0;1;0;0;0;1;0;247;;165;153;0;75
85.23;1319;21;21;0;4.71;87;0;30;40;0;50;6;0.44;1.0;1.0;0;0;0;42;40;2.62;0.0;2.32;5.2;345;128;14.7;14.01;0.953;0;1;0;0;0;1;0;0;0;1;0;248;;165;153;0;76
85.62;1306;20;20;0;4.66;87;0;30;40;0;49;6;0.41;1.0;1.0;0;0;0;42;40;2.5;0.0;2.3;5.1;345;128;14.7;14.01;0.953;0;1;0;0;0;1;0;0;0;1;0;245;;165;153;0;75
86.04;1319;20;20;0;4.53;85;0;30;40;0;49;6;0.41;1.0;1.0;0;0;0;42;40;2.5;0.0;2.24;5.0;345;128;14.7;14.71;1.001;0;1;0;0;0;1;0;0;0;1;0;242;;166;153;0;75
86.43;1319;19;19;0;4.45;86;0;30;40;0;48;5;0.39;1.0;1.0;0;0;0;42;40;2.38;0.0;2.21;4.9;345;128;14.7;14.71;1.001;0;1;0;0;0;1;0;0;0;1;0;239;;166;153;0;75
86.83;1370;20;20;0;4.56;85;0;30;40;0;49;6;0.41;1.0;1.0;0;0;0;42;40;2.5;0.0;2.25;5.2;345;128;14.7;14.71;1.001;0;1;0;0;0;1;0;0;0;1;0;243;;167;152;0;75
87.04;1319;18;18;0;4.31;85;0;30;40;0;48;5;0.39;1.0;1.0;0;0;0;42;40;2.25;0.0;2.15;4.7;345;128;14.7;15.52;1.056;0;1;0;0;0;1;0;0;0;1;0;238;;167;152;0;74
87.43;1319;18;18;0;4.3;86;0;30;40;0;48;5;0.39;1.0;1.0;0;0;0;42;40;2.25;0.0;2.15;4.7;345;128;14.7;15.52;1.056;0;1;0;0;0;1;0;0;0;1;0;237;;166;152;0;75
87.83;1370;19;19;0;4.45;86;0;30;40;0;49;5;0.41;1.0;1.0;0;0;0;42;40;2.38;0.0;2.21;5.1;345;128;14.7;15.52;1.056;0;1;0;0;0;1;0;0;0;1;0;240;;166;152;0;75
88.25;1268;20;20;0;4.57;86;0;30;40;0;49;5;0.41;1.0;1.0;0;0;0;42;40;2.5;0.0;2.26;4.8;345;128;14.7;15.12;1.029;0;1;0;0;0;1;0;0;0;1;0;241;;166;152;0;38
88.64;1422;19;19;0;4.5;86;0;30;40;0;49;6;0.41;1.0;1.0;0;0;0;42;40;2.38;0.0;2.23;5.3;345;128;14.7;15.12;1.029;0;1;0;0;0;1;0;0;0;1;0;240;;166;152;0;75
89.04;1486;16;16;0;3.97;86;0;30;40;0;46;5;0.37;1.0;1.0;0;0;0;42;40;2.0;0.0;2.02;4.9;345;128;14.7;16.51;1.123;0;1;0;0;0;1;0;0;0;1;0;219;;166;152;0;73
89.45;1511;16;16;0;3.9;86;0;30;40;0;45;5;0.36;1.0;1.0;0;0;0;42;40;2.0;0.0;1.99;4.9;345;128;14.7;16.51;1.123;0;1;0;0;0;1;0;0;0;1;0;213;;164;152;0;73
89.85;1498;15;15;0;3.76;89;0;30;40;0;44;5;0.35;1.0;1.0;0;0;0;42;40;1.88;0.0;1.95;4.7;345;128;14.7;16.51;1.123;0;1;0;0;0;1;0;0;0;1;0;204;;162;151;0;73
90.26;1537;14;14;0;3.67;90;0;30;40;0;43;5;0.34;1.0;1.0;0;0;0;42;40;1.75;0.0;1.92;4.7;345;128;14.7;14.31;0.973;0;1;0;0;0;1;0;0;0;1;0;199;;161;151;0;54
90.65;1498;14;14;0;3.63;87;0;30;40;0;43;5;0.34;1.0;1.0;0;0;0;42;40;1.75;0.0;1.89;4.5;345;128;14.7;14.31;0.973;0;1;0;0;0;1;0;0;0;1;0;195;;164;151;0;54
91.05;1434;14;14;0;3.66;87;0;30;40;0;43;4;0.34;1.0;1.0;0;0;0;42;40;1.75;0.0;1.9;4.4;345;128;14.7;13.71;0.933;0;1;0;0;0;1;0;0;0;1;0;193;;164;151;0;56
91.45;1396;14;14;0;3.58;87;0;30;40;0;43;4;0.34;1.0;1.0;0;0;0;42;40;1.75;0.0;1.87;4.2;345;128;14.7;13.71;0.933;0;1;0;0;0;1;0;0;0;1;0;195;;165;151;0;57
91.86;1281;15;15;0;3.71;87;0;30;40;0;44;4;0.35;1.0;1.0;0;0;0;42;40;1.88;0.0;1.92;4.0;345;128;14.7;13.71;0.933;0;1;0;0;0;1;0;0;0;1;0;202;;164;151;0;72
92.26;1306;16;16;0;3.88;87;0;30;40;0;45;4;0.36;1.0;1.0;0;0;0;42;40;2.0;0.0;1.99;4.2;345;128;14.7;14.11;0.96;0;1;0;0;0;1;0;0;0;1;0;213;;165;151;0;83
92.66;1268;16;16;0;3.88;87;0;30;40;0;45;4;0.36;1.0;1.0;0;0;0;42;40;2.0;0.0;1.99;4.1;345;128;14.7;14.11;0.96;0;1;0;0;0;1;0;0;0;1;0;215;;165;151;0;73
93.05;1165;16;16;0;3.88;87;0;30;40;0;46;4;0.35;1.0;1.0;0;0;0;42;40;2.0;0.0;1.99;3.8;345;128;14.7;14.61;0.994;0;1;0;0;0;1;0;0;0;1;0;220;;165;151;0;73
93.46;1140;16;16;0;3.93;85;0;30;40;0;46;4;0.35;1.0;1.0;0;0;0;42;40;2.0;0.0;2.0;3.7;345;128;14.7;14.61;0.994;0;1;0;0;0;1;0;0;0;1;0;223;;167;150;0;38
93.67;935;23;23;0;5.07;86;0;30;40;0;52;4;0.44;1.0;1.0;0;0;0;42;40;2.88;0.0;2.46;4.0;345;128;14.47;14.61;1.01;0;1;0;0;0;1;0;0;0;1;0;264;;166;150;0;77
94.06;1063;31;31;0;6.48;87;0;30;40;0;56;7;0.55;1.0;1.0;0;0;0;42;40;3.88;0.0;3.03;5.7;345;128;14.7;17.02;1.158;0;1;0;0;0;1;0;0;0;1;0;297;;165;150;0;83
94.46;1063;18;18;0;4.31;87;0;30;40;0;49;4;0.38;1.0;1.0;0;0;0;42;40;2.25;0.0;2.16;3.8;345;128;14.7;17.02;1.158;0;1;0;0;0;1;0;0;0;1;0;247;;165;150;0;76
94.86;922;22;22;0;5.03;87;0;30;40;0;52;4;0.44;1.0;1.0;0;0;0;42;40;2.75;0.0;2.45;3.9;345;128;14.7;17.02;1.158;0;1;0;0;0;1;0;0;0;1;0;266;;164;150;0;77
95.26;1165;28;28;0;5.96;87;0;30;40;0;54;7;0.52;1.0;1.0;0;0;0;42;40;3.5;0.0;2.82;5.8;345;128;14.7;16.82;1.144;0;1;0;0;0;1;0;0;0;1;0;281;;164;150;0;82
95.68;1101;21;21;0;4.83;87;0;30;40;0;51;5;0.44;1.0;1.0;0;0;0;42;40;2.62;0.0;2.37;4.4;345;128;14.7;16.82;1.144;0;1;0;0;0;1;0;0;0;1;0;256;;165;150;0;76
96.08;1101;26;26;0;5.61;87;0;30;40;0;53;6;0.48;1.0;1.0;0;0;0;42;40;3.25;0.0;2.68;5.1;345;128;14.7;18.12;1.233;0;1;0;0;0;1;0;0;0;1;0;271;;164;149;0;74
96.48;1165;26;26;0;5.57;86;0;30;40;0;53;6;0.49;1.0;1.0;0;0;0;42;40;3.25;0.0;2.66;5.4;345;128;14.7;18.12;1.233;0;1;0;0;0;1;0;0;0;1;0;275;;166;149;0;78
96.87;1153;25;25;0;5.55;86;0;30;40;0;53;6;0.49;1.0;1.0;0;0;0;42;40;3.12;0.0;2.65;5.3;345;128;14.7;18.12;1.233;0;1;0;0;0;1;0;0;0;1;0;271;;166;149;0;77
97.28;1114;25;25;0;5.5;86;0;30;40;0;53;6;0.48;1.0;1.0;0;0;0;42;40;3.12;0.0;2.63;5.1;345;128;14.7;14.92;1.015;0;1;0;0;0;1;0;0;0;1;0;275;;166;149;0;81
97.68;1153;24;24;0;5.28;87;0;30;40;0;52;6;0.47;1.0;1.0;0;0;0;42;40;3.0;0.0;2.55;5.1;345;128;14.7;14.92;1.015;0;1;0;0;0;1;0;0;0;1;0;265;;165;149;0;77
98.07;1217;24;24;0;5.33;87;0;30;40;0;52;6;0.48;1.0;1.0;0;0;0;42;40;3.0;0.0;2.57;5.4;345;128;14.7;15.81;1.076;0;1;0;0;0;1;0;0;0;1;0;263;;164;149;0;77
98.48;1178;26;26;0;5.68;87;0;30;40;0;53;7;0.49;1.0;1.0;0;0;0;42;40;3.25;0.0;2.71;5.6;345;128;14.7;15.81;1.076;0;1;0;0;0;1;0;0;0;1;0;268;;165;149;0;88
98.88;1281;35;35;2;7.18;87;0;30;40;0;59;10;0.59;1.0;1.0;0;0;0;46;40;4.38;1.2;3.31;7.7;345;128;14.7;15.81;1.076;0;1;0;0;0;1;0;0;0;1;0;316;;165;149;0;78
99.28;1396;36;36;3;8.26;87;0;13;57;0;60;11;0.61;1.0;1.0;0;0;0;49;57;4.5;1.7;3.74;9.6;345;128;14.7;14.31;0.973;0;1;0;0;0;0;0;0;0;1;0;325;;164;149;0;85
99.49;1473;37;37;4;7.62;88;0;13;57;0;60;12;0.61;1.0;1.0;0;0;0;50;57;4.62;2.3;3.49;9.4;345;128;14.7;14.31;0.973;0;1;0;0;0;0;0;0;0;1;0;326;;163;149;0;86
99.88;1447;39;39;5;7.86;87;0;14;57;0;62;13;0.62;1.0;1.0;0;0;0;52;56;4.88;2.9;3.58;9.5;345;128;14.7;14.31;0.973;0;1;0;0;0;0;0;0;0;1;0;339;;164;149;0;86
100.28;1601;42;42;6;8.36;87;0;13;56;0;64;15;0.65;1.0;1.0;0;0;0;55;57;5.25;3.5;3.78;11.2;345;128;14.7;16.91;1.15;0;1;0;0;0;0;0;0;0;1;0;359;;164;149;0;89
100.69;1601;42;42;7;8.41;87;0;45;25;0;64;15;0.65;1.0;1.0;0;0;0;56;25;5.25;4.1;3.8;11.2;345;128;14.7;16.91;1.15;0;1;0;0;0;0;0;0;0;1;0;356;;164;149;0;89
101.1;1562;42;42;8;8.45;88;0;45;25;0;65;15;0.65;1.0;1.0;0;0;0;59;25;5.25;4.7;3.82;11.0;345;128;14.7;15.12;1.029;0;1;0;0;0;0;0;0;0;1;0;363;;163;148;0;89
101.5;1652;42;42;8;8.42;88;0;45;25;0;65;16;0.66;1.0;1.0;0;0;0;59;25;5.25;4.7;3.81;11.6;345;128;14.7;15.12;1.029;0;1;0;0;0;0;0;0;0;1;0;360;;163;148;0;89
101.9;1716;42;42;8;8.46;87;0;45;25;0;65;16;0.66;1.0;1.0;0;0;0;59;25;5.25;4.7;3.82;12.1;345;128;14.7;15.02;1.022;0;1;0;0;0;0;0;0;0;1;0;361;;164;148;0;89
102.3;1806;43;43;9;8.58;87;0;45;25;0;65;17;0.66;1.0;1.0;0;0;0;61;25;5.38;5.2;3.87;12.9;345;128;14.7;15.02;1.022;0;1;0;0;0;0;0;0;0;1;0;361;;164;148;0;101
102.7;1819;42;42;9;8.45;88;0;45;25;0;64;17;0.66;1.0;1.0;0;0;0;61;25;5.25;5.2;3.82;12.8;345;128;14.7;15.02;1.022;0;1;0;0;0;0;0;0;0;1;0;358;;163;148;0;41
103.09;1806;42;42;10;8.42;88;0;45;25;0;64;17;0.66;1.0;1.0;0;0;0;62;25;5.25;5.8;3.81;12.7;345;128;14.7;16.42;1.117;0;1;0;0;0;0;0;0;0;1;0;357;;163;148;0;102
103.49;1895;42;42;10;8.4;88;0;45;25;0;64;17;0.66;1.0;1.0;0;0;0;62;25;5.25;5.8;3.8;13.3;345;128;14.82;16.42;1.108;0;1;0;0;0;0;0;0;0;1;0;355;;163;148;0;89
103.92;1831;40;40;10;8.15;88;0;45;25;0;63;17;0.65;1.0;1.0;0;0;0;63;25;5.0;5.8;3.7;12.4;345;128;14.7;17.32;1.178;0;1;0;0;0;0;0;0;0;1;0;348;;163;148;0;89
104.31;1870;42;42;10;8.42;88;0;45;25;0;64;17;0.66;1.0;1.0;0;0;0;63;25;5.25;5.8;3.81;13.1;345;128;14.82;17.32;1.169;0;1;0;0;0;0;0;0;0;1;0;356;;163;147;0;89
104.72;1883;41;41;10;8.15;88;0;45;25;0;63;17;0.65;1.0;1.0;0;0;0;63;25;5.12;5.8;3.7;12.8;345;128;14.82;17.32;1.169;0;1;0;0;0;0;0;0;0;1;0;350;;163;147;0;89
105.11;1947;42;42;10;8.36;87;0;42;27;0;65;18;0.66;1.0;1.0;0;0;0;63;28;5.25;5.8;3.78;13.6;345;128;14.82;14.61;0.986;0;1;0;0;0;0;0;0;0;1;0;361;;164;147;0;89
105.51;1895;43;43;11;8.48;87;0;43;27;0;65;18;0.66;1.0;1.0;0;0;0;65;27;5.38;6.4;3.83;13.4;345;128;14.82;14.61;0.986;0;1;0;0;0;0;0;0;0;1;0;361;;164;147;0;89
105.71;2024;43;43;12;8.62;88;0;41;29;0;66;20;0.66;1.0;1.0;0;0;0;66;29;5.38;7.0;3.89;14.5;345;128;14.82;14.61;0.986;0;1;0;0;0;0;0;0;0;1;0;374;;163;147;0;90
106.11;1998;43;43;12;8.62;88;0;43;27;0;66;19;0.66;1.0;1.0;0;0;0;67;27;5.38;7.0;3.89;14.4;345;128;14.82;14.71;0.993;0;1;0;0;0;0;0;0;0;1;0;375;;163;147;0;91
106.51;2113;45;45;12;8.88;87;0;40;30;0;68;21;0.66;1.0;1.0;0;0;0;67;30;5.62;7.0;3.99;15.6;345;128;14.82;14.71;0.993;0;1;0;0;0;0;0;0;0;1;0;383;;164;147;0;91
106.91;2036;44;44;13;8.68;87;0;41;30;0;67;20;0.66;1.0;1.0;0;0;0;68;29;5.5;7.6;3.91;14.7;345;128;14.82;14.71;0.993;0;1;0;0;0;0;0;0;0;1;0;379;;164;147;0;90
107.33;2088;44;44;13;8.67;88;0;40;30;0;67;20;0.66;1.0;1.0;0;0;0;68;30;5.5;7.6;3.91;15.1;345;128;14.82;15.12;1.02;0;1;0;0;0;0;0;0;0;1;0;379;;163;146;0;86
107.72;2152;45;45;13;8.71;87;0;40;30;0;68;21;0.66;1.0;1.0;0;0;0;68;30;5.62;7.6;3.92;15.6;345;128;14.82;15.12;1.02;0;1;0;0;0;0;0;0;0;1;0;380;;164;146;0;91
108.13;2203;43;43;13;8.62;88;0;40;30;0;67;21;0.66;1.0;1.0;0;0;0;68;30;5.38;7.6;3.89;15.8;345;128;14.82;16.12;1.088;0;1;0;0;0;0;0;0;0;1;0;376;;163;146;0;90
108.53;2113;44;44;13;8.57;88;0;40;30;0;67;21;0.66;1.0;1.0;0;0;0;69;30;5.5;7.6;3.87;15.1;345;128;14.82;16.12;1.088;0;1;0;0;0;0;0;0;0;1;0;378;;163;146;0;90
108.94;2164;43;43;13;8.4;88;0;40;30;0;66;21;0.66;1.0;1.0;0;0;0;69;30;5.38;7.6;3.8;15.1;345;128;14.82;16.91;1.141;0;1;0;0;0;0;0;0;0;1;0;373;;163;146;0;90
109.34;2228;44;44;13;8.6;88;0;40;30;0;67;22;0.66;1.0;1.0;0;0;0;69;30;5.5;7.6;3.88;16.0;345;128;14.82;16.91;1.141;0;1;0;0;0;0;0;0;0;1;0;377;;163;145;0;85
109.74;2216;35;35;2;7.06;87;0;40;30;0;58;18;0.6;1.0;1.0;0;0;0;47;30;4.38;1.2;3.26;13.0;345;128;14.82;16.91;1.141;0;1;0;0;0;0;0;0;0;1;0;310;;164;145;0;84
110.14;1767;16;16;0;3.88;87;0;44;38;0;45;6;0.37;1.0;1.0;0;0;0;42;26;2.0;0.0;1.99;5.7;345;128;14.7;12.82;0.872;0;1;0;0;0;1;0;0;0;1;0;215;;164;145;0;73
110.53;1831;17;17;0;4.06;87;0;35;38;0;46;7;0.38;1.0;1.0;0;0;0;42;35;2.12;0.0;2.06;6.2;345;128;14.7;12.82;0.872;0;1;0;0;0;1;0;0;0;1;0;217;;165;145;0;73
110.93;1780;16;16;0;3.93;87;0;33;37;0;45;6;0.37;1.0;1.0;0;0;0;42;37;2.0;0.0;2.01;5.8;345;128;14.7;11.61;0.79;0;1;0;0;0;1;0;0;0;1;0;211;;165;145;0;73
111.35;1755;16;16;0;3.93;87;0;33;37;0;45;6;0.37;1.0;1.0;0;0;0;42;37;2.0;0.0;2.01;5.7;345;128;14.7;11.61;0.79;0;1;0;0;0;1;0;0;0;1;0;211;;165;144;0;70
111.75;1716;16;16;0;3.92;86;0;33;37;0;45;6;0.37;1.0;1.0;0;0;0;42;37;2.0;0.0;2.0;5.6;345;128;14.7;11.61;0.79;0;1;0;0;0;1;0;0;0;1;0;212;;166;144;0;72
111.94;1767;16;16;0;3.97;86;0;33;37;0;45;6;0.37;1.0;1.0;0;0;0;42;37;2.0;0.0;2.02;5.8;345;128;14.7;12.21;0.831;0;1;0;0;0;1;0;0;0;1;0;213;;166;144;0;73
112.36;1767;16;16;0;4.0;86;0;33;37;0;46;6;0.38;1.0;1.0;0;0;0;42;37;2.0;0.0;2.03;5.9;345;128;14.7;12.21;0.831;0;1;0;0;0;1;0;0;0;1;0;216;;166;144;0;73
112.76;1755;16;16;0;4.0;86;0;33;37;0;45;6;0.37;1.0;1.0;0;0;0;42;37;2.0;0.0;2.03;5.8;345;128;14.7;12.21;0.831;0;1;0;0;0;1;0;0;0;1;0;214;;166;144;0;73
113.14;1857;16;16;0;3.91;85;0;34;37;0;45;7;0.37;1.0;1.0;0;0;0;42;36;2.0;0.0;1.99;6.1;345;128;14.82;12.81;0.864;0;1;0;0;0;1;0;0;0;1;0;208;;167;144;0;73
113.55;1601;16;16;0;3.98;85;0;42;37;0;46;6;0.37;1.0;1.0;0;0;0;42;28;2.0;0.0;2.02;5.3;345;128;14.7;12.81;0.871;0;1;0;0;0;1;0;0;0;1;0;222;;167;144;0;73
113.95;1806;16;16;0;3.91;85;0;33;37;0;45;6;0.37;1.0;1.0;0;0;0;42;37;2.0;0.0;1.99;5.9;345;128;14.7;13.81;0.939;0;1;0;0;0;1;0;0;0;1;0;215;;168;144;0;73
114.34;1767;16;16;0;3.88;85;0;43;37;0;45;6;0.37;1.0;1.0;0;0;0;42;27;2.0;0.0;1.98;5.7;345;128;14.7;13.81;0.939;0;1;0;0;0;1;0;0;0;1;0;209;;167;143;0;76
114.76;1703;17;17;0;4.11;85;0;37;37;0;46;6;0.38;1.0;1.0;0;0;0;42;33;2.12;0.0;2.07;5.8;345;128;14.7;13.81;0.939;0;1;0;0;0;1;0;0;0;1;0;221;;169;143;0;38
115.16;1755;16;16;0;3.95;84;0;33;37;0;46;6;0.38;1.0;1.0;0;0;0;42;37;2.0;0.0;2.0;5.8;345;128;14.7;13.71;0.933;0;1;0;0;0;1;0;0;0;1;0;216;;169;143;0;73
115.56;1498;17;17;0;4.08;85;0;33;37;0;47;6;0.38;1.0;1.0;0;0;0;42;37;2.12;0.0;2.06;5.1;345;128;14.7;13.71;0.933;0;1;0;0;0;1;0;0;0;1;0;224;;167;143;0;74
115.96;1486;17;17;0;4.16;87;0;33;37;0;47;5;0.38;1.0;1.0;0;0;0;42;37;2.12;0.0;2.1;5.2;345;128;14.7;14.21;0.967;0;1;0;0;0;1;0;0;0;1;0;230;;164;143;0;74
116.36;1396;17;17;0;4.08;87;0;33;37;0;47;5;0.38;1.0;1.0;0;0;0;42;37;2.12;0.0;2.07;4.7;345;128;14.7;14.21;0.967;0;1;0;0;0;1;0;0;0;1;0;226;;165;143;0;73
116.77;1422;17;17;0;4.12;86;0;34;36;0;47;5;0.38;1.0;1.0;0;0;0;42;36;2.12;0.0;2.08;4.9;345;128;14.7;14.21;0.967;0;1;0;0;0;1;0;0;0;1;0;229;;166;142;0;74
117.18;1370;17;17;0;4.1;86;0;34;36;0;47;5;0.38;1.0;1.0;0;0;0;42;36;2.12;0.0;2.07;4.7;345;128;14.7;13.61;0.926;0;1;0;0;0;1;0;0;0;1;0;229;;166;142;0;38
117.58;1268;17;17;0;4.08;87;0;34;36;0;47;5;0.38;1.0;1.0;0;0;0;42;36;2.12;0.0;2.07;4.3;345;128;14.7;13.61;0.926;0;1;0;0;0;1;0;0;0;1;0;227;;165;142;0;84
117.98;1229;17;17;0;4.15;86;0;34;36;0;47;5;0.38;1.0;1.0;0;0;0;42;36;2.12;0.0;2.09;4.3;345;128;14.7;14.81;1.007;0;1;0;0;0;1;0;0;0;1;0;229;;166;142;0;74
118.19;1204;18;18;0;4.22;86;0;34;36;0;48;4;0.38;1.0;1.0;0;0;0;42;36;2.25;0.0;2.12;4.2;345;128;14.7;14.81;1.007;0;1;0;0;0;1;0;0;0;1;0;233;;166;142;0;74
118.58;1165;17;17;0;4.18;87;0;34;36;0;48;4;0.38;1.0;1.0;0;0;0;42;36;2.12;0.0;2.11;4.1;345;128;14.7;14.81;1.007;0;1;0;0;0;1;0;0;0;1;0;237;;165;142;0;70
118.99;1101;18;18;0;4.2;86;0;34;36;0;48;4;0.38;1.0;1.0;0;0;0;42;36;2.25;0.0;2.11;3.9;345;128;14.7;14.71;1.001;0;1;0;0;0;1;0;0;0;1;0;237;;166;142;0;74
119.37;1089;19;19;0;4.36;85;0;34;36;0;49;4;0.39;1.0;1.0;0;0;0;42;36;2.38;0.0;2.17;4.0;345;128;14.7;14.71;1.001;0;1;0;0;0;1;0;0;0;1;0;245;;167;141;0;75
119.79;1063;18;18;0;4.28;85;0;34;36;0;49;4;0.38;1.0;1.0;0;0;0;42;36;2.25;0.0;2.14;3.8;345;128;14.7;14.71;1.001;0;1;0;0;0;1;0;0;0;1;0;242;;167;141;0;75
120.18;1012;20;20;0;4.62;88;0;34;36;0;50;4;0.41;1.0;1.0;0;0;0;42;36;2.5;0.0;2.29;3.9;345;128;14.7;15.71;1.069;0;1;0;0;0;1;0;0;0;1;0;248;;163;141;0;38
120.58;1050;24;24;0;5.27;86;0;34;36;0;52;5;0.45;1.0;1.0;0;0;0;42;36;3.0;0.0;2.54;4.6;345;128;14.7;15.71;1.069;0;1;0;0;0;1;0;0;0;1;0;263;;164;141;0;77
120.99;1037;21;21;0;4.81;85;0;34;36;0;51;5;0.43;1.0;1.0;0;0;0;42;36;2.62;0.0;2.35;4.2;345;128;14.7;14.71;1.001;0;1;0;0;0;1;0;0;0;1;0;256;;167;141;0;74
121.4;999;24;24;0;5.36;87;0;34;36;0;53;5;0.46;1.0;1.0;0;0;0;42;36;3.0;0.0;2.58;4.5;345;128;14.47;14.71;1.017;0;1;0;0;0;1;0;0;0;1;0;270;;164;141;0;77
121.8;1063;28;28;0;6.01;87;0;34;36;0;55;6;0.52;1.0;1.0;0;0;0;42;36;3.5;0.0;2.84;5.3;345;128;14.7;14.71;1.001;0;1;0;0;0;1;0;0;0;1;0;286;;164;141;0;82
122.2;1037;26;26;0;5.66;87;0;34;36;0;54;6;0.49;1.0;1.0;0;0;0;42;36;3.25;0.0;2.7;4.9;345;128;14.7;14.71;1.001;0;1;0;0;0;1;0;0;0;1;0;281;;164;141;0;82
122.59;986;29;29;0;6.27;88;0;34;36;0;56;6;0.53;1.0;1.0;0;0;0;42;36;3.62;0.0;2.95;5.2;345;128;14.47;14.71;1.017;0;1;0;0;0;1;0;0;0;1;0;295;;163;140;0;76
122.99;1050;30;30;0;6.36;87;0;34;36;0;56;7;0.55;1.0;1.0;0;0;0;42;36;3.75;0.0;2.98;5.6;345;128;14.7;14.31;0.973;0;1;0;0;0;1;0;0;0;1;0;297;;164;140;0;83
123.39;1012;29;29;0;6.21;87;0;34;36;0;56;6;0.53;1.0;1.0;0;0;0;42;36;3.62;0.0;2.92;5.2;345;128;14.47;14.31;0.989;0;1;0;0;0;1;0;0;0;1;0;293;;165;140;0;82
123.81;986;29;29;0;6.21;87;0;34;36;0;56;6;0.53;1.0;1.0;0;0;0;42;36;3.62;0.0;2.92;5.1;345;128;14.47;14.31;0.989;0;1;0;0;0;1;0;0;0;1;0;296;;165;140;0;83
124.02;1050;30;31;0;6.5;88;0;34;36;0;57;7;0.55;1.0;1.0;0;0;0;42;36;3.75;0.0;3.04;5.7;345;128;14.7;13.51;0.919;0;1;0;0;0;1;0;0;0;1;0;303;;163;140;0;83
124.39;999;30;30;0;6.33;87;0;34;36;0;57;6;0.53;1.0;1.0;0;0;0;42;36;3.75;0.0;2.97;5.3;345;128;14.47;13.51;0.934;0;1;0;0;0;1;0;0;0;1;0;301;;165;140;0;83
124.82;1165;29;29;0;6.21;87;0;34;36;0;55;7;0.54;1.0;1.0;0;0;0;42;36;3.62;0.0;2.92;6.0;345;128;14.7;13.51;0.919;0;1;0;0;0;1;0;0;0;1;0;291;;165;140;0;75
125.22;1063;26;26;0;5.7;86;0;34;36;0;54;6;0.5;1.0;1.0;0;0;0;42;36;3.25;0.0;2.71;5.0;345;128;14.7;12.81;0.871;0;1;0;0;0;1;0;0;0;1;0;281;;166;140;0;82
125.61;1037;28;28;0;5.97;88;0;34;36;0;55;6;0.52;1.0;1.0;0;0;0;42;36;3.5;0.0;2.83;5.2;345;128;14.7;12.81;0.871;0;1;0;0;0;1;0;0;0;1;0;291;;163;140;0;76
126.01;999;29;29;0;6.26;87;0;34;36;0;56;6;0.53;1.0;1.0;0;0;0;42;36;3.62;0.0;2.94;5.2;345;128;14.47;13.51;0.934;0;1;0;0;0;1;0;0;0;1;0;299;;165;140;0;83
126.41;1012;31;31;0;6.51;87;0;34;36;0;57;7;0.53;1.0;1.0;0;0;0;42;36;3.88;0.0;3.04;5.5;345;128;14.59;13.51;0.926;0;1;0;0;0;1;0;0;0;1;0;307;;164;140;0;84
126.82;1063;31;31;0;6.51;87;0;34;36;0;58;7;0.55;1.0;1.0;0;0;0;42;36;3.88;0.0;3.04;5.8;345;128;14.7;13.51;0.919;0;1;0;0;0;1;0;0;0;1;0;310;;166;140;0;84
127.21;1063;30;30;0;6.43;87;0;34;36;0;57;7;0.55;1.0;1.0;0;0;0;42;36;3.75;0.0;3.01;5.7;345;128;14.7;14.81;1.007;0;1;0;0;0;1;0;0;0;1;0;307;;165;140;0;84
127.63;1050;30;30;0;6.38;87;0;34;36;0;57;7;0.55;1.0;1.0;0;0;0;42;36;3.75;0.0;2.99;5.6;345;128;14.7;14.81;1.007;0;1;0;0;0;1;0;0;0;1;0;306;;165;140;0;84
128.02;1012;30;30;0;6.36;87;0;34;36;0;57;7;0.53;1.0;1.0;0;0;0;42;36;3.75;0.0;2.98;5.4;345;128;14.47;15.51;1.072;0;1;0;0;0;1;0;0;0;1;0;305;;164;140;0;84
128.42;1037;30;30;0;6.33;87;0;34;36;0;57;7;0.54;1.0;1.0;0;0;0;42;36;3.75;0.0;2.97;5.5;345;128;14.7;15.51;1.055;0;1;0;0;0;1;0;0;0;1;0;301;;164;139;0;83
128.83;1050;30;30;0;6.42;88;0;34;36;0;57;7;0.55;1.0;1.0;0;0;0;42;36;3.75;0.0;3.01;5.6;345;128;14.7;15.51;1.055;0;1;0;0;0;1;0;0;0;1;0;301;;162;139;0;83
129.24;1050;31;31;0;6.5;86;0;34;36;0;57;7;0.55;1.0;1.0;0;0;0;42;36;3.88;0.0;3.03;5.7;345;128;14.7;14.81;1.007;0;1;0;0;0;1;0;0;0;1;0;304;;166;139;0;84
129.65;1050;31;31;0;6.6;86;0;34;36;0;58;7;0.55;1.0;1.0;0;0;0;42;36;3.88;0.0;3.07;5.8;345;128;14.7;14.81;1.007;0;1;0;0;0;1;0;0;0;1;0;308;;166;139;0;83
130.04;1050;31;31;0;6.55;86;0;34;36;0;58;7;0.55;1.0;1.0;0;0;0;42;36;3.88;0.0;3.05;5.7;345;128;14.7;13.91;0.946;0;1;0;0;0;1;0;0;0;1;0;310;;166;139;0;84
130.23;1037;31;31;0;6.55;86;0;34;36;0;58;7;0.55;1.0;1.0;0;0;0;42;36;3.88;0.0;3.05;5.7;345;128;14.7;13.91;0.946;0;1;0;0;0;1;0;0;0;1;0;312;;166;139;0;85
130.65;1089;32;32;0;6.66;85;0;34;36;0;58;7;0.55;1.0;1.0;0;0;0;42;36;4.0;0.0;3.09;6.0;345;128;14.7;13.91;0.946;0;1;0;0;0;1;0;0;0;1;0;314;;167;139;0;77
131.06;1101;32;32;0;6.77;86;0;34;36;0;59;8;0.56;1.0;1.0;0;0;0;42;36;4.0;0.0;3.14;6.2;345;128;14.7;14.31;0.973;0;1;0;0;0;1;0;0;0;1;0;316;;166;139;0;85
131.44;1089;32;32;0;6.68;85;0;34;36;0;58;7;0.55;1.0;1.0;0;0;0;42;36;4.0;0.0;3.1;6.1;345;128;14.7;14.31;0.973;0;1;0;0;0;1;0;0;0;1;0;315;;166;139;0;85
131.86;1050;32;32;0;6.73;87;0;35;35;0;58;7;0.55;1.0;1.0;0;0;0;42;35;4.0;0.0;3.13;5.9;345;128;14.7;14.31;0.973;0;1;0;0;0;1;0;0;0;1;0;310;;164;138;0;77
132.25;1063;31;31;0;6.61;87;0;35;35;0;58;7;0.55;1.0;1.0;0;0;0;42;35;3.88;0.0;3.08;5.9;345;128;14.7;14.71;1.001;0;1;0;0;0;1;0;0;0;1;0;309;;166;138;0;81
132.64;1050;31;32;0;6.6;86;0;35;35;0;58;7;0.55;1.0;1.0;0;0;0;42;35;3.88;0.0;3.07;5.8;345;128;14.7;14.71;1.001;0;1;0;0;0;1;0;0;0;1;0;310;;166;138;0;84
133.05;1089;32;32;0;6.62;86;0;35;35;0;58;7;0.55;1.0;1.0;0;0;0;42;35;4.0;0.0;3.08;6.0;345;128;14.7;14.61;0.994;0;1;0;0;0;1;0;0;0;1;0;313;;166;138;0;84
133.45;1101;33;33;0;6.77;86;0;35;35;0;59;8;0.56;1.0;1.0;0;0;0;42;35;4.12;0.0;3.14;6.2;345;128;14.7;14.61;0.994;0;1;0;0;0;1;0;0;0;1;0;316;;166;138;0;84
133.86;1089;32;32;0;6.73;85;0;35;35;0;58;8;0.55;1.0;1.0;0;0;0;42;35;4.0;0.0;3.12;6.1;345;128;14.7;14.61;0.994;0;1;0;0;0;1;0;0;0;1;0;313;;166;138;0;84
134.27;1050;32;32;0;6.65;86;0;35;35;0;58;7;0.55;1.0;1.0;0;0;0;42;35;4.0;0.0;3.09;5.8;345;128;14.7;14.11;0.96;0;1;0;0;0;1;0;0;0;1;0;309;;166;138;0;84
134.66;1063;31;31;0;6.58;85;0;35;35;0;58;7;0.55;1.0;1.0;0;0;0;42;35;3.88;0.0;3.06;5.8;345;128;14.7;14.11;0.96;0;1;0;0;0;1;0;0;0;1;0;310;;167;138;0;84
135.05;1063;31;31;0;6.57;86;0;35;35;0;58;7;0.55;1.0;1.0;0;0;0;42;35;3.88;0.0;3.06;5.8;345;128;14.7;13.61;0.926;0;1;0;0;0;1;0;0;0;1;0;311;;166;138;0;84
135.48;1101;32;32;0;6.72;86;0;35;35;0;58;7;0.56;1.0;1.0;0;0;0;42;35;4.0;0.0;3.12;6.2;345;128;14.7;13.61;0.926;0;1;0;0;0;1;0;0;0;1;0;314;;166;138;0;85
135.86;1063;32;32;0;6.7;86;0;35;35;0;58;7;0.55;1.0;1.0;0;0;0;42;35;4.0;0.0;3.11;5.9;345;128;14.7;13.61;0.926;0;1;0;0;0;1;0;0;0;1;0;312;;166;138;0;84
136.07;1050;32;32;0;6.72;86;0;35;35;0;58;7;0.55;1.0;1.0;0;0;0;42;35;4.0;0.0;3.12;5.9;345;128;14.7;14.11;0.96;0;1;0;0;0;1;0;0;0;1;0;309;;166;138;0;77
136.48;1063;31;31;0;6.45;86;0;35;35;0;57;7;0.55;1.0;1.0;0;0;0;42;35;3.88;0.0;3.01;5.7;345;128;14.7;14.11;0.96;0;1;0;0;0;1;0;0;0;1;0;307;;166;138;0;84
136.88;1063;31;31;0;6.5;86;0;35;35;0;58;7;0.55;1.0;1.0;0;0;0;42;35;3.88;0.0;3.03;5.8;345;128;14.7;14.11;0.96;0;1;0;0;0;1;0;0;0;1;0;308;;166;138;0;84
137.28;1063;31;31;0;6.6;86;0;35;35;0;58;7;0.55;1.0;1.0;0;0;0;42;35;3.88;0.0;3.07;5.8;345;128;14.7;14.11;0.96;0;1;0;0;0;1;0;0;0;1;0;312;;166;137;0;84
137.66;1089;32;32;0;6.65;86;0;35;35;0;58;7;0.55;1.0;1.0;0;0;0;42;35;4.0;0.0;3.09;6.0;345;128;14.7;14.11;0.96;0;1;0;0;0;1;0;0;0;1;0;312;;166;138;0;81
138.07;1050;32;32;0;6.62;86;0;35;35;0;57;7;0.55;1.0;1.0;0;0;0;42;35;4.0;0.0;3.08;5.8;345;128;14.7;15.71;1.069;0;1;0;0;0;1;0;0;0;1;0;307;;166;138;0;76
138.48;1063;31;31;0;6.42;86;0;35;35;0;57;7;0.55;1.0;1.0;0;0;0;42;35;3.88;0.0;3.0;5.7;345;128;14.7;15.71;1.069;0;1;0;0;0;1;0;0;0;1;0;304;;166;137;0;37
138.88;1050;30;30;0;6.42;86;0;35;35;0;57;7;0.55;1.0;1.0;0;0;0;42;35;3.75;0.0;3.0;5.6;345;128;14.7;15.71;1.069;0;1;0;0;0;1;0;0;0;1;0;304;;166;137;0;84
139.28;1063;31;31;0;6.5;86;0;35;35;0;58;7;0.55;1.0;1.0;0;0;0;42;35;3.88;0.0;3.03;5.8;345;128;14.7;14.61;0.994;0;1;0;0;0;1;0;0;0;1;0;308;;166;137;0;84
139.69;1101;32;32;0;6.72;86;0;35;35;0;58;7;0.56;1.0;1.0;0;0;0;42;35;4.0;0.0;3.12;6.2;345;128;14.7;14.61;0.994;0;1;0;0;0;1;0;0;0;1;0;312;;166;137;0;84
140.09;1063;32;32;0;6.7;86;0;35;35;0;58;7;0.55;1.0;1.0;0;0;0;42;35;4.0;0.0;3.11;5.9;345;128;14.7;13.91;0.946;0;1;0;0;0;1;0;0;0;1;0;309;;166;137;0;84
140.48;1063;31;31;0;6.47;86;0;35;35;0;57;7;0.55;1.0;1.0;0;0;0;42;35;3.88;0.0;3.02;5.7;345;128;14.7;13.91;0.946;0;1;0;0;0;1;0;0;0;1;0;304;;166;137;0;84
140.9;1063;30;30;0;6.43;87;0;35;35;0;57;7;0.55;1.0;1.0;0;0;0;42;35;3.75;0.0;3.01;5.7;345;128;14.7;13.91;0.946;0;1;0;0;0;1;0;0;0;1;0;303;;165;137;0;84
141.29;1050;31;31;0;6.42;86;0;35;35;0;57;7;0.55;1.0;1.0;0;0;0;42;35;3.88;0.0;3.0;5.6;345;128;14.7;13.91;0.946;0;1;0;0;0;1;0;0;0;1;0;305;;166;137;0;83
141.69;1114;32;32;0;6.67;86;0;35;35;0;58;7;0.56;1.0;1.0;0;0;0;42;35;4.0;0.0;3.1;6.2;345;128;14.7;13.91;0.946;0;1;0;0;0;1;0;0;0;1;0;311;;166;137;0;84
142.09;1089;32;32;0;6.6;86;0;35;35;0;57;7;0.55;1.0;1.0;0;0;0;42;35;4.0;0.0;3.07;6.0;345;128;14.7;14.61;0.994;0;1;0;0;0;1;0;0;0;1;0;307;;166;137;0;84
142.31;1063;32;32;0;6.63;87;0;35;35;0;57;7;0.55;1.0;1.0;0;0;0;42;35;4.0;0.0;3.09;5.9;345;128;14.7;14.61;0.994;0;1;0;0;0;1;0;0;0;1;0;306;;165;136;0;84
142.69;1050;31;31;0;6.47;86;0;35;35;0;57;7;0.55;1.0;1.0;0;0;0;42;35;3.88;0.0;3.02;5.7;345;128;14.7;14.61;0.994;0;1;0;0;0;1;0;0;0;1;0;302;;166;137;0;83
143.1;1037;30;30;0;6.42;86;0;35;35;0;57;7;0.54;1.0;1.0;0;0;0;42;35;3.75;0.0;3.0;5.5;345;128;14.7;14.21;0.967;0;1;0;0;0;1;0;0;0;1;0;306;;166;137;0;84
143.49;1101;31;31;0;6.6;86;0;35;35;0;57;7;0.55;1.0;1.0;0;0;0;42;35;3.88;0.0;3.07;6.1;345;128;14.7;14.21;0.967;0;1;0;0;0;1;0;0;0;1;0;306;;166;137;0;84
143.9;1101;31;31;0;6.52;86;0;35;35;0;57;7;0.55;1.0;1.0;0;0;0;42;35;3.88;0.0;3.04;6.0;345;128;14.7;14.21;0.967;0;1;0;0;0;1;0;0;0;1;0;306;;166;137;0;84
144.31;1063;31;31;0;6.57;86;0;35;35;0;58;7;0.55;1.0;1.0;0;0;0;42;35;3.88;0.0;3.06;5.8;345;128;14.7;14.21;0.967;0;1;0;0;0;1;0;0;0;1;0;310;;166;137;0;84
144.7;1050;32;32;0;6.65;86;0;35;35;0;58;7;0.55;1.0;1.0;0;0;0;42;35;4.0;0.0;3.09;5.8;345;128;14.7;14.21;0.967;0;1;0;0;0;1;0;0;0;1;0;310;;166;137;0;84
145.11;1063;31;31;0;6.56;87;0;35;35;0;57;7;0.55;1.0;1.0;0;0;0;42;35;3.88;0.0;3.06;5.8;345;128;14.7;13.11;0.892;0;1;0;0;0;1;0;0;0;1;0;304;;165;137;0;77
145.5;1050;31;31;0;6.48;87;0;35;35;0;57;7;0.55;1.0;1.0;0;0;0;42;35;3.88;0.0;3.03;5.7;345;128;14.7;13.11;0.892;0;1;0;0;0;1;0;0;0;1;0;304;;165;137;0;84
145.9;1089;31;31;0;6.47;86;0;35;35;0;57;7;0.55;1.0;1.0;0;0;0;42;35;3.88;0.0;3.02;5.9;345;128;14.7;13.11;0.892;0;1;0;0;0;1;0;0;0;1;0;303;;166;137;0;82
146.32;1089;31;31;0;6.48;87;0;35;35;0;57;7;0.55;1.0;1.0;0;0;0;42;35;3.88;0.0;3.03;5.9;345;128;14.7;14.11;0.96;0;1;0;0;0;1;0;0;0;1;0;303;;165;136;0;84
146.7;1101;31;31;0;6.5;86;0;35;35;0;57;7;0.55;1.0;1.0;0;0;0;42;35;3.88;0.0;3.03;6.0;345;128;14.7;14.11;0.96;0;1;0;0;0;1;0;0;0;1;0;304;;165;136;0;84
147.11;1063;30;30;0;6.42;86;0;35;35;0;57;7;0.55;1.0;1.0;0;0;0;42;35;3.75;0.0;3.0;5.7;345;128;14.7;14.61;0.994;0;1;0;0;0;1;0;0;0;1;0;307;;166;136;0;84
147.51;1050;32;32;0;6.65;86;0;35;35;0;58;7;0.55;1.0;1.0;0;0;0;42;35;4.0;0.0;3.09;5.8;345;128;14.7;14.61;0.994;0;1;0;0;0;1;0;0;0;1;0;309;;166;136;0;84
147.92;1063;32;32;0;6.62;86;0;35;35;0;57;7;0.55;1.0;1.0;0;0;0;42;35;4.0;0.0;3.08;5.9;345;128;14.7;14.61;0.994;0;1;0;0;0;1;0;0;0;1;0;305;;166;136;0;83
148.32;1050;30;30;0;6.42;86;0;35;35;0;57;7;0.55;1.0;1.0;0;0;0;42;35;3.75;0.0;3.0;5.6;345;128;14.7;14.71;1.001;0;1;0;0;0;1;0;0;0;1;0;301;;166;136;0;83
148.72;1089;31;31;0;6.5;86;0;35;35;0;57;7;0.55;1.0;1.0;0;0;0;42;35;3.88;0.0;3.03;5.9;345;128;14.7;14.71;1.001;0;1;0;0;0;1;0;0;0;1;0;305;;166;136;0;84
148.93;1101;31;31;0;6.48;87;0;35;35;0;57;7;0.55;1.0;1.0;0;0;0;42;35;3.88;0.0;3.03;5.9;345;128;14.7;14.71;1.001;0;1;0;0;0;1;0;0;0;1;0;303;;165;136;0;77
149.33;1089;30;30;0;6.43;87;0;35;35;0;57;7;0.55;1.0;1.0;0;0;0;42;35;3.75;0.0;3.01;5.8;345;128;14.7;13.81;0.939;0;1;0;0;0;1;0;0;0;1;0;304;;166;135;0;77
149.72;1050;31;31;0;6.47;86;0;35;35;0;57;7;0.55;1.0;1.0;0;0;0;42;35;3.88;0.0;3.02;5.7;345;128;14.7;13.81;0.939;0;1;0;0;0;1;0;0;0;1;0;305;;166;136;0;82
150.14;1050;31;31;0;6.47;86;0;35;35;0;57;7;0.55;1.0;1.0;0;0;0;42;35;3.88;0.0;3.02;5.7;345;128;14.7;13.81;0.939;0;1;0;0;0;1;0;0;0;1;0;304;;166;135;0;84
150.52;1050;31;31;0;6.48;87;0;35;35;0;57;7;0.55;1.0;1.0;0;0;0;42;35;3.88;0.0;3.03;5.7;345;128;14.7;13.81;0.939;0;1;0;0;0;1;0;0;0;1;0;302;;165;136;0;82
150.94;1050;31;31;0;6.45;86;0;35;35;0;57;7;0.55;1.0;1.0;0;0;0;42;35;3.88;0.0;3.01;5.6;345;128;14.7;13.81;0.939;0;1;0;0;0;1;0;0;0;1;0;302;;166;135;0;83
151.34;1063;30;31;0;6.42;86;0;35;35;0;57;7;0.55;1.0;1.0;0;0;0;42;35;3.75;0.0;3.0;5.7;345;128;14.7;13.41;0.912;0;1;0;0;0;1;0;0;0;1;0;302;;166;135;0;83
151.75;1101;31;31;0;6.55;86;0;35;35;0;57;7;0.55;1.0;1.0;0;0;0;42;35;3.88;0.0;3.05;6.0;345;128;14.7;13.41;0.912;0;1;0;0;0;1;0;0;0;1;0;305;;166;135;0;84
152.15;1063;31;31;0;6.52;86;0;35;35;0;57;7;0.55;1.0;1.0;0;0;0;42;35;3.88;0.0;3.04;5.8;345;128;14.7;14.52;0.988;0;1;0;0;0;1;0;0;0;1;0;305;;166;135;0;84
152.55;1050;31;31;0;6.57;86;0;35;35;0;57;7;0.55;1.0;1.0;0;0;0;42;35;3.88;0.0;3.06;5.7;345;128;14.7;14.52;0.988;0;1;0;0;0;1;0;0;0;1;0;306;;166;135;0;84
152.93;1063;31;31;0;6.45;86;0;35;35;0;57;7;0.55;1.0;1.0;0;0;0;42;35;3.88;0.0;3.01;5.7;345;128;14.7;14.52;0.988;0;1;0;0;0;1;0;0;0;1;0;302;;166;135;0;84
153.36;1037;30;30;0;6.32;86;0;35;35;0;57;7;0.54;1.0;1.0;0;0;0;42;35;3.75;0.0;2.96;5.5;345;128;14.7;13.71;0.933;0;1;0;0;0;1;0;0;0;1;0;300;;166;135;0;83
153.75;1089;31;31;0;6.47;86;0;35;35;0;57;7;0.55;1.0;1.0;0;0;0;42;35;3.88;0.0;3.02;5.9;345;128;14.7;13.71;0.933;0;1;0;0;0;1;0;0;0;1;0;304;;166;135;0;83
154.15;1101;31;31;0;6.55;86;0;35;35;0;57;7;0.55;1.0;1.0;0;0;0;42;35;3.88;0.0;3.05;6.0;345;128;14.7;14.31;0.973;0;1;0;0;0;1;0;0;0;1;0;306;;166;135;0;78
154.55;1063;31;31;0;6.6;86;0;35;35;0;58;7;0.55;1.0;1.0;0;0;0;42;35;3.88;0.0;3.07;5.8;345;128;14.7;14.31;0.973;0;1;0;0;0;1;0;0;0;1;0;309;;166;135;0;84
154.74;1050;31;31;0;6.46;87;0;35;35;0;57;7;0.55;1.0;1.0;0;0;0;42;35;3.88;0.0;3.02;5.7;345;128;14.7;14.31;0.973;0;1;0;0;0;1;0;0;0;1;0;304;;165;135;0;84
155.16;1063;31;31;0;6.45;86;0;35;35;0;57;7;0.55;1.0;1.0;0;0;0;42;35;3.88;0.0;3.01;5.7;345;128;14.7;13.31;0.905;0;1;0;0;0;1;0;0;0;1;0;303;;166;135;0;82
155.56;1063;30;30;0;6.33;87;0;35;35;0;56;7;0.55;1.0;1.0;0;0;0;42;35;3.75;0.0;2.97;5.6;345;128;14.7;13.31;0.905;0;1;0;0;0;1;0;0;0;1;0;294;;165;135;0;82
155.96;1101;31;31;0;6.55;86;0;35;35;0;57;7;0.55;1.0;1.0;0;0;0;42;35;3.88;0.0;3.05;6.0;345;128;14.7;13.31;0.905;0;1;0;0;0;1;0;0;0;1;0;306;;166;135;0;84
156.37;1114;31;31;0;6.55;86;0;35;35;0;58;7;0.56;1.0;1.0;0;0;0;42;35;3.88;0.0;3.05;6.1;345;128;14.7;13.21;0.899;0;1;0;0;0;1;0;0;0;1;0;310;;166;134;0;84
156.77;1089;32;32;0;6.65;86;0;35;35;0;58;7;0.55;1.0;1.0;0;0;0;42;35;4.0;0.0;3.09;6.0;345;128;14.7;13.21;0.899;0;1;0;0;0;1;0;0;0;1;0;311;;166;134;0;84
157.17;1050;32;32;0;6.72;86;0;35;35;0;58;7;0.55;1.0;1.0;0;0;0;42;35;4.0;0.0;3.12;5.9;345;128;14.7;13.91;0.946;0;1;0;0;0;1;0;0;0;1;0;309;;166;134;0;84
157.56;1050;31;31;0;6.53;85;0;35;35;0;57;7;0.55;1.0;1.0;0;0;0;42;35;3.88;0.0;3.04;5.7;345;128;14.7;13.91;0.946;0;1;0;0;0;1;0;0;0;1;0;307;;167;134;0;86
157.96;1037;30;30;0;6.42;86;0;35;35;0;57;7;0.54;1.0;1.0;0;0;0;42;35;3.75;0.0;3.0;5.5;345;128;14.7;13.91;0.946;0;1;0;0;0;1;0;0;0;1;0;305;;166;134;0;84
158.36;1063;31;31;0;6.37;86;0;36;34;0;57;7;0.55;1.0;1.0;0;0;0;42;34;3.88;0.0;2.98;5.6;345;128;14.7;14.51;0.987;0;1;0;0;0;1;0;0;0;1;0;305;;166;134;0;84
158.77;1089;31;31;0;6.37;86;0;36;34;0;57;7;0.55;1.0;1.0;0;0;0;42;34;3.88;0.0;2.98;5.8;345;128;14.7;14.51;0.987;0;1;0;0;0;1;0;0;0;1;0;305;;166;134;0;84
159.17;1101;31;31;0;6.47;86;0;36;34;0;57;7;0.55;1.0;1.0;0;0;0;42;34;3.88;0.0;3.02;5.9;345;128;14.7;14.51;0.987;0;1;0;0;0;1;0;0;0;1;0;307;;166;134;0;84
159.57;1089;31;31;0;6.37;86;0;36;34;0;57;7;0.55;1.0;1.0;0;0;0;42;34;3.88;0.0;2.98;5.8;345;128;14.7;14.51;0.987;0;1;0;0;0;1;0;0;0;1;0;307;;166;134;0;84
159.98;1050;31;31;0;6.5;86;0;36;34;0;57;7;0.55;1.0;1.0;0;0;0;42;34;3.88;0.0;3.03;5.7;345;128;14.7;14.51;0.987;0;1;0;0;0;1;0;0;0;1;0;303;;166;134;0;83
160.38;1050;31;31;0;6.42;86;0;36;34;0;57;7;0.55;1.0;1.0;0;0;0;42;34;3.88;0.0;3.0;5.6;345;128;14.7;14.11;0.96;0;1;0;0;0;1;0;0;0;1;0;301;;166;134;0;83
160.77;1050;31;31;0;6.41;87;0;36;34;0;56;7;0.55;1.0;1.0;0;0;0;42;34;3.88;0.0;3.0;5.6;345;128;14.7;14.11;0.96;0;1;0;0;0;1;0;0;0;1;0;299;;165;133;0;83
160.99;1037;30;30;0;6.32;86;0;36;34;0;57;7;0.54;1.0;1.0;0;0;0;42;34;3.75;0.0;2.96;5.5;345;128;14.7;14.11;0.96;0;1;0;0;0;1;0;0;0;1;0;304;;166;133;0;84
161.39;1050;31;31;0;6.41;87;0;36;34;0;57;7;0.55;1.0;1.0;0;0;0;42;34;3.88;0.0;3.0;5.6;345;128;14.7;14.01;0.953;0;1;0;0;0;1;0;0;0;1;0;301;;165;133;0;76
161.78;1037;30;30;0;6.23;87;0;36;34;0;56;7;0.54;1.0;1.0;0;0;0;42;34;3.75;0.0;2.93;5.4;345;128;14.7;14.01;0.953;0;1;0;0;0;1;0;0;0;1;0;297;;165;133;0;83
162.18;1037;30;30;0;6.32;86;0;36;34;0;57;7;0.54;1.0;1.0;0;0;0;42;34;3.75;0.0;2.96;5.5;345;128;14.7;14.01;0.953;0;1;0;0;0;1;0;0;0;1;0;301;;166;133;0;83
162.59;1050;31;31;0;6.4;86;0;36;34;0;57;7;0.55;1.0;1.0;0;0;0;42;34;3.88;0.0;2.99;5.6;345;128;14.7;14.01;0.953;0;1;0;0;0;1;0;0;0;1;0;302;;166;133;0;83
163.0;1050;31;31;0;6.47;86;0;36;34;0;57;7;0.55;1.0;1.0;0;0;0;42;34;3.88;0.0;3.02;5.7;345;128;14.7;14.01;0.953;0;1;0;0;0;1;0;0;0;1;0;302;;166;133;0;84
163.39;1037;30;30;0;6.25;86;0;36;34;0;57;7;0.54;1.0;1.0;0;0;0;42;34;3.75;0.0;2.93;5.4;345;128;14.7;14.61;0.994;0;1;0;0;0;1;0;0;0;1;0;302;;166;132;0;83
163.81;1050;30;30;0;6.32;86;0;36;34;0;57;7;0.55;1.0;1.0;0;0;0;42;34;3.75;0.0;2.96;5.5;345;128;14.7;14.61;0.994;0;1;0;0;0;1;0;0;0;1;0;302;;166;132;0;84
164.2;1050;30;30;0;6.32;86;0;36;34;0;57;7;0.55;1.0;1.0;0;0;0;42;34;3.75;0.0;2.96;5.5;345;128;14.7;14.71;1.001;0;1;0;0;0;1;0;0;0;1;0;303;;166;132;0;83
164.62;1050;30;30;0;6.32;86;0;36;34;0;57;7;0.55;1.0;1.0;0;0;0;42;34;3.75;0.0;2.96;5.5;345;128;14.7;14.71;1.001;0;1;0;0;0;1;0;0;0;1;0;303;;166;132;0;83
165.01;1050;30;30;0;6.33;85;0;36;34;0;57;7;0.55;1.0;1.0;0;0;0;42;34;3.75;0.0;2.96;5.5;345;128;14.7;14.71;1.001;0;1;0;0;0;1;0;0;0;1;0;303;;167;132;0;82
165.41;1050;30;30;0;6.35;86;0;36;34;0;57;7;0.55;1.0;1.0;0;0;0;42;34;3.75;0.0;2.97;5.6;345;128;14.7;13.51;0.919;0;1;0;0;0;1;0;0;0;1;0;304;;166;132;0;41
165.82;1050;30;30;0;6.32;86;0;36;34;0;57;7;0.55;1.0;1.0;0;0;0;42;34;3.75;0.0;2.96;5.5;345;128;14.7;13.51;0.919;0;1;0;0;0;1;0;0;0;1;0;303;;167;132;0;82
166.22;1050;30;31;0;6.35;86;0;36;34;0;57;7;0.55;1.0;1.0;0;0;0;42;34;3.75;0.0;2.97;5.6;345;128;14.7;14.61;0.994;0;1;0;0;0;1;0;0;0;1;0;303;;166;132;0;84
166.62;1037;30;30;0;6.35;86;0;36;34;0;57;7;0.54;1.0;1.0;0;0;0;42;34;3.75;0.0;2.97;5.5;345;128;14.7;14.61;0.994;0;1;0;0;0;1;0;0;0;1;0;304;;166;132;0;84
166.81;1037;30;30;0;6.25;86;0;36;34;0;57;7;0.54;1.0;1.0;0;0;0;42;34;3.75;0.0;2.93;5.4;345;128;14.7;14.61;0.994;0;1;0;0;0;1;0;0;0;1;0;303;;166;132;0;84
167.21;1050;30;30;0;6.35;86;0;36;34;0;57;7;0.55;1.0;1.0;0;0;0;42;34;3.75;0.0;2.97;5.6;345;128;14.7;14.21;0.967;0;1;0;0;0;1;0;0;0;1;0;303;;166;132;0;83
167.61;1037;30;30;0;6.36;87;0;36;34;0;57;7;0.54;1.0;1.0;0;0;0;42;34;3.75;0.0;2.98;5.5;345;128;14.7;14.21;0.967;0;1;0;0;0;1;0;0;0;1;0;302;;166;131;0;82
168.02;1012;30;30;0;6.26;87;0;36;34;0;57;7;0.53;1.0;1.0;0;0;0;42;34;3.75;0.0;2.94;5.3;345;128;14.47;14.21;0.982;0;1;0;0;0;1;0;0;0;1;0;303;;165;131;0;83
168.41;1037;30;30;0;6.33;87;0;36;34;0;57;7;0.54;1.0;1.0;0;0;0;42;34;3.75;0.0;2.97;5.5;345;128;14.7;14.51;0.987;0;1;0;0;0;1;0;0;0;1;0;301;;165;131;0;76
168.83;1037;30;30;0;6.35;86;0;36;34;0;57;7;0.54;1.0;1.0;0;0;0;42;34;3.75;0.0;2.97;5.5;345;128;14.7;14.51;0.987;0;1;0;0;0;1;0;0;0;1;0;301;;166;131;0;83
169.21;1012;30;30;0;6.27;86;0;36;34;0;57;7;0.53;1.0;1.0;0;0;0;42;34;3.75;0.0;2.94;5.3;345;128;14.47;13.21;0.913;0;1;0;0;0;1;0;0;0;1;0;304;;166;131;0;83
169.63;1037;31;31;0;6.37;86;0;36;34;0;57;7;0.54;1.0;1.0;0;0;0;42;34;3.88;0.0;2.98;5.5;345;128;14.7;13.21;0.899;0;1;0;0;0;1;0;0;0;1;0;306;;166;131;0;76
170.03;1050;31;31;0;6.47;86;0;36;34;0;57;7;0.55;1.0;1.0;0;0;0;42;34;3.88;0.0;3.02;5.7;345;128;14.7;13.21;0.899;0;1;0;0;0;1;0;0;0;1;0;304;;166;131;0;84
170.42;1012;30;30;0;6.21;87;0;36;34;0;56;7;0.53;1.0;1.0;0;0;0;42;34;3.75;0.0;2.92;5.2;345;128;14.47;13.41;0.927;0;1;0;0;0;1;0;0;0;1;0;293;;164;131;0;83
170.83;1037;31;31;0;6.37;86;0;37;33;0;57;7;0.54;1.0;1.0;0;0;0;42;33;3.88;0.0;2.98;5.5;345;128;14.7;13.41;0.912;0;1;0;0;0;1;0;0;0;1;0;303;;166;131;0;76
171.23;1037;31;31;0;6.37;88;0;37;33;0;57;7;0.54;1.0;1.0;0;0;0;42;33;3.88;0.0;2.99;5.5;345;128;14.7;14.51;0.987;0;1;0;0;0;1;0;0;0;1;0;303;;164;130;0;84
171.62;1012;30;30;0;6.3;86;0;37;33;0;57;7;0.53;1.0;1.0;0;0;0;42;33;3.75;0.0;2.95;5.3;345;128;14.47;14.51;1.003;0;1;0;0;0;1;0;0;0;1;0;300;;166;130;0;83
172.05;1037;31;31;0;6.4;86;0;37;33;0;57;7;0.54;1.0;1.0;0;0;0;42;33;3.88;0.0;2.99;5.5;345;128;14.7;14.51;0.987;0;1;0;0;0;1;0;0;0;1;0;303;;166;130;0;84
172.45;1063;31;31;0;6.47;86;0;37;33;0;57;7;0.55;1.0;1.0;0;0;0;42;33;3.88;0.0;3.02;5.7;345;128;14.7;13.91;0.946;0;1;0;0;0;1;0;0;0;1;0;307;;166;130;0;77
172.85;1050;31;31;0;6.42;86;0;37;33;0;57;7;0.55;1.0;1.0;0;0;0;42;33;3.88;0.0;3.0;5.6;345;128;14.7;13.91;0.946;0;1;0;0;0;1;0;0;0;1;0;307;;166;130;0;83
173.04;1063;31;31;0;6.42;86;0;37;33;0;57;7;0.55;1.0;1.0;0;0;0;42;33;3.88;0.0;3.0;5.7;345;128;14.7;13.91;0.946;0;1;0;0;0;1;0;0;0;1;0;306;;166;130;0;84
173.44;1063;30;30;0;6.32;86;0;37;33;0;57;7;0.55;1.0;1.0;0;0;0;42;33;3.75;0.0;2.96;5.6;345;128;14.7;14.71;1.001;0;1;0;0;0;1;0;0;0;1;0;306;;166;130;0;84
173.83;1063;30;30;0;6.35;86;0;37;33;0;57;7;0.55;1.0;1.0;0;0;0;42;33;3.75;0.0;2.97;5.6;345;128;14.7;14.71;1.001;0;1;0;0;0;1;0;0;0;1;0;303;;166;130;0;83
174.25;1037;30;30;0;6.3;86;0;37;33;0;57;7;0.54;1.0;1.0;0;0;0;42;33;3.75;0.0;2.95;5.4;345;128;14.7;13.71;0.933;0;1;0;0;0;1;0;0;0;1;0;302;;166;130;0;83
174.64;1037;30;30;0;6.2;86;0;37;33;0;57;7;0.54;1.0;1.0;0;0;0;42;33;3.75;0.0;2.91;5.4;345;128;14.7;13.71;0.933;0;1;0;0;0;1;0;0;0;1;0;301;;166;130;0;83
175.05;1037;30;30;0;6.32;86;0;37;33;0;57;7;0.54;1.0;1.0;0;0;0;42;33;3.75;0.0;2.96;5.5;345;128;14.7;13.71;0.933;0;1;0;0;0;1;0;0;0;1;0;300;;166;130;0;83
175.45;1012;30;30;0;6.25;86;0;37;33;0;57;7;0.53;1.0;1.0;0;0;0;42;33;3.75;0.0;2.93;5.3;345;128;14.47;14.02;0.969;0;1;0;0;0;1;0;0;0;1;0;301;;166;130;0;83
175.86;1012;30;30;0;6.32;86;0;37;33;0;57;7;0.53;1.0;1.0;0;0;0;42;33;3.75;0.0;2.96;5.3;345;128;14.47;14.02;0.969;0;1;0;0;0;1;0;0;0;1;0;302;;166;129;0;76
176.26;1050;31;31;0;6.46;87;0;37;33;0;57;7;0.55;1.0;1.0;0;0;0;42;33;3.88;0.0;3.02;5.7;345;128;14.7;14.71;1.001;0;1;0;0;0;1;0;0;0;1;0;304;;165;129;0;76
176.66;1089;30;30;0;6.32;86;0;37;33;0;57;7;0.55;1.0;1.0;0;0;0;42;33;3.75;0.0;2.96;5.7;345;128;14.7;14.71;1.001;0;1;0;0;0;1;0;0;0;1;0;305;;166;129;0;83
177.05;1063;30;30;0;6.31;87;0;37;33;0;56;7;0.55;1.0;1.0;0;0;0;42;33;3.75;0.0;2.96;5.6;345;128;14.7;14.71;1.001;0;1;0;0;0;1;0;0;0;1;0;295;;165;129;0;82
177.46;1012;28;28;0;5.86;87;0;37;33;0;55;6;0.51;1.0;1.0;0;0;0;42;33;3.5;0.0;2.78;4.9;345;128;14.47;14.11;0.975;0;1;0;0;0;1;0;0;0;1;0;291;;164;129;0;82
177.87;1037;29;29;0;6.16;87;0;37;33;0;56;6;0.54;1.0;1.0;0;0;0;42;33;3.62;0.0;2.9;5.3;345;128;14.7;14.11;0.96;0;1;0;0;0;1;0;0;0;1;0;295;;165;129;0;82
178.26;1012;30;30;0;6.25;86;0;37;33;0;56;7;0.53;1.0;1.0;0;0;0;42;33;3.75;0.0;2.93;5.3;345;128;14.47;14.81;1.023;0;1;0;0;0;1;0;0;0;1;0;293;;166;129;0;82
178.66;1012;30;30;0;6.28;87;0;37;33;0;56;7;0.53;1.0;1.0;0;0;0;42;33;3.75;0.0;2.95;5.3;345;128;14.47;14.81;1.023;0;1;0;0;0;1;0;0;0;1;0;299;;165;129;0;83
179.06;1037;30;30;0;6.33;87;0;37;33;0;56;7;0.54;1.0;1.0;0;0;0;42;33;3.75;0.0;2.97;5.5;345;128;14.7;14.81;1.007;0;1;0;0;0;1;0;0;0;1;0;299;;165;129;0;83
179.26;1063;31;31;0;6.46;87;0;37;33;0;57;7;0.55;1.0;1.0;0;0;0;42;33;3.88;0.0;3.02;5.7;345;128;14.7;13.31;0.905;0;1;0;0;0;1;0;0;0;1;0;300;;164;129;0;83
179.66;1063;30;30;0;6.37;86;0;37;33;0;57;7;0.55;1.0;1.0;0;0;0;42;33;3.75;0.0;2.98;5.6;345;128;14.7;13.31;0.905;0;1;0;0;0;1;0;0;0;1;0;302;;166;129;0;40
180.07;1012;29;29;0;6.15;86;0;37;33;0;56;6;0.53;1.0;1.0;0;0;0;42;33;3.62;0.0;2.89;5.2;345;128;14.47;13.71;0.947;0;1;0;0;0;1;0;0;0;1;0;299;;166;129;0;82
180.48;1037;29;29;0;6.2;86;0;37;33;0;56;6;0.54;1.0;1.0;0;0;0;42;33;3.62;0.0;2.91;5.4;345;128;14.7;13.71;0.933;0;1;0;0;0;1;0;0;0;1;0;295;;166;129;0;82
180.87;999;30;30;0;6.27;86;0;37;33;0;56;7;0.53;1.0;1.0;0;0;0;42;33;3.75;0.0;2.94;5.2;345;128;14.47;13.71;0.947;0;1;0;0;0;1;0;0;0;1;0;295;;166;128;0;83
181.28;1037;30;30;0;6.37;86;0;37;33;0;56;7;0.54;1.0;1.0;0;0;0;42;33;3.75;0.0;2.98;5.5;345;128;14.7;13.91;0.946;0;1;0;0;0;1;0;0;0;1;0;298;;166;128;0;83
181.69;1037;30;30;0;6.25;86;0;37;33;0;57;7;0.54;1.0;1.0;0;0;0;42;33;3.75;0.0;2.93;5.4;345;128;14.7;13.91;0.946;0;1;0;0;0;1;0;0;0;1;0;301;;166;128;0;83
182.09;1012;29;29;0;6.1;86;0;37;33;0;56;6;0.53;1.0;1.0;0;0;0;42;33;3.62;0.0;2.87;5.1;345;128;14.47;13.61;0.941;0;1;0;0;0;1;0;0;0;1;0;296;;166;128;0;83
182.48;999;29;29;0;6.22;88;0;37;33;0;56;6;0.53;1.0;1.0;0;0;0;42;33;3.62;0.0;2.93;5.2;345;128;14.47;13.61;0.941;0;1;0;0;0;1;0;0;0;1;0;293;;163;128;0;82
182.88;1037;29;29;0;6.16;87;0;37;33;0;55;6;0.52;1.0;1.0;0;0;0;42;33;3.62;0.0;2.9;5.3;345;128;14.7;13.61;0.926;0;1;0;0;0;1;0;0;0;1;0;291;;165;128;0;82
183.28;1037;30;30;0;6.25;86;0;37;33;0;57;7;0.54;1.0;1.0;0;0;0;42;33;3.75;0.0;2.93;5.4;345;128;14.7;14.41;0.98;0;1;0;0;0;1;0;0;0;1;0;300;;166;128;0;83
183.7;1050;30;30;0;6.3;86;0;37;33;0;56;7;0.55;1.0;1.0;0;0;0;42;33;3.75;0.0;2.95;5.5;345;128;14.7;14.41;0.98;0;1;0;0;0;1;0;0;0;1;0;296;;166;128;0;90
184.1;1012;30;30;0;6.26;87;0;37;33;0;56;7;0.53;1.0;1.0;0;0;0;42;33;3.75;0.0;2.94;5.3;345;128;14.47;12.91;0.892;0;1;0;0;0;1;0;0;0;1;0;295;;166;128;0;76
184.5;1050;30;30;0;6.36;87;0;37;33;0;56;7;0.55;1.0;1.0;0;0;0;42;33;3.75;0.0;2.98;5.6;345;128;14.7;12.91;0.878;0;1;0;0;0;1;0;0;0;1;0;297;;165;128;0;83
184.9;999;29;29;0;6.16;87;0;37;33;0;56;6;0.53;1.0;1.0;0;0;0;42;33;3.62;0.0;2.9;5.1;345;128;14.47;12.91;0.892;0;1;0;0;0;1;0;0;0;1;0;296;;165;128;0;83
185.29;1012;28;28;0;5.97;86;0;37;33;0;55;6;0.51;1.0;1.0;0;0;0;42;33;3.5;0.0;2.82;5.0;345;128;14.47;14.11;0.975;0;1;0;0;0;1;0;0;0;1;0;291;;166;128;0;82
185.49;999;30;30;0;6.31;87;0;37;33;0;56;7;0.53;1.0;1.0;0;0;0;42;33;3.75;0.0;2.96;5.3;345;128;14.47;14.11;0.975;0;1;0;0;0;1;0;0;0;1;0;292;;165;128;0;82
185.91;1012;29;29;0;6.16;87;0;37;33;0;57;6;0.53;1.0;1.0;0;0;0;42;33;3.62;0.0;2.9;5.2;345;128;14.47;14.11;0.975;0;1;0;0;0;1;0;0;0;1;0;300;;164;128;0;40
186.3;1050;30;30;0;6.25;86;0;37;33;0;56;7;0.55;1.0;1.0;0;0;0;42;33;3.75;0.0;2.93;5.5;345;128;14.7;14.71;1.001;0;1;0;0;0;1;0;0;0;1;0;296;;166;128;0;76
186.69;1012;29;29;0;6.17;86;0;37;33;0;56;6;0.53;1.0;1.0;0;0;0;42;33;3.62;0.0;2.9;5.2;345;128;14.47;14.71;1.017;0;1;0;0;0;1;0;0;0;1;0;295;;166;128;0;41
187.1;999;30;30;0;6.27;86;0;37;33;0;56;7;0.53;1.0;1.0;0;0;0;42;33;3.75;0.0;2.94;5.2;345;128;14.47;14.01;0.968;0;1;0;0;0;1;0;0;0;1;0;297;;166;128;0;83
187.5;1037;29;29;0;6.18;87;0;37;33;0;56;6;0.54;1.0;1.0;0;0;0;42;33;3.62;0.0;2.91;5.3;345;128;14.7;14.01;0.953;0;1;0;0;0;1;0;0;0;1;0;296;;165;128;0;76
187.92;999;28;28;0;6.06;87;0;37;33;0;55;6;0.51;1.0;1.0;0;0;0;42;33;3.5;0.0;2.86;5.0;345;128;14.47;14.01;0.968;0;1;0;0;0;1;0;0;0;1;0;291;;165;128;0;82
188.31;1012;30;30;0;6.32;86;0;37;33;0;57;7;0.53;1.0;1.0;0;0;0;42;33;3.75;0.0;2.96;5.3;345;128;14.47;14.61;1.01;0;1;0;0;0;1;0;0;0;1;0;301;;166;127;0;83
188.72;1037;30;30;0;6.27;86;0;37;33;0;57;7;0.54;1.0;1.0;0;0;0;42;33;3.75;0.0;2.94;5.4;345;128;14.7;14.61;0.994;0;1;0;0;0;1;0;0;0;1;0;302;;166;127;0;83
189.12;1050;30;30;0;6.32;86;0;37;33;0;56;7;0.55;1.0;1.0;0;0;0;42;33;3.75;0.0;2.96;5.5;345;128;14.7;14.51;0.987;0;1;0;0;0;1;0;0;0;1;0;296;;166;127;0;83
189.52;1063;35;35;2;7.15;86;0;37;33;0;63;8;0.58;1.0;1.0;0;0;0;46;33;4.38;1.2;3.29;6.3;345;128;14.7;14.51;0.987;0;1;0;0;0;1;0;0;0;1;0;344;;166;127;0;90
189.92;1370;41;41;4;8.37;86;0;45;25;0;66;12;0.63;1.0;1.0;0;0;0;50;25;5.12;2.3;3.78;9.6;345;128;14.7;14.51;0.987;0;1;0;0;0;0;0;0;0;1;0;368;;166;127;0;90
190.32;1396;40;40;5;7.97;86;0;45;25;0;65;12;0.63;1.0;1.0;0;0;0;52;25;5.0;2.9;3.62;9.3;345;128;14.7;16.11;1.096;0;1;0;0;0;0;0;0;0;1;0;360;;166;127;0;89
190.73;1396;50;50;13;9.68;87;0;45;25;0;75;16;0.66;1.0;1.0;0;0;0;69;25;6.25;7.6;4.31;11.3;345;128;14.7;16.11;1.096;0;1;0;0;0;0;0;0;0;1;0;442;;164;127;0;104
191.12;1921;57;57;14;11;86;0;23;47;0;79;24;0.72;1.0;1.0;0;0;0;71;47;7.12;8.1;4.87;17.8;345;128;14.82;16.02;1.081;0;1;0;0;0;0;0;0;0;1;0;466;;166;127;0;106
191.33;1998;53;53;15;10;87;0;18;53;0;77;24;0.7;1.0;1.0;0;0;0;72;52;6.62;8.7;4.52;17.0;345;128;14.82;16.02;1.081;0;1;0;0;0;0;0;0;0;1;0;448;;165;126;0;105
191.72;2036;51;51;15;9.83;87;0;16;54;0;75;23;0.69;1.0;1.0;0;0;0;73;54;6.38;8.7;4.37;16.7;345;128;14.82;16.02;1.081;0;1;0;0;0;0;0;0;0;1;0;438;;164;126;0;102
192.14;2152;50;50;17;9.51;87;0;15;55;0;73;24;0.68;1.0;1.0;0;0;0;76;55;6.25;9.9;4.24;17.1;345;128;14.82;17.11;1.155;0;1;0;0;0;0;0;0;0;1;0;425;;164;126;0;102
192.54;2139;51;51;17;9.66;89;0;16;54;0;74;24;0.69;1.0;1.0;0;0;0;76;54;6.38;9.9;4.31;17.2;345;128;14.82;17.11;1.155;0;1;0;0;0;0;0;0;0;1;0;435;;162;126;0;102
192.92;1985;51;51;17;9.88;89;0;16;54;0;75;23;0.69;1.0;1.0;0;0;0;76;54;6.38;9.9;4.4;16.3;345;128;14.82;17.11;1.155;0;1;0;0;0;0;0;0;0;1;0;443;;162;126;0;105
193.34;2113;53;53;17;10;90;0;16;54;0;76;25;0.7;1.0;1.0;0;0;0;77;54;6.62;9.9;4.51;17.9;345;128;14.82;16.11;1.087;0;1;0;0;0;0;0;0;0;1;0;444;;161;126;0;105
193.75;1947;50;50;17;9.65;90;0;15;55;0;74;22;0.68;1.0;1.0;0;0;0;77;55;6.25;9.9;4.31;15.7;345;128;14.82;16.11;1.087;0;1;0;0;0;0;0;0;0;1;0;435;;161;126;0;101
194.14;1895;55;55;17;11;89;0;20;50;0;78;24;0.71;1.0;1.0;0;0;0;77;50;6.88;9.9;4.7;16.8;345;128;14.82;15.81;1.067;0;1;0;0;0;0;0;0;0;1;0;463;;162;125;0;110
194.54;1985;56;56;18;11;89;0;22;50;0;79;24;0.72;1.0;1.0;0;0;0;78;48;7.0;10.5;4.74;17.7;345;128;14.82;15.81;1.067;0;1;0;0;0;0;0;0;0;1;0;465;;161;125;0;106
194.95;1972;56;56;18;11;89;0;21;49;0;78;25;0.71;1.0;1.0;0;0;0;78;49;7.0;10.5;4.75;17.7;345;128;14.82;15.81;1.067;0;1;0;0;0;0;0;0;0;1;0;462;;162;125;0;106
195.35;1895;59;59;19;11;89;0;21;48;0;80;26;0.73;1.0;1.0;0;0;0;81;49;7.38;11.0;4.97;17.9;345;128;14.82;15.71;1.06;0;1;0;0;0;0;0;0;0;1;0;478;;162;125;0;100
195.75;2036;59;59;20;11;90;0;21;49;0;81;27;0.74;1.0;1.0;0;0;0;82;49;7.38;11.6;5.04;19.5;345;128;14.82;15.71;1.06;0;1;0;0;0;0;0;0;0;1;0;482;;161;125;0;107
196.15;2139;60;60;20;12;89;0;22;48;0;81;28;0.75;1.0;1.0;0;0;0;82;48;7.5;11.6;5.16;21.0;345;128;14.82;15.91;1.074;0;1;0;0;0;0;0;0;0;1;0;483;;162;125;0;43
196.55;1985;60;60;20;12;90;0;22;48;0;81;28;0.74;1.0;1.0;0;0;0;82;48;7.5;11.6;5.09;19.2;345;128;14.82;15.91;1.074;0;1;0;0;0;0;0;0;0;1;0;482;;161;124;0;37
196.96;2139;61;61;20;12;90;0;22;47;0;81;28;0.75;1.0;1.0;0;0;0;83;48;7.62;11.6;5.16;21.0;345;128;14.04;15.91;1.133;0;1;0;0;0;0;0;0;0;1;0;487;;161;125;0;108
197.36;2152;60;60;20;12;90;0;21;49;0;81;28;0.75;1.0;1.0;0;0;0;83;49;7.5;11.6;5.16;21.1;345;128;14.82;14.41;0.972;0;1;0;0;0;0;0;0;0;1;0;485;;160;125;0;108
197.55;2036;60;60;20;12;90;0;20;49;0;81;28;0.74;1.0;1.0;0;0;0;83;50;7.5;11.6;5.17;20.0;345;128;14.82;14.41;0.972;0;1;0;0;0;0;0;0;0;1;0;486;;160;124;0;101
197.95;2062;61;61;20;12;90;0;22;48;0;81;29;0.75;1.0;1.0;0;0;0;83;48;7.62;11.6;5.11;20.0;345;128;14.04;14.41;1.026;0;1;0;0;0;0;0;0;0;1;0;484;;160;124;0;107
198.36;2062;60;60;20;12;90;0;22;49;0;81;28;0.75;1.0;1.0;0;0;0;83;48;7.5;11.6;5.09;19.9;345;128;14.82;14.41;0.972;0;1;0;0;0;0;0;0;0;1;0;482;;160;124;0;36
198.77;2036;55;55;20;11;90;0;19;51;0;78;26;0.71;1.0;1.0;0;0;0;82;51;6.88;11.6;4.66;17.8;345;128;14.82;14.41;0.972;0;1;0;0;0;0;0;0;0;1;0;457;;161;124;0;106
199.17;1857;40;40;10;8.01;89;0;45;25;0;63;17;0.65;1.0;1.0;0;0;0;63;25;5.0;5.8;3.65;12.4;345;128;14.82;12.51;0.844;0;1;0;0;0;0;0;0;0;1;0;347;;162;123;0;88
199.55;1601;30;30;4;6.33;87;0;45;25;0;55;11;0.55;1.0;1.0;0;0;0;51;25;3.75;2.3;2.97;8.4;345;128;14.7;12.51;0.851;0;1;0;0;0;0;0;0;0;1;0;287;;164;123;0;82
199.95;1588;29;29;4;6.08;87;0;45;25;0;54;10;0.53;1.0;1.0;0;0;0;51;25;3.62;2.3;2.87;8.0;345;128;14.7;12.51;0.851;0;1;0;0;0;0;0;0;0;1;0;279;;165;123;0;82
200.37;1601;28;28;4;5.86;87;0;45;25;0;54;10;0.53;1.0;1.0;0;0;0;51;25;3.5;2.3;2.78;7.8;345;128;14.7;11.81;0.803;0;1;0;0;0;0;0;0;0;1;0;278;;164;122;0;81
200.78;1703;35;35;4;7.02;86;0;45;25;0;57;13;0.6;1.0;1.0;0;0;0;51;25;4.38;2.3;3.24;10.0;345;128;14.7;11.81;0.803;0;1;0;0;0;0;0;0;0;1;0;307;;166;122;0;84
201.18;1755;35;36;5;7.13;87;0;45;25;0;59;14;0.62;1.0;1.0;0;0;0;52;25;4.38;2.9;3.29;10.4;345;128;14.7;13.71;0.933;0;1;0;0;0;0;0;0;0;1;0;317;;165;122;0;40
201.57;1550;18;18;0;4.15;86;0;45;31;0;48;6;0.39;1.0;1.0;0;0;0;42;25;2.25;0.0;2.09;5.4;345;128;14.7;13.71;0.933;0;1;0;0;0;1;0;0;0;1;0;236;;166;122;0;74
201.98;1562;17;17;0;4.08;87;0;39;31;0;47;6;0.38;1.0;1.0;0;0;0;42;31;2.12;0.0;2.07;5.3;345;128;14.7;13.71;0.933;0;1;0;0;0;1;0;0;0;1;0;228;;165;122;0;57
202.39;1588;17;17;0;3.96;85;0;39;31;0;46;6;0.37;1.0;1.0;0;0;0;42;31;2.12;0.0;2.01;5.2;345;128;14.7;12.51;0.851;0;1;0;0;0;1;0;0;0;1;0;223;;167;122;0;74
202.79;1588;17;17;0;3.93;85;0;39;31;0;46;6;0.37;1.0;1.0;0;0;0;42;31;2.12;0.0;2.0;5.2;345;128;14.7;12.51;0.851;0;1;0;0;0;1;0;0;0;1;0;221;;167;121;0;73
203.17;1601;16;16;0;3.88;85;0;39;31;0;46;5;0.37;1.0;1.0;0;0;0;42;31;2.0;0.0;1.98;5.2;345;128;14.7;12.61;0.858;0;1;0;0;0;1;0;0;0;1;0;221;;167;121;0;73
203.58;1601;16;16;0;3.88;85;0;39;31;0;46;6;0.37;1.0;1.0;0;0;0;42;31;2.0;0.0;1.98;5.2;345;128;14.7;12.61;0.858;0;1;0;0;0;1;0;0;0;1;0;219;;167;121;0;38
203.79;1601;16;16;0;3.8;86;0;39;31;0;45;5;0.36;1.0;1.0;0;0;0;42;31;2.0;0.0;1.95;5.1;345;128;14.7;12.61;0.858;0;1;0;0;0;1;0;0;0;1;0;215;;166;121;0;73
204.17;1537;16;16;0;3.81;85;0;39;31;0;45;5;0.36;1.0;1.0;0;0;0;42;31;2.0;0.0;1.95;4.9;345;128;14.7;13.61;0.926;0;1;0;0;0;1;0;0;0;1;0;214;;167;121;0;73
204.58;1511;17;17;0;3.93;85;0;40;30;0;46;6;0.37;1.0;1.0;0;0;0;42;30;2.12;0.0;2.0;4.9;345;128;14.7;13.61;0.926;0;1;0;0;0;1;0;0;0;1;0;221;;167;121;0;57
204.98;1562;16;16;0;3.91;85;0;40;30;0;46;5;0.37;1.0;1.0;0;0;0;42;30;2.0;0.0;1.99;5.1;345;128;14.7;13.61;0.926;0;1;0;0;0;1;0;0;0;1;0;219;;167;121;0;73
205.39;1550;16;16;0;3.9;86;0;40;30;0;46;5;0.37;1.0;1.0;0;0;0;42;30;2.0;0.0;1.99;5.0;345;128;14.7;13.21;0.899;0;1;0;0;0;1;0;0;0;1;0;220;;166;120;0;57
205.79;1550;16;16;0;3.82;86;0;40;30;0;45;5;0.36;1.0;1.0;0;0;0;42;30;2.0;0.0;1.96;4.9;345;128;14.7;13.21;0.899;0;1;0;0;0;1;0;0;0;1;0;215;;166;120;0;73
206.19;1498;17;17;0;3.96;85;0;40;30;0;47;5;0.38;1.0;1.0;0;0;0;42;30;2.12;0.0;2.01;4.9;345;128;14.7;13.71;0.933;0;1;0;0;0;1;0;0;0;1;0;224;;167;120;0;74
206.59;1498;16;16;0;3.88;85;0;40;30;0;46;5;0.37;1.0;1.0;0;0;0;42;30;2.0;0.0;1.98;4.8;345;128;14.7;13.71;0.933;0;1;0;0;0;1;0;0;0;1;0;222;;167;120;0;38
206.99;1434;16;16;0;3.9;86;0;40;30;0;46;5;0.37;1.0;1.0;0;0;0;42;30;2.0;0.0;1.99;4.7;345;128;14.7;13.71;0.933;0;1;0;0;0;1;0;0;0;1;0;216;;165;120;0;73
207.41;1396;16;16;0;3.83;87;0;40;30;0;45;5;0.36;1.0;1.0;0;0;0;42;30;2.0;0.0;1.97;4.5;345;128;14.7;14.71;1.001;0;1;0;0;0;1;0;0;0;1;0;214;;164;120;0;73
207.8;1383;16;16;0;3.78;87;0;40;30;0;45;5;0.36;1.0;1.0;0;0;0;42;30;2.0;0.0;1.95;4.4;345;128;14.7;14.71;1.001;0;1;0;0;0;1;0;0;0;1;0;211;;164;120;0;73
208.2;1306;16;16;0;3.77;86;0;40;30;0;45;4;0.36;1.0;1.0;0;0;0;42;30;2.0;0.0;1.94;4.1;345;128;14.7;14.51;0.987;0;1;0;0;0;1;0;0;0;1;0;212;;166;119;0;73
208.61;1306;16;16;0;3.8;86;0;40;30;0;45;4;0.36;1.0;1.0;0;0;0;42;30;2.0;0.0;1.95;4.1;345;128;14.7;14.51;0.987;0;1;0;0;0;1;0;0;0;1;0;215;;166;119;0;73
209.0;1217;16;16;0;3.82;86;0;40;30;0;46;4;0.36;1.0;1.0;0;0;0;42;30;2.0;0.0;1.96;3.9;345;128;14.7;14.51;0.987;0;1;0;0;0;1;0;0;0;1;0;217;;166;119;0;73
209.42;1204;16;16;0;3.77;86;0;40;30;0;45;4;0.35;1.0;1.0;0;0;0;42;30;2.0;0.0;1.94;3.8;345;128;14.7;14.81;1.007;0;1;0;0;0;1;0;0;0;1;0;215;;166;119;0;69
209.82;1165;15;15;0;3.75;88;0;40;30;0;45;4;0.34;1.0;1.0;0;0;0;42;30;1.88;0.0;1.94;3.6;345;128;14.7;14.81;1.007;0;1;0;0;0;1;0;0;0;1;0;212;;163;118;0;73
210.02;1114;15;15;0;3.67;88;0;40;30;0;45;3;0.34;1.0;1.0;0;0;0;42;30;1.88;0.0;1.91;3.4;345;128;14.7;14.81;1.007;0;1;0;0;0;1;0;0;0;1;0;214;;163;118;0;73
210.41;1114;15;15;0;3.6;86;0;40;30;0;45;3;0.34;1.0;1.0;0;0;0;42;30;1.88;0.0;1.87;3.3;345;128;14.7;14.21;0.967;0;1;0;0;0;1;0;0;0;1;0;214;;166;118;0;73
210.82;1101;16;16;0;3.76;85;0;40;30;0;46;4;0.35;1.0;1.0;0;0;0;42;30;2.0;0.0;1.93;3.4;345;128;14.7;14.21;0.967;0;1;0;0;0;1;0;0;0;1;0;222;;167;118;0;73
211.21;1089;15;15;0;3.68;85;0;40;30;0;46;3;0.34;1.0;1.0;0;0;0;42;30;1.88;0.0;1.9;3.3;345;128;14.7;13.91;0.946;0;1;0;0;0;1;0;0;0;1;0;219;;167;119;0;56
211.63;1114;16;16;0;3.76;85;0;40;30;0;46;4;0.35;1.0;1.0;0;0;0;42;30;2.0;0.0;1.93;3.5;345;128;14.7;13.91;0.946;0;1;0;0;0;1;0;0;0;1;0;223;;167;118;0;74
212.03;1050;16;16;0;3.81;85;0;40;30;0;46;3;0.34;1.0;1.0;0;0;0;42;30;2.0;0.0;1.95;3.3;345;128;14.7;13.91;0.946;0;1;0;0;0;1;0;0;0;1;0;222;;167;118;0;74
212.43;1050;16;16;0;3.76;85;0;40;30;0;46;3;0.34;1.0;1.0;0;0;0;42;30;2.0;0.0;1.93;3.3;345;128;14.7;14.21;0.967;0;1;0;0;0;1;0;0;0;1;0;222;;167;118;0;74
212.83;1063;15;15;0;3.71;85;0;40;30;0;46;3;0.34;1.0;1.0;0;0;0;42;30;1.88;0.0;1.91;3.3;345;128;14.7;14.21;0.967;0;1;0;0;0;1;0;0;0;1;0;222;;167;118;0;72
213.22;1037;16;16;0;3.81;85;0;40;30;0;47;3;0.35;1.0;1.0;0;0;0;42;30;2.0;0.0;1.95;3.3;345;128;14.7;14.11;0.96;0;1;0;0;0;1;0;0;0;1;0;224;;167;118;0;38
213.63;999;16;16;0;3.76;85;0;40;30;0;47;3;0.34;1.0;1.0;0;0;0;42;30;2.0;0.0;1.93;3.1;345;128;14.7;14.11;0.96;0;1;0;0;0;1;0;0;0;1;0;225;;167;118;0;74
214.03;1012;16;16;0;3.77;86;0;40;30;0;47;3;0.34;1.0;1.0;0;0;0;42;30;2.0;0.0;1.94;3.2;345;128;14.7;14.11;0.96;0;1;0;0;0;1;0;0;0;1;0;225;;166;117;0;74
214.45;1050;17;17;0;3.93;85;0;40;30;0;48;3;0.37;1.0;1.0;0;0;0;42;30;2.12;0.0;2.0;3.4;345;128;14.7;14.41;0.98;0;1;0;0;0;1;0;0;0;1;0;232;;167;117;0;74
214.83;1012;16;16;1;3.81;85;0;40;30;0;48;3;0.36;1.0;1.0;0;0;0;45;30;2.0;0.6;1.95;3.2;345;128;14.7;14.41;0.98;0;1;0;0;0;1;0;0;0;1;0;232;;167;117;0;74
215.23;1473;44;44;6;8.58;87;0;45;25;0;69;14;0.64;1.0;1.0;0;0;0;55;25;5.5;3.5;3.87;10.5;345;128;14.7;17.02;1.158;0;1;0;0;0;0;0;0;0;1;0;391;;165;117;0;91
215.65;1550;43;43;6;8.32;86;0;45;25;0;65;15;0.65;1.0;1.0;0;0;0;55;25;5.38;3.5;3.76;10.7;345;128;14.7;17.02;1.158;0;1;0;0;0;0;0;0;0;1;0;367;;166;117;0;85
215.84;1511;35;35;5;7.0;86;0;45;25;0;58;12;0.6;1.0;1.0;0;0;0;53;25;4.38;2.9;3.23;8.8;345;128;14.7;17.02;1.158;0;1;0;0;0;0;0;0;0;1;0;313;;166;117;0;84
216.25;1345;18;18;0;4.21;87;0;40;30;0;48;5;0.39;1.0;1.0;0;0;0;42;30;2.25;0.0;2.12;4.7;345;128;14.7;13.01;0.885;0;1;0;0;0;1;0;0;0;1;0;237;;165;117;0;74
216.65;1319;18;18;0;4.2;88;0;40;30;0;48;5;0.39;1.0;1.0;0;0;0;42;30;2.25;0.0;2.12;4.6;345;128;14.7;13.01;0.885;0;1;0;0;0;1;0;0;0;1;0;233;;160;117;0;74
217.05;1281;20;20;0;4.46;87;0;41;29;0;49;5;0.41;1.0;1.0;0;0;0;42;29;2.5;0.0;2.22;4.8;345;128;14.7;13.01;0.885;0;1;0;0;0;1;0;0;0;1;0;240;;165;117;0;75
217.44;1229;18;18;0;4.21;87;0;41;29;0;48;5;0.39;1.0;1.0;0;0;0;42;29;2.25;0.0;2.12;4.3;345;128;14.7;15.41;1.048;0;1;0;0;0;1;0;0;0;1;0;235;;164;117;0;74
217.86;1319;17;17;0;3.98;87;0;41;29;0;47;5;0.38;1.0;1.0;0;0;0;42;29;2.12;0.0;2.03;4.4;345;128;14.7;15.41;1.048;0;1;0;0;0;1;0;0;0;1;0;225;;165;117;0;74
218.26;1345;15;15;0;3.71;87;0;41;29;0;44;4;0.35;1.0;1.0;0;0;0;42;29;1.88;0.0;1.92;4.2;345;128;14.7;13.11;0.892;0;1;0;0;0;1;0;0;0;1;0;207;;165;117;0;54
218.64;1332;14;14;0;3.51;89;0;41;29;0;43;4;0.34;1.0;1.0;0;0;0;42;29;1.75;0.0;1.85;3.9;345;128;14.7;13.11;0.892;0;1;0;0;0;1;0;0;0;1;0;198;;162;116;0;70
219.06;1319;15;15;0;3.66;87;0;41;29;0;44;4;0.35;1.0;1.0;0;0;0;42;29;1.88;0.0;1.9;4.0;345;128;14.7;13.11;0.892;0;1;0;0;0;1;0;0;0;1;0;201;;165;117;0;70
219.45;1332;14;14;0;3.56;89;0;41;29;0;43;4;0.34;1.0;1.0;0;0;0;42;29;1.75;0.0;1.87;4.0;345;128;14.7;13.21;0.899;0;1;0;0;0;1;0;0;0;1;0;196;;164;117;0;56
219.86;1332;14;14;0;3.46;87;0;41;29;0;43;4;0.34;1.0;1.0;0;0;0;42;29;1.75;0.0;1.82;3.8;345;128;14.7;13.21;0.899;0;1;0;0;0;1;0;0;0;1;0;195;;164;116;0;54
220.26;1255;14;14;0;3.5;88;0;41;29;0;43;4;0.34;1.0;1.0;0;0;0;42;29;1.75;0.0;1.84;3.7;345;128;14.7;14.41;0.98;0;1;0;0;0;1;0;0;0;1;0;198;;163;116;0;57
220.66;1165;13;13;0;3.38;87;0;41;29;0;43;3;0.32;1.0;1.0;0;0;0;42;29;1.62;0.0;1.79;3.3;345;128;14.7;14.41;0.98;0;1;0;0;0;1;0;0;0;1;0;197;;165;116;0;56
221.07;1114;14;14;0;3.52;86;0;41;29;0;44;3;0.34;1.0;1.0;0;0;0;42;29;1.75;0.0;1.84;3.3;345;128;14.7;14.41;0.98;0;1;0;0;0;1;0;0;0;1;0;201;;166;116;0;56
221.47;1114;15;15;0;3.68;85;0;41;29;0;46;3;0.35;1.0;1.0;0;0;0;42;29;1.88;0.0;1.9;3.4;345;128;14.7;13.81;0.939;0;1;0;0;0;1;0;0;0;1;0;216;;167;117;0;73
221.87;896;15;15;0;3.67;86;0;41;29;0;47;3;0.34;1.0;1.0;0;0;0;42;29;1.88;0.0;1.9;2.7;345;128;14.7;13.81;0.939;0;1;0;0;0;1;0;0;0;1;0;228;;167;116;0;38
222.08;768;20;20;0;4.51;87;0;41;29;0;51;3;0.41;1.0;1.0;0;0;0;42;29;2.5;0.0;2.24;2.9;345;128;14.7;13.81;0.939;0;1;0;0;0;1;0;0;0;1;0;256;;164;116;0;77
222.48;884;22;22;0;4.86;87;0;41;29;0;52;4;0.43;1.0;1.0;0;0;0;42;29;2.75;0.0;2.38;3.6;345;128;14.7;15.52;1.056;0;1;0;0;0;1;0;0;0;1;0;261;;164;116;0;77
222.88;935;21;21;0;4.66;85;0;41;29;0;51;4;0.41;1.0;1.0;0;0;0;42;29;2.62;0.0;2.29;3.6;345;128;14.7;15.52;1.056;0;1;0;0;0;1;0;0;0;1;0;258;;167;116;0;77
223.28;832;20;20;0;4.46;87;0;41;29;0;51;3;0.4;1.0;1.0;0;0;0;42;29;2.5;0.0;2.22;3.1;345;128;14.7;14.21;0.967;0;1;0;0;0;1;0;0;0;1;0;257;;165;115;0;76
223.69;884;22;22;0;4.81;87;0;41;29;0;52;4;0.43;1.0;1.0;0;0;0;42;29;2.75;0.0;2.36;3.5;345;128;14.7;14.21;0.967;0;1;0;0;0;1;0;0;0;1;0;263;;165;115;0;77
224.09;871;22;22;0;4.85;86;0;41;29;0;52;4;0.43;1.0;1.0;0;0;0;42;29;2.75;0.0;2.37;3.5;345;128;14.7;14.21;0.967;0;1;0;0;0;1;0;0;0;1;0;265;;166;115;0;77
224.47;845;21;21;0;4.78;87;0;41;29;0;52;4;0.42;1.0;1.0;0;0;0;42;29;2.62;0.0;2.35;3.4;345;128;14.7;13.21;0.899;0;1;0;0;0;1;0;0;0;1;0;264;;165;115;0;77
224.89;832;22;22;0;4.92;88;0;41;29;0;53;4;0.44;1.0;1.0;0;0;0;42;29;2.75;0.0;2.41;3.4;345;128;14.7;13.21;0.899;0;1;0;0;0;1;0;0;0;1;0;270;;163;115;0;77
225.29;820;23;23;0;5.0;86;0;41;29;0;53;4;0.44;1.0;1.0;0;0;0;42;29;2.88;0.0;2.43;3.4;345;128;14.47;15.32;1.059;0;1;0;0;0;1;0;0;0;1;0;275;;165;115;0;81
225.68;832;24;24;0;5.3;86;0;42;28;0;54;4;0.46;1.0;1.0;0;0;0;42;28;3.0;0.0;2.55;3.7;345;128;14.47;15.32;1.059;0;1;0;0;0;1;0;0;0;1;0;279;;166;115;0;82
226.1;832;25;25;0;5.51;87;0;42;28;0;55;4;0.48;1.0;1.0;0;0;0;42;28;3.12;0.0;2.64;3.8;345;128;14.47;15.32;1.059;0;1;0;0;0;1;0;0;0;1;0;285;;165;115;0;82
226.5;832;24;24;0;5.33;89;0;42;28;0;54;4;0.46;1.0;1.0;0;0;0;42;28;3.0;0.0;2.58;3.7;345;128;14.47;14.31;0.989;0;1;0;0;0;1;0;0;0;1;0;283;;162;115;0;82
226.9;871;24;24;0;5.33;87;0;42;28;0;54;4;0.47;1.0;1.0;0;0;0;42;28;3.0;0.0;2.57;3.9;345;128;14.47;14.31;0.989;0;1;0;0;0;1;0;0;0;1;0;282;;164;115;0;82
227.3;896;26;26;0;5.63;89;0;42;28;0;55;5;0.48;1.0;1.0;0;0;0;42;28;3.25;0.0;2.7;4.2;345;128;14.47;14.81;1.023;0;1;0;0;0;1;0;0;0;1;0;288;;162;115;0;82
227.7;922;26;26;0;5.52;86;0;42;28;0;54;5;0.48;1.0;1.0;0;0;0;42;28;3.25;0.0;2.64;4.2;345;128;14.47;14.81;1.023;0;1;0;0;0;1;0;0;0;1;0;280;;166;115;0;76
228.1;1050;23;23;0;5.08;87;0;42;28;0;52;5;0.45;1.0;1.0;0;0;0;42;28;2.88;0.0;2.47;4.4;345;128;14.7;14.81;1.007;0;1;0;0;0;1;0;0;0;1;0;263;;165;114;0;73
228.29;1012;19;19;0;4.38;87;0;42;28;0;49;4;0.38;1.0;1.0;0;0;0;42;28;2.38;0.0;2.19;3.7;345;128;14.7;13.31;0.905;0;1;0;0;0;1;0;0;0;1;0;247;;165;114;0;76
228.71;948;21;21;0;4.61;87;0;42;28;0;51;4;0.41;1.0;1.0;0;0;0;42;28;2.62;0.0;2.28;3.6;345;128;14.7;13.31;0.905;0;1;0;0;0;1;0;0;0;1;0;257;;165;114;0;76
229.1;973;22;22;0;4.95;86;0;42;28;0;52;4;0.45;1.0;1.0;0;0;0;42;28;2.75;0.0;2.41;4.0;345;128;14.7;13.31;0.905;0;1;0;0;0;1;0;0;0;1;0;261;;166;114;0;77
229.5;973;22;22;0;4.85;86;0;42;28;0;52;4;0.45;1.0;1.0;0;0;0;42;28;2.75;0.0;2.37;3.9;345;128;14.7;13.91;0.946;0;1;0;0;0;1;0;0;0;1;0;260;;166;114;0;38
229.92;973;20;20;0;4.57;86;0;42;28;0;50;4;0.4;1.0;1.0;0;0;0;42;28;2.5;0.0;2.26;3.7;345;128;14.7;13.91;0.946;0;1;0;0;0;1;0;0;0;1;0;250;;166;114;0;72
230.31;986;27;27;0;5.78;85;0;42;28;0;55;6;0.5;1.0;1.0;0;0;0;42;28;3.38;0.0;2.74;4.7;345;128;14.47;14.71;1.017;0;1;0;0;0;1;0;0;0;1;0;286;;167;115;0;82
230.72;1204;26;26;0;5.51;87;0;42;28;0;53;7;0.5;1.0;1.0;0;0;0;42;28;3.25;0.0;2.64;5.5;345;128;14.7;14.71;1.001;0;1;0;0;0;1;0;0;0;1;0;274;;165;114;0;78
231.12;1345;29;29;2;5.98;87;0;42;28;0;54;8;0.53;1.0;1.0;0;0;0;46;28;3.62;1.2;2.83;6.7;345;128;14.7;14.71;1.001;0;1;0;0;0;1;0;0;0;1;0;280;;164;114;0;82
231.52;1486;26;26;2;5.52;86;0;42;28;0;53;8;0.51;1.0;1.0;0;0;0;46;28;3.25;1.2;2.64;6.8;345;128;14.7;14.51;0.987;0;1;0;0;0;1;0;0;0;1;0;268;;166;114;0;40
231.91;1396;23;23;2;5.01;87;0;42;28;0;51;7;0.46;1.0;1.0;0;0;0;46;28;2.88;1.2;2.44;5.8;345;128;14.7;14.51;0.987;0;1;0;0;0;1;0;0;0;1;0;254;;164;114;0;74
232.33;1319;16;16;0;3.75;86;0;42;28;0;45;4;0.36;1.0;1.0;0;0;0;42;28;2.0;0.0;1.93;4.1;345;128;14.7;13.71;0.933;0;1;0;0;0;1;0;0;0;1;0;212;;166;114;0;83
232.73;1063;15;15;0;3.7;86;0;42;28;0;46;3;0.34;1.0;1.0;0;0;0;42;28;1.88;0.0;1.91;3.3;345;128;14.7;13.71;0.933;0;1;0;0;0;1;0;0;0;1;0;220;;166;114;0;73
233.14;781;16;16;0;3.82;88;0;42;28;0;48;3;0.35;1.0;1.0;0;0;0;42;28;2.0;0.0;1.97;2.5;345;128;14.7;13.71;0.933;0;1;0;0;0;1;0;0;0;1;0;233;;163;114;0;74
233.52;704;26;26;0;5.6;88;0;42;28;0;55;4;0.48;1.0;1.0;0;0;0;42;28;3.25;0.0;2.68;3.3;345;128;14.47;13.51;0.934;0;1;0;0;0;1;0;0;0;1;0;289;;163;114;0;82
233.92;948;27;27;0;5.67;88;0;42;28;0;54;5;0.48;1.0;1.0;0;0;0;42;28;3.38;0.0;2.71;4.5;345;128;14.47;13.51;0.934;0;1;0;0;0;1;0;0;0;1;0;281;;162;114;0;82
234.33;1063;22;22;0;4.92;86;0;42;28;0;52;5;0.45;1.0;1.0;0;0;0;42;28;2.75;0.0;2.4;4.4;345;128;14.7;13.91;0.946;0;1;0;0;0;1;0;0;0;1;0;261;;166;114;0;77
234.54;986;19;19;0;4.45;86;0;42;28;0;50;4;0.4;1.0;1.0;0;0;0;42;28;2.38;0.0;2.21;3.7;345;128;14.7;13.91;0.946;0;1;0;0;0;1;0;0;0;1;0;251;;166;114;0;76
234.94;807;22;22;0;4.96;87;0;42;28;0;53;4;0.45;1.0;1.0;0;0;0;42;28;2.75;0.0;2.42;3.3;345;128;14.7;13.91;0.946;0;1;0;0;0;1;0;0;0;1;0;271;;162;115;0;77
235.32;832;28;28;0;5.85;86;0;42;28;0;56;5;0.5;1.0;1.0;0;0;0;42;28;3.5;0.0;2.77;4.1;345;128;14.47;14.52;1.003;0;1;0;0;0;1;0;0;0;1;0;299;;166;115;0;83
235.73;884;29;29;0;6.03;87;0;42;28;0;56;5;0.51;1.0;1.0;0;0;0;42;28;3.62;0.0;2.85;4.4;345;128;14.47;14.52;1.003;0;1;0;0;0;1;0;0;0;1;0;299;;165;114;0;83
236.13;884;25;25;0;5.47;86;0;42;28;0;55;5;0.48;1.0;1.0;0;0;0;42;28;3.12;0.0;2.62;4.0;345;128;14.47;14.52;1.003;0;1;0;0;0;1;0;0;0;1;0;285;;165;115;0;75
236.52;896;27;27;0;5.67;86;0;42;28;0;55;5;0.48;1.0;1.0;0;0;0;42;28;3.38;0.0;2.7;4.2;345;128;14.47;13.91;0.961;0;1;0;0;0;1;0;0;0;1;0;289;;166;114;0;75
236.95;884;27;27;0;5.73;87;0;42;28;0;55;5;0.48;1.0;1.0;0;0;0;42;28;3.38;0.0;2.73;4.2;345;128;14.47;13.91;0.961;0;1;0;0;0;1;0;0;0;1;0;290;;165;115;0;82
237.35;884;26;26;0;5.55;86;0;42;28;0;55;5;0.48;1.0;1.0;0;0;0;42;28;3.25;0.0;2.65;4.1;345;128;14.47;14.21;0.982;0;1;0;0;0;1;0;0;0;1;0;288;;166;115;0;82
237.75;884;27;27;0;5.71;87;0;42;28;0;55;5;0.48;1.0;1.0;0;0;0;42;28;3.38;0.0;2.72;4.2;345;128;14.47;14.21;0.982;0;1;0;0;0;1;0;0;0;1;0;291;;165;116;0;82
238.15;845;26;26;0;5.53;87;0;42;28;0;55;5;0.48;1.0;1.0;0;0;0;42;28;3.25;0.0;2.65;3.9;345;128;14.47;14.21;0.982;0;1;0;0;0;1;0;0;0;1;0;288;;164;115;0;82
238.55;922;28;28;0;5.98;87;0;42;28;0;56;5;0.52;1.0;1.0;0;0;0;42;28;3.5;0.0;2.83;4.6;345;128;14.47;14.51;1.003;0;1;0;0;0;1;0;0;0;1;0;296;;164;115;0;82
238.95;884;28;28;0;5.97;86;0;42;28;0;56;5;0.51;1.0;1.0;0;0;0;42;28;3.5;0.0;2.82;4.4;345;128;14.47;14.51;1.003;0;1;0;0;0;1;0;0;0;1;0;296;;166;115;0;83
239.35;935;28;28;0;5.95;86;0;42;28;0;56;5;0.52;1.0;1.0;0;0;0;42;28;3.5;0.0;2.81;4.6;345;128;14.47;13.41;0.927;0;1;0;0;0;1;0;0;0;1;0;295;;166;114;0;82
239.74;884;27;27;0;5.81;85;0;42;28;0;56;5;0.51;1.0;1.0;0;0;0;42;28;3.38;0.0;2.75;4.3;345;128;14.47;13.41;0.927;0;1;0;0;0;1;0;0;0;1;0;292;;167;113;0;84
240.15;935;29;29;0;6.05;86;0;42;28;0;56;5;0.52;1.0;1.0;0;0;0;42;28;3.62;0.0;2.85;4.7;345;128;14.47;13.41;0.927;0;1;0;0;0;1;0;0;0;1;0;295;;166;114;0;76
240.55;884;28;28;0;5.85;86;0;42;28;0;56;5;0.51;1.0;1.0;0;0;0;42;28;3.5;0.0;2.77;4.3;345;128;14.47;13.91;0.961;0;1;0;0;0;1;0;0;0;1;0;292;;166;114;0;83
240.75;935;29;29;0;6.02;86;0;42;28;0;56;5;0.52;1.0;1.0;0;0;0;42;28;3.62;0.0;2.84;4.7;345;128;14.47;13.91;0.961;0;1;0;0;0;1;0;0;0;1;0;296;;166;114;0;83
241.16;871;27;27;0;5.71;87;0;42;28;0;55;5;0.48;1.0;1.0;0;0;0;42;28;3.38;0.0;2.72;4.1;345;128;14.47;13.91;0.961;0;1;0;0;0;1;0;0;0;1;0;291;;164;114;0;82
241.56;935;29;29;0;6.08;87;0;42;28;0;56;6;0.52;1.0;1.0;0;0;0;42;28;3.62;0.0;2.87;4.7;345;128;14.47;13.51;0.934;0;1;0;0;0;1;0;0;0;1;0;297;;165;114;0;85
241.96;884;26;26;0;5.52;86;0;42;28;0;55;5;0.48;1.0;1.0;0;0;0;42;28;3.25;0.0;2.64;4.1;345;128;14.47;13.51;0.934;0;1;0;0;0;1;0;0;0;1;0;289;;166;114;0;82
242.36;896;29;29;0;6.11;87;0;42;28;0;56;6;0.52;1.0;1.0;0;0;0;42;28;3.62;0.0;2.88;4.6;345;128;14.47;14.21;0.982;0;1;0;0;0;1;0;0;0;1;0;295;;165;113;0;82
242.77;922;28;28;0;5.88;85;0;42;28;0;56;5;0.52;1.0;1.0;0;0;0;42;28;3.5;0.0;2.78;4.5;345;128;14.47;14.21;0.982;0;1;0;0;0;1;0;0;0;1;0;292;;167;113;0;82
243.17;871;28;28;0;5.97;86;0;42;28;0;56;5;0.51;1.0;1.0;0;0;0;42;28;3.5;0.0;2.82;4.3;345;128;14.47;14.21;0.982;0;1;0;0;0;1;0;0;0;1;0;293;;166;113;0;83
243.56;896;28;28;0;5.8;86;0;42;28;0;56;5;0.52;1.0;1.0;0;0;0;42;28;3.5;0.0;2.75;4.3;345;128;14.47;14.21;0.982;0;1;0;0;0;1;0;0;0;1;0;293;;165;113;0;83
243.97;884;27;27;0;5.72;86;0;42;28;0;55;5;0.48;1.0;1.0;0;0;0;42;28;3.38;0.0;2.72;4.2;345;128;14.47;14.21;0.982;0;1;0;0;0;1;0;0;0;1;0;291;;166;113;0;75
244.36;948;29;29;0;6.07;86;0;42;28;0;56;6;0.52;1.0;1.0;0;0;0;42;28;3.62;0.0;2.86;4.8;345;128;14.47;13.71;0.947;0;1;0;0;0;1;0;0;0;1;0;297;;166;113;0;83
244.78;896;26;26;0;5.48;87;0;42;28;0;55;5;0.48;1.0;1.0;0;0;0;42;28;3.25;0.0;2.63;4.1;345;128;14.47;13.71;0.947;0;1;0;0;0;1;0;0;0;1;0;286;;165;113;0;82
245.18;896;28;28;0;5.91;87;0;42;28;0;56;5;0.52;1.0;1.0;0;0;0;42;28;3.5;0.0;2.8;4.4;345;128;14.47;13.71;0.947;0;1;0;0;0;1;0;0;0;1;0;292;;166;113;0;82
245.58;871;26;26;0;5.51;87;0;42;28;0;55;5;0.48;1.0;1.0;0;0;0;42;28;3.25;0.0;2.64;4.0;345;128;14.47;13.81;0.954;0;1;0;0;0;1;0;0;0;1;0;290;;166;113;0;41
245.99;896;28;28;0;5.8;86;0;42;28;0;55;5;0.48;1.0;1.0;0;0;0;42;28;3.5;0.0;2.75;4.3;345;128;14.47;13.81;0.954;0;1;0;0;0;1;0;0;0;1;0;291;;165;113;0;82
246.38;935;26;26;0;5.58;87;0;42;28;0;55;5;0.49;1.0;1.0;0;0;0;42;28;3.25;0.0;2.67;4.3;345;128;14.47;14.91;1.03;0;1;0;0;0;1;0;0;0;1;0;288;;165;113;0;89
246.79;871;27;27;0;5.76;87;0;42;28;0;55;5;0.48;1.0;1.0;0;0;0;42;28;3.38;0.0;2.74;4.2;345;128;14.47;14.91;1.03;0;1;0;0;0;1;0;0;0;1;0;291;;165;112;0;82
247.0;935;26;26;0;5.58;87;0;42;28;0;55;5;0.49;1.0;1.0;0;0;0;42;28;3.25;0.0;2.67;4.3;345;128;14.47;14.91;1.03;0;1;0;0;0;1;0;0;0;1;0;289;;165;112;0;82
247.39;871;27;27;0;5.63;87;0;42;28;0;55;5;0.48;1.0;1.0;0;0;0;42;28;3.38;0.0;2.69;4.1;345;128;14.47;15.71;1.086;0;1;0;0;0;1;0;0;0;1;0;288;;164;112;0;82
247.79;948;29;29;0;6.05;86;0;42;28;0;56;6;0.52;1.0;1.0;0;0;0;42;28;3.62;0.0;2.85;4.8;345;128;14.47;15.71;1.086;0;1;0;0;0;1;0;0;0;1;0;295;;166;112;0;83
248.19;1114;41;41;3;7.91;87;0;45;25;0;69;10;0.59;1.0;1.0;0;0;0;49;25;5.12;1.7;3.6;7.3;345;128;14.7;15.71;1.069;0;1;0;0;0;0;0;0;0;1;0;389;;164;112;0;92
248.59;1396;41;41;3;7.9;86;0;45;25;0;65;12;0.63;1.0;1.0;0;0;0;49;25;5.12;1.7;3.59;9.2;345;128;14.7;18.22;1.239;0;1;0;0;0;0;0;0;0;1;0;366;;166;112;0;89
249.0;1396;39;39;3;7.65;86;0;45;25;0;63;12;0.62;1.0;1.0;0;0;0;49;25;4.88;1.7;3.49;8.9;345;128;14.7;18.22;1.239;0;1;0;0;0;0;0;0;0;1;0;344;;166;112;0;86
249.39;1511;39;39;4;7.68;87;0;45;25;0;63;13;0.63;1.0;1.0;0;0;0;50;25;4.88;2.3;3.51;9.7;345;128;14.7;14.91;1.014;0;1;0;0;0;0;0;0;0;1;0;350;;166;112;0;88
249.79;1550;42;42;5;8.06;87;0;45;25;0;64;14;0.65;1.0;1.0;0;0;0;52;25;5.25;2.9;3.66;10.4;345;128;14.7;14.91;1.014;0;1;0;0;0;0;0;0;0;1;0;354;;165;112;0;89
250.19;1614;39;39;5;7.68;87;0;45;25;0;62;14;0.63;1.0;1.0;0;0;0;52;25;4.88;2.9;3.51;10.3;345;128;14.7;14.91;1.014;0;1;0;0;0;0;0;0;0;1;0;341;;165;112;0;87
250.6;1729;39;39;6;7.67;88;0;45;25;0;62;15;0.64;1.0;1.0;0;0;0;54;25;4.88;3.5;3.51;11.1;345;128;14.7;14.52;0.988;0;1;0;0;0;0;0;0;0;1;0;341;;163;112;0;90
251.01;1895;39;39;7;7.71;87;0;44;25;0;62;16;0.64;1.0;1.0;0;0;0;57;26;4.88;4.1;3.52;12.2;345;128;14.82;14.52;0.98;0;1;0;0;0;0;0;0;0;1;0;340;;164;112;0;82
251.4;1729;42;42;8;8.06;87;0;45;25;0;64;16;0.66;1.0;1.0;0;0;0;59;25;5.25;4.7;3.66;11.6;345;128;14.7;16.71;1.137;0;1;0;0;0;0;0;0;0;1;0;358;;164;112;0;83
251.82;1639;44;44;8;8.43;87;0;45;25;0;68;16;0.66;1.0;1.0;0;0;0;59;25;5.5;4.7;3.81;11.5;345;128;14.7;16.71;1.137;0;1;0;0;0;0;0;0;0;1;0;381;;164;112;0;91
252.2;1691;44;44;8;8.43;87;0;45;25;0;67;17;0.66;1.0;1.0;0;0;0;59;25;5.5;4.7;3.81;11.9;345;128;14.7;16.71;1.137;0;1;0;0;0;0;0;0;0;1;0;376;;164;111;0;91
252.61;1703;42;42;8;8.17;88;0;45;25;0;65;16;0.66;1.0;1.0;0;0;0;59;25;5.25;4.7;3.71;11.6;345;128;14.7;15.81;1.076;0;1;0;0;0;0;0;0;0;1;0;365;;163;111;0;90
253.01;1665;45;45;9;8.62;88;0;45;25;0;69;16;0.66;1.0;1.0;0;0;0;60;25;5.62;5.2;3.89;12.0;345;128;14.7;15.81;1.076;0;1;0;0;0;0;0;0;0;1;0;390;;163;111;0;99
253.2;1537;45;45;9;8.58;87;0;45;25;0;69;16;0.65;1.0;1.0;0;0;0;60;25;5.62;5.2;3.87;11.0;345;128;14.7;15.81;1.076;0;1;0;0;0;0;0;0;0;1;0;394;;164;111;0;99
253.61;1652;41;41;5;8.03;87;0;45;25;0;64;15;0.66;1.0;1.0;0;0;0;52;25;5.12;2.9;3.65;11.1;345;128;14.7;15.91;1.082;0;1;0;0;0;0;0;0;0;1;0;356;;164;111;0;85
254.0;1422;35;35;5;7.02;88;0;25;49;0;60;11;0.61;1.0;1.0;0;0;0;52;45;4.38;2.9;3.25;8.3;345;128;14.7;15.91;1.082;0;1;0;0;0;0;0;0;0;1;0;323;;163;111;0;85
254.42;1370;38;38;4;7.42;88;0;22;47;0;62;11;0.62;1.0;1.0;0;0;0;51;48;4.75;2.3;3.41;8.5;345;128;14.7;14.31;0.973;0;1;0;0;0;0;0;0;0;1;0;342;;163;110;0;86
254.83;1422;38;38;4;7.46;87;0;23;47;0;62;12;0.62;1.0;1.0;0;0;0;51;47;4.75;2.3;3.42;8.8;345;128;14.7;14.31;0.973;0;1;0;0;0;0;0;0;0;1;0;340;;164;110;0;86
255.22;1345;30;30;0;6.16;89;0;31;27;0;55;9;0.55;1.0;1.0;0;0;0;42;39;3.75;0.0;2.91;6.9;345;128;14.7;14.31;0.973;0;1;0;0;0;1;0;0;0;1;0;289;;162;110;0;82
255.63;1114;27;27;0;5.58;87;0;43;27;0;54;7;0.51;1.0;1.0;0;0;0;42;27;3.38;0.0;2.67;5.2;345;128;14.7;12.11;0.824;0;1;0;0;0;1;0;0;0;1;0;283;;165;110;0;82
256.02;1204;28;28;0;5.86;87;0;43;27;0;55;7;0.55;1.0;1.0;0;0;0;42;27;3.5;0.0;2.78;5.9;345;128;14.7;12.11;0.824;0;1;0;0;0;1;0;0;0;1;0;284;;165;110;0;82
256.43;1204;28;28;0;5.75;86;0;43;27;0;54;7;0.52;1.0;1.0;0;0;0;42;27;3.5;0.0;2.73;5.8;345;128;14.7;12.91;0.878;0;1;0;0;0;1;0;0;0;1;0;283;;166;111;0;82
256.83;1204;29;29;0;6.03;87;0;43;27;0;55;7;0.55;1.0;1.0;0;0;0;42;27;3.62;0.0;2.85;6.1;345;128;14.7;12.91;0.878;0;1;0;0;0;1;0;0;0;1;0;284;;165;111;0;82
257.22;1178;27;27;0;5.7;86;0;43;27;0;54;7;0.52;1.0;1.0;0;0;0;42;27;3.38;0.0;2.71;5.6;345;128;14.7;12.91;0.878;0;1;0;0;0;1;0;0;0;1;0;278;;166;110;0;82
257.63;1140;26;26;0;5.45;86;0;43;27;0;54;6;0.51;1.0;1.0;0;0;0;42;27;3.25;0.0;2.61;5.2;345;128;14.7;12.61;0.858;0;1;0;0;0;1;0;0;0;1;0;276;;166;110;0;81
258.02;1063;25;25;0;5.28;85;0;43;27;0;53;6;0.48;1.0;1.0;0;0;0;42;27;3.12;0.0;2.54;4.7;345;128;14.7;12.61;0.858;0;1;0;0;0;1;0;0;0;1;0;272;;167;110;0;74
258.43;1037;24;24;0;5.18;85;0;43;27;0;53;5;0.47;1.0;1.0;0;0;0;42;27;3.0;0.0;2.5;4.5;345;128;14.7;13.41;0.912;0;1;0;0;0;1;0;0;0;1;0;269;;167;110;0;89
258.84;999;24;24;0;5.15;86;0;43;27;0;53;5;0.46;1.0;1.0;0;0;0;42;27;3.0;0.0;2.49;4.3;345;128;14.47;13.41;0.927;0;1;0;0;0;1;0;0;0;1;0;269;;166;110;0;81
259.04;1037;25;25;0;5.26;85;0;43;27;0;53;5;0.47;1.0;1.0;0;0;0;42;27;3.12;0.0;2.53;4.5;345;128;14.7;13.41;0.912;0;1;0;0;0;1;0;0;0;1;0;270;;167;110;0;77
259.44;1165;40;40;4;7.73;87;0;27;43;0;64;10;0.6;1.0;1.0;0;0;0;50;43;5.0;2.3;3.53;7.5;345;128;14.7;14.22;0.967;0;1;0;0;0;0;0;0;0;1;0;352;;165;109;0;89
259.84;1422;43;43;5;8.23;85;0;22;48;0;68;14;0.63;1.0;1.0;0;0;0;52;48;5.38;2.9;3.72;9.8;345;128;14.7;14.22;0.967;0;1;0;0;0;0;0;0;0;1;0;387;;167;110;0;85
260.23;1601;45;45;8;8.58;85;0;22;48;0;70;15;0.65;1.0;1.0;0;0;0;59;48;5.62;4.7;3.86;11.4;345;128;14.7;14.22;0.967;0;1;0;0;0;0;0;0;0;1;0;396;;167;110;0;89
260.65;1665;46;46;10;8.68;85;0;20;50;0;70;16;0.66;1.0;1.0;0;0;0;62;50;5.75;5.8;3.9;12.0;345;128;14.7;16.22;1.103;0;1;0;0;0;0;0;0;0;1;0;403;;167;110;0;99
261.05;1691;51;51;12;9.67;86;0;23;48;0;75;20;0.69;1.0;1.0;0;0;0;67;47;6.38;7.0;4.3;13.6;345;128;14.7;16.22;1.103;0;1;0;0;0;0;0;0;0;1;0;441;;166;110;0;104
261.45;1755;52;52;14;9.73;87;0;21;48;0;76;21;0.7;1.0;1.0;0;0;0;70;49;6.5;8.1;4.33;14.2;345;128;14.7;18.52;1.26;0;1;0;0;0;0;0;0;0;1;0;447;;165;111;0;105
261.86;1895;54;54;14;10;87;0;23;47;0;77;22;0.7;1.0;1.0;0;0;0;71;47;6.75;8.1;4.47;15.9;345;128;14.82;18.52;1.25;0;1;0;0;0;0;0;0;0;1;0;452;;164;110;0;105
262.26;1870;55;55;15;10;88;0;24;46;0;78;23;0.71;1.0;1.0;0;0;0;72;46;6.88;8.7;4.55;16.0;345;128;14.82;18.52;1.25;0;1;0;0;0;0;0;0;0;1;0;459;;163;110;0;106
262.67;1998;55;55;15;10;88;0;22;48;0;77;24;0.7;1.0;1.0;0;0;0;73;48;6.88;8.7;4.5;16.9;345;128;14.82;15.72;1.061;0;1;0;0;0;0;0;0;0;1;0;453;;163;110;0;91
263.05;1921;45;45;12;8.55;88;0;17;53;0;68;19;0.66;1.0;1.0;0;0;0;67;53;5.62;7.0;3.86;13.7;345;128;14.82;15.72;1.061;0;1;0;0;0;0;0;0;0;1;0;386;;163;109;0;99
263.47;1716;42;42;10;8.13;89;0;19;51;0;65;16;0.66;1.0;1.0;0;0;0;62;51;5.25;5.8;3.7;11.6;345;128;14.7;14.31;0.973;0;1;0;0;0;0;0;0;0;1;0;363;;162;109;0;89
263.87;1652;43;43;10;8.23;89;0;20;50;0;66;16;0.66;1.0;1.0;0;0;0;62;50;5.38;5.8;3.74;11.3;345;128;14.7;14.31;0.973;0;1;0;0;0;0;0;0;0;1;0;368;;162;109;0;90
264.26;1716;45;45;10;8.67;88;0;17;53;0;70;17;0.66;1.0;1.0;0;0;0;62;53;5.62;5.8;3.91;12.4;345;128;14.7;14.31;0.973;0;1;0;0;0;0;0;0;0;1;0;400;;163;109;0;100
264.67;1729;46;46;11;8.76;87;0;20;50;0;71;18;0.66;1.0;1.0;0;0;0;65;50;5.75;6.4;3.94;12.6;345;128;14.7;16.42;1.117;0;1;0;0;0;0;0;0;0;1;0;407;;164;109;0;100
265.08;1767;47;47;11;8.88;87;0;17;53;0;71;19;0.66;1.0;1.0;0;0;0;65;53;5.88;6.4;3.99;13.1;345;128;14.7;16.42;1.117;0;1;0;0;0;0;0;0;0;1;0;411;;164;109;0;101
265.27;1895;46;46;11;8.86;87;0;17;53;0;71;19;0.66;1.0;1.0;0;0;0;65;53;5.75;6.4;3.98;14.0;345;128;14.82;16.42;1.108;0;1;0;0;0;0;0;0;0;1;0;407;;164;108;0;100
265.67;1780;46;46;11;8.78;87;0;19;51;0;71;19;0.66;1.0;1.0;0;0;0;65;51;5.75;6.4;3.95;13.0;345;128;14.7;16.72;1.137;0;1;0;0;0;0;0;0;0;1;0;407;;164;108;0;100
266.07;1895;45;45;11;8.63;87;0;15;55;0;69;19;0.66;1.0;1.0;0;0;0;65;55;5.62;6.4;3.89;13.6;345;128;14.82;16.72;1.128;0;1;0;0;0;0;0;0;0;1;0;395;;164;108;0;86
266.47;1819;41;41;5;7.96;87;0;15;55;0;63;16;0.65;1.0;1.0;0;0;0;53;55;5.12;2.9;3.62;12.1;345;128;14.7;14.11;0.96;0;1;0;0;0;0;0;0;0;1;0;350;;165;109;0;89
266.87;1614;32;32;4;6.53;87;0;16;54;0;56;11;0.59;1.0;1.0;0;0;0;50;54;4.0;2.3;3.05;8.8;345;128;14.7;14.11;0.96;0;1;0;0;0;0;0;0;0;1;0;296;;165;109;0;85
267.27;1614;34;34;4;6.81;87;0;18;52;0;57;12;0.59;1.0;1.0;0;0;0;50;52;4.25;2.3;3.16;9.2;345;128;14.7;12.31;0.837;0;1;0;0;0;0;0;0;0;1;0;305;;164;109;0;84
267.69;1729;35;35;4;7.01;87;0;17;53;0;58;13;0.61;1.0;1.0;0;0;0;50;53;4.38;2.3;3.24;10.1;345;128;14.7;12.31;0.837;0;1;0;0;0;0;0;0;0;1;0;314;;165;109;0;84
268.08;1601;30;30;2;6.11;87;0;16;54;0;55;11;0.55;1.0;1.0;0;0;0;47;54;3.75;1.2;2.88;8.2;345;128;14.7;12.31;0.837;0;1;0;0;0;0;0;0;0;1;0;284;;165;108;0;82
268.5;1562;25;25;2;5.25;86;0;19;51;0;52;9;0.48;1.0;1.0;0;0;0;47;51;3.12;1.2;2.53;6.8;345;128;14.7;12.41;0.844;0;1;0;0;0;0;0;0;0;1;0;263;;166;108;0;77
268.89;1511;20;20;0;4.4;86;0;44;26;0;49;7;0.41;1.0;1.0;0;0;0;42;26;2.5;0.0;2.19;5.5;345;128;14.7;12.41;0.844;0;1;0;0;0;1;0;0;0;1;0;242;;166;107;0;73
269.29;1486;18;18;0;4.15;86;0;44;26;0;48;6;0.39;1.0;1.0;0;0;0;42;26;2.25;0.0;2.09;5.1;345;128;14.7;13.21;0.899;0;1;0;0;0;1;0;0;0;1;0;236;;166;107;0;74
269.68;1434;18;18;0;4.05;86;0;44;26;0;47;6;0.38;1.0;1.0;0;0;0;42;26;2.25;0.0;2.05;4.8;345;128;14.7;13.21;0.899;0;1;0;0;0;1;0;0;0;1;0;231;;166;107;0;70
270.09;1447;19;19;0;4.21;85;0;44;26;0;48;6;0.39;1.0;1.0;0;0;0;42;26;2.38;0.0;2.11;5.1;345;128;14.7;13.21;0.899;0;1;0;0;0;1;0;0;0;1;0;238;;167;106;0;70
270.49;1486;20;20;0;4.4;86;0;44;26;0;49;6;0.41;1.0;1.0;0;0;0;42;26;2.5;0.0;2.19;5.4;345;128;14.7;14.51;0.987;0;1;0;0;0;1;0;0;0;1;0;242;;166;106;0;75
270.9;1370;18;18;0;4.16;85;0;44;26;0;48;6;0.39;1.0;1.0;0;0;0;42;26;2.25;0.0;2.09;4.7;345;128;14.7;14.51;0.987;0;1;0;0;0;1;0;0;0;1;0;235;;167;106;0;74
271.31;1511;17;17;0;4.03;87;0;44;26;0;47;5;0.38;1.0;1.0;0;0;0;42;26;2.12;0.0;2.05;5.1;345;128;14.7;14.31;0.973;0;1;0;0;0;1;0;0;0;1;0;231;;164;105;0;70
271.49;1614;16;16;0;3.8;86;0;44;26;0;45;5;0.36;1.0;1.0;0;0;0;42;26;2.0;0.0;1.95;5.1;345;128;14.7;14.31;0.973;0;1;0;0;0;1;0;0;0;1;0;215;;166;105;0;73
271.89;1652;15;15;0;3.66;87;0;44;26;0;44;5;0.36;1.0;1.0;0;0;0;42;26;1.88;0.0;1.9;5.0;345;128;14.7;14.31;0.973;0;1;0;0;0;1;0;0;0;1;0;205;;164;105;0;74
272.31;1691;16;16;0;3.73;85;0;44;26;0;44;6;0.36;1.0;1.0;0;0;0;42;26;2.0;0.0;1.92;5.3;345;128;14.7;13.41;0.912;0;1;0;0;0;1;0;0;0;1;0;203;;167;105;0;54
272.7;1588;14;14;0;3.51;85;0;49;26;0;43;5;0.34;1.0;1.0;0;0;0;42;21;1.75;0.0;1.83;4.6;345;128;14.7;13.41;0.912;0;1;0;0;0;1;0;0;0;1;0;197;;167;105;0;56
273.11;1383;16;16;0;3.81;87;0;48;26;0;45;5;0.36;1.0;1.0;0;0;0;42;22;2.0;0.0;1.96;4.4;345;128;14.7;13.41;0.912;0;1;0;0;0;1;0;0;0;1;0;215;;164;105;0;73
273.51;1550;21;21;2;4.68;87;0;28;48;0;50;7;0.44;1.0;1.0;0;0;0;47;42;2.62;1.2;2.31;6.0;345;128;14.7;15.71;1.069;0;1;0;0;0;0;0;0;0;1;0;248;;165;105;0;81
273.91;1972;27;27;3;5.67;86;0;15;56;0;53;12;0.52;1.0;1.0;0;0;0;49;55;3.38;1.7;2.7;9.3;345;128;14.82;15.71;1.06;0;1;0;0;0;0;0;0;0;1;0;272;;166;105;0;77
274.32;1601;27;27;3;5.63;85;0;19;52;0;54;10;0.53;1.0;1.0;0;0;0;49;51;3.38;1.7;2.68;7.5;345;128;14.7;15.21;1.035;0;1;0;0;0;0;0;0;0;1;0;281;;168;105;0;83
274.71;1588;37;37;3;7.31;85;0;21;50;0;60;13;0.62;1.0;1.0;0;0;0;49;49;4.62;1.7;3.35;9.7;345;128;14.7;15.21;1.035;0;1;0;0;0;0;0;0;0;1;0;325;;165;105;0;85
275.13;1639;42;42;6;8.17;86;0;20;50;0;64;15;0.66;1.0;1.0;0;0;0;54;50;5.25;3.5;3.7;11.2;345;128;14.7;15.21;1.035;0;1;0;0;0;0;0;0;0;1;0;357;;166;105;0;89
275.53;1703;42;42;6;8.03;87;0;20;50;0;64;16;0.66;1.0;1.0;0;0;0;54;50;5.25;3.5;3.65;11.4;345;128;14.7;15.71;1.069;0;1;0;0;0;0;0;0;0;1;0;354;;165;105;0;89
275.92;1716;41;41;6;8.03;87;0;18;51;0;64;16;0.66;1.0;1.0;0;0;0;54;52;5.12;3.5;3.65;11.5;345;128;14.7;15.71;1.069;0;1;0;0;0;0;0;0;0;1;0;354;;165;105;0;89
276.33;1716;41;41;6;7.97;88;0;19;52;0;63;16;0.65;1.0;1.0;0;0;0;55;51;5.12;3.5;3.63;11.4;345;128;14.7;14.81;1.007;0;1;0;0;0;0;0;0;0;1;0;348;;163;105;0;83
276.73;1819;41;41;6;7.91;89;0;18;52;0;63;16;0.65;1.0;1.0;0;0;0;55;52;5.12;3.5;3.61;12.0;345;128;14.7;14.81;1.007;0;1;0;0;0;0;0;0;0;1;0;350;;162;105;0;88
277.13;1870;42;42;8;8.1;88;0;18;53;0;64;17;0.66;1.0;1.0;0;0;0;59;52;5.25;4.7;3.68;12.6;345;128;14.82;14.81;0.999;0;1;0;0;0;0;0;0;0;1;0;357;;163;105;0;89
277.32;1806;42;42;9;8.06;89;0;16;54;0;64;17;0.66;1.0;1.0;0;0;0;61;54;5.25;5.2;3.67;12.1;345;128;14.7;15.21;1.035;0;1;0;0;0;0;0;0;0;1;0;355;;162;105;0;89
277.72;1831;43;43;11;8.27;88;0;16;54;0;66;18;0.66;1.0;1.0;0;0;0;64;54;5.38;6.4;3.75;12.6;345;128;14.7;15.21;1.035;0;1;0;0;0;0;0;0;0;1;0;373;;163;105;0;90
278.13;1998;49;49;14;9.16;87;0;18;52;0;73;22;0.67;1.0;1.0;0;0;0;70;52;6.12;8.1;4.1;15.3;345;128;14.82;15.21;1.026;0;1;0;0;0;0;0;0;0;1;0;422;;164;105;0;101
278.52;2062;49;49;14;9.23;87;0;18;52;0;73;22;0.68;1.0;1.0;0;0;0;70;52;6.12;8.1;4.13;15.9;345;128;14.82;15.71;1.06;0;1;0;0;0;0;0;0;0;1;0;426;;165;105;0;102
278.94;2049;56;56;18;10;88;0;23;47;0;78;26;0.72;1.0;1.0;0;0;0;79;47;7.0;10.5;4.56;17.6;345;128;14.82;15.71;1.06;0;1;0;0;0;0;0;0;0;1;0;459;;163;105;0;106
279.33;2216;56;56;18;10;88;0;21;49;0;78;27;0.72;1.0;1.0;0;0;0;79;49;7.0;10.5;4.54;18.9;345;128;14.82;15.02;1.013;0;1;0;0;0;0;0;0;0;1;0;460;;163;105;0;106
279.74;2228;57;57;19;10;87;0;23;47;0;79;29;0.73;1.0;1.0;0;0;0;81;47;7.12;11.0;4.62;19.4;345;128;14.82;15.02;1.013;0;1;0;0;0;0;0;0;0;1;0;468;;164;105;0;106
280.13;2305;57;57;20;10;88;0;22;48;0;79;29;0.73;1.0;1.0;0;0;0;82;48;7.12;11.6;4.63;20.1;345;128;14.82;15.02;1.013;0;1;0;0;0;0;0;0;0;1;0;469;;163;104;0;106
280.53;2267;58;58;20;10;88;0;22;48;0;79;30;0.73;1.0;1.0;0;0;0;82;48;7.25;11.6;4.6;19.6;345;128;14.82;16.72;1.128;0;1;0;0;0;0;0;0;0;1;0;470;;163;104;0;107
280.93;2331;59;59;21;11;89;0;22;47;0;80;31;0.74;1.0;1.0;0;0;0;84;48;7.38;12.2;4.78;21.0;345;128;14.82;16.72;1.128;0;1;0;0;0;0;0;0;0;1;0;473;;162;104;0;107
281.34;2369;58;58;21;11;90;0;22;48;0;80;31;0.74;1.0;1.0;0;0;0;84;48;7.25;12.2;4.66;20.8;345;128;14.82;16.41;1.107;0;1;0;0;0;0;0;0;0;1;0;475;;161;104;0;107
281.75;2408;58;58;21;10;90;0;21;50;0;79;31;0.73;1.0;1.0;0;0;0;84;49;7.25;12.2;4.61;20.9;345;128;14.82;16.41;1.107;0;1;0;0;0;0;0;0;0;1;0;467;;160;105;0;106
282.15;2408;56;56;21;10;90;0;21;49;0;78;31;0.72;1.0;1.0;0;0;0;84;49;7.0;12.2;4.53;20.5;345;128;14.82;16.41;1.107;0;1;0;0;0;0;0;0;0;1;0;462;;161;105;0;106
282.55;2446;56;56;21;10;90;0;20;50;0;78;31;0.72;1.0;1.0;0;0;0;84;50;7.0;12.2;4.49;20.6;345;128;14.82;15.52;1.047;0;1;0;0;0;0;0;0;0;1;0;457;;161;105;0;106
282.96;2446;56;56;21;10;89;0;19;51;0;78;31;0.72;1.0;1.0;0;0;0;84;51;7.0;12.2;4.49;20.6;345;128;14.82;15.52;1.047;0;1;0;0;0;0;0;0;0;1;0;460;;162;105;0;105
283.36;2523;54;54;21;9.77;90;0;19;51;0;76;30;0.7;1.0;1.0;0;0;0;84;51;6.75;12.2;4.36;20.5;345;128;14.82;15.21;1.026;0;1;0;0;0;0;0;0;0;1;0;445;;160;104;0;91
283.55;2523;52;52;21;9.51;89;0;18;52;0;75;29;0.7;1.0;1.0;0;0;0;84;52;6.5;12.2;4.25;20.0;345;128;14.93;15.21;1.019;0;1;0;0;0;0;0;0;0;1;0;443;;162;104;0;102
283.96;2421;48;48;20;8.78;89;0;17;53;0;72;27;0.67;1.0;1.0;0;0;0;82;53;6.0;11.6;3.96;17.7;345;128;14.93;15.21;1.019;0;1;0;0;0;0;0;0;0;1;0;414;;162;104;0;89
284.37;2536;48;48;20;8.76;89;0;17;53;0;71;27;0.66;1.0;1.0;0;0;0;82;53;6.0;11.6;3.95;18.5;345;128;14.93;15.52;1.04;0;1;0;0;0;0;0;0;0;1;0;411;;163;103;0;99
284.76;2549;48;48;20;8.77;88;0;17;53;0;71;27;0.66;1.0;1.0;0;0;0;82;53;6.0;11.6;3.95;18.6;345;128;14.93;15.52;1.04;0;1;0;0;0;0;0;0;0;1;0;411;;163;103;0;101
285.16;2600;47;47;20;8.7;88;0;16;53;0;71;27;0.66;1.0;1.0;0;0;0;82;54;5.88;11.6;3.92;18.9;345;128;14.93;15.52;1.04;0;1;0;0;0;0;0;0;0;1;0;409;;163;103;0;100
285.57;2587;45;45;18;8.37;90;0;16;54;0;68;26;0.66;1.0;1.0;0;0;0;79;54;5.62;10.5;3.8;18.0;345;128;14.93;15.21;1.019;0;1;0;0;0;0;0;0;0;1;0;387;;161;103;0;90
285.97;2549;42;42;18;7.88;89;0;14;56;0;65;24;0.65;1.0;1.0;0;0;0;78;56;5.25;10.5;3.6;16.7;345;128;14.93;15.21;1.019;0;1;0;0;0;0;0;0;0;1;0;366;;162;103;0;90
286.38;2574;36;36;13;6.83;89;0;12;59;0;60;21;0.6;1.0;1.0;0;0;0;68;58;4.5;7.6;3.18;14.7;345;128;14.93;14.41;0.965;0;1;0;0;0;0;0;0;0;1;0;324;;163;102;0;85
286.77;2446;35;35;13;6.7;88;0;11;59;0;59;20;0.61;1.0;1.0;0;0;0;68;59;4.38;7.6;3.12;13.7;345;128;14.93;14.41;0.965;0;1;0;0;0;0;0;0;0;1;0;318;;163;102;0;85
287.18;2497;35;35;13;6.62;88;0;11;59;0;58;19;0.6;1.0;1.0;0;0;0;68;59;4.38;7.6;3.09;13.8;345;128;14.93;14.41;0.965;0;1;0;0;0;0;0;0;0;1;0;314;;163;102;0;84
287.58;2485;35;35;13;6.57;88;0;11;59;0;58;19;0.6;1.0;1.0;0;0;0;68;59;4.38;7.6;3.07;13.6;345;128;14.93;14.71;0.985;0;1;0;0;0;0;0;0;0;1;0;314;;163;102;0;84
287.97;2536;36;36;13;6.71;87;0;11;59;0;59;20;0.6;1.0;1.0;0;0;0;68;59;4.5;7.6;3.12;14.2;345;128;14.93;14.71;0.985;0;1;0;0;0;0;0;0;0;1;0;318;;165;102;0;77
288.38;2472;34;34;13;6.55;88;0;11;59;0;58;19;0.6;1.0;1.0;0;0;0;68;59;4.25;7.6;3.06;13.5;345;128;14.82;14.31;0.966;0;1;0;0;0;0;0;0;0;1;0;314;;163;102;0;84
288.78;2433;35;35;13;6.53;87;0;11;59;0;58;19;0.6;1.0;1.0;0;0;0;68;59;4.38;7.6;3.05;13.2;345;128;14.93;14.31;0.958;0;1;0;0;0;0;0;0;0;1;0;312;;164;102;0;41
289.18;2536;35;35;12;6.58;87;0;11;59;0;58;19;0.59;1.0;1.0;0;0;0;66;59;4.38;7.0;3.07;13.9;345;128;14.93;14.31;0.958;0;1;0;0;0;0;0;0;0;1;0;312;;165;101;0;76
289.57;2433;23;23;6;4.8;86;0;14;57;0;51;12;0.46;1.0;1.0;0;0;0;55;56;2.88;3.5;2.35;9.7;345;128;14.82;14.41;0.972;0;1;0;0;0;0;0;0;0;1;0;253;;166;101;0;76
289.78;2382;25;25;6;5.05;86;0;13;57;0;52;13;0.48;1.0;1.0;0;0;0;55;57;3.12;3.5;2.45;10.0;345;128;14.82;14.41;0.972;0;1;0;0;0;0;0;0;0;1;0;264;;166;101;0;77
290.18;2331;27;27;6;5.32;86;0;11;59;0;53;14;0.51;1.0;1.0;0;0;0;55;59;3.38;3.5;2.56;10.3;345;128;14.82;14.41;0.972;0;1;0;0;0;0;0;0;0;1;0;272;;166;101;0;74
290.58;2421;27;27;6;5.32;86;0;13;59;0;53;14;0.51;1.0;1.0;0;0;0;55;57;3.38;3.5;2.56;10.7;345;128;14.82;14.62;0.987;0;1;0;0;0;0;0;0;0;1;0;271;;166;101;0;82
290.99;2421;27;27;6;5.38;87;0;11;59;0;53;14;0.51;1.0;1.0;0;0;0;55;59;3.38;3.5;2.59;10.9;345;128;14.82;14.62;0.987;0;1;0;0;0;0;0;0;0;1;0;273;;164;101;0;89
291.38;2382;28;28;6;5.56;85;0;11;59;0;54;15;0.53;1.0;1.0;0;0;0;55;59;3.5;3.5;2.65;11.0;345;128;14.82;14.71;0.993;0;1;0;0;0;0;0;0;0;1;0;276;;167;101;0;89
291.79;2369;27;27;6;5.32;86;0;11;59;0;53;14;0.51;1.0;1.0;0;0;0;55;59;3.38;3.5;2.56;10.5;345;128;14.82;14.71;0.993;0;1;0;0;0;0;0;0;0;1;0;273;;166;101;0;77
292.18;2356;18;18;5;4.02;86;0;19;50;0;48;9;0.39;1.0;1.0;0;0;0;53;51;2.25;2.9;2.04;7.9;345;128;14.82;14.71;0.993;0;1;0;0;0;0;0;0;0;1;0;237;;166;99;0;74
292.6;2318;20;20;5;4.33;85;0;19;52;0;49;10;0.41;1.0;1.0;0;0;0;53;51;2.5;2.9;2.16;8.4;345;128;14.82;16.82;1.135;0;1;0;0;0;0;0;0;0;1;0;244;;167;99;0;74
292.99;2305;21;21;5;4.52;86;0;18;52;0;50;11;0.44;1.0;1.0;0;0;0;53;52;2.62;2.9;2.24;8.7;345;128;14.82;16.82;1.135;0;1;0;0;0;0;0;0;0;1;0;248;;166;99;0;76
293.39;2280;22;22;5;4.71;85;0;16;53;0;51;11;0.46;1.0;1.0;0;0;0;53;54;2.75;2.9;2.31;8.9;345;128;14.82;16.21;1.094;0;1;0;0;0;0;0;0;0;1;0;252;;167;99;0;76
293.81;2228;22;22;5;4.7;86;0;17;54;0;51;11;0.46;1.0;1.0;0;0;0;53;53;2.75;2.9;2.31;8.7;345;128;14.82;16.21;1.094;0;1;0;0;0;0;0;0;0;1;0;252;;166;99;0;73
294.21;2280;22;22;5;4.61;85;0;15;55;0;50;11;0.44;1.0;1.0;0;0;0;53;55;2.75;2.9;2.27;8.8;345;128;14.82;16.21;1.094;0;1;0;0;0;0;0;0;0;1;0;251;;167;99;0;38
294.61;2331;23;23;5;4.83;87;0;14;54;0;51;12;0.46;1.0;1.0;0;0;0;53;56;2.88;2.9;2.37;9.4;345;128;14.82;14.62;0.987;0;1;0;0;0;0;0;0;0;1;0;253;;165;99;0;72
295.01;2267;23;23;5;4.82;86;0;16;54;0;51;12;0.46;1.0;1.0;0;0;0;53;54;2.88;2.9;2.36;9.1;345;128;14.82;14.62;0.987;0;1;0;0;0;0;0;0;0;1;0;254;;166;98;0;76
295.42;2280;22;22;5;4.73;87;0;16;55;0;50;11;0.44;1.0;1.0;0;0;0;53;54;2.75;2.9;2.33;9.0;345;128;14.82;16.41;1.107;0;1;0;0;0;0;0;0;0;1;0;250;;165;98;0;76
295.81;2254;20;20;5;4.32;86;0;18;52;0;49;10;0.41;1.0;1.0;0;0;0;52;52;2.5;2.9;2.16;8.1;345;128;14.82;16.41;1.107;0;1;0;0;0;0;0;0;0;1;0;243;;166;98;0;75
296.0;2216;20;20;5;4.3;86;0;19;51;0;49;10;0.41;1.0;1.0;0;0;0;52;51;2.5;2.9;2.15;7.9;345;128;14.82;16.41;1.107;0;1;0;0;0;0;0;0;0;1;0;243;;166;98;0;75
296.41;2228;20;20;5;4.32;86;0;19;51;0;49;10;0.41;1.0;1.0;0;0;0;52;51;2.5;2.9;2.16;8.0;345;128;14.82;15.31;1.033;0;1;0;0;0;0;0;0;0;1;0;245;;166;98;0;76
296.82;2228;20;20;5;4.37;86;0;18;52;0;49;10;0.41;1.0;1.0;0;0;0;52;52;2.5;2.9;2.18;8.1;345;128;14.82;15.31;1.033;0;1;0;0;0;0;0;0;0;1;0;246;;166;98;0;76
297.21;2216;21;21;5;4.42;86;0;19;51;0;49;10;0.41;1.0;1.0;0;0;0;52;51;2.62;2.9;2.2;8.2;345;128;14.82;15.31;1.033;0;1;0;0;0;0;0;0;0;1;0;247;;166;98;0;75
297.61;2113;18;18;3;3.93;85;0;22;48;0;47;8;0.38;1.0;1.0;0;0;0;49;48;2.25;1.7;2.0;6.9;345;128;14.82;14.62;0.987;0;1;0;0;0;0;0;0;0;1;0;231;;167;98;0;74
298.02;2152;18;18;3;3.96;87;0;21;49;0;47;8;0.38;1.0;1.0;0;0;0;48;49;2.25;1.7;2.02;7.1;345;128;14.82;14.62;0.987;0;1;0;0;0;0;0;0;0;1;0;230;;165;97;0;74
298.43;2062;17;17;1;3.92;86;0;21;48;0;47;8;0.38;1.0;1.0;0;0;0;45;49;2.12;0.6;2.0;6.7;345;128;14.82;14.71;0.993;0;1;0;0;0;0;0;0;0;1;0;224;;166;97;0;70
298.82;1819;16;16;0;3.7;86;0;54;23;0;45;6;0.37;1.0;1.0;0;0;0;42;16;2.0;0.0;1.91;5.6;345;128;14.7;14.71;1.001;0;1;0;0;0;1;0;0;0;1;0;214;;166;97;0;73
299.22;1614;18;18;0;4.08;85;0;67;23;0;48;6;0.39;1.0;1.0;0;0;0;42;3;2.25;0.0;2.06;5.5;345;128;14.7;14.71;1.001;0;1;0;0;0;1;0;0;0;1;0;235;;167;97;0;85
299.63;1639;19;19;0;4.2;86;0;67;23;0;48;6;0.4;1.0;1.0;0;0;0;42;3;2.38;0.0;2.11;5.7;345;128;14.7;14.71;1.001;0;1;0;0;0;1;0;0;0;1;0;237;;166;97;0;70
300.03;1562;18;18;0;4.11;85;0;67;23;0;48;6;0.39;1.0;1.0;0;0;0;42;3;2.25;0.0;2.07;5.3;345;128;14.7;14.71;1.001;0;1;0;0;0;1;0;0;0;1;0;238;;168;97;0;74
300.42;1473;18;18;0;4.15;86;0;67;23;0;48;6;0.39;1.0;1.0;0;0;0;42;3;2.25;0.0;2.09;5.1;345;128;14.7;14.71;1.001;0;1;0;0;0;1;0;0;0;1;0;234;;166;96;0;74
300.83;1486;18;18;0;4.08;85;0;62;23;0;47;6;0.38;1.0;1.0;0;0;0;42;8;2.25;0.0;2.06;5.1;345;128;14.7;14.71;1.001;0;1;0;0;0;1;0;0;0;1;0;231;;167;96;0;74
301.23;1588;15;15;0;3.6;86;0;52;23;0;44;5;0.35;1.0;1.0;0;0;0;42;18;1.88;0.0;1.87;4.8;345;128;14.7;14.71;1.001;0;1;0;0;0;1;0;0;0;1;0;206;;166;96;0;73
301.64;1601;14;14;0;3.47;86;0;48;23;0;43;5;0.34;1.0;1.0;0;0;0;42;22;1.75;0.0;1.82;4.6;345;128;14.7;13.91;0.946;0;1;0;0;0;1;0;0;0;1;0;198;;166;96;0;56
302.04;1370;16;16;0;3.71;87;0;53;23;0;45;5;0.36;1.0;1.0;0;0;0;42;17;2.0;0.0;1.92;4.2;345;128;14.7;13.91;0.946;0;1;0;0;0;1;0;0;0;1;0;211;;165;96;0;70
302.24;1447;14;14;0;3.46;87;0;47;23;0;43;4;0.34;1.0;1.0;0;0;0;42;23;1.75;0.0;1.82;4.2;345;128;14.7;13.91;0.946;0;1;0;0;0;1;0;0;0;1;0;196;;164;96;0;70
302.63;1447;15;15;0;3.61;87;0;47;23;0;44;4;0.35;1.0;1.0;0;0;0;42;23;1.88;0.0;1.88;4.4;345;128;14.7;14.62;0.995;0;1;0;0;0;1;0;0;0;1;0;204;;162;96;0;72
303.05;1396;14;14;0;3.47;90;0;47;23;0;43;4;0.34;1.0;1.0;0;0;0;42;23;1.75;0.0;1.84;4.0;345;128;14.7;14.62;0.995;0;1;0;0;0;1;0;0;0;1;0;194;;160;95;0;56
303.44;1255;15;15;0;3.56;87;0;47;23;0;44;4;0.35;1.0;1.0;0;0;0;42;23;1.88;0.0;1.86;3.7;345;128;14.7;14.51;0.987;0;1;0;0;0;1;0;0;0;1;0;203;;165;96;0;72
303.85;1165;15;15;0;3.63;87;0;47;23;0;45;4;0.34;1.0;1.0;0;0;0;42;23;1.88;0.0;1.89;3.5;345;128;14.7;14.51;0.987;0;1;0;0;0;1;0;0;0;1;0;210;;164;95;0;54
304.25;1140;15;15;0;3.66;87;0;47;23;0;46;4;0.35;1.0;1.0;0;0;0;42;23;1.88;0.0;1.9;3.5;345;128;14.7;14.51;0.987;0;1;0;0;0;1;0;0;0;1;0;216;;165;95;0;70
304.66;1037;16;16;0;3.68;87;0;47;23;0;47;3;0.35;1.0;1.0;0;0;0;42;23;2.0;0.0;1.91;3.2;345;128;14.7;15.71;1.069;0;1;0;0;0;1;0;0;0;1;0;224;;165;95;0;74
305.07;973;16;16;0;3.8;90;0;47;23;0;47;3;0.34;1.0;1.0;0;0;0;42;23;2.0;0.0;1.97;3.1;345;128;14.7;15.71;1.069;0;1;0;0;0;1;0;0;0;1;0;230;;161;95;0;74
305.46;896;16;16;0;3.77;86;0;47;23;0;48;3;0.35;1.0;1.0;0;0;0;42;23;2.0;0.0;1.94;2.8;345;128;14.7;16.02;1.09;0;1;0;0;0;1;0;0;0;1;0;238;;166;96;0;74
305.87;935;26;26;3;5.41;87;0;39;38;0;55;5;0.49;1.0;1.0;0;0;0;49;31;3.25;1.7;2.6;4.2;345;128;14.47;16.02;1.107;0;1;0;0;0;0;0;0;0;1;0;284;;165;96;0;82
306.26;1396;36;36;5;6.96;87;0;24;46;0;59;11;0.6;1.0;1.0;0;0;0;53;46;4.5;2.9;3.22;8.1;345;128;14.7;16.02;1.09;0;1;0;0;0;0;0;0;0;1;0;317;;165;95;0;85
306.68;1537;41;41;5;7.88;85;0;25;45;0;64;14;0.65;1.0;1.0;0;0;0;53;45;5.12;2.9;3.58;10.1;345;128;14.7;15.72;1.069;0;1;0;0;0;0;0;0;0;1;0;355;;167;95;0;89
307.07;1562;41;41;6;7.88;85;0;23;47;0;64;14;0.65;1.0;1.0;0;0;0;54;47;5.12;3.5;3.58;10.3;345;128;14.7;15.72;1.069;0;1;0;0;0;0;0;0;0;1;0;358;;167;95;0;89
307.48;1639;49;49;12;9.07;86;0;25;45;0;73;17;0.67;1.0;1.0;0;0;0;67;45;6.12;7.0;4.06;12.4;345;128;14.7;17.52;1.192;0;1;0;0;0;0;0;0;0;1;0;424;;166;95;0;101
307.88;1806;50;50;13;9.2;86;0;25;45;0;74;20;0.68;1.0;1.0;0;0;0;69;45;6.25;7.6;4.11;13.8;345;128;14.7;17.52;1.192;0;1;0;0;0;0;0;0;0;1;0;431;;166;96;0;102
308.08;1883;51;51;17;9.51;87;0;25;45;0;75;21;0.69;1.0;1.0;0;0;0;76;45;6.38;9.9;4.24;14.9;345;128;14.82;17.52;1.182;0;1;0;0;0;0;0;0;0;1;0;441;;165;96;0;105
308.47;1921;56;56;18;10;87;0;27;43;0;79;25;0.72;1.0;1.0;0;0;0;79;43;7.0;10.5;4.54;16.4;345;128;14.82;16.32;1.101;0;1;0;0;0;0;0;0;0;1;0;465;;164;96;0;106
308.88;2036;59;59;19;11;88;0;28;43;0;80;27;0.73;1.0;1.0;0;0;0;81;42;7.38;11.0;4.71;18.1;345;128;14.82;16.32;1.101;0;1;0;0;0;0;0;0;0;1;0;475;;163;95;0;42
309.29;2062;59;59;19;11;90;0;28;42;0;80;28;0.74;1.0;1.0;0;0;0;81;42;7.38;11.0;4.78;18.6;345;128;14.82;16.32;1.101;0;1;0;0;0;0;0;0;0;1;0;476;;161;95;0;107
309.69;2100;58;58;19;10;91;0;27;43;0;79;28;0.73;1.0;1.0;0;0;0;81;43;7.25;11.0;4.64;18.3;345;128;14.82;15.71;1.06;0;1;0;0;0;0;0;0;0;1;0;470;;159;94;0;106
310.08;1985;44;44;14;8.37;90;0;18;51;0;68;20;0.66;1.0;1.0;0;0;0;71;52;5.5;8.1;3.8;13.8;345;128;14.82;15.71;1.06;0;1;0;0;0;0;0;0;0;1;0;387;;161;94;0;91
310.49;1985;45;45;14;8.52;88;0;19;50;0;70;20;0.66;1.0;1.0;0;0;0;71;51;5.62;8.1;3.85;14.1;345;128;14.82;15.91;1.074;0;1;0;0;0;0;0;0;0;1;0;396;;163;94;0;86
310.9;2036;47;47;14;8.87;88;0;20;48;0;72;21;0.66;1.0;1.0;0;0;0;71;50;5.88;8.1;3.99;15.0;345;128;14.82;15.91;1.074;0;1;0;0;0;0;0;0;0;1;0;414;;163;94;0;42
311.32;2139;51;51;16;9.25;88;0;22;48;0;74;24;0.69;1.0;1.0;0;0;0;75;48;6.38;9.3;4.14;16.5;345;128;14.82;15.91;1.074;0;1;0;0;0;0;0;0;0;1;0;432;;163;94;0;42
311.7;2152;55;55;19;9.9;88;0;23;46;0;77;26;0.71;1.0;1.0;0;0;0;81;47;6.88;11.0;4.4;17.8;345;128;14.82;16.62;1.121;0;1;0;0;0;0;0;0;0;1;0;452;;163;94;0;105
312.12;2382;71;71;26;13;91;0;33;36;0;87;37;0.8;1.0;1.0;0;0;0;95;37;8.88;15.1;5.71;26.1;345;128;14.04;16.62;1.184;0;1;0;0;0;0;0;0;0;1;0;529;;159;94;0;114
312.51;2280;54;54;21;9.82;90;0;23;47;0;76;28;0.7;1.0;1.0;0;0;0;84;47;6.75;12.2;4.38;18.7;345;128;14.82;15.02;1.013;0;1;0;0;0;0;0;0;0;1;0;447;;160;94;0;42
312.93;2280;55;55;21;10;90;0;24;47;0;77;28;0.71;1.0;1.0;0;0;0;84;46;6.88;12.2;4.45;19.0;345;128;14.82;15.02;1.013;0;1;0;0;0;0;0;0;0;1;0;451;;161;93;0;105
313.31;2280;55;55;21;9.9;90;0;23;47;0;77;28;0.71;1.0;1.0;0;0;0;84;47;6.88;12.2;4.41;18.8;345;128;14.82;15.02;1.013;0;1;0;0;0;0;0;0;0;1;0;449;;160;93;0;105
313.52;2331;54;54;21;9.87;90;0;23;47;0;77;29;0.71;1.0;1.0;0;0;0;84;47;6.75;12.2;4.4;19.2;345;128;14.82;15.92;1.074;0;1;0;0;0;0;0;0;0;1;0;448;;161;93;0;105
313.92;2497;77;77;36;14;90;0;37;31;0;91;43;0.84;1.0;1.0;0;0;0;115;33;9.62;20.9;6.15;29.7;345;128;13.54;15.92;1.176;0;1;0;0;0;0;0;0;0;1;0;563;;161;93;0;141
314.33;2754;84;84;48;16;90;0;42;28;0;99;52;0.85;1.0;1.0;0;0;0;138;28;10.5;27.9;6.93;37.2;345;128;13.54;15.92;1.176;0;1;0;0;0;0;0;0;0;1;0;619;;160;93;0;150
314.73;2869;81;81;48;15;92;0;42;28;0;98;52;0.81;1.0;1.0;0;0;0;138;28;10.12;27.9;6.65;37.0;345;128;13.54;12.91;0.953;0;1;0;0;0;0;0;0;0;1;0;614;;158;92;0;109
315.13;2907;81;81;48;15;92;0;41;28;1;98;52;0.81;1.0;1.0;0;0;0;138;29;10.12;27.9;6.53;36.7;345;128;13.54;12.91;0.953;0;1;0;0;0;0;0;0;0;1;0;610;;157;92;0;109
315.55;2869;80;80;48;15;90;0;41;28;1;98;52;0.81;1.0;1.0;0;0;0;138;29;10.0;27.9;6.45;35.9;345;128;13.54;15.91;1.175;0;1;0;0;0;0;0;0;0;1;0;612;;160;92;0;150
315.93;2946;80;80;50;15;90;0;42;28;0;98;53;0.81;1.0;1.0;0;0;0;142;28;10.0;29.1;6.42;36.6;345;128;13.54;15.91;1.175;0;1;0;0;0;0;0;0;0;1;0;613;;160;92;0;150
316.34;3035;88;88;69;17;90;0;43;27;0;103;61;0.85;1.0;1.0;0;0;0;181;27;11.0;40.1;7.36;43.7;345;128;13.54;15.91;1.175;0;1;0;0;0;0;0;0;0;1;0;645;;160;93;0;148
316.75;3163;86;86;69;17;90;0;42;27;0;102;60;0.84;1.0;1.0;0;0;0;181;28;10.75;40.1;7.19;44.4;345;128;13.63;12.91;0.947;0;1;0;0;0;0;0;0;0;1;0;640;;160;92;0;113
317.16;3202;86;86;69;17;90;0;41;28;1;102;62;0.84;1.0;1.0;0;0;0;180;29;10.75;40.1;7.17;44.8;345;128;13.63;12.91;0.947;0;1;0;0;0;0;0;0;0;1;0;638;;160;91;0;114
317.54;3253;86;86;68;17;90;0;42;28;0;102;64;0.84;1.0;1.0;0;0;0;179;28;10.75;39.5;7.22;45.9;345;128;13.63;13.21;0.969;0;1;0;0;0;0;0;0;0;1;0;638;;160;91;0;51
317.96;3266;81;81;58;15;90;0;42;28;0;99;60;0.82;1.0;1.0;0;0;0;159;28;10.12;33.7;6.5;41.2;345;128;13.63;13.21;0.969;0;1;0;0;0;0;0;0;0;1;0;616;;160;91;0;50
318.36;3381;79;79;56;15;90;0;42;29;0;97;60;0.8;1.0;1.0;0;0;0;155;28;9.88;32.6;6.33;41.4;345;128;13.63;13.21;0.969;0;1;0;0;0;0;0;0;0;1;0;607;;160;90;0;50
318.76;3419;78;78;56;14;90;0;39;31;0;97;60;0.8;1.0;1.0;0;0;0;154;31;9.75;32.6;6.24;41.2;345;128;13.63;15.31;1.123;0;1;0;0;0;0;0;0;0;1;0;602;;160;90;0;150
319.16;3317;56;56;32;10;90;0;26;44;0;82;42;0.69;1.0;1.0;0;0;0;107;44;7.0;18.6;4.55;28.3;345;128;14.59;15.31;1.049;0;1;0;0;0;0;0;0;0;1;0;492;;160;90;0;108
319.36;3304;46;46;21;8.46;89;0;21;49;0;70;34;0.65;1.0;1.0;0;0;0;84;49;5.75;12.2;3.83;23.3;345;128;14.7;15.31;1.041;0;1;0;0;0;0;0;0;0;1;0;398;;162;90;0;100
319.78;3138;33;33;18;6.38;89;0;17;53;0;60;23;0.55;1.0;1.0;0;0;0;78;53;4.12;10.5;3.0;16.7;345;128;14.7;14.51;0.987;0;1;0;0;0;0;0;0;0;1;0;323;;162;90;0;78
320.18;3112;29;29;15;5.72;88;0;16;54;0;56;20;0.52;1.0;1.0;0;0;0;72;54;3.62;8.7;2.73;14.8;345;128;14.7;14.51;0.987;0;1;0;0;0;0;0;0;0;1;0;297;;163;89;0;77
320.58;3138;30;30;15;5.86;87;0;16;54;0;57;21;0.53;1.0;1.0;0;0;0;72;54;3.75;8.7;2.78;15.3;345;128;14.7;16.11;1.096;0;1;0;0;0;0;0;0;0;1;0;300;;165;89;0;84
320.98;3151;30;30;15;5.86;87;0;16;54;0;57;21;0.53;1.0;1.0;0;0;0;72;54;3.75;8.7;2.78;15.4;345;128;14.7;16.11;1.096;0;1;0;0;0;0;0;0;0;1;0;301;;165;89;0;83
321.37;3099;31;31;15;6.02;86;0;16;54;0;58;22;0.54;1.0;1.0;0;0;0;72;54;3.88;8.7;2.84;15.5;345;128;14.7;16.11;1.096;0;1;0;0;0;0;0;0;0;1;0;310;;166;89;0;84
321.79;3189;33;33;15;6.25;86;0;16;54;0;59;23;0.55;1.0;1.0;0;0;0;72;54;4.12;8.7;2.93;16.6;345;128;14.7;17.32;1.178;0;1;0;0;0;0;0;0;0;1;0;318;;166;89;0;85
322.18;3138;33;33;15;6.4;86;0;16;53;0;60;23;0.55;1.0;1.0;0;0;0;72;54;4.12;8.7;2.99;16.7;345;128;14.7;17.32;1.178;0;1;0;0;0;0;0;0;0;1;0;322;;166;89;0;85
322.58;3086;31;31;15;5.97;86;0;17;54;0;58;22;0.54;1.0;1.0;0;0;0;72;53;3.88;8.7;2.82;15.4;345;128;14.7;15.01;1.021;0;1;0;0;0;0;0;0;0;1;0;313;;166;88;0;84
322.99;3022;19;19;9;4.05;86;0;21;48;0;48;13;0.39;1.0;1.0;0;0;0;61;49;2.38;5.2;2.05;10.2;345;128;14.93;15.01;1.005;0;1;0;0;0;0;0;0;0;1;0;239;;166;88;0;74
323.41;3022;19;19;5;4.08;85;0;21;49;0;48;13;0.39;1.0;1.0;0;0;0;53;49;2.38;2.9;2.06;10.3;345;128;14.93;15.01;1.005;0;1;0;0;0;0;0;0;0;1;0;238;;167;88;0;74
323.79;2664;13;13;0;3.21;87;0;53;25;0;41;8;0.34;1.0;1.0;0;0;0;42;17;1.62;0.0;1.72;7.1;345;128;14.82;20.53;1.385;0;1;0;0;0;1;0;0;0;1;0;184;;164;88;0;38
324.2;2574;13;13;0;3.23;87;0;65;25;0;41;8;0.34;1.0;1.0;0;0;0;42;5;1.62;0.0;1.73;6.9;345;128;14.82;20.53;1.385;0;1;0;0;0;1;0;0;0;1;0;187;;164;87;0;54
324.61;2600;13;13;0;3.26;87;0;65;25;0;41;7;0.34;1.0;1.0;0;0;0;42;5;1.62;0.0;1.74;7.1;345;128;14.82;20.53;1.385;0;1;0;0;0;1;0;0;0;1;0;186;;165;88;0;54
324.8;2485;14;14;0;3.41;87;0;65;25;0;43;8;0.35;1.0;1.0;0;0;0;42;5;1.75;0.0;1.8;7.1;345;128;14.82;20.53;1.385;0;1;0;0;0;1;0;0;0;1;0;192;;165;88;0;73
325.2;2446;15;15;0;3.43;85;0;65;25;0;43;8;0.35;1.0;1.0;0;0;0;42;5;1.88;0.0;1.8;7.0;345;128;14.82;20.53;1.385;0;1;0;0;0;1;0;0;0;1;0;196;;168;88;0;37
325.62;2369;15;15;0;3.48;87;0;65;25;0;43;8;0.35;1.0;1.0;0;0;0;42;5;1.88;0.0;1.83;6.9;345;128;14.82;20.53;1.385;0;1;0;0;0;1;0;0;0;1;0;197;;164;87;0;57
326.02;2318;15;15;0;3.46;87;0;65;25;0;43;7;0.35;1.0;1.0;0;0;0;42;5;1.88;0.0;1.82;6.7;345;128;14.82;20.53;1.385;0;1;0;0;0;1;0;0;0;1;0;196;;165;87;0;56
326.42;2203;17;17;5;3.77;88;0;53;44;0;46;8;0.38;1.0;1.0;0;0;0;52;17;2.12;2.9;1.95;6.9;345;128;14.82;20.53;1.385;0;1;0;0;0;0;0;0;0;1;0;216;;163;87;0;56
326.81;2613;23;23;6;4.8;90;0;15;55;0;51;13;0.45;1.0;1.0;0;0;0;54;55;2.88;3.5;2.37;10.5;345;128;14.82;20.52;1.385;0;1;0;0;0;0;0;0;0;1;0;253;;161;87;0;76
327.23;2600;23;23;5;4.77;88;0;17;53;0;51;13;0.46;1.0;1.0;0;0;0;53;53;2.88;2.9;2.35;10.3;345;128;14.82;20.52;1.385;0;1;0;0;0;0;0;0;0;1;0;256;;163;86;0;73
327.63;2523;13;13;0;3.17;90;0;39;25;0;40;7;0.33;1.0;1.0;0;0;0;42;31;1.62;0.0;1.72;6.7;345;128;14.82;13.82;0.933;0;1;0;0;0;1;0;0;0;1;0;173;;160;86;0;53
328.02;2216;13;13;0;3.15;88;0;64;25;0;40;6;0.33;1.0;1.0;0;0;0;42;6;1.62;0.0;1.7;5.8;345;128;14.82;13.82;0.933;0;1;0;0;0;1;0;0;0;1;0;178;;163;86;0;54
328.43;2190;18;18;3;3.98;87;0;24;46;0;47;9;0.38;1.0;1.0;0;0;0;48;46;2.25;1.7;2.03;7.3;345;128;14.82;13.82;0.933;0;1;0;0;0;0;0;0;0;1;0;231;;165;86;0;74
328.83;2356;13;13;1;3.27;88;0;27;43;0;41;7;0.34;1.0;1.0;0;0;0;45;43;1.62;0.6;1.75;6.4;345;128;14.82;16.22;1.094;0;1;0;0;0;0;0;0;0;1;0;185;;163;86;0;54
329.24;2331;13;13;0;3.15;86;0;34;25;0;40;7;0.33;1.0;1.0;0;0;0;42;36;1.62;0.0;1.69;6.1;345;128;14.82;16.22;1.094;0;1;0;0;0;1;0;0;0;1;0;179;;166;86;0;54
329.63;2100;12;12;0;3.11;87;0;63;23;0;39;6;0.33;1.0;1.0;0;0;0;42;7;1.5;0.0;1.68;5.4;345;128;14.82;16.22;1.094;0;1;0;0;0;1;0;0;0;1;0;169;;163;86;0;53
330.04;2024;13;13;0;3.2;86;0;66;21;0;40;6;0.33;1.0;1.0;0;0;0;42;4;1.62;0.0;1.71;5.4;345;128;14.82;16.22;1.094;0;1;0;0;0;1;0;0;0;1;0;178;;166;86;0;52
330.46;1921;13;13;0;3.13;85;0;67;20;0;40;5;0.33;1.0;1.0;0;0;0;42;3;1.62;0.0;1.68;5.0;345;128;14.82;16.22;1.094;0;1;0;0;0;1;0;0;0;1;0;178;;163;85;0;54
330.64;1883;12;12;0;3.11;85;0;70;20;0;40;5;0.33;1.0;1.0;0;0;0;42;0;1.5;0.0;1.67;4.9;345;128;14.82;16.22;1.094;0;1;0;0;0;1;0;0;0;1;0;172;;167;86;0;53
331.04;1819;13;13;0;3.23;85;0;70;20;0;41;5;0.34;1.0;1.0;0;0;0;42;0;1.62;0.0;1.72;4.9;345;128;14.7;16.22;1.103;0;1;0;0;0;1;0;0;0;1;0;180;;167;86;0;54
331.45;1780;13;13;0;3.21;87;0;70;20;0;40;5;0.33;1.0;1.0;0;0;0;42;0;1.62;0.0;1.72;4.8;345;128;14.7;16.22;1.103;0;1;0;0;0;1;0;0;0;1;0;175;;164;86;0;53
331.86;1755;13;13;0;3.16;85;0;70;20;0;40;5;0.33;1.0;1.0;0;0;0;42;0;1.62;0.0;1.69;4.6;345;128;14.7;16.22;1.103;0;1;0;0;0;1;0;0;0;1;0;177;;167;86;0;52
332.25;1691;13;13;0;3.15;86;0;70;20;0;40;4;0.33;1.0;1.0;0;0;0;42;0;1.62;0.0;1.69;4.4;345;128;14.7;16.22;1.103;0;1;0;0;0;1;0;0;0;1;0;178;;166;86;0;53
332.66;1614;12;12;0;3.11;85;0;70;20;0;40;4;0.32;1.0;1.0;0;0;0;42;0;1.5;0.0;1.67;4.2;345;128;14.7;16.22;1.103;0;1;0;0;0;1;0;0;0;1;0;177;;167;86;0;53
333.07;1537;19;19;3;4.16;87;0;58;41;0;48;6;0.39;1.0;1.0;0;0;0;49;12;2.38;1.7;2.1;5.3;345;128;14.7;16.22;1.103;0;1;0;0;0;0;0;0;0;1;0;239;;165;86;0;75
333.46;2088;24;24;4;4.98;87;0;19;50;0;51;11;0.46;1.0;1.0;0;0;0;50;51;3.0;2.3;2.43;8.7;345;128;14.82;16.22;1.094;0;1;0;0;0;0;0;0;0;1;0;254;;164;85;0;76
333.86;1972;20;20;4;4.38;87;0;22;48;0;49;9;0.42;1.0;1.0;0;0;0;50;48;2.5;2.3;2.19;7.2;345;128;14.82;17.82;1.202;0;1;0;0;0;0;0;0;0;1;0;246;;165;85;0;72
334.27;1921;20;20;4;4.36;87;0;22;46;0;49;9;0.42;1.0;1.0;0;0;0;50;48;2.5;2.3;2.18;7.0;345;128;14.82;17.82;1.202;0;1;0;0;0;0;0;0;0;1;0;243;;165;85;0;75
334.69;1934;15;15;3;3.6;88;0;31;39;0;44;6;0.36;1.0;1.0;0;0;0;49;39;1.88;1.7;1.88;5.8;345;128;14.82;18.72;1.263;0;1;0;0;0;0;0;0;0;1;0;206;;163;85;0;70
335.07;1870;39;39;10;7.43;87;0;20;50;0;61;16;0.63;1.0;1.0;0;0;0;62;50;4.88;5.8;3.41;11.6;345;128;14.82;18.72;1.263;0;1;0;0;0;0;0;0;0;1;0;332;;164;85;0;86
335.5;2190;35;35;10;6.67;90;0;17;52;0;58;17;0.6;1.0;1.0;0;0;0;63;53;4.38;5.8;3.12;12.2;345;128;14.82;18.72;1.263;0;1;0;0;0;0;0;0;0;1;0;313;;161;85;0;84
335.89;2100;39;39;10;7.28;87;0;18;52;0;62;19;0.63;1.0;1.0;0;0;0;63;52;4.88;5.8;3.35;12.7;345;128;14.82;16.31;1.101;0;1;0;0;0;0;0;0;0;1;0;341;;165;85;0;100
336.1;2216;37;37;10;6.93;87;0;18;53;0;60;18;0.62;1.0;1.0;0;0;0;63;52;4.62;5.8;3.21;12.8;345;128;14.82;16.31;1.101;0;1;0;0;0;0;0;0;0;1;0;320;;164;85;0;85
336.48;2100;37;37;10;6.96;87;0;18;53;0;60;18;0.62;1.0;1.0;0;0;0;63;52;4.62;5.8;3.22;12.2;345;128;14.82;16.31;1.101;0;1;0;0;0;0;0;0;0;1;0;325;;164;85;0;85
336.88;2216;37;37;10;6.92;88;0;18;53;0;60;18;0.62;1.0;1.0;0;0;0;63;52;4.62;5.8;3.21;12.8;345;128;14.82;14.31;0.966;0;1;0;0;0;0;0;0;0;1;0;323;;163;85;0;81
337.28;2062;28;28;7;5.53;87;0;18;52;0;54;13;0.53;1.0;1.0;0;0;0;57;52;3.5;4.1;2.65;9.5;345;128;14.82;14.31;0.966;0;1;0;0;0;0;0;0;0;1;0;278;;165;85;0;81
337.68;2024;19;19;4;4.16;87;0;23;47;0;48;8;0.4;1.0;1.0;0;0;0;50;47;2.38;2.3;2.1;7.0;345;128;14.82;13.61;0.918;0;1;0;0;0;0;0;0;0;1;0;234;;165;85;0;73
338.1;2049;23;23;4;4.9;86;0;20;50;0;51;11;0.46;1.0;1.0;0;0;0;50;50;2.88;2.3;2.39;8.4;345;128;14.82;13.61;0.918;0;1;0;0;0;0;0;0;0;1;0;254;;166;85;0;86
338.51;2100;27;27;4;5.41;85;0;18;52;0;53;12;0.51;1.0;1.0;0;0;0;51;52;3.38;2.3;2.59;9.5;345;128;14.82;13.61;0.918;0;1;0;0;0;0;0;0;0;1;0;272;;167;84;0;78
338.91;2049;28;28;5;5.48;85;0;18;52;0;54;13;0.53;1.0;1.0;0;0;0;52;52;3.5;2.9;2.62;9.4;345;128;14.82;14.51;0.979;0;1;0;0;0;0;0;0;0;1;0;276;;167;84;0;81
339.32;2113;27;27;5;5.45;86;0;17;53;0;53;12;0.51;1.0;1.0;0;0;0;52;53;3.38;2.9;2.61;9.6;345;128;14.82;14.51;0.979;0;1;0;0;0;0;0;0;0;1;0;273;;166;85;0;81
339.72;1870;16;16;1;3.71;87;0;30;23;0;45;7;0.37;1.0;1.0;0;0;0;44;40;2.0;0.6;1.92;5.8;345;128;14.82;13.21;0.891;0;1;0;0;0;1;0;0;0;1;0;210;;164;85;0;73
340.12;1588;16;16;1;3.73;85;0;62;20;0;46;6;0.37;1.0;1.0;0;0;0;44;8;2.0;0.6;1.92;4.9;345;128;14.7;13.21;0.899;0;1;0;0;0;1;0;0;0;1;0;223;;167;84;0;74
340.53;1537;20;20;1;4.33;85;0;70;20;0;49;6;0.41;1.0;1.0;0;0;0;45;0;2.5;0.6;2.16;5.5;345;128;14.7;13.21;0.899;0;1;0;0;0;1;0;0;0;1;0;246;;168;84;0;75
340.92;1486;29;29;2;5.73;85;0;64;20;0;54;9;0.53;1.0;1.0;0;0;0;46;6;3.62;1.2;2.72;7.1;345;128;14.7;13.21;0.899;0;1;0;0;0;1;0;0;0;1;0;283;;168;84;0;75
341.33;1947;24;24;3;4.93;85;0;21;49;0;51;10;0.47;1.0;1.0;0;0;0;48;49;3.0;1.7;2.4;8.0;345;128;14.82;13.21;0.891;0;1;0;0;0;0;0;0;0;1;0;256;;167;84;0;76
341.72;1895;27;27;4;5.43;85;0;21;51;0;53;12;0.52;1.0;1.0;0;0;0;50;49;3.38;2.3;2.6;8.6;345;128;14.82;15.71;1.06;0;1;0;0;0;0;0;0;0;1;0;272;;168;84;0;38
341.94;1921;16;16;0;3.76;85;0;29;20;0;45;7;0.37;1.0;1.0;0;0;0;42;41;2.0;0.0;1.93;6.0;345;128;14.82;15.71;1.06;0;1;0;0;0;1;0;0;0;1;0;215;;167;84;0;73
342.32;1473;18;18;3;4.07;88;0;53;39;0;48;6;0.39;1.0;1.0;0;0;0;48;17;2.25;1.7;2.07;5.0;345;128;14.7;15.71;1.069;0;1;0;0;0;0;0;0;0;1;0;235;;164;84;0;74
342.73;1934;29;29;3;5.8;86;0;19;51;0;54;12;0.54;1.0;1.0;0;0;0;49;51;3.62;1.7;2.75;9.3;345;128;14.82;14.71;0.993;0;1;0;0;0;0;0;0;0;1;0;280;;166;84;0;82
343.14;1985;28;28;5;5.5;86;0;21;49;0;53;12;0.52;1.0;1.0;0;0;0;52;49;3.5;2.9;2.63;9.1;345;128;14.82;14.71;0.993;0;1;0;0;0;0;0;0;0;1;0;274;;166;84;0;81
343.55;1972;35;35;8;6.7;86;0;19;51;0;58;16;0.61;1.0;1.0;0;0;0;59;51;4.38;4.7;3.11;11.0;345;128;14.82;14.71;0.993;0;1;0;0;0;0;0;0;0;1;0;315;;166;84;0;84
343.95;1985;38;38;9;7.11;87;0;19;51;0;61;17;0.63;1.0;1.0;0;0;0;61;51;4.75;5.2;3.28;11.8;345;128;14.82;15.91;1.074;0;1;0;0;0;0;0;0;0;1;0;328;;165;84;0;85
344.36;2024;25;25;5;5.08;87;0;19;51;0;52;11;0.49;1.0;1.0;0;0;0;52;51;3.12;2.9;2.47;8.6;345;128;14.82;15.91;1.074;0;1;0;0;0;0;0;0;0;1;0;263;;165;84;0;77
344.76;1934;22;22;5;4.67;88;0;23;48;0;50;9;0.45;1.0;1.0;0;0;0;52;47;2.75;2.9;2.31;7.5;345;128;14.82;14.71;0.993;0;1;0;0;0;0;0;0;0;1;0;251;;163;84;0;75
345.15;1870;19;19;3;4.12;86;0;24;47;0;48;8;0.4;1.0;1.0;0;0;0;49;46;2.38;1.7;2.08;6.4;345;128;14.82;14.71;0.993;0;1;0;0;0;0;0;0;0;1;0;239;;166;84;0;75
345.55;1895;35;35;13;6.61;87;0;20;51;0;58;15;0.61;1.0;1.0;0;0;0;68;50;4.38;7.6;3.08;10.4;345;128;14.82;14.71;0.993;0;1;0;0;0;0;0;0;0;1;0;310;;165;84;0;84
345.95;2369;72;72;27;13;89;0;38;32;0;88;37;0.81;1.0;1.0;0;0;0;97;32;9.0;15.7;5.67;25.8;345;128;14.04;17.32;1.234;0;1;0;0;0;0;0;0;0;1;0;534;;162;83;0;44
346.37;2485;72;72;30;13;91;0;39;31;0;89;41;0.82;1.0;1.0;0;0;0;102;31;9.0;17.4;5.7;27.1;345;128;14.04;17.32;1.234;0;1;0;0;0;0;0;0;0;1;0;544;;159;83;0;107
346.77;2331;57;57;23;10;90;0;25;45;0;79;30;0.73;1.0;1.0;0;0;0;88;45;7.12;13.4;4.46;19.5;345;128;14.82;15.21;1.026;0;1;0;0;0;0;0;0;0;1;0;465;;160;83;0;42
347.17;1998;17;17;0;3.76;87;0;44;25;0;46;7;0.38;1.0;1.0;0;0;0;42;26;2.12;0.0;1.94;6.3;345;128;14.82;15.21;1.026;0;1;0;0;0;1;0;0;0;1;0;217;;165;83;0;56
347.36;1639;20;20;1;4.4;88;0;69;20;0;49;7;0.42;1.0;1.0;0;0;0;45;1;2.5;0.6;2.2;6.0;345;128;14.7;15.21;1.035;0;1;0;0;0;1;0;0;0;1;0;245;;163;83;0;75
347.78;1716;78;78;29;15;87;0;40;29;0;92;30;0.84;1.0;1.0;0;0;0;100;30;9.75;16.9;6.32;21.0;345;128;13.07;23.41;1.791;0;1;0;0;0;0;0;0;0;1;0;570;;164;83;0;149
348.18;2818;86;86;51;17;90;0;43;27;0;100;54;0.84;1.0;1.0;0;0;0;144;27;10.75;29.7;7.06;38.8;345;128;13.54;23.41;1.729;0;1;0;0;0;0;0;0;0;1;0;629;;159;82;0;153
348.59;2805;85;85;51;16;92;0;43;26;0;100;54;0.85;1.0;1.0;0;0;0;144;27;10.62;29.7;6.9;37.6;345;128;13.54;13.71;1.013;0;1;0;0;0;0;0;0;0;1;0;626;;157;82;0;153
348.99;2805;84;84;51;16;92;0;43;26;1;100;54;0.85;1.0;1.0;0;0;0;144;27;10.5;29.7;6.84;37.3;345;128;13.54;13.71;1.013;0;1;0;0;0;0;0;0;0;1;0;624;;158;82;0;113
349.37;2920;82;82;51;15;90;0;42;27;1;99;54;0.82;1.0;1.0;0;0;0;144;28;10.25;29.7;6.57;37.2;345;128;13.54;13.71;1.013;0;1;0;0;0;0;0;0;0;1;0;623;;160;82;0;153
349.78;2882;78;78;48;14;90;0;40;29;1;97;51;0.8;1.0;1.0;0;0;0;138;30;9.75;27.9;6.17;34.3;345;128;13.54;14.81;1.094;0;1;0;0;0;0;0;0;0;1;0;605;;160;82;0;150
350.18;2946;78;78;48;14;90;0;40;29;0;97;52;0.8;1.0;1.0;0;0;0;139;30;9.75;27.9;6.25;35.6;345;128;13.54;14.81;1.094;0;1;0;0;0;0;0;0;0;1;0;606;;161;82;0;150
350.6;2997;86;86;69;21;90;183;43;27;0;102;59;0.84;1.0;1.0;0;0;0;180;27;10.75;40.1;8.75;51.8;345;128;13.54;13.71;1.013;0;1;0;0;0;0;0;0;0;1;0;638;;160;82;0;152
350.98;3151;88;88;70;17;90;0;44;26;0;103;63;0.85;1.0;1.0;0;0;0;182;26;11.0;40.7;7.32;45.1;345;128;13.63;13.71;1.006;0;1;0;0;0;0;0;0;0;1;0;646;;160;82;0;51
351.39;3253;86;86;70;17;90;0;44;26;0;102;63;0.84;1.0;1.0;0;0;0;182;26;10.75;40.7;7.12;45.2;345;128;13.63;13.71;1.006;0;1;0;0;0;0;0;0;0;1;0;641;;160;81;0;148
351.81;3048;42;42;5;7.77;90;0;25;45;0;67;30;0.62;1.0;1.0;0;0;0;52;45;5.25;2.9;3.56;19.7;345;128;15.05;9.81;0.652;0;1;0;0;0;0;0;0;0;1;0;377;;161;81;0;85
352.21;2600;13;13;0;3.25;90;0;49;25;0;41;8;0.34;1.0;1.0;0;0;0;42;21;1.62;0.0;1.75;7.0;345;128;14.82;9.81;0.662;0;1;0;0;0;1;0;0;0;1;0;183;;161;81;0;54
352.62;2331;14;14;0;3.28;89;0;65;25;0;42;7;0.34;1.0;1.0;0;0;0;42;5;1.75;0.0;1.76;6.4;345;128;14.82;21.12;1.425;0;1;0;0;0;1;0;0;0;1;0;189;;162;81;0;54
353.0;2549;17;17;2;3.73;87;0;25;45;0;46;9;0.38;1.0;1.0;0;0;0;47;45;2.12;1.2;1.93;7.9;345;128;14.82;21.12;1.425;0;1;0;0;0;0;0;0;0;1;0;216;;164;81;0;56
353.21;2472;15;15;1;3.43;87;0;57;25;0;43;8;0.35;1.0;1.0;0;0;0;44;13;1.88;0.6;1.81;7.1;345;128;14.82;21.12;1.425;0;1;0;0;0;1;0;0;0;1;0;195;;165;81;0;54
353.6;2254;14;14;0;3.31;87;0;65;25;0;42;7;0.34;1.0;1.0;0;0;0;42;5;1.75;0.0;1.76;6.2;345;128;14.82;21.12;1.425;0;1;0;0;0;1;0;0;0;1;0;188;;165;81;0;54
354.01;2152;14;14;0;3.28;85;0;65;25;0;42;7;0.34;1.0;1.0;0;0;0;42;5;1.75;0.0;1.74;5.9;345;128;14.82;21.12;1.425;0;1;0;0;0;1;0;0;0;1;0;189;;167;81;0;54
354.41;2152;14;14;0;3.35;84;0;65;25;0;43;7;0.35;1.0;1.0;0;0;0;42;5;1.75;0.0;1.76;6.0;345;128;14.82;21.12;1.425;0;1;0;0;0;1;0;0;0;1;0;192;;169;81;0;70
354.82;1998;14;14;0;3.32;84;0;65;24;0;42;6;0.34;1.0;1.0;0;0;0;42;5;1.75;0.0;1.75;5.5;345;128;14.82;21.12;1.425;0;1;0;0;0;1;0;0;0;1;0;189;;169;81;0;53
355.22;1883;13;13;0;3.22;86;0;69;21;0;41;5;0.34;1.0;1.0;0;0;0;42;1;1.62;0.0;1.72;5.1;345;128;14.82;21.12;1.425;0;1;0;0;0;1;0;0;0;1;0;186;;166;81;0;36
355.64;1780;13;13;0;3.21;85;0;70;20;0;41;5;0.34;1.0;1.0;0;0;0;42;0;1.62;0.0;1.71;4.8;345;128;14.7;21.12;1.437;0;1;0;0;0;1;0;0;0;1;0;186;;167;81;0;54
356.04;1729;14;14;0;3.33;87;0;70;20;0;42;5;0.34;1.0;1.0;0;0;0;42;0;1.75;0.0;1.77;4.8;345;128;14.7;21.12;1.437;0;1;0;0;0;1;0;0;0;1;0;188;;168;80;0;54
356.44;1755;15;15;0;3.43;85;0;70;20;0;43;5;0.35;1.0;1.0;0;0;0;42;0;1.88;0.0;1.8;5.0;345;128;14.7;21.12;1.437;0;1;0;0;0;1;0;0;0;1;0;193;;168;80;0;70
356.83;1562;14;14;0;3.38;85;0;70;20;0;43;5;0.34;1.0;1.0;0;0;0;42;0;1.75;0.0;1.78;4.4;345;128;14.7;21.12;1.437;0;1;0;0;0;1;0;0;0;1;0;192;;168;80;0;56
357.25;1486;14;14;0;3.41;87;0;70;20;0;43;4;0.34;1.0;1.0;0;0;0;42;0;1.75;0.0;1.8;4.2;345;128;14.7;21.12;1.437;0;1;0;0;0;1;0;0;0;1;0;198;;165;80;0;56
357.65;1345;15;15;0;3.5;86;0;69;20;0;44;4;0.35;1.0;1.0;0;0;0;42;1;1.88;0.0;1.83;3.9;345;128;14.7;21.12;1.437;0;1;0;0;0;1;0;0;0;1;0;203;;166;80;0;57
358.05;1383;14;14;0;3.4;88;0;60;20;0;43;4;0.34;1.0;1.0;0;0;0;42;10;1.75;0.0;1.8;3.9;345;128;14.7;21.12;1.437;0;1;0;0;0;1;0;0;0;1;0;194;;163;80;0;53
358.44;1268;14;14;0;3.36;87;0;52;20;0;43;4;0.34;1.0;1.0;0;0;0;42;18;1.75;0.0;1.78;3.6;345;128;14.7;21.12;1.437;0;1;0;0;0;1;0;0;0;1;0;197;;164;81;0;56
358.86;1178;14;14;0;3.3;86;0;50;20;0;43;3;0.33;1.0;1.0;0;0;0;42;20;1.75;0.0;1.75;3.2;345;128;14.7;14.41;0.98;0;1;0;0;0;1;0;0;0;1;0;199;;166;80;0;57
359.05;1140;14;14;0;3.43;87;0;50;20;0;44;3;0.34;1.0;1.0;0;0;0;42;20;1.75;0.0;1.81;3.3;345;128;14.7;14.41;0.98;0;1;0;0;0;1;0;0;0;1;0;201;;164;81;0;57
359.44;1063;14;14;16;8.0;90;183;39;31;0;44;3;0.33;1.0;1.0;0;0;0;75;31;1.75;9.3;3.65;7.1;345;128;14.7;14.41;0.98;0;1;0;0;0;0;0;0;0;1;0;206;;161;80;0;72
359.85;1255;18;18;39;3.93;87;0;34;33;0;48;4;0.39;1.0;1.0;0;0;0;121;36;2.25;22.7;2.01;4.1;345;128;14.7;14.71;1.001;0;1;0;0;0;0;0;0;0;1;0;232;;164;81;0;74
360.26;1268;16;16;28;3.73;87;0;36;35;0;46;4;0.37;1.0;1.0;0;0;0;99;34;2.0;16.3;1.93;3.9;345;128;14.7;14.71;1.001;0;1;0;0;0;0;0;0;0;1;0;222;;164;81;0;74
360.65;1114;18;18;22;3.93;87;0;38;36;0;48;4;0.38;1.0;1.0;0;0;0;87;32;2.25;12.8;2.01;3.6;345;128;14.7;14.82;1.008;0;1;0;0;0;0;0;0;0;1;0;233;;165;81;0;73
361.07;1153;17;17;22;3.95;88;0;36;33;0;48;4;0.38;1.0;1.0;0;0;0;87;34;2.12;12.8;2.02;3.8;345;128;14.7;14.82;1.008;0;1;0;0;0;0;0;0;0;1;0;234;;163;80;0;74
361.47;1063;18;18;24;3.91;85;0;36;34;0;48;4;0.37;1.0;1.0;0;0;0;91;34;2.25;14.0;1.99;3.5;345;128;14.7;14.82;1.008;0;1;0;0;0;0;0;0;0;1;0;239;;167;81;0;74
361.87;1063;17;17;23;3.83;87;0;36;31;0;48;4;0.37;1.0;1.0;0;0;0;89;34;2.12;13.4;1.97;3.4;345;128;14.7;15.52;1.056;0;1;0;0;0;0;0;0;0;1;0;237;;165;81;0;74
362.27;986;19;19;24;4.21;85;0;38;31;0;50;4;0.4;1.0;1.0;0;0;0;90;32;2.38;14.0;2.11;3.5;345;128;14.7;15.52;1.056;0;1;0;0;0;0;0;0;0;1;0;249;;167;81;0;76
362.69;999;21;21;24;4.56;87;0;37;33;0;51;5;0.42;1.0;1.0;0;0;0;90;33;2.62;14.0;2.26;3.8;345;128;14.7;14.52;0.988;0;1;0;0;0;0;0;0;0;1;0;257;;165;81;0;77
363.09;922;22;22;24;4.61;85;0;38;29;0;52;4;0.44;1.0;1.0;0;0;0;91;32;2.75;14.0;2.27;3.5;345;128;14.7;14.52;0.988;0;1;0;0;0;0;0;0;0;1;0;260;;168;81;0;77
363.47;896;23;23;24;4.78;87;0;40;30;0;52;4;0.43;1.0;1.0;0;0;0;91;30;2.88;14.0;2.35;3.6;345;128;14.47;14.52;1.003;0;1;0;0;0;0;0;0;0;1;0;267;;165;81;0;73
363.89;845;23;23;23;4.76;85;0;43;26;0;53;4;0.44;1.0;1.0;0;0;0;89;27;2.88;13.4;2.33;3.4;345;128;14.47;14.81;1.023;0;1;0;0;0;0;0;0;0;1;0;274;;167;81;0;81
364.28;832;24;24;23;5.01;87;0;44;26;0;54;4;0.46;1.0;1.0;0;0;0;89;26;3.0;13.4;2.44;3.5;345;128;14.47;14.81;1.023;0;1;0;0;0;0;0;0;0;1;0;278;;164;82;0;82
364.69;781;24;24;23;5.03;85;0;41;27;0;54;4;0.47;1.0;1.0;0;0;0;88;29;3.0;13.4;2.44;3.3;345;128;14.47;13.11;0.906;0;1;0;0;0;0;0;0;0;1;0;283;;167;82;0;82
364.89;820;25;25;22;5.23;87;0;39;31;0;55;4;0.48;1.0;1.0;0;0;0;87;31;3.12;12.8;2.53;3.6;345;128;14.47;13.11;0.906;0;1;0;0;0;0;0;0;0;1;0;284;;165;81;0;82
365.29;948;25;25;23;5.21;87;0;39;31;0;54;5;0.48;1.0;1.0;0;0;0;89;31;3.12;13.4;2.52;4.1;345;128;14.47;13.11;0.906;0;1;0;0;0;0;0;0;0;1;0;276;;165;81;0;81
365.7;871;23;23;24;4.8;86;0;41;26;0;53;4;0.45;1.0;1.0;0;0;0;90;29;2.88;14.0;2.35;3.5;345;128;14.47;14.71;1.017;0;1;0;0;0;0;0;0;0;1;0;273;;166;81;0;74
366.11;807;24;24;22;5.02;86;0;41;28;0;54;4;0.47;1.0;1.0;0;0;0;87;29;3.0;12.8;2.44;3.4;345;128;14.47;14.71;1.017;0;1;0;0;0;0;0;0;0;1;0;282;;166;81;0;82
366.52;820;25;25;22;5.11;87;0;41;28;0;54;4;0.46;1.0;1.0;0;0;0;87;29;3.12;12.8;2.48;3.5;345;128;14.47;14.71;1.017;0;1;0;0;0;0;0;0;0;1;0;283;;165;82;0;78
366.92;807;24;24;23;5.03;87;0;41;27;0;54;4;0.47;1.0;1.0;0;0;0;88;29;3.0;13.4;2.45;3.4;345;128;14.47;13.91;0.961;0;1;0;0;0;0;0;0;0;1;0;277;;165;82;0;81
367.32;807;25;25;23;5.22;86;0;41;28;0;55;4;0.48;1.0;1.0;0;0;0;88;29;3.12;13.4;2.52;3.5;345;128;14.47;13.91;0.961;0;1;0;0;0;0;0;0;0;1;0;284;;166;83;0;82
367.73;820;24;24;23;5.08;87;0;42;27;0;54;4;0.46;1.0;1.0;0;0;0;89;28;3.0;13.4;2.47;3.5;345;128;14.47;13.01;0.899;0;1;0;0;0;0;0;0;0;1;0;280;;165;82;0;82
368.13;820;26;26;24;5.35;86;0;41;31;0;55;5;0.48;1.0;1.0;0;0;0;90;29;3.25;14.0;2.57;3.7;345;128;14.47;13.01;0.899;0;1;0;0;0;0;0;0;0;1;0;289;;166;82;0;82
368.53;820;26;26;24;5.27;88;0;39;28;0;55;4;0.48;1.0;1.0;0;0;0;90;31;3.25;14.0;2.55;3.6;345;128;14.47;13.01;0.899;0;1;0;0;0;0;0;0;0;1;0;287;;163;82;0;82
368.93;832;25;25;24;5.21;85;0;38;29;0;55;5;0.48;1.0;1.0;0;0;0;90;32;3.12;14.0;2.51;3.6;345;128;14.47;13.11;0.906;0;1;0;0;0;0;0;0;0;1;0;287;;167;82;0;82
369.34;845;25;25;24;5.22;86;0;41;29;0;55;5;0.48;1.0;1.0;0;0;0;90;29;3.12;14.0;2.52;3.7;345;128;14.47;13.11;0.906;0;1;0;0;0;0;0;0;0;1;0;287;;166;82;0;82
369.74;871;26;26;23;5.28;85;0;39;28;0;55;5;0.48;1.0;1.0;0;0;0;89;31;3.25;13.4;2.54;3.8;345;128;14.47;14.11;0.975;0;1;0;0;0;0;0;0;0;1;0;289;;167;82;0;82
370.13;896;27;27;24;5.45;86;0;43;30;0;55;5;0.48;1.0;1.0;0;0;0;91;27;3.38;14.0;2.61;4.1;345;128;14.47;14.11;0.975;0;1;0;0;0;0;0;0;0;1;0;291;;166;81;0;82
370.34;871;28;28;24;5.68;85;0;40;30;0;56;5;0.51;1.0;1.0;0;0;0;91;30;3.5;14.0;2.7;4.1;345;128;14.47;14.11;0.975;0;1;0;0;0;0;0;0;0;1;0;292;;167;82;0;82
370.74;871;27;27;25;5.41;87;0;43;31;0;55;5;0.48;1.0;1.0;0;0;0;92;27;3.38;14.5;2.6;3.9;345;128;14.47;14.01;0.968;0;1;0;0;0;0;0;0;0;1;0;289;;165;81;0;82
371.16;820;24;24;25;5.07;88;0;38;32;0;54;4;0.46;1.0;1.0;0;0;0;92;32;3.0;14.5;2.47;3.5;345;128;14.47;14.01;0.968;0;1;0;0;0;0;0;0;0;1;0;281;;163;81;0;82
371.54;820;24;24;25;5.02;86;0;40;27;0;54;4;0.46;1.0;1.0;0;0;0;92;30;3.0;14.5;2.44;3.4;345;128;14.47;14.01;0.968;0;1;0;0;0;0;0;0;0;1;0;283;;166;81;0;82
371.95;820;24;24;23;5.03;89;0;41;26;0;54;4;0.46;1.0;1.0;0;0;0;88;29;3.0;13.4;2.46;3.4;345;128;14.47;14.51;1.003;0;1;0;0;0;0;0;0;0;1;0;278;;162;81;0;81
372.34;871;26;26;23;5.31;87;0;38;27;0;55;5;0.48;1.0;1.0;0;0;0;89;32;3.25;13.4;2.56;3.9;345;128;14.47;14.51;1.003;0;1;0;0;0;0;0;0;0;1;0;288;;163;80;0;82
372.77;935;27;27;23;5.47;86;0;39;31;0;55;5;0.49;1.0;1.0;0;0;0;89;31;3.38;13.4;2.62;4.3;345;128;14.47;14.01;0.968;0;1;0;0;0;0;0;0;0;1;0;291;;166;81;0;82
373.17;845;25;25;22;5.26;87;0;39;30;0;55;5;0.48;1.0;1.0;0;0;0;87;31;3.12;12.8;2.54;3.7;345;128;14.47;14.01;0.968;0;1;0;0;0;0;0;0;0;1;0;284;;164;81;0;78
373.57;935;27;27;23;5.43;87;0;40;30;0;55;5;0.49;1.0;1.0;0;0;0;89;30;3.38;13.4;2.61;4.2;345;128;14.47;14.01;0.968;0;1;0;0;0;0;0;0;0;1;0;289;;165;80;0;82
373.97;884;28;28;23;5.6;88;0;39;31;0;55;5;0.48;1.0;1.0;0;0;0;88;31;3.5;13.4;2.68;4.1;345;128;14.47;14.31;0.989;0;1;0;0;0;0;0;0;0;1;0;291;;163;80;0;83
374.37;871;27;27;23;5.43;85;0;37;29;0;56;5;0.51;1.0;1.0;0;0;0;88;33;3.38;13.4;2.6;3.9;345;128;14.47;14.31;0.989;0;1;0;0;0;0;0;0;0;1;0;292;;167;80;0;82
374.78;896;29;29;24;5.9;88;0;39;34;0;56;6;0.52;1.0;1.0;0;0;0;90;31;3.62;14.0;2.8;4.4;345;128;14.47;14.01;0.968;0;1;0;0;0;0;0;0;0;1;0;295;;163;80;0;83
375.17;845;27;27;23;5.47;86;0;37;33;0;56;5;0.5;1.0;1.0;0;0;0;89;33;3.38;13.4;2.62;3.9;345;128;14.47;14.01;0.968;0;1;0;0;0;0;0;0;0;1;0;292;;166;80;0;82
375.57;935;29;29;23;5.8;88;0;38;32;0;56;5;0.52;1.0;1.0;0;0;0;89;32;3.62;13.4;2.76;4.5;345;128;14.47;14.01;0.968;0;1;0;0;0;0;0;0;0;1;0;297;;164;80;0;83
375.98;884;28;28;24;5.55;86;0;38;32;0;56;5;0.51;1.0;1.0;0;0;0;91;32;3.5;14.0;2.65;4.1;345;128;14.47;14.51;1.003;0;1;0;0;0;0;0;0;0;1;0;292;;166;80;0;82
376.17;948;29;29;22;5.86;85;0;40;33;0;56;6;0.52;1.0;1.0;0;0;0;87;30;3.62;12.8;2.77;4.6;345;128;14.47;14.51;1.003;0;1;0;0;0;0;0;0;0;1;0;297;;167;80;0;83
376.58;871;26;26;23;5.36;89;0;35;31;0;55;5;0.48;1.0;1.0;0;0;0;88;35;3.25;13.4;2.59;3.9;345;128;14.47;14.51;1.003;0;1;0;0;0;0;0;0;0;1;0;291;;164;80;0;82
377.0;948;30;30;25;5.93;85;0;38;33;0;56;6;0.52;1.0;1.0;0;0;0;92;32;3.75;14.5;2.8;4.7;345;128;14.47;12.81;0.885;0;1;0;0;0;0;0;0;0;1;0;298;;167;80;0;83
377.4;845;25;25;23;5.23;87;0;37;28;0;55;5;0.48;1.0;1.0;0;0;0;88;33;3.12;13.4;2.53;3.7;345;128;14.47;12.81;0.885;0;1;0;0;0;0;0;0;0;1;0;290;;165;80;0;82
377.8;922;29;29;23;5.83;87;0;38;32;0;56;5;0.52;1.0;1.0;0;0;0;89;32;3.62;13.4;2.77;4.5;345;128;14.47;13.01;0.899;0;1;0;0;0;0;0;0;0;1;0;298;;165;80;0;83
378.21;884;27;27;24;5.43;87;0;36;32;0;55;5;0.48;1.0;1.0;0;0;0;90;34;3.38;14.0;2.61;4.0;345;128;14.47;13.01;0.899;0;1;0;0;0;0;0;0;0;1;0;290;;165;80;0;82
378.6;935;29;29;23;5.76;85;0;38;32;0;56;5;0.52;1.0;1.0;0;0;0;89;32;3.62;13.4;2.73;4.5;345;128;14.47;13.01;0.899;0;1;0;0;0;0;0;0;0;1;0;298;;167;80;0;83
379.01;845;26;26;23;5.25;86;0;38;32;0;55;5;0.48;1.0;1.0;0;0;0;89;32;3.25;13.4;2.53;3.7;345;128;14.47;13.51;0.934;0;1;0;0;0;0;0;0;0;1;0;291;;166;80;0;82
379.4;973;30;30;23;5.88;85;0;38;32;0;56;6;0.53;1.0;1.0;0;0;0;88;32;3.75;13.4;2.78;4.8;345;128;14.47;13.51;0.934;0;1;0;0;0;0;0;0;0;1;0;298;;167;80;0;90
379.81;884;28;28;23;5.63;87;0;36;32;0;56;5;0.51;1.0;1.0;0;0;0;89;34;3.5;13.4;2.69;4.1;345;128;14.47;13.61;0.941;0;1;0;0;0;0;0;0;0;1;0;292;;165;80;0;82
380.22;922;29;29;23;5.76;85;0;39;31;0;56;6;0.52;1.0;1.0;0;0;0;88;31;3.62;13.4;2.73;4.4;345;128;14.47;13.61;0.941;0;1;0;0;0;0;0;0;0;1;0;296;;167;80;0;83
380.63;845;27;27;24;5.53;87;0;38;32;0;56;5;0.5;1.0;1.0;0;0;0;90;32;3.38;14.0;2.65;3.9;345;128;14.47;13.61;0.941;0;1;0;0;0;0;0;0;0;1;0;292;;165;80;0;83
381.03;922;29;29;22;5.73;85;0;40;33;0;56;6;0.52;1.0;1.0;0;0;0;86;30;3.62;12.8;2.72;4.4;345;128;14.47;14.01;0.968;0;1;0;0;0;0;0;0;0;1;0;294;;167;80;0;82
381.43;884;26;26;22;5.3;86;0;37;31;0;55;5;0.48;1.0;1.0;0;0;0;86;33;3.25;12.8;2.55;3.9;345;128;14.47;14.01;0.968;0;1;0;0;0;0;0;0;0;1;0;291;;163;79;0;82
381.63;884;29;29;21;5.82;86;0;38;32;0;56;6;0.51;1.0;1.0;0;0;0;84;32;3.62;12.2;2.76;4.3;345;128;14.47;14.01;0.968;0;1;0;0;0;0;0;0;0;1;0;296;;166;80;0;83
382.04;986;29;29;22;5.83;85;0;37;32;0;57;6;0.53;1.0;1.0;0;0;0;86;33;3.62;12.8;2.76;4.8;345;128;14.47;12.81;0.885;0;1;0;0;0;0;0;0;0;1;0;307;;167;80;0;82
382.42;1063;37;37;25;7.06;85;0;35;36;0;63;9;0.58;1.0;1.0;0;0;0;93;35;4.62;14.5;3.25;6.3;345;128;14.7;12.81;0.871;0;1;0;0;0;0;0;0;0;1;0;351;;167;80;0;101
382.83;1422;45;45;27;8.28;85;0;31;40;0;70;14;0.63;1.0;1.0;0;0;0;97;39;5.62;15.7;3.74;9.8;345;128;14.7;16.52;1.124;0;1;0;0;0;0;0;0;0;1;0;397;;167;79;0;100
383.23;1498;42;42;27;7.83;85;0;28;42;0;66;14;0.64;1.0;1.0;0;0;0;97;42;5.25;15.7;3.56;9.8;345;128;14.7;16.52;1.124;0;1;0;0;0;0;0;0;0;1;0;374;;167;79;0;90
383.64;1588;45;45;30;8.32;86;0;28;42;0;70;16;0.65;1.0;1.0;0;0;0;103;42;5.62;17.4;3.76;11.0;345;128;14.7;16.52;1.124;0;1;0;0;0;0;0;0;0;1;0;396;;166;79;0;100
384.04;1819;47;47;33;8.66;85;0;28;42;0;72;18;0.66;1.0;1.0;0;0;0;108;42;5.88;19.2;3.89;13.1;345;128;14.7;16.72;1.137;0;1;0;0;0;0;0;0;0;1;0;412;;167;80;0;101
384.45;1934;54;54;37;9.65;86;0;28;39;0;77;23;0.7;1.0;1.0;0;0;0;117;42;6.75;21.5;4.29;15.6;345;128;14.82;16.72;1.128;0;1;0;0;0;0;0;0;0;1;0;451;;166;80;0;105
384.84;2164;57;57;41;10;87;0;29;42;0;79;28;0.73;1.0;1.0;0;0;0;125;41;7.12;23.8;4.45;18.1;345;128;14.82;16.92;1.142;0;1;0;0;0;0;0;0;0;1;0;466;;164;80;0;106
385.25;2331;60;60;43;11;90;0;29;41;0;80;31;0.74;1.0;1.0;0;0;0;128;41;7.5;25.0;4.69;20.6;345;128;14.82;16.92;1.142;0;1;0;0;0;0;0;0;0;1;0;479;;160;80;0;107
385.66;2254;61;61;43;11;90;0;30;40;0;82;31;0.76;1.0;1.0;0;0;0;128;40;7.62;25.0;4.86;20.7;345;128;14.04;16.92;1.205;0;1;0;0;0;0;0;0;0;1;0;490;;161;79;0;108
386.07;2216;62;62;44;11;92;0;31;39;0;82;31;0.76;1.0;1.0;0;0;0;130;39;7.75;25.6;4.92;20.6;345;128;14.04;15.91;1.133;0;1;0;0;0;0;0;0;0;1;0;493;;157;78;0;108
386.47;2203;62;62;44;11;93;0;31;39;0;82;31;0.76;1.0;1.0;0;0;0;130;39;7.75;25.6;4.89;20.3;345;128;14.04;15.91;1.133;0;1;0;0;0;0;0;0;0;1;0;489;;156;78;0;108
386.86;2331;62;62;43;11;92;0;31;40;0;81;31;0.75;1.0;1.0;0;0;0;129;39;7.75;25.0;4.85;21.3;345;128;14.82;15.62;1.054;0;1;0;0;0;0;0;0;0;1;0;486;;157;78;0;108
387.07;2305;61;61;44;11;93;0;29;40;0;81;32;0.75;1.0;1.0;0;0;0;130;41;7.62;25.6;4.77;20.7;345;128;14.82;15.62;1.054;0;1;0;0;0;0;0;0;0;1;0;484;;156;78;0;108
387.48;2382;60;60;44;10;91;0;28;42;0;80;32;0.74;1.0;1.0;0;0;0;130;42;7.5;25.6;4.63;20.7;345;128;14.82;15.62;1.054;0;1;0;0;0;0;0;0;0;1;0;472;;159;78;0;107
387.86;2536;56;56;44;9.93;91;0;26;44;0;78;32;0.71;1.0;1.0;0;0;0;130;44;7.0;25.6;4.43;21.0;345;128;14.82;16.02;1.081;0;1;0;0;0;0;0;0;0;1;0;463;;158;77;0;106
388.28;2152;61;61;45;11;92;0;29;40;0;82;30;0.76;1.0;1.0;0;0;0;132;41;7.62;26.2;4.79;19.4;345;128;14.04;16.02;1.141;0;1;0;0;0;0;0;0;0;1;0;491;;158;78;0;101
388.69;2267;62;62;45;11;90;0;31;39;0;82;31;0.76;1.0;1.0;0;0;0;132;39;7.75;26.2;4.91;21.1;345;128;14.82;16.02;1.081;0;1;0;0;0;0;0;0;0;1;0;492;;161;77;0;109
389.08;2267;63;63;45;11;92;0;31;39;0;82;31;0.76;1.0;1.0;0;0;0;132;39;7.88;26.2;4.99;21.4;345;128;14.82;15.32;1.034;0;1;0;0;0;0;0;0;0;1;0;493;;158;77;0;109
389.49;2280;62;62;45;11;92;0;29;41;0;82;31;0.76;1.0;1.0;0;0;0;132;41;7.75;26.2;4.92;21.2;345;128;14.82;15.32;1.034;0;1;0;0;0;0;0;0;0;1;0;493;;157;77;0;101
389.9;2254;64;64;45;11;90;0;32;38;0;83;33;0.77;1.0;1.0;0;0;0;133;38;8.0;26.2;4.93;21.0;345;128;14.04;16.42;1.17;0;1;0;0;0;0;0;0;0;1;0;498;;160;77;0;108
390.29;2228;62;62;45;11;91;0;30;40;0;82;32;0.76;1.0;1.0;0;0;0;133;40;7.75;26.2;4.85;20.4;345;128;14.04;16.42;1.17;0;1;0;0;0;0;0;0;0;1;0;495;;159;77;0;108
390.7;2280;59;59;45;11;91;0;29;41;0;80;30;0.74;1.0;1.0;0;0;0;133;41;7.38;26.2;4.7;20.2;345;128;14.82;16.42;1.108;0;1;0;0;0;0;0;0;0;1;0;472;;159;77;0;107
391.1;2267;59;59;46;10;91;0;28;42;0;80;30;0.74;1.0;1.0;0;0;0;134;42;7.38;26.7;4.64;19.8;345;128;14.82;15.52;1.047;0;1;0;0;0;0;0;0;0;1;0;476;;159;77;0;107
391.52;2318;56;56;46;9.86;91;0;27;42;0;78;29;0.72;1.0;1.0;0;0;0;134;43;7.0;26.7;4.4;19.0;345;128;14.82;15.52;1.047;0;1;0;0;0;0;0;0;0;1;0;463;;159;77;0;99
391.91;2305;56;56;46;9.86;91;0;27;44;0;77;29;0.71;1.0;1.0;0;0;0;134;43;7.0;26.7;4.4;18.9;345;128;14.82;15.42;1.04;0;1;0;0;0;0;0;0;0;1;0;455;;159;77;0;105
392.3;2267;56;56;45;9.9;90;0;28;43;0;78;29;0.72;1.0;1.0;0;0;0;133;42;7.0;26.2;4.41;18.7;345;128;14.82;15.42;1.04;0;1;0;0;0;0;0;0;0;1;0;458;;161;76;0;105
392.72;2305;53;53;44;9.31;89;0;25;45;0;75;27;0.7;1.0;1.0;0;0;0;131;45;6.62;25.6;4.17;17.9;345;128;14.82;15.42;1.04;0;1;0;0;0;0;0;0;0;1;0;442;;162;77;0;105
392.92;2356;52;52;44;9.27;90;0;25;45;0;75;27;0.7;1.0;1.0;0;0;0;131;45;6.5;25.6;4.16;18.2;345;128;14.93;15.92;1.066;0;1;0;0;0;0;0;0;0;1;0;440;;161;76;0;104
393.31;2408;52;52;44;9.22;90;0;24;46;0;75;28;0.7;1.0;1.0;0;0;0;131;46;6.5;25.6;4.14;18.5;345;128;14.93;15.92;1.066;0;1;0;0;0;0;0;0;0;1;0;436;;160;76;0;102
393.74;2369;51;51;44;8.95;88;0;24;46;0;74;27;0.69;1.0;1.0;0;0;0;130;46;6.38;25.6;4.02;17.7;345;128;14.93;15.92;1.066;0;1;0;0;0;0;0;0;0;1;0;430;;163;76;0;102
394.13;2280;43;43;39;7.77;90;0;21;49;0;66;22;0.66;1.0;1.0;0;0;0;121;49;5.38;22.7;3.56;14.8;345;128;14.93;17.21;1.153;0;1;0;0;0;0;0;0;0;1;0;375;;161;76;0;90
394.54;2216;34;34;36;6.47;90;0;17;52;0;58;17;0.6;1.0;1.0;0;0;0;114;53;4.25;20.9;3.04;11.9;345;128;14.82;17.21;1.161;0;1;0;0;0;0;0;0;0;1;0;308;;158;76;0;84
394.94;2216;37;37;35;6.87;90;0;18;52;0;60;18;0.62;1.0;1.0;0;0;0;112;52;4.62;20.3;3.2;12.7;345;128;14.82;13.61;0.918;0;1;0;0;0;0;0;0;0;1;0;322;;161;76;0;85
395.33;2280;39;39;35;7.22;90;0;18;52;0;62;20;0.63;1.0;1.0;0;0;0;113;52;4.88;20.3;3.34;13.7;345;128;14.93;13.61;0.912;0;1;0;0;0;0;0;0;0;1;0;339;;161;76;0;86
395.74;2331;44;44;37;8.01;89;0;22;48;0;67;23;0.66;1.0;1.0;0;0;0;116;48;5.5;21.5;3.65;15.6;345;128;14.93;13.61;0.912;0;1;0;0;0;0;0;0;0;1;0;379;;162;76;0;90
396.15;2356;45;45;38;8.05;90;0;22;49;0;68;24;0.66;1.0;1.0;0;0;0;118;48;5.62;22.1;3.67;15.8;345;128;14.93;15.81;1.059;0;1;0;0;0;0;0;0;0;1;0;386;;161;76;0;91
396.55;2408;45;45;38;8.11;87;0;22;48;0;68;24;0.66;1.0;1.0;0;0;0;118;48;5.62;22.1;3.68;16.3;345;128;14.93;15.81;1.059;0;1;0;0;0;0;0;0;0;1;0;387;;164;76;0;91
396.94;2433;42;42;38;7.63;89;0;20;50;0;64;23;0.66;1.0;1.0;0;0;0;118;50;5.25;22.1;3.5;15.5;345;128;14.93;14.21;0.952;0;1;0;0;0;0;0;0;0;1;0;354;;162;76;0;89
397.34;2382;39;39;37;7.17;88;0;18;52;0;62;21;0.63;1.0;1.0;0;0;0;117;52;4.88;21.5;3.31;14.2;345;128;14.93;14.21;0.952;0;1;0;0;0;0;0;0;0;1;0;341;;163;76;0;86
397.76;2356;43;43;39;7.8;90;0;21;49;0;66;23;0.66;1.0;1.0;0;0;0;120;49;5.38;22.7;3.57;15.3;345;128;14.93;14.21;0.952;0;1;0;0;0;0;0;0;0;1;0;371;;161;76;0;90
398.17;2421;45;45;40;8.08;89;0;22;48;0;69;25;0.66;1.0;1.0;0;0;0;122;48;5.62;23.3;3.68;16.3;345;128;14.93;15.22;1.019;0;1;0;0;0;0;0;0;0;1;0;395;;162;76;0;100
398.35;2523;45;45;41;8.15;90;0;21;49;0;68;25;0.66;1.0;1.0;0;0;0;124;49;5.62;23.8;3.71;17.1;345;128;14.93;15.22;1.019;0;1;0;0;0;0;0;0;0;1;0;384;;160;75;0;91
398.77;2421;42;42;41;7.6;88;0;20;50;0;65;23;0.66;1.0;1.0;0;0;0;125;50;5.25;23.8;3.48;15.3;345;128;14.93;15.22;1.019;0;1;0;0;0;0;0;0;0;1;0;364;;163;76;0;41
399.15;2536;42;42;40;7.71;89;0;20;50;0;65;24;0.65;1.0;1.0;0;0;0;122;50;5.25;23.3;3.53;16.3;345;128;14.93;15.91;1.066;0;1;0;0;0;0;0;0;0;1;0;365;;162;75;0;89
399.56;2497;39;39;36;7.15;90;0;18;52;0;62;22;0.63;1.0;1.0;0;0;0;115;52;4.88;20.9;3.31;14.9;345;128;14.93;15.91;1.066;0;1;0;0;0;0;0;0;0;1;0;337;;161;76;0;82
399.98;2421;28;28;34;5.6;90;0;16;55;0;54;15;0.53;1.0;1.0;0;0;0;110;54;3.5;19.8;2.69;11.3;345;128;14.82;14.01;0.945;0;1;0;0;0;0;0;0;0;1;0;283;;160;75;0;82
400.36;2497;34;34;34;6.4;88;0;15;54;0;58;19;0.6;1.0;1.0;0;0;0;111;55;4.25;19.8;3.0;13.3;345;128;14.82;14.01;0.945;0;1;0;0;0;0;0;0;0;1;0;308;;163;75;0;84
400.78;2485;35;35;35;6.52;90;0;16;54;0;58;19;0.6;1.0;1.0;0;0;0;112;54;4.38;20.3;3.06;13.5;345;128;14.93;14.01;0.938;0;1;0;0;0;0;0;0;0;1;0;310;;161;75;0;84
401.17;2421;34;34;35;6.47;90;0;16;54;0;58;19;0.6;1.0;1.0;0;0;0;112;54;4.25;20.3;3.04;13.1;345;128;14.82;14.21;0.959;0;1;0;0;0;0;0;0;0;1;0;313;;161;75;0;85
401.57;2446;34;34;35;6.35;90;0;16;54;0;57;19;0.59;1.0;1.0;0;0;0;112;54;4.25;20.3;2.99;12.9;345;128;14.82;14.21;0.959;0;1;0;0;0;0;0;0;0;1;0;304;;161;75;0;84
401.99;2421;28;28;33;5.51;87;0;15;55;0;54;15;0.53;1.0;1.0;0;0;0;109;55;3.5;19.2;2.64;11.1;345;128;14.82;13.61;0.918;0;1;0;0;0;0;0;0;0;1;0;276;;164;75;0;74
402.39;2164;28;28;34;5.47;88;0;18;52;0;54;14;0.53;1.0;1.0;0;0;0;111;52;3.5;19.8;2.63;9.9;345;128;14.82;13.61;0.918;0;1;0;0;0;0;0;0;0;1;0;281;;163;75;0;74
402.78;1780;37;37;31;7.06;87;0;22;48;0;60;15;0.62;1.0;1.0;0;0;0;105;48;4.62;18.0;3.26;10.5;345;128;14.7;13.61;0.926;0;1;0;0;0;0;0;0;0;1;0;325;;164;76;0;81
403.19;1895;38;38;31;7.16;87;0;21;49;0;61;16;0.63;1.0;1.0;0;0;0;104;49;4.75;18.0;3.3;11.3;345;128;14.82;14.11;0.952;0;1;0;0;0;0;0;0;0;1;0;333;;165;76;0;35
403.58;1755;35;35;33;6.73;87;0;22;48;0;58;14;0.61;1.0;1.0;0;0;0;108;48;4.38;19.2;3.13;9.8;345;128;14.7;14.11;0.96;0;1;0;0;0;0;0;0;0;1;0;314;;164;75;0;83
404.0;1691;26;26;28;5.21;87;0;23;47;0;52;10;0.49;1.0;1.0;0;0;0;99;47;3.25;16.3;2.52;7.3;345;128;14.7;14.31;0.973;0;1;0;0;0;0;0;0;0;1;0;266;;165;75;0;77
404.19;1703;17;17;25;3.82;86;0;31;37;0;47;6;0.38;1.0;1.0;0;0;0;92;39;2.12;14.5;1.96;5.4;345;128;14.7;14.31;0.973;0;1;0;0;0;0;0;0;0;1;0;225;;166;75;0;74
404.6;1588;16;16;23;3.66;87;0;34;36;0;45;5;0.36;1.0;1.0;0;0;0;88;36;2.0;13.4;1.9;4.8;345;128;14.7;14.31;0.973;0;1;0;0;0;0;0;0;0;1;0;209;;165;75;0;73
405.01;1588;16;16;24;3.61;87;0;35;35;0;44;5;0.35;1.0;1.0;0;0;0;90;35;2.0;14.0;1.88;4.8;345;128;14.7;13.81;0.939;0;1;0;0;0;0;0;0;0;1;0;207;;165;75;0;71
405.41;1537;16;16;22;3.58;85;0;35;35;0;45;5;0.36;1.0;1.0;0;0;0;87;35;2.0;12.8;1.86;4.6;345;128;14.7;13.81;0.939;0;1;0;0;0;0;0;0;0;1;0;211;;167;75;0;73
405.81;1486;15;15;23;3.53;85;0;35;35;0;44;5;0.35;1.0;1.0;0;0;0;88;35;1.88;13.4;1.84;4.4;345;128;14.7;13.81;0.939;0;1;0;0;0;0;0;0;0;1;0;205;;167;75;0;72
406.22;1550;15;15;22;3.5;86;0;35;35;0;44;5;0.35;1.0;1.0;0;0;0;87;35;1.88;12.8;1.83;4.5;345;128;14.7;15.81;1.076;0;1;0;0;0;0;0;0;0;1;0;206;;166;75;0;72
406.62;1537;16;16;21;3.63;85;0;35;35;0;45;5;0.36;1.0;1.0;0;0;0;84;35;2.0;12.2;1.88;4.6;345;128;14.7;15.81;1.076;0;1;0;0;0;0;0;0;0;1;0;213;;166;75;0;73
407.01;1511;16;16;21;3.65;86;0;34;36;0;45;5;0.36;1.0;1.0;0;0;0;85;36;2.0;12.2;1.89;4.6;345;128;14.7;15.32;1.042;0;1;0;0;0;0;0;0;0;1;0;210;;166;75;0;73
407.43;1434;15;15;21;3.51;85;0;35;35;0;44;5;0.35;1.0;1.0;0;0;0;84;35;1.88;12.2;1.83;4.2;345;128;14.7;15.32;1.042;0;1;0;0;0;0;0;0;0;1;0;205;;167;75;0;57
407.83;1473;16;16;23;3.62;86;0;34;36;0;45;5;0.36;1.0;1.0;0;0;0;89;36;2.0;13.4;1.88;4.4;345;128;14.7;15.61;1.062;0;1;0;0;0;0;0;0;0;1;0;213;;166;75;0;73
408.23;1383;16;16;22;3.61;85;0;36;36;0;45;5;0.36;1.0;1.0;0;0;0;86;34;2.0;12.8;1.87;4.2;345;128;14.7;15.61;1.062;0;1;0;0;0;0;0;0;0;1;0;214;;167;75;0;73
408.63;1422;16;16;21;3.58;85;0;35;35;0;45;5;0.36;1.0;1.0;0;0;0;85;35;2.0;12.2;1.86;4.2;345;128;14.7;15.61;1.062;0;1;0;0;0;0;0;0;0;1;0;210;;167;75;0;73
409.03;1434;16;16;22;3.61;85;0;35;35;0;45;5;0.36;1.0;1.0;0;0;0;86;35;2.0;12.8;1.87;4.3;345;128;14.7;15.71;1.069;0;1;0;0;0;0;0;0;0;1;0;212;;167;75;0;73
409.43;1447;15;15;21;3.56;85;0;35;34;0;45;5;0.36;1.0;1.0;0;0;0;85;35;1.88;12.2;1.85;4.3;345;128;14.7;15.71;1.069;0;1;0;0;0;0;0;0;0;1;0;209;;166;75;0;73
409.64;1396;15;15;21;3.52;86;0;36;34;0;44;4;0.35;1.0;1.0;0;0;0;84;34;1.88;12.2;1.84;4.1;345;128;14.7;15.71;1.069;0;1;0;0;0;0;0;0;0;1;0;206;;166;75;0;72
410.03;1396;15;15;21;3.52;86;0;35;34;0;45;4;0.36;1.0;1.0;0;0;0;85;35;1.88;12.2;1.84;4.1;345;128;14.7;14.92;1.015;0;1;0;0;0;0;0;0;0;1;0;210;;166;75;0;73
410.44;1422;17;17;21;3.81;85;0;33;35;0;47;5;0.38;1.0;1.0;0;0;0;85;37;2.12;12.2;1.95;4.5;345;128;14.7;14.92;1.015;0;1;0;0;0;0;0;0;0;1;0;226;;167;75;0;74
410.86;1396;23;23;22;4.8;86;0;30;40;0;51;7;0.46;1.0;1.0;0;0;0;87;40;2.88;12.8;2.35;5.6;345;128;14.7;18.52;1.26;0;1;0;0;0;0;0;0;0;1;0;254;;166;75;0;73
411.25;1614;33;33;25;6.4;86;0;24;46;0;57;12;0.59;1.0;1.0;0;0;0;93;46;4.12;14.5;2.99;8.6;345;128;14.7;18.52;1.26;0;1;0;0;0;0;0;0;0;1;0;301;;166;75;0;83
411.65;1767;55;55;36;9.87;86;0;30;40;0;78;22;0.71;1.0;1.0;0;0;0;115;40;6.88;20.9;4.38;14.5;345;128;14.7;18.52;1.26;0;1;0;0;0;0;0;0;0;1;0;461;;166;76;0;113
412.05;2062;55;55;17;9.8;88;0;29;41;0;77;25;0.71;1.0;1.0;0;0;0;77;41;6.88;9.9;4.36;16.8;345;128;14.82;15.92;1.074;0;1;0;0;0;0;0;0;0;1;0;452;;163;75;0;105
412.46;2024;56;56;18;9.92;88;0;29;41;0;78;26;0.71;1.0;1.0;0;0;0;79;41;7.0;10.5;4.41;16.7;345;128;14.82;15.92;1.074;0;1;0;0;0;0;0;0;0;1;0;460;;164;75;0;42
412.88;2152;61;61;20;11;88;0;31;39;0;81;29;0.75;1.0;1.0;0;0;0;83;39;7.62;11.6;4.92;20.1;345;128;14.04;15.42;1.098;0;1;0;0;0;0;0;0;0;1;0;486;;163;75;0;115
413.26;2152;61;61;21;11;90;0;31;39;0;81;30;0.75;1.0;1.0;0;0;0;84;39;7.62;12.2;4.78;19.4;345;128;14.04;15.42;1.098;0;1;0;0;0;0;0;0;0;1;0;486;;161;75;0;108
413.67;2190;61;61;21;11;90;0;31;39;0;81;30;0.75;1.0;1.0;0;0;0;84;39;7.62;12.2;4.83;20.0;345;128;14.04;15.42;1.098;0;1;0;0;0;0;0;0;0;1;0;486;;160;75;0;108
414.08;2228;61;61;21;11;90;0;30;40;0;81;30;0.75;1.0;1.0;0;0;0;84;40;7.62;12.2;4.84;20.4;345;128;14.04;15.92;1.134;0;1;0;0;0;0;0;0;0;1;0;484;;161;75;0;108
414.47;2216;62;62;21;11;91;0;31;38;0;82;31;0.76;1.0;1.0;0;0;0;84;39;7.75;12.2;4.85;20.3;345;128;14.04;15.92;1.134;0;1;0;0;0;0;0;0;0;1;0;488;;159;75;0;102
414.89;2203;62;62;21;11;91;0;31;39;0;82;31;0.76;1.0;1.0;0;0;0;84;39;7.75;12.2;4.87;20.2;345;128;14.04;14.71;1.048;0;1;0;0;0;0;0;0;0;1;0;495;;159;75;0;108
415.09;2152;54;54;20;9.61;91;0;27;43;0;77;27;0.71;1.0;1.0;0;0;0;83;43;6.75;11.6;4.3;17.2;345;128;14.82;14.71;0.993;0;1;0;0;0;0;0;0;0;1;0;452;;159;75;0;105
415.5;2190;56;56;20;9.92;88;0;28;42;0;78;27;0.72;1.0;1.0;0;0;0;83;42;7.0;11.6;4.41;18.1;345;128;14.82;14.71;0.993;0;1;0;0;0;0;0;0;0;1;0;456;;163;75;0;105
415.89;2088;45;45;12;8.23;87;0;23;48;0;68;21;0.66;1.0;1.0;0;0;0;66;47;5.62;7.0;3.73;14.3;345;128;14.82;13.21;0.891;0;1;0;0;0;0;0;0;0;1;0;387;;164;75;0;91
416.3;1883;43;43;12;7.87;88;0;23;47;0;66;18;0.66;1.0;1.0;0;0;0;66;47;5.38;7.0;3.59;12.3;345;128;14.82;13.21;0.891;0;1;0;0;0;0;0;0;0;1;0;371;;163;75;0;90
416.71;1972;44;44;12;7.98;87;0;22;48;0;67;19;0.66;1.0;1.0;0;0;0;66;48;5.5;7.0;3.63;13.1;345;128;14.82;13.21;0.891;0;1;0;0;0;0;0;0;0;1;0;376;;164;75;0;90
417.1;1947;44;44;12;8.03;87;0;22;48;0;66;19;0.66;1.0;1.0;0;0;0;66;48;5.5;7.0;3.65;13.0;345;128;14.82;15.81;1.067;0;1;0;0;0;0;0;0;0;1;0;374;;164;75;0;90
417.5;1883;43;43;12;7.86;87;0;22;48;0;66;18;0.66;1.0;1.0;0;0;0;66;48;5.38;7.0;3.58;12.3;345;128;14.82;15.81;1.067;0;1;0;0;0;0;0;0;0;1;0;370;;165;75;0;90
417.89;2088;63;63;27;16;87;183;30;40;0;83;28;0.77;1.0;1.0;0;0;0;96;40;7.88;15.7;6.71;27.3;345;128;14.04;12.71;0.905;0;1;0;0;0;0;0;0;0;1;0;500;;164;75;0;109
418.3;2485;72;72;27;13;90;0;41;29;0;88;41;0.81;1.0;1.0;0;0;0;97;29;9.0;15.7;5.69;27.1;345;128;14.04;12.71;0.905;0;1;0;0;0;0;0;0;0;1;0;538;;160;75;0;114
418.72;2036;44;44;14;7.96;87;0;22;48;0;68;20;0.66;1.0;1.0;0;0;0;71;48;5.5;8.1;3.62;13.5;345;128;14.82;12.71;0.858;0;1;0;0;0;0;0;0;0;1;0;385;;164;75;0;86
419.12;2190;62;62;21;11;88;0;34;35;0;82;30;0.76;1.0;1.0;0;0;0;84;36;7.75;12.2;4.9;20.3;345;128;14.04;16.01;1.14;0;1;0;0;0;0;0;0;0;1;0;491;;163;75;0;108
419.52;2216;56;56;21;9.82;90;0;28;42;0;78;28;0.72;1.0;1.0;0;0;0;84;42;7.0;12.2;4.38;18.1;345;128;14.82;16.01;1.08;0;1;0;0;0;0;0;0;0;1;0;459;;161;74;0;106
419.92;1883;28;28;6;5.5;86;0;24;46;0;54;11;0.54;1.0;1.0;0;0;0;54;46;3.5;3.5;2.63;8.6;345;128;14.82;11.51;0.777;0;1;0;0;0;0;0;0;0;1;0;276;;166;75;0;74
420.33;2600;101;101;117;20;90;0;46;24;0;106;59;0.95;1.0;1.0;0;0;1;20;24;12.62;68.0;8.65;44.4;345;128;11.91;11.51;0.966;0;1;0;0;0;0;0;0;0;1;0;670;;161;75;0;154
420.73;2920;93;93;100;18;90;0;47;23;0;105;60;0.87;1.0;1.0;0;0;0;243;23;11.62;58.1;7.8;44.7;345;128;12.06;11.51;0.954;0;1;0;0;0;0;0;0;0;1;0;664;;160;74;0;154
420.94;3189;91;91;99;18;90;0;46;24;0;105;65;0.87;1.0;1.0;0;0;0;241;24;11.38;57.6;7.68;48.0;345;128;11.91;14.21;1.193;0;1;0;0;0;0;0;0;0;1;0;661;;161;75;0;154
421.34;3240;91;91;96;18;90;0;45;24;1;105;67;0.87;1.0;1.0;0;0;0;234;25;11.38;55.8;7.66;48.7;345;128;11.91;14.21;1.193;0;1;0;0;0;0;0;0;0;1;0;660;;160;74;0;154
421.73;3355;90;90;95;18;90;0;46;24;0;104;67;0.86;1.0;1.0;0;0;0;233;24;11.25;55.2;7.56;49.7;345;128;11.91;14.21;1.193;0;1;0;0;0;0;0;0;0;1;0;658;;160;74;0;154
422.13;3355;88;88;79;17;90;0;44;26;0;103;67;0.85;1.0;1.0;0;0;0;200;26;11.0;45.9;7.31;47.9;345;128;13.63;13.01;0.955;0;1;0;0;0;0;0;0;0;1;0;644;;160;74;0;114
422.55;3189;87;87;79;17;91;0;46;25;0;103;64;0.85;1.0;1.0;0;0;0;200;24;10.88;45.9;7.17;44.6;345;128;13.63;13.01;0.955;0;1;0;0;0;0;0;0;0;1;0;645;;159;74;0;153
422.93;2907;85;85;57;16;93;0;46;24;0;101;56;0.84;1.0;1.0;0;0;0;157;24;10.62;33.1;7.04;39.8;345;128;13.54;11.01;0.813;0;1;0;0;0;0;0;0;0;1;0;634;;156;74;0;153
423.35;2088;17;17;0;3.77;90;0;30;24;0;46;8;0.38;1.0;1.0;0;0;0;42;40;2.12;0.0;1.96;6.6;345;128;14.82;11.01;0.743;0;1;0;0;0;1;0;0;0;1;0;222;;160;74;0;73
423.75;1716;15;15;0;3.4;88;0;62;20;0;43;6;0.35;1.0;1.0;0;0;0;42;8;1.88;0.0;1.8;4.9;345;128;14.7;11.01;0.749;0;1;0;0;0;1;0;0;0;1;0;193;;163;74;0;56
424.15;1601;15;15;0;3.52;86;0;70;20;0;44;5;0.35;1.0;1.0;0;0;0;42;0;1.88;0.0;1.84;4.7;345;128;14.7;11.01;0.749;0;1;0;0;0;1;0;0;0;1;0;204;;162;74;0;57
424.56;1511;15;15;0;3.55;86;0;70;20;0;45;5;0.36;1.0;1.0;0;0;0;42;0;1.88;0.0;1.85;4.5;345;128;14.7;11.01;0.749;0;1;0;0;0;1;0;0;0;1;0;208;;166;74;0;72
424.97;1511;17;17;0;3.71;85;0;70;20;0;46;5;0.37;1.0;1.0;0;0;0;42;0;2.12;0.0;1.91;4.7;345;128;14.7;11.01;0.749;0;1;0;0;0;1;0;0;0;1;0;220;;166;74;0;73
425.35;1562;16;16;0;3.68;85;0;70;20;0;46;5;0.37;1.0;1.0;0;0;0;42;0;2.0;0.0;1.9;4.8;345;128;14.7;11.01;0.749;0;1;0;0;0;1;0;0;0;1;0;222;;168;74;0;57
425.77;1498;16;16;0;3.58;85;0;70;20;0;45;5;0.36;1.0;1.0;0;0;0;42;0;2.0;0.0;1.86;4.5;345;128;14.7;11.01;0.749;0;1;0;0;0;1;0;0;0;1;0;211;;168;74;0;73
426.17;1498;16;16;0;3.56;85;0;70;20;0;45;5;0.36;1.0;1.0;0;0;0;42;0;2.0;0.0;1.85;4.4;345;128;14.7;11.01;0.749;0;1;0;0;0;1;0;0;0;1;0;208;;168;74;0;73
426.38;1383;15;15;0;3.43;85;0;70;20;0;44;4;0.35;1.0;1.0;0;0;0;42;0;1.88;0.0;1.8;4.0;345;128;14.7;11.01;0.749;0;1;0;0;0;1;0;0;0;1;0;207;;168;74;0;72
426.78;1422;15;15;0;3.4;86;0;65;20;0;44;4;0.35;1.0;1.0;0;0;0;42;5;1.88;0.0;1.79;4.0;345;128;14.7;11.01;0.749;0;1;0;0;0;1;0;0;0;1;0;200;;166;74;0;57
427.19;1345;14;14;0;3.23;85;0;56;20;0;42;4;0.33;1.0;1.0;0;0;0;42;14;1.75;0.0;1.72;3.6;345;128;14.7;24.72;1.682;0;1;0;0;0;1;0;0;0;1;0;190;;168;74;0;54
427.58;1486;13;13;0;3.13;87;0;50;20;0;41;4;0.33;1.0;1.0;0;0;0;42;20;1.62;0.0;1.69;3.9;345;128;14.7;24.72;1.682;0;1;0;0;0;1;0;0;0;1;0;185;;164;74;0;54
427.98;1691;13;13;0;3.2;88;0;53;20;0;40;4;0.33;1.0;1.0;0;0;0;42;17;1.62;0.0;1.72;4.5;345;128;14.7;13.21;0.899;0;1;0;0;0;1;0;0;0;1;0;175;;163;74;0;53
428.38;1883;13;13;0;3.11;89;0;65;22;0;40;5;0.33;1.0;1.0;0;0;0;42;5;1.62;0.0;1.69;4.9;345;128;14.82;13.21;0.891;0;1;0;0;0;1;0;0;0;1;0;173;;162;74;0;53
428.77;1857;13;13;0;3.13;87;0;70;20;0;40;5;0.33;1.0;1.0;0;0;0;42;0;1.62;0.0;1.69;4.8;345;128;14.82;13.21;0.891;0;1;0;0;0;1;0;0;0;1;0;178;;164;74;0;53
429.19;1755;12;12;0;3.08;89;0;70;20;0;39;5;0.33;1.0;1.0;0;0;0;42;0;1.5;0.0;1.68;4.5;345;128;14.7;13.21;0.899;0;1;0;0;0;1;0;0;0;1;0;164;;162;74;0;53
429.59;1639;12;12;0;3.1;88;0;70;20;0;39;4;0.33;1.0;1.0;0;0;0;42;0;1.5;0.0;1.68;4.2;345;128;14.7;13.21;0.899;0;1;0;0;0;1;0;0;0;1;0;169;;163;74;0;53
430.0;1550;13;13;0;3.15;88;0;70;20;0;40;4;0.32;1.0;1.0;0;0;0;42;0;1.62;0.0;1.7;4.1;345;128;14.7;13.21;0.899;0;1;0;0;0;1;0;0;0;1;0;179;;163;74;0;53
430.41;1434;14;14;0;3.31;87;0;70;20;0;43;4;0.34;1.0;1.0;0;0;0;42;0;1.75;0.0;1.76;4.0;345;128;14.7;13.21;0.899;0;1;0;0;0;1;0;0;0;1;0;193;;164;74;0;54
430.82;1281;13;13;0;3.27;88;0;65;20;0;42;4;0.33;1.0;1.0;0;0;0;42;5;1.62;0.0;1.75;3.5;345;128;14.7;13.21;0.899;0;1;0;0;0;1;0;0;0;1;0;190;;163;74;0;70
431.2;1319;14;14;0;3.33;87;0;56;20;0;43;4;0.34;1.0;1.0;0;0;0;42;14;1.75;0.0;1.77;3.7;345;128;14.7;13.21;0.899;0;1;0;0;0;1;0;0;0;1;0;193;;164;74;0;56
431.61;1281;14;14;0;3.37;88;0;50;20;0;43;4;0.34;1.0;1.0;0;0;0;42;20;1.75;0.0;1.79;3.6;345;128;14.7;13.21;0.899;0;1;0;0;0;1;0;0;0;1;0;193;;163;74;0;70
432.0;1153;13;13;0;3.17;90;0;50;20;0;42;3;0.31;1.0;1.0;0;0;0;42;20;1.62;0.0;1.72;3.0;345;128;14.7;14.61;0.994;0;1;0;0;0;1;0;0;0;1;0;191;;161;74;0;54
432.21;1089;14;14;0;3.4;90;0;50;20;0;44;3;0.33;1.0;1.0;0;0;0;42;20;1.75;0.0;1.81;3.1;345;128;14.7;14.61;0.994;0;1;0;0;0;1;0;0;0;1;0;203;;161;74;0;70
432.62;986;14;14;0;3.41;89;0;50;20;0;45;3;0.33;1.0;1.0;0;0;0;42;20;1.75;0.0;1.81;2.8;345;128;14.7;14.61;0.994;0;1;0;0;0;1;0;0;0;1;0;214;;162;74;0;73
433.03;973;16;16;0;3.62;90;0;50;20;0;47;3;0.34;1.0;1.0;0;0;0;42;20;2.0;0.0;1.9;2.9;345;128;14.7;15.81;1.076;0;1;0;0;0;1;0;0;0;1;0;227;;161;74;0;57
433.41;845;16;16;0;3.6;88;0;50;20;0;48;3;0.34;1.0;1.0;0;0;0;42;20;2.0;0.0;1.88;2.5;345;128;14.7;15.81;1.076;0;1;0;0;0;1;0;0;0;1;0;233;;163;74;0;74
433.81;832;16;16;0;3.62;88;0;50;20;0;48;3;0.34;1.0;1.0;0;0;0;42;20;2.0;0.0;1.89;2.5;345;128;14.7;15.81;1.076;0;1;0;0;0;1;0;0;0;1;0;237;;163;74;0;70
434.22;832;19;19;0;4.05;88;0;50;20;0;50;3;0.38;1.0;1.0;0;0;0;42;20;2.38;0.0;2.06;2.8;345;128;14.7;16.12;1.097;0;1;0;0;0;1;0;0;0;1;0;249;;163;74;0;86
434.63;884;19;19;0;4.03;87;0;50;20;0;50;3;0.38;1.0;1.0;0;0;0;42;20;2.38;0.0;2.05;3.0;345;128;14.7;16.12;1.097;0;1;0;0;0;1;0;0;0;1;0;250;;164;74;0;76
435.02;807;20;20;0;4.23;87;0;50;20;0;51;3;0.41;1.0;1.0;0;0;0;42;20;2.5;0.0;2.13;2.8;345;128;14.7;15.91;1.082;0;1;0;0;0;1;0;0;0;1;0;257;;164;74;0;76
435.43;871;20;20;0;4.31;87;0;50;20;0;51;3;0.41;1.0;1.0;0;0;0;42;20;2.5;0.0;2.16;3.1;345;128;14.7;15.91;1.082;0;1;0;0;0;1;0;0;0;1;0;256;;164;74;0;74
435.84;768;20;20;0;4.32;88;0;50;20;0;51;3;0.41;1.0;1.0;0;0;0;42;20;2.5;0.0;2.17;2.8;345;128;14.7;15.91;1.082;0;1;0;0;0;1;0;0;0;1;0;257;;163;74;0;76
436.24;832;22;22;0;4.63;85;0;50;20;0;53;4;0.44;1.0;1.0;0;0;0;42;20;2.75;0.0;2.28;3.2;345;128;14.7;13.91;0.946;0;1;0;0;0;1;0;0;0;1;0;268;;167;74;0;77
436.65;768;23;23;0;4.76;85;0;50;20;0;53;4;0.45;1.0;1.0;0;0;0;42;20;2.88;0.0;2.33;3.0;345;128;14.47;13.91;0.961;0;1;0;0;0;1;0;0;0;1;0;271;;167;74;0;77
437.04;717;23;23;0;4.7;86;0;50;20;0;53;3;0.45;1.0;1.0;0;0;0;42;20;2.88;0.0;2.31;2.8;345;128;14.47;13.81;0.954;0;1;0;0;0;1;0;0;0;1;0;272;;166;74;0;81
437.43;704;24;24;0;4.98;85;0;50;20;0;54;4;0.47;1.0;1.0;0;0;0;42;20;3.0;0.0;2.42;2.9;345;128;14.47;13.81;0.954;0;1;0;0;0;1;0;0;0;1;0;280;;166;74;0;82
437.84;704;26;26;0;5.26;87;0;50;20;0;55;4;0.48;1.0;1.0;0;0;0;42;20;3.25;0.0;2.54;3.1;345;128;14.47;13.81;0.954;0;1;0;0;0;1;0;0;0;1;0;285;;164;74;0;41
438.06;717;25;25;0;5.12;88;0;50;20;0;54;4;0.47;1.0;1.0;0;0;0;42;20;3.12;0.0;2.49;3.1;345;128;14.47;14.51;1.003;0;1;0;0;0;1;0;0;0;1;0;283;;163;75;0;82
438.44;768;24;24;0;4.91;87;0;50;20;0;53;4;0.45;1.0;1.0;0;0;0;42;20;3.0;0.0;2.4;3.1;345;128;14.47;14.51;1.003;0;1;0;0;0;1;0;0;0;1;0;275;;165;74;0;81
438.84;871;23;23;0;4.85;86;0;50;20;0;53;4;0.45;1.0;1.0;0;0;0;42;20;2.88;0.0;2.37;3.5;345;128;14.47;14.51;1.003;0;1;0;0;0;1;0;0;0;1;0;270;;166;74;0;77
439.26;845;22;22;0;4.52;86;0;50;20;0;52;4;0.42;1.0;1.0;0;0;0;42;20;2.75;0.0;2.24;3.2;345;128;14.7;14.21;0.967;0;1;0;0;0;1;0;0;0;1;0;264;;166;74;0;77
439.66;730;23;23;0;4.76;85;0;50;20;0;53;4;0.45;1.0;1.0;0;0;0;42;20;2.88;0.0;2.33;2.9;345;128;14.47;14.21;0.982;0;1;0;0;0;1;0;0;0;1;0;274;;167;75;0;78
440.08;717;27;27;0;5.33;87;0;50;20;0;55;4;0.48;1.0;1.0;0;0;0;42;20;3.38;0.0;2.57;3.2;345;128;14.47;13.31;0.92;0;1;0;0;0;1;0;0;0;1;0;290;;166;75;0;82
440.46;768;26;26;0;5.23;85;0;50;20;0;55;4;0.48;1.0;1.0;0;0;0;42;20;3.25;0.0;2.52;3.3;345;128;14.47;13.31;0.92;0;1;0;0;0;1;0;0;0;1;0;290;;166;75;0;82
440.87;756;26;26;0;5.23;87;0;50;20;0;55;4;0.48;1.0;1.0;0;0;0;42;20;3.25;0.0;2.53;3.3;345;128;14.47;13.31;0.92;0;1;0;0;0;1;0;0;0;1;0;290;;164;74;0;90
441.27;756;26;26;0;5.28;87;0;50;20;0;55;4;0.48;1.0;1.0;0;0;0;42;20;3.25;0.0;2.55;3.3;345;128;14.47;13.01;0.899;0;1;0;0;0;1;0;0;0;1;0;290;;164;75;0;81
441.68;756;26;26;0;5.33;87;0;50;20;0;55;4;0.48;1.0;1.0;0;0;0;42;20;3.25;0.0;2.57;3.4;345;128;14.47;13.01;0.899;0;1;0;0;0;1;0;0;0;1;0;288;;165;75;0;82
442.09;704;25;25;0;5.1;88;0;50;20;0;54;4;0.47;1.0;1.0;0;0;0;42;20;3.12;0.0;2.48;3.0;345;128;14.47;14.21;0.982;0;1;0;0;0;1;0;0;0;1;0;281;;163;75;0;81
442.48;730;27;27;0;5.41;87;0;50;20;0;55;4;0.48;1.0;1.0;0;0;0;42;20;3.38;0.0;2.6;3.3;345;128;14.47;14.21;0.982;0;1;0;0;0;1;0;0;0;1;0;291;;164;75;0;82
442.87;768;25;25;0;5.02;86;0;50;20;0;54;4;0.47;1.0;1.0;0;0;0;42;20;3.12;0.0;2.44;3.2;345;128;14.47;14.21;0.982;0;1;0;0;0;1;0;0;0;1;0;277;;166;75;0;81
443.29;781;25;25;0;5.05;88;0;50;20;0;54;4;0.47;1.0;1.0;0;0;0;42;20;3.12;0.0;2.46;3.3;345;128;14.47;13.91;0.961;0;1;0;0;0;1;0;0;0;1;0;278;;163;75;0;81
443.7;768;26;26;0;5.28;87;0;50;20;0;55;4;0.48;1.0;1.0;0;0;0;42;20;3.25;0.0;2.55;3.4;345;128;14.47;13.91;0.961;0;1;0;0;0;1;0;0;0;1;0;290;;164;75;0;82
443.9;768;28;28;0;5.57;86;0;50;20;0;56;5;0.51;1.0;1.0;0;0;0;42;20;3.5;0.0;2.66;3.6;345;128;14.47;13.91;0.961;0;1;0;0;0;1;0;0;0;1;0;295;;166;76;0;82
444.3;756;24;24;0;5.01;87;0;50;20;0;54;4;0.47;1.0;1.0;0;0;0;42;20;3.0;0.0;2.44;3.2;345;128;14.47;13.51;0.934;0;1;0;0;0;1;0;0;0;1;0;276;;165;76;0;82
444.7;820;26;26;0;5.26;85;0;50;20;0;55;4;0.48;1.0;1.0;0;0;0;42;20;3.25;0.0;2.53;3.6;345;128;14.47;13.51;0.934;0;1;0;0;0;1;0;0;0;1;0;287;;167;76;0;82
445.12;756;27;27;0;5.47;86;0;50;20;0;56;4;0.51;1.0;1.0;0;0;0;42;20;3.38;0.0;2.62;3.4;345;128;14.47;13.11;0.906;0;1;0;0;0;1;0;0;0;1;0;293;;166;76;0;83
445.51;756;26;26;0;5.25;86;0;50;20;0;55;4;0.48;1.0;1.0;0;0;0;42;20;3.25;0.0;2.53;3.3;345;128;14.47;13.11;0.906;0;1;0;0;0;1;0;0;0;1;0;288;;166;77;0;82
445.91;820;26;26;0;5.2;86;0;50;20;0;55;4;0.48;1.0;1.0;0;0;0;42;20;3.25;0.0;2.51;3.6;345;128;14.47;13.11;0.906;0;1;0;0;0;1;0;0;0;1;0;284;;166;76;0;82
446.32;781;26;26;0;5.3;86;0;50;20;0;55;4;0.48;1.0;1.0;0;0;0;42;20;3.25;0.0;2.55;3.4;345;128;14.47;13.61;0.941;0;1;0;0;0;1;0;0;0;1;0;291;;166;76;0;82
446.72;730;26;26;0;5.23;85;0;50;20;0;55;4;0.48;1.0;1.0;0;0;0;42;20;3.25;0.0;2.52;3.2;345;128;14.47;13.61;0.941;0;1;0;0;0;1;0;0;0;1;0;290;;167;76;0;82
447.13;807;26;26;0;5.22;86;0;50;20;0;55;4;0.48;1.0;1.0;0;0;0;42;20;3.25;0.0;2.52;3.5;345;128;14.47;14.21;0.982;0;1;0;0;0;1;0;0;0;1;0;288;;166;77;0;76
447.52;768;26;26;0;5.3;86;0;50;20;0;55;4;0.48;1.0;1.0;0;0;0;42;20;3.25;0.0;2.55;3.4;345;128;14.47;14.21;0.982;0;1;0;0;0;1;0;0;0;1;0;289;;166;77;0;82
447.92;781;26;26;0;5.23;85;0;50;20;0;55;4;0.48;1.0;1.0;0;0;0;42;20;3.25;0.0;2.52;3.4;345;128;14.47;14.21;0.982;0;1;0;0;0;1;0;0;0;1;0;288;;167;77;0;82
448.34;807;27;27;0;5.38;85;0;50;20;0;55;4;0.48;1.0;1.0;0;0;0;42;20;3.38;0.0;2.58;3.6;345;128;14.47;13.21;0.913;0;1;0;0;0;1;0;0;0;1;0;291;;167;77;0;82
448.74;768;26;26;0;5.21;87;0;50;20;0;55;4;0.48;1.0;1.0;0;0;0;42;20;3.25;0.0;2.52;3.3;345;128;14.47;13.21;0.913;0;1;0;0;0;1;0;0;0;1;0;286;;165;77;0;82
448.95;781;28;28;0;5.57;86;0;50;20;0;56;5;0.51;1.0;1.0;0;0;0;42;20;3.5;0.0;2.66;3.6;345;128;14.47;13.21;0.913;0;1;0;0;0;1;0;0;0;1;0;292;;166;78;0;82
449.34;807;26;26;0;5.25;86;0;50;20;0;55;4;0.48;1.0;1.0;0;0;0;42;20;3.25;0.0;2.53;3.5;345;128;14.47;13.11;0.906;0;1;0;0;0;1;0;0;0;1;0;287;;166;78;0;82
449.76;807;26;26;0;5.27;86;0;50;20;0;55;4;0.48;1.0;1.0;0;0;0;42;20;3.25;0.0;2.54;3.5;345;128;14.47;13.11;0.906;0;1;0;0;0;1;0;0;0;1;0;288;;166;78;0;82
450.16;820;26;26;0;5.3;86;0;50;20;0;55;4;0.48;1.0;1.0;0;0;0;42;20;3.25;0.0;2.55;3.6;345;128;14.47;13.91;0.961;0;1;0;0;0;1;0;0;0;1;0;287;;166;78;0;82
450.55;756;25;25;0;5.15;86;0;50;20;0;55;4;0.48;1.0;1.0;0;0;0;42;20;3.12;0.0;2.49;3.2;345;128;14.47;13.91;0.961;0;1;0;0;0;1;0;0;0;1;0;285;;166;78;0;82
450.95;820;26;26;0;5.32;86;0;50;20;0;55;4;0.48;1.0;1.0;0;0;0;42;20;3.25;0.0;2.56;3.6;345;128;14.47;13.91;0.961;0;1;0;0;0;1;0;0;0;1;0;289;;166;77;0;82
451.36;768;25;25;0;5.13;87;0;50;20;0;54;4;0.47;1.0;1.0;0;0;0;42;20;3.12;0.0;2.49;3.3;345;128;14.47;14.51;1.003;0;1;0;0;0;1;0;0;0;1;0;283;;165;78;0;82
451.76;807;26;26;0;5.27;86;0;50;20;0;55;4;0.48;1.0;1.0;0;0;0;42;20;3.25;0.0;2.54;3.5;345;128;14.47;14.51;1.003;0;1;0;0;0;1;0;0;0;1;0;288;;166;77;0;82
452.16;781;26;26;0;5.25;86;0;50;20;0;55;4;0.48;1.0;1.0;0;0;0;42;20;3.25;0.0;2.53;3.4;345;128;14.47;15.61;1.079;0;1;0;0;0;1;0;0;0;1;0;286;;166;76;0;75
452.58;832;26;26;0;5.25;86;0;50;20;0;55;4;0.48;1.0;1.0;0;0;0;42;20;3.25;0.0;2.53;3.6;345;128;14.47;15.61;1.079;0;1;0;0;0;1;0;0;0;1;0;286;;166;76;0;82
452.97;781;26;26;0;5.3;86;0;50;20;0;55;4;0.48;1.0;1.0;0;0;0;42;20;3.25;0.0;2.55;3.4;345;128;14.47;15.61;1.079;0;1;0;0;0;1;0;0;0;1;0;287;;165;76;0;82
453.37;768;26;26;0;5.26;85;0;50;20;0;55;4;0.48;1.0;1.0;0;0;0;42;20;3.25;0.0;2.53;3.4;345;128;14.47;15.01;1.037;0;1;0;0;0;1;0;0;0;1;0;291;;167;76;0;75
453.77;781;26;26;0;5.22;86;0;50;20;0;55;4;0.48;1.0;1.0;0;0;0;42;20;3.25;0.0;2.52;3.4;345;128;14.47;15.01;1.037;0;1;0;0;0;1;0;0;0;1;0;288;;166;76;0;82
454.19;820;26;26;0;5.28;85;0;50;20;0;55;4;0.48;1.0;1.0;0;0;0;42;20;3.25;0.0;2.54;3.6;345;128;14.47;12.91;0.892;0;1;0;0;0;1;0;0;0;1;0;291;;167;76;0;82
454.6;768;26;26;0;5.2;86;0;50;20;0;55;4;0.48;1.0;1.0;0;0;0;42;20;3.25;0.0;2.51;3.3;345;128;14.47;12.91;0.892;0;1;0;0;0;1;0;0;0;1;0;289;;166;76;0;40
454.78;781;28;28;0;5.55;86;0;50;20;0;56;5;0.51;1.0;1.0;0;0;0;42;20;3.5;0.0;2.65;3.6;345;128;14.47;12.91;0.892;0;1;0;0;0;1;0;0;0;1;0;295;;166;76;0;82
455.18;756;26;26;0;5.17;86;0;50;20;0;55;4;0.48;1.0;1.0;0;0;0;42;20;3.25;0.0;2.5;3.3;345;128;14.47;12.71;0.878;0;1;0;0;0;1;0;0;0;1;0;289;;166;76;0;82
455.59;807;28;28;0;5.55;86;0;50;20;0;56;5;0.51;1.0;1.0;0;0;0;42;20;3.5;0.0;2.65;3.7;345;128;14.47;12.71;0.878;0;1;0;0;0;1;0;0;0;1;0;294;;166;76;0;82
455.99;768;26;26;0;5.18;85;0;50;20;0;55;4;0.48;1.0;1.0;0;0;0;42;20;3.25;0.0;2.5;3.3;345;128;14.47;12.71;0.878;0;1;0;0;0;1;0;0;0;1;0;286;;167;76;0;82
456.4;820;26;26;0;5.3;86;0;50;20;0;55;4;0.48;1.0;1.0;0;0;0;42;20;3.25;0.0;2.55;3.6;345;128;14.47;13.31;0.92;0;1;0;0;0;1;0;0;0;1;0;287;;166;76;0;82
456.82;730;24;24;0;4.98;87;0;50;20;0;54;4;0.47;1.0;1.0;0;0;0;42;20;3.0;0.0;2.43;3.0;345;128;14.47;13.31;0.92;0;1;0;0;0;1;0;0;0;1;0;283;;164;77;0;82
457.2;807;27;27;0;5.47;86;0;50;20;0;56;4;0.51;1.0;1.0;0;0;0;42;20;3.38;0.0;2.62;3.7;345;128;14.47;14.31;0.989;0;1;0;0;0;1;0;0;0;1;0;292;;166;78;0;83
457.62;781;26;26;0;5.32;86;0;50;20;0;55;4;0.48;1.0;1.0;0;0;0;42;20;3.25;0.0;2.56;3.5;345;128;14.47;14.31;0.989;0;1;0;0;0;1;0;0;0;1;0;288;;166;79;0;82
458.02;820;26;26;0;5.37;86;0;50;20;0;55;4;0.48;1.0;1.0;0;0;0;42;20;3.25;0.0;2.58;3.7;345;128;14.47;13.91;0.961;0;1;0;0;0;1;0;0;0;1;0;291;;166;79;0;90
458.44;756;24;24;0;5.02;86;0;50;20;0;54;4;0.47;1.0;1.0;0;0;0;42;20;3.0;0.0;2.44;3.2;345;128;14.47;13.91;0.961;0;1;0;0;0;1;0;0;0;1;0;283;;166;79;0;82
458.83;781;26;26;0;5.35;86;0;50;20;0;55;4;0.48;1.0;1.0;0;0;0;42;20;3.25;0.0;2.57;3.5;345;128;14.47;13.91;0.961;0;1;0;0;0;1;0;0;0;1;0;289;;166;78;0;41
459.24;807;26;26;0;5.31;87;0;50;20;0;55;4;0.48;1.0;1.0;0;0;0;42;20;3.25;0.0;2.56;3.6;345;128;14.47;13.61;0.941;0;1;0;0;0;1;0;0;0;1;0;286;;166;78;0;81
459.65;807;26;26;0;5.32;86;0;50;20;0;55;4;0.48;1.0;1.0;0;0;0;42;20;3.25;0.0;2.56;3.6;345;128;14.47;13.61;0.941;0;1;0;0;0;1;0;0;0;1;0;287;;166;78;0;82
460.05;781;26;26;0;5.27;86;0;50;20;0;55;4;0.48;1.0;1.0;0;0;0;42;20;3.25;0.0;2.54;3.4;345;128;14.47;13.11;0.906;0;1;0;0;0;1;0;0;0;1;0;284;;166;78;0;82
460.25;820;28;28;0;5.65;86;0;50;20;0;56;5;0.5;1.0;1.0;0;0;0;42;20;3.5;0.0;2.69;3.9;345;128;14.47;13.11;0.906;0;1;0;0;0;1;0;0;0;1;0;296;;166;78;0;83
460.65;832;26;26;0;5.25;86;0;50;20;0;55;4;0.48;1.0;1.0;0;0;0;42;20;3.25;0.0;2.53;3.6;345;128;14.47;13.11;0.906;0;1;0;0;0;1;0;0;0;1;0;291;;166;77;0;82
461.05;781;28;28;0;5.58;85;0;50;20;0;56;5;0.51;1.0;1.0;0;0;0;42;20;3.5;0.0;2.66;3.6;345;128;14.47;13.71;0.947;0;1;0;0;0;1;0;0;0;1;0;292;;166;78;0;76
461.44;832;28;28;0;5.63;85;0;50;20;0;56;5;0.5;1.0;1.0;0;0;0;42;20;3.5;0.0;2.68;3.9;345;128;14.47;13.71;0.947;0;1;0;0;0;1;0;0;0;1;0;297;;167;78;0;83
461.83;807;26;26;0;5.36;85;0;50;20;0;56;4;0.51;1.0;1.0;0;0;0;42;20;3.25;0.0;2.57;3.6;345;128;14.47;13.71;0.947;0;1;0;0;0;1;0;0;0;1;0;292;;167;78;0;82
462.26;768;26;26;0;5.32;86;0;50;20;0;55;4;0.48;1.0;1.0;0;0;0;42;20;3.25;0.0;2.56;3.4;345;128;14.47;12.91;0.892;0;1;0;0;0;1;0;0;0;1;0;290;;166;77;0;82
462.64;832;28;28;0;5.58;85;0;50;20;0;56;5;0.5;1.0;1.0;0;0;0;42;20;3.5;0.0;2.66;3.9;345;128;14.47;12.91;0.892;0;1;0;0;0;1;0;0;0;1;0;296;;167;78;0;83
463.05;756;27;27;0;5.42;86;0;50;20;0;56;4;0.51;1.0;1.0;0;0;0;42;20;3.38;0.0;2.6;3.4;345;128;14.47;12.91;0.892;0;1;0;0;0;1;0;0;0;1;0;292;;166;77;0;82
463.45;781;28;28;0;5.57;86;0;50;20;0;56;5;0.51;1.0;1.0;0;0;0;42;20;3.5;0.0;2.66;3.6;345;128;14.47;12.41;0.858;0;1;0;0;0;1;0;0;0;1;0;294;;166;77;0;82
463.85;832;28;28;0;5.6;86;0;50;20;0;56;5;0.5;1.0;1.0;0;0;0;42;20;3.5;0.0;2.67;3.9;345;128;14.47;12.41;0.858;0;1;0;0;0;1;0;0;0;1;0;293;;166;77;0;82
464.26;781;26;26;0;5.27;86;0;50;20;0;55;4;0.48;1.0;1.0;0;0;0;42;20;3.25;0.0;2.54;3.4;345;128;14.47;12.71;0.878;0;1;0;0;0;1;0;0;0;1;0;289;;166;78;0;82
464.66;832;28;28;0;5.57;86;0;50;20;0;56;5;0.5;1.0;1.0;0;0;0;42;20;3.5;0.0;2.66;3.9;345;128;14.47;12.71;0.878;0;1;0;0;0;1;0;0;0;1;0;292;;166;76;0;41
465.07;832;26;26;0;5.27;86;0;50;20;0;55;4;0.48;1.0;1.0;0;0;0;42;20;3.25;0.0;2.54;3.7;345;128;14.47;12.51;0.865;0;1;0;0;0;1;0;0;0;1;0;288;;166;77;0;82
465.47;781;26;26;0;5.38;87;0;50;20;0;55;4;0.48;1.0;1.0;0;0;0;42;20;3.25;0.0;2.59;3.5;345;128;14.47;12.51;0.865;0;1;0;0;0;1;0;0;0;1;0;289;;165;77;0;75
465.69;845;26;26;0;5.4;86;0;50;20;0;55;4;0.48;1.0;1.0;0;0;0;42;20;3.25;0.0;2.59;3.8;345;128;14.47;12.51;0.865;0;1;0;0;0;1;0;0;0;1;0;288;;166;76;0;82
466.09;768;25;25;0;5.23;87;0;50;20;0;55;4;0.48;1.0;1.0;0;0;0;42;20;3.12;0.0;2.53;3.3;345;128;14.47;13.81;0.954;0;1;0;0;0;1;0;0;0;1;0;284;;165;76;0;82
466.47;820;27;27;0;5.42;86;0;50;20;0;55;4;0.48;1.0;1.0;0;0;0;42;20;3.38;0.0;2.6;3.7;345;128;14.47;13.81;0.954;0;1;0;0;0;1;0;0;0;1;0;289;;166;76;0;82
466.89;807;25;25;0;5.2;86;0;50;20;0;55;4;0.48;1.0;1.0;0;0;0;42;20;3.12;0.0;2.51;3.5;345;128;14.47;13.81;0.954;0;1;0;0;0;1;0;0;0;1;0;284;;166;76;0;76
467.3;768;26;26;0;5.32;86;0;50;20;0;55;4;0.48;1.0;1.0;0;0;0;42;20;3.25;0.0;2.56;3.4;345;128;14.47;14.31;0.989;0;1;0;0;0;1;0;0;0;1;0;284;;166;75;0;78
467.7;832;26;26;0;5.27;86;0;50;20;0;55;4;0.48;1.0;1.0;0;0;0;42;20;3.25;0.0;2.54;3.7;345;128;14.47;14.31;0.989;0;1;0;0;0;1;0;0;0;1;0;285;;165;75;0;82
468.09;756;25;25;0;5.22;86;0;50;20;0;55;4;0.48;1.0;1.0;0;0;0;42;20;3.12;0.0;2.52;3.3;345;128;14.47;14.31;0.989;0;1;0;0;0;1;0;0;0;1;0;288;;166;75;0;82
468.49;820;28;28;0;5.6;86;0;50;20;0;56;5;0.5;1.0;1.0;0;0;0;42;20;3.5;0.0;2.67;3.8;345;128;14.47;13.91;0.961;0;1;0;0;0;1;0;0;0;1;0;292;;166;75;0;76
468.91;781;25;25;0;5.16;85;0;50;20;0;55;4;0.48;1.0;1.0;0;0;0;42;20;3.12;0.0;2.49;3.4;345;128;14.47;13.91;0.961;0;1;0;0;0;1;0;0;0;1;0;290;;167;74;0;82
469.31;781;28;28;0;5.53;85;0;50;20;0;56;5;0.51;1.0;1.0;0;0;0;42;20;3.5;0.0;2.64;3.6;345;128;14.47;13.41;0.927;0;1;0;0;0;1;0;0;0;1;0;293;;167;74;0;82
469.7;807;26;26;0;5.23;85;0;50;20;0;55;4;0.48;1.0;1.0;0;0;0;42;20;3.25;0.0;2.52;3.5;345;128;14.47;13.41;0.927;0;1;0;0;0;1;0;0;0;1;0;291;;166;74;0;82
470.11;807;26;26;0;5.25;86;0;50;20;0;55;4;0.48;1.0;1.0;0;0;0;42;20;3.25;0.0;2.53;3.5;345;128;14.47;13.71;0.947;0;1;0;0;0;1;0;0;0;1;0;287;;166;74;0;82
470.51;820;26;26;0;5.35;86;0;50;20;0;55;4;0.48;1.0;1.0;0;0;0;42;20;3.25;0.0;2.57;3.7;345;128;14.47;13.71;0.947;0;1;0;0;0;1;0;0;0;1;0;291;;166;74;0;82
470.92;756;25;25;0;5.17;86;0;50;20;0;55;4;0.48;1.0;1.0;0;0;0;42;20;3.12;0.0;2.5;3.3;345;128;14.47;13.71;0.947;0;1;0;0;0;1;0;0;0;1;0;285;;166;74;0;82
471.32;832;26;26;0;5.31;87;0;50;20;0;55;4;0.48;1.0;1.0;0;0;0;42;20;3.25;0.0;2.56;3.7;345;128;14.47;15.31;1.058;0;1;0;0;0;1;0;0;0;1;0;288;;165;73;0;82
471.53;756;24;24;0;4.98;87;0;50;20;0;54;4;0.47;1.0;1.0;0;0;0;42;20;3.0;0.0;2.43;3.1;345;128;14.47;15.31;1.058;0;1;0;0;0;1;0;0;0;1;0;281;;165;73;0;40
471.93;820;26;26;0;5.35;86;0;50;20;0;55;4;0.48;1.0;1.0;0;0;0;42;20;3.25;0.0;2.57;3.7;345;128;14.47;15.31;1.058;0;1;0;0;0;1;0;0;0;1;0;291;;166;73;0;82
472.32;756;25;25;0;5.08;87;0;50;20;0;55;4;0.48;1.0;1.0;0;0;0;42;20;3.12;0.0;2.47;3.2;345;128;14.47;14.11;0.975;0;1;0;0;0;1;0;0;0;1;0;285;;165;73;0;82
472.74;820;26;26;0;5.32;86;0;50;20;0;55;4;0.48;1.0;1.0;0;0;0;42;20;3.25;0.0;2.56;3.6;345;128;14.47;14.11;0.975;0;1;0;0;0;1;0;0;0;1;0;288;;166;73;0;81
473.14;832;25;25;0;5.18;87;0;50;20;0;55;4;0.48;1.0;1.0;0;0;0;42;20;3.12;0.0;2.51;3.6;345;128;14.47;13.61;0.941;0;1;0;0;0;1;0;0;0;1;0;285;;165;73;0;82
473.54;781;26;26;0;5.3;86;0;50;20;0;55;4;0.48;1.0;1.0;0;0;0;42;20;3.25;0.0;2.55;3.4;345;128;14.47;13.61;0.941;0;1;0;0;0;1;0;0;0;1;0;287;;166;73;0;82
473.94;768;26;26;0;5.22;86;0;50;20;0;55;4;0.48;1.0;1.0;0;0;0;42;20;3.25;0.0;2.52;3.3;345;128;14.47;13.61;0.941;0;1;0;0;0;1;0;0;0;1;0;288;;166;73;0;82
474.36;807;25;25;0;5.13;87;0;50;20;0;54;4;0.47;1.0;1.0;0;0;0;42;20;3.12;0.0;2.49;3.4;345;128;14.47;13.31;0.92;0;1;0;0;0;1;0;0;0;1;0;281;;165;73;0;82
474.76;781;25;25;0;5.12;86;0;50;20;0;55;4;0.48;1.0;1.0;0;0;0;42;20;3.12;0.0;2.48;3.3;345;128;14.47;13.31;0.92;0;1;0;0;0;1;0;0;0;1;0;284;;165;73;0;82
475.16;781;26;26;0;5.25;86;0;50;20;0;55;4;0.48;1.0;1.0;0;0;0;42;20;3.25;0.0;2.53;3.4;345;128;14.47;14.12;0.976;0;1;0;0;0;1;0;0;0;1;0;286;;166;73;0;89
475.55;807;26;26;0;5.26;87;0;50;20;0;55;4;0.48;1.0;1.0;0;0;0;42;20;3.25;0.0;2.54;3.5;345;128;14.47;14.12;0.976;0;1;0;0;0;1;0;0;0;1;0;287;;165;73;0;82
475.96;768;26;26;0;5.32;86;0;50;20;0;55;4;0.48;1.0;1.0;0;0;0;42;20;3.25;0.0;2.56;3.4;345;128;14.47;14.12;0.976;0;1;0;0;0;1;0;0;0;1;0;288;;166;73;0;82
476.35;768;26;26;0;5.25;86;0;50;20;0;55;4;0.48;1.0;1.0;0;0;0;42;20;3.25;0.0;2.53;3.4;345;128;14.47;14.21;0.982;0;1;0;0;0;1;0;0;0;1;0;288;;165;73;0;82
476.77;807;26;26;0;5.31;87;0;50;20;0;55;4;0.48;1.0;1.0;0;0;0;42;20;3.25;0.0;2.56;3.6;345;128;14.47;14.21;0.982;0;1;0;0;0;1;0;0;0;1;0;287;;165;73;0;82
476.95;807;26;26;0;5.22;86;0;50;20;0;55;4;0.48;1.0;1.0;0;0;0;42;20;3.25;0.0;2.52;3.5;345;128;14.47;14.21;0.982;0;1;0;0;0;1;0;0;0;1;0;286;;166;74;0;82
477.38;807;26;26;0;5.33;87;0;50;20;0;55;4;0.48;1.0;1.0;0;0;0;42;20;3.25;0.0;2.57;3.6;345;128;14.47;14.41;0.996;0;1;0;0;0;1;0;0;0;1;0;286;;165;74;0;82
477.78;756;26;26;0;5.2;86;0;50;20;0;55;4;0.48;1.0;1.0;0;0;0;42;20;3.25;0.0;2.51;3.3;345;128;14.47;14.41;0.996;0;1;0;0;0;1;0;0;0;1;0;285;;166;74;0;82
478.18;820;26;26;0;5.3;86;0;50;20;0;55;4;0.48;1.0;1.0;0;0;0;42;20;3.25;0.0;2.55;3.6;345;128;14.47;14.11;0.975;0;1;0;0;0;1;0;0;0;1;0;290;;166;75;0;82
478.57;781;26;26;0;5.25;86;0;50;20;0;55;4;0.48;1.0;1.0;0;0;0;42;20;3.25;0.0;2.53;3.4;345;128;14.47;14.11;0.975;0;1;0;0;0;1;0;0;0;1;0;287;;166;76;0;40
478.99;807;27;27;0;5.47;86;0;50;20;0;56;4;0.51;1.0;1.0;0;0;0;42;20;3.38;0.0;2.62;3.7;345;128;14.47;14.11;0.975;0;1;0;0;0;1;0;0;0;1;0;292;;166;77;0;83
479.38;820;25;25;0;5.06;87;0;50;20;0;54;4;0.46;1.0;1.0;0;0;0;42;20;3.12;0.0;2.46;3.5;345;128;14.47;13.01;0.899;0;1;0;0;0;1;0;0;0;1;0;283;;165;77;0;40
479.78;781;26;26;0;5.23;87;0;50;20;0;55;4;0.48;1.0;1.0;0;0;0;42;20;3.25;0.0;2.53;3.4;345;128;14.47;13.01;0.899;0;1;0;0;0;1;0;0;0;1;0;286;;165;78;0;82
480.19;756;26;26;0;5.28;87;0;50;20;0;55;4;0.48;1.0;1.0;0;0;0;42;20;3.25;0.0;2.55;3.3;345;128;14.47;13.71;0.947;0;1;0;0;0;1;0;0;0;1;0;284;;165;77;0;82
480.6;807;26;26;0;5.27;86;0;50;20;0;55;4;0.48;1.0;1.0;0;0;0;42;20;3.25;0.0;2.54;3.5;345;128;14.47;13.71;0.947;0;1;0;0;0;1;0;0;0;1;0;287;;166;77;0;82
480.99;781;26;26;0;5.23;87;0;50;20;0;55;4;0.48;1.0;1.0;0;0;0;42;20;3.25;0.0;2.53;3.4;345;128;14.47;13.71;0.947;0;1;0;0;0;1;0;0;0;1;0;290;;165;76;0;76
481.38;896;36;36;3;6.82;88;0;41;29;0;65;6;0.55;1.0;1.0;0;0;0;49;29;4.5;1.7;3.17;5.1;345;128;14.59;14.41;0.988;0;1;0;0;0;0;0;0;0;1;0;364;;163;75;0;89
481.81;1306;45;45;3;8.16;87;0;35;35;0;70;12;0.62;1.0;1.0;0;0;0;49;35;5.62;1.7;3.7;8.9;345;128;14.7;14.41;0.98;0;1;0;0;0;0;0;0;0;1;0;401;;164;74;0;100
482.2;1422;39;39;3;7.18;85;0;29;41;0;63;13;0.62;1.0;1.0;0;0;0;49;41;4.88;1.7;3.3;8.5;345;128;14.7;15.82;1.076;0;1;0;0;0;0;0;0;0;1;0;346;;167;74;0;88
482.6;1473;45;45;10;8.2;86;0;31;39;0;71;15;0.64;1.0;1.0;0;0;0;62;39;5.62;5.8;3.71;10.1;345;128;14.7;15.82;1.076;0;1;0;0;0;0;0;0;0;1;0;409;;166;74;0;99
482.79;1716;56;56;14;9.92;86;0;33;36;0;78;21;0.71;1.0;1.0;0;0;0;70;37;7.0;8.1;4.4;14.2;345;128;14.7;15.82;1.076;0;1;0;0;0;0;0;0;0;1;0;461;;166;74;0;106
483.2;1947;54;54;16;9.46;87;0;30;41;0;77;24;0.7;1.0;1.0;0;0;0;75;40;6.75;9.3;4.22;15.3;345;128;14.82;17.02;1.148;0;1;0;0;0;0;0;0;0;1;0;454;;164;74;0;105
483.62;2164;60;60;20;11;88;0;31;38;0;81;29;0.75;1.0;1.0;0;0;0;83;39;7.5;11.6;4.77;19.5;345;128;14.82;17.02;1.148;0;1;0;0;0;0;0;0;0;1;0;480;;163;73;0;107
484.02;2421;60;60;21;10;89;0;30;41;0;80;32;0.74;1.0;1.0;0;0;0;84;40;7.5;12.2;4.64;21.1;345;128;14.82;17.02;1.148;0;1;0;0;0;0;0;0;0;1;0;472;;162;73;0;106
484.41;2216;58;58;21;10;90;0;30;40;0;80;30;0.74;1.0;1.0;0;0;0;84;40;7.25;12.2;4.52;18.8;345;128;14.82;16.32;1.101;0;1;0;0;0;0;0;0;0;1;0;474;;161;74;0;107
484.82;2267;62;62;21;11;90;0;32;38;0;82;31;0.76;1.0;1.0;0;0;0;84;38;7.75;12.2;4.91;21.1;345;128;14.82;16.32;1.101;0;1;0;0;0;0;0;0;0;1;0;492;;161;74;0;108
485.22;2280;62;62;21;11;90;0;32;38;0;82;31;0.76;1.0;1.0;0;0;0;84;38;7.75;12.2;4.89;21.1;345;128;14.82;15.31;1.033;0;1;0;0;0;0;0;0;0;1;0;489;;161;73;0;108
485.63;2088;51;51;20;9.16;91;0;27;43;0;74;24;0.69;1.0;1.0;0;0;0;82;43;6.38;11.6;4.12;15.9;345;128;14.82;15.31;1.033;0;1;0;0;0;0;0;0;0;1;0;435;;159;73;0;42
486.03;2190;50;50;20;8.95;90;0;26;44;0;74;25;0.69;1.0;1.0;0;0;0;82;44;6.25;11.6;4.03;16.3;345;128;14.82;15.31;1.033;0;1;0;0;0;0;0;0;0;1;0;430;;161;73;0;42
486.43;2062;61;61;21;11;90;0;33;37;0;82;29;0.76;1.0;1.0;0;0;0;84;37;7.62;12.2;4.88;19.0;345;128;14.04;16.82;1.198;0;1;0;0;0;0;0;0;0;1;0;490;;160;74;0;108
486.82;2113;64;64;21;11;90;0;34;36;0;83;31;0.77;1.0;1.0;0;0;0;84;36;8.0;12.2;5.02;20.1;345;128;14.04;16.82;1.198;0;1;0;0;0;0;0;0;0;1;0;498;;161;73;0;109
487.24;2228;63;63;21;11;90;0;35;37;0;83;31;0.77;1.0;1.0;0;0;0;85;35;7.88;12.2;5.0;21.1;345;128;14.04;15.21;1.083;0;1;0;0;0;0;0;0;0;1;0;500;;160;73;0;43
487.65;2164;63;63;21;11;90;0;33;37;0;83;31;0.77;1.0;1.0;0;0;0;85;37;7.88;12.2;4.96;20.3;345;128;14.04;15.21;1.083;0;1;0;0;0;0;0;0;0;1;0;500;;161;72;0;109
488.03;2152;63;63;21;11;90;0;33;37;0;83;31;0.77;1.0;1.0;0;0;0;85;37;7.88;12.2;4.93;20.1;345;128;14.04;15.21;1.083;0;1;0;0;0;0;0;0;0;1;0;496;;161;72;0;101
488.44;2088;50;50;19;8.83;89;0;26;44;0;73;23;0.68;1.0;1.0;0;0;0;80;44;6.25;11.0;3.98;15.4;345;128;14.82;15.02;1.013;0;1;0;0;0;0;0;0;0;1;0;424;;162;72;0;102
488.64;1870;42;42;13;7.76;89;0;23;47;0;65;18;0.66;1.0;1.0;0;0;0;68;47;5.25;7.6;3.55;12.1;345;128;14.82;15.02;1.013;0;1;0;0;0;0;0;0;0;1;0;365;;162;72;0;90
489.04;1947;45;45;13;8.22;88;0;23;45;0;69;19;0.66;1.0;1.0;0;0;0;68;47;5.62;7.6;3.73;13.3;345;128;14.82;15.02;1.013;0;1;0;0;0;0;0;0;0;1;0;391;;163;72;0;92
489.47;1972;55;55;18;9.7;88;0;30;40;0;77;25;0.7;1.0;1.0;0;0;0;78;40;6.88;10.5;4.32;15.9;345;128;14.82;15.22;1.027;0;1;0;0;0;0;0;0;0;1;0;455;;163;73;0;106
489.84;2036;52;52;43;9.26;89;0;29;42;0;75;24;0.69;1.0;1.0;0;0;0;129;41;6.5;25.0;4.15;15.7;345;128;14.82;15.22;1.027;0;1;0;0;0;0;0;0;0;1;0;442;;162;73;0;104
490.26;2062;57;57;45;10;88;0;30;39;0;79;27;0.73;1.0;1.0;0;0;0;132;40;7.12;26.2;4.45;17.2;345;128;14.82;16.62;1.121;0;1;0;0;0;0;0;0;0;1;0;467;;163;73;0;106
490.66;2203;61;61;47;11;88;0;32;38;0;81;31;0.75;1.0;1.0;0;0;0;136;38;7.62;27.3;4.73;19.7;345;128;14.04;16.62;1.184;0;1;0;0;0;0;0;0;0;1;0;484;;163;73;0;108
491.05;2356;61;61;47;11;88;0;31;39;0;81;31;0.75;1.0;1.0;0;0;0;137;39;7.62;27.3;4.77;21.2;345;128;14.82;16.62;1.121;0;1;0;0;0;0;0;0;0;1;0;486;;163;73;0;108
491.46;2318;63;63;47;11;89;0;32;38;0;83;33;0.77;1.0;1.0;0;0;0;136;38;7.88;27.3;4.86;21.3;345;128;14.82;17.02;1.148;0;1;0;0;0;0;0;0;0;1;0;497;;162;73;0;102
491.87;2421;62;62;47;11;90;0;31;39;0;82;33;0.76;1.0;1.0;0;0;0;137;39;7.75;27.3;4.82;22.0;345;128;14.82;17.02;1.148;0;1;0;0;0;0;0;0;0;1;0;491;;161;73;0;108
492.28;2356;63;63;48;11;89;0;32;39;0;82;33;0.76;1.0;1.0;0;0;0;138;38;7.88;27.9;4.83;21.5;345;128;14.82;14.72;0.993;0;1;0;0;0;0;0;0;0;1;0;495;;162;73;0;109
492.69;2369;52;52;47;9.18;89;0;25;44;0;75;27;0.7;1.0;1.0;0;0;0;136;45;6.5;27.3;4.12;18.1;345;128;14.93;14.72;0.986;0;1;0;0;0;0;0;0;0;1;0;436;;162;73;0;101
493.08;2369;51;51;46;8.93;89;0;26;44;0;74;26;0.69;1.0;1.0;0;0;0;134;44;6.38;26.7;4.02;17.6;345;128;14.93;14.72;0.986;0;1;0;0;0;0;0;0;0;1;0;430;;162;72;0;102
493.47;2100;50;50;45;8.87;88;0;24;45;0;74;23;0.69;1.0;1.0;0;0;0;132;46;6.25;26.2;3.99;15.5;345;128;14.82;17.02;1.148;0;1;0;0;0;0;0;0;0;1;0;428;;163;73;0;102
493.88;1831;43;43;38;7.81;87;0;24;47;0;67;18;0.66;1.0;1.0;0;0;0;119;46;5.38;22.1;3.56;11.9;345;128;14.7;17.02;1.158;0;1;0;0;0;0;0;0;0;1;0;376;;164;73;0;91
494.08;1857;42;42;36;7.66;89;0;25;45;0;64;17;0.66;1.0;1.0;0;0;0;114;45;5.25;20.9;3.51;11.9;345;128;14.82;17.02;1.148;0;1;0;0;0;0;0;0;0;1;0;354;;162;72;0;89
494.5;1652;41;41;35;7.55;88;0;26;44;0;63;16;0.65;1.0;1.0;0;0;0;113;44;5.12;20.3;3.46;10.4;345;128;14.7;14.11;0.96;0;1;0;0;0;0;0;0;0;1;0;349;;163;73;0;89
494.9;1755;41;41;35;7.55;88;0;27;43;0;64;16;0.66;1.0;1.0;0;0;0;112;43;5.12;20.3;3.46;11.0;345;128;14.7;14.11;0.96;0;1;0;0;0;0;0;0;0;1;0;354;;163;73;0;89
495.3;1780;42;42;35;7.75;88;0;27;43;0;64;16;0.66;1.0;1.0;0;0;0;113;43;5.25;20.3;3.54;11.5;345;128;14.7;14.51;0.987;0;1;0;0;0;0;0;0;0;1;0;357;;163;73;0;89
495.71;1819;44;44;35;8.1;88;0;26;43;0;68;17;0.66;1.0;1.0;0;0;0;113;44;5.5;20.3;3.68;12.3;345;128;14.7;14.51;0.987;0;1;0;0;0;0;0;0;0;1;0;386;;163;73;0;91
496.1;1819;43;43;36;7.91;87;0;25;45;0;67;17;0.66;1.0;1.0;0;0;0;114;45;5.38;20.9;3.6;12.0;345;128;14.7;14.51;0.987;0;1;0;0;0;0;0;0;0;1;0;377;;165;73;0;90
496.52;1870;45;45;35;8.13;87;0;26;44;0;69;18;0.66;1.0;1.0;0;0;0;113;44;5.62;20.3;3.69;12.7;345;128;14.82;14.71;0.993;0;1;0;0;0;0;0;0;0;1;0;390;;165;73;0;91
496.92;1857;46;46;36;8.31;87;0;26;45;0;70;19;0.66;1.0;1.0;0;0;0;114;44;5.75;20.9;3.76;12.9;345;128;14.82;14.71;0.993;0;1;0;0;0;0;0;0;0;1;0;399;;164;73;0;100
497.32;1947;46;46;35;8.38;87;0;25;44;0;71;20;0.66;1.0;1.0;0;0;0;113;45;5.75;20.3;3.79;13.6;345;128;14.82;15.61;1.053;0;1;0;0;0;0;0;0;0;1;0;409;;165;73;0;100
497.72;1716;40;40;34;7.46;87;0;23;47;0;63;16;0.65;1.0;1.0;0;0;0;111;47;5.0;19.8;3.42;10.7;345;128;14.7;15.61;1.062;0;1;0;0;0;0;0;0;0;1;0;349;;165;73;0;88
498.13;1780;42;42;35;7.73;87;0;24;45;0;64;17;0.66;1.0;1.0;0;0;0;112;46;5.25;20.3;3.53;11.5;345;128;14.7;15.61;1.062;0;1;0;0;0;0;0;0;0;1;0;353;;164;73;0;89
498.53;1806;37;37;31;6.93;87;0;24;46;0;60;15;0.62;1.0;1.0;0;0;0;104;46;4.62;18.0;3.21;10.4;345;128;14.7;13.71;0.933;0;1;0;0;0;0;0;0;0;1;0;323;;164;73;0;78
498.94;1716;35;35;30;6.56;87;0;23;46;0;57;13;0.6;1.0;1.0;0;0;0;102;47;4.38;17.4;3.06;9.4;345;128;14.7;13.71;0.933;0;1;0;0;0;0;0;0;0;1;0;305;;165;73;0;84
499.33;1665;37;37;31;6.96;87;0;26;44;0;60;14;0.62;1.0;1.0;0;0;0;105;44;4.62;18.0;3.22;9.7;345;128;14.7;14.41;0.98;0;1;0;0;0;0;0;0;0;1;0;321;;165;73;0;85
499.54;1691;38;38;31;7.03;87;0;24;46;0;61;14;0.63;1.0;1.0;0;0;0;105;46;4.75;18.0;3.25;9.9;345;128;14.7;14.41;0.98;0;1;0;0;0;0;0;0;0;1;0;329;;164;73;0;85
499.95;1806;38;38;31;7.08;87;0;25;44;0;61;15;0.63;1.0;1.0;0;0;0;104;45;4.75;18.0;3.27;10.7;345;128;14.7;14.41;0.98;0;1;0;0;0;0;0;0;0;1;0;329;;165;73;0;82
500.34;1703;39;39;31;7.21;87;0;26;44;0;61;15;0.63;1.0;1.0;0;0;0;104;44;4.88;18.0;3.32;10.2;345;128;14.7;14.21;0.967;0;1;0;0;0;0;0;0;0;1;0;334;;165;73;0;86
500.74;1665;29;29;29;5.76;87;0;24;46;0;55;11;0.56;1.0;1.0;0;0;0;100;46;3.62;16.9;2.74;8.0;345;128;14.7;14.21;0.967;0;1;0;0;0;0;0;0;0;1;0;284;;165;73;0;75
501.14;1601;30;30;29;5.8;86;0;25;45;0;55;11;0.55;1.0;1.0;0;0;0;100;45;3.75;16.9;2.75;7.7;345;128;14.7;14.21;0.967;0;1;0;0;0;0;0;0;0;1;0;286;;166;73;0;82
501.55;1767;35;35;29;6.66;87;0;25;45;0;58;13;0.61;1.0;1.0;0;0;0;101;45;4.38;16.9;3.1;9.8;345;128;14.7;13.41;0.912;0;1;0;0;0;0;0;0;0;1;0;311;;165;73;0;84
501.96;1806;40;40;33;7.43;87;0;24;47;0;62;16;0.64;1.0;1.0;0;0;0;108;46;5.0;19.2;3.41;11.2;345;128;14.7;13.41;0.912;0;1;0;0;0;0;0;0;0;1;0;343;;165;73;0;83
502.35;1588;23;23;28;4.75;86;0;27;42;0;51;8;0.46;1.0;1.0;0;0;0;99;43;2.88;16.3;2.33;6.3;345;128;14.7;12.31;0.837;0;1;0;0;0;0;0;0;0;1;0;259;;166;73;0;77
502.77;1447;17;17;27;3.81;87;0;33;37;0;47;6;0.38;1.0;1.0;0;0;0;97;37;2.12;15.7;1.96;4.6;345;128;14.7;12.31;0.837;0;1;0;0;0;0;0;0;0;1;0;227;;165;73;0;74
503.17;1473;18;18;27;3.9;86;0;33;37;0;48;6;0.39;1.0;1.0;0;0;0;96;37;2.25;15.7;1.99;4.8;345;128;14.7;12.31;0.837;0;1;0;0;0;0;0;0;0;1;0;233;;166;73;0;70
503.55;1601;23;23;26;4.77;86;0;28;42;0;51;8;0.46;1.0;1.0;0;0;0;95;42;2.88;15.1;2.34;6.4;345;128;14.7;15.02;1.022;0;1;0;0;0;0;0;0;0;1;0;258;;166;73;0;76
503.98;1601;26;26;27;5.16;85;0;27;43;0;53;9;0.51;1.0;1.0;0;0;0;97;43;3.25;15.7;2.49;6.9;345;128;14.7;15.02;1.022;0;1;0;0;0;0;0;0;0;1;0;268;;167;73;0;77
504.37;1716;47;47;36;8.41;87;0;27;43;0;70;18;0.66;1.0;1.0;0;0;0;115;43;5.88;20.9;3.8;12.0;345;128;14.7;16.82;1.144;0;1;0;0;0;0;0;0;0;1;0;398;;164;73;0;100
504.78;1895;45;45;37;8.1;86;0;23;46;0;69;19;0.66;1.0;1.0;0;0;0;117;47;5.62;21.5;3.67;12.8;345;128;14.82;16.82;1.135;0;1;0;0;0;0;0;0;0;1;0;394;;166;73;0;92
505.17;1819;45;45;36;8.18;87;0;26;47;0;68;19;0.66;1.0;1.0;0;0;0;115;44;5.62;20.9;3.71;12.4;345;128;14.7;16.82;1.144;0;1;0;0;0;0;0;0;0;1;0;386;;165;73;0;90
505.38;1985;54;54;40;9.55;86;0;32;39;0;77;23;0.7;1.0;1.0;0;0;0;122;38;6.75;23.3;4.25;15.8;345;128;14.82;17.12;1.155;0;1;0;0;0;0;0;0;0;1;0;451;;166;73;0;105
505.79;1870;45;45;39;8.15;86;0;24;46;0;70;19;0.66;1.0;1.0;0;0;0;121;46;5.62;22.7;3.69;12.7;345;128;14.82;17.12;1.155;0;1;0;0;0;0;0;0;0;1;0;397;;166;73;0;99
506.19;1870;46;46;40;8.26;87;0;25;45;0;71;19;0.66;1.0;1.0;0;0;0;122;45;5.75;23.3;3.74;12.9;345;128;14.82;17.12;1.155;0;1;0;0;0;0;0;0;0;1;0;404;;165;73;0;89
506.59;2062;69;69;26;13;89;0;37;33;0;87;31;0.8;1.0;1.0;0;0;0;95;33;8.62;15.1;5.45;21.5;345;128;13.94;19.52;1.4;0;1;0;0;0;0;0;0;0;1;0;528;;162;73;0;114
507.0;2356;72;72;27;13;90;0;40;30;0;88;38;0.81;1.0;1.0;0;0;0;96;30;9.0;15.7;5.61;25.3;345;128;14.04;19.52;1.39;0;1;0;0;0;0;0;0;0;1;0;539;;160;73;0;147
507.38;2433;72;72;27;13;91;0;40;30;0;88;39;0.81;1.0;1.0;0;0;0;96;30;9.0;15.7;5.64;26.3;345;128;14.04;13.51;0.962;0;1;0;0;0;0;0;0;0;1;0;537;;159;73;0;106
507.79;2331;71;71;27;13;91;0;40;30;0;88;38;0.81;1.0;1.0;0;0;0;96;30;8.88;15.7;5.61;25.0;345;128;14.04;13.51;0.962;0;1;0;0;0;0;0;0;0;1;0;537;;159;72;0;147
508.2;2408;71;71;27;13;91;0;38;30;0;88;39;0.81;1.0;1.0;0;0;0;97;32;8.88;15.7;5.58;25.7;345;128;14.04;13.51;0.962;0;1;0;0;0;0;0;0;0;1;0;532;;159;73;0;106
508.59;2369;61;61;23;11;92;0;31;38;0;82;33;0.76;1.0;1.0;0;0;0;89;39;7.62;13.4;4.78;21.3;345;128;14.82;13.01;0.878;0;1;0;0;0;0;0;0;0;1;0;490;;158;73;0;108
509.01;2280;56;56;22;9.93;91;0;29;41;0;78;28;0.72;1.0;1.0;0;0;0;86;41;7.0;12.8;4.43;18.9;345;128;14.82;13.01;0.878;0;1;0;0;0;0;0;0;0;1;0;461;;159;72;0;92
509.4;2254;50;50;19;8.92;90;0;26;44;0;73;25;0.68;1.0;1.0;0;0;0;81;44;6.25;11.0;4.02;16.8;345;128;14.82;16.32;1.101;0;1;0;0;0;0;0;0;0;1;0;427;;161;73;0;90
509.82;2139;46;46;16;8.26;89;0;23;47;0;70;22;0.66;1.0;1.0;0;0;0;75;47;5.75;9.3;3.75;14.7;345;128;14.82;16.32;1.101;0;1;0;0;0;0;0;0;0;1;0;399;;162;73;0;100
510.22;1883;35;35;9;6.57;88;0;20;50;0;58;15;0.61;1.0;1.0;0;0;0;61;50;4.38;5.2;3.07;10.3;345;128;14.82;16.32;1.101;0;1;0;0;0;0;0;0;0;1;0;314;;163;73;0;84
510.62;1895;36;36;9;6.72;88;0;22;49;0;59;15;0.62;1.0;1.0;0;0;0;61;48;4.5;5.2;3.13;10.6;345;128;14.82;13.51;0.912;0;1;0;0;0;0;0;0;0;1;0;319;;163;73;0;85
510.81;1985;36;36;9;6.73;87;0;21;49;0;59;16;0.62;1.0;1.0;0;0;0;61;49;4.5;5.2;3.13;11.1;345;128;14.82;13.51;0.912;0;1;0;0;0;0;0;0;0;1;0;317;;164;73;0;85
511.21;1985;34;34;9;6.45;88;0;21;48;0;57;15;0.6;1.0;1.0;0;0;0;60;49;4.25;5.2;3.02;10.7;345;128;14.82;13.51;0.912;0;1;0;0;0;0;0;0;0;1;0;303;;163;73;0;84
511.63;1947;33;34;9;6.36;89;0;21;49;0;56;14;0.59;1.0;1.0;0;0;0;60;49;4.12;5.2;2.99;10.3;345;128;14.82;13.41;0.905;0;1;0;0;0;0;0;0;0;1;0;296;;162;73;0;83
512.04;1921;34;34;9;6.41;87;0;22;49;0;57;14;0.6;1.0;1.0;0;0;0;60;48;4.25;5.2;3.0;10.3;345;128;14.82;13.41;0.905;0;1;0;0;0;0;0;0;0;1;0;304;;165;73;0;84
512.43;1921;34;34;9;6.46;87;0;21;49;0;57;15;0.6;1.0;1.0;0;0;0;60;49;4.25;5.2;3.02;10.3;345;128;14.82;14.01;0.945;0;1;0;0;0;0;0;0;0;1;0;303;;165;73;0;83
512.84;1755;17;17;0;3.73;87;0;36;20;0;46;6;0.38;1.0;1.0;0;0;0;42;34;2.12;0.0;1.93;5.5;345;128;14.7;14.01;0.953;0;1;0;0;0;1;0;0;0;1;0;219;;164;73;0;73
513.23;1281;18;18;0;3.92;86;0;63;20;0;48;5;0.39;1.0;1.0;0;0;0;42;7;2.25;0.0;2.0;4.2;345;128;14.7;14.01;0.953;0;1;0;0;0;1;0;0;0;1;0;234;;166;73;0;74
513.64;1422;18;18;0;3.98;85;0;55;20;0;48;6;0.39;1.0;1.0;0;0;0;42;15;2.25;0.0;2.02;4.7;345;128;14.7;14.01;0.953;0;1;0;0;0;1;0;0;0;1;0;234;;168;73;0;74
514.04;1268;17;17;0;3.73;85;0;63;20;0;47;5;0.38;1.0;1.0;0;0;0;42;7;2.12;0.0;1.92;3.9;345;128;14.7;14.01;0.953;0;1;0;0;0;1;0;0;0;1;0;225;;167;72;0;74
514.44;1447;18;18;0;3.96;85;0;55;20;0;48;5;0.39;1.0;1.0;0;0;0;42;15;2.25;0.0;2.01;4.8;345;128;14.7;19.42;1.321;0;1;0;0;0;1;0;0;0;1;0;234;;168;72;0;74
514.85;1383;16;16;0;3.57;86;0;50;20;0;45;5;0.36;1.0;1.0;0;0;0;42;20;2.0;0.0;1.86;4.1;345;128;14.7;19.42;1.321;0;1;0;0;0;1;0;0;0;1;0;212;;166;72;0;73
515.25;1486;15;15;0;3.51;85;0;50;20;0;44;5;0.35;1.0;1.0;0;0;0;42;20;1.88;0.0;1.83;4.3;345;128;14.7;19.42;1.321;0;1;0;0;0;1;0;0;0;1;0;203;;167;72;0;70
515.65;1332;15;15;0;3.46;87;0;50;20;0;44;4;0.35;1.0;1.0;0;0;0;42;20;1.88;0.0;1.82;3.8;345;128;14.7;14.81;1.007;0;1;0;0;0;1;0;0;0;1;0;205;;165;72;0;72
516.05;1332;15;15;0;3.43;85;0;50;20;0;44;4;0.35;1.0;1.0;0;0;0;42;20;1.88;0.0;1.8;3.8;345;128;14.7;14.81;1.007;0;1;0;0;0;1;0;0;0;1;0;207;;167;72;0;72
516.47;1268;15;15;0;3.46;87;0;50;20;0;44;4;0.35;1.0;1.0;0;0;0;42;20;1.88;0.0;1.82;3.7;345;128;14.7;13.51;0.919;0;1;0;0;0;1;0;0;0;1;0;205;;164;72;0;72
516.67;1332;17;17;0;3.82;86;0;50;20;0;47;5;0.38;1.0;1.0;0;0;0;42;20;2.12;0.0;1.96;4.2;345;128;14.7;13.51;0.919;0;1;0;0;0;1;0;0;0;1;0;226;;166;72;0;74
517.06;1396;20;20;0;4.25;86;0;50;20;0;49;6;0.41;1.0;1.0;0;0;0;43;20;2.5;0.0;2.13;4.9;345;128;14.7;13.51;0.919;0;1;0;0;0;1;0;0;0;1;0;245;;166;72;0;75
517.48;1447;22;22;1;4.56;85;0;50;20;0;50;7;0.44;1.0;1.0;0;0;0;45;20;2.75;0.6;2.25;5.5;345;128;14.7;14.62;0.995;0;1;0;0;0;1;0;0;0;1;0;249;;167;72;0;76
517.86;1345;28;29;2;5.58;87;0;27;43;0;55;9;0.55;1.0;1.0;0;0;0;47;43;3.5;1.2;2.67;6.3;345;128;14.7;14.62;0.995;0;1;0;0;0;0;0;0;0;1;0;284;;165;72;0;82
518.28;1639;35;35;4;6.6;86;0;26;45;0;58;13;0.61;1.0;1.0;0;0;0;50;44;4.38;2.3;3.07;9.0;345;128;14.7;14.62;0.995;0;1;0;0;0;0;0;0;0;1;0;314;;166;72;0;85
518.69;1588;35;35;4;6.6;86;0;25;47;0;58;13;0.6;1.0;1.0;0;0;0;50;45;4.38;2.3;3.07;8.7;345;128;14.7;15.11;1.028;0;1;0;0;0;0;0;0;0;1;0;314;;166;72;0;85
519.1;1639;25;25;3;5.03;87;0;27;43;0;52;9;0.49;1.0;1.0;0;0;0;48;43;3.12;1.7;2.45;6.9;345;128;14.7;15.11;1.028;0;1;0;0;0;0;0;0;0;1;0;262;;165;72;0;77
519.48;1498;24;24;3;4.91;87;0;28;41;0;52;8;0.48;1.0;1.0;0;0;0;48;42;3.0;1.7;2.4;6.1;345;128;14.7;15.41;1.048;0;1;0;0;0;0;0;0;0;1;0;264;;165;72;0;86
519.9;1473;25;25;3;5.01;87;0;28;42;0;52;8;0.48;1.0;1.0;0;0;0;48;42;3.12;1.7;2.44;6.1;345;128;14.7;15.41;1.048;0;1;0;0;0;0;0;0;0;1;0;263;;165;72;0;73
520.29;1486;19;19;0;4.07;88;0;41;20;0;48;6;0.39;1.0;1.0;0;0;0;42;29;2.38;0.0;2.07;5.0;345;128;14.7;15.41;1.048;0;1;0;0;0;1;0;0;0;1;0;238;;163;72;0;74
520.69;1229;26;26;0;5.12;86;0;52;20;0;53;7;0.51;1.0;1.0;0;0;0;42;18;3.25;0.0;2.48;5.2;345;128;14.7;21.72;1.478;0;1;0;0;0;1;0;0;0;1;0;269;;166;72;0;77
521.09;1473;19;19;0;4.02;86;0;50;20;0;48;6;0.39;1.0;1.0;0;0;0;42;20;2.38;0.0;2.04;4.9;345;128;14.7;21.72;1.478;0;1;0;0;0;1;0;0;0;1;0;238;;166;72;0;70
521.5;1268;18;18;0;3.98;85;0;50;20;0;48;5;0.39;1.0;1.0;0;0;0;42;20;2.25;0.0;2.02;4.2;345;128;14.7;14.01;0.953;0;1;0;0;0;1;0;0;0;1;0;235;;167;72;0;70
521.91;1229;18;18;0;4.0;86;0;50;20;0;48;5;0.39;1.0;1.0;0;0;0;42;20;2.25;0.0;2.03;4.1;345;128;14.7;14.01;0.953;0;1;0;0;0;1;0;0;0;1;0;233;;166;72;0;74
522.09;1204;17;17;0;3.81;85;0;50;20;0;47;5;0.37;1.0;1.0;0;0;0;42;20;2.12;0.0;1.95;3.8;345;128;14.7;14.01;0.953;0;1;0;0;0;1;0;0;0;1;0;229;;167;72;0;74
522.52;1204;17;17;0;3.83;85;0;50;20;0;48;4;0.38;1.0;1.0;0;0;0;42;20;2.12;0.0;1.96;3.8;345;128;14.7;14.11;0.96;0;1;0;0;0;1;0;0;0;1;0;233;;167;72;0;75
522.91;1165;16;16;0;3.67;86;0;50;20;0;47;4;0.36;1.0;1.0;0;0;0;42;20;2.0;0.0;1.9;3.6;345;128;14.7;14.11;0.96;0;1;0;0;0;1;0;0;0;1;0;226;;166;72;0;74
523.32;1153;20;20;0;4.28;85;0;50;20;0;50;5;0.42;1.0;1.0;0;0;0;42;20;2.5;0.0;2.14;4.1;345;128;14.7;15.41;1.048;0;1;0;0;0;1;0;0;0;1;0;248;;167;72;0;76
523.71;1370;31;31;2;5.98;87;0;28;42;0;55;9;0.55;1.0;1.0;0;0;0;47;42;3.88;1.2;2.83;6.8;345;128;14.7;15.41;1.048;0;1;0;0;0;0;0;0;0;1;0;290;;165;72;0;82
524.13;1473;35;35;3;6.62;86;0;28;42;0;59;11;0.6;1.0;1.0;0;0;0;48;42;4.38;1.7;3.08;8.1;345;128;14.7;15.41;1.048;0;1;0;0;0;0;0;0;0;1;0;319;;166;72;0;85
524.53;1498;44;44;10;7.95;86;0;29;41;0;69;15;0.64;1.0;1.0;0;0;0;62;41;5.5;5.8;3.61;9.9;345;128;14.7;17.22;1.171;0;1;0;0;0;0;0;0;0;1;0;391;;166;73;0;92
524.94;1767;48;48;11;8.6;86;0;29;41;0;72;18;0.66;1.0;1.0;0;0;0;65;41;6.0;6.4;3.87;12.7;345;128;14.7;17.22;1.171;0;1;0;0;0;0;0;0;0;1;0;414;;166;72;0;101
525.34;1780;52;52;14;9.33;87;0;30;40;0;76;21;0.7;1.0;1.0;0;0;0;71;40;6.5;8.1;4.17;13.8;345;128;14.7;16.91;1.15;0;1;0;0;0;0;0;0;0;1;0;445;;165;72;0;91
525.74;1972;62;62;19;11;87;0;35;35;0;82;27;0.75;1.0;1.0;0;0;0;81;35;7.75;11.0;4.9;18.3;345;128;14.04;16.91;1.204;0;1;0;0;0;0;0;0;0;1;0;489;;165;72;0;101
526.15;2113;65;65;22;12;88;0;36;34;0;85;32;0.78;1.0;1.0;0;0;0;86;34;8.12;12.8;5.16;20.8;345;128;14.04;16.91;1.204;0;1;0;0;0;0;0;0;0;1;0;508;;163;72;0;108
526.55;2254;66;66;22;12;89;0;36;35;0;84;33;0.77;1.0;1.0;0;0;0;86;34;8.25;12.8;5.16;22.1;345;128;14.04;15.02;1.07;0;1;0;0;0;0;0;0;0;1;0;506;;162;72;0;109
526.95;2254;67;67;22;12;89;0;35;35;0;85;33;0.78;1.0;1.0;0;0;0;86;35;8.38;12.8;5.27;22.7;345;128;14.04;15.02;1.07;0;1;0;0;0;0;0;0;0;1;0;512;;162;72;0;141
527.36;2216;63;63;22;11;90;0;35;35;0;83;31;0.77;1.0;1.0;0;0;0;86;35;7.88;12.8;4.92;20.6;345;128;14.04;15.82;1.127;0;1;0;0;0;0;0;0;0;1;0;498;;160;71;0;109
527.55;2139;59;59;21;10;89;0;30;40;0;80;28;0.74;1.0;1.0;0;0;0;84;40;7.38;12.2;4.64;18.7;345;128;14.82;15.82;1.067;0;1;0;0;0;0;0;0;0;1;0;472;;162;72;0;106
527.97;2088;58;58;21;10;89;0;31;38;0;80;27;0.74;1.0;1.0;0;0;0;84;39;7.25;12.2;4.59;18.0;345;128;14.82;15.82;1.067;0;1;0;0;0;0;0;0;0;1;0;473;;162;72;0;107
528.37;2049;58;58;21;10;89;0;31;39;0;79;27;0.73;1.0;1.0;0;0;0;84;39;7.25;12.2;4.56;17.6;345;128;14.82;15.71;1.06;0;1;0;0;0;0;0;0;0;1;0;464;;162;72;0;106
528.76;2100;58;58;21;10;89;0;30;39;0;79;27;0.73;1.0;1.0;0;0;0;84;40;7.25;12.2;4.54;17.9;345;128;14.82;15.71;1.06;0;1;0;0;0;0;0;0;0;1;0;470;;162;71;0;106
529.16;1947;48;48;16;8.57;88;0;25;45;0;72;21;0.66;1.0;1.0;0;0;0;75;45;6.0;9.3;3.87;13.9;345;128;14.82;15.71;1.06;0;1;0;0;0;0;0;0;0;1;0;414;;163;72;0;89
529.58;1895;50;50;16;8.91;87;0;25;44;0;73;21;0.67;1.0;1.0;0;0;0;75;45;6.25;9.3;4.0;14.1;345;128;14.82;16.61;1.121;0;1;0;0;0;0;0;0;0;1;0;426;;164;72;0;102
529.98;1895;54;54;16;9.56;87;0;29;41;0;77;24;0.7;1.0;1.0;0;0;0;75;41;6.75;9.3;4.26;15.1;345;128;14.82;16.61;1.121;0;1;0;0;0;0;0;0;0;1;0;448;;164;71;0;105
530.39;1934;54;54;16;9.46;87;0;30;41;0;77;24;0.7;1.0;1.0;0;0;0;75;40;6.75;9.3;4.22;15.2;345;128;14.82;15.62;1.054;0;1;0;0;0;0;0;0;0;1;0;449;;165;72;0;105
530.79;1934;54;54;17;9.56;87;0;29;41;0;77;24;0.7;1.0;1.0;0;0;0;76;41;6.75;9.9;4.26;15.4;345;128;14.82;15.62;1.054;0;1;0;0;0;0;0;0;0;1;0;450;;164;72;0;105
531.19;1985;55;55;17;9.61;87;0;30;40;0;77;25;0.7;1.0;1.0;0;0;0;76;40;6.88;9.9;4.28;15.9;345;128;14.82;15.62;1.054;0;1;0;0;0;0;0;0;0;1;0;454;;164;71;0;99
531.57;2100;55;55;17;9.68;87;0;29;41;0;78;25;0.72;1.0;1.0;0;0;0;77;41;6.88;9.9;4.31;16.9;345;128;14.82;15.02;1.013;0;1;0;0;0;0;0;0;0;1;0;458;;164;72;0;105
531.98;2100;56;56;17;9.78;87;0;31;40;0;78;25;0.72;1.0;1.0;0;0;0;77;39;7.0;9.9;4.35;17.1;345;128;14.82;15.02;1.013;0;1;0;0;0;0;0;0;0;1;0;459;;165;72;0;42
532.38;2024;59;59;19;11;87;0;32;37;0;80;27;0.73;1.0;1.0;0;0;0;80;38;7.38;11.0;4.72;18.1;345;128;14.82;15.42;1.04;0;1;0;0;0;0;0;0;0;1;0;477;;164;71;0;100
532.8;2062;61;61;19;11;87;0;32;38;0;81;29;0.75;1.0;1.0;0;0;0;81;38;7.62;11.0;4.77;18.6;345;128;14.04;15.42;1.098;0;1;0;0;0;0;0;0;0;1;0;484;;164;72;0;101
533.18;2190;61;61;20;11;88;0;32;38;0;81;30;0.75;1.0;1.0;0;0;0;82;38;7.62;11.6;4.79;19.8;345;128;14.04;15.42;1.098;0;1;0;0;0;0;0;0;0;1;0;487;;164;71;0;43
533.41;2088;61;61;20;11;88;0;32;38;0;81;29;0.75;1.0;1.0;0;0;0;82;38;7.62;11.6;4.79;18.9;345;128;14.04;15.51;1.105;0;1;0;0;0;0;0;0;0;1;0;486;;163;71;0;107
533.79;2228;61;61;20;11;88;0;32;37;0;81;30;0.75;1.0;1.0;0;0;0;82;38;7.62;11.6;4.86;20.5;345;128;14.04;15.51;1.105;0;1;0;0;0;0;0;0;0;1;0;486;;163;72;0;101
534.2;2267;62;62;20;11;88;0;33;37;0;82;30;0.76;1.0;1.0;0;0;0;82;37;7.75;11.6;4.82;20.7;345;128;14.82;15.51;1.047;0;1;0;0;0;0;0;0;0;1;0;490;;163;71;0;108
534.61;2139;61;61;20;11;89;0;32;38;0;81;30;0.75;1.0;1.0;0;0;0;82;38;7.62;11.6;4.78;19.3;345;128;14.04;14.61;1.041;0;1;0;0;0;0;0;0;0;1;0;486;;162;71;0;108
535.02;2100;61;61;20;11;88;0;31;39;0;81;30;0.75;1.0;1.0;0;0;0;82;39;7.62;11.6;4.78;19.0;345;128;14.04;14.61;1.041;0;1;0;0;0;0;0;0;0;1;0;482;;163;71;0;107
535.4;2216;60;60;20;11;89;0;32;38;0;81;30;0.75;1.0;1.0;0;0;0;83;38;7.5;11.6;4.74;19.8;345;128;14.82;14.61;0.986;0;1;0;0;0;0;0;0;0;1;0;481;;162;71;0;100
535.82;2267;61;61;20;11;89;0;33;37;0;81;30;0.75;1.0;1.0;0;0;0;83;37;7.62;11.6;4.78;20.5;345;128;14.82;14.61;0.986;0;1;0;0;0;0;0;0;0;1;0;487;;163;71;0;107
536.22;2267;61;61;21;11;90;0;32;38;0;81;30;0.75;1.0;1.0;0;0;0;84;38;7.62;12.2;4.82;20.6;345;128;14.82;14.61;0.986;0;1;0;0;0;0;0;0;0;1;0;487;;161;71;0;107
536.61;2228;62;62;21;11;88;0;33;37;0;82;31;0.76;1.0;1.0;0;0;0;84;37;7.75;12.2;4.86;20.5;345;128;14.04;14.42;1.027;0;1;0;0;0;0;0;0;0;1;0;490;;163;71;0;108
537.03;2113;49;49;18;8.75;88;0;26;44;0;73;24;0.68;1.0;1.0;0;0;0;78;44;6.12;10.5;3.94;15.4;345;128;14.82;14.42;0.973;0;1;0;0;0;0;0;0;0;1;0;424;;163;71;0;102
537.43;2024;51;51;18;9.06;87;0;27;43;0;75;23;0.69;1.0;1.0;0;0;0;78;43;6.38;10.5;4.06;15.3;345;128;14.82;14.61;0.986;0;1;0;0;0;0;0;0;0;1;0;438;;165;71;0;104
537.84;1985;44;44;13;8.01;87;0;23;47;0;68;20;0.66;1.0;1.0;0;0;0;68;47;5.5;7.6;3.64;13.2;345;128;14.82;14.61;0.986;0;1;0;0;0;0;0;0;0;1;0;387;;165;71;0;92
538.24;1921;45;45;13;8.06;87;0;26;46;0;69;19;0.66;1.0;1.0;0;0;0;68;44;5.62;7.6;3.66;12.9;345;128;14.82;14.61;0.986;0;1;0;0;0;0;0;0;0;1;0;389;;164;71;0;91
538.65;1755;39;39;8;7.23;87;0;24;46;0;62;16;0.64;1.0;1.0;0;0;0;59;46;4.88;4.7;3.33;10.6;345;128;14.7;13.81;0.939;0;1;0;0;0;0;0;0;0;1;0;341;;164;71;0;82
538.85;1729;38;38;8;7.08;87;0;26;44;0;60;15;0.62;1.0;1.0;0;0;0;59;44;4.75;4.7;3.27;10.2;345;128;14.7;13.81;0.939;0;1;0;0;0;0;0;0;0;1;0;326;;164;71;0;85
539.25;1819;40;40;8;7.41;87;0;25;45;0;63;16;0.65;1.0;1.0;0;0;0;59;45;5.0;4.7;3.4;11.2;345;128;14.7;13.81;0.939;0;1;0;0;0;0;0;0;0;1;0;349;;165;71;0;89
539.65;1870;45;45;10;8.16;87;0;25;45;0;69;18;0.66;1.0;1.0;0;0;0;63;45;5.62;5.8;3.7;12.7;345;128;14.82;14.71;0.993;0;1;0;0;0;0;0;0;0;1;0;389;;165;71;0;91
540.06;1780;45;45;11;8.22;86;0;24;46;0;70;19;0.66;1.0;1.0;0;0;0;64;46;5.62;6.4;3.72;12.2;345;128;14.7;14.71;1.001;0;1;0;0;0;0;0;0;0;1;0;396;;166;71;0;92
540.45;1870;45;45;11;8.16;85;0;25;45;0;69;19;0.66;1.0;1.0;0;0;0;64;45;5.62;6.4;3.69;12.7;345;128;14.82;15.21;1.026;0;1;0;0;0;0;0;0;0;1;0;392;;167;71;0;99
540.86;1652;39;39;9;7.15;86;0;24;47;0;61;15;0.63;1.0;1.0;0;0;0;60;46;4.88;5.2;3.29;9.8;345;128;14.7;15.21;1.035;0;1;0;0;0;0;0;0;0;1;0;335;;166;71;0;86
541.25;1691;35;35;6;6.57;86;0;25;46;0;58;13;0.61;1.0;1.0;0;0;0;54;45;4.38;3.5;3.06;9.3;345;128;14.7;15.21;1.035;0;1;0;0;0;0;0;0;0;1;0;315;;166;71;0;84
541.67;1562;34;34;6;6.43;87;0;25;46;0;57;12;0.59;1.0;1.0;0;0;0;54;45;4.25;3.5;3.01;8.4;345;128;14.7;14.11;0.96;0;1;0;0;0;0;0;0;0;1;0;306;;165;71;0;76
542.07;1665;27;27;0;5.32;86;0;30;20;0;53;10;0.52;1.0;1.0;0;0;0;42;40;3.38;0.0;2.56;7.4;345;128;14.7;14.11;0.96;0;1;0;0;0;1;0;0;0;1;0;269;;166;71;0;77
542.48;1140;22;22;0;4.57;88;0;54;20;0;51;6;0.45;1.0;1.0;0;0;0;42;16;2.75;0.0;2.27;4.3;345;128;14.7;15.51;1.055;0;1;0;0;0;1;0;0;0;1;0;254;;163;71;0;76
542.87;1447;18;18;0;3.98;85;0;50;20;0;48;6;0.39;1.0;1.0;0;0;0;42;20;2.25;0.0;2.02;4.8;345;128;14.7;15.51;1.055;0;1;0;0;0;1;0;0;0;1;0;235;;167;71;0;74
543.28;1281;17;17;0;3.82;86;0;50;20;0;47;5;0.38;1.0;1.0;0;0;0;42;20;2.12;0.0;1.96;4.1;345;128;14.7;15.51;1.055;0;1;0;0;0;1;0;0;0;1;0;230;;166;71;0;74
543.67;1345;17;17;0;3.83;85;0;50;20;0;47;5;0.38;1.0;1.0;0;0;0;42;20;2.12;0.0;1.96;4.3;345;128;14.7;14.51;0.987;0;1;0;0;0;1;0;0;0;1;0;230;;167;71;0;74
544.08;1229;17;17;0;3.81;85;0;50;20;0;47;5;0.38;1.0;1.0;0;0;0;42;20;2.12;0.0;1.95;3.9;345;128;14.7;14.51;0.987;0;1;0;0;0;1;0;0;0;1;0;225;;167;71;0;74
544.48;1204;17;17;0;3.76;85;0;50;20;0;47;4;0.37;1.0;1.0;0;0;0;42;20;2.12;0.0;1.93;3.8;345;128;14.7;14.11;0.96;0;1;0;0;0;1;0;0;0;1;0;225;;167;71;0;74
544.67;1255;17;17;0;3.76;85;0;50;20;0;47;4;0.38;1.0;1.0;0;0;0;42;20;2.12;0.0;1.93;3.9;345;128;14.7;14.11;0.96;0;1;0;0;0;1;0;0;0;1;0;229;;167;71;0;70
545.08;1178;17;17;0;3.78;87;0;50;20;0;47;4;0.37;1.0;1.0;0;0;0;42;20;2.12;0.0;1.95;3.7;345;128;14.7;14.11;0.96;0;1;0;0;0;1;0;0;0;1;0;225;;165;71;0;74
545.48;1255;31;31;1;6.01;85;0;50;20;0;55;8;0.55;1.0;1.0;0;0;0;45;20;3.88;0.6;2.83;6.3;345;128;14.7;14.41;0.98;0;1;0;0;0;1;0;0;0;1;0;285;;167;71;0;82
545.88;1229;16;16;0;3.63;87;0;50;20;0;46;4;0.37;1.0;1.0;0;0;0;42;20;2.0;0.0;1.89;3.7;345;128;14.7;14.41;0.98;0;1;0;0;0;1;0;0;0;1;0;219;;165;71;0;56
546.3;1063;15;15;0;3.46;85;0;50;20;0;46;3;0.34;1.0;1.0;0;0;0;42;20;1.88;0.0;1.81;3.1;345;128;14.7;14.41;0.98;0;1;0;0;0;1;0;0;0;1;0;217;;167;71;0;73
546.7;1012;15;15;0;3.48;87;0;50;20;0;47;3;0.34;1.0;1.0;0;0;0;42;20;1.88;0.0;1.83;2.9;345;128;14.7;12.81;0.871;0;1;0;0;0;1;0;0;0;1;0;224;;165;71;0;74
547.09;973;16;16;0;3.63;85;0;50;20;0;47;3;0.34;1.0;1.0;0;0;0;42;20;2.0;0.0;1.88;2.9;345;128;14.7;12.81;0.871;0;1;0;0;0;1;0;0;0;1;0;231;;167;71;0;74
547.51;1063;17;17;0;3.76;85;0;50;20;0;48;4;0.37;1.0;1.0;0;0;0;42;20;2.12;0.0;1.93;3.3;345;128;14.7;14.41;0.98;0;1;0;0;0;1;0;0;0;1;0;235;;167;71;0;41
547.9;986;16;16;0;3.63;87;0;50;20;0;47;3;0.34;1.0;1.0;0;0;0;42;20;2.0;0.0;1.89;3.0;345;128;14.7;14.41;0.98;0;1;0;0;0;1;0;0;0;1;0;229;;164;71;0;74
548.32;986;15;15;0;3.51;85;0;50;20;0;47;3;0.34;1.0;1.0;0;0;0;42;20;1.88;0.0;1.83;2.9;345;128;14.7;14.41;0.98;0;1;0;0;0;1;0;0;0;1;0;231;;167;71;0;74
548.7;922;16;16;0;3.66;87;0;50;20;0;48;3;0.35;1.0;1.0;0;0;0;42;20;2.0;0.0;1.9;2.8;345;128;14.7;14.21;0.967;0;1;0;0;0;1;0;0;0;1;0;236;;164;71;0;75
549.11;896;16;16;0;3.66;87;0;50;20;0;48;3;0.35;1.0;1.0;0;0;0;42;20;2.0;0.0;1.9;2.7;345;128;14.7;14.21;0.967;0;1;0;0;0;1;0;0;0;1;0;234;;164;71;0;74
549.52;845;19;19;0;4.12;88;0;50;20;0;50;3;0.38;1.0;1.0;0;0;0;42;20;2.38;0.0;2.09;2.9;345;128;14.7;14.61;0.994;0;1;0;0;0;1;0;0;0;1;0;249;;163;71;0;76
549.92;845;21;21;0;4.4;88;0;50;20;0;51;4;0.4;1.0;1.0;0;0;0;42;20;2.62;0.0;2.2;3.1;345;128;14.7;14.61;0.994;0;1;0;0;0;1;0;0;0;1;0;259;;163;71;0;77
550.11;935;21;21;0;4.5;88;0;50;20;0;51;4;0.41;1.0;1.0;0;0;0;42;20;2.62;0.0;2.24;3.5;345;128;14.7;14.61;0.994;0;1;0;0;0;1;0;0;0;1;0;254;;163;71;0;76
550.54;973;17;17;0;3.77;88;0;50;20;0;48;3;0.36;1.0;1.0;0;0;0;42;20;2.12;0.0;1.95;3.1;345;128;14.7;13.11;0.892;0;1;0;0;0;1;0;0;0;1;0;238;;163;71;0;74
550.92;871;17;17;0;3.82;88;0;50;20;0;49;3;0.36;1.0;1.0;0;0;0;42;20;2.12;0.0;1.97;2.8;345;128;14.7;13.11;0.892;0;1;0;0;0;1;0;0;0;1;0;243;;163;71;0;75
551.34;807;22;22;0;4.57;88;0;50;20;0;52;4;0.43;1.0;1.0;0;0;0;42;20;2.75;0.0;2.27;3.1;345;128;14.7;13.11;0.892;0;1;0;0;0;1;0;0;0;1;0;260;;163;71;0;76
551.75;820;22;22;0;4.62;86;0;50;20;0;53;4;0.44;1.0;1.0;0;0;0;42;20;2.75;0.0;2.28;3.2;345;128;14.7;13.91;0.946;0;1;0;0;0;1;0;0;0;1;0;268;;166;70;0;77
552.13;768;25;25;0;5.13;87;0;50;20;0;54;4;0.47;1.0;1.0;0;0;0;42;20;3.12;0.0;2.49;3.3;345;128;14.47;13.91;0.961;0;1;0;0;0;1;0;0;0;1;0;278;;165;71;0;82
552.55;730;26;26;0;5.27;86;0;50;20;0;55;4;0.48;1.0;1.0;0;0;0;42;20;3.25;0.0;2.54;3.2;345;128;14.47;13.41;0.927;0;1;0;0;0;1;0;0;0;1;0;286;;164;71;0;81
552.94;756;25;25;0;5.11;89;0;50;20;0;54;4;0.47;1.0;1.0;0;0;0;42;20;3.12;0.0;2.49;3.2;345;128;14.47;13.41;0.927;0;1;0;0;0;1;0;0;0;1;0;278;;162;71;0;81
553.35;781;26;26;0;5.28;85;0;50;20;0;55;4;0.48;1.0;1.0;0;0;0;42;20;3.25;0.0;2.54;3.4;345;128;14.47;13.41;0.927;0;1;0;0;0;1;0;0;0;1;0;284;;167;71;0;82
553.74;871;24;24;0;4.93;85;0;50;20;0;53;4;0.45;1.0;1.0;0;0;0;42;20;3.0;0.0;2.4;3.6;345;128;14.47;13.21;0.913;0;1;0;0;0;1;0;0;0;1;0;269;;167;71;0;77
554.14;871;20;20;0;4.38;87;0;50;20;0;51;4;0.41;1.0;1.0;0;0;0;42;20;2.5;0.0;2.19;3.2;345;128;14.7;13.21;0.899;0;1;0;0;0;1;0;0;0;1;0;258;;165;71;0;76
554.57;820;19;19;0;4.2;86;0;50;20;0;51;3;0.4;1.0;1.0;0;0;0;42;20;2.38;0.0;2.11;2.9;345;128;14.7;12.61;0.858;0;1;0;0;0;1;0;0;0;1;0;258;;166;71;0;76
554.94;730;23;23;0;4.76;85;0;50;20;0;53;4;0.45;1.0;1.0;0;0;0;42;20;2.88;0.0;2.33;2.9;345;128;14.47;12.61;0.871;0;1;0;0;0;1;0;0;0;1;0;268;;167;71;0;77
555.35;679;24;24;0;5.01;87;0;50;20;0;54;4;0.47;1.0;1.0;0;0;0;42;20;3.0;0.0;2.44;2.8;345;128;14.47;12.61;0.871;0;1;0;0;0;1;0;0;0;1;0;280;;165;71;0;82
555.75;756;27;27;0;5.33;87;0;50;20;0;55;4;0.48;1.0;1.0;0;0;0;42;20;3.38;0.0;2.57;3.4;345;128;14.47;13.81;0.954;0;1;0;0;0;1;0;0;0;1;0;287;;164;70;0;82
555.97;730;26;26;0;5.3;88;0;50;20;0;55;4;0.48;1.0;1.0;0;0;0;42;20;3.25;0.0;2.56;3.2;345;128;14.47;13.81;0.954;0;1;0;0;0;1;0;0;0;1;0;289;;164;70;0;82
556.37;730;26;26;0;5.21;85;0;50;20;0;55;4;0.48;1.0;1.0;0;0;0;42;20;3.25;0.0;2.51;3.2;345;128;14.47;13.81;0.954;0;1;0;0;0;1;0;0;0;1;0;284;;167;70;0;75
556.77;717;26;26;0;5.22;88;0;50;20;0;55;4;0.48;1.0;1.0;0;0;0;42;20;3.25;0.0;2.53;3.1;345;128;14.47;12.91;0.892;0;1;0;0;0;1;0;0;0;1;0;285;;163;70;0;82
557.17;717;26;26;0;5.21;87;0;50;20;0;55;4;0.48;1.0;1.0;0;0;0;42;20;3.25;0.0;2.52;3.1;345;128;14.47;12.91;0.892;0;1;0;0;0;1;0;0;0;1;0;286;;165;70;0;82
557.56;704;24;24;0;5.03;87;0;50;20;0;55;4;0.48;1.0;1.0;0;0;0;42;20;3.0;0.0;2.45;3.0;345;128;14.47;13.31;0.92;0;1;0;0;0;1;0;0;0;1;0;284;;165;70;0;82
557.98;717;26;26;0;5.15;86;0;50;20;0;55;4;0.48;1.0;1.0;0;0;0;42;20;3.25;0.0;2.49;3.1;345;128;14.47;13.31;0.92;0;1;0;0;0;1;0;0;0;1;0;284;;166;70;0;82
558.36;781;25;25;0;5.03;89;0;50;20;0;54;4;0.47;1.0;1.0;0;0;0;42;20;3.12;0.0;2.46;3.3;345;128;14.47;13.31;0.92;0;1;0;0;0;1;0;0;0;1;0;281;;162;70;0;82
558.78;820;27;27;0;5.38;87;0;50;20;0;55;4;0.48;1.0;1.0;0;0;0;42;20;3.38;0.0;2.59;3.7;345;128;14.47;13.21;0.913;0;1;0;0;0;1;0;0;0;1;0;290;;165;70;0;82
559.17;756;26;26;0;5.27;86;0;50;20;0;55;4;0.48;1.0;1.0;0;0;0;42;20;3.25;0.0;2.54;3.3;345;128;14.47;13.21;0.913;0;1;0;0;0;1;0;0;0;1;0;285;;166;70;0;82
559.58;730;25;25;0;5.08;87;0;50;20;0;55;4;0.48;1.0;1.0;0;0;0;42;20;3.12;0.0;2.47;3.1;345;128;14.47;12.71;0.878;0;1;0;0;0;1;0;0;0;1;0;286;;164;70;0;82
560.01;781;26;26;0;5.31;87;0;50;20;0;55;4;0.48;1.0;1.0;0;0;0;42;20;3.25;0.0;2.56;3.5;345;128;14.47;12.71;0.878;0;1;0;0;0;1;0;0;0;1;0;289;;165;70;0;82
560.4;781;27;27;0;5.33;85;0;50;20;0;55;4;0.48;1.0;1.0;0;0;0;42;20;3.38;0.0;2.56;3.5;345;128;14.47;12.71;0.878;0;1;0;0;0;1;0;0;0;1;0;290;;167;70;0;82
560.79;768;26;26;0;5.27;86;0;50;20;0;55;4;0.48;1.0;1.0;0;0;0;42;20;3.25;0.0;2.54;3.4;345;128;14.47;13.11;0.906;0;1;0;0;0;1;0;0;0;1;0;284;;166;70;0;82
561.19;807;25;25;0;5.05;86;0;50;20;0;54;4;0.47;1.0;1.0;0;0;0;42;20;3.12;0.0;2.45;3.4;345;128;14.47;13.11;0.906;0;1;0;0;0;1;0;0;0;1;0;282;;166;70;0;82
561.41;768;25;25;0;5.08;87;0;50;20;0;54;4;0.47;1.0;1.0;0;0;0;42;20;3.12;0.0;2.47;3.3;345;128;14.47;13.11;0.906;0;1;0;0;0;1;0;0;0;1;0;282;;165;70;0;36
561.8;730;26;26;0;5.21;85;0;50;20;0;55;4;0.48;1.0;1.0;0;0;0;42;20;3.25;0.0;2.51;3.2;345;128;14.47;12.91;0.892;0;1;0;0;0;1;0;0;0;1;0;287;;166;70;0;81
562.2;768;26;26;0;5.2;86;0;50;20;0;55;4;0.48;1.0;1.0;0;0;0;42;20;3.25;0.0;2.51;3.3;345;128;14.47;12.91;0.892;0;1;0;0;0;1;0;0;0;1;0;290;;166;70;0;82
562.61;807;28;28;0;5.51;85;0;50;20;0;56;5;0.51;1.0;1.0;0;0;0;42;20;3.5;0.0;2.63;3.7;345;128;14.47;13.01;0.899;0;1;0;0;0;1;0;0;0;1;0;293;;167;70;0;82
563.02;730;25;25;0;5.12;86;0;50;20;0;55;4;0.48;1.0;1.0;0;0;0;42;20;3.12;0.0;2.48;3.1;345;128;14.47;13.01;0.899;0;1;0;0;0;1;0;0;0;1;0;287;;167;70;0;82
563.41;807;27;27;0;5.33;85;0;50;20;0;56;4;0.51;1.0;1.0;0;0;0;42;20;3.38;0.0;2.56;3.6;345;128;14.47;13.01;0.899;0;1;0;0;0;1;0;0;0;1;0;293;;167;70;0;83
563.83;781;26;26;0;5.21;85;0;50;20;0;55;4;0.48;1.0;1.0;0;0;0;42;20;3.25;0.0;2.51;3.4;345;128;14.47;12.51;0.865;0;1;0;0;0;1;0;0;0;1;0;288;;167;70;0;82
564.22;820;26;26;0;5.18;87;0;50;20;0;55;4;0.48;1.0;1.0;0;0;0;42;20;3.25;0.0;2.51;3.5;345;128;14.47;12.51;0.865;0;1;0;0;0;1;0;0;0;1;0;290;;164;69;0;82
564.62;756;27;27;0;5.35;86;0;50;20;0;55;4;0.48;1.0;1.0;0;0;0;42;20;3.38;0.0;2.57;3.4;345;128;14.47;12.61;0.871;0;1;0;0;0;1;0;0;0;1;0;291;;166;70;0;82
565.01;832;27;27;0;5.42;86;0;50;20;0;56;4;0.5;1.0;1.0;0;0;0;42;20;3.38;0.0;2.6;3.8;345;128;14.47;12.61;0.871;0;1;0;0;0;1;0;0;0;1;0;292;;166;69;0;82
565.42;768;26;26;0;5.3;86;0;50;20;0;55;4;0.48;1.0;1.0;0;0;0;42;20;3.25;0.0;2.55;3.4;345;128;14.47;12.61;0.871;0;1;0;0;0;1;0;0;0;1;0;288;;166;69;0;82
565.83;832;26;26;0;5.25;86;0;50;20;0;55;4;0.48;1.0;1.0;0;0;0;42;20;3.25;0.0;2.53;3.6;345;128;14.47;12.91;0.892;0;1;0;0;0;1;0;0;0;1;0;290;;166;70;0;82
566.23;768;26;26;0;5.25;86;0;50;20;0;55;4;0.48;1.0;1.0;0;0;0;42;20;3.25;0.0;2.53;3.4;345;128;14.47;12.91;0.892;0;1;0;0;0;1;0;0;0;1;0;286;;166;70;0;82
566.64;832;26;26;0;5.25;86;0;50;20;0;55;4;0.48;1.0;1.0;0;0;0;42;20;3.25;0.0;2.53;3.6;345;128;14.47;14.11;0.975;0;1;0;0;0;1;0;0;0;1;0;288;;166;70;0;82
567.05;768;24;24;0;5.02;86;0;50;20;0;54;4;0.47;1.0;1.0;0;0;0;42;20;3.0;0.0;2.44;3.2;345;128;14.47;14.11;0.975;0;1;0;0;0;1;0;0;0;1;0;282;;166;70;0;82
567.24;820;26;26;0;5.26;87;0;50;20;0;55;4;0.48;1.0;1.0;0;0;0;42;20;3.25;0.0;2.54;3.6;345;128;14.47;14.11;0.975;0;1;0;0;0;1;0;0;0;1;0;285;;165;70;0;82
567.65;768;26;26;0;5.31;87;0;50;20;0;55;4;0.48;1.0;1.0;0;0;0;42;20;3.25;0.0;2.56;3.4;345;128;14.47;13.71;0.947;0;1;0;0;0;1;0;0;0;1;0;286;;165;70;0;82
568.04;832;26;26;0;5.26;87;0;50;20;0;55;4;0.48;1.0;1.0;0;0;0;42;20;3.25;0.0;2.54;3.6;345;128;14.47;13.71;0.947;0;1;0;0;0;1;0;0;0;1;0;289;;165;70;0;82
568.46;768;25;25;0;5.08;87;0;50;20;0;54;4;0.47;1.0;1.0;0;0;0;42;20;3.12;0.0;2.47;3.3;345;128;14.47;13.71;0.947;0;1;0;0;0;1;0;0;0;1;0;281;;165;70;0;82
568.85;832;26;26;0;5.25;86;0;50;20;0;55;4;0.48;1.0;1.0;0;0;0;42;20;3.25;0.0;2.53;3.6;345;128;14.47;13.11;0.906;0;1;0;0;0;1;0;0;0;1;0;291;;166;70;0;82
569.26;756;25;25;0;5.07;86;0;50;20;0;54;4;0.47;1.0;1.0;0;0;0;42;20;3.12;0.0;2.46;3.2;345;128;14.47;13.11;0.906;0;1;0;0;0;1;0;0;0;1;0;283;;166;70;0;82
569.65;807;27;27;0;5.46;85;0;50;20;0;56;5;0.51;1.0;1.0;0;0;0;42;20;3.38;0.0;2.61;3.7;345;128;14.47;13.01;0.899;0;1;0;0;0;1;0;0;0;1;0;294;;167;71;0;82
570.06;768;26;26;0;5.22;86;0;50;20;0;55;4;0.48;1.0;1.0;0;0;0;42;20;3.25;0.0;2.52;3.3;345;128;14.47;13.01;0.899;0;1;0;0;0;1;0;0;0;1;0;288;;167;71;0;82
570.48;807;28;28;0;5.58;85;0;50;20;0;56;5;0.51;1.0;1.0;0;0;0;42;20;3.5;0.0;2.66;3.8;345;128;14.47;13.01;0.899;0;1;0;0;0;1;0;0;0;1;0;295;;167;71;0;82
570.86;781;26;26;0;5.18;85;0;50;20;0;55;4;0.48;1.0;1.0;0;0;0;42;20;3.25;0.0;2.5;3.4;345;128;14.47;13.21;0.913;0;1;0;0;0;1;0;0;0;1;0;290;;167;71;0;82
571.26;781;28;28;0;5.51;85;0;50;20;0;56;5;0.51;1.0;1.0;0;0;0;42;20;3.5;0.0;2.63;3.6;345;128;14.47;13.21;0.913;0;1;0;0;0;1;0;0;0;1;0;292;;167;71;0;83
571.68;768;26;26;0;5.23;85;0;50;20;0;55;4;0.48;1.0;1.0;0;0;0;42;20;3.25;0.0;2.52;3.3;345;128;14.47;13.61;0.941;0;1;0;0;0;1;0;0;0;1;0;291;;167;71;0;90
572.06;768;28;28;0;5.53;87;0;50;20;0;56;5;0.51;1.0;1.0;0;0;0;42;20;3.5;0.0;2.65;3.5;345;128;14.47;13.61;0.941;0;1;0;0;0;1;0;0;0;1;0;292;;164;70;0;82
572.46;820;26;26;0;5.28;85;0;50;20;0;55;4;0.48;1.0;1.0;0;0;0;42;20;3.25;0.0;2.54;3.6;345;128;14.47;13.61;0.941;0;1;0;0;0;1;0;0;0;1;0;290;;167;70;0;82
572.87;781;27;27;0;5.36;85;0;50;20;0;55;4;0.48;1.0;1.0;0;0;0;42;20;3.38;0.0;2.57;3.5;345;128;14.47;13.01;0.899;0;1;0;0;0;1;0;0;0;1;0;291;;167;70;0;82
573.07;820;26;26;0;5.26;85;0;50;20;0;55;4;0.48;1.0;1.0;0;0;0;42;20;3.25;0.0;2.53;3.6;345;128;14.47;13.01;0.899;0;1;0;0;0;1;0;0;0;1;0;289;;167;70;0;82
573.47;768;28;28;0;5.53;85;0;50;20;0;56;5;0.51;1.0;1.0;0;0;0;42;20;3.5;0.0;2.64;3.5;345;128;14.47;13.01;0.899;0;1;0;0;0;1;0;0;0;1;0;292;;166;70;0;82
573.87;807;27;27;0;5.32;86;0;50;20;0;56;4;0.51;1.0;1.0;0;0;0;42;20;3.38;0.0;2.56;3.6;345;128;14.47;13.01;0.899;0;1;0;0;0;1;0;0;0;1;0;292;;166;71;0;83
574.29;781;28;28;0;5.52;86;0;50;20;0;56;5;0.51;1.0;1.0;0;0;0;42;20;3.5;0.0;2.64;3.6;345;128;14.47;13.01;0.899;0;1;0;0;0;1;0;0;0;1;0;295;;166;70;0;82
574.69;807;27;27;0;5.47;86;0;50;20;0;56;5;0.51;1.0;1.0;0;0;0;42;20;3.38;0.0;2.62;3.7;345;128;14.47;12.41;0.858;0;1;0;0;0;1;0;0;0;1;0;292;;166;70;0;82
575.08;768;27;27;0;5.37;86;0;50;20;0;55;4;0.48;1.0;1.0;0;0;0;42;20;3.38;0.0;2.58;3.4;345;128;14.47;12.41;0.858;0;1;0;0;0;1;0;0;0;1;0;291;;166;70;0;82
575.48;820;28;28;0;5.55;86;0;50;20;0;56;5;0.5;1.0;1.0;0;0;0;42;20;3.5;0.0;2.65;3.8;345;128;14.47;12.41;0.858;0;1;0;0;0;1;0;0;0;1;0;294;;166;70;0;82
575.9;781;26;26;0;5.25;86;0;50;20;0;55;4;0.48;1.0;1.0;0;0;0;42;20;3.25;0.0;2.53;3.4;345;128;14.47;13.41;0.927;0;1;0;0;0;1;0;0;0;1;0;291;;166;70;0;82
576.3;832;28;28;0;5.52;86;0;50;20;0;56;5;0.5;1.0;1.0;0;0;0;42;20;3.5;0.0;2.64;3.8;345;128;14.47;13.41;0.927;0;1;0;0;0;1;0;0;0;1;0;295;;166;70;0;82
576.7;820;26;26;0;5.21;85;0;50;20;0;55;4;0.48;1.0;1.0;0;0;0;42;20;3.25;0.0;2.51;3.6;345;128;14.47;13.71;0.947;0;1;0;0;0;1;0;0;0;1;0;290;;167;70;0;82
577.1;781;28;28;0;5.53;85;0;50;20;0;56;5;0.51;1.0;1.0;0;0;0;42;20;3.5;0.0;2.64;3.6;345;128;14.47;13.71;0.947;0;1;0;0;0;1;0;0;0;1;0;294;;167;70;0;82
577.51;820;26;26;0;5.26;85;0;50;20;0;55;4;0.48;1.0;1.0;0;0;0;42;20;3.25;0.0;2.53;3.6;345;128;14.47;13.71;0.947;0;1;0;0;0;1;0;0;0;1;0;291;;166;70;0;82
577.9;807;28;28;0;5.53;85;0;50;20;0;56;5;0.51;1.0;1.0;0;0;0;42;20;3.5;0.0;2.64;3.7;345;128;14.47;12.91;0.892;0;1;0;0;0;1;0;0;0;1;0;292;;166;70;0;83
578.3;820;27;27;0;5.43;85;0;50;20;0;56;4;0.5;1.0;1.0;0;0;0;42;20;3.38;0.0;2.6;3.7;345;128;14.47;12.91;0.892;0;1;0;0;0;1;0;0;0;1;0;292;;166;70;0;82
578.72;807;28;28;0;5.58;85;0;50;20;0;56;5;0.51;1.0;1.0;0;0;0;42;20;3.5;0.0;2.66;3.8;345;128;14.47;12.91;0.892;0;1;0;0;0;1;0;0;0;1;0;293;;167;70;0;82
578.93;820;27;27;0;5.45;86;0;50;20;0;56;4;0.5;1.0;1.0;0;0;0;42;20;3.38;0.0;2.61;3.7;345;128;14.47;12.91;0.892;0;1;0;0;0;1;0;0;0;1;0;292;;166;70;0;82
579.33;807;28;28;0;5.52;86;0;50;20;0;56;5;0.51;1.0;1.0;0;0;0;42;20;3.5;0.0;2.64;3.7;345;128;14.47;12.91;0.892;0;1;0;0;0;1;0;0;0;1;0;293;;166;70;0;83
579.73;845;28;28;0;5.6;86;0;50;20;0;56;5;0.5;1.0;1.0;0;0;0;42;20;3.5;0.0;2.67;3.9;345;128;14.47;12.81;0.885;0;1;0;0;0;1;0;0;0;1;0;293;;166;70;0;82
580.14;781;27;27;0;5.48;87;0;50;20;0;56;5;0.51;1.0;1.0;0;0;0;42;20;3.38;0.0;2.63;3.6;345;128;14.47;12.81;0.885;0;1;0;0;0;1;0;0;0;1;0;292;;165;70;0;75
580.52;845;28;28;0;5.55;86;0;50;20;0;56;5;0.5;1.0;1.0;0;0;0;42;20;3.5;0.0;2.65;3.9;345;128;14.47;12.81;0.885;0;1;0;0;0;1;0;0;0;1;0;293;;166;70;0;83
580.92;756;25;25;0;5.17;86;0;50;20;0;55;4;0.48;1.0;1.0;0;0;0;42;20;3.12;0.0;2.5;3.3;345;128;14.47;14.21;0.982;0;1;0;0;0;1;0;0;0;1;0;289;;166;70;0;82
581.33;807;28;28;0;5.62;86;0;50;20;0;56;5;0.51;1.0;1.0;0;0;0;42;20;3.5;0.0;2.68;3.8;345;128;14.47;14.21;0.982;0;1;0;0;0;1;0;0;0;1;0;295;;166;70;0;82
581.73;781;25;25;0;5.17;86;0;50;20;0;55;4;0.48;1.0;1.0;0;0;0;42;20;3.12;0.0;2.5;3.4;345;128;14.47;13.01;0.899;0;1;0;0;0;1;0;0;0;1;0;288;;166;70;0;82
582.14;768;28;28;0;5.62;86;0;50;20;0;56;5;0.51;1.0;1.0;0;0;0;42;20;3.5;0.0;2.68;3.6;345;128;14.47;13.01;0.899;0;1;0;0;0;1;0;0;0;1;0;294;;166;70;0;82
582.54;756;26;26;0;5.2;86;0;50;20;0;55;4;0.48;1.0;1.0;0;0;0;42;20;3.25;0.0;2.51;3.3;345;128;14.47;13.01;0.899;0;1;0;0;0;1;0;0;0;1;0;290;;166;70;0;82
582.96;807;28;28;0;5.6;86;0;50;20;0;56;5;0.51;1.0;1.0;0;0;0;42;20;3.5;0.0;2.67;3.8;345;128;14.47;12.51;0.865;0;1;0;0;0;1;0;0;0;1;0;295;;166;70;0;82
583.36;756;26;26;0;5.23;87;0;50;20;0;55;4;0.48;1.0;1.0;0;0;0;42;20;3.25;0.0;2.53;3.3;345;128;14.47;12.51;0.865;0;1;0;0;0;1;0;0;0;1;0;288;;165;70;0;82
583.76;832;26;26;0;5.26;89;0;50;20;0;55;4;0.48;1.0;1.0;0;0;0;42;20;3.25;0.0;2.55;3.6;345;128;14.47;13.51;0.934;0;1;0;0;0;1;0;0;0;1;0;286;;162;70;0;75
584.17;781;25;25;0;5.08;87;0;50;20;0;54;4;0.47;1.0;1.0;0;0;0;42;20;3.12;0.0;2.47;3.3;345;128;14.47;13.51;0.934;0;1;0;0;0;1;0;0;0;1;0;282;;165;70;0;82
584.36;845;27;27;0;5.47;86;0;50;20;0;56;5;0.5;1.0;1.0;0;0;0;42;20;3.38;0.0;2.62;3.9;345;128;14.47;13.51;0.934;0;1;0;0;0;1;0;0;0;1;0;292;;166;70;0;82
584.77;781;26;26;0;5.25;86;0;50;20;0;55;4;0.48;1.0;1.0;0;0;0;42;20;3.25;0.0;2.53;3.4;345;128;14.47;13.01;0.899;0;1;0;0;0;1;0;0;0;1;0;289;;166;70;0;82
585.17;832;28;28;0;5.56;87;0;50;20;0;56;5;0.5;1.0;1.0;0;0;0;42;20;3.5;0.0;2.66;3.9;345;128;14.47;13.01;0.899;0;1;0;0;0;1;0;0;0;1;0;293;;167;70;0;77
585.57;781;27;27;0;5.36;85;0;50;20;0;56;4;0.51;1.0;1.0;0;0;0;42;20;3.38;0.0;2.57;3.5;345;128;14.47;13.01;0.899;0;1;0;0;0;1;0;0;0;1;0;292;;167;70;0;82
585.98;845;30;30;0;5.92;86;0;50;20;0;60;5;0.52;1.0;1.0;0;0;0;43;20;3.75;0.0;2.8;4.2;345;128;14.47;13.31;0.92;0;1;0;0;0;1;0;0;0;1;0;326;;166;70;0;85
586.38;1165;39;39;3;7.18;87;0;36;33;0;65;9;0.6;1.0;1.0;0;0;0;48;34;4.88;1.7;3.31;7.0;345;128;14.7;13.31;0.905;0;1;0;0;0;0;0;0;0;1;0;360;;164;70;0;90
586.79;1383;40;40;3;7.41;85;0;32;36;0;64;12;0.63;1.0;1.0;0;0;0;48;38;5.0;1.7;3.39;8.5;345;128;14.7;14.91;1.014;0;1;0;0;0;0;0;0;0;1;0;356;;167;70;0;89
587.18;1396;39;39;3;7.22;86;0;33;37;0;63;12;0.62;1.0;1.0;0;0;0;48;37;4.88;1.7;3.32;8.4;345;128;14.7;14.91;1.014;0;1;0;0;0;0;0;0;0;1;0;345;;166;70;0;86
587.59;1345;39;39;3;7.25;86;0;33;37;0;63;12;0.62;1.0;1.0;0;0;0;48;37;4.88;1.7;3.33;8.1;345;128;14.7;14.91;1.014;0;1;0;0;0;0;0;0;0;1;0;344;;166;70;0;88
587.98;1396;38;38;3;7.08;87;0;31;39;0;63;12;0.62;1.0;1.0;0;0;0;48;39;4.75;1.7;3.27;8.2;345;128;14.7;14.41;0.98;0;1;0;0;0;0;0;0;0;1;0;344;;165;70;0;88
588.39;1396;37;37;3;6.88;87;0;31;38;0;61;12;0.62;1.0;1.0;0;0;0;48;39;4.62;1.7;3.19;8.0;345;128;14.7;14.41;0.98;0;1;0;0;0;0;0;0;0;1;0;333;;165;70;0;86
588.8;1447;36;36;3;6.83;87;0;31;40;0;60;12;0.61;1.0;1.0;0;0;0;48;39;4.5;1.7;3.17;8.2;345;128;14.7;14.81;1.007;0;1;0;0;0;0;0;0;0;1;0;327;;165;70;0;85
589.2;1588;36;36;3;6.83;87;0;29;41;0;60;12;0.62;1.0;1.0;0;0;0;48;41;4.5;1.7;3.17;9.0;345;128;14.7;14.81;1.007;0;1;0;0;0;0;0;0;0;1;0;322;;164;70;0;85
589.61;1691;36;36;3;6.73;87;0;27;43;0;59;13;0.62;1.0;1.0;0;0;0;49;43;4.5;1.7;3.13;9.5;345;128;14.7;14.31;0.973;0;1;0;0;0;0;0;0;0;1;0;316;;165;70;0;85
590.01;1652;37;37;5;6.97;88;0;27;43;0;60;14;0.62;1.0;1.0;0;0;0;52;43;4.62;2.9;3.23;9.6;345;128;14.7;14.31;0.973;0;1;0;0;0;0;0;0;0;1;0;323;;163;70;0;85
590.21;1857;40;40;6;7.38;87;0;25;45;0;62;16;0.64;1.0;1.0;0;0;0;55;45;5.0;3.5;3.39;11.4;345;128;14.82;14.31;0.966;0;1;0;0;0;0;0;0;0;1;0;342;;164;70;0;86
590.61;1729;42;42;9;7.76;89;0;27;43;0;65;16;0.66;1.0;1.0;0;0;0;60;43;5.25;5.2;3.55;11.2;345;128;14.7;16.51;1.123;0;1;0;0;0;0;0;0;0;1;0;367;;162;70;0;84
591.01;1716;45;45;9;8.2;86;0;29;41;0;69;17;0.66;1.0;1.0;0;0;0;61;41;5.62;5.2;3.71;11.7;345;128;14.7;16.51;1.123;0;1;0;0;0;0;0;0;0;1;0;392;;166;70;0;92
591.42;1550;41;41;6;7.47;86;0;30;41;0;64;14;0.65;1.0;1.0;0;0;0;55;40;5.12;3.5;3.42;9.6;345;128;14.7;16.51;1.123;0;1;0;0;0;0;0;0;0;1;0;353;;166;70;0;85
591.82;1255;28;28;2;5.56;87;0;31;40;0;54;8;0.53;1.0;1.0;0;0;0;46;39;3.5;1.2;2.66;5.8;345;128;14.7;12.01;0.817;0;1;0;0;0;0;0;0;0;1;0;283;;165;70;0;81
592.23;1217;32;32;2;6.11;87;0;31;39;0;56;9;0.58;1.0;1.0;0;0;0;46;39;4.0;1.2;2.88;6.2;345;128;14.7;12.01;0.817;0;1;0;0;0;0;0;0;0;1;0;293;;165;71;0;82
592.64;1153;28;28;0;5.48;87;0;40;20;0;54;7;0.52;1.0;1.0;0;0;0;42;30;3.5;0.0;2.63;5.3;345;128;14.7;12.41;0.844;0;1;0;0;0;1;0;0;0;1;0;278;;164;71;0;82
593.03;973;27;27;0;5.35;86;0;50;20;0;55;6;0.5;1.0;1.0;0;0;0;42;20;3.38;0.0;2.57;4.3;345;128;14.47;12.41;0.858;0;1;0;0;0;1;0;0;0;1;0;287;;166;70;0;82
593.44;1101;38;38;2;7.01;87;0;50;20;0;63;9;0.59;1.0;1.0;0;0;0;46;20;4.75;1.2;3.24;6.4;345;128;14.7;12.41;0.844;0;1;0;0;0;1;0;0;0;1;0;347;;164;70;0;88
593.83;1383;43;43;4;7.8;86;0;33;37;0;66;13;0.63;1.0;1.0;0;0;0;50;37;5.38;2.3;3.55;9.0;345;128;14.7;14.52;0.988;0;1;0;0;0;0;0;0;0;1;0;368;;166;71;0;90
594.25;1486;41;41;4;7.6;86;0;32;38;0;65;13;0.64;1.0;1.0;0;0;0;50;38;5.12;2.3;3.47;9.4;345;128;14.7;14.52;0.988;0;1;0;0;0;0;0;0;0;1;0;362;;166;71;0;89
594.65;1550;43;43;8;7.86;87;0;32;37;0;68;14;0.65;1.0;1.0;0;0;0;59;38;5.38;4.7;3.58;10.2;345;128;14.7;15.92;1.083;0;1;0;0;0;0;0;0;0;1;0;386;;165;71;0;91
595.05;1588;47;47;9;8.48;87;0;31;39;0;72;17;0.66;1.0;1.0;0;0;0;61;39;5.88;5.2;3.83;11.2;345;128;14.7;15.92;1.083;0;1;0;0;0;0;0;0;0;1;0;414;;165;71;0;101
595.44;1614;46;46;9;8.26;85;0;32;38;0;70;17;0.65;1.0;1.0;0;0;0;61;38;5.75;5.2;3.73;11.1;345;128;14.7;15.92;1.083;0;1;0;0;0;0;0;0;0;1;0;401;;167;71;0;100
595.64;1691;46;46;10;8.38;85;0;30;39;0;71;17;0.66;1.0;1.0;0;0;0;62;40;5.75;5.8;3.78;11.8;345;128;14.7;16.52;1.124;0;1;0;0;0;0;0;0;0;1;0;404;;167;71;0;42
596.04;1729;46;46;10;8.25;86;0;30;39;0;71;17;0.66;1.0;1.0;0;0;0;62;40;5.75;5.8;3.73;11.9;345;128;14.7;16.52;1.124;0;1;0;0;0;0;0;0;0;1;0;406;;166;71;0;99
596.44;1755;46;46;10;8.4;86;0;31;39;0;71;18;0.66;1.0;1.0;0;0;0;62;39;5.75;5.8;3.79;12.3;345;128;14.7;16.52;1.124;0;1;0;0;0;0;0;0;0;1;0;407;;166;71;0;100
596.84;1729;46;46;10;8.37;86;0;30;39;0;71;17;0.66;1.0;1.0;0;0;0;62;40;5.75;5.8;3.78;12.1;345;128;14.7;16.82;1.144;0;1;0;0;0;0;0;0;0;1;0;407;;166;71;0;100
597.26;1780;46;46;10;8.36;87;0;30;40;0;71;17;0.66;1.0;1.0;0;0;0;62;40;5.75;5.8;3.78;12.4;345;128;14.7;16.82;1.144;0;1;0;0;0;0;0;0;0;1;0;404;;165;71;0;98
597.66;1755;44;44;10;8.1;88;0;30;40;0;68;17;0.66;1.0;1.0;0;0;0;62;40;5.5;5.8;3.68;11.8;345;128;14.7;14.52;0.988;0;1;0;0;0;0;0;0;0;1;0;387;;163;71;0;91
598.08;1537;42;42;10;7.73;87;0;30;40;0;65;15;0.65;1.0;1.0;0;0;0;62;40;5.25;5.8;3.53;9.9;345;128;14.7;14.52;0.988;0;1;0;0;0;0;0;0;0;1;0;364;;164;71;0;89
598.46;1511;42;42;10;7.75;88;0;32;38;0;65;15;0.64;1.0;1.0;0;0;0;62;38;5.25;5.8;3.54;9.8;345;128;14.7;14.52;0.988;0;1;0;0;0;0;0;0;0;1;0;365;;163;71;0;90
598.88;1537;45;45;10;8.23;89;0;32;38;0;69;16;0.65;1.0;1.0;0;0;0;62;38;5.62;5.8;3.74;10.5;345;128;14.7;15.82;1.076;0;1;0;0;0;0;0;0;0;1;0;389;;162;71;0;92
599.28;1767;47;47;10;8.46;89;0;30;40;0;71;18;0.66;1.0;1.0;0;0;0;63;40;5.88;5.8;3.83;12.5;345;128;14.7;15.82;1.076;0;1;0;0;0;0;0;0;0;1;0;406;;162;71;0;100
599.67;1703;46;46;12;8.38;87;0;30;40;0;71;18;0.66;1.0;1.0;0;0;0;67;40;5.75;7.0;3.79;11.9;345;128;14.7;17.72;1.205;0;1;0;0;0;0;0;0;0;1;0;410;;164;71;0;101
600.08;1921;56;56;14;9.76;87;0;35;35;0;77;23;0.7;1.0;1.0;0;0;0;71;35;7.0;8.1;4.34;15.6;345;128;14.82;17.72;1.196;0;1;0;0;0;0;0;0;0;1;0;455;;164;71;0;105
600.48;1972;57;57;17;10;87;0;33;37;0;79;25;0.72;1.0;1.0;0;0;0;76;37;7.12;9.9;4.44;16.4;345;128;14.82;17.72;1.196;0;1;0;0;0;0;0;0;0;1;0;465;;164;71;0;106
600.89;1985;60;60;19;11;87;0;36;34;0;81;27;0.74;1.0;1.0;0;0;0;80;34;7.5;11.0;4.76;17.9;345;128;14.82;15.91;1.074;0;1;0;0;0;0;0;0;0;1;0;485;;164;71;0;107
601.29;2100;56;56;19;9.91;87;0;34;39;0;78;26;0.72;1.0;1.0;0;0;0;80;36;7.0;11.0;4.4;17.3;345;128;14.82;15.91;1.074;0;1;0;0;0;0;0;0;0;1;0;460;;164;71;0;106
601.5;1985;45;45;13;8.12;88;0;26;44;0;69;19;0.66;1.0;1.0;0;0;0;68;44;5.62;7.6;3.69;13.4;345;128;14.82;15.91;1.074;0;1;0;0;0;0;0;0;0;1;0;390;;163;70;0;99
601.89;1755;45;45;11;8.12;88;0;29;41;0;68;17;0.66;1.0;1.0;0;0;0;64;41;5.62;6.4;3.69;11.9;345;128;14.7;14.51;0.987;0;1;0;0;0;0;0;0;0;1;0;380;;163;71;0;90
602.31;1447;29;29;3;5.71;87;0;28;41;0;55;9;0.55;1.0;1.0;0;0;0;49;42;3.62;1.7;2.72;6.9;345;128;14.7;14.51;0.987;0;1;0;0;0;0;0;0;0;1;0;291;;164;71;0;82
602.71;1434;43;43;8;7.82;88;0;31;39;0;66;14;0.64;1.0;1.0;0;0;0;58;39;5.38;4.7;3.57;9.3;345;128;14.7;14.31;0.973;0;1;0;0;0;0;0;0;0;1;0;368;;163;71;0;85
603.1;1691;41;41;8;7.53;87;0;26;44;0;64;15;0.66;1.0;1.0;0;0;0;58;44;5.12;4.7;3.45;10.6;345;128;14.7;14.31;0.973;0;1;0;0;0;0;0;0;0;1;0;352;;165;71;0;89
603.5;1614;38;38;8;7.06;87;0;29;42;0;61;13;0.62;1.0;1.0;0;0;0;58;41;4.75;4.7;3.26;9.5;345;128;14.7;14.31;0.973;0;1;0;0;0;0;0;0;0;1;0;328;;164;71;0;82
603.92;1550;38;38;8;7.11;87;0;28;42;0;62;13;0.63;1.0;1.0;0;0;0;58;42;4.75;4.7;3.28;9.2;345;128;14.7;14.31;0.973;0;1;0;0;0;0;0;0;0;1;0;342;;165;72;0;86
604.31;1486;38;38;7;7.06;87;0;30;41;0;62;13;0.62;1.0;1.0;0;0;0;57;40;4.75;4.1;3.26;8.7;345;128;14.7;14.31;0.973;0;1;0;0;0;0;0;0;0;1;0;337;;166;72;0;86
604.71;1550;40;40;7;7.41;87;0;31;40;0;63;14;0.64;1.0;1.0;0;0;0;57;39;5.0;4.1;3.4;9.6;345;128;14.7;14.92;1.015;0;1;0;0;0;0;0;0;0;1;0;348;;165;72;0;88
605.12;1716;47;47;10;8.46;87;0;31;40;0;71;18;0.66;1.0;1.0;0;0;0;62;39;5.88;5.8;3.82;12.1;345;128;14.7;14.92;1.015;0;1;0;0;0;0;0;0;0;1;0;409;;165;72;0;100
605.52;1819;47;47;11;8.42;86;0;29;42;0;71;19;0.66;1.0;1.0;0;0;0;64;41;5.88;6.4;3.8;12.8;345;128;14.7;14.92;1.015;0;1;0;0;0;0;0;0;0;1;0;408;;166;72;0;101
605.93;1819;46;46;11;8.3;86;0;28;43;0;71;19;0.66;1.0;1.0;0;0;0;64;42;5.75;6.4;3.75;12.6;345;128;14.7;16.12;1.097;0;1;0;0;0;0;0;0;0;1;0;406;;166;72;0;90
606.34;1806;40;40;6;7.33;87;0;25;45;0;62;16;0.64;1.0;1.0;0;0;0;54;45;5.0;3.5;3.37;11.0;345;128;14.7;16.12;1.097;0;1;0;0;0;0;0;0;0;1;0;338;;165;72;0;86
606.74;1588;41;41;7;7.48;87;0;30;39;0;64;14;0.65;1.0;1.0;0;0;0;57;40;5.12;4.1;3.43;9.9;345;128;14.7;15.71;1.069;0;1;0;0;0;0;0;0;0;1;0;354;;166;72;0;89
606.92;1703;42;42;8;7.68;87;0;27;43;0;64;16;0.66;1.0;1.0;0;0;0;58;43;5.25;4.7;3.51;10.9;345;128;14.7;15.71;1.069;0;1;0;0;0;0;0;0;0;1;0;358;;165;72;0;89
607.33;1486;23;23;0;4.78;87;0;34;20;0;51;7;0.46;1.0;1.0;0;0;0;42;36;2.88;0.0;2.35;5.9;345;128;14.7;15.71;1.069;0;1;0;0;0;1;0;0;0;1;0;256;;165;73;0;76
607.73;1217;30;30;0;5.81;87;0;52;20;0;55;8;0.55;1.0;1.0;0;0;0;43;18;3.75;0.0;2.76;5.9;345;128;14.7;16.91;1.15;0;1;0;0;0;1;0;0;0;1;0;291;;163;73;0;82
608.15;1447;36;36;4;6.75;88;0;29;40;0;60;11;0.61;1.0;1.0;0;0;0;50;41;4.5;2.3;3.14;8.1;345;128;14.7;16.91;1.15;0;1;0;0;0;0;0;0;0;1;0;325;;163;73;0;82
608.54;1511;41;41;5;7.51;87;0;29;40;0;64;14;0.64;1.0;1.0;0;0;0;52;41;5.12;2.9;3.44;9.5;345;128;14.7;16.91;1.15;0;1;0;0;0;0;0;0;0;1;0;352;;164;74;0;89
608.94;1473;32;32;3;6.11;87;0;27;41;0;56;10;0.59;1.0;1.0;0;0;0;49;43;4.0;1.7;2.88;7.5;345;128;14.7;12.71;0.865;0;1;0;0;0;0;0;0;0;1;0;296;;165;74;0;83
609.36;1434;34;34;3;6.38;87;0;28;42;0;57;11;0.59;1.0;1.0;0;0;0;49;42;4.25;1.7;2.99;7.6;345;128;14.7;12.71;0.865;0;1;0;0;0;0;0;0;0;1;0;300;;165;73;0;77
609.76;1422;24;24;0;4.92;88;0;41;20;0;52;7;0.48;1.0;1.0;0;0;0;42;29;3.0;0.0;2.41;5.8;345;128;14.7;13.11;0.892;0;1;0;0;0;1;0;0;0;1;0;261;;163;73;0;75
610.16;1255;23;23;0;4.75;86;0;50;20;0;51;6;0.46;1.0;1.0;0;0;0;42;20;2.88;0.0;2.33;5.0;345;128;14.7;13.11;0.892;0;1;0;0;0;1;0;0;0;1;0;253;;166;73;0;76
610.57;1281;22;22;0;4.66;87;0;50;20;0;51;6;0.46;1.0;1.0;0;0;0;42;20;2.75;0.0;2.3;5.0;345;128;14.7;13.11;0.892;0;1;0;0;0;1;0;0;0;1;0;252;;164;73;0;76
610.96;1140;20;20;0;4.2;86;0;50;20;0;49;5;0.4;1.0;1.0;0;0;0;42;20;2.5;0.0;2.11;4.0;345;128;14.7;13.81;0.939;0;1;0;0;0;1;0;0;0;1;0;247;;166;73;0;76
611.38;1114;19;19;0;4.13;87;0;50;20;0;49;5;0.39;1.0;1.0;0;0;0;42;20;2.38;0.0;2.09;3.8;345;128;14.7;13.81;0.939;0;1;0;0;0;1;0;0;0;1;0;244;;164;73;0;75
611.78;1089;21;21;0;4.38;87;0;50;20;0;50;5;0.41;1.0;1.0;0;0;0;42;20;2.62;0.0;2.19;4.0;345;128;14.7;15.41;1.048;0;1;0;0;0;1;0;0;0;1;0;248;;165;74;0;76
612.17;1165;22;22;0;4.58;85;0;50;20;0;51;5;0.45;1.0;1.0;0;0;0;42;20;2.75;0.0;2.26;4.4;345;128;14.7;15.41;1.048;0;1;0;0;0;1;0;0;0;1;0;258;;166;74;0;77
612.59;1063;23;23;0;4.73;85;0;50;20;0;52;5;0.45;1.0;1.0;0;0;0;42;20;2.88;0.0;2.32;4.2;345;128;14.7;15.41;1.048;0;1;0;0;0;1;0;0;0;1;0;260;;167;74;0;77
612.79;999;21;21;0;4.48;85;0;50;20;0;52;4;0.45;1.0;1.0;0;0;0;42;20;2.62;0.0;2.22;3.7;345;128;14.7;13.51;0.919;0;1;0;0;0;1;0;0;0;1;0;260;;167;73;0;76
613.18;922;22;22;0;4.58;85;0;50;20;0;52;4;0.44;1.0;1.0;0;0;0;42;20;2.75;0.0;2.26;3.5;345;128;14.7;13.51;0.919;0;1;0;0;0;1;0;0;0;1;0;264;;167;73;0;77
613.58;884;25;25;0;5.08;85;0;50;20;0;54;5;0.47;1.0;1.0;0;0;0;42;20;3.12;0.0;2.46;3.7;345;128;14.47;13.51;0.934;0;1;0;0;0;1;0;0;0;1;0;277;;167;73;0;82
614.0;832;24;24;0;4.98;85;0;50;20;0;54;4;0.46;1.0;1.0;0;0;0;42;20;3.0;0.0;2.42;3.5;345;128;14.47;12.91;0.892;0;1;0;0;0;1;0;0;0;1;0;279;;167;73;0;81
614.39;845;26;26;0;5.28;85;0;50;20;0;55;5;0.48;1.0;1.0;0;0;0;42;20;3.25;0.0;2.54;3.7;345;128;14.47;12.91;0.892;0;1;0;0;0;1;0;0;0;1;0;286;;167;73;0;82
614.79;1114;66;66;12;12;87;0;51;19;0;89;15;0.73;1.0;1.0;0;0;0;67;19;8.25;7.0;5.14;10.9;345;128;13.94;14.61;1.048;0;1;0;0;0;0;0;0;0;1;0;543;;164;73;0;147
615.21;2100;65;65;21;12;87;0;35;35;0;83;30;0.77;1.0;1.0;0;0;0;84;35;8.12;12.2;5.15;20.6;345;128;14.04;14.61;1.041;0;1;0;0;0;0;0;0;0;1;0;497;;165;73;0;109
615.61;2421;62;62;23;11;90;0;31;39;0;82;34;0.76;1.0;1.0;0;0;0;88;39;7.75;13.4;4.77;21.8;345;128;14.82;14.61;0.986;0;1;0;0;0;0;0;0;0;1;0;495;;161;72;0;109
616.0;2421;69;69;27;12;89;0;36;34;0;87;36;0.8;1.0;1.0;0;0;0;97;34;8.62;15.7;5.27;24.3;345;128;14.04;16.51;1.176;0;1;0;0;0;0;0;0;0;1;0;526;;162;73;0;114
616.4;2446;64;64;17;12;90;0;41;29;0;83;36;0.77;1.0;1.0;0;0;0;77;29;8.0;9.9;5.17;24.1;345;128;14.82;16.51;1.114;0;1;0;0;0;0;0;0;0;1;0;496;;160;72;0;109
616.82;1934;35;35;6;6.6;88;0;22;48;0;59;15;0.62;1.0;1.0;0;0;0;54;48;4.38;3.5;3.08;10.6;345;128;14.82;11.31;0.763;0;1;0;0;0;0;0;0;0;1;0;316;;163;73;0;85
617.22;1370;18;18;0;4.03;89;0;45;20;0;49;6;0.41;1.0;1.0;0;0;0;42;25;2.25;0.0;2.06;4.6;345;128;14.7;11.31;0.769;0;1;0;0;0;1;0;0;0;1;0;240;;164;73;0;75
617.6;1037;28;28;0;5.58;87;0;52;20;0;55;6;0.52;1.0;1.0;0;0;0;42;18;3.5;0.0;2.67;4.8;345;128;14.7;11.31;0.769;0;1;0;0;0;1;0;0;0;1;0;290;;165;73;0;82
618.01;1319;42;42;5;7.68;87;0;33;36;0;67;12;0.62;1.0;1.0;0;0;0;52;37;5.25;2.9;3.51;8.4;345;128;14.7;16.72;1.137;0;1;0;0;0;0;0;0;0;1;0;379;;165;73;0;85
618.21;1562;44;44;6;7.96;87;0;31;39;0;68;15;0.65;1.0;1.0;0;0;0;55;39;5.5;3.5;3.62;10.4;345;128;14.7;16.72;1.137;0;1;0;0;0;0;0;0;0;1;0;387;;165;73;0;91
618.62;1755;54;54;13;9.61;87;0;33;37;0;76;21;0.7;1.0;1.0;0;0;0;68;37;6.75;7.6;4.28;14.1;345;128;14.7;16.72;1.137;0;1;0;0;0;0;0;0;0;1;0;447;;165;73;0;42
619.02;1806;57;57;16;10;87;0;34;36;0;79;24;0.72;1.0;1.0;0;0;0;75;36;7.12;9.3;4.44;15.1;345;128;14.7;17.22;1.171;0;1;0;0;0;0;0;0;0;1;0;470;;165;73;0;106
619.42;1972;56;56;17;9.91;87;0;32;38;0;79;25;0.72;1.0;1.0;0;0;0;76;38;7.0;9.9;4.4;16.3;345;128;14.82;17.22;1.162;0;1;0;0;0;0;0;0;0;1;0;469;;165;73;0;106
619.82;1947;60;60;18;11;87;0;34;36;0;80;26;0.73;1.0;1.0;0;0;0;79;36;7.5;10.5;4.65;17.1;345;128;14.82;16.31;1.101;0;1;0;0;0;0;0;0;0;1;0;476;;165;73;0;107
620.24;2113;63;63;20;11;87;0;36;35;0;83;29;0.77;1.0;1.0;0;0;0;82;34;7.88;11.6;4.97;20.0;345;128;14.04;16.31;1.162;0;1;0;0;0;0;0;0;0;1;0;497;;164;73;0;109
620.64;1972;50;50;17;8.87;88;0;28;42;0;74;23;0.68;1.0;1.0;0;0;0;76;42;6.25;9.9;3.99;14.6;345;128;14.82;16.31;1.101;0;1;0;0;0;0;0;0;0;1;0;429;;163;73;0;102
621.04;1883;50;50;16;8.93;87;0;28;42;0;74;21;0.68;1.0;1.0;0;0;0;75;42;6.25;9.3;4.01;14.0;345;128;14.82;14.91;1.006;0;1;0;0;0;0;0;0;0;1;0;434;;164;73;0;102
621.44;1883;53;53;16;9.41;87;0;30;40;0;77;23;0.7;1.0;1.0;0;0;0;75;40;6.62;9.3;4.2;14.8;345;128;14.82;14.91;1.006;0;1;0;0;0;0;0;0;0;1;0;450;;165;73;0;105
621.85;1985;53;53;16;9.31;87;0;31;39;0;76;23;0.7;1.0;1.0;0;0;0;75;39;6.62;9.3;4.16;15.4;345;128;14.82;14.72;0.993;0;1;0;0;0;0;0;0;0;1;0;447;;164;72;0;91
622.25;1934;54;54;16;9.48;87;0;30;39;0;77;24;0.7;1.0;1.0;0;0;0;75;40;6.75;9.3;4.23;15.3;345;128;14.82;14.72;0.993;0;1;0;0;0;0;0;0;0;1;0;452;;164;73;0;99
622.64;1934;56;56;17;9.76;87;0;31;38;0;78;25;0.71;1.0;1.0;0;0;0;77;39;7.0;9.9;4.34;15.7;345;128;14.82;14.72;0.993;0;1;0;0;0;0;0;0;0;1;0;459;;164;73;0;105
623.05;2088;59;59;18;10;88;0;32;38;0;80;27;0.74;1.0;1.0;0;0;0;79;38;7.38;10.5;4.59;18.0;345;128;14.82;15.02;1.013;0;1;0;0;0;0;0;0;0;1;0;473;;163;73;0;106
623.45;2100;60;60;19;11;88;0;33;37;0;81;29;0.75;1.0;1.0;0;0;0;81;37;7.5;11.0;4.72;18.7;345;128;14.82;15.02;1.013;0;1;0;0;0;0;0;0;0;1;0;482;;163;73;0;107
623.85;2216;59;59;19;11;89;0;31;39;0;80;29;0.74;1.0;1.0;0;0;0;81;39;7.38;11.0;4.65;19.4;345;128;14.82;16.52;1.115;0;1;0;0;0;0;0;0;0;1;0;475;;162;73;0;106
624.05;2164;63;63;22;11;88;0;36;34;0;83;31;0.77;1.0;1.0;0;0;0;86;34;7.88;12.8;4.96;20.4;345;128;14.04;16.52;1.177;0;1;0;0;0;0;0;0;0;1;0;502;;163;73;0;109
624.47;2369;68;68;25;12;91;0;37;33;0;86;35;0.79;1.0;1.0;0;0;0;93;33;8.5;14.5;5.28;23.8;345;128;14.82;16.52;1.115;0;1;0;0;0;0;0;0;0;1;0;516;;159;72;0;145
624.87;2318;56;56;21;9.82;90;0;29;41;0;78;29;0.72;1.0;1.0;0;0;0;85;41;7.0;12.2;4.38;19.0;345;128;14.82;14.52;0.98;0;1;0;0;0;0;0;0;0;1;0;460;;160;73;0;106
625.25;2216;56;56;21;9.81;89;0;31;40;0;78;27;0.72;1.0;1.0;0;0;0;85;39;7.0;12.2;4.37;18.1;345;128;14.82;14.52;0.98;0;1;0;0;0;0;0;0;0;1;0;459;;162;72;0;106
625.67;2139;47;47;17;8.46;89;0;25;45;0;71;22;0.66;1.0;1.0;0;0;0;76;45;5.88;9.9;3.83;15.1;345;128;14.82;14.52;0.98;0;1;0;0;0;0;0;0;0;1;0;411;;162;72;0;42
626.06;1972;45;45;15;8.17;88;0;24;46;0;69;21;0.66;1.0;1.0;0;0;0;73;46;5.62;8.7;3.71;13.4;345;128;14.82;14.71;0.993;0;1;0;0;0;0;0;0;0;1;0;394;;163;72;0;42
626.47;2049;46;46;15;8.31;87;0;24;46;0;70;21;0.66;1.0;1.0;0;0;0;73;46;5.75;8.7;3.76;14.2;345;128;14.82;14.71;0.993;0;1;0;0;0;0;0;0;0;1;0;398;;164;72;0;42
626.88;1998;46;46;15;8.33;87;0;25;45;0;70;21;0.66;1.0;1.0;0;0;0;73;45;5.75;8.7;3.77;13.9;345;128;14.82;14.62;0.987;0;1;0;0;0;0;0;0;0;1;0;401;;164;72;0;100
627.28;2139;55;55;18;9.61;87;0;29;41;0;77;26;0.71;1.0;1.0;0;0;0;79;41;6.88;10.5;4.28;17.1;345;128;14.82;14.62;0.987;0;1;0;0;0;0;0;0;0;1;0;449;;164;72;0;105
627.69;2280;55;55;18;9.71;87;0;29;41;0;77;28;0.71;1.0;1.0;0;0;0;79;41;6.88;10.5;4.32;18.4;345;128;14.82;14.62;0.987;0;1;0;0;0;0;0;0;0;1;0;453;;164;72;0;105
628.08;2280;55;55;18;9.67;88;0;29;40;0;77;28;0.71;1.0;1.0;0;0;0;79;41;6.88;10.5;4.31;18.4;345;128;14.82;15.82;1.067;0;1;0;0;0;0;0;0;0;1;0;451;;163;72;0;105
628.47;2228;46;46;17;8.28;87;0;24;46;0;70;23;0.66;1.0;1.0;0;0;0;77;46;5.75;9.9;3.75;15.4;345;128;14.82;15.82;1.067;0;1;0;0;0;0;0;0;0;1;0;399;;164;72;0;89
628.89;2152;46;46;17;8.36;87;0;25;46;0;70;23;0.66;1.0;1.0;0;0;0;77;45;5.75;9.9;3.78;15.0;345;128;14.82;13.21;0.891;0;1;0;0;0;0;0;0;0;1;0;403;;164;72;0;100
629.29;1831;21;21;3;4.46;87;0;27;43;0;50;9;0.45;1.0;1.0;0;0;0;48;43;2.62;1.7;2.22;6.8;345;128;14.7;13.21;0.899;0;1;0;0;0;0;0;0;0;1;0;248;;165;72;0;75
629.69;1857;19;19;2;4.06;87;0;28;40;0;48;8;0.4;1.0;1.0;0;0;0;47;42;2.38;1.2;2.06;6.3;345;128;14.82;13.21;0.891;0;1;0;0;0;0;0;0;0;1;0;237;;165;72;0;76
630.11;1934;22;22;2;4.63;87;0;27;45;0;50;9;0.45;1.0;1.0;0;0;0;47;43;2.75;1.2;2.29;7.5;345;128;14.82;14.21;0.959;0;1;0;0;0;0;0;0;0;1;0;250;;165;72;0;76
630.3;1921;24;24;2;4.83;87;0;25;45;0;51;10;0.47;1.0;1.0;0;0;0;47;45;3.0;1.2;2.37;7.7;345;128;14.82;14.21;0.959;0;1;0;0;0;0;0;0;0;1;0;257;;165;72;0;77
630.69;1857;26;26;2;5.22;86;0;24;46;0;53;11;0.52;1.0;1.0;0;0;0;47;46;3.25;1.2;2.52;8.1;345;128;14.82;14.21;0.959;0;1;0;0;0;0;0;0;0;1;0;268;;166;72;0;77
631.11;1639;18;18;0;3.87;86;0;48;20;0;48;6;0.4;1.0;1.0;0;0;0;42;22;2.25;0.0;1.98;5.3;345;128;14.7;12.51;0.851;0;1;0;0;0;1;0;0;0;1;0;232;;166;72;0;75
631.49;1370;23;23;0;4.65;86;0;67;20;0;51;7;0.46;1.0;1.0;0;0;0;42;3;2.88;0.0;2.29;5.3;345;128;14.7;12.51;0.851;0;1;0;0;0;1;0;0;0;1;0;255;;166;72;0;76
631.9;1562;18;18;0;3.97;84;0;64;20;0;48;6;0.39;1.0;1.0;0;0;0;42;6;2.25;0.0;2.01;5.2;345;128;14.7;16.11;1.096;0;1;0;0;0;1;0;0;0;1;0;233;;169;72;0;74
632.32;1319;22;22;0;4.57;86;0;68;20;0;51;6;0.46;1.0;1.0;0;0;0;42;2;2.75;0.0;2.26;5.0;345;128;14.7;16.11;1.096;0;1;0;0;0;1;0;0;0;1;0;252;;166;72;0;38
632.7;1434;19;19;0;4.08;85;0;59;20;0;49;6;0.41;1.0;1.0;0;0;0;42;11;2.38;0.0;2.06;4.9;345;128;14.7;16.11;1.096;0;1;0;0;0;1;0;0;0;1;0;241;;168;72;0;75
633.12;1370;17;17;0;3.87;86;0;50;20;0;47;5;0.38;1.0;1.0;0;0;0;42;20;2.12;0.0;1.98;4.4;345;128;14.7;13.21;0.899;0;1;0;0;0;1;0;0;0;1;0;228;;166;72;0;74
633.52;1370;16;16;0;3.68;85;0;50;20;0;46;5;0.37;1.0;1.0;0;0;0;42;20;2.0;0.0;1.9;4.2;345;128;14.7;13.21;0.899;0;1;0;0;0;1;0;0;0;1;0;223;;167;72;0;74
633.92;1434;16;16;0;3.58;85;0;53;20;0;45;5;0.36;1.0;1.0;0;0;0;42;17;2.0;0.0;1.86;4.3;345;128;14.7;13.11;0.892;0;1;0;0;0;1;0;0;0;1;0;214;;165;72;0;73
634.32;1255;17;17;0;3.77;86;0;60;20;0;47;5;0.38;1.0;1.0;0;0;0;42;10;2.12;0.0;1.94;3.9;345;128;14.7;13.11;0.892;0;1;0;0;0;1;0;0;0;1;0;228;;166;72;0;74
634.71;1370;16;16;0;3.68;85;0;52;20;0;46;5;0.37;1.0;1.0;0;0;0;42;18;2.0;0.0;1.9;4.2;345;128;14.7;13.11;0.892;0;1;0;0;0;1;0;0;0;1;0;222;;167;72;0;56
635.14;1332;16;16;0;3.58;85;0;50;20;0;45;4;0.36;1.0;1.0;0;0;0;42;20;2.0;0.0;1.86;4.0;345;128;14.7;13.71;0.933;0;1;0;0;0;1;0;0;0;1;0;215;;167;72;0;54
635.52;1498;20;20;5;4.23;87;0;46;38;0;49;6;0.41;1.0;1.0;0;0;0;53;24;2.5;2.9;2.13;5.3;345;128;14.7;13.71;0.933;0;1;0;0;0;0;0;0;0;1;0;245;;164;72;0;70
635.73;1947;49;49;13;8.77;86;0;29;41;0;73;22;0.67;1.0;1.0;0;0;0;69;41;6.12;7.6;3.94;14.2;345;128;14.82;13.71;0.925;0;1;0;0;0;0;0;0;0;1;0;425;;166;72;0;102
636.13;2036;56;56;19;9.77;86;0;30;39;0;79;26;0.72;1.0;1.0;0;0;0;80;40;7.0;11.0;4.34;16.6;345;128;14.82;17.32;1.169;0;1;0;0;0;0;0;0;0;1;0;465;;166;72;0;42
636.55;2152;69;69;22;13;87;0;40;30;0;86;32;0.79;1.0;1.0;0;0;0;87;30;8.62;12.8;5.44;22.4;345;128;13.94;17.32;1.242;0;1;0;0;0;0;0;0;0;1;0;522;;165;72;0;141
636.93;2331;75;75;28;14;90;0;43;27;0;90;38;0.83;1.0;1.0;0;0;0;99;27;9.38;16.3;5.91;26.5;345;128;14.04;14.21;1.012;0;1;0;0;0;0;0;0;0;1;0;554;;160;72;0;148
637.35;2356;77;78;29;14;91;0;44;26;0;92;41;0.84;1.0;1.0;0;0;0;100;26;9.62;16.9;6.16;28.0;345;128;13.54;14.21;1.049;0;1;0;0;0;0;0;0;0;1;0;564;;159;72;0;113
637.74;2446;79;79;30;15;92;0;45;25;0;93;43;0.85;1.0;1.0;0;0;0;103;25;9.88;17.4;6.29;29.7;345;128;13.54;14.21;1.049;0;1;0;0;0;0;0;0;0;1;0;572;;158;71;0;149
638.16;2446;80;80;31;15;92;0;45;25;0;93;44;0.85;1.0;1.0;0;0;0;104;25;10.0;18.0;6.43;30.4;345;128;13.54;12.61;0.931;0;1;0;0;0;0;0;0;0;1;0;574;;157;71;0;149
638.54;2523;79;79;31;15;92;0;45;25;0;93;44;0.84;1.0;1.0;0;0;0;104;25;9.88;18.0;6.29;30.6;345;128;13.54;12.61;0.931;0;1;0;0;0;0;0;0;0;1;0;574;;157;72;0;148
638.96;2421;78;78;31;14;91;0;44;25;0;92;44;0.84;1.0;1.0;0;0;0;104;26;9.75;18.0;6.2;29.0;345;128;13.54;14.21;1.049;0;1;0;0;0;0;0;0;0;1;0;571;;159;71;0;148
639.35;2472;69;69;28;12;90;0;38;32;0;87;38;0.8;1.0;1.0;0;0;0;98;32;8.62;16.3;5.36;25.3;345;128;14.04;14.21;1.012;0;1;0;0;0;0;0;0;0;1;0;527;;160;72;0;50
639.75;2408;67;67;26;12;92;0;36;34;0;85;36;0.78;1.0;1.0;0;0;0;95;34;8.38;15.1;5.18;23.7;345;128;14.82;14.21;0.959;0;1;0;0;0;0;0;0;0;1;0;511;;158;71;0;102
640.17;2228;50;50;18;8.96;91;0;26;44;0;74;26;0.69;1.0;1.0;0;0;0;79;44;6.25;10.5;4.04;16.6;345;128;14.82;14.11;0.952;0;1;0;0;0;0;0;0;0;1;0;434;;159;71;0;102
640.56;2190;47;47;18;8.46;89;0;25;46;0;71;23;0.66;1.0;1.0;0;0;0;78;45;5.88;10.5;3.83;15.4;345;128;14.82;14.11;0.952;0;1;0;0;0;0;0;0;0;1;0;409;;162;71;0;101
640.96;2190;46;46;17;8.33;89;0;25;45;0;70;23;0.66;1.0;1.0;0;0;0;77;45;5.75;9.9;3.78;15.2;345;128;14.82;14.91;1.006;0;1;0;0;0;0;0;0;0;1;0;398;;162;71;0;99
641.36;2062;46;46;17;8.33;87;0;25;45;0;71;22;0.66;1.0;1.0;0;0;0;77;45;5.75;9.9;3.77;14.3;345;128;14.82;14.91;1.006;0;1;0;0;0;0;0;0;0;1;0;410;;164;71;0;101
641.58;1870;52;52;17;9.21;87;0;29;41;0;76;22;0.7;1.0;1.0;0;0;0;77;41;6.5;9.9;4.12;14.4;345;128;14.82;14.91;1.006;0;1;0;0;0;0;0;0;0;1;0;446;;165;71;0;105
641.96;1806;43;43;11;7.8;86;0;25;45;0;67;18;0.66;1.0;1.0;0;0;0;65;45;5.38;6.4;3.55;11.7;345;128;14.7;13.81;0.939;0;1;0;0;0;0;0;0;0;1;0;378;;166;71;0;90
642.38;1703;46;46;11;8.31;87;0;27;43;0;70;18;0.66;1.0;1.0;0;0;0;65;43;5.75;6.4;3.76;11.8;345;128;14.7;13.81;0.939;0;1;0;0;0;0;0;0;0;1;0;402;;165;71;0;100
642.78;1921;62;62;20;11;87;0;34;36;0;82;26;0.75;1.0;1.0;0;0;0;83;36;7.75;11.6;4.78;17.4;345;128;14.04;13.81;0.984;0;1;0;0;0;0;0;0;0;1;0;493;;164;71;0;108
643.17;2331;75;75;27;14;87;0;43;27;0;90;39;0.83;1.0;1.0;0;0;0;96;27;9.38;15.7;5.94;26.7;345;128;14.04;14.31;1.019;0;1;0;0;0;0;0;0;0;1;0;555;;164;72;0;147
643.59;2421;77;77;30;14;89;0;44;27;0;92;41;0.84;1.0;1.0;0;0;0;102;26;9.62;17.4;6.17;28.9;345;128;13.54;14.31;1.057;0;1;0;0;0;0;0;0;0;1;0;570;;162;71;0;36
643.98;2421;80;80;30;15;90;0;45;25;0;93;43;0.85;1.0;1.0;0;0;0;103;25;10.0;17.4;6.45;30.3;345;128;13.54;12.61;0.931;0;1;0;0;0;0;0;0;0;1;0;575;;161;71;0;149
644.4;2305;70;70;28;13;90;0;41;30;0;87;37;0.8;1.0;1.0;0;0;0;98;29;8.75;16.3;5.49;24.2;345;128;14.04;12.61;0.898;0;1;0;0;0;0;0;0;0;1;0;531;;161;71;0;146
644.78;2267;69;69;27;12;91;0;39;30;0;87;36;0.8;1.0;1.0;0;0;0;97;31;8.62;15.7;5.42;23.4;345;128;14.04;12.61;0.898;0;1;0;0;0;0;0;0;0;1;0;529;;159;72;0;145
645.19;2164;58;58;21;10;89;0;31;39;0;80;29;0.74;1.0;1.0;0;0;0;84;39;7.25;12.2;4.53;18.4;345;128;14.82;13.11;0.885;0;1;0;0;0;0;0;0;0;1;0;472;;162;72;0;106
645.61;2216;50;50;17;8.82;88;0;27;43;0;73;24;0.68;1.0;1.0;0;0;0;76;43;6.25;9.9;3.97;16.3;345;128;14.82;13.11;0.885;0;1;0;0;0;0;0;0;0;1;0;425;;164;72;0;102
646.0;1934;48;48;17;8.63;87;0;26;45;0;73;22;0.67;1.0;1.0;0;0;0;76;44;6.0;9.9;3.89;13.9;345;128;14.82;14.52;0.98;0;1;0;0;0;0;0;0;0;1;0;422;;165;72;0;102
646.4;1985;49;49;17;8.72;86;0;28;42;0;73;22;0.67;1.0;1.0;0;0;0;76;42;6.12;9.9;3.92;14.4;345;128;14.82;14.52;0.98;0;1;0;0;0;0;0;0;0;1;0;423;;166;72;0;101
646.82;1985;48;48;17;8.6;86;0;25;44;0;72;22;0.66;1.0;1.0;0;0;0;76;45;6.0;9.9;3.87;14.2;345;128;14.82;14.61;0.986;0;1;0;0;0;0;0;0;0;1;0;418;;166;72;0;100
647.2;1998;45;45;13;8.08;87;0;25;45;0;68;20;0.66;1.0;1.0;0;0;0;68;45;5.62;7.6;3.67;13.5;345;128;14.82;14.61;0.986;0;1;0;0;0;0;0;0;0;1;0;387;;165;72;0;85
647.41;1767;34;34;6;6.52;86;0;23;46;0;58;14;0.61;1.0;1.0;0;0;0;54;47;4.25;3.5;3.04;9.6;345;128;14.7;14.61;0.994;0;1;0;0;0;0;0;0;0;1;0;308;;166;73;0;84
647.81;1716;33;34;6;6.37;86;0;24;46;0;57;13;0.6;1.0;1.0;0;0;0;54;46;4.12;3.5;2.98;9.1;345;128;14.7;13.01;0.885;0;1;0;0;0;0;0;0;0;1;0;304;;166;74;0;83
648.24;1716;30;30;5;5.87;86;0;23;47;0;55;12;0.56;1.0;1.0;0;0;0;52;47;3.75;2.9;2.78;8.4;345;128;14.7;13.01;0.885;0;1;0;0;0;0;0;0;0;1;0;289;;166;74;0;82
648.63;1703;30;30;5;5.85;86;0;24;46;0;55;12;0.56;1.0;1.0;0;0;0;52;46;3.75;2.9;2.77;8.3;345;128;14.7;13.01;0.885;0;1;0;0;0;0;0;0;0;1;0;288;;166;74;0;82
649.04;1716;34;34;5;6.42;86;0;24;46;0;57;13;0.6;1.0;1.0;0;0;0;52;46;4.25;2.9;3.0;9.2;345;128;14.7;12.61;0.858;0;1;0;0;0;0;0;0;0;1;0;304;;166;73;0;84
649.44;1767;35;35;5;6.51;85;0;23;46;0;58;14;0.61;1.0;1.0;0;0;0;52;47;4.38;2.9;3.03;9.6;345;128;14.7;12.61;0.858;0;1;0;0;0;0;0;0;0;1;0;311;;166;73;0;84
649.85;1806;31;31;4;5.86;85;0;23;47;0;55;12;0.56;1.0;1.0;0;0;0;50;47;3.88;2.3;2.77;8.8;345;128;14.7;11.51;0.783;0;1;0;0;0;0;0;0;0;1;0;287;;167;74;0;76
650.24;1729;27;27;3;5.3;86;0;24;45;0;53;10;0.52;1.0;1.0;0;0;0;49;46;3.38;1.7;2.55;7.6;345;128;14.7;11.51;0.783;0;1;0;0;0;0;0;0;0;1;0;268;;166;73;0;74
650.63;1729;20;20;1;4.31;87;0;38;20;0;49;8;0.42;1.0;1.0;0;0;0;44;32;2.5;0.6;2.16;6.2;345;128;14.7;11.51;0.783;0;1;0;0;0;1;0;0;0;1;0;242;;165;74;0;38
651.06;1255;23;23;0;4.76;85;0;63;20;0;51;7;0.46;1.0;1.0;0;0;0;42;7;2.88;0.0;2.33;5.0;345;128;14.7;11.51;0.783;0;1;0;0;0;1;0;0;0;1;0;258;;168;74;0;76
651.45;1550;19;19;0;4.07;84;0;55;20;0;48;6;0.39;1.0;1.0;0;0;0;42;15;2.38;0.0;2.05;5.3;345;128;14.7;11.51;0.783;0;1;0;0;0;1;0;0;0;1;0;237;;169;74;0;75
651.85;1345;18;18;0;3.92;84;0;65;20;0;48;5;0.39;1.0;1.0;0;0;0;42;5;2.25;0.0;1.99;4.4;345;128;14.7;11.51;0.783;0;1;0;0;0;1;0;0;0;1;0;238;;169;73;0;74
652.25;1434;18;18;0;3.97;84;0;57;20;0;48;6;0.39;1.0;1.0;0;0;0;42;13;2.25;0.0;2.01;4.7;345;128;14.7;11.51;0.783;0;1;0;0;0;1;0;0;0;1;0;233;;169;73;0;74
652.67;1537;17;17;0;3.75;86;0;55;20;0;46;5;0.37;1.0;1.0;0;0;0;42;15;2.12;0.0;1.93;4.8;345;128;14.7;11.51;0.783;0;1;0;0;0;1;0;0;0;1;0;219;;169;73;0;73
652.86;1268;18;18;0;3.98;85;0;59;20;0;48;5;0.39;1.0;1.0;0;0;0;42;11;2.25;0.0;2.02;4.2;345;128;14.7;22.52;1.532;0;1;0;0;0;1;0;0;0;1;0;235;;168;74;0;75
653.25;1511;17;17;0;3.72;86;0;50;20;0;46;5;0.37;1.0;1.0;0;0;0;42;20;2.12;0.0;1.92;4.7;345;128;14.7;22.52;1.532;0;1;0;0;0;1;0;0;0;1;0;217;;167;75;0;73
653.67;1345;15;15;0;3.53;85;0;56;20;0;45;5;0.36;1.0;1.0;0;0;0;42;14;1.88;0.0;1.84;4.0;345;128;14.7;22.52;1.532;0;1;0;0;0;1;0;0;0;1;0;211;;167;73;0;73
654.09;1332;15;15;0;3.56;87;0;50;20;0;44;4;0.35;1.0;1.0;0;0;0;42;20;1.88;0.0;1.86;4.0;345;128;14.7;17.92;1.219;0;1;0;0;0;1;0;0;0;1;0;206;;165;73;0;72
654.48;1422;15;15;0;3.43;85;0;50;20;0;44;4;0.35;1.0;1.0;0;0;0;42;20;1.88;0.0;1.8;4.1;345;128;14.7;17.92;1.219;0;1;0;0;0;1;0;0;0;1;0;201;;167;73;0;72
654.88;1434;15;15;0;3.48;87;0;50;20;0;44;4;0.35;1.0;1.0;0;0;0;42;20;1.88;0.0;1.83;4.2;345;128;14.7;12.71;0.865;0;1;0;0;0;1;0;0;0;1;0;201;;165;73;0;57
655.28;1383;14;14;0;3.38;87;0;50;20;0;43;4;0.34;1.0;1.0;0;0;0;42;20;1.75;0.0;1.79;3.9;345;128;14.7;12.71;0.865;0;1;0;0;0;1;0;0;0;1;0;196;;164;72;0;53
655.69;1383;14;14;0;3.33;87;0;50;20;0;43;4;0.34;1.0;1.0;0;0;0;42;20;1.75;0.0;1.77;3.8;345;128;14.7;12.71;0.865;0;1;0;0;0;1;0;0;0;1;0;198;;165;73;0;56
656.09;1422;15;15;0;3.51;89;0;50;20;0;44;4;0.35;1.0;1.0;0;0;0;42;20;1.88;0.0;1.85;4.2;345;128;14.7;13.11;0.892;0;1;0;0;0;1;0;0;0;1;0;200;;162;73;0;57
656.49;1434;14;14;0;3.4;88;0;50;20;0;43;4;0.34;1.0;1.0;0;0;0;42;20;1.75;0.0;1.8;4.1;345;128;14.7;13.11;0.892;0;1;0;0;0;1;0;0;0;1;0;198;;163;73;0;57
656.9;1383;14;14;0;3.37;88;0;50;20;0;43;4;0.34;1.0;1.0;0;0;0;42;20;1.75;0.0;1.79;3.9;345;128;14.7;13.81;0.939;0;1;0;0;0;1;0;0;0;1;0;196;;163;73;0;54
657.31;1498;14;14;0;3.38;89;0;50;20;0;43;4;0.34;1.0;1.0;0;0;0;42;20;1.75;0.0;1.8;4.2;345;128;14.7;13.81;0.939;0;1;0;0;0;1;0;0;0;1;0;195;;162;72;0;81
657.71;1370;14;14;0;3.31;89;0;50;20;0;42;4;0.33;1.0;1.0;0;0;0;42;20;1.75;0.0;1.77;3.8;345;128;14.7;13.81;0.939;0;1;0;0;0;1;0;0;0;1;0;190;;162;73;0;54
658.1;1434;13;13;0;3.25;88;0;50;20;0;42;4;0.34;1.0;1.0;0;0;0;42;20;1.62;0.0;1.74;3.9;345;128;14.7;12.71;0.865;0;1;0;0;0;1;0;0;0;1;0;189;;163;73;0;54
658.3;1447;13;13;0;3.3;90;0;50;20;0;41;4;0.33;1.0;1.0;0;0;0;42;20;1.62;0.0;1.77;4.0;345;128;14.7;12.71;0.865;0;1;0;0;0;1;0;0;0;1;0;187;;161;72;0;54
658.72;1332;14;14;0;3.3;88;0;50;20;0;42;4;0.33;1.0;1.0;0;0;0;42;20;1.75;0.0;1.76;3.7;345;128;14.7;12.71;0.865;0;1;0;0;0;1;0;0;0;1;0;190;;163;72;0;37
659.11;1332;14;14;0;3.33;87;0;50;20;0;43;4;0.34;1.0;1.0;0;0;0;42;20;1.75;0.0;1.77;3.7;345;128;14.7;12.31;0.837;0;1;0;0;0;1;0;0;0;1;0;193;;165;72;0;57
659.51;1370;13;13;0;3.27;88;0;50;20;0;42;4;0.33;1.0;1.0;0;0;0;42;20;1.62;0.0;1.75;3.7;345;128;14.7;12.31;0.837;0;1;0;0;0;1;0;0;0;1;0;191;;163;72;0;70
659.92;1806;14;14;0;3.37;88;0;53;20;0;42;5;0.34;1.0;1.0;0;0;0;42;17;1.75;0.0;1.79;5.1;345;128;14.7;11.91;0.81;0;1;0;0;0;1;0;0;0;1;0;188;;162;72;0;54
660.33;1857;13;13;0;3.23;87;0;64;20;0;41;5;0.34;1.0;1.0;0;0;0;42;6;1.62;0.0;1.73;5.0;345;128;14.82;11.91;0.804;0;1;0;0;0;1;0;0;0;1;0;186;;164;71;0;54
660.72;1819;13;13;0;3.23;87;0;70;20;0;41;5;0.34;1.0;1.0;0;0;0;42;0;1.62;0.0;1.73;4.9;345;128;14.7;11.91;0.81;0;1;0;0;0;1;0;0;0;1;0;185;;165;71;0;52
661.14;1819;17;17;1;3.76;87;0;70;20;0;46;6;0.38;1.0;1.0;0;0;0;45;0;2.12;0.6;1.94;5.7;345;128;14.7;11.91;0.81;0;1;0;0;0;1;0;0;0;1;0;222;;164;71;0;73
661.54;1447;21;21;2;4.36;87;0;70;20;0;50;7;0.44;1.0;1.0;0;0;0;46;0;2.62;1.2;2.18;5.3;345;128;14.7;11.91;0.81;0;1;0;0;0;1;0;0;0;1;0;251;;165;72;0;86
661.92;1639;32;33;2;6.2;86;0;25;44;0;56;11;0.59;1.0;1.0;0;0;0;47;45;4.0;1.2;2.91;8.5;345;128;14.7;14.11;0.96;0;1;0;0;0;0;0;0;0;1;0;292;;166;72;0;82
662.33;1588;27;27;2;5.38;85;0;26;46;0;53;10;0.51;1.0;1.0;0;0;0;47;44;3.38;1.2;2.58;7.1;345;128;14.7;14.11;0.96;0;1;0;0;0;0;0;0;0;1;0;272;;168;72;0;78
662.75;1691;27;27;3;5.3;86;0;24;46;0;53;10;0.52;1.0;1.0;0;0;0;48;46;3.38;1.7;2.55;7.5;345;128;14.7;14.11;0.96;0;1;0;0;0;0;0;0;0;1;0;274;;166;72;0;77
663.15;1729;27;27;2;5.3;86;0;26;44;0;53;10;0.52;1.0;1.0;0;0;0;47;44;3.38;1.2;2.55;7.6;345;128;14.7;15.01;1.021;0;1;0;0;0;0;0;0;0;1;0;273;;166;72;0;40
663.54;1639;27;27;3;5.31;87;0;26;44;0;53;10;0.52;1.0;1.0;0;0;0;48;44;3.38;1.7;2.56;7.3;345;128;14.7;15.01;1.021;0;1;0;0;0;0;0;0;0;1;0;269;;165;72;0;77
663.75;1614;16;16;0;3.72;88;0;37;20;0;45;6;0.36;1.0;1.0;0;0;0;42;33;2.0;0.0;1.93;5.0;345;128;14.7;15.01;1.021;0;1;0;0;0;1;0;0;0;1;0;215;;163;72;0;70
664.14;1268;17;17;0;3.76;87;0;57;20;0;47;4;0.38;1.0;1.0;0;0;0;42;13;2.12;0.0;1.94;4.0;345;128;14.7;13.01;0.885;0;1;0;0;0;1;0;0;0;1;0;228;;165;73;0;74
664.56;1332;17;17;0;3.73;85;0;50;20;0;46;5;0.37;1.0;1.0;0;0;0;42;20;2.12;0.0;1.92;4.1;345;128;14.7;13.01;0.885;0;1;0;0;0;1;0;0;0;1;0;218;;167;73;0;73
664.95;1370;16;16;0;3.62;86;0;50;20;0;45;5;0.36;1.0;1.0;0;0;0;42;20;2.0;0.0;1.88;4.1;345;128;14.7;13.81;0.939;0;1;0;0;0;1;0;0;0;1;0;213;;166;72;0;73
665.37;1319;16;16;0;3.7;86;0;50;20;0;46;5;0.37;1.0;1.0;0;0;0;42;20;2.0;0.0;1.91;4.1;345;128;14.7;13.81;0.939;0;1;0;0;0;1;0;0;0;1;0;216;;166;72;0;73
665.76;1370;16;16;0;3.66;85;0;50;20;0;46;5;0.37;1.0;1.0;0;0;0;42;20;2.0;0.0;1.89;4.2;345;128;14.7;13.81;0.939;0;1;0;0;0;1;0;0;0;1;0;218;;167;73;0;73
666.18;1473;15;15;0;3.47;86;0;50;20;0;44;4;0.35;1.0;1.0;0;0;0;42;20;1.88;0.0;1.82;4.3;345;128;14.7;13.21;0.899;0;1;0;0;0;1;0;0;0;1;0;203;;166;73;0;54
666.57;1345;15;15;0;3.48;87;0;50;20;0;44;4;0.35;1.0;1.0;0;0;0;42;20;1.88;0.0;1.83;3.9;345;128;14.7;13.21;0.899;0;1;0;0;0;1;0;0;0;1;0;202;;164;72;0;70
666.98;1281;15;15;0;3.47;86;0;50;20;0;44;4;0.35;1.0;1.0;0;0;0;42;20;1.88;0.0;1.82;3.7;345;128;14.7;13.61;0.926;0;1;0;0;0;1;0;0;0;1;0;202;;166;73;0;72
667.36;1370;15;15;0;3.48;87;0;50;20;0;44;4;0.35;1.0;1.0;0;0;0;42;20;1.88;0.0;1.83;4.0;345;128;14.7;13.61;0.926;0;1;0;0;0;1;0;0;0;1;0;205;;163;73;0;72
667.8;1306;15;15;0;3.52;86;0;50;20;0;44;4;0.35;1.0;1.0;0;0;0;42;20;1.88;0.0;1.84;3.8;345;128;14.7;13.61;0.926;0;1;0;0;0;1;0;0;0;1;0;203;;166;74;0;72
668.18;1550;15;15;0;3.5;86;0;51;20;0;43;5;0.34;1.0;1.0;0;0;0;42;19;1.88;0.0;1.83;4.5;345;128;14.7;12.31;0.837;0;1;0;0;0;1;0;0;0;1;0;199;;166;74;0;57
668.59;1755;14;14;0;3.26;87;0;62;20;0;42;5;0.34;1.0;1.0;0;0;0;42;8;1.75;0.0;1.74;4.8;345;128;14.7;12.31;0.837;0;1;0;0;0;1;0;0;0;1;0;188;;164;73;0;54
668.98;1703;13;13;0;3.18;85;0;70;20;0;41;5;0.34;1.0;1.0;0;0;0;42;0;1.62;0.0;1.7;4.5;345;128;14.7;12.31;0.837;0;1;0;0;0;1;0;0;0;1;0;186;;167;73;0;54
669.4;1780;14;14;0;3.33;87;0;70;20;0;42;5;0.34;1.0;1.0;0;0;0;42;0;1.75;0.0;1.77;4.9;345;128;14.7;12.31;0.837;0;1;0;0;0;1;0;0;0;1;0;189;;168;73;0;54
669.6;1652;14;14;0;3.31;87;0;70;20;0;42;5;0.34;1.0;1.0;0;0;0;42;0;1.75;0.0;1.76;4.6;345;128;14.7;12.31;0.837;0;1;0;0;0;1;0;0;0;1;0;189;;165;73;0;36
670.01;1614;14;14;0;3.28;85;0;70;20;0;42;5;0.34;1.0;1.0;0;0;0;42;0;1.75;0.0;1.74;4.4;345;128;14.7;12.31;0.837;0;1;0;0;0;1;0;0;0;1;0;191;;166;73;0;54
670.42;1652;15;15;0;3.4;86;0;70;20;0;43;5;0.35;1.0;1.0;0;0;0;42;0;1.88;0.0;1.79;4.7;345;128;14.7;12.31;0.837;0;1;0;0;0;1;0;0;0;1;0;196;;166;73;0;56
670.79;1601;15;15;0;3.46;87;0;70;20;0;44;5;0.35;1.0;1.0;0;0;0;42;0;1.88;0.0;1.82;4.6;345;128;14.7;12.31;0.837;0;1;0;0;0;1;0;0;0;1;0;200;;165;72;0;56
671.19;1486;15;15;0;3.52;86;0;70;20;0;44;5;0.35;1.0;1.0;0;0;0;42;0;1.88;0.0;1.84;4.4;345;128;14.7;12.31;0.837;0;1;0;0;0;1;0;0;0;1;0;204;;164;72;0;54
671.6;1306;15;15;0;3.56;87;0;70;20;0;45;4;0.36;1.0;1.0;0;0;0;42;0;1.88;0.0;1.86;3.9;345;128;14.7;12.31;0.837;0;1;0;0;0;1;0;0;0;1;0;209;;165;74;0;73
672.0;1396;15;15;0;3.45;88;0;62;20;0;44;4;0.35;1.0;1.0;0;0;0;42;8;1.88;0.0;1.82;4.0;345;128;14.7;12.31;0.837;0;1;0;0;0;1;0;0;0;1;0;201;;163;73;0;70
672.41;1396;14;14;0;3.32;88;0;53;20;0;43;4;0.34;1.0;1.0;0;0;0;42;17;1.75;0.0;1.77;3.9;345;128;14.7;12.31;0.837;0;1;0;0;0;1;0;0;0;1;0;198;;162;73;0;56
672.82;1486;18;18;5;4.02;88;0;38;36;0;48;6;0.39;1.0;1.0;0;0;0;53;32;2.25;2.9;2.05;5.0;345;128;14.7;12.31;0.837;0;1;0;0;0;0;0;0;0;1;0;239;;163;72;0;74
673.24;1870;33;33;5;6.36;89;0;22;48;0;56;14;0.59;1.0;1.0;0;0;0;53;48;4.12;2.9;2.99;9.9;345;128;14.82;13.81;0.932;0;1;0;0;0;0;0;0;0;1;0;293;;162;72;0;82
673.62;1780;34;34;5;6.45;88;0;22;48;0;57;14;0.6;1.0;1.0;0;0;0;53;48;4.25;2.9;3.02;9.6;345;128;14.7;13.81;0.939;0;1;0;0;0;0;0;0;0;1;0;301;;163;72;0;83
674.02;1819;35;35;6;6.56;89;0;23;47;0;58;14;0.61;1.0;1.0;0;0;0;55;47;4.38;3.5;3.07;9.9;345;128;14.7;14.21;0.967;0;1;0;0;0;0;0;0;0;1;0;309;;162;71;0;77
674.43;1895;40;40;9;7.36;87;0;23;48;0;62;17;0.64;1.0;1.0;0;0;0;61;47;5.0;5.2;3.38;11.6;345;128;14.82;14.21;0.959;0;1;0;0;0;0;0;0;0;1;0;343;;164;72;0;86
674.83;1895;41;41;10;7.66;89;0;21;49;0;64;17;0.66;1.0;1.0;0;0;0;62;49;5.12;5.8;3.51;12.1;345;128;14.82;14.21;0.959;0;1;0;0;0;0;0;0;0;1;0;355;;162;72;0;88
675.03;1934;44;44;12;8.01;89;0;23;45;0;68;19;0.66;1.0;1.0;0;0;0;67;47;5.5;7.0;3.65;12.9;345;128;14.82;15.62;1.054;0;1;0;0;0;0;0;0;0;1;0;384;;162;72;0;91
675.43;1985;44;44;12;7.96;87;0;23;47;0;67;19;0.66;1.0;1.0;0;0;0;67;47;5.5;7.0;3.62;13.2;345;128;14.82;15.62;1.054;0;1;0;0;0;0;0;0;0;1;0;377;;165;72;0;90
675.84;1947;40;40;11;7.42;88;0;22;47;0;62;17;0.64;1.0;1.0;0;0;0;65;48;5.0;6.4;3.41;12.0;345;128;14.82;15.62;1.054;0;1;0;0;0;0;0;0;0;1;0;343;;163;72;0;82
676.23;1780;44;44;14;7.91;87;0;23;47;0;67;18;0.66;1.0;1.0;0;0;0;70;47;5.5;8.1;3.6;11.7;345;128;14.7;14.21;0.967;0;1;0;0;0;0;0;0;0;1;0;377;;165;72;0;90
676.65;1921;49;49;14;8.73;87;0;25;45;0;73;21;0.67;1.0;1.0;0;0;0;70;45;6.12;8.1;3.93;14.0;345;128;14.82;14.21;0.959;0;1;0;0;0;0;0;0;0;1;0;424;;163;72;0;102
677.04;1947;47;47;14;8.51;87;0;25;46;0;72;21;0.66;1.0;1.0;0;0;0;70;45;5.88;8.1;3.84;13.8;345;128;14.82;15.02;1.013;0;1;0;0;0;0;0;0;0;1;0;412;;165;72;0;91
677.44;1947;46;46;14;8.23;87;0;24;46;0;70;20;0.66;1.0;1.0;0;0;0;70;46;5.75;8.1;3.73;13.4;345;128;14.82;15.02;1.013;0;1;0;0;0;0;0;0;0;1;0;398;;165;72;0;90
677.84;1819;40;40;11;7.45;86;0;24;48;0;63;17;0.65;1.0;1.0;0;0;0;65;46;5.0;6.4;3.41;11.3;345;128;14.7;15.02;1.022;0;1;0;0;0;0;0;0;0;1;0;348;;165;72;0;86
678.24;1895;42;42;11;7.68;87;0;23;47;0;64;17;0.66;1.0;1.0;0;0;0;65;47;5.25;6.4;3.51;12.1;345;128;14.82;14.01;0.945;0;1;0;0;0;0;0;0;0;1;0;353;;165;72;0;89
678.66;1819;45;45;11;8.06;87;0;24;46;0;68;18;0.66;1.0;1.0;0;0;0;65;46;5.62;6.4;3.66;12.2;345;128;14.7;14.01;0.953;0;1;0;0;0;0;0;0;0;1;0;383;;164;72;0;91
679.06;1883;45;45;11;8.11;87;0;25;46;0;68;19;0.66;1.0;1.0;0;0;0;65;45;5.62;6.4;3.68;12.7;345;128;14.82;14.71;0.993;0;1;0;0;0;0;0;0;0;1;0;382;;165;72;0;91
679.48;1921;45;45;11;8.12;88;0;23;47;0;68;19;0.66;1.0;1.0;0;0;0;65;47;5.62;6.4;3.69;13.0;345;128;14.82;14.71;0.993;0;1;0;0;0;0;0;0;0;1;0;387;;163;72;0;86
679.89;1883;47;47;13;8.48;87;0;25;45;0;72;20;0.66;1.0;1.0;0;0;0;68;45;5.88;7.6;3.83;13.3;345;128;14.82;14.71;0.993;0;1;0;0;0;0;0;0;0;1;0;413;;165;72;0;101
680.28;1985;47;47;13;8.43;87;0;25;45;0;71;20;0.66;1.0;1.0;0;0;0;69;45;5.88;7.6;3.81;13.9;345;128;14.82;15.31;1.033;0;1;0;0;0;0;0;0;0;1;0;411;;164;72;0;101
680.69;1831;40;40;11;7.38;87;0;24;45;0;63;16;0.65;1.0;1.0;0;0;0;65;46;5.0;6.4;3.39;11.3;345;128;14.7;15.31;1.041;0;1;0;0;0;0;0;0;0;1;0;346;;165;72;0;86
680.87;1883;44;44;11;8.11;89;0;23;47;0;68;18;0.66;1.0;1.0;0;0;0;65;47;5.5;6.4;3.69;12.7;345;128;14.82;15.31;1.033;0;1;0;0;0;0;0;0;0;1;0;386;;162;72;0;91
681.28;1819;44;44;11;8.03;87;0;24;46;0;68;18;0.66;1.0;1.0;0;0;0;65;46;5.5;6.4;3.65;12.2;345;128;14.7;15.52;1.056;0;1;0;0;0;0;0;0;0;1;0;382;;164;72;0;86
681.7;1652;34;34;8;6.45;88;0;25;45;0;57;13;0.6;1.0;1.0;0;0;0;59;45;4.25;4.7;3.02;8.9;345;128;14.7;15.52;1.056;0;1;0;0;0;0;0;0;0;1;0;305;;163;72;0;84
682.1;1639;34;34;8;6.48;87;0;25;47;0;57;13;0.6;1.0;1.0;0;0;0;59;45;4.25;4.7;3.03;8.9;345;128;14.7;13.51;0.919;0;1;0;0;0;0;0;0;0;1;0;307;;164;72;0;84
682.49;1601;34;34;8;6.38;87;0;24;46;0;57;12;0.59;1.0;1.0;0;0;0;59;46;4.25;4.7;2.99;8.5;345;128;14.7;13.51;0.919;0;1;0;0;0;0;0;0;0;1;0;305;;164;72;0;84
682.91;1639;41;41;8;7.56;87;0;24;45;0;63;15;0.65;1.0;1.0;0;0;0;59;46;5.12;4.7;3.46;10.3;345;128;14.7;13.51;0.919;0;1;0;0;0;0;0;0;0;1;0;346;;165;72;0;89
683.29;1716;43;43;9;7.78;87;0;24;45;0;65;16;0.66;1.0;1.0;0;0;0;61;46;5.38;5.2;3.55;11.1;345;128;14.7;14.41;0.98;0;1;0;0;0;0;0;0;0;1;0;367;;164;72;0;90
683.7;1703;43;43;9;7.91;87;0;27;43;0;66;17;0.66;1.0;1.0;0;0;0;61;43;5.38;5.2;3.6;11.2;345;128;14.7;14.41;0.98;0;1;0;0;0;0;0;0;0;1;0;373;;165;72;0;90
684.11;1806;44;44;9;7.98;87;0;25;44;0;67;17;0.66;1.0;1.0;0;0;0;61;45;5.5;5.2;3.63;12.0;345;128;14.7;14.11;0.96;0;1;0;0;0;0;0;0;0;1;0;377;;165;72;0;90
684.52;1806;42;42;10;7.73;87;0;26;43;0;65;17;0.66;1.0;1.0;0;0;0;62;44;5.25;5.8;3.53;11.6;345;128;14.7;14.11;0.96;0;1;0;0;0;0;0;0;0;1;0;362;;164;72;0;35
684.92;1486;23;23;3;4.78;85;0;28;42;0;51;8;0.46;1.0;1.0;0;0;0;48;42;2.88;1.7;2.34;5.9;345;128;14.7;14.11;0.96;0;1;0;0;0;0;0;0;0;1;0;257;;165;72;0;77
685.32;1396;25;25;3;5.02;86;0;28;43;0;52;8;0.48;1.0;1.0;0;0;0;48;42;3.12;1.7;2.44;5.8;345;128;14.7;12.01;0.817;0;1;0;0;0;0;0;0;0;1;0;264;;166;72;0;77
685.72;1716;44;44;9;8.0;86;0;29;41;0;67;16;0.66;1.0;1.0;0;0;0;61;41;5.5;5.2;3.63;11.4;345;128;14.7;12.01;0.817;0;1;0;0;0;0;0;0;0;1;0;376;;166;73;0;90
685.93;1819;46;46;11;8.26;85;0;27;43;0;69;18;0.66;1.0;1.0;0;0;0;64;43;5.75;6.4;3.73;12.5;345;128;14.7;12.01;0.817;0;1;0;0;0;0;0;0;0;1;0;395;;167;73;0;42
686.33;1870;46;46;11;8.23;85;0;27;43;0;70;18;0.66;1.0;1.0;0;0;0;64;43;5.75;6.4;3.72;12.8;345;128;14.82;14.71;0.993;0;1;0;0;0;0;0;0;0;1;0;396;;168;72;0;86
686.72;1857;45;45;11;8.23;85;0;26;43;0;70;18;0.66;1.0;1.0;0;0;0;64;44;5.62;6.4;3.72;12.7;345;128;14.82;14.71;0.993;0;1;0;0;0;0;0;0;0;1;0;396;;167;73;0;100
687.14;1831;45;45;11;8.21;85;0;24;46;0;70;18;0.66;1.0;1.0;0;0;0;64;46;5.62;6.4;3.71;12.5;345;128;14.7;14.81;1.007;0;1;0;0;0;0;0;0;0;1;0;398;;167;73;0;42
687.55;1857;45;45;11;8.25;86;0;26;43;0;70;18;0.66;1.0;1.0;0;0;0;64;44;5.62;6.4;3.73;12.8;345;128;14.82;14.81;0.999;0;1;0;0;0;0;0;0;0;1;0;397;;166;74;0;86
687.94;1780;45;45;11;8.06;87;0;24;44;0;69;18;0.66;1.0;1.0;0;0;0;64;46;5.62;6.4;3.66;12.0;345;128;14.7;14.81;1.007;0;1;0;0;0;0;0;0;0;1;0;388;;165;73;0;98
688.35;1652;43;43;11;7.78;87;0;25;45;0;66;16;0.66;1.0;1.0;0;0;0;64;45;5.38;6.4;3.55;10.7;345;128;14.7;13.91;0.946;0;1;0;0;0;0;0;0;0;1;0;370;;165;73;0;89
688.75;1819;53;53;14;9.36;87;0;30;40;0;75;21;0.69;1.0;1.0;0;0;0;70;40;6.62;8.1;4.18;14.2;345;128;14.7;13.91;0.946;0;1;0;0;0;0;0;0;0;1;0;442;;164;72;0;104
689.14;1934;54;54;14;9.43;87;0;29;41;0;76;23;0.7;1.0;1.0;0;0;0;71;41;6.75;8.1;4.21;15.2;345;128;14.82;15.81;1.067;0;1;0;0;0;0;0;0;0;1;0;446;;165;72;0;102
689.56;1934;65;65;21;12;87;0;37;32;0;84;28;0.77;1.0;1.0;0;0;0;85;33;8.12;12.2;5.13;18.9;345;128;14.04;15.81;1.126;0;1;0;0;0;0;0;0;0;1;0;507;;164;72;0;102
689.96;2203;62;62;21;11;89;0;33;37;0;82;30;0.76;1.0;1.0;0;0;0;85;37;7.75;12.2;4.92;20.5;345;128;14.04;15.81;1.126;0;1;0;0;0;0;0;0;0;1;0;493;;162;72;0;108
690.37;2139;59;59;21;11;89;0;32;38;0;80;29;0.74;1.0;1.0;0;0;0;85;38;7.38;12.2;4.67;18.8;345;128;14.82;14.52;0.98;0;1;0;0;0;0;0;0;0;1;0;479;;162;72;0;105
690.77;2164;60;60;21;11;89;0;32;38;0;80;29;0.74;1.0;1.0;0;0;0;85;38;7.5;12.2;4.72;19.3;345;128;14.82;14.52;0.98;0;1;0;0;0;0;0;0;0;1;0;479;;162;72;0;107
691.16;2190;59;59;21;11;89;0;31;38;0;80;29;0.74;1.0;1.0;0;0;0;85;39;7.38;12.2;4.69;19.4;345;128;14.82;15.21;1.026;0;1;0;0;0;0;0;0;0;1;0;478;;162;72;0;107
691.56;2190;60;60;21;11;89;0;32;38;0;81;29;0.75;1.0;1.0;0;0;0;85;38;7.5;12.2;4.74;19.6;345;128;14.82;15.21;1.026;0;1;0;0;0;0;0;0;0;1;0;481;;162;72;0;140
691.95;2152;60;60;21;11;89;0;32;38;0;81;29;0.75;1.0;1.0;0;0;0;85;38;7.5;12.2;4.71;19.1;345;128;14.82;15.21;1.026;0;1;0;0;0;0;0;0;0;1;0;481;;162;72;0;108
692.17;2216;62;62;21;11;89;0;33;37;0;82;31;0.76;1.0;1.0;0;0;0;85;37;7.75;12.2;4.85;20.3;345;128;14.04;14.81;1.055;0;1;0;0;0;0;0;0;0;1;0;490;;162;72;0;43
692.56;2318;63;63;21;11;90;0;32;38;0;82;32;0.76;1.0;1.0;0;0;0;85;38;7.88;12.2;4.88;21.4;345;128;14.82;14.81;0.999;0;1;0;0;0;0;0;0;0;1;0;490;;161;72;0;108
692.97;2152;55;55;21;9.72;88;0;28;42;0;78;28;0.72;1.0;1.0;0;0;0;85;42;6.88;12.2;4.33;17.4;345;128;14.82;14.81;0.999;0;1;0;0;0;0;0;0;0;1;0;459;;162;72;0;106
693.39;2228;56;56;21;9.81;87;0;29;41;0;78;28;0.72;1.0;1.0;0;0;0;85;41;7.0;12.2;4.36;18.2;345;128;14.82;15.61;1.053;0;1;0;0;0;0;0;0;0;1;0;460;;164;72;0;106
693.78;2203;57;57;21;9.96;87;0;30;40;0;79;28;0.73;1.0;1.0;0;0;0;85;40;7.12;12.2;4.42;18.3;345;128;14.82;15.61;1.053;0;1;0;0;0;0;0;0;0;1;0;468;;164;72;0;106
694.17;2331;61;61;21;11;88;0;30;40;0;81;32;0.75;1.0;1.0;0;0;0;85;40;7.62;12.2;4.73;20.8;345;128;14.82;15.02;1.013;0;1;0;0;0;0;0;0;0;1;0;480;;163;72;0;43
694.57;2369;59;59;21;10;88;0;30;42;0;79;31;0.73;1.0;1.0;0;0;0;85;40;7.38;12.2;4.53;20.2;345;128;14.82;15.02;1.013;0;1;0;0;0;0;0;0;0;1;0;469;;163;72;0;106
694.99;2356;55;55;21;9.62;88;0;27;43;0;77;28;0.71;1.0;1.0;0;0;0;84;43;6.88;12.2;4.29;18.9;345;128;14.82;15.02;1.013;0;1;0;0;0;0;0;0;0;1;0;449;;163;72;0;105
695.38;2267;47;47;17;8.31;87;0;24;46;0;71;24;0.66;1.0;1.0;0;0;0;76;46;5.88;9.9;3.76;15.7;345;128;14.93;14.71;0.985;0;1;0;0;0;0;0;0;0;1;0;410;;165;72;0;101
695.78;1831;46;46;17;8.33;87;0;25;46;0;71;19;0.66;1.0;1.0;0;0;0;76;45;5.75;9.9;3.77;12.7;345;128;14.7;14.71;1.001;0;1;0;0;0;0;0;0;0;1;0;408;;165;72;0;101
696.18;1883;50;50;16;8.86;87;0;28;42;0;74;21;0.68;1.0;1.0;0;0;0;75;42;6.25;9.3;3.98;13.9;345;128;14.82;16.61;1.121;0;1;0;0;0;0;0;0;0;1;0;430;;165;72;0;102
696.6;1870;51;51;16;9.11;87;0;28;42;0;75;22;0.69;1.0;1.0;0;0;0;75;42;6.38;9.3;4.08;14.2;345;128;14.82;16.61;1.121;0;1;0;0;0;0;0;0;0;1;0;440;;165;72;0;102
696.99;1934;51;51;16;9.11;87;0;29;41;0;75;22;0.69;1.0;1.0;0;0;0;75;41;6.38;9.3;4.08;14.7;345;128;14.82;16.61;1.121;0;1;0;0;0;0;0;0;0;1;0;439;;165;72;0;103
697.4;1972;48;48;14;8.53;87;0;26;44;0;72;21;0.66;1.0;1.0;0;0;0;70;44;6.0;8.1;3.85;14.0;345;128;14.82;14.81;0.999;0;1;0;0;0;0;0;0;0;1;0;415;;165;72;0;89
697.8;1691;43;43;12;7.85;86;0;25;45;0;66;17;0.66;1.0;1.0;0;0;0;67;45;5.38;7.0;3.57;11.1;345;128;14.7;14.81;1.007;0;1;0;0;0;0;0;0;0;1;0;374;;166;72;0;90
698.0;1819;45;45;12;8.11;87;0;27;43;0;68;18;0.66;1.0;1.0;0;0;0;67;43;5.62;7.0;3.68;12.3;345;128;14.7;14.81;1.007;0;1;0;0;0;0;0;0;0;1;0;383;;164;72;0;41
698.41;1562;34;34;6;6.5;86;0;27;43;0;57;12;0.59;1.0;1.0;0;0;0;54;43;4.25;3.5;3.03;8.5;345;128;14.7;12.61;0.858;0;1;0;0;0;0;0;0;0;1;0;306;;166;72;0;84
698.8;1562;34;34;6;6.37;86;0;26;44;0;57;12;0.59;1.0;1.0;0;0;0;54;44;4.25;3.5;2.98;8.3;345;128;14.7;12.61;0.858;0;1;0;0;0;0;0;0;0;1;0;306;;166;72;0;84
699.22;1550;33;33;6;6.35;86;0;25;45;0;57;12;0.59;1.0;1.0;0;0;0;54;45;4.12;3.5;2.97;8.2;345;128;14.7;12.21;0.831;0;1;0;0;0;0;0;0;0;1;0;306;;166;72;0;84
699.6;1601;34;34;6;6.47;86;0;23;47;0;58;12;0.6;1.0;1.0;0;0;0;54;47;4.25;3.5;3.02;8.6;345;128;14.7;12.21;0.831;0;1;0;0;0;0;0;0;0;1;0;310;;166;72;0;84
700.01;1665;35;35;6;6.6;86;0;25;45;0;58;12;0.61;1.0;1.0;0;0;0;54;45;4.38;3.5;3.07;9.2;345;128;14.7;12.21;0.831;0;1;0;0;0;0;0;0;0;1;0;313;;166;72;0;41
700.43;1422;18;18;0;3.91;85;0;40;20;0;48;6;0.39;1.0;1.0;0;0;0;43;30;2.25;0.0;1.99;4.6;345;128;14.7;12.51;0.851;0;1;0;0;0;1;0;0;0;1;0;235;;167;72;0;75
700.83;1422;24;24;0;4.85;86;0;51;20;0;51;7;0.46;1.0;1.0;0;0;0;43;19;3.0;0.0;2.37;5.7;345;128;14.7;12.51;0.851;0;1;0;0;0;1;0;0;0;1;0;258;;166;72;0;76
701.22;1498;28;28;2;5.58;87;0;34;43;0;54;9;0.53;1.0;1.0;0;0;0;47;36;3.5;1.2;2.67;7.0;345;128;14.7;12.91;0.878;0;1;0;0;0;0;0;0;0;1;0;278;;165;72;0;89
701.62;1550;33;33;3;6.3;86;0;25;45;0;56;11;0.59;1.0;1.0;0;0;0;48;45;4.12;1.7;2.95;8.1;345;128;14.7;12.91;0.878;0;1;0;0;0;0;0;0;0;1;0;295;;166;72;0;40
702.04;1601;34;34;3;6.41;85;0;26;44;0;57;12;0.59;1.0;1.0;0;0;0;48;44;4.25;1.7;2.99;8.6;345;128;14.7;13.61;0.926;0;1;0;0;0;0;0;0;0;1;0;300;;167;72;0;83
702.43;1588;36;36;5;6.7;86;0;26;44;0;58;13;0.6;1.0;1.0;0;0;0;52;44;4.5;2.9;3.11;8.9;345;128;14.7;13.61;0.926;0;1;0;0;0;0;0;0;0;1;0;315;;166;73;0;41
702.84;1729;38;38;5;7.06;85;0;25;42;0;61;14;0.63;1.0;1.0;0;0;0;53;45;4.75;2.9;3.25;10.2;345;128;14.7;13.61;0.926;0;1;0;0;0;0;0;0;0;1;0;332;;167;72;0;86
703.24;1729;38;38;5;7.06;85;0;27;44;0;61;14;0.63;1.0;1.0;0;0;0;53;43;4.75;2.9;3.25;10.2;345;128;14.7;13.01;0.885;0;1;0;0;0;0;0;0;0;1;0;334;;167;72;0;41
703.45;1729;38;38;5;7.11;85;0;26;44;0;62;14;0.64;1.0;1.0;0;0;0;53;44;4.75;2.9;3.27;10.2;345;128;14.7;13.01;0.885;0;1;0;0;0;0;0;0;0;1;0;338;;167;72;0;86
703.83;1780;40;40;6;7.4;86;0;25;43;0;63;15;0.65;1.0;1.0;0;0;0;55;45;5.0;3.5;3.39;11.0;345;128;14.7;13.01;0.885;0;1;0;0;0;0;0;0;0;1;0;344;;166;72;0;86
704.25;1639;35;35;5;6.65;86;0;24;47;0;58;13;0.61;1.0;1.0;0;0;0;53;46;4.38;2.9;3.09;9.1;345;128;14.7;12.71;0.865;0;1;0;0;0;0;0;0;0;1;0;310;;166;72;0;77
704.64;1665;27;27;3;5.33;85;0;26;43;0;53;10;0.52;1.0;1.0;0;0;0;49;44;3.38;1.7;2.56;7.4;345;128;14.7;12.71;0.865;0;1;0;0;0;0;0;0;0;1;0;271;;166;72;0;78
705.05;1639;23;23;3;4.75;86;0;30;40;0;51;8;0.47;1.0;1.0;0;0;0;48;40;2.88;1.7;2.33;6.5;345;128;14.7;12.71;0.865;0;1;0;0;0;0;0;0;0;1;0;255;;166;73;0;76
705.45;1601;23;23;3;4.72;86;0;28;42;0;51;8;0.46;1.0;1.0;0;0;0;48;42;2.88;1.7;2.32;6.3;345;128;14.7;12.71;0.865;0;1;0;0;0;0;0;0;0;1;0;258;;166;73;0;77
705.85;1639;27;27;3;5.3;86;0;26;44;0;53;9;0.52;1.0;1.0;0;0;0;48;44;3.38;1.7;2.55;7.2;345;128;14.7;12.71;0.865;0;1;0;0;0;0;0;0;0;1;0;272;;166;73;0;77
706.27;1639;32;32;3;6.15;86;0;24;47;0;55;12;0.56;1.0;1.0;0;0;0;49;46;4.0;1.7;2.89;8.4;345;128;14.7;14.41;0.98;0;1;0;0;0;0;0;0;0;1;0;291;;166;73;0;77
706.67;1691;34;34;4;6.37;86;0;23;46;0;56;12;0.59;1.0;1.0;0;0;0;50;47;4.25;2.3;2.98;9.0;345;128;14.7;14.41;0.98;0;1;0;0;0;0;0;0;0;1;0;297;;166;74;0;77
707.07;1383;16;16;0;3.66;85;0;45;20;0;46;5;0.37;1.0;1.0;0;0;0;42;25;2.0;0.0;1.89;4.2;345;128;14.7;14.41;0.98;0;1;0;0;0;1;0;0;0;1;0;222;;167;74;0;74
707.47;1434;18;18;0;3.96;85;0;52;20;0;48;5;0.39;1.0;1.0;0;0;0;42;18;2.25;0.0;2.01;4.7;345;128;14.7;14.41;0.98;0;1;0;0;0;1;0;0;0;1;0;233;;167;74;0;38
707.87;1434;18;18;0;3.9;86;0;50;20;0;47;5;0.38;1.0;1.0;0;0;0;42;20;2.25;0.0;1.99;4.7;345;128;14.7;14.41;0.98;0;1;0;0;0;1;0;0;0;1;0;231;;166;73;0;74
708.28;1498;19;19;0;4.08;85;0;50;20;0;49;6;0.41;1.0;1.0;0;0;0;42;20;2.38;0.0;2.06;5.1;345;128;14.7;13.31;0.905;0;1;0;0;0;1;0;0;0;1;0;240;;167;74;0;75
708.68;1255;21;21;0;4.41;87;0;57;20;0;50;6;0.44;1.0;1.0;0;0;0;42;13;2.62;0.0;2.2;4.6;345;128;14.7;13.31;0.905;0;1;0;0;0;1;0;0;0;1;0;249;;165;74;0;73
709.1;1486;23;23;0;4.68;85;0;50;20;0;50;7;0.44;1.0;1.0;0;0;0;42;20;2.88;0.0;2.3;5.8;345;128;14.7;13.01;0.885;0;1;0;0;0;1;0;0;0;1;0;250;;168;73;0;76
709.29;1178;15;15;0;3.55;86;0;55;20;0;46;4;0.36;1.0;1.0;0;0;0;42;15;1.88;0.0;1.85;3.5;345;128;14.7;13.01;0.885;0;1;0;0;0;1;0;0;0;1;0;217;;166;73;0;73
709.69;1306;16;16;0;3.56;85;0;50;20;0;45;4;0.36;1.0;1.0;0;0;0;42;20;2.0;0.0;1.85;3.9;345;128;14.7;13.01;0.885;0;1;0;0;0;1;0;0;0;1;0;212;;168;73;0;73
710.09;1345;16;16;0;3.63;87;0;50;20;0;45;4;0.36;1.0;1.0;0;0;0;42;20;2.0;0.0;1.89;4.1;345;128;14.7;12.31;0.837;0;1;0;0;0;1;0;0;0;1;0;213;;165;74;0;73
710.49;1281;16;16;0;3.61;85;0;50;20;0;45;4;0.36;1.0;1.0;0;0;0;42;20;2.0;0.0;1.87;3.9;345;128;14.7;12.31;0.837;0;1;0;0;0;1;0;0;0;1;0;210;;168;74;0;54
710.9;1268;16;16;0;3.58;85;0;50;20;0;45;4;0.36;1.0;1.0;0;0;0;42;20;2.0;0.0;1.86;3.8;345;128;14.7;12.31;0.837;0;1;0;0;0;1;0;0;0;1;0;210;;167;74;0;73
711.3;1204;15;15;0;3.55;86;0;50;20;0;45;4;0.35;1.0;1.0;0;0;0;42;20;1.88;0.0;1.85;3.6;345;128;14.7;12.81;0.871;0;1;0;0;0;1;0;0;0;1;0;210;;167;73;0;73
711.7;1217;15;15;0;3.51;85;0;50;20;0;45;4;0.35;1.0;1.0;0;0;0;42;20;1.88;0.0;1.83;3.6;345;128;14.7;12.81;0.871;0;1;0;0;0;1;0;0;0;1;0;210;;167;74;0;73
712.12;1229;16;16;0;3.58;87;0;50;20;0;45;4;0.36;1.0;1.0;0;0;0;42;20;2.0;0.0;1.87;3.7;345;128;14.7;11.91;0.81;0;1;0;0;0;1;0;0;0;1;0;210;;165;73;0;73
712.52;1229;16;16;0;3.56;85;0;50;20;0;45;4;0.36;1.0;1.0;0;0;0;42;20;2.0;0.0;1.85;3.6;345;128;14.7;11.91;0.81;0;1;0;0;0;1;0;0;0;1;0;212;;167;73;0;73
712.93;1178;15;15;0;3.53;85;0;50;20;0;45;4;0.35;1.0;1.0;0;0;0;42;20;1.88;0.0;1.84;3.5;345;128;14.7;11.91;0.81;0;1;0;0;0;1;0;0;0;1;0;208;;167;74;0;73
713.33;1229;16;16;0;3.61;85;0;50;20;0;45;4;0.36;1.0;1.0;0;0;0;42;20;2.0;0.0;1.87;3.7;345;128;14.7;11.91;0.81;0;1;0;0;0;1;0;0;0;1;0;211;;167;74;0;73
713.72;1204;15;15;0;3.51;85;0;50;20;0;45;4;0.35;1.0;1.0;0;0;0;42;20;1.88;0.0;1.83;3.5;345;128;14.7;11.91;0.81;0;1;0;0;0;1;0;0;0;1;0;214;;167;74;0;73
714.12;1165;15;15;0;3.51;85;0;50;20;0;45;4;0.34;1.0;1.0;0;0;0;42;20;1.88;0.0;1.83;3.4;345;128;14.7;12.51;0.851;0;1;0;0;0;1;0;0;0;1;0;213;;166;74;0;56
714.54;1422;28;28;3;5.58;87;0;28;43;0;54;9;0.53;1.0;1.0;0;0;0;49;42;3.5;1.7;2.67;6.6;345;128;14.7;12.51;0.851;0;1;0;0;0;0;0;0;0;1;0;283;;165;73;0;82
714.74;1550;35;35;4;6.56;85;0;25;45;0;58;12;0.6;1.0;1.0;0;0;0;50;45;4.38;2.3;3.05;8.5;345;128;14.7;12.51;0.851;0;1;0;0;0;0;0;0;0;1;0;311;;167;76;0;84
715.14;1614;35;35;4;6.58;85;0;27;43;0;59;12;0.61;1.0;1.0;0;0;0;51;43;4.38;2.3;3.06;8.9;345;128;14.7;13.81;0.939;0;1;0;0;0;0;0;0;0;1;0;319;;167;74;0;85
715.55;1716;40;40;6;7.38;85;0;25;43;0;62;15;0.64;1.0;1.0;0;0;0;54;45;5.0;3.5;3.38;10.6;345;128;14.7;13.81;0.939;0;1;0;0;0;0;0;0;0;1;0;341;;167;74;0;86
715.95;1767;43;43;9;7.9;86;0;25;45;0;66;17;0.66;1.0;1.0;0;0;0;61;45;5.38;5.2;3.59;11.6;345;128;14.7;13.81;0.939;0;1;0;0;0;0;0;0;0;1;0;373;;166;73;0;90
716.35;1665;42;42;8;7.73;85;0;26;45;0;65;16;0.66;1.0;1.0;0;0;0;58;44;5.25;4.7;3.52;10.7;345;128;14.7;15.01;1.021;0;1;0;0;0;0;0;0;0;1;0;362;;167;75;0;89
716.75;1562;33;33;5;6.33;85;0;25;45;0;57;11;0.59;1.0;1.0;0;0;0;52;45;4.12;2.9;2.96;8.2;345;128;14.7;15.01;1.021;0;1;0;0;0;0;0;0;0;1;0;301;;167;74;0;83
717.16;1716;42;42;6;7.67;86;0;28;42;0;64;15;0.66;1.0;1.0;0;0;0;54;42;5.25;3.5;3.5;11.0;345;128;14.7;13.51;0.919;0;1;0;0;0;0;0;0;0;1;0;352;;166;74;0;89
717.55;1614;43;43;8;7.8;86;0;26;44;0;66;16;0.65;1.0;1.0;0;0;0;59;44;5.38;4.7;3.55;10.5;345;128;14.7;13.51;0.919;0;1;0;0;0;0;0;0;0;1;0;371;;166;73;0;84
717.95;1780;44;44;9;8.0;86;0;25;45;0;68;17;0.66;1.0;1.0;0;0;0;61;45;5.5;5.2;3.63;11.9;345;128;14.7;13.51;0.919;0;1;0;0;0;0;0;0;0;1;0;384;;166;73;0;91
718.35;1665;30;30;1;5.9;86;0;24;20;0;55;11;0.56;1.0;1.0;0;0;0;44;46;3.75;0.6;2.79;8.2;345;128;14.7;12.11;0.824;0;1;0;0;0;1;0;0;0;1;0;285;;166;72;0;82
718.75;1089;23;23;0;4.75;86;0;50;20;0;52;6;0.46;1.0;1.0;0;0;0;43;20;2.88;0.0;2.33;4.3;345;128;14.7;12.11;0.824;0;1;0;0;0;1;0;0;0;1;0;263;;166;72;0;77
719.17;1473;28;28;1;5.58;87;0;50;20;0;54;9;0.53;1.0;1.0;0;0;0;45;20;3.5;0.6;2.67;6.8;345;128;14.7;13.01;0.885;0;1;0;0;0;1;0;0;0;1;0;280;;165;72;0;81
719.56;1434;33;33;3;6.27;86;0;26;44;0;57;10;0.59;1.0;1.0;0;0;0;48;44;4.12;1.7;2.94;7.5;345;128;14.7;13.01;0.885;0;1;0;0;0;0;0;0;0;1;0;300;;166;72;0;83
719.97;1422;23;23;0;4.68;87;0;34;20;0;51;7;0.46;1.0;1.0;0;0;0;42;36;2.88;0.0;2.31;5.5;345;128;14.7;13.01;0.885;0;1;0;0;0;1;0;0;0;1;0;257;;164;73;0;76
720.16;1268;18;18;0;3.97;86;0;50;20;0;48;5;0.39;1.0;1.0;0;0;0;42;20;2.25;0.0;2.02;4.2;345;128;14.7;12.51;0.851;0;1;0;0;0;1;0;0;0;1;0;234;;166;73;0;74
720.58;1229;19;19;0;4.03;87;0;50;20;0;48;5;0.39;1.0;1.0;0;0;0;42;20;2.38;0.0;2.05;4.1;345;128;14.7;12.51;0.851;0;1;0;0;0;1;0;0;0;1;0;235;;165;73;0;75
720.98;1165;17;17;0;3.81;85;0;50;20;0;48;4;0.38;1.0;1.0;0;0;0;42;20;2.12;0.0;1.95;3.7;345;128;14.7;12.51;0.851;0;1;0;0;0;1;0;0;0;1;0;237;;167;74;0;74
721.38;1178;18;18;0;3.98;85;0;50;20;0;49;4;0.41;1.0;1.0;0;0;0;42;20;2.25;0.0;2.02;3.9;345;128;14.7;14.31;0.973;0;1;0;0;0;1;0;0;0;1;0;240;;167;74;0;75
721.8;1140;17;17;0;3.83;87;0;50;20;0;48;4;0.38;1.0;1.0;0;0;0;42;20;2.12;0.0;1.97;3.6;345;128;14.7;14.31;0.973;0;1;0;0;0;1;0;0;0;1;0;237;;167;74;0;70
722.19;1114;18;18;0;3.88;85;0;50;20;0;48;4;0.38;1.0;1.0;0;0;0;42;20;2.25;0.0;1.98;3.6;345;128;14.7;13.11;0.892;0;1;0;0;0;1;0;0;0;1;0;237;;167;74;0;74
722.6;1089;18;18;0;3.97;86;0;50;20;0;49;4;0.39;1.0;1.0;0;0;0;42;20;2.25;0.0;2.02;3.6;345;128;14.7;13.11;0.892;0;1;0;0;0;1;0;0;0;1;0;243;;166;74;0;75
722.99;1101;19;19;0;4.13;85;0;50;20;0;49;4;0.39;1.0;1.0;0;0;0;42;20;2.38;0.0;2.08;3.8;345;128;14.7;13.11;0.892;0;1;0;0;0;1;0;0;0;1;0;243;;167;74;0;75
723.38;1063;18;18;0;4.02;86;0;50;20;0;49;4;0.38;1.0;1.0;0;0;0;42;20;2.25;0.0;2.04;3.6;345;128;14.7;13.21;0.899;0;1;0;0;0;1;0;0;0;1;0;244;;166;74;0;75
723.79;1012;17;17;0;3.71;85;0;50;20;0;48;4;0.36;1.0;1.0;0;0;0;42;20;2.12;0.0;1.91;3.1;345;128;14.7;13.21;0.899;0;1;0;0;0;1;0;0;0;1;0;235;;167;73;0;70
724.2;986;17;17;0;3.73;85;0;50;20;0;48;3;0.36;1.0;1.0;0;0;0;42;20;2.12;0.0;1.92;3.1;345;128;14.7;13.21;0.899;0;1;0;0;0;1;0;0;0;1;0;233;;164;73;0;74
724.61;922;16;16;0;3.71;87;0;50;20;0;48;3;0.35;1.0;1.0;0;0;0;42;20;2.0;0.0;1.92;2.9;345;128;14.7;13.21;0.899;0;1;0;0;0;1;0;0;0;1;0;237;;165;74;0;74
725.02;884;18;18;0;3.88;85;0;50;20;0;49;3;0.36;1.0;1.0;0;0;0;42;20;2.25;0.0;1.98;2.9;345;128;14.7;13.21;0.899;0;1;0;0;0;1;0;0;0;1;0;245;;167;73;0;75
725.42;832;19;19;0;4.08;87;0;50;20;0;50;3;0.38;1.0;1.0;0;0;0;42;20;2.38;0.0;2.07;2.8;345;128;14.7;14.61;0.994;0;1;0;0;0;1;0;0;0;1;0;250;;164;74;0;76
725.82;1089;19;19;0;4.07;88;0;50;20;0;49;4;0.39;1.0;1.0;0;0;0;42;20;2.38;0.0;2.07;3.7;345;128;14.7;14.61;0.994;0;1;0;0;0;1;0;0;0;1;0;243;;163;73;0;75
726.02;1229;34;34;5;6.51;87;0;29;41;0;58;9;0.59;1.0;1.0;0;0;0;53;41;4.25;2.9;3.04;6.7;345;128;14.7;14.61;0.994;0;1;0;0;0;0;0;0;0;1;0;311;;165;73;0;84
726.42;1537;46;46;10;8.27;86;0;31;39;0;70;16;0.65;1.0;1.0;0;0;0;62;39;5.75;5.8;3.74;10.6;345;128;14.7;17.32;1.178;0;1;0;0;0;0;0;0;0;1;0;398;;166;72;0;100
726.83;1780;49;49;14;8.78;85;0;29;41;0;73;19;0.67;1.0;1.0;0;0;0;70;41;6.12;8.1;3.94;13.0;345;128;14.7;17.32;1.178;0;1;0;0;0;0;0;0;0;1;0;424;;167;72;0;100
727.23;1921;54;54;15;9.6;86;0;31;40;0;77;23;0.7;1.0;1.0;0;0;0;72;39;6.75;8.7;4.27;15.4;345;128;14.82;17.32;1.169;0;1;0;0;0;0;0;0;0;1;0;448;;166;72;0;105
727.63;1934;51;51;16;9.11;87;0;29;40;0;75;22;0.69;1.0;1.0;0;0;0;74;41;6.38;9.3;4.08;14.7;345;128;14.82;17.32;1.169;0;1;0;0;0;0;0;0;0;1;0;443;;164;72;0;105
728.02;1895;54;54;16;9.5;88;0;30;40;0;77;23;0.7;1.0;1.0;0;0;0;75;40;6.75;9.3;4.24;15.0;345;128;14.82;17.32;1.169;0;1;0;0;0;0;0;0;0;1;0;454;;163;72;0;105
728.44;1614;28;28;4;5.48;87;0;25;45;0;54;10;0.53;1.0;1.0;0;0;0;50;45;3.5;2.3;2.63;7.4;345;128;14.7;11.71;0.797;0;1;0;0;0;0;0;0;0;1;0;283;;165;72;0;82
728.85;1306;20;20;0;4.26;89;0;35;20;0;49;6;0.41;1.0;1.0;0;0;0;42;35;2.5;0.0;2.15;4.6;345;128;14.7;11.71;0.797;0;1;0;0;0;1;0;0;0;1;0;244;;161;72;0;76
729.25;1229;18;18;0;3.93;87;0;50;20;0;48;5;0.39;1.0;1.0;0;0;0;42;20;2.25;0.0;2.01;4.0;345;128;14.7;13.01;0.885;0;1;0;0;0;1;0;0;0;1;0;238;;164;74;0;75
729.64;1178;18;18;0;4.02;88;0;50;20;0;48;5;0.38;1.0;1.0;0;0;0;42;20;2.25;0.0;2.05;3.9;345;128;14.7;13.01;0.885;0;1;0;0;0;1;0;0;0;1;0;232;;163;73;0;74
730.05;1165;18;18;0;3.88;87;0;50;20;0;48;4;0.38;1.0;1.0;0;0;0;42;20;2.25;0.0;1.99;3.8;345;128;14.7;13.01;0.885;0;1;0;0;0;1;0;0;0;1;0;238;;164;73;0;74
730.45;1101;18;18;0;4.01;87;0;50;20;0;49;4;0.39;1.0;1.0;0;0;0;42;20;2.25;0.0;2.04;3.7;345;128;14.7;12.81;0.871;0;1;0;0;0;1;0;0;0;1;0;243;;165;74;0;85
730.85;1012;18;18;0;3.93;87;0;50;20;0;49;4;0.38;1.0;1.0;0;0;0;42;20;2.25;0.0;2.01;3.3;345;128;14.7;12.81;0.871;0;1;0;0;0;1;0;0;0;1;0;246;;165;73;0;72
731.27;948;21;21;0;4.35;86;0;50;20;0;51;4;0.41;1.0;1.0;0;0;0;42;20;2.62;0.0;2.17;3.4;345;128;14.7;13.51;0.919;0;1;0;0;0;1;0;0;0;1;0;253;;166;74;0;76
731.45;832;21;21;0;4.38;87;0;50;20;0;51;4;0.4;1.0;1.0;0;0;0;42;20;2.62;0.0;2.19;3.0;345;128;14.7;13.51;0.919;0;1;0;0;0;1;0;0;0;1;0;259;;165;73;0;77
731.87;781;22;22;0;4.62;86;0;50;20;0;52;4;0.43;1.0;1.0;0;0;0;42;20;2.75;0.0;2.28;3.0;345;128;14.7;13.51;0.919;0;1;0;0;0;1;0;0;0;1;0;267;;166;74;0;77
732.28;756;24;24;0;4.97;86;0;50;20;0;54;4;0.47;1.0;1.0;0;0;0;42;20;3.0;0.0;2.42;3.1;345;128;14.47;13.01;0.899;0;1;0;0;0;1;0;0;0;1;0;281;;166;74;0;78
732.66;756;27;27;0;5.46;87;0;50;20;0;56;4;0.51;1.0;1.0;0;0;0;42;20;3.38;0.0;2.62;3.4;345;128;14.47;13.01;0.899;0;1;0;0;0;1;0;0;0;1;0;292;;164;73;0;90
733.06;756;28;28;0;5.46;85;0;50;20;0;56;4;0.51;1.0;1.0;0;0;0;42;20;3.5;0.0;2.61;3.4;345;128;14.47;13.01;0.899;0;1;0;0;0;1;0;0;0;1;0;297;;167;73;0;83
733.48;820;26;26;0;5.25;86;0;50;20;0;54;5;0.46;1.0;1.0;0;0;0;42;20;3.25;0.0;2.53;3.6;345;128;14.47;12.21;0.844;0;1;0;0;0;1;0;0;0;1;0;283;;166;72;0;82
733.87;896;23;23;0;4.76;85;0;50;20;0;53;4;0.45;1.0;1.0;0;0;0;42;20;2.88;0.0;2.33;3.6;345;128;14.47;12.21;0.844;0;1;0;0;0;1;0;0;0;1;0;272;;167;73;0;77
734.27;896;23;23;0;4.77;86;0;50;20;0;53;4;0.45;1.0;1.0;0;0;0;42;20;2.88;0.0;2.34;3.6;345;128;14.47;12.71;0.878;0;1;0;0;0;1;0;0;0;1;0;272;;166;73;0;78
734.68;884;24;24;0;4.93;85;0;50;20;0;54;4;0.47;1.0;1.0;0;0;0;42;20;3.0;0.0;2.4;3.6;345;128;14.47;12.71;0.878;0;1;0;0;0;1;0;0;0;1;0;276;;168;73;0;77
735.08;730;24;24;0;4.93;85;0;50;20;0;54;4;0.47;1.0;1.0;0;0;0;42;20;3.0;0.0;2.4;3.0;345;128;14.47;12.71;0.878;0;1;0;0;0;1;0;0;0;1;0;281;;167;73;0;82
735.49;820;27;27;0;5.46;87;0;50;20;0;56;4;0.5;1.0;1.0;0;0;0;42;20;3.38;0.0;2.62;3.7;345;128;14.47;13.31;0.92;0;1;0;0;0;1;0;0;0;1;0;292;;164;73;0;82
735.9;756;28;28;0;5.53;87;0;50;20;0;57;4;0.51;1.0;1.0;0;0;0;42;20;3.5;0.0;2.65;3.5;345;128;14.47;13.31;0.92;0;1;0;0;0;1;0;0;0;1;0;300;;165;73;0;83
736.29;781;29;29;0;5.65;86;0;50;20;0;57;5;0.51;1.0;1.0;0;0;0;42;20;3.62;0.0;2.69;3.7;345;128;14.47;13.31;0.92;0;1;0;0;0;1;0;0;0;1;0;305;;166;73;0;84
736.7;768;27;27;0;5.41;85;0;50;20;0;56;4;0.51;1.0;1.0;0;0;0;42;20;3.38;0.0;2.59;3.5;345;128;14.47;13.31;0.92;0;1;0;0;0;1;0;0;0;1;0;294;;167;72;0;82
737.1;666;29;29;0;5.76;87;0;50;20;0;58;4;0.52;1.0;1.0;0;0;0;42;20;3.62;0.0;2.74;3.2;345;128;14.7;13.31;0.905;0;1;0;0;0;1;0;0;0;1;0;310;;164;73;0;84
737.3;717;30;30;0;5.88;87;0;50;20;0;59;5;0.52;1.0;1.0;0;0;0;42;20;3.75;0.0;2.79;3.5;345;128;14.47;13.21;0.913;0;1;0;0;0;1;0;0;0;1;0;316;;164;74;0;85
737.71;832;28;28;0;5.62;86;0;50;20;0;57;5;0.5;1.0;1.0;0;0;0;42;20;3.5;0.0;2.68;3.9;345;128;14.47;13.21;0.913;0;1;0;0;0;1;0;0;0;1;0;304;;166;74;0;84
738.12;730;28;28;0;5.51;85;0;50;20;0;57;4;0.51;1.0;1.0;0;0;0;42;20;3.5;0.0;2.63;3.4;345;128;14.47;13.21;0.913;0;1;0;0;0;1;0;0;0;1;0;304;;166;73;0;84
738.53;756;29;29;0;5.75;86;0;50;20;0;58;5;0.52;1.0;1.0;0;0;0;42;20;3.62;0.0;2.73;3.6;345;128;14.47;12.41;0.858;0;1;0;0;0;1;0;0;0;1;0;310;;166;72;0;85
738.92;845;30;30;0;5.85;86;0;50;20;0;58;5;0.51;1.0;1.0;0;0;0;42;20;3.75;0.0;2.77;4.1;345;128;14.47;12.41;0.858;0;1;0;0;0;1;0;0;0;1;0;310;;166;73;0;84
739.32;884;29;29;0;5.7;86;0;50;20;0;56;5;0.51;1.0;1.0;0;0;0;42;20;3.62;0.0;2.71;4.2;345;128;14.47;14.31;0.989;0;1;0;0;0;1;0;0;0;1;0;295;;166;74;0;41
739.71;807;25;25;0;5.17;86;0;50;20;0;55;4;0.48;1.0;1.0;0;0;0;42;20;3.12;0.0;2.5;3.5;345;128;14.47;14.31;0.989;0;1;0;0;0;1;0;0;0;1;0;287;;166;72;0;82
740.14;820;27;27;0;5.47;86;0;50;20;0;56;5;0.5;1.0;1.0;0;0;0;42;20;3.38;0.0;2.62;3.7;345;128;14.47;14.31;0.989;0;1;0;0;0;1;0;0;0;1;0;292;;166;74;0;83
740.52;832;27;27;0;5.37;86;0;50;20;0;56;4;0.5;1.0;1.0;0;0;0;42;20;3.38;0.0;2.58;3.7;345;128;14.47;13.91;0.961;0;1;0;0;0;1;0;0;0;1;0;293;;166;73;0;82
740.92;807;26;26;0;5.2;86;0;50;20;0;55;4;0.48;1.0;1.0;0;0;0;42;20;3.25;0.0;2.51;3.5;345;128;14.47;13.91;0.961;0;1;0;0;0;1;0;0;0;1;0;290;;166;73;0;76
741.32;820;28;28;0;5.55;86;0;50;20;0;56;5;0.5;1.0;1.0;0;0;0;42;20;3.5;0.0;2.65;3.8;345;128;14.47;13.61;0.941;0;1;0;0;0;1;0;0;0;1;0;292;;166;73;0;83
741.73;832;28;28;0;5.57;86;0;50;20;0;56;5;0.5;1.0;1.0;0;0;0;42;20;3.5;0.0;2.66;3.9;345;128;14.47;13.61;0.941;0;1;0;0;0;1;0;0;0;1;0;297;;166;71;0;83
742.15;768;29;29;0;5.75;86;0;50;20;0;57;5;0.51;1.0;1.0;0;0;0;42;20;3.62;0.0;2.73;3.7;345;128;14.47;13.61;0.941;0;1;0;0;0;1;0;0;0;1;0;306;;166;72;0;77
742.55;756;28;28;0;5.56;85;0;50;20;0;57;4;0.51;1.0;1.0;0;0;0;42;20;3.5;0.0;2.65;3.5;345;128;14.47;13.31;0.92;0;1;0;0;0;1;0;0;0;1;0;304;;167;73;0;76
742.95;768;29;29;0;5.63;87;0;50;20;0;57;4;0.51;1.0;1.0;0;0;0;42;20;3.62;0.0;2.69;3.6;345;128;14.47;13.31;0.92;0;1;0;0;0;1;0;0;0;1;0;307;;165;75;0;84
743.14;717;29;29;0;5.66;87;0;50;20;0;58;4;0.52;1.0;1.0;0;0;0;42;20;3.62;0.0;2.7;3.4;345;128;14.47;13.31;0.92;0;1;0;0;0;1;0;0;0;1;0;314;;165;73;0;84
743.54;832;31;31;0;6.01;85;0;50;20;0;60;5;0.52;1.0;1.0;0;0;0;42;20;3.88;0.0;2.83;4.2;345;128;14.59;12.71;0.871;0;1;0;0;0;1;0;0;0;1;0;321;;167;74;0;84
743.95;807;28;28;0;5.52;86;0;50;20;0;57;5;0.51;1.0;1.0;0;0;0;42;20;3.5;0.0;2.64;3.7;345;128;14.47;12.71;0.878;0;1;0;0;0;1;0;0;0;1;0;305;;166;74;0;84
744.36;807;30;30;0;5.92;86;0;50;20;0;59;5;0.52;1.0;1.0;0;0;0;42;20;3.75;0.0;2.8;4.0;345;128;14.47;13.71;0.947;0;1;0;0;0;1;0;0;0;1;0;318;;166;73;0;77
744.76;845;30;30;0;5.85;86;0;50;20;0;58;5;0.51;1.0;1.0;0;0;0;42;20;3.75;0.0;2.77;4.1;345;128;14.47;13.71;0.947;0;1;0;0;0;1;0;0;0;1;0;311;;166;73;0;77
745.17;896;26;26;0;5.22;86;0;50;20;0;55;5;0.48;1.0;1.0;0;0;0;42;20;3.25;0.0;2.52;3.9;345;128;14.47;13.71;0.947;0;1;0;0;0;1;0;0;0;1;0;291;;166;73;0;82
745.57;807;28;28;0;5.5;86;0;50;20;0;56;5;0.51;1.0;1.0;0;0;0;42;20;3.5;0.0;2.63;3.7;345;128;14.47;12.91;0.892;0;1;0;0;0;1;0;0;0;1;0;298;;166;73;0;83
745.97;756;28;28;0;5.57;86;0;50;20;0;57;5;0.51;1.0;1.0;0;0;0;42;20;3.5;0.0;2.66;3.5;345;128;14.47;12.91;0.892;0;1;0;0;0;1;0;0;0;1;0;303;;166;73;0;83
746.37;832;27;27;0;5.5;86;0;50;20;0;56;5;0.5;1.0;1.0;0;0;0;42;20;3.38;0.0;2.63;3.8;345;128;14.47;12.91;0.892;0;1;0;0;0;1;0;0;0;1;0;299;;166;73;0;83
746.76;820;25;25;0;5.17;86;0;50;20;0;55;4;0.48;1.0;1.0;0;0;0;42;20;3.12;0.0;2.5;3.5;345;128;14.47;12.91;0.892;0;1;0;0;0;1;0;0;0;1;0;289;;166;74;0;82
747.2;820;25;25;0;5.16;87;0;50;20;0;55;4;0.48;1.0;1.0;0;0;0;42;20;3.12;0.0;2.5;3.5;345;128;14.47;12.91;0.892;0;1;0;0;0;1;0;0;0;1;0;291;;164;73;0;82
747.59;820;25;25;0;5.18;87;0;50;20;0;55;4;0.48;1.0;1.0;0;0;0;42;20;3.12;0.0;2.51;3.5;345;128;14.47;13.51;0.934;0;1;0;0;0;1;0;0;0;1;0;287;;164;73;0;36
747.99;986;27;27;0;5.43;87;0;50;20;0;55;5;0.5;1.0;1.0;0;0;0;42;20;3.38;0.0;2.61;4.5;345;128;14.47;13.51;0.934;0;1;0;0;0;1;0;0;0;1;0;286;;165;72;0;82
748.21;781;24;24;0;4.93;87;0;50;20;0;54;4;0.47;1.0;1.0;0;0;0;42;20;3.0;0.0;2.41;3.2;345;128;14.47;13.51;0.934;0;1;0;0;0;1;0;0;0;1;0;277;;165;73;0;81
748.58;666;33;33;0;6.33;91;0;50;20;0;60;4;0.53;1.0;1.0;0;0;0;42;20;4.12;0.0;2.99;3.5;345;128;14.7;14.31;0.973;0;1;0;0;0;1;0;0;0;1;0;326;;159;73;0;85
749.0;717;34;34;0;6.47;88;0;50;20;0;63;5;0.54;1.0;1.0;0;0;0;42;20;4.25;0.0;3.03;3.9;345;128;14.59;14.31;0.981;0;1;0;0;0;1;0;0;0;1;0;345;;163;73;0;88
749.41;871;29;29;0;5.76;87;0;50;20;0;57;5;0.51;1.0;1.0;0;0;0;42;20;3.62;0.0;2.74;4.2;345;128;14.47;14.51;1.003;0;1;0;0;0;1;0;0;0;1;0;306;;165;73;0;40
749.79;871;29;29;0;5.75;86;0;50;20;0;56;5;0.51;1.0;1.0;0;0;0;42;20;3.62;0.0;2.73;4.2;345;128;14.47;14.51;1.003;0;1;0;0;0;1;0;0;0;1;0;299;;166;73;0;82
750.2;807;28;28;0;5.52;86;0;50;20;0;56;5;0.51;1.0;1.0;0;0;0;42;20;3.5;0.0;2.64;3.7;345;128;14.47;14.51;1.003;0;1;0;0;0;1;0;0;0;1;0;296;;165;72;0;76
750.62;781;30;30;0;5.93;89;0;50;20;0;58;5;0.52;1.0;1.0;0;0;0;42;20;3.75;0.0;2.82;3.9;345;128;14.47;12.81;0.885;0;1;0;0;0;1;0;0;0;1;0;310;;162;72;0;84
751.02;807;30;30;0;5.93;87;0;50;20;0;59;5;0.52;1.0;1.0;0;0;0;42;20;3.75;0.0;2.81;4.0;345;128;14.47;12.81;0.885;0;1;0;0;0;1;0;0;0;1;0;319;;165;72;0;85
751.4;781;28;28;0;5.56;87;0;50;20;0;57;5;0.51;1.0;1.0;0;0;0;42;20;3.5;0.0;2.66;3.6;345;128;14.47;13.61;0.941;0;1;0;0;0;1;0;0;0;1;0;306;;165;74;0;76
751.8;820;28;28;0;5.66;87;0;50;20;0;57;5;0.5;1.0;1.0;0;0;0;42;20;3.5;0.0;2.7;3.9;345;128;14.47;13.61;0.941;0;1;0;0;0;1;0;0;0;1;0;303;;165;73;0;83
752.2;768;28;28;0;5.58;87;0;50;20;0;57;4;0.51;1.0;1.0;0;0;0;42;20;3.5;0.0;2.67;3.6;345;128;14.47;13.61;0.941;0;1;0;0;0;1;0;0;0;1;0;305;;164;73;0;77
752.61;730;29;29;0;5.66;87;0;50;20;0;58;4;0.52;1.0;1.0;0;0;0;42;20;3.62;0.0;2.7;3.4;345;128;14.47;13.61;0.941;0;1;0;0;0;1;0;0;0;1;0;312;;164;73;0;84
753.03;781;30;30;0;5.92;88;0;50;20;0;59;5;0.52;1.0;1.0;0;0;0;42;20;3.75;0.0;2.81;3.9;345;128;14.47;13.61;0.941;0;1;0;0;0;1;0;0;0;1;0;318;;165;72;0;98
753.41;730;29;29;0;5.63;87;0;50;20;0;58;5;0.52;1.0;1.0;0;0;0;42;20;3.62;0.0;2.69;3.4;345;128;14.47;14.31;0.989;0;1;0;0;0;1;0;0;0;1;0;311;;165;72;0;84
753.82;704;28;29;0;5.65;88;0;50;20;0;58;4;0.52;1.0;1.0;0;0;0;42;20;3.5;0.0;2.7;3.3;345;128;14.47;14.31;0.989;0;1;0;0;0;1;0;0;0;1;0;315;;162;73;0;83
754.23;717;31;31;0;5.97;88;0;50;20;0;60;5;0.52;1.0;1.0;0;0;0;42;20;3.88;0.0;2.83;3.6;345;128;14.59;15.01;1.029;0;1;0;0;0;1;0;0;0;1;0;322;;163;72;0;85
754.44;807;30;30;0;5.87;88;0;50;20;0;59;5;0.52;1.0;1.0;0;0;0;42;20;3.75;0.0;2.79;3.9;345;128;14.47;15.01;1.037;0;1;0;0;0;1;0;0;0;1;0;318;;163;72;0;85
754.83;781;30;30;0;5.96;87;0;50;20;0;59;5;0.52;1.0;1.0;0;0;0;42;20;3.75;0.0;2.82;3.9;345;128;14.47;15.01;1.037;0;1;0;0;0;1;0;0;0;1;0;316;;165;72;0;84
755.24;884;29;29;0;5.78;87;0;50;20;0;57;5;0.51;1.0;1.0;0;0;0;42;20;3.62;0.0;2.75;4.3;345;128;14.47;13.21;0.913;0;1;0;0;0;1;0;0;0;1;0;306;;165;72;0;40
755.65;845;28;28;0;5.56;89;0;50;20;0;56;5;0.5;1.0;1.0;0;0;0;42;20;3.5;0.0;2.67;3.9;345;128;14.47;13.21;0.913;0;1;0;0;0;1;0;0;0;1;0;293;;162;72;0;82
756.04;820;26;26;0;5.21;87;0;50;20;0;55;5;0.48;1.0;1.0;0;0;0;42;20;3.25;0.0;2.52;3.6;345;128;14.47;13.21;0.913;0;1;0;0;0;1;0;0;0;1;0;291;;165;72;0;82
756.46;832;25;25;0;5.18;89;0;50;20;0;55;4;0.48;1.0;1.0;0;0;0;42;20;3.12;0.0;2.52;3.6;345;128;14.47;13.81;0.954;0;1;0;0;0;1;0;0;0;1;0;290;;162;73;0;82
756.86;807;27;27;0;5.37;86;0;50;20;0;56;5;0.51;1.0;1.0;0;0;0;42;20;3.38;0.0;2.58;3.6;345;128;14.47;13.81;0.954;0;1;0;0;0;1;0;0;0;1;0;292;;166;72;0;82
757.27;973;27;27;0;5.43;87;0;50;20;0;55;5;0.5;1.0;1.0;0;0;0;42;20;3.38;0.0;2.61;4.4;345;128;14.47;13.71;0.947;0;1;0;0;0;1;0;0;0;1;0;286;;165;71;0;75
757.66;781;28;28;0;5.52;86;0;50;20;0;57;5;0.51;1.0;1.0;0;0;0;42;20;3.5;0.0;2.64;3.6;345;128;14.47;13.71;0.947;0;1;0;0;0;1;0;0;0;1;0;304;;166;72;0;83
758.06;756;29;29;0;5.73;85;0;50;20;0;58;5;0.52;1.0;1.0;0;0;0;42;20;3.62;0.0;2.72;3.6;345;128;14.47;13.71;0.947;0;1;0;0;0;1;0;0;0;1;0;312;;167;72;0;85
758.47;871;29;29;0;5.81;87;0;50;20;0;58;5;0.52;1.0;1.0;0;0;0;42;20;3.62;0.0;2.76;4.2;345;128;14.47;13.71;0.947;0;1;0;0;0;1;0;0;0;1;0;311;;165;71;0;84
758.87;832;28;28;0;5.55;86;0;50;20;0;57;5;0.5;1.0;1.0;0;0;0;42;20;3.5;0.0;2.65;3.8;345;128;14.47;13.71;0.947;0;1;0;0;0;1;0;0;0;1;0;306;;166;71;0;84
759.28;896;29;29;0;5.67;86;0;50;20;0;57;5;0.52;1.0;1.0;0;0;0;42;20;3.62;0.0;2.7;4.2;345;128;14.47;13.31;0.92;0;1;0;0;0;1;0;0;0;1;0;302;;165;71;0;83
759.48;922;28;28;0;5.6;86;0;50;20;0;55;5;0.49;1.0;1.0;0;0;0;42;20;3.5;0.0;2.67;4.3;345;128;14.47;13.31;0.92;0;1;0;0;0;1;0;0;0;1;0;291;;166;72;0;82
759.89;807;28;28;0;5.55;86;0;50;20;0;56;5;0.51;1.0;1.0;0;0;0;42;20;3.5;0.0;2.65;3.7;345;128;14.47;13.31;0.92;0;1;0;0;0;1;0;0;0;1;0;296;;166;73;0;82
760.28;768;28;28;0;5.62;86;0;50;20;0;57;5;0.51;1.0;1.0;0;0;0;42;20;3.5;0.0;2.68;3.6;345;128;14.47;12.61;0.871;0;1;0;0;0;1;0;0;0;1;0;305;;166;72;0;84
760.68;845;28;28;0;5.57;86;0;50;20;0;56;5;0.5;1.0;1.0;0;0;0;42;20;3.5;0.0;2.66;3.9;345;128;14.47;12.61;0.871;0;1;0;0;0;1;0;0;0;1;0;294;;166;73;0;83
761.09;807;25;25;0;5.13;87;0;55;15;0;55;4;0.48;1.0;1.0;0;0;0;42;15;3.12;0.0;2.49;3.4;345;128;14.47;12.61;0.871;0;1;0;0;1;1;0;0;0;1;0;289;;165;72;0;82
761.5;999;28;28;0;5.51;85;0;55;15;0;55;6;0.51;1.0;1.0;0;0;0;42;15;3.5;0.0;2.63;4.6;345;128;14.47;12.31;0.851;0;1;0;0;1;1;0;0;0;1;0;287;;167;73;0;82
761.89;1063;21;21;0;4.43;85;0;55;15;0;51;5;0.43;1.0;1.0;0;0;0;42;15;2.62;0.0;2.2;3.9;345;128;14.7;12.31;0.837;0;1;0;0;1;1;0;0;0;1;0;258;;167;73;0;76
762.3;1037;19;19;0;4.06;85;0;55;15;0;50;4;0.41;1.0;1.0;0;0;0;42;15;2.38;0.0;2.05;3.5;345;128;14.7;12.71;0.865;0;1;0;0;1;1;0;0;0;1;0;248;;167;73;0;72
762.7;935;19;19;0;4.12;86;0;55;15;0;50;4;0.39;1.0;1.0;0;0;0;42;15;2.38;0.0;2.08;3.2;345;128;14.7;12.71;0.865;0;1;0;0;1;1;0;0;0;1;0;250;;166;73;0;76
763.1;871;20;20;0;4.26;85;0;55;15;0;51;4;0.41;1.0;1.0;0;0;0;42;15;2.5;0.0;2.13;3.1;345;128;14.7;12.71;0.865;0;1;0;0;1;1;0;0;0;1;0;256;;168;73;0;76
763.5;922;21;21;0;4.46;85;0;55;15;0;51;4;0.41;1.0;1.0;0;0;0;42;15;2.62;0.0;2.21;3.4;345;128;14.7;14.41;0.98;0;1;0;0;1;1;0;0;0;1;0;256;;168;73;0;76
763.9;986;21;21;0;4.43;85;0;55;15;0;51;4;0.42;1.0;1.0;0;0;0;42;15;2.62;0.0;2.2;3.6;345;128;14.7;14.41;0.98;0;1;0;0;1;1;0;0;0;1;0;256;;168;73;0;76
764.31;896;19;19;0;4.11;85;0;55;15;0;51;3;0.41;1.0;1.0;0;0;0;42;15;2.38;0.0;2.07;3.1;345;128;14.7;15.11;1.028;0;1;0;0;1;1;0;0;0;1;0;252;;168;73;0;76
764.72;896;22;22;0;4.58;85;0;55;15;0;52;4;0.43;1.0;1.0;0;0;0;42;15;2.75;0.0;2.26;3.4;345;128;14.7;15.11;1.028;0;1;0;0;1;1;0;0;0;1;0;260;;167;73;0;77
765.13;871;22;22;0;4.56;85;0;55;15;0;52;4;0.43;1.0;1.0;0;0;0;42;15;2.75;0.0;2.25;3.3;345;128;14.7;15.11;1.028;0;1;0;0;1;1;0;0;0;1;0;261;;167;72;0;77
765.32;871;22;22;0;4.61;85;0;55;15;0;52;4;0.43;1.0;1.0;0;0;0;42;15;2.75;0.0;2.27;3.3;345;128;14.7;13.41;0.912;0;1;0;0;1;1;0;0;0;1;0;261;;168;73;0;77
765.73;832;21;21;0;4.51;87;0;55;15;0;52;4;0.42;1.0;1.0;0;0;0;42;15;2.62;0.0;2.24;3.1;345;128;14.7;13.41;0.912;0;1;0;0;1;1;0;0;0;1;0;261;;165;73;0;76
766.12;832;20;20;0;4.21;85;0;55;15;0;51;3;0.4;1.0;1.0;0;0;0;42;15;2.5;0.0;2.11;2.9;345;128;14.7;13.41;0.912;0;1;0;0;1;1;0;0;0;1;0;256;;168;72;0;76
766.53;922;20;20;0;4.28;85;0;55;15;0;51;4;0.41;1.0;1.0;0;0;0;42;15;2.5;0.0;2.14;3.3;345;128;14.7;13.01;0.885;0;1;0;0;1;1;0;0;0;1;0;258;;168;73;0;76
766.95;871;22;22;0;4.61;85;0;55;15;0;52;4;0.43;1.0;1.0;0;0;0;42;15;2.75;0.0;2.27;3.3;345;128;14.7;13.01;0.885;0;1;0;0;1;1;0;0;0;1;0;262;;168;73;0;38
767.33;884;22;22;0;4.63;85;0;55;15;0;52;4;0.43;1.0;1.0;0;0;0;42;15;2.75;0.0;2.28;3.4;345;128;14.7;13.21;0.899;0;1;0;0;1;1;0;0;0;1;0;264;;168;72;0;77
767.73;884;22;22;0;4.61;85;0;55;15;0;52;4;0.43;1.0;1.0;0;0;0;42;15;2.75;0.0;2.27;3.4;345;128;14.7;13.21;0.899;0;1;0;0;1;1;0;0;0;1;0;261;;168;73;0;77
768.14;845;21;21;0;4.43;85;0;55;15;0;51;4;0.4;1.0;1.0;0;0;0;42;15;2.62;0.0;2.2;3.1;345;128;14.7;13.21;0.899;0;1;0;0;1;1;0;0;0;1;0;259;;167;72;0;76
768.55;832;20;20;0;4.31;85;0;55;15;0;51;4;0.4;1.0;1.0;0;0;0;42;15;2.5;0.0;2.15;3.0;345;128;14.7;13.01;0.885;0;1;0;0;1;1;0;0;0;1;0;258;;166;72;0;76
768.95;845;21;21;0;4.36;85;0;55;15;0;51;4;0.4;1.0;1.0;0;0;0;42;15;2.62;0.0;2.17;3.1;345;128;14.7;13.01;0.885;0;1;0;0;1;1;0;0;0;1;0;258;;168;72;0;77
769.36;845;20;20;0;4.31;85;0;55;15;0;51;4;0.4;1.0;1.0;0;0;0;42;15;2.5;0.0;2.15;3.0;345;128;14.7;14.11;0.96;0;1;0;0;1;1;0;0;0;1;0;257;;168;72;0;76
769.75;730;27;27;0;0.0;84;0;53;17;0;57;4;0.51;1.0;1.0;0;0;0;42;17;3.38;0.0;0.42;0.0;345;128;14.47;14.11;0.975;1;1;0;0;0;1;0;0;0;1;0;300;;169;58;0;83
770.17;179;33;33;0;0.0;89;0;50;20;0;74;1;0.58;1.0;1.0;0;0;0;42;20;4.12;0.0;0.45;0.0;345;128;14.7;14.11;0.96;1;1;0;0;0;1;0;0;0;1;0;428;;162;58;0;90
770.56;0.0;20;20;0;0.0;90;0;56;20;0;107;0;0.82;1.0;1.0;0;0;0;42;14;2.5;0.0;0.45;;345;128;14.7;14.41;0.98;1;1;0;0;0;1;0;0;1;1;1;677;;160;57;0;154
770.97;0.0;20;20;0;0.0;91;0;56;20;0;111;0;0.85;1.0;1.0;0;0;0;42;14;2.5;0.0;0.46;;345;128;14.7;14.41;0.98;1;1;0;0;0;1;0;0;1;1;1;705;;159;57;0;156
771.15;0.0;20;20;0;0.0;92;0;56;20;0;111;0;0.85;1.0;1.0;0;0;0;42;14;2.5;0.0;0.46;;345;128;14.7;14.41;0.98;1;1;0;0;0;1;0;0;1;1;1;705;;157;57;0;141
771.56;0.0;20;20;0;0.0;92;0;56;20;0;111;0;0.85;1.0;1.0;0;0;0;42;14;2.5;0.0;0.46;;345;128;14.7;13.51;0.919;1;1;0;0;0;1;0;0;1;1;1;705;;157;57;0;141
771.97;0.0;0;0;0;7.5;92;0;50;20;0;111;0;0.85;1.0;1.0;0;0;0;42;20;0.0;0.0;3.46;;345;128;14.7;13.51;0.919;1;0;0;0;0;1;0;0;1;1;1;705;;158;57;0;141
772.36;0.0;0;0;0;7.5;90;0;50;20;0;111;0;0.85;1.0;1.0;0;0;0;42;20;0.0;0.0;3.45;;345;128;14.7;14.01;0.953;1;0;0;0;0;1;0;0;1;1;1;705;;160;58;0;141
772.77;0.0;0;0;0;7.5;90;0;50;20;0;111;0;0.85;1.0;1.0;0;0;0;42;20;0.0;0.0;3.45;;345;128;14.7;14.01;0.953;1;0;0;0;0;1;0;0;1;1;1;705;;160;58;0;141
773.18;0.0;0;0;0;7.5;90;0;50;20;0;111;0;0.85;1.0;1.0;0;0;0;42;20;0.0;0.0;3.45;;345;128;14.7;14.01;0.953;1;0;0;0;0;1;0;0;1;1;1;705;;160;58;0;163
773.57;0.0;0;0;0;7.5;90;0;50;20;0;111;0;0.85;1.0;1.0;0;0;0;42;20;0.0;0.0;3.45;;345;128;14.7;13.91;0.946;1;0;0;0;0;1;0;0;1;1;1;706;;160;58;0;141
773.98;0.0;0;0;0;7.5;90;0;50;20;0;111;0;0.85;1.0;1.0;0;0;0;42;20;0.0;0.0;3.45;;345;128;14.7;13.91;0.946;1;0;0;0;0;1;0;0;1;1;1;705;;160;58;0;164
774.4;0.0;0;0;0;7.5;90;0;50;20;0;111;0;0.85;1.0;1.0;0;0;0;42;20;0.0;0.0;3.45;;345;128;14.7;13.11;0.892;1;0;0;0;0;1;0;0;1;1;1;705;;160;58;0;156
774.78;0.0;0;0;0;7.5;90;0;50;20;0;111;0;0.85;1.0;1.0;0;0;0;42;20;0.0;0.0;3.45;;345;128;14.7;13.11;0.892;1;0;0;0;0;1;0;0;1;1;1;705;;160;58;0;141
775.21;0.0;0;0;0;7.5;90;0;50;20;0;111;0;0.85;1.0;1.0;0;0;0;42;20;0.0;0.0;3.45;;345;128;14.7;13.11;0.892;1;0;0;0;0;1;0;0;1;1;1;705;;160;58;0;156
775.6;0.0;0;0;0;7.5;90;0;50;20;0;111;0;0.85;1.0;1.0;0;0;0;42;20;0.0;0.0;3.45;;345;128;14.7;13.21;0.899;1;0;0;0;0;1;0;0;1;1;1;705;;160;58;0;164
