Время, с;Обороты;Нагрузка (ось карт);Наполнение мгновенное;Дроссель открытие;Впрыск, мс;Мёртвое время форсунки;Обогащение ускорения;УОЗ сырьё;УОЗ из карты;Поправка угла по детонации, °;Давление, кПа;Расход (прослойка);VE (ДАД);Ktps (ДАД);Коррекция по лямбде;Живая карта;Состояние указателя;Индекс температурных таблиц;РХХ / контур холостого;УОЗ, градусы;Нагрузка TP;Газ, %;Впрыск расчётный, мс;Загрузка форсунок, %;K форсунок;КМ (ДАД);AFR цель;AFR факт (ШДК);Поправка VE (факт/цель);ФЛАГ Отсечка;ФЛАГ Впрыск разрешён;ФЛАГ Замкнутый цикл;ФЛАГ Крэнк;ФЛАГ Нейтраль;ФЛАГ Холостой ход;ФЛАГ Стартер;ФЛАГ Неисправность TPS;ФЛАГ $0053.08 гейт наката;ФЛАГ $0053.40 гейт наката;ФЛАГ $0053.80 не разобран;АЦП Расходомер/ДАД;АЦП Дроссель;АЦП Напряжение борта;АЦП Температура ОЖ;АЦП Лямбда;АЦП канал 9 (свободный)
1.42;730;20;20;0;2.93;71;0;55;15;0;59;3;0.35;1.0;1.0;0;0;179;0;15;2.5;0.0;1.53;1.8;345;128;14.7;;;0;1;0;0;1;1;0;0;0;1;0;319;;165;72;0;85
1.84;756;21;21;0;3.02;70;0;55;15;0;60;3;0.36;1.0;1.0;0;0;179;0;15;2.62;0.0;1.56;1.9;345;128;14.7;;;0;1;0;0;1;1;0;0;0;1;0;324;;166;72;0;84
2.24;756;21;21;0;3.02;70;0;55;15;0;60;3;0.36;1.0;1.0;0;0;179;0;15;2.62;0.0;1.56;1.9;345;128;14.7;;;0;1;0;0;1;1;0;0;0;1;0;324;;166;72;0;84
2.63;820;20;20;0;2.91;71;0;55;15;0;59;3;0.34;1.0;1.0;0;0;179;0;15;2.5;0.0;1.52;2.0;345;128;14.7;;;0;1;0;0;1;1;0;0;0;1;0;316;;165;71;0;84
3.03;730;19;19;0;2.85;70;0;55;15;0;58;3;0.34;1.0;1.0;0;0;179;0;15;2.38;0.0;1.49;1.7;345;128;14.7;;;0;1;0;0;1;1;0;0;0;1;0;315;;166;71;0;84
3.45;730;21;21;0;3.0;70;0;55;15;0;60;3;0.36;1.0;1.0;0;0;179;0;15;2.62;0.0;1.55;1.8;345;128;14.7;;;0;1;0;0;1;1;0;0;0;1;0;323;;166;71;0;85
3.86;845;21;21;0;3.08;69;0;55;15;0;60;4;0.35;1.0;1.0;0;0;179;0;15;2.62;0.0;1.58;2.2;345;128;14.7;;;0;1;0;0;1;1;0;0;0;1;0;322;;167;71;0;85
4.25;832;19;19;0;2.86;69;0;55;15;0;58;3;0.34;1.0;1.0;0;0;179;0;15;2.38;0.0;1.49;2.0;345;128;14.7;;;0;1;0;0;1;1;0;0;0;1;0;315;;167;71;0;84
4.65;845;19;19;0;2.86;69;0;55;15;0;58;3;0.34;1.0;1.0;0;0;179;0;15;2.38;0.0;1.49;2.0;345;128;14.7;;;0;1;0;0;1;1;0;0;0;1;0;313;;167;71;0;84
5.04;756;21;21;0;3.03;71;0;55;15;0;60;3;0.36;1.0;1.0;0;0;179;0;15;2.62;0.0;1.57;1.9;345;128;14.7;;;0;1;0;0;1;1;0;0;0;1;0;323;;165;71;0;85
5.45;781;21;21;0;3.02;70;0;55;15;0;60;3;0.36;1.0;1.0;0;0;179;0;15;2.62;0.0;1.56;2.0;345;128;14.7;;;0;1;0;0;1;1;0;0;0;1;0;321;;166;71;0;85
5.85;832;20;20;0;2.92;70;0;55;15;0;59;3;0.34;1.0;1.0;0;0;179;0;15;2.5;0.0;1.52;2.0;345;128;14.7;14.71;1.001;0;1;0;0;1;1;0;0;0;1;0;319;;166;71;0;85
6.26;756;19;19;0;2.8;70;0;55;15;0;58;3;0.34;1.0;1.0;0;0;179;0;15;2.38;0.0;1.47;1.8;345;128;14.7;14.51;0.987;0;1;0;0;1;1;0;0;0;1;0;313;;166;71;0;84
6.66;781;20;20;0;3.0;70;0;55;15;0;59;3;0.35;1.0;1.0;0;0;179;0;15;2.5;0.0;1.55;2.0;345;128;14.7;14.51;0.987;0;1;0;0;1;1;0;0;0;1;0;318;;166;71;0;85
6.85;768;21;21;0;3.05;70;0;55;15;0;60;3;0.36;1.0;1.0;0;0;179;0;15;2.62;0.0;1.57;2.0;345;128;14.7;14.51;0.987;0;1;0;0;1;1;0;0;0;1;0;321;;166;71;0;85
7.25;832;19;19;0;2.85;70;0;55;15;0;58;3;0.34;1.0;1.0;0;0;179;0;15;2.38;0.0;1.49;2.0;345;128;14.7;15.51;1.055;0;1;0;0;1;1;0;0;0;1;0;315;;166;71;0;84
7.65;730;19;19;0;2.87;70;0;55;15;0;59;3;0.35;1.0;1.0;0;0;179;0;15;2.38;0.0;1.5;1.7;345;128;14.7;15.51;1.055;0;1;0;0;1;1;0;0;0;1;0;318;;166;71;0;85
8.08;820;21;21;0;3.05;70;0;55;15;0;60;3;0.35;1.0;1.0;0;0;179;0;15;2.62;0.0;1.57;2.1;345;128;14.7;15.51;1.055;0;1;0;0;1;1;0;0;0;1;0;324;;166;71;0;85
8.47;781;19;19;0;2.83;69;0;55;15;0;59;3;0.35;1.0;1.0;0;0;179;0;15;2.38;0.0;1.48;1.8;345;128;14.7;15.41;1.048;0;1;0;0;1;1;0;0;0;1;0;316;;167;71;0;85
8.86;820;19;19;0;2.82;70;0;55;15;0;58;3;0.34;1.0;1.0;0;0;181;0;15;2.38;0.0;1.48;1.9;345;128;14.7;15.41;1.048;0;1;0;0;1;1;0;0;0;1;0;311;;166;70;0;84
9.28;820;19;19;0;2.85;70;0;55;15;0;58;3;0.34;1.0;1.0;0;0;181;0;15;2.38;0.0;1.49;1.9;345;128;14.7;14.71;1.001;0;1;0;0;1;1;0;0;0;1;0;314;;166;70;0;84
9.68;756;20;20;0;2.9;70;0;55;15;0;59;3;0.35;1.0;1.0;0;0;181;0;15;2.5;0.0;1.51;1.8;345;128;14.7;14.71;1.001;0;1;0;0;1;1;0;0;0;1;0;316;;166;70;0;85
10.06;820;21;21;0;3.01;69;0;55;15;0;60;3;0.35;1.0;1.0;0;0;181;0;15;2.62;0.0;1.55;2.1;345;128;14.7;14.71;1.001;0;1;0;0;1;1;0;0;0;1;0;323;;167;70;0;85
10.47;807;20;20;0;2.88;69;0;55;15;0;59;3;0.35;1.0;1.0;0;0;181;0;15;2.5;0.0;1.5;1.9;345;128;14.7;14.81;1.007;0;1;0;0;1;1;0;0;0;1;0;316;;167;70;0;84
10.88;820;20;20;0;2.91;69;0;55;15;0;59;3;0.34;1.0;1.0;0;0;181;0;15;2.5;0.0;1.51;2.0;345;128;14.7;14.81;1.007;0;1;0;0;1;1;0;0;0;1;0;319;;167;70;0;85
11.28;871;20;20;0;2.93;69;0;55;15;0;59;3;0.34;1.0;1.0;0;0;181;0;15;2.5;0.0;1.52;2.1;345;128;14.7;14.42;0.981;0;1;0;0;1;1;0;0;0;1;0;318;;167;70;0;84
11.67;717;21;21;0;2.98;71;0;55;15;0;60;3;0.36;1.0;1.0;0;0;181;0;15;2.62;0.0;1.55;1.8;345;128;14.7;14.42;0.981;0;1;0;0;1;1;0;0;0;1;0;321;;163;70;0;85
12.09;768;22;22;0;3.16;71;0;55;15;0;61;3;0.37;1.0;1.0;0;0;181;0;15;2.75;0.0;1.62;2.0;345;128;14.7;14.42;0.981;0;1;0;0;1;1;0;0;0;1;0;331;;164;70;0;85
12.49;832;19;19;0;2.85;70;0;55;15;0;59;3;0.34;1.0;1.0;0;0;181;0;15;2.38;0.0;1.49;2.0;345;128;14.7;16.41;1.116;0;1;0;0;1;1;0;0;0;1;0;316;;166;70;0;85
12.88;807;19;19;0;2.82;70;0;55;15;0;58;3;0.34;1.0;1.0;0;0;181;0;15;2.38;0.0;1.48;1.9;345;128;14.7;16.41;1.116;0;1;0;0;1;1;0;0;0;1;0;312;;166;70;0;84
13.09;820;21;21;0;3.02;70;0;55;15;0;60;3;0.35;1.0;1.0;0;0;181;0;15;2.62;0.0;1.56;2.1;345;128;14.7;16.41;1.116;0;1;0;0;1;1;0;0;0;1;0;325;;166;70;0;146
13.49;871;19;19;0;2.85;70;0;55;15;0;58;3;0.34;1.0;1.0;0;0;181;0;15;2.38;0.0;1.49;2.1;345;128;14.7;15.91;1.082;0;1;0;0;1;1;0;0;0;1;0;315;;166;70;0;84
13.88;781;20;20;0;2.92;70;0;55;15;0;59;3;0.35;1.0;1.0;0;0;181;0;15;2.5;0.0;1.52;1.9;345;128;14.7;15.91;1.082;0;1;0;0;1;1;0;0;0;1;0;317;;166;70;0;85
14.29;832;21;21;0;2.97;70;0;55;15;0;60;3;0.35;1.0;1.0;0;0;181;0;15;2.62;0.0;1.54;2.1;345;128;14.7;14.71;1.001;0;1;0;0;1;1;0;0;0;1;0;323;;166;70;0;85
14.69;820;20;20;0;2.87;70;0;55;15;0;59;3;0.34;1.0;1.0;0;0;181;0;15;2.5;0.0;1.5;2.0;345;128;14.7;14.71;1.001;0;1;0;0;1;1;0;0;0;1;0;318;;166;70;0;41
15.08;756;19;19;0;2.82;70;0;55;15;0;59;3;0.35;1.0;1.0;0;0;181;0;15;2.38;0.0;1.48;1.8;345;128;14.7;14.71;1.001;0;1;0;0;1;1;0;0;0;1;0;316;;166;70;0;84
15.5;807;21;21;0;3.02;70;0;55;15;0;60;3;0.36;1.0;1.0;0;0;181;0;15;2.62;0.0;1.56;2.0;345;128;14.7;14.52;0.988;0;1;0;0;1;1;0;0;0;1;0;326;;166;70;0;84
15.89;832;20;20;0;2.87;70;0;55;15;0;59;3;0.34;1.0;1.0;0;0;181;0;15;2.5;0.0;1.5;2.0;345;128;14.7;14.52;0.988;0;1;0;0;1;1;0;0;0;1;0;317;;166;70;0;85
16.29;768;20;20;0;2.92;70;0;55;15;0;59;3;0.35;1.0;1.0;0;0;181;0;15;2.5;0.0;1.52;1.9;345;128;14.7;15.52;1.056;0;1;0;0;1;1;0;0;0;1;0;316;;166;70;0;85
16.69;820;21;21;0;3.03;71;0;52;18;0;60;3;0.35;1.0;1.0;0;0;181;0;18;2.62;0.0;1.57;2.1;345;128;14.7;15.52;1.056;0;1;0;0;0;1;0;0;0;1;0;326;;165;70;0;73
17.11;871;19;19;0;2.82;70;0;55;15;0;58;3;0.34;1.0;1.0;0;0;181;0;15;2.38;0.0;1.48;2.0;345;128;14.7;15.52;1.056;0;1;0;0;1;1;0;0;0;1;0;314;;166;70;0;84
17.49;768;19;19;0;2.82;70;0;51;19;0;58;3;0.34;1.0;1.0;0;0;181;0;19;2.38;0.0;1.48;1.8;345;128;14.7;16.91;1.15;0;1;0;0;0;1;0;0;0;1;0;313;;166;70;0;84
17.91;807;19;19;0;2.85;70;0;50;20;0;58;3;0.34;1.0;1.0;0;0;181;0;20;2.38;0.0;1.49;1.9;345;128;14.7;16.91;1.15;0;1;0;0;0;1;0;0;0;1;0;313;;166;70;0;77
18.32;615;26;26;0;3.53;73;0;50;20;0;64;3;0.41;1.0;1.0;0;0;181;0;20;3.25;0.0;1.78;1.8;345;128;14.7;16.71;1.137;0;1;0;0;0;1;0;0;0;1;0;354;;162;70;0;89
18.71;730;33;33;0;4.23;73;0;50;20;0;71;5;0.45;1.0;1.0;0;0;181;0;20;4.12;0.0;2.06;2.6;345;128;14.59;16.71;1.145;0;1;0;0;0;1;0;0;0;1;0;405;;162;70;0;101
19.11;832;23;23;0;3.25;70;0;50;20;0;63;4;0.38;1.0;1.0;0;0;181;0;20;2.88;0.0;1.65;2.3;345;128;14.47;16.71;1.155;0;1;0;0;0;1;0;0;0;1;0;345;;166;70;0;88
19.32;730;22;22;0;3.08;71;0;50;20;0;61;3;0.37;1.0;1.0;0;0;181;0;20;2.75;0.0;1.59;1.9;345;128;14.7;13.51;0.919;0;1;0;0;0;1;0;0;0;1;0;332;;165;70;0;89
19.73;602;26;26;0;3.56;75;0;50;20;0;65;3;0.42;1.0;1.0;0;0;183;0;20;3.25;0.0;1.8;1.8;345;128;14.7;13.51;0.919;0;1;0;0;0;1;0;0;0;1;0;367;;159;69;0;90
20.12;781;29;29;0;3.8;74;0;50;20;0;68;4;0.43;1.0;1.0;0;0;183;0;20;3.62;0.0;1.89;2.5;345;128;14.47;13.51;0.934;0;1;0;0;0;1;0;0;0;1;0;380;;161;69;0;90
20.53;807;25;25;0;3.37;70;0;50;20;0;64;4;0.41;1.0;1.0;0;0;183;0;20;3.12;0.0;1.7;2.3;345;128;14.47;14.12;0.976;0;1;0;0;0;1;0;0;0;1;0;353;;166;69;0;88
20.91;820;25;25;0;3.42;70;0;50;20;0;64;4;0.4;1.0;1.0;0;0;183;0;20;3.12;0.0;1.72;2.3;345;128;14.47;14.12;0.976;0;1;0;0;0;1;0;0;0;1;0;355;;166;69;0;89
21.32;832;26;26;0;3.47;70;0;50;20;0;65;4;0.4;1.0;1.0;0;0;183;0;20;3.25;0.0;1.74;2.4;345;128;14.47;15.32;1.059;0;1;0;0;0;1;0;0;0;1;0;362;;166;69;0;147
21.73;781;25;25;0;3.4;70;0;50;20;0;64;4;0.41;1.0;1.0;0;0;183;0;20;3.12;0.0;1.71;2.2;345;128;14.47;15.32;1.059;0;1;0;0;0;1;0;0;0;1;0;355;;166;69;0;147
22.12;781;26;26;0;3.48;69;0;50;20;0;65;4;0.41;1.0;1.0;0;0;183;0;20;3.25;0.0;1.74;2.3;345;128;14.47;15.32;1.059;0;1;0;0;0;1;0;0;0;1;0;364;;167;69;0;90
22.52;884;25;25;0;3.37;70;0;50;20;0;63;5;0.39;1.0;1.0;0;0;183;0;20;3.12;0.0;1.7;2.5;345;128;14.47;15.62;1.079;0;1;0;0;0;1;0;0;0;1;0;349;;166;69;0;88
22.92;820;23;23;0;3.25;70;0;50;20;0;63;4;0.38;1.0;1.0;0;0;183;0;20;2.88;0.0;1.65;2.2;345;128;14.47;15.62;1.079;0;1;0;0;0;1;0;0;0;1;0;347;;166;69;0;88
23.34;820;24;24;0;3.27;70;0;50;20;0;63;4;0.38;1.0;1.0;0;0;183;0;20;3.0;0.0;1.66;2.2;345;128;14.47;15.61;1.079;0;1;0;0;0;1;0;0;0;1;0;347;;166;69;0;86
23.73;807;24;24;0;3.25;70;0;50;20;0;63;4;0.39;1.0;1.0;0;0;183;0;20;3.0;0.0;1.65;2.2;345;128;14.47;15.61;1.079;0;1;0;0;0;1;0;0;0;1;0;344;;166;69;0;86
24.14;807;24;24;0;3.28;70;0;50;20;0;63;4;0.39;1.0;1.0;0;0;183;0;20;3.0;0.0;1.66;2.2;345;128;14.47;15.61;1.079;0;1;0;0;0;1;0;0;0;1;0;350;;166;69;0;89
24.54;820;26;26;0;3.47;70;0;50;20;0;64;4;0.4;1.0;1.0;0;0;183;0;20;3.25;0.0;1.74;2.4;345;128;14.47;13.71;0.947;0;1;0;0;0;1;0;0;0;1;0;356;;166;69;0;89
24.93;768;25;25;0;3.43;71;0;50;20;0;64;4;0.41;1.0;1.0;0;0;183;0;20;3.12;0.0;1.73;2.2;345;128;14.47;13.71;0.947;0;1;0;0;0;1;0;0;0;1;0;358;;165;69;0;89
25.35;781;25;25;0;3.47;70;0;50;20;0;65;4;0.41;1.0;1.0;0;0;183;0;20;3.12;0.0;1.74;2.3;345;128;14.47;14.71;1.017;0;1;0;0;0;1;0;0;0;1;0;364;;167;69;0;90
25.54;845;26;26;0;3.53;69;0;50;20;0;66;4;0.41;1.0;1.0;0;0;183;0;20;3.25;0.0;1.76;2.5;345;128;14.47;14.71;1.017;0;1;0;0;0;1;0;0;0;1;0;370;;167;69;0;90
25.95;1063;36;36;0;4.41;69;0;37;33;0;71;8;0.48;1.0;1.0;0;0;183;0;33;4.5;0.0;2.11;3.9;345;128;14.7;14.71;1.001;0;1;0;0;0;1;0;0;0;1;0;409;;167;69;0;101
26.35;1089;23;23;0;3.12;70;0;44;20;0;60;5;0.39;1.0;1.0;0;0;183;0;26;2.88;0.0;1.6;2.8;345;128;14.7;13.51;0.919;0;1;0;0;0;1;0;0;0;1;0;326;;166;69;0;82
26.76;922;22;22;0;3.11;71;0;50;20;0;61;4;0.38;1.0;1.0;0;0;184;0;20;2.75;0.0;1.6;2.4;345;128;14.7;13.51;0.919;0;1;0;0;0;1;0;0;0;1;0;332;;165;69;0;41
27.15;884;26;26;0;3.48;71;0;50;20;0;64;5;0.41;1.0;1.0;0;0;184;0;20;3.25;0.0;1.75;2.6;345;128;14.47;13.51;0.934;0;1;0;0;0;1;0;0;0;1;0;355;;165;69;0;41
27.55;871;26;26;0;3.51;71;0;50;20;0;64;5;0.41;1.0;1.0;0;0;184;0;20;3.25;0.0;1.76;2.5;345;128;14.47;16.71;1.155;0;1;0;0;0;1;0;0;0;1;0;352;;164;68;0;89
27.95;922;24;24;0;3.31;69;0;50;20;0;63;5;0.4;1.0;1.0;0;0;184;0;20;3.0;0.0;1.67;2.5;345;128;14.47;16.71;1.155;0;1;0;0;0;1;0;0;0;1;0;348;;167;68;0;88
28.36;1140;49;49;11;5.76;71;0;41;29;0;83;12;0.59;1.0;1.0;0;0;184;0;29;6.12;6.4;2.66;5.5;345;128;14.7;17.91;1.218;0;1;0;0;0;0;0;0;0;1;0;501;;165;68;0;109
28.76;1691;43;43;11;5.11;69;0;29;41;0;74;16;0.58;1.0;1.0;0;0;184;0;41;5.38;6.4;2.39;7.2;345;128;14.7;17.91;1.218;0;1;0;0;0;0;0;0;0;1;0;434;;167;68;0;102
29.16;1767;52;52;18;6.08;71;0;31;39;0;83;20;0.64;1.0;1.0;0;0;184;0;39;6.5;10.5;2.79;9.0;345;128;14.7;17.91;1.218;0;1;0;0;0;0;0;0;0;1;0;497;;164;68;0;73
29.55;1947;47;47;18;5.56;71;0;27;43;0;79;21;0.6;1.0;1.0;0;0;184;0;43;5.88;10.5;2.58;9.0;345;128;14.82;15.21;1.026;0;1;0;0;0;0;0;0;0;1;0;470;;165;68;0;106
29.98;2062;48;48;18;5.61;71;0;26;44;0;79;22;0.61;1.0;1.0;0;0;184;0;44;6.0;10.5;2.6;9.6;345;128;14.82;15.21;1.026;0;1;0;0;0;0;0;0;0;1;0;471;;164;68;0;106
30.36;2190;47;47;18;5.42;72;0;26;44;0;79;23;0.6;1.0;1.0;0;0;184;0;44;5.88;10.5;2.53;9.9;345;128;14.82;15.72;1.061;0;1;0;0;0;0;0;0;0;1;0;466;;163;68;0;42
30.76;2369;49;49;20;5.55;72;0;27;43;0;81;26;0.61;1.0;1.0;0;0;184;0;43;6.12;11.6;2.58;11.0;345;128;14.93;15.72;1.053;0;1;0;0;0;0;0;0;0;1;0;482;;163;68;0;43
31.18;2254;51;51;20;5.85;74;0;27;42;0;82;26;0.62;1.0;1.0;0;0;184;0;43;6.38;11.6;2.71;11.0;345;128;14.82;15.72;1.061;0;1;0;0;0;0;0;0;0;1;0;493;;160;68;0;101
31.37;2190;58;58;23;6.6;74;0;32;38;0;87;29;0.67;1.0;1.0;0;0;184;0;38;7.25;13.4;3.01;12.0;345;128;14.82;14.71;0.993;0;1;0;0;0;0;0;0;0;1;0;529;;161;68;0;106
31.78;2152;52;52;22;5.97;74;0;27;43;0;83;26;0.65;1.0;1.0;0;0;184;0;43;6.5;12.8;2.76;10.7;345;128;14.82;14.71;0.993;0;1;0;0;0;0;0;0;0;1;0;496;;160;67;0;109
32.18;2152;50;50;21;5.81;73;0;28;42;0;81;25;0.62;1.0;1.0;0;0;184;0;42;6.25;12.2;2.69;10.4;345;128;14.82;14.71;0.993;0;1;0;0;0;0;0;0;0;1;0;480;;162;67;0;100
32.59;2318;47;47;20;5.42;74;0;26;44;0;79;24;0.59;1.0;1.0;0;0;184;0;44;5.88;11.6;2.54;10.5;345;128;14.93;13.51;0.905;0;1;0;0;0;0;0;0;0;1;0;464;;160;67;0;106
32.99;2305;43;43;19;5.05;74;0;22;48;0;76;22;0.57;1.0;1.0;0;0;184;0;48;5.38;11.0;2.39;9.7;345;128;14.93;13.51;0.905;0;1;0;0;0;0;0;0;0;1;0;446;;161;67;0;102
33.39;2062;49;49;19;5.8;74;0;26;44;0;80;22;0.62;1.0;1.0;0;0;184;0;44;6.12;11.0;2.69;10.0;345;128;14.82;15.11;1.02;0;1;0;0;0;0;0;0;0;1;0;473;;161;67;0;107
33.79;2024;49;49;19;5.76;73;0;27;43;0;80;22;0.62;1.0;1.0;0;0;184;0;43;6.12;11.0;2.67;9.7;345;128;14.82;15.11;1.02;0;1;0;0;0;0;0;0;0;1;0;475;;162;67;0;106
34.18;2062;49;49;19;5.75;72;0;27;43;0;80;22;0.62;1.0;1.0;0;0;184;0;43;6.12;11.0;2.66;9.9;345;128;14.82;15.11;1.02;0;1;0;0;0;0;0;0;0;1;0;472;;163;67;0;106
34.6;2049;44;44;15;5.23;71;0;25;45;0;76;20;0.58;1.0;1.0;0;0;184;0;45;5.5;8.7;2.45;8.9;345;128;14.82;14.11;0.952;0;1;0;0;0;0;0;0;0;1;0;447;;164;67;0;105
34.97;1934;42;42;15;4.98;71;0;26;44;0;74;18;0.56;1.0;1.0;0;0;186;0;44;5.25;8.7;2.35;8.0;345;128;14.82;14.11;0.952;0;1;0;0;0;0;0;0;0;1;0;435;;164;66;0;102
35.39;1934;46;46;14;5.38;73;0;28;41;0;78;19;0.59;1.0;1.0;0;0;186;0;42;5.75;8.1;2.52;8.7;345;128;14.82;14.71;0.993;0;1;0;0;0;0;0;0;0;1;0;458;;162;66;0;105
35.79;1780;44;44;15;5.25;72;0;27;43;0;77;18;0.59;1.0;1.0;0;0;186;0;43;5.5;8.7;2.46;7.8;345;128;14.7;14.71;1.001;0;1;0;0;0;0;0;0;0;1;0;449;;163;66;0;105
36.18;1895;44;44;14;5.26;73;0;27;43;0;76;18;0.59;1.0;1.0;0;0;186;0;43;5.5;8.1;2.47;8.3;345;128;14.82;14.71;0.993;0;1;0;0;0;0;0;0;0;1;0;444;;162;66;0;105
36.6;1870;45;45;15;5.22;72;0;28;42;0;77;18;0.59;1.0;1.0;0;0;186;0;42;5.62;8.7;2.45;8.1;345;128;14.82;14.41;0.972;0;1;0;0;0;0;0;0;0;1;0;450;;163;66;0;105
37.0;1819;45;45;14;5.31;73;0;28;42;0;77;19;0.59;1.0;1.0;0;0;186;0;42;5.62;8.1;2.49;8.0;345;128;14.7;14.41;0.98;0;1;0;0;0;0;0;0;0;1;0;452;;162;66;0;42
37.41;1883;46;46;15;5.33;71;0;27;43;0;78;20;0.59;1.0;1.0;0;0;186;0;43;5.75;8.7;2.49;8.4;345;128;14.82;14.71;0.993;0;1;0;0;0;0;0;0;0;1;0;460;;164;66;0;106
37.6;2024;45;45;15;5.27;74;0;26;44;0;76;20;0.59;1.0;1.0;0;0;186;0;44;5.62;8.7;2.48;8.9;345;128;14.82;14.71;0.993;0;1;0;0;0;0;0;0;0;1;0;446;;161;66;0;105
37.99;1883;40;40;14;4.81;73;0;26;44;0;73;17;0.55;1.0;1.0;0;0;186;0;44;5.0;8.1;2.29;7.5;345;128;14.82;14.71;0.993;0;1;0;0;0;0;0;0;0;1;0;427;;162;66;0;82
38.39;1934;41;41;14;4.91;73;0;26;44;0;74;18;0.56;1.0;1.0;0;0;186;0;44;5.12;8.1;2.33;7.9;345;128;14.82;14.61;0.986;0;1;0;0;0;0;0;0;0;1;0;433;;162;66;0;102
38.8;1972;40;40;14;4.76;73;0;24;46;0;73;18;0.55;1.0;1.0;0;0;187;0;46;5.0;8.1;2.27;7.8;345;128;14.82;14.61;0.986;0;1;0;0;0;0;0;0;0;1;0;424;;162;66;0;90
39.22;2049;36;36;8;4.36;71;0;23;47;0;70;16;0.52;1.0;1.0;0;0;187;0;47;4.5;4.7;2.1;7.4;345;128;14.82;14.61;0.986;0;1;0;0;0;0;0;0;0;1;0;399;;164;65;0;52
39.6;1755;28;28;7;3.58;71;0;26;44;0;62;11;0.46;1.0;1.0;0;0;187;0;44;3.5;4.1;1.79;5.2;345;128;14.7;12.01;0.817;0;1;0;0;0;0;0;0;0;1;0;342;;164;65;0;86
40.01;1819;28;28;7;3.58;71;0;25;45;0;62;11;0.45;1.0;1.0;0;0;187;0;45;3.5;4.1;1.79;5.4;345;128;14.7;12.01;0.817;0;1;0;0;0;0;0;0;0;1;0;343;;164;66;0;86
40.41;1806;29;29;7;3.72;72;0;25;45;0;63;12;0.48;1.0;1.0;0;0;187;0;45;3.62;4.1;1.85;5.6;345;128;14.7;13.71;0.933;0;1;0;0;0;0;0;0;0;1;0;344;;163;65;0;88
40.82;1806;29;29;7;3.68;71;0;25;45;0;63;12;0.48;1.0;1.0;0;0;187;0;45;3.62;4.1;1.83;5.5;345;128;14.7;13.71;0.933;0;1;0;0;0;0;0;0;0;1;0;347;;164;65;0;88
41.21;1729;23;23;2;3.12;72;0;28;42;0;56;9;0.42;1.0;1.0;0;0;187;0;42;2.88;1.2;1.61;4.5;345;128;14.7;13.71;0.933;0;1;0;0;0;0;0;0;0;1;0;299;;163;65;0;83
41.62;1780;24;24;2;3.16;71;0;30;39;0;57;9;0.41;1.0;1.0;0;0;187;0;40;3.0;1.2;1.62;4.7;345;128;14.7;12.21;0.831;0;1;0;0;0;0;0;0;0;1;0;304;;164;65;0;84
42.02;1729;23;23;2;3.16;73;0;31;39;0;56;9;0.42;1.0;1.0;0;0;187;0;39;2.88;1.2;1.63;4.6;345;128;14.7;12.21;0.831;0;1;0;0;0;0;0;0;0;1;0;296;;162;65;0;40
42.42;1639;22;22;1;3.01;71;0;32;38;0;55;8;0.4;1.0;1.0;0;0;187;0;38;2.75;0.6;1.56;4.1;345;128;14.7;12.31;0.837;0;1;0;0;0;1;0;0;0;1;0;290;;164;65;0;82
42.82;1332;19;19;0;2.71;71;0;60;20;0;55;5;0.36;1.0;1.0;0;0;187;0;10;2.38;0.0;1.44;3.0;345;128;14.7;12.31;0.837;0;1;0;0;0;1;0;0;0;1;0;291;;164;65;0;82
43.23;1319;22;22;0;3.0;70;0;52;20;0;57;6;0.38;1.0;1.0;0;0;187;0;18;2.75;0.0;1.55;3.3;345;128;14.7;12.31;0.837;0;1;0;0;0;1;0;0;0;1;0;305;;166;65;0;76
43.62;1396;20;20;0;2.77;70;0;54;20;0;55;6;0.37;1.0;1.0;0;0;187;0;16;2.5;0.0;1.46;3.2;345;128;14.7;13.71;0.933;0;1;0;0;0;1;0;0;0;1;0;291;;166;65;0;82
43.83;1306;35;35;3;4.16;71;0;36;36;0;68;9;0.5;1.0;1.0;0;0;189;0;34;4.38;1.7;2.02;4.5;345;128;14.7;13.71;0.933;0;1;0;0;0;0;0;0;0;1;0;380;;164;65;0;90
44.23;1729;26;26;3;3.36;71;0;31;39;0;60;10;0.44;1.0;1.0;0;0;189;0;39;3.25;1.7;1.7;4.8;345;128;14.7;13.71;0.933;0;1;0;0;0;0;0;0;0;1;0;325;;165;65;0;41
44.64;1716;26;26;3;3.38;71;0;29;41;0;60;10;0.44;1.0;1.0;0;0;189;0;41;3.25;1.7;1.71;4.8;345;128;14.7;15.52;1.056;0;1;0;0;0;0;0;0;0;1;0;324;;165;65;0;85
45.02;1729;28;28;5;3.56;71;0;29;41;0;62;10;0.47;1.0;1.0;0;0;189;0;41;3.5;2.9;1.78;5.1;345;128;14.7;15.52;1.056;0;1;0;0;0;0;0;0;0;1;0;336;;165;65;0;86
45.42;1870;49;49;14;5.56;71;0;31;39;0;80;20;0.61;1.0;1.0;0;0;189;0;39;6.12;8.1;2.58;8.7;345;128;14.82;19.02;1.283;0;1;0;0;0;0;0;0;0;1;0;473;;165;65;0;73
45.83;2024;50;50;16;5.62;72;0;31;39;0;80;22;0.62;1.0;1.0;0;0;189;0;39;6.25;9.3;2.61;9.5;345;128;14.82;19.02;1.283;0;1;0;0;0;0;0;0;0;1;0;476;;163;65;0;100
46.24;2024;46;46;16;5.26;73;0;28;42;0;78;21;0.59;1.0;1.0;0;0;189;0;42;5.75;9.3;2.47;8.9;345;128;14.82;19.02;1.283;0;1;0;0;0;0;0;0;0;1;0;457;;162;65;0;106
46.63;2228;77;77;41;8.82;74;0;48;22;0;99;38;0.77;1.0;1.0;0;0;189;0;22;9.62;23.8;3.9;16.4;345;128;13.07;12.91;0.988;0;1;0;0;0;0;0;0;0;1;0;622;;160;64;0;146
47.03;2536;77;77;48;8.56;75;0;47;23;0;102;44;0.75;1.0;1.0;0;0;189;0;23;9.62;27.9;3.8;18.1;345;128;13.54;12.91;0.953;0;1;0;0;0;0;0;0;0;1;0;640;;159;64;0;114
47.43;2638;68;68;36;7.38;75;0;39;31;0;98;40;0.68;1.0;1.0;0;0;189;0;31;8.5;20.9;3.33;16.2;345;128;14.82;12.61;0.851;0;1;0;0;0;0;0;0;0;1;0;608;;159;64;0;150
47.83;2216;31;31;6;3.8;74;0;22;48;0;66;16;0.48;1.0;1.0;0;0;189;0;48;3.88;3.5;1.89;7.0;345;128;14.82;12.61;0.851;0;1;0;0;0;0;0;0;0;1;0;368;;161;64;0;90
48.24;1947;16;16;0;2.48;75;0;36;21;0;51;7;0.31;1.0;1.0;0;0;189;0;34;2.0;0.0;1.37;4.0;345;128;14.82;12.61;0.851;0;1;0;0;0;1;0;0;0;1;0;259;;159;64;0;77
48.64;1434;16;16;0;2.46;73;0;63;20;0;53;5;0.34;1.0;1.0;0;0;189;0;7;2.0;0.0;1.35;2.9;345;128;14.7;12.92;0.879;0;1;0;0;0;1;0;0;0;1;0;269;;162;64;0;74
49.04;1370;21;21;0;2.91;73;0;70;20;0;56;6;0.38;1.0;1.0;0;0;189;0;0;2.62;0.0;1.53;3.3;345;128;14.7;12.92;0.879;0;1;0;0;0;1;0;0;0;1;0;298;;162;64;0;40
49.46;1268;21;21;0;2.86;71;0;69;20;0;57;6;0.38;1.0;1.0;0;0;189;0;1;2.62;0.0;1.5;3.0;345;128;14.7;12.92;0.879;0;1;0;0;0;1;0;0;0;1;0;305;;164;64;0;84
49.84;1588;24;24;0;3.15;72;0;61;20;0;56;8;0.41;1.0;1.0;0;0;189;0;9;3.0;0.0;1.62;4.2;345;128;14.7;12.92;0.879;0;1;0;0;0;1;0;0;0;1;0;296;;163;64;0;82
50.05;1165;18;18;0;2.66;71;0;68;20;0;56;5;0.35;1.0;1.0;0;0;189;0;2;2.25;0.0;1.42;2.6;345;128;14.7;12.92;0.879;0;1;0;0;0;1;0;0;0;1;0;296;;164;64;0;83
50.46;1217;20;20;0;2.78;71;0;61;20;0;56;5;0.36;1.0;1.0;0;0;189;0;9;2.5;0.0;1.47;2.8;345;128;14.7;22.62;1.539;0;1;0;0;0;1;0;0;0;1;0;299;;164;64;0;83
50.86;1422;19;19;0;2.71;71;0;52;20;0;54;6;0.35;1.0;1.0;0;0;189;0;18;2.38;0.0;1.44;3.2;345;128;14.7;22.62;1.539;0;1;0;0;0;1;0;0;0;1;0;280;;165;64;0;81
51.25;1165;15;15;0;2.38;71;0;50;20;0;53;4;0.31;1.0;1.0;0;0;189;0;20;1.88;0.0;1.31;2.3;345;128;14.7;22.62;1.539;0;1;0;0;0;1;0;0;0;1;0;273;;164;64;0;77
51.65;1101;18;18;0;2.58;71;0;50;20;0;55;4;0.34;1.0;1.0;0;0;189;0;20;2.25;0.0;1.39;2.4;345;128;14.7;15.91;1.082;0;1;0;0;0;1;0;0;0;1;0;288;;164;64;0;75
52.06;1332;18;18;0;2.66;71;0;50;20;0;54;5;0.34;1.0;1.0;0;0;189;0;20;2.25;0.0;1.42;3.0;345;128;14.7;15.91;1.082;0;1;0;0;0;1;0;0;0;1;0;279;;165;63;0;81
52.46;1281;15;15;0;2.36;73;0;50;20;0;52;4;0.3;1.0;1.0;0;0;189;0;20;1.88;0.0;1.31;2.5;345;128;14.7;13.41;0.912;0;1;0;0;0;1;0;0;0;1;0;265;;162;64;0;77
52.87;1281;16;16;0;2.41;73;0;50;20;0;52;4;0.3;1.0;1.0;0;0;189;0;20;2.0;0.0;1.33;2.6;345;128;14.7;13.41;0.912;0;1;0;0;0;1;0;0;0;1;0;266;;162;64;0;77
53.27;1140;15;15;0;2.31;71;0;50;20;0;52;4;0.3;1.0;1.0;0;0;189;0;20;1.88;0.0;1.28;2.2;345;128;14.7;13.41;0.912;0;1;0;0;0;1;0;0;0;1;0;267;;165;64;0;77
53.68;1050;18;18;0;2.56;71;0;50;20;0;55;4;0.33;1.0;1.0;0;0;189;0;20;2.25;0.0;1.38;2.2;345;128;14.7;14.31;0.973;0;1;0;0;0;1;0;0;0;1;0;284;;165;64;0;82
54.07;935;16;16;0;2.46;71;0;50;20;0;55;3;0.31;1.0;1.0;0;0;189;0;20;2.0;0.0;1.34;1.9;345;128;14.7;14.31;0.973;0;1;0;0;0;1;0;0;0;1;0;289;;165;64;0;82
54.47;896;18;18;0;2.56;71;0;50;20;0;56;3;0.33;1.0;1.0;0;0;189;0;20;2.25;0.0;1.38;1.9;345;128;14.7;13.81;0.939;0;1;0;0;0;1;0;0;0;1;0;297;;165;64;0;77
54.86;896;20;20;0;2.78;71;0;50;20;0;58;3;0.34;1.0;1.0;0;0;189;0;20;2.5;0.0;1.47;2.1;345;128;14.7;13.81;0.939;0;1;0;0;0;1;0;0;0;1;0;309;;165;63;0;41
55.27;730;19;19;0;2.75;72;0;50;20;0;59;3;0.35;1.0;1.0;0;0;189;0;20;2.38;0.0;1.46;1.7;345;128;14.7;13.81;0.939;0;1;0;0;0;1;0;0;0;1;0;319;;163;63;0;84
55.67;628;26;26;0;3.37;74;0;50;20;0;64;3;0.41;1.0;1.0;0;0;189;0;20;3.25;0.0;1.72;1.8;345;128;14.7;14.71;1.001;0;1;0;0;0;1;0;0;0;1;0;358;;160;63;0;89
56.08;704;28;28;0;3.57;74;0;50;20;0;67;4;0.42;1.0;1.0;0;0;189;0;20;3.5;0.0;1.8;2.1;345;128;14.47;14.71;1.017;0;1;0;0;0;1;0;0;0;1;0;376;;162;63;0;41
56.27;704;28;28;0;3.61;73;0;50;20;0;68;4;0.43;1.0;1.0;0;0;189;0;20;3.5;0.0;1.81;2.1;345;128;14.47;14.71;1.017;0;1;0;0;0;1;0;0;0;1;0;383;;163;63;0;99
56.68;884;77;77;95;9.06;71;0;66;4;0;107;14;0.7;1.0;1.0;0;0;189;0;4;9.62;55.2;3.98;6.7;345;128;13.07;14.72;1.126;0;1;0;0;0;0;0;0;0;1;0;681;;164;63;0;154
57.08;2113;58;58;20;6.52;72;0;36;34;0;86;28;0.68;1.0;1.0;0;0;189;0;34;7.25;11.6;2.97;11.5;345;128;14.82;14.72;0.993;0;1;0;0;0;0;0;0;0;1;0;516;;163;63;0;50
57.5;2382;68;68;31;7.47;72;0;41;29;0;95;35;0.69;1.0;1.0;0;0;189;0;29;8.5;18.0;3.35;14.8;345;128;14.82;14.21;0.959;0;1;0;0;0;0;0;0;0;1;0;588;;163;63;0;149
57.89;2408;67;67;31;7.27;72;0;40;30;0;96;36;0.69;1.0;1.0;0;0;189;0;30;8.38;18.0;3.27;14.6;345;128;14.82;14.21;0.959;0;1;0;0;0;0;0;0;0;1;0;597;;163;63;0;150
58.28;2382;66;66;31;7.13;73;0;38;32;0;95;35;0.69;1.0;1.0;0;0;189;0;32;8.25;18.0;3.22;14.2;345;128;14.82;14.21;0.959;0;1;0;0;0;0;0;0;0;1;0;586;;162;63;0;145
58.7;2203;50;50;19;5.52;74;0;30;40;0;81;26;0.62;1.0;1.0;0;0;189;0;40;6.25;11.0;2.58;10.1;345;128;14.82;14.11;0.952;0;1;0;0;0;0;0;0;0;1;0;483;;161;63;0;108
59.1;2164;45;45;17;5.18;72;0;27;43;0;77;22;0.59;1.0;1.0;0;0;189;0;43;5.62;9.9;2.43;9.3;345;128;14.82;14.11;0.952;0;1;0;0;0;0;0;0;0;1;0;454;;163;63;0;105
59.49;1985;38;38;14;4.46;73;0;24;46;0;72;17;0.54;1.0;1.0;0;0;189;0;46;4.75;8.1;2.15;7.4;345;128;14.82;16.11;1.087;0;1;0;0;0;0;0;0;0;1;0;416;;162;63;0;42
59.9;1652;27;27;0;3.42;72;0;30;20;0;61;10;0.45;1.0;1.0;0;0;189;0;40;3.38;0.0;1.73;4.7;345;128;14.7;16.11;1.096;0;1;0;0;0;1;0;0;0;1;0;330;;163;63;0;85
60.31;1050;23;23;0;3.12;72;0;51;20;0;61;5;0.4;1.0;1.0;0;0;189;0;19;2.88;0.0;1.61;2.7;345;128;14.7;16.11;1.096;0;1;0;0;0;1;0;0;0;1;0;328;;163;63;0;85
60.7;1255;24;24;0;3.22;72;0;50;20;0;60;6;0.41;1.0;1.0;0;0;189;0;20;3.0;0.0;1.65;3.4;345;128;14.7;13.41;0.912;0;1;0;0;0;1;0;0;0;1;0;324;;163;63;0;85
61.11;1140;23;23;0;3.06;73;0;50;20;0;59;6;0.38;1.0;1.0;0;0;189;0;20;2.88;0.0;1.59;2.9;345;128;14.7;13.41;0.912;0;1;0;0;0;1;0;0;0;1;0;317;;162;63;0;85
61.51;1140;23;23;0;3.06;71;0;50;20;0;60;5;0.4;1.0;1.0;0;0;189;0;20;2.88;0.0;1.58;2.9;345;128;14.7;13.21;0.899;0;1;0;0;0;1;0;0;0;1;0;322;;164;63;0;85
61.9;1012;22;22;0;3.02;70;0;50;20;0;60;5;0.38;1.0;1.0;0;0;189;0;20;2.75;0.0;1.56;2.5;345;128;14.7;13.21;0.899;0;1;0;0;0;1;0;0;0;1;0;325;;166;63;0;81
62.31;1050;23;23;0;3.06;71;0;50;20;0;60;5;0.38;1.0;1.0;0;0;189;0;20;2.88;0.0;1.58;2.7;345;128;14.7;13.21;0.899;0;1;0;0;0;1;0;0;0;1;0;323;;164;63;0;85
62.52;1012;22;22;0;2.95;70;0;50;20;0;60;4;0.38;1.0;1.0;0;0;189;0;20;2.75;0.0;1.53;2.5;345;128;14.7;14.01;0.953;0;1;0;0;0;1;0;0;0;1;0;327;;165;63;0;85
62.92;935;22;22;0;2.98;71;0;50;20;0;61;4;0.38;1.0;1.0;0;0;189;0;20;2.75;0.0;1.55;2.3;345;128;14.7;14.01;0.953;0;1;0;0;0;1;0;0;0;1;0;333;;164;63;0;86
63.33;884;24;24;0;3.12;70;0;50;20;0;62;4;0.38;1.0;1.0;0;0;189;0;20;3.0;0.0;1.6;2.3;345;128;14.47;14.01;0.968;0;1;0;0;0;1;0;0;0;1;0;340;;166;63;0;86
63.73;820;23;23;0;3.11;71;0;50;20;0;62;4;0.38;1.0;1.0;0;0;189;0;20;2.88;0.0;1.6;2.1;345;128;14.47;14.31;0.989;0;1;0;0;0;1;0;0;0;1;0;339;;164;63;0;86
64.13;807;24;24;0;3.2;70;0;50;20;0;63;4;0.39;1.0;1.0;0;0;189;0;20;3.0;0.0;1.63;2.2;345;128;14.47;14.31;0.989;0;1;0;0;0;1;0;0;0;1;0;345;;166;63;0;86
64.51;820;24;24;0;3.2;70;0;50;20;0;63;4;0.38;1.0;1.0;0;0;189;0;20;3.0;0.0;1.63;2.2;345;128;14.47;13.81;0.954;0;1;0;0;0;1;0;0;0;1;0;350;;166;63;0;89
64.93;730;26;26;0;3.41;73;0;50;20;0;65;4;0.41;1.0;1.0;0;0;189;0;20;3.25;0.0;1.73;2.1;345;128;14.47;13.81;0.954;0;1;0;0;0;1;0;0;0;1;0;363;;162;63;0;89
65.31;768;28;28;0;3.58;71;0;50;20;0;67;4;0.42;1.0;1.0;0;0;189;0;20;3.5;0.0;1.79;2.3;345;128;14.47;13.81;0.954;0;1;0;0;0;1;0;0;0;1;0;376;;164;63;0;90
65.73;807;27;27;0;3.47;72;0;50;20;0;66;4;0.41;1.0;1.0;0;0;191;0;20;3.38;0.0;1.75;2.3;345;128;14.47;13.81;0.954;0;1;0;0;0;1;0;0;0;1;0;374;;163;63;0;90
66.13;832;25;25;0;3.26;71;0;50;20;0;64;4;0.4;1.0;1.0;0;0;191;0;20;3.12;0.0;1.66;2.3;345;128;14.47;13.81;0.954;0;1;0;0;0;1;0;0;0;1;0;357;;165;62;0;41
66.53;768;25;25;0;3.25;70;0;50;20;0;64;4;0.41;1.0;1.0;0;0;191;0;20;3.12;0.0;1.65;2.1;345;128;14.47;14.81;1.023;0;1;0;0;0;1;0;0;0;1;0;355;;166;62;0;89
66.94;781;26;26;0;3.33;73;0;50;20;0;65;4;0.41;1.0;1.0;0;0;191;0;20;3.25;0.0;1.7;2.2;345;128;14.47;14.81;1.023;0;1;0;0;0;1;0;0;0;1;0;367;;162;62;0;90
67.34;781;27;27;0;3.41;71;0;50;20;0;66;4;0.41;1.0;1.0;0;0;191;0;20;3.38;0.0;1.72;2.2;345;128;14.47;14.81;1.023;0;1;0;0;0;1;0;0;0;1;0;375;;164;62;0;90
67.74;807;27;27;0;3.46;71;0;50;20;0;66;4;0.41;1.0;1.0;0;0;191;0;20;3.38;0.0;1.74;2.3;345;128;14.47;14.71;1.017;0;1;0;0;0;1;0;0;0;1;0;374;;165;62;0;77
68.13;807;26;26;0;3.36;71;0;50;20;0;66;4;0.41;1.0;1.0;0;0;191;0;20;3.25;0.0;1.7;2.3;345;128;14.47;14.71;1.017;0;1;0;0;0;1;0;0;0;1;0;370;;165;62;0;41
68.33;1217;58;58;10;6.41;71;0;50;22;0;88;15;0.65;1.0;1.0;0;0;191;0;20;7.25;5.8;2.92;6.5;345;128;14.7;14.71;1.001;0;1;0;0;0;0;0;0;0;1;0;539;;165;62;0;146
68.74;1319;26;26;0;3.35;70;0;48;20;0;62;8;0.45;1.0;1.0;0;0;191;0;22;3.25;0.0;1.69;3.7;345;128;14.7;14.51;0.987;0;1;0;0;0;1;0;0;0;1;0;338;;166;62;0;86
69.14;1217;54;54;10;5.95;70;0;43;27;0;85;14;0.62;1.0;1.0;0;0;191;0;27;6.75;5.8;2.73;6.0;345;128;14.7;14.51;0.987;0;1;0;0;0;0;0;0;0;1;0;509;;165;62;0;81
69.56;1588;43;43;10;4.85;70;0;33;37;0;74;16;0.57;1.0;1.0;0;0;191;0;37;5.38;5.8;2.29;6.4;345;128;14.7;13.51;0.919;0;1;0;0;0;0;0;0;0;1;0;432;;166;62;0;102
69.96;1486;27;27;0;3.46;71;0;34;20;0;62;9;0.45;1.0;1.0;0;0;191;0;36;3.38;0.0;1.74;4.3;345;128;14.7;13.51;0.919;0;1;0;0;0;1;0;0;0;1;0;338;;165;62;0;41
70.35;1319;35;35;6;4.16;71;0;34;36;0;70;10;0.51;1.0;1.0;0;0;191;0;36;4.38;3.5;2.02;4.6;345;128;14.7;13.51;0.919;0;1;0;0;0;0;0;0;0;1;0;396;;165;62;0;99
70.76;1614;37;37;6;4.3;70;0;30;40;0;69;13;0.53;1.0;1.0;0;0;191;0;40;4.62;3.5;2.07;5.8;345;128;14.7;15.12;1.029;0;1;0;0;0;0;0;0;0;1;0;395;;166;62;0;100
71.15;1780;62;62;19;6.88;71;0;40;30;0;87;25;0.7;1.0;1.0;0;0;191;0;30;7.75;11.0;3.11;10.2;345;128;14.04;15.12;1.077;0;1;0;0;0;0;0;0;0;1;0;531;;165;62;0;146
71.56;2088;58;58;20;6.31;71;0;34;36;0;86;27;0.69;1.0;1.0;0;0;191;0;36;7.25;11.6;2.88;11.0;345;128;14.82;13.81;0.932;0;1;0;0;0;0;0;0;0;1;0;519;;164;62;0;114
71.95;2216;47;48;18;5.3;72;0;28;43;0;79;23;0.6;1.0;1.0;0;0;191;0;42;5.88;10.5;2.48;9.8;345;128;14.82;13.81;0.932;0;1;0;0;0;0;0;0;0;1;0;464;;163;62;0;105
72.36;1985;57;57;19;6.21;73;0;35;35;0;86;26;0.68;1.0;1.0;0;0;191;0;35;7.12;11.0;2.85;10.3;345;128;14.82;13.81;0.932;0;1;0;0;0;0;0;0;0;1;0;516;;162;62;0;114
72.75;2088;60;60;20;6.58;73;0;36;34;0;87;28;0.7;1.0;1.0;0;0;191;0;34;7.5;11.6;3.0;11.4;345;128;14.82;14.11;0.952;0;1;0;0;0;0;0;0;0;1;0;527;;161;62;0;114
73.17;2113;61;61;21;6.85;74;0;37;33;0;88;29;0.7;1.0;1.0;0;0;192;0;33;7.62;12.2;3.11;12.1;345;128;14.04;14.11;1.005;0;1;0;0;0;0;0;0;0;1;0;537;;161;61;0;146
73.57;2216;61;61;22;6.7;74;0;35;35;0;88;30;0.68;1.0;1.0;0;0;192;0;35;7.62;12.8;3.05;12.4;345;128;14.04;13.81;0.984;0;1;0;0;0;0;0;0;0;1;0;538;;161;62;0;146
73.98;2305;60;60;23;6.7;74;0;34;36;0;89;31;0.66;1.0;1.0;0;0;192;0;36;7.5;13.4;3.05;12.9;345;128;14.82;13.81;0.932;0;1;0;0;0;0;0;0;0;1;0;546;;160;62;0;147
74.36;2331;59;59;23;6.4;74;0;33;37;0;89;30;0.66;1.0;1.0;0;0;192;0;37;7.38;13.4;2.93;12.4;345;128;14.82;13.81;0.932;0;1;0;0;0;0;0;0;0;1;0;543;;161;62;0;50
74.57;2433;58;58;23;6.3;74;0;33;37;0;89;31;0.63;1.0;1.0;0;0;192;0;37;7.25;13.4;2.89;12.8;345;128;14.82;15.41;1.04;0;1;0;0;0;0;0;0;0;1;0;541;;160;62;0;115
74.96;2485;56;56;23;6.1;74;0;30;40;0;88;31;0.62;1.0;1.0;0;0;192;0;40;7.0;13.4;2.81;12.6;345;128;14.82;15.41;1.04;0;1;0;0;0;0;0;0;0;1;0;539;;161;62;0;146
75.37;2446;44;44;19;4.93;73;0;26;44;0;77;24;0.57;1.0;1.0;0;0;192;0;44;5.5;11.0;2.34;10.0;345;128;14.93;15.41;1.032;0;1;0;0;0;0;0;0;0;1;0;451;;162;62;0;105
75.78;2472;41;41;19;4.7;74;0;24;46;0;75;22;0.54;1.0;1.0;0;0;192;0;46;5.12;11.0;2.25;9.7;345;128;14.93;14.71;0.985;0;1;0;0;0;0;0;0;0;1;0;441;;161;62;0;102
76.17;1921;51;51;19;5.62;72;0;30;39;0;82;23;0.63;1.0;1.0;0;0;192;0;40;6.38;11.0;2.61;9.0;345;128;14.82;14.71;0.993;0;1;0;0;0;0;0;0;0;1;0;491;;163;62;0;108
76.57;2049;62;62;20;6.86;71;0;37;33;0;88;29;0.71;1.0;1.0;0;0;192;0;33;7.75;11.6;3.1;11.7;345;128;14.04;14.11;1.005;0;1;0;0;0;0;0;0;0;1;0;537;;164;61;0;146
76.97;2203;56;56;19;6.13;73;0;34;36;0;85;27;0.65;1.0;1.0;0;0;192;0;36;7.0;11.0;2.82;11.3;345;128;14.82;14.11;0.952;0;1;0;0;0;0;0;0;0;1;0;510;;162;61;0;113
77.38;1985;48;48;17;5.32;72;0;30;40;0;79;22;0.6;1.0;1.0;0;0;192;0;40;6.0;9.9;2.49;8.8;345;128;14.82;14.11;0.952;0;1;0;0;0;0;0;0;0;1;0;471;;163;61;0;106
77.78;1895;40;40;13;4.62;72;0;26;44;0;73;17;0.55;1.0;1.0;0;0;192;0;44;5.0;7.6;2.21;7.3;345;128;14.82;13.61;0.918;0;1;0;0;0;0;0;0;0;1;0;425;;163;61;0;102
78.19;1831;39;39;13;4.52;72;0;25;45;0;72;16;0.55;1.0;1.0;0;0;192;0;45;4.88;7.6;2.17;6.9;345;128;14.7;13.61;0.926;0;1;0;0;0;0;0;0;0;1;0;414;;163;61;0;101
78.59;1883;39;39;13;4.55;72;0;25;45;0;72;17;0.55;1.0;1.0;0;0;192;0;45;4.88;7.6;2.18;7.1;345;128;14.82;14.41;0.972;0;1;0;0;0;0;0;0;0;1;0;417;;163;61;0;101
78.99;2024;39;39;13;4.53;73;0;26;46;0;72;17;0.54;1.0;1.0;0;0;192;0;44;4.88;7.6;2.18;7.6;345;128;14.82;14.41;0.972;0;1;0;0;0;0;0;0;0;1;0;416;;162;61;0;101
79.38;1883;38;38;13;4.41;71;0;26;44;0;71;16;0.54;1.0;1.0;0;0;192;0;44;4.75;7.6;2.12;6.9;345;128;14.82;14.41;0.972;0;1;0;0;0;0;0;0;0;1;0;411;;164;61;0;101
79.8;1921;39;39;12;4.5;72;0;26;45;0;72;17;0.55;1.0;1.0;0;0;192;0;44;4.88;7.0;2.16;7.2;345;128;14.82;14.41;0.972;0;1;0;0;0;0;0;0;0;1;0;414;;163;61;0;101
80.2;1972;36;36;12;4.21;71;0;25;45;0;69;15;0.52;1.0;1.0;0;0;192;0;45;4.5;7.0;2.04;6.9;345;128;14.82;14.41;0.972;0;1;0;0;0;0;0;0;0;1;0;390;;164;61;0;92
80.6;1870;36;36;12;4.22;72;0;26;44;0;69;15;0.52;1.0;1.0;0;0;192;0;44;4.5;7.0;2.05;6.6;345;128;14.82;14.41;0.972;0;1;0;0;0;0;0;0;0;1;0;393;;163;61;0;92
80.8;1998;36;36;12;4.22;72;0;24;46;0;69;16;0.52;1.0;1.0;0;0;192;0;46;4.5;7.0;2.05;7.0;345;128;14.82;14.41;0.972;0;1;0;0;0;0;0;0;0;1;0;394;;163;61;0;91
81.2;1639;20;20;0;2.76;73;0;44;20;0;54;7;0.38;1.0;1.0;0;0;192;0;26;2.5;0.0;1.47;3.8;345;128;14.7;14.41;0.98;0;1;0;0;0;1;0;0;0;1;0;280;;162;61;0;82
81.61;1268;22;22;0;2.98;71;0;61;20;0;59;6;0.4;1.0;1.0;0;0;192;0;9;2.75;0.0;1.55;3.1;345;128;14.7;20.02;1.362;0;1;0;0;0;1;0;0;0;1;0;318;;165;61;0;41
82.0;1434;20;20;0;2.8;70;0;60;20;0;55;7;0.38;1.0;1.0;0;0;192;0;10;2.5;0.0;1.47;3.3;345;128;14.7;20.02;1.362;0;1;0;0;0;1;0;0;0;1;0;287;;166;61;0;82
82.4;1165;24;24;0;3.12;70;0;62;20;0;60;6;0.4;1.0;1.0;0;0;192;0;8;3.0;0.0;1.6;3.0;345;128;14.7;20.02;1.362;0;1;0;0;0;1;0;0;0;1;0;326;;166;61;0;73
82.8;1434;23;23;0;3.03;71;0;53;20;0;57;7;0.4;1.0;1.0;0;0;192;0;17;2.88;0.0;1.57;3.6;345;128;14.7;18.11;1.232;0;1;0;0;0;1;0;0;0;1;0;305;;165;61;0;84
83.2;1281;24;24;0;3.12;70;0;62;20;0;60;7;0.41;1.0;1.0;0;0;192;0;8;3.0;0.0;1.6;3.3;345;128;14.7;18.11;1.232;0;1;0;0;0;1;0;0;0;1;0;321;;166;61;0;85
83.62;1434;28;28;0;3.55;70;0;54;20;0;62;9;0.45;1.0;1.0;0;0;192;0;16;3.5;0.0;1.77;4.2;345;128;14.7;16.71;1.137;0;1;0;0;0;1;0;0;0;1;0;338;;166;61;0;86
84.02;1396;22;22;0;2.97;70;0;59;20;0;59;7;0.41;1.0;1.0;0;0;192;0;11;2.75;0.0;1.54;3.5;345;128;14.7;16.71;1.137;0;1;0;0;0;1;0;0;0;1;0;316;;166;61;0;85
84.41;1396;37;37;6;4.35;72;0;35;35;0;70;10;0.52;1.0;1.0;0;0;192;0;35;4.62;3.5;2.1;5.1;345;128;14.7;16.71;1.137;0;1;0;0;0;0;0;0;0;1;0;397;;163;61;0;98
84.82;1819;37;37;6;4.3;70;0;28;42;0;69;14;0.53;1.0;1.0;0;0;192;0;42;4.62;3.5;2.07;6.5;345;128;14.7;14.41;0.98;0;1;0;0;0;0;0;0;0;1;0;392;;166;61;0;99
85.22;1780;36;36;6;4.28;71;0;27;43;0;69;14;0.53;1.0;1.0;0;0;192;0;43;4.5;3.5;2.07;6.3;345;128;14.7;14.41;0.98;0;1;0;0;0;0;0;0;0;1;0;395;;164;61;0;42
85.62;1767;36;36;6;4.25;72;0;26;44;0;69;14;0.53;1.0;1.0;0;0;192;0;44;4.5;3.5;2.06;6.3;345;128;14.7;14.41;0.98;0;1;0;0;0;0;0;0;0;1;0;389;;163;61;0;91
86.01;1755;40;40;17;4.65;72;0;28;42;0;72;16;0.56;1.0;1.0;0;0;192;0;42;5.0;9.9;2.22;6.8;345;128;14.7;14.41;0.98;0;1;0;0;0;0;0;0;0;1;0;419;;163;61;0;101
86.42;2254;66;66;26;7.33;73;0;40;30;0;91;32;0.7;1.0;1.0;0;0;192;0;30;8.25;15.1;3.3;13.8;345;128;14.04;14.41;1.026;0;1;0;0;0;0;0;0;0;1;0;562;;162;61;0;148
86.83;2280;64;64;27;7.0;74;0;37;33;0;92;33;0.7;1.0;1.0;0;0;192;0;33;8.0;15.7;3.17;13.3;345;128;14.82;13.41;0.905;0;1;0;0;0;0;0;0;0;1;0;569;;160;61;0;141
87.04;2318;63;63;27;6.87;74;0;36;34;0;92;33;0.69;1.0;1.0;0;0;192;0;34;7.88;15.7;3.12;13.3;345;128;14.82;13.41;0.905;0;1;0;0;0;0;0;0;0;1;0;571;;160;61;0;75
87.44;2305;61;61;27;6.7;74;0;35;35;0;91;32;0.68;1.0;1.0;0;0;192;0;35;7.62;15.7;3.05;12.9;345;128;14.82;14.41;0.972;0;1;0;0;0;0;0;0;0;1;0;560;;160;61;0;148
87.83;2139;33;33;2;4.02;74;0;23;47;0;68;16;0.5;1.0;1.0;0;0;192;0;47;4.12;1.2;1.98;7.2;345;128;14.82;14.41;0.972;0;1;0;0;0;0;0;0;0;1;0;383;;161;61;0;90
88.23;1588;18;18;0;2.62;72;0;54;20;0;54;6;0.37;1.0;1.0;0;0;192;0;16;2.25;0.0;1.41;3.5;345;128;14.7;14.41;0.98;0;1;0;0;0;1;0;0;0;1;0;277;;163;61;0;81
88.63;1217;22;22;0;2.96;73;0;63;20;0;58;6;0.38;1.0;1.0;0;0;192;0;7;2.75;0.0;1.55;3.0;345;128;14.7;14.41;0.98;0;1;0;0;0;1;0;0;0;1;0;315;;162;61;0;71
89.03;1447;18;18;0;2.65;72;0;64;20;0;54;6;0.35;1.0;1.0;0;0;192;0;6;2.25;0.0;1.42;3.2;345;128;14.7;14.41;0.98;0;1;0;0;0;1;0;0;0;1;0;282;;163;61;0;82
89.44;1165;21;21;0;2.91;71;0;66;20;0;59;5;0.38;1.0;1.0;0;0;192;0;4;2.62;0.0;1.52;2.8;345;128;14.7;24.22;1.648;0;1;0;0;0;1;0;0;0;1;0;317;;165;61;0;85
89.83;1396;20;20;0;2.75;72;0;57;20;0;55;6;0.37;1.0;1.0;0;0;192;0;13;2.5;0.0;1.46;3.2;345;128;14.7;24.22;1.648;0;1;0;0;0;1;0;0;0;1;0;289;;165;61;0;82
90.23;1434;18;18;0;2.6;70;0;52;20;0;54;6;0.35;1.0;1.0;0;0;192;0;18;2.25;0.0;1.39;3.1;345;128;14.7;24.22;1.648;0;1;0;0;0;1;0;0;0;1;0;276;;166;61;0;81
90.64;1217;20;20;0;2.82;72;0;56;20;0;57;5;0.37;1.0;1.0;0;0;192;0;14;2.5;0.0;1.49;2.9;345;128;14.7;14.62;0.995;0;1;0;0;0;1;0;0;0;1;0;301;;163;61;0;83
91.04;1383;20;20;0;2.73;71;0;50;20;0;55;6;0.37;1.0;1.0;0;0;192;0;20;2.5;0.0;1.45;3.1;345;128;14.7;14.62;0.995;0;1;0;0;0;1;0;0;0;1;0;286;;165;61;0;82
91.45;1281;16;16;0;2.43;71;0;50;20;0;53;5;0.32;1.0;1.0;0;0;192;0;20;2.0;0.0;1.33;2.6;345;128;14.7;13.21;0.899;0;1;0;0;0;1;0;0;0;1;0;275;;165;61;0;81
91.85;922;19;19;0;2.7;70;0;50;20;0;58;4;0.34;1.0;1.0;0;0;192;0;20;2.38;0.0;1.43;2.1;345;128;14.7;13.21;0.899;0;1;0;0;0;1;0;0;0;1;0;313;;166;61;0;84
92.26;986;22;22;0;2.98;73;0;50;20;0;60;4;0.38;1.0;1.0;0;0;192;0;20;2.75;0.0;1.56;2.4;345;128;14.7;13.21;0.899;0;1;0;0;0;1;0;0;0;1;0;321;;162;61;0;85
92.65;999;20;20;0;2.83;71;0;50;20;0;58;4;0.36;1.0;1.0;0;0;192;0;20;2.5;0.0;1.49;2.4;345;128;14.7;14.81;1.007;0;1;0;0;0;1;0;0;0;1;0;313;;165;61;0;40
92.86;999;21;21;0;2.83;71;0;50;20;0;58;4;0.36;1.0;1.0;0;0;192;0;20;2.62;0.0;1.49;2.4;345;128;14.7;14.81;1.007;0;1;0;0;0;1;0;0;0;1;0;309;;165;61;0;77
93.26;935;19;19;0;2.68;71;0;50;20;0;58;4;0.34;1.0;1.0;0;0;192;0;20;2.38;0.0;1.43;2.1;345;128;14.7;14.81;1.007;0;1;0;0;0;1;0;0;0;1;0;308;;165;61;0;84
93.65;1089;34;34;3;4.03;71;0;40;30;0;69;7;0.48;1.0;1.0;0;0;192;0;30;4.25;1.7;1.97;3.7;345;128;14.7;13.71;0.933;0;1;0;0;0;0;0;0;0;1;0;388;;164;61;0;91
94.06;1306;36;36;3;4.25;70;0;34;35;0;71;10;0.52;1.0;1.0;0;0;192;0;36;4.5;1.7;2.05;4.6;345;128;14.7;13.71;0.933;0;1;0;0;0;0;0;0;0;1;0;408;;166;61;0;42
94.48;1345;36;36;4;4.2;70;0;33;37;0;71;11;0.52;1.0;1.0;0;0;192;0;37;4.5;2.3;2.03;4.7;345;128;14.7;15.01;1.021;0;1;0;0;0;0;0;0;0;1;0;405;;166;61;0;101
94.87;1229;27;27;1;3.41;71;0;42;20;0;62;7;0.45;1.0;1.0;0;0;192;0;28;3.38;0.6;1.72;3.5;345;128;14.7;15.01;1.021;0;1;0;0;0;1;0;0;0;1;0;341;;165;61;0;41
95.27;1345;35;35;0;4.18;73;0;38;20;0;68;10;0.51;1.0;1.0;0;0;192;0;32;4.38;0.0;2.04;4.7;345;128;14.7;15.01;1.021;0;1;0;0;0;1;0;0;0;1;0;382;;163;61;0;41
95.68;1063;22;22;0;2.96;71;0;50;20;0;60;5;0.38;1.0;1.0;0;0;192;0;20;2.75;0.0;1.54;2.6;345;128;14.7;12.41;0.844;0;1;0;0;0;1;0;0;0;1;0;324;;164;61;0;85
96.08;1037;23;23;0;3.06;73;0;50;20;0;61;5;0.39;1.0;1.0;0;0;192;0;20;2.88;0.0;1.59;2.6;345;128;14.7;12.41;0.844;0;1;0;0;0;1;0;0;0;1;0;330;;162;61;0;86
96.48;1012;22;22;0;2.96;71;0;50;20;0;60;5;0.38;1.0;1.0;0;0;192;0;20;2.75;0.0;1.54;2.5;345;128;14.7;14.81;1.007;0;1;0;0;0;1;0;0;0;1;0;327;;164;61;0;85
96.88;986;22;22;0;2.95;72;0;50;20;0;60;5;0.38;1.0;1.0;0;0;192;0;20;2.75;0.0;1.54;2.4;345;128;14.7;14.81;1.007;0;1;0;0;0;1;0;0;0;1;0;322;;163;61;0;85
97.27;1037;25;25;0;3.23;71;0;50;20;0;62;5;0.41;1.0;1.0;0;0;192;0;20;3.12;0.0;1.65;2.8;345;128;14.7;14.81;1.007;0;1;0;0;0;1;0;0;0;1;0;338;;164;61;0;76
97.68;1114;28;28;1;3.56;71;0;50;20;0;64;6;0.45;1.0;1.0;0;0;192;0;20;3.5;0.6;1.78;3.3;345;128;14.7;14.51;0.987;0;1;0;0;0;1;0;0;0;1;0;358;;165;61;0;89
98.08;1332;37;37;3;4.36;71;0;35;34;0;71;10;0.52;1.0;1.0;0;0;192;0;35;4.62;1.7;2.1;4.8;345;128;14.7;14.51;0.987;0;1;0;0;0;0;0;0;0;1;0;409;;165;61;0;100
98.48;1370;41;41;7;4.73;71;0;35;34;0;75;13;0.55;1.0;1.0;0;0;192;0;35;5.12;4.1;2.25;5.4;345;128;14.7;14.61;0.994;0;1;0;0;0;0;0;0;0;1;0;438;;165;61;0;104
98.88;1447;31;31;1;3.81;71;0;29;41;0;65;10;0.49;1.0;1.0;0;0;192;0;41;3.88;0.6;1.88;4.6;345;128;14.7;14.61;0.994;0;1;0;0;0;0;0;0;0;1;0;364;;165;61;0;89
99.28;1050;22;22;0;2.96;71;0;49;20;0;60;5;0.38;1.0;1.0;0;0;192;0;21;2.75;0.0;1.54;2.6;345;128;14.7;14.61;0.994;0;1;0;0;0;1;0;0;0;1;0;323;;165;61;0;85
99.49;1012;24;24;0;3.15;72;0;50;20;0;61;5;0.38;1.0;1.0;0;0;192;0;20;3.0;0.0;1.62;2.7;345;128;14.47;12.91;0.892;0;1;0;0;0;1;0;0;0;1;0;335;;163;61;0;86
99.88;1050;25;25;0;3.26;71;0;50;20;0;62;6;0.41;1.0;1.0;0;0;192;0;20;3.12;0.0;1.66;2.9;345;128;14.7;12.91;0.878;0;1;0;0;0;1;0;0;0;1;0;338;;165;61;0;86
100.28;1268;44;44;6;5.01;71;0;38;31;0;77;12;0.57;1.0;1.0;0;0;192;0;32;5.5;3.5;2.36;5.3;345;128;14.7;12.91;0.878;0;1;0;0;0;0;0;0;0;1;0;448;;164;61;0;102
100.7;1396;26;26;0;3.35;70;0;40;20;0;62;8;0.45;1.0;1.0;0;0;194;0;30;3.25;0.0;1.69;3.9;345;128;14.7;14.01;0.953;0;1;0;0;0;1;0;0;0;1;0;337;;166;61;0;86
101.08;1037;23;23;0;3.01;71;0;50;20;0;61;5;0.39;1.0;1.0;0;0;194;0;20;2.88;0.0;1.56;2.6;345;128;14.7;14.01;0.953;0;1;0;0;0;1;0;0;0;1;0;330;;164;60;0;85
101.5;986;23;23;0;3.11;71;0;50;20;0;61;5;0.38;1.0;1.0;0;0;194;0;20;2.88;0.0;1.6;2.6;345;128;14.47;13.51;0.934;0;1;0;0;0;1;0;0;0;1;0;335;;164;60;0;41
101.9;1012;24;24;0;3.18;71;0;50;20;0;62;5;0.4;1.0;1.0;0;0;194;0;20;3.0;0.0;1.63;2.7;345;128;14.47;13.51;0.934;0;1;0;0;0;1;0;0;0;1;0;339;;164;60;0;86
102.3;922;22;22;0;3.01;71;0;50;20;0;61;4;0.38;1.0;1.0;0;0;194;0;20;2.75;0.0;1.56;2.3;345;128;14.7;13.51;0.919;0;1;0;0;0;1;0;0;0;1;0;335;;165;60;0;86
102.7;922;24;24;0;3.16;71;0;50;20;0;62;5;0.39;1.0;1.0;0;0;194;0;20;3.0;0.0;1.62;2.4;345;128;14.47;14.11;0.975;0;1;0;0;0;1;0;0;0;1;0;341;;165;60;0;86
103.11;935;24;24;0;3.13;71;0;50;20;0;62;5;0.39;1.0;1.0;0;0;194;0;20;3.0;0.0;1.61;2.4;345;128;14.47;14.11;0.975;0;1;0;0;0;1;0;0;0;1;0;343;;165;60;0;86
103.5;1050;21;21;0;2.86;71;0;50;20;0;58;5;0.36;1.0;1.0;0;0;194;0;20;2.62;0.0;1.5;2.5;345;128;14.7;12.91;0.878;0;1;0;0;0;1;0;0;0;1;0;315;;165;60;0;84
103.9;973;20;20;0;2.75;72;0;50;20;0;57;4;0.34;1.0;1.0;0;0;194;0;20;2.5;0.0;1.46;2.2;345;128;14.7;12.91;0.878;0;1;0;0;0;1;0;0;0;1;0;307;;163;60;0;84
104.31;896;20;20;0;2.73;71;0;50;20;0;58;4;0.34;1.0;1.0;0;0;194;0;20;2.5;0.0;1.45;2.0;345;128;14.7;12.91;0.878;0;1;0;0;0;1;0;0;0;1;0;315;;165;60;0;84
104.71;820;20;20;0;2.78;71;0;50;20;0;59;3;0.34;1.0;1.0;0;0;194;0;20;2.5;0.0;1.47;1.9;345;128;14.7;13.41;0.912;0;1;0;0;0;1;0;0;0;1;0;319;;164;60;0;52
105.11;807;22;22;0;2.96;71;0;50;20;0;61;4;0.37;1.0;1.0;0;0;194;0;20;2.75;0.0;1.54;2.0;345;128;14.7;13.41;0.912;0;1;0;0;0;1;0;0;0;1;0;333;;164;60;0;86
105.31;884;26;26;0;3.33;71;0;50;20;0;64;5;0.41;1.0;1.0;0;0;194;0;20;3.25;0.0;1.69;2.5;345;128;14.47;13.41;0.927;0;1;0;0;0;1;0;0;0;1;0;356;;165;60;0;89
105.72;948;30;30;1;3.67;70;0;50;20;0;68;6;0.45;1.0;1.0;0;0;194;0;20;3.75;0.6;1.82;2.9;345;128;14.47;15.22;1.052;0;1;0;0;0;1;0;0;0;1;0;386;;166;60;0;91
106.12;1063;29;29;1;3.56;69;0;50;20;0;66;7;0.45;1.0;1.0;0;0;194;0;20;3.62;0.6;1.77;3.2;345;128;14.7;15.22;1.035;0;1;0;0;0;1;0;0;0;1;0;370;;166;60;0;41
106.52;884;19;19;0;2.67;70;0;50;20;0;58;4;0.34;1.0;1.0;0;0;194;0;20;2.38;0.0;1.42;2.0;345;128;14.7;14.21;0.967;0;1;0;0;0;1;0;0;0;1;0;312;;166;60;0;84
106.93;756;21;21;0;2.83;71;0;50;20;0;60;3;0.36;1.0;1.0;0;0;194;0;20;2.62;0.0;1.49;1.8;345;128;14.7;14.21;0.967;0;1;0;0;0;1;0;0;0;1;0;325;;165;60;0;85
107.33;730;21;21;0;2.91;71;0;50;20;0;61;3;0.37;1.0;1.0;0;0;194;0;20;2.62;0.0;1.52;1.8;345;128;14.7;14.21;0.967;0;1;0;0;0;1;0;0;0;1;0;328;;165;60;0;73
107.73;756;21;21;0;2.93;73;0;50;20;0;61;3;0.37;1.0;1.0;0;0;194;0;20;2.62;0.0;1.54;1.8;345;128;14.7;12.71;0.865;0;1;0;0;0;1;0;0;0;1;0;331;;162;60;0;86
108.13;730;23;23;0;3.06;71;0;50;20;0;62;3;0.38;1.0;1.0;0;0;194;0;20;2.88;0.0;1.58;1.9;345;128;14.47;12.71;0.878;0;1;0;0;0;1;0;0;0;1;0;337;;164;60;0;86
108.53;704;24;24;0;3.2;74;0;50;20;0;63;3;0.4;1.0;1.0;0;0;194;0;20;3.0;0.0;1.65;1.9;345;128;14.47;14.41;0.996;0;1;0;0;0;1;0;0;0;1;0;346;;161;60;0;88
108.93;679;24;24;0;3.16;73;0;50;20;0;63;3;0.4;1.0;1.0;0;0;194;0;20;3.0;0.0;1.63;1.8;345;128;14.47;14.41;0.996;0;1;0;0;0;1;0;0;0;1;0;345;;162;60;0;89
109.34;679;25;25;0;3.35;74;0;50;20;0;64;4;0.41;1.0;1.0;0;0;194;0;20;3.12;0.0;1.71;1.9;345;128;14.47;14.41;0.996;0;1;0;0;0;1;0;0;0;1;0;354;;161;60;0;70
109.73;730;26;26;0;3.36;73;0;50;20;0;64;4;0.41;1.0;1.0;0;0;194;0;20;3.25;0.0;1.71;2.0;345;128;14.47;13.11;0.906;0;1;0;0;0;1;0;0;0;1;0;357;;162;60;0;89
110.14;704;26;26;0;3.37;74;0;50;20;0;64;4;0.41;1.0;1.0;0;0;194;0;20;3.25;0.0;1.72;2.0;345;128;14.47;13.11;0.906;0;1;0;0;0;1;0;0;0;1;0;355;;161;60;0;89
110.53;717;25;25;0;3.31;73;0;50;20;0;64;4;0.41;1.0;1.0;0;0;194;0;20;3.12;0.0;1.69;2.0;345;128;14.47;14.11;0.975;0;1;0;0;0;1;0;0;0;1;0;354;;162;60;0;90
110.94;768;30;30;0;3.68;71;0;50;20;0;69;5;0.44;1.0;1.0;0;0;194;0;20;3.75;0.0;1.83;2.4;345;128;14.47;14.11;0.975;0;1;0;0;0;1;0;0;0;1;0;389;;165;60;0;91
111.35;1089;43;43;6;4.95;72;0;42;28;0;79;10;0.55;1.0;1.0;0;0;194;0;28;5.38;3.5;2.34;4.5;345;128;14.7;14.11;0.96;0;1;0;0;0;0;0;0;0;1;0;465;;163;60;0;106
111.54;1511;45;45;6;5.07;70;0;35;35;0;76;15;0.58;1.0;1.0;0;0;194;0;35;5.62;3.5;2.38;6.4;345;128;14.7;14.81;1.007;0;1;0;0;0;0;0;0;0;1;0;444;;166;60;0;105
111.95;1537;54;54;16;5.93;71;0;39;31;0;84;18;0.65;1.0;1.0;0;0;194;0;31;6.75;9.3;2.73;7.6;345;128;14.7;14.81;1.007;0;1;0;0;0;0;0;0;0;1;0;507;;164;60;0;109
112.36;1883;60;60;19;6.66;71;0;37;33;0;87;26;0.7;1.0;1.0;0;0;194;0;33;7.5;11.0;3.02;10.5;345;128;14.82;14.81;0.999;0;1;0;0;0;0;0;0;0;1;0;525;;164;60;0;114
112.76;1972;63;63;21;6.98;73;0;39;31;0;89;29;0.71;1.0;1.0;0;0;194;0;31;7.88;12.2;3.16;11.5;345;128;14.04;13.81;0.984;0;1;0;0;0;0;0;0;0;1;0;541;;162;60;0;147
113.16;2100;67;67;23;7.5;74;0;41;29;0;91;32;0.73;1.0;1.0;0;0;194;0;29;8.38;13.4;3.37;13.1;345;128;14.04;13.81;0.984;0;1;0;0;0;0;0;0;0;1;0;560;;161;60;0;148
113.56;2100;67;67;26;7.48;75;0;41;29;0;92;33;0.74;1.0;1.0;0;0;194;0;29;8.38;15.1;3.37;13.1;345;128;14.04;12.71;0.905;0;1;0;0;0;0;0;0;0;1;0;570;;159;60;0;149
113.97;2869;55;55;26;6.12;76;0;30;40;0;87;35;0.62;1.0;1.0;0;0;194;0;40;6.88;15.1;2.83;14.6;345;128;14.59;12.71;0.871;0;1;0;0;0;0;0;0;0;1;0;525;;158;60;0;42
114.37;2946;52;52;26;5.78;75;0;30;40;0;85;35;0.62;1.0;1.0;0;0;194;0;40;6.5;15.1;2.69;14.2;345;128;14.7;12.71;0.865;0;1;0;0;0;0;0;0;0;1;0;509;;159;60;0;109
114.76;2485;55;55;26;6.02;76;0;30;40;0;89;32;0.62;1.0;1.0;0;0;194;0;40;6.88;15.1;2.79;12.5;345;128;14.82;15.92;1.074;0;1;0;0;0;0;0;0;0;1;0;546;;158;60;0;146
115.17;2305;61;61;26;6.62;74;0;33;37;0;91;32;0.68;1.0;1.0;0;0;194;0;37;7.62;15.1;3.02;12.7;345;128;14.82;15.92;1.074;0;1;0;0;0;0;0;0;0;1;0;562;;161;60;0;141
115.57;2382;59;59;26;6.4;74;0;32;38;0;91;32;0.66;1.0;1.0;0;0;194;0;38;7.38;15.1;2.93;12.7;345;128;14.82;15.52;1.047;0;1;0;0;0;0;0;0;0;1;0;556;;161;60;0;50
115.97;2549;59;59;27;6.38;75;0;32;38;0;91;34;0.64;1.0;1.0;0;0;194;0;38;7.38;15.7;2.93;13.6;345;128;14.82;15.52;1.047;0;1;0;0;0;0;0;0;0;1;0;563;;159;60;0;148
116.36;2651;61;61;30;6.62;76;0;34;37;0;94;36;0.65;1.0;1.0;0;0;194;0;36;7.62;17.4;3.03;14.6;345;128;14.82;15.52;1.047;0;1;0;0;0;0;0;0;0;1;0;576;;158;60;0;149
116.78;2741;57;57;30;6.31;75;0;31;39;0;90;35;0.63;1.0;1.0;0;0;194;0;39;7.12;17.4;2.9;14.4;345;128;14.59;15.51;1.063;0;1;0;0;0;0;0;0;0;1;0;552;;158;60;0;86
117.17;2689;35;35;12;4.15;74;0;21;49;0;70;21;0.51;1.0;1.0;0;0;194;0;49;4.38;7.0;2.03;9.3;345;128;14.93;15.51;1.039;0;1;0;0;0;0;0;0;0;1;0;399;;160;60;0;100
117.39;2472;27;27;9;3.4;74;0;20;50;0;60;15;0.46;1.0;1.0;0;0;194;0;50;3.38;5.2;1.73;7.0;345;128;14.82;15.51;1.047;0;1;0;0;0;0;0;0;0;1;0;322;;161;60;1;41
117.79;1819;29;29;8;3.66;73;0;28;42;0;63;12;0.47;1.0;1.0;0;0;194;0;42;3.62;4.7;1.83;5.5;345;128;14.7;16.12;1.097;0;1;0;0;0;0;0;0;0;1;0;351;;162;60;1;88
118.18;1550;20;20;0;2.75;72;0;50;20;0;55;7;0.38;1.0;1.0;0;0;194;0;20;2.5;0.0;1.46;3.6;345;128;14.7;16.12;1.097;0;1;0;0;0;1;0;0;0;1;0;287;;163;60;1;82
118.58;1345;24;24;0;3.13;73;0;55;20;0;59;6;0.41;1.0;1.0;0;0;194;0;15;3.0;0.0;1.62;3.5;345;128;14.7;19.21;1.307;0;1;0;0;0;1;0;0;0;1;0;317;;162;60;1;84
118.97;1486;19;19;0;2.71;71;0;52;20;0;54;6;0.36;1.0;1.0;0;0;194;0;18;2.38;0.0;1.44;3.4;345;128;14.7;19.21;1.307;0;1;0;0;0;1;0;0;0;1;0;282;;165;60;1;82
119.38;1178;21;21;0;2.9;72;0;54;20;0;58;5;0.38;1.0;1.0;0;0;194;0;16;2.62;0.0;1.52;2.8;345;128;14.7;19.21;1.307;0;1;0;0;0;1;0;0;0;1;0;310;;163;60;1;84
119.8;1383;21;21;0;2.88;71;0;50;20;0;56;6;0.38;1.0;1.0;0;0;194;0;20;2.62;0.0;1.51;3.3;345;128;14.7;16.71;1.137;0;1;0;0;0;1;0;0;0;1;0;295;;165;60;1;82
120.2;1332;22;22;0;2.93;71;0;56;20;0;57;7;0.38;1.0;1.0;0;0;194;0;14;2.75;0.0;1.53;3.3;345;128;14.7;16.71;1.137;0;1;0;0;0;1;0;0;0;1;0;307;;165;60;1;84
120.59;1383;56;56;12;6.07;70;0;41;27;0;85;17;0.64;1.0;1.0;0;0;194;0;29;7.0;7.0;2.78;7.0;345;128;14.7;14.62;0.995;0;1;0;0;0;0;0;0;0;1;0;510;;166;60;1;110
120.99;1972;45;45;12;5.06;71;0;29;41;0;77;19;0.59;1.0;1.0;0;0;194;0;41;5.62;7.0;2.38;8.3;345;128;14.82;14.62;0.987;0;1;0;0;0;0;0;0;0;1;0;450;;165;60;1;43
121.41;1831;55;55;20;5.97;70;0;33;37;0;85;23;0.66;1.0;1.0;0;0;194;0;37;6.88;11.6;2.74;9.1;345;128;14.7;14.62;0.995;0;1;0;0;0;0;0;0;0;1;0;513;;166;60;1;113
121.8;2203;61;61;22;6.78;71;0;36;34;0;88;30;0.68;1.0;1.0;0;0;194;0;34;7.62;12.8;3.07;12.4;345;128;14.04;14.81;1.055;0;1;0;0;0;0;0;0;0;1;0;538;;164;60;1;147
122.19;2254;60;60;22;6.65;74;0;35;34;0;88;30;0.67;1.0;1.0;0;0;194;0;35;7.5;12.8;3.03;12.5;345;128;14.82;14.81;0.999;0;1;0;0;0;0;0;0;0;1;0;538;;161;60;1;114
122.59;2216;52;52;19;5.72;74;0;30;40;0;82;26;0.63;1.0;1.0;0;0;194;0;40;6.5;11.0;2.66;10.6;345;128;14.82;12.61;0.851;0;1;0;0;0;0;0;0;0;1;0;491;;161;60;1;114
123.01;2036;45;45;17;5.07;74;0;27;43;0;77;20;0.59;1.0;1.0;0;0;194;0;43;5.62;9.9;2.4;8.6;345;128;14.82;12.61;0.851;0;1;0;0;0;0;0;0;0;1;0;452;;161;60;1;105
123.41;1883;30;30;8;3.71;73;0;26;44;0;64;13;0.48;1.0;1.0;0;0;194;0;44;3.75;4.7;1.85;5.8;345;128;14.82;12.61;0.851;0;1;0;0;0;0;0;0;0;1;0;354;;162;60;1;89
123.62;1831;23;23;0;3.08;73;0;31;20;0;57;10;0.41;1.0;1.0;0;0;194;0;39;2.88;0.0;1.6;4.7;345;128;14.7;12.71;0.865;0;1;0;0;0;1;0;0;0;1;0;307;;162;60;1;84
124.01;1601;27;27;3;3.46;73;0;29;41;0;61;10;0.45;1.0;1.0;0;0;194;0;41;3.38;1.7;1.75;4.6;345;128;14.7;12.71;0.865;0;1;0;0;0;0;0;0;0;1;0;332;;162;60;1;86
124.42;1934;51;51;17;5.58;73;0;31;39;0;81;22;0.62;1.0;1.0;0;0;194;0;39;6.38;9.9;2.6;9.0;345;128;14.82;12.71;0.858;0;1;0;0;0;0;0;0;0;1;0;481;;162;60;1;107
124.81;1498;18;18;0;2.61;73;0;55;20;0;54;6;0.36;1.0;1.0;0;0;194;0;15;2.25;0.0;1.41;3.3;345;128;14.7;12.11;0.824;0;1;0;0;0;1;0;0;0;1;0;278;;162;60;1;81
125.21;1229;24;24;0;3.16;71;0;59;20;0;60;6;0.41;1.0;1.0;0;0;194;0;11;3.0;0.0;1.62;3.2;345;128;14.7;12.11;0.824;0;1;0;0;0;1;0;0;0;1;0;324;;164;60;1;85
125.62;2472;82;82;52;9.15;74;0;48;22;0;103;44;0.78;1.0;1.0;0;0;194;0;22;10.25;30.2;4.03;18.8;345;128;13.54;11.31;0.835;0;1;0;0;0;0;0;0;0;1;0;648;;161;60;1;73
126.02;2600;64;64;35;6.9;74;0;36;34;0;96;37;0.66;1.0;1.0;0;0;194;0;34;8.0;20.3;3.13;14.9;345;128;14.82;11.31;0.763;0;1;0;0;0;0;0;0;0;1;0;595;;160;60;1;146
126.42;2433;54;54;22;5.88;73;0;31;39;0;86;30;0.62;1.0;1.0;0;0;194;0;39;6.75;12.8;2.72;11.9;345;128;14.82;11.31;0.763;0;1;0;0;0;0;0;0;0;1;0;523;;162;60;1;105
126.82;2254;40;40;10;4.63;73;0;23;47;0;74;20;0.55;1.0;1.0;0;0;194;0;47;5.0;5.8;2.22;8.7;345;128;14.82;14.51;0.979;0;1;0;0;0;0;0;0;0;1;0;428;;162;60;1;42
127.22;2369;69;69;32;7.61;73;0;43;27;0;97;37;0.71;1.0;1.0;0;0;194;0;27;8.62;18.6;3.41;15.0;345;128;14.04;14.51;1.033;0;1;0;0;0;0;0;0;0;1;0;606;;162;60;1;150
127.62;2446;62;62;29;6.61;73;0;35;35;0;93;34;0.66;1.0;1.0;0;0;194;0;35;7.75;16.9;3.01;13.5;345;128;14.82;15.71;1.06;0;1;0;0;0;0;0;0;0;1;0;574;;162;60;1;149
128.02;2280;61;61;20;6.6;72;0;36;34;0;91;32;0.69;1.0;1.0;0;0;194;0;34;7.62;11.6;3.0;12.5;345;128;14.82;15.71;1.06;0;1;0;0;0;0;0;0;0;1;0;558;;162;60;1;148
128.44;1921;42;42;13;4.82;72;0;27;45;0;75;19;0.57;1.0;1.0;0;0;194;0;43;5.25;7.6;2.29;7.7;345;128;14.82;15.71;1.06;0;1;0;0;0;0;0;0;0;1;0;441;;163;60;2;103
128.83;1895;49;49;14;5.4;72;0;32;38;0;80;21;0.61;1.0;1.0;0;0;194;0;38;6.12;8.1;2.52;8.5;345;128;14.82;14.71;0.993;0;1;0;0;0;0;0;0;0;1;0;476;;163;60;1;107
129.23;1857;29;29;0;3.55;72;0;27;20;0;62;11;0.45;1.0;1.0;0;0;194;0;43;3.62;0.0;1.78;5.5;345;128;14.82;14.71;0.993;0;1;0;0;0;1;0;0;0;1;0;341;;163;60;2;41
129.45;1178;21;21;0;2.88;71;0;55;20;0;58;6;0.38;1.0;1.0;0;0;194;0;15;2.62;0.0;1.51;2.8;345;128;14.7;14.71;1.001;0;1;0;0;0;1;0;0;0;1;0;308;;164;60;2;84
129.84;1319;23;23;0;3.08;71;0;52;20;0;58;7;0.39;1.0;1.0;0;0;194;0;18;2.88;0.0;1.59;3.4;345;128;14.7;16.12;1.097;0;1;0;0;0;1;0;0;0;1;0;315;;165;60;1;84
130.23;1588;41;41;10;4.76;71;0;29;39;0;73;15;0.56;1.0;1.0;0;0;194;0;41;5.12;5.8;2.26;6.3;345;128;14.7;16.12;1.097;0;1;0;0;0;0;0;0;0;1;0;425;;164;60;2;102
130.63;2203;76;76;31;8.73;73;0;49;22;0;98;37;0.77;1.0;1.0;0;0;194;0;21;9.5;18.0;3.86;16.0;345;128;13.94;12.01;0.862;0;1;0;0;0;0;0;0;0;1;0;611;;162;60;2;150
131.05;2228;49;49;14;5.42;72;0;30;40;0;80;25;0.62;1.0;1.0;0;0;194;0;40;6.12;8.1;2.53;10.1;345;128;14.82;12.01;0.81;0;1;0;0;0;0;0;0;0;1;0;473;;163;60;2;107
131.44;1511;20;20;0;2.78;71;0;46;20;0;55;7;0.38;1.0;1.0;0;0;194;0;24;2.5;0.0;1.47;3.5;345;128;14.7;12.01;0.817;0;1;0;0;0;1;0;0;0;1;0;286;;165;60;2;82
131.84;1165;23;23;0;3.06;71;0;58;20;0;60;6;0.4;1.0;1.0;0;0;194;0;12;2.88;0.0;1.58;3.0;345;128;14.7;16.91;1.15;0;1;0;0;0;1;0;0;0;1;0;322;;165;60;2;85
132.24;1473;20;20;0;2.78;71;0;53;20;0;55;6;0.38;1.0;1.0;0;0;194;0;17;2.5;0.0;1.47;3.4;345;128;14.7;16.91;1.15;0;1;0;0;0;1;0;0;0;1;0;284;;165;60;2;82
132.66;1165;20;20;0;2.72;70;0;59;20;0;57;5;0.36;1.0;1.0;0;0;194;0;11;2.5;0.0;1.44;2.6;345;128;14.7;17.22;1.171;0;1;0;0;0;1;0;0;0;1;0;306;;166;60;2;84
133.06;1486;23;23;0;3.0;70;0;51;20;0;56;7;0.4;1.0;1.0;0;0;194;0;19;2.88;0.0;1.55;3.7;345;128;14.7;17.22;1.171;0;1;0;0;0;1;0;0;0;1;0;294;;166;60;1;83
133.46;1396;18;18;0;2.56;71;0;50;20;0;54;5;0.34;1.0;1.0;0;0;194;0;20;2.25;0.0;1.38;3.0;345;128;14.7;17.22;1.171;0;1;0;0;0;1;0;0;0;1;0;277;;166;60;2;77
133.87;1345;18;18;0;2.57;70;0;50;20;0;54;5;0.34;1.0;1.0;0;0;194;0;20;2.25;0.0;1.38;2.9;345;128;14.7;12.91;0.878;0;1;0;0;0;1;0;0;0;1;0;279;;166;60;2;81
134.27;1229;18;18;0;2.65;72;0;50;20;0;55;5;0.35;1.0;1.0;0;0;194;0;20;2.25;0.0;1.42;2.7;345;128;14.7;12.91;0.878;0;1;0;0;0;1;0;0;0;1;0;285;;163;60;2;82
134.66;1550;17;17;0;2.46;71;0;51;20;0;52;6;0.33;1.0;1.0;0;0;194;0;19;2.12;0.0;1.34;3.2;345;128;14.7;13.41;0.912;0;1;0;0;0;1;0;0;0;1;0;262;;164;60;2;77
135.06;1306;15;15;0;2.33;73;0;60;20;0;52;4;0.3;1.0;1.0;0;0;194;0;10;1.88;0.0;1.3;2.5;345;128;14.7;13.41;0.912;0;1;0;0;0;1;0;0;0;1;0;266;;162;60;2;77
135.47;1229;17;17;0;2.46;71;0;56;20;0;53;4;0.32;1.0;1.0;0;0;194;0;14;2.12;0.0;1.34;2.5;345;128;14.7;13.41;0.912;0;1;0;0;0;1;0;0;0;1;0;271;;165;60;1;70
135.66;1370;16;16;0;2.4;72;0;50;20;0;52;5;0.31;1.0;1.0;0;0;194;0;20;2.0;0.0;1.32;2.7;345;128;14.7;17.21;1.171;0;1;0;0;0;1;0;0;0;1;0;260;;163;60;1;77
136.07;1281;15;15;0;2.31;71;0;50;20;0;52;4;0.3;1.0;1.0;0;0;194;0;20;1.88;0.0;1.28;2.5;345;128;14.7;17.21;1.171;0;1;0;0;0;1;0;0;0;1;0;262;;164;60;2;77
136.47;1114;14;14;0;2.23;71;0;50;20;0;52;3;0.29;1.0;1.0;0;0;194;0;20;1.75;0.0;1.25;2.1;345;128;14.7;17.21;1.171;0;1;0;0;0;1;0;0;0;1;0;262;;165;60;2;77
136.87;1101;16;16;0;2.41;71;0;50;20;0;53;4;0.3;1.0;1.0;0;0;194;0;20;2.0;0.0;1.32;2.2;345;128;14.7;15.01;1.021;0;1;0;0;0;1;0;0;0;1;0;272;;164;60;1;40
137.26;973;16;16;0;2.38;71;0;50;20;0;54;3;0.3;1.0;1.0;0;0;194;0;20;2.0;0.0;1.31;1.9;345;128;14.7;15.01;1.021;0;1;0;0;0;1;0;0;0;1;0;277;;165;60;1;81
137.67;948;16;16;0;2.45;72;0;50;20;0;55;3;0.31;1.0;1.0;0;0;194;0;20;2.0;0.0;1.34;1.9;345;128;14.7;13.01;0.885;0;1;0;0;0;1;0;0;0;1;0;285;;163;60;1;82
138.07;896;23;23;12;3.11;71;0;46;23;0;63;4;0.39;1.0;1.0;0;0;194;0;24;2.88;7.0;1.6;2.3;345;128;14.47;13.01;0.899;0;1;0;0;0;0;0;0;0;1;0;350;;164;60;1;88
138.47;1780;43;43;10;4.93;71;0;31;40;0;75;17;0.58;1.0;1.0;0;0;194;0;39;5.38;5.8;2.33;7.3;345;128;14.7;13.01;0.885;0;1;0;0;0;0;0;0;0;1;0;441;;164;60;1;101
138.87;1588;41;41;11;4.76;71;0;31;39;0;74;14;0.57;1.0;1.0;0;0;194;0;39;5.12;6.4;2.26;6.3;345;128;14.7;12.52;0.852;0;1;0;0;0;0;0;0;0;1;0;429;;164;60;1;102
139.27;2049;70;70;23;7.75;72;0;44;26;0;92;30;0.75;1.0;1.0;0;0;194;0;26;8.75;13.4;3.46;13.2;345;128;13.94;12.52;0.898;0;1;0;0;0;0;0;0;0;1;0;566;;163;60;1;147
139.69;2267;76;76;37;8.6;76;0;47;23;0;99;39;0.76;1.0;1.0;0;0;194;0;23;9.5;21.5;3.82;16.2;345;128;14.04;13.01;0.927;0;1;0;0;0;0;0;0;0;1;0;623;;157;60;1;150
140.09;3086;67;67;40;7.37;76;0;37;33;0;97;44;0.67;1.0;1.0;0;0;194;0;33;8.38;23.3;3.33;19.0;345;128;14.15;13.01;0.919;0;1;0;0;0;0;0;0;0;1;0;606;;158;60;1;150
140.49;3624;64;64;40;7.12;76;0;36;34;0;93;53;0.69;1.0;1.0;0;0;194;0;34;8.0;23.3;3.23;21.5;345;128;14.15;13.01;0.919;0;1;0;0;0;0;0;0;0;1;0;575;;158;60;1;141
140.88;3368;68;68;40;7.62;76;0;38;32;0;97;52;0.71;1.0;1.0;0;0;194;0;32;8.5;23.3;3.43;21.4;345;128;14.15;13.41;0.948;0;1;0;0;0;0;0;0;0;1;0;600;;158;60;2;150
141.28;3099;69;69;40;7.63;75;0;37;33;0;101;48;0.69;1.0;1.0;0;0;194;0;33;8.62;23.3;3.43;19.7;345;128;13.94;13.41;0.962;0;1;0;0;0;0;0;0;0;1;0;635;;159;59;2;152
141.68;3304;79;79;61;8.87;76;0;48;22;0;109;59;0.72;1.0;1.0;0;0;194;0;22;9.88;35.5;3.93;24.4;345;128;13.63;13.41;0.984;0;1;0;0;0;0;0;0;0;1;0;694;;158;60;2;50
142.1;3471;80;80;61;9.1;76;0;48;23;-1;111;63;0.73;1.0;1.0;0;0;194;0;22;10.0;35.5;4.02;26.3;345;128;13.63;13.41;0.984;0;1;0;0;0;0;0;0;0;1;0;704;;158;60;2;141
142.29;3688;86;86;94;10;76;0;46;25;-1;116;71;0.73;1.0;1.0;0;0;194;0;24;10.75;54.7;4.38;30.7;345;128;13.63;13.41;0.984;0;1;0;0;0;0;0;0;0;1;0;744;;158;60;3;165
142.69;3881;87;87;93;11;76;0;44;27;-1;117;76;0.74;1.0;1.0;0;0;194;0;26;10.88;54.1;4.59;34.0;345;128;13.63;15.51;1.138;0;1;0;0;0;0;0;0;0;1;0;752;;158;59;4;165
143.1;4009;89;89;92;11;76;0;44;27;-1;119;81;0.75;1.0;1.0;0;0;194;0;26;11.12;53.5;4.79;36.8;345;128;11.61;15.51;1.336;0;1;0;0;0;0;0;0;0;1;0;765;;158;60;5;166
143.5;4188;90;90;90;11;76;0;44;27;-1;120;85;0.75;1.0;1.0;0;0;194;0;26;11.25;52.3;4.93;39.7;345;128;11.61;15.51;1.336;0;1;0;0;0;0;0;0;0;1;0;774;;157;60;6;166
143.89;4316;88;88;82;11;76;0;43;28;-1;120;87;0.73;1.0;1.0;0;0;194;0;27;11.0;47.7;4.84;40.1;345;128;12.46;11.81;0.948;0;1;0;0;0;0;0;0;0;1;0;772;;158;60;8;166
144.29;4585;86;86;76;11;76;0;42;29;-1;119;89;0.72;1.0;1.0;0;0;194;0;28;10.75;44.2;4.73;41.5;345;128;12.46;11.81;0.948;0;1;0;0;0;0;0;0;0;1;0;768;;158;60;10;165
144.71;4470;52;52;26;6.25;76;0;34;37;-1;85;54;0.62;1.0;1.0;0;0;194;0;36;6.5;15.1;2.88;23.3;345;128;13.94;11.31;0.811;0;1;0;0;0;0;0;0;0;1;0;511;;158;60;12;141
145.11;3535;14;14;1;2.2;74;0;34;25;0;47;11;0.3;1.0;1.0;0;0;194;0;36;1.75;0.6;1.25;6.5;345;128;14.7;11.31;0.769;0;1;0;0;0;1;0;0;0;1;0;229;;160;60;14;74
145.49;1780;16;16;0;2.42;74;0;67;20;0;52;7;0.34;1.0;1.0;0;0;194;0;3;2.0;0.0;1.34;3.6;345;128;14.7;11.31;0.769;0;1;0;0;0;1;0;0;0;1;0;263;;159;60;11;43
145.92;1985;35;35;6;4.17;72;0;26;44;0;68;15;0.51;1.0;1.0;0;0;194;0;44;4.38;3.5;2.03;6.9;345;128;14.82;11.31;0.763;0;1;0;0;0;0;0;0;0;1;0;383;;163;60;6;91
146.29;2024;40;41;19;4.67;74;0;24;46;0;74;19;0.56;1.0;1.0;0;0;194;0;46;5.0;11.0;2.24;7.9;345;128;14.82;11.31;0.763;0;1;0;0;0;0;0;0;0;1;0;432;;160;60;8;102
146.71;2254;56;56;22;6.1;76;0;31;39;0;86;29;0.66;1.0;1.0;0;0;194;0;39;7.0;12.8;2.82;11.5;345;128;14.82;11.51;0.777;0;1;0;0;0;0;0;0;0;1;0;520;;158;60;5;45
147.11;2638;81;81;50;9.42;76;0;49;21;0;106;49;0.77;1.0;1.0;0;0;194;0;21;10.12;29.1;4.15;20.7;345;128;13.54;11.51;0.85;0;1;0;0;0;0;0;0;0;1;0;671;;157;60;12;154
147.51;2318;31;31;1;3.82;76;0;21;49;0;66;17;0.48;1.0;1.0;0;0;194;0;49;3.88;0.6;1.91;7.4;345;128;14.82;11.51;0.777;0;1;0;0;0;0;0;0;0;1;0;370;;158;60;14;90
147.91;1729;14;14;0;2.17;72;0;55;20;0;49;5;0.29;1.0;1.0;0;0;194;0;15;1.75;0.0;1.23;3.1;345;128;14.7;10.71;0.729;0;1;0;0;0;1;0;0;0;1;0;245;;163;60;14;75
148.12;1486;15;15;0;2.37;74;0;70;20;0;51;5;0.3;1.0;1.0;0;0;194;0;0;1.88;0.0;1.32;2.9;345;128;14.7;10.71;0.729;0;1;0;0;0;1;0;0;0;1;0;258;;163;60;7;76
148.51;1486;16;16;0;2.36;71;0;70;20;0;52;5;0.32;1.0;1.0;0;0;194;0;0;2.0;0.0;1.3;2.9;345;128;14.7;10.71;0.729;0;1;0;0;0;1;0;0;0;1;0;260;;163;60;5;38
148.92;1537;16;16;0;2.45;72;0;70;20;0;52;5;0.33;1.0;1.0;0;0;194;0;0;2.0;0.0;1.34;3.1;345;128;14.7;10.71;0.729;0;1;0;0;0;1;0;0;0;1;0;264;;163;60;5;77
149.32;1537;16;16;1;2.41;69;0;70;20;0;52;5;0.33;1.0;1.0;0;0;194;0;0;2.0;0.6;1.31;3.1;345;128;14.7;10.71;0.729;0;1;0;0;0;1;0;0;0;1;0;266;;167;60;4;72
149.71;2305;55;55;20;5.98;71;0;33;37;0;83;27;0.62;1.0;1.0;0;0;194;0;37;6.88;11.6;2.75;11.5;345;128;14.82;16.41;1.107;0;1;0;0;0;0;0;0;0;1;0;502;;165;60;4;109
150.12;2152;34;34;12;4.03;71;0;23;47;0;68;16;0.5;1.0;1.0;0;0;194;0;47;4.25;7.0;1.97;7.2;345;128;14.82;16.41;1.107;0;1;0;0;0;0;0;0;0;1;0;386;;165;60;7;44
150.52;2036;38;38;12;4.38;71;0;24;46;0;72;17;0.54;1.0;1.0;0;0;194;0;46;4.75;7.0;2.11;7.4;345;128;14.82;16.41;1.107;0;1;0;0;0;0;0;0;0;1;0;412;;166;60;6;72
150.93;2049;44;44;21;4.98;71;0;25;45;0;77;21;0.59;1.0;1.0;0;0;194;0;45;5.5;12.2;2.35;8.5;345;128;14.82;14.72;0.993;0;1;0;0;0;0;0;0;0;1;0;449;;165;60;5;105
151.32;2497;75;75;41;8.32;74;0;45;25;0;101;43;0.75;1.0;1.0;0;0;194;0;25;9.38;23.8;3.7;17.3;345;128;14.04;14.72;1.048;0;1;0;0;0;0;0;0;0;1;0;633;;160;60;9;54
151.72;2305;38;38;14;4.45;72;0;23;47;0;73;20;0.53;1.0;1.0;0;0;194;0;47;4.75;8.1;2.14;8.5;345;128;14.93;14.21;0.952;0;1;0;0;0;0;0;0;0;1;0;422;;163;60;11;101
152.12;2164;30;30;6;3.63;71;0;23;47;0;64;14;0.47;1.0;1.0;0;0;194;0;47;3.75;3.5;1.81;6.5;345;128;14.82;14.21;0.959;0;1;0;0;0;0;0;0;0;1;0;355;;165;60;10;89
152.54;2024;22;22;5;2.96;71;0;28;43;0;56;10;0.4;1.0;1.0;0;0;194;0;42;2.75;2.9;1.54;5.0;345;128;14.82;14.21;0.959;0;1;0;0;0;0;0;0;0;1;0;299;;165;60;12;83
152.93;1703;15;15;0;2.26;71;0;54;20;0;50;5;0.3;1.0;1.0;0;0;194;0;16;1.88;0.0;1.26;3.2;345;128;14.7;11.91;0.81;0;1;0;0;0;1;0;0;0;1;0;248;;165;59;12;76
153.34;1537;17;17;0;2.52;72;0;69;20;0;53;6;0.34;1.0;1.0;0;0;194;0;1;2.12;0.0;1.37;3.2;345;128;14.7;11.91;0.81;0;1;0;0;0;1;0;0;0;1;0;271;;163;59;6;77
153.74;1319;17;17;0;2.43;69;0;70;20;0;53;5;0.32;1.0;1.0;0;0;194;0;0;2.12;0.0;1.32;2.7;345;128;14.7;11.91;0.81;0;1;0;0;0;1;0;0;0;1;0;274;;167;59;5;81
154.14;1370;41;41;13;4.7;70;0;35;35;0;74;12;0.55;1.0;1.0;0;0;194;0;35;5.12;7.6;2.23;5.4;345;128;14.7;11.91;0.81;0;1;0;0;0;0;0;0;0;1;0;435;;166;59;4;102
154.34;2254;52;52;20;5.71;71;0;30;40;0;82;26;0.62;1.0;1.0;0;0;194;0;40;6.5;11.6;2.64;10.7;345;128;14.82;11.91;0.804;0;1;0;0;0;0;0;0;0;1;0;494;;164;60;3;108
154.74;2280;53;53;20;5.81;71;0;30;40;0;83;27;0.63;1.0;1.0;0;0;194;0;40;6.62;11.6;2.68;11.0;345;128;14.82;14.71;0.993;0;1;0;0;0;0;0;0;0;1;0;502;;164;59;2;109
155.15;2203;53;53;20;5.82;74;0;31;39;0;83;27;0.64;1.0;1.0;0;0;194;0;39;6.62;11.6;2.7;10.7;345;128;14.82;14.71;0.993;0;1;0;0;0;0;0;0;0;1;0;501;;160;59;2;54
155.55;2088;30;30;2;3.72;74;0;24;46;0;64;15;0.47;1.0;1.0;0;0;194;0;46;3.75;1.2;1.86;6.5;345;128;14.82;14.71;0.993;0;1;0;0;0;0;0;0;0;1;0;359;;161;59;4;89
155.94;1652;15;15;0;2.27;72;0;51;20;0;50;5;0.3;1.0;1.0;0;0;194;0;19;1.88;0.0;1.27;3.1;345;128;14.7;10.61;0.722;0;1;0;0;0;1;0;0;0;1;0;249;;163;59;10;76
156.35;1370;16;16;0;2.45;72;0;68;20;0;53;5;0.33;1.0;1.0;0;0;194;0;2;2.0;0.0;1.34;2.8;345;128;14.7;10.61;0.722;0;1;0;0;0;1;0;0;0;1;0;275;;163;59;5;78
156.75;1345;16;16;0;2.37;72;0;60;20;0;52;5;0.31;1.0;1.0;0;0;194;0;10;2.0;0.0;1.31;2.7;345;128;14.7;18.02;1.226;0;1;0;0;0;1;0;0;0;1;0;262;;163;59;4;77
157.14;1486;15;15;0;2.31;71;0;51;20;0;51;5;0.3;1.0;1.0;0;0;194;0;19;1.88;0.0;1.28;2.9;345;128;14.7;18.02;1.226;0;1;0;0;0;1;0;0;0;1;0;254;;165;59;8;76
157.56;1396;13;13;0;2.1;72;0;54;20;0;49;4;0.27;1.0;1.0;0;0;194;0;16;1.62;0.0;1.2;2.4;345;128;14.7;18.02;1.226;0;1;0;0;0;1;0;0;0;1;0;246;;163;59;9;75
157.96;1306;16;16;0;2.41;71;0;54;20;0;53;4;0.32;1.0;1.0;0;0;194;0;16;2.0;0.0;1.32;2.6;345;128;14.7;13.72;0.933;0;1;0;0;0;1;0;0;0;1;0;268;;164;59;5;41
158.36;1281;14;14;0;2.2;72;0;50;20;0;50;4;0.28;1.0;1.0;0;0;194;0;20;1.75;0.0;1.24;2.3;345;128;14.7;13.72;0.933;0;1;0;0;0;1;0;0;0;1;0;250;;163;59;4;76
158.76;1383;14;14;0;2.18;71;0;50;20;0;50;4;0.29;1.0;1.0;0;0;194;0;20;1.75;0.0;1.23;2.5;345;128;14.7;13.31;0.905;0;1;0;0;0;1;0;0;0;1;0;249;;165;59;7;76
159.17;1281;13;13;0;2.15;72;0;50;20;0;49;3;0.27;1.0;1.0;0;0;194;0;20;1.62;0.0;1.22;2.3;345;128;14.7;13.31;0.905;0;1;0;0;0;1;0;0;0;1;0;246;;163;59;7;76
159.55;1140;15;15;0;2.28;71;0;50;20;0;52;3;0.3;1.0;1.0;0;0;194;0;20;1.88;0.0;1.27;2.2;345;128;14.7;13.31;0.905;0;1;0;0;0;1;0;0;0;1;0;262;;165;59;7;42
159.96;1562;14;14;0;2.18;71;0;50;20;0;49;4;0.28;1.0;1.0;0;0;194;0;20;1.75;0.0;1.23;2.8;345;128;14.7;13.51;0.919;0;1;0;0;0;1;0;0;0;1;0;241;;165;59;7;75
160.37;1806;12;12;0;2.06;73;0;60;20;0;47;5;0.27;1.0;1.0;0;0;194;0;10;1.5;0.0;1.19;3.1;345;128;14.7;13.51;0.919;0;1;0;0;0;1;0;0;0;1;0;226;;162;59;6;41
160.56;1729;12;12;0;2.07;72;0;70;20;0;48;4;0.27;1.0;1.0;0;0;194;0;0;1.5;0.0;1.19;3.0;345;128;14.7;13.51;0.919;0;1;0;0;0;1;0;0;0;1;0;232;;163;59;4;74
160.97;1639;12;12;0;2.06;71;0;70;20;0;48;4;0.27;1.0;1.0;0;0;194;0;0;1.5;0.0;1.18;2.8;345;128;14.7;13.51;0.919;0;1;0;0;0;1;0;0;0;1;0;234;;164;59;3;74
161.37;1703;20;20;7;2.73;71;0;46;33;0;54;7;0.38;1.0;1.0;0;0;194;0;24;2.5;4.1;1.45;3.9;345;128;14.7;13.51;0.919;0;1;0;0;0;0;0;0;0;1;0;283;;165;59;3;82
161.77;2036;37;37;12;4.31;71;0;24;46;0;71;17;0.53;1.0;1.0;0;0;195;0;46;4.62;7.0;2.08;7.3;345;128;14.82;16.72;1.128;0;1;0;0;0;0;0;0;0;1;0;405;;165;58;2;99
162.18;1755;45;45;13;5.11;69;0;31;39;0;77;18;0.59;1.0;1.0;0;0;195;0;39;5.62;7.6;2.39;7.5;345;128;14.7;16.72;1.137;0;1;0;0;0;0;0;0;0;1;0;455;;166;58;2;72
162.58;2088;78;78;31;9.15;74;0;48;22;0;98;37;0.8;1.0;1.0;0;0;195;0;22;9.75;18.0;4.03;15.9;345;128;13.07;16.72;1.279;0;1;0;0;0;0;0;0;0;1;0;609;;161;58;4;152
162.99;2305;64;64;27;7.0;74;0;38;32;0;92;33;0.69;1.0;1.0;0;0;195;0;32;8.0;15.7;3.17;13.4;345;128;14.82;13.11;0.885;0;1;0;0;0;0;0;0;0;1;0;566;;161;58;6;53
163.39;1652;22;22;3;3.01;73;0;31;39;0;56;8;0.42;1.0;1.0;0;0;195;0;39;2.75;1.7;1.57;4.1;345;128;14.7;13.11;0.892;0;1;0;0;0;0;0;0;0;1;0;297;;161;58;7;74
163.78;1434;21;21;3;2.9;72;0;34;36;0;56;7;0.39;1.0;1.0;0;0;195;0;36;2.62;1.7;1.52;3.5;345;128;14.7;10.31;0.701;0;1;0;0;0;0;0;0;0;1;0;292;;163;58;7;82
164.19;1306;15;15;0;2.32;72;0;55;20;0;52;4;0.3;1.0;1.0;0;0;195;0;15;1.88;0.0;1.29;2.5;345;128;14.7;10.31;0.701;0;1;0;0;0;1;0;0;0;1;0;263;;163;58;7;77
164.59;1255;16;16;0;2.47;74;0;50;20;0;53;4;0.32;1.0;1.0;0;0;195;0;20;2.0;0.0;1.36;2.6;345;128;14.7;10.31;0.701;0;1;0;0;0;1;0;0;0;1;0;270;;161;59;5;77
164.98;1165;15;15;0;2.31;71;0;50;20;0;52;4;0.3;1.0;1.0;0;0;195;0;20;1.88;0.0;1.28;2.2;345;128;14.7;13.81;0.939;0;1;0;0;0;1;0;0;0;1;0;262;;164;59;5;76
165.38;1101;15;15;0;2.32;74;0;50;20;0;52;3;0.29;1.0;1.0;0;0;195;0;20;1.88;0.0;1.3;2.1;345;128;14.7;13.81;0.939;0;1;0;0;0;1;0;0;0;1;0;262;;161;59;6;77
165.78;1012;14;14;0;2.23;71;0;50;20;0;52;3;0.28;1.0;1.0;0;0;195;0;20;1.75;0.0;1.25;1.9;345;128;14.7;13.21;0.899;0;1;0;0;0;1;0;0;0;1;0;267;;164;59;6;77
166.18;999;20;20;15;2.8;72;0;46;25;0;58;4;0.36;1.0;1.0;0;0;195;0;24;2.5;8.7;1.48;2.3;345;128;14.7;13.21;0.899;0;1;0;0;0;0;0;0;0;1;0;314;;163;59;5;84
166.61;1883;28;28;0;3.48;71;0;34;20;0;62;12;0.45;1.0;1.0;0;0;195;0;36;3.5;0.0;1.75;5.5;345;128;14.82;13.21;0.891;0;1;0;0;0;1;0;0;0;1;0;337;;164;59;6;86
166.8;1165;15;15;0;2.33;71;0;59;20;0;53;4;0.31;1.0;1.0;0;0;195;0;11;1.88;0.0;1.29;2.3;345;128;14.7;10.51;0.715;0;1;0;0;0;1;0;0;0;1;0;271;;164;59;6;77
167.2;1153;16;16;0;2.38;71;0;52;20;0;53;4;0.31;1.0;1.0;0;0;195;0;18;2.0;0.0;1.31;2.3;345;128;14.7;10.51;0.715;0;1;0;0;0;1;0;0;0;1;0;274;;165;59;3;77
167.6;1140;16;16;0;2.33;69;0;50;20;0;53;4;0.3;1.0;1.0;0;0;195;0;20;2.0;0.0;1.28;2.2;345;128;14.7;10.51;0.715;0;1;0;0;0;1;0;0;0;1;0;269;;167;59;5;77
168.0;1089;16;16;0;2.38;71;0;50;20;0;53;3;0.3;1.0;1.0;0;0;195;0;20;2.0;0.0;1.31;2.2;345;128;14.7;13.61;0.926;0;1;0;0;0;1;0;0;0;1;0;273;;165;59;5;77
168.4;935;16;16;0;2.38;71;0;50;20;0;54;3;0.3;1.0;1.0;0;0;195;0;20;2.0;0.0;1.31;1.9;345;128;14.7;13.61;0.926;0;1;0;0;0;1;0;0;0;1;0;279;;165;59;5;77
168.82;1101;16;16;0;2.38;70;0;50;20;0;53;3;0.3;1.0;1.0;0;0;195;0;20;2.0;0.0;1.3;2.2;345;128;14.7;13.81;0.939;0;1;0;0;0;1;0;0;0;1;0;275;;166;59;5;81
169.21;1063;16;16;0;2.35;70;0;50;20;0;53;3;0.3;1.0;1.0;0;0;195;0;20;2.0;0.0;1.29;2.1;345;128;14.7;13.81;0.939;0;1;0;0;0;1;0;0;0;1;0;271;;166;59;5;38
169.61;845;15;15;4;2.35;72;0;50;21;0;54;3;0.3;1.0;1.0;0;0;195;0;20;1.88;2.3;1.3;1.7;345;128;14.7;13.81;0.939;0;1;0;0;0;0;0;0;0;1;0;283;;163;59;5;82
170.01;2062;85;85;41;9.97;72;0;50;20;0;102;37;0.8;1.0;1.0;0;0;195;0;20;10.62;23.8;4.35;17.1;345;128;13.07;12.61;0.965;0;1;0;0;0;0;0;0;0;1;0;641;;163;59;4;114
170.4;2689;34;34;24;4.02;72;0;20;50;0;69;20;0.51;1.0;1.0;0;0;195;0;50;4.25;14.0;1.97;9.0;345;128;14.93;12.61;0.845;0;1;0;0;0;0;0;0;0;1;0;394;;163;59;5;91
170.8;2472;68;68;37;7.52;72;0;40;30;0;97;37;0.68;1.0;1.0;0;0;195;0;30;8.5;21.5;3.37;15.5;345;128;14.82;15.01;1.013;0;1;0;0;0;0;0;0;0;1;0;603;;163;59;2;150
171.23;2049;25;25;0;3.22;72;0;29;25;0;61;12;0.41;1.0;1.0;0;0;195;0;41;3.12;0.0;1.65;5.5;345;128;14.82;15.01;1.013;0;1;0;0;0;1;0;0;0;1;0;335;;163;59;4;86
171.61;1281;15;15;0;2.28;71;0;56;20;0;52;4;0.3;1.0;1.0;0;0;195;0;14;1.88;0.0;1.27;2.4;345;128;14.7;15.01;1.021;0;1;0;0;0;1;0;0;0;1;0;264;;164;59;5;77
172.03;2100;87;87;37;11;74;0;52;20;0;102;38;0.8;1.0;1.0;0;0;195;0;18;10.88;21.5;4.59;18.5;345;128;13.07;14.01;1.072;0;1;0;0;0;0;0;0;0;1;0;638;;161;58;3;153
172.43;2664;43;43;22;4.9;74;0;25;45;0;76;26;0.55;1.0;1.0;0;0;195;0;45;5.38;12.8;2.33;10.9;345;128;14.93;14.01;0.938;0;1;0;0;0;0;0;0;0;1;0;447;;160;59;5;105
172.82;1947;39;39;8;4.48;73;0;24;44;0;72;17;0.55;1.0;1.0;0;0;195;0;46;4.88;4.7;2.16;7.3;345;128;14.82;12.71;0.858;0;1;0;0;0;0;0;0;0;1;0;414;;162;58;3;101
173.03;1255;15;15;0;2.32;72;0;50;20;0;52;4;0.3;1.0;1.0;0;0;195;0;20;1.88;0.0;1.29;2.4;345;128;14.7;12.71;0.865;0;1;0;0;0;1;0;0;0;1;0;265;;163;58;5;77
173.43;1165;32;32;11;3.87;74;0;35;35;0;68;8;0.48;1.0;1.0;0;0;195;0;35;4.0;6.4;1.92;3.8;345;128;14.7;12.71;0.865;0;1;0;0;0;0;0;0;0;1;0;384;;161;58;4;91
173.82;1895;50;50;17;5.55;71;0;33;37;0;81;21;0.62;1.0;1.0;0;0;195;0;37;6.25;9.9;2.58;8.8;345;128;14.82;14.41;0.972;0;1;0;0;0;0;0;0;0;1;0;484;;164;59;2;107
174.24;1819;44;44;15;4.93;71;0;28;42;0;76;18;0.59;1.0;1.0;0;0;195;0;42;5.5;8.7;2.33;7.5;345;128;14.7;14.41;0.98;0;1;0;0;0;0;0;0;0;1;0;447;;164;59;2;105
174.64;1883;42;42;14;4.86;71;0;28;43;0;74;18;0.57;1.0;1.0;0;0;195;0;42;5.25;8.1;2.3;7.6;345;128;14.82;15.12;1.02;0;1;0;0;0;0;0;0;0;1;0;432;;164;59;2;102
175.03;1780;44;44;14;4.98;71;0;29;41;0;77;18;0.59;1.0;1.0;0;0;195;0;41;5.5;8.1;2.35;7.4;345;128;14.7;15.12;1.029;0;1;0;0;0;0;0;0;0;1;0;451;;164;59;2;105
175.43;1870;43;43;11;4.85;72;0;28;42;0;75;18;0.57;1.0;1.0;0;0;195;0;42;5.38;6.4;2.3;7.6;345;128;14.82;15.12;1.02;0;1;0;0;0;0;0;0;0;1;0;439;;163;59;2;104
175.84;1370;14;14;0;2.23;71;0;49;20;0;51;4;0.3;1.0;1.0;0;0;195;0;21;1.75;0.0;1.25;2.5;345;128;14.7;11.41;0.776;0;1;0;0;0;1;0;0;0;1;0;256;;164;59;4;76
176.24;1217;18;18;0;2.56;71;0;54;20;0;54;4;0.33;1.0;1.0;0;0;195;0;16;2.25;0.0;1.38;2.6;345;128;14.7;11.41;0.776;0;1;0;0;0;1;0;0;0;1;0;281;;164;59;4;82
176.66;1089;16;16;0;2.38;71;0;50;20;0;54;4;0.32;1.0;1.0;0;0;195;0;20;2.0;0.0;1.31;2.2;345;128;14.7;13.01;0.885;0;1;0;0;0;1;0;0;0;1;0;276;;164;58;4;82
177.06;973;16;16;0;2.38;71;0;50;20;0;54;3;0.3;1.0;1.0;0;0;195;0;20;2.0;0.0;1.31;1.9;345;128;14.7;13.01;0.885;0;1;0;0;0;1;0;0;0;1;0;282;;165;58;5;82
177.45;1063;15;15;0;2.31;71;0;50;20;0;53;3;0.3;1.0;1.0;0;0;195;0;20;1.88;0.0;1.28;2.0;345;128;14.7;13.01;0.885;0;1;0;0;0;1;0;0;0;1;0;275;;164;58;5;81
177.86;1114;16;16;0;2.38;71;0;50;20;0;53;4;0.3;1.0;1.0;0;0;195;0;20;2.0;0.0;1.31;2.2;345;128;14.7;12.51;0.851;0;1;0;0;0;1;0;0;0;1;0;271;;165;58;5;77
178.25;1037;15;15;0;2.36;73;0;50;20;0;53;3;0.3;1.0;1.0;0;0;195;0;20;1.88;0.0;1.31;2.0;345;128;14.7;12.51;0.851;0;1;0;0;0;1;0;0;0;1;0;271;;163;58;5;41
178.66;896;15;15;0;2.33;71;0;50;20;0;54;3;0.3;1.0;1.0;0;0;195;0;20;1.88;0.0;1.29;1.7;345;128;14.7;13.01;0.885;0;1;0;0;0;1;0;0;0;1;0;277;;165;58;5;81
179.06;922;17;17;0;2.51;73;0;50;20;0;55;3;0.31;1.0;1.0;0;0;195;0;20;2.12;0.0;1.37;1.9;345;128;14.7;13.01;0.885;0;1;0;0;0;1;0;0;0;1;0;288;;163;58;5;82
179.26;871;18;18;0;2.56;71;0;50;20;0;56;3;0.32;1.0;1.0;0;0;195;0;20;2.25;0.0;1.38;1.9;345;128;14.7;13.01;0.885;0;1;0;0;0;1;0;0;0;1;0;295;;166;58;5;40
179.66;871;18;18;0;2.53;71;0;50;20;0;56;3;0.32;1.0;1.0;0;0;195;0;20;2.25;0.0;1.37;1.8;345;128;14.7;12.91;0.878;0;1;0;0;0;1;0;0;0;1;0;293;;165;58;5;82
180.06;820;17;17;0;2.51;71;0;50;20;0;56;3;0.32;1.0;1.0;0;0;195;0;20;2.12;0.0;1.36;1.7;345;128;14.7;12.91;0.878;0;1;0;0;0;1;0;0;0;1;0;292;;165;58;4;83
180.46;756;19;19;0;2.63;71;0;50;20;0;57;3;0.34;1.0;1.0;0;0;195;0;20;2.38;0.0;1.41;1.7;345;128;14.7;12.91;0.878;0;1;0;0;0;1;0;0;0;1;0;304;;165;58;4;84
180.86;615;22;22;0;3.03;75;0;50;20;0;61;3;0.38;1.0;1.0;0;0;195;0;20;2.75;0.0;1.59;1.6;345;128;14.7;13.81;0.939;0;1;0;0;0;1;0;0;0;1;0;329;;159;58;4;85
181.27;666;26;26;0;3.41;75;0;50;20;0;64;3;0.41;1.0;1.0;0;0;195;0;20;3.25;0.0;1.74;1.9;345;128;14.7;13.81;0.939;0;1;0;0;0;1;0;0;0;1;0;353;;159;58;4;90
181.68;717;22;22;0;2.97;72;0;50;20;0;61;3;0.37;1.0;1.0;0;0;195;0;20;2.75;0.0;1.55;1.8;345;128;14.7;13.41;0.912;0;1;0;0;0;1;0;0;0;1;0;334;;163;58;4;86
182.06;589;25;25;0;3.27;76;0;50;20;0;63;3;0.41;1.0;1.0;0;0;195;0;20;3.12;0.0;1.69;1.6;345;128;14.7;13.41;0.912;0;1;0;0;0;1;0;0;0;1;0;349;;157;58;4;89
182.48;666;28;28;0;3.52;74;0;50;20;0;66;4;0.42;1.0;1.0;0;0;195;0;20;3.5;0.0;1.78;2.0;345;128;14.7;13.41;0.912;0;1;0;0;0;1;0;0;0;1;0;374;;160;58;4;90
182.87;717;23;23;0;3.1;74;0;50;20;0;62;3;0.38;1.0;1.0;0;0;195;0;20;2.88;0.0;1.61;1.9;345;128;14.47;14.31;0.989;0;1;0;0;0;1;0;0;0;1;0;342;;161;58;3;82
183.29;615;26;26;0;3.37;76;0;50;20;0;64;3;0.41;1.0;1.0;0;0;195;0;20;3.25;0.0;1.73;1.7;345;128;14.7;14.31;0.973;0;1;0;0;0;1;0;0;0;1;0;353;;157;58;3;89
183.68;666;27;27;0;3.5;76;0;50;20;0;66;4;0.42;1.0;1.0;0;0;195;0;20;3.38;0.0;1.78;1.9;345;128;14.7;14.01;0.953;0;1;0;0;0;1;0;0;0;1;0;372;;158;58;3;90
184.08;679;26;26;0;3.36;73;0;50;20;0;65;4;0.41;1.0;1.0;0;0;195;0;20;3.25;0.0;1.71;1.9;345;128;14.47;14.01;0.968;0;1;0;0;0;1;0;0;0;1;0;361;;162;58;3;89
184.48;679;26;26;0;3.41;75;0;50;20;0;65;4;0.41;1.0;1.0;0;0;195;0;20;3.25;0.0;1.74;1.9;345;128;14.47;14.01;0.968;0;1;0;0;0;1;0;0;0;1;0;363;;159;58;3;90
184.87;717;27;27;0;3.45;74;0;50;20;0;66;4;0.41;1.0;1.0;0;0;195;0;20;3.38;0.0;1.75;2.1;345;128;14.47;13.41;0.927;0;1;0;0;0;1;0;0;0;1;0;370;;161;58;3;90
185.08;896;25;25;0;3.26;71;0;50;20;0;63;5;0.39;1.0;1.0;0;0;195;0;20;3.12;0.0;1.66;2.4;345;128;14.47;13.41;0.927;0;1;0;0;0;1;0;0;0;1;0;345;;165;58;3;88
185.48;973;22;22;0;2.98;71;0;50;20;0;60;4;0.38;1.0;1.0;0;0;195;0;20;2.75;0.0;1.55;2.4;345;128;14.7;13.41;0.912;0;1;0;0;0;1;0;0;0;1;0;326;;165;58;3;85
185.89;935;20;20;0;2.76;70;0;50;20;0;59;4;0.35;1.0;1.0;0;0;195;0;20;2.5;0.0;1.45;2.2;345;128;14.7;13.41;0.912;0;1;0;0;0;1;0;0;0;1;0;319;;166;58;3;85
186.3;845;22;22;0;2.91;71;0;50;20;0;61;4;0.36;1.0;1.0;0;0;195;0;20;2.75;0.0;1.52;2.0;345;128;14.7;13.41;0.912;0;1;0;0;0;1;0;0;0;1;0;328;;165;58;3;85
186.7;807;22;22;0;2.96;71;0;50;20;0;61;3;0.37;1.0;1.0;0;0;195;0;20;2.75;0.0;1.54;2.0;345;128;14.7;14.31;0.973;0;1;0;0;0;1;0;0;0;1;0;335;;165;58;3;147
187.1;781;23;23;0;3.05;70;0;50;20;0;62;4;0.38;1.0;1.0;0;0;195;0;20;2.88;0.0;1.57;2.0;345;128;14.47;14.31;0.989;0;1;0;0;0;1;0;0;0;1;0;338;;166;58;3;86
187.5;820;22;22;0;2.96;71;0;50;20;0;61;4;0.36;1.0;1.0;0;0;195;0;20;2.75;0.0;1.54;2.0;345;128;14.7;14.31;0.973;0;1;0;0;0;1;0;0;0;1;0;329;;165;58;3;76
187.89;820;22;22;0;2.93;71;0;50;20;0;61;4;0.36;1.0;1.0;0;0;195;0;20;2.75;0.0;1.53;2.0;345;128;14.7;14.01;0.953;0;1;0;0;0;1;0;0;0;1;0;331;;165;58;3;85
188.29;551;22;22;0;0.0;74;0;50;20;0;63;3;0.41;1.0;1.0;0;0;195;0;20;2.75;0.0;0.37;0.0;345;128;14.7;14.01;0.953;1;1;0;0;0;1;0;0;0;1;0;345;;161;58;3;86
188.7;102;44;44;0;0.0;79;0;50;20;0;89;1;0.59;1.0;1.0;0;0;197;0;20;5.5;0.0;0.4;0.0;345;128;14.7;14.21;0.967;1;1;0;0;0;1;0;0;0;1;0;547;;154;57;2;147
189.09;0.0;20;20;0;0.0;79;0;56;20;0;109;0;0.73;1.0;1.0;0;0;197;0;14;2.5;0.0;0.4;;345;128;14.7;14.21;0.967;1;1;0;0;0;1;0;0;1;1;1;694;;154;57;2;155
189.5;0.0;20;20;0;0.0;79;0;56;20;0;109;0;0.73;1.0;1.0;0;0;197;0;14;2.5;0.0;0.4;;345;128;14.7;14.21;0.967;1;1;0;0;0;1;0;0;1;1;1;694;;154;57;2;155
189.91;0.0;20;20;0;0.0;79;0;56;20;0;109;0;0.73;1.0;1.0;0;0;197;0;14;2.5;0.0;0.4;;345;128;14.7;14.31;0.973;1;1;0;0;0;1;0;0;1;1;1;694;;154;57;2;155
190.1;0.0;20;20;0;0.0;79;0;56;20;0;109;0;0.73;1.0;1.0;0;0;197;0;14;2.5;0.0;0.4;;345;128;14.7;14.31;0.973;1;1;0;0;0;1;0;0;1;1;1;694;;154;57;2;155
190.72;0.0;0;0;0;5.0;76;0;50;20;0;109;0;0.73;1.0;1.0;0;0;197;0;20;0.0;0.0;2.38;;345;128;14.7;14.51;0.987;1;0;0;0;0;1;0;0;1;1;1;695;;157;57;0;155
191.12;0.0;0;0;0;5.0;76;0;50;20;0;109;0;0.73;1.0;1.0;0;0;197;0;20;0.0;0.0;2.38;;345;128;14.7;14.51;0.987;1;0;0;0;0;1;0;0;1;1;1;695;;157;57;0;45
191.31;0.0;0;0;0;5.0;76;0;50;20;0;109;0;0.73;1.0;1.0;0;0;197;0;20;0.0;0.0;2.38;;345;128;14.7;14.51;0.987;1;0;0;0;0;1;0;0;1;1;1;695;;157;57;0;155
191.72;0.0;0;0;0;5.0;77;0;50;20;0;109;0;0.73;1.0;1.0;0;0;197;0;20;0.0;0.0;2.39;;345;128;14.7;14.11;0.96;1;0;0;0;0;1;0;0;1;1;1;695;;157;57;0;85
192.12;0.0;0;0;0;5.0;76;0;50;20;0;109;0;0.73;1.0;1.0;0;0;197;0;20;0.0;0.0;2.38;;345;128;14.7;14.11;0.96;1;0;0;0;0;1;0;0;1;1;1;695;;157;57;0;155
192.52;0.0;0;0;0;5.0;77;0;50;20;0;109;0;0.73;1.0;1.0;0;0;197;0;20;0.0;0.0;2.39;;345;128;14.7;14.11;0.96;1;0;0;0;0;1;0;0;1;1;1;695;;157;57;0;85
192.92;0.0;0;0;0;5.0;77;0;50;20;0;109;0;0.73;1.0;1.0;0;0;197;0;20;0.0;0.0;2.39;;345;128;14.7;13.71;0.933;1;0;0;0;0;1;0;0;1;1;1;695;;156;57;0;155
193.32;0.0;0;0;0;5.0;77;0;50;20;0;109;0;0.73;1.0;1.0;0;0;197;0;20;0.0;0.0;2.39;;345;128;14.7;13.71;0.933;1;0;0;0;0;1;0;0;1;1;1;695;;156;57;0;155
193.72;0.0;0;0;0;5.0;77;0;50;20;0;109;0;0.73;1.0;1.0;0;0;197;0;20;0.0;0.0;2.39;;345;128;14.7;14.21;0.967;1;0;0;0;0;1;0;0;1;1;1;694;;156;57;0;156
194.13;0.0;0;0;0;5.0;77;0;50;20;0;109;0;0.73;1.0;1.0;0;0;197;0;20;0.0;0.0;2.39;;345;128;14.7;14.21;0.967;1;0;0;0;0;1;0;0;1;1;1;695;;156;58;0;150
194.53;0.0;0;0;0;5.0;77;0;50;20;0;109;0;0.73;1.0;1.0;0;0;197;0;20;0.0;0.0;2.39;;345;128;14.7;14.21;0.967;1;0;0;0;0;1;0;0;1;1;1;694;;156;57;0;155
194.94;0.0;0;0;0;5.0;77;0;50;20;0;109;0;0.73;1.0;1.0;0;0;197;0;20;0.0;0.0;2.39;;345;128;14.7;14.41;0.98;1;0;0;0;0;1;0;0;1;1;1;694;;156;57;0;155
195.34;0.0;0;0;0;5.0;77;0;50;20;0;109;0;0.73;1.0;1.0;0;0;197;0;20;0.0;0.0;2.39;;345;128;14.7;14.41;0.98;1;0;0;0;0;1;0;0;1;1;1;695;;156;58;0;45
195.73;0.0;0;0;0;5.0;77;0;50;20;0;109;0;0.73;1.0;1.0;0;0;197;0;20;0.0;0.0;2.39;;345;128;14.7;14.51;0.987;1;0;0;0;0;1;0;0;1;1;1;694;;156;58;0;70
325.37;0.0;0;0;0;5.0;77;0;50;20;0;109;0;0.73;1.0;1.0;0;0;197;0;20;0.0;0.0;2.39;;345;128;14.7;;;1;0;0;0;0;1;0;0;1;1;1;694;;156;58;0;70
325.78;0.0;0;0;0;5.0;79;0;50;20;0;110;0;0.73;1.0;1.0;0;0;199;0;20;0.0;0.0;2.4;;345;128;14.7;;;0;0;0;0;0;1;0;0;1;1;1;700;;153;55;0;156
326.16;0.0;0;0;0;5.0;80;0;64;0;0;109;0;0.73;1.0;1.0;0;0;199;0;6;0.0;0.0;2.4;;345;128;14.7;13.81;0.939;0;0;0;1;0;1;1;0;1;1;1;698;;152;55;0;49
326.57;0.0;0;0;0;5.0;77;0;55;20;0;110;0;0.73;1.0;1.0;0;0;199;0;15;0.0;0.0;2.39;;345;128;14.7;13.81;0.939;0;0;0;0;0;1;0;0;1;1;1;700;;156;55;0;84
326.97;0.0;0;0;0;5.0;79;0;50;20;0;110;0;0.73;1.0;1.0;0;0;199;0;20;0.0;0.0;2.4;;345;128;14.7;13.81;0.939;0;0;0;0;0;1;0;0;1;1;1;701;;153;55;0;156
327.39;0.0;0;0;0;5.0;79;0;50;20;0;110;0;0.73;1.0;1.0;0;0;199;0;20;0.0;0.0;2.4;;345;128;14.7;13.81;0.939;0;0;0;0;1;1;0;0;0;1;0;701;;153;55;0;156
327.8;166;73;73;0;6.01;93;0;56;16;0;105;2;0.7;1.0;1.0;0;0;199;0;14;9.12;0.0;2.87;0.8;345;128;14.7;13.81;0.939;0;1;0;1;1;1;1;0;0;1;0;663;;134;55;0;154
328.2;1140;57;57;0;7.03;89;0;54;16;0;84;12;0.6;1.0;1.0;0;0;199;0;16;7.12;0.0;3.26;6.7;345;128;14.7;13.81;0.939;0;1;0;0;1;1;1;0;0;1;0;506;;140;55;0;141
328.61;1140;16;16;0;2.61;75;0;55;15;0;54;4;0.32;1.0;1.0;0;0;200;0;15;2.0;0.0;1.42;2.5;345;128;14.7;13.81;0.939;0;1;0;0;1;1;0;0;0;1;0;282;;160;54;0;74
329.0;730;14;14;0;2.43;79;0;55;15;0;53;2;0.29;1.0;1.0;0;0;200;0;15;1.75;0.0;1.37;1.5;345;128;14.7;13.81;0.939;0;1;0;0;1;1;0;0;0;1;0;275;;153;54;0;81
329.41;564;24;24;0;3.5;86;0;55;15;0;62;3;0.4;1.0;1.0;0;0;200;0;15;3.0;0.0;1.83;1.6;345;128;14.7;13.81;0.939;0;1;0;0;1;1;0;0;0;1;0;342;;144;54;0;86
329.8;717;30;30;0;4.11;81;0;55;15;0;69;4;0.44;1.0;1.0;0;0;200;0;15;3.75;0.0;2.05;2.5;345;128;14.47;13.81;0.954;0;1;0;0;1;1;0;0;0;1;0;391;;151;54;0;99
330.21;1012;21;21;0;3.06;77;0;55;15;0;59;4;0.37;1.0;1.0;0;0;200;0;15;2.62;0.0;1.61;2.6;345;128;14.7;13.81;0.939;0;1;0;0;1;1;0;0;0;1;0;317;;156;54;0;77
330.61;820;18;18;0;2.81;79;0;55;15;0;57;3;0.33;1.0;1.0;0;0;200;0;15;2.25;0.0;1.52;1.9;345;128;14.7;13.81;0.939;0;1;0;0;1;1;0;0;0;1;0;306;;154;54;0;42
331.02;679;24;24;0;3.43;79;0;55;15;0;63;3;0.4;1.0;1.0;0;0;200;0;15;3.0;0.0;1.77;1.9;345;128;14.47;13.81;0.954;0;1;0;0;1;1;0;0;0;1;0;350;;153;54;0;89
331.21;807;27;27;0;3.71;79;0;55;15;0;66;4;0.41;1.0;1.0;0;0;200;0;15;3.38;0.0;1.88;2.5;345;128;14.47;13.81;0.954;0;1;0;0;1;1;0;0;0;1;0;370;;153;54;0;90
331.64;986;22;22;0;3.18;77;0;55;15;0;60;5;0.38;1.0;1.0;0;0;202;0;15;2.75;0.0;1.66;2.6;345;128;14.7;13.81;0.939;0;1;0;0;1;1;0;0;0;1;0;322;;156;53;0;85
332.03;820;20;20;0;3.01;79;0;55;15;0;60;4;0.35;1.0;1.0;0;0;202;0;15;2.5;0.0;1.6;2.1;345;128;14.7;13.81;0.939;0;1;0;0;1;1;0;0;0;1;0;321;;154;53;0;85
332.42;820;23;23;0;3.31;79;0;55;15;0;62;4;0.38;1.0;1.0;0;0;202;0;15;2.88;0.0;1.72;2.3;345;128;14.47;13.81;0.954;0;1;0;0;1;1;0;0;0;1;0;341;;154;53;0;86
332.82;832;21;21;0;3.16;79;0;55;15;0;61;4;0.36;1.0;1.0;0;0;202;0;15;2.62;0.0;1.66;2.2;345;128;14.7;13.81;0.939;0;1;0;0;1;1;0;0;0;1;0;329;;154;53;0;85
333.25;845;20;20;0;3.02;78;0;55;15;0;60;4;0.35;1.0;1.0;0;0;202;0;15;2.5;0.0;1.6;2.1;345;128;14.7;13.81;0.939;0;1;0;0;1;1;0;0;0;1;0;323;;154;53;0;74
333.63;717;23;23;0;3.28;79;0;55;15;0;62;3;0.38;1.0;1.0;0;0;202;0;15;2.88;0.0;1.71;2.0;345;128;14.47;13.81;0.954;0;1;0;0;1;1;0;0;0;1;0;339;;154;53;0;86
334.04;807;25;25;0;3.51;79;0;55;15;0;64;4;0.41;1.0;1.0;0;0;202;0;15;3.12;0.0;1.8;2.4;345;128;14.47;13.81;0.954;0;1;0;0;1;1;0;0;0;1;0;356;;154;53;0;88
334.44;973;22;22;0;3.1;76;0;55;15;0;60;4;0.38;1.0;1.0;0;0;202;0;15;2.75;0.0;1.62;2.5;345;128;14.7;13.81;0.939;0;1;0;0;1;1;0;0;0;1;0;327;;157;53;0;85
334.85;781;20;20;0;2.98;77;0;55;15;0;60;3;0.36;1.0;1.0;0;0;202;0;15;2.5;0.0;1.58;1.9;345;128;14.7;13.81;0.939;0;1;0;0;1;1;0;0;0;1;0;321;;156;54;0;85
335.26;679;23;23;0;3.28;77;0;55;15;0;63;3;0.4;1.0;1.0;0;0;202;0;15;2.88;0.0;1.7;1.9;345;128;14.47;13.81;0.954;0;1;0;0;1;1;0;0;0;1;0;349;;156;54;0;86
335.65;845;26;26;0;3.52;78;0;55;15;0;65;4;0.4;1.0;1.0;0;0;202;0;15;3.25;0.0;1.8;2.5;345;128;14.47;13.81;0.954;0;1;0;0;1;1;0;0;0;1;0;360;;155;54;0;89
336.06;896;20;20;0;2.95;76;0;55;15;0;59;4;0.35;1.0;1.0;0;0;202;0;15;2.5;0.0;1.56;2.2;345;128;14.7;13.81;0.939;0;1;0;0;1;1;0;0;0;1;0;316;;157;54;0;85
336.44;768;20;20;0;2.93;77;0;55;15;0;60;3;0.36;1.0;1.0;0;0;202;0;15;2.5;0.0;1.56;1.9;345;128;14.7;13.81;0.939;0;1;0;0;1;1;0;0;0;1;0;322;;156;54;0;85
336.87;781;26;26;0;3.55;76;0;55;15;0;65;4;0.41;1.0;1.0;0;0;202;0;15;3.25;0.0;1.8;2.3;345;128;14.47;13.81;0.954;0;1;0;0;1;1;0;0;0;1;0;361;;158;54;0;89
337.06;871;22;22;0;3.1;76;0;55;15;0;61;4;0.37;1.0;1.0;0;0;202;0;15;2.75;0.0;1.62;2.3;345;128;14.7;13.81;0.939;0;1;0;0;1;1;0;0;0;1;0;335;;157;54;0;86
337.47;884;20;20;0;2.9;76;0;55;15;0;59;4;0.34;1.0;1.0;0;0;202;0;15;2.5;0.0;1.54;2.1;345;128;14.7;13.81;0.939;0;1;0;0;1;1;0;0;0;1;0;317;;158;54;0;85
337.87;768;23;23;0;3.21;77;0;55;15;0;62;3;0.38;1.0;1.0;0;0;202;0;15;2.88;0.0;1.67;2.1;345;128;14.47;13.81;0.954;0;1;0;0;1;1;0;0;0;1;0;338;;156;54;0;86
338.29;730;26;26;0;3.5;76;0;55;15;0;66;4;0.41;1.0;1.0;0;0;202;0;15;3.25;0.0;1.78;2.1;345;128;14.47;13.81;0.954;0;1;0;0;1;1;0;0;0;1;0;373;;157;54;0;90
338.66;973;23;23;0;3.13;77;0;55;15;0;61;4;0.38;1.0;1.0;0;0;202;0;15;2.88;0.0;1.64;2.5;345;128;14.47;13.81;0.954;0;1;0;0;1;1;0;0;0;1;0;331;;156;54;0;87
339.09;845;21;21;0;2.92;76;0;55;15;0;60;4;0.35;1.0;1.0;0;0;202;0;15;2.62;0.0;1.55;2.1;345;128;14.7;13.81;0.939;0;1;0;0;1;1;0;0;0;1;0;321;;158;54;0;41
339.49;730;22;22;0;3.07;76;0;55;15;0;62;4;0.38;1.0;1.0;0;0;202;0;15;2.75;0.0;1.61;1.9;345;128;14.7;13.81;0.939;0;1;0;0;1;1;0;0;0;1;0;340;;157;55;0;86
339.89;820;24;24;0;3.3;76;0;50;20;0;63;4;0.38;1.0;1.0;0;0;202;0;20;3.0;0.0;1.7;2.3;345;128;14.47;13.81;0.954;0;1;0;0;0;1;0;0;0;1;0;347;;156;55;0;75
340.29;973;22;22;0;3.06;75;0;50;20;0;60;4;0.38;1.0;1.0;0;0;202;0;20;2.75;0.0;1.6;2.5;345;128;14.7;13.81;0.939;0;1;0;0;0;1;0;0;0;1;0;324;;159;55;0;84
340.69;704;25;25;0;3.3;76;0;50;20;0;64;4;0.41;1.0;1.0;0;0;202;0;20;3.12;0.0;1.7;1.9;345;128;14.47;13.81;0.954;0;1;0;0;0;1;0;0;0;1;0;353;;157;55;0;89
341.08;717;35;35;0;4.3;76;0;50;20;0;74;5;0.47;1.0;1.0;0;0;202;0;20;4.38;0.0;2.1;2.6;345;128;14.59;13.81;0.947;0;1;0;0;0;1;0;0;0;1;0;428;;157;55;0;42
341.5;999;25;25;0;3.32;76;0;50;20;0;62;5;0.4;1.0;1.0;0;0;202;0;20;3.12;0.0;1.71;2.8;345;128;14.47;13.81;0.954;0;1;0;0;0;1;0;0;0;1;0;343;;157;55;0;41
341.91;871;25;25;0;3.28;75;0;50;20;0;64;4;0.41;1.0;1.0;0;0;202;0;20;3.12;0.0;1.69;2.4;345;128;14.47;13.81;0.954;0;1;0;0;0;1;0;0;0;1;0;353;;159;55;0;89
342.29;768;26;26;0;3.47;76;0;50;20;0;66;4;0.41;1.0;1.0;0;0;202;0;20;3.25;0.0;1.77;2.2;345;128;14.47;13.81;0.954;0;1;0;0;0;1;0;0;0;1;0;370;;158;55;0;90
342.51;845;23;23;0;3.1;76;0;50;20;0;62;4;0.38;1.0;1.0;0;0;202;0;20;2.88;0.0;1.62;2.2;345;128;14.47;13.81;0.954;0;1;0;0;0;1;0;0;0;1;0;343;;157;55;0;86
342.91;704;23;23;0;3.21;79;0;50;20;0;63;4;0.4;1.0;1.0;0;0;202;0;20;2.88;0.0;1.68;1.9;345;128;14.47;13.81;0.954;0;1;0;0;0;1;0;0;0;1;0;349;;153;55;0;89
343.31;717;31;31;0;3.91;79;0;50;20;0;70;5;0.45;1.0;1.0;0;0;202;0;20;3.88;0.0;1.96;2.3;345;128;14.59;13.81;0.947;0;1;0;0;0;1;0;0;0;1;0;396;;154;55;0;99
343.71;820;27;27;0;3.55;78;0;50;20;0;66;5;0.41;1.0;1.0;0;0;202;0;20;3.38;0.0;1.81;2.4;345;128;14.47;13.81;0.954;0;1;0;0;0;1;0;0;0;1;0;373;;155;55;0;90
344.1;781;25;25;0;3.37;78;0;50;20;0;64;4;0.41;1.0;1.0;0;0;202;0;20;3.12;0.0;1.74;2.2;345;128;14.47;13.81;0.954;0;1;0;0;0;1;0;0;0;1;0;354;;155;55;0;89
344.51;679;30;30;0;3.78;79;0;50;20;0;69;4;0.45;1.0;1.0;0;0;202;0;20;3.75;0.0;1.91;2.1;345;128;14.47;13.81;0.954;0;1;0;0;0;1;0;0;0;1;0;395;;153;55;0;98
344.91;756;30;30;0;3.82;78;0;50;20;0;70;5;0.45;1.0;1.0;0;0;202;0;20;3.75;0.0;1.92;2.4;345;128;14.47;13.81;0.954;0;1;0;0;0;1;0;0;0;1;0;396;;155;55;0;42
345.33;832;26;26;0;3.42;76;0;50;20;0;66;5;0.41;1.0;1.0;0;0;202;0;20;3.25;0.0;1.75;2.4;345;128;14.47;13.81;0.954;0;1;0;0;0;1;0;0;0;1;0;372;;157;55;0;90
345.72;1037;41;41;3;4.76;77;0;43;27;0;77;9;0.52;1.0;1.0;0;0;202;0;27;5.12;1.7;2.29;4.1;345;128;14.7;13.81;0.939;0;1;0;0;0;0;0;0;0;1;0;453;;156;55;0;105
346.13;1178;31;31;3;3.85;76;0;34;34;0;67;8;0.48;1.0;1.0;0;0;202;0;36;3.88;1.7;1.92;3.8;345;128;14.7;13.81;0.939;0;1;0;0;0;0;0;0;0;1;0;377;;157;56;0;90
346.52;1281;32;32;3;3.9;76;0;35;35;0;66;8;0.49;1.0;1.0;0;0;202;0;35;4.0;1.7;1.94;4.2;345;128;14.7;13.81;0.939;0;1;0;0;0;0;0;0;0;1;0;373;;157;56;0;90
346.94;1165;25;25;1;3.33;77;0;48;20;0;62;7;0.43;1.0;1.0;0;0;200;0;22;3.12;0.6;1.72;3.2;345;128;14.7;13.81;0.939;0;1;0;0;0;1;0;0;0;1;0;339;;156;56;0;86
347.34;1255;31;31;3;3.91;79;0;46;34;0;65;8;0.48;1.0;1.0;0;0;200;0;24;3.88;1.7;1.96;4.1;345;128;14.7;13.81;0.939;0;1;0;0;0;0;0;0;0;1;0;362;;154;56;0;89
347.74;1383;37;37;5;4.42;76;0;33;37;0;71;12;0.52;1.0;1.0;0;0;200;0;37;4.62;2.9;2.15;5.1;345;128;14.7;13.81;0.939;0;1;0;0;0;0;0;0;0;1;0;404;;157;57;0;100
348.15;1639;37;37;6;4.37;76;0;31;39;0;69;13;0.54;1.0;1.0;0;0;200;0;39;4.62;3.5;2.13;6.0;345;128;14.7;13.81;0.939;0;1;0;0;0;0;0;0;0;1;0;389;;157;57;0;91
348.35;1703;38;38;8;4.5;78;0;31;39;0;69;14;0.54;1.0;1.0;0;0;200;0;39;4.75;4.7;2.19;6.4;345;128;14.7;13.81;0.939;0;1;0;0;0;0;0;0;0;1;0;395;;155;57;0;99
348.76;1857;36;36;8;4.27;76;0;26;44;0;68;14;0.52;1.0;1.0;0;0;200;0;44;4.5;4.7;2.09;6.6;345;128;14.82;13.81;0.932;0;1;0;0;0;0;0;0;0;1;0;387;;158;57;0;91
349.16;1691;36;36;8;4.35;76;0;28;42;0;69;14;0.54;1.0;1.0;0;0;200;0;42;4.5;4.7;2.12;6.1;345;128;14.7;13.81;0.939;0;1;0;0;0;0;0;0;0;1;0;390;;158;57;0;91
349.55;1614;42;42;8;4.87;76;0;32;38;0;73;15;0.56;1.0;1.0;0;0;200;0;38;5.25;4.7;2.33;6.6;345;128;14.7;13.81;0.939;0;1;0;0;0;0;0;0;0;1;0;425;;158;57;0;100
349.96;1537;38;38;8;4.52;76;0;33;37;0;71;13;0.54;1.0;1.0;0;0;200;0;37;4.75;4.7;2.19;5.8;345;128;14.7;13.81;0.939;0;1;0;0;0;0;0;0;0;1;0;411;;158;57;0;101
350.36;1550;37;37;8;4.42;76;0;32;38;0;69;12;0.53;1.0;1.0;0;0;200;0;38;4.62;4.7;2.15;5.7;345;128;14.7;13.81;0.939;0;1;0;0;0;0;0;0;0;1;0;395;;158;57;0;100
350.77;1434;34;34;8;4.17;76;0;32;38;0;68;11;0.52;1.0;1.0;0;0;200;0;38;4.25;4.7;2.05;5.0;345;128;14.7;13.81;0.939;0;1;0;0;0;0;0;0;0;1;0;383;;158;57;0;91
351.19;1345;33;33;6;4.1;76;0;33;38;0;68;10;0.51;1.0;1.0;0;0;200;0;37;4.12;3.5;2.02;4.6;345;128;14.7;13.81;0.939;0;1;0;0;0;0;0;0;0;1;0;381;;158;57;0;90
351.58;1281;38;38;6;4.52;76;0;36;34;0;73;11;0.53;1.0;1.0;0;0;200;0;34;4.75;3.5;2.19;4.8;345;128;14.7;13.81;0.939;0;1;0;0;0;0;0;0;0;1;0;423;;158;57;0;102
351.98;1511;42;42;8;4.9;76;0;33;37;0;75;14;0.56;1.0;1.0;0;0;200;0;37;5.25;4.7;2.34;6.2;345;128;14.7;13.81;0.939;0;1;0;0;0;0;0;0;0;1;0;437;;158;57;0;102
352.38;1319;23;23;0;3.15;76;0;39;20;0;60;7;0.41;1.0;1.0;0;0;200;0;31;2.88;0.0;1.64;3.5;345;128;14.7;13.81;0.939;0;1;0;0;0;1;0;0;0;1;0;321;;158;57;0;85
352.79;948;21;21;0;2.9;76;0;50;20;0;59;4;0.36;1.0;1.0;0;0;200;0;20;2.62;0.0;1.54;2.3;345;128;14.7;13.81;0.939;0;1;0;0;0;1;0;0;0;1;0;318;;157;57;0;85
353.17;935;22;22;1;3.0;76;0;50;20;0;61;4;0.38;1.0;1.0;0;0;200;0;20;2.75;0.6;1.58;2.3;345;128;14.7;13.81;0.939;0;1;0;0;0;1;0;0;0;1;0;330;;158;57;0;81
353.58;1319;40;40;6;4.65;76;0;37;33;0;73;11;0.53;1.0;1.0;0;0;200;0;33;5.0;3.5;2.24;5.1;345;128;14.7;13.81;0.939;0;1;0;0;0;0;0;0;0;1;0;424;;157;57;0;102
353.8;1729;74;74;30;8.47;76;0;48;22;0;99;28;0.75;1.0;1.0;0;0;200;0;22;9.25;17.4;3.77;12.2;345;128;13.94;13.81;0.991;0;1;0;0;0;0;0;0;0;1;0;617;;157;57;0;146
354.19;2971;59;59;30;6.5;76;0;30;40;0;88;38;0.66;1.0;1.0;0;0;199;0;40;7.38;17.4;2.98;16.1;345;128;14.59;13.81;0.947;0;1;0;0;0;0;0;0;0;1;0;532;;157;57;0;52
354.6;2702;49;49;26;5.47;76;0;28;42;0;82;30;0.59;1.0;1.0;0;0;199;0;42;6.12;15.1;2.57;12.3;345;128;14.7;13.81;0.939;0;1;0;0;0;0;0;0;0;1;0;495;;158;58;0;108
354.99;2536;51;51;26;5.65;76;0;29;41;0;84;29;0.61;1.0;1.0;0;0;199;0;41;6.38;15.1;2.64;11.9;345;128;14.93;13.81;0.925;0;1;0;0;0;0;0;0;0;1;0;505;;158;57;0;109
355.39;2305;65;65;30;7.12;76;0;37;33;0;93;34;0.7;1.0;1.0;0;0;199;0;33;8.12;17.4;3.23;13.7;345;128;14.82;13.81;0.932;0;1;0;0;0;0;0;0;0;1;0;573;;157;58;0;149
355.81;2318;74;74;36;8.15;76;0;44;26;0;99;39;0.75;1.0;1.0;0;0;199;0;26;9.25;20.9;3.64;15.7;345;128;14.04;13.81;0.984;0;1;0;0;0;0;0;0;0;1;0;618;;158;58;0;109
356.21;2689;69;69;36;7.61;77;0;40;30;0;98;40;0.68;1.0;1.0;0;0;199;0;30;8.62;20.9;3.43;17.1;345;128;14.04;13.81;0.984;0;1;0;0;0;0;0;0;0;1;0;612;;158;58;0;85
356.6;3432;31;31;19;3.85;76;0;25;45;0;65;24;0.48;1.0;1.0;0;0;199;0;45;3.88;11.0;1.92;11.0;345;128;14.7;13.81;0.939;0;1;0;0;0;0;0;0;0;1;0;361;;158;58;0;89
357.02;2638;62;62;32;6.71;75;0;33;37;0;95;37;0.66;1.0;1.0;0;0;199;0;37;7.75;18.6;3.06;14.8;345;128;14.82;13.81;0.932;0;1;0;0;0;0;0;0;0;1;0;590;;159;57;0;149
357.43;2331;68;68;32;7.52;76;0;41;30;0;97;37;0.72;1.0;1.0;0;0;199;0;29;8.5;18.6;3.39;14.6;345;128;14.82;13.81;0.932;0;1;0;0;0;0;0;0;0;1;0;600;;158;58;0;145
357.83;2421;66;66;32;7.26;77;0;39;31;0;96;36;0.69;1.0;1.0;0;0;199;0;31;8.25;18.6;3.29;14.6;345;128;14.82;13.81;0.932;0;1;0;0;0;0;0;0;0;1;0;596;;156;58;0;149
358.23;2421;65;65;30;6.97;76;0;36;34;0;95;35;0.68;1.0;1.0;0;0;199;0;34;8.12;17.4;3.17;14.1;345;128;14.82;13.81;0.932;0;1;0;0;0;0;0;0;0;1;0;588;;157;58;0;150
358.63;2382;65;65;30;7.01;75;0;37;33;0;95;35;0.69;1.0;1.0;0;0;199;0;33;8.12;17.4;3.18;13.9;345;128;14.82;13.81;0.932;0;1;0;0;0;0;0;0;0;1;0;588;;159;58;0;142
359.03;2421;63;63;30;6.76;75;0;35;35;0;94;35;0.67;1.0;1.0;0;0;199;0;35;7.88;17.4;3.08;13.6;345;128;14.82;13.81;0.932;0;1;0;0;0;0;0;0;0;1;0;581;;159;58;0;108
359.42;2497;60;60;30;6.53;75;0;33;37;0;93;33;0.65;1.0;1.0;0;0;199;0;37;7.5;17.4;2.99;13.6;345;128;14.82;13.81;0.932;0;1;0;0;0;0;0;0;0;1;0;574;;159;58;0;149
359.63;2485;60;60;30;6.5;76;0;33;37;0;92;33;0.65;1.0;1.0;0;0;199;0;37;7.5;17.4;2.98;13.5;345;128;14.82;13.81;0.932;0;1;0;0;0;0;0;0;0;1;0;565;;158;58;0;148
360.04;2536;59;59;29;6.47;76;0;33;37;0;92;33;0.65;1.0;1.0;0;0;197;0;37;7.38;16.9;2.97;13.7;345;128;14.82;13.81;0.932;0;1;0;0;0;0;0;0;0;1;0;564;;158;58;0;148
360.42;2408;52;52;25;5.77;75;0;29;41;0;85;29;0.62;1.0;1.0;0;0;197;0;41;6.5;14.5;2.68;11.6;345;128;14.93;13.81;0.925;0;1;0;0;0;0;0;0;0;1;0;512;;159;58;0;114
360.84;2318;60;60;25;6.45;74;0;34;34;0;89;30;0.66;1.0;1.0;0;0;197;0;36;7.5;14.5;2.95;12.5;345;128;14.82;13.81;0.932;0;1;0;0;0;0;0;0;0;1;0;546;;161;58;0;147
361.23;2280;64;64;25;6.9;74;0;38;32;0;91;32;0.69;1.0;1.0;0;0;197;0;32;8.0;14.5;3.13;13.1;345;128;14.82;13.81;0.932;0;1;0;0;0;0;0;0;0;1;0;563;;160;58;0;50
361.64;2254;64;64;25;7.01;75;0;36;34;0;91;32;0.7;1.0;1.0;0;0;197;0;34;8.0;14.5;3.18;13.2;345;128;14.04;13.81;0.984;0;1;0;0;0;0;0;0;0;1;0;559;;159;58;1;148
362.05;2356;65;65;31;6.97;76;0;36;34;0;95;35;0.7;1.0;1.0;0;0;197;0;34;8.12;18.0;3.17;13.7;345;128;14.82;13.81;0.932;0;1;0;0;0;0;0;0;0;1;0;590;;158;59;1;51
362.44;2164;57;57;22;6.2;74;0;33;37;0;86;28;0.67;1.0;1.0;0;0;197;0;37;7.12;12.8;2.85;11.2;345;128;14.82;13.81;0.932;0;1;0;0;0;0;0;0;0;1;0;522;;161;58;1;114
362.86;2356;58;58;22;6.35;74;0;33;37;0;88;30;0.65;1.0;1.0;0;0;197;0;37;7.25;12.8;2.91;12.5;345;128;14.82;13.81;0.932;0;1;0;0;0;0;0;0;0;1;0;537;;161;59;1;50
363.26;2408;63;63;27;6.77;74;0;35;35;0;92;33;0.66;1.0;1.0;0;0;197;0;35;7.88;15.7;3.08;13.6;345;128;14.82;13.81;0.932;0;1;0;0;0;0;0;0;0;1;0;570;;161;59;1;148
363.65;2369;59;59;27;6.4;74;0;33;38;0;91;32;0.67;1.0;1.0;0;0;197;0;37;7.38;15.7;2.93;12.6;345;128;14.82;13.81;0.932;0;1;0;0;0;0;0;0;0;1;0;556;;161;59;1;140
364.05;2356;61;61;27;6.52;72;0;33;37;0;91;32;0.67;1.0;1.0;0;0;197;0;37;7.62;15.7;2.97;12.8;345;128;14.82;13.81;0.932;0;1;0;0;0;0;0;0;0;1;0;560;;163;59;1;141
364.47;2472;63;63;29;6.73;73;0;36;34;0;94;35;0.66;1.0;1.0;0;0;197;0;34;7.88;16.9;3.06;13.9;345;128;14.82;13.81;0.932;0;1;0;0;0;0;0;0;0;1;0;583;;162;59;1;148
364.85;2421;65;65;29;6.91;71;0;36;34;0;96;36;0.69;1.0;1.0;0;0;197;0;34;8.12;16.9;3.12;13.9;345;128;14.82;13.81;0.932;0;1;0;0;0;0;0;0;0;1;0;595;;164;59;1;86
365.27;2497;66;66;29;7.07;72;0;37;33;0;96;36;0.67;1.0;1.0;0;0;197;0;33;8.25;16.9;3.19;14.7;345;128;14.82;13.81;0.932;0;1;0;0;0;0;0;0;0;1;0;599;;163;59;1;150
365.47;2472;65;65;29;7.01;73;0;38;33;0;96;36;0.67;1.0;1.0;0;0;197;0;32;8.12;16.9;3.17;14.4;345;128;14.82;13.81;0.932;0;1;0;0;0;0;0;0;0;1;0;595;;162;58;1;149
365.87;2497;65;65;29;7.06;73;0;37;33;0;96;36;0.67;1.0;1.0;0;0;197;0;33;8.12;16.9;3.19;14.7;345;128;14.82;13.81;0.932;0;1;0;0;0;0;0;0;0;1;0;594;;162;59;1;149
366.27;2382;66;66;30;7.05;74;0;38;33;0;96;36;0.7;1.0;1.0;0;0;197;0;32;8.25;17.4;3.19;14.0;345;128;14.82;13.81;0.932;0;1;0;0;0;0;0;0;0;1;0;596;;160;59;1;150
366.69;2497;64;64;30;6.9;74;0;36;35;0;95;35;0.66;1.0;1.0;0;0;197;0;34;8.0;17.4;3.13;14.4;345;128;14.82;13.81;0.932;0;1;0;0;0;0;0;0;0;1;0;591;;160;59;1;146
367.07;2446;64;64;30;6.9;74;0;36;34;0;95;35;0.67;1.0;1.0;0;0;197;0;34;8.0;17.4;3.13;14.1;345;128;14.82;13.81;0.932;0;1;0;0;0;0;0;0;0;1;0;590;;160;58;1;142
367.48;2331;62;62;30;6.67;74;0;34;36;0;93;34;0.69;1.0;1.0;0;0;197;0;36;7.75;17.4;3.04;13.0;345;128;14.82;13.81;0.932;0;1;0;0;0;0;0;0;0;1;0;575;;160;58;1;108
367.88;2369;62;62;29;6.62;74;0;35;35;0;93;34;0.68;1.0;1.0;0;0;197;0;35;7.75;16.9;3.02;13.1;345;128;14.82;13.81;0.932;0;1;0;0;0;0;0;0;0;1;0;574;;161;58;2;72
368.29;2356;61;61;29;6.6;74;0;35;35;0;92;33;0.68;1.0;1.0;0;0;197;0;35;7.62;16.9;3.01;13.0;345;128;14.82;13.81;0.932;0;1;0;0;0;0;0;0;0;1;0;570;;160;58;2;149
368.69;2356;61;61;29;6.6;74;0;33;37;0;92;33;0.68;1.0;1.0;0;0;197;0;37;7.62;16.9;3.01;13.0;345;128;14.82;13.81;0.932;0;1;0;0;0;0;0;0;0;1;0;566;;159;58;2;108
369.1;2446;66;66;29;7.1;74;0;37;33;0;97;37;0.69;1.0;1.0;0;0;197;0;33;8.25;16.9;3.21;14.5;345;128;14.82;13.81;0.932;0;1;0;0;0;0;0;0;0;1;0;600;;160;58;3;145
369.49;2472;59;59;28;6.37;74;0;33;37;0;91;33;0.64;1.0;1.0;0;0;197;0;37;7.38;16.3;2.92;13.1;345;128;14.82;13.81;0.932;0;1;0;0;0;0;0;0;0;1;0;563;;160;58;3;148
369.92;2369;60;60;28;6.47;74;0;34;36;0;91;33;0.67;1.0;1.0;0;0;197;0;36;7.5;16.3;2.96;12.8;345;128;14.82;13.81;0.932;0;1;0;0;0;0;0;0;0;1;0;561;;160;58;3;148
370.31;2369;60;60;28;6.47;74;0;33;37;0;91;33;0.67;1.0;1.0;0;0;197;0;37;7.5;16.3;2.96;12.8;345;128;14.82;13.81;0.932;0;1;0;0;0;0;0;0;0;1;0;562;;161;58;3;149
370.71;2382;61;61;28;6.55;74;0;33;37;0;92;33;0.67;1.0;1.0;0;0;197;0;37;7.62;16.3;2.99;13.0;345;128;14.82;13.81;0.932;0;1;0;0;0;0;0;0;0;1;0;570;;160;58;3;149
370.92;2446;61;61;28;6.5;72;0;34;36;0;93;33;0.66;1.0;1.0;0;0;197;0;36;7.62;16.3;2.96;13.2;345;128;14.82;13.81;0.932;0;1;0;0;0;0;0;0;0;1;0;574;;163;58;3;149
371.32;2523;61;61;28;6.56;71;0;33;37;0;93;34;0.65;1.0;1.0;0;0;197;0;37;7.62;16.3;2.98;13.8;345;128;14.82;14.92;1.007;0;1;0;0;0;0;0;0;0;1;0;573;;163;58;3;85
371.73;2472;58;58;27;6.22;72;0;31;37;0;90;31;0.63;1.0;1.0;0;0;197;0;39;7.25;15.7;2.85;12.8;345;128;14.82;14.92;1.007;0;1;0;0;0;0;0;0;0;1;0;548;;163;58;4;148
372.11;2446;55;55;24;5.97;74;0;31;39;0;86;29;0.62;1.0;1.0;0;0;197;0;39;6.88;14.0;2.76;12.2;345;128;14.82;14.92;1.007;0;1;0;0;0;0;0;0;0;1;0;521;;161;57;3;149
372.52;2280;55;55;24;6.0;74;0;30;40;0;86;29;0.65;1.0;1.0;0;0;197;0;40;6.88;14.0;2.77;11.4;345;128;14.82;14.31;0.966;0;1;0;0;0;0;0;0;0;1;0;521;;161;57;4;105
372.92;2433;54;54;23;5.9;74;0;29;41;0;85;29;0.62;1.0;1.0;0;0;197;0;41;6.75;13.4;2.73;12.0;345;128;14.82;14.31;0.966;0;1;0;0;0;0;0;0;0;1;0;514;;161;57;4;102
373.34;2356;50;50;21;5.53;74;0;29;41;0;81;26;0.61;1.0;1.0;0;0;197;0;41;6.25;12.2;2.58;10.9;345;128;14.93;13.91;0.932;0;1;0;0;0;0;0;0;0;1;0;486;;161;57;5;108
373.73;2267;48;48;21;5.37;74;0;28;42;0;80;25;0.61;1.0;1.0;0;0;197;0;42;6.0;12.2;2.52;10.1;345;128;14.93;13.91;0.932;0;1;0;0;0;0;0;0;0;1;0;474;;161;57;5;107
374.13;2356;50;50;21;5.52;74;0;29;41;0;81;26;0.61;1.0;1.0;0;0;197;0;41;6.25;12.2;2.58;10.8;345;128;14.93;13.91;0.932;0;1;0;0;0;0;0;0;0;1;0;486;;160;57;5;108
374.55;2305;51;51;21;5.67;74;0;30;40;0;83;27;0.62;1.0;1.0;0;0;197;0;40;6.38;12.2;2.64;10.9;345;128;14.93;14.52;0.973;0;1;0;0;0;0;0;0;0;1;0;503;;161;57;4;109
374.95;2382;49;49;21;5.45;74;0;29;41;0;81;26;0.6;1.0;1.0;0;0;197;0;41;6.12;12.2;2.55;10.8;345;128;14.93;14.52;0.973;0;1;0;0;0;0;0;0;0;1;0;486;;160;57;5;101
375.34;2421;49;49;21;5.5;74;0;28;42;0;81;26;0.6;1.0;1.0;0;0;197;0;42;6.12;12.2;2.57;11.1;345;128;14.93;14.71;0.985;0;1;0;0;0;0;0;0;0;1;0;481;;161;57;6;107
375.76;2369;55;55;22;6.0;74;0;31;39;0;86;29;0.64;1.0;1.0;0;0;197;0;39;6.88;12.8;2.77;11.8;345;128;14.82;14.71;0.993;0;1;0;0;0;0;0;0;0;1;0;521;;161;57;3;45
376.15;2216;37;37;15;4.36;73;0;23;47;0;72;19;0.53;1.0;1.0;0;0;197;0;47;4.62;8.7;2.11;8.1;345;128;14.82;14.71;0.993;0;1;0;0;0;0;0;0;0;1;0;418;;162;57;8;101
376.37;2267;38;38;15;4.37;72;0;23;47;0;72;19;0.52;1.0;1.0;0;0;197;0;47;4.75;8.7;2.11;8.3;345;128;14.93;16.51;1.106;0;1;0;0;0;0;0;0;0;1;0;414;;163;57;7;45
376.77;2267;38;38;15;4.38;71;0;23;47;0;72;19;0.52;1.0;1.0;0;0;197;0;47;4.75;8.7;2.11;8.3;345;128;14.93;16.51;1.106;0;1;0;0;0;0;0;0;0;1;0;418;;163;57;5;70
377.17;2254;30;30;11;3.71;71;0;23;46;0;65;15;0.47;1.0;1.0;0;0;197;0;47;3.75;6.4;1.84;7.0;345;128;14.82;16.51;1.114;0;1;0;0;0;0;0;0;0;1;0;361;;164;57;6;90
377.57;2190;38;38;13;4.45;72;0;23;47;0;72;19;0.53;1.0;1.0;0;0;197;0;47;4.75;7.6;2.14;8.1;345;128;14.82;17.41;1.175;0;1;0;0;0;0;0;0;0;1;0;417;;163;57;7;72
377.98;1934;16;16;0;2.41;71;0;38;22;0;52;7;0.33;1.0;1.0;0;0;197;0;32;2.0;0.0;1.32;3.9;345;128;14.82;17.41;1.175;0;1;0;0;0;1;0;0;0;1;0;261;;164;57;9;77
378.37;1831;32;32;6;3.92;72;0;26;44;0;65;13;0.5;1.0;1.0;0;0;197;0;44;4.0;3.5;1.93;6.0;345;128;14.7;16.11;1.096;0;1;0;0;0;0;0;0;0;1;0;360;;163;57;5;89
378.77;2088;32;32;11;3.83;71;0;23;47;0;66;15;0.48;1.0;1.0;0;0;197;0;47;4.0;6.4;1.89;6.7;345;128;14.82;16.11;1.087;0;1;0;0;0;0;0;0;0;1;0;374;;164;57;2;90
379.18;2100;31;31;10;3.73;71;0;23;47;0;65;14;0.48;1.0;1.0;0;0;197;0;47;3.88;5.8;1.85;6.5;345;128;14.82;16.11;1.087;0;1;0;0;0;0;0;0;0;1;0;362;;164;58;1;89
379.57;2036;24;24;8;3.11;71;0;26;44;0;60;11;0.4;1.0;1.0;0;0;197;0;44;3.0;4.7;1.6;5.3;345;128;14.82;15.31;1.033;0;1;0;0;0;0;0;0;0;1;0;326;;165;58;4;85
379.99;2036;28;28;8;3.48;71;0;25;45;0;63;13;0.45;1.0;1.0;0;0;197;0;45;3.5;4.7;1.75;5.9;345;128;14.82;15.31;1.033;0;1;0;0;0;0;0;0;0;1;0;349;;165;58;1;88
380.4;2088;35;35;13;4.16;71;0;24;46;0;70;16;0.52;1.0;1.0;0;0;197;0;46;4.38;7.6;2.02;7.2;345;128;14.82;15.71;1.06;0;1;0;0;0;0;0;0;0;1;0;396;;165;58;1;86
380.81;2203;40;40;13;4.63;71;0;24;46;0;74;20;0.55;1.0;1.0;0;0;197;0;46;5.0;7.6;2.21;8.5;345;128;14.82;15.71;1.06;0;1;0;0;0;0;0;0;0;1;0;430;;164;57;0;101
381.2;2152;40;40;13;4.58;71;0;24;46;0;74;20;0.55;1.0;1.0;0;0;197;0;46;5.0;7.6;2.19;8.2;345;128;14.82;15.71;1.06;0;1;0;0;0;0;0;0;0;1;0;430;;164;57;0;102
381.59;2164;41;41;14;4.73;71;0;25;45;0;75;21;0.56;1.0;1.0;0;0;197;0;45;5.12;8.1;2.25;8.5;345;128;14.82;15.52;1.047;0;1;0;0;0;0;0;0;0;1;0;437;;164;57;0;101
382.01;2190;46;46;18;5.15;72;0;27;43;0;78;23;0.59;1.0;1.0;0;0;197;0;43;5.75;10.5;2.42;9.4;345;128;14.82;15.52;1.047;0;1;0;0;0;0;0;0;0;1;0;459;;163;57;0;104
382.19;2331;49;49;19;5.4;72;0;28;42;0;80;25;0.61;1.0;1.0;0;0;197;0;42;6.12;11.0;2.52;10.5;345;128;14.93;15.52;1.04;0;1;0;0;0;0;0;0;0;1;0;475;;163;57;0;107
382.61;2382;52;52;20;5.67;72;0;30;40;0;83;27;0.62;1.0;1.0;0;0;197;0;40;6.5;11.6;2.63;11.3;345;128;14.93;16.41;1.099;0;1;0;0;0;0;0;0;0;1;0;497;;163;57;0;109
382.99;2369;55;55;23;6.01;73;0;31;39;0;86;29;0.64;1.0;1.0;0;0;197;0;39;6.88;13.4;2.77;11.9;345;128;14.82;16.41;1.107;0;1;0;0;0;0;0;0;0;1;0;522;;162;57;0;114
383.4;2421;56;56;24;6.12;74;0;31;39;0;88;30;0.64;1.0;1.0;0;0;197;0;39;7.0;14.0;2.82;12.3;345;128;14.82;15.31;1.033;0;1;0;0;0;0;0;0;0;1;0;535;;160;57;0;146
383.82;2485;57;57;26;6.15;74;0;32;38;0;89;31;0.62;1.0;1.0;0;0;199;0;38;7.12;15.1;2.83;12.7;345;128;14.82;15.31;1.033;0;1;0;0;0;0;0;0;0;1;0;545;;161;57;0;106
384.22;2408;57;57;26;6.22;74;0;31;39;0;90;31;0.65;1.0;1.0;0;0;199;0;39;7.12;15.1;2.86;12.5;345;128;14.82;15.31;1.033;0;1;0;0;0;0;0;0;0;1;0;552;;160;57;0;140
384.61;2600;77;77;50;8.42;74;0;43;27;0;102;44;0.74;1.0;1.0;0;0;199;0;27;9.62;29.1;3.74;18.2;345;128;13.54;12.01;0.887;0;1;0;0;0;0;0;0;0;1;0;637;;161;57;0;153
385.01;2818;80;80;67;9.11;75;0;50;21;-1;108;51;0.73;1.0;1.0;0;0;199;0;20;10.0;39.0;4.02;21.4;345;128;13.54;12.01;0.887;0;1;0;0;0;0;0;0;0;1;0;689;;159;56;9;52
385.41;2754;81;81;63;9.25;76;0;50;21;-1;109;51;0.77;1.0;1.0;0;0;199;0;20;10.12;36.6;4.08;21.2;345;128;13.54;11.31;0.835;0;1;0;0;0;0;0;0;0;1;0;698;;158;56;11;155
385.83;2971;87;87;115;10;76;0;52;20;-2;114;58;0.75;1.0;1.0;0;0;199;0;18;10.88;66.9;4.45;25.2;345;128;13.54;11.31;0.835;0;1;0;0;0;0;0;0;0;1;0;731;;158;57;10;155
386.22;3663;84;84;112;9.55;76;0;45;26;-1;114;69;0.73;1.0;1.0;0;0;199;0;25;10.5;65.1;4.2;29.2;345;128;13.63;11.31;0.83;0;1;0;0;0;0;0;0;0;1;0;730;;158;56;12;70
386.64;3714;88;88;108;11;75;0;45;26;-1;117;74;0.74;1.0;1.0;0;0;199;0;25;11.0;62.8;4.6;32.7;345;128;13.63;12.51;0.918;0;1;0;0;0;0;0;0;0;1;0;757;;159;56;12;147
387.03;3816;89;89;106;11;77;0;45;26;-1;119;77;0.75;1.0;1.0;0;0;199;0;25;11.12;61.6;4.71;34.4;345;128;11.91;12.51;1.05;0;1;0;0;0;0;0;0;0;1;0;768;;156;57;9;163
387.44;3906;92;92;105;11;76;0;45;26;-1;120;80;0.76;1.0;1.0;0;0;199;0;25;11.5;61.0;4.95;37.2;345;128;11.61;11.81;1.017;0;1;0;0;0;0;0;0;0;1;0;775;;158;57;14;166
387.84;3970;93;93;100;12;76;0;45;26;-1;122;84;0.77;1.0;1.0;0;0;199;0;25;11.62;58.1;5.05;38.6;345;128;11.61;11.81;1.017;0;1;0;0;0;0;0;0;0;1;0;788;;158;57;15;149
388.04;4021;94;94;96;12;76;0;45;26;-1;122;85;0.77;1.0;1.0;0;0;199;0;25;11.75;55.8;5.1;39.5;345;128;11.61;11.81;1.017;0;1;0;0;0;0;0;0;0;1;0;788;;157;57;17;165
388.44;4047;94;94;94;12;76;0;46;25;-1;122;86;0.77;1.0;1.0;0;0;199;0;24;11.75;54.7;5.18;40.5;345;128;11.61;11.41;0.983;0;1;0;0;0;0;0;0;0;1;0;795;;157;57;18;168
388.84;3970;86;86;55;11;77;0;44;27;-1;114;78;0.76;1.0;1.0;0;0;199;0;26;10.75;32.0;4.59;34.8;345;128;12.54;11.41;0.91;0;1;0;0;0;0;0;0;0;1;0;732;;157;56;18;163
389.25;3189;83;83;48;9.48;77;0;50;21;-1;113;61;0.74;1.0;1.0;0;0;199;0;20;10.38;27.9;4.18;25.2;345;128;13.63;11.41;0.837;0;1;0;0;0;0;0;0;0;1;0;721;;156;56;19;155
389.66;3086;83;83;48;9.48;77;0;50;21;-1;112;57;0.73;1.0;1.0;0;0;199;0;20;10.38;27.9;4.18;24.4;345;128;13.63;12.11;0.888;0;1;0;0;0;0;0;0;0;1;0;716;;156;57;19;154
390.05;3086;82;82;50;9.35;76;0;50;21;-1;112;58;0.73;1.0;1.0;0;0;199;0;20;10.25;29.1;4.12;24.0;345;128;13.63;12.11;0.888;0;1;0;0;0;0;0;0;0;1;0;716;;157;56;23;74
390.44;3112;83;83;53;9.63;77;0;49;21;0;112;58;0.73;1.0;1.0;0;0;199;0;21;10.38;30.8;4.24;25.0;345;128;13.63;11.71;0.859;0;1;0;0;0;0;0;0;0;1;0;719;;156;56;22;164
390.86;3163;82;82;54;9.45;76;0;49;21;0;112;59;0.73;1.0;1.0;0;0;199;0;21;10.25;31.4;4.16;24.9;345;128;13.63;11.71;0.859;0;1;0;0;0;0;0;0;0;1;0;717;;156;56;24;52
391.27;3086;61;61;28;6.77;76;0;34;36;0;91;43;0.68;1.0;1.0;0;0;199;0;36;7.62;16.3;3.09;17.4;345;128;14.15;11.71;0.828;0;1;0;0;0;0;0;0;0;1;0;556;;157;56;28;148
391.65;2856;35;35;14;4.18;75;0;20;50;0;69;23;0.52;1.0;1.0;0;0;199;0;50;4.38;8.1;2.05;9.9;345;128;14.93;12.41;0.831;0;1;0;0;0;0;0;0;0;1;0;395;;159;57;26;92
392.06;2779;31;31;14;3.78;75;0;20;50;0;64;19;0.48;1.0;1.0;0;0;199;0;50;3.88;8.1;1.89;8.8;345;128;14.93;12.41;0.831;0;1;0;0;0;0;0;0;0;1;0;354;;159;56;29;53
392.48;2766;29;29;14;3.62;74;0;20;50;0;63;18;0.47;1.0;1.0;0;0;199;0;50;3.62;8.1;1.82;8.3;345;128;14.93;14.62;0.979;0;1;0;0;0;0;0;0;0;1;0;348;;160;57;24;88
392.88;2779;29;29;14;3.62;74;0;20;50;0;63;18;0.47;1.0;1.0;0;0;199;0;50;3.62;8.1;1.82;8.4;345;128;14.93;14.62;0.979;0;1;0;0;0;0;0;0;0;1;0;350;;161;56;19;51
393.28;2689;29;29;14;3.6;74;0;20;50;0;63;18;0.47;1.0;1.0;0;0;199;0;50;3.62;8.1;1.81;8.1;345;128;14.93;14.62;0.979;0;1;0;0;0;0;0;0;0;1;0;348;;160;56;15;83
393.67;2741;29;29;14;3.62;74;0;20;50;0;63;18;0.47;1.0;1.0;0;0;199;0;50;3.62;8.1;1.82;8.3;345;128;14.93;15.11;1.012;0;1;0;0;0;0;0;0;0;1;0;351;;160;57;5;86
393.89;2549;18;18;8;2.62;74;0;29;41;0;53;11;0.35;1.0;1.0;0;0;199;0;41;2.25;4.7;1.42;5.6;345;128;14.82;15.11;1.02;0;1;0;0;0;0;0;0;0;1;0;275;;161;56;28;77
394.27;2613;26;26;10;3.32;74;0;21;49;0;60;15;0.45;1.0;1.0;0;0;199;0;49;3.25;5.8;1.7;7.2;345;128;14.82;15.11;1.02;0;1;0;0;0;0;0;0;0;1;0;323;;161;56;8;146
394.67;2600;27;27;10;3.41;73;0;20;50;0;61;16;0.45;1.0;1.0;0;0;199;0;50;3.38;5.8;1.73;7.4;345;128;14.82;14.91;1.006;0;1;0;0;0;0;0;0;0;1;0;332;;162;56;2;85
395.07;2689;29;29;12;3.55;72;0;20;50;0;62;17;0.46;1.0;1.0;0;0;199;0;50;3.62;7.0;1.78;8.0;345;128;14.93;14.91;0.999;0;1;0;0;0;0;0;0;0;1;0;338;;163;56;1;86
395.49;2754;40;40;19;4.55;72;0;23;47;0;74;25;0.54;1.0;1.0;0;0;199;0;47;5.0;11.0;2.18;10.4;345;128;15.05;14.21;0.944;0;1;0;0;0;0;0;0;0;1;0;433;;163;56;1;101
395.88;2433;17;17;5;2.48;71;0;31;39;0;53;9;0.34;1.0;1.0;0;0;199;0;39;2.12;2.9;1.35;5.0;345;128;14.82;14.21;0.959;0;1;0;0;0;0;0;0;0;1;0;268;;165;56;32;77
396.29;2549;27;27;10;3.41;71;0;20;50;0;61;16;0.46;1.0;1.0;0;0;199;0;50;3.38;5.8;1.72;7.2;345;128;14.82;14.21;0.959;0;1;0;0;0;0;0;0;0;1;0;332;;165;56;13;86
396.68;2613;29;29;12;3.58;71;0;20;50;0;63;17;0.46;1.0;1.0;0;0;199;0;50;3.62;7.0;1.79;7.8;345;128;14.82;14.51;0.979;0;1;0;0;0;0;0;0;0;1;0;348;;165;56;19;88
397.09;2664;33;33;13;3.95;70;0;20;50;0;67;20;0.49;1.0;1.0;0;0;199;0;50;4.12;7.6;1.93;8.8;345;128;14.82;14.51;0.979;0;1;0;0;0;0;0;0;0;1;0;379;;166;56;3;90
397.5;2702;39;39;17;4.43;69;0;22;48;0;73;23;0.53;1.0;1.0;0;0;199;0;48;4.88;9.9;2.12;10.0;345;128;15.05;15.41;1.024;0;1;0;0;0;0;0;0;0;1;0;426;;167;56;0;101
397.89;2613;33;33;18;3.92;70;0;20;50;0;68;20;0.49;1.0;1.0;0;0;199;0;50;4.12;10.5;1.92;8.5;345;128;14.82;15.41;1.04;0;1;0;0;0;0;0;0;0;1;0;383;;166;56;0;91
398.31;2613;30;30;13;3.66;69;0;20;50;0;65;18;0.47;1.0;1.0;0;0;199;0;50;3.75;7.6;1.81;8.0;345;128;14.82;15.41;1.04;0;1;0;0;0;0;0;0;0;1;0;362;;167;56;4;57
398.7;2574;31;31;13;3.77;70;0;20;50;0;66;18;0.48;1.0;1.0;0;0;199;0;50;3.88;7.6;1.86;8.1;345;128;14.82;15.91;1.074;0;1;0;0;0;0;0;0;0;1;0;370;;166;56;21;90
399.1;2549;32;32;13;3.87;70;0;20;50;0;68;19;0.48;1.0;1.0;0;0;199;0;50;4.0;7.6;1.9;8.2;345;128;14.82;15.91;1.074;0;1;0;0;0;0;0;0;0;1;0;380;;166;56;4;90
399.51;2651;34;34;14;4.05;70;0;21;49;0;69;20;0.5;1.0;1.0;0;0;199;0;49;4.25;8.1;1.97;8.9;345;128;14.82;15.12;1.02;0;1;0;0;0;0;0;0;0;1;0;395;;165;56;1;52
399.71;2600;35;35;14;4.11;71;0;21;49;0;70;20;0.5;1.0;1.0;0;0;199;0;49;4.38;8.1;2.0;8.9;345;128;14.93;15.12;1.013;0;1;0;0;0;0;0;0;0;1;0;402;;165;56;0;100
400.12;2549;35;35;14;4.13;71;0;21;49;0;70;21;0.5;1.0;1.0;0;0;199;0;49;4.38;8.1;2.01;8.8;345;128;14.93;15.12;1.013;0;1;0;0;0;0;0;0;0;1;0;402;;165;56;0;100
400.52;2587;43;43;20;4.86;71;0;25;45;0;77;26;0.56;1.0;1.0;0;0;199;0;45;5.38;11.6;2.3;10.5;345;128;14.93;16.11;1.079;0;1;0;0;0;0;0;0;0;1;0;453;;164;55;0;106
400.91;2651;32;32;11;3.9;72;0;20;50;0;67;19;0.48;1.0;1.0;0;0;199;0;50;4.0;6.4;1.92;8.6;345;128;14.82;16.11;1.087;0;1;0;0;0;0;0;0;0;1;0;379;;163;55;5;90
401.34;2382;17;17;5;2.51;73;0;31;39;0;52;9;0.33;1.0;1.0;0;0;199;0;39;2.12;2.9;1.37;5.0;345;128;14.82;16.11;1.087;0;1;0;0;0;0;0;0;0;1;0;266;;161;55;28;77
401.72;2062;12;12;0;2.0;74;0;56;25;0;46;5;0.26;1.0;1.0;0;0;199;0;14;1.5;0.0;1.17;3.4;345;128;14.82;11.91;0.804;0;1;0;0;0;1;0;0;0;1;0;218;;161;55;25;73
402.13;1895;13;13;0;2.08;71;0;69;21;0;48;5;0.27;1.0;1.0;0;0;199;0;1;1.62;0.0;1.19;3.3;345;128;14.82;11.91;0.804;0;1;0;0;0;1;0;0;0;1;0;233;;164;55;5;74
402.53;2088;23;23;5;2.98;71;0;28;42;0;58;10;0.39;1.0;1.0;0;0;199;0;42;2.88;2.9;1.55;5.2;345;128;14.82;20.92;1.412;0;1;0;0;0;0;0;0;0;1;0;310;;165;55;2;84
402.93;2331;22;22;5;2.93;71;0;24;46;0;56;12;0.39;1.0;1.0;0;0;199;0;46;2.75;2.9;1.53;5.7;345;128;14.82;20.92;1.412;0;1;0;0;0;0;0;0;0;1;0;299;;164;55;0;36
403.34;2382;23;23;5;3.01;71;0;25;45;0;57;12;0.41;1.0;1.0;0;0;199;0;45;2.88;2.9;1.56;6.0;345;128;14.82;20.92;1.412;0;1;0;0;0;0;0;0;0;1;0;305;;164;55;1;84
403.74;2356;28;28;9;3.48;71;0;20;50;0;62;15;0.45;1.0;1.0;0;0;199;0;50;3.5;5.2;1.75;6.8;345;128;14.82;14.52;0.98;0;1;0;0;0;0;0;0;0;1;0;337;;165;55;0;86
404.13;2421;23;23;3;3.06;71;0;21;49;0;57;12;0.41;1.0;1.0;0;0;199;0;49;2.88;1.7;1.58;6.2;345;128;14.82;14.52;0.98;0;1;0;0;0;0;0;0;0;1;0;304;;165;55;0;41
404.55;2049;12;12;0;2.03;71;0;58;22;0;48;5;0.27;1.0;1.0;0;0;199;0;12;1.5;0.0;1.17;3.5;345;128;14.82;14.52;0.98;0;1;0;0;0;1;0;0;0;1;0;233;;165;55;26;74
404.94;1819;18;18;0;2.58;71;0;70;20;0;53;7;0.35;1.0;1.0;0;0;199;0;0;2.25;0.0;1.39;3.9;345;128;14.7;14.52;0.988;0;1;0;0;0;1;0;0;0;1;0;270;;164;55;5;41
405.36;1780;25;25;4;3.2;70;0;34;42;0;59;10;0.43;1.0;1.0;0;0;199;0;36;3.12;2.3;1.63;4.7;345;128;14.7;14.52;0.988;0;1;0;0;0;0;0;0;0;1;0;316;;166;55;3;85
405.56;2497;45;45;18;5.0;70;0;26;44;0;78;24;0.57;1.0;1.0;0;0;199;0;44;5.62;10.5;2.35;10.4;345;128;14.93;15.92;1.066;0;1;0;0;0;0;0;0;0;1;0;458;;166;55;1;106
405.94;2421;40;40;18;4.53;71;0;23;47;0;74;22;0.54;1.0;1.0;0;0;200;0;47;5.0;10.5;2.17;9.1;345;128;14.93;15.92;1.066;0;1;0;0;0;0;0;0;0;1;0;431;;163;54;0;76
406.37;2356;40;40;18;4.53;71;0;23;47;0;74;21;0.54;1.0;1.0;0;0;200;0;47;5.0;10.5;2.17;8.9;345;128;14.93;15.92;1.066;0;1;0;0;0;0;0;0;0;1;0;434;;165;55;0;102
406.76;2856;71;71;51;7.87;74;0;42;28;0;102;45;0.68;1.0;1.0;0;0;200;0;28;8.88;29.7;3.52;18.7;345;128;14.04;13.61;0.969;0;1;0;0;0;0;0;0;0;1;0;642;;161;54;17;153
407.17;2856;71;71;51;7.86;75;0;40;30;0;103;46;0.69;1.0;1.0;0;0;200;0;30;8.88;29.7;3.52;18.7;345;128;14.04;13.61;0.969;0;1;0;0;0;0;0;0;0;1;0;649;;159;55;19;113
407.58;2933;72;72;50;8.0;76;0;40;30;0;104;47;0.69;1.0;1.0;0;0;200;0;30;9.0;29.1;3.58;19.6;345;128;14.04;15.12;1.077;0;1;0;0;0;0;0;0;0;1;0;654;;158;55;18;154
407.98;2856;66;66;38;7.25;76;0;37;34;0;99;42;0.66;1.0;1.0;0;0;200;0;33;8.25;22.1;3.28;17.3;345;128;14.59;15.12;1.036;0;1;0;0;0;0;0;0;0;1;0;620;;158;55;15;151
408.37;2638;39;39;14;4.52;74;0;24;46;0;74;23;0.53;1.0;1.0;0;0;200;0;46;4.88;8.1;2.18;9.9;345;128;14.93;15.12;1.013;0;1;0;0;0;0;0;0;0;1;0;430;;160;55;21;102
408.78;2433;29;29;13;3.63;73;0;21;49;0;64;16;0.47;1.0;1.0;0;0;200;0;49;3.62;7.6;1.82;7.4;345;128;14.82;13.42;0.906;0;1;0;0;0;0;0;0;0;1;0;354;;162;55;23;88
409.17;2485;34;34;13;4.0;72;0;20;49;0;69;19;0.49;1.0;1.0;0;0;200;0;50;4.25;7.6;1.96;8.3;345;128;14.82;13.42;0.906;0;1;0;0;0;0;0;0;0;1;0;390;;163;55;2;91
409.59;2497;31;31;13;3.76;71;0;20;50;0;66;17;0.47;1.0;1.0;0;0;200;0;50;3.88;7.6;1.86;7.8;345;128;14.82;15.12;1.02;0;1;0;0;0;0;0;0;0;1;0;374;;164;55;0;90
409.99;2421;32;32;13;3.91;71;0;20;50;0;68;18;0.49;1.0;1.0;0;0;200;0;50;4.0;7.6;1.92;7.9;345;128;14.82;15.12;1.02;0;1;0;0;0;0;0;0;0;1;0;380;;165;56;0;90
410.39;2536;34;34;13;4.03;71;0;21;49;0;69;19;0.49;1.0;1.0;0;0;200;0;49;4.25;7.6;1.97;8.5;345;128;14.82;15.12;1.02;0;1;0;0;0;0;0;0;0;1;0;394;;165;55;0;99
410.79;2638;46;46;19;5.08;71;0;26;43;0;79;26;0.58;1.0;1.0;0;0;200;0;44;5.75;11.0;2.39;11.2;345;128;14.93;15.02;1.006;0;1;0;0;0;0;0;0;0;1;0;465;;165;55;0;105
410.99;2664;55;55;26;6.03;71;0;29;41;0;88;33;0.62;1.0;1.0;0;0;200;0;41;6.88;15.1;2.77;13.4;345;128;14.82;15.02;1.013;0;1;0;0;0;0;0;0;0;1;0;532;;164;55;0;57
411.4;2664;48;48;23;5.33;71;0;28;42;0;81;29;0.59;1.0;1.0;0;0;200;0;42;6.0;13.4;2.49;11.8;345;128;14.93;15.02;1.006;0;1;0;0;0;0;0;0;0;1;0;486;;164;55;0;43
411.81;2651;47;47;22;5.27;72;0;28;42;0;80;28;0.59;1.0;1.0;0;0;200;0;42;5.88;12.8;2.47;11.6;345;128;14.93;16.91;1.133;0;1;0;0;0;0;0;0;0;1;0;476;;163;55;0;107
412.2;2664;41;41;19;4.71;71;0;26;45;0;75;24;0.54;1.0;1.0;0;0;200;0;44;5.12;11.0;2.24;10.5;345;128;14.93;16.91;1.133;0;1;0;0;0;0;0;0;0;1;0;442;;164;55;0;91
412.61;2254;14;14;0;2.17;72;0;33;25;0;48;7;0.29;1.0;1.0;0;0;200;0;37;1.75;0.0;1.23;4.1;345;128;14.82;11.21;0.756;0;1;0;0;0;1;0;0;0;1;0;233;;163;55;24;74
413.01;2497;30;30;11;3.68;71;0;20;50;0;65;16;0.46;1.0;1.0;0;0;200;0;50;3.75;6.4;1.83;7.7;345;128;14.82;11.21;0.756;0;1;0;0;0;0;0;0;0;1;0;360;;164;55;6;89
413.42;2446;23;23;9;3.0;72;0;24;46;0;57;12;0.41;1.0;1.0;0;0;200;0;46;2.88;5.2;1.56;6.1;345;128;14.82;11.21;0.756;0;1;0;0;0;0;0;0;0;1;0;303;;163;55;23;84
413.82;2356;27;27;11;3.38;71;0;22;48;0;61;14;0.45;1.0;1.0;0;0;200;0;48;3.38;6.4;1.71;6.6;345;128;14.82;15.41;1.04;0;1;0;0;0;0;0;0;0;1;0;331;;164;55;9;86
414.21;2433;34;34;14;3.98;71;0;21;49;0;69;18;0.5;1.0;1.0;0;0;200;0;49;4.25;8.1;1.95;8.1;345;128;14.82;15.41;1.04;0;1;0;0;0;0;0;0;0;1;0;390;;164;55;0;91
414.62;2613;49;49;21;5.41;71;0;28;42;0;82;29;0.6;1.0;1.0;0;0;200;0;42;6.12;12.2;2.52;11.8;345;128;14.93;15.32;1.026;0;1;0;0;0;0;0;0;0;1;0;489;;165;55;0;108
415.02;2536;52;52;25;5.76;71;0;29;41;0;86;31;0.62;1.0;1.0;0;0;200;0;41;6.5;14.5;2.66;12.2;345;128;14.93;15.32;1.026;0;1;0;0;0;0;0;0;0;1;0;518;;164;55;0;114
415.42;2689;52;52;26;5.8;72;0;29;41;0;86;31;0.62;1.0;1.0;0;0;200;0;41;6.5;15.1;2.68;13.0;345;128;14.7;15.32;1.042;0;1;0;0;0;0;0;0;0;1;0;517;;163;56;0;102
415.83;2523;36;36;18;4.17;72;0;21;49;0;71;20;0.51;1.0;1.0;0;0;200;0;49;4.5;10.5;2.03;8.8;345;128;14.93;15.21;1.019;0;1;0;0;0;0;0;0;0;1;0;407;;163;56;10;99
416.24;2497;38;38;18;4.36;71;0;22;48;0;73;21;0.52;1.0;1.0;0;0;200;0;48;4.75;10.5;2.1;9.1;345;128;14.93;15.21;1.019;0;1;0;0;0;0;0;0;0;1;0;423;;164;56;0;102
416.62;2523;38;38;18;4.38;71;0;22;47;0;73;22;0.52;1.0;1.0;0;0;200;0;48;4.75;10.5;2.11;9.2;345;128;14.93;17.11;1.146;0;1;0;0;0;0;0;0;0;1;0;426;;164;56;0;102
416.83;2472;28;28;10;3.51;71;0;20;50;0;62;16;0.46;1.0;1.0;0;0;200;0;50;3.5;5.8;1.76;7.2;345;128;14.82;17.11;1.155;0;1;0;0;0;0;0;0;0;1;0;341;;164;56;0;86
417.25;2408;23;23;8;3.03;71;0;22;48;0;57;12;0.41;1.0;1.0;0;0;200;0;48;2.88;4.7;1.57;6.1;345;128;14.82;17.11;1.155;0;1;0;0;0;0;0;0;0;1;0;307;;164;56;20;83
417.64;2267;15;15;5;2.35;72;0;33;37;0;51;8;0.31;1.0;1.0;0;0;200;0;37;1.88;2.9;1.3;4.4;345;128;14.82;14.61;0.986;0;1;0;0;0;0;0;0;0;1;0;256;;163;56;22;76
418.05;2254;18;18;5;2.53;71;0;30;40;0;53;9;0.34;1.0;1.0;0;0;200;0;40;2.25;2.9;1.37;4.8;345;128;14.82;14.61;0.986;0;1;0;0;0;0;0;0;0;1;0;270;;164;56;9;77
418.43;2267;19;19;5;2.63;71;0;29;41;0;54;9;0.36;1.0;1.0;0;0;200;0;41;2.38;2.9;1.41;5.0;345;128;14.82;14.61;0.986;0;1;0;0;0;0;0;0;0;1;0;281;;165;56;3;82
418.85;2190;16;16;4;2.38;71;0;32;38;0;52;8;0.32;1.0;1.0;0;0;200;0;38;2.0;2.3;1.31;4.3;345;128;14.82;14.91;1.006;0;1;0;0;0;0;0;0;0;1;0;262;;165;56;4;77
419.25;1934;12;12;0;2.01;71;0;53;25;0;47;5;0.27;1.0;1.0;0;0;200;0;17;1.5;0.0;1.16;3.2;345;128;14.82;14.91;1.006;0;1;0;0;0;1;0;0;0;1;0;230;;165;56;18;74
419.64;1639;16;16;0;2.37;70;0;68;20;0;51;6;0.32;1.0;1.0;0;0;200;0;2;2.0;0.0;1.3;3.2;345;128;14.7;14.91;1.014;0;1;0;0;0;1;0;0;0;1;0;259;;166;55;5;76
420.06;1562;17;17;0;2.46;69;0;70;20;0;52;6;0.33;1.0;1.0;0;0;200;0;0;2.12;0.0;1.33;3.2;345;128;14.7;14.91;1.014;0;1;0;0;0;1;0;0;0;1;0;266;;167;55;3;77
420.45;1614;22;22;3;2.93;71;0;66;38;0;56;8;0.41;1.0;1.0;0;0;200;0;4;2.75;1.7;1.53;3.9;345;128;14.7;14.91;1.014;0;1;0;0;0;0;0;0;0;1;0;293;;165;55;2;83
420.86;2152;31;31;8;3.71;69;0;23;47;0;65;15;0.48;1.0;1.0;0;0;200;0;47;3.88;4.7;1.83;6.7;345;128;14.82;19.72;1.331;0;1;0;0;0;0;0;0;0;1;0;360;;167;55;1;89
421.26;2164;36;36;14;4.22;70;0;23;47;0;71;18;0.52;1.0;1.0;0;0;200;0;47;4.5;8.1;2.04;7.6;345;128;14.82;19.72;1.331;0;1;0;0;0;0;0;0;0;1;0;404;;166;55;1;100
421.66;2651;80;80;76;12;73;181;48;22;0;104;47;0.76;1.0;1.0;0;0;200;0;22;10.0;44.2;5.02;25.7;345;128;13.54;9.51;0.702;0;1;0;0;0;0;0;0;0;1;0;657;;162;55;18;154
422.07;2869;76;76;117;8.56;75;0;46;24;0;107;50;0.7;1.0;1.0;0;0;200;0;24;9.5;68.0;3.8;20.5;345;128;14.04;9.51;0.677;0;1;0;0;0;0;0;0;0;1;0;683;;159;55;20;145
422.48;3586;77;77;117;8.62;76;0;43;27;0;109;62;0.7;1.0;1.0;0;0;200;0;27;9.62;68.0;3.83;25.8;345;128;13.63;9.51;0.698;0;1;0;0;0;0;0;0;0;1;0;695;;158;56;18;155
422.67;3650;84;84;117;9.72;76;0;45;26;-1;114;69;0.73;1.0;1.0;0;0;200;0;25;10.5;68.0;4.27;29.6;345;128;13.63;13.81;1.013;0;1;0;0;0;0;0;0;0;1;0;730;;158;56;18;147
423.07;3740;87;87;114;10;76;0;45;26;-1;117;74;0.74;1.0;1.0;0;0;200;0;25;10.88;66.3;4.52;32.3;345;128;13.63;13.81;1.013;0;1;0;0;0;0;0;0;0;1;0;757;;158;56;20;73
423.49;3855;90;90;112;11;76;0;45;26;-1;119;78;0.75;1.0;1.0;0;0;200;0;25;11.25;65.1;4.8;35.5;345;128;11.91;13.81;1.16;0;1;0;0;0;0;0;0;0;1;0;766;;158;55;23;74
423.89;3906;92;92;109;11;76;0;45;26;-1;121;81;0.76;1.0;1.0;0;0;200;0;25;11.5;63.4;4.95;37.2;345;128;11.61;13.41;1.155;0;1;0;0;0;0;0;0;0;1;0;786;;157;56;24;166
424.28;3970;93;93;105;12;76;0;45;26;-1;121;83;0.76;1.0;1.0;0;0;200;0;25;11.62;61.0;5.06;38.7;345;128;11.61;13.41;1.155;0;1;0;0;0;0;0;0;0;1;0;786;;158;55;26;165
424.69;4021;94;94;104;12;76;0;46;25;-1;122;86;0.77;1.0;1.0;0;0;200;0;24;11.75;60.5;5.2;40.4;345;128;11.61;11.91;1.026;0;1;0;0;0;0;0;0;0;1;0;792;;157;56;27;169
425.08;4034;96;96;101;12;76;0;46;25;-1;124;88;0.77;1.0;1.0;0;0;200;0;24;12.0;58.7;5.27;41.1;345;128;11.61;11.91;1.026;0;1;0;0;0;0;0;0;0;1;0;805;;157;55;29;165
425.48;4085;95;95;100;12;76;0;46;25;-1;124;89;0.77;1.0;1.0;0;0;200;0;24;11.88;58.1;5.26;41.5;345;128;11.61;11.91;1.026;0;1;0;0;0;0;0;0;0;1;0;806;;157;56;30;165
425.9;4214;94;94;99;12;76;0;45;26;-1;123;90;0.76;1.0;1.0;0;0;200;0;25;11.75;57.6;5.2;42.3;345;128;11.61;11.31;0.974;0;1;0;0;0;0;0;0;0;1;0;801;;157;56;31;169
426.31;4252;94;94;97;12;77;0;45;26;-1;124;91;0.76;1.0;1.0;0;0;200;0;25;11.75;56.4;5.23;42.9;345;128;11.61;11.31;0.974;0;1;0;0;0;0;0;0;0;1;0;805;;156;55;30;165
426.71;4354;91;91;77;12;76;0;45;26;-1;122;90;0.74;1.0;1.0;0;0;200;0;25;11.38;44.8;5.11;42.9;345;128;11.33;11.01;0.972;0;1;0;0;0;0;0;0;0;1;0;795;;157;56;34;169
427.09;3752;67;67;29;7.72;76;0;40;31;-1;97;58;0.7;1.0;1.0;0;0;200;0;30;8.38;16.9;3.47;24.1;345;128;14.15;11.01;0.778;0;1;0;0;0;0;0;0;0;1;0;603;;158;56;37;76
427.51;2997;46;46;21;5.25;74;0;29;42;-1;79;31;0.58;1.0;1.0;0;0;200;0;41;5.75;12.2;2.47;13.1;345;128;14.7;11.01;0.749;0;1;0;0;0;0;0;0;0;1;0;471;;160;56;36;102
427.9;2984;47;47;21;5.35;74;0;28;42;0;81;32;0.59;1.0;1.0;0;0;200;0;42;5.88;12.2;2.51;13.3;345;128;14.7;14.21;0.967;0;1;0;0;0;0;0;0;0;1;0;486;;160;56;30;108
428.32;2702;17;17;0;2.51;75;0;31;25;0;52;11;0.34;1.0;1.0;0;0;200;0;39;2.12;0.0;1.38;5.7;345;128;14.93;14.21;0.952;0;1;0;0;0;1;0;0;0;1;0;262;;159;56;40;77
428.52;2382;14;14;0;2.21;73;0;64;25;0;46;7;0.3;1.0;1.0;0;0;200;0;6;1.75;0.0;1.25;4.4;345;128;14.82;14.21;0.959;0;1;0;0;0;1;0;0;0;1;0;218;;162;56;30;52
428.92;2331;13;13;0;2.13;73;0;65;25;0;46;7;0.3;1.0;1.0;0;0;200;0;5;1.62;0.0;1.22;4.1;345;128;14.82;14.21;0.959;0;1;0;0;0;1;0;0;0;1;0;223;;162;55;1;73
429.33;2164;13;13;0;2.1;72;0;65;25;0;47;6;0.27;1.0;1.0;0;0;200;0;5;1.62;0.0;1.2;3.8;345;128;14.82;14.21;0.959;0;1;0;0;0;1;0;0;0;1;0;224;;163;55;0;74
429.72;2203;13;13;0;2.1;72;0;65;25;0;47;6;0.28;1.0;1.0;0;0;200;0;5;1.62;0.0;1.2;3.9;345;128;14.82;14.21;0.959;0;1;0;0;0;1;0;0;0;1;0;225;;162;55;0;38
430.12;2139;13;13;0;2.06;71;0;65;25;0;47;6;0.27;1.0;1.0;0;0;200;0;5;1.62;0.0;1.18;3.7;345;128;14.82;14.21;0.959;0;1;0;0;0;1;0;0;0;1;0;225;;164;55;0;74
430.54;2139;12;12;0;2.01;71;0;65;25;0;46;6;0.27;1.0;1.0;0;0;200;0;5;1.5;0.0;1.16;3.6;345;128;14.82;14.21;0.959;0;1;0;0;0;1;0;0;0;1;0;222;;164;55;0;73
430.93;2049;12;12;0;2.05;72;0;65;25;0;47;6;0.27;1.0;1.0;0;0;200;0;5;1.5;0.0;1.18;3.5;345;128;14.82;14.21;0.959;0;1;0;0;0;1;0;0;0;1;0;224;;163;55;0;74
431.33;2024;12;12;0;2.03;71;0;66;24;0;47;5;0.27;1.0;1.0;0;0;200;0;4;1.5;0.0;1.17;3.4;345;128;14.82;14.21;0.959;0;1;0;0;0;1;0;0;0;1;0;227;;164;55;0;74
431.75;2024;12;12;0;2.0;70;0;66;23;0;47;5;0.27;1.0;1.0;0;0;200;0;4;1.5;0.0;1.15;3.4;345;128;14.82;14.21;0.959;0;1;0;0;0;1;0;0;0;1;0;230;;166;55;0;73
432.13;1921;13;13;0;2.07;70;0;70;21;0;48;5;0.27;1.0;1.0;0;0;200;0;0;1.62;0.0;1.18;3.3;345;128;14.82;14.21;0.959;0;1;0;0;0;1;0;0;0;1;0;232;;166;55;0;38
432.55;1819;14;14;0;2.16;69;0;70;20;0;49;5;0.29;1.0;1.0;0;0;200;0;0;1.75;0.0;1.21;3.3;345;128;14.7;14.21;0.967;0;1;0;0;0;1;0;0;0;1;0;243;;168;55;0;75
432.96;1255;15;15;0;2.31;69;0;70;20;0;52;4;0.3;1.0;1.0;0;0;200;0;0;1.88;0.0;1.27;2.4;345;128;14.7;14.21;0.967;0;1;0;0;0;1;0;0;0;1;0;267;;168;55;0;73
433.37;1729;17;17;0;2.43;69;0;66;20;0;51;6;0.32;1.0;1.0;0;0;200;0;4;2.12;0.0;1.32;3.5;345;128;14.7;14.21;0.967;0;1;0;0;0;1;0;0;0;1;0;259;;168;56;0;76
433.78;2356;14;14;0;2.12;68;0;65;25;0;46;7;0.3;1.0;1.0;0;0;200;0;5;1.75;0.0;1.19;4.2;345;128;14.82;14.21;0.959;0;1;0;0;0;1;0;0;0;1;0;219;;169;56;0;38
433.96;2536;14;14;0;2.13;69;0;65;25;0;44;8;0.32;1.0;1.0;0;0;200;0;5;1.75;0.0;1.2;4.5;345;128;14.82;14.21;0.959;0;1;0;0;0;1;0;0;0;1;0;206;;167;55;0;70
434.37;3112;66;66;40;7.13;71;0;35;34;0;94;44;0.68;1.0;1.0;0;0;200;0;35;8.25;23.3;3.21;18.5;345;128;14.15;14.21;1.004;0;1;0;0;0;0;0;0;0;1;0;579;;164;55;0;141
434.76;2587;72;72;49;7.83;71;0;39;30;0;101;43;0.73;1.0;1.0;0;0;200;0;31;9.0;28.5;3.49;16.9;345;128;14.04;16.01;1.14;0;1;0;0;0;0;0;0;0;1;0;634;;165;54;0;153
435.17;2741;80;80;63;9.0;72;0;49;21;0;107;50;0.75;1.0;1.0;0;0;200;0;21;10.0;36.6;3.96;20.6;345;128;13.54;16.01;1.182;0;1;0;0;0;0;0;0;0;1;0;679;;163;55;30;154
435.58;2830;81;81;77;9.12;74;0;49;21;0;110;52;0.74;1.0;1.0;0;0;200;0;21;10.12;44.8;4.02;21.5;345;128;13.54;12.91;0.953;0;1;0;0;0;0;0;0;0;1;0;702;;160;55;32;156
435.96;2830;82;82;72;9.31;75;0;49;21;0;111;53;0.75;1.0;1.0;0;0;200;0;21;10.25;41.9;4.1;22.0;345;128;13.54;12.91;0.953;0;1;0;0;0;0;0;0;0;1;0;710;;159;55;29;163
436.36;3086;86;86;90;10;76;0;49;21;0;114;60;0.75;1.0;1.0;0;0;200;0;21;10.75;52.3;4.42;26.0;345;128;13.63;12.91;0.947;0;1;0;0;0;0;0;0;0;1;0;728;;158;55;31;165
436.77;3714;83;83;85;9.57;76;0;44;27;-1;114;70;0.73;1.0;1.0;0;0;200;0;26;10.38;49.4;4.21;29.6;345;128;13.63;14.71;1.079;0;1;0;0;0;0;0;0;0;1;0;729;;158;55;27;163
437.17;3804;87;87;84;10;76;0;44;27;-1;116;74;0.74;1.0;1.0;0;0;200;0;26;10.88;48.8;4.52;32.8;345;128;13.63;14.71;1.079;0;1;0;0;0;0;0;0;0;1;0;751;;158;55;27;148
437.59;3855;87;87;80;11;76;0;44;27;-1;117;76;0.74;1.0;1.0;0;0;200;0;26;10.88;46.5;4.61;34.0;345;128;13.63;13.62;0.999;0;1;0;0;0;0;0;0;0;1;0;756;;157;55;25;165
438.0;3586;73;73;42;8.12;76;0;38;32;0;104;59;0.7;1.0;1.0;0;0;200;0;32;9.12;24.4;3.63;24.3;345;128;13.94;13.62;0.977;0;1;0;0;0;0;0;0;0;1;0;654;;158;55;30;154
438.39;2907;70;70;37;7.78;77;0;40;30;0;103;46;0.68;1.0;1.0;0;0;200;0;30;8.75;21.5;3.5;18.8;345;128;14.04;13.62;0.97;0;1;0;0;0;0;0;0;0;1;0;650;;156;55;21;153
438.81;2933;64;64;32;6.95;76;0;35;35;0;98;42;0.66;1.0;1.0;0;0;200;0;35;8.0;18.6;3.16;17.0;345;128;14.59;15.81;1.084;0;1;0;0;0;0;0;0;0;1;0;608;;158;55;23;150
439.2;2869;57;57;27;6.32;76;0;31;39;0;90;37;0.63;1.0;1.0;0;0;200;0;39;7.12;15.7;2.91;15.1;345;128;14.59;15.81;1.084;0;1;0;0;0;0;0;0;0;1;0;553;;158;55;13;148
439.61;2638;42;42;20;4.77;74;0;25;45;0;76;25;0.55;1.0;1.0;0;0;200;0;45;5.25;11.6;2.28;10.5;345;128;14.93;15.91;1.066;0;1;0;0;0;0;0;0;0;1;0;447;;160;55;33;102
439.8;2689;40;40;20;4.62;76;0;23;47;0;75;24;0.54;1.0;1.0;0;0;200;0;47;5.0;11.6;2.23;10.4;345;128;15.05;15.91;1.057;0;1;0;0;0;0;0;0;0;1;0;441;;158;55;11;105
440.2;2613;39;39;20;4.56;75;0;22;48;0;74;23;0.53;1.0;1.0;0;0;200;0;48;4.88;11.6;2.2;9.9;345;128;14.93;15.91;1.066;0;1;0;0;0;0;0;0;0;1;0;435;;159;55;0;102
440.6;2600;39;39;20;4.55;74;0;23;47;0;74;24;0.53;1.0;1.0;0;0;200;0;47;4.88;11.6;2.19;9.9;345;128;14.93;15.62;1.046;0;1;0;0;0;0;0;0;0;1;0;435;;160;55;0;102
441.0;2754;40;40;20;4.67;76;0;24;46;0;75;24;0.54;1.0;1.0;0;0;200;0;46;5.0;11.6;2.25;10.7;345;128;15.05;15.62;1.038;0;1;0;0;0;0;0;0;0;1;0;441;;158;55;0;104
441.43;2613;35;35;13;4.12;76;0;21;50;0;69;21;0.5;1.0;1.0;0;0;200;0;49;4.38;7.6;2.03;9.0;345;128;14.93;15.62;1.046;0;1;0;0;0;0;0;0;0;1;0;393;;158;55;0;88
441.82;2280;13;13;0;2.08;73;0;46;25;0;45;6;0.29;1.0;1.0;0;0;200;0;24;1.62;0.0;1.2;4.0;345;128;14.82;10.21;0.689;0;1;0;0;0;1;0;0;0;1;0;209;;162;55;40;73
442.22;2088;12;12;1;2.01;73;0;65;25;0;47;5;0.27;1.0;1.0;0;0;200;0;5;1.5;0.6;1.17;3.5;345;128;14.82;10.21;0.689;0;1;0;0;0;1;0;0;0;1;0;225;;162;55;18;70
442.62;2190;18;18;3;2.55;70;0;30;40;0;53;8;0.34;1.0;1.0;0;0;200;0;40;2.25;1.7;1.37;4.7;345;128;14.82;16.21;1.094;0;1;0;0;0;0;0;0;0;1;0;273;;166;55;0;77
443.02;2267;17;17;5;2.43;71;0;32;38;0;52;8;0.33;1.0;1.0;0;0;200;0;38;2.12;2.9;1.33;4.6;345;128;14.82;16.21;1.094;0;1;0;0;0;0;0;0;0;1;0;264;;164;55;1;73
443.44;2472;23;23;8;3.03;71;0;23;47;0;57;12;0.41;1.0;1.0;0;0;200;0;47;2.88;4.7;1.57;6.2;345;128;14.82;16.21;1.094;0;1;0;0;0;0;0;0;0;1;0;304;;164;55;0;76
443.84;2433;23;23;8;3.0;70;0;23;47;0;57;12;0.41;1.0;1.0;0;0;200;0;47;2.88;4.7;1.55;6.1;345;128;14.82;14.11;0.952;0;1;0;0;0;0;0;0;0;1;0;302;;166;55;13;146
444.23;2190;12;12;0;1.93;69;0;50;25;0;45;5;0.27;1.0;1.0;0;0;200;0;20;1.5;0.0;1.12;3.5;345;128;14.82;14.11;0.952;0;1;0;0;0;1;0;0;0;1;0;209;;167;55;40;70
444.64;1972;11;11;0;1.9;70;0;67;23;0;45;4;0.25;1.0;1.0;0;0;200;0;3;1.38;0.0;1.11;3.1;345;128;14.82;14.11;0.952;0;1;0;0;0;1;0;0;0;1;0;215;;166;55;11;73
445.05;1895;11;11;0;1.91;69;0;68;21;0;46;4;0.26;1.0;1.0;0;0;200;0;2;1.38;0.0;1.11;3.0;345;128;14.82;14.11;0.952;0;1;0;0;0;1;0;0;0;1;0;216;;168;55;0;73
445.24;1767;11;11;0;1.92;68;0;69;21;0;46;4;0.26;1.0;1.0;0;0;200;0;1;1.38;0.0;1.11;2.8;345;128;14.7;14.11;0.96;0;1;0;0;0;1;0;0;0;1;0;216;;167;55;0;74
445.65;1806;11;11;0;1.93;69;0;70;20;0;46;4;0.26;1.0;1.0;0;0;200;0;0;1.38;0.0;1.12;2.9;345;128;14.7;14.11;0.96;0;1;0;0;0;1;0;0;0;1;0;222;;168;55;0;74
446.05;1972;18;18;3;2.53;69;0;30;40;0;53;8;0.34;1.0;1.0;0;0;200;0;40;2.25;1.7;1.36;4.2;345;128;14.82;14.11;0.952;0;1;0;0;0;0;0;0;0;1;0;270;;168;55;0;77
446.44;2049;16;16;3;2.31;69;0;33;37;0;51;7;0.3;1.0;1.0;0;0;200;0;37;2.0;1.7;1.27;3.9;345;128;14.82;14.11;0.952;0;1;0;0;0;0;0;0;0;1;0;259;;167;55;0;76
446.84;2088;16;16;3;2.4;70;0;32;38;0;52;8;0.32;1.0;1.0;0;0;200;0;38;2.0;1.7;1.31;4.2;345;128;14.82;16.52;1.115;0;1;0;0;0;0;0;0;0;1;0;262;;166;55;0;76
447.26;2139;18;18;5;2.53;69;0;31;39;0;54;8;0.35;1.0;1.0;0;0;200;0;39;2.25;2.9;1.36;4.5;345;128;14.82;16.52;1.115;0;1;0;0;0;0;0;0;0;1;0;276;;167;55;0;81
447.68;2113;20;20;5;2.7;70;0;28;42;0;55;9;0.37;1.0;1.0;0;0;200;0;42;2.5;2.9;1.43;4.8;345;128;14.82;15.02;1.013;0;1;0;0;0;0;0;0;0;1;0;288;;166;55;0;82
448.06;2228;29;29;12;3.61;71;0;22;48;0;64;14;0.47;1.0;1.0;0;0;200;0;48;3.62;7.0;1.8;6.7;345;128;14.82;15.02;1.013;0;1;0;0;0;0;0;0;0;1;0;352;;165;55;0;88
448.47;2382;36;36;14;4.16;71;0;22;48;0;70;19;0.51;1.0;1.0;0;0;200;0;48;4.5;8.1;2.02;8.3;345;128;14.93;15.02;1.006;0;1;0;0;0;0;0;0;0;1;0;398;;164;55;0;100
448.87;2356;37;37;15;4.26;73;0;22;48;0;71;19;0.52;1.0;1.0;0;0;200;0;48;4.62;8.7;2.07;8.4;345;128;14.93;17.11;1.146;0;1;0;0;0;0;0;0;0;1;0;409;;162;55;0;101
449.28;2356;37;37;17;4.33;73;0;22;48;0;72;20;0.52;1.0;1.0;0;0;200;0;48;4.62;9.9;2.1;8.5;345;128;14.93;17.11;1.146;0;1;0;0;0;0;0;0;0;1;0;413;;162;55;0;100
449.68;2446;41;41;18;4.72;74;0;24;46;0;75;22;0.55;1.0;1.0;0;0;200;0;46;5.12;10.5;2.26;9.6;345;128;14.93;16.21;1.086;0;1;0;0;0;0;0;0;0;1;0;443;;161;55;0;102
450.07;2421;39;39;18;4.51;75;0;23;47;0;73;21;0.53;1.0;1.0;0;0;200;0;47;4.88;10.5;2.18;9.1;345;128;14.93;16.21;1.086;0;1;0;0;0;0;0;0;0;1;0;426;;159;55;0;102
450.47;2433;34;34;17;4.07;74;0;22;48;0;68;18;0.49;1.0;1.0;0;0;200;0;48;4.25;9.9;2.0;8.3;345;128;14.82;16.21;1.094;0;1;0;0;0;0;0;0;0;1;0;387;;160;55;0;91
450.9;2369;34;34;17;4.07;74;0;22;48;0;69;18;0.5;1.0;1.0;0;0;200;0;48;4.25;9.9;2.0;8.0;345;128;14.82;15.02;1.013;0;1;0;0;0;0;0;0;0;1;0;391;;161;55;0;92
451.08;2369;40;40;19;4.57;74;0;23;47;0;74;21;0.54;1.0;1.0;0;0;200;0;47;5.0;11.0;2.2;9.0;345;128;14.93;15.02;1.006;0;1;0;0;0;0;0;0;0;1;0;434;;161;55;0;102
451.49;2574;48;48;21;5.32;74;0;28;42;0;81;27;0.59;1.0;1.0;0;0;200;0;42;6.0;12.2;2.5;11.4;345;128;14.93;15.02;1.006;0;1;0;0;0;0;0;0;0;1;0;482;;160;55;0;106
451.9;2574;49;49;22;5.38;73;0;28;42;0;82;28;0.6;1.0;1.0;0;0;200;0;42;6.12;12.8;2.52;11.5;345;128;14.93;15.42;1.033;0;1;0;0;0;0;0;0;0;1;0;488;;162;55;0;108
452.3;2920;76;76;88;8.52;76;0;45;24;0;106;49;0.7;1.0;1.0;0;0;200;0;25;9.5;51.2;3.79;20.7;345;128;14.04;15.42;1.098;0;1;0;0;0;0;0;0;0;1;0;675;;158;55;17;154
452.71;2933;78;78;77;8.81;75;0;46;23;0;109;52;0.72;1.0;1.0;0;0;200;0;24;9.75;44.8;3.9;21.5;345;128;13.54;14.62;1.08;0;1;0;0;0;0;0;0;0;1;0;693;;159;55;27;155
453.12;2971;81;81;75;9.28;75;0;49;21;0;111;55;0.73;1.0;1.0;0;0;200;0;21;10.12;43.6;4.09;23.0;345;128;13.54;14.62;1.08;0;1;0;0;0;0;0;0;0;1;0;708;;159;55;30;140
453.51;3022;84;84;74;9.77;76;0;49;21;0;113;57;0.74;1.0;1.0;0;0;200;0;21;10.5;43.0;4.29;24.6;345;128;13.54;14.62;1.08;0;1;0;0;0;0;0;0;0;1;0;724;;159;55;32;89
453.91;3099;86;86;73;10;76;0;49;21;0;114;60;0.75;1.0;1.0;0;0;200;0;21;10.75;42.4;4.42;26.1;345;128;13.63;13.71;1.006;0;1;0;0;0;0;0;0;0;1;0;733;;158;55;33;165
454.33;3086;86;86;70;10;76;0;48;21;1;115;60;0.75;1.0;1.0;0;0;200;0;22;10.75;40.7;4.41;25.9;345;128;13.63;13.71;1.006;0;1;0;0;0;0;0;0;0;1;0;737;;158;55;33;165
454.73;3163;87;87;68;10;76;0;48;21;1;115;61;0.75;1.0;1.0;0;0;200;0;22;10.88;39.5;4.44;26.8;345;128;13.63;12.41;0.91;0;1;0;0;0;0;0;0;0;1;0;738;;158;55;33;77
455.11;2933;57;57;28;6.38;75;0;31;37;2;90;38;0.64;1.0;1.0;0;0;200;0;39;7.12;16.3;2.93;15.6;345;128;14.59;12.41;0.851;0;1;0;0;0;0;0;0;0;1;0;554;;159;55;37;148
455.54;2920;53;53;22;5.85;74;0;29;41;0;85;35;0.62;1.0;1.0;0;0;200;0;41;6.62;12.8;2.71;14.2;345;128;14.59;12.41;0.851;0;1;0;0;0;0;0;0;0;1;0;512;;160;55;33;114
455.93;2818;37;37;18;4.33;75;0;21;49;0;71;23;0.52;1.0;1.0;0;0;200;0;49;4.62;10.5;2.11;10.2;345;128;14.93;13.41;0.898;0;1;0;0;0;0;0;0;0;1;0;405;;159;55;33;56
456.15;2715;33;33;17;3.92;74;0;20;50;0;67;20;0.49;1.0;1.0;0;0;200;0;50;4.12;9.9;1.94;8.9;345;128;14.93;13.41;0.898;0;1;0;0;0;0;0;0;0;1;0;376;;160;55;32;90
456.55;2689;32;32;15;3.85;74;0;20;50;0;66;20;0.48;1.0;1.0;0;0;200;0;50;4.0;8.7;1.91;8.6;345;128;14.93;13.41;0.898;0;1;0;0;0;0;0;0;0;1;0;371;;160;55;29;53
456.95;2689;31;31;15;3.77;74;0;20;50;0;65;19;0.48;1.0;1.0;0;0;200;0;50;3.88;8.7;1.88;8.4;345;128;14.93;14.01;0.938;0;1;0;0;0;0;0;0;0;1;0;363;;160;55;30;85
457.35;2651;27;27;13;3.46;73;0;20;50;0;62;17;0.46;1.0;1.0;0;0;200;0;50;3.38;7.6;1.75;7.6;345;128;14.82;14.01;0.945;0;1;0;0;0;0;0;0;0;1;0;337;;162;55;31;86
457.75;2715;26;26;13;3.31;73;0;21;49;0;60;16;0.43;1.0;1.0;0;0;200;0;49;3.25;7.6;1.69;7.5;345;128;14.93;15.01;1.005;0;1;0;0;0;0;0;0;0;1;0;326;;162;55;32;85
458.16;2664;21;21;10;2.87;72;0;26;44;0;56;13;0.38;1.0;1.0;0;0;200;0;44;2.62;5.8;1.51;6.4;345;128;14.82;15.01;1.013;0;1;0;0;0;0;0;0;0;1;0;292;;163;55;32;82
458.56;2702;20;20;10;2.83;73;0;26;44;0;55;12;0.37;1.0;1.0;0;0;200;0;44;2.5;5.8;1.5;6.4;345;128;14.93;15.01;1.005;0;1;0;0;0;0;0;0;0;1;0;291;;162;55;24;82
458.97;2638;21;21;10;2.83;71;0;26;44;0;56;12;0.38;1.0;1.0;0;0;200;0;44;2.62;5.8;1.49;6.2;345;128;14.82;14.71;0.993;0;1;0;0;0;0;0;0;0;1;0;292;;164;55;31;40
459.38;2664;21;21;10;2.87;72;0;27;43;0;56;12;0.38;1.0;1.0;0;0;200;0;43;2.62;5.8;1.51;6.4;345;128;14.82;14.71;0.993;0;1;0;0;0;0;0;0;0;1;0;293;;163;55;29;82
459.76;2613;20;20;10;2.78;71;0;27;43;0;55;12;0.38;1.0;1.0;0;0;200;0;43;2.5;5.8;1.47;6.1;345;128;14.82;14.91;1.006;0;1;0;0;0;0;0;0;0;1;0;289;;164;55;30;82
460.17;2523;16;16;6;2.41;71;0;31;39;0;51;9;0.33;1.0;1.0;0;0;200;0;39;2.0;3.5;1.32;5.1;345;128;14.82;14.91;1.006;0;1;0;0;0;0;0;0;0;1;0;253;;164;55;35;77
460.58;2472;16;16;6;2.32;70;0;32;38;0;50;9;0.32;1.0;1.0;0;0;200;0;38;2.0;3.5;1.28;4.8;345;128;14.82;14.91;1.006;0;1;0;0;0;0;0;0;0;1;0;250;;166;55;37;76
460.98;2497;18;18;6;2.56;71;0;30;40;0;53;10;0.35;1.0;1.0;0;0;200;0;40;2.25;3.5;1.38;5.3;345;128;14.82;14.71;0.993;0;1;0;0;0;0;0;0;0;1;0;269;;165;55;23;78
461.4;2536;18;18;6;2.58;71;0;29;41;0;53;10;0.35;1.0;1.0;0;0;200;0;41;2.25;3.5;1.39;5.5;345;128;14.82;14.71;0.993;0;1;0;0;0;0;0;0;0;1;0;275;;164;55;14;44
461.57;2408;18;18;8;2.57;72;0;30;40;0;53;10;0.34;1.0;1.0;0;0;200;0;40;2.25;4.7;1.39;5.2;345;128;14.82;14.71;0.993;0;1;0;0;0;0;0;0;0;1;0;274;;163;55;24;78
461.99;2523;23;23;9;3.02;72;0;22;48;0;57;13;0.41;1.0;1.0;0;0;200;0;48;2.88;5.2;1.57;6.3;345;128;14.82;17.02;1.148;0;1;0;0;0;0;0;0;0;1;0;305;;163;55;0;38
462.38;2369;12;12;0;2.03;71;0;45;25;0;44;6;0.3;1.0;1.0;0;0;200;0;25;1.5;0.0;1.17;4.0;345;128;14.82;17.02;1.148;0;1;0;0;0;1;0;0;0;1;0;201;;164;55;36;70
462.79;2036;10;10;0;1.83;71;0;63;25;0;43;4;0.24;1.0;1.0;0;0;200;0;7;1.25;0.0;1.09;3.1;345;128;14.82;18.92;1.277;0;1;0;0;0;1;0;0;0;1;0;199;;165;55;8;57
463.2;1947;11;11;0;1.86;69;0;65;25;0;44;4;0.25;1.0;1.0;0;0;200;0;5;1.38;0.0;1.09;3.0;345;128;14.82;18.92;1.277;0;1;0;0;0;1;0;0;0;1;0;202;;167;55;0;57
463.59;1947;10;10;0;1.82;70;0;69;22;0;43;4;0.24;1.0;1.0;0;0;200;0;1;1.25;0.0;1.08;3.0;345;128;14.82;18.92;1.277;0;1;0;0;0;1;0;0;0;1;0;199;;166;55;0;57
464.01;1985;10;10;0;1.83;69;0;70;20;0;44;4;0.25;1.0;1.0;0;0;200;0;0;1.25;0.0;1.08;3.0;345;128;14.82;18.92;1.277;0;1;0;0;0;1;0;0;0;1;0;204;;167;55;0;70
464.41;1870;11;11;0;1.96;71;0;67;23;0;46;5;0.26;1.0;1.0;0;0;200;0;3;1.38;0.0;1.14;3.1;345;128;14.82;18.92;1.277;0;1;0;0;0;1;0;0;0;1;0;221;;165;55;0;74
464.79;2036;20;20;5;2.76;71;0;31;39;0;55;9;0.38;1.0;1.0;0;0;200;0;39;2.5;2.9;1.46;4.7;345;128;14.82;18.92;1.277;0;1;0;0;0;0;0;0;0;1;0;285;;164;55;0;74
465.2;2331;19;19;5;2.65;70;0;29;41;0;54;10;0.36;1.0;1.0;0;0;200;0;41;2.38;2.9;1.41;5.1;345;128;14.82;18.92;1.277;0;1;0;0;0;0;0;0;0;1;0;281;;166;55;0;74
465.61;2254;22;22;8;2.93;71;0;26;44;0;57;11;0.4;1.0;1.0;0;0;200;0;44;2.75;4.7;1.53;5.5;345;128;14.82;18.92;1.277;0;1;0;0;0;0;0;0;0;1;0;302;;164;55;0;84
466.02;2446;23;23;9;3.07;74;0;23;47;0;57;12;0.41;1.0;1.0;0;0;200;0;47;2.88;5.2;1.6;6.3;345;128;14.82;15.62;1.054;0;1;0;0;0;0;0;0;0;1;0;307;;161;55;0;84
466.42;2433;33;33;14;3.98;73;0;21;49;0;68;18;0.49;1.0;1.0;0;0;200;0;49;4.12;8.1;1.96;8.1;345;128;14.82;15.62;1.054;0;1;0;0;0;0;0;0;0;1;0;382;;162;55;0;90
466.81;2446;21;21;8;2.92;74;0;23;47;0;56;11;0.39;1.0;1.0;0;0;200;0;47;2.62;4.7;1.54;6.0;345;128;14.82;12.51;0.844;0;1;0;0;0;0;0;0;0;1;0;294;;161;55;0;82
467.22;1972;11;11;0;1.9;72;0;54;23;0;44;5;0.25;1.0;1.0;0;0;200;0;16;1.38;0.0;1.12;3.1;345;128;14.82;12.51;0.844;0;1;0;0;0;1;0;0;0;1;0;200;;163;55;32;57
467.42;1767;11;11;0;1.92;72;0;70;20;0;45;4;0.25;1.0;1.0;0;0;200;0;0;1.38;0.0;1.13;2.8;345;128;14.7;12.51;0.851;0;1;0;0;0;1;0;0;0;1;0;209;;163;55;3;73
467.83;1755;11;11;0;1.92;72;0;70;20;0;45;4;0.25;1.0;1.0;0;0;200;0;0;1.38;0.0;1.13;2.8;345;128;14.7;12.51;0.851;0;1;0;0;0;1;0;0;0;1;0;214;;163;55;0;73
468.25;1780;12;12;1;2.02;70;0;70;20;0;47;5;0.27;1.0;1.0;0;0;200;0;0;1.5;0.6;1.16;3.0;345;128;14.7;12.51;0.851;0;1;0;0;0;1;0;0;0;1;0;225;;166;55;0;74
468.63;2100;18;18;3;2.55;70;0;31;40;0;53;8;0.34;1.0;1.0;0;0;200;0;39;2.25;1.7;1.37;4.5;345;128;14.82;12.51;0.844;0;1;0;0;0;0;0;0;0;1;0;271;;166;55;0;78
469.03;2216;27;27;10;3.4;70;0;23;47;0;62;13;0.44;1.0;1.0;0;0;200;0;47;3.38;5.8;1.71;6.3;345;128;14.82;17.82;1.202;0;1;0;0;0;0;0;0;0;1;0;342;;166;55;0;86
469.45;2382;31;32;13;3.82;72;0;21;49;0;66;16;0.48;1.0;1.0;0;0;200;0;49;3.88;7.6;1.89;7.6;345;128;14.82;17.82;1.202;0;1;0;0;0;0;0;0;0;1;0;370;;163;55;0;90
469.85;2331;34;34;13;4.06;73;0;21;49;0;69;18;0.5;1.0;1.0;0;0;200;0;49;4.25;7.6;1.99;7.9;345;128;14.82;17.12;1.155;0;1;0;0;0;0;0;0;0;1;0;393;;162;55;0;42
470.24;2305;35;35;14;4.13;73;0;22;48;0;70;19;0.51;1.0;1.0;0;0;200;0;48;4.38;8.1;2.02;7.9;345;128;14.93;17.12;1.147;0;1;0;0;0;0;0;0;0;1;0;400;;162;55;0;100
470.66;2433;41;41;18;4.71;73;0;24;46;0;75;22;0.55;1.0;1.0;0;0;200;0;46;5.12;10.5;2.25;9.5;345;128;14.93;17.12;1.147;0;1;0;0;0;0;0;0;0;1;0;441;;162;55;0;102
471.07;2446;38;38;18;4.36;73;0;22;48;0;72;20;0.52;1.0;1.0;0;0;200;0;48;4.75;10.5;2.11;8.9;345;128;14.93;15.02;1.006;0;1;0;0;0;0;0;0;0;1;0;415;;162;55;0;101
471.46;2318;32;32;13;3.83;71;0;21;49;0;67;17;0.48;1.0;1.0;0;0;200;0;49;4.0;7.6;1.89;7.4;345;128;14.82;15.02;1.013;0;1;0;0;0;0;0;0;0;1;0;376;;164;55;0;90
471.88;2062;12;12;2;2.02;72;0;33;37;0;47;5;0.27;1.0;1.0;0;0;200;0;37;1.5;1.2;1.17;3.5;345;128;14.82;11.31;0.763;0;1;0;0;0;0;0;0;0;1;0;228;;163;55;32;53
472.26;1998;12;12;2;2.01;71;0;33;37;0;47;5;0.27;1.0;1.0;0;0;200;0;37;1.5;1.2;1.16;3.3;345;128;14.82;11.31;0.763;0;1;0;0;0;0;0;0;0;1;0;228;;164;55;34;74
472.69;1883;13;13;2;2.06;71;0;36;34;0;48;5;0.27;1.0;1.0;0;0;200;0;34;1.62;1.2;1.18;3.2;345;128;14.82;11.31;0.763;0;1;0;0;0;0;0;0;0;1;0;234;;164;55;31;74
472.87;1985;13;13;2;2.11;71;0;38;33;0;48;5;0.27;1.0;1.0;0;0;200;0;32;1.62;1.2;1.2;3.5;345;128;14.82;14.11;0.952;0;1;0;0;0;0;0;0;0;1;0;239;;164;55;29;74
473.27;1831;14;14;2;2.16;71;0;38;34;0;49;6;0.29;1.0;1.0;0;0;200;0;32;1.75;1.2;1.22;3.3;345;128;14.7;14.11;0.96;0;1;0;0;0;0;0;0;0;1;0;243;;164;55;26;74
473.69;1883;16;16;2;2.38;71;0;36;34;0;52;7;0.33;1.0;1.0;0;0;200;0;34;2.0;1.2;1.31;3.7;345;128;14.82;14.11;0.952;0;1;0;0;0;0;0;0;0;1;0;260;;165;55;24;76
474.08;2036;22;22;6;2.95;70;0;28;44;0;58;10;0.4;1.0;1.0;0;0;200;0;42;2.75;3.5;1.53;5.0;345;128;14.82;17.02;1.148;0;1;0;0;0;0;0;0;0;1;0;309;;166;55;6;84
474.48;2088;22;22;6;2.95;70;0;26;44;0;58;10;0.39;1.0;1.0;0;0;200;0;44;2.75;3.5;1.53;5.1;345;128;14.82;17.02;1.148;0;1;0;0;0;0;0;0;0;1;0;312;;166;55;1;84
474.9;2139;28;28;10;3.46;69;0;23;47;0;63;13;0.45;1.0;1.0;0;0;200;0;47;3.5;5.8;1.73;6.2;345;128;14.82;17.02;1.148;0;1;0;0;0;0;0;0;0;1;0;346;;167;55;0;88
475.28;2062;30;30;10;3.66;69;0;23;47;0;65;14;0.48;1.0;1.0;0;0;200;0;47;3.75;5.8;1.81;6.3;345;128;14.82;17.02;1.148;0;1;0;0;0;0;0;0;0;1;0;361;;167;55;0;89
475.7;2152;33;33;11;3.88;69;0;23;47;0;67;16;0.49;1.0;1.0;0;0;200;0;47;4.12;6.4;1.9;7.0;345;128;14.82;17.02;1.148;0;1;0;0;0;0;0;0;0;1;0;376;;167;55;0;90
476.09;2472;70;70;40;7.71;73;0;42;28;0;99;39;0.72;1.0;1.0;0;0;200;0;28;8.75;23.3;3.45;15.9;345;128;14.04;15.41;1.098;0;1;0;0;0;0;0;0;0;1;0;617;;162;55;0;150
476.5;2689;69;69;41;7.53;73;0;40;30;0;99;41;0.69;1.0;1.0;0;0;200;0;30;8.62;23.8;3.38;16.9;345;128;14.04;15.41;1.098;0;1;0;0;0;0;0;0;0;1;0;619;;162;55;0;150
476.9;2651;69;69;40;7.56;75;0;38;32;0;100;42;0.7;1.0;1.0;0;0;200;0;32;8.62;23.3;3.4;16.7;345;128;14.04;15.31;1.09;0;1;0;0;0;0;0;0;0;1;0;626;;159;55;0;150
477.3;2715;71;71;40;7.87;76;0;40;30;0;102;44;0.71;1.0;1.0;0;0;200;0;30;8.88;23.3;3.53;17.8;345;128;14.04;15.31;1.09;0;1;0;0;0;0;0;0;0;1;0;637;;158;55;0;153
477.71;2779;71;71;41;7.92;76;0;41;29;0;102;45;0.7;1.0;1.0;0;0;200;0;29;8.88;23.8;3.55;18.3;345;128;14.04;15.31;1.09;0;1;0;0;0;0;0;0;0;1;0;640;;157;55;14;153
478.1;2830;72;72;41;8.07;76;0;43;28;0;103;46;0.7;1.0;1.0;0;0;200;0;27;9.0;23.8;3.61;19.0;345;128;14.04;13.01;0.927;0;1;0;0;0;0;0;0;0;1;0;650;;157;55;22;153
478.51;2805;72;72;40;8.05;76;0;41;29;0;103;46;0.7;1.0;1.0;0;0;200;0;29;9.0;23.3;3.6;18.8;345;128;14.04;13.01;0.927;0;1;0;0;0;0;0;0;0;1;0;651;;157;55;22;57
478.71;2779;73;73;41;8.13;77;0;42;27;0;104;47;0.72;1.0;1.0;0;0;200;0;28;9.12;23.8;3.64;18.8;345;128;14.04;13.01;0.927;0;1;0;0;0;0;0;0;0;1;0;655;;156;55;24;153
479.13;2805;73;73;41;8.11;77;0;42;29;0;104;47;0.71;1.0;1.0;0;0;200;0;28;9.12;23.8;3.63;19.0;345;128;14.04;14.71;1.048;0;1;0;0;0;0;0;0;0;1;0;658;;156;55;26;153
479.52;2856;85;85;117;13;75;212;48;22;0;113;55;0.76;1.0;1.0;0;0;200;0;22;10.62;68.0;5.42;30.0;345;128;13.54;14.71;1.086;0;1;0;0;0;0;0;0;0;1;0;727;;159;55;28;155
479.91;3266;88;88;139;10;75;0;48;21;1;115;64;0.75;1.0;1.0;0;0;200;0;22;11.0;80.8;4.54;28.3;345;128;13.63;11.61;0.852;0;1;0;0;0;0;0;0;0;1;0;742;;159;55;32;165
480.32;3804;86;86;136;10;76;0;43;27;0;116;74;0.74;1.0;1.0;0;0;200;0;27;10.75;79.1;4.51;32.7;345;128;13.63;11.61;0.852;0;1;0;0;0;0;0;0;0;1;0;747;;158;56;30;165
480.73;3906;91;91;135;11;75;0;44;26;0;120;80;0.76;1.0;1.0;0;0;200;0;26;11.38;78.5;4.86;36.5;345;128;11.61;11.61;1.0;0;1;0;0;0;0;0;0;0;1;0;774;;159;56;32;166
481.14;3970;94;94;131;12;75;0;44;26;0;122;84;0.77;1.0;1.0;0;0;200;0;26;11.75;76.2;5.12;39.2;345;128;11.61;12.21;1.052;0;1;0;0;0;0;0;0;0;1;0;790;;159;55;35;165
481.53;4021;96;96;130;12;75;0;45;25;0;124;88;0.77;1.0;1.0;0;0;200;0;25;12.0;75.6;5.27;41.0;345;128;11.61;12.21;1.052;0;1;0;0;0;0;0;0;0;1;0;805;;159;55;38;41
481.94;4047;96;96;129;12;75;0;45;25;0;124;89;0.77;1.0;1.0;0;0;200;0;25;12.0;75.0;5.29;41.4;345;128;11.61;11.41;0.983;0;1;0;0;0;0;0;0;0;1;0;808;;159;55;40;166
482.33;4175;97;97;128;12;75;0;45;25;0;125;91;0.77;1.0;1.0;0;0;200;0;25;12.12;74.4;5.33;43.1;345;128;11.61;11.41;0.983;0;1;0;0;0;0;0;0;0;1;0;817;;159;56;40;153
482.75;4214;96;96;126;12;75;0;45;25;0;125;92;0.77;1.0;1.0;0;0;200;0;25;12.0;73.3;5.31;43.3;345;128;11.61;10.51;0.905;0;1;0;0;0;0;0;0;0;1;0;816;;159;56;42;170
483.15;4316;96;96;124;12;75;0;44;26;0;126;94;0.77;1.0;1.0;0;0;200;0;26;12.0;72.1;5.35;44.7;345;128;11.33;10.51;0.928;0;1;0;0;0;0;0;0;0;1;0;820;;159;55;44;84
483.54;4316;96;96;124;13;76;0;44;26;0;126;95;0.77;1.0;1.0;0;0;200;0;26;12.0;72.1;5.39;45.0;345;128;11.33;10.51;0.928;0;1;0;0;0;0;0;0;0;1;0;820;;158;56;43;169
483.94;4406;96;96;123;12;75;0;43;27;0;126;96;0.76;1.0;1.0;0;0;200;0;27;12.0;71.5;5.32;45.4;345;128;11.33;10.91;0.963;0;1;0;0;0;0;0;0;0;1;0;825;;159;56;45;170
484.37;4521;95;95;122;12;76;0;43;27;0;126;97;0.75;1.0;1.0;0;0;200;0;27;11.88;70.9;5.36;46.9;345;128;11.33;10.91;0.963;0;1;0;0;0;0;0;0;0;1;0;821;;158;56;45;170
484.55;4585;95;95;121;12;76;0;43;27;0;126;98;0.75;1.0;1.0;0;0;200;0;27;11.88;70.3;5.31;47.1;345;128;11.33;10.91;0.963;0;1;0;0;0;0;0;0;0;1;0;824;;158;55;46;84
484.97;4572;94;94;119;12;76;0;43;27;0;125;98;0.74;1.0;1.0;0;0;200;0;27;11.75;69.2;5.28;46.7;345;128;11.33;11.01;0.972;0;1;0;0;0;0;0;0;0;1;0;819;;158;55;46;84
485.38;4636;95;95;118;12;75;0;43;27;0;126;100;0.75;1.0;1.0;0;0;200;0;27;11.88;68.6;5.31;47.6;345;128;11.33;11.01;0.972;0;1;0;0;0;0;0;0;0;1;0;820;;159;55;47;170
485.76;4764;95;95;117;12;75;0;42;27;0;127;101;0.74;1.0;1.0;0;0;200;0;28;11.88;68.0;5.3;48.9;345;128;11.33;11.01;0.972;0;1;0;0;0;0;0;0;0;1;0;828;;159;55;48;85
486.18;4546;94;94;117;12;75;0;43;27;0;126;98;0.75;1.0;1.0;0;0;200;0;27;11.75;68.0;5.31;46.7;345;128;11.33;11.21;0.989;0;1;0;0;0;0;0;0;0;1;0;825;;159;55;48;152
486.58;3932;96;96;69;12;75;0;46;25;0;125;88;0.77;1.0;1.0;0;0;200;0;24;12.0;40.1;5.26;40.0;345;128;11.61;11.21;0.966;0;1;0;0;0;0;0;0;0;1;0;813;;159;55;50;165
486.98;3522;83;83;48;9.61;75;0;45;25;0;114;66;0.73;1.0;1.0;0;0;200;0;25;10.38;27.9;4.22;28.2;345;128;13.63;14.31;1.05;0;1;0;0;0;0;0;0;0;1;0;730;;159;55;49;164
487.37;3151;30;30;4;3.77;74;0;25;45;0;64;22;0.48;1.0;1.0;0;0;200;0;45;3.75;2.3;1.88;9.9;345;128;14.7;14.31;0.973;0;1;0;0;0;0;0;0;0;1;0;358;;160;55;55;89
487.79;2818;13;13;0;2.15;74;0;57;25;0;45;8;0.3;1.0;1.0;0;0;200;0;13;1.62;0.0;1.23;5.0;345;128;14.93;21.13;1.415;0;1;0;0;0;1;0;0;0;1;0;209;;161;55;43;73
488.18;2587;14;14;0;2.22;74;0;65;25;0;45;8;0.32;1.0;1.0;0;0;200;0;5;1.75;0.0;1.26;4.8;345;128;14.82;21.13;1.426;0;1;0;0;0;1;0;0;0;1;0;208;;160;55;2;40
488.58;2574;14;14;0;2.22;74;0;65;25;0;45;8;0.32;1.0;1.0;0;0;200;0;5;1.75;0.0;1.26;4.8;345;128;14.82;21.13;1.426;0;1;0;0;0;1;0;0;0;1;0;209;;160;55;0;54
489.01;2920;62;62;49;9.37;74;181;29;41;0;95;38;0.64;1.0;1.0;0;0;200;0;41;7.75;28.5;4.12;22.8;345;128;14.59;14.21;0.974;0;1;0;0;0;0;0;0;0;1;0;586;;158;55;0;84
489.4;3355;76;76;59;8.47;74;0;43;27;0;106;57;0.71;1.0;1.0;0;0;200;0;27;9.5;34.3;3.76;23.7;345;128;13.94;14.21;1.019;0;1;0;0;0;0;0;0;0;1;0;675;;160;55;36;146
489.6;3317;78;78;59;8.77;74;0;46;24;0;109;60;0.72;1.0;1.0;0;0;200;0;24;9.75;34.3;3.88;24.2;345;128;13.63;14.21;1.043;0;1;0;0;0;0;0;0;0;1;0;696;;160;54;41;155
490.01;3407;81;81;59;9.23;75;0;46;24;0;112;63;0.73;1.0;1.0;0;0;200;0;24;10.12;34.3;4.07;26.2;345;128;13.63;13.51;0.991;0;1;0;0;0;0;0;0;0;1;0;712;;159;54;45;156
490.41;3419;83;83;59;9.57;74;0;46;24;0;113;64;0.73;1.0;1.0;0;0;200;0;24;10.38;34.3;4.2;27.3;345;128;13.63;13.51;0.991;0;1;0;0;0;0;0;0;0;1;0;721;;160;54;46;164
490.8;3419;84;84;59;9.78;75;0;46;24;0;114;66;0.74;1.0;1.0;0;0;200;0;24;10.5;34.3;4.29;27.9;345;128;13.63;12.81;0.94;0;1;0;0;0;0;0;0;0;1;0;731;;159;54;48;165
491.2;3484;84;84;59;9.76;75;0;47;23;0;114;66;0.73;1.0;1.0;0;0;200;0;23;10.5;34.3;4.28;28.3;345;128;13.63;12.81;0.94;0;1;0;0;0;0;0;0;0;1;0;735;;159;54;48;165
491.6;3484;85;85;59;9.9;74;0;46;24;0;115;67;0.73;1.0;1.0;0;0;200;0;24;10.62;34.3;4.33;28.7;345;128;13.63;12.81;0.94;0;1;0;0;0;0;0;0;0;1;0;738;;160;54;50;165
492.03;3471;85;85;59;9.93;75;0;46;24;0;115;67;0.74;1.0;1.0;0;0;200;0;24;10.62;34.3;4.35;28.7;345;128;13.63;12.71;0.933;0;1;0;0;0;0;0;0;0;1;0;741;;159;54;48;165
492.41;3496;85;85;59;9.88;75;0;47;23;0;115;67;0.73;1.0;1.0;0;0;200;0;23;10.62;34.3;4.33;28.8;345;128;13.63;12.71;0.933;0;1;0;0;0;0;0;0;0;1;0;741;;159;54;49;165
492.82;3535;86;86;59;10;75;0;48;23;0;115;67;0.73;1.0;1.0;0;0;200;0;22;10.75;34.3;4.4;29.6;345;128;13.63;12.51;0.918;0;1;0;0;0;0;0;0;0;1;0;738;;159;54;48;163
493.22;3484;81;81;51;9.21;75;0;46;24;0;112;64;0.72;1.0;1.0;0;0;200;0;24;10.12;29.7;4.06;26.7;345;128;13.63;12.51;0.918;0;1;0;0;0;0;0;0;0;1;0;715;;159;54;49;155
493.62;2779;15;15;0;2.27;72;0;32;25;1;49;10;0.31;1.0;1.0;0;0;200;0;38;1.88;0.0;1.27;5.3;345;128;14.93;12.51;0.838;0;1;0;0;0;1;0;0;0;1;0;241;;163;54;54;75
494.03;2651;14;14;0;2.17;72;0;65;25;0;45;8;0.31;1.0;1.0;0;0;200;0;5;1.75;0.0;1.23;4.8;345;128;14.82;18.62;1.256;0;1;0;0;0;1;0;0;0;1;0;212;;163;54;39;73
494.42;2523;14;14;0;2.18;71;0;65;25;0;45;8;0.32;1.0;1.0;0;0;200;0;5;1.75;0.0;1.23;4.6;345;128;14.82;18.62;1.256;0;1;0;0;0;1;0;0;0;1;0;208;;163;54;0;71
494.82;2523;14;14;0;2.17;70;0;65;25;0;45;8;0.32;1.0;1.0;0;0;200;0;5;1.75;0.0;1.22;4.6;345;128;14.82;18.62;1.256;0;1;0;0;0;1;0;0;0;1;0;209;;166;54;0;73
495.24;2369;13;13;0;2.12;70;0;65;25;0;45;7;0.3;1.0;1.0;0;0;202;0;5;1.62;0.0;1.2;4.2;345;128;14.82;18.62;1.256;0;1;0;0;0;1;0;0;0;1;0;208;;166;54;0;141
495.63;2318;13;13;0;2.08;69;0;65;25;0;45;7;0.3;1.0;1.0;0;0;202;0;5;1.62;0.0;1.18;4.0;345;128;14.82;18.62;1.256;0;1;0;0;0;1;0;0;0;1;0;208;;166;53;0;38
495.84;2421;17;17;5;2.41;69;0;32;38;0;52;9;0.33;1.0;1.0;0;0;202;0;38;2.12;2.9;1.31;4.9;345;128;14.82;21.22;1.432;0;1;0;0;0;0;0;0;0;1;0;261;;168;53;0;38
496.24;2421;17;17;14;2.43;67;0;34;37;0;53;9;0.34;1.0;1.0;0;0;202;0;36;2.12;8.1;1.31;4.9;345;128;14.82;21.22;1.432;0;1;0;0;0;0;0;0;0;1;0;270;;170;53;0;82
496.66;3112;64;64;39;6.97;70;0;35;35;0;95;44;0.68;1.0;1.0;0;0;202;0;35;8.0;22.7;3.14;18.1;345;128;14.15;21.22;1.5;0;1;0;0;0;0;0;0;0;1;0;587;;166;54;0;149
497.04;3240;77;77;94;8.53;71;0;47;23;0;108;56;0.71;1.0;1.0;0;0;202;0;23;9.62;54.7;3.77;23.0;345;128;13.63;13.81;1.013;0;1;0;0;0;0;0;0;0;1;0;691;;164;53;36;155
497.46;3202;64;64;32;6.96;71;0;35;35;0;92;46;0.7;1.0;1.0;0;0;202;0;35;8.0;18.6;3.14;18.6;345;128;14.15;13.81;0.976;0;1;0;0;0;0;0;0;0;1;0;564;;164;53;49;114
497.85;2613;17;17;0;2.43;71;0;50;25;0;52;10;0.34;1.0;1.0;0;0;202;0;20;2.12;0.0;1.33;5.3;345;128;14.82;11.51;0.777;0;1;0;0;0;1;0;0;0;1;0;260;;164;53;49;77
498.26;2549;14;14;0;2.15;70;0;65;25;0;44;8;0.32;1.0;1.0;0;0;202;0;5;1.75;0.0;1.21;4.6;345;128;14.82;11.51;0.777;0;1;0;0;0;1;0;0;0;1;0;203;;166;53;24;57
498.67;3022;63;63;32;6.93;73;0;33;37;0;93;42;0.66;1.0;1.0;0;0;202;0;37;7.88;18.6;3.14;17.5;345;128;14.59;11.51;0.789;0;1;0;0;0;0;0;0;0;1;0;574;;162;53;0;148
499.07;3189;65;65;31;7.2;74;0;37;33;0;94;46;0.7;1.0;1.0;0;0;202;0;33;8.12;18.0;3.25;19.1;345;128;14.15;11.91;0.842;0;1;0;0;0;0;0;0;0;1;0;576;;161;53;0;148
499.46;2689;14;14;0;2.25;74;0;35;25;0;46;8;0.31;1.0;1.0;0;0;202;0;35;1.75;0.0;1.27;5.0;345;128;14.93;11.91;0.798;0;1;0;0;0;1;0;0;0;1;0;222;;162;53;50;70
499.87;2472;15;15;5;2.3;74;0;45;37;0;49;8;0.31;1.0;1.0;0;0;202;0;25;1.88;2.9;1.29;4.7;345;128;14.82;14.52;0.98;0;1;0;0;0;0;0;0;0;1;0;242;;161;53;21;75
500.28;2408;13;13;0;2.11;71;0;49;25;0;44;7;0.3;1.0;1.0;0;0;202;0;21;1.62;0.0;1.2;4.2;345;128;14.82;14.52;0.98;0;1;0;0;0;1;0;0;0;1;0;204;;164;53;3;37
500.69;2203;12;12;0;2.03;73;0;65;25;0;44;6;0.27;1.0;1.0;0;0;202;0;5;1.5;0.0;1.18;3.7;345;128;14.82;14.52;0.98;0;1;0;0;0;1;0;0;0;1;0;200;;162;53;0;57
501.09;2254;12;12;0;2.01;71;0;65;25;0;44;6;0.28;1.0;1.0;0;0;202;0;5;1.5;0.0;1.16;3.8;345;128;14.82;14.52;0.98;0;1;0;0;0;1;0;0;0;1;0;201;;164;53;0;57
501.28;2280;12;12;0;2.02;72;0;65;25;0;44;6;0.29;1.0;1.0;0;0;202;0;5;1.5;0.0;1.17;3.8;345;128;14.82;14.52;0.98;0;1;0;0;0;1;0;0;0;1;0;202;;164;53;0;37
501.68;2190;11;11;0;1.93;71;0;65;25;0;44;5;0.27;1.0;1.0;0;0;202;0;5;1.38;0.0;1.13;3.5;345;128;14.82;14.52;0.98;0;1;0;0;0;1;0;0;0;1;0;200;;164;53;0;57
502.08;2139;11;11;0;1.88;71;0;65;25;0;43;5;0.25;1.0;1.0;0;0;202;0;5;1.38;0.0;1.11;3.4;345;128;14.82;14.52;0.98;0;1;0;0;0;1;0;0;0;1;0;199;;164;53;0;56
502.49;2139;11;11;0;1.92;72;0;65;25;0;44;5;0.26;1.0;1.0;0;0;202;0;5;1.38;0.0;1.13;3.4;345;128;14.82;14.52;0.98;0;1;0;0;0;1;0;0;0;1;0;200;;163;53;0;56
502.89;2036;11;11;0;1.86;71;0;70;20;0;44;4;0.25;1.0;1.0;0;0;202;0;0;1.38;0.0;1.1;3.2;345;128;14.82;14.52;0.98;0;1;0;0;0;1;0;0;0;1;0;203;;164;53;0;57
503.3;1870;11;11;0;1.88;71;0;70;20;0;44;4;0.25;1.0;1.0;0;0;202;0;0;1.38;0.0;1.11;2.9;345;128;14.82;14.52;0.98;0;1;0;0;0;1;0;0;0;1;0;204;;164;53;0;71
503.71;1883;11;11;0;1.91;71;0;70;20;0;45;4;0.25;1.0;1.0;0;0;203;0;0;1.38;0.0;1.12;3.0;345;128;14.82;14.52;0.98;0;1;0;0;0;1;0;0;0;1;0;212;;165;52;0;54
504.11;1396;11;11;0;1.93;69;0;70;20;0;47;3;0.26;1.0;1.0;0;0;203;0;0;1.38;0.0;1.12;2.2;345;128;14.7;14.52;0.988;0;1;0;0;0;1;0;0;0;1;0;230;;167;52;0;74
504.49;1550;13;13;0;2.08;71;0;70;20;0;48;4;0.27;1.0;1.0;0;0;203;0;0;1.62;0.0;1.19;2.7;345;128;14.7;14.52;0.988;0;1;0;0;0;1;0;0;0;1;0;233;;164;53;0;74
504.91;2369;13;13;0;2.11;71;0;65;25;0;44;6;0.3;1.0;1.0;0;0;203;0;5;1.62;0.0;1.2;4.2;345;128;14.82;14.52;0.98;0;1;0;0;0;1;0;0;0;1;0;204;;164;53;0;38
505.32;2651;13;13;0;2.16;73;0;65;25;0;44;8;0.31;1.0;1.0;0;0;203;0;5;1.62;0.0;1.23;4.8;345;128;14.82;14.52;0.98;0;1;0;0;0;1;0;0;0;1;0;201;;162;53;0;57
505.7;2613;13;13;0;2.15;72;0;65;25;0;44;8;0.31;1.0;1.0;0;0;203;0;5;1.62;0.0;1.22;4.7;345;128;14.82;14.52;0.98;0;1;0;0;0;1;0;0;0;1;0;204;;163;53;0;72
506.11;2574;12;12;0;2.06;71;0;65;25;0;41;7;0.31;1.0;1.0;0;0;203;0;5;1.5;0.0;1.18;4.4;345;128;14.82;14.52;0.98;0;1;0;0;0;1;0;0;0;1;0;185;;164;53;0;54
506.52;2497;13;13;0;2.08;73;0;65;25;0;41;7;0.32;1.0;1.0;0;0;203;0;5;1.62;0.0;1.2;4.3;345;128;14.82;14.52;0.98;0;1;0;0;0;1;0;0;0;1;0;181;;162;53;0;52
506.91;2446;12;12;0;2.06;73;0;65;25;0;41;6;0.31;1.0;1.0;0;0;203;0;5;1.5;0.0;1.19;4.2;345;128;14.82;14.52;0.98;0;1;0;0;0;1;0;0;0;1;0;180;;162;53;0;54
507.13;2433;12;12;0;2.02;72;0;65;25;0;41;6;0.31;1.0;1.0;0;0;203;0;5;1.5;0.0;1.17;4.1;345;128;14.82;14.52;0.98;0;1;0;0;0;1;0;0;0;1;0;183;;163;53;0;54
507.52;2267;11;11;0;1.93;73;0;65;25;0;41;5;0.27;1.0;1.0;0;0;203;0;5;1.38;0.0;1.14;3.6;345;128;14.82;14.52;0.98;0;1;0;0;0;1;0;0;0;1;0;182;;162;53;0;37
507.93;2356;11;11;0;1.95;72;0;65;25;0;41;6;0.3;1.0;1.0;0;0;203;0;5;1.38;0.0;1.14;3.8;345;128;14.82;14.52;0.98;0;1;0;0;0;1;0;0;0;1;0;185;;163;52;0;54
508.33;2203;11;11;0;1.92;72;0;65;25;0;41;5;0.27;1.0;1.0;0;0;203;0;5;1.38;0.0;1.13;3.5;345;128;14.82;14.52;0.98;0;1;0;0;0;1;0;0;0;1;0;185;;163;53;0;54
508.73;2164;11;11;4;1.96;71;0;57;37;0;44;6;0.27;1.0;1.0;0;0;203;0;13;1.38;2.3;1.14;3.5;345;128;14.82;14.52;0.98;0;1;0;0;0;0;0;0;0;1;0;204;;164;53;0;69
509.13;2433;23;23;8;3.0;70;0;22;48;0;57;12;0.41;1.0;1.0;0;0;203;0;48;2.88;4.7;1.55;6.1;345;128;14.82;20.01;1.35;0;1;0;0;0;0;0;0;0;1;0;305;;166;53;0;82
509.53;1831;21;21;5;2.85;70;0;31;39;0;55;8;0.39;1.0;1.0;0;0;203;0;39;2.62;2.9;1.49;4.3;345;128;14.7;20.01;1.361;0;1;0;0;0;0;0;0;0;1;0;287;;166;53;0;82
509.94;1870;20;20;5;2.71;71;0;31;39;0;54;8;0.37;1.0;1.0;0;0;203;0;39;2.5;2.9;1.44;4.2;345;128;14.82;14.51;0.979;0;1;0;0;0;0;0;0;0;1;0;280;;165;53;17;82
510.33;1767;16;16;4;2.43;71;0;37;33;0;51;6;0.32;1.0;1.0;0;0;203;0;33;2.0;2.3;1.33;3.6;345;128;14.7;14.51;0.987;0;1;0;0;0;0;0;0;0;1;0;259;;165;53;31;73
510.75;1780;16;16;3;2.38;71;0;38;31;0;51;6;0.32;1.0;1.0;0;0;203;0;32;2.0;1.7;1.31;3.5;345;128;14.7;14.51;0.987;0;1;0;0;0;0;0;0;0;1;0;254;;164;53;35;76
511.15;1665;20;20;4;2.73;71;0;35;35;0;54;7;0.38;1.0;1.0;0;0;203;0;35;2.5;2.3;1.45;3.8;345;128;14.7;14.82;1.008;0;1;0;0;0;0;0;0;0;1;0;279;;164;53;39;82
511.54;1767;15;15;1;2.28;71;0;37;20;0;50;6;0.3;1.0;1.0;0;0;203;0;33;1.88;0.6;1.27;3.4;345;128;14.7;14.82;1.008;0;1;0;0;0;1;0;0;0;1;0;249;;165;53;13;76
511.95;1447;13;13;0;2.08;71;0;61;20;0;49;4;0.28;1.0;1.0;0;0;203;0;9;1.62;0.0;1.19;2.5;345;128;14.7;22.73;1.546;0;1;0;0;0;1;0;0;0;1;0;242;;165;53;42;75
512.36;1217;14;14;0;2.17;70;0;66;20;0;51;4;0.28;1.0;1.0;0;0;203;0;4;1.75;0.0;1.22;2.2;345;128;14.7;22.73;1.546;0;1;0;0;0;1;0;0;0;1;0;254;;166;53;2;76
512.55;1396;14;14;0;2.16;69;0;58;20;0;50;4;0.29;1.0;1.0;0;0;203;0;12;1.75;0.0;1.21;2.5;345;128;14.7;22.73;1.546;0;1;0;0;0;1;0;0;0;1;0;249;;168;53;0;73
512.98;1396;12;12;0;2.05;70;0;50;20;0;48;4;0.27;1.0;1.0;0;0;203;0;20;1.5;0.0;1.17;2.4;345;128;14.7;16.82;1.144;0;1;0;0;0;1;0;0;0;1;0;238;;166;53;0;70
513.38;1396;12;12;0;2.03;69;0;50;20;0;48;4;0.27;1.0;1.0;0;0;203;0;20;1.5;0.0;1.16;2.4;345;128;14.7;16.82;1.144;0;1;0;0;0;1;0;0;0;1;0;232;;167;53;0;38
513.78;1319;11;11;0;1.96;71;0;50;20;0;47;3;0.26;1.0;1.0;0;0;203;0;20;1.38;0.0;1.14;2.2;345;128;14.7;16.82;1.144;0;1;0;0;0;1;0;0;0;1;0;228;;165;53;0;74
514.18;1370;12;12;0;1.96;69;0;50;20;0;47;3;0.26;1.0;1.0;0;0;203;0;20;1.5;0.0;1.13;2.2;345;128;14.7;14.61;0.994;0;1;0;0;0;1;0;0;0;1;0;225;;167;53;5;74
514.59;1383;12;12;0;2.01;71;0;50;20;0;47;3;0.26;1.0;1.0;0;0;203;0;20;1.5;0.0;1.16;2.3;345;128;14.7;14.61;0.994;0;1;0;0;0;1;0;0;0;1;0;224;;164;53;11;42
514.98;1345;11;11;0;1.95;70;0;50;20;0;46;3;0.25;1.0;1.0;0;0;203;0;20;1.38;0.0;1.13;2.2;345;128;14.7;14.01;0.953;0;1;0;0;0;1;0;0;0;1;0;223;;166;53;22;74
515.39;1396;12;12;0;1.98;71;0;50;20;0;47;3;0.26;1.0;1.0;0;0;203;0;20;1.5;0.0;1.15;2.3;345;128;14.7;14.01;0.953;0;1;0;0;0;1;0;0;0;1;0;224;;164;53;30;74
515.78;1306;11;11;0;1.92;70;0;50;20;0;46;3;0.25;1.0;1.0;0;0;203;0;20;1.38;0.0;1.12;2.1;345;128;14.7;14.01;0.953;0;1;0;0;0;1;0;0;0;1;0;222;;166;53;26;74
516.18;1345;12;12;0;2.02;70;0;50;20;0;48;3;0.27;1.0;1.0;0;0;203;0;20;1.5;0.0;1.16;2.3;345;128;14.7;13.81;0.939;0;1;0;0;0;1;0;0;0;1;0;235;;166;53;25;74
516.6;1588;21;21;2;2.9;72;0;34;36;0;55;7;0.39;1.0;1.0;0;0;203;0;36;2.62;1.2;1.52;3.8;345;128;14.7;13.81;0.939;0;1;0;0;0;0;0;0;0;1;0;289;;163;53;15;146
516.99;1857;23;23;3;3.01;71;0;30;40;0;56;9;0.41;1.0;1.0;0;0;203;0;40;2.88;1.7;1.56;4.7;345;128;14.82;15.32;1.034;0;1;0;0;0;0;0;0;0;1;0;293;;165;53;34;83
517.41;1883;39;39;18;4.51;71;0;26;45;0;72;16;0.55;1.0;1.0;0;0;203;0;44;4.88;10.5;2.16;7.1;345;128;14.82;15.32;1.034;0;1;0;0;0;0;0;0;0;1;0;413;;165;53;12;101
517.8;2485;70;70;39;7.65;72;0;43;28;0;98;39;0.7;1.0;1.0;0;0;203;0;27;8.75;22.7;3.42;15.8;345;128;14.04;15.32;1.091;0;1;0;0;0;0;0;0;0;1;0;611;;163;53;20;70
518.21;2523;66;66;39;7.1;74;0;37;33;0;97;37;0.68;1.0;1.0;0;0;203;0;33;8.25;22.7;3.21;14.9;345;128;14.82;14.71;0.993;0;1;0;0;0;0;0;0;0;1;0;604;;162;53;21;146
518.4;2382;50;50;23;5.53;73;0;29;41;0;83;27;0.62;1.0;1.0;0;0;203;0;41;6.25;13.4;2.58;11.0;345;128;14.93;14.71;0.985;0;1;0;0;0;0;0;0;0;1;0;502;;162;53;31;141
518.8;2062;27;27;10;3.41;73;0;24;46;0;63;12;0.45;1.0;1.0;0;0;203;0;46;3.38;5.8;1.73;5.9;345;128;14.82;14.71;0.993;0;1;0;0;0;0;0;0;0;1;0;344;;162;53;37;86
519.22;2088;24;24;10;3.11;71;0;26;44;0;60;11;0.39;1.0;1.0;0;0;203;0;44;3.0;5.8;1.6;5.4;345;128;14.82;14.91;1.006;0;1;0;0;0;0;0;0;0;1;0;326;;164;53;28;86
519.61;1857;15;15;0;2.33;71;0;36;20;0;51;6;0.31;1.0;1.0;0;0;203;0;34;1.88;0.0;1.29;3.6;345;128;14.82;14.91;1.006;0;1;0;0;0;1;0;0;0;1;0;257;;165;53;33;76
520.03;1498;12;12;0;2.03;71;0;62;20;0;48;4;0.27;1.0;1.0;0;0;203;0;8;1.5;0.0;1.17;2.5;345;128;14.7;18.52;1.26;0;1;0;0;0;1;0;0;0;1;0;236;;165;53;34;75
520.43;1345;14;14;0;2.22;70;0;70;20;0;51;4;0.3;1.0;1.0;0;0;203;0;0;1.75;0.0;1.24;2.5;345;128;14.7;18.52;1.26;0;1;0;0;0;1;0;0;0;1;0;253;;166;53;5;76
520.83;1370;15;15;0;2.27;70;0;70;20;0;51;4;0.3;1.0;1.0;0;0;203;0;0;1.88;0.0;1.26;2.6;345;128;14.7;18.52;1.26;0;1;0;0;0;1;0;0;0;1;0;258;;166;53;1;76
521.23;1332;13;13;0;2.08;69;0;62;20;0;49;4;0.27;1.0;1.0;0;0;203;0;8;1.62;0.0;1.18;2.3;345;128;14.7;18.52;1.26;0;1;0;0;0;1;0;0;0;1;0;245;;168;53;0;70
521.63;1422;12;12;0;2.02;70;0;54;20;0;48;4;0.27;1.0;1.0;0;0;203;0;16;1.5;0.0;1.16;2.4;345;128;14.7;18.52;1.26;0;1;0;0;0;1;0;0;0;1;0;238;;166;53;0;38
522.05;1434;12;12;0;1.98;69;0;50;20;0;47;4;0.26;1.0;1.0;0;0;203;0;20;1.5;0.0;1.14;2.4;345;128;14.7;14.01;0.953;0;1;0;0;0;1;0;0;0;1;0;230;;167;53;5;74
522.44;1281;11;11;0;1.96;71;0;50;20;0;47;3;0.26;1.0;1.0;0;0;203;0;20;1.38;0.0;1.14;2.1;345;128;14.7;14.01;0.953;0;1;0;0;0;1;0;0;0;1;0;229;;164;53;26;74
522.85;1204;13;13;0;2.07;70;0;50;20;0;49;3;0.27;1.0;1.0;0;0;203;0;20;1.62;0.0;1.18;2.1;345;128;14.7;14.01;0.953;0;1;0;0;0;1;0;0;0;1;0;242;;166;53;34;75
523.26;1716;13;13;0;2.08;71;0;51;20;0;47;4;0.27;1.0;1.0;0;0;203;0;19;1.62;0.0;1.19;3.0;345;128;14.7;14.21;0.967;0;1;0;0;0;1;0;0;0;1;0;226;;165;53;30;74
523.63;2036;11;11;0;1.9;72;0;60;24;0;44;5;0.25;1.0;1.0;0;0;203;0;10;1.38;0.0;1.12;3.2;345;128;14.82;14.21;0.959;0;1;0;0;0;1;0;0;0;1;0;204;;163;53;13;72
524.05;1972;11;11;0;1.86;71;0;67;23;0;44;4;0.25;1.0;1.0;0;0;203;0;3;1.38;0.0;1.1;3.1;345;128;14.82;14.21;0.959;0;1;0;0;0;1;0;0;0;1;0;201;;164;53;1;37
524.24;1883;11;11;0;1.85;70;0;70;20;0;44;4;0.25;1.0;1.0;0;0;203;0;0;1.38;0.0;1.09;2.9;345;128;14.82;14.21;0.959;0;1;0;0;0;1;0;0;0;1;0;202;;166;53;0;57
524.66;1819;10;10;0;1.86;71;0;70;20;0;44;4;0.25;1.0;1.0;0;0;203;0;0;1.25;0.0;1.1;2.8;345;128;14.7;14.21;0.967;0;1;0;0;0;1;0;0;0;1;0;206;;165;53;0;72
525.05;1831;11;11;0;1.88;71;0;70;20;0;44;4;0.25;1.0;1.0;0;0;203;0;0;1.38;0.0;1.11;2.9;345;128;14.7;14.21;0.967;0;1;0;0;0;1;0;0;0;1;0;206;;165;53;0;53
525.46;1780;11;11;0;1.91;71;0;70;20;0;45;4;0.25;1.0;1.0;0;0;203;0;0;1.38;0.0;1.12;2.8;345;128;14.7;14.21;0.967;0;1;0;0;0;1;0;0;0;1;0;208;;164;53;0;72
525.86;1716;11;11;0;1.91;71;0;70;20;0;44;4;0.25;1.0;1.0;0;0;203;0;0;1.38;0.0;1.12;2.7;345;128;14.7;14.21;0.967;0;1;0;0;0;1;0;0;0;1;0;207;;164;53;0;72
526.27;1767;12;12;0;2.01;71;0;70;20;0;47;4;0.27;1.0;1.0;0;0;203;0;0;1.5;0.0;1.16;3.0;345;128;14.7;14.21;0.967;0;1;0;0;0;1;0;0;0;1;0;225;;164;53;0;38
526.66;1716;11;11;0;1.91;71;0;70;20;0;45;4;0.25;1.0;1.0;0;0;203;0;0;1.38;0.0;1.12;2.7;345;128;14.7;14.21;0.967;0;1;0;0;0;1;0;0;0;1;0;212;;164;53;0;73
527.08;1703;12;12;0;2.0;72;0;70;20;0;47;4;0.27;1.0;1.0;0;0;203;0;0;1.5;0.0;1.16;2.8;345;128;14.7;14.21;0.967;0;1;0;0;0;1;0;0;0;1;0;224;;163;53;0;72
527.47;1652;16;16;0;2.4;72;0;70;20;0;51;6;0.32;1.0;1.0;0;0;203;0;0;2.0;0.0;1.32;3.3;345;128;14.7;14.21;0.967;0;1;0;0;0;1;0;0;0;1;0;253;;163;53;0;73
527.89;1614;20;20;4;2.73;71;0;50;34;0;54;7;0.37;1.0;1.0;0;0;203;0;20;2.5;2.3;1.45;3.7;345;128;14.7;14.21;0.967;0;1;0;0;0;0;0;0;0;1;0;276;;165;53;0;82
528.26;1550;23;23;5;3.07;70;0;32;38;0;58;9;0.41;1.0;1.0;0;0;203;0;38;2.88;2.9;1.58;4.0;345;128;14.7;19.02;1.294;0;1;0;0;0;0;0;0;0;1;0;314;;166;53;0;84
528.68;1486;19;19;3;2.7;70;0;35;35;0;54;6;0.36;1.0;1.0;0;0;203;0;35;2.38;1.7;1.43;3.3;345;128;14.7;19.02;1.294;0;1;0;0;0;0;0;0;0;1;0;280;;166;53;0;40
529.09;1101;13;13;0;2.08;71;0;54;20;0;50;3;0.27;1.0;1.0;0;0;203;0;16;1.62;0.0;1.19;1.9;345;128;14.7;14.82;1.008;0;1;0;0;0;1;0;0;0;1;0;251;;165;53;27;76
529.49;999;15;15;0;2.33;71;0;50;20;0;53;3;0.3;1.0;1.0;0;0;203;0;20;1.88;0.0;1.29;1.9;345;128;14.7;14.82;1.008;0;1;0;0;0;1;0;0;0;1;0;273;;164;53;4;81
529.67;1101;14;14;0;2.22;70;0;50;20;0;52;3;0.29;1.0;1.0;0;0;203;0;20;1.75;0.0;1.24;2.0;345;128;14.7;14.82;1.008;0;1;0;0;0;1;0;0;0;1;0;264;;166;53;1;73
530.1;1089;14;14;0;2.22;70;0;50;20;0;52;3;0.29;1.0;1.0;0;0;203;0;20;1.75;0.0;1.24;2.0;345;128;14.7;15.72;1.069;0;1;0;0;0;1;0;0;0;1;0;265;;166;53;0;77
530.48;807;16;16;0;2.4;70;0;50;20;0;55;3;0.31;1.0;1.0;0;0;203;0;20;2.0;0.0;1.31;1.6;345;128;14.7;15.72;1.069;0;1;0;0;0;1;0;0;0;1;0;288;;166;53;0;82
530.89;1383;15;15;0;2.32;70;0;50;20;0;51;4;0.3;1.0;1.0;0;0;203;0;20;1.88;0.0;1.28;2.7;345;128;14.7;15.72;1.069;0;1;0;0;0;1;0;0;0;1;0;258;;166;53;0;77
531.29;1511;11;11;0;1.93;71;0;57;20;0;46;3;0.25;1.0;1.0;0;0;203;0;13;1.38;0.0;1.13;2.4;345;128;14.7;14.71;1.001;0;1;0;0;0;1;0;0;0;1;0;216;;165;53;0;73
531.71;1486;11;11;0;1.91;71;0;66;20;0;45;3;0.24;1.0;1.0;0;0;203;0;4;1.38;0.0;1.12;2.4;345;128;14.7;14.71;1.001;0;1;0;0;0;1;0;0;0;1;0;215;;165;53;0;73
532.1;1434;11;11;0;1.93;71;0;70;20;0;46;3;0.25;1.0;1.0;0;0;203;0;0;1.38;0.0;1.13;2.3;345;128;14.7;14.71;1.001;0;1;0;0;0;1;0;0;0;1;0;216;;165;53;0;73
532.5;1396;13;13;3;2.07;70;0;70;20;0;49;4;0.27;1.0;1.0;0;0;203;0;0;1.62;1.7;1.18;2.4;345;128;14.7;14.71;1.001;0;1;0;0;0;0;0;0;0;1;0;242;;166;53;0;75
532.9;1819;23;23;4;3.02;70;0;29;41;0;56;9;0.41;1.0;1.0;0;0;203;0;41;2.88;2.3;1.56;4.6;345;128;14.7;14.71;1.001;0;1;0;0;0;0;0;0;0;1;0;298;;166;53;0;82
533.31;1229;13;13;0;2.08;71;0;50;20;0;49;3;0.27;1.0;1.0;0;0;203;0;20;1.62;0.0;1.19;2.1;345;128;14.7;16.82;1.144;0;1;0;0;0;1;0;0;0;1;0;244;;165;53;0;71
533.73;922;14;14;0;2.23;71;0;50;20;0;53;3;0.29;1.0;1.0;0;0;203;0;20;1.75;0.0;1.25;1.7;345;128;14.7;16.82;1.144;0;1;0;0;0;1;0;0;0;1;0;271;;165;53;0;77
534.11;1012;15;15;0;2.3;70;0;50;20;0;53;3;0.3;1.0;1.0;0;0;203;0;20;1.88;0.0;1.27;1.9;345;128;14.7;18.22;1.239;0;1;0;0;0;1;0;0;0;1;0;275;;166;53;0;81
534.53;1012;16;16;0;2.43;71;0;50;20;0;54;3;0.31;1.0;1.0;0;0;203;0;20;2.0;0.0;1.33;2.0;345;128;14.7;18.22;1.239;0;1;0;0;0;1;0;0;0;1;0;277;;164;53;0;82
534.91;973;17;17;0;2.52;70;0;50;20;0;55;3;0.32;1.0;1.0;0;0;203;0;20;2.12;0.0;1.36;2.0;345;128;14.7;18.22;1.239;0;1;0;0;0;1;0;0;0;1;0;289;;166;54;0;82
535.33;1012;15;15;0;2.32;70;0;50;20;0;53;3;0.3;1.0;1.0;0;0;203;0;20;1.88;0.0;1.28;2.0;345;128;14.7;16.82;1.144;0;1;0;0;0;1;0;0;0;1;0;272;;166;54;0;81
535.51;1012;15;15;0;2.33;71;0;50;20;0;53;3;0.3;1.0;1.0;0;0;202;0;20;1.88;0.0;1.29;2.0;345;128;14.7;16.82;1.144;0;1;0;0;0;1;0;0;0;1;0;270;;166;54;0;77
535.92;948;15;15;0;2.25;70;0;50;20;0;52;3;0.28;1.0;1.0;0;0;202;0;20;1.88;0.0;1.25;1.8;345;128;14.7;16.82;1.144;0;1;0;0;0;1;0;0;0;1;0;267;;166;54;0;77
536.34;973;15;15;0;2.32;70;0;50;20;0;53;3;0.29;1.0;1.0;0;0;202;0;20;1.88;0.0;1.28;1.9;345;128;14.7;16.72;1.137;0;1;0;0;0;1;0;0;0;1;0;273;;166;54;0;78
536.73;986;14;14;0;2.23;71;0;50;20;0;52;3;0.28;1.0;1.0;0;0;202;0;20;1.75;0.0;1.25;1.8;345;128;14.7;16.72;1.137;0;1;0;0;0;1;0;0;0;1;0;266;;165;54;0;146
537.14;768;14;14;0;2.23;71;0;50;20;0;53;2;0.29;1.0;1.0;0;0;202;0;20;1.75;0.0;1.25;1.4;345;128;14.7;16.61;1.13;0;1;0;0;0;1;0;0;0;1;0;272;;165;54;0;78
537.54;730;18;18;0;2.58;73;0;50;20;0;56;3;0.33;1.0;1.0;0;0;202;0;20;2.25;0.0;1.4;1.6;345;128;14.7;16.61;1.13;0;1;0;0;0;1;0;0;0;1;0;297;;163;54;0;72
537.96;1319;14;14;0;2.2;70;0;50;20;0;50;4;0.28;1.0;1.0;0;0;202;0;20;1.75;0.0;1.23;2.4;345;128;14.7;16.61;1.13;0;1;0;0;0;1;0;0;0;1;0;250;;165;54;0;73
538.36;1434;11;11;0;1.97;72;0;55;20;0;46;3;0.25;1.0;1.0;0;0;202;0;15;1.38;0.0;1.15;2.4;345;128;14.7;14.52;0.988;0;1;0;0;0;1;0;0;0;1;0;223;;163;54;0;74
538.74;1281;12;12;0;2.0;72;0;64;20;0;47;3;0.26;1.0;1.0;0;0;202;0;6;1.5;0.0;1.16;2.1;345;128;14.7;14.52;0.988;0;1;0;0;0;1;0;0;0;1;0;231;;163;54;0;74
539.15;1396;12;12;0;2.05;70;0;60;20;0;48;3;0.27;1.0;1.0;0;0;202;0;10;1.5;0.0;1.17;2.4;345;128;14.7;14.52;0.988;0;1;0;0;0;1;0;0;0;1;0;233;;166;54;0;74
539.57;1268;11;11;0;1.95;70;0;51;20;0;47;3;0.26;1.0;1.0;0;0;202;0;19;1.38;0.0;1.13;2.1;345;128;14.7;14.52;0.988;0;1;0;0;0;1;0;0;0;1;0;225;;166;54;0;74
539.95;1255;11;12;0;1.95;70;0;50;20;0;47;3;0.26;1.0;1.0;0;0;202;0;20;1.38;0.0;1.13;2.0;345;128;14.7;14.52;0.988;0;1;0;0;0;1;0;0;0;1;0;227;;166;54;0;74
540.36;1204;11;11;0;1.92;70;0;50;20;0;47;3;0.25;1.0;1.0;0;0;202;0;20;1.38;0.0;1.12;1.9;345;128;14.7;16.42;1.117;0;1;0;0;0;1;0;0;0;1;0;229;;166;54;0;74
540.78;1165;11;11;0;1.96;71;0;50;20;0;47;3;0.24;1.0;1.0;0;0;202;0;20;1.38;0.0;1.14;1.9;345;128;14.7;16.42;1.117;0;1;0;0;0;1;0;0;0;1;0;229;;164;54;0;74
541.18;1140;12;12;0;1.98;71;0;50;20;0;48;3;0.25;1.0;1.0;0;0;202;0;20;1.5;0.0;1.15;1.9;345;128;14.7;16.92;1.151;0;1;0;0;0;1;0;0;0;1;0;239;;164;54;0;74
541.38;1012;11;11;0;1.96;71;0;50;20;0;49;2;0.24;1.0;1.0;0;0;202;0;20;1.38;0.0;1.14;1.7;345;128;14.7;16.92;1.151;0;1;0;0;0;1;0;0;0;1;0;240;;165;54;0;75
541.76;1037;12;12;0;2.01;71;0;50;20;0;49;2;0.25;1.0;1.0;0;0;202;0;20;1.5;0.0;1.16;1.7;345;128;14.7;16.92;1.151;0;1;0;0;0;1;0;0;0;1;0;247;;165;55;0;38
542.18;999;13;13;0;2.11;71;0;50;20;0;50;3;0.26;1.0;1.0;0;0;202;0;20;1.62;0.0;1.2;1.8;345;128;14.7;17.82;1.212;0;1;0;0;0;1;0;0;0;1;0;251;;165;54;0;76
542.58;1050;13;13;0;2.15;70;0;50;20;0;51;3;0.27;1.0;1.0;0;0;202;0;20;1.62;0.0;1.21;1.9;345;128;14.7;17.82;1.212;0;1;0;0;0;1;0;0;0;1;0;256;;166;55;0;40
542.99;935;13;13;0;2.08;71;0;50;20;0;51;2;0.27;1.0;1.0;0;0;202;0;20;1.62;0.0;1.19;1.6;345;128;14.7;17.82;1.212;0;1;0;0;0;1;0;0;0;1;0;253;;164;55;0;76
543.38;1037;13;13;0;2.17;72;0;50;20;0;51;3;0.27;1.0;1.0;0;0;202;0;20;1.62;0.0;1.23;1.9;345;128;14.7;16.52;1.124;0;1;0;0;0;1;0;0;0;1;0;257;;163;55;0;77
543.79;999;14;14;0;2.23;71;0;50;20;0;52;3;0.28;1.0;1.0;0;0;202;0;20;1.75;0.0;1.25;1.9;345;128;14.7;16.52;1.124;0;1;0;0;0;1;0;0;0;1;0;261;;165;55;0;77
544.19;871;13;13;0;2.16;71;0;50;20;0;52;2;0.27;1.0;1.0;0;0;202;0;20;1.62;0.0;1.22;1.6;345;128;14.7;16.42;1.117;0;1;0;0;0;1;0;0;0;1;0;263;;165;55;0;77
544.6;871;15;15;0;2.28;71;0;50;20;0;53;3;0.28;1.0;1.0;0;0;202;0;20;1.88;0.0;1.27;1.7;345;128;14.7;16.42;1.117;0;1;0;0;0;1;0;0;0;1;0;272;;164;55;0;78
544.99;871;14;14;0;2.16;71;0;50;20;0;52;2;0.27;1.0;1.0;0;0;202;0;20;1.75;0.0;1.22;1.6;345;128;14.7;16.42;1.117;0;1;0;0;0;1;0;0;0;1;0;267;;166;55;0;77
545.41;845;14;14;0;2.23;71;0;50;20;0;53;2;0.28;1.0;1.0;0;0;202;0;20;1.75;0.0;1.25;1.6;345;128;14.7;16.71;1.137;0;1;0;0;0;1;0;0;0;1;0;270;;165;55;0;77
545.8;884;16;16;0;2.37;70;0;50;20;0;54;3;0.3;1.0;1.0;0;0;202;0;20;2.0;0.0;1.3;1.7;345;128;14.7;16.71;1.137;0;1;0;0;0;1;0;0;0;1;0;279;;166;55;0;77
546.2;871;15;15;0;2.26;71;0;50;20;0;53;3;0.28;1.0;1.0;0;0;202;0;20;1.88;0.0;1.26;1.6;345;128;14.7;16.01;1.089;0;1;0;0;0;1;0;0;0;1;0;271;;164;55;0;78
546.62;781;14;14;0;2.25;72;0;50;20;0;53;2;0.29;1.0;1.0;0;0;202;0;20;1.75;0.0;1.26;1.5;345;128;14.7;16.01;1.089;0;1;0;0;0;1;0;0;0;1;0;273;;164;55;0;77
546.81;845;14;14;0;2.26;73;0;50;20;0;53;2;0.28;1.0;1.0;0;0;202;0;20;1.75;0.0;1.27;1.6;345;128;14.7;16.01;1.089;0;1;0;0;0;1;0;0;0;1;0;274;;162;55;0;77
547.22;935;15;15;0;2.31;73;0;50;20;0;53;3;0.29;1.0;1.0;0;0;202;0;20;1.88;0.0;1.29;1.8;345;128;14.7;14.81;1.007;0;1;0;0;0;1;0;0;0;1;0;271;;162;55;0;78
547.6;871;16;16;0;2.38;73;0;50;20;0;54;3;0.3;1.0;1.0;0;0;202;0;20;2.0;0.0;1.32;1.7;345;128;14.7;14.81;1.007;0;1;0;0;0;1;0;0;0;1;0;278;;162;55;0;81
548.03;832;15;15;0;2.35;72;0;50;20;0;54;2;0.3;1.0;1.0;0;0;202;0;20;1.88;0.0;1.3;1.6;345;128;14.7;14.81;1.007;0;1;0;0;0;1;0;0;0;1;0;279;;163;55;0;81
548.43;896;16;16;0;2.43;73;0;50;20;0;54;3;0.3;1.0;1.0;0;0;202;0;20;2.0;0.0;1.34;1.8;345;128;14.7;15.12;1.029;0;1;0;0;0;1;0;0;0;1;0;278;;162;55;0;81
548.82;807;16;16;0;2.43;73;0;50;20;0;55;3;0.31;1.0;1.0;0;0;202;0;20;2.0;0.0;1.34;1.6;345;128;14.7;15.12;1.029;0;1;0;0;0;1;0;0;0;1;0;284;;162;55;0;82
549.22;628;18;18;0;2.7;76;0;50;20;0;57;2;0.34;1.0;1.0;0;0;202;0;20;2.25;0.0;1.46;1.4;345;128;14.7;16.22;1.103;0;1;0;0;0;1;0;0;0;1;0;307;;158;55;0;70
549.62;820;21;21;0;2.87;74;0;50;20;0;59;3;0.34;1.0;1.0;0;0;202;0;20;2.62;0.0;1.52;2.0;345;128;14.7;16.22;1.103;0;1;0;0;0;1;0;0;0;1;0;317;;161;55;0;84
550.04;896;17;17;0;2.46;71;0;50;20;0;55;3;0.31;1.0;1.0;0;0;202;0;20;2.12;0.0;1.34;1.8;345;128;14.7;16.22;1.103;0;1;0;0;0;1;0;0;0;1;0;284;;164;55;0;82
550.42;884;15;15;0;2.33;71;0;50;20;0;54;3;0.3;1.0;1.0;0;0;202;0;20;1.88;0.0;1.29;1.7;345;128;14.7;14.91;1.014;0;1;0;0;0;1;0;0;0;1;0;278;;164;55;3;82
550.83;756;16;16;0;2.42;72;0;50;20;0;55;2;0.31;1.0;1.0;0;0;202;0;20;2.0;0.0;1.33;1.5;345;128;14.7;14.91;1.014;0;1;0;0;0;1;0;0;0;1;0;286;;163;55;0;82
551.23;653;19;19;0;2.67;74;0;50;20;0;57;2;0.34;1.0;1.0;0;0;202;0;20;2.38;0.0;1.44;1.5;345;128;14.7;15.81;1.076;0;1;0;0;0;1;0;0;0;1;0;302;;161;55;0;83
551.65;768;21;21;0;2.86;71;0;50;20;0;59;3;0.35;1.0;1.0;0;0;202;0;20;2.62;0.0;1.5;1.8;345;128;14.7;15.81;1.076;0;1;0;0;0;1;0;0;0;1;0;318;;164;55;0;85
552.06;922;26;26;1;3.36;69;0;50;20;0;64;5;0.41;1.0;1.0;0;0;202;0;20;3.25;0.6;1.69;2.6;345;128;14.47;15.81;1.093;0;1;0;0;0;1;0;0;0;1;0;355;;167;55;0;89
552.46;1319;36;36;6;4.26;71;0;34;36;0;70;10;0.51;1.0;1.0;0;0;202;0;36;4.5;3.5;2.06;4.7;345;128;14.7;15.61;1.062;0;1;0;0;0;0;0;0;0;1;0;397;;164;55;0;100
552.66;1204;22;22;1;2.9;70;0;50;20;0;58;6;0.38;1.0;1.0;0;0;202;0;20;2.75;0.6;1.51;2.9;345;128;14.7;15.61;1.062;0;1;0;0;0;1;0;0;0;1;0;315;;166;55;8;85
553.06;1229;33;33;5;3.96;71;0;35;35;0;67;9;0.49;1.0;1.0;0;0;202;0;35;4.12;2.9;1.94;4.1;345;128;14.7;15.61;1.062;0;1;0;0;0;0;0;0;0;1;0;378;;165;55;7;85
553.45;1498;38;38;9;4.37;70;0;33;38;0;70;12;0.53;1.0;1.0;0;0;202;0;37;4.75;5.2;2.1;5.5;345;128;14.7;16.12;1.097;0;1;0;0;0;0;0;0;0;1;0;403;;166;55;2;42
553.87;1716;47;47;13;5.23;71;0;32;38;0;78;18;0.59;1.0;1.0;0;0;202;0;38;5.88;7.6;2.45;7.5;345;128;14.7;16.12;1.097;0;1;0;0;0;0;0;0;0;1;0;461;;165;54;0;106
554.27;1767;45;45;13;5.11;71;0;30;40;0;77;18;0.59;1.0;1.0;0;0;202;0;40;5.62;7.6;2.4;7.5;345;128;14.7;15.92;1.083;0;1;0;0;0;0;0;0;0;1;0;453;;165;54;0;42
554.67;1819;45;45;13;5.13;71;0;29;41;0;77;18;0.59;1.0;1.0;0;0;202;0;41;5.62;7.6;2.41;7.8;345;128;14.7;15.92;1.083;0;1;0;0;0;0;0;0;0;1;0;455;;164;55;0;105
555.07;1767;46;46;13;5.16;71;0;29;41;0;78;19;0.59;1.0;1.0;0;0;202;0;41;5.75;7.6;2.42;7.6;345;128;14.7;15.92;1.083;0;1;0;0;0;0;0;0;0;1;0;458;;164;55;0;106
555.47;1934;52;52;19;5.72;72;0;32;38;0;82;22;0.63;1.0;1.0;0;0;202;0;38;6.5;11.0;2.65;9.2;345;128;14.82;15.91;1.074;0;1;0;0;0;0;0;0;0;1;0;493;;163;54;0;108
555.89;2062;61;61;22;6.68;73;0;36;33;0;88;29;0.71;1.0;1.0;0;0;202;0;34;7.62;12.8;3.04;11.5;345;128;14.04;15.91;1.133;0;1;0;0;0;0;0;0;0;1;0;533;;162;54;3;140
556.27;2203;58;58;22;6.32;74;0;34;36;0;86;28;0.66;1.0;1.0;0;0;202;0;36;7.25;12.8;2.9;11.6;345;128;14.82;14.21;0.959;0;1;0;0;0;0;0;0;0;1;0;523;;161;54;13;113
556.7;2190;53;53;21;5.83;75;0;30;40;0;83;26;0.64;1.0;1.0;0;0;202;0;40;6.62;12.2;2.71;10.6;345;128;14.82;14.21;0.959;0;1;0;0;0;0;0;0;0;1;0;496;;159;55;13;108
557.1;2062;44;44;18;4.98;73;0;27;43;0;76;20;0.58;1.0;1.0;0;0;202;0;43;5.5;10.5;2.36;8.6;345;128;14.82;14.21;0.959;0;1;0;0;0;0;0;0;0;1;0;447;;162;55;15;105
557.48;2049;44;44;18;5.02;74;0;27;43;0;76;20;0.58;1.0;1.0;0;0;202;0;43;5.5;10.5;2.38;8.6;345;128;14.82;14.71;0.993;0;1;0;0;0;0;0;0;0;1;0;446;;161;55;8;45
557.9;2100;43;43;18;4.88;73;0;26;44;0;75;20;0.56;1.0;1.0;0;0;202;0;44;5.38;10.5;2.32;8.5;345;128;14.82;14.71;0.993;0;1;0;0;0;0;0;0;0;1;0;443;;162;55;3;104
558.1;2024;39;39;14;4.52;72;0;24;46;0;73;18;0.55;1.0;1.0;0;0;202;0;46;4.88;8.1;2.17;7.6;345;128;14.82;14.71;0.993;0;1;0;0;0;0;0;0;0;1;0;420;;163;55;1;101
558.49;1972;28;28;10;3.51;71;0;25;45;0;63;12;0.45;1.0;1.0;0;0;202;0;45;3.5;5.8;1.76;5.8;345;128;14.82;14.21;0.959;0;1;0;0;0;0;0;0;0;1;0;347;;163;55;15;82
558.89;1998;27;27;10;3.42;72;0;25;45;0;62;12;0.44;1.0;1.0;0;0;202;0;45;3.38;5.8;1.73;5.7;345;128;14.82;14.21;0.959;0;1;0;0;0;0;0;0;0;1;0;342;;164;55;11;82
559.3;2024;30;30;10;3.71;71;0;24;46;0;64;14;0.48;1.0;1.0;0;0;202;0;46;3.75;5.8;1.84;6.3;345;128;14.82;15.72;1.061;0;1;0;0;0;0;0;0;0;1;0;357;;165;55;3;89
559.69;1985;33;33;11;3.93;71;0;24;45;0;67;15;0.5;1.0;1.0;0;0;202;0;46;4.12;6.4;1.93;6.5;345;128;14.82;15.72;1.061;0;1;0;0;0;0;0;0;0;1;0;379;;165;55;1;90
560.12;2113;34;34;11;3.98;71;0;23;47;0;68;16;0.5;1.0;1.0;0;0;202;0;47;4.25;6.4;1.95;7.0;345;128;14.82;15.72;1.061;0;1;0;0;0;0;0;0;0;1;0;382;;165;55;0;83
560.52;2280;61;61;29;6.57;72;0;34;36;0;90;31;0.68;1.0;1.0;0;0;202;0;36;7.62;16.9;2.99;12.5;345;128;14.82;18.12;1.223;0;1;0;0;0;0;0;0;0;1;0;555;;163;55;0;148
560.92;2446;62;62;31;6.68;73;0;34;35;0;95;35;0.67;1.0;1.0;0;0;202;0;36;7.75;18.0;3.04;13.6;345;128;14.82;18.12;1.223;0;1;0;0;0;0;0;0;0;1;0;586;;162;55;0;145
561.32;2280;68;68;31;7.28;73;0;39;31;0;96;36;0.73;1.0;1.0;0;0;202;0;31;8.5;18.0;3.28;13.8;345;128;14.82;14.51;0.979;0;1;0;0;0;0;0;0;0;1;0;594;;162;55;0;149
561.74;2280;58;58;22;6.35;74;0;34;36;0;88;30;0.66;1.0;1.0;0;0;202;0;36;7.25;12.8;2.91;12.1;345;128;14.82;14.51;0.979;0;1;0;0;0;0;0;0;0;1;0;535;;161;55;10;53
562.13;1806;34;34;10;4.07;72;0;26;44;0;67;14;0.52;1.0;1.0;0;0;202;0;44;4.25;5.8;1.99;6.1;345;128;14.7;14.51;0.987;0;1;0;0;0;0;0;0;0;1;0;379;;163;55;22;90
562.52;1614;31;31;8;3.78;71;0;28;42;0;64;11;0.49;1.0;1.0;0;0;202;0;42;3.88;4.7;1.87;5.1;345;128;14.7;12.41;0.844;0;1;0;0;0;0;0;0;0;1;0;353;;164;55;23;89
562.94;1729;32;32;8;3.91;71;0;28;43;0;64;12;0.5;1.0;1.0;0;0;202;0;42;4.0;4.7;1.92;5.6;345;128;14.7;12.41;0.844;0;1;0;0;0;0;0;0;0;1;0;352;;164;55;23;89
563.33;1665;32;32;8;3.86;73;0;27;43;0;64;12;0.5;1.0;1.0;0;0;202;0;43;4.0;4.7;1.91;5.4;345;128;14.7;13.61;0.926;0;1;0;0;0;0;0;0;0;1;0;355;;162;55;23;89
563.75;1537;18;18;0;2.56;71;0;44;20;0;53;6;0.34;1.0;1.0;0;0;202;0;26;2.25;0.0;1.38;3.3;345;128;14.7;13.61;0.926;0;1;0;0;0;1;0;0;0;1;0;270;;164;55;24;77
563.94;1153;23;23;0;3.01;71;0;54;20;0;59;5;0.38;1.0;1.0;0;0;202;0;16;2.88;0.0;1.56;2.9;345;128;14.7;13.61;0.926;0;1;0;0;0;1;0;0;0;1;0;319;;163;55;12;85
564.36;1601;25;25;1;3.18;71;0;53;20;0;58;8;0.42;1.0;1.0;0;0;202;0;17;3.12;0.6;1.63;4.2;345;128;14.7;14.31;0.973;0;1;0;0;0;1;0;0;0;1;0;310;;165;56;8;35
564.75;1345;31;31;3;3.82;70;0;33;37;0;64;9;0.48;1.0;1.0;0;0;202;0;37;3.88;1.7;1.88;4.3;345;128;14.7;14.31;0.973;0;1;0;0;0;0;0;0;0;1;0;358;;166;56;14;89
565.14;1652;29;29;3;3.55;70;0;28;42;0;62;10;0.47;1.0;1.0;0;0;202;0;42;3.62;1.7;1.77;4.9;345;128;14.7;14.31;0.973;0;1;0;0;0;0;0;0;0;1;0;338;;166;55;11;86
565.54;1652;29;29;4;3.6;70;0;30;40;0;62;10;0.47;1.0;1.0;0;0;202;0;40;3.62;2.3;1.79;5.0;345;128;14.7;13.91;0.946;0;1;0;0;0;0;0;0;0;1;0;337;;166;55;22;50
565.95;1588;26;26;4;3.35;70;0;30;40;0;61;9;0.45;1.0;1.0;0;0;202;0;40;3.25;2.3;1.69;4.4;345;128;14.7;13.91;0.946;0;1;0;0;0;0;0;0;0;1;0;328;;166;55;22;86
566.35;1498;16;16;0;2.42;70;0;44;20;0;52;5;0.32;1.0;1.0;0;0;202;0;26;2.0;0.0;1.32;3.0;345;128;14.7;12.31;0.837;0;1;0;0;0;1;0;0;0;1;0;266;;166;55;25;77
566.77;1089;18;18;0;2.56;71;0;53;20;0;55;4;0.33;1.0;1.0;0;0;202;0;17;2.25;0.0;1.38;2.3;345;128;14.7;12.31;0.837;0;1;0;0;0;1;0;0;0;1;0;287;;164;55;20;82
567.15;1268;16;16;0;2.38;69;0;50;20;0;53;4;0.32;1.0;1.0;0;0;202;0;20;2.0;0.0;1.3;2.5;345;128;14.7;13.81;0.939;0;1;0;0;0;1;0;0;0;1;0;270;;167;55;5;77
567.55;1165;15;15;0;2.28;71;0;50;20;0;52;4;0.3;1.0;1.0;0;0;202;0;20;1.88;0.0;1.27;2.2;345;128;14.7;13.81;0.939;0;1;0;0;0;1;0;0;0;1;0;263;;165;55;22;77
567.96;1165;15;15;0;2.25;70;0;50;20;0;52;3;0.3;1.0;1.0;0;0;202;0;20;1.88;0.0;1.25;2.2;345;128;14.7;13.81;0.939;0;1;0;0;0;1;0;0;0;1;0;262;;166;55;22;77
568.37;1140;14;14;0;2.17;70;0;50;20;0;51;3;0.28;1.0;1.0;0;0;202;0;20;1.75;0.0;1.22;2.1;345;128;14.7;14.41;0.98;0;1;0;0;0;1;0;0;0;1;0;258;;166;55;21;146
568.77;1089;15;15;0;2.25;70;0;50;20;0;52;3;0.29;1.0;1.0;0;0;202;0;20;1.88;0.0;1.25;2.0;345;128;14.7;14.41;0.98;0;1;0;0;0;1;0;0;0;1;0;262;;166;55;20;77
569.18;1063;15;15;0;2.25;70;0;50;20;0;52;3;0.29;1.0;1.0;0;0;202;0;20;1.88;0.0;1.25;2.0;345;128;14.7;14.51;0.987;0;1;0;0;0;1;0;0;0;1;0;262;;166;55;20;77
569.58;986;14;14;0;2.23;71;0;50;20;0;52;3;0.28;1.0;1.0;0;0;202;0;20;1.75;0.0;1.25;1.8;345;128;14.7;14.51;0.987;0;1;0;0;0;1;0;0;0;1;0;263;;164;55;20;77
569.78;1089;14;14;0;2.23;71;0;50;20;0;52;3;0.29;1.0;1.0;0;0;202;0;20;1.75;0.0;1.25;2.0;345;128;14.7;14.51;0.987;0;1;0;0;0;1;0;0;0;1;0;261;;165;55;16;77
570.19;973;14;14;0;2.22;70;0;50;20;0;52;3;0.28;1.0;1.0;0;0;202;0;20;1.75;0.0;1.24;1.8;345;128;14.7;14.21;0.967;0;1;0;0;0;1;0;0;0;1;0;263;;166;55;19;74
570.57;922;14;14;0;2.18;71;0;50;20;0;52;3;0.28;1.0;1.0;0;0;202;0;20;1.75;0.0;1.23;1.7;345;128;14.7;14.21;0.967;0;1;0;0;0;1;0;0;0;1;0;261;;165;55;19;77
570.98;973;14;14;0;2.23;71;0;50;20;0;52;3;0.28;1.0;1.0;0;0;202;0;20;1.75;0.0;1.25;1.8;345;128;14.7;14.21;0.967;0;1;0;0;0;1;0;0;0;1;0;261;;164;55;19;145
571.37;896;13;13;0;2.17;72;0;50;20;0;52;2;0.27;1.0;1.0;0;0;202;0;20;1.62;0.0;1.23;1.6;345;128;14.7;13.91;0.946;0;1;0;0;0;1;0;0;0;1;0;263;;163;55;17;77
571.79;896;15;15;0;2.28;71;0;50;20;0;53;3;0.28;1.0;1.0;0;0;202;0;20;1.88;0.0;1.27;1.7;345;128;14.7;13.91;0.946;0;1;0;0;0;1;0;0;0;1;0;273;;165;55;10;77
572.19;935;15;15;0;2.3;70;0;50;20;0;53;3;0.29;1.0;1.0;0;0;202;0;20;1.88;0.0;1.27;1.8;345;128;14.7;14.61;0.994;0;1;0;0;0;1;0;0;0;1;0;270;;166;55;11;77
572.6;896;14;14;0;2.22;74;0;50;20;0;52;2;0.27;1.0;1.0;0;0;202;0;20;1.75;0.0;1.26;1.7;345;128;14.7;14.61;0.994;0;1;0;0;0;1;0;0;0;1;0;267;;162;55;13;77
573.0;845;15;15;0;2.36;73;0;50;20;0;54;3;0.3;1.0;1.0;0;0;202;0;20;1.88;0.0;1.31;1.7;345;128;14.7;14.61;0.994;0;1;0;0;0;1;0;0;0;1;0;277;;162;55;7;82
573.41;820;15;15;0;2.35;72;0;50;20;0;54;3;0.3;1.0;1.0;0;0;202;0;20;1.88;0.0;1.3;1.6;345;128;14.7;15.12;1.029;0;1;0;0;0;1;0;0;0;1;0;278;;161;55;5;41
573.8;768;16;16;0;2.4;72;0;50;20;0;54;2;0.3;1.0;1.0;0;0;202;0;20;2.0;0.0;1.32;1.5;345;128;14.7;15.12;1.029;0;1;0;0;0;1;0;0;0;1;0;282;;163;55;6;81
574.21;999;16;16;0;2.35;70;0;50;20;0;53;3;0.3;1.0;1.0;0;0;202;0;20;2.0;0.0;1.29;2.0;345;128;14.7;14.41;0.98;0;1;0;0;0;1;0;0;0;1;0;275;;166;55;15;81
574.61;1165;13;13;0;2.12;70;0;50;20;0;50;3;0.27;1.0;1.0;0;0;202;0;20;1.62;0.0;1.2;2.1;345;128;14.7;14.41;0.98;0;1;0;0;0;1;0;0;0;1;0;248;;166;55;17;76
575.03;1101;13;13;0;2.08;71;0;50;20;0;50;3;0.27;1.0;1.0;0;0;202;0;20;1.62;0.0;1.19;1.9;345;128;14.7;14.41;0.98;0;1;0;0;0;1;0;0;0;1;0;250;;164;55;12;76
575.22;935;14;14;0;2.23;73;0;50;20;0;52;3;0.28;1.0;1.0;0;0;202;0;20;1.75;0.0;1.26;1.7;345;128;14.7;15.91;1.082;0;1;0;0;0;1;0;0;0;1;0;261;;162;55;3;70
575.61;948;15;15;0;2.27;72;0;50;20;0;53;3;0.29;1.0;1.0;0;0;202;0;20;1.88;0.0;1.27;1.8;345;128;14.7;15.91;1.082;0;1;0;0;0;1;0;0;0;1;0;268;;163;55;2;77
576.01;845;16;16;0;2.4;72;0;50;20;0;54;3;0.3;1.0;1.0;0;0;202;0;20;2.0;0.0;1.32;1.7;345;128;14.7;15.91;1.082;0;1;0;0;0;1;0;0;0;1;0;279;;163;55;1;82
576.42;730;17;17;0;2.45;70;0;50;20;0;55;2;0.31;1.0;1.0;0;0;202;0;20;2.12;0.0;1.33;1.5;345;128;14.7;14.61;0.994;0;1;0;0;0;1;0;0;0;1;0;291;;166;55;3;82
576.81;679;17;17;0;2.53;73;0;50;20;0;56;2;0.34;1.0;1.0;0;0;202;0;20;2.12;0.0;1.38;1.4;345;128;14.7;14.61;0.994;0;1;0;0;0;1;0;0;0;1;0;298;;162;55;5;83
577.23;679;19;19;0;2.7;72;0;50;20;0;58;3;0.35;1.0;1.0;0;0;202;0;20;2.38;0.0;1.44;1.5;345;128;14.7;14.71;1.001;0;1;0;0;0;1;0;0;0;1;0;309;;163;55;9;146
577.62;679;21;21;0;2.93;75;0;50;20;0;60;3;0.37;1.0;1.0;0;0;202;0;20;2.62;0.0;1.55;1.7;345;128;14.7;14.71;1.001;0;1;0;0;0;1;0;0;0;1;0;320;;159;55;11;85
578.03;679;20;20;0;2.78;73;0;50;20;0;59;3;0.36;1.0;1.0;0;0;202;0;20;2.5;0.0;1.48;1.6;345;128;14.7;14.71;1.001;0;1;0;0;0;1;0;0;0;1;0;317;;162;55;11;85
578.43;666;21;21;0;2.91;73;0;50;20;0;60;3;0.37;1.0;1.0;0;0;202;0;20;2.62;0.0;1.53;1.6;345;128;14.7;14.51;0.987;0;1;0;0;0;1;0;0;0;1;0;321;;162;55;13;70
578.84;628;21;21;0;2.92;74;0;50;20;0;61;3;0.38;1.0;1.0;0;0;202;0;20;2.62;0.0;1.54;1.5;345;128;14.7;14.51;0.987;0;1;0;0;0;1;0;0;0;1;0;331;;160;55;15;41
579.24;679;24;24;0;3.18;75;0;50;20;0;62;3;0.39;1.0;1.0;0;0;202;0;20;3.0;0.0;1.65;1.8;345;128;14.47;14.41;0.996;0;1;0;0;0;1;0;0;0;1;0;339;;159;55;14;86
579.65;653;25;25;0;3.27;76;0;50;20;0;63;3;0.4;1.0;1.0;0;0;202;0;20;3.12;0.0;1.69;1.8;345;128;14.7;14.41;0.98;0;1;0;0;0;1;0;0;0;1;0;350;;157;55;14;88
580.04;653;25;25;0;3.33;75;0;50;20;0;64;3;0.41;1.0;1.0;0;0;202;0;20;3.12;0.0;1.71;1.8;345;128;14.7;14.41;0.98;0;1;0;0;0;1;0;0;0;1;0;352;;159;55;13;89
580.46;730;22;22;0;2.98;73;0;50;20;0;61;3;0.37;1.0;1.0;0;0;202;0;20;2.75;0.0;1.56;1.8;345;128;14.7;13.91;0.946;0;1;0;0;0;1;0;0;0;1;0;333;;162;55;14;86
580.87;756;20;20;0;2.77;72;0;50;20;0;59;3;0.35;1.0;1.0;0;0;202;0;20;2.5;0.0;1.47;1.7;345;128;14.7;13.91;0.946;0;1;0;0;0;1;0;0;0;1;0;319;;163;55;15;85
581.05;666;22;22;0;3.0;74;0;50;20;0;61;3;0.38;1.0;1.0;0;0;202;0;20;2.75;0.0;1.57;1.7;345;128;14.7;13.91;0.946;0;1;0;0;0;1;0;0;0;1;0;331;;161;55;14;86
581.46;717;24;24;0;3.15;72;0;50;20;0;62;3;0.38;1.0;1.0;0;0;202;0;20;3.0;0.0;1.62;1.9;345;128;14.47;14.11;0.975;0;1;0;0;0;1;0;0;0;1;0;343;;163;54;10;86
581.88;768;22;22;0;2.96;71;0;50;20;0;61;3;0.37;1.0;1.0;0;0;202;0;20;2.75;0.0;1.54;1.9;345;128;14.7;14.11;0.96;0;1;0;0;0;1;0;0;0;1;0;331;;165;54;13;85
582.26;679;22;22;0;3.02;72;0;50;20;0;61;3;0.38;1.0;1.0;0;0;202;0;20;2.75;0.0;1.57;1.7;345;128;14.7;14.21;0.967;0;1;0;0;0;1;0;0;0;1;0;335;;163;54;14;86
582.67;704;24;24;0;3.23;73;0;50;20;0;63;3;0.4;1.0;1.0;0;0;202;0;20;3.0;0.0;1.66;1.9;345;128;14.47;14.21;0.982;0;1;0;0;0;1;0;0;0;1;0;349;;162;54;13;88
583.07;756;24;24;0;3.18;71;0;50;20;0;63;4;0.39;1.0;1.0;0;0;202;0;20;3.0;0.0;1.63;2.0;345;128;14.47;14.21;0.982;0;1;0;0;0;1;0;0;0;1;0;350;;164;54;13;88
583.49;730;24;24;0;3.16;73;0;50;20;0;63;4;0.39;1.0;1.0;0;0;202;0;20;3.0;0.0;1.63;1.9;345;128;14.47;14.41;0.996;0;1;0;0;0;1;0;0;0;1;0;348;;162;54;13;88
583.87;666;24;24;0;3.2;72;0;50;20;0;63;3;0.4;1.0;1.0;0;0;202;0;20;3.0;0.0;1.64;1.8;345;128;14.7;14.41;0.98;0;1;0;0;0;1;0;0;0;1;0;350;;163;54;13;88
584.27;704;25;25;0;3.32;72;0;50;20;0;64;4;0.41;1.0;1.0;0;0;202;0;20;3.12;0.0;1.69;1.9;345;128;14.47;15.11;1.044;0;1;0;0;0;1;0;0;0;1;0;357;;163;54;12;89
584.68;756;26;26;0;3.36;73;0;50;20;0;64;4;0.41;1.0;1.0;0;0;202;0;20;3.25;0.0;1.71;2.1;345;128;14.47;15.11;1.044;0;1;0;0;0;1;0;0;0;1;0;352;;162;54;12;75
585.09;717;26;26;0;3.37;74;0;50;20;0;64;4;0.41;1.0;1.0;0;0;202;0;20;3.25;0.0;1.72;2.0;345;128;14.47;15.11;1.044;0;1;0;0;0;1;0;0;0;1;0;356;;161;55;12;89
585.48;768;26;26;0;3.37;72;0;50;20;0;64;4;0.41;1.0;1.0;0;0;202;0;20;3.25;0.0;1.71;2.2;345;128;14.47;14.51;1.003;0;1;0;0;0;1;0;0;0;1;0;359;;163;55;11;89
585.9;781;26;26;0;3.35;72;0;50;20;0;64;4;0.41;1.0;1.0;0;0;202;0;20;3.25;0.0;1.7;2.2;345;128;14.47;14.51;1.003;0;1;0;0;0;1;0;0;0;1;0;356;;163;54;9;89
586.31;756;26;26;0;3.31;71;0;50;20;0;64;4;0.41;1.0;1.0;0;0;202;0;20;3.25;0.0;1.68;2.1;345;128;14.47;14.11;0.975;0;1;0;0;0;1;0;0;0;1;0;357;;164;54;10;89
586.7;768;27;27;0;3.41;71;0;50;20;0;65;4;0.41;1.0;1.0;0;0;202;0;20;3.38;0.0;1.72;2.2;345;128;14.47;14.11;0.975;0;1;0;0;0;1;0;0;0;1;0;362;;165;54;12;89
586.9;807;26;26;0;3.36;73;0;50;20;0;64;4;0.41;1.0;1.0;0;0;202;0;20;3.25;0.0;1.71;2.3;345;128;14.47;14.11;0.975;0;1;0;0;0;1;0;0;0;1;0;359;;162;54;10;89
587.31;781;26;26;0;3.36;71;0;50;20;0;65;4;0.41;1.0;1.0;0;0;202;0;20;3.25;0.0;1.7;2.2;345;128;14.47;14.52;1.003;0;1;0;0;0;1;0;0;0;1;0;361;;164;54;9;89
587.71;756;25;25;0;3.31;71;0;50;20;0;64;4;0.41;1.0;1.0;0;0;202;0;20;3.12;0.0;1.68;2.1;345;128;14.47;14.52;1.003;0;1;0;0;0;1;0;0;0;1;0;355;;164;54;7;89
588.11;730;25;25;0;3.32;74;0;50;20;0;64;4;0.41;1.0;1.0;0;0;202;0;20;3.12;0.0;1.7;2.0;345;128;14.47;14.52;1.003;0;1;0;0;0;1;0;0;0;1;0;354;;161;54;9;89
588.52;717;25;25;0;3.26;71;0;50;20;0;64;4;0.41;1.0;1.0;0;0;202;0;20;3.12;0.0;1.66;1.9;345;128;14.47;14.71;1.017;0;1;0;0;0;1;0;0;0;1;0;355;;162;54;8;146
588.91;756;25;25;0;3.27;72;0;50;20;0;64;4;0.41;1.0;1.0;0;0;202;0;20;3.12;0.0;1.67;2.1;345;128;14.47;14.71;1.017;0;1;0;0;0;1;0;0;0;1;0;355;;163;54;9;89
589.31;768;26;26;0;3.35;74;0;50;20;0;64;4;0.41;1.0;1.0;0;0;202;0;20;3.25;0.0;1.71;2.1;345;128;14.47;15.01;1.037;0;1;0;0;0;1;0;0;0;1;0;356;;161;54;9;89
589.73;807;26;26;0;3.36;71;0;50;20;0;65;4;0.41;1.0;1.0;0;0;202;0;20;3.25;0.0;1.7;2.3;345;128;14.47;15.01;1.037;0;1;0;0;0;1;0;0;0;1;0;360;;164;54;9;82
590.12;717;26;26;0;3.31;71;0;50;20;0;64;4;0.41;1.0;1.0;0;0;202;0;20;3.25;0.0;1.68;2.0;345;128;14.47;15.01;1.037;0;1;0;0;0;1;0;0;0;1;0;358;;164;54;8;89
590.54;730;25;25;0;3.31;71;0;50;20;0;64;4;0.41;1.0;1.0;0;0;202;0;20;3.12;0.0;1.68;2.0;345;128;14.47;14.41;0.996;0;1;0;0;0;1;0;0;0;1;0;356;;165;54;7;89
590.93;730;25;25;0;3.27;72;0;50;20;0;64;4;0.41;1.0;1.0;0;0;202;0;20;3.12;0.0;1.67;2.0;345;128;14.47;14.41;0.996;0;1;0;0;0;1;0;0;0;1;0;355;;163;54;6;89
591.35;807;26;26;0;3.32;72;0;50;20;0;64;4;0.41;1.0;1.0;0;0;202;0;20;3.25;0.0;1.69;2.2;345;128;14.47;14.51;1.003;0;1;0;0;0;1;0;0;0;1;0;359;;162;54;6;74
591.73;768;26;26;0;3.33;71;0;50;20;0;64;4;0.41;1.0;1.0;0;0;202;0;20;3.25;0.0;1.69;2.1;345;128;14.47;14.51;1.003;0;1;0;0;0;1;0;0;0;1;0;359;;165;54;3;89
592.13;730;24;24;0;3.21;71;0;50;20;0;64;4;0.41;1.0;1.0;0;0;202;0;20;3.0;0.0;1.64;2.0;345;128;14.47;14.51;1.003;0;1;0;0;0;1;0;0;0;1;0;356;;165;54;3;88
592.34;820;26;26;0;3.33;71;0;50;20;0;65;4;0.4;1.0;1.0;0;0;202;0;20;3.25;0.0;1.69;2.3;345;128;14.47;14.62;1.01;0;1;0;0;0;1;0;0;0;1;0;360;;165;54;2;84
592.75;781;26;26;0;3.38;71;0;50;20;0;65;4;0.41;1.0;1.0;0;0;202;0;20;3.25;0.0;1.71;2.2;345;128;14.47;14.62;1.01;0;1;0;0;0;1;0;0;0;1;0;364;;166;54;2;75
593.16;730;26;26;0;3.3;70;0;50;20;0;65;4;0.41;1.0;1.0;0;0;202;0;20;3.25;0.0;1.67;2.0;345;128;14.47;14.62;1.01;0;1;0;0;0;1;0;0;0;1;0;360;;166;54;1;90
593.56;756;25;25;0;3.27;70;0;50;20;0;65;4;0.41;1.0;1.0;0;0;202;0;20;3.12;0.0;1.66;2.1;345;128;14.47;14.91;1.03;0;1;0;0;0;1;0;0;0;1;0;361;;166;54;1;89
593.96;807;26;26;0;3.36;71;0;50;20;0;65;4;0.41;1.0;1.0;0;0;202;0;20;3.25;0.0;1.7;2.3;345;128;14.47;14.91;1.03;0;1;0;0;0;1;0;0;0;1;0;361;;165;54;1;89
594.36;768;25;25;0;3.28;71;0;50;20;0;64;4;0.41;1.0;1.0;0;0;202;0;20;3.12;0.0;1.67;2.1;345;128;14.47;15.11;1.044;0;1;0;0;0;1;0;0;0;1;0;356;;165;54;0;89
594.75;807;26;26;0;3.36;71;0;50;20;0;65;4;0.41;1.0;1.0;0;0;202;0;20;3.25;0.0;1.7;2.3;345;128;14.47;15.11;1.044;0;1;0;0;0;1;0;0;0;1;0;362;;165;54;1;89
595.17;756;25;25;0;3.27;70;0;50;20;0;64;4;0.41;1.0;1.0;0;0;202;0;20;3.12;0.0;1.66;2.1;345;128;14.47;15.11;1.044;0;1;0;0;0;1;0;0;0;1;0;357;;164;54;0;73
595.58;768;25;25;0;3.28;71;0;50;20;0;65;4;0.41;1.0;1.0;0;0;202;0;20;3.12;0.0;1.67;2.1;345;128;14.47;14.62;1.01;0;1;0;0;0;1;0;0;0;1;0;362;;163;54;0;41
595.96;768;26;26;0;3.33;71;0;50;20;0;65;4;0.41;1.0;1.0;0;0;202;0;20;3.25;0.0;1.69;2.1;345;128;14.47;14.62;1.01;0;1;0;0;0;1;0;0;0;1;0;361;;164;54;0;89
596.38;768;25;25;0;3.26;71;0;50;20;0;64;4;0.41;1.0;1.0;0;0;202;0;20;3.12;0.0;1.66;2.1;345;128;14.47;14.71;1.017;0;1;0;0;0;1;0;0;0;1;0;356;;164;54;0;89
596.77;781;26;26;0;3.36;71;0;50;20;0;65;4;0.41;1.0;1.0;0;0;202;0;20;3.25;0.0;1.7;2.2;345;128;14.47;14.71;1.017;0;1;0;0;0;1;0;0;0;1;0;361;;164;54;0;89
597.18;756;25;25;0;3.21;71;0;50;20;0;64;4;0.41;1.0;1.0;0;0;202;0;20;3.12;0.0;1.64;2.0;345;128;14.47;14.71;1.017;0;1;0;0;0;1;0;0;0;1;0;356;;163;54;0;82
597.57;807;26;26;0;3.33;71;0;50;20;0;65;4;0.41;1.0;1.0;0;0;202;0;20;3.25;0.0;1.69;2.2;345;128;14.47;15.31;1.058;0;1;0;0;0;1;0;0;0;1;0;360;;165;54;0;89
597.78;730;25;25;0;3.21;71;0;50;20;0;64;4;0.41;1.0;1.0;0;0;202;0;20;3.12;0.0;1.64;2.0;345;128;14.47;15.31;1.058;0;1;0;0;0;1;0;0;0;1;0;354;;164;54;0;89
598.19;807;25;25;0;3.3;72;0;50;20;0;64;4;0.41;1.0;1.0;0;0;202;0;20;3.12;0.0;1.68;2.2;345;128;14.47;15.31;1.058;0;1;0;0;0;1;0;0;0;1;0;358;;163;54;0;83
598.59;781;26;26;0;3.4;72;0;50;20;0;65;4;0.41;1.0;1.0;0;0;202;0;20;3.25;0.0;1.72;2.2;345;128;14.47;14.71;1.017;0;1;0;0;0;1;0;0;0;1;0;364;;163;54;0;41
598.99;730;25;25;0;3.26;71;0;50;20;0;64;4;0.41;1.0;1.0;0;0;202;0;20;3.12;0.0;1.66;2.0;345;128;14.47;14.71;1.017;0;1;0;0;0;1;0;0;0;1;0;358;;164;54;0;89
599.39;832;26;26;0;3.36;71;0;50;20;0;65;4;0.4;1.0;1.0;0;0;202;0;20;3.25;0.0;1.7;2.3;345;128;14.47;14.81;1.023;0;1;0;0;0;1;0;0;0;1;0;361;;164;54;0;89
599.79;730;25;25;0;3.28;71;0;50;20;0;64;4;0.41;1.0;1.0;0;0;202;0;20;3.12;0.0;1.67;2.0;345;128;14.47;14.81;1.023;0;1;0;0;0;1;0;0;0;1;0;358;;164;54;0;89
600.19;768;26;26;0;3.31;71;0;50;20;0;65;4;0.41;1.0;1.0;0;0;202;0;20;3.25;0.0;1.68;2.1;345;128;14.47;14.81;1.023;0;1;0;0;0;1;0;0;0;1;0;361;;164;54;0;89
600.59;807;26;26;0;3.36;71;0;50;20;0;65;4;0.41;1.0;1.0;0;0;202;0;20;3.25;0.0;1.7;2.3;345;128;14.47;14.91;1.03;0;1;0;0;0;1;0;0;0;1;0;360;;165;54;0;89
601.01;781;25;25;0;3.28;71;0;50;20;0;65;4;0.41;1.0;1.0;0;0;202;0;20;3.12;0.0;1.67;2.1;345;128;14.47;14.91;1.03;0;1;0;0;0;1;0;0;0;1;0;360;;164;54;0;89
601.42;768;25;25;0;3.31;71;0;50;20;0;64;4;0.41;1.0;1.0;0;0;202;0;20;3.12;0.0;1.68;2.1;345;128;14.47;14.72;1.017;0;1;0;0;0;1;0;0;0;1;0;357;;165;54;0;89
601.83;845;26;26;0;3.38;71;0;50;20;0;65;4;0.4;1.0;1.0;0;0;202;0;20;3.25;0.0;1.71;2.4;345;128;14.47;14.72;1.017;0;1;0;0;0;1;0;0;0;1;0;361;;165;54;0;90
602.21;756;25;25;0;3.23;71;0;50;20;0;64;4;0.41;1.0;1.0;0;0;202;0;20;3.12;0.0;1.65;2.0;345;128;14.47;14.72;1.017;0;1;0;0;0;1;0;0;0;1;0;357;;165;54;0;89
602.63;845;26;26;0;3.35;70;0;50;20;0;65;4;0.4;1.0;1.0;0;0;202;0;20;3.25;0.0;1.69;2.4;345;128;14.47;15.62;1.079;0;1;0;0;0;1;0;0;0;1;0;362;;166;54;0;89
603.02;807;32;32;3;3.92;72;0;45;25;0;73;6;0.46;1.0;1.0;0;0;202;0;25;4.0;1.7;1.93;2.6;345;128;14.59;15.62;1.071;0;1;0;0;0;0;0;0;0;1;0;426;;163;54;0;101
603.43;1370;41;41;4;4.68;71;0;36;34;0;73;12;0.54;1.0;1.0;0;0;202;0;34;5.12;2.3;2.23;5.3;345;128;14.7;15.71;1.069;0;1;0;0;0;0;0;0;0;1;0;427;;165;54;0;102
603.63;1422;41;41;9;4.71;71;0;35;35;0;74;13;0.55;1.0;1.0;0;0;202;0;35;5.12;5.2;2.24;5.6;345;128;14.7;15.71;1.069;0;1;0;0;0;0;0;0;0;1;0;429;;165;54;0;102
604.03;1652;49;49;13;5.46;71;0;34;36;0;80;18;0.6;1.0;1.0;0;0;202;0;36;6.12;7.6;2.54;7.5;345;128;14.7;15.71;1.069;0;1;0;0;0;0;0;0;0;1;0;479;;164;54;0;107
604.43;1870;45;45;13;5.1;72;0;29;41;0;77;19;0.59;1.0;1.0;0;0;202;0;41;5.62;7.6;2.4;7.9;345;128;14.82;14.21;0.959;0;1;0;0;0;0;0;0;0;1;0;448;;164;54;0;105
604.83;1780;38;38;9;4.48;73;0;28;42;0;71;15;0.55;1.0;1.0;0;0;202;0;42;4.75;5.2;2.16;6.6;345;128;14.7;14.21;0.967;0;1;0;0;0;0;0;0;0;1;0;407;;162;54;0;98
605.23;1319;17;17;0;2.47;72;0;51;20;0;54;5;0.34;1.0;1.0;0;0;202;0;19;2.12;0.0;1.35;2.7;345;128;14.7;14.21;0.967;0;1;0;0;0;1;0;0;0;1;0;283;;163;54;7;82
605.64;704;28;28;0;3.62;74;0;54;20;0;68;4;0.43;1.0;1.0;0;0;202;0;16;3.5;0.0;1.82;2.1;345;128;14.47;12.92;0.893;0;1;0;0;0;1;0;0;0;1;0;386;;160;54;2;91
606.03;1140;29;29;0;3.58;71;0;50;20;0;64;7;0.46;1.0;1.0;0;0;202;0;20;3.62;0.0;1.79;3.4;345;128;14.7;12.92;0.879;0;1;0;0;0;1;0;0;0;1;0;354;;165;54;1;89
606.44;1063;25;25;0;3.28;71;0;50;20;0;62;6;0.41;1.0;1.0;0;0;202;0;20;3.12;0.0;1.67;2.9;345;128;14.7;14.41;0.98;0;1;0;0;0;1;0;0;0;1;0;342;;164;54;5;86
606.85;948;28;28;0;3.52;72;0;50;20;0;65;5;0.42;1.0;1.0;0;0;202;0;20;3.5;0.0;1.77;2.8;345;128;14.47;14.41;0.996;0;1;0;0;0;1;0;0;0;1;0;365;;163;54;4;42
607.26;1153;49;49;10;5.43;71;0;43;27;0;82;12;0.59;1.0;1.0;0;0;202;0;27;6.12;5.8;2.53;5.2;345;128;14.7;14.41;0.98;0;1;0;0;0;0;0;0;0;1;0;492;;164;54;1;108
607.64;1755;51;51;14;5.63;71;0;34;36;0;82;20;0.62;1.0;1.0;0;0;202;0;36;6.38;8.1;2.61;8.2;345;128;14.7;15.41;1.048;0;1;0;0;0;0;0;0;0;1;0;493;;164;54;1;43
608.05;1870;55;55;17;5.96;73;0;34;36;0;84;23;0.66;1.0;1.0;0;0;202;0;36;6.88;9.9;2.75;9.3;345;128;14.82;15.41;1.04;0;1;0;0;0;0;0;0;0;1;0;504;;162;54;0;109
608.44;2024;61;61;20;6.73;71;0;38;32;0;87;28;0.7;1.0;1.0;0;0;202;0;32;7.62;11.6;3.05;11.4;345;128;14.04;14.31;1.019;0;1;0;0;0;0;0;0;0;1;0;525;;164;54;0;114
608.86;2036;58;58;20;6.43;73;0;36;34;0;86;26;0.68;1.0;1.0;0;0;202;0;34;7.25;11.6;2.94;10.9;345;128;14.82;14.31;0.966;0;1;0;0;0;0;0;0;0;1;0;523;;162;54;5;114
609.26;2024;56;56;20;6.1;74;0;35;35;0;85;25;0.66;1.0;1.0;0;0;202;0;35;7.0;11.6;2.81;10.3;345;128;14.82;14.31;0.966;0;1;0;0;0;0;0;0;0;1;0;509;;161;54;7;109
609.45;2062;58;58;20;6.4;74;0;34;36;0;86;26;0.69;1.0;1.0;0;0;202;0;36;7.25;11.6;2.93;11.0;345;128;14.82;14.61;0.986;0;1;0;0;0;0;0;0;0;1;0;522;;160;54;7;114
609.86;2113;66;66;26;7.37;74;0;40;30;0;91;32;0.73;1.0;1.0;0;0;202;0;30;8.25;15.1;3.32;13.0;345;128;14.04;14.61;1.041;0;1;0;0;0;0;0;0;0;1;0;557;;159;54;8;37
610.26;2203;64;64;26;7.13;75;0;38;32;0;91;32;0.71;1.0;1.0;0;0;202;0;32;8.0;15.1;3.23;13.1;345;128;14.04;14.61;1.041;0;1;0;0;0;0;0;0;0;1;0;557;;159;54;8;148
610.68;2203;63;63;26;6.97;76;0;37;33;0;90;32;0.7;1.0;1.0;0;0;202;0;33;7.88;15.1;3.17;12.8;345;128;14.04;13.61;0.969;0;1;0;0;0;0;0;0;0;1;0;555;;158;54;7;148
611.08;2216;59;59;22;6.48;75;0;35;35;0;88;30;0.68;1.0;1.0;0;0;202;0;35;7.38;12.8;2.97;12.0;345;128;14.82;13.61;0.918;0;1;0;0;0;0;0;0;0;1;0;539;;159;54;8;147
611.48;1895;42;42;13;4.82;74;0;27;43;0;75;18;0.57;1.0;1.0;0;0;202;0;43;5.25;7.6;2.3;7.6;345;128;14.82;14.61;0.986;0;1;0;0;0;0;0;0;0;1;0;437;;161;54;11;102
611.88;1780;41;41;12;4.73;73;0;27;43;0;73;16;0.56;1.0;1.0;0;0;202;0;43;5.12;7.0;2.26;7.0;345;128;14.7;14.61;0.994;0;1;0;0;0;0;0;0;0;1;0;426;;162;54;10;102
612.29;1767;42;42;12;4.77;74;0;29;41;0;73;17;0.56;1.0;1.0;0;0;202;0;41;5.25;7.0;2.28;7.0;345;128;14.7;14.61;0.994;0;1;0;0;0;0;0;0;0;1;0;427;;161;54;10;102
612.69;1883;42;42;12;4.81;73;0;26;44;0;74;17;0.57;1.0;1.0;0;0;202;0;44;5.25;7.0;2.29;7.5;345;128;14.82;14.51;0.979;0;1;0;0;0;0;0;0;0;1;0;434;;162;54;10;102
613.1;1703;23;23;0;3.03;71;0;42;20;0;57;8;0.42;1.0;1.0;0;0;202;0;28;2.88;0.0;1.57;4.3;345;128;14.7;14.51;0.987;0;1;0;0;0;1;0;0;0;1;0;301;;164;54;13;83
613.51;1639;45;45;9;5.08;71;0;34;38;0;74;15;0.58;1.0;1.0;0;0;202;0;36;5.62;5.2;2.39;6.9;345;128;14.7;15.21;1.035;0;1;0;0;0;0;0;0;0;1;0;434;;165;55;5;102
613.9;1819;43;43;11;4.83;71;0;28;42;0;75;18;0.58;1.0;1.0;0;0;202;0;42;5.38;6.4;2.29;7.3;345;128;14.7;15.21;1.035;0;1;0;0;0;0;0;0;0;1;0;436;;164;54;2;101
614.3;2024;55;55;18;5.96;71;0;34;36;0;84;25;0.66;1.0;1.0;0;0;202;0;36;6.88;10.5;2.74;10.1;345;128;14.82;15.21;1.026;0;1;0;0;0;0;0;0;0;1;0;505;;164;54;0;141
614.7;2382;75;75;37;8.47;72;0;46;24;0;99;39;0.73;1.0;1.0;0;0;202;0;24;9.38;21.5;3.75;16.8;345;128;14.04;15.01;1.069;0;1;0;0;0;0;0;0;0;1;0;620;;163;54;0;150
614.92;2497;71;71;37;7.77;72;0;43;29;0;100;40;0.73;1.0;1.0;0;0;202;0;27;8.88;21.5;3.47;16.2;345;128;14.04;15.01;1.069;0;1;0;0;0;0;0;0;0;1;0;624;;163;53;14;152
615.3;2638;75;75;47;8.26;73;0;43;27;0;102;44;0.73;1.0;1.0;0;0;202;0;27;9.38;27.3;3.67;18.2;345;128;14.04;15.01;1.069;0;1;0;0;0;0;0;0;0;1;0;637;;162;54;13;153
615.71;2766;85;85;85;9.92;74;0;49;20;1;110;52;0.76;1.0;1.0;0;0;202;0;21;10.62;49.4;4.34;22.9;345;128;13.54;11.01;0.813;0;1;0;0;0;0;0;0;0;1;0;702;;160;54;15;141
616.12;4316;82;82;85;10;76;0;43;27;0;106;77;0.74;1.0;1.0;0;0;202;0;27;10.25;49.4;4.51;37.1;345;128;12.46;11.01;0.884;0;1;0;0;0;0;0;0;0;1;0;670;;157;54;12;140
616.52;4380;80;80;80;9.71;77;0;39;30;1;111;80;0.73;1.0;1.0;0;0;202;0;31;10.0;46.5;4.27;35.4;345;128;12.46;13.21;1.06;0;1;0;0;0;0;0;0;0;1;0;705;;156;55;12;54
616.92;4188;87;87;79;11;76;0;42;28;0;114;83;0.77;1.0;1.0;0;0;202;0;28;10.88;45.9;4.7;37.7;345;128;12.54;13.21;1.053;0;1;0;0;0;0;0;0;0;1;0;733;;157;54;14;165
617.32;4047;88;88;78;11;76;0;43;27;0;117;80;0.75;1.0;1.0;0;0;202;0;27;11.0;45.3;4.77;37.0;345;128;12.54;13.21;1.053;0;1;0;0;0;0;0;0;0;1;0;758;;155;54;16;86
617.73;4252;88;88;78;11;77;0;43;27;0;117;84;0.74;1.0;1.0;0;0;202;0;27;11.0;45.3;4.82;39.3;345;128;12.54;12.11;0.966;0;1;0;0;0;0;0;0;0;1;0;754;;156;55;17;72
618.12;4342;86;86;78;11;77;0;41;29;0;118;85;0.73;1.0;1.0;0;0;202;0;29;10.75;45.3;4.69;38.9;345;128;12.46;12.11;0.972;0;1;0;0;0;0;0;0;0;1;0;762;;156;55;20;166
618.55;3983;16;16;0;2.46;75;0;25;25;0;51;15;0.32;1.0;1.0;0;0;202;0;45;2.0;0.0;1.36;8.2;345;128;14.7;9.61;0.654;0;1;0;0;0;1;0;0;0;1;0;254;;159;54;25;76
618.94;2600;14;14;0;2.25;74;0;63;25;0;47;8;0.32;1.0;1.0;0;0;202;0;7;1.75;0.0;1.27;4.9;345;128;14.82;9.61;0.648;0;1;0;0;0;1;0;0;0;1;0;225;;161;54;20;74
619.33;1447;20;20;0;2.8;74;0;70;20;0;55;7;0.38;1.0;1.0;0;0;202;0;0;2.5;0.0;1.49;3.4;345;128;14.7;9.61;0.654;0;1;0;0;0;1;0;0;0;1;0;288;;160;54;1;82
619.75;1281;26;26;0;3.36;73;0;70;20;0;61;7;0.43;1.0;1.0;0;0;202;0;0;3.25;0.0;1.71;3.6;345;128;14.7;9.61;0.654;0;1;0;0;0;1;0;0;0;1;0;332;;162;54;1;86
620.16;1486;23;23;0;3.05;72;0;63;20;0;57;8;0.4;1.0;1.0;0;0;202;0;7;2.88;0.0;1.58;3.8;345;128;14.7;9.61;0.654;0;1;0;0;0;1;0;0;0;1;0;300;;163;55;0;83
620.55;1345;21;21;0;2.88;73;0;70;20;0;57;6;0.38;1.0;1.0;0;0;202;0;0;2.62;0.0;1.52;3.2;345;128;14.7;9.61;0.654;0;1;0;0;0;1;0;0;0;1;0;307;;162;55;12;84
620.76;1447;24;24;0;3.15;72;0;63;20;0;58;7;0.41;1.0;1.0;0;0;202;0;7;3.0;0.0;1.62;3.8;345;128;14.7;9.61;0.654;0;1;0;0;0;1;0;0;0;1;0;314;;163;55;0;84
621.17;1434;25;25;1;3.26;71;0;67;20;0;60;8;0.43;1.0;1.0;0;0;202;0;3;3.12;0.6;1.66;3.9;345;128;14.7;9.61;0.654;0;1;0;0;0;1;0;0;0;1;0;322;;164;54;11;85
621.57;1178;33;33;3;3.98;73;0;63;35;0;68;9;0.48;1.0;1.0;0;0;202;0;7;4.12;1.7;1.96;3.9;345;128;14.7;9.61;0.654;0;1;0;0;0;0;0;0;0;1;0;386;;162;54;0;91
621.96;1895;37;37;13;4.28;71;0;25;45;0;70;16;0.53;1.0;1.0;0;0;202;0;45;4.62;7.6;2.07;6.8;345;128;14.82;9.61;0.648;0;1;0;0;0;0;0;0;0;1;0;402;;165;54;14;100
622.36;2267;61;61;25;6.73;71;0;37;33;0;90;31;0.68;1.0;1.0;0;0;202;0;33;7.62;14.5;3.05;12.7;345;128;14.82;15.31;1.033;0;1;0;0;0;0;0;0;0;1;0;554;;164;54;2;43
622.77;2254;52;52;20;5.72;72;0;32;40;0;83;27;0.63;1.0;1.0;0;0;202;0;38;6.5;11.6;2.65;10.7;345;128;14.82;15.31;1.033;0;1;0;0;0;0;0;0;0;1;0;503;;163;54;8;141
623.18;1921;22;22;0;2.93;71;0;31;23;0;56;9;0.41;1.0;1.0;0;0;202;0;39;2.75;0.0;1.53;4.7;345;128;14.82;15.31;1.033;0;1;0;0;0;1;0;0;0;1;0;294;;164;54;26;82
623.57;1396;21;21;0;2.87;72;0;60;20;0;56;6;0.38;1.0;1.0;0;0;202;0;10;2.62;0.0;1.51;3.3;345;128;14.7;21.23;1.444;0;1;0;0;0;1;0;0;0;1;0;296;;163;54;23;83
623.97;1204;25;25;0;3.2;70;0;64;20;0;60;7;0.41;1.0;1.0;0;0;202;0;6;3.12;0.0;1.63;3.2;345;128;14.7;21.23;1.444;0;1;0;0;0;1;0;0;0;1;0;326;;166;54;2;73
624.38;1498;20;20;0;2.73;69;0;66;20;0;55;7;0.38;1.0;1.0;0;0;202;0;4;2.5;0.0;1.44;3.4;345;128;14.7;24.13;1.641;0;1;0;0;0;1;0;0;0;1;0;291;;167;54;11;82
624.78;1178;24;24;0;3.12;70;0;68;20;0;60;6;0.41;1.0;1.0;0;0;202;0;2;3.0;0.0;1.6;3.1;345;128;14.7;24.13;1.641;0;1;0;0;0;1;0;0;0;1;0;321;;166;54;4;85
625.18;1511;23;23;0;3.01;69;0;61;20;0;57;7;0.41;1.0;1.0;0;0;202;0;9;2.88;0.0;1.55;3.8;345;128;14.7;24.13;1.641;0;1;0;0;0;1;0;0;0;1;0;304;;164;54;1;84
625.58;1255;21;21;0;2.81;71;0;70;20;0;57;6;0.38;1.0;1.0;0;0;202;0;0;2.62;0.0;1.48;2.9;345;128;14.7;22.63;1.539;0;1;0;0;0;1;0;0;0;1;0;303;;165;54;22;84
625.98;1319;23;23;0;3.02;70;0;63;20;0;58;6;0.39;1.0;1.0;0;0;202;0;7;2.88;0.0;1.56;3.3;345;128;14.7;22.63;1.539;0;1;0;0;0;1;0;0;0;1;0;314;;166;54;1;85
626.39;1498;25;25;1;3.21;71;0;62;20;0;59;8;0.42;1.0;1.0;0;0;202;0;8;3.12;0.6;1.64;4.0;345;128;14.7;22.63;1.539;0;1;0;0;0;1;0;0;0;1;0;318;;166;54;2;84
626.59;1165;29;29;1;3.6;70;0;65;20;0;65;8;0.46;1.0;1.0;0;0;202;0;5;3.62;0.6;1.79;3.5;345;128;14.7;22.63;1.539;0;1;0;0;0;1;0;0;0;1;0;366;;166;53;1;89
626.99;1716;29;29;1;3.57;70;0;64;20;0;62;10;0.47;1.0;1.0;0;0;202;0;6;3.62;0.6;1.78;5.1;345;128;14.7;22.63;1.539;0;1;0;0;0;1;0;0;0;1;0;340;;166;53;1;86
627.4;1306;24;24;0;3.11;71;0;69;20;0;60;6;0.41;1.0;1.0;0;0;202;0;1;3.0;0.0;1.6;3.4;345;128;14.7;22.63;1.539;0;1;0;0;0;1;0;0;0;1;0;322;;165;53;5;85
627.81;1332;22;22;0;2.92;70;0;61;20;0;57;6;0.38;1.0;1.0;0;0;202;0;9;2.75;0.0;1.52;3.2;345;128;14.7;22.63;1.539;0;1;0;0;0;1;0;0;0;1;0;304;;166;53;1;82
628.21;1486;19;19;0;2.65;70;0;52;20;0;54;6;0.36;1.0;1.0;0;0;202;0;18;2.38;0.0;1.41;3.3;345;128;14.7;22.63;1.539;0;1;0;0;0;1;0;0;0;1;0;280;;166;53;15;81
628.61;1332;19;19;0;2.63;71;0;59;20;0;55;5;0.36;1.0;1.0;0;0;202;0;11;2.38;0.0;1.41;2.9;345;128;14.7;13.42;0.913;0;1;0;0;0;1;0;0;0;1;0;288;;164;53;25;82
629.0;1319;22;22;0;2.95;72;0;53;20;0;57;6;0.38;1.0;1.0;0;0;202;0;17;2.75;0.0;1.54;3.2;345;128;14.7;13.42;0.913;0;1;0;0;0;1;0;0;0;1;0;303;;163;53;3;83
629.42;1486;17;17;0;2.51;71;0;53;20;0;53;6;0.34;1.0;1.0;0;0;202;0;17;2.12;0.0;1.36;3.1;345;128;14.7;14.22;0.967;0;1;0;0;0;1;0;0;0;1;0;273;;165;53;10;81
629.84;1153;22;22;0;2.96;71;0;57;20;0;59;5;0.38;1.0;1.0;0;0;202;0;13;2.75;0.0;1.54;2.8;345;128;14.7;14.22;0.967;0;1;0;0;0;1;0;0;0;1;0;318;;164;53;6;85
630.21;1396;19;19;0;2.62;71;0;50;20;0;54;6;0.34;1.0;1.0;0;0;202;0;20;2.38;0.0;1.4;3.0;345;128;14.7;14.22;0.967;0;1;0;0;0;1;0;0;0;1;0;278;;165;53;2;81
630.62;1422;16;16;0;2.37;70;0;50;20;0;52;5;0.31;1.0;1.0;0;0;202;0;20;2.0;0.0;1.3;2.8;345;128;14.7;13.91;0.946;0;1;0;0;0;1;0;0;0;1;0;265;;166;53;23;77
631.04;1345;16;16;0;2.38;72;0;50;20;0;52;4;0.31;1.0;1.0;0;0;202;0;20;2.0;0.0;1.31;2.7;345;128;14.7;13.91;0.946;0;1;0;0;0;1;0;0;0;1;0;266;;163;53;23;77
631.44;1281;15;15;0;2.35;72;0;50;20;0;52;4;0.3;1.0;1.0;0;0;202;0;20;1.88;0.0;1.3;2.5;345;128;14.7;14.61;0.994;0;1;0;0;0;1;0;0;0;1;0;262;;163;53;22;77
631.83;1332;16;16;0;2.38;71;0;50;20;0;52;4;0.31;1.0;1.0;0;0;202;0;20;2.0;0.0;1.31;2.6;345;128;14.7;14.61;0.994;0;1;0;0;0;1;0;0;0;1;0;261;;164;53;23;77
632.04;1217;14;14;0;2.23;71;0;50;20;0;51;4;0.28;1.0;1.0;0;0;202;0;20;1.75;0.0;1.25;2.3;345;128;14.7;14.61;0.994;0;1;0;0;0;1;0;0;0;1;0;259;;165;53;22;77
632.43;1204;14;14;0;2.21;71;0;50;20;0;51;4;0.28;1.0;1.0;0;0;202;0;20;1.75;0.0;1.24;2.2;345;128;14.7;14.31;0.973;0;1;0;0;0;1;0;0;0;1;0;256;;165;53;21;76
632.86;1229;15;15;0;2.26;71;0;50;20;0;51;4;0.29;1.0;1.0;0;0;202;0;20;1.88;0.0;1.26;2.3;345;128;14.7;14.31;0.973;0;1;0;0;0;1;0;0;0;1;0;258;;165;53;21;77
633.24;1153;15;15;0;2.31;72;0;50;20;0;52;4;0.3;1.0;1.0;0;0;202;0;20;1.88;0.0;1.28;2.2;345;128;14.7;14.31;0.973;0;1;0;0;0;1;0;0;0;1;0;267;;163;53;19;77
633.65;1319;25;25;5;3.22;72;0;32;38;0;60;7;0.41;1.0;1.0;0;0;202;0;38;3.12;2.9;1.65;3.5;345;128;14.7;14.31;0.973;0;1;0;0;0;0;0;0;0;1;0;326;;163;53;11;85
634.05;1806;35;35;6;4.18;71;0;26;44;0;68;14;0.52;1.0;1.0;0;0;202;0;44;4.38;3.5;2.03;6.3;345;128;14.7;14.31;0.973;0;1;0;0;0;0;0;0;0;1;0;381;;165;53;12;90
634.45;1550;19;19;0;2.71;71;0;39;20;0;54;7;0.36;1.0;1.0;0;0;202;0;31;2.38;0.0;1.44;3.5;345;128;14.7;12.01;0.817;0;1;0;0;0;1;0;0;0;1;0;278;;164;53;21;82
634.86;1050;19;19;0;2.65;70;0;56;20;0;57;4;0.35;1.0;1.0;0;0;202;0;14;2.38;0.0;1.41;2.3;345;128;14.7;12.01;0.817;0;1;0;0;0;1;0;0;0;1;0;301;;166;53;14;83
635.27;1370;18;18;0;2.55;70;0;50;20;0;54;5;0.34;1.0;1.0;0;0;202;0;20;2.25;0.0;1.37;2.9;345;128;14.7;12.01;0.817;0;1;0;0;0;1;0;0;0;1;0;280;;166;53;3;82
635.67;1306;16;16;0;2.41;71;0;50;20;0;53;5;0.32;1.0;1.0;0;0;202;0;20;2.0;0.0;1.32;2.6;345;128;14.7;13.91;0.946;0;1;0;0;0;1;0;0;0;1;0;269;;167;53;19;77
636.07;1332;17;17;0;2.43;69;0;50;20;0;53;5;0.33;1.0;1.0;0;0;202;0;20;2.12;0.0;1.32;2.7;345;128;14.7;13.91;0.946;0;1;0;0;0;1;0;0;0;1;0;272;;167;53;21;77
636.47;1306;16;16;0;2.46;73;0;50;20;0;53;4;0.32;1.0;1.0;0;0;202;0;20;2.0;0.0;1.35;2.7;345;128;14.7;14.31;0.973;0;1;0;0;0;1;0;0;0;1;0;273;;162;53;20;78
636.87;1229;16;16;0;2.38;71;0;50;20;0;53;4;0.32;1.0;1.0;0;0;202;0;20;2.0;0.0;1.31;2.4;345;128;14.7;14.31;0.973;0;1;0;0;0;1;0;0;0;1;0;268;;165;53;19;38
637.27;1153;16;16;0;2.38;73;0;50;20;0;53;4;0.31;1.0;1.0;0;0;202;0;20;2.0;0.0;1.32;2.3;345;128;14.7;14.31;0.973;0;1;0;0;0;1;0;0;0;1;0;271;;162;54;18;77
637.47;1089;16;16;0;2.43;71;0;50;20;0;54;4;0.32;1.0;1.0;0;0;202;0;20;2.0;0.0;1.33;2.2;345;128;14.7;15.71;1.069;0;1;0;0;0;1;0;0;0;1;0;278;;164;53;8;81
637.9;1550;14;14;0;2.18;71;0;51;20;0;49;5;0.28;1.0;1.0;0;0;202;0;19;1.75;0.0;1.23;2.8;345;128;14.7;15.71;1.069;0;1;0;0;0;1;0;0;0;1;0;240;;164;53;12;75
638.28;1498;13;13;0;2.13;71;0;62;20;0;49;4;0.28;1.0;1.0;0;0;202;0;8;1.62;0.0;1.21;2.7;345;128;14.7;15.71;1.069;0;1;0;0;0;1;0;0;0;1;0;247;;165;53;12;76
638.7;1537;20;20;2;2.8;70;0;70;20;0;55;7;0.38;1.0;1.0;0;0;202;0;0;2.5;1.2;1.47;3.6;345;128;14.7;15.71;1.069;0;1;0;0;0;1;0;0;0;1;0;288;;166;53;3;82
639.1;1806;24;24;3;3.18;71;0;30;40;0;58;9;0.42;1.0;1.0;0;0;202;0;40;3.0;1.7;1.63;4.8;345;128;14.7;15.71;1.069;0;1;0;0;0;0;0;0;0;1;0;314;;165;53;1;84
639.51;1486;31;31;4;3.8;70;0;29;41;0;64;10;0.49;1.0;1.0;0;0;202;0;41;3.88;2.3;1.87;4.7;345;128;14.7;15.51;1.055;0;1;0;0;0;0;0;0;0;1;0;358;;166;54;0;89
639.89;1332;18;18;0;2.62;70;0;47;20;0;55;5;0.36;1.0;1.0;0;0;202;0;23;2.25;0.0;1.4;2.9;345;128;14.7;15.51;1.055;0;1;0;0;0;1;0;0;0;1;0;285;;166;54;11;82
640.29;1204;40;40;4;4.58;71;0;40;33;0;73;10;0.52;1.0;1.0;0;0;202;0;30;5.0;2.3;2.19;4.6;345;128;14.7;15.51;1.055;0;1;0;0;0;0;0;0;0;1;0;421;;165;54;2;101
640.7;1652;31;31;0;3.78;71;0;29;42;0;63;11;0.48;1.0;1.0;0;0;202;0;41;3.88;0.0;1.87;5.2;345;128;14.7;14.31;0.973;0;1;0;0;0;1;0;0;0;1;0;351;;165;54;6;89
641.09;1037;18;18;0;2.55;72;0;54;20;0;55;4;0.33;1.0;1.0;0;0;202;0;16;2.25;0.0;1.38;2.2;345;128;14.7;14.31;0.973;0;1;0;0;0;1;0;0;0;1;0;291;;163;53;18;82
641.49;1165;19;19;0;2.71;71;0;50;20;0;56;5;0.35;1.0;1.0;0;0;202;0;20;2.38;0.0;1.44;2.6;345;128;14.7;15.91;1.082;0;1;0;0;0;1;0;0;0;1;0;298;;164;54;2;81
641.9;1217;17;17;0;2.55;72;0;50;20;0;54;4;0.33;1.0;1.0;0;0;202;0;20;2.12;0.0;1.38;2.6;345;128;14.7;15.91;1.082;0;1;0;0;0;1;0;0;0;1;0;280;;163;54;4;74
642.31;1114;17;17;0;2.47;72;0;50;20;0;54;4;0.32;1.0;1.0;0;0;202;0;20;2.12;0.0;1.35;2.3;345;128;14.7;15.91;1.082;0;1;0;0;0;1;0;0;0;1;0;279;;163;54;13;82
642.71;1140;17;17;0;2.52;74;0;50;20;0;54;4;0.32;1.0;1.0;0;0;202;0;20;2.12;0.0;1.38;2.4;345;128;14.7;14.71;1.001;0;1;0;0;0;1;0;0;0;1;0;281;;161;54;11;82
643.11;1473;14;14;0;2.2;72;0;51;20;0;50;4;0.29;1.0;1.0;0;0;202;0;19;1.75;0.0;1.24;2.7;345;128;14.7;14.71;1.001;0;1;0;0;0;1;0;0;0;1;0;250;;164;54;10;76
643.33;1306;14;14;0;2.25;72;0;60;20;0;51;4;0.29;1.0;1.0;0;0;202;0;10;1.75;0.0;1.26;2.4;345;128;14.7;14.71;1.001;0;1;0;0;0;1;0;0;0;1;0;252;;163;54;13;76
643.71;1332;16;16;0;2.41;71;0;55;20;0;52;4;0.31;1.0;1.0;0;0;202;0;15;2.0;0.0;1.32;2.7;345;128;14.7;14.71;1.001;0;1;0;0;0;1;0;0;0;1;0;265;;165;54;1;38
644.12;1345;13;13;0;2.11;71;0;50;20;0;49;4;0.27;1.0;1.0;0;0;202;0;20;1.62;0.0;1.2;2.4;345;128;14.7;14.71;1.001;0;1;0;0;0;1;0;0;0;1;0;243;;165;54;1;74
644.53;1306;14;14;0;2.23;71;0;50;20;0;51;4;0.29;1.0;1.0;0;0;202;0;20;1.75;0.0;1.25;2.4;345;128;14.7;14.62;0.995;0;1;0;0;0;1;0;0;0;1;0;253;;166;54;0;74
644.93;1345;17;17;0;2.47;70;0;50;20;0;53;5;0.33;1.0;1.0;0;0;202;0;20;2.12;0.0;1.34;2.8;345;128;14.7;14.62;0.995;0;1;0;0;0;1;0;0;0;1;0;273;;166;54;0;81
645.33;1588;26;26;5;3.3;72;0;31;39;0;59;9;0.43;1.0;1.0;0;0;202;0;39;3.25;2.9;1.68;4.4;345;128;14.7;14.62;0.995;0;1;0;0;0;0;0;0;0;1;0;317;;163;54;0;75
645.72;1729;30;30;5;3.66;71;0;28;42;0;63;11;0.48;1.0;1.0;0;0;202;0;42;3.75;2.9;1.82;5.3;345;128;14.7;15.81;1.076;0;1;0;0;0;0;0;0;0;1;0;346;;165;54;4;42
646.14;1857;31;31;8;3.81;71;0;26;44;0;65;13;0.49;1.0;1.0;0;0;202;0;44;3.88;4.7;1.88;5.9;345;128;14.82;15.81;1.067;0;1;0;0;0;0;0;0;0;1;0;367;;165;54;0;89
646.55;1831;42;42;14;4.76;71;0;27;43;0;75;17;0.58;1.0;1.0;0;0;202;0;43;5.25;8.1;2.26;7.3;345;128;14.7;16.62;1.131;0;1;0;0;0;0;0;0;0;1;0;437;;164;54;0;102
646.94;2049;47;47;15;5.23;71;0;28;42;0;78;21;0.6;1.0;1.0;0;0;202;0;42;5.88;8.7;2.45;8.9;345;128;14.82;16.62;1.121;0;1;0;0;0;0;0;0;0;1;0;458;;164;54;0;92
647.34;2049;45;45;15;5.03;71;0;26;43;0;77;21;0.59;1.0;1.0;0;0;202;0;44;5.62;8.7;2.37;8.6;345;128;14.82;16.62;1.121;0;1;0;0;0;0;0;0;0;1;0;455;;164;54;0;105
647.74;2113;43;43;15;4.87;72;0;26;44;0;76;20;0.58;1.0;1.0;0;0;202;0;44;5.38;8.7;2.31;8.6;345;128;14.82;15.12;1.02;0;1;0;0;0;0;0;0;0;1;0;444;;163;54;0;105
648.15;2088;54;54;21;5.91;73;0;31;39;0;84;26;0.66;1.0;1.0;0;0;202;0;39;6.75;12.2;2.73;10.3;345;128;14.82;15.12;1.02;0;1;0;0;0;0;0;0;0;1;0;505;;162;54;0;44
648.56;2408;57;57;25;6.3;74;0;33;37;0;88;31;0.64;1.0;1.0;0;0;202;0;37;7.12;14.5;2.89;12.6;345;128;14.82;10.81;0.729;0;1;0;0;0;0;0;0;0;1;0;538;;160;54;0;73
648.96;1857;14;14;0;2.26;73;0;39;20;0;50;6;0.3;1.0;1.0;0;0;202;0;31;1.75;0.0;1.27;3.5;345;128;14.82;10.81;0.729;0;1;0;0;0;1;0;0;0;1;0;249;;162;54;17;76
649.15;1063;15;15;0;2.35;72;0;62;20;0;54;4;0.31;1.0;1.0;0;0;202;0;8;1.88;0.0;1.3;2.1;345;128;14.7;10.81;0.735;0;1;0;0;0;1;0;0;0;1;0;279;;163;54;10;81
649.57;1012;18;18;0;2.65;72;0;56;20;0;57;4;0.34;1.0;1.0;0;0;202;0;14;2.25;0.0;1.42;2.2;345;128;14.7;17.11;1.164;0;1;0;0;0;1;0;0;0;1;0;300;;163;54;2;83
649.95;1165;18;18;0;2.58;71;0;50;20;0;55;4;0.34;1.0;1.0;0;0;202;0;20;2.25;0.0;1.39;2.5;345;128;14.7;17.11;1.164;0;1;0;0;0;1;0;0;0;1;0;288;;164;54;4;82
650.37;1140;17;17;0;2.51;73;0;50;20;0;54;4;0.32;1.0;1.0;0;0;202;0;20;2.12;0.0;1.37;2.4;345;128;14.7;17.11;1.164;0;1;0;0;0;1;0;0;0;1;0;283;;162;54;14;82
650.78;1063;17;17;0;2.52;72;0;50;20;0;55;4;0.33;1.0;1.0;0;0;202;0;20;2.12;0.0;1.37;2.2;345;128;14.7;14.11;0.96;0;1;0;0;0;1;0;0;0;1;0;285;;163;54;15;82
651.19;1217;18;18;0;2.6;74;0;50;20;0;54;4;0.33;1.0;1.0;0;0;202;0;20;2.25;0.0;1.41;2.6;345;128;14.7;14.11;0.96;0;1;0;0;0;1;0;0;0;1;0;279;;161;54;14;82
651.57;1268;14;14;0;2.18;71;0;50;20;0;50;4;0.28;1.0;1.0;0;0;202;0;20;1.75;0.0;1.23;2.3;345;128;14.7;13.71;0.933;0;1;0;0;0;1;0;0;0;1;0;251;;164;54;17;76
651.98;1153;14;14;0;2.23;73;0;50;20;0;51;3;0.28;1.0;1.0;0;0;202;0;20;1.75;0.0;1.26;2.1;345;128;14.7;13.71;0.933;0;1;0;0;0;1;0;0;0;1;0;253;;162;54;18;76
652.39;1037;13;13;0;2.11;71;0;50;20;0;51;3;0.27;1.0;1.0;0;0;202;0;20;1.62;0.0;1.2;1.8;345;128;14.7;13.71;0.933;0;1;0;0;0;1;0;0;0;1;0;259;;165;54;17;77
652.79;986;15;15;0;2.3;70;0;50;20;0;53;3;0.29;1.0;1.0;0;0;202;0;20;1.88;0.0;1.27;1.9;345;128;14.7;13.41;0.912;0;1;0;0;0;1;0;0;0;1;0;275;;166;54;16;81
653.17;935;15;15;0;2.35;72;0;50;20;0;53;3;0.29;1.0;1.0;0;0;202;0;20;1.88;0.0;1.3;1.8;345;128;14.7;13.41;0.912;0;1;0;0;0;1;0;0;0;1;0;275;;163;54;16;81
653.59;896;15;15;0;2.33;71;0;50;20;0;53;3;0.28;1.0;1.0;0;0;202;0;20;1.88;0.0;1.29;1.7;345;128;14.7;14.01;0.953;0;1;0;0;0;1;0;0;0;1;0;275;;164;54;16;81
654.0;922;16;16;0;2.4;70;0;50;20;0;54;3;0.3;1.0;1.0;0;0;202;0;20;2.0;0.0;1.31;1.8;345;128;14.7;14.01;0.953;0;1;0;0;0;1;0;0;0;1;0;282;;166;54;16;82
654.4;832;17;17;0;2.47;70;0;50;20;0;56;3;0.32;1.0;1.0;0;0;202;0;20;2.12;0.0;1.34;1.7;345;128;14.7;14.01;0.953;0;1;0;0;0;1;0;0;0;1;0;292;;166;54;17;82
654.61;756;18;18;0;2.56;71;0;50;20;0;56;3;0.33;1.0;1.0;0;0;202;0;20;2.25;0.0;1.38;1.6;345;128;14.7;13.51;0.919;0;1;0;0;0;1;0;0;0;1;0;299;;165;54;16;83
655.01;820;19;19;0;2.63;71;0;50;20;0;57;3;0.33;1.0;1.0;0;0;202;0;20;2.38;0.0;1.41;1.8;345;128;14.7;13.51;0.919;0;1;0;0;0;1;0;0;0;1;0;304;;164;54;16;77
655.41;730;19;19;0;2.63;71;0;50;20;0;58;3;0.34;1.0;1.0;0;0;202;0;20;2.38;0.0;1.41;1.6;345;128;14.7;13.51;0.919;0;1;0;0;0;1;0;0;0;1;0;308;;165;54;16;46
655.82;730;19;19;0;2.67;72;0;50;20;0;58;3;0.34;1.0;1.0;0;0;202;0;20;2.38;0.0;1.43;1.6;345;128;14.7;13.91;0.946;0;1;0;0;0;1;0;0;0;1;0;309;;163;54;15;84
656.21;717;19;19;0;2.67;72;0;50;20;0;58;3;0.34;1.0;1.0;0;0;202;0;20;2.38;0.0;1.43;1.6;345;128;14.7;13.91;0.946;0;1;0;0;0;1;0;0;0;1;0;311;;163;54;15;84
656.61;704;20;20;0;2.75;72;0;50;20;0;59;3;0.35;1.0;1.0;0;0;202;0;20;2.5;0.0;1.46;1.6;345;128;14.7;14.11;0.96;0;1;0;0;0;1;0;0;0;1;0;316;;163;54;15;85
657.0;679;21;21;0;2.87;72;0;50;20;0;60;3;0.37;1.0;1.0;0;0;202;0;20;2.62;0.0;1.51;1.6;345;128;14.7;14.11;0.96;0;1;0;0;0;1;0;0;0;1;0;322;;163;53;15;84
657.42;679;21;21;0;2.88;73;0;50;20;0;60;3;0.37;1.0;1.0;0;0;202;0;20;2.62;0.0;1.52;1.6;345;128;14.7;14.11;0.96;0;1;0;0;0;1;0;0;0;1;0;325;;162;53;14;85
657.83;730;22;22;0;2.96;71;0;50;20;0;61;3;0.37;1.0;1.0;0;0;202;0;20;2.75;0.0;1.54;1.8;345;128;14.7;13.71;0.933;0;1;0;0;0;1;0;0;0;1;0;330;;164;54;14;86
658.22;756;21;21;0;2.91;71;0;50;20;0;60;3;0.36;1.0;1.0;0;0;202;0;20;2.62;0.0;1.52;1.8;345;128;14.7;13.71;0.933;0;1;0;0;0;1;0;0;0;1;0;327;;163;54;14;75
658.63;781;26;26;2;3.38;71;0;50;20;0;65;4;0.41;1.0;1.0;0;0;202;0;20;3.25;1.2;1.71;2.2;345;128;14.47;14.52;1.003;0;1;0;0;0;0;0;0;0;1;0;365;;164;53;14;90
659.04;1306;66;66;15;7.43;73;0;49;21;0;92;18;0.69;1.0;1.0;0;0;202;0;21;8.25;8.7;3.34;8.1;345;128;13.94;14.52;1.042;0;1;0;0;0;0;0;0;0;1;0;566;;162;54;5;148
659.43;2305;49;49;16;5.38;71;0;30;40;0;79;24;0.59;1.0;1.0;0;0;202;0;40;6.12;9.3;2.51;10.3;345;128;14.93;14.52;0.973;0;1;0;0;0;0;0;0;0;1;0;467;;162;54;12;42
659.85;2203;41;41;17;4.71;73;0;23;46;0;75;21;0.55;1.0;1.0;0;0;202;0;47;5.12;9.9;2.25;8.6;345;128;14.82;15.62;1.054;0;1;0;0;0;0;0;0;0;1;0;438;;162;54;4;104
660.24;1895;55;55;20;6.03;71;0;32;38;0;85;23;0.66;1.0;1.0;0;0;202;0;38;6.88;11.6;2.77;9.5;345;128;14.82;15.62;1.054;0;1;0;0;0;0;0;0;0;1;0;512;;164;54;0;113
660.44;2139;71;71;28;7.85;72;0;43;27;0;94;34;0.76;1.0;1.0;0;0;202;0;27;8.88;16.3;3.5;14.0;345;128;13.94;15.62;1.121;0;1;0;0;0;0;0;0;0;1;0;578;;163;54;5;74
660.85;3189;64;64;35;7.1;76;0;36;34;0;91;45;0.7;1.0;1.0;0;0;202;0;34;8.0;20.3;3.22;18.9;345;128;14.15;13.41;0.948;0;1;0;0;0;0;0;0;0;1;0;561;;158;54;10;148
661.27;2766;58;58;33;6.37;76;0;32;38;0;91;37;0.64;1.0;1.0;0;0;202;0;38;7.25;19.2;2.93;14.7;345;128;14.59;13.41;0.919;0;1;0;0;0;0;0;0;0;1;0;559;;157;54;7;75
661.67;2536;63;63;33;6.78;75;0;34;36;0;95;36;0.66;1.0;1.0;0;0;202;0;36;7.88;19.2;3.09;14.3;345;128;14.82;15.71;1.06;0;1;0;0;0;0;0;0;0;1;0;590;;159;53;0;149
662.05;2446;64;64;33;6.87;76;0;36;34;0;96;36;0.68;1.0;1.0;0;0;202;0;34;8.0;19.2;3.13;14.0;345;128;14.82;15.71;1.06;0;1;0;0;0;0;0;0;0;1;0;592;;157;54;0;150
662.47;2446;47;47;19;5.28;75;0;28;42;0;80;27;0.6;1.0;1.0;0;0;202;0;42;5.88;11.0;2.49;10.8;345;128;14.93;15.71;1.052;0;1;0;0;0;0;0;0;0;1;0;479;;159;54;3;107
662.85;2382;39;39;18;4.53;75;0;23;47;0;74;21;0.54;1.0;1.0;0;0;202;0;47;4.88;10.5;2.19;9.0;345;128;14.93;14.01;0.938;0;1;0;0;0;0;0;0;0;1;0;428;;159;54;12;90
663.26;2280;40;40;18;4.57;74;0;23;47;0;74;21;0.55;1.0;1.0;0;0;202;0;47;5.0;10.5;2.2;8.7;345;128;14.93;14.01;0.938;0;1;0;0;0;0;0;0;0;1;0;433;;160;54;4;102
663.66;1947;52;52;18;5.7;72;0;32;38;0;82;23;0.63;1.0;1.0;0;0;202;0;38;6.5;10.5;2.64;9.2;345;128;14.82;14.81;0.999;0;1;0;0;0;0;0;0;0;1;0;490;;163;54;0;101
664.07;2036;52;52;18;5.71;73;0;31;39;0;82;24;0.63;1.0;1.0;0;0;202;0;39;6.5;10.5;2.65;9.7;345;128;14.82;14.81;0.999;0;1;0;0;0;0;0;0;0;1;0;494;;162;54;2;108
664.49;2100;53;53;18;5.82;74;0;32;38;0;82;25;0.64;1.0;1.0;0;0;202;0;38;6.62;10.5;2.7;10.2;345;128;14.82;14.81;0.999;0;1;0;0;0;0;0;0;0;1;0;491;;161;54;12;109
664.87;2152;56;56;19;6.12;74;0;33;37;0;84;26;0.66;1.0;1.0;0;0;202;0;37;7.0;11.0;2.82;11.0;345;128;14.82;14.11;0.952;0;1;0;0;0;0;0;0;0;1;0;506;;161;54;14;77
665.27;2113;56;56;20;6.07;74;0;33;37;0;85;27;0.66;1.0;1.0;0;0;202;0;37;7.0;11.6;2.8;10.7;345;128;14.82;14.11;0.952;0;1;0;0;0;0;0;0;0;1;0;514;;161;54;16;51
665.69;2100;46;46;18;5.21;73;0;28;43;0;78;22;0.6;1.0;1.0;0;0;202;0;42;5.75;10.5;2.45;9.1;345;128;14.82;14.21;0.959;0;1;0;0;0;0;0;0;0;1;0;459;;162;54;18;105
666.08;2049;39;39;14;4.48;73;0;24;46;0;72;18;0.53;1.0;1.0;0;0;202;0;46;4.88;8.1;2.16;7.6;345;128;14.82;14.21;0.959;0;1;0;0;0;0;0;0;0;1;0;415;;162;54;17;101
666.29;2062;42;42;14;4.87;74;0;25;45;0;75;19;0.56;1.0;1.0;0;0;202;0;45;5.25;8.1;2.32;8.4;345;128;14.82;14.21;0.959;0;1;0;0;0;0;0;0;0;1;0;437;;161;54;12;103
666.68;2113;45;45;14;5.05;72;0;27;43;0;77;21;0.59;1.0;1.0;0;0;202;0;43;5.62;8.1;2.38;8.9;345;128;14.82;14.51;0.979;0;1;0;0;0;0;0;0;0;1;0;452;;163;54;6;105
667.09;2036;36;36;13;4.27;72;0;24;46;0;70;16;0.52;1.0;1.0;0;0;202;0;46;4.5;7.6;2.07;7.2;345;128;14.82;14.51;0.979;0;1;0;0;0;0;0;0;0;1;0;396;;163;54;17;99
667.48;2100;45;45;14;5.02;72;0;26;44;0;77;21;0.59;1.0;1.0;0;0;202;0;44;5.62;8.1;2.37;8.8;345;128;14.82;14.51;0.979;0;1;0;0;0;0;0;0;0;1;0;449;;164;54;5;105
667.91;2203;47;47;16;5.22;72;0;27;43;0;78;23;0.59;1.0;1.0;0;0;202;0;43;5.88;9.3;2.45;9.6;345;128;14.82;14.41;0.972;0;1;0;0;0;0;0;0;0;1;0;461;;163;54;3;106
668.31;2088;36;36;14;4.23;73;0;24;46;0;70;17;0.52;1.0;1.0;0;0;202;0;46;4.5;8.1;2.06;7.4;345;128;14.82;14.41;0.972;0;1;0;0;0;0;0;0;0;1;0;402;;162;54;16;147
668.7;2152;36;36;14;4.25;72;0;24;46;0;70;17;0.52;1.0;1.0;0;0;202;0;46;4.5;8.1;2.06;7.6;345;128;14.82;14.71;0.993;0;1;0;0;0;0;0;0;0;1;0;397;;163;54;16;99
669.09;2100;36;36;13;4.22;72;0;24;46;0;70;17;0.52;1.0;1.0;0;0;202;0;46;4.5;7.6;2.05;7.4;345;128;14.82;14.71;0.993;0;1;0;0;0;0;0;0;0;1;0;401;;163;54;13;72
669.5;1921;23;23;5;3.05;74;0;27;43;0;58;10;0.41;1.0;1.0;0;0;202;0;43;2.88;2.9;1.59;4.9;345;128;14.82;14.71;0.993;0;1;0;0;0;0;0;0;0;1;0;309;;161;54;19;84
669.91;2088;32;32;11;3.91;73;0;25;45;0;66;14;0.48;1.0;1.0;0;0;202;0;45;4.0;6.4;1.93;6.8;345;128;14.82;14.71;0.993;0;1;0;0;0;0;0;0;0;1;0;369;;162;54;17;90
670.31;2152;36;36;12;4.26;73;0;24;46;0;70;17;0.52;1.0;1.0;0;0;202;0;46;4.5;7.0;2.07;7.6;345;128;14.82;14.71;0.993;0;1;0;0;0;0;0;0;0;1;0;399;;162;54;2;100
670.71;1691;15;15;0;2.37;74;0;50;20;0;51;6;0.32;1.0;1.0;0;0;202;0;20;1.88;0.0;1.32;3.3;345;128;14.7;14.72;1.001;0;1;0;0;0;1;0;0;0;1;0;254;;160;54;22;76
671.12;1332;18;18;0;2.56;71;0;69;20;0;54;5;0.34;1.0;1.0;0;0;202;0;1;2.25;0.0;1.38;2.8;345;128;14.7;14.72;1.001;0;1;0;0;0;1;0;0;0;1;0;282;;163;54;5;40
671.51;1396;18;18;0;2.62;72;0;64;20;0;54;5;0.34;1.0;1.0;0;0;202;0;6;2.25;0.0;1.41;3.0;345;128;14.7;14.72;1.001;0;1;0;0;0;1;0;0;0;1;0;283;;162;53;3;40
671.73;1345;15;15;0;2.31;71;0;56;20;0;52;4;0.31;1.0;1.0;0;0;202;0;14;1.88;0.0;1.28;2.6;345;128;14.7;14.41;0.98;0;1;0;0;0;1;0;0;0;1;0;260;;164;54;8;77
672.12;1319;14;14;0;2.28;73;0;50;20;0;51;4;0.29;1.0;1.0;0;0;202;0;20;1.75;0.0;1.28;2.5;345;128;14.7;14.41;0.98;0;1;0;0;0;1;0;0;0;1;0;253;;162;54;21;76
672.54;1306;14;14;0;2.26;73;0;50;20;0;51;4;0.29;1.0;1.0;0;0;202;0;20;1.75;0.0;1.27;2.5;345;128;14.7;14.41;0.98;0;1;0;0;0;1;0;0;0;1;0;254;;162;54;20;76
672.94;1178;14;14;0;2.21;73;0;50;20;0;51;3;0.28;1.0;1.0;0;0;202;0;20;1.75;0.0;1.25;2.2;345;128;14.7;12.91;0.878;0;1;0;0;0;1;0;0;0;1;0;253;;162;54;21;76
673.33;1101;13;13;0;2.17;74;0;50;20;0;51;3;0.27;1.0;1.0;0;0;202;0;20;1.62;0.0;1.24;2.0;345;128;14.7;12.91;0.878;0;1;0;0;0;1;0;0;0;1;0;256;;161;54;20;76
673.74;1089;14;14;0;2.26;73;0;50;20;0;52;3;0.29;1.0;1.0;0;0;202;0;20;1.75;0.0;1.27;2.1;345;128;14.7;13.31;0.905;0;1;0;0;0;1;0;0;0;1;0;263;;162;54;19;77
674.15;1089;15;15;0;2.3;74;0;50;20;0;52;3;0.29;1.0;1.0;0;0;202;0;20;1.88;0.0;1.29;2.1;345;128;14.7;13.31;0.905;0;1;0;0;0;1;0;0;0;1;0;262;;161;54;19;77
674.56;1037;15;15;0;2.27;72;0;50;20;0;52;3;0.29;1.0;1.0;0;0;202;0;20;1.88;0.0;1.27;2.0;345;128;14.7;14.21;0.967;0;1;0;0;0;1;0;0;0;1;0;263;;163;54;19;76
674.96;948;14;14;0;2.21;73;0;50;20;0;52;3;0.28;1.0;1.0;0;0;202;0;20;1.75;0.0;1.25;1.7;345;128;14.7;14.21;0.967;0;1;0;0;0;1;0;0;0;1;0;266;;162;54;19;77
675.36;768;17;17;0;2.52;76;0;50;20;0;55;2;0.31;1.0;1.0;0;0;202;0;20;2.12;0.0;1.39;1.6;345;128;14.7;14.21;0.967;0;1;0;0;0;1;0;0;0;1;0;287;;158;54;18;142
675.77;704;19;19;0;2.77;76;0;50;20;0;58;3;0.34;1.0;1.0;0;0;202;0;20;2.38;0.0;1.49;1.6;345;128;14.7;14.31;0.973;0;1;0;0;0;1;0;0;0;1;0;315;;157;54;17;85
676.17;884;19;19;0;2.67;74;0;50;20;0;57;3;0.33;1.0;1.0;0;0;202;0;20;2.38;0.0;1.44;2.0;345;128;14.7;14.31;0.973;0;1;0;0;0;1;0;0;0;1;0;301;;161;54;17;83
676.56;948;16;16;0;2.43;73;0;50;20;0;55;3;0.31;1.0;1.0;0;0;202;0;20;2.0;0.0;1.34;1.9;345;128;14.7;13.41;0.912;0;1;0;0;0;1;0;0;0;1;0;284;;162;54;18;82
676.96;871;15;15;0;2.37;74;0;50;20;0;54;3;0.3;1.0;1.0;0;0;202;0;20;1.88;0.0;1.32;1.7;345;128;14.7;13.41;0.912;0;1;0;0;0;1;0;0;0;1;0;279;;160;54;18;82
677.38;781;16;16;0;2.42;74;0;50;20;0;55;3;0.31;1.0;1.0;0;0;202;0;20;2.0;0.0;1.34;1.6;345;128;14.7;13.41;0.912;0;1;0;0;0;1;0;0;0;1;0;286;;161;54;18;82
677.56;768;18;18;0;2.61;73;0;50;20;0;56;3;0.33;1.0;1.0;0;0;202;0;20;2.25;0.0;1.41;1.7;345;128;14.7;13.41;0.912;0;1;0;0;0;1;0;0;0;1;0;298;;162;54;18;40
677.97;845;18;18;0;2.62;74;0;50;20;0;57;3;0.33;1.0;1.0;0;0;202;0;20;2.25;0.0;1.42;1.8;345;128;14.7;14.01;0.953;0;1;0;0;0;1;0;0;0;1;0;300;;161;54;17;83
678.38;781;17;17;0;2.53;73;0;50;20;0;56;3;0.33;1.0;1.0;0;0;202;0;20;2.12;0.0;1.38;1.6;345;128;14.7;14.01;0.953;0;1;0;0;0;1;0;0;0;1;0;297;;162;54;17;83
678.8;653;19;19;0;2.75;76;0;50;20;0;58;3;0.35;1.0;1.0;0;0;202;0;20;2.38;0.0;1.48;1.5;345;128;14.7;14.01;0.953;0;1;0;0;0;1;0;0;0;1;0;310;;158;54;17;84
679.18;730;22;22;0;3.05;74;0;50;20;0;61;3;0.37;1.0;1.0;0;0;202;0;20;2.75;0.0;1.59;1.9;345;128;14.7;14.01;0.953;0;1;0;0;0;1;0;0;0;1;0;334;;160;53;16;86
679.59;807;22;22;0;2.97;74;0;50;20;0;60;3;0.36;1.0;1.0;0;0;202;0;20;2.75;0.0;1.56;2.0;345;128;14.7;14.01;0.953;0;1;0;0;0;1;0;0;0;1;0;325;;160;53;15;85
680.0;948;65;65;20;7.37;74;0;57;13;0;99;14;0.66;1.0;1.0;0;0;202;0;13;8.12;11.6;3.32;5.8;345;128;13.94;14.01;1.005;0;1;0;0;0;0;0;0;0;1;0;619;;160;53;16;50
680.39;2254;48;48;18;5.35;72;0;30;40;0;78;23;0.59;1.0;1.0;0;0;202;0;40;6.0;10.5;2.5;10.0;345;128;14.82;14.01;0.945;0;1;0;0;0;0;0;0;0;1;0;463;;163;53;16;148
680.79;2190;46;46;18;5.16;73;0;27;43;0;78;23;0.59;1.0;1.0;0;0;202;0;43;5.75;10.5;2.43;9.4;345;128;14.82;16.41;1.107;0;1;0;0;0;0;0;0;0;1;0;459;;162;53;5;44
681.19;1883;51;51;18;5.62;72;0;31;40;0;82;22;0.63;1.0;1.0;0;0;202;0;39;6.38;10.5;2.61;8.8;345;128;14.82;16.41;1.107;0;1;0;0;0;0;0;0;0;1;0;492;;163;53;0;108
681.61;1947;42;42;11;4.85;74;0;29;41;0;74;19;0.56;1.0;1.0;0;0;202;0;41;5.25;6.4;2.31;7.9;345;128;14.82;11.91;0.804;0;1;0;0;0;0;0;0;0;1;0;434;;161;53;0;102
682.01;1447;31;31;6;3.78;73;0;31;39;0;64;10;0.49;1.0;1.0;0;0;202;0;39;3.88;3.5;1.88;4.6;345;128;14.7;11.91;0.81;0;1;0;0;0;0;0;0;0;1;0;356;;162;53;18;89
682.4;1550;39;39;8;4.55;74;0;32;38;0;71;13;0.54;1.0;1.0;0;0;202;0;38;4.88;4.7;2.19;5.9;345;128;14.7;11.91;0.81;0;1;0;0;0;0;0;0;0;1;0;410;;160;53;15;57
682.82;1665;36;36;6;4.23;73;0;30;40;0;68;13;0.53;1.0;1.0;0;0;202;0;40;4.5;3.5;2.06;5.9;345;128;14.7;13.11;0.892;0;1;0;0;0;0;0;0;0;1;0;381;;162;53;15;90
683.02;1114;18;18;0;2.57;74;0;47;20;0;55;4;0.34;1.0;1.0;0;0;202;0;23;2.25;0.0;1.4;2.4;345;128;14.7;13.11;0.892;0;1;0;0;0;1;0;0;0;1;0;286;;161;53;18;82
683.42;1396;41;41;5;4.71;73;0;35;35;0;73;13;0.54;1.0;1.0;0;0;202;0;35;5.12;2.9;2.25;5.5;345;128;14.7;13.11;0.892;0;1;0;0;0;0;0;0;0;1;0;424;;162;53;3;42
683.83;1498;38;38;10;4.43;73;0;32;38;0;72;12;0.55;1.0;1.0;0;0;202;0;38;4.75;5.8;2.14;5.5;345;128;14.7;14.31;0.973;0;1;0;0;0;0;0;0;0;1;0;413;;162;53;9;101
684.24;1857;59;59;19;6.6;74;0;38;32;0;86;25;0.68;1.0;1.0;0;0;202;0;32;7.38;11.0;3.01;10.2;345;128;14.82;14.31;0.966;0;1;0;0;0;0;0;0;0;1;0;519;;161;53;1;114
684.64;2024;63;63;22;7.01;75;0;39;31;0;89;29;0.71;1.0;1.0;0;0;202;0;31;7.88;12.8;3.18;11.8;345;128;14.04;13.71;0.976;0;1;0;0;0;0;0;0;0;1;0;540;;159;53;13;54
685.05;2139;64;64;23;7.1;76;0;38;32;0;90;31;0.71;1.0;1.0;0;0;202;0;32;8.0;13.4;3.22;12.7;345;128;14.04;13.71;0.976;0;1;0;0;0;0;0;0;0;1;0;552;;158;53;15;148
685.43;2228;65;65;26;7.18;77;0;39;31;0;91;32;0.7;1.0;1.0;0;0;202;0;31;8.12;15.1;3.26;13.3;345;128;14.04;13.71;0.976;0;1;0;0;0;0;0;0;0;1;0;559;;156;53;15;148
685.85;2318;64;64;27;7.06;77;0;39;31;0;93;33;0.7;1.0;1.0;0;0;202;0;31;8.0;15.7;3.21;13.6;345;128;14.82;13.81;0.932;0;1;0;0;0;0;0;0;0;1;0;575;;156;53;15;149
686.25;2139;55;55;20;6.12;76;0;34;36;0;85;27;0.66;1.0;1.0;0;0;202;0;36;6.88;11.6;2.83;10.9;345;128;14.82;13.81;0.932;0;1;0;0;0;0;0;0;0;1;0;515;;158;53;15;113
686.65;1985;49;49;19;5.51;75;0;29;41;0;81;22;0.62;1.0;1.0;0;0;202;0;41;6.12;11.0;2.58;9.1;345;128;14.82;14.01;0.945;0;1;0;0;0;0;0;0;0;1;0;481;;159;53;16;106
687.05;2062;52;52;19;5.78;75;0;31;39;0;82;24;0.64;1.0;1.0;0;0;202;0;39;6.5;11.0;2.69;9.9;345;128;14.82;14.01;0.945;0;1;0;0;0;0;0;0;0;1;0;489;;159;53;14;107
687.45;2049;52;52;19;5.76;75;0;31;39;0;82;24;0.64;1.0;1.0;0;0;202;0;39;6.5;11.0;2.68;9.8;345;128;14.82;14.01;0.945;0;1;0;0;0;0;0;0;0;1;0;495;;159;53;15;42
687.85;2190;54;54;19;5.91;75;0;32;38;0;83;26;0.64;1.0;1.0;0;0;202;0;38;6.75;11.0;2.74;10.8;345;128;14.82;14.01;0.945;0;1;0;0;0;0;0;0;0;1;0;499;;159;53;15;109
688.27;2139;50;50;19;5.56;75;0;30;40;0;81;24;0.63;1.0;1.0;0;0;202;0;40;6.25;11.0;2.6;9.9;345;128;14.82;14.01;0.945;0;1;0;0;0;0;0;0;0;1;0;480;;159;53;16;107
688.46;2049;46;46;18;5.23;75;0;27;43;0;78;21;0.6;1.0;1.0;0;0;202;0;43;5.75;10.5;2.47;8.9;345;128;14.82;14.01;0.945;0;1;0;0;0;0;0;0;0;1;0;459;;159;53;16;105
688.85;2049;38;38;14;4.42;74;0;24;46;0;72;17;0.53;1.0;1.0;0;0;202;0;46;4.75;8.1;2.14;7.5;345;128;14.82;14.21;0.959;0;1;0;0;0;0;0;0;0;1;0;413;;160;53;17;101
689.25;2062;44;44;15;5.05;74;0;26;43;0;77;21;0.59;1.0;1.0;0;0;202;0;44;5.5;8.7;2.39;8.7;345;128;14.82;14.21;0.959;0;1;0;0;0;0;0;0;0;1;0;455;;161;53;7;105
689.66;2190;49;49;18;5.45;74;0;29;41;0;80;24;0.62;1.0;1.0;0;0;202;0;41;6.12;10.5;2.55;9.9;345;128;14.82;14.61;0.986;0;1;0;0;0;0;0;0;0;1;0;476;;160;53;11;107
690.06;2152;38;38;11;4.5;76;0;26;44;0;73;19;0.54;1.0;1.0;0;0;202;0;44;4.75;6.4;2.18;8.1;345;128;14.82;14.61;0.986;0;1;0;0;0;0;0;0;0;1;0;422;;158;53;15;101
690.46;1831;18;18;3;2.56;73;0;33;37;0;53;7;0.35;1.0;1.0;0;0;202;0;37;2.25;1.7;1.39;3.9;345;128;14.7;14.61;0.994;0;1;0;0;0;0;0;0;0;1;0;275;;162;53;22;145
690.87;1306;20;20;0;2.81;73;0;35;20;0;56;6;0.38;1.0;1.0;0;0;202;0;35;2.5;0.0;1.49;3.1;345;128;14.7;12.11;0.824;0;1;0;0;0;1;0;0;0;1;0;298;;162;53;22;83
691.29;1229;18;18;0;2.58;73;0;50;20;0;54;5;0.34;1.0;1.0;0;0;202;0;20;2.25;0.0;1.4;2.6;345;128;14.7;12.11;0.824;0;1;0;0;0;1;0;0;0;1;0;283;;162;53;21;82
691.69;1229;18;18;0;2.56;73;0;50;20;0;54;4;0.34;1.0;1.0;0;0;202;0;20;2.25;0.0;1.39;2.6;345;128;14.7;12.31;0.837;0;1;0;0;0;1;0;0;0;1;0;281;;162;53;21;82
692.09;1178;17;17;0;2.53;73;0;50;20;0;54;4;0.33;1.0;1.0;0;0;202;0;20;2.12;0.0;1.38;2.5;345;128;14.7;12.31;0.837;0;1;0;0;0;1;0;0;0;1;0;281;;162;53;21;82
692.49;1101;17;17;0;2.47;72;0;50;20;0;54;4;0.32;1.0;1.0;0;0;202;0;20;2.12;0.0;1.35;2.3;345;128;14.7;12.31;0.837;0;1;0;0;0;1;0;0;0;1;0;280;;163;53;21;81
692.87;1204;17;17;0;2.52;74;0;50;20;0;53;4;0.31;1.0;1.0;0;0;202;0;20;2.12;0.0;1.38;2.5;345;128;14.7;12.91;0.878;0;1;0;0;0;1;0;0;0;1;0;275;;161;53;20;81
693.3;1396;14;14;0;2.26;73;0;50;20;0;51;4;0.3;1.0;1.0;0;0;202;0;20;1.75;0.0;1.27;2.6;345;128;14.7;12.91;0.878;0;1;0;0;0;1;0;0;0;1;0;252;;162;53;20;76
693.7;1165;13;13;0;2.15;74;0;50;20;0;50;3;0.27;1.0;1.0;0;0;202;0;20;1.62;0.0;1.23;2.1;345;128;14.7;12.91;0.878;0;1;0;0;0;1;0;0;0;1;0;248;;161;53;20;45
694.11;1037;14;14;0;2.28;73;0;50;20;0;52;3;0.29;1.0;1.0;0;0;202;0;20;1.75;0.0;1.28;2.0;345;128;14.7;12.91;0.878;0;1;0;0;0;1;0;0;0;1;0;263;;162;53;20;77
694.31;884;14;14;0;2.26;73;0;50;20;0;53;3;0.28;1.0;1.0;0;0;202;0;20;1.75;0.0;1.27;1.7;345;128;14.7;12.91;0.878;0;1;0;0;0;1;0;0;0;1;0;272;;162;53;19;77
694.69;768;16;16;0;2.45;72;0;50;20;0;55;3;0.31;1.0;1.0;0;0;202;0;20;2.0;0.0;1.34;1.6;345;128;14.7;13.61;0.926;0;1;0;0;0;1;0;0;0;1;0;290;;163;53;19;82
695.11;756;19;19;0;2.75;74;0;50;20;0;58;3;0.34;1.0;1.0;0;0;202;0;20;2.38;0.0;1.47;1.7;345;128;14.7;13.61;0.926;0;1;0;0;0;1;0;0;0;1;0;309;;160;53;18;84
695.51;679;21;21;0;2.87;74;0;50;20;0;60;3;0.37;1.0;1.0;0;0;202;0;20;2.62;0.0;1.52;1.6;345;128;14.7;13.61;0.926;0;1;0;0;0;1;0;0;0;1;0;322;;161;53;19;85
695.92;704;21;21;0;2.91;73;0;50;20;0;60;3;0.37;1.0;1.0;0;0;202;0;20;2.62;0.0;1.53;1.7;345;128;14.7;13.31;0.905;0;1;0;0;0;1;0;0;0;1;0;326;;162;53;18;85
696.32;679;23;23;0;3.12;76;0;50;20;0;62;3;0.39;1.0;1.0;0;0;202;0;20;2.88;0.0;1.63;1.8;345;128;14.47;13.31;0.92;0;1;0;0;0;1;0;0;0;1;0;336;;158;53;18;86
696.73;666;25;25;0;3.33;77;0;50;20;0;63;3;0.4;1.0;1.0;0;0;202;0;20;3.12;0.0;1.72;1.8;345;128;14.7;13.61;0.926;0;1;0;0;0;1;0;0;0;1;0;351;;156;53;18;88
697.12;679;26;26;0;3.42;76;0;50;20;0;65;4;0.41;1.0;1.0;0;0;202;0;20;3.25;0.0;1.75;1.9;345;128;14.47;13.61;0.941;0;1;0;0;0;1;0;0;0;1;0;361;;158;53;17;89
697.53;730;24;24;0;3.17;74;0;50;20;0;63;4;0.39;1.0;1.0;0;0;202;0;20;3.0;0.0;1.64;1.9;345;128;14.47;13.61;0.941;0;1;0;0;0;1;0;0;0;1;0;345;;160;53;17;40
697.92;768;22;22;0;3.05;76;0;50;20;0;61;3;0.37;1.0;1.0;0;0;202;0;20;2.75;0.0;1.6;2.0;345;128;14.7;13.51;0.919;0;1;0;0;0;1;0;0;0;1;0;333;;158;53;17;86
698.33;653;25;25;0;3.35;76;0;50;20;0;64;3;0.41;1.0;1.0;0;0;202;0;20;3.12;0.0;1.72;1.8;345;128;14.7;13.51;0.919;0;1;0;0;0;1;0;0;0;1;0;356;;158;53;17;41
698.73;832;36;36;4;4.36;75;0;45;25;0;76;6;0.48;1.0;1.0;0;0;202;0;25;4.5;2.3;2.12;3.0;345;128;14.59;16.41;1.125;0;1;0;0;0;0;0;0;0;1;0;444;;158;53;16;42
699.12;1422;46;46;8;5.18;73;0;36;34;0;78;14;0.58;1.0;1.0;0;0;202;0;34;5.75;4.7;2.44;6.1;345;128;14.7;16.41;1.116;0;1;0;0;0;0;0;0;0;1;0;462;;162;53;5;106
699.55;1601;43;43;9;4.88;73;0;33;37;0;75;15;0.57;1.0;1.0;0;0;202;0;37;5.38;5.2;2.32;6.5;345;128;14.7;16.41;1.116;0;1;0;0;0;0;0;0;0;1;0;441;;162;53;7;104
699.74;1895;61;61;19;6.8;74;0;39;30;0;87;25;0.7;1.0;1.0;0;0;202;0;31;7.62;11.0;3.09;10.7;345;128;14.04;14.21;1.012;0;1;0;0;0;0;0;0;0;1;0;526;;161;53;1;114
700.14;2049;56;56;19;6.07;74;0;34;37;0;84;26;0.66;1.0;1.0;0;0;202;0;36;7.0;11.0;2.8;10.4;345;128;14.82;14.21;0.959;0;1;0;0;0;0;0;0;0;1;0;506;;160;53;12;109
700.54;2139;57;57;21;6.21;75;0;33;37;0;85;27;0.66;1.0;1.0;0;0;203;0;37;7.12;12.2;2.86;11.1;345;128;14.82;14.21;0.959;0;1;0;0;0;0;0;0;0;1;0;515;;159;52;12;114
700.94;2164;60;60;21;6.71;75;0;35;35;0;88;29;0.7;1.0;1.0;0;0;203;0;35;7.5;12.2;3.06;12.1;345;128;14.82;13.91;0.939;0;1;0;0;0;0;0;0;0;1;0;535;;159;52;14;146
701.35;2139;62;62;23;6.93;75;0;36;34;0;89;30;0.7;1.0;1.0;0;0;203;0;34;7.75;13.4;3.15;12.4;345;128;14.04;13.91;0.991;0;1;0;0;0;0;0;0;0;1;0;545;;159;52;15;147
701.75;2203;65;65;27;7.12;76;0;38;32;0;92;33;0.72;1.0;1.0;0;0;203;0;32;8.12;15.7;3.23;13.1;345;128;14.04;14.21;1.012;0;1;0;0;0;0;0;0;0;1;0;567;;158;52;15;84
702.17;2382;66;66;29;7.17;76;0;39;31;0;94;35;0.68;1.0;1.0;0;0;203;0;31;8.25;16.9;3.25;14.2;345;128;14.82;14.21;0.959;0;1;0;0;0;0;0;0;0;1;0;582;;157;52;15;149
702.57;2485;63;63;29;6.87;76;0;36;34;0;94;35;0.66;1.0;1.0;0;0;203;0;34;7.88;16.9;3.13;14.2;345;128;14.82;14.21;0.959;0;1;0;0;0;0;0;0;0;1;0;581;;157;52;15;149
702.97;2485;58;58;28;6.37;76;0;32;38;0;90;32;0.63;1.0;1.0;0;0;203;0;38;7.25;16.3;2.93;13.2;345;128;14.82;14.91;1.006;0;1;0;0;0;0;0;0;0;1;0;555;;158;52;14;55
703.36;2523;52;52;23;5.77;76;0;29;41;0;84;29;0.61;1.0;1.0;0;0;203;0;41;6.5;13.4;2.69;12.1;345;128;14.93;14.91;0.999;0;1;0;0;0;0;0;0;0;1;0;505;;157;52;16;141
703.78;2472;40;40;17;4.65;76;0;26;46;0;74;22;0.53;1.0;1.0;0;0;203;0;44;5.0;9.9;2.24;9.6;345;128;14.93;14.52;0.973;0;1;0;0;0;0;0;0;0;1;0;435;;158;52;16;101
704.16;1985;41;41;17;4.75;74;0;24;46;0;75;19;0.57;1.0;1.0;0;0;203;0;46;5.12;9.9;2.27;7.9;345;128;14.82;14.52;0.98;0;1;0;0;0;0;0;0;0;1;0;443;;160;52;12;104
704.57;1972;52;52;18;5.73;73;0;34;36;0;82;24;0.63;1.0;1.0;0;0;203;0;36;6.5;10.5;2.66;9.4;345;128;14.82;14.52;0.98;0;1;0;0;0;0;0;0;0;1;0;490;;162;52;4;109
704.97;1947;52;52;18;5.75;74;0;33;37;0;82;23;0.63;1.0;1.0;0;0;203;0;37;6.5;10.5;2.67;9.3;345;128;14.82;14.41;0.972;0;1;0;0;0;0;0;0;0;1;0;493;;160;52;17;109
705.38;2100;52;52;18;5.75;74;0;31;39;0;82;24;0.64;1.0;1.0;0;0;203;0;39;6.5;10.5;2.67;10.1;345;128;14.82;14.41;0.972;0;1;0;0;0;0;0;0;0;1;0;491;;161;52;18;102
705.59;2024;49;49;18;5.5;74;0;30;40;0;80;22;0.62;1.0;1.0;0;0;203;0;40;6.12;10.5;2.57;9.3;345;128;14.82;14.41;0.972;0;1;0;0;0;0;0;0;0;1;0;473;;161;52;19;106
705.99;1972;50;50;18;5.52;74;0;30;40;0;80;22;0.62;1.0;1.0;0;0;203;0;40;6.25;10.5;2.58;9.1;345;128;14.82;13.91;0.939;0;1;0;0;0;0;0;0;0;1;0;474;;160;52;18;51
706.41;2203;60;60;21;6.6;74;0;36;34;0;87;29;0.67;1.0;1.0;0;0;203;0;34;7.5;12.2;3.01;12.1;345;128;14.82;13.91;0.939;0;1;0;0;0;0;0;0;0;1;0;528;;160;52;14;146
706.8;2216;58;58;21;6.36;75;0;34;36;0;87;29;0.67;1.0;1.0;0;0;203;0;36;7.25;12.2;2.92;11.7;345;128;14.82;13.71;0.925;0;1;0;0;0;0;0;0;0;1;0;529;;159;52;19;84
707.22;2164;49;49;20;5.47;74;0;30;40;0;80;24;0.62;1.0;1.0;0;0;203;0;40;6.12;11.6;2.56;9.9;345;128;14.82;13.71;0.925;0;1;0;0;0;0;0;0;0;1;0;477;;160;52;20;101
707.61;2062;46;46;18;5.2;74;0;27;43;0;78;22;0.6;1.0;1.0;0;0;203;0;43;5.75;10.5;2.45;8.9;345;128;14.82;13.71;0.925;0;1;0;0;0;0;0;0;0;1;0;459;;160;52;20;106
708.01;2024;23;23;0;3.02;74;0;30;23;0;58;10;0.4;1.0;1.0;0;0;203;0;40;2.88;0.0;1.58;5.1;345;128;14.82;13.21;0.891;0;1;0;0;0;1;0;0;0;1;0;313;;161;52;21;84
708.42;1498;17;17;0;2.52;74;0;61;20;0;53;5;0.34;1.0;1.0;0;0;203;0;9;2.12;0.0;1.38;3.1;345;128;14.7;13.21;0.899;0;1;0;0;0;1;0;0;0;1;0;269;;160;52;24;78
708.81;1217;22;22;5;2.97;74;0;62;35;0;58;6;0.38;1.0;1.0;0;0;203;0;8;2.75;2.9;1.56;3.0;345;128;14.7;15.52;1.056;0;1;0;0;0;0;0;0;0;1;0;315;;160;53;1;77
709.23;2267;64;64;27;7.08;73;0;37;33;0;92;32;0.7;1.0;1.0;0;0;203;0;33;8.0;15.7;3.2;13.4;345;128;14.82;15.52;1.047;0;1;0;0;0;0;0;0;0;1;0;565;;162;52;0;148
709.62;2433;71;71;36;7.8;76;0;43;27;0;99;39;0.73;1.0;1.0;0;0;203;0;27;8.88;20.9;3.5;15.8;345;128;14.04;15.52;1.105;0;1;0;0;0;0;0;0;0;1;0;618;;158;52;8;150
710.03;2382;45;45;17;5.05;74;0;27;43;0;78;24;0.58;1.0;1.0;0;0;203;0;43;5.62;9.9;2.39;10.0;345;128;14.93;12.91;0.865;0;1;0;0;0;0;0;0;0;1;0;457;;160;52;19;106
710.41;2228;42;42;17;4.77;74;0;25;45;0;75;20;0.55;1.0;1.0;0;0;203;0;45;5.25;9.9;2.28;8.9;345;128;14.82;12.91;0.871;0;1;0;0;0;0;0;0;0;1;0;438;;160;52;19;104
710.82;2024;47;47;18;5.27;74;0;27;43;0;79;22;0.6;1.0;1.0;0;0;203;0;43;5.88;10.5;2.48;8.9;345;128;14.82;14.71;0.993;0;1;0;0;0;0;0;0;0;1;0;470;;161;52;14;106
711.04;2139;61;61;20;6.72;74;0;38;32;0;87;28;0.69;1.0;1.0;0;0;203;0;32;7.62;11.6;3.06;12.0;345;128;14.04;14.71;1.048;0;1;0;0;0;0;0;0;0;1;0;530;;160;52;12;146
711.43;1806;41;41;13;4.77;74;0;27;41;0;74;17;0.57;1.0;1.0;0;0;203;0;43;5.12;7.6;2.28;7.2;345;128;14.7;14.71;1.001;0;1;0;0;0;0;0;0;0;1;0;431;;160;52;23;102
711.83;1703;37;37;9;4.37;74;0;28;42;0;69;14;0.54;1.0;1.0;0;0;203;0;42;4.62;5.2;2.12;6.2;345;128;14.7;12.71;0.865;0;1;0;0;0;0;0;0;0;1;0;393;;160;52;23;99
712.23;1755;43;43;10;4.97;74;0;30;40;0;75;16;0.58;1.0;1.0;0;0;203;0;40;5.38;5.8;2.36;7.3;345;128;14.7;12.71;0.865;0;1;0;0;0;0;0;0;0;1;0;436;;161;52;23;102
712.64;1934;75;75;32;8.35;74;0;45;25;0;98;31;0.77;1.0;1.0;0;0;203;0;25;9.38;18.6;3.71;13.5;345;128;13.94;12.71;0.912;0;1;0;0;0;0;0;0;0;1;0;608;;161;52;21;150
713.04;2408;66;66;31;7.18;75;0;39;31;0;95;35;0.68;1.0;1.0;0;0;203;0;31;8.25;18.0;3.25;14.4;345;128;14.82;12.41;0.837;0;1;0;0;0;0;0;0;0;1;0;589;;159;52;23;150
713.45;2318;59;59;25;6.46;75;0;33;37;0;88;30;0.66;1.0;1.0;0;0;203;0;37;7.38;14.5;2.96;12.5;345;128;14.82;12.41;0.837;0;1;0;0;0;0;0;0;0;1;0;536;;160;52;22;70
713.84;1665;25;25;4;3.3;74;0;30;40;0;60;10;0.45;1.0;1.0;0;0;203;0;40;3.12;2.3;1.69;4.6;345;128;14.7;11.11;0.756;0;1;0;0;0;0;0;0;0;1;0;320;;161;52;26;85
714.26;1332;19;19;1;2.72;72;0;56;20;0;55;6;0.36;1.0;1.0;0;0;203;0;14;2.38;0.6;1.45;3.0;345;128;14.7;11.11;0.756;0;1;0;0;0;1;0;0;0;1;0;285;;163;52;26;82
714.65;1729;38;38;5;4.41;71;0;30;40;0;69;14;0.54;1.0;1.0;0;0;203;0;40;4.75;2.9;2.12;6.4;345;128;14.7;11.11;0.756;0;1;0;0;0;0;0;0;0;1;0;388;;164;52;2;99
715.05;1947;45;45;12;5.1;72;0;28;42;0;76;19;0.59;1.0;1.0;0;0;203;0;42;5.62;7.0;2.4;8.3;345;128;14.82;15.11;1.02;0;1;0;0;0;0;0;0;0;1;0;447;;163;52;13;50
715.47;1985;45;45;17;5.11;73;0;27;43;0;77;20;0.59;1.0;1.0;0;0;203;0;43;5.62;9.9;2.41;8.5;345;128;14.82;15.11;1.02;0;1;0;0;0;0;0;0;0;1;0;454;;162;52;10;105
715.87;2203;49;49;14;5.5;74;0;30;40;0;80;24;0.62;1.0;1.0;0;0;203;0;40;6.12;8.1;2.57;10.1;345;128;14.82;12.51;0.844;0;1;0;0;0;0;0;0;0;1;0;476;;161;52;17;140
716.27;1806;37;37;9;4.33;73;0;28;42;0;69;14;0.53;1.0;1.0;0;0;203;0;42;4.62;5.2;2.1;6.5;345;128;14.7;12.51;0.851;0;1;0;0;0;0;0;0;0;1;0;390;;162;52;24;92
716.68;1691;33;33;8;4.0;74;0;28;42;0;65;12;0.51;1.0;1.0;0;0;203;0;42;4.12;4.7;1.97;5.6;345;128;14.7;12.51;0.851;0;1;0;0;0;0;0;0;0;1;0;365;;162;52;25;89
716.87;1691;33;33;8;4.01;73;0;28;42;0;65;12;0.51;1.0;1.0;0;0;203;0;42;4.12;4.7;1.97;5.7;345;128;14.7;13.21;0.899;0;1;0;0;0;0;0;0;0;1;0;365;;162;52;24;90
717.27;1639;34;34;8;4.08;73;0;30;40;0;66;13;0.52;1.0;1.0;0;0;203;0;40;4.25;4.7;2.0;5.6;345;128;14.7;13.21;0.899;0;1;0;0;0;0;0;0;0;1;0;373;;162;52;24;90
717.68;1703;36;36;8;4.26;73;0;28;42;0;68;14;0.53;1.0;1.0;0;0;203;0;42;4.5;4.7;2.07;6.0;345;128;14.7;13.21;0.899;0;1;0;0;0;0;0;0;0;1;0;387;;161;52;23;74
718.09;1780;45;45;12;5.11;74;0;29;41;0;77;18;0.59;1.0;1.0;0;0;203;0;41;5.62;7.0;2.41;7.6;345;128;14.7;14.11;0.96;0;1;0;0;0;0;0;0;0;1;0;449;;161;52;15;104
718.49;1895;45;45;12;5.07;73;0;28;42;0;77;19;0.59;1.0;1.0;0;0;203;0;42;5.62;7.0;2.39;8.0;345;128;14.82;14.11;0.952;0;1;0;0;0;0;0;0;0;1;0;450;;162;52;16;105
718.9;1985;66;66;26;7.32;74;0;40;30;0;90;28;0.72;1.0;1.0;0;0;203;0;30;8.25;15.1;3.3;12.1;345;128;14.04;15.41;1.098;0;1;0;0;0;0;0;0;0;1;0;555;;161;52;11;148
719.29;2216;64;64;26;7.12;74;0;38;32;0;92;33;0.72;1.0;1.0;0;0;203;0;32;8.0;15.1;3.22;13.1;345;128;14.04;15.41;1.098;0;1;0;0;0;0;0;0;0;1;0;566;;160;52;22;148
719.71;2318;63;63;26;6.85;76;0;36;33;0;91;32;0.68;1.0;1.0;0;0;203;0;34;7.88;15.1;3.12;13.2;345;128;14.82;15.41;1.04;0;1;0;0;0;0;0;0;0;1;0;561;;158;52;21;148
720.11;2331;64;64;26;7.02;76;0;37;33;0;92;33;0.69;1.0;1.0;0;0;203;0;33;8.0;15.1;3.19;13.6;345;128;14.82;13.61;0.918;0;1;0;0;0;0;0;0;0;1;0;564;;158;52;21;148
720.5;2305;63;63;26;6.85;76;0;37;33;0;92;33;0.69;1.0;1.0;0;0;203;0;33;7.88;15.1;3.12;13.2;345;128;14.82;13.61;0.918;0;1;0;0;0;0;0;0;0;1;0;568;;158;52;22;148
720.93;2408;63;63;26;6.85;76;0;36;34;0;92;33;0.66;1.0;1.0;0;0;203;0;34;7.88;15.1;3.12;13.7;345;128;14.82;14.01;0.945;0;1;0;0;0;0;0;0;0;1;0;567;;158;52;21;148
721.33;2408;63;63;26;6.83;75;0;37;33;0;92;33;0.66;1.0;1.0;0;0;203;0;33;7.88;15.1;3.11;13.7;345;128;14.82;14.01;0.945;0;1;0;0;0;0;0;0;0;1;0;566;;159;52;21;148
721.71;2280;63;63;26;6.9;76;0;35;35;0;93;33;0.7;1.0;1.0;0;0;203;0;35;7.88;15.1;3.14;13.1;345;128;14.82;14.01;0.945;0;1;0;0;0;0;0;0;0;1;0;572;;158;52;22;148
722.13;2164;50;50;19;5.58;75;0;30;40;0;82;25;0.63;1.0;1.0;0;0;203;0;40;6.25;11.0;2.61;10.1;345;128;14.82;13.61;0.918;0;1;0;0;0;0;0;0;0;1;0;489;;159;52;24;108
722.33;1934;23;23;0;3.06;75;0;30;22;0;58;10;0.41;1.0;1.0;0;0;203;0;40;2.88;0.0;1.6;4.9;345;128;14.82;13.61;0.918;0;1;0;0;0;1;0;0;0;1;0;310;;159;52;26;78
722.74;1396;16;16;0;2.47;74;0;61;20;0;53;5;0.33;1.0;1.0;0;0;203;0;9;2.0;0.0;1.36;2.9;345;128;14.7;13.61;0.926;0;1;0;0;0;1;0;0;0;1;0;272;;161;52;26;77
723.13;1396;21;21;0;2.87;74;0;61;20;0;55;6;0.37;1.0;1.0;0;0;205;0;9;2.62;0.0;1.52;3.3;345;128;14.7;13.61;0.926;0;1;0;0;0;1;0;0;0;1;0;291;;161;52;2;82
723.53;1486;17;17;0;2.53;73;0;63;20;0;53;5;0.34;1.0;1.0;0;0;205;0;7;2.12;0.0;1.38;3.1;345;128;14.7;13.61;0.926;0;1;0;0;0;1;0;0;0;1;0;268;;162;52;25;74
723.93;1217;19;19;0;2.67;74;0;63;20;0;55;5;0.34;1.0;1.0;0;0;205;0;7;2.38;0.0;1.44;2.7;345;128;14.7;23.32;1.586;0;1;0;0;0;1;0;0;0;1;0;289;;161;52;6;82
724.34;1486;17;17;0;2.51;71;0;55;20;0;53;5;0.34;1.0;1.0;0;0;205;0;15;2.12;0.0;1.36;3.1;345;128;14.7;23.32;1.586;0;1;0;0;0;1;0;0;0;1;0;268;;164;52;7;77
724.74;1396;15;15;0;2.31;73;0;50;20;0;51;4;0.3;1.0;1.0;0;0;205;0;20;1.88;0.0;1.29;2.7;345;128;14.7;23.32;1.586;0;1;0;0;0;1;0;0;0;1;0;256;;162;52;27;76
725.13;1396;14;14;0;2.28;73;0;50;20;0;51;4;0.3;1.0;1.0;0;0;205;0;20;1.75;0.0;1.28;2.7;345;128;14.7;12.21;0.831;0;1;0;0;0;1;0;0;0;1;0;255;;162;52;27;76
725.54;1447;15;15;0;2.27;72;0;50;20;0;51;4;0.3;1.0;1.0;0;0;205;0;20;1.88;0.0;1.27;2.7;345;128;14.7;12.21;0.831;0;1;0;0;0;1;0;0;0;1;0;253;;163;52;27;76
725.94;1319;13;13;0;2.18;73;0;50;20;0;50;4;0.28;1.0;1.0;0;0;205;0;20;1.62;0.0;1.24;2.4;345;128;14.7;12.81;0.871;0;1;0;0;0;1;0;0;0;1;0;248;;163;52;26;70
726.34;1332;16;16;0;2.42;72;0;50;20;0;52;4;0.31;1.0;1.0;0;0;205;0;20;2.0;0.0;1.33;2.7;345;128;14.7;12.81;0.871;0;1;0;0;0;1;0;0;0;1;0;265;;163;51;26;77
726.73;1422;15;15;0;2.27;72;0;50;20;0;51;4;0.3;1.0;1.0;0;0;205;0;20;1.88;0.0;1.27;2.7;345;128;14.7;12.81;0.871;0;1;0;0;0;1;0;0;0;1;0;254;;163;51;25;76
727.13;1255;13;13;0;2.12;72;0;50;20;0;49;3;0.27;1.0;1.0;0;0;205;0;20;1.62;0.0;1.21;2.2;345;128;14.7;13.31;0.905;0;1;0;0;0;1;0;0;0;1;0;242;;163;51;25;38
727.55;1255;13;13;0;2.13;71;0;50;20;0;49;3;0.27;1.0;1.0;0;0;205;0;20;1.62;0.0;1.21;2.2;345;128;14.7;13.31;0.905;0;1;0;0;0;1;0;0;0;1;0;247;;164;51;25;75
727.95;1140;12;12;0;2.07;74;0;50;20;0;49;3;0.26;1.0;1.0;0;0;205;0;20;1.5;0.0;1.2;2.0;345;128;14.7;13.11;0.892;0;1;0;0;0;1;0;0;0;1;0;244;;161;51;24;76
728.15;1153;12;12;0;2.1;74;0;50;20;0;49;3;0.26;1.0;1.0;0;0;205;0;20;1.5;0.0;1.21;2.0;345;128;14.7;13.11;0.892;0;1;0;0;0;1;0;0;0;1;0;246;;163;51;24;57
728.57;1114;13;13;0;2.1;72;0;50;20;0;50;3;0.27;1.0;1.0;0;0;205;0;20;1.62;0.0;1.2;1.9;345;128;14.7;13.11;0.892;0;1;0;0;0;1;0;0;0;1;0;250;;163;51;23;76
728.97;1063;12;12;0;2.06;73;0;50;20;0;50;3;0.26;1.0;1.0;0;0;205;0;20;1.5;0.0;1.19;1.8;345;128;14.7;13.01;0.885;0;1;0;0;0;1;0;0;0;1;0;251;;162;51;22;76
729.36;1101;14;14;0;2.17;72;0;50;20;0;51;3;0.27;1.0;1.0;0;0;205;0;20;1.75;0.0;1.23;2.0;345;128;14.7;13.01;0.885;0;1;0;0;0;1;0;0;0;1;0;253;;163;51;23;76
729.76;999;13;13;0;2.15;74;0;50;20;0;51;3;0.27;1.0;1.0;0;0;205;0;20;1.62;0.0;1.23;1.8;345;128;14.7;13.01;0.885;0;1;0;0;0;1;0;0;0;1;0;257;;161;51;22;76
730.18;1012;15;15;0;2.37;74;0;50;20;0;53;3;0.3;1.0;1.0;0;0;205;0;20;1.88;0.0;1.32;2.0;345;128;14.7;13.41;0.912;0;1;0;0;0;1;0;0;0;1;0;270;;160;51;22;77
730.57;1550;13;13;0;2.12;74;0;51;20;0;48;4;0.27;1.0;1.0;0;0;205;0;19;1.62;0.0;1.22;2.7;345;128;14.7;13.41;0.912;0;1;0;0;0;1;0;0;0;1;0;234;;161;51;23;74
730.96;1473;11;11;0;2.0;74;0;61;20;0;47;4;0.26;1.0;1.0;0;0;205;0;9;1.38;0.0;1.17;2.5;345;128;14.7;14.52;0.988;0;1;0;0;0;1;0;0;0;1;0;226;;160;51;19;70
731.38;1370;15;15;3;2.37;74;0;65;29;0;52;5;0.31;1.0;1.0;0;0;205;0;5;1.88;1.7;1.32;2.7;345;128;14.7;14.52;0.988;0;1;0;0;0;0;0;0;0;1;0;264;;160;51;1;77
731.78;1703;23;23;3;3.03;71;0;30;39;0;57;9;0.42;1.0;1.0;0;0;205;0;40;2.88;1.7;1.57;4.3;345;128;14.7;14.52;0.988;0;1;0;0;0;0;0;0;0;1;0;306;;164;51;0;84
732.17;1498;29;29;4;3.62;72;0;30;40;0;63;9;0.47;1.0;1.0;0;0;205;0;40;3.62;2.3;1.81;4.5;345;128;14.7;14.81;1.007;0;1;0;0;0;0;0;0;0;1;0;344;;163;51;2;86
732.58;1447;28;28;4;3.51;71;0;30;40;0;63;9;0.47;1.0;1.0;0;0;205;0;40;3.5;2.3;1.76;4.2;345;128;14.7;14.81;1.007;0;1;0;0;0;0;0;0;0;1;0;346;;164;51;11;86
732.98;1396;26;26;4;3.28;71;0;31;38;0;61;8;0.44;1.0;1.0;0;0;205;0;39;3.25;2.3;1.67;3.8;345;128;14.7;14.11;0.96;0;1;0;0;0;0;0;0;0;1;0;331;;164;51;19;86
733.38;1447;26;26;4;3.33;73;0;32;38;0;60;8;0.43;1.0;1.0;0;0;205;0;38;3.25;2.3;1.7;4.0;345;128;14.7;14.11;0.96;0;1;0;0;0;0;0;0;0;1;0;325;;163;51;20;70
733.78;1370;24;24;4;3.21;73;0;31;39;0;60;7;0.42;1.0;1.0;0;0;205;0;39;3.0;2.3;1.65;3.7;345;128;14.7;14.11;0.96;0;1;0;0;0;0;0;0;0;1;0;326;;162;51;20;85
733.99;1486;26;26;4;3.37;72;0;32;38;0;60;8;0.43;1.0;1.0;0;0;205;0;38;3.25;2.3;1.71;4.2;345;128;14.7;13.51;0.919;0;1;0;0;0;0;0;0;0;1;0;327;;163;51;20;85
734.39;1345;24;24;4;3.16;73;0;31;39;0;60;7;0.42;1.0;1.0;0;0;205;0;39;3.0;2.3;1.63;3.5;345;128;14.7;13.51;0.919;0;1;0;0;0;0;0;0;0;1;0;326;;162;51;19;85
734.79;1370;26;26;4;3.31;73;0;31;39;0;61;8;0.43;1.0;1.0;0;0;205;0;39;3.25;2.3;1.69;3.8;345;128;14.7;13.51;0.919;0;1;0;0;0;0;0;0;0;1;0;331;;162;51;19;85
735.2;1370;26;26;4;3.33;73;0;31;39;0;61;8;0.43;1.0;1.0;0;0;205;0;39;3.25;2.3;1.7;3.8;345;128;14.7;14.01;0.953;0;1;0;0;0;0;0;0;0;1;0;328;;162;51;20;85
735.62;1447;20;20;0;2.77;74;0;37;20;0;55;6;0.38;1.0;1.0;0;0;205;0;33;2.5;0.0;1.48;3.3;345;128;14.7;14.01;0.953;0;1;0;0;0;1;0;0;0;1;0;290;;160;51;19;74
736.02;1114;14;14;0;2.25;72;0;50;20;0;52;3;0.29;1.0;1.0;0;0;205;0;20;1.75;0.0;1.26;2.1;345;128;14.7;12.61;0.858;0;1;0;0;0;1;0;0;0;1;0;262;;163;51;22;77
736.43;1050;15;15;0;2.33;73;0;50;20;0;53;3;0.3;1.0;1.0;0;0;205;0;20;1.88;0.0;1.3;2.0;345;128;14.7;12.61;0.858;0;1;0;0;0;1;0;0;0;1;0;274;;162;51;21;81
736.84;986;16;16;0;2.42;72;0;50;20;0;54;3;0.3;1.0;1.0;0;0;205;0;20;2.0;0.0;1.33;2.0;345;128;14.7;13.31;0.905;0;1;0;0;0;1;0;0;0;1;0;280;;163;51;19;76
737.22;948;16;16;0;2.4;72;0;50;20;0;54;3;0.3;1.0;1.0;0;0;205;0;20;2.0;0.0;1.32;1.9;345;128;14.7;13.31;0.905;0;1;0;0;0;1;0;0;0;1;0;276;;163;51;19;81
737.62;1473;37;37;5;4.37;72;0;34;35;0;70;11;0.52;1.0;1.0;0;0;205;0;36;4.62;2.9;2.11;5.4;345;128;14.7;13.31;0.905;0;1;0;0;0;0;0;0;0;1;0;398;;163;51;19;100
738.03;1114;16;16;0;2.4;72;0;50;20;0;54;4;0.32;1.0;1.0;0;0;205;0;20;2.0;0.0;1.32;2.2;345;128;14.7;12.61;0.858;0;1;0;0;0;1;0;0;0;1;0;281;;163;51;21;82
738.44;1217;24;24;0;3.18;71;0;50;20;0;60;6;0.41;1.0;1.0;0;0;205;0;20;3.0;0.0;1.63;3.2;345;128;14.7;12.61;0.858;0;1;0;0;0;1;0;0;0;1;0;325;;164;51;6;85
738.83;1255;21;21;0;2.83;71;0;50;20;0;57;5;0.38;1.0;1.0;0;0;205;0;20;2.62;0.0;1.49;3.0;345;128;14.7;14.31;0.973;0;1;0;0;0;1;0;0;0;1;0;306;;164;51;9;84
739.24;1204;21;21;0;2.88;73;0;50;20;0;57;5;0.37;1.0;1.0;0;0;205;0;20;2.62;0.0;1.52;2.9;345;128;14.7;14.31;0.973;0;1;0;0;0;1;0;0;0;1;0;303;;162;51;17;82
739.44;1204;20;20;0;2.8;72;0;50;20;0;57;5;0.37;1.0;1.0;0;0;205;0;20;2.5;0.0;1.48;2.8;345;128;14.7;14.31;0.973;0;1;0;0;0;1;0;0;0;1;0;304;;163;51;16;84
739.84;1217;20;20;0;2.82;74;0;50;20;0;57;5;0.37;1.0;1.0;0;0;205;0;20;2.5;0.0;1.5;2.9;345;128;14.7;14.31;0.973;0;1;0;0;0;1;0;0;0;1;0;304;;161;51;16;84
740.25;1178;20;20;0;2.82;72;0;50;20;0;57;5;0.37;1.0;1.0;0;0;205;0;20;2.5;0.0;1.49;2.8;345;128;14.7;14.31;0.973;0;1;0;0;0;1;0;0;0;1;0;305;;163;51;16;84
740.66;1204;21;21;0;2.83;73;0;50;20;0;57;5;0.37;1.0;1.0;0;0;205;0;20;2.62;0.0;1.5;2.8;345;128;14.7;14.31;0.973;0;1;0;0;0;1;0;0;0;1;0;305;;162;51;15;84
741.04;1114;20;20;0;2.78;73;0;50;20;0;57;5;0.36;1.0;1.0;0;0;205;0;20;2.5;0.0;1.48;2.6;345;128;14.7;14.21;0.967;0;1;0;0;0;1;0;0;0;1;0;304;;162;51;14;84
741.45;1140;24;24;2;3.12;72;0;50;20;0;60;6;0.4;1.0;1.0;0;0;205;0;20;3.0;1.2;1.61;3.0;345;128;14.7;14.21;0.967;0;1;0;0;0;0;0;0;0;1;0;327;;163;51;12;85
741.86;1268;26;26;2;3.36;73;0;32;38;0;61;7;0.43;1.0;1.0;0;0;205;0;38;3.25;1.2;1.71;3.6;345;128;14.7;14.21;0.967;0;1;0;0;0;0;0;0;0;1;0;334;;162;51;18;86
742.26;1089;16;16;0;2.43;73;0;50;20;0;53;4;0.3;1.0;1.0;0;0;205;0;20;2.0;0.0;1.34;2.2;345;128;14.7;14.21;0.967;0;1;0;0;0;1;0;0;0;1;0;274;;162;51;17;77
742.66;948;16;16;0;2.45;72;0;50;20;0;55;3;0.31;1.0;1.0;0;0;205;0;20;2.0;0.0;1.34;1.9;345;128;14.7;14.21;0.967;0;1;0;0;0;1;0;0;0;1;0;285;;163;51;18;82
743.06;845;17;17;0;2.51;73;0;50;20;0;56;3;0.32;1.0;1.0;0;0;205;0;20;2.12;0.0;1.37;1.8;345;128;14.7;14.11;0.96;0;1;0;0;0;1;0;0;0;1;0;294;;162;51;17;82
743.49;896;19;19;0;2.67;74;0;50;20;0;57;3;0.34;1.0;1.0;0;0;205;0;20;2.38;0.0;1.44;2.0;345;128;14.7;14.11;0.96;0;1;0;0;0;1;0;0;0;1;0;300;;160;51;15;45
743.88;832;17;17;0;2.53;73;0;50;20;0;56;3;0.32;1.0;1.0;0;0;205;0;20;2.12;0.0;1.38;1.8;345;128;14.7;14.11;0.96;0;1;0;0;0;1;0;0;0;1;0;293;;162;51;15;82
744.28;820;17;17;0;2.57;74;0;50;20;0;56;3;0.32;1.0;1.0;0;0;205;0;20;2.12;0.0;1.4;1.8;345;128;14.7;14.11;0.96;0;1;0;0;0;1;0;0;0;1;0;295;;160;51;16;83
744.68;1063;15;15;0;2.38;75;0;50;20;0;53;3;0.3;1.0;1.0;0;0;205;0;20;1.88;0.0;1.33;2.1;345;128;14.7;14.11;0.96;0;1;0;0;0;1;0;0;0;1;0;271;;159;51;16;77
744.87;999;14;14;0;2.22;74;0;50;20;0;52;3;0.28;1.0;1.0;0;0;205;0;20;1.75;0.0;1.26;1.8;345;128;14.7;13.41;0.912;0;1;0;0;0;1;0;0;0;1;0;263;;161;51;16;77
745.28;820;16;16;0;2.38;73;0;50;20;0;54;3;0.3;1.0;1.0;0;0;205;0;20;2.0;0.0;1.32;1.6;345;128;14.7;13.41;0.912;0;1;0;0;0;1;0;0;0;1;0;281;;162;51;16;82
745.69;730;17;17;0;2.53;73;0;50;20;0;56;3;0.33;1.0;1.0;0;0;205;0;20;2.12;0.0;1.38;1.5;345;128;14.7;13.41;0.912;0;1;0;0;0;1;0;0;0;1;0;294;;162;51;15;82
746.11;807;19;19;0;2.68;73;0;50;20;0;57;3;0.34;1.0;1.0;0;0;205;0;20;2.38;0.0;1.44;1.8;345;128;14.7;14.21;0.967;0;1;0;0;0;1;0;0;0;1;0;303;;162;51;15;84
746.49;717;19;19;0;2.75;74;0;50;20;0;58;3;0.34;1.0;1.0;0;0;205;0;20;2.38;0.0;1.47;1.6;345;128;14.7;14.21;0.967;0;1;0;0;0;1;0;0;0;1;0;309;;160;51;14;40
746.91;730;21;21;0;2.87;76;0;50;20;0;59;3;0.35;1.0;1.0;0;0;205;0;20;2.62;0.0;1.53;1.7;345;128;14.7;13.91;0.946;0;1;0;0;0;1;0;0;0;1;0;319;;157;51;14;85
747.31;679;22;22;0;3.0;76;0;50;20;0;61;3;0.38;1.0;1.0;0;0;205;0;20;2.75;0.0;1.58;1.7;345;128;14.7;13.91;0.946;0;1;0;0;0;1;0;0;0;1;0;329;;156;51;14;41
747.71;704;22;22;0;3.08;77;0;50;20;0;61;3;0.38;1.0;1.0;0;0;205;0;20;2.75;0.0;1.62;1.8;345;128;14.7;13.91;0.946;0;1;0;0;0;1;0;0;0;1;0;331;;156;51;14;86
748.1;602;26;26;0;3.43;77;0;50;20;0;64;3;0.42;1.0;1.0;0;0;205;0;20;3.25;0.0;1.76;1.7;345;128;14.7;13.81;0.939;0;1;0;0;0;1;0;0;0;1;0;357;;156;51;14;146
748.53;653;27;27;0;3.51;77;0;50;20;0;66;4;0.42;1.0;1.0;0;0;205;0;20;3.38;0.0;1.79;1.9;345;128;14.7;13.81;0.939;0;1;0;0;0;1;0;0;0;1;0;370;;156;51;14;90
748.92;730;24;24;0;3.25;76;0;50;20;0;63;4;0.39;1.0;1.0;0;0;205;0;20;3.0;0.0;1.68;2.0;345;128;14.47;13.71;0.947;0;1;0;0;0;1;0;0;0;1;0;347;;157;51;13;86
749.33;717;22;22;0;3.08;77;0;50;20;0;61;3;0.37;1.0;1.0;0;0;205;0;20;2.75;0.0;1.62;1.8;345;128;14.7;13.71;0.933;0;1;0;0;0;1;0;0;0;1;0;335;;156;51;14;86
749.73;615;26;26;0;3.38;77;0;50;20;0;64;3;0.41;1.0;1.0;0;0;205;0;20;3.25;0.0;1.74;1.7;345;128;14.7;13.71;0.933;0;1;0;0;0;1;0;0;0;1;0;357;;154;51;14;83
750.13;628;27;27;0;3.45;76;0;50;20;0;66;4;0.42;1.0;1.0;0;0;205;0;20;3.38;0.0;1.76;1.8;345;128;14.7;14.51;0.987;0;1;0;0;0;1;0;0;0;1;0;370;;157;51;13;90
750.34;679;26;26;0;3.4;76;0;50;20;0;65;4;0.41;1.0;1.0;0;0;205;0;20;3.25;0.0;1.74;1.9;345;128;14.47;14.51;1.003;0;1;0;0;0;1;0;0;0;1;0;360;;157;51;12;89
750.75;717;27;27;0;3.5;78;0;50;20;0;65;4;0.41;1.0;1.0;0;0;205;0;20;3.38;0.0;1.79;2.1;345;128;14.47;14.51;1.003;0;1;0;0;0;1;0;0;0;1;0;363;;155;51;13;89
751.14;679;26;26;0;3.41;77;0;50;20;0;65;4;0.41;1.0;1.0;0;0;205;0;20;3.25;0.0;1.75;1.9;345;128;14.47;14.01;0.968;0;1;0;0;0;1;0;0;0;1;0;362;;156;51;13;89
751.54;717;26;26;0;3.42;76;0;50;20;0;65;4;0.41;1.0;1.0;0;0;205;0;20;3.25;0.0;1.75;2.0;345;128;14.47;14.01;0.968;0;1;0;0;0;1;0;0;0;1;0;363;;158;51;12;89
751.95;730;26;26;0;3.46;77;0;50;20;0;65;4;0.41;1.0;1.0;0;0;205;0;20;3.25;0.0;1.77;2.1;345;128;14.47;14.21;0.982;0;1;0;0;0;1;0;0;0;1;0;365;;156;51;11;90
752.35;704;26;26;0;3.4;76;0;50;20;0;65;4;0.41;1.0;1.0;0;0;205;0;20;3.25;0.0;1.74;2.0;345;128;14.47;14.21;0.982;0;1;0;0;0;1;0;0;0;1;0;362;;158;51;12;45
752.76;704;26;26;0;3.4;76;0;50;20;0;65;4;0.41;1.0;1.0;0;0;205;0;20;3.25;0.0;1.74;2.0;345;128;14.47;14.21;0.982;0;1;0;0;0;1;0;0;0;1;0;360;;157;51;11;145
753.17;756;26;26;0;3.47;78;0;50;20;0;65;4;0.41;1.0;1.0;0;0;207;0;20;3.25;0.0;1.78;2.2;345;128;14.47;14.01;0.968;0;1;0;0;0;1;0;0;0;1;0;366;;155;50;12;90
753.55;666;26;26;0;3.4;78;0;50;20;0;65;4;0.41;1.0;1.0;0;0;207;0;20;3.25;0.0;1.75;1.9;345;128;14.7;14.01;0.953;0;1;0;0;0;1;0;0;0;1;0;366;;155;50;11;90
753.96;717;26;26;0;3.37;76;0;50;20;0;65;4;0.41;1.0;1.0;0;0;207;0;20;3.25;0.0;1.73;2.0;345;128;14.47;13.91;0.961;0;1;0;0;0;1;0;0;0;1;0;361;;158;50;11;89
754.35;666;26;26;0;3.41;77;0;50;20;0;65;4;0.41;1.0;1.0;0;0;207;0;20;3.25;0.0;1.75;1.9;345;128;14.7;13.91;0.946;0;1;0;0;0;1;0;0;0;1;0;361;;156;50;11;41
754.76;768;27;27;0;3.52;78;0;50;20;0;65;4;0.41;1.0;1.0;0;0;207;0;20;3.38;0.0;1.8;2.3;345;128;14.47;13.91;0.961;0;1;0;0;0;1;0;0;0;1;0;365;;155;50;11;90
755.17;679;25;25;0;3.35;76;0;50;20;0;65;4;0.41;1.0;1.0;0;0;207;0;20;3.12;0.0;1.72;1.9;345;128;14.47;14.01;0.968;0;1;0;0;0;1;0;0;0;1;0;361;;158;50;11;89
755.57;666;26;26;0;3.41;77;0;50;20;0;65;4;0.41;1.0;1.0;0;0;207;0;20;3.25;0.0;1.75;1.9;345;128;14.7;14.01;0.953;0;1;0;0;0;1;0;0;0;1;0;362;;156;50;11;89
755.98;717;27;27;0;3.47;76;0;50;20;0;66;4;0.41;1.0;1.0;0;0;207;0;20;3.38;0.0;1.77;2.1;345;128;14.47;14.31;0.989;0;1;0;0;0;1;0;0;0;1;0;368;;158;50;11;89
756.19;756;26;26;0;3.42;76;0;50;20;0;65;4;0.41;1.0;1.0;0;0;207;0;20;3.25;0.0;1.75;2.2;345;128;14.47;14.31;0.989;0;1;0;0;0;1;0;0;0;1;0;362;;157;50;11;90
756.57;679;26;26;0;3.4;76;0;50;20;0;65;4;0.41;1.0;1.0;0;0;207;0;20;3.25;0.0;1.74;1.9;345;128;14.47;14.31;0.989;0;1;0;0;0;1;0;0;0;1;0;361;;158;50;11;90
756.98;704;26;26;0;3.48;77;0;50;20;0;65;4;0.41;1.0;1.0;0;0;207;0;20;3.25;0.0;1.78;2.0;345;128;14.47;14.61;1.01;0;1;0;0;0;1;0;0;0;1;0;366;;156;50;10;90
757.39;768;27;27;0;3.5;78;0;50;20;0;65;4;0.41;1.0;1.0;0;0;207;0;20;3.38;0.0;1.79;2.2;345;128;14.47;14.61;1.01;0;1;0;0;0;1;0;0;0;1;0;364;;155;50;10;90
757.79;717;26;26;0;3.41;77;0;50;20;0;65;4;0.41;1.0;1.0;0;0;207;0;20;3.25;0.0;1.75;2.0;345;128;14.47;14.61;1.01;0;1;0;0;0;1;0;0;0;1;0;361;;156;50;10;145
758.19;717;26;26;0;3.42;76;0;50;20;0;65;4;0.41;1.0;1.0;0;0;207;0;20;3.25;0.0;1.75;2.0;345;128;14.47;13.81;0.954;0;1;0;0;0;1;0;0;0;1;0;362;;157;50;10;84
758.6;756;26;26;0;3.46;77;0;50;20;0;65;4;0.41;1.0;1.0;0;0;207;0;20;3.25;0.0;1.77;2.2;345;128;14.47;13.81;0.954;0;1;0;0;0;1;0;0;0;1;0;365;;156;50;10;90
759.0;704;26;26;0;3.42;78;0;50;20;0;65;4;0.41;1.0;1.0;0;0;207;0;20;3.25;0.0;1.76;2.0;345;128;14.47;14.01;0.968;0;1;0;0;0;1;0;0;0;1;0;363;;155;50;10;89
759.39;679;26;26;0;3.35;76;0;50;20;0;65;4;0.41;1.0;1.0;0;0;207;0;20;3.25;0.0;1.72;1.9;345;128;14.47;14.01;0.968;0;1;0;0;0;1;0;0;0;1;0;360;;158;50;10;89
759.8;717;26;26;0;3.45;76;0;50;20;0;65;4;0.41;1.0;1.0;0;0;207;0;20;3.25;0.0;1.76;2.1;345;128;14.47;14.01;0.968;0;1;0;0;0;1;0;0;0;1;0;367;;157;50;10;89
760.21;679;26;26;0;3.36;77;0;50;20;0;65;4;0.41;1.0;1.0;0;0;207;0;20;3.25;0.0;1.73;1.9;345;128;14.47;14.51;1.003;0;1;0;0;0;1;0;0;0;1;0;363;;156;50;10;89
760.6;666;26;26;0;3.4;78;0;50;20;0;65;4;0.41;1.0;1.0;0;0;207;0;20;3.25;0.0;1.75;1.9;345;128;14.7;14.51;0.987;0;1;0;0;0;1;0;0;0;1;0;360;;155;50;10;90
761.01;704;27;27;0;3.53;79;0;50;20;0;66;4;0.42;1.0;1.0;0;0;207;0;20;3.38;0.0;1.81;2.1;345;128;14.47;14.51;1.003;0;1;0;0;0;1;0;0;0;1;0;368;;154;50;9;90
761.4;717;26;26;0;3.42;76;0;50;20;0;65;4;0.41;1.0;1.0;0;0;207;0;20;3.25;0.0;1.75;2.0;345;128;14.47;14.51;1.003;0;1;0;0;0;1;0;0;0;1;0;363;;158;50;9;90
761.62;679;25;26;0;3.35;76;0;50;20;0;65;4;0.41;1.0;1.0;0;0;207;0;20;3.12;0.0;1.72;1.9;345;128;14.47;14.51;1.003;0;1;0;0;0;1;0;0;0;1;0;361;;157;50;9;89
762.01;679;26;26;0;3.43;77;0;50;20;0;65;4;0.41;1.0;1.0;0;0;207;0;20;3.25;0.0;1.76;1.9;345;128;14.47;14.11;0.975;0;1;0;0;0;1;0;0;0;1;0;364;;156;50;9;90
762.43;756;26;26;0;3.47;78;0;50;20;0;65;4;0.41;1.0;1.0;0;0;207;0;20;3.25;0.0;1.78;2.2;345;128;14.47;14.11;0.975;0;1;0;0;0;1;0;0;0;1;0;364;;155;50;9;90
762.83;679;26;26;0;3.4;78;0;50;20;0;65;4;0.41;1.0;1.0;0;0;207;0;20;3.25;0.0;1.75;1.9;345;128;14.47;14.11;0.975;0;1;0;0;0;1;0;0;0;1;0;360;;155;50;9;89
763.23;704;26;26;0;3.43;77;0;50;20;0;65;4;0.41;1.0;1.0;0;0;207;0;20;3.25;0.0;1.76;2.0;345;128;14.47;14.01;0.968;0;1;0;0;0;1;0;0;0;1;0;365;;156;50;9;90
763.64;717;26;26;0;3.41;77;0;50;20;0;65;4;0.41;1.0;1.0;0;0;207;0;20;3.25;0.0;1.75;2.0;345;128;14.47;14.01;0.968;0;1;0;0;0;1;0;0;0;1;0;365;;156;50;9;89
764.02;717;26;26;0;3.41;79;0;50;20;0;65;4;0.41;1.0;1.0;0;0;207;0;20;3.25;0.0;1.76;2.0;345;128;14.47;14.21;0.982;0;1;0;0;0;1;0;0;0;1;0;360;;154;50;9;145
764.45;666;26;26;0;3.43;77;0;50;20;0;65;4;0.41;1.0;1.0;0;0;207;0;20;3.25;0.0;1.76;1.9;345;128;14.7;14.21;0.967;0;1;0;0;0;1;0;0;0;1;0;362;;157;50;9;74
764.85;756;27;27;0;3.5;78;0;50;20;0;65;4;0.41;1.0;1.0;0;0;207;0;20;3.38;0.0;1.79;2.2;345;128;14.47;14.21;0.982;0;1;0;0;0;1;0;0;0;1;0;364;;154;50;8;70
765.24;679;26;26;0;3.38;77;0;50;20;0;65;4;0.41;1.0;1.0;0;0;207;0;20;3.25;0.0;1.74;1.9;345;128;14.47;14.61;1.01;0;1;0;0;0;1;0;0;0;1;0;362;;156;50;8;89
765.66;653;25;25;0;3.35;76;0;50;20;0;64;4;0.41;1.0;1.0;0;0;207;0;20;3.12;0.0;1.72;1.8;345;128;14.7;14.61;0.994;0;1;0;0;0;1;0;0;0;1;0;359;;157;50;8;89
766.06;717;29;29;2;3.66;77;0;50;20;0;68;4;0.43;1.0;1.0;0;0;207;0;20;3.62;1.2;1.85;2.2;345;128;14.47;14.81;1.023;0;1;0;0;0;0;0;0;0;1;0;382;;156;50;8;90
766.45;1153;57;57;10;6.33;75;0;46;24;0;86;14;0.62;1.0;1.0;0;0;207;0;24;7.12;5.8;2.91;6.1;345;128;14.7;14.81;1.007;0;1;0;0;0;0;0;0;0;1;0;523;;159;50;3;146
766.87;1691;48;48;13;5.37;74;0;33;36;0;80;18;0.6;1.0;1.0;0;0;207;0;37;6.0;7.6;2.52;7.6;345;128;14.7;14.81;1.007;0;1;0;0;0;0;0;0;0;1;0;472;;160;50;7;106
767.25;1870;57;57;17;6.22;74;0;37;34;0;84;23;0.66;1.0;1.0;0;0;207;0;33;7.12;9.9;2.86;9.7;345;128;14.82;14.61;0.986;0;1;0;0;0;0;0;0;0;1;0;505;;160;50;1;109
767.46;1883;51;51;17;5.68;75;0;33;37;0;82;22;0.63;1.0;1.0;0;0;207;0;37;6.38;9.9;2.65;8.9;345;128;14.82;14.61;0.986;0;1;0;0;0;0;0;0;0;1;0;489;;159;50;5;108
767.86;1665;23;23;0;3.12;76;0;33;20;0;57;9;0.42;1.0;1.0;0;0;207;0;37;2.88;0.0;1.63;4.3;345;128;14.7;14.61;0.994;0;1;0;0;0;1;0;0;0;1;0;303;;157;50;9;83
768.26;871;17;17;0;2.51;75;0;57;20;0;56;3;0.32;1.0;1.0;0;0;207;0;13;2.12;0.0;1.38;1.8;345;128;14.7;10.71;0.729;0;1;0;0;0;1;0;0;0;1;0;293;;159;50;11;74
768.68;871;54;54;11;5.96;75;0;50;18;0;88;9;0.59;1.0;1.0;0;0;207;0;20;6.75;6.4;2.76;4.3;345;128;14.7;10.71;0.729;0;1;0;0;0;0;0;0;0;1;0;536;;159;50;1;140
769.07;1703;47;47;11;5.3;74;0;34;36;0;79;18;0.59;1.0;1.0;0;0;207;0;36;5.88;6.4;2.49;7.5;345;128;14.7;13.11;0.892;0;1;0;0;0;0;0;0;0;1;0;469;;160;50;5;106
769.48;1614;44;44;11;5.06;75;0;32;38;0;77;16;0.58;1.0;1.0;0;0;207;0;38;5.5;6.4;2.4;6.8;345;128;14.7;13.11;0.892;0;1;0;0;0;0;0;0;0;1;0;451;;159;50;8;105
769.86;1639;45;45;11;5.13;75;0;33;38;0;76;16;0.59;1.0;1.0;0;0;207;0;37;5.62;6.4;2.43;7.0;345;128;14.7;13.11;0.892;0;1;0;0;0;0;0;0;0;1;0;447;;159;50;7;105
770.28;1755;45;45;11;5.16;75;0;32;38;0;76;17;0.59;1.0;1.0;0;0;207;0;38;5.62;6.4;2.44;7.5;345;128;14.7;14.41;0.98;0;1;0;0;0;0;0;0;0;1;0;444;;159;50;8;105
770.68;1934;53;53;17;5.8;74;0;33;37;0;82;22;0.63;1.0;1.0;0;0;207;0;37;6.62;9.9;2.69;9.3;345;128;14.82;14.41;0.972;0;1;0;0;0;0;0;0;0;1;0;492;;160;50;4;108
771.08;1934;54;54;17;5.9;74;0;34;36;0;83;23;0.65;1.0;1.0;0;0;207;0;36;6.75;9.9;2.73;9.5;345;128;14.82;14.41;0.972;0;1;0;0;0;0;0;0;0;1;0;497;;159;50;1;109
771.48;1857;46;46;15;5.22;76;0;29;41;0;78;19;0.59;1.0;1.0;0;0;207;0;41;5.75;8.7;2.47;8.1;345;128;14.82;14.41;0.972;0;1;0;0;0;0;0;0;0;1;0;462;;158;50;6;106
771.88;1729;63;63;23;7.07;76;0;41;28;0;91;25;0.71;1.0;1.0;0;0;207;0;29;7.88;13.4;3.21;10.2;345;128;14.04;14.41;1.026;0;1;0;0;0;0;0;0;0;1;0;559;;158;50;5;140
772.28;2139;69;69;25;7.7;76;0;43;27;0;92;32;0.73;1.0;1.0;0;0;207;0;27;8.62;14.5;3.46;13.7;345;128;13.94;12.31;0.883;0;1;0;0;0;0;0;0;0;1;0;568;;157;50;10;149
772.7;1921;33;33;0;4.0;76;0;25;45;0;66;14;0.5;1.0;1.0;0;0;207;0;45;4.12;0.0;1.98;6.4;345;128;14.82;12.31;0.831;0;1;0;0;0;1;0;0;0;1;0;373;;158;50;12;90
773.09;1140;22;22;0;2.98;75;0;49;20;0;59;5;0.38;1.0;1.0;0;0;207;0;21;2.75;0.0;1.57;2.8;345;128;14.7;13.21;0.899;0;1;0;0;0;1;0;0;0;1;0;317;;159;50;13;44
773.3;1229;69;69;50;10;76;181;45;25;0;98;19;0.73;1.0;1.0;0;0;207;0;25;8.62;29.1;4.42;10.3;345;128;13.54;13.21;0.976;0;1;0;0;0;0;0;0;0;1;0;610;;159;50;9;50
773.69;2754;66;66;31;7.27;76;0;41;29;0;96;39;0.66;1.0;1.0;0;0;207;0;29;8.25;18.0;3.29;16.7;345;128;14.59;13.21;0.905;0;1;0;0;0;0;0;0;0;1;0;594;;157;50;12;149
774.09;1767;13;13;0;2.21;75;0;61;20;0;49;5;0.29;1.0;1.0;0;0;207;0;9;1.62;0.0;1.26;3.3;345;128;14.7;11.81;0.803;0;1;0;0;0;1;0;0;0;1;0;247;;159;50;10;76
774.52;1319;18;18;0;2.58;75;0;70;20;0;54;5;0.34;1.0;1.0;0;0;207;0;0;2.25;0.0;1.41;2.8;345;128;14.7;11.81;0.803;0;1;0;0;0;1;0;0;0;1;0;278;;159;50;2;82
774.91;1370;19;19;0;2.68;73;0;64;20;0;54;5;0.34;1.0;1.0;0;0;207;0;6;2.38;0.0;1.44;3.1;345;128;14.7;11.81;0.803;0;1;0;0;0;1;0;0;0;1;0;283;;162;50;1;82
775.31;1268;18;18;0;2.56;73;0;55;20;0;54;5;0.34;1.0;1.0;0;0;207;0;15;2.25;0.0;1.39;2.7;345;128;14.7;13.91;0.946;0;1;0;0;0;1;0;0;0;1;0;276;;162;50;6;81
775.71;1217;17;17;0;2.53;73;0;50;20;0;54;4;0.33;1.0;1.0;0;0;207;0;20;2.12;0.0;1.38;2.6;345;128;14.7;13.91;0.946;0;1;0;0;0;1;0;0;0;1;0;278;;162;50;12;82
776.12;935;18;18;0;2.58;73;0;50;20;0;56;4;0.33;1.0;1.0;0;0;207;0;20;2.25;0.0;1.4;2.0;345;128;14.7;13.41;0.912;0;1;0;0;0;1;0;0;0;1;0;298;;162;50;13;83
776.51;781;23;23;0;3.08;75;0;50;20;0;62;3;0.38;1.0;1.0;0;0;207;0;20;2.88;0.0;1.61;2.0;345;128;14.47;13.41;0.927;0;1;0;0;0;1;0;0;0;1;0;336;;159;50;11;44
776.92;666;26;26;0;3.35;77;0;50;20;0;64;4;0.41;1.0;1.0;0;0;207;0;20;3.25;0.0;1.73;1.9;345;128;14.7;13.41;0.912;0;1;0;0;0;1;0;0;0;1;0;353;;156;50;9;89
777.31;781;28;28;0;3.53;75;0;50;20;0;66;4;0.41;1.0;1.0;0;0;207;0;20;3.5;0.0;1.79;2.3;345;128;14.47;14.21;0.982;0;1;0;0;0;1;0;0;0;1;0;372;;159;50;10;90
777.71;832;23;23;0;3.16;75;0;50;20;0;63;4;0.38;1.0;1.0;0;0;207;0;20;2.88;0.0;1.64;2.2;345;128;14.47;14.21;0.982;0;1;0;0;0;1;0;0;0;1;0;344;;159;50;12;88
778.13;730;24;24;0;3.27;76;0;50;20;0;64;4;0.41;1.0;1.0;0;0;207;0;20;3.0;0.0;1.69;2.0;345;128;14.47;13.51;0.934;0;1;0;0;0;1;0;0;0;1;0;352;;158;50;12;89
778.53;730;74;74;33;8.3;76;0;67;3;0;106;12;0.7;1.0;1.0;0;0;207;0;3;9.25;19.2;3.7;5.0;345;128;13.54;13.51;0.998;0;1;0;0;0;0;0;0;0;1;0;671;;157;50;11;154
778.92;1921;79;79;31;9.02;74;0;48;22;0;99;32;0.77;1.0;1.0;0;0;207;0;22;9.88;18.0;3.98;14.4;345;128;13.07;13.51;1.034;0;1;0;0;0;0;0;0;0;1;0;617;;160;50;14;150
779.13;1934;53;53;21;5.8;74;0;31;38;0;83;23;0.65;1.0;1.0;0;0;207;0;39;6.62;12.2;2.69;9.3;345;128;14.82;14.31;0.966;0;1;0;0;0;0;0;0;0;1;0;498;;160;50;12;49
779.53;2216;56;56;25;6.16;75;0;33;38;0;86;29;0.66;1.0;1.0;0;0;207;0;37;7.0;14.5;2.84;11.4;345;128;14.82;14.31;0.966;0;1;0;0;0;0;0;0;0;1;0;521;;159;50;13;113
779.93;2472;72;72;41;8.05;76;0;43;27;0;100;41;0.73;1.0;1.0;0;0;207;0;27;9.0;23.8;3.6;16.6;345;128;14.04;14.31;1.019;0;1;0;0;0;0;0;0;0;1;0;625;;158;50;3;147
780.33;2369;70;70;37;7.75;76;0;42;28;0;98;38;0.73;1.0;1.0;0;0;207;0;28;8.75;21.5;3.48;15.3;345;128;14.04;14.01;0.998;0;1;0;0;0;0;0;0;0;1;0;609;;156;50;11;85
780.74;2549;77;77;39;8.76;77;0;47;23;0;102;44;0.75;1.0;1.0;0;0;207;0;23;9.62;22.7;3.89;18.6;345;128;13.54;14.01;1.035;0;1;0;0;0;0;0;0;0;1;0;641;;156;50;12;153
781.16;2613;77;77;39;8.66;77;0;47;23;0;102;45;0.73;1.0;1.0;0;0;207;0;23;9.62;22.7;3.85;18.9;345;128;13.54;12.51;0.924;0;1;0;0;0;0;0;0;0;1;0;643;;156;50;13;56
781.54;2689;76;76;39;8.61;79;0;47;23;0;103;45;0.73;1.0;1.0;0;0;207;0;23;9.5;22.7;3.84;19.3;345;128;14.04;12.51;0.891;0;1;0;0;0;0;0;0;0;1;0;647;;154;50;13;148
781.96;2754;75;75;39;8.47;78;0;45;25;0;103;46;0.72;1.0;1.0;0;0;207;0;25;9.38;22.7;3.78;19.4;345;128;14.04;12.51;0.891;0;1;0;0;0;0;0;0;0;1;0;647;;155;50;14;51
782.37;2818;73;73;39;8.1;78;0;42;28;0;103;46;0.7;1.0;1.0;0;0;207;0;28;9.12;22.7;3.63;19.0;345;128;14.04;12.71;0.905;0;1;0;0;0;0;0;0;0;1;0;646;;155;50;14;51
782.77;2907;69;69;39;7.52;78;0;38;32;0;102;45;0.67;1.0;1.0;0;0;207;0;32;8.62;22.7;3.4;18.2;345;128;14.04;12.71;0.905;0;1;0;0;0;0;0;0;0;1;0;642;;155;50;14;153
783.18;3074;68;68;38;7.55;78;0;38;32;0;99;46;0.68;1.0;1.0;0;0;207;0;32;8.5;22.1;3.41;19.3;345;128;14.59;12.81;0.878;0;1;0;0;0;0;0;0;0;1;0;617;;155;50;15;150
783.56;2856;30;30;10;3.68;77;0;20;50;0;63;19;0.47;1.0;1.0;0;0;207;0;50;3.75;5.8;1.86;8.8;345;128;14.93;12.81;0.858;0;1;0;0;0;0;0;0;0;1;0;349;;156;50;19;86
783.96;2433;14;14;1;2.3;76;0;43;25;0;47;8;0.31;1.0;1.0;0;0;207;0;27;1.75;0.6;1.3;4.7;345;128;14.82;12.81;0.864;0;1;0;0;0;1;0;0;0;1;0;228;;158;50;20;74
784.39;1345;19;19;0;2.72;76;0;67;20;0;55;6;0.36;1.0;1.0;0;0;207;0;3;2.38;0.0;1.47;3.0;345;128;14.7;15.72;1.069;0;1;0;0;0;1;0;0;0;1;0;285;;158;50;10;82
784.58;1319;26;26;1;3.36;73;0;65;20;0;61;7;0.43;1.0;1.0;0;0;207;0;5;3.25;0.6;1.71;3.7;345;128;14.7;15.72;1.069;0;1;0;0;0;1;0;0;0;1;0;328;;162;50;1;85
784.98;1422;21;21;1;2.91;73;0;66;20;0;56;7;0.39;1.0;1.0;0;0;207;0;4;2.62;0.6;1.53;3.4;345;128;14.7;15.72;1.069;0;1;0;0;0;1;0;0;0;1;0;297;;162;50;15;83
785.39;1153;24;24;0;3.16;73;0;66;20;0;60;6;0.4;1.0;1.0;0;0;207;0;4;3.0;0.0;1.63;3.0;345;128;14.7;16.73;1.138;0;1;0;0;0;1;0;0;0;1;0;322;;162;51;2;85
785.78;1332;17;17;0;2.5;74;0;58;20;0;53;5;0.33;1.0;1.0;0;0;207;0;12;2.12;0.0;1.37;2.8;345;128;14.7;16.73;1.138;0;1;0;0;0;1;0;0;0;1;0;270;;161;51;6;77
786.2;1268;15;15;0;2.37;74;0;50;20;0;52;4;0.3;1.0;1.0;0;0;207;0;20;1.88;0.0;1.32;2.5;345;128;14.7;12.91;0.878;0;1;0;0;0;1;0;0;0;1;0;263;;161;51;20;77
786.59;1204;15;15;0;2.35;74;0;50;20;0;52;4;0.3;1.0;1.0;0;0;207;0;20;1.88;0.0;1.31;2.4;345;128;14.7;12.91;0.878;0;1;0;0;0;1;0;0;0;1;0;264;;161;50;19;77
786.98;1012;16;16;0;2.43;73;0;50;20;0;54;3;0.31;1.0;1.0;0;0;207;0;20;2.0;0.0;1.34;2.0;345;128;14.7;12.91;0.878;0;1;0;0;0;1;0;0;0;1;0;278;;162;51;19;81
787.39;1050;16;16;0;2.47;74;0;50;20;0;54;4;0.31;1.0;1.0;0;0;207;0;20;2.0;0.0;1.36;2.2;345;128;14.7;13.61;0.926;0;1;0;0;0;1;0;0;0;1;0;281;;160;50;18;82
787.79;1101;17;17;0;2.5;74;0;50;20;0;54;4;0.32;1.0;1.0;0;0;207;0;20;2.12;0.0;1.37;2.3;345;128;14.7;13.61;0.926;0;1;0;0;0;1;0;0;0;1;0;279;;161;50;19;76
788.19;1101;17;17;0;2.5;74;0;50;20;0;54;4;0.32;1.0;1.0;0;0;207;0;20;2.12;0.0;1.37;2.3;345;128;14.7;13.31;0.905;0;1;0;0;0;1;0;0;0;1;0;282;;160;50;19;82
788.61;1114;30;30;6;3.72;74;0;39;31;0;66;7;0.46;1.0;1.0;0;0;207;0;31;3.75;3.5;1.86;3.5;345;128;14.7;13.31;0.905;0;1;0;0;0;0;0;0;0;1;0;371;;160;50;18;90
789.02;1998;52;52;17;5.71;73;0;32;38;0;80;23;0.62;1.0;1.0;0;0;207;0;38;6.5;9.9;2.65;9.5;345;128;14.82;13.31;0.898;0;1;0;0;0;0;0;0;0;1;0;478;;162;50;5;107
789.41;1614;25;25;6;3.28;73;0;31;39;0;61;9;0.45;1.0;1.0;0;0;207;0;39;3.12;3.5;1.68;4.4;345;128;14.7;12.21;0.831;0;1;0;0;0;0;0;0;0;1;0;329;;162;50;20;85
789.81;1396;44;44;10;5.03;73;0;36;34;0;77;14;0.57;1.0;1.0;0;0;207;0;34;5.5;5.8;2.38;5.9;345;128;14.7;12.21;0.831;0;1;0;0;0;0;0;0;0;1;0;452;;162;50;10;43
790.22;1755;43;43;10;4.91;73;0;30;40;0;75;16;0.58;1.0;1.0;0;0;207;0;40;5.38;5.8;2.33;7.2;345;128;14.7;14.71;1.001;0;1;0;0;0;0;0;0;0;1;0;442;;162;50;4;104
790.43;1691;42;42;10;4.85;74;0;29;41;0;74;16;0.58;1.0;1.0;0;0;207;0;41;5.25;5.8;2.31;6.8;345;128;14.7;14.71;1.001;0;1;0;0;0;0;0;0;0;1;0;432;;161;50;15;102
790.81;1691;45;45;12;5.1;74;0;30;38;0;77;17;0.59;1.0;1.0;0;0;207;0;40;5.62;7.0;2.41;7.2;345;128;14.7;14.71;1.001;0;1;0;0;0;0;0;0;0;1;0;450;;161;50;14;98
791.22;1883;58;58;18;6.37;74;0;38;32;0;86;25;0.68;1.0;1.0;0;0;207;0;32;7.25;10.5;2.92;10.0;345;128;14.82;15.21;1.026;0;1;0;0;0;0;0;0;0;1;0;519;;161;50;3;114
791.65;1998;67;67;26;7.48;75;0;41;29;0;91;30;0.73;1.0;1.0;0;0;207;0;29;8.38;15.1;3.37;12.5;345;128;14.04;15.21;1.083;0;1;0;0;0;0;0;0;0;1;0;562;;159;50;12;148
792.03;2267;64;64;26;7.1;76;0;38;32;0;91;32;0.7;1.0;1.0;0;0;207;0;32;8.0;15.1;3.22;13.4;345;128;14.82;15.21;1.026;0;1;0;0;0;0;0;0;0;1;0;558;;157;50;17;148
792.43;2228;63;63;26;6.95;76;0;36;34;0;90;31;0.69;1.0;1.0;0;0;207;0;34;7.88;15.1;3.16;12.9;345;128;14.04;13.91;0.991;0;1;0;0;0;0;0;0;0;1;0;551;;158;50;17;148
792.83;2356;69;69;31;7.67;76;0;42;28;0;97;36;0.71;1.0;1.0;0;0;207;0;28;8.62;18.0;3.45;15.1;345;128;14.04;13.91;0.991;0;1;0;0;0;0;0;0;0;1;0;603;;157;50;17;150
793.25;2421;67;67;31;7.26;77;0;38;31;0;96;36;0.69;1.0;1.0;0;0;207;0;32;8.38;18.0;3.29;14.6;345;128;14.82;13.71;0.925;0;1;0;0;0;0;0;0;0;1;0;595;;156;50;17;149
793.64;2446;66;66;31;7.21;77;0;39;31;0;96;36;0.68;1.0;1.0;0;0;207;0;31;8.25;18.0;3.27;14.7;345;128;14.82;13.71;0.925;0;1;0;0;0;0;0;0;0;1;0;593;;156;50;16;145
794.05;2485;65;65;31;6.96;77;0;36;34;0;95;36;0.66;1.0;1.0;0;0;207;0;34;8.12;18.0;3.17;14.4;345;128;14.82;13.71;0.925;0;1;0;0;0;0;0;0;0;1;0;588;;156;50;15;141
794.45;2408;61;61;29;6.55;76;0;34;37;0;92;33;0.66;1.0;1.0;0;0;207;0;36;7.62;16.9;3.0;13.1;345;128;14.82;14.31;0.966;0;1;0;0;0;0;0;0;0;1;0;570;;157;50;16;141
794.85;2382;62;62;29;6.67;76;0;35;36;0;93;34;0.67;1.0;1.0;0;0;207;0;35;7.75;16.9;3.05;13.2;345;128;14.82;14.31;0.966;0;1;0;0;0;0;0;0;0;1;0;574;;157;50;14;54
795.27;2536;65;65;29;6.92;76;0;35;35;0;96;37;0.67;1.0;1.0;0;0;207;0;35;8.12;16.9;3.15;14.6;345;128;14.82;14.41;0.972;0;1;0;0;0;0;0;0;0;1;0;592;;157;50;14;149
795.65;2613;69;69;35;7.52;76;0;39;31;0;99;40;0.7;1.0;1.0;0;0;207;0;31;8.62;20.3;3.39;16.4;345;128;14.04;14.41;1.026;0;1;0;0;0;0;0;0;0;1;0;617;;157;50;11;150
795.88;2779;80;80;52;9.0;76;0;49;21;0;107;50;0.74;1.0;1.0;0;0;207;0;21;10.0;30.2;3.98;20.8;345;128;13.54;14.41;1.064;0;1;0;0;0;0;0;0;0;1;0;683;;157;50;21;154
796.26;2907;79;79;52;8.9;76;0;48;22;0;108;51;0.71;1.0;1.0;0;0;207;0;22;9.88;30.2;3.94;21.6;345;128;13.54;13.01;0.961;0;1;0;0;0;0;0;0;0;1;0;690;;157;50;22;155
796.66;2882;79;79;52;8.92;76;0;48;22;0;109;51;0.72;1.0;1.0;0;0;207;0;22;9.88;30.2;3.95;21.4;345;128;13.54;13.01;0.961;0;1;0;0;0;0;0;0;0;1;0;694;;157;50;23;155
797.08;2984;78;78;52;8.82;76;0;48;23;0;109;52;0.72;1.0;1.0;0;0;207;0;22;9.75;30.2;3.91;21.9;345;128;13.54;13.51;0.998;0;1;0;0;0;0;0;0;0;1;0;698;;157;50;23;146
797.48;2984;79;79;52;8.92;76;0;49;21;0;110;53;0.72;1.0;1.0;0;0;207;0;21;9.88;30.2;3.95;22.2;345;128;13.54;13.51;0.998;0;1;0;0;0;0;0;0;0;1;0;701;;157;50;24;153
797.88;3112;79;79;52;8.97;76;0;48;22;0;110;55;0.72;1.0;1.0;0;0;207;0;22;9.88;30.2;3.97;23.3;345;128;13.63;13.51;0.991;0;1;0;0;0;0;0;0;0;1;0;700;;157;50;25;146
798.29;3074;78;78;52;8.83;77;0;48;23;0;109;55;0.72;1.0;1.0;0;0;207;0;22;9.75;30.2;3.92;22.6;345;128;13.54;12.91;0.953;0;1;0;0;0;0;0;0;0;1;0;697;;156;50;25;155
798.69;2830;33;33;6;3.95;76;0;23;47;0;66;21;0.5;1.0;1.0;0;0;207;0;47;4.12;3.5;1.96;9.3;345;128;14.93;12.91;0.865;0;1;0;0;0;0;0;0;0;1;0;370;;158;50;31;90
799.1;1883;13;13;0;2.17;76;0;48;20;0;49;5;0.29;1.0;1.0;0;0;207;0;22;1.62;0.0;1.25;3.4;345;128;14.82;13.62;0.919;0;1;0;0;0;1;0;0;0;1;0;241;;160;50;29;41
799.48;1306;17;17;0;2.5;74;0;69;20;0;53;5;0.32;1.0;1.0;0;0;207;0;1;2.12;0.0;1.37;2.7;345;128;14.7;13.62;0.927;0;1;0;0;0;1;0;0;0;1;0;273;;161;50;13;77
799.9;1665;38;38;4;4.46;73;0;32;38;0;68;13;0.53;1.0;1.0;0;0;207;0;38;4.75;2.3;2.15;6.2;345;128;14.7;13.62;0.927;0;1;0;0;0;0;0;0;0;1;0;387;;162;50;0;90
800.31;1819;24;24;4;3.16;73;0;27;43;0;59;10;0.42;1.0;1.0;0;0;207;0;43;3.0;2.3;1.63;4.8;345;128;14.7;12.81;0.871;0;1;0;0;0;0;0;0;0;1;0;318;;162;50;26;85
800.7;1537;17;17;1;2.51;75;0;51;20;0;52;6;0.33;1.0;1.0;0;0;207;0;19;2.12;0.6;1.38;3.2;345;128;14.7;12.81;0.871;0;1;0;0;0;1;0;0;0;1;0;263;;159;50;31;77
801.11;1268;21;21;1;2.91;73;0;59;20;0;57;6;0.38;1.0;1.0;0;0;207;0;11;2.62;0.6;1.53;3.1;345;128;14.7;13.91;0.946;0;1;0;0;0;1;0;0;0;1;0;302;;162;50;3;83
801.3;1588;18;18;0;2.57;72;0;58;20;0;53;6;0.34;1.0;1.0;0;0;207;0;12;2.25;0.0;1.39;3.4;345;128;14.7;13.91;0.946;0;1;0;0;0;1;0;0;0;1;0;271;;163;50;8;77
801.72;1114;27;27;1;3.41;73;0;62;20;0;63;7;0.43;1.0;1.0;0;0;207;0;8;3.38;0.6;1.73;3.2;345;128;14.7;13.91;0.946;0;1;0;0;0;1;0;0;0;1;0;346;;162;50;8;88
802.12;1755;35;35;9;4.22;72;0;28;42;0;68;14;0.52;1.0;1.0;0;0;207;0;42;4.38;5.2;2.05;6.2;345;128;14.7;15.31;1.041;0;1;0;0;0;0;0;0;0;1;0;380;;163;50;22;91
802.52;1767;21;21;0;2.9;74;0;32;20;0;55;8;0.39;1.0;1.0;0;0;207;0;38;2.62;0.0;1.53;4.3;345;128;14.7;15.31;1.041;0;1;0;0;0;1;0;0;0;1;0;286;;161;50;8;82
802.93;1217;17;17;0;2.48;73;0;60;20;0;54;4;0.33;1.0;1.0;0;0;207;0;10;2.12;0.0;1.36;2.5;345;128;14.7;15.31;1.041;0;1;0;0;0;1;0;0;0;1;0;279;;162;50;28;82
803.32;1614;33;33;6;3.97;72;0;29;41;0;65;11;0.5;1.0;1.0;0;0;207;0;41;4.12;3.5;1.95;5.3;345;128;14.7;14.91;1.014;0;1;0;0;0;0;0;0;0;1;0;363;;163;50;0;89
803.71;1870;32;32;7;3.9;74;0;27;43;0;65;13;0.49;1.0;1.0;0;0;207;0;43;4.0;4.1;1.93;6.1;345;128;14.82;14.91;1.006;0;1;0;0;0;0;0;0;0;1;0;364;;161;50;24;90
804.12;1806;37;37;10;4.35;74;0;25;45;0;70;15;0.54;1.0;1.0;0;0;207;0;45;4.62;5.8;2.11;6.5;345;128;14.7;15.11;1.028;0;1;0;0;0;0;0;0;0;1;0;401;;161;50;10;100
804.54;1806;35;35;10;4.15;74;0;26;44;0;68;14;0.52;1.0;1.0;0;0;207;0;44;4.38;5.8;2.03;6.2;345;128;14.7;15.11;1.028;0;1;0;0;0;0;0;0;0;1;0;381;;160;50;11;91
804.92;1691;24;24;2;3.21;75;0;30;40;0;58;9;0.43;1.0;1.0;0;0;207;0;40;3.0;1.2;1.66;4.5;345;128;14.7;15.11;1.028;0;1;0;0;0;0;0;0;0;1;0;311;;160;50;28;73
805.34;1665;33;33;9;4.02;74;0;27;43;0;66;12;0.52;1.0;1.0;0;0;207;0;43;4.12;5.2;1.98;5.6;345;128;14.7;14.62;0.995;0;1;0;0;0;0;0;0;0;1;0;368;;161;50;30;90
805.75;2190;78;78;40;12;76;181;47;23;0;99;38;0.77;1.0;1.0;0;0;207;0;23;9.75;23.3;5.07;21.4;345;128;13.07;14.62;1.119;0;1;0;0;0;0;0;0;0;1;0;619;;158;50;10;150
806.15;2587;84;84;68;9.93;77;0;48;22;0;106;49;0.79;1.0;1.0;0;0;207;0;22;10.5;39.5;4.36;21.4;345;128;13.54;11.81;0.872;0;1;0;0;0;0;0;0;0;1;0;674;;156;50;28;153
806.54;2689;86;86;68;10;77;0;49;21;0;108;51;0.78;1.0;1.0;0;0;207;0;21;10.75;39.5;4.42;22.6;345;128;13.54;11.81;0.872;0;1;0;0;0;0;0;0;0;1;0;685;;156;50;27;155
806.95;2664;87;87;68;10;77;0;48;21;1;109;52;0.8;1.0;1.0;0;0;207;0;22;10.88;39.5;4.45;22.6;345;128;13.54;11.81;0.872;0;1;0;0;0;0;0;0;0;1;0;699;;156;50;28;155
807.16;2818;86;86;67;10;77;0;48;21;1;111;53;0.75;1.0;1.0;0;0;207;0;22;10.75;39.0;4.45;23.9;345;128;13.54;11.71;0.865;0;1;0;0;0;0;0;0;0;1;0;706;;156;50;28;156
807.56;2574;58;58;21;6.37;76;0;33;36;1;91;34;0.64;1.0;1.0;0;0;207;0;37;7.25;12.2;2.93;13.7;345;128;14.82;11.71;0.79;0;1;0;0;0;0;0;0;0;1;0;560;;157;50;30;141
807.95;1972;22;22;0;2.98;75;0;27;43;0;57;10;0.4;1.0;1.0;0;0;207;0;43;2.75;0.0;1.57;4.9;345;128;14.82;11.71;0.79;0;1;0;0;0;1;0;0;0;1;0;302;;159;50;31;83
808.35;1703;14;14;0;2.2;74;0;60;20;0;49;5;0.29;1.0;1.0;0;0;207;0;10;1.75;0.0;1.25;3.1;345;128;14.7;10.91;0.742;0;1;0;0;0;1;0;0;0;1;0;246;;161;50;29;76
808.76;1498;17;17;0;2.51;73;0;70;20;0;53;5;0.34;1.0;1.0;0;0;207;0;0;2.12;0.0;1.37;3.1;345;128;14.7;10.91;0.742;0;1;0;0;0;1;0;0;0;1;0;268;;162;50;3;77
809.15;1281;18;18;0;2.65;74;0;68;20;0;55;5;0.35;1.0;1.0;0;0;207;0;2;2.25;0.0;1.43;2.8;345;128;14.7;23.41;1.593;0;1;0;0;0;1;0;0;0;1;0;286;;161;50;0;82
809.56;1921;32;32;6;3.9;72;0;25;45;0;65;14;0.49;1.0;1.0;0;0;207;0;45;4.0;3.5;1.92;6.2;345;128;14.82;23.41;1.58;0;1;0;0;0;0;0;0;0;1;0;367;;163;50;3;89
809.96;2088;52;52;19;5.77;74;0;31;39;0;82;24;0.64;1.0;1.0;0;0;207;0;39;6.5;11.0;2.68;10.0;345;128;14.82;23.41;1.58;0;1;0;0;0;0;0;0;0;1;0;494;;161;50;12;70
810.38;2203;44;44;17;5.02;74;0;27;43;0;76;21;0.57;1.0;1.0;0;0;207;0;43;5.5;9.9;2.38;9.2;345;128;14.82;14.21;0.959;0;1;0;0;0;0;0;0;0;1;0;445;;161;50;19;105
810.77;1947;23;23;6;3.1;74;0;27;41;0;58;10;0.41;1.0;1.0;0;0;207;0;43;2.88;3.5;1.61;5.0;345;128;14.82;14.21;0.959;0;1;0;0;0;0;0;0;0;1;0;312;;161;50;31;84
811.17;1972;29;29;6;3.6;74;0;25;45;0;63;12;0.45;1.0;1.0;0;0;207;0;45;3.62;3.5;1.81;5.9;345;128;14.82;16.02;1.081;0;1;0;0;0;0;0;0;0;1;0;346;;160;50;26;86
811.57;1947;38;38;12;4.47;74;0;25;45;0;72;17;0.55;1.0;1.0;0;0;207;0;45;4.75;7.0;2.16;7.3;345;128;14.82;16.02;1.081;0;1;0;0;0;0;0;0;0;1;0;413;;161;50;3;101
811.97;1895;21;21;1;2.92;74;0;31;39;0;55;9;0.38;1.0;1.0;0;0;207;0;39;2.62;0.6;1.54;4.6;345;128;14.82;16.02;1.081;0;1;0;0;0;0;0;0;0;1;0;286;;161;50;27;82
812.38;1473;16;16;1;2.41;73;0;59;20;0;52;5;0.32;1.0;1.0;0;0;207;0;11;2.0;0.6;1.33;3.0;345;128;14.7;12.91;0.878;0;1;0;0;0;1;0;0;0;1;0;265;;162;50;32;77
812.78;1217;20;20;0;2.77;74;0;66;20;0;56;5;0.36;1.0;1.0;0;0;207;0;4;2.5;0.0;1.48;2.8;345;128;14.7;12.91;0.878;0;1;0;0;0;1;0;0;0;1;0;297;;161;50;3;83
812.99;1383;16;16;0;2.4;72;0;57;20;0;52;5;0.31;1.0;1.0;0;0;207;0;13;2.0;0.0;1.32;2.8;345;128;14.7;12.91;0.878;0;1;0;0;0;1;0;0;0;1;0;264;;163;50;0;77
813.39;1486;15;15;0;2.36;73;0;50;20;0;51;5;0.3;1.0;1.0;0;0;207;0;20;1.88;0.0;1.31;2.9;345;128;14.7;13.01;0.885;0;1;0;0;0;1;0;0;0;1;0;254;;162;50;28;76
813.81;1370;14;14;0;2.26;73;0;50;20;0;51;4;0.3;1.0;1.0;0;0;207;0;20;1.75;0.0;1.27;2.6;345;128;14.7;13.01;0.885;0;1;0;0;0;1;0;0;0;1;0;254;;163;50;30;73
814.19;1434;15;15;0;2.37;74;0;50;20;0;51;5;0.3;1.0;1.0;0;0;207;0;20;1.88;0.0;1.32;2.8;345;128;14.7;13.11;0.892;0;1;0;0;0;1;0;0;0;1;0;253;;161;50;30;76
814.59;1383;15;15;0;2.33;73;0;50;20;0;51;4;0.3;1.0;1.0;0;0;207;0;20;1.88;0.0;1.3;2.7;345;128;14.7;13.11;0.892;0;1;0;0;0;1;0;0;0;1;0;252;;162;50;29;74
814.99;1268;14;14;0;2.23;73;0;50;20;0;51;4;0.29;1.0;1.0;0;0;207;0;20;1.75;0.0;1.26;2.4;345;128;14.7;13.11;0.892;0;1;0;0;0;1;0;0;0;1;0;254;;162;50;28;76
815.4;1178;14;14;0;2.22;74;0;50;20;0;51;3;0.28;1.0;1.0;0;0;207;0;20;1.75;0.0;1.26;2.2;345;128;14.7;12.91;0.878;0;1;0;0;0;1;0;0;0;1;0;259;;161;50;27;76
815.81;1114;14;14;0;2.27;74;0;50;20;0;52;3;0.29;1.0;1.0;0;0;207;0;20;1.75;0.0;1.28;2.1;345;128;14.7;12.91;0.878;0;1;0;0;0;1;0;0;0;1;0;264;;161;50;28;77
816.22;1050;16;16;0;2.42;74;0;50;20;0;54;3;0.31;1.0;1.0;0;0;207;0;20;2.0;0.0;1.34;2.1;345;128;14.7;13.51;0.919;0;1;0;0;0;1;0;0;0;1;0;277;;161;50;26;81
816.61;1012;43;43;18;4.95;74;0;41;29;0;81;10;0.55;1.0;1.0;0;0;207;0;29;5.38;10.5;2.35;4.2;345;128;14.7;13.51;0.919;0;1;0;0;0;0;0;0;0;1;0;484;;160;50;25;108
817.02;2062;58;58;19;6.32;74;0;35;35;0;85;26;0.67;1.0;1.0;0;0;207;0;35;7.25;11.0;2.9;10.9;345;128;14.82;13.51;0.912;0;1;0;0;0;0;0;0;0;1;0;510;;160;50;24;141
817.43;2088;61;61;21;6.7;74;0;37;33;0;87;28;0.7;1.0;1.0;0;0;208;0;33;7.62;12.2;3.05;11.7;345;128;14.04;14.51;1.033;0;1;0;0;0;0;0;0;0;1;0;527;;161;50;23;146
817.83;2139;67;67;26;7.48;75;0;41;29;0;91;32;0.73;1.0;1.0;0;0;208;0;29;8.38;15.1;3.37;13.3;345;128;14.04;14.51;1.033;0;1;0;0;0;0;0;0;0;1;0;561;;159;50;26;148
818.23;2408;80;80;41;9.05;76;0;47;23;0;102;43;0.77;1.0;1.0;0;0;208;0;23;10.0;23.8;4.0;18.2;345;128;13.54;12.01;0.887;0;1;0;0;0;0;0;0;0;1;0;639;;157;50;26;152
818.62;2754;73;73;41;8.1;76;0;43;26;0;102;44;0.7;1.0;1.0;0;0;208;0;27;9.12;23.8;3.62;18.6;345;128;14.04;12.01;0.855;0;1;0;0;0;0;0;0;0;1;0;636;;157;50;27;153
818.84;2779;72;72;41;7.98;77;0;42;28;0;102;44;0.7;1.0;1.0;0;0;208;0;28;9.0;23.8;3.58;18.5;345;128;14.04;12.01;0.855;0;1;0;0;0;0;0;0;0;1;0;640;;156;50;23;153
819.24;2715;58;58;24;6.37;76;0;32;38;0;91;35;0.64;1.0;1.0;0;0;208;0;38;7.25;14.0;2.93;14.4;345;128;14.59;10.01;0.686;0;1;0;0;0;0;0;0;0;1;0;556;;158;50;25;148
819.63;2036;13;13;0;2.13;75;0;37;25;0;48;6;0.27;1.0;1.0;0;0;208;0;33;1.62;0.0;1.23;3.6;345;128;14.82;10.01;0.675;0;1;0;0;0;1;0;0;0;1;0;239;;159;50;30;52
820.03;1204;17;17;1;2.52;74;0;62;20;0;54;4;0.33;1.0;1.0;0;0;208;0;8;2.12;0.6;1.38;2.5;345;128;14.7;10.01;0.681;0;1;0;0;0;1;0;0;0;1;0;278;;160;50;26;81
820.45;1780;33;33;5;3.97;72;0;28;42;0;65;13;0.5;1.0;1.0;0;0;208;0;42;4.12;2.9;1.95;5.9;345;128;14.7;14.01;0.953;0;1;0;0;0;0;0;0;0;1;0;364;;163;50;0;89
820.84;1652;26;26;5;3.36;73;0;30;41;0;60;9;0.45;1.0;1.0;0;0;208;0;40;3.25;2.9;1.71;4.6;345;128;14.7;14.01;0.953;0;1;0;0;0;0;0;0;0;1;0;325;;162;50;27;82
821.25;1562;17;17;0;2.53;73;0;41;20;0;53;6;0.34;1.0;1.0;0;0;208;0;29;2.12;0.0;1.38;3.3;345;128;14.7;12.71;0.865;0;1;0;0;0;1;0;0;0;1;0;273;;162;50;28;81
821.64;1101;20;20;0;2.81;73;0;53;20;0;57;5;0.36;1.0;1.0;0;0;208;0;17;2.5;0.0;1.49;2.6;345;128;14.7;12.71;0.865;0;1;0;0;0;1;0;0;0;1;0;303;;162;50;21;84
822.05;1550;28;28;2;3.5;72;0;30;40;0;61;9;0.45;1.0;1.0;0;0;208;0;40;3.5;1.2;1.76;4.5;345;128;14.7;12.71;0.865;0;1;0;0;0;0;0;0;0;1;0;334;;163;50;8;85
822.45;1319;16;16;0;2.43;73;0;51;20;0;53;5;0.32;1.0;1.0;0;0;208;0;19;2.0;0.0;1.34;2.7;345;128;14.7;12.31;0.837;0;1;0;0;0;1;0;0;0;1;0;273;;162;50;29;78
822.86;1204;20;20;0;2.76;73;0;51;20;0;56;5;0.36;1.0;1.0;0;0;208;0;19;2.5;0.0;1.47;2.8;345;128;14.7;12.31;0.837;0;1;0;0;0;1;0;0;0;1;0;293;;162;50;8;83
823.27;1165;17;17;0;2.52;72;0;50;20;0;54;4;0.33;1.0;1.0;0;0;208;0;20;2.12;0.0;1.37;2.4;345;128;14.7;13.81;0.939;0;1;0;0;0;1;0;0;0;1;0;277;;163;50;15;81
823.68;1255;18;18;0;2.58;73;0;50;20;0;54;4;0.34;1.0;1.0;0;0;208;0;20;2.25;0.0;1.4;2.7;345;128;14.7;13.81;0.939;0;1;0;0;0;1;0;0;0;1;0;280;;162;50;27;82
824.08;1165;17;17;0;2.51;73;0;50;20;0;54;4;0.33;1.0;1.0;0;0;208;0;20;2.12;0.0;1.37;2.4;345;128;14.7;13.81;0.939;0;1;0;0;0;1;0;0;0;1;0;281;;162;50;26;82
824.27;1037;16;16;0;2.45;74;0;50;20;0;54;4;0.31;1.0;1.0;0;0;208;0;20;2.0;0.0;1.35;2.1;345;128;14.7;13.81;0.939;0;1;0;0;0;1;0;0;0;1;0;281;;160;50;26;82
824.67;1319;18;18;0;2.63;73;0;50;20;0;54;5;0.34;1.0;1.0;0;0;208;0;20;2.25;0.0;1.42;2.9;345;128;14.7;13.81;0.939;0;1;0;0;0;1;0;0;0;1;0;279;;162;50;25;81
825.08;1511;13;13;0;2.17;74;0;54;20;0;49;4;0.28;1.0;1.0;0;0;208;0;16;1.62;0.0;1.24;2.7;345;128;14.7;13.81;0.939;0;1;0;0;0;1;0;0;0;1;0;247;;161;50;27;76
825.48;1165;15;15;0;2.37;74;0;58;20;0;52;4;0.3;1.0;1.0;0;0;208;0;12;1.88;0.0;1.32;2.3;345;128;14.7;13.22;0.899;0;1;0;0;0;1;0;0;0;1;0;267;;161;50;9;145
825.88;1319;14;14;0;2.27;74;0;50;20;0;50;4;0.28;1.0;1.0;0;0;208;0;20;1.75;0.0;1.28;2.5;345;128;14.7;13.22;0.899;0;1;0;0;0;1;0;0;0;1;0;251;;161;50;0;75
826.27;1345;14;14;0;2.21;73;0;50;20;0;50;4;0.28;1.0;1.0;0;0;208;0;20;1.75;0.0;1.25;2.5;345;128;14.7;13.51;0.919;0;1;0;0;0;1;0;0;0;1;0;251;;161;50;20;38
826.69;1229;14;14;0;2.26;73;0;50;20;0;51;4;0.29;1.0;1.0;0;0;208;0;20;1.75;0.0;1.27;2.3;345;128;14.7;13.51;0.919;0;1;0;0;0;1;0;0;0;1;0;257;;162;50;24;76
827.08;2024;79;79;23;9.38;75;0;51;21;0;94;32;0.77;1.0;1.0;0;0;208;0;19;9.88;13.4;4.13;15.8;345;128;13.07;13.51;1.034;0;1;0;0;0;0;0;0;0;1;0;583;;159;50;12;149
827.5;2190;57;57;23;6.22;74;0;33;37;0;86;28;0.67;1.0;1.0;0;0;208;0;37;7.12;13.4;2.86;11.4;345;128;14.82;14.51;0.979;0;1;0;0;0;0;0;0;0;1;0;522;;160;50;22;113
827.88;2472;70;70;38;7.63;75;0;40;30;0;98;38;0.7;1.0;1.0;0;0;208;0;30;8.75;22.1;3.43;15.7;345;128;14.04;14.51;1.033;0;1;0;0;0;0;0;0;0;1;0;609;;159;50;8;146
828.29;2549;81;81;54;9.17;76;0;49;21;0;105;48;0.79;1.0;1.0;0;0;208;0;21;10.12;31.4;4.05;19.5;345;128;13.54;12.61;0.931;0;1;0;0;0;0;0;0;0;1;0;661;;157;50;22;154
828.7;2664;81;81;56;9.17;78;0;47;22;1;106;49;0.77;1.0;1.0;0;0;208;0;23;10.12;32.6;4.06;20.4;345;128;13.54;12.61;0.931;0;1;0;0;0;0;0;0;0;1;0;673;;155;50;24;73
829.12;2766;82;82;56;9.28;77;0;48;21;1;108;51;0.75;1.0;1.0;0;0;208;0;22;10.25;32.6;4.1;21.4;345;128;13.54;12.61;0.931;0;1;0;0;0;0;0;0;0;1;0;684;;156;50;25;146
829.51;2856;80;80;56;9.18;77;0;48;21;1;108;51;0.73;1.0;1.0;0;0;208;0;22;10.0;32.6;4.06;21.8;345;128;13.54;12.71;0.939;0;1;0;0;0;0;0;0;0;1;0;691;;156;50;25;154
829.92;2856;80;80;56;9.08;77;0;48;21;1;109;51;0.73;1.0;1.0;0;0;208;0;22;10.0;32.6;4.02;21.6;345;128;13.54;12.71;0.939;0;1;0;0;0;0;0;0;0;1;0;697;;156;50;25;154
830.11;2830;81;81;56;9.16;79;0;48;21;1;110;52;0.74;1.0;1.0;0;0;208;0;22;10.12;32.6;4.06;21.6;345;128;13.54;12.71;0.939;0;1;0;0;0;0;0;0;0;1;0;702;;153;50;25;156
830.51;2805;73;73;39;8.22;80;0;41;28;1;104;47;0.71;1.0;1.0;0;0;208;0;29;9.12;22.7;3.69;19.2;345;128;14.04;13.01;0.927;0;1;0;0;0;0;0;0;0;1;0;658;;155;50;26;153
830.92;2779;62;62;33;6.82;78;0;35;35;0;96;39;0.65;1.0;1.0;0;0;208;0;35;7.75;19.2;3.12;15.8;345;128;14.59;13.01;0.892;0;1;0;0;0;0;0;0;0;1;0;598;;155;50;24;152
831.32;2882;61;61;33;6.71;77;0;34;36;0;95;39;0.63;1.0;1.0;0;0;208;0;36;7.62;19.2;3.07;16.1;345;128;14.59;14.61;1.001;0;1;0;0;0;0;0;0;0;1;0;591;;156;50;17;51
831.71;2856;55;55;27;6.17;78;0;30;40;0;88;35;0.62;1.0;1.0;0;0;208;0;40;6.88;15.7;2.86;14.7;345;128;14.59;14.61;1.001;0;1;0;0;0;0;0;0;0;1;0;538;;156;50;22;114
832.13;2587;53;53;27;5.9;78;0;29;41;0;87;31;0.62;1.0;1.0;0;0;208;0;41;6.62;15.7;2.75;12.7;345;128;14.82;14.61;0.986;0;1;0;0;0;0;0;0;0;1;0;527;;155;50;24;106
832.54;2408;62;62;27;6.82;76;0;35;35;0;92;33;0.66;1.0;1.0;0;0;208;0;35;7.75;15.7;3.11;13.7;345;128;14.82;14.21;0.959;0;1;0;0;0;0;0;0;0;1;0;564;;157;51;21;109
832.93;2369;64;64;27;6.87;76;0;37;34;0;94;34;0.69;1.0;1.0;0;0;208;0;33;8.0;15.7;3.13;13.6;345;128;14.82;14.21;0.959;0;1;0;0;0;0;0;0;0;1;0;578;;157;51;27;149
833.33;2446;63;63;27;6.8;76;0;35;35;0;94;34;0.66;1.0;1.0;0;0;208;0;35;7.88;15.7;3.1;13.9;345;128;14.82;14.21;0.959;0;1;0;0;0;0;0;0;0;1;0;577;;157;51;27;149
833.74;2472;61;61;27;6.61;77;0;35;35;0;92;33;0.65;1.0;1.0;0;0;208;0;35;7.62;15.7;3.03;13.6;345;128;14.82;14.21;0.959;0;1;0;0;0;0;0;0;0;1;0;568;;156;51;26;148
834.14;2331;60;60;27;6.63;77;0;34;36;0;91;32;0.68;1.0;1.0;0;0;208;0;36;7.5;15.7;3.04;12.9;345;128;14.82;14.21;0.959;0;1;0;0;0;0;0;0;0;1;0;559;;156;51;27;141
834.53;2113;50;50;20;5.55;76;0;29;41;0;81;24;0.63;1.0;1.0;0;0;208;0;41;6.25;11.6;2.6;9.8;345;128;14.82;13.21;0.891;0;1;0;0;0;0;0;0;0;1;0;481;;158;51;31;107
834.94;2190;52;52;20;5.72;76;0;30;40;0;82;26;0.63;1.0;1.0;0;0;208;0;40;6.5;11.6;2.67;10.4;345;128;14.82;13.21;0.891;0;1;0;0;0;0;0;0;0;1;0;489;;158;51;30;102
835.34;2164;51;51;20;5.68;75;0;30;40;0;82;25;0.63;1.0;1.0;0;0;208;0;40;6.38;11.6;2.65;10.2;345;128;14.82;13.31;0.898;0;1;0;0;0;0;0;0;0;1;0;490;;159;51;31;102
835.54;2536;83;83;51;9.7;76;0;48;22;0;105;47;0.79;1.0;1.0;0;0;208;0;22;10.38;29.7;4.26;20.5;345;128;13.54;13.31;0.983;0;1;0;0;0;0;0;0;0;1;0;661;;157;51;31;154
835.96;2766;84;84;67;9.85;76;0;49;21;0;109;52;0.76;1.0;1.0;0;0;208;0;21;10.5;39.0;4.32;22.7;345;128;13.54;13.31;0.983;0;1;0;0;0;0;0;0;0;1;0;697;;158;51;34;146
836.35;2741;85;85;67;10;76;0;50;20;0;111;53;0.77;1.0;1.0;0;0;208;0;20;10.62;39.0;4.39;22.9;345;128;13.54;11.91;0.88;0;1;0;0;0;0;0;0;0;1;0;710;;157;51;34;105
836.76;2779;80;80;47;9.22;76;0;48;21;1;108;51;0.75;1.0;1.0;0;0;208;0;22;10.0;27.3;4.07;21.4;345;128;13.54;11.91;0.88;0;1;0;0;0;0;0;0;0;1;0;686;;158;50;35;53
837.17;2318;35;35;13;4.17;74;0;22;47;1;70;18;0.51;1.0;1.0;0;0;208;0;48;4.38;7.6;2.04;8.1;345;128;14.93;11.91;0.798;0;1;0;0;0;0;0;0;0;1;0;402;;160;50;39;90
837.58;2280;35;35;13;4.17;74;0;23;47;0;69;17;0.5;1.0;1.0;0;0;208;0;47;4.38;7.6;2.04;7.9;345;128;14.93;13.41;0.898;0;1;0;0;0;0;0;0;0;1;0;395;;161;50;36;91
837.97;2305;39;39;13;4.5;74;0;23;47;0;73;19;0.53;1.0;1.0;0;0;208;0;47;4.88;7.6;2.17;8.6;345;128;14.93;13.41;0.898;0;1;0;0;0;0;0;0;0;1;0;420;;161;50;32;101
838.37;2267;45;45;17;5.05;74;0;27;43;0;78;23;0.59;1.0;1.0;0;0;208;0;43;5.62;9.9;2.39;9.5;345;128;14.93;14.51;0.972;0;1;0;0;0;0;0;0;0;1;0;458;;161;50;25;106
838.78;2228;35;35;13;4.17;74;0;23;47;0;69;17;0.51;1.0;1.0;0;0;208;0;47;4.38;7.6;2.04;7.7;345;128;14.82;14.51;0.979;0;1;0;0;0;0;0;0;0;1;0;391;;161;50;35;92
839.18;2100;35;35;14;4.2;74;0;24;46;0;70;17;0.52;1.0;1.0;0;0;208;0;46;4.38;8.1;2.05;7.3;345;128;14.82;14.51;0.979;0;1;0;0;0;0;0;0;0;1;0;396;;161;50;32;52
839.58;2408;79;79;45;8.77;76;0;46;24;0;102;43;0.77;1.0;1.0;0;0;208;0;24;9.88;26.2;3.89;17.6;345;128;13.54;13.61;1.005;0;1;0;0;0;0;0;0;0;1;0;640;;158;50;28;150
840.0;2638;75;75;45;8.42;76;0;45;25;0;103;46;0.74;1.0;1.0;0;0;208;0;25;9.38;26.2;3.75;18.5;345;128;14.04;13.61;0.969;0;1;0;0;0;0;0;0;0;1;0;650;;158;50;34;153
840.38;2754;72;72;40;8.07;76;0;43;27;0;102;44;0.7;1.0;1.0;0;0;208;0;27;9.0;23.3;3.61;18.5;345;128;14.04;13.41;0.955;0;1;0;0;0;0;0;0;0;1;0;638;;157;50;34;153
840.79;2613;61;61;28;6.6;76;0;34;36;0;93;36;0.65;1.0;1.0;0;0;208;0;36;7.62;16.3;3.02;14.4;345;128;14.82;13.41;0.905;0;1;0;0;0;0;0;0;0;1;0;574;;158;50;32;76
841.2;2113;16;16;0;2.42;74;0;33;25;0;52;7;0.32;1.0;1.0;0;0;208;0;37;2.0;0.0;1.34;4.3;345;128;14.82;13.41;0.905;0;1;0;0;0;1;0;0;0;1;0;262;;161;50;41;75
841.39;1780;14;14;0;2.2;74;0;64;20;0;49;5;0.29;1.0;1.0;0;0;208;0;6;1.75;0.0;1.25;3.3;345;128;14.7;13.12;0.893;0;1;0;0;0;1;0;0;0;1;0;243;;161;50;35;75
841.79;1537;16;16;0;2.37;72;0;70;20;0;51;5;0.31;1.0;1.0;0;0;208;0;0;2.0;0.0;1.31;3.0;345;128;14.7;13.12;0.893;0;1;0;0;0;1;0;0;0;1;0;253;;163;50;1;76
842.2;1588;19;19;0;2.68;71;0;70;20;0;54;6;0.37;1.0;1.0;0;0;208;0;0;2.38;0.0;1.43;3.5;345;128;14.7;13.12;0.893;0;1;0;0;0;1;0;0;0;1;0;281;;165;50;0;82
842.61;1601;30;30;5;3.66;71;0;30;40;0;63;10;0.48;1.0;1.0;0;0;208;0;40;3.75;2.9;1.82;4.9;345;128;14.7;13.12;0.893;0;1;0;0;0;0;0;0;0;1;0;350;;164;50;0;89
843.0;1895;27;27;5;3.41;71;0;25;46;0;62;12;0.45;1.0;1.0;0;0;208;0;45;3.38;2.9;1.72;5.4;345;128;14.82;13.12;0.885;0;1;0;0;0;0;0;0;0;1;0;339;;164;50;12;86
843.4;1972;28;28;6;3.5;74;0;24;46;0;62;12;0.44;1.0;1.0;0;0;208;0;46;3.5;3.5;1.77;5.8;345;128;14.82;14.51;0.979;0;1;0;0;0;0;0;0;0;1;0;342;;162;50;16;57
843.81;1857;29;29;15;3.63;73;0;26;44;0;64;12;0.48;1.0;1.0;0;0;208;0;44;3.62;8.7;1.82;5.6;345;128;14.82;14.51;0.979;0;1;0;0;0;0;0;0;0;1;0;352;;162;50;24;89
844.22;2638;85;85;141;10;76;0;49;21;0;108;51;0.8;1.0;1.0;0;0;208;0;21;10.62;82.0;4.44;22.3;345;128;13.54;14.51;1.072;0;1;0;0;0;0;0;0;0;1;0;685;;157;50;37;76
844.62;3189;78;78;140;8.77;76;0;46;23;1;109;56;0.72;1.0;1.0;0;0;208;0;24;9.75;81.4;3.89;23.3;345;128;13.63;14.01;1.028;0;1;0;0;0;0;0;0;0;1;0;696;;157;50;31;146
845.01;3266;85;85;139;9.76;77;0;49;21;0;113;62;0.74;1.0;1.0;0;0;208;0;21;10.62;80.8;4.29;26.6;345;128;13.63;14.01;1.028;0;1;0;0;0;0;0;0;0;1;0;722;;156;50;33;163
845.43;3086;54;54;12;6.16;77;0;35;35;0;83;39;0.62;1.0;1.0;0;0;208;0;35;6.75;7.0;2.85;15.8;345;128;14.59;9.31;0.638;0;1;0;0;0;0;0;0;0;1;0;500;;156;50;36;141
845.82;1895;12;12;0;2.02;74;0;49;22;0;47;5;0.27;1.0;1.0;0;0;208;0;21;1.5;0.0;1.18;3.2;345;128;14.82;9.31;0.628;0;1;0;0;0;1;0;0;0;1;0;228;;159;50;31;38
846.21;1537;15;15;0;2.37;74;0;70;20;0;51;5;0.31;1.0;1.0;0;0;208;0;0;1.88;0.0;1.32;3.0;345;128;14.7;9.31;0.633;0;1;0;0;0;1;0;0;0;1;0;253;;161;50;11;43
846.63;1447;17;17;0;2.52;72;0;70;20;0;53;5;0.34;1.0;1.0;0;0;208;0;0;2.12;0.0;1.37;3.0;345;128;14.7;9.31;0.633;0;1;0;0;0;1;0;0;0;1;0;272;;163;50;0;38
847.02;1281;16;16;0;2.46;73;0;70;20;0;53;5;0.32;1.0;1.0;0;0;208;0;0;2.0;0.0;1.35;2.6;345;128;14.7;9.31;0.633;0;1;0;0;0;1;0;0;0;1;0;272;;163;50;0;81
847.24;1281;16;16;0;2.42;72;0;63;20;0;53;4;0.32;1.0;1.0;0;0;208;0;7;2.0;0.0;1.33;2.6;345;128;14.7;9.31;0.633;0;1;0;0;0;1;0;0;0;1;0;268;;163;50;0;77
847.64;1383;15;15;0;2.28;73;0;55;20;0;51;4;0.3;1.0;1.0;0;0;208;0;15;1.88;0.0;1.28;2.6;345;128;14.7;14.31;0.973;0;1;0;0;0;1;0;0;0;1;0;259;;162;50;17;76
848.05;1255;14;14;0;2.23;73;0;50;20;0;51;4;0.29;1.0;1.0;0;0;208;0;20;1.75;0.0;1.26;2.3;345;128;14.7;14.31;0.973;0;1;0;0;0;1;0;0;0;1;0;252;;162;50;36;74
848.44;1332;14;14;0;2.3;74;0;50;20;0;51;4;0.3;1.0;1.0;0;0;208;0;20;1.75;0.0;1.29;2.6;345;128;14.7;13.01;0.885;0;1;0;0;0;1;0;0;0;1;0;253;;160;50;37;76
848.85;1281;22;22;5;3.0;74;0;35;35;0;58;6;0.39;1.0;1.0;0;0;208;0;35;2.75;2.9;1.57;3.2;345;128;14.7;13.01;0.885;0;1;0;0;0;0;0;0;0;1;0;314;;160;50;35;84
849.25;1703;36;36;8;4.23;73;0;27;43;0;68;14;0.53;1.0;1.0;0;0;208;0;43;4.5;4.7;2.06;6.0;345;128;14.7;13.01;0.885;0;1;0;0;0;0;0;0;0;1;0;386;;162;50;28;92
849.65;1729;39;39;10;4.55;74;0;29;41;0;71;15;0.55;1.0;1.0;0;0;208;0;41;4.88;5.8;2.19;6.6;345;128;14.7;13.91;0.946;0;1;0;0;0;0;0;0;0;1;0;407;;161;50;31;101
850.06;1268;15;15;0;2.31;73;0;52;20;0;52;4;0.3;1.0;1.0;0;0;208;0;18;1.88;0.0;1.29;2.4;345;128;14.7;13.91;0.946;0;1;0;0;0;1;0;0;0;1;0;267;;162;50;39;77
850.47;1204;19;19;0;2.67;72;0;53;20;0;55;5;0.34;1.0;1.0;0;0;208;0;17;2.38;0.0;1.43;2.7;345;128;14.7;17.21;1.171;0;1;0;0;0;1;0;0;0;1;0;286;;163;50;8;82
850.86;1486;43;43;11;4.91;71;0;34;36;0;75;14;0.56;1.0;1.0;0;0;208;0;36;5.38;6.4;2.32;6.1;345;128;14.7;17.21;1.171;0;1;0;0;0;0;0;0;0;1;0;440;;164;50;22;104
851.26;1870;43;43;12;4.93;73;0;29;41;0;75;17;0.57;1.0;1.0;0;0;208;0;41;5.38;7.0;2.34;7.7;345;128;14.82;17.21;1.161;0;1;0;0;0;0;0;0;0;1;0;439;;162;50;13;104
851.66;1831;47;47;14;5.23;73;0;31;39;0;79;19;0.59;1.0;1.0;0;0;208;0;39;5.88;8.1;2.46;8.0;345;128;14.7;14.71;1.001;0;1;0;0;0;0;0;0;0;1;0;468;;162;50;2;106
852.06;1947;49;49;14;5.46;73;0;29;41;0;80;21;0.62;1.0;1.0;0;0;208;0;41;6.12;8.1;2.55;8.9;345;128;14.82;14.71;0.993;0;1;0;0;0;0;0;0;0;1;0;472;;161;50;8;76
852.48;1819;39;39;11;4.55;74;0;27;43;0;71;16;0.55;1.0;1.0;0;0;208;0;43;4.88;6.4;2.19;6.9;345;128;14.7;13.41;0.912;0;1;0;0;0;0;0;0;0;1;0;410;;161;50;31;100
852.89;1729;39;39;10;4.57;74;0;29;41;0;71;15;0.55;1.0;1.0;0;0;208;0;41;4.88;5.8;2.2;6.6;345;128;14.7;13.41;0.912;0;1;0;0;0;0;0;0;0;1;0;405;;161;50;34;101
853.07;1306;17;17;0;2.51;73;0;45;20;0;54;5;0.34;1.0;1.0;0;0;208;0;25;2.12;0.0;1.37;2.7;345;128;14.7;13.41;0.912;0;1;0;0;0;1;0;0;0;1;0;276;;162;50;38;81
853.48;1153;20;20;0;2.78;73;0;51;20;0;56;5;0.35;1.0;1.0;0;0;208;0;19;2.5;0.0;1.48;2.7;345;128;14.7;16.21;1.103;0;1;0;0;0;1;0;0;0;1;0;296;;162;50;23;83
853.89;1268;32;32;5;3.87;72;0;33;37;0;66;9;0.49;1.0;1.0;0;0;208;0;37;4.0;2.9;1.91;4.1;345;128;14.7;16.21;1.103;0;1;0;0;0;0;0;0;0;1;0;373;;163;50;26;85
854.28;1537;34;34;5;4.11;73;0;30;40;0;67;11;0.52;1.0;1.0;0;0;208;0;40;4.25;2.9;2.01;5.3;345;128;14.7;16.21;1.103;0;1;0;0;0;0;0;0;0;1;0;376;;162;50;32;90
854.68;1486;31;31;5;3.82;72;0;31;40;0;64;10;0.49;1.0;1.0;0;0;208;0;39;3.88;2.9;1.89;4.7;345;128;14.7;13.01;0.885;0;1;0;0;0;0;0;0;0;1;0;355;;163;50;35;89
855.09;1447;34;34;5;4.11;73;0;31;38;0;68;11;0.52;1.0;1.0;0;0;208;0;39;4.25;2.9;2.01;5.0;345;128;14.7;13.01;0.885;0;1;0;0;0;0;0;0;0;1;0;384;;162;50;31;91
855.49;1562;49;49;15;5.52;74;0;35;36;0;81;17;0.6;1.0;1.0;0;0;208;0;35;6.12;8.7;2.58;7.2;345;128;14.7;14.61;0.994;0;1;0;0;0;0;0;0;0;1;0;483;;161;50;31;107
855.9;1934;51;51;16;5.67;74;0;33;37;0;82;22;0.63;1.0;1.0;0;0;208;0;37;6.38;9.3;2.64;9.1;345;128;14.82;14.61;0.986;0;1;0;0;0;0;0;0;0;1;0;491;;161;50;29;108
856.31;1934;51;51;17;5.67;74;0;31;39;0;82;22;0.63;1.0;1.0;0;0;208;0;39;6.38;9.9;2.64;9.1;345;128;14.82;14.61;0.986;0;1;0;0;0;0;0;0;0;1;0;489;;160;50;25;108
856.7;1998;52;52;17;5.75;74;0;32;38;0;82;23;0.63;1.0;1.0;0;0;208;0;38;6.5;9.9;2.67;9.6;345;128;14.82;14.61;0.986;0;1;0;0;0;0;0;0;0;1;0;491;;161;50;27;108
857.1;1934;52;52;17;5.72;74;0;34;36;0;82;22;0.63;1.0;1.0;0;0;208;0;36;6.5;9.9;2.66;9.2;345;128;14.82;14.61;0.986;0;1;0;0;0;0;0;0;0;1;0;490;;160;50;27;108
857.51;1857;51;51;17;5.65;74;0;33;37;0;82;21;0.63;1.0;1.0;0;0;208;0;37;6.38;9.9;2.63;8.7;345;128;14.82;13.71;0.925;0;1;0;0;0;0;0;0;0;1;0;493;;160;50;29;108
857.91;1729;37;37;8;4.41;75;0;29;41;0;69;14;0.54;1.0;1.0;0;0;208;0;41;4.62;4.7;2.14;6.4;345;128;14.7;13.71;0.933;0;1;0;0;0;0;0;0;0;1;0;392;;159;50;32;99
858.32;1345;29;29;5;3.61;73;0;30;40;0;64;9;0.48;1.0;1.0;0;0;208;0;40;3.62;2.9;1.81;4.0;345;128;14.7;12.91;0.878;0;1;0;0;0;0;0;0;0;1;0;353;;162;50;35;89
858.51;1498;36;36;5;4.25;74;0;32;38;0;68;11;0.52;1.0;1.0;0;0;208;0;38;4.5;2.9;2.07;5.3;345;128;14.7;12.91;0.878;0;1;0;0;0;0;0;0;0;1;0;386;;161;50;34;91
858.92;1562;40;40;6;4.61;73;0;32;39;0;71;13;0.55;1.0;1.0;0;0;208;0;38;5.0;3.5;2.21;6.0;345;128;14.7;12.91;0.878;0;1;0;0;0;0;0;0;0;1;0;406;;162;50;31;100
859.31;1550;38;38;8;4.47;74;0;32;38;0;71;13;0.54;1.0;1.0;0;0;208;0;38;4.75;4.7;2.16;5.8;345;128;14.7;14.01;0.953;0;1;0;0;0;0;0;0;0;1;0;410;;162;50;31;101
859.71;1550;42;42;12;4.87;74;0;33;37;0;76;15;0.58;1.0;1.0;0;0;208;0;37;5.25;7.0;2.32;6.3;345;128;14.7;14.01;0.953;0;1;0;0;0;0;0;0;0;1;0;445;;162;50;29;53
860.11;1985;68;68;23;7.65;74;0;43;27;0;92;30;0.74;1.0;1.0;0;0;208;0;27;8.5;13.4;3.43;12.7;345;128;14.04;14.01;0.998;0;1;0;0;0;0;0;0;0;1;0;564;;161;50;15;141
860.53;2113;64;64;23;7.1;74;0;38;32;0;90;30;0.72;1.0;1.0;0;0;208;0;32;8.0;13.4;3.21;12.5;345;128;14.04;13.21;0.941;0;1;0;0;0;0;0;0;0;1;0;549;;160;50;31;140
860.92;2203;64;64;23;7.11;75;0;38;32;0;90;31;0.7;1.0;1.0;0;0;208;0;32;8.0;13.4;3.22;13.1;345;128;14.04;13.21;0.941;0;1;0;0;0;0;0;0;0;1;0;553;;159;50;31;148
861.34;2164;64;64;23;7.11;75;0;38;32;0;90;31;0.7;1.0;1.0;0;0;208;0;32;8.0;13.4;3.22;12.8;345;128;14.04;13.31;0.948;0;1;0;0;0;0;0;0;0;1;0;555;;159;50;31;73
861.75;2190;70;70;28;7.82;76;0;43;27;0;95;35;0.75;1.0;1.0;0;0;208;0;27;8.75;16.3;3.51;14.3;345;128;13.94;13.31;0.955;0;1;0;0;0;0;0;0;0;1;0;587;;158;50;31;149
862.13;2254;65;65;28;7.25;76;0;39;31;0;92;33;0.7;1.0;1.0;0;0;208;0;31;8.12;16.3;3.28;13.6;345;128;14.04;13.31;0.948;0;1;0;0;0;0;0;0;0;1;0;569;;158;50;31;148
862.55;1716;39;39;12;4.57;74;0;26;44;0;72;16;0.57;1.0;1.0;0;0;208;0;44;4.88;7.0;2.2;6.5;345;128;14.7;12.21;0.831;0;1;0;0;0;0;0;0;0;1;0;412;;160;50;34;101
862.94;2164;77;77;31;8.85;76;0;48;22;0;98;37;0.77;1.0;1.0;0;0;208;0;22;9.62;18.0;3.92;16.0;345;128;13.07;12.21;0.934;0;1;0;0;0;0;0;0;0;1;0;611;;158;50;29;150
863.35;2421;60;60;23;6.62;76;0;34;36;0;91;32;0.66;1.0;1.0;0;0;208;0;36;7.5;13.4;3.03;13.4;345;128;14.82;11.11;0.75;0;1;0;0;0;0;0;0;0;1;0;558;;158;50;32;147
863.76;1665;24;24;5;3.17;74;0;30;40;0;59;9;0.44;1.0;1.0;0;0;208;0;40;3.0;2.9;1.64;4.4;345;128;14.7;11.11;0.756;0;1;0;0;0;0;0;0;0;1;0;316;;160;50;35;85
864.15;1473;28;28;5;3.51;73;0;31;39;0;62;9;0.45;1.0;1.0;0;0;208;0;39;3.5;2.9;1.77;4.3;345;128;14.7;11.11;0.756;0;1;0;0;0;0;0;0;0;1;0;339;;162;50;35;86
864.35;1447;24;24;0;3.15;72;0;32;20;0;59;8;0.41;1.0;1.0;0;0;208;0;38;3.0;0.0;1.62;3.8;345;128;14.7;12.01;0.817;0;1;0;0;0;1;0;0;0;1;0;317;;163;50;34;85
864.75;1050;22;22;4;2.98;73;0;47;30;0;60;5;0.38;1.0;1.0;0;0;208;0;23;2.75;2.3;1.56;2.6;345;128;14.7;12.01;0.817;0;1;0;0;0;0;0;0;0;1;0;322;;161;50;34;74
865.16;1767;45;45;11;5.15;72;0;32;38;0;77;18;0.59;1.0;1.0;0;0;208;0;38;5.62;6.4;2.42;7.6;345;128;14.7;12.01;0.817;0;1;0;0;0;0;0;0;0;1;0;448;;163;50;2;105
865.57;1498;23;23;3;3.07;74;0;33;37;0;58;8;0.41;1.0;1.0;0;0;208;0;37;2.88;1.7;1.6;3.8;345;128;14.7;12.01;0.817;0;1;0;0;0;0;0;0;0;1;0;315;;161;50;33;85
865.96;1588;43;43;10;4.92;72;0;33;37;0;75;15;0.57;1.0;1.0;0;0;208;0;37;5.38;5.8;2.33;6.5;345;128;14.7;12.01;0.817;0;1;0;0;0;0;0;0;0;1;0;438;;163;50;26;102
866.36;1486;32;32;6;3.9;74;0;31;39;0;66;10;0.5;1.0;1.0;0;0;208;0;39;4.0;3.5;1.93;4.8;345;128;14.7;14.02;0.954;0;1;0;0;0;0;0;0;0;1;0;368;;160;50;32;90
866.76;1870;80;80;33;9.03;73;0;48;22;0;100;31;0.77;1.0;1.0;0;0;208;0;22;10.0;19.2;3.98;14.1;345;128;13.07;14.02;1.073;0;1;0;0;0;0;0;0;0;1;0;628;;161;50;13;102
867.16;2446;66;66;33;7.28;75;0;40;30;0;97;36;0.69;1.0;1.0;0;0;208;0;30;8.25;19.2;3.29;14.8;345;128;14.82;14.02;0.946;0;1;0;0;0;0;0;0;0;1;0;600;;159;50;31;150
867.57;2216;29;29;0;3.65;74;0;22;25;0;64;15;0.47;1.0;1.0;0;0;208;0;48;3.62;0.0;1.83;6.7;345;128;14.82;11.21;0.756;0;1;0;0;0;1;0;0;0;1;0;352;;161;49;32;89
867.97;1370;13;13;0;2.16;73;0;53;20;0;50;4;0.28;1.0;1.0;0;0;208;0;17;1.62;0.0;1.23;2.5;345;128;14.7;11.21;0.763;0;1;0;0;0;1;0;0;0;1;0;249;;162;49;33;76
868.39;1153;20;20;0;2.76;73;0;58;20;0;56;4;0.35;1.0;1.0;0;0;208;0;12;2.5;0.0;1.47;2.7;345;128;14.7;14.41;0.98;0;1;0;0;0;1;0;0;0;1;0;299;;163;49;7;40
868.78;1140;21;21;4;2.92;74;0;43;32;0;58;5;0.38;1.0;1.0;0;0;208;0;27;2.62;2.3;1.54;2.8;345;128;14.7;14.41;0.98;0;1;0;0;0;0;0;0;0;1;0;313;;161;49;23;85
869.18;1562;43;43;9;4.93;71;0;34;36;0;75;15;0.57;1.0;1.0;0;0;208;0;36;5.38;5.2;2.33;6.4;345;128;14.7;14.41;0.98;0;1;0;0;0;0;0;0;0;1;0;438;;164;49;20;104
869.6;1486;24;24;3;3.12;72;0;32;38;0;59;8;0.42;1.0;1.0;0;0;208;0;38;3.0;1.7;1.61;3.9;345;128;14.7;12.01;0.817;0;1;0;0;0;0;0;0;0;1;0;319;;163;49;32;85
869.99;1255;28;28;3;3.52;74;0;36;34;0;63;7;0.46;1.0;1.0;0;0;208;0;34;3.5;1.7;1.78;3.7;345;128;14.7;12.01;0.817;0;1;0;0;0;0;0;0;0;1;0;345;;159;49;33;41
870.2;1217;31;31;3;3.83;73;0;34;36;0;66;8;0.48;1.0;1.0;0;0;208;0;36;3.88;1.7;1.9;3.9;345;128;14.7;12.01;0.817;0;1;0;0;0;0;0;0;0;1;0;368;;162;49;29;90
870.6;1498;46;46;10;5.17;74;0;34;36;0;78;14;0.59;1.0;1.0;0;0;208;0;36;5.75;5.8;2.44;6.5;345;128;14.7;14.41;0.98;0;1;0;0;0;0;0;0;0;1;0;458;;161;49;16;106
871.0;1396;35;35;8;4.21;73;0;33;37;0;69;11;0.52;1.0;1.0;0;0;208;0;37;4.38;4.7;2.05;4.9;345;128;14.7;14.41;0.98;0;1;0;0;0;0;0;0;0;1;0;388;;163;49;28;41
871.4;1588;65;65;21;7.08;73;0;41;29;0;91;22;0.7;1.0;1.0;0;0;208;0;29;8.12;12.2;3.2;9.4;345;128;14.04;14.01;0.998;0;1;0;0;0;0;0;0;0;1;0;561;;162;49;18;148
871.81;2062;68;68;25;7.65;74;0;42;28;0;92;32;0.75;1.0;1.0;0;0;208;0;28;8.5;14.5;3.43;13.1;345;128;14.04;14.01;0.998;0;1;0;0;0;0;0;0;0;1;0;568;;160;49;29;149
872.21;2152;68;68;25;7.56;75;0;42;28;0;92;32;0.73;1.0;1.0;0;0;208;0;28;8.5;14.5;3.4;13.6;345;128;14.04;14.01;0.998;0;1;0;0;0;0;0;0;0;1;0;566;;159;49;30;148
872.62;1998;58;58;22;6.41;75;0;37;35;0;86;27;0.68;1.0;1.0;0;0;208;0;33;7.25;12.8;2.94;10.7;345;128;14.82;12.71;0.858;0;1;0;0;0;0;0;0;0;1;0;518;;159;49;31;114
873.03;1895;52;52;19;5.77;74;0;33;37;0;82;23;0.63;1.0;1.0;0;0;208;0;37;6.5;11.0;2.68;9.1;345;128;14.82;12.71;0.858;0;1;0;0;0;0;0;0;0;1;0;493;;160;49;30;108
873.42;1870;54;54;19;5.93;75;0;33;37;0;83;23;0.65;1.0;1.0;0;0;208;0;37;6.75;11.0;2.75;9.2;345;128;14.82;13.71;0.925;0;1;0;0;0;0;0;0;0;1;0;499;;159;49;27;109
873.83;1883;60;60;22;6.61;75;0;37;32;0;87;26;0.7;1.0;1.0;0;0;208;0;33;7.5;12.8;3.02;10.4;345;128;14.82;13.71;0.925;0;1;0;0;0;0;0;0;0;1;0;530;;159;49;27;145
874.24;2216;73;73;30;8.15;76;0;45;25;0;97;37;0.76;1.0;1.0;0;0;208;0;25;9.12;17.4;3.64;15.1;345;128;13.94;13.71;0.984;0;1;0;0;0;0;0;0;0;1;0;605;;156;49;30;57
874.63;2433;66;66;31;7.13;77;0;38;32;0;96;36;0.68;1.0;1.0;0;0;208;0;32;8.25;18.0;3.24;14.5;345;128;14.82;14.41;0.972;0;1;0;0;0;0;0;0;0;1;0;597;;156;49;28;150
875.04;2369;68;68;30;7.47;76;0;41;29;0;97;37;0.71;1.0;1.0;0;0;208;0;29;8.5;17.4;3.37;14.7;345;128;14.82;14.41;0.972;0;1;0;0;0;0;0;0;0;1;0;602;;157;49;28;149
875.43;2036;33;33;8;4.01;75;0;24;46;0;68;16;0.51;1.0;1.0;0;0;208;0;46;4.12;4.7;1.98;6.8;345;128;14.82;12.31;0.831;0;1;0;0;0;0;0;0;0;1;0;380;;159;49;32;91
875.63;1562;28;28;8;3.52;74;0;29;41;0;62;10;0.46;1.0;1.0;0;0;208;0;41;3.5;4.7;1.78;4.6;345;128;14.7;12.31;0.837;0;1;0;0;0;0;0;0;0;1;0;338;;160;49;33;86
876.06;1498;42;42;9;4.8;74;0;35;35;0;74;14;0.56;1.0;1.0;0;0;208;0;35;5.25;5.2;2.29;6.0;345;128;14.7;12.31;0.837;0;1;0;0;0;0;0;0;0;1;0;429;;161;49;30;101
876.45;1652;46;46;12;5.25;74;0;32;38;0;78;17;0.59;1.0;1.0;0;0;208;0;38;5.75;7.0;2.47;7.2;345;128;14.7;14.31;0.973;0;1;0;0;0;0;0;0;0;1;0;461;;160;49;27;43
876.85;1831;47;47;13;5.3;74;0;31;39;0;79;19;0.59;1.0;1.0;0;0;208;0;39;5.88;7.6;2.49;8.1;345;128;14.7;14.31;0.973;0;1;0;0;0;0;0;0;0;1;0;468;;161;49;27;42
877.25;1819;48;48;13;5.37;74;0;31;39;0;79;19;0.59;1.0;1.0;0;0;208;0;39;6.0;7.6;2.52;8.1;345;128;14.7;14.31;0.973;0;1;0;0;0;0;0;0;0;1;0;470;;160;49;27;106
877.66;1665;38;38;9;4.42;74;0;29;41;0;70;14;0.55;1.0;1.0;0;0;208;0;41;4.75;5.2;2.14;6.1;345;128;14.7;12.81;0.871;0;1;0;0;0;0;0;0;0;1;0;399;;161;49;31;99
878.05;1434;36;36;8;4.31;73;0;34;36;0;69;12;0.52;1.0;1.0;0;0;208;0;36;4.5;4.7;2.09;5.2;345;128;14.7;12.81;0.871;0;1;0;0;0;0;0;0;0;1;0;388;;162;49;33;91
878.47;1447;36;36;8;4.32;74;0;33;37;0;70;12;0.52;1.0;1.0;0;0;208;0;37;4.5;4.7;2.1;5.2;345;128;14.7;13.21;0.899;0;1;0;0;0;0;0;0;0;1;0;397;;162;49;32;74
878.85;1537;37;37;8;4.35;72;0;32;38;0;70;12;0.53;1.0;1.0;0;0;208;0;38;4.62;4.7;2.1;5.6;345;128;14.7;13.21;0.899;0;1;0;0;0;0;0;0;0;1;0;402;;163;49;31;100
879.26;1537;37;37;8;4.32;72;0;32;38;0;70;12;0.53;1.0;1.0;0;0;208;0;38;4.62;4.7;2.09;5.5;345;128;14.7;13.21;0.899;0;1;0;0;0;0;0;0;0;1;0;403;;163;49;31;99
879.67;1268;27;27;4;3.41;73;0;32;39;0;62;8;0.45;1.0;1.0;0;0;208;0;38;3.38;2.3;1.73;3.6;345;128;14.7;12.01;0.817;0;1;0;0;0;0;0;0;0;1;0;340;;162;49;33;86
880.07;1383;29;29;4;3.62;74;0;32;38;0;63;8;0.47;1.0;1.0;0;0;208;0;38;3.62;2.3;1.82;4.2;345;128;14.7;12.01;0.817;0;1;0;0;0;0;0;0;0;1;0;350;;160;49;33;89
880.46;1306;31;31;4;3.81;73;0;33;37;0;64;9;0.48;1.0;1.0;0;0;208;0;37;3.88;2.3;1.89;4.1;345;128;14.7;13.01;0.885;0;1;0;0;0;0;0;0;0;1;0;358;;163;49;32;56
880.88;1281;31;31;4;3.81;73;0;32;38;0;65;9;0.48;1.0;1.0;0;0;208;0;38;3.88;2.3;1.89;4.1;345;128;14.7;13.01;0.885;0;1;0;0;0;0;0;0;0;1;0;362;;162;49;32;89
881.29;1306;22;22;0;3.02;74;0;39;20;0;58;6;0.39;1.0;1.0;0;0;208;0;31;2.75;0.0;1.58;3.3;345;128;14.7;13.01;0.885;0;1;0;0;0;1;0;0;0;1;0;310;;161;49;32;40
881.49;1114;19;19;0;2.68;73;0;50;20;0;56;4;0.35;1.0;1.0;0;0;208;0;20;2.38;0.0;1.44;2.5;345;128;14.7;12.31;0.837;0;1;0;0;0;1;0;0;0;1;0;299;;162;49;33;53
881.89;1114;19;19;0;2.73;73;0;50;20;0;57;4;0.36;1.0;1.0;0;0;208;0;20;2.38;0.0;1.46;2.5;345;128;14.7;12.31;0.837;0;1;0;0;0;1;0;0;0;1;0;301;;162;49;32;83
882.3;1012;18;18;0;2.62;74;0;50;20;0;56;4;0.34;1.0;1.0;0;0;208;0;20;2.25;0.0;1.42;2.2;345;128;14.7;12.31;0.837;0;1;0;0;0;1;0;0;0;1;0;299;;161;49;31;83
882.7;973;20;20;0;2.78;75;0;50;20;0;57;4;0.34;1.0;1.0;0;0;208;0;20;2.5;0.0;1.49;2.3;345;128;14.7;12.71;0.865;0;1;0;0;0;1;0;0;0;1;0;305;;159;49;30;83
883.11;1037;19;19;0;2.7;74;0;50;20;0;56;4;0.34;1.0;1.0;0;0;208;0;20;2.38;0.0;1.45;2.3;345;128;14.7;12.71;0.865;0;1;0;0;0;1;0;0;0;1;0;297;;161;49;30;83
883.52;1101;16;16;0;2.45;74;0;50;20;0;53;4;0.3;1.0;1.0;0;0;208;0;20;2.0;0.0;1.35;2.2;345;128;14.7;12.61;0.858;0;1;0;0;0;1;0;0;0;1;0;275;;160;49;30;52
883.91;1089;16;16;0;2.46;73;0;50;20;0;54;3;0.32;1.0;1.0;0;0;208;0;20;2.0;0.0;1.35;2.2;345;128;14.7;12.61;0.858;0;1;0;0;0;1;0;0;0;1;0;282;;162;49;30;78
884.32;948;18;18;0;2.6;74;0;50;20;0;56;3;0.33;1.0;1.0;0;0;208;0;20;2.25;0.0;1.41;2.1;345;128;14.7;12.61;0.858;0;1;0;0;0;1;0;0;0;1;0;296;;161;49;29;83
884.72;845;19;19;0;2.75;74;0;50;20;0;58;3;0.34;1.0;1.0;0;0;208;0;20;2.38;0.0;1.47;1.9;345;128;14.7;14.21;0.967;0;1;0;0;0;1;0;0;0;1;0;311;;161;49;28;83
885.13;730;20;20;0;2.85;76;0;50;20;0;60;3;0.36;1.0;1.0;0;0;208;0;20;2.5;0.0;1.52;1.7;345;128;14.7;14.21;0.967;0;1;0;0;0;1;0;0;0;1;0;322;;158;49;27;85
885.53;717;22;22;0;3.05;74;0;50;20;0;62;3;0.38;1.0;1.0;0;0;210;0;20;2.75;0.0;1.59;1.8;345;128;14.7;14.21;0.967;0;1;0;0;0;1;0;0;0;1;0;336;;161;49;27;41
885.93;679;23;23;0;3.15;78;0;50;20;0;62;3;0.39;1.0;1.0;0;0;210;0;20;2.88;0.0;1.65;1.8;345;128;14.47;14.21;0.982;0;1;0;0;0;1;0;0;0;1;0;342;;155;49;25;87
886.34;653;26;26;0;3.43;79;0;50;20;0;64;4;0.41;1.0;1.0;0;0;210;0;20;3.25;0.0;1.77;1.9;345;128;14.7;14.21;0.967;0;1;0;0;0;1;0;0;0;1;0;358;;154;48;25;89
886.72;717;26;26;0;3.43;77;0;50;20;0;65;4;0.41;1.0;1.0;0;0;210;0;20;3.25;0.0;1.76;2.0;345;128;14.47;13.81;0.954;0;1;0;0;0;1;0;0;0;1;0;364;;156;49;25;90
886.94;756;24;24;0;3.22;76;0;50;20;0;63;4;0.39;1.0;1.0;0;0;210;0;20;3.0;0.0;1.67;2.0;345;128;14.47;13.81;0.954;0;1;0;0;0;1;0;0;0;1;0;350;;158;48;25;86
887.34;781;23;23;0;3.1;74;0;50;20;0;62;4;0.38;1.0;1.0;0;0;210;0;20;2.88;0.0;1.61;2.0;345;128;14.47;13.81;0.954;0;1;0;0;0;1;0;0;0;1;0;339;;161;48;27;86
887.73;832;22;22;0;2.97;74;0;50;20;0;61;4;0.36;1.0;1.0;0;0;210;0;20;2.75;0.0;1.56;2.1;345;128;14.7;13.51;0.919;0;1;0;0;0;1;0;0;0;1;0;335;;160;48;27;86
888.14;768;22;22;0;3.0;74;0;50;20;0;61;3;0.37;1.0;1.0;0;0;210;0;20;2.75;0.0;1.57;1.9;345;128;14.7;13.51;0.919;0;1;0;0;0;1;0;0;0;1;0;333;;161;48;27;86
888.56;679;23;23;0;3.12;76;0;50;20;0;63;3;0.4;1.0;1.0;0;0;210;0;20;2.88;0.0;1.63;1.8;345;128;14.47;14.01;0.968;0;1;0;0;0;1;0;0;0;1;0;344;;157;48;27;86
888.95;653;26;26;0;3.4;78;0;50;20;0;65;4;0.41;1.0;1.0;0;0;210;0;20;3.25;0.0;1.75;1.9;345;128;14.7;14.01;0.953;0;1;0;0;0;1;0;0;0;1;0;362;;155;48;25;89
889.35;756;27;27;0;3.53;77;0;50;20;0;66;4;0.41;1.0;1.0;0;0;210;0;20;3.38;0.0;1.8;2.2;345;128;14.47;14.01;0.968;0;1;0;0;0;1;0;0;0;1;0;368;;156;48;26;73
889.77;730;26;26;0;3.37;76;0;50;20;0;64;4;0.41;1.0;1.0;0;0;210;0;20;3.25;0.0;1.73;2.1;345;128;14.47;13.11;0.906;0;1;0;0;0;1;0;0;0;1;0;359;;157;48;25;89
890.16;679;25;25;0;3.32;76;0;50;20;0;64;4;0.41;1.0;1.0;0;0;210;0;20;3.12;0.0;1.71;1.9;345;128;14.47;13.11;0.906;0;1;0;0;0;1;0;0;0;1;0;358;;158;48;23;89
890.57;666;25;25;0;3.37;78;0;50;20;0;64;4;0.41;1.0;1.0;0;0;210;0;20;3.12;0.0;1.74;1.9;345;128;14.7;14.11;0.96;0;1;0;0;0;1;0;0;0;1;0;358;;155;48;23;89
890.96;717;27;27;0;3.47;76;0;50;20;0;65;4;0.41;1.0;1.0;0;0;210;0;20;3.38;0.0;1.77;2.1;345;128;14.47;14.11;0.975;0;1;0;0;0;1;0;0;0;1;0;362;;157;48;22;89
891.37;717;26;26;0;3.4;76;0;50;20;0;65;4;0.41;1.0;1.0;0;0;211;0;20;3.25;0.0;1.74;2.0;345;128;14.47;14.11;0.975;0;1;0;0;0;1;0;0;0;1;0;361;;157;48;22;89
891.78;679;25;25;0;3.32;76;0;50;20;0;64;4;0.41;1.0;1.0;0;0;211;0;20;3.12;0.0;1.71;1.9;345;128;14.47;14.11;0.975;0;1;0;0;0;1;0;0;0;1;0;357;;157;48;22;89
892.18;756;35;35;3;4.23;75;0;45;22;0;75;5;0.48;1.0;1.0;0;0;211;0;25;4.38;1.7;2.07;2.7;345;128;14.59;14.11;0.967;0;1;0;0;0;0;0;0;0;1;0;437;;159;48;23;102
892.38;1229;43;43;5;4.9;74;0;39;33;0;75;12;0.55;1.0;1.0;0;0;211;0;31;5.38;2.9;2.33;5.0;345;128;14.7;14.11;0.96;0;1;0;0;0;0;0;0;0;1;0;442;;160;48;9;104
892.77;1383;39;39;6;4.57;74;0;34;36;0;72;12;0.54;1.0;1.0;0;0;211;0;36;4.88;3.5;2.2;5.3;345;128;14.7;14.11;0.96;0;1;0;0;0;0;0;0;0;1;0;419;;161;48;19;101
893.17;1601;63;63;19;6.98;75;0;42;30;0;88;23;0.7;1.0;1.0;0;0;211;0;28;7.88;11.0;3.17;9.3;345;128;14.04;14.11;1.005;0;1;0;0;0;0;0;0;0;1;0;534;;159;48;3;146
893.57;2024;58;58;19;6.41;75;0;38;32;0;85;26;0.66;1.0;1.0;0;0;211;0;32;7.25;11.0;2.94;10.8;345;128;14.82;13.01;0.878;0;1;0;0;0;0;0;0;0;1;0;515;;159;48;22;114
894.0;2139;51;51;18;5.66;75;0;32;38;0;81;24;0.63;1.0;1.0;0;0;211;0;38;6.38;10.5;2.64;10.1;345;128;14.82;13.01;0.878;0;1;0;0;0;0;0;0;0;1;0;484;;159;48;21;101
894.39;1806;29;29;4;3.63;75;0;26;44;0;63;12;0.48;1.0;1.0;0;0;211;0;44;3.62;2.3;1.83;5.5;345;128;14.7;13.01;0.885;0;1;0;0;0;0;0;0;0;1;0;344;;159;48;22;86
894.8;1178;20;20;0;2.77;74;0;45;20;0;57;5;0.37;1.0;1.0;0;0;211;0;25;2.5;0.0;1.48;2.7;345;128;14.7;11.61;0.79;0;1;0;0;0;1;0;0;0;1;0;301;;160;48;25;84
895.21;1089;21;21;0;2.91;75;0;50;20;0;58;5;0.37;1.0;1.0;0;0;211;0;20;2.62;0.0;1.54;2.6;345;128;14.7;11.61;0.79;0;1;0;0;0;1;0;0;0;1;0;309;;160;48;25;84
895.6;832;21;21;0;2.9;74;0;50;20;0;61;4;0.36;1.0;1.0;0;0;211;0;20;2.62;0.0;1.53;2.0;345;128;14.7;13.71;0.933;0;1;0;0;0;1;0;0;0;1;0;331;;160;48;23;85
896.02;807;24;24;0;3.21;75;0;50;20;0;63;4;0.39;1.0;1.0;0;0;211;0;20;3.0;0.0;1.66;2.2;345;128;14.47;13.71;0.947;0;1;0;0;0;1;0;0;0;1;0;348;;160;48;20;70
896.4;832;23;23;0;3.15;74;0;50;20;0;63;4;0.38;1.0;1.0;0;0;211;0;20;2.88;0.0;1.63;2.2;345;128;14.47;13.71;0.947;0;1;0;0;0;1;0;0;0;1;0;350;;160;48;21;89
896.82;781;24;24;0;3.17;74;0;50;20;0;64;4;0.41;1.0;1.0;0;0;211;0;20;3.0;0.0;1.64;2.1;345;128;14.47;14.11;0.975;0;1;0;0;0;1;0;0;0;1;0;352;;160;48;21;87
897.22;768;25;25;0;3.3;74;0;50;20;0;64;4;0.41;1.0;1.0;0;0;211;0;20;3.12;0.0;1.69;2.1;345;128;14.47;14.11;0.975;0;1;0;0;0;1;0;0;0;1;0;355;;160;48;21;90
897.62;781;26;26;0;3.37;74;0;50;20;0;65;4;0.41;1.0;1.0;0;0;211;0;20;3.25;0.0;1.72;2.2;345;128;14.47;14.11;0.975;0;1;0;0;0;1;0;0;0;1;0;366;;161;48;20;91
897.82;832;25;25;0;3.3;74;0;50;20;0;64;4;0.4;1.0;1.0;0;0;211;0;20;3.12;0.0;1.69;2.3;345;128;14.47;14.11;0.975;0;1;0;0;0;1;0;0;0;1;0;359;;161;48;20;70
898.23;973;23;23;0;3.07;74;0;50;20;0;61;5;0.38;1.0;1.0;0;0;211;0;20;2.88;0.0;1.6;2.5;345;128;14.47;14.11;0.975;0;1;0;0;0;1;0;0;0;1;0;331;;161;48;21;85
898.64;1063;20;20;0;2.85;74;0;50;20;0;58;5;0.36;1.0;1.0;0;0;211;0;20;2.5;0.0;1.51;2.5;345;128;14.7;14.11;0.96;0;1;0;0;0;1;0;0;0;1;0;312;;161;48;22;84
899.04;871;19;19;0;2.75;74;0;50;20;0;59;4;0.34;1.0;1.0;0;0;211;0;20;2.38;0.0;1.47;2.0;345;128;14.7;14.11;0.96;0;1;0;0;0;1;0;0;0;1;0;318;;161;48;21;81
899.44;730;23;23;0;3.12;74;0;50;20;0;63;4;0.39;1.0;1.0;0;0;211;0;20;2.88;0.0;1.62;1.9;345;128;14.47;14.11;0.975;0;1;0;0;0;1;0;0;0;1;0;344;;161;48;19;86
899.83;730;26;26;0;3.46;75;0;50;20;0;66;4;0.41;1.0;1.0;0;0;211;0;20;3.25;0.0;1.76;2.1;345;128;14.47;14.71;1.017;0;1;0;0;0;1;0;0;0;1;0;368;;159;48;16;41
900.24;781;26;26;0;3.37;76;0;50;20;0;65;4;0.41;1.0;1.0;0;0;211;0;20;3.25;0.0;1.73;2.2;345;128;14.47;14.71;1.017;0;1;0;0;0;1;0;0;0;1;0;362;;158;48;16;49
900.63;781;24;24;0;3.25;76;0;50;20;0;63;4;0.39;1.0;1.0;0;0;211;0;20;3.0;0.0;1.68;2.1;345;128;14.47;13.91;0.961;0;1;0;0;0;1;0;0;0;1;0;350;;158;48;18;88
901.04;666;25;25;0;3.36;77;0;50;20;0;64;4;0.41;1.0;1.0;0;0;211;0;20;3.12;0.0;1.73;1.9;345;128;14.7;13.91;0.946;0;1;0;0;0;1;0;0;0;1;0;359;;156;48;20;89
901.43;679;25;25;0;3.35;76;0;50;20;0;65;4;0.41;1.0;1.0;0;0;211;0;20;3.12;0.0;1.72;1.9;345;128;14.47;13.91;0.961;0;1;0;0;0;1;0;0;0;1;0;360;;157;48;19;89
901.86;666;25;25;0;3.37;76;0;50;20;0;65;4;0.41;1.0;1.0;0;0;211;0;20;3.12;0.0;1.73;1.9;345;128;14.7;13.41;0.912;0;1;0;0;0;1;0;0;0;1;0;360;;157;48;20;89
902.26;730;26;26;0;3.38;75;0;50;20;0;65;4;0.41;1.0;1.0;0;0;211;0;20;3.25;0.0;1.73;2.1;345;128;14.47;13.41;0.927;0;1;0;0;0;1;0;0;0;1;0;363;;159;48;19;89
902.66;704;26;26;0;3.37;74;0;50;20;0;65;4;0.41;1.0;1.0;0;0;211;0;20;3.25;0.0;1.72;2.0;345;128;14.47;14.21;0.982;0;1;0;0;0;1;0;0;0;1;0;364;;160;48;19;90
903.06;1204;57;57;8;6.26;73;0;48;22;0;86;14;0.63;1.0;1.0;0;0;211;0;22;7.12;4.7;2.87;6.3;345;128;14.7;14.21;0.967;0;1;0;0;0;0;0;0;0;1;0;518;;162;48;17;114
903.46;1562;40;40;8;4.7;74;0;33;37;0;73;14;0.56;1.0;1.0;0;0;211;0;37;5.0;4.7;2.25;6.1;345;128;14.7;14.21;0.967;0;1;0;0;0;0;0;0;0;1;0;427;;161;48;15;102
903.68;1550;44;44;13;5.07;74;0;34;36;0;78;15;0.59;1.0;1.0;0;0;211;0;36;5.5;7.6;2.4;6.5;345;128;14.7;14.92;1.015;0;1;0;0;0;0;0;0;0;1;0;460;;161;48;16;106
904.06;1729;40;40;2;4.7;74;0;29;41;0;72;16;0.57;1.0;1.0;0;0;211;0;41;5.0;1.2;2.25;6.8;345;128;14.7;14.92;1.015;0;1;0;0;0;0;0;0;0;1;0;412;;161;48;12;101
904.48;1037;20;20;4;2.77;74;0;54;25;0;59;4;0.37;1.0;1.0;0;0;211;0;16;2.5;2.3;1.48;2.4;345;128;14.7;14.92;1.015;0;1;0;0;0;0;0;0;0;1;0;318;;161;48;22;85
904.88;1831;65;65;18;7.27;74;0;43;27;0;88;26;0.71;1.0;1.0;0;0;211;0;27;8.12;10.5;3.28;11.1;345;128;14.04;16.31;1.162;0;1;0;0;0;0;0;0;0;1;0;539;;160;48;0;114
905.27;1934;43;43;14;4.88;75;0;27;43;0;75;18;0.57;1.0;1.0;0;0;211;0;43;5.38;8.1;2.33;7.9;345;128;14.82;16.31;1.101;0;1;0;0;0;0;0;0;0;1;0;440;;159;48;18;102
905.67;1934;60;60;20;6.61;75;0;38;32;0;87;26;0.7;1.0;1.0;0;0;211;0;32;7.5;11.6;3.02;10.7;345;128;14.82;15.51;1.047;0;1;0;0;0;0;0;0;0;1;0;526;;158;47;5;114
906.08;2049;59;59;20;6.62;76;0;36;34;0;86;27;0.69;1.0;1.0;0;0;211;0;34;7.38;11.6;3.03;11.3;345;128;14.82;15.51;1.047;0;1;0;0;0;0;0;0;0;1;0;517;;158;48;17;114
906.49;1947;50;50;19;5.62;76;0;30;40;0;81;21;0.62;1.0;1.0;0;0;211;0;40;6.25;11.0;2.63;9.1;345;128;14.82;13.61;0.918;0;1;0;0;0;0;0;0;0;1;0;485;;158;48;17;108
906.89;1729;40;40;12;4.71;75;0;29;41;0;73;16;0.57;1.0;1.0;0;0;211;0;41;5.0;7.0;2.26;6.8;345;128;14.7;13.61;0.926;0;1;0;0;0;0;0;0;0;1;0;421;;159;48;18;101
907.3;1806;41;41;12;4.73;75;0;30;40;0;72;16;0.56;1.0;1.0;0;0;211;0;40;5.12;7.0;2.27;7.1;345;128;14.7;13.61;0.926;0;1;0;0;0;0;0;0;0;1;0;418;;159;48;19;51
907.7;1857;50;50;16;5.58;75;0;33;37;0;81;20;0.62;1.0;1.0;0;0;211;0;37;6.25;9.3;2.61;8.6;345;128;14.82;13.71;0.925;0;1;0;0;0;0;0;0;0;1;0;485;;159;48;5;108
908.1;1639;42;42;12;4.83;75;0;31;39;0;74;15;0.58;1.0;1.0;0;0;211;0;39;5.25;7.0;2.31;6.6;345;128;14.7;13.71;0.933;0;1;0;0;0;0;0;0;0;1;0;430;;159;48;19;70
908.51;1652;55;55;17;6.11;75;0;35;35;0;84;21;0.66;1.0;1.0;0;0;211;0;35;6.88;9.9;2.82;8.4;345;128;14.7;13.81;0.939;0;1;0;0;0;0;0;0;0;1;0;505;;159;48;14;109
908.89;1703;44;44;14;5.07;74;0;29;41;0;77;17;0.59;1.0;1.0;0;0;211;0;41;5.5;8.1;2.4;7.2;345;128;14.7;13.81;0.939;0;1;0;0;0;0;0;0;0;1;0;451;;160;48;19;105
909.1;1665;45;45;14;5.13;75;0;31;38;0;77;17;0.59;1.0;1.0;0;0;211;0;39;5.62;8.1;2.43;7.1;345;128;14.7;13.81;0.939;0;1;0;0;0;0;0;0;0;1;0;454;;159;48;19;100
909.5;1755;45;45;14;5.13;75;0;30;40;0;77;17;0.59;1.0;1.0;0;0;211;0;40;5.62;8.1;2.43;7.5;345;128;14.7;13.31;0.905;0;1;0;0;0;0;0;0;0;1;0;452;;159;48;18;105
909.9;1255;20;20;0;2.77;74;0;44;20;0;56;5;0.37;1.0;1.0;0;0;211;0;26;2.5;0.0;1.48;2.9;345;128;14.7;13.31;0.905;0;1;0;0;0;1;0;0;0;1;0;298;;161;48;22;83
910.31;1050;23;23;0;3.06;73;0;50;20;0;60;5;0.38;1.0;1.0;0;0;211;0;20;2.88;0.0;1.59;2.7;345;128;14.7;13.31;0.905;0;1;0;0;0;1;0;0;0;1;0;326;;161;48;15;73
910.71;1370;34;34;8;4.08;73;0;33;37;0;68;10;0.51;1.0;1.0;0;0;211;0;37;4.25;4.7;2.0;4.7;345;128;14.7;13.21;0.899;0;1;0;0;0;0;0;0;0;1;0;384;;162;48;16;91
911.13;1755;50;50;13;5.63;73;0;35;35;0;81;19;0.61;1.0;1.0;0;0;211;0;35;6.25;7.6;2.62;8.2;345;128;14.7;13.21;0.899;0;1;0;0;0;0;0;0;0;1;0;485;;162;48;4;107
911.52;1281;19;19;0;2.72;74;0;40;20;0;55;6;0.35;1.0;1.0;0;0;211;0;30;2.38;0.0;1.46;2.9;345;128;14.7;11.21;0.763;0;1;0;0;0;1;0;0;0;1;0;291;;161;48;22;82
911.92;1037;20;20;0;2.85;74;0;50;20;0;58;4;0.36;1.0;1.0;0;0;211;0;20;2.5;0.0;1.51;2.5;345;128;14.7;11.21;0.763;0;1;0;0;0;1;0;0;0;1;0;313;;160;48;17;84
912.32;1140;20;20;0;2.76;73;0;50;20;0;56;5;0.35;1.0;1.0;0;0;211;0;20;2.5;0.0;1.47;2.6;345;128;14.7;11.21;0.763;0;1;0;0;0;1;0;0;0;1;0;299;;162;48;15;40
912.74;1101;19;19;0;2.68;73;0;50;20;0;56;4;0.35;1.0;1.0;0;0;211;0;20;2.38;0.0;1.44;2.5;345;128;14.7;12.91;0.878;0;1;0;0;0;1;0;0;0;1;0;296;;162;48;21;83
913.12;1063;19;19;0;2.7;74;0;50;20;0;56;4;0.34;1.0;1.0;0;0;211;0;20;2.38;0.0;1.45;2.4;345;128;14.7;12.91;0.878;0;1;0;0;0;1;0;0;0;1;0;299;;161;48;21;83
913.52;1037;20;20;0;2.77;74;0;50;20;0;57;4;0.35;1.0;1.0;0;0;211;0;20;2.5;0.0;1.48;2.4;345;128;14.7;13.71;0.933;0;1;0;0;0;1;0;0;0;1;0;304;;160;48;20;77
913.93;1063;20;20;0;2.77;74;0;50;20;0;57;4;0.35;1.0;1.0;0;0;211;0;20;2.5;0.0;1.48;2.5;345;128;14.7;13.71;0.933;0;1;0;0;0;1;0;0;0;1;0;302;;161;48;20;83
914.34;884;18;18;0;2.61;75;0;50;20;0;57;3;0.33;1.0;1.0;0;0;211;0;20;2.25;0.0;1.42;1.9;345;128;14.7;13.71;0.933;0;1;0;0;0;1;0;0;0;1;0;304;;159;48;20;84
914.74;935;20;20;0;2.85;74;0;50;20;0;59;4;0.35;1.0;1.0;0;0;211;0;20;2.5;0.0;1.51;2.2;345;128;14.7;14.41;0.98;0;1;0;0;0;1;0;0;0;1;0;318;;161;48;19;85
914.95;871;22;22;0;3.0;74;0;50;20;0;61;4;0.37;1.0;1.0;0;0;211;0;20;2.75;0.0;1.57;2.2;345;128;14.7;14.41;0.98;0;1;0;0;0;1;0;0;0;1;0;328;;161;48;17;85
915.36;807;21;21;0;2.92;74;0;50;20;0;61;3;0.37;1.0;1.0;0;0;211;0;20;2.62;0.0;1.54;2.0;345;128;14.7;14.41;0.98;0;1;0;0;0;1;0;0;0;1;0;331;;160;48;19;86
915.75;717;24;24;0;3.23;75;0;50;20;0;63;3;0.39;1.0;1.0;0;0;211;0;20;3.0;0.0;1.67;1.9;345;128;14.47;14.21;0.982;0;1;0;0;0;1;0;0;0;1;0;349;;159;48;18;89
916.15;679;25;25;0;3.37;78;0;50;20;0;64;4;0.41;1.0;1.0;0;0;211;0;20;3.12;0.0;1.74;1.9;345;128;14.47;14.21;0.982;0;1;0;0;0;1;0;0;0;1;0;359;;155;48;16;89
916.56;730;26;26;0;3.42;76;0;50;20;0;65;4;0.41;1.0;1.0;0;0;211;0;20;3.25;0.0;1.75;2.1;345;128;14.47;13.81;0.954;0;1;0;0;0;1;0;0;0;1;0;367;;158;48;17;90
916.95;730;26;26;0;3.43;79;0;50;20;0;65;4;0.41;1.0;1.0;0;0;211;0;20;3.25;0.0;1.77;2.1;345;128;14.47;13.81;0.954;0;1;0;0;0;1;0;0;0;1;0;360;;154;48;18;90
917.37;615;27;27;0;3.47;76;0;50;20;0;66;4;0.42;1.0;1.0;0;0;211;0;20;3.38;0.0;1.77;1.8;345;128;14.7;13.81;0.939;0;1;0;0;0;1;0;0;0;1;0;373;;157;48;18;90
917.78;768;29;29;0;3.66;77;0;50;20;0;67;4;0.42;1.0;1.0;0;0;211;0;20;3.62;0.0;1.85;2.3;345;128;14.47;13.41;0.927;0;1;0;0;0;1;0;0;0;1;0;377;;156;48;17;86
918.16;704;26;26;0;3.38;78;0;50;20;0;65;4;0.41;1.0;1.0;0;0;211;0;20;3.25;0.0;1.74;2.0;345;128;14.47;13.41;0.927;0;1;0;0;0;1;0;0;0;1;0;364;;155;47;18;89
918.57;628;27;27;0;3.51;79;0;50;20;0;66;4;0.42;1.0;1.0;0;0;211;0;20;3.38;0.0;1.8;1.8;345;128;14.7;13.61;0.926;0;1;0;0;0;1;0;0;0;1;0;371;;154;47;18;90
918.98;653;27;28;0;3.57;78;0;50;20;0;67;4;0.43;1.0;1.0;0;0;211;0;20;3.38;0.0;1.82;1.9;345;128;14.7;13.61;0.926;0;1;0;0;0;1;0;0;0;1;0;377;;155;47;17;90
919.38;717;28;28;0;3.66;79;0;50;20;0;67;4;0.42;1.0;1.0;0;0;211;0;20;3.5;0.0;1.86;2.2;345;128;14.47;13.61;0.941;0;1;0;0;0;1;0;0;0;1;0;376;;154;47;16;90
919.79;653;27;27;0;3.53;79;0;50;20;0;66;4;0.42;1.0;1.0;0;0;211;0;20;3.38;0.0;1.81;1.9;345;128;14.7;14.41;0.98;0;1;0;0;0;1;0;0;0;1;0;373;;154;47;17;90
920.17;704;30;30;0;3.77;78;0;50;20;0;68;4;0.43;1.0;1.0;0;0;211;0;20;3.75;0.0;1.9;2.2;345;128;14.47;14.41;0.996;0;1;0;0;0;1;0;0;0;1;0;386;;155;47;16;86
920.6;948;37;37;1;4.41;75;0;50;20;0;74;7;0.48;1.0;1.0;0;0;211;0;20;4.62;0.6;2.14;3.5;345;128;14.59;15.61;1.07;0;1;0;0;0;1;0;0;0;1;0;431;;157;47;16;85
920.79;1165;32;32;1;3.91;75;0;36;34;0;68;8;0.48;1.0;1.0;0;0;211;0;34;4.0;0.6;1.94;3.8;345;128;14.7;15.61;1.062;0;1;0;0;0;1;0;0;0;1;0;382;;159;47;2;90
921.2;1165;44;44;9;5.05;76;0;40;30;0;79;11;0.56;1.0;1.0;0;0;211;0;30;5.5;5.2;2.4;4.9;345;128;14.7;15.61;1.062;0;1;0;0;0;0;0;0;0;1;0;468;;158;47;15;106
921.59;1306;31;31;3;3.8;74;0;31;39;0;64;9;0.48;1.0;1.0;0;0;211;0;39;3.88;1.7;1.89;4.1;345;128;14.7;12.81;0.871;0;1;0;0;0;0;0;0;0;1;0;358;;160;47;16;89
921.99;1537;53;53;12;5.9;74;0;39;31;0;83;17;0.63;1.0;1.0;0;0;211;0;31;6.62;7.0;2.73;7.6;345;128;14.7;12.81;0.871;0;1;0;0;0;0;0;0;0;1;0;499;;160;47;11;109
922.39;1434;24;24;1;3.22;74;0;32;38;0;59;8;0.41;1.0;1.0;0;0;211;0;38;3.0;0.6;1.66;3.8;345;128;14.7;12.81;0.871;0;1;0;0;0;0;0;0;0;1;0;317;;160;47;17;85
922.81;1473;21;21;1;2.95;74;0;34;20;0;56;7;0.39;1.0;1.0;0;0;211;0;36;2.62;0.6;1.55;3.6;345;128;14.7;12.51;0.851;0;1;0;0;0;1;0;0;0;1;0;295;;160;47;19;82
923.21;922;18;18;0;2.58;74;0;50;20;0;57;3;0.34;1.0;1.0;0;0;211;0;20;2.25;0.0;1.4;2.0;345;128;14.7;12.51;0.851;0;1;0;0;0;1;0;0;0;1;0;300;;160;47;19;83
923.6;922;24;24;0;3.18;75;0;50;20;0;62;4;0.39;1.0;1.0;0;0;211;0;20;3.0;0.0;1.65;2.4;345;128;14.47;14.71;1.017;0;1;0;0;0;1;0;0;0;1;0;340;;159;47;16;83
924.0;1012;22;22;0;3.06;75;0;50;20;0;61;5;0.38;1.0;1.0;0;0;211;0;20;2.75;0.0;1.6;2.6;345;128;14.7;14.71;1.001;0;1;0;0;0;1;0;0;0;1;0;329;;159;47;15;86
924.41;768;21;21;0;2.91;75;0;50;20;0;61;3;0.37;1.0;1.0;0;0;211;0;20;2.62;0.0;1.54;1.9;345;128;14.7;14.71;1.001;0;1;0;0;0;1;0;0;0;1;0;335;;159;47;15;86
924.8;653;28;28;0;3.66;77;0;50;20;0;68;4;0.44;1.0;1.0;0;0;211;0;20;3.5;0.0;1.85;2.0;345;128;14.7;14.41;0.98;0;1;0;0;0;1;0;0;0;1;0;381;;156;47;10;90
925.22;781;28;28;0;3.57;74;0;50;20;0;67;5;0.42;1.0;1.0;0;0;211;0;20;3.5;0.0;1.8;2.3;345;128;14.47;14.41;0.996;0;1;0;0;0;1;0;0;0;1;0;378;;160;47;4;90
925.61;871;26;26;0;3.43;75;0;50;20;0;65;5;0.41;1.0;1.0;0;0;211;0;20;3.25;0.0;1.75;2.5;345;128;14.47;13.91;0.961;0;1;0;0;0;1;0;0;0;1;0;360;;159;47;13;89
926.03;896;23;23;0;3.12;74;0;50;20;0;62;4;0.38;1.0;1.0;0;0;211;0;20;2.88;0.0;1.62;2.3;345;128;14.47;13.91;0.961;0;1;0;0;0;1;0;0;0;1;0;337;;160;47;16;86
926.22;717;25;25;0;3.37;78;0;50;20;0;64;4;0.41;1.0;1.0;0;0;211;0;20;3.12;0.0;1.74;2.0;345;128;14.47;13.91;0.961;0;1;0;0;0;1;0;0;0;1;0;353;;155;47;16;88
926.64;679;26;26;0;3.46;77;0;50;20;0;66;4;0.42;1.0;1.0;0;0;211;0;20;3.25;0.0;1.77;2.0;345;128;14.47;14.21;0.982;0;1;0;0;0;1;0;0;0;1;0;369;;156;47;15;90
927.03;730;26;26;0;3.4;76;0;50;20;0;65;4;0.41;1.0;1.0;0;0;211;0;20;3.25;0.0;1.74;2.1;345;128;14.47;14.21;0.982;0;1;0;0;0;1;0;0;0;1;0;360;;157;47;15;84
927.43;807;25;25;0;3.33;75;0;50;20;0;64;4;0.41;1.0;1.0;0;0;211;0;20;3.12;0.0;1.71;2.2;345;128;14.47;14.21;0.982;0;1;0;0;0;1;0;0;0;1;0;352;;159;47;15;57
927.84;781;35;35;4;4.26;75;0;45;25;0;75;6;0.48;1.0;1.0;0;0;211;0;25;4.38;2.3;2.08;2.8;345;128;14.59;14.41;0.988;0;1;0;0;0;0;0;0;0;1;0;438;;159;47;16;102
928.23;1204;49;49;6;5.51;75;0;41;29;0;81;13;0.59;1.0;1.0;0;0;211;0;29;6.12;3.5;2.58;5.5;345;128;14.7;14.41;0.98;0;1;0;0;0;0;0;0;0;1;0;482;;159;47;2;107
928.64;1537;40;40;7;4.63;75;0;31;37;0;72;14;0.55;1.0;1.0;0;0;211;0;39;5.0;4.1;2.23;5.9;345;128;14.7;12.41;0.844;0;1;0;0;0;0;0;0;0;1;0;416;;159;47;14;100
929.05;1101;29;29;4;3.65;74;0;34;36;0;65;7;0.45;1.0;1.0;0;0;211;0;36;3.62;2.3;1.83;3.3;345;128;14.7;12.41;0.844;0;1;0;0;0;0;0;0;0;1;0;365;;160;47;17;90
929.46;1140;32;32;4;3.95;74;0;39;31;0;68;8;0.48;1.0;1.0;0;0;211;0;31;4.0;2.3;1.95;3.8;345;128;14.7;12.41;0.844;0;1;0;0;0;0;0;0;0;1;0;386;;160;47;15;91
929.87;1063;32;32;4;3.91;75;0;38;31;0;69;8;0.47;1.0;1.0;0;0;211;0;32;4.0;2.3;1.94;3.5;345;128;14.7;14.41;0.98;0;1;0;0;0;0;0;0;0;1;0;389;;159;47;13;91
930.27;1101;33;33;4;4.05;74;0;36;33;0;69;8;0.48;1.0;1.0;0;0;211;0;34;4.12;2.3;1.99;3.7;345;128;14.7;14.41;0.98;0;1;0;0;0;0;0;0;0;1;0;389;;160;47;13;90
930.66;1012;22;22;0;3.0;74;0;49;20;0;61;5;0.38;1.0;1.0;0;0;211;0;21;2.75;0.0;1.57;2.5;345;128;14.7;13.11;0.892;0;1;0;0;0;1;0;0;0;1;0;333;;160;47;15;145
931.07;768;25;25;0;3.32;76;0;50;20;0;64;4;0.41;1.0;1.0;0;0;211;0;20;3.12;0.0;1.71;2.1;345;128;14.47;13.11;0.906;0;1;0;0;0;1;0;0;0;1;0;353;;157;47;16;89
931.48;704;27;27;0;3.52;76;0;50;20;0;67;4;0.42;1.0;1.0;0;0;211;0;20;3.38;0.0;1.79;2.1;345;128;14.47;13.11;0.906;0;1;0;0;0;1;0;0;0;1;0;377;;158;47;14;41
931.68;832;26;26;0;3.41;77;0;50;20;0;65;4;0.4;1.0;1.0;0;0;211;0;20;3.25;0.0;1.75;2.4;345;128;14.47;14.01;0.968;0;1;0;0;0;1;0;0;0;1;0;367;;156;47;13;90
932.07;730;25;25;0;3.36;77;0;50;20;0;64;4;0.41;1.0;1.0;0;0;211;0;20;3.12;0.0;1.73;2.0;345;128;14.47;14.01;0.968;0;1;0;0;0;1;0;0;0;1;0;357;;156;47;14;89
932.47;628;26;26;0;3.46;77;0;50;20;0;66;4;0.42;1.0;1.0;0;0;211;0;20;3.25;0.0;1.77;1.8;345;128;14.7;14.01;0.953;0;1;0;0;0;1;0;0;0;1;0;369;;156;47;15;90
932.88;704;26;26;0;3.41;77;0;50;20;0;65;4;0.41;1.0;1.0;0;0;211;0;20;3.25;0.0;1.75;2.0;345;128;14.47;14.31;0.989;0;1;0;0;0;1;0;0;0;1;0;360;;156;47;14;89
933.28;679;26;26;0;3.38;77;0;50;20;0;64;4;0.41;1.0;1.0;0;0;211;0;20;3.25;0.0;1.74;1.9;345;128;14.47;14.31;0.989;0;1;0;0;0;1;0;0;0;1;0;359;;156;47;15;89
933.69;717;26;26;0;3.46;79;0;50;20;0;65;4;0.41;1.0;1.0;0;0;211;0;20;3.25;0.0;1.78;2.1;345;128;14.47;13.91;0.961;0;1;0;0;0;1;0;0;0;1;0;365;;154;47;14;73
934.09;666;26;27;0;3.48;79;0;50;20;0;66;4;0.42;1.0;1.0;0;0;211;0;20;3.25;0.0;1.79;1.9;345;128;14.7;13.91;0.946;0;1;0;0;0;1;0;0;0;1;0;368;;154;47;14;90
934.5;717;29;29;0;3.73;79;0;50;20;0;68;4;0.43;1.0;1.0;0;0;211;0;20;3.62;0.0;1.89;2.2;345;128;14.47;13.91;0.961;0;1;0;0;0;1;0;0;0;1;0;381;;154;47;14;90
934.91;679;27;27;0;3.5;78;0;50;20;0;66;4;0.42;1.0;1.0;0;0;211;0;20;3.38;0.0;1.79;2.0;345;128;14.47;13.61;0.941;0;1;0;0;0;1;0;0;0;1;0;373;;155;47;13;90
935.32;756;25;25;0;3.31;77;0;50;20;0;64;4;0.41;1.0;1.0;0;0;211;0;20;3.12;0.0;1.71;2.1;345;128;14.47;13.61;0.941;0;1;0;0;0;1;0;0;0;1;0;356;;156;47;14;89
935.72;666;27;27;0;3.57;78;0;50;20;0;66;4;0.42;1.0;1.0;0;0;211;0;20;3.38;0.0;1.82;2.0;345;128;14.7;13.71;0.933;0;1;0;0;0;1;0;0;0;1;0;370;;155;47;14;45
936.1;653;31;31;0;3.85;78;0;50;20;0;70;4;0.45;1.0;1.0;0;0;211;0;20;3.88;0.0;1.93;2.1;345;128;14.7;13.71;0.933;0;1;0;0;0;1;0;0;0;1;0;397;;155;47;13;100
936.51;896;37;37;1;4.4;76;0;50;20;0;75;6;0.48;1.0;1.0;0;0;211;0;20;4.62;0.6;2.14;3.3;345;128;14.59;13.71;0.94;0;1;0;0;0;1;0;0;0;1;0;441;;158;47;12;105
936.92;986;23;23;0;3.15;74;0;43;20;0;61;5;0.38;1.0;1.0;0;0;211;0;27;2.88;0.0;1.63;2.6;345;128;14.47;14.21;0.982;0;1;0;0;0;1;0;0;0;1;0;335;;160;47;2;86
937.11;666;21;22;0;3.0;76;0;50;20;0;61;3;0.38;1.0;1.0;0;0;211;0;20;2.62;0.0;1.58;1.7;345;128;14.7;14.21;0.967;0;1;0;0;0;1;0;0;0;1;0;334;;156;47;14;73
937.52;602;27;27;0;3.56;79;0;50;20;0;67;3;0.43;1.0;1.0;0;0;211;0;20;3.38;0.0;1.82;1.8;345;128;14.7;14.21;0.967;0;1;0;0;0;1;0;0;0;1;0;378;;153;47;14;90
937.93;756;26;26;0;3.41;77;0;50;20;0;65;4;0.41;1.0;1.0;0;0;211;0;20;3.25;0.0;1.75;2.1;345;128;14.47;14.11;0.975;0;1;0;0;0;1;0;0;0;1;0;364;;156;47;11;90
938.34;679;25;25;0;3.3;78;0;50;20;0;64;4;0.41;1.0;1.0;0;0;211;0;20;3.12;0.0;1.71;1.9;345;128;14.47;14.11;0.975;0;1;0;0;0;1;0;0;0;1;0;354;;155;47;13;89
938.75;717;26;26;0;3.45;78;0;50;20;0;65;4;0.41;1.0;1.0;0;0;211;0;20;3.25;0.0;1.77;2.1;345;128;14.47;14.11;0.975;0;1;0;0;0;1;0;0;0;1;0;362;;155;47;13;89
939.14;704;26;26;0;3.41;77;0;50;20;0;65;4;0.41;1.0;1.0;0;0;211;0;20;3.25;0.0;1.75;2.0;345;128;14.47;14.11;0.975;0;1;0;0;0;1;0;0;0;1;0;367;;156;47;13;90
939.54;717;26;26;0;3.38;77;0;54;16;0;65;4;0.41;1.0;1.0;0;0;211;0;16;3.25;0.0;1.74;2.0;345;128;14.47;14.11;0.975;0;1;0;0;1;1;0;0;0;1;0;360;;156;47;12;89
939.95;666;27;27;0;3.48;77;0;55;15;0;66;4;0.42;1.0;1.0;0;0;211;0;15;3.38;0.0;1.78;1.9;345;128;14.7;14.11;0.96;0;1;0;0;1;1;0;0;0;1;0;368;;156;47;12;90
940.34;756;27;27;0;3.53;77;0;55;15;0;66;4;0.41;1.0;1.0;0;0;211;0;15;3.38;0.0;1.8;2.2;345;128;14.47;14.11;0.975;0;1;0;0;1;1;0;0;0;1;0;372;;156;47;12;90
940.75;768;26;26;0;3.47;78;0;55;15;0;65;4;0.41;1.0;1.0;0;0;211;0;15;3.25;0.0;1.78;2.2;345;128;14.47;13.91;0.961;0;1;0;0;1;1;0;0;0;1;0;362;;155;47;11;89
941.15;679;26;26;0;3.43;79;0;55;15;0;65;4;0.41;1.0;1.0;0;0;211;0;15;3.25;0.0;1.77;1.9;345;128;14.47;13.91;0.961;0;1;0;0;1;1;0;0;0;1;0;363;;154;47;12;73
941.57;756;25;25;0;3.32;76;0;55;15;0;64;4;0.41;1.0;1.0;0;0;211;0;15;3.12;0.0;1.71;2.1;345;128;14.47;13.91;0.961;0;1;0;0;1;1;0;0;0;1;0;357;;157;47;12;89
941.97;807;23;23;0;3.12;76;0;55;15;0;62;4;0.38;1.0;1.0;0;0;211;0;15;2.88;0.0;1.63;2.1;345;128;14.47;13.91;0.961;0;1;0;0;1;1;0;0;0;1;0;339;;158;47;12;86
942.38;717;24;24;0;3.28;79;0;55;15;0;63;4;0.39;1.0;1.0;0;0;211;0;15;3.0;0.0;1.71;2.0;345;128;14.47;13.91;0.961;0;1;0;0;1;1;0;0;0;1;0;349;;154;47;12;89
942.57;756;26;26;0;3.45;78;0;55;15;0;65;4;0.41;1.0;1.0;0;0;211;0;15;3.25;0.0;1.77;2.2;345;128;14.47;13.91;0.961;0;1;0;0;1;1;0;0;0;1;0;361;;155;47;10;89
942.98;922;25;25;0;3.32;76;0;50;20;0;62;5;0.39;1.0;1.0;0;0;211;0;20;3.12;0.0;1.71;2.6;345;128;14.47;14.41;0.996;0;1;0;0;0;1;0;0;0;1;0;343;;157;47;11;86
943.38;820;23;23;0;3.12;76;0;50;20;0;62;4;0.38;1.0;1.0;0;0;213;0;20;2.88;0.0;1.63;2.1;345;128;14.47;14.41;0.996;0;1;0;0;0;1;0;0;0;1;0;339;;158;47;12;86
943.78;884;39;39;3;4.63;77;0;47;25;0;78;7;0.49;1.0;1.0;0;0;213;0;23;4.88;1.7;2.24;3.4;345;128;14.7;15.51;1.055;0;1;0;0;0;0;0;0;0;1;0;462;;156;47;10;105
944.17;1229;36;36;3;4.25;74;0;38;34;0;69;9;0.51;1.0;1.0;0;0;213;0;32;4.5;1.7;2.07;4.4;345;128;14.7;15.51;1.055;0;1;0;0;0;0;0;0;0;1;0;389;;160;47;4;92
944.57;922;22;22;0;2.98;75;0;50;20;0;61;4;0.38;1.0;1.0;0;0;213;0;20;2.75;0.0;1.57;2.3;345;128;14.7;15.51;1.055;0;1;0;0;0;1;0;0;0;1;0;330;;159;46;12;85
944.98;781;37;37;0;4.41;75;0;45;25;0;77;6;0.48;1.0;1.0;0;0;213;0;25;4.62;0.0;2.14;2.9;345;128;14.59;13.42;0.92;0;1;0;0;0;1;0;0;0;1;0;451;;159;47;12;105
945.38;999;28;28;0;3.57;74;0;44;20;0;64;6;0.43;1.0;1.0;0;0;213;0;26;3.5;0.0;1.8;3.0;345;128;14.47;13.42;0.927;0;1;0;0;0;1;0;0;0;1;0;355;;160;47;1;89
945.79;768;23;23;0;3.16;75;0;50;20;0;63;4;0.39;1.0;1.0;0;0;213;0;20;2.88;0.0;1.64;2.0;345;128;14.47;14.21;0.982;0;1;0;0;0;1;0;0;0;1;0;351;;159;46;12;88
946.19;781;27;27;0;3.48;77;0;50;20;0;66;4;0.41;1.0;1.0;0;0;213;0;20;3.38;0.0;1.78;2.3;345;128;14.47;14.21;0.982;0;1;0;0;0;1;0;0;0;1;0;369;;156;46;11;90
946.61;768;27;27;0;3.55;76;0;50;20;0;66;4;0.41;1.0;1.0;0;0;213;0;20;3.38;0.0;1.8;2.3;345;128;14.47;14.21;0.982;0;1;0;0;0;1;0;0;0;1;0;375;;156;46;9;73
947.0;768;26;26;0;3.47;76;0;50;20;0;66;4;0.41;1.0;1.0;0;0;213;0;20;3.25;0.0;1.77;2.2;345;128;14.47;14.41;0.996;0;1;0;0;0;1;0;0;0;1;0;371;;158;46;9;41
947.4;820;26;26;0;3.47;76;0;54;16;0;66;5;0.41;1.0;1.0;0;0;213;0;16;3.25;0.0;1.77;2.4;345;128;14.47;14.41;0.996;0;1;0;0;1;1;0;0;0;1;0;368;;158;46;7;69
947.8;871;26;26;0;3.47;76;0;55;15;0;65;5;0.41;1.0;1.0;0;0;213;0;15;3.25;0.0;1.77;2.5;345;128;14.47;14.81;1.023;0;1;0;0;1;1;0;0;0;1;0;364;;158;46;7;89
948.21;871;27;27;0;3.48;75;0;55;15;0;65;5;0.41;1.0;1.0;0;0;213;0;15;3.38;0.0;1.77;2.5;345;128;14.47;14.81;1.023;0;1;0;0;1;1;0;0;0;1;0;363;;159;46;8;90
948.6;871;26;26;0;3.38;75;0;55;15;0;64;4;0.41;1.0;1.0;0;0;213;0;15;3.25;0.0;1.73;2.5;345;128;14.47;14.81;1.023;0;1;0;0;1;1;0;0;0;1;0;359;;159;46;8;89
948.81;768;26;26;0;3.46;75;0;55;15;0;65;4;0.41;1.0;1.0;0;0;213;0;15;3.25;0.0;1.76;2.2;345;128;14.47;14.71;1.017;0;1;0;0;1;1;0;0;0;1;0;367;;159;46;8;40
949.22;717;27;27;0;3.47;76;0;55;15;0;66;4;0.41;1.0;1.0;0;0;213;0;15;3.38;0.0;1.77;2.1;345;128;14.47;14.71;1.017;0;1;0;0;1;1;0;0;0;1;0;372;;157;46;3;90
949.63;845;25;25;0;3.32;74;0;55;15;0;64;5;0.4;1.0;1.0;0;0;213;0;15;3.12;0.0;1.7;2.3;345;128;14.47;14.71;1.017;0;1;0;0;1;1;0;0;0;1;0;359;;160;46;2;84
950.01;948;23;23;0;3.15;74;0;55;15;0;61;5;0.38;1.0;1.0;0;0;213;0;15;2.88;0.0;1.63;2.5;345;128;14.47;14.11;0.975;0;1;0;0;1;1;0;0;0;1;0;335;;160;46;7;86
950.44;948;21;21;0;2.93;75;0;55;15;0;60;4;0.37;1.0;1.0;0;0;213;0;15;2.62;0.0;1.55;2.3;345;128;14.7;14.11;0.96;0;1;0;0;1;1;0;0;0;1;0;321;;160;46;10;36
950.83;832;21;21;0;2.9;74;0;55;15;0;60;4;0.35;1.0;1.0;0;0;213;0;15;2.62;0.0;1.53;2.0;345;128;14.7;14.51;0.987;0;1;0;0;1;1;0;0;0;1;0;325;;160;46;10;85
951.23;781;23;23;0;3.07;74;0;55;15;0;62;4;0.38;1.0;1.0;0;0;213;0;15;2.88;0.0;1.6;2.0;345;128;14.47;14.51;1.003;0;1;0;0;1;1;0;0;0;1;0;340;;160;46;7;86
951.63;832;24;24;0;3.26;75;0;55;15;0;63;4;0.38;1.0;1.0;0;0;213;0;15;3.0;0.0;1.68;2.3;345;128;14.47;14.51;1.003;0;1;0;0;1;1;0;0;0;1;0;348;;159;46;7;88
952.04;884;24;24;0;3.21;75;0;55;15;0;62;4;0.38;1.0;1.0;0;0;213;0;15;3.0;0.0;1.66;2.4;345;128;14.47;14.91;1.03;0;1;0;0;1;1;0;0;0;1;0;341;;159;46;5;86
952.44;832;21;21;0;2.91;75;0;55;15;0;61;4;0.36;1.0;1.0;0;0;213;0;15;2.62;0.0;1.54;2.0;345;128;14.7;14.91;1.014;0;1;0;0;1;1;0;0;0;1;0;329;;159;46;8;41
952.84;781;21;21;0;2.96;75;0;55;15;0;61;3;0.37;1.0;1.0;0;0;213;0;15;2.62;0.0;1.56;1.9;345;128;14.7;14.91;1.014;0;1;0;0;1;1;0;0;0;1;0;334;;159;46;9;86
953.25;832;24;24;0;3.2;74;0;55;15;0;63;4;0.38;1.0;1.0;0;0;213;0;15;3.0;0.0;1.65;2.2;345;128;14.47;14.91;1.03;0;1;0;0;1;1;0;0;0;1;0;348;;160;46;5;42
953.66;871;24;24;0;3.2;74;0;55;15;0;62;4;0.38;1.0;1.0;0;0;213;0;15;3.0;0.0;1.65;2.3;345;128;14.47;14.91;1.03;0;1;0;0;1;1;0;0;0;1;0;342;;160;46;3;86
953.86;832;21;21;0;2.97;74;0;55;15;0;61;4;0.36;1.0;1.0;0;0;213;0;15;2.62;0.0;1.56;2.1;345;128;14.7;14.21;0.967;0;1;0;0;1;1;0;0;0;1;0;331;;160;46;7;85
954.25;922;22;22;0;3.0;74;0;55;15;0;61;4;0.38;1.0;1.0;0;0;213;0;15;2.75;0.0;1.57;2.3;345;128;14.7;14.21;0.967;0;1;0;0;1;1;0;0;0;1;0;331;;160;46;9;41
954.66;871;22;22;0;3.02;74;0;55;15;0;61;4;0.37;1.0;1.0;0;0;213;0;15;2.75;0.0;1.58;2.2;345;128;14.7;14.21;0.967;0;1;0;0;1;1;0;0;0;1;0;335;;160;46;7;86
955.08;871;24;24;0;3.17;74;0;55;15;0;62;4;0.38;1.0;1.0;0;0;213;0;15;3.0;0.0;1.64;2.3;345;128;14.47;14.52;1.003;0;1;0;0;1;1;0;0;0;1;0;340;;160;46;6;41
955.46;820;23;23;0;3.07;74;0;55;15;0;62;4;0.38;1.0;1.0;0;0;213;0;15;2.88;0.0;1.6;2.1;345;128;14.47;14.52;1.003;0;1;0;0;1;1;0;0;0;1;0;339;;160;46;4;86
955.88;922;22;22;0;3.0;74;0;55;15;0;61;4;0.38;1.0;1.0;0;0;213;0;15;2.75;0.0;1.57;2.3;345;128;14.7;14.52;0.988;0;1;0;0;1;1;0;0;0;1;0;333;;160;46;7;86
956.28;871;22;22;0;3.05;74;0;55;15;0;61;4;0.37;1.0;1.0;0;0;213;0;15;2.75;0.0;1.59;2.2;345;128;14.7;14.52;0.988;0;1;0;0;1;1;0;0;0;1;0;334;;161;46;8;86
956.67;730;22;22;0;3.07;74;0;55;15;0;62;4;0.38;1.0;1.0;0;0;213;0;15;2.75;0.0;1.6;1.9;345;128;14.7;14.52;0.988;0;1;0;0;1;1;0;0;0;1;0;339;;160;46;5;86
957.1;807;23;23;0;3.15;74;0;55;15;0;62;4;0.38;1.0;1.0;0;0;213;0;15;2.88;0.0;1.63;2.1;345;128;14.47;15.11;1.044;0;1;0;0;1;1;0;0;0;1;0;342;;160;46;3;86
957.48;832;22;22;0;3.02;74;0;55;15;0;61;4;0.36;1.0;1.0;0;0;213;0;15;2.75;0.0;1.58;2.1;345;128;14.7;15.11;1.028;0;1;0;0;1;1;0;0;0;1;0;334;;160;46;6;86
957.89;820;21;21;0;2.95;74;0;55;15;0;61;4;0.36;1.0;1.0;0;0;213;0;15;2.62;0.0;1.55;2.0;345;128;14.7;14.81;1.007;0;1;0;0;1;1;0;0;0;1;0;330;;160;46;8;85
958.29;781;23;23;0;3.1;74;0;55;15;0;62;4;0.38;1.0;1.0;0;0;213;0;15;2.88;0.0;1.61;2.0;345;128;14.47;14.81;1.023;0;1;0;0;1;1;0;0;0;1;0;336;;160;46;6;86
958.7;820;23;23;0;3.08;75;0;55;15;0;62;4;0.38;1.0;1.0;0;0;213;0;15;2.88;0.0;1.61;2.1;345;128;14.47;14.81;1.023;0;1;0;0;1;1;0;0;0;1;0;341;;159;46;4;86
959.09;781;23;23;0;3.07;74;0;55;15;0;62;4;0.38;1.0;1.0;0;0;213;0;15;2.88;0.0;1.6;2.0;345;128;14.47;14.61;1.01;0;1;0;0;1;1;0;0;0;1;0;339;;160;46;3;86
959.31;820;22;22;0;3.0;74;0;55;15;0;61;4;0.36;1.0;1.0;0;0;213;0;15;2.75;0.0;1.57;2.0;345;128;14.7;14.61;0.994;0;1;0;0;1;1;0;0;0;1;0;333;;160;46;7;86
959.71;820;22;22;0;2.97;74;0;55;15;0;61;4;0.36;1.0;1.0;0;0;213;0;15;2.75;0.0;1.56;2.0;345;128;14.7;14.61;0.994;0;1;0;0;1;1;0;0;0;1;0;334;;160;46;8;86
960.11;845;23;23;0;3.12;74;0;55;15;0;62;4;0.38;1.0;1.0;0;0;213;0;15;2.88;0.0;1.62;2.2;345;128;14.47;14.31;0.989;0;1;0;0;1;1;0;0;0;1;0;342;;160;46;6;86
960.52;756;22;22;0;3.07;74;0;55;15;0;62;4;0.38;1.0;1.0;0;0;213;0;15;2.75;0.0;1.6;1.9;345;128;14.7;14.31;0.973;0;1;0;0;1;1;0;0;0;1;0;337;;160;46;5;86
960.91;807;22;22;0;3.0;74;0;55;15;0;61;4;0.37;1.0;1.0;0;0;213;0;15;2.75;0.0;1.57;2.0;345;128;14.7;14.31;0.973;0;1;0;0;1;1;0;0;0;1;0;333;;160;46;8;86
961.32;832;22;22;0;3.0;74;0;55;15;0;61;4;0.36;1.0;1.0;0;0;213;0;15;2.75;0.0;1.57;2.1;345;128;14.7;14.31;0.973;0;1;0;0;1;1;0;0;0;1;0;335;;160;46;8;86
961.72;832;23;23;0;3.1;74;0;55;15;0;62;4;0.38;1.0;1.0;0;0;213;0;15;2.88;0.0;1.61;2.1;345;128;14.47;14.31;0.989;0;1;0;0;1;1;0;0;0;1;0;337;;160;46;8;86
962.13;807;24;24;0;3.22;74;0;55;15;0;63;4;0.39;1.0;1.0;0;0;213;0;15;3.0;0.0;1.66;2.2;345;128;14.47;14.61;1.01;0;1;0;0;1;1;0;0;0;1;0;344;;160;46;6;86
962.53;884;23;23;0;3.15;74;0;55;15;0;62;4;0.38;1.0;1.0;0;0;213;0;15;2.88;0.0;1.63;2.3;345;128;14.47;14.61;1.01;0;1;0;0;1;1;0;0;0;1;0;338;;160;46;6;86
962.95;884;22;22;0;3.01;75;0;55;15;0;61;4;0.37;1.0;1.0;0;0;213;0;15;2.75;0.0;1.58;2.2;345;128;14.7;14.61;0.994;0;1;0;0;1;1;0;0;0;1;0;333;;159;46;8;86
963.33;781;22;22;0;3.05;74;0;55;15;0;61;4;0.37;1.0;1.0;0;0;213;0;15;2.75;0.0;1.59;2.0;345;128;14.7;14.61;0.994;0;1;0;0;1;1;0;0;0;1;0;335;;160;46;8;146
963.74;832;23;23;0;3.15;74;0;55;15;0;62;4;0.38;1.0;1.0;0;0;213;0;15;2.88;0.0;1.63;2.2;345;128;14.47;14.61;1.01;0;1;0;0;1;1;0;0;0;1;0;342;;160;46;5;41
964.13;756;23;23;0;3.07;74;0;55;15;0;62;4;0.38;1.0;1.0;0;0;213;0;15;2.88;0.0;1.6;1.9;345;128;14.47;14.61;1.01;0;1;0;0;1;1;0;0;0;1;0;339;;160;46;7;41
964.54;807;23;23;0;3.15;74;0;55;15;0;62;4;0.38;1.0;1.0;0;0;213;0;15;2.88;0.0;1.63;2.1;345;128;14.47;14.61;1.01;0;1;0;0;1;1;0;0;0;1;0;340;;160;46;7;86
964.95;845;22;22;0;3.05;74;0;55;15;0;62;4;0.38;1.0;1.0;0;0;213;0;15;2.75;0.0;1.59;2.1;345;128;14.7;14.41;0.98;0;1;0;0;1;1;0;0;0;1;0;337;;160;46;8;41
965.16;768;22;22;0;3.05;74;0;55;15;0;62;4;0.38;1.0;1.0;0;0;213;0;15;2.75;0.0;1.59;2.0;345;128;14.7;14.41;0.98;0;1;0;0;1;1;0;0;0;1;0;336;;160;46;8;86
965.56;781;23;23;0;3.12;74;0;55;15;0;62;4;0.38;1.0;1.0;0;0;213;0;15;2.88;0.0;1.62;2.0;345;128;14.47;14.41;0.996;0;1;0;0;1;1;0;0;0;1;0;338;;160;46;6;86
965.97;730;23;23;0;3.07;75;0;55;15;0;62;3;0.38;1.0;1.0;0;0;213;0;15;2.88;0.0;1.6;1.9;345;128;14.47;14.41;0.996;0;1;0;0;1;1;0;0;0;1;0;336;;159;46;7;86
966.36;730;23;23;0;3.1;74;0;55;15;0;62;3;0.38;1.0;1.0;0;0;213;0;15;2.88;0.0;1.61;1.9;345;128;14.47;14.41;0.996;0;1;0;0;1;1;0;0;0;1;0;341;;160;46;8;86
966.77;832;23;23;0;3.15;74;0;55;15;0;62;4;0.38;1.0;1.0;0;0;213;0;15;2.88;0.0;1.63;2.2;345;128;14.47;14.41;0.996;0;1;0;0;1;1;0;0;0;1;0;341;;160;46;8;86
967.17;717;22;22;0;3.0;74;0;55;15;0;61;3;0.37;1.0;1.0;0;0;213;0;15;2.75;0.0;1.57;1.8;345;128;14.7;14.61;0.994;0;1;0;0;1;1;0;0;0;1;0;334;;161;46;8;86
967.56;704;23;23;0;3.1;76;0;55;15;0;62;3;0.39;1.0;1.0;0;0;213;0;15;2.88;0.0;1.62;1.8;345;128;14.47;14.61;1.01;0;1;0;0;1;1;0;0;0;1;0;342;;157;46;8;86
967.97;730;23;23;0;3.1;74;0;55;15;0;62;4;0.38;1.0;1.0;0;0;213;0;15;2.88;0.0;1.61;1.9;345;128;14.47;14.11;0.975;0;1;0;0;1;1;0;0;0;1;0;342;;160;46;7;87
968.38;820;23;23;0;3.15;74;0;55;15;0;62;4;0.38;1.0;1.0;0;0;213;0;15;2.88;0.0;1.63;2.2;345;128;14.47;14.11;0.975;0;1;0;0;1;1;0;0;0;1;0;339;;160;46;8;86
968.77;730;21;21;0;2.97;74;0;55;15;0;61;3;0.37;1.0;1.0;0;0;213;0;15;2.62;0.0;1.56;1.8;345;128;14.7;14.11;0.96;0;1;0;0;1;1;0;0;0;1;0;335;;160;46;8;86
969.17;704;23;23;0;3.07;74;0;55;15;0;62;3;0.39;1.0;1.0;0;0;213;0;15;2.88;0.0;1.6;1.8;345;128;14.47;14.41;0.996;0;1;0;0;1;1;0;0;0;1;0;340;;160;46;7;86
969.57;832;23;23;0;3.1;74;0;55;15;0;62;4;0.38;1.0;1.0;0;0;213;0;15;2.88;0.0;1.61;2.1;345;128;14.47;14.41;0.996;0;1;0;0;1;1;0;0;0;1;0;342;;160;46;8;145
969.98;768;23;23;0;3.15;74;0;55;15;0;62;4;0.38;1.0;1.0;0;0;213;0;15;2.88;0.0;1.63;2.0;345;128;14.47;14.31;0.989;0;1;0;0;1;1;0;0;0;1;0;340;;160;46;8;86
970.39;768;21;21;0;2.97;74;0;55;15;0;61;3;0.37;1.0;1.0;0;0;213;0;15;2.62;0.0;1.56;1.9;345;128;14.7;14.31;0.973;0;1;0;0;1;1;0;0;0;1;0;335;;160;46;8;43
970.78;807;23;24;0;3.17;76;0;55;15;0;62;4;0.38;1.0;1.0;0;0;213;0;15;2.88;0.0;1.65;2.1;345;128;14.47;14.31;0.989;0;1;0;0;1;1;0;0;0;1;0;340;;158;46;8;86
970.99;768;24;24;0;3.25;76;0;55;15;0;63;4;0.39;1.0;1.0;0;0;213;0;15;3.0;0.0;1.68;2.1;345;128;14.47;14.81;1.023;0;1;0;0;1;1;0;0;0;1;0;346;;158;46;7;86
971.39;768;23;23;0;3.12;74;0;55;15;0;62;4;0.38;1.0;1.0;0;0;213;0;15;2.88;0.0;1.62;2.0;345;128;14.47;14.81;1.023;0;1;0;0;1;1;0;0;0;1;0;338;;160;46;8;86
971.79;768;23;23;0;3.07;74;0;55;15;0;62;3;0.38;1.0;1.0;0;0;213;0;15;2.88;0.0;1.6;2.0;345;128;14.47;14.61;1.01;0;1;0;0;1;1;0;0;0;1;0;336;;160;46;8;86
972.19;820;24;24;0;3.17;76;0;55;15;0;62;4;0.38;1.0;1.0;0;0;213;0;15;3.0;0.0;1.65;2.2;345;128;14.47;14.61;1.01;0;1;0;0;1;1;0;0;0;1;0;341;;158;46;7;86
972.59;768;24;24;0;3.17;74;0;55;15;0;62;4;0.38;1.0;1.0;0;0;213;0;15;3.0;0.0;1.64;2.0;345;128;14.47;14.61;1.01;0;1;0;0;1;1;0;0;0;1;0;340;;160;46;7;86
973.0;730;23;23;0;3.1;74;0;55;15;0;62;4;0.38;1.0;1.0;0;0;213;0;15;2.88;0.0;1.61;1.9;345;128;14.47;14.31;0.989;0;1;0;0;1;1;0;0;0;1;0;337;;160;46;7;86
973.39;768;23;23;0;3.11;75;0;55;15;0;62;4;0.38;1.0;1.0;0;0;213;0;15;2.88;0.0;1.62;2.0;345;128;14.47;14.31;0.989;0;1;0;0;1;1;0;0;0;1;0;341;;159;46;8;86
973.81;781;24;24;0;3.2;74;0;55;15;0;63;4;0.39;1.0;1.0;0;0;213;0;15;3.0;0.0;1.65;2.1;345;128;14.47;14.31;0.989;0;1;0;0;1;1;0;0;0;1;0;345;;160;46;8;86
974.2;756;23;23;0;3.1;74;0;55;15;0;62;4;0.38;1.0;1.0;0;0;213;0;15;2.88;0.0;1.61;2.0;345;128;14.47;14.31;0.989;0;1;0;0;1;1;0;0;0;1;0;337;;160;46;8;86
974.6;820;23;23;0;3.1;74;0;55;15;0;62;4;0.38;1.0;1.0;0;0;213;0;15;2.88;0.0;1.61;2.1;345;128;14.47;14.31;0.989;0;1;0;0;1;1;0;0;0;1;0;338;;160;46;8;86
975.02;730;22;22;0;3.05;74;0;55;15;0;61;3;0.37;1.0;1.0;0;0;213;0;15;2.75;0.0;1.59;1.9;345;128;14.7;14.41;0.98;0;1;0;0;1;1;0;0;0;1;0;335;;161;46;8;85
975.4;704;23;23;0;3.1;74;0;55;15;0;62;3;0.39;1.0;1.0;0;0;213;0;15;2.88;0.0;1.61;1.8;345;128;14.47;14.41;0.996;0;1;0;0;1;1;0;0;0;1;0;338;;160;46;7;86
975.82;1140;59;59;0;6.8;76;0;56;19;0;87;14;0.62;1.0;1.0;0;0;213;0;14;7.38;0.0;3.1;6.5;345;128;14.7;10.71;0.729;0;1;0;0;1;1;0;0;0;1;0;528;;158;46;8;146
976.22;1537;46;46;15;5.17;74;0;32;38;0;79;16;0.59;1.0;1.0;0;0;213;0;38;5.75;8.7;2.44;6.6;345;128;14.7;10.71;0.729;0;1;0;0;1;0;0;0;0;1;0;469;;160;46;9;106
976.61;2100;15;15;1;2.35;74;0;33;37;0;51;7;0.3;1.0;1.0;0;0;213;0;37;1.88;0.6;1.31;4.1;345;128;14.82;10.71;0.723;0;1;0;0;1;0;0;0;0;1;0;253;;161;46;9;73
976.8;1934;15;15;1;2.3;74;0;35;35;0;50;6;0.3;1.0;1.0;0;0;213;0;35;1.88;0.6;1.29;3.7;345;128;14.82;13.11;0.885;0;1;0;0;1;0;0;0;0;1;0;250;;161;46;9;76
977.23;1780;17;17;1;2.5;74;0;37;33;0;52;6;0.34;1.0;1.0;0;0;213;0;33;2.12;0.6;1.37;3.7;345;128;14.7;13.11;0.892;0;1;0;0;1;0;0;0;0;1;0;261;;161;46;9;77
977.62;1639;18;18;1;2.6;74;0;38;32;0;53;6;0.35;1.0;1.0;0;0;213;0;32;2.25;0.6;1.41;3.6;345;128;14.7;13.11;0.892;0;1;0;0;1;0;0;0;0;1;0;268;;161;46;8;77
978.02;1614;17;17;1;2.52;74;0;38;32;0;52;6;0.33;1.0;1.0;0;0;213;0;32;2.12;0.6;1.38;3.4;345;128;14.7;13.61;0.926;0;1;0;0;1;0;0;0;0;1;0;267;;161;46;8;77
978.43;1729;25;25;5;3.3;74;0;30;40;0;59;9;0.43;1.0;1.0;0;0;213;0;40;3.12;2.9;1.69;4.8;345;128;14.7;13.61;0.926;0;1;0;0;1;0;0;0;0;1;0;317;;161;46;8;85
978.81;1755;13;13;0;2.2;74;0;54;24;0;49;5;0.29;1.0;1.0;0;0;213;0;16;1.62;0.0;1.25;3.2;345;128;14.7;13.52;0.92;0;1;0;0;1;1;0;0;0;1;0;246;;160;46;8;72
979.23;832;35;35;12;4.2;74;0;47;25;0;78;7;0.48;1.0;1.0;0;0;213;0;23;4.38;7.0;2.05;2.9;345;128;14.59;13.52;0.927;0;1;0;0;1;0;0;0;0;1;0;456;;161;47;2;74
979.62;1870;41;41;10;4.8;74;0;29;41;0;72;17;0.55;1.0;1.0;0;0;213;0;41;5.12;5.8;2.29;7.5;345;128;14.82;13.52;0.912;0;1;0;0;1;0;0;0;0;1;0;417;;160;47;1;100
980.02;2254;25;25;10;3.25;74;0;25;47;0;60;12;0.42;1.0;1.0;0;0;213;0;45;3.12;5.8;1.67;6.1;345;128;14.82;14.21;0.959;0;1;0;0;1;0;0;0;0;1;0;323;;160;47;8;84
980.42;2356;22;22;9;2.96;75;0;26;44;0;56;11;0.39;1.0;1.0;0;0;213;0;44;2.75;5.2;1.56;5.8;345;128;14.82;14.21;0.959;0;1;0;0;1;0;0;0;0;1;0;294;;159;47;7;82
980.84;2267;21;21;9;2.95;76;0;26;44;0;56;11;0.39;1.0;1.0;0;0;213;0;44;2.62;5.2;1.56;5.6;345;128;14.82;15.01;1.013;0;1;0;0;1;0;0;0;0;1;0;293;;158;47;7;42
981.24;2267;21;21;8;2.91;75;0;26;44;0;56;11;0.39;1.0;1.0;0;0;213;0;44;2.62;4.7;1.54;5.5;345;128;14.82;15.01;1.013;0;1;0;0;1;0;0;0;0;1;0;293;;159;47;6;82
981.64;2254;20;20;8;2.83;75;0;28;42;0;55;10;0.38;1.0;1.0;0;0;213;0;42;2.5;4.7;1.51;5.3;345;128;14.82;15.01;1.013;0;1;0;0;1;0;0;0;0;1;0;290;;159;47;5;82
982.04;2139;21;21;8;2.92;74;0;26;44;0;56;10;0.39;1.0;1.0;0;0;213;0;44;2.62;4.7;1.54;5.2;345;128;14.82;14.81;0.999;0;1;0;0;1;0;0;0;0;1;0;294;;160;47;2;83
982.45;2152;20;20;8;2.77;74;0;28;42;0;55;9;0.37;1.0;1.0;0;0;213;0;42;2.5;4.7;1.48;5.0;345;128;14.82;14.81;0.999;0;1;0;0;1;0;0;0;0;1;0;291;;160;47;5;82
982.83;2100;21;21;7;2.92;74;0;28;42;0;56;10;0.39;1.0;1.0;0;0;213;0;42;2.62;4.1;1.54;5.1;345;128;14.82;14.71;0.993;0;1;0;0;1;0;0;0;0;1;0;292;;160;47;2;41
983.04;2190;22;22;7;2.95;74;0;27;44;0;56;10;0.39;1.0;1.0;0;0;213;0;43;2.75;4.1;1.55;5.4;345;128;14.82;14.71;0.993;0;1;0;0;1;0;0;0;0;1;0;293;;161;47;1;82
983.43;2164;21;21;7;2.85;74;0;28;44;0;55;10;0.37;1.0;1.0;0;0;213;0;42;2.62;4.1;1.51;5.1;345;128;14.82;14.71;0.993;0;1;0;0;1;0;0;0;0;1;0;291;;160;47;5;82
983.83;2113;13;13;0;2.18;75;0;36;25;0;49;6;0.28;1.0;1.0;0;0;213;0;34;1.62;0.0;1.25;3.8;345;128;14.82;13.11;0.885;0;1;0;0;1;1;0;0;0;1;0;240;;159;47;5;75
984.23;1306;15;15;0;2.37;76;0;66;18;0;52;4;0.3;1.0;1.0;0;0;213;0;4;1.88;0.0;1.33;2.6;345;128;14.7;13.11;0.892;0;1;0;0;1;1;0;0;0;1;0;263;;159;47;5;77
984.66;628;24;24;0;3.18;77;0;63;15;0;63;3;0.4;1.0;1.0;0;0;213;0;7;3.0;0.0;1.66;1.7;345;128;14.7;13.11;0.892;0;1;0;0;1;1;0;0;0;1;0;346;;156;48;0;88
985.05;717;33;33;0;4.05;76;0;59;15;0;71;5;0.45;1.0;1.0;0;0;213;0;11;4.12;0.0;2.0;2.4;345;128;14.59;21.62;1.482;0;1;0;0;1;1;0;0;0;1;0;407;;157;48;0;88
985.44;986;24;24;0;3.2;74;0;55;15;0;62;5;0.4;1.0;1.0;0;0;213;0;15;3.0;0.0;1.65;2.6;345;128;14.47;21.62;1.494;0;1;0;0;1;1;0;0;0;1;0;336;;161;48;0;86
985.84;999;21;21;0;2.87;74;0;55;15;0;58;4;0.36;1.0;1.0;0;0;213;0;15;2.62;0.0;1.52;2.4;345;128;14.7;14.01;0.953;0;1;0;0;1;1;0;0;0;1;0;309;;160;48;8;84
986.25;768;20;20;0;2.85;74;0;55;15;0;60;3;0.36;1.0;1.0;0;0;210;0;15;2.5;0.0;1.51;1.8;345;128;14.7;14.01;0.953;0;1;0;0;1;1;0;0;0;1;0;321;;160;50;8;85
986.66;717;37;37;56;4.45;76;0;51;23;0;81;6;0.52;1.0;1.0;0;0;210;0;19;4.62;32.6;2.16;2.7;345;128;14.59;14.01;0.96;0;1;0;0;1;0;0;0;0;1;0;480;;157;50;7;106
987.07;1883;30;30;0;3.75;76;0;48;25;0;63;13;0.47;1.0;1.0;0;0;211;0;22;3.75;0.0;1.88;5.9;345;128;14.82;9.11;0.615;0;1;0;0;1;1;0;0;0;1;0;350;;157;47;9;88
987.46;1447;15;15;0;2.3;74;0;63;20;0;51;5;0.3;1.0;1.0;0;0;211;0;7;1.88;0.0;1.29;2.8;345;128;14.7;9.11;0.62;0;1;0;0;1;1;0;0;0;1;0;253;;160;47;9;76
987.87;2203;93;93;81;11;76;0;52;19;0;106;41;0.81;1.0;1.0;0;0;211;0;18;11.62;47.1;4.92;20.8;345;128;12.06;10.01;0.83;0;1;0;0;1;0;0;0;0;1;0;673;;157;48;1;154
988.27;2689;13;13;0;2.18;75;0;37;25;0;45;8;0.31;1.0;1.0;0;0;211;0;33;1.62;0.0;1.25;4.9;345;128;14.93;10.01;0.67;0;1;0;0;1;1;0;0;0;1;0;213;;159;48;8;73
988.67;1972;11;11;0;1.97;74;0;65;25;0;46;5;0.26;1.0;1.0;0;0;211;0;5;1.38;0.0;1.16;3.2;345;128;14.82;10.01;0.675;0;1;0;0;1;1;0;0;0;1;0;221;;160;48;3;73
989.07;1281;15;15;0;2.35;74;0;72;17;0;52;4;0.3;1.0;1.0;0;0;211;0;-2;1.88;0.0;1.31;2.5;345;128;14.7;10.01;0.681;0;1;0;0;1;1;0;0;0;1;0;263;;160;48;1;77
989.26;768;26;26;6;3.36;73;0;62;21;0;66;4;0.41;1.0;1.0;0;0;211;0;8;3.25;3.5;1.71;2.2;345;128;14.47;10.01;0.692;0;1;0;0;1;0;0;0;0;1;0;368;;162;48;0;90
989.67;1639;34;34;0;4.07;74;0;49;23;0;64;12;0.5;1.0;1.0;0;0;211;0;21;4.25;0.0;2.0;5.6;345;128;14.7;10.01;0.681;0;1;0;0;1;1;0;0;0;1;0;359;;159;48;0;73
990.07;1165;20;20;4;2.8;76;0;53;30;0;58;5;0.38;1.0;1.0;0;0;211;0;17;2.5;2.3;1.5;2.7;345;128;14.7;11.21;0.763;0;1;0;0;1;0;0;0;0;1;0;310;;158;47;10;84
990.47;1883;50;50;0;5.65;74;0;44;24;0;78;19;0.59;1.0;1.0;0;0;211;0;26;6.25;0.0;2.63;8.9;345;128;14.82;11.21;0.756;0;1;0;0;1;1;0;0;0;1;0;457;;159;47;1;106
990.87;1703;63;63;48;9.53;75;181;34;36;0;92;25;0.71;1.0;1.0;0;0;211;0;36;7.88;27.9;4.19;13.5;345;128;14.04;10.91;0.777;0;1;0;0;1;0;0;0;0;1;0;565;;159;47;9;107
991.28;4137;62;62;38;7.22;78;0;36;34;0;90;56;0.66;1.0;1.0;0;0;211;0;34;7.75;22.1;3.28;24.9;345;128;13.63;10.91;0.8;0;1;0;0;1;0;0;0;0;1;0;550;;155;47;9;148
991.67;3624;10;10;0;1.9;76;0;48;25;0;41;8;0.26;1.0;1.0;0;0;211;0;22;1.25;0.0;1.14;5.7;345;128;14.7;10.91;0.742;0;1;0;0;1;1;0;0;0;1;0;184;;157;47;3;54
992.07;2754;12;12;0;2.1;76;0;65;25;0;43;8;0.3;1.0;1.0;0;0;211;0;5;1.5;0.0;1.22;4.8;345;128;14.93;10.91;0.731;0;1;0;0;1;1;0;0;0;1;0;196;;158;48;1;37
992.48;1947;11;11;0;1.98;75;0;65;25;0;46;5;0.26;1.0;1.0;0;0;211;0;5;1.38;0.0;1.17;3.2;345;128;14.82;10.91;0.736;0;1;0;0;1;1;0;0;0;1;0;220;;159;47;1;73
992.89;1217;15;15;0;2.28;73;0;72;16;0;52;4;0.3;1.0;1.0;0;0;211;0;-2;1.88;0.0;1.28;2.3;345;128;14.7;10.91;0.742;0;1;0;0;1;1;0;0;0;1;0;265;;162;47;1;77
993.29;730;20;20;0;2.78;73;0;69;15;0;60;3;0.36;1.0;1.0;0;0;211;0;1;2.5;0.0;1.48;1.7;345;128;14.7;10.91;0.742;0;1;0;0;1;1;0;0;0;1;0;324;;162;47;1;85
993.69;602;31;31;0;3.85;78;0;65;15;0;70;4;0.45;1.0;1.0;0;0;213;0;5;3.88;0.0;1.93;1.9;345;128;14.7;10.91;0.742;0;1;0;0;1;1;0;0;0;1;0;396;;154;47;0;99
994.08;820;31;31;0;3.82;76;0;61;15;0;69;5;0.43;1.0;1.0;0;0;213;0;9;3.88;0.0;1.91;2.6;345;128;14.59;16.01;1.097;0;1;0;0;1;1;0;0;0;1;0;392;;158;47;0;146
994.48;922;24;24;0;3.17;74;0;55;15;0;62;5;0.39;1.0;1.0;0;0;213;0;15;3.0;0.0;1.64;2.4;345;128;14.47;16.01;1.106;0;1;0;0;1;1;0;0;0;1;0;337;;160;47;5;76
994.89;845;22;22;0;3.0;74;0;55;15;0;61;4;0.36;1.0;1.0;0;0;213;0;15;2.75;0.0;1.57;2.1;345;128;14.7;14.51;0.987;0;1;0;0;1;1;0;0;0;1;0;328;;159;47;10;51
995.29;807;23;23;0;3.13;75;0;55;15;0;62;4;0.38;1.0;1.0;0;0;213;0;15;2.88;0.0;1.63;2.1;345;128;14.47;14.51;1.003;0;1;0;0;1;1;0;0;0;1;0;340;;159;47;10;86
995.5;781;24;24;0;3.18;75;0;55;15;0;63;4;0.39;1.0;1.0;0;0;213;0;15;3.0;0.0;1.65;2.1;345;128;14.47;14.51;1.003;0;1;0;0;1;1;0;0;0;1;0;346;;159;47;9;88
995.89;807;24;24;0;3.22;74;0;55;15;0;63;4;0.39;1.0;1.0;0;0;213;0;15;3.0;0.0;1.66;2.2;345;128;14.47;15.01;1.037;0;1;0;0;1;1;0;0;0;1;0;346;;160;47;9;88
999.11;820;24;24;0;3.22;74;0;55;15;0;63;4;0.38;1.0;1.0;2;1;213;0;15;3.0;0.0;1.66;2.2;345;128;14.47;14.11;0.975;0;1;0;0;1;1;0;0;0;1;0;344;;161;47;10;87
999.52;820;24;24;0;3.22;74;0;55;15;0;63;4;0.38;1.0;1.0;2;1;213;0;15;3.0;0.0;1.66;2.2;345;128;14.47;14.11;0.975;0;1;0;0;1;1;0;0;0;1;0;344;;161;47;10;87
999.92;820;24;24;0;3.22;74;0;55;15;0;63;4;0.38;1.0;1.0;2;1;213;0;15;3.0;0.0;1.66;2.2;345;128;14.47;13.81;0.954;0;1;0;0;1;1;0;0;0;1;0;344;;161;47;10;87
1000.31;845;23;23;0;3.1;74;0;55;15;0;62;4;0.38;1.0;1.0;2;1;213;0;15;2.88;0.0;1.61;2.2;345;128;14.47;13.81;0.954;0;1;0;0;1;1;0;0;0;1;0;339;;161;47;10;41
1000.71;781;23;23;0;3.1;74;0;55;15;0;62;4;0.38;1.0;1.0;2;1;213;0;15;2.88;0.0;1.61;2.0;345;128;14.47;13.81;0.954;0;1;0;0;1;1;0;0;0;1;0;340;;161;47;10;86
1001.11;832;24;24;0;3.17;74;0;55;15;0;63;4;0.38;1.0;1.0;2;1;213;0;15;3.0;0.0;1.64;2.2;345;128;14.47;14.31;0.989;0;1;0;0;1;1;0;0;0;1;0;345;;161;47;10;88
1001.51;820;23;23;0;3.1;74;0;55;15;0;62;4;0.38;1.0;1.0;2;1;213;0;15;2.88;0.0;1.61;2.1;345;128;14.47;14.31;0.989;0;1;0;0;1;1;0;0;0;1;0;342;;161;47;10;86
1001.94;781;23;23;0;3.1;74;0;55;15;0;62;4;0.38;1.0;1.0;2;1;213;0;15;2.88;0.0;1.61;2.0;345;128;14.47;14.51;1.003;0;1;0;0;1;1;0;0;0;1;0;340;;161;47;10;86
1002.33;807;23;23;0;3.12;74;0;55;15;0;62;4;0.38;1.0;1.0;2;1;213;0;15;2.88;0.0;1.62;2.1;345;128;14.47;14.51;1.003;0;1;0;0;1;1;0;0;0;1;0;342;;161;47;10;86
1002.73;845;23;23;0;3.15;74;0;55;15;0;62;4;0.38;1.0;1.0;2;1;213;0;15;2.88;0.0;1.63;2.2;345;128;14.47;14.51;1.003;0;1;0;0;1;1;0;0;0;1;0;340;;161;47;10;86
1003.13;768;23;23;0;3.1;74;0;55;15;0;62;4;0.38;1.0;1.0;2;1;213;0;15;2.88;0.0;1.61;2.0;345;128;14.47;14.21;0.982;0;1;0;0;1;1;0;0;0;1;0;340;;161;46;9;86
1003.54;820;24;24;0;3.17;74;0;55;15;0;63;4;0.38;1.0;1.0;2;1;213;0;15;3.0;0.0;1.64;2.2;345;128;14.47;14.21;0.982;0;1;0;0;1;1;0;0;0;1;0;347;;161;46;9;70
1003.94;768;23;23;0;3.1;74;0;55;15;0;62;4;0.38;1.0;1.0;2;1;213;0;15;2.88;0.0;1.61;2.0;345;128;14.47;14.51;1.003;0;1;0;0;1;1;0;0;0;1;0;342;;161;47;9;86
1004.34;807;24;24;0;3.22;74;0;55;15;0;63;4;0.39;1.0;1.0;2;1;213;0;15;3.0;0.0;1.66;2.2;345;128;14.47;14.51;1.003;0;1;0;0;1;1;0;0;0;1;0;344;;160;46;9;87
1004.74;871;24;24;0;3.15;74;0;55;15;0;62;4;0.38;1.0;1.0;2;1;213;0;15;3.0;0.0;1.63;2.3;345;128;14.47;14.51;1.003;0;1;0;0;1;1;0;0;0;1;0;339;;161;46;9;86
1004.95;768;23;23;0;3.12;74;0;55;15;0;62;4;0.38;1.0;1.0;2;1;213;0;15;2.88;0.0;1.62;2.0;345;128;14.47;14.31;0.989;0;1;0;0;1;1;0;0;0;1;0;339;;161;46;9;86
1005.34;832;23;23;0;3.15;74;0;55;15;0;62;4;0.38;1.0;1.0;2;1;213;0;15;2.88;0.0;1.63;2.2;345;128;14.47;14.31;0.989;0;1;0;0;1;1;0;0;0;1;0;343;;160;46;9;86
1005.75;832;23;23;0;3.07;74;0;55;15;0;62;4;0.38;1.0;1.0;2;1;213;0;15;2.88;0.0;1.6;2.1;345;128;14.47;14.31;0.989;0;1;0;0;1;1;0;0;0;1;0;337;;161;46;9;86
1006.15;756;22;22;0;3.07;74;0;55;15;0;62;4;0.38;1.0;1.0;2;1;213;0;15;2.75;0.0;1.6;1.9;345;128;14.7;14.41;0.98;0;1;0;0;1;1;0;0;0;1;0;336;;161;46;9;86
1006.55;820;23;23;0;3.15;74;0;55;15;0;62;4;0.38;1.0;1.0;2;1;213;0;15;2.88;0.0;1.63;2.2;345;128;14.47;14.41;0.996;0;1;0;0;1;1;0;0;0;1;0;343;;160;46;9;86
1006.96;717;23;23;0;3.07;74;0;55;15;0;62;4;0.38;1.0;1.0;2;1;213;0;15;2.88;0.0;1.6;1.8;345;128;14.47;14.41;0.996;0;1;0;0;1;1;0;0;0;1;0;342;;160;46;9;86
1007.35;820;24;24;0;3.22;74;0;55;15;0;63;4;0.38;1.0;1.0;2;1;213;0;15;3.0;0.0;1.66;2.2;345;128;14.47;14.41;0.996;0;1;0;0;1;1;0;0;0;1;0;347;;161;46;9;88
1007.75;756;23;23;0;3.1;74;0;55;15;0;62;4;0.38;1.0;1.0;2;1;213;0;15;2.88;0.0;1.61;2.0;345;128;14.47;14.41;0.996;0;1;0;0;1;1;0;0;0;1;0;341;;160;46;9;86
1008.16;820;24;24;0;3.22;74;0;55;15;0;63;4;0.38;1.0;1.0;2;1;213;0;15;3.0;0.0;1.66;2.2;345;128;14.47;14.21;0.982;0;1;0;0;1;1;0;0;0;1;0;345;;160;46;9;83
1008.55;807;24;24;0;3.22;74;0;55;15;0;63;4;0.39;1.0;1.0;2;1;213;0;15;3.0;0.0;1.66;2.2;345;128;14.47;14.21;0.982;0;1;0;0;1;1;0;0;0;1;0;346;;160;46;9;86
1008.97;756;23;23;0;3.1;74;0;55;15;0;62;4;0.38;1.0;1.0;2;1;213;0;15;2.88;0.0;1.61;2.0;345;128;14.47;14.31;0.989;0;1;0;0;1;1;0;0;0;1;0;343;;160;46;8;86
1009.37;820;24;24;0;3.25;74;0;55;15;0;63;4;0.38;1.0;1.0;2;1;213;0;15;3.0;0.0;1.67;2.2;345;128;14.47;14.31;0.989;0;1;0;0;1;1;0;0;0;1;0;347;;160;46;8;146
1009.78;781;23;23;0;3.12;74;0;55;15;0;62;4;0.38;1.0;1.0;2;1;213;0;15;2.88;0.0;1.62;2.0;345;128;14.47;14.31;0.989;0;1;0;0;1;1;0;0;0;1;0;341;;160;46;8;72
1010.19;845;23;23;0;3.15;74;0;55;15;0;62;4;0.38;1.0;1.0;2;1;213;0;15;2.88;0.0;1.63;2.2;345;128;14.47;13.81;0.954;0;1;0;0;1;1;0;0;0;1;0;343;;160;46;8;41
1010.59;730;23;23;0;3.07;74;0;55;15;0;62;4;0.38;1.0;1.0;2;1;213;0;15;2.88;0.0;1.6;1.9;345;128;14.47;13.81;0.954;0;1;0;0;1;1;0;0;0;1;0;339;;161;46;8;86
1010.78;768;24;24;0;3.22;76;0;55;15;0;63;4;0.39;1.0;1.0;2;1;213;0;15;3.0;0.0;1.67;2.1;345;128;14.47;13.81;0.954;0;1;0;0;1;1;0;0;0;1;0;346;;158;46;8;87
1011.17;807;24;24;0;3.22;74;0;55;15;0;63;4;0.39;1.0;1.0;2;1;213;0;15;3.0;0.0;1.66;2.2;345;128;14.47;14.31;0.989;0;1;0;0;1;1;0;0;0;1;0;346;;161;46;8;82
1011.59;730;22;22;0;3.07;74;0;55;15;0;62;4;0.38;1.0;1.0;2;1;213;0;15;2.75;0.0;1.6;1.9;345;128;14.7;14.31;0.973;0;1;0;0;1;1;0;0;0;1;0;339;;161;46;8;86
1011.99;756;23;23;0;3.1;76;0;55;15;0;62;3;0.38;1.0;1.0;2;1;213;0;15;2.88;0.0;1.62;2.0;345;128;14.47;14.01;0.968;0;1;0;0;1;1;0;0;0;1;0;342;;158;46;8;86
1012.39;820;24;24;0;3.25;76;0;55;15;0;63;4;0.38;1.0;1.0;2;1;213;0;15;3.0;0.0;1.68;2.2;345;128;14.47;14.01;0.968;0;1;0;0;1;1;0;0;0;1;0;347;;158;46;8;88
1012.79;781;24;24;0;3.22;74;0;55;15;0;63;4;0.39;1.0;1.0;2;1;213;0;15;3.0;0.0;1.66;2.1;345;128;14.47;14.01;0.968;0;1;0;0;1;1;0;0;0;1;0;346;;160;46;8;87
1013.19;730;23;23;0;3.12;74;0;55;15;0;62;4;0.38;1.0;1.0;2;1;213;0;15;2.88;0.0;1.62;1.9;345;128;14.47;13.61;0.941;0;1;0;0;1;1;0;0;0;1;0;341;;161;46;8;86
1013.58;756;23;23;0;3.08;75;0;55;15;0;62;3;0.38;1.0;1.0;2;1;213;0;15;2.88;0.0;1.61;1.9;345;128;14.47;13.61;0.941;0;1;0;0;1;1;0;0;0;1;0;343;;159;46;8;86
1013.99;768;24;24;0;3.25;76;0;55;15;0;63;4;0.39;1.0;1.0;2;1;213;0;15;3.0;0.0;1.68;2.1;345;128;14.47;13.91;0.961;0;1;0;0;1;1;0;0;0;1;0;347;;158;46;8;86
1014.39;807;25;25;0;3.27;74;0;55;15;0;63;4;0.39;1.0;1.0;2;1;213;0;15;3.12;0.0;1.68;2.2;345;128;14.47;13.91;0.961;0;1;0;0;1;1;0;0;0;1;0;350;;160;46;8;88
1014.79;781;24;24;0;3.25;74;0;55;15;0;63;4;0.39;1.0;1.0;2;1;213;0;15;3.0;0.0;1.67;2.1;345;128;14.47;13.91;0.961;0;1;0;0;1;1;0;0;0;1;0;347;;160;46;8;43
1015.2;717;24;24;0;3.17;74;0;55;15;0;63;4;0.39;1.0;1.0;2;1;213;0;15;3.0;0.0;1.64;1.9;345;128;14.47;14.31;0.989;0;1;0;0;1;1;0;0;0;1;0;344;;160;46;8;88
1015.61;756;24;24;0;3.15;74;0;55;15;0;63;4;0.39;1.0;1.0;2;1;213;0;15;3.0;0.0;1.63;2.0;345;128;14.47;14.31;0.989;0;1;0;0;1;1;0;0;0;1;0;345;;161;46;7;88
1016.01;807;24;24;0;3.2;76;0;55;15;0;63;4;0.39;1.0;1.0;2;1;213;0;15;3.0;0.0;1.66;2.2;345;128;14.47;14.11;0.975;0;1;0;0;1;1;0;0;0;1;0;345;;158;46;8;86
1016.4;768;24;24;0;3.22;74;0;55;15;0;63;4;0.39;1.0;1.0;2;1;213;0;15;3.0;0.0;1.66;2.1;345;128;14.47;14.11;0.975;0;1;0;0;1;1;0;0;0;1;0;344;;161;46;8;70
1016.81;730;22;22;0;3.05;74;0;55;15;0;62;3;0.38;1.0;1.0;2;1;213;0;15;2.75;0.0;1.59;1.9;345;128;14.7;14.11;0.96;0;1;0;0;1;1;0;0;0;1;0;343;;160;46;8;86
1018.02;807;24;24;0;3.22;74;0;55;15;0;63;4;0.39;1.0;1.0;2;1;213;0;15;3.0;0.0;1.66;2.2;345;128;14.47;14.01;0.968;0;1;0;0;1;1;0;0;0;1;0;346;;160;46;7;88
1018.4;807;24;24;0;3.22;74;0;55;15;0;63;4;0.39;1.0;1.0;2;1;213;0;15;3.0;0.0;1.66;2.2;345;128;14.47;14.01;0.968;0;1;0;0;1;1;0;0;0;1;0;346;;160;46;7;88
1018.62;807;24;24;0;3.22;74;0;55;15;0;63;4;0.39;1.0;1.0;2;1;213;0;15;3.0;0.0;1.66;2.2;345;128;14.47;14.01;0.968;0;1;0;0;1;1;0;0;0;1;0;346;;160;46;7;88
1018.81;807;24;24;0;3.22;74;0;55;15;0;63;4;0.39;1.0;1.0;2;1;213;0;15;3.0;0.0;1.66;2.2;345;128;14.47;14.01;0.968;0;1;0;0;1;1;0;0;0;1;0;346;;160;46;7;88
1019.22;730;24;24;0;3.25;76;0;55;15;0;63;4;0.39;1.0;1.0;2;1;213;0;15;3.0;0.0;1.68;2.0;345;128;14.47;13.61;0.941;0;1;0;0;1;1;0;0;0;1;0;348;;158;46;7;88
1019.42;756;23;23;0;3.12;74;0;55;15;0;63;4;0.39;1.0;1.0;2;1;213;0;15;2.88;0.0;1.62;2.0;345;128;14.47;13.61;0.941;0;1;0;0;1;1;0;0;0;1;0;344;;160;46;7;43
1019.82;807;24;24;0;3.23;75;0;55;15;0;63;4;0.39;1.0;1.0;2;1;213;0;15;3.0;0.0;1.67;2.2;345;128;14.47;13.61;0.941;0;1;0;0;1;1;0;0;0;1;0;346;;159;46;7;87
1020.22;730;23;23;0;3.15;74;0;55;15;0;62;4;0.38;1.0;1.0;2;1;213;0;15;2.88;0.0;1.63;1.9;345;128;14.47;14.21;0.982;0;1;0;0;1;1;0;0;0;1;0;342;;160;46;7;87
1020.63;717;23;23;0;3.17;76;0;55;15;0;63;4;0.39;1.0;1.0;2;1;213;0;15;2.88;0.0;1.65;1.9;345;128;14.47;14.21;0.982;0;1;0;0;1;1;0;0;0;1;0;346;;158;46;7;86
1021.03;781;24;24;0;3.25;76;0;55;15;0;63;4;0.39;1.0;1.0;2;1;213;0;15;3.0;0.0;1.68;2.1;345;128;14.47;14.41;0.996;0;1;0;0;1;1;0;0;0;1;0;346;;158;46;7;88
1021.43;807;24;24;0;3.25;74;0;55;15;0;63;4;0.39;1.0;1.0;2;1;213;0;15;3.0;0.0;1.67;2.2;345;128;14.47;14.41;0.996;0;1;0;0;1;1;0;0;0;1;0;345;;161;46;7;88
1021.83;730;23;23;0;3.12;76;0;55;15;0;62;3;0.38;1.0;1.0;2;1;213;0;15;2.88;0.0;1.63;1.9;345;128;14.47;14.41;0.996;0;1;0;0;1;1;0;0;0;1;0;342;;157;46;7;86
1022.23;704;24;24;0;3.18;75;0;55;15;0;63;4;0.4;1.0;1.0;2;1;213;0;15;3.0;0.0;1.65;1.9;345;128;14.47;14.11;0.975;0;1;0;0;1;1;0;0;0;1;0;349;;159;46;7;86
1022.62;717;24;24;0;3.17;74;0;55;15;0;63;4;0.39;1.0;1.0;2;1;213;0;15;3.0;0.0;1.64;1.9;345;128;14.47;14.11;0.975;0;1;0;0;1;1;0;0;0;1;0;346;;160;46;7;88
1023.05;730;23;23;0;3.12;74;0;55;15;0;63;4;0.39;1.0;1.0;2;1;213;0;15;2.88;0.0;1.62;1.9;345;128;14.47;13.71;0.947;0;1;0;0;1;1;0;0;0;1;0;345;;160;46;7;88
1023.45;820;25;25;0;3.27;76;0;55;15;0;63;4;0.38;1.0;1.0;2;1;213;0;15;3.12;0.0;1.69;2.2;345;128;14.47;13.71;0.947;0;1;0;0;1;1;0;0;0;1;0;346;;157;46;7;87
1023.85;756;24;24;0;3.25;76;0;55;15;0;63;4;0.39;1.0;1.0;2;1;213;0;15;3.0;0.0;1.68;2.0;345;128;14.47;13.71;0.947;0;1;0;0;1;1;0;0;0;1;0;349;;158;46;7;43
1024.25;781;26;26;0;3.4;76;0;55;15;0;64;4;0.41;1.0;1.0;2;1;213;0;15;3.25;0.0;1.74;2.2;345;128;14.47;14.21;0.982;0;1;0;0;1;1;0;0;0;1;0;352;;157;46;7;89
1024.65;717;23;23;0;3.11;75;0;55;15;0;62;3;0.38;1.0;1.0;2;1;213;0;15;2.88;0.0;1.62;1.9;345;128;14.47;14.21;0.982;0;1;0;0;1;1;0;0;0;1;0;343;;159;46;7;86
1025.04;704;23;23;0;3.1;74;0;55;15;0;63;3;0.4;1.0;1.0;2;1;213;0;15;2.88;0.0;1.61;1.8;345;128;14.47;14.51;1.003;0;1;0;0;1;1;0;0;0;1;0;344;;160;46;7;86
1025.45;756;24;24;0;3.2;74;0;55;15;0;63;4;0.39;1.0;1.0;2;1;213;0;15;3.0;0.0;1.65;2.0;345;128;14.47;14.51;1.003;0;1;0;0;1;1;0;0;0;1;0;349;;160;46;7;89
1025.65;781;24;24;0;3.25;76;0;55;15;0;63;4;0.39;1.0;1.0;2;1;213;0;15;3.0;0.0;1.68;2.1;345;128;14.47;14.51;1.003;0;1;0;0;1;1;0;0;0;1;0;349;;157;46;6;88
1026.05;807;23;23;0;3.15;74;0;55;15;0;62;4;0.38;1.0;1.0;2;1;213;0;15;2.88;0.0;1.63;2.1;345;128;14.47;14.31;0.989;0;1;0;0;1;1;0;0;0;1;0;341;;160;46;7;86
1026.45;756;23;23;0;3.1;76;0;55;15;0;62;4;0.38;1.0;1.0;2;1;213;0;15;2.88;0.0;1.62;2.0;345;128;14.47;14.31;0.989;0;1;0;0;1;1;0;0;0;1;0;339;;157;46;7;86
1026.85;679;23;23;0;3.17;76;0;55;15;0;63;3;0.4;1.0;1.0;2;1;213;0;15;2.88;0.0;1.65;1.8;345;128;14.47;14.31;0.989;0;1;0;0;1;1;0;0;0;1;0;347;;158;46;6;86
1027.24;730;23;23;0;3.16;75;0;55;15;0;63;4;0.39;1.0;1.0;2;1;213;0;15;2.88;0.0;1.64;1.9;345;128;14.47;13.81;0.954;0;1;0;0;1;1;0;0;0;1;0;349;;159;46;6;43
1027.65;807;24;25;0;3.27;76;0;55;15;0;63;4;0.39;1.0;1.0;2;1;213;0;15;3.0;0.0;1.69;2.2;345;128;14.47;13.81;0.954;0;1;0;0;1;1;0;0;0;1;0;345;;158;46;6;86
1028.07;768;25;25;0;3.27;74;0;55;15;0;63;4;0.39;1.0;1.0;2;1;213;0;15;3.12;0.0;1.68;2.1;345;128;14.47;13.81;0.954;0;1;0;0;1;1;0;0;0;1;0;349;;160;46;6;88
1028.45;730;24;24;0;3.17;74;0;55;15;0;63;4;0.39;1.0;1.0;2;1;213;0;15;3.0;0.0;1.64;1.9;345;128;14.47;13.81;0.954;0;1;0;0;1;1;0;0;0;1;0;346;;160;46;6;73
1028.87;679;22;22;0;3.06;75;0;55;15;0;62;3;0.39;1.0;1.0;2;1;213;0;15;2.75;0.0;1.6;1.7;345;128;14.7;13.81;0.939;0;1;0;0;1;1;0;0;0;1;0;341;;159;46;6;86
1029.27;717;24;24;0;3.2;76;0;55;15;0;63;4;0.39;1.0;1.0;2;1;213;0;15;3.0;0.0;1.66;1.9;345;128;14.47;14.21;0.982;0;1;0;0;1;1;0;0;0;1;0;347;;158;46;6;89
1029.67;832;24;24;0;3.23;75;0;55;15;0;63;4;0.38;1.0;1.0;2;1;213;0;15;3.0;0.0;1.67;2.2;345;128;14.47;14.21;0.982;0;1;0;0;1;1;0;0;0;1;0;345;;159;46;6;88
1030.07;781;24;24;0;3.25;74;0;55;15;0;63;4;0.39;1.0;1.0;2;1;213;0;15;3.0;0.0;1.67;2.1;345;128;14.47;14.31;0.989;0;1;0;0;1;1;0;0;0;1;0;346;;160;46;6;86
1030.46;832;23;23;0;3.03;71;0;55;15;0;62;4;0.38;1.0;1.0;2;1;213;0;15;2.88;0.0;1.57;2.1;345;128;14.47;14.31;0.989;0;1;0;0;1;1;0;0;0;1;0;336;;164;46;6;86
1030.87;1101;20;20;0;2.73;71;0;55;15;0;57;4;0.36;1.0;1.0;2;1;213;0;15;2.5;0.0;1.45;2.5;345;128;14.7;14.31;0.973;0;1;0;0;1;1;0;0;0;1;0;300;;165;46;6;83
1031.28;948;17;17;0;2.46;71;0;55;15;0;55;3;0.31;1.0;1.0;2;1;213;0;15;2.12;0.0;1.34;1.9;345;128;14.7;13.91;0.946;0;1;0;0;1;1;0;0;0;1;0;288;;164;46;7;42
1031.67;820;24;24;17;3.15;72;0;48;22;0;65;4;0.4;1.0;1.0;2;1;213;0;22;3.0;9.9;1.62;2.2;345;128;14.47;13.91;0.961;0;1;0;0;1;0;0;0;0;1;0;360;;163;46;6;89
1031.88;2472;50;50;18;5.51;73;0;29;41;0;80;26;0.59;1.0;1.0;2;1;213;0;41;6.25;10.5;2.57;11.4;345;128;14.93;13.91;0.932;0;1;0;0;1;0;0;0;0;1;0;473;;162;46;6;107
1032.27;3253;27;27;15;3.45;72;0;24;46;0;62;19;0.44;1.0;1.0;2;1;213;0;46;3.38;8.7;1.74;9.4;345;128;14.7;13.11;0.892;0;1;0;0;1;0;0;0;0;1;0;340;;163;46;7;43
1032.69;3663;48;48;37;5.36;73;0;49;21;0;81;38;0.59;1.0;1.0;2;1;213;0;21;6.0;21.5;2.51;16.4;345;128;14.7;13.11;0.892;0;1;0;0;1;0;0;0;0;1;0;482;;162;46;4;108
1033.08;3650;58;58;37;6.47;74;0;70;2;0;89;48;0.66;1.0;1.0;2;1;213;0;0;7.25;21.5;2.96;19.7;345;128;14.25;14.62;1.026;0;1;0;0;1;0;0;0;0;1;0;544;;160;46;1;147
1033.48;3804;64;64;40;7.2;74;0;70;0;0;94;55;0.68;1.0;1.0;2;1;213;0;0;8.0;23.3;3.25;22.8;345;128;14.15;14.62;1.033;0;1;0;0;1;0;0;0;0;1;0;582;;160;46;1;149
1033.88;4085;66;66;40;7.57;76;0;70;0;0;94;60;0.7;1.0;1.0;2;1;213;0;0;8.25;23.3;3.41;25.8;345;128;13.63;14.62;1.073;0;1;0;0;1;0;0;0;0;1;0;579;;158;47;9;141
1034.28;4418;68;68;41;8.05;76;0;70;0;0;96;68;0.7;1.0;1.0;2;1;213;0;0;8.5;23.8;3.6;29.6;345;128;13.25;12.11;0.914;0;1;0;0;1;0;0;0;0;1;0;598;;158;47;11;145
1034.7;4316;19;19;0;2.72;76;0;70;25;0;53;19;0.34;1.0;1.0;2;1;213;0;0;2.38;0.0;1.47;9.8;345;128;14.7;12.11;0.824;0;1;0;0;1;1;0;0;0;1;0;274;;158;47;13;81
1035.09;3381;11;11;0;1.95;74;0;65;25;0;41;8;0.27;1.0;1.0;2;1;213;0;5;1.38;0.0;1.15;5.5;345;128;14.82;16.32;1.101;0;1;0;0;1;1;0;0;0;1;0;185;;160;47;4;54
1035.48;2485;13;13;0;2.2;74;0;65;25;0;44;8;0.32;1.0;1.0;2;1;213;0;5;1.62;0.0;1.25;4.6;345;128;14.82;16.32;1.101;0;1;0;0;1;1;0;0;0;1;0;205;;161;47;1;72
1035.89;1703;12;12;0;1.98;71;0;67;23;0;47;4;0.27;1.0;1.0;2;1;213;0;3;1.5;0.0;1.15;2.8;345;128;14.7;16.32;1.11;0;1;0;0;1;1;0;0;0;1;0;229;;164;47;0;74
1036.29;1422;89;89;39;10;71;0;56;14;0;107;28;0.8;1.0;1.0;2;1;213;0;14;11.12;22.7;4.46;12.2;345;128;13.07;16.32;1.249;0;1;0;0;1;0;0;0;0;1;0;677;;164;47;0;155
1036.69;3112;36;36;19;4.27;74;0;23;47;0;69;25;0.52;1.0;1.0;2;1;213;0;47;4.5;11.0;2.08;11.1;345;128;14.7;16.32;1.11;0;1;0;0;1;0;0;0;0;1;0;393;;161;47;17;99
1037.1;3701;48;48;47;5.42;74;0;49;15;0;82;39;0.59;1.0;1.0;2;1;213;0;21;6.0;27.3;2.54;16.7;345;128;14.7;15.31;1.041;0;1;0;0;1;0;0;0;0;1;0;494;;160;47;12;102
1037.51;4073;81;81;71;9.55;76;0;70;0;0;105;73;0.77;1.0;1.0;2;1;213;0;0;10.12;41.3;4.2;32.4;345;128;12.54;15.31;1.221;0;1;0;0;1;0;0;0;0;1;0;665;;158;47;11;154
1037.91;4687;79;79;70;9.82;76;0;70;0;0;109;83;0.72;1.0;1.0;2;1;213;0;0;9.88;40.7;4.31;38.4;345;128;12.46;15.31;1.229;0;1;0;0;1;0;0;0;0;1;0;696;;157;47;20;36
1038.1;5020;85;85;64;11;76;0;70;0;0;112;96;0.75;1.0;1.0;2;1;213;0;0;10.62;37.2;4.75;45.7;345;128;11.83;10.51;0.888;0;1;0;0;1;0;0;0;0;1;0;714;;157;47;24;156
1038.5;4290;11;11;0;1.95;74;0;58;25;0;44;11;0.26;1.0;1.0;2;1;213;0;12;1.38;0.0;1.15;7.0;345;128;14.7;10.51;0.715;0;1;0;0;1;1;0;0;0;1;0;203;;160;47;5;57
1038.9;3317;11;11;0;1.95;74;0;65;25;0;42;8;0.28;1.0;1.0;2;1;213;0;5;1.38;0.0;1.15;5.4;345;128;14.82;10.51;0.709;0;1;0;0;1;1;0;0;0;1;0;188;;161;47;7;54
1039.3;2446;13;13;0;2.15;72;0;65;25;0;44;7;0.31;1.0;1.0;2;1;213;0;5;1.62;0.0;1.22;4.4;345;128;14.82;10.51;0.709;0;1;0;0;1;1;0;0;0;1;0;207;;163;47;0;57
1039.7;1806;12;12;0;2.03;71;0;66;24;0;48;5;0.27;1.0;1.0;2;1;213;0;4;1.5;0.0;1.17;3.1;345;128;14.7;10.51;0.715;0;1;0;0;1;1;0;0;0;1;0;233;;165;47;0;38
1040.12;1217;15;15;0;2.33;71;0;73;15;0;53;4;0.31;1.0;1.0;2;1;213;0;-3;1.88;0.0;1.29;2.4;345;128;14.7;10.51;0.715;0;1;0;0;1;1;0;0;0;1;0;274;;165;47;0;81
1040.52;845;20;20;0;2.72;70;0;67;15;0;59;3;0.34;1.0;1.0;2;1;213;0;3;2.5;0.0;1.44;1.9;345;128;14.7;10.51;0.715;0;1;0;0;1;1;0;0;0;1;0;316;;166;47;0;85
1040.93;781;23;23;0;3.08;71;0;62;15;0;62;4;0.38;1.0;1.0;2;1;213;0;8;2.88;0.0;1.59;2.0;345;128;14.47;10.51;0.726;0;1;0;0;1;1;0;0;0;1;0;340;;165;47;0;86
1041.31;986;20;20;0;2.77;70;0;56;15;0;58;4;0.35;1.0;1.0;2;1;213;0;14;2.5;0.0;1.46;2.3;345;128;14.7;14.91;1.014;0;1;0;0;1;1;0;0;0;1;0;314;;166;47;1;84
1041.72;1012;17;17;0;2.5;72;0;55;15;0;55;4;0.32;1.0;1.0;2;1;213;0;15;2.12;0.0;1.36;2.1;345;128;14.7;14.91;1.014;0;1;0;0;1;1;0;0;0;1;0;288;;163;47;24;82
1042.11;986;17;17;0;2.48;71;0;55;15;0;55;3;0.32;1.0;1.0;2;1;213;0;15;2.12;0.0;1.35;2.0;345;128;14.7;13.91;0.946;0;1;0;0;1;1;0;0;0;1;0;291;;165;47;28;82
1042.52;948;18;18;0;2.58;71;0;55;15;0;56;3;0.33;1.0;1.0;2;1;213;0;15;2.25;0.0;1.39;2.0;345;128;14.7;13.91;0.946;0;1;0;0;1;1;0;0;0;1;0;297;;165;47;27;83
1042.92;845;19;19;0;2.63;71;0;55;15;0;57;3;0.33;1.0;1.0;2;1;213;0;15;2.38;0.0;1.41;1.9;345;128;14.7;13.91;0.946;0;1;0;0;1;1;0;0;0;1;0;306;;164;47;26;84
1043.33;871;18;18;0;2.56;71;0;55;15;0;57;3;0.33;1.0;1.0;2;1;213;0;15;2.25;0.0;1.38;1.9;345;128;14.7;14.11;0.96;0;1;0;0;1;1;0;0;0;1;0;303;;164;47;26;83
1043.72;935;19;19;0;2.63;71;0;55;15;0;57;3;0.34;1.0;1.0;2;1;213;0;15;2.38;0.0;1.41;2.0;345;128;14.7;14.11;0.96;0;1;0;0;1;1;0;0;0;1;0;305;;164;47;26;83
1044.13;845;18;18;0;2.61;71;0;55;15;0;57;3;0.33;1.0;1.0;2;1;213;0;15;2.25;0.0;1.4;1.8;345;128;14.7;14.01;0.953;0;1;0;0;1;1;0;0;0;1;0;301;;165;47;25;83
1044.34;871;18;18;0;2.58;71;0;55;15;0;57;3;0.33;1.0;1.0;2;1;213;0;15;2.25;0.0;1.39;1.9;345;128;14.7;14.01;0.953;0;1;0;0;1;1;0;0;0;1;0;302;;165;47;26;83
1044.73;935;19;19;0;2.68;71;0;55;15;0;57;3;0.34;1.0;1.0;2;1;213;0;15;2.38;0.0;1.43;2.1;345;128;14.7;14.01;0.953;0;1;0;0;1;1;0;0;0;1;0;306;;165;46;26;83
1045.13;871;19;19;0;2.63;71;0;55;15;0;57;3;0.33;1.0;1.0;2;1;213;0;15;2.38;0.0;1.41;1.9;345;128;14.7;14.01;0.953;0;1;0;0;1;1;0;0;0;1;0;302;;165;46;27;84
1045.53;922;18;18;0;2.53;71;0;55;15;0;56;3;0.33;1.0;1.0;2;1;213;0;15;2.25;0.0;1.37;1.9;345;128;14.7;14.01;0.953;0;1;0;0;1;1;0;0;0;1;0;299;;165;46;26;82
1045.93;884;19;19;0;2.62;70;0;55;15;0;57;3;0.33;1.0;1.0;2;1;213;0;15;2.38;0.0;1.4;1.9;345;128;14.7;14.01;0.953;0;1;0;0;1;1;0;0;0;1;0;302;;166;46;26;84
1046.34;1895;70;70;10;8.25;72;0;49;21;0;89;27;0.71;1.0;1.0;2;1;213;0;21;8.75;5.8;3.66;13.0;345;128;13.94;16.11;1.156;0;1;0;0;1;0;0;0;0;1;0;547;;163;46;8;147
1046.75;2088;11;11;0;1.96;71;0;45;25;0;46;5;0.26;1.0;1.0;2;1;213;0;25;1.38;0.0;1.14;3.4;345;128;14.82;16.11;1.087;0;1;0;0;1;1;0;0;0;1;0;221;;165;47;29;73
1047.13;1447;13;13;0;2.11;71;0;70;20;0;50;4;0.29;1.0;1.0;2;1;213;0;0;1.62;0.0;1.2;2.5;345;128;14.7;16.52;1.124;0;1;0;0;1;1;0;0;0;1;0;249;;165;47;11;76
1047.56;2113;78;78;28;9.23;71;0;49;21;0;95;35;0.77;1.0;1.0;2;1;213;0;21;9.75;16.3;4.05;16.3;345;128;13.07;16.52;1.264;0;1;0;0;1;0;0;0;0;1;0;588;;164;47;0;149
1047.94;3688;39;39;13;4.55;74;0;67;3;0;69;32;0.55;1.0;1.0;2;1;213;0;3;4.88;7.6;2.19;14.0;345;128;14.7;16.52;1.124;0;1;0;0;1;0;0;0;0;1;0;388;;161;47;25;86
1048.35;3791;71;71;61;7.95;74;0;65;5;0;99;59;0.7;1.0;1.0;2;1;213;0;5;8.88;35.5;3.55;25.1;345;128;13.94;13.51;0.969;0;1;0;0;1;0;0;0;0;1;0;622;;160;47;4;50
1048.75;4188;74;74;59;8.71;75;0;70;0;0;100;70;0.73;1.0;1.0;2;1;213;0;0;9.25;34.3;3.86;30.4;345;128;13.44;13.51;1.005;0;1;0;0;1;0;0;0;0;1;0;631;;159;46;26;152
1049.14;4636;75;75;58;9.07;76;0;70;0;0;104;78;0.71;1.0;1.0;2;1;213;0;0;9.38;33.7;4.01;35.0;345;128;12.89;11.51;0.893;0;1;0;0;1;0;0;0;0;1;0;653;;158;47;27;153
1049.56;5008;81;81;57;10;76;0;70;0;0;106;92;0.76;1.0;1.0;2;1;213;0;0;10.12;33.1;4.55;43.5;345;128;11.83;11.51;0.973;0;1;0;0;1;0;0;0;0;1;0;674;;157;47;30;154
1049.97;4406;12;12;0;2.05;74;0;52;25;1;46;12;0.27;1.0;1.0;2;1;213;0;18;1.5;0.0;1.19;7.5;345;128;14.7;11.51;0.783;0;1;0;0;1;1;0;0;0;1;0;217;;160;47;7;42
1050.37;3419;11;11;0;1.92;74;0;65;25;0;41;8;0.27;1.0;1.0;2;1;213;0;5;1.38;0.0;1.14;5.5;345;128;14.82;13.01;0.878;0;1;0;0;1;1;0;0;0;1;0;185;;160;47;7;38
1050.57;2587;13;13;0;2.13;73;0;65;25;0;43;8;0.31;1.0;1.0;2;1;213;0;5;1.62;0.0;1.22;4.6;345;128;14.82;13.01;0.878;0;1;0;0;1;1;0;0;0;1;0;199;;162;47;0;56
1050.96;1870;11;11;0;1.96;71;0;66;24;0;46;5;0.26;1.0;1.0;2;1;213;0;4;1.38;0.0;1.14;3.1;345;128;14.82;13.01;0.878;0;1;0;0;1;1;0;0;0;1;0;223;;164;47;0;57
1051.37;1165;15;15;0;2.26;71;0;73;16;0;52;4;0.3;1.0;1.0;2;1;213;0;-3;1.88;0.0;1.26;2.2;345;128;14.7;13.01;0.885;0;1;0;0;1;1;0;0;0;1;0;263;;164;47;0;77
1051.77;832;19;19;0;2.66;71;0;68;15;0;58;3;0.34;1.0;1.0;2;1;213;0;2;2.38;0.0;1.42;1.8;345;128;14.7;13.01;0.885;0;1;0;0;1;1;0;0;0;1;0;314;;165;47;0;85
1052.17;756;24;24;0;3.22;72;0;63;15;0;63;4;0.39;1.0;1.0;2;1;213;0;7;3.0;0.0;1.65;2.0;345;128;14.47;19.32;1.335;0;1;0;0;1;1;0;0;0;1;0;346;;163;47;0;41
1052.57;896;22;22;0;2.95;70;0;58;15;0;61;4;0.37;1.0;1.0;2;1;213;0;12;2.75;0.0;1.53;2.2;345;128;14.7;19.32;1.314;0;1;0;0;1;1;0;0;0;1;0;329;;166;47;0;86
1055.57;820;18;18;0;2.58;71;0;55;15;0;57;3;0.33;1.0;1.0;2;1;213;0;15;2.25;0.0;1.39;1.8;345;128;14.7;14.91;1.014;0;1;0;0;1;1;0;0;0;1;0;301;;165;47;29;83
