Время, с;Обороты;Нагрузка (ось карт);Наполнение мгновенное;Дроссель открытие;Впрыск, мс;Мёртвое время форсунки;Обогащение ускорения;УОЗ сырьё;УОЗ из карты;Поправка угла по детонации, °;Давление, кПа;Расход (прослойка);VE (ДАД);Ktps (ДАД);Коррекция по лямбде;Живая карта;Состояние указателя;Индекс температурных таблиц;РХХ / контур холостого;УОЗ, градусы;Нагрузка TP;Газ, %;Впрыск расчётный, мс;Загрузка форсунок, %;K форсунок;КМ (ДАД);AFR цель;AFR факт (ШДК);AFR возраст, с;Поправка VE (факт/цель);ФЛАГ Отсечка;ФЛАГ Впрыск разрешён;ФЛАГ Замкнутый цикл;ФЛАГ Крэнк;ФЛАГ Нейтраль;ФЛАГ Холостой ход;ФЛАГ Стартер;ФЛАГ Неисправность TPS;ФЛАГ $0053.08 гейт наката;ФЛАГ $0053.40 гейт наката;ФЛАГ $0053.80 не разобран;АЦП Расходомер/ДАД;АЦП Дроссель;АЦП Напряжение борта;АЦП Температура ОЖ;АЦП Лямбда;АЦП канал 9 (свободный)
0.42;0.0;0;0;0;24;89;0;50;40;0;101;0;0.74;1.0;1.0;0;0;80;0;20;0.0;0.0;9.95;;345;128;14.7;;;;0;0;0;0;1;1;0;0;0;1;0;712;;140;193;0;164
0.8;0.0;0;0;0;24;89;0;50;40;0;101;0;0.74;1.0;1.0;0;0;80;0;20;0.0;0.0;9.95;;345;128;14.7;;;;0;0;0;0;1;1;0;0;0;1;0;712;;140;193;0;164
1.22;0.0;0;0;0;24;89;0;50;40;0;101;0;0.74;1.0;1.0;0;0;80;0;20;0.0;0.0;9.95;;345;128;14.7;;;;0;0;0;0;1;1;0;0;0;1;0;712;;140;193;0;164
1.62;0.0;0;0;0;24;89;0;50;40;0;101;0;0.74;1.0;1.0;0;0;80;0;20;0.0;0.0;9.95;;345;128;14.7;;;;0;0;0;0;1;1;0;0;0;1;0;712;;140;193;0;164
2.03;0.0;0;0;0;24;89;0;50;40;0;101;0;0.74;1.0;1.0;0;0;80;0;20;0.0;0.0;9.95;;345;128;14.7;;;;0;0;0;0;1;1;0;0;0;1;0;712;;140;193;0;164
2.43;0.0;0;0;0;24;89;0;50;40;0;101;0;0.74;1.0;1.0;0;0;80;0;20;0.0;0.0;9.95;;345;128;14.7;;;;0;0;0;0;1;1;0;0;0;1;0;713;;139;193;0;164
2.84;0.0;0;0;0;24;89;0;50;40;0;101;0;0.74;1.0;1.0;0;0;80;0;20;0.0;0.0;9.95;;345;128;14.7;;;;0;0;0;0;1;1;0;0;0;1;0;712;;140;193;0;150
3.21;0.0;0;0;0;24;89;0;50;40;0;101;0;0.74;1.0;1.0;0;0;80;0;20;0.0;0.0;9.95;;345;128;14.7;;;;0;0;0;0;1;1;0;0;0;1;0;712;;140;193;0;164
3.63;0.0;0;0;0;24;89;0;50;40;0;101;0;0.74;1.0;1.0;0;0;80;0;20;0.0;0.0;9.95;;345;128;14.7;;;;0;0;0;0;1;1;0;0;0;1;0;713;;139;193;0;163
3.82;0.0;0;0;0;24;89;0;50;40;0;101;0;0.74;1.0;1.0;0;0;80;0;20;0.0;0.0;9.95;;345;128;14.7;;;;0;0;0;0;1;1;0;0;0;1;0;712;;140;193;0;153
4.24;0.0;0;0;0;24;89;0;50;40;0;101;0;0.74;1.0;1.0;0;0;80;0;20;0.0;0.0;9.95;;345;128;14.7;;;;0;0;0;0;1;1;0;0;0;1;0;712;;140;193;0;164
4.63;0.0;0;0;0;24;89;0;50;40;0;101;0;0.74;1.0;1.0;0;0;80;0;20;0.0;0.0;9.95;;345;128;14.7;;;;0;0;0;0;1;1;0;0;0;1;0;712;;140;193;0;150
5.04;0.0;0;0;0;24;89;0;50;40;0;101;0;0.74;1.0;1.0;0;0;80;0;20;0.0;0.0;9.95;;345;128;14.7;;;;0;0;0;0;1;1;0;0;0;1;0;712;;140;193;0;164
5.44;0.0;0;0;0;24;89;0;50;40;0;101;0;0.74;1.0;1.0;0;0;80;0;20;0.0;0.0;9.95;;345;128;14.7;;;;0;0;0;0;1;1;0;0;0;1;0;712;;140;193;0;49
5.83;0.0;0;0;0;24;89;0;50;40;0;101;0;0.74;1.0;1.0;0;0;80;0;20;0.0;0.0;9.95;;345;128;14.7;;;;0;0;0;0;1;1;0;0;0;1;0;713;;140;193;0;164
6.24;0.0;0;0;0;24;89;0;50;40;0;101;0;0.74;1.0;1.0;0;0;80;0;20;0.0;0.0;9.95;;345;128;14.7;;;;0;0;0;0;1;1;0;0;0;1;0;712;;140;194;0;163
6.65;0.0;0;0;0;24;89;0;50;40;0;101;0;0.74;1.0;1.0;0;0;80;0;20;0.0;0.0;9.95;;345;128;14.7;;;;0;0;0;0;1;1;0;0;0;1;0;713;;140;193;0;150
7.04;0.0;0;0;0;24;89;0;50;40;0;101;0;0.74;1.0;1.0;0;0;80;0;20;0.0;0.0;9.95;;345;128;14.7;;;;0;0;0;0;1;1;0;0;0;1;0;712;;140;193;0;164
7.44;0.0;0;0;0;24;89;0;50;40;0;101;0;0.74;1.0;1.0;0;0;80;0;20;0.0;0.0;9.95;;345;128;14.7;;;;0;0;0;0;1;1;0;0;0;1;0;713;;140;193;0;150
7.83;0.0;0;0;0;24;89;0;50;40;0;101;0;0.74;1.0;1.0;0;0;80;0;20;0.0;0.0;9.95;;345;128;14.7;;;;0;0;0;0;1;1;0;0;0;1;0;712;;140;193;0;164
8.24;0.0;0;0;0;24;89;0;50;40;0;101;0;0.74;1.0;1.0;0;0;80;0;20;0.0;0.0;9.95;;345;128;14.7;;;;0;0;0;0;1;1;0;0;0;1;0;712;;140;194;0;152
8.65;0.0;0;0;0;24;89;0;50;40;0;101;0;0.74;1.0;1.0;0;0;80;0;20;0.0;0.0;9.95;;345;128;14.7;;;;0;0;0;0;1;1;0;0;0;1;0;712;;140;194;0;164
9.06;0.0;0;0;0;24;89;0;50;40;0;101;0;0.74;1.0;1.0;0;0;80;0;20;0.0;0.0;9.95;;345;128;14.7;;;;0;0;0;0;1;1;0;0;0;1;0;713;;140;193;0;152
9.45;0.0;0;0;0;24;89;0;50;40;0;101;0;0.74;1.0;1.0;0;0;80;0;20;0.0;0.0;9.95;;345;128;14.7;;;;0;0;0;0;1;1;0;0;0;1;0;712;;140;193;0;164
9.86;0.0;0;0;0;24;87;0;50;40;0;101;0;0.74;1.0;1.0;0;0;80;0;20;0.0;0.0;9.94;;345;128;14.7;;;;0;0;0;0;1;1;0;0;0;1;0;711;;142;193;0;150
10.05;0.0;0;0;0;24;87;0;50;40;0;101;0;0.74;1.0;1.0;0;0;80;0;20;0.0;0.0;9.94;;345;128;14.7;;;;0;0;0;0;1;1;0;0;0;1;0;711;;142;193;0;164
10.46;0.0;0;0;0;24;87;0;50;40;0;101;0;0.74;1.0;1.0;0;0;80;0;20;0.0;0.0;9.94;;345;128;14.7;;;;0;0;0;0;1;1;0;0;0;1;0;710;;142;193;0;74
10.85;0.0;0;0;0;24;87;0;50;40;0;101;0;0.74;1.0;1.0;0;0;80;0;20;0.0;0.0;9.94;;345;128;14.7;;;;0;0;0;0;1;1;0;0;0;1;0;711;;142;193;0;164
11.26;0.0;0;0;0;24;87;0;50;40;0;101;0;0.74;1.0;1.0;0;0;80;0;20;0.0;0.0;9.94;;345;128;14.7;;;;0;0;0;0;1;1;0;0;0;1;0;711;;142;193;0;156
11.67;0.0;0;0;0;24;87;0;50;40;0;101;0;0.74;1.0;1.0;0;0;80;0;20;0.0;0.0;9.94;;345;128;14.7;;;;0;0;0;0;1;1;0;0;0;1;0;711;;142;193;0;150
12.05;0.0;0;0;0;24;88;0;50;40;0;101;0;0.74;1.0;1.0;0;0;80;0;20;0.0;0.0;9.94;;345;128;14.7;;;;0;0;0;0;1;1;0;0;0;1;0;711;;141;193;0;164
12.47;0.0;0;0;0;24;88;0;50;40;0;101;0;0.74;1.0;1.0;0;0;80;0;20;0.0;0.0;9.94;;345;128;14.7;;;;0;0;0;0;1;1;0;0;0;1;0;711;;142;193;0;150
12.86;0.0;0;0;0;24;87;0;50;40;0;101;0;0.74;1.0;1.0;0;0;80;0;20;0.0;0.0;9.94;;345;128;14.7;;;;0;0;0;0;1;1;0;0;0;1;0;711;;142;193;0;164
13.26;0.0;0;0;0;24;88;0;50;40;0;101;0;0.74;1.0;1.0;0;0;80;0;20;0.0;0.0;9.94;;345;128;14.7;;;;0;0;0;0;1;1;0;0;0;1;0;711;;142;193;0;49
13.68;0.0;0;0;0;24;87;0;50;40;0;101;0;0.74;1.0;1.0;0;0;80;0;20;0.0;0.0;9.94;;345;128;14.7;;;;0;0;0;0;1;1;0;0;0;1;0;711;;142;193;0;164
14.07;0.0;0;0;0;24;88;0;50;40;0;101;0;0.74;1.0;1.0;0;0;80;0;20;0.0;0.0;9.94;;345;128;14.7;;;;0;0;0;0;1;1;0;0;0;1;0;711;;141;193;0;156
14.47;0.0;0;0;0;24;89;0;50;40;0;101;0;0.74;1.0;1.0;0;0;80;0;20;0.0;0.0;9.95;;345;128;14.7;;;;0;0;0;0;1;1;0;0;0;1;0;712;;140;193;0;153
14.86;0.0;0;0;0;24;89;0;50;40;0;101;0;0.74;1.0;1.0;0;0;80;0;20;0.0;0.0;9.95;;345;128;14.7;;;;0;0;0;0;1;1;0;0;0;1;0;712;;140;193;0;150
15.26;0.0;0;0;0;24;89;0;50;40;0;101;0;0.74;1.0;1.0;0;0;80;0;20;0.0;0.0;9.95;;345;128;14.7;;;;0;0;0;0;1;1;0;0;0;1;0;712;;140;193;0;164
15.68;0.0;0;0;0;24;89;0;50;40;0;101;0;0.74;1.0;1.0;0;0;80;0;20;0.0;0.0;9.95;;345;128;14.7;;;;0;0;0;0;1;1;0;0;0;1;0;712;;140;193;0;74
16.07;0.0;0;0;0;24;89;0;50;40;0;101;0;0.74;1.0;1.0;0;0;80;0;20;0.0;0.0;9.95;;345;128;14.7;;;;0;0;0;0;1;1;0;0;0;1;0;712;;140;193;0;164
16.48;0.0;0;0;0;24;89;0;50;40;0;101;0;0.74;1.0;1.0;0;0;80;0;20;0.0;0.0;9.95;;345;128;14.7;;;;0;0;0;0;1;1;0;0;0;1;0;712;;140;193;0;150
16.67;0.0;0;0;0;24;89;0;50;40;0;101;0;0.74;1.0;1.0;0;0;80;0;20;0.0;0.0;9.95;;345;128;14.7;;;;0;0;0;0;1;1;0;0;0;1;0;712;;140;193;0;164
17.07;0.0;0;0;0;24;89;0;50;40;0;101;0;0.74;1.0;1.0;0;0;80;0;20;0.0;0.0;9.95;;345;128;14.7;;;;0;0;0;0;1;1;0;0;0;1;0;712;;140;193;0;164
17.47;0.0;0;0;0;24;89;0;50;40;0;101;0;0.74;1.0;1.0;0;0;80;0;20;0.0;0.0;9.95;;345;128;14.7;;;;0;0;0;0;1;1;0;0;0;1;0;712;;140;193;0;51
17.88;0.0;0;0;0;24;89;0;50;40;0;101;0;0.74;1.0;1.0;0;0;80;0;20;0.0;0.0;9.95;;345;128;14.7;;;;0;0;0;0;1;1;0;0;0;1;0;712;;140;193;0;164
18.28;0.0;0;0;0;24;89;0;50;40;0;101;0;0.74;1.0;1.0;0;0;80;0;20;0.0;0.0;9.95;;345;128;14.7;;;;0;0;0;0;1;1;0;0;0;1;0;712;;140;193;0;150
18.69;0.0;0;0;0;24;89;0;50;40;0;101;0;0.74;1.0;1.0;0;0;80;0;20;0.0;0.0;9.95;;345;128;14.7;;;;0;0;0;0;1;1;0;0;0;1;0;712;;140;193;0;164
19.08;0.0;0;0;0;24;89;0;50;40;0;101;0;0.74;1.0;1.0;0;0;80;0;20;0.0;0.0;9.95;;345;128;14.7;;;;0;0;0;0;1;1;0;0;0;1;0;712;;140;193;0;164
19.48;0.0;0;0;0;24;89;0;50;40;0;101;0;0.74;1.0;1.0;0;0;80;0;20;0.0;0.0;9.95;;345;128;14.7;;;;0;0;0;0;1;1;0;0;0;1;0;712;;140;193;0;51
19.89;0.0;0;0;0;24;89;0;50;40;0;101;0;0.74;1.0;1.0;0;0;80;0;20;0.0;0.0;9.95;;345;128;14.7;;;;0;0;0;0;1;1;0;0;0;1;0;712;;140;193;0;164
20.29;0.0;0;0;0;24;89;0;50;40;0;101;0;0.74;1.0;1.0;0;0;80;0;20;0.0;0.0;9.95;;345;128;14.7;;;;0;0;0;0;1;1;0;0;0;1;0;712;;140;193;0;150
20.69;0.0;0;0;0;24;89;0;50;40;0;101;0;0.74;1.0;1.0;0;0;80;0;20;0.0;0.0;9.95;;345;128;14.7;;;;0;0;0;0;1;1;0;0;0;1;0;712;;140;193;0;156
21.09;0.0;0;0;0;24;87;0;50;40;0;101;0;0.74;1.0;1.0;0;0;80;0;20;0.0;0.0;9.94;;345;128;14.7;;;;0;0;0;0;1;1;0;0;0;1;0;711;;142;193;0;164
21.48;0.0;0;0;0;24;87;0;50;40;0;101;0;0.74;1.0;1.0;0;0;80;0;20;0.0;0.0;9.94;;345;128;14.7;;;;0;0;0;0;1;1;0;0;0;1;0;711;;143;193;0;49
21.91;0.0;0;0;0;24;87;0;50;40;0;101;0;0.74;1.0;1.0;0;0;80;0;20;0.0;0.0;9.94;;345;128;14.7;;;;0;0;0;0;1;1;0;0;0;1;0;711;;143;193;0;164
22.29;0.0;0;0;0;24;87;0;50;40;0;101;0;0.74;1.0;1.0;0;0;80;0;20;0.0;0.0;9.94;;345;128;14.7;;;;0;0;0;0;1;1;0;0;0;1;0;711;;142;193;0;51
22.7;0.0;0;0;0;24;87;0;50;40;0;101;0;0.74;1.0;1.0;0;0;80;0;20;0.0;0.0;9.94;;345;128;14.7;;;;0;0;0;0;1;1;0;0;0;1;0;710;;142;193;0;164
22.91;0.0;0;0;0;24;87;0;50;40;0;101;0;0.74;1.0;1.0;0;0;80;0;20;0.0;0.0;9.94;;345;128;14.7;;;;0;0;0;0;1;1;0;0;0;1;0;711;;142;193;0;152
23.31;0.0;0;0;0;24;88;0;50;40;0;101;0;0.74;1.0;1.0;0;0;80;0;20;0.0;0.0;9.94;;345;128;14.7;;;;0;0;0;0;1;1;0;0;0;1;0;711;;141;193;0;164
23.71;0.0;0;0;0;24;88;0;50;40;0;101;0;0.74;1.0;1.0;0;0;80;0;20;0.0;0.0;9.94;;345;128;14.7;;;;0;0;0;0;1;1;0;0;0;1;0;712;;141;193;0;164
24.1;0.0;0;0;0;24;88;0;50;40;0;101;0;0.74;1.0;1.0;0;0;80;0;20;0.0;0.0;9.94;;345;128;14.7;;;;0;0;0;0;1;1;0;0;0;1;0;712;;141;193;0;74
24.5;0.0;0;0;0;24;88;0;50;40;0;101;0;0.74;1.0;1.0;0;0;80;0;20;0.0;0.0;9.94;;345;128;14.7;;;;0;0;0;0;1;1;0;0;0;1;0;712;;141;193;0;164
24.9;0.0;0;0;0;24;88;0;50;40;0;101;0;0.74;1.0;1.0;0;0;80;0;20;0.0;0.0;9.94;;345;128;14.7;;;;0;0;0;0;1;1;0;0;0;1;0;712;;141;193;0;150
25.32;0.0;0;0;0;24;88;0;50;40;0;101;0;0.74;1.0;1.0;0;0;80;0;20;0.0;0.0;9.94;;345;128;14.7;;;;0;0;0;0;1;1;0;0;0;1;0;712;;141;193;0;164
25.72;0.0;0;0;0;24;112;0;64;0;0;98;0;0.75;1.0;1.0;0;0;80;0;6;0.0;0.0;10.06;;345;128;14.7;;;;0;0;0;1;1;1;1;0;0;1;0;688;;107;193;0;156
26.11;179;90;90;0;22;102;0;56;16;0;92;2;0.76;1.0;1.0;0;0;80;0;14;11.25;0.0;9.51;3.4;345;128;13.34;;;;0;1;0;1;1;1;1;0;0;1;0;643;;121;193;0;153
26.52;1114;74;74;0;11;98;0;54;16;0;84;15;0.76;1.0;1.0;0;0;80;0;16;9.25;0.0;4.69;9.8;345;128;13.54;9.6;0.07;0.709;0;1;0;0;1;1;1;0;0;1;0;582;;127;193;0;149
26.91;1614;23;23;0;5.36;69;0;27;42;0;50;8;0.48;1.0;1.0;0;0;80;0;43;2.88;0.0;2.49;7.2;345;128;14.7;9.1;0.09;0.619;0;1;0;0;1;1;0;0;0;1;0;326;;167;193;0;85
27.31;1486;22;22;0;5.07;68;0;30;40;0;48;7;0.46;1.0;1.0;0;0;80;0;40;2.75;0.0;2.37;6.3;345;128;14.7;10.6;0.07;0.721;0;1;0;0;1;1;0;0;0;1;0;310;;169;193;0;84
27.72;1447;21;21;0;4.9;68;0;29;41;0;47;7;0.45;1.0;1.0;0;0;80;0;41;2.62;0.0;2.3;5.9;345;128;14.7;11.6;0.05;0.789;0;1;0;0;1;1;0;0;0;1;0;303;;169;193;0;83
28.12;1332;21;21;0;4.88;69;0;31;39;0;48;6;0.45;1.0;1.0;0;0;80;0;39;2.62;0.0;2.3;5.4;345;128;14.7;11.9;0.07;0.81;0;1;0;0;1;1;0;0;0;1;0;310;;167;193;0;84
28.51;1370;22;22;0;5.0;68;0;32;39;0;49;6;0.46;1.0;1.0;0;0;80;0;38;2.75;0.0;2.34;5.7;345;128;14.7;11.8;0.05;0.803;0;1;0;0;1;1;0;0;0;1;0;317;;169;193;0;85
28.93;1306;22;22;0;5.05;68;0;32;38;0;49;6;0.45;1.0;1.0;0;0;80;0;38;2.75;0.0;2.36;5.5;345;128;14.7;12.2;0.01;0.83;0;1;0;0;1;1;0;0;0;1;0;317;;169;193;0;85
29.13;1319;22;22;0;5.06;71;0;32;38;0;49;6;0.45;1.0;1.0;0;0;80;0;38;2.75;0.0;2.38;5.6;345;128;14.7;12.3;0.09;0.837;0;1;0;0;1;1;0;0;0;1;0;321;;165;194;0;86
29.52;1281;23;23;0;5.2;70;0;32;38;0;50;6;0.46;1.0;1.0;0;0;80;0;38;2.88;0.0;2.43;5.6;345;128;14.7;12.3;0.07;0.837;0;1;0;0;1;1;0;0;0;1;0;327;;165;193;0;42
29.93;1306;23;23;0;5.18;69;0;32;38;0;50;6;0.46;1.0;1.0;0;0;80;0;38;2.88;0.0;2.42;5.6;345;128;14.7;12.0;0.0;0.816;0;1;0;0;1;1;0;0;0;1;0;324;;167;194;0;41
30.32;1345;22;22;0;5.11;67;0;32;37;0;50;6;0.46;1.0;1.0;0;0;80;0;38;2.75;0.0;2.38;5.7;345;128;14.7;11.4;0.08;0.776;0;1;0;0;1;1;0;0;0;1;0;327;;170;194;0;86
30.74;1281;23;23;0;5.12;68;0;32;38;0;50;6;0.46;1.0;1.0;0;0;80;0;38;2.88;0.0;2.39;5.5;345;128;14.7;11.3;0.07;0.769;0;1;0;0;1;1;0;0;0;1;0;326;;169;194;0;85
31.13;1306;23;23;0;5.1;66;0;32;38;0;50;6;0.46;1.0;1.0;0;0;80;0;38;2.88;0.0;2.37;5.6;345;128;14.7;10.9;0.09;0.741;0;1;0;0;1;1;0;0;0;1;0;325;;171;194;0;85
31.52;1319;23;23;0;5.07;66;0;33;37;0;50;6;0.46;1.0;1.0;0;0;80;0;37;2.88;0.0;2.36;5.6;345;128;14.7;11.5;0.05;0.782;0;1;0;0;1;1;0;0;0;1;0;330;;171;194;0;85
31.92;1281;23;23;0;5.06;65;0;33;37;0;50;6;0.46;1.0;1.0;0;0;80;0;37;2.88;0.0;2.35;5.4;345;128;14.7;11.7;0.09;0.796;0;1;0;0;1;1;0;0;0;1;0;330;;173;194;0;85
32.33;1281;23;23;0;5.06;65;0;33;37;0;50;6;0.46;1.0;1.0;0;0;80;0;37;2.88;0.0;2.35;5.4;345;128;14.7;11.8;0.07;0.803;0;1;0;0;1;1;0;0;0;1;0;326;;173;194;0;86
32.74;1268;22;22;0;5.03;67;0;32;38;0;50;6;0.46;1.0;1.0;0;0;80;0;38;2.75;0.0;2.35;5.3;345;128;14.7;10.8;0.01;0.735;0;1;0;0;1;1;0;0;0;1;0;327;;170;194;0;85
33.14;1332;23;23;0;5.08;67;0;33;37;0;50;6;0.46;1.0;1.0;0;0;80;0;37;2.88;0.0;2.37;5.6;345;128;14.7;10.4;0.1;0.707;0;1;0;0;1;1;0;0;0;1;0;331;;170;194;0;85
33.54;1281;23;23;0;5.07;66;0;33;37;0;50;6;0.46;1.0;1.0;0;0;80;0;37;2.88;0.0;2.36;5.4;345;128;14.7;10.6;0.08;0.721;0;1;0;0;1;1;0;0;0;1;0;329;;172;194;0;85
33.95;1268;22;22;0;5.01;67;0;32;38;0;50;6;0.46;1.0;1.0;0;0;80;0;38;2.75;0.0;2.34;5.3;345;128;14.7;10.7;0.11;0.728;0;1;0;0;1;1;0;0;0;1;0;326;;170;194;0;85
34.34;1332;23;23;0;5.02;66;0;32;37;0;50;6;0.46;1.0;1.0;0;0;80;0;38;2.88;0.0;2.34;5.6;345;128;14.7;11.1;0.02;0.755;0;1;0;0;1;1;0;0;0;1;0;330;;172;194;0;85
34.75;1268;23;23;0;5.07;66;0;33;37;0;50;6;0.46;1.0;1.0;0;0;80;0;37;2.88;0.0;2.36;5.4;345;128;14.7;12.4;0.01;0.844;0;1;0;0;1;1;0;0;0;1;0;331;;171;194;0;85
35.14;1281;23;23;0;5.0;66;0;32;37;0;50;6;0.46;1.0;1.0;0;0;80;0;38;2.88;0.0;2.33;5.3;345;128;14.7;11.8;0.08;0.803;0;1;0;0;1;1;0;0;0;1;0;327;;172;194;0;86
35.34;1306;23;23;0;5.0;66;0;33;37;0;50;6;0.46;1.0;1.0;0;0;80;0;37;2.88;0.0;2.33;5.4;345;128;14.7;11.4;0.02;0.776;0;1;0;0;1;1;0;0;0;1;0;328;;169;194;0;40
35.75;1306;23;23;0;5.03;69;0;33;37;0;50;6;0.46;1.0;1.0;0;0;80;0;37;2.88;0.0;2.36;5.5;345;128;14.7;11.0;0.01;0.748;0;1;0;0;1;1;0;0;0;1;0;331;;168;194;0;85
36.14;1281;23;23;0;5.02;68;0;32;37;0;50;6;0.46;1.0;1.0;0;0;80;0;38;2.88;0.0;2.35;5.4;345;128;14.7;10.7;0.08;0.728;0;1;0;0;1;1;0;0;0;1;0;328;;169;194;0;85
36.55;1268;22;22;0;4.92;66;0;33;37;0;50;6;0.46;1.0;1.0;0;0;80;0;37;2.75;0.0;2.3;5.2;345;128;14.7;10.9;0.03;0.741;0;1;0;0;1;1;0;0;0;1;0;328;;171;194;0;150
36.96;1332;23;23;0;4.97;66;0;32;38;0;50;6;0.46;1.0;1.0;0;0;80;0;38;2.88;0.0;2.32;5.5;345;128;14.7;11.1;0.11;0.755;0;1;0;0;1;1;0;0;0;1;0;331;;172;194;0;86
37.35;1281;23;23;0;5.03;69;0;33;37;0;50;6;0.46;1.0;1.0;0;0;80;0;37;2.88;0.0;2.36;5.4;345;128;14.7;10.0;0.02;0.68;0;1;0;0;1;1;0;0;0;1;0;328;;168;194;0;85
37.76;1281;23;23;0;4.92;66;0;33;37;0;50;6;0.46;1.0;1.0;0;0;80;0;37;2.88;0.0;2.3;5.3;345;128;14.7;11.2;0.01;0.762;0;1;0;0;1;1;0;0;0;1;0;329;;172;194;0;85
38.16;1345;23;23;0;5.05;68;0;33;37;0;51;7;0.48;1.0;1.0;0;0;80;0;37;2.88;0.0;2.36;5.7;345;128;14.7;10.7;0.1;0.728;0;1;0;0;1;1;0;0;0;1;0;332;;169;194;0;86
38.56;1268;23;23;0;4.87;66;0;32;38;0;50;6;0.46;1.0;1.0;0;0;80;0;38;2.88;0.0;2.28;5.1;345;128;14.7;10.5;0.02;0.714;0;1;0;0;1;1;0;0;0;1;0;327;;171;193;0;85
38.96;1306;23;23;0;4.9;66;0;32;38;0;50;6;0.46;1.0;1.0;0;0;80;0;38;2.88;0.0;2.29;5.3;345;128;14.7;11.3;0.1;0.769;0;1;0;0;1;1;0;0;0;1;0;329;;172;193;0;85
39.37;1306;23;23;0;4.92;66;0;32;38;0;50;6;0.46;1.0;1.0;0;0;80;0;38;2.88;0.0;2.3;5.4;345;128;14.7;10.2;0.04;0.694;0;1;0;0;1;1;0;0;0;1;0;331;;171;193;0;86
39.77;1306;23;23;0;4.87;66;0;32;38;0;50;6;0.46;1.0;1.0;0;0;80;0;38;2.88;0.0;2.28;5.3;345;128;14.7;11.1;0.02;0.755;0;1;0;0;1;1;0;0;0;1;0;326;;172;193;0;85
40.16;1319;23;23;0;4.88;67;0;32;38;0;50;6;0.46;1.0;1.0;0;0;80;0;38;2.88;0.0;2.29;5.4;345;128;14.7;10.7;0.1;0.728;0;1;0;0;1;1;0;0;0;1;0;331;;170;193;0;85
40.56;1281;23;23;0;4.95;68;0;32;38;0;50;6;0.46;1.0;1.0;0;0;80;0;38;2.88;0.0;2.32;5.3;345;128;14.7;10.0;0.03;0.68;0;1;0;0;1;1;0;0;0;1;0;330;;169;193;0;147
40.97;1281;23;23;0;4.86;67;0;32;38;0;50;6;0.46;1.0;1.0;0;0;80;0;38;2.88;0.0;2.28;5.2;345;128;14.7;10.0;0.03;0.68;0;1;0;0;1;1;0;0;0;1;0;327;;170;193;0;85
41.37;1345;23;23;0;4.82;66;0;32;38;0;50;6;0.46;1.0;1.0;0;0;80;0;38;2.88;0.0;2.26;5.4;345;128;14.7;10.2;0.01;0.694;0;1;0;0;1;1;0;0;0;1;0;331;;171;193;0;86
41.77;1281;23;23;0;4.8;66;0;32;37;0;50;6;0.46;1.0;1.0;0;0;80;0;38;2.88;0.0;2.25;5.1;345;128;14.7;10.2;0.05;0.694;0;1;0;0;1;1;0;0;0;1;0;326;;172;193;0;85
41.96;1332;23;23;0;4.86;67;0;32;38;0;50;6;0.46;1.0;1.0;0;0;80;0;38;2.88;0.0;2.28;5.4;345;128;14.7;10.3;0.03;0.701;0;1;0;0;1;1;0;0;0;1;0;331;;170;193;0;147
42.38;1306;23;23;0;4.78;65;0;32;38;0;50;6;0.46;1.0;1.0;0;0;80;0;38;2.88;0.0;2.24;5.2;345;128;14.7;9.6;0.04;0.653;0;1;0;0;1;1;0;0;0;1;0;326;;172;193;0;86
42.77;1306;23;23;0;4.78;65;0;32;38;0;50;6;0.46;1.0;1.0;0;0;80;0;38;2.88;0.0;2.24;5.2;345;128;14.7;9.9;0.02;0.673;0;1;0;0;1;1;0;0;0;1;0;327;;173;193;0;85
43.18;1319;23;23;0;4.73;65;0;32;38;0;50;6;0.46;1.0;1.0;0;0;80;0;38;2.88;0.0;2.22;5.2;345;128;14.7;11.0;0.06;0.748;0;1;0;0;1;1;0;0;0;1;0;328;;173;193;0;85
43.57;1306;23;23;0;4.76;65;0;32;38;0;50;6;0.46;1.0;1.0;0;0;80;0;38;2.88;0.0;2.23;5.2;345;128;14.7;11.0;0.03;0.748;0;1;0;0;1;1;0;0;0;1;0;326;;173;193;0;81
43.97;1306;23;23;0;4.77;66;0;32;38;0;50;6;0.46;1.0;1.0;0;0;80;0;38;2.88;0.0;2.24;5.2;345;128;14.7;10.2;0.01;0.694;0;1;0;0;1;1;0;0;0;1;0;330;;171;193;0;85
44.37;1306;23;23;0;4.75;66;0;32;38;0;50;6;0.46;1.0;1.0;0;0;80;0;38;2.88;0.0;2.23;5.2;345;128;14.7;9.8;0.04;0.667;0;1;0;0;1;1;0;0;0;1;0;326;;172;193;0;85
44.78;1332;23;23;0;4.75;66;0;33;38;0;50;6;0.46;1.0;1.0;0;0;80;0;37;2.88;0.0;2.23;5.3;345;128;14.7;10.1;0.03;0.687;0;1;0;0;1;1;0;0;0;1;0;330;;172;193;0;85
45.18;1306;23;23;0;4.71;65;0;32;38;0;50;6;0.46;1.0;1.0;0;0;80;0;38;2.88;0.0;2.21;5.1;345;128;14.7;10.1;0.0;0.687;0;1;0;0;1;1;0;0;0;1;0;325;;173;193;1;85
45.58;1332;23;23;0;4.72;66;0;32;38;0;50;6;0.46;1.0;1.0;0;0;80;0;38;2.88;0.0;2.22;5.2;345;128;14.7;10.9;0.04;0.741;0;1;0;0;1;1;0;0;0;1;0;331;;172;193;1;85
45.98;1306;23;23;0;4.68;65;0;32;38;0;50;6;0.46;1.0;1.0;0;0;80;0;38;2.88;0.0;2.2;5.1;345;128;14.7;10.9;0.02;0.741;0;1;0;0;1;1;0;0;0;1;0;326;;173;193;1;85
46.38;1345;23;23;0;4.65;66;0;32;38;0;50;6;0.46;1.0;1.0;0;0;82;0;38;2.88;0.0;2.19;5.2;345;128;14.7;10.0;0.06;0.68;0;1;0;0;1;1;0;0;0;1;0;329;;172;192;1;85
46.8;1319;23;23;0;4.63;65;0;32;38;0;50;6;0.46;1.0;1.0;0;0;82;0;38;2.88;0.0;2.18;5.1;345;128;14.7;9.5;0.05;0.646;0;1;0;0;1;1;0;0;0;1;0;325;;173;192;1;85
47.19;1306;23;23;0;4.66;65;0;32;38;0;50;6;0.46;1.0;1.0;0;0;82;0;38;2.88;0.0;2.19;5.1;345;128;14.7;10.8;0.02;0.735;0;1;0;0;1;1;0;0;0;1;0;327;;173;192;1;81
47.61;1306;23;23;0;4.61;65;0;32;38;0;50;6;0.46;1.0;1.0;0;0;82;0;38;2.88;0.0;2.17;5.0;345;128;14.7;11.2;0.08;0.762;0;1;0;0;1;1;0;0;0;1;0;325;;173;192;1;85
48.0;1319;23;23;0;4.62;66;0;32;38;0;50;6;0.46;1.0;1.0;0;0;82;0;38;2.88;0.0;2.18;5.1;345;128;14.7;9.6;0.05;0.653;0;1;0;0;1;1;0;0;0;1;0;327;;172;192;1;85
48.19;1319;22;22;0;4.61;65;0;32;38;0;50;6;0.46;1.0;1.0;0;0;82;0;38;2.75;0.0;2.17;5.1;345;128;14.7;11.2;0.02;0.762;0;1;0;0;1;1;0;0;0;1;0;326;;173;192;1;85
48.6;1306;23;23;0;4.58;65;0;32;38;0;50;6;0.46;1.0;1.0;0;0;82;0;38;2.88;0.0;2.16;5.0;345;128;14.7;10.0;0.08;0.68;0;1;0;0;1;1;0;0;0;1;0;325;;173;192;1;85
48.99;1345;23;23;0;4.61;65;0;32;38;0;50;6;0.46;1.0;1.0;0;0;82;0;38;2.88;0.0;2.17;5.2;345;128;14.7;9.4;0.04;0.639;0;1;0;0;1;1;0;0;0;1;0;328;;173;192;1;41
49.39;1319;22;22;0;4.46;65;0;32;38;0;49;6;0.45;1.0;1.0;0;0;82;0;38;2.75;0.0;2.11;4.9;345;128;14.7;10.3;0.06;0.701;0;1;0;0;1;1;0;0;0;1;0;323;;173;192;1;85
49.8;1319;23;23;0;4.58;65;0;32;38;0;50;6;0.46;1.0;1.0;0;0;82;0;38;2.88;0.0;2.16;5.0;345;128;14.7;11.4;0.05;0.776;0;1;0;0;1;1;0;0;0;1;0;329;;173;192;1;85
50.21;1306;23;23;0;4.6;66;0;32;38;0;50;6;0.46;1.0;1.0;0;0;82;0;38;2.88;0.0;2.17;5.0;345;128;14.7;10.8;0.08;0.735;0;1;0;0;1;1;0;0;0;1;0;324;;173;192;1;85
50.6;1319;22;22;0;4.51;65;0;32;38;0;50;6;0.46;1.0;1.0;0;0;82;0;38;2.75;0.0;2.13;5.0;345;128;14.7;9.9;0.07;0.673;0;1;0;0;1;1;0;0;0;1;0;326;;173;192;1;85
51.01;1281;22;23;0;4.53;65;0;33;37;0;50;6;0.46;1.0;1.0;0;0;82;0;37;2.75;0.0;2.14;4.8;345;128;14.7;9.8;0.04;0.667;0;1;0;0;1;1;0;0;0;1;0;325;;173;192;1;76
51.4;1306;22;22;0;4.51;65;0;32;38;0;50;6;0.46;1.0;1.0;0;0;82;0;38;2.75;0.0;2.13;4.9;345;128;14.7;10.1;0.07;0.687;0;1;0;0;1;1;0;0;0;1;0;324;;173;192;1;85
51.81;1332;23;23;0;4.56;65;0;32;38;0;50;6;0.46;1.0;1.0;0;0;82;0;38;2.88;0.0;2.15;5.1;345;128;14.7;9.8;0.06;0.667;0;1;0;0;1;1;0;0;0;1;0;327;;173;191;1;85
52.2;1319;22;22;0;4.4;66;0;32;38;0;49;6;0.45;1.0;1.0;0;0;82;0;38;2.75;0.0;2.09;4.8;345;128;14.7;10.7;0.04;0.728;0;1;0;0;1;1;0;0;0;1;0;323;;172;191;1;85
52.62;1319;23;23;0;4.48;65;0;32;38;0;50;6;0.46;1.0;1.0;0;0;82;0;38;2.88;0.0;2.12;4.9;345;128;14.7;11.2;0.09;0.762;0;1;0;0;1;1;0;0;0;1;0;327;;173;191;1;85
53.0;1319;22;22;0;4.38;65;0;32;38;0;49;6;0.45;1.0;1.0;0;0;82;0;38;2.75;0.0;2.08;4.8;345;128;14.7;9.6;0.05;0.653;0;1;0;0;1;1;0;0;0;1;0;322;;173;191;1;41
53.4;1306;23;23;0;4.48;65;0;32;38;0;50;6;0.46;1.0;1.0;0;0;82;0;38;2.88;0.0;2.12;4.9;345;128;14.7;9.8;0.08;0.667;0;1;0;0;1;1;0;0;0;1;0;326;;173;191;1;85
53.82;1306;23;23;0;4.46;65;0;32;38;0;50;6;0.46;1.0;1.0;0;0;82;0;38;2.88;0.0;2.11;4.9;345;128;14.7;10.9;0.06;0.741;0;1;0;0;1;1;0;0;0;1;0;324;;173;191;1;85
54.22;1281;22;22;0;4.35;66;0;32;38;0;49;6;0.45;1.0;1.0;0;0;82;0;38;2.75;0.0;2.07;4.6;345;128;14.7;11.4;0.09;0.776;0;1;0;0;1;1;0;0;0;1;0;323;;172;191;1;85
54.43;1332;23;23;0;4.5;66;0;32;38;0;50;6;0.46;1.0;1.0;0;0;82;0;38;2.88;0.0;2.13;5.0;345;128;14.7;9.8;0.09;0.667;0;1;0;0;1;1;0;0;0;1;0;327;;172;191;1;85
54.81;1281;22;22;0;4.36;65;0;32;37;0;49;6;0.45;1.0;1.0;0;0;82;0;38;2.75;0.0;2.07;4.7;345;128;14.7;10.7;0.05;0.728;0;1;0;0;1;1;0;0;0;1;0;323;;173;191;1;85
55.23;1281;22;22;0;4.36;65;0;33;37;0;50;6;0.46;1.0;1.0;0;0;82;0;37;2.75;0.0;2.07;4.7;345;128;14.7;11.2;0.1;0.762;0;1;0;0;1;1;0;0;0;1;0;324;;173;191;1;85
55.62;1319;23;23;0;4.38;65;0;32;38;0;50;6;0.46;1.0;1.0;0;0;82;0;38;2.88;0.0;2.08;4.8;345;128;14.7;10.2;0.07;0.694;0;1;0;0;1;1;0;0;0;1;0;326;;173;191;1;85
56.03;1319;22;22;0;4.3;66;0;32;38;0;49;6;0.45;1.0;1.0;0;0;82;0;38;2.75;0.0;2.05;4.7;345;128;14.7;9.7;0.1;0.66;0;1;0;0;1;1;0;0;0;1;0;321;;173;191;1;54
56.42;1306;23;23;0;4.41;65;0;32;38;0;50;6;0.46;1.0;1.0;0;0;83;0;38;2.88;0.0;2.09;4.8;345;128;14.7;10.7;0.08;0.728;0;1;0;0;1;1;0;0;0;1;0;325;;173;190;1;152
56.83;1306;22;22;0;4.26;65;0;33;37;0;49;6;0.45;1.0;1.0;0;0;83;0;37;2.75;0.0;2.03;4.6;345;128;14.7;11.2;0.06;0.762;0;1;0;0;1;1;0;0;0;1;0;320;;173;190;1;86
57.22;1319;22;22;0;4.31;65;0;33;37;0;50;6;0.46;1.0;1.0;0;0;83;0;37;2.75;0.0;2.05;4.7;345;128;14.7;10.6;0.09;0.721;0;1;0;0;1;1;0;0;0;1;0;324;;173;190;1;85
57.62;1306;22;22;0;4.31;65;0;32;38;0;49;6;0.45;1.0;1.0;0;0;83;0;38;2.75;0.0;2.05;4.7;345;128;14.7;10.0;0.06;0.68;0;1;0;0;1;1;0;0;0;1;0;322;;173;190;1;85
58.03;1332;22;22;0;4.28;65;0;32;38;0;49;6;0.46;1.0;1.0;0;0;83;0;38;2.75;0.0;2.04;4.8;345;128;14.7;10.3;0.09;0.701;0;1;0;0;1;1;0;0;0;1;0;321;;173;190;1;85
58.43;1306;22;22;0;4.32;68;0;32;38;0;49;6;0.45;1.0;1.0;0;0;83;0;38;2.75;0.0;2.07;4.7;345;128;14.7;10.5;0.06;0.714;0;1;0;0;1;1;0;0;0;1;0;323;;169;190;1;85
58.85;1332;22;22;0;4.23;65;0;32;38;0;49;6;0.46;1.0;1.0;0;0;83;0;38;2.75;0.0;2.02;4.7;345;128;14.7;10.2;0.01;0.694;0;1;0;0;1;1;0;0;0;1;0;319;;173;190;2;85
59.25;1306;22;22;0;4.26;65;0;32;38;0;49;6;0.45;1.0;1.0;0;0;83;0;38;2.75;0.0;2.03;4.6;345;128;14.7;10.1;0.09;0.687;0;1;0;0;1;1;0;0;0;1;0;323;;173;190;2;83
59.64;1319;22;22;0;4.18;65;0;32;38;0;49;6;0.45;1.0;1.0;0;0;83;0;38;2.75;0.0;2.0;4.6;345;128;14.7;10.9;0.0;0.741;0;1;0;0;1;1;0;0;0;1;0;319;;173;190;2;85
60.03;1306;22;22;0;4.21;65;0;32;38;0;49;6;0.45;1.0;1.0;0;0;83;0;38;2.75;0.0;2.01;4.6;345;128;14.7;11.1;0.09;0.755;0;1;0;0;1;1;0;0;0;1;0;322;;173;190;2;85
60.44;1281;22;22;0;4.17;64;0;32;38;0;49;6;0.45;1.0;1.0;0;0;83;0;38;2.75;0.0;1.99;4.5;345;128;14.7;11.4;0.08;0.776;0;1;0;0;1;1;0;0;0;1;0;318;;174;189;2;85
60.64;1332;22;22;0;4.18;65;0;32;38;0;49;6;0.46;1.0;1.0;0;0;83;0;38;2.75;0.0;2.0;4.6;345;128;14.7;11.3;0.01;0.769;0;1;0;0;1;1;0;0;0;1;0;322;;173;189;2;85
61.04;1306;22;22;0;4.17;66;0;32;38;0;49;6;0.45;1.0;1.0;0;0;83;0;38;2.75;0.0;2.0;4.5;345;128;14.7;11.2;0.1;0.762;0;1;0;0;1;1;0;0;0;1;0;321;;172;189;2;86
61.46;1319;22;22;0;4.12;64;0;32;38;0;49;6;0.45;1.0;1.0;0;0;83;0;38;2.75;0.0;1.97;4.5;345;128;14.7;10.3;0.1;0.701;0;1;0;0;1;1;0;0;0;1;0;319;;174;189;2;77
61.86;1306;22;22;0;4.16;65;0;32;38;0;49;6;0.45;1.0;1.0;0;0;83;0;38;2.75;0.0;1.99;4.5;345;128;14.7;11.3;0.03;0.769;0;1;0;0;1;1;0;0;0;1;0;322;;173;189;2;147
62.26;1319;22;22;0;4.11;65;0;32;38;0;49;6;0.45;1.0;1.0;0;0;83;0;38;2.75;0.0;1.97;4.5;345;128;14.7;11.6;0.0;0.789;0;1;0;0;1;1;0;0;0;1;0;317;;173;189;2;85
62.65;1281;22;22;0;4.11;65;0;32;38;0;49;6;0.45;1.0;1.0;0;0;83;0;38;2.75;0.0;1.97;4.4;345;128;14.7;10.1;0.03;0.687;0;1;0;0;1;1;0;0;0;1;0;321;;173;189;2;85
63.04;1281;21;21;0;4.01;65;0;32;38;0;48;6;0.44;1.0;1.0;0;0;83;0;38;2.62;0.0;1.93;4.3;345;128;14.7;10.7;0.1;0.728;0;1;0;0;1;1;0;0;0;1;0;316;;173;189;2;84
63.46;1319;22;22;0;4.08;65;0;32;38;0;49;6;0.45;1.0;1.0;0;0;83;0;38;2.75;0.0;1.96;4.5;345;128;14.7;9.7;0.1;0.66;0;1;0;0;1;1;0;0;0;1;0;321;;173;189;2;85
63.86;1281;22;22;0;4.08;65;0;32;38;0;49;6;0.45;1.0;1.0;0;0;83;0;38;2.75;0.0;1.96;4.4;345;128;14.7;11.8;0.02;0.803;0;1;0;0;1;1;0;0;0;1;0;320;;173;189;2;149
64.26;1281;22;22;0;4.08;65;0;32;38;0;49;6;0.45;1.0;1.0;0;0;85;0;38;2.75;0.0;1.96;4.4;345;128;14.7;10.8;0.01;0.735;0;1;0;0;1;1;0;0;0;1;0;317;;173;188;2;84
64.66;1319;22;22;0;4.06;65;0;33;37;0;49;6;0.45;1.0;1.0;0;0;85;0;37;2.75;0.0;1.95;4.5;345;128;14.7;11.2;0.09;0.762;0;1;0;0;1;1;0;0;0;1;0;320;;173;188;2;85
65.06;1268;22;22;0;4.06;66;0;33;37;0;49;6;0.45;1.0;1.0;0;0;85;0;37;2.75;0.0;1.95;4.3;345;128;14.7;10.7;0.02;0.728;0;1;0;0;1;1;0;0;0;1;0;319;;172;188;2;85
65.46;1281;22;22;0;4.07;66;0;32;37;0;49;6;0.45;1.0;1.0;0;0;85;0;38;2.75;0.0;1.96;4.3;345;128;14.7;10.2;0.1;0.694;0;1;0;0;1;1;0;0;0;1;0;317;;172;188;2;85
65.86;1306;22;22;0;4.02;64;0;33;37;0;49;6;0.45;1.0;1.0;0;0;85;0;37;2.75;0.0;1.93;4.4;345;128;14.7;11.2;0.09;0.762;0;1;0;0;1;1;0;0;0;1;0;317;;173;188;2;41
66.26;1306;22;22;0;4.03;65;0;33;37;0;49;6;0.45;1.0;1.0;0;0;85;0;37;2.75;0.0;1.94;4.4;345;128;14.7;11.2;0.02;0.762;0;1;0;0;1;1;0;0;0;1;0;320;;173;188;2;41
66.68;1281;22;22;0;4.03;65;0;33;37;0;49;6;0.45;1.0;1.0;0;0;85;0;37;2.75;0.0;1.94;4.3;345;128;14.7;10.5;0.01;0.714;0;1;0;0;1;1;0;0;0;1;0;319;;173;188;2;77
66.87;1268;21;21;0;3.86;65;0;33;37;0;48;6;0.44;1.0;1.0;0;0;85;0;37;2.62;0.0;1.87;4.1;345;128;14.7;11.5;0.03;0.782;0;1;0;0;1;1;0;0;0;1;0;316;;173;188;2;85
67.27;1281;21;21;0;3.93;65;0;33;37;0;49;6;0.45;1.0;1.0;0;0;85;0;37;2.62;0.0;1.9;4.2;345;128;14.7;11.3;0.01;0.769;0;1;0;0;1;1;0;0;0;1;0;317;;173;188;2;84
67.66;1319;22;22;0;3.96;65;0;33;38;0;49;6;0.45;1.0;1.0;0;0;86;0;37;2.75;0.0;1.91;4.4;345;128;14.7;10.1;0.03;0.687;0;1;0;0;1;1;0;0;0;1;0;321;;173;188;2;85
68.07;1306;22;22;0;4.0;66;0;33;38;0;49;6;0.45;1.0;1.0;0;0;86;0;37;2.75;0.0;1.93;4.4;345;128;14.7;10.1;0.02;0.687;0;1;0;0;1;1;0;0;0;1;0;318;;172;187;2;84
68.48;1281;21;21;0;3.82;64;0;32;38;0;48;6;0.44;1.0;1.0;0;0;86;0;38;2.62;0.0;1.85;4.1;345;128;14.7;11.7;0.06;0.796;0;1;0;0;1;1;0;0;0;1;0;314;;174;187;2;85
68.87;1319;21;21;0;3.81;65;0;33;37;0;48;6;0.45;1.0;1.0;0;0;86;0;37;2.62;0.0;1.85;4.2;345;128;14.7;12.0;0.03;0.816;0;1;0;0;1;1;0;0;0;1;0;316;;173;187;2;85
69.28;1306;22;22;0;3.93;65;0;32;38;0;49;6;0.45;1.0;1.0;0;0;86;0;38;2.75;0.0;1.9;4.3;345;128;14.7;10.8;0.01;0.735;0;1;0;0;1;1;0;0;0;1;0;319;;173;187;3;85
69.69;1268;21;21;0;3.82;64;0;33;37;0;48;6;0.44;1.0;1.0;0;0;86;0;37;2.62;0.0;1.85;4.0;345;128;14.7;10.2;0.06;0.694;0;1;0;0;1;1;0;0;0;1;0;316;;174;187;3;84
70.08;1281;21;21;0;3.73;65;0;33;37;0;48;6;0.44;1.0;1.0;0;0;86;0;37;2.62;0.0;1.82;4.0;345;128;14.7;10.8;0.04;0.735;0;1;0;0;1;1;0;0;0;1;0;314;;173;187;3;85
70.49;1319;21;21;0;3.78;65;0;33;37;0;48;6;0.45;1.0;1.0;0;0;86;0;37;2.62;0.0;1.84;4.2;345;128;14.7;11.4;0.03;0.776;0;1;0;0;1;1;0;0;0;1;0;315;;173;187;3;85
70.87;1281;22;22;0;3.85;64;0;33;37;0;49;6;0.45;1.0;1.0;0;0;86;0;37;2.75;0.0;1.86;4.1;345;128;14.7;11.3;0.0;0.769;0;1;0;0;1;1;0;0;0;1;0;318;;174;187;3;84
71.28;1306;21;21;0;3.81;65;0;32;38;0;48;6;0.45;1.0;1.0;0;0;86;0;38;2.62;0.0;1.85;4.1;345;128;14.7;11.8;0.06;0.803;0;1;0;0;1;1;0;0;0;1;0;314;;173;187;3;84
71.67;1268;21;21;0;3.73;65;0;33;37;0;48;6;0.44;1.0;1.0;0;0;86;0;37;2.62;0.0;1.82;3.9;345;128;14.7;11.3;0.03;0.769;0;1;0;0;1;1;0;0;0;1;0;313;;173;187;3;85
72.08;1332;22;22;0;3.81;65;0;33;37;0;49;6;0.46;1.0;1.0;0;0;86;0;37;2.75;0.0;1.85;4.2;345;128;14.7;10.4;0.01;0.707;0;1;0;0;1;1;0;0;0;1;0;317;;173;186;3;85
72.49;1281;21;21;0;3.76;65;0;33;37;0;48;6;0.44;1.0;1.0;0;0;86;0;37;2.62;0.0;1.83;4.0;345;128;14.7;11.1;0.06;0.755;0;1;0;0;1;1;0;0;0;1;0;316;;173;186;3;85
72.88;1281;21;21;0;3.7;64;0;32;38;0;48;6;0.44;1.0;1.0;0;0;86;0;38;2.62;0.0;1.8;3.9;345;128;14.7;12.4;0.03;0.844;0;1;0;0;1;1;0;0;0;1;0;313;;174;186;3;41
73.3;1281;21;21;0;3.65;64;0;33;37;0;48;6;0.44;1.0;1.0;0;0;86;0;37;2.62;0.0;1.78;3.9;345;128;14.7;13.0;0.02;0.884;0;1;0;0;1;1;0;0;0;1;0;313;;174;186;3;84
73.5;1332;21;21;0;3.73;65;0;32;38;0;48;6;0.45;1.0;1.0;0;0;86;0;38;2.62;0.0;1.82;4.1;345;128;14.7;10.6;0.07;0.721;0;1;0;0;1;1;0;0;0;1;0;316;;173;186;3;85
73.89;1281;21;21;0;3.65;64;0;33;37;0;48;6;0.44;1.0;1.0;0;0;86;0;37;2.62;0.0;1.78;3.9;345;128;14.7;11.7;0.04;0.796;0;1;0;0;1;1;0;0;0;1;0;313;;174;186;3;84
74.29;1281;21;21;0;3.62;64;0;32;37;0;48;6;0.44;1.0;1.0;0;0;86;0;38;2.62;0.0;1.77;3.9;345;128;14.7;12.3;0.02;0.837;0;1;0;0;1;1;0;0;0;1;0;312;;174;186;3;85
74.69;1281;20;20;0;3.63;65;0;33;37;0;48;6;0.44;1.0;1.0;0;0;86;0;37;2.5;0.0;1.78;3.9;345;128;14.7;12.2;0.06;0.83;0;1;0;0;1;1;0;0;0;1;0;313;;173;186;3;84
75.09;1306;21;21;0;3.63;65;0;33;38;0;48;6;0.45;1.0;1.0;0;0;88;0;37;2.62;0.0;1.78;4.0;345;128;14.7;11.7;0.03;0.796;0;1;0;0;1;1;0;0;0;1;0;316;;173;186;3;84
75.5;1281;21;21;0;3.66;65;0;33;37;0;48;6;0.44;1.0;1.0;0;0;88;0;37;2.62;0.0;1.79;3.9;345;128;14.7;11.3;0.08;0.769;0;1;0;0;1;1;0;0;0;1;0;315;;173;185;3;149
75.89;1268;21;21;0;3.62;64;0;33;37;0;48;6;0.44;1.0;1.0;0;0;88;0;37;2.62;0.0;1.77;3.8;345;128;14.7;10.8;0.05;0.735;0;1;0;0;1;1;0;0;0;1;0;312;;174;185;3;84
76.3;1268;20;20;0;3.52;66;0;33;37;0;48;6;0.44;1.0;1.0;0;0;88;0;37;2.5;0.0;1.74;3.7;345;128;14.7;10.7;0.03;0.728;0;1;0;0;1;1;0;0;0;1;0;310;;172;185;3;84
76.71;1255;20;20;0;3.53;65;0;32;38;0;48;6;0.44;1.0;1.0;0;0;88;0;38;2.5;0.0;1.74;3.7;345;128;14.7;11.7;0.07;0.796;0;1;0;0;1;1;0;0;0;1;0;310;;173;185;3;84
77.1;1268;20;20;0;3.51;65;0;33;37;0;48;6;0.44;1.0;1.0;0;0;88;0;37;2.5;0.0;1.73;3.7;345;128;14.7;12.2;0.03;0.83;0;1;0;0;1;1;0;0;0;1;0;312;;173;185;3;84
77.5;1306;21;21;0;3.58;65;0;33;37;0;48;6;0.45;1.0;1.0;0;0;88;0;37;2.62;0.0;1.76;3.9;345;128;14.7;12.7;0.06;0.864;0;1;0;0;1;1;0;0;0;1;0;313;;173;185;3;84
77.9;1319;21;21;0;3.57;64;0;33;37;0;48;6;0.45;1.0;1.0;0;0;88;0;37;2.62;0.0;1.75;3.9;345;128;14.7;13.2;0.03;0.898;0;1;0;0;1;1;0;0;0;1;0;314;;174;185;3;84
78.32;1281;21;21;0;3.58;65;0;33;37;0;48;6;0.44;1.0;1.0;0;0;88;0;37;2.62;0.0;1.76;3.8;345;128;14.7;13.2;0.08;0.898;0;1;0;0;1;1;0;0;0;1;0;313;;173;185;4;85
78.71;1268;21;21;0;3.56;65;0;32;38;0;48;6;0.44;1.0;1.0;0;0;90;0;38;2.62;0.0;1.75;3.8;345;128;14.7;12.2;0.05;0.83;0;1;0;0;1;1;0;0;0;1;0;312;;173;184;4;149
79.12;1268;21;21;0;3.56;65;0;33;37;0;48;6;0.44;1.0;1.0;0;0;90;0;37;2.62;0.0;1.75;3.8;345;128;14.7;11.6;0.09;0.789;0;1;0;0;1;1;0;0;0;1;0;310;;173;184;4;42
79.51;1229;20;20;0;3.53;65;0;33;37;0;48;6;0.44;1.0;1.0;0;0;90;0;37;2.5;0.0;1.74;3.6;345;128;14.7;12.1;0.06;0.823;0;1;0;0;1;1;0;0;0;1;0;309;;173;184;4;150
79.73;1255;21;21;0;3.53;65;0;33;37;0;48;6;0.44;1.0;1.0;0;0;90;0;37;2.62;0.0;1.74;3.7;345;128;14.7;12.4;0.06;0.844;0;1;0;0;1;1;0;0;0;1;0;310;;173;184;4;84
80.12;1229;20;20;0;3.53;65;0;33;37;0;48;5;0.44;1.0;1.0;0;0;90;0;37;2.5;0.0;1.74;3.6;345;128;14.7;12.9;0.08;0.878;0;1;0;0;1;1;0;0;0;1;0;310;;173;184;4;84
80.52;1255;21;21;0;3.52;64;0;32;38;0;48;6;0.44;1.0;1.0;0;0;90;0;38;2.62;0.0;1.73;3.7;345;128;14.7;13.4;0.07;0.912;0;1;0;0;1;1;0;0;0;1;0;310;;174;184;4;84
80.92;1255;21;21;0;3.52;64;0;32;38;0;48;6;0.44;1.0;1.0;0;0;90;0;38;2.62;0.0;1.73;3.7;345;128;14.7;12.5;0.04;0.85;0;1;0;0;1;1;0;0;0;1;0;310;;174;184;4;84
81.32;1255;21;21;0;3.53;65;0;33;37;0;48;6;0.44;1.0;1.0;0;0;90;0;37;2.62;0.0;1.74;3.7;345;128;14.7;12.1;0.08;0.823;0;1;0;0;1;1;0;0;0;1;0;310;;173;184;4;149
81.72;1268;20;20;0;3.51;65;0;32;38;0;48;6;0.44;1.0;1.0;0;0;90;0;38;2.5;0.0;1.73;3.7;345;128;14.7;12.2;0.06;0.83;0;1;0;0;1;1;0;0;0;1;0;310;;173;184;4;84
82.13;1268;20;20;0;3.5;64;0;33;37;0;48;6;0.44;1.0;1.0;0;0;90;0;37;2.5;0.0;1.72;3.7;345;128;14.7;10.7;0.0;0.728;0;1;0;0;1;1;0;0;0;1;0;310;;173;183;4;75
82.53;1306;21;21;0;3.57;64;0;33;38;0;48;6;0.45;1.0;1.0;0;0;90;0;37;2.62;0.0;1.75;3.9;345;128;14.7;10.8;0.08;0.735;0;1;0;0;1;1;0;0;0;1;0;311;;174;183;4;84
82.92;1306;21;21;0;3.57;64;0;33;37;0;48;6;0.45;1.0;1.0;0;0;90;0;37;2.62;0.0;1.75;3.9;345;128;14.7;10.9;0.06;0.741;0;1;0;0;1;1;0;0;0;1;0;313;;174;183;4;84
83.33;1306;21;21;0;3.58;65;0;33;37;0;48;6;0.45;1.0;1.0;0;0;90;0;37;2.62;0.0;1.76;3.9;345;128;14.7;11.6;0.1;0.789;0;1;0;0;1;1;0;0;0;1;0;314;;174;183;4;85
83.73;1281;21;21;0;3.53;65;0;33;37;0;48;6;0.44;1.0;1.0;0;0;90;0;37;2.62;0.0;1.74;3.8;345;128;14.7;10.9;0.08;0.741;0;1;0;0;1;1;0;0;0;1;0;314;;173;183;4;85
84.14;1268;21;21;0;3.52;64;0;33;37;0;48;5;0.44;1.0;1.0;0;0;90;0;37;2.62;0.0;1.73;3.7;345;128;14.7;13.1;0.01;0.891;0;1;0;0;1;1;0;0;0;1;0;313;;174;183;4;84
84.54;1255;21;21;0;3.53;65;0;33;37;0;48;6;0.44;1.0;1.0;0;0;90;0;37;2.62;0.0;1.74;3.7;345;128;14.7;12.3;0.1;0.837;0;1;0;0;1;1;0;0;0;1;0;311;;173;183;4;84
84.94;1281;21;21;0;3.53;65;0;33;37;0;48;6;0.44;1.0;1.0;0;0;90;0;37;2.62;0.0;1.74;3.8;345;128;14.7;12.8;0.06;0.871;0;1;0;0;1;1;0;0;0;1;0;311;;173;183;4;84
85.35;1306;21;21;0;3.58;65;0;33;37;0;48;6;0.45;1.0;1.0;0;0;91;0;37;2.62;0.0;1.76;3.9;345;128;14.7;12.3;0.01;0.837;0;1;0;0;1;1;0;0;0;1;0;312;;173;182;4;148
85.74;1281;21;21;0;3.53;65;0;33;37;0;48;6;0.44;1.0;1.0;0;0;91;0;37;2.62;0.0;1.74;3.8;345;128;14.7;12.6;0.08;0.857;0;1;0;0;1;1;0;0;0;1;0;313;;173;182;4;84
85.95;1268;21;21;0;3.52;64;0;33;37;0;48;5;0.44;1.0;1.0;0;0;91;0;37;2.62;0.0;1.73;3.7;345;128;14.7;10.9;0.08;0.741;0;1;0;0;1;1;0;0;0;1;0;313;;174;182;5;84
86.35;1268;21;21;0;3.53;65;0;33;37;0;48;6;0.44;1.0;1.0;0;0;91;0;37;2.62;0.0;1.74;3.7;345;128;14.7;13.1;0.0;0.891;0;1;0;0;1;1;0;0;0;1;0;311;;173;182;5;84
86.76;1229;21;21;0;3.53;65;0;33;37;0;48;5;0.44;1.0;1.0;0;0;91;0;37;2.62;0.0;1.74;3.6;345;128;14.7;12.5;0.09;0.85;0;1;0;0;1;1;0;0;0;1;0;310;;173;182;5;84
87.15;1229;20;20;0;3.52;64;0;33;37;0;48;5;0.44;1.0;1.0;0;0;91;0;37;2.5;0.0;1.73;3.6;345;128;14.7;12.5;0.02;0.85;0;1;0;0;1;1;0;0;0;1;0;309;;174;182;5;84
87.56;1255;20;20;0;3.47;64;0;33;37;0;47;5;0.43;1.0;1.0;0;0;91;0;37;2.5;0.0;1.71;3.6;345;128;14.7;12.3;0.02;0.837;0;1;0;0;1;1;0;0;0;1;0;308;;174;182;5;84
87.96;1229;21;21;0;3.53;65;0;33;37;0;48;5;0.44;1.0;1.0;0;0;91;0;37;2.62;0.0;1.74;3.6;345;128;14.7;13.0;0.1;0.884;0;1;0;0;1;1;0;0;0;1;0;309;;173;182;5;84
88.36;1255;21;21;0;3.52;64;0;33;37;0;48;6;0.44;1.0;1.0;0;0;91;0;37;2.62;0.0;1.73;3.7;345;128;14.7;11.0;0.03;0.748;0;1;0;0;1;1;0;0;0;1;0;309;;174;181;5;42
88.76;1255;20;20;0;3.5;64;0;33;37;0;47;5;0.43;1.0;1.0;0;0;91;0;37;2.5;0.0;1.72;3.7;345;128;14.7;10.9;0.01;0.741;0;1;0;0;1;1;0;0;0;1;0;308;;174;181;5;42
89.17;1255;21;21;0;3.55;64;0;33;37;0;48;6;0.44;1.0;1.0;0;0;91;0;37;2.62;0.0;1.74;3.7;345;128;14.7;11.0;0.1;0.748;0;1;0;0;1;1;0;0;0;1;0;310;;174;181;5;84
89.57;1255;21;21;0;3.53;65;0;33;37;0;48;6;0.44;1.0;1.0;0;0;91;0;37;2.62;0.0;1.74;3.7;345;128;14.7;12.2;0.03;0.83;0;1;0;0;1;1;0;0;0;1;0;310;;173;181;5;84
89.96;1255;21;21;0;3.56;65;0;33;37;0;48;6;0.44;1.0;1.0;0;0;91;0;37;2.62;0.0;1.75;3.7;345;128;14.7;12.3;0.0;0.837;0;1;0;0;1;1;0;0;0;1;0;309;;173;181;5;84
90.36;1255;21;21;0;3.52;64;0;33;37;0;48;6;0.44;1.0;1.0;0;0;91;0;37;2.62;0.0;1.73;3.7;345;128;14.7;11.3;0.1;0.769;0;1;0;0;1;1;0;0;0;1;0;311;;174;181;5;84
90.78;1281;21;21;0;3.57;64;0;33;37;0;48;6;0.44;1.0;1.0;0;0;91;0;37;2.62;0.0;1.75;3.8;345;128;14.7;13.2;0.04;0.898;0;1;0;0;1;1;0;0;0;1;0;312;;174;181;5;84
91.17;1306;21;21;0;3.63;65;0;33;37;0;48;6;0.45;1.0;1.0;0;0;91;0;37;2.62;0.0;1.78;4.0;345;128;14.7;11.7;0.01;0.796;0;1;0;0;1;1;0;0;0;1;0;312;;173;181;5;85
91.57;1281;21;21;0;3.53;65;0;33;37;0;48;6;0.44;1.0;1.0;0;0;91;0;37;2.62;0.0;1.74;3.8;345;128;14.7;11.3;0.04;0.769;0;1;0;0;1;1;0;0;0;1;0;313;;174;181;5;40
91.96;1268;21;21;0;3.53;65;0;33;37;0;48;6;0.44;1.0;1.0;0;0;93;0;37;2.62;0.0;1.74;3.7;345;128;14.7;11.2;0.01;0.762;0;1;0;0;1;1;0;0;0;1;0;313;;173;180;5;85
92.18;1255;21;21;0;3.52;64;0;33;37;0;48;6;0.44;1.0;1.0;0;0;93;0;37;2.62;0.0;1.73;3.7;345;128;14.7;12.6;0.01;0.857;0;1;0;0;1;1;0;0;0;1;0;311;;174;180;5;84
92.57;1255;20;20;0;3.51;65;0;33;37;0;48;5;0.44;1.0;1.0;0;0;93;0;37;2.5;0.0;1.73;3.7;345;128;14.7;12.9;0.04;0.878;0;1;0;0;1;1;0;0;0;1;0;311;;173;180;5;84
92.99;1255;20;20;0;3.5;64;0;33;37;0;48;5;0.44;1.0;1.0;0;0;93;0;37;2.5;0.0;1.72;3.7;345;128;14.7;12.7;0.04;0.864;0;1;0;0;1;1;0;0;0;1;0;310;;174;180;5;84
93.38;1229;20;20;0;3.47;65;0;33;37;0;48;5;0.44;1.0;1.0;0;0;93;0;37;2.5;0.0;1.71;3.6;345;128;14.7;11.7;0.01;0.796;0;1;0;0;1;1;0;0;0;1;0;309;;173;180;5;84
93.78;1229;20;20;0;3.42;64;0;33;37;0;47;5;0.43;1.0;1.0;0;0;93;0;37;2.5;0.0;1.69;3.5;345;128;14.7;11.4;0.04;0.776;0;1;0;0;1;1;0;0;0;1;0;308;;174;180;5;84
94.19;1229;20;20;0;3.42;64;0;33;37;0;47;5;0.43;1.0;1.0;0;0;93;0;37;2.5;0.0;1.69;3.5;345;128;14.7;11.5;0.03;0.782;0;1;0;0;1;1;0;0;0;1;0;307;;174;180;5;84
94.57;1229;20;20;0;3.42;64;0;33;37;0;47;5;0.43;1.0;1.0;0;0;93;0;37;2.5;0.0;1.69;3.5;345;128;14.7;11.1;0.05;0.755;0;1;0;0;1;1;0;0;0;1;0;307;;174;180;6;84
94.99;1229;21;21;0;3.52;64;0;33;37;0;48;5;0.44;1.0;1.0;0;0;93;0;37;2.62;0.0;1.73;3.6;345;128;14.7;10.7;0.05;0.728;0;1;0;0;1;1;0;0;0;1;0;309;;174;179;6;84
95.38;1255;21;21;0;3.53;65;0;33;37;0;48;6;0.44;1.0;1.0;0;0;93;0;37;2.62;0.0;1.74;3.7;345;128;14.7;11.6;0.01;0.789;0;1;0;0;1;1;0;0;0;1;0;311;;173;179;6;77
95.78;1268;20;20;0;3.51;65;0;33;37;0;48;5;0.44;1.0;1.0;0;0;93;0;37;2.5;0.0;1.73;3.7;345;128;14.7;12.7;0.04;0.864;0;1;0;0;1;1;0;0;0;1;0;311;;173;179;6;84
96.19;1268;20;20;0;3.52;64;0;33;37;0;48;5;0.44;1.0;1.0;0;0;93;0;37;2.5;0.0;1.73;3.7;345;128;14.7;12.4;0.03;0.844;0;1;0;0;1;1;0;0;0;1;0;311;;174;179;6;84
96.58;1268;20;20;0;3.5;64;0;33;37;0;48;5;0.44;1.0;1.0;0;0;93;0;37;2.5;0.0;1.72;3.7;345;128;14.7;12.8;0.05;0.871;0;1;0;0;1;1;0;0;0;1;0;312;;174;179;6;42
97.0;1268;20;20;0;3.5;64;0;33;37;0;48;5;0.44;1.0;1.0;0;0;93;0;37;2.5;0.0;1.72;3.7;345;128;14.7;13.0;0.05;0.884;0;1;0;0;1;1;0;0;0;1;0;311;;173;179;6;74
97.38;1229;20;20;0;3.47;64;0;33;37;0;48;5;0.44;1.0;1.0;0;0;93;0;37;2.5;0.0;1.71;3.6;345;128;14.7;12.8;0.02;0.871;0;1;0;0;1;1;0;0;0;1;0;309;;174;179;6;51
97.79;1255;20;20;0;3.43;65;0;33;37;0;47;5;0.43;1.0;1.0;0;0;93;0;37;2.5;0.0;1.7;3.6;345;128;14.7;11.8;0.05;0.803;0;1;0;0;1;1;0;0;0;1;0;308;;173;179;6;84
98.2;1281;20;20;0;3.43;65;0;33;37;0;47;5;0.43;1.0;1.0;0;0;94;0;37;2.5;0.0;1.7;3.7;345;128;14.7;11.9;0.05;0.81;0;1;0;0;1;1;0;0;0;1;0;307;;173;178;6;84
98.4;1255;20;20;0;3.45;64;0;33;37;0;47;5;0.43;1.0;1.0;0;0;94;0;37;2.5;0.0;1.7;3.6;345;128;14.7;11.8;0.04;0.803;0;1;0;0;1;1;0;0;0;1;0;307;;174;178;6;84
98.81;1255;20;20;0;3.48;65;0;33;37;0;47;5;0.43;1.0;1.0;0;0;94;0;37;2.5;0.0;1.72;3.6;345;128;14.7;12.7;0.08;0.864;0;1;0;0;1;1;0;0;0;1;0;307;;173;178;6;84
99.19;1255;20;20;0;3.48;65;0;33;37;0;47;5;0.43;1.0;1.0;0;0;94;0;37;2.5;0.0;1.72;3.6;345;128;14.7;13.2;0.05;0.898;0;1;0;0;1;1;0;0;0;1;0;308;;173;178;6;84
99.61;1255;20;20;0;3.47;64;0;33;37;0;47;5;0.43;1.0;1.0;0;0;94;0;37;2.5;0.0;1.71;3.6;345;128;14.7;13.2;0.05;0.898;0;1;0;0;1;1;0;0;0;1;0;308;;174;178;6;83
100.01;1255;21;21;0;3.52;64;0;33;37;0;48;6;0.44;1.0;1.0;0;0;94;0;37;2.62;0.0;1.73;3.7;345;128;14.7;12.3;0.08;0.837;0;1;0;0;1;1;0;0;0;1;0;309;;174;178;6;84
100.42;1229;20;20;0;3.52;64;0;33;37;0;48;5;0.44;1.0;1.0;0;0;94;0;37;2.5;0.0;1.73;3.6;345;128;14.7;11.8;0.08;0.803;0;1;0;0;1;1;0;0;0;1;0;309;;174;178;6;84
100.81;1229;20;20;0;3.51;65;0;33;37;0;48;5;0.44;1.0;1.0;0;0;94;0;37;2.5;0.0;1.73;3.6;345;128;14.7;11.4;0.05;0.776;0;1;0;0;1;1;0;0;0;1;0;310;;173;178;6;84
101.21;1229;21;21;0;3.52;64;0;33;37;0;48;5;0.44;1.0;1.0;0;0;94;0;37;2.62;0.0;1.73;3.6;345;128;14.7;11.2;0.08;0.762;0;1;0;0;1;1;0;0;0;1;0;310;;174;178;6;84
101.61;1229;21;21;0;3.53;65;0;33;37;0;48;5;0.44;1.0;1.0;0;0;94;0;37;2.62;0.0;1.74;3.6;345;128;14.7;10.8;0.05;0.735;0;1;0;0;1;1;0;0;0;1;0;311;;173;177;6;83
102.02;1229;20;20;0;3.5;64;0;33;37;0;48;5;0.44;1.0;1.0;0;0;94;0;37;2.5;0.0;1.72;3.6;345;128;14.7;12.0;0.04;0.816;0;1;0;0;1;1;0;0;0;1;0;311;;174;177;6;84
102.42;1268;20;20;0;3.5;64;0;33;37;0;48;5;0.44;1.0;1.0;0;0;94;0;37;2.5;0.0;1.72;3.7;345;128;14.7;12.2;0.08;0.83;0;1;0;0;1;1;0;0;0;1;0;309;;174;177;6;85
102.82;1281;20;20;0;3.42;64;0;33;37;0;47;5;0.43;1.0;1.0;0;0;94;0;37;2.5;0.0;1.69;3.7;345;128;14.7;12.2;0.06;0.83;0;1;0;0;1;1;0;0;0;1;0;308;;174;177;6;77
103.21;1255;20;20;0;3.45;64;0;33;37;0;47;5;0.43;1.0;1.0;0;0;94;0;37;2.5;0.0;1.7;3.6;345;128;14.7;12.8;0.04;0.871;0;1;0;0;1;1;0;0;0;1;0;307;;174;177;7;84
103.62;1255;20;20;0;3.48;65;0;33;37;0;47;5;0.43;1.0;1.0;0;0;94;0;37;2.5;0.0;1.72;3.6;345;128;14.7;13.2;0.08;0.898;0;1;0;0;1;1;0;0;0;1;0;307;;173;177;7;84
104.03;1229;20;20;0;3.47;64;0;33;37;0;47;5;0.43;1.0;1.0;0;0;94;0;37;2.5;0.0;1.71;3.6;345;128;14.7;11.8;0.07;0.803;0;1;0;0;1;1;0;0;0;1;0;308;;174;177;7;84
104.42;1255;20;20;0;3.47;65;0;33;37;0;47;5;0.43;1.0;1.0;0;0;94;0;37;2.5;0.0;1.71;3.6;345;128;14.7;11.1;0.04;0.755;0;1;0;0;1;1;0;0;0;1;0;308;;173;177;7;85
104.63;1255;20;20;0;3.47;65;0;33;37;0;47;5;0.43;1.0;1.0;0;0;96;0;37;2.5;0.0;1.71;3.6;345;128;14.7;12.9;0.05;0.878;0;1;0;0;1;1;0;0;0;1;0;307;;173;176;7;85
105.02;1255;20;20;0;3.5;64;0;33;37;0;47;5;0.43;1.0;1.0;0;0;96;0;37;2.5;0.0;1.72;3.7;345;128;14.7;12.8;0.08;0.871;0;1;0;0;1;1;0;0;0;1;0;307;;174;176;7;84
105.42;1229;21;21;0;3.53;65;0;33;37;0;48;5;0.44;1.0;1.0;0;0;96;0;37;2.62;0.0;1.74;3.6;345;128;14.7;12.8;0.07;0.871;0;1;0;0;1;1;0;0;0;1;0;309;;173;176;7;84
105.82;1255;21;21;0;3.53;65;0;33;37;0;48;5;0.44;1.0;1.0;0;0;96;0;37;2.62;0.0;1.74;3.7;345;128;14.7;12.7;0.06;0.864;0;1;0;0;1;1;0;0;0;1;0;311;;174;176;7;148
106.22;1281;20;20;0;3.51;65;0;33;37;0;48;5;0.44;1.0;1.0;0;0;96;0;37;2.5;0.0;1.73;3.7;345;128;14.7;11.8;0.09;0.803;0;1;0;0;1;1;0;0;0;1;0;310;;173;176;7;83
106.63;1281;20;20;0;3.42;64;0;33;37;0;47;5;0.43;1.0;1.0;0;0;96;0;37;2.5;0.0;1.69;3.7;345;128;14.7;11.4;0.08;0.776;0;1;0;0;1;1;0;0;0;1;0;308;;174;176;7;84
107.03;1281;20;20;0;3.42;64;0;33;37;0;47;5;0.43;1.0;1.0;0;0;96;0;37;2.5;0.0;1.69;3.7;345;128;14.7;11.4;0.06;0.776;0;1;0;0;1;1;0;0;0;1;0;307;;174;176;7;84
107.45;1268;20;20;0;3.42;64;0;33;37;0;47;5;0.43;1.0;1.0;0;0;96;0;37;2.5;0.0;1.69;3.6;345;128;14.7;11.7;0.0;0.796;0;1;0;0;1;1;0;0;0;1;0;306;;174;175;7;84
107.84;1255;20;20;0;3.42;64;0;33;37;0;47;5;0.43;1.0;1.0;0;0;96;0;37;2.5;0.0;1.69;3.6;345;128;14.7;11.2;0.08;0.762;0;1;0;0;1;1;0;0;0;1;0;306;;174;175;7;84
108.24;1229;20;20;0;3.43;65;0;33;37;0;47;5;0.43;1.0;1.0;0;0;96;0;37;2.5;0.0;1.7;3.5;345;128;14.7;13.4;0.01;0.912;0;1;0;0;1;1;0;0;0;1;0;306;;174;175;7;74
108.65;1229;20;20;0;3.42;64;0;33;37;0;47;5;0.43;1.0;1.0;0;0;96;0;37;2.5;0.0;1.69;3.5;345;128;14.7;12.7;0.11;0.864;0;1;0;0;1;1;0;0;0;1;0;305;;174;175;7;84
109.03;1229;20;20;0;3.45;64;0;33;37;0;47;5;0.43;1.0;1.0;0;0;96;0;37;2.5;0.0;1.7;3.5;345;128;14.7;13.0;0.06;0.884;0;1;0;0;1;1;0;0;0;1;0;306;;174;175;7;83
109.44;1255;20;20;0;3.51;65;0;33;37;0;47;5;0.43;1.0;1.0;0;0;96;0;37;2.5;0.0;1.73;3.7;345;128;14.7;12.5;0.0;0.85;0;1;0;0;1;1;0;0;0;1;0;308;;174;175;7;76
109.85;1255;21;21;0;3.52;64;0;33;37;0;48;5;0.44;1.0;1.0;0;0;96;0;37;2.62;0.0;1.73;3.7;345;128;14.7;12.6;0.09;0.857;0;1;0;0;1;1;0;0;0;1;0;309;;174;175;7;84
110.24;1255;20;20;0;3.51;65;0;33;37;0;48;5;0.44;1.0;1.0;0;0;96;0;37;2.5;0.0;1.73;3.7;345;128;14.7;11.0;0.01;0.748;0;1;0;0;1;1;0;0;0;1;0;310;;173;175;7;84
110.64;1268;20;20;0;3.45;64;0;33;37;0;48;5;0.44;1.0;1.0;0;0;98;0;37;2.5;0.0;1.7;3.6;345;128;14.7;11.2;0.1;0.762;0;1;0;0;1;1;0;0;0;1;0;310;;174;174;7;42
110.85;1306;21;21;0;3.5;64;0;33;37;0;48;6;0.45;1.0;1.0;0;0;98;0;37;2.62;0.0;1.72;3.8;345;128;14.7;13.2;0.1;0.898;0;1;0;0;1;1;0;0;0;1;0;309;;174;174;7;84
111.26;1281;20;20;0;3.4;64;0;33;37;0;47;5;0.43;1.0;1.0;0;0;98;0;37;2.5;0.0;1.68;3.6;345;128;14.7;13.4;0.08;0.912;0;1;0;0;1;1;0;0;0;1;0;307;;174;174;7;84
111.66;1268;19;19;0;3.35;64;0;33;37;0;47;5;0.43;1.0;1.0;0;0;98;0;37;2.38;0.0;1.66;3.5;345;128;14.7;11.4;0.01;0.776;0;1;0;0;1;1;0;0;0;1;0;306;;174;174;7;84
112.06;1217;19;19;0;3.36;65;0;33;37;0;47;5;0.42;1.0;1.0;0;0;98;0;37;2.38;0.0;1.67;3.4;345;128;14.7;11.5;0.03;0.782;0;1;0;0;1;1;0;0;0;1;0;305;;173;174;7;147
112.45;1204;20;20;0;3.4;64;0;33;37;0;47;5;0.42;1.0;1.0;0;0;98;0;37;2.5;0.0;1.68;3.4;345;128;14.7;11.0;0.0;0.748;0;1;0;0;1;1;0;0;0;1;0;306;;174;174;7;83
112.87;1229;20;20;0;3.48;65;0;34;37;0;48;5;0.44;1.0;1.0;0;0;98;0;36;2.5;0.0;1.72;3.6;345;128;14.7;11.6;0.09;0.789;0;1;0;0;1;1;0;0;0;1;0;310;;173;174;8;84
113.27;1255;20;20;0;3.4;64;0;33;37;0;47;5;0.43;1.0;1.0;0;0;98;0;37;2.5;0.0;1.68;3.6;345;128;14.7;11.7;0.03;0.796;0;1;0;0;1;1;0;0;0;1;0;307;;174;174;8;84
113.67;1217;19;19;0;3.36;65;0;33;36;0;47;5;0.42;1.0;1.0;0;0;98;0;37;2.38;0.0;1.67;3.4;345;128;14.7;11.2;0.11;0.762;0;1;0;0;1;1;0;0;0;1;0;305;;173;173;8;84
114.06;1229;20;20;0;3.42;64;0;34;37;0;47;5;0.43;1.0;1.0;0;0;98;0;36;2.5;0.0;1.69;3.5;345;128;14.7;12.2;0.02;0.83;0;1;0;0;1;1;0;0;0;1;0;307;;174;173;8;84
114.47;1255;20;20;0;3.5;64;0;34;36;0;48;5;0.44;1.0;1.0;0;0;98;0;36;2.5;0.0;1.72;3.7;345;128;14.7;10.9;0.11;0.741;0;1;0;0;1;1;0;0;0;1;0;310;;174;173;8;84
114.87;1217;19;19;0;3.33;65;0;34;36;0;47;5;0.42;1.0;1.0;0;0;98;0;36;2.38;0.0;1.66;3.4;345;128;14.7;13.2;0.03;0.898;0;1;0;0;1;1;0;0;0;1;0;307;;173;173;8;84
115.26;1217;20;20;0;3.4;64;0;33;37;0;47;5;0.42;1.0;1.0;0;0;98;0;37;2.5;0.0;1.68;3.4;345;128;14.7;12.6;0.11;0.857;0;1;0;0;1;1;0;0;0;1;0;306;;174;173;8;84
115.67;1229;20;20;0;3.47;64;0;33;37;0;47;5;0.43;1.0;1.0;0;0;98;0;37;2.5;0.0;1.71;3.6;345;128;14.7;12.3;0.03;0.837;0;1;0;0;1;1;0;0;0;1;0;307;;174;173;8;77
116.07;1229;20;20;0;3.45;64;0;34;36;0;48;5;0.44;1.0;1.0;0;0;98;0;36;2.5;0.0;1.7;3.5;345;128;14.7;11.9;0.01;0.81;0;1;0;0;1;1;0;0;0;1;0;309;;174;173;8;84
116.48;1255;20;20;0;3.37;64;0;34;36;0;47;5;0.43;1.0;1.0;0;0;98;0;36;2.5;0.0;1.67;3.5;345;128;14.7;13.2;0.0;0.898;0;1;0;0;1;1;0;0;0;1;0;306;;174;173;8;40
116.87;1217;19;19;0;3.32;64;0;33;37;0;47;5;0.42;1.0;1.0;0;0;99;0;37;2.38;0.0;1.65;3.4;345;128;14.7;10.8;0.02;0.735;0;1;0;0;1;1;0;0;0;1;0;306;;174;172;8;84
117.08;1229;20;20;0;3.47;64;0;34;36;0;48;5;0.44;1.0;1.0;0;0;99;0;36;2.5;0.0;1.71;3.6;345;128;14.7;13.3;0.02;0.905;0;1;0;0;1;1;0;0;0;1;0;309;;174;172;8;83
117.48;1268;20;20;0;3.35;64;0;33;37;0;47;5;0.43;1.0;1.0;0;0;99;0;37;2.5;0.0;1.66;3.5;345;128;14.7;12.7;0.04;0.864;0;1;0;0;1;1;0;0;0;1;0;306;;174;172;8;84
117.87;1217;19;19;0;3.32;64;0;33;36;0;47;5;0.42;1.0;1.0;0;0;99;0;37;2.38;0.0;1.65;3.4;345;128;14.7;12.7;0.02;0.864;0;1;0;0;1;1;0;0;0;1;0;305;;174;172;8;42
118.28;1229;20;20;0;3.43;65;0;34;36;0;48;5;0.44;1.0;1.0;0;0;99;0;36;2.5;0.0;1.7;3.5;345;128;14.7;13.3;0.06;0.905;0;1;0;0;1;1;0;0;0;1;0;310;;173;172;8;84
118.69;1217;19;19;0;3.3;64;0;33;37;0;47;5;0.42;1.0;1.0;0;0;99;0;37;2.38;0.0;1.64;3.3;345;128;14.7;12.8;0.03;0.871;0;1;0;0;1;1;0;0;0;1;0;305;;174;172;8;83
119.09;1217;20;20;0;3.32;64;0;33;36;0;47;5;0.42;1.0;1.0;0;0;99;0;37;2.5;0.0;1.65;3.4;345;128;14.7;11.9;0.01;0.81;0;1;0;0;1;1;0;0;0;1;0;305;;174;172;8;84
119.48;1229;20;20;0;3.42;64;0;34;36;0;48;5;0.44;1.0;1.0;0;0;99;0;36;2.5;0.0;1.69;3.5;345;128;14.7;12.1;0.03;0.823;0;1;0;0;1;1;0;0;0;1;0;309;;174;172;8;84
119.87;1217;19;19;0;3.32;64;0;33;36;0;47;5;0.42;1.0;1.0;0;0;99;0;37;2.38;0.0;1.65;3.4;345;128;14.7;12.0;0.0;0.816;0;1;0;0;1;1;0;0;0;1;0;305;;174;172;8;84
120.28;1204;20;20;0;3.4;64;0;34;36;0;47;5;0.42;1.0;1.0;0;0;99;0;36;2.5;0.0;1.68;3.4;345;128;14.7;11.5;0.05;0.782;0;1;0;0;1;1;0;0;0;1;0;307;;174;171;8;84
120.69;1255;20;20;0;3.35;64;0;34;36;0;47;5;0.43;1.0;1.0;0;0;99;0;36;2.5;0.0;1.66;3.5;345;128;14.7;11.3;0.05;0.769;0;1;0;0;1;1;0;0;0;1;0;308;;174;171;8;74
121.1;1217;19;19;0;3.3;64;0;33;37;0;47;5;0.42;1.0;1.0;0;0;99;0;37;2.38;0.0;1.64;3.3;345;128;14.7;11.6;0.02;0.789;0;1;0;0;1;1;0;0;0;1;0;304;;174;171;8;84
121.49;1217;20;20;0;3.35;64;0;33;37;0;47;5;0.42;1.0;1.0;0;0;99;0;37;2.5;0.0;1.66;3.4;345;128;14.7;11.6;0.05;0.789;0;1;0;0;1;1;0;0;0;1;0;308;;174;171;8;84
121.89;1229;20;20;0;3.35;64;0;33;37;0;47;5;0.43;1.0;1.0;0;0;99;0;37;2.5;0.0;1.66;3.4;345;128;14.7;11.0;0.02;0.748;0;1;0;0;1;1;0;0;0;1;0;306;;174;171;8;84
122.29;1217;19;19;0;3.33;65;0;33;36;0;47;5;0.42;1.0;1.0;0;0;99;0;37;2.38;0.0;1.66;3.4;345;128;14.7;11.0;0.06;0.748;0;1;0;0;1;1;0;0;0;1;0;305;;173;171;8;84
122.69;1217;20;20;0;3.43;65;0;33;37;0;48;5;0.43;1.0;1.0;0;0;99;0;37;2.5;0.0;1.7;3.5;345;128;14.7;12.3;0.03;0.837;0;1;0;0;1;1;0;0;0;1;0;309;;173;171;8;84
123.09;1229;20;20;0;3.35;64;0;33;37;0;47;5;0.43;1.0;1.0;0;0;101;0;37;2.5;0.0;1.66;3.4;345;128;14.7;11.9;0.06;0.81;0;1;0;0;1;1;0;0;0;1;0;305;;174;170;8;84
123.3;1204;20;20;0;3.32;64;0;33;37;0;47;5;0.42;1.0;1.0;0;0;101;0;37;2.5;0.0;1.65;3.3;345;128;14.7;12.1;0.06;0.823;0;1;0;0;1;1;0;0;0;1;0;303;;174;170;9;85
123.71;1229;20;20;0;3.37;64;0;34;37;0;47;5;0.43;1.0;1.0;0;0;101;0;36;2.5;0.0;1.67;3.5;345;128;14.7;11.3;0.05;0.769;0;1;0;0;1;1;0;0;0;1;0;308;;174;170;9;83
124.1;1204;19;19;0;3.3;64;0;34;36;0;47;5;0.42;1.0;1.0;0;0;101;0;36;2.38;0.0;1.64;3.3;345;128;14.7;11.0;0.07;0.748;0;1;0;0;1;1;0;0;0;1;0;304;;174;170;9;77
124.51;1217;20;20;0;3.32;64;0;34;36;0;47;5;0.42;1.0;1.0;0;0;101;0;36;2.5;0.0;1.65;3.4;345;128;14.7;11.2;0.07;0.762;0;1;0;0;1;1;0;0;0;1;0;306;;174;170;9;83
124.91;1165;19;19;0;3.28;65;0;34;36;0;47;5;0.41;1.0;1.0;0;0;101;0;36;2.38;0.0;1.64;3.2;345;128;14.7;11.4;0.03;0.776;0;1;0;0;1;1;0;0;0;1;0;306;;173;170;9;84
125.31;1217;20;20;0;3.45;66;0;34;36;0;48;5;0.43;1.0;1.0;0;0;101;0;36;2.5;0.0;1.71;3.5;345;128;14.7;11.2;0.07;0.762;0;1;0;0;1;1;0;0;0;1;0;310;;170;170;9;75
125.7;1217;19;19;0;3.3;64;0;33;37;0;47;5;0.42;1.0;1.0;0;0;101;0;37;2.38;0.0;1.64;3.3;345;128;14.7;10.9;0.04;0.741;0;1;0;0;1;1;0;0;0;1;0;305;;174;170;9;84
126.11;1204;20;20;0;3.35;64;0;33;37;0;47;5;0.42;1.0;1.0;0;0;101;0;37;2.5;0.0;1.66;3.4;345;128;14.7;11.9;0.08;0.81;0;1;0;0;1;1;0;0;0;1;0;307;;174;170;9;84
126.51;1255;20;20;0;3.35;64;0;34;36;0;47;5;0.43;1.0;1.0;0;0;101;0;36;2.5;0.0;1.66;3.5;345;128;14.7;11.8;0.05;0.803;0;1;0;0;1;1;0;0;0;1;0;306;;174;170;9;84
126.92;1229;20;20;0;3.4;64;0;33;37;0;47;5;0.43;1.0;1.0;0;0;101;0;37;2.5;0.0;1.68;3.5;345;128;14.7;11.6;0.04;0.789;0;1;0;0;1;1;0;0;0;1;0;303;;174;169;9;84
127.32;1217;20;20;0;3.35;64;0;33;37;0;47;5;0.42;1.0;1.0;0;0;101;0;37;2.5;0.0;1.66;3.4;345;128;14.7;11.8;0.08;0.803;0;1;0;0;1;1;0;0;0;1;0;306;;174;169;9;84
127.71;1204;19;19;0;3.32;64;0;34;36;0;47;5;0.42;1.0;1.0;0;0;101;0;36;2.38;0.0;1.65;3.3;345;128;14.7;12.7;0.04;0.864;0;1;0;0;1;1;0;0;0;1;0;305;;174;169;9;84
128.13;1204;20;20;0;3.37;64;0;34;37;0;47;5;0.42;1.0;1.0;0;0;101;0;36;2.5;0.0;1.67;3.4;345;128;14.7;12.7;0.1;0.864;0;1;0;0;1;1;0;0;0;1;0;306;;174;169;9;84
128.53;1229;20;20;0;3.35;64;0;34;36;0;47;5;0.43;1.0;1.0;0;0;101;0;36;2.5;0.0;1.66;3.4;345;128;14.7;12.5;0.09;0.85;0;1;0;0;1;1;0;0;0;1;0;306;;174;169;9;84
128.93;1204;20;20;0;3.36;65;0;33;37;0;47;5;0.42;1.0;1.0;0;0;101;0;37;2.5;0.0;1.67;3.4;345;128;14.7;12.8;0.06;0.871;0;1;0;0;1;1;0;0;0;1;0;303;;173;169;9;84
129.34;1255;20;20;0;3.36;65;0;34;37;0;47;5;0.43;1.0;1.0;0;0;101;0;36;2.5;0.0;1.67;3.5;345;128;14.7;11.0;0.0;0.748;0;1;0;0;1;1;0;0;0;1;0;308;;173;169;9;84
129.52;1217;19;19;0;3.3;64;0;33;37;0;47;5;0.42;1.0;1.0;0;0;101;0;37;2.38;0.0;1.64;3.3;345;128;14.7;12.3;0.08;0.837;0;1;0;0;1;1;0;0;0;1;0;303;;174;169;9;83
129.92;1217;20;20;0;3.3;64;0;33;37;0;47;5;0.42;1.0;1.0;0;0;103;0;37;2.5;0.0;1.64;3.3;345;128;14.7;12.8;0.05;0.871;0;1;0;0;1;1;0;0;0;1;0;306;;174;168;9;148
130.32;1217;19;19;0;3.27;64;0;34;36;0;47;5;0.42;1.0;1.0;0;0;103;0;36;2.38;0.0;1.63;3.3;345;128;14.7;13.1;0.09;0.891;0;1;0;0;1;1;0;0;0;1;0;304;;174;168;9;84
130.73;1204;19;19;0;3.27;64;0;34;36;0;47;5;0.42;1.0;1.0;0;0;103;0;36;2.38;0.0;1.63;3.3;345;128;14.7;12.8;0.07;0.871;0;1;0;0;1;1;0;0;0;1;0;304;;174;168;9;84
131.14;1217;19;19;0;3.28;65;0;34;36;0;47;5;0.42;1.0;1.0;0;0;103;0;36;2.38;0.0;1.64;3.3;345;128;14.7;12.1;0.01;0.823;0;1;0;0;1;1;0;0;0;1;0;306;;173;168;9;84
131.54;1178;20;20;0;3.35;66;0;33;37;0;47;5;0.42;1.0;1.0;0;0;103;0;37;2.5;0.0;1.67;3.3;345;128;14.7;13.1;0.09;0.891;0;1;0;0;1;1;0;0;0;1;0;305;;172;168;9;146
131.93;1178;19;19;0;3.3;66;0;34;36;0;47;5;0.42;1.0;1.0;0;0;103;0;36;2.38;0.0;1.65;3.2;345;128;14.7;12.7;0.06;0.864;0;1;0;0;1;1;0;0;0;1;0;304;;170;168;9;77
132.35;1217;20;20;0;3.35;66;0;34;36;0;48;5;0.43;1.0;1.0;0;0;103;0;36;2.5;0.0;1.67;3.4;345;128;14.7;12.2;0.01;0.83;0;1;0;0;1;1;0;0;0;1;0;310;;171;168;9;84
132.74;1178;20;20;0;3.36;67;0;34;36;0;47;5;0.42;1.0;1.0;0;0;103;0;36;2.5;0.0;1.68;3.3;345;128;14.7;13.8;0.09;0.939;0;1;0;0;1;1;0;0;0;1;0;307;;170;167;9;84
133.13;1229;20;20;0;3.37;64;0;34;37;0;47;5;0.43;1.0;1.0;0;0;103;0;36;2.5;0.0;1.67;3.5;345;128;14.7;12.8;0.06;0.871;0;1;0;0;1;1;0;0;0;1;0;307;;174;167;9;84
133.55;1204;19;19;0;3.27;64;0;34;36;0;47;5;0.42;1.0;1.0;0;0;103;0;36;2.38;0.0;1.63;3.3;345;128;14.7;12.2;0.11;0.83;0;1;0;0;1;1;0;0;0;1;0;305;;174;167;9;84
133.94;1255;20;20;0;3.38;65;0;34;37;0;47;5;0.43;1.0;1.0;0;0;103;0;36;2.5;0.0;1.68;3.5;345;128;14.7;11.6;0.01;0.789;0;1;0;0;1;1;0;0;0;1;0;308;;173;167;9;84
134.34;1204;19;19;0;3.28;65;0;34;36;0;47;5;0.42;1.0;1.0;0;0;103;0;36;2.38;0.0;1.64;3.3;345;128;14.7;12.5;0.1;0.85;0;1;0;0;1;1;0;0;0;1;0;304;;173;167;9;84
134.74;1217;19;19;0;3.27;64;0;34;36;0;47;5;0.42;1.0;1.0;0;0;103;0;36;2.38;0.0;1.63;3.3;345;128;14.7;11.2;0.07;0.762;0;1;0;0;1;1;0;0;0;1;0;304;;174;167;9;84
135.16;1204;19;19;0;3.27;64;0;34;36;0;47;5;0.42;1.0;1.0;0;0;103;0;36;2.38;0.0;1.63;3.3;345;128;14.7;11.8;0.01;0.803;0;1;0;0;1;1;0;0;0;1;0;305;;174;167;10;84
135.55;1204;19;19;0;3.27;64;0;34;36;0;47;5;0.42;1.0;1.0;0;0;103;0;36;2.38;0.0;1.63;3.3;345;128;14.7;11.5;0.09;0.782;0;1;0;0;1;1;0;0;0;1;0;305;;174;167;10;76
135.77;1229;20;20;0;3.35;64;0;34;36;0;47;5;0.43;1.0;1.0;0;0;104;0;36;2.5;0.0;1.66;3.4;345;128;14.7;12.8;0.03;0.871;0;1;0;0;1;1;0;0;0;1;0;305;;174;166;10;84
136.15;1204;19;19;0;3.27;64;0;34;36;0;47;5;0.42;1.0;1.0;0;0;104;0;36;2.38;0.0;1.63;3.3;345;128;14.7;11.7;0.0;0.796;0;1;0;0;1;1;0;0;0;1;0;304;;174;166;10;84
136.57;1255;20;20;0;3.37;64;0;33;37;0;47;5;0.43;1.0;1.0;0;0;104;0;37;2.5;0.0;1.67;3.5;345;128;14.7;13.4;0.1;0.912;0;1;0;0;1;1;0;0;0;1;0;307;;174;166;10;85
136.96;1204;19;19;0;3.27;64;0;34;36;0;47;5;0.42;1.0;1.0;0;0;104;0;36;2.38;0.0;1.63;3.3;345;128;14.7;11.1;0.02;0.755;0;1;0;0;1;1;0;0;0;1;0;303;;174;166;10;83
137.37;1255;20;20;0;3.37;64;0;34;37;0;47;5;0.43;1.0;1.0;0;0;104;0;36;2.5;0.0;1.67;3.5;345;128;14.7;11.5;0.01;0.782;0;1;0;0;1;1;0;0;0;1;0;307;;174;166;10;84
137.76;1204;19;19;0;3.27;64;0;33;37;0;47;5;0.42;1.0;1.0;0;0;104;0;37;2.38;0.0;1.63;3.3;345;128;14.7;11.3;0.03;0.769;0;1;0;0;1;1;0;0;0;1;0;303;;174;166;10;83
138.16;1217;19;19;0;3.31;67;0;34;36;0;47;5;0.42;1.0;1.0;0;0;104;0;36;2.38;0.0;1.66;3.4;345;128;14.7;11.2;0.0;0.762;0;1;0;0;1;1;0;0;0;1;0;307;;170;166;10;84
138.55;1204;19;19;0;3.3;64;0;33;36;0;47;5;0.42;1.0;1.0;0;0;104;0;37;2.38;0.0;1.64;3.3;345;128;14.7;10.9;0.08;0.741;0;1;0;0;1;1;0;0;0;1;0;304;;174;166;10;84
138.97;1217;19;19;0;3.27;64;0;34;36;0;47;5;0.42;1.0;1.0;0;0;104;0;36;2.38;0.0;1.63;3.3;345;128;14.7;12.1;0.03;0.823;0;1;0;0;1;1;0;0;0;1;0;306;;173;166;10;40
139.36;1204;19;19;0;3.27;64;0;33;36;0;47;5;0.42;1.0;1.0;0;0;104;0;37;2.38;0.0;1.63;3.3;345;128;14.7;11.3;0.1;0.769;0;1;0;0;1;1;0;0;0;1;0;304;;174;165;10;84
139.77;1217;19;19;0;3.27;64;0;34;36;0;47;5;0.42;1.0;1.0;0;0;104;0;36;2.38;0.0;1.63;3.3;345;128;14.7;12.9;0.04;0.878;0;1;0;0;1;1;0;0;0;1;0;305;;174;165;10;84
140.17;1204;19;19;0;3.27;64;0;34;36;0;47;5;0.42;1.0;1.0;0;0;104;0;36;2.38;0.0;1.63;3.3;345;128;14.7;13.7;0.0;0.932;0;1;0;0;1;1;0;0;0;1;0;306;;174;165;10;84
140.57;1178;19;19;0;3.27;64;0;33;37;0;47;5;0.42;1.0;1.0;0;0;104;0;37;2.38;0.0;1.63;3.2;345;128;14.7;13.1;0.03;0.891;0;1;0;0;1;1;0;0;0;1;0;303;;174;165;10;83
140.97;1217;20;20;0;3.32;64;0;33;37;0;47;5;0.42;1.0;1.0;0;0;104;0;37;2.5;0.0;1.65;3.4;345;128;14.7;12.5;0.03;0.85;0;1;0;0;1;1;0;0;0;1;0;307;;174;165;10;44
141.37;1217;19;19;0;3.28;65;0;34;36;0;47;5;0.42;1.0;1.0;0;0;104;0;36;2.38;0.0;1.64;3.3;345;128;14.7;12.7;0.01;0.864;0;1;0;0;1;1;0;0;0;1;0;303;;173;165;10;83
141.78;1217;20;20;0;3.32;64;0;33;37;0;47;5;0.42;1.0;1.0;0;0;104;0;37;2.5;0.0;1.65;3.4;345;128;14.7;13.0;0.0;0.884;0;1;0;0;1;1;0;0;0;1;0;306;;174;165;10;84
141.98;1255;20;20;0;3.32;64;0;34;36;0;47;5;0.43;1.0;1.0;0;0;104;0;36;2.5;0.0;1.65;3.5;345;128;14.7;12.4;0.04;0.844;0;1;0;0;1;1;0;0;0;1;0;304;;174;165;10;76
142.39;1204;19;19;0;3.27;64;0;33;37;0;47;5;0.42;1.0;1.0;0;0;104;0;37;2.38;0.0;1.63;3.3;345;128;14.7;12.8;0.02;0.871;0;1;0;0;1;1;0;0;0;1;0;303;;174;165;10;84
142.78;1229;20;20;0;3.27;64;0;34;37;0;47;5;0.43;1.0;1.0;0;0;106;0;36;2.5;0.0;1.63;3.3;345;128;14.7;13.1;0.05;0.891;0;1;0;0;1;1;0;0;0;1;0;307;;174;164;10;84
143.17;1178;19;19;0;3.25;64;0;34;36;0;47;5;0.42;1.0;1.0;0;0;106;0;36;2.38;0.0;1.62;3.2;345;128;14.7;12.9;0.02;0.878;0;1;0;0;1;1;0;0;0;1;0;303;;174;164;10;83
143.59;1204;20;20;0;3.3;64;0;34;36;0;47;5;0.42;1.0;1.0;0;0;106;0;36;2.5;0.0;1.64;3.3;345;128;14.7;13.1;0.01;0.891;0;1;0;0;1;1;0;0;0;1;0;307;;174;164;10;84
143.98;1229;19;19;0;3.25;64;0;34;37;0;47;5;0.43;1.0;1.0;0;0;106;0;36;2.38;0.0;1.62;3.3;345;128;14.7;12.9;0.03;0.878;0;1;0;0;1;1;0;0;0;1;0;302;;174;164;10;83
144.38;1178;19;19;0;3.25;64;0;34;36;0;47;5;0.42;1.0;1.0;0;0;106;0;36;2.38;0.0;1.62;3.2;345;128;14.7;11.5;0.0;0.782;0;1;0;0;1;1;0;0;0;1;0;304;;174;164;10;146
144.8;1229;20;20;0;3.3;64;0;34;36;0;47;5;0.43;1.0;1.0;0;0;106;0;36;2.5;0.0;1.64;3.4;345;128;14.7;11.3;0.06;0.769;0;1;0;0;1;1;0;0;0;1;0;303;;174;164;10;76
145.2;1204;19;19;0;3.25;64;0;34;36;0;47;5;0.42;1.0;1.0;0;0;106;0;36;2.38;0.0;1.62;3.3;345;128;14.7;11.3;0.02;0.769;0;1;0;0;1;1;0;0;0;1;0;305;;174;164;10;148
145.59;1178;19;19;0;3.27;64;0;34;36;0;47;5;0.42;1.0;1.0;0;0;106;0;36;2.38;0.0;1.63;3.2;345;128;14.7;11.4;0.04;0.776;0;1;0;0;1;1;0;0;0;1;0;304;;174;164;10;84
146.0;1217;20;20;0;3.27;64;0;34;36;0;47;5;0.42;1.0;1.0;0;0;106;0;36;2.5;0.0;1.63;3.3;345;128;14.7;11.7;0.03;0.796;0;1;0;0;1;1;0;0;0;1;0;306;;174;164;10;84
146.39;1229;20;20;0;3.3;64;0;34;36;0;47;5;0.43;1.0;1.0;0;0;106;0;36;2.5;0.0;1.64;3.4;345;128;14.7;12.4;0.05;0.844;0;1;0;0;1;1;0;0;0;1;0;303;;174;164;10;83
146.79;1204;20;20;0;3.31;65;0;34;36;0;47;5;0.42;1.0;1.0;0;0;106;0;36;2.5;0.0;1.65;3.3;345;128;14.7;12.7;0.02;0.864;0;1;0;0;1;1;0;0;0;1;0;306;;173;163;10;83
147.19;1255;20;20;0;3.3;64;0;34;37;0;47;5;0.43;1.0;1.0;0;0;106;0;36;2.5;0.0;1.64;3.5;345;128;14.7;12.6;0.05;0.857;0;1;0;0;1;1;0;0;0;1;0;304;;174;163;10;77
147.6;1204;20;20;0;3.3;64;0;33;37;0;47;5;0.42;1.0;1.0;0;0;106;0;37;2.5;0.0;1.64;3.3;345;128;14.7;13.0;0.04;0.884;0;1;0;0;1;1;0;0;0;1;0;305;;174;163;10;84
148.0;1268;20;20;0;3.27;64;0;34;36;0;47;5;0.43;1.0;1.0;0;0;106;0;36;2.5;0.0;1.63;3.5;345;128;14.7;13.5;0.06;0.918;0;1;0;0;1;1;0;0;0;1;0;305;;174;163;10;84
148.19;1204;19;19;0;3.21;65;0;33;37;0;46;5;0.41;1.0;1.0;0;0;106;0;37;2.38;0.0;1.61;3.2;345;128;14.7;10.9;0.05;0.741;0;1;0;0;1;1;0;0;0;1;0;301;;174;163;10;142
148.61;1217;20;20;0;3.27;64;0;34;36;0;47;5;0.42;1.0;1.0;0;0;106;0;36;2.5;0.0;1.63;3.3;345;128;14.7;11.0;0.05;0.748;0;1;0;0;1;1;0;0;0;1;0;304;;174;163;10;35
149.0;1255;20;20;0;3.3;64;0;34;36;0;47;5;0.43;1.0;1.0;0;0;106;0;36;2.5;0.0;1.64;3.5;345;128;14.7;11.6;0.06;0.789;0;1;0;0;1;1;0;0;0;1;0;304;;174;163;10;84
149.41;1229;19;19;0;3.2;64;0;34;36;0;46;5;0.42;1.0;1.0;0;0;106;0;36;2.38;0.0;1.6;3.3;345;128;14.7;11.3;0.06;0.769;0;1;0;0;1;1;0;0;0;1;0;300;;174;163;11;40
149.8;1217;19;19;0;3.27;64;0;34;36;0;47;5;0.42;1.0;1.0;0;0;106;0;36;2.38;0.0;1.63;3.3;345;128;14.7;11.9;0.02;0.81;0;1;0;0;1;1;0;0;0;1;0;304;;174;163;11;82
150.21;1255;20;20;0;3.25;64;0;34;36;0;47;5;0.43;1.0;1.0;0;0;107;0;36;2.5;0.0;1.62;3.4;345;128;14.7;12.5;0.06;0.85;0;1;0;0;1;1;0;0;0;1;0;303;;174;162;11;84
150.62;1204;19;19;0;3.25;64;0;33;36;0;47;5;0.42;1.0;1.0;0;0;107;0;37;2.38;0.0;1.62;3.3;345;128;14.7;12.8;0.04;0.871;0;1;0;0;1;1;0;0;0;1;0;302;;174;162;11;44
151.01;1229;20;20;0;3.27;64;0;34;36;0;47;5;0.43;1.0;1.0;0;0;107;0;36;2.5;0.0;1.63;3.3;345;128;14.7;12.7;0.08;0.864;0;1;0;0;1;1;0;0;0;1;0;306;;174;162;11;84
151.41;1204;20;20;0;3.25;64;0;33;36;0;47;5;0.42;1.0;1.0;0;0;107;0;37;2.5;0.0;1.62;3.3;345;128;14.7;13.0;0.05;0.884;0;1;0;0;1;1;0;0;0;1;0;302;;174;162;11;83
151.82;1229;20;20;0;3.28;65;0;34;36;0;47;5;0.43;1.0;1.0;0;0;107;0;36;2.5;0.0;1.64;3.4;345;128;14.7;13.3;0.08;0.905;0;1;0;0;1;1;0;0;0;1;0;305;;173;162;11;84
152.22;1178;19;19;0;3.25;64;0;33;37;0;47;5;0.42;1.0;1.0;0;0;107;0;37;2.38;0.0;1.62;3.2;345;128;14.7;12.7;0.06;0.864;0;1;0;0;1;1;0;0;0;1;0;304;;174;162;11;83
152.62;1229;20;20;0;3.25;64;0;34;37;0;47;5;0.43;1.0;1.0;0;0;107;0;36;2.5;0.0;1.62;3.3;345;128;14.7;12.5;0.04;0.85;0;1;0;0;1;1;0;0;0;1;0;303;;174;162;11;84
153.01;1178;20;20;0;3.27;64;0;34;36;0;47;5;0.42;1.0;1.0;0;0;107;0;36;2.5;0.0;1.63;3.2;345;128;14.7;12.7;0.07;0.864;0;1;0;0;1;1;0;0;0;1;0;304;;174;162;11;82
153.43;1204;20;20;0;3.28;67;0;34;36;0;47;5;0.42;1.0;1.0;0;0;107;0;36;2.5;0.0;1.65;3.3;345;128;14.7;12.2;0.08;0.83;0;1;0;0;1;1;0;0;0;1;0;303;;170;161;11;83
153.84;1204;20;20;0;3.27;64;0;34;36;0;47;5;0.42;1.0;1.0;0;0;107;0;36;2.5;0.0;1.63;3.3;345;128;14.7;11.3;0.0;0.769;0;1;0;0;1;1;0;0;0;1;0;306;;174;161;11;84
154.23;1229;20;20;0;3.25;64;0;34;36;0;47;5;0.43;1.0;1.0;0;0;107;0;36;2.5;0.0;1.62;3.3;345;128;14.7;12.2;0.08;0.83;0;1;0;0;1;1;0;0;0;1;0;303;;174;161;11;40
154.44;1204;19;19;0;3.22;64;0;33;36;0;47;5;0.42;1.0;1.0;0;0;107;0;37;2.38;0.0;1.61;3.2;345;128;14.7;12.3;0.08;0.837;0;1;0;0;1;1;0;0;0;1;0;302;;174;161;11;83
154.84;1229;20;20;0;3.27;64;0;33;36;0;47;5;0.43;1.0;1.0;0;0;107;0;37;2.5;0.0;1.63;3.3;345;128;14.7;12.5;0.1;0.85;0;1;0;0;1;1;0;0;0;1;0;306;;174;161;11;84
155.24;1217;19;19;0;3.23;65;0;33;36;0;47;5;0.42;1.0;1.0;0;0;107;0;37;2.38;0.0;1.62;3.3;345;128;14.7;13.3;0.08;0.905;0;1;0;0;1;1;0;0;0;1;0;303;;173;161;11;44
155.63;1229;20;20;0;3.28;65;0;34;36;0;47;5;0.43;1.0;1.0;0;0;107;0;36;2.5;0.0;1.64;3.4;345;128;14.7;13.1;0.05;0.891;0;1;0;0;1;1;0;0;0;1;0;304;;173;161;11;84
156.05;1268;19;19;0;3.22;64;0;34;36;0;47;5;0.43;1.0;1.0;0;0;107;0;36;2.38;0.0;1.61;3.4;345;128;14.7;12.8;0.11;0.871;0;1;0;0;1;1;0;0;0;1;0;304;;174;161;11;84
156.43;1204;19;19;0;3.17;64;0;33;36;0;46;5;0.41;1.0;1.0;0;0;109;0;37;2.38;0.0;1.59;3.2;345;128;14.7;13.0;0.07;0.884;0;1;0;0;1;1;0;0;0;1;0;301;;174;160;11;83
156.85;1229;20;20;0;3.3;64;0;33;37;0;47;5;0.43;1.0;1.0;0;0;109;0;37;2.5;0.0;1.64;3.4;345;128;14.7;11.4;0.02;0.776;0;1;0;0;1;1;0;0;0;1;0;303;;174;160;11;75
157.25;1255;20;20;0;3.27;64;0;34;36;0;47;5;0.43;1.0;1.0;0;0;109;0;36;2.5;0.0;1.63;3.4;345;128;14.7;13.0;0.1;0.884;0;1;0;0;1;1;0;0;0;1;0;304;;174;160;11;44
157.64;1204;19;19;0;3.2;64;0;33;37;0;46;5;0.41;1.0;1.0;0;0;109;0;37;2.38;0.0;1.6;3.2;345;128;14.7;12.6;0.07;0.857;0;1;0;0;1;1;0;0;0;1;0;301;;174;160;11;83
158.04;1217;19;19;0;3.25;66;0;34;36;0;47;5;0.42;1.0;1.0;0;0;109;0;36;2.38;0.0;1.63;3.3;345;128;14.7;12.9;0.1;0.878;0;1;0;0;1;1;0;0;0;1;0;306;;172;160;11;84
158.45;1178;19;19;0;3.27;66;0;34;36;0;47;5;0.42;1.0;1.0;0;0;109;0;36;2.38;0.0;1.64;3.2;345;128;14.7;12.9;0.08;0.878;0;1;0;0;1;1;0;0;0;1;0;305;;172;160;11;84
158.85;1229;20;20;0;3.25;64;0;34;36;0;47;5;0.43;1.0;1.0;0;0;109;0;36;2.5;0.0;1.62;3.3;345;128;14.7;11.1;0.01;0.755;0;1;0;0;1;1;0;0;0;1;0;303;;174;160;11;83
159.24;1204;19;19;0;3.17;64;0;34;36;0;46;5;0.41;1.0;1.0;0;0;109;0;36;2.38;0.0;1.59;3.2;345;128;14.7;11.9;0.08;0.81;0;1;0;0;1;1;0;0;0;1;0;301;;174;160;11;83
159.65;1217;19;19;0;3.25;66;0;34;36;0;47;5;0.42;1.0;1.0;0;0;109;0;36;2.38;0.0;1.63;3.3;345;128;14.7;11.5;0.01;0.782;0;1;0;0;1;1;0;0;0;1;0;304;;172;160;11;84
160.07;1204;20;20;0;3.36;67;0;34;36;0;48;5;0.43;1.0;1.0;0;0;109;0;36;2.5;0.0;1.68;3.4;345;128;14.7;11.6;0.02;0.789;0;1;0;0;1;1;0;0;0;1;0;309;;170;159;11;84
160.47;1217;19;19;0;3.2;64;0;33;37;0;47;5;0.42;1.0;1.0;0;0;109;0;37;2.38;0.0;1.6;3.2;345;128;14.7;11.3;0.0;0.769;0;1;0;0;1;1;0;0;0;1;0;303;;174;159;11;76
160.66;1217;20;20;0;3.25;64;0;33;37;0;47;5;0.42;1.0;1.0;0;0;109;0;37;2.5;0.0;1.62;3.3;345;128;14.7;13.3;0.08;0.905;0;1;0;0;1;1;0;0;0;1;0;302;;173;159;11;142
161.07;1255;20;20;0;3.27;64;0;34;37;0;47;5;0.43;1.0;1.0;0;0;109;0;36;2.5;0.0;1.63;3.4;345;128;14.7;11.9;0.02;0.81;0;1;0;0;1;1;0;0;0;1;0;303;;174;159;11;83
161.47;1268;19;19;0;3.23;65;0;33;37;0;47;5;0.43;1.0;1.0;0;0;109;0;37;2.38;0.0;1.62;3.4;345;128;14.7;13.3;0.1;0.905;0;1;0;0;1;1;0;0;0;1;0;304;;173;159;11;84
161.85;1204;19;19;0;3.17;64;0;33;37;0;46;5;0.41;1.0;1.0;0;0;109;0;37;2.38;0.0;1.59;3.2;345;128;14.7;13.6;0.08;0.925;0;1;0;0;1;1;0;0;0;1;0;301;;174;159;11;83
162.27;1217;20;20;0;3.25;64;0;33;37;0;47;5;0.42;1.0;1.0;0;0;109;0;37;2.5;0.0;1.62;3.3;345;128;14.7;11.5;0.03;0.782;0;1;0;0;1;1;0;0;0;1;0;302;;174;159;11;83
162.66;1255;20;20;0;3.28;65;0;34;36;0;47;5;0.43;1.0;1.0;0;0;109;0;36;2.5;0.0;1.64;3.4;345;128;14.7;12.8;0.1;0.871;0;1;0;0;1;1;0;0;0;1;0;305;;173;159;11;84
163.06;1217;19;19;0;3.12;64;0;33;37;0;46;5;0.41;1.0;1.0;0;0;111;0;37;2.38;0.0;1.57;3.2;345;128;14.7;13.2;0.09;0.898;0;1;0;0;1;1;0;0;0;1;0;301;;174;159;11;83
163.46;1204;20;20;0;3.23;65;0;34;36;0;47;5;0.42;1.0;1.0;0;0;111;0;36;2.5;0.0;1.62;3.2;345;128;14.7;11.2;0.0;0.762;0;1;0;0;1;1;0;0;0;1;0;303;;173;158;11;83
163.88;1268;20;20;0;3.22;64;0;34;36;0;47;5;0.43;1.0;1.0;0;0;111;0;36;2.5;0.0;1.61;3.4;345;128;14.7;11.3;0.0;0.769;0;1;0;0;1;1;0;0;0;1;0;304;;174;158;11;76
164.27;1217;19;19;0;3.1;64;0;33;37;0;46;5;0.41;1.0;1.0;0;0;111;0;37;2.38;0.0;1.56;3.1;345;128;14.7;12.0;0.03;0.816;0;1;0;0;1;1;0;0;0;1;0;299;;174;158;11;83
164.68;1217;19;19;0;3.2;64;0;34;36;0;47;5;0.42;1.0;1.0;0;0;111;0;36;2.38;0.0;1.6;3.2;345;128;14.7;11.7;0.02;0.796;0;1;0;0;1;1;0;0;0;1;0;302;;174;158;11;83
165.08;1255;19;19;0;3.2;64;0;34;37;0;47;5;0.43;1.0;1.0;0;0;111;0;36;2.38;0.0;1.6;3.3;345;128;14.7;11.7;0.01;0.796;0;1;0;0;1;1;0;0;0;1;0;303;;174;158;11;83
165.48;1217;19;19;0;3.12;64;0;33;36;0;46;5;0.41;1.0;1.0;0;0;111;0;37;2.38;0.0;1.57;3.2;345;128;14.7;12.4;0.03;0.844;0;1;0;0;1;1;0;0;0;1;0;300;;174;158;11;83
165.88;1255;20;20;0;3.22;64;0;34;36;0;47;5;0.43;1.0;1.0;0;0;111;0;36;2.5;0.0;1.61;3.4;345;128;14.7;12.6;0.01;0.857;0;1;0;0;1;1;0;0;0;1;0;304;;174;158;11;84
166.27;1204;19;19;0;3.12;64;0;34;36;0;46;5;0.41;1.0;1.0;0;0;111;0;36;2.38;0.0;1.57;3.1;345;128;14.7;12.3;0.03;0.837;0;1;0;0;1;1;0;0;0;1;0;300;;174;158;11;82
166.69;1204;20;20;0;3.22;64;0;34;36;0;47;5;0.42;1.0;1.0;0;0;111;0;36;2.5;0.0;1.61;3.2;345;128;14.7;12.1;0.03;0.823;0;1;0;0;1;1;0;0;0;1;0;304;;174;158;12;84
166.88;1204;19;19;0;3.12;64;0;33;36;0;46;5;0.41;1.0;1.0;0;0;111;0;37;2.38;0.0;1.57;3.1;345;128;14.7;11.6;0.0;0.789;0;1;0;0;1;1;0;0;0;1;0;300;;174;157;12;83
167.29;1204;20;20;0;3.25;66;0;34;36;0;47;5;0.42;1.0;1.0;0;0;111;0;36;2.5;0.0;1.63;3.3;345;128;14.7;12.8;0.05;0.871;0;1;0;0;1;1;0;0;0;1;0;302;;172;157;12;83
167.69;1204;19;19;0;3.1;64;0;34;36;0;46;5;0.41;1.0;1.0;0;0;111;0;36;2.38;0.0;1.56;3.1;345;128;14.7;13.3;0.03;0.905;0;1;0;0;1;1;0;0;0;1;0;301;;174;157;12;83
168.09;1204;19;19;0;3.2;64;0;34;37;0;46;5;0.41;1.0;1.0;0;0;111;0;36;2.38;0.0;1.6;3.2;345;128;14.7;13.2;0.01;0.898;0;1;0;0;1;1;0;0;0;1;0;301;;174;157;12;83
168.5;1229;19;19;0;3.2;64;0;34;36;0;47;5;0.43;1.0;1.0;0;0;111;0;36;2.38;0.0;1.6;3.3;345;128;14.7;12.9;0.05;0.878;0;1;0;0;1;1;0;0;0;1;0;302;;174;157;12;40
168.89;1204;20;20;0;3.25;64;0;34;36;0;47;5;0.42;1.0;1.0;0;0;111;0;36;2.5;0.0;1.62;3.3;345;128;14.7;12.8;0.02;0.871;0;1;0;0;1;1;0;0;0;1;0;302;;174;157;12;83
169.29;1255;19;19;0;3.2;64;0;34;36;0;47;5;0.43;1.0;1.0;0;0;111;0;36;2.38;0.0;1.6;3.3;345;128;14.7;13.0;0.05;0.884;0;1;0;0;1;1;0;0;0;1;0;303;;174;157;12;84
169.69;1204;19;19;0;3.17;64;0;33;37;0;46;5;0.41;1.0;1.0;0;0;111;0;37;2.38;0.0;1.59;3.2;345;128;14.7;12.3;0.04;0.837;0;1;0;0;1;1;0;0;0;1;0;301;;174;157;12;41
170.11;1229;20;20;0;3.25;64;0;34;36;0;47;5;0.43;1.0;1.0;0;0;111;0;36;2.5;0.0;1.62;3.3;345;128;14.7;12.3;0.03;0.837;0;1;0;0;1;1;0;0;0;1;0;305;;173;157;12;74
170.5;1217;19;19;0;3.15;66;0;33;37;0;46;5;0.41;1.0;1.0;0;0;112;0;37;2.38;0.0;1.59;3.2;345;128;14.7;12.8;0.06;0.871;0;1;0;0;1;1;0;0;0;1;0;301;;171;156;12;83
170.9;1217;19;19;0;3.2;64;0;34;36;0;47;5;0.42;1.0;1.0;0;0;112;0;36;2.38;0.0;1.6;3.2;345;128;14.7;12.6;0.05;0.857;0;1;0;0;1;1;0;0;0;1;0;303;;174;156;12;83
171.3;1204;19;19;0;3.12;64;0;33;36;0;46;5;0.41;1.0;1.0;0;0;112;0;37;2.38;0.0;1.57;3.1;345;128;14.7;12.0;0.02;0.816;0;1;0;0;1;1;0;0;0;1;0;300;;174;156;12;83
171.72;1204;20;20;0;3.22;64;0;34;36;0;47;5;0.42;1.0;1.0;0;0;112;0;36;2.5;0.0;1.61;3.2;345;128;14.7;12.1;0.07;0.823;0;1;0;0;1;1;0;0;0;1;0;302;;174;156;12;83
172.1;1204;19;19;0;3.18;65;0;34;36;0;47;5;0.42;1.0;1.0;0;0;112;0;36;2.38;0.0;1.6;3.2;345;128;14.7;12.6;0.02;0.857;0;1;0;0;1;1;0;0;0;1;0;302;;174;156;12;82
172.52;1217;20;20;0;3.25;66;0;33;37;0;47;5;0.42;1.0;1.0;0;0;112;0;37;2.5;0.0;1.63;3.3;345;128;14.7;12.6;0.07;0.857;0;1;0;0;1;1;0;0;0;1;0;302;;172;156;12;148
172.91;1217;19;19;0;3.12;64;0;34;36;0;47;5;0.42;1.0;1.0;0;0;112;0;36;2.38;0.0;1.57;3.2;345;128;14.7;12.3;0.04;0.837;0;1;0;0;1;1;0;0;0;1;0;302;;174;156;12;83
173.12;1217;19;19;0;3.15;64;0;33;37;0;46;5;0.41;1.0;1.0;0;0;112;0;37;2.38;0.0;1.58;3.2;345;128;14.7;12.2;0.04;0.83;0;1;0;0;1;1;0;0;0;1;0;300;;174;156;12;83
173.5;1255;20;20;0;3.25;64;0;34;36;0;47;5;0.43;1.0;1.0;0;0;112;0;36;2.5;0.0;1.62;3.4;345;128;14.7;12.0;0.06;0.816;0;1;0;0;1;1;0;0;0;1;0;303;;174;155;12;76
173.92;1217;18;18;0;3.1;64;0;34;36;0;46;5;0.41;1.0;1.0;0;0;112;0;36;2.25;0.0;1.56;3.1;345;128;14.7;12.0;0.05;0.816;0;1;0;0;1;1;0;0;0;1;0;299;;174;155;12;141
174.32;1204;19;19;0;3.12;64;0;34;36;0;46;5;0.41;1.0;1.0;0;0;112;0;36;2.38;0.0;1.57;3.1;345;128;14.7;12.3;0.08;0.837;0;1;0;0;1;1;0;0;0;1;0;301;;174;155;12;83
174.73;1255;20;20;0;3.25;64;0;34;37;0;47;5;0.43;1.0;1.0;0;0;112;0;36;2.5;0.0;1.62;3.4;345;128;14.7;11.9;0.07;0.81;0;1;0;0;1;1;0;0;0;1;0;303;;174;155;12;83
175.13;1204;19;19;0;3.12;64;0;34;36;0;46;5;0.41;1.0;1.0;0;0;112;0;36;2.38;0.0;1.57;3.1;345;128;14.7;11.4;0.09;0.776;0;1;0;0;1;1;0;0;0;1;0;299;;174;155;12;44
175.53;1268;20;20;0;3.25;64;0;34;37;0;47;5;0.43;1.0;1.0;0;0;112;0;36;2.5;0.0;1.62;3.4;345;128;14.7;11.7;0.07;0.796;0;1;0;0;1;1;0;0;0;1;0;304;;174;155;12;84
175.92;1204;19;19;0;3.12;64;0;33;36;0;46;5;0.41;1.0;1.0;0;0;112;0;37;2.38;0.0;1.57;3.1;345;128;14.7;11.6;0.09;0.789;0;1;0;0;1;1;0;0;0;1;0;300;;174;155;12;84
176.32;1217;19;19;0;3.12;64;0;34;36;0;46;5;0.41;1.0;1.0;0;0;112;0;36;2.38;0.0;1.57;3.2;345;128;14.7;11.3;0.07;0.769;0;1;0;0;1;1;0;0;0;1;0;301;;174;155;12;83
176.72;1255;20;20;0;3.22;64;0;34;36;0;47;5;0.43;1.0;1.0;0;0;112;0;36;2.5;0.0;1.61;3.4;345;128;14.7;11.3;0.05;0.769;0;1;0;0;1;1;0;0;0;1;0;302;;174;155;12;83
177.13;1204;19;19;0;3.11;65;0;34;36;0;46;5;0.41;1.0;1.0;0;0;112;0;36;2.38;0.0;1.57;3.1;345;128;14.7;11.6;0.09;0.789;0;1;0;0;1;1;0;0;0;1;0;299;;173;155;12;83
177.54;1217;19;19;0;3.11;65;0;34;36;0;47;5;0.42;1.0;1.0;0;0;114;0;36;2.38;0.0;1.57;3.2;345;128;14.7;11.9;0.08;0.81;0;1;0;0;1;1;0;0;0;1;0;302;;173;154;12;82
177.94;1204;19;19;0;3.05;64;0;33;37;0;46;5;0.41;1.0;1.0;0;0;114;0;37;2.38;0.0;1.54;3.1;345;128;14.7;11.5;0.0;0.782;0;1;0;0;1;1;0;0;0;1;0;300;;174;154;12;83
178.33;1229;19;19;0;3.15;64;0;34;36;0;46;5;0.42;1.0;1.0;0;0;114;0;36;2.38;0.0;1.58;3.2;345;128;14.7;12.0;0.08;0.816;0;1;0;0;1;1;0;0;0;1;0;301;;174;154;12;82
178.74;1178;19;19;0;3.05;64;0;33;37;0;46;5;0.41;1.0;1.0;0;0;114;0;37;2.38;0.0;1.54;3.0;345;128;14.7;12.3;0.06;0.837;0;1;0;0;1;1;0;0;0;1;0;301;;174;154;12;83
179.13;1204;19;19;0;3.12;64;0;34;36;0;47;5;0.42;1.0;1.0;0;0;114;0;36;2.38;0.0;1.57;3.1;345;128;14.7;11.5;0.09;0.782;0;1;0;0;1;1;0;0;0;1;0;302;;174;154;12;76
179.34;1204;19;19;0;3.05;64;0;34;36;0;46;5;0.41;1.0;1.0;0;0;114;0;36;2.38;0.0;1.54;3.1;345;128;14.7;13.5;0.08;0.918;0;1;0;0;1;1;0;0;0;1;0;300;;174;154;12;83
179.75;1204;19;19;0;3.1;64;0;34;36;0;46;5;0.41;1.0;1.0;0;0;114;0;36;2.38;0.0;1.56;3.1;345;128;14.7;12.5;0.01;0.85;0;1;0;0;1;1;0;0;0;1;0;301;;174;154;12;83
180.14;1204;19;19;0;3.05;64;0;33;36;0;46;5;0.41;1.0;1.0;0;0;114;0;37;2.38;0.0;1.54;3.1;345;128;14.7;13.4;0.07;0.912;0;1;0;0;1;1;0;0;0;1;0;300;;174;154;12;84
180.54;1204;19;19;0;3.11;65;0;34;36;0;46;5;0.41;1.0;1.0;0;0;114;0;36;2.38;0.0;1.57;3.1;345;128;14.7;13.4;0.06;0.912;0;1;0;0;1;1;0;0;0;1;0;300;;173;153;12;83
180.94;1178;18;18;0;3.02;64;0;34;36;0;46;5;0.41;1.0;1.0;0;0;114;0;36;2.25;0.0;1.53;3.0;345;128;14.7;13.4;0.09;0.912;0;1;0;0;1;1;0;0;0;1;0;301;;174;153;12;84
181.34;1178;19;19;0;3.1;64;0;34;36;0;46;5;0.41;1.0;1.0;0;0;114;0;36;2.38;0.0;1.56;3.0;345;128;14.7;12.8;0.06;0.871;0;1;0;0;1;1;0;0;0;1;0;300;;174;153;12;83
181.76;1204;19;19;0;3.08;65;0;34;36;0;46;5;0.41;1.0;1.0;0;0;114;0;36;2.38;0.0;1.56;3.1;345;128;14.7;13.4;0.02;0.912;0;1;0;0;1;1;0;0;0;1;0;301;;173;153;12;83
182.14;1229;20;20;0;3.2;64;0;34;37;0;47;5;0.43;1.0;1.0;0;0;114;0;36;2.5;0.0;1.6;3.3;345;128;14.7;13.3;0.09;0.905;0;1;0;0;1;1;0;0;0;1;0;303;;174;153;12;83
182.56;1204;19;19;0;3.07;64;0;34;36;0;46;5;0.41;1.0;1.0;0;0;114;0;36;2.38;0.0;1.55;3.1;345;128;14.7;13.4;0.07;0.912;0;1;0;0;1;1;0;0;0;1;0;300;;174;153;12;83
182.97;1217;19;19;0;3.12;64;0;34;36;0;47;5;0.42;1.0;1.0;0;0;114;0;36;2.38;0.0;1.57;3.2;345;128;14.7;13.5;0.01;0.918;0;1;0;0;1;1;0;0;0;1;0;304;;174;153;12;83
183.36;1204;19;19;0;3.13;65;0;33;37;0;46;5;0.41;1.0;1.0;0;0;114;0;37;2.38;0.0;1.58;3.1;345;128;14.7;12.1;0.09;0.823;0;1;0;0;1;1;0;0;0;1;0;300;;173;153;13;83
183.75;1229;19;19;0;3.1;64;0;34;37;0;46;5;0.42;1.0;1.0;0;0;114;0;36;2.38;0.0;1.56;3.2;345;128;14.7;13.1;0.01;0.891;0;1;0;0;1;1;0;0;0;1;0;301;;174;153;13;83
184.16;1178;19;19;0;3.12;64;0;33;37;0;47;5;0.42;1.0;1.0;0;0;114;0;37;2.38;0.0;1.57;3.1;345;128;14.7;12.1;0.11;0.823;0;1;0;0;1;1;0;0;0;1;0;302;;174;153;13;83
184.57;1229;19;19;0;3.05;64;0;34;37;0;46;5;0.42;1.0;1.0;0;0;115;0;36;2.38;0.0;1.54;3.1;345;128;14.7;13.5;0.03;0.918;0;1;0;0;1;1;0;0;0;1;0;300;;174;152;13;77
184.96;1204;19;19;0;3.12;64;0;34;36;0;47;5;0.42;1.0;1.0;0;0;115;0;36;2.38;0.0;1.57;3.1;345;128;14.7;12.0;0.1;0.816;0;1;0;0;1;1;0;0;0;1;0;305;;174;152;13;84
185.36;1204;19;19;0;3.07;64;0;33;36;0;46;5;0.41;1.0;1.0;0;0;115;0;37;2.38;0.0;1.55;3.1;345;128;14.7;12.0;0.02;0.816;0;1;0;0;1;1;0;0;0;1;0;300;;174;152;13;83
185.56;1217;19;19;0;3.02;64;0;34;36;0;46;5;0.41;1.0;1.0;0;0;115;0;36;2.38;0.0;1.53;3.1;345;128;14.7;13.7;0.01;0.932;0;1;0;0;1;1;0;0;0;1;0;301;;174;152;13;83
185.96;1178;20;20;0;3.15;64;0;34;36;0;47;5;0.42;1.0;1.0;0;0;115;0;36;2.5;0.0;1.58;3.1;345;128;14.7;13.1;0.09;0.891;0;1;0;0;1;1;0;0;0;1;0;304;;174;152;13;84
186.37;1217;19;19;0;3.02;64;0;34;36;0;46;5;0.41;1.0;1.0;0;0;115;0;36;2.38;0.0;1.53;3.1;345;128;14.7;13.6;0.03;0.925;0;1;0;0;1;1;0;0;0;1;0;299;;174;152;13;83
186.77;1204;19;19;0;3.12;64;0;34;36;0;47;5;0.42;1.0;1.0;0;0;115;0;36;2.38;0.0;1.57;3.1;345;128;14.7;13.4;0.01;0.912;0;1;0;0;1;1;0;0;0;1;0;304;;174;152;13;84
187.16;1165;18;18;0;2.97;64;0;34;36;0;46;5;0.41;1.0;1.0;0;0;115;0;36;2.25;0.0;1.51;2.9;345;128;14.7;12.2;0.09;0.83;0;1;0;0;1;1;0;0;0;1;0;299;;174;152;13;83
187.58;1204;19;19;0;3.05;64;0;34;36;0;47;5;0.42;1.0;1.0;0;0;115;0;36;2.38;0.0;1.54;3.1;345;128;14.7;12.5;0.04;0.85;0;1;0;0;1;1;0;0;0;1;0;303;;174;151;13;83
187.97;1178;19;19;0;3.02;64;0;33;37;0;46;5;0.41;1.0;1.0;0;0;115;0;37;2.38;0.0;1.53;3.0;345;128;14.7;12.7;0.02;0.864;0;1;0;0;1;1;0;0;0;1;0;298;;174;151;13;83
188.39;1229;19;19;0;3.05;64;0;34;37;0;46;5;0.42;1.0;1.0;0;0;115;0;36;2.38;0.0;1.54;3.1;345;128;14.7;12.4;0.01;0.844;0;1;0;0;1;1;0;0;0;1;0;301;;174;151;13;83
188.77;1178;19;19;0;3.1;64;0;34;36;0;47;5;0.42;1.0;1.0;0;0;115;0;36;2.38;0.0;1.56;3.0;345;128;14.7;12.1;0.03;0.823;0;1;0;0;1;1;0;0;0;1;0;302;;174;151;13;84
189.18;1165;18;18;0;3.0;64;0;34;36;0;46;5;0.41;1.0;1.0;0;0;115;0;36;2.25;0.0;1.52;2.9;345;128;14.7;11.4;0.03;0.776;0;1;0;0;1;1;0;0;0;1;0;299;;174;151;13;82
189.57;1204;19;19;0;3.1;64;0;34;36;0;47;5;0.42;1.0;1.0;0;0;115;0;36;2.38;0.0;1.56;3.1;345;128;14.7;12.5;0.0;0.85;0;1;0;0;1;1;0;0;0;1;0;303;;174;151;13;83
189.98;1165;19;19;0;3.1;64;0;34;36;0;47;5;0.41;1.0;1.0;0;0;115;0;36;2.38;0.0;1.56;3.0;345;128;14.7;12.3;0.04;0.837;0;1;0;0;1;1;0;0;0;1;0;304;;174;151;13;84
190.39;1178;19;19;0;3.05;64;0;34;36;0;46;5;0.41;1.0;1.0;0;0;115;0;36;2.38;0.0;1.54;3.0;345;128;14.7;12.5;0.02;0.85;0;1;0;0;1;1;0;0;0;1;0;301;;174;151;13;83
190.79;1217;19;19;0;3.02;64;0;34;36;0;46;5;0.41;1.0;1.0;0;0;115;0;36;2.38;0.0;1.53;3.1;345;128;14.7;13.1;0.05;0.891;0;1;0;0;1;1;0;0;0;1;0;300;;174;151;13;83
191.18;1178;20;20;0;3.12;64;0;33;37;0;47;5;0.42;1.0;1.0;0;0;115;0;37;2.5;0.0;1.57;3.1;345;128;14.7;14.0;0.03;0.952;0;1;0;0;1;1;0;0;0;1;0;302;;174;151;13;84
191.58;1204;19;19;0;3.0;64;0;34;36;0;46;5;0.41;1.0;1.0;0;0;117;0;36;2.38;0.0;1.52;3.0;345;128;14.7;13.1;0.1;0.891;0;1;0;0;1;1;0;0;0;1;0;298;;174;150;13;83
191.78;1178;19;19;0;3.02;64;0;34;36;0;47;5;0.42;1.0;1.0;0;0;117;0;36;2.38;0.0;1.53;3.0;345;128;14.7;12.1;0.05;0.823;0;1;0;0;1;1;0;0;0;1;0;302;;174;150;13;84
192.2;1165;19;19;0;3.02;64;0;34;36;0;46;5;0.41;1.0;1.0;0;0;117;0;36;2.38;0.0;1.53;2.9;345;128;14.7;12.2;0.04;0.83;0;1;0;0;1;1;0;0;0;1;0;301;;174;150;13;83
192.59;1165;18;18;0;2.95;64;0;34;36;0;46;4;0.41;1.0;1.0;0;0;117;0;36;2.25;0.0;1.5;2.9;345;128;14.7;12.0;0.0;0.816;0;1;0;0;1;1;0;0;0;1;0;299;;174;150;13;83
193.01;1178;18;18;0;2.97;64;0;34;36;0;46;5;0.41;1.0;1.0;0;0;117;0;36;2.25;0.0;1.51;2.9;345;128;14.7;13.1;0.06;0.891;0;1;0;0;1;1;0;0;0;1;0;300;;174;150;13;83
193.4;1217;19;19;0;3.05;66;0;34;36;0;47;5;0.42;1.0;1.0;0;0;117;0;36;2.38;0.0;1.55;3.1;345;128;14.7;14.6;0.02;0.993;0;1;0;0;1;1;0;0;0;1;0;302;;172;150;13;83
193.79;1204;19;19;0;3.1;64;0;34;36;0;47;5;0.42;1.0;1.0;0;0;117;0;36;2.38;0.0;1.56;3.1;345;128;14.7;13.4;0.05;0.912;0;1;0;0;1;1;0;0;0;1;0;303;;174;150;13;82
194.2;1165;19;19;0;3.05;64;0;34;36;0;47;5;0.41;1.0;1.0;0;0;117;0;36;2.38;0.0;1.54;3.0;345;128;14.7;12.3;0.04;0.837;0;1;0;0;1;1;0;0;0;1;0;302;;174;150;13;76
194.6;1153;19;19;0;2.98;65;0;34;36;0;46;5;0.41;1.0;1.0;0;0;117;0;36;2.38;0.0;1.52;2.9;345;128;14.7;12.0;0.02;0.816;0;1;0;0;1;1;0;0;0;1;0;301;;173;150;13;83
195.01;1153;18;18;0;2.97;64;0;34;36;0;46;5;0.41;1.0;1.0;0;0;117;0;36;2.25;0.0;1.51;2.9;345;128;14.7;12.0;0.06;0.816;0;1;0;0;1;1;0;0;0;1;0;299;;174;149;13;44
195.4;1153;18;18;0;2.95;64;0;34;36;0;46;4;0.41;1.0;1.0;0;0;117;0;36;2.25;0.0;1.5;2.8;345;128;14.7;12.6;0.02;0.857;0;1;0;0;1;1;0;0;0;1;0;299;;174;149;13;82
195.8;1204;18;18;0;2.97;64;0;34;36;0;46;5;0.41;1.0;1.0;0;0;117;0;36;2.25;0.0;1.51;3.0;345;128;14.7;13.2;0.05;0.898;0;1;0;0;1;1;0;0;0;1;0;300;;174;149;13;83
196.22;1204;19;19;0;3.05;64;0;34;36;0;47;5;0.42;1.0;1.0;0;0;117;0;36;2.38;0.0;1.54;3.1;345;128;14.7;13.9;0.05;0.946;0;1;0;0;1;1;0;0;0;1;0;303;;174;149;13;84
196.6;1178;19;19;0;3.05;64;0;34;36;0;47;5;0.42;1.0;1.0;0;0;117;0;36;2.38;0.0;1.54;3.0;345;128;14.7;13.5;0.01;0.918;0;1;0;0;1;1;0;0;0;1;0;302;;174;149;13;83
197.01;1153;19;19;0;3.02;64;0;34;36;0;46;5;0.41;1.0;1.0;0;0;117;0;36;2.38;0.0;1.53;2.9;345;128;14.7;12.0;0.05;0.816;0;1;0;0;1;1;0;0;0;1;0;301;;174;149;13;76
197.41;1140;19;19;0;3.0;64;0;34;36;0;46;5;0.41;1.0;1.0;0;0;117;0;36;2.38;0.0;1.52;2.9;345;128;14.7;11.8;0.04;0.803;0;1;0;0;1;1;0;0;0;1;0;301;;174;149;14;83
197.82;1153;19;19;0;3.0;64;0;34;36;0;46;5;0.41;1.0;1.0;0;0;117;0;36;2.38;0.0;1.52;2.9;345;128;14.7;12.2;0.08;0.83;0;1;0;0;1;1;0;0;0;1;0;299;;174;149;14;83
198.01;1153;18;18;0;2.95;64;0;34;36;0;46;4;0.41;1.0;1.0;0;0;117;0;36;2.25;0.0;1.5;2.8;345;128;14.7;13.6;0.06;0.925;0;1;0;0;1;1;0;0;0;1;0;298;;174;149;14;83
198.42;1153;18;18;0;2.92;64;0;34;36;0;46;4;0.41;1.0;1.0;0;0;119;0;36;2.25;0.0;1.49;2.8;345;128;14.7;13.4;0.04;0.912;0;1;0;0;1;1;0;0;0;1;0;299;;174;148;14;83
198.81;1140;18;18;0;2.9;64;0;34;36;0;46;4;0.41;1.0;1.0;0;0;119;0;36;2.25;0.0;1.48;2.8;345;128;14.7;12.3;0.07;0.837;0;1;0;0;1;1;0;0;0;1;0;300;;174;148;14;44
199.21;1153;19;19;0;2.92;64;0;34;36;0;46;4;0.41;1.0;1.0;0;0;119;0;36;2.38;0.0;1.49;2.8;345;128;14.7;12.5;0.05;0.85;0;1;0;0;1;1;0;0;0;1;0;301;;174;148;14;83
199.61;1114;19;19;0;2.95;64;0;34;36;0;47;4;0.41;1.0;1.0;0;0;119;0;36;2.38;0.0;1.5;2.7;345;128;14.7;14.5;0.02;0.986;0;1;0;0;1;1;0;0;0;1;0;306;;174;148;13;83
200.03;1165;19;19;0;2.97;64;0;34;36;0;47;5;0.41;1.0;1.0;0;0;119;0;36;2.38;0.0;1.51;2.9;345;128;14.7;13.3;0.08;0.905;0;1;0;0;1;1;0;0;0;1;0;306;;174;148;13;84
200.42;1165;19;19;0;2.95;64;0;34;36;0;47;5;0.41;1.0;1.0;0;0;119;0;36;2.38;0.0;1.5;2.9;345;128;14.7;12.8;0.05;0.871;0;1;0;0;1;1;0;0;0;1;0;304;;174;148;13;84
200.82;1153;19;19;0;2.98;65;0;34;36;0;47;5;0.41;1.0;1.0;0;0;119;0;36;2.38;0.0;1.52;2.9;345;128;14.7;13.8;0.07;0.939;0;1;0;0;1;1;0;0;0;1;0;304;;173;148;14;83
201.21;1178;19;19;0;3.01;65;0;34;36;0;47;5;0.42;1.0;1.0;0;0;119;0;36;2.38;0.0;1.53;3.0;345;128;14.7;13.9;0.04;0.946;0;1;0;0;1;1;0;0;0;1;0;304;;173;148;14;84
201.63;1153;19;19;0;3.0;64;0;34;36;0;47;5;0.41;1.0;1.0;0;0;119;0;36;2.38;0.0;1.52;2.9;345;128;14.7;12.6;0.09;0.857;0;1;0;0;1;1;0;0;0;1;0;304;;174;148;14;83
202.04;1165;19;19;0;2.95;64;0;34;36;0;47;5;0.41;1.0;1.0;0;0;119;0;36;2.38;0.0;1.5;2.9;345;128;14.7;12.8;0.07;0.871;0;1;0;0;1;1;0;0;0;1;0;305;;174;148;14;84
202.43;1178;19;19;0;3.0;64;0;34;36;0;47;5;0.42;1.0;1.0;0;0;119;0;36;2.38;0.0;1.52;2.9;345;128;14.7;14.2;0.05;0.966;0;1;0;0;1;1;0;0;0;1;0;304;;174;148;14;84
202.82;1178;19;19;0;3.0;64;0;34;36;0;47;5;0.42;1.0;1.0;0;0;119;0;36;2.38;0.0;1.52;2.9;345;128;14.7;13.1;0.08;0.891;0;1;0;0;1;1;0;0;0;1;0;304;;174;147;14;44
203.22;1165;19;19;0;2.92;64;0;34;36;0;47;5;0.41;1.0;1.0;0;0;119;0;36;2.38;0.0;1.49;2.8;345;128;14.7;12.3;0.07;0.837;0;1;0;0;1;1;0;0;0;1;0;303;;174;147;14;83
203.64;1178;19;19;0;2.97;64;0;34;36;0;47;5;0.42;1.0;1.0;0;0;119;0;36;2.38;0.0;1.51;2.9;345;128;14.7;12.9;0.06;0.878;0;1;0;0;1;1;0;0;0;1;0;303;;174;147;14;83
204.03;1165;18;18;0;2.9;64;0;34;36;0;46;4;0.41;1.0;1.0;0;0;119;0;36;2.25;0.0;1.48;2.8;345;128;14.7;14.4;0.09;0.98;0;1;0;0;1;1;0;0;0;1;0;301;;173;147;14;74
204.24;1101;18;18;0;2.87;64;0;34;35;0;46;4;0.4;1.0;1.0;0;0;119;0;36;2.25;0.0;1.47;2.6;345;128;14.7;12.7;0.09;0.864;0;1;0;0;1;1;0;0;0;1;0;301;;174;147;14;84
204.63;1114;19;19;0;2.95;64;0;35;35;0;47;4;0.41;1.0;1.0;0;0;119;0;35;2.38;0.0;1.5;2.7;345;128;14.7;14.5;0.06;0.986;0;1;0;0;1;1;0;0;0;1;0;304;;174;147;14;84
205.05;1165;19;19;0;2.97;64;0;35;35;0;47;5;0.41;1.0;1.0;0;0;119;0;35;2.38;0.0;1.51;2.9;345;128;14.7;13.0;0.1;0.884;0;1;0;0;1;1;0;0;0;1;0;306;;174;147;14;84
205.44;1153;19;19;0;2.95;64;0;35;35;0;47;5;0.41;1.0;1.0;0;0;119;0;35;2.38;0.0;1.5;2.8;345;128;14.7;13.5;0.06;0.918;0;1;0;0;1;1;0;0;0;1;0;303;;174;147;14;83
205.83;1165;19;19;0;2.92;64;0;34;36;0;47;4;0.41;1.0;1.0;0;0;119;0;36;2.38;0.0;1.49;2.8;345;128;14.7;13.8;0.09;0.939;0;1;0;0;1;1;0;0;0;1;0;302;;174;147;14;84
206.24;1114;18;18;0;2.87;64;0;34;36;0;46;4;0.4;1.0;1.0;0;0;119;0;36;2.25;0.0;1.47;2.7;345;128;14.7;12.8;0.08;0.871;0;1;0;0;1;1;0;0;0;1;0;301;;174;147;14;83
206.64;1153;18;18;0;2.92;64;0;34;36;0;46;4;0.41;1.0;1.0;0;0;119;0;36;2.25;0.0;1.49;2.8;345;128;14.7;13.7;0.05;0.932;0;1;0;0;1;1;0;0;0;1;0;300;;174;147;14;84
207.05;1140;18;18;0;2.92;64;0;34;36;0;46;4;0.41;1.0;1.0;0;0;119;0;36;2.25;0.0;1.49;2.8;345;128;14.7;13.1;0.1;0.891;0;1;0;0;1;1;0;0;0;1;0;301;;174;147;14;83
207.45;1140;19;19;0;2.97;64;0;34;36;0;47;5;0.41;1.0;1.0;0;0;119;0;36;2.38;0.0;1.51;2.8;345;128;14.7;12.6;0.08;0.857;0;1;0;0;1;1;0;0;0;1;0;302;;174;147;14;83
207.85;1140;19;19;0;2.97;64;0;36;34;0;47;5;0.41;1.0;1.0;0;0;120;0;34;2.38;0.0;1.51;2.8;345;128;14.7;12.8;0.01;0.871;0;1;0;0;1;1;0;0;0;1;0;303;;174;147;14;76
208.25;1153;19;19;0;2.97;64;0;36;34;0;47;5;0.41;1.0;1.0;0;0;120;0;34;2.38;0.0;1.51;2.9;345;128;14.7;13.4;0.09;0.912;0;1;0;0;1;1;0;0;0;1;0;305;;174;146;14;84
208.65;1165;19;19;0;2.98;65;0;36;34;0;47;5;0.41;1.0;1.0;0;0;120;0;34;2.38;0.0;1.52;2.9;345;128;14.7;13.3;0.01;0.905;0;1;0;0;1;1;0;0;0;1;0;306;;173;146;14;84
209.06;1165;19;19;0;2.95;64;0;36;34;0;47;4;0.41;1.0;1.0;0;0;120;0;34;2.38;0.0;1.5;2.9;345;128;14.7;14.0;0.0;0.952;0;1;0;0;1;1;0;0;0;1;0;303;;174;146;14;83
209.46;1140;19;19;0;2.92;64;0;36;34;0;47;4;0.41;1.0;1.0;0;0;120;0;34;2.38;0.0;1.49;2.8;345;128;14.7;14.4;0.08;0.98;0;1;0;0;1;1;0;0;0;1;0;302;;174;146;14;83
209.86;1114;18;18;0;2.87;64;0;36;34;0;46;4;0.4;1.0;1.0;0;0;120;0;34;2.25;0.0;1.47;2.7;345;128;14.7;13.8;0.01;0.939;0;1;0;0;1;1;0;0;0;1;0;301;;174;146;14;82
210.26;1101;19;19;0;2.95;64;0;36;34;0;47;4;0.41;1.0;1.0;0;0;120;0;34;2.38;0.0;1.5;2.7;345;128;14.7;13.4;0.1;0.912;0;1;0;0;1;1;0;0;0;1;0;305;;174;146;14;84
210.66;1165;19;19;0;2.97;64;0;37;33;0;47;4;0.41;1.0;1.0;0;0;120;0;33;2.38;0.0;1.51;2.9;345;128;14.7;14.5;0.08;0.986;0;1;0;0;1;1;0;0;0;1;0;308;;174;146;14;84
210.86;1114;18;18;0;2.92;64;0;37;33;0;47;4;0.41;1.0;1.0;0;0;120;0;33;2.25;0.0;1.49;2.7;345;128;14.7;14.2;0.01;0.966;0;1;0;0;1;1;0;0;0;1;0;304;;174;146;14;84
211.26;1140;19;19;0;2.97;64;0;36;34;0;47;5;0.41;1.0;1.0;0;0;120;0;34;2.38;0.0;1.51;2.8;345;128;14.7;13.4;0.1;0.912;0;1;0;0;1;1;0;0;0;1;0;302;;174;146;14;83
211.67;1140;19;19;0;2.92;64;0;36;34;0;46;4;0.41;1.0;1.0;0;0;120;0;34;2.38;0.0;1.49;2.8;345;128;14.7;13.1;0.08;0.891;0;1;0;0;1;1;0;0;0;1;0;301;;174;146;14;83
212.06;1101;19;19;0;2.95;64;0;37;33;0;47;4;0.41;1.0;1.0;0;0;120;0;33;2.38;0.0;1.5;2.7;345;128;14.7;14.0;0.0;0.952;0;1;0;0;1;1;0;0;0;1;0;305;;174;146;14;84
212.48;1165;19;19;0;2.95;64;0;37;33;0;47;4;0.41;1.0;1.0;0;0;120;0;33;2.38;0.0;1.5;2.9;345;128;14.7;12.8;0.1;0.871;0;1;0;0;1;1;0;0;0;1;0;307;;174;145;14;84
212.86;1114;18;18;0;2.92;64;0;37;33;0;47;4;0.41;1.0;1.0;0;0;120;0;33;2.25;0.0;1.49;2.7;345;128;14.7;13.0;0.01;0.884;0;1;0;0;1;1;0;0;0;1;0;305;;173;145;14;140
213.28;1140;19;19;0;2.97;64;0;36;34;0;47;5;0.41;1.0;1.0;0;0;120;0;34;2.38;0.0;1.51;2.8;345;128;14.7;14.0;0.0;0.952;0;1;0;0;1;1;0;0;0;1;0;304;;174;145;14;45
213.68;1140;19;19;0;2.97;64;0;37;34;0;47;5;0.41;1.0;1.0;0;0;120;0;33;2.38;0.0;1.51;2.8;345;128;14.7;13.0;0.03;0.884;0;1;0;0;1;1;0;0;0;1;0;304;;174;145;14;84
214.07;1140;19;19;0;3.0;64;0;36;34;0;47;5;0.41;1.0;1.0;0;0;120;0;34;2.38;0.0;1.52;2.9;345;128;14.7;14.2;0.0;0.966;0;1;0;0;1;1;0;0;0;1;0;305;;174;145;14;84
214.47;1178;19;19;0;3.02;64;0;36;34;0;47;5;0.42;1.0;1.0;0;0;120;0;34;2.38;0.0;1.53;3.0;345;128;14.7;12.5;0.03;0.85;0;1;0;0;1;1;0;0;0;1;0;307;;174;145;14;84
214.89;1165;19;19;0;2.97;64;0;36;34;0;47;5;0.41;1.0;1.0;0;0;120;0;34;2.38;0.0;1.51;2.9;345;128;14.7;12.9;0.02;0.878;0;1;0;0;1;1;0;0;0;1;0;306;;174;145;14;84
215.29;1178;19;19;0;2.95;64;0;37;33;0;47;5;0.42;1.0;1.0;0;0;122;0;33;2.38;0.0;1.5;2.9;345;128;14.7;14.6;0.05;0.993;0;1;0;0;1;1;0;0;0;1;0;307;;174;144;15;84
215.69;1101;19;19;0;2.9;64;0;37;33;0;47;4;0.41;1.0;1.0;0;0;122;0;33;2.38;0.0;1.48;2.7;345;128;14.7;13.1;0.03;0.891;0;1;0;0;1;1;0;0;0;1;0;304;;174;144;14;41
216.07;1101;19;19;0;2.95;64;0;37;33;0;47;4;0.41;1.0;1.0;0;0;122;0;33;2.38;0.0;1.5;2.7;345;128;14.7;14.7;0.09;1.0;0;1;0;0;1;1;0;0;0;1;0;307;;174;144;14;84
216.48;1101;19;19;0;2.91;65;0;38;32;0;47;4;0.41;1.0;1.0;0;0;122;0;32;2.38;0.0;1.49;2.7;345;128;14.7;14.2;0.02;0.966;0;1;0;0;1;1;0;0;0;1;0;308;;173;144;13;84
216.69;1114;18;18;0;2.87;64;0;37;32;0;47;4;0.41;1.0;1.0;0;0;122;0;33;2.25;0.0;1.47;2.7;345;128;14.7;14.5;0.02;0.986;0;1;0;0;1;1;0;0;0;1;0;304;;174;144;14;84
217.09;1140;19;19;0;2.92;64;0;38;33;0;47;4;0.41;1.0;1.0;0;0;122;0;32;2.38;0.0;1.49;2.8;345;128;14.7;13.1;0.05;0.891;0;1;0;0;1;1;0;0;0;1;0;305;;174;144;14;84
217.5;1153;19;19;0;2.95;64;0;38;32;0;47;5;0.41;1.0;1.0;0;0;122;0;32;2.38;0.0;1.5;2.8;345;128;14.7;14.7;0.04;1.0;0;1;0;0;1;1;0;0;0;1;0;308;;174;144;14;84
217.88;1114;18;18;0;2.87;64;0;37;33;0;47;4;0.41;1.0;1.0;0;0;122;0;33;2.25;0.0;1.47;2.7;345;128;14.7;13.4;0.01;0.912;0;1;0;0;1;1;0;0;0;1;0;305;;174;144;14;77
218.29;1101;19;19;0;2.92;64;0;38;32;0;47;4;0.41;1.0;1.0;0;0;122;0;32;2.38;0.0;1.49;2.7;345;128;14.7;13.6;0.05;0.925;0;1;0;0;1;1;0;0;0;1;0;307;;174;144;14;84
218.69;1101;19;19;0;2.95;64;0;38;32;0;48;4;0.41;1.0;1.0;0;0;122;0;32;2.38;0.0;1.5;2.7;345;128;14.7;14.5;0.02;0.986;0;1;0;0;1;1;0;0;0;1;0;309;;174;144;14;84
219.09;1101;19;19;0;2.9;64;0;38;32;0;47;4;0.41;1.0;1.0;0;0;122;0;32;2.38;0.0;1.48;2.7;345;128;14.7;13.6;0.01;0.925;0;1;0;0;1;1;0;0;0;1;0;306;;174;143;14;84
219.51;1165;19;19;0;2.92;64;0;37;33;0;47;5;0.41;1.0;1.0;0;0;122;0;33;2.38;0.0;1.49;2.8;345;128;14.7;14.0;0.06;0.952;0;1;0;0;1;1;0;0;0;1;0;307;;174;143;14;84
219.92;1101;19;19;0;2.88;65;0;38;32;0;47;4;0.41;1.0;1.0;0;0;122;0;32;2.38;0.0;1.48;2.6;345;128;14.7;13.3;0.04;0.905;0;1;0;0;1;1;0;0;0;1;0;306;;173;143;14;84
220.31;1089;18;18;0;2.85;64;0;38;32;0;47;4;0.41;1.0;1.0;0;0;122;0;32;2.25;0.0;1.46;2.6;345;128;14.7;15.1;0.07;1.027;0;1;0;0;1;1;0;0;0;1;0;305;;174;143;14;84
220.72;1089;18;18;0;2.88;65;0;38;32;0;47;4;0.41;1.0;1.0;0;0;122;0;32;2.25;0.0;1.48;2.6;345;128;14.7;13.2;0.07;0.898;0;1;0;0;1;1;0;0;0;1;0;308;;173;143;14;84
221.11;1089;18;18;0;2.87;64;0;38;32;0;47;4;0.41;1.0;1.0;0;0;122;0;32;2.25;0.0;1.47;2.6;345;128;14.7;14.4;0.05;0.98;0;1;0;0;1;1;0;0;0;1;0;305;;174;143;14;84
221.51;1101;19;19;0;2.95;64;0;38;32;0;48;4;0.41;1.0;1.0;0;0;122;0;32;2.38;0.0;1.5;2.7;345;128;14.7;13.3;0.03;0.905;0;1;0;0;1;1;0;0;0;1;0;309;;174;143;14;84
221.91;1101;19;19;0;2.92;64;0;38;32;0;47;4;0.41;1.0;1.0;0;0;122;0;32;2.38;0.0;1.49;2.7;345;128;14.7;14.3;0.07;0.973;0;1;0;0;1;1;0;0;0;1;0;305;;174;143;14;84
222.32;1063;18;18;0;2.87;66;0;38;32;0;48;4;0.41;1.0;1.0;0;0;122;0;32;2.25;0.0;1.48;2.5;345;128;14.7;13.7;0.05;0.932;0;1;0;0;1;1;0;0;0;1;0;309;;171;143;14;84
222.71;1101;19;19;0;3.01;67;0;38;32;0;48;4;0.41;1.0;1.0;0;0;122;0;32;2.38;0.0;1.54;2.8;345;128;14.7;13.6;0.07;0.925;0;1;0;0;1;1;0;0;0;1;0;311;;170;143;14;84
222.91;1101;19;19;0;2.9;64;0;37;33;0;47;4;0.41;1.0;1.0;0;0;122;0;33;2.38;0.0;1.48;2.7;345;128;14.7;13.6;0.05;0.925;0;1;0;0;1;1;0;0;0;1;0;306;;174;143;14;84
223.33;1114;18;18;0;2.85;64;0;38;32;0;47;4;0.41;1.0;1.0;0;0;123;0;32;2.25;0.0;1.46;2.6;345;128;14.7;13.8;0.05;0.939;0;1;0;0;1;1;0;0;0;1;0;305;;174;142;14;83
223.71;1089;18;18;0;2.85;64;0;39;31;0;47;4;0.41;1.0;1.0;0;0;123;0;31;2.25;0.0;1.46;2.6;345;128;14.7;14.4;0.06;0.98;0;1;0;0;1;1;0;0;0;1;0;307;;174;142;14;84
224.12;1101;19;19;0;2.9;64;0;38;32;0;47;4;0.41;1.0;1.0;0;0;123;0;32;2.38;0.0;1.48;2.7;345;128;14.7;13.5;0.05;0.918;0;1;0;0;1;1;0;0;0;1;0;307;;174;142;14;83
224.52;1114;19;19;0;2.92;64;0;38;32;0;48;4;0.41;1.0;1.0;0;0;123;0;32;2.38;0.0;1.49;2.7;345;128;14.7;13.9;0.03;0.946;0;1;0;0;1;1;0;0;0;1;0;309;;174;142;14;84
224.91;1089;19;19;0;2.85;64;0;39;31;0;47;4;0.41;1.0;1.0;0;0;123;0;31;2.38;0.0;1.46;2.6;345;128;14.7;13.6;0.06;0.925;0;1;0;0;1;1;0;0;0;1;0;307;;174;142;14;84
225.33;1140;19;19;0;2.95;64;0;39;31;0;48;5;0.42;1.0;1.0;0;0;123;0;31;2.38;0.0;1.5;2.8;345;128;14.7;15.2;0.05;1.034;0;1;0;0;1;1;0;0;0;1;0;311;;174;142;13;84
225.72;1153;19;19;0;2.87;64;0;39;31;0;47;4;0.41;1.0;1.0;0;0;123;0;31;2.38;0.0;1.47;2.8;345;128;14.7;13.7;0.08;0.932;0;1;0;0;1;1;0;0;0;1;0;306;;174;142;14;84
226.12;1101;19;19;0;2.87;64;0;38;32;0;47;4;0.41;1.0;1.0;0;0;123;0;32;2.38;0.0;1.47;2.6;345;128;14.7;13.4;0.05;0.912;0;1;0;0;1;1;0;0;0;1;0;306;;174;142;14;84
226.53;1140;19;19;0;2.9;64;0;38;32;0;47;5;0.41;1.0;1.0;0;0;123;0;32;2.38;0.0;1.48;2.8;345;128;14.7;14.9;0.08;1.014;0;1;0;0;1;1;0;0;0;1;0;306;;174;142;14;77
226.94;1114;19;19;0;2.85;64;0;39;31;0;47;4;0.41;1.0;1.0;0;0;123;0;31;2.38;0.0;1.46;2.6;345;128;14.7;13.6;0.08;0.925;0;1;0;0;1;1;0;0;0;1;0;307;;174;142;14;84
227.33;1101;19;19;0;2.9;64;0;38;32;0;47;4;0.41;1.0;1.0;0;0;123;0;32;2.38;0.0;1.48;2.7;345;128;14.7;14.6;0.06;0.993;0;1;0;0;1;1;0;0;0;1;0;307;;174;142;14;84
227.73;1140;19;19;0;2.92;64;0;39;31;0;48;5;0.42;1.0;1.0;0;0;123;0;31;2.38;0.0;1.49;2.8;345;128;14.7;13.2;0.09;0.898;0;1;0;0;1;1;0;0;0;1;0;310;;174;141;14;84
228.13;1101;19;19;0;2.87;64;0;39;31;0;47;4;0.41;1.0;1.0;0;0;123;0;31;2.38;0.0;1.47;2.6;345;128;14.7;13.8;0.07;0.939;0;1;0;0;1;1;0;0;0;1;0;305;;174;141;14;83
228.53;1101;19;19;0;2.92;64;0;38;32;0;47;5;0.41;1.0;1.0;0;0;123;0;32;2.38;0.0;1.49;2.7;345;128;14.7;14.7;0.04;1.0;0;1;0;0;1;1;0;0;0;1;0;308;;174;141;14;84
228.93;1140;19;19;0;2.88;65;0;39;31;0;47;4;0.41;1.0;1.0;0;0;123;0;31;2.38;0.0;1.48;2.7;345;128;14.7;12.9;0.08;0.878;0;1;0;0;1;1;0;0;0;1;0;307;;173;141;14;148
229.14;1089;19;19;0;2.85;64;0;39;31;0;47;4;0.41;1.0;1.0;0;0;123;0;31;2.38;0.0;1.46;2.6;345;128;14.7;14.8;0.08;1.007;0;1;0;0;1;1;0;0;0;1;0;307;;174;141;14;148
229.54;1140;19;19;0;2.92;64;0;39;31;0;48;4;0.42;1.0;1.0;0;0;123;0;31;2.38;0.0;1.49;2.8;345;128;14.7;13.3;0.06;0.905;0;1;0;0;1;1;0;0;0;1;0;309;;174;141;14;84
229.94;1089;19;19;0;2.95;64;0;39;31;0;48;4;0.41;1.0;1.0;0;0;123;0;31;2.38;0.0;1.5;2.7;345;128;14.7;14.8;0.09;1.007;0;1;0;0;1;1;0;0;0;1;0;311;;174;141;14;84
230.34;1063;19;19;0;2.9;64;0;39;31;0;48;4;0.41;1.0;1.0;0;0;123;0;31;2.38;0.0;1.48;2.6;345;128;14.7;14.0;0.06;0.952;0;1;0;0;1;1;0;0;0;1;0;311;;174;141;13;83
230.74;1114;19;19;0;2.96;65;0;39;31;0;48;5;0.41;1.0;1.0;0;0;123;0;31;2.38;0.0;1.51;2.7;345;128;14.7;13.9;0.1;0.946;0;1;0;0;1;1;0;0;0;1;0;312;;173;141;13;84
231.14;1153;19;19;0;2.87;64;0;39;31;0;47;4;0.41;1.0;1.0;0;0;125;0;31;2.38;0.0;1.47;2.8;345;128;14.7;14.0;0.08;0.952;0;1;0;0;1;1;0;0;0;1;0;306;;174;141;14;83
231.54;1101;19;19;0;2.85;64;0;39;31;0;47;4;0.41;1.0;1.0;0;0;125;0;31;2.38;0.0;1.46;2.6;345;128;14.7;13.7;0.0;0.932;0;1;0;0;1;1;0;0;0;1;0;307;;174;140;14;84
231.96;1101;19;19;0;2.87;64;0;39;31;0;48;4;0.41;1.0;1.0;0;0;125;0;31;2.38;0.0;1.47;2.6;345;128;14.7;15.5;0.1;1.054;0;1;0;0;1;1;0;0;0;1;0;310;;173;140;14;84
232.36;1089;20;20;0;2.95;64;0;39;31;0;48;5;0.41;1.0;1.0;0;0;125;0;31;2.5;0.0;1.5;2.7;345;128;14.7;13.5;0.08;0.918;0;1;0;0;1;1;0;0;0;1;0;313;;174;140;13;41
232.75;1089;19;19;0;2.82;64;0;39;31;0;47;4;0.41;1.0;1.0;0;0;125;0;31;2.38;0.0;1.45;2.6;345;128;14.7;14.1;0.1;0.959;0;1;0;0;1;1;0;0;0;1;0;307;;174;140;13;84
233.16;1101;20;20;0;2.92;64;0;38;32;0;48;5;0.41;1.0;1.0;0;0;125;0;32;2.5;0.0;1.49;2.7;345;128;14.7;14.7;0.09;1.0;0;1;0;0;1;1;0;0;0;1;0;312;;174;140;13;84
233.56;1089;19;19;0;2.82;64;0;39;31;0;47;4;0.41;1.0;1.0;0;0;125;0;31;2.38;0.0;1.45;2.6;345;128;14.7;13.5;0.01;0.918;0;1;0;0;1;1;0;0;0;1;0;306;;174;140;14;83
233.96;1114;19;19;0;2.93;65;0;38;32;0;48;5;0.41;1.0;1.0;0;0;125;0;32;2.38;0.0;1.5;2.7;345;128;14.7;14.5;0.09;0.986;0;1;0;0;1;1;0;0;0;1;0;311;;173;140;14;83
234.37;1140;19;19;0;2.85;64;0;39;32;0;47;4;0.41;1.0;1.0;0;0;125;0;31;2.38;0.0;1.46;2.7;345;128;14.7;14.1;0.02;0.959;0;1;0;0;1;1;0;0;0;1;0;305;;174;140;14;84
234.76;1063;19;19;0;2.87;64;0;39;31;0;48;4;0.41;1.0;1.0;0;0;125;0;31;2.38;0.0;1.47;2.5;345;128;14.7;15.6;0.1;1.061;0;1;0;0;1;1;0;0;0;1;0;310;;174;140;14;84
235.17;1063;18;18;0;2.82;64;0;39;31;0;47;4;0.4;1.0;1.0;0;0;125;0;31;2.25;0.0;1.45;2.5;345;128;14.7;14.4;0.02;0.98;0;1;0;0;1;1;0;0;0;1;0;308;;174;140;13;83
235.38;1114;19;19;0;2.87;64;0;39;31;0;48;4;0.41;1.0;1.0;0;0;125;0;31;2.38;0.0;1.47;2.7;345;128;14.7;14.8;0.03;1.007;0;1;0;0;1;1;0;0;0;1;0;311;;174;140;13;84
235.75;1089;20;20;0;2.97;64;0;39;31;0;49;4;0.42;1.0;1.0;0;0;125;0;31;2.5;0.0;1.51;2.7;345;128;14.7;14.2;0.08;0.966;0;1;0;0;1;1;0;0;0;1;0;318;;174;140;13;85
236.17;1101;19;19;0;2.92;64;0;39;31;0;48;4;0.41;1.0;1.0;0;0;125;0;31;2.38;0.0;1.49;2.7;345;128;14.7;15.2;0.03;1.034;0;1;0;0;1;1;0;0;0;1;0;316;;174;140;1;85
236.57;1089;19;19;0;2.9;64;0;39;31;0;48;4;0.41;1.0;1.0;0;0;125;0;31;2.38;0.0;1.48;2.6;345;128;14.7;14.4;0.0;0.98;0;1;0;0;1;1;0;0;0;1;0;314;;175;140;1;84
236.96;1101;19;19;0;2.85;64;0;39;31;0;47;4;0.41;1.0;1.0;0;0;125;0;31;2.38;0.0;1.46;2.6;345;128;14.7;14.6;0.07;0.993;0;1;0;0;1;1;0;0;0;1;0;307;;174;139;10;84
237.38;1089;19;19;0;2.92;64;0;39;31;0;48;4;0.41;1.0;1.0;0;0;125;0;31;2.38;0.0;1.49;2.6;345;128;14.7;13.4;0.02;0.912;0;1;0;0;1;1;0;0;0;1;0;309;;174;139;14;84
237.78;1089;19;19;0;2.82;64;0;39;31;0;47;4;0.41;1.0;1.0;0;0;125;0;31;2.38;0.0;1.45;2.6;345;128;14.7;14.7;0.1;1.0;0;1;0;0;1;1;0;0;0;1;0;306;;174;139;14;40
238.18;1101;19;19;0;2.93;65;0;39;31;0;48;4;0.41;1.0;1.0;0;0;125;0;31;2.38;0.0;1.5;2.7;345;128;14.7;13.9;0.02;0.946;0;1;0;0;1;1;0;0;0;1;0;312;;173;139;15;83
238.57;1101;19;19;0;2.92;64;0;39;31;0;48;4;0.41;1.0;1.0;0;0;125;0;31;2.38;0.0;1.49;2.7;345;128;14.7;15.3;0.09;1.041;0;1;0;0;1;1;0;0;0;1;0;309;;174;139;14;83
238.98;1140;19;19;0;2.85;64;0;39;31;0;47;4;0.41;1.0;1.0;0;0;125;0;31;2.38;0.0;1.46;2.7;345;128;14.7;14.0;0.03;0.952;0;1;0;0;1;1;0;0;0;1;0;308;;174;139;14;83
239.37;1101;19;19;0;2.92;64;0;39;31;0;48;4;0.41;1.0;1.0;0;0;125;0;31;2.38;0.0;1.49;2.7;345;128;14.7;14.6;0.1;0.993;0;1;0;0;1;1;0;0;0;1;0;309;;174;139;15;77
239.78;1101;19;19;0;2.82;64;0;39;31;0;47;4;0.41;1.0;1.0;0;0;125;0;31;2.38;0.0;1.45;2.6;345;128;14.7;14.0;0.03;0.952;0;1;0;0;1;1;0;0;0;1;0;307;;174;139;15;77
240.18;1089;19;19;0;2.92;64;0;38;32;0;48;4;0.41;1.0;1.0;0;0;125;0;32;2.38;0.0;1.49;2.6;345;128;14.7;13.4;0.01;0.912;0;1;0;0;1;1;0;0;0;1;0;309;;174;139;14;84
240.58;1089;19;19;0;2.82;64;0;39;31;0;47;4;0.41;1.0;1.0;0;0;125;0;31;2.38;0.0;1.45;2.6;345;128;14.7;14.3;0.09;0.973;0;1;0;0;1;1;0;0;0;1;0;306;;174;139;15;84
241.0;1089;19;19;0;2.85;64;0;40;30;0;48;4;0.41;1.0;1.0;0;0;127;0;30;2.38;0.0;1.46;2.6;345;128;14.7;14.1;0.04;0.959;0;1;0;0;1;1;0;0;0;1;0;312;;174;138;14;84
241.39;1101;19;19;0;2.85;64;0;40;30;0;48;4;0.41;1.0;1.0;0;0;127;0;30;2.38;0.0;1.46;2.6;345;128;14.7;14.8;0.01;1.007;0;1;0;0;1;1;0;0;0;1;0;315;;174;138;12;40
241.79;1050;19;19;0;2.86;65;0;40;30;0;48;4;0.41;1.0;1.0;0;0;127;0;30;2.38;0.0;1.47;2.5;345;128;14.7;15.1;0.04;1.027;0;1;0;0;1;1;0;0;0;1;0;315;;173;138;6;85
241.99;1050;20;20;0;2.92;64;0;40;30;0;49;4;0.42;1.0;1.0;0;0;127;0;30;2.5;0.0;1.49;2.6;345;128;14.7;14.7;0.03;1.0;0;1;0;0;1;1;0;0;0;1;0;319;;174;138;0;41
242.39;1089;20;20;0;2.95;64;0;40;30;0;49;5;0.42;1.0;1.0;0;0;127;0;30;2.5;0.0;1.5;2.7;345;128;14.7;14.6;0.01;0.993;0;1;0;0;1;1;0;0;0;1;0;317;;175;138;0;84
242.8;1050;19;19;0;2.82;64;0;40;30;0;48;4;0.41;1.0;1.0;0;0;127;0;30;2.38;0.0;1.45;2.5;345;128;14.7;14.1;0.06;0.959;0;1;0;0;1;1;0;0;0;1;0;310;;175;138;0;84
243.19;1050;19;19;0;2.8;64;0;40;30;0;48;4;0.41;1.0;1.0;0;0;127;0;30;2.38;0.0;1.44;2.5;345;128;14.7;15.6;0.04;1.061;0;1;0;0;1;1;0;0;0;1;0;310;;175;138;0;84
243.58;1050;19;19;0;2.8;64;0;40;30;0;48;4;0.41;1.0;1.0;0;0;127;0;30;2.38;0.0;1.44;2.5;345;128;14.7;13.8;0.01;0.939;0;1;0;0;1;1;0;0;0;1;0;312;;174;138;1;77
244.0;1050;19;19;0;2.8;64;0;40;30;0;48;4;0.41;1.0;1.0;0;0;127;0;30;2.38;0.0;1.44;2.5;345;128;14.7;15.5;0.06;1.054;0;1;0;0;1;1;0;0;0;1;0;314;;174;138;0;84
244.39;1050;19;19;0;2.82;66;0;40;30;0;48;4;0.41;1.0;1.0;0;0;127;0;30;2.38;0.0;1.46;2.5;345;128;14.7;14.7;0.03;1.0;0;1;0;0;1;1;0;0;0;1;0;313;;171;137;0;84
244.79;1037;19;19;0;2.82;64;0;40;30;0;48;4;0.41;1.0;1.0;0;0;127;0;30;2.38;0.0;1.45;2.4;345;128;14.7;15.4;0.01;1.048;0;1;0;0;1;1;0;0;0;1;0;316;;175;137;0;84
245.2;1089;19;19;0;2.85;64;0;40;30;0;48;4;0.41;1.0;1.0;0;0;127;0;30;2.38;0.0;1.46;2.6;345;128;14.7;14.8;0.05;1.007;0;1;0;0;1;1;0;0;0;1;0;315;;174;137;0;84
245.61;1101;20;20;0;2.92;64;0;40;30;0;49;4;0.43;1.0;1.0;0;0;127;0;30;2.5;0.0;1.49;2.7;345;128;14.7;15.4;0.03;1.048;0;1;0;0;1;1;0;0;0;1;0;317;;175;137;0;84
246.0;1089;19;19;0;2.85;64;0;40;30;0;48;4;0.41;1.0;1.0;0;0;127;0;30;2.38;0.0;1.46;2.6;345;128;14.7;14.9;0.05;1.014;0;1;0;0;1;1;0;0;0;1;0;315;;174;137;0;84
246.4;1063;19;19;0;2.8;64;0;40;30;0;48;4;0.41;1.0;1.0;0;0;127;0;30;2.38;0.0;1.44;2.5;345;128;14.7;14.8;0.04;1.007;0;1;0;0;1;1;0;0;0;1;0;310;;174;137;0;83
246.8;1063;19;19;0;2.8;64;0;40;30;0;48;4;0.41;1.0;1.0;0;0;127;0;30;2.38;0.0;1.44;2.5;345;128;14.7;15.1;0.06;1.027;0;1;0;0;1;1;0;0;0;1;0;313;;174;137;0;77
247.22;1101;20;20;0;2.88;65;0;40;30;0;48;4;0.41;1.0;1.0;0;0;127;0;30;2.5;0.0;1.48;2.6;345;128;14.7;14.6;0.06;0.993;0;1;0;0;1;1;0;0;0;1;0;315;;173;137;0;41
247.61;1063;19;19;0;2.82;64;0;40;30;0;48;4;0.41;1.0;1.0;0;0;127;0;30;2.38;0.0;1.45;2.5;345;128;14.7;14.3;0.03;0.973;0;1;0;0;1;1;0;0;0;1;0;310;;174;137;0;84
248.01;1140;20;20;0;2.88;65;0;40;30;0;48;5;0.42;1.0;1.0;0;0;128;0;30;2.5;0.0;1.48;2.7;345;128;14.7;14.4;0.05;0.98;0;1;0;0;1;1;0;0;0;1;0;311;;173;136;0;84
248.21;1101;19;20;0;2.88;65;0;40;30;0;48;4;0.41;1.0;1.0;0;0;128;0;30;2.38;0.0;1.48;2.6;345;128;14.7;13.9;0.04;0.946;0;1;0;0;1;1;0;0;0;1;0;312;;173;136;6;84
248.61;1037;19;19;0;2.82;66;0;40;30;0;48;4;0.41;1.0;1.0;0;0;128;0;30;2.38;0.0;1.46;2.4;345;128;14.7;14.6;0.07;0.993;0;1;0;0;1;1;0;0;0;1;0;312;;172;136;13;84
249.02;1037;19;19;0;2.81;65;0;40;30;0;48;4;0.41;1.0;1.0;0;0;128;0;30;2.38;0.0;1.45;2.4;345;128;14.7;16.0;0.06;1.088;0;1;0;0;1;1;0;0;0;1;0;313;;173;136;9;84
249.42;1037;19;19;0;2.86;65;0;40;30;0;48;4;0.41;1.0;1.0;0;0;128;0;30;2.38;0.0;1.47;2.5;345;128;14.7;15.5;0.06;1.054;0;1;0;0;1;1;0;0;0;1;0;314;;173;136;3;85
249.81;1063;19;19;0;2.8;64;0;40;30;0;48;4;0.41;1.0;1.0;0;0;128;0;30;2.38;0.0;1.44;2.5;345;128;14.7;15.1;0.07;1.027;0;1;0;0;1;1;0;0;0;1;0;311;;174;136;0;84
250.23;1050;19;19;0;2.8;64;0;40;30;0;48;4;0.41;1.0;1.0;0;0;128;0;30;2.38;0.0;1.44;2.5;345;128;14.7;15.3;0.08;1.041;0;1;0;0;1;1;0;0;0;1;0;312;;174;136;0;84
250.62;1101;19;19;0;2.85;64;0;40;30;0;48;4;0.41;1.0;1.0;0;0;128;0;30;2.38;0.0;1.46;2.6;345;128;14.7;15.3;0.04;1.041;0;1;0;0;1;1;0;0;0;1;0;313;;174;136;0;84
251.03;1063;19;19;0;2.8;64;0;40;30;0;48;4;0.41;1.0;1.0;0;0;128;0;30;2.38;0.0;1.44;2.5;345;128;14.7;15.0;0.08;1.02;0;1;0;0;1;1;0;0;0;1;0;315;;175;136;0;85
251.44;1037;19;19;0;2.8;64;0;40;30;0;48;4;0.41;1.0;1.0;0;0;128;0;30;2.38;0.0;1.44;2.4;345;128;14.7;16.1;0.06;1.095;0;1;0;0;1;1;0;0;0;1;0;316;;175;136;0;84
251.82;1114;19;19;0;2.85;64;0;40;30;0;48;4;0.41;1.0;1.0;0;0;128;0;30;2.38;0.0;1.46;2.6;345;128;14.7;14.7;0.03;1.0;0;1;0;0;1;1;0;0;0;1;0;314;;175;136;0;84
252.23;1089;19;19;0;2.87;64;0;40;30;0;48;4;0.41;1.0;1.0;0;0;128;0;30;2.38;0.0;1.47;2.6;345;128;14.7;15.0;0.07;1.02;0;1;0;0;1;1;0;0;0;1;0;316;;175;136;0;40
252.63;1063;19;19;0;2.87;66;0;40;30;0;49;4;0.42;1.0;1.0;0;0;128;0;30;2.38;0.0;1.48;2.5;345;128;14.7;15.9;0.04;1.082;0;1;0;0;1;1;0;0;0;1;0;319;;171;135;0;85
253.03;1012;19;19;0;2.87;66;0;40;30;0;49;4;0.41;1.0;1.0;0;0;128;0;30;2.38;0.0;1.48;2.4;345;128;14.7;14.7;0.09;1.0;0;1;0;0;1;1;0;0;0;1;0;321;;171;135;0;77
253.43;1050;20;20;0;2.92;64;0;40;30;0;49;4;0.42;1.0;1.0;0;0;128;0;30;2.5;0.0;1.49;2.6;345;128;14.7;15.1;0.06;1.027;0;1;0;0;1;1;0;0;0;1;0;319;;174;135;0;85
253.83;1140;20;20;0;2.92;64;0;40;30;0;49;5;0.43;1.0;1.0;0;0;128;0;30;2.5;0.0;1.49;2.8;345;128;14.7;15.0;0.09;1.02;0;1;0;0;1;1;0;0;0;1;0;318;;174;135;0;84
254.25;1063;19;19;0;2.8;64;0;39;30;0;48;4;0.41;1.0;1.0;0;0;128;0;31;2.38;0.0;1.44;2.5;345;128;14.7;13.9;0.09;0.946;0;1;0;0;1;1;0;0;0;1;0;310;;174;135;0;84
254.43;1063;19;19;0;2.83;65;0;40;30;0;48;4;0.41;1.0;1.0;0;0;128;0;30;2.38;0.0;1.46;2.5;345;128;14.7;15.1;0.06;1.027;0;1;0;0;1;1;0;0;0;1;0;314;;173;135;0;83
254.83;1101;20;20;0;2.93;65;0;40;30;0;49;5;0.43;1.0;1.0;0;0;128;0;30;2.5;0.0;1.5;2.7;345;128;14.7;15.0;0.09;1.02;0;1;0;0;1;1;0;0;0;1;0;318;;173;135;0;84
255.25;1050;20;20;0;2.9;66;0;40;30;0;48;4;0.41;1.0;1.0;0;0;128;0;30;2.5;0.0;1.49;2.5;345;128;14.7;14.7;0.08;1.0;0;1;0;0;1;1;0;0;0;1;0;314;;172;135;0;84
255.65;1063;19;19;0;2.8;64;0;40;30;0;48;4;0.41;1.0;1.0;0;0;128;0;30;2.38;0.0;1.44;2.5;345;128;14.7;15.9;0.01;1.082;0;1;0;0;1;1;0;0;0;1;0;311;;174;135;0;84
256.04;1063;19;19;0;2.8;64;0;40;30;0;48;4;0.41;1.0;1.0;0;0;128;0;30;2.38;0.0;1.44;2.5;345;128;14.7;15.2;0.09;1.034;0;1;0;0;1;1;0;0;0;1;0;313;;174;135;0;84
256.44;1101;19;19;0;2.85;64;0;40;30;0;48;4;0.41;1.0;1.0;0;0;128;0;30;2.38;0.0;1.46;2.6;345;128;14.7;14.5;0.06;0.986;0;1;0;0;1;1;0;0;0;1;0;316;;174;135;0;85
256.84;1089;19;19;0;2.85;64;0;40;30;0;48;4;0.41;1.0;1.0;0;0;128;0;30;2.38;0.0;1.46;2.6;345;128;14.7;14.9;0.1;1.014;0;1;0;0;1;1;0;0;0;1;0;315;;174;134;0;84
257.25;1063;19;19;0;2.82;64;0;40;30;0;48;4;0.41;1.0;1.0;0;0;128;0;30;2.38;0.0;1.45;2.5;345;128;14.7;14.7;0.09;1.0;0;1;0;0;1;1;0;0;0;1;0;314;;174;134;0;85
257.67;1037;20;20;0;2.92;64;0;40;30;0;49;4;0.41;1.0;1.0;0;0;128;0;30;2.5;0.0;1.49;2.5;345;128;14.7;14.7;0.03;1.0;0;1;0;0;1;1;0;0;0;1;0;318;;174;134;0;85
258.07;1063;21;21;0;3.05;66;0;40;30;0;50;5;0.43;1.0;1.0;0;0;128;0;30;2.62;0.0;1.55;2.7;345;128;14.7;15.6;0.01;1.061;0;1;0;0;1;1;0;0;0;1;0;326;;171;134;0;84
258.46;1101;21;21;0;2.97;64;0;40;30;0;49;5;0.43;1.0;1.0;0;0;128;0;30;2.62;0.0;1.51;2.7;345;128;14.7;14.4;0.09;0.98;0;1;0;0;1;1;0;0;0;1;0;318;;174;134;0;77
258.85;1089;19;19;0;2.82;64;0;39;30;0;48;4;0.41;1.0;1.0;0;0;128;0;31;2.38;0.0;1.45;2.6;345;128;14.7;15.0;0.01;1.02;0;1;0;0;1;1;0;0;0;1;0;310;;174;134;0;84
259.25;1114;20;20;0;2.87;64;0;40;30;0;48;4;0.41;1.0;1.0;0;0;128;0;30;2.5;0.0;1.47;2.7;345;128;14.7;14.2;0.09;0.966;0;1;0;0;1;1;0;0;0;1;0;315;;174;134;0;85
259.67;1089;19;19;0;2.86;65;0;40;30;0;48;4;0.41;1.0;1.0;0;0;128;0;30;2.38;0.0;1.47;2.6;345;128;14.7;14.2;0.08;0.966;0;1;0;0;1;1;0;0;0;1;0;311;;173;134;0;84
260.08;1089;19;19;0;2.87;66;0;40;30;0;48;4;0.41;1.0;1.0;0;0;128;0;30;2.38;0.0;1.48;2.6;345;128;14.7;15.5;0.03;1.054;0;1;0;0;1;1;0;0;0;1;0;310;;172;134;1;84
260.47;1140;20;20;0;2.93;65;0;40;30;0;48;5;0.42;1.0;1.0;0;0;128;0;30;2.5;0.0;1.5;2.8;345;128;14.7;13.9;0.09;0.946;0;1;0;0;1;1;0;0;0;1;0;313;;173;134;9;84
260.67;1063;19;19;0;2.81;65;0;40;30;0;48;4;0.41;1.0;1.0;0;0;128;0;30;2.38;0.0;1.45;2.5;345;128;14.7;14.5;0.09;0.986;0;1;0;0;1;1;0;0;0;1;0;309;;173;134;16;84
261.07;1063;19;19;0;2.78;65;0;40;30;0;48;4;0.41;1.0;1.0;0;0;128;0;30;2.38;0.0;1.44;2.5;345;128;14.7;14.6;0.02;0.993;0;1;0;0;1;1;0;0;0;1;0;310;;173;134;15;84
261.47;1101;20;20;0;2.88;65;0;41;29;0;48;4;0.41;1.0;1.0;0;0;130;0;29;2.5;0.0;1.48;2.6;345;128;14.7;13.9;0.1;0.946;0;1;0;0;1;1;0;0;0;1;0;314;;173;133;15;84
261.86;1089;19;19;0;2.86;65;0;41;29;0;48;4;0.41;1.0;1.0;0;0;130;0;29;2.38;0.0;1.47;2.6;345;128;14.7;14.7;0.02;1.0;0;1;0;0;1;1;0;0;0;1;0;316;;173;133;9;85
262.28;1012;19;19;0;2.77;64;0;41;29;0;49;4;0.41;1.0;1.0;0;0;130;0;29;2.38;0.0;1.43;2.3;345;128;14.7;16.2;0.01;1.102;0;1;0;0;1;1;0;0;0;1;0;317;;174;133;4;40
262.66;1422;46;46;0;5.55;64;0;22;48;0;69;13;0.62;1.0;1.0;0;0;130;0;48;5.75;0.0;2.54;6.6;345;128;14.7;14.1;0.08;0.959;0;1;0;0;1;1;0;0;0;1;0;472;;175;133;0;106
263.08;1588;17;17;0;2.62;64;0;33;37;0;43;6;0.44;1.0;1.0;0;0;130;0;37;2.12;0.0;1.37;3.5;345;128;14.7;11.6;0.02;0.789;0;1;0;0;1;1;0;0;0;1;0;272;;175;133;24;50
263.48;1306;17;17;0;2.52;64;0;38;32;0;43;5;0.4;1.0;1.0;0;0;130;0;32;2.12;0.0;1.33;2.7;345;128;14.7;12.2;0.1;0.83;0;1;0;0;1;1;0;0;0;1;0;276;;174;133;25;81
263.88;1178;18;18;0;2.67;64;0;40;30;0;45;4;0.41;1.0;1.0;0;0;130;0;30;2.25;0.0;1.39;2.6;345;128;14.7;13.0;0.03;0.884;0;1;0;0;1;1;0;0;0;1;0;291;;174;133;24;83
264.29;1114;24;24;1;3.33;65;0;40;30;0;53;6;0.47;1.0;1.0;0;0;130;0;30;3.0;0.6;1.66;3.1;345;128;14.7;15.8;0.01;1.075;0;1;0;0;1;1;0;0;0;1;0;347;;173;133;21;88
264.67;1319;21;21;0;2.97;64;0;37;32;0;48;6;0.45;1.0;1.0;0;0;130;0;33;2.62;0.0;1.51;3.3;345;128;14.7;14.1;0.02;0.959;0;1;0;0;1;1;0;0;0;1;0;313;;174;133;1;84
265.09;1255;17;17;0;2.57;64;0;39;31;0;44;5;0.4;1.0;1.0;0;0;130;0;31;2.12;0.0;1.35;2.7;345;128;14.7;13.8;0.02;0.939;0;1;0;0;1;1;0;0;0;1;0;284;;175;132;19;82
265.48;1140;17;17;0;2.62;64;0;40;30;0;45;4;0.4;1.0;1.0;0;0;130;0;30;2.12;0.0;1.37;2.5;345;128;14.7;13.8;0.03;0.939;0;1;0;0;1;1;0;0;0;1;0;293;;174;132;23;82
265.89;1063;18;18;0;2.7;64;0;41;29;0;47;4;0.4;1.0;1.0;0;0;130;0;29;2.25;0.0;1.4;2.4;345;128;14.7;13.6;0.01;0.925;0;1;0;0;1;1;0;0;0;1;0;306;;173;132;22;41
266.29;999;19;19;0;2.83;67;0;41;29;0;49;4;0.41;1.0;1.0;0;0;130;0;29;2.38;0.0;1.47;2.4;345;128;14.7;16.0;0.04;1.088;0;1;0;0;1;1;0;0;0;1;0;318;;170;132;19;85
266.69;999;20;20;0;2.88;66;0;41;29;0;49;4;0.41;1.0;1.0;0;0;130;0;29;2.5;0.0;1.48;2.4;345;128;14.7;16.1;0.02;1.095;0;1;0;0;1;1;0;0;0;1;0;322;;171;132;5;85
266.9;1012;20;20;0;2.87;64;0;41;29;0;49;4;0.41;1.0;1.0;0;0;130;0;29;2.5;0.0;1.47;2.4;345;128;14.7;16.0;0.02;1.088;0;1;0;0;1;1;0;0;0;1;0;323;;174;132;0;41
267.29;1089;20;20;0;2.87;64;0;41;29;0;49;4;0.42;1.0;1.0;0;0;130;0;29;2.5;0.0;1.47;2.6;345;128;14.7;15.6;0.04;1.061;0;1;0;0;1;1;0;0;0;1;0;319;;175;132;0;85
267.69;1089;19;19;0;2.82;64;0;41;29;0;48;4;0.41;1.0;1.0;0;0;130;0;29;2.38;0.0;1.45;2.6;345;128;14.7;14.7;0.02;1.0;0;1;0;0;1;1;0;0;0;1;0;316;;174;132;0;85
268.09;1101;20;20;0;2.85;64;0;41;29;0;48;5;0.41;1.0;1.0;0;0;130;0;29;2.5;0.0;1.46;2.6;345;128;14.7;14.7;0.04;1.0;0;1;0;0;1;1;0;0;0;1;0;314;;175;131;0;41
268.49;1050;18;18;0;2.72;64;0;41;29;0;47;4;0.4;1.0;1.0;0;0;130;0;29;2.25;0.0;1.41;2.4;345;128;14.7;14.1;0.02;0.959;0;1;0;0;1;1;0;0;0;1;0;306;;174;131;0;40
268.91;1037;19;19;0;2.77;64;0;41;29;0;48;4;0.41;1.0;1.0;0;0;130;0;29;2.38;0.0;1.43;2.4;345;128;14.7;15.0;0.06;1.02;0;1;0;0;1;1;0;0;0;1;0;309;;173;131;8;108
269.31;1037;19;19;0;2.78;65;0;41;29;0;48;4;0.41;1.0;1.0;0;0;130;0;29;2.38;0.0;1.44;2.4;345;128;14.7;14.3;0.03;0.973;0;1;0;0;1;1;0;0;0;1;0;313;;173;131;5;84
269.72;999;20;20;0;2.88;65;0;41;29;0;49;4;0.41;1.0;1.0;0;0;130;0;29;2.5;0.0;1.48;2.4;345;128;14.7;16.5;0.07;1.122;0;1;0;0;1;1;0;0;0;1;0;320;;173;131;0;85
270.11;1063;19;19;0;2.83;67;0;41;29;0;48;4;0.41;1.0;1.0;0;0;130;0;29;2.38;0.0;1.47;2.5;345;128;14.7;16.0;0.03;1.088;0;1;0;0;1;1;0;0;0;1;0;316;;170;131;0;85
270.5;999;19;19;0;2.8;66;0;41;29;0;48;4;0.4;1.0;1.0;0;0;130;0;29;2.38;0.0;1.45;2.3;345;128;14.7;14.6;0.01;0.993;0;1;0;0;1;1;0;0;0;1;0;316;;172;131;0;85
270.92;1012;19;19;0;2.82;64;0;41;29;0;49;4;0.41;1.0;1.0;0;0;130;0;29;2.38;0.0;1.45;2.4;345;128;14.7;15.7;0.06;1.068;0;1;0;0;1;1;0;0;0;1;0;322;;174;131;0;77
271.3;1703;31;31;0;3.97;64;0;21;37;0;55;11;0.54;1.0;1.0;0;0;130;0;49;3.88;0.0;1.91;5.6;345;128;14.7;11.8;0.02;0.803;0;1;0;0;1;1;0;0;0;1;0;362;;174;131;0;89
271.71;1537;16;16;0;2.52;66;0;35;35;0;42;5;0.41;1.0;1.0;0;0;130;0;35;2.0;0.0;1.34;3.2;345;128;14.7;10.4;0.07;0.707;0;1;0;0;1;1;0;0;0;1;0;270;;172;131;25;77
272.12;1281;17;17;0;2.62;66;0;39;31;0;44;5;0.41;1.0;1.0;0;0;130;0;31;2.12;0.0;1.38;2.8;345;128;14.7;11.3;0.06;0.769;0;1;0;0;1;1;0;0;0;1;0;285;;172;131;25;82
272.52;1140;18;18;0;2.71;65;0;40;30;0;46;4;0.41;1.0;1.0;0;0;130;0;30;2.25;0.0;1.41;2.6;345;128;14.7;12.9;0.03;0.878;0;1;0;0;1;1;0;0;0;1;0;296;;173;131;24;83
272.93;1089;19;19;0;2.73;65;0;42;28;0;47;4;0.41;1.0;1.0;0;0;131;0;28;2.38;0.0;1.42;2.5;345;128;14.7;15.0;0.07;1.02;0;1;0;0;1;1;0;0;0;1;0;308;;173;130;22;84
273.12;1050;19;19;0;2.82;66;0;42;28;0;48;4;0.41;1.0;1.0;0;0;131;0;28;2.38;0.0;1.46;2.5;345;128;14.7;14.3;0.05;0.973;0;1;0;0;1;1;0;0;0;1;0;315;;172;130;20;84
273.51;1037;20;20;0;2.91;65;0;42;28;0;49;4;0.41;1.0;1.0;0;0;131;0;28;2.5;0.0;1.49;2.5;345;128;14.7;15.3;0.07;1.041;0;1;0;0;1;1;0;0;0;1;0;320;;173;130;12;85
273.93;1037;20;20;0;2.85;64;0;42;28;0;49;4;0.41;1.0;1.0;0;0;131;0;28;2.5;0.0;1.46;2.5;345;128;14.7;15.5;0.06;1.054;0;1;0;0;1;1;0;0;0;1;0;318;;174;130;1;85
274.32;1037;19;19;0;2.82;64;0;42;28;0;48;4;0.41;1.0;1.0;0;0;131;0;28;2.38;0.0;1.45;2.4;345;128;14.7;14.7;0.03;1.0;0;1;0;0;1;1;0;0;0;1;0;315;;174;130;0;84
274.72;1012;19;19;0;2.82;64;0;42;28;0;49;4;0.41;1.0;1.0;0;0;131;0;28;2.38;0.0;1.45;2.4;345;128;14.7;15.1;0.06;1.027;0;1;0;0;1;1;0;0;0;1;0;317;;175;130;0;84
275.12;1204;31;31;5;4.3;64;0;19;51;0;59;8;0.52;1.0;1.0;0;0;131;0;51;3.88;2.9;2.04;4.3;345;128;14.7;15.7;0.03;1.068;0;1;0;0;1;0;0;0;0;1;0;392;;175;130;0;98
275.53;1614;20;20;0;2.87;64;0;32;36;0;44;7;0.45;1.0;1.0;0;0;131;0;38;2.5;0.0;1.47;3.9;345;128;14.7;12.8;0.07;0.871;0;1;0;0;1;1;0;0;0;1;0;283;;175;130;5;75
275.93;1383;17;17;0;2.56;65;0;38;32;0;43;5;0.41;1.0;1.0;0;0;131;0;32;2.12;0.0;1.35;3.0;345;128;14.7;12.3;0.04;0.837;0;1;0;0;1;1;0;0;0;1;0;274;;173;130;25;81
276.32;1178;18;18;0;2.63;65;0;41;29;0;45;4;0.41;1.0;1.0;0;0;131;0;29;2.25;0.0;1.38;2.6;345;128;14.7;14.0;0.07;0.952;0;1;0;0;1;1;0;0;0;1;0;290;;173;130;24;82
276.74;1037;18;18;0;2.68;65;0;42;28;0;47;4;0.4;1.0;1.0;0;0;131;0;28;2.25;0.0;1.4;2.3;345;128;14.7;14.3;0.08;0.973;0;1;0;0;1;1;0;0;0;1;0;305;;173;129;23;84
277.13;1012;19;19;0;2.78;65;0;42;28;0;48;4;0.4;1.0;1.0;0;0;131;0;28;2.38;0.0;1.44;2.3;345;128;14.7;14.4;0.04;0.98;0;1;0;0;1;1;0;0;0;1;0;316;;173;129;19;84
277.54;1037;20;20;0;2.86;65;0;42;28;0;49;4;0.41;1.0;1.0;0;0;131;0;28;2.5;0.0;1.47;2.5;345;128;14.7;15.6;0.09;1.061;0;1;0;0;1;1;0;0;0;1;0;320;;173;129;6;85
277.93;1012;19;19;0;2.8;64;0;42;28;0;49;4;0.41;1.0;1.0;0;0;131;0;28;2.38;0.0;1.44;2.4;345;128;14.7;16.4;0.05;1.116;0;1;0;0;1;1;0;0;0;1;0;317;;174;129;0;85
278.33;1037;19;19;0;2.82;64;0;42;28;0;48;4;0.41;1.0;1.0;0;0;131;0;28;2.38;0.0;1.45;2.4;345;128;14.7;15.1;0.08;1.027;0;1;0;0;1;1;0;0;0;1;0;316;;175;129;0;84
278.74;1050;20;20;0;2.87;64;0;42;28;0;49;4;0.42;1.0;1.0;0;0;131;0;28;2.5;0.0;1.47;2.5;345;128;14.7;14.5;0.06;0.986;0;1;0;0;1;1;0;0;0;1;0;317;;175;129;0;84
279.14;1012;20;20;0;2.85;64;0;42;28;0;49;4;0.41;1.0;1.0;0;0;131;0;28;2.5;0.0;1.46;2.4;345;128;14.7;15.5;0.09;1.054;0;1;0;0;1;1;0;0;0;1;0;320;;175;129;0;84
279.34;1063;20;20;0;2.85;64;0;42;28;0;49;4;0.42;1.0;1.0;0;0;131;0;28;2.5;0.0;1.46;2.5;345;128;14.7;14.7;0.08;1.0;0;1;0;0;1;1;0;0;0;1;0;317;;175;129;0;85
279.74;1037;19;19;0;2.77;64;0;42;28;0;48;4;0.41;1.0;1.0;0;0;131;0;28;2.38;0.0;1.43;2.4;345;128;14.7;14.9;0.06;1.014;0;1;0;0;1;1;0;0;0;1;0;315;;175;129;0;84
280.14;1012;19;19;0;2.75;64;0;42;28;0;48;4;0.4;1.0;1.0;0;0;131;0;28;2.38;0.0;1.42;2.3;345;128;14.7;16.1;0.09;1.095;0;1;0;0;1;1;0;0;0;1;0;315;;174;129;0;84
280.54;1012;19;19;0;2.8;64;0;42;28;0;48;4;0.4;1.0;1.0;0;0;131;0;28;2.38;0.0;1.44;2.4;345;128;14.7;15.3;0.08;1.041;0;1;0;0;1;1;0;0;0;1;0;316;;174;129;0;85
280.95;1012;20;20;0;2.85;64;0;42;28;0;49;4;0.41;1.0;1.0;0;0;131;0;28;2.5;0.0;1.46;2.4;345;128;14.7;15.3;0.06;1.041;0;1;0;0;1;1;0;0;0;1;0;319;;174;129;0;85
281.35;1037;19;19;0;2.81;65;0;42;28;0;49;4;0.41;1.0;1.0;0;0;131;0;28;2.38;0.0;1.45;2.4;345;128;14.7;15.6;0.1;1.061;0;1;0;0;1;1;0;0;0;1;0;317;;173;129;0;85
281.75;1012;19;19;0;2.77;64;0;42;28;0;48;4;0.4;1.0;1.0;0;0;131;0;28;2.38;0.0;1.43;2.3;345;128;14.7;15.0;0.09;1.02;0;1;0;0;1;1;0;0;0;1;0;316;;174;129;0;85
282.14;1012;20;20;0;2.87;64;0;42;28;0;49;4;0.41;1.0;1.0;0;0;131;0;28;2.5;0.0;1.47;2.4;345;128;14.7;14.5;0.06;0.986;0;1;0;0;1;1;0;0;0;1;0;319;;174;129;0;85
282.55;1037;20;20;0;2.85;64;0;42;28;0;49;4;0.41;1.0;1.0;0;0;133;0;28;2.5;0.0;1.46;2.5;345;128;14.7;16.2;0.1;1.102;0;1;0;0;1;1;0;0;0;1;0;319;;173;129;0;41
282.97;999;19;19;0;2.77;64;0;42;28;0;48;4;0.4;1.0;1.0;0;0;133;0;28;2.38;0.0;1.43;2.3;345;128;14.7;15.9;0.1;1.082;0;1;0;0;1;1;0;0;0;1;0;316;;174;128;0;85
283.36;1037;20;20;0;2.85;64;0;42;28;0;49;4;0.41;1.0;1.0;0;0;133;0;28;2.5;0.0;1.46;2.5;345;128;14.7;15.0;0.07;1.02;0;1;0;0;1;1;0;0;0;1;0;321;;174;128;0;85
283.76;986;19;19;0;2.8;64;0;42;28;0;49;4;0.41;1.0;1.0;0;0;133;0;28;2.38;0.0;1.44;2.3;345;128;14.7;16.3;0.0;1.109;0;1;0;0;1;1;0;0;0;1;0;317;;174;128;0;84
284.16;1037;20;20;0;2.87;64;0;42;28;0;49;4;0.41;1.0;1.0;0;0;133;0;28;2.5;0.0;1.47;2.5;345;128;14.7;16.1;0.08;1.095;0;1;0;0;1;1;0;0;0;1;0;321;;174;128;0;85
284.57;999;19;19;0;2.8;66;0;42;28;0;48;4;0.4;1.0;1.0;0;0;133;0;28;2.38;0.0;1.45;2.3;345;128;14.7;14.4;0.03;0.98;0;1;0;0;1;1;0;0;0;1;0;315;;172;128;0;41
284.96;1037;20;20;0;2.85;64;0;42;28;0;48;4;0.41;1.0;1.0;0;0;133;0;28;2.5;0.0;1.46;2.5;345;128;14.7;14.5;0.1;0.986;0;1;0;0;1;1;0;0;0;1;0;316;;174;128;0;84
285.37;1037;19;19;0;2.81;65;0;42;28;0;48;4;0.41;1.0;1.0;0;0;133;0;28;2.38;0.0;1.45;2.4;345;128;14.7;15.0;0.1;1.02;0;1;0;0;1;1;0;0;0;1;0;315;;173;128;0;84
285.58;948;18;18;0;2.72;64;0;42;28;0;48;4;0.39;1.0;1.0;0;0;133;0;28;2.25;0.0;1.41;2.1;345;128;14.7;14.2;0.09;0.966;0;1;0;0;1;1;0;0;0;1;0;314;;174;128;0;85
285.96;973;19;19;0;2.85;66;0;42;28;0;49;4;0.41;1.0;1.0;0;0;133;0;28;2.38;0.0;1.47;2.3;345;128;14.7;15.9;0.01;1.082;0;1;0;0;1;1;0;0;0;1;0;318;;172;128;0;84
286.38;999;20;20;0;2.87;64;0;42;28;0;49;4;0.41;1.0;1.0;0;0;133;0;28;2.5;0.0;1.47;2.4;345;128;14.7;14.7;0.01;1.0;0;1;0;0;1;1;0;0;0;1;0;320;;174;128;0;85
286.77;986;19;19;0;2.76;65;0;42;28;0;48;4;0.4;1.0;1.0;0;0;133;0;28;2.38;0.0;1.43;2.3;345;128;14.7;15.2;0.08;1.034;0;1;0;0;1;1;0;0;0;1;0;315;;173;128;0;84
287.17;999;20;20;0;2.85;64;0;42;28;0;49;4;0.41;1.0;1.0;0;0;133;0;28;2.5;0.0;1.46;2.4;345;128;14.7;15.4;0.02;1.048;0;1;0;0;1;1;0;0;0;1;0;321;;174;128;0;85
287.59;973;19;19;0;2.85;64;0;42;28;0;49;4;0.41;1.0;1.0;0;0;133;0;28;2.38;0.0;1.46;2.3;345;128;14.7;15.9;0.02;1.082;0;1;0;0;1;1;0;0;0;1;0;320;;174;127;0;85
287.98;986;19;19;0;2.77;64;0;42;28;0;49;4;0.41;1.0;1.0;0;0;133;0;28;2.38;0.0;1.43;2.3;345;128;14.7;15.4;0.1;1.048;0;1;0;0;1;1;0;0;0;1;0;317;;174;127;0;41
288.39;999;19;19;0;2.72;64;0;42;28;0;48;4;0.4;1.0;1.0;0;0;133;0;28;2.38;0.0;1.41;2.3;345;128;14.7;14.6;0.04;0.993;0;1;0;0;1;1;0;0;0;1;0;313;;174;127;0;84
288.77;1012;18;19;0;2.72;64;0;42;28;0;48;4;0.4;1.0;1.0;0;0;133;0;28;2.25;0.0;1.41;2.3;345;128;14.7;15.0;0.1;1.02;0;1;0;0;1;1;0;0;0;1;0;314;;174;127;0;84
289.18;1012;19;19;0;2.75;64;0;42;28;0;48;4;0.4;1.0;1.0;0;0;133;0;28;2.38;0.0;1.42;2.3;345;128;14.7;15.6;0.09;1.061;0;1;0;0;1;1;0;0;0;1;0;313;;174;127;0;84
289.59;999;19;19;0;2.77;64;0;42;28;0;48;4;0.4;1.0;1.0;0;0;133;0;28;2.38;0.0;1.43;2.3;345;128;14.7;15.1;0.03;1.027;0;1;0;0;1;1;0;0;0;1;0;315;;174;127;0;85
290.0;986;20;20;0;2.87;66;0;42;28;0;49;4;0.41;1.0;1.0;0;0;133;0;28;2.5;0.0;1.48;2.4;345;128;14.7;16.0;0.01;1.088;0;1;0;0;1;1;0;0;0;1;0;322;;171;127;0;85
290.39;973;20;20;0;2.93;65;0;42;28;0;50;4;0.41;1.0;1.0;0;0;133;0;28;2.5;0.0;1.5;2.4;345;128;14.7;16.3;0.04;1.109;0;1;0;0;1;1;0;0;0;1;0;326;;173;127;0;85
290.78;948;19;19;0;2.8;64;0;42;28;0;49;4;0.4;1.0;1.0;0;0;133;0;28;2.38;0.0;1.44;2.2;345;128;14.7;15.3;0.02;1.041;0;1;0;0;1;1;0;0;0;1;0;318;;174;127;0;85
291.19;1037;19;19;0;2.78;65;0;43;27;0;48;4;0.41;1.0;1.0;0;0;135;0;27;2.38;0.0;1.44;2.4;345;128;14.7;14.9;0.01;1.014;0;1;0;0;1;1;0;0;0;1;0;316;;173;126;0;85
291.59;973;19;19;0;2.8;64;0;43;27;0;48;4;0.4;1.0;1.0;0;0;135;0;27;2.38;0.0;1.44;2.3;345;128;14.7;16.5;0.04;1.122;0;1;0;0;1;1;0;0;0;1;0;315;;174;126;0;84
291.8;948;19;19;0;2.82;66;0;43;27;0;49;4;0.4;1.0;1.0;0;0;135;0;27;2.38;0.0;1.46;2.2;345;128;14.7;14.4;0.04;0.98;0;1;0;0;1;1;0;0;0;1;0;317;;171;126;0;85
292.18;948;18;18;0;2.73;65;0;43;27;0;48;4;0.39;1.0;1.0;0;0;135;0;27;2.25;0.0;1.42;2.2;345;128;14.7;14.4;0.11;0.98;0;1;0;0;1;1;0;0;0;1;0;315;;173;126;0;85
292.61;973;19;19;0;2.85;66;0;43;27;0;49;4;0.41;1.0;1.0;0;0;135;0;27;2.38;0.0;1.47;2.3;345;128;14.7;15.8;0.06;1.075;0;1;0;0;1;1;0;0;0;1;0;317;;171;126;0;85
293.0;948;18;18;0;2.73;65;0;43;27;0;48;4;0.39;1.0;1.0;0;0;135;0;27;2.25;0.0;1.42;2.2;345;128;14.7;14.7;0.04;1.0;0;1;0;0;1;1;0;0;0;1;0;316;;173;126;0;85
293.39;948;19;19;0;2.78;65;0;43;27;0;49;4;0.4;1.0;1.0;0;0;135;0;27;2.38;0.0;1.44;2.2;345;128;14.7;14.7;0.0;1.0;0;1;0;0;1;1;0;0;0;1;0;318;;173;126;0;148
293.8;986;19;20;0;2.85;64;0;43;27;0;49;4;0.41;1.0;1.0;0;0;135;0;27;2.38;0.0;1.46;2.3;345;128;14.7;16.1;0.04;1.095;0;1;0;0;1;1;0;0;0;1;0;319;;174;126;0;85
294.22;999;20;20;0;2.86;65;0;43;27;0;49;4;0.41;1.0;1.0;0;0;135;0;27;2.5;0.0;1.47;2.4;345;128;14.7;14.8;0.04;1.007;0;1;0;0;1;1;0;0;0;1;0;321;;173;126;0;85
294.62;948;19;19;0;2.82;64;0;43;27;0;49;4;0.4;1.0;1.0;0;0;135;0;27;2.38;0.0;1.45;2.2;345;128;14.7;15.3;0.03;1.041;0;1;0;0;1;1;0;0;0;1;0;318;;173;126;0;86
295.02;948;19;19;0;2.83;65;0;43;27;0;49;4;0.4;1.0;1.0;0;0;135;0;27;2.38;0.0;1.46;2.2;345;128;14.7;16.1;0.06;1.095;0;1;0;0;1;1;0;0;0;1;0;317;;173;126;0;85
295.41;935;19;19;0;2.78;65;0;43;27;0;49;4;0.4;1.0;1.0;0;0;135;0;27;2.38;0.0;1.44;2.2;345;128;14.7;15.7;0.03;1.068;0;1;0;0;1;1;0;0;0;1;0;319;;173;126;0;85
295.81;948;19;19;0;2.85;68;0;43;27;0;49;4;0.4;1.0;1.0;0;0;135;0;27;2.38;0.0;1.48;2.3;345;128;14.7;14.9;0.05;1.014;0;1;0;0;1;1;0;0;0;1;0;323;;169;126;0;85
296.21;935;19;19;0;2.85;64;0;43;27;0;50;4;0.41;1.0;1.0;0;0;135;0;27;2.38;0.0;1.46;2.2;345;128;14.7;15.4;0.01;1.048;0;1;0;0;1;1;0;0;0;1;0;324;;174;125;0;85
296.63;973;20;20;0;2.93;65;0;43;27;0;50;4;0.41;1.0;1.0;0;0;135;0;27;2.5;0.0;1.5;2.4;345;128;14.7;16.6;0.07;1.129;0;1;0;0;1;1;0;0;0;1;0;325;;173;125;0;81
297.02;1012;20;20;0;2.93;65;0;43;27;0;50;4;0.41;1.0;1.0;0;0;135;0;27;2.5;0.0;1.5;2.5;345;128;14.7;16.1;0.04;1.095;0;1;0;0;1;1;0;0;0;1;0;329;;173;125;0;85
297.42;973;20;20;0;2.93;65;0;43;27;0;50;4;0.41;1.0;1.0;0;0;135;0;27;2.5;0.0;1.5;2.4;345;128;14.7;14.9;0.07;1.014;0;1;0;0;1;1;0;0;0;1;0;326;;173;125;0;85
297.81;999;19;19;0;2.85;64;0;43;27;0;49;4;0.41;1.0;1.0;0;0;135;0;27;2.38;0.0;1.46;2.4;345;128;14.7;16.0;0.04;1.088;0;1;0;0;1;1;0;0;0;1;0;323;;174;125;0;85
298.02;1012;20;20;0;2.92;64;0;43;27;0;50;4;0.41;1.0;1.0;0;0;135;0;27;2.5;0.0;1.49;2.5;345;128;14.7;15.5;0.04;1.054;0;1;0;0;1;1;0;0;0;1;0;329;;174;125;0;41
298.43;999;20;20;0;2.86;65;0;43;27;0;49;4;0.41;1.0;1.0;0;0;135;0;27;2.5;0.0;1.47;2.4;345;128;14.7;15.7;0.07;1.068;0;1;0;0;1;1;0;0;0;1;0;321;;173;125;0;85
298.83;1037;21;21;0;2.96;65;0;43;27;0;50;4;0.42;1.0;1.0;0;0;135;0;27;2.62;0.0;1.51;2.6;345;128;14.7;16.4;0.04;1.116;0;1;0;0;1;1;0;0;0;1;0;325;;173;125;0;85
299.23;1012;19;19;0;2.82;64;0;43;27;0;49;4;0.41;1.0;1.0;0;0;135;0;27;2.38;0.0;1.45;2.4;345;128;14.7;15.8;0.08;1.075;0;1;0;0;1;1;0;0;0;1;0;320;;174;125;0;106
299.63;986;19;19;0;2.82;64;0;43;27;0;49;4;0.41;1.0;1.0;0;0;135;0;27;2.38;0.0;1.45;2.3;345;128;14.7;14.7;0.06;1.0;0;1;0;0;1;1;0;0;0;1;0;321;;174;125;0;85
300.02;986;20;20;0;2.85;64;0;43;27;0;50;4;0.41;1.0;1.0;0;0;135;0;27;2.5;0.0;1.46;2.3;345;128;14.7;15.3;0.08;1.041;0;1;0;0;1;1;0;0;0;1;0;324;;174;125;0;85
300.42;999;20;20;0;2.92;64;0;43;27;0;50;4;0.41;1.0;1.0;0;0;135;0;27;2.5;0.0;1.49;2.4;345;128;14.7;16.7;0.05;1.136;0;1;0;0;1;1;0;0;0;1;0;329;;174;125;0;85
300.83;999;20;20;0;2.85;64;0;43;27;0;49;4;0.41;1.0;1.0;0;0;135;0;27;2.5;0.0;1.46;2.4;345;128;14.7;15.3;0.05;1.041;0;1;0;0;1;1;0;0;0;1;0;321;;174;125;0;84
301.24;1012;20;20;0;2.85;64;0;43;27;0;49;4;0.41;1.0;1.0;0;0;135;0;27;2.5;0.0;1.46;2.4;345;128;14.7;15.0;0.09;1.02;0;1;0;0;1;1;0;0;0;1;0;322;;174;125;0;85
301.63;1050;20;20;0;2.95;64;0;44;26;0;49;4;0.42;1.0;1.0;0;0;136;0;26;2.5;0.0;1.5;2.6;345;128;14.7;15.8;0.05;1.075;0;1;0;0;1;1;0;0;0;1;0;320;;174;124;0;85
302.03;999;19;19;0;2.83;65;0;44;26;0;49;4;0.41;1.0;1.0;0;0;136;0;26;2.38;0.0;1.46;2.4;345;128;14.7;15.3;0.08;1.041;0;1;0;0;1;1;0;0;0;1;0;317;;173;124;0;85
302.43;1012;20;20;0;2.9;66;0;44;26;0;50;4;0.41;1.0;1.0;0;0;136;0;26;2.5;0.0;1.49;2.4;345;128;14.7;14.8;0.05;1.007;0;1;0;0;1;1;0;0;0;1;0;325;;172;124;0;85
302.84;999;19;19;0;2.83;65;0;44;26;0;49;4;0.41;1.0;1.0;0;0;136;0;26;2.38;0.0;1.46;2.4;345;128;14.7;15.0;0.09;1.02;0;1;0;0;1;1;0;0;0;1;0;317;;173;124;0;85
303.24;973;19;19;0;2.83;65;0;44;26;0;49;4;0.41;1.0;1.0;0;0;136;0;26;2.38;0.0;1.46;2.3;345;128;14.7;16.1;0.07;1.095;0;1;0;0;1;1;0;0;0;1;0;321;;173;124;0;85
303.64;986;20;20;0;2.9;64;0;44;26;0;50;4;0.41;1.0;1.0;0;0;136;0;26;2.5;0.0;1.48;2.4;345;128;14.7;15.4;0.06;1.048;0;1;0;0;1;1;0;0;0;1;0;324;;174;124;0;85
304.04;973;19;19;0;2.82;64;0;44;26;0;49;4;0.41;1.0;1.0;0;0;136;0;26;2.38;0.0;1.45;2.3;345;128;14.7;14.9;0.09;1.014;0;1;0;0;1;1;0;0;0;1;0;319;;174;124;0;41
304.25;935;19;19;0;2.77;64;0;44;26;0;49;4;0.4;1.0;1.0;0;0;136;0;26;2.38;0.0;1.43;2.2;345;128;14.7;15.6;0.08;1.061;0;1;0;0;1;1;0;0;0;1;0;323;;174;124;0;85
304.64;973;20;20;0;2.93;65;0;44;26;0;50;4;0.41;1.0;1.0;0;0;136;0;26;2.5;0.0;1.5;2.4;345;128;14.7;15.1;0.05;1.027;0;1;0;0;1;1;0;0;0;1;0;325;;173;124;0;85
305.05;999;20;20;0;2.92;64;0;44;26;0;50;4;0.41;1.0;1.0;0;0;136;0;26;2.5;0.0;1.49;2.4;345;128;14.7;15.8;0.1;1.075;0;1;0;0;1;1;0;0;0;1;0;326;;174;124;0;85
305.44;986;20;20;0;2.9;64;0;44;26;0;50;4;0.41;1.0;1.0;0;0;136;0;26;2.5;0.0;1.48;2.4;345;128;14.7;16.7;0.05;1.136;0;1;0;0;1;1;0;0;0;1;0;326;;174;124;0;85
305.86;973;19;19;0;2.85;64;0;44;26;0;49;4;0.41;1.0;1.0;0;0;136;0;26;2.38;0.0;1.46;2.3;345;128;14.7;15.3;0.1;1.041;0;1;0;0;1;1;0;0;0;1;0;320;;174;124;0;41
306.25;999;20;20;0;2.86;65;0;44;26;0;49;4;0.41;1.0;1.0;0;0;136;0;26;2.5;0.0;1.47;2.4;345;128;14.7;14.8;0.07;1.007;0;1;0;0;1;1;0;0;0;1;0;321;;173;124;0;85
306.64;973;21;21;0;2.97;66;0;44;26;0;50;4;0.41;1.0;1.0;0;0;136;0;26;2.62;0.0;1.52;2.4;345;128;14.7;15.9;0.1;1.082;0;1;0;0;1;1;0;0;0;1;0;328;;171;124;0;41
307.05;973;21;21;0;3.01;65;0;44;26;0;51;4;0.43;1.0;1.0;0;0;136;0;26;2.62;0.0;1.53;2.4;345;128;14.7;16.7;0.08;1.136;0;1;0;0;1;1;0;0;0;1;0;333;;173;123;0;86
307.45;948;21;21;0;2.96;65;0;44;26;0;51;4;0.42;1.0;1.0;0;0;136;0;26;2.62;0.0;1.51;2.3;345;128;14.7;15.7;0.06;1.068;0;1;0;0;1;1;0;0;0;1;0;333;;173;123;0;41
307.87;986;21;21;0;3.01;65;0;44;26;0;51;4;0.43;1.0;1.0;0;0;136;0;26;2.62;0.0;1.53;2.5;345;128;14.7;17.0;0.01;1.156;0;1;0;0;1;1;0;0;0;1;0;332;;173;123;0;86
308.27;986;20;20;0;2.87;66;0;44;26;0;49;4;0.41;1.0;1.0;0;0;136;0;26;2.5;0.0;1.48;2.4;345;128;14.7;16.5;0.09;1.122;0;1;0;0;1;1;0;0;0;1;0;323;;172;123;0;85
308.66;832;21;21;0;3.05;68;0;44;26;0;52;4;0.42;1.0;1.0;0;0;136;0;26;2.62;0.0;1.56;2.1;345;128;14.7;15.3;0.0;1.041;0;1;0;0;1;1;0;0;0;1;0;342;;169;123;0;86
309.07;832;25;25;0;3.42;66;0;44;26;0;57;4;0.45;1.0;1.0;0;0;136;0;26;3.12;0.0;1.7;2.4;345;128;14.47;16.5;0.1;1.14;0;1;0;0;1;1;0;0;0;1;0;379;;171;123;0;91
309.46;922;26;26;0;3.65;68;0;44;26;0;57;5;0.46;1.0;1.0;0;0;136;0;26;3.25;0.0;1.8;2.8;345;128;14.47;16.8;0.01;1.161;0;1;0;0;1;1;0;0;0;1;0;379;;169;123;0;90
309.87;1012;23;23;0;3.2;66;0;44;26;0;52;5;0.45;1.0;1.0;0;0;136;0;26;2.88;0.0;1.61;2.7;345;128;14.47;14.8;0.02;1.023;0;1;0;0;1;1;0;0;0;1;0;340;;172;123;0;86
310.26;999;23;23;0;3.22;66;0;44;26;0;52;5;0.45;1.0;1.0;0;0;136;0;26;2.88;0.0;1.62;2.7;345;128;14.47;15.0;0.09;1.037;0;1;0;0;1;1;0;0;0;1;0;343;;171;123;0;86
310.46;999;23;23;0;3.2;66;0;44;26;0;52;5;0.45;1.0;1.0;0;0;136;0;26;2.88;0.0;1.61;2.7;345;128;14.47;16.1;0.09;1.113;0;1;0;0;1;1;0;0;0;1;0;339;;171;123;0;86
310.86;999;23;23;0;3.22;66;0;44;26;0;52;5;0.45;1.0;1.0;0;0;136;0;26;2.88;0.0;1.62;2.7;345;128;14.47;15.2;0.07;1.05;0;1;0;0;1;1;0;0;0;1;0;341;;171;123;0;41
311.28;999;23;23;0;3.15;66;0;44;26;0;52;5;0.45;1.0;1.0;0;0;138;0;26;2.88;0.0;1.59;2.6;345;128;14.47;16.2;0.03;1.12;0;1;0;0;1;1;0;0;0;1;0;342;;172;123;0;86
311.68;999;22;22;0;3.07;66;0;44;26;0;51;5;0.43;1.0;1.0;0;0;138;0;26;2.75;0.0;1.56;2.6;345;128;14.7;16.2;0.01;1.102;0;1;0;0;1;1;0;0;0;1;0;337;;171;122;0;86
312.07;986;23;23;0;3.18;67;0;44;26;0;52;5;0.45;1.0;1.0;0;0;138;0;26;2.88;0.0;1.61;2.6;345;128;14.47;16.2;0.08;1.12;0;1;0;0;1;1;0;0;0;1;0;345;;170;122;0;87
312.49;935;23;23;0;3.21;67;0;44;26;0;53;4;0.44;1.0;1.0;0;0;138;0;26;2.88;0.0;1.62;2.5;345;128;14.47;16.0;0.04;1.106;0;1;0;0;1;1;0;0;0;1;0;351;;170;122;0;89
312.89;973;23;23;0;3.22;66;0;44;26;0;53;5;0.45;1.0;1.0;0;0;138;0;26;2.88;0.0;1.62;2.6;345;128;14.47;16.9;0.02;1.168;0;1;0;0;1;1;0;0;0;1;0;348;;171;122;0;89
313.28;948;22;22;0;3.16;67;0;44;26;0;52;4;0.44;1.0;1.0;0;0;138;0;26;2.75;0.0;1.6;2.5;345;128;14.7;17.1;0.09;1.163;0;1;0;0;1;1;0;0;0;1;0;346;;170;122;0;88
313.69;948;22;22;0;3.12;66;0;44;26;0;52;4;0.44;1.0;1.0;0;0;138;0;26;2.75;0.0;1.58;2.5;345;128;14.7;15.3;0.04;1.041;0;1;0;0;1;1;0;0;0;1;0;345;;171;122;0;89
314.09;935;22;22;0;3.13;67;0;44;26;0;52;4;0.44;1.0;1.0;0;0;138;0;26;2.75;0.0;1.59;2.4;345;128;14.7;16.6;0.02;1.129;0;1;0;0;1;1;0;0;0;1;0;344;;170;122;0;86
314.49;948;22;22;0;3.15;66;0;44;26;0;52;4;0.44;1.0;1.0;0;0;138;0;26;2.75;0.0;1.59;2.5;345;128;14.7;16.1;0.11;1.095;0;1;0;0;1;1;0;0;0;1;0;342;;171;122;0;86
314.89;935;22;22;0;3.12;66;0;44;26;0;52;4;0.44;1.0;1.0;0;0;138;0;26;2.75;0.0;1.58;2.4;345;128;14.7;15.4;0.03;1.048;0;1;0;0;1;1;0;0;0;1;0;342;;171;122;0;89
315.3;922;22;22;0;3.15;66;0;44;26;0;52;4;0.44;1.0;1.0;0;0;138;0;26;2.75;0.0;1.59;2.4;345;128;14.7;15.5;0.02;1.054;0;1;0;0;1;1;0;0;0;1;0;346;;169;121;0;41
315.7;922;23;23;0;3.26;69;0;44;26;0;53;4;0.44;1.0;1.0;0;0;138;0;26;2.88;0.0;1.65;2.5;345;128;14.47;16.8;0.05;1.161;0;1;0;0;1;1;0;0;0;1;0;350;;167;121;0;83
316.08;935;23;23;0;3.22;66;0;44;26;0;53;5;0.44;1.0;1.0;0;0;138;0;26;2.88;0.0;1.62;2.5;345;128;14.47;15.6;0.01;1.078;0;1;0;0;1;1;0;0;0;1;0;351;;171;121;0;88
316.5;948;23;23;0;3.18;67;0;44;26;0;53;4;0.44;1.0;1.0;0;0;138;0;26;2.88;0.0;1.61;2.5;345;128;14.47;14.8;0.01;1.023;0;1;0;0;1;1;0;0;0;1;0;347;;170;121;0;86
316.69;973;23;23;0;3.2;66;0;44;26;0;52;5;0.45;1.0;1.0;0;0;138;0;26;2.88;0.0;1.61;2.6;345;128;14.47;16.2;0.04;1.12;0;1;0;0;1;1;0;0;0;1;0;345;;171;121;0;86
317.11;948;22;22;0;3.15;66;0;44;26;0;52;4;0.44;1.0;1.0;0;0;138;0;26;2.75;0.0;1.59;2.5;345;128;14.7;15.1;0.04;1.027;0;1;0;0;1;1;0;0;0;1;0;343;;171;121;0;86
317.5;935;22;22;0;3.12;66;0;44;26;0;52;4;0.44;1.0;1.0;0;0;138;0;26;2.75;0.0;1.58;2.4;345;128;14.7;15.5;0.01;1.054;0;1;0;0;1;1;0;0;0;1;0;343;;170;121;0;41
317.92;922;22;22;0;3.15;66;0;44;26;0;53;4;0.44;1.0;1.0;0;0;138;0;26;2.75;0.0;1.59;2.4;345;128;14.7;16.9;0.07;1.15;0;1;0;0;1;1;0;0;0;1;0;347;;171;121;0;88
318.3;896;23;23;0;3.15;66;0;44;26;0;53;4;0.43;1.0;1.0;0;0;138;0;26;2.88;0.0;1.59;2.4;345;128;14.47;15.7;0.03;1.085;0;1;0;0;1;1;0;0;0;1;0;352;;171;121;0;89
318.71;935;23;23;0;3.15;66;0;44;26;0;53;4;0.44;1.0;1.0;0;0;138;0;26;2.88;0.0;1.59;2.5;345;128;14.47;15.1;0.01;1.044;0;1;0;0;1;1;0;0;0;1;0;351;;171;121;0;89
319.1;935;23;23;0;3.15;66;0;44;26;0;53;4;0.44;1.0;1.0;0;0;138;0;26;2.88;0.0;1.59;2.5;345;128;14.47;16.8;0.04;1.161;0;1;0;0;1;1;0;0;0;1;0;349;;171;121;0;41
319.52;922;22;22;0;3.12;66;0;44;26;0;52;4;0.44;1.0;1.0;0;0;138;0;26;2.75;0.0;1.58;2.4;345;128;14.7;16.2;0.04;1.102;0;1;0;0;1;1;0;0;0;1;0;345;;171;121;0;88
319.92;935;22;22;0;3.13;67;0;44;26;0;52;4;0.44;1.0;1.0;0;0;138;0;26;2.75;0.0;1.59;2.4;345;128;14.7;15.0;0.07;1.02;0;1;0;0;1;1;0;0;0;1;0;344;;170;121;0;82
320.32;935;22;22;0;3.12;66;0;45;25;0;52;4;0.44;1.0;1.0;0;0;139;0;25;2.75;0.0;1.58;2.4;345;128;14.7;15.6;0.04;1.061;0;1;0;0;1;1;0;0;0;1;0;344;;171;120;0;86
320.71;896;23;23;0;3.23;69;0;45;25;0;53;4;0.43;1.0;1.0;0;0;139;0;25;2.88;0.0;1.64;2.4;345;128;14.47;17.1;0.02;1.182;0;1;0;0;1;1;0;0;0;1;0;353;;168;120;0;89
321.13;896;23;23;0;3.26;69;0;45;25;0;54;4;0.44;1.0;1.0;0;0;139;0;25;2.88;0.0;1.65;2.4;345;128;14.47;16.1;0.08;1.113;0;1;0;0;1;1;0;0;0;1;0;357;;167;120;0;88
321.52;922;24;24;0;3.37;68;0;45;25;0;55;5;0.45;1.0;1.0;0;0;139;0;25;3.0;0.0;1.69;2.6;345;128;14.47;15.7;0.05;1.085;0;1;0;0;1;1;0;0;0;1;0;363;;169;120;0;89
321.91;948;24;24;0;3.31;67;0;45;25;0;54;5;0.45;1.0;1.0;0;0;139;0;25;3.0;0.0;1.66;2.6;345;128;14.47;16.3;0.02;1.126;0;1;0;0;1;1;0;0;0;1;0;354;;170;120;0;89
322.33;948;23;23;0;3.18;67;0;45;25;0;53;4;0.44;1.0;1.0;0;0;139;0;25;2.88;0.0;1.61;2.5;345;128;14.47;16.4;0.07;1.133;0;1;0;0;1;1;0;0;0;1;0;348;;170;120;0;89
322.74;935;23;23;0;3.18;67;0;45;25;0;53;4;0.44;1.0;1.0;0;0;139;0;25;2.88;0.0;1.61;2.5;345;128;14.47;15.4;0.05;1.064;0;1;0;0;1;1;0;0;0;1;0;350;;170;120;0;88
322.93;922;24;24;0;3.31;67;0;45;25;0;54;5;0.45;1.0;1.0;0;0;139;0;25;3.0;0.0;1.66;2.5;345;128;14.47;17.5;0.08;1.209;0;1;0;0;1;1;0;0;0;1;0;357;;170;120;0;89
323.33;935;24;24;0;3.3;68;0;45;25;0;54;5;0.45;1.0;1.0;0;0;139;0;25;3.0;0.0;1.66;2.6;345;128;14.47;15.9;0.06;1.099;0;1;0;0;1;1;0;0;0;1;0;357;;169;120;0;89
323.75;973;23;23;0;3.26;67;0;45;25;0;53;5;0.45;1.0;1.0;0;0;139;0;25;2.88;0.0;1.64;2.6;345;128;14.47;15.5;0.06;1.071;0;1;0;0;1;1;0;0;0;1;0;353;;170;120;0;89
324.15;948;23;23;0;3.23;67;0;45;25;0;53;5;0.44;1.0;1.0;0;0;139;0;25;2.88;0.0;1.63;2.6;345;128;14.47;16.6;0.08;1.147;0;1;0;0;1;1;0;0;0;1;0;352;;170;120;0;89
324.53;948;23;23;0;3.23;67;0;45;25;0;53;4;0.44;1.0;1.0;0;0;139;0;25;2.88;0.0;1.63;2.6;345;128;14.47;16.4;0.04;1.133;0;1;0;0;1;1;0;0;0;1;0;353;;170;120;0;89
324.93;973;23;23;0;3.23;67;0;45;25;0;53;5;0.45;1.0;1.0;0;0;139;0;25;2.88;0.0;1.63;2.6;345;128;14.47;15.1;0.08;1.044;0;1;0;0;1;1;0;0;0;1;0;350;;170;120;0;88
325.33;973;23;23;0;3.23;67;0;45;25;0;53;5;0.45;1.0;1.0;0;0;139;0;25;2.88;0.0;1.63;2.6;345;128;14.47;15.5;0.05;1.071;0;1;0;0;1;1;0;0;0;1;0;349;;170;120;0;88
325.75;986;23;23;0;3.21;67;0;45;25;0;53;5;0.45;1.0;1.0;0;0;139;0;25;2.88;0.0;1.62;2.6;345;128;14.47;16.4;0.0;1.133;0;1;0;0;1;1;0;0;0;1;0;347;;170;120;0;88
326.14;948;23;23;0;3.23;67;0;45;25;0;53;4;0.44;1.0;1.0;0;0;139;0;25;2.88;0.0;1.63;2.6;345;128;14.47;16.2;0.08;1.12;0;1;0;0;1;1;0;0;0;1;0;351;;170;120;0;88
326.54;948;23;23;0;3.22;68;0;45;25;0;53;4;0.44;1.0;1.0;0;0;139;0;25;2.88;0.0;1.63;2.5;345;128;14.47;15.0;0.05;1.037;0;1;0;0;1;1;0;0;0;1;0;352;;169;120;0;89
326.94;973;23;23;0;3.21;67;0;45;25;0;53;5;0.45;1.0;1.0;0;0;139;0;25;2.88;0.0;1.62;2.6;345;128;14.47;16.3;0.08;1.126;0;1;0;0;1;1;0;0;0;1;0;350;;170;119;0;89
327.35;948;23;23;0;3.21;67;0;45;25;0;53;4;0.44;1.0;1.0;0;0;139;0;25;2.88;0.0;1.62;2.5;345;128;14.47;17.0;0.08;1.175;0;1;0;0;1;1;0;0;0;1;0;350;;170;119;0;87
327.75;948;23;23;0;3.21;67;0;45;25;0;53;5;0.44;1.0;1.0;0;0;139;0;25;2.88;0.0;1.62;2.5;345;128;14.47;15.8;0.0;1.092;0;1;0;0;1;1;0;0;0;1;0;349;;170;119;0;88
328.16;922;23;23;0;3.21;67;0;45;25;0;53;4;0.44;1.0;1.0;0;0;139;0;25;2.88;0.0;1.62;2.5;345;128;14.47;15.3;0.09;1.057;0;1;0;0;1;1;0;0;0;1;0;353;;169;119;0;82
328.55;922;23;23;0;3.25;66;0;45;25;0;54;5;0.45;1.0;1.0;0;0;139;0;25;2.88;0.0;1.63;2.5;345;128;14.47;16.3;0.07;1.126;0;1;0;0;1;1;0;0;0;1;0;354;;171;119;0;89
328.97;935;23;23;0;3.26;67;0;45;25;0;53;5;0.44;1.0;1.0;0;0;139;0;25;2.88;0.0;1.64;2.5;345;128;14.47;15.5;0.01;1.071;0;1;0;0;1;1;0;0;0;1;0;353;;170;119;0;89
329.16;948;23;23;0;3.21;67;0;45;25;0;53;5;0.44;1.0;1.0;0;0;139;0;25;2.88;0.0;1.62;2.5;345;128;14.47;15.9;0.09;1.099;0;1;0;0;1;1;0;0;0;1;0;351;;170;119;0;88
329.56;935;23;23;0;3.16;67;0;45;25;0;53;4;0.44;1.0;1.0;0;0;139;0;25;2.88;0.0;1.6;2.5;345;128;14.47;16.6;0.06;1.147;0;1;0;0;1;1;0;0;0;1;0;349;;170;119;0;89
329.96;948;22;22;0;3.12;66;0;45;25;0;52;4;0.44;1.0;1.0;0;0;139;0;25;2.75;0.0;1.58;2.5;345;128;14.7;15.5;0.1;1.054;0;1;0;0;1;1;0;0;0;1;0;343;;172;119;0;88
330.37;1063;23;23;0;3.13;65;0;45;25;0;51;5;0.45;1.0;1.0;0;0;139;0;25;2.88;0.0;1.58;2.8;345;128;14.7;15.2;0.09;1.034;0;1;0;0;1;1;0;0;0;1;0;337;;173;119;0;86
330.77;1178;21;21;0;2.98;65;0;44;26;0;49;5;0.44;1.0;1.0;0;0;139;0;26;2.62;0.0;1.52;2.9;345;128;14.7;14.4;0.02;0.98;0;1;0;0;1;1;0;0;0;1;0;320;;173;119;0;85
331.17;1204;20;20;0;2.9;66;0;44;26;0;48;5;0.43;1.0;1.0;0;0;139;0;26;2.5;0.0;1.49;2.9;345;128;14.7;15.0;0.1;1.02;0;1;0;0;1;1;0;0;0;1;0;313;;171;119;6;84
331.57;1165;19;19;0;2.75;66;0;45;25;0;47;4;0.41;1.0;1.0;0;0;141;0;25;2.38;0.0;1.43;2.7;345;128;14.7;13.5;0.09;0.918;0;1;0;0;1;1;0;0;0;1;0;308;;171;118;21;84
331.97;1050;19;19;0;2.81;67;0;45;25;0;48;4;0.41;1.0;1.0;0;0;141;0;25;2.38;0.0;1.46;2.5;345;128;14.7;14.4;0.01;0.98;0;1;0;0;1;1;0;0;0;1;0;309;;172;118;24;41
332.38;1012;19;19;0;2.77;66;0;45;25;0;48;4;0.4;1.0;1.0;0;0;141;0;25;2.38;0.0;1.44;2.3;345;128;14.7;13.7;0.0;0.932;0;1;0;0;1;1;0;0;0;1;0;314;;172;118;24;84
332.77;986;18;18;0;2.72;66;0;45;25;0;48;4;0.4;1.0;1.0;0;0;141;0;25;2.25;0.0;1.42;2.2;345;128;14.7;15.1;0.02;1.027;0;1;0;0;1;1;0;0;0;1;0;310;;173;118;23;105
333.18;999;19;19;0;2.75;66;0;45;25;0;48;4;0.4;1.0;1.0;0;0;141;0;25;2.38;0.0;1.43;2.3;345;128;14.7;14.6;0.01;0.993;0;1;0;0;1;1;0;0;0;1;0;316;;171;118;21;85
333.58;948;19;19;0;2.8;66;0;45;25;0;49;4;0.4;1.0;1.0;0;0;141;0;25;2.38;0.0;1.45;2.2;345;128;14.7;14.5;0.1;0.986;0;1;0;0;1;1;0;0;0;1;0;319;;172;118;13;44
333.97;922;19;19;0;2.76;65;0;45;25;0;49;4;0.4;1.0;1.0;0;0;141;0;25;2.38;0.0;1.43;2.1;345;128;14.7;14.9;0.02;1.014;0;1;0;0;1;1;0;0;0;1;0;322;;173;118;9;85
334.38;922;19;19;0;2.77;64;0;45;25;0;49;4;0.4;1.0;1.0;0;0;141;0;25;2.38;0.0;1.43;2.1;345;128;14.7;14.5;0.01;0.986;0;1;0;0;1;1;0;0;0;1;0;322;;174;118;5;85
334.77;948;19;19;0;2.77;64;0;45;25;0;49;4;0.4;1.0;1.0;0;0;141;0;25;2.38;0.0;1.43;2.2;345;128;14.7;14.8;0.08;1.007;0;1;0;0;1;1;0;0;0;1;0;319;;175;118;2;85
334.99;922;19;19;0;2.75;64;0;45;25;0;49;4;0.4;1.0;1.0;0;0;141;0;25;2.38;0.0;1.42;2.1;345;128;14.7;14.6;0.04;0.993;0;1;0;0;1;1;0;0;0;1;0;319;;175;117;1;85
335.39;896;20;20;0;2.82;64;0;45;25;0;50;4;0.4;1.0;1.0;0;0;141;0;25;2.5;0.0;1.45;2.1;345;128;14.7;15.4;0.02;1.048;0;1;0;0;1;1;0;0;0;1;0;327;;175;117;0;85
335.79;948;19;19;0;2.77;64;0;45;25;0;49;4;0.4;1.0;1.0;0;0;141;0;25;2.38;0.0;1.43;2.2;345;128;14.7;15.7;0.09;1.068;0;1;0;0;1;1;0;0;0;1;0;323;;174;117;0;84
336.19;948;19;19;0;2.77;64;0;45;25;0;49;4;0.4;1.0;1.0;0;0;141;0;25;2.38;0.0;1.43;2.2;345;128;14.7;14.8;0.02;1.007;0;1;0;0;1;1;0;0;0;1;0;322;;174;117;0;85
336.6;935;19;19;0;2.72;64;0;45;25;0;49;4;0.4;1.0;1.0;0;0;141;0;25;2.38;0.0;1.41;2.1;345;128;14.7;14.9;0.01;1.014;0;1;0;0;1;1;0;0;0;1;0;319;;175;117;0;85
337.01;935;19;19;0;2.72;64;0;45;25;0;49;4;0.4;1.0;1.0;0;0;141;0;25;2.38;0.0;1.41;2.1;345;128;14.7;15.8;0.05;1.075;0;1;0;0;1;1;0;0;0;1;0;319;;174;117;0;85
337.4;935;19;19;0;2.77;64;0;45;25;0;49;4;0.4;1.0;1.0;0;0;141;0;25;2.38;0.0;1.43;2.2;345;128;14.7;14.6;0.01;0.993;0;1;0;0;1;1;0;0;0;1;0;319;;174;117;0;85
337.79;935;20;20;0;2.86;65;0;45;25;0;50;4;0.41;1.0;1.0;0;0;141;0;25;2.5;0.0;1.47;2.2;345;128;14.7;14.4;0.04;0.98;0;1;0;0;1;1;0;0;0;1;0;325;;173;117;0;85
338.2;948;20;20;0;2.82;64;0;45;25;0;50;4;0.41;1.0;1.0;0;0;141;0;25;2.5;0.0;1.45;2.2;345;128;14.7;15.4;0.02;1.048;0;1;0;0;1;1;0;0;0;1;0;324;;174;117;0;85
338.59;922;19;19;0;2.81;65;0;45;25;0;49;4;0.4;1.0;1.0;0;0;141;0;25;2.38;0.0;1.45;2.2;345;128;14.7;15.7;0.04;1.068;0;1;0;0;1;1;0;0;0;1;0;322;;173;117;0;85
338.99;896;20;20;0;2.83;65;0;45;25;0;50;4;0.4;1.0;1.0;0;0;141;0;25;2.5;0.0;1.46;2.1;345;128;14.7;14.8;0.02;1.007;0;1;0;0;1;1;0;0;0;1;0;325;;173;117;0;85
339.41;935;19;19;0;2.81;65;0;45;25;0;49;4;0.4;1.0;1.0;0;0;141;0;25;2.38;0.0;1.45;2.2;345;128;14.7;15.7;0.01;1.068;0;1;0;0;1;1;0;0;0;1;0;322;;173;117;0;78
339.81;922;20;20;0;2.88;65;0;45;25;0;50;4;0.41;1.0;1.0;0;0;141;0;25;2.5;0.0;1.48;2.2;345;128;14.7;16.0;0.05;1.088;0;1;0;0;1;1;0;0;0;1;0;324;;173;117;0;76
340.19;935;20;20;0;2.86;65;0;45;25;0;50;4;0.41;1.0;1.0;0;0;141;0;25;2.5;0.0;1.47;2.2;345;128;14.7;15.4;0.02;1.048;0;1;0;0;1;1;0;0;0;1;0;326;;173;117;0;85
340.6;896;20;20;0;2.86;65;0;46;24;0;50;4;0.4;1.0;1.0;0;0;143;0;24;2.5;0.0;1.47;2.1;345;128;14.7;15.1;0.01;1.027;0;1;0;0;1;1;0;0;0;1;0;327;;173;116;0;85
341.01;935;20;20;0;2.87;64;0;46;24;0;50;4;0.41;1.0;1.0;0;0;143;0;24;2.5;0.0;1.47;2.2;345;128;14.7;15.4;0.05;1.048;0;1;0;0;1;1;0;0;0;1;0;331;;174;116;0;85
341.4;973;21;21;0;2.92;64;0;46;24;0;50;4;0.41;1.0;1.0;0;0;143;0;24;2.62;0.0;1.49;2.4;345;128;14.7;15.5;0.01;1.054;0;1;0;0;1;1;0;0;0;1;0;326;;174;116;0;85
341.6;973;19;19;0;2.81;65;0;46;24;0;49;4;0.41;1.0;1.0;0;0;143;0;24;2.38;0.0;1.45;2.3;345;128;14.7;15.7;0.01;1.068;0;1;0;0;1;1;0;0;0;1;0;320;;173;116;0;40
342.02;922;19;19;0;2.8;66;0;46;24;0;49;4;0.4;1.0;1.0;0;0;143;0;24;2.38;0.0;1.45;2.2;345;128;14.7;15.8;0.07;1.075;0;1;0;0;1;1;0;0;0;1;0;319;;172;116;0;41
342.41;896;19;19;0;2.75;64;0;46;24;0;49;3;0.39;1.0;1.0;0;0;143;0;24;2.38;0.0;1.42;2.1;345;128;14.7;15.6;0.05;1.061;0;1;0;0;1;1;0;0;0;1;0;323;;173;116;0;85
342.8;871;19;19;0;2.78;65;0;46;24;0;50;3;0.4;1.0;1.0;0;0;143;0;24;2.38;0.0;1.44;2.0;345;128;14.7;15.1;0.03;1.027;0;1;0;0;1;1;0;0;0;1;0;325;;173;116;0;85
343.22;884;21;21;0;2.92;64;0;46;24;0;51;4;0.41;1.0;1.0;0;0;143;0;24;2.62;0.0;1.49;2.2;345;128;14.7;16.0;0.02;1.088;0;1;0;0;1;1;0;0;0;1;0;336;;174;116;0;86
343.6;884;19;19;0;2.75;64;0;46;24;0;50;3;0.4;1.0;1.0;0;0;143;0;24;2.38;0.0;1.42;2.0;345;128;14.7;16.8;0.04;1.143;0;1;0;0;1;1;0;0;0;1;0;325;;174;116;0;85
344.01;896;20;20;0;2.82;64;0;46;24;0;50;4;0.4;1.0;1.0;0;0;143;0;24;2.5;0.0;1.45;2.1;345;128;14.7;14.8;0.03;1.007;0;1;0;0;1;1;0;0;0;1;0;328;;174;116;0;41
344.43;922;20;20;0;2.85;64;0;46;24;0;50;4;0.41;1.0;1.0;0;0;143;0;24;2.5;0.0;1.46;2.2;345;128;14.7;15.1;0.08;1.027;0;1;0;0;1;1;0;0;0;1;0;324;;174;115;0;85
344.83;896;20;20;0;2.87;66;0;46;24;0;50;4;0.4;1.0;1.0;0;0;143;0;24;2.5;0.0;1.48;2.1;345;128;14.7;15.7;0.07;1.068;0;1;0;0;1;1;0;0;0;1;0;330;;171;115;0;86
345.21;884;19;19;0;2.81;65;0;46;24;0;50;3;0.4;1.0;1.0;0;0;143;0;24;2.38;0.0;1.45;2.1;345;128;14.7;15.3;0.03;1.041;0;1;0;0;1;1;0;0;0;1;0;326;;173;115;0;85
345.62;922;20;20;0;2.87;64;0;46;24;0;50;4;0.41;1.0;1.0;0;0;143;0;24;2.5;0.0;1.47;2.2;345;128;14.7;15.1;0.07;1.027;0;1;0;0;1;1;0;0;0;1;0;330;;174;115;0;85
346.01;845;19;19;0;2.75;64;0;46;24;0;50;3;0.39;1.0;1.0;0;0;143;0;24;2.38;0.0;1.42;1.9;345;128;14.7;15.9;0.04;1.082;0;1;0;0;1;1;0;0;0;1;0;328;;174;115;0;85
346.42;884;19;19;0;2.8;64;0;46;24;0;50;3;0.4;1.0;1.0;0;0;143;0;24;2.38;0.0;1.44;2.1;345;128;14.7;16.3;0.03;1.109;0;1;0;0;1;1;0;0;0;1;0;327;;174;115;0;85
346.84;896;20;20;0;2.91;65;0;46;24;0;51;4;0.41;1.0;1.0;0;0;143;0;24;2.5;0.0;1.49;2.2;345;128;14.7;15.2;0.07;1.034;0;1;0;0;1;1;0;0;0;1;0;332;;173;115;0;86
347.23;884;19;19;0;2.77;64;0;46;24;0;50;3;0.4;1.0;1.0;0;0;143;0;24;2.38;0.0;1.43;2.0;345;128;14.7;15.6;0.05;1.061;0;1;0;0;1;1;0;0;0;1;0;326;;174;115;0;85
347.62;935;20;20;0;2.85;64;0;46;24;0;50;4;0.41;1.0;1.0;0;0;143;0;24;2.5;0.0;1.46;2.2;345;128;14.7;16.8;0.06;1.143;0;1;0;0;1;1;0;0;0;1;0;328;;173;115;0;41
347.83;871;19;19;0;2.76;65;0;46;24;0;49;3;0.39;1.0;1.0;0;0;143;0;24;2.38;0.0;1.43;2.0;345;128;14.7;14.5;0.05;0.986;0;1;0;0;1;1;0;0;0;1;0;323;;173;115;0;85
348.23;922;20;20;0;2.88;65;0;46;24;0;50;4;0.41;1.0;1.0;0;0;143;0;24;2.5;0.0;1.48;2.2;345;128;14.7;15.7;0.08;1.068;0;1;0;0;1;1;0;0;0;1;0;329;;173;115;0;85
348.64;884;19;19;0;2.77;64;0;46;24;0;50;3;0.4;1.0;1.0;0;0;143;0;24;2.38;0.0;1.43;2.0;345;128;14.7;15.6;0.06;1.061;0;1;0;0;1;1;0;0;0;1;0;325;;174;115;0;85
349.02;896;20;20;0;2.82;64;0;46;24;0;50;4;0.4;1.0;1.0;0;0;143;0;24;2.5;0.0;1.45;2.1;345;128;14.7;15.0;0.08;1.02;0;1;0;0;1;1;0;0;0;1;0;329;;174;115;0;86
349.44;871;19;19;0;2.81;65;0;46;24;0;50;3;0.4;1.0;1.0;0;0;143;0;24;2.38;0.0;1.45;2.0;345;128;14.7;15.3;0.07;1.041;0;1;0;0;1;1;0;0;0;1;0;328;;173;115;0;85
349.83;922;20;20;0;2.86;65;0;46;24;0;50;4;0.41;1.0;1.0;0;0;143;0;24;2.5;0.0;1.47;2.2;345;128;14.7;16.7;0.05;1.136;0;1;0;0;1;1;0;0;0;1;0;327;;173;115;0;85
350.24;896;19;19;0;2.78;65;0;46;24;0;49;4;0.39;1.0;1.0;0;0;143;0;24;2.38;0.0;1.44;2.1;345;128;14.7;15.4;0.09;1.048;0;1;0;0;1;1;0;0;0;1;0;323;;174;115;0;103
350.63;884;19;19;0;2.8;64;0;46;24;0;50;3;0.4;1.0;1.0;0;0;143;0;24;2.38;0.0;1.44;2.1;345;128;14.7;14.7;0.07;1.0;0;1;0;0;1;1;0;0;0;1;0;327;;173;115;0;87
351.03;845;20;20;0;2.87;64;0;47;23;0;51;4;0.41;1.0;1.0;0;0;144;0;23;2.5;0.0;1.47;2.0;345;128;14.7;15.8;0.05;1.075;0;1;0;0;1;1;0;0;0;1;0;333;;174;114;0;86
351.44;871;19;19;0;2.81;65;0;47;23;0;50;3;0.4;1.0;1.0;0;0;144;0;23;2.38;0.0;1.45;2.0;345;128;14.7;16.7;0.08;1.136;0;1;0;0;1;1;0;0;0;1;0;328;;173;114;0;86
351.84;871;20;20;0;2.82;64;0;47;23;0;50;4;0.4;1.0;1.0;0;0;144;0;23;2.5;0.0;1.45;2.0;345;128;14.7;15.0;0.06;1.02;0;1;0;0;1;1;0;0;0;1;0;331;;174;114;0;41
352.24;896;19;19;0;2.82;66;0;47;23;0;50;4;0.4;1.0;1.0;0;0;144;0;23;2.38;0.0;1.46;2.1;345;128;14.7;15.5;0.04;1.054;0;1;0;0;1;1;0;0;0;1;0;325;;171;114;0;85
352.65;884;20;20;0;2.82;64;0;47;23;0;50;4;0.4;1.0;1.0;0;0;144;0;23;2.5;0.0;1.45;2.1;345;128;14.7;15.5;0.07;1.054;0;1;0;0;1;1;0;0;0;1;0;329;;174;114;0;85
353.06;884;19;19;0;2.8;64;0;47;23;0;50;3;0.4;1.0;1.0;0;0;144;0;23;2.38;0.0;1.44;2.1;345;128;14.7;14.5;0.01;0.986;0;1;0;0;1;1;0;0;0;1;0;326;;174;114;0;85
353.46;832;19;19;0;2.73;67;0;47;23;0;50;3;0.39;1.0;1.0;0;0;144;0;23;2.38;0.0;1.43;1.9;345;128;14.7;14.8;0.1;1.007;0;1;0;0;1;1;0;0;0;1;0;328;;170;114;0;85
353.86;896;20;20;0;2.88;65;0;47;23;0;51;4;0.41;1.0;1.0;0;0;144;0;23;2.5;0.0;1.48;2.2;345;128;14.7;15.4;0.07;1.048;0;1;0;0;1;1;0;0;0;1;0;332;;173;114;0;102
354.06;896;20;20;0;2.8;64;0;47;23;0;50;4;0.4;1.0;1.0;0;0;144;0;23;2.5;0.0;1.44;2.1;345;128;14.7;14.9;0.0;1.014;0;1;0;0;1;1;0;0;0;1;0;328;;174;114;0;85
354.47;922;19;19;0;2.77;64;0;47;23;0;49;4;0.4;1.0;1.0;0;0;144;0;23;2.38;0.0;1.43;2.1;345;128;14.7;14.8;0.09;1.007;0;1;0;0;1;1;0;0;0;1;0;323;;174;114;0;102
354.87;845;19;19;0;2.77;64;0;47;23;0;50;3;0.39;1.0;1.0;0;0;144;0;23;2.38;0.0;1.43;2.0;345;128;14.7;15.1;0.01;1.027;0;1;0;0;1;1;0;0;0;1;0;325;;174;114;0;85
355.26;820;20;20;0;2.9;64;0;47;23;0;51;3;0.41;1.0;1.0;0;0;144;0;23;2.5;0.0;1.48;2.0;345;128;14.7;15.5;0.09;1.054;0;1;0;0;1;1;0;0;0;1;0;336;;174;114;0;86
355.66;935;21;21;0;2.98;65;0;47;23;0;51;4;0.42;1.0;1.0;0;0;144;0;23;2.62;0.0;1.52;2.3;345;128;14.7;14.8;0.07;1.007;0;1;0;0;1;1;0;0;0;1;0;333;;173;114;0;86
356.06;935;19;19;0;2.76;65;0;47;23;0;49;4;0.4;1.0;1.0;0;0;144;0;23;2.38;0.0;1.43;2.2;345;128;14.7;16.1;0.09;1.095;0;1;0;0;1;1;0;0;0;1;0;323;;173;114;0;85
356.46;922;19;19;0;2.81;65;0;47;23;0;49;4;0.4;1.0;1.0;0;0;144;0;23;2.38;0.0;1.45;2.2;345;128;14.7;15.4;0.07;1.048;0;1;0;0;1;1;0;0;0;1;0;323;;173;114;0;148
356.87;935;20;20;0;2.85;64;0;47;23;0;50;4;0.41;1.0;1.0;0;0;144;0;23;2.5;0.0;1.46;2.2;345;128;14.7;14.6;0.02;0.993;0;1;0;0;1;1;0;0;0;1;0;327;;174;114;0;85
357.26;871;19;19;0;2.8;64;0;47;23;0;50;3;0.4;1.0;1.0;0;0;144;0;23;2.38;0.0;1.44;2.0;345;128;14.7;15.1;0.09;1.027;0;1;0;0;1;1;0;0;0;1;0;327;;174;113;0;85
357.66;884;20;20;0;2.86;65;0;47;23;0;50;3;0.4;1.0;1.0;0;0;144;0;23;2.5;0.0;1.47;2.1;345;128;14.7;16.4;0.07;1.116;0;1;0;0;1;1;0;0;0;1;0;331;;174;113;0;41
358.07;884;21;21;0;2.93;65;0;47;23;0;51;4;0.41;1.0;1.0;0;0;144;0;23;2.62;0.0;1.5;2.2;345;128;14.7;14.7;0.01;1.0;0;1;0;0;1;1;0;0;0;1;0;335;;173;113;0;74
358.46;922;20;20;0;2.86;65;0;47;23;0;50;4;0.41;1.0;1.0;0;0;144;0;23;2.5;0.0;1.47;2.2;345;128;14.7;14.5;0.09;0.986;0;1;0;0;1;1;0;0;0;1;0;326;;173;113;0;85
358.88;884;19;19;0;2.77;64;0;47;23;0;50;4;0.4;1.0;1.0;0;0;144;0;23;2.38;0.0;1.43;2.0;345;128;14.7;16.0;0.03;1.088;0;1;0;0;1;1;0;0;0;1;0;325;;174;113;0;85
359.28;935;20;20;0;2.83;65;0;47;23;0;50;4;0.41;1.0;1.0;0;0;144;0;23;2.5;0.0;1.46;2.2;345;128;14.7;15.1;0.01;1.027;0;1;0;0;1;1;0;0;0;1;0;326;;173;113;0;85
359.67;845;19;19;0;2.78;65;0;47;23;0;50;3;0.39;1.0;1.0;0;0;144;0;23;2.38;0.0;1.44;2.0;345;128;14.7;15.4;0.09;1.048;0;1;0;0;1;1;0;0;0;1;0;329;;173;113;0;85
360.08;884;19;19;0;2.77;64;0;47;23;0;50;3;0.4;1.0;1.0;0;0;144;0;23;2.38;0.0;1.43;2.0;345;128;14.7;15.7;0.02;1.068;0;1;0;0;1;1;0;0;0;1;0;326;;174;113;0;85
360.27;884;20;20;0;2.88;65;0;47;23;0;51;4;0.41;1.0;1.0;0;0;144;0;23;2.5;0.0;1.48;2.1;345;128;14.7;16.0;0.11;1.088;0;1;0;0;1;1;0;0;0;1;0;333;;173;113;0;86
360.67;884;19;19;0;2.8;64;0;47;23;0;50;4;0.4;1.0;1.0;0;0;144;0;23;2.38;0.0;1.44;2.1;345;128;14.7;14.7;0.08;1.0;0;1;0;0;1;1;0;0;0;1;0;327;;174;113;0;85
361.08;896;20;20;0;2.81;65;0;47;23;0;50;4;0.4;1.0;1.0;0;0;144;0;23;2.5;0.0;1.45;2.1;345;128;14.7;16.5;0.02;1.122;0;1;0;0;1;1;0;0;0;1;0;329;;173;113;0;86
361.48;896;19;19;0;2.81;65;0;47;23;0;50;4;0.4;1.0;1.0;0;0;144;0;23;2.38;0.0;1.45;2.1;345;128;14.7;16.7;0.1;1.136;0;1;0;0;1;1;0;0;0;1;0;324;;173;113;0;85
361.88;896;20;20;0;2.88;65;0;47;23;0;51;4;0.41;1.0;1.0;0;0;144;0;23;2.5;0.0;1.48;2.2;345;128;14.7;15.2;0.02;1.034;0;1;0;0;1;1;0;0;0;1;0;333;;173;113;0;86
362.3;896;19;19;0;2.82;64;0;47;23;0;50;4;0.4;1.0;1.0;0;0;144;0;23;2.38;0.0;1.45;2.1;345;128;14.7;15.7;0.01;1.068;0;1;0;0;1;1;0;0;0;1;0;328;;174;113;0;85
362.69;896;20;20;0;2.83;65;0;47;23;0;50;4;0.4;1.0;1.0;0;0;144;0;23;2.5;0.0;1.46;2.1;345;128;14.7;15.5;0.03;1.054;0;1;0;0;1;1;0;0;0;1;0;330;;173;113;0;85
363.08;832;20;20;0;2.87;64;0;47;23;0;51;4;0.41;1.0;1.0;0;0;146;0;23;2.5;0.0;1.47;2.0;345;128;14.7;15.5;0.1;1.054;0;1;0;0;1;1;0;0;0;1;0;336;;174;112;0;86
363.5;884;19;19;0;2.78;65;0;47;23;0;50;3;0.4;1.0;1.0;0;0;146;0;23;2.38;0.0;1.44;2.0;345;128;14.7;15.8;0.05;1.075;0;1;0;0;1;1;0;0;0;1;0;327;;173;112;0;85
363.89;730;19;19;0;0.0;69;0;44;26;0;51;3;0.42;1.0;1.0;0;0;146;0;26;2.38;0.0;0.35;0.0;345;128;14.7;16.2;0.02;1.102;1;1;0;0;0;1;0;0;0;1;0;333;;168;112;0;147
364.29;38;17;17;0;0.0;74;0;42;28;0;75;0;0.66;1.0;1.0;0;0;146;0;28;2.12;0.0;0.37;0.0;345;128;14.7;15.9;0.1;1.082;1;1;0;0;0;1;0;0;0;1;0;513;;161;112;0;148
364.7;0.0;20;20;0;0.0;76;0;42;28;0;101;0;0.74;1.0;1.0;0;0;146;0;28;2.5;0.0;0.38;;345;128;14.7;15.1;0.03;1.027;1;1;0;0;0;1;0;0;1;1;1;709;;157;112;0;156
365.1;0.0;20;20;0;0.0;78;0;42;28;0;101;0;0.74;1.0;1.0;0;0;146;0;28;2.5;0.0;0.39;;345;128;14.7;16.1;0.01;1.095;1;1;0;0;0;1;0;0;1;1;1;712;;155;112;0;163
365.5;0.0;20;20;0;0.0;79;0;42;28;0;101;0;0.74;1.0;1.0;0;0;146;0;28;2.5;0.0;0.4;;345;128;14.7;15.8;0.04;1.075;1;1;0;0;0;1;0;0;1;1;1;712;;154;112;0;164
366.31;0.0;0;0;0;5.0;78;0;50;28;0;101;0;0.74;1.0;1.0;0;0;146;0;20;0.0;0.0;2.39;;345;128;14.7;15.3;0.01;1.041;1;0;0;0;0;1;0;0;1;1;1;712;;155;112;0;164
366.49;0.0;0;0;0;5.0;76;0;50;28;0;101;0;0.74;1.0;1.0;0;0;146;0;20;0.0;0.0;2.38;;345;128;14.7;14.7;0.04;1.0;1;0;0;0;0;1;0;0;1;1;1;712;;158;112;0;163
366.9;0.0;0;0;0;5.0;76;0;50;28;0;101;0;0.74;1.0;1.0;0;0;146;0;20;0.0;0.0;2.38;;345;128;14.7;15.2;0.03;1.034;1;0;0;0;0;1;0;0;1;1;1;712;;158;112;0;150
367.31;0.0;0;0;0;5.0;76;0;50;28;0;101;0;0.74;1.0;1.0;0;0;146;0;20;0.0;0.0;2.38;;345;128;14.7;15.9;0.01;1.082;1;0;0;0;0;1;0;0;1;1;1;712;;158;112;0;156
