время_с;Обороты;Нагрузка (сглаж.);Расход мгновенный;ALPHA;Впрыск расчёт;Впрыск РЕАЛ (форс);Указатель карты hi;Указатель карты lo;Карта топлива вернула;TPS дроссель;TPS открытие;Обогащ. ускорения;Флаг TPS;VE выбранное;Ktps выбранное;Флаг ХХ/газ;Банк концевиков;Флаги угла;Замкнутый цикл;УОЗ финал сырьё;УОЗ карта;Цель ХХ;АЦП ch0 MAF;АЦП ch1 напряжение;АЦП ch2 темп ОЖ;АЦП ch3 O2;peek ($1600);УОЗ_°BTDC;TP_%8;AFR_цель;AFR_факт;поправка_VE;давление_кПа;Загрузка_форс_%;Газ_%;K_форс;КМ
0.4;896;23;23;1.0;1.2;2.44;253;0;66;43;0;0;0;0.0;0.0;140;127;69;56;55;15;90;255;160;57;0;;15;2.88;14.47;;;;1.8;0.0;345;63
0.6;884;22;22;1.0;1.16;2.33;253;0;65;43;0;0;0;0.0;0.0;140;127;69;40;55;15;90;251;161;57;0;;15;2.75;14.7;;;;1.7;0.0;345;63
1.02;948;22;22;1.0;1.17;2.36;253;0;65;43;0;0;0;0.0;0.0;140;127;69;24;55;15;90;251;161;57;0;;15;2.75;14.7;;;;1.9;0.0;345;63
1.43;896;22;22;1.0;1.16;2.33;253;0;65;43;0;0;0;0.0;0.0;140;127;69;40;55;15;90;250;161;57;0;;15;2.75;14.7;;;;1.7;0.0;345;63
1.82;845;23;23;1.0;1.18;2.39;253;0;65;43;0;0;0;0.0;0.0;140;127;69;8;55;15;90;249;161;57;0;;15;2.88;14.47;;;;1.7;0.0;345;63
2.21;922;22;22;1.0;1.16;2.33;253;0;65;43;0;0;0;0.0;0.0;140;127;69;40;55;15;90;247;161;57;0;;15;2.75;14.7;;;;1.8;0.0;345;63
2.61;845;23;23;1.0;1.19;2.41;253;0;66;43;0;0;0;0.0;0.0;140;127;69;8;55;15;90;248;161;57;0;;15;2.88;14.47;;;;1.7;0.0;345;63
3.03;820;23;23;1.0;1.18;2.39;253;0;65;43;0;0;0;0.0;0.0;140;127;69;24;55;15;90;248;161;57;0;;15;2.88;14.47;;;;1.6;0.0;345;63
3.42;820;23;23;1.0;1.18;2.39;253;0;65;43;0;0;0;0.0;0.0;140;127;69;24;55;15;90;247;161;57;0;;15;2.88;14.47;;;;1.6;0.0;345;63
3.84;884;22;22;1.0;1.16;2.33;253;0;65;43;0;0;0;0.0;0.0;140;127;69;24;55;15;90;246;161;57;0;;15;2.75;14.7;;;;1.7;0.0;345;63
4.23;884;22;22;1.0;1.15;2.3;253;0;65;43;0;0;0;0.0;0.0;140;127;69;8;55;15;90;244;161;57;0;;15;2.75;14.7;;;;1.7;0.0;345;63
4.65;845;22;22;1.0;1.17;2.36;253;0;66;43;0;0;0;0.0;0.0;140;127;69;24;55;15;90;244;161;57;0;;15;2.75;14.7;;;;1.7;0.0;345;63
5.03;871;22;22;1.0;1.15;2.3;253;0;65;43;0;0;0;0.0;0.0;140;127;69;56;55;15;90;243;161;58;0;;15;2.75;14.7;;;;1.7;0.0;345;63
5.44;820;23;23;1.0;1.18;2.38;253;0;66;43;0;0;0;0.0;0.0;140;127;69;8;55;15;90;243;162;58;0;;15;2.88;14.47;;;;1.6;0.0;345;63
5.85;845;22;22;1.0;1.17;2.36;253;0;66;43;0;0;0;0.0;0.0;140;127;69;56;55;15;90;244;161;58;0;;15;2.75;14.7;;;;1.7;0.0;345;63
6.24;871;22;22;1.0;1.17;2.35;253;0;65;43;0;0;0;0.0;0.0;156;127;69;56;55;15;89;244;162;58;0;;15;2.75;14.7;;;;1.7;0.0;345;63
6.63;896;22;22;1.0;1.15;2.3;253;0;65;43;0;0;0;0.0;0.0;140;127;69;24;55;15;90;244;161;58;0;;15;2.75;14.7;;;;1.7;0.0;345;63
6.84;884;22;22;1.0;1.15;2.31;253;0;65;43;0;0;0;0.0;0.0;140;127;69;24;55;15;90;242;161;58;0;;15;2.75;14.7;;;;1.7;0.0;345;63
7.24;871;22;22;1.0;1.15;2.31;253;0;65;43;0;0;0;0.0;0.0;140;127;69;24;55;15;90;242;161;58;0;;15;2.75;14.7;;;;1.7;0.0;345;63
7.66;896;21;21;1.0;1.11;2.21;253;0;65;43;0;0;0;0.0;0.0;140;127;69;8;55;15;90;239;161;58;0;;15;2.62;14.7;;;;1.7;0.0;345;63
8.05;884;22;22;1.0;1.16;2.33;253;0;65;43;0;0;0;0.0;0.0;140;127;69;24;55;15;90;243;161;58;0;;15;2.75;14.7;;;;1.7;0.0;345;63
8.44;845;21;21;1.0;1.14;2.27;253;0;65;43;0;0;0;0.0;0.0;140;127;69;8;55;15;90;239;161;58;0;;15;2.62;14.7;;;;1.6;0.0;345;63
8.84;756;23;23;1.0;1.18;2.39;253;0;65;43;0;0;0;0.0;0.0;140;127;69;8;55;15;90;239;161;58;0;;15;2.88;14.47;;;;1.5;0.0;345;63
9.26;832;22;22;1.0;1.15;2.31;253;0;65;43;0;0;0;0.0;0.0;140;127;69;56;55;15;90;239;161;58;0;;15;2.75;14.7;;;;1.6;0.0;345;63
9.65;781;23;23;1.0;1.17;2.36;253;0;65;43;0;0;0;0.0;0.0;140;127;69;8;55;15;90;240;160;58;0;;15;2.88;14.47;;;;1.5;0.0;345;63
10.05;807;22;22;1.0;1.14;2.29;253;0;65;43;0;0;0;0.0;0.0;140;127;69;8;55;15;89;239;162;58;0;;15;2.75;14.7;;;;1.5;0.0;345;63
10.45;820;21;21;1.0;1.12;2.26;253;0;65;43;0;0;0;0.0;0.0;140;127;69;40;55;15;88;239;163;58;0;;15;2.62;14.7;;;;1.5;0.0;345;63
10.87;871;21;21;1.0;1.11;2.24;253;0;65;43;0;0;0;0.0;0.0;140;127;69;24;55;15;87;238;164;58;0;;15;2.62;14.7;;;;1.6;0.0;345;63
11.27;768;23;23;1.0;1.17;2.37;253;0;66;43;0;0;0;0.0;0.0;140;127;69;8;55;15;87;238;164;58;0;;15;2.88;14.47;;;;1.5;0.0;345;63
11.67;845;22;22;1.0;1.13;2.28;253;0;65;43;0;0;0;0.0;0.0;140;127;69;24;55;15;87;239;165;58;0;;15;2.75;14.7;;;;1.6;0.0;345;63
12.07;845;22;22;1.0;1.11;2.25;253;0;65;43;0;0;0;0.0;0.0;140;127;69;56;55;15;85;239;168;58;0;;15;2.75;14.7;;;;1.6;0.0;345;63
12.46;845;21;21;1.0;1.11;2.25;253;0;65;43;0;0;0;0.0;0.0;140;127;69;24;55;15;85;238;168;58;0;;15;2.62;14.7;;;;1.6;0.0;345;63
12.86;781;22;22;1.0;1.12;2.27;253;0;65;43;0;0;0;0.0;0.0;140;127;69;8;55;15;85;238;168;58;0;;15;2.75;14.7;;;;1.5;0.0;345;63
13.06;807;22;22;1.0;1.11;2.26;253;0;65;43;0;0;0;0.0;0.0;140;127;69;8;55;15;84;239;169;58;0;;15;2.75;14.7;;;;1.5;0.0;345;63
13.47;807;23;23;1.0;1.14;2.33;253;0;65;43;0;0;0;0.0;0.0;140;127;69;8;55;15;84;240;169;58;0;;15;2.88;14.47;;;;1.6;0.0;345;63
13.87;807;21;21;1.0;1.08;2.18;253;0;65;43;0;0;0;0.0;0.0;140;127;69;56;55;15;84;236;169;58;0;;15;2.62;14.7;;;;1.5;0.0;345;63
14.28;768;22;22;1.0;1.12;2.28;253;0;65;43;0;0;0;0.0;0.0;140;127;69;40;55;15;85;237;168;58;0;;15;2.75;14.7;;;;1.5;0.0;345;63
14.67;730;23;23;1.0;1.16;2.35;253;0;65;43;0;0;0;0.0;0.0;140;127;69;8;55;15;85;238;168;58;0;;15;2.88;14.47;;;;1.4;0.0;345;63
15.09;807;22;22;1.0;1.13;2.29;253;0;65;43;0;0;0;0.0;0.0;140;127;69;56;55;15;85;237;167;58;0;;15;2.75;14.7;;;;1.5;0.0;345;63
15.48;807;22;22;1.0;1.13;2.29;253;0;65;43;0;0;0;0.0;0.0;140;127;69;56;55;15;85;238;167;58;0;;15;2.75;14.7;;;;1.5;0.0;345;63
15.88;768;22;22;1.0;1.14;2.31;253;0;65;43;0;0;0;0.0;0.0;140;127;69;8;55;15;86;239;166;58;0;;15;2.75;14.7;;;;1.5;0.0;345;63
16.29;832;22;22;1.0;1.14;2.31;253;0;65;43;0;0;0;0.0;0.0;140;127;69;56;55;15;87;240;165;58;0;;15;2.75;14.7;;;;1.6;0.0;345;63
16.7;871;22;22;1.0;1.15;2.33;253;0;66;43;0;0;0;0.0;0.0;140;127;69;8;55;15;87;241;165;58;0;;15;2.75;14.7;;;;1.7;0.0;345;63
17.1;781;22;22;1.0;1.14;2.31;253;0;65;43;0;0;0;0.0;0.0;140;127;69;56;55;15;87;240;164;58;0;;15;2.75;14.7;;;;1.5;0.0;345;63
17.49;781;22;22;1.0;1.14;2.29;253;0;65;43;0;0;0;0.0;0.0;140;127;69;24;55;15;87;239;164;58;0;;15;2.75;14.7;;;;1.5;0.0;345;63
17.91;832;22;22;1.0;1.15;2.31;253;0;65;43;0;0;0;0.0;0.0;140;127;69;56;55;15;87;240;164;58;0;;15;2.75;14.7;;;;1.6;0.0;345;63
18.3;781;23;23;1.0;1.18;2.4;253;0;66;43;0;0;0;0.0;0.0;140;127;69;56;55;15;88;240;163;58;0;;15;2.88;14.47;;;;1.6;0.0;345;63
18.7;768;22;22;1.0;1.14;2.29;253;0;65;43;0;0;0;0.0;0.0;140;127;69;24;55;15;87;239;164;58;0;;15;2.75;14.7;;;;1.5;0.0;345;63
18.91;832;21;21;1.0;1.1;2.21;253;0;65;43;0;0;0;0.0;0.0;140;127;69;8;55;15;87;238;164;58;0;;15;2.62;14.7;;;;1.5;0.0;345;63
21.5;768;22;22;1.0;1.12;2.28;22;0;65;43;0;0;0;0.0;0.0;140;127;69;24;55;15;85;237;167;58;0;;15;2.75;14.7;;;;1.5;0.0;345;63
21.9;832;22;22;1.0;1.11;2.25;22;0;65;43;0;0;0;0.0;0.0;140;127;69;40;55;15;85;237;167;58;0;;15;2.75;14.7;;;;1.6;0.0;345;63
22.32;768;22;22;1.0;1.12;2.27;22;0;65;43;0;0;0;0.0;0.0;140;127;69;56;55;15;85;236;167;58;0;;15;2.75;14.7;;;;1.4;0.0;345;63
22.7;807;22;22;1.0;1.16;2.34;22;0;66;43;0;0;0;0.0;0.0;140;127;69;56;55;15;87;236;165;58;0;;15;2.75;14.7;;;;1.6;0.0;345;63
23.11;730;22;22;1.0;1.14;2.31;22;0;65;43;0;0;0;0.0;0.0;140;127;69;40;55;15;86;235;166;58;0;;15;2.75;14.7;;;;1.4;0.0;345;63
23.52;832;21;21;1.0;1.09;2.2;22;0;65;43;0;0;0;0.0;0.0;140;127;69;8;55;15;86;232;166;58;0;;15;2.62;14.7;;;;1.5;0.0;345;63
23.91;781;22;22;1.0;1.14;2.31;22;0;65;43;0;0;0;0.0;0.0;140;127;69;24;55;15;87;237;165;58;0;;15;2.75;14.7;;;;1.5;0.0;345;63
24.32;832;22;22;1.0;1.13;2.28;22;0;65;43;0;0;0;0.0;0.0;140;127;69;56;55;15;87;237;165;58;0;;15;2.75;14.7;;;;1.6;0.0;345;63
24.72;768;22;22;1.0;1.14;2.31;22;0;65;43;0;0;0;0.0;0.0;140;127;69;40;55;15;87;238;165;58;0;;15;2.75;14.7;;;;1.5;0.0;345;63
25.13;820;22;22;1.0;1.14;2.29;22;0;65;43;0;0;0;0.0;0.0;140;127;69;56;55;15;87;237;165;58;0;;15;2.75;14.7;;;;1.6;0.0;345;63
25.52;832;21;21;1.0;1.12;2.25;22;0;65;43;0;0;0;0.0;0.0;140;127;69;56;55;15;87;236;165;58;0;;15;2.62;14.7;;;;1.6;0.0;345;63
25.92;768;21;21;1.0;1.12;2.27;22;0;65;43;0;0;0;0.0;0.0;140;127;69;8;55;15;87;235;165;58;0;;15;2.62;14.7;;;;1.4;0.0;345;63
26.33;730;22;22;1.0;1.16;2.34;22;0;65;43;0;0;0;0.0;0.0;140;127;69;8;55;15;87;237;165;58;0;;15;2.75;14.7;;;;1.4;0.0;345;63
26.73;768;22;22;1.0;1.13;2.28;22;0;65;43;0;0;0;0.0;0.0;140;127;69;8;55;15;87;237;165;58;0;;15;2.75;14.7;;;;1.5;0.0;345;63
27.12;871;21;21;1.0;1.12;2.25;22;0;65;43;0;0;0;0.0;0.0;140;127;69;56;55;15;87;237;165;58;0;;15;2.62;14.7;;;;1.6;0.0;345;63
27.54;781;22;22;1.0;1.14;2.29;22;0;65;43;0;0;0;0.0;0.0;140;127;69;24;55;15;87;237;165;58;0;;15;2.75;14.7;;;;1.5;0.0;345;63
27.75;807;22;22;1.0;1.12;2.27;22;0;65;43;0;0;0;0.0;0.0;140;127;69;24;55;15;86;237;166;58;0;;15;2.75;14.7;;;;1.5;0.0;345;63
28.15;768;22;22;1.0;1.15;2.31;22;0;65;43;0;0;0;0.0;0.0;140;127;69;56;55;15;87;236;165;58;0;;15;2.75;14.7;;;;1.5;0.0;345;63
28.54;807;22;22;1.0;1.12;2.27;22;0;65;43;0;0;0;0.0;0.0;140;127;69;40;55;15;86;237;166;58;0;;15;2.75;14.7;;;;1.5;0.0;345;63
28.93;820;22;22;1.0;1.12;2.27;22;0;65;43;0;0;0;0.0;0.0;140;127;69;56;55;15;86;236;166;58;0;;15;2.75;14.7;;;;1.6;0.0;345;63
29.35;781;21;21;1.0;1.1;2.21;22;0;65;43;0;0;0;0.0;0.0;140;127;69;24;55;15;86;234;166;58;0;;15;2.62;14.7;;;;1.4;0.0;345;63
29.75;820;22;22;1.0;1.15;2.33;22;0;66;43;0;0;0;0.0;0.0;140;127;69;40;55;15;86;237;165;58;0;;15;2.75;14.7;;;;1.6;0.0;345;63
30.15;768;22;22;1.0;1.14;2.29;22;0;65;43;0;0;0;0.0;0.0;140;127;69;56;55;15;87;237;165;58;0;;15;2.75;14.7;;;;1.5;0.0;345;63
30.56;845;22;22;1.0;1.12;2.27;22;0;65;43;0;0;0;0.0;0.0;140;127;69;8;55;15;86;237;166;58;0;;15;2.75;14.7;;;;1.6;0.0;345;63
30.96;768;22;22;1.0;1.15;2.33;22;0;65;43;0;0;0;0.0;0.0;156;127;69;8;55;15;86;240;166;58;0;;15;2.75;14.7;;;;1.5;0.0;345;63
31.56;845;22;22;1.0;1.16;2.34;22;0;73;43;0;0;0;0.0;0.0;140;127;69;56;55;15;87;238;165;58;0;;15;2.75;14.7;;;;1.6;0.0;345;63
31.95;832;21;21;1.0;1.17;2.37;22;0;75;43;0;0;0;0.0;0.0;140;127;69;40;55;15;87;237;165;58;0;;15;2.62;14.7;;;;1.6;0.0;345;63
32.36;845;20;20;1.0;1.16;2.34;22;0;78;43;0;0;0;0.0;0.0;140;127;69;8;55;15;87;236;165;58;0;;15;2.5;14.7;;;;1.6;0.0;345;63
32.75;896;20;20;1.0;1.13;2.28;22;0;76;43;0;0;0;0.0;0.0;140;127;69;24;55;15;87;236;165;58;0;;15;2.5;14.7;;;;1.7;0.0;345;63
33.17;871;20;20;1.0;1.14;2.31;22;0;76;43;0;0;0;0.0;0.0;140;127;69;24;55;15;87;236;165;58;0;;15;2.5;14.7;;;;1.7;0.0;345;63
33.57;871;20;20;1.0;1.15;2.33;22;0;77;43;0;0;0;0.0;0.0;140;127;69;24;55;15;87;235;165;58;0;;15;2.5;14.7;;;;1.7;0.0;345;63
33.97;884;20;20;1.0;1.14;2.31;22;0;77;43;0;0;0;0.0;0.0;140;127;69;56;55;15;86;235;166;58;0;;15;2.5;14.7;;;;1.7;0.0;345;63
34.36;922;20;20;1.0;1.12;2.27;22;0;78;43;0;0;0;0.0;0.0;140;127;69;24;55;15;87;234;165;58;0;;15;2.5;14.7;;;;1.7;0.0;345;63
34.76;896;20;20;1.0;1.12;2.27;22;0;75;43;0;0;0;0.0;0.0;140;127;69;40;55;15;86;235;166;58;0;;15;2.5;14.7;;;;1.7;0.0;345;63
35.57;820;20;20;1.0;1.14;2.31;22;0;77;43;0;0;0;0.0;0.0;140;127;69;40;55;15;87;234;165;58;0;;15;2.5;14.7;;;;1.6;0.0;345;63
35.98;845;21;21;1.0;1.14;2.31;22;0;75;43;0;0;0;0.0;0.0;140;127;69;8;55;15;86;235;166;58;0;;15;2.62;14.7;;;;1.6;0.0;345;63
36.38;884;20;20;1.0;1.15;2.31;22;0;78;43;0;0;0;0.0;0.0;140;127;69;8;55;15;87;235;165;58;0;;15;2.5;14.7;;;;1.7;0.0;345;63
37.17;884;20;20;1.0;1.15;2.33;22;0;80;43;0;0;0;0.0;0.0;140;127;69;40;55;15;87;233;166;58;0;;15;2.5;14.7;;;;1.7;0.0;345;63
37.58;768;21;21;1.0;1.19;2.44;22;0;79;43;0;0;0;0.0;0.0;140;127;69;8;55;15;86;235;166;58;0;;15;2.62;14.7;;;;1.6;0.0;345;63
37.99;781;21;21;1.0;1.16;2.36;22;0;81;43;0;0;0;0.0;0.0;140;127;69;8;55;15;86;234;166;58;0;;15;2.62;14.7;;;;1.5;0.0;345;63
38.39;820;20;20;1.0;1.14;2.31;22;0;79;43;0;0;0;0.0;0.0;140;127;69;40;55;15;86;233;166;58;0;;15;2.5;14.7;;;;1.6;0.0;345;63
38.77;832;20;20;1.0;1.14;2.3;22;0;78;43;0;0;0;0.0;0.0;140;127;69;8;55;15;86;233;166;58;0;;15;2.5;14.7;;;;1.6;0.0;345;63
39.19;884;19;19;1.0;1.13;2.29;22;0;80;43;0;0;0;0.0;0.0;140;127;69;8;55;15;86;232;166;58;0;;15;2.38;14.7;;;;1.7;0.0;345;63
39.59;820;20;20;1.0;1.14;2.31;22;0;79;43;0;0;0;0.0;0.0;140;127;69;24;55;15;87;230;165;58;0;;15;2.5;14.7;;;;1.6;0.0;345;63
40.39;820;20;20;1.0;1.13;2.29;22;0;80;43;0;0;0;0.0;0.0;140;127;69;56;55;15;86;232;166;58;0;;15;2.5;14.7;;;;1.6;0.0;345;63
40.8;820;19;19;1.0;1.13;2.28;22;0;79;43;0;0;0;0.0;0.0;140;127;69;8;55;15;87;231;165;58;0;;15;2.38;14.7;;;;1.6;0.0;345;63
41.2;871;20;20;1.0;1.16;2.34;22;0;80;43;0;0;0;0.0;0.0;140;127;69;24;55;15;87;233;164;58;0;;15;2.5;14.7;;;;1.7;0.0;345;63
41.99;820;19;19;1.0;1.11;2.23;22;0;78;43;0;0;0;0.0;0.0;140;127;69;8;55;15;87;230;165;58;0;;15;2.38;14.7;;;;1.5;0.0;345;63
42.39;832;21;21;1.0;1.17;2.38;22;0;80;43;0;0;0;0.0;0.0;140;127;69;56;55;15;86;233;166;58;0;;15;2.62;14.7;;;;1.6;0.0;345;63
42.79;807;21;21;1.0;1.18;2.41;22;0;81;43;0;0;0;0.0;0.0;140;127;69;56;55;15;86;233;166;58;0;;15;2.62;14.7;;;;1.6;0.0;345;63
43.61;884;20;20;1.0;1.14;2.3;22;0;81;43;0;0;0;0.0;0.0;140;127;69;8;55;15;86;231;166;58;0;;15;2.5;14.7;;;;1.7;0.0;345;63
44.0;807;20;20;1.0;1.17;2.38;22;0;81;43;0;0;0;0.0;0.0;140;127;69;56;55;15;86;231;166;58;0;;15;2.5;14.7;;;;1.6;0.0;345;63
44.4;768;20;20;1.0;1.17;2.39;22;0;81;43;0;0;0;0.0;0.0;140;127;69;40;55;15;86;232;166;58;0;;15;2.5;14.7;;;;1.5;0.0;345;63
44.81;820;20;20;1.0;1.12;2.27;22;0;79;43;0;0;0;0.0;0.0;140;127;69;40;55;15;86;231;166;59;0;;15;2.5;14.7;;;;1.6;0.0;345;63
45.2;845;20;20;1.0;1.17;2.38;22;0;81;43;0;0;0;0.0;0.0;140;127;69;8;55;15;87;232;165;59;0;;15;2.5;14.7;;;;1.7;0.0;345;63
46.01;807;20;20;1.0;1.16;2.35;22;0;80;43;0;0;0;0.0;0.0;140;127;69;8;55;15;86;232;166;59;0;;15;2.5;14.7;;;;1.6;0.0;345;63
46.41;820;20;20;1.0;1.16;2.34;22;0;80;43;0;0;0;0.0;0.0;140;127;69;40;55;15;87;232;165;58;0;;15;2.5;14.7;;;;1.6;0.0;345;63
47.41;871;19;19;1.0;1.14;2.29;22;0;81;43;0;0;0;0.0;0.0;140;127;69;24;55;15;87;231;165;59;0;;15;2.38;14.7;;;;1.7;0.0;345;63
47.81;820;19;19;1.0;1.12;2.27;22;0;81;43;0;0;0;0.0;0.0;140;127;69;24;55;15;86;229;166;59;0;;15;2.38;14.7;;;;1.6;0.0;345;63
48.01;781;20;20;1.0;1.15;2.33;22;0;81;43;0;0;0;0.0;0.0;140;127;69;24;55;15;86;230;166;59;0;;15;2.5;14.7;;;;1.5;0.0;345;63
48.42;807;20;20;1.0;1.14;2.3;22;0;81;43;0;0;0;0.0;0.0;140;127;69;8;55;15;86;231;166;59;0;;15;2.5;14.7;;;;1.5;0.0;345;63
51.43;832;20;20;1.0;1.16;2.35;22;0;81;43;0;0;0;0.0;0.0;140;127;69;8;55;15;87;231;165;59;0;;15;2.5;14.7;;;;1.6;0.0;345;63
51.83;820;20;20;1.0;1.14;2.31;22;0;81;43;0;0;0;0.0;0.0;140;127;69;8;55;15;86;230;166;59;0;;15;2.5;14.7;;;;1.6;0.0;345;63
52.24;781;20;20;1.0;1.16;2.36;22;0;81;43;0;0;0;0.0;0.0;140;127;69;40;55;15;87;231;165;59;0;;15;2.5;14.7;;;;1.5;0.0;345;63
52.64;845;20;20;1.0;1.15;2.31;22;0;81;43;0;0;0;0.0;0.0;140;127;69;24;55;15;87;229;165;59;0;;15;2.5;14.7;;;;1.6;0.0;345;63
53.04;820;20;20;1.0;1.16;2.36;22;0;81;43;0;0;0;0.0;0.0;140;127;69;24;55;15;86;232;166;59;0;;15;2.5;14.7;;;;1.6;0.0;345;63
53.45;781;20;20;1.0;1.17;2.38;22;0;81;43;0;0;0;0.0;0.0;140;127;69;40;55;15;87;231;163;59;0;;15;2.5;14.7;;;;1.5;0.0;345;63
53.85;768;20;20;1.0;1.14;2.31;22;0;81;43;0;0;0;0.0;0.0;140;127;69;40;55;15;86;230;166;59;0;;15;2.5;14.7;;;;1.5;0.0;345;63
54.24;820;20;20;1.0;1.15;2.33;22;0;81;43;0;0;0;0.0;0.0;140;127;69;8;55;15;87;230;165;59;0;;15;2.5;14.7;;;;1.6;0.0;345;63
54.64;832;20;20;1.0;1.16;2.36;22;0;81;43;0;0;0;0.0;0.0;140;127;69;40;55;15;86;231;166;59;0;;15;2.5;14.7;;;;1.6;0.0;345;63
55.04;781;20;20;1.0;1.14;2.31;22;0;81;43;0;0;0;0.0;0.0;140;127;69;8;55;15;86;230;166;59;0;;15;2.5;14.7;;;;1.5;0.0;345;63
55.25;781;20;20;1.0;1.16;2.34;22;0;81;43;0;0;0;0.0;0.0;140;127;69;40;55;15;87;230;165;59;0;;15;2.5;14.7;;;;1.5;0.0;345;63
55.65;832;21;21;1.0;1.18;2.39;22;0;81;43;0;0;0;0.0;0.0;140;127;69;56;55;15;87;231;164;59;0;;15;2.62;14.7;;;;1.7;0.0;345;63
56.04;768;20;20;1.0;1.17;2.38;22;0;81;43;0;0;0;0.0;0.0;140;127;69;40;55;15;86;230;166;59;0;;15;2.5;14.7;;;;1.5;0.0;345;63
56.46;807;19;19;1.0;1.12;2.27;22;0;81;43;0;0;0;0.0;0.0;140;127;69;40;55;15;86;228;166;59;0;;15;2.38;14.7;;;;1.5;0.0;345;63
56.86;832;19;19;1.0;1.12;2.27;22;0;81;43;0;0;0;0.0;0.0;140;127;69;24;55;15;86;227;166;59;0;;15;2.38;14.7;;;;1.6;0.0;345;63
57.26;781;20;20;1.0;1.16;2.34;22;0;81;43;0;0;0;0.0;0.0;140;127;69;56;55;15;87;229;165;59;0;;15;2.5;14.7;;;;1.5;0.0;345;63
57.65;781;19;19;1.0;1.14;2.3;22;0;81;43;0;0;0;0.0;0.0;140;127;69;56;55;15;86;229;166;59;0;;15;2.38;14.7;;;;1.5;0.0;345;63
58.07;781;20;20;1.0;1.15;2.31;22;0;81;43;0;0;0;0.0;0.0;140;127;69;8;55;15;87;229;165;59;0;;15;2.5;14.7;;;;1.5;0.0;345;63
58.46;832;20;20;1.0;1.17;2.38;22;0;81;43;0;0;0;0.0;0.0;140;127;69;24;55;15;87;230;165;59;0;;15;2.5;14.7;;;;1.7;0.0;345;63
58.86;768;20;20;1.0;1.15;2.31;22;0;81;43;0;0;0;0.0;0.0;140;127;69;40;55;15;87;228;165;59;0;;15;2.5;14.7;;;;1.5;0.0;345;63
59.27;832;20;20;1.0;1.15;2.33;22;0;81;43;0;0;0;0.0;0.0;140;127;69;40;55;15;87;229;165;59;0;;15;2.5;14.7;;;;1.6;0.0;345;63
59.67;807;20;20;1.0;1.14;2.31;22;0;81;43;0;0;0;0.0;0.0;140;127;69;8;55;15;86;229;166;59;0;;15;2.5;14.7;;;;1.6;0.0;345;63
60.06;807;20;20;1.0;1.14;2.31;22;0;81;43;0;0;0;0.0;0.0;140;127;69;56;55;15;86;229;166;59;0;;15;2.5;14.7;;;;1.6;0.0;345;63
60.46;807;20;20;1.0;1.16;2.35;22;0;81;43;0;0;0;0.0;0.0;140;127;69;24;55;15;86;230;166;59;0;;15;2.5;14.7;;;;1.6;0.0;345;63
60.86;845;20;20;1.0;1.16;2.35;22;0;81;43;0;0;0;0.0;0.0;140;127;69;40;55;15;88;230;163;59;0;;15;2.5;14.7;;;;1.7;0.0;345;63
61.27;756;21;21;1.0;1.19;2.42;22;0;81;43;0;0;0;0.0;0.0;140;127;69;40;55;15;89;230;162;59;0;;15;2.62;14.7;;;;1.5;0.0;345;63
61.69;832;20;20;1.0;1.16;2.34;22;0;81;43;0;0;0;0.0;0.0;140;127;69;8;55;15;89;231;162;59;0;;15;2.5;14.7;;;;1.6;0.0;345;63
61.87;807;20;20;1.0;1.17;2.35;22;0;81;43;0;0;0;0.0;0.0;140;127;69;8;55;15;89;230;163;59;0;;15;2.5;14.7;;;;1.6;0.0;345;63
62.27;781;20;20;1.0;1.16;2.34;22;0;81;43;0;0;0;0.0;0.0;140;127;69;56;55;15;89;229;162;59;0;;15;2.5;14.7;;;;1.5;0.0;345;63
62.68;768;20;20;1.0;1.16;2.35;22;0;81;43;0;0;0;0.0;0.0;140;127;69;56;55;15;88;230;163;59;0;;15;2.5;14.7;;;;1.5;0.0;345;63
63.09;845;20;20;1.0;1.16;2.33;22;0;81;43;0;0;0;0.0;0.0;140;127;69;40;55;15;89;230;162;59;0;;15;2.5;14.7;;;;1.6;0.0;345;63
63.47;845;20;20;1.0;1.16;2.35;22;0;81;43;0;0;0;0.0;0.0;140;127;69;56;55;15;88;230;163;59;0;;15;2.5;14.7;;;;1.7;0.0;345;63
63.88;781;20;20;1.0;1.16;2.35;22;0;81;43;0;0;0;0.0;0.0;140;127;69;8;55;15;88;230;163;59;0;;15;2.5;14.7;;;;1.5;0.0;345;63
64.28;781;20;20;1.0;1.16;2.34;22;0;81;43;0;0;0;0.0;0.0;140;127;69;40;55;15;87;230;165;59;0;;15;2.5;14.7;;;;1.5;0.0;345;63
64.68;845;19;19;1.0;1.14;2.31;22;0;81;43;0;0;0;0.0;0.0;140;127;69;56;55;15;87;228;165;59;0;;15;2.38;14.7;;;;1.6;0.0;345;63
65.1;768;20;20;1.0;1.17;2.37;22;0;81;43;0;0;0;0.0;0.0;140;127;69;56;55;15;87;229;166;59;0;;15;2.5;14.7;;;;1.5;0.0;345;63
65.49;768;20;20;1.0;1.17;2.37;22;0;81;43;0;0;0;0.0;0.0;140;127;69;56;55;15;87;230;165;59;0;;15;2.5;14.7;;;;1.5;0.0;345;63
65.91;871;20;20;1.0;1.15;2.31;22;0;81;43;0;0;0;0.0;0.0;140;127;69;24;55;15;87;230;165;59;0;;15;2.5;14.7;;;;1.7;0.0;345;63
66.29;845;20;20;1.0;1.15;2.33;22;0;81;43;0;0;0;0.0;0.0;140;127;69;56;55;15;88;230;163;59;0;;15;2.5;14.7;;;;1.6;0.0;345;63
66.69;756;21;21;1.0;1.19;2.41;22;0;81;43;0;0;0;0.0;0.0;140;127;69;40;55;15;89;230;162;59;0;;15;2.62;14.7;;;;1.5;0.0;345;63
67.09;871;20;20;1.0;1.16;2.33;22;0;81;43;0;0;0;0.0;0.0;140;127;69;40;55;15;88;230;163;59;0;;15;2.5;14.7;;;;1.7;0.0;345;63
67.5;768;20;20;1.0;1.16;2.33;22;0;81;43;0;0;0;0.0;0.0;140;127;69;8;55;15;88;228;163;59;0;;15;2.5;14.7;;;;1.5;0.0;345;63
67.71;807;20;20;1.0;1.15;2.33;22;0;81;43;0;0;0;0.0;0.0;140;127;69;56;55;15;88;229;163;59;0;;15;2.5;14.7;;;;1.6;0.0;345;63
68.1;832;19;19;1.0;1.14;2.29;22;0;81;43;0;0;0;0.0;0.0;140;127;69;56;55;15;88;227;163;59;0;;15;2.38;14.7;;;;1.6;0.0;345;63
68.52;756;21;21;1.0;1.17;2.39;22;0;81;43;0;0;0;0.0;0.0;140;127;69;8;55;15;86;230;166;59;0;;15;2.62;14.7;;;;1.5;0.0;345;63
68.9;781;20;20;1.0;1.17;2.38;22;0;81;43;0;0;0;0.0;0.0;140;127;69;40;55;15;86;231;166;59;0;;15;2.5;14.7;;;;1.5;0.0;345;63
69.3;871;20;20;1.0;1.14;2.31;22;0;81;43;0;0;0;0.0;0.0;140;127;69;24;55;15;86;230;166;59;0;;15;2.5;14.7;;;;1.7;0.0;345;63
69.91;832;19;19;1.0;1.17;2.39;22;0;91;43;0;0;0;0.0;0.0;140;127;69;40;55;15;86;227;166;59;0;;15;2.38;14.7;;;;1.7;0.0;345;63
70.32;781;19;19;1.0;1.18;2.39;22;0;90;43;0;0;0;0.0;0.0;140;127;69;56;55;15;87;227;165;59;0;;15;2.38;14.7;;;;1.6;0.0;345;63
70.71;820;20;20;1.0;1.22;2.48;22;0;93;43;0;0;0;0.0;0.0;140;127;69;56;55;15;89;230;162;59;0;;15;2.5;14.7;;;;1.7;0.0;345;63
71.13;807;19;19;1.0;1.17;2.35;22;0;89;43;0;0;0;0.0;0.0;140;127;69;8;55;15;89;228;162;59;0;;15;2.38;14.7;;;;1.6;0.0;345;63
71.32;820;19;19;1.0;1.19;2.41;22;0;90;43;0;0;0;0.0;0.0;140;127;69;8;55;15;89;230;162;59;0;;15;2.38;14.7;;;;1.6;0.0;345;63
71.72;845;20;20;1.0;1.21;2.48;22;0;92;43;0;0;0;0.0;0.0;140;127;69;40;55;15;88;231;163;59;0;;15;2.5;14.7;;;;1.7;0.0;345;63
72.12;871;19;19;1.0;1.19;2.41;22;0;92;43;0;0;0;0.0;0.0;140;127;69;56;55;15;88;229;163;59;0;;15;2.38;14.7;;;;1.7;0.0;345;63
72.52;832;19;19;1.0;1.17;2.38;22;0;92;43;0;0;0;0.0;0.0;140;127;69;56;55;15;88;227;163;59;0;;15;2.38;14.7;;;;1.6;0.0;345;63
72.93;807;19;19;1.0;1.2;2.44;22;0;92;43;0;0;0;0.0;0.0;140;127;69;8;55;15;88;229;163;59;0;;15;2.38;14.7;;;;1.6;0.0;345;63
73.33;781;19;19;1.0;1.16;2.33;22;0;90;43;0;0;0;0.0;0.0;140;127;69;24;55;15;88;226;163;59;0;;15;2.38;14.7;;;;1.5;0.0;345;63
73.72;781;20;20;1.0;1.21;2.46;22;0;91;43;0;0;0;0.0;0.0;140;127;69;56;55;15;89;229;162;59;0;;15;2.5;14.7;;;;1.6;0.0;345;63
74.12;781;20;20;1.0;1.22;2.48;22;0;92;43;0;0;0;0.0;0.0;140;127;69;40;55;15;88;230;163;59;0;;15;2.5;14.7;;;;1.6;0.0;345;63
74.53;871;20;20;1.0;1.2;2.45;22;0;91;43;0;0;0;0.0;0.0;140;127;69;40;55;15;86;231;166;59;0;;15;2.5;14.7;;;;1.8;0.0;345;63
74.94;871;19;19;1.0;1.17;2.39;22;0;92;43;0;0;0;0.0;0.0;140;127;69;24;55;15;86;229;166;59;0;;15;2.38;14.7;;;;1.7;0.0;345;63
75.35;820;19;19;1.0;1.17;2.38;22;0;91;43;0;0;0;0.0;0.0;140;127;69;56;55;15;87;227;165;59;0;;15;2.38;14.7;;;;1.6;0.0;345;63
75.75;781;19;19;1.0;1.19;2.43;22;0;91;43;0;0;0;0.0;0.0;140;127;69;24;55;15;86;228;166;59;0;;15;2.38;14.7;;;;1.6;0.0;345;63
76.14;781;20;20;1.0;1.19;2.43;22;0;91;43;0;0;0;0.0;0.0;140;127;69;8;55;15;87;230;164;59;0;;15;2.5;14.7;;;;1.6;0.0;345;63
76.55;832;19;19;1.0;1.19;2.41;22;0;91;43;0;0;0;0.0;0.0;140;127;69;8;55;15;88;230;163;59;0;;15;2.38;14.7;;;;1.7;0.0;345;63
76.94;871;19;19;1.0;1.2;2.44;22;0;92;43;0;0;0;0.0;0.0;140;127;69;8;55;15;88;230;163;59;0;;15;2.38;14.7;;;;1.8;0.0;345;63
77.34;845;20;20;1.0;1.2;2.45;22;0;90;43;0;0;0;0.0;0.0;140;127;69;24;55;15;88;230;163;59;0;;15;2.5;14.7;;;;1.7;0.0;345;63
77.54;781;20;20;1.0;1.22;2.48;22;0;91;43;0;0;0;0.0;0.0;140;127;69;56;55;15;88;230;163;59;0;;15;2.5;14.7;;;;1.6;0.0;345;63
77.96;820;19;19;1.0;1.19;2.43;22;0;92;43;0;0;0;0.0;0.0;140;127;69;24;55;15;88;229;163;59;0;;15;2.38;14.7;;;;1.7;0.0;345;63
78.35;820;19;19;1.0;1.16;2.35;22;0;89;43;0;0;0;0.0;0.0;140;127;69;8;55;15;88;228;163;59;0;;15;2.38;14.7;;;;1.6;0.0;345;63
78.75;832;19;19;1.0;1.19;2.41;22;0;92;43;0;0;0;0.0;0.0;140;127;69;40;55;15;89;227;162;59;0;;15;2.38;14.7;;;;1.7;0.0;345;63
79.15;820;20;20;1.0;1.21;2.46;22;0;90;43;0;0;0;0.0;0.0;140;127;69;8;55;15;88;230;163;59;0;;15;2.5;14.7;;;;1.7;0.0;345;63
79.56;781;19;19;1.0;1.18;2.4;22;0;91;43;0;0;0;0.0;0.0;140;127;69;40;55;15;88;227;163;59;0;;15;2.38;14.7;;;;1.6;0.0;345;63
79.96;807;20;20;1.0;1.2;2.44;22;0;93;43;0;0;0;0.0;0.0;140;127;69;24;55;15;89;230;162;59;0;;15;2.5;14.7;;;;1.6;0.0;345;63
80.36;807;19;19;1.0;1.2;2.44;22;0;92;43;0;0;0;0.0;0.0;140;127;69;56;55;15;88;230;163;59;0;;15;2.38;14.7;;;;1.6;0.0;345;63
80.75;845;19;19;1.0;1.18;2.4;22;0;91;43;0;0;0;0.0;0.0;140;127;69;8;55;15;88;228;163;59;0;;15;2.38;14.7;;;;1.7;0.0;345;63
81.36;896;19;19;1.0;1.08;2.15;22;0;70;43;0;0;0;0.0;0.0;140;127;69;40;55;15;88;230;163;59;0;;15;2.38;14.7;;;;1.6;0.0;345;63
81.76;832;19;19;1.0;1.09;2.18;22;0;72;43;0;0;0;0.0;0.0;140;127;69;24;55;15;88;228;163;59;0;;15;2.38;14.7;;;;1.5;0.0;345;63
82.17;730;21;21;1.0;1.14;2.31;22;0;75;43;0;0;0;0.0;0.0;140;127;69;24;55;15;87;229;165;59;0;;15;2.62;14.7;;;;1.4;0.0;345;63
82.57;756;21;21;1.0;1.15;2.33;22;0;76;43;0;0;0;0.0;0.0;140;127;69;40;55;15;86;230;166;59;0;;15;2.62;14.7;;;;1.5;0.0;345;63
82.76;807;19;19;1.0;1.08;2.18;22;0;70;43;0;0;0;0.0;0.0;140;127;69;40;55;15;86;226;166;59;0;;15;2.38;14.7;;;;1.5;0.0;345;63
83.16;756;21;21;1.0;1.12;2.27;22;0;73;43;0;0;0;0.0;0.0;140;127;69;8;55;15;86;230;166;59;0;;15;2.62;14.7;;;;1.4;0.0;345;63
83.57;832;20;20;1.0;1.12;2.27;22;0;73;43;0;0;0;0.0;0.0;140;127;69;40;55;15;86;230;166;59;0;;15;2.5;14.7;;;;1.6;0.0;345;63
83.98;768;20;20;1.0;1.11;2.25;22;0;73;43;0;0;0;0.0;0.0;140;127;69;56;55;15;86;228;166;59;0;;15;2.5;14.7;;;;1.4;0.0;345;63
84.37;807;21;21;1.0;1.16;2.34;22;0;75;43;0;0;0;0.0;0.0;140;127;69;56;55;15;87;231;165;59;0;;15;2.62;14.7;;;;1.6;0.0;345;63
84.77;768;21;21;1.0;1.15;2.31;22;0;74;43;0;0;0;0.0;0.0;140;127;69;24;55;15;87;231;166;59;0;;15;2.62;14.7;;;;1.5;0.0;345;63
85.17;832;20;20;1.0;1.12;2.25;22;0;73;43;0;0;0;0.0;0.0;140;127;69;40;55;15;87;230;165;59;0;;15;2.5;14.7;;;;1.6;0.0;345;63
85.58;768;20;20;1.0;1.13;2.28;22;0;73;43;0;0;0;0.0;0.0;140;127;69;8;55;15;87;230;165;59;0;;15;2.5;14.7;;;;1.5;0.0;345;63
85.98;820;20;20;1.0;1.14;2.29;22;0;74;43;0;0;0;0.0;0.0;140;127;69;40;55;15;87;230;165;59;0;;15;2.5;14.7;;;;1.6;0.0;345;63
86.37;756;21;21;1.0;1.15;2.31;22;0;73;43;0;0;0;0.0;0.0;140;127;69;40;55;15;87;231;165;59;0;;15;2.62;14.7;;;;1.5;0.0;345;63
86.77;845;20;20;1.0;1.12;2.25;22;0;73;43;0;0;0;0.0;0.0;140;127;69;40;55;15;87;230;165;59;0;;15;2.5;14.7;;;;1.6;0.0;345;63
87.18;781;21;21;1.0;1.14;2.31;22;0;74;43;0;0;0;0.0;0.0;140;127;69;56;55;15;87;230;165;59;0;;15;2.62;14.7;;;;1.5;0.0;345;63
87.6;781;20;20;1.0;1.12;2.26;22;0;73;43;0;0;0;0.0;0.0;140;127;69;40;55;15;86;230;166;59;0;;15;2.5;14.7;;;;1.5;0.0;345;63
87.98;730;21;21;1.0;1.16;2.35;22;0;76;43;0;0;0;0.0;0.0;140;127;69;8;55;15;87;230;165;59;0;;15;2.62;14.7;;;;1.4;0.0;345;63
88.38;832;20;20;1.0;1.14;2.31;22;0;74;43;0;0;0;0.0;0.0;140;127;69;56;55;15;87;230;164;59;0;;15;2.5;14.7;;;;1.6;0.0;345;63
88.79;768;20;20;1.0;1.12;2.27;22;0;73;43;0;0;0;0.0;0.0;140;127;69;40;55;15;87;230;165;59;0;;15;2.5;14.7;;;;1.4;0.0;345;63
89.4;756;21;21;1.0;1.17;2.39;22;0;76;43;0;0;0;0.0;0.0;140;127;69;40;55;15;87;231;165;59;0;;15;2.62;14.7;;;;1.5;0.0;345;63
89.79;832;20;20;1.0;1.11;2.25;22;0;73;43;0;0;0;0.0;0.0;140;127;69;24;55;15;86;230;166;59;0;;15;2.5;14.7;;;;1.6;0.0;345;63
90.21;756;21;21;1.0;1.14;2.29;22;0;75;43;0;0;0;0.0;0.0;140;127;69;8;55;15;87;230;165;59;0;;15;2.62;14.7;;;;1.4;0.0;345;63
90.61;832;20;20;1.0;1.13;2.28;22;0;72;43;0;0;0;0.0;0.0;140;127;69;24;55;15;87;230;165;59;0;;15;2.5;14.7;;;;1.6;0.0;345;63
91.01;730;21;21;1.0;1.17;2.39;22;0;76;43;0;0;0;0.0;0.0;140;127;69;40;55;15;86;230;166;59;1;;15;2.62;14.7;;;;1.5;0.0;345;63
91.4;820;21;21;1.0;1.15;2.33;22;0;75;43;0;0;0;0.0;0.0;140;127;69;56;55;15;87;231;166;59;0;;15;2.62;14.7;;;;1.6;0.0;345;63
91.61;768;20;20;1.0;1.13;2.28;22;0;73;43;0;0;0;0.0;0.0;140;127;69;8;55;15;87;230;165;59;1;;15;2.5;14.7;;;;1.5;0.0;345;63
92.01;832;20;20;1.0;1.12;2.25;22;0;73;43;0;0;0;0.0;0.0;140;127;69;24;55;15;87;230;165;59;0;;15;2.5;14.7;;;;1.6;0.0;345;63
92.61;807;21;21;1.0;1.14;2.31;22;0;73;43;0;0;0;0.0;0.0;140;127;69;40;55;15;86;232;166;59;0;;15;2.62;14.7;;;;1.6;0.0;345;63
93.01;781;20;20;1.0;1.1;2.21;22;0;71;43;0;0;0;0.0;0.0;140;127;69;24;55;15;87;228;165;59;0;;15;2.5;14.7;;;;1.4;0.0;345;63
93.42;807;21;21;1.0;1.18;2.39;22;0;76;43;0;0;0;0.0;0.0;140;127;69;40;55;15;88;231;163;59;0;;15;2.62;14.7;;;;1.6;0.0;345;63
93.82;756;20;20;1.0;1.11;2.24;22;0;71;43;0;0;0;0.0;0.0;140;127;69;24;55;15;87;230;165;59;0;;15;2.5;14.7;;;;1.4;0.0;345;63
94.21;807;20;20;1.0;1.12;2.27;22;0;73;43;0;0;0;0.0;0.0;140;127;69;40;55;15;87;227;165;59;0;;15;2.5;14.7;;;;1.5;0.0;345;63
95.02;807;20;20;1.0;1.12;2.27;22;0;73;43;0;0;0;0.0;0.0;140;127;69;8;55;15;87;230;165;59;0;;15;2.5;14.7;;;;1.5;0.0;345;63
95.42;768;22;22;1.0;1.18;2.4;22;0;75;43;0;0;0;0.0;0.0;140;127;69;56;55;15;86;231;166;59;0;;15;2.75;14.7;;;;1.5;0.0;345;63
95.82;832;20;20;1.0;1.12;2.27;22;0;72;43;0;0;0;0.0;0.0;140;127;69;40;55;15;87;231;166;59;0;;15;2.5;14.7;;;;1.6;0.0;345;63
96.22;768;20;20;1.0;1.11;2.25;22;0;72;43;0;0;0;0.0;0.0;140;127;69;24;55;15;86;230;166;59;1;;15;2.5;14.7;;;;1.4;0.0;345;63
96.62;820;21;21;1.0;1.14;2.3;22;0;73;43;0;0;0;0.0;0.0;140;127;69;8;55;15;86;231;166;59;0;;15;2.62;14.7;;;;1.6;0.0;345;63
97.03;768;21;21;1.0;1.13;2.29;22;0;72;43;0;0;0;0.0;0.0;140;127;69;56;55;15;86;230;166;59;0;;15;2.62;14.7;;;;1.5;0.0;345;63
97.44;781;21;21;1.0;1.13;2.28;22;0;72;43;0;0;0;0.0;0.0;140;127;69;56;55;15;87;229;165;59;0;;15;2.62;14.7;;;;1.5;0.0;345;63
97.84;820;21;21;1.0;1.16;2.35;22;0;74;43;0;0;0;0.0;0.0;140;127;69;40;55;15;87;231;164;59;0;;15;2.62;14.7;;;;1.6;0.0;345;63
98.64;756;21;21;1.0;1.15;2.33;22;0;73;43;0;0;0;0.0;0.0;140;127;69;24;55;15;86;231;166;59;0;;15;2.62;14.7;;;;1.5;0.0;345;63
99.04;832;20;20;1.0;1.14;2.31;22;0;73;43;0;0;0;0.0;0.0;140;127;69;56;55;15;87;231;165;59;1;;15;2.5;14.7;;;;1.6;0.0;345;63
99.43;768;20;20;1.0;1.12;2.27;22;0;72;43;0;0;0;0.0;0.0;140;127;69;56;55;15;87;230;165;59;0;;15;2.5;14.7;;;;1.4;0.0;345;63
99.84;820;20;20;1.0;1.12;2.25;22;0;72;43;0;0;0;0.0;0.0;140;127;69;24;55;15;87;232;165;59;0;;15;2.5;14.7;;;;1.5;0.0;345;63
100.25;807;21;21;1.0;1.13;2.29;22;0;73;43;0;0;0;0.0;0.0;140;127;69;8;55;15;86;231;166;59;0;;15;2.62;14.7;;;;1.5;0.0;345;63
100.64;781;21;21;1.0;1.15;2.33;22;0;74;43;0;0;0;0.0;0.0;140;127;69;24;55;15;86;233;166;59;1;;15;2.62;14.7;;;;1.5;0.0;345;63
101.04;871;20;20;1.0;1.12;2.25;22;0;72;43;0;0;0;0.0;0.0;140;127;69;24;55;15;87;231;165;59;0;;15;2.5;14.7;;;;1.6;0.0;345;63
101.44;781;21;21;1.0;1.16;2.34;22;0;74;43;0;0;0;0.0;0.0;140;127;69;24;55;15;87;233;165;59;0;;15;2.62;14.7;;;;1.5;0.0;345;63
101.86;832;20;20;1.0;1.12;2.25;22;0;72;43;0;0;0;0.0;0.0;140;127;69;24;55;15;87;233;165;59;0;;15;2.5;14.7;;;;1.6;0.0;345;63
102.25;756;22;22;1.0;1.19;2.42;22;0;75;43;0;0;0;0.0;0.0;140;127;69;56;55;15;87;233;165;59;0;;15;2.75;14.7;;;;1.5;0.0;345;63
102.65;820;20;20;1.0;1.1;2.23;22;0;71;43;0;0;0;0.0;0.0;140;127;69;40;55;15;86;232;166;59;0;;15;2.5;14.7;;;;1.5;0.0;345;63
103.06;871;20;20;1.0;1.12;2.27;22;0;73;43;0;0;0;0.0;0.0;140;127;69;40;55;15;86;234;166;59;0;;15;2.5;14.7;;;;1.7;0.0;345;63
103.46;820;21;21;1.0;1.14;2.31;22;0;73;43;0;0;0;0.0;0.0;140;127;69;24;55;15;87;233;165;59;0;;15;2.62;14.7;;;;1.6;0.0;345;63
103.86;756;21;21;1.0;1.15;2.33;22;0;72;43;0;0;0;0.0;0.0;140;127;69;40;55;15;87;233;165;59;0;;15;2.62;14.7;;;;1.5;0.0;345;63
104.27;820;20;20;1.0;1.1;2.23;22;0;71;43;0;0;0;0.0;0.0;140;127;69;8;55;15;86;232;166;59;0;;15;2.5;14.7;;;;1.5;0.0;345;63
104.66;832;21;21;1.0;1.14;2.31;22;0;74;43;0;0;0;0.0;0.0;140;127;69;8;55;15;86;233;166;59;0;;15;2.62;14.7;;;;1.6;0.0;345;63
104.85;756;21;21;1.0;1.14;2.31;22;0;73;43;0;0;0;0.0;0.0;140;127;69;8;55;15;86;233;166;59;0;;15;2.62;14.7;;;;1.5;0.0;345;63
105.67;781;20;20;1.0;1.12;2.27;22;0;72;43;0;0;0;0.0;0.0;140;127;69;40;55;15;87;233;165;59;0;;15;2.5;14.7;;;;1.5;0.0;345;63
106.06;845;20;20;1.0;1.12;2.26;22;0;73;43;0;0;0;0.0;0.0;140;127;69;24;55;15;86;233;166;59;0;;15;2.5;14.7;;;;1.6;0.0;345;63
106.46;781;20;20;1.0;1.12;2.26;22;0;72;43;0;0;0;0.0;0.0;140;127;69;24;55;15;86;231;166;59;0;;15;2.5;14.7;;;;1.5;0.0;345;63
106.87;756;21;21;1.0;1.16;2.34;22;0;73;43;0;0;0;0.0;0.0;140;127;69;56;55;15;87;233;165;59;0;;15;2.62;14.7;;;;1.5;0.0;345;63
107.27;832;21;21;1.0;1.15;2.33;22;0;75;43;0;0;0;0.0;0.0;140;127;69;40;55;15;87;233;165;59;0;;15;2.62;14.7;;;;1.6;0.0;345;63
107.69;820;21;21;1.0;1.14;2.31;22;0;73;43;0;0;0;0.0;0.0;140;127;69;56;55;15;87;233;165;59;0;;15;2.62;14.7;;;;1.6;0.0;345;63
108.07;807;20;20;1.0;1.1;2.23;22;0;71;43;0;0;0;0.0;0.0;140;127;69;24;55;15;86;232;166;59;0;;15;2.5;14.7;;;;1.5;0.0;345;63
108.28;845;20;20;1.0;1.14;2.29;22;0;74;43;0;0;0;0.0;0.0;140;127;69;40;55;15;87;232;165;59;1;;15;2.5;14.7;;;;1.6;0.0;345;63
108.69;768;21;21;1.0;1.16;2.36;22;0;74;43;0;0;0;0.0;0.0;140;127;69;8;55;15;86;232;165;59;0;;15;2.62;14.7;;;;1.5;0.0;345;63
109.49;768;20;20;1.0;1.01;1.98;22;0;50;43;0;0;0;0.0;0.0;140;127;69;24;55;15;87;232;165;59;0;;15;2.5;14.7;;;;1.3;0.0;345;63
109.88;781;21;21;1.0;1.14;2.29;22;0;66;43;0;0;0;0.0;0.0;140;127;69;56;55;15;89;230;162;59;0;;15;2.62;14.7;;;;1.5;0.0;345;63
110.29;781;21;21;1.0;1.08;2.16;22;0;58;43;0;0;0;0.0;0.0;140;127;69;8;55;15;88;233;163;59;0;;15;2.62;14.7;;;;1.4;0.0;345;63
110.69;756;22;22;1.0;1.18;2.39;22;0;71;43;0;0;0;0.0;0.0;140;127;69;56;55;15;87;234;164;59;1;;15;2.75;14.7;;;;1.5;0.0;345;63
111.09;832;21;21;1.0;1.13;2.29;22;0;64;43;0;0;0;0.0;0.0;140;127;69;56;55;15;86;235;166;59;1;;15;2.62;14.7;;;;1.6;0.0;345;63
111.49;730;22;22;1.0;1.17;2.36;22;0;69;43;0;0;0;0.0;0.0;140;127;69;56;55;15;88;233;163;59;0;;15;2.75;14.7;;;;1.4;0.0;345;63
111.9;781;22;22;1.0;1.17;2.38;22;0;70;43;0;0;0;0.0;0.0;140;127;69;56;55;15;87;233;164;59;0;;15;2.75;14.7;;;;1.5;0.0;345;63
112.29;781;22;22;1.0;1.18;2.41;22;0;72;43;0;0;0;0.0;0.0;140;127;69;56;55;15;87;234;165;59;0;;15;2.75;14.7;;;;1.6;0.0;345;63
112.5;730;22;22;1.0;1.1;2.21;22;0;61;43;0;0;0;0.0;0.0;140;127;69;40;55;15;86;233;166;59;0;;15;2.75;14.7;;;;1.3;0.0;345;63
112.9;871;21;21;1.0;1.12;2.26;22;0;67;43;0;0;0;0.0;0.0;140;127;69;24;55;15;86;235;166;59;0;;15;2.62;14.7;;;;1.6;0.0;345;63
113.29;730;22;22;1.0;1.15;2.33;22;0;65;43;0;0;0;0.0;0.0;140;127;69;56;55;15;86;235;164;59;0;;15;2.75;14.7;;;;1.4;0.0;345;63
113.71;820;21;21;1.0;1.1;2.23;22;0;63;43;0;0;0;0.0;0.0;140;127;69;8;55;15;86;236;166;59;0;;15;2.62;14.7;;;;1.5;0.0;345;63
114.1;807;22;22;1.0;1.1;2.21;22;0;65;43;0;0;0;0.0;0.0;140;127;69;56;55;15;86;237;166;59;0;;15;2.75;14.7;;;;1.5;0.0;345;63
114.5;781;21;21;1.0;1.11;2.25;22;0;62;43;0;0;0;0.0;0.0;156;127;69;24;55;15;86;235;166;59;0;;15;2.62;14.7;;;;1.5;0.0;345;63
114.92;820;22;22;1.0;1.14;2.31;22;0;68;43;0;0;0;0.0;0.0;140;127;69;56;55;15;86;237;166;59;0;;15;2.75;14.7;;;;1.6;0.0;345;63
115.32;756;21;21;1.0;1.07;2.14;22;0;59;43;0;0;0;0.0;0.0;140;127;69;24;55;15;87;233;165;59;1;;15;2.62;14.7;;;;1.3;0.0;345;63
115.71;807;22;22;1.0;1.13;2.28;22;0;67;43;0;0;0;0.0;0.0;140;127;69;8;55;15;87;236;165;59;0;;15;2.75;14.7;;;;1.5;0.0;345;63
116.11;756;22;22;1.0;1.12;2.25;22;0;63;43;0;0;0;0.0;0.0;140;127;69;56;55;15;87;234;165;59;0;;15;2.75;14.7;;;;1.4;0.0;345;63
116.52;820;22;22;1.0;1.17;2.38;22;0;72;43;0;0;0;0.0;0.0;140;127;69;40;55;15;87;236;165;59;1;;15;2.75;14.7;;;;1.6;0.0;345;63
116.92;756;22;22;1.0;1.11;2.23;22;0;61;43;0;0;0;0.0;0.0;140;127;69;24;55;15;88;237;163;59;0;;15;2.75;14.7;;;;1.4;0.0;345;63
117.33;832;21;21;1.0;1.13;2.28;22;0;67;43;0;0;0;0.0;0.0;140;127;69;24;55;15;87;236;165;59;0;;15;2.62;14.7;;;;1.6;0.0;345;63
117.73;756;21;21;1.0;1.07;2.14;22;0;59;43;0;0;0;0.0;0.0;140;127;69;8;55;15;87;232;165;59;0;;15;2.62;14.7;;;;1.3;0.0;345;63
118.12;807;22;22;1.0;1.16;2.34;22;0;69;43;0;0;0;0.0;0.0;140;127;69;8;55;15;87;236;165;59;0;;15;2.75;14.7;;;;1.6;0.0;345;63
118.52;756;22;22;1.0;1.12;2.26;22;0;64;43;0;0;0;0.0;0.0;140;127;69;8;55;15;86;235;166;59;1;;15;2.75;14.7;;;;1.4;0.0;345;63
118.73;832;22;22;1.0;1.17;2.39;22;0;71;43;0;0;0;0.0;0.0;140;127;69;40;55;15;86;237;166;59;0;;15;2.75;14.7;;;;1.7;0.0;345;63
119.14;807;21;21;1.0;1.04;2.08;22;0;55;43;0;0;0;0.0;0.0;140;127;69;56;55;15;86;235;166;59;1;;15;2.62;14.7;;;;1.4;0.0;345;63
119.54;820;21;21;1.0;1.11;2.23;22;0;66;43;0;0;0;0.0;0.0;140;127;69;8;55;15;87;232;166;59;0;;15;2.62;14.7;;;;1.5;0.0;345;63
119.93;756;22;22;1.0;1.18;2.39;22;0;69;43;0;0;0;0.0;0.0;140;127;69;56;55;15;87;235;165;59;0;;15;2.75;14.7;;;;1.5;0.0;345;63
120.34;807;21;21;1.0;1.11;2.24;22;0;66;43;0;0;0;0.0;0.0;140;127;69;8;55;15;87;236;166;59;0;;15;2.62;14.7;;;;1.5;0.0;345;63
120.75;820;21;21;1.0;1.07;2.15;22;0;59;43;0;0;0;0.0;0.0;140;127;69;40;55;15;86;235;166;59;0;;15;2.62;14.7;;;;1.5;0.0;345;63
121.15;781;22;22;1.0;1.14;2.31;22;0;66;43;0;0;0;0.0;0.0;140;127;69;8;55;15;87;237;164;59;0;;15;2.75;14.7;;;;1.5;0.0;345;63
121.73;832;22;22;1.0;1.28;2.66;22;0;90;43;0;0;0;0.0;0.0;140;127;69;40;55;15;87;238;165;59;1;;15;2.75;14.7;;;;1.8;0.0;345;63
122.15;922;20;20;1.0;1.26;2.61;22;0;108;43;0;0;0;0.0;0.0;140;127;69;24;55;15;86;238;166;59;1;;15;2.5;14.7;;;;2.0;0.0;345;63
122.54;884;19;19;1.0;1.24;2.54;22;0;116;43;0;0;0;0.0;0.0;140;127;69;56;55;15;87;235;165;59;1;;15;2.38;14.7;;;;1.9;0.0;345;63
122.94;922;20;20;1.0;1.3;2.71;22;0;113;43;0;0;0;0.0;0.0;140;127;69;8;55;15;87;236;165;59;1;;15;2.5;14.7;;;;2.1;0.0;345;63
123.36;884;20;20;1.0;1.28;2.66;22;0;107;43;0;0;0;0.0;0.0;140;127;69;8;55;15;87;236;165;59;1;;15;2.5;14.7;;;;2.0;0.0;345;63
123.76;832;19;19;1.0;1.27;2.62;22;0;108;43;0;0;0;0.0;0.0;140;127;69;8;55;15;87;232;165;59;1;;15;2.38;14.7;;;;1.8;0.0;345;63
124.16;832;20;20;1.0;1.31;2.74;22;0;111;43;0;0;0;0.0;0.0;140;127;69;56;55;15;87;235;165;59;0;;15;2.5;14.7;;;;1.9;0.0;345;63
124.56;832;20;20;1.0;1.31;2.73;22;0;113;43;0;0;0;0.0;0.0;140;127;69;56;55;15;87;234;165;59;1;;15;2.5;14.7;;;;1.9;0.0;345;63
124.95;845;20;20;1.0;1.32;2.76;22;0;115;43;0;0;0;0.0;0.0;140;127;69;40;55;15;88;234;163;59;1;;15;2.5;14.7;;;;1.9;0.0;345;63
125.37;820;19;19;1.0;1.27;2.62;22;0;111;43;0;0;0;0.0;0.0;140;127;69;8;55;15;87;230;165;59;1;;15;2.38;14.7;;;;1.8;0.0;345;63
125.76;820;20;20;1.0;1.34;2.81;22;0;120;43;0;0;0;0.0;0.0;140;127;69;40;55;15;87;234;165;59;1;;15;2.5;14.7;;;;1.9;0.0;345;63
126.17;820;19;19;1.0;1.28;2.68;22;0;121;43;0;0;0;0.0;0.0;140;127;69;40;55;15;86;231;166;59;1;;15;2.38;14.7;;;;1.8;0.0;345;63
126.57;807;20;20;1.0;1.35;2.83;22;0;122;43;0;0;0;0.0;0.0;156;127;69;8;55;15;87;231;165;59;1;;15;2.5;14.7;;;;1.9;0.0;345;63
126.76;832;20;20;1.0;1.33;2.8;22;0;118;43;0;0;0;0.0;0.0;140;127;69;56;55;15;86;233;166;59;1;;15;2.5;14.7;;;;1.9;0.0;345;63
127.16;807;20;20;1.0;1.34;2.81;22;0;121;43;0;0;0;0.0;0.0;140;127;69;56;55;15;86;231;166;59;1;;15;2.5;14.7;;;;1.9;0.0;345;63
127.58;781;20;20;1.0;1.35;2.85;22;0;119;43;0;0;0;0.0;0.0;140;127;69;56;55;15;86;232;166;59;1;;15;2.5;14.7;;;;1.9;0.0;345;63
127.96;768;20;20;1.0;1.35;2.85;22;0;121;43;0;0;0;0.0;0.0;140;127;69;40;55;15;86;231;166;59;1;;15;2.5;14.7;;;;1.8;0.0;345;63
128.36;832;20;20;1.0;1.29;2.69;22;0;112;43;0;0;0;0.0;0.0;140;127;69;24;55;15;86;230;166;59;1;;15;2.5;14.7;;;;1.9;0.0;345;63
128.76;871;19;19;1.0;1.26;2.6;22;0;112;43;0;0;0;0.0;0.0;140;127;69;8;55;15;86;229;166;59;0;;15;2.38;14.7;;;;1.9;0.0;345;63
129.18;884;19;19;1.0;1.28;2.68;22;0;112;43;0;0;0;0.0;0.0;140;127;69;8;55;15;86;229;166;59;1;;15;2.38;14.7;;;;2.0;0.0;345;63
129.58;884;20;20;1.0;1.28;2.67;22;0;116;43;0;0;0;0.0;0.0;140;127;69;24;55;15;87;231;165;59;1;;15;2.5;14.7;;;;2.0;0.0;345;63
129.97;807;20;20;1.0;1.29;2.69;22;0;105;43;0;0;0;0.0;0.0;140;127;69;40;55;15;87;232;164;59;1;;15;2.5;14.7;;;;1.8;0.0;345;63
130.39;781;20;20;1.0;1.34;2.81;22;0;115;43;0;0;0;0.0;0.0;140;127;69;56;55;15;87;232;165;59;1;;15;2.5;14.7;;;;1.8;0.0;345;63
130.79;807;20;20;1.0;1.33;2.79;22;0;119;43;0;0;0;0.0;0.0;140;127;69;40;55;15;87;232;165;59;1;;15;2.5;14.7;;;;1.9;0.0;345;63
131.19;832;20;20;1.0;1.33;2.79;22;0;116;43;0;0;0;0.0;0.0;140;127;69;56;55;15;87;232;165;59;1;;15;2.5;14.7;;;;1.9;0.0;345;63
131.58;820;20;20;1.0;1.35;2.85;22;0;119;43;0;0;0;0.0;0.0;140;127;69;40;55;15;86;232;166;59;1;;15;2.5;14.7;;;;1.9;0.0;345;63
131.99;845;20;20;1.0;1.3;2.71;22;0;104;43;0;0;0;0.0;0.0;140;127;69;56;55;15;87;232;165;59;1;;15;2.5;14.7;;;;1.9;0.0;345;63
132.39;768;21;21;1.0;1.34;2.81;22;0;112;43;0;0;0;0.0;0.0;140;127;69;24;55;15;87;232;165;59;1;;15;2.62;14.7;;;;1.8;0.0;345;63
132.79;820;20;20;1.0;1.33;2.79;22;0;116;43;0;0;0;0.0;0.0;140;127;69;40;55;15;87;231;165;59;1;;15;2.5;14.7;;;;1.9;0.0;345;63
133.0;884;20;20;1.0;1.32;2.75;22;0;117;43;0;0;0;0.0;0.0;140;127;69;40;55;15;87;231;165;59;1;;15;2.5;14.7;;;;2.0;0.0;345;63
133.4;871;19;19;1.0;1.33;2.79;22;0;120;43;0;0;0;0.0;0.0;140;127;69;56;55;15;86;231;166;59;1;;15;2.38;14.7;;;;2.0;0.0;345;63
133.8;820;20;20;1.0;1.31;2.73;22;0;112;43;0;0;0;0.0;0.0;140;127;69;56;55;15;86;231;166;59;1;;15;2.5;14.7;;;;1.9;0.0;345;63
134.2;756;21;21;1.0;1.34;2.81;22;0;113;43;0;0;0;0.0;0.0;140;127;69;8;55;15;87;232;165;59;1;;15;2.62;14.7;;;;1.8;0.0;345;63
134.6;871;20;20;1.0;1.28;2.65;22;0;105;43;0;0;0;0.0;0.0;140;127;69;40;55;15;86;231;165;59;1;;15;2.5;14.7;;;;1.9;0.0;345;63
135.02;832;19;19;1.0;1.33;2.78;22;0;121;43;0;0;0;0.0;0.0;140;127;69;24;55;15;87;230;165;59;1;;15;2.38;14.7;;;;1.9;0.0;345;63
135.41;768;21;21;1.0;1.35;2.83;22;0;114;43;0;0;0;0.0;0.0;140;127;69;8;55;15;88;231;163;59;1;;15;2.62;14.7;;;;1.8;0.0;345;63
135.8;832;20;20;1.0;1.3;2.71;22;0;109;43;0;0;0;0.0;0.0;140;127;69;40;55;15;86;231;166;59;1;;15;2.5;14.7;;;;1.9;0.0;345;63
136.22;871;20;20;1.0;1.3;2.71;22;0;111;43;0;0;0;0.0;0.0;140;127;69;56;55;15;87;231;165;59;1;;15;2.5;14.7;;;;2.0;0.0;345;63
136.62;781;20;20;1.0;1.34;2.83;22;0;123;43;0;0;0;0.0;0.0;140;127;69;24;55;15;86;229;166;59;1;;15;2.5;14.7;;;;1.8;0.0;345;63
137.02;768;20;20;1.0;1.33;2.79;22;0;117;43;0;0;0;0.0;0.0;140;127;69;8;55;15;86;230;166;59;1;;15;2.5;14.7;;;;1.8;0.0;345;63
137.41;832;20;20;1.0;1.3;2.71;22;0;110;43;0;0;0;0.0;0.0;140;127;69;40;55;15;87;230;166;59;1;;15;2.5;14.7;;;;1.9;0.0;345;63
137.81;820;20;20;1.0;1.34;2.81;22;0;116;43;0;0;0;0.0;0.0;140;127;69;24;55;15;87;231;165;59;1;;15;2.5;14.7;;;;1.9;0.0;345;63
138.22;756;21;21;1.0;1.33;2.79;22;0;112;43;0;0;0;0.0;0.0;140;127;69;24;55;15;87;230;165;59;1;;15;2.62;14.7;;;;1.8;0.0;345;63
138.61;820;20;20;1.0;1.32;2.77;22;0;112;43;0;0;0;0.0;0.0;140;127;69;8;55;15;86;231;166;59;1;;15;2.5;14.7;;;;1.9;0.0;345;63
139.02;781;20;20;1.0;1.36;2.87;22;0;121;43;0;0;0;0.0;0.0;140;127;69;56;55;15;87;231;165;59;1;;15;2.5;14.7;;;;1.9;0.0;345;63
139.22;807;20;20;1.0;1.35;2.83;22;0;124;43;0;0;0;0.0;0.0;140;127;69;24;55;15;86;230;166;59;1;;15;2.5;14.7;;;;1.9;0.0;345;63
139.61;781;20;20;1.0;1.31;2.73;22;0;116;43;0;0;0;0.0;0.0;140;127;69;8;55;15;86;229;166;59;1;;15;2.5;14.7;;;;1.8;0.0;345;63
140.02;845;20;20;1.0;1.32;2.75;22;0;116;43;0;0;0;0.0;0.0;140;127;69;24;55;15;87;229;165;59;1;;15;2.5;14.7;;;;1.9;0.0;345;63
140.43;820;20;20;1.0;1.32;2.76;22;0;121;43;0;0;0;0.0;0.0;140;127;69;24;55;15;86;230;166;59;1;;15;2.5;14.7;;;;1.9;0.0;345;63
140.82;807;20;20;1.0;1.33;2.8;22;0;120;43;0;0;0;0.0;0.0;140;127;69;56;55;15;86;231;166;59;1;;15;2.5;14.7;;;;1.9;0.0;345;63
141.23;820;20;20;1.0;1.31;2.73;22;0;116;43;0;0;0;0.0;0.0;140;127;69;56;55;15;86;230;166;59;1;;15;2.5;14.7;;;;1.9;0.0;345;63
141.63;832;20;20;1.0;1.32;2.76;22;0;115;43;0;0;0;0.0;0.0;140;127;69;8;55;15;86;230;166;59;1;;15;2.5;14.7;;;;1.9;0.0;345;63
142.02;768;20;20;1.0;1.35;2.85;22;0;118;43;0;0;0;0.0;0.0;140;127;69;24;55;15;86;231;166;59;1;;15;2.5;14.7;;;;1.8;0.0;345;63
142.42;832;19;19;1.0;1.28;2.66;22;0;114;43;0;0;0;0.0;0.0;140;127;69;24;55;15;87;228;165;59;1;;15;2.38;14.7;;;;1.8;0.0;345;63
142.84;781;20;20;1.0;1.31;2.73;22;0;114;43;0;0;0;0.0;0.0;140;127;69;8;55;15;87;228;165;59;1;;15;2.5;14.7;;;;1.8;0.0;345;63
143.24;807;20;20;1.0;1.31;2.73;22;0;120;43;0;0;0;0.0;0.0;140;127;69;56;55;15;87;228;165;59;1;;15;2.5;14.7;;;;1.8;0.0;345;63
143.65;820;20;20;1.0;1.33;2.79;22;0;118;43;0;0;0;0.0;0.0;140;127;69;8;55;15;86;230;166;59;1;;15;2.5;14.7;;;;1.9;0.0;345;63
144.03;781;21;21;1.0;1.31;2.73;22;0;105;43;0;0;0;0.0;0.0;140;127;69;8;55;15;87;230;165;59;1;;15;2.62;14.7;;;;1.8;0.0;345;63
144.43;768;20;20;1.0;1.35;2.83;22;0;119;43;0;0;0;0.0;0.0;140;127;69;40;55;15;87;230;165;59;1;;15;2.5;14.7;;;;1.8;0.0;345;63
144.85;832;19;19;1.0;1.3;2.71;22;0;118;43;0;0;0;0.0;0.0;140;127;69;56;55;15;86;228;166;59;1;;15;2.38;14.7;;;;1.9;0.0;345;63
145.25;871;20;20;1.0;1.3;2.71;22;0;108;43;0;0;0;0.0;0.0;140;127;69;40;55;15;86;230;166;59;1;;15;2.5;14.7;;;;2.0;0.0;345;63
145.44;768;20;20;1.0;1.33;2.79;22;0;108;43;0;0;0;0.0;0.0;140;127;69;8;55;15;87;230;165;59;1;;15;2.5;14.7;;;;1.8;0.0;345;63
145.84;820;20;20;1.0;1.29;2.69;22;0;115;43;0;0;0;0.0;0.0;140;127;69;8;55;15;86;230;166;59;1;;15;2.5;14.7;;;;1.8;0.0;345;63
146.25;820;20;20;1.0;1.31;2.73;22;0;104;43;0;0;0;0.0;0.0;140;127;69;56;55;15;86;230;166;59;1;;15;2.5;14.7;;;;1.9;0.0;345;63
146.65;756;20;20;1.0;1.35;2.83;22;0;120;43;0;0;0;0.0;0.0;140;127;69;40;55;15;88;228;163;59;1;;15;2.5;14.7;;;;1.8;0.0;345;63
147.05;832;20;20;1.0;1.29;2.68;22;0;104;43;0;0;0;0.0;0.0;140;127;69;24;55;15;88;230;163;59;1;;15;2.5;14.7;;;;1.9;0.0;345;63
147.45;768;20;20;1.0;1.35;2.83;22;0;121;43;0;0;0;0.0;0.0;140;127;69;40;55;15;89;228;162;59;1;;15;2.5;14.7;;;;1.8;0.0;345;63
147.86;832;20;20;1.0;1.32;2.77;22;0;118;43;0;0;0;0.0;0.0;140;127;69;56;55;15;87;229;164;59;1;;15;2.5;14.7;;;;1.9;0.0;345;63
148.26;781;21;21;1.0;1.3;2.71;22;0;103;43;0;0;0;0.0;0.0;140;127;69;8;55;15;87;231;165;59;1;;15;2.62;14.7;;;;1.8;0.0;345;63
148.65;768;20;20;1.0;1.35;2.83;22;0;119;43;0;0;0;0.0;0.0;140;127;69;40;55;15;86;230;166;59;1;;15;2.5;14.7;;;;1.8;0.0;345;63
149.07;871;19;19;1.0;1.32;2.77;22;0;121;43;0;0;0;0.0;0.0;140;127;69;40;55;15;86;229;166;59;1;;15;2.38;14.7;;;;2.0;0.0;345;63
149.45;832;19;19;1.0;1.33;2.79;22;0;121;43;0;0;0;0.0;0.0;140;127;69;56;55;15;86;229;166;59;1;;15;2.38;14.7;;;;1.9;0.0;345;63
149.88;768;20;20;1.0;1.35;2.83;22;0;118;43;0;0;0;0.0;0.0;140;127;69;8;55;15;87;230;165;59;1;;15;2.5;14.7;;;;1.8;0.0;345;63
150.27;781;20;20;1.0;1.33;2.79;22;0;115;43;0;0;0;0.0;0.0;140;127;69;24;55;15;87;229;166;59;1;;15;2.5;14.7;;;;1.8;0.0;345;63
150.67;781;20;20;1.0;1.34;2.81;22;0;114;43;0;0;0;0.0;0.0;140;127;69;8;55;15;86;231;165;59;1;;15;2.5;14.7;;;;1.8;0.0;345;63
151.07;781;20;20;1.0;1.34;2.83;22;0;122;43;0;0;0;0.0;0.0;140;127;69;40;55;15;86;230;166;59;1;;15;2.5;14.7;;;;1.8;0.0;345;63
151.46;845;20;20;1.0;1.31;2.75;22;0;118;43;0;0;0;0.0;0.0;140;127;69;56;55;15;86;229;166;59;1;;15;2.5;14.7;;;;1.9;0.0;345;63
151.67;781;21;21;1.0;1.32;2.76;22;0;107;43;0;0;0;0.0;0.0;140;127;69;24;55;15;86;231;166;59;1;;15;2.62;14.7;;;;1.8;0.0;345;63
152.06;820;20;20;1.0;1.33;2.79;22;0;118;43;0;0;0;0.0;0.0;140;127;69;56;55;15;87;230;165;59;1;;15;2.5;14.7;;;;1.9;0.0;345;63
152.49;871;20;20;1.0;1.33;2.79;22;0;119;43;0;0;0;0.0;0.0;140;127;69;40;55;15;87;231;165;59;1;;15;2.5;14.7;;;;2.0;0.0;345;63
152.87;781;21;21;1.0;1.3;2.71;22;0;105;43;0;0;0;0.0;0.0;140;127;69;56;55;15;87;231;166;59;1;;15;2.62;14.7;;;;1.8;0.0;345;63
153.27;781;20;20;1.0;1.36;2.84;22;0;118;43;0;0;0;0.0;0.0;140;127;69;56;55;15;89;231;162;59;1;;15;2.5;14.7;;;;1.8;0.0;345;63
153.68;884;20;20;1.0;1.33;2.77;22;0;119;43;0;0;0;0.0;0.0;140;127;69;8;55;15;88;231;163;59;1;;15;2.5;14.7;;;;2.0;0.0;345;63
154.08;756;21;21;1.0;1.34;2.79;22;0;108;43;0;0;0;0.0;0.0;140;127;69;8;55;15;89;231;162;59;1;;15;2.62;14.7;;;;1.8;0.0;345;63
154.48;832;20;20;1.0;1.32;2.75;22;0;115;43;0;0;0;0.0;0.0;140;127;69;8;55;15;88;230;163;59;1;;15;2.5;14.7;;;;1.9;0.0;345;63
154.88;807;20;20;1.0;1.29;2.69;22;0;106;43;0;0;0;0.0;0.0;140;127;69;40;55;15;88;230;164;59;1;;15;2.5;14.7;;;;1.8;0.0;345;63
155.29;768;20;20;1.0;1.34;2.81;22;0;115;43;0;0;0;0.0;0.0;140;127;69;40;55;15;86;230;165;59;1;;15;2.5;14.7;;;;1.8;0.0;345;63
155.69;768;21;21;1.0;1.3;2.73;22;0;104;43;0;0;0;0.0;0.0;140;127;69;40;55;15;86;231;166;59;1;;15;2.62;14.7;;;;1.7;0.0;345;63
156.08;807;20;20;1.0;1.33;2.8;22;0;121;43;0;0;0;0.0;0.0;140;127;69;8;55;15;86;229;166;59;1;;15;2.5;14.7;;;;1.9;0.0;345;63
156.5;832;20;20;1.0;1.31;2.73;22;0;121;43;0;0;0;0.0;0.0;140;127;69;56;55;15;86;230;166;59;1;;15;2.5;14.7;;;;1.9;0.0;345;63
156.89;845;20;20;1.0;1.28;2.67;22;0;116;43;0;0;0;0.0;0.0;140;127;69;8;55;15;87;229;165;59;1;;15;2.5;14.7;;;;1.9;0.0;345;63
157.3;768;21;21;1.0;1.3;2.71;22;0;105;43;0;0;0;0.0;0.0;140;127;69;56;55;15;88;230;163;59;1;;15;2.62;14.7;;;;1.7;0.0;345;63
157.69;820;20;20;1.0;1.33;2.77;22;0;115;43;0;0;0;0.0;0.0;140;127;69;56;55;15;88;230;163;59;1;;15;2.5;14.7;;;;1.9;0.0;345;63
157.91;845;20;20;1.0;1.32;2.75;22;0;115;43;0;0;0;0.0;0.0;140;127;69;56;55;15;88;230;163;59;1;;15;2.5;14.7;;;;1.9;0.0;345;63
158.29;781;20;20;1.0;1.36;2.86;22;0;120;43;0;0;0;0.0;0.0;140;127;69;24;55;15;88;231;163;59;1;;15;2.5;14.7;;;;1.9;0.0;345;63
158.7;807;20;20;1.0;1.33;2.79;22;0;116;43;0;0;0;0.0;0.0;140;127;69;8;55;15;88;230;162;59;1;;15;2.5;14.7;;;;1.9;0.0;345;63
159.11;768;20;20;1.0;1.32;2.74;22;0;110;43;0;0;0;0.0;0.0;140;127;69;8;55;15;89;229;162;59;1;;15;2.5;14.7;;;;1.8;0.0;345;63
159.51;768;20;20;1.0;1.34;2.81;22;0;116;43;0;0;0;0.0;0.0;140;127;69;8;55;15;87;230;165;59;1;;15;2.5;14.7;;;;1.8;0.0;345;63
159.9;820;20;20;1.0;1.32;2.77;22;0;120;43;0;0;0;0.0;0.0;140;127;69;8;55;15;86;229;166;59;1;;15;2.5;14.7;;;;1.9;0.0;345;63
160.3;768;19;19;1.0;1.29;2.7;22;0;116;43;0;0;0;0.0;0.0;140;127;69;8;55;15;86;226;166;59;1;;15;2.38;14.7;;;;1.7;0.0;345;63
160.71;781;20;20;1.0;1.31;2.73;22;0;113;43;0;0;0;0.0;0.0;140;127;69;56;55;15;86;229;166;59;1;;15;2.5;14.7;;;;1.8;0.0;345;63
161.12;845;20;20;1.0;1.31;2.73;22;0;111;43;0;0;0;0.0;0.0;140;127;69;40;55;15;87;230;165;59;1;;15;2.5;14.7;;;;1.9;0.0;345;63
161.52;768;20;20;1.0;1.33;2.77;22;0;117;43;0;0;0;0.0;0.0;140;127;69;8;55;15;88;228;163;59;1;;15;2.5;14.7;;;;1.8;0.0;345;63
161.91;807;19;19;1.0;1.33;2.77;22;0;119;43;0;0;0;0.0;0.0;140;127;69;24;55;15;89;228;162;59;1;;15;2.38;14.7;;;;1.9;0.0;345;63
162.32;845;20;20;1.0;1.34;2.8;22;0;121;43;0;0;0;0.0;0.0;140;127;69;8;55;15;88;228;163;59;1;;15;2.5;14.7;;;;2.0;0.0;345;63
162.71;768;20;20;1.0;1.35;2.83;22;0;115;43;0;0;0;0.0;0.0;140;127;69;24;55;15;88;230;163;59;1;;15;2.5;14.7;;;;1.8;0.0;345;63
163.11;832;19;19;1.0;1.33;2.77;22;0;120;43;0;0;0;0.0;0.0;140;127;69;40;55;15;88;229;163;59;1;;15;2.38;14.7;;;;1.9;0.0;345;63
163.51;781;20;20;1.0;1.29;2.7;22;0;105;43;0;0;0;0.0;0.0;140;127;69;56;55;15;86;230;166;59;1;;15;2.5;14.7;;;;1.8;0.0;345;63
163.93;768;19;19;1.0;1.32;2.76;22;0;119;43;0;0;0;0.0;0.0;140;127;69;8;55;15;86;227;166;59;1;;15;2.38;14.7;;;;1.8;0.0;345;63
164.12;832;20;20;1.0;1.28;2.66;22;0;106;43;0;0;0;0.0;0.0;140;127;69;56;55;15;87;228;165;59;1;;15;2.5;14.7;;;;1.8;0.0;345;63
164.52;756;21;21;1.0;1.32;2.76;22;0;110;43;0;0;0;0.0;0.0;140;127;69;8;55;15;86;230;166;59;1;;15;2.62;14.7;;;;1.7;0.0;345;63
164.92;820;20;20;1.0;1.33;2.79;22;0;114;43;0;0;0;0.0;0.0;140;127;69;24;55;15;86;230;166;59;1;;15;2.5;14.7;;;;1.9;0.0;345;63
165.34;807;20;20;1.0;1.32;2.77;22;0;117;43;0;0;0;0.0;0.0;140;127;69;8;55;15;87;229;164;59;1;;15;2.5;14.7;;;;1.9;0.0;345;63
165.73;781;20;20;1.0;1.35;2.83;22;0;121;43;0;0;0;0.0;0.0;140;127;69;56;55;15;88;228;163;59;1;;15;2.5;14.7;;;;1.8;0.0;345;63
166.14;807;21;21;1.0;1.3;2.7;22;0;102;43;0;0;0;0.0;0.0;140;127;69;8;55;15;88;230;163;59;1;;15;2.62;14.7;;;;1.8;0.0;345;63
166.53;781;20;20;1.0;1.35;2.83;22;0;122;43;0;0;0;0.0;0.0;140;127;69;56;55;15;87;229;165;59;1;;15;2.5;14.7;;;;1.8;0.0;345;63
166.94;832;20;20;1.0;1.33;2.78;22;0;115;43;0;0;0;0.0;0.0;140;127;69;56;55;15;87;230;165;59;1;;15;2.5;14.7;;;;1.9;0.0;345;63
167.35;781;20;20;1.0;1.3;2.71;22;0;110;43;0;0;0;0.0;0.0;140;127;69;24;55;15;87;228;162;59;1;;15;2.5;14.7;;;;1.8;0.0;345;63
167.73;781;20;20;1.0;1.34;2.8;22;0;116;43;0;0;0;0.0;0.0;140;127;69;8;55;15;88;230;163;59;1;;15;2.5;14.7;;;;1.8;0.0;345;63
168.15;871;20;20;1.0;1.31;2.73;22;0;115;43;0;0;0;0.0;0.0;140;127;69;8;55;15;88;231;163;59;1;;15;2.5;14.7;;;;2.0;0.0;345;63
168.54;756;21;21;1.0;1.3;2.71;22;0;102;43;0;0;0;0.0;0.0;140;127;69;8;55;15;88;231;163;60;1;;15;2.62;14.7;;;;1.7;0.0;345;63
168.95;820;21;21;1.0;1.32;2.77;22;0;110;43;0;0;0;0.0;0.0;140;127;69;8;55;15;87;231;165;59;1;;15;2.62;14.7;;;;1.9;0.0;345;63
169.36;807;20;20;1.0;1.31;2.73;22;0;111;43;0;0;0;0.0;0.0;140;127;69;40;55;15;88;230;163;60;1;;15;2.5;14.7;;;;1.8;0.0;345;63
169.76;781;20;20;1.0;1.32;2.76;22;0;113;43;0;0;0;0.0;0.0;140;127;69;40;55;15;88;230;163;59;1;;15;2.5;14.7;;;;1.8;0.0;345;63
170.16;832;20;20;1.0;1.33;2.79;22;0;112;43;0;0;0;0.0;0.0;140;127;69;56;55;15;88;231;163;59;1;;15;2.5;14.7;;;;1.9;0.0;345;63
170.35;781;21;21;1.0;1.3;2.71;22;0;103;43;0;0;0;0.0;0.0;140;127;69;56;55;15;88;231;163;59;1;;15;2.62;14.7;;;;1.8;0.0;345;63
170.76;871;19;19;1.0;1.29;2.69;22;0;115;43;0;0;0;0.0;0.0;140;127;69;8;55;15;88;230;163;59;1;;15;2.38;14.7;;;;1.9;0.0;345;63
171.16;845;20;20;1.0;1.29;2.69;22;0;111;43;0;0;0;0.0;0.0;140;127;69;40;55;15;87;230;165;59;1;;15;2.5;14.7;;;;1.9;0.0;345;63
171.55;756;20;20;1.0;1.35;2.83;22;0;120;43;0;0;0;0.0;0.0;140;127;69;8;55;15;86;229;166;59;1;;15;2.5;14.7;;;;1.8;0.0;345;63
171.97;832;20;20;1.0;1.3;2.71;22;0;107;43;0;0;0;0.0;0.0;140;127;69;40;55;15;87;230;165;59;1;;15;2.5;14.7;;;;1.9;0.0;345;63
172.37;781;20;20;1.0;1.34;2.81;22;0;117;43;0;0;0;0.0;0.0;140;127;69;24;55;15;86;230;166;60;1;;15;2.5;14.7;;;;1.8;0.0;345;63
172.76;820;19;19;1.0;1.3;2.71;22;0;116;43;0;0;0;0.0;0.0;140;127;69;8;55;15;86;229;166;59;1;;15;2.38;14.7;;;;1.9;0.0;345;63
173.16;832;20;20;1.0;1.3;2.71;22;0;111;43;0;0;0;0.0;0.0;140;127;69;56;55;15;87;229;164;60;1;;15;2.5;14.7;;;;1.9;0.0;345;63
173.58;781;20;20;1.0;1.36;2.85;22;0;122;43;0;0;0;0.0;0.0;140;127;69;24;55;15;89;229;162;59;1;;15;2.5;14.7;;;;1.9;0.0;345;63
173.96;768;20;20;1.0;1.32;2.75;22;0;116;43;0;0;0;0.0;0.0;140;127;69;8;55;15;88;229;163;60;1;;15;2.5;14.7;;;;1.8;0.0;345;63
174.36;807;20;20;1.0;1.31;2.73;22;0;110;43;0;0;0;0.0;0.0;140;127;69;56;55;15;88;229;163;60;1;;15;2.5;14.7;;;;1.8;0.0;345;63
174.78;781;20;20;1.0;1.33;2.77;22;0;116;43;0;0;0;0.0;0.0;140;127;69;8;55;15;88;230;163;59;1;;15;2.5;14.7;;;;1.8;0.0;345;63
175.17;845;20;20;1.0;1.31;2.73;22;0;116;43;0;0;0;0.0;0.0;140;127;69;56;55;15;88;230;163;60;1;;15;2.5;14.7;;;;1.9;0.0;345;63
175.58;781;21;21;1.0;1.31;2.73;22;0;106;43;0;0;0;0.0;0.0;140;127;69;24;55;15;87;230;165;59;1;;15;2.62;14.7;;;;1.8;0.0;345;63
175.97;832;20;20;1.0;1.32;2.77;22;0;117;43;0;0;0;0.0;0.0;140;127;69;40;55;15;86;230;166;59;1;;15;2.5;14.7;;;;1.9;0.0;345;63
176.37;845;20;20;1.0;1.31;2.75;22;0;116;43;0;0;0;0.0;0.0;140;127;69;8;55;15;86;230;165;60;1;;15;2.5;14.7;;;;1.9;0.0;345;63
176.58;756;21;21;1.0;1.35;2.83;22;0;115;43;0;0;0;0.0;0.0;140;127;69;24;55;15;86;230;166;60;1;;15;2.62;14.7;;;;1.8;0.0;345;63
176.98;832;20;20;1.0;1.33;2.78;22;0;119;43;0;0;0;0.0;0.0;140;127;69;40;55;15;87;230;165;59;1;;15;2.5;14.7;;;;1.9;0.0;345;63
177.38;807;20;20;1.0;1.31;2.73;22;0;107;43;0;0;0;0.0;0.0;140;127;69;56;55;15;87;231;164;60;1;;15;2.5;14.7;;;;1.8;0.0;345;63
177.79;768;20;20;1.0;1.34;2.8;22;0;117;43;0;0;0;0.0;0.0;140;127;69;8;55;15;88;230;163;60;1;;15;2.5;14.7;;;;1.8;0.0;345;63
178.19;832;20;20;1.0;1.3;2.69;22;0;106;43;0;0;0;0.0;0.0;140;127;69;56;55;15;89;230;162;60;1;;15;2.5;14.7;;;;1.9;0.0;345;63
178.59;768;20;20;1.0;1.35;2.83;22;0;119;43;0;0;0;0.0;0.0;140;127;69;24;55;15;88;229;162;60;1;;15;2.5;14.7;;;;1.8;0.0;345;63
179.0;807;19;19;1.0;1.32;2.75;22;0;118;43;0;0;0;0.0;0.0;140;127;69;8;55;15;88;228;163;60;1;;15;2.38;14.7;;;;1.8;0.0;345;63
179.39;832;20;20;1.0;1.29;2.68;22;0;102;43;0;0;0;0.0;0.0;140;127;69;56;55;15;87;230;165;60;1;;15;2.5;14.7;;;;1.9;0.0;345;63
179.79;781;20;20;1.0;1.34;2.83;22;0;116;43;0;0;0;0.0;0.0;140;127;69;56;55;15;86;228;166;60;1;;15;2.5;14.7;;;;1.8;0.0;345;63
180.19;832;20;20;1.0;1.28;2.64;22;0;116;43;0;0;0;0.0;0.0;140;127;69;24;55;15;87;230;165;60;1;;15;2.5;14.7;;;;1.8;0.0;345;63
180.59;807;20;20;1.0;1.34;2.83;22;0;119;43;0;0;0;0.0;0.0;140;127;69;24;55;15;86;230;166;60;1;;15;2.5;14.7;;;;1.9;0.0;345;63
180.99;768;20;20;1.0;1.36;2.85;22;0;120;43;0;0;0;0.0;0.0;140;127;69;24;55;15;87;230;165;60;1;;15;2.5;14.7;;;;1.8;0.0;345;63
181.39;820;20;20;1.0;1.34;2.81;22;0;123;43;0;0;0;0.0;0.0;140;127;69;40;55;15;86;228;166;60;1;;15;2.5;14.7;;;;1.9;0.0;345;63
181.81;807;20;20;1.0;1.34;2.8;22;0;115;43;0;0;0;0.0;0.0;140;127;69;56;55;15;88;231;163;60;1;;15;2.5;14.7;;;;1.9;0.0;345;63
182.22;781;20;20;1.0;1.34;2.8;22;0;110;43;0;0;0;0.0;0.0;140;127;69;24;55;15;88;230;163;60;1;;15;2.5;14.7;;;;1.8;0.0;345;63
182.61;871;20;20;1.0;1.28;2.66;22;0;116;43;0;0;0;0.0;0.0;140;127;69;8;55;15;88;231;163;60;1;;15;2.5;14.7;;;;1.9;0.0;345;63
182.8;807;20;20;1.0;1.34;2.8;22;0;116;43;0;0;0;0.0;0.0;140;127;69;8;55;15;88;231;163;60;1;;15;2.5;14.7;;;;1.9;0.0;345;63
183.21;781;20;20;1.0;1.35;2.83;22;0;118;43;0;0;0;0.0;0.0;140;127;69;56;55;15;88;231;163;60;1;;15;2.5;14.7;;;;1.8;0.0;345;63
183.62;781;20;20;1.0;1.33;2.77;22;0;110;43;0;0;0;0.0;0.0;140;127;69;8;55;15;88;230;163;60;1;;15;2.5;14.7;;;;1.8;0.0;345;63
184.0;768;20;20;1.0;1.36;2.85;22;0;113;43;0;0;0;0.0;0.0;140;127;69;56;55;15;87;230;165;60;1;;15;2.5;14.7;;;;1.8;0.0;345;63
184.4;832;20;20;1.0;1.28;2.67;22;0;114;43;0;0;0;0.0;0.0;140;127;69;24;55;15;87;231;165;60;1;;15;2.5;14.7;;;;1.8;0.0;345;63
184.83;781;20;20;1.0;1.34;2.81;22;0;116;43;0;0;0;0.0;0.0;140;127;69;24;55;15;86;231;166;60;1;;15;2.5;14.7;;;;1.8;0.0;345;63
185.22;781;20;20;1.0;1.36;2.86;22;0;121;43;0;0;0;0.0;0.0;140;127;69;24;55;15;86;231;166;60;1;;15;2.5;14.7;;;;1.9;0.0;345;63
185.61;832;20;20;1.0;1.32;2.77;22;0;113;43;0;0;0;0.0;0.0;140;127;69;56;55;15;87;230;165;60;1;;15;2.5;14.7;;;;1.9;0.0;345;63
186.02;768;20;20;1.0;1.32;2.75;22;0;110;43;0;0;0;0.0;0.0;140;127;69;8;55;15;87;231;165;60;1;;15;2.5;14.7;;;;1.8;0.0;345;63
186.41;807;19;19;1.0;1.29;2.69;22;0;116;43;0;0;0;0.0;0.0;140;127;69;40;55;15;87;229;165;60;1;;15;2.38;14.7;;;;1.8;0.0;345;63
186.83;781;20;20;1.0;1.34;2.81;22;0;119;43;0;0;0;0.0;0.0;140;127;69;8;55;15;86;230;166;60;1;;15;2.5;14.7;;;;1.8;0.0;345;63
187.23;948;95;95;1.0;3.82;8.98;22;0;64;153;55;0;0;0.0;0.0;140;127;68;8;66;6;90;440;161;60;1;;4;11.88;13.07;;;;7.1;32.0;345;63
187.62;2331;13;13;1.0;0.85;1.57;22;0;63;43;0;0;0;0.0;0.0;140;127;69;40;33;25;88;296;163;60;1;;37;1.62;14.82;;;;3.1;0.0;345;63
188.04;1639;13;13;1.0;0.84;1.57;22;0;64;43;0;0;0;0.0;0.0;140;127;69;56;63;23;86;261;166;60;1;;7;1.62;14.7;;;;2.2;0.0;345;63
188.43;986;20;20;1.0;1.24;2.56;22;0;101;43;0;0;0;0.0;0.0;140;127;69;56;72;15;87;252;165;60;1;;-2;2.5;14.7;;;;2.1;0.0;345;63
188.82;832;23;23;1.0;1.33;2.79;22;0;92;43;0;0;0;0.0;0.0;140;127;69;56;66;15;87;247;165;60;1;;4;2.88;14.47;;;;1.9;0.0;345;63
189.04;832;22;22;1.0;1.29;2.7;22;0;92;43;0;0;0;0.0;0.0;140;127;69;56;61;15;86;243;166;60;1;;9;2.75;14.7;;;;1.9;0.0;345;63
189.44;935;21;21;1.0;1.3;2.71;22;0;98;43;0;0;0;0.0;0.0;140;127;69;8;55;15;87;246;165;60;1;;15;2.62;14.7;;;;2.1;0.0;345;63
189.83;1012;28;28;1.0;1.5;3.18;22;0;72;62;10;1;0;0.0;0.0;140;127;68;8;55;26;89;289;162;60;1;;15;3.5;14.47;;;;2.7;5.5;345;63
190.23;2356;44;44;1.0;1.79;3.93;22;0;62;80;19;0;0;0.0;0.0;140;127;68;8;27;44;89;454;162;60;1;;43;5.5;14.93;;;;7.7;10.8;345;63
190.63;3086;29;29;1.0;1.34;2.8;22;0;63;68;13;0;0;0.0;0.0;140;127;68;8;22;48;88;435;163;60;1;;48;3.62;14.7;;;;7.2;7.3;345;63
191.05;3202;25;25;1.0;1.22;2.5;22;0;63;66;12;0;0;0.0;0.0;140;127;68;40;24;46;88;420;163;60;1;;46;3.12;14.82;;;;6.7;6.7;345;63
191.44;3202;25;25;1.0;1.22;2.5;22;0;63;66;12;0;0;0.0;0.0;140;127;68;8;25;45;88;423;163;60;1;;45;3.12;14.82;;;;6.7;6.7;345;63
191.83;3266;24;24;1.0;1.21;2.48;22;0;63;66;12;0;0;0.0;0.0;140;127;68;8;25;45;88;422;163;60;1;;45;3.0;14.82;;;;6.7;6.7;345;63
192.25;2971;12;12;1.0;0.83;1.53;22;0;62;43;0;0;0;0.0;0.0;140;127;69;56;45;25;88;320;163;60;1;;25;1.5;14.93;;;;3.8;0.0;345;63
192.64;2203;13;13;1.0;0.87;1.61;22;0;63;43;0;0;0;0.0;0.0;140;127;69;56;65;25;90;291;161;60;1;;5;1.62;14.82;;;;3.0;0.0;345;63
193.05;1434;18;18;1.0;1.03;2.03;22;0;71;43;0;0;0;0.0;0.0;140;127;69;56;69;19;87;278;165;60;1;;1;2.25;14.7;;;;2.4;0.0;345;63
193.45;884;28;28;1.0;1.34;2.81;22;0;66;43;0;0;0;0.0;0.0;140;127;69;56;70;15;87;276;165;60;1;;0;3.5;14.47;;;;2.1;0.0;345;63
193.85;922;27;27;1.0;1.3;2.71;22;0;65;43;0;0;0;0.0;0.0;140;127;69;8;65;15;86;270;166;60;1;;5;3.38;14.47;;;;2.1;0.0;345;63
194.25;2536;76;76;1.0;2.98;6.91;22;0;64;334;146;0;0;0.0;0.0;140;127;68;8;46;24;89;559;162;60;1;;24;9.5;14.04;;;;14.6;84.6;345;63
194.66;4687;76;76;1.0;3.25;7.55;22;0;64;193;75;0;0;0.0;0.0;140;127;68;8;40;31;89;696;162;61;1;;30;9.5;12.89;;;;29.5;43.6;345;63
195.06;4470;10;10;1.0;0.78;1.39;22;0;64;43;0;0;0;0.0;0.0;140;127;69;56;44;25;90;348;162;60;1;;26;1.25;14.7;;;;5.2;0.0;345;63
195.25;3407;10;10;1.0;0.77;1.35;22;0;63;43;0;0;0;0.0;0.0;140;127;69;56;65;25;89;312;162;60;1;;5;1.25;14.82;;;;3.8;0.0;345;63
195.66;2421;13;13;1.0;0.88;1.62;22;0;63;42;0;0;0;0.0;0.0;140;127;69;56;65;25;90;308;161;61;1;;5;1.62;14.82;;;;3.3;0.0;345;63
196.06;1716;15;15;1.0;0.91;1.73;22;0;64;42;0;0;0;0.0;0.0;140;127;69;56;67;24;88;279;163;61;1;;3;1.88;14.7;;;;2.5;0.0;345;63
196.45;1050;22;22;1.0;1.28;2.64;22;0;86;42;0;0;0;0.0;0.0;140;127;69;56;73;15;88;274;163;61;1;;-3;2.75;14.7;;;;2.3;0.0;345;63
196.87;871;27;27;1.0;1.33;2.78;22;0;71;43;0;0;0;0.0;0.0;140;127;69;56;67;15;87;269;165;61;1;;3;3.38;14.47;;;;2.0;0.3;345;63
197.27;948;26;26;1.0;1.28;2.64;22;0;72;42;0;0;0;0.0;0.0;140;127;69;8;61;15;87;264;165;61;1;;9;3.25;14.47;;;;2.1;0.0;345;63
197.66;1012;21;21;1.0;1.22;2.5;22;0;84;43;0;0;0;0.0;0.0;140;127;69;8;55;15;87;258;165;61;1;;15;2.62;14.7;;;;2.1;0.3;345;63
198.08;1063;19;19;1.0;1.14;2.29;22;0;82;42;0;0;0;0.0;0.0;140;127;69;24;55;16;87;254;165;61;1;;15;2.38;14.7;;;;2.0;0.0;345;63
198.48;1063;19;19;1.0;1.21;2.48;22;0;92;42;0;0;0;0.0;0.0;140;127;69;8;55;15;87;250;164;61;1;;15;2.38;14.7;;;;2.2;0.0;345;63
198.88;986;20;20;1.0;1.27;2.62;22;0;101;42;0;0;0;0.0;0.0;140;127;69;56;55;15;87;247;165;61;1;;15;2.5;14.7;;;;2.1;0.0;345;63
199.29;948;20;20;1.0;1.28;2.65;22;0;112;43;0;0;0;0.0;0.0;140;127;69;56;55;15;86;243;166;61;1;;15;2.5;14.7;;;;2.1;0.3;345;63
199.69;922;19;19;1.0;1.28;2.68;22;0;113;42;0;0;0;0.0;0.0;140;127;69;56;55;15;86;241;166;61;1;;15;2.38;14.7;;;;2.1;0.0;345;63
200.08;871;19;19;1.0;1.24;2.56;22;0;106;42;0;0;0;0.0;0.0;140;127;69;56;55;15;86;236;166;61;1;;15;2.38;14.7;;;;1.9;0.0;345;63
200.48;871;20;20;1.0;1.34;2.81;22;0;114;42;0;0;0;0.0;0.0;140;127;69;56;55;15;86;237;166;61;1;;15;2.5;14.7;;;;2.0;0.0;345;63
200.89;781;21;21;1.0;1.32;2.76;22;0;107;42;0;0;0;0.0;0.0;140;127;69;24;55;15;86;234;166;61;1;;15;2.62;14.7;;;;1.8;0.0;345;63
201.08;845;20;20;1.0;1.31;2.73;22;0;117;42;0;0;0;0.0;0.0;140;127;69;8;55;15;86;235;166;61;1;;15;2.5;14.7;;;;1.9;0.0;345;63
201.49;896;20;20;1.0;1.32;2.76;22;0;118;42;0;0;0;0.0;0.0;140;127;69;40;55;15;86;234;166;61;1;;15;2.5;14.7;;;;2.1;0.0;345;63
201.89;922;20;20;1.0;1.31;2.73;22;0;113;42;0;0;0;0.0;0.0;140;127;69;8;55;15;87;235;165;61;1;;15;2.5;14.7;;;;2.1;0.0;345;63
202.29;896;20;20;1.0;1.32;2.76;22;0;116;42;0;0;0;0.0;0.0;140;127;69;8;55;15;86;234;166;61;1;;15;2.5;14.7;;;;2.1;0.0;345;63
202.69;832;20;20;1.0;1.34;2.83;22;0;117;42;0;0;0;0.0;0.0;140;127;69;8;55;15;86;233;166;61;1;;15;2.5;14.7;;;;2.0;0.0;345;63
203.1;922;19;19;1.0;1.32;2.76;22;0;120;43;0;0;0;0.0;0.0;140;127;69;24;55;15;86;233;166;61;1;;15;2.38;14.7;;;;2.1;0.3;345;63
203.49;884;20;20;1.0;1.31;2.74;22;0;116;42;0;0;0;0.0;0.0;140;127;69;24;55;15;87;233;165;61;1;;15;2.5;14.7;;;;2.0;0.0;345;63
203.91;820;20;20;1.0;1.32;2.77;22;0;113;43;0;0;0;0.0;0.0;140;127;69;8;55;15;86;233;165;61;1;;15;2.5;14.7;;;;1.9;0.3;345;63
204.3;768;20;20;1.0;1.34;2.83;22;0;116;42;0;0;0;0.0;0.0;140;127;69;24;55;15;86;232;166;61;1;;15;2.5;14.7;;;;1.8;0.0;345;63
204.71;807;20;20;1.0;1.35;2.83;22;0;118;43;0;0;0;0.0;0.0;140;127;69;40;55;15;87;233;165;61;1;;15;2.5;14.7;;;;1.9;0.3;345;63
205.11;781;20;20;1.0;1.33;2.79;22;0;115;42;0;0;0;0.0;0.0;140;127;69;24;55;15;86;231;166;61;1;;15;2.5;14.7;;;;1.8;0.0;345;63
205.49;845;20;20;1.0;1.32;2.77;22;0;114;42;0;0;0;0.0;0.0;140;127;69;56;55;15;87;233;165;61;1;;15;2.5;14.7;;;;1.9;0.0;345;63
205.91;845;20;20;1.0;1.3;2.71;22;0;111;42;0;0;0;0.0;0.0;140;127;69;56;55;15;87;232;165;61;1;;15;2.5;14.7;;;;1.9;0.0;345;63
206.3;781;20;20;1.0;1.34;2.81;22;0;118;42;0;0;0;0.0;0.0;140;127;69;56;55;15;86;229;166;61;1;;15;2.5;14.7;;;;1.8;0.0;345;63
206.71;820;19;19;1.0;1.29;2.69;22;0;114;42;0;0;0;0.0;0.0;140;127;69;24;55;15;87;231;165;61;1;;15;2.38;14.7;;;;1.8;0.0;345;63
207.1;781;20;20;1.0;1.32;2.76;22;0;111;42;0;0;0;0.0;0.0;140;127;69;40;55;15;86;232;166;61;1;;15;2.5;14.7;;;;1.8;0.0;345;63
207.31;832;21;21;1.0;1.3;2.71;22;0;109;42;0;0;0;0.0;0.0;140;127;69;40;55;15;87;233;165;61;1;;15;2.62;14.7;;;;1.9;0.0;345;63
207.72;832;20;20;1.0;1.34;2.83;22;0;118;43;0;0;0;0.0;0.0;140;127;69;8;55;15;86;232;166;61;1;;15;2.5;14.7;;;;2.0;0.3;345;63
208.11;781;21;21;1.0;1.33;2.8;22;0;113;42;0;0;0;0.0;0.0;140;127;69;8;55;15;86;232;166;61;1;;15;2.62;14.7;;;;1.8;0.0;345;63
208.51;781;20;20;1.0;1.34;2.83;22;0;122;42;0;0;0;0.0;0.0;140;127;69;40;55;15;86;230;166;61;1;;15;2.5;14.7;;;;1.8;0.0;345;63
208.93;845;19;19;1.0;1.28;2.66;22;0;115;42;0;0;0;0.0;0.0;140;127;69;24;55;15;87;230;165;61;1;;15;2.38;14.7;;;;1.9;0.0;345;63
209.33;871;20;20;1.0;1.29;2.68;22;0;106;43;0;0;0;0.0;0.0;140;127;69;56;55;15;87;231;165;61;1;;15;2.5;14.7;;;;1.9;0.3;345;63
209.72;807;20;20;1.0;1.28;2.66;22;0;103;42;0;0;0;0.0;0.0;140;127;69;56;55;15;86;231;166;61;1;;15;2.5;14.7;;;;1.8;0.0;345;63
210.13;832;20;20;1.0;1.3;2.71;22;0;112;42;0;0;0;0.0;0.0;140;127;69;8;55;15;86;230;166;61;1;;15;2.5;14.7;;;;1.9;0.0;345;63
210.53;832;20;20;1.0;1.3;2.71;22;0;111;42;0;0;0;0.0;0.0;140;127;69;24;55;15;86;230;166;61;1;;15;2.5;14.7;;;;1.9;0.0;345;63
210.92;807;20;20;1.0;1.34;2.83;22;0;119;42;0;0;0;0.0;0.0;140;127;69;56;55;15;86;231;166;61;1;;15;2.5;14.7;;;;1.9;0.0;345;63
211.32;820;20;20;1.0;1.31;2.75;22;0;115;43;0;0;0;0.0;0.0;140;127;69;56;55;15;86;231;166;61;1;;15;2.5;14.7;;;;1.9;0.3;345;63
211.74;871;20;20;1.0;1.31;2.75;22;0;117;42;0;0;0;0.0;0.0;140;127;69;24;55;15;86;231;166;61;1;;15;2.5;14.7;;;;2.0;0.0;345;63
212.14;768;20;20;1.0;1.34;2.83;22;0;110;43;0;0;0;0.0;0.0;140;127;69;8;55;15;86;231;166;61;1;;15;2.5;14.7;;;;1.8;0.3;345;63
212.54;807;20;20;1.0;1.34;2.81;22;0;120;42;0;0;0;0.0;0.0;140;127;69;40;55;15;86;231;166;61;1;;15;2.5;14.7;;;;1.9;0.0;345;63
212.94;832;20;20;1.0;1.32;2.77;22;0;120;42;0;0;0;0.0;0.0;140;127;69;56;55;15;87;231;165;61;1;;15;2.5;14.7;;;;1.9;0.0;345;63
213.33;871;20;20;1.0;1.33;2.78;22;0;119;43;0;0;0;0.0;0.0;140;127;69;40;55;15;87;231;165;61;1;;15;2.5;14.7;;;;2.0;0.3;345;63
213.53;807;20;20;1.0;1.3;2.71;22;0;108;42;0;0;0;0.0;0.0;140;127;69;40;55;15;86;231;166;61;1;;15;2.5;14.7;;;;1.8;0.0;345;63
213.95;781;20;20;1.0;1.33;2.79;22;0;120;42;0;0;0;0.0;0.0;140;127;69;8;55;15;86;229;166;61;1;;15;2.5;14.7;;;;1.8;0.0;345;63
214.35;807;19;19;1.0;1.32;2.77;22;0;120;43;0;0;0;0.0;0.0;140;127;69;8;55;15;86;229;166;61;1;;15;2.38;14.7;;;;1.9;0.3;345;63
214.75;832;20;20;1.0;1.29;2.7;22;0;111;42;0;0;0;0.0;0.0;140;127;69;40;55;15;86;230;166;61;1;;15;2.5;14.7;;;;1.9;0.0;345;63
215.14;845;20;20;1.0;1.29;2.69;22;0;106;42;0;0;0;0.0;0.0;140;127;69;56;55;15;86;232;166;61;1;;15;2.5;14.7;;;;1.9;0.0;345;63
215.54;756;21;21;1.0;1.36;2.85;22;0;115;42;0;0;0;0.0;0.0;140;127;69;24;55;15;87;232;165;61;1;;15;2.62;14.7;;;;1.8;0.0;345;63
215.96;845;20;20;1.0;1.29;2.68;22;0;104;42;0;0;0;0.0;0.0;140;127;69;56;55;15;87;230;165;60;1;;15;2.5;14.7;;;;1.9;0.0;345;63
216.36;884;19;19;1.0;1.31;2.75;22;0;119;42;0;0;0;0.0;0.0;140;127;69;56;55;15;86;231;166;60;1;;15;2.38;14.7;;;;2.0;0.0;345;63
217.15;781;20;20;1.0;1.08;2.16;22;0;66;43;0;0;0;0.0;0.0;140;127;69;8;55;15;86;231;166;60;1;;15;2.5;14.7;;;;1.4;0.3;345;63
217.56;871;19;19;1.0;1.05;2.08;22;0;65;42;0;0;0;0.0;0.0;140;127;69;56;55;15;86;231;166;60;1;;15;2.38;14.7;;;;1.5;0.0;345;63
217.95;845;20;20;1.0;1.1;2.23;22;0;69;42;0;0;0;0.0;0.0;140;127;69;56;55;15;86;232;166;60;1;;15;2.5;14.7;;;;1.6;0.0;345;63
218.36;768;21;21;1.0;1.1;2.21;22;0;67;42;0;0;0;0.0;0.0;140;127;69;24;55;15;86;231;166;60;1;;15;2.62;14.7;;;;1.4;0.0;345;63
218.76;807;21;21;1.0;1.12;2.26;22;0;70;43;0;0;0;0.0;0.0;140;127;69;40;55;15;86;231;166;60;1;;15;2.62;14.7;;;;1.5;0.3;345;63
219.16;768;20;20;1.0;1.07;2.14;22;0;65;43;0;0;0;0.0;0.0;140;127;69;24;55;15;86;229;166;60;1;;15;2.5;14.7;;;;1.4;0.3;345;63
219.57;807;21;21;1.0;1.12;2.26;22;0;70;43;0;0;0;0.0;0.0;140;127;69;40;55;15;86;231;166;60;1;;15;2.62;14.7;;;;1.5;0.3;345;63
219.96;730;21;21;1.0;1.14;2.31;22;0;70;42;0;0;0;0.0;0.0;140;127;69;56;55;15;86;230;166;60;1;;15;2.62;14.7;;;;1.4;0.0;345;63
220.37;832;20;20;1.0;1.1;2.21;22;0;69;43;0;0;0;0.0;0.0;140;127;69;56;55;15;86;230;166;60;1;;15;2.5;14.7;;;;1.5;0.3;345;63
220.77;768;21;21;1.0;1.11;2.23;22;0;68;42;0;0;0;0.0;0.0;140;127;69;24;55;15;86;232;166;60;1;;15;2.62;14.7;;;;1.4;0.0;345;63
220.98;832;20;20;1.0;1.1;2.23;22;0;69;42;0;0;0;0.0;0.0;140;127;69;40;55;15;86;231;166;60;1;;15;2.5;14.7;;;;1.5;0.0;345;63
221.37;845;20;20;1.0;1.05;2.1;22;0;65;42;0;0;0;0.0;0.0;140;127;69;24;55;15;86;231;166;60;1;;15;2.5;14.7;;;;1.5;0.0;345;63
221.78;781;21;21;1.0;1.11;2.23;22;0;68;43;0;0;0;0.0;0.0;140;127;69;24;55;15;86;231;166;60;1;;15;2.62;14.7;;;;1.5;0.3;345;63
222.19;820;20;20;1.0;1.11;2.23;22;0;70;43;0;0;0;0.0;0.0;140;127;69;56;55;15;87;228;164;60;1;;15;2.5;14.7;;;;1.5;0.3;345;63
222.58;807;21;21;1.0;1.17;2.37;22;0;74;42;0;0;0;0.0;0.0;140;127;69;8;55;15;87;231;164;60;1;;15;2.62;14.7;;;;1.6;0.0;345;63
223.2;845;19;19;1.0;1.06;2.11;22;0;66;43;0;0;0;0.0;0.0;140;127;69;56;55;15;86;228;166;60;1;;15;2.38;14.7;;;;1.5;0.3;345;63
223.58;756;21;21;1.0;1.12;2.27;22;0;69;42;0;0;0;0.0;0.0;156;127;69;56;55;15;87;230;165;60;1;;15;2.62;14.7;;;;1.4;0.0;345;63
223.99;730;21;21;1.0;1.14;2.29;22;0;69;42;0;0;0;0.0;0.0;140;127;69;8;55;15;87;231;166;60;1;;15;2.62;14.7;;;;1.4;0.0;345;63
224.39;832;21;21;1.0;1.14;2.31;22;0;72;42;0;0;0;0.0;0.0;140;127;69;40;55;15;87;231;165;60;1;;15;2.62;14.7;;;;1.6;0.0;345;63
224.78;768;21;21;1.0;1.1;2.21;22;0;67;42;0;0;0;0.0;0.0;140;127;69;56;55;15;87;232;166;60;1;;15;2.62;14.7;;;;1.4;0.0;345;63
225.2;807;21;21;1.0;1.12;2.27;22;0;70;42;0;0;0;0.0;0.0;140;127;69;40;55;15;87;230;166;60;1;;15;2.62;14.7;;;;1.5;0.0;345;63
225.6;756;21;21;1.0;1.13;2.29;22;0;70;43;0;0;0;0.0;0.0;140;127;69;8;55;15;86;231;166;60;1;;15;2.62;14.7;;;;1.4;0.3;345;63
225.99;832;20;20;1.0;1.1;2.23;22;0;69;43;0;0;0;0.0;0.0;140;127;69;40;55;15;86;230;166;60;1;;15;2.5;14.7;;;;1.5;0.3;345;63
226.4;756;21;21;1.0;1.11;2.23;22;0;68;42;0;0;0;0.0;0.0;140;127;69;40;55;15;86;230;166;60;1;;15;2.62;14.7;;;;1.4;0.0;345;63
226.8;832;21;21;1.0;1.11;2.25;22;0;70;42;0;0;0;0.0;0.0;140;127;69;56;55;15;86;231;166;60;1;;15;2.62;14.7;;;;1.6;0.0;345;63
227.81;832;20;20;1.0;1.1;2.23;22;0;68;42;0;0;0;0.0;0.0;140;127;69;24;55;15;86;231;166;60;1;;15;2.5;14.7;;;;1.5;0.0;345;63
228.21;756;21;21;1.0;1.14;2.29;22;0;69;42;0;0;0;0.0;0.0;140;127;69;8;55;15;87;231;165;60;1;;15;2.62;14.7;;;;1.4;0.0;345;63
228.41;832;21;21;1.0;1.14;2.29;22;0;71;43;0;0;0;0.0;0.0;140;127;69;24;55;15;87;232;165;60;1;;15;2.62;14.7;;;;1.6;0.3;345;63
228.81;768;21;21;1.0;1.13;2.29;22;0;69;43;0;0;0;0.0;0.0;140;127;69;24;55;15;86;232;166;60;1;;15;2.62;14.7;;;;1.5;0.3;345;63
229.22;832;21;21;1.0;1.14;2.29;22;0;71;42;0;0;0;0.0;0.0;140;127;69;56;55;15;87;232;164;60;1;;15;2.62;14.7;;;;1.6;0.0;345;63
229.62;730;21;21;1.0;1.12;2.27;22;0;69;42;0;0;0;0.0;0.0;140;127;69;24;55;15;86;231;166;60;1;;15;2.62;14.7;;;;1.4;0.0;345;63
230.02;756;22;22;1.0;1.16;2.36;22;0;72;42;0;0;0;0.0;0.0;140;127;69;24;55;15;86;232;166;60;1;;15;2.75;14.7;;;;1.5;0.0;345;63
232.03;807;21;21;1.0;1.11;2.25;22;0;70;42;0;0;0;0.0;0.0;140;127;69;24;55;15;86;232;166;60;1;;15;2.62;14.7;;;;1.5;0.0;345;63
232.22;845;21;21;1.0;1.1;2.23;22;0;68;43;0;0;0;0.0;0.0;140;127;69;40;55;15;86;232;166;60;1;;15;2.62;14.7;;;;1.6;0.3;345;63
232.63;756;21;21;1.0;1.11;2.25;22;0;68;43;0;0;0;0.0;0.0;140;127;69;56;55;15;86;232;166;60;1;;15;2.62;14.7;;;;1.4;0.3;345;63
233.23;845;20;20;1.0;1.1;2.21;22;0;67;43;0;0;0;0.0;0.0;140;127;69;8;55;15;86;232;166;60;1;;15;2.5;14.7;;;;1.6;0.3;345;63
233.62;820;21;21;1.0;1.12;2.27;22;0;71;42;0;0;0;0.0;0.0;140;127;69;56;55;15;87;233;165;59;1;;15;2.62;14.7;;;;1.5;0.0;345;63
234.04;781;21;21;1.0;1.11;2.23;22;0;68;42;0;0;0;0.0;0.0;140;127;69;40;55;15;86;232;166;60;1;;15;2.62;14.7;;;;1.5;0.0;345;63
234.42;832;21;21;1.0;1.1;2.23;22;0;68;42;0;0;0;0.0;0.0;140;127;69;56;55;15;86;232;166;59;1;;15;2.62;14.7;;;;1.5;0.0;345;63
234.83;756;21;21;1.0;1.11;2.23;22;0;67;43;0;0;0;0.0;0.0;140;127;69;56;55;15;86;232;166;59;1;;15;2.62;14.7;;;;1.4;0.3;345;63
235.23;845;21;21;1.0;1.12;2.25;22;0;70;42;0;0;0;0.0;0.0;140;127;69;40;55;15;87;231;165;59;1;;15;2.62;14.7;;;;1.6;0.0;345;63
235.64;756;21;21;1.0;1.1;2.21;22;0;67;42;0;0;0;0.0;0.0;140;127;69;40;55;15;87;231;165;59;1;;15;2.62;14.7;;;;1.4;0.0;345;63
236.04;781;22;22;1.0;1.16;2.33;22;0;70;42;0;0;0;0.0;0.0;140;127;69;40;55;15;88;231;163;59;1;;15;2.75;14.7;;;;1.5;0.0;345;63
236.43;781;21;21;1.0;1.12;2.26;22;0;70;43;0;0;0;0.0;0.0;140;127;69;56;55;15;86;232;166;59;1;;15;2.62;14.7;;;;1.5;0.3;345;63
236.83;832;21;21;1.0;1.12;2.26;22;0;69;43;0;0;0;0.0;0.0;140;127;69;56;55;15;86;232;166;59;1;;15;2.62;14.7;;;;1.6;0.3;345;63
237.63;730;22;22;1.0;1.19;2.43;22;0;73;43;0;0;0;0.0;0.0;140;127;69;24;55;15;87;234;165;59;1;;15;2.75;14.7;;;;1.5;0.3;345;63
238.05;832;20;20;1.0;1.09;2.2;22;0;68;42;0;0;0;0.0;0.0;156;127;69;56;55;15;86;233;166;59;1;;15;2.5;14.7;;;;1.5;0.0;345;63
238.44;781;21;21;1.0;1.14;2.3;22;0;70;42;0;0;0;0.0;0.0;140;127;69;8;55;15;86;232;166;59;1;;15;2.62;14.7;;;;1.5;0.0;345;63
238.84;781;20;20;1.0;1.09;2.2;22;0;67;42;0;0;0;0.0;0.0;140;127;69;56;55;15;86;231;166;59;1;;15;2.5;14.7;;;;1.4;0.0;345;63
239.05;820;21;21;1.0;1.12;2.26;22;0;70;42;0;0;0;0.0;0.0;140;127;69;8;55;15;86;231;166;59;1;;15;2.62;14.7;;;;1.5;0.0;345;63
239.44;781;21;21;1.0;1.1;2.23;22;0;68;43;0;0;0;0.0;0.0;140;127;69;56;55;15;86;231;165;59;1;;15;2.62;14.7;;;;1.4;0.3;345;63
239.84;756;21;21;1.0;1.14;2.31;22;0;70;43;0;0;0;0.0;0.0;140;127;69;8;55;15;86;232;166;59;1;;15;2.62;14.7;;;;1.5;0.3;345;63
240.24;832;20;20;1.0;1.08;2.18;22;0;67;43;0;0;0;0.0;0.0;140;127;69;8;55;15;86;232;166;59;1;;15;2.5;14.7;;;;1.5;0.3;345;63
240.65;871;20;20;1.0;1.1;2.23;22;0;71;43;0;0;0;0.0;0.0;140;127;69;24;55;15;86;232;166;59;1;;15;2.5;14.7;;;;1.6;0.3;345;63
241.66;781;21;21;1.0;1.15;2.33;22;0;71;43;0;0;0;0.0;0.0;140;127;69;40;55;15;86;233;166;59;1;;15;2.62;14.7;;;;1.5;0.3;345;63
242.05;781;20;20;1.0;1.09;2.19;22;0;67;43;0;0;0;0.0;0.0;140;127;69;56;55;15;86;231;166;59;1;;15;2.5;14.7;;;;1.4;0.3;345;63
242.27;832;20;20;1.0;1.1;2.21;22;0;69;42;0;0;0;0.0;0.0;140;127;69;40;55;15;86;231;166;59;1;;15;2.5;14.7;;;;1.5;0.0;345;63
242.67;756;21;21;1.0;1.14;2.29;22;0;69;42;0;0;0;0.0;0.0;140;127;69;56;55;15;87;232;164;59;1;;15;2.62;14.7;;;;1.4;0.0;345;63
243.05;807;21;21;1.0;1.12;2.26;22;0;70;43;0;0;0;0.0;0.0;140;127;69;56;55;15;86;231;166;59;1;;15;2.62;14.7;;;;1.5;0.3;345;63
243.47;768;21;21;1.0;1.11;2.23;22;0;68;42;0;0;0;0.0;0.0;140;127;69;56;55;15;86;231;166;59;1;;15;2.62;14.7;;;;1.4;0.0;345;63
244.27;832;21;21;1.0;1.12;2.27;22;0;70;42;0;0;0;0.0;0.0;140;127;69;56;55;15;86;232;166;59;1;;15;2.62;14.7;;;;1.6;0.0;345;63
244.66;756;21;21;1.0;1.13;2.29;22;0;69;42;0;0;0;0.0;0.0;140;127;69;8;55;15;86;232;165;59;1;;15;2.62;14.7;;;;1.4;0.0;345;63
245.07;781;21;21;1.0;1.12;2.27;22;0;68;42;0;0;0;0.0;0.0;140;127;69;8;55;15;86;231;166;59;1;;15;2.62;14.7;;;;1.5;0.0;345;63
245.46;807;21;21;1.0;1.12;2.27;22;0;71;42;0;0;0;0.0;0.0;140;127;69;56;55;15;86;232;166;59;1;;15;2.62;14.7;;;;1.5;0.0;345;63
245.87;807;21;21;1.0;1.1;2.21;22;0;67;42;0;0;0;0.0;0.0;140;127;69;56;55;15;86;230;166;59;1;;15;2.62;14.7;;;;1.5;0.0;345;63
246.26;807;21;21;1.0;1.11;2.25;22;0;70;42;0;0;0;0.0;0.0;140;127;69;56;55;15;86;232;165;59;1;;15;2.62;14.7;;;;1.5;0.0;345;63
246.67;807;21;21;1.0;1.13;2.29;22;0;69;43;0;0;0;0.0;0.0;140;127;69;56;55;15;86;232;165;59;1;;15;2.62;14.7;;;;1.5;0.3;345;63
247.07;768;21;21;1.0;1.13;2.29;22;0;71;42;0;0;0;0.0;0.0;140;127;69;24;55;15;86;231;166;59;1;;15;2.62;14.7;;;;1.5;0.0;345;63
247.48;756;21;21;1.0;1.13;2.29;22;0;68;43;0;0;0;0.0;0.0;140;127;69;8;55;15;86;232;166;59;1;;15;2.62;14.7;;;;1.4;0.3;345;63
247.88;807;21;21;1.0;1.12;2.26;22;0;70;43;0;0;0;0.0;0.0;140;127;69;24;55;15;86;231;166;59;1;;15;2.62;14.7;;;;1.5;0.3;345;63
248.29;820;20;20;1.0;1.09;2.2;22;0;67;42;0;0;0;0.0;0.0;140;127;69;56;55;15;86;231;166;59;1;;15;2.5;14.7;;;;1.5;0.0;345;63
248.69;807;21;21;1.0;1.12;2.26;22;0;70;43;0;0;0;0.0;0.0;140;127;69;8;55;15;86;231;166;59;1;;15;2.62;14.7;;;;1.5;0.3;345;63
248.88;807;21;21;1.0;1.1;2.21;22;0;67;43;0;0;0;0.0;0.0;140;127;69;24;55;15;86;231;166;59;1;;15;2.62;14.7;;;;1.5;0.3;345;63
249.29;820;20;20;1.0;1.09;2.2;22;0;68;42;0;0;0;0.0;0.0;140;127;69;56;55;15;86;231;166;59;1;;15;2.5;14.7;;;;1.5;0.0;345;63
249.69;756;20;20;1.0;1.09;2.19;22;0;66;43;0;0;0;0.0;0.0;140;127;69;8;55;15;86;228;166;59;1;;15;2.5;14.7;;;;1.4;0.3;345;63
250.3;807;21;21;1.0;1.11;2.23;22;0;64;42;0;0;0;0.0;0.0;140;127;69;8;55;15;86;233;166;59;1;;15;2.62;14.7;;;;1.5;0.0;345;63
250.69;781;21;21;1.0;1.1;2.21;22;0;64;42;0;0;0;0.0;0.0;140;127;69;40;55;15;86;235;166;59;1;;15;2.62;14.7;;;;1.4;0.0;345;63
251.1;820;22;22;1.0;1.12;2.26;22;0;64;42;0;0;0;0.0;0.0;140;127;69;24;55;15;86;235;166;59;1;;15;2.75;14.7;;;;1.5;0.0;345;63
251.5;756;21;21;1.0;1.11;2.24;22;0;64;42;0;0;0;0.0;0.0;140;127;69;40;55;15;87;234;165;59;1;;15;2.62;14.7;;;;1.4;0.0;345;63
251.9;845;21;21;1.0;1.1;2.21;22;0;64;42;0;0;0;0.0;0.0;140;127;69;24;55;15;86;234;166;59;1;;15;2.62;14.7;;;;1.6;0.0;345;63
252.3;768;21;21;1.0;1.11;2.24;22;0;64;42;0;0;0;0.0;0.0;140;127;69;40;55;15;87;234;164;59;1;;15;2.62;14.7;;;;1.4;0.0;345;63
252.7;832;21;21;1.0;1.12;2.25;22;0;64;43;0;0;0;0.0;0.0;140;127;69;40;55;15;87;234;165;59;1;;15;2.62;14.7;;;;1.6;0.3;345;63
253.11;781;21;21;1.0;1.11;2.23;22;0;64;43;0;0;0;0.0;0.0;140;127;69;24;55;15;87;234;165;59;1;;15;2.62;14.7;;;;1.5;0.3;345;63
253.51;781;22;22;1.0;1.11;2.25;22;0;64;43;0;0;0;0.0;0.0;140;127;69;8;55;15;86;234;166;59;1;;15;2.75;14.7;;;;1.5;0.3;345;63
253.71;781;21;21;1.0;1.09;2.2;22;0;64;43;0;0;0;0.0;0.0;140;127;69;56;55;15;86;233;166;59;1;;15;2.62;14.7;;;;1.4;0.3;345;63
254.1;845;21;21;1.0;1.09;2.2;22;0;64;42;0;0;0;0.0;0.0;140;127;69;40;55;15;86;234;166;59;1;;15;2.62;14.7;;;;1.5;0.0;345;63
254.52;768;21;21;1.0;1.1;2.21;22;0;64;42;0;0;0;0.0;0.0;140;127;69;56;55;15;86;233;166;59;1;;15;2.62;14.7;;;;1.4;0.0;345;63
254.91;781;21;21;1.0;1.11;2.23;22;0;64;43;0;0;0;0.0;0.0;140;127;69;8;55;15;86;233;166;59;1;;15;2.62;14.7;;;;1.5;0.3;345;63
255.32;768;21;21;1.0;1.09;2.19;22;0;64;42;0;0;0;0.0;0.0;140;127;69;40;55;15;87;231;164;59;1;;15;2.62;14.7;;;;1.4;0.0;345;63
255.72;756;22;22;1.0;1.15;2.33;22;0;64;42;0;0;0;0.0;0.0;140;127;69;40;55;15;86;235;165;59;1;;15;2.75;14.7;;;;1.5;0.0;345;63
256.13;807;21;21;1.0;1.09;2.2;22;0;64;43;0;0;0;0.0;0.0;140;127;69;8;55;15;86;235;165;59;1;;15;2.62;14.7;;;;1.5;0.3;345;63
256.53;820;21;21;1.0;1.11;2.23;22;0;64;43;0;0;0;0.0;0.0;140;127;69;40;55;15;87;235;165;59;1;;15;2.62;14.7;;;;1.5;0.3;345;63
256.93;768;21;21;1.0;1.1;2.23;22;0;64;43;0;0;0;0.0;0.0;140;127;69;56;55;15;86;234;166;59;1;;15;2.62;14.7;;;;1.4;0.3;345;63
257.32;807;21;21;1.0;1.11;2.23;22;0;64;43;0;0;0;0.0;0.0;140;127;69;40;55;15;86;234;166;59;1;;15;2.62;14.7;;;;1.5;0.3;345;63
257.72;768;22;22;1.0;1.11;2.25;22;0;64;42;0;0;0;0.0;0.0;140;127;69;56;55;15;86;234;166;59;1;;15;2.75;14.7;;;;1.4;0.0;345;63
258.14;756;21;21;1.0;1.09;2.19;22;0;64;42;0;0;0;0.0;0.0;140;127;69;8;55;15;86;232;166;59;1;;15;2.62;14.7;;;;1.4;0.0;345;63
258.53;717;23;23;1.0;1.17;2.37;22;0;64;42;0;0;0;0.0;0.0;140;127;69;24;55;15;87;235;164;59;1;;15;2.88;14.47;;;;1.4;0.0;345;63
258.93;832;21;21;1.0;1.11;2.23;22;0;64;42;0;0;0;0.0;0.0;140;127;69;40;55;15;86;237;166;59;1;;15;2.62;14.7;;;;1.5;0.0;345;63
259.35;832;21;21;1.0;1.09;2.2;22;0;64;42;0;0;0;0.0;0.0;140;127;69;24;55;15;86;235;166;59;1;;15;2.62;14.7;;;;1.5;0.0;345;63
259.54;781;21;21;1.0;1.11;2.23;22;0;64;43;0;0;0;0.0;0.0;140;127;69;8;55;15;86;235;166;59;1;;15;2.62;14.7;;;;1.5;0.3;345;63
259.94;832;22;22;1.0;1.12;2.26;22;0;64;42;0;0;0;0.0;0.0;140;127;69;40;55;15;86;235;166;59;1;;15;2.75;14.7;;;;1.6;0.0;345;63
260.35;768;22;22;1.0;1.12;2.25;22;0;64;42;0;0;0;0.0;0.0;140;127;69;24;55;15;87;236;165;59;1;;15;2.75;14.7;;;;1.4;0.0;345;63
260.75;820;21;21;1.0;1.1;2.21;22;0;64;42;0;0;0;0.0;0.0;140;127;69;40;55;15;86;235;166;59;1;;15;2.62;14.7;;;;1.5;0.0;345;63
261.15;756;22;22;1.0;1.12;2.27;22;0;64;43;0;0;0;0.0;0.0;140;127;69;24;55;15;86;234;166;59;1;;15;2.75;14.7;;;;1.4;0.3;345;63
261.55;807;21;21;1.0;1.1;2.23;22;0;64;42;0;0;0;0.0;0.0;140;127;69;40;55;15;86;234;166;59;1;;15;2.62;14.7;;;;1.5;0.0;345;63
261.94;768;22;22;1.0;1.12;2.25;22;0;64;42;0;0;0;0.0;0.0;140;127;69;24;55;15;87;235;165;59;1;;15;2.75;14.7;;;;1.4;0.0;345;63
262.35;807;21;21;1.0;1.1;2.23;22;0;64;43;0;0;0;0.0;0.0;140;127;69;40;55;15;86;235;166;59;1;;15;2.62;14.7;;;;1.5;0.3;345;63
262.74;820;21;21;1.0;1.11;2.23;22;0;64;42;0;0;0;0.0;0.0;140;127;69;24;55;15;86;235;166;59;1;;15;2.62;14.7;;;;1.5;0.0;345;63
263.15;768;21;21;1.0;1.09;2.2;22;0;64;42;0;0;0;0.0;0.0;140;127;69;24;55;15;86;234;166;59;1;;15;2.62;14.7;;;;1.4;0.0;345;63
263.55;1345;16;16;1.0;0.96;1.85;22;0;64;43;0;0;0;0.0;0.0;140;127;69;40;51;18;86;262;166;59;1;;19;2.0;14.7;;;;2.1;0.3;345;63
263.97;1063;19;19;1.0;1.03;2.04;22;0;64;43;0;0;0;0.0;0.0;140;127;69;40;54;15;86;255;166;59;1;;16;2.38;14.7;;;;1.8;0.3;345;63
264.35;922;21;21;1.0;1.1;2.23;22;0;64;43;0;0;0;0.0;0.0;140;127;69;40;55;15;86;251;166;59;1;;15;2.62;14.7;;;;1.7;0.3;345;63
264.76;922;20;20;1.0;1.08;2.16;22;0;64;43;0;0;0;0.0;0.0;140;127;69;8;55;15;87;244;164;59;1;;15;2.5;14.7;;;;1.7;0.3;345;63
265.17;820;21;21;1.0;1.11;2.23;22;0;64;43;0;0;0;0.0;0.0;140;127;69;56;55;15;86;241;166;59;1;;15;2.62;14.7;;;;1.5;0.3;345;63
265.57;820;21;21;1.0;1.1;2.23;22;0;64;43;0;0;0;0.0;0.0;140;127;69;24;55;15;86;238;166;59;1;;15;2.62;14.7;;;;1.5;0.3;345;63
265.77;922;22;22;1.0;1.12;2.26;22;0;64;43;0;0;0;0.0;0.0;140;127;69;56;55;15;86;244;166;59;1;;15;2.75;14.7;;;;1.7;0.3;345;63
266.18;896;21;21;1.0;1.09;2.2;22;0;64;43;0;0;0;0.0;0.0;140;127;69;40;55;15;86;242;166;59;1;;15;2.62;14.7;;;;1.6;0.3;345;63
266.58;845;21;21;1.0;1.11;2.23;22;0;64;43;0;0;0;0.0;0.0;140;127;69;40;55;15;88;242;163;59;1;;15;2.62;14.7;;;;1.6;0.3;345;63
266.98;820;21;21;1.0;1.1;2.21;22;0;64;43;0;0;0;0.0;0.0;140;127;69;56;55;15;87;239;165;59;1;;15;2.62;14.7;;;;1.5;0.3;345;63
267.38;781;22;22;1.0;1.13;2.28;22;0;64;43;0;0;0;0.0;0.0;140;127;69;8;55;15;87;239;165;59;1;;15;2.75;14.7;;;;1.5;0.3;345;63
267.78;820;21;21;1.0;1.11;2.23;22;0;64;43;0;0;0;0.0;0.0;140;127;69;24;55;15;87;239;165;59;1;;15;2.62;14.7;;;;1.5;0.3;345;63
268.17;807;21;21;1.0;1.11;2.23;22;0;64;43;0;0;0;0.0;0.0;140;127;69;40;55;15;86;239;166;59;1;;15;2.62;14.7;;;;1.5;0.3;345;63
268.57;845;21;21;1.0;1.09;2.19;22;0;64;43;0;0;0;0.0;0.0;140;127;69;40;55;15;86;238;166;59;1;;15;2.62;14.7;;;;1.5;0.3;345;63
268.99;845;21;21;1.0;1.1;2.21;22;0;64;43;0;0;0;0.0;0.0;140;127;69;8;55;15;87;238;165;59;1;;15;2.62;14.7;;;;1.6;0.3;345;63
269.38;845;20;20;1.0;1.08;2.17;22;0;64;43;0;0;0;0.0;0.0;140;127;69;24;55;15;87;237;165;59;1;;15;2.5;14.7;;;;1.5;0.3;345;63
269.79;871;21;21;1.0;1.09;2.19;22;0;64;43;0;0;0;0.0;0.0;140;127;69;24;55;15;87;236;165;59;1;;15;2.62;14.7;;;;1.6;0.3;345;63
270.2;845;21;21;1.0;1.1;2.21;22;0;64;43;0;0;0;0.0;0.0;140;127;69;24;55;15;86;237;166;59;1;;15;2.62;14.7;;;;1.6;0.3;345;63
270.59;781;22;22;1.0;1.12;2.27;22;0;64;43;0;0;0;0.0;0.0;140;127;69;56;55;15;86;237;166;59;1;;15;2.75;14.7;;;;1.5;0.3;345;63
270.99;820;21;21;1.0;1.09;2.2;22;0;64;43;0;0;0;0.0;0.0;140;127;69;8;55;15;86;236;166;59;1;;15;2.62;14.7;;;;1.5;0.3;345;63
271.39;871;21;21;1.0;1.11;2.23;22;0;64;43;0;0;0;0.0;0.0;140;127;69;40;55;15;86;237;166;59;1;;15;2.62;14.7;;;;1.6;0.3;345;63
271.8;781;21;21;1.0;1.1;2.21;22;0;64;43;0;0;0;0.0;0.0;140;127;69;24;55;15;86;235;166;59;1;;15;2.62;14.7;;;;1.4;0.3;345;63
272.0;807;21;21;1.0;1.1;2.21;22;0;64;43;0;0;0;0.0;0.0;140;127;69;8;55;15;86;236;166;59;1;;15;2.62;14.7;;;;1.5;0.3;345;63
272.39;884;21;21;1.0;1.09;2.19;22;0;64;43;0;0;0;0.0;0.0;140;127;69;24;55;15;86;236;166;59;1;;15;2.62;14.7;;;;1.6;0.3;345;63
272.8;807;21;21;1.0;1.09;2.2;22;0;64;43;0;0;0;0.0;0.0;140;127;69;24;55;15;86;235;166;59;1;;15;2.62;14.7;;;;1.5;0.3;345;63
273.19;781;21;21;1.0;1.11;2.25;22;0;64;43;0;0;0;0.0;0.0;140;127;69;56;55;15;86;236;166;59;1;;15;2.62;14.7;;;;1.5;0.3;345;63
273.59;820;21;21;1.0;1.11;2.25;22;0;64;43;0;0;0;0.0;0.0;140;127;69;56;55;15;86;236;166;59;1;;15;2.62;14.7;;;;1.5;0.3;345;63
274.01;807;22;22;1.0;1.11;2.25;22;0;64;43;0;0;0;0.0;0.0;140;127;69;56;55;15;86;235;166;59;1;;15;2.75;14.7;;;;1.5;0.3;345;63
274.41;781;21;21;1.0;1.11;2.23;22;0;64;43;0;0;0;0.0;0.0;140;127;69;56;55;15;86;233;166;59;1;;15;2.62;14.7;;;;1.5;0.3;345;63
274.8;756;22;22;1.0;1.14;2.29;22;0;64;43;0;0;0;0.0;0.0;140;127;69;56;55;15;87;236;165;59;1;;15;2.75;14.7;;;;1.4;0.3;345;63
275.2;615;29;29;1.0;1.36;2.83;22;0;65;43;0;0;0;0.0;0.0;140;127;69;56;55;15;90;242;161;59;1;;15;3.62;14.7;;;;1.5;0.3;345;63
275.6;730;27;27;1.0;1.31;2.73;22;0;65;43;0;0;0;0.0;0.0;140;127;69;8;55;15;90;247;161;59;1;;15;3.38;14.47;;;;1.7;0.3;345;63
276.02;730;26;26;1.0;1.27;2.61;22;0;65;43;0;0;0;0.0;0.0;140;127;69;8;55;15;88;244;162;59;1;;15;3.25;14.47;;;;1.6;0.3;345;63
276.42;679;27;27;1.0;1.31;2.73;22;0;65;43;0;0;0;0.0;0.0;140;127;69;40;55;15;88;245;162;59;1;;15;3.38;14.47;;;;1.5;0.3;345;63
276.81;717;26;26;1.0;1.29;2.67;22;0;65;43;0;0;0;0.0;0.0;140;127;69;40;55;15;89;246;162;59;1;;15;3.25;14.47;;;;1.6;0.3;345;63
277.23;704;27;27;1.0;1.3;2.71;22;0;65;43;0;0;0;0.0;0.0;140;127;69;8;55;15;88;248;163;59;1;;15;3.38;14.47;;;;1.6;0.3;345;63
277.62;756;26;26;1.0;1.28;2.66;22;0;65;43;0;0;0;0.0;0.0;140;127;69;8;55;15;88;251;163;59;1;;15;3.25;14.47;;;;1.7;0.3;345;63
278.02;845;28;28;1.0;1.33;2.77;22;0;66;43;0;0;0;0.0;0.0;140;127;69;8;55;15;88;259;163;59;1;;15;3.5;14.47;;;;2.0;0.3;345;63
278.21;807;27;27;1.0;1.3;2.71;22;0;66;43;0;0;0;0.0;0.0;140;127;69;8;55;15;87;261;164;59;1;;15;3.38;14.47;;;;1.8;0.3;345;63
278.61;884;26;26;1.0;1.27;2.61;22;0;65;43;0;0;0;0.0;0.0;140;127;69;56;55;15;88;260;163;59;1;;15;3.25;14.47;;;;1.9;0.3;345;63
279.02;832;27;27;1.0;1.32;2.75;22;0;66;43;0;0;0;0.0;0.0;140;127;69;56;55;15;88;261;163;59;1;;15;3.38;14.47;;;;1.9;0.3;345;63
279.42;896;26;26;1.0;1.26;2.6;22;0;65;43;0;0;0;0.0;0.0;140;127;69;56;55;15;88;259;163;59;1;;15;3.25;14.47;;;;1.9;0.3;345;63
279.83;845;26;26;1.0;1.28;2.66;22;0;66;43;0;0;0;0.0;0.0;140;127;69;56;55;15;88;260;163;59;1;;15;3.25;14.47;;;;1.9;0.3;345;63
280.22;922;25;25;1.0;1.24;2.54;22;0;65;43;0;0;0;0.0;0.0;140;127;69;24;55;15;88;258;163;59;1;;15;3.12;14.47;;;;1.9;0.3;345;63
280.62;871;26;26;1.0;1.28;2.66;22;0;66;43;0;0;0;0.0;0.0;140;127;69;56;55;15;88;259;163;59;1;;15;3.25;14.47;;;;1.9;0.3;345;63
281.04;768;27;27;1.0;1.31;2.73;22;0;66;43;0;0;0;0.0;0.0;140;127;69;40;55;15;88;259;163;59;1;;15;3.38;14.47;;;;1.8;0.3;345;63
281.45;807;27;27;1.0;1.3;2.7;22;0;66;43;0;0;0;0.0;0.0;140;127;69;40;55;15;88;258;163;59;1;;15;3.38;14.47;;;;1.8;0.3;345;63
281.84;832;25;25;1.0;1.25;2.58;22;0;65;43;0;0;0;0.0;0.0;140;127;69;40;55;15;88;255;163;59;1;;15;3.12;14.47;;;;1.8;0.3;345;63
282.23;845;26;26;1.0;1.29;2.68;22;0;66;43;0;0;0;0.0;0.0;140;127;69;24;55;15;88;257;163;59;1;;15;3.25;14.47;;;;1.9;0.3;345;63
282.64;768;27;27;1.0;1.29;2.71;22;0;66;43;0;0;0;0.0;0.0;140;127;69;56;55;15;85;257;167;59;1;;15;3.38;14.47;;;;1.7;0.3;345;63
283.04;807;26;26;1.0;1.26;2.62;22;0;65;43;0;0;0;0.0;0.0;140;127;69;24;55;15;85;256;167;59;1;;15;3.25;14.47;;;;1.8;0.3;345;63
283.44;871;27;27;1.0;1.29;2.69;22;0;66;43;0;0;0;0.0;0.0;140;127;69;24;55;15;85;258;167;59;1;;15;3.38;14.47;;;;2.0;0.3;345;63
283.84;781;26;27;1.0;1.27;2.64;22;0;65;43;0;0;0;0.0;0.0;140;127;69;56;55;15;85;257;167;59;1;;15;3.25;14.47;;;;1.7;0.3;345;63
284.24;768;27;27;1.0;1.3;2.71;22;0;66;43;0;0;0;0.0;0.0;140;127;69;8;55;15;85;258;168;59;1;;15;3.38;14.47;;;;1.7;0.3;345;63
284.46;845;27;27;1.0;1.28;2.67;22;0;66;43;0;0;0;0.0;0.0;140;127;69;40;55;15;85;259;167;59;1;;15;3.38;14.47;;;;1.9;0.3;345;63
284.83;768;28;28;1.0;1.31;2.74;22;0;66;43;0;0;0;0.0;0.0;140;127;69;56;55;15;85;257;167;59;1;;15;3.5;14.47;;;;1.8;0.3;345;63
285.24;807;26;26;1.0;1.28;2.65;22;0;65;43;0;0;0;0.0;0.0;140;127;69;8;55;15;88;256;163;59;1;;15;3.25;14.47;;;;1.8;0.3;345;63
285.64;730;28;28;1.0;1.35;2.83;22;0;65;43;0;0;0;0.0;0.0;140;127;69;56;55;15;89;257;162;59;1;;15;3.5;14.47;;;;1.7;0.3;345;63
286.04;820;27;27;1.0;1.3;2.71;22;0;66;43;0;0;0;0.0;0.0;140;127;69;56;55;15;88;258;163;59;1;;15;3.38;14.47;;;;1.9;0.3;345;63
286.44;832;27;27;1.0;1.32;2.73;22;0;66;43;0;0;0;0.0;0.0;140;127;69;8;55;15;90;259;160;59;1;;15;3.38;14.47;;;;1.9;0.3;345;63
286.86;807;27;27;1.0;1.3;2.69;22;0;65;43;0;0;0;0.0;0.0;140;127;69;24;55;15;90;258;161;59;1;;15;3.38;14.47;;;;1.8;0.3;345;63
287.26;832;25;25;1.0;1.26;2.58;22;0;65;43;0;0;0;0.0;0.0;140;127;69;40;55;15;90;254;161;59;1;;15;3.12;14.47;;;;1.8;0.3;345;63
287.66;845;26;26;1.0;1.3;2.7;22;0;66;43;0;0;0;0.0;0.0;140;127;69;24;55;15;90;258;161;59;1;;15;3.25;14.47;;;;1.9;0.3;345;63
288.06;845;25;25;1.0;1.25;2.56;22;0;65;43;0;0;0;0.0;0.0;140;127;69;8;55;15;90;255;161;59;1;;15;3.12;14.47;;;;1.8;0.3;345;63
288.46;781;26;26;1.0;1.28;2.64;22;0;65;43;0;0;0;0.0;0.0;140;127;69;56;55;15;90;253;161;59;1;;15;3.25;14.47;;;;1.7;0.3;345;63
288.85;807;26;26;1.0;1.29;2.68;22;0;65;43;0;0;0;0.0;0.0;140;127;69;56;55;15;90;256;160;59;1;;15;3.25;14.47;;;;1.8;0.3;345;63
289.26;845;25;25;1.0;1.25;2.56;22;0;65;43;0;0;0;0.0;0.0;140;127;69;56;55;15;90;252;161;59;1;;15;3.12;14.47;;;;1.8;0.3;345;63
289.68;807;26;26;1.0;1.28;2.65;22;0;65;43;0;0;0;0.0;0.0;140;127;69;56;55;15;90;256;161;59;1;;15;3.25;14.47;;;;1.8;0.3;345;63
290.06;781;27;27;1.0;1.3;2.7;22;0;65;43;0;0;0;0.0;0.0;140;127;69;24;55;15;90;256;160;59;1;;15;3.38;14.47;;;;1.8;0.3;345;63
290.48;871;26;26;1.0;1.27;2.61;22;0;65;43;0;0;0;0.0;0.0;140;127;69;24;55;15;90;255;161;59;1;;15;3.25;14.47;;;;1.9;0.3;345;63
290.86;756;27;27;1.0;1.32;2.75;22;0;66;43;0;0;0;0.0;0.0;140;127;69;8;55;15;90;256;160;59;1;;15;3.38;14.47;;;;1.7;0.3;345;63
291.08;845;27;27;1.0;1.3;2.7;22;0;66;43;0;0;0;0.0;0.0;140;127;69;8;55;15;90;258;161;59;1;;15;3.38;14.47;;;;1.9;0.3;345;63
291.48;768;27;27;1.0;1.32;2.75;22;0;66;43;0;0;0;0.0;0.0;140;127;69;40;55;15;90;258;161;59;1;;15;3.38;14.47;;;;1.8;0.3;345;63
291.87;807;27;27;1.0;1.31;2.71;22;0;66;43;0;0;0;0.0;0.0;140;127;69;8;55;15;90;257;161;59;1;;15;3.38;14.47;;;;1.8;0.3;345;63
292.28;820;28;28;1.0;1.34;2.79;22;0;66;43;0;0;0;0.0;0.0;140;127;69;56;55;15;92;258;158;59;1;;15;3.5;14.47;;;;1.9;0.3;345;63
292.66;768;27;27;1.0;1.31;2.73;22;0;66;43;0;0;0;0.0;0.0;140;127;69;8;55;15;90;256;161;59;1;;15;3.38;14.47;;;;1.7;0.3;345;63
293.07;807;27;27;1.0;1.3;2.71;22;0;66;43;0;0;0;0.0;0.0;140;127;69;40;55;15;89;257;162;59;1;;15;3.38;14.47;;;;1.8;0.3;345;63
293.48;756;27;27;1.0;1.32;2.75;22;0;66;43;0;0;0;0.0;0.0;140;127;69;40;55;15;90;256;160;59;1;;15;3.38;14.47;;;;1.7;0.3;345;63
293.87;730;28;28;1.0;1.34;2.81;22;0;66;43;0;0;0;0.0;0.0;140;127;69;8;55;15;88;259;164;59;1;;15;3.5;14.47;;;;1.7;0.3;345;63
294.27;768;27;27;1.0;1.31;2.73;22;0;66;43;0;0;0;0.0;0.0;140;127;69;8;55;15;87;258;164;59;1;;15;3.38;14.47;;;;1.7;0.3;345;63
294.68;781;27;27;1.0;1.29;2.68;22;0;66;43;0;0;0;0.0;0.0;140;127;69;8;55;15;87;256;164;59;1;;15;3.38;14.47;;;;1.7;0.3;345;63
295.09;781;27;27;1.0;1.3;2.71;22;0;66;43;0;0;0;0.0;0.0;140;127;69;40;55;15;87;256;165;59;1;;15;3.38;14.47;;;;1.8;0.3;345;63
295.5;768;28;28;1.0;1.33;2.8;22;0;66;43;0;0;0;0.0;0.0;140;127;69;8;55;15;86;259;165;59;1;;15;3.5;14.47;;;;1.8;0.3;345;63
295.89;781;27;27;1.0;1.28;2.67;22;0;65;43;0;0;0;0.0;0.0;140;127;69;40;55;15;87;257;165;59;1;;15;3.38;14.47;;;;1.7;0.3;345;63
296.28;820;27;27;1.0;1.3;2.71;22;0;66;43;0;0;0;0.0;0.0;140;127;69;40;55;15;86;258;166;59;1;;15;3.38;14.47;;;;1.9;0.3;345;63
296.69;781;27;27;1.0;1.31;2.73;22;0;66;43;0;0;0;0.0;0.0;140;127;69;8;55;15;88;257;163;59;1;;15;3.38;14.47;;;;1.8;0.3;345;63
297.1;730;29;29;1.0;1.36;2.88;22;0;65;43;0;0;0;0.0;0.0;140;127;69;8;55;15;86;260;163;59;1;;15;3.62;14.47;;;;1.7;0.3;345;63
297.3;807;27;27;1.0;1.3;2.71;22;0;66;43;0;0;0;0.0;0.0;140;127;69;40;55;15;87;260;164;59;1;;15;3.38;14.47;;;;1.8;0.3;345;63
297.69;845;26;26;1.0;1.27;2.63;22;0;65;43;0;0;0;0.0;0.0;140;127;69;40;55;15;87;256;165;59;1;;15;3.25;14.47;;;;1.9;0.3;345;63
298.11;807;27;27;1.0;1.31;2.74;22;0;66;43;0;0;0;0.0;0.0;140;127;69;8;55;15;87;259;164;59;0;;15;3.38;14.47;;;;1.8;0.3;345;63
298.5;820;27;27;1.0;1.3;2.71;22;0;66;43;0;0;0;0.0;0.0;140;127;69;8;55;15;88;260;163;59;1;;15;3.38;14.47;;;;1.9;0.3;345;63
298.9;807;27;27;1.0;1.3;2.7;22;0;66;43;0;0;0;0.0;0.0;140;127;69;56;55;15;88;260;163;59;0;;15;3.38;14.47;;;;1.8;0.3;345;63
299.3;820;27;27;1.0;1.3;2.7;22;0;66;43;0;0;0;0.0;0.0;140;127;69;40;55;15;88;260;163;59;1;;15;3.38;14.47;;;;1.8;0.3;345;63
299.7;871;26;26;1.0;1.28;2.63;22;0;65;43;0;0;0;0.0;0.0;140;127;69;56;55;15;89;259;162;59;1;;15;3.25;14.47;;;;1.9;0.3;345;63
300.11;884;26;26;1.0;1.29;2.68;22;0;66;43;0;0;0;0.0;0.0;140;127;69;56;55;15;89;260;162;59;1;;15;3.25;14.47;;;;2.0;0.3;345;63
300.51;884;26;26;1.0;1.27;2.61;22;0;65;43;0;0;0;0.0;0.0;140;127;69;8;55;15;90;258;161;59;1;;15;3.25;14.47;;;;1.9;0.3;345;63
300.9;871;26;26;1.0;1.28;2.63;22;0;65;43;0;0;0;0.0;0.0;140;127;69;56;55;15;89;257;162;59;1;;15;3.25;14.47;;;;1.9;0.3;345;63
301.31;768;27;27;1.0;1.32;2.74;22;0;66;43;0;0;0;0.0;0.0;140;127;69;56;55;15;89;257;162;59;1;;15;3.38;14.47;;;;1.8;0.3;345;63
301.72;820;27;27;1.0;1.3;2.71;22;0;66;43;0;0;0;0.0;0.0;140;127;69;40;55;15;89;256;162;59;0;;15;3.38;14.47;;;;1.8;0.3;345;63
302.11;781;27;27;1.0;1.32;2.74;22;0;66;43;0;0;0;0.0;0.0;140;127;69;56;55;15;89;256;162;59;1;;15;3.38;14.47;;;;1.8;0.3;345;63
302.53;820;27;27;1.0;1.3;2.71;22;0;66;43;0;0;0;0.0;0.0;140;127;69;56;55;15;88;256;163;59;0;;15;3.38;14.47;;;;1.9;0.3;345;63
302.92;756;27;27;1.0;1.3;2.7;22;0;66;43;0;0;0;0.0;0.0;140;127;69;24;55;15;88;254;163;59;1;;15;3.38;14.47;;;;1.7;0.3;345;63
303.13;820;27;27;1.0;1.31;2.74;22;0;66;43;0;0;0;0.0;0.0;140;127;69;40;55;15;87;257;164;59;1;;15;3.38;14.47;;;;1.9;0.3;345;63
303.53;730;28;28;1.0;1.35;2.83;22;0;66;43;0;0;0;0.0;0.0;140;127;69;8;55;15;88;257;164;59;1;;15;3.5;14.47;;;;1.7;0.3;345;63
303.94;781;27;27;1.0;1.3;2.71;22;0;66;43;0;0;0;0.0;0.0;140;127;69;8;55;15;87;257;164;59;0;;15;3.38;14.47;;;;1.8;0.3;345;63
304.32;756;28;28;1.0;1.34;2.8;22;0;66;43;0;0;0;0.0;0.0;140;127;69;40;55;15;88;257;163;59;1;;15;3.5;14.47;;;;1.8;0.3;345;63
304.72;756;28;28;1.0;1.34;2.81;22;0;66;43;0;0;0;0.0;0.0;140;127;69;24;55;15;89;258;162;59;0;;15;3.5;14.47;;;;1.8;0.3;345;63
305.14;832;28;28;1.0;1.34;2.8;22;0;66;43;0;0;0;0.0;0.0;140;127;69;40;55;15;88;260;163;59;0;;15;3.5;14.47;;;;1.9;0.3;345;63
305.53;756;28;28;1.0;1.34;2.8;22;0;66;43;0;0;0;0.0;0.0;140;127;69;24;55;15;88;260;163;58;0;;15;3.5;14.47;;;;1.8;0.3;345;63
305.93;807;27;27;1.0;1.32;2.75;22;0;66;43;0;0;0;0.0;0.0;140;127;69;56;55;15;88;261;163;59;0;;15;3.38;14.47;;;;1.8;0.3;345;63
306.33;832;28;28;1.0;1.34;2.81;22;0;66;43;0;0;0;0.0;0.0;140;127;69;8;55;15;88;262;163;58;0;;15;3.5;14.47;;;;1.9;0.3;345;63
306.75;948;23;23;1.0;1.15;2.33;22;0;64;43;0;0;0;0.0;0.0;140;127;69;8;55;15;87;257;165;59;0;;15;2.88;14.47;;;;1.8;0.3;345;63
307.14;973;22;22;1.0;1.14;2.29;22;0;64;43;0;0;0;0.0;0.0;140;127;69;8;55;15;87;258;165;59;0;;15;2.75;14.7;;;;1.9;0.3;345;63
307.54;986;22;22;1.0;1.12;2.27;22;0;64;43;0;0;0;0.0;0.0;140;127;69;40;55;15;87;255;164;59;0;;15;2.75;14.7;;;;1.9;0.3;345;63
307.94;922;21;21;1.0;1.1;2.21;22;0;64;43;0;0;0;0.0;0.0;140;127;69;40;55;15;87;249;164;58;0;;15;2.62;14.7;;;;1.7;0.3;345;63
308.35;948;21;21;1.0;1.09;2.19;22;0;64;43;0;0;0;0.0;0.0;140;127;69;8;55;15;87;246;165;58;0;;15;2.62;14.7;;;;1.7;0.3;345;63
308.75;884;22;22;1.0;1.12;2.25;22;0;64;43;0;0;0;0.0;0.0;140;127;69;56;55;15;87;245;165;58;1;;15;2.75;14.7;;;;1.7;0.3;345;63
309.15;884;21;21;1.0;1.12;2.23;22;0;64;43;0;0;0;0.0;0.0;140;127;69;24;55;15;90;245;161;58;1;;15;2.62;14.7;;;;1.6;0.3;345;63
309.35;832;22;22;1.0;1.13;2.28;22;0;64;43;0;0;0;0.0;0.0;140;127;69;56;55;15;87;244;164;58;1;;15;2.75;14.7;;;;1.6;0.3;345;63
309.76;845;21;21;1.0;1.11;2.24;22;0;64;43;0;0;0;0.0;0.0;140;127;69;56;55;15;87;242;164;58;1;;15;2.62;14.7;;;;1.6;0.3;345;63
310.17;871;21;21;1.0;1.11;2.24;22;0;64;43;0;0;0;0.0;0.0;140;127;69;56;55;15;87;241;165;58;1;;15;2.62;14.7;;;;1.6;0.3;345;63
310.56;935;21;21;1.0;1.1;2.2;22;0;64;43;0;0;0;0.0;0.0;140;127;69;24;55;15;88;242;163;58;1;;15;2.62;14.7;;;;1.7;0.3;345;63
310.95;871;22;22;1.0;1.12;2.25;22;0;64;43;0;0;0;0.0;0.0;140;127;69;56;55;15;87;241;165;58;1;;15;2.75;14.7;;;;1.6;0.3;345;63
311.36;884;20;20;1.0;1.08;2.17;22;0;64;43;0;0;0;0.0;0.0;140;127;69;8;55;15;87;240;165;58;1;;15;2.5;14.7;;;;1.6;0.3;345;63
311.77;832;21;21;1.0;1.1;2.21;22;0;64;43;0;0;0;0.0;0.0;140;127;69;40;55;15;86;240;166;58;1;;15;2.62;14.7;;;;1.5;0.3;345;63
312.18;820;21;21;1.0;1.11;2.23;22;0;64;43;0;0;0;0.0;0.0;140;127;69;40;55;15;87;240;165;58;1;;15;2.62;14.7;;;;1.5;0.3;345;63
312.58;845;21;21;1.0;1.1;2.21;22;0;64;43;0;0;0;0.0;0.0;140;127;69;8;55;15;86;240;166;58;1;;15;2.62;14.7;;;;1.6;0.3;345;63
312.98;820;21;21;1.0;1.1;2.23;22;0;64;43;0;0;0;0.0;0.0;140;127;69;8;55;15;86;239;166;58;1;;15;2.62;14.7;;;;1.5;0.3;345;63
313.38;845;21;21;1.0;1.08;2.18;22;0;64;43;0;0;0;0.0;0.0;140;127;69;56;55;15;86;237;166;58;1;;15;2.62;14.7;;;;1.5;0.3;345;63
313.77;871;21;21;1.0;1.1;2.23;22;0;64;43;0;0;0;0.0;0.0;140;127;69;56;55;15;86;238;166;58;1;;15;2.62;14.7;;;;1.6;0.3;345;63
314.17;845;21;21;1.0;1.1;2.23;22;0;64;43;0;0;0;0.0;0.0;140;127;69;8;55;15;86;238;166;58;1;;15;2.62;14.7;;;;1.6;0.3;345;63
314.58;807;21;21;1.0;1.1;2.21;22;0;64;43;0;0;0;0.0;0.0;140;127;69;8;55;15;86;237;166;58;1;;15;2.62;14.7;;;;1.5;0.3;345;63
314.98;781;22;22;1.0;1.12;2.25;22;0;64;43;0;0;0;0.0;0.0;140;127;69;40;55;15;87;237;165;58;1;;15;2.75;14.7;;;;1.5;0.3;345;63
315.38;871;21;21;1.0;1.09;2.19;22;0;64;43;0;0;0;0.0;0.0;140;127;69;40;55;15;86;237;166;58;1;;15;2.62;14.7;;;;1.6;0.3;345;63
315.59;845;21;21;1.0;1.11;2.23;22;0;64;43;0;0;0;0.0;0.0;140;127;69;56;55;15;86;237;166;58;1;;15;2.62;14.7;;;;1.6;0.3;345;63
315.99;781;22;22;1.0;1.12;2.27;22;0;64;43;0;0;0;0.0;0.0;140;127;69;24;55;15;86;237;166;58;1;;15;2.75;14.7;;;;1.5;0.3;345;63
316.38;807;21;21;1.0;1.1;2.21;22;0;64;43;0;0;0;0.0;0.0;140;127;69;8;55;15;87;236;165;58;1;;15;2.62;14.7;;;;1.5;0.3;345;63
316.78;820;20;20;1.0;1.08;2.16;22;0;64;43;0;0;0;0.0;0.0;140;127;69;40;55;15;87;235;165;58;1;;15;2.5;14.7;;;;1.5;0.3;345;63
317.19;807;21;21;1.0;1.1;2.21;22;0;64;43;0;0;0;0.0;0.0;140;127;69;56;55;15;86;236;166;58;1;;15;2.62;14.7;;;;1.5;0.3;345;63
317.59;871;22;22;1.0;1.12;2.25;22;0;64;43;0;0;0;0.0;0.0;140;127;69;56;55;15;87;237;165;58;1;;15;2.75;14.7;;;;1.6;0.3;345;63
318.0;820;21;21;1.0;1.12;2.25;22;0;64;43;0;0;0;0.0;0.0;140;127;69;56;55;15;87;237;165;58;1;;15;2.62;14.7;;;;1.5;0.3;345;63
318.4;781;22;22;1.0;1.12;2.27;22;0;64;43;0;0;0;0.0;0.0;140;127;69;56;55;15;87;237;165;58;1;;15;2.75;14.7;;;;1.5;0.3;345;63
318.79;820;21;21;1.0;1.09;2.2;22;0;64;43;0;0;0;0.0;0.0;140;127;69;8;55;15;86;237;166;58;1;;15;2.62;14.7;;;;1.5;0.3;345;63
319.2;871;21;21;1.0;1.09;2.2;22;0;64;43;0;0;0;0.0;0.0;140;127;69;8;55;15;86;237;166;58;1;;15;2.62;14.7;;;;1.6;0.3;345;63
319.6;781;22;22;1.0;1.13;2.28;22;0;64;43;0;0;0;0.0;0.0;140;127;69;56;55;15;87;237;165;58;1;;15;2.75;14.7;;;;1.5;0.3;345;63
320.01;807;21;21;1.0;1.12;2.25;22;0;64;43;0;0;0;0.0;0.0;140;127;69;40;55;15;87;237;165;58;1;;15;2.62;14.7;;;;1.5;0.3;345;63
320.4;832;21;21;1.0;1.1;2.23;22;0;64;43;0;0;0;0.0;0.0;140;127;69;56;55;15;86;235;166;58;1;;15;2.62;14.7;;;;1.5;0.3;345;63
320.82;756;22;22;1.0;1.14;2.3;22;0;64;43;0;0;0;0.0;0.0;156;127;69;8;55;15;86;237;166;58;1;;15;2.75;14.7;;;;1.4;0.3;345;63
321.22;807;22;22;1.0;1.12;2.27;22;0;64;43;0;0;0;0.0;0.0;140;127;69;56;55;15;86;236;166;58;1;;15;2.75;14.7;;;;1.5;0.3;345;63
321.6;768;22;22;1.0;1.14;2.3;22;0;64;43;0;0;0;0.0;0.0;140;127;69;8;55;15;86;237;166;58;1;;15;2.75;14.7;;;;1.5;0.3;345;63
321.82;820;23;23;1.0;1.15;2.33;22;0;64;43;0;0;0;0.0;0.0;140;127;69;40;55;15;86;240;166;58;1;;15;2.88;14.47;;;;1.6;0.3;345;63
322.23;756;23;23;1.0;1.16;2.37;22;0;64;43;0;0;0;0.0;0.0;140;127;69;56;55;15;85;241;167;58;1;;15;2.88;14.47;;;;1.5;0.3;345;63
322.63;807;22;22;1.0;1.14;2.3;22;0;64;43;0;0;0;0.0;0.0;140;127;69;24;55;15;86;241;167;58;1;;15;2.75;14.7;;;;1.5;0.3;345;63
323.03;845;21;21;1.0;1.1;2.23;22;0;64;43;0;0;0;0.0;0.0;140;127;69;8;55;15;85;241;167;58;1;;15;2.62;14.7;;;;1.6;0.3;345;63
323.42;832;22;22;1.0;1.12;2.27;22;0;64;43;0;0;0;0.0;0.0;140;127;69;56;55;15;86;239;166;58;1;;15;2.75;14.7;;;;1.6;0.3;345;63
323.83;884;22;22;1.0;1.13;2.29;22;0;64;43;0;0;0;0.0;0.0;140;127;69;8;55;15;86;241;166;58;1;;15;2.75;14.7;;;;1.7;0.3;345;63
324.22;820;22;22;1.0;1.12;2.26;22;0;64;43;0;0;0;0.0;0.0;140;127;69;40;55;15;86;240;166;58;1;;15;2.75;14.7;;;;1.5;0.3;345;63
324.65;871;21;21;1.0;1.11;2.23;22;0;64;43;0;0;0;0.0;0.0;140;127;69;56;55;15;86;240;166;58;1;;15;2.62;14.7;;;;1.6;0.3;345;63
325.04;807;22;22;1.0;1.12;2.25;22;0;64;43;0;0;0;0.0;0.0;140;127;69;8;55;15;87;240;166;58;1;;15;2.75;14.7;;;;1.5;0.3;345;63
325.44;820;21;21;1.0;1.11;2.23;22;0;64;43;0;0;0;0.0;0.0;140;127;69;8;55;15;87;240;165;58;1;;15;2.62;14.7;;;;1.5;0.3;345;63
325.84;807;22;22;1.0;1.12;2.27;22;0;64;43;0;0;0;0.0;0.0;140;127;69;56;55;15;87;240;165;58;1;;15;2.75;14.7;;;;1.5;0.3;345;63
326.24;807;22;22;1.0;1.12;2.25;22;0;64;43;0;0;0;0.0;0.0;140;127;69;40;55;15;87;239;164;58;1;;15;2.75;14.7;;;;1.5;0.3;345;63
326.65;807;21;21;1.0;1.12;2.25;22;0;64;43;0;0;0;0.0;0.0;140;127;69;8;55;15;87;239;164;58;1;;15;2.62;14.7;;;;1.5;0.3;345;63
327.05;820;22;22;1.0;1.13;2.28;22;0;64;43;0;0;0;0.0;0.0;140;127;69;56;55;15;87;239;165;58;1;;15;2.75;14.7;;;;1.6;0.3;345;63
327.44;884;22;22;1.0;1.12;2.25;22;0;64;43;0;0;0;0.0;0.0;140;127;69;40;55;15;87;239;164;58;1;;15;2.75;14.7;;;;1.7;0.3;345;63
327.64;832;21;21;1.0;1.1;2.21;22;0;64;43;0;0;0;0.0;0.0;140;127;69;8;55;15;87;238;165;58;1;;15;2.62;14.7;;;;1.5;0.3;345;63
328.04;768;22;22;1.0;1.12;2.27;22;0;64;43;0;0;0;0.0;0.0;140;127;69;56;55;15;86;237;166;58;1;;15;2.75;14.7;;;;1.5;0.3;345;63
328.45;781;22;22;1.0;1.11;2.25;22;0;64;43;0;0;0;0.0;0.0;140;127;69;56;55;15;86;236;166;58;1;;15;2.75;14.7;;;;1.5;0.3;345;63
328.86;756;23;23;1.0;1.16;2.35;22;0;64;43;0;0;0;0.0;0.0;140;127;69;56;55;15;86;238;166;58;1;;15;2.88;14.47;;;;1.5;0.3;345;63
329.24;820;21;21;1.0;1.1;2.23;22;0;64;43;0;0;0;0.0;0.0;140;127;69;8;55;15;85;237;166;58;1;;15;2.62;14.7;;;;1.5;0.3;345;63
329.65;871;21;21;1.0;1.1;2.21;22;0;64;43;0;0;0;0.0;0.0;140;127;69;8;55;15;85;237;167;58;1;;15;2.62;14.7;;;;1.6;0.3;345;63
330.06;781;22;22;1.0;1.11;2.25;22;0;64;43;0;0;0;0.0;0.0;140;127;69;56;55;15;86;237;166;58;1;;15;2.75;14.7;;;;1.5;0.3;345;63
330.46;756;22;22;1.0;1.14;2.31;22;0;64;43;0;0;0;0.0;0.0;140;127;69;8;55;15;85;238;167;58;1;;15;2.75;14.7;;;;1.5;0.3;345;63
330.85;768;22;22;1.0;1.14;2.31;22;0;64;43;0;0;0;0.0;0.0;140;127;69;56;55;15;86;236;166;58;1;;15;2.75;14.7;;;;1.5;0.3;345;63
331.26;756;22;22;1.0;1.12;2.27;22;0;64;43;0;0;0;0.0;0.0;140;127;69;56;55;15;86;236;166;58;1;;15;2.75;14.7;;;;1.4;0.3;345;63
331.65;820;22;22;1.0;1.12;2.27;22;0;64;43;0;0;0;0.0;0.0;140;127;69;8;55;15;86;236;166;58;1;;15;2.75;14.7;;;;1.6;0.3;345;63
332.06;781;22;22;1.0;1.12;2.27;22;0;64;43;0;0;0;0.0;0.0;140;127;69;24;55;15;86;236;166;58;1;;15;2.75;14.7;;;;1.5;0.3;345;63
332.45;807;22;22;1.0;1.11;2.25;22;0;64;43;0;0;0;0.0;0.0;140;127;69;8;55;15;86;236;166;58;1;;15;2.75;14.7;;;;1.5;0.3;345;63
332.86;768;22;22;1.0;1.13;2.29;22;0;64;43;0;0;0;0.0;0.0;140;127;69;8;55;15;86;236;166;58;1;;15;2.75;14.7;;;;1.5;0.3;345;63
333.27;884;21;21;1.0;1.09;2.19;22;0;64;43;0;0;0;0.0;0.0;140;127;69;24;55;15;86;236;166;58;1;;15;2.62;14.7;;;;1.6;0.3;345;63
333.66;832;21;21;1.0;1.09;2.2;22;0;64;43;0;0;0;0.0;0.0;140;127;69;56;55;15;86;236;166;58;1;;15;2.62;14.7;;;;1.5;0.3;345;63
333.87;781;21;21;1.0;1.11;2.23;22;0;64;43;0;0;0;0.0;0.0;140;127;69;40;55;15;87;235;165;58;1;;15;2.62;14.7;;;;1.5;0.3;345;63
334.28;845;21;21;1.0;1.1;2.21;22;0;64;43;0;0;0;0.0;0.0;140;127;69;40;55;15;87;236;165;58;1;;15;2.62;14.7;;;;1.6;0.3;345;63
334.67;832;21;21;1.0;1.11;2.23;22;0;64;43;0;0;0;0.0;0.0;140;127;69;56;55;15;88;235;163;58;1;;15;2.62;14.7;;;;1.5;0.3;345;63
335.08;781;21;21;1.0;1.11;2.24;22;0;64;43;0;0;0;0.0;0.0;140;127;69;56;55;15;87;235;165;58;1;;15;2.62;14.7;;;;1.5;0.3;345;63
335.48;807;22;22;1.0;1.12;2.27;22;0;64;43;0;0;0;0.0;0.0;140;127;69;56;55;15;87;235;165;58;1;;15;2.75;14.7;;;;1.5;0.3;345;63
335.87;768;22;22;1.0;1.12;2.27;22;0;64;43;0;0;0;0.0;0.0;140;127;69;24;55;15;87;235;165;58;1;;15;2.75;14.7;;;;1.4;0.3;345;63
336.26;807;22;22;1.0;1.14;2.29;22;0;64;43;0;0;0;0.0;0.0;140;127;69;56;55;15;88;234;163;58;1;;15;2.75;14.7;;;;1.5;0.3;345;63
336.68;807;21;21;1.0;1.1;2.21;22;0;64;43;0;0;0;0.0;0.0;140;127;69;24;55;15;87;235;165;58;1;;15;2.62;14.7;;;;1.5;0.3;345;63
337.09;820;21;21;1.0;1.1;2.23;22;0;64;43;0;0;0;0.0;0.0;140;127;69;8;55;15;86;234;166;58;1;;15;2.62;14.7;;;;1.5;0.3;345;63
337.49;756;22;22;1.0;1.11;2.25;22;0;64;43;0;0;0;0.0;0.0;140;127;69;24;55;15;86;234;166;58;1;;15;2.75;14.7;;;;1.4;0.3;345;63
337.89;730;22;22;1.0;1.14;2.3;22;0;64;43;0;0;0;0.0;0.0;140;127;69;56;55;15;86;234;166;58;1;;15;2.75;14.7;;;;1.4;0.3;345;63
338.28;807;22;22;1.0;1.15;2.31;22;0;64;43;0;0;0;0.0;0.0;140;127;69;40;55;15;87;234;164;58;1;;15;2.75;14.7;;;;1.6;0.3;345;63
338.68;756;22;22;1.0;1.12;2.27;22;0;64;43;0;0;0;0.0;0.0;140;127;69;40;55;15;86;235;166;58;1;;15;2.75;14.7;;;;1.4;0.3;345;63
339.09;807;22;22;1.0;1.11;2.24;22;0;64;43;0;0;0;0.0;0.0;140;127;69;40;55;15;85;235;167;58;1;;15;2.75;14.7;;;;1.5;0.3;345;63
339.49;781;21;21;1.0;1.1;2.21;22;0;64;43;0;0;0;0.0;0.0;140;127;69;40;55;15;86;234;166;58;1;;15;2.62;14.7;;;;1.4;0.3;345;63
339.9;820;21;21;1.0;1.1;2.23;22;0;64;43;0;0;0;0.0;0.0;140;127;69;40;55;15;85;235;167;58;1;;15;2.62;14.7;;;;1.5;0.3;345;63
340.08;768;22;22;1.0;1.13;2.29;22;0;64;43;0;0;0;0.0;0.0;140;127;69;56;55;15;86;236;167;58;1;;15;2.75;14.7;;;;1.5;0.3;345;63
340.51;807;21;21;1.0;1.1;2.23;22;0;64;43;0;0;0;0.0;0.0;140;127;69;56;55;15;85;236;167;58;1;;15;2.62;14.7;;;;1.5;0.3;345;63
340.88;832;21;21;1.0;1.11;2.23;22;0;64;43;0;0;0;0.0;0.0;140;127;69;56;55;15;86;235;166;58;1;;15;2.62;14.7;;;;1.5;0.3;345;63
341.31;756;22;22;1.0;1.14;2.29;22;0;64;43;0;0;0;0.0;0.0;140;127;69;24;55;15;87;237;165;58;1;;15;2.75;14.7;;;;1.4;0.3;345;63
341.71;807;22;22;1.0;1.14;2.31;22;0;64;43;0;0;0;0.0;0.0;140;127;69;40;55;15;87;237;166;58;1;;15;2.75;14.7;;;;1.6;0.3;345;63
342.09;807;22;22;1.0;1.12;2.27;22;0;64;43;0;0;0;0.0;0.0;140;127;69;24;55;15;86;237;166;58;1;;15;2.75;14.7;;;;1.5;0.3;345;63
342.5;781;21;21;1.0;1.1;2.23;22;0;64;43;0;0;0;0.0;0.0;140;127;69;8;55;15;86;236;166;58;1;;15;2.62;14.7;;;;1.4;0.3;345;63
342.9;845;21;21;1.0;1.12;2.25;22;0;64;43;0;0;0;0.0;0.0;140;127;69;56;55;15;87;237;165;58;1;;15;2.62;14.7;;;;1.6;0.3;345;63
343.3;768;22;22;1.0;1.11;2.25;22;0;64;43;0;0;0;0.0;0.0;140;127;69;8;55;15;86;236;166;58;1;;15;2.75;14.7;;;;1.4;0.3;345;63
343.7;768;21;21;1.0;1.1;2.23;22;0;64;43;0;0;0;0.0;0.0;140;127;69;8;55;15;86;236;166;58;1;;15;2.62;14.7;;;;1.4;0.3;345;63
344.1;845;22;22;1.0;1.12;2.25;22;0;64;43;0;0;0;0.0;0.0;140;127;69;40;55;15;87;237;165;58;1;;15;2.75;14.7;;;;1.6;0.3;345;63
344.52;768;21;21;1.0;1.12;2.25;22;0;64;43;0;0;0;0.0;0.0;140;127;69;56;55;15;87;236;165;58;1;;15;2.62;14.7;;;;1.4;0.3;345;63
344.91;781;22;22;1.0;1.12;2.27;22;0;64;43;0;0;0;0.0;0.0;140;127;69;40;55;15;87;236;165;58;1;;15;2.75;14.7;;;;1.5;0.3;345;63
345.31;781;22;22;1.0;1.13;2.28;22;0;64;43;0;0;0;0.0;0.0;140;127;69;24;55;15;87;235;165;58;1;;15;2.75;14.7;;;;1.5;0.3;345;63
345.71;820;22;22;1.0;1.13;2.28;22;0;64;43;0;0;0;0.0;0.0;140;127;69;40;55;15;87;236;165;58;1;;15;2.75;14.7;;;;1.6;0.3;345;63
346.11;768;22;22;1.0;1.12;2.25;22;0;64;43;0;0;0;0.0;0.0;140;127;69;24;55;15;87;235;165;58;1;;15;2.75;14.7;;;;1.4;0.3;345;63
346.33;832;22;22;1.0;1.11;2.25;22;0;64;43;0;0;0;0.0;0.0;140;127;69;40;55;15;86;236;166;58;1;;15;2.75;14.7;;;;1.6;0.3;345;63
346.72;781;21;21;1.0;1.09;2.2;22;0;64;43;0;0;0;0.0;0.0;140;127;69;40;55;15;86;233;166;58;1;;15;2.62;14.7;;;;1.4;0.3;345;63
347.12;781;21;21;1.0;1.1;2.21;22;0;64;43;0;0;0;0.0;0.0;140;127;69;24;55;15;86;235;166;58;1;;15;2.62;14.7;;;;1.4;0.3;345;63
347.52;820;21;21;1.0;1.11;2.23;22;0;64;43;0;0;0;0.0;0.0;140;127;69;56;55;15;86;235;166;58;1;;15;2.62;14.7;;;;1.5;0.3;345;63
347.93;781;21;21;1.0;1.11;2.23;22;0;64;43;0;0;0;0.0;0.0;140;127;69;8;55;15;86;235;167;58;1;;15;2.62;14.7;;;;1.5;0.3;345;63
348.33;832;21;21;1.0;1.09;2.2;22;0;64;43;0;0;0;0.0;0.0;140;127;69;40;55;15;86;235;166;58;1;;15;2.62;14.7;;;;1.5;0.3;345;63
348.72;717;23;23;1.0;1.17;2.37;22;0;64;43;0;0;0;0.0;0.0;140;127;69;56;55;15;87;236;165;58;1;;15;2.88;14.47;;;;1.4;0.3;345;63
349.13;832;21;21;1.0;1.1;2.23;22;0;64;43;0;0;0;0.0;0.0;140;127;69;24;55;15;86;235;166;58;1;;15;2.62;14.7;;;;1.5;0.3;345;63
349.52;768;22;22;1.0;1.12;2.27;22;0;64;43;0;0;0;0.0;0.0;140;127;69;24;55;15;86;235;166;58;1;;15;2.75;14.7;;;;1.5;0.3;345;63
349.92;807;22;22;1.0;1.12;2.27;22;0;64;43;0;0;0;0.0;0.0;140;127;69;8;55;15;86;234;166;58;1;;15;2.75;14.7;;;;1.5;0.3;345;63
350.33;768;22;22;1.0;1.13;2.29;22;0;64;43;0;0;0;0.0;0.0;140;127;69;56;55;15;86;237;166;58;1;;15;2.75;14.7;;;;1.5;0.3;345;63
350.72;820;22;22;1.0;1.12;2.27;22;0;64;43;0;0;0;0.0;0.0;140;127;69;56;55;15;86;236;166;58;1;;15;2.75;14.7;;;;1.6;0.3;345;63
351.14;807;21;21;1.0;1.11;2.25;22;0;64;43;0;0;0;0.0;0.0;140;127;69;8;55;15;86;237;166;58;1;;15;2.62;14.7;;;;1.5;0.3;345;63
351.55;845;21;21;1.0;1.09;2.19;22;0;64;43;0;0;0;0.0;0.0;140;127;69;56;55;15;86;233;166;58;1;;15;2.62;14.7;;;;1.5;0.3;345;63
351.95;781;21;21;1.0;1.11;2.25;22;0;64;43;0;0;0;0.0;0.0;140;127;69;8;55;15;86;236;166;58;1;;15;2.62;14.7;;;;1.5;0.3;345;63
352.34;768;22;22;1.0;1.11;2.25;22;0;64;43;0;0;0;0.0;0.0;140;127;69;8;55;15;86;236;166;58;1;;15;2.75;14.7;;;;1.4;0.3;345;63
352.74;896;21;21;1.0;1.09;2.19;22;0;64;43;0;0;0;0.0;0.0;140;127;69;24;55;15;87;236;164;58;1;;15;2.62;14.7;;;;1.6;0.3;345;63
352.94;781;22;22;1.0;1.12;2.25;22;0;64;43;0;0;0;0.0;0.0;140;127;69;8;55;15;87;236;165;58;1;;15;2.75;14.7;;;;1.5;0.3;345;63
353.34;768;21;21;1.0;1.11;2.24;22;0;64;43;0;0;0;0.0;0.0;140;127;69;56;55;15;87;236;164;58;1;;15;2.62;14.7;;;;1.4;0.3;345;63
353.74;832;22;22;1.0;1.12;2.27;22;0;64;43;0;0;0;0.0;0.0;140;127;69;24;55;15;87;236;164;58;1;;15;2.75;14.7;;;;1.6;0.3;345;63
354.16;756;22;22;1.0;1.14;2.29;22;0;64;43;0;0;0;0.0;0.0;140;127;69;56;55;15;87;236;164;58;1;;15;2.75;14.7;;;;1.4;0.3;345;63
354.56;820;21;21;1.0;1.11;2.23;22;0;64;43;0;0;0;0.0;0.0;140;127;69;8;55;15;87;236;165;57;1;;15;2.62;14.7;;;;1.5;0.3;345;63
354.95;781;22;22;1.0;1.13;2.28;22;0;64;43;0;0;0;0.0;0.0;140;127;69;24;55;15;87;236;165;58;1;;15;2.75;14.7;;;;1.5;0.3;345;63
355.35;820;21;21;1.0;1.11;2.23;22;0;64;43;0;0;0;0.0;0.0;140;127;69;56;55;15;86;237;166;57;1;;15;2.62;14.7;;;;1.5;0.3;345;63
355.75;845;22;22;1.0;1.12;2.25;22;0;64;43;0;0;0;0.0;0.0;140;127;69;40;55;15;87;237;165;57;1;;15;2.75;14.7;;;;1.6;0.3;345;63
356.17;768;22;22;1.0;1.14;2.31;22;0;64;43;0;0;0;0.0;0.0;140;127;69;56;55;15;86;238;166;57;1;;15;2.75;14.7;;;;1.5;0.3;345;63
356.57;820;21;21;1.0;1.11;2.25;22;0;64;43;0;0;0;0.0;0.0;140;127;69;56;55;15;86;237;166;57;1;;15;2.62;14.7;;;;1.5;0.3;345;63
356.97;832;22;22;1.0;1.13;2.28;22;0;64;43;0;0;0;0.0;0.0;140;127;69;24;55;15;87;237;165;57;1;;15;2.75;14.7;;;;1.6;0.3;345;63
357.36;807;21;21;1.0;1.1;2.23;22;0;64;43;0;0;0;0.0;0.0;140;127;69;24;55;15;86;235;166;57;1;;15;2.62;14.7;;;;1.5;0.3;345;63
357.76;871;21;21;1.0;1.1;2.23;22;0;64;43;0;0;0;0.0;0.0;140;127;69;56;55;15;86;235;166;57;1;;15;2.62;14.7;;;;1.6;0.3;345;63
358.16;768;22;22;1.0;1.13;2.29;22;0;64;43;0;0;0;0.0;0.0;140;127;69;8;55;15;86;235;166;57;1;;15;2.75;14.7;;;;1.5;0.3;345;63
358.58;832;22;22;1.0;1.15;2.31;22;0;64;43;0;0;0;0.0;0.0;140;127;69;8;55;15;87;237;165;57;1;;15;2.75;14.7;;;;1.6;0.3;345;63
358.76;768;22;22;1.0;1.12;2.27;22;0;64;43;0;0;0;0.0;0.0;140;127;69;24;55;15;87;237;164;57;1;;15;2.75;14.7;;;;1.4;0.3;345;63
359.17;832;21;21;1.0;1.1;2.23;22;0;64;43;0;0;0;0.0;0.0;140;127;69;8;55;15;86;236;166;57;1;;15;2.62;14.7;;;;1.5;0.3;345;63
359.57;807;21;21;1.0;1.1;2.21;22;0;64;43;0;0;0;0.0;0.0;140;127;69;40;55;15;86;236;166;57;1;;15;2.62;14.7;;;;1.5;0.3;345;63
359.98;781;21;21;1.0;1.1;2.23;22;0;64;43;0;0;0;0.0;0.0;140;127;69;56;55;15;86;235;166;57;1;;15;2.62;14.7;;;;1.4;0.3;345;63
360.37;832;21;21;1.0;1.1;2.23;22;0;64;43;0;0;0;0.0;0.0;140;127;69;8;55;15;86;235;166;57;1;;15;2.62;14.7;;;;1.5;0.3;345;63
360.78;768;22;22;1.0;1.14;2.31;22;0;64;43;0;0;0;0.0;0.0;140;127;69;56;55;15;87;237;165;57;1;;15;2.75;14.7;;;;1.5;0.3;345;63
361.17;820;21;21;1.0;1.11;2.23;22;0;64;43;0;0;0;0.0;0.0;140;127;69;56;55;15;87;237;165;57;1;;15;2.62;14.7;;;;1.5;0.3;345;63
361.59;845;21;21;1.0;1.09;2.18;22;0;64;43;0;0;0;0.0;0.0;140;127;69;56;55;15;87;237;165;57;1;;15;2.62;14.7;;;;1.5;0.3;345;63
361.97;871;21;21;1.0;1.1;2.21;22;0;64;43;0;0;0;0.0;0.0;140;127;69;24;55;15;87;237;165;57;1;;15;2.62;14.7;;;;1.6;0.3;345;63
362.39;768;22;22;1.0;1.12;2.27;22;0;64;43;0;0;0;0.0;0.0;140;127;69;8;55;15;87;236;165;57;1;;15;2.75;14.7;;;;1.4;0.3;345;63
362.8;768;22;22;1.0;1.12;2.27;22;0;64;43;0;0;0;0.0;0.0;140;127;69;40;55;15;87;236;165;57;1;;15;2.75;14.7;;;;1.4;0.3;345;63
363.18;845;21;21;1.0;1.1;2.21;22;0;64;43;0;0;0;0.0;0.0;140;127;69;40;55;15;87;236;165;57;1;;15;2.62;14.7;;;;1.6;0.3;345;63
363.6;807;21;21;1.0;1.12;2.25;22;0;64;43;0;0;0;0.0;0.0;140;127;69;24;55;15;87;236;165;57;1;;15;2.62;14.7;;;;1.5;0.3;345;63
363.99;768;22;22;1.0;1.12;2.27;22;0;64;43;0;0;0;0.0;0.0;140;127;69;24;55;15;87;237;164;57;1;;15;2.75;14.7;;;;1.4;0.3;345;63
364.39;845;21;21;1.0;1.09;2.19;22;0;64;43;0;0;0;0.0;0.0;140;127;69;24;55;15;87;234;165;57;1;;15;2.62;14.7;;;;1.5;0.3;345;63
364.79;768;22;22;1.0;1.12;2.26;22;0;64;43;0;0;0;0.0;0.0;140;127;69;8;55;15;86;236;166;57;1;;15;2.75;14.7;;;;1.4;0.3;345;63
365.0;820;22;22;1.0;1.11;2.25;22;0;64;43;0;0;0;0.0;0.0;140;127;69;56;55;15;86;236;166;57;1;;15;2.75;14.7;;;;1.5;0.3;345;63
365.39;756;22;22;1.0;1.14;2.31;22;0;64;43;0;0;0;0.0;0.0;140;127;69;40;55;15;86;236;166;57;1;;15;2.75;14.7;;;;1.5;0.3;345;63
365.8;820;21;21;1.0;1.11;2.25;22;0;64;43;0;0;0;0.0;0.0;140;127;69;56;55;15;86;236;166;57;1;;15;2.62;14.7;;;;1.5;0.3;345;63
366.2;807;21;21;1.0;1.11;2.23;22;0;64;43;0;0;0;0.0;0.0;140;127;69;56;55;15;87;236;165;57;1;;15;2.62;14.7;;;;1.5;0.3;345;63
366.61;807;21;21;1.0;1.1;2.23;22;0;64;43;0;0;0;0.0;0.0;140;127;69;24;55;15;86;236;166;57;1;;15;2.62;14.7;;;;1.5;0.3;345;63
367.01;820;21;21;1.0;1.08;2.18;22;0;64;43;0;0;0;0.0;0.0;140;127;69;8;55;15;86;234;166;57;1;;15;2.62;14.7;;;;1.5;0.3;345;63
367.42;768;22;22;1.0;1.12;2.26;22;0;64;43;0;0;0;0.0;0.0;140;127;69;8;55;15;86;235;166;57;1;;15;2.75;14.7;;;;1.4;0.3;345;63
367.81;807;21;21;1.0;1.09;2.19;22;0;64;43;0;0;0;0.0;0.0;140;127;69;8;55;15;86;234;166;57;1;;15;2.62;14.7;;;;1.5;0.3;345;63
368.21;832;21;21;1.0;1.11;2.23;22;0;64;43;0;0;0;0.0;0.0;140;127;69;40;55;15;87;235;165;57;1;;15;2.62;14.7;;;;1.5;0.3;345;63
368.61;781;21;21;1.0;1.1;2.23;22;0;64;43;0;0;0;0.0;0.0;140;127;69;56;55;15;86;234;166;57;1;;15;2.62;14.7;;;;1.4;0.3;345;63
369.01;781;21;21;1.0;1.1;2.21;22;0;64;43;0;0;0;0.0;0.0;140;127;69;56;55;15;86;234;166;57;1;;15;2.62;14.7;;;;1.4;0.3;345;63
369.42;832;21;21;1.0;1.1;2.23;22;0;64;43;0;0;0;0.0;0.0;140;127;69;40;55;15;86;234;165;57;1;;15;2.62;14.7;;;;1.5;0.3;345;63
369.82;768;22;22;1.0;1.12;2.25;22;0;64;43;0;0;0;0.0;0.0;140;127;69;56;55;15;87;235;165;57;1;;15;2.75;14.7;;;;1.4;0.3;345;63
370.22;832;21;21;1.0;1.1;2.21;22;0;64;43;0;0;0;0.0;0.0;140;127;69;56;55;15;87;234;165;57;1;;15;2.62;14.7;;;;1.5;0.3;345;63
370.62;781;21;21;1.0;1.09;2.2;22;0;64;43;0;0;0;0.0;0.0;140;127;69;8;55;15;86;233;166;57;1;;15;2.62;14.7;;;;1.4;0.3;345;63
371.01;820;22;22;1.0;1.14;2.29;22;0;64;43;0;0;0;0.0;0.0;140;127;69;56;55;15;88;233;163;57;1;;15;2.75;14.7;;;;1.6;0.3;345;63
371.43;807;21;21;1.0;1.1;2.21;22;0;64;43;0;0;0;0.0;0.0;140;127;69;56;55;15;87;234;165;57;1;;15;2.62;14.7;;;;1.5;0.3;345;63
371.62;820;21;21;1.0;1.1;2.23;22;0;64;43;0;0;0;0.0;0.0;140;127;69;8;55;15;86;235;166;57;1;;15;2.62;14.7;;;;1.5;0.3;345;63
372.02;781;21;21;1.0;1.09;2.19;22;0;64;43;0;0;0;0.0;0.0;156;127;69;24;55;15;86;234;166;57;1;;15;2.62;14.7;;;;1.4;0.3;345;63
372.43;756;21;21;1.0;1.1;2.23;22;0;64;43;0;0;0;0.0;0.0;140;127;69;24;55;15;86;233;166;57;1;;15;2.62;14.7;;;;1.4;0.3;345;63
372.84;756;22;22;1.0;1.13;2.29;22;0;64;43;0;0;0;0.0;0.0;140;127;69;8;55;15;86;234;166;57;1;;15;2.75;14.7;;;;1.4;0.3;345;63
373.24;845;21;21;1.0;1.1;2.23;22;0;64;43;0;0;0;0.0;0.0;140;127;69;40;55;15;86;234;166;57;1;;15;2.62;14.7;;;;1.6;0.3;345;63
373.63;781;21;21;1.0;1.1;2.21;22;0;64;43;0;0;0;0.0;0.0;140;127;69;8;55;15;88;234;163;57;1;;15;2.62;14.7;;;;1.4;0.3;345;63
374.03;781;21;21;1.0;1.08;2.18;22;0;64;43;0;0;0;0.0;0.0;140;127;69;8;55;15;86;234;166;57;1;;15;2.62;14.7;;;;1.4;0.3;345;63
374.45;832;20;20;1.0;1.08;2.16;22;0;64;43;0;0;0;0.0;0.0;140;127;69;8;55;15;86;234;166;57;1;;15;2.5;14.7;;;;1.5;0.3;345;63
374.84;768;22;22;1.0;1.12;2.26;22;0;64;43;0;0;0;0.0;0.0;140;127;69;40;55;15;86;234;166;57;1;;15;2.75;14.7;;;;1.4;0.3;345;63
375.23;832;22;22;1.0;1.13;2.27;22;0;64;43;0;0;0;0.0;0.0;140;127;69;8;55;15;88;234;164;57;1;;15;2.75;14.7;;;;1.6;0.3;345;63
375.65;730;22;22;1.0;1.14;2.31;22;0;64;43;0;0;0;0.0;0.0;140;127;69;8;55;15;86;235;165;57;1;;15;2.75;14.7;;;;1.4;0.3;345;63
376.05;756;22;22;1.0;1.12;2.27;22;0;64;43;0;0;0;0.0;0.0;140;127;69;8;55;15;87;234;165;57;1;;15;2.75;14.7;;;;1.4;0.3;345;63
376.45;781;21;21;1.0;1.11;2.24;22;0;64;43;0;0;0;0.0;0.0;140;127;69;56;55;15;87;235;166;57;1;;15;2.62;14.7;;;;1.5;0.3;345;63
376.84;820;22;22;1.0;1.11;2.25;22;0;64;43;0;0;0;0.0;0.0;140;127;69;8;55;15;86;235;166;57;1;;15;2.75;14.7;;;;1.5;0.3;345;63
377.25;781;21;21;1.0;1.09;2.2;22;0;64;43;0;0;0;0.0;0.0;140;127;69;24;55;15;86;234;166;57;1;;15;2.62;14.7;;;;1.4;0.3;345;63
377.44;820;21;21;1.0;1.11;2.23;22;0;64;43;0;0;0;0.0;0.0;140;127;69;8;55;15;86;234;166;57;1;;15;2.62;14.7;;;;1.5;0.3;345;63
377.85;768;21;21;1.0;1.11;2.23;22;0;64;43;0;0;0;0.0;0.0;140;127;69;24;55;15;86;234;166;57;1;;15;2.62;14.7;;;;1.4;0.3;345;63
378.26;756;23;23;1.0;1.15;2.33;22;0;64;43;0;0;0;0.0;0.0;140;127;69;8;55;15;86;235;166;57;1;;15;2.88;14.47;;;;1.5;0.3;345;63
378.65;845;21;21;1.0;1.09;2.19;22;0;64;43;0;0;0;0.0;0.0;140;127;69;56;55;15;86;234;166;57;1;;15;2.62;14.7;;;;1.5;0.3;345;63
379.06;756;22;22;1.0;1.14;2.29;22;0;64;43;0;0;0;0.0;0.0;140;127;69;40;55;15;87;235;165;57;1;;15;2.75;14.7;;;;1.4;0.3;345;63
379.46;756;22;22;1.0;1.14;2.31;22;0;64;43;0;0;0;0.0;0.0;140;127;69;24;55;15;86;234;166;57;1;;15;2.75;14.7;;;;1.5;0.3;345;63
379.87;832;21;21;1.0;1.1;2.21;22;0;64;43;0;0;0;0.0;0.0;140;127;69;8;55;15;86;235;166;57;1;;15;2.62;14.7;;;;1.5;0.3;345;63
380.26;768;22;22;1.0;1.12;2.25;22;0;64;43;0;0;0;0.0;0.0;140;127;69;24;55;15;87;234;166;57;1;;15;2.75;14.7;;;;1.4;0.3;345;63
380.66;768;21;21;1.0;1.1;2.23;22;0;64;43;0;0;0;0.0;0.0;140;127;69;24;55;15;86;234;166;57;1;;15;2.62;14.7;;;;1.4;0.3;345;63
381.06;807;21;21;1.0;1.1;2.21;22;0;64;43;0;0;0;0.0;0.0;140;127;69;8;55;15;86;234;166;57;1;;15;2.62;14.7;;;;1.5;0.3;345;63
381.46;807;21;21;1.0;1.11;2.23;22;0;64;43;0;0;0;0.0;0.0;140;127;69;56;55;15;86;234;165;57;1;;15;2.62;14.7;;;;1.5;0.3;345;63
381.88;807;21;21;1.0;1.1;2.21;22;0;64;43;0;0;0;0.0;0.0;140;127;69;24;55;15;87;234;165;57;1;;15;2.62;14.7;;;;1.5;0.3;345;63
382.26;781;21;21;1.0;1.1;2.21;22;0;64;43;0;0;0;0.0;0.0;140;127;69;24;55;15;87;235;165;57;1;;15;2.62;14.7;;;;1.4;0.3;345;63
382.68;807;21;21;1.0;1.1;2.21;22;0;64;43;0;0;0;0.0;0.0;140;127;69;40;55;15;87;234;165;57;1;;15;2.62;14.7;;;;1.5;0.3;345;63
383.08;768;22;22;1.0;1.13;2.29;22;0;64;43;0;0;0;0.0;0.0;140;127;69;56;55;15;86;234;166;57;1;;15;2.75;14.7;;;;1.5;0.3;345;63
383.48;807;22;22;1.0;1.12;2.27;22;0;64;43;0;0;0;0.0;0.0;140;127;69;56;55;15;87;234;165;57;1;;15;2.75;14.7;;;;1.5;0.3;345;63
383.67;768;22;22;1.0;1.15;2.31;22;0;64;43;0;0;0;0.0;0.0;140;127;69;8;55;15;87;236;165;57;1;;15;2.75;14.7;;;;1.5;0.3;345;63
384.1;832;21;21;1.0;1.11;2.23;22;0;64;43;0;0;0;0.0;0.0;140;127;69;56;55;15;86;235;165;57;1;;15;2.62;14.7;;;;1.5;0.3;345;63
384.49;756;22;22;1.0;1.11;2.25;22;0;64;43;0;0;0;0.0;0.0;140;127;69;8;55;15;86;235;166;57;1;;15;2.75;14.7;;;;1.4;0.3;345;63
384.89;845;21;21;1.0;1.09;2.2;22;0;64;43;0;0;0;0.0;0.0;140;127;69;40;55;15;86;234;166;57;1;;15;2.62;14.7;;;;1.5;0.3;345;63
385.28;756;22;22;1.0;1.12;2.26;22;0;64;43;0;0;0;0.0;0.0;140;127;69;24;55;15;86;235;166;57;1;;15;2.75;14.7;;;;1.4;0.3;345;63
385.7;832;22;22;1.0;1.12;2.26;22;0;64;43;0;0;0;0.0;0.0;140;127;69;56;55;15;86;235;166;57;1;;15;2.75;14.7;;;;1.6;0.3;345;63
386.1;768;22;22;1.0;1.11;2.25;22;0;64;43;0;0;0;0.0;0.0;140;127;69;24;55;15;86;236;166;57;1;;15;2.75;14.7;;;;1.4;0.3;345;63
386.5;832;22;22;1.0;1.14;2.3;22;0;64;43;0;0;0;0.0;0.0;140;127;69;40;55;15;86;236;166;57;1;;15;2.75;14.7;;;;1.6;0.3;345;63
386.9;768;21;21;1.0;1.1;2.21;22;0;64;43;0;0;0;0.0;0.0;140;127;69;24;55;15;86;235;166;57;1;;15;2.62;14.7;;;;1.4;0.3;345;63
387.29;820;21;21;1.0;1.09;2.19;22;0;64;43;0;0;0;0.0;0.0;140;127;69;8;55;15;85;235;167;57;1;;15;2.62;14.7;;;;1.5;0.3;345;63
387.71;871;21;21;1.0;1.1;2.23;22;0;64;43;0;0;0;0.0;0.0;140;127;69;56;55;15;86;236;166;57;1;;15;2.62;14.7;;;;1.6;0.3;345;63
388.1;768;22;22;1.0;1.13;2.28;22;0;64;43;0;0;0;0.0;0.0;140;127;69;24;55;15;87;236;164;57;1;;15;2.75;14.7;;;;1.5;0.3;345;63
388.5;845;22;22;1.0;1.12;2.27;22;0;64;43;0;0;0;0.0;0.0;140;95;65;8;55;16;87;236;164;57;1;;15;2.75;14.7;;;;1.6;0.3;345;63
388.91;756;22;22;1.0;1.14;2.29;22;0;64;43;0;0;0;0.0;0.0;140;127;69;24;55;15;87;236;165;57;1;;15;2.75;14.7;;;;1.4;0.3;345;63
389.31;832;22;22;1.0;1.14;2.3;22;0;64;43;0;0;0;0.0;0.0;140;127;69;56;55;15;88;236;163;57;1;;15;2.75;14.7;;;;1.6;0.3;345;63
389.7;781;21;21;1.0;1.11;2.24;22;0;64;43;0;0;0;0.0;0.0;140;95;65;8;50;20;87;235;166;57;1;;20;2.62;14.7;;;;1.5;0.3;345;63
389.9;807;21;21;1.0;1.09;2.19;22;0;64;43;0;0;0;0.0;0.0;140;95;65;56;50;20;87;235;165;57;1;;20;2.62;14.7;;;;1.5;0.3;345;63
390.32;628;26;26;1.0;1.26;2.58;22;0;64;43;0;0;0;0.0;0.0;140;95;65;56;50;20;88;236;163;57;1;;20;3.25;14.7;;;;1.4;0.3;345;63
390.72;704;25;25;1.0;1.24;2.54;22;0;65;43;0;0;0;0.0;0.0;140;95;65;8;50;20;87;240;164;57;1;;20;3.12;14.47;;;;1.5;0.3;345;63
391.12;730;23;23;1.0;1.18;2.39;22;0;64;43;0;0;0;0.0;0.0;140;95;65;56;50;20;87;238;164;57;1;;20;2.88;14.47;;;;1.5;0.3;345;63
391.51;717;24;24;1.0;1.22;2.48;22;0;64;43;0;0;0;0.0;0.0;140;95;65;8;50;20;89;239;162;57;1;;20;3.0;14.47;;;;1.5;0.3;345;63
391.93;730;24;24;1.0;1.2;2.46;22;0;64;43;0;0;0;0.0;0.0;140;95;65;56;50;20;86;240;166;57;1;;20;3.0;14.47;;;;1.5;0.3;345;63
392.31;807;24;24;1.0;1.19;2.42;22;0;64;43;0;0;0;0.0;0.0;140;95;65;56;50;20;87;240;165;57;1;;20;3.0;14.47;;;;1.6;0.3;345;63
392.71;781;24;24;1.0;1.21;2.46;22;0;64;43;0;0;0;0.0;0.0;140;95;65;56;50;20;88;242;163;57;1;;20;3.0;14.47;;;;1.6;0.3;345;63
393.14;756;24;24;1.0;1.19;2.43;22;0;64;43;0;0;0;0.0;0.0;140;95;65;8;50;20;86;243;166;57;1;;20;3.0;14.47;;;;1.5;0.3;345;63
393.53;730;25;25;1.0;1.23;2.53;22;0;65;43;0;0;0;0.0;0.0;140;95;65;8;50;20;87;244;164;57;1;;20;3.12;14.47;;;;1.5;0.3;345;63
393.93;807;25;25;1.0;1.22;2.5;22;0;65;43;0;0;0;0.0;0.0;140;95;65;56;50;20;87;243;163;57;1;;20;3.12;14.47;;;;1.7;0.3;345;63
394.34;807;24;24;1.0;1.19;2.42;22;0;64;43;0;0;0;0.0;0.0;140;95;65;56;50;20;87;243;165;57;1;;20;3.0;14.47;;;;1.6;0.3;345;63
394.73;730;25;25;1.0;1.23;2.53;22;0;65;43;0;0;0;0.0;0.0;140;95;65;24;50;20;87;244;165;57;1;;20;3.12;14.47;;;;1.5;0.3;345;63
395.13;717;25;25;1.0;1.22;2.5;22;0;64;43;0;0;0;0.0;0.0;140;95;65;8;50;20;87;242;165;57;1;;20;3.12;14.47;;;;1.5;0.3;345;63
395.54;730;24;24;1.0;1.19;2.44;22;0;64;43;0;0;0;0.0;0.0;140;95;65;8;50;20;86;241;166;57;1;;20;3.0;14.47;;;;1.5;0.3;345;63
395.94;807;25;25;1.0;1.22;2.5;22;0;65;43;0;0;0;0.0;0.0;140;95;65;40;50;20;87;246;166;57;1;;20;3.12;14.47;;;;1.7;0.3;345;63
396.13;768;24;24;1.0;1.19;2.43;22;0;64;43;0;0;0;0.0;0.0;140;95;65;24;50;20;86;245;166;57;1;;20;3.0;14.47;;;;1.6;0.3;345;63
396.55;845;24;24;1.0;1.2;2.45;22;0;65;43;0;0;0;0.0;0.0;140;95;65;24;50;20;86;246;166;57;1;;20;3.0;14.47;;;;1.7;0.3;345;63
396.94;781;24;24;1.0;1.2;2.45;22;0;64;43;0;0;0;0.0;0.0;140;95;65;24;50;20;86;244;166;57;1;;20;3.0;14.47;;;;1.6;0.3;345;63
397.35;781;24;24;1.0;1.21;2.48;22;0;64;43;0;0;0;0.0;0.0;140;95;65;56;50;20;87;246;166;57;1;;20;3.0;14.47;;;;1.6;0.3;345;63
397.73;807;24;24;1.0;1.22;2.49;22;0;65;43;0;0;0;0.0;0.0;140;95;65;56;50;20;87;246;165;57;1;;20;3.0;14.47;;;;1.7;0.3;345;63
398.16;756;24;24;1.0;1.21;2.48;22;0;64;43;0;0;0;0.0;0.0;140;95;65;24;50;20;87;245;165;57;1;;20;3.0;14.47;;;;1.6;0.3;345;63
398.56;807;24;24;1.0;1.22;2.5;22;0;65;43;0;0;0;0.0;0.0;140;95;65;40;50;20;87;246;165;57;1;;20;3.0;14.47;;;;1.7;0.3;345;63
398.95;768;24;24;1.0;1.21;2.48;22;0;64;43;0;0;0;0.0;0.0;140;95;65;56;50;20;87;245;165;57;1;;20;3.0;14.47;;;;1.6;0.3;345;63
399.35;768;25;25;1.0;1.22;2.5;22;0;65;43;0;0;0;0.0;0.0;140;95;65;8;50;20;87;246;165;57;1;;20;3.12;14.47;;;;1.6;0.3;345;63
399.76;807;25;25;1.0;1.22;2.5;22;0;65;43;0;0;0;0.0;0.0;140;95;65;56;50;20;87;245;165;57;1;;20;3.12;14.47;;;;1.7;0.3;345;63
400.16;756;24;24;1.0;1.21;2.48;22;0;64;43;0;0;0;0.0;0.0;140;95;65;56;50;20;86;246;166;57;1;;20;3.0;14.47;;;;1.6;0.3;345;63
400.56;768;24;24;1.0;1.2;2.46;22;0;64;43;0;0;0;0.0;0.0;140;95;65;8;50;20;86;245;166;57;1;;20;3.0;14.47;;;;1.6;0.3;345;63
400.95;756;24;24;1.0;1.2;2.46;22;0;64;43;0;0;0;0.0;0.0;140;95;65;56;50;20;86;245;166;57;1;;20;3.0;14.47;;;;1.5;0.3;345;63
401.36;768;24;24;1.0;1.21;2.48;22;0;64;43;0;0;0;0.0;0.0;140;95;65;8;50;20;86;246;166;57;1;;20;3.0;14.47;;;;1.6;0.3;345;63
401.76;807;25;25;1.0;1.22;2.5;22;0;65;43;0;0;0;0.0;0.0;140;95;65;56;50;20;87;245;165;57;1;;20;3.12;14.47;;;;1.7;0.3;345;63
402.16;730;24;24;1.0;1.2;2.45;22;0;64;43;0;0;0;0.0;0.0;140;95;65;8;50;20;86;244;166;57;1;;20;3.0;14.47;;;;1.5;0.3;345;63
402.37;768;25;25;1.0;1.24;2.56;22;0;65;43;0;0;0;0.0;0.0;140;95;65;8;50;20;87;246;165;57;1;;20;3.12;14.47;;;;1.6;0.3;345;63
402.77;820;23;23;1.0;1.18;2.4;22;0;64;43;0;0;0;0.0;0.0;140;95;65;56;50;20;86;243;166;57;1;;20;2.88;14.47;;;;1.6;0.3;345;63
403.17;756;25;25;1.0;1.22;2.51;22;0;65;43;0;0;0;0.0;0.0;140;95;65;24;50;20;86;245;165;57;1;;20;3.12;14.47;;;;1.6;0.3;345;63
403.58;781;24;24;1.0;1.2;2.46;22;0;64;43;0;0;0;0.0;0.0;140;95;65;40;50;20;86;245;166;57;1;;20;3.0;14.47;;;;1.6;0.3;345;63
403.98;781;24;24;1.0;1.21;2.46;22;0;64;43;0;0;0;0.0;0.0;140;95;65;24;50;20;87;242;164;57;1;;20;3.0;14.47;;;;1.6;0.3;345;63
404.38;756;25;25;1.0;1.22;2.49;22;0;64;43;0;0;0;0.0;0.0;140;95;65;8;50;20;87;245;164;57;1;;20;3.12;14.47;;;;1.6;0.3;345;63
404.77;730;25;25;1.0;1.25;2.58;22;0;65;43;0;0;0;0.0;0.0;140;95;65;8;50;20;87;246;165;57;1;;20;3.12;14.47;;;;1.6;0.3;345;63
405.17;820;24;24;1.0;1.2;2.46;22;0;64;43;0;0;0;0.0;0.0;140;95;65;8;50;20;86;247;166;57;0;;20;3.0;14.47;;;;1.7;0.3;345;63
405.57;717;26;26;1.0;1.25;2.58;22;0;65;43;0;0;0;0.0;0.0;140;95;65;8;50;20;86;248;166;57;1;;20;3.25;14.47;;;;1.5;0.3;345;63
405.97;807;24;24;1.0;1.2;2.45;22;0;64;43;0;0;0;0.0;0.0;140;95;65;8;50;20;86;248;166;57;1;;20;3.0;14.47;;;;1.6;0.3;345;63
406.38;768;24;24;1.0;1.21;2.48;22;0;64;43;0;0;0;0.0;0.0;140;95;65;8;50;20;87;246;164;57;1;;20;3.0;14.47;;;;1.6;0.3;345;63
406.79;807;24;24;1.0;1.21;2.48;22;0;64;43;0;0;0;0.0;0.0;140;95;65;8;50;20;86;247;166;57;0;;20;3.0;14.47;;;;1.7;0.3;345;63
407.19;756;25;25;1.0;1.22;2.49;22;0;64;43;0;0;0;0.0;0.0;140;95;65;8;50;20;87;247;165;57;1;;20;3.12;14.47;;;;1.6;0.3;345;63
407.59;807;24;24;1.0;1.2;2.46;22;0;64;43;0;0;0;0.0;0.0;140;95;65;24;50;20;87;245;164;57;0;;20;3.0;14.47;;;;1.7;0.3;345;63
407.98;768;25;25;1.0;1.22;2.49;22;0;64;43;0;0;0;0.0;0.0;140;95;65;8;50;20;87;248;165;57;1;;20;3.12;14.47;;;;1.6;0.3;345;63
408.19;845;24;24;1.0;1.19;2.43;22;0;64;43;0;0;0;0.0;0.0;140;95;65;56;50;20;87;247;165;57;1;;20;3.0;14.47;;;;1.7;0.3;345;63
408.58;730;25;25;1.0;1.23;2.54;22;0;65;43;0;0;0;0.0;0.0;140;95;65;24;50;20;86;245;165;57;1;;20;3.12;14.47;;;;1.5;0.3;345;63
408.99;781;25;25;1.0;1.23;2.54;22;0;65;43;0;0;0;0.0;0.0;140;95;65;40;50;20;86;246;166;57;0;;20;3.12;14.47;;;;1.6;0.3;345;63
409.4;820;24;24;1.0;1.19;2.42;22;0;64;43;0;0;0;0.0;0.0;140;95;65;56;50;20;87;245;165;57;0;;20;3.0;14.47;;;;1.7;0.3;345;63
409.79;781;24;24;1.0;1.19;2.44;22;0;64;43;0;0;0;0.0;0.0;140;95;65;40;50;20;86;243;166;57;0;;20;3.0;14.47;;;;1.6;0.3;345;63
410.2;781;24;24;1.0;1.21;2.48;22;0;65;43;0;0;0;0.0;0.0;156;95;65;24;50;20;86;245;166;57;0;;20;3.0;14.47;;;;1.6;0.3;345;63
410.61;730;25;25;1.0;1.24;2.56;22;0;65;43;0;0;0;0.0;0.0;140;95;65;40;50;20;87;245;165;57;0;;20;3.12;14.47;;;;1.6;0.3;345;63
411.0;820;24;24;1.0;1.18;2.41;22;0;64;43;0;0;0;0.0;0.0;140;95;65;56;50;20;86;243;165;57;0;;20;3.0;14.47;;;;1.6;0.3;345;63
411.4;756;24;24;1.0;1.22;2.48;22;0;64;43;0;0;0;0.0;0.0;140;95;65;8;50;20;88;245;163;57;0;;20;3.0;14.47;;;;1.6;0.3;345;63
411.82;768;25;25;1.0;1.24;2.55;22;0;65;43;0;0;0;0.0;0.0;140;95;65;8;50;20;86;247;166;57;0;;20;3.12;14.47;;;;1.6;0.3;345;63
412.21;820;24;24;1.0;1.21;2.48;22;0;65;43;0;0;0;0.0;0.0;140;95;65;56;50;20;86;246;166;57;1;;20;3.0;14.47;;;;1.7;0.3;345;63
412.61;730;25;25;1.0;1.24;2.55;22;0;65;43;0;0;0;0.0;0.0;140;95;65;56;50;20;86;246;165;57;1;;20;3.12;14.47;;;;1.6;0.3;345;63
413.02;832;23;23;1.0;1.18;2.39;22;0;64;43;0;0;0;0.0;0.0;140;95;65;24;50;20;87;244;165;57;0;;20;2.88;14.47;;;;1.7;0.3;345;63
413.42;756;25;25;1.0;1.24;2.54;22;0;65;43;0;0;0;0.0;0.0;140;95;65;56;50;20;87;246;164;57;0;;20;3.12;14.47;;;;1.6;0.3;345;63
413.81;832;24;24;1.0;1.21;2.48;22;0;65;43;0;0;0;0.0;0.0;140;95;65;56;50;20;86;247;166;57;0;;20;3.0;14.47;;;;1.7;0.3;345;63
414.22;756;24;24;1.0;1.21;2.48;22;0;64;43;0;0;0;0.0;0.0;140;95;65;56;50;20;87;245;165;57;0;;20;3.0;14.47;;;;1.6;0.3;345;63
414.41;730;25;25;1.0;1.23;2.54;22;0;65;43;0;0;0;0.0;0.0;140;95;65;8;50;20;86;247;166;57;0;;20;3.12;14.47;;;;1.5;0.3;345;63
414.82;768;24;24;1.0;1.21;2.48;22;0;65;43;0;0;0;0.0;0.0;140;95;65;56;50;20;86;247;166;57;0;;20;3.0;14.47;;;;1.6;0.3;345;63
415.22;768;25;25;1.0;1.22;2.5;22;0;64;43;0;0;0;0.0;0.0;140;95;65;8;50;20;86;248;166;57;0;;20;3.12;14.47;;;;1.6;0.3;345;63
415.62;768;24;24;1.0;1.2;2.45;22;0;64;43;0;0;0;0.0;0.0;140;95;65;40;50;20;86;247;165;57;0;;20;3.0;14.47;;;;1.6;0.3;345;63
416.02;845;24;24;1.0;1.21;2.48;22;0;65;43;0;0;0;0.0;0.0;140;95;65;56;50;20;87;248;166;57;0;;20;3.0;14.47;;;;1.7;0.3;345;63
416.42;768;25;25;1.0;1.21;2.48;22;0;64;43;0;0;0;0.0;0.0;140;95;65;56;50;20;86;247;166;57;1;;20;3.12;14.47;;;;1.6;0.3;345;63
416.82;807;25;25;1.0;1.23;2.52;22;0;65;43;0;0;0;0.0;0.0;140;95;65;56;50;20;86;247;166;57;0;;20;3.12;14.47;;;;1.7;0.3;345;63
417.22;756;24;24;1.0;1.21;2.48;22;0;64;43;0;0;0;0.0;0.0;140;95;65;8;50;20;86;246;166;57;0;;20;3.0;14.47;;;;1.6;0.3;345;63
417.63;820;24;24;1.0;1.19;2.42;22;0;64;43;0;0;0;0.0;0.0;140;95;65;40;50;20;87;247;165;57;0;;20;3.0;14.47;;;;1.7;0.3;345;63
418.02;820;24;24;1.0;1.21;2.48;22;0;65;43;0;0;0;0.0;0.0;140;95;65;40;50;20;86;246;165;57;0;;20;3.0;14.47;;;;1.7;0.3;345;63
418.44;768;24;24;1.0;1.19;2.42;22;0;64;43;0;0;0;0.0;0.0;140;95;65;8;50;20;87;245;165;57;0;;20;3.0;14.47;;;;1.5;0.3;345;63
418.84;820;24;24;1.0;1.2;2.46;22;0;64;43;0;0;0;0.0;0.0;140;95;65;8;50;20;86;247;166;57;0;;20;3.0;14.47;;;;1.7;0.3;345;63
419.23;884;21;21;1.0;1.1;2.21;22;0;64;43;0;0;0;0.0;0.0;140;95;65;40;50;20;87;246;166;57;0;;20;2.62;14.7;;;;1.6;0.3;345;63
419.64;935;20;20;1.0;1.06;2.1;22;0;64;43;0;0;0;0.0;0.0;140;95;65;8;50;20;87;243;165;57;0;;20;2.5;14.7;;;;1.6;0.3;345;63
420.05;973;19;19;1.0;1.03;2.05;22;0;64;43;0;0;0;0.0;0.0;140;95;65;24;50;20;86;240;166;57;0;;20;2.38;14.7;;;;1.7;0.3;345;63
420.45;845;20;20;1.0;1.05;2.1;22;0;64;43;0;0;0;0.0;0.0;140;95;65;40;50;20;86;237;166;57;1;;20;2.5;14.7;;;;1.5;0.3;345;63
420.66;896;20;20;1.0;1.07;2.14;22;0;64;43;0;0;0;0.0;0.0;140;95;65;8;50;20;86;237;166;57;0;;20;2.5;14.7;;;;1.6;0.3;345;63
421.05;884;19;19;1.0;1.04;2.08;22;0;64;43;0;0;0;0.0;0.0;140;95;65;40;50;20;86;236;166;57;0;;20;2.38;14.7;;;;1.5;0.3;345;63
421.46;807;21;21;1.0;1.09;2.19;22;0;64;43;0;0;0;0.0;0.0;140;95;65;40;50;20;86;237;166;57;0;;20;2.62;14.7;;;;1.5;0.3;345;63
421.85;832;20;20;1.0;1.06;2.12;22;0;64;43;0;0;0;0.0;0.0;140;127;69;56;50;20;87;234;165;57;1;;20;2.5;14.7;;;;1.5;0.3;345;63
422.26;768;21;21;1.0;1.1;2.21;22;0;64;43;0;0;0;0.0;0.0;140;127;69;40;55;15;87;234;165;57;0;;15;2.62;14.7;;;;1.4;0.3;345;63
422.66;807;21;21;1.0;1.1;2.21;22;0;64;43;0;0;0;0.0;0.0;140;127;69;24;55;15;88;232;164;57;1;;15;2.62;14.7;;;;1.5;0.3;345;63
423.05;781;22;22;1.0;1.14;2.31;22;0;64;43;0;0;0;0.0;0.0;140;127;69;24;55;15;87;236;165;57;0;;15;2.75;14.7;;;;1.5;0.3;345;63
423.46;871;21;21;1.0;1.11;2.23;22;0;64;43;0;0;0;0.0;0.0;140;127;69;24;55;15;87;236;165;57;0;;15;2.62;14.7;;;;1.6;0.3;345;63
423.86;756;22;22;1.0;1.14;2.29;22;0;64;43;0;0;0;0.0;0.0;140;127;69;56;55;15;87;236;165;57;1;;15;2.75;14.7;;;;1.4;0.3;345;63
424.26;845;21;21;1.0;1.1;2.23;22;0;64;43;0;0;0;0.0;0.0;140;127;69;40;55;15;86;236;166;57;0;;15;2.62;14.7;;;;1.6;0.3;345;63
424.66;845;21;21;1.0;1.11;2.23;22;0;64;43;0;0;0;0.0;0.0;140;127;69;56;55;15;87;237;165;57;0;;15;2.62;14.7;;;;1.6;0.3;345;63
425.07;768;22;22;1.0;1.12;2.27;22;0;64;43;0;0;0;0.0;0.0;140;127;69;56;55;15;87;236;165;57;1;;15;2.75;14.7;;;;1.4;0.3;345;63
425.48;832;22;22;1.0;1.12;2.27;22;0;64;43;0;0;0;0.0;0.0;140;127;69;56;55;15;86;236;166;57;0;;15;2.75;14.7;;;;1.6;0.3;345;63
425.87;756;22;22;1.0;1.12;2.27;22;0;64;43;0;0;0;0.0;0.0;140;127;69;8;55;15;86;236;166;57;1;;15;2.75;14.7;;;;1.4;0.3;345;63
426.27;845;21;21;1.0;1.11;2.23;22;0;64;43;0;0;0;0.0;0.0;140;127;69;40;55;15;86;236;166;57;1;;15;2.62;14.7;;;;1.6;0.3;345;63
426.67;781;22;22;1.0;1.11;2.25;22;0;64;43;0;0;0;0.0;0.0;140;127;69;56;55;15;86;236;166;57;0;;15;2.75;14.7;;;;1.5;0.3;345;63
426.86;807;21;21;1.0;1.08;2.18;22;0;64;43;0;0;0;0.0;0.0;140;127;69;8;55;15;86;235;166;57;1;;15;2.62;14.7;;;;1.5;0.3;345;63
427.26;781;21;21;1.0;1.09;2.19;22;0;64;43;0;0;0;0.0;0.0;140;127;69;40;55;15;86;235;166;57;1;;15;2.62;14.7;;;;1.4;0.3;345;63
427.69;820;21;21;1.0;1.11;2.23;22;0;64;43;0;0;0;0.0;0.0;140;127;69;24;55;15;86;233;166;57;0;;15;2.62;14.7;;;;1.5;0.3;345;63
428.07;807;21;21;1.0;1.09;2.2;22;0;64;43;0;0;0;0.0;0.0;140;127;69;8;55;15;86;235;166;57;0;;15;2.62;14.7;;;;1.5;0.3;345;63
428.47;832;21;21;1.0;1.09;2.2;22;0;64;43;0;0;0;0.0;0.0;140;127;69;56;55;15;86;235;166;57;1;;15;2.62;14.7;;;;1.5;0.3;345;63
428.89;845;21;21;1.0;1.08;2.18;22;0;64;43;0;0;0;0.0;0.0;140;127;69;24;55;15;86;234;165;57;1;;15;2.62;14.7;;;;1.5;0.3;345;63
429.29;730;22;22;1.0;1.14;2.31;22;0;64;43;0;0;0;0.0;0.0;140;127;69;8;55;15;86;236;166;57;1;;15;2.75;14.7;;;;1.4;0.3;345;63
429.69;781;22;22;1.0;1.12;2.26;22;0;64;43;0;0;0;0.0;0.0;140;127;69;8;55;15;86;235;166;57;1;;15;2.75;14.7;;;;1.5;0.3;345;63
430.08;781;21;21;1.0;1.11;2.23;22;0;64;43;0;0;0;0.0;0.0;140;127;69;8;55;15;86;236;166;57;1;;15;2.62;14.7;;;;1.5;0.3;345;63
430.49;832;21;21;1.0;1.09;2.2;22;0;64;43;0;0;0;0.0;0.0;140;127;69;8;55;15;86;234;166;57;1;;15;2.62;14.7;;;;1.5;0.3;345;63
430.89;756;21;21;1.0;1.11;2.25;22;0;64;43;0;0;0;0.0;0.0;140;127;69;24;55;15;86;234;166;57;0;;15;2.62;14.7;;;;1.4;0.3;345;63
431.29;768;22;22;1.0;1.12;2.26;22;0;64;43;0;0;0;0.0;0.0;140;127;69;8;55;15;86;235;166;57;0;;15;2.75;14.7;;;;1.4;0.3;345;63
431.7;807;21;21;1.0;1.1;2.21;22;0;64;43;0;0;0;0.0;0.0;140;127;69;8;55;15;86;235;166;57;1;;15;2.62;14.7;;;;1.5;0.3;345;63
432.09;756;22;22;1.0;1.14;2.29;22;0;64;43;0;0;0;0.0;0.0;140;127;69;8;55;15;88;235;163;57;0;;15;2.75;14.7;;;;1.4;0.3;345;63
432.5;781;21;21;1.0;1.09;2.19;22;0;64;43;0;0;0;0.0;0.0;140;127;69;8;55;15;87;234;165;57;1;;15;2.62;14.7;;;;1.4;0.3;345;63
432.9;832;21;21;1.0;1.1;2.21;22;0;64;43;0;0;0;0.0;0.0;140;127;69;40;55;15;87;234;165;57;0;;15;2.62;14.7;;;;1.5;0.3;345;63
433.11;768;21;21;1.0;1.1;2.21;22;0;64;43;0;0;0;0.0;0.0;140;127;69;56;55;15;87;234;165;57;0;;15;2.62;14.7;;;;1.4;0.3;345;63
433.49;845;21;21;1.0;1.09;2.2;22;0;64;43;0;0;0;0.0;0.0;140;127;69;24;55;15;86;234;166;57;0;;15;2.62;14.7;;;;1.5;0.3;345;63
433.89;756;22;22;1.0;1.13;2.27;22;0;64;43;0;0;0;0.0;0.0;140;127;69;56;55;15;88;234;163;57;1;;15;2.75;14.7;;;;1.4;0.3;345;63
434.31;820;21;21;1.0;1.09;2.19;22;0;64;43;0;0;0;0.0;0.0;140;127;69;56;55;15;87;234;165;57;1;;15;2.62;14.7;;;;1.5;0.3;345;63
434.71;730;22;22;1.0;1.15;2.31;22;0;64;43;0;0;0;0.0;0.0;140;127;69;56;55;15;87;234;165;57;0;;15;2.75;14.7;;;;1.4;0.3;345;63
435.1;832;21;21;1.0;1.11;2.23;22;0;64;43;0;0;0;0.0;0.0;140;127;69;8;55;15;87;235;165;57;1;;15;2.62;14.7;;;;1.5;0.3;345;63
435.5;756;22;22;1.0;1.12;2.25;22;0;64;43;0;0;0;0.0;0.0;140;127;69;56;55;15;87;233;165;57;1;;15;2.75;14.7;;;;1.4;0.3;345;63
435.92;820;21;21;1.0;1.11;2.24;22;0;64;43;0;0;0;0.0;0.0;140;127;69;56;55;15;87;234;165;57;1;;15;2.62;14.7;;;;1.5;0.3;345;63
436.32;768;22;22;1.0;1.13;2.28;22;0;64;43;0;0;0;0.0;0.0;140;127;69;8;55;15;87;236;165;57;1;;15;2.75;14.7;;;;1.5;0.3;345;63
436.72;845;21;21;1.0;1.09;2.2;22;0;64;43;0;0;0;0.0;0.0;140;127;69;8;55;15;86;236;166;57;1;;15;2.62;14.7;;;;1.5;0.3;345;63
437.11;884;21;21;1.0;1.09;2.19;22;0;64;43;0;0;0;0.0;0.0;140;127;69;56;55;15;86;236;166;57;1;;15;2.62;14.7;;;;1.6;0.3;345;63
437.52;807;21;21;1.0;1.09;2.2;22;0;64;43;0;0;0;0.0;0.0;140;127;69;8;55;15;86;236;166;57;1;;15;2.62;14.7;;;;1.5;0.3;345;63
437.93;781;21;21;1.0;1.09;2.2;22;0;64;43;0;0;0;0.0;0.0;140;127;69;56;55;15;86;234;166;57;1;;15;2.62;14.7;;;;1.4;0.3;345;63
438.32;832;22;22;1.0;1.12;2.26;22;0;64;43;0;0;0;0.0;0.0;140;127;69;56;55;15;86;235;166;57;1;;15;2.75;14.7;;;;1.6;0.3;345;63
438.72;768;21;21;1.0;1.11;2.25;22;0;64;43;0;0;0;0.0;0.0;140;127;69;24;55;15;86;236;166;57;1;;15;2.62;14.7;;;;1.4;0.3;345;63
439.12;820;21;21;1.0;1.1;2.23;22;0;64;43;0;0;0;0.0;0.0;140;127;69;24;55;15;86;236;166;57;1;;15;2.62;14.7;;;;1.5;0.3;345;63
439.33;781;21;21;1.0;1.1;2.21;22;0;64;43;0;0;0;0.0;0.0;140;127;69;8;55;15;86;235;166;57;1;;15;2.62;14.7;;;;1.4;0.3;345;63
439.73;807;22;22;1.0;1.12;2.27;22;0;64;43;0;0;0;0.0;0.0;140;127;69;8;55;15;86;237;166;57;1;;15;2.75;14.7;;;;1.5;0.3;345;63
440.13;717;22;22;1.0;1.14;2.3;22;0;64;43;0;0;0;0.0;0.0;140;127;69;8;55;15;86;235;166;57;1;;15;2.75;14.7;;;;1.4;0.3;345;63
440.54;832;21;21;1.0;1.11;2.23;22;0;64;43;0;0;0;0.0;0.0;140;127;69;24;55;15;86;236;166;57;1;;15;2.62;14.7;;;;1.5;0.3;345;63
440.93;781;21;21;1.0;1.1;2.23;22;0;64;43;0;0;0;0.0;0.0;140;127;69;8;55;15;86;236;166;57;1;;15;2.62;14.7;;;;1.4;0.3;345;63
441.33;781;21;21;1.0;1.09;2.2;22;0;64;43;0;0;0;0.0;0.0;140;127;69;8;55;15;86;235;166;57;1;;15;2.62;14.7;;;;1.4;0.3;345;63
441.74;820;21;21;1.0;1.11;2.23;22;0;64;43;0;0;0;0.0;0.0;140;127;69;56;55;15;86;236;166;57;1;;15;2.62;14.7;;;;1.5;0.3;345;63
442.14;781;21;21;1.0;1.11;2.24;22;0;64;43;0;0;0;0.0;0.0;140;127;69;8;55;15;87;236;165;57;1;;15;2.62;14.7;;;;1.5;0.3;345;63
442.54;820;21;21;1.0;1.1;2.21;22;0;64;43;0;0;0;0.0;0.0;140;127;69;8;55;15;87;235;165;57;1;;15;2.62;14.7;;;;1.5;0.3;345;63
442.93;845;21;21;1.0;1.11;2.23;22;0;64;43;0;0;0;0.0;0.0;140;127;69;40;55;15;87;235;165;57;1;;15;2.62;14.7;;;;1.6;0.3;345;63
443.35;768;22;22;1.0;1.13;2.29;22;0;64;43;0;0;0;0.0;0.0;140;127;69;24;55;15;86;236;165;57;1;;15;2.75;14.7;;;;1.5;0.3;345;63
443.75;832;21;21;1.0;1.11;2.24;22;0;64;43;0;0;0;0.0;0.0;140;127;69;56;55;15;87;234;165;57;1;;15;2.62;14.7;;;;1.6;0.3;345;63
444.15;756;22;22;1.0;1.12;2.25;22;0;64;43;0;0;0;0.0;0.0;140;127;69;40;55;15;87;234;165;57;1;;15;2.75;14.7;;;;1.4;0.3;345;63
444.57;832;21;21;1.0;1.09;2.2;22;0;64;43;0;0;0;0.0;0.0;140;127;69;24;55;15;86;233;166;57;1;;15;2.62;14.7;;;;1.5;0.3;345;63
444.97;730;22;22;1.0;1.14;2.3;22;0;64;43;0;0;0;0.0;0.0;140;127;69;56;55;15;86;235;166;57;1;;15;2.75;14.7;;;;1.4;0.3;345;63
445.17;730;22;22;1.0;1.14;2.31;22;0;64;43;0;0;0;0.0;0.0;140;127;69;24;55;15;87;234;165;57;1;;15;2.75;14.7;;;;1.4;0.3;345;63
445.57;781;21;21;1.0;1.11;2.23;22;0;64;43;0;0;0;0.0;0.0;140;127;69;8;55;15;87;234;165;57;1;;15;2.62;14.7;;;;1.5;0.3;345;63
445.96;832;21;21;1.0;1.09;2.18;22;0;64;43;0;0;0;0.0;0.0;140;127;69;56;55;15;87;233;165;57;1;;15;2.62;14.7;;;;1.5;0.3;345;63
446.37;781;21;21;1.0;1.09;2.2;22;0;64;43;0;0;0;0.0;0.0;140;127;69;56;55;15;86;232;166;57;1;;15;2.62;14.7;;;;1.4;0.3;345;63
446.77;781;21;21;1.0;1.11;2.23;22;0;64;43;0;0;0;0.0;0.0;140;127;69;56;55;15;86;234;166;57;1;;15;2.62;14.7;;;;1.5;0.3;345;63
447.17;730;22;22;1.0;1.14;2.3;22;0;64;43;0;0;0;0.0;0.0;140;127;69;56;55;15;86;233;166;57;1;;15;2.75;14.7;;;;1.4;0.3;345;63
447.56;807;21;21;1.0;1.1;2.21;22;0;64;43;0;0;0;0.0;0.0;140;127;69;56;55;15;87;233;165;57;1;;15;2.62;14.7;;;;1.5;0.3;345;63
447.98;768;22;22;1.0;1.13;2.28;22;0;64;43;0;0;0;0.0;0.0;140;127;69;56;55;15;87;234;165;57;1;;15;2.75;14.7;;;;1.5;0.3;345;63
448.39;820;21;21;1.0;1.11;2.23;22;0;64;43;0;0;0;0.0;0.0;140;127;69;8;55;15;86;234;166;57;1;;15;2.62;14.7;;;;1.5;0.3;345;63
448.77;781;21;21;1.0;1.1;2.21;22;0;64;43;0;0;0;0.0;0.0;140;127;69;8;55;15;86;234;166;57;1;;15;2.62;14.7;;;;1.4;0.3;345;63
449.19;807;21;21;1.0;1.1;2.23;22;0;64;43;0;0;0;0.0;0.0;140;127;69;56;55;15;86;234;166;57;1;;15;2.62;14.7;;;;1.5;0.3;345;63
449.59;768;22;22;1.0;1.13;2.29;22;0;64;43;0;0;0;0.0;0.0;140;127;69;24;55;15;86;235;166;57;1;;15;2.75;14.7;;;;1.5;0.3;345;63
449.98;756;23;23;1.0;1.16;2.34;22;0;64;43;0;0;0;0.0;0.0;140;127;69;24;55;15;87;235;164;57;1;;15;2.88;14.47;;;;1.5;0.3;345;63
450.4;820;21;21;1.0;1.1;2.23;22;0;64;43;0;0;0;0.0;0.0;140;127;69;8;55;15;86;236;166;57;1;;15;2.62;14.7;;;;1.5;0.3;345;63
450.8;756;22;22;1.0;1.13;2.29;22;0;64;43;0;0;0;0.0;0.0;140;127;69;8;55;15;86;236;166;57;1;;15;2.75;14.7;;;;1.4;0.3;345;63
451.2;820;22;22;1.0;1.11;2.25;22;0;64;43;0;0;0;0.0;0.0;140;127;69;8;55;15;86;237;166;57;1;;15;2.75;14.7;;;;1.5;0.3;345;63
451.39;768;22;22;1.0;1.14;2.31;22;0;64;43;0;0;0;0.0;0.0;140;127;69;24;55;15;86;237;166;57;1;;15;2.75;14.7;;;;1.5;0.3;345;63
451.78;781;22;22;1.0;1.13;2.29;22;0;64;43;0;0;0;0.0;0.0;140;127;69;24;55;15;86;236;166;57;1;;15;2.75;14.7;;;;1.5;0.3;345;63
452.2;871;21;21;1.0;1.09;2.19;22;0;64;43;0;0;0;0.0;0.0;140;127;69;8;55;15;86;235;166;57;1;;15;2.62;14.7;;;;1.6;0.3;345;63
452.59;781;22;22;1.0;1.12;2.26;22;0;64;43;0;0;0;0.0;0.0;140;127;69;8;55;15;86;236;166;57;1;;15;2.75;14.7;;;;1.5;0.3;345;63
453.0;781;21;21;1.0;1.1;2.21;22;0;64;43;0;0;0;0.0;0.0;140;127;69;56;55;15;87;235;165;57;1;;15;2.62;14.7;;;;1.4;0.3;345;63
453.4;807;21;21;1.0;1.11;2.23;22;0;64;43;0;0;0;0.0;0.0;140;127;69;24;55;15;86;236;166;57;1;;15;2.62;14.7;;;;1.5;0.3;345;63
453.8;768;21;21;1.0;1.12;2.25;22;0;64;43;0;0;0;0.0;0.0;140;127;69;56;55;15;87;235;165;57;1;;15;2.62;14.7;;;;1.4;0.3;345;63
454.21;807;21;21;1.0;1.11;2.23;22;0;64;43;0;0;0;0.0;0.0;140;127;69;8;55;15;87;236;165;57;1;;15;2.62;14.7;;;;1.5;0.3;345;63
459.63;807;21;21;1.0;1.11;2.25;22;0;65;43;0;0;0;0.0;0.0;140;127;69;56;55;15;86;234;166;57;1;;15;2.62;14.7;;;;1.5;0.3;345;63
460.03;807;21;21;1.0;1.1;2.21;22;0;65;43;0;0;0;0.0;0.0;140;127;69;56;55;15;86;233;166;57;1;;15;2.62;14.7;;;;1.5;0.3;345;63
460.42;820;21;21;1.0;1.1;2.21;22;0;65;43;0;0;0;0.0;0.0;140;127;69;40;55;15;86;232;166;57;1;;15;2.62;14.7;;;;1.5;0.3;345;63
460.84;820;21;21;1.0;1.1;2.23;22;0;65;43;0;0;0;0.0;0.0;140;127;69;56;55;15;86;234;166;57;1;;15;2.62;14.7;;;;1.5;0.3;345;63
461.24;768;21;21;1.0;1.11;2.25;22;0;65;43;0;0;0;0.0;0.0;140;127;69;8;55;15;86;233;166;57;1;;15;2.62;14.7;;;;1.4;0.3;345;63
461.63;820;21;21;1.0;1.09;2.2;22;0;65;43;0;0;0;0.0;0.0;140;127;69;24;55;15;86;232;166;57;1;;15;2.62;14.7;;;;1.5;0.3;345;63
462.03;756;21;21;1.0;1.11;2.25;22;0;65;43;0;0;0;0.0;0.0;140;127;69;56;55;15;86;233;166;57;1;;15;2.62;14.7;;;;1.4;0.3;345;63
462.43;820;21;21;1.0;1.09;2.2;22;0;65;43;0;0;0;0.0;0.0;140;127;69;56;55;15;86;232;166;57;1;;15;2.62;14.7;;;;1.5;0.3;345;63
462.84;730;22;22;1.0;1.13;2.29;22;0;65;43;0;0;0;0.0;0.0;140;127;69;56;55;15;85;233;167;57;1;;15;2.75;14.7;;;;1.4;0.3;345;63
463.23;730;22;22;1.0;1.13;2.29;22;0;65;43;0;0;0;0.0;0.0;140;127;69;8;55;15;86;232;166;57;1;;15;2.75;14.7;;;;1.4;0.3;345;63
463.64;832;21;21;1.0;1.12;2.25;22;0;65;43;0;0;0;0.0;0.0;140;127;69;24;55;15;87;233;164;57;1;;15;2.62;14.7;;;;1.6;0.3;345;63
464.04;781;21;21;1.0;1.11;2.25;22;0;65;43;0;0;0;0.0;0.0;140;127;69;8;55;15;86;234;166;57;1;;15;2.62;14.7;;;;1.5;0.3;345;63
