Время, с;Обороты;Нагрузка (ось карт);Наполнение мгновенное;Дроссель открытие;Впрыск, мс;Мёртвое время форсунки;Обогащение ускорения;УОЗ сырьё;УОЗ из карты;Поправка угла по детонации, °;Давление, кПа;Расход (прослойка);VE (ДАД);Ktps (ДАД);Коррекция по лямбде;Живая карта;Состояние указателя;Индекс температурных таблиц;РХХ / контур холостого;УОЗ, градусы;Нагрузка TP;Газ, %;Впрыск расчётный, мс;Загрузка форсунок, %;K форсунок;КМ (ДАД);AFR цель;AFR факт (ШДК);Поправка VE (факт/цель);ФЛАГ Отсечка;ФЛАГ Впрыск разрешён;ФЛАГ Замкнутый цикл;ФЛАГ Крэнк;ФЛАГ Нейтраль;ФЛАГ Холостой ход;ФЛАГ Стартер;ФЛАГ Неисправность TPS;ФЛАГ $0053.08 гейт наката;ФЛАГ $0053.40 гейт наката;ФЛАГ $0053.80 не разобран;АЦП Расходомер/ДАД;АЦП Дроссель;АЦП Напряжение борта;АЦП Температура ОЖ;АЦП Лямбда;АЦП канал 9 (свободный)
1.44;1281;21;21;2;3.03;71;0;50;20;0;55;6;0.4;1.0;1.0;0;0;184;0;20;2.62;1.2;1.57;3.2;345;128;14.7;16.02;1.09;0;1;0;0;0;1;0;0;0;1;0;286;;164;68;0;82
1.62;1281;21;21;2;3.03;71;0;50;20;0;55;6;0.4;1.0;1.0;0;0;184;0;20;2.62;1.2;1.57;3.2;345;128;14.7;16.02;1.09;0;1;0;0;0;1;0;0;0;1;0;286;;164;68;0;82
2.04;1204;19;19;2;2.8;72;0;50;20;0;54;5;0.38;1.0;1.0;0;0;184;0;20;2.38;1.2;1.48;2.8;345;128;14.7;16.02;1.09;0;1;0;0;0;0;0;0;0;1;0;276;;163;69;0;74
2.43;1204;19;19;2;2.8;72;0;50;20;0;54;5;0.38;1.0;1.0;0;0;184;0;20;2.38;1.2;1.48;2.8;345;128;14.7;14.62;0.995;0;1;0;0;0;0;0;0;0;1;0;276;;163;69;0;74
2.85;1447;24;24;2;3.32;72;0;31;40;0;56;8;0.44;1.0;1.0;0;0;184;0;39;3.0;1.2;1.69;4.0;345;128;14.7;14.62;0.995;0;1;0;0;0;0;0;0;0;1;0;297;;163;69;0;83
3.23;1511;19;19;2;2.82;72;0;32;38;0;53;6;0.38;1.0;1.0;0;0;184;0;38;2.38;1.2;1.49;3.6;345;128;14.7;14.62;0.995;0;1;0;0;0;0;0;0;0;1;0;271;;162;69;0;78
3.64;1255;14;14;1;2.28;73;0;50;20;0;48;4;0.3;1.0;1.0;0;0;184;0;20;1.75;0.6;1.28;2.4;345;128;14.7;14.51;0.987;0;1;0;0;0;1;0;0;0;1;0;237;;162;68;0;74
4.05;1037;17;17;1;2.62;74;0;50;20;0;52;4;0.34;1.0;1.0;0;0;184;0;20;2.12;0.6;1.42;2.3;345;128;14.7;14.51;0.987;0;1;0;0;0;1;0;0;0;1;0;262;;160;69;0;77
4.45;948;19;19;1;2.85;72;0;50;20;0;54;4;0.36;1.0;1.0;0;0;184;0;20;2.38;0.6;1.5;2.3;345;128;14.7;17.22;1.171;0;1;0;0;0;1;0;0;0;1;0;281;;163;69;0;82
4.84;999;18;18;1;2.77;74;0;50;20;0;54;4;0.37;1.0;1.0;0;0;184;0;20;2.25;0.6;1.48;2.3;345;128;14.7;17.22;1.171;0;1;0;0;0;1;0;0;0;1;0;276;;160;69;0;74
5.25;935;19;19;1;2.82;72;0;50;20;0;54;4;0.36;1.0;1.0;0;0;184;0;20;2.38;0.6;1.49;2.2;345;128;14.7;17.22;1.171;0;1;0;0;0;1;0;0;0;1;0;276;;163;69;0;81
5.65;948;17;17;1;2.63;73;0;50;20;0;52;3;0.33;1.0;1.0;0;0;184;0;20;2.12;0.6;1.42;2.1;345;128;14.7;16.02;1.09;0;1;0;0;0;1;0;0;0;1;0;267;;160;69;0;77
6.05;896;18;18;1;2.67;72;0;50;20;0;53;3;0.34;1.0;1.0;0;0;184;0;20;2.25;0.6;1.43;2.0;345;128;14.7;16.02;1.09;0;1;0;0;0;1;0;0;0;1;0;269;;163;69;0;77
6.47;935;18;18;1;2.66;73;0;50;20;0;53;3;0.34;1.0;1.0;0;0;184;0;20;2.25;0.6;1.43;2.1;345;128;14.7;14.81;1.007;0;1;0;0;0;1;0;0;0;1;0;270;;161;69;0;77
6.66;871;19;19;1;2.82;74;0;50;20;0;54;3;0.36;1.0;1.0;0;0;184;0;20;2.38;0.6;1.5;2.0;345;128;14.7;14.81;1.007;0;1;0;0;0;1;0;0;0;1;0;276;;163;69;0;81
7.05;884;18;18;1;2.73;73;0;50;20;0;53;3;0.34;1.0;1.0;0;0;184;0;20;2.25;0.6;1.46;2.0;345;128;14.7;14.81;1.007;0;1;0;0;0;1;0;0;0;1;0;274;;162;68;0;77
7.45;871;19;19;1;2.83;73;0;50;20;0;54;3;0.36;1.0;1.0;0;0;184;0;20;2.38;0.6;1.5;2.1;345;128;14.7;15.41;1.048;0;1;0;0;0;1;0;0;0;1;0;279;;162;69;0;77
7.87;871;19;19;1;2.81;73;0;50;20;0;54;3;0.36;1.0;1.0;0;0;184;0;20;2.38;0.6;1.49;2.0;345;128;14.7;15.41;1.048;0;1;0;0;0;1;0;0;0;1;0;277;;162;69;0;81
8.26;820;18;18;1;2.67;72;0;50;20;0;53;3;0.34;1.0;1.0;0;0;184;0;20;2.25;0.6;1.43;1.8;345;128;14.7;15.41;1.048;0;1;0;0;0;1;0;0;0;1;0;275;;163;69;0;81
8.67;845;31;31;3;4.0;74;0;42;27;0;64;5;0.48;1.0;1.0;0;0;184;0;28;3.88;1.7;1.97;2.8;345;128;14.59;14.91;1.022;0;1;0;0;0;0;0;0;0;1;0;358;;161;69;0;89
9.07;1537;34;34;4;4.28;73;0;29;41;0;63;11;0.53;1.0;1.0;0;0;184;0;41;4.25;2.3;2.08;5.5;345;128;14.7;14.91;1.014;0;1;0;0;0;0;0;0;0;1;0;349;;162;69;0;86
9.48;1550;29;29;4;3.85;74;0;28;42;0;60;10;0.5;1.0;1.0;0;0;184;0;42;3.62;2.3;1.91;5.0;345;128;14.7;13.91;0.946;0;1;0;0;0;0;0;0;0;1;0;321;;160;69;0;84
9.86;1473;17;17;1;2.6;74;0;37;20;0;51;5;0.34;1.0;1.0;0;0;184;0;33;2.12;0.6;1.41;3.2;345;128;14.7;13.91;0.946;0;1;0;0;0;1;0;0;0;1;0;253;;161;68;0;76
10.28;948;17;17;1;2.6;74;0;52;20;0;53;3;0.34;1.0;1.0;0;0;184;0;18;2.12;0.6;1.41;2.1;345;128;14.7;19.32;1.314;0;1;0;0;0;1;0;0;0;1;0;269;;161;69;0;77
10.68;1063;20;20;1;2.91;73;0;50;20;0;54;4;0.37;1.0;1.0;0;0;184;0;20;2.5;0.6;1.53;2.6;345;128;14.7;19.32;1.314;0;1;0;0;0;1;0;0;0;1;0;281;;162;69;0;74
11.07;1050;19;19;1;2.8;72;0;50;20;0;53;4;0.35;1.0;1.0;0;0;184;0;20;2.38;0.6;1.48;2.5;345;128;14.7;19.32;1.314;0;1;0;0;0;1;0;0;0;1;0;274;;163;69;0;81
11.49;1037;19;19;1;2.83;73;0;50;20;0;54;4;0.37;1.0;1.0;0;0;184;0;20;2.38;0.6;1.5;2.4;345;128;14.7;15.62;1.063;0;1;0;0;0;1;0;0;0;1;0;280;;162;69;0;81
11.89;986;18;18;1;2.65;72;0;50;20;0;53;4;0.34;1.0;1.0;0;0;184;0;20;2.25;0.6;1.42;2.2;345;128;14.7;15.62;1.063;0;1;0;0;0;1;0;0;0;1;0;271;;163;69;0;78
12.29;999;18;18;1;2.75;74;0;50;20;0;53;4;0.34;1.0;1.0;0;0;184;0;20;2.25;0.6;1.47;2.3;345;128;14.7;15.72;1.069;0;1;0;0;0;1;0;0;0;1;0;274;;161;69;0;77
12.69;999;22;22;1;3.07;72;0;50;20;0;56;4;0.4;1.0;1.0;0;0;184;0;20;2.75;0.6;1.59;2.6;345;128;14.7;15.72;1.069;0;1;0;0;0;1;0;0;0;1;0;293;;163;69;0;40
12.89;1063;25;25;2;3.47;74;0;50;20;0;59;6;0.44;1.0;1.0;0;0;184;0;20;3.12;1.2;1.76;3.1;345;128;14.7;15.72;1.069;0;1;0;0;0;1;0;0;0;1;0;317;;161;69;0;85
13.28;1306;22;22;2;3.05;72;0;50;20;0;55;6;0.4;1.0;1.0;0;0;184;0;20;2.75;1.2;1.58;3.3;345;128;14.7;14.61;0.994;0;1;0;0;0;1;0;0;0;1;0;284;;163;69;0;82
13.68;1229;19;19;2;2.83;73;0;50;20;0;53;5;0.36;1.0;1.0;0;0;184;0;20;2.38;1.2;1.5;2.9;345;128;14.7;14.61;0.994;0;1;0;0;0;1;0;0;0;1;0;275;;162;69;0;78
14.09;1229;20;20;2;2.92;72;0;50;20;0;54;5;0.38;1.0;1.0;0;0;184;0;20;2.5;1.2;1.53;3.0;345;128;14.7;14.61;0.994;0;1;0;0;0;1;0;0;0;1;0;283;;163;68;0;82
14.49;1178;20;20;3;2.97;74;0;42;37;0;54;5;0.38;1.0;1.0;0;0;184;0;28;2.5;1.7;1.56;2.9;345;128;14.7;16.11;1.096;0;1;0;0;0;0;0;0;0;1;0;283;;160;69;0;82
14.89;1447;29;29;4;3.81;73;0;29;41;0;60;9;0.49;1.0;1.0;0;0;184;0;41;3.62;2.3;1.89;4.6;345;128;14.7;16.11;1.096;0;1;0;0;0;0;0;0;0;1;0;326;;162;69;0;85
15.3;1486;29;29;4;3.8;74;0;28;42;0;60;10;0.49;1.0;1.0;0;0;184;0;42;3.62;2.3;1.89;4.7;345;128;14.7;14.61;0.994;0;1;0;0;0;0;0;0;0;1;0;324;;161;69;0;85
15.71;1588;26;26;4;3.48;73;0;29;41;0;57;9;0.45;1.0;1.0;0;0;184;0;41;3.25;2.3;1.76;4.6;345;128;14.7;14.61;0.994;0;1;0;0;0;0;0;0;0;1;0;301;;162;69;0;83
16.1;1550;22;22;4;3.07;74;0;32;38;0;54;7;0.4;1.0;1.0;0;0;184;0;38;2.75;2.3;1.6;4.0;345;128;14.7;14.61;0.994;0;1;0;0;0;0;0;0;0;1;0;277;;161;69;0;82
16.51;1614;18;18;4;2.75;72;0;34;36;0;52;6;0.36;1.0;1.0;0;0;184;0;36;2.25;2.3;1.46;3.7;345;128;14.7;15.21;1.035;0;1;0;0;0;0;0;0;0;1;0;261;;163;69;0;77
16.91;1319;18;18;4;2.72;72;0;34;35;0;53;5;0.36;1.0;1.0;0;0;184;0;36;2.25;2.3;1.45;3.0;345;128;14.7;15.21;1.035;0;1;0;0;0;0;0;0;0;1;0;273;;163;69;0;81
17.31;1114;23;23;1;3.18;73;0;37;20;0;56;5;0.41;1.0;1.0;0;0;184;0;33;2.88;0.6;1.64;3.0;345;128;14.7;15.21;1.035;0;1;0;0;0;1;0;0;0;1;0;297;;162;69;0;83
17.71;935;19;19;1;2.8;72;0;50;20;0;55;4;0.38;1.0;1.0;0;0;184;0;20;2.38;0.6;1.48;2.2;345;128;14.7;15.21;1.035;0;1;0;0;0;1;0;0;0;1;0;284;;163;69;0;82
18.12;1037;22;22;1;3.07;72;0;50;20;0;56;4;0.41;1.0;1.0;0;0;184;0;20;2.75;0.6;1.59;2.7;345;128;14.7;15.21;1.035;0;1;0;0;0;1;0;0;0;1;0;294;;163;69;0;83
18.5;986;20;20;1;2.87;72;0;50;20;0;54;4;0.37;1.0;1.0;0;0;184;0;20;2.5;0.6;1.51;2.4;345;128;14.7;16.11;1.096;0;1;0;0;0;1;0;0;0;1;0;283;;163;69;0;82
18.92;986;20;20;1;2.9;74;0;50;20;0;54;4;0.37;1.0;1.0;0;0;184;0;20;2.5;0.6;1.53;2.4;345;128;14.7;16.11;1.096;0;1;0;0;0;1;0;0;0;1;0;278;;161;69;0;82
19.1;948;19;19;1;2.85;72;0;50;20;0;54;4;0.36;1.0;1.0;0;0;184;0;20;2.38;0.6;1.5;2.3;345;128;14.7;16.11;1.096;0;1;0;0;0;1;0;0;0;1;0;279;;163;69;0;81
19.53;948;19;19;1;2.8;74;0;50;20;0;54;4;0.36;1.0;1.0;0;0;184;0;20;2.38;0.6;1.49;2.2;345;128;14.7;15.81;1.076;0;1;0;0;0;1;0;0;0;1;0;279;;161;69;0;82
19.91;845;18;18;1;2.65;72;0;50;20;0;53;3;0.34;1.0;1.0;0;0;184;0;20;2.25;0.6;1.42;1.9;345;128;14.7;15.81;1.076;0;1;0;0;0;1;0;0;0;1;0;271;;163;69;0;77
20.33;845;17;17;1;2.67;74;0;50;20;0;53;3;0.34;1.0;1.0;0;0;184;0;20;2.12;0.6;1.44;1.9;345;128;14.7;14.71;1.001;0;1;0;0;0;1;0;0;0;1;0;271;;161;69;0;77
20.72;845;17;17;1;2.66;73;0;50;20;0;53;3;0.34;1.0;1.0;0;0;184;0;20;2.12;0.6;1.43;1.9;345;128;14.7;14.71;1.001;0;1;0;0;0;1;0;0;0;1;0;271;;162;69;0;77
21.12;820;18;18;1;2.67;72;0;50;20;0;53;3;0.34;1.0;1.0;0;0;184;0;20;2.25;0.6;1.43;1.8;345;128;14.7;14.71;1.001;0;1;0;0;0;1;0;0;0;1;0;273;;163;69;0;81
21.53;807;19;19;1;2.83;73;0;50;20;0;54;3;0.37;1.0;1.0;0;0;184;0;20;2.38;0.6;1.5;1.9;345;128;14.7;15.21;1.035;0;1;0;0;0;1;0;0;0;1;0;281;;162;69;0;82
21.93;884;28;28;2;3.7;72;0;50;20;0;61;5;0.45;1.0;1.0;0;0;184;0;20;3.5;1.2;1.84;2.7;345;128;14.47;15.21;1.051;0;1;0;0;0;1;0;0;0;1;0;335;;163;69;0;86
22.34;1383;30;30;2;3.92;74;0;31;39;0;60;9;0.49;1.0;1.0;0;0;184;0;39;3.75;1.2;1.94;4.5;345;128;14.7;14.41;0.98;0;1;0;0;0;0;0;0;0;1;0;324;;160;69;0;85
22.72;1588;23;23;2;3.17;74;0;31;39;0;55;8;0.42;1.0;1.0;0;0;184;0;39;2.88;1.2;1.64;4.2;345;128;14.7;14.41;0.98;0;1;0;0;0;0;0;0;0;1;0;287;;161;69;0;82
23.13;1473;21;21;2;3.03;73;0;30;40;0;54;7;0.39;1.0;1.0;0;0;184;0;40;2.62;1.2;1.58;3.7;345;128;14.7;14.41;0.98;0;1;0;0;0;0;0;0;0;1;0;282;;162;69;0;82
23.53;1537;22;22;2;3.06;73;0;31;39;0;54;7;0.4;1.0;1.0;0;0;184;0;39;2.75;1.2;1.59;3.9;345;128;14.7;16.82;1.144;0;1;0;0;0;0;0;0;0;1;0;279;;162;69;0;82
23.94;1434;23;23;2;3.22;72;0;32;38;0;56;7;0.44;1.0;1.0;0;0;184;0;38;2.88;1.2;1.65;3.8;345;128;14.7;16.82;1.144;0;1;0;0;0;0;0;0;0;1;0;296;;163;69;0;82
24.35;1114;17;17;1;2.61;73;0;49;20;0;53;4;0.35;1.0;1.0;0;0;184;0;21;2.12;0.6;1.41;2.4;345;128;14.7;16.02;1.09;0;1;0;0;0;1;0;0;0;1;0;268;;162;69;0;77
24.74;986;22;22;1;3.1;74;0;50;20;0;56;4;0.4;1.0;1.0;0;0;184;0;20;2.75;0.6;1.61;2.5;345;128;14.7;16.02;1.09;0;1;0;0;0;1;0;0;0;1;0;296;;161;69;0;82
25.14;999;21;21;1;2.97;72;0;50;20;0;55;4;0.38;1.0;1.0;0;0;184;0;20;2.62;0.6;1.55;2.5;345;128;14.7;16.02;1.09;0;1;0;0;0;1;0;0;0;1;0;288;;163;69;0;82
25.35;935;20;20;1;2.97;74;0;50;20;0;55;4;0.38;1.0;1.0;0;0;184;0;20;2.5;0.6;1.56;2.3;345;128;14.7;14.91;1.014;0;1;0;0;0;1;0;0;0;1;0;284;;161;69;0;82
25.74;948;19;19;1;2.8;72;0;50;20;0;54;4;0.36;1.0;1.0;0;0;184;0;20;2.38;0.6;1.48;2.2;345;128;14.7;14.91;1.014;0;1;0;0;0;1;0;0;0;1;0;277;;163;70;0;81
26.15;922;18;18;1;2.7;74;0;50;20;0;53;3;0.34;1.0;1.0;0;0;184;0;20;2.25;0.6;1.45;2.1;345;128;14.7;14.91;1.014;0;1;0;0;0;1;0;0;0;1;0;275;;161;70;0;81
26.55;884;19;19;1;2.76;73;0;50;20;0;53;3;0.34;1.0;1.0;0;0;184;0;20;2.38;0.6;1.47;2.0;345;128;14.7;15.42;1.049;0;1;0;0;0;1;0;0;0;1;0;275;;162;70;0;81
26.96;896;18;18;1;2.66;73;0;50;20;0;53;3;0.34;1.0;1.0;0;0;184;0;20;2.25;0.6;1.43;2.0;345;128;14.7;15.42;1.049;0;1;0;0;0;1;0;0;0;1;0;273;;161;70;0;77
27.34;845;23;23;3;3.22;74;0;46;24;0;58;4;0.41;1.0;1.0;0;0;184;0;24;2.88;1.7;1.66;2.3;345;128;14.47;15.81;1.093;0;1;0;0;0;0;0;0;0;1;0;313;;161;70;0;84
27.76;1281;36;36;4;4.53;73;0;34;37;0;65;10;0.55;1.0;1.0;0;0;184;0;36;4.5;2.3;2.18;4.8;345;128;14.7;15.81;1.076;0;1;0;0;0;0;0;0;0;1;0;361;;162;70;0;89
28.16;1422;31;31;4;4.02;74;0;29;41;0;62;10;0.52;1.0;1.0;0;0;184;0;41;3.88;2.3;1.98;4.8;345;128;14.7;15.81;1.076;0;1;0;0;0;0;0;0;0;1;0;338;;161;70;0;86
28.55;1447;31;31;4;4.0;74;0;29;41;0;61;9;0.51;1.0;1.0;0;0;184;0;41;3.88;2.3;1.97;4.8;345;128;14.7;14.61;0.994;0;1;0;0;0;0;0;0;0;1;0;334;;161;70;0;86
28.96;1101;16;16;1;2.52;74;0;50;20;0;51;4;0.32;1.0;1.0;0;0;184;0;20;2.0;0.6;1.38;2.3;345;128;14.7;14.61;0.994;0;1;0;0;0;1;0;0;0;1;0;259;;160;70;0;38
29.36;948;18;18;1;2.68;75;0;50;20;0;53;4;0.34;1.0;1.0;0;0;184;0;20;2.25;0.6;1.45;2.1;345;128;14.7;15.52;1.056;0;1;0;0;0;1;0;0;0;1;0;271;;159;70;0;77
29.76;1050;18;18;1;2.77;74;0;50;20;0;53;4;0.35;1.0;1.0;0;0;184;0;20;2.25;0.6;1.48;2.4;345;128;14.7;15.52;1.056;0;1;0;0;0;1;0;0;0;1;0;272;;160;70;0;77
30.18;935;18;18;1;2.73;73;0;50;20;0;54;4;0.36;1.0;1.0;0;0;184;0;20;2.25;0.6;1.46;2.1;345;128;14.7;15.52;1.056;0;1;0;0;0;1;0;0;0;1;0;277;;162;70;0;81
30.57;832;22;22;1;3.13;73;0;50;20;0;57;4;0.4;1.0;1.0;0;0;184;0;20;2.75;0.6;1.62;2.2;345;128;14.7;16.02;1.09;0;1;0;0;0;1;0;0;0;1;0;304;;159;70;0;84
30.96;884;22;22;1;3.15;72;0;50;20;0;57;4;0.4;1.0;1.0;0;0;184;0;20;2.75;0.6;1.62;2.3;345;128;14.7;16.02;1.09;0;1;0;0;0;1;0;0;0;1;0;302;;163;70;0;83
31.18;896;22;22;1;3.13;73;0;50;20;0;56;4;0.39;1.0;1.0;0;0;184;0;20;2.75;0.6;1.62;2.3;345;128;14.7;16.02;1.09;0;1;0;0;0;1;0;0;0;1;0;299;;162;70;0;91
31.57;832;21;21;1;3.03;73;0;50;20;0;56;4;0.39;1.0;1.0;0;0;184;0;20;2.62;0.6;1.58;2.1;345;128;14.7;14.62;0.995;0;1;0;0;0;1;0;0;0;1;0;292;;162;70;0;82
31.97;845;22;22;1;3.11;73;0;50;20;0;56;4;0.39;1.0;1.0;0;0;184;0;20;2.75;0.6;1.61;2.2;345;128;14.7;14.62;0.995;0;1;0;0;0;1;0;0;0;1;0;298;;162;70;0;83
32.37;820;21;21;1;3.02;72;0;50;20;0;56;4;0.39;1.0;1.0;0;0;184;0;20;2.62;0.6;1.57;2.1;345;128;14.7;14.81;1.007;0;1;0;0;0;1;0;0;0;1;0;292;;163;70;0;82
32.79;820;21;21;1;3.03;73;0;50;20;0;56;4;0.39;1.0;1.0;0;0;184;0;20;2.62;0.6;1.58;2.1;345;128;14.7;14.81;1.007;0;1;0;0;0;1;0;0;0;1;0;297;;162;70;0;76
33.17;832;22;22;1;3.1;72;0;50;20;0;57;4;0.4;1.0;1.0;0;0;184;0;20;2.75;0.6;1.6;2.1;345;128;14.7;14.81;1.007;0;1;0;0;0;1;0;0;0;1;0;300;;163;70;0;40
33.59;922;22;22;1;3.07;72;0;50;20;0;56;4;0.4;1.0;1.0;0;0;184;0;20;2.75;0.6;1.59;2.4;345;128;14.7;15.71;1.069;0;1;0;0;0;1;0;0;0;1;0;297;;163;70;0;82
33.99;884;22;22;1;3.13;73;0;50;20;0;57;4;0.4;1.0;1.0;0;0;184;0;20;2.75;0.6;1.62;2.3;345;128;14.7;15.71;1.069;0;1;0;0;0;1;0;0;0;1;0;300;;162;70;0;83
34.39;845;21;21;1;3.06;73;0;50;20;0;56;4;0.39;1.0;1.0;0;0;184;0;20;2.62;0.6;1.59;2.2;345;128;14.7;14.71;1.001;0;1;0;0;0;1;0;0;0;1;0;299;;162;70;0;83
34.78;845;23;23;1;3.16;73;0;50;20;0;57;4;0.4;1.0;1.0;0;0;184;0;20;2.88;0.6;1.63;2.2;345;128;14.47;14.71;1.017;0;1;0;0;0;1;0;0;0;1;0;303;;162;70;0;83
35.18;845;21;21;1;3.06;73;0;50;20;0;56;4;0.39;1.0;1.0;0;0;184;0;20;2.62;0.6;1.59;2.2;345;128;14.7;14.71;1.001;0;1;0;0;0;1;0;0;0;1;0;295;;162;70;0;82
35.59;820;21;21;1;3.06;73;0;50;20;0;56;4;0.39;1.0;1.0;0;0;184;0;20;2.62;0.6;1.59;2.1;345;128;14.7;14.71;1.001;0;1;0;0;0;1;0;0;0;1;0;297;;162;70;0;83
36.0;820;22;22;1;3.16;73;0;50;20;0;57;4;0.4;1.0;1.0;0;0;184;0;20;2.75;0.6;1.63;2.2;345;128;14.7;14.71;1.001;0;1;0;0;0;1;0;0;0;1;0;305;;162;70;0;84
36.39;871;23;23;1;3.22;74;0;50;20;0;57;4;0.4;1.0;1.0;0;0;184;0;20;2.88;0.6;1.66;2.3;345;128;14.47;14.61;1.01;0;1;0;0;0;1;0;0;0;1;0;303;;161;70;0;83
36.79;884;22;22;1;3.15;74;0;50;20;0;57;4;0.4;1.0;1.0;0;0;184;0;20;2.75;0.6;1.63;2.3;345;128;14.7;14.61;0.994;0;1;0;0;0;1;0;0;0;1;0;300;;161;70;0;83
37.19;871;22;22;1;3.07;74;0;50;20;0;56;4;0.39;1.0;1.0;0;0;184;0;20;2.75;0.6;1.6;2.2;345;128;14.7;14.61;0.994;0;1;0;0;0;1;0;0;0;1;0;297;;160;70;0;83
37.39;845;21;21;1;3.0;74;0;50;20;0;56;4;0.39;1.0;1.0;0;0;184;0;20;2.62;0.6;1.57;2.1;345;128;14.7;14.71;1.001;0;1;0;0;0;1;0;0;0;1;0;292;;160;70;0;82
37.8;781;21;21;1;3.05;74;0;50;20;0;56;3;0.4;1.0;1.0;0;0;184;0;20;2.62;0.6;1.59;2.0;345;128;14.7;14.71;1.001;0;1;0;0;0;1;0;0;0;1;0;295;;161;70;0;83
38.19;820;22;22;1;3.12;74;0;50;20;0;56;4;0.39;1.0;1.0;0;0;184;0;20;2.75;0.6;1.62;2.1;345;128;14.7;14.71;1.001;0;1;0;0;0;1;0;0;0;1;0;296;;161;70;0;83
38.61;871;21;21;1;3.02;72;0;50;20;0;55;4;0.38;1.0;1.0;0;0;184;0;20;2.62;0.6;1.57;2.2;345;128;14.7;15.41;1.048;0;1;0;0;0;1;0;0;0;1;0;291;;163;70;0;82
39.0;986;20;20;1;2.88;73;0;50;20;0;54;4;0.37;1.0;1.0;0;0;184;0;20;2.5;0.6;1.52;2.4;345;128;14.7;15.41;1.048;0;1;0;0;0;1;0;0;0;1;0;281;;162;70;0;82
39.42;948;18;18;1;2.67;74;0;50;20;0;53;3;0.34;1.0;1.0;0;0;184;0;20;2.25;0.6;1.44;2.1;345;128;14.7;14.61;0.994;0;1;0;0;0;1;0;0;0;1;0;269;;159;69;0;76
39.8;807;16;16;1;2.55;74;0;50;20;0;52;3;0.34;1.0;1.0;0;0;184;0;20;2.0;0.6;1.39;1.7;345;128;14.7;14.61;0.994;0;1;0;0;0;1;0;0;0;1;0;266;;160;70;0;77
40.2;807;19;19;1;2.82;72;0;50;20;0;54;3;0.37;1.0;1.0;0;0;184;0;20;2.38;0.6;1.49;1.9;345;128;14.7;14.61;0.994;0;1;0;0;0;1;0;0;0;1;0;280;;163;70;0;82
40.6;871;19;19;1;2.82;72;0;50;20;0;54;3;0.36;1.0;1.0;0;0;184;0;20;2.38;0.6;1.49;2.0;345;128;14.7;15.81;1.076;0;1;0;0;0;1;0;0;0;1;0;282;;163;70;0;82
41.02;884;19;19;1;2.77;72;0;50;20;0;54;3;0.36;1.0;1.0;0;0;184;0;20;2.38;0.6;1.47;2.0;345;128;14.7;15.81;1.076;0;1;0;0;0;1;0;0;0;1;0;276;;163;69;0;75
41.42;781;18;18;1;2.68;73;0;50;20;0;53;3;0.35;1.0;1.0;0;0;184;0;20;2.25;0.6;1.44;1.7;345;128;14.7;15.11;1.028;0;1;0;0;0;1;0;0;0;1;0;275;;162;69;0;81
41.82;781;20;20;1;2.92;72;0;50;20;0;55;3;0.38;1.0;1.0;0;0;184;0;20;2.5;0.6;1.53;1.9;345;128;14.7;15.11;1.028;0;1;0;0;0;1;0;0;0;1;0;284;;163;69;0;82
42.21;845;19;19;1;2.8;72;0;50;20;0;54;3;0.36;1.0;1.0;0;0;184;0;20;2.38;0.6;1.48;2.0;345;128;14.7;15.11;1.028;0;1;0;0;0;1;0;0;0;1;0;281;;163;69;0;81
42.62;768;19;19;1;2.8;72;0;50;20;0;54;3;0.37;1.0;1.0;0;0;184;0;20;2.38;0.6;1.48;1.8;345;128;14.7;14.71;1.001;0;1;0;0;0;1;0;0;0;1;0;280;;163;69;0;82
43.02;820;21;21;1;2.98;73;0;50;20;0;55;3;0.38;1.0;1.0;0;0;184;0;20;2.62;0.6;1.56;2.0;345;128;14.7;14.71;1.001;0;1;0;0;0;1;0;0;0;1;0;288;;162;69;0;82
43.41;756;20;20;1;2.97;74;0;50;20;0;55;3;0.38;1.0;1.0;0;0;184;0;20;2.5;0.6;1.56;1.9;345;128;14.7;14.71;1.001;0;1;0;0;0;1;0;0;0;1;0;286;;162;69;0;82
43.63;704;21;21;1;3.12;76;0;50;20;0;56;3;0.41;1.0;1.0;0;0;184;0;20;2.62;0.6;1.63;1.8;345;128;14.7;14.71;1.001;0;1;0;0;0;1;0;0;0;1;0;299;;158;69;0;83
44.02;768;21;21;1;3.05;74;0;50;20;0;56;3;0.4;1.0;1.0;0;0;184;0;20;2.62;0.6;1.59;2.0;345;128;14.7;14.71;1.001;0;1;0;0;0;1;0;0;0;1;0;298;;161;69;0;82
44.43;807;21;21;1;3.03;75;0;50;20;0;55;3;0.38;1.0;1.0;0;0;184;0;20;2.62;0.6;1.59;2.0;345;128;14.7;14.31;0.973;0;1;0;0;0;1;0;0;0;1;0;291;;159;69;0;82
44.82;807;21;21;1;3.02;74;0;50;20;0;56;3;0.4;1.0;1.0;0;0;184;0;20;2.62;0.6;1.58;2.0;345;128;14.7;14.31;0.973;0;1;0;0;0;1;0;0;0;1;0;292;;160;69;0;82
45.23;768;22;22;1;3.1;74;0;50;20;0;56;3;0.4;1.0;1.0;0;0;184;0;20;2.75;0.6;1.61;2.0;345;128;14.7;14.31;0.973;0;1;0;0;0;1;0;0;0;1;0;295;;161;69;0;83
45.64;832;20;20;1;2.92;74;0;50;20;0;55;3;0.38;1.0;1.0;0;0;184;0;20;2.5;0.6;1.54;2.0;345;128;14.7;14.31;0.973;0;1;0;0;0;1;0;0;0;1;0;291;;161;69;0;82
46.03;768;20;20;1;2.95;74;0;50;20;0;55;3;0.38;1.0;1.0;0;0;184;0;20;2.5;0.6;1.55;1.9;345;128;14.7;14.31;0.973;0;1;0;0;0;1;0;0;0;1;0;287;;161;69;0;82
46.44;845;22;22;1;3.12;74;0;50;20;0;56;4;0.39;1.0;1.0;0;0;184;0;20;2.75;0.6;1.62;2.2;345;128;14.7;14.71;1.001;0;1;0;0;0;1;0;0;0;1;0;298;;161;69;0;76
46.84;884;22;22;1;3.1;74;0;50;20;0;56;4;0.39;1.0;1.0;0;0;184;0;20;2.75;0.6;1.61;2.3;345;128;14.7;14.71;1.001;0;1;0;0;0;1;0;0;0;1;0;296;;161;69;0;83
47.24;832;20;20;1;2.87;72;0;50;20;0;55;3;0.38;1.0;1.0;0;0;184;0;20;2.5;0.6;1.51;2.0;345;128;14.7;14.71;1.001;0;1;0;0;0;1;0;0;0;1;0;286;;163;69;0;82
47.63;1114;32;32;3;4.1;74;0;34;34;0;63;8;0.51;1.0;1.0;0;0;184;0;36;4.0;1.7;2.01;3.8;345;128;14.7;14.41;0.98;0;1;0;0;0;0;0;0;0;1;0;351;;161;69;0;88
48.04;1153;20;20;1;2.91;73;0;49;20;0;54;5;0.38;1.0;1.0;0;0;184;0;21;2.5;0.6;1.53;2.8;345;128;14.7;14.41;0.98;0;1;0;0;0;1;0;0;0;1;0;276;;162;69;0;74
48.43;1012;20;20;1;2.95;72;0;50;20;0;55;4;0.38;1.0;1.0;0;0;184;0;20;2.5;0.6;1.54;2.5;345;128;14.7;16.11;1.096;0;1;0;0;0;1;0;0;0;1;0;284;;163;69;0;82
48.85;1383;40;40;6;4.88;73;0;33;37;0;70;12;0.56;1.0;1.0;0;0;184;0;37;5.0;3.5;2.32;5.6;345;128;14.7;16.11;1.096;0;1;0;0;0;0;0;0;0;1;0;401;;162;69;0;92
49.24;1537;32;32;6;4.07;72;0;27;43;0;62;11;0.52;1.0;1.0;0;0;184;0;43;4.0;3.5;1.99;5.2;345;128;14.7;16.11;1.096;0;1;0;0;0;0;0;0;0;1;0;342;;163;69;0;86
49.64;1204;16;16;1;2.47;72;0;45;20;0;51;4;0.32;1.0;1.0;0;0;184;0;25;2.0;0.6;1.35;2.5;345;128;14.7;14.32;0.974;0;1;0;0;0;1;0;0;0;1;0;255;;161;69;0;76
49.86;986;22;22;1;3.16;75;0;51;20;0;56;5;0.4;1.0;1.0;0;0;184;0;19;2.75;0.6;1.64;2.6;345;128;14.7;14.32;0.974;0;1;0;0;0;1;0;0;0;1;0;294;;159;69;0;83
50.26;1063;18;18;1;2.71;73;0;50;20;0;53;4;0.35;1.0;1.0;0;0;184;0;20;2.25;0.6;1.45;2.4;345;128;14.7;14.32;0.974;0;1;0;0;0;1;0;0;0;1;0;272;;163;69;0;81
50.66;1063;23;23;1;3.16;73;0;50;20;0;57;5;0.41;1.0;1.0;0;0;184;0;20;2.88;0.6;1.63;2.8;345;128;14.7;15.12;1.029;0;1;0;0;0;1;0;0;0;1;0;304;;162;69;0;82
51.06;1281;26;26;1;3.5;72;0;50;20;0;58;7;0.45;1.0;1.0;0;0;184;0;20;3.25;0.6;1.76;3.7;345;128;14.7;15.12;1.029;0;1;0;0;0;1;0;0;0;1;0;311;;163;69;0;84
51.45;1229;14;14;1;2.3;74;0;50;20;0;48;4;0.3;1.0;1.0;0;0;184;0;20;1.75;0.6;1.29;2.4;345;128;14.7;14.51;0.987;0;1;0;0;0;1;0;0;0;1;0;239;;160;69;0;74
51.85;999;15;15;1;2.47;74;0;50;20;0;51;3;0.31;1.0;1.0;0;0;184;0;20;1.88;0.6;1.36;2.1;345;128;14.7;14.51;0.987;0;1;0;0;0;1;0;0;0;1;0;255;;161;70;0;76
52.26;807;19;19;1;2.85;74;0;50;20;0;54;3;0.37;1.0;1.0;0;0;184;0;20;2.38;0.6;1.51;1.9;345;128;14.7;14.51;0.987;0;1;0;0;0;1;0;0;0;1;0;282;;161;70;0;82
52.67;896;19;19;1;2.82;72;0;50;20;0;54;4;0.36;1.0;1.0;0;0;184;0;20;2.38;0.6;1.49;2.1;345;128;14.7;16.82;1.144;0;1;0;0;0;1;0;0;0;1;0;279;;163;70;0;82
53.06;922;15;15;1;2.47;74;0;50;20;0;51;3;0.31;1.0;1.0;0;0;184;0;20;1.88;0.6;1.36;1.9;345;128;14.7;16.82;1.144;0;1;0;0;0;1;0;0;0;1;0;259;;161;69;0;76
53.46;935;18;18;1;2.75;74;0;50;20;0;53;3;0.34;1.0;1.0;0;0;184;0;20;2.25;0.6;1.47;2.1;345;128;14.7;15.52;1.056;0;1;0;0;0;1;0;0;0;1;0;269;;160;69;0;77
53.88;807;21;21;1;2.98;73;0;50;20;0;55;3;0.38;1.0;1.0;0;0;184;0;20;2.62;0.6;1.56;2.0;345;128;14.7;15.52;1.056;0;1;0;0;0;1;0;0;0;1;0;291;;162;69;0;82
54.27;986;19;19;1;2.87;74;0;50;20;0;54;4;0.37;1.0;1.0;0;0;184;0;20;2.38;0.6;1.52;2.4;345;128;14.7;15.52;1.056;0;1;0;0;0;1;0;0;0;1;0;282;;161;69;0;82
54.66;986;18;18;1;2.72;76;0;50;20;0;53;3;0.34;1.0;1.0;0;0;184;0;20;2.25;0.6;1.47;2.2;345;128;14.7;14.81;1.007;0;1;0;0;0;1;0;0;0;1;0;273;;160;69;0;77
55.07;935;23;23;1;3.22;72;0;50;20;0;58;5;0.41;1.0;1.0;0;0;184;0;20;2.88;0.6;1.65;2.5;345;128;14.47;14.81;1.023;0;1;0;0;0;1;0;0;0;1;0;311;;163;69;0;84
55.47;1165;15;15;1;2.37;72;0;50;20;0;50;3;0.31;1.0;1.0;0;0;184;0;20;1.88;0.6;1.31;2.3;345;128;14.7;15.11;1.028;0;1;0;0;0;1;0;0;0;1;0;249;;163;69;0;76
55.88;807;14;14;1;2.31;75;0;50;20;0;49;2;0.29;1.0;1.0;0;0;184;0;20;1.75;0.6;1.3;1.6;345;128;14.7;15.11;1.028;0;1;0;0;0;1;0;0;0;1;0;247;;159;69;0;76
56.07;704;18;18;1;2.71;75;0;50;20;0;53;3;0.35;1.0;1.0;0;0;184;0;20;2.25;0.6;1.46;1.6;345;128;14.7;15.11;1.028;0;1;0;0;0;1;0;0;0;1;0;275;;159;69;0;81
56.48;781;23;23;1;3.21;73;0;50;20;0;57;4;0.41;1.0;1.0;0;0;184;0;20;2.88;0.6;1.65;2.1;345;128;14.47;16.32;1.128;0;1;0;0;0;1;0;0;0;1;0;305;;162;68;0;91
56.88;1012;23;23;1;3.22;72;0;50;20;0;56;5;0.4;1.0;1.0;0;0;184;0;20;2.88;0.6;1.65;2.7;345;128;14.47;16.32;1.128;0;1;0;0;0;1;0;0;0;1;0;298;;163;69;0;83
57.28;1178;25;25;3;3.47;74;0;35;37;0;57;6;0.43;1.0;1.0;0;0;184;0;35;3.12;1.7;1.76;3.4;345;128;14.7;16.32;1.11;0;1;0;0;0;0;0;0;0;1;0;304;;160;68;0;84
57.68;1447;25;25;3;3.42;74;0;29;41;0;57;8;0.45;1.0;1.0;0;0;184;0;41;3.12;1.7;1.74;4.1;345;128;14.7;16.11;1.096;0;1;0;0;0;0;0;0;0;1;0;303;;161;68;0;83
58.08;1345;16;16;1;2.55;74;0;37;33;0;51;5;0.33;1.0;1.0;0;0;184;0;33;2.0;0.6;1.39;2.9;345;128;14.7;16.11;1.096;0;1;0;0;0;0;0;0;0;1;0;259;;161;68;0;77
58.47;1306;17;17;1;2.6;74;0;38;33;0;51;5;0.33;1.0;1.0;0;0;184;0;32;2.12;0.6;1.41;2.8;345;128;14.7;16.62;1.131;0;1;0;0;0;0;0;0;0;1;0;257;;160;68;0;76
58.88;1268;18;18;1;2.66;73;0;37;35;0;52;5;0.34;1.0;1.0;0;0;184;0;33;2.25;0.6;1.43;2.8;345;128;14.7;16.62;1.131;0;1;0;0;0;0;0;0;0;1;0;263;;162;68;0;77
59.28;1153;16;16;1;2.51;73;0;50;20;0;51;4;0.32;1.0;1.0;0;0;184;0;20;2.0;0.6;1.37;2.4;345;128;14.7;16.62;1.131;0;1;0;0;0;1;0;0;0;1;0;258;;162;68;0;76
59.68;999;19;19;1;2.81;73;0;50;20;0;54;4;0.37;1.0;1.0;0;0;184;0;20;2.38;0.6;1.49;2.3;345;128;14.7;16.62;1.131;0;1;0;0;0;1;0;0;0;1;0;281;;162;68;0;82
60.08;1012;19;19;1;2.82;72;0;50;20;0;54;4;0.37;1.0;1.0;0;0;184;0;20;2.38;0.6;1.49;2.4;345;128;14.7;16.62;1.131;0;1;0;0;0;1;0;0;0;1;0;279;;163;68;0;77
60.5;999;18;18;1;2.68;73;0;50;20;0;53;4;0.34;1.0;1.0;0;0;184;0;20;2.25;0.6;1.44;2.2;345;128;14.7;15.52;1.056;0;1;0;0;0;1;0;0;0;1;0;269;;162;68;0;77
60.9;948;18;18;1;2.73;73;0;50;20;0;53;4;0.34;1.0;1.0;0;0;184;0;20;2.25;0.6;1.46;2.2;345;128;14.7;15.52;1.056;0;1;0;0;0;1;0;0;0;1;0;274;;162;68;0;81
61.29;948;19;19;1;2.77;74;0;50;20;0;54;4;0.36;1.0;1.0;0;0;184;0;20;2.38;0.6;1.48;2.2;345;128;14.7;15.52;1.056;0;1;0;0;0;1;0;0;0;1;0;276;;160;68;0;82
61.69;922;17;17;1;2.66;73;0;50;20;0;53;3;0.34;1.0;1.0;0;0;184;0;20;2.12;0.6;1.43;2.0;345;128;14.7;16.32;1.11;0;1;0;0;0;1;0;0;0;1;0;274;;162;68;0;77
62.1;845;17;17;1;2.66;75;0;50;20;0;53;3;0.34;1.0;1.0;0;0;184;0;20;2.12;0.6;1.44;1.9;345;128;14.7;16.32;1.11;0;1;0;0;0;1;0;0;0;1;0;272;;159;68;0;81
62.3;871;18;18;1;2.73;73;0;50;20;0;54;3;0.36;1.0;1.0;0;0;184;0;20;2.25;0.6;1.46;2.0;345;128;14.7;16.32;1.11;0;1;0;0;0;1;0;0;0;1;0;276;;162;68;0;81
62.7;896;19;19;1;2.85;74;0;50;20;0;54;3;0.36;1.0;1.0;0;0;184;0;20;2.38;0.6;1.51;2.1;345;128;14.7;16.52;1.124;0;1;0;0;0;1;0;0;0;1;0;279;;161;68;0;81
63.11;832;18;18;1;2.68;73;0;50;20;0;53;3;0.34;1.0;1.0;0;0;184;0;20;2.25;0.6;1.44;1.9;345;128;14.7;16.52;1.124;0;1;0;0;0;1;0;0;0;1;0;273;;162;68;0;78
63.51;832;18;18;1;2.7;74;0;50;20;0;53;3;0.34;1.0;1.0;0;0;184;0;20;2.25;0.6;1.45;1.9;345;128;14.7;15.62;1.063;0;1;0;0;0;1;0;0;0;1;0;268;;160;68;0;77
63.91;871;20;20;1;2.91;73;0;50;20;0;55;3;0.38;1.0;1.0;0;0;184;0;20;2.5;0.6;1.53;2.1;345;128;14.7;15.62;1.063;0;1;0;0;0;1;0;0;0;1;0;285;;162;68;0;82
64.31;884;19;19;1;2.77;74;0;50;20;0;54;3;0.36;1.0;1.0;0;0;184;0;20;2.38;0.6;1.48;2.0;345;128;14.7;15.62;1.063;0;1;0;0;0;1;0;0;0;1;0;277;;161;68;0;74
64.71;807;19;19;1;2.8;74;0;50;20;0;54;3;0.37;1.0;1.0;0;0;184;0;20;2.38;0.6;1.49;1.9;345;128;14.7;14.62;0.995;0;1;0;0;0;1;0;0;0;1;0;279;;161;68;0;81
65.1;781;19;19;1;2.81;73;0;50;20;0;54;3;0.37;1.0;1.0;0;0;184;0;20;2.38;0.6;1.49;1.8;345;128;14.7;14.62;0.995;0;1;0;0;0;1;0;0;0;1;0;279;;162;68;0;82
65.52;807;20;20;1;2.92;74;0;50;20;0;55;3;0.38;1.0;1.0;0;0;184;0;20;2.5;0.6;1.54;2.0;345;128;14.7;14.81;1.007;0;1;0;0;0;1;0;0;0;1;0;288;;158;68;0;82
65.91;781;21;21;1;2.98;73;0;50;20;0;55;3;0.38;1.0;1.0;0;0;184;0;20;2.62;0.6;1.56;1.9;345;128;14.7;14.81;1.007;0;1;0;0;0;1;0;0;0;1;0;290;;162;68;0;82
66.31;820;20;20;1;2.97;74;0;50;20;0;55;3;0.38;1.0;1.0;0;0;184;0;20;2.5;0.6;1.56;2.0;345;128;14.7;14.81;1.007;0;1;0;0;0;1;0;0;0;1;0;286;;161;68;0;82
66.71;756;20;20;1;2.97;74;0;50;20;0;55;3;0.38;1.0;1.0;0;0;184;0;20;2.5;0.6;1.56;1.9;345;128;14.7;15.41;1.048;0;1;0;0;0;1;0;0;0;1;0;286;;160;68;0;82
67.11;730;21;21;1;3.05;74;0;50;20;0;56;3;0.4;1.0;1.0;0;0;184;0;20;2.62;0.6;1.59;1.9;345;128;14.7;15.41;1.048;0;1;0;0;0;1;0;0;0;1;0;292;;161;69;0;82
67.52;781;22;22;1;3.1;74;0;50;20;0;56;3;0.4;1.0;1.0;0;0;184;0;20;2.75;0.6;1.61;2.0;345;128;14.7;15.21;1.035;0;1;0;0;0;1;0;0;0;1;0;296;;161;69;0;76
67.93;768;22;22;1;3.15;74;0;50;20;0;56;4;0.4;1.0;1.0;0;0;184;0;20;2.75;0.6;1.63;2.0;345;128;14.7;15.21;1.035;0;1;0;0;0;1;0;0;0;1;0;299;;161;69;0;83
68.33;756;22;22;1;3.1;74;0;50;20;0;56;3;0.4;1.0;1.0;0;0;184;0;20;2.75;0.6;1.61;2.0;345;128;14.7;15.21;1.035;0;1;0;0;0;1;0;0;0;1;0;295;;160;68;0;82
68.72;756;22;22;1;3.17;76;0;50;20;0;57;3;0.41;1.0;1.0;0;0;184;0;20;2.75;0.6;1.65;2.0;345;128;14.7;14.31;0.973;0;1;0;0;0;1;0;0;0;1;0;303;;157;69;0;84
68.93;820;21;22;1;3.08;75;0;50;20;0;56;3;0.39;1.0;1.0;0;0;184;0;20;2.62;0.6;1.61;2.1;345;128;14.7;14.31;0.973;0;1;0;0;0;1;0;0;0;1;0;299;;159;68;0;90
69.33;717;22;22;1;3.17;74;0;50;20;0;57;3;0.41;1.0;1.0;0;0;184;0;20;2.75;0.6;1.64;1.9;345;128;14.7;14.31;0.973;0;1;0;0;0;1;0;0;0;1;0;301;;161;69;0;83
69.73;730;22;22;1;3.15;74;0;50;20;0;57;3;0.41;1.0;1.0;0;0;184;0;20;2.75;0.6;1.63;1.9;345;128;14.7;14.31;0.973;0;1;0;0;0;1;0;0;0;1;0;300;;160;69;0;82
70.12;807;22;22;1;3.15;74;0;50;20;0;57;4;0.41;1.0;1.0;0;0;184;0;20;2.75;0.6;1.63;2.1;345;128;14.7;14.31;0.973;0;1;0;0;0;1;0;0;0;1;0;300;;161;69;0;82
70.52;756;21;21;1;3.07;74;0;50;20;0;56;3;0.4;1.0;1.0;0;0;184;0;20;2.62;0.6;1.6;1.9;345;128;14.7;14.41;0.98;0;1;0;0;0;1;0;0;0;1;0;294;;160;68;0;82
70.93;820;22;22;1;3.16;75;0;50;20;0;56;3;0.39;1.0;1.0;0;0;184;0;20;2.75;0.6;1.64;2.2;345;128;14.7;14.41;0.98;0;1;0;0;0;1;0;0;0;1;0;299;;159;69;0;83
71.33;768;23;23;1;3.18;73;0;50;20;0;57;4;0.41;1.0;1.0;0;0;184;0;20;2.88;0.6;1.64;2.0;345;128;14.47;14.41;0.996;0;1;0;0;0;1;0;0;0;1;0;303;;162;69;0;83
71.74;781;21;21;1;3.07;74;0;50;20;0;56;3;0.4;1.0;1.0;0;0;184;0;20;2.62;0.6;1.6;2.0;345;128;14.7;14.71;1.001;0;1;0;0;0;1;0;0;0;1;0;297;;161;69;0;83
72.14;807;22;22;1;3.1;74;0;50;20;0;56;3;0.4;1.0;1.0;0;0;184;0;20;2.75;0.6;1.61;2.1;345;128;14.7;14.71;1.001;0;1;0;0;0;1;0;0;0;1;0;296;;161;69;0;82
72.54;756;22;22;1;3.18;73;0;50;20;0;57;4;0.41;1.0;1.0;0;0;184;0;20;2.75;0.6;1.64;2.0;345;128;14.7;14.81;1.007;0;1;0;0;0;1;0;0;0;1;0;300;;162;69;0;83
72.93;781;21;21;1;3.06;73;0;50;20;0;56;3;0.4;1.0;1.0;0;0;184;0;20;2.62;0.6;1.59;2.0;345;128;14.7;14.81;1.007;0;1;0;0;0;1;0;0;0;1;0;299;;162;69;0;83
73.35;807;23;23;1;3.2;74;0;50;20;0;57;4;0.41;1.0;1.0;0;0;184;0;20;2.88;0.6;1.65;2.2;345;128;14.47;14.81;1.023;0;1;0;0;0;1;0;0;0;1;0;302;;161;68;0;83
73.75;730;21;21;1;3.07;74;0;50;20;0;56;3;0.4;1.0;1.0;0;0;184;0;20;2.62;0.6;1.6;1.9;345;128;14.7;14.81;1.007;0;1;0;0;0;1;0;0;0;1;0;299;;161;68;0;83
74.15;832;22;22;1;3.11;75;0;50;20;0;57;3;0.4;1.0;1.0;0;0;184;0;20;2.75;0.6;1.62;2.2;345;128;14.7;14.81;1.007;0;1;0;0;0;1;0;0;0;1;0;300;;159;68;0;83
74.56;768;22;22;1;3.12;74;0;50;20;0;56;4;0.4;1.0;1.0;0;0;184;0;20;2.75;0.6;1.62;2.0;345;128;14.7;14.41;0.98;0;1;0;0;0;1;0;0;0;1;0;298;;161;68;0;83
74.76;820;23;23;1;3.17;74;0;50;20;0;57;4;0.4;1.0;1.0;0;0;184;0;20;2.88;0.6;1.64;2.2;345;128;14.47;14.41;0.996;0;1;0;0;0;1;0;0;0;1;0;300;;161;68;0;84
75.16;730;23;23;1;3.3;74;0;50;20;0;58;4;0.42;1.0;1.0;0;0;184;0;20;2.88;0.6;1.69;2.0;345;128;14.47;14.41;0.996;0;1;0;0;0;1;0;0;0;1;0;309;;161;68;0;84
75.56;820;22;22;1;3.16;73;0;50;20;0;57;4;0.4;1.0;1.0;0;0;184;0;20;2.75;0.6;1.63;2.2;345;128;14.7;14.61;0.994;0;1;0;0;0;1;0;0;0;1;0;300;;162;68;0;84
75.96;756;21;21;1;3.07;74;0;50;20;0;56;3;0.4;1.0;1.0;0;0;184;0;20;2.62;0.6;1.6;1.9;345;128;14.7;14.61;0.994;0;1;0;0;0;1;0;0;0;1;0;297;;161;68;0;82
76.36;820;21;21;1;3.07;74;0;50;20;0;56;3;0.39;1.0;1.0;0;0;184;0;20;2.62;0.6;1.6;2.1;345;128;14.7;14.61;0.994;0;1;0;0;0;1;0;0;0;1;0;299;;161;69;0;83
76.77;768;23;23;1;3.22;74;0;50;20;0;57;4;0.41;1.0;1.0;0;0;184;0;20;2.88;0.6;1.66;2.1;345;128;14.47;15.11;1.044;0;1;0;0;0;1;0;0;0;1;0;304;;160;69;0;84
77.16;820;23;23;1;3.16;73;0;50;20;0;57;4;0.4;1.0;1.0;0;0;184;0;20;2.88;0.6;1.63;2.2;345;128;14.47;15.11;1.044;0;1;0;0;0;1;0;0;0;1;0;302;;162;69;0;83
77.57;781;21;21;1;3.1;74;0;50;20;0;56;3;0.4;1.0;1.0;0;0;184;0;20;2.62;0.6;1.61;2.0;345;128;14.7;15.51;1.055;0;1;0;0;0;1;0;0;0;1;0;297;;161;68;0;82
77.96;832;22;22;1;3.15;74;0;50;20;0;57;4;0.4;1.0;1.0;0;0;184;0;20;2.75;0.6;1.63;2.2;345;128;14.7;15.51;1.055;0;1;0;0;0;1;0;0;0;1;0;301;;161;68;0;83
78.36;717;23;23;1;3.21;73;0;50;20;0;57;3;0.41;1.0;1.0;0;0;184;0;20;2.88;0.6;1.65;1.9;345;128;14.47;15.51;1.072;0;1;0;0;0;1;0;0;0;1;0;307;;162;69;0;84
78.77;832;22;22;1;3.15;72;0;50;20;0;57;4;0.4;1.0;1.0;0;0;184;0;20;2.75;0.6;1.62;2.2;345;128;14.7;15.61;1.062;0;1;0;0;0;1;0;0;0;1;0;303;;163;69;0;83
79.17;781;21;21;1;3.06;73;0;50;20;0;56;3;0.4;1.0;1.0;0;0;184;0;20;2.62;0.6;1.59;2.0;345;128;14.7;15.61;1.062;0;1;0;0;0;1;0;0;0;1;0;296;;162;68;0;83
79.56;781;22;22;1;3.1;74;0;50;20;0;56;4;0.4;1.0;1.0;0;0;184;0;20;2.75;0.6;1.61;2.0;345;128;14.7;14.21;0.967;0;1;0;0;0;1;0;0;0;1;0;298;;160;68;0;83
79.97;730;22;22;1;3.11;75;0;50;20;0;57;3;0.41;1.0;1.0;0;0;184;0;20;2.75;0.6;1.62;1.9;345;128;14.7;14.21;0.967;0;1;0;0;0;1;0;0;0;1;0;300;;159;69;0;83
80.38;807;23;23;1;3.22;74;0;50;20;0;57;4;0.41;1.0;1.0;0;0;184;0;20;2.88;0.6;1.66;2.2;345;128;14.47;14.21;0.982;0;1;0;0;0;1;0;0;0;1;0;305;;161;69;0;84
80.79;807;22;22;1;3.17;74;0;50;20;0;57;4;0.41;1.0;1.0;0;0;184;0;20;2.75;0.6;1.64;2.1;345;128;14.7;14.71;1.001;0;1;0;0;0;1;0;0;0;1;0;302;;161;69;0;84
80.98;807;23;23;1;3.21;73;0;50;20;0;57;4;0.41;1.0;1.0;0;0;184;0;20;2.88;0.6;1.65;2.2;345;128;14.47;14.71;1.017;0;1;0;0;0;1;0;0;0;1;0;300;;162;68;0;82
81.38;845;22;22;1;3.15;74;0;50;20;0;57;4;0.4;1.0;1.0;0;0;184;0;20;2.75;0.6;1.63;2.2;345;128;14.7;14.71;1.001;0;1;0;0;0;1;0;0;0;1;0;300;;161;68;0;83
81.77;768;21;21;1;3.1;74;0;50;20;0;56;3;0.4;1.0;1.0;0;0;184;0;20;2.62;0.6;1.61;2.0;345;128;14.7;14.81;1.007;0;1;0;0;0;1;0;0;0;1;0;297;;161;69;0;83
82.17;820;23;23;1;3.18;73;0;50;20;0;57;4;0.4;1.0;1.0;0;0;184;0;20;2.88;0.6;1.64;2.2;345;128;14.47;14.81;1.023;0;1;0;0;0;1;0;0;0;1;0;303;;162;69;0;83
82.58;832;21;21;1;3.06;73;0;50;20;0;56;4;0.39;1.0;1.0;0;0;184;0;20;2.62;0.6;1.59;2.1;345;128;14.7;14.71;1.001;0;1;0;0;0;1;0;0;0;1;0;296;;162;69;0;82
82.99;781;21;21;1;3.0;74;0;50;20;0;55;3;0.38;1.0;1.0;0;0;184;0;20;2.62;0.6;1.57;2.0;345;128;14.7;14.71;1.001;0;1;0;0;0;1;0;0;0;1;0;291;;161;69;0;76
83.38;807;21;21;1;3.06;73;0;50;20;0;56;4;0.4;1.0;1.0;0;0;184;0;20;2.62;0.6;1.59;2.1;345;128;14.7;14.71;1.001;0;1;0;0;0;1;0;0;0;1;0;296;;162;69;0;82
83.79;768;21;21;1;3.03;73;0;50;20;0;56;3;0.4;1.0;1.0;0;0;184;0;20;2.62;0.6;1.58;1.9;345;128;14.7;14.51;0.987;0;1;0;0;0;1;0;0;0;1;0;297;;162;69;0;82
84.2;768;21;21;1;3.06;73;0;50;20;0;56;4;0.4;1.0;1.0;0;0;184;0;20;2.62;0.6;1.59;2.0;345;128;14.7;14.51;0.987;0;1;0;0;0;1;0;0;0;1;0;292;;163;69;0;82
84.61;820;28;28;2;3.72;74;0;45;28;0;62;5;0.45;1.0;1.0;0;0;184;0;25;3.5;1.2;1.86;2.5;345;128;14.47;14.31;0.989;0;1;0;0;0;0;0;0;0;1;0;341;;160;69;0;86
85.01;1370;37;37;4;4.58;73;0;34;36;0;66;11;0.55;1.0;1.0;0;0;184;0;36;4.62;2.3;2.2;5.2;345;128;14.7;14.31;0.973;0;1;0;0;0;0;0;0;0;1;0;375;;162;69;0;90
85.39;1486;35;35;5;4.38;73;0;29;40;0;64;11;0.55;1.0;1.0;0;0;184;0;41;4.38;2.9;2.12;5.4;345;128;14.7;14.31;0.973;0;1;0;0;0;0;0;0;0;1;0;353;;162;69;0;89
85.8;1537;33;33;5;4.16;73;0;27;43;0;63;11;0.53;1.0;1.0;0;0;184;0;43;4.12;2.9;2.03;5.3;345;128;14.7;14.31;0.973;0;1;0;0;0;0;0;0;0;1;0;346;;162;69;0;86
86.21;1665;31;31;5;4.02;74;0;26;43;0;61;11;0.52;1.0;1.0;0;0;184;0;44;3.88;2.9;1.98;5.6;345;128;14.7;14.31;0.973;0;1;0;0;0;0;0;0;0;1;0;333;;161;69;0;86
86.61;1729;28;28;5;3.72;74;0;27;44;0;59;11;0.48;1.0;1.0;0;0;184;0;43;3.5;2.9;1.86;5.4;345;128;14.7;14.81;1.007;0;1;0;0;0;0;0;0;0;1;0;319;;161;69;0;41
87.01;1729;20;20;4;2.95;74;0;29;41;0;53;8;0.38;1.0;1.0;0;0;184;0;41;2.5;2.3;1.55;4.3;345;128;14.7;14.81;1.007;0;1;0;0;0;0;0;0;0;1;0;272;;161;69;0;81
87.2;1268;15;15;1;2.43;73;0;46;20;0;51;4;0.33;1.0;1.0;0;0;184;0;24;1.88;0.6;1.34;2.6;345;128;14.7;14.81;1.007;0;1;0;0;0;1;0;0;0;1;0;256;;162;69;0;76
87.62;973;25;25;1;3.41;73;0;50;20;0;58;5;0.42;1.0;1.0;0;0;184;0;20;3.12;0.6;1.73;2.8;345;128;14.47;19.42;1.342;0;1;0;0;0;1;0;0;0;1;0;311;;162;69;0;84
88.02;1063;20;20;1;2.86;73;0;50;20;0;54;5;0.37;1.0;1.0;0;0;184;0;20;2.5;0.6;1.51;2.5;345;128;14.7;19.42;1.321;0;1;0;0;0;1;0;0;0;1;0;276;;162;69;0;81
88.42;999;19;19;1;2.81;73;0;50;20;0;54;4;0.37;1.0;1.0;0;0;184;0;20;2.38;0.6;1.49;2.3;345;128;14.7;19.42;1.321;0;1;0;0;0;1;0;0;0;1;0;279;;162;69;0;82
88.82;845;22;22;1;3.08;73;0;50;20;0;57;4;0.4;1.0;1.0;0;0;184;0;20;2.75;0.6;1.6;2.2;345;128;14.7;16.21;1.103;0;1;0;0;0;1;0;0;0;1;0;301;;162;69;0;76
89.23;948;24;24;1;3.35;74;0;50;20;0;58;5;0.41;1.0;1.0;0;0;184;0;20;3.0;0.6;1.71;2.6;345;128;14.47;16.21;1.12;0;1;0;0;0;1;0;0;0;1;0;310;;161;69;0;84
89.63;896;21;21;1;3.01;73;0;50;20;0;56;4;0.39;1.0;1.0;0;0;184;0;20;2.62;0.6;1.57;2.2;345;128;14.7;15.31;1.041;0;1;0;0;0;1;0;0;0;1;0;293;;162;68;0;82
90.03;845;20;20;1;2.97;74;0;50;20;0;55;4;0.38;1.0;1.0;0;0;184;0;20;2.5;0.6;1.56;2.1;345;128;14.7;15.31;1.041;0;1;0;0;0;1;0;0;0;1;0;288;;160;68;0;82
90.44;845;21;21;1;3.05;72;0;50;20;0;56;4;0.39;1.0;1.0;0;0;184;0;20;2.62;0.6;1.58;2.1;345;128;14.7;15.31;1.041;0;1;0;0;0;1;0;0;0;1;0;293;;163;68;0;76
90.82;820;20;20;1;2.9;74;0;50;20;0;55;3;0.38;1.0;1.0;0;0;184;0;20;2.5;0.6;1.53;2.0;345;128;14.7;15.51;1.055;0;1;0;0;0;1;0;0;0;1;0;288;;161;69;0;82
91.23;871;19;19;1;2.87;74;0;50;20;0;55;3;0.38;1.0;1.0;0;0;184;0;20;2.38;0.6;1.52;2.1;345;128;14.7;15.51;1.055;0;1;0;0;0;1;0;0;0;1;0;284;;161;69;0;82
91.62;768;20;20;1;2.92;74;0;50;20;0;55;3;0.38;1.0;1.0;0;0;184;0;20;2.5;0.6;1.54;1.9;345;128;14.7;14.51;0.987;0;1;0;0;0;1;0;0;0;1;0;287;;160;69;0;82
92.03;807;21;21;1;3.02;74;0;50;20;0;55;3;0.38;1.0;1.0;0;0;184;0;20;2.62;0.6;1.58;2.0;345;128;14.7;14.51;0.987;0;1;0;0;0;1;0;0;0;1;0;291;;160;69;0;82
92.44;820;20;20;1;2.97;74;0;50;20;0;55;3;0.38;1.0;1.0;0;0;184;0;20;2.5;0.6;1.56;2.0;345;128;14.7;14.51;0.987;0;1;0;0;0;1;0;0;0;1;0;290;;160;68;0;90
92.84;730;21;21;1;3.07;74;0;50;20;0;56;3;0.4;1.0;1.0;0;0;184;0;20;2.62;0.6;1.6;1.9;345;128;14.7;14.51;0.987;0;1;0;0;0;1;0;0;0;1;0;296;;160;68;0;82
93.05;871;22;22;1;3.17;74;0;50;20;0;56;4;0.39;1.0;1.0;0;0;184;0;20;2.75;0.6;1.64;2.3;345;128;14.7;14.51;0.987;0;1;0;0;0;1;0;0;0;1;0;299;;161;68;0;83
93.45;884;21;21;1;3.07;74;0;50;20;0;56;4;0.39;1.0;1.0;0;0;184;0;20;2.62;0.6;1.6;2.3;345;128;14.7;14.51;0.987;0;1;0;0;0;1;0;0;0;1;0;293;;160;68;0;82
93.84;756;21;21;1;3.07;74;0;50;20;0;56;3;0.4;1.0;1.0;0;0;184;0;20;2.62;0.6;1.6;1.9;345;128;14.7;14.31;0.973;0;1;0;0;0;1;0;0;0;1;0;292;;161;68;0;82
94.24;832;22;22;1;3.07;74;0;50;20;0;56;4;0.39;1.0;1.0;0;0;184;0;20;2.75;0.6;1.6;2.1;345;128;14.7;14.31;0.973;0;1;0;0;0;1;0;0;0;1;0;295;;160;68;0;83
94.65;768;21;21;1;3.07;74;0;50;20;0;56;3;0.4;1.0;1.0;0;0;184;0;20;2.62;0.6;1.6;2.0;345;128;14.7;14.81;1.007;0;1;0;0;0;1;0;0;0;1;0;294;;161;69;0;82
95.05;820;22;22;1;3.12;74;0;50;20;0;56;4;0.39;1.0;1.0;0;0;184;0;20;2.75;0.6;1.62;2.1;345;128;14.7;14.81;1.007;0;1;0;0;0;1;0;0;0;1;0;295;;161;69;0;82
95.45;820;20;20;1;2.93;73;0;50;20;0;55;3;0.38;1.0;1.0;0;0;184;0;20;2.5;0.6;1.54;2.0;345;128;14.7;14.81;1.007;0;1;0;0;0;1;0;0;0;1;0;290;;162;68;0;82
95.84;807;22;22;1;3.13;73;0;50;20;0;56;4;0.4;1.0;1.0;0;0;184;0;20;2.75;0.6;1.62;2.1;345;128;14.7;14.81;1.007;0;1;0;0;0;1;0;0;0;1;0;298;;162;69;0;83
96.24;832;22;22;1;3.1;74;0;50;20;0;56;4;0.39;1.0;1.0;0;0;184;0;20;2.75;0.6;1.61;2.1;345;128;14.7;14.81;1.007;0;1;0;0;0;1;0;0;0;1;0;297;;161;69;0;83
96.64;756;21;21;1;3.06;73;0;50;20;0;56;3;0.4;1.0;1.0;0;0;184;0;20;2.62;0.6;1.59;1.9;345;128;14.7;14.51;0.987;0;1;0;0;0;1;0;0;0;1;0;294;;162;69;0;82
97.05;832;23;23;1;3.16;73;0;50;20;0;57;4;0.4;1.0;1.0;0;0;184;0;20;2.88;0.6;1.63;2.2;345;128;14.47;14.51;1.003;0;1;0;0;0;1;0;0;0;1;0;301;;162;69;0;83
97.45;781;21;21;1;3.03;73;0;50;20;0;56;3;0.4;1.0;1.0;0;0;184;0;20;2.62;0.6;1.58;2.0;345;128;14.7;14.51;0.987;0;1;0;0;0;1;0;0;0;1;0;293;;162;69;0;82
97.85;820;22;22;1;3.16;75;0;50;20;0;56;4;0.39;1.0;1.0;0;0;184;0;20;2.75;0.6;1.64;2.2;345;128;14.7;14.11;0.96;0;1;0;0;0;1;0;0;0;1;0;298;;159;69;0;83
98.27;756;21;21;1;3.03;73;0;50;20;0;56;3;0.4;1.0;1.0;0;0;184;0;20;2.62;0.6;1.58;1.9;345;128;14.7;14.11;0.96;0;1;0;0;0;1;0;0;0;1;0;296;;162;69;0;83
98.67;781;22;22;1;3.07;72;0;50;20;0;56;4;0.4;1.0;1.0;0;0;184;0;20;2.75;0.6;1.59;2.0;345;128;14.7;14.01;0.953;0;1;0;0;0;1;0;0;0;1;0;294;;163;69;0;83
99.05;807;21;21;1;3.03;73;0;50;20;0;56;3;0.4;1.0;1.0;0;0;184;0;20;2.62;0.6;1.58;2.0;345;128;14.7;14.01;0.953;0;1;0;0;0;1;0;0;0;1;0;293;;162;68;0;82
99.47;781;20;20;1;2.97;74;0;50;20;0;55;3;0.38;1.0;1.0;0;0;184;0;20;2.5;0.6;1.56;1.9;345;128;14.7;14.01;0.953;0;1;0;0;0;1;0;0;0;1;0;288;;161;68;0;82
99.66;820;21;21;1;3.06;73;0;50;20;0;56;3;0.39;1.0;1.0;0;0;184;0;20;2.62;0.6;1.59;2.1;345;128;14.7;14.71;1.001;0;1;0;0;0;1;0;0;0;1;0;296;;162;68;0;83
100.08;768;20;20;1;2.95;74;0;50;20;0;55;3;0.38;1.0;1.0;0;0;184;0;20;2.5;0.6;1.55;1.9;345;128;14.7;14.71;1.001;0;1;0;0;0;1;0;0;0;1;0;287;;161;69;0;82
100.46;820;22;22;1;3.15;74;0;50;20;0;56;3;0.39;1.0;1.0;0;0;184;0;20;2.75;0.6;1.63;2.2;345;128;14.7;14.71;1.001;0;1;0;0;0;1;0;0;0;1;0;297;;161;68;0;83
100.87;807;20;20;1;2.97;74;0;50;20;0;55;3;0.38;1.0;1.0;0;0;184;0;20;2.5;0.6;1.56;2.0;345;128;14.7;14.81;1.007;0;1;0;0;0;1;0;0;0;1;0;291;;161;68;0;82
101.27;807;22;22;1;3.12;74;0;50;20;0;56;4;0.4;1.0;1.0;0;0;184;0;20;2.75;0.6;1.62;2.1;345;128;14.7;14.81;1.007;0;1;0;0;0;1;0;0;0;1;0;296;;161;68;0;83
101.66;781;20;20;1;2.92;74;0;50;20;0;55;3;0.38;1.0;1.0;0;0;184;0;20;2.5;0.6;1.54;1.9;345;128;14.7;14.71;1.001;0;1;0;0;0;1;0;0;0;1;0;289;;161;68;0;82
102.08;807;22;22;1;3.11;73;0;50;20;0;56;4;0.4;1.0;1.0;0;0;184;0;20;2.75;0.6;1.61;2.1;345;128;14.7;14.71;1.001;0;1;0;0;0;1;0;0;0;1;0;293;;162;68;0;82
102.48;768;21;21;1;3.07;74;0;50;20;0;56;3;0.4;1.0;1.0;0;0;184;0;20;2.62;0.6;1.6;2.0;345;128;14.7;14.71;1.001;0;1;0;0;0;1;0;0;0;1;0;297;;162;68;0;83
102.88;781;21;21;1;3.07;74;0;50;20;0;56;4;0.4;1.0;1.0;0;0;184;0;20;2.62;0.6;1.6;2.0;345;128;14.7;14.41;0.98;0;1;0;0;0;1;0;0;0;1;0;295;;161;68;0;81
103.28;832;21;21;1;3.07;74;0;50;20;0;56;4;0.39;1.0;1.0;0;0;184;0;20;2.62;0.6;1.6;2.1;345;128;14.7;14.41;0.98;0;1;0;0;0;1;0;0;0;1;0;296;;161;68;0;83
103.68;768;22;22;1;3.1;74;0;50;20;0;56;3;0.4;1.0;1.0;0;0;184;0;20;2.75;0.6;1.61;2.0;345;128;14.7;14.41;0.98;0;1;0;0;0;1;0;0;0;1;0;292;;161;68;0;82
104.08;832;22;22;1;3.17;74;0;50;20;0;57;4;0.4;1.0;1.0;0;0;184;0;20;2.75;0.6;1.64;2.2;345;128;14.7;14.41;0.98;0;1;0;0;0;1;0;0;0;1;0;300;;161;68;0;83
104.48;768;22;22;1;3.1;74;0;50;20;0;56;4;0.4;1.0;1.0;0;0;184;0;20;2.75;0.6;1.61;2.0;345;128;14.7;14.41;0.98;0;1;0;0;0;1;0;0;0;1;0;293;;161;68;0;83
104.89;820;22;22;1;3.1;74;0;50;20;0;56;4;0.39;1.0;1.0;0;0;184;0;20;2.75;0.6;1.61;2.1;345;128;14.7;14.41;0.98;0;1;0;0;0;1;0;0;0;1;0;292;;161;68;0;82
105.28;756;22;22;1;3.1;74;0;50;20;0;56;3;0.4;1.0;1.0;0;0;184;0;20;2.75;0.6;1.61;2.0;345;128;14.7;14.41;0.98;0;1;0;0;0;1;0;0;0;1;0;293;;161;68;0;83
105.69;768;21;21;1;3.07;74;0;50;20;0;56;3;0.4;1.0;1.0;0;0;184;0;20;2.62;0.6;1.6;2.0;345;128;14.7;15.01;1.021;0;1;0;0;0;1;0;0;0;1;0;299;;160;69;0;83
105.91;807;22;22;1;3.13;73;0;50;20;0;56;4;0.4;1.0;1.0;0;0;184;0;20;2.75;0.6;1.62;2.1;345;128;14.7;15.01;1.021;0;1;0;0;0;1;0;0;0;1;0;298;;162;69;0;83
106.29;845;22;22;1;3.1;74;0;50;20;0;56;4;0.39;1.0;1.0;0;0;184;0;20;2.75;0.6;1.61;2.2;345;128;14.7;15.01;1.021;0;1;0;0;0;1;0;0;0;1;0;295;;161;69;0;82
106.7;768;22;22;1;3.15;74;0;50;20;0;56;3;0.4;1.0;1.0;0;0;184;0;20;2.75;0.6;1.63;2.0;345;128;14.7;14.51;0.987;0;1;0;0;0;1;0;0;0;1;0;296;;161;69;0;83
107.1;768;21;21;1;3.07;74;0;50;20;0;56;3;0.4;1.0;1.0;0;0;184;0;20;2.62;0.6;1.6;2.0;345;128;14.7;14.51;0.987;0;1;0;0;0;1;0;0;0;1;0;294;;161;69;0;82
107.5;896;19;19;1;2.86;73;0;50;20;0;54;4;0.36;1.0;1.0;0;0;184;0;20;2.38;0.6;1.51;2.1;345;128;14.7;14.51;0.987;0;1;0;0;0;1;0;0;0;1;0;283;;162;68;0;82
107.89;845;18;18;1;2.67;74;0;50;20;0;53;3;0.34;1.0;1.0;0;0;184;0;20;2.25;0.6;1.44;1.9;345;128;14.7;14.31;0.973;0;1;0;0;0;1;0;0;0;1;0;269;;161;69;0;77
108.3;781;19;19;1;2.81;73;0;50;20;0;54;3;0.37;1.0;1.0;0;0;184;0;20;2.38;0.6;1.49;1.8;345;128;14.7;14.31;0.973;0;1;0;0;0;1;0;0;0;1;0;279;;162;68;0;82
108.71;845;20;20;1;2.91;73;0;50;20;0;55;3;0.38;1.0;1.0;0;0;184;0;20;2.5;0.6;1.53;2.0;345;128;14.7;15.91;1.082;0;1;0;0;0;1;0;0;0;1;0;285;;162;69;0;82
109.1;820;19;19;1;2.77;72;0;50;20;0;54;3;0.36;1.0;1.0;0;0;184;0;20;2.38;0.6;1.47;1.9;345;128;14.7;15.91;1.082;0;1;0;0;0;1;0;0;0;1;0;281;;163;69;0;75
109.51;807;19;19;1;2.82;72;0;50;20;0;54;3;0.37;1.0;1.0;0;0;184;0;20;2.38;0.6;1.49;1.9;345;128;14.7;15.91;1.082;0;1;0;0;0;1;0;0;0;1;0;282;;163;69;0;82
109.9;820;19;19;1;2.81;73;0;50;20;0;54;3;0.36;1.0;1.0;0;0;184;0;20;2.38;0.6;1.49;1.9;345;128;14.7;15.11;1.028;0;1;0;0;0;1;0;0;0;1;0;276;;162;68;0;82
110.31;807;18;18;1;2.72;72;0;50;20;0;53;3;0.35;1.0;1.0;0;0;184;0;20;2.25;0.6;1.45;1.8;345;128;14.7;15.11;1.028;0;1;0;0;0;1;0;0;0;1;0;274;;162;68;0;77
110.72;807;19;19;1;2.82;72;0;50;20;0;54;3;0.37;1.0;1.0;0;0;184;0;20;2.38;0.6;1.49;1.9;345;128;14.7;15.32;1.042;0;1;0;0;0;1;0;0;0;1;0;281;;163;68;0;82
111.11;832;19;19;1;2.86;73;0;50;20;0;55;3;0.38;1.0;1.0;0;0;184;0;20;2.38;0.6;1.51;2.0;345;128;14.7;15.32;1.042;0;1;0;0;0;1;0;0;0;1;0;284;;162;68;0;82
111.52;922;19;19;1;2.82;72;0;50;20;0;54;3;0.36;1.0;1.0;0;0;184;0;20;2.38;0.6;1.49;2.2;345;128;14.7;15.91;1.082;0;1;0;0;0;1;0;0;0;1;0;280;;163;69;0;82
111.72;999;34;34;5;4.37;74;0;38;32;0;66;7;0.51;1.0;1.0;0;0;184;0;32;4.25;2.9;2.12;3.6;345;128;14.59;15.91;1.09;0;1;0;0;0;0;0;0;0;1;0;369;;161;68;0;90
112.11;1755;41;41;11;5.02;74;0;28;42;0;71;16;0.57;1.0;1.0;0;0;184;0;42;5.12;6.4;2.38;7.3;345;128;14.7;15.91;1.082;0;1;0;0;0;0;0;0;0;1;0;406;;161;68;0;42
112.53;1819;24;24;1;3.35;74;0;24;46;0;57;10;0.44;1.0;1.0;0;0;184;0;46;3.0;0.6;1.71;5.1;345;128;14.7;12.61;0.858;0;1;0;0;0;0;0;0;0;1;0;303;;161;68;0;83
112.93;1255;14;14;1;2.35;74;0;53;20;0;50;4;0.32;1.0;1.0;0;0;184;0;17;1.75;0.6;1.31;2.5;345;128;14.7;12.61;0.858;0;1;0;0;0;1;0;0;0;1;0;248;;160;68;0;76
113.32;845;23;23;1;3.3;76;0;53;20;0;58;4;0.41;1.0;1.0;0;0;184;0;17;2.88;0.6;1.7;2.3;345;128;14.47;12.61;0.871;0;1;0;0;0;1;0;0;0;1;0;310;;157;68;0;77
113.73;1089;21;21;1;3.02;74;0;50;20;0;55;5;0.38;1.0;1.0;0;0;184;0;20;2.62;0.6;1.58;2.7;345;128;14.7;15.71;1.069;0;1;0;0;0;1;0;0;0;1;0;288;;161;68;0;82
114.13;935;19;19;1;2.86;75;0;50;20;0;54;4;0.36;1.0;1.0;0;0;184;0;20;2.38;0.6;1.52;2.2;345;128;14.7;15.71;1.069;0;1;0;0;0;1;0;0;0;1;0;282;;159;68;0;82
114.53;1089;20;20;1;2.98;75;0;50;20;0;55;4;0.38;1.0;1.0;0;0;184;0;20;2.5;0.6;1.57;2.7;345;128;14.7;15.62;1.063;0;1;0;0;0;1;0;0;0;1;0;285;;159;68;0;82
114.93;871;19;19;1;2.88;75;0;50;20;0;55;4;0.38;1.0;1.0;0;0;184;0;20;2.38;0.6;1.53;2.1;345;128;14.7;15.62;1.063;0;1;0;0;0;1;0;0;0;1;0;285;;161;68;0;82
115.34;820;23;23;1;3.26;73;0;50;20;0;58;4;0.41;1.0;1.0;0;0;184;0;20;2.88;0.6;1.67;2.2;345;128;14.47;15.62;1.079;0;1;0;0;0;1;0;0;0;1;0;313;;162;68;0;84
115.75;871;22;22;1;3.15;74;0;50;20;0;57;4;0.4;1.0;1.0;0;0;184;0;20;2.75;0.6;1.63;2.3;345;128;14.7;15.71;1.069;0;1;0;0;0;1;0;0;0;1;0;304;;161;68;0;84
116.13;922;22;22;1;3.17;76;0;50;20;0;56;4;0.4;1.0;1.0;0;0;184;0;20;2.75;0.6;1.65;2.4;345;128;14.7;15.71;1.069;0;1;0;0;0;1;0;0;0;1;0;294;;160;68;0;82
116.54;896;21;21;1;3.06;73;0;50;20;0;56;4;0.39;1.0;1.0;0;0;184;0;20;2.62;0.6;1.59;2.3;345;128;14.7;15.31;1.041;0;1;0;0;0;1;0;0;0;1;0;296;;162;68;0;83
116.95;884;23;23;1;3.22;74;0;50;20;0;57;4;0.4;1.0;1.0;0;0;184;0;20;2.88;0.6;1.66;2.4;345;128;14.47;15.31;1.058;0;1;0;0;0;1;0;0;0;1;0;304;;161;68;0;83
117.34;845;22;22;1;3.08;73;0;50;20;0;56;4;0.39;1.0;1.0;0;0;184;0;20;2.75;0.6;1.6;2.2;345;128;14.7;15.31;1.041;0;1;0;0;0;1;0;0;0;1;0;299;;162;68;0;76
117.75;845;21;21;1;3.03;73;0;50;20;0;56;4;0.39;1.0;1.0;0;0;184;0;20;2.62;0.6;1.58;2.1;345;128;14.7;15.31;1.041;0;1;0;0;0;1;0;0;0;1;0;295;;162;68;0;82
117.96;871;22;22;1;3.15;74;0;50;20;0;57;4;0.4;1.0;1.0;0;0;184;0;20;2.75;0.6;1.63;2.3;345;128;14.7;15.31;1.041;0;1;0;0;0;1;0;0;0;1;0;300;;161;68;0;83
118.35;884;23;23;1;3.2;74;0;50;20;0;57;4;0.4;1.0;1.0;0;0;184;0;20;2.88;0.6;1.65;2.4;345;128;14.47;15.31;1.058;0;1;0;0;0;1;0;0;0;1;0;305;;161;68;0;77
118.75;896;22;22;1;3.16;73;0;50;20;0;57;4;0.4;1.0;1.0;0;0;184;0;20;2.75;0.6;1.63;2.4;345;128;14.7;14.81;1.007;0;1;0;0;0;1;0;0;0;1;0;302;;161;68;0;84
119.16;884;22;22;1;3.13;73;0;50;20;0;56;4;0.39;1.0;1.0;0;0;184;0;20;2.75;0.6;1.62;2.3;345;128;14.7;14.81;1.007;0;1;0;0;0;1;0;0;0;1;0;299;;162;68;0;83
119.55;845;23;23;1;3.17;74;0;50;20;0;57;4;0.4;1.0;1.0;0;0;184;0;20;2.88;0.6;1.64;2.2;345;128;14.47;14.71;1.017;0;1;0;0;0;1;0;0;0;1;0;303;;160;68;0;82
119.96;871;23;23;1;3.21;73;0;50;20;0;57;4;0.4;1.0;1.0;0;0;184;0;20;2.88;0.6;1.65;2.3;345;128;14.47;14.71;1.017;0;1;0;0;0;1;0;0;0;1;0;301;;162;68;0;83
120.36;871;22;22;1;3.1;74;0;50;20;0;56;4;0.39;1.0;1.0;0;0;184;0;20;2.75;0.6;1.61;2.3;345;128;14.7;14.71;1.001;0;1;0;0;0;1;0;0;0;1;0;297;;161;68;0;82
120.76;832;22;22;1;3.11;73;0;50;20;0;56;4;0.39;1.0;1.0;0;0;184;0;20;2.75;0.6;1.61;2.2;345;128;14.7;15.52;1.056;0;1;0;0;0;1;0;0;0;1;0;299;;162;68;0;83
121.17;832;23;23;1;3.21;73;0;50;20;0;57;4;0.4;1.0;1.0;0;0;184;0;20;2.88;0.6;1.65;2.2;345;128;14.47;15.52;1.073;0;1;0;0;0;1;0;0;0;1;0;303;;162;68;0;82
121.57;871;23;23;1;3.2;74;0;50;20;0;57;4;0.4;1.0;1.0;0;0;184;0;20;2.88;0.6;1.65;2.3;345;128;14.47;15.71;1.086;0;1;0;0;0;1;0;0;0;1;0;301;;161;68;0;83
121.97;871;22;22;1;3.07;74;0;50;20;0;56;4;0.39;1.0;1.0;0;0;184;0;20;2.75;0.6;1.6;2.2;345;128;14.7;15.71;1.069;0;1;0;0;0;1;0;0;0;1;0;298;;161;68;0;83
122.37;884;21;21;1;3.06;73;0;50;20;0;56;4;0.39;1.0;1.0;0;0;184;0;20;2.62;0.6;1.59;2.3;345;128;14.7;15.71;1.069;0;1;0;0;0;1;0;0;0;1;0;295;;162;68;0;82
122.77;845;21;21;1;3.06;73;0;50;20;0;56;4;0.39;1.0;1.0;0;0;184;0;20;2.62;0.6;1.59;2.2;345;128;14.7;14.81;1.007;0;1;0;0;0;1;0;0;0;1;0;297;;162;68;0;83
123.17;871;21;21;1;3.05;74;0;50;20;0;56;4;0.39;1.0;1.0;0;0;184;0;20;2.62;0.6;1.59;2.2;345;128;14.7;14.81;1.007;0;1;0;0;0;1;0;0;0;1;0;293;;161;68;0;82
123.56;820;20;20;1;2.95;74;0;50;20;0;55;3;0.38;1.0;1.0;0;0;184;0;20;2.5;0.6;1.55;2.0;345;128;14.7;14.52;0.988;0;1;0;0;0;1;0;0;0;1;0;291;;160;68;0;82
123.98;807;22;22;1;3.1;74;0;50;20;0;56;4;0.4;1.0;1.0;0;0;184;0;20;2.75;0.6;1.61;2.1;345;128;14.7;14.52;0.988;0;1;0;0;0;1;0;0;0;1;0;294;;161;68;0;82
124.17;845;22;22;1;3.16;73;0;50;20;0;56;4;0.39;1.0;1.0;0;0;184;0;20;2.75;0.6;1.63;2.2;345;128;14.7;14.52;0.988;0;1;0;0;0;1;0;0;0;1;0;299;;162;68;0;83
124.59;845;22;22;1;3.08;73;0;50;20;0;56;4;0.39;1.0;1.0;0;0;184;0;20;2.75;0.6;1.6;2.2;345;128;14.7;14.71;1.001;0;1;0;0;0;1;0;0;0;1;0;294;;162;68;0;82
124.99;807;22;22;1;3.1;74;0;50;20;0;56;4;0.4;1.0;1.0;0;0;184;0;20;2.75;0.6;1.61;2.1;345;128;14.7;14.71;1.001;0;1;0;0;0;1;0;0;0;1;0;298;;160;68;0;83
125.38;781;22;22;1;3.11;73;0;50;20;0;57;4;0.41;1.0;1.0;0;0;184;0;20;2.75;0.6;1.61;2.0;345;128;14.7;14.71;1.001;0;1;0;0;0;1;0;0;0;1;0;302;;162;68;0;83
125.79;871;21;21;1;2.98;73;0;50;20;0;56;4;0.39;1.0;1.0;0;0;184;0;20;2.62;0.6;1.56;2.2;345;128;14.7;14.71;1.001;0;1;0;0;0;1;0;0;0;1;0;292;;161;68;0;82
126.19;768;21;21;1;3.05;74;0;50;20;0;56;3;0.4;1.0;1.0;0;0;184;0;20;2.62;0.6;1.59;2.0;345;128;14.7;14.71;1.001;0;1;0;0;0;1;0;0;0;1;0;294;;161;68;0;82
126.6;820;23;23;1;3.2;74;0;50;20;0;57;4;0.4;1.0;1.0;0;0;184;0;20;2.88;0.6;1.65;2.2;345;128;14.47;14.71;1.017;0;1;0;0;0;1;0;0;0;1;0;303;;161;68;0;83
126.99;845;22;22;1;3.1;74;0;50;20;0;56;4;0.39;1.0;1.0;0;0;184;0;20;2.75;0.6;1.61;2.2;345;128;14.7;14.71;1.001;0;1;0;0;0;1;0;0;0;1;0;299;;161;68;0;82
127.39;768;21;21;1;3.0;74;0;50;20;0;56;3;0.4;1.0;1.0;0;0;184;0;20;2.62;0.6;1.57;1.9;345;128;14.7;14.71;1.001;0;1;0;0;0;1;0;0;0;1;0;292;;160;68;0;82
127.79;807;23;23;1;3.17;74;0;50;20;0;57;4;0.41;1.0;1.0;0;0;184;0;20;2.88;0.6;1.64;2.1;345;128;14.47;14.61;1.01;0;1;0;0;0;1;0;0;0;1;0;301;;160;68;0;83
128.21;845;22;22;1;3.1;74;0;50;20;0;56;4;0.39;1.0;1.0;0;0;184;0;20;2.75;0.6;1.61;2.2;345;128;14.7;14.61;0.994;0;1;0;0;0;1;0;0;0;1;0;297;;161;68;0;82
128.59;768;21;21;1;3.07;74;0;50;20;0;56;3;0.4;1.0;1.0;0;0;184;0;20;2.62;0.6;1.6;2.0;345;128;14.7;14.41;0.98;0;1;0;0;0;1;0;0;0;1;0;293;;161;68;0;83
128.99;807;22;22;1;3.13;73;0;50;20;0;56;4;0.4;1.0;1.0;0;0;184;0;20;2.75;0.6;1.62;2.1;345;128;14.7;14.41;0.98;0;1;0;0;0;1;0;0;0;1;0;299;;162;68;0;83
129.41;845;22;22;1;3.08;73;0;50;20;0;56;4;0.39;1.0;1.0;0;0;184;0;20;2.75;0.6;1.6;2.2;345;128;14.7;14.41;0.98;0;1;0;0;0;1;0;0;0;1;0;298;;162;68;0;83
129.8;781;21;21;1;3.08;73;0;50;20;0;56;4;0.4;1.0;1.0;0;0;184;0;20;2.62;0.6;1.6;2.0;345;128;14.7;14.41;0.98;0;1;0;0;0;1;0;0;0;1;0;295;;162;68;0;83
130.2;820;21;21;1;3.01;73;0;50;20;0;55;3;0.38;1.0;1.0;0;0;184;0;20;2.62;0.6;1.57;2.1;345;128;14.7;14.41;0.98;0;1;0;0;0;1;0;0;0;1;0;291;;162;68;0;82
130.41;845;22;22;1;3.12;74;0;50;20;0;56;4;0.39;1.0;1.0;0;0;184;0;20;2.75;0.6;1.62;2.2;345;128;14.7;14.41;0.98;0;1;0;0;0;1;0;0;0;1;0;297;;161;68;0;76
130.81;768;21;21;1;3.06;73;0;50;20;0;56;3;0.4;1.0;1.0;0;0;184;0;20;2.62;0.6;1.59;2.0;345;128;14.7;14.71;1.001;0;1;0;0;0;1;0;0;0;1;0;293;;162;68;0;82
131.2;820;22;22;1;3.15;72;0;50;20;0;57;4;0.4;1.0;1.0;0;0;184;0;20;2.75;0.6;1.62;2.2;345;128;14.7;14.71;1.001;0;1;0;0;0;1;0;0;0;1;0;300;;163;68;0;83
131.6;845;22;22;1;3.08;73;0;50;20;0;56;4;0.39;1.0;1.0;0;0;184;0;20;2.75;0.6;1.6;2.2;345;128;14.7;14.71;1.001;0;1;0;0;0;1;0;0;0;1;0;297;;162;68;0;83
132.02;845;21;21;1;3.07;74;0;50;20;0;56;4;0.39;1.0;1.0;0;0;184;0;20;2.62;0.6;1.6;2.2;345;128;14.7;14.71;1.001;0;1;0;0;0;1;0;0;0;1;0;293;;161;68;0;82
132.42;768;22;22;1;3.08;73;0;50;20;0;56;3;0.4;1.0;1.0;0;0;184;0;20;2.75;0.6;1.6;2.0;345;128;14.7;14.71;1.001;0;1;0;0;0;1;0;0;0;1;0;293;;162;68;0;83
132.81;832;26;26;5;3.53;75;0;48;26;0;60;4;0.43;1.0;1.0;0;0;184;0;22;3.25;2.9;1.79;2.4;345;128;14.47;14.81;1.023;0;1;0;0;0;0;0;0;0;1;0;325;;159;68;0;85
133.21;1370;40;40;4;4.86;73;0;34;36;0;70;11;0.55;1.0;1.0;0;0;184;0;36;5.0;2.3;2.31;5.5;345;128;14.7;14.81;1.007;0;1;0;0;0;0;0;0;0;1;0;396;;162;68;0;100
133.63;1281;20;20;1;2.9;74;0;41;20;0;54;5;0.38;1.0;1.0;0;0;184;0;29;2.5;0.6;1.53;3.1;345;128;14.7;13.01;0.885;0;1;0;0;0;1;0;0;0;1;0;282;;161;68;0;40
134.01;986;22;22;1;3.15;74;0;50;20;0;57;4;0.41;1.0;1.0;0;0;184;0;20;2.75;0.6;1.63;2.6;345;128;14.7;13.01;0.885;0;1;0;0;0;1;0;0;0;1;0;302;;161;68;0;83
134.43;986;24;24;1;3.31;75;0;50;20;0;58;5;0.42;1.0;1.0;0;0;184;0;20;3.0;0.6;1.7;2.7;345;128;14.47;13.01;0.899;0;1;0;0;0;1;0;0;0;1;0;311;;159;68;0;84
134.84;1012;24;24;1;3.28;73;0;50;20;0;57;5;0.41;1.0;1.0;0;0;184;0;20;3.0;0.6;1.68;2.8;345;128;14.47;15.02;1.038;0;1;0;0;0;1;0;0;0;1;0;303;;162;68;0;83
135.24;935;22;22;1;3.16;75;0;50;20;0;56;4;0.4;1.0;1.0;0;0;184;0;20;2.75;0.6;1.64;2.5;345;128;14.7;15.02;1.022;0;1;0;0;0;1;0;0;0;1;0;299;;159;68;0;83
135.63;935;22;22;1;3.08;73;0;50;20;0;56;4;0.4;1.0;1.0;0;0;184;0;20;2.75;0.6;1.6;2.4;345;128;14.7;15.12;1.029;0;1;0;0;0;1;0;0;0;1;0;295;;162;68;0;83
136.04;922;20;20;1;2.97;74;0;50;20;0;55;4;0.38;1.0;1.0;0;0;184;0;20;2.5;0.6;1.56;2.3;345;128;14.7;15.12;1.029;0;1;0;0;0;1;0;0;0;1;0;291;;161;68;0;41
136.23;896;22;22;1;3.1;74;0;50;20;0;56;4;0.39;1.0;1.0;0;0;184;0;20;2.75;0.6;1.61;2.3;345;128;14.7;15.12;1.029;0;1;0;0;0;1;0;0;0;1;0;299;;161;68;0;82
136.64;871;22;22;1;3.08;73;0;50;20;0;56;4;0.39;1.0;1.0;0;0;184;0;20;2.75;0.6;1.6;2.2;345;128;14.7;14.91;1.014;0;1;0;0;0;1;0;0;0;1;0;295;;162;68;0;76
137.04;820;20;20;1;2.93;75;0;50;20;0;55;3;0.38;1.0;1.0;0;0;184;0;20;2.5;0.6;1.55;2.0;345;128;14.7;14.91;1.014;0;1;0;0;0;1;0;0;0;1;0;288;;161;68;0;82
137.43;807;20;20;1;2.92;74;0;50;20;0;55;3;0.38;1.0;1.0;0;0;184;0;20;2.5;0.6;1.54;2.0;345;128;14.7;14.91;1.014;0;1;0;0;0;1;0;0;0;1;0;287;;161;68;0;82
137.83;807;22;22;1;3.07;74;0;50;20;0;56;4;0.4;1.0;1.0;0;0;184;0;20;2.75;0.6;1.6;2.1;345;128;14.7;14.51;0.987;0;1;0;0;0;1;0;0;0;1;0;293;;161;68;0;82
138.24;807;21;21;1;3.07;74;0;50;20;0;56;3;0.4;1.0;1.0;0;0;184;0;20;2.62;0.6;1.6;2.1;345;128;14.7;14.51;0.987;0;1;0;0;0;1;0;0;0;1;0;294;;160;68;0;82
138.65;768;21;21;1;3.03;75;0;50;20;0;55;3;0.38;1.0;1.0;0;0;184;0;20;2.62;0.6;1.59;1.9;345;128;14.7;14.81;1.007;0;1;0;0;0;1;0;0;0;1;0;291;;159;68;0;82
139.05;845;22;22;1;3.15;74;0;50;20;0;56;4;0.39;1.0;1.0;0;0;184;0;20;2.75;0.6;1.63;2.2;345;128;14.7;14.81;1.007;0;1;0;0;0;1;0;0;0;1;0;297;;160;68;0;83
139.45;935;20;20;1;2.87;74;0;50;20;0;54;4;0.36;1.0;1.0;0;0;184;0;20;2.5;0.6;1.52;2.2;345;128;14.7;14.81;1.007;0;1;0;0;0;1;0;0;0;1;0;278;;160;68;0;74
139.85;935;18;18;1;2.7;74;0;50;20;0;53;3;0.34;1.0;1.0;0;0;184;0;20;2.25;0.6;1.45;2.1;345;128;14.7;14.91;1.014;0;1;0;0;0;1;0;0;0;1;0;268;;160;68;0;77
140.26;820;17;17;1;2.62;74;0;50;20;0;53;3;0.34;1.0;1.0;0;0;184;0;20;2.12;0.6;1.42;1.8;345;128;14.7;14.91;1.014;0;1;0;0;0;1;0;0;0;1;0;269;;161;68;0;77
140.64;768;17;17;1;2.67;74;0;50;20;0;53;3;0.35;1.0;1.0;0;0;184;0;20;2.12;0.6;1.44;1.7;345;128;14.7;16.02;1.09;0;1;0;0;0;1;0;0;0;1;0;269;;161;68;0;38
141.07;768;19;19;1;2.83;73;0;50;20;0;54;3;0.37;1.0;1.0;0;0;184;0;20;2.38;0.6;1.5;1.8;345;128;14.7;16.02;1.09;0;1;0;0;0;1;0;0;0;1;0;282;;162;68;0;82
141.47;832;17;17;1;2.66;73;0;50;20;0;53;3;0.34;1.0;1.0;0;0;184;0;20;2.12;0.6;1.43;1.8;345;128;14.7;16.02;1.09;0;1;0;0;0;1;0;0;0;1;0;271;;162;68;0;81
141.85;781;18;18;1;2.66;73;0;50;20;0;53;3;0.35;1.0;1.0;0;0;184;0;20;2.25;0.6;1.43;1.7;345;128;14.7;15.31;1.041;0;1;0;0;0;1;0;0;0;1;0;272;;162;68;0;81
142.28;807;18;18;1;2.76;73;0;50;20;0;53;3;0.35;1.0;1.0;0;0;184;0;20;2.25;0.6;1.47;1.9;345;128;14.7;15.31;1.041;0;1;0;0;0;1;0;0;0;1;0;275;;162;68;0;81
142.47;845;20;20;1;2.86;73;0;50;20;0;54;3;0.36;1.0;1.0;0;0;184;0;20;2.5;0.6;1.51;2.0;345;128;14.7;15.31;1.041;0;1;0;0;0;1;0;0;0;1;0;279;;162;68;0;81
142.87;884;19;19;1;2.8;72;0;50;20;0;54;3;0.36;1.0;1.0;0;0;184;0;20;2.38;0.6;1.48;2.1;345;128;14.7;15.52;1.056;0;1;0;0;0;1;0;0;0;1;0;279;;163;68;0;81
143.27;896;18;18;1;2.7;72;0;50;20;0;53;3;0.34;1.0;1.0;0;0;184;0;20;2.25;0.6;1.44;2.0;345;128;14.7;15.52;1.056;0;1;0;0;0;1;0;0;0;1;0;275;;163;68;0;78
143.67;871;18;18;1;2.67;72;0;50;20;0;53;3;0.34;1.0;1.0;0;0;184;0;20;2.25;0.6;1.43;1.9;345;128;14.7;14.71;1.001;0;1;0;0;0;1;0;0;0;1;0;273;;163;68;0;77
144.07;781;18;18;1;2.65;72;0;50;20;0;53;3;0.35;1.0;1.0;0;0;184;0;20;2.25;0.6;1.42;1.7;345;128;14.7;14.71;1.001;0;1;0;0;0;1;0;0;0;1;0;273;;163;68;0;81
144.47;781;18;18;1;2.78;75;0;50;20;0;53;3;0.35;1.0;1.0;0;0;184;0;20;2.25;0.6;1.49;1.8;345;128;14.7;14.71;1.001;0;1;0;0;0;1;0;0;0;1;0;275;;159;68;0;81
144.88;1037;32;32;3;4.13;75;0;36;34;0;63;7;0.49;1.0;1.0;0;0;184;0;34;4.0;1.7;2.03;3.6;345;128;14.7;15.01;1.021;0;1;0;0;0;0;0;0;0;1;0;348;;159;68;0;88
145.27;1614;26;26;3;3.52;74;0;27;43;0;57;9;0.45;1.0;1.0;0;0;184;0;43;3.25;1.7;1.78;4.7;345;128;14.7;15.01;1.021;0;1;0;0;0;0;0;0;0;1;0;305;;161;68;0;84
145.69;1434;21;21;2;3.01;75;0;31;38;0;54;6;0.39;1.0;1.0;0;0;184;0;39;2.62;1.2;1.58;3.6;345;128;14.7;15.41;1.048;0;1;0;0;0;0;0;0;0;1;0;283;;159;68;0;82
146.08;986;18;18;1;2.7;74;0;50;20;0;53;4;0.34;1.0;1.0;0;0;184;0;20;2.25;0.6;1.45;2.2;345;128;14.7;15.41;1.048;0;1;0;0;0;1;0;0;0;1;0;273;;160;68;0;81
146.49;986;22;22;1;3.15;74;0;50;20;0;56;5;0.4;1.0;1.0;0;0;184;0;20;2.75;0.6;1.63;2.6;345;128;14.7;15.41;1.048;0;1;0;0;0;1;0;0;0;1;0;292;;160;68;0;82
146.87;1037;20;20;1;2.87;74;0;50;20;0;54;4;0.37;1.0;1.0;0;0;184;0;20;2.5;0.6;1.52;2.5;345;128;14.7;15.91;1.082;0;1;0;0;0;1;0;0;0;1;0;280;;161;68;0;74
147.28;986;19;19;1;2.77;74;0;50;20;0;54;4;0.37;1.0;1.0;0;0;184;0;20;2.38;0.6;1.48;2.3;345;128;14.7;15.91;1.082;0;1;0;0;0;1;0;0;0;1;0;279;;161;68;0;81
147.69;781;20;20;1;2.9;74;0;50;20;0;55;3;0.38;1.0;1.0;0;0;184;0;20;2.5;0.6;1.53;1.9;345;128;14.7;15.91;1.082;0;1;0;0;0;1;0;0;0;1;0;288;;160;68;0;82
148.08;820;24;24;1;3.32;74;0;50;20;0;58;4;0.41;1.0;1.0;0;0;184;0;20;3.0;0.6;1.7;2.3;345;128;14.47;15.91;1.1;0;1;0;0;0;1;0;0;0;1;0;313;;161;68;0;84
148.48;896;23;23;1;3.23;73;0;50;20;0;58;4;0.41;1.0;1.0;0;0;184;0;20;2.88;0.6;1.66;2.4;345;128;14.47;15.91;1.1;0;1;0;0;0;1;0;0;0;1;0;309;;162;68;0;84
148.69;871;22;22;1;3.1;74;0;50;20;0;56;4;0.39;1.0;1.0;0;0;184;0;20;2.75;0.6;1.61;2.3;345;128;14.7;14.71;1.001;0;1;0;0;0;1;0;0;0;1;0;295;;161;68;0;82
149.08;807;21;21;1;3.07;74;0;50;20;0;56;4;0.4;1.0;1.0;0;0;184;0;20;2.62;0.6;1.6;2.1;345;128;14.7;14.71;1.001;0;1;0;0;0;1;0;0;0;1;0;299;;160;68;0;83
149.49;973;22;22;1;3.15;74;0;50;20;0;56;4;0.4;1.0;1.0;0;0;184;0;20;2.75;0.6;1.63;2.6;345;128;14.7;14.71;1.001;0;1;0;0;0;1;0;0;0;1;0;299;;161;69;0;83
149.89;1012;19;19;1;2.85;74;0;50;20;0;54;4;0.37;1.0;1.0;0;0;184;0;20;2.38;0.6;1.51;2.4;345;128;14.7;14.81;1.007;0;1;0;0;0;1;0;0;0;1;0;278;;161;69;0;74
150.29;1037;18;18;1;2.72;74;0;50;20;0;53;4;0.35;1.0;1.0;0;0;184;0;20;2.25;0.6;1.46;2.4;345;128;14.7;14.81;1.007;0;1;0;0;0;1;0;0;0;1;0;271;;161;69;0;77
150.71;986;18;18;1;2.68;73;0;50;20;0;53;3;0.34;1.0;1.0;0;0;184;0;20;2.25;0.6;1.44;2.2;345;128;14.7;16.41;1.116;0;1;0;0;0;1;0;0;0;1;0;273;;161;69;0;78
151.11;845;18;18;1;2.76;73;0;50;20;0;53;3;0.34;1.0;1.0;0;0;184;0;20;2.25;0.6;1.47;1.9;345;128;14.7;16.41;1.116;0;1;0;0;0;1;0;0;0;1;0;274;;162;69;0;77
151.49;807;19;19;1;2.77;74;0;50;20;0;54;3;0.37;1.0;1.0;0;0;184;0;20;2.38;0.6;1.48;1.9;345;128;14.7;16.41;1.116;0;1;0;0;0;1;0;0;0;1;0;277;;161;69;0;74
151.91;871;19;19;1;2.81;73;0;50;20;0;54;3;0.36;1.0;1.0;0;0;184;0;20;2.38;0.6;1.49;2.0;345;128;14.7;16.32;1.11;0;1;0;0;0;1;0;0;0;1;0;280;;162;69;0;82
152.31;871;18;18;1;2.7;74;0;50;20;0;53;3;0.34;1.0;1.0;0;0;184;0;20;2.25;0.6;1.45;2.0;345;128;14.7;16.32;1.11;0;1;0;0;0;1;0;0;0;1;0;274;;161;69;0;78
152.71;871;19;19;1;2.81;73;0;50;20;0;54;3;0.36;1.0;1.0;0;0;184;0;20;2.38;0.6;1.49;2.0;345;128;14.7;15.41;1.048;0;1;0;0;0;1;0;0;0;1;0;276;;162;69;0;89
153.11;845;19;19;1;2.81;73;0;50;20;0;54;3;0.36;1.0;1.0;0;0;184;0;20;2.38;0.6;1.49;2.0;345;128;14.7;15.41;1.048;0;1;0;0;0;1;0;0;0;1;0;280;;162;69;0;82
153.51;896;19;19;1;2.82;74;0;50;20;0;54;3;0.36;1.0;1.0;0;0;184;0;20;2.38;0.6;1.5;2.1;345;128;14.7;15.41;1.048;0;1;0;0;0;1;0;0;0;1;0;279;;161;69;0;81
153.9;845;19;19;1;2.83;73;0;50;20;0;54;3;0.36;1.0;1.0;0;0;184;0;20;2.38;0.6;1.5;2.0;345;128;14.7;14.71;1.001;0;1;0;0;0;1;0;0;0;1;0;278;;162;69;0;81
154.31;807;20;20;1;2.92;74;0;50;20;0;55;3;0.38;1.0;1.0;0;0;184;0;20;2.5;0.6;1.54;2.0;345;128;14.7;14.71;1.001;0;1;0;0;0;1;0;0;0;1;0;284;;162;69;0;81
154.7;832;19;19;1;2.82;74;0;50;20;0;54;3;0.36;1.0;1.0;0;0;184;0;20;2.38;0.6;1.5;2.0;345;128;14.7;15.62;1.063;0;1;0;0;0;1;0;0;0;1;0;283;;161;69;0;82
154.91;807;19;19;1;2.85;74;0;50;20;0;54;3;0.37;1.0;1.0;0;0;184;0;20;2.38;0.6;1.51;1.9;345;128;14.7;15.62;1.063;0;1;0;0;0;1;0;0;0;1;0;281;;161;69;0;89
155.31;820;21;21;1;3.05;74;0;50;20;0;56;3;0.39;1.0;1.0;0;0;184;0;20;2.62;0.6;1.59;2.1;345;128;14.7;15.62;1.063;0;1;0;0;0;1;0;0;0;1;0;292;;161;70;0;82
155.72;845;19;19;1;2.82;74;0;50;20;0;54;3;0.36;1.0;1.0;0;0;184;0;20;2.38;0.6;1.5;2.0;345;128;14.7;15.51;1.055;0;1;0;0;0;1;0;0;0;1;0;282;;161;70;0;82
156.12;756;20;20;1;2.92;74;0;50;20;0;55;3;0.38;1.0;1.0;0;0;184;0;20;2.5;0.6;1.54;1.8;345;128;14.7;15.51;1.055;0;1;0;0;0;1;0;0;0;1;0;286;;161;70;0;82
156.52;820;18;18;1;2.77;74;0;50;20;0;54;3;0.36;1.0;1.0;0;0;184;0;20;2.25;0.6;1.48;1.9;345;128;14.7;15.51;1.055;0;1;0;0;0;1;0;0;0;1;0;278;;161;70;0;82
156.92;807;19;19;1;2.82;74;0;50;20;0;54;3;0.37;1.0;1.0;0;0;184;0;20;2.38;0.6;1.5;1.9;345;128;14.7;14.61;0.994;0;1;0;0;0;1;0;0;0;1;0;277;;161;69;0;82
157.33;820;19;19;1;2.76;73;0;50;20;0;54;3;0.36;1.0;1.0;0;0;184;0;20;2.38;0.6;1.47;1.9;345;128;14.7;14.61;0.994;0;1;0;0;0;1;0;0;0;1;0;277;;162;70;0;81
157.72;820;19;19;1;2.8;74;0;50;20;0;54;3;0.36;1.0;1.0;0;0;184;0;20;2.38;0.6;1.49;1.9;345;128;14.7;14.71;1.001;0;1;0;0;0;1;0;0;0;1;0;277;;161;70;0;81
158.13;1165;36;36;4;4.51;75;0;36;35;0;65;9;0.54;1.0;1.0;0;0;184;0;34;4.5;2.3;2.18;4.4;345;128;14.7;14.71;1.001;0;1;0;0;0;0;0;0;0;1;0;362;;159;70;0;89
158.53;1473;27;27;4;3.6;74;0;29;40;0;59;8;0.48;1.0;1.0;0;0;184;0;41;3.38;2.3;1.81;4.4;345;128;14.7;14.71;1.001;0;1;0;0;0;0;0;0;0;1;0;317;;161;69;0;85
158.95;1434;24;24;4;3.33;75;0;30;39;0;56;7;0.44;1.0;1.0;0;0;184;0;40;3.0;2.3;1.71;4.0;345;128;14.7;14.51;0.987;0;1;0;0;0;0;0;0;0;1;0;299;;159;70;0;83
159.34;1498;21;21;3;3.0;74;0;32;38;0;54;7;0.39;1.0;1.0;0;0;184;0;38;2.62;1.7;1.57;3.7;345;128;14.7;14.51;0.987;0;1;0;0;0;0;0;0;0;1;0;283;;161;69;0;82
159.73;1562;18;18;3;2.75;74;0;35;35;0;52;6;0.36;1.0;1.0;0;0;184;0;35;2.25;1.7;1.47;3.6;345;128;14.7;16.32;1.11;0;1;0;0;0;0;0;0;0;1;0;266;;161;69;0;38
160.13;1550;21;21;3;3.01;73;0;33;37;0;54;7;0.4;1.0;1.0;0;0;184;0;37;2.62;1.7;1.57;3.9;345;128;14.7;16.32;1.11;0;1;0;0;0;0;0;0;0;1;0;276;;162;69;0;77
160.54;1652;39;39;11;4.78;73;0;28;42;0;69;15;0.57;1.0;1.0;0;0;184;0;42;4.88;6.4;2.28;6.6;345;128;14.7;16.32;1.11;0;1;0;0;0;0;0;0;0;1;0;392;;162;69;0;99
160.93;1780;40;40;11;4.86;73;0;27;43;0;70;15;0.57;1.0;1.0;0;0;184;0;43;5.0;6.4;2.31;7.2;345;128;14.7;15.91;1.082;0;1;0;0;0;0;0;0;0;1;0;396;;162;69;0;98
161.14;1447;30;30;7;3.92;74;0;27;43;0;61;10;0.51;1.0;1.0;0;0;184;0;43;3.75;4.1;1.94;4.7;345;128;14.7;15.91;1.082;0;1;0;0;0;0;0;0;0;1;0;333;;161;69;0;86
161.54;1434;31;31;6;3.95;74;0;28;42;0;61;10;0.51;1.0;1.0;0;0;184;0;42;3.88;3.5;1.95;4.7;345;128;14.7;15.91;1.082;0;1;0;0;0;0;0;0;0;1;0;332;;161;70;0;85
161.96;1319;18;18;1;2.7;74;0;42;20;0;52;5;0.34;1.0;1.0;0;0;184;0;28;2.25;0.6;1.45;3.0;345;128;14.7;13.51;0.919;0;1;0;0;0;1;0;0;0;1;0;267;;161;70;0;73
162.35;973;20;20;1;2.95;76;0;50;20;0;55;4;0.38;1.0;1.0;0;0;184;0;20;2.5;0.6;1.56;2.4;345;128;14.7;13.51;0.919;0;1;0;0;0;1;0;0;0;1;0;286;;158;70;0;75
162.75;1012;23;23;1;3.17;74;0;50;20;0;57;5;0.41;1.0;1.0;0;0;183;0;20;2.88;0.6;1.64;2.7;345;128;14.47;14.31;0.989;0;1;0;0;0;1;0;0;0;1;0;301;;161;70;0;83
163.15;986;22;22;1;3.16;75;0;50;20;0;56;5;0.4;1.0;1.0;0;0;183;0;20;2.75;0.6;1.64;2.6;345;128;14.7;14.31;0.973;0;1;0;0;0;1;0;0;0;1;0;295;;159;71;0;82
163.56;935;21;21;1;3.0;74;0;50;20;0;56;4;0.4;1.0;1.0;0;0;183;0;20;2.62;0.6;1.57;2.3;345;128;14.7;14.31;0.973;0;1;0;0;0;1;0;0;0;1;0;292;;161;70;0;82
163.96;986;20;20;1;2.97;74;0;50;20;0;55;4;0.38;1.0;1.0;0;0;183;0;20;2.5;0.6;1.56;2.4;345;128;14.7;14.31;0.973;0;1;0;0;0;1;0;0;0;1;0;288;;160;70;0;82
164.36;948;19;19;1;2.87;74;0;50;20;0;55;4;0.38;1.0;1.0;0;0;183;0;20;2.38;0.6;1.52;2.3;345;128;14.7;14.31;0.973;0;1;0;0;0;1;0;0;0;1;0;284;;161;69;0;82
164.75;922;19;19;1;2.83;75;0;50;20;0;54;4;0.36;1.0;1.0;0;0;183;0;20;2.38;0.6;1.51;2.2;345;128;14.7;14.71;1.001;0;1;0;0;0;1;0;0;0;1;0;280;;159;70;0;82
165.17;884;18;18;1;2.68;73;0;50;20;0;53;3;0.34;1.0;1.0;0;0;183;0;20;2.25;0.6;1.44;2.0;345;128;14.7;14.71;1.001;0;1;0;0;0;1;0;0;0;1;0;275;;162;70;0;81
165.56;896;19;19;1;2.83;73;0;50;20;0;54;3;0.36;1.0;1.0;0;0;183;0;20;2.38;0.6;1.5;2.1;345;128;14.7;14.71;1.001;0;1;0;0;0;1;0;0;0;1;0;277;;162;70;0;82
165.95;845;19;19;1;2.83;73;0;50;20;0;54;3;0.36;1.0;1.0;0;0;183;0;20;2.38;0.6;1.5;2.0;345;128;14.7;14.91;1.014;0;1;0;0;0;1;0;0;0;1;0;278;;162;70;0;81
166.37;832;19;19;1;2.83;73;0;50;20;0;54;3;0.36;1.0;1.0;0;0;183;0;20;2.38;0.6;1.5;2.0;345;128;14.7;14.91;1.014;0;1;0;0;0;1;0;0;0;1;0;281;;162;70;0;82
166.78;845;19;19;1;2.82;72;0;50;20;0;54;3;0.36;1.0;1.0;0;0;183;0;20;2.38;0.6;1.49;2.0;345;128;14.7;14.61;0.994;0;1;0;0;0;1;0;0;0;1;0;283;;163;70;0;82
167.18;820;19;19;1;2.81;73;0;50;20;0;54;3;0.36;1.0;1.0;0;0;183;0;20;2.38;0.6;1.49;1.9;345;128;14.7;14.61;0.994;0;1;0;0;0;1;0;0;0;1;0;280;;163;70;0;40
167.37;768;21;21;1;3.0;74;0;50;20;0;55;3;0.38;1.0;1.0;0;0;183;0;20;2.62;0.6;1.57;1.9;345;128;14.7;14.61;0.994;0;1;0;0;0;1;0;0;0;1;0;289;;163;69;0;82
167.77;756;20;20;1;2.97;74;0;50;20;0;55;3;0.38;1.0;1.0;0;0;183;0;20;2.5;0.6;1.56;1.9;345;128;14.7;14.31;0.973;0;1;0;0;0;1;0;0;0;1;0;288;;161;69;0;82
168.16;832;21;21;1;3.0;74;0;50;20;0;55;3;0.38;1.0;1.0;0;0;183;0;20;2.62;0.6;1.57;2.1;345;128;14.7;14.31;0.973;0;1;0;0;0;1;0;0;0;1;0;290;;161;69;0;82
168.58;756;20;20;1;2.91;73;0;50;20;0;55;3;0.38;1.0;1.0;0;0;183;0;20;2.5;0.6;1.53;1.8;345;128;14.7;14.31;0.973;0;1;0;0;0;1;0;0;0;1;0;289;;162;70;0;82
168.98;832;22;22;1;3.08;73;0;50;20;0;56;4;0.39;1.0;1.0;0;0;183;0;20;2.75;0.6;1.6;2.1;345;128;14.7;14.31;0.973;0;1;0;0;0;1;0;0;0;1;0;295;;162;70;0;82
169.37;807;20;20;1;2.93;73;0;50;20;0;55;3;0.38;1.0;1.0;0;0;183;0;20;2.5;0.6;1.54;2.0;345;128;14.7;14.31;0.973;0;1;0;0;0;1;0;0;0;1;0;289;;162;70;0;82
169.78;781;21;21;1;2.98;73;0;50;20;0;55;3;0.38;1.0;1.0;0;0;183;0;20;2.62;0.6;1.56;1.9;345;128;14.7;14.11;0.96;0;1;0;0;0;1;0;0;0;1;0;291;;162;71;0;76
170.19;845;21;21;1;2.98;73;0;50;20;0;55;3;0.38;1.0;1.0;0;0;183;0;20;2.62;0.6;1.56;2.1;345;128;14.7;14.11;0.96;0;1;0;0;0;1;0;0;0;1;0;290;;161;70;0;75
170.59;768;20;20;1;2.93;73;0;50;20;0;55;3;0.38;1.0;1.0;0;0;183;0;20;2.5;0.6;1.54;1.9;345;128;14.7;14.11;0.96;0;1;0;0;0;1;0;0;0;1;0;287;;162;70;0;81
170.99;807;21;21;1;2.96;73;0;50;20;0;55;3;0.38;1.0;1.0;0;0;183;0;20;2.62;0.6;1.55;2.0;345;128;14.7;14.51;0.987;0;1;0;0;0;1;0;0;0;1;0;289;;162;70;0;82
171.37;832;20;20;1;2.95;74;0;50;20;0;55;3;0.38;1.0;1.0;0;0;183;0;20;2.5;0.6;1.55;2.0;345;128;14.7;14.51;0.987;0;1;0;0;0;1;0;0;0;1;0;288;;161;70;0;82
171.79;756;20;20;1;2.97;74;0;50;20;0;55;3;0.38;1.0;1.0;0;0;183;0;20;2.5;0.6;1.56;1.9;345;128;14.7;14.41;0.98;0;1;0;0;0;1;0;0;0;1;0;288;;161;70;0;82
172.2;820;20;21;1;2.97;74;0;50;20;0;55;3;0.38;1.0;1.0;0;0;183;0;20;2.5;0.6;1.56;2.0;345;128;14.7;14.41;0.98;0;1;0;0;0;1;0;0;0;1;0;291;;161;70;0;82
172.59;768;20;20;1;2.92;74;0;50;20;0;55;3;0.38;1.0;1.0;0;0;183;0;20;2.5;0.6;1.54;1.9;345;128;14.7;14.41;0.98;0;1;0;0;0;1;0;0;0;1;0;285;;161;70;0;76
172.98;820;21;21;1;3.06;73;0;50;20;0;56;4;0.39;1.0;1.0;0;0;183;0;20;2.62;0.6;1.59;2.1;345;128;14.7;14.31;0.973;0;1;0;0;0;1;0;0;0;1;0;292;;162;70;0;82
173.38;756;20;20;1;2.91;73;0;50;20;0;55;3;0.38;1.0;1.0;0;0;183;0;20;2.5;0.6;1.53;1.8;345;128;14.7;14.31;0.973;0;1;0;0;0;1;0;0;0;1;0;291;;162;70;0;82
173.6;807;22;22;1;3.15;74;0;50;20;0;56;4;0.4;1.0;1.0;0;0;183;0;20;2.75;0.6;1.63;2.1;345;128;14.7;14.31;0.973;0;1;0;0;0;1;0;0;0;1;0;298;;161;70;0;83
174.0;756;21;21;1;3.02;74;0;50;20;0;56;3;0.4;1.0;1.0;0;0;183;0;20;2.62;0.6;1.58;1.9;345;128;14.7;14.41;0.98;0;1;0;0;0;1;0;0;0;1;0;292;;161;71;0;82
174.39;807;22;22;1;3.1;74;0;50;20;0;56;4;0.4;1.0;1.0;0;0;183;0;20;2.75;0.6;1.61;2.1;345;128;14.7;14.41;0.98;0;1;0;0;0;1;0;0;0;1;0;296;;161;70;0;83
174.79;768;21;21;1;3.03;73;0;50;20;0;56;3;0.4;1.0;1.0;0;0;183;0;20;2.62;0.6;1.58;1.9;345;128;14.7;14.21;0.967;0;1;0;0;0;1;0;0;0;1;0;292;;162;71;0;83
175.2;820;28;28;6;3.77;74;0;48;27;0;62;5;0.45;1.0;1.0;0;0;183;0;22;3.5;3.5;1.88;2.6;345;128;14.47;14.21;0.982;0;1;0;0;0;0;0;0;0;1;0;341;;160;70;0;85
175.6;1332;42;42;6;5.05;74;0;35;35;0;72;12;0.56;1.0;1.0;0;0;183;0;35;5.25;3.5;2.39;5.6;345;128;14.7;14.21;0.967;0;1;0;0;0;0;0;0;0;1;0;412;;161;71;0;89
176.0;1511;35;35;6;4.4;72;0;29;41;0;64;12;0.55;1.0;1.0;0;0;183;0;41;4.38;3.5;2.12;5.5;345;128;14.7;14.21;0.967;0;1;0;0;0;0;0;0;0;1;0;355;;163;71;0;89
176.41;1422;30;30;3;3.91;73;0;30;40;0;61;9;0.5;1.0;1.0;0;0;183;0;40;3.75;1.7;1.93;4.6;345;128;14.7;14.21;0.967;0;1;0;0;0;0;0;0;0;1;0;328;;162;70;0;85
176.82;1165;20;20;1;2.88;73;0;45;20;0;54;5;0.38;1.0;1.0;0;0;183;0;25;2.5;0.6;1.52;2.8;345;128;14.7;13.31;0.905;0;1;0;0;0;1;0;0;0;1;0;283;;162;70;0;82
177.21;973;29;29;2;3.87;74;0;50;20;0;63;6;0.48;1.0;1.0;0;0;183;0;20;3.62;1.2;1.92;3.1;345;128;14.47;13.31;0.92;0;1;0;0;0;1;0;0;0;1;0;347;;161;70;0;86
177.61;1178;32;32;2;4.1;74;0;50;20;0;62;8;0.51;1.0;1.0;0;0;183;0;20;4.0;1.2;2.01;4.0;345;128;14.7;13.31;0.905;0;1;0;0;0;1;0;0;0;1;0;339;;161;70;0;86
178.02;1229;29;29;2;3.76;73;0;50;20;0;60;8;0.48;1.0;1.0;0;0;183;0;20;3.62;1.2;1.87;3.9;345;128;14.7;13.81;0.939;0;1;0;0;0;1;0;0;0;1;0;322;;162;70;0;78
178.41;1037;20;20;2;2.97;74;0;50;20;0;55;5;0.38;1.0;1.0;0;0;183;0;20;2.5;1.2;1.56;2.6;345;128;14.7;13.81;0.939;0;1;0;0;0;1;0;0;0;1;0;285;;160;69;0;82
178.82;999;22;22;2;3.17;74;0;50;20;0;56;5;0.4;1.0;1.0;0;0;183;0;20;2.75;1.2;1.64;2.6;345;128;14.7;14.71;1.001;0;1;0;0;0;1;0;0;0;1;0;296;;161;70;0;83
179.22;973;22;22;2;3.11;75;0;50;20;0;56;5;0.4;1.0;1.0;0;0;183;0;20;2.75;1.2;1.62;2.5;345;128;14.7;14.71;1.001;0;1;0;0;0;1;0;0;0;1;0;293;;159;69;0;82
179.63;999;22;22;2;3.1;74;0;50;20;0;56;4;0.4;1.0;1.0;0;0;183;0;20;2.75;1.2;1.61;2.6;345;128;14.7;14.71;1.001;0;1;0;0;0;1;0;0;0;1;0;294;;161;69;0;82
179.82;1037;29;29;2;3.82;74;0;50;20;0;61;6;0.47;1.0;1.0;0;0;183;0;20;3.62;1.2;1.9;3.3;345;128;14.7;16.41;1.116;0;1;0;0;0;1;0;0;0;1;0;330;;160;69;0;86
180.22;1063;23;23;2;3.25;74;0;50;20;0;57;5;0.41;1.0;1.0;0;0;183;0;20;2.88;1.2;1.67;2.9;345;128;14.7;16.41;1.116;0;1;0;0;0;1;0;0;0;1;0;303;;163;70;0;83
180.62;922;17;17;1;2.58;73;0;50;20;0;52;3;0.33;1.0;1.0;0;0;183;0;20;2.12;0.6;1.4;2.0;345;128;14.7;16.41;1.116;0;1;0;0;0;1;0;0;0;1;0;267;;162;70;0;77
181.02;871;20;20;1;2.93;73;0;50;20;0;55;3;0.38;1.0;1.0;0;0;183;0;20;2.5;0.6;1.54;2.1;345;128;14.7;13.81;0.939;0;1;0;0;0;1;0;0;0;1;0;288;;162;69;0;82
181.42;986;29;29;3;3.77;74;0;42;33;0;61;6;0.46;1.0;1.0;0;0;183;0;28;3.62;1.7;1.88;3.1;345;128;14.47;13.81;0.954;0;1;0;0;0;0;0;0;0;1;0;334;;160;70;0;86
181.82;1268;34;34;4;4.26;73;0;33;38;0;63;9;0.53;1.0;1.0;0;0;183;0;37;4.25;2.3;2.07;4.5;345;128;14.7;14.11;0.96;0;1;0;0;0;0;0;0;0;1;0;347;;162;69;0;88
182.24;1434;36;36;5;4.46;73;0;31;39;0;64;11;0.55;1.0;1.0;0;0;184;0;39;4.5;2.9;2.15;5.3;345;128;14.7;14.11;0.96;0;1;0;0;0;0;0;0;0;1;0;356;;162;69;0;89
182.63;1473;35;35;5;4.41;73;0;30;39;0;65;11;0.55;1.0;1.0;0;0;184;0;40;4.38;2.9;2.13;5.4;345;128;14.7;14.11;0.96;0;1;0;0;0;0;0;0;0;1;0;363;;161;69;0;90
183.04;1422;33;33;5;4.2;74;0;30;41;0;63;10;0.53;1.0;1.0;0;0;184;0;40;4.12;2.9;2.05;5.0;345;128;14.7;13.91;0.946;0;1;0;0;0;0;0;0;0;1;0;346;;161;70;0;88
183.43;1383;30;30;5;3.87;74;0;29;41;0;61;9;0.5;1.0;1.0;0;0;183;0;41;3.75;2.9;1.92;4.5;345;128;14.7;13.91;0.946;0;1;0;0;0;0;0;0;0;1;0;334;;161;70;0;86
183.83;1281;32;32;5;4.08;75;0;30;40;0;62;9;0.52;1.0;1.0;0;0;183;0;40;4.0;2.9;2.01;4.4;345;128;14.7;14.21;0.967;0;1;0;0;0;0;0;0;0;1;0;339;;161;70;0;86
184.24;1345;33;33;5;4.2;74;0;31;40;0;63;10;0.53;1.0;1.0;0;0;183;0;39;4.12;2.9;2.05;4.7;345;128;14.7;14.21;0.967;0;1;0;0;0;0;0;0;0;1;0;347;;160;70;0;88
184.65;1281;25;25;4;3.4;74;0;30;40;0;58;7;0.45;1.0;1.0;0;0;183;0;40;3.12;2.3;1.73;3.6;345;128;14.7;14.21;0.967;0;1;0;0;0;0;0;0;0;1;0;308;;161;70;0;84
185.05;1281;25;25;4;3.45;74;0;31;37;0;58;7;0.45;1.0;1.0;0;0;183;0;39;3.12;2.3;1.75;3.7;345;128;14.7;14.01;0.953;0;1;0;0;0;0;0;0;0;1;0;309;;160;70;0;84
185.44;1306;29;29;4;3.85;74;0;30;40;0;61;8;0.5;1.0;1.0;0;0;183;0;40;3.62;2.3;1.91;4.2;345;128;14.7;14.01;0.953;0;1;0;0;0;0;0;0;0;1;0;332;;160;70;0;86
185.85;1383;31;31;4;4.0;74;0;30;40;0;61;9;0.5;1.0;1.0;0;0;183;0;40;3.88;2.3;1.97;4.6;345;128;14.7;17.02;1.158;0;1;0;0;0;0;0;0;0;1;0;334;;161;70;0;41
186.04;1755;68;68;26;7.91;73;0;42;28;0;90;25;0.73;1.0;1.0;0;0;183;0;28;8.5;15.1;3.53;11.6;345;128;14.04;17.02;1.212;0;1;0;0;0;0;0;0;0;1;0;552;;162;70;0;107
186.45;2523;52;52;26;5.92;76;0;29;42;0;82;28;0.62;1.0;1.0;0;0;183;0;41;6.5;15.1;2.75;12.4;345;128;14.93;17.02;1.14;0;1;0;0;0;0;0;0;0;1;0;491;;157;70;0;108
186.85;2869;36;36;21;4.42;76;0;19;51;0;68;24;0.55;1.0;1.0;0;0;183;0;51;4.5;12.2;2.15;10.6;345;128;14.93;15.52;1.04;0;1;0;0;0;0;0;0;0;1;0;385;;157;70;0;91
187.25;1895;39;39;15;4.8;74;0;23;47;0;72;17;0.56;1.0;1.0;0;0;183;0;47;4.88;8.7;2.29;7.6;345;128;14.82;15.52;1.047;0;1;0;0;0;0;0;0;0;1;0;415;;161;70;0;101
187.65;1870;42;42;15;5.05;74;0;27;43;0;72;17;0.57;1.0;1.0;0;0;183;0;43;5.25;8.7;2.39;7.9;345;128;14.82;15.52;1.047;0;1;0;0;0;0;0;0;0;1;0;416;;161;70;0;101
188.06;1883;41;41;15;5.0;74;0;26;42;0;72;17;0.57;1.0;1.0;0;0;183;0;44;5.12;8.7;2.37;7.8;345;128;14.82;14.91;1.006;0;1;0;0;0;0;0;0;0;1;0;415;;161;70;0;101
188.47;1870;38;38;7;4.7;74;0;25;45;0;68;15;0.55;1.0;1.0;0;0;183;0;45;4.75;4.1;2.25;7.3;345;128;14.82;14.91;1.006;0;1;0;0;0;0;0;0;0;1;0;385;;160;70;0;86
188.86;1165;14;14;1;2.32;76;0;49;20;0;49;3;0.3;1.0;1.0;0;0;183;0;21;1.75;0.6;1.31;2.3;345;128;14.7;12.12;0.824;0;1;0;0;0;1;0;0;0;1;0;246;;157;70;0;75
189.26;1255;17;17;1;2.6;74;0;50;20;0;51;4;0.33;1.0;1.0;0;0;183;0;20;2.12;0.6;1.41;2.7;345;128;14.7;12.12;0.824;0;1;0;0;0;1;0;0;0;1;0;253;;160;70;0;76
189.65;1140;15;15;1;2.42;74;0;50;20;0;50;4;0.31;1.0;1.0;0;0;183;0;20;1.88;0.6;1.34;2.3;345;128;14.7;12.12;0.824;0;1;0;0;0;1;0;0;0;1;0;250;;160;70;0;76
190.06;1063;15;15;1;2.42;74;0;50;20;0;50;3;0.31;1.0;1.0;0;0;183;0;20;1.88;0.6;1.34;2.1;345;128;14.7;14.21;0.967;0;1;0;0;0;1;0;0;0;1;0;251;;160;69;0;76
190.47;1101;16;16;1;2.5;74;0;50;20;0;51;3;0.32;1.0;1.0;0;0;183;0;20;2.0;0.6;1.37;2.3;345;128;14.7;14.21;0.967;0;1;0;0;0;1;0;0;0;1;0;254;;160;69;0;76
190.87;1012;15;15;1;2.45;74;0;50;20;0;51;3;0.31;1.0;1.0;0;0;184;0;20;1.88;0.6;1.35;2.1;345;128;14.7;14.81;1.007;0;1;0;0;0;1;0;0;0;1;0;255;;161;69;0;76
191.28;1063;15;15;1;2.41;73;0;50;20;0;50;3;0.31;1.0;1.0;0;0;184;0;20;1.88;0.6;1.33;2.1;345;128;14.7;14.81;1.007;0;1;0;0;0;1;0;0;0;1;0;251;;162;69;0;76
191.67;973;15;15;1;2.48;75;0;47;20;0;51;3;0.31;1.0;1.0;0;0;184;0;23;1.88;0.6;1.37;2.0;345;128;14.7;14.81;1.007;0;1;0;0;0;1;0;0;0;1;0;252;;159;69;0;76
192.08;999;18;18;1;2.73;73;0;50;20;0;53;4;0.34;1.0;1.0;0;0;184;0;20;2.25;0.6;1.46;2.3;345;128;14.7;14.11;0.96;0;1;0;0;0;1;0;0;0;1;0;269;;162;69;0;77
192.26;1012;16;16;1;2.57;74;0;50;20;0;52;3;0.33;1.0;1.0;0;0;184;0;20;2.0;0.6;1.4;2.2;345;128;14.7;14.11;0.96;0;1;0;0;0;1;0;0;0;1;0;263;;160;69;0;76
192.68;948;17;17;1;2.65;72;0;50;20;0;53;3;0.34;1.0;1.0;0;0;184;0;20;2.12;0.6;1.42;2.1;345;128;14.7;14.11;0.96;0;1;0;0;0;1;0;0;0;1;0;268;;163;69;0;77
193.08;896;16;16;1;2.52;74;0;50;20;0;51;3;0.31;1.0;1.0;0;0;184;0;20;2.0;0.6;1.38;1.9;345;128;14.7;16.02;1.09;0;1;0;0;0;1;0;0;0;1;0;259;;160;69;0;76
193.48;935;16;16;1;2.55;72;0;50;20;0;52;3;0.33;1.0;1.0;0;0;184;0;20;2.0;0.6;1.38;2.0;345;128;14.7;16.02;1.09;0;1;0;0;0;1;0;0;0;1;0;264;;163;69;0;77
193.87;845;16;16;1;2.5;72;0;50;20;0;51;3;0.31;1.0;1.0;0;0;184;0;20;2.0;0.6;1.36;1.8;345;128;14.7;15.21;1.035;0;1;0;0;0;1;0;0;0;1;0;259;;163;69;0;86
194.28;896;15;15;1;2.46;73;0;50;20;0;51;3;0.31;1.0;1.0;0;0;184;0;20;1.88;0.6;1.35;1.8;345;128;14.7;15.21;1.035;0;1;0;0;0;1;0;0;0;1;0;257;;162;70;0;76
194.68;896;17;17;1;2.57;72;0;50;20;0;52;3;0.33;1.0;1.0;0;0;184;0;20;2.12;0.6;1.39;1.9;345;128;14.7;15.21;1.035;0;1;0;0;0;1;0;0;0;1;0;265;;163;70;0;77
195.09;871;17;17;1;2.58;73;0;50;20;0;52;3;0.33;1.0;1.0;0;0;184;0;20;2.12;0.6;1.4;1.9;345;128;14.7;15.62;1.063;0;1;0;0;0;1;0;0;0;1;0;265;;162;70;0;77
195.5;871;18;18;1;2.73;73;0;50;20;0;53;3;0.34;1.0;1.0;0;0;183;0;20;2.25;0.6;1.46;2.0;345;128;14.7;15.62;1.063;0;1;0;0;0;1;0;0;0;1;0;270;;162;71;0;77
195.89;884;17;17;1;2.58;73;0;50;20;0;52;3;0.33;1.0;1.0;0;0;183;0;20;2.12;0.6;1.4;1.9;345;128;14.7;14.81;1.007;0;1;0;0;0;1;0;0;0;1;0;266;;162;71;0;77
196.29;730;17;17;1;2.66;73;0;50;20;0;53;3;0.35;1.0;1.0;0;0;183;0;20;2.12;0.6;1.43;1.6;345;128;14.7;14.81;1.007;0;1;0;0;0;1;0;0;0;1;0;274;;162;70;0;81
196.7;845;22;22;1;3.08;73;0;50;20;0;56;4;0.39;1.0;1.0;0;0;183;0;20;2.75;0.6;1.6;2.2;345;128;14.7;14.81;1.007;0;1;0;0;0;1;0;0;0;1;0;299;;162;71;0;83
197.11;948;20;20;1;2.88;73;0;50;20;0;55;4;0.38;1.0;1.0;0;0;183;0;20;2.5;0.6;1.52;2.3;345;128;14.7;14.51;0.987;0;1;0;0;0;1;0;0;0;1;0;284;;162;70;0;82
197.5;1204;38;38;6;4.75;76;0;38;32;0;70;9;0.55;1.0;1.0;0;0;183;0;32;4.75;3.5;2.28;4.8;345;128;14.7;14.51;0.987;0;1;0;0;0;0;0;0;0;1;0;398;;158;71;0;99
197.9;1370;26;26;4;3.55;74;0;29;40;0;58;8;0.45;1.0;1.0;0;0;183;0;41;3.25;2.3;1.79;4.1;345;128;14.7;13.61;0.926;0;1;0;0;0;0;0;0;0;1;0;315;;161;71;0;85
198.29;1229;25;25;4;3.4;76;0;32;38;0;57;6;0.44;1.0;1.0;0;0;183;0;38;3.12;2.3;1.74;3.5;345;128;14.7;13.61;0.926;0;1;0;0;0;0;0;0;0;1;0;307;;158;70;0;84
198.5;1217;27;27;4;3.57;74;0;30;39;0;59;7;0.46;1.0;1.0;0;0;183;0;40;3.38;2.3;1.8;3.6;345;128;14.7;13.61;0.926;0;1;0;0;0;0;0;0;0;1;0;316;;160;70;0;84
198.9;1204;25;25;4;3.38;73;0;32;38;0;58;6;0.45;1.0;1.0;0;0;183;0;38;3.12;2.3;1.72;3.4;345;128;14.7;15.52;1.056;0;1;0;0;0;0;0;0;0;1;0;313;;162;71;0;84
199.3;1229;28;28;4;3.71;73;0;31;39;0;59;7;0.47;1.0;1.0;0;0;183;0;39;3.5;2.3;1.85;3.8;345;128;14.7;15.52;1.056;0;1;0;0;0;0;0;0;0;1;0;319;;162;70;0;85
199.71;1178;26;26;1;3.5;74;0;30;37;0;59;7;0.46;1.0;1.0;0;0;183;0;40;3.25;0.6;1.77;3.4;345;128;14.7;15.52;1.056;0;1;0;0;0;0;0;0;0;1;0;316;;160;70;0;84
200.12;1012;19;19;1;2.77;74;0;50;20;0;54;4;0.37;1.0;1.0;0;0;183;0;20;2.38;0.6;1.48;2.3;345;128;14.7;14.61;0.994;0;1;0;0;0;1;0;0;0;1;0;277;;161;71;0;81
200.52;922;21;21;1;3.07;74;0;50;20;0;56;4;0.4;1.0;1.0;0;0;183;0;20;2.62;0.6;1.6;2.4;345;128;14.7;14.61;0.994;0;1;0;0;0;1;0;0;0;1;0;296;;160;71;0;83
200.93;896;22;22;1;3.08;73;0;50;20;0;56;4;0.39;1.0;1.0;0;0;183;0;20;2.75;0.6;1.6;2.3;345;128;14.7;14.41;0.98;0;1;0;0;0;1;0;0;0;1;0;298;;162;70;0;76
201.31;896;21;21;1;3.0;74;0;50;20;0;55;4;0.38;1.0;1.0;0;0;183;0;20;2.62;0.6;1.57;2.2;345;128;14.7;14.41;0.98;0;1;0;0;0;1;0;0;0;1;0;290;;161;69;0;82
201.72;922;22;22;1;3.08;73;0;50;20;0;56;4;0.4;1.0;1.0;0;0;183;0;20;2.75;0.6;1.6;2.4;345;128;14.7;14.41;0.98;0;1;0;0;0;1;0;0;0;1;0;294;;162;70;0;82
202.13;832;21;21;1;3.03;73;0;50;20;0;56;4;0.39;1.0;1.0;0;0;183;0;20;2.62;0.6;1.58;2.1;345;128;14.7;14.21;0.967;0;1;0;0;0;1;0;0;0;1;0;297;;162;71;0;83
202.52;832;25;25;2;3.45;74;0;50;20;0;60;5;0.43;1.0;1.0;0;0;183;0;20;3.12;1.2;1.75;2.4;345;128;14.47;14.21;0.982;0;1;0;0;0;1;0;0;0;1;0;327;;160;71;0;41
202.93;1153;30;30;2;3.95;72;0;50;20;0;62;7;0.5;1.0;1.0;0;0;183;0;20;3.75;1.2;1.94;3.8;345;128;14.7;14.41;0.98;0;1;0;0;0;1;0;0;0;1;0;338;;163;71;0;86
203.33;1217;30;30;2;3.92;74;0;32;37;0;62;8;0.51;1.0;1.0;0;0;183;0;38;3.75;1.2;1.94;4.0;345;128;14.7;14.41;0.98;0;1;0;0;0;0;0;0;0;1;0;337;;161;70;0;86
203.72;1255;30;30;2;3.86;73;0;31;39;0;61;8;0.5;1.0;1.0;0;0;183;0;39;3.75;1.2;1.91;4.0;345;128;14.7;14.41;0.98;0;1;0;0;0;0;0;0;0;1;0;333;;162;70;0;85
204.14;1153;20;20;1;2.9;74;0;36;20;0;54;5;0.38;1.0;1.0;0;0;183;0;34;2.5;0.6;1.53;2.8;345;128;14.7;13.91;0.946;0;1;0;0;0;1;0;0;0;1;0;282;;160;70;0;82
204.54;884;19;19;1;2.85;74;0;50;20;0;55;4;0.38;1.0;1.0;0;0;183;0;20;2.38;0.6;1.51;2.1;345;128;14.7;13.91;0.946;0;1;0;0;0;1;0;0;0;1;0;285;;161;70;0;82
204.73;935;24;24;1;3.31;73;0;50;20;0;58;5;0.41;1.0;1.0;0;0;183;0;20;3.0;0.6;1.69;2.6;345;128;14.47;13.91;0.961;0;1;0;0;0;1;0;0;0;1;0;312;;159;70;0;84
205.14;986;23;23;1;3.22;72;0;50;20;0;57;5;0.41;1.0;1.0;0;0;183;0;20;2.88;0.6;1.65;2.6;345;128;14.47;15.21;1.051;0;1;0;0;0;1;0;0;0;1;0;303;;163;70;0;83
205.54;871;20;20;1;2.88;73;0;50;20;0;55;4;0.38;1.0;1.0;0;0;183;0;20;2.5;0.6;1.52;2.1;345;128;14.7;15.21;1.035;0;1;0;0;0;1;0;0;0;1;0;287;;163;70;0;82
205.94;884;21;21;1;3.0;74;0;50;20;0;56;4;0.39;1.0;1.0;0;0;183;0;20;2.62;0.6;1.57;2.2;345;128;14.7;14.51;0.987;0;1;0;0;0;1;0;0;0;1;0;292;;161;70;0;82
206.34;871;22;22;1;3.1;74;0;50;20;0;56;4;0.39;1.0;1.0;0;0;183;0;20;2.75;0.6;1.61;2.3;345;128;14.7;14.51;0.987;0;1;0;0;0;1;0;0;0;1;0;295;;161;70;0;77
206.76;781;21;21;1;3.05;74;0;50;20;0;56;3;0.4;1.0;1.0;0;0;183;0;20;2.62;0.6;1.59;2.0;345;128;14.7;14.31;0.973;0;1;0;0;0;1;0;0;0;1;0;294;;162;71;0;82
207.15;781;21;21;1;3.05;74;0;50;20;0;56;4;0.4;1.0;1.0;0;0;183;0;20;2.62;0.6;1.59;2.0;345;128;14.7;14.31;0.973;0;1;0;0;0;1;0;0;0;1;0;293;;161;71;0;82
207.56;1114;38;38;5;4.71;75;0;39;34;0;70;9;0.52;1.0;1.0;0;0;183;0;31;4.75;2.9;2.26;4.4;345;128;14.7;14.31;0.973;0;1;0;0;0;0;0;0;0;1;0;397;;159;71;0;99
207.95;1473;37;37;5;4.56;73;0;30;40;0;66;12;0.55;1.0;1.0;0;0;183;0;40;4.62;2.9;2.19;5.6;345;128;14.7;14.31;0.973;0;1;0;0;0;0;0;0;0;1;0;369;;162;71;0;90
208.36;1319;20;20;1;2.92;74;0;36;20;0;54;6;0.38;1.0;1.0;0;0;183;0;34;2.5;0.6;1.54;3.2;345;128;14.7;14.31;0.973;0;1;0;0;0;1;0;0;0;1;0;280;;161;70;0;74
208.75;948;21;21;1;3.07;74;0;50;20;0;56;4;0.4;1.0;1.0;0;0;183;0;20;2.62;0.6;1.6;2.4;345;128;14.7;14.31;0.973;0;1;0;0;0;1;0;0;0;1;0;298;;161;70;0;83
209.17;1050;29;29;1;3.76;73;0;50;20;0;61;6;0.47;1.0;1.0;0;0;183;0;20;3.62;0.6;1.87;3.3;345;128;14.7;15.72;1.069;0;1;0;0;0;1;0;0;0;1;0;335;;162;71;0;86
209.56;1114;27;27;1;3.61;73;0;50;20;0;60;6;0.46;1.0;1.0;0;0;183;0;20;3.38;0.6;1.81;3.4;345;128;14.7;15.72;1.069;0;1;0;0;0;1;0;0;0;1;0;320;;162;70;0;85
209.95;1037;22;22;1;3.17;74;0;50;20;0;56;5;0.41;1.0;1.0;0;0;183;0;20;2.75;0.6;1.64;2.7;345;128;14.7;14.61;0.994;0;1;0;0;0;1;0;0;0;1;0;297;;160;72;0;82
210.38;935;22;22;1;3.12;74;0;50;20;0;56;4;0.4;1.0;1.0;0;0;183;0;20;2.75;0.6;1.62;2.4;345;128;14.7;14.61;0.994;0;1;0;0;0;1;0;0;0;1;0;298;;161;70;0;83
210.57;896;23;23;1;3.23;75;0;50;20;0;57;4;0.4;1.0;1.0;0;0;183;0;20;2.88;0.6;1.67;2.4;345;128;14.47;14.61;1.01;0;1;0;0;0;1;0;0;0;1;0;303;;159;70;0;83
210.97;935;21;21;1;3.07;74;0;50;20;0;56;4;0.4;1.0;1.0;0;0;183;0;20;2.62;0.6;1.6;2.4;345;128;14.7;14.71;1.001;0;1;0;0;0;1;0;0;0;1;0;299;;160;71;0;83
211.36;1101;35;35;3;4.37;74;0;37;32;0;66;8;0.52;1.0;1.0;0;0;183;0;33;4.38;1.7;2.12;4.0;345;128;14.7;14.71;1.001;0;1;0;0;0;0;0;0;0;1;0;370;;160;71;0;90
211.78;1370;33;33;3;4.16;73;0;32;39;0;63;10;0.53;1.0;1.0;0;0;183;0;38;4.12;1.7;2.03;4.7;345;128;14.7;13.41;0.912;0;1;0;0;0;0;0;0;0;1;0;345;;162;70;0;88
212.18;1281;31;31;3;3.98;73;0;31;39;0;61;9;0.5;1.0;1.0;0;0;183;0;39;3.88;1.7;1.96;4.2;345;128;14.7;13.41;0.912;0;1;0;0;0;0;0;0;0;1;0;335;;162;70;0;86
212.58;1370;30;30;3;3.91;73;0;31;39;0;61;9;0.5;1.0;1.0;0;0;183;0;39;3.75;1.7;1.93;4.5;345;128;14.7;13.41;0.912;0;1;0;0;0;0;0;0;0;1;0;335;;162;69;0;86
212.97;1268;24;24;2;3.31;73;0;31;36;0;57;6;0.44;1.0;1.0;0;0;183;0;39;3.0;1.2;1.69;3.5;345;128;14.7;13.41;0.912;0;1;0;0;0;0;0;0;0;1;0;306;;162;69;0;84
213.38;1165;23;23;1;3.26;73;0;41;20;0;57;6;0.43;1.0;1.0;0;0;183;0;29;2.88;0.6;1.67;3.2;345;128;14.7;13.41;0.912;0;1;0;0;0;1;0;0;0;1;0;301;;162;69;0;83
213.78;999;22;22;1;3.17;74;0;50;20;0;57;5;0.41;1.0;1.0;0;0;183;0;20;2.75;0.6;1.64;2.6;345;128;14.7;13.41;0.912;0;1;0;0;0;1;0;0;0;1;0;300;;161;70;0;83
214.17;1012;24;24;1;3.35;74;0;50;20;0;58;5;0.42;1.0;1.0;0;0;183;0;20;3.0;0.6;1.71;2.8;345;128;14.47;14.51;1.003;0;1;0;0;0;1;0;0;0;1;0;312;;160;69;0;84
214.58;973;23;23;1;3.23;73;0;50;20;0;57;5;0.41;1.0;1.0;0;0;184;0;20;2.88;0.6;1.66;2.6;345;128;14.47;14.51;1.003;0;1;0;0;0;1;0;0;0;1;0;302;;162;69;0;83
215.0;973;23;23;1;3.25;74;0;50;20;0;57;5;0.41;1.0;1.0;0;0;184;0;20;2.88;0.6;1.67;2.6;345;128;14.47;15.11;1.044;0;1;0;0;0;1;0;0;0;1;0;303;;161;69;0;83
215.38;1140;36;36;4;4.51;75;0;36;33;0;68;9;0.53;1.0;1.0;0;0;184;0;34;4.5;2.3;2.18;4.3;345;128;14.7;15.11;1.028;0;1;0;0;0;0;0;0;0;1;0;383;;159;69;0;85
215.78;1422;34;34;4;4.28;73;0;30;40;0;63;10;0.53;1.0;1.0;0;0;184;0;40;4.25;2.3;2.08;5.1;345;128;14.7;15.11;1.028;0;1;0;0;0;0;0;0;0;1;0;349;;162;69;0;82
216.19;1281;24;24;3;3.27;74;0;32;38;0;56;6;0.42;1.0;1.0;0;0;184;0;38;3.0;1.7;1.68;3.5;345;128;14.7;13.51;0.919;0;1;0;0;0;0;0;0;0;1;0;299;;161;69;0;83
216.6;1165;26;26;3;3.53;73;0;36;34;0;59;6;0.45;1.0;1.0;0;0;184;0;34;3.25;1.7;1.78;3.4;345;128;14.7;13.51;0.919;0;1;0;0;0;0;0;0;0;1;0;316;;162;69;0;85
216.79;1217;30;30;3;3.9;74;0;33;38;0;61;8;0.49;1.0;1.0;0;0;183;0;37;3.75;1.7;1.93;4.0;345;128;14.7;14.51;0.987;0;1;0;0;0;0;0;0;0;1;0;330;;161;71;0;85
217.2;1332;34;34;4;4.23;73;0;33;37;0;63;10;0.53;1.0;1.0;0;0;183;0;37;4.25;2.3;2.06;4.7;345;128;14.7;14.51;0.987;0;1;0;0;0;0;0;0;0;1;0;349;;162;71;0;89
217.6;1306;29;29;4;3.81;73;0;31;40;0;60;8;0.48;1.0;1.0;0;0;183;0;39;3.62;2.3;1.89;4.1;345;128;14.7;14.51;0.987;0;1;0;0;0;0;0;0;0;1;0;324;;162;71;0;84
218.0;1178;25;25;3;3.42;74;0;30;40;0;58;6;0.45;1.0;1.0;0;0;183;0;40;3.12;1.7;1.74;3.4;345;128;14.7;14.01;0.953;0;1;0;0;0;0;0;0;0;1;0;315;;161;70;0;84
218.41;1217;27;27;3;3.61;75;0;32;36;0;59;7;0.46;1.0;1.0;0;0;184;0;38;3.38;1.7;1.82;3.7;345;128;14.7;14.01;0.953;0;1;0;0;0;0;0;0;0;1;0;319;;159;68;0;85
218.81;1229;31;31;4;4.01;73;0;32;38;0;62;8;0.52;1.0;1.0;0;0;184;0;38;3.88;2.3;1.97;4.1;345;128;14.7;14.91;1.014;0;1;0;0;0;0;0;0;0;1;0;341;;162;69;0;86
219.21;1383;36;36;5;4.46;73;0;30;40;0;65;11;0.55;1.0;1.0;0;0;184;0;40;4.5;2.9;2.15;5.1;345;128;14.7;14.91;1.014;0;1;0;0;0;0;0;0;0;1;0;361;;162;70;0;89
219.6;1422;35;35;5;4.36;73;0;28;40;0;64;11;0.55;1.0;1.0;0;0;183;0;42;4.38;2.9;2.11;5.2;345;128;14.7;14.91;1.014;0;1;0;0;0;0;0;0;0;1;0;352;;162;71;0;89
220.02;1370;35;35;5;4.36;73;0;31;38;0;64;11;0.55;1.0;1.0;0;0;183;0;39;4.38;2.9;2.11;5.0;345;128;14.7;13.31;0.905;0;1;0;0;0;0;0;0;0;1;0;356;;161;69;0;89
220.41;1396;28;28;1;3.77;74;0;34;20;0;59;9;0.48;1.0;1.0;0;0;183;0;36;3.5;0.6;1.88;4.4;345;128;14.7;13.31;0.905;0;1;0;0;0;1;0;0;0;1;0;319;;161;71;0;77
220.83;1101;20;20;1;2.95;74;0;50;20;0;55;5;0.39;1.0;1.0;0;0;184;0;20;2.5;0.6;1.55;2.7;345;128;14.7;13.61;0.926;0;1;0;0;0;1;0;0;0;1;0;291;;160;68;0;82
221.21;986;26;26;1;3.55;74;0;50;20;0;60;6;0.45;1.0;1.0;0;0;184;0;20;3.25;0.6;1.79;2.9;345;128;14.47;13.61;0.941;0;1;0;0;0;1;0;0;0;1;0;320;;161;68;0;85
221.61;1063;25;25;1;3.41;73;0;50;20;0;58;6;0.43;1.0;1.0;0;0;184;0;20;3.12;0.6;1.73;3.0;345;128;14.7;13.61;0.926;0;1;0;0;0;1;0;0;0;1;0;312;;162;69;0;84
222.01;973;22;22;1;3.08;73;0;50;20;0;56;5;0.4;1.0;1.0;0;0;184;0;20;2.75;0.6;1.6;2.5;345;128;14.7;14.11;0.96;0;1;0;0;0;1;0;0;0;1;0;295;;162;68;0;82
222.42;1050;33;33;5;4.2;74;0;38;31;0;65;7;0.52;1.0;1.0;0;0;184;0;32;4.12;2.9;2.05;3.7;345;128;14.7;14.11;0.96;0;1;0;0;0;0;0;0;0;1;0;363;;160;68;0;90
222.63;1537;39;39;6;4.81;73;0;29;39;0;68;13;0.56;1.0;1.0;0;0;184;0;41;4.88;3.5;2.29;6.2;345;128;14.7;14.11;0.96;0;1;0;0;0;0;0;0;0;1;0;385;;162;68;0;91
223.03;1498;35;35;6;4.42;74;0;30;40;0;64;12;0.55;1.0;1.0;0;0;184;0;40;4.38;3.5;2.14;5.5;345;128;14.7;14.61;0.994;0;1;0;0;0;0;0;0;0;1;0;356;;161;68;0;89
223.43;1434;36;36;6;4.5;74;0;31;41;0;65;12;0.55;1.0;1.0;0;0;184;0;39;4.5;3.5;2.17;5.4;345;128;14.7;14.61;0.994;0;1;0;0;0;0;0;0;0;1;0;360;;161;68;0;89
223.84;1447;35;35;6;4.42;74;0;29;40;0;65;11;0.55;1.0;1.0;0;0;184;0;41;4.38;3.5;2.14;5.3;345;128;14.7;14.31;0.973;0;1;0;0;0;0;0;0;0;1;0;364;;161;68;0;89
224.23;1447;35;35;6;4.41;73;0;29;41;0;65;12;0.55;1.0;1.0;0;0;184;0;41;4.38;3.5;2.13;5.3;345;128;14.7;14.31;0.973;0;1;0;0;0;0;0;0;0;1;0;367;;162;68;0;90
224.63;1498;35;35;6;4.37;74;0;31;40;0;64;11;0.55;1.0;1.0;0;0;184;0;39;4.38;3.5;2.12;5.5;345;128;14.7;14.31;0.973;0;1;0;0;0;0;0;0;0;1;0;356;;161;68;0;89
225.03;1281;28;28;3;3.77;74;0;30;42;0;59;8;0.47;1.0;1.0;0;0;184;0;40;3.5;1.7;1.88;4.0;345;128;14.7;13.31;0.905;0;1;0;0;0;0;0;0;0;1;0;317;;161;68;0;85
225.43;1178;26;26;3;3.51;73;0;31;38;0;58;7;0.45;1.0;1.0;0;0;184;0;39;3.25;1.7;1.77;3.4;345;128;14.7;13.31;0.905;0;1;0;0;0;0;0;0;0;1;0;312;;162;69;0;77
225.83;1140;26;26;3;3.52;74;0;34;38;0;59;7;0.45;1.0;1.0;0;0;184;0;36;3.25;1.7;1.78;3.3;345;128;14.7;13.61;0.926;0;1;0;0;0;0;0;0;0;1;0;316;;161;69;0;85
226.23;1229;28;28;3;3.72;74;0;31;37;0;60;7;0.48;1.0;1.0;0;0;184;0;39;3.5;1.7;1.86;3.8;345;128;14.7;13.61;0.926;0;1;0;0;0;0;0;0;0;1;0;323;;161;68;0;85
226.63;1229;34;34;4;4.31;73;0;32;38;0;63;9;0.53;1.0;1.0;0;0;184;0;38;4.25;2.3;2.09;4.4;345;128;14.7;13.61;0.926;0;1;0;0;0;0;0;0;0;1;0;350;;162;68;0;88
227.04;1447;33;33;4;4.22;74;0;30;39;0;63;10;0.53;1.0;1.0;0;0;184;0;40;4.12;2.3;2.06;5.1;345;128;14.7;13.41;0.912;0;1;0;0;0;0;0;0;0;1;0;347;;161;68;0;86
227.44;1370;29;29;3;3.76;73;0;30;40;0;60;8;0.48;1.0;1.0;0;0;184;0;40;3.62;1.7;1.87;4.3;345;128;14.7;13.41;0.912;0;1;0;0;0;0;0;0;0;1;0;325;;162;69;0;78
227.84;1217;27;27;3;3.58;73;0;31;38;0;60;7;0.48;1.0;1.0;0;0;184;0;39;3.38;1.7;1.8;3.6;345;128;14.7;13.91;0.946;0;1;0;0;0;0;0;0;0;1;0;320;;162;70;0;85
228.25;1114;22;22;1;3.06;73;0;47;20;0;56;5;0.41;1.0;1.0;0;0;184;0;23;2.75;0.6;1.59;2.8;345;128;14.7;13.91;0.946;0;1;0;0;0;1;0;0;0;1;0;297;;162;70;0;83
228.65;1012;23;23;1;3.18;73;0;50;20;0;57;5;0.41;1.0;1.0;0;0;184;0;20;2.88;0.6;1.64;2.7;345;128;14.47;13.91;0.961;0;1;0;0;0;1;0;0;0;1;0;306;;162;70;0;84
228.86;999;24;24;1;3.31;73;0;50;20;0;57;5;0.41;1.0;1.0;0;0;184;0;20;3.0;0.6;1.69;2.8;345;128;14.47;14.61;1.01;0;1;0;0;0;1;0;0;0;1;0;307;;162;70;0;84
229.26;973;22;22;1;3.16;73;0;50;20;0;57;5;0.41;1.0;1.0;0;0;184;0;20;2.75;0.6;1.63;2.6;345;128;14.7;14.61;0.994;0;1;0;0;0;1;0;0;0;1;0;305;;162;70;0;82
229.66;1012;23;23;1;3.25;74;0;50;20;0;57;5;0.41;1.0;1.0;0;0;184;0;20;2.88;0.6;1.67;2.7;345;128;14.47;14.61;1.01;0;1;0;0;0;1;0;0;0;1;0;302;;161;70;0;83
230.07;973;23;23;1;3.28;73;0;50;20;0;57;5;0.41;1.0;1.0;0;0;184;0;20;2.88;0.6;1.68;2.7;345;128;14.47;14.21;0.982;0;1;0;0;0;1;0;0;0;1;0;301;;162;70;0;83
230.47;948;23;23;1;3.25;74;0;50;20;0;57;5;0.41;1.0;1.0;0;0;183;0;20;2.88;0.6;1.67;2.6;345;128;14.47;14.21;0.982;0;1;0;0;0;1;0;0;0;1;0;300;;160;70;0;84
230.87;884;21;21;1;3.02;74;0;50;20;0;56;4;0.39;1.0;1.0;0;0;183;0;20;2.62;0.6;1.58;2.2;345;128;14.7;14.31;0.973;0;1;0;0;0;1;0;0;0;1;0;299;;161;69;0;83
231.27;845;22;22;1;3.12;74;0;50;20;0;56;4;0.39;1.0;1.0;0;0;183;0;20;2.75;0.6;1.62;2.2;345;128;14.7;14.31;0.973;0;1;0;0;0;1;0;0;0;1;0;297;;160;70;0;83
231.67;1037;21;21;1;3.03;73;0;50;20;0;55;4;0.38;1.0;1.0;0;0;183;0;20;2.62;0.6;1.58;2.6;345;128;14.7;14.31;0.973;0;1;0;0;0;1;0;0;0;1;0;284;;162;70;0;75
232.06;1114;21;21;1;2.98;73;0;50;20;0;55;5;0.39;1.0;1.0;0;0;183;0;20;2.62;0.6;1.56;2.8;345;128;14.7;14.11;0.96;0;1;0;0;0;1;0;0;0;1;0;284;;162;71;0;82
232.46;1153;22;22;2;3.15;74;0;50;20;0;56;6;0.41;1.0;1.0;0;0;183;0;20;2.75;1.2;1.63;3.0;345;128;14.7;14.11;0.96;0;1;0;0;0;1;0;0;0;1;0;295;;160;70;0;82
232.86;1422;26;26;3;3.52;74;0;30;40;0;58;8;0.46;1.0;1.0;0;0;183;0;40;3.25;1.7;1.78;4.2;345;128;14.7;15.21;1.035;0;1;0;0;0;0;0;0;0;1;0;314;;161;70;0;84
233.26;1447;27;27;3;3.55;72;0;29;41;0;58;8;0.46;1.0;1.0;0;0;183;0;41;3.38;1.7;1.78;4.3;345;128;14.7;15.21;1.035;0;1;0;0;0;0;0;0;0;1;0;312;;163;70;0;41
233.68;1473;22;22;3;3.13;73;0;32;38;0;55;7;0.41;1.0;1.0;0;0;183;0;38;2.75;1.7;1.62;3.8;345;128;14.7;15.21;1.035;0;1;0;0;0;0;0;0;0;1;0;288;;162;69;0;82
234.08;1473;25;25;3;3.38;73;0;30;39;0;57;8;0.45;1.0;1.0;0;0;183;0;40;3.12;1.7;1.72;4.1;345;128;14.7;15.21;1.035;0;1;0;0;0;0;0;0;0;1;0;304;;162;70;0;84
234.47;1434;25;25;3;3.42;72;0;29;41;0;57;8;0.45;1.0;1.0;0;0;183;0;41;3.12;1.7;1.73;4.1;345;128;14.7;15.21;1.035;0;1;0;0;0;0;0;0;0;1;0;301;;163;69;0;78
234.89;1486;31;31;5;4.02;74;0;27;43;0;61;10;0.51;1.0;1.0;0;0;183;0;43;3.88;2.9;1.98;5.0;345;128;14.7;14.61;0.994;0;1;0;0;0;0;0;0;0;1;0;332;;161;69;0;86
235.08;1588;28;28;5;3.73;73;0;26;43;0;59;10;0.48;1.0;1.0;0;0;183;0;44;3.5;2.9;1.86;4.9;345;128;14.7;14.61;0.994;0;1;0;0;0;0;0;0;0;1;0;316;;163;69;0;85
235.5;1562;25;25;5;3.38;73;0;29;41;0;56;9;0.45;1.0;1.0;0;0;184;0;41;3.12;2.9;1.72;4.4;345;128;14.7;14.61;0.994;0;1;0;0;0;0;0;0;0;1;0;299;;162;69;0;83
235.89;1639;26;26;5;3.47;74;0;30;43;0;56;9;0.45;1.0;1.0;0;0;184;0;40;3.25;2.9;1.76;4.7;345;128;14.7;14.21;0.967;0;1;0;0;0;0;0;0;0;1;0;297;;161;69;0;83
236.29;1614;25;25;5;3.45;74;0;29;41;0;57;9;0.45;1.0;1.0;0;0;184;0;41;3.12;2.9;1.75;4.6;345;128;14.7;14.21;0.967;0;1;0;0;0;0;0;0;0;1;0;300;;161;68;0;83
236.69;1396;30;30;5;3.92;74;0;30;40;0;61;9;0.5;1.0;1.0;0;0;184;0;40;3.75;2.9;1.94;4.6;345;128;14.7;14.21;0.967;0;1;0;0;0;0;0;0;0;1;0;335;;161;69;0;86
237.1;1396;34;34;5;4.27;74;0;31;40;0;63;10;0.53;1.0;1.0;0;0;184;0;39;4.25;2.9;2.08;5.0;345;128;14.7;14.21;0.967;0;1;0;0;0;0;0;0;0;1;0;348;;161;68;0;88
237.5;1434;35;35;5;4.37;74;0;30;39;0;64;11;0.55;1.0;1.0;0;0;184;0;40;4.38;2.9;2.12;5.2;345;128;14.7;14.21;0.967;0;1;0;0;0;0;0;0;0;1;0;353;;161;69;0;86
237.9;1319;24;24;2;3.31;73;0;32;38;0;57;7;0.44;1.0;1.0;0;0;184;0;38;3.0;1.2;1.69;3.6;345;128;14.7;13.71;0.933;0;1;0;0;0;0;0;0;0;1;0;303;;162;68;0;83
238.31;1153;25;25;2;3.38;73;0;32;38;0;57;6;0.43;1.0;1.0;0;0;184;0;38;3.12;1.2;1.72;3.2;345;128;14.7;13.71;0.933;0;1;0;0;0;0;0;0;0;1;0;304;;162;68;0;84
238.71;1204;25;25;2;3.41;73;0;35;39;0;58;6;0.45;1.0;1.0;0;0;184;0;35;3.12;1.2;1.73;3.4;345;128;14.7;13.71;0.933;0;1;0;0;0;0;0;0;0;1;0;308;;162;70;0;84
239.1;1229;25;25;2;3.43;73;0;30;35;0;58;7;0.45;1.0;1.0;0;0;183;0;40;3.12;1.2;1.74;3.5;345;128;14.7;14.31;0.973;0;1;0;0;0;0;0;0;0;1;0;311;;162;70;0;84
239.51;1165;25;25;2;3.41;73;0;32;38;0;58;6;0.44;1.0;1.0;0;0;183;0;38;3.12;1.2;1.73;3.3;345;128;14.7;14.31;0.973;0;1;0;0;0;0;0;0;0;1;0;308;;162;69;0;84
239.9;1178;23;23;1;3.22;74;0;35;20;0;56;6;0.41;1.0;1.0;0;0;183;0;35;2.88;0.6;1.66;3.2;345;128;14.7;14.21;0.967;0;1;0;0;0;1;0;0;0;1;0;296;;160;69;0;90
240.3;1012;20;20;1;2.96;73;0;50;20;0;55;5;0.38;1.0;1.0;0;0;183;0;20;2.5;0.6;1.55;2.5;345;128;14.7;14.21;0.967;0;1;0;0;0;1;0;0;0;1;0;288;;162;70;0;82
240.72;999;23;23;1;3.23;73;0;50;20;0;57;5;0.41;1.0;1.0;0;0;183;0;20;2.88;0.6;1.66;2.7;345;128;14.47;14.21;0.982;0;1;0;0;0;1;0;0;0;1;0;300;;162;70;0;77
240.91;1050;23;23;1;3.22;74;0;50;20;0;56;5;0.41;1.0;1.0;0;0;183;0;20;2.88;0.6;1.66;2.8;345;128;14.7;14.21;0.967;0;1;0;0;0;1;0;0;0;1;0;299;;162;70;0;82
241.32;1012;24;24;1;3.27;72;0;50;20;0;58;5;0.42;1.0;1.0;0;0;183;0;20;3.0;0.6;1.67;2.8;345;128;14.47;14.21;0.982;0;1;0;0;0;1;0;0;0;1;0;311;;162;69;0;84
241.72;1319;38;38;5;4.62;72;0;34;37;0;68;11;0.55;1.0;1.0;0;0;183;0;36;4.75;2.9;2.21;5.1;345;128;14.7;14.21;0.967;0;1;0;0;0;0;0;0;0;1;0;380;;162;69;0;90
242.12;1434;36;36;5;4.47;72;0;29;41;0;64;11;0.55;1.0;1.0;0;0;183;0;41;4.5;2.9;2.15;5.3;345;128;14.7;13.61;0.926;0;1;0;0;0;0;0;0;0;1;0;358;;163;69;0;89
242.52;1486;36;36;5;4.47;74;0;29;39;0;65;11;0.55;1.0;1.0;0;0;183;0;41;4.5;2.9;2.16;5.5;345;128;14.7;13.61;0.926;0;1;0;0;0;0;0;0;0;1;0;360;;161;69;0;89
242.92;1473;35;35;5;4.33;73;0;31;39;0;64;11;0.55;1.0;1.0;0;0;183;0;39;4.38;2.9;2.1;5.3;345;128;14.7;13.71;0.933;0;1;0;0;0;0;0;0;0;1;0;354;;162;69;0;89
243.32;1383;24;24;3;3.3;74;0;30;38;0;56;7;0.43;1.0;1.0;0;0;183;0;40;3.0;1.7;1.69;3.8;345;128;14.7;13.71;0.933;0;1;0;0;0;0;0;0;0;1;0;299;;161;70;0;83
243.72;1268;25;25;3;3.41;73;0;32;36;0;58;7;0.45;1.0;1.0;0;0;183;0;38;3.12;1.7;1.73;3.6;345;128;14.7;13.71;0.933;0;1;0;0;0;0;0;0;0;1;0;308;;162;70;0;84
244.11;1217;25;25;3;3.37;74;0;33;38;0;58;6;0.45;1.0;1.0;0;0;183;0;37;3.12;1.7;1.72;3.4;345;128;14.7;14.41;0.98;0;1;0;0;0;0;0;0;0;1;0;310;;161;70;0;84
244.53;1204;26;26;3;3.46;73;0;31;39;0;58;7;0.45;1.0;1.0;0;0;183;0;39;3.25;1.7;1.75;3.5;345;128;14.7;14.41;0.98;0;1;0;0;0;0;0;0;0;1;0;311;;162;70;0;84
244.92;1217;27;27;3;3.63;73;0;31;40;0;59;7;0.46;1.0;1.0;0;0;183;0;39;3.38;1.7;1.82;3.7;345;128;14.7;14.21;0.967;0;1;0;0;0;0;0;0;0;1;0;317;;162;69;0;85
245.33;1268;30;30;3;3.93;73;0;32;40;0;61;9;0.5;1.0;1.0;0;0;183;0;38;3.75;1.7;1.94;4.2;345;128;14.7;14.21;0.967;0;1;0;0;0;0;0;0;0;1;0;332;;162;70;0;82
245.72;1268;20;20;1;2.9;74;0;38;20;0;54;5;0.38;1.0;1.0;0;0;183;0;32;2.5;0.6;1.53;3.1;345;128;14.7;14.21;0.967;0;1;0;0;0;1;0;0;0;1;0;281;;161;69;0;82
246.14;999;19;19;1;2.82;74;0;50;20;0;54;4;0.37;1.0;1.0;0;0;183;0;20;2.38;0.6;1.5;2.3;345;128;14.7;13.91;0.946;0;1;0;0;0;1;0;0;0;1;0;282;;161;70;0;82
246.54;1012;22;22;1;3.12;72;0;50;20;0;56;5;0.4;1.0;1.0;0;0;183;0;20;2.75;0.6;1.61;2.6;345;128;14.7;13.91;0.946;0;1;0;0;0;1;0;0;0;1;0;296;;163;70;0;83
246.93;1050;22;22;1;3.17;74;0;50;20;0;56;5;0.41;1.0;1.0;0;0;184;0;20;2.75;0.6;1.64;2.8;345;128;14.7;14.01;0.953;0;1;0;0;0;1;0;0;0;1;0;292;;161;68;0;82
247.34;1037;22;22;1;3.13;73;0;50;20;0;56;5;0.41;1.0;1.0;0;0;184;0;20;2.75;0.6;1.62;2.7;345;128;14.7;14.01;0.953;0;1;0;0;0;1;0;0;0;1;0;297;;162;69;0;82
247.54;948;20;20;1;2.97;74;0;50;20;0;55;4;0.38;1.0;1.0;0;0;184;0;20;2.5;0.6;1.56;2.3;345;128;14.7;14.01;0.953;0;1;0;0;0;1;0;0;0;1;0;289;;160;70;0;82
247.95;922;20;20;1;2.91;73;0;50;20;0;55;4;0.38;1.0;1.0;0;0;184;0;20;2.5;0.6;1.53;2.2;345;128;14.7;14.51;0.987;0;1;0;0;0;1;0;0;0;1;0;288;;162;70;0;82
248.35;871;19;19;1;2.77;74;0;50;20;0;54;3;0.36;1.0;1.0;0;0;184;0;20;2.38;0.6;1.48;2.0;345;128;14.7;14.51;0.987;0;1;0;0;0;1;0;0;0;1;0;282;;161;69;0;82
248.76;973;20;20;1;2.9;74;0;50;20;0;54;4;0.37;1.0;1.0;0;0;184;0;20;2.5;0.6;1.53;2.4;345;128;14.7;14.51;0.987;0;1;0;0;0;1;0;0;0;1;0;281;;161;69;0;82
249.16;1063;22;22;1;3.06;73;0;50;20;0;56;5;0.41;1.0;1.0;0;0;184;0;20;2.75;0.6;1.59;2.7;345;128;14.7;14.71;1.001;0;1;0;0;0;1;0;0;0;1;0;293;;162;70;0;41
249.55;1178;26;26;2;3.52;72;0;50;20;0;58;6;0.45;1.0;1.0;0;0;184;0;20;3.25;1.2;1.77;3.5;345;128;14.7;14.71;1.001;0;1;0;0;0;1;0;0;0;1;0;308;;163;70;0;91
249.96;1345;25;25;3;3.42;74;0;32;40;0;57;7;0.44;1.0;1.0;0;0;184;0;38;3.12;1.7;1.74;3.8;345;128;14.7;13.61;0.926;0;1;0;0;0;0;0;0;0;1;0;300;;161;69;0;77
250.35;1345;29;29;3;3.8;72;0;30;40;0;60;9;0.48;1.0;1.0;0;0;183;0;40;3.62;1.7;1.88;4.3;345;128;14.7;13.61;0.926;0;1;0;0;0;0;0;0;0;1;0;321;;163;69;0;85
250.76;1473;24;24;3;3.26;73;0;30;40;0;56;7;0.44;1.0;1.0;0;0;183;0;40;3.0;1.7;1.67;4.0;345;128;14.7;13.61;0.926;0;1;0;0;0;0;0;0;0;1;0;295;;162;69;0;82
251.16;1434;22;22;3;3.08;73;0;34;37;0;55;6;0.41;1.0;1.0;0;0;183;0;36;2.75;1.7;1.6;3.7;345;128;14.7;14.31;0.973;0;1;0;0;0;0;0;0;0;1;0;284;;162;69;0;82
251.56;1434;22;22;3;3.07;72;0;33;37;0;55;6;0.41;1.0;1.0;0;0;184;0;37;2.75;1.7;1.59;3.7;345;128;14.7;14.31;0.973;0;1;0;0;0;0;0;0;0;1;0;288;;163;69;0;40
251.96;1332;22;22;3;3.07;72;0;33;38;0;55;6;0.41;1.0;1.0;0;0;184;0;37;2.75;1.7;1.59;3.4;345;128;14.7;15.52;1.056;0;1;0;0;0;0;0;0;0;1;0;287;;163;68;0;75
252.36;1511;36;36;6;4.46;71;0;29;41;0;65;12;0.55;1.0;1.0;0;0;184;0;41;4.5;3.5;2.14;5.6;345;128;14.7;15.52;1.056;0;1;0;0;0;0;0;0;0;1;0;367;;164;68;0;89
252.77;1716;40;40;13;4.82;72;0;29;41;0;70;15;0.57;1.0;1.0;0;0;184;0;41;5.0;7.6;2.29;6.9;345;128;14.7;15.52;1.056;0;1;0;0;0;0;0;0;0;1;0;399;;163;68;0;98
253.17;1985;42;42;14;5.02;72;0;25;45;0;73;18;0.56;1.0;1.0;0;0;184;0;45;5.25;8.1;2.37;8.3;345;128;14.82;15.72;1.061;0;1;0;0;0;0;0;0;0;1;0;427;;163;70;0;42
253.36;1921;38;38;14;4.66;73;0;22;48;0;70;17;0.55;1.0;1.0;0;0;184;0;48;4.75;8.1;2.23;7.5;345;128;14.82;15.72;1.061;0;1;0;0;0;0;0;0;0;1;0;400;;163;69;0;86
253.77;1883;35;35;13;4.35;74;0;23;46;0;66;15;0.54;1.0;1.0;0;0;183;0;47;4.38;7.6;2.11;6.8;345;128;14.82;15.72;1.061;0;1;0;0;0;0;0;0;0;1;0;373;;161;70;0;90
254.16;2331;77;77;42;9.12;76;0;45;25;0;99;39;0.76;1.0;1.0;0;0;184;0;25;9.62;24.4;4.03;17.7;345;128;13.54;14.41;1.064;0;1;0;0;0;0;0;0;0;1;0;622;;158;69;0;150
254.58;2446;66;66;36;7.41;77;0;37;34;0;96;37;0.7;1.0;1.0;0;0;184;0;33;8.25;20.9;3.35;15.1;345;128;14.82;14.41;0.972;0;1;0;0;0;0;0;0;0;1;0;592;;156;68;0;150
254.97;1652;16;16;1;2.53;75;0;32;20;0;50;6;0.34;1.0;1.0;0;0;184;0;38;2.0;0.6;1.39;3.5;345;128;14.7;10.61;0.722;0;1;0;0;0;1;0;0;0;1;0;251;;159;68;0;72
255.37;1114;16;16;1;2.57;76;0;57;20;0;52;4;0.34;1.0;1.0;0;0;184;0;13;2.0;0.6;1.41;2.4;345;128;14.7;10.61;0.722;0;1;0;0;0;1;0;0;0;1;0;261;;157;68;0;77
255.79;986;19;19;1;2.77;74;0;50;20;0;54;4;0.37;1.0;1.0;0;0;184;0;20;2.38;0.6;1.48;2.3;345;128;14.7;10.61;0.722;0;1;0;0;0;1;0;0;0;1;0;277;;160;68;0;40
256.19;1050;26;26;1;3.6;76;0;50;20;0;59;6;0.44;1.0;1.0;0;0;184;0;20;3.25;0.6;1.82;3.1;345;128;14.7;14.81;1.007;0;1;0;0;0;1;0;0;0;1;0;317;;158;68;0;84
256.57;1178;26;26;1;3.55;74;0;50;20;0;58;7;0.45;1.0;1.0;0;0;184;0;20;3.25;0.6;1.79;3.5;345;128;14.7;14.81;1.007;0;1;0;0;0;1;0;0;0;1;0;315;;160;68;0;84
256.99;1101;22;22;1;3.1;74;0;50;20;0;56;5;0.41;1.0;1.0;0;0;184;0;20;2.75;0.6;1.61;2.8;345;128;14.7;14.01;0.953;0;1;0;0;0;1;0;0;0;1;0;296;;160;68;0;83
257.38;1089;23;23;1;3.22;74;0;50;20;0;57;5;0.42;1.0;1.0;0;0;184;0;20;2.88;0.6;1.66;2.9;345;128;14.7;14.01;0.953;0;1;0;0;0;1;0;0;0;1;0;301;;161;69;0;83
257.78;1012;24;24;1;3.36;73;0;50;20;0;59;5;0.44;1.0;1.0;0;0;184;0;20;3.0;0.6;1.71;2.8;345;128;14.47;14.01;0.968;0;1;0;0;0;1;0;0;0;1;0;316;;162;69;0;85
258.2;1153;25;25;1;3.45;74;0;50;20;0;58;6;0.44;1.0;1.0;0;0;184;0;20;3.12;0.6;1.75;3.3;345;128;14.7;14.61;0.994;0;1;0;0;0;1;0;0;0;1;0;313;;161;69;0;40
258.59;1089;24;24;1;3.28;73;0;50;20;0;57;5;0.42;1.0;1.0;0;0;184;0;20;3.0;0.6;1.68;3.0;345;128;14.7;14.61;0.994;0;1;0;0;0;1;0;0;0;1;0;301;;162;69;0;83
259.0;1050;30;30;4;3.95;74;0;36;36;0;62;7;0.48;1.0;1.0;0;0;184;0;34;3.75;2.3;1.95;3.5;345;128;14.7;14.11;0.96;0;1;0;0;0;0;0;0;0;1;0;341;;161;69;0;86
259.4;1370;33;33;4;4.16;73;0;31;39;0;62;10;0.52;1.0;1.0;0;0;184;0;39;4.12;2.3;2.03;4.7;345;128;14.7;14.11;0.96;0;1;0;0;0;0;0;0;0;1;0;343;;163;68;0;86
259.59;1101;19;19;1;2.83;73;0;45;20;0;54;5;0.38;1.0;1.0;0;0;184;0;25;2.38;0.6;1.5;2.6;345;128;14.7;14.11;0.96;0;1;0;0;0;1;0;0;0;1;0;276;;162;68;0;81
260.01;986;23;23;1;3.17;72;0;50;20;0;57;5;0.41;1.0;1.0;0;0;184;0;20;2.88;0.6;1.63;2.6;345;128;14.47;14.21;0.982;0;1;0;0;0;1;0;0;0;1;0;301;;163;68;0;77
260.39;973;22;22;1;3.16;73;0;50;20;0;57;5;0.41;1.0;1.0;0;0;184;0;20;2.75;0.6;1.63;2.6;345;128;14.7;14.21;0.967;0;1;0;0;0;1;0;0;0;1;0;303;;162;69;0;83
260.81;999;22;22;1;3.15;72;0;50;20;0;56;5;0.4;1.0;1.0;0;0;184;0;20;2.75;0.6;1.62;2.6;345;128;14.7;14.21;0.967;0;1;0;0;0;1;0;0;0;1;0;296;;163;69;0;82
261.21;973;22;22;1;3.15;72;0;50;20;0;56;5;0.4;1.0;1.0;0;0;184;0;20;2.75;0.6;1.62;2.6;345;128;14.7;14.21;0.967;0;1;0;0;0;1;0;0;0;1;0;297;;163;70;0;83
261.61;935;22;22;1;3.08;73;0;50;20;0;56;4;0.4;1.0;1.0;0;0;183;0;20;2.75;0.6;1.6;2.4;345;128;14.7;14.21;0.967;0;1;0;0;0;1;0;0;0;1;0;292;;162;71;0;40
262.02;922;21;21;1;2.98;73;0;50;20;0;55;4;0.38;1.0;1.0;0;0;183;0;20;2.62;0.6;1.56;2.3;345;128;14.7;14.51;0.987;0;1;0;0;0;1;0;0;0;1;0;289;;162;71;0;82
262.42;922;22;22;1;3.07;74;0;50;20;0;56;4;0.4;1.0;1.0;0;0;183;0;20;2.75;0.6;1.6;2.4;345;128;14.7;14.51;0.987;0;1;0;0;0;1;0;0;0;1;0;294;;161;70;0;82
262.82;832;20;20;1;2.9;74;0;50;20;0;55;3;0.38;1.0;1.0;0;0;183;0;20;2.5;0.6;1.53;2.0;345;128;14.7;14.51;0.987;0;1;0;0;0;1;0;0;0;1;0;285;;161;70;0;82
263.22;807;20;20;1;2.92;74;0;50;20;0;55;3;0.38;1.0;1.0;0;0;184;0;20;2.5;0.6;1.54;2.0;345;128;14.7;14.61;0.994;0;1;0;0;0;1;0;0;0;1;0;289;;160;68;0;82
263.62;781;20;20;1;2.91;73;0;50;20;0;55;3;0.38;1.0;1.0;0;0;184;0;20;2.5;0.6;1.53;1.9;345;128;14.7;14.61;0.994;0;1;0;0;0;1;0;0;0;1;0;287;;162;68;0;82
264.01;781;20;20;1;2.91;73;0;50;20;0;55;3;0.38;1.0;1.0;0;0;184;0;20;2.5;0.6;1.53;1.9;345;128;14.7;13.71;0.933;0;1;0;0;0;1;0;0;0;1;0;285;;162;68;0;82
264.43;820;21;21;1;3.06;73;0;50;20;0;56;3;0.39;1.0;1.0;0;0;184;0;20;2.62;0.6;1.59;2.1;345;128;14.7;13.71;0.933;0;1;0;0;0;1;0;0;0;1;0;295;;162;68;0;82
264.81;768;21;21;1;3.06;73;0;50;20;0;56;3;0.4;1.0;1.0;0;0;184;0;20;2.62;0.6;1.59;2.0;345;128;14.7;13.71;0.933;0;1;0;0;0;1;0;0;0;1;0;293;;162;68;0;83
265.22;820;22;22;1;3.08;73;0;50;20;0;56;4;0.39;1.0;1.0;0;0;184;0;20;2.75;0.6;1.6;2.1;345;128;14.7;13.91;0.946;0;1;0;0;0;1;0;0;0;1;0;296;;162;68;0;82
265.63;807;21;21;1;3.06;73;0;50;20;0;56;3;0.4;1.0;1.0;0;0;184;0;20;2.62;0.6;1.59;2.1;345;128;14.7;13.91;0.946;0;1;0;0;0;1;0;0;0;1;0;295;;162;68;0;82
265.83;948;20;20;1;2.96;73;0;50;20;0;55;4;0.38;1.0;1.0;0;0;184;0;20;2.5;0.6;1.55;2.3;345;128;14.7;13.91;0.946;0;1;0;0;0;1;0;0;0;1;0;288;;162;68;0;82
266.23;999;18;18;1;2.65;72;0;50;20;0;53;4;0.34;1.0;1.0;0;0;184;0;20;2.25;0.6;1.42;2.2;345;128;14.7;13.71;0.933;0;1;0;0;0;1;0;0;0;1;0;271;;163;68;0;77
266.63;999;17;17;1;2.58;73;0;50;20;0;52;3;0.33;1.0;1.0;0;0;184;0;20;2.12;0.6;1.4;2.1;345;128;14.7;13.71;0.933;0;1;0;0;0;1;0;0;0;1;0;264;;162;68;0;77
267.02;1204;37;37;6;4.62;74;0;36;35;0;66;10;0.55;1.0;1.0;0;0;184;0;34;4.62;3.5;2.22;4.6;345;128;14.7;14.71;1.001;0;1;0;0;0;0;0;0;0;1;0;374;;160;68;0;103
267.44;1473;29;29;4;3.77;72;0;29;41;0;60;9;0.49;1.0;1.0;0;0;184;0;41;3.62;2.3;1.87;4.6;345;128;14.7;14.71;1.001;0;1;0;0;0;0;0;0;0;1;0;326;;163;68;0;85
267.85;1345;23;23;3;3.17;72;0;31;39;0;55;7;0.41;1.0;1.0;0;0;184;0;39;2.88;1.7;1.63;3.6;345;128;14.7;14.71;1.001;0;1;0;0;0;0;0;0;0;1;0;291;;163;68;0;82
268.24;1434;22;22;1;3.12;74;0;34;20;0;54;7;0.39;1.0;1.0;0;0;184;0;36;2.75;0.6;1.62;3.7;345;128;14.7;14.71;1.001;0;1;0;0;0;1;0;0;0;1;0;282;;161;68;0;82
268.64;1140;16;16;1;2.48;73;0;50;20;0;51;4;0.32;1.0;1.0;0;0;184;0;20;2.0;0.6;1.36;2.4;345;128;14.7;14.71;1.001;0;1;0;0;0;1;0;0;0;1;0;259;;162;68;0;74
269.04;1089;17;17;1;2.6;74;0;50;20;0;52;4;0.34;1.0;1.0;0;0;184;0;20;2.12;0.6;1.41;2.4;345;128;14.7;16.32;1.11;0;1;0;0;0;1;0;0;0;1;0;263;;161;68;0;77
269.44;1114;21;21;1;3.0;74;0;50;20;0;55;5;0.39;1.0;1.0;0;0;184;0;20;2.62;0.6;1.57;2.8;345;128;14.7;16.32;1.11;0;1;0;0;0;1;0;0;0;1;0;288;;163;68;0;82
269.84;1101;22;22;1;3.1;72;0;50;20;0;56;5;0.41;1.0;1.0;0;0;184;0;20;2.75;0.6;1.6;2.8;345;128;14.7;16.32;1.11;0;1;0;0;0;1;0;0;0;1;0;293;;163;68;0;81
270.25;1101;21;21;1;3.02;74;0;50;20;0;55;5;0.39;1.0;1.0;0;0;184;0;20;2.62;0.6;1.58;2.8;345;128;14.7;15.61;1.062;0;1;0;0;0;1;0;0;0;1;0;287;;161;69;0;82
270.64;1153;22;22;1;3.06;73;0;50;20;0;55;5;0.39;1.0;1.0;0;0;184;0;20;2.75;0.6;1.59;2.9;345;128;14.7;15.61;1.062;0;1;0;0;0;1;0;0;0;1;0;291;;162;69;0;82
271.06;1063;21;21;1;2.97;74;0;50;20;0;55;5;0.38;1.0;1.0;0;0;184;0;20;2.62;0.6;1.56;2.6;345;128;14.7;15.31;1.041;0;1;0;0;0;1;0;0;0;1;0;289;;161;69;0;82
271.46;1037;22;22;1;3.12;74;0;50;20;0;56;5;0.41;1.0;1.0;0;0;184;0;20;2.75;0.6;1.62;2.7;345;128;14.7;15.31;1.041;0;1;0;0;0;1;0;0;0;1;0;296;;161;69;0;83
271.85;1153;24;24;1;3.33;75;0;50;20;0;57;6;0.43;1.0;1.0;0;0;184;0;20;3.0;0.6;1.71;3.2;345;128;14.7;15.31;1.041;0;1;0;0;0;1;0;0;0;1;0;301;;159;69;0;83
272.06;1037;20;20;1;2.91;73;0;50;20;0;55;5;0.38;1.0;1.0;0;0;184;0;20;2.5;0.6;1.53;2.5;345;128;14.7;15.51;1.055;0;1;0;0;0;1;0;0;0;1;0;286;;162;69;0;82
272.46;922;15;15;1;2.42;74;0;50;20;0;50;3;0.3;1.0;1.0;0;0;184;0;20;1.88;0.6;1.34;1.9;345;128;14.7;15.51;1.055;0;1;0;0;0;1;0;0;0;1;0;251;;161;69;0;76
272.87;820;17;17;1;2.68;75;0;50;20;0;53;3;0.34;1.0;1.0;0;0;184;0;20;2.12;0.6;1.45;1.8;345;128;14.7;15.51;1.055;0;1;0;0;0;1;0;0;0;1;0;272;;159;69;0;77
273.27;973;24;24;1;3.37;74;0;50;20;0;58;5;0.42;1.0;1.0;0;0;184;0;20;3.0;0.6;1.72;2.7;345;128;14.47;14.71;1.017;0;1;0;0;0;1;0;0;0;1;0;312;;161;68;0;77
273.66;999;23;23;1;3.21;73;0;50;20;0;57;5;0.41;1.0;1.0;0;0;184;0;20;2.88;0.6;1.65;2.7;345;128;14.47;14.71;1.017;0;1;0;0;0;1;0;0;0;1;0;304;;162;68;0;83
274.06;1012;25;25;2;3.4;74;0;50;20;0;58;5;0.42;1.0;1.0;0;0;184;0;20;3.12;1.2;1.73;2.9;345;128;14.47;15.71;1.086;0;1;0;0;0;1;0;0;0;1;0;314;;161;68;0;84
274.47;1101;23;23;2;3.18;73;0;50;20;0;56;5;0.41;1.0;1.0;0;0;184;0;20;2.88;1.2;1.64;2.9;345;128;14.7;15.71;1.069;0;1;0;0;0;1;0;0;0;1;0;295;;162;68;0;82
274.86;922;18;18;2;2.67;74;0;50;20;0;53;3;0.34;1.0;1.0;0;0;184;0;20;2.25;1.2;1.44;2.1;345;128;14.7;15.71;1.069;0;1;0;0;0;1;0;0;0;1;0;273;;161;68;0;81
275.26;884;21;21;2;3.08;75;0;50;20;0;56;4;0.39;1.0;1.0;0;0;184;0;20;2.62;1.2;1.61;2.3;345;128;14.7;14.31;0.973;0;1;0;0;0;1;0;0;0;1;0;297;;159;68;0;82
275.67;1281;37;37;5;4.63;75;0;34;36;0;66;10;0.55;1.0;1.0;0;0;184;0;36;4.62;2.9;2.23;4.9;345;128;14.7;14.31;0.973;0;1;0;0;0;0;0;0;0;1;0;373;;159;68;0;90
276.08;1306;26;26;5;3.46;73;0;29;40;0;58;7;0.45;1.0;1.0;0;0;184;0;41;3.25;2.9;1.75;3.8;345;128;14.7;13.51;0.919;0;1;0;0;0;0;0;0;0;1;0;310;;162;68;0;84
276.48;1178;20;20;1;2.93;73;0;33;37;0;54;5;0.38;1.0;1.0;0;0;184;0;37;2.5;0.6;1.54;2.9;345;128;14.7;13.51;0.919;0;1;0;0;0;0;0;0;0;1;0;279;;162;69;0;82
276.88;1050;18;18;1;2.71;73;0;40;33;0;53;4;0.35;1.0;1.0;0;0;184;0;30;2.25;0.6;1.45;2.4;345;128;14.7;13.51;0.919;0;1;0;0;0;0;0;0;0;1;0;269;;162;69;0;40
277.27;1114;17;17;1;2.57;74;0;50;20;0;52;4;0.34;1.0;1.0;0;0;184;0;20;2.12;0.6;1.4;2.4;345;128;14.7;14.91;1.014;0;1;0;0;0;1;0;0;0;1;0;264;;160;68;0;77
277.68;922;18;18;1;2.67;72;0;50;20;0;53;3;0.34;1.0;1.0;0;0;184;0;20;2.25;0.6;1.43;2.1;345;128;14.7;14.91;1.014;0;1;0;0;0;1;0;0;0;1;0;269;;163;69;0;77
277.88;973;18;18;1;2.72;74;0;50;20;0;53;3;0.34;1.0;1.0;0;0;184;0;20;2.25;0.6;1.46;2.2;345;128;14.7;14.91;1.014;0;1;0;0;0;1;0;0;0;1;0;275;;160;68;0;78
278.28;871;20;20;1;2.95;72;0;50;20;0;55;4;0.38;1.0;1.0;0;0;184;0;20;2.5;0.6;1.54;2.1;345;128;14.7;15.22;1.035;0;1;0;0;0;1;0;0;0;1;0;288;;163;69;0;82
278.68;896;20;20;1;2.93;71;0;50;20;0;55;4;0.38;1.0;1.0;0;0;184;0;20;2.5;0.6;1.53;2.2;345;128;14.7;15.22;1.035;0;1;0;0;0;1;0;0;0;1;0;286;;162;68;0;82
279.09;896;24;24;3;3.33;73;0;45;25;0;59;4;0.42;1.0;1.0;0;0;184;0;25;3.0;1.7;1.7;2.5;345;128;14.47;15.31;1.058;0;1;0;0;0;0;0;0;0;1;0;316;;162;68;0;77
279.49;1281;35;35;3;4.41;73;0;33;37;0;64;9;0.55;1.0;1.0;0;0;184;0;37;4.38;1.7;2.13;4.7;345;128;14.7;15.31;1.041;0;1;0;0;0;0;0;0;0;1;0;353;;162;68;0;41
279.9;1268;25;25;3;3.38;73;0;31;39;0;57;7;0.44;1.0;1.0;0;0;184;0;39;3.12;1.7;1.72;3.6;345;128;14.7;15.31;1.041;0;1;0;0;0;0;0;0;0;1;0;305;;162;67;0;77
280.29;1153;18;18;1;2.68;73;0;39;20;0;53;4;0.35;1.0;1.0;0;0;184;0;31;2.25;0.6;1.44;2.6;345;128;14.7;13.71;0.933;0;1;0;0;0;1;0;0;0;1;0;273;;162;68;0;88
280.69;935;17;17;1;2.57;74;0;50;20;0;52;3;0.33;1.0;1.0;0;0;184;0;20;2.12;0.6;1.4;2.0;345;128;14.7;13.71;0.933;0;1;0;0;0;1;0;0;0;1;0;266;;160;68;0;77
281.1;973;19;19;1;2.77;74;0;50;20;0;54;4;0.37;1.0;1.0;0;0;184;0;20;2.38;0.6;1.48;2.2;345;128;14.7;14.71;1.001;0;1;0;0;0;1;0;0;0;1;0;276;;161;68;0;82
281.51;948;22;22;1;3.17;74;0;50;20;0;57;4;0.41;1.0;1.0;0;0;184;0;20;2.75;0.6;1.64;2.5;345;128;14.7;14.71;1.001;0;1;0;0;0;1;0;0;0;1;0;307;;159;67;0;76
281.91;1050;27;27;1;3.6;72;0;50;20;0;60;6;0.45;1.0;1.0;0;0;184;0;20;3.38;0.6;1.8;3.1;345;128;14.7;14.71;1.001;0;1;0;0;0;1;0;0;0;1;0;321;;163;67;0;85
282.31;1153;23;23;1;3.3;74;0;50;20;0;57;6;0.43;1.0;1.0;0;0;184;0;20;2.88;0.6;1.69;3.2;345;128;14.7;14.41;0.98;0;1;0;0;0;1;0;0;0;1;0;305;;160;67;0;83
282.7;1089;25;25;1;3.38;73;0;50;20;0;58;6;0.43;1.0;1.0;0;0;184;0;20;3.12;0.6;1.72;3.1;345;128;14.7;14.41;0.98;0;1;0;0;0;1;0;0;0;1;0;312;;162;68;0;84
283.12;1063;26;26;3;3.5;74;0;37;36;0;58;6;0.43;1.0;1.0;0;0;184;0;33;3.25;1.7;1.77;3.1;345;128;14.7;13.81;0.939;0;1;0;0;0;0;0;0;0;1;0;315;;160;67;0;85
283.51;1306;33;33;5;4.25;74;0;32;38;0;63;10;0.53;1.0;1.0;0;0;184;0;38;4.12;2.9;2.07;4.6;345;128;14.7;13.81;0.939;0;1;0;0;0;0;0;0;0;1;0;351;;161;67;0;89
283.73;1498;31;31;4;3.95;74;0;28;41;0;61;10;0.51;1.0;1.0;0;0;184;0;42;3.88;2.3;1.95;4.9;345;128;14.7;13.81;0.939;0;1;0;0;0;0;0;0;0;1;0;335;;160;67;0;86
284.12;1434;31;31;4;3.97;74;0;29;41;0;61;10;0.51;1.0;1.0;0;0;184;0;41;3.88;2.3;1.96;4.7;345;128;14.7;14.01;0.953;0;1;0;0;0;0;0;0;0;1;0;330;;161;67;0;81
284.52;1396;29;29;4;3.85;74;0;29;42;0;60;9;0.49;1.0;1.0;0;0;184;0;41;3.62;2.3;1.91;4.5;345;128;14.7;14.01;0.953;0;1;0;0;0;0;0;0;0;1;0;322;;161;67;0;85
284.93;1537;28;28;4;3.72;74;0;28;42;0;59;9;0.48;1.0;1.0;0;0;184;0;42;3.5;2.3;1.86;4.8;345;128;14.7;14.01;0.953;0;1;0;0;0;0;0;0;0;1;0;319;;161;67;0;85
285.33;1498;27;27;4;3.6;74;0;29;41;0;58;9;0.46;1.0;1.0;0;0;184;0;41;3.38;2.3;1.81;4.5;345;128;14.7;14.01;0.953;0;1;0;0;0;0;0;0;0;1;0;308;;161;67;0;77
285.73;1562;25;25;4;3.4;74;0;29;41;0;56;9;0.45;1.0;1.0;0;0;184;0;41;3.12;2.3;1.73;4.4;345;128;14.7;14.01;0.953;0;1;0;0;0;0;0;0;0;1;0;299;;161;67;0;83
286.13;1562;25;25;4;3.4;74;0;30;41;0;56;9;0.45;1.0;1.0;0;0;184;0;40;3.12;2.3;1.73;4.4;345;128;14.7;14.61;0.994;0;1;0;0;0;0;0;0;0;1;0;296;;161;67;0;83
286.54;1639;25;25;5;3.37;74;0;28;42;0;56;9;0.45;1.0;1.0;0;0;184;0;42;3.12;2.9;1.72;4.6;345;128;14.7;14.61;0.994;0;1;0;0;0;0;0;0;0;1;0;299;;161;67;0;83
286.93;1562;28;28;5;3.73;73;0;28;42;0;60;9;0.5;1.0;1.0;0;0;184;0;42;3.5;2.9;1.86;4.9;345;128;14.7;14.61;0.994;0;1;0;0;0;0;0;0;0;1;0;321;;162;67;0;85
287.33;1345;33;33;5;4.23;73;0;31;39;0;63;10;0.53;1.0;1.0;0;0;184;0;39;4.12;2.9;2.06;4.7;345;128;14.7;14.81;1.007;0;1;0;0;0;0;0;0;0;1;0;348;;162;67;0;88
287.73;1498;34;34;5;4.31;73;0;31;40;0;64;11;0.55;1.0;1.0;0;0;184;0;39;4.25;2.9;2.09;5.4;345;128;14.7;14.81;1.007;0;1;0;0;0;0;0;0;0;1;0;352;;162;68;0;89
288.14;1396;31;31;5;4.02;74;0;29;41;0;62;10;0.52;1.0;1.0;0;0;184;0;41;3.88;2.9;1.98;4.7;345;128;14.7;14.31;0.973;0;1;0;0;0;0;0;0;0;1;0;336;;161;68;0;86
288.54;1486;33;33;5;4.18;73;0;28;40;0;63;10;0.53;1.0;1.0;0;0;184;0;42;4.12;2.9;2.04;5.2;345;128;14.7;14.31;0.973;0;1;0;0;0;0;0;0;0;1;0;345;;162;68;0;86
288.95;1319;25;25;5;3.42;74;0;30;40;0;57;7;0.44;1.0;1.0;0;0;184;0;40;3.12;2.9;1.74;3.8;345;128;14.7;14.21;0.967;0;1;0;0;0;0;0;0;0;1;0;305;;161;67;0;84
289.34;1370;26;26;5;3.46;73;0;30;40;0;58;7;0.45;1.0;1.0;0;0;184;0;40;3.25;2.9;1.75;4.0;345;128;14.7;14.21;0.967;0;1;0;0;0;0;0;0;0;1;0;314;;162;68;0;84
289.75;1268;26;26;5;3.55;74;0;30;40;0;58;7;0.45;1.0;1.0;0;0;184;0;40;3.25;2.9;1.79;3.8;345;128;14.7;14.21;0.967;0;1;0;0;0;0;0;0;0;1;0;310;;161;69;0;84
289.95;1281;23;23;3;3.22;74;0;31;38;0;56;6;0.42;1.0;1.0;0;0;184;0;39;2.88;1.7;1.66;3.4;345;128;14.7;14.21;0.967;0;1;0;0;0;0;0;0;0;1;0;295;;161;69;0;82
290.36;1114;18;18;1;2.72;74;0;40;20;0;53;4;0.35;1.0;1.0;0;0;184;0;30;2.25;0.6;1.46;2.5;345;128;14.7;14.21;0.967;0;1;0;0;0;1;0;0;0;1;0;275;;161;69;0;77
290.75;896;20;20;1;2.91;75;0;50;20;0;55;3;0.38;1.0;1.0;0;0;184;0;20;2.5;0.6;1.54;2.2;345;128;14.7;14.21;0.967;0;1;0;0;0;1;0;0;0;1;0;285;;159;69;0;82
291.15;896;22;22;1;3.16;73;0;50;20;0;57;4;0.4;1.0;1.0;0;0;184;0;20;2.75;0.6;1.63;2.4;345;128;14.7;14.51;0.987;0;1;0;0;0;1;0;0;0;1;0;306;;162;69;0;84
291.56;896;22;22;1;3.1;74;0;50;20;0;56;4;0.39;1.0;1.0;0;0;184;0;20;2.75;0.6;1.61;2.3;345;128;14.7;14.51;0.987;0;1;0;0;0;1;0;0;0;1;0;294;;161;69;0;82
291.95;935;21;21;1;3.01;73;0;50;20;0;56;4;0.4;1.0;1.0;0;0;183;0;20;2.62;0.6;1.57;2.3;345;128;14.7;14.51;0.987;0;1;0;0;0;1;0;0;0;1;0;292;;162;71;0;82
292.37;871;22;22;1;3.08;73;0;50;20;0;56;4;0.39;1.0;1.0;0;0;183;0;20;2.75;0.6;1.6;2.2;345;128;14.7;14.51;0.987;0;1;0;0;0;1;0;0;0;1;0;293;;162;71;0;83
292.77;820;22;22;1;3.08;73;0;50;20;0;56;4;0.39;1.0;1.0;0;0;183;0;20;2.75;0.6;1.6;2.1;345;128;14.7;14.51;0.987;0;1;0;0;0;1;0;0;0;1;0;297;;162;71;0;83
293.15;832;22;22;1;3.13;73;0;50;20;0;57;4;0.4;1.0;1.0;0;0;183;0;20;2.75;0.6;1.62;2.2;345;128;14.7;14.91;1.014;0;1;0;0;0;1;0;0;0;1;0;306;;162;71;0;76
293.56;948;28;28;2;3.75;72;0;50;20;0;61;6;0.45;1.0;1.0;0;0;183;0;20;3.5;1.2;1.86;3.0;345;128;14.47;14.91;1.03;0;1;0;0;0;0;0;0;0;1;0;331;;163;71;0;85
293.96;1511;39;39;6;4.77;72;0;33;37;0;68;12;0.56;1.0;1.0;0;0;183;0;37;4.88;3.5;2.27;6.0;345;128;14.7;14.91;1.014;0;1;0;0;0;0;0;0;0;1;0;384;;163;71;0;91
294.38;1729;34;34;6;4.25;72;0;26;44;0;64;13;0.55;1.0;1.0;0;0;183;0;44;4.25;3.5;2.06;6.1;345;128;14.7;14.11;0.96;0;1;0;0;0;0;0;0;0;1;0;354;;163;69;0;89
294.77;1716;32;32;6;4.08;73;0;24;46;0;62;13;0.52;1.0;1.0;0;0;183;0;46;4.0;3.5;2.0;5.8;345;128;14.7;14.11;0.96;0;1;0;0;0;0;0;0;0;1;0;343;;162;70;0;86
295.16;1691;35;35;6;4.4;74;0;26;43;0;64;13;0.55;1.0;1.0;0;0;184;0;44;4.38;3.5;2.13;6.2;345;128;14.7;14.01;0.953;0;1;0;0;0;0;0;0;0;1;0;356;;161;68;0;88
295.57;1498;30;30;5;3.91;73;0;28;42;0;61;10;0.51;1.0;1.0;0;0;184;0;42;3.75;2.9;1.93;4.9;345;128;14.7;14.01;0.953;0;1;0;0;0;0;0;0;0;1;0;335;;162;69;0;86
295.98;1345;23;23;2;3.25;74;0;31;37;0;57;7;0.44;1.0;1.0;0;0;184;0;39;2.88;1.2;1.67;3.6;345;128;14.7;14.01;0.953;0;1;0;0;0;0;0;0;0;1;0;300;;161;68;0;90
296.18;1229;25;25;2;3.4;74;0;31;36;0;58;7;0.45;1.0;1.0;0;0;184;0;39;3.12;1.2;1.73;3.5;345;128;14.7;14.01;0.953;0;1;0;0;0;0;0;0;0;1;0;309;;160;67;0;77
296.58;1447;37;37;5;4.56;73;0;31;39;0;66;11;0.55;1.0;1.0;0;0;184;0;39;4.62;2.9;2.19;5.5;345;128;14.7;14.01;0.953;0;1;0;0;0;0;0;0;0;1;0;368;;162;67;0;90
296.98;1562;37;37;7;4.62;74;0;28;43;0;66;13;0.55;1.0;1.0;0;0;184;0;42;4.62;4.1;2.22;6.0;345;128;14.7;14.71;1.001;0;1;0;0;0;0;0;0;0;1;0;369;;160;67;0;41
297.38;1588;39;39;9;4.7;74;0;30;39;0;69;14;0.56;1.0;1.0;0;0;186;0;40;4.88;5.2;2.25;6.2;345;128;14.7;14.71;1.001;0;1;0;0;0;0;0;0;0;1;0;391;;161;66;0;86
297.8;1652;39;39;9;4.68;73;0;28;40;0;69;14;0.57;1.0;1.0;0;0;186;0;42;4.88;5.2;2.24;6.4;345;128;14.7;14.71;1.001;0;1;0;0;0;0;0;0;0;1;0;389;;162;67;0;90
298.2;1550;35;35;9;4.35;74;0;30;40;0;64;12;0.55;1.0;1.0;0;0;186;0;40;4.38;5.2;2.11;5.6;345;128;14.7;14.11;0.96;0;1;0;0;0;0;0;0;0;1;0;357;;161;66;0;88
298.59;1511;41;41;10;4.92;74;0;32;39;0;71;14;0.57;1.0;1.0;0;0;186;0;38;5.12;5.8;2.34;6.2;345;128;14.7;14.11;0.96;0;1;0;0;0;0;0;0;0;1;0;406;;161;66;0;42
299.0;1691;41;41;10;4.95;74;0;30;41;0;71;15;0.58;1.0;1.0;0;0;186;0;40;5.12;5.8;2.35;7.0;345;128;14.7;14.41;0.98;0;1;0;0;0;0;0;0;0;1;0;408;;161;66;0;88
299.4;1639;40;40;10;4.8;74;0;30;40;0;70;15;0.58;1.0;1.0;0;0;186;0;40;5.0;5.8;2.29;6.6;345;128;14.7;14.41;0.98;0;1;0;0;0;0;0;0;0;1;0;397;;161;66;0;99
299.8;1588;36;36;10;4.47;74;0;29;41;0;65;13;0.55;1.0;1.0;0;0;186;0;41;4.5;5.8;2.16;5.9;345;128;14.7;14.41;0.98;0;1;0;0;0;0;0;0;0;1;0;367;;161;66;0;84
300.21;1601;38;38;10;4.6;74;0;31;39;0;68;13;0.56;1.0;1.0;0;0;186;0;39;4.75;5.8;2.21;6.1;345;128;14.7;14.31;0.973;0;1;0;0;0;0;0;0;0;1;0;385;;161;66;0;41
300.61;1562;38;38;10;4.62;74;0;30;40;0;68;13;0.56;1.0;1.0;0;0;186;0;40;4.75;5.8;2.22;6.0;345;128;14.7;14.31;0.973;0;1;0;0;0;0;0;0;0;1;0;383;;160;66;0;90
301.0;1550;37;37;10;4.57;74;0;30;40;0;68;13;0.56;1.0;1.0;0;0;186;0;40;4.62;5.8;2.2;5.9;345;128;14.7;14.21;0.967;0;1;0;0;0;0;0;0;0;1;0;382;;161;66;0;91
301.42;1537;35;35;10;4.4;74;0;28;40;0;65;12;0.55;1.0;1.0;0;0;186;0;42;4.38;5.8;2.13;5.6;345;128;14.7;14.21;0.967;0;1;0;0;0;0;0;0;0;1;0;367;;160;67;0;90
301.82;1511;39;39;10;4.72;74;0;30;40;0;69;13;0.56;1.0;1.0;0;0;186;0;40;4.88;5.8;2.26;5.9;345;128;14.7;14.21;0.967;0;1;0;0;0;0;0;0;0;1;0;392;;161;67;0;99
302.01;1614;39;39;10;4.77;74;0;30;40;0;70;14;0.57;1.0;1.0;0;0;186;0;40;4.88;5.8;2.28;6.4;345;128;14.7;14.71;1.001;0;1;0;0;0;0;0;0;0;1;0;397;;161;66;0;99
302.42;1614;39;39;10;4.75;74;0;29;42;0;69;14;0.56;1.0;1.0;0;0;186;0;41;4.88;5.8;2.27;6.4;345;128;14.7;14.71;1.001;0;1;0;0;0;0;0;0;0;1;0;393;;161;66;0;99
302.82;1703;40;40;10;4.82;74;0;30;40;0;69;15;0.57;1.0;1.0;0;0;186;0;40;5.0;5.8;2.3;6.8;345;128;14.7;14.71;1.001;0;1;0;0;0;0;0;0;0;1;0;395;;161;66;0;99
303.22;1434;28;28;5;3.7;74;0;29;41;0;60;9;0.49;1.0;1.0;0;0;186;0;41;3.5;2.9;1.85;4.4;345;128;14.7;13.11;0.892;0;1;0;0;0;0;0;0;0;1;0;320;;161;66;0;81
303.62;1434;31;31;5;3.92;74;0;30;39;0;61;9;0.51;1.0;1.0;0;0;186;0;40;3.88;2.9;1.94;4.7;345;128;14.7;13.11;0.892;0;1;0;0;0;0;0;0;0;1;0;333;;161;66;0;86
304.02;1396;31;31;5;3.95;74;0;30;39;0;62;9;0.52;1.0;1.0;0;0;186;0;40;3.88;2.9;1.95;4.6;345;128;14.7;13.51;0.919;0;1;0;0;0;0;0;0;0;1;0;336;;161;66;0;86
304.44;1447;30;30;5;3.87;74;0;31;39;0;61;9;0.51;1.0;1.0;0;0;186;0;39;3.75;2.9;1.92;4.7;345;128;14.7;13.51;0.919;0;1;0;0;0;0;0;0;0;1;0;334;;161;66;0;85
304.84;1422;32;32;5;4.03;73;0;31;39;0;62;10;0.52;1.0;1.0;0;0;186;0;39;4.0;2.9;1.98;4.8;345;128;14.7;13.51;0.919;0;1;0;0;0;0;0;0;0;1;0;338;;162;66;0;86
305.22;1422;31;31;5;3.96;73;0;31;40;0;61;10;0.5;1.0;1.0;0;0;186;0;39;3.88;2.9;1.95;4.7;345;128;14.7;13.61;0.926;0;1;0;0;0;0;0;0;0;1;0;332;;162;66;0;86
305.63;1281;20;20;1;2.86;73;0;48;20;0;54;5;0.38;1.0;1.0;0;0;186;0;22;2.5;0.6;1.51;3.1;345;128;14.7;13.61;0.926;0;1;0;0;0;1;0;0;0;1;0;282;;162;66;0;76
306.04;1089;20;20;1;2.88;73;0;50;20;0;55;5;0.38;1.0;1.0;0;0;186;0;20;2.5;0.6;1.52;2.6;345;128;14.7;14.61;0.994;0;1;0;0;0;1;0;0;0;1;0;289;;162;66;0;82
306.44;1114;22;22;1;3.11;73;0;50;20;0;56;5;0.41;1.0;1.0;0;0;186;0;20;2.75;0.6;1.61;2.9;345;128;14.7;14.61;0.994;0;1;0;0;0;1;0;0;0;1;0;295;;162;66;0;82
306.85;1063;21;21;1;2.98;73;0;50;20;0;55;5;0.38;1.0;1.0;0;0;186;0;20;2.62;0.6;1.56;2.6;345;128;14.7;14.61;0.994;0;1;0;0;0;1;0;0;0;1;0;289;;162;66;0;82
307.26;1063;23;23;1;3.16;73;0;50;20;0;56;5;0.41;1.0;1.0;0;0;186;0;20;2.88;0.6;1.63;2.8;345;128;14.7;15.02;1.022;0;1;0;0;0;1;0;0;0;1;0;293;;162;66;0;83
307.66;1050;21;21;1;3.0;74;0;50;20;0;55;5;0.38;1.0;1.0;0;0;186;0;20;2.62;0.6;1.57;2.6;345;128;14.7;15.02;1.022;0;1;0;0;0;1;0;0;0;1;0;287;;161;66;0;82
307.85;986;28;28;2;3.68;71;0;50;20;0;61;6;0.46;1.0;1.0;0;0;186;0;20;3.5;1.2;1.83;3.0;345;128;14.47;15.02;1.038;0;1;0;0;0;1;0;0;0;1;0;328;;164;66;0;81
308.25;1281;33;33;3;4.15;74;0;32;37;0;63;9;0.53;1.0;1.0;0;0;186;0;38;4.12;1.7;2.03;4.4;345;128;14.7;13.71;0.933;0;1;0;0;0;0;0;0;0;1;0;346;;161;66;0;86
308.66;1345;32;32;4;4.07;72;0;31;39;0;63;10;0.53;1.0;1.0;0;0;186;0;39;4.0;2.3;1.99;4.6;345;128;14.7;13.71;0.933;0;1;0;0;0;0;0;0;0;1;0;345;;163;66;0;86
309.07;1396;33;33;4;4.13;73;0;32;38;0;63;10;0.53;1.0;1.0;0;0;186;0;38;4.12;2.3;2.02;4.8;345;128;14.7;13.81;0.939;0;1;0;0;0;0;0;0;0;1;0;351;;162;66;0;88
309.46;1434;32;32;4;4.06;73;0;30;40;0;62;10;0.52;1.0;1.0;0;0;186;0;40;4.0;2.3;1.99;4.9;345;128;14.7;13.81;0.939;0;1;0;0;0;0;0;0;0;1;0;336;;162;66;0;100
309.87;1345;31;31;4;3.97;74;0;32;38;0;61;9;0.5;1.0;1.0;0;0;186;0;38;3.88;2.3;1.96;4.4;345;128;14.7;13.81;0.939;0;1;0;0;0;0;0;0;0;1;0;332;;160;66;0;82
310.28;1370;27;27;4;3.53;73;0;31;38;0;59;8;0.47;1.0;1.0;0;0;186;0;39;3.38;2.3;1.78;4.0;345;128;14.7;13.91;0.946;0;1;0;0;0;0;0;0;0;1;0;316;;161;66;0;85
310.68;1306;29;29;4;3.8;74;0;31;39;0;60;8;0.48;1.0;1.0;0;0;186;0;39;3.62;2.3;1.89;4.1;345;128;14.7;13.91;0.946;0;1;0;0;0;0;0;0;0;1;0;320;;161;66;0;85
311.07;1319;31;31;4;3.97;74;0;32;39;0;61;9;0.5;1.0;1.0;0;0;186;0;38;3.88;2.3;1.96;4.4;345;128;14.7;14.41;0.98;0;1;0;0;0;0;0;0;0;1;0;333;;161;66;0;41
311.49;1345;30;30;4;3.85;74;0;31;39;0;61;9;0.5;1.0;1.0;0;0;186;0;39;3.75;2.3;1.91;4.3;345;128;14.7;14.41;0.98;0;1;0;0;0;0;0;0;0;1;0;333;;161;66;0;85
311.87;1268;25;25;3;3.37;74;0;31;39;0;58;7;0.45;1.0;1.0;0;0;187;0;39;3.12;1.7;1.72;3.6;345;128;14.7;14.41;0.98;0;1;0;0;0;0;0;0;0;1;0;310;;161;65;0;84
312.29;1140;23;23;2;3.13;73;0;36;34;0;56;6;0.41;1.0;1.0;0;0;187;0;34;2.88;1.2;1.62;3.0;345;128;14.7;14.51;0.987;0;1;0;0;0;0;0;0;0;1;0;293;;162;66;0;83
312.68;1140;23;23;2;3.15;74;0;36;34;0;56;6;0.41;1.0;1.0;0;0;187;0;34;2.88;1.2;1.63;3.0;345;128;14.7;14.51;0.987;0;1;0;0;0;0;0;0;0;1;0;294;;161;66;0;76
313.11;1319;33;33;2;4.1;72;0;33;37;0;63;9;0.53;1.0;1.0;0;0;187;0;37;4.12;1.2;2.0;4.5;345;128;14.7;14.51;0.987;0;1;0;0;0;0;0;0;0;1;0;344;;163;66;0;87
313.3;1332;33;33;3;4.08;73;0;32;39;0;63;10;0.53;1.0;1.0;0;0;187;0;38;4.12;1.7;2.0;4.5;345;128;14.7;14.51;0.987;0;1;0;0;0;0;0;0;0;1;0;344;;162;66;0;87
313.69;1319;31;31;3;3.93;73;0;30;40;0;62;9;0.52;1.0;1.0;0;0;187;0;40;3.88;1.7;1.94;4.3;345;128;14.7;14.51;0.987;0;1;0;0;0;0;0;0;0;1;0;340;;162;66;0;86
314.09;1383;32;32;4;4.05;74;0;29;41;0;63;10;0.53;1.0;1.0;0;0;187;0;41;4.0;2.3;1.99;4.7;345;128;14.7;14.21;0.967;0;1;0;0;0;0;0;0;0;1;0;347;;161;66;0;88
314.5;1486;34;34;4;4.18;73;0;31;38;0;63;11;0.53;1.0;1.0;0;0;187;0;39;4.25;2.3;2.04;5.2;345;128;14.7;14.21;0.967;0;1;0;0;0;0;0;0;0;1;0;350;;162;66;0;89
314.92;1396;33;33;4;4.06;73;0;31;39;0;63;10;0.53;1.0;1.0;0;0;187;0;39;4.12;2.3;1.99;4.7;345;128;14.7;14.21;0.967;0;1;0;0;0;0;0;0;0;1;0;350;;162;65;0;89
315.32;1473;34;34;5;4.17;74;0;30;40;0;63;11;0.53;1.0;1.0;0;0;187;0;40;4.25;2.9;2.04;5.1;345;128;14.7;14.21;0.967;0;1;0;0;0;0;0;0;0;1;0;350;;161;65;0;88
315.72;1486;32;32;5;4.02;74;0;30;40;0;62;10;0.52;1.0;1.0;0;0;187;0;40;4.0;2.9;1.98;5.0;345;128;14.7;14.21;0.967;0;1;0;0;0;0;0;0;0;1;0;341;;161;66;0;86
316.13;1422;30;30;5;3.8;74;0;31;40;0;61;9;0.5;1.0;1.0;0;0;187;0;39;3.75;2.9;1.89;4.5;345;128;14.7;14.41;0.98;0;1;0;0;0;0;0;0;0;1;0;335;;160;66;0;86
316.54;1434;31;31;5;3.87;74;0;30;39;0;61;9;0.51;1.0;1.0;0;0;187;0;40;3.88;2.9;1.92;4.6;345;128;14.7;14.41;0.98;0;1;0;0;0;0;0;0;0;1;0;330;;161;66;0;85
316.94;1370;36;36;6;4.4;74;0;33;37;0;66;11;0.55;1.0;1.0;0;0;187;0;37;4.5;3.5;2.13;5.0;345;128;14.7;14.41;0.98;0;1;0;0;0;0;0;0;0;1;0;369;;161;66;0;98
317.34;1511;35;35;6;4.3;74;0;30;39;0;64;12;0.55;1.0;1.0;0;0;187;0;40;4.38;3.5;2.09;5.4;345;128;14.7;14.51;0.987;0;1;0;0;0;0;0;0;0;1;0;357;;161;66;0;89
317.74;1486;34;34;6;4.18;75;0;29;41;0;63;11;0.53;1.0;1.0;0;0;187;0;41;4.25;3.5;2.05;5.2;345;128;14.7;14.51;0.987;0;1;0;0;0;0;0;0;0;1;0;345;;159;65;0;82
318.15;1498;34;34;6;4.17;74;0;29;40;0;63;11;0.53;1.0;1.0;0;0;187;0;41;4.25;3.5;2.04;5.2;345;128;14.7;14.31;0.973;0;1;0;0;0;0;0;0;0;1;0;350;;161;65;0;88
318.53;1562;39;39;14;4.72;74;0;31;39;0;70;14;0.57;1.0;1.0;0;0;187;0;39;4.88;8.1;2.26;6.1;345;128;14.7;14.31;0.973;0;1;0;0;0;0;0;0;0;1;0;401;;160;65;0;86
318.76;2139;58;58;21;6.52;74;0;34;36;0;85;27;0.68;1.0;1.0;0;0;187;0;36;7.25;12.2;2.98;11.6;345;128;14.82;14.31;0.966;0;1;0;0;0;0;0;0;0;1;0;513;;160;65;0;113
319.14;2100;51;51;21;5.76;75;0;28;42;0;80;24;0.64;1.0;1.0;0;0;187;0;42;6.38;12.2;2.68;10.1;345;128;14.82;14.71;0.993;0;1;0;0;0;0;0;0;0;1;0;472;;159;65;0;106
319.54;1819;37;37;13;4.5;74;0;25;45;0;68;15;0.55;1.0;1.0;0;0;187;0;45;4.62;7.6;2.17;6.8;345;128;14.7;14.71;1.001;0;1;0;0;0;0;0;0;0;1;0;386;;161;65;0;98
319.95;1332;17;17;0;2.52;74;0;42;20;0;52;5;0.34;1.0;1.0;0;0;187;0;28;2.12;0.0;1.38;2.8;345;128;14.7;14.71;1.001;0;1;0;0;0;1;0;0;0;1;0;260;;161;65;0;76
320.36;1255;21;22;1;3.0;74;0;50;20;0;55;5;0.4;1.0;1.0;0;0;187;0;20;2.62;0.6;1.57;3.1;345;128;14.7;15.32;1.042;0;1;0;0;0;1;0;0;0;1;0;286;;161;65;0;82
320.77;1319;23;23;1;3.08;73;0;50;20;0;56;6;0.42;1.0;1.0;0;0;187;0;20;2.88;0.6;1.6;3.4;345;128;14.7;15.32;1.042;0;1;0;0;0;1;0;0;0;1;0;295;;162;65;0;83
321.17;1306;24;24;1;3.25;74;0;50;20;0;57;7;0.44;1.0;1.0;0;0;187;0;20;3.0;0.6;1.67;3.5;345;128;14.7;14.71;1.001;0;1;0;0;0;1;0;0;0;1;0;300;;160;66;0;83
321.56;1255;22;22;1;3.06;73;0;50;20;0;55;6;0.4;1.0;1.0;0;0;187;0;20;2.75;0.6;1.59;3.2;345;128;14.7;14.71;1.001;0;1;0;0;0;1;0;0;0;1;0;290;;162;65;0;82
321.98;1204;23;23;1;3.15;74;0;50;20;0;56;6;0.41;1.0;1.0;0;0;187;0;20;2.88;0.6;1.63;3.2;345;128;14.7;14.71;1.001;0;1;0;0;0;1;0;0;0;1;0;292;;161;66;0;81
322.36;1217;22;22;0;3.03;73;0;50;20;0;56;6;0.41;1.0;1.0;0;0;187;0;20;2.75;0.0;1.58;3.1;345;128;14.7;15.02;1.022;0;1;0;0;0;1;0;0;0;1;0;293;;162;66;0;82
322.77;1255;19;19;1;2.75;72;0;50;20;0;53;5;0.36;1.0;1.0;0;0;187;0;20;2.38;0.6;1.46;2.9;345;128;14.7;15.02;1.022;0;1;0;0;0;1;0;0;0;1;0;270;;161;65;0;77
323.17;1037;16;16;1;2.42;72;0;50;20;0;51;3;0.32;1.0;1.0;0;0;187;0;20;2.0;0.6;1.33;2.1;345;128;14.7;15.11;1.028;0;1;0;0;0;1;0;0;0;1;0;255;;163;65;0;75
323.6;1050;16;16;1;2.47;72;0;50;20;0;51;3;0.32;1.0;1.0;0;0;187;0;20;2.0;0.6;1.35;2.2;345;128;14.7;15.11;1.028;0;1;0;0;0;1;0;0;0;1;0;257;;163;66;0;77
323.98;935;17;17;1;2.53;73;0;50;20;0;52;3;0.33;1.0;1.0;0;0;187;0;20;2.12;0.6;1.38;2.0;345;128;14.7;15.11;1.028;0;1;0;0;0;1;0;0;0;1;0;261;;162;65;0;73
324.2;1050;17;17;1;2.52;72;0;50;20;0;52;3;0.34;1.0;1.0;0;0;187;0;20;2.12;0.6;1.37;2.2;345;128;14.7;15.91;1.082;0;1;0;0;0;1;0;0;0;1;0;262;;163;65;0;77
324.59;935;16;16;1;2.5;72;0;50;20;0;52;3;0.33;1.0;1.0;0;0;187;0;20;2.0;0.6;1.36;1.9;345;128;14.7;15.91;1.082;0;1;0;0;0;1;0;0;0;1;0;263;;163;65;0;77
324.99;948;15;15;1;2.41;73;0;50;20;0;51;3;0.31;1.0;1.0;0;0;187;0;20;1.88;0.6;1.33;1.9;345;128;14.7;15.91;1.082;0;1;0;0;0;1;0;0;0;1;0;256;;162;65;0;76
325.4;935;17;17;1;2.55;74;0;50;20;0;52;3;0.33;1.0;1.0;0;0;187;0;20;2.12;0.6;1.39;2.0;345;128;14.7;15.71;1.069;0;1;0;0;0;1;0;0;0;1;0;260;;161;65;0;77
325.82;935;15;15;1;2.41;73;0;50;20;0;51;3;0.31;1.0;1.0;0;0;187;0;20;1.88;0.6;1.33;1.9;345;128;14.7;15.71;1.069;0;1;0;0;0;1;0;0;0;1;0;257;;161;65;0;76
326.21;871;17;17;1;2.53;73;0;50;20;0;52;3;0.33;1.0;1.0;0;0;187;0;20;2.12;0.6;1.38;1.8;345;128;14.7;16.52;1.124;0;1;0;0;0;1;0;0;0;1;0;265;;162;65;0;77
326.61;832;15;15;1;2.38;73;0;50;20;0;51;3;0.31;1.0;1.0;0;0;187;0;20;1.88;0.6;1.32;1.7;345;128;14.7;16.52;1.124;0;1;0;0;0;1;0;0;0;1;0;256;;162;65;0;76
327.0;820;17;17;1;2.6;74;0;50;20;0;53;3;0.34;1.0;1.0;0;0;187;0;20;2.12;0.6;1.41;1.8;345;128;14.7;16.52;1.124;0;1;0;0;0;1;0;0;0;1;0;269;;161;65;0;77
327.41;935;16;17;1;2.53;75;0;50;20;0;52;3;0.33;1.0;1.0;0;0;187;0;20;2.0;0.6;1.39;2.0;345;128;14.7;15.62;1.063;0;1;0;0;0;1;0;0;0;1;0;262;;159;65;0;77
327.81;845;17;17;1;2.62;74;0;50;20;0;53;3;0.34;1.0;1.0;0;0;187;0;20;2.12;0.6;1.42;1.8;345;128;14.7;15.62;1.063;0;1;0;0;0;1;0;0;0;1;0;268;;161;65;0;77
328.23;781;19;19;1;2.73;73;0;50;20;0;54;3;0.37;1.0;1.0;0;0;187;0;20;2.38;0.6;1.46;1.8;345;128;14.7;14.91;1.014;0;1;0;0;0;1;0;0;0;1;0;276;;162;65;0;81
328.63;807;19;19;1;2.8;74;0;50;20;0;54;3;0.37;1.0;1.0;0;0;187;0;20;2.38;0.6;1.49;1.9;345;128;14.7;14.91;1.014;0;1;0;0;0;1;0;0;0;1;0;280;;162;65;0;82
329.05;820;19;19;1;2.77;74;0;50;20;0;54;3;0.36;1.0;1.0;0;0;187;0;20;2.38;0.6;1.48;1.9;345;128;14.7;14.91;1.014;0;1;0;0;0;1;0;0;0;1;0;277;;161;65;0;81
329.42;756;20;20;1;2.9;74;0;50;20;0;55;3;0.38;1.0;1.0;0;0;187;0;20;2.5;0.6;1.53;1.8;345;128;14.7;14.61;0.994;0;1;0;0;0;1;0;0;0;1;0;284;;161;65;0;82
329.85;717;20;20;1;2.86;75;0;50;20;0;55;3;0.38;1.0;1.0;0;0;187;0;20;2.5;0.6;1.52;1.7;345;128;14.7;14.61;0.994;0;1;0;0;0;1;0;0;0;1;0;286;;159;65;0;82
330.02;781;20;20;1;2.91;75;0;50;20;0;55;3;0.38;1.0;1.0;0;0;187;0;20;2.5;0.6;1.54;1.9;345;128;14.7;14.61;0.994;0;1;0;0;0;1;0;0;0;1;0;286;;159;65;0;82
330.43;781;21;21;1;2.92;74;0;50;20;0;55;3;0.38;1.0;1.0;0;0;187;0;20;2.62;0.6;1.54;1.9;345;128;14.7;14.51;0.987;0;1;0;0;0;1;0;0;0;1;0;291;;160;65;0;82
330.85;768;22;22;1;3.02;74;0;50;20;0;56;3;0.4;1.0;1.0;0;0;187;0;20;2.75;0.6;1.58;1.9;345;128;14.7;14.51;0.987;0;1;0;0;0;1;0;0;0;1;0;295;;160;65;0;83
331.24;717;22;22;1;3.02;74;0;50;20;0;56;3;0.4;1.0;1.0;0;0;187;0;20;2.75;0.6;1.58;1.8;345;128;14.7;14.41;0.98;0;1;0;0;0;1;0;0;0;1;0;294;;161;65;0;82
331.65;717;20;20;1;2.9;74;0;50;20;0;55;3;0.38;1.0;1.0;0;0;187;0;20;2.5;0.6;1.53;1.7;345;128;14.7;14.41;0.98;0;1;0;0;0;1;0;0;0;1;0;291;;160;65;0;82
332.06;756;21;21;1;3.01;75;0;50;20;0;56;3;0.4;1.0;1.0;0;0;187;0;20;2.62;0.6;1.58;1.9;345;128;14.7;14.41;0.98;0;1;0;0;0;1;0;0;0;1;0;293;;159;65;0;40
332.45;845;22;22;1;3.03;73;0;50;20;0;56;4;0.39;1.0;1.0;0;0;187;0;20;2.75;0.6;1.58;2.1;345;128;14.7;14.21;0.967;0;1;0;0;0;1;0;0;0;1;0;292;;162;65;0;82
332.84;884;16;16;1;2.5;74;0;50;20;0;52;3;0.33;1.0;1.0;0;0;187;0;20;2.0;0.6;1.37;1.8;345;128;14.7;14.21;0.967;0;1;0;0;0;1;0;0;0;1;0;265;;161;65;0;73
333.24;845;19;19;1;2.75;72;0;50;20;0;54;3;0.36;1.0;1.0;0;0;187;0;20;2.38;0.6;1.46;1.9;345;128;14.7;14.71;1.001;0;1;0;0;0;1;0;0;0;1;0;278;;163;65;0;81
333.67;935;31;31;5;3.92;74;0;43;29;0;63;6;0.48;1.0;1.0;0;0;187;0;27;3.88;2.9;1.94;3.1;345;128;14.59;14.71;1.008;0;1;0;0;0;0;0;0;0;1;0;347;;161;65;0;101
334.08;1486;36;36;5;4.35;72;0;31;39;0;64;11;0.55;1.0;1.0;0;0;187;0;39;4.5;2.9;2.1;5.4;345;128;14.7;14.71;1.001;0;1;0;0;0;0;0;0;0;1;0;355;;163;65;0;88
334.47;1486;29;29;5;3.75;72;0;30;40;0;60;9;0.49;1.0;1.0;0;0;187;0;40;3.62;2.9;1.86;4.6;345;128;14.7;14.11;0.96;0;1;0;0;0;0;0;0;0;1;0;326;;163;65;0;85
334.88;1345;21;21;4;2.93;73;0;33;37;0;54;6;0.38;1.0;1.0;0;0;187;0;37;2.62;2.3;1.54;3.3;345;128;14.7;14.11;0.96;0;1;0;0;0;0;0;0;0;1;0;283;;162;65;0;82
335.26;1486;21;21;1;2.9;72;0;34;20;0;54;6;0.39;1.0;1.0;0;0;187;0;36;2.62;0.6;1.52;3.6;345;128;14.7;14.31;0.973;0;1;0;0;0;1;0;0;0;1;0;281;;163;65;0;82
335.67;1204;15;15;1;2.4;74;0;50;20;0;50;4;0.31;1.0;1.0;0;0;187;0;20;1.88;0.6;1.33;2.4;345;128;14.7;14.31;0.973;0;1;0;0;0;1;0;0;0;1;0;249;;160;65;0;76
335.88;999;17;17;1;2.56;73;0;50;20;0;52;4;0.33;1.0;1.0;0;0;187;0;20;2.12;0.6;1.39;2.1;345;128;14.7;14.31;0.973;0;1;0;0;0;1;0;0;0;1;0;266;;162;65;0;77
336.27;1012;19;19;1;2.73;73;0;50;20;0;54;4;0.37;1.0;1.0;0;0;189;0;20;2.38;0.6;1.46;2.3;345;128;14.7;16.42;1.117;0;1;0;0;0;1;0;0;0;1;0;282;;160;65;0;81
336.68;1037;20;20;1;2.8;72;0;50;20;0;54;4;0.37;1.0;1.0;0;0;189;0;20;2.5;0.6;1.48;2.4;345;128;14.7;16.42;1.117;0;1;0;0;0;1;0;0;0;1;0;282;;163;65;0;82
337.1;922;18;18;1;2.6;74;0;50;20;0;53;3;0.34;1.0;1.0;0;0;189;0;20;2.25;0.6;1.41;2.0;345;128;14.7;16.42;1.117;0;1;0;0;0;1;0;0;0;1;0;271;;160;64;0;77
337.49;781;22;22;1;2.98;73;0;50;20;0;56;4;0.4;1.0;1.0;0;0;189;0;20;2.75;0.6;1.56;1.9;345;128;14.7;16.52;1.124;0;1;0;0;0;1;0;0;0;1;0;298;;162;64;0;82
337.91;820;24;24;1;3.16;73;0;50;20;0;58;4;0.41;1.0;1.0;0;0;189;0;20;3.0;0.6;1.63;2.2;345;128;14.47;16.52;1.142;0;1;0;0;0;1;0;0;0;1;0;310;;162;65;0;84
338.31;807;22;22;1;3.03;73;0;50;20;0;57;4;0.41;1.0;1.0;0;0;189;0;20;2.75;0.6;1.58;2.0;345;128;14.7;15.21;1.035;0;1;0;0;0;1;0;0;0;1;0;305;;162;65;0;76
338.7;807;21;21;1;2.96;73;0;50;20;0;56;4;0.4;1.0;1.0;0;0;189;0;20;2.62;0.6;1.55;2.0;345;128;14.7;15.21;1.035;0;1;0;0;0;1;0;0;0;1;0;298;;162;65;0;83
339.11;807;21;21;1;2.96;73;0;50;20;0;56;4;0.4;1.0;1.0;0;0;189;0;20;2.62;0.6;1.55;2.0;345;128;14.7;15.21;1.035;0;1;0;0;0;1;0;0;0;1;0;297;;162;65;0;76
339.51;807;23;23;1;3.16;73;0;50;20;0;58;4;0.41;1.0;1.0;0;0;189;0;20;2.88;0.6;1.63;2.1;345;128;14.47;14.71;1.017;0;1;0;0;0;1;0;0;0;1;0;308;;162;65;0;84
339.9;820;22;22;1;3.03;73;0;50;20;0;57;4;0.4;1.0;1.0;0;0;189;0;20;2.75;0.6;1.58;2.1;345;128;14.7;14.71;1.001;0;1;0;0;0;1;0;0;0;1;0;303;;162;65;0;76
340.31;781;22;22;1;3.02;74;0;50;20;0;57;4;0.41;1.0;1.0;0;0;189;0;20;2.75;0.6;1.58;2.0;345;128;14.7;15.52;1.056;0;1;0;0;0;1;0;0;0;1;0;300;;161;65;0;84
340.71;820;22;22;1;3.08;73;0;50;20;0;57;4;0.4;1.0;1.0;0;0;189;0;20;2.75;0.6;1.6;2.1;345;128;14.7;15.52;1.056;0;1;0;0;0;1;0;0;0;1;0;304;;162;65;0;83
341.12;832;21;21;1;3.0;74;0;50;20;0;56;3;0.39;1.0;1.0;0;0;189;0;20;2.62;0.6;1.57;2.1;345;128;14.7;15.52;1.056;0;1;0;0;0;1;0;0;0;1;0;297;;160;64;0;83
341.32;768;22;22;1;3.05;74;0;50;20;0;57;4;0.41;1.0;1.0;0;0;189;0;20;2.75;0.6;1.59;2.0;345;128;14.7;15.81;1.076;0;1;0;0;0;1;0;0;0;1;0;301;;161;64;0;83
341.72;832;22;22;1;3.07;74;0;50;20;0;57;4;0.4;1.0;1.0;0;0;189;0;20;2.75;0.6;1.6;2.1;345;128;14.7;15.81;1.076;0;1;0;0;0;1;0;0;0;1;0;302;;161;64;0;83
342.12;768;22;22;1;3.03;73;0;50;20;0;57;4;0.41;1.0;1.0;0;0;189;0;20;2.75;0.6;1.58;1.9;345;128;14.7;15.81;1.076;0;1;0;0;0;1;0;0;0;1;0;302;;162;65;0;83
342.52;781;22;22;1;3.07;74;0;50;20;0;57;4;0.41;1.0;1.0;0;0;189;0;20;2.75;0.6;1.6;2.0;345;128;14.7;15.21;1.035;0;1;0;0;0;1;0;0;0;1;0;302;;160;65;0;40
342.95;768;22;22;1;3.08;73;0;50;20;0;57;4;0.41;1.0;1.0;0;0;189;0;20;2.75;0.6;1.6;2.0;345;128;14.7;15.21;1.035;0;1;0;0;0;1;0;0;0;1;0;304;;162;65;0;84
343.34;832;23;23;1;3.15;74;0;50;20;0;58;4;0.41;1.0;1.0;0;0;189;0;20;2.88;0.6;1.63;2.2;345;128;14.47;14.71;1.017;0;1;0;0;0;1;0;0;0;1;0;308;;161;64;0;91
343.74;807;22;22;1;3.06;73;0;50;20;0;57;4;0.41;1.0;1.0;0;0;189;0;20;2.75;0.6;1.59;2.1;345;128;14.7;14.71;1.001;0;1;0;0;0;1;0;0;0;1;0;303;;162;64;0;40
344.14;807;23;23;1;3.12;74;0;50;20;0;57;4;0.41;1.0;1.0;0;0;189;0;20;2.88;0.6;1.62;2.1;345;128;14.47;14.71;1.017;0;1;0;0;0;1;0;0;0;1;0;305;;161;64;0;84
344.55;781;22;22;1;3.05;74;0;50;20;0;57;4;0.41;1.0;1.0;0;0;189;0;20;2.75;0.6;1.59;2.0;345;128;14.7;14.62;0.995;0;1;0;0;0;1;0;0;0;1;0;303;;162;64;0;83
344.96;807;23;23;1;3.07;74;0;50;20;0;57;4;0.41;1.0;1.0;0;0;189;0;20;2.88;0.6;1.6;2.1;345;128;14.47;14.62;1.01;0;1;0;0;0;1;0;0;0;1;0;305;;161;64;0;84
345.37;820;22;22;1;3.03;73;0;50;20;0;57;4;0.4;1.0;1.0;0;0;189;0;20;2.75;0.6;1.58;2.1;345;128;14.7;15.02;1.022;0;1;0;0;0;1;0;0;0;1;0;305;;162;64;0;84
345.76;807;22;22;1;3.1;74;0;50;20;0;57;4;0.41;1.0;1.0;0;0;189;0;20;2.75;0.6;1.61;2.1;345;128;14.7;15.02;1.022;0;1;0;0;0;1;0;0;0;1;0;302;;161;64;0;76
346.17;832;23;23;1;3.1;74;0;50;20;0;57;4;0.4;1.0;1.0;0;0;189;0;20;2.88;0.6;1.61;2.1;345;128;14.47;15.02;1.038;0;1;0;0;0;1;0;0;0;1;0;303;;161;64;0;83
346.58;768;22;22;1;3.05;74;0;50;20;0;57;4;0.41;1.0;1.0;0;0;189;0;20;2.75;0.6;1.59;2.0;345;128;14.7;14.71;1.001;0;1;0;0;0;1;0;0;0;1;0;300;;161;64;0;83
346.76;807;22;22;1;3.05;74;0;50;20;0;56;4;0.4;1.0;1.0;0;0;189;0;20;2.75;0.6;1.59;2.1;345;128;14.7;14.71;1.001;0;1;0;0;0;1;0;0;0;1;0;297;;161;64;0;82
347.17;1204;42;42;5;4.87;74;0;39;31;0;73;10;0.55;1.0;1.0;0;0;189;0;31;5.25;2.9;2.32;4.9;345;128;14.7;14.71;1.001;0;1;0;0;0;0;0;0;0;1;0;421;;160;64;0;101
347.59;1537;36;36;5;4.27;72;0;31;38;0;64;12;0.55;1.0;1.0;0;0;189;0;39;4.5;2.9;2.07;5.5;345;128;14.7;17.02;1.158;0;1;0;0;0;0;0;0;0;1;0;358;;163;64;0;41
348.0;1434;35;35;5;4.27;74;0;33;37;0;64;11;0.55;1.0;1.0;0;0;189;0;37;4.38;2.9;2.08;5.1;345;128;14.7;17.02;1.158;0;1;0;0;0;0;0;0;0;1;0;352;;161;64;0;89
348.39;1473;35;35;5;4.27;74;0;32;38;0;64;11;0.55;1.0;1.0;0;0;189;0;38;4.38;2.9;2.08;5.2;345;128;14.7;14.71;1.001;0;1;0;0;0;0;0;0;0;1;0;358;;161;64;0;89
348.78;1652;48;48;14;5.45;74;0;33;38;0;78;18;0.61;1.0;1.0;0;0;189;0;37;6.0;8.1;2.55;7.5;345;128;14.7;14.71;1.001;0;1;0;0;0;0;0;0;0;1;0;459;;160;64;0;92
349.19;1921;39;39;13;4.61;73;0;27;44;0;70;16;0.55;1.0;1.0;0;0;189;0;43;4.88;7.6;2.21;7.4;345;128;14.82;14.71;0.993;0;1;0;0;0;0;0;0;0;1;0;403;;162;64;0;100
349.59;1691;22;22;4;3.0;74;0;32;40;0;54;8;0.41;1.0;1.0;0;0;189;0;38;2.75;2.3;1.57;4.2;345;128;14.7;14.41;0.98;0;1;0;0;0;0;0;0;0;1;0;278;;160;64;0;77
350.01;1550;19;19;4;2.75;74;0;36;34;0;53;6;0.38;1.0;1.0;0;0;189;0;34;2.38;2.3;1.47;3.6;345;128;14.7;14.41;0.98;0;1;0;0;0;0;0;0;0;1;0;269;;160;64;0;77
350.39;1217;30;30;4;3.76;73;0;34;36;0;61;8;0.49;1.0;1.0;0;0;189;0;36;3.75;2.3;1.87;3.8;345;128;14.7;16.41;1.116;0;1;0;0;0;0;0;0;0;1;0;333;;162;64;0;84
350.8;1396;31;31;4;3.81;73;0;32;38;0;61;9;0.5;1.0;1.0;0;0;189;0;38;3.88;2.3;1.89;4.4;345;128;14.7;16.41;1.116;0;1;0;0;0;0;0;0;0;1;0;335;;162;64;0;85
351.21;1422;33;33;4;4.07;74;0;33;37;0;63;10;0.53;1.0;1.0;0;0;189;0;37;4.12;2.3;2.0;4.8;345;128;14.7;14.21;0.967;0;1;0;0;0;0;0;0;0;1;0;346;;161;64;0;82
351.61;1498;31;31;4;3.9;74;0;31;38;0;62;10;0.52;1.0;1.0;0;0;189;0;39;3.88;2.3;1.93;4.9;345;128;14.7;14.21;0.967;0;1;0;0;0;0;0;0;0;1;0;338;;161;64;0;85
352.01;1370;32;32;4;3.95;74;0;30;40;0;62;10;0.52;1.0;1.0;0;0;189;0;40;4.0;2.3;1.95;4.5;345;128;14.7;14.21;0.967;0;1;0;0;0;0;0;0;0;1;0;338;;161;64;0;86
352.23;1486;32;32;5;3.97;74;0;30;39;0;62;10;0.52;1.0;1.0;0;0;189;0;40;4.0;2.9;1.96;4.9;345;128;14.7;15.02;1.022;0;1;0;0;0;0;0;0;0;1;0;338;;161;64;0;82
352.62;1473;36;36;6;4.32;74;0;32;38;0;65;12;0.55;1.0;1.0;0;0;189;0;38;4.5;3.5;2.1;5.3;345;128;14.7;15.02;1.022;0;1;0;0;0;0;0;0;0;1;0;367;;161;64;0;90
353.02;1473;36;36;6;4.32;74;0;30;40;0;66;12;0.55;1.0;1.0;0;0;189;0;40;4.5;3.5;2.1;5.3;345;128;14.7;15.02;1.022;0;1;0;0;0;0;0;0;0;1;0;373;;161;64;0;90
353.41;1562;36;36;6;4.37;74;0;31;39;0;66;12;0.55;1.0;1.0;0;0;189;0;39;4.5;3.5;2.12;5.7;345;128;14.7;15.21;1.035;0;1;0;0;0;0;0;0;0;1;0;369;;161;64;0;84
353.82;1498;36;36;6;4.35;74;0;31;39;0;66;12;0.55;1.0;1.0;0;0;189;0;39;4.5;3.5;2.11;5.4;345;128;14.7;15.21;1.035;0;1;0;0;0;0;0;0;0;1;0;372;;161;64;0;90
354.23;1511;36;36;6;4.33;73;0;30;39;0;66;12;0.55;1.0;1.0;0;0;189;0;40;4.5;3.5;2.1;5.5;345;128;14.7;13.91;0.946;0;1;0;0;0;0;0;0;0;1;0;371;;162;64;0;90
354.63;1089;18;18;1;2.6;74;0;51;20;0;53;4;0.35;1.0;1.0;0;0;189;0;19;2.25;0.6;1.41;2.4;345;128;14.7;13.91;0.946;0;1;0;0;0;1;0;0;0;1;0;275;;161;64;0;77
355.02;1037;27;27;1;3.55;74;0;50;20;0;60;6;0.45;1.0;1.0;0;0;189;0;20;3.38;0.6;1.79;3.1;345;128;14.7;13.91;0.946;0;1;0;0;0;1;0;0;0;1;0;323;;159;65;0;85
355.43;1063;22;22;1;3.07;74;0;50;20;0;56;5;0.41;1.0;1.0;0;0;189;0;20;2.75;0.6;1.6;2.7;345;128;14.7;14.61;0.994;0;1;0;0;0;1;0;0;0;1;0;296;;160;64;0;83
355.84;948;22;22;1;3.02;74;0;50;20;0;57;4;0.41;1.0;1.0;0;0;189;0;20;2.75;0.6;1.58;2.4;345;128;14.7;14.61;0.994;0;1;0;0;0;1;0;0;0;1;0;300;;161;65;0;83
356.23;999;23;23;1;3.13;73;0;50;20;0;57;5;0.41;1.0;1.0;0;0;189;0;20;2.88;0.6;1.62;2.6;345;128;14.47;15.21;1.051;0;1;0;0;0;1;0;0;0;1;0;302;;162;64;0;83
356.64;935;21;21;1;2.88;73;0;50;20;0;55;4;0.38;1.0;1.0;0;0;189;0;20;2.62;0.6;1.52;2.2;345;128;14.7;15.21;1.035;0;1;0;0;0;1;0;0;0;1;0;291;;162;65;0;82
357.04;922;20;20;1;2.87;74;0;50;20;0;55;4;0.38;1.0;1.0;0;0;189;0;20;2.5;0.6;1.52;2.2;345;128;14.7;15.21;1.035;0;1;0;0;0;1;0;0;0;1;0;291;;163;65;0;82
357.44;922;22;22;1;3.05;74;0;50;20;0;56;4;0.4;1.0;1.0;0;0;189;0;20;2.75;0.6;1.59;2.3;345;128;14.7;15.31;1.041;0;1;0;0;0;1;0;0;0;1;0;296;;160;65;0;83
357.86;845;21;21;1;2.91;73;0;50;20;0;56;4;0.39;1.0;1.0;0;0;189;0;20;2.62;0.6;1.53;2.0;345;128;14.7;15.31;1.041;0;1;0;0;0;1;0;0;0;1;0;295;;162;65;0;82
358.06;832;23;23;1;3.08;73;0;50;20;0;57;4;0.4;1.0;1.0;0;0;189;0;20;2.88;0.6;1.6;2.1;345;128;14.47;15.31;1.058;0;1;0;0;0;1;0;0;0;1;0;302;;162;65;0;83
358.45;845;21;21;1;2.95;72;0;50;20;0;56;4;0.39;1.0;1.0;0;0;189;0;20;2.62;0.6;1.54;2.1;345;128;14.7;15.02;1.022;0;1;0;0;0;1;0;0;0;1;0;295;;163;65;0;83
358.85;948;27;27;1;3.51;73;0;50;20;0;61;5;0.45;1.0;1.0;0;0;189;0;20;3.38;0.6;1.77;2.8;345;128;14.47;15.02;1.038;0;1;0;0;0;1;0;0;0;1;0;334;;162;65;0;86
359.25;1101;25;25;1;3.36;73;0;50;20;0;59;6;0.45;1.0;1.0;0;0;189;0;20;3.12;0.6;1.71;3.1;345;128;14.7;15.61;1.062;0;1;0;0;0;1;0;0;0;1;0;318;;162;65;0;85
359.66;1229;37;37;5;4.42;74;0;36;34;0;66;10;0.55;1.0;1.0;0;0;189;0;34;4.62;2.9;2.14;4.5;345;128;14.7;15.61;1.062;0;1;0;0;0;0;0;0;0;1;0;369;;160;65;0;90
360.07;1537;37;37;5;4.46;73;0;32;38;0;66;12;0.55;1.0;1.0;0;0;189;0;38;4.62;2.9;2.15;5.7;345;128;14.7;15.61;1.062;0;1;0;0;0;0;0;0;0;1;0;373;;162;65;0;90
360.47;1511;33;33;5;4.05;74;0;32;38;0;63;10;0.53;1.0;1.0;0;0;189;0;38;4.12;2.9;1.99;5.1;345;128;14.7;14.51;0.987;0;1;0;0;0;0;0;0;0;1;0;346;;161;65;0;86
360.86;1383;33;33;5;4.03;75;0;31;39;0;63;10;0.53;1.0;1.0;0;0;189;0;39;4.12;2.9;1.99;4.6;345;128;14.7;14.51;0.987;0;1;0;0;0;0;0;0;0;1;0;345;;159;65;0;101
361.28;1562;37;37;5;4.42;74;0;32;38;0;65;12;0.55;1.0;1.0;0;0;189;0;38;4.62;2.9;2.14;5.8;345;128;14.7;13.81;0.939;0;1;0;0;0;0;0;0;0;1;0;366;;160;65;0;90
361.68;1281;22;22;2;3.0;74;0;35;35;0;55;6;0.4;1.0;1.0;0;0;189;0;35;2.75;1.2;1.57;3.2;345;128;14.7;13.81;0.939;0;1;0;0;0;0;0;0;0;1;0;291;;160;65;0;82
362.07;1217;25;25;2;3.33;75;0;35;35;0;58;6;0.45;1.0;1.0;0;0;189;0;35;3.12;1.2;1.71;3.4;345;128;14.7;13.81;0.939;0;1;0;0;0;0;0;0;0;1;0;312;;159;65;0;84
362.5;1229;33;33;4;4.07;74;0;33;37;0;63;9;0.53;1.0;1.0;0;0;189;0;37;4.12;2.3;2.0;4.2;345;128;14.7;14.81;1.007;0;1;0;0;0;0;0;0;0;1;0;348;;161;65;0;88
362.9;1396;29;29;4;3.67;74;0;31;39;0;60;9;0.49;1.0;1.0;0;0;189;0;39;3.62;2.3;1.84;4.3;345;128;14.7;14.81;1.007;0;1;0;0;0;0;0;0;0;1;0;321;;161;65;0;41
363.3;1229;27;27;4;3.52;74;0;32;38;0;59;8;0.47;1.0;1.0;0;0;189;0;38;3.38;2.3;1.78;3.6;345;128;14.7;15.02;1.022;0;1;0;0;0;0;0;0;0;1;0;318;;160;65;0;85
363.69;1217;25;25;4;3.26;73;0;33;38;0;57;7;0.43;1.0;1.0;0;0;189;0;37;3.12;2.3;1.67;3.3;345;128;14.7;15.02;1.022;0;1;0;0;0;0;0;0;0;1;0;307;;162;65;0;84
363.89;1204;30;30;4;3.75;72;0;32;38;0;61;8;0.49;1.0;1.0;0;0;189;0;38;3.75;2.3;1.86;3.8;345;128;14.7;15.02;1.022;0;1;0;0;0;0;0;0;0;1;0;331;;163;65;0;86
364.29;1345;33;33;4;4.06;73;0;33;37;0;63;10;0.53;1.0;1.0;0;0;189;0;37;4.12;2.3;1.99;4.6;345;128;14.7;14.71;1.001;0;1;0;0;0;0;0;0;0;1;0;350;;162;65;0;88
364.69;1447;32;32;4;3.98;73;0;32;40;0;62;10;0.52;1.0;1.0;0;0;189;0;38;4.0;2.3;1.96;4.8;345;128;14.7;14.71;1.001;0;1;0;0;0;0;0;0;0;1;0;338;;162;65;0;86
365.11;1345;24;24;3;3.2;74;0;34;37;0;56;7;0.43;1.0;1.0;0;0;189;0;36;3.0;1.7;1.65;3.6;345;128;14.7;14.71;1.001;0;1;0;0;0;0;0;0;0;1;0;298;;161;65;0;83
365.51;1370;37;37;5;4.46;73;0;35;36;0;67;11;0.55;1.0;1.0;0;0;189;0;35;4.62;2.9;2.15;5.1;345;128;14.7;16.32;1.11;0;1;0;0;0;0;0;0;0;1;0;376;;162;65;0;41
365.91;1332;20;20;1;2.85;74;0;44;20;0;54;6;0.38;1.0;1.0;0;0;189;0;26;2.5;0.6;1.51;3.2;345;128;14.7;16.32;1.11;0;1;0;0;0;1;0;0;0;1;0;278;;162;65;0;81
366.31;1050;21;21;1;2.92;74;0;50;20;0;55;5;0.38;1.0;1.0;0;0;189;0;20;2.62;0.6;1.54;2.6;345;128;14.7;15.81;1.076;0;1;0;0;0;1;0;0;0;1;0;285;;161;65;0;82
366.7;1089;20;20;1;2.81;73;0;50;20;0;54;5;0.37;1.0;1.0;0;0;189;0;20;2.5;0.6;1.49;2.6;345;128;14.7;15.81;1.076;0;1;0;0;0;1;0;0;0;1;0;283;;162;65;0;81
367.13;1114;21;21;1;2.95;72;0;50;20;0;55;5;0.39;1.0;1.0;0;0;189;0;20;2.62;0.6;1.54;2.7;345;128;14.7;15.81;1.076;0;1;0;0;0;1;0;0;0;1;0;291;;163;65;0;40
367.53;1089;21;21;1;2.93;73;0;50;20;0;55;5;0.38;1.0;1.0;0;0;189;0;20;2.62;0.6;1.54;2.7;345;128;14.7;15.81;1.076;0;1;0;0;0;1;0;0;0;1;0;288;;162;65;0;82
367.92;1089;21;21;1;2.91;69;0;50;20;0;56;5;0.41;1.0;1.0;0;0;189;0;20;2.62;0.6;1.51;2.6;345;128;14.7;15.81;1.076;0;1;0;0;0;1;0;0;0;1;0;292;;167;65;0;83
368.32;1217;30;30;1;3.73;71;0;50;20;0;61;8;0.49;1.0;1.0;0;0;189;0;20;3.75;0.6;1.85;3.8;345;128;14.7;15.81;1.076;0;1;0;0;0;1;0;0;0;1;0;329;;165;65;0;86
368.74;1204;24;24;1;3.13;71;0;50;20;0;57;6;0.43;1.0;1.0;0;0;189;0;20;3.0;0.6;1.61;3.1;345;128;14.7;15.81;1.076;0;1;0;0;0;1;0;0;0;1;0;303;;165;65;0;84
369.14;1165;19;19;1;2.68;71;0;50;20;0;54;4;0.38;1.0;1.0;0;0;189;0;20;2.38;0.6;1.43;2.6;345;128;14.7;15.81;1.076;0;1;0;0;0;1;0;0;0;1;0;277;;165;65;0;82
369.34;1037;19;19;1;2.68;71;0;50;20;0;54;4;0.37;1.0;1.0;0;0;189;0;20;2.38;0.6;1.43;2.3;345;128;14.7;15.81;1.076;0;1;0;0;0;1;0;0;0;1;0;278;;165;65;0;81
369.74;986;18;18;1;2.57;70;0;50;20;0;53;4;0.34;1.0;1.0;0;0;189;0;20;2.25;0.6;1.38;2.1;345;128;14.7;15.81;1.076;0;1;0;0;0;1;0;0;0;1;0;274;;167;65;0;77
370.14;999;18;18;1;2.57;70;0;50;20;0;53;4;0.34;1.0;1.0;0;0;189;0;20;2.25;0.6;1.38;2.1;345;128;14.7;15.81;1.076;0;1;0;0;0;1;0;0;0;1;0;269;;166;65;0;77
370.56;986;17;17;1;2.52;74;0;50;20;0;52;3;0.33;1.0;1.0;0;0;189;0;20;2.12;0.6;1.38;2.1;345;128;14.7;15.81;1.076;0;1;0;0;0;1;0;0;0;1;0;263;;160;65;0;77
370.96;896;16;16;1;2.47;76;0;50;20;0;51;3;0.31;1.0;1.0;0;0;189;0;20;2.0;0.6;1.37;1.8;345;128;14.7;15.81;1.076;0;1;0;0;0;1;0;0;0;1;0;259;;157;65;0;76
371.34;884;16;16;1;2.46;75;0;50;20;0;51;3;0.31;1.0;1.0;0;0;189;0;20;2.0;0.6;1.36;1.8;345;128;14.7;15.81;1.076;0;1;0;0;0;1;0;0;0;1;0;259;;159;65;0;76
371.74;935;15;15;1;2.41;75;0;50;20;0;51;3;0.31;1.0;1.0;0;0;189;0;20;1.88;0.6;1.34;1.9;345;128;14.7;15.81;1.076;0;1;0;0;0;1;0;0;0;1;0;257;;159;65;0;74
372.15;832;17;17;1;2.53;75;0;50;20;0;52;3;0.33;1.0;1.0;0;0;189;0;20;2.12;0.6;1.39;1.8;345;128;14.7;15.81;1.076;0;1;0;0;0;1;0;0;0;1;0;263;;159;65;0;86
372.54;845;16;16;1;2.43;75;0;50;20;0;51;3;0.31;1.0;1.0;0;0;189;0;20;2.0;0.6;1.35;1.7;345;128;14.7;15.81;1.076;0;1;0;0;0;1;0;0;0;1;0;259;;159;65;0;76
372.97;935;17;17;1;2.57;76;0;50;20;0;52;3;0.33;1.0;1.0;0;0;189;0;20;2.12;0.6;1.41;2.0;345;128;14.7;15.81;1.076;0;1;0;0;0;1;0;0;0;1;0;263;;158;65;0;73
373.37;820;17;17;1;2.53;75;0;50;20;0;52;3;0.33;1.0;1.0;0;0;189;0;20;2.12;0.6;1.39;1.7;345;128;14.7;15.81;1.076;0;1;0;0;0;1;0;0;0;1;0;261;;159;65;0;77
373.76;845;17;17;1;2.53;75;0;50;20;0;52;3;0.33;1.0;1.0;0;0;189;0;20;2.12;0.6;1.39;1.8;345;128;14.7;15.81;1.076;0;1;0;0;0;1;0;0;0;1;0;263;;159;65;0;77
374.16;807;17;17;1;2.53;75;0;50;20;0;52;3;0.34;1.0;1.0;0;0;189;0;20;2.12;0.6;1.39;1.7;345;128;14.7;15.81;1.076;0;1;0;0;0;1;0;0;0;1;0;265;;159;65;0;77
374.58;871;18;18;1;2.67;74;0;50;20;0;53;3;0.34;1.0;1.0;0;0;189;0;20;2.25;0.6;1.44;1.9;345;128;14.7;15.81;1.076;0;1;0;0;0;1;0;0;0;1;0;272;;160;65;0;77
374.98;871;17;17;1;2.55;74;0;50;20;0;52;3;0.33;1.0;1.0;0;0;189;0;20;2.12;0.6;1.39;1.9;345;128;14.7;15.81;1.076;0;1;0;0;0;1;0;0;0;1;0;267;;160;65;0;38
375.17;820;17;17;1;2.57;76;0;50;20;0;52;3;0.33;1.0;1.0;0;0;189;0;20;2.12;0.6;1.41;1.8;345;128;14.7;15.81;1.076;0;1;0;0;0;1;0;0;0;1;0;266;;160;65;0;74
375.59;820;18;18;1;2.6;74;0;50;20;0;53;3;0.34;1.0;1.0;0;0;189;0;20;2.25;0.6;1.41;1.8;345;128;14.7;15.81;1.076;0;1;0;0;0;1;0;0;0;1;0;271;;160;65;0;77
375.99;922;16;16;1;2.51;75;0;50;20;0;52;3;0.33;1.0;1.0;0;0;189;0;20;2.0;0.6;1.38;1.9;345;128;14.7;15.81;1.076;0;1;0;0;0;1;0;0;0;1;0;260;;159;65;0;77
376.38;756;17;17;1;2.53;75;0;50;20;0;52;3;0.34;1.0;1.0;0;0;189;0;20;2.12;0.6;1.39;1.6;345;128;14.7;15.81;1.076;0;1;0;0;0;1;0;0;0;1;0;266;;159;65;0;77
376.79;832;18;18;1;2.62;74;0;50;20;0;53;3;0.34;1.0;1.0;0;0;189;0;20;2.25;0.6;1.42;1.8;345;128;14.7;15.81;1.076;0;1;0;0;0;1;0;0;0;1;0;269;;161;65;0;77
377.2;820;15;15;1;2.36;73;0;50;20;0;51;3;0.31;1.0;1.0;0;0;189;0;20;1.88;0.6;1.31;1.6;345;128;14.7;15.81;1.076;0;1;0;0;0;1;0;0;0;1;0;256;;162;65;0;76
377.62;781;18;18;1;2.6;72;0;50;20;0;53;3;0.35;1.0;1.0;0;0;189;0;20;2.25;0.6;1.4;1.7;345;128;14.7;15.81;1.076;0;1;0;0;0;1;0;0;0;1;0;270;;163;65;0;78
378.0;820;17;17;1;2.53;71;0;50;20;0;52;3;0.33;1.0;1.0;0;0;189;0;20;2.12;0.6;1.37;1.7;345;128;14.7;15.81;1.076;0;1;0;0;0;1;0;0;0;1;0;267;;164;65;0;77
378.4;820;18;18;1;2.56;71;0;50;20;0;53;3;0.34;1.0;1.0;0;0;189;0;20;2.25;0.6;1.38;1.7;345;128;14.7;15.81;1.076;0;1;0;0;0;1;0;0;0;1;0;268;;164;65;0;77
378.8;832;18;18;1;2.61;71;0;50;20;0;53;3;0.34;1.0;1.0;0;0;189;0;20;2.25;0.6;1.4;1.8;345;128;14.7;15.81;1.076;0;1;0;0;0;1;0;0;0;1;0;275;;165;65;0;77
379.2;896;18;18;1;2.56;71;0;50;20;0;53;3;0.34;1.0;1.0;0;0;189;0;20;2.25;0.6;1.38;1.9;345;128;14.7;15.81;1.076;0;1;0;0;0;1;0;0;0;1;0;268;;164;65;0;77
379.61;756;17;17;1;2.48;71;0;50;20;0;52;3;0.34;1.0;1.0;0;0;189;0;20;2.12;0.6;1.35;1.6;345;128;14.7;15.81;1.076;0;1;0;0;0;1;0;0;0;1;0;267;;165;65;0;77
380.03;820;25;25;3;3.32;72;0;50;21;0;60;4;0.43;1.0;1.0;0;0;189;0;20;3.12;1.7;1.69;2.3;345;128;14.47;15.81;1.093;0;1;0;0;0;0;0;0;0;1;0;322;;163;65;0;85
380.42;1306;36;36;3;4.32;72;0;34;36;0;64;10;0.55;1.0;1.0;0;0;189;0;36;4.5;1.7;2.09;4.7;345;128;14.7;15.81;1.076;0;1;0;0;0;0;0;0;0;1;0;353;;163;65;0;89
380.61;1422;31;31;4;3.83;71;0;32;38;0;62;9;0.52;1.0;1.0;0;0;189;0;38;3.88;2.3;1.89;4.5;345;128;14.7;15.81;1.076;0;1;0;0;0;0;0;0;0;1;0;337;;164;65;0;86
381.04;1255;24;24;2;3.13;71;0;33;37;0;57;7;0.44;1.0;1.0;0;0;189;0;37;3.0;1.2;1.61;3.3;345;128;14.7;15.81;1.076;0;1;0;0;0;0;0;0;0;1;0;300;;164;65;0;83
381.43;1114;18;18;1;2.62;72;0;50;20;0;53;4;0.35;1.0;1.0;0;0;189;0;20;2.25;0.6;1.41;2.4;345;128;14.7;15.81;1.076;0;1;0;0;0;1;0;0;0;1;0;273;;163;65;0;78
381.83;973;21;21;1;2.95;74;0;50;20;0;55;4;0.38;1.0;1.0;0;0;189;0;20;2.62;0.6;1.55;2.4;345;128;14.7;15.81;1.076;0;1;0;0;0;1;0;0;0;1;0;289;;161;65;0;82
382.22;973;19;19;1;2.76;73;0;50;20;0;54;4;0.37;1.0;1.0;0;0;189;0;20;2.38;0.6;1.47;2.2;345;128;14.7;15.81;1.076;0;1;0;0;0;1;0;0;0;1;0;276;;162;65;0;82
382.65;986;18;18;1;2.58;73;0;50;20;0;53;3;0.34;1.0;1.0;0;0;189;0;20;2.25;0.6;1.4;2.1;345;128;14.7;15.81;1.076;0;1;0;0;0;1;0;0;0;1;0;274;;161;64;0;77
383.04;948;18;18;1;2.6;74;0;50;20;0;53;3;0.34;1.0;1.0;0;0;189;0;20;2.25;0.6;1.41;2.1;345;128;14.7;15.81;1.076;0;1;0;0;0;1;0;0;0;1;0;273;;160;65;0;74
383.45;884;17;17;1;2.58;73;0;50;20;0;53;3;0.34;1.0;1.0;0;0;189;0;20;2.12;0.6;1.4;1.9;345;128;14.7;15.81;1.076;0;1;0;0;0;1;0;0;0;1;0;271;;162;65;0;78
383.84;871;16;16;1;2.45;74;0;50;20;0;51;3;0.31;1.0;1.0;0;0;189;0;20;2.0;0.6;1.35;1.8;345;128;14.7;15.81;1.076;0;1;0;0;0;1;0;0;0;1;0;259;;160;65;0;76
384.25;781;17;17;1;2.61;75;0;50;20;0;53;3;0.35;1.0;1.0;0;0;189;0;20;2.12;0.6;1.42;1.7;345;128;14.7;15.81;1.076;0;1;0;0;0;1;0;0;0;1;0;270;;159;65;0;77
384.65;845;16;16;1;2.46;73;0;50;20;0;52;3;0.33;1.0;1.0;0;0;189;0;20;2.0;0.6;1.35;1.7;345;128;14.7;15.81;1.076;0;1;0;0;0;1;0;0;0;1;0;264;;162;65;0;77
385.05;871;17;17;1;2.53;73;0;50;20;0;52;3;0.33;1.0;1.0;0;0;189;0;20;2.12;0.6;1.38;1.8;345;128;14.7;15.81;1.076;0;1;0;0;0;1;0;0;0;1;0;262;;162;65;0;73
385.45;820;19;19;1;2.76;73;0;50;20;0;54;3;0.36;1.0;1.0;0;0;189;0;20;2.38;0.6;1.47;1.9;345;128;14.7;16.62;1.131;0;1;0;0;0;1;0;0;0;1;0;279;;162;65;0;81
385.85;935;18;18;1;2.61;73;0;50;20;0;53;3;0.34;1.0;1.0;0;0;189;0;20;2.25;0.6;1.41;2.0;345;128;14.7;16.62;1.131;0;1;0;0;0;1;0;0;0;1;0;275;;162;64;0;82
386.25;884;16;16;1;2.42;72;0;50;20;0;51;3;0.31;1.0;1.0;0;0;189;0;20;2.0;0.6;1.33;1.8;345;128;14.7;16.62;1.131;0;1;0;0;0;1;0;0;0;1;0;258;;163;65;0;73
386.47;807;17;17;1;2.53;73;0;50;20;0;52;3;0.34;1.0;1.0;0;0;189;0;20;2.12;0.6;1.38;1.7;345;128;14.7;16.02;1.09;0;1;0;0;0;1;0;0;0;1;0;267;;162;65;0;77
386.87;820;18;18;1;2.6;72;0;50;20;0;53;3;0.34;1.0;1.0;0;0;189;0;20;2.25;0.6;1.4;1.8;345;128;14.7;16.02;1.09;0;1;0;0;0;1;0;0;0;1;0;271;;163;65;0;77
387.28;871;18;18;1;2.65;72;0;50;20;0;53;3;0.34;1.0;1.0;0;0;189;0;20;2.25;0.6;1.42;1.9;345;128;14.7;16.02;1.09;0;1;0;0;0;1;0;0;0;1;0;271;;163;65;0;77
387.67;832;18;18;1;2.63;73;0;50;20;0;53;3;0.34;1.0;1.0;0;0;189;0;20;2.25;0.6;1.42;1.8;345;128;14.7;15.81;1.076;0;1;0;0;0;1;0;0;0;1;0;275;;162;65;0;77
388.06;845;22;22;1;3.0;72;0;50;20;0;57;4;0.4;1.0;1.0;0;0;189;0;20;2.75;0.6;1.56;2.1;345;128;14.7;15.81;1.076;0;1;0;0;0;1;0;0;0;1;0;301;;163;65;0;83
388.46;1012;21;21;1;2.87;72;0;50;20;0;55;4;0.38;1.0;1.0;0;0;189;0;20;2.62;0.6;1.51;2.4;345;128;14.7;15.52;1.056;0;1;0;0;0;1;0;0;0;1;0;290;;163;65;0;82
388.88;896;15;15;1;2.36;73;0;50;20;0;51;3;0.31;1.0;1.0;0;0;189;0;20;1.88;0.6;1.31;1.8;345;128;14.7;15.52;1.056;0;1;0;0;0;1;0;0;0;1;0;254;;162;64;0;76
389.27;717;19;19;1;2.75;74;0;50;20;0;54;3;0.37;1.0;1.0;0;0;189;0;20;2.38;0.6;1.47;1.6;345;128;14.7;15.52;1.056;0;1;0;0;0;1;0;0;0;1;0;277;;160;65;0;74
389.68;896;18;19;1;2.7;74;0;50;20;0;54;3;0.36;1.0;1.0;0;0;189;0;20;2.25;0.6;1.45;2.0;345;128;14.7;16.21;1.103;0;1;0;0;0;1;0;0;0;1;0;276;;161;64;0;81
390.09;871;24;24;3;3.17;74;0;49;25;0;58;4;0.41;1.0;1.0;0;0;189;0;21;3.0;1.7;1.64;2.3;345;128;14.47;16.21;1.12;0;1;0;0;0;0;0;0;0;1;0;312;;160;65;0;84
390.51;1268;30;30;3;3.77;74;0;34;36;0;61;8;0.5;1.0;1.0;0;0;189;0;36;3.75;1.7;1.88;4.0;345;128;14.7;16.11;1.096;0;1;0;0;0;0;0;0;0;1;0;334;;161;65;0;86
390.88;1281;20;20;1;2.83;73;0;36;33;0;54;5;0.38;1.0;1.0;0;0;189;0;34;2.5;0.6;1.5;3.0;345;128;14.7;16.11;1.096;0;1;0;0;0;0;0;0;0;1;0;282;;162;65;0;82
391.29;1012;19;19;1;2.77;74;0;43;27;0;54;4;0.37;1.0;1.0;0;0;189;0;27;2.38;0.6;1.48;2.3;345;128;14.7;16.11;1.096;0;1;0;0;0;0;0;0;0;1;0;279;;160;64;0;74
391.69;1012;19;19;1;2.73;73;0;42;28;0;54;4;0.37;1.0;1.0;0;0;189;0;28;2.38;0.6;1.46;2.3;345;128;14.7;15.62;1.063;0;1;0;0;0;0;0;0;0;1;0;282;;162;64;0;82
391.9;1037;19;19;1;2.72;74;0;39;26;0;54;4;0.37;1.0;1.0;0;0;189;0;31;2.38;0.6;1.46;2.4;345;128;14.7;15.62;1.063;0;1;0;0;0;0;0;0;0;1;0;280;;161;64;0;82
392.3;1012;19;19;1;2.75;72;0;42;28;0;54;4;0.37;1.0;1.0;0;0;189;0;28;2.38;0.6;1.46;2.3;345;128;14.7;15.62;1.063;0;1;0;0;0;0;0;0;0;1;0;282;;163;64;0;82
392.71;999;19;19;1;2.7;74;0;43;27;0;54;4;0.37;1.0;1.0;0;0;189;0;27;2.38;0.6;1.45;2.2;345;128;14.7;16.02;1.09;0;1;0;0;0;0;0;0;0;1;0;276;;161;64;0;81
393.11;986;20;20;1;2.83;73;0;43;27;0;55;4;0.38;1.0;1.0;0;0;189;0;27;2.5;0.6;1.5;2.3;345;128;14.7;16.02;1.09;0;1;0;0;0;0;0;0;0;1;0;284;;162;64;0;82
393.52;999;19;19;1;2.71;73;0;40;30;0;54;4;0.37;1.0;1.0;0;0;189;0;30;2.38;0.6;1.45;2.3;345;128;14.7;16.52;1.124;0;1;0;0;0;0;0;0;0;1;0;279;;162;64;0;81
393.92;1012;17;17;1;2.58;73;0;45;20;0;53;4;0.34;1.0;1.0;0;0;189;0;25;2.12;0.6;1.4;2.2;345;128;14.7;16.52;1.124;0;1;0;0;0;1;0;0;0;1;0;274;;162;64;0;81
394.31;973;19;19;1;2.77;74;0;50;20;0;54;4;0.37;1.0;1.0;0;0;189;0;20;2.38;0.6;1.48;2.2;345;128;14.7;16.52;1.124;0;1;0;0;0;1;0;0;0;1;0;280;;160;64;0;81
394.71;922;19;19;1;2.68;73;0;50;20;0;54;4;0.36;1.0;1.0;0;0;189;0;20;2.38;0.6;1.44;2.1;345;128;14.7;17.42;1.185;0;1;0;0;0;1;0;0;0;1;0;279;;162;65;0;81
395.12;832;17;17;1;2.57;74;0;50;20;0;53;3;0.34;1.0;1.0;0;0;189;0;20;2.12;0.6;1.4;1.8;345;128;14.7;17.42;1.185;0;1;0;0;0;1;0;0;0;1;0;270;;160;64;0;77
395.53;807;21;21;1;2.88;73;0;50;20;0;55;3;0.38;1.0;1.0;0;0;189;0;20;2.62;0.6;1.52;1.9;345;128;14.7;15.81;1.076;0;1;0;0;0;1;0;0;0;1;0;288;;162;65;0;82
395.94;768;21;21;1;2.96;73;0;50;20;0;56;3;0.4;1.0;1.0;0;0;189;0;20;2.62;0.6;1.55;1.9;345;128;14.7;15.81;1.076;0;1;0;0;0;1;0;0;0;1;0;296;;162;65;0;40
396.32;807;23;23;1;3.13;73;0;50;20;0;57;4;0.41;1.0;1.0;0;0;189;0;20;2.88;0.6;1.62;2.1;345;128;14.47;15.81;1.093;0;1;0;0;0;1;0;0;0;1;0;303;;161;64;0;82
396.73;730;22;22;1;3.0;74;0;50;20;0;56;3;0.4;1.0;1.0;0;0;189;0;20;2.75;0.6;1.57;1.8;345;128;14.7;14.91;1.014;0;1;0;0;0;1;0;0;0;1;0;297;;161;64;0;83
397.15;730;22;22;1;3.05;74;0;50;20;0;57;3;0.41;1.0;1.0;0;0;189;0;20;2.75;0.6;1.59;1.9;345;128;14.7;14.91;1.014;0;1;0;0;0;1;0;0;0;1;0;302;;160;64;0;83
397.54;871;21;21;1;2.92;74;0;50;20;0;55;4;0.38;1.0;1.0;0;0;189;0;20;2.62;0.6;1.54;2.1;345;128;14.7;15.21;1.035;0;1;0;0;0;1;0;0;0;1;0;291;;161;64;0;82
397.75;973;19;19;1;2.77;74;0;50;20;0;54;4;0.37;1.0;1.0;0;0;189;0;20;2.38;0.6;1.48;2.2;345;128;14.7;15.21;1.035;0;1;0;0;0;1;0;0;0;1;0;280;;162;65;0;81
398.15;781;17;17;1;2.6;76;0;50;20;0;53;3;0.35;1.0;1.0;0;0;189;0;20;2.12;0.6;1.42;1.7;345;128;14.7;15.21;1.035;0;1;0;0;0;1;0;0;0;1;0;273;;158;65;0;77
398.54;653;22;22;1;3.03;75;0;50;20;0;57;3;0.41;1.0;1.0;0;0;189;0;20;2.75;0.6;1.59;1.6;345;128;14.7;16.11;1.096;0;1;0;0;0;1;0;0;0;1;0;303;;158;64;0;83
398.95;756;27;27;1;3.55;74;0;50;20;0;61;4;0.45;1.0;1.0;0;0;189;0;20;3.38;0.6;1.79;2.2;345;128;14.47;16.11;1.113;0;1;0;0;0;1;0;0;0;1;0;329;;160;65;0;85
399.36;871;20;20;1;2.82;74;0;50;20;0;54;3;0.36;1.0;1.0;0;0;189;0;20;2.5;0.6;1.5;2.0;345;128;14.7;16.11;1.096;0;1;0;0;0;1;0;0;0;1;0;283;;161;64;0;74
399.75;768;20;20;1;2.9;76;0;50;20;0;55;3;0.38;1.0;1.0;0;0;189;0;20;2.5;0.6;1.54;1.9;345;128;14.7;14.41;0.98;0;1;0;0;0;1;0;0;0;1;0;291;;158;64;0;82
400.16;666;23;23;1;3.15;74;0;50;20;0;58;3;0.42;1.0;1.0;0;0;189;0;20;2.88;0.6;1.63;1.7;345;128;14.7;14.41;0.98;0;1;0;0;0;1;0;0;0;1;0;310;;160;64;0;84
400.56;781;23;23;1;3.16;73;0;50;20;0;58;4;0.41;1.0;1.0;0;0;189;0;20;2.88;0.6;1.63;2.1;345;128;14.47;14.61;1.01;0;1;0;0;0;1;0;0;0;1;0;310;;162;65;0;91
400.97;781;23;23;1;3.08;73;0;50;20;0;57;4;0.41;1.0;1.0;0;0;189;0;20;2.88;0.6;1.6;2.0;345;128;14.47;14.61;1.01;0;1;0;0;0;1;0;0;0;1;0;303;;162;65;0;83
401.37;730;22;22;1;3.0;74;0;50;20;0;56;3;0.4;1.0;1.0;0;0;189;0;20;2.75;0.6;1.57;1.8;345;128;14.7;14.61;0.994;0;1;0;0;0;1;0;0;0;1;0;298;;161;64;0;83
401.77;781;23;23;1;3.15;74;0;50;20;0;58;4;0.41;1.0;1.0;0;0;189;0;20;2.88;0.6;1.63;2.1;345;128;14.47;14.91;1.03;0;1;0;0;0;1;0;0;0;1;0;308;;158;65;0;84
402.18;807;22;22;1;3.06;73;0;50;20;0;57;4;0.41;1.0;1.0;0;0;189;0;20;2.75;0.6;1.59;2.1;345;128;14.7;14.91;1.014;0;1;0;0;0;1;0;0;0;1;0;307;;159;64;0;84
402.59;756;23;23;1;3.1;74;0;50;20;0;57;4;0.41;1.0;1.0;0;0;189;0;20;2.88;0.6;1.61;2.0;345;128;14.47;14.81;1.023;0;1;0;0;0;1;0;0;0;1;0;304;;160;65;0;84
402.98;807;22;22;1;3.02;76;0;50;20;0;56;3;0.4;1.0;1.0;0;0;189;0;20;2.75;0.6;1.59;2.0;345;128;14.7;14.81;1.007;0;1;0;0;0;1;0;0;0;1;0;299;;157;64;0;77
403.19;781;22;23;1;3.07;74;0;50;20;0;57;4;0.41;1.0;1.0;0;0;189;0;20;2.75;0.6;1.6;2.0;345;128;14.7;14.81;1.007;0;1;0;0;0;1;0;0;0;1;0;303;;161;64;0;84
403.59;768;23;23;1;3.15;72;0;50;20;0;57;4;0.41;1.0;1.0;0;0;189;0;20;2.88;0.6;1.62;2.0;345;128;14.47;15.11;1.044;0;1;0;0;0;1;0;0;0;1;0;306;;163;65;0;84
403.99;756;22;22;1;3.05;74;0;50;20;0;57;4;0.41;1.0;1.0;0;0;189;0;20;2.75;0.6;1.59;1.9;345;128;14.7;15.11;1.028;0;1;0;0;0;1;0;0;0;1;0;303;;161;64;0;90
404.38;820;23;23;1;3.1;74;0;50;20;0;57;4;0.4;1.0;1.0;0;0;189;0;20;2.88;0.6;1.61;2.1;345;128;14.47;15.11;1.044;0;1;0;0;0;1;0;0;0;1;0;302;;161;65;0;83
404.8;756;23;23;1;3.16;75;0;50;20;0;57;4;0.41;1.0;1.0;0;0;189;0;20;2.88;0.6;1.64;2.0;345;128;14.47;14.51;1.003;0;1;0;0;0;1;0;0;0;1;0;307;;160;65;0;84
405.21;768;23;23;1;3.08;75;0;50;20;0;57;3;0.41;1.0;1.0;0;0;189;0;20;2.88;0.6;1.61;2.0;345;128;14.47;14.51;1.003;0;1;0;0;0;1;0;0;0;1;0;306;;159;64;0;84
405.63;820;23;23;1;3.16;73;0;50;20;0;58;4;0.41;1.0;1.0;0;0;189;0;20;2.88;0.6;1.63;2.2;345;128;14.47;14.91;1.03;0;1;0;0;0;1;0;0;0;1;0;311;;162;65;0;84
406.01;781;22;22;1;2.98;73;0;50;20;0;56;4;0.4;1.0;1.0;0;0;189;0;20;2.75;0.6;1.56;1.9;345;128;14.7;14.91;1.014;0;1;0;0;0;1;0;0;0;1;0;295;;162;65;0;83
406.42;781;22;22;1;3.05;72;0;50;20;0;57;3;0.41;1.0;1.0;0;0;189;0;20;2.75;0.6;1.58;2.0;345;128;14.7;14.71;1.001;0;1;0;0;0;1;0;0;0;1;0;306;;163;65;0;84
406.83;781;23;23;1;3.15;72;0;50;20;0;58;4;0.41;1.0;1.0;0;0;189;0;20;2.88;0.6;1.62;2.1;345;128;14.47;14.71;1.017;0;1;0;0;0;1;0;0;0;1;0;311;;163;65;0;84
407.23;832;22;22;1;3.07;72;0;50;20;0;57;4;0.4;1.0;1.0;0;0;189;0;20;2.75;0.6;1.59;2.1;345;128;14.7;14.71;1.001;0;1;0;0;0;1;0;0;0;1;0;306;;163;64;0;83
407.63;768;22;22;1;3.07;74;0;50;20;0;57;4;0.41;1.0;1.0;0;0;189;0;20;2.75;0.6;1.6;2.0;345;128;14.7;14.91;1.014;0;1;0;0;0;1;0;0;0;1;0;301;;161;64;0;84
408.02;807;22;22;1;3.08;75;0;50;20;0;57;4;0.41;1.0;1.0;0;0;189;0;20;2.75;0.6;1.61;2.1;345;128;14.7;14.91;1.014;0;1;0;0;0;1;0;0;0;1;0;306;;159;64;0;84
408.43;756;23;23;1;3.16;75;0;50;20;0;57;4;0.41;1.0;1.0;0;0;189;0;20;2.88;0.6;1.64;2.0;345;128;14.47;14.91;1.03;0;1;0;0;0;1;0;0;0;1;0;307;;161;64;0;84
408.82;820;22;22;1;3.07;74;0;50;20;0;57;4;0.4;1.0;1.0;0;0;189;0;20;2.75;0.6;1.6;2.1;345;128;14.7;14.91;1.014;0;1;0;0;0;1;0;0;0;1;0;305;;161;64;0;84
409.03;781;23;23;1;3.13;73;0;50;20;0;57;4;0.41;1.0;1.0;0;0;189;0;20;2.88;0.6;1.62;2.0;345;128;14.47;14.91;1.03;0;1;0;0;0;1;0;0;0;1;0;307;;162;65;0;84
409.44;832;22;22;1;3.07;74;0;50;20;0;57;4;0.4;1.0;1.0;0;0;189;0;20;2.75;0.6;1.6;2.1;345;128;14.7;14.61;0.994;0;1;0;0;0;1;0;0;0;1;0;302;;161;64;0;83
409.84;730;22;22;1;3.05;74;0;50;20;0;57;3;0.41;1.0;1.0;0;0;189;0;20;2.75;0.6;1.59;1.9;345;128;14.7;14.61;0.994;0;1;0;0;0;1;0;0;0;1;0;304;;161;65;0;83
410.24;781;30;30;2;3.82;74;0;45;24;0;64;5;0.48;1.0;1.0;0;0;189;0;25;3.75;1.2;1.9;2.5;345;128;14.47;14.61;1.01;0;1;0;0;0;0;0;0;0;1;0;355;;160;64;0;84
410.65;1204;30;30;1;3.82;74;0;37;20;0;61;8;0.49;1.0;1.0;0;0;189;0;33;3.75;0.6;1.9;3.8;345;128;14.7;14.71;1.001;0;1;0;0;0;1;0;0;0;1;0;332;;159;64;0;86
411.05;1037;20;20;1;2.82;74;0;50;20;0;55;4;0.38;1.0;1.0;0;0;189;0;20;2.5;0.6;1.5;2.4;345;128;14.7;14.71;1.001;0;1;0;0;0;1;0;0;0;1;0;291;;162;64;0;82
411.44;986;30;30;4;3.81;75;0;44;26;0;63;6;0.48;1.0;1.0;0;0;189;0;26;3.75;2.3;1.9;3.1;345;128;14.47;14.71;1.017;0;1;0;0;0;0;0;0;0;1;0;349;;159;64;0;88
411.84;1396;35;35;5;4.26;73;0;32;38;0;64;11;0.55;1.0;1.0;0;0;189;0;38;4.38;2.9;2.07;5.0;345;128;14.7;14.71;1.001;0;1;0;0;0;0;0;0;0;1;0;355;;162;64;0;89
412.26;1396;26;26;5;3.4;74;0;32;38;0;58;8;0.46;1.0;1.0;0;0;189;0;38;3.25;2.9;1.73;4.0;345;128;14.7;14.71;1.001;0;1;0;0;0;0;0;0;0;1;0;309;;160;64;0;84
412.65;1383;25;25;5;3.3;74;0;33;39;0;57;8;0.45;1.0;1.0;0;0;189;0;37;3.12;2.9;1.69;3.8;345;128;14.7;15.41;1.048;0;1;0;0;0;0;0;0;0;1;0;304;;161;64;0;84
413.05;1447;24;24;5;3.18;73;0;32;38;0;56;8;0.44;1.0;1.0;0;0;189;0;38;3.0;2.9;1.64;3.8;345;128;14.7;15.41;1.048;0;1;0;0;0;0;0;0;0;1;0;297;;162;64;0;83
413.46;1588;29;29;5;3.7;72;0;29;41;0;59;10;0.48;1.0;1.0;0;0;189;0;41;3.62;2.9;1.84;4.9;345;128;14.7;15.71;1.069;0;1;0;0;0;0;0;0;0;1;0;317;;163;64;0;85
413.86;1767;31;31;7;3.86;73;0;27;43;0;61;12;0.5;1.0;1.0;0;0;189;0;43;3.88;4.1;1.91;5.7;345;128;14.7;15.71;1.069;0;1;0;0;0;0;0;0;0;1;0;334;;162;64;0;86
414.27;1703;28;28;7;3.58;73;0;29;41;0;59;11;0.48;1.0;1.0;0;0;189;0;41;3.5;4.1;1.8;5.1;345;128;14.7;15.71;1.069;0;1;0;0;0;0;0;0;0;1;0;316;;162;64;0;84
414.68;1306;21;21;1;2.88;73;0;38;20;0;54;6;0.38;1.0;1.0;0;0;189;0;32;2.62;0.6;1.52;3.1;345;128;14.7;14.51;0.987;0;1;0;0;0;1;0;0;0;1;0;279;;162;64;0;81
414.87;1165;19;19;1;2.8;76;0;50;20;0;54;5;0.38;1.0;1.0;0;0;189;0;20;2.38;0.6;1.5;2.7;345;128;14.7;14.51;0.987;0;1;0;0;0;1;0;0;0;1;0;280;;158;64;0;82
415.27;1063;20;20;1;2.8;74;0;50;20;0;54;4;0.37;1.0;1.0;0;0;189;0;20;2.5;0.6;1.49;2.5;345;128;14.7;14.51;0.987;0;1;0;0;0;1;0;0;0;1;0;278;;161;64;0;81
415.67;986;22;22;1;3.01;73;0;50;20;0;56;4;0.4;1.0;1.0;0;0;189;0;20;2.75;0.6;1.57;2.5;345;128;14.7;15.81;1.076;0;1;0;0;0;1;0;0;0;1;0;299;;162;64;0;76
416.09;922;23;23;1;3.16;73;0;50;20;0;58;4;0.41;1.0;1.0;0;0;189;0;20;2.88;0.6;1.63;2.4;345;128;14.47;15.81;1.093;0;1;0;0;0;1;0;0;0;1;0;314;;163;64;0;85
416.49;922;22;22;1;3.03;73;0;50;20;0;57;4;0.41;1.0;1.0;0;0;189;0;20;2.75;0.6;1.58;2.3;345;128;14.7;14.62;0.995;0;1;0;0;0;1;0;0;0;1;0;303;;162;65;0;83
416.89;871;22;22;1;3.03;73;0;50;20;0;57;4;0.4;1.0;1.0;0;0;189;0;20;2.75;0.6;1.58;2.2;345;128;14.7;14.62;0.995;0;1;0;0;0;1;0;0;0;1;0;302;;162;64;0;83
417.29;935;23;23;1;3.13;73;0;50;20;0;57;4;0.41;1.0;1.0;0;0;189;0;20;2.88;0.6;1.62;2.4;345;128;14.47;14.62;1.01;0;1;0;0;0;1;0;0;0;1;0;304;;162;65;0;83
417.71;871;21;21;1;2.91;73;0;50;20;0;56;4;0.39;1.0;1.0;0;0;189;0;20;2.62;0.6;1.53;2.1;345;128;14.7;15.31;1.041;0;1;0;0;0;1;0;0;0;1;0;294;;162;65;0;82
418.1;832;21;21;1;2.95;74;0;50;20;0;56;4;0.39;1.0;1.0;0;0;189;0;20;2.62;0.6;1.55;2.0;345;128;14.7;15.31;1.041;0;1;0;0;0;1;0;0;0;1;0;296;;161;65;0;77
418.51;896;21;21;1;2.97;74;0;50;20;0;56;4;0.39;1.0;1.0;0;0;189;0;20;2.62;0.6;1.56;2.2;345;128;14.7;14.61;0.994;0;1;0;0;0;1;0;0;0;1;0;293;;161;65;0;82
418.91;781;21;21;1;2.95;74;0;50;20;0;56;3;0.4;1.0;1.0;0;0;189;0;20;2.62;0.6;1.55;1.9;345;128;14.7;14.61;0.994;0;1;0;0;0;1;0;0;0;1;0;294;;161;65;0;41
419.31;781;23;23;1;3.1;74;0;50;20;0;57;4;0.41;1.0;1.0;0;0;189;0;20;2.88;0.6;1.61;2.0;345;128;14.47;14.61;1.01;0;1;0;0;0;1;0;0;0;1;0;302;;162;65;0;84
419.71;871;22;22;1;3.0;74;0;50;20;0;56;4;0.39;1.0;1.0;0;0;189;0;20;2.75;0.6;1.57;2.2;345;128;14.7;14.41;0.98;0;1;0;0;0;1;0;0;0;1;0;297;;161;65;0;83
420.13;768;21;21;1;2.97;74;0;50;20;0;56;3;0.4;1.0;1.0;0;0;189;0;20;2.62;0.6;1.56;1.9;345;128;14.7;14.41;0.98;0;1;0;0;0;1;0;0;0;1;0;293;;161;65;0;82
420.32;820;22;22;1;3.02;74;0;50;20;0;56;4;0.39;1.0;1.0;0;0;189;0;20;2.75;0.6;1.58;2.1;345;128;14.7;14.41;0.98;0;1;0;0;0;1;0;0;0;1;0;298;;161;65;0;83
420.73;768;21;21;1;2.95;74;0;50;20;0;56;3;0.4;1.0;1.0;0;0;189;0;20;2.62;0.6;1.55;1.9;345;128;14.7;14.62;0.995;0;1;0;0;0;1;0;0;0;1;0;292;;161;65;0;82
421.13;768;22;22;1;3.03;73;0;50;20;0;56;4;0.4;1.0;1.0;0;0;189;0;20;2.75;0.6;1.58;1.9;345;128;14.7;14.62;0.995;0;1;0;0;0;1;0;0;0;1;0;299;;162;65;0;83
421.53;807;21;21;1;2.96;73;0;50;20;0;56;3;0.4;1.0;1.0;0;0;189;0;20;2.62;0.6;1.55;2.0;345;128;14.7;14.71;1.001;0;1;0;0;0;1;0;0;0;1;0;296;;162;65;0;82
421.93;768;22;22;1;3.07;72;0;50;20;0;57;4;0.41;1.0;1.0;0;0;189;0;20;2.75;0.6;1.59;2.0;345;128;14.7;14.71;1.001;0;1;0;0;0;1;0;0;0;1;0;303;;163;65;0;84
422.34;832;30;30;4;3.78;73;0;45;25;0;64;5;0.48;1.0;1.0;0;0;189;0;25;3.75;2.3;1.88;2.6;345;128;14.47;14.71;1.017;0;1;0;0;0;0;0;0;0;1;0;358;;162;65;0;89
422.74;1306;40;40;5;4.67;72;0;36;34;0;70;11;0.55;1.0;1.0;0;0;189;0;34;5.0;2.9;2.23;5.1;345;128;14.7;16.21;1.103;0;1;0;0;0;0;0;0;0;1;0;399;;163;65;0;100
423.14;1511;35;35;5;4.25;72;0;31;38;0;64;11;0.55;1.0;1.0;0;0;189;0;39;4.38;2.9;2.06;5.4;345;128;14.7;16.21;1.103;0;1;0;0;0;0;0;0;0;1;0;357;;163;65;0;89
423.55;1255;27;27;4;3.5;72;0;32;38;0;59;8;0.47;1.0;1.0;0;0;189;0;38;3.38;2.3;1.76;3.7;345;128;14.7;14.31;0.973;0;1;0;0;0;0;0;0;0;1;0;317;;163;65;0;85
423.95;1217;30;30;5;3.76;73;0;35;37;0;61;8;0.49;1.0;1.0;0;0;189;0;35;3.75;2.9;1.87;3.8;345;128;14.7;14.31;0.973;0;1;0;0;0;0;0;0;0;1;0;331;;162;65;0;86
424.36;1255;32;32;5;3.92;74;0;32;38;0;62;9;0.52;1.0;1.0;0;0;189;0;38;4.0;2.9;1.94;4.1;345;128;14.7;14.31;0.973;0;1;0;0;0;0;0;0;0;1;0;336;;160;65;0;86
424.75;1332;30;30;4;3.76;73;0;33;37;0;61;8;0.5;1.0;1.0;0;0;189;0;37;3.75;2.3;1.87;4.2;345;128;14.7;14.01;0.953;0;1;0;0;0;0;0;0;0;1;0;330;;162;65;0;86
425.17;1281;28;28;4;3.62;74;0;33;37;0;60;8;0.48;1.0;1.0;0;0;189;0;37;3.5;2.3;1.82;3.9;345;128;14.7;14.01;0.953;0;1;0;0;0;0;0;0;0;1;0;324;;161;65;0;85
425.57;1217;27;27;4;3.48;73;0;32;38;0;59;7;0.46;1.0;1.0;0;0;189;0;38;3.38;2.3;1.76;3.5;345;128;14.7;14.01;0.953;0;1;0;0;0;0;0;0;0;1;0;319;;162;65;0;85
425.79;1165;21;21;1;2.92;74;0;50;20;0;55;5;0.39;1.0;1.0;0;0;189;0;20;2.62;0.6;1.54;2.8;345;128;14.7;14.01;0.953;0;1;0;0;0;1;0;0;0;1;0;289;;161;65;0;76
426.18;948;22;22;1;3.05;74;0;50;20;0;57;4;0.41;1.0;1.0;0;0;189;0;20;2.75;0.6;1.59;2.4;345;128;14.7;14.01;0.953;0;1;0;0;0;1;0;0;0;1;0;302;;161;65;0;83
426.58;1012;23;23;1;3.08;73;0;50;20;0;56;5;0.4;1.0;1.0;0;0;189;0;20;2.88;0.6;1.6;2.6;345;128;14.47;15.21;1.051;0;1;0;0;0;1;0;0;0;1;0;297;;162;65;0;83
426.98;948;22;22;1;3.0;74;0;50;20;0;56;4;0.4;1.0;1.0;0;0;189;0;20;2.75;0.6;1.57;2.4;345;128;14.7;15.21;1.035;0;1;0;0;0;1;0;0;0;1;0;293;;160;65;0;82
427.37;999;22;22;1;3.0;72;0;50;20;0;56;5;0.4;1.0;1.0;0;0;189;0;20;2.75;0.6;1.56;2.5;345;128;14.7;15.21;1.035;0;1;0;0;0;1;0;0;0;1;0;293;;163;65;0;83
427.77;973;21;21;1;2.92;74;0;50;20;0;55;4;0.38;1.0;1.0;0;0;189;0;20;2.62;0.6;1.54;2.4;345;128;14.7;15.12;1.029;0;1;0;0;0;1;0;0;0;1;0;287;;161;65;0;90
428.19;973;20;20;1;2.82;72;0;50;20;0;55;4;0.38;1.0;1.0;0;0;189;0;20;2.5;0.6;1.49;2.3;345;128;14.7;15.12;1.029;0;1;0;0;0;1;0;0;0;1;0;285;;163;65;0;82
428.59;986;20;20;1;2.77;74;0;50;20;0;55;4;0.38;1.0;1.0;0;0;189;0;20;2.5;0.6;1.48;2.3;345;128;14.7;15.81;1.076;0;1;0;0;0;1;0;0;0;1;0;284;;161;65;0;82
429.0;948;19;19;1;2.68;73;0;50;20;0;54;4;0.36;1.0;1.0;0;0;189;0;20;2.38;0.6;1.44;2.1;345;128;14.7;15.81;1.076;0;1;0;0;0;1;0;0;0;1;0;277;;162;65;0;82
429.4;884;17;17;1;2.58;73;0;50;20;0;53;3;0.34;1.0;1.0;0;0;189;0;20;2.12;0.6;1.4;1.9;345;128;14.7;15.81;1.076;0;1;0;0;0;1;0;0;0;1;0;270;;163;65;0;77
429.79;884;18;18;1;2.61;73;0;50;20;0;53;3;0.34;1.0;1.0;0;0;189;0;20;2.25;0.6;1.41;1.9;345;128;14.7;16.11;1.096;0;1;0;0;0;1;0;0;0;1;0;273;;162;65;0;77
430.22;845;18;18;1;2.61;73;0;50;20;0;53;3;0.34;1.0;1.0;0;0;189;0;20;2.25;0.6;1.41;1.8;345;128;14.7;16.11;1.096;0;1;0;0;0;1;0;0;0;1;0;273;;162;65;0;81
430.61;871;18;18;1;2.58;73;0;50;20;0;53;3;0.34;1.0;1.0;0;0;189;0;20;2.25;0.6;1.4;1.9;345;128;14.7;15.42;1.049;0;1;0;0;0;1;0;0;0;1;0;274;;162;65;0;81
431.02;948;19;19;1;2.7;72;0;50;20;0;54;3;0.36;1.0;1.0;0;0;189;0;20;2.38;0.6;1.44;2.1;345;128;14.7;15.42;1.049;0;1;0;0;0;1;0;0;0;1;0;276;;163;65;0;81
431.2;896;18;18;1;2.63;73;0;50;20;0;53;3;0.34;1.0;1.0;0;0;189;0;20;2.25;0.6;1.42;2.0;345;128;14.7;15.42;1.049;0;1;0;0;0;1;0;0;0;1;0;273;;162;65;0;81
431.61;807;17;17;1;2.56;73;0;50;20;0;53;3;0.35;1.0;1.0;0;0;189;0;20;2.12;0.6;1.39;1.7;345;128;14.7;15.82;1.076;0;1;0;0;0;1;0;0;0;1;0;271;;162;65;0;77
432.01;896;18;18;1;2.61;73;0;50;20;0;53;3;0.34;1.0;1.0;0;0;189;0;20;2.25;0.6;1.41;1.9;345;128;14.7;15.82;1.076;0;1;0;0;0;1;0;0;0;1;0;274;;162;65;0;77
432.42;845;19;19;1;2.76;73;0;50;20;0;54;3;0.36;1.0;1.0;0;0;189;0;20;2.38;0.6;1.47;1.9;345;128;14.7;15.82;1.076;0;1;0;0;0;1;0;0;0;1;0;276;;162;65;0;81
432.83;832;18;18;1;2.58;73;0;50;20;0;53;3;0.34;1.0;1.0;0;0;189;0;20;2.25;0.6;1.4;1.8;345;128;14.7;16.02;1.09;0;1;0;0;0;1;0;0;0;1;0;270;;162;65;0;74
433.23;820;17;17;1;2.6;74;0;50;20;0;53;3;0.34;1.0;1.0;0;0;189;0;20;2.12;0.6;1.41;1.8;345;128;14.7;16.02;1.09;0;1;0;0;0;1;0;0;0;1;0;273;;161;65;0;81
433.62;871;20;20;1;2.82;74;0;50;20;0;55;4;0.38;1.0;1.0;0;0;189;0;20;2.5;0.6;1.5;2.0;345;128;14.7;16.21;1.103;0;1;0;0;0;1;0;0;0;1;0;285;;162;65;0;82
434.02;884;21;21;1;2.93;73;0;50;20;0;56;4;0.39;1.0;1.0;0;0;189;0;20;2.62;0.6;1.54;2.2;345;128;14.7;16.21;1.103;0;1;0;0;0;1;0;0;0;1;0;292;;162;65;0;82
434.43;1229;41;41;6;4.78;75;0;38;33;0;71;11;0.55;1.0;1.0;0;0;189;0;32;5.12;3.5;2.29;4.9;345;128;14.7;16.21;1.103;0;1;0;0;0;0;0;0;0;1;0;405;;159;65;0;101
434.82;1537;32;32;5;3.92;74;0;31;39;0;62;10;0.52;1.0;1.0;0;0;189;0;39;4.0;2.9;1.94;5.0;345;128;14.7;14.21;0.967;0;1;0;0;0;0;0;0;0;1;0;336;;160;65;0;86
435.23;1114;17;17;1;2.52;74;0;49;20;0;52;4;0.34;1.0;1.0;0;0;189;0;21;2.12;0.6;1.38;2.3;345;128;14.7;14.21;0.967;0;1;0;0;0;1;0;0;0;1;0;262;;160;65;0;77
435.62;973;21;21;1;2.91;75;0;50;20;0;55;4;0.38;1.0;1.0;0;0;189;0;20;2.62;0.6;1.54;2.4;345;128;14.7;15.72;1.069;0;1;0;0;0;1;0;0;0;1;0;291;;159;65;0;82
436.03;1037;23;23;1;3.08;73;0;50;20;0;56;5;0.41;1.0;1.0;0;0;189;0;20;2.88;0.6;1.6;2.7;345;128;14.7;15.72;1.069;0;1;0;0;0;1;0;0;0;1;0;292;;162;65;0;82
436.43;973;20;20;1;2.85;74;0;50;20;0;55;4;0.38;1.0;1.0;0;0;189;0;20;2.5;0.6;1.51;2.3;345;128;14.7;15.72;1.069;0;1;0;0;0;1;0;0;0;1;0;285;;161;65;0;75
436.83;986;20;20;1;2.81;73;0;50;20;0;54;4;0.37;1.0;1.0;0;0;189;0;20;2.5;0.6;1.49;2.3;345;128;14.7;15.41;1.048;0;1;0;0;0;1;0;0;0;1;0;282;;162;65;0;82
437.04;948;19;19;1;2.76;73;0;50;20;0;54;4;0.36;1.0;1.0;0;0;189;0;20;2.38;0.6;1.47;2.2;345;128;14.7;15.41;1.048;0;1;0;0;0;1;0;0;0;1;0;278;;162;65;0;81
437.43;896;18;18;1;2.63;73;0;50;20;0;53;3;0.34;1.0;1.0;0;0;189;0;20;2.25;0.6;1.42;2.0;345;128;14.7;15.41;1.048;0;1;0;0;0;1;0;0;0;1;0;273;;162;65;0;81
437.84;871;18;18;1;2.62;72;0;50;20;0;53;3;0.34;1.0;1.0;0;0;189;0;20;2.25;0.6;1.41;1.9;345;128;14.7;16.02;1.09;0;1;0;0;0;1;0;0;0;1;0;274;;163;65;0;81
438.24;896;17;17;1;2.6;74;0;50;20;0;53;3;0.34;1.0;1.0;0;0;189;0;20;2.12;0.6;1.41;1.9;345;128;14.7;16.02;1.09;0;1;0;0;0;1;0;0;0;1;0;271;;160;65;0;77
438.65;845;18;18;1;2.62;72;0;50;20;0;53;3;0.34;1.0;1.0;0;0;189;0;20;2.25;0.6;1.41;1.8;345;128;14.7;16.32;1.11;0;1;0;0;0;1;0;0;0;1;0;274;;163;65;0;81
439.06;832;16;16;1;2.48;73;0;50;20;0;52;3;0.33;1.0;1.0;0;0;189;0;20;2.0;0.6;1.36;1.7;345;128;14.7;16.32;1.11;0;1;0;0;0;1;0;0;0;1;0;266;;162;65;0;77
439.46;768;18;18;1;2.61;73;0;50;20;0;53;3;0.35;1.0;1.0;0;0;189;0;20;2.25;0.6;1.41;1.7;345;128;14.7;16.32;1.11;0;1;0;0;0;1;0;0;0;1;0;273;;162;65;0;74
439.87;845;20;20;1;2.81;73;0;50;20;0;54;3;0.36;1.0;1.0;0;0;189;0;20;2.5;0.6;1.49;2.0;345;128;14.7;15.81;1.076;0;1;0;0;0;1;0;0;0;1;0;281;;162;65;0;82
440.26;832;18;18;1;2.63;73;0;50;20;0;54;3;0.36;1.0;1.0;0;0;189;0;20;2.25;0.6;1.42;1.8;345;128;14.7;15.81;1.076;0;1;0;0;0;1;0;0;0;1;0;276;;162;65;0;78
440.69;768;18;18;1;2.61;73;0;50;20;0;53;3;0.35;1.0;1.0;0;0;189;0;20;2.25;0.6;1.41;1.7;345;128;14.7;15.31;1.041;0;1;0;0;0;1;0;0;0;1;0;273;;162;65;0;77
441.07;845;20;20;1;2.86;73;0;50;20;0;55;3;0.38;1.0;1.0;0;0;189;0;20;2.5;0.6;1.51;2.0;345;128;14.7;15.31;1.041;0;1;0;0;0;1;0;0;0;1;0;286;;162;65;0;82
441.47;820;18;18;1;2.65;72;0;50;20;0;54;3;0.36;1.0;1.0;0;0;189;0;20;2.25;0.6;1.42;1.8;345;128;14.7;15.31;1.041;0;1;0;0;0;1;0;0;0;1;0;277;;162;65;0;82
441.87;768;20;20;1;2.76;73;0;50;20;0;54;3;0.37;1.0;1.0;0;0;189;0;20;2.5;0.6;1.47;1.8;345;128;14.7;15.21;1.035;0;1;0;0;0;1;0;0;0;1;0;281;;161;65;0;82
442.28;820;19;19;1;2.72;74;0;50;20;0;54;3;0.36;1.0;1.0;0;0;189;0;20;2.38;0.6;1.46;1.9;345;128;14.7;15.21;1.035;0;1;0;0;0;1;0;0;0;1;0;281;;161;65;0;82
442.7;768;19;19;1;2.7;74;0;50;20;0;54;3;0.37;1.0;1.0;0;0;189;0;20;2.38;0.6;1.45;1.7;345;128;14.7;15.71;1.069;0;1;0;0;0;1;0;0;0;1;0;276;;161;65;0;81
442.88;781;20;20;1;2.81;75;0;50;20;0;55;3;0.38;1.0;1.0;0;0;189;0;20;2.5;0.6;1.5;1.8;345;128;14.7;15.71;1.069;0;1;0;0;0;1;0;0;0;1;0;284;;159;65;0;82
443.28;781;21;21;1;2.9;74;0;50;20;0;55;3;0.38;1.0;1.0;0;0;189;0;20;2.62;0.6;1.53;1.9;345;128;14.7;15.71;1.069;0;1;0;0;0;1;0;0;0;1;0;290;;161;65;0;81
443.69;820;19;19;1;2.72;74;0;50;20;0;54;3;0.36;1.0;1.0;0;0;189;0;20;2.38;0.6;1.46;1.9;345;128;14.7;15.51;1.055;0;1;0;0;0;1;0;0;0;1;0;281;;161;65;0;75
444.09;781;20;20;1;2.82;74;0;50;20;0;55;3;0.38;1.0;1.0;0;0;189;0;20;2.5;0.6;1.5;1.8;345;128;14.7;15.51;1.055;0;1;0;0;0;1;0;0;0;1;0;287;;161;65;0;82
444.51;717;21;21;1;2.93;75;0;50;20;0;55;3;0.38;1.0;1.0;0;0;189;0;20;2.62;0.6;1.55;1.8;345;128;14.7;15.51;1.055;0;1;0;0;0;1;0;0;0;1;0;290;;159;65;0;81
444.89;756;20;20;1;2.85;74;0;50;20;0;55;3;0.38;1.0;1.0;0;0;189;0;20;2.5;0.6;1.51;1.8;345;128;14.7;15.02;1.022;0;1;0;0;0;1;0;0;0;1;0;285;;161;65;0;82
445.32;807;20;20;1;2.86;73;0;50;20;0;55;3;0.38;1.0;1.0;0;0;189;0;20;2.5;0.6;1.51;1.9;345;128;14.7;15.02;1.022;0;1;0;0;0;1;0;0;0;1;0;288;;162;65;0;82
445.7;781;22;22;1;3.0;74;0;50;20;0;56;3;0.4;1.0;1.0;0;0;189;0;20;2.75;0.6;1.57;2.0;345;128;14.7;15.51;1.055;0;1;0;0;0;1;0;0;0;1;0;297;;161;65;0;83
446.12;730;20;20;1;2.86;73;0;50;20;0;55;3;0.38;1.0;1.0;0;0;189;0;20;2.5;0.6;1.51;1.7;345;128;14.7;15.51;1.055;0;1;0;0;0;1;0;0;0;1;0;290;;161;65;0;82
446.52;756;21;21;1;3.0;74;0;50;20;0;56;3;0.4;1.0;1.0;0;0;189;0;20;2.62;0.6;1.57;1.9;345;128;14.7;15.51;1.055;0;1;0;0;0;1;0;0;0;1;0;294;;161;65;0;82
446.93;807;22;22;1;3.07;76;0;50;20;0;56;3;0.4;1.0;1.0;0;0;189;0;20;2.75;0.6;1.61;2.1;345;128;14.7;14.31;0.973;0;1;0;0;0;1;0;0;0;1;0;297;;158;65;0;83
447.34;756;22;22;1;3.07;74;0;50;20;0;57;3;0.41;1.0;1.0;0;0;189;0;20;2.75;0.6;1.6;1.9;345;128;14.7;14.31;0.973;0;1;0;0;0;1;0;0;0;1;0;302;;160;65;0;83
447.74;756;23;23;1;3.1;74;0;50;20;0;57;3;0.41;1.0;1.0;0;0;189;0;20;2.88;0.6;1.61;2.0;345;128;14.47;14.31;0.989;0;1;0;0;0;1;0;0;0;1;0;304;;160;65;0;84
448.14;756;22;22;1;3.0;74;0;50;20;0;56;3;0.4;1.0;1.0;0;0;189;0;20;2.75;0.6;1.57;1.9;345;128;14.7;14.31;0.973;0;1;0;0;0;1;0;0;0;1;0;294;;159;65;0;82
448.32;871;21;21;1;3.0;74;0;50;20;0;56;4;0.39;1.0;1.0;0;0;189;0;20;2.62;0.6;1.57;2.2;345;128;14.7;14.31;0.973;0;1;0;0;0;1;0;0;0;1;0;295;;160;65;0;90
448.74;820;19;19;1;2.75;74;0;50;20;0;54;3;0.36;1.0;1.0;0;0;189;0;20;2.38;0.6;1.47;1.9;345;128;14.7;14.31;0.973;0;1;0;0;0;1;0;0;0;1;0;276;;161;65;0;81
449.14;756;20;20;1;2.85;76;0;50;20;0;55;3;0.38;1.0;1.0;0;0;189;0;20;2.5;0.6;1.52;1.8;345;128;14.7;14.31;0.973;0;1;0;0;0;1;0;0;0;1;0;284;;158;65;0;82
449.53;768;23;23;1;3.15;74;0;50;20;0;57;3;0.41;1.0;1.0;0;0;189;0;20;2.88;0.6;1.63;2.0;345;128;14.47;14.31;0.989;0;1;0;0;0;1;0;0;0;1;0;304;;161;65;0;83
449.94;781;23;23;1;3.08;73;0;50;20;0;57;4;0.41;1.0;1.0;0;0;189;0;20;2.88;0.6;1.6;2.0;345;128;14.47;14.81;1.023;0;1;0;0;0;1;0;0;0;1;0;305;;162;65;0;84
450.34;717;22;22;1;3.06;73;0;50;20;0;57;3;0.41;1.0;1.0;0;0;189;0;20;2.75;0.6;1.59;1.8;345;128;14.7;14.81;1.007;0;1;0;0;0;1;0;0;0;1;0;301;;162;65;0;84
450.74;756;24;24;1;3.25;76;0;50;20;0;58;4;0.41;1.0;1.0;0;0;189;0;20;3.0;0.6;1.68;2.0;345;128;14.47;15.12;1.045;0;1;0;0;0;1;0;0;0;1;0;309;;158;65;0;83
451.15;756;22;22;1;2.98;73;0;50;20;0;56;3;0.4;1.0;1.0;0;0;189;0;20;2.75;0.6;1.56;1.9;345;128;14.7;15.12;1.029;0;1;0;0;0;1;0;0;0;1;0;299;;162;65;0;76
451.56;832;23;23;1;3.08;73;0;50;20;0;57;4;0.4;1.0;1.0;0;0;189;0;20;2.88;0.6;1.6;2.1;345;128;14.47;15.12;1.045;0;1;0;0;0;1;0;0;0;1;0;302;;162;65;0;83
451.94;781;22;22;1;3.01;73;0;50;20;0;57;4;0.41;1.0;1.0;0;0;189;0;20;2.75;0.6;1.57;2.0;345;128;14.7;14.71;1.001;0;1;0;0;0;1;0;0;0;1;0;300;;162;65;0;76
452.35;807;22;22;1;3.01;73;0;50;20;0;56;4;0.4;1.0;1.0;0;0;189;0;20;2.75;0.6;1.57;2.0;345;128;14.7;14.71;1.001;0;1;0;0;0;1;0;0;0;1;0;299;;162;65;0;83
452.76;986;36;36;4;4.32;74;0;41;29;0;70;7;0.5;1.0;1.0;0;0;189;0;29;4.5;2.3;2.1;3.5;345;128;14.59;17.02;1.167;0;1;0;0;0;0;0;0;0;1;0;402;;161;65;0;100
453.15;1422;35;35;4;4.26;73;0;33;37;0;64;11;0.55;1.0;1.0;0;0;189;0;37;4.38;2.3;2.07;5.0;345;128;14.7;17.02;1.158;0;1;0;0;0;0;0;0;0;1;0;353;;162;65;0;89
453.56;1306;26;26;4;3.38;73;0;33;39;0;58;7;0.45;1.0;1.0;0;0;189;0;37;3.25;2.3;1.72;3.7;345;128;14.7;17.02;1.158;0;1;0;0;0;0;0;0;0;1;0;313;;162;65;0;85
453.97;1396;32;32;4;3.91;73;0;32;39;0;62;10;0.52;1.0;1.0;0;0;189;0;38;4.0;2.3;1.93;4.5;345;128;14.7;14.71;1.001;0;1;0;0;0;0;0;0;0;1;0;337;;162;65;0;86
454.18;1486;22;22;1;3.07;74;0;34;36;0;55;7;0.41;1.0;1.0;0;0;189;0;36;2.75;0.6;1.6;3.8;345;128;14.7;14.71;1.001;0;1;0;0;0;0;0;0;0;1;0;284;;161;65;0;82
454.58;1319;22;22;5;2.97;74;0;36;34;0;55;6;0.4;1.0;1.0;0;0;189;0;34;2.75;2.9;1.56;3.3;345;128;14.7;14.71;1.001;0;1;0;0;0;0;0;0;0;1;0;291;;161;65;0;82
454.99;1614;36;36;7;4.31;73;0;29;42;0;65;13;0.55;1.0;1.0;0;0;189;0;41;4.5;4.1;2.09;5.8;345;128;14.7;16.72;1.137;0;1;0;0;0;0;0;0;0;1;0;364;;162;65;0;90
455.38;1831;34;34;7;4.18;73;0;27;43;0;64;14;0.54;1.0;1.0;0;0;189;0;43;4.25;4.1;2.04;6.4;345;128;14.7;16.72;1.137;0;1;0;0;0;0;0;0;0;1;0;353;;162;65;0;89
455.79;1780;31;31;7;3.87;74;0;25;44;0;62;13;0.52;1.0;1.0;0;0;189;0;45;3.88;4.1;1.92;5.7;345;128;14.7;15.71;1.069;0;1;0;0;0;0;0;0;0;1;0;339;;161;65;0;86
456.19;1614;40;40;11;4.71;73;0;32;38;0;70;14;0.57;1.0;1.0;0;0;189;0;38;5.0;6.4;2.25;6.3;345;128;14.7;15.71;1.069;0;1;0;0;0;0;0;0;0;1;0;399;;162;65;0;100
456.59;1691;39;39;11;4.58;73;0;30;40;0;68;15;0.57;1.0;1.0;0;0;189;0;40;4.88;6.4;2.2;6.5;345;128;14.7;15.71;1.069;0;1;0;0;0;0;0;0;0;1;0;381;;162;65;0;41
456.98;1639;37;37;11;4.42;74;0;30;40;0;66;14;0.56;1.0;1.0;0;0;189;0;40;4.62;6.4;2.14;6.0;345;128;14.7;14.62;0.995;0;1;0;0;0;0;0;0;0;1;0;371;;160;65;0;90
457.41;1831;40;40;12;4.7;74;0;28;42;0;70;16;0.56;1.0;1.0;0;0;189;0;42;5.0;7.0;2.25;7.2;345;128;14.7;14.62;0.995;0;1;0;0;0;0;0;0;0;1;0;401;;160;64;0;42
457.8;1652;41;41;12;4.8;74;0;29;41;0;71;15;0.58;1.0;1.0;0;0;189;0;41;5.12;7.0;2.29;6.6;345;128;14.7;15.31;1.041;0;1;0;0;0;0;0;0;0;1;0;409;;161;64;0;101
458.21;1665;37;37;10;4.42;74;0;30;40;0;66;14;0.56;1.0;1.0;0;0;189;0;40;4.62;5.8;2.14;6.1;345;128;14.7;15.31;1.041;0;1;0;0;0;0;0;0;0;1;0;375;;161;65;0;99
458.62;1511;36;36;10;4.3;74;0;31;39;0;65;12;0.55;1.0;1.0;0;0;189;0;39;4.5;5.8;2.09;5.4;345;128;14.7;15.31;1.041;0;1;0;0;0;0;0;0;0;1;0;362;;160;65;0;85
459.0;1562;39;39;10;4.63;75;0;32;38;0;69;13;0.56;1.0;1.0;0;0;189;0;38;4.88;5.8;2.23;6.0;345;128;14.7;15.31;1.041;0;1;0;0;0;0;0;0;0;1;0;388;;159;65;0;91
459.41;1306;17;17;0;2.57;74;0;47;20;0;53;5;0.36;1.0;1.0;0;0;189;0;23;2.12;0.0;1.4;2.8;345;128;14.7;15.31;1.041;0;1;0;0;0;1;0;0;0;1;0;269;;160;65;0;78
459.62;999;25;25;0;3.3;74;0;50;20;0;58;5;0.42;1.0;1.0;0;0;189;0;20;3.12;0.0;1.69;2.7;345;128;14.47;15.31;1.058;0;1;0;0;0;1;0;0;0;1;0;308;;160;65;0;84
460.01;1101;20;20;0;2.81;73;0;50;20;0;54;5;0.38;1.0;1.0;0;0;189;0;20;2.5;0.0;1.49;2.6;345;128;14.7;15.91;1.082;0;1;0;0;0;1;0;0;0;1;0;281;;162;65;0;89
460.44;1037;20;20;0;2.82;74;0;50;20;0;54;4;0.37;1.0;1.0;0;0;189;0;20;2.5;0.0;1.5;2.4;345;128;14.7;15.91;1.082;0;1;0;0;0;1;0;0;0;1;0;278;;161;65;0;81
460.82;999;24;24;3;3.25;74;0;43;27;0;58;5;0.42;1.0;1.0;0;0;189;0;27;3.0;1.7;1.67;2.7;345;128;14.47;15.52;1.073;0;1;0;0;0;0;0;0;0;1;0;312;;160;65;0;84
461.23;1370;35;35;4;4.23;73;0;33;37;0;64;10;0.55;1.0;1.0;0;0;189;0;37;4.38;2.3;2.06;4.8;345;128;14.7;15.52;1.056;0;1;0;0;0;0;0;0;0;1;0;359;;162;65;0;89
461.64;1422;29;29;1;3.72;74;0;30;40;0;60;9;0.49;1.0;1.0;0;0;189;0;40;3.62;0.6;1.86;4.4;345;128;14.7;15.52;1.056;0;1;0;0;0;1;0;0;0;1;0;322;;161;65;0;85
462.05;1178;18;18;1;2.61;75;0;50;20;0;53;4;0.35;1.0;1.0;0;0;189;0;20;2.25;0.6;1.42;2.6;345;128;14.7;14.01;0.953;0;1;0;0;0;1;0;0;0;1;0;270;;159;65;0;77
462.44;1050;23;23;2;3.12;74;0;50;20;0;57;5;0.41;1.0;1.0;0;0;189;0;20;2.88;1.2;1.62;2.7;345;128;14.7;14.01;0.953;0;1;0;0;0;1;0;0;0;1;0;303;;161;65;0;84
462.83;1345;30;30;4;3.76;73;0;32;38;0;61;9;0.5;1.0;1.0;0;0;189;0;38;3.75;2.3;1.87;4.2;345;128;14.7;13.91;0.946;0;1;0;0;0;0;0;0;0;1;0;334;;162;65;0;86
463.24;1550;37;37;7;4.46;73;0;32;40;0;66;13;0.55;1.0;1.0;0;0;189;0;38;4.62;4.1;2.15;5.8;345;128;14.7;13.91;0.946;0;1;0;0;0;0;0;0;0;1;0;368;;162;65;0;90
463.66;1396;29;29;6;3.61;73;0;31;39;0;60;9;0.49;1.0;1.0;0;0;189;0;39;3.62;3.5;1.81;4.2;345;128;14.7;13.91;0.946;0;1;0;0;0;0;0;0;0;1;0;325;;162;65;0;85
464.06;1422;31;31;6;3.85;74;0;30;40;0;61;10;0.5;1.0;1.0;0;0;189;0;40;3.88;3.5;1.91;4.6;345;128;14.7;14.71;1.001;0;1;0;0;0;0;0;0;0;1;0;333;;161;65;0;81
464.47;1486;31;31;6;3.9;74;0;32;38;0;62;10;0.52;1.0;1.0;0;0;189;0;38;3.88;3.5;1.93;4.8;345;128;14.7;14.71;1.001;0;1;0;0;0;0;0;0;0;1;0;338;;160;65;0;86
464.87;1511;33;33;6;4.07;74;0;31;39;0;63;11;0.53;1.0;1.0;0;0;189;0;39;4.12;3.5;2.0;5.1;345;128;14.7;15.31;1.041;0;1;0;0;0;0;0;0;0;1;0;350;;161;65;0;88
465.06;1537;28;28;5;3.62;74;0;30;40;0;59;9;0.48;1.0;1.0;0;0;189;0;40;3.5;2.9;1.82;4.6;345;128;14.7;15.31;1.041;0;1;0;0;0;0;0;0;0;1;0;318;;161;65;0;84
465.46;1345;26;26;5;3.4;74;0;31;38;0;59;8;0.47;1.0;1.0;0;0;189;0;39;3.25;2.9;1.73;3.8;345;128;14.7;15.31;1.041;0;1;0;0;0;0;0;0;0;1;0;317;;161;65;0;85
465.87;1383;29;29;5;3.65;74;0;31;39;0;60;9;0.49;1.0;1.0;0;0;189;0;39;3.62;2.9;1.83;4.2;345;128;14.7;14.91;1.014;0;1;0;0;0;0;0;0;0;1;0;324;;161;65;0;85
466.27;1434;30;30;4;3.75;74;0;31;39;0;60;9;0.49;1.0;1.0;0;0;189;0;39;3.75;2.3;1.87;4.5;345;128;14.7;14.91;1.014;0;1;0;0;0;0;0;0;0;1;0;323;;161;65;0;77
466.68;1332;19;19;1;2.71;75;0;37;32;0;53;5;0.36;1.0;1.0;0;0;189;0;33;2.38;0.6;1.46;3.0;345;128;14.7;14.91;1.014;0;1;0;0;0;0;0;0;0;1;0;274;;159;65;0;78
467.09;1332;20;20;1;2.85;74;0;35;35;0;54;5;0.38;1.0;1.0;0;0;189;0;35;2.5;0.6;1.51;3.2;345;128;14.7;14.52;0.988;0;1;0;0;0;0;0;0;0;1;0;281;;160;65;0;81
467.49;1306;21;21;1;2.96;73;0;36;34;0;55;6;0.4;1.0;1.0;0;0;189;0;34;2.62;0.6;1.55;3.2;345;128;14.7;14.52;0.988;0;1;0;0;0;0;0;0;0;1;0;285;;162;65;0;82
467.89;1396;36;36;6;4.32;74;0;33;37;0;64;11;0.55;1.0;1.0;0;0;189;0;37;4.5;3.5;2.1;5.0;345;128;14.7;16.52;1.124;0;1;0;0;0;0;0;0;0;1;0;352;;161;65;0;89
468.29;1703;41;41;10;4.76;73;0;30;40;0;70;15;0.58;1.0;1.0;0;0;189;0;40;5.12;5.8;2.27;6.8;345;128;14.7;16.52;1.124;0;1;0;0;0;0;0;0;0;1;0;398;;162;65;0;98
468.68;1665;39;39;10;4.58;73;0;29;41;0;69;15;0.57;1.0;1.0;0;0;189;0;41;4.88;5.8;2.2;6.4;345;128;14.7;16.52;1.124;0;1;0;0;0;0;0;0;0;1;0;391;;162;65;0;88
469.1;1857;68;68;29;7.73;73;0;43;26;0;92;29;0.74;1.0;1.0;0;0;189;0;27;8.5;16.9;3.46;12.0;345;128;14.04;17.72;1.262;0;1;0;0;0;0;0;0;0;1;0;568;;162;65;0;113
469.5;2318;65;65;31;7.17;76;0;37;33;0;92;34;0.7;1.0;1.0;0;0;189;0;33;8.12;18.0;3.25;13.9;345;128;14.82;17.72;1.196;0;1;0;0;0;0;0;0;0;1;0;566;;158;65;0;149
469.91;2305;62;62;31;6.75;76;0;36;35;0;90;32;0.69;1.0;1.0;0;0;189;0;34;7.75;18.0;3.08;13.0;345;128;14.82;15.91;1.074;0;1;0;0;0;0;0;0;0;1;0;552;;158;65;0;148
470.3;2356;61;61;31;6.7;76;0;34;36;0;90;32;0.67;1.0;1.0;0;0;189;0;36;7.62;18.0;3.06;13.2;345;128;14.82;15.91;1.074;0;1;0;0;0;0;0;0;0;1;0;549;;158;65;0;148
470.51;2254;61;61;31;6.55;76;0;34;37;0;90;32;0.7;1.0;1.0;0;0;189;0;36;7.62;18.0;3.0;12.3;345;128;14.04;15.91;1.133;0;1;0;0;0;0;0;0;0;1;0;549;;158;65;0;109
470.9;2356;59;59;31;6.45;76;0;34;36;0;89;31;0.66;1.0;1.0;0;0;189;0;36;7.38;18.0;2.96;12.7;345;128;14.82;15.52;1.047;0;1;0;0;0;0;0;0;0;1;0;542;;157;65;0;147
471.32;2421;58;58;31;6.35;76;0;33;36;0;88;31;0.66;1.0;1.0;0;0;189;0;37;7.25;18.0;2.92;12.8;345;128;14.82;15.52;1.047;0;1;0;0;0;0;0;0;0;1;0;532;;158;65;0;146
471.71;2254;50;50;25;5.61;77;0;29;41;0;81;26;0.63;1.0;1.0;0;0;189;0;41;6.25;14.5;2.63;10.5;345;128;14.82;15.52;1.047;0;1;0;0;0;0;0;0;0;1;0;487;;156;65;0;101
472.11;2305;51;51;24;5.67;76;0;30;40;0;81;26;0.62;1.0;1.0;0;0;189;0;40;6.38;14.0;2.65;10.9;345;128;14.93;15.52;1.04;0;1;0;0;0;0;0;0;0;1;0;483;;157;65;0;107
472.53;2280;52;52;24;5.8;76;0;30;40;0;82;27;0.64;1.0;1.0;0;0;189;0;40;6.5;14.0;2.7;11.0;345;128;14.93;15.52;1.04;0;1;0;0;0;0;0;0;0;1;0;491;;157;65;0;108
472.93;2267;52;52;24;5.72;76;0;29;41;0;82;27;0.64;1.0;1.0;0;0;189;0;41;6.5;14.0;2.67;10.8;345;128;14.93;15.61;1.046;0;1;0;0;0;0;0;0;0;1;0;492;;158;65;0;106
473.34;2203;32;32;13;3.92;76;0;23;47;0;64;16;0.5;1.0;1.0;0;0;189;0;47;4.0;7.6;1.95;7.2;345;128;14.82;15.61;1.053;0;1;0;0;0;0;0;0;0;1;0;359;;158;65;0;89
473.74;2113;28;28;12;3.53;75;0;25;45;0;61;13;0.45;1.0;1.0;0;0;189;0;45;3.5;7.0;1.79;6.2;345;128;14.82;15.92;1.074;0;1;0;0;0;0;0;0;0;1;0;331;;159;65;0;86
474.14;1985;30;30;12;3.7;74;0;23;47;0;63;14;0.5;1.0;1.0;0;0;189;0;47;3.75;7.0;1.85;6.1;345;128;14.82;15.92;1.074;0;1;0;0;0;0;0;0;0;1;0;345;;160;66;0;100
474.55;2113;30;30;12;3.76;73;0;24;46;0;63;14;0.48;1.0;1.0;0;0;189;0;46;3.75;7.0;1.87;6.6;345;128;14.82;15.92;1.074;0;1;0;0;0;0;0;0;0;1;0;345;;162;66;0;89
474.94;2049;27;27;12;3.52;74;0;24;46;0;61;12;0.45;1.0;1.0;0;0;189;0;46;3.38;7.0;1.78;6.0;345;128;14.82;16.62;1.121;0;1;0;0;0;0;0;0;0;1;0;331;;161;65;0;85
475.34;2100;33;33;13;4.06;73;0;25;45;0;65;15;0.51;1.0;1.0;0;0;189;0;45;4.12;7.6;1.99;7.1;345;128;14.82;16.62;1.121;0;1;0;0;0;0;0;0;0;1;0;363;;161;66;0;90
475.74;2164;43;43;18;4.87;74;0;25;45;0;74;20;0.57;1.0;1.0;0;0;189;0;45;5.38;10.5;2.32;8.8;345;128;14.82;16.72;1.128;0;1;0;0;0;0;0;0;0;1;0;434;;161;65;0;101
476.17;2139;45;45;19;5.07;74;0;26;44;0;77;22;0.6;1.0;1.0;0;0;189;0;44;5.62;11.0;2.4;9.0;345;128;14.82;16.72;1.128;0;1;0;0;0;0;0;0;0;1;0;449;;161;66;0;109
476.35;2113;42;42;19;4.81;73;0;25;45;0;75;21;0.58;1.0;1.0;0;0;189;0;45;5.25;11.0;2.29;8.5;345;128;14.82;16.72;1.128;0;1;0;0;0;0;0;0;0;1;0;436;;162;66;0;102
476.76;2216;39;39;19;4.55;74;0;23;47;0;72;19;0.55;1.0;1.0;0;0;189;0;47;4.88;11.0;2.19;8.4;345;128;14.82;17.12;1.155;0;1;0;0;0;0;0;0;0;1;0;414;;160;66;0;101
477.17;2152;39;39;19;4.57;74;0;24;46;0;72;19;0.55;1.0;1.0;0;0;189;0;46;4.88;11.0;2.2;8.2;345;128;14.82;17.12;1.155;0;1;0;0;0;0;0;0;0;1;0;417;;161;66;0;42
477.58;2203;39;39;19;4.57;74;0;23;47;0;72;19;0.55;1.0;1.0;0;0;189;0;47;4.88;11.0;2.2;8.4;345;128;14.82;17.12;1.155;0;1;0;0;0;0;0;0;0;1;0;417;;161;66;0;101
477.98;2228;43;43;19;4.87;74;0;25;45;0;75;21;0.57;1.0;1.0;0;0;189;0;45;5.38;11.0;2.32;9.0;345;128;14.82;16.32;1.101;0;1;0;0;0;0;0;0;0;1;0;438;;161;65;0;90
478.37;2305;47;47;20;5.27;74;0;28;42;0;78;24;0.6;1.0;1.0;0;0;189;0;42;5.88;11.6;2.48;10.1;345;128;14.93;16.32;1.093;0;1;0;0;0;0;0;0;0;1;0;459;;160;65;0;92
478.77;2305;47;47;20;5.3;74;0;28;42;0;78;24;0.6;1.0;1.0;0;0;189;0;42;5.88;11.6;2.49;10.2;345;128;14.93;16.22;1.086;0;1;0;0;0;0;0;0;0;1;0;462;;160;66;0;106
479.18;2216;48;48;20;5.37;74;0;28;42;0;79;24;0.62;1.0;1.0;0;0;189;0;42;6.0;11.6;2.52;9.9;345;128;14.82;16.22;1.094;0;1;0;0;0;0;0;0;0;1;0;466;;160;66;0;42
479.57;2318;48;48;20;5.38;75;0;28;42;0;79;25;0.61;1.0;1.0;0;0;189;0;42;6.0;11.6;2.53;10.4;345;128;14.93;16.22;1.086;0;1;0;0;0;0;0;0;0;1;0;467;;159;65;0;100
479.99;2318;41;41;20;4.73;75;0;25;45;0;74;21;0.56;1.0;1.0;0;0;189;0;45;5.12;11.6;2.27;9.1;345;128;14.93;15.41;1.032;0;1;0;0;0;0;0;0;0;1;0;429;;159;66;0;102
480.39;2190;38;38;19;4.42;74;0;23;47;0;71;19;0.54;1.0;1.0;0;0;189;0;47;4.75;11.0;2.14;8.1;345;128;14.82;15.41;1.04;0;1;0;0;0;0;0;0;0;1;0;410;;160;66;0;42
480.8;2113;40;40;19;4.62;74;0;24;46;0;73;19;0.55;1.0;1.0;0;0;189;0;46;5.0;11.0;2.22;8.1;345;128;14.82;16.82;1.135;0;1;0;0;0;0;0;0;0;1;0;421;;160;66;0;101
481.19;1883;47;47;19;5.35;74;0;28;41;0;78;20;0.61;1.0;1.0;0;0;189;0;42;5.88;11.0;2.51;8.4;345;128;14.82;16.82;1.135;0;1;0;0;0;0;0;0;0;1;0;457;;160;66;0;105
481.58;2024;44;44;14;5.05;74;0;28;42;0;74;19;0.58;1.0;1.0;0;0;189;0;42;5.5;8.1;2.39;8.5;345;128;14.82;16.82;1.135;0;1;0;0;0;0;0;0;0;1;0;435;;160;65;0;101
481.8;1652;34;34;11;4.15;74;0;28;42;0;64;13;0.55;1.0;1.0;0;0;189;0;42;4.25;6.4;2.03;5.7;345;128;14.7;13.71;0.933;0;1;0;0;0;0;0;0;0;1;0;353;;160;66;0;89
482.21;1588;36;36;11;4.32;74;0;29;43;0;65;13;0.55;1.0;1.0;0;0;189;0;41;4.5;6.4;2.1;5.7;345;128;14.7;13.71;0.933;0;1;0;0;0;0;0;0;0;1;0;361;;160;66;0;90
482.6;1716;40;40;11;4.75;74;0;31;39;0;70;15;0.57;1.0;1.0;0;0;189;0;39;5.0;6.4;2.27;6.8;345;128;14.7;13.71;0.933;0;1;0;0;0;0;0;0;0;1;0;397;;160;66;0;100
483.01;1831;39;39;11;4.66;73;0;28;42;0;70;16;0.56;1.0;1.0;0;0;189;0;42;4.88;6.4;2.23;7.1;345;128;14.7;15.12;1.029;0;1;0;0;0;0;0;0;0;1;0;401;;162;66;0;100
483.42;1831;39;39;11;4.58;73;0;27;41;0;70;16;0.56;1.0;1.0;0;0;189;0;43;4.88;6.4;2.2;7.0;345;128;14.7;15.12;1.029;0;1;0;0;0;0;0;0;0;1;0;399;;162;66;0;100
483.82;1870;40;40;11;4.68;73;0;28;42;0;70;16;0.55;1.0;1.0;0;0;189;0;42;5.0;6.4;2.24;7.3;345;128;14.82;14.81;0.999;0;1;0;0;0;0;0;0;0;1;0;402;;162;66;0;100
484.22;1806;39;39;12;4.65;74;0;28;43;0;70;16;0.56;1.0;1.0;0;0;189;0;42;4.88;7.0;2.23;7.0;345;128;14.7;14.81;1.007;0;1;0;0;0;0;0;0;0;1;0;401;;161;66;0;100
484.63;1857;37;37;9;4.46;73;0;27;44;0;68;15;0.55;1.0;1.0;0;0;189;0;43;4.62;5.2;2.15;6.9;345;128;14.82;14.81;0.999;0;1;0;0;0;0;0;0;0;1;0;383;;162;66;0;41
485.02;1550;31;31;9;3.9;74;0;28;42;0;61;11;0.51;1.0;1.0;0;0;189;0;42;3.88;5.2;1.93;5.0;345;128;14.7;13.61;0.926;0;1;0;0;0;0;0;0;0;1;0;335;;161;66;0;86
485.43;1550;33;33;9;4.05;74;0;29;41;0;63;11;0.53;1.0;1.0;0;0;189;0;41;4.12;5.2;1.99;5.2;345;128;14.7;13.61;0.926;0;1;0;0;0;0;0;0;0;1;0;344;;161;65;0;82
485.83;1511;32;32;9;3.95;74;0;30;40;0;62;11;0.52;1.0;1.0;0;0;189;0;40;4.0;5.2;1.95;5.0;345;128;14.7;14.21;0.967;0;1;0;0;0;0;0;0;0;1;0;343;;161;65;0;87
486.22;1498;32;32;9;4.0;74;0;30;40;0;62;11;0.52;1.0;1.0;0;0;189;0;40;4.0;5.2;1.97;5.0;345;128;14.7;14.21;0.967;0;1;0;0;0;0;0;0;0;1;0;342;;161;66;0;82
486.64;1614;37;37;9;4.38;73;0;31;39;0;66;13;0.55;1.0;1.0;0;0;189;0;39;4.62;5.2;2.12;5.9;345;128;14.7;14.21;0.967;0;1;0;0;0;0;0;0;0;1;0;368;;162;66;0;41
487.03;1691;39;39;10;4.61;73;0;28;41;0;69;15;0.57;1.0;1.0;0;0;189;0;42;4.88;5.8;2.21;6.5;345;128;14.7;14.71;1.001;0;1;0;0;0;0;0;0;0;1;0;393;;162;65;0;99
487.25;1806;40;40;10;4.68;73;0;30;43;0;70;16;0.56;1.0;1.0;0;0;189;0;40;5.0;5.8;2.24;7.0;345;128;14.7;14.71;1.001;0;1;0;0;0;0;0;0;0;1;0;396;;162;65;0;86
487.65;1691;39;39;10;4.65;74;0;30;40;0;69;15;0.57;1.0;1.0;0;0;189;0;40;4.88;5.8;2.23;6.6;345;128;14.7;14.71;1.001;0;1;0;0;0;0;0;0;0;1;0;392;;161;65;0;99
488.04;1819;43;43;13;5.01;73;0;29;41;0;74;17;0.59;1.0;1.0;0;0;189;0;41;5.38;7.6;2.37;7.6;345;128;14.7;14.62;0.995;0;1;0;0;0;0;0;0;0;1;0;428;;162;65;0;102
488.44;1806;37;37;11;4.43;73;0;26;44;0;68;15;0.55;1.0;1.0;0;0;189;0;44;4.62;6.4;2.14;6.7;345;128;14.7;14.62;0.995;0;1;0;0;0;0;0;0;0;1;0;382;;162;65;0;90
488.84;1691;37;37;11;4.46;73;0;30;42;0;66;14;0.56;1.0;1.0;0;0;189;0;40;4.62;6.4;2.15;6.3;345;128;14.7;14.51;0.987;0;1;0;0;0;0;0;0;0;1;0;373;;162;65;0;90
489.27;1691;39;39;11;4.6;74;0;29;41;0;68;14;0.57;1.0;1.0;0;0;189;0;41;4.88;6.4;2.21;6.5;345;128;14.7;14.51;0.987;0;1;0;0;0;0;0;0;0;1;0;383;;160;65;0;86
489.66;1755;40;40;11;4.73;73;0;29;42;0;71;16;0.57;1.0;1.0;0;0;189;0;41;5.0;6.4;2.26;6.9;345;128;14.7;14.51;0.987;0;1;0;0;0;0;0;0;0;1;0;411;;162;65;0;101
490.06;1857;47;47;15;5.37;74;0;29;40;0;77;19;0.61;1.0;1.0;0;0;189;0;41;5.88;8.7;2.52;8.3;345;128;14.82;16.02;1.081;0;1;0;0;0;0;0;0;0;1;0;452;;162;65;0;42
490.48;1870;47;47;17;5.37;74;0;30;40;0;78;20;0.61;1.0;1.0;0;0;189;0;40;5.88;9.9;2.52;8.4;345;128;14.82;16.02;1.081;0;1;0;0;0;0;0;0;0;1;0;463;;161;65;0;106
490.88;1998;43;43;17;5.01;73;0;26;43;0;75;19;0.59;1.0;1.0;0;0;189;0;44;5.38;9.9;2.37;8.3;345;128;14.82;16.21;1.094;0;1;0;0;0;0;0;0;0;1;0;437;;161;65;0;102
491.28;1895;42;42;16;4.92;74;0;26;43;0;74;18;0.59;1.0;1.0;0;0;189;0;44;5.25;9.3;2.34;7.8;345;128;14.82;16.21;1.094;0;1;0;0;0;0;0;0;0;1;0;430;;161;65;0;102
491.68;1819;40;40;12;4.65;74;0;28;42;0;70;16;0.56;1.0;1.0;0;0;189;0;42;5.0;7.0;2.23;7.0;345;128;14.7;16.21;1.103;0;1;0;0;0;0;0;0;0;1;0;397;;161;65;0;100
492.09;1691;38;38;12;4.55;74;0;29;41;0;68;14;0.57;1.0;1.0;0;0;189;0;41;4.75;7.0;2.19;6.4;345;128;14.7;14.01;0.953;0;1;0;0;0;0;0;0;0;1;0;381;;161;65;0;91
492.49;1716;37;37;12;4.47;74;0;28;42;0;67;14;0.55;1.0;1.0;0;0;189;0;42;4.62;7.0;2.16;6.4;345;128;14.7;14.01;0.953;0;1;0;0;0;0;0;0;0;1;0;378;;160;65;0;90
492.88;1665;37;37;11;4.42;74;0;29;40;0;66;14;0.56;1.0;1.0;0;0;189;0;41;4.62;6.4;2.14;6.1;345;128;14.7;14.71;1.001;0;1;0;0;0;0;0;0;0;1;0;370;;160;65;0;84
493.1;1703;42;42;14;4.95;74;0;31;40;0;72;16;0.59;1.0;1.0;0;0;189;0;39;5.25;8.1;2.35;7.0;345;128;14.7;14.71;1.001;0;1;0;0;0;0;0;0;0;1;0;418;;160;65;0;101
493.49;1934;47;47;16;5.35;74;0;29;41;0;78;20;0.61;1.0;1.0;0;0;189;0;41;5.88;9.3;2.51;8.6;345;128;14.82;14.71;0.993;0;1;0;0;0;0;0;0;0;1;0;457;;161;65;0;100
493.9;1998;47;47;16;5.3;74;0;29;41;0;77;20;0.61;1.0;1.0;0;0;189;0;41;5.88;9.3;2.49;8.8;345;128;14.82;14.91;1.006;0;1;0;0;0;0;0;0;0;1;0;450;;161;65;0;105
494.29;1716;39;39;13;4.57;74;0;27;43;0;69;15;0.57;1.0;1.0;0;0;189;0;43;4.88;7.6;2.2;6.5;345;128;14.7;14.91;1.014;0;1;0;0;0;0;0;0;0;1;0;389;;160;65;0;91
494.7;1819;42;42;13;4.95;74;0;31;39;0;73;17;0.58;1.0;1.0;0;0;189;0;39;5.25;7.6;2.35;7.5;345;128;14.7;14.91;1.014;0;1;0;0;0;0;0;0;0;1;0;423;;160;65;0;42
495.11;1780;43;43;14;4.98;73;0;29;43;0;74;18;0.59;1.0;1.0;0;0;189;0;41;5.38;8.1;2.36;7.4;345;128;14.7;15.81;1.076;0;1;0;0;0;0;0;0;0;1;0;431;;162;65;0;102
495.51;1883;44;44;14;5.03;73;0;28;42;0;75;18;0.59;1.0;1.0;0;0;189;0;42;5.5;8.1;2.38;7.9;345;128;14.82;15.81;1.067;0;1;0;0;0;0;0;0;0;1;0;436;;162;65;0;90
495.9;1921;42;42;14;4.86;73;0;28;42;0;73;17;0.57;1.0;1.0;0;0;189;0;42;5.25;8.1;2.31;7.8;345;128;14.82;15.41;1.04;0;1;0;0;0;0;0;0;0;1;0;427;;162;65;0;102
496.31;1767;40;40;14;4.66;73;0;27;43;0;71;16;0.57;1.0;1.0;0;0;189;0;43;5.0;8.1;2.23;6.9;345;128;14.7;15.41;1.048;0;1;0;0;0;0;0;0;0;1;0;407;;162;65;0;100
496.71;1767;40;40;14;4.66;73;0;29;41;0;70;16;0.57;1.0;1.0;0;0;189;0;41;5.0;8.1;2.23;6.9;345;128;14.7;15.41;1.048;0;1;0;0;0;0;0;0;0;1;0;401;;162;65;0;100
497.11;1755;40;40;14;4.72;74;0;30;40;0;70;16;0.57;1.0;1.0;0;0;189;0;40;5.0;8.1;2.26;6.9;345;128;14.7;14.71;1.001;0;1;0;0;0;0;0;0;0;1;0;401;;160;65;0;86
497.52;1819;40;40;14;4.7;74;0;29;41;0;71;16;0.56;1.0;1.0;0;0;189;0;41;5.0;8.1;2.25;7.1;345;128;14.7;14.71;1.001;0;1;0;0;0;0;0;0;0;1;0;409;;161;65;0;101
497.92;1895;48;48;15;5.42;74;0;31;42;0;77;20;0.61;1.0;1.0;0;0;189;0;39;6.0;8.7;2.54;8.6;345;128;14.82;14.61;0.986;0;1;0;0;0;0;0;0;0;1;0;449;;161;65;0;105
498.32;1780;37;37;13;4.47;74;0;27;43;0;68;15;0.56;1.0;1.0;0;0;189;0;43;4.62;7.6;2.16;6.6;345;128;14.7;14.61;0.994;0;1;0;0;0;0;0;0;0;1;0;386;;161;65;0;91
498.54;1857;40;40;13;4.72;74;0;30;41;0;71;16;0.56;1.0;1.0;0;0;189;0;40;5.0;7.6;2.26;7.3;345;128;14.82;14.61;0.986;0;1;0;0;0;0;0;0;0;1;0;405;;160;65;0;101
498.92;1883;43;43;13;5.0;74;0;26;44;0;74;17;0.59;1.0;1.0;0;0;189;0;44;5.38;7.6;2.37;7.8;345;128;14.82;16.41;1.107;0;1;0;0;0;0;0;0;0;1;0;428;;161;65;0;102
499.32;1780;41;41;13;4.77;74;0;27;43;0;72;17;0.58;1.0;1.0;0;0;189;0;43;5.12;7.6;2.28;7.1;345;128;14.7;16.41;1.116;0;1;0;0;0;0;0;0;0;1;0;415;;161;65;0;101
499.74;1883;41;41;13;4.8;74;0;27;41;0;73;17;0.57;1.0;1.0;0;0;189;0;43;5.12;7.6;2.29;7.5;345;128;14.82;16.41;1.107;0;1;0;0;0;0;0;0;0;1;0;421;;161;65;0;101
500.14;1780;40;40;13;4.71;73;0;28;42;0;71;16;0.57;1.0;1.0;0;0;189;0;42;5.0;7.6;2.25;7.0;345;128;14.7;15.61;1.062;0;1;0;0;0;0;0;0;0;1;0;411;;162;65;0;101
500.55;1703;38;38;13;4.52;74;0;29;41;0;68;15;0.57;1.0;1.0;0;0;189;0;41;4.75;7.6;2.18;6.4;345;128;14.7;15.61;1.062;0;1;0;0;0;0;0;0;0;1;0;383;;161;65;0;91
500.94;1831;38;38;13;4.57;74;0;28;42;0;69;15;0.55;1.0;1.0;0;0;189;0;42;4.75;7.6;2.2;7.0;345;128;14.7;14.52;0.988;0;1;0;0;0;0;0;0;0;1;0;389;;160;65;0;41
501.35;1870;41;41;13;4.82;74;0;28;42;0;72;17;0.57;1.0;1.0;0;0;189;0;42;5.12;7.6;2.3;7.5;345;128;14.82;14.52;0.98;0;1;0;0;0;0;0;0;0;1;0;413;;161;65;0;101
501.74;1562;31;31;9;3.82;74;0;28;43;0;61;11;0.51;1.0;1.0;0;0;189;0;42;3.88;5.2;1.9;5.0;345;128;14.7;14.52;0.988;0;1;0;0;0;0;0;0;0;1;0;331;;161;65;0;86
502.15;1550;32;32;9;3.97;74;0;29;41;0;62;11;0.52;1.0;1.0;0;0;189;0;41;4.0;5.2;1.96;5.1;345;128;14.7;13.71;0.933;0;1;0;0;0;0;0;0;0;1;0;340;;161;65;0;86
502.55;1562;33;33;7;4.01;73;0;29;42;0;62;11;0.52;1.0;1.0;0;0;189;0;41;4.12;4.1;1.97;5.2;345;128;14.7;13.71;0.933;0;1;0;0;0;0;0;0;0;1;0;339;;162;65;0;85
502.97;1498;28;28;6;3.62;74;0;31;39;0;59;9;0.48;1.0;1.0;0;0;189;0;39;3.5;3.5;1.82;4.5;345;128;14.7;14.31;0.973;0;1;0;0;0;0;0;0;0;1;0;317;;161;65;0;41
503.36;1665;35;35;6;4.28;73;0;29;40;0;64;12;0.55;1.0;1.0;0;0;189;0;41;4.38;3.5;2.08;5.9;345;128;14.7;14.31;0.973;0;1;0;0;0;0;0;0;0;1;0;356;;162;65;0;89
503.76;1665;36;36;7;4.3;74;0;29;41;0;64;13;0.55;1.0;1.0;0;0;189;0;41;4.5;4.1;2.09;6.0;345;128;14.7;14.31;0.973;0;1;0;0;0;0;0;0;0;1;0;356;;161;65;0;41
504.18;1665;37;37;9;4.4;74;0;29;41;0;66;14;0.56;1.0;1.0;0;0;189;0;41;4.62;5.2;2.13;6.1;345;128;14.7;15.21;1.035;0;1;0;0;0;0;0;0;0;1;0;369;;161;65;0;89
504.39;1473;22;22;2;3.06;73;0;32;38;0;55;7;0.41;1.0;1.0;0;0;189;0;38;2.75;1.2;1.59;3.8;345;128;14.7;15.21;1.035;0;1;0;0;0;0;0;0;0;1;0;287;;162;65;0;82
504.77;1447;19;19;2;2.76;73;0;36;34;0;53;6;0.37;1.0;1.0;0;0;189;0;34;2.38;1.2;1.47;3.3;345;128;14.7;15.21;1.035;0;1;0;0;0;0;0;0;0;1;0;271;;162;64;0;77
505.17;1396;21;21;2;2.87;72;0;35;35;0;54;6;0.39;1.0;1.0;0;0;189;0;35;2.62;1.2;1.51;3.3;345;128;14.7;13.91;0.946;0;1;0;0;0;0;0;0;0;1;0;277;;163;65;0;81
505.57;1473;18;18;1;2.62;74;0;43;20;0;52;5;0.35;1.0;1.0;0;0;189;0;27;2.25;0.6;1.42;3.2;345;128;14.7;13.91;0.946;0;1;0;0;0;1;0;0;0;1;0;263;;160;65;0;77
505.99;1140;21;21;1;2.88;73;0;51;20;0;54;5;0.38;1.0;1.0;0;0;189;0;19;2.62;0.6;1.52;2.7;345;128;14.7;20.42;1.389;0;1;0;0;0;1;0;0;0;1;0;278;;162;65;0;89
506.38;1255;17;17;1;2.5;72;0;50;20;0;51;5;0.33;1.0;1.0;0;0;189;0;20;2.12;0.6;1.36;2.6;345;128;14.7;20.42;1.389;0;1;0;0;0;1;0;0;0;1;0;258;;163;64;0;76
506.78;1178;17;17;1;2.48;71;0;50;20;0;51;4;0.32;1.0;1.0;0;0;189;0;20;2.12;0.6;1.35;2.4;345;128;14.7;20.42;1.389;0;1;0;0;0;1;0;0;0;1;0;259;;164;65;0;76
507.18;1165;16;16;1;2.38;71;0;50;20;0;51;4;0.32;1.0;1.0;0;0;189;0;20;2.0;0.6;1.31;2.3;345;128;14.7;15.71;1.069;0;1;0;0;0;1;0;0;0;1;0;254;;164;65;0;76
507.6;1204;16;16;1;2.38;71;0;50;20;0;51;4;0.32;1.0;1.0;0;0;189;0;20;2.0;0.6;1.31;2.4;345;128;14.7;15.71;1.069;0;1;0;0;0;1;0;0;0;1;0;257;;164;64;0;76
508.0;1165;15;15;1;2.38;71;0;50;20;0;51;4;0.32;1.0;1.0;0;0;189;0;20;1.88;0.6;1.31;2.3;345;128;14.7;15.81;1.076;0;1;0;0;0;1;0;0;0;1;0;254;;164;64;0;76
508.4;1178;16;16;1;2.43;73;0;50;20;0;51;4;0.32;1.0;1.0;0;0;189;0;20;2.0;0.6;1.34;2.4;345;128;14.7;15.81;1.076;0;1;0;0;0;1;0;0;0;1;0;259;;163;64;0;76
508.8;1050;16;16;1;2.38;71;0;50;20;0;51;4;0.32;1.0;1.0;0;0;189;0;20;2.0;0.6;1.31;2.1;345;128;14.7;15.81;1.076;0;1;0;0;0;1;0;0;0;1;0;259;;164;65;0;76
509.22;1140;19;19;1;2.76;73;0;50;20;0;53;5;0.35;1.0;1.0;0;0;189;0;20;2.38;0.6;1.47;2.6;345;128;14.7;16.22;1.103;0;1;0;0;0;1;0;0;0;1;0;274;;162;64;0;74
509.61;1306;29;29;5;3.7;74;0;32;38;0;60;8;0.48;1.0;1.0;0;0;189;0;38;3.62;2.9;1.85;4.0;345;128;14.7;16.22;1.103;0;1;0;0;0;0;0;0;0;1;0;325;;161;64;0;85
510.0;1550;39;39;9;4.66;73;0;31;39;0;69;14;0.56;1.0;1.0;0;0;189;0;39;4.88;5.2;2.23;6.0;345;128;14.7;16.11;1.096;0;1;0;0;0;0;0;0;0;1;0;394;;162;64;0;99
510.2;1614;38;38;10;4.55;72;0;30;40;0;68;14;0.56;1.0;1.0;0;0;189;0;40;4.75;5.8;2.18;6.1;345;128;14.7;16.11;1.096;0;1;0;0;0;0;0;0;0;1;0;387;;163;64;0;91
510.6;1652;38;38;10;4.56;73;0;30;40;0;68;14;0.57;1.0;1.0;0;0;189;0;40;4.75;5.8;2.19;6.3;345;128;14.7;16.11;1.096;0;1;0;0;0;0;0;0;0;1;0;385;;162;64;0;91
511.03;1934;60;60;21;6.75;74;0;39;31;0;85;25;0.69;1.0;1.0;0;0;189;0;31;7.5;12.2;3.07;10.9;345;128;14.82;15.21;1.026;0;1;0;0;0;0;0;0;0;1;0;514;;160;64;0;142
511.43;1947;43;43;19;5.03;75;0;26;44;0;75;19;0.59;1.0;1.0;0;0;189;0;44;5.38;11.0;2.39;8.2;345;128;14.82;15.21;1.026;0;1;0;0;0;0;0;0;0;1;0;440;;159;64;0;92
511.81;1947;45;45;19;5.18;75;0;27;43;0;76;19;0.6;1.0;1.0;0;0;189;0;43;5.62;11.0;2.45;8.4;345;128;14.82;15.21;1.026;0;1;0;0;0;0;0;0;0;1;0;444;;159;64;0;42
512.24;1947;44;44;18;5.05;74;0;28;42;0;75;19;0.59;1.0;1.0;0;0;189;0;42;5.5;10.5;2.39;8.2;345;128;14.82;15.52;1.047;0;1;0;0;0;0;0;0;0;1;0;436;;160;64;0;102
512.62;1998;44;44;18;5.08;75;0;27;43;0;75;19;0.59;1.0;1.0;0;0;189;0;43;5.5;10.5;2.41;8.5;345;128;14.82;15.52;1.047;0;1;0;0;0;0;0;0;0;1;0;438;;159;64;0;102
513.04;1985;51;51;19;5.67;74;0;32;38;0;80;23;0.63;1.0;1.0;0;0;189;0;38;6.38;11.0;2.64;9.4;345;128;14.82;15.52;1.047;0;1;0;0;0;0;0;0;0;1;0;476;;160;64;0;100
513.45;2049;49;49;19;5.52;74;0;29;41;0;79;22;0.62;1.0;1.0;0;0;189;0;41;6.12;11.0;2.58;9.4;345;128;14.82;15.52;1.047;0;1;0;0;0;0;0;0;0;1;0;466;;160;64;0;106
513.84;2139;54;54;22;5.9;74;0;33;37;0;82;26;0.66;1.0;1.0;0;0;189;0;37;6.75;12.8;2.73;10.5;345;128;14.82;15.52;1.047;0;1;0;0;0;0;0;0;0;1;0;491;;160;64;0;108
514.25;2062;50;50;22;5.65;74;0;30;40;0;80;24;0.64;1.0;1.0;0;0;189;0;40;6.25;12.8;2.63;9.7;345;128;14.82;15.52;1.047;0;1;0;0;0;0;0;0;0;1;0;473;;160;64;0;106
514.65;2049;47;47;20;5.25;74;0;28;42;0;77;22;0.6;1.0;1.0;0;0;189;0;42;5.88;11.6;2.47;9.0;345;128;14.82;15.52;1.047;0;1;0;0;0;0;0;0;0;1;0;455;;160;64;0;105
515.04;1972;47;47;20;5.35;74;0;27;42;0;78;21;0.61;1.0;1.0;0;0;189;0;43;5.88;11.6;2.51;8.8;345;128;14.82;15.71;1.06;0;1;0;0;0;0;0;0;0;1;0;456;;160;64;0;106
515.45;1972;38;38;14;4.5;74;0;25;46;0;70;17;0.55;1.0;1.0;0;0;189;0;45;4.75;8.1;2.17;7.4;345;128;14.82;15.71;1.06;0;1;0;0;0;0;0;0;0;1;0;402;;161;64;0;100
515.66;1831;38;38;14;4.5;74;0;27;43;0;69;15;0.55;1.0;1.0;0;0;189;0;43;4.75;8.1;2.17;6.9;345;128;14.7;15.71;1.069;0;1;0;0;0;0;0;0;0;1;0;393;;160;64;0;92
516.06;1883;38;38;14;4.55;74;0;28;42;0;69;16;0.55;1.0;1.0;0;0;189;0;42;4.75;8.1;2.19;7.1;345;128;14.82;15.02;1.013;0;1;0;0;0;0;0;0;0;1;0;389;;161;64;0;91
516.47;1870;35;35;11;4.25;74;0;26;43;0;66;14;0.54;1.0;1.0;0;0;189;0;44;4.38;6.4;2.07;6.6;345;128;14.82;15.02;1.013;0;1;0;0;0;0;0;0;0;1;0;368;;161;64;0;90
516.88;1806;32;32;10;4.0;74;0;27;43;0;63;13;0.52;1.0;1.0;0;0;189;0;43;4.0;5.8;1.97;6.0;345;128;14.7;13.61;0.926;0;1;0;0;0;0;0;0;0;1;0;344;;161;64;0;86
517.28;1755;27;27;7;3.46;73;0;29;41;0;58;10;0.46;1.0;1.0;0;0;189;0;41;3.38;4.1;1.75;5.1;345;128;14.7;13.61;0.926;0;1;0;0;0;0;0;0;0;1;0;310;;162;64;0;84
517.66;1614;19;19;0;2.7;74;0;36;20;0;52;7;0.36;1.0;1.0;0;0;189;0;34;2.38;0.0;1.45;3.6;345;128;14.7;13.61;0.926;0;1;0;0;0;1;0;0;0;1;0;260;;161;64;0;77
518.08;1217;17;17;0;2.48;73;0;59;20;0;52;4;0.34;1.0;1.0;0;0;189;0;11;2.12;0.0;1.36;2.5;345;128;14.7;16.62;1.131;0;1;0;0;0;1;0;0;0;1;0;266;;162;64;0;77
518.47;1422;17;17;1;2.53;71;0;51;20;0;51;5;0.34;1.0;1.0;0;0;189;0;19;2.12;0.6;1.37;3.0;345;128;14.7;16.62;1.131;0;1;0;0;0;1;0;0;0;1;0;258;;164;64;0;39
518.87;1473;24;24;2;3.2;74;0;34;36;0;56;7;0.44;1.0;1.0;0;0;189;0;36;3.0;1.2;1.65;3.9;345;128;14.7;18.02;1.226;0;1;0;0;0;0;0;0;0;1;0;294;;161;64;0;82
519.27;1729;31;31;6;3.83;71;0;27;43;0;61;12;0.51;1.0;1.0;0;0;189;0;43;3.88;3.5;1.89;5.5;345;128;14.7;18.02;1.226;0;1;0;0;0;0;0;0;0;1;0;331;;164;64;0;85
519.69;1716;32;32;6;3.93;71;0;27;44;0;62;12;0.52;1.0;1.0;0;0;189;0;43;4.0;3.5;1.93;5.6;345;128;14.7;18.02;1.226;0;1;0;0;0;0;0;0;0;1;0;339;;164;64;0;86
520.1;1780;27;27;6;3.43;71;0;28;42;0;58;10;0.46;1.0;1.0;0;0;189;0;42;3.38;3.5;1.73;5.1;345;128;14.7;15.31;1.041;0;1;0;0;0;0;0;0;0;1;0;312;;164;64;0;77
520.48;1729;22;22;5;2.96;71;0;31;39;0;54;8;0.41;1.0;1.0;0;0;189;0;39;2.75;2.9;1.54;4.3;345;128;14.7;15.31;1.041;0;1;0;0;0;0;0;0;0;1;0;278;;164;64;0;40
520.9;1588;21;21;5;2.93;73;0;33;37;0;54;8;0.4;1.0;1.0;0;0;189;0;37;2.62;2.9;1.54;3.9;345;128;14.7;17.82;1.212;0;1;0;0;0;0;0;0;0;1;0;281;;162;64;0;82
521.09;1806;41;41;12;4.77;72;0;27;43;0;72;16;0.58;1.0;1.0;0;0;189;0;43;5.12;7.0;2.27;7.2;345;128;14.7;17.82;1.212;0;1;0;0;0;0;0;0;0;1;0;413;;163;64;0;101
521.49;1831;36;36;12;4.28;73;0;26;43;0;66;14;0.55;1.0;1.0;0;0;189;0;44;4.5;7.0;2.08;6.5;345;128;14.7;17.82;1.212;0;1;0;0;0;0;0;0;0;1;0;370;;162;64;0;90
521.89;1780;37;37;12;4.4;72;0;26;45;0;68;15;0.56;1.0;1.0;0;0;189;0;44;4.62;7.0;2.12;6.5;345;128;14.7;15.71;1.069;0;1;0;0;0;0;0;0;0;1;0;383;;163;65;0;91
522.31;1831;26;26;6;3.4;74;0;29;41;0;58;10;0.45;1.0;1.0;0;0;189;0;41;3.25;3.5;1.73;5.2;345;128;14.7;15.71;1.069;0;1;0;0;0;0;0;0;0;1;0;308;;161;65;0;84
522.72;1639;16;16;2;2.48;73;0;37;31;0;50;6;0.34;1.0;1.0;0;0;189;0;33;2.0;1.2;1.36;3.4;345;128;14.7;15.71;1.069;0;1;0;0;0;0;0;0;0;1;0;249;;162;65;0;76
523.11;1639;19;19;2;2.7;74;0;35;34;0;52;6;0.37;1.0;1.0;0;0;189;0;35;2.38;1.2;1.45;3.7;345;128;14.7;14.71;1.001;0;1;0;0;0;0;0;0;0;1;0;261;;161;64;0;77
523.53;1665;21;21;5;2.88;73;0;34;36;0;54;7;0.41;1.0;1.0;0;0;189;0;36;2.62;2.9;1.52;4.0;345;128;14.7;14.71;1.001;0;1;0;0;0;0;0;0;0;1;0;279;;162;65;0;81
523.93;1895;33;33;9;4.03;73;0;26;43;0;63;13;0.51;1.0;1.0;0;0;189;0;44;4.12;5.2;1.98;6.4;345;128;14.82;15.72;1.061;0;1;0;0;0;0;0;0;0;1;0;347;;162;64;0;88
524.33;1755;30;30;9;3.7;72;0;26;44;0;61;12;0.5;1.0;1.0;0;0;189;0;44;3.75;5.2;1.84;5.4;345;128;14.7;15.72;1.069;0;1;0;0;0;0;0;0;0;1;0;333;;163;65;0;86
524.73;1716;24;24;5;3.2;72;0;30;40;0;56;9;0.45;1.0;1.0;0;0;189;0;40;3.0;2.9;1.64;4.6;345;128;14.7;15.72;1.069;0;1;0;0;0;0;0;0;0;1;0;296;;163;65;0;83
525.14;1729;21;21;5;2.96;73;0;34;37;0;54;8;0.41;1.0;1.0;0;0;189;0;36;2.62;2.9;1.55;4.3;345;128;14.7;14.61;0.994;0;1;0;0;0;0;0;0;0;1;0;277;;162;65;0;81
525.55;1716;20;20;5;2.85;74;0;32;37;0;53;7;0.38;1.0;1.0;0;0;189;0;38;2.5;2.9;1.51;4.1;345;128;14.7;14.61;0.994;0;1;0;0;0;0;0;0;0;1;0;272;;162;65;0;81
525.94;1639;20;20;3;2.83;73;0;32;39;0;53;7;0.38;1.0;1.0;0;0;189;0;38;2.5;1.7;1.5;3.9;345;128;14.7;14.41;0.98;0;1;0;0;0;0;0;0;0;1;0;271;;162;65;0;78
526.36;1447;13;13;0;2.17;72;0;56;20;0;47;4;0.3;1.0;1.0;0;0;189;0;14;1.62;0.0;1.23;2.6;345;128;14.7;14.41;0.98;0;1;0;0;0;1;0;0;0;1;0;230;;163;64;0;74
526.56;1178;18;18;0;2.6;72;0;54;20;0;52;5;0.34;1.0;1.0;0;0;189;0;16;2.25;0.0;1.4;2.6;345;128;14.7;14.41;0.98;0;1;0;0;0;1;0;0;0;1;0;266;;163;64;0;38
526.96;1498;15;15;0;2.32;72;0;50;20;0;49;5;0.31;1.0;1.0;0;0;189;0;20;1.88;0.0;1.29;2.9;345;128;14.7;15.62;1.063;0;1;0;0;0;1;0;0;0;1;0;241;;163;64;0;75
527.35;1370;13;13;0;2.2;74;0;50;20;0;47;4;0.29;1.0;1.0;0;0;189;0;20;1.62;0.0;1.25;2.5;345;128;14.7;15.62;1.063;0;1;0;0;0;1;0;0;0;1;0;229;;161;64;0;35
527.76;1396;13;13;0;2.17;72;0;50;20;0;47;4;0.29;1.0;1.0;0;0;189;0;20;1.62;0.0;1.23;2.5;345;128;14.7;15.62;1.063;0;1;0;0;0;1;0;0;0;1;0;227;;163;64;0;74
528.15;1255;13;13;0;2.17;74;0;50;20;0;47;3;0.29;1.0;1.0;0;0;189;0;20;1.62;0.0;1.24;2.3;345;128;14.7;16.62;1.131;0;1;0;0;0;1;0;0;0;1;0;231;;161;64;0;74
528.56;1691;13;13;1;2.17;72;0;54;20;0;45;5;0.3;1.0;1.0;0;0;189;0;16;1.62;0.6;1.23;3.1;345;128;14.7;16.62;1.131;0;1;0;0;0;1;0;0;0;1;0;212;;163;64;0;73
528.97;1831;13;13;0;2.12;74;0;65;20;0;44;5;0.3;1.0;1.0;0;0;189;0;5;1.62;0.0;1.22;3.2;345;128;14.7;16.62;1.131;0;1;0;0;0;1;0;0;0;1;0;200;;160;64;0;57
529.37;1601;12;12;0;2.02;72;0;70;20;0;43;4;0.28;1.0;1.0;0;0;189;0;0;1.5;0.0;1.17;2.7;345;128;14.7;16.62;1.131;0;1;0;0;0;1;0;0;0;1;0;199;;163;64;0;57
529.77;1614;12;12;0;2.03;71;0;70;20;0;44;4;0.29;1.0;1.0;0;0;189;0;0;1.5;0.0;1.17;2.7;345;128;14.7;16.62;1.131;0;1;0;0;0;1;0;0;0;1;0;201;;160;64;0;57
530.19;1614;12;12;0;2.05;72;0;70;20;0;43;4;0.28;1.0;1.0;0;0;189;0;0;1.5;0.0;1.18;2.8;345;128;14.7;16.62;1.131;0;1;0;0;0;1;0;0;0;1;0;198;;163;64;0;57
530.57;1639;12;12;0;2.06;73;0;70;20;0;43;4;0.29;1.0;1.0;0;0;189;0;0;1.5;0.0;1.19;2.8;345;128;14.7;16.62;1.131;0;1;0;0;0;1;0;0;0;1;0;196;;162;64;0;70
530.98;1601;12;12;0;2.02;72;0;70;20;0;43;4;0.28;1.0;1.0;0;0;189;0;0;1.5;0.0;1.17;2.7;345;128;14.7;16.62;1.131;0;1;0;0;0;1;0;0;0;1;0;192;;163;64;0;54
531.39;1486;11;11;1;2.02;74;0;70;20;0;43;4;0.27;1.0;1.0;0;0;189;0;0;1.38;0.6;1.18;2.5;345;128;14.7;16.62;1.131;0;1;0;0;0;1;0;0;0;1;0;198;;161;64;0;70
531.79;1550;12;12;0;2.07;74;0;70;20;0;44;4;0.29;1.0;1.0;0;0;189;0;0;1.5;0.0;1.2;2.7;345;128;14.7;16.62;1.131;0;1;0;0;0;1;0;0;0;1;0;203;;160;64;0;72
532.18;1473;11;11;0;1.98;75;0;70;20;0;42;3;0.27;1.0;1.0;0;0;189;0;0;1.38;0.0;1.17;2.4;345;128;14.7;16.62;1.131;0;1;0;0;0;1;0;0;0;1;0;188;;159;64;0;54
532.4;1434;11;11;0;1.97;76;0;70;20;0;41;3;0.27;1.0;1.0;0;0;189;0;0;1.38;0.0;1.17;2.4;345;128;14.7;16.62;1.131;0;1;0;0;0;1;0;0;0;1;0;187;;158;64;0;54
532.79;1473;11;11;0;2.03;75;0;70;20;0;43;3;0.27;1.0;1.0;0;0;189;0;0;1.38;0.0;1.19;2.5;345;128;14.7;16.62;1.131;0;1;0;0;0;1;0;0;0;1;0;195;;159;64;0;56
533.21;1370;11;11;1;1.97;74;0;70;20;0;43;3;0.27;1.0;1.0;0;0;189;0;0;1.38;0.6;1.16;2.2;345;128;14.7;16.62;1.131;0;1;0;0;0;1;0;0;0;1;0;194;;160;64;0;56
533.6;1473;11;11;1;2.02;74;0;70;20;0;44;3;0.28;1.0;1.0;0;0;189;0;0;1.38;0.6;1.18;2.5;345;128;14.7;16.62;1.131;0;1;0;0;0;1;0;0;0;1;0;201;;160;64;0;57
534.0;1434;12;12;0;2.08;75;0;70;20;0;44;3;0.28;1.0;1.0;0;0;189;0;0;1.5;0.0;1.21;2.5;345;128;14.7;16.62;1.131;0;1;0;0;0;1;0;0;0;1;0;205;;159;64;0;72
534.41;1383;12;12;1;2.07;76;0;70;20;0;44;3;0.28;1.0;1.0;0;0;189;0;0;1.5;0.6;1.21;2.4;345;128;14.7;16.62;1.131;0;1;0;0;0;1;0;0;0;1;0;204;;158;64;0;54
534.8;1332;18;18;4;2.63;75;0;40;33;0;52;5;0.34;1.0;1.0;0;0;189;0;30;2.25;2.3;1.43;2.9;345;128;14.7;16.62;1.131;0;1;0;0;0;0;0;0;0;1;0;262;;159;65;0;77
535.22;1883;18;18;4;2.67;74;0;32;38;0;52;7;0.37;1.0;1.0;0;0;189;0;38;2.25;2.3;1.44;4.2;345;128;14.82;17.92;1.209;0;1;0;0;0;0;0;0;0;1;0;261;;161;64;0;76
535.62;1601;15;15;4;2.33;73;0;39;31;0;49;5;0.31;1.0;1.0;0;0;189;0;31;1.88;2.3;1.3;3.1;345;128;14.7;17.92;1.219;0;1;0;0;0;0;0;0;0;1;0;244;;162;65;0;75
536.01;1729;16;16;4;2.45;74;0;37;33;0;49;6;0.32;1.0;1.0;0;0;189;0;33;2.0;2.3;1.35;3.5;345;128;14.7;18.92;1.287;0;1;0;0;0;0;0;0;0;1;0;247;;160;65;0;76
536.41;1703;16;16;4;2.45;74;0;39;31;0;50;6;0.34;1.0;1.0;0;0;189;0;31;2.0;2.3;1.35;3.5;345;128;14.7;18.92;1.287;0;1;0;0;0;0;0;0;0;1;0;248;;161;64;0;76
536.81;1780;17;17;4;2.53;73;0;37;31;0;51;6;0.35;1.0;1.0;0;0;189;0;33;2.12;2.3;1.38;3.8;345;128;14.7;18.92;1.287;0;1;0;0;0;0;0;0;0;1;0;254;;162;65;0;76
537.23;1703;18;18;4;2.67;74;0;37;33;0;51;7;0.35;1.0;1.0;0;0;189;0;33;2.25;2.3;1.44;3.8;345;128;14.7;19.12;1.301;0;1;0;0;0;0;0;0;0;1;0;259;;161;64;0;76
537.63;1857;19;19;4;2.68;73;0;33;37;0;52;7;0.37;1.0;1.0;0;0;189;0;37;2.38;2.3;1.44;4.1;345;128;14.82;19.12;1.29;0;1;0;0;0;0;0;0;0;1;0;264;;162;65;0;76
537.82;1870;19;19;4;2.7;72;0;33;36;0;52;7;0.37;1.0;1.0;0;0;189;0;37;2.38;2.3;1.44;4.2;345;128;14.82;19.12;1.29;0;1;0;0;0;0;0;0;0;1;0;263;;163;65;0;38
538.24;1806;19;19;4;2.7;72;0;32;37;0;52;7;0.37;1.0;1.0;0;0;189;0;38;2.38;2.3;1.44;4.1;345;128;14.7;18.02;1.226;0;1;0;0;0;0;0;0;0;1;0;262;;163;65;0;77
538.64;1857;32;32;11;3.92;72;0;25;45;0;63;13;0.52;1.0;1.0;0;0;189;0;45;4.0;6.4;1.93;6.1;345;128;14.82;18.02;1.216;0;1;0;0;0;0;0;0;0;1;0;346;;163;65;0;88
539.04;1895;27;27;11;3.51;75;0;24;46;0;60;12;0.47;1.0;1.0;0;0;189;0;46;3.38;6.4;1.78;5.5;345;128;14.82;17.62;1.189;0;1;0;0;0;0;0;0;0;1;0;326;;159;65;0;85
539.43;1934;26;26;11;3.35;74;0;24;45;0;59;11;0.45;1.0;1.0;0;0;189;0;46;3.25;6.4;1.71;5.4;345;128;14.82;17.62;1.189;0;1;0;0;0;0;0;0;0;1;0;319;;160;65;0;85
539.85;2024;26;26;11;3.36;73;0;25;45;0;60;12;0.45;1.0;1.0;0;0;189;0;45;3.25;6.4;1.71;5.7;345;128;14.82;17.62;1.189;0;1;0;0;0;0;0;0;0;1;0;321;;162;65;0;85
540.26;2062;26;26;11;3.38;75;0;26;45;0;60;12;0.44;1.0;1.0;0;0;189;0;44;3.25;6.4;1.73;5.8;345;128;14.82;16.62;1.121;0;1;0;0;0;0;0;0;0;1;0;325;;159;65;0;81
540.66;2024;25;25;11;3.27;76;0;26;44;0;59;11;0.43;1.0;1.0;0;0;189;0;44;3.12;6.4;1.69;5.5;345;128;14.82;16.62;1.121;0;1;0;0;0;0;0;0;0;1;0;318;;158;65;0;41
541.06;2088;24;24;11;3.23;75;0;26;44;0;58;11;0.41;1.0;1.0;0;0;189;0;44;3.0;6.4;1.67;5.6;345;128;14.82;18.72;1.263;0;1;0;0;0;0;0;0;0;1;0;314;;159;65;0;84
541.45;1691;38;38;11;4.56;73;0;28;42;0;68;15;0.57;1.0;1.0;0;0;189;0;42;4.75;6.4;2.19;6.4;345;128;14.7;18.72;1.273;0;1;0;0;0;0;0;0;0;1;0;381;;162;65;0;90
541.87;1806;37;37;11;4.48;73;0;29;42;0;68;15;0.55;1.0;1.0;0;0;189;0;41;4.62;6.4;2.16;6.7;345;128;14.7;18.72;1.273;0;1;0;0;0;0;0;0;0;1;0;384;;163;65;0;91
542.26;1831;37;38;11;4.5;74;0;27;42;0;68;15;0.55;1.0;1.0;0;0;189;0;43;4.62;6.4;2.17;6.9;345;128;14.7;16.21;1.103;0;1;0;0;0;0;0;0;0;1;0;384;;162;65;0;91
542.66;1857;38;38;14;4.52;74;0;26;41;0;69;15;0.55;1.0;1.0;0;0;189;0;44;4.75;8.1;2.18;7.0;345;128;14.82;16.21;1.094;0;1;0;0;0;0;0;0;0;1;0;395;;161;65;0;92
543.09;2088;51;51;20;5.72;74;0;32;39;0;80;23;0.64;1.0;1.0;0;0;189;0;38;6.38;11.6;2.66;10.0;345;128;14.82;14.62;0.987;0;1;0;0;0;0;0;0;0;1;0;478;;161;65;0;107
543.48;1857;36;36;14;4.32;74;0;26;44;0;68;15;0.55;1.0;1.0;0;0;189;0;44;4.5;8.1;2.1;6.7;345;128;14.82;14.62;0.987;0;1;0;0;0;0;0;0;0;1;0;380;;160;65;0;91
543.66;1806;30;30;10;3.8;74;0;26;44;0;61;12;0.49;1.0;1.0;0;0;189;0;44;3.75;5.8;1.89;5.7;345;128;14.7;14.62;0.995;0;1;0;0;0;0;0;0;0;1;0;334;;161;65;0;82
544.09;1703;28;28;10;3.61;75;0;28;42;0;59;11;0.48;1.0;1.0;0;0;189;0;42;3.5;5.8;1.82;5.1;345;128;14.7;14.41;0.98;0;1;0;0;0;0;0;0;0;1;0;318;;159;65;0;85
544.48;1716;27;27;10;3.52;74;0;30;40;0;58;10;0.47;1.0;1.0;0;0;189;0;40;3.38;5.8;1.78;5.0;345;128;14.7;14.41;0.98;0;1;0;0;0;0;0;0;0;1;0;315;;160;65;0;84
544.88;1716;27;27;10;3.53;75;0;29;42;0;59;11;0.48;1.0;1.0;0;0;189;0;41;3.38;5.8;1.79;5.0;345;128;14.7;14.41;0.98;0;1;0;0;0;0;0;0;0;1;0;317;;159;65;0;85
545.28;1691;29;29;10;3.71;73;0;28;42;0;60;11;0.5;1.0;1.0;0;0;189;0;42;3.62;5.8;1.85;5.2;345;128;14.7;14.92;1.015;0;1;0;0;0;0;0;0;0;1;0;325;;162;65;0;85
545.7;1755;35;35;11;4.17;72;0;25;45;0;65;14;0.55;1.0;1.0;0;0;189;0;45;4.38;6.4;2.03;6.1;345;128;14.7;14.92;1.015;0;1;0;0;0;0;0;0;0;1;0;361;;163;65;0;89
546.1;1921;34;34;11;4.11;73;0;27;43;0;64;14;0.52;1.0;1.0;0;0;189;0;43;4.25;6.4;2.01;6.6;345;128;14.82;15.71;1.06;0;1;0;0;0;0;0;0;0;1;0;354;;162;65;0;86
546.51;1819;25;25;8;3.23;73;0;28;41;0;56;10;0.43;1.0;1.0;0;0;189;0;42;3.12;4.7;1.66;4.9;345;128;14.7;15.71;1.069;0;1;0;0;0;0;0;0;0;1;0;298;;162;65;0;83
546.91;1691;21;21;6;2.88;73;0;33;37;0;54;8;0.41;1.0;1.0;0;0;189;0;37;2.62;3.5;1.52;4.1;345;128;14.7;15.71;1.069;0;1;0;0;0;0;0;0;0;1;0;276;;162;66;0;78
547.3;1780;20;20;6;2.8;72;0;33;36;0;53;7;0.38;1.0;1.0;0;0;189;0;37;2.5;3.5;1.48;4.2;345;128;14.7;14.51;0.987;0;1;0;0;0;0;0;0;0;1;0;271;;163;66;0;78
547.71;1703;20;20;6;2.8;72;0;33;37;0;53;7;0.38;1.0;1.0;0;0;189;0;37;2.5;3.5;1.48;4.0;345;128;14.7;14.51;0.987;0;1;0;0;0;0;0;0;0;1;0;270;;163;65;0;77
548.11;1639;20;20;6;2.81;71;0;34;36;0;53;7;0.38;1.0;1.0;0;0;189;0;36;2.5;3.5;1.48;3.8;345;128;14.7;16.22;1.103;0;1;0;0;0;0;0;0;0;1;0;273;;164;66;0;81
548.5;1703;23;23;6;3.06;71;0;32;40;0;55;9;0.43;1.0;1.0;0;0;189;0;38;2.88;3.5;1.58;4.3;345;128;14.7;16.22;1.103;0;1;0;0;0;0;0;0;0;1;0;286;;164;66;0;82
548.9;1703;24;24;6;3.21;71;0;31;39;0;56;9;0.45;1.0;1.0;0;0;189;0;39;3.0;3.5;1.64;4.6;345;128;14.7;16.22;1.103;0;1;0;0;0;0;0;0;0;1;0;293;;164;66;0;76
549.32;1767;14;14;1;2.26;71;0;40;30;0;48;5;0.31;1.0;1.0;0;0;189;0;30;1.75;0.6;1.26;3.3;345;128;14.7;15.41;1.048;0;1;0;0;0;0;0;0;0;1;0;235;;164;66;0;74
549.5;1537;13;13;1;2.17;72;0;40;30;0;46;4;0.3;1.0;1.0;0;0;189;0;30;1.62;0.6;1.23;2.8;345;128;14.7;15.41;1.048;0;1;0;0;0;0;0;0;0;1;0;220;;163;65;0;73
549.91;1486;13;13;1;2.15;72;0;40;30;0;46;4;0.29;1.0;1.0;0;0;189;0;30;1.62;0.6;1.22;2.7;345;128;14.7;15.41;1.048;0;1;0;0;0;0;0;0;0;1;0;221;;163;66;0;74
550.32;1550;15;15;1;2.31;71;0;40;30;0;49;5;0.31;1.0;1.0;0;0;189;0;30;1.88;0.6;1.28;3.0;345;128;14.7;15.71;1.069;0;1;0;0;0;0;0;0;0;1;0;244;;164;66;0;75
550.72;1486;16;16;1;2.46;71;0;40;30;0;50;5;0.33;1.0;1.0;0;0;189;0;30;2.0;0.6;1.34;3.0;345;128;14.7;15.71;1.069;0;1;0;0;0;0;0;0;0;1;0;250;;164;66;0;76
551.12;1652;23;23;4;3.12;72;0;30;39;0;55;9;0.43;1.0;1.0;0;0;189;0;40;2.88;2.3;1.61;4.3;345;128;14.7;16.62;1.131;0;1;0;0;0;0;0;0;0;1;0;288;;163;66;0;82
551.54;1780;24;24;5;3.13;71;0;31;40;0;55;9;0.42;1.0;1.0;0;0;189;0;39;3.0;2.9;1.61;4.6;345;128;14.7;16.62;1.131;0;1;0;0;0;0;0;0;0;1;0;291;;164;66;0;85
551.94;1806;27;27;6;3.47;72;0;29;41;0;59;11;0.47;1.0;1.0;0;0;189;0;41;3.38;3.5;1.75;5.2;345;128;14.7;16.62;1.131;0;1;0;0;0;0;0;0;0;1;0;319;;163;65;0;85
552.35;1895;32;32;10;3.92;72;0;26;43;0;63;13;0.51;1.0;1.0;0;0;189;0;44;4.0;5.8;1.93;6.2;345;128;14.82;17.11;1.155;0;1;0;0;0;0;0;0;0;1;0;349;;163;66;0;83
552.74;1947;32;32;10;3.92;74;0;26;44;0;63;13;0.5;1.0;1.0;0;0;189;0;44;4.0;5.8;1.94;6.4;345;128;14.82;17.11;1.155;0;1;0;0;0;0;0;0;0;1;0;349;;162;65;0;88
553.13;1921;31;31;10;3.82;74;0;26;44;0;62;13;0.49;1.0;1.0;0;0;189;0;44;3.88;5.8;1.9;6.1;345;128;14.82;15.42;1.04;0;1;0;0;0;0;0;0;0;1;0;340;;161;65;0;86
553.53;1831;29;29;10;3.66;73;0;25;44;0;61;12;0.49;1.0;1.0;0;0;189;0;45;3.62;5.8;1.83;5.6;345;128;14.7;15.42;1.049;0;1;0;0;0;0;0;0;0;1;0;335;;162;65;0;86
553.95;1806;28;28;10;3.6;74;0;25;44;0;60;12;0.48;1.0;1.0;0;0;189;0;45;3.5;5.8;1.81;5.4;345;128;14.7;15.42;1.049;0;1;0;0;0;0;0;0;0;1;0;327;;160;65;0;85
554.35;2049;69;69;34;7.7;74;0;38;31;0;91;32;0.76;1.0;1.0;0;0;189;0;32;8.62;19.8;3.45;13.1;345;128;13.94;15.31;1.098;0;1;0;0;0;0;0;0;0;1;0;563;;160;65;0;148
554.75;2574;72;72;50;8.05;78;0;44;26;0;100;41;0.72;1.0;1.0;0;0;189;0;26;9.0;29.1;3.61;17.3;345;128;14.04;15.31;1.09;0;1;0;0;0;0;0;0;0;1;0;630;;155;65;0;150
554.95;2651;72;72;50;7.98;79;0;42;27;0;100;42;0.71;1.0;1.0;0;0;189;0;28;9.0;29.1;3.59;17.6;345;128;14.04;15.31;1.09;0;1;0;0;0;0;0;0;0;1;0;627;;153;65;0;51
555.36;2587;63;63;37;6.87;78;0;38;35;0;95;37;0.66;1.0;1.0;0;0;189;0;32;7.88;21.5;3.14;14.8;345;128;14.82;14.41;0.972;0;1;0;0;0;0;0;0;0;1;0;584;;155;65;0;108
555.76;2318;43;43;21;4.91;77;0;26;44;0;75;22;0.57;1.0;1.0;0;0;189;0;44;5.38;12.2;2.35;9.5;345;128;14.93;14.41;0.965;0;1;0;0;0;0;0;0;0;1;0;442;;156;65;0;105
556.18;2741;81;81;107;9.26;79;0;49;21;0;105;48;0.74;1.0;1.0;0;0;189;0;21;10.12;62.2;4.1;21.2;345;128;13.54;12.81;0.946;0;1;0;0;0;0;0;0;0;1;0;663;;153;65;0;154
556.57;3240;77;77;103;8.7;78;0;46;23;0;104;56;0.73;1.0;1.0;0;0;189;0;24;9.62;59.9;3.87;23.5;345;128;13.63;12.81;0.94;0;1;0;0;0;0;0;0;0;1;0;658;;155;65;0;154
556.96;3202;70;70;67;7.81;77;0;40;30;0;100;51;0.7;1.0;1.0;0;0;189;0;30;8.75;39.0;3.51;20.8;345;128;13.94;12.81;0.919;0;1;0;0;0;0;0;0;0;1;0;630;;156;65;0;150
557.37;2088;13;13;1;2.15;76;0;34;25;0;48;6;0.29;1.0;1.0;0;0;189;0;36;1.62;0.6;1.24;3.7;345;128;14.82;10.51;0.709;0;1;0;0;0;1;0;0;0;1;0;239;;157;66;0;70
557.78;1652;12;12;1;2.15;76;0;66;20;0;44;5;0.3;1.0;1.0;0;0;189;0;4;1.5;0.6;1.24;3.0;345;128;14.7;10.51;0.715;0;1;0;0;0;1;0;0;0;1;0;201;;158;65;0;54
558.17;1639;13;13;1;2.16;75;0;70;20;0;45;4;0.3;1.0;1.0;0;0;189;0;0;1.62;0.6;1.24;3.0;345;128;14.7;10.51;0.715;0;1;0;0;0;1;0;0;0;1;0;211;;160;66;0;73
558.57;1434;13;13;1;2.13;75;0;70;20;0;45;4;0.29;1.0;1.0;0;0;189;0;0;1.62;0.6;1.23;2.5;345;128;14.7;10.51;0.715;0;1;0;0;0;1;0;0;0;1;0;208;;159;66;0;72
558.98;1422;12;12;1;2.1;74;0;70;20;0;45;3;0.28;1.0;1.0;0;0;189;0;0;1.5;0.6;1.21;2.5;345;128;14.7;10.51;0.715;0;1;0;0;0;1;0;0;0;1;0;214;;160;66;0;73
559.39;1268;12;12;1;2.12;74;0;64;20;0;46;3;0.28;1.0;1.0;0;0;189;0;6;1.5;0.6;1.22;2.2;345;128;14.7;10.51;0.715;0;1;0;0;0;1;0;0;0;1;0;222;;161;66;0;73
559.78;1806;11;11;1;2.02;74;0;66;20;0;41;4;0.28;1.0;1.0;0;0;189;0;4;1.38;0.6;1.18;3.0;345;128;14.7;10.51;0.715;0;1;0;0;0;1;0;0;0;1;0;187;;161;66;0;54
560.18;2305;11;11;1;2.0;74;0;65;25;0;40;5;0.3;1.0;1.0;0;0;189;0;5;1.38;0.6;1.17;3.8;345;128;14.82;10.51;0.709;0;1;0;0;0;1;0;0;0;1;0;174;;160;66;0;52
560.58;2267;11;11;1;1.97;74;0;65;25;0;40;5;0.3;1.0;1.0;0;0;189;0;5;1.38;0.6;1.16;3.7;345;128;14.82;10.51;0.709;0;1;0;0;0;1;0;0;0;1;0;173;;161;66;0;53
560.79;2228;11;11;1;1.96;73;0;65;25;0;40;5;0.29;1.0;1.0;0;0;189;0;5;1.38;0.6;1.15;3.6;345;128;14.82;10.51;0.709;0;1;0;0;0;1;0;0;0;1;0;173;;162;66;0;52
561.21;2164;11;11;1;1.97;74;0;65;25;0;40;5;0.29;1.0;1.0;0;0;189;0;5;1.38;0.6;1.16;3.6;345;128;14.82;10.51;0.709;0;1;0;0;0;1;0;0;0;1;0;178;;161;66;0;54
561.61;2062;11;11;1;1.95;72;0;65;25;0;40;5;0.29;1.0;1.0;0;0;189;0;5;1.38;0.6;1.14;3.4;345;128;14.82;10.51;0.709;0;1;0;0;0;1;0;0;0;1;0;178;;163;66;0;52
562.01;2088;11;11;1;1.96;73;0;67;23;0;40;5;0.29;1.0;1.0;0;0;189;0;3;1.38;0.6;1.15;3.4;345;128;14.82;10.51;0.709;0;1;0;0;0;1;0;0;0;1;0;178;;162;66;0;53
562.4;2062;11;11;1;1.95;72;0;67;22;0;40;5;0.29;1.0;1.0;0;0;189;0;3;1.38;0.6;1.14;3.4;345;128;14.82;10.51;0.709;0;1;0;0;0;1;0;0;0;1;0;173;;163;66;0;53
562.82;2036;10;10;1;1.91;73;0;65;24;0;39;4;0.28;1.0;1.0;0;0;189;0;5;1.25;0.6;1.13;3.2;345;128;14.82;10.51;0.709;0;1;0;0;0;1;0;0;0;1;0;165;;162;66;0;76
563.21;1895;10;10;1;1.9;74;0;68;20;0;38;4;0.28;1.0;1.0;0;0;189;0;2;1.25;0.6;1.13;3.0;345;128;14.82;10.51;0.709;0;1;0;0;0;1;0;0;0;1;0;163;;161;66;0;52
563.61;1831;12;12;2;2.06;73;0;70;20;0;43;5;0.29;1.0;1.0;0;0;189;0;0;1.5;1.2;1.19;3.1;345;128;14.7;10.51;0.715;0;1;0;0;0;1;0;0;0;1;0;198;;162;66;0;57
564.01;1716;13;13;2;2.17;74;0;46;30;0;46;5;0.3;1.0;1.0;0;0;189;0;24;1.62;1.2;1.24;3.1;345;128;14.7;10.51;0.715;0;1;0;0;0;0;0;0;0;1;0;220;;161;66;0;73
564.41;1422;21;21;3;2.91;71;0;34;36;0;54;6;0.39;1.0;1.0;0;0;189;0;36;2.62;1.7;1.52;3.4;345;128;14.7;10.51;0.715;0;1;0;0;0;0;0;0;0;1;0;282;;164;66;0;82
564.82;1511;18;18;3;2.65;72;0;37;33;0;52;6;0.36;1.0;1.0;0;0;189;0;33;2.25;1.7;1.42;3.3;345;128;14.7;10.51;0.715;0;1;0;0;0;0;0;0;0;1;0;267;;163;66;0;77
565.21;1550;19;19;3;2.72;72;0;36;34;0;52;6;0.36;1.0;1.0;0;0;189;0;34;2.38;1.7;1.45;3.5;345;128;14.7;18.12;1.233;0;1;0;0;0;0;0;0;0;1;0;266;;163;66;0;77
565.62;1550;19;19;3;2.76;73;0;35;36;0;53;6;0.38;1.0;1.0;0;0;189;0;35;2.38;1.7;1.47;3.6;345;128;14.7;18.12;1.233;0;1;0;0;0;0;0;0;0;1;0;273;;161;66;0;77
566.03;1498;19;19;3;2.75;74;0;34;36;0;53;6;0.37;1.0;1.0;0;0;189;0;36;2.38;1.7;1.47;3.4;345;128;14.7;18.62;1.267;0;1;0;0;0;0;0;0;0;1;0;271;;161;66;0;77
566.44;1601;31;31;7;3.86;73;0;29;41;0;61;11;0.51;1.0;1.0;0;0;189;0;41;3.88;4.1;1.91;5.1;345;128;14.7;18.62;1.267;0;1;0;0;0;0;0;0;0;1;0;329;;162;66;0;86
566.63;1652;30;30;7;3.8;74;0;28;42;0;61;11;0.52;1.0;1.0;0;0;189;0;42;3.75;4.1;1.89;5.2;345;128;14.7;18.62;1.267;0;1;0;0;0;0;0;0;0;1;0;328;;161;66;0;85
567.04;1716;34;34;10;4.17;74;0;26;44;0;64;13;0.55;1.0;1.0;0;0;189;0;44;4.25;5.8;2.04;6.0;345;128;14.7;15.21;1.035;0;1;0;0;0;0;0;0;0;1;0;354;;161;66;0;89
567.44;1588;14;14;0;2.3;74;0;38;20;0;48;5;0.3;1.0;1.0;0;0;189;0;32;1.75;0.0;1.29;3.0;345;128;14.7;15.21;1.035;0;1;0;0;0;1;0;0;0;1;0;232;;161;66;0;74
567.86;1153;13;13;0;2.16;75;0;57;20;0;47;3;0.28;1.0;1.0;0;0;189;0;13;1.62;0.0;1.24;2.1;345;128;14.7;15.21;1.035;0;1;0;0;0;1;0;0;0;1;0;229;;159;66;0;74
568.25;1178;13;13;0;2.18;73;0;50;20;0;48;3;0.29;1.0;1.0;0;0;189;0;20;1.62;0.0;1.24;2.1;345;128;14.7;18.72;1.273;0;1;0;0;0;1;0;0;0;1;0;235;;162;66;0;74
568.63;1089;13;13;0;2.16;75;0;50;20;0;47;3;0.28;1.0;1.0;0;0;189;0;20;1.62;0.0;1.24;2.0;345;128;14.7;18.72;1.273;0;1;0;0;0;1;0;0;0;1;0;229;;159;66;0;70
569.05;1050;13;13;0;2.08;71;0;50;20;0;47;3;0.28;1.0;1.0;0;0;189;0;20;1.62;0.0;1.19;1.8;345;128;14.7;16.52;1.124;0;1;0;0;0;1;0;0;0;1;0;230;;164;66;0;74
569.45;1037;13;13;0;2.1;72;0;50;20;0;47;3;0.28;1.0;1.0;0;0;189;0;20;1.62;0.0;1.2;1.8;345;128;14.7;16.52;1.124;0;1;0;0;0;1;0;0;0;1;0;229;;160;66;0;74
569.87;999;12;12;0;2.07;72;0;50;20;0;47;2;0.27;1.0;1.0;0;0;189;0;20;1.5;0.0;1.19;1.7;345;128;14.7;16.52;1.124;0;1;0;0;0;1;0;0;0;1;0;228;;163;66;0;74
570.26;999;13;13;0;2.17;72;0;50;20;0;48;3;0.28;1.0;1.0;0;0;189;0;20;1.62;0.0;1.23;1.8;345;128;14.7;18.22;1.239;0;1;0;0;0;1;0;0;0;1;0;233;;163;66;0;74
570.66;1037;13;13;0;2.11;71;0;50;20;0;48;2;0.29;1.0;1.0;0;0;189;0;20;1.62;0.0;1.2;1.8;345;128;14.7;18.22;1.239;0;1;0;0;0;1;0;0;0;1;0;233;;164;66;0;74
571.06;986;13;13;0;2.13;71;0;50;20;0;48;2;0.28;1.0;1.0;0;0;189;0;20;1.62;0.0;1.21;1.8;345;128;14.7;17.82;1.212;0;1;0;0;0;1;0;0;0;1;0;238;;164;66;0;75
571.46;973;14;14;0;2.18;71;0;50;20;0;48;3;0.28;1.0;1.0;0;0;189;0;20;1.75;0.0;1.23;1.8;345;128;14.7;17.82;1.212;0;1;0;0;0;1;0;0;0;1;0;239;;164;66;0;75
571.86;1345;12;12;0;2.05;74;0;50;20;0;44;3;0.27;1.0;1.0;0;0;189;0;20;1.5;0.0;1.19;2.3;345;128;14.7;17.82;1.212;0;1;0;0;0;1;0;0;0;1;0;206;;164;66;0;54
572.07;1319;12;12;1;2.01;71;0;50;20;0;44;3;0.27;1.0;1.0;0;0;189;0;20;1.5;0.6;1.16;2.2;345;128;14.7;16.71;1.137;0;1;0;0;0;1;0;0;0;1;0;202;;164;66;0;54
572.47;1165;11;11;0;1.97;72;0;50;20;0;44;3;0.27;1.0;1.0;0;0;189;0;20;1.38;0.0;1.15;1.9;345;128;14.7;16.71;1.137;0;1;0;0;0;1;0;0;0;1;0;207;;163;66;0;70
572.87;999;12;12;0;2.06;73;0;50;20;0;46;2;0.27;1.0;1.0;0;0;189;0;20;1.5;0.0;1.19;1.7;345;128;14.7;16.71;1.137;0;1;0;0;0;1;0;0;0;1;0;217;;162;66;0;73
573.3;922;12;12;0;2.08;73;0;50;20;0;47;2;0.27;1.0;1.0;0;0;189;0;20;1.5;0.0;1.2;1.6;345;128;14.7;17.62;1.199;0;1;0;0;0;1;0;0;0;1;0;225;;162;66;0;74
573.68;871;13;13;1;2.18;73;0;50;20;0;48;2;0.28;1.0;1.0;0;0;189;0;20;1.62;0.6;1.24;1.6;345;128;14.7;17.62;1.199;0;1;0;0;0;1;0;0;0;1;0;239;;162;66;0;75
574.09;871;15;15;0;2.41;73;0;50;20;0;51;3;0.31;1.0;1.0;0;0;189;0;20;1.88;0.0;1.33;1.7;345;128;14.7;17.52;1.192;0;1;0;0;0;1;0;0;0;1;0;254;;163;66;0;74
574.5;820;15;15;0;2.37;74;0;50;20;0;50;2;0.3;1.0;1.0;0;0;189;0;20;1.88;0.0;1.32;1.6;345;128;14.7;17.52;1.192;0;1;0;0;0;1;0;0;0;1;0;251;;160;66;0;76
574.89;768;17;17;0;2.51;73;0;50;20;0;52;3;0.34;1.0;1.0;0;0;189;0;20;2.12;0.0;1.37;1.6;345;128;14.7;17.52;1.192;0;1;0;0;0;1;0;0;0;1;0;263;;162;66;0;77
575.31;768;17;17;0;2.53;73;0;50;20;0;52;3;0.34;1.0;1.0;0;0;189;0;20;2.12;0.0;1.38;1.6;345;128;14.7;17.12;1.165;0;1;0;0;0;1;0;0;0;1;0;264;;163;66;0;77
575.7;845;17;17;0;2.51;73;0;50;20;0;52;3;0.33;1.0;1.0;0;0;189;0;20;2.12;0.0;1.37;1.8;345;128;14.7;17.12;1.165;0;1;0;0;0;1;0;0;0;1;0;260;;162;66;0;77
576.1;730;18;18;0;2.61;73;0;50;20;0;53;3;0.35;1.0;1.0;0;0;189;0;20;2.25;0.0;1.41;1.6;345;128;14.7;16.21;1.103;0;1;0;0;0;1;0;0;0;1;0;273;;162;66;0;78
576.51;768;18;18;0;2.67;74;0;50;20;0;53;3;0.35;1.0;1.0;0;0;189;0;20;2.25;0.0;1.44;1.7;345;128;14.7;16.21;1.103;0;1;0;0;0;1;0;0;0;1;0;275;;161;66;0;78
576.91;756;18;18;0;2.65;74;0;50;20;0;53;3;0.35;1.0;1.0;0;0;189;0;20;2.25;0.0;1.43;1.7;345;128;14.7;16.21;1.103;0;1;0;0;0;1;0;0;0;1;0;274;;160;66;0;77
577.31;730;19;19;0;2.76;75;0;50;20;0;54;3;0.37;1.0;1.0;0;0;189;0;20;2.38;0.0;1.48;1.7;345;128;14.7;15.62;1.063;0;1;0;0;0;1;0;0;0;1;0;278;;159;66;0;74
577.72;717;20;20;0;2.85;74;0;50;20;0;55;3;0.38;1.0;1.0;0;0;189;0;20;2.5;0.0;1.51;1.7;345;128;14.7;15.62;1.063;0;1;0;0;0;1;0;0;0;1;0;284;;160;66;0;82
577.92;730;21;21;0;2.95;74;0;50;20;0;55;3;0.38;1.0;1.0;0;0;189;0;20;2.62;0.0;1.55;1.8;345;128;14.7;15.62;1.063;0;1;0;0;0;1;0;0;0;1;0;287;;161;66;0;75
578.34;730;21;21;0;2.9;74;0;50;20;0;55;3;0.38;1.0;1.0;0;0;189;0;20;2.62;0.0;1.53;1.8;345;128;14.7;14.41;0.98;0;1;0;0;0;1;0;0;0;1;0;285;;161;66;0;75
578.72;704;20;20;0;2.88;75;0;50;20;0;55;3;0.38;1.0;1.0;0;0;189;0;20;2.5;0.0;1.53;1.7;345;128;14.7;14.41;0.98;0;1;0;0;0;1;0;0;0;1;0;291;;159;66;0;82
579.14;679;20;20;0;2.83;75;0;50;20;0;55;3;0.39;1.0;1.0;0;0;189;0;20;2.5;0.0;1.51;1.6;345;128;14.7;14.71;1.001;0;1;0;0;0;1;0;0;0;1;0;289;;159;66;0;82
579.53;666;23;23;0;3.11;75;0;50;20;0;57;3;0.41;1.0;1.0;0;0;189;0;20;2.88;0.0;1.62;1.7;345;128;14.7;14.71;1.001;0;1;0;0;0;1;0;0;0;1;0;303;;159;66;0;83
579.95;756;22;22;0;3.1;76;0;50;20;0;57;3;0.41;1.0;1.0;0;0;189;0;20;2.75;0.0;1.62;2.0;345;128;14.7;14.71;1.001;0;1;0;0;0;1;0;0;0;1;0;300;;158;66;0;83
580.35;730;22;22;0;3.01;75;0;50;20;0;56;3;0.4;1.0;1.0;0;0;189;0;20;2.75;0.0;1.58;1.8;345;128;14.7;14.41;0.98;0;1;0;0;0;1;0;0;0;1;0;295;;158;66;0;40
580.75;756;21;21;0;2.9;74;0;50;20;0;55;3;0.38;1.0;1.0;0;0;189;0;20;2.62;0.0;1.53;1.8;345;128;14.7;14.41;0.98;0;1;0;0;0;1;0;0;0;1;0;290;;161;66;0;81
581.15;845;19;19;0;2.77;74;0;50;20;0;54;3;0.36;1.0;1.0;0;0;189;0;20;2.38;0.0;1.48;2.0;345;128;14.7;14.41;0.98;0;1;0;0;0;1;0;0;0;1;0;279;;162;66;0;81
581.55;820;19;19;0;2.72;72;0;50;20;0;54;3;0.36;1.0;1.0;0;0;189;0;20;2.38;0.0;1.45;1.9;345;128;14.7;14.41;0.98;0;1;0;0;0;1;0;0;0;1;0;276;;163;66;0;81
581.95;730;19;19;0;2.68;73;0;50;20;0;54;3;0.37;1.0;1.0;0;0;189;0;20;2.38;0.0;1.44;1.6;345;128;14.7;14.41;0.98;0;1;0;0;0;1;0;0;0;1;0;279;;162;66;0;81
582.36;832;20;20;1;2.75;72;0;50;20;0;54;3;0.36;1.0;1.0;0;0;189;0;20;2.5;0.6;1.46;1.9;345;128;14.7;15.52;1.056;0;1;0;0;0;1;0;0;0;1;0;283;;163;66;0;82
582.76;756;19;19;0;2.66;71;0;50;20;0;54;3;0.37;1.0;1.0;0;0;189;0;20;2.38;0.0;1.42;1.7;345;128;14.7;15.52;1.056;0;1;0;0;0;1;0;0;0;1;0;276;;164;66;0;81
583.16;781;20;20;1;2.81;71;0;50;20;0;55;3;0.38;1.0;1.0;0;0;189;0;20;2.5;0.6;1.48;1.8;345;128;14.7;15.12;1.029;0;1;0;0;0;1;0;0;0;1;0;284;;164;66;0;81
583.37;756;18;18;0;2.66;71;0;50;20;0;54;3;0.37;1.0;1.0;0;0;189;0;20;2.25;0.0;1.42;1.7;345;128;14.7;15.12;1.029;0;1;0;0;0;1;0;0;0;1;0;280;;165;66;0;82
583.76;1063;33;33;3;4.08;73;0;41;32;0;64;7;0.52;1.0;1.0;0;0;189;0;29;4.12;1.7;2.0;3.6;345;128;14.7;15.12;1.029;0;1;0;0;0;0;0;0;0;1;0;359;;162;66;0;85
584.17;1434;32;32;4;3.91;71;0;31;39;0;62;10;0.52;1.0;1.0;0;0;189;0;39;4.0;2.3;1.92;4.7;345;128;14.7;14.81;1.007;0;1;0;0;0;0;0;0;0;1;0;339;;164;66;0;86
584.58;1422;26;26;4;3.41;73;0;31;39;0;58;8;0.46;1.0;1.0;0;0;189;0;39;3.25;2.3;1.73;4.0;345;128;14.7;14.81;1.007;0;1;0;0;0;0;0;0;0;1;0;310;;162;66;0;84
584.96;1498;24;24;4;3.17;72;0;32;37;0;56;8;0.44;1.0;1.0;0;0;189;0;38;3.0;2.3;1.63;4.0;345;128;14.7;14.81;1.007;0;1;0;0;0;0;0;0;0;1;0;297;;163;66;0;82
585.37;1422;18;18;2;2.57;72;0;37;34;0;52;5;0.35;1.0;1.0;0;0;189;0;33;2.25;1.2;1.39;3.0;345;128;14.7;15.11;1.028;0;1;0;0;0;0;0;0;0;1;0;265;;163;66;0;77
585.77;1140;14;14;1;2.23;73;0;50;20;0;49;3;0.3;1.0;1.0;0;0;189;0;20;1.75;0.6;1.26;2.1;345;128;14.7;15.11;1.028;0;1;0;0;0;1;0;0;0;1;0;242;;162;66;0;70
586.18;973;18;18;1;2.63;73;0;50;20;0;53;4;0.34;1.0;1.0;0;0;189;0;20;2.25;0.6;1.42;2.1;345;128;14.7;17.22;1.171;0;1;0;0;0;1;0;0;0;1;0;273;;162;66;0;77
586.58;973;22;22;1;2.98;73;0;50;20;0;56;4;0.4;1.0;1.0;0;0;189;0;20;2.75;0.6;1.56;2.4;345;128;14.7;17.22;1.171;0;1;0;0;0;1;0;0;0;1;0;292;;162;66;0;82
586.98;1050;21;21;1;2.92;72;0;50;20;0;55;4;0.38;1.0;1.0;0;0;189;0;20;2.62;0.6;1.53;2.6;345;128;14.7;17.22;1.171;0;1;0;0;0;1;0;0;0;1;0;288;;163;66;0;82
587.4;922;16;16;1;2.45;74;0;50;20;0;52;3;0.33;1.0;1.0;0;0;189;0;20;2.0;0.6;1.35;1.9;345;128;14.7;15.32;1.042;0;1;0;0;0;1;0;0;0;1;0;266;;161;66;0;77
587.79;922;18;18;1;2.67;74;0;50;20;0;53;4;0.34;1.0;1.0;0;0;189;0;20;2.25;0.6;1.44;2.1;345;128;14.7;15.32;1.042;0;1;0;0;0;1;0;0;0;1;0;275;;161;66;0;81
588.19;896;18;18;1;2.58;73;0;50;20;0;53;3;0.34;1.0;1.0;0;0;189;0;20;2.25;0.6;1.4;1.9;345;128;14.7;16.32;1.11;0;1;0;0;0;1;0;0;0;1;0;271;;162;66;0;88
588.59;935;19;19;1;2.7;74;0;50;20;0;54;3;0.36;1.0;1.0;0;0;189;0;20;2.38;0.6;1.45;2.1;345;128;14.7;16.32;1.11;0;1;0;0;0;1;0;0;0;1;0;277;;160;66;0;81
589.02;832;19;19;1;2.73;73;0;50;20;0;54;3;0.36;1.0;1.0;0;0;189;0;20;2.38;0.6;1.46;1.9;345;128;14.7;16.32;1.11;0;1;0;0;0;1;0;0;0;1;0;276;;162;65;0;77
589.21;832;17;17;1;2.6;74;0;50;20;0;53;3;0.34;1.0;1.0;0;0;189;0;20;2.12;0.6;1.41;1.8;345;128;14.7;16.91;1.15;0;1;0;0;0;1;0;0;0;1;0;275;;160;66;0;81
589.62;756;19;19;1;2.76;73;0;50;20;0;54;3;0.37;1.0;1.0;0;0;189;0;20;2.38;0.6;1.47;1.7;345;128;14.7;16.91;1.15;0;1;0;0;0;1;0;0;0;1;0;281;;162;66;0;82
590.01;871;19;19;1;2.77;74;0;50;20;0;54;3;0.36;1.0;1.0;0;0;189;0;20;2.38;0.6;1.48;2.0;345;128;14.7;16.91;1.15;0;1;0;0;0;1;0;0;0;1;0;282;;161;65;0;82
590.41;845;18;18;1;2.65;72;0;50;20;0;54;3;0.36;1.0;1.0;0;0;189;0;20;2.25;0.6;1.42;1.9;345;128;14.7;16.32;1.11;0;1;0;0;0;1;0;0;0;1;0;277;;162;66;0;81
590.81;756;20;20;1;2.87;74;0;50;20;0;55;3;0.38;1.0;1.0;0;0;189;0;20;2.5;0.6;1.52;1.8;345;128;14.7;16.32;1.11;0;1;0;0;0;1;0;0;0;1;0;289;;161;66;0;82
591.22;884;21;21;1;2.87;72;0;50;20;0;55;3;0.38;1.0;1.0;0;0;189;0;20;2.62;0.6;1.51;2.1;345;128;14.7;15.61;1.062;0;1;0;0;0;1;0;0;0;1;0;287;;163;66;0;82
591.62;922;33;33;4;4.1;74;0;45;26;0;66;6;0.49;1.0;1.0;0;0;189;0;25;4.12;2.3;2.01;3.2;345;128;14.59;15.61;1.07;0;1;0;0;0;0;0;0;0;1;0;370;;160;66;0;90
592.01;1447;38;38;5;4.47;72;0;34;37;0;67;12;0.55;1.0;1.0;0;0;189;0;36;4.75;2.9;2.15;5.4;345;128;14.7;15.61;1.062;0;1;0;0;0;0;0;0;0;1;0;378;;163;66;0;90
592.42;1498;36;36;6;4.28;73;0;31;40;0;64;12;0.55;1.0;1.0;0;0;189;0;39;4.5;3.5;2.08;5.3;345;128;14.7;14.51;0.987;0;1;0;0;0;0;0;0;0;1;0;352;;162;66;0;41
592.83;1691;38;38;10;4.53;73;0;30;40;0;67;14;0.56;1.0;1.0;0;0;189;0;40;4.75;5.8;2.18;6.4;345;128;14.7;14.51;0.987;0;1;0;0;0;0;0;0;0;1;0;379;;162;66;0;90
593.22;1857;34;34;10;4.2;74;0;27;43;0;64;14;0.53;1.0;1.0;0;0;189;0;43;4.25;5.8;2.05;6.5;345;128;14.82;15.92;1.074;0;1;0;0;0;0;0;0;0;1;0;356;;161;65;0;83
593.65;1870;32;32;10;3.91;73;0;26;44;0;63;13;0.52;1.0;1.0;0;0;189;0;44;4.0;5.8;1.93;6.1;345;128;14.82;15.92;1.074;0;1;0;0;0;0;0;0;0;1;0;347;;162;66;0;86
594.04;1703;37;37;10;4.43;73;0;28;41;0;67;14;0.56;1.0;1.0;0;0;189;0;42;4.62;5.8;2.14;6.3;345;128;14.7;15.92;1.083;0;1;0;0;0;0;0;0;0;1;0;376;;162;66;0;90
594.44;1639;38;38;10;4.48;73;0;29;41;0;67;14;0.56;1.0;1.0;0;0;189;0;41;4.75;5.8;2.16;6.1;345;128;14.7;15.91;1.082;0;1;0;0;0;0;0;0;0;1;0;379;;162;66;0;90
594.66;1729;34;34;10;4.2;74;0;26;44;0;64;14;0.55;1.0;1.0;0;0;189;0;44;4.25;5.8;2.05;6.1;345;128;14.7;15.91;1.082;0;1;0;0;0;0;0;0;0;1;0;358;;161;66;0;89
595.04;1665;39;39;10;4.57;74;0;32;38;0;68;14;0.57;1.0;1.0;0;0;189;0;38;4.88;5.8;2.2;6.3;345;128;14.7;15.91;1.082;0;1;0;0;0;0;0;0;0;1;0;383;;161;65;0;91
595.45;1614;38;38;10;4.55;74;0;31;39;0;68;14;0.56;1.0;1.0;0;0;189;0;39;4.75;5.8;2.19;6.1;345;128;14.7;15.21;1.035;0;1;0;0;0;0;0;0;0;1;0;386;;161;66;0;90
595.87;1614;38;38;10;4.53;73;0;31;39;0;69;14;0.56;1.0;1.0;0;0;189;0;39;4.75;5.8;2.18;6.1;345;128;14.7;15.21;1.035;0;1;0;0;0;0;0;0;0;1;0;389;;162;66;0;86
596.27;1665;39;39;10;4.63;73;0;30;40;0;68;14;0.57;1.0;1.0;0;0;189;0;40;4.88;5.8;2.22;6.4;345;128;14.7;14.62;0.995;0;1;0;0;0;0;0;0;0;1;0;387;;162;66;0;91
596.67;1639;38;38;10;4.53;73;0;31;40;0;69;14;0.57;1.0;1.0;0;0;189;0;39;4.75;5.8;2.18;6.2;345;128;14.7;14.62;0.995;0;1;0;0;0;0;0;0;0;1;0;388;;162;66;0;86
597.05;1691;39;39;10;4.6;74;0;29;40;0;68;14;0.57;1.0;1.0;0;0;189;0;41;4.88;5.8;2.21;6.5;345;128;14.7;14.62;0.995;0;1;0;0;0;0;0;0;0;1;0;380;;161;66;0;91
597.45;1665;39;39;10;4.6;74;0;30;40;0;68;14;0.57;1.0;1.0;0;0;189;0;40;4.88;5.8;2.21;6.4;345;128;14.7;15.02;1.022;0;1;0;0;0;0;0;0;0;1;0;385;;161;66;0;91
597.88;1691;39;39;10;4.6;74;0;31;39;0;69;14;0.57;1.0;1.0;0;0;189;0;39;4.88;5.8;2.21;6.5;345;128;14.7;15.02;1.022;0;1;0;0;0;0;0;0;0;1;0;388;;161;66;0;92
598.26;1665;38;38;10;4.57;74;0;29;41;0;68;14;0.57;1.0;1.0;0;0;189;0;41;4.75;5.8;2.2;6.3;345;128;14.7;14.71;1.001;0;1;0;0;0;0;0;0;0;1;0;386;;161;66;0;91
598.68;1870;49;49;19;5.6;74;0;32;38;0;79;20;0.62;1.0;1.0;0;0;189;0;38;6.12;11.0;2.61;8.7;345;128;14.82;14.71;0.993;0;1;0;0;0;0;0;0;0;1;0;464;;161;66;0;106
599.08;1985;48;48;19;5.45;74;0;30;40;0;78;21;0.61;1.0;1.0;0;0;189;0;40;6.0;11.0;2.55;9.0;345;128;14.82;14.71;0.993;0;1;0;0;0;0;0;0;0;1;0;461;;161;66;0;106
599.47;2024;47;47;19;5.37;74;0;28;44;0;77;21;0.61;1.0;1.0;0;0;187;0;42;5.88;11.0;2.52;9.1;345;128;14.82;16.41;1.107;0;1;0;0;0;0;0;0;0;1;0;450;;161;67;0;42
599.89;1895;37;37;14;4.47;74;0;25;45;0;68;16;0.55;1.0;1.0;0;0;187;0;45;4.62;8.1;2.16;7.1;345;128;14.82;16.41;1.107;0;1;0;0;0;0;0;0;0;1;0;384;;161;67;0;91
600.3;1870;38;38;14;4.55;74;0;25;45;0;69;15;0.55;1.0;1.0;0;0;187;0;45;4.75;8.1;2.19;7.1;345;128;14.82;15.01;1.013;0;1;0;0;0;0;0;0;0;1;0;388;;161;67;0;92
600.49;1767;36;36;14;4.4;74;0;24;46;0;67;15;0.55;1.0;1.0;0;0;187;0;46;4.5;8.1;2.13;6.5;345;128;14.7;15.01;1.021;0;1;0;0;0;0;0;0;0;1;0;379;;161;67;0;90
600.9;1883;36;36;14;4.38;73;0;25;45;0;67;15;0.54;1.0;1.0;0;0;187;0;45;4.5;8.1;2.12;6.9;345;128;14.82;15.01;1.013;0;1;0;0;0;0;0;0;0;1;0;379;;162;67;0;90
601.29;1857;35;35;14;4.26;73;0;24;46;0;66;15;0.54;1.0;1.0;0;0;187;0;46;4.38;8.1;2.07;6.6;345;128;14.82;15.52;1.047;0;1;0;0;0;0;0;0;0;1;0;374;;162;66;0;90
601.69;1947;35;35;14;4.26;73;0;23;47;0;66;15;0.53;1.0;1.0;0;0;187;0;47;4.38;8.1;2.07;6.9;345;128;14.82;15.52;1.047;0;1;0;0;0;0;0;0;0;1;0;375;;162;67;0;90
602.12;1934;33;33;14;4.12;74;0;25;45;0;65;15;0.52;1.0;1.0;0;0;187;0;45;4.12;8.1;2.02;6.6;345;128;14.82;15.52;1.047;0;1;0;0;0;0;0;0;0;1;0;362;;161;67;0;89
602.52;2036;33;33;14;4.06;73;0;24;47;0;64;15;0.52;1.0;1.0;0;0;187;0;46;4.12;8.1;1.99;6.9;345;128;14.82;16.22;1.094;0;1;0;0;0;0;0;0;0;1;0;357;;162;67;0;89
602.92;1934;27;27;11;3.48;73;0;23;47;0;60;12;0.46;1.0;1.0;0;0;187;0;47;3.38;6.4;1.76;5.6;345;128;14.82;16.22;1.094;0;1;0;0;0;0;0;0;0;1;0;327;;162;67;0;82
603.31;1998;25;25;11;3.28;73;0;25;45;0;58;11;0.42;1.0;1.0;0;0;187;0;45;3.12;6.4;1.68;5.5;345;128;14.82;17.11;1.155;0;1;0;0;0;0;0;0;0;1;0;314;;162;67;0;84
603.71;2036;25;25;11;3.27;72;0;26;44;0;58;11;0.42;1.0;1.0;0;0;187;0;44;3.12;6.4;1.67;5.5;345;128;14.82;17.11;1.155;0;1;0;0;0;0;0;0;0;1;0;314;;163;67;0;84
604.11;1998;25;25;11;3.27;72;0;26;46;0;58;11;0.42;1.0;1.0;0;0;187;0;44;3.12;6.4;1.67;5.4;345;128;14.82;17.11;1.155;0;1;0;0;0;0;0;0;0;1;0;315;;163;67;0;84
604.52;2088;24;24;11;3.23;73;0;26;45;0;58;11;0.41;1.0;1.0;0;0;187;0;44;3.0;6.4;1.66;5.6;345;128;14.82;18.02;1.216;0;1;0;0;0;0;0;0;0;1;0;312;;162;67;0;84
604.93;1998;25;25;11;3.28;73;0;26;47;0;59;11;0.44;1.0;1.0;0;0;187;0;44;3.12;6.4;1.68;5.5;345;128;14.82;18.02;1.216;0;1;0;0;0;0;0;0;0;1;0;316;;162;68;0;84
605.32;2036;13;13;0;2.16;73;0;32;20;0;46;6;0.3;1.0;1.0;0;0;187;0;38;1.62;0.0;1.23;3.7;345;128;14.82;12.92;0.872;0;1;0;0;0;1;0;0;0;1;0;217;;162;67;0;73
605.73;1012;15;15;0;2.41;73;0;57;20;0;51;3;0.31;1.0;1.0;0;0;186;0;13;1.88;0.0;1.33;2.0;345;128;14.7;12.92;0.879;0;1;0;0;0;1;0;0;0;1;0;254;;162;68;0;76
605.92;1255;16;16;1;2.51;73;0;50;20;0;51;4;0.33;1.0;1.0;0;0;186;0;20;2.0;0.6;1.37;2.6;345;128;14.7;12.92;0.879;0;1;0;0;0;1;0;0;0;1;0;254;;162;68;0;74
606.33;1370;17;17;0;2.6;72;0;50;20;0;52;5;0.34;1.0;1.0;0;0;186;0;20;2.12;0.0;1.4;3.0;345;128;14.7;15.32;1.042;0;1;0;0;0;1;0;0;0;1;0;260;;163;68;0;76
606.73;1281;17;17;0;2.55;72;0;50;20;0;51;5;0.33;1.0;1.0;0;0;186;0;20;2.12;0.0;1.38;2.7;345;128;14.7;15.32;1.042;0;1;0;0;0;1;0;0;0;1;0;257;;163;68;0;38
607.13;1345;15;15;0;2.4;72;0;50;20;0;50;4;0.32;1.0;1.0;0;0;186;0;20;1.88;0.0;1.32;2.7;345;128;14.7;15.32;1.042;0;1;0;0;0;1;0;0;0;1;0;248;;163;68;0;75
607.56;1306;14;14;0;2.27;74;0;50;20;0;48;4;0.3;1.0;1.0;0;0;186;0;20;1.75;0.0;1.28;2.5;345;128;14.7;16.21;1.103;0;1;0;0;0;1;0;0;0;1;0;237;;161;68;0;75
607.94;1165;14;14;0;2.25;72;0;50;20;0;48;3;0.29;1.0;1.0;0;0;186;0;20;1.75;0.0;1.26;2.2;345;128;14.7;16.21;1.103;0;1;0;0;0;1;0;0;0;1;0;237;;163;69;0;38
608.36;1114;13;13;0;2.25;74;0;50;20;0;48;3;0.29;1.0;1.0;0;0;186;0;20;1.62;0.0;1.27;2.1;345;128;14.7;16.72;1.137;0;1;0;0;0;1;0;0;0;1;0;233;;161;68;0;74
608.76;1140;13;13;0;2.2;72;0;50;20;0;48;3;0.29;1.0;1.0;0;0;186;0;20;1.62;0.0;1.24;2.1;345;128;14.7;16.72;1.137;0;1;0;0;0;1;0;0;0;1;0;234;;163;69;0;74
609.17;1140;13;13;0;2.18;71;0;50;20;0;48;3;0.29;1.0;1.0;0;0;186;0;20;1.62;0.0;1.23;2.1;345;128;14.7;16.72;1.137;0;1;0;0;0;1;0;0;0;1;0;236;;164;69;0;74
609.56;1050;13;13;0;2.13;71;0;50;20;0;47;3;0.28;1.0;1.0;0;0;186;0;20;1.62;0.0;1.21;1.9;345;128;14.7;16.91;1.15;0;1;0;0;0;1;0;0;0;1;0;231;;163;69;0;74
609.97;1153;13;13;0;2.2;72;0;50;20;0;47;3;0.28;1.0;1.0;0;0;186;0;20;1.62;0.0;1.24;2.1;345;128;14.7;16.91;1.15;0;1;0;0;0;1;0;0;0;1;0;231;;163;69;0;84
610.37;1140;13;13;0;2.2;74;0;50;20;0;47;3;0.28;1.0;1.0;0;0;186;0;20;1.62;0.0;1.25;2.1;345;128;14.7;16.72;1.137;0;1;0;0;0;1;0;0;0;1;0;227;;161;69;0;57
610.77;1153;13;13;0;2.2;74;0;50;20;0;47;3;0.28;1.0;1.0;0;0;186;0;20;1.62;0.0;1.25;2.1;345;128;14.7;16.72;1.137;0;1;0;0;0;1;0;0;0;1;0;231;;163;68;0;74
611.18;1063;12;12;0;2.1;72;0;50;20;0;46;3;0.27;1.0;1.0;0;0;186;0;20;1.5;0.0;1.2;1.9;345;128;14.7;16.72;1.137;0;1;0;0;0;1;0;0;0;1;0;223;;163;69;0;74
611.38;1037;12;12;0;2.13;73;0;50;20;0;47;3;0.28;1.0;1.0;0;0;186;0;20;1.5;0.0;1.22;1.8;345;128;14.7;15.92;1.083;0;1;0;0;0;1;0;0;0;1;0;225;;162;69;0;74
611.78;1063;12;12;0;2.13;73;0;50;20;0;46;3;0.27;1.0;1.0;0;0;186;0;20;1.5;0.0;1.22;1.9;345;128;14.7;15.92;1.083;0;1;0;0;0;1;0;0;0;1;0;222;;162;68;0;73
612.19;1511;12;12;0;2.1;74;0;52;20;0;43;4;0.28;1.0;1.0;0;0;186;0;18;1.5;0.0;1.21;2.6;345;128;14.7;15.92;1.083;0;1;0;0;0;1;0;0;0;1;0;194;;161;68;0;70
612.59;1498;13;13;6;2.22;74;0;48;31;0;46;4;0.29;1.0;1.0;0;0;186;0;22;1.62;3.5;1.26;2.8;345;128;14.7;16.32;1.11;0;1;0;0;0;0;0;0;0;1;0;222;;161;68;0;74
612.99;2062;22;22;6;3.03;73;0;25;44;0;55;10;0.39;1.0;1.0;0;0;186;0;45;2.75;3.5;1.58;5.2;345;128;14.82;16.32;1.101;0;1;0;0;0;0;0;0;0;1;0;289;;162;68;0;82
613.38;1562;33;33;9;4.13;73;0;27;41;0;63;11;0.53;1.0;1.0;0;0;186;0;43;4.12;5.2;2.02;5.4;345;128;14.7;17.32;1.178;0;1;0;0;0;0;0;0;0;1;0;346;;162;68;0;41
613.79;1767;37;37;9;4.53;73;0;28;42;0;66;14;0.55;1.0;1.0;0;0;186;0;42;4.62;5.2;2.18;6.7;345;128;14.7;17.32;1.178;0;1;0;0;0;0;0;0;0;1;0;369;;162;68;0;85
614.19;1729;35;35;10;4.37;74;0;27;42;0;65;13;0.55;1.0;1.0;0;0;186;0;43;4.38;5.8;2.12;6.3;345;128;14.7;17.32;1.178;0;1;0;0;0;0;0;0;0;1;0;365;;161;68;0;89
614.6;1767;40;40;13;4.81;73;0;26;44;0;71;16;0.57;1.0;1.0;0;0;186;0;44;5.0;7.6;2.29;7.1;345;128;14.7;15.81;1.076;0;1;0;0;0;0;0;0;0;1;0;411;;162;68;0;101
614.99;1921;40;40;13;4.8;74;0;26;45;0;71;17;0.55;1.0;1.0;0;0;186;0;44;5.0;7.6;2.29;7.7;345;128;14.82;15.81;1.067;0;1;0;0;0;0;0;0;0;1;0;410;;160;68;0;100
615.39;1819;40;40;13;4.75;74;0;25;45;0;71;16;0.56;1.0;1.0;0;0;186;0;45;5.0;7.6;2.27;7.2;345;128;14.7;15.32;1.042;0;1;0;0;0;0;0;0;0;1;0;407;;161;68;0;99
615.8;1831;44;44;19;5.25;74;0;26;42;0;75;18;0.59;1.0;1.0;0;0;186;0;44;5.5;11.0;2.47;8.0;345;128;14.7;15.32;1.042;0;1;0;0;0;0;0;0;0;1;0;441;;162;67;0;104
616.21;2152;51;51;20;5.82;74;0;30;40;0;80;24;0.63;1.0;1.0;0;0;186;0;40;6.38;11.6;2.7;10.4;345;128;14.82;15.32;1.034;0;1;0;0;0;0;0;0;0;1;0;476;;161;67;0;107
616.6;2139;49;49;20;5.66;75;0;29;42;0;79;24;0.62;1.0;1.0;0;0;186;0;41;6.12;11.6;2.64;10.1;345;128;14.82;15.52;1.047;0;1;0;0;0;0;0;0;0;1;0;469;;159;68;0;106
617.02;2446;71;71;39;8.07;76;0;43;27;0;97;37;0.7;1.0;1.0;0;0;186;0;27;8.88;22.7;3.61;16.4;345;128;14.04;15.52;1.105;0;1;0;0;0;0;0;0;0;1;0;603;;158;68;0;150
617.22;2485;63;63;39;6.91;79;0;34;36;0;94;35;0.66;1.0;1.0;0;0;186;0;36;7.88;22.7;3.16;14.3;345;128;14.82;15.52;1.047;0;1;0;0;0;0;0;0;0;1;0;580;;154;67;0;149
617.61;2433;63;63;39;6.86;77;0;34;36;0;93;34;0.67;1.0;1.0;0;0;186;0;36;7.88;22.7;3.13;13.9;345;128;14.82;15.81;1.067;0;1;0;0;0;0;0;0;0;1;0;575;;156;67;0;149
618.03;2382;64;64;39;6.95;76;0;34;36;0;94;35;0.69;1.0;1.0;0;0;186;0;36;8.0;22.7;3.16;13.8;345;128;14.82;15.81;1.067;0;1;0;0;0;0;0;0;0;1;0;579;;157;67;0;149
618.42;2536;63;63;39;6.9;78;0;34;36;0;94;35;0.66;1.0;1.0;0;0;186;0;36;7.88;22.7;3.15;14.6;345;128;14.82;15.92;1.074;0;1;0;0;0;0;0;0;0;1;0;579;;155;67;0;148
618.84;2472;72;72;48;8.08;79;0;41;28;0;99;40;0.73;1.0;1.0;0;0;186;0;29;9.0;27.9;3.63;16.6;345;128;14.04;15.92;1.134;0;1;0;0;0;0;0;0;0;1;0;620;;154;68;0;50
619.23;2651;69;69;48;7.73;79;0;40;30;0;98;40;0.69;1.0;1.0;0;0;186;0;30;8.62;27.9;3.49;17.1;345;128;14.04;15.92;1.134;0;1;0;0;0;0;0;0;0;1;0;615;;153;67;0;150
619.64;2715;69;69;48;7.75;78;0;38;31;0;99;41;0.69;1.0;1.0;0;0;186;0;32;8.62;27.9;3.49;17.5;345;128;14.04;14.81;1.055;0;1;0;0;0;0;0;0;0;1;0;616;;155;67;0;150
620.03;2689;70;70;48;7.86;79;0;40;31;0;99;42;0.7;1.0;1.0;0;0;186;0;30;8.75;27.9;3.54;17.6;345;128;14.04;14.81;1.055;0;1;0;0;0;0;0;0;0;1;0;620;;154;67;0;150
620.43;2715;69;69;48;7.73;79;0;38;31;0;99;41;0.69;1.0;1.0;0;0;186;0;32;8.62;27.9;3.49;17.5;345;128;14.04;14.51;1.033;0;1;0;0;0;0;0;0;0;1;0;617;;154;67;0;109
620.84;2664;68;68;48;7.63;79;0;39;31;0;98;41;0.69;1.0;1.0;0;0;186;0;31;8.5;27.9;3.45;16.9;345;128;14.82;14.51;0.979;0;1;0;0;0;0;0;0;0;1;0;613;;154;67;0;150
621.23;2587;67;67;48;7.53;79;0;38;32;0;98;40;0.7;1.0;1.0;0;0;186;0;32;8.38;27.9;3.41;16.2;345;128;14.82;14.51;0.979;0;1;0;0;0;0;0;0;0;1;0;614;;153;67;0;150
621.64;2741;68;68;48;7.55;78;0;38;32;0;98;41;0.68;1.0;1.0;0;0;186;0;32;8.5;27.9;3.41;17.2;345;128;14.59;14.81;1.015;0;1;0;0;0;0;0;0;0;1;0;615;;155;67;0;150
622.03;2651;67;67;48;7.46;79;0;37;33;0;98;40;0.69;1.0;1.0;0;0;186;0;33;8.38;27.9;3.38;16.5;345;128;14.82;14.81;0.999;0;1;0;0;0;0;0;0;0;1;0;611;;153;67;0;110
622.45;2741;68;68;48;7.56;79;0;37;33;0;98;41;0.68;1.0;1.0;0;0;186;0;33;8.5;27.9;3.42;17.3;345;128;14.59;14.81;1.015;0;1;0;0;0;0;0;0;0;1;0;614;;154;68;0;150
622.86;2638;67;67;48;7.46;79;0;37;33;0;98;41;0.69;1.0;1.0;0;0;186;0;33;8.38;27.9;3.38;16.4;345;128;14.82;14.81;0.999;0;1;0;0;0;0;0;0;0;1;0;615;;154;67;0;150
623.05;2702;62;62;39;6.96;79;0;35;35;0;95;38;0.66;1.0;1.0;0;0;186;0;35;7.75;22.7;3.18;15.7;345;128;14.59;14.81;1.015;0;1;0;0;0;0;0;0;0;1;0;585;;154;67;0;149
623.47;2587;58;58;34;6.5;78;0;31;39;0;90;34;0.65;1.0;1.0;0;0;186;0;39;7.25;19.8;2.99;14.0;345;128;14.82;15.02;1.013;0;1;0;0;0;0;0;0;0;1;0;551;;155;67;0;140
623.86;2536;58;58;34;6.45;78;0;31;39;0;90;33;0.65;1.0;1.0;0;0;186;0;39;7.25;19.8;2.97;13.6;345;128;14.82;15.02;1.013;0;1;0;0;0;0;0;0;0;1;0;548;;154;67;0;50
624.25;2369;37;37;19;4.48;77;0;21;48;0;71;20;0.53;1.0;1.0;0;0;186;0;49;4.62;11.0;2.18;8.8;345;128;14.93;15.02;1.006;0;1;0;0;0;0;0;0;0;1;0;404;;156;67;0;100
624.65;2152;33;33;18;4.08;75;0;22;48;0;66;16;0.51;1.0;1.0;0;0;186;0;48;4.12;10.5;2.01;7.3;345;128;14.82;14.41;0.972;0;1;0;0;0;0;0;0;0;1;0;373;;159;67;0;90
625.07;1831;12;12;1;2.15;74;0;38;20;0;44;5;0.3;1.0;1.0;0;0;186;0;32;1.5;0.6;1.23;3.3;345;128;14.7;14.41;0.98;0;1;0;0;0;1;0;0;0;1;0;206;;161;68;0;82
625.46;1562;12;12;1;2.15;74;0;65;20;0;44;4;0.29;1.0;1.0;0;0;186;0;5;1.5;0.6;1.23;2.8;345;128;14.7;18.52;1.26;0;1;0;0;0;1;0;0;0;1;0;204;;160;68;0;57
625.88;1780;25;25;5;3.38;73;0;28;42;0;56;10;0.44;1.0;1.0;0;0;186;0;42;3.12;2.9;1.72;5.0;345;128;14.7;18.52;1.26;0;1;0;0;0;0;0;0;0;1;0;299;;162;67;0;83
626.27;1883;21;21;5;2.93;71;0;28;42;0;54;9;0.4;1.0;1.0;0;0;186;0;42;2.62;2.9;1.53;4.6;345;128;14.82;18.52;1.25;0;1;0;0;0;0;0;0;0;1;0;280;;164;68;0;78
626.68;1934;22;22;6;3.03;71;0;29;41;0;55;9;0.41;1.0;1.0;0;0;186;0;41;2.75;3.5;1.57;4.9;345;128;14.82;14.91;1.006;0;1;0;0;0;0;0;0;0;1;0;288;;164;68;0;82
627.07;1934;22;22;6;3.03;71;0;29;41;0;55;9;0.41;1.0;1.0;0;0;186;0;41;2.75;3.5;1.57;4.9;345;128;14.82;14.91;1.006;0;1;0;0;0;0;0;0;0;1;0;290;;164;68;0;82
627.49;1934;26;26;9;3.41;71;0;25;45;0;59;11;0.45;1.0;1.0;0;0;186;0;45;3.25;5.2;1.72;5.5;345;128;14.82;15.71;1.06;0;1;0;0;0;0;0;0;0;1;0;317;;165;68;0;85
627.88;1921;22;22;9;3.06;71;0;29;40;0;55;9;0.41;1.0;1.0;0;0;186;0;41;2.75;5.2;1.58;4.9;345;128;14.82;15.71;1.06;0;1;0;0;0;0;0;0;0;1;0;291;;165;68;0;75
628.29;1972;34;34;12;4.23;71;0;25;46;0;66;15;0.53;1.0;1.0;0;0;186;0;45;4.25;7.0;2.05;7.0;345;128;14.82;15.71;1.06;0;1;0;0;0;0;0;0;0;1;0;368;;164;67;0;90
628.69;1883;33;33;12;4.12;72;0;23;45;0;64;14;0.53;1.0;1.0;0;0;186;0;47;4.12;7.0;2.01;6.5;345;128;14.82;15.21;1.026;0;1;0;0;0;0;0;0;0;1;0;355;;163;68;0;85
628.9;1883;36;36;14;4.38;71;0;25;45;0;68;15;0.55;1.0;1.0;0;0;186;0;45;4.5;8.1;2.11;6.9;345;128;14.82;15.21;1.026;0;1;0;0;0;0;0;0;0;1;0;382;;165;67;0;91
629.31;1934;39;39;14;4.63;71;0;23;47;0;71;17;0.55;1.0;1.0;0;0;186;0;47;4.88;8.1;2.21;7.5;345;128;14.82;15.21;1.026;0;1;0;0;0;0;0;0;0;1;0;407;;164;68;0;38
629.7;2100;44;44;17;5.11;71;0;25;45;0;75;20;0.58;1.0;1.0;0;0;186;0;45;5.5;9.9;2.4;8.9;345;128;14.82;17.42;1.175;0;1;0;0;0;0;0;0;0;1;0;440;;164;67;0;100
630.1;2024;41;41;17;4.9;72;0;24;46;0;73;19;0.56;1.0;1.0;0;0;186;0;46;5.12;9.9;2.32;8.3;345;128;14.82;17.42;1.175;0;1;0;0;0;0;0;0;0;1;0;427;;163;68;0;102
630.51;2100;49;49;19;5.58;73;0;27;43;0;79;23;0.62;1.0;1.0;0;0;186;0;43;6.12;11.0;2.6;9.8;345;128;14.82;15.02;1.013;0;1;0;0;0;0;0;0;0;1;0;466;;162;67;0;106
630.91;2152;43;43;19;5.05;74;0;25;45;0;75;21;0.58;1.0;1.0;0;0;186;0;45;5.38;11.0;2.39;9.1;345;128;14.82;15.02;1.013;0;1;0;0;0;0;0;0;0;1;0;436;;161;67;0;102
631.33;2088;40;40;19;4.8;74;0;23;47;0;72;18;0.55;1.0;1.0;0;0;186;0;47;5.0;11.0;2.29;8.4;345;128;14.82;16.82;1.135;0;1;0;0;0;0;0;0;0;1;0;419;;161;67;0;100
631.72;1985;41;41;19;4.8;74;0;23;47;0;73;19;0.56;1.0;1.0;0;0;186;0;47;5.12;11.0;2.29;7.9;345;128;14.82;16.82;1.135;0;1;0;0;0;0;0;0;0;1;0;422;;160;67;0;98
632.12;2190;51;51;21;5.9;74;0;29;41;0;80;25;0.63;1.0;1.0;0;0;186;0;41;6.38;12.2;2.73;10.8;345;128;14.82;16.82;1.135;0;1;0;0;0;0;0;0;0;1;0;477;;161;67;0;107
632.52;2228;45;45;21;5.28;75;0;26;44;0;77;22;0.59;1.0;1.0;0;0;186;0;44;5.62;12.2;2.49;9.8;345;128;14.82;15.41;1.04;0;1;0;0;0;0;0;0;0;1;0;449;;159;67;0;91
632.92;2203;59;59;29;6.53;75;0;31;39;0;86;29;0.68;1.0;1.0;0;0;186;0;39;7.38;16.9;2.99;12.0;345;128;14.82;15.41;1.04;0;1;0;0;0;0;0;0;0;1;0;522;;159;67;0;104
633.34;2497;59;59;29;6.5;78;0;32;39;0;90;33;0.65;1.0;1.0;0;0;186;0;38;7.38;16.9;2.99;13.5;345;128;14.82;15.41;1.04;0;1;0;0;0;0;0;0;0;1;0;549;;155;67;0;148
633.74;2356;55;55;27;6.13;75;0;30;40;0;84;28;0.64;1.0;1.0;0;0;186;0;40;6.88;15.7;2.83;12.0;345;128;14.82;15.41;1.04;0;1;0;0;0;0;0;0;0;1;0;505;;159;67;0;109
634.12;2408;60;60;32;6.61;77;0;32;38;0;91;33;0.66;1.0;1.0;0;0;186;0;38;7.5;18.6;3.03;13.3;345;128;14.82;15.41;1.04;0;1;0;0;0;0;0;0;0;1;0;561;;155;67;0;148
634.54;2536;60;60;33;6.63;77;0;32;38;0;92;34;0.66;1.0;1.0;0;0;186;0;38;7.5;19.2;3.04;14.0;345;128;14.82;15.52;1.047;0;1;0;0;0;0;0;0;0;1;0;565;;156;67;0;148
634.73;2549;59;59;33;6.5;78;0;31;39;0;90;33;0.65;1.0;1.0;0;0;186;0;39;7.38;19.2;2.99;13.8;345;128;14.82;15.52;1.047;0;1;0;0;0;0;0;0;0;1;0;554;;155;67;0;107
635.15;2446;55;55;30;6.15;76;0;30;41;0;87;31;0.64;1.0;1.0;0;0;186;0;40;6.88;17.4;2.84;12.5;345;128;14.82;15.52;1.047;0;1;0;0;0;0;0;0;0;1;0;531;;157;67;0;146
635.54;2446;55;55;30;6.16;77;0;29;41;0;86;30;0.64;1.0;1.0;0;0;186;0;41;6.88;17.4;2.85;12.6;345;128;14.82;15.31;1.033;0;1;0;0;0;0;0;0;0;1;0;521;;156;66;0;114
635.96;2523;55;55;30;6.11;77;0;29;41;0;86;30;0.63;1.0;1.0;0;0;186;0;41;6.88;17.4;2.83;12.8;345;128;14.82;15.31;1.033;0;1;0;0;0;0;0;0;0;1;0;517;;156;66;0;114
636.35;2369;31;31;11;3.85;76;0;22;49;0;64;16;0.48;1.0;1.0;0;0;186;0;48;3.88;6.4;1.92;7.6;345;128;14.82;12.71;0.858;0;1;0;0;0;0;0;0;0;1;0;359;;158;66;0;83
636.75;2036;22;22;11;3.07;74;0;25;45;0;56;10;0.41;1.0;1.0;0;0;186;0;45;2.75;6.4;1.6;5.2;345;128;14.82;12.71;0.858;0;1;0;0;0;0;0;0;0;1;0;295;;161;67;0;83
637.16;2062;23;23;11;3.15;74;0;24;46;0;57;10;0.41;1.0;1.0;0;0;186;0;46;2.88;6.4;1.63;5.4;345;128;14.82;12.71;0.858;0;1;0;0;0;0;0;0;0;1;0;303;;161;67;0;41
637.55;1998;23;23;11;3.12;72;0;24;46;0;57;10;0.41;1.0;1.0;0;0;186;0;46;2.88;6.4;1.61;5.2;345;128;14.82;16.41;1.107;0;1;0;0;0;0;0;0;0;1;0;305;;163;68;0;82
637.96;2113;23;23;11;3.15;72;0;25;44;0;57;11;0.41;1.0;1.0;0;0;186;0;45;2.88;6.4;1.62;5.5;345;128;14.82;16.41;1.107;0;1;0;0;0;0;0;0;0;1;0;304;;163;68;0;82
638.37;2036;24;24;11;3.21;71;0;24;45;0;58;11;0.42;1.0;1.0;0;0;186;0;46;3.0;6.4;1.64;5.4;345;128;14.82;17.02;1.148;0;1;0;0;0;0;0;0;0;1;0;312;;164;68;0;84
638.79;2139;27;27;11;3.51;71;0;23;47;0;60;12;0.45;1.0;1.0;0;0;186;0;47;3.38;6.4;1.76;6.3;345;128;14.82;17.02;1.148;0;1;0;0;0;0;0;0;0;1;0;327;;164;69;0;85
639.18;2139;27;27;11;3.56;71;0;22;48;0;61;13;0.45;1.0;1.0;0;0;186;0;48;3.38;6.4;1.78;6.3;345;128;14.82;17.02;1.148;0;1;0;0;0;0;0;0;0;1;0;331;;164;68;0;85
639.59;2113;30;30;12;3.82;72;0;22;48;0;63;14;0.48;1.0;1.0;0;0;186;0;48;3.75;7.0;1.89;6.7;345;128;14.82;16.72;1.128;0;1;0;0;0;0;0;0;0;1;0;348;;163;68;0;86
639.78;2164;32;32;12;3.96;71;0;23;47;0;64;15;0.5;1.0;1.0;0;0;186;0;47;4.0;7.0;1.94;7.1;345;128;14.82;16.72;1.128;0;1;0;0;0;0;0;0;0;1;0;352;;164;69;0;89
640.19;2152;32;32;12;4.02;72;0;22;48;0;64;15;0.5;1.0;1.0;0;0;186;0;48;4.0;7.0;1.97;7.2;345;128;14.82;16.72;1.128;0;1;0;0;0;0;0;0;0;1;0;353;;164;68;0;89
640.58;2164;36;36;14;4.38;73;0;22;48;0;69;17;0.53;1.0;1.0;0;0;186;0;48;4.5;8.1;2.12;7.9;345;128;14.82;16.72;1.128;0;1;0;0;0;0;0;0;0;1;0;390;;162;68;0;92
640.99;2369;54;54;24;6.1;72;0;30;41;0;84;28;0.64;1.0;1.0;0;0;186;0;40;6.75;14.0;2.8;12.0;345;128;14.82;16.72;1.128;0;1;0;0;0;0;0;0;0;1;0;505;;163;68;0;109
641.4;2408;52;52;24;5.83;73;0;28;42;0;83;28;0.62;1.0;1.0;0;0;186;0;42;6.5;14.0;2.7;11.7;345;128;14.93;15.71;1.052;0;1;0;0;0;0;0;0;0;1;0;496;;162;68;0;101
641.8;2305;37;37;15;4.42;74;0;22;48;0;70;19;0.52;1.0;1.0;0;0;186;0;48;4.62;8.7;2.14;8.5;345;128;14.93;15.71;1.052;0;1;0;0;0;0;0;0;0;1;0;401;;161;68;0;100
642.21;1819;12;12;0;2.08;73;0;46;20;0;43;5;0.29;1.0;1.0;0;0;186;0;24;1.5;0.0;1.2;3.2;345;128;14.7;15.71;1.069;0;1;0;0;0;1;0;0;0;1;0;192;;162;69;0;70
642.62;1537;12;12;1;2.15;74;0;70;20;0;44;4;0.29;1.0;1.0;0;0;184;0;0;1.5;0.6;1.23;2.8;345;128;14.7;21.83;1.485;0;1;0;0;0;1;0;0;0;1;0;203;;161;68;0;71
643.02;1396;12;12;1;2.15;72;0;70;20;0;45;4;0.28;1.0;1.0;0;0;184;0;0;1.5;0.6;1.22;2.5;345;128;14.7;21.83;1.485;0;1;0;0;0;1;0;0;0;1;0;210;;163;68;0;73
643.42;1383;13;13;1;2.16;71;0;70;20;0;45;4;0.28;1.0;1.0;0;0;184;0;0;1.62;0.6;1.22;2.5;345;128;14.7;21.83;1.485;0;1;0;0;0;1;0;0;0;1;0;209;;164;69;0;73
643.81;1383;12;12;0;2.12;72;0;70;20;0;45;3;0.28;1.0;1.0;0;0;184;0;0;1.5;0.0;1.21;2.4;345;128;14.7;21.83;1.485;0;1;0;0;0;1;0;0;0;1;0;212;;163;69;0;73
644.23;1447;12;12;1;2.15;74;0;70;20;0;45;4;0.29;1.0;1.0;0;0;184;0;0;1.5;0.6;1.23;2.6;345;128;14.7;21.83;1.485;0;1;0;0;0;1;0;0;0;1;0;209;;162;68;0;72
644.63;1447;11;11;1;2.03;71;0;63;20;0;44;3;0.28;1.0;1.0;0;0;184;0;7;1.38;0.6;1.17;2.4;345;128;14.7;21.83;1.485;0;1;0;0;0;1;0;0;0;1;0;200;;164;69;0;57
645.02;1422;11;11;0;2.05;74;0;54;20;0;43;3;0.27;1.0;1.0;0;0;184;0;16;1.38;0.0;1.19;2.4;345;128;14.7;21.83;1.485;0;1;0;0;0;1;0;0;0;1;0;193;;160;69;0;56
645.42;1434;11;11;0;2.03;73;0;50;20;0;43;3;0.27;1.0;1.0;0;0;184;0;20;1.38;0.0;1.18;2.4;345;128;14.7;13.21;0.899;0;1;0;0;0;1;0;0;0;1;0;192;;162;68;0;55
645.63;1345;11;11;0;2.02;74;0;55;20;0;42;3;0.27;1.0;1.0;0;0;184;0;15;1.38;0.0;1.18;2.3;345;128;14.7;13.21;0.899;0;1;0;0;0;1;0;0;0;1;0;190;;160;69;0;54
646.04;1319;11;11;1;2.02;74;0;51;20;0;43;3;0.27;1.0;1.0;0;0;184;0;19;1.38;0.6;1.18;2.2;345;128;14.7;13.21;0.899;0;1;0;0;0;1;0;0;0;1;0;199;;161;68;0;70
646.43;1217;11;11;1;2.01;73;0;50;20;0;43;3;0.26;1.0;1.0;0;0;184;0;20;1.38;0.6;1.17;2.0;345;128;14.7;15.51;1.055;0;1;0;0;0;1;0;0;0;1;0;195;;162;68;0;54
646.85;1716;11;11;0;2.03;75;0;56;20;0;40;4;0.28;1.0;1.0;0;0;184;0;14;1.38;0.0;1.19;2.9;345;128;14.7;15.51;1.055;0;1;0;0;0;1;0;0;0;1;0;175;;159;68;0;53
647.25;1755;11;11;0;2.02;74;0;68;20;0;40;4;0.28;1.0;1.0;0;0;184;0;2;1.38;0.0;1.18;3.0;345;128;14.7;15.51;1.055;0;1;0;0;0;1;0;0;0;1;0;175;;160;68;0;53
647.63;1665;11;11;0;2.02;74;0;70;20;0;40;4;0.28;1.0;1.0;0;0;184;0;0;1.38;0.0;1.18;2.8;345;128;14.7;15.51;1.055;0;1;0;0;0;1;0;0;0;1;0;177;;161;68;0;53
648.06;1665;11;11;1;2.01;73;0;70;20;0;41;4;0.28;1.0;1.0;0;0;184;0;0;1.38;0.6;1.17;2.8;345;128;14.7;15.51;1.055;0;1;0;0;0;1;0;0;0;1;0;181;;162;67;0;54
648.45;1665;11;11;1;2.0;74;0;70;20;0;41;4;0.28;1.0;1.0;0;0;184;0;0;1.38;0.6;1.17;2.8;345;128;14.7;15.51;1.055;0;1;0;0;0;1;0;0;0;1;0;181;;160;67;0;54
648.86;1614;11;11;1;2.02;74;0;70;20;0;41;4;0.27;1.0;1.0;0;0;186;0;0;1.38;0.6;1.18;2.7;345;128;14.7;15.51;1.055;0;1;0;0;0;1;0;0;0;1;0;185;;161;67;0;54
649.25;1537;11;11;1;2.07;74;0;70;20;0;41;4;0.27;1.0;1.0;0;0;184;0;0;1.38;0.6;1.2;2.7;345;128;14.7;15.51;1.055;0;1;0;0;0;1;0;0;0;1;0;187;;161;69;0;54
649.67;1601;11;11;1;2.07;74;0;70;20;0;43;4;0.28;1.0;1.0;0;0;184;0;0;1.38;0.6;1.2;2.8;345;128;14.7;15.51;1.055;0;1;0;0;0;1;0;0;0;1;0;194;;161;67;0;56
650.05;1486;11;11;1;2.06;73;0;70;20;0;43;3;0.27;1.0;1.0;0;0;184;0;0;1.38;0.6;1.19;2.6;345;128;14.7;15.51;1.055;0;1;0;0;0;1;0;0;0;1;0;198;;162;67;0;56
650.46;1434;12;12;1;2.07;72;0;70;20;0;44;3;0.28;1.0;1.0;0;0;184;0;0;1.5;0.6;1.19;2.5;345;128;14.7;15.51;1.055;0;1;0;0;0;1;0;0;0;1;0;203;;163;67;0;57
650.87;1332;12;12;0;2.1;74;0;70;20;0;44;3;0.27;1.0;1.0;0;0;184;0;0;1.5;0.0;1.21;2.3;345;128;14.7;15.51;1.055;0;1;0;0;0;1;0;0;0;1;0;200;;160;67;0;70
651.06;1332;12;12;0;2.08;75;0;70;20;0;44;3;0.27;1.0;1.0;0;0;184;0;0;1.5;0.0;1.21;2.3;345;128;14.7;15.51;1.055;0;1;0;0;0;1;0;0;0;1;0;203;;159;67;0;70
651.47;1319;12;12;1;2.1;74;0;63;20;0;44;3;0.27;1.0;1.0;0;0;184;0;7;1.5;0.6;1.21;2.3;345;128;14.7;15.51;1.055;0;1;0;0;0;1;0;0;0;1;0;202;;161;67;0;57
651.87;1345;11;11;1;2.07;74;0;55;20;0;43;3;0.27;1.0;1.0;0;0;184;0;15;1.38;0.6;1.2;2.3;345;128;14.7;15.51;1.055;0;1;0;0;0;1;0;0;0;1;0;194;;161;67;0;55
652.27;1306;11;11;1;2.01;75;0;50;20;0;43;3;0.27;1.0;1.0;0;0;186;0;20;1.38;0.6;1.18;2.2;345;128;14.7;15.51;1.055;0;1;0;0;0;1;0;0;0;1;0;199;;159;67;0;56
652.68;1281;12;12;1;2.12;74;0;50;20;0;45;3;0.28;1.0;1.0;0;0;186;0;20;1.5;0.6;1.22;2.3;345;128;14.7;16.52;1.124;0;1;0;0;0;1;0;0;0;1;0;211;;160;67;0;73
653.09;1281;13;13;1;2.17;74;0;50;20;0;46;3;0.28;1.0;1.0;0;0;186;0;20;1.62;0.6;1.24;2.3;345;128;14.7;16.52;1.124;0;1;0;0;0;1;0;0;0;1;0;223;;160;67;0;73
653.48;1703;25;25;5;3.4;74;0;32;39;0;56;9;0.45;1.0;1.0;0;0;186;0;38;3.12;2.9;1.73;4.8;345;128;14.7;15.62;1.063;0;1;0;0;0;0;0;0;0;1;0;292;;160;67;0;76
653.89;1767;35;35;13;4.33;73;0;25;44;0;65;14;0.55;1.0;1.0;0;0;186;0;45;4.38;7.6;2.1;6.4;345;128;14.7;15.62;1.063;0;1;0;0;0;0;0;0;0;1;0;367;;161;67;0;90
654.29;1857;38;38;13;4.63;73;0;25;45;0;70;16;0.55;1.0;1.0;0;0;186;0;45;4.75;7.6;2.22;7.2;345;128;14.82;15.62;1.054;0;1;0;0;0;0;0;0;0;1;0;399;;162;67;0;100
654.7;2024;38;38;14;4.61;73;0;23;47;0;71;17;0.55;1.0;1.0;0;0;186;0;47;4.75;8.1;2.21;7.8;345;128;14.82;16.52;1.115;0;1;0;0;0;0;0;0;0;1;0;404;;162;67;0;100
655.09;2062;63;63;27;7.31;73;0;34;33;0;88;29;0.73;1.0;1.0;0;0;186;0;36;7.88;15.7;3.29;12.6;345;128;14.04;16.52;1.177;0;1;0;0;0;0;0;0;0;1;0;532;;162;67;0;140
655.49;2305;57;57;28;6.3;76;0;31;39;0;87;30;0.66;1.0;1.0;0;0;186;0;39;7.12;16.3;2.9;12.1;345;128;14.82;14.81;0.999;0;1;0;0;0;0;0;0;0;1;0;524;;158;67;0;114
655.9;2164;44;44;22;5.13;75;0;25;45;0;76;22;0.59;1.0;1.0;0;0;186;0;45;5.5;12.8;2.43;9.3;345;128;14.82;14.81;0.999;0;1;0;0;0;0;0;0;0;1;0;444;;159;67;0;99
656.31;2100;38;38;19;4.58;75;0;23;47;0;71;19;0.54;1.0;1.0;0;0;186;0;47;4.75;11.0;2.21;8.0;345;128;14.82;14.81;0.999;0;1;0;0;0;0;0;0;0;1;0;408;;159;67;0;100
656.71;2036;26;26;11;3.47;74;0;23;47;0;60;12;0.45;1.0;1.0;0;0;186;0;47;3.25;6.4;1.76;5.9;345;128;14.82;14.01;0.945;0;1;0;0;0;0;0;0;0;1;0;321;;161;67;0;85
656.9;1883;31;31;13;4.01;75;0;24;46;0;63;13;0.52;1.0;1.0;0;0;186;0;46;3.88;7.6;1.98;6.3;345;128;14.82;14.01;0.945;0;1;0;0;0;0;0;0;0;1;0;350;;159;67;0;88
657.31;2190;38;38;16;4.58;73;0;22;48;0;71;19;0.54;1.0;1.0;0;0;186;0;48;4.75;9.3;2.2;8.4;345;128;14.82;14.01;0.945;0;1;0;0;0;0;0;0;0;1;0;410;;162;67;0;101
657.71;2113;32;32;15;4.01;73;0;22;47;0;64;15;0.51;1.0;1.0;0;0;186;0;48;4.0;8.7;1.97;7.1;345;128;14.82;14.81;0.999;0;1;0;0;0;0;0;0;0;1;0;356;;162;67;0;84
658.12;2049;35;35;15;4.27;74;0;22;48;0;68;17;0.52;1.0;1.0;0;0;186;0;48;4.38;8.7;2.08;7.3;345;128;14.82;14.81;0.999;0;1;0;0;0;0;0;0;0;1;0;382;;161;67;0;91
658.5;2190;38;38;16;4.53;73;0;23;47;0;71;18;0.54;1.0;1.0;0;0;186;0;47;4.75;9.3;2.18;8.3;345;128;14.82;16.02;1.081;0;1;0;0;0;0;0;0;0;1;0;408;;162;67;0;89
658.93;2228;38;38;16;4.56;73;0;22;48;0;71;19;0.54;1.0;1.0;0;0;186;0;48;4.75;9.3;2.19;8.5;345;128;14.82;16.02;1.081;0;1;0;0;0;0;0;0;0;1;0;407;;162;67;0;88
659.34;1870;43;43;16;5.08;73;0;26;43;0;74;18;0.59;1.0;1.0;0;0;186;0;44;5.38;9.3;2.4;7.9;345;128;14.82;16.02;1.081;0;1;0;0;0;0;0;0;0;1;0;432;;162;67;0;102
659.72;1985;45;45;16;5.26;73;0;26;44;0;76;20;0.6;1.0;1.0;0;0;186;0;44;5.62;9.3;2.47;8.7;345;128;14.82;15.52;1.047;0;1;0;0;0;0;0;0;0;1;0;444;;162;67;0;105
660.13;1614;22;22;3;3.06;73;0;30;40;0;54;8;0.4;1.0;1.0;0;0;186;0;40;2.75;1.7;1.59;4.1;345;128;14.7;15.52;1.056;0;1;0;0;0;0;0;0;0;1;0;280;;162;67;0;82
660.54;1396;14;14;3;2.32;74;0;39;31;0;49;4;0.3;1.0;1.0;0;0;186;0;31;1.75;1.7;1.3;2.7;345;128;14.7;12.21;0.831;0;1;0;0;0;0;0;0;0;1;0;240;;161;68;0;75
660.93;1486;22;22;4;3.08;73;0;34;37;0;55;7;0.41;1.0;1.0;0;0;186;0;36;2.75;2.3;1.6;3.8;345;128;14.7;12.21;0.831;0;1;0;0;0;0;0;0;0;1;0;286;;162;67;0;82
661.35;1422;14;14;1;2.35;74;0;41;20;0;48;4;0.3;1.0;1.0;0;0;186;0;29;1.75;0.6;1.31;2.8;345;128;14.7;12.21;0.831;0;1;0;0;0;1;0;0;0;1;0;239;;161;67;0;70
661.75;1012;13;13;1;2.18;73;0;53;20;0;48;3;0.28;1.0;1.0;0;0;186;0;17;1.62;0.6;1.24;1.8;345;128;14.7;14.02;0.954;0;1;0;0;0;1;0;0;0;1;0;235;;162;68;0;74
662.16;1153;17;17;6;2.61;73;0;42;29;0;53;4;0.35;1.0;1.0;0;0;186;0;28;2.12;3.5;1.41;2.5;345;128;14.7;14.02;0.954;0;1;0;0;0;0;0;0;0;1;0;270;;162;68;0;77
662.56;1755;36;36;10;4.45;72;0;27;42;0;66;13;0.55;1.0;1.0;0;0;186;0;43;4.5;5.8;2.14;6.5;345;128;14.7;14.41;0.98;0;1;0;0;0;0;0;0;0;1;0;369;;163;68;0;90
662.75;1767;35;35;10;4.36;71;0;26;44;0;65;13;0.55;1.0;1.0;0;0;186;0;44;4.38;5.8;2.1;6.4;345;128;14.7;14.41;0.98;0;1;0;0;0;0;0;0;0;1;0;362;;164;69;0;89
663.15;1691;36;36;10;4.4;72;0;28;43;0;65;13;0.55;1.0;1.0;0;0;186;0;42;4.5;5.8;2.12;6.2;345;128;14.7;14.41;0.98;0;1;0;0;0;0;0;0;0;1;0;363;;162;68;0;89
663.56;1729;39;39;14;4.7;72;0;28;42;0;69;15;0.57;1.0;1.0;0;0;186;0;42;4.88;8.1;2.24;6.8;345;128;14.7;15.72;1.069;0;1;0;0;0;0;0;0;0;1;0;394;;163;69;0;92
663.95;1934;47;47;18;5.45;72;0;28;42;0;77;20;0.61;1.0;1.0;0;0;186;0;42;5.88;10.5;2.54;8.8;345;128;14.82;15.72;1.061;0;1;0;0;0;0;0;0;0;1;0;453;;163;68;0;92
664.37;1985;44;44;18;5.17;72;0;26;44;0;75;19;0.59;1.0;1.0;0;0;186;0;44;5.5;10.5;2.43;8.6;345;128;14.82;15.72;1.061;0;1;0;0;0;0;0;0;0;1;0;441;;162;68;0;104
664.78;1972;44;44;18;5.16;73;0;26;44;0;75;19;0.59;1.0;1.0;0;0;186;0;44;5.5;10.5;2.43;8.5;345;128;14.82;15.52;1.047;0;1;0;0;0;0;0;0;0;1;0;440;;162;68;0;104
665.16;2049;45;45;18;5.26;73;0;26;44;0;76;20;0.59;1.0;1.0;0;0;186;0;44;5.62;10.5;2.47;9.0;345;128;14.82;15.52;1.047;0;1;0;0;0;0;0;0;0;1;0;444;;162;68;0;105
665.57;1972;37;37;14;4.51;73;0;24;45;0;69;16;0.54;1.0;1.0;0;0;186;0;46;4.62;8.1;2.17;7.4;345;128;14.82;14.21;0.959;0;1;0;0;0;0;0;0;0;1;0;391;;162;68;0;99
665.98;1486;13;13;1;2.18;73;0;41;20;0;46;4;0.29;1.0;1.0;0;0;186;0;29;1.62;0.6;1.24;2.7;345;128;14.7;14.21;0.967;0;1;0;0;0;1;0;0;0;1;0;220;;162;69;0;73
666.39;1165;13;13;0;2.17;74;0;55;20;0;47;3;0.28;1.0;1.0;0;0;186;0;15;1.62;0.0;1.24;2.1;345;128;14.7;14.21;0.967;0;1;0;0;0;1;0;0;0;1;0;224;;161;69;0;74
666.79;1345;13;13;1;2.18;73;0;50;20;0;46;3;0.28;1.0;1.0;0;0;184;0;20;1.62;0.6;1.24;2.4;345;128;14.7;14.41;0.98;0;1;0;0;0;1;0;0;0;1;0;220;;162;69;0;35
667.18;1306;12;12;0;2.15;72;0;50;20;0;45;3;0.28;1.0;1.0;0;0;184;0;20;1.5;0.0;1.22;2.3;345;128;14.7;14.41;0.98;0;1;0;0;0;1;0;0;0;1;0;215;;163;69;0;73
667.6;1281;11;11;0;2.08;75;0;50;20;0;44;3;0.27;1.0;1.0;0;0;184;0;20;1.38;0.0;1.21;2.2;345;128;14.7;13.11;0.892;0;1;0;0;0;1;0;0;0;1;0;207;;161;68;0;73
667.99;1153;12;12;1;2.12;72;0;50;20;0;45;3;0.27;1.0;1.0;0;0;184;0;20;1.5;0.6;1.21;2.0;345;128;14.7;13.11;0.892;0;1;0;0;0;1;0;0;0;1;0;215;;163;68;0;73
668.21;1140;12;12;0;2.1;74;0;50;20;0;45;3;0.27;1.0;1.0;0;0;184;0;20;1.5;0.0;1.21;2.0;345;128;14.7;13.11;0.892;0;1;0;0;0;1;0;0;0;1;0;208;;161;68;0;38
668.59;1204;11;11;0;2.02;72;0;50;20;0;44;3;0.27;1.0;1.0;0;0;184;0;20;1.38;0.0;1.17;2.0;345;128;14.7;13.21;0.899;0;1;0;0;0;1;0;0;0;1;0;204;;163;68;0;72
668.99;1255;12;12;0;2.08;73;0;50;20;0;44;3;0.27;1.0;1.0;0;0;184;0;20;1.5;0.0;1.2;2.2;345;128;14.7;13.21;0.899;0;1;0;0;0;1;0;0;0;1;0;207;;161;68;0;57
669.39;1204;12;12;0;2.08;71;0;50;20;0;45;3;0.27;1.0;1.0;0;0;184;0;20;1.5;0.0;1.19;2.1;345;128;14.7;13.21;0.899;0;1;0;0;0;1;0;0;0;1;0;214;;164;69;0;73
669.8;1217;12;12;1;2.08;71;0;50;20;0;45;3;0.27;1.0;1.0;0;0;184;0;20;1.5;0.6;1.19;2.1;345;128;14.7;13.61;0.926;0;1;0;0;0;1;0;0;0;1;0;214;;164;69;0;73
670.22;1178;12;12;0;2.11;71;0;50;20;0;45;3;0.27;1.0;1.0;0;0;184;0;20;1.5;0.0;1.2;2.1;345;128;14.7;13.61;0.926;0;1;0;0;0;1;0;0;0;1;0;213;;164;69;0;73
670.62;1217;12;12;1;2.08;71;0;50;20;0;45;3;0.27;1.0;1.0;0;0;184;0;20;1.5;0.6;1.19;2.1;345;128;14.7;13.91;0.946;0;1;0;0;0;1;0;0;0;1;0;213;;164;68;0;54
671.01;1204;12;12;1;2.1;72;0;50;20;0;45;3;0.27;1.0;1.0;0;0;184;0;20;1.5;0.6;1.2;2.1;345;128;14.7;13.91;0.946;0;1;0;0;0;1;0;0;0;1;0;210;;163;67;0;73
671.43;1089;11;11;0;2.03;73;0;50;20;0;45;2;0.27;1.0;1.0;0;0;184;0;20;1.38;0.0;1.18;1.8;345;128;14.7;13.91;0.946;0;1;0;0;0;1;0;0;0;1;0;209;;162;67;0;72
671.83;1114;12;12;1;2.08;71;0;50;20;0;46;3;0.27;1.0;1.0;0;0;184;0;20;1.5;0.6;1.19;1.9;345;128;14.7;15.21;1.035;0;1;0;0;0;1;0;0;0;1;0;217;;164;67;0;73
672.22;973;12;12;1;2.05;72;0;50;20;0;46;2;0.27;1.0;1.0;0;0;186;0;20;1.5;0.6;1.18;1.7;345;128;14.7;15.21;1.035;0;1;0;0;0;1;0;0;0;1;0;223;;164;67;0;74
672.61;1447;12;12;1;2.08;71;0;50;20;0;44;4;0.28;1.0;1.0;0;0;186;0;20;1.5;0.6;1.19;2.5;345;128;14.7;15.21;1.035;0;1;0;0;0;1;0;0;0;1;0;204;;165;67;0;72
673.02;1562;11;11;1;2.0;74;0;59;20;0;41;3;0.27;1.0;1.0;0;0;186;0;11;1.38;0.6;1.17;2.6;345;128;14.7;15.21;1.035;0;1;0;0;0;1;0;0;0;1;0;187;;161;66;0;54
673.42;1473;11;11;0;2.05;74;0;69;20;0;42;4;0.27;1.0;1.0;0;0;186;0;1;1.38;0.0;1.19;2.5;345;128;14.7;15.21;1.035;0;1;0;0;0;1;0;0;0;1;0;189;;160;66;0;54
673.82;1383;11;11;1;2.0;72;0;70;20;0;42;3;0.27;1.0;1.0;0;0;186;0;0;1.38;0.6;1.16;2.3;345;128;14.7;15.21;1.035;0;1;0;0;0;1;0;0;0;1;0;190;;163;67;0;54
674.01;1396;11;11;1;2.02;74;0;70;20;0;43;3;0.27;1.0;1.0;0;0;186;0;0;1.38;0.6;1.18;2.3;345;128;14.7;15.21;1.035;0;1;0;0;0;1;0;0;0;1;0;199;;161;67;0;57
674.44;1204;11;11;1;2.05;74;0;69;20;0;44;3;0.27;1.0;1.0;0;0;186;0;1;1.38;0.6;1.19;2.1;345;128;14.7;15.21;1.035;0;1;0;0;0;1;0;0;0;1;0;200;;160;67;0;57
674.84;1255;11;11;0;2.03;75;0;61;20;0;43;3;0.27;1.0;1.0;0;0;186;0;9;1.38;0.0;1.19;2.1;345;128;14.7;15.21;1.035;0;1;0;0;0;1;0;0;0;1;0;196;;159;67;0;54
675.26;1229;12;12;0;2.08;75;0;53;20;0;44;3;0.27;1.0;1.0;0;0;186;0;17;1.5;0.0;1.21;2.1;345;128;14.7;15.21;1.035;0;1;0;0;0;1;0;0;0;1;0;202;;159;66;0;70
675.64;1114;10;10;1;1.97;76;0;50;20;0;43;2;0.26;1.0;1.0;0;0;186;0;20;1.25;0.6;1.17;1.8;345;128;14.7;18.12;1.233;0;1;0;0;0;1;0;0;0;1;0;197;;158;67;0;56
676.04;1101;12;12;1;2.1;76;0;50;20;0;45;3;0.27;1.0;1.0;0;0;186;0;20;1.5;0.6;1.22;1.9;345;128;14.7;18.12;1.233;0;1;0;0;0;1;0;0;0;1;0;208;;158;66;0;72
676.44;1089;11;11;0;2.07;76;0;50;20;0;45;2;0.27;1.0;1.0;0;0;186;0;20;1.38;0.0;1.21;1.9;345;128;14.7;18.12;1.233;0;1;0;0;0;1;0;0;0;1;0;213;;158;66;0;73
676.85;973;12;12;1;2.1;76;0;50;20;0;46;2;0.27;1.0;1.0;0;0;186;0;20;1.5;0.6;1.22;1.7;345;128;14.7;16.12;1.097;0;1;0;0;0;1;0;0;0;1;0;220;;158;67;0;73
677.25;986;13;13;1;2.2;76;0;50;20;0;47;2;0.27;1.0;1.0;0;0;186;0;20;1.62;0.6;1.26;1.8;345;128;14.7;16.12;1.097;0;1;0;0;0;1;0;0;0;1;0;228;;158;67;0;74
677.64;948;13;13;1;2.23;75;0;50;20;0;48;2;0.28;1.0;1.0;0;0;186;0;20;1.62;0.6;1.27;1.8;345;128;14.7;17.22;1.171;0;1;0;0;0;1;0;0;0;1;0;238;;159;67;0;70
678.05;871;14;14;1;2.28;75;0;50;20;0;49;2;0.29;1.0;1.0;0;0;186;0;20;1.75;0.6;1.29;1.7;345;128;14.7;17.22;1.171;0;1;0;0;0;1;0;0;0;1;0;242;;159;67;0;75
678.46;845;13;13;0;2.26;75;0;50;20;0;49;2;0.29;1.0;1.0;0;0;186;0;20;1.62;0.0;1.28;1.6;345;128;14.7;17.22;1.171;0;1;0;0;0;1;0;0;0;1;0;243;;159;67;0;75
678.86;820;15;15;0;2.37;74;0;50;20;0;50;2;0.3;1.0;1.0;0;0;186;0;20;1.88;0.0;1.32;1.6;345;128;14.7;16.62;1.131;0;1;0;0;0;1;0;0;0;1;0;249;;160;67;0;76
679.26;781;14;14;1;2.36;75;0;50;20;0;50;2;0.31;1.0;1.0;0;0;186;0;20;1.75;0.6;1.32;1.5;345;128;14.7;16.62;1.131;0;1;0;0;0;1;0;0;0;1;0;250;;159;67;0;74
679.46;820;15;15;1;2.35;72;0;50;20;0;50;2;0.3;1.0;1.0;0;0;186;0;20;1.88;0.6;1.3;1.6;345;128;14.7;16.62;1.131;0;1;0;0;0;1;0;0;0;1;0;249;;163;67;0;76
679.86;781;15;15;1;2.4;72;0;50;20;0;50;2;0.31;1.0;1.0;0;0;186;0;20;1.88;0.6;1.32;1.6;345;128;14.7;16.02;1.09;0;1;0;0;0;1;0;0;0;1;0;249;;163;67;0;76
680.28;832;16;16;1;2.47;72;0;50;20;0;51;3;0.31;1.0;1.0;0;0;186;0;20;2.0;0.6;1.35;1.7;345;128;14.7;16.02;1.09;0;1;0;0;0;1;0;0;0;1;0;258;;163;67;0;77
680.68;832;16;16;1;2.45;72;0;50;20;0;51;2;0.31;1.0;1.0;0;0;186;0;20;2.0;0.6;1.34;1.7;345;128;14.7;17.02;1.158;0;1;0;0;0;1;0;0;0;1;0;257;;163;67;0;76
681.07;768;15;15;1;2.46;75;0;50;20;0;51;2;0.32;1.0;1.0;0;0;186;0;20;1.88;0.6;1.36;1.6;345;128;14.7;17.02;1.158;0;1;0;0;0;1;0;0;0;1;0;257;;161;67;0;77
681.47;1140;29;29;3;3.82;74;0;38;33;0;61;6;0.48;1.0;1.0;0;0;186;0;32;3.62;1.7;1.9;3.6;345;128;14.7;17.02;1.158;0;1;0;0;0;0;0;0;0;1;0;329;;161;66;0;85
681.87;1422;28;28;3;3.65;72;0;30;40;0;59;8;0.48;1.0;1.0;0;0;186;0;40;3.5;1.7;1.82;4.3;345;128;14.7;14.81;1.007;0;1;0;0;0;0;0;0;0;1;0;319;;163;66;0;84
682.29;1319;27;27;6;3.52;72;0;30;40;0;59;8;0.47;1.0;1.0;0;0;186;0;40;3.38;3.5;1.77;3.9;345;128;14.7;14.81;1.007;0;1;0;0;0;0;0;0;0;1;0;319;;163;66;0;77
682.69;1537;38;38;9;4.66;73;0;31;40;0;67;13;0.55;1.0;1.0;0;0;186;0;39;4.75;5.2;2.23;6.0;345;128;14.7;14.52;0.988;0;1;0;0;0;0;0;0;0;1;0;379;;162;66;0;90
683.1;1614;35;35;9;4.36;73;0;30;40;0;65;13;0.55;1.0;1.0;0;0;186;0;40;4.38;5.2;2.11;5.9;345;128;14.7;14.52;0.988;0;1;0;0;0;0;0;0;0;1;0;366;;162;66;0;90
683.48;1703;36;36;9;4.47;74;0;28;42;0;65;13;0.55;1.0;1.0;0;0;186;0;42;4.5;5.2;2.16;6.3;345;128;14.7;14.52;0.988;0;1;0;0;0;0;0;0;0;1;0;362;;161;66;0;89
683.91;1691;39;39;11;4.72;74;0;28;42;0;68;15;0.57;1.0;1.0;0;0;186;0;42;4.88;6.4;2.26;6.7;345;128;14.7;15.31;1.041;0;1;0;0;0;0;0;0;0;1;0;387;;161;66;0;91
684.31;1703;38;38;11;4.65;74;0;27;43;0;68;15;0.57;1.0;1.0;0;0;186;0;43;4.75;6.4;2.23;6.6;345;128;14.7;15.31;1.041;0;1;0;0;0;0;0;0;0;1;0;382;;160;66;0;91
684.7;1767;38;38;11;4.61;73;0;28;43;0;68;15;0.56;1.0;1.0;0;0;186;0;42;4.75;6.4;2.21;6.8;345;128;14.7;15.61;1.062;0;1;0;0;0;0;0;0;0;1;0;381;;162;66;0;90
685.11;1857;37;37;11;4.6;74;0;27;43;0;68;15;0.55;1.0;1.0;0;0;186;0;43;4.62;6.4;2.21;7.1;345;128;14.82;15.61;1.053;0;1;0;0;0;0;0;0;0;1;0;385;;161;66;0;91
685.3;1857;37;37;12;4.6;74;0;26;44;0;68;15;0.55;1.0;1.0;0;0;186;0;44;4.62;7.0;2.21;7.1;345;128;14.82;15.61;1.053;0;1;0;0;0;0;0;0;0;1;0;383;;161;66;0;91
685.71;1486;13;13;0;2.2;74;0;42;20;0;46;4;0.29;1.0;1.0;0;0;186;0;28;1.62;0.0;1.25;2.7;345;128;14.7;11.41;0.776;0;1;0;0;0;1;0;0;0;1;0;222;;160;66;0;74
686.12;1204;14;14;0;2.35;76;0;54;20;0;48;3;0.29;1.0;1.0;0;0;186;0;16;1.75;0.0;1.32;2.4;345;128;14.7;11.41;0.776;0;1;0;0;0;1;0;0;0;1;0;237;;159;66;0;74
686.51;1089;13;13;0;2.13;73;0;50;20;0;47;3;0.28;1.0;1.0;0;0;186;0;20;1.62;0.0;1.22;1.9;345;128;14.7;11.41;0.776;0;1;0;0;0;1;0;0;0;1;0;231;;162;66;0;74
686.91;1101;13;13;0;2.22;74;0;50;20;0;48;3;0.29;1.0;1.0;0;0;186;0;20;1.62;0.0;1.26;2.0;345;128;14.7;14.71;1.001;0;1;0;0;0;1;0;0;0;1;0;236;;160;66;0;70
687.31;1153;14;14;0;2.26;73;0;50;20;0;48;3;0.29;1.0;1.0;0;0;186;0;20;1.75;0.0;1.27;2.2;345;128;14.7;14.71;1.001;0;1;0;0;0;1;0;0;0;1;0;233;;162;66;0;74
687.72;1050;13;13;0;2.2;72;0;50;20;0;47;3;0.28;1.0;1.0;0;0;186;0;20;1.62;0.0;1.24;1.9;345;128;14.7;16.61;1.13;0;1;0;0;0;1;0;0;0;1;0;226;;159;66;0;74
688.13;1050;13;13;0;2.22;72;0;50;20;0;48;3;0.29;1.0;1.0;0;0;186;0;20;1.62;0.0;1.25;1.9;345;128;14.7;16.61;1.13;0;1;0;0;0;1;0;0;0;1;0;235;;163;66;0;74
688.54;922;14;14;0;2.23;71;0;50;20;0;48;2;0.28;1.0;1.0;0;0;186;0;20;1.75;0.0;1.25;1.7;345;128;14.7;17.02;1.158;0;1;0;0;0;1;0;0;0;1;0;239;;162;66;0;74
688.95;948;13;13;0;2.2;72;0;50;20;0;49;2;0.29;1.0;1.0;0;0;186;0;20;1.62;0.0;1.24;1.7;345;128;14.7;17.02;1.158;0;1;0;0;0;1;0;0;0;1;0;241;;164;66;0;70
689.34;871;14;14;0;2.23;71;0;50;20;0;49;2;0.29;1.0;1.0;0;0;186;0;20;1.75;0.0;1.25;1.6;345;128;14.7;17.02;1.158;0;1;0;0;0;1;0;0;0;1;0;244;;164;66;0;38
689.75;807;15;15;0;2.4;72;0;50;20;0;51;2;0.32;1.0;1.0;0;0;186;0;20;1.88;0.0;1.32;1.6;345;128;14.7;16.42;1.117;0;1;0;0;0;1;0;0;0;1;0;252;;163;66;0;73
690.14;781;18;18;0;2.67;72;0;50;20;0;53;3;0.35;1.0;1.0;0;0;186;0;20;2.25;0.0;1.43;1.7;345;128;14.7;16.42;1.117;0;1;0;0;0;1;0;0;0;1;0;272;;163;66;0;77
690.54;781;18;18;0;2.7;74;0;50;20;0;53;3;0.35;1.0;1.0;0;0;186;0;20;2.25;0.0;1.45;1.8;345;128;14.7;16.42;1.117;0;1;0;0;0;1;0;0;0;1;0;269;;160;66;0;76
690.74;1063;77;77;30;8.83;73;0;59;11;0;103;16;0.7;1.0;1.0;0;0;186;0;11;9.62;17.4;3.9;7.8;345;128;13.07;14.32;1.096;0;1;0;0;0;0;0;0;0;1;0;645;;162;66;0;153
691.15;1985;34;34;13;4.21;73;0;23;47;0;65;15;0.52;1.0;1.0;0;0;186;0;47;4.25;7.6;2.05;7.0;345;128;14.82;14.32;0.966;0;1;0;0;0;0;0;0;0;1;0;365;;162;66;0;84
691.55;1550;16;16;2;2.53;75;0;34;33;0;50;6;0.33;1.0;1.0;0;0;186;0;36;2.0;1.2;1.39;3.3;345;128;14.7;14.32;0.974;0;1;0;0;0;0;0;0;0;1;0;251;;161;66;0;75
691.94;1037;28;28;5;3.68;75;0;42;28;0;61;6;0.47;1.0;1.0;0;0;186;0;28;3.5;2.9;1.85;3.2;345;128;14.7;13.31;0.905;0;1;0;0;0;0;0;0;0;1;0;329;;159;66;0;85
692.35;1229;20;20;1;2.87;74;0;50;20;0;54;5;0.38;1.0;1.0;0;0;186;0;20;2.5;0.6;1.52;2.9;345;128;14.7;13.31;0.905;0;1;0;0;0;1;0;0;0;1;0;278;;160;66;0;81
692.75;935;17;17;1;2.55;74;0;50;20;0;52;3;0.33;1.0;1.0;0;0;186;0;20;2.12;0.6;1.39;2.0;345;128;14.7;13.81;0.939;0;1;0;0;0;1;0;0;0;1;0;265;;161;66;0;77
693.15;1268;56;56;6;6.63;75;0;46;25;0;83;15;0.63;1.0;1.0;0;0;186;0;24;7.0;3.5;3.03;7.0;345;128;14.7;13.81;0.939;0;1;0;0;0;0;0;0;0;1;0;503;;158;66;0;141
693.56;1153;16;16;4;2.52;74;0;50;29;0;52;4;0.34;1.0;1.0;0;0;186;0;20;2.0;2.3;1.38;2.4;345;128;14.7;13.81;0.939;0;1;0;0;0;0;0;0;0;1;0;265;;161;67;0;77
693.96;1383;64;64;18;7.5;74;0;47;24;0;89;18;0.67;1.0;1.0;0;0;186;0;23;8.0;10.5;3.37;8.6;345;128;13.94;17.52;1.257;0;1;0;0;0;0;0;0;0;1;0;541;;160;67;0;147
694.35;1831;43;43;18;5.15;74;0;26;44;0;74;18;0.59;1.0;1.0;0;0;186;0;44;5.38;10.5;2.43;7.9;345;128;14.7;17.52;1.192;0;1;0;0;0;0;0;0;0;1;0;431;;160;66;0;102
694.77;2216;62;62;24;7.02;74;0;38;33;0;87;29;0.69;1.0;1.0;0;0;186;0;32;7.75;14.0;3.18;13.0;345;128;14.04;13.81;0.984;0;1;0;0;0;0;0;0;0;1;0;527;;161;66;0;146
695.17;2203;60;60;27;6.73;77;0;33;35;0;87;29;0.69;1.0;1.0;0;0;186;0;37;7.5;15.7;3.08;12.4;345;128;14.82;13.81;0.932;0;1;0;0;0;0;0;0;0;1;0;524;;156;66;0;44
695.58;2421;68;68;38;7.52;78;0;38;31;0;96;37;0.7;1.0;1.0;0;0;186;0;32;8.5;22.1;3.4;15.2;345;128;14.82;13.11;0.885;0;1;0;0;0;0;0;0;0;1;0;593;;155;66;0;150
695.96;3535;59;59;39;6.71;77;0;33;37;0;88;47;0.66;1.0;1.0;0;0;186;0;37;7.38;22.7;3.07;19.8;345;128;14.25;13.11;0.92;0;1;0;0;0;0;0;0;0;1;0;532;;156;66;0;140
696.39;3266;62;62;39;7.11;77;0;35;35;0;88;46;0.72;1.0;1.0;0;0;186;0;35;7.75;22.7;3.23;19.4;345;128;14.15;13.11;0.927;0;1;0;0;0;0;0;0;0;1;0;536;;155;66;0;147
696.58;3035;60;60;39;6.75;76;0;33;37;0;90;42;0.67;1.0;1.0;0;0;186;0;37;7.5;22.7;3.08;17.1;345;128;14.59;13.11;0.899;0;1;0;0;0;0;0;0;0;1;0;552;;157;66;0;148
696.97;2984;61;61;39;6.9;76;0;33;36;0;91;41;0.66;1.0;1.0;0;0;186;0;37;7.62;22.7;3.14;17.2;345;128;14.59;15.62;1.071;0;1;0;0;0;0;0;0;0;1;0;558;;157;66;0;148
697.38;3163;62;62;38;6.9;76;0;34;36;0;88;44;0.7;1.0;1.0;0;0;186;0;36;7.75;22.1;3.14;18.2;345;128;14.15;15.62;1.104;0;1;0;0;0;0;0;0;0;1;0;538;;157;66;0;146
697.79;3151;42;42;22;4.92;76;0;25;46;0;74;30;0.57;1.0;1.0;0;0;186;0;45;5.25;12.8;2.35;12.9;345;128;14.7;14.41;0.98;0;1;0;0;0;0;0;0;0;1;0;433;;158;66;0;102
698.2;2216;11;11;1;2.07;76;0;46;25;0;43;6;0.29;1.0;1.0;0;0;186;0;24;1.38;0.6;1.21;3.8;345;128;14.82;14.41;0.972;0;1;0;0;0;1;0;0;0;1;0;194;;157;66;0;54
698.6;1588;13;13;1;2.22;76;0;70;20;0;45;4;0.29;1.0;1.0;0;0;186;0;0;1.62;0.6;1.27;2.9;345;128;14.7;14.41;0.98;0;1;0;0;0;1;0;0;0;1;0;210;;160;66;0;69
698.98;1101;13;13;1;2.15;72;0;69;20;0;48;3;0.29;1.0;1.0;0;0;186;0;1;1.62;0.6;1.22;2.0;345;128;14.7;14.41;0.98;0;1;0;0;0;1;0;0;0;1;0;234;;163;67;0;74
699.41;1037;16;16;1;2.46;73;0;63;20;0;51;3;0.32;1.0;1.0;0;0;186;0;7;2.0;0.6;1.35;2.1;345;128;14.7;14.41;0.98;0;1;0;0;0;1;0;0;0;1;0;257;;162;67;0;76
699.8;1089;14;14;1;2.28;71;0;56;20;0;49;3;0.3;1.0;1.0;0;0;186;0;14;1.75;0.6;1.27;2.1;345;128;14.7;15.92;1.083;0;1;0;0;0;1;0;0;0;1;0;247;;164;67;0;75
