Время, с;Обороты;Нагрузка (ось карт);Наполнение мгновенное;Дроссель открытие;Впрыск, мс;Мёртвое время форсунки;Обогащение ускорения;УОЗ сырьё;УОЗ из карты;Поправка угла по детонации, °;Давление, кПа;Расход (прослойка);VE (ДАД);Ktps (ДАД);Коррекция по лямбде;Живая карта;Состояние указателя;УОЗ, градусы;Нагрузка TP;Газ, %;Впрыск расчётный, мс;Загрузка форсунок, %;K форсунок;КМ (ДАД);AFR цель;AFR факт (ШДК);Поправка VE (факт/цель);ФЛАГ Отсечка;ФЛАГ Впрыск разрешён;ФЛАГ Замкнутый цикл;ФЛАГ Крэнк;ФЛАГ Нейтраль;ФЛАГ Холостой ход;ФЛАГ Стартер;ФЛАГ Неисправность TPS;ФЛАГ $0053.08 гейт наката;ФЛАГ $0053.40 гейт наката;ФЛАГ $0053.80 не разобран;АЦП Расходомер/ДАД;АЦП Дроссель;АЦП Напряжение борта;АЦП Температура ОЖ;АЦП Лямбда;АЦП канал 9 (свободный)
16.38;0.0;0;0;0;7.5;105;0;50;20;0;106;0;0.81;1.0;1.0;0;0;20;0.0;0.0;3.52;;345;128;14.7;;;0;0;0;0;1;1;0;0;0;1;0;675;41;140;86;0;154
16.77;0.0;0;0;0;7.5;105;0;50;20;0;106;0;0.81;1.0;1.0;0;0;20;0.0;0.0;3.52;;345;128;14.7;;;0;0;0;0;1;1;0;0;0;1;0;675;41;140;86;0;154
17.17;0.0;0;0;0;7.5;105;0;50;20;0;106;0;0.81;1.0;1.0;0;0;20;0.0;0.0;3.52;;345;128;14.7;;;0;0;0;0;1;1;0;0;0;1;0;675;41;140;86;0;154
17.57;0.0;0;0;0;7.5;105;0;50;20;0;107;0;0.82;1.0;1.0;0;0;20;0.0;0.0;3.52;;345;128;14.7;;;0;0;0;0;1;1;0;0;0;1;0;677;41;140;86;0;154
17.98;0.0;0;0;0;7.5;105;0;50;20;0;107;0;0.82;1.0;1.0;0;0;20;0.0;0.0;3.52;;345;128;14.7;;;0;0;0;0;1;1;0;0;0;1;0;676;41;140;86;0;154
18.38;0.0;0;0;0;7.5;105;0;50;20;0;107;0;0.82;1.0;1.0;0;0;20;0.0;0.0;3.52;;345;128;14.7;;;0;0;0;0;1;1;0;0;0;1;0;677;41;140;86;0;154
18.8;0.0;0;0;0;7.5;105;0;50;20;0;106;0;0.81;1.0;1.0;0;0;20;0.0;0.0;3.52;;345;128;14.7;;;0;0;0;0;1;1;0;0;0;1;0;675;41;140;86;0;150
19.18;0.0;0;0;0;7.5;105;0;50;20;0;107;0;0.82;1.0;1.0;0;0;20;0.0;0.0;3.52;;345;128;14.7;;;0;0;0;0;1;1;0;0;0;1;0;678;41;140;86;0;150
19.59;0.0;0;0;0;7.5;104;0;50;20;0;107;0;0.82;1.0;1.0;0;0;20;0.0;0.0;3.52;;345;128;14.7;;;0;0;0;0;1;1;0;0;0;1;0;679;41;141;85;0;154
20.0;0.0;0;0;0;7.5;104;0;50;20;0;107;0;0.82;1.0;1.0;0;0;20;0.0;0.0;3.52;;345;128;14.7;;;0;0;0;0;1;1;0;0;0;1;0;679;41;141;86;0;154
20.39;0.0;0;0;0;7.5;105;0;50;20;0;107;0;0.82;1.0;1.0;0;0;20;0.0;0.0;3.52;;345;128;14.7;;;0;0;0;0;1;1;0;0;0;1;0;677;41;140;86;0;150
20.6;0.0;0;0;0;7.5;104;0;50;20;0;107;0;0.82;1.0;1.0;0;0;20;0.0;0.0;3.52;;345;128;14.7;;;0;0;0;0;1;1;0;0;0;1;0;679;41;141;86;0;150
20.99;0.0;0;0;0;7.5;104;0;50;20;0;107;0;0.82;1.0;1.0;0;0;20;0.0;0.0;3.52;;345;128;14.7;;;0;0;0;0;1;1;0;0;0;1;0;680;41;141;86;0;50
21.41;0.0;0;0;0;7.5;104;0;50;20;0;107;0;0.82;1.0;1.0;0;0;20;0.0;0.0;3.52;;345;128;14.7;;;0;0;0;0;1;1;0;0;0;1;0;679;41;141;85;0;154
21.8;0.0;0;0;0;7.5;104;0;50;20;0;107;0;0.82;1.0;1.0;0;0;20;0.0;0.0;3.52;;345;128;14.7;;;0;0;0;0;1;1;0;0;0;1;0;679;41;141;85;0;154
22.2;0.0;0;0;0;7.5;104;0;50;20;0;107;0;0.82;1.0;1.0;0;0;20;0.0;0.0;3.52;;345;128;14.7;;;0;0;0;0;1;1;0;0;0;1;0;678;41;141;85;0;150
22.61;0.0;0;0;0;7.5;104;0;50;20;0;107;0;0.82;1.0;1.0;0;0;20;0.0;0.0;3.52;;345;128;14.7;;;0;0;0;0;1;1;0;0;0;1;0;677;41;141;85;0;49
23.0;0.0;0;0;0;7.5;104;0;50;20;0;107;0;0.82;1.0;1.0;0;0;20;0.0;0.0;3.52;;345;128;14.7;;;0;0;0;0;1;1;0;0;0;1;0;678;41;141;85;0;150
23.4;0.0;0;0;0;7.5;104;0;50;20;0;107;0;0.82;1.0;1.0;0;0;20;0.0;0.0;3.52;;345;128;14.7;;;0;0;0;0;1;1;0;0;0;1;0;678;41;141;85;0;150
23.81;0.0;0;0;0;7.5;105;0;50;20;0;106;0;0.81;1.0;1.0;0;0;20;0.0;0.0;3.52;;345;128;14.7;;;0;0;0;0;1;1;0;0;0;1;0;675;41;140;85;0;150
24.22;0.0;0;0;0;7.5;104;0;50;20;0;107;0;0.82;1.0;1.0;0;0;20;0.0;0.0;3.52;;345;128;14.7;;;0;0;0;0;1;1;0;0;0;1;0;678;41;141;85;0;152
24.61;0.0;0;0;0;7.5;104;0;50;20;0;107;0;0.82;1.0;1.0;0;0;20;0.0;0.0;3.52;;345;128;14.7;;;0;0;0;0;1;1;0;0;0;1;0;678;41;141;85;0;150
25.02;0.0;0;0;0;7.5;104;0;50;20;0;107;0;0.82;1.0;1.0;0;0;20;0.0;0.0;3.52;;345;128;14.7;;;0;0;0;0;1;1;0;0;0;1;0;679;41;141;85;0;154
25.41;0.0;0;0;0;7.5;104;0;50;20;0;107;0;0.82;1.0;1.0;0;0;20;0.0;0.0;3.52;;345;128;14.7;;;0;0;0;0;1;1;0;0;0;1;0;679;41;141;85;0;155
25.83;0.0;0;0;0;7.5;104;0;50;20;0;107;0;0.82;1.0;1.0;0;0;20;0.0;0.0;3.52;;345;128;14.7;;;0;0;0;0;1;1;0;0;0;1;0;678;41;141;84;0;154
26.24;0.0;0;0;0;7.5;104;0;50;20;0;107;0;0.82;1.0;1.0;0;0;20;0.0;0.0;3.52;;345;128;14.7;;;0;0;0;0;1;1;0;0;0;1;0;679;41;141;85;0;155
26.43;0.0;0;0;0;7.5;104;0;50;20;0;107;0;0.82;1.0;1.0;0;0;20;0.0;0.0;3.52;;345;128;14.7;;;0;0;0;0;1;1;0;0;0;1;0;680;41;141;85;0;150
26.83;0.0;0;0;0;7.5;104;0;50;20;0;107;0;0.82;1.0;1.0;0;0;20;0.0;0.0;3.52;;345;128;14.7;;;0;0;0;0;1;1;0;0;0;1;0;680;41;141;84;0;154
27.23;0.0;0;0;1;7.5;104;0;50;20;0;107;0;0.82;1.0;1.0;0;0;20;0.0;0.6;3.52;;345;128;14.7;;;0;0;0;0;1;1;0;0;0;1;0;680;42;141;84;0;155
27.63;0.0;0;0;0;7.5;104;0;50;20;0;107;0;0.82;1.0;1.0;0;0;20;0.0;0.0;3.52;;345;128;14.7;;;0;0;0;0;1;1;0;0;0;1;0;680;41;141;84;0;155
28.03;0.0;0;0;0;7.5;104;0;50;20;0;107;0;0.82;1.0;1.0;0;0;20;0.0;0.0;3.52;;345;128;14.7;;;0;0;0;0;1;1;0;0;0;1;0;680;41;141;85;0;150
28.43;0.0;0;0;0;7.5;104;0;50;20;0;107;0;0.82;1.0;1.0;0;0;20;0.0;0.0;3.52;;345;128;14.7;;;0;0;0;0;1;1;0;0;0;1;0;676;41;141;84;0;155
28.83;0.0;0;0;0;7.5;104;0;50;20;0;107;0;0.82;1.0;1.0;0;0;20;0.0;0.0;3.52;;345;128;14.7;;;0;0;0;0;1;1;0;0;0;1;0;679;41;141;84;0;154
29.23;0.0;0;0;0;7.5;104;0;50;20;0;107;0;0.82;1.0;1.0;0;0;20;0.0;0.0;3.52;;345;128;14.7;;;0;0;0;0;1;1;0;0;0;1;0;680;41;141;84;0;51
29.64;0.0;0;0;0;7.5;104;0;50;20;0;107;0;0.82;1.0;1.0;0;0;20;0.0;0.0;3.52;;345;128;14.7;;;0;0;0;0;1;1;0;0;0;1;0;680;41;141;84;0;150
30.05;0.0;0;0;1;7.5;103;0;50;20;0;107;0;0.82;1.0;1.0;0;0;20;0.0;0.6;3.52;;345;128;14.7;;;0;0;0;0;1;1;0;0;0;1;0;680;42;142;84;0;155
30.45;0.0;0;0;0;7.5;104;0;50;20;0;107;0;0.82;1.0;1.0;0;0;20;0.0;0.0;3.52;;345;128;14.7;;;0;0;0;0;1;1;0;0;0;1;0;678;41;141;85;0;154
30.85;0.0;0;0;0;7.5;104;0;50;20;0;107;0;0.82;1.0;1.0;0;0;20;0.0;0.0;3.52;;345;128;14.7;;;0;0;0;0;1;1;0;0;0;1;0;678;41;141;84;0;50
31.25;0.0;0;0;0;7.5;104;0;50;20;0;107;0;0.82;1.0;1.0;0;0;20;0.0;0.0;3.52;;345;128;14.7;;;0;0;0;0;1;1;0;0;0;1;0;676;41;141;84;0;154
31.65;0.0;0;0;0;7.5;104;0;50;20;0;107;0;0.82;1.0;1.0;0;0;20;0.0;0.0;3.52;;345;128;14.7;;;0;0;0;0;1;1;0;0;0;1;0;679;41;141;84;0;155
32.07;0.0;0;0;0;7.5;104;0;50;20;0;107;0;0.82;1.0;1.0;0;0;20;0.0;0.0;3.52;;345;128;14.7;;;0;0;0;0;1;1;0;0;0;1;0;678;41;141;84;0;154
32.46;0.0;0;0;0;7.5;104;0;50;20;0;107;0;0.82;1.0;1.0;0;0;20;0.0;0.0;3.52;;345;128;14.7;;;0;0;0;0;1;1;0;0;0;1;0;677;41;141;84;0;150
32.66;0.0;0;0;0;7.5;103;0;50;20;0;107;0;0.82;1.0;1.0;0;0;20;0.0;0.0;3.52;;345;128;14.7;;;0;0;0;0;1;1;0;0;0;1;0;681;41;142;84;0;155
33.06;0.0;0;0;1;7.5;103;0;50;20;0;107;0;0.82;1.0;1.0;0;0;20;0.0;0.6;3.52;;345;128;14.7;;;0;0;0;0;1;1;0;0;0;1;0;681;42;142;84;0;155
33.47;0.0;0;0;0;7.5;103;0;50;20;0;107;0;0.82;1.0;1.0;0;0;20;0.0;0.0;3.52;;345;128;14.7;;;0;0;0;0;1;1;0;0;0;1;0;680;41;142;84;0;155
33.87;0.0;0;0;0;7.5;102;0;50;20;0;107;0;0.82;1.0;1.0;0;0;20;0.0;0.0;3.51;;345;128;14.7;;;0;0;0;0;1;1;0;0;0;1;0;681;41;144;84;0;150
34.27;0.0;0;0;0;7.5;101;0;50;20;0;107;0;0.82;1.0;1.0;0;0;20;0.0;0.0;3.5;;345;128;14.7;;;0;0;0;0;1;1;0;0;0;1;0;682;41;145;84;0;155
34.67;0.0;0;0;1;7.5;100;0;50;20;0;107;0;0.82;1.0;1.0;0;0;20;0.0;0.6;3.5;;345;128;14.7;;;0;0;0;0;1;1;0;0;0;1;0;683;42;146;84;0;155
35.07;0.0;0;0;0;7.5;100;0;50;20;0;108;0;0.83;1.0;1.0;0;0;20;0.0;0.0;3.5;;345;128;14.7;;;0;0;0;0;1;1;0;0;0;1;0;684;41;146;84;0;155
35.48;0.0;0;0;0;7.5;100;0;50;20;0;107;0;0.82;1.0;1.0;0;0;20;0.0;0.0;3.5;;345;128;14.7;;;0;0;0;0;1;1;0;0;0;1;0;683;41;147;84;0;101
35.88;0.0;0;0;1;7.5;100;0;50;20;0;107;0;0.82;1.0;1.0;0;0;20;0.0;0.6;3.5;;345;128;14.7;;;0;0;0;0;1;1;0;0;0;1;0;682;42;147;85;0;149
36.27;0.0;0;0;0;7.5;100;0;50;20;0;107;0;0.82;1.0;1.0;0;0;20;0.0;0.0;3.5;;345;128;14.7;;;0;0;0;0;1;1;0;0;0;1;0;683;41;147;84;0;150
36.67;0.0;0;0;0;7.5;100;0;50;20;0;107;0;0.82;1.0;1.0;0;0;20;0.0;0.0;3.5;;345;128;14.7;;;0;0;0;0;1;1;0;0;0;1;0;681;41;147;84;0;155
37.08;0.0;0;0;0;7.5;100;0;50;20;0;107;0;0.82;1.0;1.0;0;0;20;0.0;0.0;3.5;;345;128;14.7;;;0;0;0;0;1;1;0;0;0;1;0;680;41;146;84;0;155
37.48;0.0;0;0;0;7.5;100;0;50;20;0;107;0;0.82;1.0;1.0;0;0;20;0.0;0.0;3.5;;345;128;14.7;;;0;0;0;0;1;1;0;0;0;1;0;681;41;146;84;0;49
37.88;0.0;0;0;0;7.5;101;0;50;20;0;107;0;0.82;1.0;1.0;0;0;20;0.0;0.0;3.5;;345;128;14.7;;;0;0;0;0;1;1;0;0;0;1;0;680;41;145;84;0;152
38.29;0.0;0;0;0;7.5;102;0;50;20;0;107;0;0.82;1.0;1.0;0;0;20;0.0;0.0;3.51;;345;128;14.7;;;0;0;0;0;1;1;0;0;0;1;0;679;41;144;84;0;154
38.49;0.0;0;0;0;7.5;102;0;50;20;0;107;0;0.82;1.0;1.0;0;0;20;0.0;0.0;3.51;;345;128;14.7;;;0;0;0;0;1;1;0;0;0;1;0;680;41;144;84;0;149
38.89;0.0;0;0;0;7.5;103;0;50;20;0;107;0;0.82;1.0;1.0;0;0;20;0.0;0.0;3.52;;345;128;14.7;;;0;0;0;0;1;1;0;0;0;1;0;677;41;142;84;0;154
39.28;0.0;0;0;0;7.5;103;0;50;20;0;107;0;0.82;1.0;1.0;0;0;20;0.0;0.0;3.52;;345;128;14.7;;;0;0;0;0;1;1;0;0;0;1;0;679;41;142;84;0;154
39.69;0.0;0;0;0;7.5;104;0;50;20;0;107;0;0.82;1.0;1.0;0;0;20;0.0;0.0;3.52;;345;128;14.7;;;0;0;0;0;1;1;0;0;0;1;0;677;41;141;84;0;101
40.1;0.0;0;0;0;7.5;104;0;50;20;0;107;0;0.82;1.0;1.0;0;0;20;0.0;0.0;3.52;;345;128;14.7;;;0;0;0;0;1;1;0;0;0;1;0;677;41;141;84;0;150
40.51;0.0;0;0;1;7.5;103;0;50;20;0;107;0;0.82;1.0;1.0;0;0;20;0.0;0.6;3.52;;345;128;14.7;;;0;0;0;0;1;1;0;0;0;1;0;679;42;142;84;0;154
40.9;0.0;0;0;0;7.5;104;0;50;20;0;107;0;0.82;1.0;1.0;0;0;20;0.0;0.0;3.52;;345;128;14.7;;;0;0;0;0;1;1;0;0;0;1;0;677;41;141;84;0;154
41.29;0.0;0;0;0;7.5;104;0;50;20;0;107;0;0.82;1.0;1.0;0;0;20;0.0;0.0;3.52;;345;128;14.7;;;0;0;0;0;1;1;0;0;0;1;0;676;41;141;84;0;150
41.71;0.0;0;0;0;7.5;103;0;50;20;0;107;0;0.82;1.0;1.0;0;0;20;0.0;0.0;3.52;;345;128;14.7;;;0;0;0;0;1;1;0;0;0;1;0;681;41;143;84;0;154
42.1;0.0;0;0;0;7.5;103;0;50;20;0;107;0;0.82;1.0;1.0;0;0;20;0.0;0.0;3.52;;345;128;14.7;;;0;0;0;0;1;1;0;0;0;1;0;680;41;143;85;0;155
42.51;0.0;0;0;0;7.5;103;0;50;20;0;107;0;0.82;1.0;1.0;0;0;20;0.0;0.0;3.52;;345;128;14.7;;;0;0;0;0;1;1;0;0;0;1;0;680;41;143;85;0;154
42.9;0.0;0;0;0;7.5;103;0;50;20;0;107;0;0.82;1.0;1.0;0;0;20;0.0;0.0;3.52;;345;128;14.7;;;0;0;0;0;1;1;0;0;0;1;0;679;41;143;85;0;150
43.3;0.0;0;0;1;7.5;102;0;50;20;0;107;0;0.82;1.0;1.0;0;0;20;0.0;0.6;3.51;;345;128;14.7;;;0;0;0;0;1;1;0;0;0;1;0;679;42;144;86;0;154
43.71;0.0;0;0;0;7.5;103;0;50;20;0;107;0;0.82;1.0;1.0;0;0;20;0.0;0.0;3.52;;345;128;14.7;;;0;0;0;0;1;1;0;0;0;1;0;677;41;144;86;0;150
44.11;0.0;0;0;0;7.5;102;0;50;20;0;107;0;0.82;1.0;1.0;0;0;20;0.0;0.0;3.51;;345;128;14.7;;;0;0;0;0;1;1;0;0;0;1;0;679;41;144;86;0;155
44.51;0.0;0;0;0;7.5;102;0;50;20;0;107;0;0.82;1.0;1.0;0;0;20;0.0;0.0;3.51;;345;128;14.7;;;0;0;0;0;1;1;0;0;0;1;0;677;41;144;86;0;154
44.72;0.0;0;0;0;7.5;102;0;50;20;0;107;0;0.82;1.0;1.0;0;0;20;0.0;0.0;3.51;;345;128;14.7;;;0;0;0;0;1;1;0;0;0;1;0;678;41;144;86;0;150
45.12;0.0;0;0;0;7.5;102;0;50;20;0;107;0;0.82;1.0;1.0;0;0;20;0.0;0.0;3.51;;345;128;14.7;;;0;0;0;0;1;1;0;0;0;1;0;680;41;144;87;0;150
45.52;0.0;0;0;0;7.5;103;0;50;20;0;107;0;0.82;1.0;1.0;0;0;20;0.0;0.0;3.52;;345;128;14.7;;;0;0;0;0;1;1;0;0;0;1;0;676;41;143;86;0;154
45.93;0.0;0;0;0;7.5;103;0;50;20;0;107;0;0.82;1.0;1.0;0;0;20;0.0;0.0;3.52;;345;128;14.7;;;0;0;0;0;1;1;0;0;0;1;0;680;41;143;85;0;155
46.33;0.0;0;0;0;7.5;103;0;50;20;0;107;0;0.82;1.0;1.0;0;0;20;0.0;0.0;3.52;;345;128;14.7;;;0;0;0;0;1;1;0;0;0;1;0;679;41;143;85;0;72
46.73;0.0;0;0;0;7.5;103;0;50;20;0;107;0;0.82;1.0;1.0;0;0;20;0.0;0.0;3.52;;345;128;14.7;;;0;0;0;0;1;1;0;0;0;1;0;678;41;143;84;0;150
47.12;0.0;0;0;0;7.5;103;0;50;20;0;107;0;0.82;1.0;1.0;0;0;20;0.0;0.0;3.52;;345;128;14.7;;;0;0;0;0;1;1;0;0;0;1;0;681;41;143;84;0;155
47.53;0.0;0;0;0;7.5;103;0;50;20;0;107;0;0.82;1.0;1.0;0;0;20;0.0;0.0;3.52;;345;128;14.7;;;0;0;0;0;1;1;0;0;0;1;0;680;41;143;84;0;155
47.93;0.0;0;0;0;7.5;103;0;50;20;0;107;0;0.82;1.0;1.0;0;0;20;0.0;0.0;3.52;;345;128;14.7;;;0;0;0;0;1;1;0;0;0;1;0;678;41;143;84;0;49
48.33;0.0;0;0;0;7.5;103;0;50;20;0;107;0;0.82;1.0;1.0;0;0;20;0.0;0.0;3.52;;345;128;14.7;;;0;0;0;0;1;1;0;0;0;1;0;677;41;142;84;0;155
48.74;0.0;0;0;1;7.5;103;0;50;20;0;107;0;0.82;1.0;1.0;0;0;20;0.0;0.6;3.52;;345;128;14.7;;;0;0;0;0;1;1;0;0;0;1;0;680;42;143;84;0;154
49.12;0.0;0;0;0;7.5;103;0;50;20;0;107;0;0.82;1.0;1.0;0;0;20;0.0;0.0;3.52;;345;128;14.7;;;0;0;0;0;1;1;0;0;0;1;0;678;41;143;84;0;154
49.54;0.0;0;0;0;7.5;103;0;50;20;0;106;0;0.81;1.0;1.0;0;0;20;0.0;0.0;3.52;;345;128;14.7;;;0;0;0;0;1;1;0;0;0;1;0;675;41;143;84;0;150
49.94;0.0;0;0;0;7.5;103;0;50;20;0;107;0;0.82;1.0;1.0;0;0;20;0.0;0.0;3.52;;345;128;14.7;;;0;0;0;0;1;1;0;0;0;1;0;678;41;143;84;0;154
50.34;0.0;0;0;0;7.5;103;0;50;20;0;107;0;0.82;1.0;1.0;0;0;20;0.0;0.0;3.52;;345;128;14.7;;;0;0;0;0;1;1;0;0;0;1;0;680;41;143;84;0;155
50.74;0.0;0;0;0;7.5;103;0;50;20;0;107;0;0.82;1.0;1.0;0;0;20;0.0;0.0;3.52;;345;128;14.7;;;0;0;0;0;1;1;0;0;0;1;0;678;41;143;84;0;149
50.95;0.0;0;0;0;7.5;103;0;50;20;0;107;0;0.82;1.0;1.0;0;0;20;0.0;0.0;3.52;;345;128;14.7;;;0;0;0;0;1;1;0;0;0;1;0;679;41;143;84;0;155
51.35;0.0;0;0;0;7.5;102;0;50;20;0;107;0;0.82;1.0;1.0;0;0;20;0.0;0.0;3.51;;345;128;14.7;;;0;0;0;0;1;1;0;0;0;1;0;680;41;144;84;0;155
51.74;0.0;0;0;0;7.5;103;0;50;20;0;107;0;0.82;1.0;1.0;0;0;20;0.0;0.0;3.52;;345;128;14.7;;;0;0;0;0;1;1;0;0;0;1;0;679;41;143;84;0;70
52.15;0.0;0;0;0;7.5;103;0;50;20;0;107;0;0.82;1.0;1.0;0;0;20;0.0;0.0;3.52;;345;128;14.7;;;0;0;0;0;1;1;0;0;0;1;0;678;41;143;84;0;150
52.55;0.0;0;0;1;7.5;102;0;50;20;0;107;0;0.82;1.0;1.0;0;0;20;0.0;0.6;3.51;;345;128;14.7;;;0;0;0;0;1;1;0;0;0;1;0;680;42;144;84;0;155
52.96;0.0;0;0;0;7.5;103;0;50;20;0;107;0;0.82;1.0;1.0;0;0;20;0.0;0.0;3.52;;345;128;14.7;;;0;0;0;0;1;1;0;0;0;1;0;679;41;143;84;0;101
53.36;0.0;0;0;0;7.5;103;0;50;20;0;107;0;0.82;1.0;1.0;0;0;20;0.0;0.0;3.52;;345;128;14.7;;;0;0;0;0;1;1;0;0;0;1;0;677;41;143;84;0;150
53.77;0.0;0;0;0;7.5;103;0;50;20;0;107;0;0.82;1.0;1.0;0;0;20;0.0;0.0;3.52;;345;128;14.7;;;0;0;0;0;1;1;0;0;0;1;0;679;41;143;84;0;154
54.17;0.0;0;0;0;7.5;103;0;50;20;0;107;0;0.82;1.0;1.0;0;0;20;0.0;0.0;3.52;;345;128;14.7;;;0;0;0;0;1;1;0;0;0;1;0;677;41;143;84;0;154
54.55;90;0;0;0;7.5;118;0;54;14;0;98;1;0.76;1.0;1.0;0;0;16;0.0;0.0;3.59;0.6;345;128;14.7;;;0;0;0;1;1;1;1;0;0;1;0;612;38;121;81;0;114
54.97;896;77;77;0;10;113;0;54;16;0;91;12;0.7;1.0;1.0;0;0;16;9.62;0.0;4.64;7.6;345;128;13.07;11.8;0.903;0;1;0;1;1;1;1;0;0;1;0;563;41;129;82;0;148
55.35;1601;21;21;1;4.9;96;0;53;21;0;50;7;0.43;1.0;1.0;0;0;17;2.62;0.6;2.44;6.5;345;128;14.7;10.01;0.681;0;1;0;0;1;1;0;0;0;1;0;249;42;152;84;0;141
55.77;999;20;20;1;4.76;95;0;62;15;0;51;4;0.41;1.0;1.0;0;0;8;2.5;0.6;2.38;4.0;345;128;14.7;10.01;0.681;0;1;0;0;1;1;0;0;0;1;0;258;42;153;85;0;76
56.18;807;27;27;1;5.86;95;0;56;15;0;56;5;0.49;1.0;1.0;0;0;14;3.38;0.6;2.82;3.9;345;128;14.47;17.82;1.232;0;1;0;0;1;1;0;0;0;1;0;298;42;153;85;0;83
56.58;973;27;27;1;5.95;92;0;55;15;0;55;6;0.48;1.0;1.0;0;0;15;3.38;0.6;2.84;4.8;345;128;14.47;17.82;1.232;0;1;0;0;1;1;0;0;0;1;0;289;42;156;85;0;40
56.98;1063;24;24;1;5.43;93;0;55;15;0;54;5;0.48;1.0;1.0;0;0;15;3.0;0.6;2.64;4.8;345;128;14.7;17.82;1.212;0;1;0;0;1;1;0;0;0;1;0;277;42;156;85;0;81
57.17;922;23;23;1;5.12;92;0;55;15;0;53;5;0.44;1.0;1.0;0;0;15;2.88;0.6;2.51;3.9;345;128;14.47;14.62;1.01;0;1;0;0;1;1;0;0;0;1;0;268;42;157;85;0;77
57.56;922;24;24;1;5.27;92;0;55;15;0;53;5;0.44;1.0;1.0;0;0;15;3.0;0.6;2.57;4.0;345;128;14.47;14.62;1.01;0;1;0;0;1;1;0;0;0;1;0;275;42;157;85;0;81
57.99;922;24;24;1;5.37;92;0;55;15;0;54;4;0.46;1.0;1.0;0;0;15;3.0;0.6;2.61;4.1;345;128;14.47;14.62;1.01;0;1;0;0;1;1;0;0;0;1;0;281;42;158;85;0;82
58.39;871;24;24;1;5.27;92;0;55;15;0;54;5;0.45;1.0;1.0;0;0;15;3.0;0.6;2.57;3.8;345;128;14.47;15.52;1.073;0;1;0;0;1;1;0;0;0;1;0;278;42;158;85;0;81
58.78;935;25;25;1;5.4;92;0;55;15;0;54;5;0.46;1.0;1.0;0;0;15;3.12;0.6;2.62;4.2;345;128;14.47;15.52;1.073;0;1;0;0;1;1;0;0;0;1;0;278;42;157;85;0;81
59.17;845;23;23;1;5.2;92;0;55;15;0;54;4;0.45;1.0;1.0;0;0;15;2.88;0.6;2.54;3.7;345;128;14.47;17.32;1.197;0;1;0;0;1;1;0;0;0;1;0;277;42;157;85;0;40
59.57;973;27;27;1;5.76;91;0;55;15;0;55;5;0.48;1.0;1.0;0;0;15;3.38;0.6;2.76;4.7;345;128;14.47;17.32;1.197;0;1;0;0;1;1;0;0;0;1;0;287;42;158;85;0;82
59.98;986;25;25;0;5.48;91;0;55;15;0;54;5;0.47;1.0;1.0;0;0;15;3.12;0.0;2.65;4.5;345;128;14.47;17.32;1.197;0;1;0;0;1;1;0;0;0;1;0;280;41;159;84;0;82
60.38;948;23;23;1;5.06;91;0;55;15;0;53;5;0.44;1.0;1.0;0;0;15;2.88;0.6;2.48;4.0;345;128;14.47;17.02;1.176;0;1;0;0;1;1;0;0;0;1;0;271;42;159;84;0;77
60.78;973;23;23;1;4.98;91;0;55;15;0;53;5;0.45;1.0;1.0;0;0;15;2.88;0.6;2.45;4.0;345;128;14.47;17.02;1.176;0;1;0;0;1;1;0;0;0;1;0;269;42;159;84;0;77
61.2;871;23;23;1;5.08;91;0;55;15;0;53;4;0.43;1.0;1.0;0;0;15;2.88;0.6;2.49;3.7;345;128;14.47;15.62;1.079;0;1;0;0;1;1;0;0;0;1;0;275;42;159;84;0;82
61.6;922;26;26;1;5.48;91;0;55;15;0;55;5;0.48;1.0;1.0;0;0;15;3.25;0.6;2.65;4.2;345;128;14.47;15.62;1.079;0;1;0;0;1;1;0;0;0;1;0;288;42;159;84;0;82
61.99;999;25;25;1;5.31;91;0;55;15;0;54;5;0.47;1.0;1.0;0;0;15;3.12;0.6;2.58;4.4;345;128;14.47;15.62;1.079;0;1;0;0;1;1;0;0;0;1;0;280;42;159;84;0;82
62.39;986;24;24;1;5.22;90;0;55;15;0;54;5;0.47;1.0;1.0;0;0;15;3.0;0.6;2.54;4.3;345;128;14.47;15.22;1.052;0;1;0;0;1;1;0;0;0;1;0;278;42;159;85;0;40
62.8;986;25;25;1;5.27;90;0;55;15;0;54;5;0.47;1.0;1.0;0;0;15;3.12;0.6;2.56;4.3;345;128;14.47;15.22;1.052;0;1;0;0;1;1;0;0;0;1;0;281;42;160;85;0;82
63.19;1012;25;25;1;5.3;90;0;55;15;0;54;5;0.47;1.0;1.0;0;0;15;3.12;0.6;2.57;4.5;345;128;14.47;14.82;1.024;0;1;0;0;1;1;0;0;0;1;0;278;42;160;85;0;81
63.4;948;23;23;1;4.98;91;0;55;15;0;53;5;0.44;1.0;1.0;0;0;15;2.88;0.6;2.45;3.9;345;128;14.47;14.82;1.024;0;1;0;0;1;1;0;0;0;1;0;272;42;159;85;0;81
63.81;948;25;25;1;5.27;90;0;55;15;0;54;5;0.46;1.0;1.0;0;0;15;3.12;0.6;2.56;4.2;345;128;14.47;14.82;1.024;0;1;0;0;1;1;0;0;0;1;0;277;42;160;85;0;81
64.22;948;25;25;1;5.25;90;0;55;15;0;54;5;0.46;1.0;1.0;0;0;15;3.12;0.6;2.55;4.1;345;128;14.47;16.62;1.149;0;1;0;0;1;1;0;0;0;1;0;277;42;160;85;0;81
64.6;922;24;24;1;5.17;90;0;55;15;0;54;5;0.46;1.0;1.0;0;0;15;3.0;0.6;2.52;4.0;345;128;14.47;16.62;1.149;0;1;0;0;1;1;0;0;0;1;0;282;42;160;85;0;82
65.01;948;23;23;1;4.97;90;0;55;15;0;54;5;0.46;1.0;1.0;0;0;15;2.88;0.6;2.44;3.9;345;128;14.47;16.62;1.149;0;1;0;0;1;1;0;0;0;1;0;276;42;160;85;0;81
65.41;935;22;22;1;4.75;90;0;55;15;0;53;4;0.44;1.0;1.0;0;0;15;2.75;0.6;2.35;3.7;345;128;14.7;17.71;1.205;0;1;0;0;1;1;0;0;0;1;0;274;42;160;85;0;78
65.81;871;23;23;1;4.9;90;0;55;15;0;53;4;0.43;1.0;1.0;0;0;15;2.88;0.6;2.41;3.6;345;128;14.47;17.71;1.224;0;1;0;0;1;1;0;0;0;1;0;275;42;159;85;0;40
66.21;935;25;25;1;5.2;90;0;55;15;0;54;5;0.46;1.0;1.0;0;0;15;3.12;0.6;2.53;4.1;345;128;14.47;16.41;1.134;0;1;0;0;1;1;0;0;0;1;0;276;42;159;85;0;41
66.61;922;24;24;1;5.0;90;0;55;15;0;54;4;0.46;1.0;1.0;0;0;15;3.0;0.6;2.45;3.8;345;128;14.47;16.41;1.134;0;1;0;0;1;1;0;0;0;1;0;280;42;158;86;0;82
67.02;845;24;24;1;5.03;91;0;55;15;0;54;4;0.45;1.0;1.0;0;0;15;3.0;0.6;2.47;3.5;345;128;14.47;16.41;1.134;0;1;0;0;1;1;0;0;0;1;0;278;42;159;86;0;82
67.42;1037;27;27;1;5.51;91;0;55;15;0;55;6;0.5;1.0;1.0;0;0;15;3.38;0.6;2.66;4.8;345;128;14.7;16.41;1.116;0;1;0;0;1;1;0;0;0;1;0;287;42;159;86;0;40
67.83;1012;22;22;1;4.72;90;0;55;15;0;52;5;0.43;1.0;1.0;0;0;15;2.75;0.6;2.34;4.0;345;128;14.7;16.41;1.116;0;1;0;0;1;1;0;0;0;1;0;267;42;161;86;0;77
68.23;948;23;23;1;4.81;91;0;55;15;0;53;5;0.44;1.0;1.0;0;0;15;2.88;0.6;2.38;3.8;345;128;14.47;15.12;1.045;0;1;0;0;1;1;0;0;0;1;0;272;42;159;86;0;77
68.62;884;24;24;1;4.97;90;0;55;15;0;54;4;0.45;1.0;1.0;0;0;15;3.0;0.6;2.44;3.7;345;128;14.47;15.12;1.045;0;1;0;0;1;1;0;0;0;1;0;278;42;160;86;0;82
69.03;922;25;25;1;5.12;90;0;55;15;0;54;5;0.46;1.0;1.0;0;0;15;3.12;0.6;2.5;3.9;345;128;14.47;15.12;1.045;0;1;0;0;1;1;0;0;0;1;0;280;42;161;86;0;82
69.24;986;23;23;1;4.87;90;0;55;15;0;53;5;0.45;1.0;1.0;0;0;15;2.88;0.6;2.4;4.0;345;128;14.47;15.62;1.079;0;1;0;0;1;1;0;0;0;1;0;269;42;160;87;0;77
69.63;1050;23;23;1;4.95;90;0;55;15;0;52;5;0.44;1.0;1.0;0;0;15;2.88;0.6;2.43;4.3;345;128;14.7;15.62;1.063;0;1;0;0;1;1;0;0;0;1;0;266;42;161;87;0;77
70.04;973;24;24;1;5.02;90;0;55;15;0;53;5;0.45;1.0;1.0;0;0;15;3.0;0.6;2.46;4.1;345;128;14.47;15.62;1.079;0;1;0;0;1;1;0;0;0;1;0;272;42;161;87;0;77
70.44;973;24;24;0;5.17;90;0;55;15;0;53;5;0.45;1.0;1.0;0;0;15;3.0;0.0;2.52;4.2;345;128;14.47;17.41;1.203;0;1;0;0;1;1;0;0;0;1;0;274;41;161;87;0;77
70.85;948;25;25;1;5.22;90;0;55;15;0;54;5;0.46;1.0;1.0;0;0;15;3.12;0.6;2.54;4.1;345;128;14.47;17.41;1.203;0;1;0;0;1;1;0;0;0;1;0;280;42;161;87;0;146
71.25;1037;23;23;1;4.96;91;0;55;15;0;52;5;0.44;1.0;1.0;0;0;15;2.88;0.6;2.44;4.3;345;128;14.7;15.71;1.069;0;1;0;0;1;1;0;0;0;1;0;267;42;159;87;0;77
71.63;973;22;22;1;4.72;90;0;55;15;0;52;4;0.43;1.0;1.0;0;0;15;2.75;0.6;2.34;3.8;345;128;14.7;15.71;1.069;0;1;0;0;1;1;0;0;0;1;0;262;42;161;87;0;77
72.05;948;21;21;1;4.67;90;0;55;15;0;52;4;0.42;1.0;1.0;0;0;15;2.62;0.6;2.32;3.7;345;128;14.7;15.71;1.069;0;1;0;0;1;1;0;0;0;1;0;265;42;160;87;0;77
72.45;948;23;23;1;4.9;90;0;55;15;0;53;4;0.44;1.0;1.0;0;0;15;2.88;0.6;2.41;3.9;345;128;14.47;14.52;1.003;0;1;0;0;1;1;0;0;0;1;0;271;42;161;86;0;77
72.84;973;23;23;1;4.95;90;0;55;15;0;53;5;0.45;1.0;1.0;0;0;15;2.88;0.6;2.43;4.0;345;128;14.47;14.52;1.003;0;1;0;0;1;1;0;0;0;1;0;269;42;161;86;0;78
73.24;871;21;21;1;4.57;90;0;55;15;0;52;4;0.41;1.0;1.0;0;0;15;2.62;0.6;2.28;3.3;345;128;14.7;14.92;1.015;0;1;0;0;1;1;0;0;0;1;0;265;42;161;87;0;77
73.65;884;21;21;1;4.6;90;0;55;15;0;52;4;0.41;1.0;1.0;0;0;15;2.62;0.6;2.29;3.4;345;128;14.7;14.92;1.015;0;1;0;0;1;1;0;0;0;1;0;265;42;161;87;0;77
74.05;807;22;22;1;4.87;90;0;55;15;0;53;4;0.43;1.0;1.0;0;0;15;2.75;0.6;2.4;3.3;345;128;14.7;14.92;1.015;0;1;0;0;1;1;0;0;0;1;0;275;42;161;86;0;77
74.46;973;24;24;1;5.06;89;0;55;15;0;53;5;0.45;1.0;1.0;0;0;15;3.0;0.6;2.47;4.1;345;128;14.47;15.41;1.065;0;1;0;0;1;1;0;0;0;1;0;272;42;161;87;0;40
74.87;935;21;21;1;4.56;91;0;55;15;0;52;4;0.42;1.0;1.0;0;0;15;2.62;0.6;2.28;3.6;345;128;14.7;15.41;1.048;0;1;0;0;1;1;0;0;0;1;0;260;42;159;87;0;77
75.26;884;21;21;1;4.6;90;0;55;15;0;52;4;0.41;1.0;1.0;0;0;15;2.62;0.6;2.29;3.4;345;128;14.7;14.62;0.995;0;1;0;0;1;1;0;0;0;1;0;263;42;161;87;0;77
75.45;832;22;22;1;4.75;90;0;55;15;0;53;4;0.42;1.0;1.0;0;0;15;2.75;0.6;2.35;3.3;345;128;14.7;14.62;0.995;0;1;0;0;1;1;0;0;0;1;0;273;42;161;87;0;77
75.87;820;24;24;1;5.1;90;0;55;15;0;54;4;0.45;1.0;1.0;0;0;15;3.0;0.6;2.49;3.5;345;128;14.47;14.62;1.01;0;1;0;0;1;1;0;0;0;1;0;278;42;161;86;0;86
76.27;871;21;21;1;4.62;90;0;55;15;0;52;4;0.41;1.0;1.0;0;0;15;2.62;0.6;2.3;3.4;345;128;14.7;14.52;0.988;0;1;0;0;1;1;0;0;0;1;0;264;42;161;87;0;77
76.67;845;19;19;1;4.22;90;0;55;15;0;51;3;0.38;1.0;1.0;0;0;15;2.38;0.6;2.14;3.0;345;128;14.7;14.52;0.988;0;1;0;0;1;1;0;0;0;1;0;259;42;161;87;0;76
77.06;832;20;20;1;4.5;90;0;55;15;0;52;3;0.41;1.0;1.0;0;0;15;2.5;0.6;2.25;3.1;345;128;14.7;14.52;0.988;0;1;0;0;1;1;0;0;0;1;0;265;42;160;87;0;77
77.46;820;22;22;1;4.73;89;0;55;15;0;53;4;0.42;1.0;1.0;0;0;15;2.75;0.6;2.34;3.2;345;128;14.7;15.32;1.042;0;1;0;0;1;1;0;0;0;1;0;270;42;162;87;0;78
77.88;884;20;20;1;4.5;90;0;55;15;0;52;4;0.41;1.0;1.0;0;0;15;2.5;0.6;2.25;3.3;345;128;14.7;15.32;1.042;0;1;0;0;1;1;0;0;0;1;0;261;42;161;87;0;77
78.28;845;21;21;1;4.52;90;0;55;15;0;52;3;0.41;1.0;1.0;0;0;15;2.62;0.6;2.26;3.2;345;128;14.7;15.62;1.063;0;1;0;0;1;1;0;0;0;1;0;264;42;161;87;0;77
78.67;807;22;22;1;4.72;90;0;55;15;0;53;4;0.43;1.0;1.0;0;0;15;2.75;0.6;2.34;3.2;345;128;14.7;15.62;1.063;0;1;0;0;1;1;0;0;0;1;0;268;42;161;87;0;77
79.07;832;22;22;1;4.67;90;0;55;15;0;52;4;0.41;1.0;1.0;0;0;15;2.75;0.6;2.32;3.2;345;128;14.7;15.62;1.063;0;1;0;0;1;1;0;0;0;1;0;267;42;161;86;0;77
79.47;820;21;21;1;4.57;90;0;55;15;0;52;4;0.41;1.0;1.0;0;0;15;2.62;0.6;2.28;3.1;345;128;14.7;16.71;1.137;0;1;0;0;1;1;0;0;0;1;0;265;42;160;87;0;77
79.88;820;21;21;1;4.55;90;0;55;15;0;52;4;0.41;1.0;1.0;0;0;15;2.62;0.6;2.27;3.1;345;128;14.7;16.71;1.137;0;1;0;0;1;1;0;0;0;1;0;263;42;161;87;0;77
80.29;832;21;21;1;4.53;89;0;55;15;0;52;4;0.41;1.0;1.0;0;0;15;2.62;0.6;2.26;3.1;345;128;14.7;15.11;1.028;0;1;0;0;1;1;0;0;0;1;0;266;42;162;87;0;77
80.67;845;22;22;1;4.72;90;0;55;15;0;53;4;0.42;1.0;1.0;0;0;15;2.75;0.6;2.34;3.3;345;128;14.7;15.11;1.028;0;1;0;0;1;1;0;0;0;1;0;268;42;161;87;0;77
81.07;871;21;21;1;4.55;90;0;55;15;0;52;4;0.41;1.0;1.0;0;0;15;2.62;0.6;2.27;3.3;345;128;14.7;15.11;1.028;0;1;0;0;1;1;0;0;0;1;0;263;42;161;86;0;40
81.5;781;20;20;1;4.5;90;0;55;15;0;52;3;0.41;1.0;1.0;0;0;15;2.5;0.6;2.25;2.9;345;128;14.7;14.41;0.98;0;1;0;0;1;1;0;0;0;1;0;263;42;161;86;0;76
81.69;807;22;22;1;4.77;90;0;55;15;0;53;4;0.43;1.0;1.0;0;0;15;2.75;0.6;2.36;3.2;345;128;14.7;14.41;0.98;0;1;0;0;1;1;0;0;0;1;0;268;42;161;86;0;82
82.09;871;21;21;1;4.6;90;0;55;15;0;52;4;0.41;1.0;1.0;0;0;15;2.62;0.6;2.29;3.3;345;128;14.7;14.41;0.98;0;1;0;0;1;1;0;0;0;1;0;267;42;161;86;0;77
82.49;871;21;21;1;4.55;90;0;55;15;0;52;4;0.41;1.0;1.0;0;0;15;2.62;0.6;2.27;3.3;345;128;14.7;15.02;1.022;0;1;0;0;1;1;0;0;0;1;0;260;42;161;86;0;77
82.89;756;21;21;1;4.52;90;0;55;15;0;52;3;0.41;1.0;1.0;0;0;15;2.62;0.6;2.26;2.8;345;128;14.7;15.02;1.022;0;1;0;0;1;1;0;0;0;1;0;262;42;160;86;0;77
83.31;832;22;22;1;4.77;90;0;55;15;0;53;4;0.42;1.0;1.0;0;0;15;2.75;0.6;2.36;3.3;345;128;14.7;16.52;1.124;0;1;0;0;1;1;0;0;0;1;0;268;42;161;86;0;77
83.7;832;20;20;1;4.5;90;0;55;15;0;52;3;0.41;1.0;1.0;0;0;15;2.5;0.6;2.25;3.1;345;128;14.7;16.52;1.124;0;1;0;0;1;1;0;0;0;1;0;267;42;161;86;0;77
84.1;781;21;21;1;4.53;89;0;55;15;0;52;3;0.41;1.0;1.0;0;0;15;2.62;0.6;2.26;2.9;345;128;14.7;16.52;1.124;0;1;0;0;1;1;0;0;0;1;0;267;42;162;86;0;77
84.5;820;21;21;1;4.57;90;0;55;15;0;52;4;0.41;1.0;1.0;0;0;15;2.62;0.6;2.28;3.1;345;128;14.7;17.41;1.184;0;1;0;0;1;1;0;0;0;1;0;264;42;161;86;0;77
84.91;845;22;22;1;4.78;87;0;55;15;0;53;4;0.42;1.0;1.0;0;0;15;2.75;0.6;2.35;3.4;345;128;14.7;17.41;1.184;0;1;0;0;1;1;0;0;0;1;0;269;42;165;86;0;77
85.31;845;22;22;1;4.66;87;0;55;15;0;53;4;0.42;1.0;1.0;0;0;15;2.75;0.6;2.3;3.3;345;128;14.7;15.41;1.048;0;1;0;0;1;1;0;0;0;1;0;270;42;164;86;0;77
85.7;807;21;21;1;4.51;87;0;55;15;0;52;3;0.41;1.0;1.0;0;0;15;2.62;0.6;2.24;3.0;345;128;14.7;15.41;1.048;0;1;0;0;1;1;0;0;0;1;0;267;42;164;86;0;77
86.1;807;20;20;1;4.46;87;0;55;15;0;52;3;0.41;1.0;1.0;0;0;15;2.5;0.6;2.22;3.0;345;128;14.7;15.41;1.048;0;1;0;0;1;1;0;0;0;1;0;262;42;165;86;0;38
86.5;807;22;22;1;4.73;87;0;55;15;0;53;4;0.43;1.0;1.0;0;0;15;2.75;0.6;2.33;3.2;345;128;14.7;14.62;0.995;0;1;0;0;1;1;0;0;0;1;0;268;42;164;86;0;77
86.92;807;22;22;1;4.68;87;0;55;15;0;53;4;0.43;1.0;1.0;0;0;15;2.75;0.6;2.31;3.1;345;128;14.7;14.62;0.995;0;1;0;0;1;1;0;0;0;1;0;270;42;164;86;0;77
87.31;781;20;20;1;4.46;87;0;55;15;0;52;3;0.41;1.0;1.0;0;0;15;2.5;0.6;2.22;2.9;345;128;14.7;15.32;1.042;0;1;0;0;1;1;0;0;0;1;0;264;42;164;86;0;81
87.71;807;21;21;1;4.58;87;0;55;15;0;52;3;0.41;1.0;1.0;0;0;15;2.62;0.6;2.27;3.1;345;128;14.7;15.32;1.042;0;1;0;0;1;1;0;0;0;1;0;265;42;164;86;0;77
87.93;730;20;20;1;4.46;87;0;55;15;0;52;3;0.41;1.0;1.0;0;0;15;2.5;0.6;2.22;2.7;345;128;14.7;15.32;1.042;0;1;0;0;1;1;0;0;0;1;0;265;42;164;86;0;39
88.32;845;22;22;1;4.68;87;0;55;15;0;53;4;0.42;1.0;1.0;0;0;15;2.75;0.6;2.31;3.3;345;128;14.7;16.71;1.137;0;1;0;0;1;1;0;0;0;1;0;268;42;164;86;0;38
88.71;845;21;21;1;4.57;88;0;55;15;0;52;3;0.41;1.0;1.0;0;0;15;2.62;0.6;2.27;3.2;345;128;14.7;16.71;1.137;0;1;0;0;1;1;0;0;0;1;0;262;42;163;86;0;77
89.12;781;22;22;1;4.73;87;0;55;15;0;53;3;0.43;1.0;1.0;0;0;15;2.75;0.6;2.33;3.1;345;128;14.7;16.71;1.137;0;1;0;0;1;1;0;0;0;1;0;269;42;164;86;0;40
89.54;807;21;21;1;4.51;87;0;55;15;0;52;3;0.41;1.0;1.0;0;0;15;2.62;0.6;2.24;3.0;345;128;14.7;17.32;1.178;0;1;0;0;1;1;0;0;0;1;0;265;42;164;86;0;73
89.93;768;21;21;1;4.51;87;0;55;15;0;52;3;0.41;1.0;1.0;0;0;15;2.62;0.6;2.24;2.9;345;128;14.7;17.32;1.178;0;1;0;0;1;1;0;0;0;1;0;262;42;164;86;0;77
90.33;845;23;23;1;4.83;87;0;55;15;0;53;4;0.42;1.0;1.0;0;0;15;2.88;0.6;2.37;3.4;345;128;14.47;17.21;1.189;0;1;0;0;1;1;0;0;0;1;0;272;42;164;86;0;146
90.74;845;19;19;1;4.18;87;0;55;15;0;51;3;0.38;1.0;1.0;0;0;15;2.38;0.6;2.11;2.9;345;128;14.7;17.21;1.171;0;1;0;0;1;1;0;0;0;1;0;255;42;164;86;0;76
91.14;756;20;20;1;4.46;87;0;55;15;0;52;3;0.41;1.0;1.0;0;0;15;2.5;0.6;2.22;2.8;345;128;14.7;17.21;1.171;0;1;0;0;1;1;0;0;0;1;0;262;42;164;86;0;77
91.54;768;22;22;1;4.75;88;0;55;15;0;53;3;0.43;1.0;1.0;0;0;15;2.75;0.6;2.34;3.0;345;128;14.7;15.12;1.029;0;1;0;0;1;1;0;0;0;1;0;275;42;163;86;0;81
91.94;781;23;23;1;4.98;87;0;55;15;0;54;4;0.45;1.0;1.0;0;0;15;2.88;0.6;2.43;3.2;345;128;14.47;15.12;1.045;0;1;0;0;1;1;0;0;0;1;0;277;42;164;86;0;81
92.33;871;21;21;1;4.63;87;0;55;15;0;52;4;0.41;1.0;1.0;0;0;15;2.62;0.6;2.29;3.4;345;128;14.7;14.81;1.007;0;1;0;0;1;1;0;0;0;1;0;262;42;165;86;0;77
92.74;781;19;19;1;4.18;87;0;55;15;0;51;3;0.39;1.0;1.0;0;0;15;2.38;0.6;2.11;2.7;345;128;14.7;14.81;1.007;0;1;0;0;1;1;0;0;0;1;0;259;42;164;86;0;70
93.14;820;21;21;1;4.48;87;0;55;15;0;52;3;0.41;1.0;1.0;0;0;15;2.62;0.6;2.23;3.1;345;128;14.7;14.81;1.007;0;1;0;0;1;1;0;0;0;1;0;262;42;164;86;0;77
93.55;832;22;22;1;4.71;87;0;55;15;0;52;4;0.41;1.0;1.0;0;0;15;2.75;0.6;2.32;3.3;345;128;14.7;16.22;1.103;0;1;0;0;1;1;0;0;0;1;0;266;42;165;86;0;77
93.75;871;21;21;0;4.63;87;0;55;15;0;52;4;0.41;1.0;1.0;0;0;15;2.62;0.0;2.29;3.4;345;128;14.7;16.22;1.103;0;1;0;0;1;1;0;0;0;1;0;262;41;164;86;0;73
94.16;832;21;21;1;4.51;87;0;55;15;0;52;4;0.41;1.0;1.0;0;0;15;2.62;0.6;2.24;3.1;345;128;14.7;16.22;1.103;0;1;0;0;1;1;0;0;0;1;0;260;42;164;85;0;76
94.54;781;22;22;1;4.68;87;0;55;15;0;53;3;0.43;1.0;1.0;0;0;15;2.75;0.6;2.31;3.0;345;128;14.7;17.02;1.158;0;1;0;0;1;1;0;0;0;1;0;272;42;165;86;0;77
94.96;884;21;21;1;4.52;88;0;55;15;0;52;4;0.41;1.0;1.0;0;0;15;2.62;0.6;2.25;3.3;345;128;14.7;17.02;1.158;0;1;0;0;1;1;0;0;0;1;0;267;42;165;86;0;40
95.36;896;21;21;1;4.51;87;0;55;15;0;52;4;0.41;1.0;1.0;0;0;15;2.62;0.6;2.24;3.4;345;128;14.7;14.81;1.007;0;1;0;0;1;1;0;0;0;1;0;263;42;165;86;0;77
95.76;884;21;21;1;4.51;87;0;55;15;0;52;4;0.41;1.0;1.0;0;0;15;2.62;0.6;2.24;3.3;345;128;14.7;14.81;1.007;0;1;0;0;1;1;0;0;0;1;0;263;42;164;85;0;76
96.16;807;21;21;1;4.48;87;0;55;15;0;52;3;0.41;1.0;1.0;0;0;15;2.62;0.6;2.23;3.0;345;128;14.7;14.81;1.007;0;1;0;0;1;1;0;0;0;1;0;263;42;164;86;0;77
96.55;781;21;21;1;4.56;87;0;55;15;0;52;3;0.41;1.0;1.0;0;0;15;2.62;0.6;2.26;3.0;345;128;14.7;14.62;0.995;0;1;0;0;1;1;0;0;0;1;0;266;42;165;86;0;39
96.97;845;22;22;1;4.68;87;0;55;15;0;53;4;0.42;1.0;1.0;0;0;15;2.75;0.6;2.31;3.3;345;128;14.7;14.62;0.995;0;1;0;0;1;1;0;0;0;1;0;271;42;165;86;0;77
97.35;884;21;21;1;4.63;87;0;55;15;0;52;4;0.41;1.0;1.0;0;0;15;2.62;0.6;2.29;3.4;345;128;14.7;14.42;0.981;0;1;0;0;1;1;0;0;0;1;0;265;42;165;85;0;77
97.77;807;21;21;1;4.51;87;0;55;15;0;52;3;0.41;1.0;1.0;0;0;15;2.62;0.6;2.24;3.0;345;128;14.7;14.42;0.981;0;1;0;0;1;1;0;0;0;1;0;263;42;165;86;0;86
98.17;781;20;20;1;4.46;87;0;55;15;0;52;3;0.41;1.0;1.0;0;0;15;2.5;0.6;2.22;2.9;345;128;14.7;14.42;0.981;0;1;0;0;1;1;0;0;0;1;0;262;42;165;86;0;77
98.57;832;21;21;1;4.51;87;0;55;15;0;52;3;0.41;1.0;1.0;0;0;15;2.62;0.6;2.24;3.1;345;128;14.7;15.72;1.069;0;1;0;0;1;1;0;0;0;1;0;266;42;165;86;0;77
98.96;807;21;21;1;4.48;87;0;55;15;0;52;3;0.41;1.0;1.0;0;0;15;2.62;0.6;2.23;3.0;345;128;14.7;15.72;1.069;0;1;0;0;1;1;0;0;0;1;0;266;42;165;86;0;50
99.38;781;22;22;1;4.73;87;0;55;15;0;53;4;0.43;1.0;1.0;0;0;15;2.75;0.6;2.33;3.1;345;128;14.7;16.21;1.103;0;1;0;0;1;1;0;0;0;1;0;268;42;165;86;0;77
99.76;845;22;22;1;4.76;87;0;55;15;0;53;4;0.42;1.0;1.0;0;0;15;2.75;0.6;2.34;3.4;345;128;14.7;16.21;1.103;0;1;0;0;1;1;0;0;0;1;0;271;42;164;85;0;77
99.98;832;21;21;1;4.51;87;0;55;15;0;52;3;0.41;1.0;1.0;0;0;15;2.62;0.6;2.24;3.1;345;128;14.7;16.21;1.103;0;1;0;0;1;1;0;0;0;1;0;264;42;164;85;0;72
100.38;807;20;20;1;4.38;87;0;55;15;0;52;3;0.41;1.0;1.0;0;0;15;2.5;0.6;2.19;2.9;345;128;14.7;15.41;1.048;0;1;0;0;1;1;0;0;0;1;0;260;42;165;85;0;146
100.78;781;21;21;1;4.56;87;0;55;15;0;52;3;0.41;1.0;1.0;0;0;15;2.62;0.6;2.26;3.0;345;128;14.7;15.41;1.048;0;1;0;0;1;1;0;0;0;1;0;264;42;165;85;0;76
101.17;845;21;21;1;4.51;87;0;55;15;0;52;3;0.41;1.0;1.0;0;0;15;2.62;0.6;2.24;3.2;345;128;14.7;15.41;1.048;0;1;0;0;1;1;0;0;0;1;0;267;42;165;85;0;77
101.57;756;21;21;1;4.58;87;0;55;15;0;52;3;0.41;1.0;1.0;0;0;15;2.62;0.6;2.27;2.9;345;128;14.7;14.71;1.001;0;1;0;0;1;1;0;0;0;1;0;267;42;165;85;0;50
101.98;845;22;22;1;4.73;87;0;55;15;0;53;4;0.42;1.0;1.0;0;0;15;2.75;0.6;2.33;3.3;345;128;14.7;14.71;1.001;0;1;0;0;1;1;0;0;0;1;0;272;42;164;85;0;77
102.39;768;20;20;1;4.43;87;0;55;15;0;52;3;0.41;1.0;1.0;0;0;15;2.5;0.6;2.21;2.8;345;128;14.7;14.72;1.001;0;1;0;0;1;1;0;0;0;1;0;263;42;165;85;0;76
102.78;807;21;21;1;4.51;87;0;55;15;0;52;3;0.41;1.0;1.0;0;0;15;2.62;0.6;2.24;3.0;345;128;14.7;14.72;1.001;0;1;0;0;1;1;0;0;0;1;0;261;42;164;85;0;77
103.18;845;21;21;1;4.61;87;0;55;15;0;52;4;0.41;1.0;1.0;0;0;15;2.62;0.6;2.28;3.2;345;128;14.7;14.72;1.001;0;1;0;0;1;1;0;0;0;1;0;262;42;164;85;0;73
103.59;845;21;21;1;4.58;87;0;55;15;0;52;4;0.41;1.0;1.0;0;0;15;2.62;0.6;2.27;3.2;345;128;14.7;17.02;1.158;0;1;0;0;1;1;0;0;0;1;0;264;42;165;85;0;77
103.98;717;20;20;1;4.41;87;0;55;15;0;52;3;0.41;1.0;1.0;0;0;15;2.5;0.6;2.2;2.6;345;128;14.7;17.02;1.158;0;1;0;0;1;1;0;0;0;1;0;263;42;165;85;0;77
104.39;807;21;21;1;4.56;87;0;55;15;0;52;3;0.41;1.0;1.0;0;0;15;2.62;0.6;2.26;3.1;345;128;14.7;16.92;1.151;0;1;0;0;1;1;0;0;0;1;0;264;42;164;85;0;77
104.79;768;21;21;1;4.58;87;0;55;15;0;52;3;0.41;1.0;1.0;0;0;15;2.62;0.6;2.27;2.9;345;128;14.7;16.92;1.151;0;1;0;0;1;1;0;0;0;1;0;263;42;164;85;0;38
105.19;845;21;21;1;4.57;88;0;55;15;0;52;3;0.41;1.0;1.0;0;0;15;2.62;0.6;2.27;3.2;345;128;14.7;16.92;1.151;0;1;0;0;1;1;0;0;0;1;0;262;42;163;85;0;77
105.59;807;21;21;1;4.51;87;0;55;15;0;52;3;0.41;1.0;1.0;0;0;15;2.62;0.6;2.24;3.0;345;128;14.7;16.91;1.15;0;1;0;0;1;1;0;0;0;1;0;262;42;164;85;0;146
105.99;820;22;22;11;4.73;87;0;55;26;0;53;4;0.42;1.0;1.0;0;0;15;2.75;6.4;2.33;3.2;345;128;14.7;16.91;1.15;0;1;0;0;1;0;0;0;0;1;0;273;63;164;85;0;78
106.4;1665;45;45;1;8.48;89;0;48;22;0;65;16;0.66;1.0;1.0;0;0;22;5.62;0.6;3.84;11.8;345;128;14.7;10.11;0.688;0;1;0;0;1;1;0;0;0;1;0;361;42;162;85;0;89
106.61;1511;15;15;1;3.61;89;0;61;20;0;45;5;0.36;1.0;1.0;0;0;9;1.88;0.6;1.89;4.5;345;128;14.7;10.11;0.688;0;1;0;0;1;1;0;0;0;1;0;208;42;162;85;0;73
107.0;935;18;18;1;4.07;90;0;62;15;0;51;3;0.4;1.0;1.0;0;0;8;2.25;0.6;2.08;3.2;345;128;14.7;10.11;0.688;0;1;0;0;1;1;0;0;0;1;0;252;42;160;84;0;76
107.39;768;27;27;1;5.56;87;0;57;15;0;56;4;0.49;1.0;1.0;0;0;13;3.38;0.6;2.66;3.6;345;128;14.47;24.62;1.701;0;1;0;0;1;1;0;0;0;1;0;293;42;164;85;0;82
107.81;1037;24;24;1;5.03;87;0;55;15;0;53;5;0.45;1.0;1.0;0;0;15;3.0;0.6;2.45;4.3;345;128;14.7;24.62;1.675;0;1;0;0;1;1;0;0;0;1;0;269;42;164;85;0;77
108.21;1037;19;19;1;4.23;87;0;55;15;0;50;4;0.39;1.0;1.0;0;0;15;2.38;0.6;2.13;3.7;345;128;14.7;24.62;1.675;0;1;0;0;1;1;0;0;0;1;0;249;42;164;85;0;38
108.61;999;83;83;33;16;90;0;57;13;0;102;18;0.81;1.0;1.0;0;0;13;10.38;19.2;6.91;13.4;345;128;13.07;16.12;1.233;0;1;0;0;1;0;0;0;0;1;0;642;106;161;85;0;49
109.01;1998;23;23;1;4.82;90;0;50;25;0;50;10;0.44;1.0;1.0;0;0;20;2.88;0.6;2.38;8.0;345;128;14.82;16.12;1.088;0;1;0;0;1;1;0;0;0;1;0;250;42;160;84;0;76
109.41;1332;18;18;1;4.07;88;0;67;18;0;49;5;0.4;1.0;1.0;0;0;3;2.25;0.6;2.07;4.5;345;128;14.7;16.02;1.09;0;1;0;0;1;1;0;0;0;1;0;242;42;163;85;0;75
109.82;999;29;29;1;5.86;89;0;64;15;0;56;6;0.52;1.0;1.0;0;0;6;3.62;0.6;2.79;4.9;345;128;14.47;16.02;1.107;0;1;0;0;1;1;0;0;0;1;0;298;42;162;85;0;83
110.21;1153;28;28;1;5.63;87;0;57;16;0;54;7;0.5;1.0;1.0;0;0;13;3.5;0.6;2.69;5.4;345;128;14.7;16.02;1.09;0;1;0;0;1;1;0;0;0;1;0;283;42;165;85;0;82
110.62;1345;23;23;1;4.85;90;0;53;18;0;51;6;0.45;1.0;1.0;0;0;17;2.88;0.6;2.39;5.4;345;128;14.7;14.21;0.967;0;1;0;0;1;1;0;0;0;1;0;254;42;161;85;0;76
111.02;1255;19;19;1;4.25;88;0;54;17;0;49;5;0.4;1.0;1.0;0;0;16;2.38;0.6;2.14;4.4;345;128;14.7;14.21;0.967;0;1;0;0;1;1;0;0;0;1;0;242;42;163;85;0;75
111.42;1037;22;22;1;4.72;88;0;55;15;0;52;5;0.44;1.0;1.0;0;0;15;2.75;0.6;2.33;4.1;345;128;14.7;16.42;1.117;0;1;0;0;1;1;0;0;0;1;0;262;42;162;85;0;85
111.84;1089;23;23;0;4.83;87;0;55;15;0;52;5;0.45;1.0;1.0;0;0;15;2.88;0.0;2.37;4.4;345;128;14.7;16.42;1.117;0;1;0;0;1;1;0;0;0;1;0;266;41;165;85;0;77
112.23;1114;32;32;24;6.36;89;0;43;39;0;60;7;0.56;1.0;1.0;0;0;27;4.0;14.0;2.99;5.9;345;128;14.7;16.42;1.117;0;1;0;0;1;0;0;0;0;1;0;324;88;162;85;0;85
112.44;2369;46;46;12;8.31;89;0;23;48;0;68;24;0.66;1.0;1.0;0;0;47;5.75;7.0;3.77;16.4;345;128;14.93;11.41;0.764;0;1;0;0;1;0;0;0;0;1;0;382;65;162;84;0;90
112.84;2382;13;13;1;3.22;88;0;39;25;0;41;7;0.34;1.0;1.0;0;0;31;1.62;0.6;1.73;6.4;345;128;14.82;11.41;0.77;0;1;0;0;1;1;0;0;0;1;0;183;42;163;84;0;54
113.24;1601;15;15;1;3.63;89;0;68;22;0;45;5;0.36;1.0;1.0;0;0;2;1.88;0.6;1.9;4.8;345;128;14.7;11.41;0.776;0;1;0;0;1;1;0;0;0;1;0;215;42;162;84;0;70
113.64;948;24;24;1;4.96;87;0;70;15;0;54;5;0.46;1.0;1.0;0;0;0;3.0;0.6;2.42;3.9;345;128;14.47;11.41;0.789;0;1;0;0;1;1;0;0;0;1;0;282;42;164;84;0;40
114.04;922;28;28;1;5.7;88;0;64;15;0;57;6;0.5;1.0;1.0;0;0;6;3.5;0.6;2.72;4.4;345;128;14.47;11.41;0.789;0;1;0;0;1;1;0;0;0;1;0;305;42;163;84;0;84
114.44;1140;27;27;1;5.46;87;0;58;16;0;54;6;0.49;1.0;1.0;0;0;12;3.38;0.6;2.62;5.2;345;128;14.7;14.51;0.987;0;1;0;0;1;1;0;0;0;1;0;283;42;165;84;0;82
114.84;1268;22;22;1;4.77;90;0;53;17;0;51;6;0.45;1.0;1.0;0;0;17;2.75;0.6;2.36;5.0;345;128;14.7;14.51;0.987;0;1;0;0;1;1;0;0;0;1;0;256;42;160;84;0;76
115.24;1140;18;18;1;4.06;87;0;54;16;0;49;4;0.38;1.0;1.0;0;0;16;2.25;0.6;2.06;3.9;345;128;14.7;14.51;0.987;0;1;0;0;1;1;0;0;0;1;0;245;42;164;84;0;75
115.64;999;22;22;1;4.7;88;0;55;15;0;52;5;0.43;1.0;1.0;0;0;15;2.75;0.6;2.32;3.9;345;128;14.7;15.12;1.029;0;1;0;0;1;1;0;0;0;1;0;262;42;163;84;0;77
116.06;1050;21;21;1;4.51;87;0;55;15;0;51;5;0.41;1.0;1.0;0;0;15;2.62;0.6;2.24;3.9;345;128;14.7;15.12;1.029;0;1;0;0;1;1;0;0;0;1;0;258;42;165;84;0;76
116.45;999;20;20;1;4.38;87;0;55;15;0;51;4;0.41;1.0;1.0;0;0;15;2.5;0.6;2.19;3.6;345;128;14.7;15.42;1.049;0;1;0;0;1;1;0;0;0;1;0;254;42;165;84;0;76
116.84;986;21;21;1;4.5;88;0;55;15;0;51;4;0.41;1.0;1.0;0;0;15;2.62;0.6;2.24;3.7;345;128;14.7;15.42;1.049;0;1;0;0;1;1;0;0;0;1;0;259;42;163;84;0;76
117.25;935;20;20;1;4.43;87;0;55;15;0;51;4;0.4;1.0;1.0;0;0;15;2.5;0.6;2.21;3.5;345;128;14.7;15.42;1.049;0;1;0;0;1;1;0;0;0;1;0;257;42;164;84;0;77
117.65;896;20;20;1;4.37;86;0;55;15;0;51;4;0.39;1.0;1.0;0;0;15;2.5;0.6;2.18;3.3;345;128;14.7;15.12;1.029;0;1;0;0;1;1;0;0;0;1;0;257;42;166;84;0;76
118.05;922;21;21;1;4.5;86;0;55;15;0;52;4;0.42;1.0;1.0;0;0;15;2.62;0.6;2.23;3.5;345;128;14.7;15.12;1.029;0;1;0;0;1;1;0;0;0;1;0;262;42;166;84;0;77
118.45;871;22;22;1;4.8;86;0;55;15;0;53;4;0.43;1.0;1.0;0;0;15;2.75;0.6;2.35;3.5;345;128;14.7;16.82;1.144;0;1;0;0;1;1;0;0;0;1;0;268;42;166;84;0;77
118.67;986;22;22;1;4.63;87;0;55;15;0;52;4;0.43;1.0;1.0;0;0;15;2.75;0.6;2.29;3.8;345;128;14.7;16.82;1.144;0;1;0;0;1;1;0;0;0;1;0;261;42;165;84;0;76
119.08;871;20;20;1;4.27;86;0;55;15;0;51;4;0.39;1.0;1.0;0;0;15;2.5;0.6;2.14;3.1;345;128;14.7;16.82;1.144;0;1;0;0;1;1;0;0;0;1;0;258;42;166;84;0;76
119.46;896;19;19;1;4.21;87;0;55;15;0;51;3;0.39;1.0;1.0;0;0;15;2.38;0.6;2.12;3.1;345;128;14.7;15.91;1.082;0;1;0;0;1;1;0;0;0;1;0;259;42;164;84;0;73
119.86;871;21;21;1;4.51;87;0;55;15;0;52;4;0.41;1.0;1.0;0;0;15;2.62;0.6;2.24;3.3;345;128;14.7;15.91;1.082;0;1;0;0;1;1;0;0;0;1;0;265;42;165;84;0;77
120.28;884;21;21;1;4.48;87;0;55;15;0;52;4;0.41;1.0;1.0;0;0;15;2.62;0.6;2.23;3.3;345;128;14.7;14.31;0.973;0;1;0;0;1;1;0;0;0;1;0;266;42;165;83;0;74
120.68;871;22;22;1;4.56;87;0;55;15;0;52;4;0.41;1.0;1.0;0;0;15;2.75;0.6;2.26;3.3;345;128;14.7;14.31;0.973;0;1;0;0;1;1;0;0;0;1;0;266;42;165;84;0;77
121.08;832;21;21;1;4.46;87;0;55;15;0;52;3;0.41;1.0;1.0;0;0;15;2.62;0.6;2.22;3.1;345;128;14.7;14.31;0.973;0;1;0;0;1;1;0;0;0;1;0;267;42;165;83;0;77
121.47;871;22;22;1;4.68;87;0;55;15;0;53;4;0.43;1.0;1.0;0;0;15;2.75;0.6;2.31;3.4;345;128;14.7;15.62;1.063;0;1;0;0;1;1;0;0;0;1;0;269;42;165;84;0;77
121.89;884;22;22;1;4.56;87;0;55;15;0;52;4;0.41;1.0;1.0;0;0;15;2.75;0.6;2.26;3.4;345;128;14.7;15.62;1.063;0;1;0;0;1;1;0;0;0;1;0;262;42;165;83;0;77
122.29;871;21;21;1;4.56;87;0;55;15;0;52;4;0.41;1.0;1.0;0;0;15;2.62;0.6;2.26;3.3;345;128;14.7;16.11;1.096;0;1;0;0;1;1;0;0;0;1;0;262;42;165;83;0;77
122.68;807;22;22;1;4.68;87;0;55;15;0;53;4;0.43;1.0;1.0;0;0;15;2.75;0.6;2.31;3.1;345;128;14.7;16.11;1.096;0;1;0;0;1;1;0;0;0;1;0;268;42;165;83;0;77
123.09;832;21;21;1;4.41;87;0;55;15;0;52;3;0.41;1.0;1.0;0;0;15;2.62;0.6;2.2;3.1;345;128;14.7;16.11;1.096;0;1;0;0;1;1;0;0;0;1;0;264;42;164;83;0;77
123.48;807;21;21;1;4.43;87;0;55;15;0;52;3;0.41;1.0;1.0;0;0;15;2.62;0.6;2.21;3.0;345;128;14.7;16.71;1.137;0;1;0;0;1;1;0;0;0;1;0;263;42;165;83;0;77
123.89;807;19;19;1;4.18;87;0;55;15;0;51;3;0.39;1.0;1.0;0;0;15;2.38;0.6;2.11;2.8;345;128;14.7;16.71;1.137;0;1;0;0;1;1;0;0;0;1;0;258;42;165;83;0;76
124.28;807;22;22;1;4.73;87;0;55;15;0;53;4;0.43;1.0;1.0;0;0;15;2.75;0.6;2.33;3.2;345;128;14.7;15.21;1.035;0;1;0;0;1;1;0;0;0;1;0;274;42;164;83;0;77
124.5;935;21;21;1;4.53;87;0;55;15;0;52;4;0.42;1.0;1.0;0;0;15;2.62;0.6;2.25;3.5;345;128;14.7;15.21;1.035;0;1;0;0;1;1;0;0;0;1;0;263;42;165;83;0;77
124.88;871;19;19;1;4.21;87;0;55;15;0;51;3;0.39;1.0;1.0;0;0;15;2.38;0.6;2.12;3.1;345;128;14.7;15.21;1.035;0;1;0;0;1;1;0;0;0;1;0;258;42;165;83;0;76
125.3;768;21;21;1;4.46;87;0;55;15;0;52;3;0.41;1.0;1.0;0;0;15;2.62;0.6;2.22;2.9;345;128;14.7;15.12;1.029;0;1;0;0;1;1;0;0;0;1;0;263;42;165;83;0;77
125.69;807;22;22;1;4.71;87;0;55;15;0;53;4;0.43;1.0;1.0;0;0;15;2.75;0.6;2.32;3.2;345;128;14.7;15.12;1.029;0;1;0;0;1;1;0;0;0;1;0;274;42;165;83;0;78
126.09;845;21;21;1;4.46;87;0;55;15;0;52;3;0.41;1.0;1.0;0;0;15;2.62;0.6;2.22;3.1;345;128;14.7;15.12;1.029;0;1;0;0;1;1;0;0;0;1;0;264;42;165;83;0;77
126.49;820;21;21;1;4.42;86;0;55;15;0;52;3;0.41;1.0;1.0;0;0;15;2.62;0.6;2.2;3.0;345;128;14.7;15.12;1.029;0;1;0;0;1;1;0;0;0;1;0;265;42;166;83;0;77
126.91;820;19;19;1;4.13;87;0;55;15;0;51;3;0.38;1.0;1.0;0;0;15;2.38;0.6;2.09;2.8;345;128;14.7;15.12;1.029;0;1;0;0;1;1;0;0;0;1;0;256;42;165;83;0;76
127.29;781;21;21;1;4.48;87;0;55;15;0;52;3;0.41;1.0;1.0;0;0;15;2.62;0.6;2.23;2.9;345;128;14.7;15.12;1.029;0;1;0;0;1;1;0;0;0;1;0;263;42;165;83;0;77
127.7;845;21;21;1;4.48;87;0;55;15;0;52;3;0.41;1.0;1.0;0;0;15;2.62;0.6;2.23;3.2;345;128;14.7;15.62;1.063;0;1;0;0;1;1;0;0;0;1;0;265;42;165;83;0;77
128.1;807;21;21;1;4.46;87;0;55;15;0;52;3;0.41;1.0;1.0;0;0;15;2.62;0.6;2.22;3.0;345;128;14.7;15.62;1.063;0;1;0;0;1;1;0;0;0;1;0;262;42;165;83;0;77
128.5;781;20;20;1;4.41;87;0;55;15;0;52;3;0.41;1.0;1.0;0;0;15;2.5;0.6;2.2;2.9;345;128;14.7;17.61;1.198;0;1;0;0;1;1;0;0;0;1;0;260;42;165;83;0;77
128.9;820;21;21;1;4.51;87;0;55;15;0;52;3;0.41;1.0;1.0;0;0;15;2.62;0.6;2.24;3.1;345;128;14.7;17.61;1.198;0;1;0;0;1;1;0;0;0;1;0;267;42;165;83;0;77
129.3;820;21;21;1;4.46;86;0;55;15;0;52;3;0.41;1.0;1.0;0;0;15;2.62;0.6;2.21;3.0;345;128;14.7;17.61;1.198;0;1;0;0;1;1;0;0;0;1;0;265;42;166;83;0;73
129.71;820;21;21;1;4.46;87;0;55;15;0;52;4;0.41;1.0;1.0;0;0;15;2.62;0.6;2.22;3.0;345;128;14.7;14.71;1.001;0;1;0;0;1;1;0;0;0;1;0;262;42;165;83;0;77
130.11;768;19;19;1;4.21;87;0;55;15;0;51;3;0.39;1.0;1.0;0;0;15;2.38;0.6;2.12;2.7;345;128;14.7;14.71;1.001;0;1;0;0;1;1;0;0;0;1;0;258;42;165;83;0;76
130.52;820;21;21;1;4.41;87;0;55;15;0;52;3;0.41;1.0;1.0;0;0;15;2.62;0.6;2.2;3.0;345;128;14.7;14.62;0.995;0;1;0;0;1;1;0;0;0;1;0;264;42;163;83;0;70
130.73;807;22;22;1;4.63;87;0;55;15;0;52;4;0.41;1.0;1.0;0;0;15;2.75;0.6;2.29;3.1;345;128;14.7;14.62;0.995;0;1;0;0;1;1;0;0;0;1;0;266;42;165;83;0;77
131.13;832;21;21;1;4.43;87;0;55;15;0;52;3;0.41;1.0;1.0;0;0;15;2.62;0.6;2.21;3.1;345;128;14.7;14.62;0.995;0;1;0;0;1;1;0;0;0;1;0;263;42;165;83;0;77
131.53;756;20;20;1;4.38;87;0;55;15;0;52;3;0.41;1.0;1.0;0;0;15;2.5;0.6;2.19;2.8;345;128;14.7;14.41;0.98;0;1;0;0;1;1;0;0;0;1;0;262;42;165;83;0;76
131.93;832;22;22;1;4.63;87;0;55;15;0;53;4;0.42;1.0;1.0;0;0;15;2.75;0.6;2.29;3.2;345;128;14.7;14.41;0.98;0;1;0;0;1;1;0;0;0;1;0;270;42;165;83;0;77
132.33;871;21;21;1;4.55;86;0;55;15;0;52;4;0.41;1.0;1.0;0;0;15;2.62;0.6;2.25;3.3;345;128;14.7;14.81;1.007;0;1;0;0;1;1;0;0;0;1;0;263;42;166;83;0;77
132.74;807;21;21;1;4.43;87;0;55;15;0;52;3;0.41;1.0;1.0;0;0;15;2.62;0.6;2.21;3.0;345;128;14.7;14.81;1.007;0;1;0;0;1;1;0;0;0;1;0;264;42;165;83;0;85
133.14;756;21;21;1;4.56;87;0;55;15;0;52;3;0.41;1.0;1.0;0;0;15;2.62;0.6;2.26;2.9;345;128;14.7;14.81;1.007;0;1;0;0;1;1;0;0;0;1;0;267;42;164;83;0;77
133.54;832;21;21;1;4.48;87;0;55;15;0;52;4;0.41;1.0;1.0;0;0;15;2.62;0.6;2.23;3.1;345;128;14.7;17.31;1.178;0;1;0;0;1;1;0;0;0;1;0;264;42;164;83;0;77
133.93;871;21;21;1;4.53;87;0;55;15;0;52;4;0.41;1.0;1.0;0;0;15;2.62;0.6;2.25;3.3;345;128;14.7;17.31;1.178;0;1;0;0;1;1;0;0;0;1;0;262;42;165;83;0;77
134.34;768;19;19;1;4.11;87;0;55;15;0;51;3;0.39;1.0;1.0;0;0;15;2.38;0.6;2.08;2.6;345;128;14.7;16.02;1.09;0;1;0;0;1;1;0;0;0;1;0;259;42;165;83;0;76
134.73;807;22;22;1;4.6;86;0;55;15;0;52;4;0.41;1.0;1.0;0;0;15;2.75;0.6;2.27;3.1;345;128;14.7;16.02;1.09;0;1;0;0;1;1;0;0;0;1;0;267;42;166;83;0;77
135.15;845;21;21;1;4.48;87;0;55;15;0;52;3;0.41;1.0;1.0;0;0;15;2.62;0.6;2.23;3.2;345;128;14.7;16.02;1.09;0;1;0;0;1;1;0;0;0;1;0;266;42;165;83;0;77
135.55;896;21;21;1;4.43;87;0;55;15;0;52;4;0.41;1.0;1.0;0;0;15;2.62;0.6;2.21;3.3;345;128;14.7;15.11;1.028;0;1;0;0;1;1;0;0;0;1;0;261;42;165;83;0;73
135.93;756;22;22;1;4.62;86;0;55;15;0;53;3;0.43;1.0;1.0;0;0;15;2.75;0.6;2.28;2.9;345;128;14.7;15.11;1.028;0;1;0;0;1;1;0;0;0;1;0;271;42;166;83;0;77
136.35;845;22;22;1;4.7;86;0;55;15;0;53;4;0.42;1.0;1.0;0;0;15;2.75;0.6;2.31;3.3;345;128;14.7;14.82;1.008;0;1;0;0;1;1;0;0;0;1;0;274;42;166;83;0;77
136.74;845;19;19;1;4.2;86;0;55;15;0;51;3;0.38;1.0;1.0;0;0;15;2.38;0.6;2.11;3.0;345;128;14.7;14.82;1.008;0;1;0;0;1;1;0;0;0;1;0;257;42;166;82;0;76
136.94;807;21;21;1;4.48;87;0;55;15;0;52;3;0.41;1.0;1.0;0;0;15;2.62;0.6;2.23;3.0;345;128;14.7;14.82;1.008;0;1;0;0;1;1;0;0;0;1;0;264;42;165;83;0;70
137.36;820;22;22;1;4.66;87;0;55;15;0;53;4;0.42;1.0;1.0;0;0;15;2.75;0.6;2.3;3.2;345;128;14.7;14.82;1.008;0;1;0;0;1;1;0;0;0;1;0;271;42;165;82;0;77
137.75;884;21;21;1;4.46;87;0;55;15;0;52;4;0.41;1.0;1.0;0;0;15;2.62;0.6;2.22;3.3;345;128;14.7;14.82;1.008;0;1;0;0;1;1;0;0;0;1;0;265;42;165;82;0;77
138.15;845;20;20;1;4.38;87;0;55;15;0;52;3;0.41;1.0;1.0;0;0;15;2.5;0.6;2.19;3.1;345;128;14.7;14.82;1.008;0;1;0;0;1;1;0;0;0;1;0;263;42;165;82;0;38
138.55;756;21;21;1;4.46;87;0;55;15;0;52;3;0.41;1.0;1.0;0;0;15;2.62;0.6;2.22;2.8;345;128;14.7;14.21;0.967;0;1;0;0;1;1;0;0;0;1;0;261;42;164;82;0;77
138.95;756;22;22;1;4.66;87;0;55;15;0;53;3;0.43;1.0;1.0;0;0;15;2.75;0.6;2.3;2.9;345;128;14.7;14.21;0.967;0;1;0;0;1;1;0;0;0;1;0;270;42;165;82;0;78
139.34;807;20;20;1;4.38;87;0;55;15;0;52;3;0.41;1.0;1.0;0;0;15;2.5;0.6;2.19;2.9;345;128;14.7;15.91;1.082;0;1;0;0;1;1;0;0;0;1;0;262;42;165;82;0;146
139.75;781;21;21;1;4.46;87;0;55;15;0;52;3;0.41;1.0;1.0;0;0;15;2.62;0.6;2.22;2.9;345;128;14.7;15.91;1.082;0;1;0;0;1;1;0;0;0;1;0;261;42;165;82;0;77
140.15;820;20;20;1;4.33;87;0;55;15;0;51;3;0.38;1.0;1.0;0;0;15;2.5;0.6;2.17;3.0;345;128;14.7;15.91;1.082;0;1;0;0;1;1;0;0;0;1;0;259;42;165;82;0;77
140.55;820;21;21;1;4.46;86;0;55;15;0;52;3;0.41;1.0;1.0;0;0;15;2.62;0.6;2.21;3.0;345;128;14.7;14.71;1.001;0;1;0;0;1;1;0;0;0;1;0;266;42;166;82;0;77
140.95;845;20;20;1;4.33;87;0;55;15;0;52;3;0.41;1.0;1.0;0;0;15;2.5;0.6;2.17;3.0;345;128;14.7;14.71;1.001;0;1;0;0;1;1;0;0;0;1;0;260;42;165;82;0;77
141.37;768;20;20;1;4.33;87;0;55;15;0;51;3;0.39;1.0;1.0;0;0;15;2.5;0.6;2.17;2.8;345;128;14.7;14.41;0.98;0;1;0;0;1;1;0;0;0;1;0;259;42;165;82;0;77
141.77;781;21;21;1;4.46;87;0;55;15;0;52;3;0.41;1.0;1.0;0;0;15;2.62;0.6;2.22;2.9;345;128;14.7;14.41;0.98;0;1;0;0;1;1;0;0;0;1;0;267;42;165;82;0;77
142.17;807;21;21;1;4.43;87;0;55;15;0;52;3;0.41;1.0;1.0;0;0;15;2.62;0.6;2.21;3.0;345;128;14.7;14.41;0.98;0;1;0;0;1;1;0;0;0;1;0;261;42;165;82;0;77
142.57;781;21;21;1;4.41;87;0;55;15;0;52;3;0.41;1.0;1.0;0;0;15;2.62;0.6;2.2;2.9;345;128;14.7;15.22;1.035;0;1;0;0;1;1;0;0;0;1;0;262;42;165;82;0;73
142.96;884;21;21;1;4.46;87;0;55;15;0;52;4;0.41;1.0;1.0;0;0;15;2.62;0.6;2.22;3.3;345;128;14.7;15.22;1.035;0;1;0;0;1;1;0;0;0;1;0;261;42;165;82;0;77
143.17;756;19;19;1;4.11;87;0;55;15;0;51;3;0.39;1.0;1.0;0;0;15;2.38;0.6;2.08;2.6;345;128;14.7;15.22;1.035;0;1;0;0;1;1;0;0;0;1;0;258;42;165;82;0;76
143.56;820;21;21;1;4.56;87;0;55;15;0;52;3;0.41;1.0;1.0;0;0;15;2.62;0.6;2.26;3.1;345;128;14.7;16.21;1.103;0;1;0;0;1;1;0;0;0;1;0;267;42;165;82;0;77
143.98;781;21;21;1;4.43;87;0;55;15;0;52;3;0.41;1.0;1.0;0;0;15;2.62;0.6;2.21;2.9;345;128;14.7;16.21;1.103;0;1;0;0;1;1;0;0;0;1;0;262;42;164;82;0;77
144.38;781;21;21;1;4.48;87;0;55;15;0;52;3;0.41;1.0;1.0;0;0;15;2.62;0.6;2.23;2.9;345;128;14.7;15.12;1.029;0;1;0;0;1;1;0;0;0;1;0;266;42;165;82;0;77
144.78;845;19;19;1;4.18;87;0;55;15;0;51;3;0.38;1.0;1.0;0;0;15;2.38;0.6;2.11;2.9;345;128;14.7;15.12;1.029;0;1;0;0;1;1;0;0;0;1;0;259;42;165;82;0;76
145.18;768;19;19;1;4.21;87;0;55;15;0;51;3;0.39;1.0;1.0;0;0;15;2.38;0.6;2.12;2.7;345;128;14.7;15.12;1.029;0;1;0;0;1;1;0;0;0;1;0;257;42;165;82;0;85
145.57;768;21;21;1;4.48;87;0;55;15;0;52;3;0.41;1.0;1.0;0;0;15;2.62;0.6;2.23;2.9;345;128;14.7;15.12;1.029;0;1;0;0;1;1;0;0;0;1;0;263;42;164;82;0;77
145.99;807;21;21;1;4.53;87;0;55;15;0;52;3;0.41;1.0;1.0;0;0;15;2.62;0.6;2.25;3.0;345;128;14.7;15.12;1.029;0;1;0;0;1;1;0;0;0;1;0;265;42;165;82;0;39
146.38;820;19;19;1;4.16;87;0;55;15;0;51;3;0.38;1.0;1.0;0;0;15;2.38;0.6;2.1;2.8;345;128;14.7;14.62;0.995;0;1;0;0;1;1;0;0;0;1;0;255;42;164;82;0;70
146.78;717;21;21;1;4.48;89;0;55;15;0;52;3;0.41;1.0;1.0;0;0;15;2.62;0.6;2.24;2.7;345;128;14.7;14.62;0.995;0;1;0;0;1;1;0;0;0;1;0;261;42;162;82;0;77
147.19;768;23;23;1;4.81;89;0;55;15;0;53;4;0.43;1.0;1.0;0;0;15;2.88;0.6;2.37;3.1;345;128;14.47;14.62;1.01;0;1;0;0;1;1;0;0;0;1;0;274;42;164;82;0;38
147.59;832;19;19;1;4.16;87;0;55;15;0;51;3;0.38;1.0;1.0;0;0;15;2.38;0.6;2.1;2.9;345;128;14.7;15.82;1.076;0;1;0;0;1;1;0;0;0;1;0;257;42;164;82;0;76
148.0;756;19;19;1;4.18;87;0;55;15;0;51;3;0.39;1.0;1.0;0;0;15;2.38;0.6;2.11;2.6;345;128;14.7;15.82;1.076;0;1;0;0;1;1;0;0;0;1;0;255;42;164;82;0;76
148.38;717;22;22;1;4.71;87;0;55;15;0;53;3;0.43;1.0;1.0;0;0;15;2.75;0.6;2.32;2.8;345;128;14.7;17.02;1.158;0;1;0;0;1;1;0;0;0;1;0;269;42;164;82;0;39
148.8;768;21;21;1;4.51;87;0;55;15;0;52;3;0.41;1.0;1.0;0;0;15;2.62;0.6;2.24;2.9;345;128;14.7;17.02;1.158;0;1;0;0;1;1;0;0;0;1;0;266;42;165;82;0;85
149.2;820;18;18;1;4.01;87;0;55;15;0;50;3;0.37;1.0;1.0;0;0;15;2.25;0.6;2.04;2.7;345;128;14.7;17.02;1.158;0;1;0;0;1;1;0;0;0;1;0;250;42;165;82;0;75
149.6;768;21;21;1;4.45;88;0;55;15;0;52;3;0.41;1.0;1.0;0;0;15;2.62;0.6;2.22;2.8;345;128;14.7;16.31;1.11;0;1;0;0;1;1;0;0;0;1;0;263;42;163;82;0;77
149.81;768;22;22;1;4.71;89;0;55;15;0;53;3;0.43;1.0;1.0;0;0;15;2.75;0.6;2.33;3.0;345;128;14.7;16.31;1.11;0;1;0;0;1;1;0;0;0;1;0;270;42;163;82;0;77
150.21;781;20;20;1;4.31;87;0;55;15;0;51;3;0.39;1.0;1.0;0;0;15;2.5;0.6;2.16;2.8;345;128;14.7;16.31;1.11;0;1;0;0;1;1;0;0;0;1;0;259;42;165;82;0;76
150.6;807;19;19;1;4.21;87;0;55;15;0;51;3;0.39;1.0;1.0;0;0;15;2.38;0.6;2.12;2.8;345;128;14.7;14.91;1.014;0;1;0;0;1;1;0;0;0;1;0;259;42;164;82;0;77
150.99;730;21;21;1;4.55;90;0;55;15;0;52;3;0.41;1.0;1.0;0;0;15;2.62;0.6;2.27;2.8;345;128;14.7;14.91;1.014;0;1;0;0;1;1;0;0;0;1;0;267;42;161;82;0;77
151.41;820;22;22;1;4.63;87;0;55;15;0;52;3;0.41;1.0;1.0;0;0;15;2.75;0.6;2.29;3.2;345;128;14.7;14.72;1.001;0;1;0;0;1;1;0;0;0;1;0;267;42;164;81;0;72
151.81;768;19;19;1;4.11;89;0;55;15;0;51;3;0.39;1.0;1.0;0;0;15;2.38;0.6;2.09;2.6;345;128;14.7;14.72;1.001;0;1;0;0;1;1;0;0;0;1;0;252;42;162;82;0;76
152.2;820;22;22;1;4.68;87;0;55;15;0;53;4;0.42;1.0;1.0;0;0;15;2.75;0.6;2.31;3.2;345;128;14.7;14.72;1.001;0;1;0;0;1;1;0;0;0;1;0;271;42;165;82;0;78
152.6;807;21;21;1;4.48;87;0;55;15;0;52;3;0.41;1.0;1.0;0;0;15;2.62;0.6;2.23;3.0;345;128;14.7;15.52;1.056;0;1;0;0;1;1;0;0;0;1;0;263;42;165;81;0;77
153.01;845;19;19;1;4.26;87;0;55;15;0;51;3;0.38;1.0;1.0;0;0;15;2.38;0.6;2.14;3.0;345;128;14.7;15.52;1.056;0;1;0;0;1;1;0;0;0;1;0;256;42;165;81;0;76
153.41;845;21;21;1;4.56;87;0;55;15;0;52;4;0.41;1.0;1.0;0;0;15;2.62;0.6;2.26;3.2;345;128;14.7;16.71;1.137;0;1;0;0;1;1;0;0;0;1;0;265;42;165;81;0;77
153.8;756;20;20;1;4.38;87;0;55;15;0;52;3;0.41;1.0;1.0;0;0;15;2.5;0.6;2.19;2.8;345;128;14.7;16.71;1.137;0;1;0;0;1;1;0;0;0;1;0;263;42;164;81;0;77
154.2;807;19;19;1;4.26;87;0;55;15;0;51;3;0.39;1.0;1.0;0;0;15;2.38;0.6;2.14;2.9;345;128;14.7;16.71;1.137;0;1;0;0;1;1;0;0;0;1;0;257;42;164;81;0;76
154.6;807;21;21;1;4.51;87;0;55;15;0;52;3;0.41;1.0;1.0;0;0;15;2.62;0.6;2.24;3.0;345;128;14.7;14.62;0.995;0;1;0;0;1;1;0;0;0;1;0;265;42;165;81;0;84
155.01;820;20;20;1;4.33;87;0;55;15;0;52;3;0.41;1.0;1.0;0;0;15;2.5;0.6;2.17;3.0;345;128;14.7;14.62;0.995;0;1;0;0;1;1;0;0;0;1;0;260;42;165;81;0;77
155.42;781;21;21;1;4.46;87;0;55;15;0;52;3;0.41;1.0;1.0;0;0;15;2.62;0.6;2.22;2.9;345;128;14.7;15.52;1.056;0;1;0;0;1;1;0;0;0;1;0;260;42;165;81;0;77
155.81;756;21;21;1;4.56;87;0;55;15;0;53;3;0.43;1.0;1.0;0;0;15;2.62;0.6;2.26;2.9;345;128;14.7;15.52;1.056;0;1;0;0;1;1;0;0;0;1;0;268;42;164;81;0;77
156.02;820;21;21;1;4.48;87;0;55;15;0;52;3;0.41;1.0;1.0;0;0;15;2.62;0.6;2.23;3.1;345;128;14.7;15.52;1.056;0;1;0;0;1;1;0;0;0;1;0;264;42;165;81;0;77
156.42;820;21;21;1;4.46;87;0;55;15;0;52;3;0.41;1.0;1.0;0;0;15;2.62;0.6;2.22;3.0;345;128;14.7;15.82;1.076;0;1;0;0;1;1;0;0;0;1;0;262;42;165;81;0;85
156.82;756;22;22;0;4.61;87;0;55;15;0;52;3;0.41;1.0;1.0;0;0;15;2.75;0.0;2.28;2.9;345;128;14.7;15.82;1.076;0;1;0;0;1;1;0;0;0;1;0;267;41;164;81;0;77
157.23;781;22;22;1;4.63;87;0;55;15;0;53;3;0.43;1.0;1.0;0;0;15;2.75;0.6;2.29;3.0;345;128;14.7;15.82;1.076;0;1;0;0;1;1;0;0;0;1;0;269;42;165;81;0;77
157.63;820;19;19;1;4.16;87;0;55;15;0;51;3;0.38;1.0;1.0;0;0;15;2.38;0.6;2.1;2.8;345;128;14.7;16.51;1.123;0;1;0;0;1;1;0;0;0;1;0;257;42;165;81;0;76
158.02;768;19;19;1;4.21;87;0;55;15;0;51;3;0.39;1.0;1.0;0;0;15;2.38;0.6;2.12;2.7;345;128;14.7;16.51;1.123;0;1;0;0;1;1;0;0;0;1;0;256;42;165;81;0;76
158.44;845;21;21;1;4.53;87;0;55;15;0;52;4;0.41;1.0;1.0;0;0;15;2.62;0.6;2.25;3.2;345;128;14.7;15.71;1.069;0;1;0;0;1;1;0;0;0;1;0;266;42;165;81;0;70
158.84;832;19;19;1;4.13;87;0;55;15;0;51;3;0.38;1.0;1.0;0;0;15;2.38;0.6;2.09;2.9;345;128;14.7;15.71;1.069;0;1;0;0;1;1;0;0;0;1;0;259;42;165;81;0;76
159.24;781;20;20;1;4.31;87;0;55;15;0;51;3;0.39;1.0;1.0;0;0;15;2.5;0.6;2.16;2.8;345;128;14.7;15.71;1.069;0;1;0;0;1;1;0;0;0;1;0;258;42;165;81;0;76
159.63;832;21;21;1;4.48;87;0;55;15;0;52;3;0.41;1.0;1.0;0;0;15;2.62;0.6;2.23;3.1;345;128;14.7;14.81;1.007;0;1;0;0;1;1;0;0;0;1;0;262;42;162;81;0;38
160.05;781;20;20;1;4.33;87;0;55;15;0;51;3;0.39;1.0;1.0;0;0;15;2.5;0.6;2.17;2.8;345;128;14.7;14.81;1.007;0;1;0;0;1;1;0;0;0;1;0;259;42;164;80;0;51
160.45;807;21;21;1;4.46;87;0;55;15;0;52;3;0.41;1.0;1.0;0;0;15;2.62;0.6;2.22;3.0;345;128;14.7;15.42;1.049;0;1;0;0;1;1;0;0;0;1;0;263;42;164;81;0;76
160.85;807;21;21;1;4.43;87;0;55;15;0;52;3;0.41;1.0;1.0;0;0;15;2.62;0.6;2.21;3.0;345;128;14.7;15.42;1.049;0;1;0;0;1;1;0;0;0;1;0;260;42;165;81;0;76
161.25;807;19;19;1;4.21;87;0;55;15;0;51;3;0.39;1.0;1.0;0;0;15;2.38;0.6;2.12;2.8;345;128;14.7;15.42;1.049;0;1;0;0;1;1;0;0;0;1;0;258;42;164;81;0;38
161.66;756;21;21;1;4.43;87;0;55;15;0;52;3;0.41;1.0;1.0;0;0;15;2.62;0.6;2.21;2.8;345;128;14.7;15.72;1.069;0;1;0;0;1;1;0;0;0;1;0;264;42;165;81;0;77
162.04;781;22;22;1;4.61;89;0;55;15;0;53;3;0.43;1.0;1.0;0;0;15;2.75;0.6;2.29;3.0;345;128;14.7;15.72;1.069;0;1;0;0;1;1;0;0;0;1;0;268;42;164;81;0;70
162.25;832;21;21;1;4.43;87;0;55;15;0;52;3;0.41;1.0;1.0;0;0;15;2.62;0.6;2.21;3.1;345;128;14.7;15.72;1.069;0;1;0;0;1;1;0;0;0;1;0;263;42;165;81;0;77
162.65;807;21;21;1;4.43;87;0;55;15;0;52;3;0.41;1.0;1.0;0;0;15;2.62;0.6;2.21;3.0;345;128;14.7;17.11;1.164;0;1;0;0;1;1;0;0;0;1;0;260;42;165;80;0;77
163.05;768;19;19;1;4.23;87;0;55;15;0;51;3;0.39;1.0;1.0;0;0;15;2.38;0.6;2.13;2.7;345;128;14.7;17.11;1.164;0;1;0;0;1;1;0;0;0;1;0;258;42;164;81;0;73
163.45;768;21;21;1;4.48;87;0;55;15;0;52;3;0.41;1.0;1.0;0;0;15;2.62;0.6;2.23;2.9;345;128;14.7;15.62;1.063;0;1;0;0;1;1;0;0;0;1;0;266;42;165;81;0;77
163.85;845;22;22;1;4.62;86;0;55;15;0;53;4;0.42;1.0;1.0;0;0;15;2.75;0.6;2.28;3.3;345;128;14.7;15.62;1.063;0;1;0;0;1;1;0;0;0;1;0;270;42;166;81;0;40
164.26;845;21;21;1;4.45;86;0;55;15;0;52;3;0.41;1.0;1.0;0;0;15;2.62;0.6;2.21;3.1;345;128;14.7;15.62;1.063;0;1;0;0;1;1;0;0;0;1;0;266;42;166;81;0;77
164.65;884;21;21;1;4.56;87;0;55;15;0;52;4;0.41;1.0;1.0;0;0;15;2.62;0.6;2.26;3.4;345;128;14.7;13.71;0.933;0;1;0;0;1;1;0;0;0;1;0;262;42;165;81;0;77
165.05;884;21;21;1;4.41;87;0;55;15;0;52;4;0.41;1.0;1.0;0;0;15;2.62;0.6;2.2;3.2;345;128;14.7;13.71;0.933;0;1;0;0;1;1;0;0;0;1;0;260;42;164;80;0;50
165.46;730;20;20;1;4.36;87;0;55;15;0;52;3;0.41;1.0;1.0;0;0;15;2.5;0.6;2.18;2.7;345;128;14.7;14.62;0.995;0;1;0;0;1;1;0;0;0;1;0;263;42;164;80;0;77
165.85;807;22;22;1;4.73;87;0;55;15;0;53;4;0.43;1.0;1.0;0;0;15;2.75;0.6;2.33;3.2;345;128;14.7;14.62;0.995;0;1;0;0;1;1;0;0;0;1;0;273;42;165;80;0;40
166.27;871;21;21;1;4.53;87;0;55;15;0;52;4;0.41;1.0;1.0;0;0;15;2.62;0.6;2.25;3.3;345;128;14.7;14.62;0.995;0;1;0;0;1;1;0;0;0;1;0;265;42;165;80;0;38
166.67;807;20;20;1;4.26;87;0;55;15;0;51;3;0.39;1.0;1.0;0;0;15;2.5;0.6;2.14;2.9;345;128;14.7;14.71;1.001;0;1;0;0;1;1;0;0;0;1;0;259;42;165;80;0;76
167.07;832;21;21;1;4.46;87;0;55;15;0;52;3;0.41;1.0;1.0;0;0;15;2.62;0.6;2.22;3.1;345;128;14.7;14.71;1.001;0;1;0;0;1;1;0;0;0;1;0;266;42;165;80;0;77
167.48;820;21;21;1;4.43;87;0;55;15;0;52;3;0.41;1.0;1.0;0;0;15;2.62;0.6;2.21;3.0;345;128;14.7;16.52;1.124;0;1;0;0;1;1;0;0;0;1;0;263;42;165;80;0;77
167.88;896;21;21;1;4.45;86;0;55;15;0;52;4;0.41;1.0;1.0;0;0;15;2.62;0.6;2.21;3.3;345;128;14.7;16.52;1.124;0;1;0;0;1;1;0;0;0;1;0;261;42;166;80;0;77
168.28;768;20;20;1;4.37;86;0;55;15;0;52;3;0.41;1.0;1.0;0;0;15;2.5;0.6;2.18;2.8;345;128;14.7;16.52;1.124;0;1;0;0;1;1;0;0;0;1;0;261;42;166;80;0;77
168.48;781;21;21;1;4.43;87;0;55;15;0;52;3;0.41;1.0;1.0;0;0;15;2.62;0.6;2.21;2.9;345;128;14.7;15.91;1.082;0;1;0;0;1;1;0;0;0;1;0;263;42;165;80;0;77
168.88;845;21;21;1;4.5;86;0;55;15;0;52;4;0.41;1.0;1.0;0;0;15;2.62;0.6;2.23;3.2;345;128;14.7;15.91;1.082;0;1;0;0;1;1;0;0;0;1;0;262;42;166;80;0;76
169.27;832;21;21;1;4.48;86;0;55;15;0;52;3;0.41;1.0;1.0;0;0;15;2.62;0.6;2.22;3.1;345;128;14.7;15.91;1.082;0;1;0;0;1;1;0;0;0;1;0;267;42;166;80;0;77
169.67;820;21;21;1;4.42;86;0;55;15;0;52;3;0.41;1.0;1.0;0;0;15;2.62;0.6;2.2;3.0;345;128;14.7;14.41;0.98;0;1;0;0;1;1;0;0;0;1;0;262;42;166;80;0;70
170.08;807;20;20;1;4.33;87;0;55;15;0;51;3;0.39;1.0;1.0;0;0;15;2.5;0.6;2.17;2.9;345;128;14.7;14.41;0.98;0;1;0;0;1;1;0;0;0;1;0;259;42;165;80;0;77
170.48;820;22;22;1;4.6;86;0;55;15;0;52;4;0.41;1.0;1.0;0;0;15;2.75;0.6;2.27;3.1;345;128;14.7;14.61;0.994;0;1;0;0;1;1;0;0;0;1;0;265;42;166;80;0;77
170.89;768;20;20;1;4.41;87;0;55;15;0;52;3;0.41;1.0;1.0;0;0;15;2.5;0.6;2.2;2.8;345;128;14.7;14.61;0.994;0;1;0;0;1;1;0;0;0;1;0;261;42;165;80;0;77
171.28;781;19;19;1;4.18;87;0;55;15;0;51;3;0.39;1.0;1.0;0;0;15;2.38;0.6;2.11;2.7;345;128;14.7;14.61;0.994;0;1;0;0;1;1;0;0;0;1;0;256;42;165;80;0;77
171.7;820;21;21;1;4.52;86;0;55;15;0;52;3;0.41;1.0;1.0;0;0;15;2.62;0.6;2.24;3.1;345;128;14.7;14.41;0.98;0;1;0;0;1;1;0;0;0;1;0;267;42;166;80;0;77
172.08;807;21;21;1;4.46;87;0;55;15;0;52;3;0.41;1.0;1.0;0;0;15;2.62;0.6;2.22;3.0;345;128;14.7;14.41;0.98;0;1;0;0;1;1;0;0;0;1;0;261;42;165;80;0;84
172.5;832;21;21;1;4.46;87;0;55;15;0;52;3;0.41;1.0;1.0;0;0;15;2.62;0.6;2.22;3.1;345;128;14.7;15.01;1.021;0;1;0;0;1;1;0;0;0;1;0;261;42;165;80;0;77
172.88;807;21;21;1;4.46;87;0;55;15;0;52;3;0.41;1.0;1.0;0;0;15;2.62;0.6;2.22;3.0;345;128;14.7;15.01;1.021;0;1;0;0;1;1;0;0;0;1;0;266;42;165;80;0;77
173.31;781;21;21;1;4.46;87;0;55;15;0;52;3;0.41;1.0;1.0;0;0;15;2.62;0.6;2.22;2.9;345;128;14.7;15.01;1.021;0;1;0;0;1;1;0;0;0;1;0;263;42;165;79;0;77
173.69;781;20;20;1;4.31;87;0;55;15;0;51;3;0.39;1.0;1.0;0;0;15;2.5;0.6;2.16;2.8;345;128;14.7;14.81;1.007;0;1;0;0;1;1;0;0;0;1;0;259;42;165;80;0;76
174.11;832;21;21;1;4.48;87;0;55;15;0;52;3;0.41;1.0;1.0;0;0;15;2.62;0.6;2.23;3.1;345;128;14.7;14.81;1.007;0;1;0;0;1;1;0;0;0;1;0;266;42;165;79;0;77
174.49;730;20;20;1;4.36;87;0;55;15;0;52;3;0.41;1.0;1.0;0;0;15;2.5;0.6;2.18;2.7;345;128;14.7;14.71;1.001;0;1;0;0;1;1;0;0;0;1;0;260;42;165;80;0;77
174.71;820;21;21;1;4.48;87;0;55;15;0;52;3;0.41;1.0;1.0;0;0;15;2.62;0.6;2.23;3.1;345;128;14.7;14.71;1.001;0;1;0;0;1;1;0;0;0;1;0;264;42;165;80;0;77
175.1;845;19;19;1;4.21;87;0;55;15;0;51;3;0.38;1.0;1.0;0;0;15;2.38;0.6;2.12;3.0;345;128;14.7;14.71;1.001;0;1;0;0;1;1;0;0;0;1;0;259;42;165;80;0;77
175.51;756;20;20;1;4.33;87;0;55;15;0;52;3;0.41;1.0;1.0;0;0;15;2.5;0.6;2.17;2.7;345;128;14.7;14.72;1.001;0;1;0;0;1;1;0;0;0;1;0;260;42;165;80;0;77
175.9;832;21;21;1;4.45;86;0;55;15;0;52;3;0.41;1.0;1.0;0;0;15;2.62;0.6;2.21;3.1;345;128;14.7;14.72;1.001;0;1;0;0;1;1;0;0;0;1;0;265;42;166;80;0;77
176.32;845;21;21;1;4.45;86;0;55;15;0;52;3;0.41;1.0;1.0;0;0;15;2.62;0.6;2.21;3.1;345;128;14.7;14.72;1.001;0;1;0;0;1;1;0;0;0;1;0;262;42;166;80;0;77
176.7;768;21;21;1;4.48;87;0;55;15;0;52;3;0.41;1.0;1.0;0;0;15;2.62;0.6;2.23;2.9;345;128;14.7;14.92;1.015;0;1;0;0;1;1;0;0;0;1;0;261;42;165;80;0;77
177.12;820;21;21;1;4.43;87;0;55;15;0;52;3;0.41;1.0;1.0;0;0;15;2.62;0.6;2.21;3.0;345;128;14.7;14.92;1.015;0;1;0;0;1;1;0;0;0;1;0;265;42;165;80;0;77
177.51;781;20;20;1;4.41;87;0;55;15;0;52;3;0.41;1.0;1.0;0;0;15;2.5;0.6;2.2;2.9;345;128;14.7;16.11;1.096;0;1;0;0;1;1;0;0;0;1;0;260;42;165;79;0;77
177.91;832;21;21;1;4.5;86;0;55;15;0;52;4;0.41;1.0;1.0;0;0;15;2.62;0.6;2.23;3.1;345;128;14.7;16.11;1.096;0;1;0;0;1;1;0;0;0;1;0;263;42;165;80;0;72
178.3;871;21;21;1;4.47;86;0;55;15;0;52;3;0.41;1.0;1.0;0;0;15;2.62;0.6;2.22;3.2;345;128;14.7;16.11;1.096;0;1;0;0;1;1;0;0;0;1;0;260;42;166;80;0;77
178.71;768;21;21;1;4.53;87;0;55;15;0;52;3;0.41;1.0;1.0;0;0;15;2.62;0.6;2.25;2.9;345;128;14.7;15.51;1.055;0;1;0;0;1;1;0;0;0;1;0;262;42;164;79;0;76
179.11;807;21;21;1;4.48;87;0;55;15;0;52;3;0.41;1.0;1.0;0;0;15;2.62;0.6;2.23;3.0;345;128;14.7;15.51;1.055;0;1;0;0;1;1;0;0;0;1;0;261;42;165;80;0;77
179.53;768;19;19;1;4.16;87;0;55;15;0;51;3;0.39;1.0;1.0;0;0;15;2.38;0.6;2.1;2.7;345;128;14.7;14.31;0.973;0;1;0;0;1;1;0;0;0;1;0;256;42;165;79;0;76
179.92;820;21;21;1;4.51;87;0;55;15;0;52;3;0.41;1.0;1.0;0;0;15;2.62;0.6;2.24;3.1;345;128;14.7;14.31;0.973;0;1;0;0;1;1;0;0;0;1;0;263;42;165;79;0;77
180.32;781;19;19;1;4.23;87;0;55;15;0;51;3;0.39;1.0;1.0;0;0;15;2.38;0.6;2.13;2.8;345;128;14.7;14.31;0.973;0;1;0;0;1;1;0;0;0;1;0;257;42;165;79;0;76
180.72;845;21;21;1;4.51;87;0;55;15;0;52;3;0.41;1.0;1.0;0;0;15;2.62;0.6;2.24;3.2;345;128;14.7;14.32;0.974;0;1;0;0;1;1;0;0;0;1;0;262;42;165;79;0;77
180.93;781;21;21;1;4.48;87;0;55;15;0;52;3;0.41;1.0;1.0;0;0;15;2.62;0.6;2.23;2.9;345;128;14.7;14.32;0.974;0;1;0;0;1;1;0;0;0;1;0;260;42;165;79;0;77
181.32;832;21;21;1;4.46;87;0;55;15;0;52;3;0.41;1.0;1.0;0;0;15;2.62;0.6;2.22;3.1;345;128;14.7;14.32;0.974;0;1;0;0;1;1;0;0;0;1;0;265;42;165;79;0;77
181.72;884;19;19;1;4.21;87;0;55;15;0;51;3;0.39;1.0;1.0;0;0;15;2.38;0.6;2.12;3.1;345;128;14.7;14.92;1.015;0;1;0;0;1;1;0;0;0;1;0;256;42;165;79;0;77
182.13;768;19;19;1;4.23;87;0;55;15;0;51;3;0.39;1.0;1.0;0;0;15;2.38;0.6;2.13;2.7;345;128;14.7;14.92;1.015;0;1;0;0;1;1;0;0;0;1;0;257;42;165;79;0;38
182.54;820;21;21;1;4.48;87;0;55;15;0;52;3;0.41;1.0;1.0;0;0;15;2.62;0.6;2.23;3.1;345;128;14.7;16.11;1.096;0;1;0;0;1;1;0;0;0;1;0;263;42;165;79;0;77
182.94;807;20;20;1;4.31;87;0;55;15;0;51;3;0.39;1.0;1.0;0;0;15;2.5;0.6;2.16;2.9;345;128;14.7;16.11;1.096;0;1;0;0;1;1;0;0;0;1;0;258;42;165;79;0;77
183.35;820;21;21;1;4.43;87;0;55;15;0;52;3;0.41;1.0;1.0;0;0;15;2.62;0.6;2.21;3.0;345;128;14.7;16.11;1.096;0;1;0;0;1;1;0;0;0;1;0;262;42;164;79;0;77
183.74;807;21;21;1;4.53;87;0;55;15;0;52;3;0.41;1.0;1.0;0;0;15;2.62;0.6;2.25;3.0;345;128;14.7;17.41;1.184;0;1;0;0;1;1;0;0;0;1;0;263;42;164;79;0;77
184.13;807;21;21;1;4.41;87;0;55;15;0;52;3;0.41;1.0;1.0;0;0;15;2.62;0.6;2.2;3.0;345;128;14.7;17.41;1.184;0;1;0;0;1;1;0;0;0;1;0;261;42;164;79;0;77
184.55;807;19;19;1;4.21;87;0;55;15;0;51;3;0.39;1.0;1.0;0;0;15;2.38;0.6;2.12;2.8;345;128;14.7;14.81;1.007;0;1;0;0;1;1;0;0;0;1;0;256;42;165;78;0;77
184.94;807;19;19;1;4.18;87;0;55;15;0;51;3;0.39;1.0;1.0;0;0;15;2.38;0.6;2.11;2.8;345;128;14.7;14.81;1.007;0;1;0;0;1;1;0;0;0;1;0;257;42;164;78;0;76
185.34;768;23;23;1;4.76;89;0;55;15;0;53;3;0.43;1.0;1.0;0;0;15;2.88;0.6;2.35;3.0;345;128;14.47;14.81;1.023;0;1;0;0;1;1;0;0;0;1;0;270;42;162;78;0;77
185.74;781;20;20;1;4.38;87;0;55;15;0;52;3;0.41;1.0;1.0;0;0;15;2.5;0.6;2.19;2.9;345;128;14.7;14.62;0.995;0;1;0;0;1;1;0;0;0;1;0;261;42;165;78;0;77
186.16;781;19;19;1;4.18;87;0;55;15;0;51;3;0.39;1.0;1.0;0;0;15;2.38;0.6;2.11;2.7;345;128;14.7;14.62;0.995;0;1;0;0;1;1;0;0;0;1;0;256;42;165;78;0;76
186.56;717;19;19;1;4.16;87;0;55;15;0;51;3;0.39;1.0;1.0;0;0;15;2.38;0.6;2.1;2.5;345;128;14.7;16.32;1.11;0;1;0;0;1;1;0;0;0;1;0;259;42;165;78;0;76
186.74;832;22;22;1;4.73;87;0;55;15;0;53;4;0.42;1.0;1.0;0;0;15;2.75;0.6;2.33;3.3;345;128;14.7;16.32;1.11;0;1;0;0;1;1;0;0;0;1;0;273;42;165;79;0;74
187.16;832;20;20;1;4.37;86;0;55;15;0;52;4;0.41;1.0;1.0;0;0;15;2.5;0.6;2.18;3.0;345;128;14.7;16.32;1.11;0;1;0;0;1;1;0;0;0;1;0;261;42;166;78;0;77
187.56;807;19;19;1;4.11;87;0;55;15;0;51;3;0.39;1.0;1.0;0;0;15;2.38;0.6;2.08;2.8;345;128;14.7;16.91;1.15;0;1;0;0;1;1;0;0;0;1;0;255;42;165;78;0;76
187.95;768;19;19;1;4.21;87;0;55;15;0;51;3;0.39;1.0;1.0;0;0;15;2.38;0.6;2.12;2.7;345;128;14.7;16.91;1.15;0;1;0;0;1;1;0;0;0;1;0;258;42;164;78;0;70
188.37;845;22;22;1;4.58;87;0;55;15;0;53;4;0.42;1.0;1.0;0;0;15;2.75;0.6;2.27;3.2;345;128;14.7;16.91;1.15;0;1;0;0;1;1;0;0;0;1;0;269;42;165;78;0;77
188.77;896;20;20;1;4.38;87;0;55;15;0;52;4;0.41;1.0;1.0;0;0;15;2.5;0.6;2.19;3.3;345;128;14.7;16.82;1.144;0;1;0;0;1;1;0;0;0;1;0;260;42;165;78;0;76
189.15;768;20;20;1;4.26;87;0;55;15;0;52;3;0.41;1.0;1.0;0;0;15;2.5;0.6;2.14;2.7;345;128;14.7;16.82;1.144;0;1;0;0;1;1;0;0;0;1;0;260;42;165;78;0;38
189.57;807;20;20;1;4.41;87;0;55;15;0;52;3;0.41;1.0;1.0;0;0;15;2.5;0.6;2.2;3.0;345;128;14.7;14.71;1.001;0;1;0;0;1;1;0;0;0;1;0;260;42;165;78;0;77
189.97;820;19;19;1;4.21;87;0;55;15;0;51;3;0.38;1.0;1.0;0;0;15;2.38;0.6;2.12;2.9;345;128;14.7;14.71;1.001;0;1;0;0;1;1;0;0;0;1;0;258;42;165;78;0;76
190.36;832;21;21;1;4.53;87;0;55;15;0;52;3;0.41;1.0;1.0;0;0;15;2.62;0.6;2.25;3.1;345;128;14.7;14.71;1.001;0;1;0;0;1;1;0;0;0;1;0;265;42;165;78;0;40
190.78;832;21;21;1;4.43;87;0;55;15;0;52;3;0.41;1.0;1.0;0;0;15;2.62;0.6;2.21;3.1;345;128;14.7;14.62;0.995;0;1;0;0;1;1;0;0;0;1;0;262;42;165;78;0;73
191.16;781;20;20;1;4.4;86;0;55;15;0;52;3;0.41;1.0;1.0;0;0;15;2.5;0.6;2.19;2.9;345;128;14.7;14.62;0.995;0;1;0;0;1;1;0;0;0;1;0;260;42;166;78;0;77
191.58;820;21;21;1;4.46;87;0;55;15;0;52;3;0.41;1.0;1.0;0;0;15;2.62;0.6;2.22;3.0;345;128;14.7;14.71;1.001;0;1;0;0;1;1;0;0;0;1;0;260;42;165;78;0;77
191.97;807;21;21;1;4.43;87;0;55;15;0;52;3;0.41;1.0;1.0;0;0;15;2.62;0.6;2.21;3.0;345;128;14.7;14.71;1.001;0;1;0;0;1;1;0;0;0;1;0;263;42;165;78;0;77
192.37;768;19;19;1;4.21;87;0;55;15;0;51;3;0.39;1.0;1.0;0;0;15;2.38;0.6;2.12;2.7;345;128;14.7;14.71;1.001;0;1;0;0;1;1;0;0;0;1;0;259;42;165;78;0;76
192.79;832;22;22;1;4.65;86;0;55;15;0;53;4;0.42;1.0;1.0;0;0;15;2.75;0.6;2.29;3.2;345;128;14.7;16.32;1.11;0;1;0;0;1;1;0;0;0;1;0;269;42;166;77;0;77
192.98;884;20;20;1;4.22;86;0;55;15;0;51;3;0.39;1.0;1.0;0;0;15;2.5;0.6;2.12;3.1;345;128;14.7;16.32;1.11;0;1;0;0;1;1;0;0;0;1;0;259;42;166;77;0;77
193.37;756;19;19;1;4.23;87;0;55;15;0;52;3;0.41;1.0;1.0;0;0;15;2.38;0.6;2.13;2.7;345;128;14.7;16.32;1.11;0;1;0;0;1;1;0;0;0;1;0;260;42;165;78;0;73
193.79;807;22;22;1;4.71;87;0;55;15;0;53;4;0.43;1.0;1.0;0;0;15;2.75;0.6;2.32;3.2;345;128;14.7;14.21;0.967;0;1;0;0;1;1;0;0;0;1;0;269;42;165;78;0;77
194.19;832;21;21;1;4.42;86;0;55;15;0;52;3;0.41;1.0;1.0;0;0;15;2.62;0.6;2.2;3.1;345;128;14.7;14.21;0.967;0;1;0;0;1;1;0;0;0;1;0;264;42;164;77;0;53
194.59;832;19;19;1;4.1;86;0;55;15;0;51;3;0.38;1.0;1.0;0;0;15;2.38;0.6;2.07;2.8;345;128;14.7;14.71;1.001;0;1;0;0;1;1;0;0;0;1;0;256;42;166;78;0;76
194.99;730;20;20;1;4.41;87;0;55;15;0;52;3;0.41;1.0;1.0;0;0;15;2.5;0.6;2.2;2.7;345;128;14.7;14.71;1.001;0;1;0;0;1;1;0;0;0;1;0;263;42;163;77;0;70
195.39;807;21;21;1;4.45;86;0;55;15;0;52;3;0.41;1.0;1.0;0;0;15;2.62;0.6;2.21;3.0;345;128;14.7;14.71;1.001;0;1;0;0;1;1;0;0;0;1;0;265;42;166;77;0;77
195.79;820;19;19;1;4.22;86;0;55;15;0;51;3;0.38;1.0;1.0;0;0;15;2.38;0.6;2.12;2.9;345;128;14.7;14.41;0.98;0;1;0;0;1;1;0;0;0;1;0;259;42;166;78;0;76
196.19;807;21;21;1;4.46;87;0;55;15;0;52;3;0.41;1.0;1.0;0;0;15;2.62;0.6;2.22;3.0;345;128;14.7;14.41;0.98;0;1;0;0;1;1;0;0;0;1;0;261;42;165;77;0;77
196.59;781;21;21;1;4.46;87;0;55;15;0;52;3;0.41;1.0;1.0;0;0;15;2.62;0.6;2.22;2.9;345;128;14.7;14.82;1.008;0;1;0;0;1;1;0;0;0;1;0;263;42;165;77;0;77
196.99;832;19;19;1;4.23;87;0;55;15;0;51;3;0.38;1.0;1.0;0;0;15;2.38;0.6;2.13;2.9;345;128;14.7;14.82;1.008;0;1;0;0;1;1;0;0;0;1;0;258;42;165;77;0;76
197.41;845;20;20;1;4.3;86;0;55;15;0;51;3;0.38;1.0;1.0;0;0;15;2.5;0.6;2.15;3.0;345;128;14.7;14.82;1.008;0;1;0;0;1;1;0;0;0;1;0;259;42;166;77;0;76
197.81;756;20;20;1;4.26;87;0;55;15;0;52;3;0.41;1.0;1.0;0;0;15;2.5;0.6;2.14;2.7;345;128;14.7;14.61;0.994;0;1;0;0;1;1;0;0;0;1;0;260;42;165;77;0;73
198.2;820;21;21;1;4.51;87;0;55;15;0;52;3;0.41;1.0;1.0;0;0;15;2.62;0.6;2.24;3.1;345;128;14.7;14.61;0.994;0;1;0;0;1;1;0;0;0;1;0;266;42;165;77;0;77
198.6;884;20;20;1;4.25;86;0;55;15;0;51;3;0.39;1.0;1.0;0;0;15;2.5;0.6;2.13;3.1;345;128;14.7;14.91;1.014;0;1;0;0;1;1;0;0;0;1;0;259;42;166;77;0;76
199.02;820;19;19;1;4.21;87;0;55;15;0;51;3;0.38;1.0;1.0;0;0;15;2.38;0.6;2.12;2.9;345;128;14.7;14.91;1.014;0;1;0;0;1;1;0;0;0;1;0;257;42;164;77;0;76
199.2;781;21;21;1;4.48;87;0;55;15;0;52;3;0.41;1.0;1.0;0;0;15;2.62;0.6;2.23;2.9;345;128;14.7;14.91;1.014;0;1;0;0;1;1;0;0;0;1;0;260;42;165;77;0;76
199.62;781;21;21;1;4.42;87;0;55;15;0;52;3;0.41;1.0;1.0;0;0;15;2.62;0.6;2.2;2.9;345;128;14.7;15.11;1.028;0;1;0;0;1;1;0;0;0;1;0;264;42;165;77;0;77
200.01;832;19;19;1;4.16;87;0;55;15;0;51;3;0.38;1.0;1.0;0;0;15;2.38;0.6;2.1;2.9;345;128;14.7;15.11;1.028;0;1;0;0;1;1;0;0;0;1;0;256;42;165;77;0;76
200.42;807;21;21;1;4.47;88;0;55;15;0;52;3;0.41;1.0;1.0;0;0;15;2.62;0.6;2.23;3.0;345;128;14.7;15.11;1.028;0;1;0;0;1;1;0;0;0;1;0;263;42;164;77;0;74
200.82;807;21;21;1;4.4;86;0;55;15;0;52;3;0.41;1.0;1.0;0;0;15;2.62;0.6;2.19;3.0;345;128;14.7;14.31;0.973;0;1;0;0;1;1;0;0;0;1;0;261;42;166;77;0;77
201.22;832;21;21;1;4.45;86;0;55;15;0;52;3;0.41;1.0;1.0;0;0;15;2.62;0.6;2.21;3.1;345;128;14.7;14.31;0.973;0;1;0;0;1;1;0;0;0;1;0;262;42;166;77;0;77
201.62;832;21;21;1;4.46;87;0;55;15;0;52;3;0.41;1.0;1.0;0;0;15;2.62;0.6;2.22;3.1;345;128;14.7;16.21;1.103;0;1;0;0;1;1;0;0;0;1;0;261;42;165;77;0;77
202.02;781;21;21;1;4.46;87;0;55;15;0;52;3;0.41;1.0;1.0;0;0;15;2.62;0.6;2.22;2.9;345;128;14.7;16.21;1.103;0;1;0;0;1;1;0;0;0;1;0;263;42;165;77;0;77
202.43;832;20;20;1;4.38;87;0;55;15;0;52;3;0.41;1.0;1.0;0;0;15;2.5;0.6;2.19;3.0;345;128;14.7;16.21;1.103;0;1;0;0;1;1;0;0;0;1;0;261;42;165;77;0;77
202.82;820;19;19;1;4.2;86;0;55;15;0;51;3;0.38;1.0;1.0;0;0;15;2.38;0.6;2.11;2.9;345;128;14.7;15.81;1.076;0;1;0;0;1;1;0;0;0;1;0;259;42;166;77;0;76
203.22;807;21;21;1;4.53;87;0;55;15;0;52;3;0.41;1.0;1.0;0;0;15;2.62;0.6;2.25;3.0;345;128;14.7;15.81;1.076;0;1;0;0;1;1;0;0;0;1;0;264;42;165;77;0;81
203.64;871;21;21;1;4.6;88;0;55;15;0;52;4;0.41;1.0;1.0;0;0;15;2.62;0.6;2.28;3.3;345;128;14.7;14.71;1.001;0;1;0;0;1;1;0;0;0;1;0;261;42;163;77;0;35
204.04;807;19;19;1;4.16;87;0;55;15;0;51;3;0.39;1.0;1.0;0;0;15;2.38;0.6;2.1;2.8;345;128;14.7;14.71;1.001;0;1;0;0;1;1;0;0;0;1;0;255;42;165;77;0;76
204.44;730;21;21;1;4.48;87;0;55;15;0;52;3;0.41;1.0;1.0;0;0;15;2.62;0.6;2.23;2.7;345;128;14.7;14.71;1.001;0;1;0;0;1;1;0;0;0;1;0;265;42;165;77;0;77
204.84;756;22;22;1;4.71;87;0;55;15;0;53;3;0.43;1.0;1.0;0;0;15;2.75;0.6;2.32;3.0;345;128;14.7;14.52;0.988;0;1;0;0;1;1;0;0;0;1;0;268;42;165;77;0;82
205.24;845;21;21;1;4.46;87;0;55;15;0;52;4;0.41;1.0;1.0;0;0;15;2.62;0.6;2.22;3.1;345;128;14.7;14.52;0.988;0;1;0;0;1;1;0;0;0;1;0;265;42;165;77;0;77
205.43;832;19;19;1;4.18;87;0;55;15;0;51;3;0.38;1.0;1.0;0;0;15;2.38;0.6;2.11;2.9;345;128;14.7;14.52;0.988;0;1;0;0;1;1;0;0;0;1;0;259;42;164;77;0;50
205.86;756;21;21;1;4.41;87;0;55;15;0;52;3;0.41;1.0;1.0;0;0;15;2.62;0.6;2.2;2.8;345;128;14.7;14.81;1.007;0;1;0;0;1;1;0;0;0;1;0;263;42;164;77;0;77
206.24;845;21;21;1;4.5;86;0;55;15;0;52;3;0.41;1.0;1.0;0;0;15;2.62;0.6;2.23;3.2;345;128;14.7;14.81;1.007;0;1;0;0;1;1;0;0;0;1;0;263;42;165;77;0;70
206.66;832;19;19;1;4.18;87;0;55;15;0;51;3;0.38;1.0;1.0;0;0;15;2.38;0.6;2.11;2.9;345;128;14.7;15.61;1.062;0;1;0;0;1;1;0;0;0;1;0;258;42;165;77;0;76
207.05;820;19;19;1;4.17;86;0;55;15;0;51;3;0.38;1.0;1.0;0;0;15;2.38;0.6;2.1;2.8;345;128;14.7;15.61;1.062;0;1;0;0;1;1;0;0;0;1;0;255;42;166;77;0;76
207.46;756;19;19;1;4.23;87;0;55;15;0;51;3;0.39;1.0;1.0;0;0;15;2.38;0.6;2.13;2.7;345;128;14.7;15.61;1.062;0;1;0;0;1;1;0;0;0;1;0;259;42;165;77;0;76
207.86;756;21;21;1;4.45;86;0;55;15;0;52;3;0.41;1.0;1.0;0;0;15;2.62;0.6;2.21;2.8;345;128;14.7;15.81;1.076;0;1;0;0;1;1;0;0;0;1;0;265;42;166;77;0;77
208.26;832;21;21;1;4.52;86;0;55;15;0;52;4;0.41;1.0;1.0;0;0;15;2.62;0.6;2.24;3.1;345;128;14.7;15.81;1.076;0;1;0;0;1;1;0;0;0;1;0;265;42;166;77;0;77
208.66;807;20;20;1;4.37;86;0;55;15;0;52;3;0.41;1.0;1.0;0;0;15;2.5;0.6;2.18;2.9;345;128;14.7;14.11;0.96;0;1;0;0;1;1;0;0;0;1;0;260;42;166;77;0;77
209.06;781;20;20;1;4.31;87;0;55;15;0;51;3;0.39;1.0;1.0;0;0;15;2.5;0.6;2.16;2.8;345;128;14.7;14.11;0.96;0;1;0;0;1;1;0;0;0;1;0;259;42;164;77;0;73
209.47;845;19;19;1;4.22;88;0;55;15;0;51;3;0.38;1.0;1.0;0;0;15;2.38;0.6;2.13;3.0;345;128;14.7;14.11;0.96;0;1;0;0;1;1;0;0;0;1;0;259;42;163;77;0;76
209.85;781;21;21;1;4.56;89;0;55;15;0;52;3;0.41;1.0;1.0;0;0;15;2.62;0.6;2.27;3.0;345;128;14.7;15.02;1.022;0;1;0;0;1;1;0;0;0;1;0;267;42;162;77;0;77
210.26;768;21;21;1;4.48;87;0;55;15;0;52;3;0.41;1.0;1.0;0;0;15;2.62;0.6;2.23;2.9;345;128;14.7;15.02;1.022;0;1;0;0;1;1;0;0;0;1;0;263;42;165;77;0;77
210.66;832;19;19;1;4.17;86;0;55;15;0;51;3;0.38;1.0;1.0;0;0;15;2.38;0.6;2.1;2.9;345;128;14.7;14.62;0.995;0;1;0;0;1;1;0;0;0;1;0;259;42;166;77;0;76
211.07;756;19;19;1;4.18;87;0;55;15;0;51;3;0.39;1.0;1.0;0;0;15;2.38;0.6;2.11;2.6;345;128;14.7;14.62;0.995;0;1;0;0;1;1;0;0;0;1;0;256;42;165;76;0;76
211.26;730;21;21;1;4.43;87;0;55;15;0;52;3;0.41;1.0;1.0;0;0;15;2.62;0.6;2.21;2.7;345;128;14.7;14.62;0.995;0;1;0;0;1;1;0;0;0;1;0;264;42;164;77;0;77
211.66;832;21;21;1;4.53;87;0;55;15;0;52;3;0.41;1.0;1.0;0;0;15;2.62;0.6;2.25;3.1;345;128;14.7;16.41;1.116;0;1;0;0;1;1;0;0;0;1;0;265;42;165;76;0;70
212.07;781;19;19;1;4.08;87;0;55;15;0;51;3;0.39;1.0;1.0;0;0;15;2.38;0.6;2.07;2.7;345;128;14.7;16.41;1.116;0;1;0;0;1;1;0;0;0;1;0;252;42;165;76;0;40
212.46;756;21;21;1;4.47;88;0;55;15;0;52;3;0.41;1.0;1.0;0;0;15;2.62;0.6;2.23;2.8;345;128;14.7;16.41;1.116;0;1;0;0;1;1;0;0;0;1;0;260;42;165;76;0;50
212.87;756;22;22;1;4.73;89;0;55;15;0;53;3;0.43;1.0;1.0;0;0;15;2.75;0.6;2.34;3.0;345;128;14.7;16.41;1.116;0;1;0;0;1;1;0;0;0;1;0;269;42;162;76;0;77
213.29;807;19;19;1;4.18;87;0;55;15;0;51;3;0.39;1.0;1.0;0;0;15;2.38;0.6;2.11;2.8;345;128;14.7;16.41;1.116;0;1;0;0;1;1;0;0;0;1;0;256;42;165;76;0;76
213.69;781;21;21;1;4.53;87;0;55;15;0;52;3;0.41;1.0;1.0;0;0;15;2.62;0.6;2.25;2.9;345;128;14.7;15.12;1.029;0;1;0;0;1;1;0;0;0;1;0;264;42;164;76;0;76
214.08;756;21;21;1;4.46;87;0;55;15;0;52;3;0.41;1.0;1.0;0;0;15;2.62;0.6;2.22;2.8;345;128;14.7;15.12;1.029;0;1;0;0;1;1;0;0;0;1;0;261;42;164;76;0;77
214.47;871;20;20;1;4.28;87;0;55;15;0;51;3;0.39;1.0;1.0;0;0;15;2.5;0.6;2.15;3.1;345;128;14.7;15.12;1.029;0;1;0;0;1;1;0;0;0;1;0;255;42;164;76;0;76
214.89;756;19;19;1;4.21;87;0;55;15;0;51;3;0.39;1.0;1.0;0;0;15;2.38;0.6;2.12;2.7;345;128;14.7;15.32;1.042;0;1;0;0;1;1;0;0;0;1;0;258;42;165;76;0;50
215.29;845;21;21;1;4.46;87;0;55;15;0;52;3;0.41;1.0;1.0;0;0;15;2.62;0.6;2.22;3.1;345;128;14.7;15.32;1.042;0;1;0;0;1;1;0;0;0;1;0;266;42;165;76;0;77
215.69;820;19;19;1;4.16;87;0;55;15;0;51;3;0.38;1.0;1.0;0;0;15;2.38;0.6;2.1;2.8;345;128;14.7;15.02;1.022;0;1;0;0;1;1;0;0;0;1;0;258;42;165;76;0;77
216.1;781;19;19;1;4.13;87;0;55;15;0;51;3;0.39;1.0;1.0;0;0;15;2.38;0.6;2.09;2.7;345;128;14.7;15.02;1.022;0;1;0;0;1;1;0;0;0;1;0;257;42;165;76;0;76
216.5;820;22;22;1;4.58;87;0;55;15;0;52;3;0.41;1.0;1.0;0;0;15;2.75;0.6;2.27;3.1;345;128;14.7;17.02;1.158;0;1;0;0;1;1;0;0;0;1;0;267;42;165;76;0;77
216.89;845;20;20;1;4.36;87;0;55;15;0;52;3;0.41;1.0;1.0;0;0;15;2.5;0.6;2.18;3.1;345;128;14.7;17.02;1.158;0;1;0;0;1;1;0;0;0;1;0;262;42;165;76;0;146
217.29;871;20;20;1;4.26;87;0;55;15;0;51;3;0.39;1.0;1.0;0;0;15;2.5;0.6;2.14;3.1;345;128;14.7;17.02;1.158;0;1;0;0;1;1;0;0;0;1;0;259;42;165;75;0;49
217.5;768;21;21;1;4.51;87;0;55;15;0;52;3;0.41;1.0;1.0;0;0;15;2.62;0.6;2.24;2.9;345;128;14.7;15.81;1.076;0;1;0;0;1;1;0;0;0;1;0;260;42;165;76;0;77
217.91;845;21;21;1;4.56;87;0;55;15;0;52;4;0.41;1.0;1.0;0;0;15;2.62;0.6;2.26;3.2;345;128;14.7;15.81;1.076;0;1;0;0;1;1;0;0;0;1;0;264;42;165;75;0;76
218.31;871;19;19;1;4.23;87;0;55;15;0;51;3;0.39;1.0;1.0;0;0;15;2.38;0.6;2.13;3.1;345;128;14.7;15.81;1.076;0;1;0;0;1;1;0;0;0;1;0;258;42;165;76;0;70
218.7;807;19;19;1;4.16;87;0;55;15;0;51;3;0.39;1.0;1.0;0;0;15;2.38;0.6;2.1;2.8;345;128;14.7;14.81;1.007;0;1;0;0;1;1;0;0;0;1;0;257;42;165;76;0;76
219.11;807;21;21;1;4.48;87;0;55;15;0;52;3;0.41;1.0;1.0;0;0;15;2.62;0.6;2.23;3.0;345;128;14.7;14.81;1.007;0;1;0;0;1;1;0;0;0;1;0;261;42;165;76;0;77
219.5;820;20;20;1;4.37;87;0;55;15;0;52;3;0.41;1.0;1.0;0;0;15;2.5;0.6;2.18;3.0;345;128;14.7;14.72;1.001;0;1;0;0;1;1;0;0;0;1;0;262;42;165;76;0;77
219.9;807;19;19;1;4.17;86;0;55;15;0;51;3;0.39;1.0;1.0;0;0;15;2.38;0.6;2.1;2.8;345;128;14.7;14.72;1.001;0;1;0;0;1;1;0;0;0;1;0;259;42;166;76;0;76
220.31;781;21;21;1;4.46;87;0;55;15;0;52;3;0.41;1.0;1.0;0;0;15;2.62;0.6;2.22;2.9;345;128;14.7;14.72;1.001;0;1;0;0;1;1;0;0;0;1;0;261;42;165;75;0;76
220.71;845;21;21;1;4.56;87;0;55;15;0;52;4;0.41;1.0;1.0;0;0;15;2.62;0.6;2.26;3.2;345;128;14.7;15.02;1.022;0;1;0;0;1;1;0;0;0;1;0;262;42;165;76;0;77
221.11;832;19;19;1;4.16;87;0;55;15;0;51;3;0.38;1.0;1.0;0;0;15;2.38;0.6;2.1;2.9;345;128;14.7;15.02;1.022;0;1;0;0;1;1;0;0;0;1;0;259;42;165;76;0;76
221.51;730;19;19;1;4.11;87;0;55;15;0;51;3;0.39;1.0;1.0;0;0;15;2.38;0.6;2.08;2.5;345;128;14.7;17.21;1.171;0;1;0;0;1;1;0;0;0;1;0;257;42;165;75;0;76
221.92;832;21;21;1;4.51;87;0;55;15;0;52;3;0.41;1.0;1.0;0;0;15;2.62;0.6;2.24;3.1;345;128;14.7;17.21;1.171;0;1;0;0;1;1;0;0;0;1;0;267;42;165;75;0;77
222.31;820;21;21;1;4.48;87;0;55;15;0;52;3;0.41;1.0;1.0;0;0;15;2.62;0.6;2.23;3.1;345;128;14.7;17.21;1.171;0;1;0;0;1;1;0;0;0;1;0;263;42;165;75;0;76
222.72;807;19;19;1;4.23;87;0;55;15;0;51;3;0.39;1.0;1.0;0;0;15;2.38;0.6;2.13;2.8;345;128;14.7;14.21;0.967;0;1;0;0;1;1;0;0;0;1;0;256;42;165;75;0;77
223.11;832;20;20;1;4.33;87;0;55;15;0;51;3;0.38;1.0;1.0;0;0;15;2.5;0.6;2.17;3.0;345;128;14.7;14.21;0.967;0;1;0;0;1;1;0;0;0;1;0;258;42;164;75;0;76
223.53;832;21;21;1;4.43;87;0;55;15;0;52;3;0.41;1.0;1.0;0;0;15;2.62;0.6;2.21;3.1;345;128;14.7;14.51;0.987;0;1;0;0;1;1;0;0;0;1;0;261;42;165;75;0;70
223.72;832;21;21;1;4.46;87;0;55;15;0;52;3;0.41;1.0;1.0;0;0;15;2.62;0.6;2.22;3.1;345;128;14.7;14.51;0.987;0;1;0;0;1;1;0;0;0;1;0;262;42;164;75;0;77
224.13;807;21;21;1;4.41;87;0;55;15;0;52;3;0.41;1.0;1.0;0;0;15;2.62;0.6;2.2;3.0;345;128;14.7;14.51;0.987;0;1;0;0;1;1;0;0;0;1;0;263;42;165;75;0;76
224.52;730;20;20;1;4.41;87;0;55;15;0;52;3;0.41;1.0;1.0;0;0;15;2.5;0.6;2.2;2.7;345;128;14.7;14.72;1.001;0;1;0;0;1;1;0;0;0;1;0;261;42;165;75;0;77
224.93;807;19;19;1;4.21;87;0;55;15;0;51;3;0.39;1.0;1.0;0;0;15;2.38;0.6;2.12;2.8;345;128;14.7;14.72;1.001;0;1;0;0;1;1;0;0;0;1;0;256;42;165;75;0;76
225.33;807;21;21;1;4.42;86;0;55;15;0;52;3;0.41;1.0;1.0;0;0;15;2.62;0.6;2.2;3.0;345;128;14.7;14.72;1.001;0;1;0;0;1;1;0;0;0;1;0;261;42;166;75;0;146
225.74;807;21;21;1;4.46;87;0;55;15;0;52;3;0.41;1.0;1.0;0;0;15;2.62;0.6;2.22;3.0;345;128;14.7;14.62;0.995;0;1;0;0;1;1;0;0;0;1;0;261;42;165;75;0;77
226.12;768;20;20;1;4.33;87;0;55;15;0;51;3;0.39;1.0;1.0;0;0;15;2.5;0.6;2.17;2.8;345;128;14.7;14.62;0.995;0;1;0;0;1;1;0;0;0;1;0;259;42;165;75;0;76
226.54;871;21;21;1;4.51;87;0;55;15;0;52;4;0.41;1.0;1.0;0;0;15;2.62;0.6;2.24;3.3;345;128;14.7;16.11;1.096;0;1;0;0;1;1;0;0;0;1;0;264;42;165;75;0;77
226.94;871;21;21;1;4.41;87;0;55;15;0;52;4;0.41;1.0;1.0;0;0;15;2.62;0.6;2.2;3.2;345;128;14.7;16.11;1.096;0;1;0;0;1;1;0;0;0;1;0;261;42;165;75;0;77
227.34;781;20;20;1;4.27;86;0;55;15;0;52;3;0.41;1.0;1.0;0;0;15;2.5;0.6;2.14;2.8;345;128;14.7;16.11;1.096;0;1;0;0;1;1;0;0;0;1;0;260;42;166;75;0;72
227.75;820;21;21;1;4.51;87;0;55;15;0;52;4;0.41;1.0;1.0;0;0;15;2.62;0.6;2.24;3.1;345;128;14.7;15.51;1.055;0;1;0;0;1;1;0;0;0;1;0;260;42;165;75;0;77
228.14;832;21;21;1;4.43;87;0;55;15;0;52;3;0.41;1.0;1.0;0;0;15;2.62;0.6;2.21;3.1;345;128;14.7;15.51;1.055;0;1;0;0;1;1;0;0;0;1;0;263;42;165;75;0;77
228.55;768;21;21;1;4.46;89;0;55;15;0;52;3;0.41;1.0;1.0;0;0;15;2.62;0.6;2.23;2.9;345;128;14.7;14.11;0.96;0;1;0;0;1;1;0;0;0;1;0;262;42;162;75;0;77
228.96;820;19;19;1;4.23;89;0;55;15;0;51;3;0.38;1.0;1.0;0;0;15;2.38;0.6;2.14;2.9;345;128;14.7;14.11;0.96;0;1;0;0;1;1;0;0;0;1;0;257;42;162;75;0;76
229.34;820;21;21;1;4.46;87;0;55;15;0;52;3;0.41;1.0;1.0;0;0;15;2.62;0.6;2.22;3.0;345;128;14.7;14.11;0.96;0;1;0;0;1;1;0;0;0;1;0;263;42;165;75;0;77
229.75;768;21;21;1;4.46;87;0;55;15;0;52;3;0.41;1.0;1.0;0;0;15;2.62;0.6;2.22;2.9;345;128;14.7;14.21;0.967;0;1;0;0;1;1;0;0;0;1;0;264;42;164;75;0;77
229.96;820;21;21;1;4.48;87;0;55;15;0;52;4;0.41;1.0;1.0;0;0;15;2.62;0.6;2.23;3.1;345;128;14.7;14.21;0.967;0;1;0;0;1;1;0;0;0;1;0;261;42;165;75;0;77
230.35;845;20;20;1;4.26;87;0;55;15;0;51;3;0.38;1.0;1.0;0;0;15;2.5;0.6;2.14;3.0;345;128;14.7;14.21;0.967;0;1;0;0;1;1;0;0;0;1;0;258;42;165;75;0;76
230.76;832;21;21;1;4.41;87;0;55;15;0;52;3;0.41;1.0;1.0;0;0;15;2.62;0.6;2.2;3.1;345;128;14.7;13.81;0.939;0;1;0;0;1;1;0;0;0;1;0;263;42;165;75;0;77
231.15;807;21;21;1;4.36;87;0;55;15;0;52;3;0.41;1.0;1.0;0;0;15;2.62;0.6;2.18;2.9;345;128;14.7;13.81;0.939;0;1;0;0;1;1;0;0;0;1;0;261;42;165;75;0;77
231.57;807;21;21;1;4.4;86;0;55;15;0;52;3;0.41;1.0;1.0;0;0;15;2.62;0.6;2.19;3.0;345;128;14.7;15.41;1.048;0;1;0;0;1;1;0;0;0;1;0;261;42;166;75;0;77
231.97;781;21;21;1;4.37;86;0;55;15;0;52;3;0.41;1.0;1.0;0;0;15;2.62;0.6;2.18;2.8;345;128;14.7;15.41;1.048;0;1;0;0;1;1;0;0;0;1;0;266;42;166;75;0;77
232.37;807;21;21;1;4.46;87;0;55;15;0;52;3;0.41;1.0;1.0;0;0;15;2.62;0.6;2.22;3.0;345;128;14.7;15.41;1.048;0;1;0;0;1;1;0;0;0;1;0;262;42;165;74;0;77
232.76;820;21;21;1;4.5;86;0;55;15;0;52;4;0.41;1.0;1.0;0;0;15;2.62;0.6;2.23;3.1;345;128;14.7;16.11;1.096;0;1;0;0;1;1;0;0;0;1;0;263;42;166;75;0;77
233.17;871;21;21;1;4.48;87;0;55;15;0;52;4;0.41;1.0;1.0;0;0;15;2.62;0.6;2.23;3.3;345;128;14.7;16.11;1.096;0;1;0;0;1;1;0;0;0;1;0;262;42;165;75;0;77
233.58;807;21;21;1;4.46;87;0;55;15;0;52;3;0.41;1.0;1.0;0;0;15;2.62;0.6;2.22;3.0;345;128;14.7;15.81;1.076;0;1;0;0;1;1;0;0;0;1;0;262;42;165;75;0;77
233.97;832;21;21;1;4.37;86;0;55;15;0;52;3;0.41;1.0;1.0;0;0;15;2.62;0.6;2.18;3.0;345;128;14.7;15.81;1.076;0;1;0;0;1;1;0;0;0;1;0;261;42;166;75;0;77
234.38;768;21;21;1;4.42;86;0;55;15;0;52;3;0.41;1.0;1.0;0;0;15;2.62;0.6;2.2;2.8;345;128;14.7;15.81;1.076;0;1;0;0;1;1;0;0;0;1;0;265;42;166;75;0;77
234.78;781;19;19;1;4.17;86;0;55;15;0;51;3;0.39;1.0;1.0;0;0;15;2.38;0.6;2.1;2.7;345;128;14.7;15.31;1.041;0;1;0;0;1;1;0;0;0;1;0;259;42;166;75;0;76
235.18;820;21;21;1;4.4;86;0;55;15;0;52;3;0.41;1.0;1.0;0;0;15;2.62;0.6;2.19;3.0;345;128;14.7;15.31;1.041;0;1;0;0;1;1;0;0;0;1;0;264;42;166;75;0;77
235.59;807;20;20;1;4.25;86;0;55;15;0;52;3;0.41;1.0;1.0;0;0;15;2.5;0.6;2.13;2.9;345;128;14.7;14.32;0.974;0;1;0;0;1;1;0;0;0;1;0;261;42;166;75;0;77
235.99;768;21;21;1;4.41;87;0;55;15;0;52;3;0.41;1.0;1.0;0;0;15;2.62;0.6;2.2;2.8;345;128;14.7;14.32;0.974;0;1;0;0;1;1;0;0;0;1;0;260;42;165;74;0;77
236.18;832;21;21;1;4.45;86;0;55;15;0;52;3;0.41;1.0;1.0;0;0;15;2.62;0.6;2.21;3.1;345;128;14.7;14.32;0.974;0;1;0;0;1;1;0;0;0;1;0;266;42;166;75;0;77
236.57;781;20;20;1;4.22;86;0;55;15;0;52;3;0.41;1.0;1.0;0;0;15;2.5;0.6;2.12;2.7;345;128;14.7;14.91;1.014;0;1;0;0;1;1;0;0;0;1;0;260;42;166;75;0;76
236.99;781;20;20;1;4.23;87;0;55;15;0;51;3;0.39;1.0;1.0;0;0;15;2.5;0.6;2.13;2.8;345;128;14.7;14.91;1.014;0;1;0;0;1;1;0;0;0;1;0;259;42;165;75;0;76
237.38;845;21;21;1;4.5;86;0;55;15;0;52;4;0.41;1.0;1.0;0;0;15;2.62;0.6;2.23;3.2;345;128;14.7;14.91;1.014;0;1;0;0;1;1;0;0;0;1;0;264;42;166;75;0;77
237.79;602;29;29;1;0.0;87;0;52;18;0;60;4;0.52;1.0;1.0;0;0;18;3.62;0.6;0.43;0.0;345;128;14.7;16.32;1.11;1;1;0;0;0;1;0;0;0;1;0;326;42;165;63;0;84
238.18;51;29;29;1;0.0;92;0;59;11;0;83;0;0.64;1.0;1.0;0;0;11;3.62;0.6;0.46;0.0;345;128;14.7;16.32;1.11;1;1;0;0;0;1;0;0;0;1;0;503;42;157;63;0;109
238.58;0.0;20;20;1;0.0;93;0;50;20;0;110;0;0.84;1.0;1.0;0;0;20;2.5;0.6;0.47;;345;128;14.7;14.91;1.014;1;1;0;0;0;1;0;0;1;1;1;701;42;156;63;0;156
238.99;0.0;20;20;1;0.0;92;0;50;20;0;111;0;0.85;1.0;1.0;0;0;20;2.5;0.6;0.46;;345;128;14.7;14.91;1.014;1;1;0;0;0;1;0;0;1;1;1;704;42;156;63;0;153
239.41;0.0;20;20;1;0.0;94;0;50;20;0;111;0;0.85;1.0;1.0;0;0;20;2.5;0.6;0.47;;345;128;14.7;14.91;1.014;1;1;0;0;0;1;0;0;1;1;1;704;42;155;62;0;153
239.79;0.0;20;20;1;0.0;94;0;50;20;0;111;0;0.85;1.0;1.0;0;0;20;2.5;0.6;0.47;;345;128;14.7;14.91;1.014;1;1;0;0;0;1;0;0;1;1;1;704;42;155;62;0;153
240.19;0.0;0;0;0;7.5;92;0;50;20;0;111;0;0.85;1.0;1.0;0;0;20;0.0;0.0;3.46;;345;128;14.7;14.91;1.014;1;0;0;0;0;1;0;0;1;1;1;704;42;158;62;0;156
240.6;0.0;0;0;0;7.5;92;0;50;20;0;111;0;0.85;1.0;1.0;0;0;20;0.0;0.0;3.46;;345;128;14.7;15.52;1.056;1;0;0;0;0;1;0;0;1;1;1;705;42;158;62;0;155
281.01;0.0;0;0;0;7.5;96;0;50;20;0;107;0;0.82;1.0;1.0;0;0;20;0.0;0.0;3.48;;345;128;14.7;14.91;1.014;0;0;0;0;1;1;0;0;0;1;0;680;42;152;78;0;114
281.42;0.0;0;0;0;7.5;95;0;50;20;0;107;0;0.82;1.0;1.0;0;0;20;0.0;0.0;3.48;;345;128;14.7;14.91;1.014;0;0;0;0;1;1;0;0;0;1;0;680;42;153;78;0;155
281.82;0.0;0;0;0;7.5;95;0;50;20;0;107;0;0.82;1.0;1.0;0;0;20;0.0;0.0;3.48;;345;128;14.7;14.91;1.014;0;0;0;0;1;1;0;0;0;1;0;681;42;153;78;0;140
282.22;0.0;0;0;0;7.5;95;0;50;20;0;107;0;0.82;1.0;1.0;0;0;20;0.0;0.0;3.48;;345;128;14.7;14.91;1.014;0;0;0;0;1;1;0;0;0;1;0;681;42;153;78;0;154
282.43;0.0;0;0;0;7.5;95;0;50;20;0;107;0;0.82;1.0;1.0;0;0;20;0.0;0.0;3.48;;345;128;14.7;14.91;1.014;0;0;0;0;1;1;0;0;0;1;0;681;42;153;78;0;148
282.82;0.0;0;0;0;7.5;95;0;50;20;0;107;0;0.82;1.0;1.0;0;0;20;0.0;0.0;3.48;;345;128;14.7;14.91;1.014;0;0;0;0;1;1;0;0;0;1;0;681;42;153;78;0;155
283.22;0.0;0;0;0;7.5;95;0;50;20;0;107;0;0.82;1.0;1.0;0;0;20;0.0;0.0;3.48;;345;128;14.7;14.91;1.014;0;0;0;0;1;1;0;0;0;1;0;681;42;153;78;0;154
283.63;0.0;0;0;0;7.5;95;0;50;20;0;107;0;0.82;1.0;1.0;0;0;20;0.0;0.0;3.48;;345;128;14.7;14.91;1.014;0;0;0;0;1;1;0;0;0;1;0;682;42;152;77;0;114
284.03;0.0;0;0;0;7.5;102;0;50;20;0;107;0;0.82;1.0;1.0;0;0;20;0.0;0.0;3.51;;345;128;14.7;14.91;1.014;0;0;0;0;1;1;0;0;0;1;0;676;42;144;77;0;154
284.43;0.0;0;0;0;7.5;102;0;50;20;0;106;0;0.81;1.0;1.0;0;0;20;0.0;0.0;3.51;;345;128;14.7;14.91;1.014;0;0;0;0;1;1;0;0;0;1;0;675;42;144;77;0;114
284.83;0.0;0;0;0;7.5;102;0;50;20;0;106;0;0.81;1.0;1.0;0;0;20;0.0;0.0;3.51;;345;128;14.7;14.91;1.014;0;0;0;0;1;1;0;0;0;1;0;675;42;144;77;0;154
285.23;0.0;0;0;0;7.5;103;0;50;20;0;106;0;0.81;1.0;1.0;0;0;20;0.0;0.0;3.52;;345;128;14.7;14.91;1.014;0;0;0;0;1;1;0;0;0;1;0;675;42;143;77;0;154
285.65;0.0;0;0;0;7.5;103;0;50;20;0;106;0;0.81;1.0;1.0;0;0;20;0.0;0.0;3.52;;345;128;14.7;14.91;1.014;0;0;0;0;1;1;0;0;0;1;0;673;42;143;76;0;154
286.03;0.0;0;0;0;7.5;103;0;50;20;0;106;0;0.81;1.0;1.0;0;0;20;0.0;0.0;3.52;;345;128;14.7;14.91;1.014;0;0;0;0;1;1;0;0;0;1;0;673;42;143;77;0;154
286.45;0.0;0;0;0;7.5;103;0;50;20;0;106;0;0.81;1.0;1.0;0;0;20;0.0;0.0;3.52;;345;128;14.7;14.91;1.014;0;0;0;0;1;1;0;0;0;1;0;674;42;143;76;0;155
286.84;0.0;0;0;0;7.5;103;0;50;20;0;106;0;0.81;1.0;1.0;0;0;20;0.0;0.0;3.52;;345;128;14.7;14.91;1.014;0;0;0;0;1;1;0;0;0;1;0;673;42;143;76;0;154
287.23;0.0;0;0;0;7.5;102;0;50;20;0;107;0;0.82;1.0;1.0;0;0;20;0.0;0.0;3.51;;345;128;14.7;14.91;1.014;0;0;0;0;1;1;0;0;0;1;0;676;42;144;76;0;155
287.65;0.0;0;0;0;7.5;102;0;50;20;0;107;0;0.82;1.0;1.0;0;0;20;0.0;0.0;3.51;;345;128;14.7;14.91;1.014;0;0;0;0;1;1;0;0;0;1;0;677;42;143;76;0;154
288.04;0.0;0;0;0;7.5;102;0;50;20;0;107;0;0.82;1.0;1.0;0;0;20;0.0;0.0;3.51;;345;128;14.7;14.91;1.014;0;0;0;0;1;1;0;0;0;1;0;676;42;144;76;0;147
288.46;0.0;0;0;0;7.5;103;0;50;20;0;107;0;0.82;1.0;1.0;0;0;20;0.0;0.0;3.52;;345;128;14.7;14.91;1.014;0;0;0;0;1;1;0;0;0;1;0;676;41;143;76;0;154
297.9;0.0;0;0;0;7.5;103;0;50;20;0;107;0;0.82;1.0;1.0;0;0;20;0.0;0.0;3.52;;345;128;14.7;14.91;1.014;0;0;0;0;1;1;0;0;0;1;0;676;41;143;76;0;154
298.7;0.0;0;0;0;7.5;103;0;50;20;0;107;0;0.82;1.0;1.0;0;0;20;0.0;0.0;3.52;;345;128;14.7;14.91;1.014;0;0;0;0;1;1;0;0;0;1;0;677;42;143;75;0;154
299.11;0.0;0;0;0;7.5;103;0;50;20;0;106;0;0.81;1.0;1.0;0;0;20;0.0;0.0;3.52;;345;128;14.7;14.91;1.014;0;0;0;0;1;1;0;0;0;1;0;675;42;143;75;0;154
299.51;0.0;0;0;0;7.5;103;0;50;20;0;107;0;0.82;1.0;1.0;0;0;20;0.0;0.0;3.52;;345;128;14.7;14.91;1.014;0;0;0;0;1;1;0;0;0;1;0;676;42;143;75;0;154
299.89;0.0;0;0;0;7.5;103;0;50;20;0;107;0;0.82;1.0;1.0;0;0;20;0.0;0.0;3.52;;345;128;14.7;14.91;1.014;0;0;0;0;1;1;0;0;0;1;0;677;42;143;75;0;154
300.3;0.0;0;0;0;7.5;103;0;50;20;0;106;0;0.81;1.0;1.0;0;0;20;0.0;0.0;3.52;;345;128;14.7;14.91;1.014;0;0;0;0;1;1;0;0;0;1;0;675;42;143;75;0;154
300.7;0.0;0;0;0;7.5;103;0;50;20;0;107;0;0.82;1.0;1.0;0;0;20;0.0;0.0;3.52;;345;128;14.7;14.91;1.014;0;0;0;0;1;1;0;0;0;1;0;677;42;143;75;0;140
301.11;0.0;0;0;0;7.5;103;0;50;20;0;106;0;0.81;1.0;1.0;0;0;20;0.0;0.0;3.52;;345;128;14.7;14.91;1.014;0;0;0;0;1;1;0;0;0;1;0;675;42;143;75;0;154
301.51;0.0;0;0;0;7.5;103;0;50;20;0;106;0;0.81;1.0;1.0;0;0;20;0.0;0.0;3.52;;345;128;14.7;14.91;1.014;0;0;0;0;1;1;0;0;0;1;0;675;42;143;75;0;154
301.91;0.0;0;0;0;7.5;103;0;50;20;0;107;0;0.82;1.0;1.0;0;0;20;0.0;0.0;3.52;;345;128;14.7;14.91;1.014;0;0;0;0;1;1;0;0;0;1;0;676;42;143;75;0;154
302.32;0.0;0;0;0;7.5;103;0;50;20;0;107;0;0.82;1.0;1.0;0;0;20;0.0;0.0;3.52;;345;128;14.7;14.91;1.014;0;0;0;0;1;1;0;0;0;1;0;678;42;143;75;0;154
302.72;0.0;0;0;0;7.5;102;0;50;20;0;107;0;0.82;1.0;1.0;0;0;20;0.0;0.0;3.51;;345;128;14.7;14.91;1.014;0;0;0;0;1;1;0;0;0;1;0;679;42;144;75;0;147
302.91;0.0;0;0;0;7.5;103;0;50;20;0;107;0;0.82;1.0;1.0;0;0;20;0.0;0.0;3.52;;345;128;14.7;14.91;1.014;0;0;0;0;1;1;0;0;0;1;0;676;42;143;75;0;154
303.32;0.0;0;0;0;7.5;103;0;50;20;0;107;0;0.82;1.0;1.0;0;0;20;0.0;0.0;3.52;;345;128;14.7;14.91;1.014;0;0;0;0;1;1;0;0;0;1;0;676;42;143;75;0;154
303.71;0.0;0;0;0;7.5;102;0;50;20;0;107;0;0.82;1.0;1.0;0;0;20;0.0;0.0;3.51;;345;128;14.7;14.91;1.014;0;0;0;0;1;1;0;0;0;1;0;678;42;144;75;0;154
304.11;0.0;0;0;0;7.5;102;0;50;20;0;107;0;0.82;1.0;1.0;0;0;20;0.0;0.0;3.51;;345;128;14.7;14.91;1.014;0;0;0;0;1;1;0;0;0;1;0;680;42;144;75;0;154
304.52;0.0;0;0;0;7.5;102;0;50;20;0;107;0;0.82;1.0;1.0;0;0;20;0.0;0.0;3.51;;345;128;14.7;14.91;1.014;0;0;0;0;1;1;0;0;0;1;0;679;42;144;75;0;154
304.94;0.0;0;0;0;7.5;103;0;50;20;0;107;0;0.82;1.0;1.0;0;0;20;0.0;0.0;3.52;;345;128;14.7;14.91;1.014;0;0;0;0;1;1;0;0;0;1;0;678;42;143;75;0;155
305.31;0.0;0;0;0;7.5;103;0;50;20;0;107;0;0.82;1.0;1.0;0;0;20;0.0;0.0;3.52;;345;128;14.7;14.91;1.014;0;0;0;0;1;1;0;0;0;1;0;677;42;143;75;0;155
305.72;0.0;0;0;0;7.5;103;0;50;20;0;107;0;0.82;1.0;1.0;0;0;20;0.0;0.0;3.52;;345;128;14.7;14.91;1.014;0;0;0;0;1;1;0;0;0;1;0;677;42;143;75;0;154
306.12;0.0;0;0;0;7.5;103;0;50;20;0;106;0;0.81;1.0;1.0;0;0;20;0.0;0.0;3.52;;345;128;14.7;14.91;1.014;0;0;0;0;1;1;0;0;0;1;0;675;42;143;74;0;154
306.52;0.0;0;0;0;7.5;103;0;50;20;0;106;0;0.81;1.0;1.0;0;0;20;0.0;0.0;3.52;;345;128;14.7;14.91;1.014;0;0;0;0;1;1;0;0;0;1;0;675;42;142;74;0;154
306.94;0.0;0;0;0;7.5;103;0;50;20;0;107;0;0.82;1.0;1.0;0;0;20;0.0;0.0;3.52;;345;128;14.7;14.91;1.014;0;0;0;0;1;1;0;0;0;1;0;678;42;143;74;0;155
307.33;0.0;0;0;0;7.5;103;0;50;20;0;107;0;0.82;1.0;1.0;0;0;20;0.0;0.0;3.52;;345;128;14.7;14.91;1.014;0;0;0;0;1;1;0;0;0;1;0;677;42;143;74;0;154
316.56;0.0;0;0;0;7.5;103;0;50;20;0;107;0;0.82;1.0;1.0;0;0;20;0.0;0.0;3.52;;345;128;14.7;14.91;1.014;0;0;0;0;1;1;0;0;0;1;0;677;42;143;74;0;154
318.18;0.0;0;0;172;7.5;101;0;50;24;0;107;0;0.82;1.0;1.0;0;0;20;0.0;100.0;3.5;;345;128;14.7;15.71;1.069;0;0;0;0;1;0;0;0;0;1;0;679;386;145;74;0;155
318.59;0.0;0;0;172;7.5;100;0;50;24;0;107;0;0.82;1.0;1.0;0;0;20;0.0;100.0;3.5;;345;128;14.7;15.71;1.069;0;0;0;0;1;0;0;0;0;1;0;681;386;146;74;0;154
318.99;0.0;0;0;172;7.5;101;0;50;24;0;107;0;0.82;1.0;1.0;0;0;20;0.0;100.0;3.5;;345;128;14.7;15.41;1.048;0;0;0;0;1;0;0;0;0;1;0;678;386;145;74;0;155
319.38;0.0;0;0;172;7.5;101;0;50;24;0;107;0;0.82;1.0;1.0;0;0;20;0.0;100.0;3.5;;345;128;14.7;15.41;1.048;0;0;0;0;1;0;0;0;0;1;0;678;386;145;74;0;154
319.8;0.0;0;0;172;7.5;101;0;50;24;0;107;0;0.82;1.0;1.0;0;0;20;0.0;100.0;3.5;;345;128;14.7;14.71;1.001;0;0;0;0;1;0;0;0;0;1;0;680;386;145;74;0;155
320.18;0.0;0;0;149;7.5;101;0;50;24;0;107;0;0.82;1.0;1.0;0;0;20;0.0;86.6;3.5;;345;128;14.7;14.71;1.001;0;0;0;0;1;0;0;0;0;1;0;680;341;145;74;0;141
320.59;0.0;0;0;0;7.5;102;0;55;15;0;107;0;0.82;1.0;1.0;0;0;15;0.0;0.0;3.51;;345;128;14.7;14.71;1.001;0;0;0;0;1;1;0;0;0;1;0;679;41;144;74;0;140
321.0;0.0;0;0;0;7.5;101;0;55;15;0;107;0;0.82;1.0;1.0;0;0;15;0.0;0.0;3.5;;345;128;14.7;15.02;1.022;0;0;0;0;1;1;0;0;0;1;0;682;41;145;74;0;155
321.21;0.0;0;0;0;7.5;101;0;55;15;0;107;0;0.82;1.0;1.0;0;0;15;0.0;0.0;3.5;;345;128;14.7;15.02;1.022;0;0;0;0;1;1;0;0;0;1;0;682;41;145;74;0;154
321.6;0.0;0;0;0;7.5;102;0;55;15;0;107;0;0.82;1.0;1.0;0;0;15;0.0;0.0;3.51;;345;128;14.7;15.02;1.022;0;0;0;0;1;1;0;0;0;1;0;680;41;144;74;0;154
322.0;0.0;0;0;0;7.5;102;0;55;15;0;107;0;0.82;1.0;1.0;0;0;15;0.0;0.0;3.51;;345;128;14.7;16.41;1.116;0;0;0;0;1;1;0;0;0;1;0;681;41;144;74;0;141
322.4;0.0;0;0;0;7.5;101;0;55;15;0;107;0;0.82;1.0;1.0;0;0;15;0.0;0.0;3.5;;345;128;14.7;16.41;1.116;0;0;0;0;1;1;0;0;0;1;0;683;41;145;74;0;155
322.81;0.0;0;0;0;7.5;101;0;55;15;0;107;0;0.82;1.0;1.0;0;0;15;0.0;0.0;3.5;;345;128;14.7;16.21;1.103;0;0;0;0;1;1;0;0;0;1;0;683;41;145;74;0;154
323.2;0.0;0;0;0;7.5;101;0;55;15;0;108;0;0.83;1.0;1.0;0;0;15;0.0;0.0;3.5;;345;128;14.7;16.21;1.103;0;0;0;0;1;1;0;0;0;1;0;684;41;145;74;0;155
323.6;0.0;0;0;0;7.5;101;0;55;15;0;108;0;0.83;1.0;1.0;0;0;15;0.0;0.0;3.5;;345;128;14.7;16.21;1.103;0;0;0;0;1;1;0;0;0;1;0;684;41;145;74;0;155
324.0;0.0;0;0;0;7.5;101;0;55;15;0;108;0;0.83;1.0;1.0;0;0;15;0.0;0.0;3.5;;345;128;14.7;15.41;1.048;0;0;0;0;1;1;0;0;0;1;0;684;41;145;74;0;140
324.4;0.0;0;0;0;7.5;101;0;55;15;0;107;0;0.82;1.0;1.0;0;0;15;0.0;0.0;3.5;;345;128;14.7;15.41;1.048;0;0;0;0;1;1;0;0;0;1;0;683;41;145;74;0;155
324.82;0.0;0;0;0;7.5;101;0;55;15;0;107;0;0.82;1.0;1.0;0;0;15;0.0;0.0;3.5;;345;128;14.7;14.62;0.995;0;0;0;0;1;1;0;0;0;1;0;683;41;145;74;0;154
325.21;0.0;0;0;0;7.5;101;0;55;15;0;107;0;0.82;1.0;1.0;0;0;15;0.0;0.0;3.5;;345;128;14.7;14.62;0.995;0;0;0;0;1;1;0;0;0;1;0;683;41;145;73;0;155
325.6;0.0;0;0;0;7.5;101;0;55;15;0;107;0;0.82;1.0;1.0;0;0;15;0.0;0.0;3.5;;345;128;14.7;14.62;0.995;0;0;0;0;1;1;0;0;0;1;0;682;41;145;73;0;155
326.02;0.0;0;0;0;7.5;102;0;55;15;0;107;0;0.82;1.0;1.0;0;0;15;0.0;0.0;3.51;;345;128;14.7;14.62;0.995;0;0;0;0;1;1;0;0;0;1;0;679;41;144;73;0;147
326.42;0.0;0;0;0;7.5;102;0;55;15;0;107;0;0.82;1.0;1.0;0;0;15;0.0;0.0;3.51;;345;128;14.7;14.62;0.995;0;0;0;0;1;1;0;0;0;1;0;679;41;144;73;0;155
326.82;0.0;0;0;0;7.5;101;0;55;15;0;107;0;0.82;1.0;1.0;0;0;15;0.0;0.0;3.5;;345;128;14.7;16.12;1.097;0;0;0;0;1;1;0;0;0;1;0;682;41;145;73;0;154
327.21;0.0;0;0;0;7.5;101;0;55;15;0;107;0;0.82;1.0;1.0;0;0;15;0.0;0.0;3.5;;345;128;14.7;16.12;1.097;0;0;0;0;1;1;0;0;0;1;0;681;41;145;73;0;140
327.42;0.0;0;0;0;7.5;102;0;55;15;0;107;0;0.82;1.0;1.0;0;0;15;0.0;0.0;3.51;;345;128;14.7;16.12;1.097;0;0;0;0;1;1;0;0;0;1;0;680;41;144;73;0;155
327.83;0.0;0;0;0;7.5;102;0;55;15;0;107;0;0.82;1.0;1.0;0;0;15;0.0;0.0;3.51;;345;128;14.7;16.82;1.144;0;0;0;0;1;1;0;0;0;1;0;680;41;144;73;0;155
328.22;0.0;0;0;0;7.5;102;0;55;15;0;107;0;0.82;1.0;1.0;0;0;15;0.0;0.0;3.51;;345;128;14.7;16.82;1.144;0;0;0;0;1;1;0;0;0;1;0;679;41;144;73;0;154
328.62;0.0;0;0;0;7.5;102;0;55;15;0;107;0;0.82;1.0;1.0;0;0;15;0.0;0.0;3.51;;345;128;14.7;16.82;1.144;0;0;0;0;1;1;0;0;0;1;0;680;41;144;73;0;154
329.04;0.0;0;0;0;7.5;102;0;55;15;0;107;0;0.82;1.0;1.0;0;0;15;0.0;0.0;3.51;;345;128;14.7;15.31;1.041;0;0;0;0;1;1;0;0;0;1;0;679;41;144;73;0;155
329.43;0.0;0;0;0;7.5;102;0;55;15;0;107;0;0.82;1.0;1.0;0;0;15;0.0;0.0;3.51;;345;128;14.7;15.31;1.041;0;0;0;0;1;1;0;0;0;1;0;683;41;144;73;0;155
329.83;0.0;0;0;0;7.5;102;0;55;15;0;107;0;0.82;1.0;1.0;0;0;15;0.0;0.0;3.51;;345;128;14.7;14.91;1.014;0;0;0;0;1;1;0;0;0;1;0;682;41;144;73;0;154
330.23;0.0;0;0;0;7.5;102;0;55;15;0;107;0;0.82;1.0;1.0;0;0;15;0.0;0.0;3.51;;345;128;14.7;14.91;1.014;0;0;0;0;1;1;0;0;0;1;0;680;41;144;73;0;154
330.65;0.0;0;0;0;7.5;102;0;55;15;0;108;0;0.83;1.0;1.0;0;0;15;0.0;0.0;3.51;;345;128;14.7;14.91;1.014;0;0;0;0;1;1;0;0;0;1;0;684;41;144;73;0;155
331.05;0.0;0;0;0;7.5;101;0;55;15;0;108;0;0.83;1.0;1.0;0;0;15;0.0;0.0;3.5;;345;128;14.7;14.52;0.988;0;0;0;0;1;1;0;0;0;1;0;684;41;145;73;0;155
331.45;0.0;0;0;0;7.5;101;0;55;15;0;108;0;0.83;1.0;1.0;0;0;15;0.0;0.0;3.5;;345;128;14.7;14.52;0.988;0;0;0;0;1;1;0;0;0;1;0;684;41;145;73;0;154
331.85;0.0;0;0;0;7.5;101;0;55;15;0;108;0;0.83;1.0;1.0;0;0;15;0.0;0.0;3.5;;345;128;14.7;16.62;1.131;0;0;0;0;1;1;0;0;0;1;0;684;41;145;73;0;155
332.25;0.0;0;0;0;7.5;102;0;55;15;0;108;0;0.83;1.0;1.0;0;0;15;0.0;0.0;3.51;;345;128;14.7;16.62;1.131;0;0;0;0;1;1;0;0;0;1;0;684;41;145;73;0;154
332.65;0.0;0;0;0;7.5;102;0;55;15;0;108;0;0.83;1.0;1.0;0;0;15;0.0;0.0;3.51;;345;128;14.7;16.62;1.131;0;0;0;0;1;1;0;0;0;1;0;684;41;144;73;0;140
333.04;0.0;0;0;0;7.5;101;0;55;15;0;107;0;0.82;1.0;1.0;0;0;15;0.0;0.0;3.5;;345;128;14.7;16.91;1.15;0;0;0;0;1;1;0;0;0;1;0;683;41;145;73;0;155
333.46;0.0;0;0;0;7.5;102;0;55;15;0;107;0;0.82;1.0;1.0;0;0;15;0.0;0.0;3.51;;345;128;14.7;16.91;1.15;0;0;0;0;1;1;0;0;0;1;0;683;41;144;73;0;155
333.65;0.0;0;0;0;7.5;102;0;55;15;0;107;0;0.82;1.0;1.0;0;0;15;0.0;0.0;3.51;;345;128;14.7;16.91;1.15;0;0;0;0;1;1;0;0;0;1;0;683;41;144;73;0;154
334.07;0.0;0;0;0;7.5;102;0;55;15;0;107;0;0.82;1.0;1.0;0;0;15;0.0;0.0;3.51;;345;128;14.7;16.11;1.096;0;0;0;0;1;1;0;0;0;1;0;682;41;144;73;0;148
334.46;0.0;0;0;0;7.5;102;0;55;15;0;107;0;0.82;1.0;1.0;0;0;15;0.0;0.0;3.51;;345;128;14.7;16.11;1.096;0;0;0;0;1;1;0;0;0;1;0;681;41;144;73;0;155
334.87;0.0;0;0;0;7.5;102;0;55;15;0;107;0;0.82;1.0;1.0;0;0;15;0.0;0.0;3.51;;345;128;14.7;14.62;0.995;0;0;0;0;1;1;0;0;0;1;0;683;41;144;73;0;155
335.26;0.0;0;0;0;7.5;102;0;55;15;0;107;0;0.82;1.0;1.0;0;0;15;0.0;0.0;3.51;;345;128;14.7;14.62;0.995;0;0;0;0;1;1;0;0;0;1;0;683;41;144;73;0;154
335.67;0.0;0;0;0;7.5;102;0;55;15;0;107;0;0.82;1.0;1.0;0;0;15;0.0;0.0;3.51;;345;128;14.7;14.62;0.995;0;0;0;0;1;1;0;0;0;1;0;682;41;144;73;0;154
336.07;0.0;0;0;0;7.5;102;0;55;15;0;107;0;0.82;1.0;1.0;0;0;15;0.0;0.0;3.51;;345;128;14.7;15.12;1.029;0;0;0;0;1;1;0;0;0;1;0;682;41;144;73;0;155
336.46;0.0;0;0;0;7.5;102;0;55;15;0;107;0;0.82;1.0;1.0;0;0;15;0.0;0.0;3.51;;345;128;14.7;15.12;1.029;0;0;0;0;1;1;0;0;0;1;0;681;41;144;73;0;155
336.85;0.0;0;0;0;7.5;102;0;55;15;0;107;0;0.82;1.0;1.0;0;0;15;0.0;0.0;3.51;;345;128;14.7;16.02;1.09;0;0;0;0;1;1;0;0;0;1;0;681;41;144;73;0;155
337.27;0.0;0;0;0;7.5;102;0;55;15;0;107;0;0.82;1.0;1.0;0;0;15;0.0;0.0;3.51;;345;128;14.7;16.02;1.09;0;0;0;0;1;1;0;0;0;1;0;681;41;144;73;0;154
337.68;0.0;0;0;0;7.5;102;0;55;15;0;107;0;0.82;1.0;1.0;0;0;15;0.0;0.0;3.51;;345;128;14.7;16.02;1.09;0;0;0;0;1;1;0;0;0;1;0;682;41;144;73;0;155
338.07;0.0;0;0;0;7.5;102;0;55;15;0;107;0;0.82;1.0;1.0;0;0;15;0.0;0.0;3.51;;345;128;14.7;16.71;1.137;0;0;0;0;1;1;0;0;0;1;0;680;41;144;73;0;155
338.48;0.0;0;0;0;7.5;102;0;55;15;0;107;0;0.82;1.0;1.0;0;0;15;0.0;0.0;3.51;;345;128;14.7;16.71;1.137;0;0;0;0;1;1;0;0;0;1;0;682;41;144;73;0;155
338.87;0.0;0;0;0;7.5;102;0;55;15;0;107;0;0.82;1.0;1.0;0;0;15;0.0;0.0;3.51;;345;128;14.7;15.61;1.062;0;0;0;0;1;1;0;0;0;1;0;680;41;144;73;0;154
339.27;0.0;0;0;0;7.5;102;0;55;15;0;107;0;0.82;1.0;1.0;0;0;15;0.0;0.0;3.51;;345;128;14.7;15.61;1.062;0;0;0;0;1;1;0;0;0;1;0;679;41;144;73;0;155
339.69;0.0;0;0;0;7.5;102;0;55;15;0;107;0;0.82;1.0;1.0;0;0;15;0.0;0.0;3.51;;345;128;14.7;15.61;1.062;0;0;0;0;1;1;0;0;0;1;0;681;41;144;73;0;155
339.88;0.0;0;0;0;7.5;103;0;55;15;0;107;0;0.82;1.0;1.0;0;0;15;0.0;0.0;3.52;;345;128;14.7;15.42;1.049;0;0;0;0;1;1;0;0;0;1;0;678;41;143;73;0;154
340.28;0.0;0;0;0;7.5;103;0;55;15;0;107;0;0.82;1.0;1.0;0;0;15;0.0;0.0;3.52;;345;128;14.7;15.42;1.049;0;0;0;0;1;1;0;0;0;1;0;680;41;143;73;0;140
340.68;0.0;0;0;0;7.5;102;0;55;15;0;107;0;0.82;1.0;1.0;0;0;15;0.0;0.0;3.51;;345;128;14.7;15.42;1.049;0;0;0;0;1;1;0;0;0;1;0;683;41;144;73;0;155
341.1;0.0;0;0;0;7.5;102;0;55;15;0;107;0;0.82;1.0;1.0;0;0;15;0.0;0.0;3.51;;345;128;14.7;15.42;1.049;0;0;0;0;1;1;0;0;0;1;0;682;41;144;73;0;155
341.49;0.0;0;0;0;7.5;102;0;55;15;0;107;0;0.82;1.0;1.0;0;0;15;0.0;0.0;3.51;;345;128;14.7;15.42;1.049;0;0;0;0;1;1;0;0;0;1;0;682;41;144;73;0;154
341.89;0.0;0;0;0;7.5;102;0;55;15;0;107;0;0.82;1.0;1.0;0;0;15;0.0;0.0;3.51;;345;128;14.7;15.62;1.063;0;0;0;0;1;1;0;0;0;1;0;681;41;144;73;0;154
342.3;0.0;0;0;0;7.5;103;0;55;15;0;107;0;0.82;1.0;1.0;0;0;15;0.0;0.0;3.52;;345;128;14.7;15.62;1.063;0;0;0;0;1;1;0;0;0;1;0;679;41;143;73;0;154
342.7;0.0;0;0;0;7.5;103;0;55;15;0;107;0;0.82;1.0;1.0;0;0;15;0.0;0.0;3.52;;345;128;14.7;15.62;1.063;0;0;0;0;1;1;0;0;0;1;0;679;41;143;73;0;154
343.1;0.0;0;0;0;7.5;102;0;55;15;0;107;0;0.82;1.0;1.0;0;0;15;0.0;0.0;3.51;;345;128;14.7;16.52;1.124;0;0;0;0;1;1;0;0;0;1;0;681;41;144;73;0;154
343.5;0.0;0;0;0;7.5;103;0;55;15;0;107;0;0.82;1.0;1.0;0;0;15;0.0;0.0;3.52;;345;128;14.7;16.52;1.124;0;0;0;0;1;1;0;0;0;1;0;679;41;143;73;0;154
343.89;0.0;0;0;0;7.5;103;0;55;15;0;107;0;0.82;1.0;1.0;0;0;15;0.0;0.0;3.52;;345;128;14.7;15.91;1.082;0;0;0;0;1;1;0;0;0;1;0;679;41;143;73;0;155
344.29;0.0;0;0;0;7.5;102;0;55;15;0;107;0;0.82;1.0;1.0;0;0;15;0.0;0.0;3.51;;345;128;14.7;15.91;1.082;0;0;0;0;1;1;0;0;0;1;0;681;41;144;73;0;154
344.69;0.0;0;0;0;7.5;102;0;55;15;0;107;0;0.82;1.0;1.0;0;0;15;0.0;0.0;3.51;;345;128;14.7;15.91;1.082;0;0;0;0;1;1;0;0;0;1;0;682;41;144;73;0;155
345.1;0.0;0;0;0;7.5;102;0;55;15;0;107;0;0.82;1.0;1.0;0;0;15;0.0;0.0;3.51;;345;128;14.7;14.62;0.995;0;0;0;0;1;1;0;0;0;1;0;682;41;144;73;0;155
345.5;0.0;0;0;0;7.5;103;0;55;15;0;107;0;0.82;1.0;1.0;0;0;15;0.0;0.0;3.52;;345;128;14.7;14.62;0.995;0;0;0;0;1;1;0;0;0;1;0;681;41;143;73;0;154
345.91;0.0;0;0;0;7.5;103;0;55;15;0;107;0;0.82;1.0;1.0;0;0;15;0.0;0.0;3.52;;345;128;14.7;14.82;1.008;0;0;0;0;1;1;0;0;0;1;0;679;41;143;73;0;154
346.12;0.0;0;0;0;7.5;102;0;55;15;0;107;0;0.82;1.0;1.0;0;0;15;0.0;0.0;3.51;;345;128;14.7;14.82;1.008;0;0;0;0;1;1;0;0;0;1;0;681;41;144;73;0;155
346.5;0.0;0;0;0;7.5;102;0;55;15;0;107;0;0.82;1.0;1.0;0;0;15;0.0;0.0;3.51;;345;128;14.7;14.82;1.008;0;0;0;0;1;1;0;0;0;1;0;682;41;144;73;0;155
346.91;0.0;0;0;0;7.5;102;0;55;15;0;107;0;0.82;1.0;1.0;0;0;15;0.0;0.0;3.51;;345;128;14.7;15.31;1.041;0;0;0;0;1;1;0;0;0;1;0;681;41;144;73;0;154
347.31;0.0;0;0;0;7.5;103;0;55;15;0;107;0;0.82;1.0;1.0;0;0;15;0.0;0.0;3.52;;345;128;14.7;15.31;1.041;0;0;0;0;1;1;0;0;0;1;0;679;41;143;73;0;155
347.72;0.0;0;0;0;7.5;103;0;55;15;0;107;0;0.82;1.0;1.0;0;0;15;0.0;0.0;3.52;;345;128;14.7;15.31;1.041;0;0;0;0;1;1;0;0;0;1;0;681;41;143;73;0;155
348.11;0.0;0;0;0;7.5;102;0;55;15;0;107;0;0.82;1.0;1.0;0;0;15;0.0;0.0;3.51;;345;128;14.7;15.62;1.063;0;0;0;0;1;1;0;0;0;1;0;682;41;144;73;0;154
348.52;0.0;0;0;0;7.5;103;0;55;15;0;107;0;0.82;1.0;1.0;0;0;15;0.0;0.0;3.52;;345;128;14.7;15.62;1.063;0;0;0;0;1;1;0;0;0;1;0;679;41;143;73;0;154
348.92;0.0;0;0;0;7.5;102;0;55;15;0;107;0;0.82;1.0;1.0;0;0;15;0.0;0.0;3.51;;345;128;14.7;16.32;1.11;0;0;0;0;1;1;0;0;0;1;0;682;41;144;73;0;155
349.31;0.0;0;0;0;7.5;102;0;55;15;0;107;0;0.82;1.0;1.0;0;0;15;0.0;0.0;3.51;;345;128;14.7;16.32;1.11;0;0;0;0;1;1;0;0;0;1;0;682;41;144;73;0;154
349.73;0.0;0;0;0;7.5;102;0;55;15;0;107;0;0.82;1.0;1.0;0;0;15;0.0;0.0;3.51;;345;128;14.7;16.32;1.11;0;0;0;0;1;1;0;0;0;1;0;680;41;144;73;0;155
350.13;0.0;0;0;0;7.5;103;0;55;15;0;107;0;0.82;1.0;1.0;0;0;15;0.0;0.0;3.52;;345;128;14.7;14.62;0.995;0;0;0;0;1;1;0;0;0;1;0;680;41;143;73;0;155
350.54;0.0;0;0;0;7.5;103;0;55;15;0;107;0;0.82;1.0;1.0;0;0;15;0.0;0.0;3.52;;345;128;14.7;14.62;0.995;0;0;0;0;1;1;0;0;0;1;0;679;41;143;73;0;154
350.94;0.0;0;0;0;7.5;103;0;55;15;0;107;0;0.82;1.0;1.0;0;0;15;0.0;0.0;3.52;;345;128;14.7;15.32;1.042;0;0;0;0;1;1;0;0;0;1;0;682;41;143;73;0;155
351.33;0.0;0;0;0;7.5;103;0;55;15;0;107;0;0.82;1.0;1.0;0;0;15;0.0;0.0;3.52;;345;128;14.7;15.32;1.042;0;0;0;0;1;1;0;0;0;1;0;682;41;143;73;0;155
351.74;0.0;0;0;0;7.5;103;0;55;15;0;107;0;0.82;1.0;1.0;0;0;15;0.0;0.0;3.52;;345;128;14.7;15.32;1.042;0;0;0;0;1;1;0;0;0;1;0;679;41;143;73;0;140
351.93;0.0;0;0;0;7.5;103;0;55;15;0;107;0;0.82;1.0;1.0;0;0;15;0.0;0.0;3.52;;345;128;14.7;16.02;1.09;0;0;0;0;1;1;0;0;0;1;0;681;41;143;73;0;155
352.35;0.0;0;0;0;7.5;103;0;55;15;0;107;0;0.82;1.0;1.0;0;0;15;0.0;0.0;3.52;;345;128;14.7;16.02;1.09;0;0;0;0;1;1;0;0;0;1;0;679;41;143;73;0;154
352.73;0.0;0;0;0;7.5;103;0;55;15;0;107;0;0.82;1.0;1.0;0;0;15;0.0;0.0;3.52;;345;128;14.7;16.02;1.09;0;0;0;0;1;1;0;0;0;1;0;680;41;143;73;0;146
353.14;0.0;0;0;0;7.5;103;0;55;15;0;107;0;0.82;1.0;1.0;0;0;15;0.0;0.0;3.52;;345;128;14.7;16.32;1.11;0;0;0;0;1;1;0;0;0;1;0;681;41;143;73;0;155
353.55;0.0;0;0;0;7.5;103;0;55;15;0;107;0;0.82;1.0;1.0;0;0;15;0.0;0.0;3.52;;345;128;14.7;16.32;1.11;0;0;0;0;1;1;0;0;0;1;0;680;41;143;73;0;154
353.94;0.0;0;0;0;7.5;103;0;55;15;0;107;0;0.82;1.0;1.0;0;0;15;0.0;0.0;3.52;;345;128;14.7;16.31;1.11;0;0;0;0;1;1;0;0;0;1;0;679;41;143;73;0;147
354.35;0.0;0;0;0;7.5;103;0;55;15;0;107;0;0.82;1.0;1.0;0;0;15;0.0;0.0;3.52;;345;128;14.7;16.31;1.11;0;0;0;0;1;1;0;0;0;1;0;681;41;143;73;0;155
354.74;0.0;0;0;0;7.5;103;0;55;15;0;107;0;0.82;1.0;1.0;0;0;15;0.0;0.0;3.52;;345;128;14.7;16.31;1.11;0;0;0;0;1;1;0;0;0;1;0;681;41;143;73;0;154
355.14;0.0;0;0;0;7.5;102;0;55;15;0;107;0;0.82;1.0;1.0;0;0;15;0.0;0.0;3.51;;345;128;14.7;14.72;1.001;0;0;0;0;1;1;0;0;0;1;0;680;41;144;73;0;155
355.55;0.0;0;0;0;7.5;103;0;55;15;0;107;0;0.82;1.0;1.0;0;0;15;0.0;0.0;3.52;;345;128;14.7;14.72;1.001;0;0;0;0;1;1;0;0;0;1;0;680;41;143;73;0;154
355.95;0.0;0;0;0;7.5;102;0;55;15;0;107;0;0.82;1.0;1.0;0;0;15;0.0;0.0;3.51;;345;128;14.7;14.82;1.008;0;0;0;0;1;1;0;0;0;1;0;682;41;144;73;0;140
356.35;0.0;0;0;0;7.5;103;0;55;15;0;107;0;0.82;1.0;1.0;0;0;15;0.0;0.0;3.52;;345;128;14.7;14.82;1.008;0;0;0;0;1;1;0;0;0;1;0;680;41;143;73;0;155
356.75;0.0;0;0;0;7.5;103;0;55;15;0;107;0;0.82;1.0;1.0;0;0;15;0.0;0.0;3.52;;345;128;14.7;14.82;1.008;0;0;0;0;1;1;0;0;0;1;0;681;41;143;74;0;154
357.16;0.0;0;0;0;7.5;103;0;55;15;0;107;0;0.82;1.0;1.0;0;0;15;0.0;0.0;3.52;;345;128;14.7;15.91;1.082;0;0;0;0;1;1;0;0;0;1;0;681;41;143;74;0;155
357.57;0.0;0;0;0;7.5;103;0;55;15;0;107;0;0.82;1.0;1.0;0;0;15;0.0;0.0;3.52;;345;128;14.7;15.91;1.082;0;0;0;0;1;1;0;0;0;1;0;680;41;143;74;0;154
357.95;0.0;0;0;0;7.5;102;0;55;15;0;107;0;0.82;1.0;1.0;0;0;15;0.0;0.0;3.51;;345;128;14.7;15.61;1.062;0;0;0;0;1;1;0;0;0;1;0;683;41;144;73;0;155
358.17;0.0;0;0;0;7.5;102;0;55;15;0;108;0;0.83;1.0;1.0;0;0;15;0.0;0.0;3.51;;345;128;14.7;15.61;1.062;0;0;0;0;1;1;0;0;0;1;0;684;41;144;74;0;155
358.56;0.0;0;0;0;7.5;102;0;55;15;0;108;0;0.83;1.0;1.0;0;0;15;0.0;0.0;3.51;;345;128;14.7;15.61;1.062;0;0;0;0;1;1;0;0;0;1;0;684;41;144;74;0;154
358.96;0.0;0;0;0;7.5;102;0;55;15;0;108;0;0.83;1.0;1.0;0;0;15;0.0;0.0;3.51;;345;128;14.7;15.51;1.055;0;0;0;0;1;1;0;0;0;1;0;684;41;144;74;0;155
359.37;0.0;0;0;0;7.5;102;0;55;15;0;108;0;0.83;1.0;1.0;0;0;15;0.0;0.0;3.51;;345;128;14.7;15.51;1.055;0;0;0;0;1;1;0;0;0;1;0;684;41;144;73;0;155
359.77;0.0;0;0;0;7.5;102;0;55;15;0;108;0;0.83;1.0;1.0;0;0;15;0.0;0.0;3.51;;345;128;14.7;15.51;1.055;0;0;0;0;1;1;0;0;0;1;0;684;41;144;73;0;155
360.16;0.0;0;0;0;7.5;102;0;55;15;0;108;0;0.83;1.0;1.0;0;0;15;0.0;0.0;3.51;;345;128;14.7;14.71;1.001;0;0;0;0;1;1;0;0;0;1;0;684;41;144;73;0;154
360.56;0.0;0;0;0;7.5;102;0;55;15;0;107;0;0.82;1.0;1.0;0;0;15;0.0;0.0;3.51;;345;128;14.7;14.71;1.001;0;0;0;0;1;1;0;0;0;1;0;683;41;144;73;0;155
360.97;0.0;0;0;0;7.5;102;0;55;15;0;107;0;0.82;1.0;1.0;0;0;15;0.0;0.0;3.51;;345;128;14.7;15.12;1.029;0;0;0;0;1;1;0;0;0;1;0;683;41;144;73;0;155
361.37;0.0;0;0;0;7.5;102;0;55;15;0;107;0;0.82;1.0;1.0;0;0;15;0.0;0.0;3.51;;345;128;14.7;15.12;1.029;0;0;0;0;1;1;0;0;0;1;0;683;41;144;74;0;154
361.79;0.0;0;0;0;7.5;102;0;55;15;0;107;0;0.82;1.0;1.0;0;0;15;0.0;0.0;3.51;;345;128;14.7;15.12;1.029;0;0;0;0;1;1;0;0;0;1;0;682;41;144;74;0;155
362.19;0.0;0;0;0;7.5;103;0;55;15;0;107;0;0.82;1.0;1.0;0;0;15;0.0;0.0;3.52;;345;128;14.7;16.42;1.117;0;0;0;0;1;1;0;0;0;1;0;682;41;143;74;0;154
362.58;0.0;0;0;0;7.5;103;0;55;15;0;107;0;0.82;1.0;1.0;0;0;15;0.0;0.0;3.52;;345;128;14.7;16.42;1.117;0;0;0;0;1;1;0;0;0;1;0;682;41;143;74;0;140
363.0;0.0;0;0;0;7.5;103;0;55;15;0;107;0;0.82;1.0;1.0;0;0;15;0.0;0.0;3.52;;345;128;14.7;17.02;1.158;0;0;0;0;1;1;0;0;0;1;0;680;41;143;74;0;155
363.39;0.0;0;0;0;7.5;103;0;55;15;0;107;0;0.82;1.0;1.0;0;0;15;0.0;0.0;3.52;;345;128;14.7;17.02;1.158;0;0;0;0;1;1;0;0;0;1;0;679;41;143;74;0;154
363.8;0.0;0;0;0;7.5;103;0;55;15;0;107;0;0.82;1.0;1.0;0;0;15;0.0;0.0;3.52;;345;128;14.7;17.02;1.158;0;0;0;0;1;1;0;0;0;1;0;681;41;143;74;0;155
364.2;0.0;0;0;0;7.5;103;0;55;15;0;107;0;0.82;1.0;1.0;0;0;15;0.0;0.0;3.52;;345;128;14.7;16.01;1.089;0;0;0;0;1;1;0;0;0;1;0;681;41;143;74;0;154
364.41;0.0;0;0;0;7.5;103;0;55;15;0;107;0;0.82;1.0;1.0;0;0;15;0.0;0.0;3.52;;345;128;14.7;16.01;1.089;0;0;0;0;1;1;0;0;0;1;0;682;41;143;74;0;155
364.79;0.0;0;0;0;7.5;103;0;55;15;0;107;0;0.82;1.0;1.0;0;0;15;0.0;0.0;3.52;;345;128;14.7;16.01;1.089;0;0;0;0;1;1;0;0;0;1;0;682;41;143;74;0;155
365.2;0.0;0;0;0;7.5;103;0;55;15;0;107;0;0.82;1.0;1.0;0;0;15;0.0;0.0;3.52;;345;128;14.7;15.12;1.029;0;0;0;0;1;1;0;0;0;1;0;680;41;143;74;0;146
365.6;0.0;0;0;0;7.5;103;0;55;15;0;107;0;0.82;1.0;1.0;0;0;15;0.0;0.0;3.52;;345;128;14.7;15.12;1.029;0;0;0;0;1;1;0;0;0;1;0;681;41;143;74;0;155
365.99;0.0;0;0;0;7.5;103;0;55;15;0;107;0;0.82;1.0;1.0;0;0;15;0.0;0.0;3.52;;345;128;14.7;16.92;1.151;0;0;0;0;1;1;0;0;0;1;0;681;41;143;74;0;154
366.41;0.0;0;0;0;7.5;103;0;55;15;0;107;0;0.82;1.0;1.0;0;0;15;0.0;0.0;3.52;;345;128;14.7;16.92;1.151;0;0;0;0;1;1;0;0;0;1;0;681;41;143;74;0;154
366.8;0.0;0;0;0;7.5;103;0;55;15;0;107;0;0.82;1.0;1.0;0;0;15;0.0;0.0;3.52;;345;128;14.7;16.92;1.151;0;0;0;0;1;1;0;0;0;1;0;680;41;143;74;0;155
367.2;0.0;0;0;0;7.5;103;0;55;15;0;107;0;0.82;1.0;1.0;0;0;15;0.0;0.0;3.52;;345;128;14.7;16.32;1.11;0;0;0;0;1;1;0;0;0;1;0;680;41;143;74;0;154
367.61;0.0;0;0;0;7.5;103;0;55;15;0;107;0;0.82;1.0;1.0;0;0;15;0.0;0.0;3.52;;345;128;14.7;16.32;1.11;0;0;0;0;1;1;0;0;0;1;0;682;41;143;74;0;155
368.01;0.0;0;0;0;7.5;103;0;55;15;0;107;0;0.82;1.0;1.0;0;0;15;0.0;0.0;3.52;;345;128;14.7;15.62;1.063;0;0;0;0;1;1;0;0;0;1;0;681;41;143;74;0;154
368.42;0.0;0;0;0;7.5;103;0;55;15;0;107;0;0.82;1.0;1.0;0;0;15;0.0;0.0;3.52;;345;128;14.7;15.62;1.063;0;0;0;0;1;1;0;0;0;1;0;682;41;143;73;0;155
368.82;0.0;0;0;0;7.5;102;0;55;15;0;107;0;0.82;1.0;1.0;0;0;15;0.0;0.0;3.51;;345;128;14.7;15.62;1.063;0;0;0;0;1;1;0;0;0;1;0;683;41;144;74;0;154
369.21;0.0;0;0;0;7.5;102;0;55;15;0;108;0;0.83;1.0;1.0;0;0;15;0.0;0.0;3.51;;345;128;14.7;14.81;1.007;0;0;0;0;1;1;0;0;0;1;0;684;41;144;74;0;155
369.63;0.0;0;0;0;7.5;102;0;55;15;0;108;0;0.83;1.0;1.0;0;0;15;0.0;0.0;3.51;;345;128;14.7;14.81;1.007;0;0;0;0;1;1;0;0;0;1;0;684;41;144;74;0;155
370.03;0.0;0;0;0;7.5;102;0;55;15;0;108;0;0.83;1.0;1.0;0;0;15;0.0;0.0;3.51;;345;128;14.7;15.52;1.056;0;0;0;0;1;1;0;0;0;1;0;684;41;144;74;0;155
370.23;0.0;0;0;0;7.5;102;0;55;15;0;108;0;0.83;1.0;1.0;0;0;15;0.0;0.0;3.51;;345;128;14.7;15.52;1.056;0;0;0;0;1;1;0;0;0;1;0;684;41;144;74;0;154
370.63;0.0;0;0;0;7.5;102;0;55;15;0;108;0;0.83;1.0;1.0;0;0;15;0.0;0.0;3.51;;345;128;14.7;15.52;1.056;0;0;0;0;1;1;0;0;0;1;0;684;41;144;74;0;141
371.04;0.0;0;0;0;7.5;102;0;55;15;0;108;0;0.83;1.0;1.0;0;0;15;0.0;0.0;3.51;;345;128;14.7;16.32;1.11;0;0;0;0;1;1;0;0;0;1;0;684;41;144;74;0;155
371.43;0.0;0;0;0;7.5;102;0;55;15;0;107;0;0.82;1.0;1.0;0;0;15;0.0;0.0;3.51;;345;128;14.7;16.32;1.11;0;0;0;0;1;1;0;0;0;1;0;683;41;144;74;0;155
371.84;0.0;0;0;0;7.5;103;0;55;15;0;107;0;0.82;1.0;1.0;0;0;15;0.0;0.0;3.52;;345;128;14.7;16.32;1.11;0;0;0;0;1;1;0;0;0;1;0;683;41;143;74;0;154
372.24;0.0;0;0;0;7.5;103;0;55;15;0;107;0;0.82;1.0;1.0;0;0;15;0.0;0.0;3.52;;345;128;14.7;15.71;1.069;0;0;0;0;1;1;0;0;0;1;0;683;41;143;74;0;154
372.63;0.0;0;0;0;7.5;103;0;55;15;0;107;0;0.82;1.0;1.0;0;0;15;0.0;0.0;3.52;;345;128;14.7;15.71;1.069;0;0;0;0;1;1;0;0;0;1;0;681;41;143;74;0;155
373.05;0.0;0;0;0;7.5;103;0;55;15;0;107;0;0.82;1.0;1.0;0;0;15;0.0;0.0;3.52;;345;128;14.7;15.81;1.076;0;0;0;0;1;1;0;0;0;1;0;683;41;143;74;0;154
373.43;0.0;0;0;0;7.5;103;0;55;15;0;107;0;0.82;1.0;1.0;0;0;15;0.0;0.0;3.52;;345;128;14.7;15.81;1.076;0;0;0;0;1;1;0;0;0;1;0;683;41;143;74;0;155
373.83;0.0;0;0;0;7.5;103;0;55;15;0;107;0;0.82;1.0;1.0;0;0;15;0.0;0.0;3.52;;345;128;14.7;15.81;1.076;0;0;0;0;1;1;0;0;0;1;0;683;41;143;74;0;155
374.24;0.0;0;0;0;7.5;103;0;55;15;0;107;0;0.82;1.0;1.0;0;0;15;0.0;0.0;3.52;;345;128;14.7;14.91;1.014;0;0;0;0;1;1;0;0;0;1;0;681;41;143;74;0;154
374.64;0.0;0;0;0;7.5;103;0;55;15;0;107;0;0.82;1.0;1.0;0;0;15;0.0;0.0;3.52;;345;128;14.7;14.91;1.014;0;0;0;0;1;1;0;0;0;1;0;681;41;143;74;0;155
375.04;0.0;0;0;0;7.5;102;0;55;15;0;107;0;0.82;1.0;1.0;0;0;15;0.0;0.0;3.51;;345;128;14.7;15.62;1.063;0;0;0;0;1;1;0;0;0;1;0;683;41;144;74;0;154
375.46;0.0;0;0;0;7.5;103;0;55;15;0;107;0;0.82;1.0;1.0;0;0;15;0.0;0.0;3.52;;345;128;14.7;15.62;1.063;0;0;0;0;1;1;0;0;0;1;0;683;41;143;74;0;141
375.86;0.0;0;0;0;7.5;103;0;55;15;0;107;0;0.82;1.0;1.0;0;0;15;0.0;0.0;3.52;;345;128;14.7;15.62;1.063;0;0;0;0;1;1;0;0;0;1;0;681;41;143;74;0;155
376.26;0.0;0;0;0;7.5;103;0;55;15;0;107;0;0.82;1.0;1.0;0;0;15;0.0;0.0;3.52;;345;128;14.7;15.52;1.056;0;0;0;0;1;1;0;0;0;1;0;679;41;143;74;0;154
376.46;0.0;0;0;0;7.5;103;0;55;15;0;107;0;0.82;1.0;1.0;0;0;15;0.0;0.0;3.52;;345;128;14.7;15.52;1.056;0;0;0;0;1;1;0;0;0;1;0;681;41;143;74;0;155
376.86;0.0;0;0;0;7.5;103;0;55;15;0;107;0;0.82;1.0;1.0;0;0;15;0.0;0.0;3.52;;345;128;14.7;15.52;1.056;0;0;0;0;1;1;0;0;0;1;0;679;41;143;74;0;154
377.26;0.0;0;0;0;7.5;103;0;55;15;0;107;0;0.82;1.0;1.0;0;0;15;0.0;0.0;3.52;;345;128;14.7;15.61;1.062;0;0;0;0;1;1;0;0;0;1;0;682;41;143;74;0;155
377.65;0.0;0;0;0;7.5;103;0;55;15;0;107;0;0.82;1.0;1.0;0;0;15;0.0;0.0;3.52;;345;128;14.7;15.61;1.062;0;0;0;0;1;1;0;0;0;1;0;682;41;143;74;0;155
378.05;0.0;0;0;0;7.5;103;0;55;15;0;107;0;0.82;1.0;1.0;0;0;15;0.0;0.0;3.52;;345;128;14.7;15.62;1.063;0;0;0;0;1;1;0;0;0;1;0;679;41;143;74;0;146
378.45;0.0;0;0;0;7.5;103;0;55;15;0;107;0;0.82;1.0;1.0;0;0;15;0.0;0.0;3.52;;345;128;14.7;15.62;1.063;0;0;0;0;1;1;0;0;0;1;0;680;41;143;74;0;155
378.87;0.0;0;0;0;7.5;103;0;55;15;0;107;0;0.82;1.0;1.0;0;0;15;0.0;0.0;3.52;;345;128;14.7;15.62;1.063;0;0;0;0;1;1;0;0;0;1;0;681;41;143;74;0;154
379.26;0.0;0;0;0;7.5;103;0;55;15;0;107;0;0.82;1.0;1.0;0;0;15;0.0;0.0;3.52;;345;128;14.7;15.02;1.022;0;0;0;0;1;1;0;0;0;1;0;680;41;143;74;0;155
379.67;0.0;0;0;0;7.5;103;0;55;15;0;107;0;0.82;1.0;1.0;0;0;15;0.0;0.0;3.52;;345;128;14.7;15.02;1.022;0;0;0;0;1;1;0;0;0;1;0;682;41;143;74;0;154
380.07;0.0;0;0;0;7.5;103;0;55;15;0;107;0;0.82;1.0;1.0;0;0;15;0.0;0.0;3.52;;345;128;14.7;14.62;0.995;0;0;0;0;1;1;0;0;0;1;0;681;41;143;74;0;154
380.47;0.0;0;0;0;7.5;103;0;55;15;0;107;0;0.82;1.0;1.0;0;0;15;0.0;0.0;3.52;;345;128;14.7;14.62;0.995;0;0;0;0;1;1;0;0;0;1;0;680;41;143;74;0;155
380.86;0.0;0;0;0;7.5;103;0;55;15;0;107;0;0.82;1.0;1.0;0;0;15;0.0;0.0;3.52;;345;128;14.7;14.62;0.995;0;0;0;0;1;1;0;0;0;1;0;679;41;142;74;0;154
381.28;0.0;0;0;0;7.5;103;0;55;15;0;107;0;0.82;1.0;1.0;0;0;15;0.0;0.0;3.52;;345;128;14.7;16.32;1.11;0;0;0;0;1;1;0;0;0;1;0;680;41;143;74;0;155
381.68;0.0;0;0;0;7.5;103;0;55;15;0;107;0;0.82;1.0;1.0;0;0;15;0.0;0.0;3.52;;345;128;14.7;16.32;1.11;0;0;0;0;1;1;0;0;0;1;0;679;41;143;74;0;154
382.06;0.0;0;0;0;7.5;103;0;55;15;0;107;0;0.82;1.0;1.0;0;0;15;0.0;0.0;3.52;;345;128;14.7;17.02;1.158;0;0;0;0;1;1;0;0;0;1;0;681;41;143;74;0;155
382.46;0.0;0;0;0;7.5;103;0;55;15;0;107;0;0.82;1.0;1.0;0;0;15;0.0;0.0;3.52;;345;128;14.7;17.02;1.158;0;0;0;0;1;1;0;0;0;1;0;680;41;143;74;0;155
382.87;0.0;0;0;0;7.5;103;0;55;15;0;107;0;0.82;1.0;1.0;0;0;15;0.0;0.0;3.52;;345;128;14.7;17.02;1.158;0;0;0;0;1;1;0;0;0;1;0;681;41;143;74;0;140
383.07;0.0;0;0;0;7.5;103;0;55;15;0;107;0;0.82;1.0;1.0;0;0;15;0.0;0.0;3.52;;345;128;14.7;15.91;1.082;0;0;0;0;1;1;0;0;0;1;0;680;41;143;74;0;155
383.47;0.0;0;0;0;7.5;103;0;55;15;0;107;0;0.82;1.0;1.0;0;0;15;0.0;0.0;3.52;;345;128;14.7;15.91;1.082;0;0;0;0;1;1;0;0;0;1;0;682;41;143;74;0;154
383.88;0.0;0;0;0;7.5;103;0;55;15;0;107;0;0.82;1.0;1.0;0;0;15;0.0;0.0;3.52;;345;128;14.7;15.91;1.082;0;0;0;0;1;1;0;0;0;1;0;681;41;143;74;0;155
384.27;0.0;0;0;0;7.5;103;0;55;15;0;107;0;0.82;1.0;1.0;0;0;15;0.0;0.0;3.52;;345;128;14.7;15.12;1.029;0;0;0;0;1;1;0;0;0;1;0;683;41;143;74;0;154
384.69;0.0;0;0;0;7.5;103;0;55;15;0;107;0;0.82;1.0;1.0;0;0;15;0.0;0.0;3.52;;345;128;14.7;15.12;1.029;0;0;0;0;1;1;0;0;0;1;0;683;41;143;74;0;154
385.09;0.0;0;0;0;7.5;103;0;55;15;0;107;0;0.82;1.0;1.0;0;0;15;0.0;0.0;3.52;;345;128;14.7;15.52;1.056;0;0;0;0;1;1;0;0;0;1;0;683;41;143;74;0;155
385.48;0.0;0;0;0;7.5;103;0;55;15;0;107;0;0.82;1.0;1.0;0;0;15;0.0;0.0;3.52;;345;128;14.7;15.52;1.056;0;0;0;0;1;1;0;0;0;1;0;683;41;143;74;0;154
385.89;0.0;0;0;0;7.5;103;0;55;15;0;107;0;0.82;1.0;1.0;0;0;15;0.0;0.0;3.52;;345;128;14.7;15.52;1.056;0;0;0;0;1;1;0;0;0;1;0;682;41;143;74;0;155
386.3;0.0;0;0;0;7.5;103;0;55;15;0;107;0;0.82;1.0;1.0;0;0;15;0.0;0.0;3.52;;345;128;14.7;15.32;1.042;0;0;0;0;1;1;0;0;0;1;0;680;41;143;74;0;154
386.7;0.0;0;0;0;7.5;103;0;55;15;0;107;0;0.82;1.0;1.0;0;0;15;0.0;0.0;3.52;;345;128;14.7;15.32;1.042;0;0;0;0;1;1;0;0;0;1;0;679;41;143;74;0;154
387.08;0.0;0;0;0;7.5;103;0;55;15;0;107;0;0.82;1.0;1.0;0;0;15;0.0;0.0;3.52;;345;128;14.7;15.62;1.063;0;0;0;0;1;1;0;0;0;1;0;683;41;143;74;0;155
387.51;0.0;0;0;0;7.5;103;0;55;15;0;107;0;0.82;1.0;1.0;0;0;15;0.0;0.0;3.52;;345;128;14.7;15.62;1.063;0;0;0;0;1;1;0;0;0;1;0;681;41;143;74;0;146
387.9;0.0;0;0;0;7.5;103;0;55;15;0;107;0;0.82;1.0;1.0;0;0;15;0.0;0.0;3.52;;345;128;14.7;15.62;1.063;0;0;0;0;1;1;0;0;0;1;0;681;41;143;74;0;155
388.29;0.0;0;0;0;7.5;103;0;55;15;0;107;0;0.82;1.0;1.0;0;0;15;0.0;0.0;3.52;;345;128;14.7;15.51;1.055;0;0;0;0;1;1;0;0;0;1;0;678;41;142;74;0;154
388.69;0.0;0;0;0;7.5;103;0;55;15;0;107;0;0.82;1.0;1.0;0;0;15;0.0;0.0;3.52;;345;128;14.7;15.51;1.055;0;0;0;0;1;1;0;0;0;1;0;680;41;143;74;0;155
389.1;0.0;0;0;0;7.5;103;0;55;15;0;107;0;0.82;1.0;1.0;0;0;15;0.0;0.0;3.52;;345;128;14.7;15.12;1.029;0;0;0;0;1;1;0;0;0;1;0;679;41;143;74;0;154
389.31;0.0;0;0;0;7.5;103;0;55;15;0;107;0;0.82;1.0;1.0;0;0;15;0.0;0.0;3.52;;345;128;14.7;15.12;1.029;0;0;0;0;1;1;0;0;0;1;0;679;41;143;74;0;154
389.7;0.0;0;0;0;7.5;103;0;55;15;0;107;0;0.82;1.0;1.0;0;0;15;0.0;0.0;3.52;;345;128;14.7;15.12;1.029;0;0;0;0;1;1;0;0;0;1;0;682;41;143;74;0;154
390.1;0.0;0;0;0;7.5;103;0;55;15;0;107;0;0.82;1.0;1.0;0;0;15;0.0;0.0;3.52;;345;128;14.7;15.72;1.069;0;0;0;0;1;1;0;0;0;1;0;679;41;143;73;0;154
390.52;0.0;0;0;0;7.5;103;0;55;15;0;107;0;0.82;1.0;1.0;0;0;15;0.0;0.0;3.52;;345;128;14.7;15.72;1.069;0;0;0;0;1;1;0;0;0;1;0;682;41;143;74;0;154
390.92;0.0;0;0;0;7.5;103;0;55;15;0;107;0;0.82;1.0;1.0;0;0;15;0.0;0.0;3.52;;345;128;14.7;15.72;1.069;0;0;0;0;1;1;0;0;0;1;0;681;41;143;74;0;147
391.31;0.0;0;0;0;7.5;103;0;55;15;0;107;0;0.82;1.0;1.0;0;0;15;0.0;0.0;3.52;;345;128;14.7;15.62;1.063;0;0;0;0;1;1;0;0;0;1;0;681;41;143;73;0;154
391.71;0.0;0;0;0;7.5;103;0;55;15;0;107;0;0.82;1.0;1.0;0;0;15;0.0;0.0;3.52;;345;128;14.7;15.62;1.063;0;0;0;0;1;1;0;0;0;1;0;679;41;143;74;0;154
392.13;0.0;0;0;0;7.5;103;0;55;15;0;107;0;0.82;1.0;1.0;0;0;15;0.0;0.0;3.52;;345;128;14.7;16.82;1.144;0;0;0;0;1;1;0;0;0;1;0;681;41;143;74;0;154
392.52;0.0;0;0;0;7.5;103;0;55;15;0;107;0;0.82;1.0;1.0;0;0;15;0.0;0.0;3.52;;345;128;14.7;16.82;1.144;0;0;0;0;1;1;0;0;0;1;0;679;41;143;74;0;155
392.91;0.0;0;0;0;7.5;103;0;55;15;0;107;0;0.82;1.0;1.0;0;0;15;0.0;0.0;3.52;;345;128;14.7;16.82;1.144;0;0;0;0;1;1;0;0;0;1;0;681;41;143;74;0;154
393.32;0.0;0;0;0;7.5;103;0;55;15;0;107;0;0.82;1.0;1.0;0;0;15;0.0;0.0;3.52;;345;128;14.7;15.11;1.028;0;0;0;0;1;1;0;0;0;1;0;681;41;143;74;0;155
393.71;0.0;0;0;0;7.5;103;0;55;15;0;107;0;0.82;1.0;1.0;0;0;15;0.0;0.0;3.52;;345;128;14.7;15.11;1.028;0;0;0;0;1;1;0;0;0;1;0;680;41;143;74;0;146
394.14;0.0;0;0;0;7.5;103;0;55;15;0;107;0;0.82;1.0;1.0;0;0;15;0.0;0.0;3.52;;345;128;14.7;15.52;1.056;0;0;0;0;1;1;0;0;0;1;0;681;41;143;74;0;155
394.54;0.0;0;0;0;7.5;103;0;55;15;0;107;0;0.82;1.0;1.0;0;0;15;0.0;0.0;3.52;;345;128;14.7;15.52;1.056;0;0;0;0;1;1;0;0;0;1;0;680;41;143;74;0;154
394.94;0.0;0;0;0;7.5;103;0;55;15;0;107;0;0.82;1.0;1.0;0;0;15;0.0;0.0;3.52;;345;128;14.7;15.52;1.056;0;0;0;0;1;1;0;0;0;1;0;681;41;143;74;0;155
395.13;0.0;0;0;0;7.5;103;0;55;15;0;107;0;0.82;1.0;1.0;0;0;15;0.0;0.0;3.52;;345;128;14.7;15.02;1.022;0;0;0;0;1;1;0;0;0;1;0;679;41;143;74;0;154
395.52;0.0;0;0;0;7.5;103;0;55;15;0;107;0;0.82;1.0;1.0;0;0;15;0.0;0.0;3.52;;345;128;14.7;15.02;1.022;0;0;0;0;1;1;0;0;0;1;0;679;41;143;74;0;155
395.92;0.0;0;0;0;7.5;103;0;55;15;0;107;0;0.82;1.0;1.0;0;0;15;0.0;0.0;3.52;;345;128;14.7;15.02;1.022;0;0;0;0;1;1;0;0;0;1;0;680;41;143;74;0;154
396.33;0.0;0;0;0;7.5;103;0;55;15;0;107;0;0.82;1.0;1.0;0;0;15;0.0;0.0;3.52;;345;128;14.7;16.52;1.124;0;0;0;0;1;1;0;0;0;1;0;680;41;143;74;0;147
396.74;0.0;0;0;0;7.5;103;0;55;15;0;107;0;0.82;1.0;1.0;0;0;15;0.0;0.0;3.52;;345;128;14.7;16.52;1.124;0;0;0;0;1;1;0;0;0;1;0;681;41;143;74;0;155
397.14;0.0;0;0;0;7.5;103;0;55;15;0;107;0;0.82;1.0;1.0;0;0;15;0.0;0.0;3.52;;345;128;14.7;16.11;1.096;0;0;0;0;1;1;0;0;0;1;0;680;41;143;74;0;154
397.55;0.0;0;0;0;7.5;103;0;55;15;0;107;0;0.82;1.0;1.0;0;0;15;0.0;0.0;3.52;;345;128;14.7;16.11;1.096;0;0;0;0;1;1;0;0;0;1;0;679;41;142;74;0;155
397.94;0.0;0;0;0;7.5;103;0;55;15;0;107;0;0.82;1.0;1.0;0;0;15;0.0;0.0;3.52;;345;128;14.7;16.11;1.096;0;0;0;0;1;1;0;0;0;1;0;679;41;143;74;0;154
398.34;0.0;0;0;0;7.5;103;0;55;15;0;107;0;0.82;1.0;1.0;0;0;15;0.0;0.0;3.52;;345;128;14.7;16.71;1.137;0;0;0;0;1;1;0;0;0;1;0;679;41;143;74;0;154
398.76;0.0;0;0;0;7.5;103;0;55;15;0;107;0;0.82;1.0;1.0;0;0;15;0.0;0.0;3.52;;345;128;14.7;16.71;1.137;0;0;0;0;1;1;0;0;0;1;0;679;41;143;74;0;154
399.14;0.0;0;0;0;7.5;103;0;55;15;0;107;0;0.82;1.0;1.0;0;0;15;0.0;0.0;3.52;;345;128;14.7;15.62;1.063;0;0;0;0;1;1;0;0;0;1;0;680;41;143;74;0;154
399.54;0.0;0;0;0;7.5;103;0;55;15;0;107;0;0.82;1.0;1.0;0;0;15;0.0;0.0;3.52;;345;128;14.7;15.62;1.063;0;0;0;0;1;1;0;0;0;1;0;682;41;143;74;0;155
399.94;0.0;0;0;0;7.5;103;0;55;15;0;107;0;0.82;1.0;1.0;0;0;15;0.0;0.0;3.52;;345;128;14.7;15.62;1.063;0;0;0;0;1;1;0;0;0;1;0;680;41;143;74;0;154
400.34;0.0;0;0;0;7.5;103;0;55;15;0;107;0;0.82;1.0;1.0;0;0;15;0.0;0.0;3.52;;345;128;14.7;15.31;1.041;0;0;0;0;1;1;0;0;0;1;0;682;41;143;74;0;155
400.77;0.0;0;0;0;7.5;103;0;55;15;0;107;0;0.82;1.0;1.0;0;0;15;0.0;0.0;3.52;;345;128;14.7;15.31;1.041;0;0;0;0;1;1;0;0;0;1;0;679;41;142;74;0;155
401.15;0.0;0;0;0;7.5;103;0;55;15;0;107;0;0.82;1.0;1.0;0;0;15;0.0;0.0;3.52;;345;128;14.7;15.32;1.042;0;0;0;0;1;1;0;0;0;1;0;681;41;143;74;0;141
401.37;0.0;0;0;0;7.5;103;0;55;15;0;107;0;0.82;1.0;1.0;0;0;15;0.0;0.0;3.52;;345;128;14.7;15.32;1.042;0;0;0;0;1;1;0;0;0;1;0;680;41;143;74;0;155
401.76;0.0;0;0;0;7.5;103;0;55;15;0;107;0;0.82;1.0;1.0;0;0;15;0.0;0.0;3.52;;345;128;14.7;15.32;1.042;0;0;0;0;1;1;0;0;0;1;0;679;41;142;74;0;154
402.16;0.0;0;0;0;7.5;103;0;55;15;0;107;0;0.82;1.0;1.0;0;0;15;0.0;0.0;3.52;;345;128;14.7;15.71;1.069;0;0;0;0;1;1;0;0;0;1;0;680;41;143;74;0;155
402.58;0.0;0;0;0;7.5;103;0;55;15;0;107;0;0.82;1.0;1.0;0;0;15;0.0;0.0;3.52;;345;128;14.7;15.71;1.069;0;0;0;0;1;1;0;0;0;1;0;680;41;143;74;0;154
402.96;0.0;0;0;0;7.5;103;0;55;15;0;107;0;0.82;1.0;1.0;0;0;15;0.0;0.0;3.52;;345;128;14.7;15.71;1.069;0;0;0;0;1;1;0;0;0;1;0;680;41;143;74;0;154
403.38;0.0;0;0;0;7.5;103;0;55;15;0;107;0;0.82;1.0;1.0;0;0;15;0.0;0.0;3.52;;345;128;14.7;15.02;1.022;0;0;0;0;1;1;0;0;0;1;0;683;41;143;74;0;155
403.78;0.0;0;0;0;7.5;103;0;55;15;0;107;0;0.82;1.0;1.0;0;0;15;0.0;0.0;3.52;;345;128;14.7;15.02;1.022;0;0;0;0;1;1;0;0;0;1;0;679;41;143;74;0;145
404.18;0.0;0;0;0;7.5;103;0;55;15;0;107;0;0.82;1.0;1.0;0;0;15;0.0;0.0;3.52;;345;128;14.7;14.82;1.008;0;0;0;0;1;1;0;0;0;1;0;680;41;143;74;0;155
404.57;0.0;0;0;0;7.5;103;0;55;15;0;107;0;0.82;1.0;1.0;0;0;15;0.0;0.0;3.52;;345;128;14.7;14.82;1.008;0;0;0;0;1;1;0;0;0;1;0;679;41;143;74;0;154
404.97;0.0;0;0;0;7.5;103;0;55;15;0;107;0;0.82;1.0;1.0;0;0;15;0.0;0.0;3.52;;345;128;14.7;14.82;1.008;0;0;0;0;1;1;0;0;0;1;0;679;41;142;74;0;154
405.37;0.0;0;0;0;7.5;103;0;55;15;0;107;0;0.82;1.0;1.0;0;0;15;0.0;0.0;3.52;;345;128;14.7;16.21;1.103;0;0;0;0;1;1;0;0;0;1;0;683;41;143;74;0;154
405.78;0.0;0;0;0;7.5;103;0;55;15;0;107;0;0.82;1.0;1.0;0;0;15;0.0;0.0;3.52;;345;128;14.7;16.21;1.103;0;0;0;0;1;1;0;0;0;1;0;683;41;143;74;0;154
406.19;0.0;0;0;0;7.5;103;0;55;15;0;107;0;0.82;1.0;1.0;0;0;15;0.0;0.0;3.52;;345;128;14.7;16.31;1.11;0;0;0;0;1;1;0;0;0;1;0;683;41;143;74;0;155
406.59;0.0;0;0;0;7.5;103;0;55;15;0;107;0;0.82;1.0;1.0;0;0;15;0.0;0.0;3.52;;345;128;14.7;16.31;1.11;0;0;0;0;1;1;0;0;0;1;0;682;41;143;74;0;154
406.98;0.0;0;0;0;7.5;103;0;55;15;0;107;0;0.82;1.0;1.0;0;0;15;0.0;0.0;3.52;;345;128;14.7;16.31;1.11;0;0;0;0;1;1;0;0;0;1;0;681;41;143;74;0;155
407.39;0.0;0;0;0;7.5;103;0;55;15;0;107;0;0.82;1.0;1.0;0;0;15;0.0;0.0;3.52;;345;128;14.7;15.52;1.056;0;0;0;0;1;1;0;0;0;1;0;681;41;143;74;0;154
407.58;0.0;0;0;0;7.5;103;0;55;15;0;107;0;0.82;1.0;1.0;0;0;15;0.0;0.0;3.52;;345;128;14.7;15.52;1.056;0;0;0;0;1;1;0;0;0;1;0;682;41;143;74;0;155
407.99;0.0;0;0;0;7.5;103;0;55;15;0;107;0;0.82;1.0;1.0;0;0;15;0.0;0.0;3.52;;345;128;14.7;15.41;1.048;0;0;0;0;1;1;0;0;0;1;0;679;41;142;74;0;154
408.39;0.0;0;0;0;7.5;103;0;55;15;0;107;0;0.82;1.0;1.0;0;0;15;0.0;0.0;3.52;;345;128;14.7;15.41;1.048;0;0;0;0;1;1;0;0;0;1;0;679;41;143;74;0;140
408.81;0.0;0;0;0;7.5;103;0;55;15;0;107;0;0.82;1.0;1.0;0;0;15;0.0;0.0;3.52;;345;128;14.7;15.41;1.048;0;0;0;0;1;1;0;0;0;1;0;680;41;143;74;0;155
409.21;0.0;0;0;0;7.5;103;0;55;15;0;107;0;0.82;1.0;1.0;0;0;15;0.0;0.0;3.52;;345;128;14.7;15.41;1.048;0;0;0;0;1;1;0;0;0;1;0;683;41;143;74;0;140
409.6;0.0;0;0;0;7.5;103;0;55;15;0;107;0;0.82;1.0;1.0;0;0;15;0.0;0.0;3.52;;345;128;14.7;15.41;1.048;0;0;0;0;1;1;0;0;0;1;0;683;41;143;74;0;155
410.0;0.0;0;0;0;7.5;103;0;55;15;0;107;0;0.82;1.0;1.0;0;0;15;0.0;0.0;3.52;;345;128;14.7;16.02;1.09;0;0;0;0;1;1;0;0;0;1;0;682;41;143;74;0;154
410.4;0.0;0;0;0;7.5;103;0;55;15;0;107;0;0.82;1.0;1.0;0;0;15;0.0;0.0;3.52;;345;128;14.7;16.02;1.09;0;0;0;0;1;1;0;0;0;1;0;680;41;143;74;0;155
410.81;0.0;0;0;0;7.5;103;0;55;15;0;107;0;0.82;1.0;1.0;0;0;15;0.0;0.0;3.52;;345;128;14.7;16.02;1.09;0;0;0;0;1;1;0;0;0;1;0;678;41;142;74;0;154
411.21;0.0;0;0;0;7.5;103;0;55;15;0;107;0;0.82;1.0;1.0;0;0;15;0.0;0.0;3.52;;345;128;14.7;16.71;1.137;0;0;0;0;1;1;0;0;0;1;0;682;41;143;74;0;154
411.62;0.0;0;0;0;7.5;103;0;55;15;0;107;0;0.82;1.0;1.0;0;0;15;0.0;0.0;3.52;;345;128;14.7;16.71;1.137;0;0;0;0;1;1;0;0;0;1;0;681;41;143;74;0;155
412.02;0.0;0;0;0;7.5;103;0;55;15;0;107;0;0.82;1.0;1.0;0;0;15;0.0;0.0;3.52;;345;128;14.7;16.21;1.103;0;0;0;0;1;1;0;0;0;1;0;682;41;143;74;0;154
412.41;0.0;0;0;0;7.5;103;0;55;15;0;107;0;0.82;1.0;1.0;0;0;15;0.0;0.0;3.52;;345;128;14.7;16.21;1.103;0;0;0;0;1;1;0;0;0;1;0;680;41;142;74;0;155
412.82;0.0;0;0;0;7.5;103;0;55;15;0;107;0;0.82;1.0;1.0;0;0;15;0.0;0.0;3.52;;345;128;14.7;16.21;1.103;0;0;0;0;1;1;0;0;0;1;0;680;41;143;74;0;154
413.21;0.0;0;0;0;7.5;103;0;55;15;0;107;0;0.82;1.0;1.0;0;0;15;0.0;0.0;3.52;;345;128;14.7;15.21;1.035;0;0;0;0;1;1;0;0;0;1;0;680;41;143;74;0;155
413.42;0.0;0;0;0;7.5;103;0;55;15;0;107;0;0.82;1.0;1.0;0;0;15;0.0;0.0;3.52;;345;128;14.7;15.21;1.035;0;0;0;0;1;1;0;0;0;1;0;678;41;142;74;0;154
413.82;0.0;0;0;0;7.5;103;0;55;15;0;107;0;0.82;1.0;1.0;0;0;15;0.0;0.0;3.52;;345;128;14.7;15.21;1.035;0;0;0;0;1;1;0;0;0;1;0;680;41;143;74;0;147
414.22;0.0;0;0;0;7.5;103;0;55;15;0;107;0;0.82;1.0;1.0;0;0;15;0.0;0.0;3.52;;345;128;14.7;15.42;1.049;0;0;0;0;1;1;0;0;0;1;0;681;41;143;74;0;155
414.62;0.0;0;0;0;7.5;103;0;55;15;0;107;0;0.82;1.0;1.0;0;0;15;0.0;0.0;3.52;;345;128;14.7;15.42;1.049;0;0;0;0;1;1;0;0;0;1;0;679;41;143;74;0;154
415.02;0.0;0;0;0;7.5;103;0;55;15;0;107;0;0.82;1.0;1.0;0;0;15;0.0;0.0;3.52;;345;128;14.7;15.71;1.069;0;0;0;0;1;1;0;0;0;1;0;682;41;143;74;0;155
415.43;0.0;0;0;0;7.5;103;0;55;15;0;107;0;0.82;1.0;1.0;0;0;15;0.0;0.0;3.52;;345;128;14.7;15.71;1.069;0;0;0;0;1;1;0;0;0;1;0;682;41;143;73;0;154
415.84;0.0;0;0;0;7.5;103;0;55;15;0;107;0;0.82;1.0;1.0;0;0;15;0.0;0.0;3.52;;345;128;14.7;15.71;1.069;0;0;0;0;1;1;0;0;0;1;0;681;41;143;73;0;155
416.23;0.0;0;0;0;7.5;103;0;55;15;0;107;0;0.82;1.0;1.0;0;0;15;0.0;0.0;3.52;;345;128;14.7;16.91;1.15;0;0;0;0;1;1;0;0;0;1;0;679;41;142;73;0;154
416.62;0.0;0;0;0;7.5;103;0;55;15;0;107;0;0.82;1.0;1.0;0;0;15;0.0;0.0;3.52;;345;128;14.7;16.91;1.15;0;0;0;0;1;1;0;0;0;1;0;679;41;142;73;0;140
417.04;0.0;0;0;0;7.5;103;0;55;15;0;107;0;0.82;1.0;1.0;0;0;15;0.0;0.0;3.52;;345;128;14.7;15.61;1.062;0;0;0;0;1;1;0;0;0;1;0;680;41;143;73;0;155
417.45;0.0;0;0;0;7.5;103;0;55;15;0;107;0;0.82;1.0;1.0;0;0;15;0.0;0.0;3.52;;345;128;14.7;15.61;1.062;0;0;0;0;1;1;0;0;0;1;0;682;41;143;73;0;154
417.84;0.0;0;0;0;7.5;103;0;55;15;0;107;0;0.82;1.0;1.0;0;0;15;0.0;0.0;3.52;;345;128;14.7;15.61;1.062;0;0;0;0;1;1;0;0;0;1;0;680;41;143;73;0;155
418.23;0.0;0;0;0;7.5;103;0;55;15;0;107;0;0.82;1.0;1.0;0;0;15;0.0;0.0;3.52;;345;128;14.7;15.02;1.022;0;0;0;0;1;1;0;0;0;1;0;682;41;143;73;0;155
418.64;0.0;0;0;0;7.5;103;0;55;15;0;107;0;0.82;1.0;1.0;0;0;15;0.0;0.0;3.52;;345;128;14.7;15.02;1.022;0;0;0;0;1;1;0;0;0;1;0;682;41;143;73;0;154
419.05;0.0;0;0;0;7.5;103;0;55;15;0;107;0;0.82;1.0;1.0;0;0;15;0.0;0.0;3.52;;345;128;14.7;14.92;1.015;0;0;0;0;1;1;0;0;0;1;0;679;41;143;73;0;155
419.45;0.0;0;0;0;7.5;103;0;55;15;0;107;0;0.82;1.0;1.0;0;0;15;0.0;0.0;3.52;;345;128;14.7;14.92;1.015;0;0;0;0;1;1;0;0;0;1;0;679;41;142;73;0;154
419.66;0.0;0;0;0;7.5;103;0;55;15;0;107;0;0.82;1.0;1.0;0;0;15;0.0;0.0;3.52;;345;128;14.7;14.92;1.015;0;0;0;0;1;1;0;0;0;1;0;680;41;143;73;0;155
420.06;0.0;0;0;0;7.5;103;0;55;15;0;107;0;0.82;1.0;1.0;0;0;15;0.0;0.0;3.52;;345;128;14.7;14.91;1.014;0;0;0;0;1;1;0;0;0;1;0;682;41;143;73;0;154
420.46;0.0;0;0;0;7.5;103;0;55;15;0;107;0;0.82;1.0;1.0;0;0;15;0.0;0.0;3.52;;345;128;14.7;14.91;1.014;0;0;0;0;1;1;0;0;0;1;0;682;41;143;73;0;155
420.85;0.0;0;0;0;7.5;103;0;55;15;0;107;0;0.82;1.0;1.0;0;0;15;0.0;0.0;3.52;;345;128;14.7;14.91;1.014;0;0;0;0;1;1;0;0;0;1;0;682;41;143;73;0;155
421.26;0.0;0;0;0;7.5;103;0;55;15;0;107;0;0.82;1.0;1.0;0;0;15;0.0;0.0;3.52;;345;128;14.7;15.91;1.082;0;0;0;0;1;1;0;0;0;1;0;681;41;143;73;0;147
421.66;0.0;0;0;0;7.5;103;0;55;15;0;107;0;0.82;1.0;1.0;0;0;15;0.0;0.0;3.52;;345;128;14.7;15.91;1.082;0;0;0;0;1;1;0;0;0;1;0;679;41;142;73;0;154
422.07;0.0;0;0;0;7.5;103;0;55;15;0;107;0;0.82;1.0;1.0;0;0;15;0.0;0.0;3.52;;345;128;14.7;15.91;1.082;0;0;0;0;1;1;0;0;0;1;0;681;41;143;73;0;154
422.45;0.0;0;0;0;7.5;103;0;55;15;0;107;0;0.82;1.0;1.0;0;0;15;0.0;0.0;3.52;;345;128;14.7;15.91;1.082;0;0;0;0;1;1;0;0;0;1;0;678;41;142;73;0;154
422.87;0.0;0;0;0;7.5;103;0;55;15;0;107;0;0.82;1.0;1.0;0;0;15;0.0;0.0;3.52;;345;128;14.7;15.91;1.082;0;0;0;0;1;1;0;0;0;1;0;682;41;143;73;0;154
423.25;0.0;0;0;0;7.5;103;0;55;15;0;107;0;0.82;1.0;1.0;0;0;15;0.0;0.0;3.52;;345;128;14.7;15.52;1.056;0;0;0;0;1;1;0;0;0;1;0;680;41;143;73;0;155
423.67;0.0;0;0;0;7.5;103;0;55;15;0;107;0;0.82;1.0;1.0;0;0;15;0.0;0.0;3.52;;345;128;14.7;15.52;1.056;0;0;0;0;1;1;0;0;0;1;0;680;41;143;73;0;155
424.07;0.0;0;0;0;7.5;103;0;55;15;0;107;0;0.82;1.0;1.0;0;0;15;0.0;0.0;3.52;;345;128;14.7;14.82;1.008;0;0;0;0;1;1;0;0;0;1;0;679;41;142;73;0;154
424.46;0.0;0;0;0;7.5;103;0;55;15;0;107;0;0.82;1.0;1.0;0;0;15;0.0;0.0;3.52;;345;128;14.7;14.82;1.008;0;0;0;0;1;1;0;0;0;1;0;682;41;143;73;0;155
424.88;0.0;0;0;0;7.5;103;0;55;15;0;107;0;0.82;1.0;1.0;0;0;15;0.0;0.0;3.52;;345;128;14.7;14.82;1.008;0;0;0;0;1;1;0;0;0;1;0;682;41;143;73;0;154
425.27;0.0;0;0;0;7.5;103;0;55;15;0;107;0;0.82;1.0;1.0;0;0;15;0.0;0.0;3.52;;345;128;14.7;15.62;1.063;0;0;0;0;1;1;0;0;0;1;0;682;41;143;73;0;155
425.67;0.0;0;0;0;7.5;103;0;55;15;0;107;0;0.82;1.0;1.0;0;0;15;0.0;0.0;3.52;;345;128;14.7;15.62;1.063;0;0;0;0;1;1;0;0;0;1;0;682;41;143;73;0;155
425.89;0.0;0;0;0;7.5;103;0;55;15;0;107;0;0.82;1.0;1.0;0;0;15;0.0;0.0;3.52;;345;128;14.7;15.62;1.063;0;0;0;0;1;1;0;0;0;1;0;680;41;143;73;0;140
426.28;0.0;0;0;0;7.5;103;0;55;15;0;107;0;0.82;1.0;1.0;0;0;15;0.0;0.0;3.52;;345;128;14.7;16.41;1.116;0;0;0;0;1;1;0;0;0;1;0;680;41;143;73;0;155
426.68;0.0;0;0;0;7.5;103;0;55;15;0;107;0;0.82;1.0;1.0;0;0;15;0.0;0.0;3.52;;345;128;14.7;16.41;1.116;0;0;0;0;1;1;0;0;0;1;0;680;41;143;73;0;154
427.08;0.0;0;0;0;7.5;103;0;55;15;0;107;0;0.82;1.0;1.0;0;0;15;0.0;0.0;3.52;;345;128;14.7;16.02;1.09;0;0;0;0;1;1;0;0;0;1;0;679;41;143;73;0;155
427.48;0.0;0;0;0;7.5;103;0;55;15;0;107;0;0.82;1.0;1.0;0;0;15;0.0;0.0;3.52;;345;128;14.7;16.02;1.09;0;0;0;0;1;1;0;0;0;1;0;681;41;143;73;0;154
427.88;0.0;0;0;0;7.5;103;0;55;15;0;107;0;0.82;1.0;1.0;0;0;15;0.0;0.0;3.52;;345;128;14.7;16.02;1.09;0;0;0;0;1;1;0;0;0;1;0;681;41;143;73;0;155
428.28;0.0;0;0;0;7.5;103;0;55;15;0;107;0;0.82;1.0;1.0;0;0;15;0.0;0.0;3.52;;345;128;14.7;15.12;1.029;0;0;0;0;1;1;0;0;0;1;0;677;41;142;73;0;154
428.69;0.0;0;0;0;7.5;103;0;55;15;0;107;0;0.82;1.0;1.0;0;0;15;0.0;0.0;3.52;;345;128;14.7;15.12;1.029;0;0;0;0;1;1;0;0;0;1;0;681;41;143;73;0;146
429.09;0.0;0;0;0;7.5;103;0;55;15;0;107;0;0.82;1.0;1.0;0;0;15;0.0;0.0;3.52;;345;128;14.7;15.22;1.035;0;0;0;0;1;1;0;0;0;1;0;679;41;143;73;0;155
429.48;0.0;0;0;0;7.5;103;0;55;15;0;107;0;0.82;1.0;1.0;0;0;15;0.0;0.0;3.52;;345;128;14.7;15.22;1.035;0;0;0;0;1;1;0;0;0;1;0;678;41;143;73;0;154
429.9;0.0;0;0;0;7.5;103;0;55;15;0;107;0;0.82;1.0;1.0;0;0;15;0.0;0.0;3.52;;345;128;14.7;15.22;1.035;0;0;0;0;1;1;0;0;0;1;0;680;41;143;73;0;155
430.3;0.0;0;0;0;7.5;103;0;55;15;0;107;0;0.82;1.0;1.0;0;0;15;0.0;0.0;3.52;;345;128;14.7;16.02;1.09;0;0;0;0;1;1;0;0;0;1;0;680;41;143;73;0;154
430.7;0.0;0;0;0;7.5;103;0;55;15;0;107;0;0.82;1.0;1.0;0;0;15;0.0;0.0;3.52;;345;128;14.7;16.02;1.09;0;0;0;0;1;1;0;0;0;1;0;680;41;143;73;0;154
431.1;0.0;0;0;0;7.5;103;0;55;15;0;107;0;0.82;1.0;1.0;0;0;15;0.0;0.0;3.52;;345;128;14.7;16.21;1.103;0;0;0;0;1;1;0;0;0;1;0;682;41;143;73;0;155
431.5;0.0;0;0;0;7.5;103;0;55;15;0;107;0;0.82;1.0;1.0;0;0;15;0.0;0.0;3.52;;345;128;14.7;16.21;1.103;0;0;0;0;1;1;0;0;0;1;0;682;41;143;73;0;140
431.92;0.0;0;0;0;7.5;103;0;55;15;0;107;0;0.82;1.0;1.0;0;0;15;0.0;0.0;3.52;;345;128;14.7;16.21;1.103;0;0;0;0;1;1;0;0;0;1;0;682;41;143;73;0;155
432.1;0.0;0;0;0;7.5;103;0;55;15;0;107;0;0.82;1.0;1.0;0;0;15;0.0;0.0;3.52;;345;128;14.7;16.21;1.103;0;0;0;0;1;1;0;0;0;1;0;682;41;143;73;0;154
432.52;0.0;0;0;0;7.5;103;0;55;15;0;107;0;0.82;1.0;1.0;0;0;15;0.0;0.0;3.52;;345;128;14.7;16.21;1.103;0;0;0;0;1;1;0;0;0;1;0;682;41;143;73;0;155
432.92;0.0;0;0;0;7.5;103;0;55;15;0;107;0;0.82;1.0;1.0;0;0;15;0.0;0.0;3.52;;345;128;14.7;16.21;1.103;0;0;0;0;1;1;0;0;0;1;0;682;41;143;73;0;155
433.32;0.0;0;0;0;7.5;103;0;55;15;0;107;0;0.82;1.0;1.0;0;0;15;0.0;0.0;3.52;;345;128;14.7;15.12;1.029;0;0;0;0;1;1;0;0;0;1;0;682;41;143;73;0;147
433.72;0.0;0;0;0;7.5;103;0;55;15;0;107;0;0.82;1.0;1.0;0;0;15;0.0;0.0;3.52;;345;128;14.7;15.12;1.029;0;0;0;0;1;1;0;0;0;1;0;682;41;143;73;0;155
434.12;0.0;0;0;0;7.5;103;0;55;15;0;107;0;0.82;1.0;1.0;0;0;15;0.0;0.0;3.52;;345;128;14.7;15.21;1.035;0;0;0;0;1;1;0;0;0;1;0;680;41;143;73;0;154
434.51;0.0;0;0;0;7.5;103;0;55;15;0;107;0;0.82;1.0;1.0;0;0;15;0.0;0.0;3.52;;345;128;14.7;15.21;1.035;0;0;0;0;1;1;0;0;0;1;0;680;41;143;73;0;155
434.92;0.0;0;0;0;7.5;103;0;55;15;0;107;0;0.82;1.0;1.0;0;0;15;0.0;0.0;3.52;;345;128;14.7;15.21;1.035;0;0;0;0;1;1;0;0;0;1;0;679;41;143;73;0;154
435.32;0.0;0;0;0;7.5;103;0;55;15;0;107;0;0.82;1.0;1.0;0;0;15;0.0;0.0;3.52;;345;128;14.7;15.92;1.083;0;0;0;0;1;1;0;0;0;1;0;680;41;143;73;0;155
435.72;0.0;0;0;0;7.5;103;0;55;15;0;107;0;0.82;1.0;1.0;0;0;15;0.0;0.0;3.52;;345;128;14.7;15.92;1.083;0;0;0;0;1;1;0;0;0;1;0;682;41;143;73;0;155
436.12;0.0;0;0;0;7.5;103;0;55;15;0;107;0;0.82;1.0;1.0;0;0;15;0.0;0.0;3.52;;345;128;14.7;15.71;1.069;0;0;0;0;1;1;0;0;0;1;0;680;41;143;73;0;154
436.53;0.0;0;0;0;7.5;103;0;55;15;0;107;0;0.82;1.0;1.0;0;0;15;0.0;0.0;3.52;;345;128;14.7;15.71;1.069;0;0;0;0;1;1;0;0;0;1;0;681;41;143;73;0;154
1139.92;0.0;0;0;0;7.5;105;0;50;20;0;106;0;0.81;1.0;1.0;0;0;20;0.0;0.0;3.52;;345;128;14.7;;;0;0;0;0;1;1;0;0;0;1;0;673;41;139;82;0;140
1140.12;0.0;0;0;0;7.5;105;0;50;20;0;106;0;0.81;1.0;1.0;0;0;20;0.0;0.0;3.52;;345;128;14.7;;;0;0;0;0;1;1;0;0;0;1;0;673;41;139;82;0;140
1140.52;0.0;0;0;0;7.5;105;0;50;20;0;106;0;0.81;1.0;1.0;0;0;20;0.0;0.0;3.52;;345;128;14.7;;;0;0;0;0;1;1;0;0;0;1;0;673;41;139;82;0;154
1140.9;0.0;0;0;0;7.5;105;0;50;20;0;106;0;0.81;1.0;1.0;0;0;20;0.0;0.0;3.52;;345;128;14.7;;;0;0;0;0;1;1;0;0;0;1;0;673;41;140;81;0;154
1141.31;0.0;0;0;0;7.5;105;0;50;20;0;106;0;0.81;1.0;1.0;0;0;20;0.0;0.0;3.52;;345;128;14.7;;;0;0;0;0;1;1;0;0;0;1;0;674;41;140;81;0;154
1141.71;0.0;0;0;0;7.5;105;0;50;20;0;106;0;0.81;1.0;1.0;0;0;20;0.0;0.0;3.52;;345;128;14.7;;;0;0;0;0;1;1;0;0;0;1;0;674;41;140;81;0;154
1142.11;0.0;0;0;0;7.5;105;0;50;20;0;106;0;0.81;1.0;1.0;0;0;20;0.0;0.0;3.52;;345;128;14.7;;;0;0;0;0;1;1;0;0;0;1;0;674;41;140;80;0;155
1142.51;0.0;0;0;0;7.5;105;0;50;20;0;107;0;0.82;1.0;1.0;0;0;20;0.0;0.0;3.52;;345;128;14.7;;;0;0;0;0;1;1;0;0;0;1;0;676;41;140;80;0;154
1142.92;0.0;0;0;0;7.5;105;0;50;20;0;107;0;0.82;1.0;1.0;0;0;20;0.0;0.0;3.52;;345;128;14.7;;;0;0;0;0;1;1;0;0;0;1;0;676;41;140;80;0;154
1143.32;0.0;0;0;0;7.5;105;0;50;20;0;106;0;0.81;1.0;1.0;0;0;20;0.0;0.0;3.52;;345;128;14.7;;;0;0;0;0;1;1;0;0;0;1;0;675;41;140;81;0;154
1143.72;0.0;0;0;0;7.5;105;0;50;20;0;106;0;0.81;1.0;1.0;0;0;20;0.0;0.0;3.52;;345;128;14.7;;;0;0;0;0;1;1;0;0;0;1;0;672;41;140;80;0;154
1144.12;0.0;0;0;0;7.5;105;0;50;20;0;106;0;0.81;1.0;1.0;0;0;20;0.0;0.0;3.52;;345;128;14.7;;;0;0;0;0;1;1;0;0;0;1;0;675;41;140;81;0;154
1144.51;0.0;0;0;0;7.5;105;0;50;20;0;107;0;0.82;1.0;1.0;0;0;20;0.0;0.0;3.52;;345;128;14.7;;;0;0;0;0;1;1;0;0;0;1;0;676;41;140;81;0;154
1144.94;0.0;0;0;0;7.5;104;0;50;20;0;107;0;0.82;1.0;1.0;0;0;20;0.0;0.0;3.52;;345;128;14.7;;;0;0;0;0;1;1;0;0;0;1;0;676;41;141;83;0;154
1145.34;0.0;0;0;0;7.5;105;0;50;20;0;107;0;0.82;1.0;1.0;0;0;20;0.0;0.0;3.52;;345;128;14.7;;;0;0;0;0;1;1;0;0;0;1;0;676;41;140;82;0;154
1145.72;0.0;0;0;0;7.5;105;0;50;20;0;106;0;0.81;1.0;1.0;0;0;20;0.0;0.0;3.52;;345;128;14.7;;;0;0;0;0;1;1;0;0;0;1;0;675;41;140;81;0;155
1146.15;0.0;0;0;0;7.5;105;0;50;20;0;106;0;0.81;1.0;1.0;0;0;20;0.0;0.0;3.52;;345;128;14.7;;;0;0;0;0;1;1;0;0;0;1;0;673;41;140;81;0;154
1146.35;166;75;75;0;9.92;118;0;56;16;0;97;2;0.75;1.0;1.0;0;0;14;9.38;0.0;4.56;1.4;345;128;14.7;;;0;1;0;1;1;1;1;0;0;1;0;607;39;122;80;0;146
1146.73;1345;47;47;0;9.52;108;0;57;13;0;68;13;0.63;1.0;1.0;0;0;13;5.88;0.0;4.35;10.7;345;128;14.7;;;0;1;0;0;1;1;1;0;0;1;0;386;41;136;82;0;92
1147.13;1537;17;17;0;4.16;95;0;50;21;0;46;5;0.37;1.0;1.0;0;0;20;2.12;0.0;2.14;5.3;345;128;14.7;;;0;1;0;0;1;1;0;0;0;1;0;216;41;153;82;0;73
1147.53;1204;15;15;0;3.91;95;0;54;16;0;45;4;0.35;1.0;1.0;0;0;16;1.88;0.0;2.04;3.9;345;128;14.7;;;0;1;0;0;1;1;0;0;0;1;0;214;41;153;81;0;73
1147.94;756;22;22;0;5.0;96;0;55;15;0;52;3;0.43;1.0;1.0;0;0;15;2.75;0.0;2.48;3.1;345;128;14.7;;;0;1;0;0;1;1;0;0;0;1;0;262;41;152;82;0;77
1148.33;679;35;35;0;7.42;96;0;55;15;0;65;5;0.55;1.0;1.0;0;0;15;4.38;0.0;3.45;4.2;345;128;14.59;;;0;1;0;0;1;1;0;0;0;1;0;366;41;152;81;0;90
1148.74;1383;32;32;0;6.8;94;0;36;19;0;55;9;0.55;1.0;1.0;0;0;34;4.0;0.0;3.19;7.8;345;128;14.7;;;0;1;0;0;1;1;0;0;0;1;0;290;41;155;81;0;82
1149.14;1486;18;18;0;4.31;93;0;54;19;0;48;6;0.39;1.0;1.0;0;0;16;2.25;0.0;2.19;5.3;345;128;14.7;;;0;1;0;0;1;1;0;0;0;1;0;235;41;156;81;0;74
1149.54;986;27;27;0;5.8;94;0;55;15;0;55;6;0.5;1.0;1.0;0;0;15;3.38;0.0;2.79;4.8;345;128;14.47;;;0;1;0;0;1;1;0;0;0;1;0;289;41;155;81;0;75
1149.95;1140;29;29;0;6.16;93;0;54;15;0;55;7;0.53;1.0;1.0;0;0;16;3.62;0.0;2.93;5.9;345;128;14.7;;;0;1;0;0;1;1;0;0;0;1;0;291;41;156;81;0;82
1150.35;1255;23;23;0;5.18;93;0;53;18;0;51;6;0.46;1.0;1.0;0;0;17;2.88;0.0;2.54;5.4;345;128;14.7;;;0;1;0;0;1;1;0;0;0;1;0;254;41;156;81;0;76
1150.75;1178;21;21;1;4.86;93;0;54;17;0;50;6;0.43;1.0;1.0;0;0;16;2.62;0.6;2.41;4.8;345;128;14.7;;;0;1;0;0;1;1;0;0;0;1;0;249;42;156;81;0;72
1151.16;1140;24;24;0;5.3;92;0;54;16;0;52;6;0.47;1.0;1.0;0;0;16;3.0;0.0;2.58;5.0;345;128;14.7;;;0;1;0;0;1;1;0;0;0;1;0;263;41;157;81;0;77
1151.55;1153;24;24;0;5.33;93;0;55;16;0;52;6;0.47;1.0;1.0;0;0;15;3.0;0.0;2.6;5.1;345;128;14.7;;;0;1;0;0;1;1;0;0;0;1;0;265;41;156;81;0;77
1151.95;1178;24;24;0;5.33;95;0;55;15;0;52;6;0.48;1.0;1.0;0;0;15;3.0;0.0;2.61;5.2;345;128;14.7;;;0;1;0;0;1;1;0;0;0;1;0;266;41;155;81;0;38
1152.37;1114;23;23;0;5.02;92;0;54;16;0;51;5;0.44;1.0;1.0;0;0;16;2.88;0.0;2.47;4.7;345;128;14.7;;;0;1;0;0;1;1;0;0;0;1;0;258;41;157;81;0;76
1152.56;1101;22;22;0;4.98;93;0;55;15;0;52;5;0.46;1.0;1.0;0;0;15;2.75;0.0;2.46;4.6;345;128;14.7;;;0;1;0;0;1;1;0;0;0;1;0;260;41;157;81;0;73
1152.97;1050;23;23;0;5.07;92;0;55;15;0;52;5;0.45;1.0;1.0;0;0;15;2.88;0.0;2.49;4.4;345;128;14.7;;;0;1;0;0;1;1;0;0;0;1;0;264;41;157;81;0;77
1153.37;973;23;23;0;5.02;92;0;55;15;0;52;5;0.45;1.0;1.0;0;0;15;2.88;0.0;2.47;4.1;345;128;14.47;;;0;1;0;0;1;1;0;0;0;1;0;264;41;157;82;0;77
1153.77;1050;24;24;0;5.2;94;0;55;15;0;53;5;0.48;1.0;1.0;0;0;15;3.0;0.0;2.55;4.5;345;128;14.7;;;0;1;0;0;1;1;0;0;0;1;0;268;41;155;81;0;86
1154.17;1012;21;21;0;4.65;92;0;55;15;0;51;5;0.42;1.0;1.0;0;0;15;2.62;0.0;2.32;3.9;345;128;14.7;;;0;1;0;0;1;1;0;0;0;1;0;257;41;158;81;0;76
1154.58;1037;21;21;0;4.67;92;0;55;15;0;51;4;0.43;1.0;1.0;0;0;15;2.62;0.0;2.33;4.0;345;128;14.7;;;0;1;0;0;1;1;0;0;0;1;0;258;41;158;81;0;86
1154.98;896;21;21;0;4.6;92;0;55;15;0;51;4;0.41;1.0;1.0;0;0;15;2.62;0.0;2.3;3.4;345;128;14.7;;;0;1;0;0;1;1;0;0;0;1;0;256;41;158;82;0;76
1155.36;935;23;23;0;5.02;92;0;55;15;0;53;4;0.45;1.0;1.0;0;0;15;2.88;0.0;2.47;3.9;345;128;14.47;;;0;1;0;0;1;1;0;0;0;1;0;269;41;158;82;0;77
1155.77;973;24;24;0;5.12;92;0;55;15;0;53;5;0.46;1.0;1.0;0;0;15;3.0;0.0;2.51;4.2;345;128;14.47;;;0;1;0;0;1;1;0;0;0;1;0;270;41;158;82;0;74
1156.18;1037;23;23;0;4.95;92;0;55;15;0;52;5;0.45;1.0;1.0;0;0;15;2.88;0.0;2.44;4.3;345;128;14.7;;;0;1;0;0;1;1;0;0;0;1;0;260;41;158;82;0;77
1156.57;896;20;20;0;4.55;92;0;55;15;0;51;4;0.41;1.0;1.0;0;0;15;2.5;0.0;2.28;3.4;345;128;14.7;;;0;1;0;0;1;1;0;0;0;1;0;253;41;158;82;0;76
1156.98;845;22;22;0;4.77;92;0;55;15;0;52;4;0.42;1.0;1.0;0;0;15;2.75;0.0;2.37;3.4;345;128;14.7;;;0;1;0;0;1;1;0;0;0;1;0;263;41;158;81;0;77
1157.37;922;23;23;0;5.0;92;0;55;15;0;53;4;0.45;1.0;1.0;0;0;15;2.88;0.0;2.46;3.8;345;128;14.47;;;0;1;0;0;1;1;0;0;0;1;0;271;41;158;82;0;77
1157.8;948;22;22;0;4.8;92;0;55;15;0;52;4;0.44;1.0;1.0;0;0;15;2.75;0.0;2.38;3.8;345;128;14.7;;;0;1;0;0;1;1;0;0;0;1;0;262;41;158;82;0;77
1158.19;896;20;20;0;4.47;92;0;55;15;0;51;4;0.41;1.0;1.0;0;0;15;2.5;0.0;2.25;3.3;345;128;14.7;;;0;1;0;0;1;1;0;0;0;1;0;258;41;158;82;0;76
1158.58;884;22;22;0;4.8;92;0;55;15;0;52;4;0.43;1.0;1.0;0;0;15;2.75;0.0;2.38;3.5;345;128;14.7;;;0;1;0;0;1;1;0;0;0;1;0;262;41;158;82;0;77
1158.8;922;23;23;0;5.02;92;0;55;15;0;53;5;0.45;1.0;1.0;0;0;15;2.88;0.0;2.47;3.9;345;128;14.47;;;0;1;0;0;1;1;0;0;0;1;0;270;41;158;82;0;77
1159.2;948;22;22;0;4.77;92;0;55;15;0;52;4;0.44;1.0;1.0;0;0;15;2.75;0.0;2.37;3.8;345;128;14.7;;;0;1;0;0;1;1;0;0;0;1;0;265;41;158;83;0;38
1159.6;948;22;22;0;4.7;92;0;55;15;0;52;4;0.44;1.0;1.0;0;0;15;2.75;0.0;2.34;3.7;345;128;14.7;;;0;1;0;0;1;1;0;0;0;1;0;263;41;158;83;0;77
1160.0;922;25;25;0;5.3;92;0;55;15;0;54;5;0.48;1.0;1.0;0;0;15;3.12;0.0;2.58;4.1;345;128;14.47;;;0;1;0;0;1;1;0;0;0;1;0;280;41;158;83;0;82
1160.4;999;23;23;0;4.82;90;0;55;15;0;52;5;0.45;1.0;1.0;0;0;15;2.88;0.0;2.38;4.0;345;128;14.47;;;0;1;0;0;1;1;0;0;0;1;0;264;41;161;84;0;77
1160.81;973;21;21;0;4.43;89;0;55;15;0;51;4;0.42;1.0;1.0;0;0;15;2.62;0.0;2.22;3.6;345;128;14.7;;;0;1;0;0;1;1;0;0;0;1;0;255;41;162;84;0;86
1161.21;884;22;22;0;4.76;89;0;55;15;0;52;4;0.43;1.0;1.0;0;0;15;2.75;0.0;2.35;3.5;345;128;14.7;;;0;1;0;0;1;1;0;0;0;1;0;267;41;162;84;0;77
1161.61;948;24;24;0;5.02;88;0;55;15;0;53;5;0.45;1.0;1.0;0;0;15;3.0;0.0;2.45;4.0;345;128;14.47;;;0;1;0;0;1;1;0;0;0;1;0;270;41;163;83;0;81
1162.0;935;21;21;0;4.43;87;0;55;15;0;51;4;0.41;1.0;1.0;0;0;15;2.62;0.0;2.21;3.5;345;128;14.7;;;0;1;0;0;1;1;0;0;0;1;0;259;41;164;83;0;77
1162.41;999;22;23;1;4.73;87;0;55;15;0;52;5;0.45;1.0;1.0;0;0;15;2.75;0.6;2.33;3.9;345;128;14.7;;;0;1;0;0;1;1;0;0;0;1;0;260;42;164;83;0;77
1162.81;986;22;22;0;4.71;87;0;55;15;0;52;4;0.45;1.0;1.0;0;0;15;2.75;0.0;2.32;3.9;345;128;14.7;;;0;1;0;0;1;1;0;0;0;1;0;262;41;164;83;0;77
1163.21;948;22;22;0;4.68;87;0;55;15;0;52;4;0.44;1.0;1.0;0;0;15;2.75;0.0;2.31;3.7;345;128;14.7;;;0;1;0;0;1;1;0;0;0;1;0;262;41;164;83;0;77
1163.61;935;22;22;0;4.58;87;0;55;15;0;52;4;0.44;1.0;1.0;0;0;15;2.75;0.0;2.27;3.6;345;128;14.7;;;0;1;0;0;1;1;0;0;0;1;0;261;41;164;83;0;77
1164.0;871;20;20;0;4.41;87;0;55;15;0;51;4;0.41;1.0;1.0;0;0;15;2.5;0.0;2.2;3.2;345;128;14.7;;;0;1;0;0;1;1;0;0;0;1;0;258;41;164;83;0;76
1164.43;922;23;23;0;4.85;88;0;55;15;0;52;4;0.44;1.0;1.0;0;0;15;2.88;0.0;2.38;3.7;345;128;14.47;;;0;1;0;0;1;1;0;0;0;1;0;267;41;163;83;0;77
1164.82;871;21;21;0;4.57;88;0;55;15;0;52;4;0.43;1.0;1.0;0;0;15;2.62;0.0;2.27;3.3;345;128;14.7;;;0;1;0;0;1;1;0;0;0;1;0;264;41;163;82;0;77
1165.03;896;23;23;0;4.81;89;0;55;15;0;52;4;0.43;1.0;1.0;0;0;15;2.88;0.0;2.37;3.6;345;128;14.47;;;0;1;0;0;1;1;0;0;0;1;0;267;41;162;82;0;77
1165.43;845;21;21;0;4.57;90;0;55;15;0;52;4;0.42;1.0;1.0;0;0;15;2.62;0.0;2.28;3.2;345;128;14.7;;;0;1;0;0;1;1;0;0;0;1;0;261;41;161;82;0;77
1165.83;845;22;22;0;4.67;90;0;55;15;0;52;4;0.42;1.0;1.0;0;0;15;2.75;0.0;2.32;3.3;345;128;14.7;;;0;1;0;0;1;1;0;0;0;1;0;260;41;160;82;0;77
1166.23;820;21;21;0;4.57;90;0;55;15;0;52;4;0.42;1.0;1.0;0;0;15;2.62;0.0;2.28;3.1;345;128;14.7;;;0;1;0;0;1;1;0;0;0;1;0;260;41;160;82;0;77
1166.63;845;21;21;0;4.57;90;0;55;15;0;52;4;0.42;1.0;1.0;0;0;15;2.62;0.0;2.28;3.2;345;128;14.7;;;0;1;0;0;1;1;0;0;0;1;0;261;41;160;83;0;77
1167.03;845;20;20;0;4.33;91;0;55;15;0;51;3;0.4;1.0;1.0;0;0;15;2.5;0.0;2.19;3.0;345;128;14.7;;;0;1;0;0;1;1;0;0;0;1;0;257;41;159;82;0;86
1167.42;820;22;22;0;4.65;90;0;55;15;0;52;4;0.42;1.0;1.0;0;0;15;2.75;0.0;2.31;3.2;345;128;14.7;;;0;1;0;0;1;1;0;0;0;1;0;265;41;160;82;0;77
1167.82;807;21;21;0;4.6;90;0;55;15;0;52;4;0.43;1.0;1.0;0;0;15;2.62;0.0;2.29;3.1;345;128;14.7;;;0;1;0;0;1;1;0;0;0;1;0;262;41;160;82;0;77
1168.23;884;21;21;0;4.6;90;0;55;15;0;52;4;0.43;1.0;1.0;0;0;15;2.62;0.0;2.29;3.4;345;128;14.7;;;0;1;0;0;1;1;0;0;0;1;0;261;41;160;82;0;77
1168.63;896;22;22;0;4.62;90;0;55;15;0;52;4;0.43;1.0;1.0;0;0;15;2.75;0.0;2.3;3.4;345;128;14.7;;;0;1;0;0;1;1;0;0;0;1;0;261;41;160;83;0;77
1169.04;845;21;21;0;4.62;90;0;55;15;0;52;4;0.42;1.0;1.0;0;0;15;2.62;0.0;2.3;3.3;345;128;14.7;;;0;1;0;0;1;1;0;0;0;1;0;266;41;161;83;0;78
1169.43;845;21;21;0;4.63;89;0;55;15;0;52;4;0.42;1.0;1.0;0;0;15;2.62;0.0;2.3;3.3;345;128;14.7;16.3;1.109;0;1;0;0;1;1;0;0;0;1;0;263;41;162;83;0;77
1169.85;871;22;22;0;4.66;89;0;55;15;0;52;4;0.43;1.0;1.0;0;0;15;2.75;0.0;2.31;3.4;345;128;14.7;15.3;1.041;0;1;0;0;1;1;0;0;0;1;0;264;41;162;82;0;77
1170.25;896;22;22;0;4.68;89;0;55;15;0;52;4;0.43;1.0;1.0;0;0;15;2.75;0.0;2.32;3.5;345;128;14.7;14.1;0.959;0;1;0;0;1;1;0;0;0;1;0;263;41;162;82;0;77
1170.65;845;22;22;0;4.63;89;0;55;15;0;52;4;0.42;1.0;1.0;0;0;15;2.75;0.0;2.3;3.3;345;128;14.7;13.2;0.898;0;1;0;0;1;1;0;0;0;1;0;262;41;162;83;0;73
1171.05;871;22;22;0;4.72;90;0;55;15;0;52;4;0.43;1.0;1.0;0;0;15;2.75;0.0;2.34;3.4;345;128;14.7;14.9;1.014;0;1;0;0;1;1;0;0;0;1;0;262;41;161;83;0;77
1171.26;871;22;22;0;4.75;90;0;55;15;0;52;4;0.43;1.0;1.0;0;0;15;2.75;0.0;2.35;3.4;345;128;14.7;15.9;1.082;0;1;0;0;1;1;0;0;0;1;0;263;41;161;83;0;77
1171.64;845;22;22;0;4.67;90;0;55;15;0;52;4;0.42;1.0;1.0;0;0;15;2.75;0.0;2.32;3.3;345;128;14.7;14.2;0.966;0;1;0;0;1;1;0;0;0;1;0;266;41;161;83;0;78
1172.04;871;20;20;0;4.42;90;0;55;15;0;51;3;0.41;1.0;1.0;0;0;15;2.5;0.0;2.22;3.2;345;128;14.7;14.7;1.0;0;1;0;0;1;1;0;0;0;1;0;258;41;161;83;0;73
1172.44;768;22;22;0;4.65;90;0;55;15;0;52;4;0.43;1.0;1.0;0;0;15;2.75;0.0;2.31;3.0;345;128;14.7;16.4;1.116;0;1;0;0;1;1;0;0;0;1;0;266;41;161;83;0;81
1172.86;845;20;20;0;4.35;90;0;55;15;0;51;4;0.4;1.0;1.0;0;0;15;2.5;0.0;2.19;3.1;345;128;14.7;14.5;0.986;0;1;0;0;1;1;0;0;0;1;0;257;41;161;83;0;73
1173.24;884;20;20;0;4.4;90;0;55;15;0;51;3;0.41;1.0;1.0;0;0;15;2.5;0.0;2.21;3.2;345;128;14.7;13.7;0.932;0;1;0;0;1;1;0;0;0;1;0;257;41;161;82;0;73
1173.65;768;20;20;0;4.42;90;0;55;15;0;52;3;0.43;1.0;1.0;0;0;15;2.5;0.0;2.22;2.8;345;128;14.7;16.4;1.116;0;1;0;0;1;1;0;0;0;1;0;260;41;160;83;0;77
1174.05;820;22;22;0;4.72;90;0;55;15;0;52;4;0.42;1.0;1.0;0;0;15;2.75;0.0;2.34;3.2;345;128;14.7;14.8;1.007;0;1;0;0;1;1;0;0;0;1;0;264;41;161;83;0;77
1174.46;820;21;21;0;4.5;90;0;55;15;0;51;4;0.4;1.0;1.0;0;0;15;2.62;0.0;2.25;3.1;345;128;14.7;17.3;1.177;0;1;0;0;1;1;0;0;0;1;0;257;41;161;83;0;76
1174.85;832;20;20;0;4.4;90;0;55;15;0;51;3;0.4;1.0;1.0;0;0;15;2.5;0.0;2.21;3.1;345;128;14.7;15.6;1.061;0;1;0;0;1;1;0;0;0;1;0;252;41;160;83;0;76
1175.27;820;22;22;0;4.65;90;0;55;15;0;52;4;0.42;1.0;1.0;0;0;15;2.75;0.0;2.31;3.2;345;128;14.7;14.4;0.98;0;1;0;0;1;1;0;0;0;1;0;264;41;161;84;0;77
1175.67;768;22;22;0;4.62;90;0;55;15;0;52;4;0.43;1.0;1.0;0;0;15;2.75;0.0;2.3;3.0;345;128;14.7;15.3;1.041;0;1;0;0;1;1;0;0;0;1;0;264;41;161;84;0;77
1176.05;807;21;21;0;4.58;89;0;55;15;0;52;4;0.43;1.0;1.0;0;0;15;2.62;0.0;2.28;3.1;345;128;14.7;15.7;1.068;0;1;0;0;1;1;0;0;0;1;0;261;41;162;85;0;77
1176.48;845;23;23;0;4.78;89;0;55;15;0;52;4;0.42;1.0;1.0;0;0;15;2.88;0.0;2.36;3.4;345;128;14.47;15.4;1.064;0;1;0;0;1;1;0;0;0;1;0;267;41;162;85;0;77
1176.88;845;20;20;0;4.38;89;0;55;15;0;51;4;0.4;1.0;1.0;0;0;15;2.5;0.0;2.2;3.1;345;128;14.7;14.0;0.952;0;1;0;0;1;1;0;0;0;1;0;258;41;162;84;0;76
1177.27;820;20;20;0;4.27;90;0;55;15;0;51;3;0.4;1.0;1.0;0;0;15;2.5;0.0;2.16;2.9;345;128;14.7;14.1;0.959;0;1;0;0;1;1;0;0;0;1;0;254;41;161;84;0;76
1177.47;820;22;22;0;4.62;88;0;55;15;0;52;4;0.42;1.0;1.0;0;0;15;2.75;0.0;2.29;3.2;345;128;14.7;14.2;0.966;0;1;0;0;1;1;0;0;0;1;0;264;41;163;84;0;77
1177.88;832;20;20;0;4.38;87;0;55;15;0;51;3;0.4;1.0;1.0;0;0;15;2.5;0.0;2.19;3.0;345;128;14.7;14.5;0.986;0;1;0;0;1;1;0;0;0;1;0;259;41;164;84;0;76
1178.27;845;22;22;0;4.66;87;0;55;15;0;52;4;0.42;1.0;1.0;0;0;15;2.75;0.0;2.3;3.3;345;128;14.7;14.5;0.986;0;1;0;0;1;1;0;0;0;1;0;266;41;165;84;0;74
1178.68;820;21;21;0;4.56;87;0;55;15;0;52;4;0.42;1.0;1.0;0;0;15;2.62;0.0;2.26;3.1;345;128;14.7;16.1;1.095;0;1;0;0;1;1;0;0;0;1;0;263;41;165;84;0;77
1179.07;832;19;19;0;4.21;87;0;55;15;0;51;3;0.4;1.0;1.0;0;0;15;2.38;0.0;2.12;2.9;345;128;14.7;14.2;0.966;0;1;0;0;1;1;0;0;0;1;0;258;41;164;84;0;76
1179.48;820;20;20;0;4.31;87;0;55;15;0;51;3;0.4;1.0;1.0;0;0;15;2.5;0.0;2.16;2.9;345;128;14.7;13.4;0.912;0;1;0;0;1;1;0;0;0;1;0;258;41;164;83;0;77
1179.89;807;22;22;0;4.66;87;0;55;15;0;52;4;0.43;1.0;1.0;0;0;15;2.75;0.0;2.3;3.1;345;128;14.7;14.8;1.007;0;1;0;0;1;1;0;0;0;1;0;263;41;164;83;0;77
1180.28;820;20;20;0;4.41;87;0;55;15;0;51;4;0.4;1.0;1.0;0;0;15;2.5;0.0;2.2;3.0;345;128;14.7;14.3;0.973;0;1;0;0;1;1;0;0;0;1;0;258;41;165;83;0;76
1180.69;832;21;21;0;4.58;87;0;55;15;0;52;4;0.42;1.0;1.0;0;0;15;2.62;0.0;2.27;3.2;345;128;14.7;15.8;1.075;0;1;0;0;1;1;0;0;0;1;0;265;41;165;83;0;77
1181.09;845;21;21;0;4.46;87;0;55;15;0;52;4;0.42;1.0;1.0;0;0;15;2.62;0.0;2.22;3.1;345;128;14.7;16.2;1.102;0;1;0;0;1;1;0;0;0;1;0;260;41;165;83;0;77
1181.49;768;20;20;0;4.38;87;0;55;15;0;51;3;0.41;1.0;1.0;0;0;15;2.5;0.0;2.19;2.8;345;128;14.7;14.7;1.0;0;1;0;0;1;1;0;0;0;1;0;259;41;165;82;0;76
1181.91;845;22;22;0;4.66;87;0;55;15;0;52;4;0.42;1.0;1.0;0;0;15;2.75;0.0;2.3;3.3;345;128;14.7;14.41;0.98;0;1;0;0;1;1;0;0;0;1;0;262;41;164;82;0;77
1182.3;845;22;22;0;4.63;87;0;55;15;0;52;4;0.42;1.0;1.0;0;0;15;2.75;0.0;2.29;3.3;345;128;14.7;14.41;0.98;0;1;0;0;1;1;0;0;0;1;0;263;41;164;82;0;73
1182.7;832;20;20;0;4.41;87;0;55;15;0;51;3;0.4;1.0;1.0;0;0;15;2.5;0.0;2.2;3.1;345;128;14.7;16.02;1.09;0;1;0;0;1;1;0;0;0;1;0;258;41;164;82;0;76
1183.11;820;20;20;0;4.38;87;0;55;15;0;51;3;0.4;1.0;1.0;0;0;15;2.5;0.0;2.19;3.0;345;128;14.7;16.02;1.09;0;1;0;0;1;1;0;0;0;1;0;258;41;165;82;0;76
1183.3;832;21;21;0;4.48;87;0;55;15;0;52;3;0.42;1.0;1.0;0;0;15;2.62;0.0;2.23;3.1;345;128;14.7;16.02;1.09;0;1;0;0;1;1;0;0;0;1;0;260;41;165;83;0;77
1183.71;730;22;22;0;4.68;87;0;55;15;0;52;3;0.43;1.0;1.0;0;0;15;2.75;0.0;2.31;2.8;345;128;14.7;15.51;1.055;0;1;0;0;1;1;0;0;0;1;0;267;41;165;82;0;77
1184.11;781;22;22;0;4.58;87;0;55;15;0;52;4;0.43;1.0;1.0;0;0;15;2.75;0.0;2.27;3.0;345;128;14.7;15.51;1.055;0;1;0;0;1;1;0;0;0;1;0;261;41;164;82;0;77
1184.52;807;19;19;0;4.15;88;0;55;15;0;50;3;0.39;1.0;1.0;0;0;15;2.38;0.0;2.1;2.8;345;128;14.7;14.51;0.987;0;1;0;0;1;1;0;0;0;1;0;249;41;163;83;0;77
1184.9;704;22;22;0;4.68;87;0;55;15;0;53;3;0.45;1.0;1.0;0;0;15;2.75;0.0;2.31;2.7;345;128;14.7;14.51;0.987;0;1;0;0;1;1;0;0;0;1;0;269;41;163;82;0;77
1185.3;832;22;22;0;4.61;87;0;55;15;0;52;4;0.42;1.0;1.0;0;0;15;2.75;0.0;2.28;3.2;345;128;14.7;14.51;0.987;0;1;0;0;1;1;0;0;0;1;0;261;41;164;82;0;76
1185.72;845;20;20;0;4.31;87;0;55;15;0;51;3;0.4;1.0;1.0;0;0;15;2.5;0.0;2.16;3.0;345;128;14.7;14.62;0.995;0;1;0;0;1;1;0;0;0;1;0;252;41;164;82;0;76
1186.12;820;21;21;0;4.53;87;0;55;15;0;52;3;0.42;1.0;1.0;0;0;15;2.62;0.0;2.25;3.1;345;128;14.7;14.62;0.995;0;1;0;0;1;1;0;0;0;1;0;262;41;164;82;0;77
1186.53;768;23;23;0;4.83;87;0;55;15;0;52;4;0.43;1.0;1.0;0;0;15;2.88;0.0;2.37;3.1;345;128;14.47;15.52;1.073;0;1;0;0;1;1;0;0;0;1;0;267;41;164;82;0;73
1186.92;871;22;22;0;4.68;87;0;55;15;0;52;4;0.43;1.0;1.0;0;0;15;2.75;0.0;2.31;3.4;345;128;14.7;15.52;1.056;0;1;0;0;1;1;0;0;0;1;0;263;41;164;82;0;77
1187.32;807;20;20;0;4.31;87;0;55;15;0;51;3;0.41;1.0;1.0;0;0;15;2.5;0.0;2.16;2.9;345;128;14.7;15.52;1.056;0;1;0;0;1;1;0;0;0;1;0;254;41;164;83;0;76
1187.72;756;21;21;0;4.55;90;0;55;15;0;52;3;0.43;1.0;1.0;0;0;15;2.62;0.0;2.27;2.9;345;128;14.7;16.92;1.151;0;1;0;0;1;1;0;0;0;1;0;265;41;161;82;0;77
1188.12;781;21;21;0;4.58;87;0;55;15;0;52;4;0.43;1.0;1.0;0;0;15;2.62;0.0;2.27;3.0;345;128;14.7;16.92;1.151;0;1;0;0;1;1;0;0;0;1;0;260;41;164;83;0;77
1188.54;845;21;21;0;4.43;89;0;55;15;0;51;4;0.4;1.0;1.0;0;0;15;2.62;0.0;2.22;3.1;345;128;14.7;16.41;1.116;0;1;0;0;1;1;0;0;0;1;0;258;41;162;81;0;73
1188.93;820;22;22;0;4.66;87;0;55;15;0;52;4;0.42;1.0;1.0;0;0;15;2.75;0.0;2.3;3.2;345;128;14.7;16.41;1.116;0;1;0;0;1;1;0;0;0;1;0;260;41;165;81;0;77
1189.34;832;21;21;0;4.51;87;0;55;15;0;52;4;0.42;1.0;1.0;0;0;15;2.62;0.0;2.24;3.1;345;128;14.7;16.41;1.116;0;1;0;0;1;1;0;0;0;1;0;261;41;164;81;0;77
1189.53;756;21;21;0;4.56;87;0;55;15;0;52;3;0.43;1.0;1.0;0;0;15;2.62;0.0;2.26;2.9;345;128;14.7;14.81;1.007;0;1;0;0;1;1;0;0;0;1;0;261;41;164;81;0;76
1189.95;820;20;20;0;4.35;88;0;55;15;0;51;3;0.4;1.0;1.0;0;0;15;2.5;0.0;2.18;3.0;345;128;14.7;14.81;1.007;0;1;0;0;1;1;0;0;0;1;0;253;41;163;81;0;86
1190.34;845;22;22;0;4.68;87;0;55;15;0;52;4;0.42;1.0;1.0;0;0;15;2.75;0.0;2.31;3.3;345;128;14.7;14.81;1.007;0;1;0;0;1;1;0;0;0;1;0;265;41;164;81;0;77
1190.74;871;20;20;0;4.33;87;0;55;15;0;51;3;0.41;1.0;1.0;0;0;15;2.5;0.0;2.17;3.1;345;128;14.7;14.71;1.001;0;1;0;0;1;1;0;0;0;1;0;259;41;164;81;0;77
1191.14;756;22;22;0;4.61;87;0;55;15;0;52;3;0.43;1.0;1.0;0;0;15;2.75;0.0;2.28;2.9;345;128;14.7;14.71;1.001;0;1;0;0;1;1;0;0;0;1;0;262;41;164;82;0;77
1191.53;845;22;22;0;4.63;87;0;55;15;0;52;4;0.42;1.0;1.0;0;0;15;2.75;0.0;2.29;3.3;345;128;14.7;15.22;1.035;0;1;0;0;1;1;0;0;0;1;0;263;41;165;81;0;77
1191.95;845;21;21;0;4.46;87;0;55;15;0;51;4;0.4;1.0;1.0;0;0;15;2.62;0.0;2.22;3.1;345;128;14.7;15.22;1.035;0;1;0;0;1;1;0;0;0;1;0;258;41;165;82;0;77
1192.33;807;22;22;0;4.63;87;0;55;15;0;52;4;0.43;1.0;1.0;0;0;15;2.75;0.0;2.29;3.1;345;128;14.7;15.22;1.035;0;1;0;0;1;1;0;0;0;1;0;263;41;164;81;0;77
1192.74;820;22;22;0;4.66;87;0;55;15;0;52;4;0.42;1.0;1.0;0;0;15;2.75;0.0;2.3;3.2;345;128;14.7;15.61;1.062;0;1;0;0;1;1;0;0;0;1;0;265;41;165;81;0;77
1193.15;871;22;22;0;4.63;87;0;55;15;0;52;4;0.43;1.0;1.0;0;0;15;2.75;0.0;2.29;3.4;345;128;14.7;15.61;1.062;0;1;0;0;1;1;0;0;0;1;0;263;41;164;81;0;77
1193.55;845;22;22;0;4.62;88;0;55;15;0;52;4;0.42;1.0;1.0;0;0;15;2.75;0.0;2.29;3.3;345;128;14.7;15.81;1.076;0;1;0;0;1;1;0;0;0;1;0;263;41;163;81;0;77
1193.95;948;21;21;0;4.56;87;0;55;15;0;52;4;0.44;1.0;1.0;0;0;15;2.62;0.0;2.26;3.6;345;128;14.7;15.81;1.076;0;1;0;0;1;1;0;0;0;1;0;260;41;164;82;0;77
1194.35;845;20;20;0;4.28;87;0;55;15;0;51;3;0.4;1.0;1.0;0;0;15;2.5;0.0;2.15;3.0;345;128;14.7;15.81;1.076;0;1;0;0;1;1;0;0;0;1;0;258;41;164;82;0;76
1194.76;832;21;21;0;4.46;87;0;55;15;0;52;3;0.42;1.0;1.0;0;0;15;2.62;0.0;2.22;3.1;345;128;14.7;14.81;1.007;0;1;0;0;1;1;0;0;0;1;0;262;41;164;82;0;77
1195.15;871;22;22;0;4.66;87;0;55;15;0;52;4;0.43;1.0;1.0;0;0;15;2.75;0.0;2.3;3.4;345;128;14.7;14.81;1.007;0;1;0;0;1;1;0;0;0;1;0;262;41;165;80;0;77
1195.56;820;20;20;0;4.33;87;0;55;15;0;51;3;0.4;1.0;1.0;0;0;15;2.5;0.0;2.17;3.0;345;128;14.7;13.31;0.905;0;1;0;0;1;1;0;0;0;1;0;259;41;165;80;0;76
1195.75;781;22;22;0;4.61;87;0;55;15;0;52;4;0.43;1.0;1.0;0;0;15;2.75;0.0;2.28;3.0;345;128;14.7;13.31;0.905;0;1;0;0;1;1;0;0;0;1;0;261;41;165;80;0;86
1196.16;832;22;22;0;4.63;87;0;55;15;0;52;4;0.42;1.0;1.0;0;0;15;2.75;0.0;2.29;3.2;345;128;14.7;13.31;0.905;0;1;0;0;1;1;0;0;0;1;0;263;41;165;80;0;77
1196.56;845;21;21;0;4.58;87;0;55;15;0;52;4;0.42;1.0;1.0;0;0;15;2.62;0.0;2.27;3.2;345;128;14.7;13.71;0.933;0;1;0;0;1;1;0;0;0;1;0;263;41;165;80;0;77
1196.96;820;22;22;0;4.61;87;0;55;15;0;52;4;0.42;1.0;1.0;0;0;15;2.75;0.0;2.28;3.2;345;128;14.7;13.71;0.933;0;1;0;0;1;1;0;0;0;1;0;266;41;165;80;0;78
1197.37;884;22;22;0;4.61;87;0;55;15;0;52;4;0.43;1.0;1.0;0;0;15;2.75;0.0;2.28;3.4;345;128;14.7;13.71;0.933;0;1;0;0;1;1;0;0;0;1;0;262;41;165;82;0;77
1197.77;820;20;20;0;4.28;87;0;55;15;0;51;3;0.4;1.0;1.0;0;0;15;2.5;0.0;2.15;2.9;345;128;14.7;16.11;1.096;0;1;0;0;1;1;0;0;0;1;0;258;41;165;82;0;77
1198.18;768;22;22;0;4.57;86;0;55;15;0;52;4;0.43;1.0;1.0;0;0;15;2.75;0.0;2.26;2.9;345;128;14.7;16.11;1.096;0;1;0;0;1;1;0;0;0;1;0;261;41;166;82;0;77
1198.59;781;22;22;0;4.62;86;0;55;15;0;52;4;0.43;1.0;1.0;0;0;15;2.75;0.0;2.28;3.0;345;128;14.7;13.71;0.933;0;1;0;0;1;1;0;0;0;1;0;260;41;166;81;0;73
1198.99;781;20;20;0;4.41;91;0;55;15;0;51;3;0.41;1.0;1.0;0;0;15;2.5;0.0;2.22;2.9;345;128;14.7;13.71;0.933;0;1;0;0;1;1;0;0;0;1;0;258;41;159;81;0;76
1199.38;679;23;23;0;4.83;89;0;55;15;0;53;3;0.45;1.0;1.0;0;0;15;2.88;0.0;2.38;2.7;345;128;14.47;13.71;0.947;0;1;0;0;1;1;0;0;0;1;0;274;41;162;82;0;81
1199.79;768;29;29;0;5.8;90;0;55;15;0;56;5;0.51;1.0;1.0;0;0;15;3.62;0.0;2.77;3.7;345;128;14.47;14.11;0.975;0;1;0;0;1;1;0;0;0;1;0;295;41;160;83;0;83
1200.18;871;25;25;0;5.12;88;0;55;15;0;53;5;0.45;1.0;1.0;0;0;15;3.12;0.0;2.49;3.7;345;128;14.47;14.11;0.975;0;1;0;0;1;1;0;0;0;1;0;275;41;163;82;0;81
1200.57;922;22;22;0;4.75;88;0;55;15;0;52;4;0.44;1.0;1.0;0;0;15;2.75;0.0;2.34;3.6;345;128;14.7;13.11;0.892;0;1;0;0;1;1;0;0;0;1;0;261;41;163;82;0;73
1200.98;884;21;21;0;4.53;89;0;55;15;0;52;4;0.43;1.0;1.0;0;0;15;2.62;0.0;2.26;3.3;345;128;14.7;13.11;0.892;0;1;0;0;1;1;0;0;0;1;0;262;41;162;82;0;77
1201.39;781;23;23;0;4.81;89;0;55;15;0;53;4;0.45;1.0;1.0;0;0;15;2.88;0.0;2.37;3.1;345;128;14.47;13.11;0.906;0;1;0;0;1;1;0;0;0;1;0;269;41;162;81;0;77
1201.79;832;25;25;0;5.16;89;0;50;20;0;54;4;0.46;1.0;1.0;0;0;20;3.12;0.0;2.51;3.6;345;128;14.47;14.51;1.003;0;1;0;0;0;1;0;0;0;1;0;283;41;162;82;0;82
1201.98;884;22;22;0;4.71;89;0;50;20;0;52;4;0.43;1.0;1.0;0;0;20;2.75;0.0;2.33;3.5;345;128;14.7;14.51;0.987;0;1;0;0;0;1;0;0;0;1;0;265;41;162;82;0;77
1202.38;704;24;24;0;5.08;91;0;50;20;0;54;4;0.47;1.0;1.0;0;0;20;3.0;0.0;2.49;3.0;345;128;14.47;14.51;1.003;0;1;0;0;0;1;0;0;0;1;0;279;41;159;82;0;81
1202.8;628;30;30;0;6.0;92;0;50;20;0;60;4;0.53;1.0;1.0;0;0;20;3.75;0.0;2.86;3.1;345;128;14.7;13.61;0.926;0;1;0;0;0;1;0;0;0;1;0;320;41;158;82;0;81
1203.2;781;34;34;0;6.57;90;0;50;20;0;62;5;0.53;1.0;1.0;0;0;20;4.25;0.0;3.08;4.3;345;128;14.59;13.61;0.933;0;1;0;0;0;1;0;0;0;1;0;337;41;160;81;0;86
1203.59;820;28;28;0;5.67;88;0;50;20;0;57;5;0.5;1.0;1.0;0;0;20;3.5;0.0;2.71;3.9;345;128;14.47;13.71;0.947;0;1;0;0;0;1;0;0;0;1;0;302;41;163;82;0;83
1204.0;781;29;29;0;5.83;89;0;50;20;0;57;5;0.51;1.0;1.0;0;0;20;3.62;0.0;2.78;3.8;345;128;14.47;13.71;0.947;0;1;0;0;0;1;0;0;0;1;0;306;41;162;82;0;84
1204.39;768;29;29;0;5.91;91;0;50;20;0;58;5;0.52;1.0;1.0;0;0;20;3.62;0.0;2.82;3.8;345;128;14.47;13.71;0.947;0;1;0;0;0;1;0;0;0;1;0;313;41;159;81;0;77
1204.79;730;29;29;0;5.81;89;0;50;20;0;58;5;0.52;1.0;1.0;0;0;20;3.62;0.0;2.77;3.5;345;128;14.47;14.11;0.975;0;1;0;0;0;1;0;0;0;1;0;310;41;162;81;0;77
1205.21;756;28;28;0;5.63;89;0;50;20;0;57;4;0.51;1.0;1.0;0;0;20;3.5;0.0;2.7;3.5;345;128;14.47;14.11;0.975;0;1;0;0;0;1;0;0;0;1;0;302;41;162;81;0;83
1205.62;820;28;28;0;5.68;89;0;50;20;0;56;5;0.5;1.0;1.0;0;0;20;3.5;0.0;2.72;3.9;345;128;14.47;15.62;1.079;0;1;0;0;0;1;0;0;0;1;0;297;41;162;81;0;83
1206.0;832;28;28;0;5.73;89;0;50;20;0;56;5;0.5;1.0;1.0;0;0;20;3.5;0.0;2.74;4.0;345;128;14.47;15.62;1.079;0;1;0;0;0;1;0;0;0;1;0;295;41;162;82;0;77
1206.4;832;26;26;0;5.33;89;0;50;20;0;55;4;0.48;1.0;1.0;0;0;20;3.25;0.0;2.58;3.7;345;128;14.47;15.62;1.079;0;1;0;0;0;1;0;0;0;1;0;291;41;162;82;0;82
1206.82;807;28;28;0;5.66;89;0;50;20;0;56;5;0.51;1.0;1.0;0;0;20;3.5;0.0;2.71;3.8;345;128;14.47;13.91;0.961;0;1;0;0;0;1;0;0;0;1;0;295;41;162;83;0;82
1207.21;871;29;29;0;5.9;90;0;50;20;0;56;5;0.51;1.0;1.0;0;0;20;3.62;0.0;2.81;4.3;345;128;14.47;13.91;0.961;0;1;0;0;0;1;0;0;0;1;0;298;41;161;82;0;83
1207.61;871;27;27;0;5.52;90;0;50;20;0;56;5;0.51;1.0;1.0;0;0;20;3.38;0.0;2.66;4.0;345;128;14.47;15.71;1.086;0;1;0;0;0;1;0;0;0;1;0;292;41;161;82;0;82
1207.81;807;26;26;0;5.33;89;0;50;20;0;55;4;0.48;1.0;1.0;0;0;20;3.25;0.0;2.58;3.6;345;128;14.47;15.71;1.086;0;1;0;0;0;1;0;0;0;1;0;291;41;162;81;0;82
1208.21;768;28;28;0;5.61;89;0;50;20;0;56;5;0.51;1.0;1.0;0;0;20;3.5;0.0;2.69;3.6;345;128;14.47;15.71;1.086;0;1;0;0;0;1;0;0;0;1;0;293;41;162;81;0;76
1208.63;845;29;29;0;5.78;89;0;50;20;0;56;5;0.5;1.0;1.0;0;0;20;3.62;0.0;2.76;4.1;345;128;14.47;13.62;0.941;0;1;0;0;0;1;0;0;0;1;0;294;41;162;81;0;40
1209.02;871;29;29;0;5.78;89;0;50;20;0;56;5;0.51;1.0;1.0;0;0;20;3.62;0.0;2.76;4.2;345;128;14.47;13.62;0.941;0;1;0;0;0;1;0;0;0;1;0;298;41;162;81;0;83
1209.42;730;27;27;0;5.48;89;0;50;20;0;56;4;0.51;1.0;1.0;0;0;20;3.38;0.0;2.64;3.3;345;128;14.47;13.62;0.941;0;1;0;0;0;1;0;0;0;1;0;295;41;162;80;0;82
1209.83;845;29;29;0;5.78;89;0;50;20;0;56;5;0.5;1.0;1.0;0;0;20;3.62;0.0;2.76;4.1;345;128;14.47;13.51;0.934;0;1;0;0;0;1;0;0;0;1;0;299;41;162;80;0;83
1210.22;832;25;25;0;5.26;89;0;50;20;0;55;4;0.48;1.0;1.0;0;0;20;3.12;0.0;2.55;3.6;345;128;14.47;13.51;0.934;0;1;0;0;0;1;0;0;0;1;0;289;41;162;81;0;82
1210.63;756;25;25;0;5.26;89;0;50;20;0;55;4;0.48;1.0;1.0;0;0;20;3.12;0.0;2.55;3.3;345;128;14.47;15.31;1.058;0;1;0;0;0;1;0;0;0;1;0;286;41;162;81;0;82
1211.03;807;27;27;0;5.57;90;0;50;20;0;56;4;0.51;1.0;1.0;0;0;20;3.38;0.0;2.68;3.7;345;128;14.47;15.31;1.058;0;1;0;0;0;1;0;0;0;1;0;293;41;160;81;0;82
1211.43;807;28;28;0;5.77;90;0;50;20;0;56;5;0.51;1.0;1.0;0;0;20;3.5;0.0;2.76;3.9;345;128;14.47;15.31;1.058;0;1;0;0;0;1;0;0;0;1;0;296;41;161;82;0;82
1211.83;756;26;26;0;5.3;90;0;50;20;0;55;4;0.48;1.0;1.0;0;0;20;3.25;0.0;2.57;3.3;345;128;14.47;14.61;1.01;0;1;0;0;0;1;0;0;0;1;0;286;41;161;81;0;81
1212.23;807;28;28;0;5.8;92;0;50;20;0;56;5;0.51;1.0;1.0;0;0;20;3.5;0.0;2.78;3.9;345;128;14.47;14.61;1.01;0;1;0;0;0;1;0;0;0;1;0;295;41;159;81;0;82
1212.63;781;28;28;0;5.76;89;0;50;20;0;57;5;0.51;1.0;1.0;0;0;20;3.5;0.0;2.75;3.7;345;128;14.47;13.71;0.947;0;1;0;0;0;1;0;0;0;1;0;303;41;162;80;0;83
1213.04;884;28;28;0;5.77;90;0;50;20;0;56;5;0.51;1.0;1.0;0;0;20;3.5;0.0;2.76;4.3;345;128;14.47;13.71;0.947;0;1;0;0;0;1;0;0;0;1;0;297;41;161;79;0;76
1213.44;896;26;26;0;5.4;90;0;50;20;0;55;5;0.48;1.0;1.0;0;0;20;3.25;0.0;2.61;4.0;345;128;14.47;13.71;0.947;0;1;0;0;0;1;0;0;0;1;0;290;41;161;80;0;82
1213.83;768;26;26;0;5.3;90;0;50;20;0;55;4;0.48;1.0;1.0;0;0;20;3.25;0.0;2.57;3.4;345;128;14.47;13.31;0.92;0;1;0;0;0;1;0;0;0;1;0;288;41;161;79;0;82
1214.25;768;26;26;0;5.31;89;0;50;20;0;55;4;0.48;1.0;1.0;0;0;20;3.25;0.0;2.57;3.4;345;128;14.47;13.31;0.92;0;1;0;0;0;1;0;0;0;1;0;287;41;161;79;0;78
1214.43;845;28;28;0;5.75;90;0;50;20;0;56;5;0.5;1.0;1.0;0;0;20;3.5;0.0;2.75;4.0;345;128;14.47;13.31;0.92;0;1;0;0;0;1;0;0;0;1;0;293;41;161;79;0;82
1214.84;845;26;26;0;5.38;89;0;50;20;0;55;4;0.48;1.0;1.0;0;0;20;3.25;0.0;2.6;3.8;345;128;14.47;13.91;0.961;0;1;0;0;0;1;0;0;0;1;0;289;41;162;79;0;82
1215.25;768;24;24;0;5.06;89;0;50;20;0;54;4;0.47;1.0;1.0;0;0;20;3.0;0.0;2.47;3.2;345;128;14.47;13.91;0.961;0;1;0;0;0;1;0;0;0;1;0;283;41;162;79;0;82
1215.64;768;25;25;0;5.2;90;0;50;20;0;54;4;0.47;1.0;1.0;0;0;20;3.12;0.0;2.53;3.3;345;128;14.47;14.31;0.989;0;1;0;0;0;1;0;0;0;1;0;282;41;161;78;0;77
1216.04;730;25;25;0;5.27;90;0;50;20;0;55;4;0.48;1.0;1.0;0;0;20;3.12;0.0;2.56;3.2;345;128;14.47;14.31;0.989;0;1;0;0;0;1;0;0;0;1;0;291;41;161;78;0;82
1216.46;820;28;28;0;5.7;90;0;50;20;0;56;5;0.5;1.0;1.0;0;0;20;3.5;0.0;2.73;3.9;345;128;14.47;14.31;0.989;0;1;0;0;0;1;0;0;0;1;0;293;41;161;78;0;83
1216.86;756;25;25;0;5.27;90;0;50;20;0;55;4;0.48;1.0;1.0;0;0;20;3.12;0.0;2.56;3.3;345;128;14.47;14.41;0.996;0;1;0;0;0;1;0;0;0;1;0;289;41;161;78;0;82
1217.27;807;26;26;0;5.38;89;0;50;20;0;55;4;0.48;1.0;1.0;0;0;20;3.25;0.0;2.6;3.6;345;128;14.47;14.41;0.996;0;1;0;0;0;1;0;0;0;1;0;290;41;162;78;0;82
1217.66;807;26;26;0;5.28;89;0;50;20;0;55;4;0.48;1.0;1.0;0;0;20;3.25;0.0;2.56;3.6;345;128;14.47;15.21;1.051;0;1;0;0;0;1;0;0;0;1;0;291;41;162;78;0;82
1218.06;768;26;26;0;5.4;90;0;50;20;0;55;4;0.48;1.0;1.0;0;0;20;3.25;0.0;2.61;3.5;345;128;14.47;15.21;1.051;0;1;0;0;0;1;0;0;0;1;0;289;41;161;78;0;82
1218.47;832;27;27;0;5.52;90;0;50;20;0;56;5;0.5;1.0;1.0;0;0;20;3.38;0.0;2.66;3.8;345;128;14.47;15.21;1.051;0;1;0;0;0;1;0;0;0;1;0;293;41;161;78;0;82
1218.86;781;25;25;0;5.3;90;0;50;20;0;55;4;0.48;1.0;1.0;0;0;20;3.12;0.0;2.57;3.4;345;128;14.47;14.11;0.975;0;1;0;0;0;1;0;0;0;1;0;288;41;161;78;0;75
1219.28;768;26;26;0;5.41;89;0;50;20;0;55;4;0.48;1.0;1.0;0;0;20;3.25;0.0;2.61;3.5;345;128;14.47;14.11;0.975;0;1;0;0;0;1;0;0;0;1;0;289;41;162;78;0;82
1219.67;832;26;26;0;5.33;89;0;50;20;0;55;4;0.48;1.0;1.0;0;0;20;3.25;0.0;2.58;3.7;345;128;14.47;13.61;0.941;0;1;0;0;0;1;0;0;0;1;0;290;41;161;78;0;82
1220.07;768;26;26;0;5.3;90;0;50;20;0;55;4;0.48;1.0;1.0;0;0;20;3.25;0.0;2.57;3.4;345;128;14.47;13.61;0.941;0;1;0;0;0;1;0;0;0;1;0;285;41;161;78;0;40
1220.26;820;28;28;0;5.71;89;0;50;20;0;56;5;0.5;1.0;1.0;0;0;20;3.5;0.0;2.73;3.9;345;128;14.47;13.61;0.941;0;1;0;0;0;1;0;0;0;1;0;294;41;162;78;0;40
1220.68;717;27;27;0;5.52;90;0;50;20;0;56;4;0.51;1.0;1.0;0;0;20;3.38;0.0;2.66;3.3;345;128;14.47;14.61;1.01;0;1;0;0;0;1;0;0;0;1;0;294;41;160;78;0;83
1221.08;717;28;28;0;5.6;90;0;50;20;0;57;4;0.51;1.0;1.0;0;0;20;3.5;0.0;2.69;3.3;345;128;14.47;14.61;1.01;0;1;0;0;0;1;0;0;0;1;0;301;41;160;78;0;83
1221.49;730;28;28;0;5.63;91;0;50;20;0;57;4;0.51;1.0;1.0;0;0;20;3.5;0.0;2.71;3.4;345;128;14.47;14.61;1.01;0;1;0;0;0;1;0;0;0;1;0;304;41;159;78;0;84
1221.89;820;28;28;0;5.7;90;0;50;20;0;56;5;0.5;1.0;1.0;0;0;20;3.5;0.0;2.73;3.9;345;128;14.47;14.21;0.982;0;1;0;0;0;1;0;0;0;1;0;294;41;161;78;0;83
1222.29;781;27;27;0;5.52;90;0;50;20;0;55;5;0.48;1.0;1.0;0;0;20;3.38;0.0;2.66;3.6;345;128;14.47;14.21;0.982;0;1;0;0;0;1;0;0;0;1;0;290;41;162;77;0;82
1222.68;820;27;27;0;5.53;89;0;50;20;0;56;4;0.5;1.0;1.0;0;0;20;3.38;0.0;2.66;3.8;345;128;14.47;16.11;1.113;0;1;0;0;0;1;0;0;0;1;0;292;41;162;78;0;83
1223.08;768;28;28;0;5.62;90;0;50;20;0;56;5;0.51;1.0;1.0;0;0;20;3.5;0.0;2.7;3.6;345;128;14.47;16.11;1.113;0;1;0;0;0;1;0;0;0;1;0;293;41;161;78;0;83
1223.48;845;29;29;0;5.83;89;0;50;20;0;56;5;0.5;1.0;1.0;0;0;20;3.62;0.0;2.78;4.1;345;128;14.47;16.11;1.113;0;1;0;0;0;1;0;0;0;1;0;297;41;162;77;0;82
1223.88;820;28;28;0;5.61;89;0;50;20;0;56;5;0.5;1.0;1.0;0;0;20;3.5;0.0;2.69;3.8;345;128;14.47;14.01;0.968;0;1;0;0;0;1;0;0;0;1;0;293;41;162;77;0;83
1224.3;807;28;28;0;5.62;90;0;50;20;0;56;5;0.51;1.0;1.0;0;0;20;3.5;0.0;2.7;3.8;345;128;14.47;14.01;0.968;0;1;0;0;0;1;0;0;0;1;0;292;41;161;77;0;75
1224.68;845;29;29;0;5.81;89;0;50;20;0;56;5;0.5;1.0;1.0;0;0;20;3.62;0.0;2.77;4.1;345;128;14.47;14.41;0.996;0;1;0;0;0;1;0;0;0;1;0;296;41;162;77;0;82
1225.09;781;26;26;0;5.38;89;0;50;20;0;56;4;0.51;1.0;1.0;0;0;20;3.25;0.0;2.6;3.5;345;128;14.47;14.41;0.996;0;1;0;0;0;1;0;0;0;1;0;292;41;162;77;0;82
1225.49;781;26;26;0;5.28;89;0;50;20;0;55;4;0.48;1.0;1.0;0;0;20;3.25;0.0;2.56;3.4;345;128;14.47;14.41;0.996;0;1;0;0;0;1;0;0;0;1;0;290;41;162;77;0;82
1225.9;845;28;28;0;5.76;89;0;50;20;0;56;5;0.5;1.0;1.0;0;0;20;3.5;0.0;2.75;4.1;345;128;14.47;15.91;1.1;0;1;0;0;0;1;0;0;0;1;0;295;41;162;77;0;82
1226.3;820;27;27;0;5.48;89;0;50;20;0;56;4;0.5;1.0;1.0;0;0;20;3.38;0.0;2.64;3.7;345;128;14.47;15.91;1.1;0;1;0;0;0;1;0;0;0;1;0;292;41;162;77;0;81
1226.49;768;28;28;0;5.63;89;0;50;20;0;56;5;0.51;1.0;1.0;0;0;20;3.5;0.0;2.7;3.6;345;128;14.47;15.91;1.1;0;1;0;0;0;1;0;0;0;1;0;292;41;162;77;0;82
1226.9;832;28;28;0;5.68;89;0;50;20;0;56;5;0.5;1.0;1.0;0;0;20;3.5;0.0;2.72;3.9;345;128;14.47;14.51;1.003;0;1;0;0;0;1;0;0;0;1;0;296;41;162;77;0;76
1227.31;756;27;27;0;5.5;90;0;50;20;0;56;4;0.51;1.0;1.0;0;0;20;3.38;0.0;2.65;3.5;345;128;14.47;14.51;1.003;0;1;0;0;0;1;0;0;0;1;0;293;41;161;77;0;82
1227.7;832;28;28;0;5.68;89;0;50;20;0;56;5;0.5;1.0;1.0;0;0;20;3.5;0.0;2.72;3.9;345;128;14.47;16.11;1.113;0;1;0;0;0;1;0;0;0;1;0;297;41;162;77;0;83
1228.1;781;25;25;0;5.26;89;0;50;20;0;55;4;0.48;1.0;1.0;0;0;20;3.12;0.0;2.55;3.4;345;128;14.47;16.11;1.113;0;1;0;0;0;1;0;0;0;1;0;289;41;162;77;0;82
1228.5;807;28;28;0;5.73;89;0;50;20;0;56;5;0.51;1.0;1.0;0;0;20;3.5;0.0;2.74;3.9;345;128;14.47;16.11;1.113;0;1;0;0;0;1;0;0;0;1;0;296;41;162;77;0;83
1228.92;756;27;27;0;5.51;89;0;50;20;0;56;4;0.51;1.0;1.0;0;0;20;3.38;0.0;2.65;3.5;345;128;14.47;15.71;1.086;0;1;0;0;0;1;0;0;0;1;0;293;41;162;77;0;82
1229.31;807;26;26;0;5.4;90;0;50;20;0;55;4;0.48;1.0;1.0;0;0;20;3.25;0.0;2.61;3.6;345;128;14.47;15.71;1.086;0;1;0;0;0;1;0;0;0;1;0;289;41;161;76;0;82
1229.71;845;28;28;0;5.77;90;0;50;20;0;56;5;0.5;1.0;1.0;0;0;20;3.5;0.0;2.76;4.1;345;128;14.47;12.71;0.878;0;1;0;0;0;1;0;0;0;1;0;297;41;161;76;0;83
1230.12;832;26;26;0;5.4;88;0;50;20;0;55;5;0.48;1.0;1.0;0;0;20;3.25;0.0;2.6;3.7;345;128;14.47;12.71;0.878;0;1;0;0;0;1;0;0;0;1;0;290;41;163;76;0;82
1230.53;922;23;23;0;4.87;88;0;50;20;0;53;5;0.45;1.0;1.0;0;0;20;2.88;0.0;2.39;3.7;345;128;14.47;12.71;0.878;0;1;0;0;0;1;0;0;0;1;0;268;41;163;76;0;77
1230.91;717;31;31;4;6.17;90;0;42;28;0;62;5;0.53;1.0;1.0;0;0;28;3.88;2.3;2.92;3.7;345;128;14.59;13.41;0.919;0;1;0;0;0;0;0;0;0;1;0;342;49;161;76;0;86
1231.31;1153;46;46;4;8.51;89;0;37;33;0;72;12;0.61;1.0;1.0;0;0;33;5.75;2.3;3.85;8.2;345;128;14.7;13.41;0.912;0;1;0;0;0;0;0;0;0;1;0;414;49;162;76;0;101
1231.73;1473;35;35;3;6.72;88;0;29;41;0;58;11;0.6;1.0;1.0;0;0;41;4.38;1.7;3.13;8.2;345;128;14.7;15.01;1.021;0;1;0;0;0;0;0;0;0;1;0;313;46;163;76;0;84
1232.13;1178;32;32;3;6.32;90;0;31;41;0;57;8;0.57;1.0;1.0;0;0;39;4.0;1.7;2.98;6.2;345;128;14.7;15.01;1.021;0;1;0;0;0;0;0;0;0;1;0;303;46;160;76;0;84
1232.53;1204;33;33;2;6.36;89;0;30;39;0;57;8;0.58;1.0;1.0;0;0;40;4.12;1.2;2.99;6.4;345;128;14.7;15.01;1.021;0;1;0;0;0;0;0;0;0;1;0;306;45;162;76;0;84
1232.73;1140;32;32;1;6.23;89;0;31;20;0;56;8;0.56;1.0;1.0;0;0;39;4.0;0.6;2.94;5.9;345;128;14.7;12.81;0.871;0;1;0;0;0;1;0;0;0;1;0;295;43;163;76;0;76
1233.12;1140;25;25;1;5.17;90;0;50;20;0;53;6;0.48;1.0;1.0;0;0;20;3.12;0.6;2.52;4.9;345;128;14.7;12.81;0.871;0;1;0;0;0;1;0;0;0;1;0;270;42;160;77;0;77
1233.52;1089;24;24;1;4.98;89;0;50;20;0;52;6;0.46;1.0;1.0;0;0;20;3.0;0.6;2.44;4.5;345;128;14.7;12.81;0.871;0;1;0;0;0;1;0;0;0;1;0;267;42;162;77;0;77
1233.94;1153;24;24;1;5.0;90;0;50;20;0;52;6;0.47;1.0;1.0;0;0;20;3.0;0.6;2.45;4.8;345;128;14.7;14.81;1.007;0;1;0;0;0;1;0;0;0;1;0;264;42;160;77;0;77
1234.32;1153;23;23;1;4.77;88;0;50;20;0;52;5;0.47;1.0;1.0;0;0;20;2.88;0.6;2.35;4.6;345;128;14.7;14.81;1.007;0;1;0;0;0;1;0;0;0;1;0;261;42;163;77;0;77
1234.73;1178;22;22;1;4.61;89;0;50;20;0;50;5;0.43;1.0;1.0;0;0;20;2.75;0.6;2.29;4.5;345;128;14.7;15.22;1.035;0;1;0;0;0;1;0;0;0;1;0;251;42;162;76;0;76
1235.14;1153;19;19;1;4.25;88;0;50;20;0;49;5;0.4;1.0;1.0;0;0;20;2.38;0.6;2.14;4.1;345;128;14.7;15.22;1.035;0;1;0;0;0;1;0;0;0;1;0;246;42;163;76;0;75
1235.53;1050;19;19;1;4.15;88;0;50;20;0;49;4;0.38;1.0;1.0;0;0;20;2.38;0.6;2.1;3.6;345;128;14.7;15.22;1.035;0;1;0;0;0;1;0;0;0;1;0;247;42;163;76;0;76
1235.95;999;20;20;1;4.38;87;0;50;20;0;50;4;0.41;1.0;1.0;0;0;20;2.5;0.6;2.19;3.6;345;128;14.7;14.21;0.967;0;1;0;0;0;1;0;0;0;1;0;249;42;164;76;0;76
1236.35;935;20;20;1;4.26;87;0;50;20;0;51;4;0.41;1.0;1.0;0;0;20;2.5;0.6;2.14;3.3;345;128;14.7;14.21;0.967;0;1;0;0;0;1;0;0;0;1;0;252;42;164;76;0;76
1236.74;973;20;20;1;4.35;88;0;50;20;0;51;4;0.42;1.0;1.0;0;0;20;2.5;0.6;2.18;3.5;345;128;14.7;14.41;0.98;0;1;0;0;0;1;0;0;0;1;0;253;42;163;76;0;76
1237.16;884;20;20;1;4.28;89;0;50;20;0;51;4;0.41;1.0;1.0;0;0;20;2.5;0.6;2.16;3.2;345;128;14.7;14.41;0.98;0;1;0;0;0;1;0;0;0;1;0;253;42;162;76;0;74
1237.55;884;21;21;1;4.5;88;0;50;20;0;51;4;0.41;1.0;1.0;0;0;20;2.62;0.6;2.24;3.3;345;128;14.7;14.41;0.98;0;1;0;0;0;1;0;0;0;1;0;257;42;163;76;0;76
1237.95;973;21;21;1;4.52;90;0;50;20;0;51;4;0.42;1.0;1.0;0;0;20;2.62;0.6;2.26;3.7;345;128;14.7;14.41;0.98;0;1;0;0;0;1;0;0;0;1;0;254;42;160;77;0;76
1238.36;871;23;23;1;4.8;88;0;50;20;0;52;4;0.43;1.0;1.0;0;0;20;2.88;0.6;2.36;3.5;345;128;14.47;14.41;0.996;0;1;0;0;0;1;0;0;0;1;0;267;42;163;76;0;77
1238.76;986;23;23;1;4.9;88;0;50;20;0;53;5;0.46;1.0;1.0;0;0;20;2.88;0.6;2.4;4.0;345;128;14.47;15.51;1.072;0;1;0;0;0;1;0;0;0;1;0;270;42;163;76;0;77
1238.95;1101;20;20;1;4.35;88;0;50;20;0;50;4;0.41;1.0;1.0;0;0;20;2.5;0.6;2.18;4.0;345;128;14.7;15.51;1.055;0;1;0;0;0;1;0;0;0;1;0;251;42;163;76;0;76
1239.37;948;20;20;1;4.37;90;0;50;20;0;50;4;0.4;1.0;1.0;0;0;20;2.5;0.6;2.2;3.5;345;128;14.7;15.51;1.055;0;1;0;0;0;1;0;0;0;1;0;250;42;160;76;0;73
1239.75;973;25;25;2;5.1;88;0;50;20;0;54;5;0.48;1.0;1.0;0;0;20;3.12;1.2;2.48;4.1;345;128;14.47;14.31;0.989;0;1;0;0;0;1;0;0;0;1;0;276;44;163;76;0;81
1240.16;1332;41;41;5;7.66;89;0;32;38;0;64;11;0.63;1.0;1.0;0;0;38;5.12;2.9;3.51;8.5;345;128;14.7;14.31;0.973;0;1;0;0;0;0;0;0;0;1;0;352;51;162;76;0;86
1240.57;1588;40;40;5;7.42;88;0;28;42;0;62;13;0.63;1.0;1.0;0;0;42;5.0;2.9;3.41;9.8;345;128;14.7;14.31;0.973;0;1;0;0;0;0;0;0;0;1;0;340;51;163;76;0;86
1240.96;1473;35;35;5;6.67;90;0;26;44;0;59;12;0.6;1.0;1.0;0;0;44;4.38;2.9;3.12;8.2;345;128;14.7;14.01;0.953;0;1;0;0;0;0;0;0;0;1;0;316;51;161;76;0;84
1241.36;1639;33;33;5;6.43;89;0;25;45;0;56;11;0.59;1.0;1.0;0;0;45;4.12;2.9;3.02;8.8;345;128;14.7;14.01;0.953;0;1;0;0;0;0;0;0;0;1;0;299;51;162;76;0;40
1241.76;1652;31;31;5;6.11;89;0;23;47;0;55;11;0.56;1.0;1.0;0;0;47;3.88;2.9;2.89;8.4;345;128;14.7;14.62;0.995;0;1;0;0;0;0;0;0;0;1;0;290;51;162;76;0;82
1242.17;1665;29;29;5;5.82;90;0;24;46;0;54;10;0.54;1.0;1.0;0;0;46;3.62;2.9;2.78;8.1;345;128;14.7;14.62;0.995;0;1;0;0;0;0;0;0;0;1;0;282;51;161;76;0;82
1242.58;1396;29;29;5;5.85;90;0;26;44;0;55;9;0.55;1.0;1.0;0;0;44;3.62;2.9;2.79;6.8;345;128;14.7;14.62;0.995;0;1;0;0;0;0;0;0;0;1;0;287;50;161;76;0;40
1242.97;1281;35;35;5;6.68;89;0;29;41;0;59;10;0.59;1.0;1.0;0;0;41;4.38;2.9;3.12;7.1;345;128;14.7;13.91;0.946;0;1;0;0;0;0;0;0;0;1;0;317;50;162;75;0;85
1243.39;1217;24;24;1;5.03;89;0;38;20;0;52;6;0.48;1.0;1.0;0;0;32;3.0;0.6;2.46;5.1;345;128;14.7;13.91;0.946;0;1;0;0;0;1;0;0;0;1;0;267;42;162;76;0;75
1243.78;1140;23;23;1;4.82;90;0;50;20;0;52;5;0.47;1.0;1.0;0;0;20;2.88;0.6;2.38;4.6;345;128;14.7;13.01;0.885;0;1;0;0;0;1;0;0;0;1;0;260;42;160;75;0;77
1244.19;1063;25;25;1;5.18;89;0;50;20;0;53;6;0.48;1.0;1.0;0;0;20;3.12;0.6;2.52;4.6;345;128;14.7;13.01;0.885;0;1;0;0;0;1;0;0;0;1;0;271;42;162;75;0;39
1244.59;948;27;27;1;5.5;90;0;50;20;0;55;6;0.5;1.0;1.0;0;0;20;3.38;0.6;2.65;4.3;345;128;14.47;13.01;0.899;0;1;0;0;0;1;0;0;0;1;0;291;42;160;76;0;82
1244.78;1050;31;31;1;6.1;88;0;50;20;0;56;7;0.55;1.0;1.0;0;0;20;3.88;0.6;2.88;5.3;345;128;14.7;14.31;0.973;0;1;0;0;0;1;0;0;0;1;0;297;42;163;76;0;83
1245.19;1063;30;30;1;6.07;90;0;50;20;0;56;7;0.55;1.0;1.0;0;0;20;3.75;0.6;2.88;5.4;345;128;14.7;14.31;0.973;0;1;0;0;0;1;0;0;0;1;0;298;42;161;76;0;83
1245.59;1089;34;34;3;6.62;90;0;38;38;0;60;8;0.56;1.0;1.0;0;0;32;4.25;1.7;3.1;6.0;345;128;14.7;14.31;0.973;0;1;0;0;0;0;0;0;0;1;0;322;46;160;76;0;85
1246.0;1268;42;42;6;7.88;89;0;32;38;0;68;12;0.62;1.0;1.0;0;0;38;5.25;3.5;3.6;8.3;345;128;14.7;16.42;1.117;0;1;0;0;0;0;0;0;0;1;0;380;52;162;76;0;90
1246.39;1537;44;44;13;8.15;90;0;30;40;0;68;15;0.65;1.0;1.0;0;0;40;5.5;7.6;3.71;10.4;345;128;14.7;16.42;1.117;0;1;0;0;0;0;0;0;0;1;0;385;66;160;76;0;91
1246.8;1755;55;55;15;9.86;89;0;32;38;0;77;22;0.7;1.0;1.0;0;0;38;6.88;8.7;4.39;14.4;345;128;14.7;17.42;1.185;0;1;0;0;0;0;0;0;0;1;0;452;70;162;75;0;105
1247.2;1883;51;51;15;9.16;89;0;28;42;0;75;21;0.69;1.0;1.0;0;0;42;6.38;8.7;4.11;14.4;345;128;14.82;17.42;1.175;0;1;0;0;0;0;0;0;0;1;0;440;70;162;76;0;104
1247.6;1831;51;51;15;9.32;90;0;28;42;0;75;21;0.69;1.0;1.0;0;0;42;6.38;8.7;4.18;14.2;345;128;14.7;17.42;1.185;0;1;0;0;0;0;0;0;0;1;0;439;70;161;75;0;91
1248.0;1767;51;51;15;9.27;90;0;28;42;0;75;21;0.69;1.0;1.0;0;0;42;6.38;8.7;4.16;13.7;345;128;14.7;16.32;1.11;0;1;0;0;0;0;0;0;0;1;0;437;70;161;75;0;102
1248.41;1729;49;49;15;8.92;90;0;26;43;0;73;20;0.67;1.0;1.0;0;0;44;6.12;8.7;4.02;12.9;345;128;14.7;16.32;1.11;0;1;0;0;0;0;0;0;0;1;0;420;70;160;75;0;101
1248.8;1703;44;44;12;8.15;90;0;27;43;0;67;17;0.66;1.0;1.0;0;0;43;5.5;7.0;3.71;11.6;345;128;14.7;13.61;0.926;0;1;0;0;0;0;0;0;0;1;0;377;64;160;75;0;90
1249.22;1165;17;17;1;3.87;90;0;44;20;0;48;4;0.38;1.0;1.0;0;0;26;2.12;0.6;2.0;3.8;345;128;14.7;13.61;0.926;0;1;0;0;0;1;0;0;0;1;0;238;42;160;75;0;73
1249.62;999;21;21;1;4.51;91;0;50;20;0;51;4;0.42;1.0;1.0;0;0;20;2.62;0.6;2.26;3.8;345;128;14.7;13.61;0.926;0;1;0;0;0;1;0;0;0;1;0;256;42;159;75;0;76
1250.0;986;21;21;1;4.55;90;0;50;20;0;51;5;0.42;1.0;1.0;0;0;20;2.62;0.6;2.27;3.7;345;128;14.7;15.21;1.035;0;1;0;0;0;1;0;0;0;1;0;255;42;160;75;0;76
1250.41;1037;23;23;1;4.8;90;0;50;20;0;52;5;0.45;1.0;1.0;0;0;20;2.88;0.6;2.37;4.1;345;128;14.7;15.21;1.035;0;1;0;0;0;1;0;0;0;1;0;263;42;160;75;0;77
1250.8;986;23;23;1;4.9;90;0;50;20;0;53;5;0.46;1.0;1.0;0;0;20;2.88;0.6;2.41;4.0;345;128;14.47;14.01;0.968;0;1;0;0;0;1;0;0;0;1;0;269;42;161;75;0;77
1251.01;832;23;23;1;4.81;89;0;50;20;0;53;4;0.44;1.0;1.0;0;0;20;2.88;0.6;2.37;3.3;345;128;14.47;14.01;0.968;0;1;0;0;0;1;0;0;0;1;0;273;42;162;75;0;81
1251.41;832;22;22;1;4.8;90;0;50;20;0;53;4;0.44;1.0;1.0;0;0;20;2.75;0.6;2.37;3.3;345;128;14.7;14.01;0.953;0;1;0;0;0;1;0;0;0;1;0;275;42;161;75;0;81
1251.81;781;24;24;1;5.05;88;0;50;20;0;54;4;0.47;1.0;1.0;0;0;20;3.0;0.6;2.46;3.3;345;128;14.47;13.91;0.961;0;1;0;0;0;1;0;0;0;1;0;278;42;163;75;0;81
1252.22;807;26;26;1;5.38;89;0;50;20;0;55;4;0.48;1.0;1.0;0;0;20;3.25;0.6;2.6;3.6;345;128;14.47;13.91;0.961;0;1;0;0;0;1;0;0;0;1;0;290;42;162;75;0;82
1252.63;896;30;30;1;5.95;88;0;50;20;0;57;6;0.52;1.0;1.0;0;0;20;3.75;0.6;2.82;4.4;345;128;14.47;13.91;0.961;0;1;0;0;0;1;0;0;0;1;0;304;42;163;76;0;84
1253.02;973;27;27;1;5.47;90;0;50;20;0;55;5;0.5;1.0;1.0;0;0;20;3.38;0.6;2.64;4.4;345;128;14.47;14.11;0.975;0;1;0;0;0;1;0;0;0;1;0;285;42;161;76;0;81
1253.42;1037;21;21;1;4.53;89;0;50;20;0;51;5;0.43;1.0;1.0;0;0;20;2.62;0.6;2.26;3.9;345;128;14.7;14.11;0.96;0;1;0;0;0;1;0;0;0;1;0;257;42;162;76;0;76
1253.82;1089;20;20;1;4.26;87;0;50;20;0;50;4;0.41;1.0;1.0;0;0;20;2.5;0.6;2.14;3.9;345;128;14.7;12.91;0.878;0;1;0;0;0;1;0;0;0;1;0;250;42;164;76;0;73
1254.24;1255;47;47;10;8.62;88;0;33;35;0;72;13;0.63;1.0;1.0;0;0;37;5.88;5.8;3.89;9.0;345;128;14.7;12.91;0.878;0;1;0;0;0;0;0;0;0;1;0;413;60;163;76;0;101
1254.63;1447;35;35;5;6.68;87;0;26;43;0;58;11;0.6;1.0;1.0;0;0;44;4.38;2.9;3.11;8.1;345;128;14.7;12.91;0.878;0;1;0;0;0;0;0;0;0;1;0;315;50;164;76;0;84
1255.04;1550;35;35;5;6.61;87;0;25;44;0;58;11;0.6;1.0;1.0;0;0;45;4.38;2.9;3.08;8.5;345;128;14.7;14.31;0.973;0;1;0;0;0;0;0;0;0;1;0;308;50;163;76;0;84
1255.43;1550;30;30;4;6.0;88;0;24;46;0;55;10;0.55;1.0;1.0;0;0;46;3.75;2.3;2.84;7.8;345;128;14.7;14.31;0.973;0;1;0;0;0;0;0;0;0;1;0;288;49;163;76;0;82
1255.85;1716;30;30;5;5.95;88;0;23;46;0;55;11;0.56;1.0;1.0;0;0;47;3.75;2.9;2.82;8.5;345;128;14.7;13.71;0.933;0;1;0;0;0;0;0;0;0;1;0;288;50;163;76;0;82
1256.25;1434;33;33;5;6.4;88;0;26;45;0;56;11;0.59;1.0;1.0;0;0;44;4.12;2.9;3.0;7.6;345;128;14.7;13.71;0.933;0;1;0;0;0;0;0;0;0;1;0;299;50;163;76;0;83
1256.64;1345;35;35;4;6.71;89;0;29;42;0;58;10;0.59;1.0;1.0;0;0;41;4.38;2.3;3.13;7.5;345;128;14.7;13.71;0.933;0;1;0;0;0;0;0;0;0;1;0;315;49;162;76;0;85
1257.05;1370;35;35;4;6.76;89;0;27;43;0;59;11;0.59;1.0;1.0;0;0;43;4.38;2.3;3.15;7.7;345;128;14.7;13.31;0.905;0;1;0;0;0;0;0;0;0;1;0;317;49;162;76;0;85
1257.23;1332;34;34;4;6.58;89;0;29;41;0;58;10;0.59;1.0;1.0;0;0;41;4.25;2.3;3.08;7.3;345;128;14.7;13.31;0.905;0;1;0;0;0;0;0;0;0;1;0;313;49;162;75;0;84
1257.64;1268;34;34;2;6.51;89;0;30;42;0;57;9;0.59;1.0;1.0;0;0;40;4.25;1.2;3.05;6.9;345;128;14.7;13.31;0.905;0;1;0;0;0;0;0;0;0;1;0;305;44;162;76;0;84
1258.04;1089;27;27;1;5.42;90;0;50;20;0;54;6;0.5;1.0;1.0;0;0;20;3.38;0.6;2.62;4.9;345;128;14.7;12.31;0.837;0;1;0;0;0;1;0;0;0;1;0;281;42;161;76;0;82
1258.44;1089;28;28;1;5.6;88;0;50;20;0;55;6;0.52;1.0;1.0;0;0;20;3.5;0.6;2.68;5.1;345;128;14.7;12.31;0.837;0;1;0;0;0;1;0;0;0;1;0;286;42;163;75;0;82
1258.85;1089;28;28;1;5.62;88;0;50;20;0;54;7;0.5;1.0;1.0;0;0;20;3.5;0.6;2.69;5.1;345;128;14.7;13.91;0.946;0;1;0;0;0;1;0;0;0;1;0;283;42;163;75;0;82
1259.25;1050;25;25;1;5.2;88;0;50;20;0;53;6;0.48;1.0;1.0;0;0;20;3.12;0.6;2.52;4.5;345;128;14.7;13.91;0.946;0;1;0;0;0;1;0;0;0;1;0;275;42;163;75;0;81
1259.66;1153;26;26;1;5.25;88;0;50;20;0;53;6;0.49;1.0;1.0;0;0;20;3.25;0.6;2.54;5.0;345;128;14.7;13.91;0.946;0;1;0;0;0;1;0;0;0;1;0;274;42;163;75;0;81
1260.06;1089;26;26;1;5.23;89;0;50;20;0;53;6;0.48;1.0;1.0;0;0;20;3.25;0.6;2.54;4.7;345;128;14.7;12.71;0.865;0;1;0;0;0;1;0;0;0;1;0;269;42;162;75;0;81
1260.46;1012;23;23;1;4.76;87;0;50;20;0;52;5;0.45;1.0;1.0;0;0;20;2.88;0.6;2.34;4.0;345;128;14.47;12.71;0.878;0;1;0;0;0;1;0;0;0;1;0;262;42;164;75;0;77
1260.87;1050;26;26;1;5.38;89;0;50;20;0;54;6;0.5;1.0;1.0;0;0;20;3.25;0.6;2.6;4.7;345;128;14.7;13.41;0.912;0;1;0;0;0;1;0;0;0;1;0;278;42;162;75;0;77
1261.25;1165;32;32;1;6.21;87;0;50;20;0;56;8;0.56;1.0;1.0;0;0;20;4.0;0.6;2.92;6.0;345;128;14.7;13.41;0.912;0;1;0;0;0;1;0;0;0;1;0;296;43;164;75;0;83
1261.67;1178;37;37;6;7.0;90;0;31;40;0;61;10;0.59;1.0;1.0;0;0;39;4.62;3.5;3.25;6.9;345;128;14.7;13.41;0.912;0;1;0;0;0;0;0;0;0;1;0;331;53;161;75;0;50
1262.07;1498;50;50;12;9.02;88;0;31;39;0;74;17;0.66;1.0;1.0;0;0;39;6.25;7.0;4.05;11.3;345;128;14.7;16.92;1.151;0;1;0;0;0;0;0;0;0;1;0;434;65;163;75;0;102
1262.47;1780;50;50;13;9.02;88;0;28;42;0;74;20;0.68;1.0;1.0;0;0;42;6.25;7.6;4.05;13.4;345;128;14.7;16.92;1.151;0;1;0;0;0;0;0;0;0;1;0;435;67;163;75;0;102
1262.86;1665;45;45;13;8.36;87;0;25;45;0;70;17;0.66;1.0;1.0;0;0;45;5.62;7.6;3.78;11.6;345;128;14.7;17.21;1.171;0;1;0;0;0;0;0;0;0;1;0;403;67;164;75;0;106
1263.28;1819;47;47;13;8.57;88;0;26;44;0;71;18;0.66;1.0;1.0;0;0;44;5.88;7.6;3.87;13.0;345;128;14.7;17.21;1.171;0;1;0;0;0;0;0;0;0;1;0;407;67;163;75;0;42
1263.48;1652;42;42;8;7.78;89;0;27;43;0;64;16;0.66;1.0;1.0;0;0;43;5.25;4.7;3.56;10.7;345;128;14.7;17.21;1.171;0;1;0;0;0;0;0;0;0;1;0;355;56;162;75;0;89
1263.87;1511;35;35;6;6.7;90;0;27;43;0;59;12;0.61;1.0;1.0;0;0;43;4.38;3.5;3.13;8.4;345;128;14.7;13.01;0.885;0;1;0;0;0;0;0;0;0;1;0;319;52;161;75;0;85
1264.27;1434;22;22;1;4.76;91;0;41;20;0;51;7;0.46;1.0;1.0;0;0;29;2.75;0.6;2.36;5.7;345;128;14.7;13.01;0.885;0;1;0;0;0;1;0;0;0;1;0;257;42;159;75;0;76
1264.68;1370;24;24;2;4.92;90;0;50;42;0;51;7;0.46;1.0;1.0;0;0;20;3.0;1.2;2.42;5.6;345;128;14.7;13.01;0.885;0;1;0;0;0;0;0;0;0;1;0;252;44;160;74;0;76
1265.07;1345;19;19;1;4.2;90;0;50;20;0;49;6;0.41;1.0;1.0;0;0;20;2.38;0.6;2.13;4.7;345;128;14.7;14.01;0.953;0;1;0;0;0;1;0;0;0;1;0;245;42;160;75;0;75
1265.47;1332;20;20;1;4.3;90;0;50;20;0;49;6;0.41;1.0;1.0;0;0;20;2.5;0.6;2.17;4.8;345;128;14.7;14.01;0.953;0;1;0;0;0;1;0;0;0;1;0;245;42;161;75;0;75
1265.88;1281;19;19;1;4.15;90;0;50;20;0;48;5;0.39;1.0;1.0;0;0;20;2.38;0.6;2.11;4.4;345;128;14.7;16.51;1.123;0;1;0;0;0;1;0;0;0;1;0;239;42;159;75;0;74
1266.28;1319;19;19;1;4.11;89;0;50;20;0;48;5;0.39;1.0;1.0;0;0;20;2.38;0.6;2.09;4.5;345;128;14.7;16.51;1.123;0;1;0;0;0;1;0;0;0;1;0;236;42;163;75;0;73
1266.68;1447;20;20;2;4.32;90;0;35;20;0;49;6;0.41;1.0;1.0;0;0;35;2.5;1.2;2.18;5.2;345;128;14.7;16.51;1.123;0;1;0;0;0;1;0;0;0;1;0;243;44;161;74;0;75
1267.09;1370;20;20;1;4.22;88;0;50;20;0;49;6;0.41;1.0;1.0;0;0;20;2.5;0.6;2.13;4.8;345;128;14.7;13.81;0.939;0;1;0;0;0;1;0;0;0;1;0;242;42;163;74;0;75
1267.5;1434;20;20;1;4.27;88;0;50;20;0;49;6;0.41;1.0;1.0;0;0;20;2.5;0.6;2.15;5.1;345;128;14.7;13.81;0.939;0;1;0;0;0;1;0;0;0;1;0;245;42;163;74;0;75
1267.9;1486;21;21;1;4.51;89;0;50;20;0;50;7;0.44;1.0;1.0;0;0;20;2.62;0.6;2.25;5.6;345;128;14.7;14.31;0.973;0;1;0;0;0;1;0;0;0;1;0;248;42;161;74;0;76
1268.3;1422;19;19;3;4.05;88;0;42;20;0;48;6;0.39;1.0;1.0;0;0;28;2.38;1.7;2.06;4.8;345;128;14.7;14.31;0.973;0;1;0;0;0;0;0;0;0;1;0;239;47;163;74;0;70
1268.71;1767;17;17;1;3.82;90;0;51;20;0;46;6;0.38;1.0;1.0;0;0;19;2.12;0.6;1.98;5.6;345;128;14.7;24.52;1.668;0;1;0;0;0;1;0;0;0;1;0;223;42;161;74;0;74
1269.1;1562;18;18;2;4.01;89;0;43;37;0;48;6;0.39;1.0;1.0;0;0;27;2.25;1.2;2.05;5.2;345;128;14.7;24.52;1.668;0;1;0;0;0;0;0;0;0;1;0;238;45;164;74;0;74
1269.5;1831;18;18;4;3.97;90;0;45;20;0;47;7;0.38;1.0;1.0;0;0;25;2.25;2.3;2.04;6.1;345;128;14.7;24.52;1.668;0;1;0;0;0;0;0;0;0;1;0;224;48;161;74;0;83
1269.7;1870;17;17;1;3.73;87;0;32;38;0;45;7;0.37;1.0;1.0;0;0;38;2.12;0.6;1.93;5.8;345;128;14.82;24.52;1.655;0;1;0;0;0;1;0;0;0;1;0;214;43;164;74;0;73
1270.12;1998;16;16;23;8.21;89;181;34;36;0;45;7;0.37;1.0;1.0;0;0;36;2.0;13.4;3.73;13.7;345;128;14.82;14.21;0.959;0;1;0;0;0;0;0;0;0;1;0;210;86;162;74;0;74
1270.51;2024;15;15;18;3.47;88;0;30;40;0;43;7;0.35;1.0;1.0;0;0;40;1.88;10.5;1.83;5.9;345;128;14.82;14.21;0.959;0;1;0;0;0;0;0;0;0;1;0;199;76;163;74;0;56
1270.92;2088;15;15;16;3.51;89;0;31;39;0;43;7;0.35;1.0;1.0;0;0;39;1.88;9.3;1.85;6.1;345;128;14.82;14.21;0.959;0;1;0;0;0;0;0;0;0;1;0;199;72;162;74;0;56
1271.32;2049;15;15;32;3.52;90;0;32;39;0;43;7;0.35;1.0;1.0;0;0;38;1.88;18.6;1.86;6.0;345;128;14.82;14.21;0.959;0;1;0;0;0;0;0;0;0;1;0;199;104;161;74;0;57
1271.71;2024;15;15;26;3.47;90;0;30;40;0;43;6;0.35;1.0;1.0;0;0;40;1.88;15.1;1.84;5.9;345;128;14.82;14.21;0.959;0;1;0;0;0;0;0;0;0;1;0;198;93;161;74;0;70
1272.12;1921;15;15;4;3.57;90;0;32;38;0;44;7;0.36;1.0;1.0;0;0;38;1.88;2.3;1.88;5.7;345;128;14.82;14.81;0.999;0;1;0;0;0;0;0;0;0;1;0;201;48;161;74;0;37
1272.52;2049;15;15;10;3.47;90;0;29;41;0;43;7;0.35;1.0;1.0;0;0;41;1.88;5.8;1.84;5.9;345;128;14.82;14.81;0.999;0;1;0;0;0;0;0;0;0;1;0;195;61;161;74;0;54
1272.92;2049;15;15;34;3.47;90;0;29;40;0;43;7;0.35;1.0;1.0;0;0;41;1.88;19.8;1.84;5.9;345;128;14.82;11.31;0.763;0;1;0;0;0;0;0;0;0;1;0;194;108;161;74;0;53
1273.32;1972;15;15;17;3.47;90;0;29;41;0;43;7;0.35;1.0;1.0;0;0;41;1.88;9.9;1.84;5.7;345;128;14.82;11.31;0.763;0;1;0;0;0;0;0;0;0;1;0;195;74;161;74;0;53
1273.72;1985;15;15;15;3.47;90;0;29;41;0;43;6;0.35;1.0;1.0;0;0;41;1.88;8.7;1.84;5.7;345;128;14.82;11.41;0.77;0;1;0;0;0;0;0;0;0;1;0;194;71;161;74;0;70
1274.11;2100;14;14;39;3.4;90;0;29;41;0;42;6;0.34;1.0;1.0;0;0;41;1.75;22.7;1.81;6.0;345;128;14.82;11.41;0.77;0;1;0;0;0;0;0;0;0;1;0;190;118;161;74;0;54
1274.52;1972;14;14;2;3.3;90;0;31;39;0;42;6;0.34;1.0;1.0;0;0;39;1.75;1.2;1.77;5.4;345;128;14.82;11.41;0.77;0;1;0;0;0;0;0;0;0;1;0;190;45;161;76;0;54
1274.91;1947;15;15;10;8.01;91;181;35;41;0;43;6;0.35;1.0;1.0;0;0;35;1.88;5.8;3.66;13.0;345;128;14.82;12.71;0.858;0;1;0;0;0;0;0;0;0;1;0;196;61;161;75;0;57
1275.33;2139;14;14;9;7.87;90;181;29;41;0;42;6;0.34;1.0;1.0;0;0;41;1.75;5.2;3.6;14.0;345;128;14.82;12.71;0.858;0;1;0;0;0;0;0;0;0;1;0;188;58;160;74;0;70
1275.52;1972;15;15;19;3.45;90;0;29;40;0;43;6;0.35;1.0;1.0;0;0;41;1.88;11.0;1.83;5.7;345;128;14.82;12.71;0.858;0;1;0;0;0;0;0;0;0;1;0;193;78;161;74;0;54
1275.92;1857;15;15;3;3.41;89;0;35;22;0;43;6;0.35;1.0;1.0;0;0;35;1.88;1.7;1.81;5.3;345;128;14.82;12.31;0.831;0;1;0;0;0;0;0;0;0;1;0;196;47;161;74;0;56
1276.33;1422;18;18;3;4.03;89;0;33;37;0;48;5;0.39;1.0;1.0;0;0;37;2.25;1.7;2.06;4.8;345;128;14.7;12.31;0.837;0;1;0;0;0;0;0;0;0;1;0;237;46;162;75;0;74
1276.73;1434;18;18;1;3.96;89;0;32;38;0;48;6;0.39;1.0;1.0;0;0;38;2.25;0.6;2.03;4.7;345;128;14.7;15.41;1.048;0;1;0;0;0;1;0;0;0;1;0;234;43;162;76;0;74
1277.12;1422;18;18;19;8.53;89;181;33;38;0;48;6;0.39;1.0;1.0;0;0;37;2.25;11.0;3.86;10.1;345;128;14.7;15.41;1.048;0;1;0;0;0;0;0;0;0;1;0;236;78;162;75;0;75
1277.55;1396;18;18;4;4.03;89;0;44;39;0;48;6;0.39;1.0;1.0;0;0;26;2.25;2.3;2.06;4.7;345;128;14.7;15.41;1.048;0;1;0;0;0;0;0;0;0;1;0;237;48;162;75;0;74
1277.95;1473;20;20;30;4.32;90;0;31;40;0;49;6;0.41;1.0;1.0;0;0;39;2.5;17.4;2.18;5.3;345;128;14.7;12.81;0.871;0;1;0;0;0;0;0;0;0;1;0;244;100;163;75;0;75
1278.33;1473;20;20;2;4.22;88;0;31;39;0;49;6;0.41;1.0;1.0;0;0;39;2.5;1.2;2.13;5.2;345;128;14.7;12.81;0.871;0;1;0;0;0;0;0;0;0;1;0;247;44;163;75;0;76
1278.74;1447;20;20;2;4.31;89;0;31;20;0;49;6;0.41;1.0;1.0;0;0;39;2.5;1.2;2.17;5.2;345;128;14.7;11.11;0.756;0;1;0;0;0;1;0;0;0;1;0;244;45;160;75;0;76
1279.16;1383;24;24;8;9.37;88;181;30;42;0;51;7;0.46;1.0;1.0;0;0;40;3.0;4.7;4.19;10.8;345;128;14.7;11.11;0.756;0;1;0;0;0;0;0;0;0;1;0;256;57;163;75;0;76
1279.55;1370;22;22;21;4.53;89;0;30;40;0;50;7;0.44;1.0;1.0;0;0;40;2.75;12.2;2.26;5.2;345;128;14.7;11.11;0.756;0;1;0;0;0;0;0;0;0;1;0;250;83;162;75;0;76
1279.96;1486;20;20;15;4.3;88;0;31;39;0;49;6;0.41;1.0;1.0;0;0;39;2.5;8.7;2.16;5.3;345;128;14.7;12.41;0.844;0;1;0;0;0;0;0;0;0;1;0;246;71;164;75;0;76
1280.36;1370;21;21;18;4.52;88;0;29;41;0;50;6;0.44;1.0;1.0;0;0;41;2.62;10.5;2.25;5.2;345;128;14.7;12.41;0.844;0;1;0;0;0;0;0;0;0;1;0;251;77;163;75;0;75
1280.76;1319;22;22;7;9.07;88;181;30;40;0;50;6;0.44;1.0;1.0;0;0;40;2.75;4.1;4.07;10.0;345;128;14.7;12.71;0.865;0;1;0;0;0;0;0;0;0;1;0;249;55;163;76;0;75
1281.16;1281;24;24;2;4.86;87;0;32;20;0;51;7;0.46;1.0;1.0;0;0;38;3.0;1.2;2.38;5.2;345;128;14.7;12.71;0.865;0;1;0;0;0;1;0;0;0;1;0;259;44;164;76;0;76
1281.57;1306;23;23;10;4.82;88;0;29;41;0;51;7;0.46;1.0;1.0;0;0;41;2.88;5.8;2.37;5.2;345;128;14.7;12.71;0.865;0;1;0;0;0;0;0;0;0;1;0;258;61;163;76;0;76
1281.77;1281;23;23;13;9.32;88;181;29;40;0;51;7;0.46;1.0;1.0;0;0;41;2.88;7.6;4.17;9.9;345;128;14.7;11.41;0.776;0;1;0;0;0;0;0;0;0;1;0;259;66;163;75;0;76
1282.17;1370;25;25;13;5.05;88;0;30;40;0;52;7;0.48;1.0;1.0;0;0;40;3.12;7.6;2.46;5.8;345;128;14.7;11.41;0.776;0;1;0;0;0;0;0;0;0;1;0;264;66;163;75;0;77
1282.56;1255;25;25;3;5.05;88;0;32;20;0;52;7;0.48;1.0;1.0;0;0;38;3.12;1.7;2.46;5.3;345;128;14.7;11.41;0.776;0;1;0;0;0;0;0;0;0;1;0;260;47;163;75;0;38
1282.96;1370;25;25;2;5.07;90;0;29;20;0;52;7;0.48;1.0;1.0;0;0;41;3.12;1.2;2.48;5.8;345;128;14.7;11.31;0.769;0;1;0;0;0;1;0;0;0;1;0;265;45;161;75;0;88
1283.38;1268;25;25;27;5.02;88;0;28;41;0;52;7;0.48;1.0;1.0;0;0;42;3.12;15.7;2.45;5.3;345;128;14.7;11.31;0.769;0;1;0;0;0;0;0;0;0;1;0;264;95;163;75;0;77
1283.76;1306;25;25;22;5.13;89;0;29;41;0;52;7;0.48;1.0;1.0;0;0;41;3.12;12.8;2.5;5.6;345;128;14.7;11.61;0.79;0;1;0;0;0;0;0;0;0;1;0;267;84;162;74;0;77
1284.18;1345;25;25;20;5.05;88;0;29;41;0;52;7;0.48;1.0;1.0;0;0;41;3.12;11.6;2.46;5.7;345;128;14.7;11.61;0.79;0;1;0;0;0;0;0;0;0;1;0;267;81;163;75;0;38
1284.57;1255;25;25;27;5.07;88;0;28;41;0;52;7;0.48;1.0;1.0;0;0;42;3.12;15.7;2.47;5.3;345;128;14.7;11.61;0.79;0;1;0;0;0;0;0;0;0;1;0;266;95;163;75;0;77
1284.98;1255;25;25;13;5.02;88;0;29;41;0;52;7;0.48;1.0;1.0;0;0;41;3.12;7.6;2.45;5.3;345;128;14.7;12.21;0.831;0;1;0;0;0;0;0;0;0;1;0;264;66;163;75;0;77
1285.37;1268;25;25;1;5.02;88;0;30;20;0;52;7;0.48;1.0;1.0;0;0;40;3.12;0.6;2.45;5.3;345;128;14.7;12.21;0.831;0;1;0;0;0;1;0;0;0;1;0;266;42;163;75;0;77
1285.79;1229;26;26;13;5.22;88;0;29;41;0;53;7;0.51;1.0;1.0;0;0;41;3.25;7.6;2.53;5.3;345;128;14.7;12.91;0.878;0;1;0;0;0;0;0;0;0;1;0;268;66;163;74;0;77
1286.19;1204;26;26;14;5.13;87;0;29;41;0;53;7;0.5;1.0;1.0;0;0;41;3.25;8.1;2.49;5.1;345;128;14.7;12.91;0.878;0;1;0;0;0;0;0;0;0;1;0;270;69;164;74;0;77
1286.59;1178;26;26;17;5.18;87;0;29;41;0;53;7;0.49;1.0;1.0;0;0;41;3.25;9.9;2.51;5.1;345;128;14.7;12.91;0.878;0;1;0;0;0;0;0;0;0;1;0;272;74;164;74;0;74
1286.98;1229;28;28;23;5.58;87;0;29;41;0;54;8;0.53;1.0;1.0;0;0;41;3.5;13.4;2.67;5.7;345;128;14.7;12.71;0.865;0;1;0;0;0;0;0;0;0;1;0;278;86;164;74;0;81
1287.39;1281;26;26;8;9.77;88;181;27;39;0;53;7;0.51;1.0;1.0;0;0;43;3.25;4.7;4.35;10.4;345;128;14.7;12.71;0.865;0;1;0;0;0;0;0;0;0;1;0;273;56;163;75;0;77
1287.6;1165;28;28;1;5.47;88;0;29;20;0;54;7;0.52;1.0;1.0;0;0;41;3.5;0.6;2.63;5.3;345;128;14.7;12.71;0.865;0;1;0;0;0;1;0;0;0;1;0;276;42;163;74;0;81
1287.98;1204;27;27;1;5.41;87;0;28;20;0;54;7;0.52;1.0;1.0;0;0;42;3.38;0.6;2.6;5.4;345;128;14.7;13.61;0.926;0;1;0;0;0;1;0;0;0;1;0;281;42;164;75;0;82
1288.39;1255;30;30;6;5.82;88;0;29;42;0;55;8;0.55;1.0;1.0;0;0;41;3.75;3.5;2.77;6.1;345;128;14.7;13.61;0.926;0;1;0;0;0;0;0;0;0;1;0;287;52;163;74;0;75
1288.8;1165;28;28;23;5.47;88;0;31;42;0;54;7;0.52;1.0;1.0;0;0;39;3.5;13.4;2.63;5.3;345;128;14.7;12.11;0.824;0;1;0;0;0;0;0;0;0;1;0;279;86;163;75;0;82
1289.2;1281;28;28;19;5.52;88;0;29;39;0;54;7;0.53;1.0;1.0;0;0;41;3.5;11.0;2.65;5.9;345;128;14.7;12.11;0.824;0;1;0;0;0;0;0;0;0;1;0;279;78;163;75;0;81
1289.6;1165;26;26;17;5.26;87;0;31;42;0;53;7;0.49;1.0;1.0;0;0;39;3.25;9.9;2.54;5.1;345;128;14.7;12.11;0.824;0;1;0;0;0;0;0;0;0;1;0;275;75;164;75;0;82
1290.0;1281;28;28;18;5.58;87;0;31;39;0;54;8;0.53;1.0;1.0;0;0;39;3.5;10.5;2.67;6.0;345;128;14.7;12.41;0.844;0;1;0;0;0;0;0;0;0;1;0;282;76;164;74;0;82
1290.39;1153;26;26;15;5.21;87;0;31;41;0;53;7;0.49;1.0;1.0;0;0;39;3.25;8.7;2.52;5.0;345;128;14.7;12.41;0.844;0;1;0;0;0;0;0;0;0;1;0;274;71;164;74;0;81
1290.79;1268;29;29;2;5.67;90;0;40;20;0;54;8;0.53;1.0;1.0;0;0;30;3.62;1.2;2.72;6.0;345;128;14.7;14.41;0.98;0;1;0;0;0;1;0;0;0;1;0;279;45;161;74;0;82
1291.19;1165;26;26;1;5.21;89;0;30;40;0;53;7;0.49;1.0;1.0;0;0;40;3.25;0.6;2.53;5.1;345;128;14.7;14.41;0.98;0;1;0;0;0;1;0;0;0;1;0;275;43;162;75;0;77
1291.6;1255;29;29;15;5.62;88;0;28;41;0;54;7;0.53;1.0;1.0;0;0;42;3.62;8.7;2.69;5.9;345;128;14.7;14.41;0.98;0;1;0;0;0;0;0;0;0;1;0;283;71;163;74;0;89
1292.02;1165;27;27;14;5.45;88;0;30;42;0;54;7;0.52;1.0;1.0;0;0;40;3.38;8.1;2.62;5.3;345;128;14.7;13.01;0.885;0;1;0;0;0;0;0;0;0;1;0;277;69;163;75;0;81
1292.42;1089;27;27;25;5.37;88;0;31;39;0;54;7;0.5;1.0;1.0;0;0;39;3.38;14.5;2.59;4.9;345;128;14.7;13.01;0.885;0;1;0;0;0;0;0;0;0;1;0;283;90;163;75;0;74
1292.82;1229;28;28;17;5.48;89;0;29;38;0;54;7;0.53;1.0;1.0;0;0;41;3.5;9.9;2.64;5.6;345;128;14.7;14.31;0.973;0;1;0;0;0;0;0;0;0;1;0;281;75;164;74;0;82
1293.21;1204;29;29;1;5.63;87;0;29;20;0;54;7;0.52;1.0;1.0;0;0;41;3.62;0.6;2.69;5.6;345;128;14.7;14.31;0.973;0;1;0;0;0;1;0;0;0;1;0;282;42;164;75;0;82
1293.62;1165;27;27;1;5.4;90;0;32;20;0;54;7;0.52;1.0;1.0;0;0;38;3.38;0.6;2.61;5.2;345;128;14.7;14.31;0.973;0;1;0;0;0;1;0;0;0;1;0;276;42;162;74;0;75
1293.81;1229;28;28;20;5.46;87;0;29;39;0;54;7;0.53;1.0;1.0;0;0;41;3.5;11.6;2.62;5.6;345;128;14.7;12.41;0.844;0;1;0;0;0;0;0;0;0;1;0;283;81;164;74;0;75
1294.21;1217;28;28;19;5.62;90;0;31;42;0;54;7;0.52;1.0;1.0;0;0;39;3.5;11.0;2.7;5.7;345;128;14.7;12.41;0.844;0;1;0;0;0;0;0;0;0;1;0;278;78;162;74;0;81
1294.61;1178;27;27;25;5.38;87;0;28;42;0;54;7;0.52;1.0;1.0;0;0;42;3.38;14.5;2.59;5.3;345;128;14.7;12.41;0.844;0;1;0;0;0;0;0;0;0;1;0;277;90;164;74;0;82
1295.03;1268;29;29;10;5.66;89;0;29;39;0;55;7;0.55;1.0;1.0;0;0;41;3.62;5.8;2.71;6.0;345;128;14.7;12.61;0.858;0;1;0;0;0;0;0;0;0;1;0;285;60;162;74;0;40
1295.43;1153;29;29;6;5.71;89;0;30;41;0;54;7;0.52;1.0;1.0;0;0;40;3.62;3.5;2.73;5.5;345;128;14.7;12.61;0.858;0;1;0;0;0;0;0;0;0;1;0;283;52;162;74;0;75
1295.83;1101;29;29;6;5.77;88;0;31;40;0;55;7;0.52;1.0;1.0;0;0;39;3.62;3.5;2.75;5.3;345;128;14.7;14.91;1.014;0;1;0;0;0;0;0;0;0;1;0;284;52;163;74;0;82
1296.22;1114;27;27;9;5.36;89;0;30;40;0;54;7;0.51;1.0;1.0;0;0;40;3.38;5.2;2.59;5.0;345;128;14.7;14.91;1.014;0;1;0;0;0;0;0;0;0;1;0;280;58;162;74;0;82
1296.64;1101;28;28;35;5.53;87;0;32;38;0;55;7;0.52;1.0;1.0;0;0;38;3.5;20.3;2.65;5.1;345;128;14.7;14.91;1.014;0;1;0;0;0;0;0;0;0;1;0;284;110;162;74;0;82
1297.04;1114;28;28;22;5.62;88;0;30;40;0;54;7;0.51;1.0;1.0;0;0;40;3.5;12.8;2.69;5.2;345;128;14.7;12.81;0.871;0;1;0;0;0;0;0;0;0;1;0;283;84;163;74;0;82
1297.44;1101;29;29;11;5.66;87;0;32;40;0;55;7;0.52;1.0;1.0;0;0;38;3.62;6.4;2.7;5.2;345;128;14.7;12.81;0.871;0;1;0;0;0;0;0;0;0;1;0;286;62;164;74;0;82
1297.83;1153;30;30;15;5.82;88;0;32;40;0;55;7;0.54;1.0;1.0;0;0;38;3.75;8.7;2.77;5.6;345;128;14.7;13.11;0.892;0;1;0;0;0;0;0;0;0;1;0;290;71;163;74;0;82
1298.23;1140;28;28;9;5.55;90;0;33;37;0;55;7;0.53;1.0;1.0;0;0;37;3.5;5.2;2.67;5.3;345;128;14.7;13.11;0.892;0;1;0;0;0;0;0;0;0;1;0;287;59;160;74;0;82
1298.64;1063;28;28;11;5.47;88;0;33;39;0;54;7;0.5;1.0;1.0;0;0;37;3.5;6.4;2.63;4.8;345;128;14.7;13.11;0.892;0;1;0;0;0;0;0;0;0;1;0;283;62;163;74;0;74
1299.03;1165;31;31;1;6.03;87;0;32;39;0;56;8;0.56;1.0;1.0;0;0;38;3.88;0.6;2.85;5.9;345;128;14.7;12.01;0.817;0;1;0;0;0;1;0;0;0;1;0;292;42;164;74;0;82
1299.45;1101;28;28;27;5.57;90;0;32;38;0;55;7;0.52;1.0;1.0;0;0;38;3.5;15.7;2.68;5.1;345;128;14.7;12.01;0.817;0;1;0;0;0;0;0;0;0;1;0;285;94;160;75;0;82
1299.85;1153;31;31;20;6.08;87;0;34;40;0;56;8;0.56;1.0;1.0;0;0;36;3.88;11.6;2.87;5.8;345;128;14.7;12.91;0.878;0;1;0;0;0;0;0;0;0;1;0;292;80;164;74;0;82
1300.06;1178;29;29;21;5.67;90;0;34;36;0;55;7;0.54;1.0;1.0;0;0;36;3.62;12.2;2.72;5.6;345;128;14.7;12.91;0.878;0;1;0;0;0;0;0;0;0;1;0;285;83;161;74;0;82
1300.44;1165;27;27;22;5.32;88;0;30;40;0;54;7;0.52;1.0;1.0;0;0;40;3.38;12.8;2.57;5.2;345;128;14.7;12.91;0.878;0;1;0;0;0;0;0;0;0;1;0;282;85;163;74;0;82
1300.86;1178;27;27;27;5.37;88;0;29;39;0;54;7;0.52;1.0;1.0;0;0;41;3.38;15.7;2.59;5.3;345;128;14.7;13.31;0.905;0;1;0;0;0;0;0;0;0;1;0;282;95;163;75;0;82
1301.25;1229;29;29;25;5.7;88;0;29;39;0;55;7;0.55;1.0;1.0;0;0;41;3.62;14.5;2.72;5.8;345;128;14.7;13.31;0.905;0;1;0;0;0;0;0;0;0;1;0;285;90;163;74;0;82
1301.65;1204;30;30;17;5.78;87;0;30;40;0;55;8;0.55;1.0;1.0;0;0;40;3.75;9.9;2.75;5.8;345;128;14.7;13.31;0.905;0;1;0;0;0;0;0;0;0;1;0;286;74;164;74;0;82
1302.07;1178;29;29;1;5.71;89;0;32;20;0;54;7;0.52;1.0;1.0;0;0;38;3.62;0.6;2.73;5.6;345;128;14.7;12.31;0.837;0;1;0;0;0;1;0;0;0;1;0;283;42;162;74;0;82
1302.46;1217;36;36;34;6.71;87;0;33;37;0;60;10;0.59;1.0;1.0;0;0;37;4.5;19.8;3.12;6.8;345;128;14.7;12.31;0.837;0;1;0;0;0;0;0;0;0;1;0;326;108;164;74;0;85
1302.87;1370;39;39;28;7.18;87;0;31;42;0;62;12;0.62;1.0;1.0;0;0;39;4.88;16.3;3.31;8.2;345;128;14.7;14.31;0.973;0;1;0;0;0;0;0;0;0;1;0;337;97;164;74;0;86
1303.27;1588;45;45;28;8.15;88;0;30;39;0;69;15;0.65;1.0;1.0;0;0;40;5.62;16.3;3.7;10.8;345;128;14.7;14.31;0.973;0;1;0;0;0;0;0;0;0;1;0;390;96;163;74;0;88
1303.66;1703;44;44;27;8.03;87;0;27;43;0;68;16;0.66;1.0;1.0;0;0;43;5.5;15.7;3.65;11.4;345;128;14.7;14.31;0.973;0;1;0;0;0;0;0;0;0;1;0;384;95;164;74;0;91
1304.06;1588;43;43;40;7.95;88;0;27;43;0;66;16;0.65;1.0;1.0;0;0;43;5.38;23.3;3.62;10.5;345;128;14.7;14.61;0.994;0;1;0;0;0;0;0;0;0;1;0;375;121;163;74;0;90
1304.47;1716;44;44;33;8.06;89;0;28;41;0;68;16;0.66;1.0;1.0;0;0;42;5.5;19.2;3.67;11.5;345;128;14.7;14.61;0.994;0;1;0;0;0;0;0;0;0;1;0;382;107;162;74;0;90
1304.86;1614;44;44;40;8.01;89;0;28;42;0;68;16;0.65;1.0;1.0;0;0;42;5.5;23.3;3.65;10.8;345;128;14.7;16.52;1.124;0;1;0;0;0;0;0;0;0;1;0;382;121;162;74;0;90
1305.27;1755;44;44;21;8.07;90;0;25;45;0;68;17;0.66;1.0;1.0;0;0;45;5.5;12.2;3.68;11.8;345;128;14.7;16.52;1.124;0;1;0;0;0;0;0;0;0;1;0;383;82;160;74;0;91
1305.66;1806;50;50;13;9.07;90;0;29;41;0;74;20;0.68;1.0;1.0;0;0;41;6.25;7.6;4.08;13.7;345;128;14.7;16.52;1.124;0;1;0;0;0;0;0;0;0;1;0;428;66;160;74;0;102
1306.09;1767;45;45;41;8.22;90;0;24;46;0;69;18;0.66;1.0;1.0;0;0;46;5.62;23.8;3.74;12.1;345;128;14.7;16.31;1.11;0;1;0;0;0;0;0;0;0;1;0;391;123;161;74;0;92
1306.28;1819;46;46;18;8.37;90;0;27;44;0;71;19;0.66;1.0;1.0;0;0;43;5.75;10.5;3.8;12.7;345;128;14.7;16.31;1.11;0;1;0;0;0;0;0;0;0;1;0;407;76;161;73;0;100
1306.68;1857;50;50;13;8.91;89;0;28;42;0;74;21;0.68;1.0;1.0;0;0;42;6.25;7.6;4.01;13.8;345;128;14.82;16.31;1.101;0;1;0;0;0;0;0;0;0;1;0;429;67;162;73;0;102
1307.08;1998;56;56;39;9.86;89;0;30;40;0;79;25;0.72;1.0;1.0;0;0;40;7.0;22.7;4.39;16.4;345;128;14.82;14.51;0.979;0;1;0;0;0;0;0;0;0;1;0;465;118;162;73;0;106
1307.49;2152;60;60;23;11;90;0;31;39;0;80;28;0.74;1.0;1.0;0;0;39;7.5;13.4;4.74;19.2;345;128;14.82;14.51;0.979;0;1;0;0;0;0;0;0;0;1;0;476;86;161;73;0;107
1307.89;2062;57;57;19;10;90;0;31;40;0;79;27;0.73;1.0;1.0;0;0;39;7.12;11.0;4.5;17.4;345;128;14.82;14.21;0.959;0;1;0;0;0;0;0;0;0;1;0;469;79;160;73;0;100
1308.28;1895;41;41;8;7.58;91;0;21;49;0;64;18;0.66;1.0;1.0;0;0;49;5.12;4.7;3.49;12.0;345;128;14.82;14.21;0.959;0;1;0;0;0;0;0;0;0;1;0;354;57;159;73;0;89
1308.7;1857;34;34;6;6.52;90;0;23;46;0;57;14;0.6;1.0;1.0;0;0;47;4.25;3.5;3.06;10.1;345;128;14.82;14.21;0.959;0;1;0;0;0;0;0;0;0;1;0;306;53;160;73;0;78
1309.09;1806;30;30;9;5.87;90;0;22;48;0;55;12;0.56;1.0;1.0;0;0;48;3.75;5.2;2.8;8.8;345;128;14.7;11.81;0.803;0;1;0;0;0;0;0;0;0;1;0;286;58;161;73;0;82
1309.49;1691;29;29;25;5.66;89;0;23;47;0;54;11;0.54;1.0;1.0;0;0;47;3.62;14.5;2.71;8.0;345;128;14.7;11.81;0.803;0;1;0;0;0;0;0;0;0;1;0;282;91;162;73;0;82
1309.89;1780;29;29;26;5.73;89;0;22;48;0;54;11;0.54;1.0;1.0;0;0;48;3.62;15.1;2.74;8.5;345;128;14.7;12.61;0.858;0;1;0;0;0;0;0;0;0;1;0;280;92;162;73;0;82
1310.29;1703;18;18;5;4.02;88;0;31;39;0;48;7;0.4;1.0;1.0;0;0;39;2.25;2.9;2.05;5.7;345;128;14.7;12.61;0.858;0;1;0;0;0;0;0;0;0;1;0;237;50;163;73;0;74
1310.69;1601;17;17;13;3.86;87;0;34;39;0;47;6;0.38;1.0;1.0;0;0;36;2.12;7.6;1.98;5.1;345;128;14.7;12.61;0.858;0;1;0;0;0;0;0;0;0;1;0;230;66;164;73;0;74
1311.1;1639;18;18;15;8.46;87;181;31;38;0;47;6;0.38;1.0;1.0;0;0;39;2.25;8.7;3.82;11.6;345;128;14.7;12.01;0.817;0;1;0;0;0;0;0;0;0;1;0;228;71;164;74;0;74
1311.52;1703;18;18;11;4.03;87;0;31;39;0;48;7;0.4;1.0;1.0;0;0;39;2.25;6.4;2.05;5.7;345;128;14.7;12.01;0.817;0;1;0;0;0;0;0;0;0;1;0;233;62;164;74;0;74
1311.92;1639;18;18;9;3.93;87;0;32;38;0;48;6;0.4;1.0;1.0;0;0;38;2.25;5.2;2.01;5.4;345;128;14.7;12.71;0.865;0;1;0;0;0;0;0;0;0;1;0;233;58;164;74;0;74
1312.12;1639;19;19;11;4.07;88;0;32;39;0;48;7;0.4;1.0;1.0;0;0;38;2.38;6.4;2.07;5.6;345;128;14.7;12.71;0.865;0;1;0;0;0;0;0;0;0;1;0;237;63;165;74;0;74
1312.52;1652;19;19;12;4.16;87;0;32;40;0;48;7;0.4;1.0;1.0;0;0;38;2.38;7.0;2.1;5.7;345;128;14.7;12.71;0.865;0;1;0;0;0;0;0;0;0;1;0;237;65;165;74;0;74
1312.92;1588;18;18;1;4.01;87;0;33;38;0;48;6;0.39;1.0;1.0;0;0;37;2.25;0.6;2.04;5.3;345;128;14.7;12.51;0.851;0;1;0;0;0;1;0;0;0;1;0;234;42;165;74;0;70
1313.31;1639;18;18;1;3.88;87;0;48;36;0;47;6;0.38;1.0;1.0;0;0;22;2.25;0.6;1.99;5.3;345;128;14.7;12.51;0.851;0;1;0;0;0;1;0;0;0;1;0;231;42;165;74;0;74
1313.72;1691;19;19;8;4.03;87;0;32;38;0;48;6;0.4;1.0;1.0;0;0;38;2.38;4.7;2.05;5.7;345;128;14.7;12.51;0.851;0;1;0;0;0;0;0;0;0;1;0;234;56;164;73;0;74
1314.12;1614;18;18;7;4.01;87;0;30;40;0;48;6;0.39;1.0;1.0;0;0;40;2.25;4.1;2.04;5.4;345;128;14.7;14.01;0.953;0;1;0;0;0;0;0;0;0;1;0;233;55;165;73;0;74
1314.52;1550;18;18;1;3.98;87;0;50;20;0;48;6;0.39;1.0;1.0;0;0;20;2.25;0.6;2.03;5.1;345;128;14.7;14.01;0.953;0;1;0;0;0;1;0;0;0;1;0;232;42;164;74;0;74
1314.91;1652;20;20;7;4.33;87;0;29;40;0;49;7;0.42;1.0;1.0;0;0;41;2.5;4.1;2.17;6.0;345;128;14.7;13.51;0.919;0;1;0;0;0;0;0;0;0;1;0;240;54;164;74;0;75
1315.33;1383;19;19;1;4.18;87;0;50;20;0;49;6;0.41;1.0;1.0;0;0;20;2.38;0.6;2.11;4.8;345;128;14.7;13.51;0.919;0;1;0;0;0;1;0;0;0;1;0;245;42;164;74;0;75
1315.72;1639;19;19;15;4.06;87;0;33;38;0;48;6;0.4;1.0;1.0;0;0;37;2.38;8.7;2.06;5.5;345;128;14.7;13.51;0.919;0;1;0;0;0;0;0;0;0;1;0;235;70;165;74;0;74
1316.13;1588;17;17;8;3.81;87;0;34;36;0;47;6;0.38;1.0;1.0;0;0;36;2.12;4.7;1.96;5.0;345;128;14.7;15.12;1.029;0;1;0;0;0;0;0;0;0;1;0;231;56;164;74;0;74
1316.52;1511;18;18;17;4.02;88;0;32;38;0;48;6;0.39;1.0;1.0;0;0;38;2.25;9.9;2.05;5.1;345;128;14.7;15.12;1.029;0;1;0;0;0;0;0;0;0;1;0;234;75;163;73;0;74
1316.93;1537;18;18;13;4.01;87;0;32;38;0;48;6;0.39;1.0;1.0;0;0;38;2.25;7.6;2.04;5.1;345;128;14.7;15.91;1.082;0;1;0;0;0;0;0;0;0;1;0;234;67;164;73;0;74
1317.34;1755;17;17;4;3.86;91;0;31;38;0;46;6;0.38;1.0;1.0;0;0;39;2.12;2.3;2.0;5.6;345;128;14.7;15.91;1.082;0;1;0;0;0;0;0;0;0;1;0;218;49;159;73;0;70
1317.74;1921;16;16;3;3.7;88;0;32;20;0;45;7;0.37;1.0;1.0;0;0;38;2.0;1.7;1.92;5.9;345;128;14.82;15.91;1.074;0;1;0;0;0;0;0;0;0;1;0;213;47;163;73;0;73
1318.14;1947;15;15;27;3.56;89;0;31;39;0;44;7;0.36;1.0;1.0;0;0;39;1.88;15.7;1.87;5.8;345;128;14.82;12.71;0.858;0;1;0;0;0;0;0;0;0;1;0;204;94;162;73;0;72
1318.33;1972;15;15;16;3.56;89;0;33;37;0;44;6;0.36;1.0;1.0;0;0;37;1.88;9.3;1.87;5.9;345;128;14.82;12.71;0.858;0;1;0;0;0;0;0;0;0;1;0;201;73;162;73;0;70
1318.74;1806;16;16;12;3.68;89;0;35;35;0;45;6;0.37;1.0;1.0;0;0;35;2.0;7.0;1.92;5.5;345;128;14.7;12.71;0.865;0;1;0;0;0;0;0;0;0;1;0;213;65;162;73;0;73
1319.15;1819;16;16;7;3.73;89;0;38;37;0;45;6;0.37;1.0;1.0;0;0;32;2.0;4.1;1.94;5.7;345;128;14.7;15.22;1.035;0;1;0;0;0;0;0;0;0;1;0;215;54;162;73;0;70
1319.55;1755;17;17;13;3.8;88;0;34;36;0;46;6;0.38;1.0;1.0;0;0;36;2.12;7.6;1.96;5.6;345;128;14.7;15.22;1.035;0;1;0;0;0;0;0;0;0;1;0;223;67;163;73;0;73
1319.95;1691;17;17;14;3.75;88;0;33;37;0;46;6;0.38;1.0;1.0;0;0;37;2.12;8.1;1.94;5.3;345;128;14.7;15.31;1.041;0;1;0;0;0;0;0;0;0;1;0;222;69;163;73;0;73
1320.34;1511;17;17;23;3.77;88;0;32;38;0;47;6;0.38;1.0;1.0;0;0;38;2.12;13.4;1.95;4.7;345;128;14.7;15.31;1.041;0;1;0;0;0;0;0;0;0;1;0;225;86;163;73;0;74
1320.74;1537;18;18;25;3.98;87;0;30;40;0;48;6;0.39;1.0;1.0;0;0;40;2.25;14.5;2.03;5.1;345;128;14.7;15.31;1.041;0;1;0;0;0;0;0;0;0;1;0;234;91;164;73;0;74
1321.14;1498;18;18;17;3.98;87;0;33;37;0;48;6;0.39;1.0;1.0;0;0;37;2.25;9.9;2.03;5.0;345;128;14.7;14.01;0.953;0;1;0;0;0;0;0;0;0;1;0;239;75;164;73;0;74
1321.54;1396;19;19;13;4.08;89;0;31;39;0;48;6;0.39;1.0;1.0;0;0;39;2.38;7.6;2.08;4.7;345;128;14.7;14.01;0.953;0;1;0;0;0;0;0;0;0;1;0;239;66;162;73;0;74
1321.95;1281;22;22;2;4.63;87;0;31;20;0;51;6;0.46;1.0;1.0;0;0;39;2.75;1.2;2.29;4.9;345;128;14.7;13.11;0.892;0;1;0;0;0;1;0;0;0;1;0;252;44;164;73;0;72
1322.36;1012;29;29;13;5.71;87;0;35;35;0;56;6;0.53;1.0;1.0;0;0;35;3.62;7.6;2.72;4.8;345;128;14.47;13.11;0.906;0;1;0;0;0;0;0;0;0;1;0;299;67;162;73;0;83
1322.76;1012;30;30;19;5.78;87;0;35;35;0;57;7;0.53;1.0;1.0;0;0;35;3.75;11.0;2.75;4.9;345;128;14.47;13.11;0.906;0;1;0;0;0;0;0;0;0;1;0;307;79;164;73;0;90
1323.16;1101;31;31;10;5.96;87;0;34;35;0;57;7;0.55;1.0;1.0;0;0;36;3.88;5.8;2.82;5.5;345;128;14.7;11.91;0.81;0;1;0;0;0;0;0;0;0;1;0;303;61;164;74;0;84
1323.55;1101;31;31;17;5.93;87;0;35;35;0;57;7;0.55;1.0;1.0;0;0;35;3.88;9.9;2.81;5.4;345;128;14.7;11.91;0.81;0;1;0;0;0;0;0;0;0;1;0;303;75;165;74;0;83
1323.96;1050;31;31;13;5.91;87;0;33;37;0;57;7;0.55;1.0;1.0;0;0;37;3.88;7.6;2.8;5.2;345;128;14.7;13.31;0.905;0;1;0;0;0;0;0;0;0;1;0;304;66;164;74;0;84
1324.36;1153;35;35;6;6.66;89;0;34;37;0;60;9;0.58;1.0;1.0;0;0;36;4.38;3.5;3.11;6.4;345;128;14.7;13.31;0.905;0;1;0;0;0;0;0;0;0;1;0;324;52;162;74;0;84
1324.56;1306;37;37;4;7.02;90;0;32;37;0;62;10;0.61;1.0;1.0;0;0;38;4.62;2.3;3.26;7.6;345;128;14.7;13.31;0.905;0;1;0;0;0;0;0;0;0;1;0;338;48;161;74;0;86
1324.97;1319;40;40;8;7.46;87;0;32;38;0;65;12;0.62;1.0;1.0;0;0;38;5.0;4.7;3.42;8.2;345;128;14.7;12.31;0.837;0;1;0;0;0;0;0;0;0;1;0;364;56;164;74;0;89
1325.37;1447;41;41;7;7.53;87;0;29;41;0;64;13;0.64;1.0;1.0;0;0;41;5.12;4.1;3.45;9.1;345;128;14.7;12.31;0.837;0;1;0;0;0;0;0;0;0;1;0;352;55;164;73;0;89
1325.78;1550;67;67;37;12;89;0;39;29;0;86;23;0.77;1.0;1.0;0;0;31;8.38;21.5;5.27;15.6;345;128;14.04;12.31;0.877;0;1;0;0;0;0;0;0;0;1;0;518;114;162;74;0;114
1326.17;2702;98;98;66;20;92;0;47;24;-1;104;57;0.91;1.0;1.0;0;0;23;12.25;38.4;8.45;45.0;345;128;12.06;12.51;1.037;0;1;0;0;0;0;0;0;0;1;0;653;173;158;73;0;153
1326.58;2869;80;80;47;15;93;0;46;25;-1;97;51;0.8;1.0;1.0;0;0;24;10.0;27.3;6.42;35.6;345;128;13.54;12.51;0.924;0;1;0;0;0;0;0;0;0;1;0;604;135;156;73;0;108
1326.97;2369;37;37;12;6.92;92;0;20;52;-1;61;20;0.62;1.0;1.0;0;0;50;4.62;7.0;3.23;13.7;345;128;14.93;12.51;0.838;0;1;0;0;0;0;0;0;0;1;0;334;65;157;73;0;82
1327.38;2049;27;27;7;5.37;90;0;20;51;0;53;13;0.51;1.0;1.0;0;0;50;3.38;4.1;2.6;9.2;345;128;14.82;12.51;0.844;0;1;0;0;0;0;0;0;0;1;0;275;54;161;73;0;75
1327.77;1537;33;33;5;6.37;90;0;26;43;0;57;11;0.59;1.0;1.0;0;0;44;4.12;2.9;3.0;8.2;345;128;14.7;12.51;0.851;0;1;0;0;0;0;0;0;0;1;0;304;50;161;73;0;84
1328.18;1332;33;33;3;6.31;89;0;29;42;0;56;10;0.59;1.0;1.0;0;0;41;4.12;1.7;2.97;7.0;345;128;14.7;13.01;0.885;0;1;0;0;0;0;0;0;0;1;0;299;47;162;73;0;83
1328.57;1345;32;32;3;6.15;88;0;26;44;0;56;10;0.59;1.0;1.0;0;0;44;4.0;1.7;2.9;6.9;345;128;14.7;13.01;0.885;0;1;0;0;0;0;0;0;0;1;0;298;47;163;73;0;83
1328.99;1511;38;38;5;7.07;88;0;30;40;0;61;12;0.62;1.0;1.0;0;0;40;4.75;2.9;3.27;8.9;345;128;14.7;14.52;0.988;0;1;0;0;0;0;0;0;0;1;0;334;50;163;73;0;86
1329.39;1498;33;33;3;6.25;88;0;28;42;0;56;10;0.59;1.0;1.0;0;0;42;4.12;1.7;2.94;7.8;345;128;14.7;14.52;0.988;0;1;0;0;0;0;0;0;0;1;0;299;47;163;73;0;83
1329.79;1383;33;33;3;6.28;87;0;28;41;0;57;10;0.59;1.0;1.0;0;0;42;4.12;1.7;2.95;7.2;345;128;14.7;14.52;0.988;0;1;0;0;0;0;0;0;0;1;0;306;47;164;73;0;84
1330.19;1486;39;39;4;7.3;88;0;29;42;0;62;13;0.62;1.0;1.0;0;0;41;4.88;2.3;3.36;9.0;345;128;14.7;13.71;0.933;0;1;0;0;0;0;0;0;0;1;0;336;48;163;73;0;86
1330.6;1473;38;38;4;7.08;87;0;29;41;0;62;13;0.62;1.0;1.0;0;0;41;4.75;2.3;3.27;8.7;345;128;14.7;13.71;0.933;0;1;0;0;0;0;0;0;0;1;0;339;48;164;73;0;86
1330.8;1601;40;40;5;7.4;88;0;29;41;0;63;14;0.64;1.0;1.0;0;0;41;5.0;2.9;3.4;9.9;345;128;14.7;13.71;0.933;0;1;0;0;0;0;0;0;0;1;0;347;51;163;73;0;41
1331.2;1498;41;41;5;7.51;87;0;29;41;0;64;14;0.64;1.0;1.0;0;0;41;5.12;2.9;3.44;9.4;345;128;14.7;13.91;0.946;0;1;0;0;0;0;0;0;0;1;0;358;51;164;73;0;89
1331.59;1498;36;36;6;6.8;88;0;28;42;0;60;12;0.61;1.0;1.0;0;0;42;4.5;3.5;3.16;8.5;345;128;14.7;13.91;0.946;0;1;0;0;0;0;0;0;0;1;0;326;52;163;73;0;82
1332.0;1550;38;38;6;7.06;87;0;27;43;0;62;13;0.63;1.0;1.0;0;0;43;4.75;3.5;3.26;9.1;345;128;14.7;14.61;0.994;0;1;0;0;0;0;0;0;0;1;0;338;52;164;73;0;87
1332.4;1498;39;39;6;7.26;87;0;28;42;0;62;13;0.62;1.0;1.0;0;0;42;4.88;3.5;3.34;9.1;345;128;14.7;14.61;0.994;0;1;0;0;0;0;0;0;0;1;0;336;52;164;73;0;86
1332.81;1588;39;39;6;7.31;87;0;28;41;0;63;13;0.64;1.0;1.0;0;0;42;4.88;3.5;3.36;9.7;345;128;14.7;14.61;0.994;0;1;0;0;0;0;0;0;0;1;0;346;52;164;73;0;88
1333.2;1473;38;38;6;7.16;87;0;29;42;0;62;13;0.62;1.0;1.0;0;0;41;4.75;3.5;3.3;8.8;345;128;14.7;13.91;0.946;0;1;0;0;0;0;0;0;0;1;0;337;52;164;73;0;86
1333.61;1588;40;40;6;7.41;87;0;29;41;0;63;14;0.64;1.0;1.0;0;0;41;5.0;3.5;3.4;9.8;345;128;14.7;13.91;0.946;0;1;0;0;0;0;0;0;0;1;0;350;52;164;73;0;41
1334.0;1755;47;47;10;8.46;87;0;28;42;0;71;18;0.66;1.0;1.0;0;0;42;5.88;5.8;3.82;12.4;345;128;14.7;16.61;1.13;0;1;0;0;0;0;0;0;0;1;0;410;61;164;73;0;100
1334.4;1729;45;45;10;8.11;87;0;27;43;0;68;17;0.66;1.0;1.0;0;0;43;5.62;5.8;3.68;11.7;345;128;14.7;16.61;1.13;0;1;0;0;0;0;0;0;0;1;0;382;60;164;73;0;42
1334.82;1639;44;44;10;7.97;88;0;28;42;0;67;16;0.66;1.0;1.0;0;0;42;5.5;5.8;3.63;10.9;345;128;14.7;16.61;1.13;0;1;0;0;0;0;0;0;0;1;0;377;60;163;73;0;90
1335.22;1806;52;52;13;9.26;89;0;30;40;0;75;20;0.69;1.0;1.0;0;0;40;6.5;7.6;4.15;13.9;345;128;14.7;16.61;1.13;0;1;0;0;0;0;0;0;0;1;0;438;66;162;73;0;90
1335.63;1806;49;49;13;8.8;88;0;26;42;0;73;20;0.67;1.0;1.0;0;0;44;6.12;7.6;3.96;13.2;345;128;14.7;16.61;1.13;0;1;0;0;0;0;0;0;0;1;0;427;66;163;73;0;102
1336.02;1998;63;63;20;11;88;0;38;32;0;83;27;0.76;1.0;1.0;0;0;32;7.88;11.6;5.0;19.0;345;128;14.04;13.11;0.934;0;1;0;0;0;0;0;0;0;1;0;501;81;162;73;0;109
1336.42;1831;44;44;20;8.12;90;0;25;45;0;69;18;0.66;1.0;1.0;0;0;45;5.5;11.6;3.7;12.4;345;128;14.7;13.11;0.892;0;1;0;0;0;0;0;0;0;1;0;390;81;161;74;0;90
1336.82;1562;43;44;9;7.96;89;0;30;40;0;69;15;0.65;1.0;1.0;0;0;40;5.38;5.2;3.63;10.4;345;128;14.7;13.11;0.892;0;1;0;0;0;0;0;0;0;1;0;388;59;162;72;0;92
1337.03;1665;47;47;16;8.43;89;0;27;42;0;71;17;0.66;1.0;1.0;0;0;43;5.88;9.3;3.82;11.7;345;128;14.7;13.31;0.905;0;1;0;0;0;0;0;0;0;1;0;407;72;162;72;0;100
1337.44;1703;50;50;21;8.96;89;0;28;42;0;74;19;0.68;1.0;1.0;0;0;42;6.25;12.2;4.03;12.7;345;128;14.7;13.31;0.905;0;1;0;0;0;0;0;0;0;1;0;428;83;162;72;0;102
1337.82;1806;54;54;15;9.66;89;0;31;39;0;77;22;0.7;1.0;1.0;0;0;39;6.75;8.7;4.31;14.5;345;128;14.7;13.31;0.905;0;1;0;0;0;0;0;0;0;1;0;451;71;162;72;0;104
1338.24;1870;57;57;25;10;89;0;32;38;0;79;24;0.72;1.0;1.0;0;0;38;7.12;14.5;4.46;15.6;345;128;14.82;15.72;1.061;0;1;0;0;0;0;0;0;0;1;0;465;90;162;72;0;106
1338.63;1947;57;57;18;9.95;90;0;32;38;0;79;25;0.72;1.0;1.0;0;0;38;7.12;10.5;4.43;16.1;345;128;14.82;15.72;1.061;0;1;0;0;0;0;0;0;0;1;0;470;77;161;72;0;106
1339.03;1921;57;57;18;10;90;0;33;37;0;79;25;0.72;1.0;1.0;0;0;37;7.12;10.5;4.5;16.2;345;128;14.82;16.52;1.115;0;1;0;0;0;0;0;0;0;1;0;469;77;161;72;0;106
1339.44;2024;57;57;19;10;90;0;31;37;0;79;26;0.72;1.0;1.0;0;0;39;7.12;11.0;4.52;17.2;345;128;14.82;16.52;1.115;0;1;0;0;0;0;0;0;0;1;0;466;78;160;73;0;106
1339.83;2049;62;62;21;11;90;0;35;36;0;82;28;0.76;1.0;1.0;0;0;35;7.75;12.2;4.94;19.2;345;128;14.04;16.52;1.177;0;1;0;0;0;0;0;0;0;1;0;488;83;161;73;0;101
1340.23;1972;55;55;26;9.77;90;0;31;38;0;78;24;0.71;1.0;1.0;0;0;39;6.88;15.1;4.36;16.1;345;128;14.82;14.21;0.959;0;1;0;0;0;0;0;0;0;1;0;462;93;160;74;0;42
1340.64;1998;63;63;37;11;90;0;35;35;0;83;29;0.76;1.0;1.0;0;0;35;7.88;21.5;5.04;19.1;345;128;14.04;14.21;1.012;0;1;0;0;0;0;0;0;0;1;0;501;115;160;74;0;102
1341.04;2062;63;63;27;12;92;0;34;36;0;83;30;0.77;1.0;1.0;0;0;36;7.88;15.7;5.08;19.8;345;128;14.04;13.31;0.948;0;1;0;0;0;0;0;0;0;1;0;496;94;158;74;0;109
1341.45;1921;53;53;19;9.38;91;0;28;42;0;77;23;0.7;1.0;1.0;0;0;42;6.62;11.0;4.21;15.0;345;128;14.82;13.31;0.898;0;1;0;0;0;0;0;0;0;1;0;448;78;159;74;0;105
1341.84;1972;57;57;43;10;90;0;31;39;0;79;25;0.72;1.0;1.0;0;0;39;7.12;25.0;4.46;16.5;345;128;14.82;13.31;0.898;0;1;0;0;0;0;0;0;0;1;0;467;126;160;74;0;106
1342.24;1883;55;55;24;9.85;90;0;32;39;0;78;24;0.71;1.0;1.0;0;0;38;6.88;14.0;4.39;15.5;345;128;14.82;14.11;0.952;0;1;0;0;0;0;0;0;0;1;0;458;88;160;74;0;106
1342.65;1857;56;56;37;9.93;89;0;32;38;0;79;24;0.72;1.0;1.0;0;0;38;7.0;21.5;4.42;15.4;345;128;14.82;14.11;0.952;0;1;0;0;0;0;0;0;0;1;0;469;115;162;74;0;100
1342.84;1998;55;55;37;9.75;90;0;29;41;0;78;24;0.71;1.0;1.0;0;0;41;6.88;21.5;4.35;16.2;345;128;14.82;14.11;0.952;0;1;0;0;0;0;0;0;0;1;0;458;115;161;73;0;105
1343.26;1921;56;56;31;9.88;89;0;31;39;0;79;24;0.72;1.0;1.0;0;0;39;7.0;18.0;4.4;15.8;345;128;14.82;15.22;1.027;0;1;0;0;0;0;0;0;0;1;0;466;103;162;73;0;106
1343.65;1934;53;53;33;9.46;89;0;29;41;0;77;23;0.7;1.0;1.0;0;0;41;6.62;19.2;4.23;15.2;345;128;14.82;15.22;1.027;0;1;0;0;0;0;0;0;0;1;0;448;107;162;73;0;92
1344.05;1819;50;50;25;9.05;88;0;27;43;0;75;21;0.69;1.0;1.0;0;0;43;6.25;14.5;4.06;13.7;345;128;14.7;15.92;1.083;0;1;0;0;0;0;0;0;0;1;0;436;90;163;73;0;102
1344.45;1857;48;48;22;8.6;88;0;28;44;0;72;19;0.66;1.0;1.0;0;0;42;6.0;12.8;3.88;13.3;345;128;14.82;15.92;1.074;0;1;0;0;0;0;0;0;0;1;0;417;85;163;73;0;89
1344.87;1755;50;50;26;8.98;87;0;28;42;0;74;20;0.68;1.0;1.0;0;0;42;6.25;15.1;4.03;13.1;345;128;14.7;15.92;1.083;0;1;0;0;0;0;0;0;0;1;0;435;92;164;73;0;102
1345.26;1767;51;51;38;9.13;87;0;29;41;0;75;20;0.69;1.0;1.0;0;0;41;6.38;22.1;4.09;13.4;345;128;14.7;16.41;1.116;0;1;0;0;0;0;0;0;0;1;0;441;116;164;73;0;104
1345.65;1831;52;52;36;9.22;88;0;27;39;0;76;21;0.7;1.0;1.0;0;0;43;6.5;20.9;4.13;14.1;345;128;14.7;16.41;1.116;0;1;0;0;0;0;0;0;0;1;0;447;112;163;73;0;105
1346.05;1857;50;50;33;8.96;89;0;30;43;0;74;22;0.68;1.0;1.0;0;0;40;6.25;19.2;4.03;13.9;345;128;14.82;12.91;0.871;0;1;0;0;0;0;0;0;0;1;0;430;106;162;73;0;42
1346.48;1716;49;49;25;8.88;89;0;26;41;0;74;19;0.68;1.0;1.0;0;0;44;6.12;14.5;4.0;12.7;345;128;14.7;12.91;0.878;0;1;0;0;0;0;0;0;0;1;0;433;91;162;73;0;102
1346.86;1934;54;54;20;9.58;89;0;30;40;0;77;23;0.7;1.0;1.0;0;0;40;6.75;11.6;4.28;15.4;345;128;14.82;12.91;0.871;0;1;0;0;0;0;0;0;0;1;0;452;80;162;73;0;105
1347.26;1729;49;49;27;13;90;181;28;42;0;73;19;0.67;1.0;1.0;0;0;42;6.12;15.7;5.78;19.2;345;128;14.7;13.21;0.899;0;1;0;0;0;0;0;0;0;1;0;422;95;161;73;0;101
1347.66;1806;50;50;33;8.97;90;0;29;41;0;74;20;0.68;1.0;1.0;0;0;41;6.25;19.2;4.04;13.5;345;128;14.7;13.21;0.899;0;1;0;0;0;0;0;0;0;1;0;434;107;161;73;0;102
1348.07;1780;50;50;29;8.91;89;0;28;41;0;74;20;0.68;1.0;1.0;0;0;42;6.25;16.9;4.01;13.2;345;128;14.7;15.11;1.028;0;1;0;0;0;0;0;0;0;1;0;434;99;162;73;0;102
1348.47;1767;53;53;43;9.41;89;0;30;40;0;76;21;0.7;1.0;1.0;0;0;40;6.62;25.0;4.21;13.9;345;128;14.7;15.11;1.028;0;1;0;0;0;0;0;0;0;1;0;447;127;162;73;0;99
1348.88;1921;57;57;42;10;90;0;32;38;0;79;24;0.72;1.0;1.0;0;0;38;7.12;24.4;4.47;16.1;345;128;14.82;15.81;1.067;0;1;0;0;0;0;0;0;0;1;0;469;124;161;73;0;106
1349.07;1895;57;57;38;10;89;0;32;38;0;79;25;0.72;1.0;1.0;0;0;38;7.12;22.1;4.49;16.0;345;128;14.82;15.81;1.067;0;1;0;0;0;0;0;0;0;1;0;470;117;162;73;0;101
1349.49;1972;51;51;27;9.08;89;0;29;41;0;75;22;0.69;1.0;1.0;0;0;41;6.38;15.7;4.08;14.9;345;128;14.82;15.81;1.067;0;1;0;0;0;0;0;0;0;1;0;439;94;162;73;0;104
1349.89;1895;55;55;22;9.82;88;0;31;39;0;78;23;0.71;1.0;1.0;0;0;39;6.88;12.8;4.37;15.5;345;128;14.82;16.21;1.094;0;1;0;0;0;0;0;0;0;1;0;460;84;163;73;0;106
1350.28;1921;56;56;19;9.85;88;0;31;39;0;79;24;0.72;1.0;1.0;0;0;39;7.0;11.0;4.38;15.8;345;128;14.82;16.21;1.094;0;1;0;0;0;0;0;0;0;1;0;464;79;163;73;0;106
1350.68;1985;56;56;28;9.8;88;0;31;39;0;78;24;0.71;1.0;1.0;0;0;39;7.0;16.3;4.36;16.2;345;128;14.82;16.21;1.094;0;1;0;0;0;0;0;0;0;1;0;463;97;163;72;0;98
1351.08;1895;56;56;39;9.77;88;0;31;39;0;78;24;0.71;1.0;1.0;0;0;39;7.0;22.7;4.35;15.4;345;128;14.82;15.21;1.026;0;1;0;0;0;0;0;0;0;1;0;460;119;163;72;0;106
1351.49;1921;55;55;31;9.71;89;0;31;39;0;78;24;0.71;1.0;1.0;0;0;39;6.88;18.0;4.33;15.5;345;128;14.82;15.21;1.026;0;1;0;0;0;0;0;0;0;1;0;459;103;162;72;0;113
1351.89;1921;56;56;48;9.8;88;0;31;38;0;79;24;0.72;1.0;1.0;0;0;39;7.0;27.9;4.36;15.7;345;128;14.82;15.21;1.026;0;1;0;0;0;0;0;0;0;1;0;464;136;163;72;0;106
1352.29;1895;56;56;41;9.8;88;0;31;39;0;78;24;0.71;1.0;1.0;0;0;39;7.0;23.8;4.36;15.5;345;128;14.82;14.51;0.979;0;1;0;0;0;0;0;0;0;1;0;463;123;163;73;0;106
1352.69;1985;55;55;32;9.65;88;0;31;39;0;77;24;0.7;1.0;1.0;0;0;39;6.88;18.6;4.3;16.0;345;128;14.82;14.51;0.979;0;1;0;0;0;0;0;0;0;1;0;455;105;163;73;0;105
1353.1;1883;50;50;30;8.98;89;0;29;41;0;74;21;0.68;1.0;1.0;0;0;41;6.25;17.4;4.04;14.1;345;128;14.82;14.51;0.979;0;1;0;0;0;0;0;0;0;1;0;433;100;162;73;0;102
1353.5;1486;38;38;36;7.03;89;0;27;42;0;62;13;0.62;1.0;1.0;0;0;43;4.75;20.9;3.26;8.7;345;128;14.7;14.51;0.987;0;1;0;0;0;0;0;0;0;1;0;336;112;163;73;0;86
1353.9;1473;41;41;22;7.61;89;0;30;41;0;65;13;0.64;1.0;1.0;0;0;40;5.12;12.8;3.49;9.3;345;128;14.7;12.71;0.865;0;1;0;0;0;0;0;0;0;1;0;362;84;162;73;0;89
1354.3;1306;33;33;29;6.35;88;0;28;42;0;57;10;0.59;1.0;1.0;0;0;42;4.12;16.9;2.98;6.9;345;128;14.7;12.71;0.865;0;1;0;0;0;0;0;0;0;1;0;301;99;163;73;0;83
1354.71;1037;31;31;27;6.01;87;0;32;38;0;58;7;0.55;1.0;1.0;0;0;38;3.88;15.7;2.84;5.2;345;128;14.7;12.71;0.865;0;1;0;0;0;0;0;0;0;1;0;314;94;164;72;0;84
1355.1;1217;40;40;27;7.33;87;0;33;37;0;65;11;0.62;1.0;1.0;0;0;37;5.0;15.7;3.37;7.4;345;128;14.7;14.41;0.98;0;1;0;0;0;0;0;0;0;1;0;361;95;164;73;0;89
1355.29;1383;41;41;25;7.61;87;0;31;39;0;65;12;0.63;1.0;1.0;0;0;39;5.12;14.5;3.48;8.8;345;128;14.7;14.41;0.98;0;1;0;0;0;0;0;0;0;1;0;364;90;164;73;0;90
1355.71;1652;50;50;29;8.88;87;0;29;41;0;74;17;0.68;1.0;1.0;0;0;41;6.25;16.9;3.99;12.2;345;128;14.7;14.41;0.98;0;1;0;0;0;0;0;0;0;1;0;431;98;164;74;0;102
1356.11;1831;52;52;29;9.28;87;0;30;40;0;75;21;0.69;1.0;1.0;0;0;40;6.5;16.9;4.15;14.2;345;128;14.7;16.02;1.09;0;1;0;0;0;0;0;0;0;1;0;441;99;164;73;0;104
1356.51;1857;53;53;29;9.41;87;0;31;40;0;76;22;0.7;1.0;1.0;0;0;39;6.62;16.9;4.2;14.6;345;128;14.82;16.02;1.081;0;1;0;0;0;0;0;0;0;1;0;446;99;165;73;0;98
1356.91;2024;67;67;36;12;88;0;37;33;0;85;30;0.77;1.0;1.0;0;0;33;8.38;20.9;5.28;20.4;345;128;14.04;14.31;1.019;0;1;0;0;0;0;0;0;0;1;0;511;113;163;73;0;102
1357.32;2049;62;62;35;11;90;0;34;36;0;82;29;0.76;1.0;1.0;0;0;36;7.75;20.3;4.94;19.2;345;128;14.04;14.31;1.019;0;1;0;0;0;0;0;0;0;1;0;494;111;161;73;0;108
1357.7;1998;58;58;35;10;89;0;33;38;0;80;27;0.73;1.0;1.0;0;0;37;7.25;20.3;4.59;17.2;345;128;14.82;14.31;0.966;0;1;0;0;0;0;0;0;0;1;0;476;111;162;73;0;106
1358.13;1947;47;47;30;8.46;89;0;26;44;0;72;21;0.66;1.0;1.0;0;0;44;5.88;17.4;3.83;13.7;345;128;14.82;14.32;0.966;0;1;0;0;0;0;0;0;0;1;0;415;100;162;72;0;101
1358.51;1767;51;51;28;9.06;89;0;29;41;0;75;20;0.69;1.0;1.0;0;0;41;6.38;16.3;4.07;13.3;345;128;14.7;14.32;0.974;0;1;0;0;0;0;0;0;0;1;0;437;97;162;72;0;102
1358.91;1806;55;55;25;9.72;88;0;31;39;0;78;22;0.71;1.0;1.0;0;0;39;6.88;14.5;4.33;14.6;345;128;14.7;14.32;0.974;0;1;0;0;0;0;0;0;0;1;0;458;90;163;73;0;105
1359.33;1870;60;60;26;11;88;0;33;36;0;81;26;0.74;1.0;1.0;0;0;37;7.5;15.1;4.71;16.6;345;128;14.82;16.11;1.087;0;1;0;0;0;0;0;0;0;1;0;482;92;163;72;0;108
1359.73;2036;60;60;27;11;90;0;34;36;0;81;27;0.74;1.0;1.0;0;0;36;7.5;15.7;4.79;18.4;345;128;14.82;16.11;1.087;0;1;0;0;0;0;0;0;0;1;0;483;94;161;72;0;108
1360.13;2024;60;60;26;11;90;0;33;36;0;81;27;0.74;1.0;1.0;0;0;37;7.5;15.1;4.79;18.3;345;128;14.82;14.01;0.945;0;1;0;0;0;0;0;0;0;1;0;486;93;161;72;0;108
1360.52;2100;61;61;27;11;90;0;33;37;0;81;28;0.75;1.0;1.0;0;0;37;7.62;15.7;4.84;19.2;345;128;14.04;14.01;0.998;0;1;0;0;0;0;0;0;0;1;0;486;95;160;72;0;108
1360.94;1985;62;62;28;11;91;0;36;34;0;83;29;0.76;1.0;1.0;0;0;34;7.75;16.3;4.96;18.6;345;128;14.04;14.21;1.012;0;1;0;0;0;0;0;0;0;1;0;497;97;159;72;0;109
1361.35;2113;62;62;28;11;90;0;35;36;0;82;29;0.76;1.0;1.0;0;0;35;7.75;16.3;4.95;19.8;345;128;14.04;14.21;1.012;0;1;0;0;0;0;0;0;0;1;0;493;97;160;72;0;109
1361.54;2164;65;65;30;12;91;0;36;35;0;84;32;0.77;1.0;1.0;0;0;34;8.12;17.4;5.18;21.3;345;128;14.04;14.21;1.012;0;1;0;0;0;0;0;0;0;1;0;507;101;159;72;0;41
1361.94;2036;57;57;29;9.97;90;0;30;40;0;79;26;0.72;1.0;1.0;0;0;40;7.12;16.9;4.44;16.9;345;128;14.82;14.71;0.993;0;1;0;0;0;0;0;0;0;1;0;464;98;161;71;0;106
1362.34;2036;62;62;29;11;89;0;35;36;0;83;29;0.76;1.0;1.0;0;0;35;7.75;16.9;4.95;19.1;345;128;14.04;14.71;1.048;0;1;0;0;0;0;0;0;0;1;0;497;98;162;71;0;109
1362.75;2088;59;59;28;11;90;0;33;38;0;80;28;0.74;1.0;1.0;0;0;37;7.38;16.3;4.75;18.7;345;128;14.82;14.71;0.993;0;1;0;0;0;0;0;0;0;1;0;476;97;161;72;0;100
1363.15;1947;43;43;19;7.82;88;0;24;46;0;67;19;0.66;1.0;1.0;0;0;46;5.38;11.0;3.57;12.7;345;128;14.82;13.21;0.891;0;1;0;0;0;0;0;0;0;1;0;377;79;163;72;0;90
1363.56;1562;33;33;12;6.3;88;0;26;44;0;56;11;0.59;1.0;1.0;0;0;44;4.12;7.0;2.96;8.2;345;128;14.7;13.21;0.899;0;1;0;0;0;0;0;0;0;1;0;294;64;163;71;0;82
1363.94;1511;24;24;9;4.83;87;0;30;41;0;51;7;0.46;1.0;1.0;0;0;40;3.0;5.2;2.37;6.1;345;128;14.7;11.81;0.803;0;1;0;0;0;0;0;0;0;1;0;257;59;164;71;0;77
1364.35;1345;23;23;9;4.68;87;0;29;41;0;51;7;0.46;1.0;1.0;0;0;41;2.88;5.2;2.31;5.2;345;128;14.7;11.81;0.803;0;1;0;0;0;0;0;0;0;1;0;255;59;164;71;0;38
1364.75;1473;23;23;10;4.75;88;0;29;41;0;51;7;0.46;1.0;1.0;0;0;41;2.88;5.8;2.34;5.8;345;128;14.7;11.81;0.803;0;1;0;0;0;0;0;0;0;1;0;257;60;163;71;0;76
1365.15;1691;19;19;9;4.06;87;0;29;40;0;48;7;0.4;1.0;1.0;0;0;41;2.38;5.2;2.06;5.7;345;128;14.7;12.71;0.865;0;1;0;0;0;0;0;0;0;1;0;233;59;164;72;0;74
1365.56;1934;17;17;9;3.76;87;0;31;39;0;46;7;0.38;1.0;1.0;0;0;39;2.12;5.2;1.94;6.1;345;128;14.82;12.71;0.858;0;1;0;0;0;0;0;0;0;1;0;217;59;164;71;0;57
1365.96;1870;16;16;10;3.66;87;0;33;37;0;45;6;0.37;1.0;1.0;0;0;37;2.0;5.8;1.9;5.7;345;128;14.82;13.81;0.932;0;1;0;0;0;0;0;0;0;1;0;214;60;164;71;0;73
1366.35;1755;17;17;9;3.73;87;0;33;37;0;46;6;0.38;1.0;1.0;0;0;37;2.12;5.2;1.93;5.5;345;128;14.7;13.81;0.939;0;1;0;0;0;0;0;0;0;1;0;216;59;165;71;0;73
1366.76;1716;17;17;9;3.88;87;0;34;36;0;47;6;0.38;1.0;1.0;0;0;36;2.12;5.2;1.99;5.5;345;128;14.7;13.81;0.939;0;1;0;0;0;0;0;0;0;1;0;226;59;164;71;0;74
1367.16;1601;17;17;9;3.78;87;0;34;36;0;47;6;0.38;1.0;1.0;0;0;36;2.12;5.2;1.95;5.0;345;128;14.7;13.21;0.899;0;1;0;0;0;0;0;0;0;1;0;228;59;165;71;0;72
1367.57;1511;17;17;10;3.78;87;0;33;37;0;47;6;0.38;1.0;1.0;0;0;37;2.12;5.8;1.95;4.8;345;128;14.7;13.21;0.899;0;1;0;0;0;0;0;0;0;1;0;227;60;164;71;0;74
1367.76;1396;18;18;10;3.98;87;0;32;37;0;48;6;0.39;1.0;1.0;0;0;38;2.25;5.8;2.03;4.6;345;128;14.7;13.21;0.899;0;1;0;0;0;0;0;0;0;1;0;234;60;165;70;0;74
1368.15;1422;23;23;9;4.77;86;0;30;40;0;51;7;0.46;1.0;1.0;0;0;40;2.88;5.2;2.34;5.7;345;128;14.7;16.11;1.096;0;1;0;0;0;0;0;0;0;1;0;258;59;166;71;0;76
1368.55;1114;27;27;9;5.33;87;0;31;39;0;54;7;0.51;1.0;1.0;0;0;39;3.38;5.2;2.57;4.9;345;128;14.7;16.11;1.096;0;1;0;0;0;0;0;0;0;1;0;276;58;164;71;0;74
1368.95;986;32;32;9;6.11;87;0;34;36;0;58;7;0.54;1.0;1.0;0;0;36;4.0;5.2;2.88;5.0;345;128;14.59;13.61;0.933;0;1;0;0;0;0;0;0;0;1;0;309;58;165;71;0;84
1369.37;1037;31;31;9;6.01;87;0;36;32;0;59;7;0.55;1.0;1.0;0;0;34;3.88;5.2;2.84;5.2;345;128;14.7;13.61;0.926;0;1;0;0;0;0;0;0;0;1;0;318;58;164;71;0;85
1369.77;986;30;30;9;5.87;86;0;37;31;0;58;6;0.54;1.0;1.0;0;0;33;3.75;5.2;2.78;4.8;345;128;14.47;13.61;0.941;0;1;0;0;0;0;0;0;0;1;0;315;58;166;71;0;85
1370.16;1114;33;33;9;6.37;88;0;36;35;0;58;8;0.56;1.0;1.0;0;0;34;4.12;5.2;2.99;5.9;345;128;14.7;13.81;0.939;0;1;0;0;0;0;0;0;0;1;0;314;58;163;71;0;84
1370.56;1204;31;31;8;6.06;89;0;32;37;0;56;8;0.58;1.0;1.0;0;0;38;3.88;4.7;2.87;6.1;345;128;14.7;13.81;0.939;0;1;0;0;0;0;0;0;0;1;0;297;57;162;71;0;83
1370.96;1012;29;29;8;5.66;87;0;36;34;0;57;6;0.53;1.0;1.0;0;0;34;3.62;4.7;2.7;4.8;345;128;14.47;13.21;0.913;0;1;0;0;0;0;0;0;0;1;0;303;57;165;71;0;83
1371.37;1050;32;32;8;6.22;88;0;38;34;0;59;7;0.55;1.0;1.0;0;0;32;4.0;4.7;2.93;5.4;345;128;14.7;13.21;0.899;0;1;0;0;0;0;0;0;0;1;0;318;57;163;71;0;84
1371.77;948;30;30;8;5.83;87;0;35;33;0;58;6;0.53;1.0;1.0;0;0;35;3.75;4.7;2.77;4.6;345;128;14.47;13.21;0.913;0;1;0;0;0;0;0;0;0;1;0;311;57;165;72;0;84
1372.19;999;31;31;8;6.03;87;0;36;34;0;58;7;0.54;1.0;1.0;0;0;34;3.88;4.7;2.85;5.0;345;128;14.59;12.41;0.851;0;1;0;0;1;0;0;0;0;1;0;311;57;165;72;0;84
1372.59;1306;34;34;8;6.4;88;0;32;38;0;57;9;0.59;1.0;1.0;0;0;38;4.25;4.7;3.0;7.0;345;128;14.7;12.41;0.844;0;1;0;0;1;0;0;0;0;1;0;300;57;163;71;0;83
1372.97;1473;25;25;8;5.11;87;0;28;42;0;52;8;0.48;1.0;1.0;0;0;42;3.12;4.7;2.48;6.3;345;128;14.7;12.21;0.831;0;1;0;0;1;0;0;0;0;1;0;266;57;165;71;0;77
1373.39;1665;23;23;8;4.68;87;0;30;40;0;51;8;0.47;1.0;1.0;0;0;40;2.88;4.7;2.31;6.5;345;128;14.7;12.21;0.831;0;1;0;0;1;0;0;0;0;1;0;252;56;165;71;0;76
1373.79;1588;20;20;8;4.28;87;0;29;39;0;49;7;0.41;1.0;1.0;0;0;41;2.5;4.7;2.15;5.7;345;128;14.7;12.21;0.831;0;1;0;0;1;0;0;0;0;1;0;242;57;165;71;0;75
1373.97;1703;20;20;8;4.28;87;0;31;39;0;49;7;0.42;1.0;1.0;0;0;39;2.5;4.7;2.15;6.1;345;128;14.7;13.31;0.905;0;1;0;0;1;0;0;0;0;1;0;243;57;165;71;0;75
1374.39;1588;19;19;8;4.1;86;0;32;39;0;48;7;0.39;1.0;1.0;0;0;38;2.38;4.7;2.07;5.4;345;128;14.7;13.31;0.905;0;1;0;0;1;0;0;0;0;1;0;239;57;166;71;0;75
1374.78;1691;20;20;8;4.28;87;0;30;39;0;49;7;0.42;1.0;1.0;0;0;40;2.5;4.7;2.15;6.0;345;128;14.7;13.31;0.905;0;1;0;0;1;0;0;0;0;1;0;240;56;165;71;0;73
1375.18;1665;20;20;8;4.22;86;0;30;40;0;49;7;0.42;1.0;1.0;0;0;40;2.5;4.7;2.12;5.9;345;128;14.7;13.61;0.926;0;1;0;0;1;0;0;0;0;1;0;241;57;166;71;0;75
1375.6;1588;19;19;8;4.16;87;0;30;39;0;48;7;0.39;1.0;1.0;0;0;40;2.38;4.7;2.1;5.5;345;128;14.7;13.61;0.926;0;1;0;0;1;0;0;0;0;1;0;239;57;165;71;0;74
1376.0;1703;20;20;8;4.27;86;0;31;38;0;49;7;0.42;1.0;1.0;0;0;39;2.5;4.7;2.14;6.1;345;128;14.7;13.01;0.885;0;1;0;0;1;0;0;0;0;1;0;242;57;165;71;0;75
1376.41;1588;19;19;8;4.05;86;0;32;39;0;48;7;0.39;1.0;1.0;0;0;38;2.38;4.7;2.05;5.4;345;128;14.7;13.01;0.885;0;1;0;0;1;0;0;0;0;1;0;239;57;166;71;0;73
1376.8;1665;20;20;8;4.33;87;0;30;39;0;49;7;0.42;1.0;1.0;0;0;40;2.5;4.7;2.17;6.0;345;128;14.7;13.01;0.885;0;1;0;0;1;0;0;0;0;1;0;240;57;165;71;0;75
1377.21;1537;19;19;8;4.1;86;0;30;39;0;48;7;0.39;1.0;1.0;0;0;40;2.38;4.7;2.07;5.3;345;128;14.7;13.31;0.905;0;1;0;0;1;0;0;0;0;1;0;239;57;166;71;0;75
1377.61;1665;20;20;8;4.26;87;0;31;39;0;49;7;0.42;1.0;1.0;0;0;39;2.5;4.7;2.14;5.9;345;128;14.7;13.31;0.905;0;1;0;0;1;0;0;0;0;1;0;243;57;164;70;0;75
1378.0;1562;19;19;9;4.06;87;0;32;40;0;48;7;0.39;1.0;1.0;0;0;38;2.38;5.2;2.06;5.3;345;128;14.7;13.01;0.885;0;1;0;0;1;0;0;0;0;1;0;235;58;165;70;0;70
1378.4;1703;19;19;9;4.16;87;0;33;37;0;49;7;0.42;1.0;1.0;0;0;37;2.38;5.2;2.1;5.9;345;128;14.7;13.01;0.885;0;1;0;0;1;0;0;0;0;1;0;241;58;165;71;0;75
1378.8;1588;19;19;9;4.15;86;0;31;40;0;48;7;0.39;1.0;1.0;0;0;39;2.38;5.2;2.09;5.5;345;128;14.7;13.01;0.885;0;1;0;0;1;0;0;0;0;1;0;238;58;166;71;0;70
1379.2;1588;18;18;8;3.98;87;0;33;37;0;48;6;0.39;1.0;1.0;0;0;37;2.25;4.7;2.03;5.3;345;128;14.7;13.81;0.939;0;1;0;0;1;0;0;0;0;1;0;239;57;165;70;0;73
1379.61;1703;19;19;9;4.06;87;0;32;37;0;48;7;0.4;1.0;1.0;0;0;38;2.38;5.2;2.06;5.8;345;128;14.7;13.81;0.939;0;1;0;0;1;0;0;0;0;1;0;238;58;165;70;0;73
1380.01;1588;19;19;9;4.11;87;0;33;39;0;48;7;0.39;1.0;1.0;0;0;37;2.38;5.2;2.08;5.4;345;128;14.7;13.31;0.905;0;1;0;0;1;0;0;0;0;1;0;238;58;165;71;0;38
1380.2;1550;18;18;9;4.01;87;0;33;38;0;48;6;0.39;1.0;1.0;0;0;37;2.25;5.2;2.04;5.2;345;128;14.7;13.31;0.905;0;1;0;0;1;0;0;0;0;1;0;239;58;165;71;0;74
1380.61;1691;19;19;9;4.18;87;0;32;38;0;49;7;0.42;1.0;1.0;0;0;38;2.38;5.2;2.11;5.9;345;128;14.7;13.31;0.905;0;1;0;0;1;0;0;0;0;1;0;240;58;165;71;0;75
1381.01;1588;19;19;8;4.03;87;0;29;41;0;48;6;0.39;1.0;1.0;0;0;41;2.38;4.7;2.05;5.3;345;128;14.7;13.11;0.892;0;1;0;0;1;0;0;0;0;1;0;238;57;164;70;0;74
1381.41;1511;19;19;8;4.05;86;0;32;38;0;48;6;0.39;1.0;1.0;0;0;38;2.38;4.7;2.05;5.1;345;128;14.7;13.11;0.892;0;1;0;0;1;0;0;0;0;1;0;236;57;166;71;0;75
1381.82;1562;20;20;8;4.23;87;0;32;38;0;49;7;0.41;1.0;1.0;0;0;38;2.5;4.7;2.13;5.5;345;128;14.7;13.11;0.892;0;1;0;0;1;0;0;0;0;1;0;241;57;165;70;0;75
1382.23;1665;20;20;9;4.28;87;0;32;39;0;49;7;0.42;1.0;1.0;0;0;38;2.5;5.2;2.15;5.9;345;128;14.7;14.01;0.953;0;1;0;0;1;0;0;0;0;1;0;243;58;164;71;0;75
1382.61;1562;19;19;9;4.16;87;0;31;39;0;48;7;0.39;1.0;1.0;0;0;39;2.38;5.2;2.1;5.4;345;128;14.7;14.01;0.953;0;1;0;0;1;0;0;0;0;1;0;239;58;165;71;0;70
1383.03;1665;19;19;9;4.15;86;0;31;39;0;49;7;0.42;1.0;1.0;0;0;39;2.38;5.2;2.09;5.8;345;128;14.7;14.91;1.014;0;1;0;0;1;0;0;0;0;1;0;241;58;166;71;0;75
1383.42;1639;19;19;9;4.16;87;0;32;37;0;48;7;0.4;1.0;1.0;0;0;38;2.38;5.2;2.1;5.7;345;128;14.7;14.91;1.014;0;1;0;0;1;0;0;0;0;1;0;238;58;165;71;0;74
1383.81;1601;18;18;9;3.97;86;0;32;39;0;48;6;0.39;1.0;1.0;0;0;38;2.25;5.2;2.02;5.3;345;128;14.7;14.91;1.014;0;1;0;0;1;0;0;0;0;1;0;238;58;166;71;0;70
1384.23;1614;19;19;9;4.11;87;0;33;38;0;48;7;0.39;1.0;1.0;0;0;37;2.38;5.2;2.08;5.5;345;128;14.7;15.11;1.028;0;1;0;0;1;0;0;0;0;1;0;238;58;165;71;0;74
1384.63;1511;20;20;9;4.28;87;0;31;39;0;49;7;0.41;1.0;1.0;0;0;39;2.5;5.2;2.15;5.4;345;128;14.7;15.11;1.028;0;1;0;0;1;0;0;0;0;1;0;240;58;165;71;0;75
1385.02;1562;19;19;9;4.15;86;0;31;39;0;49;7;0.41;1.0;1.0;0;0;39;2.38;5.2;2.09;5.4;345;128;14.7;14.01;0.953;0;1;0;0;1;0;0;0;0;1;0;240;58;166;71;0;75
1385.44;1703;19;19;9;4.11;87;0;33;37;0;48;7;0.4;1.0;1.0;0;0;37;2.38;5.2;2.08;5.8;345;128;14.7;14.01;0.953;0;1;0;0;1;0;0;0;0;1;0;239;58;164;71;0;74
1385.83;1588;19;19;9;4.07;86;0;32;38;0;48;7;0.39;1.0;1.0;0;0;38;2.38;5.2;2.06;5.4;345;128;14.7;14.01;0.953;0;1;0;0;1;0;0;0;0;1;0;234;59;166;71;0;74
1386.23;1537;18;18;9;4.01;87;0;33;37;0;48;6;0.39;1.0;1.0;0;0;37;2.25;5.2;2.04;5.1;345;128;14.7;13.41;0.912;0;1;0;0;1;0;0;0;0;1;0;235;58;164;71;0;74
1386.43;1537;18;18;9;4.01;87;0;32;37;0;48;6;0.39;1.0;1.0;0;0;38;2.25;5.2;2.04;5.1;345;128;14.7;13.41;0.912;0;1;0;0;1;0;0;0;0;1;0;235;58;164;71;0;74
1386.84;1537;18;18;9;3.98;87;0;33;37;0;48;6;0.39;1.0;1.0;0;0;37;2.25;5.2;2.03;5.1;345;128;14.7;13.41;0.912;0;1;0;0;1;0;0;0;0;1;0;236;58;164;72;0;74
1387.24;1550;18;18;9;4.0;86;0;34;38;0;48;6;0.39;1.0;1.0;0;0;36;2.25;5.2;2.03;5.2;345;128;14.7;13.81;0.939;0;1;0;0;1;0;0;0;0;1;0;238;58;166;72;0;70
1387.66;1511;18;18;9;3.98;87;0;34;37;0;48;6;0.39;1.0;1.0;0;0;36;2.25;5.2;2.03;5.0;345;128;14.7;13.81;0.939;0;1;0;0;1;0;0;0;0;1;0;235;59;164;72;0;74
1388.05;2049;40;40;9;7.3;88;0;24;48;0;60;17;0.62;1.0;1.0;0;0;46;5.0;5.2;3.36;12.5;345;128;14.82;10.91;0.736;0;1;0;0;1;0;0;0;0;1;0;325;58;163;72;0;86
1388.45;2062;15;15;9;3.53;87;0;31;40;0;44;7;0.36;1.0;1.0;0;0;39;1.88;5.2;1.85;6.1;345;128;14.82;10.91;0.736;0;1;0;0;1;0;0;0;0;1;0;205;58;164;72;0;72
1388.84;1780;16;16;9;3.63;87;0;33;37;0;45;6;0.37;1.0;1.0;0;0;37;2.0;5.2;1.89;5.4;345;128;14.7;10.91;0.742;0;1;0;0;1;0;0;0;0;1;0;213;58;164;71;0;73
1389.24;1691;17;17;9;3.81;87;0;34;36;0;46;6;0.38;1.0;1.0;0;0;36;2.12;5.2;1.96;5.4;345;128;14.7;13.31;0.905;0;1;0;0;1;0;0;0;0;1;0;223;58;165;71;0;74
1389.65;1639;17;17;8;3.86;87;0;35;35;0;47;6;0.38;1.0;1.0;0;0;35;2.12;4.7;1.98;5.3;345;128;14.7;13.31;0.905;0;1;0;0;1;0;0;0;0;1;0;231;57;164;71;0;74
1390.05;1601;18;18;9;4.02;88;0;33;37;0;48;6;0.39;1.0;1.0;0;0;37;2.25;5.2;2.05;5.4;345;128;14.7;14.21;0.967;0;1;0;0;1;0;0;0;0;1;0;236;58;163;71;0;85
1390.46;1588;18;18;9;4.01;87;0;34;36;0;48;6;0.39;1.0;1.0;0;0;36;2.25;5.2;2.04;5.3;345;128;14.7;14.21;0.967;0;1;0;0;1;0;0;0;0;1;0;236;58;164;71;0;74
1390.87;1537;18;18;9;4.01;87;0;33;37;0;48;6;0.39;1.0;1.0;0;0;37;2.25;5.2;2.04;5.1;345;128;14.7;14.21;0.967;0;1;0;0;1;0;0;0;0;1;0;234;58;164;71;0;74
1391.27;1511;17;17;9;3.85;88;0;34;36;0;47;6;0.38;1.0;1.0;0;0;36;2.12;5.2;1.98;4.8;345;128;14.7;14.51;0.987;0;1;0;0;1;0;0;0;0;1;0;231;58;163;71;0;74
1391.67;1537;18;18;9;3.88;87;0;34;37;0;47;6;0.38;1.0;1.0;0;0;36;2.25;5.2;1.99;5.0;345;128;14.7;14.51;0.987;0;1;0;0;1;0;0;0;0;1;0;229;59;165;71;0;74
1392.08;1511;18;18;9;4.01;87;0;34;36;0;48;6;0.39;1.0;1.0;0;0;36;2.25;5.2;2.04;5.0;345;128;14.7;15.41;1.048;0;1;0;0;1;0;0;0;0;1;0;237;59;165;71;0;75
1392.48;1562;18;18;9;3.96;87;0;32;36;0;47;6;0.38;1.0;1.0;0;0;38;2.25;5.2;2.02;5.2;345;128;14.7;15.41;1.048;0;1;0;0;1;0;0;0;0;1;0;231;59;165;71;0;74
1392.66;1486;20;20;9;4.25;86;0;32;38;0;49;6;0.41;1.0;1.0;0;0;38;2.5;5.2;2.13;5.3;345;128;14.7;15.41;1.048;0;1;0;0;1;0;0;0;0;1;0;240;58;166;71;0;74
1393.08;1486;18;18;9;4.01;87;0;33;37;0;48;6;0.39;1.0;1.0;0;0;37;2.25;5.2;2.04;5.0;345;128;14.7;14.81;1.007;0;1;0;0;1;0;0;0;0;1;0;235;59;164;71;0;74
1393.48;1550;19;19;9;4.18;87;0;33;37;0;49;6;0.41;1.0;1.0;0;0;37;2.38;5.2;2.11;5.4;345;128;14.7;14.81;1.007;0;1;0;0;1;0;0;0;0;1;0;241;58;165;71;0;75
1393.87;1550;20;20;9;4.21;87;0;31;37;0;49;6;0.41;1.0;1.0;0;0;39;2.5;5.2;2.12;5.4;345;128;14.7;14.81;1.007;0;1;0;0;1;0;0;0;0;1;0;241;59;165;71;0;75
1394.27;1486;18;18;9;3.88;87;0;34;36;0;47;6;0.38;1.0;1.0;0;0;36;2.25;5.2;1.99;4.8;345;128;14.7;14.92;1.015;0;1;0;0;1;0;0;0;0;1;0;228;59;165;71;0;74
1394.68;1486;18;18;9;3.98;87;0;31;39;0;48;6;0.39;1.0;1.0;0;0;39;2.25;5.2;2.03;4.9;345;128;14.7;14.92;1.015;0;1;0;0;1;0;0;0;0;1;0;239;59;165;71;0;74
1395.08;1550;17;17;10;3.81;87;0;34;35;0;47;6;0.38;1.0;1.0;0;0;36;2.12;5.8;1.96;4.9;345;128;14.7;16.31;1.11;0;1;0;0;1;0;0;0;0;1;0;227;60;164;71;0;74
1395.48;1498;19;19;9;4.03;87;0;33;38;0;48;6;0.39;1.0;1.0;0;0;37;2.38;5.2;2.05;5.0;345;128;14.7;16.31;1.11;0;1;0;0;1;0;0;0;0;1;0;235;59;164;71;0;38
1395.89;1486;19;19;10;4.08;87;0;34;39;0;48;6;0.39;1.0;1.0;0;0;36;2.38;5.8;2.07;5.1;345;128;14.7;16.31;1.11;0;1;0;0;1;0;0;0;0;1;0;236;60;165;71;0;75
1396.3;1486;18;18;10;3.88;87;0;35;35;0;48;6;0.39;1.0;1.0;0;0;35;2.25;5.8;1.99;4.8;345;128;14.7;14.81;1.007;0;1;0;0;1;0;0;0;0;1;0;233;60;164;71;0;70
1396.69;1537;18;18;9;3.97;88;0;33;37;0;48;6;0.39;1.0;1.0;0;0;37;2.25;5.2;2.03;5.1;345;128;14.7;14.81;1.007;0;1;0;0;1;0;0;0;0;1;0;232;59;163;71;0;74
1397.1;1370;19;19;10;4.16;87;0;33;37;0;49;6;0.41;1.0;1.0;0;0;37;2.38;5.8;2.1;4.7;345;128;14.7;14.82;1.008;0;1;0;0;1;0;0;0;0;1;0;241;60;165;71;0;75
1397.5;1396;20;20;9;4.25;88;0;32;39;0;49;6;0.41;1.0;1.0;0;0;38;2.5;5.2;2.14;4.9;345;128;14.7;14.82;1.008;0;1;0;0;1;0;0;0;0;1;0;240;59;163;71;0;75
1397.89;1511;18;18;9;3.98;87;0;33;37;0;48;6;0.39;1.0;1.0;0;0;37;2.25;5.2;2.03;5.0;345;128;14.7;14.82;1.008;0;1;0;0;1;0;0;0;0;1;0;238;59;165;72;0;70
1398.3;1550;18;18;10;4.02;88;0;32;36;0;48;6;0.39;1.0;1.0;0;0;38;2.25;5.8;2.05;5.2;345;128;14.7;15.32;1.042;0;1;0;0;1;0;0;0;0;1;0;235;60;164;72;0;74
1398.5;1486;19;19;9;4.06;89;0;33;37;0;48;6;0.39;1.0;1.0;0;0;37;2.38;5.2;2.07;5.0;345;128;14.7;15.32;1.042;0;1;0;0;1;0;0;0;0;1;0;234;59;162;71;0;85
1398.9;1511;20;20;9;4.26;87;0;32;38;0;49;6;0.41;1.0;1.0;0;0;38;2.5;5.2;2.14;5.4;345;128;14.7;15.32;1.042;0;1;0;0;1;0;0;0;0;1;0;245;59;164;71;0;76
1399.32;1588;19;19;9;4.03;87;0;32;36;0;48;6;0.39;1.0;1.0;0;0;38;2.38;5.2;2.05;5.3;345;128;14.7;16.51;1.123;0;1;0;0;1;0;0;0;0;1;0;234;59;165;71;0;74
1399.71;1447;18;18;10;3.98;87;0;34;37;0;48;6;0.39;1.0;1.0;0;0;36;2.25;5.8;2.03;4.8;345;128;14.7;16.51;1.123;0;1;0;0;1;0;0;0;0;1;0;234;60;164;71;0;73
1400.11;1498;18;18;10;3.97;88;0;35;36;0;48;6;0.39;1.0;1.0;0;0;35;2.25;5.8;2.03;5.0;345;128;14.7;16.51;1.123;0;1;0;0;1;0;0;0;0;1;0;237;60;163;71;0;75
1400.51;1537;18;18;9;4.01;87;0;34;36;0;48;6;0.39;1.0;1.0;0;0;36;2.25;5.2;2.04;5.1;345;128;14.7;16.51;1.123;0;1;0;0;1;0;0;0;0;1;0;237;59;164;71;0;74
1400.91;1498;18;18;9;3.98;87;0;32;36;0;48;6;0.39;1.0;1.0;0;0;38;2.25;5.2;2.03;5.0;345;128;14.7;16.51;1.123;0;1;0;0;1;0;0;0;0;1;0;237;59;164;71;0;74
1401.31;1537;20;20;9;4.21;87;0;32;38;0;49;6;0.41;1.0;1.0;0;0;38;2.5;5.2;2.12;5.4;345;128;14.7;16.41;1.116;0;1;0;0;1;0;0;0;0;1;0;242;59;165;71;0;71
1401.72;1550;18;18;9;4.0;88;0;34;36;0;48;6;0.39;1.0;1.0;0;0;36;2.25;5.2;2.04;5.2;345;128;14.7;16.41;1.116;0;1;0;0;1;0;0;0;0;1;0;232;59;163;71;0;74
1402.11;1486;20;20;9;4.23;87;0;32;38;0;49;6;0.41;1.0;1.0;0;0;38;2.5;5.2;2.13;5.2;345;128;14.7;14.62;0.995;0;1;0;0;1;0;0;0;0;1;0;241;59;164;71;0;75
1402.52;1486;18;18;9;4.03;87;0;32;38;0;48;6;0.39;1.0;1.0;0;0;38;2.25;5.2;2.05;5.0;345;128;14.7;14.62;0.995;0;1;0;0;1;0;0;0;0;1;0;235;59;164;71;0;74
1402.93;1447;18;18;9;3.98;87;0;33;37;0;48;6;0.39;1.0;1.0;0;0;37;2.25;5.2;2.03;4.8;345;128;14.7;14.62;0.995;0;1;0;0;1;0;0;0;0;1;0;233;59;165;72;0;74
1403.33;1498;18;18;9;4.0;88;0;34;37;0;48;6;0.39;1.0;1.0;0;0;36;2.25;5.2;2.04;5.0;345;128;14.7;15.52;1.056;0;1;0;0;1;0;0;0;0;1;0;239;59;163;72;0;74
1403.72;1550;20;20;10;4.25;86;0;31;38;0;49;7;0.41;1.0;1.0;0;0;39;2.5;5.8;2.13;5.5;345;128;14.7;15.52;1.056;0;1;0;0;1;0;0;0;0;1;0;241;60;166;72;0;75
1404.12;1486;18;18;10;4.01;87;0;33;37;0;48;6;0.39;1.0;1.0;0;0;37;2.25;5.8;2.04;5.0;345;128;14.7;16.61;1.13;0;1;0;0;1;0;0;0;0;1;0;238;60;164;72;0;74
1404.54;1511;18;18;10;3.9;88;0;32;38;0;47;6;0.38;1.0;1.0;0;0;38;2.25;5.8;2.0;4.9;345;128;14.7;16.61;1.13;0;1;0;0;1;0;0;0;0;1;0;231;60;163;72;0;74
1404.73;1537;18;18;10;4.01;87;0;34;36;0;48;6;0.39;1.0;1.0;0;0;36;2.25;5.8;2.04;5.1;345;128;14.7;16.61;1.13;0;1;0;0;1;0;0;0;0;1;0;237;60;164;72;0;74
1405.13;1473;18;18;10;4.0;88;0;32;36;0;48;6;0.39;1.0;1.0;0;0;38;2.25;5.8;2.04;4.9;345;128;14.7;15.41;1.048;0;1;0;0;1;0;0;0;0;1;0;236;60;163;72;0;75
1405.53;1486;18;18;9;4.01;87;0;33;38;0;48;6;0.39;1.0;1.0;0;0;37;2.25;5.2;2.04;5.0;345;128;14.7;15.41;1.048;0;1;0;0;1;0;0;0;0;1;0;232;59;165;72;0;74
1405.93;1511;18;18;10;3.93;87;0;35;35;0;48;6;0.39;1.0;1.0;0;0;35;2.25;5.8;2.01;4.9;345;128;14.7;15.41;1.048;0;1;0;0;1;0;0;0;0;1;0;233;60;164;72;0;74
1406.34;1537;19;19;10;4.12;88;0;32;38;0;48;6;0.39;1.0;1.0;0;0;38;2.38;5.8;2.09;5.3;345;128;14.7;15.91;1.082;0;1;0;0;1;0;0;0;0;1;0;239;60;165;73;0;75
1406.73;1498;18;18;10;3.98;87;0;34;37;0;48;6;0.39;1.0;1.0;0;0;36;2.25;5.8;2.03;5.0;345;128;14.7;15.91;1.082;0;1;0;0;1;0;0;0;0;1;0;233;60;164;72;0;57
1407.13;1486;18;18;9;4.01;87;0;32;38;0;48;6;0.39;1.0;1.0;0;0;38;2.25;5.2;2.04;5.0;345;128;14.7;14.51;0.987;0;1;0;0;1;0;0;0;0;1;0;235;59;165;72;0;74
1407.54;1498;17;17;9;3.83;87;0;34;35;0;47;6;0.38;1.0;1.0;0;0;36;2.12;5.2;1.97;4.8;345;128;14.7;14.51;0.987;0;1;0;0;1;0;0;0;0;1;0;230;59;164;72;0;74
1407.94;1498;20;20;9;4.28;87;0;32;40;0;49;7;0.41;1.0;1.0;0;0;38;2.5;5.2;2.15;5.3;345;128;14.7;14.51;0.987;0;1;0;0;1;0;0;0;0;1;0;241;59;165;72;0;75
1408.34;1537;20;20;9;4.26;87;0;32;38;0;49;7;0.41;1.0;1.0;0;0;38;2.5;5.2;2.14;5.5;345;128;14.7;15.71;1.069;0;1;0;0;1;0;0;0;0;1;0;243;59;165;72;0;75
1408.75;1614;19;19;10;4.17;88;0;33;36;0;49;6;0.41;1.0;1.0;0;0;37;2.38;5.8;2.11;5.6;345;128;14.7;15.71;1.069;0;1;0;0;1;0;0;0;0;1;0;240;60;163;71;0;73
1409.15;1639;20;20;9;4.21;87;0;34;37;0;49;7;0.42;1.0;1.0;0;0;36;2.5;5.2;2.12;5.8;345;128;14.7;15.21;1.035;0;1;0;0;1;0;0;0;0;1;0;240;59;164;71;0;73
1409.55;1588;19;19;9;4.07;88;0;31;39;0;48;6;0.39;1.0;1.0;0;0;39;2.38;5.2;2.07;5.4;345;128;14.7;15.21;1.035;0;1;0;0;1;0;0;0;0;1;0;239;59;163;71;0;74
1409.95;1511;19;19;9;4.11;87;0;31;39;0;48;6;0.39;1.0;1.0;0;0;39;2.38;5.2;2.08;5.2;345;128;14.7;15.21;1.035;0;1;0;0;1;0;0;0;0;1;0;239;59;165;71;0;74
1410.36;1588;19;19;9;4.05;88;0;31;38;0;48;6;0.39;1.0;1.0;0;0;39;2.38;5.2;2.06;5.4;345;128;14.7;13.01;0.885;0;1;0;0;1;0;0;0;0;1;0;238;59;163;72;0;73
1410.77;1639;19;19;9;4.13;87;0;31;40;0;48;7;0.4;1.0;1.0;0;0;39;2.38;5.2;2.09;5.6;345;128;14.7;13.01;0.885;0;1;0;0;1;0;0;0;0;1;0;237;59;165;72;0;74
1410.96;1652;20;20;9;4.21;87;0;33;38;0;49;7;0.42;1.0;1.0;0;0;37;2.5;5.2;2.12;5.8;345;128;14.7;13.01;0.885;0;1;0;0;1;0;0;0;0;1;0;240;59;164;71;0;38
1411.36;1665;20;20;9;4.23;87;0;32;38;0;49;7;0.42;1.0;1.0;0;0;38;2.5;5.2;2.13;5.9;345;128;14.7;14.21;0.967;0;1;0;0;1;0;0;0;0;1;0;240;59;164;71;0;75
1411.76;1614;20;20;9;4.21;87;0;31;37;0;49;7;0.41;1.0;1.0;0;0;39;2.5;5.2;2.12;5.7;345;128;14.7;14.21;0.967;0;1;0;0;1;0;0;0;0;1;0;241;59;164;71;0;74
1412.17;1601;20;20;9;4.28;87;0;30;39;0;49;7;0.41;1.0;1.0;0;0;40;2.5;5.2;2.15;5.7;345;128;14.7;13.91;0.946;0;1;0;0;1;0;0;0;0;1;0;240;59;165;71;0;72
1412.57;1562;19;19;9;4.1;86;0;33;39;0;48;7;0.39;1.0;1.0;0;0;37;2.38;5.2;2.07;5.3;345;128;14.7;13.91;0.946;0;1;0;0;1;0;0;0;0;1;0;238;59;166;71;0;74
1412.96;1550;19;19;10;4.03;87;0;33;37;0;48;6;0.39;1.0;1.0;0;0;37;2.38;5.8;2.05;5.2;345;128;14.7;13.91;0.946;0;1;0;0;1;0;0;0;0;1;0;239;60;165;71;0;75
1413.38;1588;18;18;10;4.0;86;0;32;39;0;48;6;0.39;1.0;1.0;0;0;38;2.25;5.8;2.03;5.3;345;128;14.7;14.61;0.994;0;1;0;0;1;0;0;0;0;1;0;239;60;166;71;0;74
1413.77;1639;19;19;10;4.16;87;0;31;39;0;49;7;0.42;1.0;1.0;0;0;39;2.38;5.8;2.1;5.7;345;128;14.7;14.61;0.994;0;1;0;0;1;0;0;0;0;1;0;240;60;165;71;0;75
1414.18;1639;19;19;9;4.05;86;0;32;37;0;48;6;0.4;1.0;1.0;0;0;38;2.38;5.2;2.05;5.5;345;128;14.7;15.52;1.056;0;1;0;0;1;0;0;0;0;1;0;239;59;166;71;0;70
1414.56;1639;20;20;10;4.28;87;0;31;39;0;49;7;0.42;1.0;1.0;0;0;39;2.5;5.8;2.15;5.8;345;128;14.7;15.52;1.056;0;1;0;0;1;0;0;0;0;1;0;241;60;165;71;0;75
1414.99;1652;20;20;9;4.27;86;0;30;40;0;49;7;0.42;1.0;1.0;0;0;40;2.5;5.2;2.14;5.9;345;128;14.7;15.52;1.056;0;1;0;0;1;0;0;0;0;1;0;242;59;166;71;0;85
1415.39;1562;19;19;10;4.18;87;0;31;39;0;48;7;0.39;1.0;1.0;0;0;39;2.38;5.8;2.11;5.4;345;128;14.7;14.11;0.96;0;1;0;0;1;0;0;0;0;1;0;239;60;165;71;0;38
1415.78;1498;19;19;10;4.06;87;0;32;39;0;48;6;0.39;1.0;1.0;0;0;38;2.38;5.8;2.06;5.1;345;128;14.7;14.11;0.96;0;1;0;0;1;0;0;0;0;1;0;238;60;164;71;0;74
1416.19;1511;20;20;9;4.21;87;0;30;39;0;49;7;0.41;1.0;1.0;0;0;40;2.5;5.2;2.12;5.3;345;128;14.7;13.11;0.892;0;1;0;0;1;0;0;0;0;1;0;240;59;166;71;0;75
1416.59;1639;20;20;9;4.26;87;0;31;38;0;49;7;0.42;1.0;1.0;0;0;39;2.5;5.2;2.14;5.8;345;128;14.7;13.11;0.892;0;1;0;0;1;0;0;0;0;1;0;241;59;165;71;0;70
1416.78;1652;20;20;10;4.25;86;0;31;39;0;49;7;0.42;1.0;1.0;0;0;39;2.5;5.8;2.13;5.9;345;128;14.7;13.11;0.892;0;1;0;0;1;0;0;0;0;1;0;242;60;166;72;0;76
1417.18;1550;19;19;10;4.08;87;0;32;38;0;48;7;0.39;1.0;1.0;0;0;38;2.38;5.8;2.07;5.3;345;128;14.7;13.11;0.892;0;1;0;0;1;0;0;0;0;1;0;238;60;165;72;0;74
1417.6;1588;18;18;9;4.0;86;0;33;38;0;48;6;0.39;1.0;1.0;0;0;37;2.25;5.2;2.03;5.3;345;128;14.7;13.11;0.892;0;1;0;0;1;0;0;0;0;1;0;239;59;166;73;0;74
1418.0;1665;20;20;9;4.23;87;0;31;37;0;49;7;0.42;1.0;1.0;0;0;39;2.5;5.2;2.13;5.9;345;128;14.7;13.11;0.892;0;1;0;0;1;0;0;0;0;1;0;242;59;164;72;0;73
1418.41;1588;20;20;10;4.28;87;0;33;37;0;49;7;0.41;1.0;1.0;0;0;37;2.5;5.8;2.15;5.7;345;128;14.7;13.31;0.905;0;1;0;0;1;0;0;0;0;1;0;240;60;165;71;0;75
1418.8;1562;18;18;9;4.01;87;0;33;38;0;48;6;0.39;1.0;1.0;0;0;37;2.25;5.2;2.04;5.2;345;128;14.7;13.31;0.905;0;1;0;0;1;0;0;0;0;1;0;238;59;165;72;0;74
1419.2;1652;19;19;9;4.16;87;0;32;37;0;49;7;0.42;1.0;1.0;0;0;38;2.38;5.2;2.1;5.7;345;128;14.7;14.31;0.973;0;1;0;0;1;0;0;0;0;1;0;241;59;165;72;0;75
1419.6;1614;20;20;9;4.31;87;0;29;41;0;49;7;0.41;1.0;1.0;0;0;41;2.5;5.2;2.16;5.8;345;128;14.7;14.31;0.973;0;1;0;0;1;0;0;0;0;1;0;243;59;164;72;0;75
1420.0;1691;19;19;10;4.06;87;0;31;39;0;48;7;0.4;1.0;1.0;0;0;39;2.38;5.8;2.06;5.7;345;128;14.7;14.31;0.973;0;1;0;0;1;0;0;0;0;1;0;233;60;165;72;0;74
1420.4;1588;18;18;9;4.02;86;0;33;37;0;48;7;0.39;1.0;1.0;0;0;37;2.25;5.2;2.04;5.3;345;128;14.7;14.71;1.001;0;1;0;0;1;0;0;0;0;1;0;234;59;166;73;0;74
1420.81;1703;19;19;10;4.06;87;0;31;37;0;48;7;0.4;1.0;1.0;0;0;39;2.38;5.8;2.06;5.8;345;128;14.7;14.71;1.001;0;1;0;0;1;0;0;0;0;1;0;238;60;165;73;0;74
1421.21;1562;19;19;10;4.11;87;0;32;41;0;48;7;0.39;1.0;1.0;0;0;38;2.38;5.8;2.08;5.3;345;128;14.7;13.11;0.892;0;1;0;0;1;0;0;0;0;1;0;238;60;165;73;0;73
1421.62;1588;18;18;10;4.01;87;0;30;40;0;48;6;0.39;1.0;1.0;0;0;40;2.25;5.8;2.04;5.3;345;128;14.7;13.11;0.892;0;1;0;0;1;0;0;0;0;1;0;239;60;164;73;0;75
1422.03;1639;20;20;10;4.23;87;0;31;37;0;49;7;0.42;1.0;1.0;0;0;39;2.5;5.8;2.13;5.8;345;128;14.7;13.11;0.892;0;1;0;0;1;0;0;0;0;1;0;243;61;165;72;0;70
1422.4;1537;19;19;10;4.16;87;0;32;38;0;48;7;0.39;1.0;1.0;0;0;38;2.38;5.8;2.1;5.3;345;128;14.7;13.81;0.939;0;1;0;0;1;0;0;0;0;1;0;239;60;165;72;0;74
1422.82;1550;18;18;8;3.97;86;0;33;37;0;48;6;0.39;1.0;1.0;0;0;37;2.25;4.7;2.02;5.1;345;128;14.7;13.81;0.939;0;1;0;0;1;0;0;0;0;1;0;234;57;166;73;0;74
1423.01;1588;18;18;8;4.01;87;0;34;37;0;48;6;0.39;1.0;1.0;0;0;36;2.25;4.7;2.04;5.3;345;128;14.7;13.81;0.939;0;1;0;0;1;0;0;0;0;1;0;238;56;165;73;0;73
1423.43;1550;18;18;8;4.0;86;0;34;38;0;48;6;0.39;1.0;1.0;0;0;36;2.25;4.7;2.03;5.2;345;128;14.7;14.61;0.994;0;1;0;0;1;0;0;0;0;1;0;239;56;166;73;0;70
1423.82;1537;18;18;8;4.01;87;0;31;39;0;48;6;0.39;1.0;1.0;0;0;39;2.25;4.7;2.04;5.1;345;128;14.7;14.61;0.994;0;1;0;0;1;0;0;0;0;1;0;239;56;164;72;0;74
1424.22;1601;18;18;9;3.98;87;0;32;39;0;48;6;0.39;1.0;1.0;0;0;38;2.25;5.2;2.03;5.3;345;128;14.7;14.51;0.987;0;1;0;0;1;0;0;0;0;1;0;239;58;165;73;0;74
1424.62;1639;20;20;8;4.23;87;0;32;38;0;49;7;0.42;1.0;1.0;0;0;38;2.5;4.7;2.13;5.8;345;128;14.7;14.51;0.987;0;1;0;0;1;0;0;0;0;1;0;242;57;165;73;0;38
1425.03;1665;20;20;8;4.23;87;0;31;37;0;49;7;0.42;1.0;1.0;0;0;39;2.5;4.7;2.13;5.9;345;128;14.7;14.51;0.987;0;1;0;0;1;0;0;0;0;1;0;241;57;165;72;0;75
1425.43;1652;20;20;8;4.27;86;0;31;39;0;49;7;0.42;1.0;1.0;0;0;39;2.5;4.7;2.14;5.9;345;128;14.7;14.81;1.007;0;1;0;0;1;0;0;0;0;1;0;243;57;166;72;0;85
1425.83;1665;20;20;9;4.28;87;0;32;38;0;49;7;0.42;1.0;1.0;0;0;38;2.5;5.2;2.15;5.9;345;128;14.7;14.81;1.007;0;1;0;0;1;0;0;0;0;1;0;242;58;164;72;0;75
1426.23;1562;19;19;8;4.1;86;0;32;37;0;48;7;0.39;1.0;1.0;0;0;38;2.38;4.7;2.07;5.3;345;128;14.7;13.11;0.892;0;1;0;0;1;0;0;0;0;1;0;238;57;166;72;0;70
1426.62;1562;18;18;9;4.03;87;0;33;38;0;48;6;0.39;1.0;1.0;0;0;37;2.25;5.2;2.05;5.2;345;128;14.7;13.11;0.892;0;1;0;0;1;0;0;0;0;1;0;238;58;165;72;0;74
1427.03;1562;18;18;8;4.01;87;0;31;39;0;48;6;0.39;1.0;1.0;0;0;39;2.25;4.7;2.04;5.2;345;128;14.7;13.11;0.892;0;1;0;0;1;0;0;0;0;1;0;239;57;165;72;0;74
1427.45;1665;20;20;8;4.23;87;0;32;38;0;49;7;0.42;1.0;1.0;0;0;38;2.5;4.7;2.13;5.9;345;128;14.7;14.11;0.96;0;1;0;0;1;0;0;0;0;1;0;243;57;164;72;0;75
1427.85;1665;19;19;9;4.16;87;0;31;38;0;48;7;0.4;1.0;1.0;0;0;39;2.38;5.2;2.1;5.8;345;128;14.7;14.11;0.96;0;1;0;0;1;0;0;0;0;1;0;239;58;164;72;0;75
1428.25;1614;20;20;8;4.28;87;0;30;39;0;49;7;0.41;1.0;1.0;0;0;40;2.5;4.7;2.15;5.8;345;128;14.7;13.81;0.939;0;1;0;0;1;0;0;0;0;1;0;240;57;165;73;0;38
1428.64;1562;19;19;8;4.13;87;0;33;37;0;48;7;0.39;1.0;1.0;0;0;37;2.38;4.7;2.09;5.4;345;128;14.7;13.81;0.939;0;1;0;0;1;0;0;0;0;1;0;239;57;165;72;0;75
1429.05;1550;20;20;9;4.28;87;0;31;39;0;49;7;0.41;1.0;1.0;0;0;39;2.5;5.2;2.15;5.5;345;128;14.7;13.81;0.939;0;1;0;0;1;0;0;0;0;1;0;242;58;165;72;0;75
1429.24;1691;20;20;9;4.31;87;0;31;39;0;49;7;0.42;1.0;1.0;0;0;39;2.5;5.2;2.16;6.1;345;128;14.7;13.21;0.899;0;1;0;0;1;0;0;0;0;1;0;242;58;164;72;0;75
1429.66;1588;19;19;9;4.08;87;0;32;40;0;48;7;0.39;1.0;1.0;0;0;38;2.38;5.2;2.07;5.4;345;128;14.7;13.21;0.899;0;1;0;0;1;0;0;0;0;1;0;238;58;165;72;0;70
1430.06;1691;20;20;9;4.23;87;0;31;39;0;49;7;0.42;1.0;1.0;0;0;39;2.5;5.2;2.13;6.0;345;128;14.7;13.21;0.899;0;1;0;0;1;0;0;0;0;1;0;241;58;164;72;0;75
1430.45;1601;19;19;9;4.08;87;0;33;37;0;48;7;0.39;1.0;1.0;0;0;37;2.38;5.2;2.07;5.4;345;128;14.7;13.51;0.919;0;1;0;0;1;0;0;0;0;1;0;237;58;165;72;0;70
1430.85;1550;19;19;9;4.06;87;0;33;37;0;48;6;0.39;1.0;1.0;0;0;37;2.38;5.2;2.06;5.2;345;128;14.7;13.51;0.919;0;1;0;0;1;0;0;0;0;1;0;238;58;164;72;0;74
1431.25;1562;19;19;9;4.11;87;0;32;38;0;49;7;0.41;1.0;1.0;0;0;38;2.38;5.2;2.08;5.3;345;128;14.7;13.91;0.946;0;1;0;0;1;0;0;0;0;1;0;241;58;165;72;0;70
1431.67;1614;19;19;9;4.18;87;0;32;37;0;49;7;0.41;1.0;1.0;0;0;38;2.38;5.2;2.11;5.6;345;128;14.7;13.91;0.946;0;1;0;0;1;0;0;0;0;1;0;242;58;164;72;0;70
1432.06;1665;20;20;9;4.26;87;0;31;38;0;49;7;0.42;1.0;1.0;0;0;39;2.5;5.2;2.14;5.9;345;128;14.7;13.91;0.946;0;1;0;0;1;0;0;0;0;1;0;240;58;165;72;0;75
1432.47;1639;19;19;9;4.18;87;0;31;39;0;48;7;0.4;1.0;1.0;0;0;39;2.38;5.2;2.11;5.7;345;128;14.7;13.31;0.905;0;1;0;0;1;0;0;0;0;1;0;239;58;165;73;0;74
1432.87;1588;19;19;9;4.06;87;0;33;37;0;48;6;0.39;1.0;1.0;0;0;37;2.38;5.2;2.06;5.4;345;128;14.7;13.31;0.905;0;1;0;0;1;0;0;0;0;1;0;235;58;164;72;0;74
1433.28;1550;19;19;9;4.06;87;0;33;39;0;48;6;0.39;1.0;1.0;0;0;37;2.38;5.2;2.06;5.2;345;128;14.7;13.91;0.946;0;1;0;0;1;0;0;0;0;1;0;236;58;164;71;0;75
1433.68;1562;19;19;9;4.16;87;0;31;39;0;48;7;0.39;1.0;1.0;0;0;39;2.38;5.2;2.1;5.4;345;128;14.7;13.91;0.946;0;1;0;0;1;0;0;0;0;1;0;238;59;164;72;0;38
1434.07;1614;20;20;9;4.23;87;0;33;37;0;49;7;0.41;1.0;1.0;0;0;37;2.5;5.2;2.13;5.7;345;128;14.7;13.91;0.946;0;1;0;0;1;0;0;0;0;1;0;242;58;165;72;0;75
1434.48;1614;20;20;9;4.21;87;0;31;36;0;49;7;0.41;1.0;1.0;0;0;39;2.5;5.2;2.12;5.7;345;128;14.7;14.01;0.953;0;1;0;0;1;0;0;0;0;1;0;242;58;164;72;0;75
1434.89;1601;19;19;9;4.16;87;0;32;36;0;49;7;0.41;1.0;1.0;0;0;38;2.38;5.2;2.1;5.6;345;128;14.7;14.01;0.953;0;1;0;0;1;0;0;0;0;1;0;242;58;165;72;0;73
1435.07;1537;19;19;8;4.18;87;0;31;39;0;49;7;0.41;1.0;1.0;0;0;39;2.38;4.7;2.11;5.4;345;128;14.7;14.01;0.953;0;1;0;0;1;0;0;0;0;1;0;243;57;164;73;0;75
1435.49;1550;19;19;9;4.08;87;0;32;39;0;49;6;0.41;1.0;1.0;0;0;38;2.38;5.2;2.07;5.3;345;128;14.7;14.71;1.001;0;1;0;0;1;0;0;0;0;1;0;241;58;165;73;0;75
1435.89;1498;18;18;9;3.98;87;0;33;38;0;48;6;0.39;1.0;1.0;0;0;37;2.25;5.2;2.03;5.0;345;128;14.7;14.71;1.001;0;1;0;0;1;0;0;0;0;1;0;239;58;164;73;0;75
1436.3;1537;18;18;9;4.05;88;0;33;38;0;48;6;0.39;1.0;1.0;0;0;37;2.25;5.2;2.06;5.2;345;128;14.7;13.61;0.926;0;1;0;0;1;0;0;0;0;1;0;238;58;163;73;0;74
1436.68;1537;20;20;9;4.28;87;0;32;38;0;49;7;0.41;1.0;1.0;0;0;38;2.5;5.2;2.15;5.5;345;128;14.7;13.61;0.926;0;1;0;0;1;0;0;0;0;1;0;240;58;165;74;0;75
1437.09;1601;19;19;9;4.06;87;0;31;37;0;48;6;0.39;1.0;1.0;0;0;39;2.38;5.2;2.06;5.4;345;128;14.7;13.61;0.926;0;1;0;0;1;0;0;0;0;1;0;237;58;165;74;0;70
1437.49;1550;18;18;9;4.02;86;0;33;37;0;48;6;0.39;1.0;1.0;0;0;37;2.25;5.2;2.04;5.2;345;128;14.7;15.22;1.035;0;1;0;0;1;0;0;0;0;1;0;235;58;166;72;0;74
1437.9;1511;19;19;9;4.08;87;0;32;39;0;48;6;0.39;1.0;1.0;0;0;38;2.38;5.2;2.07;5.1;345;128;14.7;15.22;1.035;0;1;0;0;1;0;0;0;0;1;0;237;58;164;72;0;85
1438.3;1562;19;19;9;4.13;87;0;33;37;0;48;6;0.39;1.0;1.0;0;0;37;2.38;5.2;2.09;5.4;345;128;14.7;14.21;0.967;0;1;0;0;1;0;0;0;0;1;0;239;58;165;72;0;70
1438.71;1614;20;20;9;4.26;87;0;32;38;0;49;7;0.41;1.0;1.0;0;0;38;2.5;5.2;2.14;5.7;345;128;14.7;14.21;0.967;0;1;0;0;0;0;0;0;0;1;0;244;58;165;73;0;75
1439.1;1114;23;23;9;4.75;88;0;32;38;0;52;6;0.46;1.0;1.0;0;0;38;2.88;5.2;2.34;4.4;345;128;14.7;14.52;0.988;0;1;0;0;0;0;0;0;0;1;0;264;58;163;74;0;77
1439.5;1089;40;40;12;7.46;87;0;37;33;0;70;10;0.59;1.0;1.0;0;0;33;5.0;7.0;3.42;6.8;345;128;14.7;14.52;0.988;0;1;0;0;0;0;0;0;0;1;0;403;65;165;73;0;100
1439.92;1447;41;41;12;7.48;87;0;31;38;0;64;12;0.64;1.0;1.0;0;0;39;5.12;7.0;3.43;9.0;345;128;14.7;14.52;0.988;0;1;0;0;0;0;0;0;0;1;0;354;65;165;73;0;85
1440.3;1229;41;41;12;7.51;87;0;33;38;0;65;11;0.62;1.0;1.0;0;0;37;5.12;7.0;3.44;7.7;345;128;14.7;13.81;0.939;0;1;0;0;0;0;0;0;0;1;0;363;65;165;73;0;89
1440.7;1434;44;44;13;8.01;87;0;33;37;0;68;14;0.64;1.0;1.0;0;0;37;5.5;7.6;3.64;9.6;345;128;14.7;13.81;0.939;0;1;0;0;0;0;0;0;0;1;0;381;67;164;73;0;91
1441.1;1537;46;46;18;8.38;87;0;32;38;0;72;16;0.66;1.0;1.0;0;0;38;5.75;10.5;3.79;10.7;345;128;14.7;14.62;0.995;0;1;0;0;0;0;0;0;0;1;0;418;77;164;73;0;101
1441.31;1729;46;46;18;8.38;89;0;28;42;0;71;18;0.66;1.0;1.0;0;0;42;5.75;10.5;3.8;12.1;345;128;14.7;14.62;0.995;0;1;0;0;0;0;0;0;0;1;0;410;77;162;72;0;99
1441.71;1895;45;45;18;8.26;87;0;27;44;0;69;19;0.66;1.0;1.0;0;0;43;5.62;10.5;3.74;13.0;345;128;14.82;14.62;0.987;0;1;0;0;0;0;0;0;0;1;0;391;76;165;73;0;99
1442.1;2049;46;46;19;8.25;88;0;25;45;0;69;20;0.66;1.0;1.0;0;0;45;5.75;11.0;3.74;14.1;345;128;14.82;14.62;0.987;0;1;0;0;0;0;0;0;0;1;0;389;78;163;73;0;92
1442.5;1819;47;47;19;8.36;87;0;26;43;0;71;19;0.66;1.0;1.0;0;0;44;5.88;11.0;3.78;12.7;345;128;14.7;15.62;1.063;0;1;0;0;0;0;0;0;0;1;0;411;79;164;73;0;89
1442.92;1755;55;55;22;9.71;87;0;32;39;0;78;22;0.71;1.0;1.0;0;0;38;6.88;12.8;4.32;14.2;345;128;14.7;15.62;1.063;0;1;0;0;0;0;0;0;0;1;0;456;84;164;73;0;106
1443.32;2408;107;107;174;24;90;0;47;24;0;107;55;0.98;1.0;1.0;0;0;23;13.38;100.0;9.98;47.8;345;128;11.91;10.61;0.891;0;1;0;0;0;0;0;0;0;1;0;676;388;160;73;0;140
1443.71;3240;93;93;174;19;92;0;47;23;0;106;68;0.88;1.0;1.0;0;0;23;11.62;100.0;8.02;51.0;345;128;11.91;10.61;0.891;0;1;0;0;0;0;0;0;0;1;0;669;388;158;73;0;51
1444.12;3688;92;92;174;19;92;0;42;28;0;105;77;0.87;1.0;1.0;0;0;28;11.5;100.0;7.89;57.1;345;128;11.91;12.21;1.025;0;1;0;0;0;0;0;0;0;1;0;665;388;158;73;0;154
1444.51;4252;91;91;174;19;92;0;40;30;0;104;86;0.86;1.0;1.0;0;0;30;11.38;100.0;8.08;67.5;345;128;11.61;12.21;1.052;0;1;0;0;0;0;0;0;0;1;0;657;388;158;73;0;149
1444.92;4675;90;90;174;19;92;0;39;31;0;104;95;0.86;1.0;1.0;0;0;31;11.25;100.0;8.06;74.0;345;128;11.33;12.21;1.078;0;1;0;0;0;0;0;0;0;1;0;657;388;158;74;0;154
1445.33;4982;55;55;16;11;91;0;38;32;0;79;63;0.67;1.0;1.0;0;0;32;6.88;9.3;4.98;47.0;345;128;12.89;13.11;1.017;0;1;0;0;0;0;0;0;0;1;0;465;72;159;73;0;100
1445.71;3650;12;12;1;3.12;90;0;55;25;0;40;11;0.33;1.0;1.0;0;0;15;1.5;0.6;1.7;9.5;345;128;14.7;13.11;0.892;0;1;0;0;0;1;0;0;0;1;0;176;42;161;73;0;54
1446.13;2356;15;15;1;3.45;90;0;65;25;0;44;8;0.36;1.0;1.0;0;0;5;1.88;0.6;1.83;6.8;345;128;14.82;13.11;0.885;0;1;0;0;0;1;0;0;0;1;0;201;42;161;73;0;56
1446.52;1396;20;20;1;4.35;88;0;70;20;0;50;6;0.44;1.0;1.0;0;0;0;2.5;0.6;2.18;5.1;345;128;14.7;13.11;0.892;0;1;0;0;0;1;0;0;0;1;0;250;42;161;73;0;76
1446.93;1434;26;26;1;5.15;88;0;66;20;0;52;7;0.48;1.0;1.0;0;0;4;3.25;0.6;2.5;6.2;345;128;14.7;13.11;0.892;0;1;0;0;0;1;0;0;0;1;0;264;42;163;72;0;77
1447.34;1434;19;19;1;4.06;89;0;65;20;0;48;6;0.39;1.0;1.0;0;0;5;2.38;0.6;2.07;4.9;345;128;14.7;13.31;0.905;0;1;0;0;0;1;0;0;0;1;0;234;42;162;72;0;74
1447.53;1268;23;23;1;4.77;90;0;64;20;0;51;6;0.46;1.0;1.0;0;0;6;2.88;0.6;2.36;5.0;345;128;14.7;13.31;0.905;0;1;0;0;0;1;0;0;0;1;0;257;42;161;73;0;73
1447.93;1370;18;18;1;3.95;88;0;55;20;0;48;5;0.39;1.0;1.0;0;0;15;2.25;0.6;2.02;4.5;345;128;14.7;13.31;0.905;0;1;0;0;0;1;0;0;0;1;0;234;42;163;73;0;70
1448.34;1473;17;17;1;3.82;88;0;50;20;0;47;5;0.38;1.0;1.0;0;0;20;2.12;0.6;1.97;4.7;345;128;14.7;13.31;0.905;0;1;0;0;0;1;0;0;0;1;0;227;42;163;74;0;74
1448.73;1370;17;17;1;3.73;87;0;50;20;0;46;5;0.37;1.0;1.0;0;0;20;2.12;0.6;1.93;4.3;345;128;14.7;13.31;0.905;0;1;0;0;0;1;0;0;0;1;0;222;42;164;74;0;73
1449.15;1473;17;17;1;3.77;88;0;50;20;0;46;5;0.37;1.0;1.0;0;0;20;2.12;0.6;1.95;4.6;345;128;14.7;13.01;0.885;0;1;0;0;0;1;0;0;0;1;0;222;42;163;73;0;56
1449.54;1370;17;17;1;3.72;86;0;50;20;0;46;5;0.37;1.0;1.0;0;0;20;2.12;0.6;1.92;4.2;345;128;14.7;13.01;0.885;0;1;0;0;0;1;0;0;0;1;0;223;42;166;74;0;74
1449.94;1268;17;17;1;3.77;86;0;50;20;0;47;5;0.38;1.0;1.0;0;0;20;2.12;0.6;1.94;4.0;345;128;14.7;13.01;0.885;0;1;0;0;0;1;0;0;0;1;0;224;42;166;73;0;74
1450.35;1332;17;17;1;3.71;85;0;50;20;0;46;5;0.37;1.0;1.0;0;0;20;2.12;0.6;1.91;4.1;345;128;14.7;12.61;0.858;0;1;0;0;0;1;0;0;0;1;0;222;42;167;73;0;73
1450.76;1319;16;16;1;3.71;87;0;50;20;0;46;4;0.37;1.0;1.0;0;0;20;2.0;0.6;1.92;4.1;345;128;14.7;12.61;0.858;0;1;0;0;0;1;0;0;0;1;0;223;42;165;74;0;73
1451.16;1255;16;16;1;3.67;86;0;50;20;0;46;4;0.37;1.0;1.0;0;0;20;2.0;0.6;1.9;3.8;345;128;14.7;12.71;0.865;0;1;0;0;0;1;0;0;0;1;0;222;42;166;73;0;74
1451.55;1178;17;17;1;3.71;85;0;50;20;0;46;4;0.36;1.0;1.0;0;0;20;2.12;0.6;1.91;3.6;345;128;14.7;12.71;0.865;0;1;0;0;0;1;0;0;0;1;0;222;42;168;73;0;74
1451.96;1255;17;17;1;3.76;85;0;50;20;0;47;4;0.38;1.0;1.0;0;0;20;2.12;0.6;1.93;3.9;345;128;14.7;12.71;0.865;0;1;0;0;0;1;0;0;0;1;0;224;42;168;73;0;74
1452.36;1178;17;17;1;3.71;85;0;50;20;0;47;4;0.37;1.0;1.0;0;0;20;2.12;0.6;1.91;3.6;345;128;14.7;12.11;0.824;0;1;0;0;0;1;0;0;0;1;0;227;42;168;74;0;74
1452.75;1204;17;17;1;3.75;86;0;50;20;0;47;4;0.37;1.0;1.0;0;0;20;2.12;0.6;1.93;3.8;345;128;14.7;12.11;0.824;0;1;0;0;0;1;0;0;0;1;0;229;42;166;73;0;74
1453.17;1204;17;17;1;3.78;87;0;50;20;0;47;4;0.37;1.0;1.0;0;0;20;2.12;0.6;1.95;3.8;345;128;14.7;12.41;0.844;0;1;0;0;0;1;0;0;0;1;0;227;42;164;73;0;74
1453.56;1089;24;24;6;4.95;86;0;38;37;0;53;6;0.48;1.0;1.0;0;0;32;3.0;3.5;2.41;4.5;345;128;14.7;12.41;0.844;0;1;0;0;0;0;0;0;0;1;0;275;53;165;72;0;78
1453.77;1755;54;54;14;9.6;86;0;32;38;0;77;21;0.7;1.0;1.0;0;0;38;6.75;8.1;4.27;14.0;345;128;14.7;12.41;0.844;0;1;0;0;0;0;0;0;0;1;0;449;68;166;72;0;105
1454.17;1857;50;50;14;8.95;86;0;27;42;0;74;21;0.68;1.0;1.0;0;0;43;6.25;8.1;4.01;13.9;345;128;14.82;15.12;1.02;0;1;0;0;0;0;0;0;0;1;0;432;69;166;71;0;102
1454.57;1934;72;72;26;13;88;0;36;29;0;88;32;0.8;1.0;1.0;0;0;34;9.0;15.1;5.64;21.0;345;128;13.94;15.12;1.085;0;1;0;0;0;0;0;0;0;1;0;534;93;163;71;0;146
1454.96;2267;66;66;24;12;91;0;36;34;0;85;33;0.78;1.0;1.0;0;0;34;8.25;14.0;5.22;22.5;345;128;14.82;15.12;1.02;0;1;0;0;0;0;0;0;0;1;0;510;89;159;71;0;113
1455.38;2190;64;64;22;12;91;0;34;36;0;83;31;0.77;1.0;1.0;0;0;36;8.0;12.8;5.06;21.0;345;128;14.04;15.02;1.07;0;1;0;0;0;0;0;0;0;1;0;502;85;159;71;0;109
1455.78;2766;99;99;143;20;93;0;46;24;0;106;59;0.9;1.0;1.0;0;0;24;12.38;83.1;8.59;46.8;345;128;12.06;15.02;1.245;0;1;0;0;0;0;0;0;0;1;0;672;327;156;71;0;154
1456.17;3855;90;90;105;18;91;0;40;30;0;104;78;0.86;1.0;1.0;0;0;30;11.25;61.0;7.59;57.3;345;128;11.91;14.41;1.21;0;1;0;0;0;0;0;0;0;1;0;658;251;159;71;0;154
1456.58;3765;89;89;105;18;91;0;40;30;0;104;75;0.86;1.0;1.0;0;0;30;11.12;61.0;7.46;54.9;345;128;11.91;14.41;1.21;0;1;0;0;0;0;0;0;0;1;0;658;250;159;71;0;154
1456.97;3637;90;90;104;18;91;0;41;29;0;104;73;0.86;1.0;1.0;0;0;29;11.25;60.5;7.55;53.7;345;128;11.91;14.41;1.21;0;1;0;0;0;0;0;0;0;1;0;657;249;160;71;0;154
1457.39;3637;92;92;104;18;91;0;41;29;0;105;75;0.87;1.0;1.0;0;0;29;11.5;60.5;7.74;55.2;345;128;11.91;12.01;1.008;0;1;0;0;0;0;0;0;0;1;0;661;248;159;71;0;154
1457.79;3816;90;90;104;18;91;0;40;30;0;104;78;0.86;1.0;1.0;0;0;30;11.25;60.5;7.74;57.9;345;128;11.91;12.01;1.008;0;1;0;0;0;0;0;0;0;1;0;657;248;159;71;0;154
1458.19;3957;87;87;85;18;91;0;39;31;0;102;79;0.84;1.0;1.0;0;0;31;10.88;49.4;7.46;57.7;345;128;12.54;9.11;0.726;0;1;0;0;0;0;0;0;0;1;0;642;210;159;71;0;50
1458.58;3355;15;15;4;3.51;89;0;26;44;0;44;12;0.36;1.0;1.0;0;0;44;1.88;2.3;1.85;9.8;345;128;14.82;9.11;0.615;0;1;0;0;0;0;0;0;0;1;0;205;49;162;71;0;70
1458.98;2036;15;15;1;3.47;90;0;54;25;0;44;7;0.36;1.0;1.0;0;0;16;1.88;0.6;1.84;5.9;345;128;14.82;9.11;0.615;0;1;0;0;0;1;0;0;0;1;0;204;42;160;71;0;57
1459.38;1370;20;20;1;4.25;88;0;70;20;0;49;6;0.41;1.0;1.0;0;0;0;2.5;0.6;2.14;4.9;345;128;14.7;9.11;0.62;0;1;0;0;0;1;0;0;0;1;0;247;42;163;72;0;75
1459.8;1434;17;17;1;3.82;88;0;61;20;0;47;5;0.38;1.0;1.0;0;0;9;2.12;0.6;1.97;4.6;345;128;14.7;9.11;0.62;0;1;0;0;0;1;0;0;0;1;0;231;42;163;72;0;74
1459.99;1332;17;17;1;3.77;90;0;52;20;0;46;5;0.37;1.0;1.0;0;0;18;2.12;0.6;1.96;4.2;345;128;14.7;9.11;0.62;0;1;0;0;0;1;0;0;0;1;0;222;42;161;72;0;57
1460.39;1370;16;16;1;3.7;88;0;50;20;0;46;5;0.37;1.0;1.0;0;0;20;2.0;0.6;1.92;4.2;345;128;14.7;12.51;0.851;0;1;0;0;0;1;0;0;0;1;0;218;42;163;73;0;73
1460.81;1473;16;16;1;3.72;90;0;50;20;0;46;5;0.37;1.0;1.0;0;0;20;2.0;0.6;1.94;4.6;345;128;14.7;12.51;0.851;0;1;0;0;0;1;0;0;0;1;0;218;42;161;73;0;73
1461.21;1306;16;16;1;3.68;89;0;50;20;0;46;4;0.37;1.0;1.0;0;0;20;2.0;0.6;1.92;4.0;345;128;14.7;11.81;0.803;0;1;0;0;0;1;0;0;0;1;0;216;42;162;73;0;73
1461.6;1614;16;16;1;3.62;90;0;53;20;0;44;5;0.35;1.0;1.0;0;0;17;2.0;0.6;1.9;4.9;345;128;14.7;11.81;0.803;0;1;0;0;0;1;0;0;0;1;0;202;42;160;72;0;54
1462.01;1665;16;16;1;3.62;90;0;64;20;0;45;5;0.37;1.0;1.0;0;0;6;2.0;0.6;1.9;5.0;345;128;14.7;11.81;0.803;0;1;0;0;0;1;0;0;0;1;0;209;42;160;72;0;72
1462.4;1396;15;15;1;3.56;87;0;70;20;0;45;5;0.36;1.0;1.0;0;0;0;1.88;0.6;1.86;4.1;345;128;14.7;11.81;0.803;0;1;0;0;0;1;0;0;0;1;0;209;42;164;72;0;73
1462.8;1370;16;16;1;3.67;88;0;70;20;0;45;5;0.36;1.0;1.0;0;0;0;2.0;0.6;1.91;4.2;345;128;14.7;11.81;0.803;0;1;0;0;0;1;0;0;0;1;0;215;42;163;72;0;56
1463.2;1422;17;17;1;3.72;86;0;65;20;0;45;5;0.36;1.0;1.0;0;0;5;2.12;0.6;1.92;4.4;345;128;14.7;11.81;0.803;0;1;0;0;0;1;0;0;0;1;0;215;42;166;72;0;73
1463.6;1345;15;15;1;3.42;86;0;56;20;0;44;4;0.35;1.0;1.0;0;0;14;1.88;0.6;1.8;3.8;345;128;14.7;11.81;0.803;0;1;0;0;0;1;0;0;0;1;0;205;42;165;72;0;73
1464.0;1319;15;15;1;3.55;86;0;50;20;0;45;4;0.36;1.0;1.0;0;0;20;1.88;0.6;1.85;3.9;345;128;14.7;11.81;0.803;0;1;0;0;0;1;0;0;0;1;0;209;42;166;72;0;55
1464.42;1281;16;16;1;3.63;87;0;50;20;0;45;4;0.36;1.0;1.0;0;0;20;2.0;0.6;1.89;3.9;345;128;14.7;12.51;0.851;0;1;0;0;0;1;0;0;0;1;0;213;42;165;71;0;73
1464.82;1217;16;16;1;3.63;87;0;50;20;0;45;4;0.35;1.0;1.0;0;0;20;2.0;0.6;1.89;3.7;345;128;14.7;12.51;0.851;0;1;0;0;0;1;0;0;0;1;0;214;42;165;72;0;73
1465.23;1217;16;16;1;3.58;87;0;50;20;0;46;4;0.36;1.0;1.0;0;0;20;2.0;0.6;1.87;3.6;345;128;14.7;12.61;0.858;0;1;0;0;0;1;0;0;0;1;0;221;42;164;71;0;73
1465.63;1217;17;17;1;3.73;87;0;50;20;0;47;4;0.37;1.0;1.0;0;0;20;2.12;0.6;1.93;3.8;345;128;14.7;12.61;0.858;0;1;0;0;0;1;0;0;0;1;0;226;42;165;72;0;74
1465.82;1089;16;16;1;3.66;87;0;50;20;0;47;4;0.35;1.0;1.0;0;0;20;2.0;0.6;1.9;3.3;345;128;14.7;12.61;0.858;0;1;0;0;0;1;0;0;0;1;0;226;42;164;72;0;74
1466.22;1114;17;17;1;3.85;88;0;50;20;0;48;4;0.38;1.0;1.0;0;0;20;2.12;0.6;1.98;3.6;345;128;14.7;12.81;0.871;0;1;0;0;0;1;0;0;0;1;0;232;42;163;71;0;75
1466.61;1050;17;17;1;3.8;88;0;50;20;0;48;4;0.37;1.0;1.0;0;0;20;2.12;0.6;1.96;3.3;345;128;14.7;12.81;0.871;0;1;0;0;0;1;0;0;0;1;0;237;42;163;72;0;75
1467.01;935;17;17;1;3.77;88;0;50;20;0;48;3;0.35;1.0;1.0;0;0;20;2.12;0.6;1.95;2.9;345;128;14.7;12.81;0.871;0;1;0;0;0;1;0;0;0;1;0;239;42;163;71;0;38
1467.42;935;17;17;1;3.82;88;0;50;20;0;49;3;0.37;1.0;1.0;0;0;20;2.12;0.6;1.97;3.0;345;128;14.7;12.91;0.878;0;1;0;0;0;1;0;0;0;1;0;245;42;163;72;0;75
1467.83;922;18;18;1;4.03;89;0;50;20;0;50;4;0.39;1.0;1.0;0;0;20;2.25;0.6;2.06;3.1;345;128;14.7;12.91;0.878;0;1;0;0;0;1;0;0;0;1;0;249;42;162;72;0;76
1468.22;871;20;20;1;4.25;88;0;50;20;0;51;4;0.41;1.0;1.0;0;0;20;2.5;0.6;2.14;3.1;345;128;14.7;13.91;0.946;0;1;0;0;0;1;0;0;0;1;0;252;42;163;72;0;76
1468.63;845;21;21;1;4.53;89;0;50;20;0;52;4;0.42;1.0;1.0;0;0;20;2.62;0.6;2.26;3.2;345;128;14.7;13.91;0.946;0;1;0;0;0;1;0;0;0;1;0;264;42;162;72;0;77
1469.02;832;22;22;1;4.68;89;0;50;20;0;53;4;0.44;1.0;1.0;0;0;20;2.75;0.6;2.32;3.2;345;128;14.7;13.91;0.946;0;1;0;0;0;1;0;0;0;1;0;269;42;162;72;0;77
1469.44;756;26;26;1;5.28;87;0;50;20;0;55;4;0.48;1.0;1.0;0;0;20;3.25;0.6;2.55;3.3;345;128;14.47;13.01;0.899;0;1;0;0;0;1;0;0;0;1;0;285;42;164;72;0;75
1469.83;717;29;29;1;5.66;89;0;50;20;0;57;4;0.51;1.0;1.0;0;0;20;3.62;0.6;2.71;3.4;345;128;14.47;13.01;0.899;0;1;0;0;0;1;0;0;0;1;0;302;42;162;72;0;83
1470.24;704;29;29;1;5.71;87;0;50;20;0;58;4;0.52;1.0;1.0;0;0;20;3.62;0.6;2.72;3.3;345;128;14.47;12.61;0.871;0;1;0;0;0;1;0;0;0;1;0;308;42;163;73;0;84
1470.64;832;28;28;1;5.53;87;0;50;20;0;56;5;0.5;1.0;1.0;0;0;20;3.5;0.6;2.65;3.8;345;128;14.47;12.61;0.871;0;1;0;0;0;1;0;0;0;1;0;294;42;165;73;0;83
1471.06;756;26;26;1;5.21;87;0;50;20;0;55;4;0.48;1.0;1.0;0;0;20;3.25;0.6;2.52;3.3;345;128;14.47;12.61;0.871;0;1;0;0;0;1;0;0;0;1;0;286;42;165;73;0;82
1471.46;704;30;30;1;5.95;90;0;50;20;0;58;4;0.52;1.0;1.0;0;0;20;3.75;0.6;2.83;3.5;345;128;14.47;12.21;0.844;0;1;0;0;0;1;0;0;0;1;0;310;42;160;73;0;84
1471.86;679;32;32;1;6.13;89;0;50;20;0;60;4;0.53;1.0;1.0;0;0;20;4.0;0.6;2.9;3.5;345;128;14.59;12.21;0.837;0;1;0;0;0;1;0;0;0;1;0;327;42;162;73;0;85
1472.05;768;30;30;1;5.85;86;0;50;20;0;58;5;0.52;1.0;1.0;0;0;20;3.75;0.6;2.77;3.7;345;128;14.47;12.21;0.844;0;1;0;0;0;1;0;0;0;1;0;312;42;166;74;0;84
1472.45;768;29;29;1;5.7;88;0;50;20;0;57;4;0.51;1.0;1.0;0;0;20;3.62;0.6;2.72;3.6;345;128;14.47;13.01;0.899;0;1;0;0;0;1;0;0;0;1;0;306;42;163;74;0;84
1472.85;704;28;28;1;5.62;88;0;50;20;0;58;4;0.52;1.0;1.0;0;0;20;3.5;0.6;2.69;3.3;345;128;14.47;13.01;0.899;0;1;0;0;0;1;0;0;0;1;0;308;42;163;73;0;41
1473.26;666;29;29;1;5.66;87;0;50;20;0;58;4;0.52;1.0;1.0;0;0;20;3.62;0.6;2.7;3.1;345;128;14.7;12.11;0.824;0;1;0;0;0;1;0;0;0;1;0;308;42;162;74;0;84
1473.67;730;30;30;1;5.93;87;0;50;20;0;59;5;0.52;1.0;1.0;0;0;20;3.75;0.6;2.81;3.6;345;128;14.47;12.11;0.837;0;1;0;0;0;1;0;0;0;1;0;316;42;165;72;0;84
1474.07;730;29;29;1;5.81;87;0;50;20;0;58;5;0.52;1.0;1.0;0;0;20;3.62;0.6;2.76;3.5;345;128;14.47;12.11;0.837;0;1;0;0;0;1;0;0;0;1;0;310;42;165;73;0;84
1474.47;730;29;29;1;5.76;87;0;50;20;0;58;5;0.52;1.0;1.0;0;0;20;3.62;0.6;2.74;3.5;345;128;14.47;12.01;0.83;0;1;0;0;0;1;0;0;0;1;0;309;42;164;73;0;84
1474.87;730;29;29;1;5.71;89;0;50;20;0;57;4;0.51;1.0;1.0;0;0;20;3.62;0.6;2.73;3.5;345;128;14.47;12.01;0.83;0;1;0;0;0;1;0;0;0;1;0;307;42;162;73;0;84
1475.27;756;29;29;1;5.63;87;0;50;20;0;57;5;0.51;1.0;1.0;0;0;20;3.62;0.6;2.69;3.5;345;128;14.47;12.61;0.871;0;1;0;0;0;1;0;0;0;1;0;305;42;164;73;0;84
1475.67;717;28;28;1;5.57;88;0;50;20;0;57;4;0.51;1.0;1.0;0;0;20;3.5;0.6;2.67;3.3;345;128;14.47;12.61;0.871;0;1;0;0;0;1;0;0;0;1;0;305;42;163;73;0;84
1476.07;730;28;28;1;5.55;88;0;50;20;0;57;4;0.51;1.0;1.0;0;0;20;3.5;0.6;2.66;3.4;345;128;14.47;12.61;0.871;0;1;0;0;0;1;0;0;0;1;0;306;42;163;73;0;84
1476.49;717;29;29;1;5.66;87;0;50;20;0;58;4;0.52;1.0;1.0;0;0;20;3.62;0.6;2.7;3.4;345;128;14.47;12.51;0.865;0;1;0;0;0;1;0;0;0;1;0;309;42;164;73;0;36
1476.89;832;28;28;1;5.66;87;0;50;20;0;57;5;0.5;1.0;1.0;0;0;20;3.5;0.6;2.7;3.9;345;128;14.47;12.51;0.865;0;1;0;0;0;1;0;0;0;1;0;307;42;165;73;0;84
1477.28;781;29;29;1;5.73;89;0;50;20;0;58;5;0.52;1.0;1.0;0;0;20;3.62;0.6;2.74;3.7;345;128;14.47;13.21;0.913;0;1;0;0;0;1;0;0;0;1;0;309;42;162;73;0;77
1477.69;717;30;30;1;5.83;87;0;50;20;0;58;5;0.52;1.0;1.0;0;0;20;3.75;0.6;2.77;3.5;345;128;14.47;13.21;0.913;0;1;0;0;0;1;0;0;0;1;0;310;42;165;74;0;84
1477.88;768;29;29;1;5.76;87;0;50;20;0;57;5;0.51;1.0;1.0;0;0;20;3.62;0.6;2.74;3.7;345;128;14.47;13.21;0.913;0;1;0;0;0;1;0;0;0;1;0;306;42;165;74;0;76
1478.28;781;27;27;1;5.48;87;0;50;20;0;56;4;0.51;1.0;1.0;0;0;20;3.38;0.6;2.63;3.6;345;128;14.47;12.31;0.851;0;1;0;0;0;1;0;0;0;1;0;298;42;164;74;0;82
1478.7;807;28;28;1;5.63;87;0;50;20;0;56;5;0.51;1.0;1.0;0;0;20;3.5;0.6;2.69;3.8;345;128;14.47;12.31;0.851;0;1;0;0;0;1;0;0;0;1;0;299;42;165;74;0;83
1479.08;730;27;27;1;5.48;87;0;50;20;0;56;4;0.51;1.0;1.0;0;0;20;3.38;0.6;2.63;3.3;345;128;14.47;12.31;0.851;0;1;0;0;0;1;0;0;0;1;0;299;42;164;73;0;83
1479.5;756;28;28;1;5.55;88;0;50;20;0;57;4;0.51;1.0;1.0;0;0;20;3.5;0.6;2.66;3.5;345;128;14.47;12.31;0.851;0;1;0;0;0;1;0;0;0;1;0;301;42;163;73;0;83
1479.9;756;29;29;1;5.68;87;0;50;20;0;58;4;0.52;1.0;1.0;0;0;20;3.62;0.6;2.71;3.6;345;128;14.47;12.31;0.851;0;1;0;0;0;1;0;0;0;1;0;309;42;165;72;0;84
1480.29;820;31;31;1;6.03;89;0;50;20;0;59;5;0.51;1.0;1.0;0;0;20;3.88;0.6;2.86;4.1;345;128;14.59;14.01;0.96;0;1;0;0;0;1;0;0;0;1;0;317;42;162;73;0;84
1480.71;781;30;30;1;5.9;88;0;50;20;0;58;5;0.52;1.0;1.0;0;0;20;3.75;0.6;2.8;3.8;345;128;14.47;14.01;0.968;0;1;0;0;0;1;0;0;0;1;0;315;42;163;74;0;84
1481.09;807;38;38;9;7.08;87;0;41;29;0;71;6;0.55;1.0;1.0;0;0;29;4.75;5.2;3.27;4.8;345;128;14.59;14.01;0.96;0;1;0;0;0;0;0;0;0;1;0;406;59;164;74;0;100
1481.49;1396;48;48;6;8.68;87;0;35;35;0;73;14;0.65;1.0;1.0;0;0;35;6.0;3.5;3.91;10.1;345;128;14.7;15.11;1.028;0;1;0;0;0;0;0;0;0;1;0;426;53;165;74;0;102
1481.91;1319;36;36;4;6.81;87;0;31;39;0;61;11;0.61;1.0;1.0;0;0;39;4.5;2.3;3.16;7.5;345;128;14.7;15.11;1.028;0;1;0;0;0;0;0;0;0;1;0;334;49;165;74;0;86
1482.31;1255;39;39;4;7.23;89;0;33;38;0;63;10;0.62;1.0;1.0;0;0;37;4.88;2.3;3.34;7.6;345;128;14.7;14.01;0.953;0;1;0;0;0;0;0;0;0;1;0;344;49;162;74;0;87
1482.71;1204;39;39;4;7.31;87;0;31;36;0;64;11;0.62;1.0;1.0;0;0;39;4.88;2.3;3.36;7.3;345;128;14.7;14.01;0.953;0;1;0;0;0;0;0;0;0;1;0;355;49;164;73;0;84
1483.12;1383;40;40;4;7.42;88;0;31;38;0;64;12;0.63;1.0;1.0;0;0;39;5.0;2.3;3.41;8.6;345;128;14.7;14.01;0.953;0;1;0;0;0;0;0;0;0;1;0;354;49;164;73;0;89
1483.52;1473;40;40;4;7.46;87;0;32;38;0;64;12;0.64;1.0;1.0;0;0;38;5.0;2.3;3.42;9.2;345;128;14.7;14.51;0.987;0;1;0;0;0;0;0;0;0;1;0;355;49;164;73;0;89
1483.91;1473;39;39;4;7.26;89;0;29;41;0;62;12;0.62;1.0;1.0;0;0;41;4.88;2.3;3.35;8.9;345;128;14.7;14.51;0.987;0;1;0;0;0;0;0;0;0;1;0;339;49;162;74;0;86
1484.12;1498;39;39;5;7.22;88;0;29;41;0;62;13;0.62;1.0;1.0;0;0;41;4.88;2.9;3.33;9.0;345;128;14.7;14.51;0.987;0;1;0;0;0;0;0;0;0;1;0;343;50;163;74;0;86
1484.5;1755;48;48;12;8.6;88;0;29;41;0;72;18;0.66;1.0;1.0;0;0;41;6.0;7.0;3.88;12.6;345;128;14.7;14.62;0.995;0;1;0;0;0;0;0;0;0;1;0;414;64;163;73;0;101
1484.91;1934;48;48;13;8.53;87;0;26;44;0;72;20;0.66;1.0;1.0;0;0;44;6.0;7.6;3.85;13.7;345;128;14.82;14.62;0.987;0;1;0;0;0;0;0;0;0;1;0;414;66;164;73;0;101
1485.33;1972;51;51;18;9.12;88;0;25;43;0;75;23;0.69;1.0;1.0;0;0;45;6.38;10.5;4.09;15.0;345;128;14.82;16.32;1.101;0;1;0;0;0;0;0;0;0;1;0;436;76;163;72;0;102
1485.71;1998;56;56;18;9.82;88;0;30;40;0;78;25;0.71;1.0;1.0;0;0;40;7.0;10.5;4.37;16.4;345;128;14.82;16.32;1.101;0;1;0;0;0;0;0;0;0;1;0;463;77;163;73;0;43
1486.13;2024;55;55;18;9.62;88;0;31;41;0;77;25;0.7;1.0;1.0;0;0;39;6.88;10.5;4.29;16.2;345;128;14.82;16.32;1.101;0;1;0;0;0;0;0;0;0;1;0;454;77;163;73;0;105
1486.52;2113;55;55;18;9.71;89;0;30;40;0;77;26;0.71;1.0;1.0;0;0;40;6.88;10.5;4.33;17.1;345;128;14.82;15.42;1.04;0;1;0;0;0;0;0;0;0;1;0;455;77;162;71;0;105
1486.92;2113;54;54;18;9.53;89;0;28;43;0;77;26;0.71;1.0;1.0;0;0;42;6.75;10.5;4.26;16.8;345;128;14.82;15.42;1.04;0;1;0;0;0;0;0;0;0;1;0;449;77;162;73;0;105
1487.33;1934;56;56;18;9.9;90;0;31;39;0;79;25;0.72;1.0;1.0;0;0;39;7.0;10.5;4.41;16.0;345;128;14.82;16.71;1.128;0;1;0;0;0;0;0;0;0;1;0;466;77;161;73;0;99
1487.73;1934;57;57;19;10;89;0;33;37;0;79;25;0.72;1.0;1.0;0;0;37;7.12;11.0;4.57;16.6;345;128;14.82;16.71;1.128;0;1;0;0;0;0;0;0;0;1;0;471;78;162;74;0;106
1488.13;2036;59;59;20;11;90;0;33;37;0;80;27;0.73;1.0;1.0;0;0;37;7.38;11.6;4.74;18.2;345;128;14.82;16.71;1.128;0;1;0;0;0;0;0;0;0;1;0;479;80;160;72;0;107
1488.53;2139;69;69;24;12;91;0;38;32;0;87;33;0.8;1.0;1.0;0;0;32;8.62;14.0;5.43;22.2;345;128;13.94;15.51;1.113;0;1;0;0;0;0;0;0;0;1;0;524;88;159;72;0;114
1488.94;2267;68;68;24;12;93;0;36;34;0;86;34;0.79;1.0;1.0;0;0;34;8.5;14.0;5.39;23.3;345;128;14.82;15.51;1.047;0;1;0;0;0;0;0;0;0;1;0;519;88;156;71;0;104
1489.34;2267;63;63;24;11;92;0;33;37;0;83;32;0.77;1.0;1.0;0;0;37;7.88;14.0;4.98;21.3;345;128;14.82;14.71;0.993;0;1;0;0;0;0;0;0;0;1;0;496;88;158;72;0;141
1489.74;2113;61;61;24;11;91;0;33;37;0;82;29;0.76;1.0;1.0;0;0;37;7.62;14.0;4.89;19.5;345;128;14.04;14.71;1.048;0;1;0;0;0;0;0;0;0;1;0;491;88;159;72;0;108
1490.14;2190;62;62;23;11;91;0;33;37;0;82;31;0.76;1.0;1.0;0;0;37;7.75;13.4;4.96;20.5;345;128;14.04;14.71;1.048;0;1;0;0;0;0;0;0;0;1;0;493;87;159;72;0;108
1490.33;2164;61;61;23;11;90;0;33;38;0;82;30;0.76;1.0;1.0;0;0;37;7.62;13.4;4.84;19.8;345;128;14.04;14.41;1.026;0;1;0;0;0;0;0;0;0;1;0;489;87;160;72;0;101
1490.75;2203;57;57;21;10;90;0;31;40;0;79;28;0.73;1.0;1.0;0;0;39;7.12;12.2;4.5;18.6;345;128;14.82;14.41;0.972;0;1;0;0;0;0;0;0;0;1;0;466;82;160;74;0;106
1491.15;2139;57;57;21;10;90;0;32;38;0;79;27;0.73;1.0;1.0;0;0;38;7.12;12.2;4.5;18.0;345;128;14.82;14.41;0.972;0;1;0;0;0;0;0;0;0;1;0;467;82;161;68;0;106
1491.55;2164;57;57;21;10;90;0;32;37;0;79;28;0.73;1.0;1.0;0;0;38;7.12;12.2;4.52;18.3;345;128;14.82;15.62;1.054;0;1;0;0;0;0;0;0;0;1;0;470;82;162;68;0;106
1491.95;2152;55;55;20;9.63;89;0;30;40;0;77;26;0.71;1.0;1.0;0;0;40;6.88;11.6;4.3;17.3;345;128;14.82;15.62;1.054;0;1;0;0;0;0;0;0;0;1;0;452;80;162;68;0;105
1492.35;2139;52;52;19;9.17;90;0;29;41;0;75;24;0.7;1.0;1.0;0;0;41;6.5;11.0;4.12;16.3;345;128;14.82;15.82;1.067;0;1;0;0;0;0;0;0;0;1;0;443;79;161;68;0;104
1492.74;2100;53;53;19;9.32;88;0;29;41;0;75;24;0.7;1.0;1.0;0;0;41;6.62;11.0;4.17;16.3;345;128;14.82;15.82;1.067;0;1;0;0;0;0;0;0;0;1;0;438;78;163;68;0;101
1493.16;1998;48;48;16;8.57;88;0;26;43;0;72;22;0.66;1.0;1.0;0;0;44;6.0;9.3;3.87;14.3;345;128;14.82;15.82;1.067;0;1;0;0;0;0;0;0;0;1;0;413;73;163;68;0;101
1493.56;2024;48;48;16;8.58;87;0;27;43;0;72;21;0.66;1.0;1.0;0;0;43;6.0;9.3;3.87;14.5;345;128;14.82;16.01;1.08;0;1;0;0;0;0;0;0;0;1;0;412;73;164;69;0;101
1493.97;2049;49;49;16;8.73;87;0;28;43;0;73;22;0.68;1.0;1.0;0;0;42;6.12;9.3;3.93;14.9;345;128;14.82;16.01;1.08;0;1;0;0;0;0;0;0;0;1;0;426;73;164;69;0;90
1494.38;2113;56;56;18;9.81;87;0;31;39;0;78;26;0.72;1.0;1.0;0;0;39;7.0;10.5;4.36;17.3;345;128;14.82;15.01;1.013;0;1;0;0;0;0;0;0;0;1;0;459;77;164;73;0;106
1494.77;2164;57;57;20;10;87;0;28;41;0;79;28;0.73;1.0;1.0;0;0;42;7.12;11.6;4.45;18.1;345;128;14.82;15.01;1.013;0;1;0;0;0;0;0;0;0;1;0;464;80;164;73;0;106
1495.17;2318;82;82;38;15;89;0;41;27;0;95;43;0.87;1.0;1.0;0;0;29;10.25;22.1;6.47;29.1;345;128;13.54;15.01;1.109;0;1;0;0;0;0;0;0;0;1;0;584;116;162;72;0;145
1495.58;2638;85;85;42;16;90;0;45;25;0;98;51;0.87;1.0;1.0;0;0;25;10.62;24.4;7.01;36.1;345;128;13.54;12.61;0.931;0;1;0;0;0;0;0;0;0;1;0;610;124;160;73;0;146
1495.98;2702;81;81;42;15;91;0;45;25;0;96;49;0.84;1.0;1.0;0;0;25;10.12;24.4;6.58;34.5;345;128;13.54;12.61;0.931;0;1;0;0;0;0;0;0;0;1;0;599;124;159;73;0;145
1496.17;2613;67;67;28;12;91;0;36;34;1;86;39;0.77;1.0;1.0;0;0;34;8.38;16.3;5.23;26.0;345;128;14.82;12.61;0.851;0;1;0;0;0;0;0;0;0;1;0;517;96;156;72;0;105
1496.57;2382;61;61;27;11;91;0;29;40;0;81;33;0.75;1.0;1.0;0;0;41;7.62;15.7;4.69;21.0;345;128;14.82;15.82;1.067;0;1;0;0;0;0;0;0;0;1;0;482;94;159;71;0;108
1496.97;2267;67;67;27;12;90;0;35;35;0;86;34;0.79;1.0;1.0;0;0;35;8.38;15.7;5.21;22.5;345;128;14.82;15.82;1.067;0;1;0;0;0;0;0;0;0;1;0;518;94;160;71;0;114
1497.37;2254;68;68;27;12;90;0;36;33;0;86;35;0.79;1.0;1.0;0;0;34;8.5;15.7;5.32;22.9;345;128;14.04;14.21;1.012;0;1;0;0;0;0;0;0;0;1;0;518;94;160;71;0;114
1497.79;2356;69;69;27;12;90;0;37;34;0;87;36;0.8;1.0;1.0;0;0;33;8.62;15.7;5.44;24.5;345;128;14.04;14.21;1.012;0;1;0;0;0;0;0;0;0;1;0;524;94;160;71;0;114
1498.18;2228;64;64;26;11;90;0;33;37;0;84;33;0.77;1.0;1.0;0;0;37;8.0;15.1;4.98;21.0;345;128;14.04;14.21;1.012;0;1;0;0;0;0;0;0;0;1;0;505;93;160;71;0;109
1498.59;2318;66;66;26;12;90;0;36;34;0;85;34;0.78;1.0;1.0;0;0;34;8.25;15.1;5.23;23.1;345;128;14.82;14.51;0.979;0;1;0;0;0;0;0;0;0;1;0;512;93;160;71;0;110
1499.01;2702;100;100;173;22;93;0;47;23;0;106;59;0.92;1.0;1.0;0;0;23;12.5;100.0;9.07;48.4;345;128;12.06;14.51;1.203;0;1;0;0;0;0;0;0;0;1;0;670;387;156;70;0;154
1499.4;2933;92;92;173;19;91;0;48;22;0;106;61;0.88;1.0;1.0;0;0;22;11.5;100.0;7.93;45.7;345;128;12.06;11.51;0.954;0;1;0;0;0;0;0;0;0;1;0;669;387;159;70;0;154
1499.81;2933;93;93;173;19;91;0;47;22;1;106;62;0.88;1.0;1.0;0;0;23;11.62;100.0;7.9;45.5;345;128;12.06;11.51;0.954;0;1;0;0;0;0;0;0;0;1;0;669;387;159;70;0;153
1500.2;3637;95;95;173;19;92;0;45;25;0;105;74;0.87;1.0;1.0;0;0;25;11.88;100.0;8.15;58.3;345;128;11.91;11.51;0.966;0;1;0;0;0;0;0;0;0;1;0;662;387;158;70;0;154
1500.61;4751;88;88;173;18;92;0;39;31;0;103;95;0.85;1.0;1.0;0;0;31;11.0;100.0;7.83;72.9;345;128;11.83;12.31;1.041;0;1;0;0;0;0;0;0;0;1;0;646;387;158;70;0;154
1501.0;4316;88;88;173;18;92;0;39;31;0;103;87;0.85;1.0;1.0;0;0;31;11.0;100.0;7.72;65.3;345;128;12.46;12.31;0.988;0;1;0;0;0;0;0;0;0;1;0;651;387;158;70;0;114
1501.41;4457;89;89;173;19;92;0;39;31;0;103;90;0.85;1.0;1.0;0;0;31;11.12;100.0;7.94;69.5;345;128;11.33;12.81;1.131;0;1;0;0;0;0;0;0;0;1;0;648;387;157;70;0;114
1501.81;4623;89;89;173;19;92;0;40;30;0;104;94;0.86;1.0;1.0;0;0;30;11.12;100.0;7.99;72.5;345;128;11.33;12.81;1.131;0;1;0;0;0;0;0;0;0;1;0;655;387;158;70;0;37
1502.02;4790;89;89;173;19;92;0;40;30;0;104;97;0.86;1.0;1.0;0;0;30;11.12;100.0;8.02;75.4;345;128;11.33;12.81;1.131;0;1;0;0;0;0;0;0;0;1;0;656;387;158;69;0;114
1502.41;5008;89;89;173;19;92;0;40;30;0;103;99;0.85;1.0;1.0;0;0;30;11.12;100.0;8.03;79.0;345;128;11.33;12.11;1.069;0;1;0;0;0;0;0;0;0;1;0;648;387;158;69;0;153
1502.83;5033;88;88;173;19;92;0;40;30;0;103;100;0.85;1.0;1.0;0;0;30;11.0;100.0;7.98;78.9;345;128;11.83;12.11;1.024;0;1;0;0;0;0;0;0;0;1;0;650;387;157;69;0;153
1503.23;5200;87;87;173;19;92;0;39;31;0;102;102;0.84;1.0;1.0;0;0;31;10.88;100.0;7.88;80.4;345;128;11.61;12.11;1.043;0;1;0;0;0;0;0;0;0;1;0;642;387;157;69;0;153
1503.64;5353;88;88;173;19;92;0;38;32;0;103;106;0.85;1.0;1.0;0;0;32;11.0;100.0;7.99;84.0;345;128;11.61;12.61;1.086;0;1;0;0;0;0;0;0;0;1;0;645;387;157;69;0;153
1504.03;5456;88;88;173;19;92;0;38;31;0;103;108;0.85;1.0;1.0;0;0;32;11.0;100.0;8.15;87.4;345;128;11.61;12.61;1.086;0;1;0;0;0;0;0;0;0;1;0;649;387;158;69;0;148
1504.45;5469;87;87;173;19;92;0;38;31;0;103;109;0.85;1.0;1.0;0;0;32;10.88;100.0;8.15;87.6;345;128;11.61;11.71;1.009;0;1;0;0;0;0;0;0;0;1;0;644;387;157;69;0;153
1504.83;3932;90;90;173;18;92;0;41;29;0;104;81;0.86;1.0;1.0;0;0;29;11.25;100.0;7.85;60.5;345;128;11.61;11.71;1.009;0;1;0;0;0;0;0;0;0;1;0;654;387;158;69;0;154
1505.25;4009;90;90;173;19;92;0;41;29;0;104;82;0.86;1.0;1.0;0;0;29;11.25;100.0;7.88;62.0;345;128;11.61;11.71;1.009;0;1;0;0;0;0;0;0;0;1;0;659;387;158;69;0;114
1505.64;3330;15;15;1;3.55;90;0;36;25;0;44;12;0.36;1.0;1.0;0;0;34;1.88;0.6;1.87;9.9;345;128;14.82;11.11;0.75;0;1;0;0;0;1;0;0;0;1;0;200;42;161;69;0;57
1506.06;2331;15;15;1;3.47;90;0;65;25;0;43;8;0.35;1.0;1.0;0;0;5;1.88;0.6;1.84;6.7;345;128;14.82;11.11;0.75;0;1;0;0;0;1;0;0;0;1;0;199;42;160;69;0;57
1506.46;2190;15;15;1;3.43;89;0;65;25;0;43;7;0.35;1.0;1.0;0;0;5;1.88;0.6;1.82;6.3;345;128;14.82;11.11;0.75;0;1;0;0;0;1;0;0;0;1;0;194;42;162;69;0;70
1506.87;2139;15;15;1;3.42;88;0;66;24;0;43;7;0.35;1.0;1.0;0;0;4;1.88;0.6;1.81;6.1;345;128;14.82;11.11;0.75;0;1;0;0;0;1;0;0;0;1;0;193;42;163;69;0;53
1507.25;1985;14;14;1;3.33;89;0;65;25;0;42;6;0.34;1.0;1.0;0;0;5;1.75;0.6;1.78;5.5;345;128;14.82;11.11;0.75;0;1;0;0;0;1;0;0;0;1;0;189;42;165;69;0;54
1507.47;2062;14;14;1;3.28;87;0;68;22;0;42;6;0.34;1.0;1.0;0;0;2;1.75;0.6;1.75;5.6;345;128;14.82;11.11;0.75;0;1;0;0;0;1;0;0;0;1;0;189;42;165;69;0;54
1507.86;1972;13;13;1;3.21;87;0;69;23;0;41;6;0.34;1.0;1.0;0;0;1;1.62;0.6;1.72;5.3;345;128;14.82;11.11;0.75;0;1;0;0;0;1;0;0;0;1;0;187;42;165;69;0;54
1508.27;1895;13;13;1;3.18;85;0;67;21;0;41;6;0.34;1.0;1.0;0;0;3;1.62;0.6;1.7;5.0;345;128;14.82;11.11;0.75;0;1;0;0;0;1;0;0;0;1;0;184;42;167;69;0;54
1508.67;1921;13;13;1;3.2;86;0;70;21;0;41;5;0.34;1.0;1.0;0;0;0;1.62;0.6;1.71;5.1;345;128;14.82;11.11;0.75;0;1;0;0;0;1;0;0;0;1;0;182;42;164;69;0;54
1509.06;1883;13;13;1;3.08;87;0;70;20;0;40;5;0.33;1.0;1.0;0;0;0;1.62;0.6;1.67;4.8;345;128;14.82;11.11;0.75;0;1;0;0;0;1;0;0;0;1;0;177;42;164;69;0;53
1509.48;1883;13;13;1;3.16;87;0;70;20;0;41;5;0.34;1.0;1.0;0;0;0;1.62;0.6;1.7;5.0;345;128;14.82;11.11;0.75;0;1;0;0;0;1;0;0;0;1;0;180;42;165;69;0;54
1509.89;1780;13;13;1;3.21;87;0;69;21;0;41;5;0.34;1.0;1.0;0;0;1;1.62;0.6;1.72;4.8;345;128;14.7;11.11;0.756;0;1;0;0;0;1;0;0;0;1;0;185;42;165;69;0;54
1510.29;1831;14;14;1;3.26;87;0;70;20;0;42;5;0.34;1.0;1.0;0;0;0;1.75;0.6;1.74;5.0;345;128;14.7;11.11;0.756;0;1;0;0;0;1;0;0;0;1;0;189;42;166;69;0;54
1510.69;1870;15;15;1;3.41;87;0;70;20;0;43;6;0.35;1.0;1.0;0;0;0;1.88;0.6;1.8;5.3;345;128;14.82;11.11;0.75;0;1;0;0;0;1;0;0;0;1;0;192;42;165;69;0;55
1511.11;1857;13;13;1;3.21;87;0;70;20;0;41;5;0.34;1.0;1.0;0;0;0;1.62;0.6;1.72;5.0;345;128;14.82;11.11;0.75;0;1;0;0;0;1;0;0;0;1;0;184;42;165;69;0;54
1511.5;1691;13;13;1;3.22;86;0;70;20;0;41;5;0.34;1.0;1.0;0;0;0;1.62;0.6;1.72;4.5;345;128;14.7;11.11;0.756;0;1;0;0;0;1;0;0;0;1;0;185;42;166;69;0;54
1511.89;1780;13;13;1;3.21;87;0;70;20;0;41;5;0.34;1.0;1.0;0;0;0;1.62;0.6;1.72;4.8;345;128;14.7;11.11;0.756;0;1;0;0;0;1;0;0;0;1;0;185;42;164;68;0;54
1512.29;1639;15;15;1;3.43;87;0;70;20;0;43;5;0.35;1.0;1.0;0;0;0;1.88;0.6;1.81;4.7;345;128;14.7;11.11;0.756;0;1;0;0;0;1;0;0;0;1;0;194;42;164;68;0;54
1512.7;1703;15;15;1;3.5;88;0;70;20;0;43;5;0.35;1.0;1.0;0;0;0;1.88;0.6;1.84;5.0;345;128;14.7;11.11;0.756;0;1;0;0;0;1;0;0;0;1;0;198;42;164;69;0;56
1512.9;1601;15;15;1;3.52;88;0;70;20;0;44;5;0.35;1.0;1.0;0;0;0;1.88;0.6;1.85;4.7;345;128;14.7;11.11;0.756;0;1;0;0;0;1;0;0;0;1;0;201;42;163;68;0;56
1513.31;1703;15;15;1;3.53;89;0;70;20;0;44;5;0.36;1.0;1.0;0;0;0;1.88;0.6;1.86;5.0;345;128;14.7;11.11;0.756;0;1;0;0;0;1;0;0;0;1;0;205;42;162;68;0;72
1513.71;1562;16;16;1;3.66;89;0;70;20;0;45;6;0.36;1.0;1.0;0;0;0;2.0;0.6;1.91;4.8;345;128;14.7;11.11;0.756;0;1;0;0;0;1;0;0;0;1;0;215;42;163;68;0;70
1514.12;1639;19;19;2;4.05;88;0;70;20;0;48;6;0.4;1.0;1.0;0;0;0;2.38;1.2;2.06;5.5;345;128;14.7;11.11;0.756;0;1;0;0;0;1;0;0;0;1;0;236;44;163;68;0;74
1514.53;1652;22;22;3;4.58;89;0;70;37;0;50;8;0.45;1.0;1.0;0;0;0;2.75;1.7;2.28;6.3;345;128;14.7;11.11;0.756;0;1;0;0;0;0;0;0;0;1;0;251;47;162;68;0;76
1514.93;2152;34;34;7;6.43;87;0;22;48;0;57;16;0.59;1.0;1.0;0;0;48;4.25;4.1;3.01;11.5;345;128;14.82;11.11;0.75;0;1;0;0;0;0;0;0;0;1;0;301;54;165;68;0;83
1515.33;2049;33;33;7;6.33;89;0;22;49;0;57;16;0.59;1.0;1.0;0;0;48;4.12;4.1;2.98;10.8;345;128;14.82;14.31;0.966;0;1;0;0;0;0;0;0;0;1;0;300;55;162;68;0;41
1515.72;2036;34;34;8;6.35;88;0;22;48;0;57;16;0.6;1.0;1.0;0;0;48;4.25;4.7;2.98;10.8;345;128;14.82;14.31;0.966;0;1;0;0;0;0;0;0;0;1;0;304;57;163;68;0;84
1516.14;2100;35;35;9;6.51;87;0;21;49;0;58;16;0.6;1.0;1.0;0;0;49;4.38;5.2;3.04;11.4;345;128;14.82;14.31;0.966;0;1;0;0;0;0;0;0;0;1;0;311;59;164;68;0;84
1516.52;2139;35;35;9;6.52;88;0;21;48;0;58;16;0.6;1.0;1.0;0;0;49;4.38;5.2;3.05;11.6;345;128;14.82;14.51;0.979;0;1;0;0;0;0;0;0;0;1;0;314;59;163;68;0;84
1516.93;2164;36;36;9;6.66;87;0;22;48;0;59;17;0.61;1.0;1.0;0;0;48;4.5;5.2;3.1;12.0;345;128;14.82;14.51;0.979;0;1;0;0;0;0;0;0;0;1;0;316;59;164;68;0;84
1517.34;2190;36;36;10;6.71;87;0;21;49;0;59;17;0.61;1.0;1.0;0;0;49;4.5;5.8;3.12;12.2;345;128;14.82;14.01;0.945;0;1;0;0;0;0;0;0;0;1;0;317;60;164;68;0;85
1517.75;2139;37;37;10;6.83;87;0;22;49;0;60;18;0.62;1.0;1.0;0;0;48;4.62;5.8;3.17;12.2;345;128;14.82;14.01;0.945;0;1;0;0;0;0;0;0;0;1;0;321;60;165;68;0;84
1518.14;2113;37;37;10;6.85;88;0;21;49;0;60;17;0.62;1.0;1.0;0;0;49;4.62;5.8;3.18;12.1;345;128;14.82;14.01;0.945;0;1;0;0;0;0;0;0;0;1;0;326;61;163;68;0;85
1518.55;2113;36;36;10;6.73;87;0;21;49;0;59;17;0.61;1.0;1.0;0;0;49;4.5;5.8;3.13;11.9;345;128;14.82;13.01;0.878;0;1;0;0;0;0;0;0;0;1;0;317;61;165;68;0;77
1518.76;2036;25;25;7;5.02;86;0;24;47;0;52;11;0.49;1.0;1.0;0;0;46;3.12;4.1;2.44;8.5;345;128;14.82;13.01;0.878;0;1;0;0;0;0;0;0;0;1;0;265;54;166;68;0;39
1519.15;2062;25;25;7;5.06;87;0;23;46;0;52;11;0.48;1.0;1.0;0;0;47;3.12;4.1;2.46;8.7;345;128;14.82;13.01;0.878;0;1;0;0;0;0;0;0;0;1;0;267;54;165;68;0;73
1519.55;1998;28;28;7;5.43;87;0;22;48;0;54;13;0.54;1.0;1.0;0;0;48;3.5;4.1;2.61;9.0;345;128;14.82;13.41;0.905;0;1;0;0;0;0;0;0;0;1;0;276;54;165;68;0;81
1519.97;2088;28;28;7;5.52;86;0;23;47;0;54;13;0.53;1.0;1.0;0;0;47;3.5;4.1;2.64;9.6;345;128;14.82;13.41;0.905;0;1;0;0;0;0;0;0;0;1;0;276;54;166;68;0;81
1520.36;1998;29;29;7;5.55;86;0;22;48;0;54;13;0.54;1.0;1.0;0;0;48;3.62;4.1;2.65;9.2;345;128;14.82;12.91;0.871;0;1;0;0;0;0;0;0;0;1;0;283;54;166;68;0;89
1520.77;2088;28;28;7;5.51;85;0;21;49;0;54;13;0.53;1.0;1.0;0;0;49;3.5;4.1;2.63;9.6;345;128;14.82;12.91;0.871;0;1;0;0;0;0;0;0;0;1;0;279;54;167;68;0;81
1521.18;1972;20;20;5;4.27;86;0;25;45;0;49;9;0.42;1.0;1.0;0;0;45;2.5;2.9;2.14;7.0;345;128;14.82;12.91;0.871;0;1;0;0;0;0;0;0;0;1;0;246;50;166;68;0;75
1521.57;2036;20;20;5;4.28;85;0;29;42;0;49;9;0.42;1.0;1.0;0;0;41;2.5;2.9;2.14;7.3;345;128;14.82;13.71;0.925;0;1;0;0;0;0;0;0;0;1;0;245;50;167;68;0;75
1521.98;1998;24;24;5;4.78;85;0;26;44;0;51;10;0.47;1.0;1.0;0;0;44;3.0;2.9;2.34;8.0;345;128;14.82;13.71;0.925;0;1;0;0;0;0;0;0;0;1;0;257;50;167;68;0;86
1522.39;2062;29;29;5;5.53;85;0;23;47;0;54;13;0.53;1.0;1.0;0;0;47;3.62;2.9;2.64;9.5;345;128;14.82;13.81;0.932;0;1;0;0;0;0;0;0;0;1;0;277;51;167;68;0;74
1522.79;2088;28;28;5;5.55;86;0;23;47;0;54;13;0.53;1.0;1.0;0;0;47;3.5;2.9;2.65;9.7;345;128;14.82;13.81;0.932;0;1;0;0;0;0;0;0;0;1;0;278;51;166;68;0;82
1523.18;1998;29;29;5;5.58;87;0;23;47;0;54;13;0.54;1.0;1.0;0;0;47;3.62;2.9;2.67;9.3;345;128;14.82;13.81;0.932;0;1;0;0;0;0;0;0;0;1;0;279;51;164;68;0;82
1523.58;2024;29;29;5;5.66;87;0;23;47;0;54;13;0.54;1.0;1.0;0;0;47;3.62;2.9;2.7;9.5;345;128;14.82;13.01;0.878;0;1;0;0;0;0;0;0;0;1;0;282;51;165;68;0;81
1524.0;1985;33;33;7;6.23;87;0;22;48;0;56;15;0.59;1.0;1.0;0;0;48;4.12;4.1;2.93;10.3;345;128;14.82;13.01;0.878;0;1;0;0;0;0;0;0;0;1;0;294;54;165;68;0;76
1524.19;2036;35;35;7;6.53;87;0;22;48;0;58;16;0.61;1.0;1.0;0;0;48;4.38;4.1;3.05;11.1;345;128;14.82;13.01;0.878;0;1;0;0;0;0;0;0;0;1;0;311;55;165;68;0;84
1524.6;2113;45;45;14;8.16;87;0;25;45;0;69;22;0.66;1.0;1.0;0;0;45;5.62;8.1;3.7;14.4;345;128;14.82;14.11;0.952;0;1;0;0;0;0;0;0;0;1;0;390;68;165;68;0;91
1525.01;2228;48;48;19;8.56;87;0;25;44;0;72;24;0.67;1.0;1.0;0;0;45;6.0;11.0;3.86;15.9;345;128;14.82;14.11;0.952;0;1;0;0;0;0;0;0;0;1;0;413;78;165;68;0;101
1525.39;2254;54;54;19;9.58;87;0;29;41;0;77;28;0.71;1.0;1.0;0;0;41;6.75;11.0;4.27;18.0;345;128;14.82;14.31;0.966;0;1;0;0;0;0;0;0;0;1;0;452;79;165;68;0;105
1525.81;2254;46;46;19;8.21;87;0;26;45;0;70;23;0.66;1.0;1.0;0;0;44;5.75;11.0;3.72;15.4;345;128;14.82;14.31;0.966;0;1;0;0;0;0;0;0;0;1;0;401;78;165;68;0;42
1526.23;2190;46;46;19;8.22;88;0;25;45;0;70;23;0.66;1.0;1.0;0;0;45;5.75;11.0;3.73;15.0;345;128;14.82;14.31;0.966;0;1;0;0;0;0;0;0;0;1;0;403;78;163;68;0;100
1526.64;2254;52;52;19;9.26;87;0;28;42;0;75;27;0.7;1.0;1.0;0;0;42;6.5;11.0;4.14;17.4;345;128;14.82;16.52;1.115;0;1;0;0;0;0;0;0;0;1;0;441;79;164;68;0;102
1527.05;2280;55;55;20;9.68;87;0;29;41;0;77;29;0.71;1.0;1.0;0;0;41;6.88;11.6;4.31;18.4;345;128;14.82;16.52;1.115;0;1;0;0;0;0;0;0;0;1;0;454;80;164;68;0;105
1527.45;2216;42;42;15;7.71;87;0;23;47;0;65;21;0.66;1.0;1.0;0;0;47;5.25;8.7;3.52;14.2;345;128;14.82;14.71;0.993;0;1;0;0;0;0;0;0;0;1;0;360;70;164;68;0;89
1527.85;2228;47;47;15;8.36;87;0;25;45;0;70;23;0.66;1.0;1.0;0;0;45;5.88;8.7;3.78;15.5;345;128;14.82;14.71;0.993;0;1;0;0;0;0;0;0;0;1;0;399;70;164;68;0;100
1528.25;2305;49;49;18;8.76;87;0;27;44;0;73;25;0.68;1.0;1.0;0;0;43;6.12;10.5;3.94;16.8;345;128;14.93;14.71;0.985;0;1;0;0;0;0;0;0;0;1;0;426;76;164;68;0;102
1528.66;2318;46;46;18;8.26;87;0;26;45;0;70;24;0.66;1.0;1.0;0;0;44;5.75;10.5;3.74;16.0;345;128;14.93;14.01;0.938;0;1;0;0;0;0;0;0;0;1;0;400;76;164;68;0;42
1529.05;2267;45;45;18;8.15;88;0;25;45;0;68;23;0.66;1.0;1.0;0;0;45;5.62;10.5;3.7;15.4;345;128;14.93;14.01;0.938;0;1;0;0;0;0;0;0;0;1;0;387;76;163;68;0;91
1529.27;2305;46;46;18;8.35;88;0;26;45;0;70;24;0.66;1.0;1.0;0;0;44;5.75;10.5;3.78;16.0;345;128;14.93;14.01;0.938;0;1;0;0;0;0;0;0;0;1;0;399;76;163;68;0;100
1529.67;2356;52;52;18;9.08;87;0;28;42;0;74;27;0.69;1.0;1.0;0;0;42;6.5;10.5;4.07;17.8;345;128;14.93;15.21;1.019;0;1;0;0;0;0;0;0;0;1;0;430;77;164;68;0;42
1530.06;2267;46;46;18;8.26;87;0;25;45;0;70;23;0.66;1.0;1.0;0;0;45;5.75;10.5;3.74;15.6;345;128;14.93;15.21;1.019;0;1;0;0;0;0;0;0;0;1;0;398;76;164;68;0;92
1530.46;2190;45;45;17;8.13;87;0;25;45;0;69;23;0.66;1.0;1.0;0;0;45;5.62;9.9;3.69;14.8;345;128;14.82;14.71;0.993;0;1;0;0;0;0;0;0;0;1;0;393;75;164;68;0;86
1530.88;2356;50;50;18;8.87;88;0;27;43;0;73;26;0.68;1.0;1.0;0;0;43;6.25;10.5;3.99;17.4;345;128;14.93;14.71;0.985;0;1;0;0;0;0;0;0;0;1;0;423;76;164;68;0;101
1531.28;2254;44;44;16;7.97;88;0;23;47;0;67;22;0.66;1.0;1.0;0;0;47;5.5;9.3;3.63;15.0;345;128;14.82;14.71;0.993;0;1;0;0;0;0;0;0;0;1;0;376;73;163;68;0;90
1531.67;2305;47;47;16;8.36;89;0;25;44;0;70;24;0.66;1.0;1.0;0;0;45;5.88;9.3;3.79;16.1;345;128;14.93;14.31;0.958;0;1;0;0;0;0;0;0;0;1;0;400;73;162;68;0;89
1532.09;2382;49;49;17;8.66;87;0;26;44;0;72;26;0.67;1.0;1.0;0;0;44;6.12;9.9;3.9;17.2;345;128;14.93;14.31;0.958;0;1;0;0;0;0;0;0;0;1;0;419;75;164;68;0;101
1532.49;2356;44;44;15;7.88;87;0;24;46;0;66;23;0.66;1.0;1.0;0;0;46;5.5;8.7;3.59;15.5;345;128;14.93;13.01;0.871;0;1;0;0;0;0;0;0;0;1;0;371;70;164;68;0;90
1532.9;2254;42;42;14;7.63;87;0;23;47;0;64;21;0.66;1.0;1.0;0;0;47;5.25;8.1;3.49;14.3;345;128;14.82;13.01;0.878;0;1;0;0;0;0;0;0;0;1;0;356;69;164;68;0;89
1533.28;2254;42;42;15;7.53;87;0;23;48;0;64;21;0.66;1.0;1.0;0;0;47;5.25;8.7;3.45;14.1;345;128;14.82;13.01;0.878;0;1;0;0;0;0;0;0;0;1;0;356;70;165;68;0;83
1533.69;2228;43;43;14;7.78;87;0;23;46;0;66;21;0.66;1.0;1.0;0;0;47;5.38;8.1;3.55;14.4;345;128;14.82;14.41;0.972;0;1;0;0;0;0;0;0;0;1;0;374;69;165;68;0;90
1534.1;2369;52;52;19;9.26;87;0;28;43;0;75;28;0.7;1.0;1.0;0;0;42;6.5;11.0;4.14;18.3;345;128;14.93;14.41;0.965;0;1;0;0;0;0;0;0;0;1;0;436;78;165;68;0;102
1534.51;2216;42;42;13;7.58;87;0;23;47;0;65;22;0.66;1.0;1.0;0;0;47;5.25;7.6;3.47;14.0;345;128;14.82;13.61;0.918;0;1;0;0;0;0;0;0;0;1;0;360;67;165;68;0;41
1534.7;2152;38;38;13;7.01;87;0;21;49;0;61;19;0.62;1.0;1.0;0;0;49;4.75;7.6;3.24;12.6;345;128;14.82;13.61;0.918;0;1;0;0;0;0;0;0;0;1;0;332;67;165;68;0;86
1535.1;2164;40;40;13;7.3;88;0;22;48;0;63;19;0.64;1.0;1.0;0;0;48;5.0;7.6;3.36;13.2;345;128;14.82;13.61;0.918;0;1;0;0;0;0;0;0;0;1;0;347;67;163;68;0;89
1535.51;2305;45;45;14;8.18;87;0;24;46;0;68;23;0.66;1.0;1.0;0;0;46;5.62;8.1;3.71;15.7;345;128;14.93;15.11;1.012;0;1;0;0;0;0;0;0;0;1;0;387;69;164;68;0;91
1535.91;2254;46;46;16;8.32;88;0;26;44;0;71;24;0.66;1.0;1.0;0;0;44;5.75;9.3;3.77;15.6;345;128;14.82;15.11;1.02;0;1;0;0;0;0;0;0;0;1;0;404;73;163;68;0;106
1536.32;2318;46;46;16;8.28;87;0;25;45;0;71;24;0.66;1.0;1.0;0;0;45;5.75;9.3;3.75;16.0;345;128;14.93;15.11;1.012;0;1;0;0;0;0;0;0;0;1;0;406;73;164;68;0;88
1536.73;2382;46;46;16;8.26;89;0;25;45;0;69;24;0.66;1.0;1.0;0;0;45;5.75;9.3;3.75;16.4;345;128;14.93;14.41;0.965;0;1;0;0;0;0;0;0;0;1;0;395;73;162;68;0;92
1537.12;2190;37;37;11;6.88;87;0;21;49;0;60;18;0.62;1.0;1.0;0;0;49;4.62;6.4;3.19;12.6;345;128;14.82;14.41;0.972;0;1;0;0;0;0;0;0;0;1;0;325;63;164;68;0;85
1537.54;2164;35;35;11;6.56;87;0;22;48;0;58;17;0.6;1.0;1.0;0;0;48;4.38;6.4;3.06;11.8;345;128;14.82;14.81;0.999;0;1;0;0;0;0;0;0;0;1;0;314;63;165;68;0;84
1537.94;2408;47;47;16;8.38;87;0;25;45;0;71;25;0.66;1.0;1.0;0;0;45;5.88;9.3;3.79;16.8;345;128;14.93;14.81;0.992;0;1;0;0;0;0;0;0;0;1;0;409;73;165;68;0;106
1538.33;2305;46;46;16;8.18;87;0;25;45;0;69;24;0.66;1.0;1.0;0;0;45;5.75;9.3;3.71;15.7;345;128;14.93;14.81;0.992;0;1;0;0;0;0;0;0;0;1;0;390;73;164;68;0;42
1538.74;2305;47;47;18;8.36;87;0;25;44;0;71;25;0.66;1.0;1.0;0;0;45;5.88;10.5;3.78;16.1;345;128;14.93;14.31;0.958;0;1;0;0;0;0;0;0;0;1;0;406;76;165;68;0;99
1539.13;2318;36;36;9;6.63;87;0;21;49;0;59;19;0.61;1.0;1.0;0;0;49;4.5;5.2;3.09;12.8;345;128;14.93;14.31;0.958;0;1;0;0;0;0;0;0;0;1;0;316;59;165;68;0;85
1539.54;2203;27;27;9;5.31;87;0;21;48;0;53;13;0.51;1.0;1.0;0;0;49;3.38;5.2;2.56;9.7;345;128;14.82;12.41;0.837;0;1;0;0;0;0;0;0;0;1;0;275;59;166;68;0;77
1539.94;2318;42;42;13;7.66;87;0;23;48;0;64;22;0.66;1.0;1.0;0;0;47;5.25;7.6;3.5;14.8;345;128;14.93;12.41;0.831;0;1;0;0;0;0;0;0;0;1;0;359;67;164;68;0;85
1540.15;2356;40;40;13;7.33;87;0;22;48;0;63;21;0.64;1.0;1.0;0;0;48;5.0;7.6;3.37;14.4;345;128;14.93;12.41;0.831;0;1;0;0;0;0;0;0;0;1;0;351;67;165;68;0;89
1540.55;2280;42;42;13;7.61;87;0;23;47;0;64;22;0.66;1.0;1.0;0;0;47;5.25;7.6;3.48;14.5;345;128;14.93;13.31;0.891;0;1;0;0;0;0;0;0;0;1;0;355;67;164;68;0;88
1540.95;2280;42;42;13;7.61;87;0;23;47;0;64;22;0.66;1.0;1.0;0;0;47;5.25;7.6;3.48;14.5;345;128;14.93;13.31;0.891;0;1;0;0;0;0;0;0;0;1;0;358;67;165;68;0;84
1541.36;2216;33;33;12;6.28;87;0;19;51;0;57;17;0.59;1.0;1.0;0;0;51;4.12;7.0;2.95;11.6;345;128;14.82;13.31;0.898;0;1;0;0;0;0;0;0;0;1;0;305;64;165;68;0;84
1541.75;2382;42;42;13;7.73;87;0;23;48;0;65;22;0.66;1.0;1.0;0;0;47;5.25;7.6;3.53;15.3;345;128;14.93;14.21;0.952;0;1;0;0;0;0;0;0;0;1;0;360;67;165;68;0;89
1542.15;2382;42;42;12;7.58;87;0;23;47;0;64;22;0.66;1.0;1.0;0;0;47;5.25;7.0;3.47;15.0;345;128;14.93;14.21;0.952;0;1;0;0;0;0;0;0;0;1;0;353;65;165;68;0;89
1542.57;2088;16;16;2;3.6;86;0;31;39;0;45;7;0.37;1.0;1.0;0;0;39;2.0;1.2;1.87;6.3;345;128;14.82;10.51;0.709;0;1;0;0;0;0;0;0;0;1;0;208;45;166;68;0;73
1542.98;1985;16;16;2;3.62;86;0;31;39;0;45;7;0.37;1.0;1.0;0;0;39;2.0;1.2;1.88;6.0;345;128;14.82;10.51;0.709;0;1;0;0;0;0;0;0;0;1;0;211;45;166;68;0;38
1543.36;2280;39;39;12;7.2;86;0;21;49;0;62;20;0.63;1.0;1.0;0;0;49;4.88;7.0;3.31;13.7;345;128;14.93;10.51;0.704;0;1;0;0;0;0;0;0;0;1;0;340;65;166;68;0;86
1543.77;2139;25;25;6;4.96;87;0;21;49;0;52;12;0.48;1.0;1.0;0;0;49;3.12;3.5;2.42;8.8;345;128;14.82;12.71;0.858;0;1;0;0;0;0;0;0;0;1;0;260;52;164;68;0;38
1544.18;2164;20;20;6;4.2;86;0;26;44;0;49;9;0.41;1.0;1.0;0;0;44;2.5;3.5;2.11;7.6;345;128;14.82;12.71;0.858;0;1;0;0;0;0;0;0;0;1;0;245;52;166;68;0;75
1544.58;2100;20;20;6;4.2;86;0;26;44;0;49;9;0.41;1.0;1.0;0;0;44;2.5;3.5;2.11;7.3;345;128;14.82;13.61;0.918;0;1;0;0;0;0;0;0;0;1;0;245;52;166;68;0;75
1544.99;2164;23;23;6;4.72;86;0;23;47;0;51;11;0.46;1.0;1.0;0;0;47;2.88;3.5;2.32;8.5;345;128;14.82;13.61;0.918;0;1;0;0;0;0;0;0;0;1;0;258;52;166;68;0;76
1545.37;2113;27;27;6;5.25;86;0;22;49;0;53;13;0.51;1.0;1.0;0;0;48;3.38;3.5;2.53;9.2;345;128;14.82;13.61;0.918;0;1;0;0;0;0;0;0;0;1;0;268;52;165;68;0;77
1545.8;2216;29;29;7;5.65;86;0;20;50;0;54;14;0.53;1.0;1.0;0;0;50;3.62;4.1;2.69;10.4;345;128;14.82;13.51;0.912;0;1;0;0;0;0;0;0;0;1;0;283;54;166;68;0;82
1545.98;2216;32;32;7;6.16;87;0;21;50;0;56;16;0.59;1.0;1.0;0;0;49;4.0;4.1;2.9;11.4;345;128;14.82;13.51;0.912;0;1;0;0;0;0;0;0;0;1;0;293;55;165;68;0;82
1546.4;2190;34;34;10;6.3;86;0;20;50;0;57;17;0.59;1.0;1.0;0;0;50;4.25;5.8;2.95;11.5;345;128;14.82;13.51;0.912;0;1;0;0;0;0;0;0;0;1;0;305;60;166;68;0;83
1546.79;2113;20;20;6;4.22;86;0;26;44;0;49;9;0.41;1.0;1.0;0;0;44;2.5;3.5;2.12;7.4;345;128;14.82;12.81;0.864;0;1;0;0;0;0;0;0;0;1;0;243;52;166;68;0;75
1547.2;2228;20;20;5;4.23;87;0;26;44;0;49;10;0.41;1.0;1.0;0;0;44;2.5;2.9;2.13;7.9;345;128;14.82;12.81;0.864;0;1;0;0;0;0;0;0;0;1;0;242;50;165;68;0;75
1547.6;2139;17;17;5;3.75;86;0;29;40;0;46;8;0.38;1.0;1.0;0;0;41;2.12;2.9;1.93;6.7;345;128;14.82;12.51;0.844;0;1;0;0;0;0;0;0;0;1;0;222;51;166;68;0;70
1548.0;2100;18;18;3;3.97;86;0;28;42;0;48;8;0.39;1.0;1.0;0;0;42;2.25;1.7;2.02;6.9;345;128;14.82;12.51;0.844;0;1;0;0;0;0;0;0;0;1;0;237;47;166;68;0;74
1548.39;2203;23;23;5;4.67;86;0;25;45;0;51;11;0.46;1.0;1.0;0;0;45;2.88;2.9;2.3;8.6;345;128;14.82;12.51;0.844;0;1;0;0;0;0;0;0;0;1;0;253;51;166;68;0;73
1548.81;2164;23;23;5;4.72;86;0;21;48;0;51;11;0.46;1.0;1.0;0;0;49;2.88;2.9;2.32;8.5;345;128;14.82;13.51;0.912;0;1;0;0;0;0;0;0;0;1;0;257;51;166;68;0;76
1549.21;2100;17;17;4;3.72;86;0;30;40;0;46;8;0.38;1.0;1.0;0;0;40;2.12;2.3;1.92;6.5;345;128;14.82;13.51;0.912;0;1;0;0;0;0;0;0;0;1;0;218;48;166;68;0;73
1549.6;2100;21;21;18;4.35;86;0;26;44;0;50;10;0.44;1.0;1.0;0;0;44;2.62;10.5;2.17;7.6;345;128;14.82;12.91;0.871;0;1;0;0;0;0;0;0;0;1;0;248;77;164;67;0;76
1550.0;2203;20;20;12;4.27;86;0;26;45;0;49;10;0.41;1.0;1.0;0;0;44;2.5;7.0;2.14;7.8;345;128;14.82;12.91;0.871;0;1;0;0;0;0;0;0;0;1;0;245;64;166;68;0;75
1550.42;2267;36;36;12;6.7;86;0;20;50;0;60;18;0.62;1.0;1.0;0;0;50;4.5;7.0;3.11;12.7;345;128;14.93;12.91;0.865;0;1;0;0;0;0;0;0;0;1;0;320;64;166;68;0;84
1550.82;2228;39;39;22;7.18;87;0;21;49;0;62;20;0.63;1.0;1.0;0;0;49;4.88;12.8;3.31;13.3;345;128;14.82;14.81;0.999;0;1;0;0;0;0;0;0;0;1;0;339;84;165;68;0;99
1551.22;2190;25;25;9;4.98;87;0;22;49;0;52;12;0.48;1.0;1.0;0;0;48;3.12;5.2;2.43;9.1;345;128;14.82;14.81;0.999;0;1;0;0;0;0;0;0;0;1;0;266;59;166;68;0;77
1551.64;2164;28;28;9;5.4;86;0;20;50;0;54;14;0.53;1.0;1.0;0;0;50;3.5;5.2;2.59;9.7;345;128;14.82;13.81;0.932;0;1;0;0;0;0;0;0;0;1;0;277;58;166;68;0;81
1551.84;2216;30;30;14;5.83;87;0;21;50;0;55;15;0.55;1.0;1.0;0;0;49;3.75;8.1;2.77;10.8;345;128;14.82;13.81;0.932;0;1;0;0;0;0;0;0;0;1;0;288;69;165;67;0;82
1552.23;2318;34;34;9;6.33;87;0;20;50;0;57;17;0.59;1.0;1.0;0;0;50;4.25;5.2;2.97;12.2;345;128;14.82;13.81;0.932;0;1;0;0;0;0;0;0;0;1;0;303;59;165;68;0;83
1552.63;2203;32;32;14;6.06;87;0;19;51;0;56;16;0.59;1.0;1.0;0;0;51;4.0;8.1;2.86;11.1;345;128;14.82;12.41;0.837;0;1;0;0;0;0;0;0;0;1;0;293;69;165;67;0;82
1553.04;2190;26;26;9;5.18;87;0;21;49;0;53;13;0.51;1.0;1.0;0;0;49;3.25;5.2;2.51;9.5;345;128;14.82;12.41;0.837;0;1;0;0;0;0;0;0;0;1;0;269;59;164;68;0;77
1553.43;2369;39;39;14;7.16;87;0;21;49;0;62;20;0.63;1.0;1.0;0;0;49;4.88;8.1;3.3;14.1;345;128;14.93;12.41;0.831;0;1;0;0;0;0;0;0;0;1;0;337;69;165;67;0;85
1553.85;2408;42;42;14;7.6;88;0;22;48;0;64;22;0.66;1.0;1.0;0;0;48;5.25;8.1;3.48;15.3;345;128;14.93;13.71;0.918;0;1;0;0;0;0;0;0;0;1;0;355;69;163;67;0;83
1554.25;2318;33;33;11;6.28;87;0;20;50;0;57;17;0.59;1.0;1.0;0;0;50;4.12;6.4;2.95;12.1;345;128;14.82;13.71;0.925;0;1;0;0;0;0;0;0;0;1;0;304;63;165;68;0;84
1554.66;2254;34;34;11;6.36;87;0;19;51;0;57;17;0.59;1.0;1.0;0;0;51;4.25;6.4;2.98;11.9;345;128;14.82;12.71;0.858;0;1;0;0;0;0;0;0;0;1;0;301;63;165;67;0;83
1555.07;2331;46;46;16;8.18;87;0;25;45;0;69;24;0.66;1.0;1.0;0;0;45;5.75;9.3;3.71;15.9;345;128;14.93;12.71;0.851;0;1;0;0;0;0;0;0;0;1;0;392;72;165;67;0;92
1555.46;2254;33;33;12;6.33;87;0;21;50;0;57;17;0.59;1.0;1.0;0;0;49;4.12;7.0;2.97;11.9;345;128;14.82;12.71;0.858;0;1;0;0;0;0;0;0;0;1;0;301;64;164;67;0;40
1555.87;2318;36;36;14;6.68;87;0;20;50;0;59;18;0.61;1.0;1.0;0;0;50;4.5;8.1;3.11;12.9;345;128;14.93;13.11;0.878;0;1;0;0;0;0;0;0;0;1;0;319;68;164;68;0;85
1556.27;2318;39;39;12;7.16;87;0;21;49;0;62;20;0.63;1.0;1.0;0;0;49;4.88;7.0;3.3;13.8;345;128;14.93;13.11;0.878;0;1;0;0;0;0;0;0;0;1;0;339;65;165;68;0;85
1556.66;2356;43;43;14;7.73;87;0;23;47;0;65;22;0.66;1.0;1.0;0;0;47;5.38;8.1;3.53;15.2;345;128;14.93;13.61;0.912;0;1;0;0;0;0;0;0;0;1;0;367;69;164;67;0;90
1557.06;2280;37;37;13;6.81;87;0;21;49;0;60;19;0.62;1.0;1.0;0;0;49;4.62;7.6;3.16;12.9;345;128;14.93;13.61;0.912;0;1;0;0;0;0;0;0;0;1;0;322;66;165;68;0;85
1557.26;2267;41;41;15;7.46;87;0;21;48;0;64;21;0.66;1.0;1.0;0;0;49;5.12;8.7;3.42;14.1;345;128;14.93;13.61;0.912;0;1;0;0;0;0;0;0;0;1;0;353;70;165;68;0;83
1557.68;2267;42;42;15;7.66;87;0;23;47;0;65;22;0.66;1.0;1.0;0;0;47;5.25;8.7;3.5;14.5;345;128;14.93;14.51;0.972;0;1;0;0;0;0;0;0;0;1;0;367;70;164;67;0;90
1558.07;2305;46;46;17;8.3;88;0;25;45;0;70;25;0.66;1.0;1.0;0;0;45;5.75;9.9;3.76;15.9;345;128;14.93;14.51;0.972;0;1;0;0;0;0;0;0;0;1;0;403;74;163;67;0;100
1558.49;2305;42;42;17;7.7;88;0;22;48;0;65;22;0.66;1.0;1.0;0;0;48;5.25;9.9;3.52;14.8;345;128;14.93;14.51;0.972;0;1;0;0;0;0;0;0;0;1;0;363;75;163;67;0;89
1558.88;2331;45;45;36;8.1;88;0;25;45;0;68;24;0.66;1.0;1.0;0;0;45;5.62;20.9;3.68;15.7;345;128;14.93;13.51;0.905;0;1;0;0;0;0;0;0;0;1;0;384;112;163;68;0;91
1559.29;2369;38;38;12;7.05;88;0;21;49;0;61;20;0.62;1.0;1.0;0;0;49;4.75;7.0;3.26;13.9;345;128;14.93;13.51;0.905;0;1;0;0;0;0;0;0;0;1;0;332;65;163;68;0;86
1559.7;2305;42;42;27;7.63;87;0;21;49;0;64;21;0.66;1.0;1.0;0;0;49;5.25;15.7;3.49;14.7;345;128;14.93;14.61;0.979;0;1;0;0;0;0;0;0;0;1;0;354;95;164;68;0;89
1560.09;2356;44;44;29;7.87;88;0;24;46;0;67;23;0.66;1.0;1.0;0;0;46;5.5;16.9;3.59;15.5;345;128;14.93;14.61;0.979;0;1;0;0;0;0;0;0;0;1;0;376;99;163;68;0;90
1560.48;2382;50;50;32;8.8;88;0;26;44;0;73;26;0.68;1.0;1.0;0;0;44;6.25;18.6;3.96;17.5;345;128;14.93;14.61;0.979;0;1;0;0;0;0;0;0;0;1;0;425;104;163;68;0;102
1560.9;2433;49;49;37;8.63;89;0;26;44;0;72;26;0.67;1.0;1.0;0;0;44;6.12;21.5;3.9;17.5;345;128;14.93;16.11;1.079;0;1;0;0;0;0;0;0;0;1;0;415;115;162;68;0;101
1561.3;2331;45;45;23;8.08;89;0;24;46;0;68;23;0.66;1.0;1.0;0;0;46;5.62;13.4;3.68;15.7;345;128;14.93;16.11;1.079;0;1;0;0;0;0;0;0;0;1;0;380;87;162;68;0;91
1561.69;2305;47;47;23;8.35;88;0;26;44;0;71;25;0.66;1.0;1.0;0;0;44;5.88;13.4;3.78;16.0;345;128;14.93;15.21;1.019;0;1;0;0;0;0;0;0;0;1;0;409;86;162;68;0;100
1562.12;2421;50;50;20;8.82;88;0;27;43;0;73;27;0.68;1.0;1.0;0;0;43;6.25;11.6;3.97;17.8;345;128;14.93;15.21;1.019;0;1;0;0;0;0;0;0;0;1;0;425;80;163;68;0;90
1562.51;2331;52;52;34;9.22;88;0;27;43;0;75;28;0.7;1.0;1.0;0;0;43;6.5;19.8;4.13;17.9;345;128;14.93;14.71;0.985;0;1;0;0;0;0;0;0;0;1;0;440;109;163;68;0;104
1562.92;2408;55;55;22;9.76;89;0;28;42;0;78;30;0.72;1.0;1.0;0;0;42;6.88;12.8;4.35;19.6;345;128;14.82;14.71;0.993;0;1;0;0;0;0;0;0;0;1;0;458;84;162;68;0;104
1563.1;2356;49;49;21;8.68;89;0;26;44;0;73;26;0.68;1.0;1.0;0;0;44;6.12;12.2;3.92;17.0;345;128;14.93;14.71;0.985;0;1;0;0;0;0;0;0;0;1;0;420;83;162;68;0;101
1563.53;2408;53;53;22;9.38;89;0;28;42;0;75;29;0.7;1.0;1.0;0;0;42;6.62;12.8;4.2;18.8;345;128;14.82;16.31;1.101;0;1;0;0;0;0;0;0;0;1;0;443;84;162;68;0;104
1563.94;2433;58;58;22;10;90;0;30;40;0;79;32;0.73;1.0;1.0;0;0;40;7.25;12.8;4.52;20.6;345;128;14.82;16.31;1.101;0;1;0;0;0;0;0;0;0;1;0;469;84;161;67;0;106
1564.34;2433;50;50;20;8.85;90;0;27;43;0;73;27;0.68;1.0;1.0;0;0;43;6.25;11.6;3.99;17.9;345;128;14.93;16.31;1.092;0;1;0;0;0;0;0;0;0;1;0;421;80;161;68;0;89
1564.74;2369;48;48;19;8.57;90;0;26;44;0;72;25;0.67;1.0;1.0;0;0;44;6.0;11.0;3.88;16.9;345;128;14.93;13.51;0.905;0;1;0;0;0;0;0;0;0;1;0;419;79;161;68;0;100
1565.13;2356;53;53;20;9.36;89;0;27;43;0;75;28;0.7;1.0;1.0;0;0;43;6.62;11.6;4.19;18.4;345;128;14.82;13.51;0.912;0;1;0;0;0;0;0;0;0;1;0;442;80;162;68;0;104
1565.54;2408;56;56;21;9.86;89;0;28;42;0;78;30;0.72;1.0;1.0;0;0;42;7.0;12.2;4.39;19.8;345;128;14.82;14.61;0.986;0;1;0;0;0;0;0;0;0;1;0;458;83;162;68;0;105
1565.94;2318;46;46;18;8.23;89;0;26;44;0;71;25;0.66;1.0;1.0;0;0;44;5.75;10.5;3.74;15.9;345;128;14.93;14.61;0.979;0;1;0;0;0;0;0;0;0;1;0;404;77;162;68;0;100
1566.35;2369;52;52;29;9.16;89;0;28;43;0;75;27;0.7;1.0;1.0;0;0;42;6.5;16.9;4.11;18.1;345;128;14.93;14.61;0.979;0;1;0;0;0;0;0;0;0;1;0;439;99;162;68;0;102
1566.74;2408;53;53;28;9.41;89;0;28;43;0;75;28;0.7;1.0;1.0;0;0;42;6.62;16.3;4.21;18.9;345;128;14.82;14.81;0.999;0;1;0;0;0;0;0;0;0;1;0;441;97;161;68;0;104
1567.16;2369;52;52;39;9.23;89;0;27;43;0;75;28;0.7;1.0;1.0;0;0;43;6.5;22.7;4.14;18.2;345;128;14.93;14.81;0.992;0;1;0;0;0;0;0;0;0;1;0;441;118;162;68;0;102
1567.54;2356;53;53;20;9.36;89;0;27;43;0;75;28;0.7;1.0;1.0;0;0;43;6.62;11.6;4.19;18.4;345;128;14.82;14.62;0.987;0;1;0;0;0;0;0;0;0;1;0;442;80;162;67;0;102
1567.96;2421;55;55;21;9.61;87;0;29;41;0;77;29;0.71;1.0;1.0;0;0;41;6.88;12.2;4.28;19.4;345;128;14.82;14.62;0.987;0;1;0;0;0;0;0;0;0;1;0;452;82;164;68;0;105
1568.37;2356;54;54;33;9.52;88;0;30;40;0;76;29;0.7;1.0;1.0;0;0;40;6.75;19.2;4.25;18.7;345;128;14.82;14.62;0.987;0;1;0;0;0;0;0;0;0;1;0;445;107;163;67;0;105
1568.56;2203;46;46;24;13;87;181;25;45;0;69;23;0.66;1.0;1.0;0;0;45;5.75;14.0;5.51;23.3;345;128;14.82;15.11;1.02;0;1;0;0;0;0;0;0;0;1;0;388;88;164;67;0;91
1568.97;2305;46;46;18;8.23;87;0;25;45;0;69;23;0.66;1.0;1.0;0;0;45;5.75;10.5;3.73;15.8;345;128;14.93;15.11;1.012;0;1;0;0;0;0;0;0;0;1;0;393;77;164;68;0;99
1569.37;2228;49;49;34;8.68;87;0;26;44;0;72;25;0.67;1.0;1.0;0;0;44;6.12;19.8;3.91;16.1;345;128;14.82;15.11;1.02;0;1;0;0;0;0;0;0;0;1;0;417;109;164;67;0;101
1569.78;2331;55;55;31;9.61;87;0;28;41;0;77;28;0.71;1.0;1.0;0;0;42;6.88;18.0;4.28;18.7;345;128;14.82;16.41;1.107;0;1;0;0;0;0;0;0;0;1;0;453;102;164;67;0;105
1570.19;2356;63;63;46;11;88;0;33;37;0;82;34;0.76;1.0;1.0;0;0;37;7.88;26.7;4.79;21.3;345;128;14.82;16.41;1.107;0;1;0;0;0;0;0;0;0;1;0;495;132;163;67;0;108
1570.59;2382;64;64;23;11;89;0;34;36;0;83;35;0.77;1.0;1.0;0;0;36;8.0;13.4;4.85;21.9;345;128;14.82;14.11;0.952;0;1;0;0;0;0;0;0;0;1;0;499;87;162;67;0;109
1570.99;2408;62;62;23;11;88;0;32;37;0;82;34;0.76;1.0;1.0;0;0;38;7.75;13.4;4.76;21.7;345;128;14.82;14.11;0.952;0;1;0;0;0;0;0;0;0;1;0;490;87;163;67;0;101
1571.39;2305;49;49;20;8.8;88;0;26;43;0;73;25;0.68;1.0;1.0;0;0;44;6.12;11.6;3.96;16.9;345;128;14.93;14.11;0.945;0;1;0;0;0;0;0;0;0;1;0;422;81;163;67;0;102
1571.78;2356;50;50;21;8.78;87;0;28;42;0;73;26;0.68;1.0;1.0;0;0;42;6.25;12.2;3.95;17.2;345;128;14.93;14.81;0.992;0;1;0;0;0;0;0;0;0;1;0;423;82;164;67;0;101
1572.2;2331;51;51;20;9.02;88;0;27;43;0;74;27;0.69;1.0;1.0;0;0;43;6.38;11.6;4.05;17.5;345;128;14.93;14.81;0.992;0;1;0;0;0;0;0;0;0;1;0;430;81;163;67;0;42
1572.59;2331;50;50;22;8.87;88;0;26;44;0;73;25;0.68;1.0;1.0;0;0;44;6.25;12.8;3.99;17.2;345;128;14.93;13.92;0.932;0;1;0;0;0;0;0;0;0;1;0;425;85;163;67;0;89
1573.01;2228;59;59;22;10;88;0;30;39;0;80;30;0.74;1.0;1.0;0;0;40;7.38;12.8;4.54;19.0;345;128;14.82;13.92;0.939;0;1;0;0;0;0;0;0;0;1;0;473;84;163;67;0;106
1573.4;2369;61;61;32;11;88;0;32;39;0;81;32;0.75;1.0;1.0;0;0;38;7.62;18.6;4.66;20.8;345;128;14.82;13.92;0.939;0;1;0;0;0;0;0;0;0;1;0;482;104;163;67;0;107
1573.8;2305;60;60;27;11;89;0;32;38;0;81;32;0.75;1.0;1.0;0;0;38;7.5;15.7;4.65;20.2;345;128;14.82;14.31;0.966;0;1;0;0;0;0;0;0;0;1;0;485;94;162;67;0;108
1574.01;2331;51;51;24;8.93;87;0;27;42;0;74;26;0.69;1.0;1.0;0;0;43;6.38;14.0;4.01;17.3;345;128;14.93;14.31;0.958;0;1;0;0;0;0;0;0;0;1;0;429;88;164;67;0;102
1574.42;2203;50;50;28;8.93;89;0;28;42;0;74;26;0.69;1.0;1.0;0;0;42;6.25;16.3;4.02;16.4;345;128;14.82;14.31;0.966;0;1;0;0;0;0;0;0;0;1;0;431;97;162;67;0;102
1574.8;2305;61;61;25;11;89;0;34;36;0;81;32;0.75;1.0;1.0;0;0;36;7.62;14.5;4.72;20.5;345;128;14.82;16.21;1.094;0;1;0;0;0;0;0;0;0;1;0;487;91;162;67;0;108
1575.22;2369;55;55;22;9.66;89;0;28;42;0;77;29;0.71;1.0;1.0;0;0;42;6.88;12.8;4.31;19.1;345;128;14.82;16.21;1.094;0;1;0;0;0;0;0;0;0;1;0;450;84;162;67;0;105
1575.62;1998;17;17;1;3.73;87;0;39;24;0;46;7;0.38;1.0;1.0;0;0;31;2.12;0.6;1.93;6.2;345;128;14.82;10.91;0.736;0;1;0;0;0;1;0;0;0;1;0;223;42;165;67;0;73
1576.03;1639;16;16;1;3.65;86;0;37;20;0;45;6;0.37;1.0;1.0;0;0;33;2.0;0.6;1.89;5.0;345;128;14.7;10.91;0.742;0;1;0;0;0;1;0;0;0;1;0;211;42;166;67;0;72
1576.42;1550;15;15;1;3.53;85;0;61;20;0;45;5;0.36;1.0;1.0;0;0;9;1.88;0.6;1.84;4.6;345;128;14.7;10.91;0.742;0;1;0;0;0;1;0;0;0;1;0;211;42;167;67;0;73
1576.82;1716;16;16;17;3.68;85;0;36;35;0;45;6;0.37;1.0;1.0;0;0;34;2.0;9.9;1.9;5.3;345;128;14.7;18.81;1.28;0;1;0;0;0;0;0;0;0;1;0;211;75;167;67;0;73
1577.25;1562;15;15;1;3.53;85;0;37;33;0;45;5;0.36;1.0;1.0;0;0;33;1.88;0.6;1.84;4.6;345;128;14.7;18.81;1.28;0;1;0;0;0;1;0;0;0;1;0;212;43;167;67;0;73
1577.62;1652;17;17;17;3.73;85;0;37;33;0;46;6;0.38;1.0;1.0;0;0;33;2.12;9.9;1.92;5.1;345;128;14.7;11.41;0.776;0;1;0;0;0;0;0;0;0;1;0;218;74;167;67;0;73
1578.03;1729;16;16;6;3.66;85;0;36;34;0;45;6;0.37;1.0;1.0;0;0;34;2.0;3.5;1.89;5.3;345;128;14.7;11.41;0.776;0;1;0;0;0;0;0;0;0;1;0;211;52;167;68;0;72
1578.45;1614;16;16;2;3.68;85;0;37;33;0;46;6;0.37;1.0;1.0;0;0;33;2.0;1.2;1.9;4.9;345;128;14.7;11.41;0.776;0;1;0;0;0;0;0;0;0;1;0;217;44;167;67;0;73
1578.84;1486;16;16;5;3.71;87;0;37;20;0;46;5;0.37;1.0;1.0;0;0;33;2.0;2.9;1.92;4.6;345;128;14.7;11.21;0.763;0;1;0;0;0;0;0;0;0;1;0;223;50;165;67;0;74
1579.25;1614;17;17;2;3.71;85;0;40;34;0;46;6;0.37;1.0;1.0;0;0;30;2.12;1.2;1.91;5.0;345;128;14.7;11.21;0.763;0;1;0;0;0;0;0;0;0;1;0;218;44;167;67;0;73
1579.65;1422;16;16;5;3.63;85;0;57;33;0;46;5;0.37;1.0;1.0;0;0;13;2.0;2.9;1.88;4.3;345;128;14.7;13.31;0.905;0;1;0;0;0;0;0;0;0;1;0;220;50;167;67;0;73
1579.86;1550;17;17;1;3.81;85;0;38;20;0;47;6;0.38;1.0;1.0;0;0;32;2.12;0.6;1.95;4.9;345;128;14.7;13.31;0.905;0;1;0;0;0;1;0;0;0;1;0;224;42;167;67;0;74
1580.26;1422;17;17;32;3.75;86;0;37;33;0;47;5;0.38;1.0;1.0;0;0;33;2.12;18.6;1.93;4.4;345;128;14.7;13.31;0.905;0;1;0;0;0;0;0;0;0;1;0;226;104;166;67;0;74
1580.65;1422;17;17;9;8.3;86;181;37;33;0;47;5;0.38;1.0;1.0;0;0;33;2.12;5.2;3.75;9.8;345;128;14.7;11.31;0.769;0;1;0;0;0;0;0;0;0;1;0;226;59;166;67;0;84
1581.05;1422;18;18;19;8.42;86;181;34;36;0;48;5;0.39;1.0;1.0;0;0;36;2.25;11.0;3.8;10.0;345;128;14.7;11.31;0.769;0;1;0;0;0;0;0;0;0;1;0;232;78;166;67;0;85
1581.46;1729;17;17;31;3.81;87;0;34;36;0;46;6;0.38;1.0;1.0;0;0;36;2.12;18.0;1.96;5.5;345;128;14.7;11.31;0.769;0;1;0;0;0;0;0;0;0;1;0;216;103;165;67;0;73
1581.87;1870;15;15;29;3.56;87;0;35;35;0;44;6;0.36;1.0;1.0;0;0;35;1.88;16.9;1.86;5.5;345;128;14.82;10.51;0.709;0;1;0;0;0;0;0;0;0;1;0;201;98;165;67;0;54
1582.26;1857;15;15;23;3.46;87;0;37;33;0;44;6;0.36;1.0;1.0;0;0;33;1.88;13.4;1.82;5.4;345;128;14.82;10.51;0.709;0;1;0;0;0;0;0;0;0;1;0;202;86;165;67;0;70
1582.67;1780;15;15;1;3.43;87;0;37;21;0;43;6;0.35;1.0;1.0;0;0;33;1.88;0.6;1.81;5.1;345;128;14.7;11.71;0.797;0;1;0;0;0;1;0;0;0;1;0;198;42;165;67;0;71
1583.08;1755;15;15;7;3.55;86;0;41;33;0;44;6;0.36;1.0;1.0;0;0;29;1.88;4.1;1.85;5.2;345;128;14.7;11.71;0.797;0;1;0;0;0;0;0;0;0;1;0;202;55;166;67;0;71
1583.48;1780;15;15;9;3.53;87;0;36;34;0;44;6;0.36;1.0;1.0;0;0;34;1.88;5.2;1.85;5.2;345;128;14.7;11.71;0.797;0;1;0;0;0;0;0;0;0;1;0;205;58;165;67;0;72
1583.88;1716;16;16;1;3.58;87;0;41;20;0;44;6;0.36;1.0;1.0;0;0;29;2.0;0.6;1.87;5.1;345;128;14.7;11.51;0.783;0;1;0;0;0;1;0;0;0;1;0;204;42;164;67;0;73
1584.29;1614;16;16;5;3.63;87;0;42;33;0;45;6;0.36;1.0;1.0;0;0;28;2.0;2.9;1.89;4.9;345;128;14.7;11.51;0.783;0;1;0;0;0;0;0;0;0;1;0;211;51;164;67;0;70
1584.67;1562;16;16;19;3.57;86;0;38;32;0;45;5;0.36;1.0;1.0;0;0;32;2.0;11.0;1.86;4.6;345;128;14.7;11.31;0.769;0;1;0;0;0;0;0;0;0;1;0;213;78;166;67;0;73
1585.09;1639;16;16;22;3.6;86;0;38;32;0;45;5;0.37;1.0;1.0;0;0;32;2.0;12.8;1.87;4.9;345;128;14.7;11.31;0.769;0;1;0;0;0;0;0;0;0;1;0;215;84;166;67;0;73
1585.29;1588;16;16;2;3.67;86;0;37;33;0;46;5;0.37;1.0;1.0;0;0;33;2.0;1.2;1.9;4.9;345;128;14.7;11.31;0.769;0;1;0;0;0;1;0;0;0;1;0;218;45;166;67;0;38
1585.7;1550;17;17;36;3.8;86;0;37;32;0;47;5;0.38;1.0;1.0;0;0;33;2.12;20.9;1.95;4.9;345;128;14.7;11.41;0.776;0;1;0;0;0;0;0;0;0;1;0;226;113;165;67;0;74
1586.1;1383;17;17;3;3.82;86;0;37;34;0;47;5;0.38;1.0;1.0;0;0;33;2.12;1.7;1.96;4.4;345;128;14.7;11.41;0.776;0;1;0;0;0;0;0;0;0;1;0;230;47;166;67;0;74
1586.49;1306;17;17;20;8.36;87;181;37;33;0;47;5;0.38;1.0;1.0;0;0;33;2.12;11.6;3.78;9.1;345;128;14.7;11.41;0.776;0;1;0;0;0;0;0;0;0;1;0;231;80;165;67;0;70
1586.91;1396;18;18;1;4.0;86;0;45;20;0;48;5;0.39;1.0;1.0;0;0;25;2.25;0.6;2.03;4.7;345;128;14.7;11.81;0.803;0;1;0;0;0;1;0;0;0;1;0;239;42;166;67;0;75
1587.3;1217;18;18;1;3.96;87;0;50;20;0;48;5;0.38;1.0;1.0;0;0;20;2.25;0.6;2.02;4.0;345;128;14.7;11.81;0.803;0;1;0;0;0;1;0;0;0;1;0;234;42;163;67;0;74
1587.72;1255;18;18;1;4.03;87;0;50;20;0;48;5;0.39;1.0;1.0;0;0;20;2.25;0.6;2.05;4.2;345;128;14.7;13.21;0.899;0;1;0;0;0;1;0;0;0;1;0;238;42;165;67;0;74
1588.11;1165;18;18;1;3.9;86;0;50;20;0;48;4;0.38;1.0;1.0;0;0;20;2.25;0.6;1.99;3.8;345;128;14.7;13.21;0.899;0;1;0;0;0;1;0;0;0;1;0;238;42;166;67;0;75
1588.53;1204;19;19;1;4.02;86;0;50;20;0;49;5;0.41;1.0;1.0;0;0;20;2.38;0.6;2.04;4.0;345;128;14.7;13.21;0.899;0;1;0;0;0;1;0;0;0;1;0;240;42;166;67;0;75
1588.92;1063;18;18;1;3.92;86;0;46;20;0;49;4;0.38;1.0;1.0;0;0;24;2.25;0.6;2.0;3.5;345;128;14.7;14.21;0.967;0;1;0;0;0;1;0;0;0;1;0;245;42;166;67;0;75
1589.34;1165;22;22;1;4.58;85;0;50;20;0;51;5;0.45;1.0;1.0;0;0;20;2.75;0.6;2.26;4.4;345;128;14.7;14.21;0.967;0;1;0;0;0;1;0;0;0;1;0;255;42;167;67;0;76
1589.73;999;21;21;1;4.46;85;0;50;20;0;51;5;0.42;1.0;1.0;0;0;20;2.62;0.6;2.21;3.7;345;128;14.7;12.61;0.858;0;1;0;0;0;1;0;0;0;1;0;255;42;167;67;0;76
1590.12;1050;23;23;1;4.72;86;0;50;20;0;52;5;0.45;1.0;1.0;0;0;20;2.88;0.6;2.32;4.1;345;128;14.7;12.61;0.858;0;1;0;0;0;1;0;0;0;1;0;261;42;166;67;0;77
1590.54;973;24;24;1;4.86;85;0;50;20;0;53;5;0.46;1.0;1.0;0;0;20;3.0;0.6;2.37;3.9;345;128;14.47;12.61;0.871;0;1;0;0;0;1;0;0;0;1;0;268;42;167;67;0;38
1590.73;832;22;22;1;4.72;88;0;50;20;0;53;4;0.44;1.0;1.0;0;0;20;2.75;0.6;2.33;3.3;345;128;14.7;12.11;0.824;0;1;0;0;0;1;0;0;0;1;0;269;42;163;67;0;77
1591.13;756;24;24;1;4.9;86;0;50;20;0;54;4;0.47;1.0;1.0;0;0;20;3.0;0.6;2.39;3.1;345;128;14.47;12.11;0.837;0;1;0;0;0;1;0;0;0;1;0;276;42;167;67;0;77
1591.54;756;26;26;1;5.26;85;0;50;20;0;55;4;0.48;1.0;1.0;0;0;20;3.25;0.6;2.53;3.3;345;128;14.47;12.11;0.837;0;1;0;0;0;1;0;0;0;1;0;290;42;167;67;0;82
1591.94;756;28;28;1;5.63;87;0;50;20;0;56;4;0.51;1.0;1.0;0;0;20;3.5;0.6;2.69;3.5;345;128;14.47;11.91;0.823;0;1;0;0;0;1;0;0;0;1;0;298;42;164;67;0;83
1592.35;730;28;28;1;5.61;87;0;50;20;0;57;4;0.51;1.0;1.0;0;0;20;3.5;0.6;2.68;3.4;345;128;14.47;11.91;0.823;0;1;0;0;0;1;0;0;0;1;0;300;42;165;67;0;83
1592.74;896;27;27;1;5.41;85;0;50;20;0;55;5;0.48;1.0;1.0;0;0;20;3.38;0.6;2.59;4.0;345;128;14.47;11.91;0.823;0;1;0;0;0;1;0;0;0;1;0;290;42;167;67;0;82
1593.15;884;22;22;1;4.66;85;0;50;20;0;53;4;0.45;1.0;1.0;0;0;20;2.75;0.6;2.29;3.4;345;128;14.7;11.91;0.81;0;1;0;0;0;1;0;0;0;1;0;268;42;167;67;0;77
1593.56;820;24;24;1;5.0;86;0;50;20;0;54;4;0.46;1.0;1.0;0;0;20;3.0;0.6;2.43;3.4;345;128;14.47;11.91;0.823;0;1;0;0;0;1;0;0;0;1;0;278;42;166;66;0;81
1593.96;781;28;28;1;5.62;88;0;50;20;0;56;4;0.51;1.0;1.0;0;0;20;3.5;0.6;2.69;3.7;345;128;14.47;13.11;0.906;0;1;0;0;0;1;0;0;0;1;0;296;42;163;66;0;83
1594.35;768;29;29;1;5.75;86;0;50;20;0;57;5;0.51;1.0;1.0;0;0;20;3.62;0.6;2.73;3.7;345;128;14.47;13.11;0.906;0;1;0;0;0;1;0;0;0;1;0;302;42;166;67;0;76
1594.77;756;28;28;1;5.52;86;0;50;20;0;56;4;0.51;1.0;1.0;0;0;20;3.5;0.6;2.64;3.5;345;128;14.47;12.21;0.844;0;1;0;0;0;1;0;0;0;1;0;299;42;166;67;0;83
1595.18;756;27;27;1;5.41;87;0;50;20;0;56;4;0.51;1.0;1.0;0;0;20;3.38;0.6;2.6;3.4;345;128;14.47;12.21;0.844;0;1;0;0;0;1;0;0;0;1;0;296;42;165;67;0;83
1595.56;832;29;29;1;5.7;86;0;50;20;0;57;5;0.5;1.0;1.0;0;0;20;3.62;0.6;2.71;4.0;345;128;14.47;12.21;0.844;0;1;0;0;0;1;0;0;0;1;0;300;42;166;67;0;83
1595.99;781;28;28;1;5.62;86;0;50;20;0;57;5;0.51;1.0;1.0;0;0;20;3.5;0.6;2.68;3.7;345;128;14.47;11.31;0.782;0;1;0;0;0;1;0;0;0;1;0;300;42;166;67;0;84
1596.37;807;28;28;1;5.48;85;0;50;20;0;56;4;0.51;1.0;1.0;0;0;20;3.5;0.6;2.62;3.7;345;128;14.47;11.31;0.782;0;1;0;0;0;1;0;0;0;1;0;299;42;167;67;0;83
1596.59;820;28;28;1;5.62;86;0;50;20;0;56;5;0.5;1.0;1.0;0;0;20;3.5;0.6;2.68;3.8;345;128;14.47;11.31;0.782;0;1;0;0;0;1;0;0;0;1;0;298;42;166;67;0;83
1596.99;845;28;28;1;5.6;86;0;50;20;0;56;5;0.5;1.0;1.0;0;0;20;3.5;0.6;2.67;3.9;345;128;14.47;11.71;0.809;0;1;0;0;0;1;0;0;0;1;0;296;42;166;67;0;83
1597.39;781;28;28;1;5.55;86;0;50;20;0;56;5;0.51;1.0;1.0;0;0;20;3.5;0.6;2.65;3.6;345;128;14.47;11.71;0.809;0;1;0;0;0;1;0;0;0;1;0;297;42;166;66;0;76
1597.78;884;29;29;1;5.67;86;0;50;20;0;56;5;0.51;1.0;1.0;0;0;20;3.62;0.6;2.7;4.2;345;128;14.47;12.61;0.871;0;1;0;0;0;1;0;0;0;1;0;297;42;166;67;0;83
1598.19;756;27;27;1;5.38;85;0;50;20;0;56;4;0.51;1.0;1.0;0;0;20;3.38;0.6;2.58;3.4;345;128;14.47;12.61;0.871;0;1;0;0;0;1;0;0;0;1;0;293;42;167;67;0;82
1598.58;807;28;28;1;5.65;86;0;50;20;0;56;5;0.51;1.0;1.0;0;0;20;3.5;0.6;2.69;3.8;345;128;14.47;12.61;0.871;0;1;0;0;0;1;0;0;0;1;0;299;42;166;67;0;83
1598.99;781;27;27;1;5.41;85;0;50;20;0;56;5;0.51;1.0;1.0;0;0;20;3.38;0.6;2.59;3.5;345;128;14.47;12.41;0.858;0;1;0;0;0;1;0;0;0;1;0;295;42;167;67;0;82
1599.39;768;27;27;1;5.45;86;0;50;20;0;56;5;0.51;1.0;1.0;0;0;20;3.38;0.6;2.61;3.5;345;128;14.47;12.41;0.858;0;1;0;0;0;1;0;0;0;1;0;293;42;166;66;0;82
1599.79;871;28;28;1;5.62;86;0;50;20;0;56;5;0.51;1.0;1.0;0;0;20;3.5;0.6;2.68;4.1;345;128;14.47;12.31;0.851;0;1;0;0;0;1;0;0;0;1;0;299;42;166;66;0;83
1600.19;768;27;27;1;5.47;86;0;50;20;0;56;4;0.51;1.0;1.0;0;0;20;3.38;0.6;2.62;3.5;345;128;14.47;12.31;0.851;0;1;0;0;0;1;0;0;0;1;0;293;42;166;67;0;82
1600.6;820;28;28;1;5.6;86;0;50;20;0;56;5;0.5;1.0;1.0;0;0;20;3.5;0.6;2.67;3.8;345;128;14.47;12.31;0.851;0;1;0;0;0;1;0;0;0;1;0;298;42;166;66;0;83
1601.0;781;27;27;1;5.47;86;0;50;20;0;56;4;0.51;1.0;1.0;0;0;20;3.38;0.6;2.62;3.6;345;128;14.47;11.61;0.802;0;1;0;0;0;1;0;0;0;1;0;293;42;166;66;0;83
1601.42;768;28;28;1;5.55;86;0;50;20;0;56;5;0.51;1.0;1.0;0;0;20;3.5;0.6;2.65;3.6;345;128;14.47;11.61;0.802;0;1;0;0;0;1;0;0;0;1;0;294;42;165;66;0;82
1601.83;832;28;28;1;5.55;86;0;50;20;0;56;5;0.5;1.0;1.0;0;0;20;3.5;0.6;2.65;3.8;345;128;14.47;11.91;0.823;0;1;0;0;0;1;0;0;0;1;0;295;42;166;66;0;83
1602.21;768;28;28;1;5.52;86;0;50;20;0;56;5;0.51;1.0;1.0;0;0;20;3.5;0.6;2.64;3.5;345;128;14.47;11.91;0.823;0;1;0;0;0;1;0;0;0;1;0;294;42;166;67;0;83
1602.43;832;28;28;1;5.57;86;0;50;20;0;56;5;0.5;1.0;1.0;0;0;20;3.5;0.6;2.66;3.9;345;128;14.47;11.91;0.823;0;1;0;0;0;1;0;0;0;1;0;296;42;166;67;0;82
1602.83;1089;52;52;9;9.26;87;0;45;27;0;78;11;0.64;1.0;1.0;0;0;25;6.5;5.2;4.14;8.4;345;128;14.7;12.72;0.865;0;1;0;0;0;0;0;0;0;1;0;459;59;164;67;0;104
1603.22;1819;56;56;13;10;86;0;38;33;0;77;21;0.7;1.0;1.0;0;0;32;7.0;7.6;4.45;15.2;345;128;14.7;12.72;0.865;0;1;0;0;0;0;0;0;0;1;0;455;67;166;67;0;42
1603.64;1780;49;49;14;8.87;86;0;31;39;0;73;20;0.67;1.0;1.0;0;0;39;6.12;8.1;3.98;13.2;345;128;14.7;12.72;0.865;0;1;0;0;0;0;0;0;0;1;0;427;68;166;67;0;102
1604.04;2049;61;61;19;11;87;0;38;32;0;81;27;0.75;1.0;1.0;0;0;32;7.62;11.0;4.88;19.0;345;128;14.04;16.32;1.162;0;1;0;0;0;0;0;0;0;1;0;487;79;165;67;0;108
1604.44;2254;64;64;22;11;87;0;36;34;0;82;32;0.76;1.0;1.0;0;0;34;8.0;12.8;4.96;21.2;345;128;14.04;16.32;1.162;0;1;0;0;0;0;0;0;0;1;0;493;84;164;66;0;101
1604.85;2305;61;61;22;11;89;0;33;37;0;81;32;0.75;1.0;1.0;0;0;37;7.62;12.8;4.69;20.4;345;128;14.82;15.02;1.013;0;1;0;0;0;0;0;0;0;1;0;482;84;162;66;0;107
1605.26;2267;61;61;22;11;90;0;35;35;0;82;31;0.76;1.0;1.0;0;0;35;7.62;12.8;4.79;20.5;345;128;14.82;15.02;1.013;0;1;0;0;0;0;0;0;0;1;0;491;84;161;66;0;107
1605.64;2254;62;62;22;11;90;0;34;35;0;81;31;0.75;1.0;1.0;0;0;36;7.75;12.8;4.86;20.7;345;128;14.04;15.02;1.07;0;1;0;0;0;0;0;0;0;1;0;486;84;161;66;0;108
1606.04;2216;61;61;22;11;90;0;34;36;0;82;31;0.76;1.0;1.0;0;0;36;7.62;12.8;4.82;20.2;345;128;14.04;14.51;1.033;0;1;0;0;0;0;0;0;0;1;0;488;84;160;66;0;108
1606.45;2254;61;61;22;11;90;0;35;35;0;81;31;0.75;1.0;1.0;0;0;35;7.62;12.8;4.74;20.1;345;128;14.04;14.51;1.033;0;1;0;0;0;0;0;0;0;1;0;485;84;160;66;0;107
1606.86;2356;53;53;21;9.35;90;0;30;41;0;75;27;0.7;1.0;1.0;0;0;40;6.62;12.2;4.19;18.4;345;128;14.82;15.32;1.034;0;1;0;0;0;0;0;0;0;1;0;440;83;160;66;0;104
1607.25;2267;48;48;21;8.57;90;0;28;43;0;72;25;0.67;1.0;1.0;0;0;42;6.0;12.2;3.88;16.2;345;128;14.93;15.32;1.026;0;1;0;0;0;0;0;0;0;1;0;419;82;161;66;0;101
1607.65;1998;55;55;20;9.7;88;0;34;36;0;78;24;0.71;1.0;1.0;0;0;36;6.88;11.6;4.32;16.2;345;128;14.82;15.32;1.034;0;1;0;0;0;0;0;0;0;1;0;456;81;163;66;0;105
1607.86;1972;52;52;19;9.17;88;0;31;39;0;75;23;0.69;1.0;1.0;0;0;39;6.5;11.0;4.11;15.1;345;128;14.82;15.31;1.033;0;1;0;0;0;0;0;0;0;1;0;443;79;163;66;0;104
1608.25;1883;48;48;16;8.53;87;0;28;42;0;72;20;0.66;1.0;1.0;0;0;42;6.0;9.3;3.85;13.4;345;128;14.82;15.31;1.033;0;1;0;0;0;0;0;0;0;1;0;414;72;164;67;0;101
1608.68;1883;44;44;13;8.03;87;0;28;41;0;68;18;0.66;1.0;1.0;0;0;42;5.5;7.6;3.65;12.6;345;128;14.82;15.31;1.033;0;1;0;0;0;0;0;0;0;1;0;382;67;164;67;0;85
1609.08;1819;44;44;13;8.06;87;0;29;41;0;68;18;0.66;1.0;1.0;0;0;41;5.5;7.6;3.66;12.2;345;128;14.7;14.21;0.967;0;1;0;0;0;0;0;0;0;1;0;385;67;164;67;0;91
1609.47;1831;44;44;13;8.03;89;0;27;43;0;68;18;0.66;1.0;1.0;0;0;43;5.5;7.6;3.66;12.3;345;128;14.7;14.21;0.967;0;1;0;0;0;0;0;0;0;1;0;382;67;162;66;0;41
1609.88;1870;44;44;13;8.08;87;0;28;43;0;68;18;0.66;1.0;1.0;0;0;42;5.5;7.6;3.67;12.6;345;128;14.82;15.02;1.013;0;1;0;0;0;0;0;0;0;1;0;385;67;164;67;0;86
1610.29;1857;48;48;14;8.57;88;0;29;41;0;72;20;0.66;1.0;1.0;0;0;41;6.0;8.1;3.87;13.3;345;128;14.82;15.02;1.013;0;1;0;0;0;0;0;0;0;1;0;417;68;163;66;0;42
1610.69;1883;49;49;14;8.71;87;0;28;39;0;73;21;0.67;1.0;1.0;0;0;42;6.12;8.1;3.92;13.7;345;128;14.82;15.02;1.013;0;1;0;0;0;0;0;0;0;1;0;425;69;164;67;0;90
1611.09;2024;54;54;18;9.6;88;0;32;39;0;77;25;0.7;1.0;1.0;0;0;38;6.75;10.5;4.28;16.2;345;128;14.82;15.52;1.047;0;1;0;0;0;0;0;0;0;1;0;451;76;162;67;0;105
1611.5;2049;51;51;18;9.02;88;0;29;41;0;74;23;0.69;1.0;1.0;0;0;41;6.38;10.5;4.05;15.4;345;128;14.82;15.52;1.047;0;1;0;0;0;0;0;0;0;1;0;429;76;163;67;0;102
1611.9;2062;46;46;14;8.31;87;0;28;42;0;70;21;0.66;1.0;1.0;0;0;42;5.75;8.1;3.76;14.3;345;128;14.82;14.21;0.959;0;1;0;0;0;0;0;0;0;1;0;400;69;164;67;0;100
1612.31;1870;42;42;14;7.66;87;0;26;44;0;64;17;0.66;1.0;1.0;0;0;44;5.25;8.1;3.5;11.9;345;128;14.82;14.21;0.959;0;1;0;0;0;0;0;0;0;1;0;354;68;164;67;0;89
1612.7;1921;42;42;13;7.68;87;0;26;43;0;65;18;0.66;1.0;1.0;0;0;44;5.25;7.6;3.51;12.3;345;128;14.82;13.51;0.912;0;1;0;0;0;0;0;0;0;1;0;360;66;164;67;0;89
1613.1;1857;43;43;14;7.8;88;0;26;44;0;66;18;0.66;1.0;1.0;0;0;44;5.38;8.1;3.56;12.1;345;128;14.82;13.51;0.912;0;1;0;0;0;0;0;0;0;1;0;374;68;163;67;0;90
1613.31;1985;48;48;28;8.55;88;0;28;42;0;72;21;0.66;1.0;1.0;0;0;42;6.0;16.3;3.86;14.1;345;128;14.82;13.51;0.912;0;1;0;0;0;0;0;0;0;1;0;415;97;163;67;0;101
1613.72;2062;50;50;31;8.98;89;0;29;41;0;74;23;0.69;1.0;1.0;0;0;41;6.25;18.0;4.04;15.4;345;128;14.82;14.21;0.959;0;1;0;0;0;0;0;0;0;1;0;430;103;162;67;0;102
1614.12;2164;56;56;20;9.88;89;0;33;37;0;78;27;0.72;1.0;1.0;0;0;37;7.0;11.6;4.4;17.8;345;128;14.82;14.21;0.959;0;1;0;0;0;0;0;0;0;1;0;461;81;162;67;0;106
1614.51;2152;47;47;43;8.41;89;0;27;43;0;71;23;0.66;1.0;1.0;0;0;43;5.88;25.0;3.81;15.1;345;128;14.82;14.21;0.959;0;1;0;0;0;0;0;0;0;1;0;405;127;162;67;0;100
1614.93;1985;40;40;32;7.35;88;0;25;45;0;62;17;0.64;1.0;1.0;0;0;45;5.0;18.6;3.38;12.2;345;128;14.82;11.41;0.77;0;1;0;0;0;0;0;0;0;1;0;342;105;163;67;0;86
1615.33;1972;41;41;33;7.58;89;0;24;46;0;64;18;0.66;1.0;1.0;0;0;46;5.12;19.2;3.48;12.5;345;128;14.82;11.41;0.77;0;1;0;0;0;0;0;0;0;1;0;354;107;162;67;0;89
1615.71;2088;45;45;36;8.2;90;0;26;45;0;70;21;0.66;1.0;1.0;0;0;44;5.62;20.9;3.73;14.3;345;128;14.82;14.71;0.993;0;1;0;0;0;0;0;0;0;1;0;397;112;161;67;0;100
1616.12;2036;41;41;13;7.52;88;0;25;46;0;63;18;0.65;1.0;1.0;0;0;45;5.12;7.6;3.45;12.8;345;128;14.82;14.71;0.993;0;1;0;0;0;0;0;0;0;1;0;351;67;163;67;0;41
1616.54;2036;40;40;12;7.37;88;0;23;47;0;63;18;0.65;1.0;1.0;0;0;47;5.0;7.0;3.39;12.5;345;128;14.82;14.71;0.993;0;1;0;0;0;0;0;0;0;1;0;346;64;163;67;0;88
1616.94;1831;27;27;11;9.83;87;181;27;43;0;53;11;0.52;1.0;1.0;0;0;43;3.38;6.4;4.37;15.0;345;128;14.7;10.81;0.735;0;1;0;0;0;0;0;0;0;1;0;270;63;164;68;0;77
1617.33;1895;34;34;11;6.41;87;0;25;45;0;56;14;0.59;1.0;1.0;0;0;45;4.25;6.4;3.0;10.1;345;128;14.82;10.81;0.729;0;1;0;0;0;0;0;0;0;1;0;299;63;164;67;0;41
1617.73;1895;37;37;34;6.83;87;0;24;46;0;60;16;0.62;1.0;1.0;0;0;46;4.62;19.8;3.17;10.8;345;128;14.82;15.01;1.013;0;1;0;0;0;0;0;0;0;1;0;320;109;164;68;0;85
1618.13;1972;40;40;11;7.28;87;0;24;46;0;62;17;0.64;1.0;1.0;0;0;46;5.0;6.4;3.35;12.0;345;128;14.82;15.01;1.013;0;1;0;0;0;0;0;0;0;1;0;336;63;165;68;0;86
1618.56;1895;40;41;10;7.41;87;0;24;45;0;63;17;0.65;1.0;1.0;0;0;46;5.0;5.8;3.4;11.7;345;128;14.82;15.01;1.013;0;1;0;0;0;0;0;0;0;1;0;346;61;164;68;0;89
1618.94;1972;44;44;39;8.03;87;0;26;44;0;68;20;0.66;1.0;1.0;0;0;44;5.5;22.7;3.65;13.2;345;128;14.82;15.81;1.067;0;1;0;0;0;0;0;0;0;1;0;384;118;164;68;0;91
1619.15;2216;51;51;16;9.06;87;0;29;41;0;74;25;0.69;1.0;1.0;0;0;41;6.38;9.3;4.06;16.7;345;128;14.82;15.81;1.067;0;1;0;0;0;0;0;0;0;1;0;429;72;165;68;0;102
1619.55;2139;49;49;34;8.68;87;0;28;42;0;73;23;0.68;1.0;1.0;0;0;42;6.12;19.8;3.91;15.5;345;128;14.82;15.81;1.067;0;1;0;0;0;0;0;0;0;1;0;423;109;165;68;0;101
1619.94;2254;50;50;16;8.93;87;0;28;42;0;73;25;0.68;1.0;1.0;0;0;42;6.25;9.3;4.01;16.8;345;128;14.82;13.31;0.898;0;1;0;0;0;0;0;0;0;1;0;424;73;164;68;0;102
1620.37;2280;50;50;26;8.9;88;0;28;42;0;73;25;0.68;1.0;1.0;0;0;42;6.25;15.1;4.0;16.9;345;128;14.93;13.31;0.891;0;1;0;0;0;0;0;0;0;1;0;422;93;163;68;0;101
1620.76;2254;45;45;60;8.12;88;0;25;45;0;68;22;0.66;1.0;1.0;0;0;45;5.62;34.9;3.69;15.3;345;128;14.82;14.21;0.959;0;1;0;0;0;0;0;0;0;1;0;381;160;163;68;0;90
1621.15;2036;43;43;40;7.83;87;0;24;44;0;68;20;0.66;1.0;1.0;0;0;46;5.38;23.3;3.57;13.3;345;128;14.82;14.21;0.959;0;1;0;0;0;0;0;0;0;1;0;382;121;164;68;0;90
1621.56;1819;49;49;61;8.76;87;0;31;39;0;73;20;0.67;1.0;1.0;0;0;39;6.12;35.5;3.94;13.3;345;128;14.7;14.21;0.967;0;1;0;0;0;0;0;0;0;1;0;426;163;164;68;0;102
1621.97;1895;50;50;55;8.91;87;0;30;40;0;74;21;0.68;1.0;1.0;0;0;40;6.25;32.0;4.0;14.1;345;128;14.82;15.81;1.067;0;1;0;0;0;0;0;0;0;1;0;431;150;164;68;0;102
1622.37;1895;51;51;50;9.06;87;0;30;39;0;75;22;0.69;1.0;1.0;0;0;40;6.38;29.1;4.06;14.3;345;128;14.82;15.81;1.067;0;1;0;0;0;0;0;0;0;1;0;436;140;164;68;0;42
1622.77;1947;46;46;48;8.31;87;0;28;42;0;71;20;0.66;1.0;1.0;0;0;42;5.75;27.9;3.76;13.5;345;128;14.82;13.41;0.905;0;1;0;0;0;0;0;0;0;1;0;406;137;164;68;0;100
1623.16;1755;41;41;46;7.62;88;0;27;41;0;64;16;0.66;1.0;1.0;0;0;43;5.12;26.7;3.49;11.1;345;128;14.7;13.41;0.912;0;1;0;0;0;0;0;0;0;1;0;355;133;163;68;0;89
1623.56;1652;42;42;46;7.78;87;0;31;39;0;65;16;0.66;1.0;1.0;0;0;39;5.25;26.7;3.55;10.7;345;128;14.7;13.41;0.912;0;1;0;0;0;0;0;0;0;1;0;365;132;164;68;0;90
1623.98;1806;44;44;45;8.08;89;0;30;41;0;68;18;0.66;1.0;1.0;0;0;40;5.5;26.2;3.68;12.2;345;128;14.7;13.61;0.926;0;1;0;0;0;0;0;0;0;1;0;383;131;162;68;0;90
1624.39;1857;45;45;46;8.21;87;0;29;41;0;69;18;0.66;1.0;1.0;0;0;41;5.62;26.7;3.72;12.7;345;128;14.82;13.61;0.918;0;1;0;0;0;0;0;0;0;1;0;395;132;164;67;0;92
1624.77;1806;45;45;45;8.17;88;0;28;42;0;69;19;0.66;1.0;1.0;0;0;42;5.62;26.2;3.71;12.3;345;128;14.7;14.52;0.988;0;1;0;0;0;0;0;0;0;1;0;393;131;163;67;0;100
1624.99;1895;46;46;46;8.25;88;0;28;42;0;70;19;0.66;1.0;1.0;0;0;42;5.75;26.7;3.74;13.0;345;128;14.82;14.52;0.98;0;1;0;0;0;0;0;0;0;1;0;397;132;163;67;0;99
1625.39;1767;41;41;47;7.5;88;0;25;43;0;63;16;0.65;1.0;1.0;0;0;45;5.12;27.3;3.44;11.0;345;128;14.7;14.52;0.988;0;1;0;0;0;0;0;0;0;1;0;347;134;163;67;0;88
1625.79;1819;42;42;46;7.66;87;0;27;43;0;64;16;0.66;1.0;1.0;0;0;43;5.25;26.7;3.5;11.6;345;128;14.7;13.21;0.899;0;1;0;0;0;0;0;0;0;1;0;354;133;165;67;0;89
1626.19;1729;41;41;47;7.63;87;0;28;42;0;64;16;0.66;1.0;1.0;0;0;42;5.12;27.3;3.49;11.0;345;128;14.7;13.21;0.899;0;1;0;0;0;0;0;0;0;1;0;352;134;165;67;0;89
1626.59;1780;43;43;48;7.81;87;0;27;43;0;65;17;0.66;1.0;1.0;0;0;43;5.38;27.9;3.56;11.6;345;128;14.7;13.21;0.899;0;1;0;0;0;0;0;0;0;1;0;360;136;164;67;0;89
1627.01;1767;43;43;45;7.88;87;0;29;41;0;66;17;0.66;1.0;1.0;0;0;41;5.38;26.2;3.59;11.6;345;128;14.7;14.21;0.967;0;1;0;0;0;0;0;0;0;1;0;368;131;165;67;0;90
1627.4;1819;44;44;40;7.98;87;0;27;43;0;67;18;0.66;1.0;1.0;0;0;43;5.5;23.3;3.63;12.1;345;128;14.7;14.21;0.967;0;1;0;0;0;0;0;0;0;1;0;376;121;165;67;0;41
1627.8;1831;39;39;36;7.18;87;0;27;43;0;62;15;0.64;1.0;1.0;0;0;43;4.88;20.9;3.31;11.0;345;128;14.7;13.01;0.885;0;1;0;0;0;0;0;0;0;1;0;338;113;165;67;0;86
1628.22;1703;37;37;36;6.98;87;0;27;44;0;60;14;0.62;1.0;1.0;0;0;43;4.62;20.9;3.23;9.9;345;128;14.7;13.01;0.885;0;1;0;0;0;0;0;0;0;1;0;326;112;165;67;0;85
1628.62;1806;38;38;36;7.1;86;0;26;42;0;61;15;0.63;1.0;1.0;0;0;44;4.75;20.9;3.27;10.7;345;128;14.7;13.01;0.885;0;1;0;0;0;0;0;0;0;1;0;331;112;165;67;0;85
1629.02;1767;38;38;35;7.08;87;0;28;42;0;61;15;0.63;1.0;1.0;0;0;42;4.75;20.3;3.27;10.4;345;128;14.7;12.51;0.851;0;1;0;0;0;0;0;0;0;1;0;333;110;165;67;0;86
1629.42;1729;37;37;27;6.96;87;0;25;44;0;60;15;0.62;1.0;1.0;0;0;45;4.62;15.7;3.22;10.0;345;128;14.7;12.51;0.851;0;1;0;0;0;0;0;0;0;1;0;323;94;165;67;0;85
1629.84;1703;33;33;21;6.25;86;0;27;43;0;56;12;0.59;1.0;1.0;0;0;43;4.12;12.2;2.93;8.9;345;128;14.7;12.51;0.851;0;1;0;0;0;0;0;0;0;1;0;297;83;166;67;0;83
1630.25;1806;37;37;19;6.9;86;0;27;42;0;60;14;0.62;1.0;1.0;0;0;43;4.62;11.0;3.19;10.4;345;128;14.7;12.51;0.851;0;1;0;0;0;0;0;0;0;1;0;320;78;166;67;0;85
1630.42;1767;37;37;19;6.92;86;0;26;43;0;60;14;0.62;1.0;1.0;0;0;44;4.62;11.0;3.2;10.2;345;128;14.7;12.51;0.851;0;1;0;0;0;0;0;0;0;1;0;324;78;166;67;0;85
1630.82;1665;27;27;16;5.36;87;0;25;43;0;53;10;0.52;1.0;1.0;0;0;45;3.38;9.3;2.58;7.4;345;128;14.7;11.71;0.797;0;1;0;0;0;0;0;0;0;1;0;270;72;165;67;0;77
1631.23;1639;17;17;12;3.85;86;0;37;32;0;47;6;0.38;1.0;1.0;0;0;33;2.12;7.0;1.97;5.3;345;128;14.7;11.71;0.797;0;1;0;0;0;0;0;0;0;1;0;226;64;166;67;0;74
1631.64;1537;16;16;11;3.68;87;0;38;32;0;46;5;0.37;1.0;1.0;0;0;32;2.0;6.4;1.91;4.7;345;128;14.7;11.71;0.797;0;1;0;0;0;0;0;0;0;1;0;220;62;165;67;0;73
1632.05;1511;17;17;11;3.72;86;0;38;32;0;46;5;0.37;1.0;1.0;0;0;32;2.12;6.4;1.92;4.7;345;128;14.7;12.51;0.851;0;1;0;0;0;0;0;0;0;1;0;219;63;166;67;0;73
1632.46;1562;17;17;12;3.82;86;0;37;33;0;47;6;0.38;1.0;1.0;0;0;33;2.12;7.0;1.96;5.0;345;128;14.7;12.51;0.851;0;1;0;0;0;0;0;0;0;1;0;228;64;164;67;0;72
1632.85;1639;20;20;25;4.28;87;0;33;37;0;49;7;0.42;1.0;1.0;0;0;37;2.5;14.5;2.15;5.8;345;128;14.7;14.11;0.96;0;1;0;0;0;0;0;0;0;1;0;243;91;165;67;0;75
1633.26;1601;20;20;15;4.27;86;0;32;38;0;49;7;0.41;1.0;1.0;0;0;38;2.5;8.7;2.14;5.7;345;128;14.7;14.11;0.96;0;1;0;0;0;0;0;0;0;1;0;246;71;166;67;0;75
1633.67;1703;20;20;16;4.3;86;0;32;38;0;49;7;0.42;1.0;1.0;0;0;38;2.5;9.3;2.15;6.1;345;128;14.7;14.11;0.96;0;1;0;0;0;0;0;0;0;1;0;244;72;166;67;0;75
1634.08;1588;17;17;16;3.82;86;0;38;32;0;47;6;0.38;1.0;1.0;0;0;32;2.12;9.3;1.96;5.1;345;128;14.7;13.21;0.899;0;1;0;0;0;0;0;0;0;1;0;225;73;166;67;0;74
1634.46;1601;18;18;17;3.97;86;0;37;34;0;48;6;0.39;1.0;1.0;0;0;33;2.25;9.9;2.02;5.3;345;128;14.7;13.21;0.899;0;1;0;0;0;0;0;0;0;1;0;234;75;166;67;0;38
1634.86;1665;19;19;17;4.17;86;0;33;37;0;49;7;0.42;1.0;1.0;0;0;37;2.38;9.9;2.1;5.8;345;128;14.7;14.31;0.973;0;1;0;0;0;0;0;0;0;1;0;241;74;166;67;0;75
1635.26;1639;20;20;17;4.28;87;0;33;37;0;49;7;0.42;1.0;1.0;0;0;37;2.5;9.9;2.15;5.8;345;128;14.7;14.31;0.973;0;1;0;0;0;0;0;0;0;1;0;244;74;166;67;0;75
1635.67;1562;20;20;17;4.32;86;0;32;38;0;49;7;0.41;1.0;1.0;0;0;38;2.5;9.9;2.16;5.6;345;128;14.7;14.31;0.973;0;1;0;0;0;0;0;0;0;1;0;246;74;166;67;0;75
1635.89;1601;24;24;18;4.83;87;0;31;39;0;52;8;0.48;1.0;1.0;0;0;39;3.0;10.5;2.37;6.4;345;128;14.7;14.01;0.953;0;1;0;0;0;0;0;0;0;1;0;261;77;164;67;0;77
1636.27;1601;24;24;18;4.85;86;0;31;39;0;51;9;0.46;1.0;1.0;0;0;39;3.0;10.5;2.37;6.5;345;128;14.7;14.01;0.953;0;1;0;0;0;0;0;0;0;1;0;259;76;166;67;0;76
1636.69;1665;26;26;16;5.18;87;0;29;40;0;52;9;0.49;1.0;1.0;0;0;41;3.25;9.3;2.51;7.2;345;128;14.7;14.01;0.953;0;1;0;0;0;0;0;0;0;1;0;267;72;164;67;0;77
1637.09;1755;33;33;18;6.33;87;0;26;44;0;56;13;0.59;1.0;1.0;0;0;44;4.12;10.5;2.97;9.3;345;128;14.7;15.41;1.048;0;1;0;0;0;0;0;0;0;1;0;295;76;165;67;0;82
1637.49;1716;34;34;19;6.51;87;0;26;44;0;57;13;0.6;1.0;1.0;0;0;44;4.25;11.0;3.04;9.3;345;128;14.7;15.41;1.048;0;1;0;0;0;0;0;0;0;1;0;302;79;165;67;0;83
1637.9;1857;38;38;26;12;87;181;28;42;0;61;15;0.63;1.0;1.0;0;0;42;4.75;15.1;5.1;18.0;345;128;14.82;12.11;0.817;0;1;0;0;0;0;0;0;0;1;0;334;92;164;67;0;86
1638.3;1665;32;32;39;6.18;87;0;26;44;0;56;12;0.59;1.0;1.0;0;0;44;4.0;22.7;2.91;8.6;345;128;14.7;12.11;0.824;0;1;0;0;0;0;0;0;0;1;0;293;119;164;67;0;83
1638.69;1755;33;33;30;6.26;87;0;27;43;0;56;12;0.59;1.0;1.0;0;0;43;4.12;17.4;2.94;9.2;345;128;14.7;12.11;0.824;0;1;0;0;0;0;0;0;0;1;0;297;100;165;67;0;83
1639.1;1780;34;34;32;6.48;87;0;26;43;0;57;13;0.6;1.0;1.0;0;0;44;4.25;18.6;3.03;9.6;345;128;14.7;13.91;0.946;0;1;0;0;0;0;0;0;0;1;0;300;104;164;67;0;83
1639.51;1691;34;34;30;6.45;88;0;27;44;0;57;13;0.6;1.0;1.0;0;0;43;4.25;17.4;3.02;9.1;345;128;14.7;13.91;0.946;0;1;0;0;0;0;0;0;0;1;0;306;100;163;67;0;84
1639.91;1806;37;37;30;6.96;87;0;25;45;0;60;15;0.62;1.0;1.0;0;0;45;4.62;17.4;3.22;10.5;345;128;14.7;11.41;0.776;0;1;0;0;0;0;0;0;0;1;0;323;100;164;67;0;85
1640.3;1767;42;42;35;7.65;88;0;26;44;0;64;17;0.66;1.0;1.0;0;0;44;5.25;20.3;3.5;11.3;345;128;14.7;11.41;0.776;0;1;0;0;0;0;0;0;0;1;0;352;110;163;67;0;89
1640.71;1870;38;38;53;7.03;87;0;27;44;0;61;16;0.63;1.0;1.0;0;0;43;4.75;30.8;3.25;11.0;345;128;14.82;11.41;0.77;0;1;0;0;0;0;0;0;0;1;0;330;147;164;67;0;85
1641.11;1870;37;37;53;6.92;88;0;26;44;0;60;15;0.62;1.0;1.0;0;0;44;4.62;30.8;3.21;10.8;345;128;14.82;13.91;0.939;0;1;0;0;0;0;0;0;0;1;0;322;146;163;67;0;85
1641.51;1883;38;38;52;7.01;87;0;26;44;0;60;15;0.62;1.0;1.0;0;0;44;4.75;30.2;3.24;11.0;345;128;14.82;13.91;0.939;0;1;0;0;0;0;0;0;0;1;0;325;144;164;67;0;85
1641.72;1767;39;39;52;7.13;87;0;25;45;0;61;16;0.63;1.0;1.0;0;0;45;4.88;30.2;3.29;10.5;345;128;14.7;13.91;0.946;0;1;0;0;0;0;0;0;0;1;0;334;145;164;66;0;82
1642.14;1755;22;22;40;4.51;87;0;29;41;0;50;8;0.45;1.0;1.0;0;0;41;2.75;23.3;2.24;6.6;345;128;14.7;13.31;0.905;0;1;0;0;0;0;0;0;0;1;0;248;120;165;67;0;76
1642.52;1614;17;17;14;3.76;87;0;39;31;0;46;6;0.37;1.0;1.0;0;0;31;2.12;8.1;1.94;5.1;345;128;14.7;13.31;0.905;0;1;0;0;0;0;0;0;0;1;0;217;68;165;67;0;57
1642.92;1588;20;20;12;4.33;87;0;33;37;0;49;7;0.41;1.0;1.0;0;0;37;2.5;7.0;2.17;5.7;345;128;14.7;15.01;1.021;0;1;0;0;0;0;0;0;0;1;0;244;65;165;67;0;76
1643.34;1691;24;24;13;4.9;86;0;29;40;0;51;9;0.47;1.0;1.0;0;0;41;3.0;7.6;2.39;6.9;345;128;14.7;15.01;1.021;0;1;0;0;0;0;0;0;0;1;0;258;67;166;67;0;77
1643.74;1665;31;31;27;5.93;87;0;26;44;0;55;12;0.56;1.0;1.0;0;0;44;3.88;15.7;2.81;8.2;345;128;14.7;15.01;1.021;0;1;0;0;0;0;0;0;0;1;0;286;94;165;67;0;82
1644.14;1831;34;34;14;11;87;181;26;44;0;57;13;0.6;1.0;1.0;0;0;44;4.25;8.1;4.83;16.8;345;128;14.7;11.61;0.79;0;1;0;0;0;0;0;0;0;1;0;300;69;164;67;0;83
1644.54;1767;31;31;24;5.91;87;0;26;44;0;55;12;0.56;1.0;1.0;0;0;44;3.88;14.0;2.8;8.7;345;128;14.7;11.61;0.79;0;1;0;0;0;0;0;0;0;1;0;289;88;165;67;0;82
1644.95;1537;16;16;7;3.57;86;0;38;33;0;45;5;0.36;1.0;1.0;0;0;32;2.0;4.1;1.86;4.6;345;128;14.7;12.01;0.817;0;1;0;0;0;0;0;0;0;1;0;214;54;166;67;0;73
1645.35;1588;17;17;4;3.73;87;0;37;33;0;46;5;0.37;1.0;1.0;0;0;33;2.12;2.3;1.93;4.9;345;128;14.7;12.01;0.817;0;1;0;0;0;0;0;0;0;1;0;221;48;164;67;0;73
1645.74;1537;19;19;17;4.16;87;0;35;35;0;48;6;0.39;1.0;1.0;0;0;35;2.38;9.9;2.1;5.3;345;128;14.7;12.01;0.817;0;1;0;0;0;0;0;0;0;1;0;239;74;165;67;0;74
1646.15;1601;17;17;29;3.76;87;0;36;33;0;46;6;0.37;1.0;1.0;0;0;34;2.12;16.9;1.94;5.0;345;128;14.7;12.91;0.878;0;1;0;0;0;0;0;0;0;1;0;223;98;165;67;0;57
1646.55;1588;16;16;37;3.7;86;0;39;32;0;46;5;0.37;1.0;1.0;0;0;31;2.0;21.5;1.91;4.9;345;128;14.7;12.91;0.878;0;1;0;0;0;0;0;0;0;1;0;217;114;166;67;0;70
1646.95;1486;20;20;27;4.22;86;0;34;37;0;49;7;0.41;1.0;1.0;0;0;36;2.5;15.7;2.12;5.2;345;128;14.7;12.41;0.844;0;1;0;0;0;0;0;0;0;1;0;246;95;166;67;0;75
1647.35;1614;18;18;41;3.93;87;0;34;36;0;48;6;0.39;1.0;1.0;0;0;36;2.25;23.8;2.01;5.3;345;128;14.7;12.41;0.844;0;1;0;0;0;0;0;0;0;1;0;232;122;165;67;0;74
1647.56;1486;16;16;39;3.63;87;0;39;31;0;45;5;0.36;1.0;1.0;0;0;31;2.0;22.7;1.89;4.5;345;128;14.7;12.41;0.844;0;1;0;0;0;0;0;0;0;1;0;213;119;165;67;0;73
1647.96;1434;16;16;36;3.58;87;0;40;31;0;45;5;0.36;1.0;1.0;0;0;30;2.0;20.9;1.87;4.3;345;128;14.7;13.31;0.905;0;1;0;0;0;0;0;0;0;1;0;213;112;165;67;0;56
1648.35;1434;16;16;28;3.63;87;0;38;32;0;45;5;0.36;1.0;1.0;0;0;32;2.0;16.3;1.89;4.3;345;128;14.7;13.31;0.905;0;1;0;0;0;0;0;0;0;1;0;213;97;165;67;0;73
1648.77;1422;16;16;22;3.71;87;0;38;32;0;46;5;0.37;1.0;1.0;0;0;32;2.0;12.8;1.92;4.4;345;128;14.7;13.31;0.905;0;1;0;0;0;0;0;0;0;1;0;217;85;165;67;0;73
1649.17;1422;16;16;28;3.61;87;0;38;32;0;45;5;0.36;1.0;1.0;0;0;32;2.0;16.3;1.88;4.3;345;128;14.7;13.41;0.912;0;1;0;0;0;0;0;0;0;1;0;212;96;165;67;0;73
1649.56;1486;16;16;29;3.7;88;0;39;31;0;46;5;0.37;1.0;1.0;0;0;31;2.0;16.9;1.92;4.6;345;128;14.7;13.41;0.912;0;1;0;0;0;0;0;0;0;1;0;217;98;163;67;0;70
1649.98;1396;16;16;5;3.68;87;0;38;32;0;46;5;0.37;1.0;1.0;0;0;32;2.0;2.9;1.91;4.3;345;128;14.7;13.11;0.892;0;1;0;0;0;0;0;0;0;1;0;221;51;165;67;0;73
1650.37;1486;17;17;1;3.72;86;0;40;20;0;46;5;0.37;1.0;1.0;0;0;30;2.12;0.6;1.92;4.6;345;128;14.7;13.11;0.892;0;1;0;0;0;1;0;0;0;1;0;220;42;166;67;0;74
1650.79;1345;16;16;1;3.7;86;0;50;20;0;47;5;0.38;1.0;1.0;0;0;20;2.0;0.6;1.91;4.1;345;128;14.7;13.11;0.892;0;1;0;0;0;1;0;0;0;1;0;224;42;166;67;0;73
1651.18;1306;18;18;1;4.0;86;0;50;20;0;48;5;0.39;1.0;1.0;0;0;20;2.25;0.6;2.03;4.4;345;128;14.7;14.11;0.96;0;1;0;0;0;1;0;0;0;1;0;236;42;166;67;0;74
1651.59;1498;27;27;3;5.31;87;0;34;40;0;53;8;0.51;1.0;1.0;0;0;36;3.38;1.7;2.56;6.6;345;128;14.7;14.11;0.96;0;1;0;0;0;0;0;0;0;1;0;275;46;164;67;0;77
1651.99;1486;25;25;3;5.0;86;0;30;40;0;52;8;0.48;1.0;1.0;0;0;40;3.12;1.7;2.43;6.2;345;128;14.7;13.21;0.899;0;1;0;0;0;0;0;0;0;1;0;260;46;166;67;0;77
1652.38;1434;18;18;1;3.95;86;0;44;20;0;48;6;0.39;1.0;1.0;0;0;26;2.25;0.6;2.01;4.7;345;128;14.7;13.21;0.899;0;1;0;0;0;1;0;0;0;1;0;235;42;166;67;0;74
1652.78;1165;22;22;1;4.62;86;0;53;20;0;51;6;0.45;1.0;1.0;0;0;17;2.75;0.6;2.28;4.5;345;128;14.7;13.21;0.899;0;1;0;0;0;1;0;0;0;1;0;253;42;166;68;0;72
1653.2;1422;23;23;10;4.76;87;0;33;38;0;51;7;0.46;1.0;1.0;0;0;37;2.88;5.8;2.34;5.6;345;128;14.7;14.51;0.987;0;1;0;0;0;0;0;0;0;1;0;252;61;164;68;0;76
1653.4;1537;35;35;33;6.57;86;0;29;42;0;58;12;0.6;1.0;1.0;0;0;41;4.38;19.2;3.06;8.4;345;128;14.7;14.51;0.987;0;1;0;0;0;0;0;0;0;1;0;308;106;166;68;0;84
1653.81;1537;35;35;30;6.52;86;0;29;42;0;58;12;0.6;1.0;1.0;0;0;41;4.38;17.4;3.04;8.4;345;128;14.7;14.51;0.987;0;1;0;0;0;0;0;0;0;1;0;308;101;166;68;0;84
1654.19;1562;34;34;28;6.51;87;0;30;41;0;58;12;0.6;1.0;1.0;0;0;40;4.25;16.3;3.04;8.5;345;128;14.7;12.71;0.865;0;1;0;0;0;0;0;0;0;1;0;314;96;166;67;0;84
1654.61;1665;35;35;27;6.58;87;0;29;41;0;58;12;0.61;1.0;1.0;0;0;41;4.38;15.7;3.07;9.1;345;128;14.7;12.71;0.865;0;1;0;0;0;0;0;0;0;1;0;314;94;165;67;0;91
1655.0;1652;35;35;27;6.66;87;0;28;42;0;58;13;0.61;1.0;1.0;0;0;42;4.38;15.7;3.1;9.2;345;128;14.7;14.21;0.967;0;1;0;0;0;0;0;0;0;1;0;313;95;165;67;0;84
1655.41;1614;39;39;26;7.28;87;0;28;42;0;62;14;0.63;1.0;1.0;0;0;42;4.88;15.1;3.35;9.8;345;128;14.7;14.21;0.967;0;1;0;0;0;0;0;0;0;1;0;341;93;165;67;0;86
1655.82;1665;41;41;28;7.53;87;0;28;42;0;63;15;0.65;1.0;1.0;0;0;42;5.12;16.3;3.45;10.4;345;128;14.7;14.21;0.967;0;1;0;0;0;0;0;0;0;1;0;344;96;164;67;0;84
1656.23;1614;41;41;33;7.51;87;0;29;41;0;64;15;0.65;1.0;1.0;0;0;41;5.12;19.2;3.44;10.1;345;128;14.7;13.41;0.912;0;1;0;0;0;0;0;0;0;1;0;358;107;164;67;0;89
1656.61;1806;43;43;9;7.86;87;0;28;42;0;65;17;0.66;1.0;1.0;0;0;42;5.38;5.2;3.58;11.8;345;128;14.7;13.41;0.912;0;1;0;0;0;0;0;0;0;1;0;366;59;164;67;0;90
1657.01;1703;45;45;12;8.21;87;0;30;40;0;70;18;0.66;1.0;1.0;0;0;40;5.62;7.0;3.72;11.7;345;128;14.7;15.52;1.056;0;1;0;0;0;0;0;0;0;1;0;402;65;164;67;0;100
1657.42;1895;48;48;13;8.56;87;0;28;42;0;72;20;0.66;1.0;1.0;0;0;42;6.0;7.6;3.86;13.5;345;128;14.82;15.52;1.047;0;1;0;0;0;0;0;0;0;1;0;417;67;165;67;0;101
1657.84;1921;47;47;13;8.48;87;0;28;42;0;72;21;0.66;1.0;1.0;0;0;42;5.88;7.6;3.83;13.6;345;128;14.82;15.52;1.047;0;1;0;0;0;0;0;0;0;1;0;413;67;165;67;0;101
1658.24;1729;42;42;12;7.66;87;0;28;42;0;65;17;0.66;1.0;1.0;0;0;42;5.25;7.0;3.5;11.0;345;128;14.7;14.11;0.96;0;1;0;0;0;0;0;0;0;1;0;363;65;164;67;0;89
1658.64;1755;43;43;12;7.88;87;0;30;41;0;66;17;0.66;1.0;1.0;0;0;40;5.38;7.0;3.59;11.5;345;128;14.7;14.11;0.96;0;1;0;0;0;0;0;0;0;1;0;374;65;164;67;0;90
1658.83;1895;47;47;12;8.53;87;0;29;41;0;71;19;0.66;1.0;1.0;0;0;41;5.88;7.0;3.85;13.5;345;128;14.82;14.11;0.952;0;1;0;0;0;0;0;0;0;1;0;404;65;164;67;0;99
1659.23;1857;46;46;13;8.22;88;0;28;43;0;70;19;0.66;1.0;1.0;0;0;42;5.75;7.6;3.73;12.7;345;128;14.82;15.42;1.04;0;1;0;0;0;0;0;0;0;1;0;402;66;163;67;0;86
1659.64;1806;46;46;13;8.28;87;0;29;41;0;70;18;0.66;1.0;1.0;0;0;41;5.75;7.6;3.75;12.5;345;128;14.7;15.42;1.049;0;1;0;0;0;0;0;0;0;1;0;402;67;164;67;0;86
1660.05;1947;52;52;16;9.21;87;0;31;39;0;75;22;0.69;1.0;1.0;0;0;39;6.5;9.3;4.12;14.9;345;128;14.82;17.22;1.162;0;1;0;0;0;0;0;0;0;1;0;442;73;164;67;0;104
1660.44;2088;63;63;21;11;88;0;37;33;0;82;29;0.76;1.0;1.0;0;0;33;7.88;12.2;4.97;19.7;345;128;14.04;17.22;1.226;0;1;0;0;0;0;0;0;0;1;0;490;82;163;67;0;108
1660.84;2267;74;74;29;13;90;0;44;26;0;89;37;0.82;1.0;1.0;0;0;26;9.25;16.9;5.77;25.1;345;128;14.04;17.22;1.226;0;1;0;0;0;0;0;0;0;1;0;544;98;161;67;0;147
1661.26;2600;96;96;60;20;90;0;49;22;-1;103;55;0.91;1.0;1.0;0;0;21;12.0;34.9;8.37;42.9;345;128;11.91;12.01;1.008;0;1;0;0;0;0;0;0;0;1;0;647;160;160;67;0;153
1661.64;2766;93;93;96;19;92;0;51;20;-1;105;59;0.89;1.0;1.0;0;0;19;11.62;55.8;7.95;43.1;345;128;12.06;12.01;0.996;0;1;0;0;0;0;0;0;0;1;0;664;233;157;67;0;154
1662.05;2882;92;92;101;18;92;0;50;20;-1;105;60;0.87;1.0;1.0;0;0;20;11.5;58.7;7.74;43.7;345;128;12.06;12.61;1.046;0;1;0;0;0;0;0;0;0;1;0;663;243;157;67;0;154
1662.45;2920;91;91;101;18;91;0;49;21;0;105;60;0.87;1.0;1.0;0;0;21;11.38;58.7;7.66;43.8;345;128;12.06;12.61;1.046;0;1;0;0;0;0;0;0;0;1;0;663;243;159;67;0;154
1662.85;2946;91;91;102;18;91;0;49;21;0;105;61;0.87;1.0;1.0;0;0;21;11.38;59.3;7.7;44.5;345;128;12.06;12.61;1.046;0;1;0;0;0;0;0;0;0;1;0;662;244;159;67;0;154
1663.27;2933;91;91;102;18;91;0;49;20;1;105;61;0.87;1.0;1.0;0;0;21;11.38;59.3;7.64;43.9;345;128;12.06;12.81;1.062;0;1;0;0;0;0;0;0;0;1;0;660;244;159;67;0;114
1663.68;2830;50;50;12;9.11;91;0;33;42;1;74;33;0.68;1.0;1.0;0;0;37;6.25;7.0;4.1;21.5;345;128;14.7;12.81;0.871;0;1;0;0;0;0;0;0;0;1;0;433;64;159;67;0;102
1664.07;2164;17;17;5;3.78;89;0;32;38;0;47;8;0.38;1.0;1.0;0;0;38;2.12;2.9;1.96;6.8;345;128;14.82;11.91;0.804;0;1;0;0;0;0;0;0;0;1;0;224;51;162;68;0;74
1664.48;1806;31;31;7;5.93;89;0;27;43;0;55;12;0.56;1.0;1.0;0;0;43;3.88;4.1;2.82;8.9;345;128;14.7;11.91;0.81;0;1;0;0;0;0;0;0;0;1;0;291;54;162;67;0;82
1664.68;1831;38;38;7;7.13;89;0;25;45;0;61;16;0.63;1.0;1.0;0;0;45;4.75;4.1;3.3;10.9;345;128;14.7;11.91;0.81;0;1;0;0;0;0;0;0;0;1;0;331;55;162;67;0;86
1665.08;1857;39;39;9;7.35;90;0;26;45;0;62;16;0.64;1.0;1.0;0;0;44;4.88;5.2;3.39;11.4;345;128;14.82;13.51;0.912;0;1;0;0;0;0;0;0;0;1;0;343;59;162;67;0;88
1665.48;1870;41;41;10;7.57;90;0;25;45;0;63;17;0.65;1.0;1.0;0;0;45;5.12;5.8;3.48;11.8;345;128;14.82;13.51;0.912;0;1;0;0;0;0;0;0;0;1;0;348;60;161;67;0;88
1665.89;1857;42;42;10;7.68;89;0;27;43;0;65;17;0.66;1.0;1.0;0;0;43;5.25;5.8;3.52;11.9;345;128;14.82;13.51;0.912;0;1;0;0;0;0;0;0;0;1;0;361;61;162;68;0;89
1666.27;1806;42;42;10;7.75;88;0;27;45;0;64;17;0.66;1.0;1.0;0;0;43;5.25;5.8;3.54;11.7;345;128;14.7;13.81;0.939;0;1;0;0;0;0;0;0;0;1;0;359;61;163;68;0;89
1666.68;1934;43;43;11;7.91;87;0;26;44;0;67;18;0.66;1.0;1.0;0;0;44;5.38;6.4;3.6;12.7;345;128;14.82;13.81;0.932;0;1;0;0;0;0;0;0;0;1;0;377;62;164;68;0;91
1667.08;1780;44;44;11;7.91;87;0;28;42;0;67;18;0.66;1.0;1.0;0;0;42;5.5;6.4;3.6;11.7;345;128;14.7;14.11;0.96;0;1;0;0;0;0;0;0;0;1;0;379;63;165;68;0;90
1667.48;1895;44;44;11;8.08;87;0;27;43;0;68;18;0.66;1.0;1.0;0;0;43;5.5;6.4;3.67;12.8;345;128;14.82;14.11;0.952;0;1;0;0;0;0;0;0;0;1;0;386;63;165;68;0;90
1667.91;1857;45;45;11;8.02;86;0;28;43;0;69;19;0.66;1.0;1.0;0;0;42;5.62;6.4;3.64;12.4;345;128;14.82;14.11;0.952;0;1;0;0;0;0;0;0;0;1;0;389;63;166;68;0;88
1668.29;1806;39;39;10;7.17;86;0;26;43;0;61;15;0.63;1.0;1.0;0;0;44;4.88;5.8;3.3;10.8;345;128;14.7;12.91;0.878;0;1;0;0;0;0;0;0;0;1;0;335;61;166;68;0;41
1668.69;1691;38;38;9;7.12;86;0;27;43;0;61;15;0.63;1.0;1.0;0;0;43;4.75;5.2;3.28;10.0;345;128;14.7;12.91;0.878;0;1;0;0;0;0;0;0;0;1;0;328;58;166;67;0;81
1669.1;1550;18;18;1;3.97;86;0;41;20;0;48;6;0.39;1.0;1.0;0;0;29;2.25;0.6;2.02;5.1;345;128;14.7;11.21;0.763;0;1;0;0;0;1;0;0;0;1;0;235;42;166;68;0;74
1669.52;1165;19;19;1;4.16;87;0;54;20;0;49;5;0.4;1.0;1.0;0;0;16;2.38;0.6;2.1;4.0;345;128;14.7;11.21;0.763;0;1;0;0;0;1;0;0;0;1;0;245;42;165;68;0;75
1669.9;1332;17;17;1;3.81;85;0;50;20;0;47;5;0.38;1.0;1.0;0;0;20;2.12;0.6;1.95;4.2;345;128;14.7;11.21;0.763;0;1;0;0;0;1;0;0;0;1;0;226;42;168;68;0;74
1670.32;1345;17;17;1;3.81;85;0;50;20;0;47;5;0.38;1.0;1.0;0;0;20;2.12;0.6;1.95;4.3;345;128;14.7;12.91;0.878;0;1;0;0;0;1;0;0;0;1;0;226;42;167;68;0;74
1670.51;1383;17;17;1;3.81;85;0;50;20;0;47;5;0.38;1.0;1.0;0;0;20;2.12;0.6;1.95;4.4;345;128;14.7;12.91;0.878;0;1;0;0;0;1;0;0;0;1;0;228;42;167;68;0;38
1670.92;1255;17;17;1;3.86;87;0;50;20;0;47;5;0.38;1.0;1.0;0;0;20;2.12;0.6;1.98;4.0;345;128;14.7;12.91;0.878;0;1;0;0;0;1;0;0;0;1;0;224;42;165;68;0;74
1671.31;1229;17;17;1;3.77;86;0;50;20;0;46;4;0.37;1.0;1.0;0;0;20;2.12;0.6;1.94;3.9;345;128;14.7;13.11;0.892;0;1;0;0;0;1;0;0;0;1;0;223;42;166;68;0;73
1671.72;1229;16;16;1;3.65;86;0;50;20;0;46;4;0.37;1.0;1.0;0;0;20;2.0;0.6;1.89;3.7;345;128;14.7;13.11;0.892;0;1;0;0;0;1;0;0;0;1;0;222;42;166;68;0;70
1672.12;1153;16;16;1;3.71;87;0;50;20;0;47;4;0.36;1.0;1.0;0;0;20;2.0;0.6;1.92;3.6;345;128;14.7;13.91;0.946;0;1;0;0;0;1;0;0;0;1;0;228;42;166;68;0;74
1672.52;1165;16;16;1;3.57;86;0;50;20;0;46;4;0.35;1.0;1.0;0;0;20;2.0;0.6;1.86;3.5;345;128;14.7;13.91;0.946;0;1;0;0;0;1;0;0;0;1;0;223;42;166;68;0;74
1672.92;1101;16;16;1;3.62;86;0;50;20;0;46;4;0.35;1.0;1.0;0;0;20;2.0;0.6;1.88;3.3;345;128;14.7;13.91;0.946;0;1;0;0;0;1;0;0;0;1;0;223;42;166;68;0;73
1673.34;1114;16;16;1;3.6;86;0;50;20;0;47;4;0.36;1.0;1.0;0;0;20;2.0;0.6;1.87;3.3;345;128;14.7;13.21;0.899;0;1;0;0;0;1;0;0;0;1;0;226;42;166;68;0;74
1673.73;1037;16;16;1;3.7;86;0;50;20;0;47;4;0.35;1.0;1.0;0;0;20;2.0;0.6;1.91;3.2;345;128;14.7;13.21;0.899;0;1;0;0;0;1;0;0;0;1;0;230;42;166;68;0;74
1674.12;1063;16;16;1;3.68;87;0;50;20;0;47;4;0.35;1.0;1.0;0;0;20;2.0;0.6;1.91;3.3;345;128;14.7;14.11;0.96;0;1;0;0;0;1;0;0;0;1;0;229;42;165;68;0;74
1674.55;1140;27;27;3;5.33;87;0;35;35;0;54;6;0.51;1.0;1.0;0;0;35;3.38;1.7;2.57;5.1;345;128;14.7;14.11;0.96;0;1;0;0;0;0;0;0;0;1;0;283;47;164;68;0;82
1674.95;1396;37;37;5;6.86;87;0;33;38;0;60;11;0.61;1.0;1.0;0;0;37;4.62;2.9;3.18;8.0;345;128;14.7;14.11;0.96;0;1;0;0;0;0;0;0;0;1;0;325;50;164;67;0;84
1675.34;1550;42;42;7;7.68;87;0;32;37;0;65;14;0.65;1.0;1.0;0;0;38;5.25;4.1;3.51;9.9;345;128;14.7;16.01;1.089;0;1;0;0;0;0;0;0;0;1;0;367;54;165;68;0;90
1675.75;1601;43;43;9;7.81;87;0;32;38;0;67;15;0.65;1.0;1.0;0;0;38;5.38;5.2;3.56;10.4;345;128;14.7;16.01;1.089;0;1;0;0;0;0;0;0;0;1;0;379;59;164;68;0;90
1676.15;1691;45;45;9;8.11;87;0;30;39;0;67;16;0.66;1.0;1.0;0;0;40;5.62;5.2;3.68;11.4;345;128;14.7;14.71;1.001;0;1;0;0;0;0;0;0;0;1;0;378;59;165;68;0;90
1676.35;1691;44;44;10;7.96;87;0;32;38;0;68;16;0.66;1.0;1.0;0;0;38;5.5;5.8;3.62;11.2;345;128;14.7;14.71;1.001;0;1;0;0;0;0;0;0;0;1;0;381;60;165;68;0;86
1676.75;1652;44;44;10;8.03;87;0;31;39;0;68;16;0.66;1.0;1.0;0;0;39;5.5;5.8;3.65;11.1;345;128;14.7;14.71;1.001;0;1;0;0;0;0;0;0;0;1;0;381;61;165;68;0;91
1677.17;1639;48;48;14;8.61;87;0;33;37;0;72;18;0.66;1.0;1.0;0;0;37;6.0;8.1;3.88;11.8;345;128;14.7;14.41;0.98;0;1;0;0;0;0;0;0;0;1;0;413;69;164;68;0;89
1677.54;1947;59;59;19;11;88;0;36;34;0;80;26;0.73;1.0;1.0;0;0;34;7.38;11.0;4.68;17.2;345;128;14.82;14.41;0.972;0;1;0;0;0;0;0;0;0;1;0;476;79;163;67;0;36
1677.95;1985;56;56;19;9.88;87;0;34;36;0;79;25;0.72;1.0;1.0;0;0;36;7.0;11.0;4.39;16.3;345;128;14.82;14.41;0.972;0;1;0;0;0;0;0;0;0;1;0;465;79;164;68;0;106
1678.35;1972;55;55;19;9.61;87;0;35;39;0;77;24;0.7;1.0;1.0;0;0;35;6.88;11.0;4.28;15.8;345;128;14.82;14.52;0.98;0;1;0;0;0;0;0;0;0;1;0;452;79;164;67;0;105
1678.77;1934;55;55;19;9.66;87;0;33;36;0;78;24;0.71;1.0;1.0;0;0;37;6.88;11.0;4.3;15.6;345;128;14.82;14.52;0.98;0;1;0;0;0;0;0;0;0;1;0;459;79;164;67;0;104
1679.15;1947;55;55;19;9.73;87;0;33;37;0;78;24;0.71;1.0;1.0;0;0;37;6.88;11.0;4.33;15.8;345;128;14.82;15.72;1.061;0;1;0;0;0;0;0;0;0;1;0;460;79;164;67;0;102
1679.58;1921;56;56;19;9.83;87;0;33;37;0;78;25;0.71;1.0;1.0;0;0;37;7.0;11.0;4.37;15.7;345;128;14.82;15.72;1.061;0;1;0;0;0;0;0;0;0;1;0;457;79;164;68;0;106
1679.96;2036;56;56;19;9.77;88;0;34;36;0;78;25;0.71;1.0;1.0;0;0;36;7.0;11.0;4.35;16.6;345;128;14.82;15.72;1.061;0;1;0;0;0;0;0;0;0;1;0;456;79;163;67;0;105
1680.37;2036;55;55;19;9.7;88;0;32;38;0;78;25;0.71;1.0;1.0;0;0;38;6.88;11.0;4.32;16.5;345;128;14.82;15.91;1.074;0;1;0;0;0;0;0;0;0;1;0;459;79;163;67;0;106
1680.78;2062;55;55;19;9.75;88;0;34;37;0;78;25;0.72;1.0;1.0;0;0;36;6.88;11.0;4.34;16.8;345;128;14.82;15.91;1.074;0;1;0;0;0;0;0;0;0;1;0;459;79;163;67;0;98
1681.18;2062;56;56;19;9.81;89;0;33;37;0;78;25;0.72;1.0;1.0;0;0;37;7.0;11.0;4.37;16.9;345;128;14.82;15.02;1.013;0;1;0;0;0;0;0;0;0;1;0;461;79;162;67;0;106
1681.58;2049;56;56;19;9.83;89;0;32;38;0;78;25;0.72;1.0;1.0;0;0;38;7.0;11.0;4.38;16.8;345;128;14.82;15.02;1.013;0;1;0;0;0;0;0;0;0;1;0;460;79;162;67;0;106
1681.98;2036;56;56;19;9.8;88;0;34;36;0;78;25;0.71;1.0;1.0;0;0;36;7.0;11.0;4.36;16.6;345;128;14.82;15.02;1.013;0;1;0;0;0;0;0;0;0;1;0;462;79;163;67;0;100
1682.2;1998;56;56;19;9.83;89;0;34;36;0;78;25;0.71;1.0;1.0;0;0;36;7.0;11.0;4.38;16.4;345;128;14.82;15.22;1.027;0;1;0;0;0;0;0;0;0;1;0;462;79;162;67;0;106
1682.58;2036;55;55;19;9.68;89;0;32;38;0;78;25;0.71;1.0;1.0;0;0;38;6.88;11.0;4.32;16.4;345;128;14.82;15.22;1.027;0;1;0;0;0;0;0;0;0;1;0;458;79;162;67;0;105
1683.0;1819;42;42;13;7.75;88;0;28;42;0;65;17;0.66;1.0;1.0;0;0;42;5.25;7.6;3.54;11.7;345;128;14.7;15.22;1.035;0;1;0;0;0;0;0;0;0;1;0;364;67;163;67;0;84
1683.39;1703;44;44;13;7.97;88;0;30;42;0;67;17;0.66;1.0;1.0;0;0;40;5.5;7.6;3.63;11.3;345;128;14.7;16.11;1.096;0;1;0;0;0;0;0;0;0;1;0;378;67;163;67;0;85
1683.8;1767;43;43;12;7.87;88;0;28;41;0;66;17;0.66;1.0;1.0;0;0;42;5.38;7.0;3.59;11.6;345;128;14.7;16.11;1.096;0;1;0;0;0;0;0;0;0;1;0;368;64;163;67;0;90
1684.2;1652;41;41;12;7.6;90;0;29;42;0;63;15;0.65;1.0;1.0;0;0;41;5.12;7.0;3.49;10.5;345;128;14.7;13.21;0.899;0;1;0;0;0;0;0;0;0;1;0;350;64;161;67;0;89
1684.6;1703;42;42;12;7.76;87;0;30;40;0;65;16;0.66;1.0;1.0;0;0;40;5.25;7.0;3.54;11.0;345;128;14.7;13.21;0.899;0;1;0;0;0;0;0;0;0;1;0;361;64;164;67;0;89
1685.01;1716;46;46;13;8.35;88;0;29;40;0;71;18;0.66;1.0;1.0;0;0;41;5.75;7.6;3.78;11.9;345;128;14.7;15.71;1.069;0;1;0;0;0;0;0;0;0;1;0;405;66;162;67;0;100
1685.4;1934;47;47;13;8.53;87;0;29;41;0;72;20;0.66;1.0;1.0;0;0;41;5.88;7.6;3.85;13.7;345;128;14.82;15.71;1.06;0;1;0;0;0;0;0;0;0;1;0;414;67;164;67;0;101
1685.83;1729;41;41;12;7.61;87;0;29;41;0;64;16;0.66;1.0;1.0;0;0;41;5.12;7.0;3.48;11.0;345;128;14.7;15.71;1.069;0;1;0;0;0;0;0;0;0;1;0;354;64;165;67;0;89
1686.23;1652;42;42;12;7.73;87;0;30;41;0;65;16;0.66;1.0;1.0;0;0;40;5.25;7.0;3.53;10.6;345;128;14.7;14.32;0.974;0;1;0;0;0;0;0;0;0;1;0;363;64;164;67;0;89
1686.62;2369;102;102;62;21;89;0;49;21;0;104;52;0.95;1.0;1.0;0;0;21;12.75;36.0;8.74;40.9;345;128;11.91;14.32;1.202;0;1;0;0;0;0;0;0;0;1;0;653;165;162;67;0;153
1687.03;2830;91;91;67;18;92;0;49;21;0;103;57;0.87;1.0;1.0;0;0;21;11.38;39.0;7.64;42.3;345;128;12.06;12.51;1.037;0;1;0;0;0;0;0;0;0;1;0;646;175;157;67;0;153
1687.42;2869;89;89;68;17;91;0;49;21;0;103;57;0.85;1.0;1.0;0;0;21;11.12;39.5;7.38;41.4;345;128;12.06;12.51;1.037;0;1;0;0;0;0;0;0;0;1;0;645;176;159;67;0;51
1687.83;2933;89;89;68;17;92;0;48;21;1;103;58;0.85;1.0;1.0;0;0;22;11.12;39.5;7.36;42.2;345;128;12.06;12.51;1.037;0;1;0;0;0;0;0;0;0;1;0;646;176;158;67;0;153
1688.04;2369;23;23;1;4.73;91;0;20;25;1;51;13;0.46;1.0;1.0;0;0;50;2.88;0.6;2.35;9.3;345;128;14.82;10.41;0.702;0;1;0;0;0;1;0;0;0;1;0;254;42;159;67;0;76
1688.45;1447;14;14;1;3.38;87;0;55;20;0;44;5;0.35;1.0;1.0;0;0;15;1.75;0.6;1.79;4.1;345;128;14.7;10.41;0.708;0;1;0;0;0;1;0;0;0;1;0;202;42;164;67;0;71
1688.84;1370;32;32;2;6.08;87;0;64;20;0;55;9;0.55;1.0;1.0;0;0;6;4.0;1.2;2.87;6.9;345;128;14.7;10.41;0.708;0;1;0;0;0;1;0;0;0;1;0;291;45;165;67;0;82
1689.25;1614;31;31;4;5.93;87;0;27;43;0;55;11;0.55;1.0;1.0;0;0;43;3.88;2.3;2.81;8.0;345;128;14.7;13.01;0.885;0;1;0;0;0;0;0;0;0;1;0;287;48;164;67;0;75
1689.65;1601;33;33;5;6.26;87;0;26;44;0;56;12;0.59;1.0;1.0;0;0;44;4.12;2.9;2.94;8.4;345;128;14.7;13.01;0.885;0;1;0;0;0;0;0;0;0;1;0;297;51;164;67;0;83
1690.04;1716;38;38;7;7.03;87;0;28;43;0;61;14;0.63;1.0;1.0;0;0;42;4.75;4.1;3.25;10.1;345;128;14.7;13.41;0.912;0;1;0;0;0;0;0;0;0;1;0;331;54;165;67;0;85
1690.45;1729;40;40;8;7.33;87;0;26;44;0;62;16;0.64;1.0;1.0;0;0;44;5.0;4.7;3.37;10.6;345;128;14.7;13.41;0.912;0;1;0;0;0;0;0;0;0;1;0;341;56;164;67;0;86
1690.87;1819;42;42;9;7.73;87;0;26;43;0;64;17;0.66;1.0;1.0;0;0;44;5.25;5.2;3.53;11.7;345;128;14.7;13.41;0.912;0;1;0;0;0;0;0;0;0;1;0;355;59;165;67;0;89
1691.24;1767;43;43;10;7.81;87;0;28;42;0;65;17;0.66;1.0;1.0;0;0;42;5.38;5.8;3.56;11.5;345;128;14.7;13.61;0.926;0;1;0;0;0;0;0;0;0;1;0;363;61;165;67;0;89
1691.67;1780;44;44;12;7.88;87;0;27;43;0;67;18;0.66;1.0;1.0;0;0;43;5.5;7.0;3.59;11.7;345;128;14.7;13.61;0.926;0;1;0;0;0;0;0;0;0;1;0;379;64;165;67;0;90
1692.05;1883;45;45;12;8.08;87;0;27;42;0;69;19;0.66;1.0;1.0;0;0;43;5.62;7.0;3.67;12.7;345;128;14.82;14.11;0.952;0;1;0;0;0;0;0;0;0;1;0;390;65;164;67;0;41
1692.47;1806;36;36;4;6.73;87;0;24;45;0;59;15;0.62;1.0;1.0;0;0;46;4.5;2.3;3.13;10.1;345;128;14.7;14.11;0.96;0;1;0;0;0;0;0;0;0;1;0;319;48;165;67;0;85
1692.87;1601;17;17;2;3.83;87;0;35;34;0;47;6;0.38;1.0;1.0;0;0;35;2.12;1.2;1.97;5.1;345;128;14.7;14.11;0.96;0;1;0;0;0;0;0;0;0;1;0;229;44;165;67;0;74
1693.26;1588;18;18;2;3.97;86;0;35;35;0;48;6;0.39;1.0;1.0;0;0;35;2.25;1.2;2.02;5.3;345;128;14.7;13.11;0.892;0;1;0;0;0;0;0;0;0;1;0;239;44;166;67;0;74
1693.48;1562;20;20;2;4.21;87;0;33;37;0;49;7;0.41;1.0;1.0;0;0;37;2.5;1.2;2.12;5.5;345;128;14.7;13.11;0.892;0;1;0;0;0;0;0;0;0;1;0;246;44;165;67;0;38
1693.88;1652;25;25;2;5.0;86;0;30;40;0;52;9;0.49;1.0;1.0;0;0;40;3.12;1.2;2.43;6.9;345;128;14.7;13.11;0.892;0;1;0;0;0;0;0;0;0;1;0;262;44;166;67;0;77
1694.27;1614;26;26;3;5.17;86;0;28;41;0;52;9;0.48;1.0;1.0;0;0;42;3.25;1.7;2.5;7.0;345;128;14.7;13.61;0.926;0;1;0;0;0;0;0;0;0;1;0;267;46;166;67;0;73
1694.69;1614;28;28;3;5.55;86;0;29;42;0;54;10;0.53;1.0;1.0;0;0;41;3.5;1.7;2.65;7.5;345;128;14.7;13.61;0.926;0;1;0;0;0;0;0;0;0;1;0;282;47;166;67;0;82
1695.09;1691;31;31;4;6.0;86;0;26;44;0;55;11;0.56;1.0;1.0;0;0;44;3.88;2.3;2.83;8.5;345;128;14.7;13.81;0.939;0;1;0;0;0;0;0;0;0;1;0;286;48;166;67;0;82
1695.48;1691;21;21;2;4.37;86;0;31;38;0;49;7;0.42;1.0;1.0;0;0;39;2.62;1.2;2.18;6.2;345;128;14.7;13.81;0.939;0;1;0;0;0;0;0;0;0;1;0;247;45;167;67;0;75
1695.88;1345;16;16;1;3.7;86;0;54;20;0;47;5;0.38;1.0;1.0;0;0;16;2.0;0.6;1.91;4.1;345;128;14.7;13.81;0.939;0;1;0;0;0;1;0;0;0;1;0;224;42;166;67;0;74
1696.29;1306;24;24;1;4.88;85;0;54;20;0;51;7;0.46;1.0;1.0;0;0;16;3.0;0.6;2.38;5.3;345;128;14.7;20.82;1.416;0;1;0;0;0;1;0;0;0;1;0;257;42;167;67;0;77
1696.7;1498;23;23;2;4.71;85;0;55;20;0;51;8;0.46;1.0;1.0;0;0;15;2.88;1.2;2.31;5.9;345;128;14.7;20.82;1.416;0;1;0;0;0;1;0;0;0;1;0;256;45;167;67;0;76
1697.09;1383;37;37;4;6.83;85;0;34;36;0;60;10;0.61;1.0;1.0;0;0;36;4.62;2.3;3.16;7.9;345;128;14.7;14.41;0.98;0;1;0;0;0;0;0;0;0;1;0;325;48;167;67;0;85
1697.49;1729;33;33;4;6.31;85;0;27;43;0;56;12;0.59;1.0;1.0;0;0;43;4.12;2.3;2.95;9.1;345;128;14.7;14.41;0.98;0;1;0;0;0;0;0;0;0;1;0;298;49;167;67;0;83
1697.9;1716;34;34;5;6.46;87;0;26;44;0;57;13;0.6;1.0;1.0;0;0;44;4.25;2.9;3.02;9.2;345;128;14.7;14.41;0.98;0;1;0;0;0;0;0;0;0;1;0;307;51;164;67;0;83
1698.3;1652;35;35;6;6.58;87;0;28;42;0;58;13;0.61;1.0;1.0;0;0;42;4.38;3.5;3.07;9.1;345;128;14.7;13.91;0.946;0;1;0;0;0;0;0;0;0;1;0;315;52;165;67;0;85
1698.72;1691;37;37;6;6.93;87;0;27;42;0;60;14;0.62;1.0;1.0;0;0;43;4.62;3.5;3.21;9.8;345;128;14.7;13.91;0.946;0;1;0;0;0;0;0;0;0;1;0;321;53;165;67;0;85
1699.12;1819;40;40;8;7.38;87;0;27;43;0;62;16;0.64;1.0;1.0;0;0;43;5.0;4.7;3.39;11.2;345;128;14.7;14.81;1.007;0;1;0;0;0;0;0;0;0;1;0;341;57;164;67;0;86
1699.32;1755;42;42;11;7.63;87;0;27;43;0;65;17;0.66;1.0;1.0;0;0;43;5.25;6.4;3.49;11.2;345;128;14.7;14.81;1.007;0;1;0;0;0;0;0;0;0;1;0;361;62;164;67;0;89
1699.69;1921;45;45;12;8.2;88;0;28;42;0;68;19;0.66;1.0;1.0;0;0;42;5.62;7.0;3.72;13.1;345;128;14.82;14.81;0.999;0;1;0;0;0;0;0;0;0;1;0;386;64;163;66;0;91
1700.12;1934;45;45;12;8.11;87;0;27;43;0;69;20;0.66;1.0;1.0;0;0;43;5.62;7.0;3.68;13.1;345;128;14.82;15.31;1.033;0;1;0;0;0;0;0;0;0;1;0;389;65;164;67;0;91
1700.51;1985;45;45;12;8.11;87;0;27;43;0;69;20;0.66;1.0;1.0;0;0;43;5.62;7.0;3.68;13.4;345;128;14.82;15.31;1.033;0;1;0;0;0;0;0;0;0;1;0;388;65;164;67;0;92
1700.91;1998;47;47;14;8.43;87;0;28;42;0;71;21;0.66;1.0;1.0;0;0;42;5.88;8.1;3.81;14.0;345;128;14.82;15.31;1.033;0;1;0;0;0;0;0;0;0;1;0;408;69;164;67;0;100
1701.31;1857;37;37;10;6.98;87;0;26;44;0;60;15;0.62;1.0;1.0;0;0;44;4.62;5.8;3.23;10.8;345;128;14.82;13.11;0.885;0;1;0;0;0;0;0;0;0;1;0;324;61;164;67;0;85
1701.72;1767;37;37;10;6.92;88;0;25;45;0;60;15;0.62;1.0;1.0;0;0;45;4.62;5.8;3.21;10.2;345;128;14.7;13.11;0.892;0;1;0;0;0;0;0;0;0;1;0;323;61;163;67;0;85
1702.11;1652;28;28;6;5.51;87;0;28;42;0;54;10;0.54;1.0;1.0;0;0;42;3.5;3.5;2.64;7.6;345;128;14.7;12.41;0.844;0;1;0;0;0;0;0;0;0;1;0;278;53;164;67;0;82
1702.53;1511;16;16;1;3.66;87;0;51;20;0;46;5;0.37;1.0;1.0;0;0;19;2.0;0.6;1.9;4.6;345;128;14.7;12.41;0.844;0;1;0;0;0;1;0;0;0;1;0;216;42;165;67;0;73
1702.94;1306;20;20;1;4.28;87;0;58;20;0;49;6;0.41;1.0;1.0;0;0;12;2.5;0.6;2.15;4.7;345;128;14.7;12.41;0.844;0;1;0;0;0;1;0;0;0;1;0;244;42;165;67;0;76
1703.33;1755;33;33;6;6.32;86;0;26;43;0;56;13;0.59;1.0;1.0;0;0;44;4.12;3.5;2.96;9.2;345;128;14.7;13.91;0.946;0;1;0;0;0;0;0;0;0;1;0;299;52;166;67;0;82
1703.73;1729;33;33;6;6.36;87;0;26;44;0;57;13;0.6;1.0;1.0;0;0;44;4.12;3.5;2.98;9.2;345;128;14.7;13.91;0.946;0;1;0;0;0;0;0;0;0;1;0;304;53;165;67;0;84
1704.15;1806;37;37;7;6.93;87;0;25;45;0;60;15;0.62;1.0;1.0;0;0;45;4.62;4.1;3.21;10.4;345;128;14.7;14.61;0.994;0;1;0;0;0;0;0;0;0;1;0;326;54;165;66;0;82
1704.55;1895;39;39;7;7.13;87;0;24;45;0;61;16;0.63;1.0;1.0;0;0;46;4.88;4.1;3.29;11.3;345;128;14.82;14.61;0.986;0;1;0;0;0;0;0;0;0;1;0;334;55;165;66;0;86
1704.94;1780;37;37;6;6.88;87;0;25;44;0;60;15;0.62;1.0;1.0;0;0;45;4.62;3.5;3.19;10.2;345;128;14.7;14.61;0.994;0;1;0;0;0;0;0;0;0;1;0;326;52;165;67;0;85
1705.15;1396;16;16;1;3.62;86;0;53;20;0;46;5;0.37;1.0;1.0;0;0;17;2.0;0.6;1.88;4.2;345;128;14.7;13.72;0.933;0;1;0;0;0;1;0;0;0;1;0;217;42;166;67;0;73
1705.56;1473;19;19;1;4.08;87;0;57;20;0;48;5;0.39;1.0;1.0;0;0;13;2.38;0.6;2.07;5.0;345;128;14.7;13.72;0.933;0;1;0;0;0;1;0;0;0;1;0;237;42;164;67;0;70
1705.95;1537;16;16;1;3.58;85;0;50;20;0;45;5;0.36;1.0;1.0;0;0;20;2.0;0.6;1.86;4.6;345;128;14.7;13.72;0.933;0;1;0;0;0;1;0;0;0;1;0;214;42;167;67;0;72
1706.37;1281;15;15;1;3.53;85;0;57;20;0;45;4;0.36;1.0;1.0;0;0;13;1.88;0.6;1.84;3.8;345;128;14.7;12.71;0.865;0;1;0;0;0;1;0;0;0;1;0;215;42;166;67;0;73
1706.75;1434;17;17;1;3.83;87;0;54;20;0;47;5;0.38;1.0;1.0;0;0;16;2.12;0.6;1.97;4.6;345;128;14.7;12.71;0.865;0;1;0;0;0;1;0;0;0;1;0;226;42;167;67;0;57
1707.15;1422;16;16;1;3.58;85;0;50;20;0;45;5;0.36;1.0;1.0;0;0;20;2.0;0.6;1.86;4.2;345;128;14.7;13.01;0.885;0;1;0;0;0;1;0;0;0;1;0;209;42;167;67;0;72
1707.58;1511;15;15;1;3.46;85;0;50;20;0;44;5;0.35;1.0;1.0;0;0;20;1.88;0.6;1.81;4.4;345;128;14.7;13.01;0.885;0;1;0;0;0;1;0;0;0;1;0;206;42;167;67;0;72
1707.97;1383;15;15;1;3.45;86;0;50;20;0;44;4;0.35;1.0;1.0;0;0;20;1.88;0.6;1.81;4.0;345;128;14.7;13.01;0.885;0;1;0;0;0;1;0;0;0;1;0;200;42;166;67;0;57
1708.36;1486;15;15;1;3.46;87;0;50;20;0;44;4;0.35;1.0;1.0;0;0;20;1.88;0.6;1.82;4.3;345;128;14.7;12.81;0.871;0;1;0;0;0;1;0;0;0;1;0;202;42;164;67;0;57
1708.78;1370;15;15;1;3.41;87;0;50;20;0;43;4;0.34;1.0;1.0;0;0;20;1.88;0.6;1.8;3.9;345;128;14.7;12.81;0.871;0;1;0;0;0;1;0;0;0;1;0;199;42;165;67;0;57
1709.16;1332;14;14;1;3.38;87;0;50;20;0;43;4;0.34;1.0;1.0;0;0;20;1.75;0.6;1.79;3.8;345;128;14.7;12.21;0.831;0;1;0;0;0;1;0;0;0;1;0;197;42;165;67;0;56
1709.58;1332;15;15;1;3.43;87;0;50;20;0;43;4;0.34;1.0;1.0;0;0;20;1.88;0.6;1.81;3.8;345;128;14.7;12.21;0.831;0;1;0;0;0;1;0;0;0;1;0;199;42;165;66;0;57
1709.98;1306;15;15;1;3.41;87;0;50;20;0;43;4;0.34;1.0;1.0;0;0;20;1.88;0.6;1.8;3.7;345;128;14.7;12.21;0.831;0;1;0;0;0;1;0;0;0;1;0;199;42;164;67;0;53
1710.37;1332;15;15;1;3.43;87;0;50;20;0;44;4;0.35;1.0;1.0;0;0;20;1.88;0.6;1.81;3.8;345;128;14.7;12.11;0.824;0;1;0;0;0;1;0;0;0;1;0;201;42;165;67;0;70
1710.79;1422;14;14;1;3.4;88;0;50;20;0;43;4;0.34;1.0;1.0;0;0;20;1.75;0.6;1.8;4.0;345;128;14.7;12.11;0.824;0;1;0;0;0;1;0;0;0;1;0;196;42;163;67;0;57
1710.98;1806;13;13;1;3.18;89;0;60;20;0;41;5;0.34;1.0;1.0;0;0;10;1.62;0.6;1.72;4.8;345;128;14.7;12.11;0.824;0;1;0;0;0;1;0;0;0;1;0;180;42;162;67;0;54
1711.38;1716;13;13;1;3.28;89;0;70;20;0;41;5;0.34;1.0;1.0;0;0;0;1.62;0.6;1.76;4.7;345;128;14.7;23.93;1.628;0;1;0;0;0;1;0;0;0;1;0;181;42;162;67;0;54
1711.77;1601;13;13;1;3.21;87;0;70;20;0;41;5;0.33;1.0;1.0;0;0;0;1.62;0.6;1.72;4.3;345;128;14.7;23.93;1.628;0;1;0;0;0;1;0;0;0;1;0;185;42;164;67;0;54
1712.19;1691;13;13;1;3.26;87;0;70;20;0;41;5;0.34;1.0;1.0;0;0;0;1.62;0.6;1.74;4.6;345;128;14.7;23.93;1.628;0;1;0;0;0;1;0;0;0;1;0;187;42;164;67;0;54
1712.58;1537;13;13;1;3.21;87;0;70;20;0;41;4;0.33;1.0;1.0;0;0;0;1.62;0.6;1.72;4.1;345;128;14.7;23.93;1.628;0;1;0;0;0;1;0;0;0;1;0;185;42;164;67;0;54
1712.99;1498;13;13;1;3.22;88;0;70;20;0;41;4;0.33;1.0;1.0;0;0;0;1.62;0.6;1.73;4.0;345;128;14.7;23.93;1.628;0;1;0;0;0;1;0;0;0;1;0;187;42;163;67;0;57
1713.4;1511;14;14;1;3.33;87;0;70;20;0;43;4;0.34;1.0;1.0;0;0;0;1.75;0.6;1.77;4.2;345;128;14.7;23.93;1.628;0;1;0;0;0;1;0;0;0;1;0;195;42;165;67;0;56
1713.81;1396;15;15;1;3.5;88;0;70;20;0;44;4;0.35;1.0;1.0;0;0;0;1.88;0.6;1.84;4.1;345;128;14.7;23.93;1.628;0;1;0;0;0;1;0;0;0;1;0;202;42;164;66;0;70
1714.2;1370;15;15;1;3.48;87;0;70;20;0;44;4;0.35;1.0;1.0;0;0;0;1.88;0.6;1.83;4.0;345;128;14.7;23.93;1.628;0;1;0;0;0;1;0;0;0;1;0;207;42;164;67;0;73
1714.61;1319;14;14;1;3.41;89;0;64;20;0;43;4;0.34;1.0;1.0;0;0;6;1.75;0.6;1.81;3.7;345;128;14.7;23.93;1.628;0;1;0;0;0;1;0;0;0;1;0;195;42;162;67;0;56
1715.01;1345;13;13;1;3.11;87;0;55;20;0;41;4;0.32;1.0;1.0;0;0;15;1.62;0.6;1.68;3.5;345;128;14.7;23.93;1.628;0;1;0;0;0;1;0;0;0;1;0;184;42;164;67;0;54
1715.41;1473;15;15;2;3.57;88;0;50;20;0;45;5;0.36;1.0;1.0;0;0;20;1.88;1.2;1.87;4.4;345;128;14.7;14.71;1.001;0;1;0;0;0;1;0;0;0;1;0;210;44;163;67;0;73
1715.81;1511;18;18;2;4.02;90;0;52;20;0;48;6;0.39;1.0;1.0;0;0;18;2.25;1.2;2.06;5.1;345;128;14.7;14.71;1.001;0;1;0;0;0;1;0;0;0;1;0;233;44;160;67;0;74
1716.24;1473;37;37;9;6.91;89;0;31;39;0;60;12;0.61;1.0;1.0;0;0;39;4.62;5.2;3.21;8.5;345;128;14.7;16.11;1.096;0;1;0;0;0;0;0;0;0;1;0;326;59;162;67;0;99
1716.64;1947;37;37;9;6.97;88;0;24;45;0;60;16;0.62;1.0;1.0;0;0;46;4.62;5.2;3.23;11.3;345;128;14.82;16.11;1.087;0;1;0;0;0;0;0;0;0;1;0;325;59;163;67;0;85
1716.82;1870;33;33;9;6.28;89;0;24;46;0;56;14;0.59;1.0;1.0;0;0;46;4.12;5.2;2.96;9.8;345;128;14.82;16.11;1.087;0;1;0;0;0;0;0;0;0;1;0;294;59;162;67;0;82
1717.24;1857;32;32;9;6.06;89;0;24;46;0;55;13;0.56;1.0;1.0;0;0;46;4.0;5.2;2.87;9.4;345;128;14.82;14.21;0.959;0;1;0;0;0;0;0;0;0;1;0;291;59;160;67;0;82
1717.65;1857;35;35;9;6.58;89;0;23;47;0;58;15;0.61;1.0;1.0;0;0;47;4.38;5.2;3.08;10.2;345;128;14.82;14.21;0.959;0;1;0;0;0;0;0;0;0;1;0;311;59;162;67;0;36
1718.04;2049;44;44;14;7.93;89;0;25;45;0;66;20;0.66;1.0;1.0;0;0;45;5.5;8.1;3.62;13.5;345;128;14.82;14.21;0.959;0;1;0;0;0;0;0;0;0;1;0;374;68;162;67;0;90
1718.44;2139;45;45;14;8.06;87;0;26;44;0;68;21;0.66;1.0;1.0;0;0;44;5.62;8.1;3.66;14.4;345;128;14.82;15.11;1.02;0;1;0;0;0;0;0;0;0;1;0;382;68;164;67;0;91
1718.84;2190;47;47;18;8.38;87;0;26;44;0;71;23;0.66;1.0;1.0;0;0;44;5.88;10.5;3.79;15.3;345;128;14.82;15.11;1.02;0;1;0;0;0;0;0;0;0;1;0;409;76;164;67;0;101
1719.26;2267;51;51;20;8.98;87;0;29;41;0;74;26;0.69;1.0;1.0;0;0;41;6.38;11.6;4.03;17.0;345;128;14.93;16.32;1.093;0;1;0;0;0;0;0;0;0;1;0;435;80;164;67;0;90
1719.66;2152;57;57;20;9.92;88;0;32;38;0;79;27;0.73;1.0;1.0;0;0;38;7.12;11.6;4.41;17.8;345;128;14.82;16.32;1.101;0;1;0;0;0;0;0;0;0;1;0;464;81;163;67;0;106
1720.05;1729;39;39;12;7.28;89;0;26;43;0;63;16;0.65;1.0;1.0;0;0;44;4.88;7.0;3.36;10.5;345;128;14.7;16.32;1.11;0;1;0;0;0;0;0;0;0;1;0;345;65;164;67;0;86
1720.45;1755;42;42;12;7.67;88;0;29;41;0;64;16;0.66;1.0;1.0;0;0;41;5.25;7.0;3.51;11.2;345;128;14.7;15.11;1.028;0;1;0;0;0;0;0;0;0;1;0;357;65;163;67;0;89
1720.87;1819;43;43;12;7.86;87;0;29;41;0;66;17;0.66;1.0;1.0;0;0;41;5.38;7.0;3.58;11.9;345;128;14.7;15.11;1.028;0;1;0;0;0;0;0;0;0;1;0;374;65;164;67;0;90
1721.26;1819;44;44;12;7.96;87;0;27;43;0;68;18;0.66;1.0;1.0;0;0;43;5.5;7.0;3.62;12.1;345;128;14.7;13.11;0.892;0;1;0;0;0;0;0;0;0;1;0;380;65;164;68;0;90
1721.68;1665;27;27;5;5.43;87;0;27;41;0;53;10;0.52;1.0;1.0;0;0;43;3.38;2.9;2.61;7.5;345;128;14.7;13.11;0.892;0;1;0;0;0;0;0;0;0;1;0;273;51;164;68;0;81
1721.88;1588;26;26;4;5.16;87;0;30;40;0;52;9;0.48;1.0;1.0;0;0;40;3.25;2.3;2.5;6.8;345;128;14.7;13.11;0.892;0;1;0;0;0;0;0;0;0;1;0;266;49;165;68;0;77
1722.27;1562;23;23;3;4.77;86;0;31;39;0;51;8;0.46;1.0;1.0;0;0;39;2.88;1.7;2.34;6.2;345;128;14.7;12.71;0.865;0;1;0;0;0;0;0;0;0;1;0;254;47;166;68;0;77
1722.67;1588;19;19;3;4.15;86;0;33;36;0;48;6;0.39;1.0;1.0;0;0;37;2.38;1.7;2.09;5.5;345;128;14.7;12.71;0.865;0;1;0;0;0;0;0;0;0;1;0;239;46;166;68;0;74
1723.08;1486;19;19;3;4.1;86;0;34;36;0;49;6;0.41;1.0;1.0;0;0;36;2.38;1.7;2.07;5.1;345;128;14.7;12.71;0.865;0;1;0;0;0;0;0;0;0;1;0;240;46;166;68;0;75
1723.48;1550;21;21;3;4.4;86;0;32;38;0;49;7;0.41;1.0;1.0;0;0;38;2.62;1.7;2.19;5.7;345;128;14.7;13.41;0.912;0;1;0;0;0;0;0;0;0;1;0;247;46;166;68;0;76
1723.88;1601;27;27;3;5.36;87;0;29;42;0;53;10;0.51;1.0;1.0;0;0;41;3.38;1.7;2.58;7.2;345;128;14.7;13.41;0.912;0;1;0;0;0;0;0;0;0;1;0;268;46;166;68;0;77
1724.28;1652;28;28;3;5.46;87;0;28;41;0;54;10;0.54;1.0;1.0;0;0;42;3.5;1.7;2.62;7.5;345;128;14.7;13.41;0.912;0;1;0;0;0;0;0;0;0;1;0;276;47;166;68;0;81
1724.7;1652;29;29;4;5.65;86;0;27;43;0;54;11;0.54;1.0;1.0;0;0;43;3.62;2.3;2.69;7.8;345;128;14.7;13.41;0.912;0;1;0;0;0;0;0;0;0;1;0;277;48;166;68;0;82
1725.1;1716;28;28;4;5.58;87;0;27;43;0;54;10;0.54;1.0;1.0;0;0;43;3.5;2.3;2.67;8.0;345;128;14.7;13.41;0.912;0;1;0;0;0;0;0;0;0;1;0;281;48;165;67;0;78
1725.48;1755;31;31;4;5.9;86;0;26;44;0;55;11;0.56;1.0;1.0;0;0;44;3.88;2.3;2.79;8.6;345;128;14.7;13.11;0.892;0;1;0;0;0;0;0;0;0;1;0;286;49;166;68;0;82
1725.92;1729;31;31;4;5.91;87;0;26;44;0;55;11;0.56;1.0;1.0;0;0;44;3.88;2.3;2.8;8.5;345;128;14.7;13.11;0.892;0;1;0;0;0;0;0;0;0;1;0;287;49;165;68;0;82
1726.31;1588;16;16;1;3.67;86;0;41;20;0;46;6;0.37;1.0;1.0;0;0;29;2.0;0.6;1.9;4.9;345;128;14.7;12.21;0.831;0;1;0;0;0;1;0;0;0;1;0;222;42;166;68;0;74
1726.7;1204;18;18;1;3.92;86;0;59;20;0;48;5;0.38;1.0;1.0;0;0;11;2.25;0.6;2.0;3.9;345;128;14.7;12.21;0.831;0;1;0;0;0;1;0;0;0;1;0;239;42;166;68;0;74
1727.12;1434;20;20;1;4.22;86;0;50;20;0;49;6;0.41;1.0;1.0;0;0;20;2.5;0.6;2.12;5.0;345;128;14.7;12.21;0.831;0;1;0;0;0;1;0;0;0;1;0;242;42;167;68;0;75
1727.51;1498;27;27;3;5.36;85;0;30;40;0;54;9;0.53;1.0;1.0;0;0;40;3.38;1.7;2.57;6.7;345;128;14.7;14.42;0.981;0;1;0;0;0;0;0;0;0;1;0;276;47;167;68;0;81
1727.72;1716;29;29;5;5.63;85;0;27;43;0;54;11;0.54;1.0;1.0;0;0;43;3.62;2.9;2.68;8.1;345;128;14.7;14.42;0.981;0;1;0;0;0;0;0;0;0;1;0;279;51;167;68;0;74
1728.12;1729;33;33;4;6.33;87;0;27;43;0;56;13;0.59;1.0;1.0;0;0;43;4.12;2.3;2.97;9.1;345;128;14.7;14.42;0.981;0;1;0;0;0;0;0;0;0;1;0;295;49;165;67;0;83
1728.52;1319;16;16;1;3.62;86;0;53;20;0;46;5;0.37;1.0;1.0;0;0;17;2.0;0.6;1.88;4.0;345;128;14.7;12.91;0.878;0;1;0;0;0;1;0;0;0;1;0;221;42;166;68;0;74
1728.92;1447;17;17;1;3.82;86;0;53;20;0;47;5;0.38;1.0;1.0;0;0;17;2.12;0.6;1.96;4.6;345;128;14.7;12.91;0.878;0;1;0;0;0;1;0;0;0;1;0;227;42;166;68;0;74
1729.34;1422;16;16;1;3.57;86;0;50;20;0;45;5;0.36;1.0;1.0;0;0;20;2.0;0.6;1.86;4.2;345;128;14.7;14.71;1.001;0;1;0;0;0;1;0;0;0;1;0;213;42;164;68;0;54
1729.72;1319;15;15;1;3.47;86;0;50;20;0;44;4;0.35;1.0;1.0;0;0;20;1.88;0.6;1.82;3.8;345;128;14.7;14.71;1.001;0;1;0;0;0;1;0;0;0;1;0;206;42;166;68;0;72
1730.13;1332;15;15;1;3.48;87;0;50;20;0;44;4;0.35;1.0;1.0;0;0;20;1.88;0.6;1.83;3.9;345;128;14.7;14.71;1.001;0;1;0;0;0;1;0;0;0;1;0;204;42;165;68;0;54
1730.54;1319;15;15;1;3.46;87;0;50;20;0;44;4;0.35;1.0;1.0;0;0;20;1.88;0.6;1.82;3.8;345;128;14.7;13.01;0.885;0;1;0;0;0;1;0;0;0;1;0;202;42;165;69;0;70
1730.93;1370;15;15;1;3.51;87;0;50;20;0;44;4;0.35;1.0;1.0;0;0;20;1.88;0.6;1.84;4.0;345;128;14.7;13.01;0.885;0;1;0;0;0;1;0;0;0;1;0;202;42;165;69;0;70
1731.34;1319;15;15;1;3.48;87;0;50;20;0;44;4;0.35;1.0;1.0;0;0;20;1.88;0.6;1.83;3.8;345;128;14.7;13.41;0.912;0;1;0;0;0;1;0;0;0;1;0;204;42;165;69;0;72
1731.74;1255;15;15;1;3.5;86;0;50;20;0;44;4;0.35;1.0;1.0;0;0;20;1.88;0.6;1.83;3.7;345;128;14.7;13.41;0.912;0;1;0;0;0;1;0;0;0;1;0;201;42;166;69;0;57
1732.15;1281;15;15;1;3.5;88;0;50;20;0;44;4;0.35;1.0;1.0;0;0;20;1.88;0.6;1.84;3.7;345;128;14.7;13.41;0.912;0;1;0;0;0;1;0;0;0;1;0;202;42;164;69;0;71
1732.56;1332;15;15;1;3.51;87;0;50;20;0;44;4;0.35;1.0;1.0;0;0;20;1.88;0.6;1.84;3.9;345;128;14.7;12.11;0.824;0;1;0;0;0;1;0;0;0;1;0;202;42;165;69;0;70
1732.96;1268;15;15;1;3.48;87;0;50;20;0;44;4;0.35;1.0;1.0;0;0;20;1.88;0.6;1.83;3.7;345;128;14.7;12.11;0.824;0;1;0;0;0;1;0;0;0;1;0;201;42;165;69;0;72
1733.36;1217;15;15;1;3.41;87;0;50;20;0;44;4;0.34;1.0;1.0;0;0;20;1.88;0.6;1.8;3.5;345;128;14.7;12.31;0.837;0;1;0;0;0;1;0;0;0;1;0;202;42;164;69;0;82
1733.55;1229;15;15;1;3.46;87;0;50;20;0;44;4;0.35;1.0;1.0;0;0;20;1.88;0.6;1.82;3.5;345;128;14.7;12.31;0.837;0;1;0;0;0;1;0;0;0;1;0;202;42;165;68;0;70
1733.96;1229;15;15;1;3.45;86;0;50;20;0;44;4;0.35;1.0;1.0;0;0;20;1.88;0.6;1.81;3.5;345;128;14.7;12.31;0.837;0;1;0;0;0;1;0;0;0;1;0;205;42;166;68;0;57
1734.36;1319;19;19;3;4.11;87;0;46;34;0;49;5;0.41;1.0;1.0;0;0;24;2.38;1.7;2.08;4.5;345;128;14.7;11.81;0.803;0;1;0;0;0;0;0;0;0;1;0;240;47;164;69;0;75
1734.77;1639;33;33;5;6.37;86;0;28;42;0;56;12;0.59;1.0;1.0;0;0;42;4.12;2.9;2.98;8.7;345;128;14.7;11.81;0.803;0;1;0;0;0;0;0;0;0;1;0;299;51;166;69;0;83
1735.16;1729;35;35;5;6.66;87;0;25;45;0;58;13;0.61;1.0;1.0;0;0;45;4.38;2.9;3.1;9.6;345;128;14.7;11.81;0.803;0;1;0;0;0;0;0;0;0;1;0;308;51;164;69;0;90
1735.57;1614;34;34;5;6.43;87;0;25;45;0;57;13;0.59;1.0;1.0;0;0;45;4.25;2.9;3.01;8.6;345;128;14.7;13.01;0.885;0;1;0;0;0;0;0;0;0;1;0;307;51;165;69;0;84
1735.97;1601;27;27;5;5.36;87;0;27;44;0;53;10;0.51;1.0;1.0;0;0;43;3.38;2.9;2.58;7.2;345;128;14.7;13.01;0.885;0;1;0;0;0;0;0;0;0;1;0;269;51;164;69;0;77
1736.38;1601;26;26;5;5.22;86;0;29;42;0;53;9;0.51;1.0;1.0;0;0;41;3.25;2.9;2.52;7.0;345;128;14.7;12.81;0.871;0;1;0;0;0;0;0;0;0;1;0;275;51;166;69;0;78
1736.79;1691;33;33;5;6.37;86;0;25;45;0;56;12;0.59;1.0;1.0;0;0;45;4.12;2.9;2.98;9.0;345;128;14.7;12.81;0.871;0;1;0;0;0;0;0;0;0;1;0;293;51;166;68;0;82
1737.19;1639;31;31;4;5.93;87;0;25;45;0;55;11;0.56;1.0;1.0;0;0;45;3.88;2.3;2.81;8.1;345;128;14.7;12.81;0.871;0;1;0;0;0;0;0;0;0;1;0;284;48;164;68;0;82
1737.6;1422;16;16;1;3.62;86;0;47;20;0;46;5;0.37;1.0;1.0;0;0;23;2.0;0.6;1.88;4.3;345;128;14.7;12.31;0.837;0;1;0;0;0;1;0;0;0;1;0;218;42;166;69;0;73
1738.0;1268;18;18;1;4.01;87;0;54;20;0;48;5;0.39;1.0;1.0;0;0;16;2.25;0.6;2.04;4.2;345;128;14.7;12.31;0.837;0;1;0;0;0;1;0;0;0;1;0;234;42;164;68;0;74
1738.39;1332;16;16;1;3.63;85;0;50;20;0;46;5;0.37;1.0;1.0;0;0;20;2.0;0.6;1.88;4.0;345;128;14.7;13.31;0.905;0;1;0;0;0;1;0;0;0;1;0;216;42;167;69;0;73
1738.81;1396;23;23;6;4.68;87;0;38;38;0;51;7;0.46;1.0;1.0;0;0;32;2.88;3.5;2.31;5.4;345;128;14.7;13.31;0.905;0;1;0;0;0;0;0;0;0;1;0;258;53;164;69;0;73
1739.01;1831;45;45;12;8.12;86;0;28;42;0;69;19;0.66;1.0;1.0;0;0;42;5.62;7.0;3.68;12.4;345;128;14.7;13.31;0.905;0;1;0;0;0;0;0;0;0;1;0;393;64;166;69;0;98
1739.39;1883;44;44;12;7.98;87;0;27;43;0;68;18;0.66;1.0;1.0;0;0;43;5.5;7.0;3.63;12.5;345;128;14.82;14.71;0.993;0;1;0;0;0;0;0;0;0;1;0;385;65;165;69;0;41
1739.82;1895;43;43;12;7.83;87;0;26;44;0;66;18;0.66;1.0;1.0;0;0;44;5.38;7.0;3.57;12.4;345;128;14.82;14.71;0.993;0;1;0;0;0;0;0;0;0;1;0;370;64;165;69;0;90
1740.22;1639;21;21;1;4.4;88;0;30;20;0;49;8;0.42;1.0;1.0;0;0;40;2.62;0.6;2.2;6.0;345;128;14.7;12.11;0.824;0;1;0;0;0;1;0;0;0;1;0;247;42;163;69;0;75
1740.61;1217;17;17;1;3.76;87;0;58;20;0;47;5;0.37;1.0;1.0;0;0;12;2.12;0.6;1.94;3.8;345;128;14.7;12.11;0.824;0;1;0;0;0;1;0;0;0;1;0;225;42;165;69;0;74
1741.02;1383;17;17;1;3.73;87;0;51;20;0;46;5;0.37;1.0;1.0;0;0;19;2.12;0.6;1.93;4.3;345;128;14.7;12.11;0.824;0;1;0;0;0;1;0;0;0;1;0;218;42;165;69;0;73
1741.41;1434;16;16;1;3.71;87;0;50;20;0;46;5;0.37;1.0;1.0;0;0;20;2.0;0.6;1.92;4.4;345;128;14.7;14.11;0.96;0;1;0;0;0;1;0;0;0;1;0;218;42;165;69;0;73
1741.81;1370;15;15;1;3.56;87;0;50;20;0;45;5;0.36;1.0;1.0;0;0;20;1.88;0.6;1.86;4.1;345;128;14.7;14.11;0.96;0;1;0;0;0;1;0;0;0;1;0;212;42;165;69;0;54
1742.22;1319;16;16;1;3.6;88;0;50;20;0;45;4;0.36;1.0;1.0;0;0;20;2.0;0.6;1.88;4.0;345;128;14.7;14.11;0.96;0;1;0;0;0;1;0;0;0;1;0;212;42;163;69;0;73
1742.64;1639;27;27;3;5.36;87;0;29;41;0;53;9;0.52;1.0;1.0;0;0;41;3.38;1.7;2.58;7.3;345;128;14.7;13.01;0.885;0;1;0;0;0;0;0;0;0;1;0;271;47;165;69;0;77
1743.04;1588;28;28;4;5.58;87;0;27;43;0;54;10;0.53;1.0;1.0;0;0;43;3.5;2.3;2.67;7.4;345;128;14.7;13.01;0.885;0;1;0;0;0;0;0;0;0;1;0;277;48;165;69;0;74
1743.44;1601;17;17;1;3.78;87;0;38;20;0;47;6;0.38;1.0;1.0;0;0;32;2.12;0.6;1.95;5.0;345;128;14.7;12.91;0.878;0;1;0;0;0;1;0;0;0;1;0;224;42;165;69;0;74
1743.84;1089;17;17;1;3.87;88;0;57;20;0;48;4;0.37;1.0;1.0;0;0;13;2.12;0.6;1.99;3.5;345;128;14.7;12.91;0.878;0;1;0;0;0;1;0;0;0;1;0;232;42;163;70;0;38
1744.23;1332;16;16;1;3.71;87;0;50;20;0;46;4;0.37;1.0;1.0;0;0;20;2.0;0.6;1.92;4.1;345;128;14.7;14.81;1.007;0;1;0;0;0;1;0;0;0;1;0;219;42;165;69;0;73
1744.64;1281;16;16;1;3.62;86;0;50;20;0;45;4;0.36;1.0;1.0;0;0;20;2.0;0.6;1.88;3.9;345;128;14.7;14.81;1.007;0;1;0;0;0;1;0;0;0;1;0;210;42;165;69;0;73
1744.83;1345;16;16;1;3.62;86;0;50;20;0;45;4;0.36;1.0;1.0;0;0;20;2.0;0.6;1.88;4.1;345;128;14.7;14.81;1.007;0;1;0;0;0;1;0;0;0;1;0;210;42;166;70;0;73
1745.25;1319;16;16;1;3.6;86;0;50;20;0;45;4;0.36;1.0;1.0;0;0;20;2.0;0.6;1.87;4.0;345;128;14.7;13.31;0.905;0;1;0;0;0;1;0;0;0;1;0;210;42;166;69;0;73
1745.66;1229;15;15;1;3.51;87;0;50;20;0;44;4;0.35;1.0;1.0;0;0;20;1.88;0.6;1.84;3.6;345;128;14.7;13.31;0.905;0;1;0;0;0;1;0;0;0;1;0;206;42;164;69;0;54
1746.07;1217;15;15;1;3.53;87;0;50;20;0;45;4;0.35;1.0;1.0;0;0;20;1.88;0.6;1.85;3.6;345;128;14.7;13.31;0.905;0;1;0;0;0;1;0;0;0;1;0;208;42;165;69;0;73
1746.46;1153;14;14;1;3.41;87;0;50;20;0;44;4;0.34;1.0;1.0;0;0;20;1.75;0.6;1.8;3.3;345;128;14.7;12.51;0.851;0;1;0;0;0;1;0;0;0;1;0;205;42;164;69;0;72
1746.85;1204;15;15;1;3.46;87;0;50;20;0;44;4;0.34;1.0;1.0;0;0;20;1.88;0.6;1.82;3.5;345;128;14.7;12.51;0.851;0;1;0;0;0;1;0;0;0;1;0;207;42;165;69;0;72
1747.26;1114;15;15;1;3.47;86;0;50;20;0;45;3;0.34;1.0;1.0;0;0;20;1.88;0.6;1.82;3.2;345;128;14.7;12.81;0.871;0;1;0;0;0;1;0;0;0;1;0;210;42;166;69;0;57
1747.66;1089;15;15;1;3.42;86;0;50;20;0;45;3;0.34;1.0;1.0;0;0;20;1.88;0.6;1.8;3.1;345;128;14.7;12.81;0.871;0;1;0;0;0;1;0;0;0;1;0;213;42;166;69;0;54
1748.07;1140;15;15;1;3.5;88;0;50;20;0;45;3;0.34;1.0;1.0;0;0;20;1.88;0.6;1.84;3.3;345;128;14.7;12.81;0.871;0;1;0;0;0;1;0;0;0;1;0;213;42;163;68;0;73
1748.46;1063;15;15;1;3.45;88;0;50;20;0;45;3;0.34;1.0;1.0;0;0;20;1.88;0.6;1.82;3.1;345;128;14.7;13.21;0.899;0;1;0;0;0;1;0;0;0;1;0;212;42;164;69;0;56
1748.87;1089;14;14;1;3.36;87;0;50;20;0;45;3;0.34;1.0;1.0;0;0;20;1.75;0.6;1.78;3.0;345;128;14.7;13.21;0.899;0;1;0;0;0;1;0;0;0;1;0;209;42;165;69;0;73
1749.29;1101;15;15;1;3.43;87;0;50;20;0;45;3;0.34;1.0;1.0;0;0;20;1.88;0.6;1.81;3.1;345;128;14.7;14.31;0.973;0;1;0;0;0;1;0;0;0;1;0;214;42;165;69;0;73
1749.69;1012;14;14;1;3.33;87;0;50;20;0;45;3;0.33;1.0;1.0;0;0;20;1.75;0.6;1.77;2.8;345;128;14.7;14.31;0.973;0;1;0;0;0;1;0;0;0;1;0;215;42;164;70;0;73
1750.1;986;15;15;1;3.52;88;0;50;20;0;46;3;0.34;1.0;1.0;0;0;20;1.88;0.6;1.85;2.9;345;128;14.7;14.31;0.973;0;1;0;0;0;1;0;0;0;1;0;220;42;163;70;0;38
1750.28;999;15;15;1;3.56;89;0;50;20;0;46;3;0.34;1.0;1.0;0;0;20;1.88;0.6;1.87;3.0;345;128;14.7;14.61;0.994;0;1;0;0;0;1;0;0;0;1;0;221;42;162;69;0;73
1750.7;999;15;15;1;3.57;88;0;50;20;0;47;3;0.34;1.0;1.0;0;0;20;1.88;0.6;1.87;3.0;345;128;14.7;14.61;0.994;0;1;0;0;0;1;0;0;0;1;0;224;42;163;69;0;74
1751.09;999;15;15;1;3.56;89;0;50;20;0;46;3;0.34;1.0;1.0;0;0;20;1.88;0.6;1.87;3.0;345;128;14.7;14.61;0.994;0;1;0;0;0;1;0;0;0;1;0;223;42;162;69;0;74
1751.49;973;15;15;1;3.58;89;0;50;20;0;47;3;0.34;1.0;1.0;0;0;20;1.88;0.6;1.88;2.9;345;128;14.7;15.01;1.021;0;1;0;0;0;1;0;0;0;1;0;227;42;162;68;0;74
1751.89;1370;31;31;2;6.01;87;0;32;39;0;55;9;0.55;1.0;1.0;0;0;38;3.88;1.2;2.84;6.9;345;128;14.7;15.01;1.021;0;1;0;0;0;0;0;0;0;1;0;287;45;164;69;0;81
1752.31;1165;18;18;1;3.9;88;0;47;20;0;48;5;0.38;1.0;1.0;0;0;23;2.25;0.6;2.0;3.8;345;128;14.7;13.01;0.885;0;1;0;0;0;1;0;0;0;1;0;232;42;163;69;0;74
1752.7;1101;18;18;1;3.91;87;0;50;20;0;48;4;0.38;1.0;1.0;0;0;20;2.25;0.6;2.0;3.6;345;128;14.7;13.01;0.885;0;1;0;0;0;1;0;0;0;1;0;236;42;165;69;0;75
1753.11;999;16;16;1;3.71;87;0;50;20;0;47;3;0.34;1.0;1.0;0;0;20;2.0;0.6;1.92;3.1;345;128;14.7;13.01;0.885;0;1;0;0;0;1;0;0;0;1;0;231;42;164;70;0;74
1753.5;1012;17;17;1;3.82;86;0;50;20;0;48;4;0.36;1.0;1.0;0;0;20;2.12;0.6;1.96;3.2;345;128;14.7;15.31;1.041;0;1;0;0;0;1;0;0;0;1;0;236;42;166;70;0;74
1753.92;1063;17;17;1;3.81;87;0;50;20;0;48;4;0.37;1.0;1.0;0;0;20;2.12;0.6;1.96;3.4;345;128;14.7;15.31;1.041;0;1;0;0;0;1;0;0;0;1;0;239;42;165;69;0;75
1754.31;948;17;17;1;3.77;86;0;50;20;0;48;3;0.35;1.0;1.0;0;0;20;2.12;0.6;1.94;3.0;345;128;14.7;15.31;1.041;0;1;0;0;0;1;0;0;0;1;0;238;42;166;70;0;74
1754.72;871;16;16;1;3.62;86;0;50;20;0;48;3;0.34;1.0;1.0;0;0;20;2.0;0.6;1.88;2.6;345;128;14.7;15.31;1.041;0;1;0;0;0;1;0;0;0;1;0;239;42;166;70;0;75
1755.11;896;16;16;1;3.71;87;0;50;20;0;48;3;0.35;1.0;1.0;0;0;20;2.0;0.6;1.92;2.8;345;128;14.7;15.31;1.041;0;1;0;0;0;1;0;0;0;1;0;239;42;165;70;0;75
1755.52;999;19;19;1;4.08;87;0;50;20;0;49;4;0.38;1.0;1.0;0;0;20;2.38;0.6;2.07;3.4;345;128;14.7;16.52;1.124;0;1;0;0;0;1;0;0;0;1;0;241;42;165;70;0;76
1755.94;1140;15;15;1;3.55;88;0;50;20;0;46;4;0.35;1.0;1.0;0;0;20;1.88;0.6;1.86;3.4;345;128;14.7;16.52;1.124;0;1;0;0;0;1;0;0;0;1;0;217;42;163;69;0;73
1756.15;1101;16;16;1;3.61;87;0;50;20;0;46;3;0.35;1.0;1.0;0;0;20;2.0;0.6;1.88;3.3;345;128;14.7;16.52;1.124;0;1;0;0;0;1;0;0;0;1;0;220;42;165;69;0;73
1756.55;1050;16;16;1;3.6;88;0;50;20;0;46;3;0.34;1.0;1.0;0;0;20;2.0;0.6;1.88;3.1;345;128;14.7;14.71;1.001;0;1;0;0;0;1;0;0;0;1;0;223;42;163;69;0;73
1756.94;935;14;14;1;3.45;90;0;50;20;0;46;3;0.33;1.0;1.0;0;0;20;1.75;0.6;1.83;2.7;345;128;14.7;14.71;1.001;0;1;0;0;0;1;0;0;0;1;0;220;42;161;69;0;73
1757.35;871;15;15;1;3.46;89;0;50;20;0;47;3;0.33;1.0;1.0;0;0;20;1.88;0.6;1.83;2.5;345;128;14.7;14.71;1.001;0;1;0;0;0;1;0;0;0;1;0;229;42;162;69;0;74
1757.76;884;17;17;1;3.82;90;0;50;20;0;49;3;0.36;1.0;1.0;0;0;20;2.12;0.6;1.98;2.8;345;128;14.7;14.71;1.001;0;1;0;0;0;1;0;0;0;1;0;244;42;161;69;0;75
1758.15;922;18;18;1;3.98;89;0;50;20;0;49;3;0.37;1.0;1.0;0;0;20;2.25;0.6;2.04;3.1;345;128;14.7;14.71;1.001;0;1;0;0;0;1;0;0;0;1;0;244;42;162;70;0;75
1758.55;922;17;17;1;3.86;89;0;50;20;0;49;3;0.37;1.0;1.0;0;0;20;2.12;0.6;1.99;3.0;345;128;14.7;14.41;0.98;0;1;0;0;0;1;0;0;0;1;0;242;42;162;70;0;75
1758.95;896;19;19;1;4.18;89;0;50;20;0;50;3;0.39;1.0;1.0;0;0;20;2.38;0.6;2.12;3.1;345;128;14.7;14.41;0.98;0;1;0;0;0;1;0;0;0;1;0;251;42;162;69;0;76
1759.35;896;20;20;1;4.35;90;0;50;20;0;51;3;0.41;1.0;1.0;0;0;20;2.5;0.6;2.19;3.2;345;128;14.7;14.81;1.007;0;1;0;0;0;1;0;0;0;1;0;255;42;161;69;0;76
1759.75;845;20;20;1;4.25;90;0;50;20;0;51;3;0.4;1.0;1.0;0;0;20;2.5;0.6;2.15;3.0;345;128;14.7;14.81;1.007;0;1;0;0;0;1;0;0;0;1;0;255;42;161;70;0;76
1760.15;845;20;20;1;4.32;90;0;50;20;0;51;3;0.4;1.0;1.0;0;0;20;2.5;0.6;2.18;3.0;345;128;14.7;14.81;1.007;0;1;0;0;0;1;0;0;0;1;0;253;42;161;69;0;76
1760.58;756;20;20;1;4.23;87;0;50;20;0;51;3;0.41;1.0;1.0;0;0;20;2.5;0.6;2.13;2.7;345;128;14.7;13.81;0.939;0;1;0;0;0;1;0;0;0;1;0;255;42;164;69;0;86
1760.97;845;23;23;1;4.73;87;0;50;20;0;53;4;0.44;1.0;1.0;0;0;20;2.88;0.6;2.33;3.3;345;128;14.47;13.81;0.954;0;1;0;0;0;1;0;0;0;1;0;269;42;165;70;0;73
1761.36;756;23;23;1;4.72;86;0;50;20;0;53;4;0.45;1.0;1.0;0;0;20;2.88;0.6;2.32;3.0;345;128;14.47;13.51;0.934;0;1;0;0;0;1;0;0;0;1;0;270;42;166;70;0;74
1761.57;717;22;22;1;4.71;89;0;50;20;0;53;3;0.45;1.0;1.0;0;0;20;2.75;0.6;2.33;2.8;345;128;14.7;13.51;0.919;0;1;0;0;0;1;0;0;0;1;0;274;42;162;70;0;75
1761.97;717;24;24;1;4.98;87;0;50;20;0;54;4;0.47;1.0;1.0;0;0;20;3.0;0.6;2.43;3.0;345;128;14.47;13.51;0.934;0;1;0;0;0;1;0;0;0;1;0;282;42;165;69;0;82
1762.39;704;25;25;1;5.06;87;0;50;20;0;55;4;0.48;1.0;1.0;0;0;20;3.12;0.6;2.46;3.0;345;128;14.47;12.41;0.858;0;1;0;0;0;1;0;0;0;1;0;284;42;165;70;0;82
1762.77;871;25;25;1;5.13;87;0;50;20;0;54;4;0.47;1.0;1.0;0;0;20;3.12;0.6;2.49;3.7;345;128;14.47;12.41;0.858;0;1;0;0;0;1;0;0;0;1;0;278;42;165;70;0;81
1763.19;935;21;21;1;4.43;87;0;50;20;0;51;4;0.41;1.0;1.0;0;0;20;2.62;0.6;2.21;3.5;345;128;14.7;12.41;0.844;0;1;0;0;0;1;0;0;0;1;0;258;42;165;70;0;76
1763.58;922;18;18;1;3.98;87;0;50;20;0;50;3;0.39;1.0;1.0;0;0;20;2.25;0.6;2.03;3.1;345;128;14.7;12.61;0.858;0;1;0;0;0;1;0;0;0;1;0;249;42;165;70;0;76
1763.99;820;20;20;1;4.23;89;0;50;20;0;51;3;0.4;1.0;1.0;0;0;20;2.5;0.6;2.14;2.9;345;128;14.7;12.61;0.858;0;1;0;0;0;1;0;0;0;1;0;253;42;162;70;0;76
1764.39;781;19;19;1;4.21;89;0;50;20;0;51;3;0.41;1.0;1.0;0;0;20;2.38;0.6;2.13;2.7;345;128;14.7;13.91;0.946;0;1;0;0;0;1;0;0;0;1;0;256;42;162;70;0;77
1764.81;807;21;21;1;4.4;90;0;50;20;0;51;3;0.41;1.0;1.0;0;0;20;2.62;0.6;2.21;3.0;345;128;14.7;13.91;0.946;0;1;0;0;0;1;0;0;0;1;0;258;42;161;69;0;73
1765.2;820;21;21;1;4.41;89;0;50;20;0;51;4;0.4;1.0;1.0;0;0;20;2.62;0.6;2.21;3.0;345;128;14.7;13.91;0.946;0;1;0;0;0;1;0;0;0;1;0;258;42;162;69;0;76
1765.59;832;22;22;1;4.58;87;0;50;20;0;52;4;0.42;1.0;1.0;0;0;20;2.75;0.6;2.27;3.2;345;128;14.7;13.81;0.939;0;1;0;0;0;1;0;0;0;1;0;265;42;165;69;0;77
1765.99;807;21;21;1;4.51;87;0;50;20;0;52;3;0.43;1.0;1.0;0;0;20;2.62;0.6;2.24;3.0;345;128;14.7;13.81;0.939;0;1;0;0;0;1;0;0;0;1;0;261;42;165;70;0;77
1766.4;756;22;22;1;4.56;87;0;50;20;0;52;3;0.43;1.0;1.0;0;0;20;2.75;0.6;2.26;2.9;345;128;14.7;14.51;0.987;0;1;0;0;0;1;0;0;0;1;0;263;42;164;70;0;76
1766.8;717;21;21;1;4.51;87;0;50;20;0;52;3;0.43;1.0;1.0;0;0;20;2.62;0.6;2.24;2.7;345;128;14.7;14.51;0.987;0;1;0;0;0;1;0;0;0;1;0;266;42;165;69;0;74
1767.21;717;22;22;1;4.66;89;0;50;20;0;53;3;0.45;1.0;1.0;0;0;20;2.75;0.6;2.31;2.8;345;128;14.7;14.51;0.987;0;1;0;0;0;1;0;0;0;1;0;271;42;162;70;0;74
1767.4;820;24;24;1;4.88;89;0;50;20;0;53;4;0.44;1.0;1.0;0;0;20;3.0;0.6;2.4;3.3;345;128;14.47;13.81;0.954;0;1;0;0;0;1;0;0;0;1;0;275;42;162;69;0;81
1767.8;781;25;25;1;5.18;87;0;50;20;0;54;4;0.47;1.0;1.0;0;0;20;3.12;0.6;2.51;3.4;345;128;14.47;13.81;0.954;0;1;0;0;0;1;0;0;0;1;0;282;42;164;70;0;82
1768.21;781;27;27;1;5.38;89;0;50;20;0;55;4;0.48;1.0;1.0;0;0;20;3.38;0.6;2.6;3.5;345;128;14.47;13.81;0.954;0;1;0;0;0;1;0;0;0;1;0;284;42;162;70;0;82
1768.64;756;27;27;1;5.4;88;0;50;20;0;55;4;0.48;1.0;1.0;0;0;20;3.38;0.6;2.6;3.4;345;128;14.47;13.11;0.906;0;1;0;0;0;1;0;0;0;1;0;287;42;163;71;0;82
1769.03;756;27;27;1;5.33;87;0;50;20;0;55;4;0.48;1.0;1.0;0;0;20;3.38;0.6;2.57;3.4;345;128;14.47;13.11;0.906;0;1;0;0;0;1;0;0;0;1;0;291;42;164;71;0;82
1769.42;781;27;27;1;5.43;87;0;50;20;0;55;4;0.48;1.0;1.0;0;0;20;3.38;0.6;2.61;3.5;345;128;14.47;12.81;0.885;0;1;0;0;0;1;0;0;0;1;0;291;42;164;69;0;82
1769.84;730;26;26;1;5.33;89;0;50;20;0;55;4;0.48;1.0;1.0;0;0;20;3.25;0.6;2.58;3.2;345;128;14.47;12.81;0.885;0;1;0;0;0;1;0;0;0;1;0;286;42;162;69;0;82
1770.24;768;27;27;1;5.42;88;0;50;20;0;55;4;0.48;1.0;1.0;0;0;20;3.38;0.6;2.61;3.5;345;128;14.47;12.81;0.885;0;1;0;0;0;1;0;0;0;1;0;288;42;163;69;0;82
1770.64;768;27;27;1;5.37;88;0;50;20;0;55;4;0.48;1.0;1.0;0;0;20;3.38;0.6;2.59;3.4;345;128;14.47;12.51;0.865;0;1;0;0;0;1;0;0;0;1;0;285;42;162;70;0;82
1771.05;730;24;24;1;4.96;87;0;50;20;0;54;4;0.47;1.0;1.0;0;0;20;3.0;0.6;2.42;3.0;345;128;14.47;12.51;0.865;0;1;0;0;0;1;0;0;0;1;0;283;42;165;70;0;82
1771.44;756;26;26;1;5.23;87;0;50;20;0;55;4;0.48;1.0;1.0;0;0;20;3.25;0.6;2.53;3.3;345;128;14.47;12.71;0.878;0;1;0;0;0;1;0;0;0;1;0;285;42;164;70;0;82
1771.86;832;26;26;1;5.37;88;0;50;20;0;55;4;0.48;1.0;1.0;0;0;20;3.25;0.6;2.59;3.7;345;128;14.47;12.71;0.878;0;1;0;0;0;1;0;0;0;1;0;290;42;165;70;0;76
1772.25;768;26;26;1;5.28;87;0;50;20;0;55;4;0.48;1.0;1.0;0;0;20;3.25;0.6;2.55;3.4;345;128;14.47;12.71;0.878;0;1;0;0;0;1;0;0;0;1;0;284;42;165;71;0;82
1772.65;845;26;26;1;5.31;87;0;50;20;0;55;4;0.48;1.0;1.0;0;0;20;3.25;0.6;2.56;3.7;345;128;14.47;13.61;0.941;0;1;0;0;0;1;0;0;0;1;0;286;42;165;70;0;82
1773.05;756;24;24;1;4.98;87;0;50;20;0;54;4;0.47;1.0;1.0;0;0;20;3.0;0.6;2.43;3.1;345;128;14.47;13.61;0.941;0;1;0;0;0;1;0;0;0;1;0;280;42;165;69;0;78
1773.25;845;25;25;1;5.13;87;0;50;20;0;54;4;0.46;1.0;1.0;0;0;20;3.12;0.6;2.49;3.6;345;128;14.47;13.61;0.941;0;1;0;0;0;1;0;0;0;1;0;282;42;165;70;0;82
1773.65;807;28;28;1;5.61;87;0;50;20;0;56;5;0.51;1.0;1.0;0;0;20;3.5;0.6;2.68;3.8;345;128;14.47;12.81;0.885;0;1;0;0;0;1;0;0;0;1;0;293;42;165;69;0;76
1774.07;922;34;34;3;6.55;88;0;42;30;0;63;7;0.55;1.0;1.0;0;0;28;4.25;1.7;3.06;5.0;345;128;14.59;12.81;0.878;0;1;0;0;0;0;0;0;0;1;0;344;47;163;70;0;86
1774.47;1306;41;41;4;7.53;87;0;34;35;0;65;11;0.62;1.0;1.0;0;0;36;5.12;2.3;3.45;8.2;345;128;14.7;14.71;1.001;0;1;0;0;0;0;0;0;0;1;0;362;48;164;70;0;89
1774.87;1434;40;40;4;7.32;86;0;32;37;0;63;12;0.63;1.0;1.0;0;0;38;5.0;2.3;3.36;8.7;345;128;14.7;14.71;1.001;0;1;0;0;0;0;0;0;0;1;0;347;48;166;70;0;88
1775.27;1422;36;36;4;6.83;87;0;32;39;0;60;11;0.61;1.0;1.0;0;0;38;4.5;2.3;3.17;8.1;345;128;14.7;14.71;1.001;0;1;0;0;0;0;0;0;0;1;0;326;48;165;70;0;81
1775.66;1473;34;34;4;6.48;87;0;31;39;0;58;11;0.6;1.0;1.0;0;0;39;4.25;2.3;3.03;8.0;345;128;14.7;13.41;0.912;0;1;0;0;0;0;0;0;0;1;0;313;48;165;70;0;84
1776.08;1562;34;34;4;6.41;87;0;30;40;0;57;11;0.59;1.0;1.0;0;0;40;4.25;2.3;3.0;8.3;345;128;14.7;13.41;0.912;0;1;0;0;0;0;0;0;0;1;0;304;48;164;69;0;83
1776.47;1511;32;32;4;6.16;87;0;27;42;0;56;11;0.59;1.0;1.0;0;0;43;4.0;2.3;2.9;7.8;345;128;14.7;13.41;0.912;0;1;0;0;0;0;0;0;0;1;0;292;48;164;69;0;90
1776.88;1716;36;36;5;6.78;87;0;27;43;0;59;13;0.62;1.0;1.0;0;0;43;4.5;2.9;3.15;9.7;345;128;14.7;13.41;0.912;0;1;0;0;0;0;0;0;0;1;0;317;51;164;69;0;85
1777.29;1691;38;38;6;7.06;87;0;29;44;0;61;14;0.63;1.0;1.0;0;0;41;4.75;3.5;3.26;9.9;345;128;14.7;13.41;0.912;0;1;0;0;0;0;0;0;0;1;0;330;52;164;70;0;81
1777.69;1498;43;43;7;7.81;87;0;31;38;0;66;14;0.64;1.0;1.0;0;0;39;5.38;4.1;3.56;9.7;345;128;14.7;14.71;1.001;0;1;0;0;0;0;0;0;0;1;0;375;55;164;70;0;104
1778.09;1562;43;43;7;7.91;87;0;31;39;0;67;15;0.65;1.0;1.0;0;0;39;5.38;4.1;3.6;10.3;345;128;14.7;14.71;1.001;0;1;0;0;0;0;0;0;0;1;0;376;55;164;69;0;90
1778.49;1780;42;42;7;7.68;87;0;28;43;0;64;16;0.66;1.0;1.0;0;0;42;5.25;4.1;3.51;11.4;345;128;14.7;14.41;0.98;0;1;0;0;0;0;0;0;0;1;0;357;55;163;69;0;89
1778.69;1601;40;40;7;7.43;87;0;29;41;0;64;15;0.65;1.0;1.0;0;0;41;5.0;4.1;3.41;9.9;345;128;14.7;14.41;0.98;0;1;0;0;0;0;0;0;0;1;0;357;55;164;70;0;89
1779.09;1550;43;43;7;7.93;87;0;31;40;0;67;15;0.65;1.0;1.0;0;0;39;5.38;4.1;3.61;10.2;345;128;14.7;14.41;0.98;0;1;0;0;0;0;0;0;0;1;0;379;55;164;70;0;91
1779.49;1588;42;42;7;7.71;87;0;30;40;0;66;15;0.65;1.0;1.0;0;0;40;5.25;4.1;3.52;10.2;345;128;14.7;15.01;1.021;0;1;0;0;0;0;0;0;0;1;0;371;55;164;69;0;41
1779.89;1562;42;42;7;7.65;88;0;32;38;0;66;14;0.65;1.0;1.0;0;0;38;5.25;4.1;3.5;10.0;345;128;14.7;15.01;1.021;0;1;0;0;0;0;0;0;0;1;0;368;55;163;70;0;41
1780.31;1550;42;42;7;7.72;88;0;31;39;0;66;15;0.65;1.0;1.0;0;0;39;5.25;4.1;3.53;10.0;345;128;14.7;15.01;1.021;0;1;0;0;0;0;0;0;0;1;0;368;55;163;69;0;41
1780.7;1537;43;43;8;7.8;88;0;31;39;0;67;15;0.65;1.0;1.0;0;0;39;5.38;4.7;3.56;10.0;345;128;14.7;14.31;0.973;0;1;0;0;0;0;0;0;0;1;0;378;56;163;69;0;41
1781.11;1652;45;45;10;8.21;87;0;30;39;0;69;17;0.66;1.0;1.0;0;0;40;5.62;5.8;3.72;11.3;345;128;14.7;14.31;0.973;0;1;0;0;0;0;0;0;0;1;0;393;61;164;70;0;99
1781.51;1831;49;49;12;8.76;89;0;30;40;0;72;19;0.66;1.0;1.0;0;0;40;6.12;7.0;3.95;13.4;345;128;14.7;14.62;0.995;0;1;0;0;0;0;0;0;0;1;0;419;65;164;69;0;101
1781.91;1857;47;47;12;8.53;87;0;29;41;0;71;19;0.66;1.0;1.0;0;0;41;5.88;7.0;3.85;13.2;345;128;14.82;14.62;0.987;0;1;0;0;0;0;0;0;0;1;0;411;65;164;70;0;101
1782.32;1716;46;46;12;8.35;88;0;29;41;0;71;18;0.66;1.0;1.0;0;0;41;5.75;7.0;3.78;11.9;345;128;14.7;14.62;0.995;0;1;0;0;0;0;0;0;0;1;0;410;65;163;69;0;101
1782.72;1755;46;46;12;8.28;87;0;28;42;0;71;18;0.66;1.0;1.0;0;0;42;5.75;7.0;3.75;12.1;345;128;14.7;16.11;1.096;0;1;0;0;0;0;0;0;0;1;0;409;65;165;70;0;100
1783.13;1831;47;47;12;8.5;88;0;28;42;0;72;20;0.66;1.0;1.0;0;0;42;5.88;7.0;3.84;13.0;345;128;14.7;16.11;1.096;0;1;0;0;0;0;0;0;0;1;0;414;65;163;69;0;101
1783.52;1831;47;47;12;8.47;88;0;29;41;0;71;19;0.66;1.0;1.0;0;0;41;5.88;7.0;3.83;12.9;345;128;14.7;16.21;1.103;0;1;0;0;0;0;0;0;0;1;0;411;65;163;69;0;88
1783.93;1934;47;47;12;8.46;87;0;27;43;0;72;20;0.66;1.0;1.0;0;0;43;5.88;7.0;3.82;13.6;345;128;14.82;16.21;1.094;0;1;0;0;0;0;0;0;0;1;0;413;65;164;70;0;101
1784.34;1972;46;46;12;8.36;87;0;26;44;0;71;20;0.66;1.0;1.0;0;0;44;5.75;7.0;3.78;13.7;345;128;14.82;16.21;1.094;0;1;0;0;0;0;0;0;0;1;0;410;65;164;70;0;101
1784.53;1985;46;46;12;8.33;87;0;26;44;0;71;20;0.66;1.0;1.0;0;0;44;5.75;7.0;3.77;13.8;345;128;14.82;14.71;0.993;0;1;0;0;0;0;0;0;0;1;0;408;65;164;70;0;100
1784.95;1934;46;46;12;8.26;87;0;27;43;0;70;20;0.66;1.0;1.0;0;0;43;5.75;7.0;3.74;13.3;345;128;14.82;14.71;0.993;0;1;0;0;0;0;0;0;0;1;0;402;65;164;70;0;88
1785.35;1870;42;42;12;7.75;88;0;25;44;0;65;18;0.66;1.0;1.0;0;0;45;5.25;7.0;3.54;12.1;345;128;14.82;14.71;0.993;0;1;0;0;0;0;0;0;0;1;0;366;65;163;70;0;90
1785.75;1729;27;27;1;5.42;88;0;25;44;0;53;11;0.52;1.0;1.0;0;0;45;3.38;0.6;2.61;7.8;345;128;14.7;12.51;0.851;0;1;0;0;0;1;0;0;0;1;0;275;43;163;70;0;81
1786.15;1498;19;20;1;4.18;87;0;57;20;0;49;6;0.41;1.0;1.0;0;0;13;2.38;0.6;2.11;5.2;345;128;14.7;12.51;0.851;0;1;0;0;0;1;0;0;0;1;0;243;42;164;70;0;75
1786.55;1370;22;22;1;4.67;88;0;60;20;0;50;7;0.44;1.0;1.0;0;0;10;2.75;0.6;2.31;5.3;345;128;14.7;19.51;1.327;0;1;0;0;0;1;0;0;0;1;0;251;42;163;70;0;76
1786.97;1511;17;17;1;3.78;87;0;62;20;0;47;5;0.38;1.0;1.0;0;0;8;2.12;0.6;1.95;4.8;345;128;14.7;19.51;1.327;0;1;0;0;0;1;0;0;0;1;0;226;42;165;70;0;74
1787.37;1281;33;33;5;6.3;88;0;47;39;0;56;9;0.59;1.0;1.0;0;0;23;4.12;2.9;2.96;6.7;345;128;14.7;19.51;1.327;0;1;0;0;0;0;0;0;0;1;0;296;50;163;71;0;82
1787.76;1870;38;38;7;7.06;87;0;24;46;0;61;16;0.63;1.0;1.0;0;0;46;4.75;4.1;3.26;11.0;345;128;14.82;14.61;0.986;0;1;0;0;0;0;0;0;0;1;0;328;55;164;70;0;81
1788.18;1895;39;39;9;7.23;87;0;24;46;0;62;17;0.64;1.0;1.0;0;0;46;4.88;5.2;3.33;11.4;345;128;14.82;14.61;0.986;0;1;0;0;0;0;0;0;0;1;0;339;59;164;70;0;86
1788.57;1985;39;39;9;7.26;87;0;23;47;0;62;18;0.64;1.0;1.0;0;0;47;4.88;5.2;3.34;12.0;345;128;14.82;14.21;0.959;0;1;0;0;0;0;0;0;0;1;0;341;59;164;70;0;84
1788.97;1934;35;35;9;6.58;87;0;22;47;0;58;15;0.61;1.0;1.0;0;0;48;4.38;5.2;3.07;10.6;345;128;14.82;14.21;0.959;0;1;0;0;0;0;0;0;0;1;0;310;59;164;70;0;84
1789.38;2024;35;35;9;6.57;88;0;23;47;0;58;15;0.61;1.0;1.0;0;0;47;4.38;5.2;3.07;11.1;345;128;14.82;14.21;0.959;0;1;0;0;0;0;0;0;0;1;0;310;59;163;70;0;84
1789.76;2024;34;34;9;6.43;87;0;22;47;0;57;15;0.6;1.0;1.0;0;0;48;4.25;5.2;3.01;10.8;345;128;14.82;14.11;0.952;0;1;0;0;0;0;0;0;0;1;0;307;59;164;71;0;84
1789.97;2036;34;34;9;6.38;87;0;23;47;0;57;15;0.6;1.0;1.0;0;0;47;4.25;5.2;2.99;10.8;345;128;14.82;14.11;0.952;0;1;0;0;0;0;0;0;0;1;0;303;59;164;70;0;83
1790.39;2062;34;34;9;6.33;87;0;22;48;0;57;15;0.59;1.0;1.0;0;0;48;4.25;5.2;2.97;10.9;345;128;14.82;14.11;0.952;0;1;0;0;0;0;0;0;0;1;0;302;59;164;70;0;82
1790.78;2024;33;33;9;6.27;88;0;22;48;0;56;15;0.59;1.0;1.0;0;0;48;4.12;5.2;2.95;10.6;345;128;14.82;13.61;0.918;0;1;0;0;0;0;0;0;0;1;0;299;59;163;70;0;82
1791.19;1498;25;25;4;5.01;87;0;30;40;0;52;8;0.48;1.0;1.0;0;0;40;3.12;2.3;2.44;6.3;345;128;14.7;13.61;0.926;0;1;0;0;0;0;0;0;0;1;0;264;48;165;71;0;77
1791.59;1396;27;27;4;5.41;87;0;28;42;0;53;9;0.51;1.0;1.0;0;0;42;3.38;2.3;2.6;6.3;345;128;14.7;13.01;0.885;0;1;0;0;0;0;0;0;0;1;0;275;48;164;71;0;81
1791.99;1447;20;20;1;4.23;87;0;39;20;0;49;6;0.41;1.0;1.0;0;0;31;2.5;0.6;2.13;5.1;345;128;14.7;13.01;0.885;0;1;0;0;0;1;0;0;0;1;0;247;42;165;71;0;76
1792.39;1281;25;25;1;5.1;86;0;52;20;0;52;7;0.48;1.0;1.0;0;0;18;3.12;0.6;2.47;5.4;345;128;14.7;13.01;0.885;0;1;0;0;0;1;0;0;0;1;0;267;42;166;71;0;77
1792.81;1434;19;19;1;4.18;87;0;50;20;0;49;6;0.41;1.0;1.0;0;0;20;2.38;0.6;2.11;5.0;345;128;14.7;15.01;1.021;0;1;0;0;0;1;0;0;0;1;0;241;42;165;71;0;74
1793.19;1370;18;18;1;4.02;86;0;50;20;0;48;5;0.39;1.0;1.0;0;0;20;2.25;0.6;2.04;4.6;345;128;14.7;15.01;1.021;0;1;0;0;0;1;0;0;0;1;0;235;42;166;71;0;74
1793.6;1383;18;18;1;3.98;87;0;50;20;0;48;5;0.39;1.0;1.0;0;0;20;2.25;0.6;2.03;4.6;345;128;14.7;14.11;0.96;0;1;0;0;0;1;0;0;0;1;0;232;42;164;71;0;85
1794.01;1434;17;17;1;3.82;86;0;50;20;0;47;5;0.38;1.0;1.0;0;0;20;2.12;0.6;1.96;4.6;345;128;14.7;14.11;0.96;0;1;0;0;0;1;0;0;0;1;0;227;42;166;71;0;57
1794.41;1281;16;16;1;3.68;87;0;50;20;0;46;4;0.37;1.0;1.0;0;0;20;2.0;0.6;1.91;3.9;345;128;14.7;14.11;0.96;0;1;0;0;0;1;0;0;0;1;0;220;42;164;71;0;73
1794.8;1345;16;16;1;3.7;86;0;50;20;0;46;5;0.37;1.0;1.0;0;0;20;2.0;0.6;1.91;4.1;345;128;14.7;14.31;0.973;0;1;0;0;0;1;0;0;0;1;0;220;42;166;70;0;73
1795.21;1255;16;16;1;3.58;87;0;50;20;0;45;4;0.36;1.0;1.0;0;0;20;2.0;0.6;1.87;3.7;345;128;14.7;14.31;0.973;0;1;0;0;0;1;0;0;0;1;0;213;42;164;70;0;73
1795.63;1306;16;16;1;3.58;87;0;50;20;0;45;4;0.36;1.0;1.0;0;0;20;2.0;0.6;1.87;3.9;345;128;14.7;12.71;0.865;0;1;0;0;0;1;0;0;0;1;0;213;42;165;70;0;73
1795.81;1306;16;16;1;3.6;86;0;50;20;0;45;4;0.36;1.0;1.0;0;0;20;2.0;0.6;1.87;3.9;345;128;14.7;12.71;0.865;0;1;0;0;0;1;0;0;0;1;0;212;42;166;70;0;70
1796.21;1306;16;16;1;3.57;86;0;50;20;0;45;4;0.36;1.0;1.0;0;0;20;2.0;0.6;1.86;3.9;345;128;14.7;12.71;0.865;0;1;0;0;0;1;0;0;0;1;0;211;42;166;70;0;72
1796.61;1255;15;15;1;3.5;86;0;50;20;0;45;4;0.36;1.0;1.0;0;0;20;1.88;0.6;1.83;3.7;345;128;14.7;12.31;0.837;0;1;0;0;0;1;0;0;0;1;0;209;42;166;70;0;70
1797.03;1204;15;15;1;3.43;87;0;50;20;0;44;4;0.34;1.0;1.0;0;0;20;1.88;0.6;1.81;3.4;345;128;14.7;12.31;0.837;0;1;0;0;0;1;0;0;0;1;0;203;42;165;70;0;70
1797.41;1204;15;15;1;3.5;88;0;50;20;0;44;4;0.34;1.0;1.0;0;0;20;1.88;0.6;1.84;3.5;345;128;14.7;12.31;0.837;0;1;0;0;0;1;0;0;0;1;0;203;42;163;70;0;72
1797.83;1281;13;13;1;3.26;89;0;50;20;0;42;3;0.33;1.0;1.0;0;0;20;1.62;0.6;1.75;3.5;345;128;14.7;12.81;0.871;0;1;0;0;0;1;0;0;0;1;0;189;42;162;70;0;36
1798.24;1178;17;17;1;3.76;87;0;50;20;0;46;4;0.36;1.0;1.0;0;0;20;2.12;0.6;1.94;3.7;345;128;14.7;12.81;0.871;0;1;0;0;0;1;0;0;0;1;0;223;42;165;70;0;74
1798.63;1306;25;25;4;5.06;87;0;33;37;0;52;7;0.48;1.0;1.0;0;0;37;3.12;2.3;2.46;5.5;345;128;14.7;14.62;0.995;0;1;0;0;0;0;0;0;0;1;0;261;49;164;70;0;77
1799.03;1614;37;37;7;6.96;87;0;27;43;0;60;13;0.62;1.0;1.0;0;0;43;4.62;4.1;3.22;9.4;345;128;14.7;14.62;0.995;0;1;0;0;0;0;0;0;0;1;0;327;55;165;70;0;85
1799.45;1780;41;41;9;7.53;87;0;26;44;0;64;16;0.66;1.0;1.0;0;0;44;5.12;5.2;3.45;11.2;345;128;14.7;14.62;0.995;0;1;0;0;0;0;0;0;0;1;0;352;59;165;71;0;89
1799.85;1665;40;40;9;7.38;89;0;25;45;0;62;15;0.64;1.0;1.0;0;0;45;5.0;5.2;3.4;10.2;345;128;14.7;14.61;0.994;0;1;0;0;0;0;0;0;0;1;0;341;59;164;70;0;86
1800.24;1819;39;39;9;7.32;88;0;26;44;0;62;15;0.64;1.0;1.0;0;0;44;4.88;5.2;3.37;11.1;345;128;14.7;14.61;0.994;0;1;0;0;0;0;0;0;0;1;0;342;59;163;70;0;86
1800.65;1921;52;52;7;9.2;88;0;34;36;0;74;22;0.68;1.0;1.0;0;0;36;6.5;4.1;4.12;14.7;345;128;14.82;13.11;0.885;0;1;0;0;0;0;0;0;0;1;0;434;54;163;70;0;102
1801.05;1588;23;23;4;4.71;87;0;29;41;0;51;8;0.46;1.0;1.0;0;0;41;2.88;2.3;2.32;6.2;345;128;14.7;13.11;0.892;0;1;0;0;0;0;0;0;0;1;0;258;49;164;70;0;76
1801.46;1767;42;42;9;7.73;89;0;25;44;0;63;16;0.65;1.0;1.0;0;0;45;5.25;5.2;3.54;11.4;345;128;14.7;13.11;0.892;0;1;0;0;0;0;0;0;0;1;0;351;59;162;70;0;41
1801.65;1806;43;43;11;7.87;88;0;26;44;0;65;17;0.66;1.0;1.0;0;0;44;5.38;6.4;3.59;11.8;345;128;14.7;15.31;1.041;0;1;0;0;0;0;0;0;0;1;0;367;62;163;70;0;102
1802.05;1857;46;46;13;8.33;87;0;27;43;0;71;19;0.66;1.0;1.0;0;0;43;5.75;7.6;3.77;12.9;345;128;14.82;15.31;1.033;0;1;0;0;0;0;0;0;0;1;0;407;67;164;70;0;100
1802.47;1972;46;46;14;8.35;88;0;26;43;0;71;20;0.66;1.0;1.0;0;0;44;5.75;8.1;3.78;13.7;345;128;14.82;15.31;1.033;0;1;0;0;0;0;0;0;0;1;0;408;68;163;69;0;100
1802.86;1998;46;46;14;8.33;87;0;28;43;0;71;20;0.66;1.0;1.0;0;0;42;5.75;8.1;3.77;13.9;345;128;14.82;17.12;1.155;0;1;0;0;0;0;0;0;0;1;0;409;68;164;69;0;88
1803.27;1934;46;46;14;8.28;87;0;27;44;0;71;20;0.66;1.0;1.0;0;0;43;5.75;8.1;3.75;13.3;345;128;14.82;17.12;1.155;0;1;0;0;0;0;0;0;0;1;0;408;68;164;69;0;99
1803.66;1998;50;50;16;8.9;88;0;29;41;0;74;22;0.68;1.0;1.0;0;0;41;6.25;9.3;4.0;14.8;345;128;14.82;17.72;1.196;0;1;0;0;0;0;0;0;0;1;0;428;72;163;69;0;102
1804.06;2139;74;74;28;14;92;0;43;26;0;90;36;0.83;1.0;1.0;0;0;27;9.25;16.3;5.93;24.4;345;128;13.94;17.72;1.271;0;1;0;0;0;0;0;0;0;1;0;548;97;158;68;0;148
1804.49;2280;67;67;27;12;93;0;39;33;0;85;35;0.78;1.0;1.0;0;0;31;8.38;15.7;5.18;22.4;345;128;14.82;17.72;1.196;0;1;0;0;0;0;0;0;0;1;0;513;95;156;68;0;141
1804.88;2203;62;62;23;11;92;0;34;36;0;82;32;0.76;1.0;1.0;0;0;36;7.75;13.4;4.83;20.0;345;128;14.04;14.31;1.019;0;1;0;0;0;0;0;0;0;1;0;491;87;157;68;0;101
1805.27;2100;55;55;21;9.67;92;0;30;39;0;77;26;0.71;1.0;1.0;0;0;40;6.88;12.2;4.33;16.9;345;128;14.82;14.31;0.966;0;1;0;0;0;0;0;0;0;1;0;451;83;157;69;0;92
1805.67;2113;56;56;21;9.82;92;0;31;39;0;78;27;0.72;1.0;1.0;0;0;39;7.0;12.2;4.39;17.3;345;128;14.82;15.52;1.047;0;1;0;0;0;0;0;0;0;1;0;459;83;158;69;0;106
1806.09;2203;56;56;21;9.92;92;0;33;38;0;78;27;0.72;1.0;1.0;0;0;37;7.0;12.2;4.43;18.2;345;128;14.82;15.52;1.047;0;1;0;0;0;0;0;0;0;1;0;459;83;158;69;0;106
1806.48;1998;47;47;19;8.47;92;0;27;44;0;72;22;0.66;1.0;1.0;0;0;43;5.88;11.0;3.85;14.1;345;128;14.82;15.52;1.047;0;1;0;0;0;0;0;0;0;1;0;413;78;158;70;0;101
1806.9;2062;48;48;19;8.62;90;0;27;44;0;72;22;0.67;1.0;1.0;0;0;43;6.0;11.0;3.9;14.8;345;128;14.82;15.82;1.067;0;1;0;0;0;0;0;0;0;1;0;419;78;161;70;0;42
1807.29;2062;49;49;19;8.75;88;0;27;43;0;73;22;0.68;1.0;1.0;0;0;43;6.12;11.0;3.94;15.0;345;128;14.82;15.82;1.067;0;1;0;0;0;0;0;0;0;1;0;420;78;163;70;0;101
1807.5;1934;40;40;13;7.41;89;0;23;46;0;63;17;0.65;1.0;1.0;0;0;47;5.0;7.6;3.41;11.9;345;128;14.82;15.82;1.067;0;1;0;0;0;0;0;0;0;1;0;345;66;162;69;0;88
1807.91;1934;42;42;13;7.6;88;0;25;45;0;64;17;0.66;1.0;1.0;0;0;45;5.25;7.6;3.48;12.2;345;128;14.82;13.91;0.939;0;1;0;0;0;0;0;0;0;1;0;353;66;163;69;0;89
1808.3;1985;46;46;15;8.36;89;0;27;44;0;71;20;0.66;1.0;1.0;0;0;43;5.75;8.7;3.79;13.8;345;128;14.82;13.91;0.939;0;1;0;0;0;0;0;0;0;1;0;409;71;162;69;0;98
1808.71;2113;52;52;18;9.25;88;0;30;41;0;75;24;0.7;1.0;1.0;0;0;40;6.5;10.5;4.14;16.3;345;128;14.82;16.71;1.128;0;1;0;0;0;0;0;0;0;1;0;441;76;163;69;0;92
1809.11;2088;55;55;20;9.76;89;0;31;39;0;78;26;0.72;1.0;1.0;0;0;39;6.88;11.6;4.35;17.0;345;128;14.82;16.71;1.128;0;1;0;0;0;0;0;0;0;1;0;457;80;162;70;0;105
1809.5;2305;68;68;26;12;91;0;42;30;0;86;35;0.79;1.0;1.0;0;0;28;8.5;15.1;5.42;23.8;345;128;14.82;16.71;1.128;0;1;0;0;0;0;0;0;0;1;0;521;93;159;69;0;114
1809.91;1870;40;40;13;7.38;89;0;23;47;0;63;17;0.65;1.0;1.0;0;0;47;5.0;7.6;3.4;11.5;345;128;14.82;13.11;0.885;0;1;0;0;0;0;0;0;0;1;0;351;66;162;69;0;88
1810.31;1985;70;70;26;13;89;0;40;29;0;87;31;0.79;1.0;1.0;0;0;30;8.75;15.1;5.52;21.0;345;128;13.94;13.11;0.94;0;1;0;0;0;0;0;0;0;1;0;529;93;161;69;0;114
1810.72;2600;96;96;74;20;92;0;48;22;0;104;57;0.93;1.0;1.0;0;0;22;12.0;43.0;8.38;42.9;345;128;11.91;12.01;1.008;0;1;0;0;0;0;0;0;0;1;0;655;188;158;69;0;154
1811.12;2971;88;88;74;17;91;0;48;22;0;103;58;0.85;1.0;1.0;0;0;22;11.0;43.0;7.32;42.5;345;128;13.54;12.01;0.887;0;1;0;0;0;0;0;0;0;1;0;651;188;159;69;0;153
1811.53;2946;87;87;74;17;91;0;47;22;1;103;58;0.85;1.0;1.0;0;0;23;10.88;43.0;7.25;41.7;345;128;13.54;12.01;0.887;0;1;0;0;0;0;0;0;0;1;0;650;188;159;69;0;153
1811.93;2971;88;88;73;17;92;0;47;22;1;103;59;0.85;1.0;1.0;0;0;23;11.0;42.4;7.3;42.3;345;128;13.54;14.11;1.042;0;1;0;0;0;0;0;0;0;1;0;645;186;158;68;0;153
1812.33;2971;74;74;39;13;91;0;43;29;1;94;49;0.78;1.0;1.0;0;0;27;9.25;22.7;5.85;33.4;345;128;14.04;14.11;1.005;0;1;0;0;0;0;0;0;0;1;0;581;119;159;68;0;149
1812.74;2715;54;54;25;9.62;92;0;27;42;0;78;33;0.7;1.0;1.0;0;0;43;6.75;14.5;4.31;21.8;345;128;14.59;13.61;0.933;0;1;0;0;0;0;0;0;0;1;0;456;90;157;68;0;92
1812.94;2139;42;42;15;7.72;90;0;23;47;0;66;20;0.66;1.0;1.0;0;0;47;5.25;8.7;3.54;13.8;345;128;14.82;13.61;0.918;0;1;0;0;0;0;0;0;0;1;0;369;70;160;69;0;85
1813.35;2036;44;44;14;7.96;89;0;26;45;0;67;19;0.66;1.0;1.0;0;0;44;5.5;8.1;3.63;13.5;345;128;14.82;13.61;0.918;0;1;0;0;0;0;0;0;0;1;0;379;69;162;69;0;41
1813.73;2164;61;61;21;11;89;0;35;37;0;81;30;0.75;1.0;1.0;0;0;35;7.62;12.2;4.83;19.8;345;128;14.04;14.61;1.041;0;1;0;0;0;0;0;0;0;1;0;482;82;161;69;0;43
1814.13;2139;55;55;20;9.73;91;0;32;39;0;78;27;0.72;1.0;1.0;0;0;38;6.88;11.6;4.35;17.3;345;128;14.82;14.61;0.986;0;1;0;0;0;0;0;0;0;1;0;456;80;159;69;0;106
1814.54;2049;48;48;18;8.65;88;0;27;44;0;73;22;0.68;1.0;1.0;0;0;43;6.0;10.5;3.9;14.8;345;128;14.82;14.61;0.986;0;1;0;0;0;0;0;0;0;1;0;421;77;163;69;0;102
1814.96;2024;46;46;15;8.22;88;0;25;44;0;70;20;0.66;1.0;1.0;0;0;45;5.75;8.7;3.73;13.9;345;128;14.82;14.31;0.966;0;1;0;0;0;0;0;0;0;1;0;399;70;164;69;0;100
1815.35;2267;71;71;27;13;90;0;42;28;0;87;36;0.8;1.0;1.0;0;0;28;8.88;15.7;5.5;23.8;345;128;14.04;14.31;1.019;0;1;0;0;0;0;0;0;0;1;0;526;94;161;69;0;146
1815.76;2216;64;64;24;11;90;0;36;35;0;84;32;0.77;1.0;1.0;0;0;34;8.0;14.0;5.03;21.1;345;128;14.04;14.31;1.019;0;1;0;0;0;0;0;0;0;1;0;505;88;160;69;0;109
1816.15;2369;67;67;24;12;91;0;36;33;0;85;35;0.78;1.0;1.0;0;0;34;8.38;14.0;5.16;23.2;345;128;14.82;14.31;0.966;0;1;0;0;0;0;0;0;0;1;0;514;89;159;68;0;109
1816.55;2318;68;68;26;12;91;0;40;30;0;86;36;0.79;1.0;1.0;0;0;30;8.5;15.1;5.33;23.5;345;128;14.82;14.31;0.966;0;1;0;0;0;0;0;0;0;1;0;519;93;159;68;0;114
1816.96;2113;54;54;21;9.55;90;0;30;40;0;77;26;0.71;1.0;1.0;0;0;40;6.75;12.2;4.27;16.8;345;128;14.82;16.11;1.087;0;1;0;0;0;0;0;0;0;1;0;454;83;161;68;0;105
1817.37;2446;67;67;23;12;91;0;41;33;0;85;36;0.78;1.0;1.0;0;0;29;8.38;13.4;5.24;24.4;345;128;14.82;16.11;1.087;0;1;0;0;0;0;0;0;0;1;0;513;87;159;68;0;142
1817.77;2164;52;52;19;9.25;90;0;29;42;0;75;26;0.7;1.0;1.0;0;0;41;6.5;11.0;4.15;16.7;345;128;14.82;14.21;0.959;0;1;0;0;0;0;0;0;0;1;0;441;79;160;68;0;104
1818.18;2216;59;59;21;10;87;0;32;36;0;80;29;0.74;1.0;1.0;0;0;38;7.38;12.2;4.62;19.3;345;128;14.82;14.21;0.959;0;1;0;0;0;0;0;0;0;1;0;474;83;164;68;0;107
1818.57;2331;65;65;23;11;89;0;35;35;0;84;34;0.77;1.0;1.0;0;0;35;8.12;13.4;5.02;22.2;345;128;14.82;14.21;0.959;0;1;0;0;0;0;0;0;0;1;0;506;87;162;68;0;109
1818.79;2536;76;76;31;14;90;0;45;25;0;91;42;0.83;1.0;1.0;0;0;25;9.5;18.0;6.04;29.5;345;128;14.04;13.51;0.962;0;1;0;0;0;0;0;0;0;1;0;558;102;160;68;0;49
1819.17;2497;98;98;71;24;91;181;48;22;0;104;56;0.95;1.0;1.0;0;0;22;12.25;41.3;10.25;50.9;345;128;11.91;13.51;1.134;0;1;0;0;0;0;0;0;0;1;0;653;182;159;68;0;153
1819.58;2920;90;90;85;18;91;0;50;21;-1;104;59;0.86;1.0;1.0;0;0;20;11.25;49.4;7.64;43.7;345;128;12.06;13.51;1.12;0;1;0;0;0;0;0;0;0;1;0;658;210;159;68;0;148
1819.98;3202;89;89;84;18;90;0;48;22;0;104;65;0.86;1.0;1.0;0;0;22;11.12;48.8;7.51;47.1;345;128;11.91;11.81;0.992;0;1;0;0;0;0;0;0;0;1;0;654;208;160;67;0;153
1820.4;3266;86;86;67;17;90;0;47;23;0;102;63;0.84;1.0;1.0;0;0;23;10.75;39.0;7.06;45.0;345;128;13.63;11.81;0.866;0;1;0;0;0;0;0;0;0;1;0;637;174;160;67;0;150
1820.79;2754;71;71;37;13;91;0;37;33;0;91;44;0.79;1.0;1.0;0;0;33;8.88;21.5;5.53;29.1;345;128;14.04;14.71;1.048;0;1;0;0;0;0;0;0;0;1;0;560;114;159;67;0;148
1821.2;2638;70;70;27;13;92;0;42;29;0;88;41;0.78;1.0;1.0;0;0;28;8.75;15.7;5.56;28.0;345;128;14.04;14.71;1.048;0;1;0;0;0;0;0;0;0;1;0;537;95;157;67;0;147
1821.61;2356;50;50;20;8.96;91;0;27;43;0;74;26;0.69;1.0;1.0;0;0;43;6.25;11.6;4.04;17.6;345;128;14.93;13.91;0.932;0;1;0;0;0;0;0;0;0;1;0;430;81;158;67;0;101
1822.01;2203;42;42;14;7.72;92;0;25;46;0;66;21;0.66;1.0;1.0;0;0;45;5.25;8.1;3.55;14.2;345;128;14.82;13.91;0.939;0;1;0;0;0;0;0;0;0;1;0;369;68;158;67;0;90
1822.41;2113;40;40;14;7.32;90;0;22;48;0;63;19;0.64;1.0;1.0;0;0;48;5.0;8.1;3.38;12.9;345;128;14.82;13.91;0.939;0;1;0;0;0;0;0;0;0;1;0;348;68;161;68;0;89
1822.81;2049;21;21;1;4.47;88;0;22;25;0;50;10;0.44;1.0;1.0;0;0;48;2.62;0.6;2.23;7.6;345;128;14.82;11.71;0.79;0;1;0;0;0;1;0;0;0;1;0;248;42;163;67;0;35
1823.2;1755;16;16;1;3.61;87;0;57;20;0;45;6;0.37;1.0;1.0;0;0;13;2.0;0.6;1.88;5.3;345;128;14.7;11.71;0.797;0;1;0;0;0;1;0;0;0;1;0;215;42;165;68;0;38
1823.6;1473;17;17;1;3.75;86;0;70;20;0;47;6;0.38;1.0;1.0;0;0;0;2.12;0.6;1.93;4.6;345;128;14.7;11.71;0.797;0;1;0;0;0;1;0;0;0;1;0;228;42;166;67;0;38
1824.03;1588;18;18;1;3.93;87;0;70;20;0;48;6;0.39;1.0;1.0;0;0;0;2.25;0.6;2.01;5.2;345;128;14.7;11.71;0.797;0;1;0;0;0;1;0;0;0;1;0;232;42;168;68;0;74
1824.41;1447;17;17;1;3.81;85;0;70;20;0;47;6;0.38;1.0;1.0;0;0;0;2.12;0.6;1.95;4.6;345;128;14.7;11.71;0.797;0;1;0;0;0;1;0;0;0;1;0;230;42;168;67;0;74
1824.61;1370;17;17;1;3.73;85;0;70;20;0;47;5;0.38;1.0;1.0;0;0;0;2.12;0.6;1.92;4.3;345;128;14.7;11.71;0.797;0;1;0;0;0;1;0;0;0;1;0;229;42;167;67;0;74
1825.03;1473;17;17;1;3.77;84;0;70;20;0;47;5;0.38;1.0;1.0;0;0;0;2.12;0.6;1.93;4.6;345;128;14.7;11.71;0.797;0;1;0;0;0;1;0;0;0;1;0;231;42;169;68;0;74
1825.43;1396;18;18;1;3.96;85;0;70;20;0;48;5;0.39;1.0;1.0;0;0;0;2.25;0.6;2.01;4.6;345;128;14.7;11.71;0.797;0;1;0;0;0;1;0;0;0;1;0;234;42;167;67;0;74
1825.84;1447;18;18;1;3.98;85;0;70;20;0;48;5;0.39;1.0;1.0;0;0;0;2.25;0.6;2.02;4.8;345;128;14.7;11.71;0.797;0;1;0;0;0;1;0;0;0;1;0;238;42;168;67;0;74
1826.23;1396;20;20;1;4.21;87;0;68;20;0;49;6;0.41;1.0;1.0;0;0;2;2.5;0.6;2.12;4.9;345;128;14.7;11.71;0.797;0;1;0;0;0;1;0;0;0;1;0;240;42;165;68;0;75
1826.63;1434;17;17;1;3.78;87;0;64;20;0;47;5;0.38;1.0;1.0;0;0;6;2.12;0.6;1.95;4.5;345;128;14.7;15.32;1.042;0;1;0;0;0;1;0;0;0;1;0;229;42;164;67;0;74
1827.04;1383;21;21;1;4.36;85;0;70;20;0;50;6;0.44;1.0;1.0;0;0;0;2.62;0.6;2.17;5.0;345;128;14.7;15.32;1.042;0;1;0;0;0;1;0;0;0;1;0;249;42;167;68;0;76
1827.43;1703;38;38;10;7.07;88;0;27;43;0;60;14;0.62;1.0;1.0;0;0;43;4.75;5.8;3.27;10.0;345;128;14.7;15.32;1.042;0;1;0;0;0;0;0;0;0;1;0;326;61;163;67;0;86
1827.83;2523;101;101;62;20;90;0;47;23;0;103;54;0.93;1.0;1.0;0;0;23;12.62;36.0;8.64;43.0;345;128;11.91;11.91;1.0;0;1;0;0;0;0;0;0;0;1;0;647;165;160;67;0;147
1828.25;2574;60;60;17;11;92;0;37;33;0;81;35;0.73;1.0;1.0;0;0;33;7.5;9.9;4.68;22.6;345;128;14.82;11.91;0.804;0;1;0;0;0;0;0;0;0;1;0;483;74;157;67;0;100
1828.64;1934;28;28;6;5.58;89;0;24;46;0;54;12;0.54;1.0;1.0;0;0;46;3.5;3.5;2.68;9.0;345;128;14.82;11.51;0.777;0;1;0;0;0;0;0;0;0;1;0;281;53;162;67;0;82
1829.04;1691;16;16;1;3.67;88;0;50;20;0;45;6;0.37;1.0;1.0;0;0;20;2.0;0.6;1.91;5.2;345;128;14.7;11.51;0.783;0;1;0;0;0;1;0;0;0;1;0;211;42;163;67;0;72
1829.46;1396;17;17;1;3.87;88;0;67;20;0;47;5;0.38;1.0;1.0;0;0;3;2.12;0.6;1.99;4.5;345;128;14.7;11.51;0.783;0;1;0;0;0;1;0;0;0;1;0;231;42;163;67;0;74
1829.87;1345;17;17;1;3.83;87;0;62;20;0;47;5;0.38;1.0;1.0;0;0;8;2.12;0.6;1.97;4.3;345;128;14.7;20.52;1.396;0;1;0;0;0;1;0;0;0;1;0;225;42;164;67;0;74
1830.05;1498;16;16;1;3.61;87;0;53;20;0;45;5;0.36;1.0;1.0;0;0;17;2.0;0.6;1.88;4.5;345;128;14.7;20.52;1.396;0;1;0;0;0;1;0;0;0;1;0;213;42;165;67;0;73
1830.46;1498;16;16;1;3.66;89;0;50;20;0;45;5;0.36;1.0;1.0;0;0;20;2.0;0.6;1.91;4.6;345;128;14.7;20.52;1.396;0;1;0;0;0;1;0;0;0;1;0;213;42;162;67;0;54
1830.86;1486;16;16;1;3.63;87;0;54;20;0;45;5;0.36;1.0;1.0;0;0;16;2.0;0.6;1.89;4.5;345;128;14.7;13.71;0.933;0;1;0;0;0;1;0;0;0;1;0;209;42;165;67;0;73
1831.27;1255;17;17;1;3.9;88;0;53;20;0;47;5;0.38;1.0;1.0;0;0;17;2.12;0.6;2.0;4.1;345;128;14.7;13.71;0.933;0;1;0;0;0;1;0;0;0;1;0;226;42;163;67;0;57
1831.68;1588;16;16;1;3.63;85;0;51;20;0;45;5;0.36;1.0;1.0;0;0;19;2.0;0.6;1.88;4.8;345;128;14.7;14.11;0.96;0;1;0;0;0;1;0;0;0;1;0;211;42;167;67;0;72
1832.07;1934;14;14;1;3.4;88;0;62;20;0;43;6;0.35;1.0;1.0;0;0;8;1.75;0.6;1.8;5.5;345;128;14.82;14.11;0.952;0;1;0;0;0;1;0;0;0;1;0;193;42;163;67;0;54
1832.48;1755;15;15;1;3.46;87;0;70;20;0;43;6;0.35;1.0;1.0;0;0;0;1.88;0.6;1.82;5.1;345;128;14.7;14.11;0.96;0;1;0;0;0;1;0;0;0;1;0;199;42;164;67;0;57
1832.88;1703;15;15;1;3.53;87;0;70;20;0;44;6;0.36;1.0;1.0;0;0;0;1.88;0.6;1.85;5.0;345;128;14.7;14.11;0.96;0;1;0;0;0;1;0;0;0;1;0;201;42;165;67;0;57
1833.29;1703;16;16;1;3.63;85;0;70;20;0;45;6;0.37;1.0;1.0;0;0;0;2.0;0.6;1.88;5.2;345;128;14.7;14.11;0.96;0;1;0;0;0;1;0;0;0;1;0;214;42;167;67;0;54
1833.68;1703;15;15;1;3.53;85;0;70;20;0;44;6;0.36;1.0;1.0;0;0;0;1.88;0.6;1.84;5.0;345;128;14.7;14.11;0.96;0;1;0;0;0;1;0;0;0;1;0;204;42;168;67;0;70
1834.09;1703;15;15;1;3.46;87;0;70;20;0;44;5;0.36;1.0;1.0;0;0;0;1.88;0.6;1.82;4.9;345;128;14.7;14.11;0.96;0;1;0;0;0;1;0;0;0;1;0;200;42;165;67;0;57
1834.48;1562;15;15;1;3.46;87;0;70;20;0;44;5;0.35;1.0;1.0;0;0;0;1.88;0.6;1.82;4.5;345;128;14.7;14.11;0.96;0;1;0;0;0;1;0;0;0;1;0;200;42;165;67;0;57
1834.91;1601;18;18;3;3.93;87;0;50;34;0;48;6;0.39;1.0;1.0;0;0;20;2.25;1.7;2.01;5.2;345;128;14.7;14.11;0.96;0;1;0;0;0;0;0;0;0;1;0;236;46;165;67;0;70
1835.29;1550;22;22;3;4.6;86;0;31;39;0;51;8;0.46;1.0;1.0;0;0;39;2.75;1.7;2.27;5.9;345;128;14.7;14.11;0.96;0;1;0;0;0;0;0;0;0;1;0;254;46;166;67;0;72
1835.7;1396;20;20;1;4.22;86;0;36;20;0;49;6;0.41;1.0;1.0;0;0;34;2.5;0.6;2.12;4.9;345;128;14.7;13.71;0.933;0;1;0;0;0;1;0;0;0;1;0;241;43;166;67;0;75
1835.89;1229;17;17;1;3.75;88;0;50;20;0;47;4;0.38;1.0;1.0;0;0;20;2.12;0.6;1.94;3.8;345;128;14.7;13.71;0.933;0;1;0;0;0;1;0;0;0;1;0;224;42;163;67;0;74
1836.31;1229;17;17;1;3.85;88;0;50;20;0;47;4;0.38;1.0;1.0;0;0;20;2.12;0.6;1.98;3.9;345;128;14.7;13.71;0.933;0;1;0;0;0;1;0;0;0;1;0;229;42;163;67;0;74
1836.72;1153;18;18;1;3.93;87;0;50;20;0;48;4;0.38;1.0;1.0;0;0;20;2.25;0.6;2.01;3.8;345;128;14.7;14.21;0.967;0;1;0;0;0;1;0;0;0;1;0;233;42;164;67;0;74
1837.12;1229;18;18;1;3.97;88;0;50;20;0;48;4;0.39;1.0;1.0;0;0;20;2.25;0.6;2.03;4.1;345;128;14.7;14.21;0.967;0;1;0;0;0;1;0;0;0;1;0;236;42;163;67;0;74
1837.5;1153;16;16;1;3.71;87;0;50;20;0;47;4;0.36;1.0;1.0;0;0;20;2.0;0.6;1.92;3.6;345;128;14.7;14.21;0.967;0;1;0;0;0;1;0;0;0;1;0;229;42;164;67;0;74
1837.92;1037;16;16;1;3.62;88;0;50;20;0;47;3;0.35;1.0;1.0;0;0;20;2.0;0.6;1.89;3.1;345;128;14.7;13.81;0.939;0;1;0;0;0;1;0;0;0;1;0;226;42;163;67;0;74
1838.31;986;16;16;1;3.61;87;0;50;20;0;47;3;0.34;1.0;1.0;0;0;20;2.0;0.6;1.88;3.0;345;128;14.7;13.81;0.939;0;1;0;0;0;1;0;0;0;1;0;230;42;165;68;0;74
1838.73;1012;16;16;1;3.72;88;0;50;20;0;47;3;0.34;1.0;1.0;0;0;20;2.0;0.6;1.93;3.1;345;128;14.7;14.41;0.98;0;1;0;0;0;1;0;0;0;1;0;231;42;162;68;0;72
1839.12;999;16;16;1;3.68;87;0;50;20;0;48;3;0.36;1.0;1.0;0;0;20;2.0;0.6;1.91;3.1;345;128;14.7;14.41;0.98;0;1;0;0;0;1;0;0;0;1;0;232;42;165;68;0;70
1839.52;948;17;17;1;3.82;88;0;50;20;0;48;3;0.35;1.0;1.0;0;0;20;2.12;0.6;1.97;3.0;345;128;14.7;14.41;0.98;0;1;0;0;0;1;0;0;0;1;0;236;42;163;68;0;74
1839.93;948;17;17;1;3.78;87;0;50;20;0;48;3;0.35;1.0;1.0;0;0;20;2.12;0.6;1.95;3.0;345;128;14.7;14.31;0.973;0;1;0;0;0;1;0;0;0;1;0;237;42;165;68;0;75
1840.34;973;18;18;1;3.98;87;0;50;20;0;49;4;0.38;1.0;1.0;0;0;20;2.25;0.6;2.03;3.2;345;128;14.7;14.31;0.973;0;1;0;0;0;1;0;0;0;1;0;242;42;165;68;0;75
1840.73;1012;17;17;1;3.86;87;0;50;20;0;48;4;0.36;1.0;1.0;0;0;20;2.12;0.6;1.98;3.3;345;128;14.7;13.91;0.946;0;1;0;0;0;1;0;0;0;1;0;236;42;165;67;0;74
1841.13;1562;35;35;6;6.7;88;0;29;42;0;58;12;0.6;1.0;1.0;0;0;41;4.38;3.5;3.12;8.7;345;128;14.7;13.91;0.946;0;1;0;0;0;0;0;0;0;1;0;309;53;163;67;0;81
1841.34;1780;39;39;9;7.31;87;0;24;45;0;62;16;0.64;1.0;1.0;0;0;46;4.88;5.2;3.36;10.8;345;128;14.7;13.91;0.946;0;1;0;0;0;0;0;0;0;1;0;336;58;165;67;0;86
1841.74;1716;37;37;9;6.98;87;0;24;46;0;60;15;0.62;1.0;1.0;0;0;46;4.62;5.2;3.23;10.0;345;128;14.7;13.91;0.946;0;1;0;0;0;0;0;0;0;1;0;323;59;165;67;0;85
1842.15;1780;40;40;9;7.28;87;0;27;43;0;62;16;0.64;1.0;1.0;0;0;43;5.0;5.2;3.35;10.8;345;128;14.7;13.91;0.946;0;1;0;0;0;0;0;0;0;1;0;338;59;165;68;0;86
1842.56;1819;40;40;10;7.46;87;0;26;46;0;63;17;0.65;1.0;1.0;0;0;44;5.0;5.8;3.42;11.3;345;128;14.7;13.91;0.946;0;1;0;0;0;0;0;0;0;1;0;350;60;165;67;0;88
1842.96;1870;45;45;13;8.13;87;0;26;44;0;69;19;0.66;1.0;1.0;0;0;44;5.62;7.6;3.69;12.7;345;128;14.82;14.61;0.986;0;1;0;0;0;0;0;0;0;1;0;391;67;164;67;0;86
1843.36;1947;46;46;13;8.21;87;0;26;44;0;70;20;0.66;1.0;1.0;0;0;44;5.75;7.6;3.72;13.3;345;128;14.82;14.61;0.986;0;1;0;0;0;0;0;0;0;1;0;396;67;165;67;0;91
1843.77;1947;46;46;14;8.25;88;0;25;44;0;70;20;0.66;1.0;1.0;0;0;45;5.75;8.1;3.74;13.4;345;128;14.82;15.41;1.04;0;1;0;0;0;0;0;0;0;1;0;400;68;164;67;0;100
1844.17;1947;46;46;14;8.28;87;0;26;44;0;70;21;0.66;1.0;1.0;0;0;44;5.75;8.1;3.75;13.4;345;128;14.82;15.41;1.04;0;1;0;0;0;0;0;0;0;1;0;401;68;164;67;0;100
1844.56;1985;46;46;14;8.23;87;0;25;45;0;70;21;0.66;1.0;1.0;0;0;45;5.75;8.1;3.73;13.6;345;128;14.82;15.41;1.04;0;1;0;0;0;0;0;0;0;1;0;399;68;164;67;0;100
1844.98;1806;17;17;1;3.73;87;0;36;20;0;46;6;0.38;1.0;1.0;0;0;34;2.12;0.6;1.93;5.6;345;128;14.7;11.61;0.79;0;1;0;0;0;1;0;0;0;1;0;220;42;164;67;0;73
1845.38;1345;16;16;1;3.6;88;0;61;20;0;46;5;0.37;1.0;1.0;0;0;9;2.0;0.6;1.88;4.0;345;128;14.7;11.61;0.79;0;1;0;0;0;1;0;0;0;1;0;216;42;163;67;0;73
1845.77;1319;16;16;1;3.71;87;0;58;20;0;46;5;0.37;1.0;1.0;0;0;12;2.0;0.6;1.92;4.1;345;128;14.7;18.72;1.273;0;1;0;0;0;1;0;0;0;1;0;218;42;164;67;0;73
1846.18;1332;15;15;1;3.46;87;0;50;20;0;44;4;0.35;1.0;1.0;0;0;20;1.88;0.6;1.82;3.8;345;128;14.7;18.72;1.273;0;1;0;0;0;1;0;0;0;1;0;207;42;165;67;0;70
1846.58;1345;15;15;1;3.47;88;0;50;20;0;44;4;0.35;1.0;1.0;0;0;20;1.88;0.6;1.83;3.9;345;128;14.7;18.72;1.273;0;1;0;0;0;1;0;0;0;1;0;201;42;163;67;0;57
1847.0;1447;14;14;1;3.37;88;0;50;20;0;43;4;0.34;1.0;1.0;0;0;20;1.75;0.6;1.79;4.1;345;128;14.7;12.91;0.878;0;1;0;0;0;1;0;0;0;1;0;192;42;163;67;0;70
1847.18;1447;21;21;6;4.37;88;0;36;37;0;50;6;0.44;1.0;1.0;0;0;34;2.62;3.5;2.19;5.3;345;128;14.7;12.91;0.878;0;1;0;0;0;0;0;0;0;1;0;249;53;163;68;0;72
1847.6;2036;31;31;6;5.98;87;0;22;48;0;55;14;0.56;1.0;1.0;0;0;48;3.88;3.5;2.83;10.1;345;128;14.82;12.91;0.871;0;1;0;0;0;0;0;0;0;1;0;287;53;164;67;0;82
1848.0;1703;33;33;7;6.3;88;0;25;46;0;57;13;0.6;1.0;1.0;0;0;45;4.12;4.1;2.96;8.9;345;128;14.7;14.62;0.995;0;1;0;0;0;0;0;0;0;1;0;300;55;163;67;0;76
1848.39;1831;41;41;12;7.53;87;0;24;46;0;64;16;0.66;1.0;1.0;0;0;46;5.12;7.0;3.45;11.5;345;128;14.7;14.62;0.995;0;1;0;0;0;0;0;0;0;1;0;356;64;164;68;0;89
1848.8;1895;50;50;15;8.92;88;0;29;41;0;74;22;0.68;1.0;1.0;0;0;41;6.25;8.7;4.01;14.1;345;128;14.82;16.32;1.101;0;1;0;0;0;0;0;0;0;1;0;429;71;163;67;0;102
1849.2;1985;55;55;19;9.73;87;0;32;38;0;78;25;0.71;1.0;1.0;0;0;38;6.88;11.0;4.33;16.1;345;128;14.82;16.32;1.101;0;1;0;0;0;0;0;0;0;1;0;456;78;164;68;0;92
1849.6;2139;58;58;20;10;88;0;32;38;0;79;28;0.73;1.0;1.0;0;0;38;7.25;11.6;4.55;18.3;345;128;14.82;16.32;1.101;0;1;0;0;0;0;0;0;0;1;0;469;81;163;67;0;100
1850.02;2254;56;56;20;9.9;88;0;32;39;0;78;28;0.72;1.0;1.0;0;0;38;7.0;11.6;4.4;18.6;345;128;14.82;14.62;0.987;0;1;0;0;0;0;0;0;0;1;0;461;81;163;67;0;106
1850.4;2088;45;45;13;8.13;87;0;26;44;0;69;21;0.66;1.0;1.0;0;0;44;5.62;7.6;3.69;14.1;345;128;14.82;14.62;0.987;0;1;0;0;0;0;0;0;0;1;0;392;67;163;67;0;99
1850.83;1870;26;26;6;5.18;87;0;27;43;0;52;10;0.49;1.0;1.0;0;0;43;3.25;3.5;2.51;8.1;345;128;14.82;12.21;0.824;0;1;0;0;0;0;0;0;0;1;0;267;53;164;68;0;73
1851.22;1857;40;40;12;7.4;88;0;22;47;0;63;17;0.65;1.0;1.0;0;0;48;5.0;7.0;3.4;11.5;345;128;14.82;12.21;0.824;0;1;0;0;0;0;0;0;0;1;0;344;64;163;68;0;86
1851.62;1985;43;43;13;7.86;89;0;24;46;0;66;19;0.66;1.0;1.0;0;0;46;5.38;7.6;3.59;13.0;345;128;14.82;12.21;0.824;0;1;0;0;0;0;0;0;0;1;0;371;66;162;68;0;90
1852.02;2036;59;59;27;10;89;0;28;39;0;81;28;0.74;1.0;1.0;0;0;42;7.38;15.7;4.6;17.6;345;128;14.82;17.92;1.209;0;1;0;0;0;0;0;0;0;1;0;484;95;162;68;0;108
1852.44;2356;66;66;28;12;91;0;38;34;0;85;36;0.78;1.0;1.0;0;0;32;8.25;16.3;5.1;22.8;345;128;14.82;17.92;1.209;0;1;0;0;0;0;0;0;0;1;0;512;97;161;68;0;114
1852.64;2382;56;56;23;9.85;90;0;29;40;0;78;30;0.72;1.0;1.0;0;0;41;7.0;13.4;4.39;19.6;345;128;14.82;17.92;1.209;0;1;0;0;0;0;0;0;0;1;0;459;87;161;68;0;106
1853.03;2356;55;55;22;9.63;89;0;29;41;0;77;28;0.71;1.0;1.0;0;0;41;6.88;12.8;4.3;18.9;345;128;14.82;14.61;0.986;0;1;0;0;0;0;0;0;0;1;0;449;84;162;68;0;105
1853.44;2024;25;25;6;5.02;88;0;23;46;0;52;11;0.49;1.0;1.0;0;0;47;3.12;3.5;2.45;8.5;345;128;14.82;14.61;0.986;0;1;0;0;0;0;0;0;0;1;0;263;53;163;68;0;77
1853.84;1511;33;33;6;6.26;87;0;28;42;0;56;11;0.59;1.0;1.0;0;0;42;4.12;3.5;2.94;7.9;345;128;14.7;12.71;0.865;0;1;0;0;0;0;0;0;0;1;0;299;53;163;68;0;83
1854.23;1511;20;20;1;4.22;88;0;35;20;0;49;6;0.41;1.0;1.0;0;0;35;2.5;0.6;2.13;5.3;345;128;14.7;12.71;0.865;0;1;0;0;0;1;0;0;0;1;0;244;42;163;68;0;72
1854.66;1268;25;25;1;5.03;87;0;51;20;0;52;6;0.48;1.0;1.0;0;0;19;3.12;0.6;2.45;5.3;345;128;14.7;12.71;0.865;0;1;0;0;0;1;0;0;0;1;0;261;43;165;68;0;76
1855.06;1422;28;28;2;5.58;87;0;50;20;0;54;9;0.53;1.0;1.0;0;0;20;3.5;1.2;2.67;6.6;345;128;14.7;13.91;0.946;0;1;0;0;0;1;0;0;0;1;0;276;45;165;68;0;81
1855.45;1434;25;25;2;5.03;87;0;29;41;0;52;8;0.48;1.0;1.0;0;0;41;3.12;1.2;2.45;6.0;345;128;14.7;13.91;0.946;0;1;0;0;0;0;0;0;0;1;0;262;45;165;68;0;77
1855.86;1473;20;20;2;4.25;86;0;33;37;0;49;6;0.41;1.0;1.0;0;0;37;2.5;1.2;2.13;5.2;345;128;14.7;13.01;0.885;0;1;0;0;0;0;0;0;0;1;0;244;45;166;68;0;75
1856.26;1370;23;23;2;4.72;86;0;31;39;0;51;7;0.46;1.0;1.0;0;0;39;2.88;1.2;2.32;5.4;345;128;14.7;13.01;0.885;0;1;0;0;0;0;0;0;0;1;0;258;45;166;68;0;77
1856.65;1434;25;25;2;5.05;86;0;30;40;0;52;8;0.48;1.0;1.0;0;0;40;3.12;1.2;2.45;6.0;345;128;14.7;13.01;0.885;0;1;0;0;0;0;0;0;0;1;0;263;45;166;68;0;77
1857.05;1396;18;18;1;4.0;86;0;45;20;0;48;6;0.39;1.0;1.0;0;0;25;2.25;0.6;2.03;4.7;345;128;14.7;13.11;0.892;0;1;0;0;0;1;0;0;0;1;0;233;43;166;68;0;70
1857.47;1422;20;20;1;4.28;87;0;50;20;0;49;6;0.41;1.0;1.0;0;0;20;2.5;0.6;2.15;5.1;345;128;14.7;13.11;0.892;0;1;0;0;0;1;0;0;0;1;0;243;43;164;68;0;75
1857.87;1332;17;17;1;3.85;86;0;50;20;0;47;5;0.38;1.0;1.0;0;0;20;2.12;0.6;1.97;4.3;345;128;14.7;12.71;0.865;0;1;0;0;0;1;0;0;0;1;0;224;42;167;68;0;57
1858.27;1370;16;16;1;3.7;86;0;50;20;0;46;5;0.37;1.0;1.0;0;0;20;2.0;0.6;1.91;4.2;345;128;14.7;12.71;0.865;0;1;0;0;0;1;0;0;0;1;0;222;42;166;68;0;73
1858.46;1306;17;17;1;3.75;86;0;50;20;0;46;5;0.37;1.0;1.0;0;0;20;2.12;0.6;1.93;4.1;345;128;14.7;12.71;0.865;0;1;0;0;0;1;0;0;0;1;0;221;43;166;68;0;74
1858.86;1614;43;43;15;7.9;86;0;31;38;0;66;15;0.65;1.0;1.0;0;0;39;5.38;8.7;3.59;10.6;345;128;14.7;16.42;1.117;0;1;0;0;0;0;0;0;0;1;0;372;70;166;68;0;90
1859.27;1998;51;51;15;9.0;86;0;30;40;0;74;22;0.68;1.0;1.0;0;0;40;6.38;8.7;4.03;15.0;345;128;14.82;16.42;1.108;0;1;0;0;0;0;0;0;0;1;0;433;71;166;68;0;102
1859.68;2613;102;102;139;21;90;0;47;23;0;106;59;0.94;1.0;1.0;0;0;23;12.75;80.8;8.79;45.4;345;128;11.91;16.42;1.379;0;1;0;0;0;0;0;0;0;1;0;671;319;161;68;0;140
1860.08;2997;93;93;125;18;90;0;50;22;-1;106;62;0.88;1.0;1.0;0;0;20;11.62;72.7;7.75;45.6;345;128;12.06;12.21;1.012;0;1;0;0;0;0;0;0;0;1;0;668;291;161;68;0;154
1860.48;3048;92;92;125;18;90;0;50;22;-1;105;62;0.87;1.0;1.0;0;0;20;11.5;72.7;7.73;46.2;345;128;12.06;12.21;1.012;0;1;0;0;0;0;0;0;0;1;0;666;291;160;67;0;154
1860.88;3086;91;91;124;18;91;0;50;22;-2;105;63;0.87;1.0;1.0;0;0;20;11.38;72.1;7.66;46.3;345;128;11.91;13.41;1.126;0;1;0;0;0;0;0;0;0;1;0;665;289;159;67;0;154
1861.29;3099;87;87;60;17;91;0;49;22;-1;102;61;0.84;1.0;1.0;0;0;21;10.88;34.9;7.34;44.4;345;128;13.63;13.41;0.984;0;1;0;0;0;0;0;0;0;1;0;639;160;159;67;0;147
1861.69;2280;13;13;1;3.22;90;0;55;25;-1;41;7;0.34;1.0;1.0;0;0;15;1.62;0.6;1.74;6.1;345;128;14.82;13.41;0.905;0;1;0;0;0;1;0;0;0;1;0;182;42;160;68;0;37
1862.09;1562;15;15;1;3.5;88;0;70;20;0;44;5;0.35;1.0;1.0;0;0;0;1.88;0.6;1.84;4.6;345;128;14.7;16.62;1.131;0;1;0;0;0;1;0;0;0;1;0;202;42;163;68;0;54
1862.49;1370;16;16;1;3.7;88;0;70;20;0;46;5;0.37;1.0;1.0;0;0;0;2.0;0.6;1.92;4.2;345;128;14.7;16.62;1.131;0;1;0;0;0;1;0;0;0;1;0;223;42;163;68;0;73
1862.9;1345;17;17;1;3.73;87;0;70;20;0;47;5;0.38;1.0;1.0;0;0;0;2.12;0.6;1.93;4.2;345;128;14.7;16.62;1.131;0;1;0;0;0;1;0;0;0;1;0;224;42;165;68;0;74
1863.3;1486;16;16;1;3.61;87;0;63;20;0;45;5;0.36;1.0;1.0;0;0;7;2.0;0.6;1.88;4.5;345;128;14.7;16.62;1.131;0;1;0;0;0;1;0;0;0;1;0;211;42;165;68;0;72
1863.69;1422;14;14;1;3.33;87;0;54;20;0;43;4;0.34;1.0;1.0;0;0;16;1.75;0.6;1.77;3.9;345;128;14.7;16.62;1.131;0;1;0;0;0;1;0;0;0;1;0;198;42;165;68;0;37
1864.12;1370;15;15;1;3.48;87;0;61;20;0;44;4;0.35;1.0;1.0;0;0;9;1.88;0.6;1.83;4.0;345;128;14.7;15.62;1.063;0;1;0;0;0;1;0;0;0;1;0;202;42;164;68;0;72
1864.31;1255;15;15;1;3.45;88;0;53;20;0;44;4;0.35;1.0;1.0;0;0;17;1.88;0.6;1.82;3.6;345;128;14.7;15.62;1.063;0;1;0;0;0;1;0;0;0;1;0;206;42;163;68;0;70
1864.69;1665;14;14;1;3.31;87;0;52;20;0;41;5;0.34;1.0;1.0;0;0;18;1.75;0.6;1.76;4.6;345;128;14.7;15.62;1.063;0;1;0;0;0;1;0;0;0;1;0;182;42;164;68;0;52
1865.11;1806;13;13;1;3.12;88;0;63;20;0;40;5;0.33;1.0;1.0;0;0;7;1.62;0.6;1.69;4.7;345;128;14.7;13.61;0.926;0;1;0;0;0;1;0;0;0;1;0;176;42;163;68;0;53
1865.51;1614;13;13;1;3.18;87;0;70;20;0;41;5;0.33;1.0;1.0;0;0;0;1.62;0.6;1.71;4.3;345;128;14.7;13.61;0.926;0;1;0;0;0;1;0;0;0;1;0;181;42;165;68;0;54
1865.92;1562;13;13;1;3.16;87;0;70;20;0;41;4;0.33;1.0;1.0;0;0;0;1.62;0.6;1.7;4.1;345;128;14.7;13.61;0.926;0;1;0;0;0;1;0;0;0;1;0;184;42;164;68;0;54
1866.31;1447;14;14;1;3.38;87;0;70;20;0;43;4;0.34;1.0;1.0;0;0;0;1.75;0.6;1.79;4.1;345;128;14.7;13.61;0.926;0;1;0;0;0;1;0;0;0;1;0;195;42;164;68;0;70
1866.72;1370;15;15;1;3.52;86;0;68;20;0;44;4;0.35;1.0;1.0;0;0;2;1.88;0.6;1.84;4.0;345;128;14.7;13.61;0.926;0;1;0;0;0;1;0;0;0;1;0;202;42;166;68;0;82
1867.13;1255;14;14;1;3.25;86;0;60;20;0;43;4;0.34;1.0;1.0;0;0;10;1.75;0.6;1.73;3.4;345;128;14.7;13.61;0.926;0;1;0;0;0;1;0;0;0;1;0;196;42;166;68;0;54
1867.52;1229;14;14;1;3.35;86;0;52;20;0;44;4;0.35;1.0;1.0;0;0;18;1.75;0.6;1.77;3.4;345;128;14.7;13.61;0.926;0;1;0;0;0;1;0;0;0;1;0;201;42;166;68;0;70
1867.94;1101;14;14;1;3.31;87;0;50;20;0;43;3;0.32;1.0;1.0;0;0;20;1.75;0.6;1.76;3.0;345;128;14.7;13.61;0.926;0;1;0;0;0;1;0;0;0;1;0;198;42;164;68;0;57
1868.33;1101;14;14;1;3.37;90;0;50;20;0;44;3;0.34;1.0;1.0;0;0;20;1.75;0.6;1.8;3.1;345;128;14.7;13.61;0.926;0;1;0;0;0;1;0;0;0;1;0;201;42;161;68;0;57
1868.74;999;15;15;1;3.47;88;0;50;20;0;46;3;0.34;1.0;1.0;0;0;20;1.88;0.6;1.83;2.9;345;128;14.7;13.61;0.926;0;1;0;0;0;1;0;0;0;1;0;216;42;163;68;0;73
1869.15;884;15;15;1;3.52;88;0;50;20;0;47;3;0.33;1.0;1.0;0;0;20;1.88;0.6;1.85;2.6;345;128;14.7;16.22;1.103;0;1;0;0;0;1;0;0;0;1;0;229;42;163;68;0;74
1869.54;922;17;17;1;3.87;88;0;50;20;0;49;3;0.37;1.0;1.0;0;0;20;2.12;0.6;1.99;3.0;345;128;14.7;16.22;1.103;0;1;0;0;0;1;0;0;0;1;0;240;42;163;68;0;75
1869.94;948;18;18;1;3.93;89;0;50;20;0;49;3;0.38;1.0;1.0;0;0;20;2.25;0.6;2.02;3.1;345;128;14.7;15.51;1.055;0;1;0;0;0;1;0;0;0;1;0;241;42;162;68;0;75
1870.13;986;18;18;1;3.95;88;0;50;20;0;49;3;0.38;1.0;1.0;0;0;20;2.25;0.6;2.02;3.2;345;128;14.7;15.51;1.055;0;1;0;0;0;1;0;0;0;1;0;243;42;163;68;0;75
1870.55;845;18;18;1;3.91;89;0;50;20;0;49;3;0.36;1.0;1.0;0;0;20;2.25;0.6;2.01;2.8;345;128;14.7;15.51;1.055;0;1;0;0;0;1;0;0;0;1;0;241;42;162;68;0;75
1870.94;896;18;18;1;4.0;90;0;50;20;0;50;3;0.39;1.0;1.0;0;0;20;2.25;0.6;2.05;3.0;345;128;14.7;14.61;0.994;0;1;0;0;0;1;0;0;0;1;0;248;42;161;68;0;76
1871.37;845;20;20;1;4.27;90;0;50;20;0;51;3;0.4;1.0;1.0;0;0;20;2.5;0.6;2.16;3.0;345;128;14.7;14.61;0.994;0;1;0;0;0;1;0;0;0;1;0;254;42;161;68;0;76
1871.76;884;20;20;1;4.3;90;0;50;20;0;51;3;0.41;1.0;1.0;0;0;20;2.5;0.6;2.17;3.2;345;128;14.7;14.61;0.994;0;1;0;0;0;1;0;0;0;1;0;257;42;160;68;0;76
1872.16;832;20;20;1;4.27;90;0;50;20;0;51;3;0.4;1.0;1.0;0;0;20;2.5;0.6;2.16;3.0;345;128;14.7;13.91;0.946;0;1;0;0;0;1;0;0;0;1;0;255;42;161;68;0;77
1872.56;730;21;21;1;4.48;87;0;50;20;0;52;3;0.43;1.0;1.0;0;0;20;2.62;0.6;2.23;2.7;345;128;14.7;13.91;0.946;0;1;0;0;0;1;0;0;0;1;0;262;42;165;68;0;77
1872.96;730;22;22;1;4.7;90;0;50;20;0;53;3;0.45;1.0;1.0;0;0;20;2.75;0.6;2.33;2.9;345;128;14.7;13.71;0.933;0;1;0;0;0;1;0;0;0;1;0;270;42;163;68;0;76
1873.37;807;23;23;1;4.72;88;0;50;20;0;53;3;0.45;1.0;1.0;0;0;20;2.88;0.6;2.33;3.2;345;128;14.47;13.71;0.947;0;1;0;0;0;1;0;0;0;1;0;272;42;163;68;0;78
1873.77;756;26;26;1;5.18;87;0;50;20;0;55;4;0.48;1.0;1.0;0;0;20;3.25;0.6;2.51;3.3;345;128;14.47;13.71;0.947;0;1;0;0;0;1;0;0;0;1;0;284;42;164;68;0;82
1874.17;807;26;26;1;5.32;88;0;50;20;0;55;4;0.48;1.0;1.0;0;0;20;3.25;0.6;2.57;3.6;345;128;14.47;13.11;0.906;0;1;0;0;0;1;0;0;0;1;0;288;42;163;68;0;82
1874.58;832;22;22;1;4.67;86;0;50;20;0;53;4;0.44;1.0;1.0;0;0;20;2.75;0.6;2.3;3.2;345;128;14.7;13.11;0.892;0;1;0;0;0;1;0;0;0;1;0;274;42;166;68;0;81
1874.99;756;22;22;1;4.65;86;0;50;20;0;53;4;0.45;1.0;1.0;0;0;20;2.75;0.6;2.29;2.9;345;128;14.7;12.61;0.858;0;1;0;0;0;1;0;0;0;1;0;271;42;166;68;0;77
1875.38;679;26;26;1;5.21;87;0;50;20;0;55;4;0.49;1.0;1.0;0;0;20;3.25;0.6;2.52;2.9;345;128;14.47;12.61;0.871;0;1;0;0;0;1;0;0;0;1;0;290;42;164;68;0;82
1875.8;704;28;28;1;5.56;87;0;50;20;0;57;4;0.51;1.0;1.0;0;0;20;3.5;0.6;2.66;3.3;345;128;14.47;12.61;0.871;0;1;0;0;0;1;0;0;0;1;0;302;42;164;68;0;83
1875.98;756;28;28;1;5.56;87;0;50;20;0;56;4;0.51;1.0;1.0;0;0;20;3.5;0.6;2.66;3.5;345;128;14.47;12.11;0.837;0;1;0;0;0;1;0;0;0;1;0;293;42;165;68;0;82
1876.38;730;25;25;1;5.15;86;0;50;20;0;55;4;0.48;1.0;1.0;0;0;20;3.12;0.6;2.49;3.1;345;128;14.47;12.11;0.837;0;1;0;0;0;1;0;0;0;1;0;291;42;166;68;0;82
1876.8;820;28;28;1;5.63;87;0;50;20;0;56;5;0.5;1.0;1.0;0;0;20;3.5;0.6;2.69;3.8;345;128;14.47;12.11;0.837;0;1;0;0;0;1;0;0;0;1;0;293;42;164;68;0;82
1877.2;730;28;28;1;5.52;86;0;50;20;0;56;4;0.51;1.0;1.0;0;0;20;3.5;0.6;2.64;3.4;345;128;14.47;12.51;0.865;0;1;0;0;0;1;0;0;0;1;0;293;42;166;68;0;82
1877.59;768;26;26;1;5.22;88;0;50;20;0;55;4;0.48;1.0;1.0;0;0;20;3.25;0.6;2.53;3.3;345;128;14.47;12.51;0.865;0;1;0;0;0;1;0;0;0;1;0;288;42;163;67;0;82
1878.0;807;26;26;1;5.2;88;0;50;20;0;55;4;0.48;1.0;1.0;0;0;20;3.25;0.6;2.52;3.5;345;128;14.47;12.81;0.885;0;1;0;0;0;1;0;0;0;1;0;291;42;163;68;0;82
1878.41;768;27;27;1;5.4;86;0;50;20;0;55;4;0.48;1.0;1.0;0;0;20;3.38;0.6;2.59;3.5;345;128;14.47;12.81;0.885;0;1;0;0;0;1;0;0;0;1;0;291;42;166;68;0;82
1878.81;756;25;25;1;5.13;87;0;50;20;0;55;4;0.48;1.0;1.0;0;0;20;3.12;0.6;2.49;3.2;345;128;14.47;12.81;0.885;0;1;0;0;0;1;0;0;0;1;0;288;42;165;68;0;82
1879.2;781;27;27;1;5.43;87;0;50;20;0;56;4;0.51;1.0;1.0;0;0;20;3.38;0.6;2.61;3.5;345;128;14.47;12.81;0.885;0;1;0;0;0;1;0;0;0;1;0;292;42;164;68;0;77
1879.62;730;25;25;1;5.13;87;0;50;20;0;55;4;0.48;1.0;1.0;0;0;20;3.12;0.6;2.49;3.1;345;128;14.47;12.81;0.885;0;1;0;0;0;1;0;0;0;1;0;288;42;165;67;0;82
1880.03;845;26;27;1;5.36;87;0;50;20;0;55;4;0.48;1.0;1.0;0;0;20;3.25;0.6;2.58;3.8;345;128;14.47;12.41;0.858;0;1;0;0;0;1;0;0;0;1;0;291;42;165;67;0;82
1880.43;756;27;27;1;5.47;86;0;50;20;0;56;4;0.51;1.0;1.0;0;0;20;3.38;0.6;2.62;3.4;345;128;14.47;12.41;0.858;0;1;0;0;0;1;0;0;0;1;0;293;42;166;67;0;82
1880.82;768;26;26;1;5.25;86;0;50;20;0;55;4;0.48;1.0;1.0;0;0;20;3.25;0.6;2.53;3.4;345;128;14.47;12.41;0.858;0;1;0;0;0;1;0;0;0;1;0;291;42;166;67;0;83
1881.22;756;28;28;1;5.55;86;0;50;20;0;56;5;0.51;1.0;1.0;0;0;20;3.5;0.6;2.65;3.5;345;128;14.47;12.51;0.865;0;1;0;0;0;1;0;0;0;1;0;295;42;165;68;0;83
1881.42;781;26;26;1;5.33;87;0;50;20;0;56;4;0.51;1.0;1.0;0;0;20;3.25;0.6;2.57;3.5;345;128;14.47;12.51;0.865;0;1;0;0;0;1;0;0;0;1;0;292;42;165;68;0;82
1881.84;820;29;29;1;5.67;86;0;50;20;0;56;5;0.5;1.0;1.0;0;0;20;3.62;0.6;2.7;3.9;345;128;14.47;12.61;0.871;0;1;0;0;0;1;0;0;0;1;0;298;42;166;68;0;83
1882.23;768;28;28;1;5.51;87;0;50;20;0;56;5;0.51;1.0;1.0;0;0;20;3.5;0.6;2.64;3.5;345;128;14.47;12.61;0.871;0;1;0;0;0;1;0;0;0;1;0;293;42;165;69;0;82
1882.64;820;28;28;1;5.63;87;0;50;20;0;56;5;0.5;1.0;1.0;0;0;20;3.5;0.6;2.69;3.8;345;128;14.47;12.61;0.871;0;1;0;0;0;1;0;0;0;1;0;295;42;165;69;0;82
1883.04;756;27;27;1;5.46;87;0;50;20;0;56;4;0.51;1.0;1.0;0;0;20;3.38;0.6;2.62;3.4;345;128;14.47;12.51;0.865;0;1;0;0;0;1;0;0;0;1;0;293;42;166;69;0;82
1883.43;781;28;28;1;5.53;87;0;50;20;0;56;4;0.51;1.0;1.0;0;0;20;3.5;0.6;2.65;3.6;345;128;14.47;12.51;0.865;0;1;0;0;0;1;0;0;0;1;0;297;42;165;70;0;83
1883.86;768;28;28;1;5.55;86;0;50;20;0;56;5;0.51;1.0;1.0;0;0;20;3.5;0.6;2.65;3.6;345;128;14.47;13.01;0.899;0;1;0;0;0;1;0;0;0;1;0;296;42;166;69;0;83
1884.25;832;28;28;1;5.56;87;0;50;20;0;56;5;0.5;1.0;1.0;0;0;20;3.5;0.6;2.66;3.9;345;128;14.47;13.01;0.899;0;1;0;0;0;1;0;0;0;1;0;295;42;165;69;0;83
1884.65;768;28;28;1;5.55;86;0;50;20;0;56;5;0.51;1.0;1.0;0;0;20;3.5;0.6;2.65;3.6;345;128;14.47;13.01;0.899;0;1;0;0;0;1;0;0;0;1;0;293;42;166;69;0;82
1885.05;832;28;28;1;5.56;87;0;50;20;0;56;5;0.5;1.0;1.0;0;0;20;3.5;0.6;2.66;3.9;345;128;14.47;11.91;0.823;0;1;0;0;0;1;0;0;0;1;0;296;42;164;69;0;82
1885.47;781;28;28;1;5.53;87;0;50;20;0;56;5;0.51;1.0;1.0;0;0;20;3.5;0.6;2.65;3.6;345;128;14.47;11.91;0.823;0;1;0;0;0;1;0;0;0;1;0;292;42;165;68;0;82
1885.86;820;28;28;1;5.57;86;0;50;20;0;56;5;0.5;1.0;1.0;0;0;20;3.5;0.6;2.66;3.8;345;128;14.47;12.31;0.851;0;1;0;0;0;1;0;0;0;1;0;297;42;165;68;0;82
1886.26;768;27;27;1;5.47;86;0;50;20;0;56;5;0.51;1.0;1.0;0;0;20;3.38;0.6;2.62;3.5;345;128;14.47;12.31;0.851;0;1;0;0;0;1;0;0;0;1;0;295;42;166;68;0;83
1886.68;832;28;28;1;5.57;86;0;50;20;0;56;5;0.5;1.0;1.0;0;0;20;3.5;0.6;2.66;3.9;345;128;14.47;12.31;0.851;0;1;0;0;0;1;0;0;0;1;0;299;43;166;68;0;83
1887.07;1319;62;62;11;11;88;0;46;24;0;83;17;0.73;1.0;1.0;0;0;24;7.75;6.4;4.9;12.3;345;128;13.94;15.91;1.141;0;1;0;0;0;0;0;0;0;1;0;497;63;163;68;0;109
1887.27;1870;56;56;15;9.86;87;0;35;35;0;78;23;0.71;1.0;1.0;0;0;35;7.0;8.7;4.38;15.4;345;128;14.82;15.91;1.074;0;1;0;0;0;0;0;0;0;1;0;463;70;164;67;0;99
1887.68;1934;62;62;20;11;87;0;37;33;0;82;27;0.75;1.0;1.0;0;0;33;7.75;11.6;4.88;17.9;345;128;14.04;15.91;1.133;0;1;0;0;0;0;0;0;0;1;0;495;81;165;68;0;108
1888.08;2369;70;70;27;13;88;0;39;31;0;87;36;0.8;1.0;1.0;0;0;31;8.75;15.7;5.48;24.9;345;128;14.04;14.71;1.048;0;1;0;0;0;0;0;0;0;1;0;524;94;163;68;0;114
1888.48;2613;71;71;28;13;92;0;40;29;0;88;41;0.79;1.0;1.0;0;0;30;8.88;16.3;5.52;27.5;345;128;14.04;14.71;1.048;0;1;0;0;0;0;0;0;0;1;0;535;97;158;67;0;146
1888.9;2574;76;76;33;14;91;0;44;26;0;92;44;0.83;1.0;1.0;0;0;26;9.5;19.2;5.99;29.7;345;128;14.04;13.41;0.955;0;1;0;0;0;0;0;0;0;1;0;570;107;159;68;0;148
1889.3;2536;65;65;29;12;92;0;35;35;0;85;37;0.77;1.0;1.0;0;0;35;8.12;16.9;5.06;24.3;345;128;14.82;13.41;0.905;0;1;0;0;0;0;0;0;0;1;0;511;98;156;67;0;113
1889.69;2472;79;79;33;14;93;0;45;25;0;93;44;0.85;1.0;1.0;0;0;25;9.88;19.2;6.26;29.8;345;128;13.54;13.41;0.99;0;1;0;0;0;0;0;0;0;1;0;572;107;156;67;0;50
1890.09;2638;77;77;34;14;93;0;45;25;0;93;45;0.82;1.0;1.0;0;0;25;9.62;19.8;6.16;31.3;345;128;13.54;14.02;1.035;0;1;0;0;0;0;0;0;0;1;0;575;108;156;67;0;149
1890.5;2715;80;80;40;15;92;0;47;23;0;96;49;0.84;1.0;1.0;0;0;23;10.0;23.3;6.45;33.9;345;128;13.54;14.02;1.035;0;1;0;0;0;0;0;0;0;1;0;597;121;157;67;0;150
1890.9;2882;77;77;41;14;93;0;45;25;0;96;50;0.8;1.0;1.0;0;0;25;9.62;23.8;6.15;34.1;345;128;13.54;14.21;1.049;0;1;0;0;0;0;0;0;0;1;0;593;122;156;67;0;43
1891.31;3022;74;74;41;13;91;0;40;30;0;94;50;0.78;1.0;1.0;0;0;30;9.25;23.8;5.82;33.8;345;128;14.04;14.21;1.012;0;1;0;0;0;0;0;0;0;1;0;578;122;159;67;0;107
1891.72;3138;69;69;41;12;91;0;36;34;0;91;49;0.76;1.0;1.0;0;0;34;8.62;23.8;5.44;32.6;345;128;13.94;14.21;1.019;0;1;0;0;0;0;0;0;0;1;0;562;122;159;68;0;43
1892.11;3240;62;62;36;11;91;0;34;37;0;86;45;0.72;1.0;1.0;0;0;36;7.75;20.9;4.89;29.9;345;128;14.15;15.62;1.104;0;1;0;0;0;0;0;0;0;1;0;520;112;159;68;0;114
1892.53;3202;48;48;22;8.76;91;0;28;43;0;72;35;0.67;1.0;1.0;0;0;42;6.0;12.8;3.96;23.4;345;128;14.7;15.62;1.063;0;1;0;0;0;0;0;0;0;1;0;416;85;159;68;0;89
1892.71;2421;35;35;12;6.58;91;0;19;50;0;60;20;0.62;1.0;1.0;0;0;51;4.38;7.0;3.09;13.3;345;128;14.93;15.62;1.046;0;1;0;0;0;0;0;0;0;1;0;322;64;157;68;0;85
1893.14;1562;34;34;7;6.51;89;0;27;43;0;58;13;0.6;1.0;1.0;0;0;43;4.25;4.1;3.05;8.5;345;128;14.7;12.81;0.871;0;1;0;0;0;0;0;0;0;1;0;315;55;162;69;0;84
1893.52;1703;40;40;7;7.48;89;0;28;41;0;63;15;0.65;1.0;1.0;0;0;42;5.0;4.1;3.44;10.6;345;128;14.7;12.81;0.871;0;1;0;0;0;0;0;0;0;1;0;344;55;162;70;0;88
1893.92;1370;22;22;1;4.6;90;0;53;20;0;51;6;0.46;1.0;1.0;0;0;17;2.75;0.6;2.29;5.3;345;128;14.7;15.62;1.063;0;1;0;0;0;1;0;0;0;1;0;253;42;160;69;0;76
1894.34;1345;22;22;1;4.58;87;0;50;20;0;50;7;0.44;1.0;1.0;0;0;20;2.75;0.6;2.27;5.1;345;128;14.7;15.62;1.063;0;1;0;0;0;1;0;0;0;1;0;249;42;165;69;0;76
1894.73;1537;34;34;6;6.46;89;0;28;42;0;57;11;0.59;1.0;1.0;0;0;42;4.25;3.5;3.03;8.3;345;128;14.7;15.62;1.063;0;1;0;0;0;0;0;0;0;1;0;305;53;162;70;0;84
1895.13;1665;42;42;7;7.71;87;0;28;43;0;64;16;0.66;1.0;1.0;0;0;42;5.25;4.1;3.52;10.7;345;128;14.7;14.41;0.98;0;1;0;0;0;0;0;0;0;1;0;352;54;165;70;0;89
1895.53;1588;34;34;6;6.43;87;0;26;44;0;57;12;0.59;1.0;1.0;0;0;44;4.25;3.5;3.01;8.5;345;128;14.7;14.41;0.98;0;1;0;0;0;0;0;0;0;1;0;305;53;164;69;0;84
1895.95;1639;34;34;6;6.38;87;0;29;42;0;57;12;0.6;1.0;1.0;0;0;41;4.25;3.5;2.99;8.7;345;128;14.7;13.31;0.905;0;1;0;0;0;0;0;0;0;1;0;306;52;165;69;0;84
1896.35;1691;33;33;5;6.35;86;0;27;43;0;56;12;0.59;1.0;1.0;0;0;43;4.12;2.9;2.97;8.9;345;128;14.7;13.31;0.905;0;1;0;0;0;0;0;0;0;1;0;298;50;166;69;0;83
1896.75;1703;57;57;19;10;87;0;34;34;0;79;22;0.72;1.0;1.0;0;0;36;7.12;11.0;4.49;14.4;345;128;14.7;13.31;0.905;0;1;0;0;0;0;0;0;0;1;0;471;79;166;69;0;106
1897.15;2164;57;57;19;10;87;0;33;36;0;79;27;0.73;1.0;1.0;0;0;37;7.12;11.0;4.49;18.3;345;128;14.82;15.02;1.013;0;1;0;0;0;0;0;0;0;1;0;470;79;164;69;0;106
1897.56;2203;70;70;24;12;87;0;40;30;0;87;35;0.8;1.0;1.0;0;0;30;8.75;14.0;5.42;22.9;345;128;13.94;15.02;1.077;0;1;0;0;0;0;0;0;0;1;0;525;88;164;69;0;114
1897.97;2216;53;53;20;9.41;87;0;31;39;0;76;27;0.7;1.0;1.0;0;0;39;6.62;11.6;4.2;17.4;345;128;14.82;14.41;0.972;0;1;0;0;0;0;0;0;0;1;0;447;81;163;69;0;105
1898.16;2049;43;43;11;7.88;87;0;25;45;0;66;20;0.66;1.0;1.0;0;0;45;5.38;6.4;3.59;13.5;345;128;14.82;14.41;0.972;0;1;0;0;0;0;0;0;0;1;0;374;62;164;69;0;90
1898.56;1703;33;33;6;6.28;87;0;25;44;0;56;13;0.59;1.0;1.0;0;0;45;4.12;3.5;2.95;8.9;345;128;14.7;14.41;0.98;0;1;0;0;0;0;0;0;0;1;0;297;53;164;69;0;83
1898.96;1691;33;33;6;6.31;87;0;25;45;0;56;13;0.59;1.0;1.0;0;0;45;4.12;3.5;2.96;8.9;345;128;14.7;12.71;0.865;0;1;0;0;0;0;0;0;0;1;0;297;53;164;69;0;83
1899.38;1691;25;25;1;5.08;87;0;28;20;0;52;9;0.49;1.0;1.0;0;0;42;3.12;0.6;2.47;7.2;345;128;14.7;12.71;0.865;0;1;0;0;0;1;0;0;0;1;0;266;42;164;69;0;76
1899.77;1281;19;19;1;4.2;88;0;57;20;0;49;6;0.41;1.0;1.0;0;0;13;2.38;0.6;2.12;4.5;345;128;14.7;12.71;0.865;0;1;0;0;0;1;0;0;0;1;0;242;42;163;69;0;75
1900.19;1550;19;19;1;4.13;87;0;52;20;0;48;6;0.39;1.0;1.0;0;0;18;2.38;0.6;2.09;5.3;345;128;14.7;22.42;1.525;0;1;0;0;0;1;0;0;0;1;0;239;42;164;69;0;74
1900.58;1229;18;18;1;3.91;87;0;59;20;0;48;5;0.39;1.0;1.0;0;0;11;2.25;0.6;2.0;4.0;345;128;14.7;22.42;1.525;0;1;0;0;0;1;0;0;0;1;0;239;42;165;69;0;73
1900.99;1434;19;19;1;4.11;87;0;51;20;0;48;6;0.39;1.0;1.0;0;0;19;2.38;0.6;2.08;4.9;345;128;14.7;13.91;0.946;0;1;0;0;0;1;0;0;0;1;0;232;42;165;69;0;38
1901.39;1383;17;17;1;3.76;87;0;55;20;0;47;5;0.38;1.0;1.0;0;0;15;2.12;0.6;1.94;4.3;345;128;14.7;13.91;0.946;0;1;0;0;0;1;0;0;0;1;0;226;42;165;69;0;38
1901.79;1319;20;20;1;4.26;87;0;51;20;0;49;5;0.41;1.0;1.0;0;0;19;2.5;0.6;2.14;4.7;345;128;14.7;13.91;0.946;0;1;0;0;0;1;0;0;0;1;0;241;42;164;69;0;75
1902.2;1806;16;16;1;3.57;86;0;58;20;0;44;6;0.36;1.0;1.0;0;0;12;2.0;0.6;1.86;5.4;345;128;14.7;15.41;1.048;0;1;0;0;0;1;0;0;0;1;0;205;42;166;69;0;72
1902.6;1691;16;16;1;3.63;87;0;68;20;0;45;6;0.37;1.0;1.0;0;0;2;2.0;0.6;1.89;5.1;345;128;14.7;15.41;1.048;0;1;0;0;0;1;0;0;0;1;0;210;42;164;69;0;73
1902.99;1588;16;16;1;3.6;86;0;70;20;0;45;5;0.36;1.0;1.0;0;0;0;2.0;0.6;1.87;4.8;345;128;14.7;15.41;1.048;0;1;0;0;0;1;0;0;0;1;0;213;42;166;69;0;73
1903.4;1498;17;17;1;3.73;87;0;70;20;0;46;5;0.37;1.0;1.0;0;0;0;2.12;0.6;1.93;4.7;345;128;14.7;15.41;1.048;0;1;0;0;0;1;0;0;0;1;0;219;42;165;69;0;73
1903.81;1370;16;16;1;3.7;86;0;69;20;0;46;5;0.37;1.0;1.0;0;0;1;2.0;0.6;1.91;4.2;345;128;14.7;15.41;1.048;0;1;0;0;0;1;0;0;0;1;0;220;42;166;68;0;57
1904.01;1486;15;15;1;3.48;87;0;60;20;0;44;5;0.35;1.0;1.0;0;0;10;1.88;0.6;1.83;4.3;345;128;14.7;21.92;1.491;0;1;0;0;0;1;0;0;0;1;0;204;42;164;68;0;72
1904.39;1396;14;14;1;3.4;88;0;51;20;0;43;4;0.34;1.0;1.0;0;0;19;1.75;0.6;1.8;4.0;345;128;14.7;21.92;1.491;0;1;0;0;0;1;0;0;0;1;0;199;42;163;67;0;53
1904.8;1396;15;15;1;3.51;89;0;50;20;0;44;4;0.35;1.0;1.0;0;0;20;1.88;0.6;1.85;4.1;345;128;14.7;21.92;1.491;0;1;0;0;0;1;0;0;0;1;0;201;42;164;68;0;70
1905.22;1319;15;15;1;3.5;88;0;50;20;0;44;4;0.35;1.0;1.0;0;0;20;1.88;0.6;1.84;3.8;345;128;14.7;12.91;0.878;0;1;0;0;0;1;0;0;0;1;0;204;42;163;68;0;54
1905.62;1370;14;14;1;3.4;90;0;50;20;0;43;4;0.34;1.0;1.0;0;0;20;1.75;0.6;1.81;3.9;345;128;14.7;12.91;0.878;0;1;0;0;0;1;0;0;0;1;0;199;42;161;69;0;73
1906.03;1422;20;20;2;4.37;90;0;50;20;0;49;6;0.41;1.0;1.0;0;0;20;2.5;1.2;2.2;5.2;345;128;14.7;16.11;1.096;0;1;0;0;0;1;0;0;0;1;0;247;45;161;68;0;75
1906.42;1703;37;37;9;7.05;90;0;28;42;0;60;14;0.62;1.0;1.0;0;0;42;4.62;5.2;3.27;10.0;345;128;14.7;16.11;1.096;0;1;0;0;0;0;0;0;0;1;0;327;59;160;67;0;85
1906.83;2088;74;74;27;14;91;0;45;24;0;89;35;0.82;1.0;1.0;0;0;25;9.25;15.7;5.99;24.1;345;128;13.94;16.11;1.156;0;1;0;0;0;0;0;0;0;1;0;547;95;159;68;0;141
1907.22;2318;56;56;21;9.95;92;0;33;38;0;78;29;0.72;1.0;1.0;0;0;37;7.0;12.2;4.44;19.2;345;128;14.82;14.62;0.987;0;1;0;0;0;0;0;0;0;1;0;463;83;158;67;0;106
1907.64;2228;54;54;21;9.5;90;0;30;40;0;76;26;0.7;1.0;1.0;0;0;40;6.75;12.2;4.25;17.6;345;128;14.82;14.62;0.987;0;1;0;0;0;0;0;0;0;1;0;444;82;161;68;0;104
1908.03;2216;53;53;21;9.48;91;0;30;40;0;76;27;0.7;1.0;1.0;0;0;40;6.62;12.2;4.25;17.5;345;128;14.82;16.61;1.121;0;1;0;0;0;0;0;0;0;1;0;446;82;159;67;0;90
1908.43;2267;59;59;22;10;90;0;33;37;0;80;30;0.74;1.0;1.0;0;0;37;7.38;12.8;4.65;19.8;345;128;14.82;16.61;1.121;0;1;0;0;0;0;0;0;0;1;0;477;84;160;67;0;107
1908.85;2356;61;61;23;11;91;0;33;37;0;81;32;0.75;1.0;1.0;0;0;37;7.62;13.4;4.7;20.8;345;128;14.82;16.61;1.121;0;1;0;0;0;0;0;0;0;1;0;487;86;159;67;0;108
1909.24;2369;47;47;18;8.4;90;0;27;43;0;70;24;0.66;1.0;1.0;0;0;43;5.88;10.5;3.81;16.6;345;128;14.93;15.81;1.059;0;1;0;0;0;0;0;0;0;1;0;400;77;160;67;0;98
1909.66;2203;59;59;20;11;91;0;33;37;0;80;29;0.74;1.0;1.0;0;0;37;7.38;11.6;4.66;19.3;345;128;14.82;15.81;1.067;0;1;0;0;0;0;0;0;0;1;0;475;81;159;67;0;106
1909.84;2152;62;62;22;11;90;0;35;34;0;82;30;0.76;1.0;1.0;0;0;35;7.75;12.8;4.94;20.1;345;128;14.04;15.81;1.126;0;1;0;0;0;0;0;0;0;1;0;489;84;160;68;0;43
1910.24;2305;63;63;24;11;91;0;35;35;0;83;32;0.77;1.0;1.0;0;0;35;7.88;14.0;4.98;21.7;345;128;14.82;14.31;0.966;0;1;0;0;0;0;0;0;0;1;0;497;88;159;68;0;109
1910.64;2164;57;57;22;10;90;0;32;38;0;79;27;0.73;1.0;1.0;0;0;38;7.12;12.8;4.45;18.0;345;128;14.82;14.31;0.966;0;1;0;0;0;0;0;0;0;1;0;464;85;161;68;0;99
1911.06;2062;43;43;14;7.87;90;0;25;45;0;67;20;0.66;1.0;1.0;0;0;45;5.38;8.1;3.6;13.5;345;128;14.82;13.91;0.939;0;1;0;0;0;0;0;0;0;1;0;376;68;161;68;0;90
1911.45;1895;43;43;13;7.85;90;0;26;44;0;65;18;0.66;1.0;1.0;0;0;44;5.38;7.6;3.59;12.4;345;128;14.82;13.91;0.939;0;1;0;0;0;0;0;0;0;1;0;364;67;161;68;0;89
1911.87;1870;42;42;13;7.68;89;0;26;44;0;64;18;0.66;1.0;1.0;0;0;44;5.25;7.6;3.52;12.0;345;128;14.82;13.91;0.939;0;1;0;0;0;0;0;0;0;1;0;359;67;162;69;0;89
1912.26;1972;38;38;11;7.07;88;0;24;46;0;61;17;0.63;1.0;1.0;0;0;46;4.75;6.4;3.27;11.6;345;128;14.82;13.61;0.918;0;1;0;0;0;0;0;0;0;1;0;331;63;163;69;0;85
1912.67;1947;36;36;10;6.73;89;0;24;46;0;59;15;0.62;1.0;1.0;0;0;46;4.5;5.8;3.14;10.9;345;128;14.82;13.61;0.918;0;1;0;0;0;0;0;0;0;1;0;316;61;162;69;0;84
1913.07;1947;35;35;10;6.57;88;0;23;47;0;58;15;0.61;1.0;1.0;0;0;47;4.38;5.8;3.07;10.7;345;128;14.82;13.51;0.912;0;1;0;0;0;0;0;0;0;1;0;312;61;163;69;0;91
1913.47;1985;34;34;10;6.47;88;0;24;46;0;57;15;0.6;1.0;1.0;0;0;46;4.25;5.8;3.03;10.7;345;128;14.82;13.51;0.912;0;1;0;0;0;0;0;0;0;1;0;306;60;163;69;0;84
1913.87;1972;31;31;6;5.96;87;0;24;46;0;55;13;0.56;1.0;1.0;0;0;46;3.88;3.5;2.82;9.8;345;128;14.82;13.51;0.912;0;1;0;0;0;0;0;0;0;1;0;288;53;164;69;0;74
1914.27;1831;18;18;3;3.88;87;0;34;36;0;47;7;0.38;1.0;1.0;0;0;36;2.25;1.7;1.99;5.9;345;128;14.7;12.41;0.844;0;1;0;0;0;0;0;0;0;1;0;231;47;165;69;0;70
1914.67;1857;18;18;3;3.88;87;0;33;37;0;47;7;0.38;1.0;1.0;0;0;37;2.25;1.7;1.99;6.0;345;128;14.82;12.41;0.837;0;1;0;0;0;0;0;0;0;1;0;226;47;164;69;0;74
1915.09;1857;16;16;1;3.67;88;0;37;20;0;45;6;0.37;1.0;1.0;0;0;33;2.0;0.6;1.91;5.7;345;128;14.82;13.21;0.891;0;1;0;0;0;1;0;0;0;1;0;215;42;163;69;0;73
1915.29;1498;15;15;1;3.56;87;0;61;20;0;45;5;0.36;1.0;1.0;0;0;9;1.88;0.6;1.86;4.4;345;128;14.7;13.21;0.899;0;1;0;0;0;1;0;0;0;1;0;212;42;166;69;0;73
1915.68;1345;17;17;1;3.83;87;0;70;20;0;47;5;0.38;1.0;1.0;0;0;0;2.12;0.6;1.97;4.3;345;128;14.7;13.21;0.899;0;1;0;0;0;1;0;0;0;1;0;228;42;164;69;0;69
1916.08;1319;17;17;1;3.81;85;0;70;20;0;47;5;0.38;1.0;1.0;0;0;0;2.12;0.6;1.95;4.2;345;128;14.7;13.21;0.899;0;1;0;0;0;1;0;0;0;1;0;228;42;167;69;0;74
1916.5;1281;17;17;1;3.83;87;0;70;20;0;47;5;0.38;1.0;1.0;0;0;0;2.12;0.6;1.97;4.1;345;128;14.7;13.21;0.899;0;1;0;0;0;1;0;0;0;1;0;224;42;165;69;0;74
1916.9;1383;17;17;1;3.73;85;0;70;20;0;46;5;0.37;1.0;1.0;0;0;0;2.12;0.6;1.92;4.3;345;128;14.7;13.21;0.899;0;1;0;0;0;1;0;0;0;1;0;222;42;167;69;0;73
1917.3;1268;16;16;1;3.65;86;0;69;20;0;46;4;0.37;1.0;1.0;0;0;1;2.0;0.6;1.89;3.9;345;128;14.7;13.21;0.899;0;1;0;0;0;1;0;0;0;1;0;219;42;166;70;0;70
1917.69;1422;15;15;1;3.43;85;0;61;20;0;44;4;0.35;1.0;1.0;0;0;9;1.88;0.6;1.8;4.1;345;128;14.7;13.21;0.899;0;1;0;0;0;1;0;0;0;1;0;203;42;167;70;0;72
1918.09;1422;14;14;1;3.33;85;0;51;20;0;43;4;0.34;1.0;1.0;0;0;19;1.75;0.6;1.76;3.9;345;128;14.7;14.61;0.994;0;1;0;0;0;1;0;0;0;1;0;198;42;167;70;0;56
1918.5;1383;14;14;1;3.36;87;0;56;20;0;43;4;0.34;1.0;1.0;0;0;14;1.75;0.6;1.78;3.9;345;128;14.7;14.61;0.994;0;1;0;0;0;1;0;0;0;1;0;199;42;164;69;0;56
1918.91;1319;15;15;1;3.51;87;0;57;20;0;44;4;0.35;1.0;1.0;0;0;13;1.88;0.6;1.84;3.9;345;128;14.7;14.61;0.994;0;1;0;0;0;1;0;0;0;1;0;206;42;164;69;0;73
1919.3;1498;14;14;1;3.38;89;0;50;20;0;43;4;0.34;1.0;1.0;0;0;20;1.75;0.6;1.8;4.2;345;128;14.7;18.91;1.286;0;1;0;0;0;1;0;0;0;1;0;195;42;162;69;0;55
1919.72;1498;14;14;1;3.37;90;0;55;20;0;43;4;0.34;1.0;1.0;0;0;15;1.75;0.6;1.8;4.2;345;128;14.7;18.91;1.286;0;1;0;0;0;1;0;0;0;1;0;195;42;161;69;0;54
1920.11;1447;15;15;1;3.53;89;0;56;20;0;44;4;0.35;1.0;1.0;0;0;14;1.88;0.6;1.86;4.3;345;128;14.7;20.92;1.423;0;1;0;0;0;1;0;0;0;1;0;203;42;162;69;0;57
1920.53;1396;13;13;1;3.23;89;0;50;20;0;41;4;0.32;1.0;1.0;0;0;20;1.62;0.6;1.74;3.8;345;128;14.7;20.92;1.423;0;1;0;0;0;1;0;0;0;1;0;187;42;162;69;0;54
1920.92;1473;14;14;1;3.35;90;0;50;20;0;42;4;0.34;1.0;1.0;0;0;20;1.75;0.6;1.79;4.1;345;128;14.7;20.92;1.423;0;1;0;0;0;1;0;0;0;1;0;190;42;160;69;0;54
1921.13;1332;14;14;1;3.32;90;0;59;20;0;43;4;0.34;1.0;1.0;0;0;11;1.75;0.6;1.78;3.7;345;128;14.7;13.51;0.919;0;1;0;0;0;1;0;0;0;1;0;198;42;160;69;0;56
1921.53;1383;15;15;1;3.58;89;0;55;20;0;44;4;0.35;1.0;1.0;0;0;15;1.88;0.6;1.88;4.1;345;128;14.7;13.51;0.919;0;1;0;0;0;1;0;0;0;1;0;200;42;162;69;0;57
1921.94;1473;14;14;1;3.38;89;0;50;20;0;43;4;0.34;1.0;1.0;0;0;20;1.75;0.6;1.8;4.1;345;128;14.7;13.51;0.919;0;1;0;0;0;1;0;0;0;1;0;194;42;162;69;0;55
1922.32;1396;14;14;1;3.38;89;0;50;20;0;43;4;0.34;1.0;1.0;0;0;20;1.75;0.6;1.8;3.9;345;128;14.7;14.31;0.973;0;1;0;0;0;1;0;0;0;1;0;194;42;162;69;0;38
1922.75;1447;14;14;1;3.42;90;0;50;20;0;43;4;0.34;1.0;1.0;0;0;20;1.75;0.6;1.82;4.1;345;128;14.7;14.31;0.973;0;1;0;0;0;1;0;0;0;1;0;197;42;161;69;0;56
1923.15;1537;14;14;1;3.38;89;0;50;20;0;43;4;0.34;1.0;1.0;0;0;20;1.75;0.6;1.8;4.3;345;128;14.7;12.71;0.865;0;1;0;0;0;1;0;0;0;1;0;199;42;162;69;0;57
1923.56;1434;14;14;1;3.41;89;0;50;20;0;44;4;0.35;1.0;1.0;0;0;20;1.75;0.6;1.81;4.1;345;128;14.7;12.71;0.865;0;1;0;0;0;1;0;0;0;1;0;200;42;162;69;0;57
1923.95;1396;14;14;1;3.38;89;0;50;20;0;43;4;0.34;1.0;1.0;0;0;20;1.75;0.6;1.8;3.9;345;128;14.7;12.71;0.865;0;1;0;0;0;1;0;0;0;1;0;194;42;162;69;0;56
1924.37;1511;14;14;1;3.42;90;0;50;20;0;43;4;0.34;1.0;1.0;0;0;20;1.75;0.6;1.82;4.3;345;128;14.7;12.61;0.858;0;1;0;0;0;1;0;0;0;1;0;199;42;161;69;0;56
1924.76;1370;14;14;1;3.35;88;0;50;20;0;43;4;0.34;1.0;1.0;0;0;20;1.75;0.6;1.78;3.8;345;128;14.7;12.61;0.858;0;1;0;0;0;1;0;0;0;1;0;198;42;163;69;0;56
1925.17;1422;14;14;1;3.41;89;0;50;20;0;44;4;0.35;1.0;1.0;0;0;20;1.75;0.6;1.81;4.0;345;128;14.7;12.81;0.871;0;1;0;0;0;1;0;0;0;1;0;201;42;162;69;0;57
1925.56;1537;15;15;1;3.51;89;0;52;20;0;43;5;0.34;1.0;1.0;0;0;18;1.88;0.6;1.85;4.5;345;128;14.7;12.81;0.871;0;1;0;0;0;1;0;0;0;1;0;193;42;162;69;0;56
1925.99;1947;13;13;1;3.27;90;0;62;23;0;41;6;0.34;1.0;1.0;0;0;8;1.62;0.6;1.76;5.3;345;128;14.82;12.81;0.864;0;1;0;0;0;1;0;0;0;1;0;186;42;161;68;0;54
1926.37;1857;13;13;1;3.15;88;0;69;23;0;40;5;0.33;1.0;1.0;0;0;1;1.62;0.6;1.7;4.9;345;128;14.82;12.81;0.864;0;1;0;0;0;1;0;0;0;1;0;178;42;163;68;0;70
1926.59;1780;13;13;1;3.16;87;0;70;20;0;40;5;0.33;1.0;1.0;0;0;0;1.62;0.6;1.7;4.7;345;128;14.7;12.81;0.871;0;1;0;0;0;1;0;0;0;1;0;179;42;165;69;0;54
1926.99;1703;13;13;1;3.23;87;0;70;20;0;41;5;0.34;1.0;1.0;0;0;0;1.62;0.6;1.73;4.6;345;128;14.7;12.81;0.871;0;1;0;0;0;1;0;0;0;1;0;182;42;165;69;0;54
1927.38;1831;57;57;22;9.98;87;0;30;37;0;79;23;0.72;1.0;1.0;0;0;40;7.12;12.8;4.43;15.2;345;128;14.7;12.81;0.871;0;1;0;0;0;0;0;0;0;1;0;465;84;164;69;0;100
1927.77;2369;60;60;23;11;87;0;32;38;0;81;31;0.75;1.0;1.0;0;0;38;7.5;13.4;4.66;20.8;345;128;14.82;12.81;0.864;0;1;0;0;0;0;0;0;0;1;0;484;86;164;69;0;100
1928.2;2331;82;82;32;15;88;0;46;24;0;94;43;0.86;1.0;1.0;0;0;24;10.25;18.6;6.53;29.6;345;128;13.54;12.51;0.924;0;1;0;0;0;0;0;0;0;1;0;576;104;163;69;0;114
1928.6;2408;80;80;32;15;90;0;47;24;-1;93;44;0.85;1.0;1.0;0;0;23;10.0;18.6;6.36;29.6;345;128;13.54;12.51;0.924;0;1;0;0;0;0;0;0;0;1;0;572;105;161;69;0;108
1929.0;2497;80;80;32;15;91;0;47;25;-1;93;44;0.85;1.0;1.0;0;0;23;10.0;18.6;6.37;30.8;345;128;13.54;12.51;0.924;0;1;0;0;0;0;0;0;0;1;0;572;105;159;69;0;149
1929.41;2485;75;75;31;14;91;0;45;26;-1;90;41;0.83;1.0;1.0;0;0;25;9.38;18.0;5.97;28.5;345;128;14.04;14.31;1.019;0;1;0;0;0;0;0;0;0;1;0;554;103;159;69;0;147
1929.81;2152;50;50;19;9.01;91;0;28;42;0;74;25;0.69;1.0;1.0;0;0;42;6.25;11.0;4.06;16.2;345;128;14.82;14.31;0.966;0;1;0;0;0;0;0;0;0;1;0;433;79;159;69;0;43
1930.19;1857;28;28;4;5.56;89;0;24;45;0;54;12;0.54;1.0;1.0;0;0;46;3.5;2.3;2.67;8.6;345;128;14.82;11.11;0.75;0;1;0;0;0;0;0;0;0;1;0;277;48;162;69;0;76
1930.6;1562;15;15;1;3.5;88;0;53;20;0;44;5;0.35;1.0;1.0;0;0;17;1.88;0.6;1.84;4.6;345;128;14.7;11.11;0.756;0;1;0;0;0;1;0;0;0;1;0;207;42;163;69;0;72
1931.01;1370;17;17;1;3.81;89;0;61;20;0;46;5;0.37;1.0;1.0;0;0;9;2.12;0.6;1.97;4.3;345;128;14.7;11.11;0.756;0;1;0;0;0;1;0;0;0;1;0;223;42;162;69;0;73
1931.4;1422;15;15;1;3.48;87;0;52;20;0;44;5;0.35;1.0;1.0;0;0;18;1.88;0.6;1.83;4.1;345;128;14.7;15.91;1.082;0;1;0;0;0;1;0;0;0;1;0;207;42;164;69;0;82
1931.81;1396;15;15;1;3.47;88;0;54;20;0;44;5;0.35;1.0;1.0;0;0;16;1.88;0.6;1.83;4.0;345;128;14.7;15.91;1.082;0;1;0;0;0;1;0;0;0;1;0;202;42;163;69;0;56
1932.02;1281;17;17;1;3.73;87;0;56;20;0;46;4;0.37;1.0;1.0;0;0;14;2.12;0.6;1.93;4.0;345;128;14.7;15.91;1.082;0;1;0;0;0;1;0;0;0;1;0;218;42;164;69;0;73
1932.43;1319;16;16;1;3.65;88;0;50;20;0;45;4;0.36;1.0;1.0;0;0;20;2.0;0.6;1.9;4.0;345;128;14.7;20.12;1.369;0;1;0;0;0;1;0;0;0;1;0;210;42;163;70;0;38
1932.81;1985;14;14;1;3.23;87;0;58;20;0;41;6;0.34;1.0;1.0;0;0;12;1.75;0.6;1.73;5.3;345;128;14.82;20.12;1.358;0;1;0;0;0;1;0;0;0;1;0;187;42;165;69;0;54
1933.22;1921;13;13;1;3.13;89;0;66;24;0;40;5;0.33;1.0;1.0;0;0;4;1.62;0.6;1.7;5.0;345;128;14.82;20.12;1.358;0;1;0;0;0;1;0;0;0;1;0;175;42;162;69;0;53
1933.63;1998;13;13;1;3.08;85;0;69;20;0;40;5;0.33;1.0;1.0;0;0;1;1.62;0.6;1.66;5.1;345;128;14.82;20.12;1.358;0;1;0;0;0;1;0;0;0;1;0;174;42;167;70;0;53
1934.02;1883;13;13;1;3.1;86;0;67;23;0;40;5;0.33;1.0;1.0;0;0;3;1.62;0.6;1.67;4.9;345;128;14.82;20.12;1.358;0;1;0;0;0;1;0;0;0;1;0;177;42;166;70;0;53
1934.44;1819;13;13;1;3.08;85;0;70;20;0;40;5;0.33;1.0;1.0;0;0;0;1.62;0.6;1.66;4.7;345;128;14.7;20.12;1.369;0;1;0;0;0;1;0;0;0;1;0;178;42;167;70;0;77
1934.83;1870;13;13;1;3.18;85;0;69;20;0;41;5;0.34;1.0;1.0;0;0;1;1.62;0.6;1.7;5.0;345;128;14.82;20.12;1.358;0;1;0;0;0;1;0;0;0;1;0;180;42;167;69;0;54
1935.25;1716;13;13;1;3.21;87;0;70;20;0;41;5;0.34;1.0;1.0;0;0;0;1.62;0.6;1.72;4.6;345;128;14.7;20.12;1.369;0;1;0;0;0;1;0;0;0;1;0;183;42;164;69;0;54
1935.65;1767;14;14;1;3.36;87;0;70;20;0;42;5;0.34;1.0;1.0;0;0;0;1.75;0.6;1.78;4.9;345;128;14.7;20.12;1.369;0;1;0;0;0;1;0;0;0;1;0;188;42;164;69;0;54
1936.04;1703;14;14;1;3.38;87;0;70;20;0;43;5;0.35;1.0;1.0;0;0;0;1.75;0.6;1.79;4.8;345;128;14.7;20.12;1.369;0;1;0;0;0;1;0;0;0;1;0;192;42;164;69;0;54
1936.43;1537;15;15;1;3.46;89;0;70;20;0;43;5;0.34;1.0;1.0;0;0;0;1.88;0.6;1.83;4.4;345;128;14.7;20.12;1.369;0;1;0;0;0;1;0;0;0;1;0;193;42;162;70;0;56
1936.86;1550;14;14;1;3.36;89;0;70;20;0;43;4;0.34;1.0;1.0;0;0;0;1.75;0.6;1.79;4.3;345;128;14.7;20.12;1.369;0;1;0;0;0;1;0;0;0;1;0;197;42;162;70;0;56
1937.26;1332;15;15;1;3.55;90;0;69;20;0;44;4;0.35;1.0;1.0;0;0;1;1.88;0.6;1.87;3.9;345;128;14.7;20.12;1.369;0;1;0;0;0;1;0;0;0;1;0;204;42;161;69;0;54
1937.66;1281;14;14;1;3.42;90;0;61;20;0;44;4;0.35;1.0;1.0;0;0;9;1.75;0.6;1.82;3.7;345;128;14.7;20.12;1.369;0;1;0;0;0;1;0;0;0;1;0;200;42;161;69;0;57
1937.86;1178;14;14;1;3.37;90;0;53;20;0;44;3;0.34;1.0;1.0;0;0;17;1.75;0.6;1.8;3.3;345;128;14.7;20.12;1.369;0;1;0;0;0;1;0;0;0;1;0;200;42;161;71;0;56
1938.24;1165;15;15;1;3.48;91;0;50;20;0;44;4;0.34;1.0;1.0;0;0;20;1.88;0.6;1.85;3.4;345;128;14.7;15.41;1.048;0;1;0;0;0;1;0;0;0;1;0;201;42;159;70;0;70
1938.65;1063;14;14;1;3.4;92;0;50;20;0;44;3;0.33;1.0;1.0;0;0;20;1.75;0.6;1.82;3.0;345;128;14.7;15.41;1.048;0;1;0;0;0;1;0;0;0;1;0;205;42;158;70;0;73
1939.05;999;14;14;1;3.42;92;0;50;20;0;45;3;0.33;1.0;1.0;0;0;20;1.75;0.6;1.83;2.8;345;128;14.7;15.41;1.048;0;1;0;0;0;1;0;0;0;1;0;215;42;158;70;0;73
1939.46;922;15;15;1;3.53;91;0;50;20;0;47;3;0.34;1.0;1.0;0;0;20;1.88;0.6;1.87;2.7;345;128;14.7;13.11;0.892;0;1;0;0;0;1;0;0;0;1;0;228;42;159;70;0;74
1939.87;807;19;19;1;4.08;89;0;50;20;0;50;3;0.39;1.0;1.0;0;0;20;2.38;0.6;2.08;2.7;345;128;14.7;13.11;0.892;0;1;0;0;0;1;0;0;0;1;0;249;42;162;70;0;76
1940.27;807;22;22;1;4.57;88;0;50;20;0;52;4;0.43;1.0;1.0;0;0;20;2.75;0.6;2.27;3.1;345;128;14.7;16.21;1.103;0;1;0;0;0;1;0;0;0;1;0;261;42;163;70;0;77
1940.67;717;23;23;1;4.71;89;0;50;20;0;53;3;0.45;1.0;1.0;0;0;20;2.88;0.6;2.33;2.8;345;128;14.47;16.21;1.12;0;1;0;0;0;1;0;0;0;1;0;269;42;162;71;0;77
1941.08;704;29;29;1;5.73;91;0;50;20;0;56;4;0.51;1.0;1.0;0;0;20;3.62;0.6;2.75;3.4;345;128;14.47;16.21;1.12;0;1;0;0;0;1;0;0;0;1;0;298;42;159;70;0;83
1941.49;679;32;32;1;6.13;91;0;50;20;0;60;4;0.53;1.0;1.0;0;0;20;4.0;0.6;2.91;3.5;345;128;14.59;14.11;0.967;0;1;0;0;0;1;0;0;0;1;0;321;42;159;70;0;84
1941.89;832;29;29;1;5.68;89;0;50;20;0;57;5;0.5;1.0;1.0;0;0;20;3.62;0.6;2.72;3.9;345;128;14.47;14.11;0.975;0;1;0;0;0;1;0;0;0;1;0;306;42;162;71;0;84
1942.29;1306;47;47;6;8.5;88;0;38;33;0;71;12;0.62;1.0;1.0;0;0;32;5.88;3.5;3.84;9.3;345;128;14.7;17.12;1.165;0;1;0;0;0;0;0;0;0;1;0;409;53;163;71;0;90
1942.71;1806;41;41;6;7.48;87;0;27;43;0;63;16;0.65;1.0;1.0;0;0;43;5.12;3.5;3.43;11.3;345;128;14.7;17.12;1.165;0;1;0;0;0;0;0;0;0;1;0;344;53;165;70;0;88
1943.09;1703;40;40;7;7.33;87;0;25;45;0;62;15;0.64;1.0;1.0;0;0;45;5.0;4.1;3.37;10.4;345;128;14.7;17.12;1.165;0;1;0;0;0;0;0;0;0;1;0;342;54;164;70;0;85
1943.49;1729;53;53;14;9.46;87;0;31;37;0;77;20;0.7;1.0;1.0;0;0;39;6.62;8.1;4.22;13.6;345;128;14.7;17.22;1.171;0;1;0;0;0;0;0;0;0;1;0;451;68;164;70;0;105
1943.69;1921;51;51;14;9.16;87;0;31;39;0;75;21;0.69;1.0;1.0;0;0;39;6.38;8.1;4.1;14.7;345;128;14.82;17.22;1.162;0;1;0;0;0;0;0;0;0;1;0;438;68;165;71;0;90
1944.09;1947;59;59;19;10;87;0;35;35;0;80;25;0.73;1.0;1.0;0;0;35;7.38;11.0;4.63;17.0;345;128;14.82;17.22;1.162;0;1;0;0;0;0;0;0;0;1;0;479;79;164;70;0;107
1944.51;2203;64;64;22;12;89;0;36;34;0;83;31;0.77;1.0;1.0;0;0;34;8.0;12.8;5.06;21.2;345;128;14.04;15.31;1.09;0;1;0;0;0;0;0;0;0;1;0;499;84;162;70;0;102
1944.9;2280;67;67;24;12;90;0;38;32;0;85;34;0.78;1.0;1.0;0;0;32;8.38;14.0;5.19;22.5;345;128;14.82;15.31;1.033;0;1;0;0;0;0;0;0;0;1;0;515;88;160;70;0;113
1945.3;2369;67;67;24;12;91;0;37;33;0;85;36;0.78;1.0;1.0;0;0;33;8.38;14.0;5.16;23.2;345;128;14.82;14.51;0.979;0;1;0;0;0;0;0;0;0;1;0;510;89;159;70;0;102
1945.71;2382;66;66;24;12;91;0;37;33;0;85;36;0.78;1.0;1.0;0;0;33;8.25;14.0;5.15;23.3;345;128;14.82;14.51;0.979;0;1;0;0;0;0;0;0;0;1;0;515;89;159;70;0;113
1946.11;2433;66;66;24;12;91;0;35;35;0;85;36;0.78;1.0;1.0;0;0;35;8.25;14.0;5.16;23.8;345;128;14.82;14.51;0.979;0;1;0;0;0;0;0;0;0;1;0;514;89;159;70;0;109
1946.54;2446;66;66;24;12;91;0;37;33;0;85;36;0.78;1.0;1.0;0;0;33;8.25;14.0;5.22;24.3;345;128;14.82;14.71;0.993;0;1;0;0;0;0;0;0;0;1;0;512;89;159;70;0;44
1946.93;2485;66;66;24;12;91;0;35;34;0;85;37;0.78;1.0;1.0;0;0;35;8.25;14.0;5.1;24.0;345;128;14.82;14.71;0.993;0;1;0;0;0;0;0;0;0;1;0;509;89;159;70;0;113
1947.33;2497;66;66;24;12;92;0;36;35;0;85;37;0.78;1.0;1.0;0;0;34;8.25;14.0;5.11;24.2;345;128;14.82;15.21;1.026;0;1;0;0;0;0;0;0;0;1;0;509;89;156;69;0;43
1947.73;2574;63;63;24;11;93;0;33;37;0;84;36;0.76;1.0;1.0;0;0;37;7.88;14.0;4.91;23.8;345;128;14.82;15.21;1.026;0;1;0;0;0;0;0;0;0;1;0;504;89;156;69;0;141
1948.13;2523;62;62;24;11;93;0;31;38;0;83;36;0.76;1.0;1.0;0;0;39;7.75;14.0;4.8;22.8;345;128;14.82;15.21;1.026;0;1;0;0;0;0;0;0;0;1;0;496;89;156;69;0;108
1948.54;2088;45;45;14;8.2;90;0;25;45;0;70;22;0.66;1.0;1.0;0;0;45;5.62;8.1;3.73;14.3;345;128;14.82;13.81;0.932;0;1;0;0;0;0;0;0;0;1;0;400;69;161;70;0;100
1948.94;1588;27;27;2;5.33;89;0;26;44;0;53;10;0.51;1.0;1.0;0;0;44;3.38;1.2;2.58;7.1;345;128;14.7;13.81;0.939;0;1;0;0;0;0;0;0;0;1;0;268;44;162;71;0;77
1949.15;1204;22;22;1;4.63;87;0;52;20;0;51;6;0.45;1.0;1.0;0;0;18;2.75;0.6;2.29;4.6;345;128;14.7;17.42;1.185;0;1;0;0;0;1;0;0;0;1;0;255;42;164;71;0;76
1949.54;1396;23;23;1;4.7;88;0;50;20;0;51;7;0.46;1.0;1.0;0;0;20;2.88;0.6;2.32;5.5;345;128;14.7;17.42;1.185;0;1;0;0;0;1;0;0;0;1;0;255;42;163;70;0;86
1949.97;1447;21;21;1;4.36;87;0;50;20;0;50;6;0.44;1.0;1.0;0;0;20;2.62;0.6;2.18;5.3;345;128;14.7;17.42;1.185;0;1;0;0;0;1;0;0;0;1;0;249;42;165;70;0;76
1950.37;1345;20;20;1;4.23;87;0;50;20;0;49;6;0.41;1.0;1.0;0;0;20;2.5;0.6;2.13;4.7;345;128;14.7;13.31;0.905;0;1;0;0;0;1;0;0;0;1;0;247;42;164;69;0;75
1950.76;1422;20;20;1;4.25;86;0;50;20;0;49;6;0.41;1.0;1.0;0;0;20;2.5;0.6;2.13;5.0;345;128;14.7;13.31;0.905;0;1;0;0;0;1;0;0;0;1;0;242;42;166;68;0;75
1951.15;1268;20;20;1;4.25;88;0;50;20;0;49;5;0.41;1.0;1.0;0;0;20;2.5;0.6;2.14;4.5;345;128;14.7;13.11;0.892;0;1;0;0;0;1;0;0;0;1;0;244;42;163;68;0;70
1951.55;1255;20;20;1;4.23;85;0;50;20;0;49;5;0.41;1.0;1.0;0;0;20;2.5;0.6;2.12;4.4;345;128;14.7;13.11;0.892;0;1;0;0;0;1;0;0;0;1;0;240;42;167;69;0;74
1951.96;1165;18;18;1;3.98;85;0;50;20;0;48;5;0.38;1.0;1.0;0;0;20;2.25;0.6;2.02;3.9;345;128;14.7;13.11;0.892;0;1;0;0;0;1;0;0;0;1;0;238;42;167;69;0;70
1952.37;1255;19;19;1;4.07;86;0;50;20;0;49;5;0.41;1.0;1.0;0;0;20;2.38;0.6;2.06;4.3;345;128;14.7;13.11;0.892;0;1;0;0;0;1;0;0;0;1;0;240;42;167;69;0;70
1952.76;1178;19;19;1;4.07;86;0;50;20;0;49;5;0.41;1.0;1.0;0;0;20;2.38;0.6;2.06;4.0;345;128;14.7;13.11;0.892;0;1;0;0;0;1;0;0;0;1;0;242;42;166;69;0;75
1953.17;1037;19;19;1;4.06;85;0;50;20;0;49;4;0.38;1.0;1.0;0;0;20;2.38;0.6;2.05;3.5;345;128;14.7;13.21;0.899;0;1;0;0;0;1;0;0;0;1;0;242;42;166;70;0;70
1953.59;999;20;20;1;4.25;86;0;50;20;0;50;4;0.41;1.0;1.0;0;0;20;2.5;0.6;2.13;3.5;345;128;14.7;13.21;0.899;0;1;0;0;0;1;0;0;0;1;0;251;42;166;71;0;76
1953.97;935;21;21;1;4.45;88;0;50;20;0;51;4;0.41;1.0;1.0;0;0;20;2.62;0.6;2.22;3.5;345;128;14.7;13.21;0.899;0;1;0;0;0;1;0;0;0;1;0;255;42;163;70;0;76
1954.38;922;22;22;1;4.61;87;0;50;20;0;52;4;0.44;1.0;1.0;0;0;20;2.75;0.6;2.28;3.5;345;128;14.7;13.01;0.885;0;1;0;0;0;1;0;0;0;1;0;267;42;165;71;0;74
1954.59;807;24;24;1;4.9;86;0;50;20;0;54;4;0.47;1.0;1.0;0;0;20;3.0;0.6;2.39;3.3;345;128;14.47;13.01;0.899;0;1;0;0;0;1;0;0;0;1;0;276;42;166;71;0;78
1954.98;730;24;24;1;5.0;86;0;50;20;0;54;4;0.47;1.0;1.0;0;0;20;3.0;0.6;2.43;3.0;345;128;14.47;13.01;0.899;0;1;0;0;0;1;0;0;0;1;0;282;42;166;70;0;82
1955.4;781;26;26;1;5.23;87;0;50;20;0;55;4;0.48;1.0;1.0;0;0;20;3.25;0.6;2.53;3.4;345;128;14.47;13.01;0.899;0;1;0;0;0;1;0;0;0;1;0;291;42;165;71;0;82
1955.8;781;26;26;1;5.28;87;0;50;20;0;55;4;0.48;1.0;1.0;0;0;20;3.25;0.6;2.55;3.4;345;128;14.47;13.01;0.899;0;1;0;0;0;1;0;0;0;1;0;286;42;164;71;0;74
1956.19;845;23;23;1;4.76;87;0;50;20;0;53;4;0.44;1.0;1.0;0;0;20;2.88;0.6;2.34;3.4;345;128;14.47;12.51;0.865;0;1;0;0;0;1;0;0;0;1;0;272;42;165;70;0;77
1956.59;730;24;24;1;5.03;87;0;50;20;0;54;4;0.47;1.0;1.0;0;0;20;3.0;0.6;2.45;3.1;345;128;14.47;12.51;0.865;0;1;0;0;0;1;0;0;0;1;0;281;42;165;70;0;82
1957.0;730;26;26;1;5.2;90;0;50;20;0;55;4;0.48;1.0;1.0;0;0;20;3.25;0.6;2.53;3.2;345;128;14.47;12.51;0.865;0;1;0;0;0;1;0;0;0;1;0;290;42;162;70;0;82
1957.4;845;29;29;1;5.66;89;0;50;20;0;56;5;0.5;1.0;1.0;0;0;20;3.62;0.6;2.71;4.0;345;128;14.47;13.01;0.899;0;1;0;0;0;1;0;0;0;1;0;295;42;162;70;0;83
1957.8;768;26;26;1;5.21;87;0;50;20;0;55;4;0.48;1.0;1.0;0;0;20;3.25;0.6;2.52;3.3;345;128;14.47;13.01;0.899;0;1;0;0;0;1;0;0;0;1;0;289;42;165;70;0;82
1958.22;820;26;26;1;5.26;87;0;50;20;0;55;4;0.48;1.0;1.0;0;0;20;3.25;0.6;2.54;3.6;345;128;14.47;12.51;0.865;0;1;0;0;0;1;0;0;0;1;0;289;42;165;70;0;82
1958.63;820;28;28;1;5.61;87;0;50;20;0;56;5;0.5;1.0;1.0;0;0;20;3.5;0.6;2.68;3.8;345;128;14.47;12.51;0.865;0;1;0;0;0;1;0;0;0;1;0;296;42;165;71;0;82
1959.04;768;27;27;1;5.48;87;0;50;20;0;56;5;0.51;1.0;1.0;0;0;20;3.38;0.6;2.63;3.5;345;128;14.47;12.51;0.865;0;1;0;0;0;1;0;0;0;1;0;294;42;166;71;0;76
1959.43;820;28;28;1;5.58;87;0;50;20;0;56;5;0.5;1.0;1.0;0;0;20;3.5;0.6;2.67;3.8;345;128;14.47;12.81;0.885;0;1;0;0;0;1;0;0;0;1;0;296;42;165;70;0;35
1959.83;845;28;28;1;5.58;87;0;50;20;0;56;5;0.5;1.0;1.0;0;0;20;3.5;0.6;2.67;3.9;345;128;14.47;12.81;0.885;0;1;0;0;0;1;0;0;0;1;0;293;42;165;70;0;82
1960.24;807;27;27;1;5.52;88;0;50;20;0;56;5;0.51;1.0;1.0;0;0;20;3.38;0.6;2.65;3.7;345;128;14.47;12.11;0.837;0;1;0;0;0;1;0;0;0;1;0;293;42;163;70;0;83
1960.44;807;28;28;1;5.61;87;0;50;20;0;56;5;0.51;1.0;1.0;0;0;20;3.5;0.6;2.68;3.8;345;128;14.47;12.11;0.837;0;1;0;0;0;1;0;0;0;1;0;295;42;165;69;0;82
1960.84;768;27;27;1;5.48;87;0;50;20;0;56;4;0.51;1.0;1.0;0;0;20;3.38;0.6;2.63;3.5;345;128;14.47;12.11;0.837;0;1;0;0;0;1;0;0;0;1;0;293;42;166;69;0;82
1961.24;781;28;28;1;5.58;87;0;50;20;0;56;5;0.51;1.0;1.0;0;0;20;3.5;0.6;2.67;3.6;345;128;14.47;12.61;0.871;0;1;0;0;0;1;0;0;0;1;0;298;42;166;69;0;76
1961.64;756;27;27;1;5.45;86;0;50;20;0;56;4;0.51;1.0;1.0;0;0;20;3.38;0.6;2.61;3.4;345;128;14.47;12.61;0.871;0;1;0;0;0;1;0;0;0;1;0;294;42;166;69;0;82
1962.05;768;28;28;1;5.56;87;0;50;20;0;56;5;0.51;1.0;1.0;0;0;20;3.5;0.6;2.66;3.6;345;128;14.47;12.61;0.871;0;1;0;0;0;1;0;0;0;1;0;296;42;165;69;0;83
1962.44;820;28;28;1;5.57;86;0;50;20;0;56;5;0.5;1.0;1.0;0;0;20;3.5;0.6;2.66;3.8;345;128;14.47;12.21;0.844;0;1;0;0;0;1;0;0;0;1;0;292;42;166;69;0;83
1962.86;756;27;27;1;5.45;86;0;50;20;0;56;4;0.51;1.0;1.0;0;0;20;3.38;0.6;2.61;3.4;345;128;14.47;12.21;0.844;0;1;0;0;0;1;0;0;0;1;0;297;42;166;70;0;82
1963.26;768;28;28;1;5.52;86;0;50;20;0;56;5;0.51;1.0;1.0;0;0;20;3.5;0.6;2.64;3.5;345;128;14.47;11.91;0.823;0;1;0;0;0;1;0;0;0;1;0;296;42;166;69;0;83
1963.66;781;29;29;1;5.66;87;0;50;20;0;57;5;0.51;1.0;1.0;0;0;20;3.62;0.6;2.7;3.7;345;128;14.47;11.91;0.823;0;1;0;0;0;1;0;0;0;1;0;300;42;165;69;0;83
1964.06;730;27;27;1;5.4;86;0;50;20;0;56;4;0.51;1.0;1.0;0;0;20;3.38;0.6;2.59;3.3;345;128;14.47;11.91;0.823;0;1;0;0;0;1;0;0;0;1;0;295;42;166;69;0;82
1964.45;756;28;28;1;5.63;87;0;55;15;0;57;5;0.51;1.0;1.0;0;0;15;3.5;0.6;2.69;3.5;345;128;14.47;12.01;0.83;0;1;0;0;1;1;0;0;0;1;0;300;42;166;69;0;83
1964.87;973;28;28;1;5.53;87;0;55;15;0;55;6;0.5;1.0;1.0;0;0;15;3.5;0.6;2.65;4.5;345;128;14.47;12.01;0.83;0;1;0;0;1;1;0;0;0;1;0;286;42;165;70;0;81
1965.27;1012;23;23;1;4.76;87;0;55;15;0;52;5;0.45;1.0;1.0;0;0;15;2.88;0.6;2.34;4.0;345;128;14.47;12.11;0.837;0;1;0;0;1;1;0;0;0;1;0;260;42;165;70;0;77
1965.66;1012;21;21;1;4.51;87;0;55;15;0;51;4;0.42;1.0;1.0;0;0;15;2.62;0.6;2.24;3.8;345;128;14.7;12.11;0.824;0;1;0;0;1;1;0;0;0;1;0;256;42;165;72;0;77
1966.08;922;21;21;1;4.46;87;0;55;15;0;51;4;0.41;1.0;1.0;0;0;15;2.62;0.6;2.22;3.4;345;128;14.7;12.11;0.824;0;1;0;0;1;1;0;0;0;1;0;255;42;165;70;0;76
1966.27;922;21;21;1;4.48;87;0;55;15;0;52;4;0.44;1.0;1.0;0;0;15;2.62;0.6;2.23;3.4;345;128;14.7;12.61;0.858;0;1;0;0;1;1;0;0;0;1;0;260;42;165;70;0;76
1966.68;922;23;23;1;4.75;86;0;55;15;0;52;4;0.44;1.0;1.0;0;0;15;2.88;0.6;2.33;3.6;345;128;14.47;12.61;0.871;0;1;0;0;1;1;0;0;0;1;0;265;42;166;69;0;77
1967.07;845;20;20;1;4.23;87;0;55;15;0;51;3;0.4;1.0;1.0;0;0;15;2.5;0.6;2.13;3.0;345;128;14.7;12.61;0.858;0;1;0;0;1;1;0;0;0;1;0;258;42;164;68;0;76
1967.47;948;23;23;1;4.81;87;0;50;20;0;52;4;0.44;1.0;1.0;0;0;20;2.88;0.6;2.36;3.8;345;128;14.47;12.51;0.865;0;1;0;0;0;1;0;0;0;1;0;262;42;164;69;0;77
1967.88;730;21;21;1;4.53;87;0;50;20;0;52;3;0.43;1.0;1.0;0;0;20;2.62;0.6;2.25;2.8;345;128;14.7;12.51;0.851;0;1;0;0;0;1;0;0;0;1;0;267;42;165;69;0;77
1968.29;704;28;28;1;5.66;89;0;50;20;0;57;4;0.51;1.0;1.0;0;0;20;3.5;0.6;2.71;3.3;345;128;14.47;12.41;0.858;0;1;0;0;0;1;0;0;0;1;0;301;42;162;69;0;83
1968.67;820;28;28;1;5.61;87;0;50;20;0;57;5;0.5;1.0;1.0;0;0;20;3.5;0.6;2.68;3.8;345;128;14.47;12.41;0.858;0;1;0;0;0;1;0;0;0;1;0;304;42;164;69;0;83
1969.08;999;52;52;11;9.33;87;0;47;26;0;80;11;0.64;1.0;1.0;0;0;23;6.5;6.4;4.17;7.8;345;128;14.7;12.41;0.844;0;1;0;0;0;0;0;0;0;1;0;472;62;164;69;0;106
1969.49;1819;51;51;11;9.08;87;0;31;39;0;74;19;0.68;1.0;1.0;0;0;39;6.38;6.4;4.07;13.8;345;128;14.7;14.21;0.967;0;1;0;0;0;0;0;0;0;1;0;432;62;165;69;0;102
1969.9;1806;66;66;22;12;87;0;40;30;0;85;27;0.77;1.0;1.0;0;0;30;8.25;12.8;5.23;18.0;345;128;14.04;14.21;1.012;0;1;0;0;0;0;0;0;0;1;0;514;84;164;68;0;113
1970.3;2190;73;73;27;13;90;0;42;28;0;89;36;0.82;1.0;1.0;0;0;28;9.12;15.7;5.75;24.2;345;128;13.94;14.01;1.005;0;1;0;0;0;0;0;0;0;1;0;541;95;161;68;0;114
1970.72;2536;86;86;42;17;92;0;46;24;0;97;49;0.88;1.0;1.0;0;0;24;10.75;24.4;7.15;35.3;345;128;13.54;14.01;1.035;0;1;0;0;0;0;0;0;0;1;0;604;124;157;69;0;150
1971.12;2920;88;88;70;17;91;0;48;22;0;103;58;0.85;1.0;1.0;0;0;22;11.0;40.7;7.31;41.7;345;128;13.54;14.01;1.035;0;1;0;0;0;0;0;0;0;1;0;651;181;159;69;0;43
1971.5;3368;90;90;87;18;92;0;48;24;-1;103;68;0.85;1.0;1.0;0;0;22;11.25;50.6;7.59;50.0;345;128;11.91;13.62;1.144;0;1;0;0;0;0;0;0;0;1;0;651;214;158;69;0;148
1971.71;3740;82;82;69;16;92;0;42;29;-1;99;70;0.82;1.0;1.0;0;0;28;10.25;40.1;6.67;48.4;345;128;13.63;13.62;0.999;0;1;0;0;0;0;0;0;0;1;0;621;178;158;69;0;50
1972.11;3868;80;80;67;15;92;0;40;30;-1;98;70;0.81;1.0;1.0;0;0;30;10.0;39.0;6.59;49.4;345;128;13.63;13.62;0.999;0;1;0;0;0;0;0;0;0;1;0;614;175;158;68;0;109
1972.53;3535;66;66;43;12;91;0;35;35;0;89;54;0.74;1.0;1.0;0;0;35;8.25;25.0;5.25;35.3;345;128;14.15;15.12;1.069;0;1;0;0;0;0;0;0;0;1;0;544;126;159;68;0;148
1972.93;3240;62;62;36;11;91;0;34;36;0;87;46;0.73;1.0;1.0;0;0;36;7.75;20.9;4.99;30.6;345;128;14.15;15.12;1.069;0;1;0;0;0;0;0;0;0;1;0;528;113;159;68;0;114
1973.33;3215;58;58;33;10;91;0;32;38;0;83;42;0.7;1.0;1.0;0;0;38;7.25;19.2;4.62;27.9;345;128;14.59;16.62;1.139;0;1;0;0;0;0;0;0;0;1;0;499;106;159;69;0;109
1973.73;2818;58;58;31;10;92;0;28;41;0;83;37;0.71;1.0;1.0;0;0;42;7.25;18.0;4.57;24.1;345;128;14.59;16.62;1.139;0;1;0;0;0;0;0;0;0;1;0;501;102;157;68;0;42
1974.13;2446;64;64;27;11;92;0;34;36;0;83;34;0.77;1.0;1.0;0;0;36;8.0;15.7;4.95;22.9;345;128;14.82;16.62;1.121;0;1;0;0;0;0;0;0;0;1;0;499;94;157;68;0;109
1974.55;2331;58;58;23;10;92;0;31;39;0;79;30;0.73;1.0;1.0;0;0;39;7.25;13.4;4.51;19.7;345;128;14.82;14.71;0.993;0;1;0;0;0;0;0;0;0;1;0;465;86;159;67;0;106
1974.94;2100;33;33;3;6.27;90;0;22;48;0;56;15;0.59;1.0;1.0;0;0;48;4.12;1.7;2.96;11.0;345;128;14.82;14.71;0.993;0;1;0;0;0;0;0;0;0;1;0;298;47;160;68;0;83
1975.33;1614;16;16;1;3.75;90;0;51;20;0;47;6;0.38;1.0;1.0;0;0;19;2.0;0.6;1.95;5.0;345;128;14.7;22.63;1.539;0;1;0;0;0;1;0;0;0;1;0;224;42;160;67;0;74
1975.75;1319;19;19;1;4.21;89;0;69;20;0;49;6;0.41;1.0;1.0;0;0;1;2.38;0.6;2.13;4.6;345;128;14.7;22.63;1.539;0;1;0;0;0;1;0;0;0;1;0;245;42;162;68;0;75
1976.15;1332;20;20;1;4.25;88;0;63;20;0;49;6;0.41;1.0;1.0;0;0;7;2.5;0.6;2.14;4.7;345;128;14.7;22.63;1.539;0;1;0;0;0;1;0;0;0;1;0;242;42;163;68;0;75
1976.54;1383;17;17;1;3.8;88;0;55;20;0;47;5;0.38;1.0;1.0;0;0;15;2.12;0.6;1.96;4.4;345;128;14.7;14.12;0.961;0;1;0;0;0;1;0;0;0;1;0;225;42;163;68;0;84
1976.96;1370;16;16;1;3.62;88;0;59;20;0;46;5;0.37;1.0;1.0;0;0;11;2.0;0.6;1.89;4.1;345;128;14.7;14.12;0.961;0;1;0;0;0;1;0;0;0;1;0;216;42;163;68;0;73
1977.15;1306;18;18;1;4.01;89;0;57;20;0;48;5;0.39;1.0;1.0;0;0;13;2.25;0.6;2.05;4.4;345;128;14.7;14.12;0.961;0;1;0;0;0;1;0;0;0;1;0;237;42;162;68;0;70
1977.55;1345;16;16;1;3.66;87;0;50;20;0;46;5;0.37;1.0;1.0;0;0;20;2.0;0.6;1.9;4.1;345;128;14.7;18.82;1.28;0;1;0;0;0;1;0;0;0;1;0;216;42;164;68;0;73
1977.96;1422;16;16;1;3.62;88;0;56;20;0;45;5;0.36;1.0;1.0;0;0;14;2.0;0.6;1.89;4.3;345;128;14.7;18.82;1.28;0;1;0;0;0;1;0;0;0;1;0;215;42;163;68;0;73
1978.36;1319;18;18;1;3.98;85;0;54;20;0;48;5;0.39;1.0;1.0;0;0;16;2.25;0.6;2.02;4.4;345;128;14.7;23.52;1.6;0;1;0;0;0;1;0;0;0;1;0;235;42;167;69;0;74
1978.76;1332;16;16;1;3.68;87;0;50;20;0;46;5;0.37;1.0;1.0;0;0;20;2.0;0.6;1.91;4.1;345;128;14.7;23.52;1.6;0;1;0;0;0;1;0;0;0;1;0;219;42;164;69;0;56
1979.16;1306;17;17;1;3.77;86;0;50;20;0;46;5;0.37;1.0;1.0;0;0;20;2.12;0.6;1.94;4.1;345;128;14.7;23.52;1.6;0;1;0;0;0;1;0;0;0;1;0;221;42;166;69;0;73
1979.59;1165;16;16;1;3.7;86;0;50;20;0;48;4;0.38;1.0;1.0;0;0;20;2.0;0.6;1.91;3.6;345;128;14.7;13.11;0.892;0;1;0;0;0;1;0;0;0;1;0;232;42;164;69;0;74
1979.97;935;17;17;1;3.78;87;0;50;20;0;49;3;0.37;1.0;1.0;0;0;20;2.12;0.6;1.95;2.9;345;128;14.7;13.11;0.892;0;1;0;0;0;1;0;0;0;1;0;243;42;164;68;0;75
1980.39;602;27;27;1;5.52;90;0;50;20;0;56;3;0.52;1.0;1.0;0;0;20;3.38;0.6;2.66;2.8;345;128;14.7;13.61;0.926;0;1;0;0;0;1;0;0;0;1;0;299;42;160;67;0;83
1980.8;820;31;31;1;6.11;89;0;50;20;0;60;6;0.52;1.0;1.0;0;0;20;3.88;0.6;2.89;4.2;345;128;14.59;13.61;0.933;0;1;0;0;0;1;0;0;0;1;0;321;42;162;68;0;92
1981.19;935;26;26;1;5.16;87;0;50;20;0;55;5;0.49;1.0;1.0;0;0;20;3.25;0.6;2.5;4.0;345;128;14.47;13.61;0.941;0;1;0;0;0;1;0;0;0;1;0;284;42;164;68;0;82
1981.6;845;25;25;1;5.06;89;0;50;20;0;54;5;0.46;1.0;1.0;0;0;20;3.12;0.6;2.47;3.6;345;128;14.47;12.71;0.878;0;1;0;0;0;1;0;0;0;1;0;281;42;162;68;0;82
1981.99;807;26;26;1;5.21;87;0;50;20;0;55;4;0.48;1.0;1.0;0;0;20;3.25;0.6;2.52;3.5;345;128;14.47;12.71;0.878;0;1;0;0;0;1;0;0;0;1;0;289;42;164;69;0;82
1982.4;820;26;26;1;5.26;87;0;50;20;0;55;5;0.48;1.0;1.0;0;0;20;3.25;0.6;2.54;3.6;345;128;14.47;13.21;0.913;0;1;0;0;0;1;0;0;0;1;0;291;42;164;69;0;82
1982.6;1114;42;42;4;7.67;88;0;39;31;0;68;10;0.59;1.0;1.0;0;0;31;5.25;2.3;3.51;7.1;345;128;14.7;13.21;0.899;0;1;0;0;0;0;0;0;0;1;0;387;49;163;69;0;91
1983.02;1447;44;44;6;8.03;87;0;33;37;0;69;14;0.64;1.0;1.0;0;0;37;5.5;3.5;3.65;9.7;345;128;14.7;13.21;0.899;0;1;0;0;0;0;0;0;0;1;0;394;53;164;69;0;100
1983.41;1652;46;46;11;8.41;87;0;32;38;0;71;17;0.66;1.0;1.0;0;0;38;5.75;6.4;3.8;11.6;345;128;14.7;15.62;1.063;0;1;0;0;0;0;0;0;0;1;0;410;63;165;69;0;101
1983.83;1831;46;46;11;8.36;87;0;29;41;0;71;19;0.66;1.0;1.0;0;0;41;5.75;6.4;3.78;12.8;345;128;14.7;15.62;1.063;0;1;0;0;0;0;0;0;0;1;0;408;63;164;69;0;89
1984.21;1870;45;45;11;8.13;87;0;26;44;0;69;19;0.66;1.0;1.0;0;0;44;5.62;6.4;3.69;12.7;345;128;14.82;15.62;1.054;0;1;0;0;0;0;0;0;0;1;0;391;63;164;69;0;92
1984.62;1972;44;44;11;8.0;88;0;25;45;0;67;19;0.66;1.0;1.0;0;0;45;5.5;6.4;3.64;13.1;345;128;14.82;14.31;0.966;0;1;0;0;0;0;0;0;0;1;0;377;63;163;69;0;90
1985.04;1831;45;45;11;8.17;88;0;28;43;0;70;18;0.66;1.0;1.0;0;0;42;5.62;6.4;3.71;12.5;345;128;14.7;14.31;0.973;0;1;0;0;0;0;0;0;0;1;0;396;63;163;68;0;99
1985.44;1652;22;22;1;4.58;89;0;33;20;0;50;8;0.45;1.0;1.0;0;0;37;2.75;0.6;2.28;6.3;345;128;14.7;11.61;0.79;0;1;0;0;0;1;0;0;0;1;0;251;42;162;69;0;76
1985.84;756;28;28;1;5.55;88;0;54;20;0;58;5;0.52;1.0;1.0;0;0;16;3.5;0.6;2.66;3.5;345;128;14.47;11.61;0.802;0;1;0;0;0;1;0;0;0;1;0;310;42;163;70;0;84
1986.23;1153;33;33;1;6.26;89;0;50;20;0;58;8;0.57;1.0;1.0;0;0;20;4.12;0.6;2.95;6.0;345;128;14.7;11.61;0.79;0;1;0;0;0;1;0;0;0;1;0;312;42;162;69;0;84
1986.64;1089;30;30;1;5.88;89;0;50;20;0;55;7;0.52;1.0;1.0;0;0;20;3.75;0.6;2.8;5.3;345;128;14.7;12.61;0.858;0;1;0;0;0;1;0;0;0;1;0;291;42;162;69;0;76
1987.04;1037;30;30;1;5.88;87;0;50;20;0;56;7;0.54;1.0;1.0;0;0;20;3.75;0.6;2.79;5.1;345;128;14.7;12.61;0.858;0;1;0;0;0;1;0;0;0;1;0;295;42;164;69;0;82
1987.45;1050;28;28;1;5.63;87;0;50;20;0;55;6;0.52;1.0;1.0;0;0;20;3.5;0.6;2.69;4.9;345;128;14.7;14.01;0.953;0;1;0;0;0;1;0;0;0;1;0;291;42;164;69;0;82
1987.84;1063;30;30;1;5.83;87;0;50;20;0;56;7;0.55;1.0;1.0;0;0;20;3.75;0.6;2.77;5.2;345;128;14.7;14.01;0.953;0;1;0;0;0;1;0;0;0;1;0;292;42;164;69;0;82
1988.05;1165;33;33;1;6.28;87;0;50;20;0;59;8;0.57;1.0;1.0;0;0;20;4.12;0.6;2.95;6.1;345;128;14.7;14.01;0.953;0;1;0;0;0;1;0;0;0;1;0;318;43;163;69;0;84
1988.46;1511;51;51;9;9.06;87;0;35;33;0;75;16;0.67;1.0;1.0;0;0;35;6.38;5.2;4.06;11.4;345;128;14.7;16.12;1.097;0;1;0;0;0;0;0;0;0;1;0;439;59;164;69;0;101
1988.85;1614;39;39;7;7.18;87;0;30;39;0;62;13;0.63;1.0;1.0;0;0;40;4.88;4.1;3.31;9.7;345;128;14.7;16.12;1.097;0;1;0;0;0;0;0;0;0;1;0;343;54;165;69;0;86
1989.26;1434;40;40;7;7.46;87;0;33;37;0;65;13;0.64;1.0;1.0;0;0;37;5.0;4.1;3.42;8.9;345;128;14.7;16.12;1.097;0;1;0;0;0;0;0;0;0;1;0;360;54;165;69;0;89
1989.65;1716;61;61;14;11;87;0;38;32;0;80;22;0.73;1.0;1.0;0;0;32;7.62;8.1;4.79;15.6;345;128;14.04;16.02;1.141;0;1;0;0;0;0;0;0;0;1;0;477;69;164;69;0;107
1990.08;1972;54;54;15;9.6;88;0;32;38;0;77;24;0.7;1.0;1.0;0;0;38;6.75;8.7;4.28;15.8;345;128;14.82;16.02;1.081;0;1;0;0;0;0;0;0;0;1;0;454;70;163;68;0;105
1990.47;1972;53;53;15;9.43;87;0;32;38;0;76;23;0.7;1.0;1.0;0;0;38;6.62;8.7;4.21;15.5;345;128;14.82;16.01;1.08;0;1;0;0;0;0;0;0;0;1;0;447;70;164;68;0;91
1990.87;1716;44;44;10;8.05;88;0;27;41;0;68;17;0.66;1.0;1.0;0;0;43;5.5;5.8;3.66;11.5;345;128;14.7;16.01;1.089;0;1;0;0;0;0;0;0;0;1;0;384;61;163;68;0;91
1991.28;1229;25;25;1;5.05;88;0;42;20;0;53;7;0.51;1.0;1.0;0;0;28;3.12;0.6;2.46;5.2;345;128;14.7;16.01;1.089;0;1;0;0;0;1;0;0;0;1;0;268;42;163;68;0;77
1991.67;1217;30;30;1;5.77;88;0;50;20;0;55;8;0.55;1.0;1.0;0;0;20;3.75;0.6;2.75;5.9;345;128;14.7;13.61;0.926;0;1;0;0;0;1;0;0;0;1;0;285;42;163;68;0;82
1992.08;1268;28;28;1;5.47;88;0;50;20;0;54;7;0.53;1.0;1.0;0;0;20;3.5;0.6;2.63;5.8;345;128;14.7;13.61;0.926;0;1;0;0;0;1;0;0;0;1;0;279;42;163;68;0;81
1992.49;1178;28;28;1;5.55;88;0;50;20;0;54;7;0.52;1.0;1.0;0;0;20;3.5;0.6;2.66;5.4;345;128;14.7;13.51;0.919;0;1;0;0;0;1;0;0;0;1;0;278;42;163;67;0;81
1992.88;1268;29;29;1;5.63;87;0;50;20;0;55;8;0.55;1.0;1.0;0;0;20;3.62;0.6;2.69;5.9;345;128;14.7;13.51;0.919;0;1;0;0;0;1;0;0;0;1;0;284;42;164;68;0;40
1993.28;1165;28;28;1;5.55;88;0;50;20;0;54;7;0.52;1.0;1.0;0;0;20;3.5;0.6;2.66;5.4;345;128;14.7;13.51;0.919;0;1;0;0;0;1;0;0;0;1;0;282;42;163;68;0;82
1993.69;1204;30;30;1;5.81;87;0;50;20;0;55;8;0.55;1.0;1.0;0;0;20;3.75;0.6;2.76;5.8;345;128;14.7;13.41;0.912;0;1;0;0;0;1;0;0;0;1;0;290;42;164;68;0;82
1993.88;1306;29;29;1;5.72;88;0;50;20;0;55;8;0.55;1.0;1.0;0;0;20;3.62;0.6;2.73;6.2;345;128;14.7;13.41;0.912;0;1;0;0;0;1;0;0;0;1;0;284;42;163;67;0;81
1994.29;1114;25;25;1;4.98;87;0;50;20;0;52;6;0.46;1.0;1.0;0;0;20;3.12;0.6;2.43;4.6;345;128;14.7;13.41;0.912;0;1;0;0;0;1;0;0;0;1;0;265;42;165;67;0;38
1994.7;1114;24;24;1;4.86;87;0;50;20;0;52;6;0.46;1.0;1.0;0;0;20;3.0;0.6;2.38;4.5;345;128;14.7;12.31;0.837;0;1;0;0;0;1;0;0;0;1;0;260;42;164;68;0;77
1995.11;1101;23;23;1;4.71;87;0;50;20;0;51;6;0.44;1.0;1.0;0;0;20;2.88;0.6;2.32;4.3;345;128;14.7;12.31;0.837;0;1;0;0;0;1;0;0;0;1;0;258;42;165;68;0;76
1995.5;1101;24;24;1;4.91;87;0;50;20;0;52;6;0.46;1.0;1.0;0;0;20;3.0;0.6;2.4;4.5;345;128;14.7;12.61;0.858;0;1;0;0;0;1;0;0;0;1;0;262;42;165;68;0;77
1995.9;1101;23;23;1;4.73;87;0;50;20;0;52;5;0.46;1.0;1.0;0;0;20;2.88;0.6;2.33;4.3;345;128;14.7;12.61;0.858;0;1;0;0;0;1;0;0;0;1;0;263;42;165;67;0;77
1996.31;1050;23;23;1;4.73;87;0;50;20;0;52;5;0.45;1.0;1.0;0;0;20;2.88;0.6;2.33;4.1;345;128;14.7;12.61;0.858;0;1;0;0;0;1;0;0;0;1;0;260;42;165;67;0;76
1996.71;999;23;23;1;4.71;87;0;50;20;0;52;5;0.45;1.0;1.0;0;0;20;2.88;0.6;2.32;3.9;345;128;14.47;12.71;0.878;0;1;0;0;0;1;0;0;0;1;0;263;42;164;67;0;77
1997.11;935;22;22;1;4.67;88;0;50;20;0;52;4;0.44;1.0;1.0;0;0;20;2.75;0.6;2.31;3.6;345;128;14.7;12.71;0.865;0;1;0;0;0;1;0;0;0;1;0;261;42;163;67;0;73
1997.51;884;22;22;1;4.61;87;0;50;20;0;52;4;0.43;1.0;1.0;0;0;20;2.75;0.6;2.28;3.4;345;128;14.7;13.21;0.899;0;1;0;0;0;1;0;0;0;1;0;265;42;165;67;0;74
1997.92;884;24;24;1;4.91;87;0;50;20;0;54;4;0.47;1.0;1.0;0;0;20;3.0;0.6;2.4;3.6;345;128;14.47;13.21;0.913;0;1;0;0;0;1;0;0;0;1;0;276;42;166;67;0;81
1998.33;832;25;25;1;5.17;86;0;50;20;0;54;4;0.46;1.0;1.0;0;0;20;3.12;0.6;2.5;3.6;345;128;14.47;13.21;0.913;0;1;0;0;0;1;0;0;0;1;0;283;42;166;67;0;82
1998.73;820;26;26;1;5.3;86;0;50;20;0;55;5;0.48;1.0;1.0;0;0;20;3.25;0.6;2.55;3.6;345;128;14.47;13.01;0.899;0;1;0;0;0;1;0;0;0;1;0;290;42;166;67;0;82
1999.12;845;27;27;1;5.41;87;0;50;20;0;55;5;0.48;1.0;1.0;0;0;20;3.38;0.6;2.6;3.8;345;128;14.47;13.01;0.899;0;1;0;0;0;1;0;0;0;1;0;291;42;165;67;0;82
1999.53;832;27;27;1;5.51;87;0;50;20;0;56;5;0.5;1.0;1.0;0;0;20;3.38;0.6;2.64;3.8;345;128;14.47;12.21;0.844;0;1;0;0;0;1;0;0;0;1;0;292;42;165;67;0;41
1999.72;871;29;29;1;5.68;87;0;50;20;0;56;5;0.51;1.0;1.0;0;0;20;3.62;0.6;2.71;4.1;345;128;14.47;12.21;0.844;0;1;0;0;0;1;0;0;0;1;0;294;42;165;67;0;82
2000.13;973;28;28;1;5.56;87;0;50;20;0;55;6;0.5;1.0;1.0;0;0;20;3.5;0.6;2.66;4.5;345;128;14.47;12.21;0.844;0;1;0;0;0;1;0;0;0;1;0;285;42;165;67;0;82
2000.53;948;21;21;1;4.46;87;0;50;20;0;51;4;0.41;1.0;1.0;0;0;20;2.62;0.6;2.22;3.5;345;128;14.7;12.11;0.824;0;1;0;0;0;1;0;0;0;1;0;259;42;165;67;0;73
2000.94;845;22;22;1;4.68;87;0;50;20;0;53;4;0.44;1.0;1.0;0;0;20;2.75;0.6;2.31;3.3;345;128;14.7;12.11;0.824;0;1;0;0;0;1;0;0;0;1;0;269;42;165;67;0;77
2001.34;730;26;26;1;5.27;88;0;50;20;0;55;4;0.48;1.0;1.0;0;0;20;3.25;0.6;2.55;3.2;345;128;14.47;12.11;0.837;0;1;0;0;0;1;0;0;0;1;0;289;42;165;67;0;82
2001.74;717;28;28;1;5.56;87;0;50;20;0;56;4;0.51;1.0;1.0;0;0;20;3.5;0.6;2.66;3.3;345;128;14.47;13.21;0.913;0;1;0;0;0;1;0;0;0;1;0;295;42;165;67;0;82
2002.15;756;27;27;1;5.45;88;0;50;20;0;56;4;0.51;1.0;1.0;0;0;20;3.38;0.6;2.62;3.4;345;128;14.47;13.21;0.913;0;1;0;0;0;1;0;0;0;1;0;292;42;163;67;0;82
2002.55;820;28;28;1;5.63;87;0;50;20;0;56;5;0.5;1.0;1.0;0;0;20;3.5;0.6;2.69;3.8;345;128;14.47;12.51;0.865;0;1;0;0;0;1;0;0;0;1;0;297;42;165;67;0;83
2002.94;768;28;28;1;5.51;87;0;50;20;0;56;4;0.51;1.0;1.0;0;0;20;3.5;0.6;2.64;3.5;345;128;14.47;12.51;0.865;0;1;0;0;0;1;0;0;0;1;0;294;42;164;67;0;83
2003.35;948;25;25;1;5.13;87;0;50;20;0;54;5;0.48;1.0;1.0;0;0;20;3.12;0.6;2.49;4.1;345;128;14.47;13.31;0.92;0;1;0;0;0;1;0;0;0;1;0;282;42;164;67;0;82
2003.74;628;27;27;1;5.42;90;0;50;20;0;56;4;0.52;1.0;1.0;0;0;20;3.38;0.6;2.62;2.8;345;128;14.7;13.31;0.905;0;1;0;0;0;1;0;0;0;1;0;292;42;161;67;0;82
2004.16;628;33;33;1;6.4;90;0;50;20;0;63;4;0.55;1.0;1.0;0;0;20;4.12;0.6;3.01;3.3;345;128;14.7;13.31;0.905;0;1;0;0;0;1;0;0;0;1;0;348;42;160;67;0;88
2004.57;807;33;33;1;6.35;88;0;44;26;0;62;6;0.53;1.0;1.0;0;0;26;4.12;0.6;2.98;4.3;345;128;14.59;13.21;0.905;0;1;0;0;0;1;0;0;0;1;0;338;42;163;67;0;86
2004.95;896;30;30;1;5.88;87;0;42;28;0;59;6;0.52;1.0;1.0;0;0;28;3.75;0.6;2.79;4.4;345;128;14.47;13.21;0.913;0;1;0;0;0;1;0;0;0;1;0;317;42;165;67;0;85
2005.36;935;27;27;1;5.46;87;0;50;20;0;56;5;0.52;1.0;1.0;0;0;20;3.38;0.6;2.62;4.3;345;128;14.47;12.71;0.878;0;1;0;0;0;1;0;0;0;1;0;292;42;165;67;0;82
2005.55;845;25;25;1;5.13;87;0;50;20;0;55;5;0.48;1.0;1.0;0;0;20;3.12;0.6;2.49;3.6;345;128;14.47;12.71;0.878;0;1;0;0;0;1;0;0;0;1;0;288;42;164;67;0;82
2005.96;781;28;28;1;5.58;87;0;50;20;0;57;5;0.51;1.0;1.0;0;0;20;3.5;0.6;2.67;3.6;345;128;14.47;12.71;0.878;0;1;0;0;0;1;0;0;0;1;0;302;42;164;67;0;83
2006.36;845;30;30;1;5.91;87;0;50;20;0;58;5;0.51;1.0;1.0;0;0;20;3.75;0.6;2.8;4.2;345;128;14.47;13.31;0.92;0;1;0;0;0;1;0;0;0;1;0;310;42;165;67;0;84
2006.78;884;29;29;1;5.76;87;0;50;20;0;58;5;0.52;1.0;1.0;0;0;20;3.62;0.6;2.74;4.2;345;128;14.47;13.31;0.92;0;1;0;0;0;1;0;0;0;1;0;308;42;164;67;0;77
2007.18;922;30;30;1;5.86;87;0;50;20;0;57;6;0.52;1.0;1.0;0;0;20;3.75;0.6;2.78;4.5;345;128;14.47;13.31;0.92;0;1;0;0;0;1;0;0;0;1;0;302;42;164;67;0;84
2007.57;832;28;28;1;5.52;88;0;50;20;0;56;5;0.5;1.0;1.0;0;0;20;3.5;0.6;2.65;3.8;345;128;14.47;13.11;0.906;0;1;0;0;0;1;0;0;0;1;0;297;42;163;66;0;76
2007.98;807;27;27;1;5.46;87;0;50;20;0;56;5;0.51;1.0;1.0;0;0;20;3.38;0.6;2.62;3.7;345;128;14.47;13.11;0.906;0;1;0;0;0;1;0;0;0;1;0;298;42;164;66;0;76
2008.38;820;29;29;1;5.76;87;0;50;20;0;57;5;0.5;1.0;1.0;0;0;20;3.62;0.6;2.74;3.9;345;128;14.47;14.21;0.982;0;1;0;0;0;1;0;0;0;1;0;307;42;164;66;0;83
2008.78;820;29;29;1;5.78;87;0;50;20;0;58;5;0.51;1.0;1.0;0;0;20;3.62;0.6;2.75;3.9;345;128;14.47;14.21;0.982;0;1;0;0;0;1;0;0;0;1;0;309;42;164;66;0;84
2009.19;768;29;29;1;5.82;90;0;50;20;0;58;5;0.52;1.0;1.0;0;0;20;3.62;0.6;2.78;3.7;345;128;14.47;14.21;0.982;0;1;0;0;0;1;0;0;0;1;0;308;42;161;66;0;84
2009.59;845;30;30;1;5.83;87;0;50;20;0;58;5;0.51;1.0;1.0;0;0;20;3.75;0.6;2.77;4.1;345;128;14.47;12.91;0.892;0;1;0;0;0;1;0;0;0;1;0;309;42;164;66;0;84
2010.01;935;29;29;1;5.68;87;0;50;20;0;57;5;0.52;1.0;1.0;0;0;20;3.62;0.6;2.71;4.4;345;128;14.47;12.91;0.892;0;1;0;0;0;1;0;0;0;1;0;300;42;164;66;0;83
2010.39;832;27;27;1;5.46;87;0;50;20;0;56;5;0.5;1.0;1.0;0;0;20;3.38;0.6;2.62;3.8;345;128;14.47;13.01;0.899;0;1;0;0;0;1;0;0;0;1;0;299;42;164;66;0;83
2010.81;871;28;28;1;5.57;88;0;50;20;0;56;5;0.51;1.0;1.0;0;0;20;3.5;0.6;2.67;4.0;345;128;14.47;13.01;0.899;0;1;0;0;0;1;0;0;0;1;0;299;42;163;66;0;83
2011.21;896;28;28;1;5.66;87;0;50;20;0;56;5;0.52;1.0;1.0;0;0;20;3.5;0.6;2.7;4.2;345;128;14.47;13.01;0.899;0;1;0;0;0;1;0;0;0;1;0;296;42;164;66;0;83
2011.41;832;27;27;1;5.43;87;0;50;20;0;56;5;0.5;1.0;1.0;0;0;20;3.38;0.6;2.61;3.8;345;128;14.47;13.51;0.934;0;1;0;0;0;1;0;0;0;1;0;296;42;164;66;0;83
2011.82;871;28;28;1;5.56;87;0;50;20;0;56;5;0.51;1.0;1.0;0;0;20;3.5;0.6;2.66;4.0;345;128;14.47;13.51;0.934;0;1;0;0;0;1;0;0;0;1;0;295;42;164;66;0;83
2012.21;845;27;27;1;5.51;87;0;50;20;0;56;5;0.5;1.0;1.0;0;0;20;3.38;0.6;2.64;3.9;345;128;14.47;13.51;0.934;0;1;0;0;0;1;0;0;0;1;0;296;42;164;66;0;83
2012.61;768;27;27;1;5.43;87;0;50;20;0;56;5;0.51;1.0;1.0;0;0;20;3.38;0.6;2.61;3.5;345;128;14.47;13.91;0.961;0;1;0;0;0;1;0;0;0;1;0;295;42;165;66;0;83
2013.02;781;26;26;1;5.23;87;0;50;20;0;56;4;0.51;1.0;1.0;0;0;20;3.25;0.6;2.53;3.4;345;128;14.47;13.91;0.961;0;1;0;0;0;1;0;0;0;1;0;292;42;165;66;0;82
2013.43;781;29;29;1;5.65;88;0;50;20;0;57;4;0.51;1.0;1.0;0;0;20;3.62;0.6;2.7;3.7;345;128;14.47;12.61;0.871;0;1;0;0;0;1;0;0;0;1;0;307;42;163;66;0;84
2013.83;781;30;30;1;5.92;88;0;50;20;0;58;5;0.52;1.0;1.0;0;0;20;3.75;0.6;2.81;3.9;345;128;14.47;12.61;0.871;0;1;0;0;0;1;0;0;0;1;0;313;42;163;66;0;85
2014.25;756;29;29;1;5.77;86;0;50;20;0;58;5;0.52;1.0;1.0;0;0;20;3.62;0.6;2.74;3.6;345;128;14.47;12.61;0.871;0;1;0;0;0;1;0;0;0;1;0;309;42;166;66;0;84
2014.63;717;28;28;1;5.51;87;0;50;20;0;57;4;0.51;1.0;1.0;0;0;20;3.5;0.6;2.64;3.3;345;128;14.47;13.51;0.934;0;1;0;0;0;1;0;0;0;1;0;306;42;165;66;0;77
2015.06;896;30;30;1;5.91;87;0;50;20;0;57;6;0.52;1.0;1.0;0;0;20;3.75;0.6;2.8;4.4;345;128;14.47;13.51;0.934;0;1;0;0;0;1;0;0;0;1;0;302;42;165;66;0;90
2015.44;820;25;25;1;5.11;87;0;50;20;0;55;4;0.48;1.0;1.0;0;0;20;3.12;0.6;2.48;3.5;345;128;14.47;12.91;0.892;0;1;0;0;0;1;0;0;0;1;0;287;42;164;66;0;82
2015.85;781;28;28;1;5.58;87;0;50;20;0;56;5;0.51;1.0;1.0;0;0;20;3.5;0.6;2.67;3.6;345;128;14.47;12.91;0.892;0;1;0;0;0;1;0;0;0;1;0;293;42;164;66;0;82
2016.24;871;28;28;1;5.66;87;0;50;20;0;56;5;0.51;1.0;1.0;0;0;20;3.5;0.6;2.7;4.1;345;128;14.47;12.91;0.892;0;1;0;0;0;1;0;0;0;1;0;298;42;164;66;0;83
2016.65;768;27;27;1;5.46;87;0;50;20;0;56;5;0.51;1.0;1.0;0;0;20;3.38;0.6;2.62;3.5;345;128;14.47;13.11;0.906;0;1;0;0;0;1;0;0;0;1;0;295;42;164;66;0;82
2016.85;807;29;29;1;5.66;87;0;50;20;0;57;5;0.51;1.0;1.0;0;0;20;3.62;0.6;2.7;3.8;345;128;14.47;13.11;0.906;0;1;0;0;0;1;0;0;0;1;0;302;42;164;66;0;83
2017.27;756;28;28;1;5.58;89;0;50;20;0;56;5;0.51;1.0;1.0;0;0;20;3.5;0.6;2.68;3.5;345;128;14.47;13.11;0.906;0;1;0;0;0;1;0;0;0;1;0;299;42;162;66;0;83
2017.67;871;28;28;1;5.61;87;0;50;20;0;56;5;0.51;1.0;1.0;0;0;20;3.5;0.6;2.68;4.1;345;128;14.47;13.81;0.954;0;1;0;0;0;1;0;0;0;1;0;296;42;164;66;0;90
2018.08;922;26;26;1;5.38;89;0;50;20;0;55;5;0.49;1.0;1.0;0;0;20;3.25;0.6;2.6;4.1;345;128;14.47;13.81;0.954;0;1;0;0;0;1;0;0;0;1;0;286;42;162;65;0;82
2018.49;973;25;25;1;5.03;87;0;50;20;0;53;5;0.46;1.0;1.0;0;0;20;3.12;0.6;2.45;4.1;345;128;14.47;14.31;0.989;0;1;0;0;0;1;0;0;0;1;0;275;42;164;65;0;81
2018.88;807;26;26;1;5.31;89;0;50;20;0;55;4;0.48;1.0;1.0;0;0;20;3.25;0.6;2.57;3.6;345;128;14.47;14.31;0.989;0;1;0;0;0;1;0;0;0;1;0;286;42;162;65;0;82
2019.3;628;31;31;1;6.01;91;0;50;20;0;61;4;0.54;1.0;1.0;0;0;20;3.88;0.6;2.86;3.1;345;128;14.7;14.31;0.973;0;1;0;0;0;1;0;0;0;1;0;328;42;159;65;0;85
2019.68;807;30;30;1;5.93;89;0;50;20;0;60;5;0.52;1.0;1.0;0;0;20;3.75;0.6;2.82;4.0;345;128;14.47;13.11;0.906;0;1;0;0;0;1;0;0;0;1;0;321;42;162;65;0;85
2020.08;973;31;31;1;6.01;87;0;50;20;0;58;6;0.54;1.0;1.0;0;0;20;3.88;0.6;2.84;4.9;345;128;14.59;13.11;0.899;0;1;0;0;0;1;0;0;0;1;0;311;42;164;65;0;84
2020.48;922;28;28;1;5.6;88;0;50;20;0;56;6;0.52;1.0;1.0;0;0;20;3.5;0.6;2.68;4.3;345;128;14.47;13.11;0.906;0;1;0;0;0;1;0;0;0;1;0;299;42;163;65;0;83
2020.89;845;28;28;1;5.61;89;0;50;20;0;56;5;0.5;1.0;1.0;0;0;20;3.5;0.6;2.69;4.0;345;128;14.47;13.11;0.906;0;1;0;0;0;1;0;0;0;1;0;292;42;162;65;0;82
2021.32;820;27;27;1;5.41;87;0;50;20;0;56;5;0.5;1.0;1.0;0;0;20;3.38;0.6;2.6;3.7;345;128;14.47;13.11;0.906;0;1;0;0;0;1;0;0;0;1;0;297;42;164;65;0;83
2021.7;807;27;27;1;5.48;87;0;50;20;0;57;5;0.51;1.0;1.0;0;0;20;3.38;0.6;2.63;3.7;345;128;14.47;14.21;0.982;0;1;0;0;0;1;0;0;0;1;0;301;42;164;65;0;83
2022.11;807;28;28;1;5.51;87;0;50;20;0;57;5;0.51;1.0;1.0;0;0;20;3.5;0.6;2.64;3.7;345;128;14.47;14.21;0.982;0;1;0;0;0;1;0;0;0;1;0;303;42;164;65;0;83
2022.32;807;28;28;1;5.55;88;0;50;20;0;57;5;0.51;1.0;1.0;0;0;20;3.5;0.6;2.66;3.7;345;128;14.47;14.21;0.982;0;1;0;0;0;1;0;0;0;1;0;302;42;163;65;0;83
2022.72;832;27;27;1;5.41;87;0;50;20;0;56;5;0.5;1.0;1.0;0;0;20;3.38;0.6;2.6;3.8;345;128;14.47;12.81;0.885;0;1;0;0;0;1;0;0;0;1;0;299;42;164;65;0;83
2023.13;871;27;27;1;5.51;87;0;50;20;0;56;5;0.51;1.0;1.0;0;0;20;3.38;0.6;2.64;4.0;345;128;14.47;12.81;0.885;0;1;0;0;0;1;0;0;0;1;0;296;42;164;65;0;76
2023.53;896;28;28;1;5.6;88;0;50;20;0;56;5;0.52;1.0;1.0;0;0;20;3.5;0.6;2.68;4.2;345;128;14.47;12.91;0.892;0;1;0;0;0;1;0;0;0;1;0;296;42;163;65;0;83
2023.93;884;28;28;1;5.66;87;0;50;20;0;56;5;0.51;1.0;1.0;0;0;20;3.5;0.6;2.7;4.2;345;128;14.47;12.91;0.892;0;1;0;0;0;1;0;0;0;1;0;298;42;164;65;0;82
2024.31;871;29;29;1;5.78;87;0;50;20;0;56;5;0.51;1.0;1.0;0;0;20;3.62;0.6;2.75;4.2;345;128;14.47;12.91;0.892;0;1;0;0;0;1;0;0;0;1;0;299;42;164;65;0;83
2024.72;884;28;28;1;5.63;87;0;50;20;0;56;5;0.51;1.0;1.0;0;0;20;3.5;0.6;2.69;4.1;345;128;14.47;12.61;0.871;0;1;0;0;0;1;0;0;0;1;0;298;42;164;65;0;83
2025.13;832;28;28;1;5.58;87;0;50;20;0;56;5;0.5;1.0;1.0;0;0;20;3.5;0.6;2.67;3.9;345;128;14.47;12.61;0.871;0;1;0;0;0;1;0;0;0;1;0;296;42;164;65;0;83
2025.53;832;29;29;1;5.66;87;0;50;20;0;56;5;0.5;1.0;1.0;0;0;20;3.62;0.6;2.7;3.9;345;128;14.47;13.01;0.899;0;1;0;0;0;1;0;0;0;1;0;298;42;164;65;0;83
2025.94;884;28;28;1;5.66;87;0;50;20;0;57;5;0.51;1.0;1.0;0;0;20;3.5;0.6;2.7;4.2;345;128;14.47;13.01;0.899;0;1;0;0;0;1;0;0;0;1;0;301;42;164;65;0;83
2026.34;884;28;28;1;5.6;88;0;50;20;0;56;5;0.51;1.0;1.0;0;0;20;3.5;0.6;2.68;4.1;345;128;14.47;13.01;0.899;0;1;0;0;0;1;0;0;0;1;0;298;42;163;64;0;83
2026.75;884;28;28;1;5.55;88;0;50;20;0;56;5;0.51;1.0;1.0;0;0;20;3.5;0.6;2.66;4.1;345;128;14.47;13.41;0.927;0;1;0;0;0;1;0;0;0;1;0;296;42;163;64;0;76
2027.14;832;27;27;1;5.42;88;0;50;20;0;56;5;0.5;1.0;1.0;0;0;20;3.38;0.6;2.61;3.8;345;128;14.47;13.41;0.927;0;1;0;0;0;1;0;0;0;1;0;294;42;163;64;0;82
2027.54;820;26;26;1;5.33;87;0;50;20;0;56;5;0.5;1.0;1.0;0;0;20;3.25;0.6;2.57;3.6;345;128;14.47;12.81;0.885;0;1;0;0;0;1;0;0;0;1;0;292;42;163;64;0;82
2027.76;781;26;26;1;5.31;87;0;50;20;0;56;4;0.51;1.0;1.0;0;0;20;3.25;0.6;2.56;3.5;345;128;14.47;12.81;0.885;0;1;0;0;0;1;0;0;0;1;0;292;42;164;65;0;41
2028.16;807;28;28;1;5.53;87;0;50;20;0;56;5;0.51;1.0;1.0;0;0;20;3.5;0.6;2.65;3.7;345;128;14.47;12.81;0.885;0;1;0;0;0;1;0;0;0;1;0;292;42;164;64;0;82
2028.56;807;28;28;1;5.58;87;0;50;20;0;56;5;0.51;1.0;1.0;0;0;20;3.5;0.6;2.67;3.8;345;128;14.47;13.51;0.934;0;1;0;0;0;1;0;0;0;1;0;292;42;164;64;0;75
2028.95;832;28;28;1;5.58;87;0;50;20;0;56;5;0.5;1.0;1.0;0;0;20;3.5;0.6;2.67;3.9;345;128;14.47;13.51;0.934;0;1;0;0;0;1;0;0;0;1;0;299;42;164;64;0;83
2029.37;820;27;27;1;5.46;87;0;50;20;0;56;5;0.5;1.0;1.0;0;0;20;3.38;0.6;2.62;3.7;345;128;14.47;13.51;0.934;0;1;0;0;0;1;0;0;0;1;0;295;42;164;64;0;82
2029.76;807;26;26;1;5.18;87;0;50;20;0;55;4;0.48;1.0;1.0;0;0;20;3.25;0.6;2.51;3.5;345;128;14.47;12.81;0.885;0;1;0;0;0;1;0;0;0;1;0;290;42;164;64;0;82
2030.16;781;26;26;1;5.27;88;0;50;20;0;55;4;0.48;1.0;1.0;0;0;20;3.25;0.6;2.55;3.4;345;128;14.47;12.81;0.885;0;1;0;0;0;1;0;0;0;1;0;290;42;163;64;0;82
2030.57;807;29;29;1;5.72;88;0;50;20;0;56;5;0.51;1.0;1.0;0;0;20;3.62;0.6;2.73;3.8;345;128;14.47;12.91;0.892;0;1;0;0;0;1;0;0;0;1;0;296;42;164;64;0;82
2030.96;807;27;27;1;5.48;87;0;50;20;0;56;5;0.51;1.0;1.0;0;0;20;3.38;0.6;2.63;3.7;345;128;14.47;12.91;0.892;0;1;0;0;0;1;0;0;0;1;0;294;42;164;64;0;82
2031.37;781;26;26;1;5.23;87;0;50;20;0;55;4;0.48;1.0;1.0;0;0;20;3.25;0.6;2.53;3.4;345;128;14.47;12.91;0.892;0;1;0;0;0;1;0;0;0;1;0;291;42;164;64;0;82
2031.79;832;28;28;1;5.61;87;0;50;20;0;56;5;0.5;1.0;1.0;0;0;20;3.5;0.6;2.68;3.9;345;128;14.47;14.21;0.982;0;1;0;0;0;1;0;0;0;1;0;292;42;164;65;0;82
2032.18;935;24;24;1;4.88;87;0;50;20;0;53;5;0.45;1.0;1.0;0;0;20;3.0;0.6;2.39;3.8;345;128;14.47;14.21;0.982;0;1;0;0;0;1;0;0;0;1;0;273;42;164;65;0;81
2032.59;845;28;28;2;5.61;87;0;50;20;0;56;5;0.5;1.0;1.0;0;0;20;3.5;1.2;2.68;4.0;345;128;14.47;13.11;0.906;0;1;0;0;0;1;0;0;0;1;0;296;44;164;65;0;82
2032.98;1178;45;45;5;8.28;89;0;42;28;0;72;11;0.62;1.0;1.0;0;0;28;5.62;2.9;3.76;8.1;345;128;14.7;13.11;0.892;0;1;0;0;0;0;0;0;0;1;0;414;50;162;64;0;101
2033.39;1332;35;35;3;6.61;87;0;34;35;0;59;10;0.59;1.0;1.0;0;0;36;4.38;1.7;3.08;7.3;345;128;14.7;13.11;0.892;0;1;0;0;0;0;0;0;0;1;0;317;47;165;65;0;85
2033.6;1306;41;41;5;7.51;87;0;37;33;0;66;11;0.62;1.0;1.0;0;0;33;5.12;2.9;3.44;8.2;345;128;14.7;13.61;0.926;0;1;0;0;0;0;0;0;0;1;0;368;50;165;65;0;90
2034.01;1345;37;37;5;6.91;87;0;34;36;0;62;11;0.62;1.0;1.0;0;0;36;4.62;2.9;3.2;7.7;345;128;14.7;13.61;0.926;0;1;0;0;0;0;0;0;0;1;0;339;50;165;64;0;86
2034.41;1447;39;39;5;7.27;88;0;34;36;0;62;12;0.62;1.0;1.0;0;0;36;4.88;2.9;3.35;8.8;345;128;14.7;13.61;0.926;0;1;0;0;0;0;0;0;0;1;0;340;50;163;64;0;86
2034.82;1614;40;40;6;7.47;88;0;32;39;0;63;14;0.64;1.0;1.0;0;0;38;5.0;3.5;3.43;10.0;345;128;14.7;13.81;0.939;0;1;0;0;0;0;0;0;0;1;0;345;53;163;64;0;86
2035.21;1665;38;38;7;7.1;88;0;30;41;0;61;14;0.63;1.0;1.0;0;0;40;4.75;4.1;3.28;9.9;345;128;14.7;13.81;0.939;0;1;0;0;0;0;0;0;0;1;0;329;54;163;64;0;85
2035.61;1652;33;33;7;6.38;89;0;27;43;0;57;13;0.6;1.0;1.0;0;0;43;4.12;4.1;3.0;8.8;345;128;14.7;14.11;0.96;0;1;0;0;0;0;0;0;0;1;0;303;54;162;64;0;76
2036.02;1422;34;34;7;6.47;90;0;32;38;0;59;11;0.6;1.0;1.0;0;0;38;4.25;4.1;3.04;7.7;345;128;14.7;14.11;0.96;0;1;0;0;0;0;0;0;0;1;0;317;54;161;64;0;84
2036.41;1550;43;43;7;7.9;88;0;35;35;0;67;14;0.65;1.0;1.0;0;0;35;5.38;4.1;3.6;10.2;345;128;14.7;14.11;0.96;0;1;0;0;0;0;0;0;0;1;0;379;54;163;64;0;90
2036.81;1652;41;41;7;7.58;87;0;31;39;0;64;15;0.66;1.0;1.0;0;0;39;5.12;4.1;3.47;10.4;345;128;14.7;14.91;1.014;0;1;0;0;0;0;0;0;0;1;0;354;54;164;64;0;89
2037.23;1447;33;33;5;6.3;88;0;31;39;0;57;11;0.59;1.0;1.0;0;0;39;4.12;2.9;2.96;7.6;345;128;14.7;14.91;1.014;0;1;0;0;0;0;0;0;0;1;0;307;50;163;64;0;84
2037.64;1319;42;42;6;7.73;87;0;36;34;0;67;12;0.62;1.0;1.0;0;0;34;5.25;3.5;3.53;8.5;345;128;14.7;15.61;1.062;0;1;0;0;0;0;0;0;0;1;0;379;53;164;64;0;90
2038.03;1550;44;44;6;8.01;87;0;33;38;0;68;15;0.65;1.0;1.0;0;0;37;5.5;3.5;3.64;10.3;345;128;14.7;15.61;1.062;0;1;0;0;0;0;0;0;0;1;0;382;53;164;64;0;86
2038.43;1498;42;42;7;7.77;88;0;34;36;0;67;14;0.64;1.0;1.0;0;0;36;5.25;4.1;3.55;9.7;345;128;14.7;15.61;1.062;0;1;0;0;0;0;0;0;0;1;0;377;55;163;64;0;90
2038.83;1588;44;44;9;8.02;88;0;33;37;0;68;16;0.65;1.0;1.0;0;0;37;5.5;5.2;3.65;10.6;345;128;14.7;14.41;0.98;0;1;0;0;0;0;0;0;0;1;0;386;58;163;64;0;91
2039.05;1652;46;46;10;8.36;87;0;33;38;0;70;17;0.66;1.0;1.0;0;0;37;5.75;5.8;3.78;11.5;345;128;14.7;14.41;0.98;0;1;0;0;0;0;0;0;0;1;0;399;60;164;64;0;100
2039.43;1614;58;58;21;10;88;0;38;32;0;81;22;0.73;1.0;1.0;0;0;32;7.25;12.2;4.51;13.7;345;128;14.7;14.41;0.98;0;1;0;0;0;0;0;0;0;1;0;481;82;163;64;0;107
2039.84;2139;62;62;22;11;89;0;38;32;0;82;29;0.76;1.0;1.0;0;0;32;7.75;12.8;4.92;19.9;345;128;14.04;14.01;0.998;0;1;0;0;0;0;0;0;0;1;0;494;85;162;64;0;108
2040.23;2139;61;61;22;11;90;0;37;33;0;81;29;0.75;1.0;1.0;0;0;33;7.62;12.8;4.81;19.4;345;128;14.04;14.01;0.998;0;1;0;0;0;0;0;0;0;1;0;486;84;161;64;0;108
2040.65;2049;61;61;22;11;90;0;37;33;0;81;28;0.75;1.0;1.0;0;0;33;7.62;12.8;4.84;18.7;345;128;14.04;14.71;1.048;0;1;0;0;0;0;0;0;0;1;0;480;84;161;64;0;107
2041.04;2036;60;60;22;11;90;0;37;33;0;81;28;0.74;1.0;1.0;0;0;33;7.5;12.8;4.79;18.4;345;128;14.82;14.71;0.993;0;1;0;0;0;0;0;0;0;1;0;484;84;160;64;0;108
2041.46;2152;60;60;22;11;90;0;35;35;0;81;28;0.75;1.0;1.0;0;0;35;7.5;12.8;4.74;19.2;345;128;14.82;14.71;0.993;0;1;0;0;0;0;0;0;0;1;0;480;84;161;64;0;107
2041.85;1985;49;49;16;8.8;90;0;29;39;0;73;22;0.67;1.0;1.0;0;0;41;6.12;9.3;3.97;14.6;345;128;14.82;14.71;0.993;0;1;0;0;0;0;0;0;0;1;0;427;73;160;64;0;102
2042.27;1857;48;48;15;8.56;89;0;30;40;0;72;20;0.66;1.0;1.0;0;0;40;6.0;8.7;3.87;13.2;345;128;14.82;14.71;0.993;0;1;0;0;0;0;0;0;0;1;0;419;71;162;64;0;89
2042.66;1806;43;43;11;7.96;89;0;28;42;0;66;18;0.66;1.0;1.0;0;0;42;5.38;6.4;3.63;12.0;345;128;14.7;13.31;0.905;0;1;0;0;0;0;0;0;0;1;0;374;63;162;65;0;90
2043.08;1652;39;39;9;7.2;88;0;32;39;0;62;14;0.64;1.0;1.0;0;0;38;4.88;5.2;3.32;9.9;345;128;14.7;13.31;0.905;0;1;0;0;0;0;0;0;0;1;0;337;58;163;65;0;86
2043.47;1562;34;34;4;6.55;88;0;30;40;0;57;12;0.59;1.0;1.0;0;0;40;4.25;2.3;3.06;8.5;345;128;14.7;13.31;0.905;0;1;0;0;0;0;0;0;0;1;0;307;48;163;65;0;84
2043.88;1486;23;23;1;4.78;87;0;41;20;0;51;8;0.46;1.0;1.0;0;0;29;2.88;0.6;2.35;5.9;345;128;14.7;11.91;0.81;0;1;0;0;0;1;0;0;0;1;0;258;42;164;65;0;74
2044.28;1204;28;28;1;5.58;87;0;55;20;0;54;7;0.52;1.0;1.0;0;0;15;3.5;0.6;2.67;5.6;345;128;14.7;11.91;0.81;0;1;0;0;0;1;0;0;0;1;0;277;42;164;65;0;77
2044.47;1370;22;22;1;4.5;86;0;50;20;0;50;7;0.44;1.0;1.0;0;0;20;2.75;0.6;2.23;5.1;345;128;14.7;11.91;0.81;0;1;0;0;0;1;0;0;0;1;0;248;42;166;65;0;39
2044.89;1396;20;20;1;4.2;86;0;50;20;0;49;6;0.41;1.0;1.0;0;0;20;2.5;0.6;2.11;4.9;345;128;14.7;12.81;0.871;0;1;0;0;0;1;0;0;0;1;0;244;42;166;65;0;75
2045.27;1332;20;20;1;4.2;86;0;50;20;0;49;6;0.41;1.0;1.0;0;0;20;2.5;0.6;2.11;4.7;345;128;14.7;12.81;0.871;0;1;0;0;0;1;0;0;0;1;0;241;42;166;65;0;75
2045.69;1281;19;19;1;4.05;88;0;50;20;0;48;5;0.39;1.0;1.0;0;0;20;2.38;0.6;2.06;4.3;345;128;14.7;13.01;0.885;0;1;0;0;0;1;0;0;0;1;0;237;42;164;65;0;36
2046.08;1370;18;18;1;4.0;86;0;50;20;0;48;5;0.39;1.0;1.0;0;0;20;2.25;0.6;2.03;4.6;345;128;14.7;13.01;0.885;0;1;0;0;0;1;0;0;0;1;0;239;42;166;65;0;74
2046.5;1255;19;19;1;4.05;88;0;50;20;0;48;5;0.39;1.0;1.0;0;0;20;2.38;0.6;2.06;4.2;345;128;14.7;13.01;0.885;0;1;0;0;0;1;0;0;0;1;0;235;42;163;65;0;70
2046.89;1229;18;18;1;4.02;86;0;50;20;0;48;5;0.39;1.0;1.0;0;0;20;2.25;0.6;2.04;4.1;345;128;14.7;13.31;0.905;0;1;0;0;0;1;0;0;0;1;0;233;42;166;65;0;74
2047.3;1229;17;17;1;3.88;87;0;50;20;0;48;4;0.39;1.0;1.0;0;0;20;2.12;0.6;1.99;4.0;345;128;14.7;13.31;0.905;0;1;0;0;0;1;0;0;0;1;0;232;42;164;65;0;74
2047.69;1165;17;17;1;3.82;86;0;50;20;0;47;4;0.36;1.0;1.0;0;0;20;2.12;0.6;1.96;3.7;345;128;14.7;12.61;0.858;0;1;0;0;0;1;0;0;0;1;0;229;42;166;65;0;74
2048.11;1140;16;16;1;3.67;86;0;50;20;0;47;4;0.36;1.0;1.0;0;0;20;2.0;0.6;1.9;3.5;345;128;14.7;12.61;0.858;0;1;0;0;0;1;0;0;0;1;0;229;42;166;65;0;74
2048.51;1063;16;16;1;3.65;86;0;50;20;0;47;4;0.35;1.0;1.0;0;0;20;2.0;0.6;1.89;3.2;345;128;14.7;12.61;0.858;0;1;0;0;0;1;0;0;0;1;0;229;42;166;65;0;74
2048.9;1153;16;16;1;3.68;87;0;50;20;0;47;4;0.36;1.0;1.0;0;0;20;2.0;0.6;1.91;3.5;345;128;14.7;12.71;0.865;0;1;0;0;0;1;0;0;0;1;0;230;42;164;65;0;74
2049.31;1063;16;16;1;3.68;87;0;50;20;0;47;4;0.35;1.0;1.0;0;0;20;2.0;0.6;1.91;3.3;345;128;14.7;12.71;0.865;0;1;0;0;0;1;0;0;0;1;0;227;42;164;65;0;74
2049.71;1012;17;17;1;3.78;87;0;50;20;0;48;4;0.36;1.0;1.0;0;0;20;2.12;0.6;1.95;3.2;345;128;14.7;14.11;0.96;0;1;0;0;0;1;0;0;0;1;0;232;42;165;65;0;70
2050.11;1089;17;17;1;3.88;87;0;50;20;0;48;4;0.37;1.0;1.0;0;0;20;2.12;0.6;1.99;3.5;345;128;14.7;14.11;0.96;0;1;0;0;0;1;0;0;0;1;0;236;42;165;65;0;75
2050.33;1050;17;17;1;3.78;87;0;50;20;0;48;4;0.37;1.0;1.0;0;0;20;2.12;0.6;1.95;3.3;345;128;14.7;14.11;0.96;0;1;0;0;0;1;0;0;0;1;0;238;42;164;65;0;74
2050.74;1101;23;23;4;4.78;89;0;41;28;0;52;5;0.46;1.0;1.0;0;0;29;2.88;2.3;2.36;4.4;345;128;14.7;13.31;0.905;0;1;0;0;0;0;0;0;0;1;0;264;49;162;65;0;40
2051.12;1396;27;27;2;5.31;87;0;31;39;0;53;8;0.51;1.0;1.0;0;0;39;3.38;1.2;2.56;6.2;345;128;14.7;13.31;0.905;0;1;0;0;0;0;0;0;0;1;0;273;45;164;65;0;39
2051.52;1281;27;27;2;5.31;87;0;33;37;0;53;7;0.51;1.0;1.0;0;0;37;3.38;1.2;2.56;5.7;345;128;14.7;13.31;0.905;0;1;0;0;0;0;0;0;0;1;0;269;45;165;65;0;77
2051.92;1281;27;27;2;5.36;87;0;32;37;0;53;7;0.51;1.0;1.0;0;0;38;3.38;1.2;2.58;5.7;345;128;14.7;13.81;0.939;0;1;0;0;0;0;0;0;0;1;0;271;45;164;65;0;77
2052.33;1255;23;23;1;4.81;89;0;39;20;0;51;6;0.46;1.0;1.0;0;0;31;2.88;0.6;2.37;5.0;345;128;14.7;13.81;0.939;0;1;0;0;0;1;0;0;0;1;0;255;42;162;65;0;76
2052.73;1153;19;19;1;4.11;87;0;50;20;0;49;5;0.4;1.0;1.0;0;0;20;2.38;0.6;2.08;3.9;345;128;14.7;12.51;0.851;0;1;0;0;0;1;0;0;0;1;0;241;42;165;65;0;74
2053.13;1140;19;19;1;4.17;88;0;50;20;0;49;5;0.4;1.0;1.0;0;0;20;2.38;0.6;2.11;4.0;345;128;14.7;12.51;0.851;0;1;0;0;0;1;0;0;0;1;0;240;42;163;65;0;75
2053.54;1165;19;19;1;4.11;87;0;50;20;0;49;4;0.4;1.0;1.0;0;0;20;2.38;0.6;2.08;4.0;345;128;14.7;12.51;0.851;0;1;0;0;0;1;0;0;0;1;0;245;42;165;65;0;75
2053.94;1089;17;17;1;3.9;88;0;50;20;0;48;4;0.37;1.0;1.0;0;0;20;2.12;0.6;2.0;3.5;345;128;14.7;13.21;0.899;0;1;0;0;0;1;0;0;0;1;0;236;42;163;65;0;38
2054.34;1063;17;17;1;3.78;87;0;50;20;0;48;4;0.37;1.0;1.0;0;0;20;2.12;0.6;1.95;3.3;345;128;14.7;13.21;0.899;0;1;0;0;0;1;0;0;0;1;0;238;42;165;65;0;74
2054.74;1050;17;17;1;3.76;87;0;50;20;0;48;4;0.37;1.0;1.0;0;0;20;2.12;0.6;1.94;3.3;345;128;14.7;14.31;0.973;0;1;0;0;0;1;0;0;0;1;0;234;42;164;65;0;74
2055.14;999;17;17;1;3.73;87;0;50;20;0;48;3;0.36;1.0;1.0;0;0;20;2.12;0.6;1.93;3.1;345;128;14.7;14.31;0.973;0;1;0;0;0;1;0;0;0;1;0;236;42;165;65;0;75
2055.56;973;16;16;1;3.71;87;0;50;20;0;48;3;0.36;1.0;1.0;0;0;20;2.0;0.6;1.92;3.0;345;128;14.7;14.31;0.973;0;1;0;0;0;1;0;0;0;1;0;233;42;164;65;0;74
2055.95;986;16;16;1;3.71;87;0;50;20;0;48;3;0.36;1.0;1.0;0;0;20;2.0;0.6;1.92;3.0;345;128;14.7;14.31;0.973;0;1;0;0;0;1;0;0;0;1;0;238;42;165;65;0;74
2056.16;935;17;17;1;3.81;87;0;50;20;0;49;3;0.37;1.0;1.0;0;0;20;2.12;0.6;1.96;3.0;345;128;14.7;14.31;0.973;0;1;0;0;0;1;0;0;0;1;0;242;42;164;65;0;75
2056.55;884;20;20;1;4.28;87;0;50;20;0;51;3;0.41;1.0;1.0;0;0;20;2.5;0.6;2.15;3.2;345;128;14.7;14.31;0.973;0;1;0;0;0;1;0;0;0;1;0;256;42;164;65;0;76
2056.96;781;21;21;1;4.46;87;0;50;20;0;52;3;0.43;1.0;1.0;0;0;20;2.62;0.6;2.22;2.9;345;128;14.7;14.21;0.967;0;1;0;0;0;1;0;0;0;1;0;263;42;165;65;0;77
2057.38;807;22;22;1;4.56;87;0;50;20;0;52;4;0.43;1.0;1.0;0;0;20;2.75;0.6;2.26;3.1;345;128;14.7;14.21;0.967;0;1;0;0;0;1;0;0;0;1;0;266;42;165;65;0;88
2057.78;832;22;22;1;4.61;87;0;50;20;0;52;4;0.42;1.0;1.0;0;0;20;2.75;0.6;2.28;3.2;345;128;14.7;13.21;0.899;0;1;0;0;0;1;0;0;0;1;0;266;42;165;65;0;77
2058.18;871;23;23;1;4.71;87;0;50;20;0;52;4;0.43;1.0;1.0;0;0;20;2.88;0.6;2.32;3.4;345;128;14.47;13.21;0.913;0;1;0;0;0;1;0;0;0;1;0;267;42;165;65;0;77
2058.56;871;23;23;1;4.76;87;0;50;20;0;53;4;0.45;1.0;1.0;0;0;20;2.88;0.6;2.34;3.5;345;128;14.47;13.21;0.913;0;1;0;0;0;1;0;0;0;1;0;268;42;165;65;0;77
2058.99;845;22;22;1;4.63;87;0;50;20;0;53;4;0.44;1.0;1.0;0;0;20;2.75;0.6;2.29;3.3;345;128;14.7;12.91;0.878;0;1;0;0;0;1;0;0;0;1;0;268;42;165;65;0;77
2059.38;832;21;21;1;4.48;87;0;50;20;0;52;4;0.42;1.0;1.0;0;0;20;2.62;0.6;2.23;3.1;345;128;14.7;12.91;0.878;0;1;0;0;0;1;0;0;0;1;0;267;42;165;65;0;77
2059.78;781;21;21;1;4.41;87;0;50;20;0;52;3;0.43;1.0;1.0;0;0;20;2.62;0.6;2.2;2.9;345;128;14.7;12.71;0.865;0;1;0;0;0;1;0;0;0;1;0;267;42;164;65;0;77
2060.18;781;22;22;1;4.66;87;0;50;20;0;53;4;0.45;1.0;1.0;0;0;20;2.75;0.6;2.3;3.0;345;128;14.7;12.71;0.865;0;1;0;0;0;1;0;0;0;1;0;268;42;164;65;0;77
2060.6;820;24;24;1;5.03;87;0;50;20;0;54;4;0.46;1.0;1.0;0;0;20;3.0;0.6;2.45;3.4;345;128;14.47;12.61;0.871;0;1;0;0;0;1;0;0;0;1;0;278;42;164;65;0;81
2060.98;730;25;25;1;5.07;88;0;50;20;0;54;4;0.47;1.0;1.0;0;0;20;3.12;0.6;2.47;3.1;345;128;14.47;12.61;0.871;0;1;0;0;0;1;0;0;0;1;0;282;42;163;65;0;82
2061.39;730;25;25;1;5.05;88;0;50;20;0;54;4;0.47;1.0;1.0;0;0;20;3.12;0.6;2.46;3.1;345;128;14.47;12.61;0.871;0;1;0;0;0;1;0;0;0;1;0;281;42;163;65;0;74
2061.59;704;25;25;1;5.07;90;0;50;20;0;54;4;0.47;1.0;1.0;0;0;20;3.12;0.6;2.48;3.0;345;128;14.47;12.41;0.858;0;1;0;0;0;1;0;0;0;1;0;282;42;161;65;0;78
2062.01;679;28;28;1;5.67;90;0;50;20;0;56;4;0.52;1.0;1.0;0;0;20;3.5;0.6;2.72;3.2;345;128;14.47;12.41;0.858;0;1;0;0;0;1;0;0;0;1;0;292;42;161;65;0;83
2062.42;781;26;26;1;5.35;90;0;50;20;0;55;4;0.48;1.0;1.0;0;0;20;3.25;0.6;2.59;3.5;345;128;14.47;12.41;0.858;0;1;0;0;0;1;0;0;0;1;0;285;42;160;65;0;82
2062.82;820;22;22;1;4.67;88;0;50;20;0;52;4;0.42;1.0;1.0;0;0;20;2.75;0.6;2.31;3.2;345;128;14.7;13.01;0.885;0;1;0;0;0;1;0;0;0;1;0;267;42;163;65;0;77
2063.22;832;19;19;1;4.16;87;0;50;20;0;51;3;0.4;1.0;1.0;0;0;20;2.38;0.6;2.1;2.9;345;128;14.7;13.01;0.885;0;1;0;0;0;1;0;0;0;1;0;256;42;164;65;0;76
2063.62;717;23;23;1;4.75;88;0;50;20;0;53;3;0.45;1.0;1.0;0;0;20;2.88;0.6;2.34;2.8;345;128;14.47;13.51;0.934;0;1;0;0;0;1;0;0;0;1;0;274;42;161;65;0;77
2064.03;666;28;28;1;5.53;89;0;50;20;0;56;4;0.52;1.0;1.0;0;0;20;3.5;0.6;2.66;3.1;345;128;14.7;13.51;0.919;0;1;0;0;0;1;0;0;0;1;0;297;43;162;65;0;82
2064.42;781;26;26;1;5.26;89;0;52;18;0;55;4;0.48;1.0;1.0;0;0;18;3.25;0.6;2.55;3.4;345;128;14.47;13.51;0.934;0;1;0;0;0;1;0;0;0;1;0;285;42;162;65;0;74
2064.82;845;27;27;1;5.38;87;0;55;15;0;55;5;0.48;1.0;1.0;0;0;15;3.38;0.6;2.59;3.8;345;128;14.47;13.11;0.906;0;1;0;0;1;1;0;0;0;1;0;285;42;164;65;0;82
2065.22;935;22;22;1;4.61;87;0;55;15;0;52;4;0.44;1.0;1.0;0;0;15;2.75;0.6;2.28;3.6;345;128;14.7;13.11;0.892;0;1;0;0;1;1;0;0;0;1;0;262;42;165;65;0;77
2065.63;999;19;19;1;4.08;89;0;55;15;0;49;4;0.38;1.0;1.0;0;0;15;2.38;0.6;2.08;3.4;345;128;14.7;13.61;0.926;0;1;0;0;1;1;0;0;0;1;0;246;42;162;65;0;75
2066.02;896;19;19;1;4.07;88;0;55;15;0;50;3;0.39;1.0;1.0;0;0;15;2.38;0.6;2.07;3.0;345;128;14.7;13.61;0.926;0;1;0;0;1;1;0;0;0;1;0;251;42;163;65;0;76
2066.45;781;21;21;1;4.51;87;0;55;15;0;52;3;0.43;1.0;1.0;0;0;15;2.62;0.6;2.24;2.9;345;128;14.7;13.61;0.926;0;1;0;0;1;1;0;0;0;1;0;261;42;165;65;0;77
2066.84;807;21;21;1;4.51;87;0;55;15;0;52;4;0.43;1.0;1.0;0;0;15;2.62;0.6;2.24;3.0;345;128;14.7;14.01;0.953;0;1;0;0;1;1;0;0;0;1;0;261;42;165;65;0;77
2067.25;832;20;20;1;4.22;88;0;55;15;0;51;3;0.4;1.0;1.0;0;0;15;2.5;0.6;2.13;2.9;345;128;14.7;14.01;0.953;0;1;0;0;1;1;0;0;0;1;0;252;42;163;65;0;76
2067.44;832;19;19;1;4.18;87;0;55;15;0;51;3;0.4;1.0;1.0;0;0;15;2.38;0.6;2.11;2.9;345;128;14.7;14.01;0.953;0;1;0;0;1;1;0;0;0;1;0;256;42;164;64;0;76
2067.85;781;20;20;1;4.21;87;0;55;15;0;51;3;0.41;1.0;1.0;0;0;15;2.5;0.6;2.12;2.7;345;128;14.7;14.21;0.967;0;1;0;0;1;1;0;0;0;1;0;257;42;164;65;0;76
2068.25;845;22;22;1;4.61;87;0;55;15;0;52;4;0.42;1.0;1.0;0;0;15;2.75;0.6;2.28;3.2;345;128;14.7;14.21;0.967;0;1;0;0;1;1;0;0;0;1;0;263;42;164;65;0;77
2068.66;832;20;20;1;4.31;87;0;55;15;0;51;3;0.4;1.0;1.0;0;0;15;2.5;0.6;2.16;3.0;345;128;14.7;13.81;0.939;0;1;0;0;1;1;0;0;0;1;0;256;42;164;65;0;76
2069.04;845;22;22;1;4.63;87;0;55;15;0;52;4;0.42;1.0;1.0;0;0;15;2.75;0.6;2.29;3.3;345;128;14.7;13.81;0.939;0;1;0;0;1;1;0;0;0;1;0;264;42;165;65;0;77
2069.45;820;20;20;1;4.23;87;0;55;15;0;51;3;0.4;1.0;1.0;0;0;15;2.5;0.6;2.13;2.9;345;128;14.7;13.81;0.939;0;1;0;0;1;1;0;0;0;1;0;259;42;164;65;0;77
2069.85;820;20;20;1;4.21;87;0;55;15;0;51;3;0.4;1.0;1.0;0;0;15;2.5;0.6;2.12;2.9;345;128;14.7;14.01;0.953;0;1;0;0;1;1;0;0;0;1;0;257;42;164;65;0;76
2070.26;807;20;20;1;4.23;87;0;55;15;0;51;3;0.41;1.0;1.0;0;0;15;2.5;0.6;2.13;2.8;345;128;14.7;14.01;0.953;0;1;0;0;1;1;0;0;0;1;0;255;42;164;65;0;38
2070.66;820;21;21;1;4.4;88;0;55;15;0;51;3;0.4;1.0;1.0;0;0;15;2.62;0.6;2.2;3.0;345;128;14.7;14.01;0.953;0;1;0;0;1;1;0;0;0;1;0;258;42;163;64;0;77
2071.07;845;21;21;1;4.48;87;0;55;15;0;51;4;0.4;1.0;1.0;0;0;15;2.62;0.6;2.23;3.2;345;128;14.7;14.01;0.953;0;1;0;0;1;1;0;0;0;1;0;259;42;164;65;0;76
2071.48;871;23;23;1;4.76;87;0;55;15;0;53;4;0.45;1.0;1.0;0;0;15;2.88;0.6;2.34;3.5;345;128;14.47;14.01;0.968;0;1;0;0;1;1;0;0;0;1;0;270;42;165;65;0;74
2071.86;922;23;23;1;4.78;87;0;55;15;0;52;4;0.44;1.0;1.0;0;0;15;2.88;0.6;2.35;3.7;345;128;14.47;14.51;1.003;0;1;0;0;1;1;0;0;0;1;0;262;42;165;65;0;77
2072.26;832;19;19;1;4.21;87;0;55;15;0;51;3;0.4;1.0;1.0;0;0;15;2.38;0.6;2.12;2.9;345;128;14.7;14.51;0.987;0;1;0;0;1;1;0;0;0;1;0;256;42;164;65;0;76
2072.68;820;21;21;1;4.48;87;0;55;15;0;52;4;0.42;1.0;1.0;0;0;15;2.62;0.6;2.23;3.1;345;128;14.7;12.91;0.878;0;1;0;0;1;1;0;0;0;1;0;261;42;165;65;0;77
2073.07;820;21;21;1;4.43;87;0;55;15;0;52;4;0.42;1.0;1.0;0;0;15;2.62;0.6;2.21;3.0;345;128;14.7;12.91;0.878;0;1;0;0;1;1;0;0;0;1;0;261;42;165;65;0;77
2073.26;896;21;21;1;4.41;87;0;55;15;0;52;4;0.43;1.0;1.0;0;0;15;2.62;0.6;2.2;3.3;345;128;14.7;12.91;0.878;0;1;0;0;1;1;0;0;0;1;0;260;42;165;65;0;74
2073.66;871;22;22;1;4.58;87;0;55;15;0;51;4;0.41;1.0;1.0;0;0;15;2.75;0.6;2.27;3.3;345;128;14.7;13.81;0.939;0;1;0;0;1;1;0;0;0;1;0;259;42;164;65;0;76
2074.08;820;22;22;1;4.61;87;0;55;15;0;52;4;0.42;1.0;1.0;0;0;15;2.75;0.6;2.28;3.2;345;128;14.7;13.81;0.939;0;1;0;0;1;1;0;0;0;1;0;261;42;164;65;0;77
2074.49;884;22;22;1;4.63;87;0;55;15;0;52;4;0.43;1.0;1.0;0;0;15;2.75;0.6;2.29;3.4;345;128;14.7;13.81;0.939;0;1;0;0;1;1;0;0;0;1;0;263;42;165;65;0;77
2074.89;832;21;21;1;4.42;88;0;55;15;0;51;4;0.4;1.0;1.0;0;0;15;2.62;0.6;2.21;3.1;345;128;14.7;12.81;0.871;0;1;0;0;1;1;0;0;0;1;0;259;42;162;65;0;73
2075.29;820;20;20;1;4.26;87;0;55;15;0;51;3;0.4;1.0;1.0;0;0;15;2.5;0.6;2.14;2.9;345;128;14.7;12.81;0.871;0;1;0;0;1;1;0;0;0;1;0;258;42;165;65;0;76
2075.69;768;21;21;1;4.46;87;0;55;15;0;52;4;0.43;1.0;1.0;0;0;15;2.62;0.6;2.22;2.9;345;128;14.7;13.91;0.946;0;1;0;0;1;1;0;0;0;1;0;260;42;165;65;0;77
2076.09;807;21;21;1;4.51;87;0;55;15;0;52;4;0.43;1.0;1.0;0;0;15;2.62;0.6;2.24;3.0;345;128;14.7;13.91;0.946;0;1;0;0;1;1;0;0;0;1;0;263;42;165;64;0;76
2076.48;820;22;22;1;4.58;87;0;55;15;0;52;4;0.42;1.0;1.0;0;0;15;2.75;0.6;2.27;3.1;345;128;14.7;13.91;0.946;0;1;0;0;1;1;0;0;0;1;0;261;42;165;64;0;77
2076.89;871;20;20;1;4.33;87;0;55;15;0;51;4;0.41;1.0;1.0;0;0;15;2.5;0.6;2.17;3.1;345;128;14.7;12.21;0.831;0;1;0;0;1;1;0;0;0;1;0;257;42;165;65;0;76
2077.29;922;21;21;1;4.4;88;0;55;15;0;51;4;0.41;1.0;1.0;0;0;15;2.62;0.6;2.2;3.4;345;128;14.7;12.21;0.831;0;1;0;0;1;1;0;0;0;1;0;257;42;163;64;0;76
2077.7;896;20;20;1;4.35;90;0;55;15;0;51;4;0.41;1.0;1.0;0;0;15;2.5;0.6;2.19;3.2;345;128;14.7;13.41;0.912;0;1;0;0;1;1;0;0;0;1;0;258;42;161;65;0;73
2078.09;871;21;21;1;4.45;90;0;55;15;0;52;4;0.43;1.0;1.0;0;0;15;2.62;0.6;2.23;3.2;345;128;14.7;13.41;0.912;0;1;0;0;1;1;0;0;0;1;0;260;42;162;65;0;73
2078.5;896;22;22;1;4.57;90;0;55;15;0;52;4;0.43;1.0;1.0;0;0;15;2.75;0.6;2.28;3.4;345;128;14.7;13.41;0.912;0;1;0;0;1;1;0;0;0;1;0;261;42;161;65;0;77
2078.9;884;22;22;1;4.6;90;0;55;15;0;52;4;0.43;1.0;1.0;0;0;15;2.75;0.6;2.29;3.4;345;128;14.7;13.61;0.926;0;1;0;0;1;1;0;0;0;1;0;262;42;161;65;0;73
2079.3;896;22;22;1;4.65;90;0;55;15;0;52;4;0.43;1.0;1.0;0;0;15;2.75;0.6;2.31;3.5;345;128;14.7;13.61;0.926;0;1;0;0;1;1;0;0;0;1;0;262;42;161;65;0;77
2079.51;896;22;22;1;4.66;89;0;55;15;0;52;4;0.43;1.0;1.0;0;0;15;2.75;0.6;2.31;3.5;345;128;14.7;13.61;0.926;0;1;0;0;1;1;0;0;0;1;0;263;42;162;65;0;77
2079.9;896;22;22;1;4.63;89;0;55;15;0;52;4;0.43;1.0;1.0;0;0;15;2.75;0.6;2.3;3.5;345;128;14.7;13.31;0.905;0;1;0;0;1;1;0;0;0;1;0;264;42;162;65;0;73
2080.3;884;21;21;1;4.52;88;0;55;15;0;52;4;0.43;1.0;1.0;0;0;15;2.62;0.6;2.25;3.3;345;128;14.7;13.31;0.905;0;1;0;0;1;1;0;0;0;1;0;264;42;163;65;0;77
2080.71;871;22;22;1;4.6;90;0;55;15;0;52;4;0.43;1.0;1.0;0;0;15;2.75;0.6;2.29;3.3;345;128;14.7;12.71;0.865;0;1;0;0;1;1;0;0;0;1;0;263;42;161;66;0;77
2081.11;820;22;22;1;4.62;90;0;55;15;0;52;4;0.42;1.0;1.0;0;0;15;2.75;0.6;2.3;3.2;345;128;14.7;12.71;0.865;0;1;0;0;1;1;0;0;0;1;0;261;42;161;66;0;77
2081.52;832;21;21;1;4.53;89;0;55;15;0;52;4;0.42;1.0;1.0;0;0;15;2.62;0.6;2.26;3.1;345;128;14.7;12.71;0.865;0;1;0;0;1;1;0;0;0;1;0;267;42;162;66;0;77
2081.92;871;22;22;1;4.72;90;0;55;15;0;52;4;0.43;1.0;1.0;0;0;15;2.75;0.6;2.34;3.4;345;128;14.7;12.51;0.851;0;1;0;0;1;1;0;0;0;1;0;260;42;161;67;0;77
2082.31;832;20;20;1;4.27;90;0;55;15;0;51;3;0.4;1.0;1.0;0;0;15;2.5;0.6;2.16;3.0;345;128;14.7;12.51;0.851;0;1;0;0;1;1;0;0;0;1;0;256;42;161;67;0;76
2082.71;820;20;20;1;4.38;89;0;55;15;0;51;4;0.4;1.0;1.0;0;0;15;2.5;0.6;2.2;3.0;345;128;14.7;13.41;0.912;0;1;0;0;1;1;0;0;0;1;0;258;42;162;67;0;77
2083.12;807;21;21;1;4.52;90;0;55;15;0;52;4;0.43;1.0;1.0;0;0;15;2.62;0.6;2.26;3.0;345;128;14.7;13.41;0.912;0;1;0;0;1;1;0;0;0;1;0;262;42;162;67;0;86
2083.51;832;21;21;1;4.5;90;0;55;15;0;52;4;0.42;1.0;1.0;0;0;15;2.62;0.6;2.25;3.1;345;128;14.7;13.41;0.912;0;1;0;0;1;1;0;0;0;1;0;261;42;161;67;0;77
2083.93;832;22;22;1;4.56;89;0;55;15;0;52;4;0.42;1.0;1.0;0;0;15;2.75;0.6;2.27;3.2;345;128;14.7;13.91;0.946;0;1;0;0;1;1;0;0;0;1;0;260;42;162;66;0;76
2084.32;832;19;19;1;4.23;89;0;55;15;0;51;3;0.4;1.0;1.0;0;0;15;2.38;0.6;2.14;2.9;345;128;14.7;13.91;0.946;0;1;0;0;1;1;0;0;0;1;0;257;42;162;66;0;76
2084.74;781;21;21;1;4.5;90;0;55;15;0;52;4;0.43;1.0;1.0;0;0;15;2.62;0.6;2.25;2.9;345;128;14.7;13.71;0.933;0;1;0;0;1;1;0;0;0;1;0;261;42;161;66;0;77
2085.14;807;21;21;1;4.51;89;0;55;15;0;52;4;0.43;1.0;1.0;0;0;15;2.62;0.6;2.25;3.0;345;128;14.7;13.71;0.933;0;1;0;0;1;1;0;0;0;1;0;262;42;162;66;0;77
2085.53;807;20;20;1;4.37;90;0;55;15;0;52;3;0.43;1.0;1.0;0;0;15;2.5;0.6;2.2;2.9;345;128;14.7;13.71;0.933;0;1;0;0;1;1;0;0;0;1;0;260;42;161;66;0;77
2085.72;845;20;20;1;4.25;90;0;55;15;0;51;3;0.4;1.0;1.0;0;0;15;2.5;0.6;2.15;3.0;345;128;14.7;12.61;0.858;0;1;0;0;1;1;0;0;0;1;0;257;42;161;66;0;73
2086.12;922;22;22;1;4.53;89;0;55;15;0;52;4;0.44;1.0;1.0;0;0;15;2.75;0.6;2.26;3.5;345;128;14.7;12.61;0.858;0;1;0;0;1;1;0;0;0;1;0;260;42;162;66;0;73
2086.52;807;21;21;1;4.47;88;0;55;15;0;52;3;0.43;1.0;1.0;0;0;15;2.62;0.6;2.23;3.0;345;128;14.7;12.61;0.858;0;1;0;0;1;1;0;0;0;1;0;263;42;163;66;0;77
2086.92;807;21;21;1;4.46;87;0;55;15;0;52;4;0.43;1.0;1.0;0;0;15;2.62;0.6;2.22;3.0;345;128;14.7;13.61;0.926;0;1;0;0;1;1;0;0;0;1;0;262;42;165;66;0;77
2087.33;845;21;21;1;4.46;87;0;55;15;0;52;4;0.42;1.0;1.0;0;0;15;2.62;0.6;2.22;3.1;345;128;14.7;13.61;0.926;0;1;0;0;1;1;0;0;0;1;0;261;42;165;66;0;77
2087.73;832;21;21;1;4.47;88;0;55;15;0;52;4;0.42;1.0;1.0;0;0;15;2.62;0.6;2.23;3.1;345;128;14.7;12.81;0.871;0;1;0;0;1;1;0;0;0;1;0;262;42;163;65;0;77
2088.13;832;21;21;1;4.51;89;0;55;15;0;52;4;0.42;1.0;1.0;0;0;15;2.62;0.6;2.25;3.1;345;128;14.7;12.81;0.871;0;1;0;0;1;1;0;0;0;1;0;262;42;162;66;0;73
2088.55;922;22;22;1;4.67;90;0;55;15;0;52;4;0.44;1.0;1.0;0;0;15;2.75;0.6;2.32;3.6;345;128;14.7;12.81;0.871;0;1;0;0;1;1;0;0;0;1;0;262;42;161;66;0;73
2088.96;871;22;22;1;4.66;89;0;55;15;0;52;4;0.43;1.0;1.0;0;0;15;2.75;0.6;2.31;3.4;345;128;14.7;12.71;0.865;0;1;0;0;1;1;0;0;0;1;0;264;42;162;66;0;77
2089.33;871;22;22;1;4.68;89;0;55;15;0;52;4;0.43;1.0;1.0;0;0;15;2.75;0.6;2.32;3.4;345;128;14.7;12.71;0.865;0;1;0;0;1;1;0;0;0;1;0;265;42;162;66;0;77
2089.75;884;22;22;1;4.75;90;0;55;15;0;52;4;0.43;1.0;1.0;0;0;15;2.75;0.6;2.35;3.5;345;128;14.7;12.81;0.871;0;1;0;0;1;1;0;0;0;1;0;266;42;161;66;0;88
2090.14;845;21;21;1;4.55;90;0;55;15;0;52;4;0.42;1.0;1.0;0;0;15;2.62;0.6;2.27;3.2;345;128;14.7;12.81;0.871;0;1;0;0;1;1;0;0;0;1;0;263;42;161;66;0;77
2090.55;871;22;22;1;4.68;89;0;55;15;0;52;4;0.43;1.0;1.0;0;0;15;2.75;0.6;2.32;3.4;345;128;14.7;12.81;0.871;0;1;0;0;1;1;0;0;0;1;0;262;42;162;66;0;77
2090.97;820;22;22;1;4.63;89;0;55;15;0;52;4;0.42;1.0;1.0;0;0;15;2.75;0.6;2.3;3.2;345;128;14.7;12.71;0.865;0;1;0;0;1;1;0;0;0;1;0;265;42;162;66;0;77
2091.36;871;23;24;1;4.87;90;0;55;15;0;53;4;0.45;1.0;1.0;0;0;15;2.88;0.6;2.4;3.5;345;128;14.47;12.71;0.878;0;1;0;0;1;1;0;0;0;1;0;268;42;161;66;0;77
2091.75;871;22;22;1;4.7;90;0;55;15;0;52;4;0.43;1.0;1.0;0;0;15;2.75;0.6;2.33;3.4;345;128;14.7;13.01;0.885;0;1;0;0;1;1;0;0;0;1;0;264;42;161;66;0;77
2091.95;832;20;20;1;4.31;89;0;55;15;0;51;3;0.4;1.0;1.0;0;0;15;2.5;0.6;2.17;3.0;345;128;14.7;13.01;0.885;0;1;0;0;1;1;0;0;0;1;0;257;42;162;66;0;76
2092.35;807;21;21;1;4.53;89;0;55;15;0;52;4;0.43;1.0;1.0;0;0;15;2.62;0.6;2.26;3.0;345;128;14.7;13.01;0.885;0;1;0;0;1;1;0;0;0;1;0;260;42;162;67;0;77
2092.76;820;22;22;1;4.57;90;0;55;15;0;52;4;0.42;1.0;1.0;0;0;15;2.75;0.6;2.28;3.1;345;128;14.7;12.91;0.878;0;1;0;0;1;1;0;0;0;1;0;263;42;161;68;0;73
2093.16;820;21;21;1;4.52;90;0;55;15;0;52;4;0.42;1.0;1.0;0;0;15;2.62;0.6;2.26;3.1;345;128;14.7;12.91;0.878;0;1;0;0;1;1;0;0;0;1;0;261;42;161;67;0;77
2093.56;820;20;20;1;4.26;89;0;55;15;0;51;3;0.4;1.0;1.0;0;0;15;2.5;0.6;2.15;2.9;345;128;14.7;12.91;0.878;0;1;0;0;1;1;0;0;0;1;0;258;42;162;67;0;77
2093.97;781;21;21;1;4.5;90;0;55;15;0;52;4;0.43;1.0;1.0;0;0;15;2.62;0.6;2.25;2.9;345;128;14.7;12.91;0.878;0;1;0;0;1;1;0;0;0;1;0;260;42;161;68;0;76
2094.37;820;21;21;1;4.51;89;0;55;15;0;52;4;0.42;1.0;1.0;0;0;15;2.62;0.6;2.25;3.1;345;128;14.7;12.91;0.878;0;1;0;0;1;1;0;0;0;1;0;261;42;162;68;0;77
2094.77;820;21;21;1;4.55;90;0;55;15;0;52;4;0.42;1.0;1.0;0;0;15;2.62;0.6;2.27;3.1;345;128;14.7;12.81;0.871;0;1;0;0;1;1;0;0;0;1;0;261;42;161;68;0;77
2095.18;807;22;22;1;4.57;90;0;55;15;0;52;4;0.43;1.0;1.0;0;0;15;2.75;0.6;2.28;3.1;345;128;14.7;12.81;0.871;0;1;0;0;1;1;0;0;0;1;0;260;42;162;69;0;74
2095.58;832;19;19;1;4.2;90;0;55;15;0;51;3;0.4;1.0;1.0;0;0;15;2.38;0.6;2.13;2.9;345;128;14.7;12.81;0.871;0;1;0;0;1;1;0;0;0;1;0;255;42;161;69;0;76
2095.96;781;20;20;1;4.26;89;0;55;15;0;51;3;0.41;1.0;1.0;0;0;15;2.5;0.6;2.15;2.8;345;128;14.7;13.81;0.939;0;1;0;0;1;1;0;0;0;1;0;257;42;162;68;0;76
2096.37;820;22;22;1;4.56;87;0;55;15;0;52;4;0.42;1.0;1.0;0;0;15;2.75;0.6;2.26;3.1;345;128;14.7;13.81;0.939;0;1;0;0;1;1;0;0;0;1;0;262;42;164;68;0;77
2096.79;871;22;22;1;4.56;87;0;55;15;0;52;4;0.43;1.0;1.0;0;0;15;2.75;0.6;2.26;3.3;345;128;14.7;13.11;0.892;0;1;0;0;1;1;0;0;0;1;0;261;42;164;67;0;77
2097.17;781;19;19;1;4.18;87;0;55;15;0;51;3;0.41;1.0;1.0;0;0;15;2.38;0.6;2.11;2.7;345;128;14.7;13.11;0.892;0;1;0;0;1;1;0;0;0;1;0;255;42;162;67;0;76
2097.59;807;24;24;1;4.86;87;0;55;15;0;53;4;0.45;1.0;1.0;0;0;15;3.0;0.6;2.38;3.3;345;128;14.47;13.11;0.906;0;1;0;0;1;1;0;0;0;1;0;270;42;165;67;0;77
2097.99;845;22;22;1;4.61;87;0;55;15;0;52;4;0.42;1.0;1.0;0;0;15;2.75;0.6;2.28;3.2;345;128;14.7;13.31;0.905;0;1;0;0;1;1;0;0;0;1;0;264;42;165;67;0;77
2098.18;832;20;20;1;4.35;90;0;55;15;0;51;3;0.4;1.0;1.0;0;0;15;2.5;0.6;2.19;3.0;345;128;14.7;13.31;0.905;0;1;0;0;1;1;0;0;0;1;0;259;42;161;67;0;39
2098.59;884;22;22;1;4.62;90;0;55;15;0;52;4;0.43;1.0;1.0;0;0;15;2.75;0.6;2.3;3.4;345;128;14.7;13.31;0.905;0;1;0;0;1;1;0;0;0;1;0;262;42;161;67;0;76
2098.99;884;20;20;1;4.3;90;0;55;15;0;51;3;0.41;1.0;1.0;0;0;15;2.5;0.6;2.17;3.2;345;128;14.7;14.91;1.014;0;1;0;0;1;1;0;0;0;1;0;258;42;161;68;0;77
2099.39;820;20;20;1;4.27;90;0;55;15;0;51;3;0.4;1.0;1.0;0;0;15;2.5;0.6;2.16;2.9;345;128;14.7;14.91;1.014;0;1;0;0;1;1;0;0;0;1;0;256;42;161;67;0;77
2099.79;820;20;20;1;4.26;89;0;55;15;0;51;3;0.4;1.0;1.0;0;0;15;2.5;0.6;2.15;2.9;345;128;14.7;14.61;0.994;0;1;0;0;1;1;0;0;0;1;0;256;42;162;68;0;77
2100.19;807;21;21;1;4.42;90;0;55;15;0;51;3;0.41;1.0;1.0;0;0;15;2.62;0.6;2.22;3.0;345;128;14.7;14.61;0.994;0;1;0;0;1;1;0;0;0;1;0;258;42;160;69;0;76
2100.6;845;22;22;1;4.61;87;0;55;15;0;52;4;0.42;1.0;1.0;0;0;15;2.75;0.6;2.28;3.2;345;128;14.7;14.61;0.994;0;1;0;0;1;1;0;0;0;1;0;264;42;164;68;0;77
2101.01;832;20;20;1;4.32;90;0;55;15;0;51;3;0.4;1.0;1.0;0;0;15;2.5;0.6;2.18;3.0;345;128;14.7;13.41;0.912;0;1;0;0;1;1;0;0;0;1;0;258;42;161;69;0;76
2101.4;820;19;19;1;4.12;90;0;55;15;0;50;3;0.38;1.0;1.0;0;0;15;2.38;0.6;2.1;2.8;345;128;14.7;13.41;0.912;0;1;0;0;1;1;0;0;0;1;0;251;42;161;68;0;76
2101.81;820;20;20;1;4.37;90;0;55;15;0;51;3;0.4;1.0;1.0;0;0;15;2.5;0.6;2.2;3.0;345;128;14.7;13.01;0.885;0;1;0;0;1;1;0;0;0;1;0;258;42;161;69;0;76
2102.21;807;22;22;1;4.6;90;0;55;15;0;52;3;0.43;1.0;1.0;0;0;15;2.75;0.6;2.29;3.1;345;128;14.7;13.01;0.885;0;1;0;0;1;1;0;0;0;1;0;263;42;161;69;0;75
2102.61;781;20;20;1;4.38;89;0;55;15;0;52;3;0.43;1.0;1.0;0;0;15;2.5;0.6;2.2;2.9;345;128;14.7;13.01;0.885;0;1;0;0;1;1;0;0;0;1;0;260;42;163;70;0;77
2103.02;807;20;20;1;4.25;90;0;55;15;0;51;3;0.41;1.0;1.0;0;0;15;2.5;0.6;2.15;2.9;345;128;14.7;13.21;0.899;0;1;0;0;1;1;0;0;0;1;0;256;42;161;69;0;74
2103.43;781;22;22;1;4.6;90;0;55;15;0;52;4;0.43;1.0;1.0;0;0;15;2.75;0.6;2.29;3.0;345;128;14.7;13.21;0.899;0;1;0;0;1;1;0;0;0;1;0;260;42;161;69;0;77
2103.83;820;21;21;1;4.55;90;0;55;15;0;52;4;0.42;1.0;1.0;0;0;15;2.62;0.6;2.27;3.1;345;128;14.7;13.41;0.912;0;1;0;0;1;1;0;0;0;1;0;264;42;161;69;0;77
2104.02;807;20;20;1;4.25;90;0;55;15;0;51;3;0.41;1.0;1.0;0;0;15;2.5;0.6;2.15;2.9;345;128;14.7;13.41;0.912;0;1;0;0;1;1;0;0;0;1;0;259;42;161;69;0;76
2104.41;781;20;20;1;4.25;90;0;55;15;0;51;3;0.41;1.0;1.0;0;0;15;2.5;0.6;2.15;2.8;345;128;14.7;13.41;0.912;0;1;0;0;1;1;0;0;0;1;0;258;42;161;68;0;38
2104.83;807;22;22;1;4.56;87;0;55;15;0;52;4;0.43;1.0;1.0;0;0;15;2.75;0.6;2.26;3.1;345;128;14.7;14.01;0.953;0;1;0;0;1;1;0;0;0;1;0;260;42;164;68;0;73
2105.24;845;22;22;1;4.68;87;0;55;15;0;52;4;0.42;1.0;1.0;0;0;15;2.75;0.6;2.31;3.3;345;128;14.7;14.01;0.953;0;1;0;0;1;1;0;0;0;1;0;264;42;164;69;0;77
2105.61;845;21;21;1;4.48;87;0;55;15;0;52;4;0.42;1.0;1.0;0;0;15;2.62;0.6;2.23;3.2;345;128;14.7;14.01;0.953;0;1;0;0;1;1;0;0;0;1;0;262;42;164;69;0;77
2106.03;807;20;20;1;4.23;87;0;55;15;0;51;3;0.41;1.0;1.0;0;0;15;2.5;0.6;2.13;2.8;345;128;14.7;13.31;0.905;0;1;0;0;1;1;0;0;0;1;0;259;42;164;69;0;73
2106.43;807;20;20;1;4.3;90;0;55;15;0;51;3;0.41;1.0;1.0;0;0;15;2.5;0.6;2.17;2.9;345;128;14.7;13.31;0.905;0;1;0;0;1;1;0;0;0;1;0;255;42;161;68;0;76
2106.83;781;21;21;1;4.5;90;0;55;15;0;52;3;0.43;1.0;1.0;0;0;15;2.62;0.6;2.25;2.9;345;128;14.7;13.61;0.926;0;1;0;0;1;1;0;0;0;1;0;262;42;160;68;0;86
2107.23;768;22;22;1;4.57;90;0;55;15;0;52;4;0.43;1.0;1.0;0;0;15;2.75;0.6;2.28;2.9;345;128;14.7;13.61;0.926;0;1;0;0;1;1;0;0;0;1;0;260;42;160;67;0;77
2107.64;820;20;20;1;4.33;89;0;55;15;0;51;3;0.4;1.0;1.0;0;0;15;2.5;0.6;2.18;3.0;345;128;14.7;13.61;0.926;0;1;0;0;1;1;0;0;0;1;0;256;42;162;68;0;76
2108.04;845;22;22;1;4.67;90;0;55;15;0;52;4;0.42;1.0;1.0;0;0;15;2.75;0.6;2.32;3.3;345;128;14.7;13.91;0.946;0;1;0;0;1;1;0;0;0;1;0;265;42;161;68;0;76
2108.44;832;21;21;1;4.47;90;0;55;15;0;52;4;0.42;1.0;1.0;0;0;15;2.62;0.6;2.24;3.1;345;128;14.7;13.91;0.946;0;1;0;0;1;1;0;0;0;1;0;261;42;161;67;0;77
2108.85;807;20;20;1;4.25;90;0;55;15;0;51;3;0.41;1.0;1.0;0;0;15;2.5;0.6;2.15;2.9;345;128;14.7;13.71;0.933;0;1;0;0;1;1;0;0;0;1;0;258;42;161;66;0;76
2109.26;781;20;20;1;4.27;90;0;55;15;0;51;3;0.41;1.0;1.0;0;0;15;2.5;0.6;2.16;2.8;345;128;14.7;13.71;0.933;0;1;0;0;1;1;0;0;0;1;0;259;42;161;67;0;38
2109.65;807;22;22;1;4.6;90;0;55;15;0;52;4;0.43;1.0;1.0;0;0;15;2.75;0.6;2.29;3.1;345;128;14.7;13.71;0.933;0;1;0;0;1;1;0;0;0;1;0;261;42;161;67;0;73
2110.06;832;22;22;1;4.63;87;0;55;15;0;52;4;0.42;1.0;1.0;0;0;15;2.75;0.6;2.29;3.2;345;128;14.7;13.11;0.892;0;1;0;0;1;1;0;0;0;1;0;265;42;164;67;0;77
2110.26;884;22;22;1;4.56;87;0;55;15;0;52;4;0.43;1.0;1.0;0;0;15;2.75;0.6;2.26;3.4;345;128;14.7;13.11;0.892;0;1;0;0;1;1;0;0;0;1;0;262;42;165;67;0;77
2110.65;845;21;21;1;4.38;87;0;55;15;0;51;4;0.4;1.0;1.0;0;0;15;2.62;0.6;2.19;3.1;345;128;14.7;13.11;0.892;0;1;0;0;1;1;0;0;0;1;0;258;42;164;70;0;76
2111.06;845;22;22;1;4.62;90;0;55;15;0;52;4;0.42;1.0;1.0;0;0;15;2.75;0.6;2.3;3.3;345;128;14.7;14.31;0.973;0;1;0;0;1;1;0;0;0;1;0;264;42;161;69;0;76
2111.45;820;21;21;1;4.48;89;0;55;15;0;52;4;0.42;1.0;1.0;0;0;15;2.62;0.6;2.24;3.1;345;128;14.7;14.31;0.973;0;1;0;0;1;1;0;0;0;1;0;262;42;162;69;0;77
2111.85;807;20;20;1;4.25;90;0;55;15;0;51;3;0.41;1.0;1.0;0;0;15;2.5;0.6;2.15;2.9;345;128;14.7;13.01;0.885;0;1;0;0;1;1;0;0;0;1;0;258;42;161;68;0;76
2112.26;807;20;20;1;4.25;90;0;55;15;0;51;3;0.41;1.0;1.0;0;0;15;2.5;0.6;2.15;2.9;345;128;14.7;13.01;0.885;0;1;0;0;1;1;0;0;0;1;0;257;42;161;69;0;77
2112.66;768;20;20;1;4.32;90;0;55;15;0;51;3;0.41;1.0;1.0;0;0;15;2.5;0.6;2.18;2.8;345;128;14.7;13.01;0.885;0;1;0;0;1;1;0;0;0;1;0;259;42;161;68;0;77
2113.06;807;22;22;1;4.66;87;0;55;15;0;52;4;0.43;1.0;1.0;0;0;15;2.75;0.6;2.3;3.1;345;128;14.7;12.91;0.878;0;1;0;0;1;1;0;0;0;1;0;265;42;164;68;0;73
2113.47;884;22;22;1;4.66;87;0;55;15;0;52;4;0.43;1.0;1.0;0;0;15;2.75;0.6;2.3;3.4;345;128;14.7;12.91;0.878;0;1;0;0;1;1;0;0;0;1;0;263;42;165;69;0;77
2113.87;871;22;22;1;4.68;87;0;55;15;0;52;4;0.43;1.0;1.0;0;0;15;2.75;0.6;2.31;3.4;345;128;14.7;14.31;0.973;0;1;0;0;1;1;0;0;0;1;0;263;42;164;69;0;40
2114.27;845;21;21;1;4.53;87;0;55;15;0;52;4;0.42;1.0;1.0;0;0;15;2.62;0.6;2.25;3.2;345;128;14.7;14.31;0.973;0;1;0;0;1;1;0;0;0;1;0;264;42;164;70;0;77
2114.67;781;21;21;1;4.55;88;0;55;15;0;52;4;0.43;1.0;1.0;0;0;15;2.62;0.6;2.26;3.0;345;128;14.7;14.31;0.973;0;1;0;0;1;1;0;0;0;1;0;263;42;163;69;0;77
2115.07;807;22;22;1;4.6;90;0;55;15;0;52;4;0.43;1.0;1.0;0;0;15;2.75;0.6;2.29;3.1;345;128;14.7;15.51;1.055;0;1;0;0;1;1;0;0;0;1;0;261;42;161;69;0;77
2115.48;845;21;21;1;4.52;90;0;55;15;0;51;4;0.4;1.0;1.0;0;0;15;2.62;0.6;2.26;3.2;345;128;14.7;15.51;1.055;0;1;0;0;1;1;0;0;0;1;0;259;42;161;69;0;74
2115.88;832;21;21;1;4.5;90;0;55;15;0;52;4;0.42;1.0;1.0;0;0;15;2.62;0.6;2.25;3.1;345;128;14.7;13.31;0.905;0;1;0;0;1;1;0;0;0;1;0;262;42;161;70;0;77
2116.28;820;21;21;1;4.42;90;0;55;15;0;52;3;0.42;1.0;1.0;0;0;15;2.62;0.6;2.22;3.0;345;128;14.7;13.31;0.905;0;1;0;0;1;1;0;0;0;1;0;260;42;161;69;0;77
2116.48;820;20;20;1;4.27;90;0;55;15;0;51;3;0.4;1.0;1.0;0;0;15;2.5;0.6;2.16;2.9;345;128;14.7;13.31;0.905;0;1;0;0;1;1;0;0;0;1;0;255;42;161;69;0;76
2116.87;781;19;19;1;4.07;90;0;55;15;0;50;3;0.39;1.0;1.0;0;0;15;2.38;0.6;2.08;2.6;345;128;14.7;13.01;0.885;0;1;0;0;1;1;0;0;0;1;0;248;42;160;69;0;76
2117.29;781;21;21;1;4.55;88;0;55;15;0;52;3;0.43;1.0;1.0;0;0;15;2.62;0.6;2.26;3.0;345;128;14.7;13.01;0.885;0;1;0;0;1;1;0;0;0;1;0;266;42;161;68;0;77
2117.69;807;22;22;1;4.61;87;0;55;15;0;52;4;0.43;1.0;1.0;0;0;15;2.75;0.6;2.28;3.1;345;128;14.7;13.01;0.885;0;1;0;0;1;1;0;0;0;1;0;264;42;164;68;0;77
2118.09;832;21;21;1;4.41;87;0;55;15;0;51;4;0.4;1.0;1.0;0;0;15;2.62;0.6;2.2;3.1;345;128;14.7;14.61;0.994;0;1;0;0;1;1;0;0;0;1;0;258;42;164;68;0;76
2118.48;807;21;21;1;4.47;88;0;55;15;0;51;4;0.41;1.0;1.0;0;0;15;2.62;0.6;2.23;3.0;345;128;14.7;14.61;0.994;0;1;0;0;1;1;0;0;0;1;0;259;42;163;68;0;77
2118.89;820;22;22;1;4.6;90;0;55;15;0;52;4;0.42;1.0;1.0;0;0;15;2.75;0.6;2.29;3.1;345;128;14.7;13.71;0.933;0;1;0;0;1;1;0;0;0;1;0;264;42;161;68;0;77
2119.28;845;20;20;1;4.28;89;0;55;15;0;51;3;0.4;1.0;1.0;0;0;15;2.5;0.6;2.16;3.0;345;128;14.7;13.71;0.933;0;1;0;0;1;1;0;0;0;1;0;259;42;162;68;0;76
2119.69;807;20;20;1;4.25;90;0;55;15;0;51;3;0.41;1.0;1.0;0;0;15;2.5;0.6;2.15;2.9;345;128;14.7;13.71;0.933;0;1;0;0;1;1;0;0;0;1;0;257;42;161;68;0;76
2120.09;820;20;20;1;4.27;90;0;55;15;0;51;3;0.4;1.0;1.0;0;0;15;2.5;0.6;2.16;2.9;345;128;14.7;13.01;0.885;0;1;0;0;1;1;0;0;0;1;0;257;42;161;68;0;76
2120.49;756;22;22;1;4.53;87;0;55;15;0;52;4;0.43;1.0;1.0;0;0;15;2.75;0.6;2.25;2.9;345;128;14.7;13.01;0.885;0;1;0;0;1;1;0;0;0;1;0;261;42;164;68;0;77
2120.9;832;21;21;1;4.48;87;0;55;15;0;52;4;0.42;1.0;1.0;0;0;15;2.62;0.6;2.23;3.1;345;128;14.7;13.81;0.939;0;1;0;0;1;1;0;0;0;1;0;263;42;164;69;0;77
2121.3;832;21;21;1;4.36;87;0;55;15;0;52;3;0.42;1.0;1.0;0;0;15;2.62;0.6;2.18;3.0;345;128;14.7;13.81;0.939;0;1;0;0;1;1;0;0;0;1;0;260;42;164;69;0;76
2121.7;845;20;20;1;4.3;88;0;55;15;0;51;3;0.4;1.0;1.0;0;0;15;2.5;0.6;2.16;3.0;345;128;14.7;13.81;0.939;0;1;0;0;1;1;0;0;0;1;0;259;42;162;68;0;76
2122.1;781;20;20;1;4.25;90;0;55;15;0;51;3;0.41;1.0;1.0;0;0;15;2.5;0.6;2.15;2.8;345;128;14.7;14.81;1.007;0;1;0;0;1;1;0;0;0;1;0;255;42;160;68;0;77
2122.31;781;20;20;1;4.3;90;0;55;15;0;51;3;0.41;1.0;1.0;0;0;15;2.5;0.6;2.17;2.8;345;128;14.7;14.81;1.007;0;1;0;0;1;1;0;0;0;1;0;255;42;160;69;0;72
2122.7;832;22;22;1;4.55;90;0;55;15;0;52;3;0.42;1.0;1.0;0;0;15;2.75;0.6;2.27;3.2;345;128;14.7;14.81;1.007;0;1;0;0;1;1;0;0;0;1;0;261;42;160;69;0;77
2123.11;768;21;21;1;4.53;89;0;55;15;0;52;4;0.43;1.0;1.0;0;0;15;2.62;0.6;2.26;2.9;345;128;14.7;15.81;1.076;0;1;0;0;1;1;0;0;0;1;0;261;42;162;69;0;76
2123.51;807;20;20;1;4.4;90;0;55;15;0;51;3;0.41;1.0;1.0;0;0;15;2.5;0.6;2.21;3.0;345;128;14.7;15.81;1.076;0;1;0;0;1;1;0;0;0;1;0;255;42;160;68;0;76
2123.91;820;21;21;1;4.47;90;0;55;15;0;51;4;0.4;1.0;1.0;0;0;15;2.62;0.6;2.24;3.1;345;128;14.7;15.21;1.035;0;1;0;0;1;1;0;0;0;1;0;258;42;160;68;0;74
2124.31;820;21;21;1;4.47;90;0;55;15;0;52;3;0.42;1.0;1.0;0;0;15;2.62;0.6;2.24;3.1;345;128;14.7;15.21;1.035;0;1;0;0;1;1;0;0;0;1;0;260;42;160;67;0;77
2124.71;807;21;21;1;4.43;87;0;55;15;0;52;3;0.43;1.0;1.0;0;0;15;2.62;0.6;2.21;3.0;345;128;14.7;15.21;1.035;0;1;0;0;1;1;0;0;0;1;0;260;42;164;67;0;39
2125.11;807;22;22;1;4.56;87;0;55;15;0;52;4;0.43;1.0;1.0;0;0;15;2.75;0.6;2.26;3.1;345;128;14.7;13.91;0.946;0;1;0;0;1;1;0;0;0;1;0;263;42;164;67;0;77
2125.53;871;22;22;1;4.7;88;0;55;15;0;52;4;0.43;1.0;1.0;0;0;15;2.75;0.6;2.32;3.4;345;128;14.7;13.91;0.946;0;1;0;0;1;1;0;0;0;1;0;262;42;163;67;0;73
2125.92;820;20;20;1;4.23;87;0;55;15;0;51;3;0.4;1.0;1.0;0;0;15;2.5;0.6;2.13;2.9;345;128;14.7;13.11;0.892;0;1;0;0;1;1;0;0;0;1;0;258;42;164;67;0;76
2126.32;768;22;22;1;4.57;88;0;55;15;0;52;3;0.43;1.0;1.0;0;0;15;2.75;0.6;2.27;2.9;345;128;14.7;13.11;0.892;0;1;0;0;1;1;0;0;0;1;0;261;42;163;67;0;76
2126.73;845;21;21;1;4.47;88;0;55;15;0;52;4;0.42;1.0;1.0;0;0;15;2.62;0.6;2.23;3.1;345;128;14.7;13.11;0.892;0;1;0;0;1;1;0;0;0;1;0;261;42;163;67;0;77
2127.13;781;19;19;1;4.21;87;0;55;15;0;51;3;0.41;1.0;1.0;0;0;15;2.38;0.6;2.12;2.7;345;128;14.7;13.51;0.919;0;1;0;0;1;1;0;0;0;1;0;259;42;164;67;0;77
2127.53;781;22;22;1;4.56;87;0;55;15;0;52;4;0.43;1.0;1.0;0;0;15;2.75;0.6;2.26;3.0;345;128;14.7;13.51;0.919;0;1;0;0;1;1;0;0;0;1;0;266;42;164;67;0;77
2127.93;845;22;22;1;4.61;87;0;55;15;0;52;4;0.42;1.0;1.0;0;0;15;2.75;0.6;2.28;3.2;345;128;14.7;13.51;0.919;0;1;0;0;1;1;0;0;0;1;0;266;42;164;69;0;35
2128.34;871;22;22;1;4.63;87;0;55;15;0;52;4;0.43;1.0;1.0;0;0;15;2.75;0.6;2.29;3.4;345;128;14.7;13.51;0.919;0;1;0;0;1;1;0;0;0;1;0;263;42;164;68;0;77
2128.53;871;22;22;1;4.68;87;0;55;15;0;52;4;0.43;1.0;1.0;0;0;15;2.75;0.6;2.31;3.4;345;128;14.7;13.51;0.919;0;1;0;0;1;1;0;0;0;1;0;264;42;165;68;0;77
2128.95;845;22;22;1;4.61;87;0;55;15;0;52;4;0.42;1.0;1.0;0;0;15;2.75;0.6;2.28;3.2;345;128;14.7;14.61;0.994;0;1;0;0;1;1;0;0;0;1;0;264;42;164;68;0;77
2129.35;768;21;21;1;4.53;87;0;55;15;0;52;3;0.43;1.0;1.0;0;0;15;2.62;0.6;2.25;2.9;345;128;14.7;14.61;0.994;0;1;0;0;1;1;0;0;0;1;0;265;42;164;68;0;77
2129.75;807;22;22;1;4.57;88;0;55;15;0;52;4;0.43;1.0;1.0;0;0;15;2.75;0.6;2.27;3.1;345;128;14.7;14.61;0.994;0;1;0;0;1;1;0;0;0;1;0;262;42;163;68;0;77
2130.15;807;20;20;1;4.27;90;0;55;15;0;51;3;0.41;1.0;1.0;0;0;15;2.5;0.6;2.16;2.9;345;128;14.7;13.11;0.892;0;1;0;0;1;1;0;0;0;1;0;257;42;161;68;0;74
2130.54;807;21;21;1;4.55;90;0;55;15;0;52;4;0.43;1.0;1.0;0;0;15;2.62;0.6;2.27;3.1;345;128;14.7;13.11;0.892;0;1;0;0;1;1;0;0;0;1;0;261;42;161;67;0;73
2130.95;845;22;22;1;4.63;89;0;55;15;0;52;4;0.42;1.0;1.0;0;0;15;2.75;0.6;2.3;3.3;345;128;14.7;12.71;0.865;0;1;0;0;1;1;0;0;0;1;0;261;42;162;67;0;77
2131.35;820;21;21;1;4.55;90;0;55;15;0;52;4;0.42;1.0;1.0;0;0;15;2.62;0.6;2.27;3.1;345;128;14.7;12.71;0.865;0;1;0;0;1;1;0;0;0;1;0;261;42;161;67;0;77
2131.74;871;23;23;1;4.77;90;0;55;15;0;52;4;0.43;1.0;1.0;0;0;15;2.88;0.6;2.36;3.5;345;128;14.47;12.71;0.878;0;1;0;0;1;1;0;0;0;1;0;266;42;161;67;0;77
2132.15;845;22;22;1;4.56;87;0;55;15;0;52;4;0.42;1.0;1.0;0;0;15;2.75;0.6;2.26;3.2;345;128;14.7;13.41;0.912;0;1;0;0;1;1;0;0;0;1;0;265;42;164;67;0;77
2132.56;845;21;21;1;4.51;87;0;55;15;0;52;4;0.42;1.0;1.0;0;0;15;2.62;0.6;2.24;3.2;345;128;14.7;13.41;0.912;0;1;0;0;1;1;0;0;0;1;0;262;42;164;68;0;86
2132.96;845;21;21;1;4.46;87;0;55;15;0;52;4;0.42;1.0;1.0;0;0;15;2.62;0.6;2.22;3.1;345;128;14.7;14.51;0.987;0;1;0;0;1;1;0;0;0;1;0;261;42;164;68;0;77
2133.35;807;20;20;1;4.35;88;0;55;15;0;52;3;0.43;1.0;1.0;0;0;15;2.5;0.6;2.18;2.9;345;128;14.7;14.51;0.987;0;1;0;0;1;1;0;0;0;1;0;260;42;163;69;0;76
2133.77;807;21;21;1;4.55;90;0;55;15;0;52;4;0.43;1.0;1.0;0;0;15;2.62;0.6;2.27;3.1;345;128;14.7;13.61;0.926;0;1;0;0;1;1;0;0;0;1;0;261;42;161;69;0;77
2134.16;807;20;20;1;4.4;90;0;55;15;0;51;3;0.41;1.0;1.0;0;0;15;2.5;0.6;2.21;3.0;345;128;14.7;13.61;0.926;0;1;0;0;1;1;0;0;0;1;0;259;42;161;69;0;77
2134.37;807;22;22;1;4.6;90;0;55;15;0;52;4;0.43;1.0;1.0;0;0;15;2.75;0.6;2.29;3.1;345;128;14.7;13.61;0.926;0;1;0;0;1;1;0;0;0;1;0;263;42;161;70;0;77
2134.76;845;22;22;1;4.66;89;0;55;15;0;52;4;0.42;1.0;1.0;0;0;15;2.75;0.6;2.31;3.3;345;128;14.7;13.61;0.926;0;1;0;0;1;1;0;0;0;1;0;265;42;162;69;0;77
2135.16;845;21;21;1;4.52;90;0;55;15;0;52;4;0.42;1.0;1.0;0;0;15;2.62;0.6;2.26;3.2;345;128;14.7;14.41;0.98;0;1;0;0;1;1;0;0;0;1;0;263;42;161;69;0;77
2135.58;871;22;22;1;4.55;90;0;55;15;0;52;4;0.43;1.0;1.0;0;0;15;2.75;0.6;2.27;3.3;345;128;14.7;14.41;0.98;0;1;0;0;1;1;0;0;0;1;0;262;42;161;69;0;77
2135.98;884;22;22;1;4.57;90;0;55;15;0;52;4;0.43;1.0;1.0;0;0;15;2.75;0.6;2.28;3.4;345;128;14.7;12.41;0.844;0;1;0;0;1;1;0;0;0;1;0;262;42;161;68;0;77
2136.38;807;21;21;1;4.5;90;0;55;15;0;52;4;0.43;1.0;1.0;0;0;15;2.62;0.6;2.25;3.0;345;128;14.7;12.41;0.844;0;1;0;0;1;1;0;0;0;1;0;261;42;161;69;0;77
2136.77;807;20;20;1;4.35;90;0;55;15;0;51;3;0.41;1.0;1.0;0;0;15;2.5;0.6;2.19;2.9;345;128;14.7;12.41;0.844;0;1;0;0;1;1;0;0;0;1;0;259;42;161;69;0;74
2137.17;807;20;20;1;4.25;90;0;55;15;0;51;3;0.41;1.0;1.0;0;0;15;2.5;0.6;2.15;2.9;345;128;14.7;13.71;0.933;0;1;0;0;1;1;0;0;0;1;0;257;42;161;68;0;76
2137.59;781;21;21;1;4.55;90;0;55;15;0;52;3;0.43;1.0;1.0;0;0;15;2.62;0.6;2.27;3.0;345;128;14.7;13.71;0.933;0;1;0;0;1;1;0;0;0;1;0;262;42;160;69;0;77
2137.98;845;22;22;1;4.67;90;0;55;15;0;52;4;0.42;1.0;1.0;0;0;15;2.75;0.6;2.32;3.3;345;128;14.7;14.31;0.973;0;1;0;0;1;1;0;0;0;1;0;265;42;161;70;0;77
2138.38;871;22;22;1;4.65;90;0;55;15;0;52;4;0.43;1.0;1.0;0;0;15;2.75;0.6;2.31;3.4;345;128;14.7;14.31;0.973;0;1;0;0;1;1;0;0;0;1;0;261;42;161;69;0;38
2138.78;871;22;22;1;4.63;89;0;55;15;0;52;4;0.43;1.0;1.0;0;0;15;2.75;0.6;2.3;3.4;345;128;14.7;12.91;0.878;0;1;0;0;1;1;0;0;0;1;0;263;42;162;69;0;77
2139.18;781;23;23;1;4.78;87;0;55;15;0;53;4;0.45;1.0;1.0;0;0;15;2.88;0.6;2.35;3.1;345;128;14.47;12.91;0.892;0;1;0;0;1;1;0;0;0;1;0;268;42;164;69;0;77
2139.6;820;21;21;1;4.48;87;0;55;15;0;52;4;0.42;1.0;1.0;0;0;15;2.62;0.6;2.23;3.1;345;128;14.7;12.91;0.878;0;1;0;0;1;1;0;0;0;1;0;261;42;164;69;0;74
2140.0;832;21;21;1;4.51;87;0;55;15;0;52;4;0.42;1.0;1.0;0;0;15;2.62;0.6;2.24;3.1;345;128;14.7;13.51;0.919;0;1;0;0;1;1;0;0;0;1;0;261;42;164;69;0;77
2140.39;832;22;22;1;4.58;87;0;55;15;0;52;4;0.42;1.0;1.0;0;0;15;2.75;0.6;2.27;3.2;345;128;14.7;13.51;0.919;0;1;0;0;1;1;0;0;0;1;0;266;42;164;69;0;77
2140.58;832;21;21;1;4.55;90;0;55;15;0;52;4;0.42;1.0;1.0;0;0;15;2.62;0.6;2.27;3.2;345;128;14.7;13.51;0.919;0;1;0;0;1;1;0;0;0;1;0;261;42;160;69;0;77
2140.99;820;20;20;1;4.27;90;0;55;15;0;51;3;0.4;1.0;1.0;0;0;15;2.5;0.6;2.16;2.9;345;128;14.7;12.71;0.865;0;1;0;0;1;1;0;0;0;1;0;258;42;161;70;0;76
2141.4;781;22;22;1;4.62;90;0;55;15;0;52;4;0.43;1.0;1.0;0;0;15;2.75;0.6;2.3;3.0;345;128;14.7;12.71;0.865;0;1;0;0;1;1;0;0;0;1;0;262;42;161;70;0;77
2141.81;756;21;21;1;4.52;90;0;55;15;0;52;3;0.43;1.0;1.0;0;0;15;2.62;0.6;2.26;2.8;345;128;14.7;12.71;0.865;0;1;0;0;1;1;0;0;0;1;0;263;42;160;70;0;77
2142.21;807;20;20;1;4.41;91;0;55;15;0;51;3;0.41;1.0;1.0;0;0;15;2.5;0.6;2.22;3.0;345;128;14.7;12.71;0.865;0;1;0;0;1;1;0;0;0;1;0;258;42;159;69;0;76
2142.61;832;20;20;1;4.32;90;0;55;15;0;51;3;0.4;1.0;1.0;0;0;15;2.5;0.6;2.18;3.0;345;128;14.7;12.71;0.865;0;1;0;0;1;1;0;0;0;1;0;258;42;163;70;0;74
2143.02;768;22;22;1;4.55;88;0;55;15;0;52;3;0.43;1.0;1.0;0;0;15;2.75;0.6;2.26;2.9;345;128;14.7;13.01;0.885;0;1;0;0;1;1;0;0;0;1;0;262;42;163;68;0;73
2143.41;820;23;23;1;4.76;87;0;55;15;0;53;4;0.44;1.0;1.0;0;0;15;2.88;0.6;2.34;3.3;345;128;14.47;13.01;0.899;0;1;0;0;1;1;0;0;0;1;0;268;42;164;69;0;77
2143.81;845;22;22;1;4.56;87;0;55;15;0;52;4;0.42;1.0;1.0;0;0;15;2.75;0.6;2.26;3.2;345;128;14.7;13.21;0.899;0;1;0;0;1;1;0;0;0;1;0;266;42;164;70;0;77
2144.21;781;21;21;1;4.51;87;0;55;15;0;52;3;0.43;1.0;1.0;0;0;15;2.62;0.6;2.24;2.9;345;128;14.7;13.21;0.899;0;1;0;0;1;1;0;0;0;1;0;265;42;164;70;0;77
2144.63;820;22;22;1;4.58;89;0;55;15;0;52;4;0.42;1.0;1.0;0;0;15;2.75;0.6;2.28;3.1;345;128;14.7;13.21;0.899;0;1;0;0;1;1;0;0;0;1;0;263;42;162;70;0;77
2145.01;820;22;22;1;4.65;90;0;55;15;0;52;4;0.42;1.0;1.0;0;0;15;2.75;0.6;2.31;3.2;345;128;14.7;13.41;0.912;0;1;0;0;1;1;0;0;0;1;0;263;42;160;69;0;77
2145.41;871;23;23;1;4.75;90;0;55;15;0;52;4;0.43;1.0;1.0;0;0;15;2.88;0.6;2.35;3.4;345;128;14.47;13.41;0.927;0;1;0;0;1;1;0;0;0;1;0;264;42;160;69;0;77
2145.83;845;22;22;1;4.6;90;0;55;15;0;52;4;0.42;1.0;1.0;0;0;15;2.75;0.6;2.29;3.2;345;128;14.7;12.91;0.878;0;1;0;0;1;1;0;0;0;1;0;264;42;160;68;0;77
2146.23;807;21;21;1;4.55;90;0;55;15;0;52;4;0.43;1.0;1.0;0;0;15;2.62;0.6;2.27;3.1;345;128;14.7;12.91;0.878;0;1;0;0;1;1;0;0;0;1;0;263;42;161;68;0;77
2146.62;768;21;21;1;4.55;90;0;55;15;0;52;4;0.43;1.0;1.0;0;0;15;2.62;0.6;2.27;2.9;345;128;14.7;12.91;0.878;0;1;0;0;1;1;0;0;0;1;0;261;42;161;69;0;77
2146.83;807;20;20;1;4.32;90;0;55;15;0;51;3;0.41;1.0;1.0;0;0;15;2.5;0.6;2.18;2.9;345;128;14.7;13.21;0.899;0;1;0;0;1;1;0;0;0;1;0;259;42;160;69;0;76
2147.23;832;22;22;1;4.55;88;0;55;15;0;52;4;0.42;1.0;1.0;0;0;15;2.75;0.6;2.26;3.2;345;128;14.7;13.21;0.899;0;1;0;0;1;1;0;0;0;1;0;265;42;163;69;0;77
2147.64;884;22;22;1;4.62;88;0;55;15;0;52;4;0.43;1.0;1.0;0;0;15;2.75;0.6;2.29;3.4;345;128;14.7;13.21;0.899;0;1;0;0;1;1;0;0;0;1;0;266;42;164;68;0;77
2148.02;922;22;22;1;4.63;87;0;55;15;0;52;4;0.44;1.0;1.0;0;0;15;2.75;0.6;2.29;3.6;345;128;14.7;14.51;0.987;0;1;0;0;1;1;0;0;0;1;0;263;42;164;68;0;77
2148.44;845;21;21;1;4.48;87;0;55;15;0;52;4;0.42;1.0;1.0;0;0;15;2.62;0.6;2.23;3.2;345;128;14.7;14.51;0.987;0;1;0;0;1;1;0;0;0;1;0;262;42;164;69;0;76
2148.83;781;21;21;1;4.56;89;0;55;15;0;52;3;0.43;1.0;1.0;0;0;15;2.62;0.6;2.27;3.0;345;128;14.7;13.01;0.885;0;1;0;0;1;1;0;0;0;1;0;265;42;162;69;0;77
2149.23;832;22;22;1;4.65;90;0;55;15;0;52;4;0.42;1.0;1.0;0;0;15;2.75;0.6;2.31;3.2;345;128;14.7;13.01;0.885;0;1;0;0;1;1;0;0;0;1;0;263;42;161;68;0;77
2149.63;845;22;22;1;4.62;90;0;55;15;0;52;4;0.42;1.0;1.0;0;0;15;2.75;0.6;2.3;3.3;345;128;14.7;13.01;0.885;0;1;0;0;1;1;0;0;0;1;0;262;42;161;69;0;76
2150.04;807;21;21;1;4.55;90;0;55;15;0;52;3;0.43;1.0;1.0;0;0;15;2.62;0.6;2.27;3.1;345;128;14.7;13.21;0.899;0;1;0;0;1;1;0;0;0;1;0;264;42;161;70;0;77
2150.44;807;22;22;1;4.62;90;0;55;15;0;52;4;0.43;1.0;1.0;0;0;15;2.75;0.6;2.3;3.1;345;128;14.7;13.21;0.899;0;1;0;0;1;1;0;0;0;1;0;264;42;161;69;0;77
2150.85;845;22;22;1;4.67;90;0;55;15;0;52;4;0.42;1.0;1.0;0;0;15;2.75;0.6;2.32;3.3;345;128;14.7;13.71;0.933;0;1;0;0;1;1;0;0;0;1;0;264;42;161;68;0;77
2151.23;871;22;22;1;4.58;87;0;55;15;0;52;4;0.43;1.0;1.0;0;0;15;2.75;0.6;2.27;3.3;345;128;14.7;13.71;0.933;0;1;0;0;1;1;0;0;0;1;0;263;42;164;68;0;77
2151.64;768;21;21;1;4.38;87;0;55;15;0;52;3;0.43;1.0;1.0;0;0;15;2.62;0.6;2.19;2.8;345;128;14.7;13.71;0.933;0;1;0;0;1;1;0;0;0;1;0;261;42;164;67;0;87
2152.05;807;22;22;1;4.62;88;0;55;15;0;52;4;0.43;1.0;1.0;0;0;15;2.75;0.6;2.29;3.1;345;128;14.7;13.81;0.939;0;1;0;0;1;1;0;0;0;1;0;263;42;163;68;0;77
2152.44;845;21;21;1;4.41;87;0;55;15;0;52;4;0.42;1.0;1.0;0;0;15;2.62;0.6;2.2;3.1;345;128;14.7;13.81;0.939;0;1;0;0;1;1;0;0;0;1;0;260;42;163;67;0;77
2152.84;756;21;21;1;4.52;90;0;55;15;0;52;3;0.43;1.0;1.0;0;0;15;2.62;0.6;2.26;2.8;345;128;14.7;14.81;1.007;0;1;0;0;1;1;0;0;0;1;0;261;42;161;67;0;38
2153.05;820;23;23;1;4.8;88;0;55;15;0;53;4;0.44;1.0;1.0;0;0;15;2.88;0.6;2.36;3.3;345;128;14.47;14.81;1.023;0;1;0;0;1;1;0;0;0;1;0;268;42;163;67;0;77
2153.46;820;21;21;1;4.4;88;0;55;15;0;52;3;0.42;1.0;1.0;0;0;15;2.62;0.6;2.2;3.0;345;128;14.7;14.81;1.007;0;1;0;0;1;1;0;0;0;1;0;260;42;163;67;0;77
2153.84;768;19;19;1;4.18;87;0;55;15;0;51;3;0.41;1.0;1.0;0;0;15;2.38;0.6;2.11;2.7;345;128;14.7;15.21;1.035;0;1;0;0;1;1;0;0;0;1;0;256;42;164;67;0;76
2154.26;768;22;22;1;4.56;87;0;55;15;0;52;4;0.43;1.0;1.0;0;0;15;2.75;0.6;2.26;2.9;345;128;14.7;15.21;1.035;0;1;0;0;1;1;0;0;0;1;0;260;42;164;67;0;77
2154.66;730;21;21;1;4.48;89;0;55;15;0;52;3;0.43;1.0;1.0;0;0;15;2.62;0.6;2.24;2.7;345;128;14.7;15.21;1.035;0;1;0;0;1;1;0;0;0;1;0;261;42;162;67;0;74
2155.07;730;23;23;1;4.75;88;0;55;15;0;53;3;0.45;1.0;1.0;0;0;15;2.88;0.6;2.34;2.9;345;128;14.47;14.01;0.968;0;1;0;0;1;1;0;0;0;1;0;270;42;163;67;0;74
2155.47;845;23;23;1;4.72;88;0;55;15;0;52;4;0.42;1.0;1.0;0;0;15;2.88;0.6;2.33;3.3;345;128;14.47;14.01;0.968;0;1;0;0;1;1;0;0;0;1;0;267;42;163;67;0;77
2155.85;832;22;22;1;4.57;88;0;55;15;0;52;4;0.42;1.0;1.0;0;0;15;2.75;0.6;2.27;3.2;345;128;14.7;13.21;0.899;0;1;0;0;1;1;0;0;0;1;0;261;42;163;67;0;77
2156.26;832;21;21;1;4.5;88;0;55;15;0;52;4;0.42;1.0;1.0;0;0;15;2.62;0.6;2.24;3.1;345;128;14.7;13.21;0.899;0;1;0;0;1;1;0;0;0;1;0;265;42;164;67;0;77
2156.66;807;21;21;1;4.52;88;0;55;15;0;52;4;0.43;1.0;1.0;0;0;15;2.62;0.6;2.25;3.0;345;128;14.7;13.21;0.899;0;1;0;0;1;1;0;0;0;1;0;266;42;163;67;0;77
2157.06;820;21;21;1;4.5;88;0;55;15;0;52;4;0.42;1.0;1.0;0;0;15;2.62;0.6;2.24;3.1;345;128;14.7;13.61;0.926;0;1;0;0;1;1;0;0;0;1;0;261;42;163;68;0;77
2157.47;768;19;19;1;4.18;87;0;55;15;0;51;3;0.41;1.0;1.0;0;0;15;2.38;0.6;2.11;2.7;345;128;14.7;13.61;0.926;0;1;0;0;1;1;0;0;0;1;0;259;42;164;70;0;76
2157.88;807;22;22;1;4.56;87;0;55;15;0;52;4;0.43;1.0;1.0;0;0;15;2.75;0.6;2.26;3.1;345;128;14.7;14.21;0.967;0;1;0;0;1;1;0;0;0;1;0;265;42;164;68;0;77
2158.28;845;22;22;1;4.53;87;0;55;15;0;52;4;0.42;1.0;1.0;0;0;15;2.75;0.6;2.25;3.2;345;128;14.7;14.21;0.967;0;1;0;0;1;1;0;0;0;1;0;264;42;164;69;0;77
2158.67;871;22;22;1;4.61;87;0;55;15;0;52;4;0.43;1.0;1.0;0;0;15;2.75;0.6;2.28;3.3;345;128;14.7;14.21;0.967;0;1;0;0;1;1;0;0;0;1;0;264;42;164;68;0;77
2159.07;820;22;22;1;4.56;87;0;55;15;0;52;4;0.42;1.0;1.0;0;0;15;2.75;0.6;2.26;3.1;345;128;14.7;13.41;0.912;0;1;0;0;1;1;0;0;0;1;0;262;42;164;67;0;73
2159.26;756;21;21;1;4.48;87;0;55;15;0;52;3;0.43;1.0;1.0;0;0;15;2.62;0.6;2.23;2.8;345;128;14.7;13.41;0.912;0;1;0;0;1;1;0;0;0;1;0;262;42;164;67;0;76
2159.69;781;22;22;1;4.63;89;0;55;15;0;52;4;0.43;1.0;1.0;0;0;15;2.75;0.6;2.3;3.0;345;128;14.7;13.41;0.912;0;1;0;0;1;1;0;0;0;1;0;265;42;162;67;0;77
2160.09;845;22;22;1;4.6;88;0;55;15;0;52;4;0.42;1.0;1.0;0;0;15;2.75;0.6;2.28;3.2;345;128;14.7;13.11;0.892;0;1;0;0;1;1;0;0;0;1;0;262;42;163;67;0;76
2160.5;768;21;21;1;4.47;88;0;55;15;0;51;3;0.41;1.0;1.0;0;0;15;2.62;0.6;2.23;2.9;345;128;14.7;13.11;0.892;0;1;0;0;1;1;0;0;0;1;0;259;42;163;67;0;77
2160.89;820;20;20;1;4.27;90;0;55;15;0;51;3;0.4;1.0;1.0;0;0;15;2.5;0.6;2.16;2.9;345;128;14.7;13.31;0.905;0;1;0;0;1;1;0;0;0;1;0;259;42;160;67;0;76
2161.29;756;23;23;1;4.77;88;0;55;15;0;53;4;0.45;1.0;1.0;0;0;15;2.88;0.6;2.35;3.0;345;128;14.47;13.31;0.92;0;1;0;0;1;1;0;0;0;1;0;268;42;163;67;0;77
2161.7;807;22;22;1;4.55;88;0;55;15;0;52;4;0.43;1.0;1.0;0;0;15;2.75;0.6;2.26;3.1;345;128;14.7;13.31;0.905;0;1;0;0;1;1;0;0;0;1;0;265;42;163;67;0;77
2162.1;781;20;20;1;4.23;87;0;55;15;0;51;3;0.41;1.0;1.0;0;0;15;2.5;0.6;2.13;2.8;345;128;14.7;13.81;0.939;0;1;0;0;1;1;0;0;0;1;0;254;42;164;67;0;76
2162.49;820;23;23;1;4.71;87;0;55;15;0;53;4;0.44;1.0;1.0;0;0;15;2.88;0.6;2.32;3.2;345;128;14.47;13.81;0.954;0;1;0;0;1;1;0;0;0;1;0;269;42;164;67;0;77
2162.89;820;21;21;1;4.51;87;0;55;15;0;52;4;0.42;1.0;1.0;0;0;15;2.62;0.6;2.24;3.1;345;128;14.7;13.61;0.926;0;1;0;0;1;1;0;0;0;1;0;265;42;164;67;0;77
2163.28;807;22;22;1;4.53;87;0;55;15;0;52;4;0.43;1.0;1.0;0;0;15;2.75;0.6;2.25;3.0;345;128;14.7;13.61;0.926;0;1;0;0;1;1;0;0;0;1;0;262;42;164;67;0;77
2163.71;807;22;22;1;4.63;87;0;55;15;0;52;4;0.43;1.0;1.0;0;0;15;2.75;0.6;2.29;3.1;345;128;14.7;13.61;0.926;0;1;0;0;1;1;0;0;0;1;0;264;42;164;68;0;77
2164.1;820;21;21;1;4.51;87;0;55;15;0;52;4;0.42;1.0;1.0;0;0;15;2.62;0.6;2.24;3.1;345;128;14.7;14.61;0.994;0;1;0;0;1;1;0;0;0;1;0;265;42;164;67;0;77
2164.49;845;21;21;1;4.51;87;0;55;15;0;52;4;0.42;1.0;1.0;0;0;15;2.62;0.6;2.24;3.2;345;128;14.7;14.61;0.994;0;1;0;0;1;1;0;0;0;1;0;263;42;164;67;0;77
2164.91;807;21;21;1;4.51;87;0;55;15;0;52;4;0.43;1.0;1.0;0;0;15;2.62;0.6;2.24;3.0;345;128;14.7;14.61;0.994;0;1;0;0;1;1;0;0;0;1;0;263;42;164;68;0;77
2165.3;781;22;22;1;4.58;87;0;55;15;0;52;4;0.43;1.0;1.0;0;0;15;2.75;0.6;2.27;3.0;345;128;14.7;14.61;0.994;0;1;0;0;1;1;0;0;0;1;0;264;42;164;68;0;77
2165.5;845;22;22;1;4.58;89;0;55;15;0;52;4;0.42;1.0;1.0;0;0;15;2.75;0.6;2.28;3.2;345;128;14.7;14.61;0.994;0;1;0;0;1;1;0;0;0;1;0;265;42;164;68;0;39
2165.91;832;22;22;1;4.56;87;0;55;15;0;52;4;0.42;1.0;1.0;0;0;15;2.75;0.6;2.26;3.2;345;128;14.7;13.11;0.892;0;1;0;0;1;1;0;0;0;1;0;264;42;164;68;0;77
2166.3;832;22;22;1;4.53;87;0;55;15;0;52;4;0.42;1.0;1.0;0;0;15;2.75;0.6;2.25;3.1;345;128;14.7;13.11;0.892;0;1;0;0;1;1;0;0;0;1;0;262;42;164;68;0;77
2166.7;768;22;22;1;4.61;87;0;55;15;0;52;4;0.43;1.0;1.0;0;0;15;2.75;0.6;2.28;3.0;345;128;14.7;13.11;0.892;0;1;0;0;1;1;0;0;0;1;0;266;42;164;69;0;88
2167.11;832;22;22;1;4.6;88;0;55;15;0;52;4;0.42;1.0;1.0;0;0;15;2.75;0.6;2.28;3.2;345;128;14.7;14.61;0.994;0;1;0;0;1;1;0;0;0;1;0;267;42;163;69;0;77
2167.51;832;21;21;1;4.51;87;0;55;15;0;52;4;0.42;1.0;1.0;0;0;15;2.62;0.6;2.24;3.1;345;128;14.7;14.61;0.994;0;1;0;0;1;1;0;0;0;1;0;262;42;164;70;0;77
2167.93;781;21;21;1;4.5;88;0;55;15;0;52;4;0.43;1.0;1.0;0;0;15;2.62;0.6;2.24;2.9;345;128;14.7;13.31;0.905;0;1;0;0;1;1;0;0;0;1;0;260;42;163;70;0;76
2168.33;807;22;22;1;4.53;87;0;55;15;0;52;4;0.43;1.0;1.0;0;0;15;2.75;0.6;2.25;3.0;345;128;14.7;13.31;0.905;0;1;0;0;1;1;0;0;0;1;0;260;42;164;70;0;73
2168.73;820;23;23;1;4.78;87;0;55;15;0;53;4;0.44;1.0;1.0;0;0;15;2.88;0.6;2.35;3.3;345;128;14.47;13.31;0.92;0;1;0;0;1;1;0;0;0;1;0;270;42;164;69;0;77
2169.13;781;22;22;1;4.53;87;0;55;15;0;52;3;0.43;1.0;1.0;0;0;15;2.75;0.6;2.25;2.9;345;128;14.7;12.51;0.851;0;1;0;0;1;1;0;0;0;1;0;265;42;164;70;0;77
2169.53;807;21;21;1;4.51;87;0;55;15;0;52;4;0.43;1.0;1.0;0;0;15;2.62;0.6;2.24;3.0;345;128;14.7;12.51;0.851;0;1;0;0;1;1;0;0;0;1;0;264;42;164;69;0;77
2169.93;845;22;22;1;4.66;87;0;55;15;0;52;4;0.42;1.0;1.0;0;0;15;2.75;0.6;2.3;3.3;345;128;14.7;13.81;0.939;0;1;0;0;1;1;0;0;0;1;0;265;42;164;68;0;77
2170.34;832;21;21;1;4.51;87;0;55;15;0;52;4;0.42;1.0;1.0;0;0;15;2.62;0.6;2.24;3.1;345;128;14.7;13.81;0.939;0;1;0;0;1;1;0;0;0;1;0;263;42;164;68;0;77
2170.72;807;21;21;1;4.5;88;0;55;15;0;52;4;0.43;1.0;1.0;0;0;15;2.62;0.6;2.24;3.0;345;128;14.7;13.81;0.939;0;1;0;0;1;1;0;0;0;1;0;261;42;163;69;0;77
2171.13;807;20;20;1;4.36;89;0;55;15;0;51;3;0.41;1.0;1.0;0;0;15;2.5;0.6;2.19;2.9;345;128;14.7;13.91;0.946;0;1;0;0;1;1;0;0;0;1;0;258;42;162;68;0;76
2171.54;768;23;23;1;4.8;88;0;55;15;0;53;4;0.45;1.0;1.0;0;0;15;2.88;0.6;2.36;3.1;345;128;14.47;13.91;0.961;0;1;0;0;1;1;0;0;0;1;0;268;42;164;68;0;75
2171.73;781;22;22;1;4.55;88;0;55;15;0;52;4;0.43;1.0;1.0;0;0;15;2.75;0.6;2.26;3.0;345;128;14.7;13.91;0.946;0;1;0;0;1;1;0;0;0;1;0;266;42;163;69;0;77
2172.15;807;22;22;1;4.57;90;0;55;15;0;52;4;0.43;1.0;1.0;0;0;15;2.75;0.6;2.28;3.1;345;128;14.7;13.11;0.892;0;1;0;0;1;1;0;0;0;1;0;263;42;161;69;0;77
2172.53;845;22;22;1;4.75;90;0;55;15;0;52;4;0.42;1.0;1.0;0;0;15;2.75;0.6;2.35;3.3;345;128;14.7;13.11;0.892;0;1;0;0;1;1;0;0;0;1;0;265;42;160;69;0;77
2172.94;871;21;21;1;4.47;90;0;55;15;0;52;4;0.43;1.0;1.0;0;0;15;2.62;0.6;2.24;3.2;345;128;14.7;13.81;0.939;0;1;0;0;1;1;0;0;0;1;0;260;42;160;69;0;77
2173.33;781;22;22;1;4.6;90;0;55;15;0;52;3;0.43;1.0;1.0;0;0;15;2.75;0.6;2.29;3.0;345;128;14.7;13.81;0.939;0;1;0;0;1;1;0;0;0;1;0;262;42;160;70;0;38
2173.74;832;23;23;1;4.75;88;0;55;15;0;53;4;0.44;1.0;1.0;0;0;15;2.88;0.6;2.34;3.3;345;128;14.47;13.81;0.954;0;1;0;0;1;1;0;0;0;1;0;269;42;163;70;0;77
2174.15;884;22;22;1;4.62;88;0;55;15;0;52;4;0.43;1.0;1.0;0;0;15;2.75;0.6;2.29;3.4;345;128;14.7;13.41;0.912;0;1;0;0;1;1;0;0;0;1;0;263;42;163;69;0;73
2174.55;820;20;20;1;4.4;88;0;55;15;0;52;3;0.42;1.0;1.0;0;0;15;2.5;0.6;2.2;3.0;345;128;14.7;13.41;0.912;0;1;0;0;1;1;0;0;0;1;0;260;42;163;69;0;77
2174.94;768;21;21;1;4.52;88;0;55;15;0;52;3;0.43;1.0;1.0;0;0;15;2.62;0.6;2.25;2.9;345;128;14.7;14.11;0.96;0;1;0;0;1;1;0;0;0;1;0;261;42;163;70;0;77
2175.36;820;21;21;1;4.57;90;0;55;15;0;52;3;0.42;1.0;1.0;0;0;15;2.62;0.6;2.28;3.1;345;128;14.7;14.11;0.96;0;1;0;0;1;1;0;0;0;1;0;267;42;161;69;0;77
2175.75;768;23;23;1;4.82;88;0;55;15;0;53;4;0.45;1.0;1.0;0;0;15;2.88;0.6;2.37;3.1;345;128;14.47;14.11;0.975;0;1;0;0;1;1;0;0;0;1;0;268;42;163;70;0;77
2176.17;845;22;22;1;4.55;88;0;55;15;0;52;4;0.42;1.0;1.0;0;0;15;2.75;0.6;2.26;3.2;345;128;14.7;14.31;0.973;0;1;0;0;1;1;0;0;0;1;0;265;42;163;70;0;77
2176.55;845;21;21;1;4.43;87;0;55;15;0;52;4;0.42;1.0;1.0;0;0;15;2.62;0.6;2.21;3.1;345;128;14.7;14.31;0.973;0;1;0;0;1;1;0;0;0;1;0;260;42;163;70;0;73
2176.96;781;22;22;1;4.55;88;0;55;15;0;52;3;0.43;1.0;1.0;0;0;15;2.75;0.6;2.26;3.0;345;128;14.7;15.01;1.021;0;1;0;0;1;1;0;0;0;1;0;261;42;163;69;0;73
2177.36;832;22;22;1;4.58;87;0;55;15;0;52;4;0.42;1.0;1.0;0;0;15;2.75;0.6;2.27;3.2;345;128;14.7;15.01;1.021;0;1;0;0;1;1;0;0;0;1;0;264;42;164;69;0;89
2177.56;884;22;22;1;4.6;90;0;55;15;0;52;4;0.43;1.0;1.0;0;0;15;2.75;0.6;2.29;3.4;345;128;14.7;15.01;1.021;0;1;0;0;1;1;0;0;0;1;0;261;42;161;68;0;73
2177.97;768;22;22;1;4.62;90;0;55;15;0;52;3;0.43;1.0;1.0;0;0;15;2.75;0.6;2.3;3.0;345;128;14.7;14.21;0.967;0;1;0;0;1;1;0;0;0;1;0;261;42;160;68;0;77
2178.36;845;22;22;1;4.68;91;0;55;15;0;52;4;0.42;1.0;1.0;0;0;15;2.75;0.6;2.33;3.3;345;128;14.7;14.21;0.967;0;1;0;0;1;1;0;0;0;1;0;263;42;160;68;0;77
2178.77;756;21;21;1;4.43;91;0;55;15;0;51;3;0.41;1.0;1.0;0;0;15;2.62;0.6;2.23;2.8;345;128;14.7;14.21;0.967;0;1;0;0;1;1;0;0;0;1;0;259;42;159;68;0;76
2179.17;832;21;21;1;4.55;90;0;55;15;0;52;3;0.42;1.0;1.0;0;0;15;2.62;0.6;2.27;3.2;345;128;14.7;15.51;1.055;0;1;0;0;1;1;0;0;0;1;0;260;42;160;69;0;77
2179.56;820;22;22;1;4.6;88;0;55;15;0;52;4;0.42;1.0;1.0;0;0;15;2.75;0.6;2.28;3.1;345;128;14.7;15.51;1.055;0;1;0;0;1;1;0;0;0;1;0;262;42;163;68;0;74
2179.96;884;22;22;1;4.65;88;0;55;15;0;52;4;0.43;1.0;1.0;0;0;15;2.75;0.6;2.3;3.4;345;128;14.7;12.91;0.878;0;1;0;0;1;1;0;0;0;1;0;264;42;163;69;0;77
2180.38;820;20;20;1;4.22;88;0;55;15;0;51;3;0.4;1.0;1.0;0;0;15;2.5;0.6;2.13;2.9;345;128;14.7;12.91;0.878;0;1;0;0;1;1;0;0;0;1;0;253;42;163;70;0;76
2180.77;768;20;20;1;4.3;88;0;55;15;0;51;3;0.41;1.0;1.0;0;0;15;2.5;0.6;2.16;2.8;345;128;14.7;12.91;0.878;0;1;0;0;1;1;0;0;0;1;0;258;42;163;69;0;77
2181.16;832;20;20;1;4.3;88;0;55;15;0;51;3;0.4;1.0;1.0;0;0;15;2.5;0.6;2.16;3.0;345;128;14.7;13.61;0.926;0;1;0;0;1;1;0;0;0;1;0;258;42;163;69;0;76
2181.59;781;21;21;1;4.52;90;0;55;15;0;52;3;0.43;1.0;1.0;0;0;15;2.62;0.6;2.26;2.9;345;128;14.7;13.61;0.926;0;1;0;0;1;1;0;0;0;1;0;260;42;161;70;0;77
2181.99;832;22;22;1;4.55;90;0;55;15;0;52;4;0.42;1.0;1.0;0;0;15;2.75;0.6;2.27;3.2;345;128;14.7;13.41;0.912;0;1;0;0;1;1;0;0;0;1;0;262;42;160;70;0;77
2182.39;756;20;20;1;4.25;90;0;55;15;0;51;3;0.41;1.0;1.0;0;0;15;2.5;0.6;2.15;2.7;345;128;14.7;13.41;0.912;0;1;0;0;1;1;0;0;0;1;0;255;42;160;70;0;76
2182.77;832;22;22;1;4.65;90;0;55;15;0;52;4;0.42;1.0;1.0;0;0;15;2.75;0.6;2.31;3.2;345;128;14.7;13.41;0.912;0;1;0;0;1;1;0;0;0;1;0;267;42;160;70;0;74
2183.2;871;20;20;1;4.32;90;0;55;15;0;51;3;0.41;1.0;1.0;0;0;15;2.5;0.6;2.18;3.1;345;128;14.7;15.31;1.041;0;1;0;0;1;1;0;0;0;1;0;259;42;160;69;0;76
2183.59;820;20;20;1;4.25;90;0;55;15;0;51;3;0.4;1.0;1.0;0;0;15;2.5;0.6;2.15;2.9;345;128;14.7;15.31;1.041;0;1;0;0;1;1;0;0;0;1;0;257;42;160;69;0;76
2184.0;807;20;20;1;4.35;90;0;55;15;0;51;3;0.41;1.0;1.0;0;0;15;2.5;0.6;2.19;2.9;345;128;14.7;13.31;0.905;0;1;0;0;1;1;0;0;0;1;0;257;42;160;68;0;76
2184.18;820;23;23;1;4.7;88;0;55;15;0;52;4;0.42;1.0;1.0;0;0;15;2.88;0.6;2.32;3.2;345;128;14.47;13.31;0.92;0;1;0;0;1;1;0;0;0;1;0;265;42;164;67;0;77
2184.6;781;21;21;1;4.46;87;0;55;15;0;52;3;0.43;1.0;1.0;0;0;15;2.62;0.6;2.22;2.9;345;128;14.7;13.31;0.905;0;1;0;0;1;1;0;0;0;1;0;260;42;163;68;0;76
2184.99;807;20;20;1;4.35;88;0;55;15;0;51;3;0.41;1.0;1.0;0;0;15;2.5;0.6;2.18;2.9;345;128;14.7;12.81;0.871;0;1;0;0;1;1;0;0;0;1;0;258;42;163;67;0;76
2185.39;820;21;21;1;4.37;88;0;55;15;0;51;3;0.4;1.0;1.0;0;0;15;2.62;0.6;2.19;3.0;345;128;14.7;12.81;0.871;0;1;0;0;1;1;0;0;0;1;0;259;42;163;67;0;76
2185.8;807;20;20;1;4.26;87;0;55;15;0;51;3;0.41;1.0;1.0;0;0;15;2.5;0.6;2.14;2.9;345;128;14.7;12.81;0.871;0;1;0;0;1;1;0;0;0;1;0;259;42;164;67;0;76
2186.2;807;22;22;1;4.56;87;0;55;15;0;52;4;0.43;1.0;1.0;0;0;15;2.75;0.6;2.26;3.1;345;128;14.7;13.01;0.885;0;1;0;0;1;1;0;0;0;1;0;264;42;164;68;0;73
2186.61;871;22;22;1;4.67;90;0;55;15;0;52;4;0.43;1.0;1.0;0;0;15;2.75;0.6;2.32;3.4;345;128;14.7;13.01;0.885;0;1;0;0;1;1;0;0;0;1;0;264;42;161;68;0;77
2187.01;871;22;22;1;4.67;90;0;55;15;0;52;4;0.43;1.0;1.0;0;0;15;2.75;0.6;2.32;3.4;345;128;14.7;13.51;0.919;0;1;0;0;1;1;0;0;0;1;0;264;42;161;68;0;77
2187.4;807;21;21;1;4.55;90;0;55;15;0;52;4;0.43;1.0;1.0;0;0;15;2.62;0.6;2.27;3.1;345;128;14.7;13.51;0.919;0;1;0;0;1;1;0;0;0;1;0;265;42;161;68;0;77
2187.81;807;21;21;1;4.57;90;0;55;15;0;52;4;0.43;1.0;1.0;0;0;15;2.62;0.6;2.28;3.1;345;128;14.7;13.51;0.919;0;1;0;0;1;1;0;0;0;1;0;264;42;161;68;0;77
2188.2;832;21;21;1;4.55;90;0;55;15;0;52;4;0.42;1.0;1.0;0;0;15;2.62;0.6;2.27;3.2;345;128;14.7;13.11;0.892;0;1;0;0;1;1;0;0;0;1;0;261;42;161;68;0;86
2188.61;820;20;20;1;4.27;90;0;55;15;0;51;3;0.4;1.0;1.0;0;0;15;2.5;0.6;2.16;2.9;345;128;14.7;13.11;0.892;0;1;0;0;1;1;0;0;0;1;0;259;42;161;67;0;77
2189.0;807;21;21;1;4.42;90;0;55;15;0;52;4;0.43;1.0;1.0;0;0;15;2.62;0.6;2.22;3.0;345;128;14.7;13.41;0.912;0;1;0;0;1;1;0;0;0;1;0;260;42;161;68;0;77
2189.42;807;22;22;1;4.58;89;0;55;15;0;52;4;0.43;1.0;1.0;0;0;15;2.75;0.6;2.28;3.1;345;128;14.7;13.41;0.912;0;1;0;0;1;1;0;0;0;1;0;263;42;162;68;0;77
2189.81;832;22;22;1;4.62;90;0;55;15;0;52;4;0.42;1.0;1.0;0;0;15;2.75;0.6;2.3;3.2;345;128;14.7;13.41;0.912;0;1;0;0;1;1;0;0;0;1;0;262;42;161;68;0;77
2190.22;820;21;21;1;4.52;90;0;55;15;0;52;4;0.42;1.0;1.0;0;0;15;2.62;0.6;2.26;3.1;345;128;14.7;12.21;0.831;0;1;0;0;1;1;0;0;0;1;0;262;42;161;68;0;77
2190.42;845;22;22;1;4.65;90;0;55;15;0;52;4;0.42;1.0;1.0;0;0;15;2.75;0.6;2.31;3.3;345;128;14.7;12.21;0.831;0;1;0;0;1;1;0;0;0;1;0;260;42;161;68;0;77
2190.82;807;21;21;1;4.55;90;0;55;15;0;52;4;0.43;1.0;1.0;0;0;15;2.62;0.6;2.27;3.1;345;128;14.7;12.21;0.831;0;1;0;0;1;1;0;0;0;1;0;261;42;161;68;0;73
2191.21;820;21;21;1;4.55;90;0;55;15;0;52;4;0.42;1.0;1.0;0;0;15;2.62;0.6;2.27;3.1;345;128;14.7;11.81;0.803;0;1;0;0;1;1;0;0;0;1;0;261;42;161;68;0;77
2191.62;820;22;22;1;4.6;90;0;55;15;0;52;4;0.42;1.0;1.0;0;0;15;2.75;0.6;2.29;3.1;345;128;14.7;11.81;0.803;0;1;0;0;1;1;0;0;0;1;0;261;42;161;68;0;77
2192.01;820;22;22;1;4.57;90;0;55;15;0;52;4;0.42;1.0;1.0;0;0;15;2.75;0.6;2.28;3.1;345;128;14.7;13.21;0.899;0;1;0;0;1;1;0;0;0;1;0;261;42;161;68;0;77
2192.43;832;21;21;1;4.57;90;0;55;15;0;52;4;0.42;1.0;1.0;0;0;15;2.62;0.6;2.28;3.2;345;128;14.7;13.21;0.899;0;1;0;0;1;1;0;0;0;1;0;262;42;160;67;0;77
2192.82;832;22;22;1;4.65;90;0;55;15;0;52;4;0.42;1.0;1.0;0;0;15;2.75;0.6;2.31;3.2;345;128;14.7;13.21;0.899;0;1;0;0;1;1;0;0;0;1;0;264;42;161;67;0;77
2193.22;845;23;23;1;4.85;90;0;55;15;0;53;4;0.44;1.0;1.0;0;0;15;2.88;0.6;2.39;3.4;345;128;14.47;13.41;0.927;0;1;0;0;1;1;0;0;0;1;0;269;42;161;67;0;77
2193.62;845;20;20;1;4.37;90;0;55;15;0;52;4;0.42;1.0;1.0;0;0;15;2.5;0.6;2.2;3.1;345;128;14.7;13.41;0.912;0;1;0;0;1;1;0;0;0;1;0;260;42;161;67;0;77
2194.02;896;22;22;1;4.62;90;0;55;16;0;52;4;0.43;1.0;1.0;0;0;15;2.75;0.6;2.3;3.4;345;128;14.7;14.31;0.973;0;1;0;0;0;1;0;0;0;1;0;264;42;160;66;0;77
2194.44;717;23;23;1;4.73;87;0;55;15;0;53;4;0.45;1.0;1.0;0;0;15;2.88;0.6;2.33;2.8;345;128;14.47;14.31;0.989;0;1;0;0;1;1;0;0;0;1;0;269;42;164;67;0;78
2194.85;628;28;28;1;5.62;90;0;55;15;0;56;4;0.52;1.0;1.0;0;0;15;3.5;0.6;2.7;2.9;345;128;14.7;14.31;0.973;0;1;0;0;1;1;0;0;0;1;0;295;42;161;67;0;83
2195.24;653;32;32;1;6.17;90;0;55;15;0;60;4;0.53;1.0;1.0;0;0;15;4.0;0.6;2.92;3.4;345;128;14.7;12.11;0.824;0;1;0;0;1;1;0;0;0;1;0;323;42;161;67;0;85
2195.63;832;29;29;1;5.76;89;0;55;15;0;57;5;0.5;1.0;1.0;0;0;15;3.62;0.6;2.75;4.0;345;128;14.47;12.11;0.837;0;1;0;0;1;1;0;0;0;1;0;305;42;162;67;0;82
2196.05;832;25;25;1;5.18;87;0;50;20;0;55;4;0.48;1.0;1.0;0;0;20;3.12;0.6;2.51;3.6;345;128;14.47;12.11;0.837;0;1;0;0;0;1;0;0;0;1;0;287;42;164;68;0;81
2196.45;704;25;25;1;5.11;89;0;50;20;0;55;4;0.48;1.0;1.0;0;0;20;3.12;0.6;2.49;3.0;345;128;14.47;12.11;0.837;0;1;0;0;0;1;0;0;0;1;0;290;42;162;67;0;82
2196.63;628;32;32;1;6.12;90;0;50;20;0;61;4;0.54;1.0;1.0;0;0;20;4.0;0.6;2.9;3.2;345;128;14.7;12.11;0.824;0;1;0;0;0;1;0;0;0;1;0;332;42;161;68;0;82
2197.05;820;46;46;9;8.33;89;0;47;23;0;78;8;0.59;1.0;1.0;0;0;23;5.75;5.2;3.78;5.7;345;128;14.7;13.52;0.92;0;1;0;0;0;0;0;0;0;1;0;459;58;162;68;0;106
2197.45;1306;37;37;1;6.96;87;0;43;20;0;61;11;0.61;1.0;1.0;0;0;27;4.62;0.6;3.22;7.6;345;128;14.7;13.52;0.92;0;1;0;0;0;1;0;0;0;1;0;333;43;164;67;0;85
2197.84;935;28;28;1;5.53;87;0;50;20;0;56;6;0.52;1.0;1.0;0;0;20;3.5;0.6;2.65;4.3;345;128;14.47;13.52;0.934;0;1;0;0;0;1;0;0;0;1;0;298;42;164;67;0;83
2198.26;948;31;31;1;6.01;87;0;50;20;0;58;6;0.53;1.0;1.0;0;0;20;3.88;0.6;2.84;4.7;345;128;14.59;12.91;0.885;0;1;0;0;0;1;0;0;0;1;0;311;43;164;67;0;84
2198.65;986;29;29;1;5.76;89;0;50;20;0;57;6;0.53;1.0;1.0;0;0;20;3.62;0.6;2.75;4.7;345;128;14.47;12.91;0.892;0;1;0;0;0;1;0;0;0;1;0;307;42;162;67;0;84
2199.05;986;30;30;1;5.87;88;0;50;20;0;56;6;0.53;1.0;1.0;0;0;20;3.75;0.6;2.79;4.8;345;128;14.47;12.91;0.892;0;1;0;0;0;1;0;0;0;1;0;296;42;163;67;0;83
2199.46;922;28;28;1;5.57;90;0;50;20;0;56;6;0.52;1.0;1.0;0;0;20;3.5;0.6;2.68;4.3;345;128;14.47;12.91;0.892;0;1;0;0;0;1;0;0;0;1;0;293;42;161;67;0;83
2199.87;884;28;28;1;5.61;89;0;50;20;0;56;5;0.51;1.0;1.0;0;0;20;3.5;0.6;2.69;4.1;345;128;14.47;12.91;0.892;0;1;0;0;0;1;0;0;0;1;0;296;42;162;66;0;82
2200.27;1050;28;28;1;5.61;89;0;50;20;0;55;6;0.52;1.0;1.0;0;0;20;3.5;0.6;2.69;4.9;345;128;14.7;13.01;0.885;0;1;0;0;0;1;0;0;0;1;0;284;42;162;66;0;82
2200.67;845;22;22;1;4.7;88;0;50;20;0;53;4;0.44;1.0;1.0;0;0;20;2.75;0.6;2.32;3.3;345;128;14.7;13.01;0.885;0;1;0;0;0;1;0;0;0;1;0;272;42;163;66;0;77
2201.07;704;29;29;1;5.72;90;0;50;20;0;58;4;0.52;1.0;1.0;0;0;20;3.62;0.6;2.74;3.4;345;128;14.47;12.31;0.851;0;1;0;0;0;1;0;0;0;1;0;311;42;161;66;0;84
2201.46;948;61;61;12;11;90;0;57;17;0;88;12;0.7;1.0;1.0;0;0;13;7.62;7.0;4.75;8.5;345;128;13.94;12.31;0.883;0;1;0;0;0;0;0;0;0;1;0;532;64;161;66;0;106
2201.88;1511;45;45;7;8.2;88;0;33;37;0;69;15;0.64;1.0;1.0;0;0;37;5.62;4.1;3.72;10.3;345;128;14.7;12.31;0.837;0;1;0;0;0;0;0;0;0;1;0;395;55;163;66;0;99
2202.28;1345;34;34;1;6.52;88;0;35;20;0;58;11;0.59;1.0;1.0;0;0;35;4.25;0.6;3.05;7.3;345;128;14.7;13.41;0.912;0;1;0;0;0;1;0;0;0;1;0;315;43;163;66;0;85
2202.47;1114;30;30;1;5.82;88;0;50;20;0;56;7;0.55;1.0;1.0;0;0;20;3.75;0.6;2.77;5.4;345;128;14.7;13.41;0.912;0;1;0;0;0;1;0;0;0;1;0;295;42;163;66;0;76
2202.86;935;30;30;1;6.0;90;0;50;20;0;60;6;0.53;1.0;1.0;0;0;20;3.75;0.6;2.85;4.7;345;128;14.47;13.41;0.927;0;1;0;0;0;1;0;0;0;1;0;323;42;161;66;0;78
2203.27;845;32;32;1;6.23;89;0;50;20;0;61;6;0.52;1.0;1.0;0;0;20;4.0;0.6;2.94;4.4;345;128;14.59;14.41;0.988;0;1;0;0;0;1;0;0;0;1;0;329;43;162;66;0;85
2203.67;973;32;32;1;6.3;90;0;50;20;0;60;7;0.55;1.0;1.0;0;0;20;4.0;0.6;2.97;5.1;345;128;14.59;14.41;0.988;0;1;0;0;0;1;0;0;0;1;0;326;43;161;66;0;85
2204.09;973;30;30;1;5.9;88;0;50;20;0;57;7;0.53;1.0;1.0;0;0;20;3.75;0.6;2.8;4.8;345;128;14.47;13.51;0.934;0;1;0;0;0;1;0;0;0;1;0;301;42;163;66;0;41
2204.49;986;29;29;1;5.73;89;0;50;20;0;56;6;0.53;1.0;1.0;0;0;20;3.62;0.6;2.74;4.7;345;128;14.47;13.51;0.934;0;1;0;0;0;1;0;0;0;1;0;298;42;162;66;0;76
2204.88;922;28;28;1;5.66;89;0;50;20;0;56;6;0.52;1.0;1.0;0;0;20;3.5;0.6;2.71;4.3;345;128;14.47;13.51;0.934;0;1;0;0;0;1;0;0;0;1;0;296;42;162;66;0;82
2205.29;884;28;28;1;5.65;88;0;51;18;0;56;5;0.51;1.0;1.0;0;0;19;3.5;0.6;2.7;4.2;345;128;14.47;13.01;0.899;0;1;0;0;1;1;0;0;0;1;0;292;42;163;66;0;83
2205.68;1037;27;27;1;5.42;88;0;50;20;0;54;6;0.49;1.0;1.0;0;0;20;3.38;0.6;2.61;4.7;345;128;14.7;13.01;0.885;0;1;0;0;0;1;0;0;0;1;0;281;42;163;67;0;82
2206.08;871;35;35;6;6.68;89;0;42;28;0;64;7;0.55;1.0;1.0;0;0;28;4.38;3.5;3.12;4.8;345;128;14.59;14.02;0.961;0;1;0;0;0;0;0;0;0;1;0;353;52;162;67;0;89
2206.49;1281;47;47;6;8.46;87;0;38;32;0;72;13;0.63;1.0;1.0;0;0;32;5.88;3.5;3.82;9.0;345;128;14.7;14.02;0.954;0;1;0;0;0;0;0;0;0;1;0;413;52;164;67;0;101
2206.89;1498;43;43;6;7.93;87;0;34;36;0;68;14;0.64;1.0;1.0;0;0;36;5.38;3.5;3.61;9.9;345;128;14.7;14.02;0.954;0;1;0;0;0;0;0;0;0;1;0;382;53;165;67;0;90
2207.3;1537;49;49;13;8.86;87;0;34;36;0;74;17;0.67;1.0;1.0;0;0;36;6.12;7.6;3.98;11.3;345;128;14.7;16.62;1.131;0;1;0;0;0;0;0;0;0;1;0;429;66;164;66;0;102
2207.7;1972;68;68;20;12;88;0;43;27;0;85;28;0.77;1.0;1.0;0;0;27;8.5;11.6;5.16;19.4;345;128;14.04;16.62;1.184;0;1;0;0;0;0;0;0;0;1;0;514;80;163;66;0;37
2208.1;1806;46;46;14;8.31;89;0;28;42;0;70;19;0.66;1.0;1.0;0;0;42;5.75;8.1;3.77;12.5;345;128;14.7;16.91;1.15;0;1;0;0;0;0;0;0;0;1;0;402;68;162;66;0;100
2208.5;1972;52;52;15;9.28;89;0;32;39;0;75;23;0.69;1.0;1.0;0;0;38;6.5;8.7;4.16;15.3;345;128;14.82;16.91;1.141;0;1;0;0;0;0;0;0;0;1;0;443;71;162;67;0;105
2208.69;2113;57;57;20;10;89;0;33;37;0;79;27;0.73;1.0;1.0;0;0;37;7.12;11.6;4.46;17.7;345;128;14.82;16.91;1.141;0;1;0;0;0;0;0;0;0;1;0;471;81;162;66;0;106
2209.11;2216;61;61;21;11;90;0;34;36;0;81;30;0.75;1.0;1.0;0;0;36;7.62;12.2;4.75;19.9;345;128;14.04;14.62;1.041;0;1;0;0;0;0;0;0;0;1;0;483;82;160;66;0;108
2209.51;2164;54;54;20;9.57;90;0;31;38;0;77;26;0.71;1.0;1.0;0;0;39;6.75;11.6;4.28;17.3;345;128;14.82;14.62;0.987;0;1;0;0;0;0;0;0;0;1;0;452;81;160;66;0;105
2209.91;2113;51;51;19;9.07;90;0;30;41;0;74;24;0.69;1.0;1.0;0;0;40;6.38;11.0;4.08;16.0;345;128;14.82;14.62;0.987;0;1;0;0;0;0;0;0;0;1;0;432;79;160;66;0;102
2210.31;2152;47;47;19;8.53;91;0;27;43;0;71;23;0.66;1.0;1.0;0;0;43;5.88;11.0;3.87;15.3;345;128;14.82;15.22;1.027;0;1;0;0;0;0;0;0;0;1;0;411;79;159;66;0;101
2210.71;1857;51;51;19;9.08;91;0;29;41;0;74;21;0.68;1.0;1.0;0;0;41;6.38;11.0;4.09;14.1;345;128;14.82;15.22;1.027;0;1;0;0;0;0;0;0;0;1;0;434;78;159;66;0;102
2211.11;1870;45;45;12;8.17;90;0;28;42;0;69;18;0.66;1.0;1.0;0;0;42;5.62;7.0;3.72;12.7;345;128;14.82;14.21;0.959;0;1;0;0;0;0;0;0;0;1;0;391;64;160;66;0;92
2211.52;1537;36;36;6;6.77;90;0;30;40;0;60;12;0.62;1.0;1.0;0;0;40;4.5;3.5;3.16;8.7;345;128;14.7;14.21;0.967;0;1;0;0;0;0;0;0;0;1;0;327;53;160;66;0;85
2211.92;1370;38;38;6;7.15;90;0;33;38;0;62;12;0.62;1.0;1.0;0;0;37;4.75;3.5;3.31;8.2;345;128;14.7;14.21;0.967;0;1;0;0;0;0;0;0;0;1;0;343;53;160;66;0;86
2212.31;1537;42;42;7;7.77;90;0;34;36;0;65;14;0.65;1.0;1.0;0;0;36;5.25;4.1;3.56;10.0;345;128;14.7;14.21;0.967;0;1;0;0;0;0;0;0;0;1;0;363;54;161;67;0;89
2212.73;1614;44;44;8;8.0;90;0;33;37;0;68;15;0.65;1.0;1.0;0;0;37;5.5;4.7;3.65;10.8;345;128;14.7;14.21;0.967;0;1;0;0;0;0;0;0;0;1;0;380;56;161;67;0;90
2213.12;1639;45;45;9;8.17;90;0;30;39;0;68;16;0.66;1.0;1.0;0;0;40;5.62;5.2;3.72;11.2;345;128;14.7;14.61;0.994;0;1;0;0;0;0;0;0;0;1;0;385;58;161;67;0;91
2213.52;1550;43;43;9;7.96;89;0;32;40;0;67;16;0.65;1.0;1.0;0;0;38;5.38;5.2;3.63;10.3;345;128;14.7;14.61;0.994;0;1;0;0;0;0;0;0;0;1;0;378;58;162;67;0;90
2213.92;1691;41;41;6;7.65;90;0;30;38;0;64;15;0.66;1.0;1.0;0;0;40;5.12;3.5;3.51;10.8;345;128;14.7;14.61;0.994;0;1;0;0;0;0;0;0;0;1;0;354;53;161;67;0;89
2214.33;1396;37;37;6;6.98;89;0;32;39;0;61;12;0.62;1.0;1.0;0;0;38;4.62;3.5;3.24;8.1;345;128;14.7;12.51;0.851;0;1;0;0;0;0;0;0;0;1;0;328;52;162;67;0;85
2214.72;1447;38;38;6;7.03;89;0;32;37;0;62;12;0.62;1.0;1.0;0;0;38;4.75;3.5;3.26;8.5;345;128;14.7;12.51;0.851;0;1;0;0;0;0;0;0;0;1;0;337;52;162;67;0;86
2214.93;1447;38;38;6;7.13;89;0;32;38;0;62;12;0.62;1.0;1.0;0;0;38;4.75;3.5;3.3;8.6;345;128;14.7;12.51;0.851;0;1;0;0;0;0;0;0;0;1;0;336;52;162;67;0;82
2215.32;1473;38;38;6;7.16;89;0;32;38;0;62;12;0.62;1.0;1.0;0;0;38;4.75;3.5;3.31;8.8;345;128;14.7;13.21;0.899;0;1;0;0;0;0;0;0;0;1;0;336;52;162;67;0;82
2215.73;1422;36;36;5;6.85;88;0;32;38;0;61;12;0.62;1.0;1.0;0;0;38;4.5;2.9;3.18;8.1;345;128;14.7;13.21;0.899;0;1;0;0;0;0;0;0;0;1;0;328;51;163;68;0;85
2216.13;1319;28;28;1;5.53;87;0;40;20;0;54;8;0.53;1.0;1.0;0;0;30;3.5;0.6;2.65;6.1;345;128;14.7;12.61;0.858;0;1;0;0;0;1;0;0;0;1;0;280;42;164;68;0;82
2216.53;1217;25;25;1;5.13;89;0;50;20;0;53;7;0.5;1.0;1.0;0;0;20;3.12;0.6;2.5;5.2;345;128;14.7;12.61;0.858;0;1;0;0;0;1;0;0;0;1;0;269;42;162;68;0;77
2216.93;1178;26;26;1;5.26;87;0;50;20;0;53;7;0.49;1.0;1.0;0;0;20;3.25;0.6;2.54;5.2;345;128;14.7;12.61;0.858;0;1;0;0;0;1;0;0;0;1;0;270;42;164;68;0;77
2217.35;1165;24;24;1;4.85;88;0;50;20;0;52;6;0.47;1.0;1.0;0;0;20;3.0;0.6;2.38;4.7;345;128;14.7;13.71;0.933;0;1;0;0;0;1;0;0;0;1;0;265;42;163;68;0;77
2217.75;1204;24;24;1;4.88;87;0;50;20;0;52;6;0.48;1.0;1.0;0;0;20;3.0;0.6;2.39;4.9;345;128;14.7;13.71;0.933;0;1;0;0;0;1;0;0;0;1;0;266;42;164;68;0;77
2218.14;1204;24;24;1;4.86;87;0;50;20;0;52;6;0.48;1.0;1.0;0;0;20;3.0;0.6;2.38;4.9;345;128;14.7;12.91;0.878;0;1;0;0;0;1;0;0;0;1;0;263;42;164;68;0;87
2218.56;1217;23;23;1;4.68;87;0;50;20;0;51;6;0.45;1.0;1.0;0;0;20;2.88;0.6;2.31;4.7;345;128;14.7;12.91;0.878;0;1;0;0;0;1;0;0;0;1;0;258;42;164;68;0;76
2218.96;1319;39;39;5;7.32;88;0;36;34;0;63;11;0.62;1.0;1.0;0;0;34;4.88;2.9;3.37;8.0;345;128;14.7;12.91;0.878;0;1;0;0;0;0;0;0;0;1;0;345;51;163;68;0;88
2219.36;1601;42;42;5;7.66;87;0;33;37;0;64;14;0.65;1.0;1.0;0;0;37;5.25;2.9;3.5;10.2;345;128;14.7;16.11;1.096;0;1;0;0;0;0;0;0;0;1;0;354;51;164;69;0;89
2219.76;1511;39;39;5;7.18;87;0;33;37;0;63;13;0.63;1.0;1.0;0;0;37;4.88;2.9;3.31;9.0;345;128;14.7;16.11;1.096;0;1;0;0;0;0;0;0;0;1;0;344;51;164;69;0;86
2220.16;1550;34;34;4;6.46;87;0;31;39;0;58;11;0.6;1.0;1.0;0;0;39;4.25;2.3;3.02;8.3;345;128;14.7;12.71;0.865;0;1;0;0;0;0;0;0;0;1;0;313;49;164;69;0;84
2220.56;1383;34;34;4;6.38;87;0;32;39;0;57;10;0.59;1.0;1.0;0;0;38;4.25;2.3;2.99;7.4;345;128;14.7;12.71;0.865;0;1;0;0;0;0;0;0;0;1;0;304;49;164;69;0;84
2220.77;1345;33;33;4;6.37;88;0;31;39;0;57;10;0.59;1.0;1.0;0;0;39;4.12;2.3;2.99;7.1;345;128;14.7;12.71;0.865;0;1;0;0;0;0;0;0;0;1;0;303;48;163;69;0;90
2221.17;1370;33;33;4;6.25;88;0;29;41;0;57;10;0.59;1.0;1.0;0;0;41;4.12;2.3;2.94;7.1;345;128;14.7;13.21;0.899;0;1;0;0;0;0;0;0;0;1;0;306;48;163;69;0;83
2221.56;1447;43;43;14;7.95;88;0;32;38;0;68;14;0.64;1.0;1.0;0;0;38;5.38;8.1;3.62;9.6;345;128;14.7;13.21;0.899;0;1;0;0;0;0;0;0;0;1;0;380;69;163;69;0;91
2221.98;2190;76;76;27;14;90;0;47;23;0;90;37;0.83;1.0;1.0;0;0;23;9.5;15.7;6.13;25.9;345;128;13.94;13.21;0.948;0;1;0;0;0;0;0;0;0;1;0;552;94;160;69;0;147
2222.37;2216;55;55;18;9.65;90;0;32;38;0;77;27;0.71;1.0;1.0;0;0;38;6.88;10.5;4.31;17.8;345;128;14.82;13.81;0.932;0;1;0;0;0;0;0;0;0;1;0;452;76;160;68;0;104
2222.76;1947;48;48;16;8.55;90;0;29;41;0;72;20;0.66;1.0;1.0;0;0;41;6.0;9.3;3.87;13.9;345;128;14.82;13.81;0.932;0;1;0;0;0;0;0;0;0;1;0;416;72;161;69;0;101
2223.17;1562;25;25;1;5.03;89;0;29;20;0;52;9;0.48;1.0;1.0;0;0;41;3.12;0.6;2.46;6.5;345;128;14.7;12.11;0.824;0;1;0;0;0;1;0;0;0;1;0;261;42;162;70;0;77
2223.56;1140;22;22;1;4.67;90;0;55;20;0;52;6;0.47;1.0;1.0;0;0;15;2.75;0.6;2.32;4.4;345;128;14.7;12.11;0.824;0;1;0;0;0;1;0;0;0;1;0;260;42;161;69;0;77
2223.98;1486;20;20;1;4.32;88;0;50;20;0;49;6;0.41;1.0;1.0;0;0;20;2.5;0.6;2.17;5.3;345;128;14.7;12.11;0.824;0;1;0;0;0;1;0;0;0;1;0;242;42;163;69;0;38
2224.38;1383;18;18;1;4.02;90;0;50;20;0;48;5;0.39;1.0;1.0;0;0;20;2.25;0.6;2.06;4.6;345;128;14.7;13.11;0.892;0;1;0;0;0;1;0;0;0;1;0;234;42;161;69;0;74
2224.78;1370;18;18;1;3.92;88;0;50;20;0;48;5;0.39;1.0;1.0;0;0;20;2.25;0.6;2.01;4.5;345;128;14.7;13.11;0.892;0;1;0;0;0;1;0;0;0;1;0;232;42;163;69;0;74
2225.18;1319;18;18;1;3.92;90;0;50;20;0;47;5;0.38;1.0;1.0;0;0;20;2.25;0.6;2.02;4.3;345;128;14.7;15.32;1.042;0;1;0;0;0;1;0;0;0;1;0;229;42;161;68;0;70
2225.58;1306;18;18;1;3.95;88;0;50;20;0;48;5;0.39;1.0;1.0;0;0;20;2.25;0.6;2.02;4.3;345;128;14.7;15.32;1.042;0;1;0;0;0;1;0;0;0;1;0;232;42;163;69;0;70
2225.98;1345;17;17;1;3.78;87;0;50;20;0;47;5;0.38;1.0;1.0;0;0;20;2.12;0.6;1.95;4.2;345;128;14.7;15.32;1.042;0;1;0;0;0;1;0;0;0;1;0;225;42;164;68;0;70
2226.38;1486;16;16;1;3.6;88;0;50;20;0;44;5;0.35;1.0;1.0;0;0;20;2.0;0.6;1.88;4.5;345;128;14.7;13.81;0.939;0;1;0;0;0;1;0;0;0;1;0;206;42;163;68;0;72
2226.79;1370;15;15;1;3.55;88;0;60;20;0;45;5;0.36;1.0;1.0;0;0;10;1.88;0.6;1.86;4.1;345;128;14.7;13.81;0.939;0;1;0;0;0;1;0;0;0;1;0;210;42;163;69;0;73
2227.0;1306;17;17;1;3.83;87;0;60;20;0;47;5;0.38;1.0;1.0;0;0;10;2.12;0.6;1.97;4.2;345;128;14.7;13.81;0.939;0;1;0;0;0;1;0;0;0;1;0;224;42;164;70;0;73
2227.39;1178;16;16;1;3.61;87;0;52;20;0;46;4;0.36;1.0;1.0;0;0;18;2.0;0.6;1.88;3.5;345;128;14.7;13.81;0.939;0;1;0;0;0;1;0;0;0;1;0;221;42;165;70;0;73
2227.79;1037;17;17;1;3.73;87;0;50;20;0;47;4;0.35;1.0;1.0;0;0;20;2.12;0.6;1.93;3.2;345;128;14.7;13.81;0.939;0;1;0;0;0;1;0;0;0;1;0;230;42;165;71;0;74
2228.2;1063;18;18;1;3.91;87;0;50;20;0;49;4;0.38;1.0;1.0;0;0;20;2.25;0.6;2.0;3.5;345;128;14.7;15.02;1.022;0;1;0;0;0;1;0;0;0;1;0;241;42;165;71;0;75
2228.59;948;17;17;1;3.86;87;0;50;20;0;48;3;0.35;1.0;1.0;0;0;20;2.12;0.6;1.98;3.0;345;128;14.7;15.02;1.022;0;1;0;0;0;1;0;0;0;1;0;239;42;164;71;0;74
2229.0;922;18;18;1;3.96;87;0;50;20;0;49;3;0.37;1.0;1.0;0;0;20;2.25;0.6;2.02;3.0;345;128;14.7;15.02;1.022;0;1;0;0;0;1;0;0;0;1;0;247;42;164;71;0;75
2229.4;845;18;18;1;4.01;87;0;50;20;0;50;3;0.38;1.0;1.0;0;0;20;2.25;0.6;2.04;2.8;345;128;14.7;16.61;1.13;0;1;0;0;0;1;0;0;0;1;0;248;42;165;70;0;76
2229.81;935;20;20;1;4.28;87;0;50;20;0;51;4;0.41;1.0;1.0;0;0;20;2.5;0.6;2.15;3.3;345;128;14.7;16.61;1.13;0;1;0;0;0;1;0;0;0;1;0;254;42;165;70;0;74
2230.21;845;20;20;1;4.35;88;0;50;20;0;51;4;0.4;1.0;1.0;0;0;20;2.5;0.6;2.18;3.1;345;128;14.7;14.21;0.967;0;1;0;0;0;1;0;0;0;1;0;258;42;163;70;0;76
2230.61;807;21;21;1;4.52;88;0;50;20;0;52;3;0.43;1.0;1.0;0;0;20;2.62;0.6;2.25;3.0;345;128;14.7;14.21;0.967;0;1;0;0;0;1;0;0;0;1;0;265;42;163;69;0;77
2231.01;768;23;23;1;4.8;88;0;50;20;0;53;4;0.45;1.0;1.0;0;0;20;2.88;0.6;2.36;3.1;345;128;14.47;14.21;0.982;0;1;0;0;0;1;0;0;0;1;0;270;42;163;70;0;74
2231.41;717;23;23;1;4.86;89;0;50;20;0;53;4;0.45;1.0;1.0;0;0;20;2.88;0.6;2.39;2.9;345;128;14.47;13.61;0.941;0;1;0;0;0;1;0;0;0;1;0;274;42;162;69;0;81
2231.82;730;24;24;1;4.95;90;0;50;20;0;54;4;0.47;1.0;1.0;0;0;20;3.0;0.6;2.43;3.0;345;128;14.47;13.61;0.941;0;1;0;0;0;1;0;0;0;1;0;277;42;160;69;0;82
2232.21;781;24;24;1;5.0;90;0;50;20;0;54;4;0.47;1.0;1.0;0;0;20;3.0;0.6;2.45;3.3;345;128;14.47;13.41;0.927;0;1;0;0;0;1;0;0;0;1;0;282;42;160;68;0;82
2232.61;871;22;22;1;4.6;88;0;50;20;0;52;4;0.43;1.0;1.0;0;0;20;2.75;0.6;2.28;3.3;345;128;14.7;13.41;0.912;0;1;0;0;0;1;0;0;0;1;0;265;42;163;69;0;77
2233.01;884;19;19;1;4.16;89;0;50;20;0;50;4;0.38;1.0;1.0;0;0;20;2.38;0.6;2.11;3.1;345;128;14.7;13.41;0.912;0;1;0;0;0;1;0;0;0;1;0;249;42;162;69;0;76
2233.22;781;20;20;1;4.22;88;0;50;20;0;51;3;0.41;1.0;1.0;0;0;20;2.5;0.6;2.13;2.7;345;128;14.7;14.21;0.967;0;1;0;0;0;1;0;0;0;1;0;255;42;163;70;0;76
2233.61;807;22;22;1;4.72;90;0;50;20;0;53;3;0.45;1.0;1.0;0;0;20;2.75;0.6;2.34;3.2;345;128;14.7;14.21;0.967;0;1;0;0;0;1;0;0;0;1;0;268;42;160;69;0;74
2234.03;781;24;24;1;4.96;89;0;50;20;0;53;4;0.45;1.0;1.0;0;0;20;3.0;0.6;2.43;3.2;345;128;14.47;14.21;0.982;0;1;0;0;0;1;0;0;0;1;0;275;42;162;69;0;75
2234.42;832;22;22;1;4.62;88;0;50;20;0;53;4;0.44;1.0;1.0;0;0;20;2.75;0.6;2.29;3.2;345;128;14.7;13.71;0.933;0;1;0;0;0;1;0;0;0;1;0;268;42;163;70;0;77
2234.82;935;20;20;1;4.35;88;0;50;20;0;51;4;0.41;1.0;1.0;0;0;20;2.5;0.6;2.18;3.4;345;128;14.7;13.71;0.933;0;1;0;0;0;1;0;0;0;1;0;253;42;163;69;0;73
2235.24;884;19;19;1;4.16;87;0;50;20;0;50;4;0.38;1.0;1.0;0;0;20;2.38;0.6;2.1;3.1;345;128;14.7;12.91;0.878;0;1;0;0;0;1;0;0;0;1;0;250;42;164;69;0;76
2235.63;820;20;20;1;4.22;88;0;50;20;0;51;3;0.4;1.0;1.0;0;0;20;2.5;0.6;2.13;2.9;345;128;14.7;12.91;0.878;0;1;0;0;0;1;0;0;0;1;0;259;42;163;69;0;77
2236.03;781;21;21;1;4.51;87;0;50;20;0;52;4;0.43;1.0;1.0;0;0;20;2.62;0.6;2.24;2.9;345;128;14.7;12.91;0.878;0;1;0;0;0;1;0;0;0;1;0;266;42;164;69;0;77
2236.43;832;21;21;1;4.43;87;0;50;20;0;52;4;0.42;1.0;1.0;0;0;20;2.62;0.6;2.21;3.1;345;128;14.7;13.31;0.905;0;1;0;0;0;1;0;0;0;1;0;264;42;164;69;0;77
2236.85;935;22;22;1;4.61;87;0;50;20;0;51;4;0.41;1.0;1.0;0;0;20;2.75;0.6;2.28;3.6;345;128;14.7;13.31;0.905;0;1;0;0;0;1;0;0;0;1;0;258;42;165;69;0;77
2237.24;832;19;19;1;4.21;87;0;50;20;0;51;3;0.4;1.0;1.0;0;0;20;2.38;0.6;2.12;2.9;345;128;14.7;13.31;0.905;0;1;0;0;0;1;0;0;0;1;0;253;42;164;69;0;76
2237.63;756;21;21;1;4.46;87;0;50;20;0;52;3;0.43;1.0;1.0;0;0;20;2.62;0.6;2.22;2.8;345;128;14.7;13.31;0.905;0;1;0;0;0;1;0;0;0;1;0;263;42;165;69;0;77
2238.03;756;23;23;1;4.86;87;0;50;20;0;54;4;0.47;1.0;1.0;0;0;20;2.88;0.6;2.38;3.1;345;128;14.47;13.31;0.92;0;1;0;0;0;1;0;0;0;1;0;276;42;164;69;0;82
2238.44;781;25;25;1;5.17;90;0;50;20;0;54;4;0.47;1.0;1.0;0;0;20;3.12;0.6;2.52;3.4;345;128;14.47;13.11;0.906;0;1;0;0;0;1;0;0;0;1;0;281;42;161;69;0;82
2238.84;717;26;26;1;5.28;89;0;50;20;0;55;4;0.48;1.0;1.0;0;0;20;3.25;0.6;2.56;3.2;345;128;14.47;13.11;0.906;0;1;0;0;0;1;0;0;0;1;0;291;42;162;70;0;82
2239.06;704;27;27;1;5.4;90;0;50;20;0;56;4;0.51;1.0;1.0;0;0;20;3.38;0.6;2.61;3.2;345;128;14.47;13.11;0.906;0;1;0;0;0;1;0;0;0;1;0;293;42;161;68;0;83
2239.46;820;27;28;1;5.55;90;0;50;20;0;56;4;0.5;1.0;1.0;0;0;20;3.38;0.6;2.67;3.8;345;128;14.47;13.01;0.899;0;1;0;0;0;1;0;0;0;1;0;292;42;161;68;0;82
2239.85;730;26;26;1;5.3;90;0;50;20;0;55;4;0.48;1.0;1.0;0;0;20;3.25;0.6;2.57;3.2;345;128;14.47;13.01;0.899;0;1;0;0;0;1;0;0;0;1;0;286;42;160;68;0;82
2240.26;602;31;31;1;5.98;91;0;50;20;0;60;4;0.53;1.0;1.0;0;0;20;3.88;0.6;2.85;3.0;345;128;14.7;12.91;0.878;0;1;0;0;0;1;0;0;0;1;0;322;42;159;68;0;85
2240.66;845;37;37;2;7.02;88;0;44;26;0;66;6;0.54;1.0;1.0;0;0;26;4.62;1.2;3.25;4.9;345;128;14.59;12.91;0.885;0;1;0;0;0;1;0;0;0;1;0;371;45;163;69;0;90
2241.06;1204;42;42;4;7.68;89;0;39;31;0;69;10;0.62;1.0;1.0;0;0;31;5.25;2.3;3.52;7.7;345;128;14.7;12.91;0.878;0;1;0;0;0;0;0;0;0;1;0;389;49;162;69;0;41
2241.47;1370;41;41;4;7.57;88;0;35;35;0;66;12;0.63;1.0;1.0;0;0;35;5.12;2.3;3.47;8.6;345;128;14.7;15.21;1.035;0;1;0;0;0;0;0;0;0;1;0;370;49;163;68;0;90
2241.87;1281;39;39;4;7.18;87;0;34;36;0;63;11;0.62;1.0;1.0;0;0;36;4.88;2.3;3.31;7.7;345;128;14.7;15.21;1.035;0;1;0;0;0;0;0;0;0;1;0;351;48;164;68;0;89
2242.25;1037;25;25;1;5.05;88;0;50;20;0;53;6;0.47;1.0;1.0;0;0;20;3.12;0.6;2.46;4.4;345;128;14.7;12.71;0.865;0;1;0;0;0;1;0;0;0;1;0;275;42;163;68;0;81
2242.65;986;28;28;1;5.55;90;0;50;20;0;56;6;0.53;1.0;1.0;0;0;20;3.5;0.6;2.67;4.6;345;128;14.47;12.71;0.878;0;1;0;0;0;1;0;0;0;1;0;293;42;161;68;0;83
2243.07;973;29;29;1;5.73;89;0;50;20;0;56;6;0.53;1.0;1.0;0;0;20;3.62;0.6;2.74;4.6;345;128;14.47;12.41;0.858;0;1;0;0;0;1;0;0;0;1;0;295;43;162;68;0;82
2243.46;973;27;27;1;5.46;89;0;50;20;0;55;5;0.5;1.0;1.0;0;0;20;3.38;0.6;2.63;4.4;345;128;14.47;12.41;0.858;0;1;0;0;0;1;0;0;0;1;0;289;42;162;68;0;82
2243.86;884;24;24;1;5.02;88;0;50;20;0;54;5;0.47;1.0;1.0;0;0;20;3.0;0.6;2.45;3.7;345;128;14.47;12.41;0.858;0;1;0;0;0;1;0;0;0;1;0;283;42;163;68;0;82
2244.26;884;26;26;1;5.26;89;0;50;20;0;55;5;0.48;1.0;1.0;0;0;20;3.25;0.6;2.55;3.9;345;128;14.47;13.61;0.941;0;1;0;0;0;1;0;0;0;1;0;290;42;162;68;0;82
2244.68;871;27;27;1;5.45;90;0;50;20;0;55;5;0.48;1.0;1.0;0;0;20;3.38;0.6;2.63;4.0;345;128;14.47;13.61;0.941;0;1;0;0;0;1;0;0;0;1;0;291;42;161;68;0;77
2245.08;884;33;33;2;6.28;89;0;50;20;0;61;6;0.53;1.0;1.0;0;0;20;4.12;1.2;2.96;4.6;345;128;14.59;14.81;1.015;0;1;0;0;0;1;0;0;0;1;0;331;45;162;68;0;100
2245.27;1089;24;24;1;5.0;90;0;50;20;0;53;5;0.48;1.0;1.0;0;0;20;3.0;0.6;2.45;4.5;345;128;14.7;14.81;1.007;0;1;0;0;0;1;0;0;0;1;0;274;42;161;68;0;78
2245.67;768;25;25;1;5.06;89;0;50;20;0;54;4;0.47;1.0;1.0;0;0;20;3.12;0.6;2.47;3.2;345;128;14.47;14.81;1.023;0;1;0;0;0;1;0;0;0;1;0;278;42;162;68;0;81
2246.09;807;33;33;2;6.42;90;0;50;20;0;63;6;0.54;1.0;1.0;0;0;20;4.12;1.2;3.02;4.3;345;128;14.59;15.31;1.049;0;1;0;0;0;1;0;0;0;1;0;350;45;161;68;0;88
2246.49;1178;40;40;3;7.5;90;0;36;35;0;64;11;0.61;1.0;1.0;0;0;34;5.0;1.7;3.45;7.4;345;128;14.7;15.31;1.041;0;1;0;0;0;0;0;0;0;1;0;358;47;160;68;0;89
2246.87;1153;27;27;1;5.38;89;0;50;20;0;54;7;0.52;1.0;1.0;0;0;20;3.38;0.6;2.6;5.2;345;128;14.7;15.31;1.041;0;1;0;0;0;1;0;0;0;1;0;277;42;162;68;0;81
2247.28;999;28;28;1;5.6;88;0;50;20;0;56;6;0.53;1.0;1.0;0;0;20;3.5;0.6;2.68;4.7;345;128;14.47;12.91;0.892;0;1;0;0;0;1;0;0;0;1;0;294;42;163;68;0;82
2247.68;999;30;30;1;5.9;90;0;50;20;0;56;7;0.53;1.0;1.0;0;0;20;3.75;0.6;2.81;4.9;345;128;14.47;12.91;0.892;0;1;0;0;0;1;0;0;0;1;0;295;42;160;68;0;82
2248.08;896;27;27;1;5.36;89;0;50;20;0;55;5;0.48;1.0;1.0;0;0;20;3.38;0.6;2.59;4.0;345;128;14.47;13.11;0.906;0;1;0;0;0;1;0;0;0;1;0;285;42;162;68;0;50
2248.5;922;26;26;1;5.4;90;0;50;20;0;54;5;0.48;1.0;1.0;0;0;20;3.25;0.6;2.61;4.1;345;128;14.47;13.11;0.906;0;1;0;0;0;1;0;0;0;1;0;283;42;160;68;0;82
2248.89;871;26;26;1;5.27;88;0;50;20;0;55;5;0.48;1.0;1.0;0;0;20;3.25;0.6;2.55;3.8;345;128;14.47;13.11;0.906;0;1;0;0;0;1;0;0;0;1;0;289;42;163;68;0;82
2249.29;871;26;26;1;5.37;88;0;50;20;0;55;5;0.48;1.0;1.0;0;0;20;3.25;0.6;2.59;3.9;345;128;14.47;14.01;0.968;0;1;0;0;0;1;0;0;0;1;0;288;42;163;68;0;90
2249.7;1012;30;30;1;5.92;88;0;50;20;0;57;7;0.53;1.0;1.0;0;0;20;3.75;0.6;2.81;5.0;345;128;14.47;14.01;0.968;0;1;0;0;0;1;0;0;0;1;0;302;42;163;67;0;83
2250.11;999;22;22;1;4.67;88;0;50;20;0;52;4;0.45;1.0;1.0;0;0;20;2.75;0.6;2.31;3.9;345;128;14.7;14.21;0.967;0;1;0;0;0;1;0;0;0;1;0;263;42;163;68;0;77
2250.5;871;23;23;1;4.83;89;0;50;20;0;53;4;0.45;1.0;1.0;0;0;20;2.88;0.6;2.38;3.5;345;128;14.47;14.21;0.982;0;1;0;0;0;1;0;0;0;1;0;268;42;162;68;0;77
2250.89;922;23;23;1;4.85;88;0;50;20;0;53;4;0.45;1.0;1.0;0;0;20;2.88;0.6;2.38;3.7;345;128;14.47;14.21;0.982;0;1;0;0;0;1;0;0;0;1;0;270;42;163;67;0;77
2251.29;832;22;22;1;4.73;89;0;50;20;0;53;4;0.44;1.0;1.0;0;0;20;2.75;0.6;2.34;3.3;345;128;14.7;14.01;0.953;0;1;0;0;0;1;0;0;0;1;0;274;42;162;67;0;78
2251.51;756;24;24;1;4.97;88;0;50;20;0;54;4;0.47;1.0;1.0;0;0;20;3.0;0.6;2.43;3.1;345;128;14.47;14.01;0.968;0;1;0;0;0;1;0;0;0;1;0;278;42;163;68;0;81
2251.91;781;26;26;1;5.25;88;0;50;20;0;55;4;0.48;1.0;1.0;0;0;20;3.25;0.6;2.54;3.4;345;128;14.47;14.01;0.968;0;1;0;0;0;1;0;0;0;1;0;284;42;163;68;0;82
2252.32;807;25;25;1;5.2;88;0;50;20;0;55;4;0.48;1.0;1.0;0;0;20;3.12;0.6;2.52;3.5;345;128;14.47;13.01;0.899;0;1;0;0;0;1;0;0;0;1;0;284;42;163;68;0;82
2252.7;781;26;26;1;5.3;88;0;50;20;0;55;4;0.48;1.0;1.0;0;0;20;3.25;0.6;2.56;3.4;345;128;14.47;13.01;0.899;0;1;0;0;0;1;0;0;0;1;0;288;42;163;68;0;82
2253.1;781;25;25;1;5.17;88;0;50;20;0;55;4;0.48;1.0;1.0;0;0;20;3.12;0.6;2.51;3.4;345;128;14.47;13.21;0.913;0;1;0;0;0;1;0;0;0;1;0;284;42;163;67;0;82
2253.52;807;27;27;1;5.4;90;0;50;20;0;55;4;0.48;1.0;1.0;0;0;20;3.38;0.6;2.61;3.6;345;128;14.47;13.21;0.913;0;1;0;0;0;1;0;0;0;1;0;290;42;161;67;0;90
2253.91;756;25;25;1;5.2;88;0;50;20;0;55;4;0.48;1.0;1.0;0;0;20;3.12;0.6;2.52;3.3;345;128;14.47;13.21;0.913;0;1;0;0;0;1;0;0;0;1;0;284;42;163;67;0;82
2254.33;704;25;25;1;5.17;90;0;50;20;0;55;4;0.48;1.0;1.0;0;0;20;3.12;0.6;2.52;3.0;345;128;14.47;12.71;0.878;0;1;0;0;0;1;0;0;0;1;0;288;42;161;68;0;82
2254.71;730;27;27;1;5.43;89;0;50;20;0;56;4;0.51;1.0;1.0;0;0;20;3.38;0.6;2.62;3.3;345;128;14.47;12.71;0.878;0;1;0;0;0;1;0;0;0;1;0;293;42;162;67;0;82
2255.13;845;28;28;1;5.56;89;0;50;20;0;56;5;0.5;1.0;1.0;0;0;20;3.5;0.6;2.67;3.9;345;128;14.47;12.91;0.892;0;1;0;0;0;1;0;0;0;1;0;293;42;162;67;0;82
2255.53;768;24;24;1;5.06;89;0;50;20;0;54;4;0.47;1.0;1.0;0;0;20;3.0;0.6;2.47;3.2;345;128;14.47;12.91;0.892;0;1;0;0;0;1;0;0;0;1;0;282;42;162;67;0;82
2255.91;717;26;26;1;5.25;90;0;50;20;0;55;4;0.48;1.0;1.0;0;0;20;3.25;0.6;2.55;3.1;345;128;14.47;12.91;0.892;0;1;0;0;0;1;0;0;0;1;0;291;42;160;67;0;82
2256.33;704;29;29;1;5.75;90;0;50;20;0;57;4;0.51;1.0;1.0;0;0;20;3.62;0.6;2.75;3.4;345;128;14.47;15.41;1.065;0;1;0;0;0;1;0;0;0;1;0;307;42;160;67;0;81
2256.74;730;28;28;1;5.65;90;0;50;20;0;57;4;0.51;1.0;1.0;0;0;20;3.5;0.6;2.71;3.4;345;128;14.47;15.41;1.065;0;1;0;0;0;1;0;0;0;1;0;306;42;161;68;0;83
2257.14;832;28;28;1;5.55;88;0;50;20;0;56;5;0.5;1.0;1.0;0;0;20;3.5;0.6;2.66;3.8;345;128;14.47;13.81;0.954;0;1;0;0;0;1;0;0;0;1;0;295;42;163;68;0;82
2257.53;781;28;28;1;5.68;89;0;50;20;0;57;5;0.51;1.0;1.0;0;0;20;3.5;0.6;2.72;3.7;345;128;14.47;13.81;0.954;0;1;0;0;0;1;0;0;0;1;0;301;42;162;68;0;83
2257.74;717;28;28;1;5.51;89;0;50;20;0;57;4;0.51;1.0;1.0;0;0;20;3.5;0.6;2.65;3.3;345;128;14.47;13.81;0.954;0;1;0;0;0;1;0;0;0;1;0;305;42;162;67;0;91
2258.14;896;29;29;1;5.86;89;0;50;20;0;57;5;0.52;1.0;1.0;0;0;20;3.62;0.6;2.79;4.4;345;128;14.47;14.11;0.975;0;1;0;0;0;1;0;0;0;1;0;307;42;162;68;0;76
2258.53;896;29;29;1;5.75;90;0;50;20;0;56;5;0.52;1.0;1.0;0;0;20;3.62;0.6;2.75;4.3;345;128;14.47;14.11;0.975;0;1;0;0;0;1;0;0;0;1;0;292;42;161;68;0;82
2258.94;832;26;26;1;5.28;89;0;50;20;0;55;5;0.48;1.0;1.0;0;0;20;3.25;0.6;2.56;3.7;345;128;14.47;14.11;0.975;0;1;0;0;0;1;0;0;0;1;0;285;42;162;68;0;75
2259.33;781;28;28;1;5.52;88;0;50;20;0;56;5;0.51;1.0;1.0;0;0;20;3.5;0.6;2.65;3.6;345;128;14.47;12.91;0.892;0;1;0;0;0;1;0;0;0;1;0;292;42;163;68;0;82
2259.73;884;28;28;1;5.68;89;0;50;20;0;56;5;0.51;1.0;1.0;0;0;20;3.5;0.6;2.72;4.2;345;128;14.47;12.91;0.892;0;1;0;0;0;1;0;0;0;1;0;294;42;162;68;0;82
2260.15;845;26;26;1;5.28;89;0;50;20;0;55;4;0.48;1.0;1.0;0;0;20;3.25;0.6;2.56;3.7;345;128;14.47;13.41;0.927;0;1;0;0;0;1;0;0;0;1;0;289;42;162;68;0;82
2260.56;781;25;25;1;5.22;90;0;50;20;0;55;4;0.48;1.0;1.0;0;0;20;3.12;0.6;2.54;3.4;345;128;14.47;13.41;0.927;0;1;0;0;0;1;0;0;0;1;0;285;42;162;67;0;78
2260.94;820;26;26;1;5.38;89;0;50;20;0;55;5;0.48;1.0;1.0;0;0;20;3.25;0.6;2.6;3.7;345;128;14.47;13.41;0.927;0;1;0;0;0;1;0;0;0;1;0;290;42;162;67;0;82
2261.36;845;28;28;1;5.67;90;0;50;20;0;56;5;0.5;1.0;1.0;0;0;20;3.5;0.6;2.72;4.0;345;128;14.47;14.31;0.989;0;1;0;0;0;1;0;0;0;1;0;296;42;161;68;0;82
2261.77;730;29;29;1;5.75;88;0;50;20;0;57;5;0.51;1.0;1.0;0;0;20;3.62;0.6;2.74;3.5;345;128;14.47;14.31;0.989;0;1;0;0;0;1;0;0;0;1;0;307;42;163;68;0;84
2262.15;807;28;28;1;5.57;88;0;50;20;0;57;5;0.51;1.0;1.0;0;0;20;3.5;0.6;2.67;3.7;345;128;14.47;14.11;0.975;0;1;0;0;0;1;0;0;0;1;0;303;42;163;68;0;84
2262.56;820;27;27;1;5.45;88;0;50;20;0;56;5;0.5;1.0;1.0;0;0;20;3.38;0.6;2.62;3.7;345;128;14.47;14.11;0.975;0;1;0;0;0;1;0;0;0;1;0;292;42;163;68;0;82
2262.96;768;27;27;1;5.47;88;0;50;20;0;56;5;0.51;1.0;1.0;0;0;20;3.38;0.6;2.63;3.5;345;128;14.47;14.11;0.975;0;1;0;0;0;1;0;0;0;1;0;293;42;163;68;0;76
2263.36;704;28;28;1;5.55;88;0;50;20;0;58;4;0.52;1.0;1.0;0;0;20;3.5;0.6;2.66;3.3;345;128;14.47;12.81;0.885;0;1;0;0;0;1;0;0;0;1;0;308;42;163;68;0;84
2263.77;820;29;29;1;5.78;89;0;50;20;0;58;5;0.51;1.0;1.0;0;0;20;3.62;0.6;2.76;3.9;345;128;14.47;12.81;0.885;0;1;0;0;0;1;0;0;0;1;0;314;42;159;67;0;84
2263.97;756;29;29;1;5.72;88;0;50;20;0;58;5;0.52;1.0;1.0;0;0;20;3.62;0.6;2.73;3.6;345;128;14.47;12.81;0.885;0;1;0;0;0;1;0;0;0;1;0;310;42;163;68;0;84
2264.37;730;28;28;1;5.65;88;0;50;20;0;58;4;0.52;1.0;1.0;0;0;20;3.5;0.6;2.7;3.4;345;128;14.47;13.41;0.927;0;1;0;0;0;1;0;0;0;1;0;309;42;163;68;0;84
2264.76;832;30;30;1;5.87;88;0;50;20;0;58;5;0.51;1.0;1.0;0;0;20;3.75;0.6;2.79;4.1;345;128;14.47;13.41;0.927;0;1;0;0;0;1;0;0;0;1;0;308;42;163;67;0;84
2265.16;871;27;27;1;5.42;90;0;50;20;0;55;5;0.48;1.0;1.0;0;0;20;3.38;0.6;2.62;3.9;345;128;14.47;14.31;0.989;0;1;0;0;0;1;0;0;0;1;0;290;42;160;67;0;82
2265.57;820;24;24;1;4.96;89;0;50;20;0;54;4;0.46;1.0;1.0;0;0;20;3.0;0.6;2.43;3.4;345;128;14.47;14.31;0.989;0;1;0;0;0;1;0;0;0;1;0;283;42;162;68;0;82
2265.98;781;25;25;1;5.13;89;0;50;20;0;55;4;0.48;1.0;1.0;0;0;20;3.12;0.6;2.5;3.3;345;128;14.47;14.31;0.989;0;1;0;0;0;1;0;0;0;1;0;287;42;162;68;0;82
2266.38;807;26;26;1;5.23;89;0;50;20;0;55;4;0.48;1.0;1.0;0;0;20;3.25;0.6;2.54;3.5;345;128;14.47;14.01;0.968;0;1;0;0;0;1;0;0;0;1;0;291;42;162;68;0;82
2266.79;781;27;27;1;5.48;89;0;50;20;0;56;5;0.51;1.0;1.0;0;0;20;3.38;0.6;2.64;3.6;345;128;14.47;14.01;0.968;0;1;0;0;0;1;0;0;0;1;0;292;42;162;68;0;82
2267.17;768;28;29;1;5.68;89;0;50;20;0;57;4;0.51;1.0;1.0;0;0;20;3.5;0.6;2.72;3.6;345;128;14.47;14.11;0.975;0;1;0;0;0;1;0;0;0;1;0;305;42;162;68;0;84
2267.59;781;30;30;1;5.9;88;0;50;20;0;58;5;0.52;1.0;1.0;0;0;20;3.75;0.6;2.8;3.8;345;128;14.47;14.11;0.975;0;1;0;0;0;1;0;0;0;1;0;312;42;163;69;0;84
2267.98;884;29;29;1;5.72;88;0;50;20;0;57;5;0.51;1.0;1.0;0;0;20;3.62;0.6;2.73;4.2;345;128;14.47;14.11;0.975;0;1;0;0;0;1;0;0;0;1;0;300;42;163;69;0;83
2268.38;820;28;28;1;5.67;88;0;50;20;0;56;5;0.5;1.0;1.0;0;0;20;3.5;0.6;2.71;3.9;345;128;14.47;12.81;0.885;0;1;0;0;0;1;0;0;0;1;0;293;42;163;69;0;83
2268.79;832;27;27;1;5.51;89;0;50;20;0;56;5;0.5;1.0;1.0;0;0;20;3.38;0.6;2.65;3.8;345;128;14.47;12.81;0.885;0;1;0;0;0;1;0;0;0;1;0;297;42;162;69;0;83
2269.19;781;27;27;1;5.48;89;0;50;20;0;56;5;0.51;1.0;1.0;0;0;20;3.38;0.6;2.64;3.6;345;128;14.47;13.01;0.899;0;1;0;0;0;1;0;0;0;1;0;295;42;163;69;0;82
2269.59;820;25;25;1;5.2;88;0;50;20;0;55;4;0.48;1.0;1.0;0;0;20;3.12;0.6;2.52;3.6;345;128;14.47;13.01;0.899;0;1;0;0;0;1;0;0;0;1;0;289;42;163;70;0;82
2269.8;781;25;25;1;5.21;89;0;50;20;0;55;4;0.48;1.0;1.0;0;0;20;3.12;0.6;2.53;3.4;345;128;14.47;13.01;0.899;0;1;0;0;0;1;0;0;0;1;0;288;42;162;68;0;82
2270.21;781;28;28;1;5.65;90;0;50;20;0;56;5;0.51;1.0;1.0;0;0;20;3.5;0.6;2.71;3.7;345;128;14.47;13.51;0.934;0;1;0;0;0;1;0;0;0;1;0;294;42;161;70;0;83
2270.61;845;27;27;1;5.51;89;0;50;20;0;56;5;0.5;1.0;1.0;0;0;20;3.38;0.6;2.65;3.9;345;128;14.47;13.51;0.934;0;1;0;0;0;1;0;0;0;1;0;294;42;162;70;0;83
2270.99;781;25;25;1;5.15;88;0;50;20;0;55;4;0.48;1.0;1.0;0;0;20;3.12;0.6;2.5;3.4;345;128;14.47;13.51;0.934;0;1;0;0;0;1;0;0;0;1;0;289;42;162;68;0;82
2271.41;768;26;26;1;5.22;88;0;50;20;0;55;4;0.48;1.0;1.0;0;0;20;3.25;0.6;2.53;3.3;345;128;14.47;13.41;0.927;0;1;0;0;0;1;0;0;0;1;0;287;42;163;68;0;82
2271.8;832;26;26;1;5.36;89;0;50;20;0;55;4;0.48;1.0;1.0;0;0;20;3.25;0.6;2.59;3.7;345;128;14.47;13.41;0.927;0;1;0;0;0;1;0;0;0;1;0;291;42;162;69;0;82
2272.2;807;26;26;1;5.26;89;0;50;20;0;55;4;0.48;1.0;1.0;0;0;20;3.25;0.6;2.55;3.5;345;128;14.47;14.11;0.975;0;1;0;0;0;1;0;0;0;1;0;285;42;162;69;0;82
2272.61;820;26;26;1;5.31;89;0;50;20;0;55;4;0.48;1.0;1.0;0;0;20;3.25;0.6;2.57;3.6;345;128;14.47;14.11;0.975;0;1;0;0;0;1;0;0;0;1;0;287;42;162;70;0;75
2273.01;832;28;28;1;5.56;89;0;50;20;0;56;5;0.5;1.0;1.0;0;0;20;3.5;0.6;2.67;3.9;345;128;14.47;14.11;0.975;0;1;0;0;0;1;0;0;0;1;0;292;42;162;70;0;82
2273.42;768;25;26;1;5.18;87;0;50;20;0;55;4;0.48;1.0;1.0;0;0;20;3.12;0.6;2.51;3.3;345;128;14.47;13.01;0.899;0;1;0;0;0;1;0;0;0;1;0;289;42;164;70;0;82
2273.81;948;25;25;1;5.02;88;0;50;20;0;53;5;0.45;1.0;1.0;0;0;20;3.12;0.6;2.45;4.0;345;128;14.47;13.01;0.899;0;1;0;0;0;1;0;0;0;1;0;273;42;162;70;0;78
2274.22;666;27;27;1;5.52;90;0;50;20;0;56;4;0.52;1.0;1.0;0;0;20;3.38;0.6;2.66;3.1;345;128;14.7;13.91;0.946;0;1;0;0;0;1;0;0;0;1;0;293;42;161;69;0;90
2274.63;730;33;33;1;6.37;90;0;50;20;0;61;5;0.53;1.0;1.0;0;0;20;4.12;0.6;3.0;3.9;345;128;14.59;13.91;0.953;0;1;0;0;0;1;0;0;0;1;0;335;42;161;70;0;86
2275.02;820;30;30;1;5.97;88;0;50;20;0;59;5;0.51;1.0;1.0;0;0;20;3.75;0.6;2.83;4.1;345;128;14.47;13.91;0.961;0;1;0;0;0;1;0;0;0;1;0;317;42;163;70;0;85
2275.42;781;28;28;1;5.6;88;0;50;20;0;57;5;0.51;1.0;1.0;0;0;20;3.5;0.6;2.68;3.6;345;128;14.47;13.61;0.941;0;1;0;0;0;1;0;0;0;1;0;302;42;163;71;0;83
2275.82;832;26;26;1;5.27;88;0;50;20;0;55;5;0.48;1.0;1.0;0;0;20;3.25;0.6;2.55;3.7;345;128;14.47;13.61;0.941;0;1;0;0;0;1;0;0;0;1;0;288;42;163;70;0;82
2276.04;781;27;27;1;5.37;88;0;50;20;0;55;4;0.48;1.0;1.0;0;0;20;3.38;0.6;2.59;3.5;345;128;14.47;13.61;0.941;0;1;0;0;0;1;0;0;0;1;0;290;42;163;70;0;82
2276.43;871;28;28;1;5.6;88;0;50;20;0;56;5;0.51;1.0;1.0;0;0;20;3.5;0.6;2.68;4.1;345;128;14.47;13.81;0.954;0;1;0;0;0;1;0;0;0;1;0;294;42;163;70;0;90
2276.84;768;25;26;1;5.2;88;0;50;20;0;55;4;0.48;1.0;1.0;0;0;20;3.12;0.6;2.52;3.3;345;128;14.47;13.81;0.954;0;1;0;0;0;1;0;0;0;1;0;290;42;164;71;0;82
2277.23;820;27;27;1;5.43;87;0;50;20;0;55;5;0.48;1.0;1.0;0;0;20;3.38;0.6;2.61;3.7;345;128;14.47;12.31;0.851;0;1;0;0;0;1;0;0;0;1;0;291;42;163;69;0;82
2277.63;832;26;26;1;5.22;88;0;50;20;0;55;4;0.48;1.0;1.0;0;0;20;3.25;0.6;2.53;3.6;345;128;14.47;12.31;0.851;0;1;0;0;0;1;0;0;0;1;0;291;42;163;70;0;82
2278.04;781;26;26;1;5.27;88;0;50;20;0;55;4;0.48;1.0;1.0;0;0;20;3.25;0.6;2.55;3.4;345;128;14.47;12.31;0.851;0;1;0;0;0;1;0;0;0;1;0;289;42;163;71;0;82
2278.44;845;28;28;1;5.55;88;0;50;20;0;56;5;0.5;1.0;1.0;0;0;20;3.5;0.6;2.66;3.9;345;128;14.47;13.11;0.906;0;1;0;0;0;1;0;0;0;1;0;293;42;164;68;0;90
2278.84;679;27;27;1;5.5;90;0;50;20;0;56;4;0.52;1.0;1.0;0;0;20;3.38;0.6;2.65;3.1;345;128;14.47;13.11;0.906;0;1;0;0;0;1;0;0;0;1;0;293;42;160;67;0;82
2279.24;704;30;30;1;5.88;89;0;50;20;0;58;4;0.52;1.0;1.0;0;0;20;3.75;0.6;2.8;3.4;345;128;14.47;12.51;0.865;0;1;0;0;0;1;0;0;0;1;0;310;42;162;68;0;84
2279.64;730;29;29;1;5.75;88;0;50;20;0;58;4;0.52;1.0;1.0;0;0;20;3.62;0.6;2.74;3.5;345;128;14.47;12.51;0.865;0;1;0;0;0;1;0;0;0;1;0;314;42;163;70;0;83
2280.06;832;29;29;1;5.71;87;0;50;20;0;57;5;0.5;1.0;1.0;0;0;20;3.62;0.6;2.72;4.0;345;128;14.47;12.51;0.865;0;1;0;0;0;1;0;0;0;1;0;306;42;164;71;0;84
2280.46;781;27;27;1;5.5;88;0;52;20;0;56;5;0.51;1.0;1.0;0;0;18;3.38;0.6;2.64;3.6;345;128;14.47;14.41;0.996;0;1;0;0;0;1;0;0;0;1;0;296;42;163;68;0;83
2280.85;820;26;26;1;5.31;89;0;50;20;0;55;5;0.48;1.0;1.0;0;0;20;3.25;0.6;2.57;3.6;345;128;14.47;14.41;0.996;0;1;0;0;0;1;0;0;0;1;0;287;42;162;70;0;82
2281.25;896;21;21;1;4.53;89;0;50;20;0;52;4;0.43;1.0;1.0;0;0;20;2.62;0.6;2.26;3.4;345;128;14.7;14.81;1.007;0;1;0;0;0;1;0;0;0;1;0;261;42;162;71;0;77
2281.65;730;24;24;1;4.95;90;0;50;20;0;54;4;0.47;1.0;1.0;0;0;20;3.0;0.6;2.43;3.0;345;128;14.47;14.81;1.023;0;1;0;0;0;1;0;0;0;1;0;281;42;161;70;0;82
2281.85;704;27;28;1;5.52;90;0;50;20;0;57;4;0.51;1.0;1.0;0;0;20;3.38;0.6;2.66;3.2;345;128;14.47;14.81;1.023;0;1;0;0;0;1;0;0;0;1;0;305;42;160;70;0;84
2282.26;884;29;29;1;5.76;89;0;50;20;0;57;5;0.51;1.0;1.0;0;0;20;3.62;0.6;2.75;4.2;345;128;14.47;15.01;1.037;0;1;0;0;0;1;0;0;0;1;0;307;42;163;70;0;77
2282.65;871;27;27;1;5.51;89;0;50;20;0;55;5;0.48;1.0;1.0;0;0;20;3.38;0.6;2.65;4.0;345;128;14.47;15.01;1.037;0;1;0;0;0;1;0;0;0;1;0;287;42;162;70;0;82
2283.06;832;26;26;1;5.35;88;0;50;20;0;55;5;0.48;1.0;1.0;0;0;20;3.25;0.6;2.58;3.7;345;128;14.47;15.01;1.037;0;1;0;0;0;1;0;0;0;1;0;285;42;163;70;0;82
2283.48;871;27;27;1;5.38;89;0;50;20;0;55;4;0.48;1.0;1.0;0;0;20;3.38;0.6;2.6;3.9;345;128;14.47;13.61;0.941;0;1;0;0;0;1;0;0;0;1;0;291;42;162;70;0;82
2283.86;845;26;26;1;5.28;89;0;50;20;0;55;4;0.48;1.0;1.0;0;0;20;3.25;0.6;2.56;3.7;345;128;14.47;13.61;0.941;0;1;0;0;0;1;0;0;0;1;0;289;42;163;71;0;82
2284.26;781;25;25;1;5.18;89;0;50;20;0;55;4;0.48;1.0;1.0;0;0;20;3.12;0.6;2.52;3.4;345;128;14.47;14.41;0.996;0;1;0;0;0;1;0;0;0;1;0;286;42;162;70;0;82
2284.66;781;28;28;1;5.63;89;0;50;20;0;56;5;0.51;1.0;1.0;0;0;20;3.5;0.6;2.7;3.7;345;128;14.47;14.41;0.996;0;1;0;0;0;1;0;0;0;1;0;292;42;162;71;0;90
2285.08;845;26;26;1;5.28;89;0;50;20;0;55;4;0.48;1.0;1.0;0;0;20;3.25;0.6;2.56;3.7;345;128;14.47;14.41;0.996;0;1;0;0;0;1;0;0;0;1;0;290;42;162;70;0;82
2285.47;768;25;25;1;5.18;89;0;50;20;0;55;4;0.48;1.0;1.0;0;0;20;3.12;0.6;2.52;3.3;345;128;14.47;14.41;0.996;0;1;0;0;0;1;0;0;0;1;0;289;42;163;71;0;76
2285.87;768;27;27;1;5.51;89;0;50;20;0;55;5;0.48;1.0;1.0;0;0;20;3.38;0.6;2.65;3.5;345;128;14.47;14.41;0.996;0;1;0;0;0;1;0;0;0;1;0;290;42;162;70;0;83
2286.28;845;26;26;1;5.27;88;0;55;15;0;55;4;0.48;1.0;1.0;0;0;15;3.25;0.6;2.55;3.7;345;128;14.47;14.11;0.975;0;1;0;0;1;1;0;0;0;1;0;290;42;163;71;0;90
2286.67;973;25;25;1;5.03;87;0;55;15;0;53;5;0.46;1.0;1.0;0;0;15;3.12;0.6;2.45;4.1;345;128;14.47;14.11;0.975;0;1;0;0;1;1;0;0;0;1;0;275;42;165;71;0;81
2287.07;1140;19;19;1;4.16;87;0;54;16;0;49;5;0.4;1.0;1.0;0;0;16;2.38;0.6;2.1;4.0;345;128;14.7;14.11;0.96;0;1;0;0;1;1;0;0;0;1;0;247;42;165;71;0;75
2287.47;1050;17;17;1;3.77;88;0;55;15;0;48;4;0.37;1.0;1.0;0;0;15;2.12;0.6;1.95;3.3;345;128;14.7;13.81;0.939;0;1;0;0;1;1;0;0;0;1;0;239;42;163;70;0;75
2287.88;884;17;17;1;3.82;88;0;55;15;0;49;3;0.36;1.0;1.0;0;0;15;2.12;0.6;1.97;2.8;345;128;14.7;13.81;0.939;0;1;0;0;1;1;0;0;0;1;0;247;42;163;72;0;76
2288.09;807;20;20;1;4.21;87;0;55;15;0;51;3;0.41;1.0;1.0;0;0;15;2.5;0.6;2.12;2.8;345;128;14.7;13.81;0.939;0;1;0;0;1;1;0;0;0;1;0;259;42;164;70;0;77
2288.49;922;20;20;1;4.33;87;0;55;15;0;51;4;0.41;1.0;1.0;0;0;15;2.5;0.6;2.17;3.3;345;128;14.7;14.11;0.96;0;1;0;0;1;1;0;0;0;1;0;257;42;165;71;0;76
2288.88;884;21;21;1;4.43;87;0;55;15;0;51;4;0.41;1.0;1.0;0;0;15;2.62;0.6;2.21;3.3;345;128;14.7;14.11;0.96;0;1;0;0;1;1;0;0;0;1;0;252;42;165;70;0;76
2289.3;973;19;19;1;4.18;87;0;55;15;0;50;4;0.4;1.0;1.0;0;0;15;2.38;0.6;2.11;3.4;345;128;14.7;14.71;1.001;0;1;0;0;1;1;0;0;0;1;0;250;42;165;72;0;72
2289.69;832;20;20;1;4.31;87;0;55;15;0;51;4;0.4;1.0;1.0;0;0;15;2.5;0.6;2.16;3.0;345;128;14.7;14.71;1.001;0;1;0;0;1;1;0;0;0;1;0;252;42;165;71;0;76
2290.11;807;20;20;1;4.28;87;0;55;15;0;51;3;0.41;1.0;1.0;0;0;15;2.5;0.6;2.15;2.9;345;128;14.7;14.71;1.001;0;1;0;0;1;1;0;0;0;1;0;252;42;165;71;0;72
2290.51;832;19;19;1;4.11;87;0;55;15;0;51;3;0.4;1.0;1.0;0;0;15;2.38;0.6;2.08;2.8;345;128;14.7;15.91;1.082;0;1;0;0;1;1;0;0;0;1;0;252;42;165;70;0;76
2290.9;935;20;20;1;4.28;87;0;55;15;0;51;4;0.41;1.0;1.0;0;0;15;2.5;0.6;2.15;3.3;345;128;14.7;15.91;1.082;0;1;0;0;1;1;0;0;0;1;0;252;42;165;71;0;73
2291.31;884;20;20;1;4.28;87;0;55;15;0;51;3;0.41;1.0;1.0;0;0;15;2.5;0.6;2.15;3.2;345;128;14.7;14.01;0.953;0;1;0;0;1;1;0;0;0;1;0;255;42;165;70;0;76
2291.71;922;21;21;1;4.38;89;0;55;15;0;51;4;0.41;1.0;1.0;0;0;15;2.62;0.6;2.2;3.4;345;128;14.7;14.01;0.953;0;1;0;0;1;1;0;0;0;1;0;253;42;162;70;0;75
2292.1;845;19;19;1;4.18;87;0;55;15;0;51;3;0.4;1.0;1.0;0;0;15;2.38;0.6;2.11;2.9;345;128;14.7;14.01;0.953;0;1;0;0;1;1;0;0;0;1;0;253;42;165;69;0;75
2292.5;820;19;19;1;4.13;87;0;55;15;0;51;3;0.4;1.0;1.0;0;0;15;2.38;0.6;2.09;2.8;345;128;14.7;13.91;0.946;0;1;0;0;1;1;0;0;0;1;0;253;42;165;69;0;76
2292.9;781;20;20;1;4.26;87;0;55;15;0;51;3;0.41;1.0;1.0;0;0;15;2.5;0.6;2.14;2.8;345;128;14.7;13.91;0.946;0;1;0;0;1;1;0;0;0;1;0;256;42;165;70;0;77
2293.32;820;20;20;1;4.33;87;0;55;15;0;51;3;0.4;1.0;1.0;0;0;15;2.5;0.6;2.17;3.0;345;128;14.7;13.81;0.939;0;1;0;0;1;1;0;0;0;1;0;257;42;165;70;0;76
2293.71;820;19;19;1;4.06;87;0;55;15;0;50;3;0.38;1.0;1.0;0;0;15;2.38;0.6;2.06;2.8;345;128;14.7;13.81;0.939;0;1;0;0;1;1;0;0;0;1;0;249;42;165;69;0;76
2294.11;832;18;18;1;3.98;87;0;55;15;0;50;3;0.38;1.0;1.0;0;0;15;2.25;0.6;2.03;2.8;345;128;14.7;13.81;0.939;0;1;0;0;1;1;0;0;0;1;0;249;42;165;71;0;76
2294.31;820;20;20;1;4.26;87;0;55;15;0;51;3;0.4;1.0;1.0;0;0;15;2.5;0.6;2.14;2.9;345;128;14.7;13.81;0.939;0;1;0;0;1;1;0;0;0;1;0;253;42;165;70;0;76
2294.71;832;19;19;1;4.08;87;0;55;15;0;50;3;0.38;1.0;1.0;0;0;15;2.38;0.6;2.07;2.8;345;128;14.7;13.81;0.939;0;1;0;0;1;1;0;0;0;1;0;250;42;165;70;0;76
2295.11;832;20;20;1;4.26;87;0;55;15;0;51;3;0.4;1.0;1.0;0;0;15;2.5;0.6;2.14;3.0;345;128;14.7;13.81;0.939;0;1;0;0;1;1;0;0;0;1;0;252;42;165;72;0;76
2295.51;820;19;19;1;4.16;87;0;55;15;0;50;3;0.38;1.0;1.0;0;0;15;2.38;0.6;2.1;2.8;345;128;14.7;14.21;0.967;0;1;0;0;1;1;0;0;0;1;0;251;42;165;70;0;76
2295.92;781;19;19;1;4.18;87;0;55;15;0;51;3;0.41;1.0;1.0;0;0;15;2.38;0.6;2.11;2.7;345;128;14.7;14.21;0.967;0;1;0;0;1;1;0;0;0;1;0;252;42;165;71;0;76
2296.33;820;18;18;1;4.01;87;0;55;15;0;50;3;0.38;1.0;1.0;0;0;15;2.25;0.6;2.04;2.7;345;128;14.7;14.41;0.98;0;1;0;0;1;1;0;0;0;1;0;251;42;165;70;0;76
2296.73;845;20;20;1;4.21;87;0;55;15;0;51;3;0.4;1.0;1.0;0;0;15;2.5;0.6;2.12;3.0;345;128;14.7;14.41;0.98;0;1;0;0;1;1;0;0;0;1;0;252;42;164;70;0;76
2297.13;820;20;20;1;4.21;87;0;55;15;0;51;3;0.4;1.0;1.0;0;0;15;2.5;0.6;2.12;2.9;345;128;14.7;14.41;0.98;0;1;0;0;1;1;0;0;0;1;0;253;42;165;71;0;76
2297.53;435;29;29;1;0.0;87;0;50;20;0;61;3;0.55;1.0;1.0;0;0;20;3.62;0.6;0.43;0.0;345;128;14.7;14.11;0.96;1;1;0;0;0;1;0;0;0;1;0;335;42;163;55;0;86
2297.93;90;53;53;1;0.0;92;0;63;6;0;90;1;0.7;1.0;1.0;0;0;7;6.62;0.6;0.46;0.0;345;128;14.7;14.11;0.96;1;1;0;0;0;1;0;0;0;1;0;548;43;158;55;0;141
2298.33;0.0;20;20;1;0.0;92;0;56;20;0;110;0;0.84;1.0;1.0;0;0;14;2.5;0.6;0.46;;345;128;14.7;14.71;1.001;1;1;0;0;0;1;0;0;1;1;1;701;43;157;55;0;155
2298.73;0.0;20;20;1;0.0;93;0;56;20;0;110;0;0.84;1.0;1.0;0;0;14;2.5;0.6;0.47;;345;128;14.7;14.71;1.001;1;1;0;0;0;1;0;0;1;1;1;702;43;156;55;0;156
2299.16;0.0;20;20;1;0.0;93;0;56;20;0;110;0;0.84;1.0;1.0;0;0;14;2.5;0.6;0.47;;345;128;14.7;14.71;1.001;1;1;0;0;0;1;0;0;1;1;1;702;43;156;55;0;156
2299.55;0.0;0;0;0;7.5;93;0;50;20;0;110;0;0.84;1.0;1.0;0;0;20;0.0;0.0;3.46;;345;128;14.7;14.71;1.001;1;0;0;0;0;1;0;0;1;1;1;702;42;156;55;0;141
2299.94;0.0;0;0;0;7.5;91;0;50;20;0;110;0;0.84;1.0;1.0;0;0;20;0.0;0.0;3.46;;345;128;14.7;14.71;1.001;1;0;0;0;0;1;0;0;1;1;1;702;42;159;55;0;156
2300.16;0.0;0;0;0;7.5;91;0;50;20;0;110;0;0.84;1.0;1.0;0;0;20;0.0;0.0;3.46;;345;128;14.7;14.71;1.001;1;0;0;0;0;1;0;0;1;1;1;702;43;159;55;0;141
2300.54;0.0;0;0;0;7.5;91;0;50;20;0;110;0;0.84;1.0;1.0;0;0;20;0.0;0.0;3.46;;345;128;14.7;15.41;1.048;1;0;0;0;0;1;0;0;1;1;1;702;43;159;55;0;155
2300.96;0.0;0;0;0;7.5;91;0;50;20;0;110;0;0.84;1.0;1.0;0;0;20;0.0;0.0;3.46;;345;128;14.7;15.41;1.048;1;0;0;0;0;1;0;0;1;1;1;702;42;159;55;0;156
2301.36;0.0;0;0;0;7.5;92;0;50;20;0;110;0;0.84;1.0;1.0;0;0;20;0.0;0.0;3.46;;345;128;14.7;14.01;0.953;1;0;0;0;0;1;0;0;1;1;1;702;43;158;55;0;141
2301.75;0.0;0;0;0;7.5;92;0;50;20;0;110;0;0.84;1.0;1.0;0;0;20;0.0;0.0;3.46;;345;128;14.7;14.01;0.953;1;0;0;0;0;1;0;0;1;1;1;702;43;158;55;0;156
2302.16;0.0;0;0;0;7.5;92;0;50;20;0;110;0;0.84;1.0;1.0;0;0;20;0.0;0.0;3.46;;345;128;14.7;14.01;0.953;1;0;0;0;0;1;0;0;1;1;1;702;42;158;55;0;146
2302.55;0.0;0;0;0;7.5;92;0;50;20;0;110;0;0.84;1.0;1.0;0;0;20;0.0;0.0;3.46;;345;128;14.7;14.21;0.967;1;0;0;0;0;1;0;0;1;1;1;702;43;158;55;0;141
2302.97;0.0;0;0;0;7.5;92;0;50;20;0;110;0;0.84;1.0;1.0;0;0;20;0.0;0.0;3.46;;345;128;14.7;14.21;0.967;1;0;0;0;0;1;0;0;1;1;1;702;42;158;55;0;156
2303.36;0.0;0;0;0;7.5;92;0;50;20;0;110;0;0.84;1.0;1.0;0;0;20;0.0;0.0;3.46;;345;128;14.7;14.21;0.967;1;0;0;0;0;1;0;0;1;1;1;702;43;158;55;0;156
2303.77;0.0;0;0;0;7.5;92;0;50;20;0;111;0;0.85;1.0;1.0;0;0;20;0.0;0.0;3.46;;345;128;14.7;14.21;0.967;1;0;0;0;0;1;0;0;1;1;1;704;42;158;55;0;156
2304.17;0.0;0;0;0;7.5;92;0;50;20;0;110;0;0.84;1.0;1.0;0;0;20;0.0;0.0;3.46;;345;128;14.7;14.21;0.967;1;0;0;0;0;1;0;0;1;1;1;703;43;158;55;0;141
