Время, с;Обороты;Нагрузка (ось карт);Наполнение мгновенное;Дроссель открытие;Впрыск, мс;Мёртвое время форсунки;Обогащение ускорения;Смесь из карты (сырьё);УОЗ сырьё;УОЗ из карты;Поправка угла по детонации, °;Давление, кПа;Расход (прослойка);VE (ДАД);Ktps (ДАД);Коррекция по лямбде;Живая карта;Состояние указателя;УОЗ, градусы;Нагрузка TP;Газ, %;Впрыск расчётный, мс;Загрузка форсунок, %;K форсунок;КМ (ДАД);AFR цель;AFR факт (ШДК);Поправка VE (факт/цель);ФЛАГ Отсечка;ФЛАГ Впрыск разрешён;ФЛАГ Замкнутый цикл;ФЛАГ Крэнк;ФЛАГ Нейтраль;ФЛАГ Холостой ход;ФЛАГ Стартер;ФЛАГ Неисправность TPS;ФЛАГ $0053.08 гейт наката;ФЛАГ $0053.40 гейт наката;ФЛАГ $0053.80 не разобран;АЦП Расходомер/ДАД;АЦП Дроссель;АЦП Напряжение борта;АЦП Температура ОЖ;АЦП Лямбда;АЦП канал 9 (свободный)
14.28;;;;;;;;;;;;;;;;;;;;;;;;345;128;;15.2;;;;;;;;;;;;;;;;;;
14.65;0.0;0;0;0;8.75;100;0;64;50;28;0;108;0;0.69;1.0;1.0;0;0;20;0.0;0.0;4.0;;345;128;14.7;15.2;1.034;0;0;0;0;1;1;0;0;0;1;0;685;42;146;114;0;155
15.02;0.0;0;0;0;8.75;100;0;64;50;28;0;108;0;0.69;1.0;1.0;0;0;20;0.0;0.0;4.0;;345;128;14.7;15.2;1.034;0;0;0;0;1;1;0;0;0;1;0;685;42;146;114;0;155
15.42;0.0;0;0;0;8.75;100;0;64;50;28;0;108;0;0.69;1.0;1.0;0;0;20;0.0;0.0;4.0;;345;128;14.7;15.2;1.034;0;0;0;0;1;1;0;0;0;1;0;685;42;146;114;0;141
15.79;0.0;0;0;0;8.75;100;0;64;50;28;0;108;0;0.69;1.0;1.0;0;0;20;0.0;0.0;4.0;;345;128;14.7;17.7;1.204;0;0;0;0;1;1;0;0;0;1;0;685;42;146;114;0;154
16.19;0.0;0;0;0;8.75;100;0;64;50;28;0;108;0;0.69;1.0;1.0;0;0;20;0.0;0.0;4.0;;345;128;14.7;13.0;0.884;0;0;0;0;1;1;0;0;0;1;0;685;42;146;114;0;155
16.57;0.0;0;0;0;8.75;101;0;64;50;28;0;108;0;0.69;1.0;1.0;0;0;20;0.0;0.0;4.0;;345;128;14.7;13.0;0.884;0;0;0;0;1;1;0;0;0;1;0;685;42;145;114;0;155
16.6;0.0;0;0;0;8.75;101;0;64;50;28;0;108;0;0.69;1.0;1.0;0;0;20;0.0;0.0;4.0;;345;128;14.7;12.6;0.857;0;0;0;0;1;1;0;0;0;1;0;685;42;145;114;0;155
16.97;0.0;0;0;0;8.75;101;0;64;50;28;0;108;0;0.69;1.0;1.0;0;0;20;0.0;0.0;4.0;;345;128;14.7;12.6;0.857;0;0;0;0;1;1;0;0;0;1;0;685;42;145;114;0;154
17.35;0.0;0;0;0;8.75;101;0;64;50;28;0;108;0;0.69;1.0;1.0;0;0;20;0.0;0.0;4.0;;345;128;14.7;12.6;0.857;0;0;0;0;1;1;0;0;0;1;0;685;42;145;114;0;155
17.38;0.0;0;0;0;8.75;101;0;64;50;28;0;108;0;0.69;1.0;1.0;0;0;20;0.0;0.0;4.0;;345;128;14.7;16.7;1.136;0;0;0;0;1;1;0;0;0;1;0;685;42;145;114;0;155
17.74;0.0;0;0;0;8.75;102;0;64;50;28;0;108;0;0.69;1.0;1.0;0;0;20;0.0;0.0;4.01;;345;128;14.7;17.0;1.156;0;0;0;0;1;1;0;0;0;1;0;685;42;144;114;0;155
18.13;0.0;0;0;0;8.75;102;0;64;50;28;0;108;0;0.69;1.0;1.0;0;0;20;0.0;0.0;4.01;;345;128;14.7;15.5;1.054;0;0;0;0;1;1;0;0;0;1;0;686;42;144;114;0;154
18.54;0.0;0;0;0;8.75;102;0;64;50;28;0;108;0;0.69;1.0;1.0;0;0;20;0.0;0.0;4.01;;345;128;14.7;13.7;0.932;0;0;0;0;1;1;0;0;0;1;0;685;42;144;114;0;155
18.92;0.0;0;0;0;8.75;102;0;64;50;28;0;108;0;0.69;1.0;1.0;0;0;20;0.0;0.0;4.01;;345;128;14.7;13.7;0.932;0;0;0;0;1;1;0;0;0;1;0;685;42;144;114;0;154
18.95;0.0;0;0;0;8.75;102;0;64;50;28;0;108;0;0.69;1.0;1.0;0;0;20;0.0;0.0;4.01;;345;128;14.7;13.0;0.884;0;0;0;0;1;1;0;0;0;1;0;685;42;144;114;0;154
19.3;0.0;0;0;0;8.75;102;0;64;50;28;0;108;0;0.69;1.0;1.0;0;0;20;0.0;0.0;4.01;;345;128;14.7;13.2;0.898;0;0;0;0;1;1;0;0;0;1;0;685;42;144;114;0;155
19.7;0.0;0;0;0;8.75;101;0;64;50;28;0;108;0;0.69;1.0;1.0;0;0;20;0.0;0.0;4.0;;345;128;14.7;14.21;0.967;0;0;0;0;1;1;0;0;0;1;0;685;42;145;114;0;146
20.09;0.0;0;0;0;8.75;101;0;64;50;28;0;108;0;0.69;1.0;1.0;0;0;20;0.0;0.0;4.0;;345;128;14.7;14.21;0.967;0;0;0;0;1;1;0;0;0;1;0;685;42;144;114;0;154
20.48;0.0;0;0;0;8.75;101;0;64;50;28;0;108;0;0.69;1.0;1.0;0;0;20;0.0;0.0;4.0;;345;128;14.7;14.21;0.967;0;0;0;0;1;1;0;0;0;1;0;685;42;145;114;0;155
20.86;0.0;0;0;0;8.75;101;0;64;50;28;0;108;0;0.69;1.0;1.0;0;0;20;0.0;0.0;4.0;;345;128;14.7;14.62;0.995;0;0;0;0;1;1;0;0;0;1;0;685;42;145;114;0;155
21.24;0.0;0;0;0;8.75;101;0;64;50;28;0;108;0;0.69;1.0;1.0;0;0;20;0.0;0.0;4.0;;345;128;14.7;14.62;0.995;0;0;0;0;1;1;0;0;0;1;0;685;42;145;114;0;154
21.64;0.0;0;0;0;8.75;101;0;64;50;28;0;108;0;0.69;1.0;1.0;0;0;20;0.0;0.0;4.0;;345;128;14.7;14.62;0.995;0;0;0;0;1;1;0;0;0;1;0;684;42;145;114;0;155
22.02;0.0;0;0;0;8.75;101;0;64;50;28;0;108;0;0.69;1.0;1.0;0;0;20;0.0;0.0;4.0;;345;128;14.7;13.81;0.939;0;0;0;0;1;1;0;0;0;1;0;684;42;145;114;0;155
22.04;0.0;0;0;0;8.75;101;0;64;50;28;0;108;0;0.69;1.0;1.0;0;0;20;0.0;0.0;4.0;;345;128;14.7;13.81;0.939;0;0;0;0;1;1;0;0;0;1;0;684;42;145;114;0;155
22.42;0.0;0;0;0;8.75;101;0;64;50;28;0;108;0;0.69;1.0;1.0;0;0;20;0.0;0.0;4.0;;345;128;14.7;13.81;0.939;0;0;0;0;1;1;0;0;0;1;0;684;42;145;114;0;146
22.8;0.0;0;0;0;8.75;101;0;64;50;28;0;108;0;0.69;1.0;1.0;0;0;20;0.0;0.0;4.0;;345;128;14.7;17.62;1.199;0;0;0;0;1;1;0;0;0;1;0;684;42;145;114;0;154
22.83;0.0;0;0;0;8.75;101;0;64;50;28;0;108;0;0.69;1.0;1.0;0;0;20;0.0;0.0;4.0;;345;128;14.7;17.62;1.199;0;0;0;0;1;1;0;0;0;1;0;684;42;145;114;0;154
23.2;0.0;0;0;0;8.75;101;0;64;50;28;0;107;0;0.68;1.0;1.0;0;0;20;0.0;0.0;4.0;;345;128;14.7;17.62;1.199;0;0;0;0;1;1;0;0;0;1;0;683;42;145;114;0;155
23.59;0.0;0;0;0;8.75;101;0;64;50;28;0;107;0;0.68;1.0;1.0;0;0;20;0.0;0.0;4.0;;345;128;14.7;17.62;1.199;0;0;0;0;1;1;0;0;0;1;0;683;42;145;114;0;155
23.98;0.0;0;0;0;8.75;101;0;64;50;28;0;107;0;0.68;1.0;1.0;0;0;20;0.0;0.0;4.0;;345;128;14.7;14.41;0.98;0;0;0;0;1;1;0;0;0;1;0;683;42;145;114;0;140
24.37;0.0;0;0;0;8.75;101;0;64;50;28;0;107;0;0.68;1.0;1.0;0;0;20;0.0;0.0;4.0;;345;128;14.7;14.41;0.98;0;0;0;0;1;1;0;0;0;1;0;683;42;145;114;0;155
24.77;0.0;0;0;0;8.75;101;0;64;50;28;0;107;0;0.68;1.0;1.0;0;0;20;0.0;0.0;4.0;;345;128;14.7;13.81;0.939;0;0;0;0;1;1;0;0;0;1;0;683;42;145;114;0;155
25.14;0.0;0;0;0;8.75;101;0;64;50;28;0;107;0;0.68;1.0;1.0;0;0;20;0.0;0.0;4.0;;345;128;14.7;13.81;0.939;0;0;0;0;1;1;0;0;0;1;0;682;42;145;114;0;155
25.53;0.0;0;0;0;8.75;102;0;64;50;28;0;107;0;0.68;1.0;1.0;0;0;20;0.0;0.0;4.01;;345;128;14.7;13.81;0.939;0;0;0;0;1;1;0;0;0;1;0;682;42;144;114;0;154
25.93;0.0;0;0;0;8.75;102;0;64;50;28;0;107;0;0.68;1.0;1.0;0;0;20;0.0;0.0;4.01;;345;128;14.7;16.32;1.11;0;0;0;0;1;1;0;0;0;1;0;682;42;144;114;0;155
26.31;0.0;0;0;0;8.75;102;0;64;50;28;0;107;0;0.68;1.0;1.0;0;0;20;0.0;0.0;4.01;;345;128;14.7;16.32;1.11;0;0;0;0;1;1;0;0;0;1;0;678;42;144;114;0;154
26.69;0.0;0;0;0;8.75;102;0;64;50;28;0;107;0;0.68;1.0;1.0;0;0;20;0.0;0.0;4.01;;345;128;14.7;14.21;0.967;0;0;0;0;1;1;0;0;0;1;0;682;42;144;114;0;155
27.09;0.0;0;0;0;8.75;102;0;64;50;28;0;107;0;0.68;1.0;1.0;0;0;20;0.0;0.0;4.01;;345;128;14.7;14.21;0.967;0;0;0;0;1;1;0;0;0;1;0;682;42;144;114;0;155
27.48;0.0;0;0;0;8.75;102;0;64;50;28;0;107;0;0.68;1.0;1.0;0;0;20;0.0;0.0;4.01;;345;128;14.7;14.21;0.967;0;0;0;0;1;1;0;0;0;1;0;683;42;144;114;0;154
27.85;166;67;67;0;10;115;0;64;56;16;0;101;2;0.65;1.0;1.0;0;0;14;8.38;0.0;4.63;1.4;345;128;14.7;14.31;0.973;0;1;0;1;1;1;1;0;0;1;0;632;40;123;113;2;114
27.88;166;67;67;0;10;115;0;64;56;16;0;101;2;0.65;1.0;1.0;0;0;14;8.38;0.0;4.63;1.4;345;128;14.7;14.31;0.973;0;1;0;1;1;1;1;0;0;1;0;632;40;123;113;2;114
28.26;205;61;61;0;9.27;115;0;64;54;16;0;98;3;0.63;1.0;1.0;0;0;16;7.62;0.3;4.28;1.6;345;128;14.7;14.31;0.973;0;1;0;1;1;1;1;0;0;1;0;612;41;126;113;2;113
28.63;1319;34;34;0;8.07;104;0;64;50;21;0;66;10;0.48;1.0;1.0;0;0;20;4.25;0.6;3.75;8.9;345;128;14.7;14.31;0.973;0;1;0;0;1;1;1;0;0;1;0;375;42;141;114;1;91
28.66;1319;34;34;0;8.07;104;0;64;50;21;0;66;10;0.48;1.0;1.0;0;0;20;4.25;0.6;3.75;8.9;345;128;14.7;14.31;0.973;0;1;0;0;1;1;1;0;0;1;0;375;42;141;114;1;91
29.04;1447;18;18;0;4.71;91;0;64;42;28;0;47;6;0.39;1.0;1.0;0;0;28;2.25;0.6;2.34;5.7;345;128;14.7;13.91;0.946;0;1;0;0;1;1;0;0;0;1;0;228;42;159;115;2;70
29.43;871;19;19;0;4.92;92;0;64;47;23;0;51;3;0.38;1.0;1.0;0;0;23;2.38;0.6;2.43;3.6;345;128;14.7;13.91;0.946;0;1;0;0;1;1;0;0;0;1;0;259;42;157;115;2;76
29.8;922;22;22;0;5.53;93;0;65;47;23;0;55;4;0.41;1.0;1.0;0;0;23;2.75;0.6;2.68;4.2;345;128;14.7;14.82;1.008;0;1;0;0;1;1;0;0;0;1;0;285;42;156;115;2;82
30.19;871;22;22;0;5.56;91;0;66;47;23;0;55;4;0.41;1.0;1.0;0;0;23;2.75;0.6;2.68;4.0;345;128;14.7;14.82;1.008;0;1;0;0;1;1;0;0;0;1;0;290;42;159;115;2;82
30.58;845;21;21;0;5.4;92;0;65;47;23;0;55;4;0.41;1.0;1.0;0;0;23;2.62;0.6;2.62;3.8;345;128;14.7;14.82;1.008;0;1;0;0;1;1;0;0;0;1;0;285;42;158;115;1;82
30.98;922;22;22;0;5.57;92;0;65;47;23;0;55;4;0.41;1.0;1.0;0;0;23;2.75;0.6;2.69;4.3;345;128;14.7;15.42;1.049;0;1;0;0;1;1;0;0;0;1;0;289;42;158;115;1;82
31.38;820;21;21;0;5.18;91;0;65;47;23;0;54;4;0.4;1.0;1.0;0;0;23;2.62;0.6;2.53;3.5;345;128;14.7;15.42;1.049;0;1;0;0;1;1;0;0;0;1;0;281;42;159;115;1;82
31.75;820;22;22;0;5.52;90;0;66;47;23;0;56;4;0.41;1.0;1.0;0;0;23;2.75;0.6;2.66;3.8;345;128;14.7;16.52;1.124;0;1;0;0;1;1;0;0;0;1;0;299;42;161;115;1;83
31.77;820;22;22;0;5.52;90;0;66;47;23;0;56;4;0.41;1.0;1.0;0;0;23;2.75;0.6;2.66;3.8;345;128;14.7;16.52;1.124;0;1;0;0;1;1;0;0;0;1;0;299;42;161;115;1;83
32.14;948;23;23;0;5.68;91;0;66;47;23;0;57;4;0.41;1.0;1.0;0;0;23;2.88;0.6;2.73;4.5;345;128;14.47;16.52;1.142;0;1;0;0;1;1;0;0;0;1;0;303;42;159;115;1;76
32.54;999;22;22;0;5.36;91;0;65;47;23;0;55;4;0.41;1.0;1.0;0;0;23;2.75;0.6;2.6;4.5;345;128;14.7;16.52;1.124;0;1;0;0;1;1;0;0;0;1;0;286;42;159;115;1;82
32.92;1012;21;21;0;5.27;90;0;65;47;23;0;54;4;0.4;1.0;1.0;0;0;23;2.62;0.6;2.56;4.4;345;128;14.7;17.52;1.192;0;1;0;0;1;1;0;0;0;1;0;283;42;160;115;1;82
33.32;922;21;21;0;5.25;92;0;65;47;23;0;54;4;0.4;1.0;1.0;0;0;23;2.62;0.6;2.56;4.0;345;128;14.7;17.52;1.192;0;1;0;0;1;1;0;0;0;1;0;281;42;158;115;1;89
33.69;948;23;23;0;5.47;92;0;65;47;23;0;56;4;0.41;1.0;1.0;0;0;23;2.88;0.6;2.65;4.3;345;128;14.47;17.52;1.211;0;1;0;0;1;1;0;0;0;1;0;292;42;158;115;1;82
33.72;948;23;23;0;5.47;92;0;65;47;23;0;56;4;0.41;1.0;1.0;0;0;23;2.88;0.6;2.65;4.3;345;128;14.47;16.81;1.162;0;1;0;0;1;1;0;0;0;1;0;292;42;158;115;1;82
34.08;884;22;22;0;5.31;89;0;66;47;23;0;56;4;0.41;1.0;1.0;0;0;23;2.75;0.6;2.57;3.9;345;128;14.7;16.81;1.144;0;1;0;0;1;1;0;0;0;1;0;293;42;162;115;0;82
34.49;948;22;22;0;5.23;91;0;65;47;23;0;55;4;0.41;1.0;1.0;0;0;23;2.75;0.6;2.55;4.1;345;128;14.7;16.81;1.144;0;1;0;0;1;1;0;0;0;1;0;287;42;159;115;0;82
34.88;1012;21;21;0;5.1;90;0;65;47;23;0;54;4;0.4;1.0;1.0;0;0;23;2.62;0.6;2.49;4.3;345;128;14.7;14.51;0.987;0;1;0;0;1;1;0;0;0;1;0;283;42;161;115;0;82
35.25;973;22;22;0;5.27;90;0;65;47;23;0;55;4;0.41;1.0;1.0;0;0;23;2.75;0.6;2.56;4.3;345;128;14.7;14.51;0.987;0;1;0;0;1;1;0;0;0;1;0;287;42;161;115;0;41
35.64;935;23;23;0;5.42;90;0;66;47;23;0;56;4;0.41;1.0;1.0;0;0;23;2.88;0.6;2.62;4.2;345;128;14.47;14.51;1.003;0;1;0;0;1;1;0;0;0;1;0;294;42;160;115;0;82
36.04;884;23;23;0;5.51;91;0;65;47;23;0;57;4;0.41;1.0;1.0;0;0;23;2.88;0.6;2.66;4.1;345;128;14.47;15.22;1.052;0;1;0;0;1;1;0;0;0;1;0;306;42;159;115;0;84
36.42;973;24;24;0;5.48;89;0;66;47;23;0;57;5;0.41;1.0;1.0;0;0;23;3.0;0.6;2.64;4.4;345;128;14.47;15.22;1.052;0;1;0;0;1;1;0;0;0;1;0;305;42;162;115;0;76
36.83;999;22;22;0;5.25;90;0;65;47;23;0;56;5;0.41;1.0;1.0;0;0;23;2.75;0.6;2.55;4.4;345;128;14.7;16.22;1.103;0;1;0;0;1;1;0;0;0;1;0;292;42;160;115;0;82
37.21;986;22;22;0;5.11;89;0;65;47;23;0;55;4;0.41;1.0;1.0;0;0;23;2.75;0.6;2.49;4.2;345;128;14.7;16.22;1.103;0;1;0;0;1;1;0;0;0;1;0;284;42;162;115;0;82
37.59;948;22;22;0;5.2;90;0;65;47;23;0;55;4;0.41;1.0;1.0;0;0;23;2.75;0.6;2.53;4.1;345;128;14.7;16.22;1.103;0;1;0;0;1;1;0;0;0;1;0;287;42;160;115;0;75
37.99;948;23;23;0;5.26;89;0;65;47;23;0;56;4;0.41;1.0;1.0;0;0;23;2.88;0.6;2.55;4.2;345;128;14.47;15.52;1.073;0;1;0;0;1;1;0;0;0;1;0;295;42;163;115;0;76
38.38;832;22;22;0;5.02;88;0;65;47;23;0;56;4;0.41;1.0;1.0;0;0;23;2.75;0.6;2.45;3.5;345;128;14.7;15.52;1.056;0;1;0;0;1;1;0;0;0;1;0;297;42;163;115;0;50
38.76;922;23;23;0;5.3;90;0;65;47;23;0;57;4;0.41;1.0;1.0;0;0;23;2.88;0.6;2.57;4.1;345;128;14.47;18.21;1.258;0;1;0;0;1;1;0;0;0;1;0;303;42;161;115;0;83
39.16;948;23;23;0;5.15;88;0;65;47;23;0;56;4;0.41;1.0;1.0;0;0;23;2.88;0.6;2.5;4.1;345;128;14.47;18.21;1.258;0;1;0;0;1;1;0;0;0;1;0;296;42;161;115;0;83
39.53;986;60;60;51;17;90;1;64;31;31;0;98;13;0.64;1.0;1.0;0;0;39;7.5;30.5;7.34;14.1;345;128;14.7;18.21;1.239;0;1;0;0;1;0;0;0;0;1;0;613;145;160;115;0;150
39.93;1422;42;42;0;8.4;90;0;64;45;25;0;73;11;0.53;1.0;1.0;0;0;25;5.25;0.6;3.81;10.0;345;128;14.7;18.21;1.239;0;1;0;0;1;1;0;0;0;1;0;420;42;161;115;0;89
40.33;2254;43;43;0;8.42;90;0;63;22;33;0;72;21;0.55;1.0;1.0;0;0;48;5.38;0.6;3.82;15.8;345;128;14.82;18.21;1.229;0;1;0;0;1;1;0;0;0;1;0;419;42;161;116;0;101
40.71;1972;16;16;0;3.87;90;0;63;52;33;0;44;7;0.38;1.0;1.0;0;0;18;2.0;0.6;2.0;6.4;345;128;14.82;18.21;1.229;0;1;0;0;1;1;0;0;0;1;0;201;42;161;116;0;54
41.09;1114;18;18;0;4.32;90;0;64;60;24;0;51;5;0.39;1.0;1.0;0;0;10;2.25;0.6;2.18;4.0;345;128;14.7;13.42;0.913;0;1;0;0;1;1;0;0;0;1;0;255;42;161;116;0;76
41.11;1114;18;18;0;4.32;90;0;64;60;24;0;51;5;0.39;1.0;1.0;0;0;10;2.25;0.6;2.18;4.0;345;128;14.7;13.42;0.913;0;1;0;0;1;1;0;0;0;1;0;255;42;161;116;0;76
41.48;704;22;22;0;5.0;90;0;65;55;23;0;58;3;0.42;1.0;1.0;0;0;15;2.75;0.6;2.45;2.9;345;128;14.7;13.42;0.913;0;1;0;0;1;1;0;0;0;1;0;310;42;160;116;0;84
41.88;666;34;34;0;6.98;89;0;65;51;23;0;70;5;0.48;1.0;1.0;0;0;19;4.25;0.6;3.24;3.9;345;128;14.7;17.12;1.165;0;1;0;0;1;1;0;0;0;1;0;403;42;162;116;0;100
42.25;845;36;36;0;7.2;90;0;64;47;23;0;71;6;0.49;1.0;1.0;0;0;23;4.5;0.6;3.33;5.1;345;128;14.59;17.12;1.173;0;1;0;0;1;1;0;0;0;1;0;411;42;161;116;0;101
42.28;845;36;36;0;7.2;90;0;64;47;23;0;71;6;0.49;1.0;1.0;0;0;23;4.5;0.6;3.33;5.1;345;128;14.59;17.12;1.173;0;1;0;0;1;1;0;0;0;1;0;411;42;161;116;0;101
42.66;1217;25;25;0;5.37;88;0;64;46;24;0;58;6;0.43;1.0;1.0;0;0;24;3.12;0.6;2.59;5.4;345;128;14.7;17.12;1.165;0;1;0;0;1;1;0;0;0;1;0;308;42;163;116;0;84
43.04;1268;20;20;0;4.55;88;0;64;45;25;0;52;5;0.41;1.0;1.0;0;0;25;2.5;0.6;2.26;4.8;345;128;14.7;16.71;1.137;0;1;0;0;1;1;0;0;0;1;0;262;42;163;116;0;38
43.42;1165;20;20;0;4.61;89;0;64;46;24;0;52;5;0.4;1.0;1.0;0;0;24;2.5;0.6;2.29;4.5;345;128;14.7;16.71;1.137;0;1;0;0;1;1;0;0;0;1;0;262;42;162;116;0;77
43.44;1165;20;20;0;4.61;89;0;64;46;24;0;52;5;0.4;1.0;1.0;0;0;24;2.5;0.6;2.29;4.5;345;128;14.7;16.71;1.137;0;1;0;0;1;1;0;0;0;1;0;262;42;162;116;0;77
43.82;1012;21;21;0;4.65;88;0;65;47;23;0;54;4;0.4;1.0;1.0;0;0;23;2.62;0.6;2.3;3.9;345;128;14.7;18.31;1.246;0;1;0;0;1;1;0;0;0;1;0;277;42;163;116;0;81
44.2;871;22;22;0;4.97;90;0;66;47;23;0;57;4;0.41;1.0;1.0;0;0;23;2.75;0.6;2.44;3.6;345;128;14.7;18.31;1.246;0;1;0;0;1;1;0;0;0;1;0;301;42;161;116;0;83
44.6;884;24;24;0;5.32;90;0;66;47;23;0;58;5;0.42;1.0;1.0;0;0;23;3.0;0.6;2.58;3.9;345;128;14.47;18.31;1.265;0;1;0;0;1;1;0;0;0;1;0;314;42;161;116;0;86
44.98;986;22;22;0;4.9;90;0;65;47;23;0;55;5;0.41;1.0;1.0;0;0;23;2.75;0.6;2.41;4.0;345;128;14.7;18.92;1.287;0;1;0;0;1;1;0;0;0;1;0;285;42;161;116;0;89
45.0;986;22;22;0;4.9;90;0;65;47;23;0;55;5;0.41;1.0;1.0;0;0;23;2.75;0.6;2.41;4.0;345;128;14.7;18.92;1.287;0;1;0;0;1;1;0;0;0;1;0;285;42;161;116;0;89
45.38;1037;21;21;0;4.61;87;0;64;47;23;0;53;4;0.4;1.0;1.0;0;0;23;2.62;0.6;2.28;4.0;345;128;14.7;18.92;1.287;0;1;0;0;1;1;0;0;0;1;0;269;42;164;116;0;77
45.78;935;21;21;0;4.71;87;0;65;47;23;0;54;4;0.4;1.0;1.0;0;0;23;2.62;0.6;2.32;3.7;345;128;14.7;14.52;0.988;0;1;0;0;1;1;0;0;0;1;0;280;42;164;116;0;82
46.15;922;22;22;0;4.92;88;0;65;47;23;0;55;4;0.41;1.0;1.0;0;0;23;2.75;0.6;2.41;3.8;345;128;14.7;14.52;0.988;0;1;0;0;1;1;0;0;0;1;0;290;42;163;116;0;82
46.56;922;23;23;0;5.02;90;0;65;47;23;0;56;4;0.41;1.0;1.0;0;0;23;2.88;0.6;2.46;3.9;345;128;14.47;14.52;1.003;0;1;0;0;1;1;0;0;0;1;0;299;42;161;116;0;83
46.94;922;22;22;0;4.91;87;0;65;47;23;0;56;4;0.41;1.0;1.0;0;0;23;2.75;0.6;2.4;3.8;345;128;14.7;15.32;1.042;0;1;0;0;1;1;0;0;0;1;0;293;42;164;116;0;83
47.32;999;23;23;0;5.01;87;0;65;47;23;0;56;5;0.41;1.0;1.0;0;0;23;2.88;0.6;2.44;4.2;345;128;14.47;15.32;1.059;0;1;0;0;1;1;0;0;0;1;0;294;42;164;116;0;82
47.7;986;22;22;0;4.91;87;0;65;47;23;0;55;5;0.41;1.0;1.0;0;0;23;2.75;0.6;2.4;4.0;345;128;14.7;15.32;1.042;0;1;0;0;1;1;0;0;0;1;0;290;42;164;116;0;82
47.72;986;22;22;0;4.91;87;0;65;47;23;0;55;5;0.41;1.0;1.0;0;0;23;2.75;0.6;2.4;4.0;345;128;14.7;15.32;1.042;0;1;0;0;1;1;0;0;0;1;0;290;42;164;116;0;82
48.09;935;22;22;0;4.81;87;0;65;47;23;0;55;4;0.41;1.0;1.0;0;0;23;2.75;0.6;2.36;3.7;345;128;14.7;17.02;1.158;0;1;0;0;1;1;0;0;0;1;0;288;42;164;116;0;82
48.5;935;21;21;0;4.78;87;0;65;47;23;0;55;4;0.41;1.0;1.0;0;0;23;2.62;0.6;2.35;3.7;345;128;14.7;17.02;1.158;0;1;0;0;1;1;0;0;0;1;0;291;42;164;116;0;82
48.89;999;23;23;0;5.01;87;0;65;47;23;0;56;5;0.41;1.0;1.0;0;0;23;2.88;0.6;2.44;4.2;345;128;14.47;17.02;1.176;0;1;0;0;1;1;0;0;0;1;0;292;42;165;116;0;82
49.26;999;21;21;0;4.71;87;0;65;47;23;0;54;4;0.4;1.0;1.0;0;0;23;2.62;0.6;2.32;3.9;345;128;14.7;17.02;1.158;0;1;0;0;1;1;0;0;0;1;0;283;42;164;116;0;89
49.65;1012;22;22;0;4.96;87;0;65;47;23;0;55;5;0.41;1.0;1.0;0;0;23;2.75;0.6;2.42;4.2;345;128;14.7;17.02;1.158;0;1;0;0;1;1;0;0;0;1;0;285;42;165;116;0;82
50.04;986;21;21;0;4.68;87;0;65;47;23;0;54;4;0.4;1.0;1.0;0;0;23;2.62;0.6;2.31;3.8;345;128;14.7;14.71;1.001;0;1;0;0;1;1;0;0;0;1;0;283;42;164;116;0;82
50.44;1012;22;22;0;4.86;87;0;65;47;23;0;55;5;0.41;1.0;1.0;0;0;23;2.75;0.6;2.38;4.1;345;128;14.7;14.71;1.001;0;1;0;0;1;1;0;0;0;1;0;286;42;164;116;0;82
50.83;935;21;21;0;4.78;87;0;65;47;23;0;54;4;0.4;1.0;1.0;0;0;23;2.62;0.6;2.35;3.7;345;128;14.7;14.52;0.988;0;1;0;0;1;1;0;0;0;1;0;283;42;165;116;0;75
51.21;935;22;22;0;4.86;87;0;65;47;23;0;55;4;0.41;1.0;1.0;0;0;23;2.75;0.6;2.38;3.8;345;128;14.7;14.52;0.988;0;1;0;0;1;1;0;0;0;1;0;285;42;164;116;0;41
51.61;973;22;22;0;4.88;87;0;65;47;23;0;55;4;0.41;1.0;1.0;0;0;23;2.75;0.6;2.39;4.0;345;128;14.7;14.52;0.988;0;1;0;0;1;1;0;0;0;1;0;285;42;164;116;0;82
52.0;986;22;22;0;4.86;87;0;65;47;23;0;55;4;0.41;1.0;1.0;0;0;23;2.75;0.6;2.38;4.0;345;128;14.7;15.22;1.035;0;1;0;0;1;1;0;0;0;1;0;285;42;164;116;0;82
52.38;1012;22;22;0;4.83;87;0;65;47;23;0;55;4;0.41;1.0;1.0;0;0;23;2.75;0.6;2.37;4.1;345;128;14.7;15.22;1.035;0;1;0;0;1;1;0;0;0;1;0;284;42;165;116;0;82
52.78;973;21;21;0;4.78;87;0;65;47;23;0;54;4;0.4;1.0;1.0;0;0;23;2.62;0.6;2.35;3.9;345;128;14.7;16.41;1.116;0;1;0;0;1;1;0;0;0;1;0;282;42;165;116;0;82
53.15;973;21;21;0;4.73;87;0;65;47;23;0;54;4;0.4;1.0;1.0;0;0;23;2.62;0.6;2.33;3.8;345;128;14.7;16.41;1.116;0;1;0;0;1;1;0;0;0;1;0;276;42;164;116;0;89
53.54;999;21;21;0;4.68;87;0;64;47;23;0;54;4;0.4;1.0;1.0;0;0;23;2.62;0.6;2.31;3.9;345;128;14.7;16.41;1.116;0;1;0;0;1;1;0;0;0;1;0;277;42;164;116;0;81
53.56;999;21;21;0;4.68;87;0;64;47;23;0;54;4;0.4;1.0;1.0;0;0;23;2.62;0.6;2.31;3.9;345;128;14.7;16.41;1.116;0;1;0;0;1;1;0;0;0;1;0;277;42;164;116;0;81
55.33;896;21;21;0;4.73;87;0;65;47;23;0;54;4;0.4;1.0;1.0;3;1;23;2.62;0.6;2.33;3.5;345;128;14.7;16.01;1.089;0;1;0;0;1;1;0;0;0;1;0;282;42;164;116;0;84
55.71;896;21;21;0;4.73;87;0;65;47;23;0;54;4;0.4;1.0;1.0;3;1;23;2.62;0.6;2.33;3.5;345;128;14.7;16.01;1.089;0;1;0;0;1;1;0;0;0;1;0;282;42;164;116;0;84
56.03;896;21;21;0;4.73;87;0;65;47;23;0;54;4;0.4;1.0;1.0;3;1;23;2.62;0.6;2.33;3.5;345;128;14.7;14.52;0.988;0;1;0;0;1;1;0;0;0;1;0;282;42;164;116;0;84
56.1;896;21;21;0;4.73;87;0;65;47;23;0;54;4;0.4;1.0;1.0;3;1;23;2.62;0.6;2.33;3.5;345;128;14.7;14.52;0.988;0;1;0;0;1;1;0;0;0;1;0;282;42;164;116;0;84
56.5;896;22;22;0;4.93;91;0;65;47;23;0;55;4;0.41;1.0;1.0;3;1;23;2.75;0.6;2.43;3.7;345;128;14.7;14.52;0.988;0;1;0;0;1;1;0;0;0;1;0;286;42;159;115;0;82
56.88;884;22;22;0;4.95;90;0;65;47;23;0;56;4;0.41;1.0;1.0;3;1;23;2.75;0.6;2.43;3.6;345;128;14.7;15.32;1.042;0;1;0;0;1;1;0;0;0;1;0;293;42;161;116;0;82
57.28;896;21;21;0;4.73;87;0;65;47;23;0;54;4;0.4;1.0;1.0;3;1;23;2.62;0.6;2.33;3.5;345;128;14.7;15.32;1.042;0;1;0;0;1;1;0;0;0;1;0;282;42;164;116;0;82
57.66;896;21;21;0;4.71;87;0;65;47;23;0;54;4;0.4;1.0;1.0;3;1;23;2.62;0.6;2.32;3.5;345;128;14.7;15.32;1.042;0;1;0;0;1;1;0;0;0;1;0;278;42;164;115;0;81
58.05;935;22;22;0;4.83;87;0;65;47;23;0;55;4;0.41;1.0;1.0;3;1;23;2.75;0.6;2.37;3.8;345;128;14.7;16.92;1.151;0;1;0;0;1;1;0;0;0;1;0;289;42;164;116;0;82
58.07;935;22;22;0;4.83;87;0;65;47;23;0;55;4;0.41;1.0;1.0;3;1;23;2.75;0.6;2.37;3.8;345;128;14.7;16.92;1.151;0;1;0;0;1;1;0;0;0;1;0;289;42;164;116;0;82
58.44;973;22;22;0;4.83;87;0;65;47;23;0;55;4;0.41;1.0;1.0;3;1;23;2.75;0.6;2.37;3.9;345;128;14.7;16.92;1.151;0;1;0;0;1;1;0;0;0;1;0;284;42;164;116;0;82
58.84;948;21;21;0;4.71;85;0;65;47;23;0;54;4;0.4;1.0;1.0;3;1;23;2.62;0.6;2.31;3.7;345;128;14.7;17.11;1.164;0;1;0;0;1;1;0;0;0;1;0;282;42;167;116;0;82
59.22;935;21;21;0;4.71;85;0;65;47;23;0;55;4;0.41;1.0;1.0;3;1;23;2.62;0.6;2.31;3.7;345;128;14.7;17.11;1.164;0;1;0;0;1;1;0;0;0;1;0;284;42;167;115;0;82
59.62;832;21;21;0;4.73;85;0;65;47;23;0;55;4;0.41;1.0;1.0;3;1;23;2.62;0.6;2.32;3.3;345;128;14.7;17.11;1.164;0;1;0;0;1;1;0;0;0;1;0;288;42;167;115;0;82
60.0;986;23;23;0;5.07;86;0;65;47;23;0;56;4;0.41;1.0;1.0;3;1;23;2.88;0.6;2.46;4.2;345;128;14.47;14.62;1.01;0;1;0;0;1;1;0;0;0;1;0;292;42;166;115;0;83
60.4;986;22;22;0;4.81;85;0;65;47;23;0;55;4;0.41;1.0;1.0;3;1;23;2.75;0.6;2.35;4.0;345;128;14.7;14.62;0.995;0;1;0;0;1;1;0;0;0;1;0;284;42;167;115;0;82
60.79;922;21;21;0;4.76;85;0;65;47;23;0;55;4;0.41;1.0;1.0;3;1;23;2.62;0.6;2.33;3.7;345;128;14.7;14.62;0.995;0;1;0;0;1;1;0;0;0;1;0;284;42;167;115;0;82
61.17;896;22;22;0;4.83;85;0;65;47;23;0;55;4;0.41;1.0;1.0;3;1;23;2.75;0.6;2.36;3.6;345;128;14.7;14.62;0.995;0;1;0;0;1;1;0;0;0;1;0;288;42;167;115;0;82
61.55;935;22;22;0;4.86;85;0;65;47;23;0;55;4;0.41;1.0;1.0;3;1;23;2.75;0.6;2.37;3.8;345;128;14.7;14.62;0.995;0;1;0;0;1;1;0;0;0;1;0;287;42;168;115;0;82
61.96;948;22;22;0;4.86;85;0;65;47;23;0;55;4;0.41;1.0;1.0;3;1;23;2.75;0.6;2.37;3.8;345;128;14.7;17.52;1.192;0;1;0;0;1;1;0;0;0;1;0;288;42;168;115;0;82
62.34;935;22;22;0;4.83;85;0;65;47;23;0;55;4;0.41;1.0;1.0;3;1;23;2.75;0.6;2.36;3.8;345;128;14.7;17.52;1.192;0;1;0;0;1;1;0;0;0;1;0;286;42;168;115;0;84
62.73;973;22;22;0;4.93;85;0;65;47;23;0;55;4;0.41;1.0;1.0;3;1;23;2.75;0.6;2.4;4.0;345;128;14.7;17.52;1.192;0;1;0;0;1;1;0;0;0;1;0;287;42;168;115;0;81
63.12;948;22;22;0;4.78;85;0;65;47;23;0;55;4;0.41;1.0;1.0;3;1;23;2.75;0.6;2.34;3.8;345;128;14.7;16.11;1.096;0;1;0;0;1;1;0;0;0;1;0;286;42;168;115;0;82
63.5;871;21;21;0;4.76;85;0;65;47;23;0;55;4;0.41;1.0;1.0;3;1;23;2.62;0.6;2.33;3.5;345;128;14.7;16.11;1.096;0;1;0;0;1;1;0;0;0;1;0;285;42;168;115;0;82
63.9;1153;30;30;2;6.23;85;0;64;21;49;0;65;8;0.47;1.0;1.0;3;1;49;3.75;2.0;2.92;6.0;345;128;14.7;16.92;1.151;0;1;0;0;1;0;0;0;0;1;0;360;47;165;115;0;89
64.29;1511;29;29;2;5.96;85;0;64;16;54;0;60;10;0.47;1.0;1.0;3;1;54;3.62;2.0;2.81;7.5;345;128;14.7;16.92;1.151;0;1;0;0;1;0;0;0;0;1;0;326;47;168;115;0;85
64.67;1819;23;23;2;5.06;85;0;64;16;54;0;54;9;0.44;1.0;1.0;3;1;54;2.88;2.0;2.45;7.7;345;128;14.7;16.92;1.151;0;1;0;0;1;0;0;0;0;1;0;278;47;168;115;0;81
65.06;1934;22;22;2;4.86;85;0;63;14;56;0;53;9;0.43;1.0;1.0;3;1;56;2.75;2.0;2.37;7.8;345;128;14.82;14.42;0.973;0;1;0;0;1;0;0;0;0;1;0;270;47;167;115;0;38
65.47;1934;22;22;2;4.78;85;0;63;15;54;0;52;9;0.43;1.0;1.0;3;1;55;2.75;2.0;2.34;7.7;345;128;14.82;14.42;0.973;0;1;0;0;1;0;0;0;0;1;0;265;47;167;115;0;77
65.84;1857;22;22;2;4.76;85;0;63;14;56;0;52;9;0.43;1.0;1.0;3;1;56;2.75;2.0;2.33;7.4;345;128;14.82;15.52;1.047;0;1;0;0;1;0;0;0;0;1;0;263;47;167;115;0;77
66.23;1870;22;22;2;4.83;85;0;63;15;56;0;52;9;0.43;1.0;1.0;3;1;55;2.75;2.0;2.36;7.5;345;128;14.82;15.52;1.047;0;1;0;0;1;0;0;0;0;1;0;265;47;167;115;0;74
66.63;1934;22;22;2;4.81;85;0;63;14;55;0;52;9;0.43;1.0;1.0;3;1;56;2.75;2.0;2.35;7.8;345;128;14.82;15.52;1.047;0;1;0;0;1;0;0;0;0;1;0;263;47;167;114;0;76
67.0;1831;22;22;2;4.83;85;0;63;16;54;0;53;9;0.43;1.0;1.0;3;1;54;2.75;2.0;2.36;7.4;345;128;14.7;17.52;1.192;0;1;0;0;1;0;0;0;0;1;0;270;47;167;114;0;77
67.39;1947;22;22;2;4.86;85;0;63;16;54;0;53;9;0.43;1.0;1.0;3;1;54;2.75;2.0;2.37;7.9;345;128;14.82;17.52;1.182;0;1;0;0;1;0;0;0;0;1;0;269;47;167;114;0;77
67.79;1895;22;22;2;4.82;86;0;63;15;55;0;52;9;0.43;1.0;1.0;3;1;55;2.75;2.0;2.36;7.6;345;128;14.82;15.91;1.074;0;1;0;0;1;0;0;0;0;1;0;264;47;166;114;0;77
68.17;1972;22;22;2;4.81;85;0;63;14;55;0;52;9;0.43;1.0;1.0;3;1;56;2.75;2.0;2.35;7.9;345;128;14.82;15.91;1.074;0;1;0;0;1;0;0;0;0;1;0;265;47;167;114;0;77
68.57;1947;22;22;2;4.83;85;0;63;15;55;0;52;10;0.43;1.0;1.0;3;1;55;2.75;2.0;2.36;7.8;345;128;14.82;15.91;1.074;0;1;0;0;1;0;0;0;0;1;0;260;47;167;114;0;77
68.95;1998;22;22;2;4.81;85;0;63;15;56;0;52;10;0.43;1.0;1.0;3;1;55;2.75;2.0;2.35;8.0;345;128;14.82;13.91;0.939;0;1;0;0;1;0;0;0;0;1;0;264;47;167;114;0;77
69.34;1972;21;21;2;4.68;85;0;63;14;56;0;51;9;0.42;1.0;1.0;3;1;56;2.62;2.0;2.3;7.7;345;128;14.82;13.91;0.939;0;1;0;0;1;0;0;0;0;1;0;258;47;167;114;0;77
69.73;2024;21;21;2;4.68;85;0;63;15;55;0;51;9;0.42;1.0;1.0;3;1;55;2.62;2.0;2.3;7.9;345;128;14.82;13.91;0.939;0;1;0;0;1;0;0;0;0;1;0;258;47;167;114;0;76
70.12;1934;21;21;2;4.63;85;0;63;15;55;0;51;9;0.42;1.0;1.0;3;1;55;2.62;2.0;2.28;7.5;345;128;14.82;14.52;0.98;0;1;0;0;1;0;0;0;0;1;0;258;47;168;113;0;76
70.5;1985;21;21;2;4.68;85;0;63;13;57;0;51;9;0.42;1.0;1.0;3;1;57;2.62;2.0;2.3;7.7;345;128;14.82;14.52;0.98;0;1;0;0;1;0;0;0;0;1;0;255;47;167;113;0;76
70.91;1985;21;21;2;4.63;85;0;63;13;56;0;51;9;0.42;1.0;1.0;3;1;57;2.62;2.0;2.28;7.7;345;128;14.82;15.22;1.027;0;1;0;0;1;0;0;0;0;1;0;253;47;167;113;0;76
71.29;1972;21;21;2;4.66;85;0;63;14;56;0;51;9;0.42;1.0;1.0;3;1;56;2.62;2.0;2.29;7.7;345;128;14.82;15.22;1.027;0;1;0;0;1;0;0;0;0;1;0;252;47;167;113;0;76
71.67;1998;21;21;2;4.68;85;0;63;14;56;0;51;9;0.42;1.0;1.0;3;1;56;2.62;2.0;2.3;7.8;345;128;14.82;15.22;1.027;0;1;0;0;1;0;0;0;0;1;0;252;47;167;113;0;76
72.07;2024;21;21;2;4.68;87;0;63;13;57;0;51;9;0.42;1.0;1.0;3;1;57;2.62;2.0;2.31;7.9;345;128;14.82;16.21;1.094;0;1;0;0;1;0;0;0;0;1;0;255;47;165;113;0;76
72.47;1934;21;21;2;4.66;85;0;63;15;56;0;51;9;0.42;1.0;1.0;3;1;55;2.62;2.0;2.29;7.5;345;128;14.82;16.21;1.094;0;1;0;0;1;0;0;0;0;1;0;257;47;167;113;0;76
72.84;1947;22;22;4;4.87;86;0;63;14;56;0;53;10;0.43;1.0;1.0;3;1;56;2.75;3.2;2.38;7.9;345;128;14.82;18.42;1.243;0;1;0;0;1;0;0;0;0;1;0;271;51;166;113;0;77
73.24;2062;24;24;4;5.08;85;0;63;13;58;0;54;11;0.45;1.0;1.0;3;1;57;3.0;3.2;2.46;8.7;345;128;14.82;18.42;1.243;0;1;0;0;1;0;0;0;0;1;0;279;51;167;113;0;82
73.62;2113;23;23;4;4.81;85;0;63;12;58;0;53;11;0.44;1.0;1.0;3;1;58;2.88;3.2;2.35;8.5;345;128;14.82;18.42;1.243;0;1;0;0;1;0;0;0;0;1;0;270;51;167;113;0;77
74.0;2113;22;22;4;4.77;86;0;63;13;57;0;52;11;0.44;1.0;1.0;3;1;57;2.75;3.2;2.34;8.4;345;128;14.82;15.81;1.067;0;1;0;0;1;0;0;0;0;1;0;266;51;166;112;0;77
74.03;2113;22;22;4;4.77;86;0;63;13;57;0;52;11;0.44;1.0;1.0;3;1;57;2.75;3.2;2.34;8.4;345;128;14.82;15.81;1.067;0;1;0;0;1;0;0;0;0;1;0;266;51;166;112;0;77
74.41;2216;22;22;4;4.75;86;0;63;13;57;0;52;11;0.44;1.0;1.0;3;1;57;2.75;3.2;2.33;8.8;345;128;14.82;15.81;1.067;0;1;0;0;1;0;0;0;0;1;0;262;51;166;112;0;77
74.78;2254;20;20;2;4.35;86;0;63;15;55;0;48;10;0.41;1.0;1.0;3;1;55;2.5;1.7;2.17;8.2;345;128;14.82;15.81;1.067;0;1;0;0;1;0;0;0;0;1;0;237;46;166;112;0;70
75.18;1703;16;16;0;3.81;87;0;64;47;30;0;45;6;0.38;1.0;1.0;3;1;23;2.0;0.6;1.96;5.4;345;128;14.7;14.11;0.96;0;1;0;0;1;1;0;0;0;1;0;210;42;165;112;0;72
75.57;1012;19;19;0;4.35;86;0;64;55;23;0;52;4;0.39;1.0;1.0;3;1;15;2.38;0.6;2.17;3.7;345;128;14.7;14.11;0.96;0;1;0;0;1;1;0;0;0;1;0;260;42;166;112;0;77
75.95;896;23;23;0;4.91;85;0;65;49;23;0;56;4;0.41;1.0;1.0;3;1;21;2.88;0.6;2.39;3.7;345;128;14.47;18.62;1.287;0;1;0;0;1;1;0;0;0;1;0;292;42;167;112;0;82
76.34;973;23;23;0;4.93;85;0;65;47;23;0;56;5;0.41;1.0;1.0;3;1;23;2.88;0.6;2.4;4.0;345;128;14.47;18.62;1.287;0;1;0;0;1;1;0;0;0;1;0;292;42;167;112;0;82
76.73;1050;21;21;0;4.68;85;0;64;47;23;0;54;5;0.41;1.0;1.0;3;1;23;2.62;0.6;2.3;4.1;345;128;14.7;18.62;1.267;0;1;0;0;1;1;0;0;0;1;0;276;42;167;112;0;81
77.13;986;20;20;0;4.51;85;0;64;47;23;0;53;4;0.4;1.0;1.0;3;1;23;2.5;0.6;2.23;3.7;345;128;14.7;17.12;1.165;0;1;0;0;1;1;0;0;0;1;0;274;42;167;111;0;77
77.51;1012;21;21;0;4.58;87;0;64;47;23;0;53;4;0.4;1.0;1.0;3;1;23;2.62;0.6;2.27;3.9;345;128;14.7;17.12;1.165;0;1;0;0;1;1;0;0;0;1;0;274;42;165;111;0;81
77.9;1012;21;21;0;4.71;85;0;65;47;23;0;54;5;0.4;1.0;1.0;3;1;23;2.62;0.6;2.31;4.0;345;128;14.7;16.21;1.103;0;1;0;0;1;1;0;0;0;1;0;280;42;168;111;0;82
78.29;986;21;21;0;4.56;85;0;64;47;23;0;54;4;0.4;1.0;1.0;3;1;23;2.62;0.6;2.25;3.7;345;128;14.7;16.21;1.103;0;1;0;0;1;1;0;0;0;1;0;279;42;168;111;0;81
78.68;1012;21;21;0;4.66;85;0;64;47;23;0;54;5;0.4;1.0;1.0;3;1;23;2.62;0.6;2.29;3.9;345;128;14.7;16.21;1.103;0;1;0;0;1;1;0;0;0;1;0;281;42;167;111;0;74
79.06;986;20;20;0;4.51;85;0;65;47;23;0;53;4;0.4;1.0;1.0;3;1;23;2.5;0.6;2.23;3.7;345;128;14.7;15.11;1.028;0;1;0;0;1;1;0;0;0;1;0;273;42;168;111;0;81
79.08;986;20;20;0;4.51;85;0;65;47;23;0;53;4;0.4;1.0;1.0;3;1;23;2.5;0.6;2.23;3.7;345;128;14.7;15.11;1.028;0;1;0;0;1;1;0;0;0;1;0;273;42;168;111;0;81
79.45;999;21;21;0;4.58;85;0;64;47;23;0;53;4;0.4;1.0;1.0;3;1;23;2.62;0.6;2.26;3.8;345;128;14.7;15.11;1.028;0;1;0;0;1;1;0;0;0;1;0;273;42;167;111;0;77
79.47;999;21;21;0;4.58;85;0;64;47;23;0;53;4;0.4;1.0;1.0;3;1;23;2.62;0.6;2.26;3.8;345;128;14.7;15.11;1.028;0;1;0;0;1;1;0;0;0;1;0;273;42;167;111;0;77
79.85;935;20;20;0;4.48;85;0;65;47;23;0;53;4;0.39;1.0;1.0;3;1;23;2.5;0.6;2.22;3.5;345;128;14.7;14.31;0.973;0;1;0;0;1;1;0;0;0;1;0;272;42;168;111;0;77
80.24;896;20;20;0;4.48;85;0;65;47;23;0;53;4;0.39;1.0;1.0;3;1;23;2.5;0.6;2.22;3.3;345;128;14.7;14.31;0.973;0;1;0;0;1;1;0;0;0;1;0;274;42;168;111;0;81
80.64;935;21;21;0;4.65;86;0;65;47;23;0;54;4;0.4;1.0;1.0;3;1;23;2.62;0.6;2.29;3.6;345;128;14.7;14.31;0.973;0;1;0;0;1;1;0;0;0;1;0;277;42;166;111;0;81
81.01;922;21;21;0;4.66;85;0;65;47;23;0;54;4;0.4;1.0;1.0;3;1;23;2.62;0.6;2.29;3.6;345;128;14.7;15.12;1.029;0;1;0;0;1;1;0;0;0;1;0;278;42;168;111;0;81
81.03;922;21;21;0;4.66;85;0;65;47;23;0;54;4;0.4;1.0;1.0;3;1;23;2.62;0.6;2.29;3.6;345;128;14.7;15.12;1.029;0;1;0;0;1;1;0;0;0;1;0;278;42;168;111;0;81
81.42;948;21;21;0;4.71;85;0;65;47;23;0;54;4;0.4;1.0;1.0;3;1;23;2.62;0.6;2.31;3.7;345;128;14.7;15.12;1.029;0;1;0;0;1;1;0;0;0;1;0;278;42;168;111;0;82
81.79;935;21;21;0;4.71;85;0;65;47;23;0;54;4;0.4;1.0;1.0;3;1;23;2.62;0.6;2.31;3.7;345;128;14.7;15.12;1.029;0;1;0;0;1;1;0;0;0;1;0;281;42;168;111;0;82
82.19;948;21;21;0;4.68;85;0;65;47;23;0;54;4;0.4;1.0;1.0;3;1;23;2.62;0.6;2.3;3.7;345;128;14.7;15.31;1.041;0;1;0;0;1;1;0;0;0;1;0;282;42;168;111;0;82
82.56;948;21;21;0;4.63;85;0;65;47;23;0;54;4;0.4;1.0;1.0;3;1;23;2.62;0.6;2.28;3.7;345;128;14.7;15.31;1.041;0;1;0;0;1;1;0;0;0;1;0;282;42;168;111;0;89
82.97;986;21;21;0;4.66;85;0;65;47;23;0;54;4;0.4;1.0;1.0;3;1;23;2.62;0.6;2.29;3.8;345;128;14.7;16.31;1.11;0;1;0;0;1;1;0;0;0;1;0;283;42;168;111;0;82
83.36;922;21;21;0;4.58;85;0;65;47;23;0;54;4;0.4;1.0;1.0;3;1;23;2.62;0.6;2.26;3.5;345;128;14.7;16.31;1.11;0;1;0;0;1;1;0;0;0;1;0;280;42;168;111;0;82
83.75;884;22;22;0;4.76;85;0;65;47;23;0;55;4;0.41;1.0;1.0;3;1;23;2.75;0.6;2.33;3.5;345;128;14.7;16.31;1.11;0;1;0;0;1;1;0;0;0;1;0;284;42;168;111;0;82
84.13;935;22;22;0;4.83;85;0;65;48;22;0;55;4;0.41;1.0;1.0;3;1;22;2.75;0.6;2.36;3.8;345;128;14.7;14.61;0.994;0;1;0;0;1;1;0;0;0;1;0;284;42;168;111;0;82
84.51;948;22;22;0;4.76;85;0;65;48;22;0;55;4;0.41;1.0;1.0;3;1;22;2.75;0.6;2.33;3.8;345;128;14.7;14.61;0.994;0;1;0;0;1;1;0;0;0;1;0;284;42;168;111;0;82
84.53;948;22;22;0;4.76;85;0;65;48;22;0;55;4;0.41;1.0;1.0;3;1;22;2.75;0.6;2.33;3.8;345;128;14.7;14.61;0.994;0;1;0;0;1;1;0;0;0;1;0;284;42;168;111;0;82
84.9;896;21;21;0;4.58;85;0;65;48;22;0;54;4;0.4;1.0;1.0;3;1;22;2.62;0.6;2.26;3.4;345;128;14.7;14.21;0.967;0;1;0;0;1;1;0;0;0;1;0;280;42;167;110;0;82
85.29;871;21;21;0;4.61;85;0;65;48;22;0;54;4;0.4;1.0;1.0;3;1;22;2.62;0.6;2.27;3.3;345;128;14.7;14.21;0.967;0;1;0;0;1;1;0;0;0;1;0;280;42;168;110;0;82
85.69;948;22;22;0;4.86;85;0;65;48;22;0;55;4;0.41;1.0;1.0;3;1;22;2.75;0.6;2.37;3.8;345;128;14.7;14.21;0.967;0;1;0;0;1;1;0;0;0;1;0;289;42;168;110;0;41
86.07;884;21;21;0;4.58;85;0;65;48;22;0;54;4;0.4;1.0;1.0;3;1;22;2.62;0.6;2.26;3.4;345;128;14.7;14.82;1.008;0;1;0;0;1;1;0;0;0;1;0;281;42;168;110;0;82
86.47;896;21;21;0;4.68;85;0;65;48;22;0;54;4;0.4;1.0;1.0;3;1;22;2.62;0.6;2.3;3.5;345;128;14.7;14.82;1.008;0;1;0;0;1;1;0;0;0;1;0;280;42;168;110;0;90
86.84;922;22;22;0;4.76;85;0;65;48;22;0;55;4;0.41;1.0;1.0;3;1;22;2.75;0.6;2.33;3.7;345;128;14.7;16.21;1.103;0;1;0;0;1;1;0;0;0;1;0;286;42;168;110;0;81
86.87;922;22;22;0;4.76;85;0;65;48;22;0;55;4;0.41;1.0;1.0;3;1;22;2.75;0.6;2.33;3.7;345;128;14.7;16.21;1.103;0;1;0;0;1;1;0;0;0;1;0;286;42;168;110;0;81
87.23;845;21;21;0;4.61;85;0;65;48;22;0;54;4;0.4;1.0;1.0;3;1;22;2.62;0.6;2.27;3.2;345;128;14.7;16.21;1.103;0;1;0;0;1;1;0;0;0;1;0;283;42;167;110;0;84
87.63;935;22;22;0;4.81;85;0;65;48;22;0;55;4;0.41;1.0;1.0;3;1;22;2.75;0.6;2.35;3.7;345;128;14.7;16.21;1.103;0;1;0;0;1;1;0;0;0;1;0;288;42;168;110;0;75
88.02;884;20;20;0;4.53;85;0;65;48;22;0;54;4;0.4;1.0;1.0;3;1;22;2.5;0.6;2.24;3.3;345;128;14.7;14.91;1.014;0;1;0;0;1;1;0;0;0;1;0;279;42;168;110;0;82
88.4;896;21;21;0;4.66;85;0;65;48;22;0;54;4;0.4;1.0;1.0;3;1;22;2.62;0.6;2.29;3.5;345;128;14.7;14.91;1.014;0;1;0;0;1;1;0;0;0;1;0;280;42;168;110;0;82
89.52;948;23;23;0;4.93;85;0;65;48;22;0;53;5;0.43;1.0;1.0;3;1;22;2.88;0.6;2.4;3.9;345;128;14.47;14.71;1.017;0;1;0;0;1;1;0;0;0;1;0;271;42;167;110;0;78
89.87;948;23;23;0;4.93;85;0;65;48;22;0;53;5;0.43;1.0;1.0;3;1;22;2.88;0.6;2.4;3.9;345;128;14.47;13.71;0.947;0;1;0;0;1;1;0;0;0;1;0;271;42;167;110;0;78
90.3;935;21;21;0;4.62;86;0;65;48;22;0;51;4;0.42;1.0;1.0;3;1;22;2.62;0.6;2.28;3.6;345;128;14.7;13.71;0.933;0;1;0;0;1;1;0;0;0;1;0;259;42;166;110;0;77
90.69;973;21;21;0;4.7;86;0;65;48;22;0;51;4;0.43;1.0;1.0;3;1;22;2.62;0.6;2.31;3.8;345;128;14.7;13.71;0.933;0;1;0;0;1;1;0;0;0;1;0;258;42;166;109;0;76
91.08;871;21;21;0;4.57;86;0;65;48;22;0;51;4;0.42;1.0;1.0;3;1;22;2.62;0.6;2.26;3.3;345;128;14.7;14.02;0.954;0;1;0;0;1;1;0;0;0;1;0;258;42;166;109;0;77
91.48;896;21;21;0;4.67;86;0;65;48;22;0;51;4;0.42;1.0;1.0;3;1;22;2.62;0.6;2.3;3.5;345;128;14.7;14.02;0.954;0;1;0;0;1;1;0;0;0;1;0;255;42;166;109;0;76
91.87;935;22;22;0;4.88;85;0;65;48;22;0;52;4;0.43;1.0;1.0;3;1;22;2.75;0.6;2.38;3.8;345;128;14.7;14.81;1.007;0;1;0;0;1;1;0;0;0;1;0;263;42;167;109;0;77
92.25;948;22;22;0;4.81;87;0;65;48;22;0;52;4;0.43;1.0;1.0;3;1;22;2.75;0.6;2.36;3.8;345;128;14.7;14.81;1.007;0;1;0;0;1;1;0;0;0;1;0;263;42;164;109;0;77
92.63;871;21;21;0;4.63;85;0;65;48;22;0;52;4;0.43;1.0;1.0;3;1;22;2.62;0.6;2.28;3.4;345;128;14.7;14.81;1.007;0;1;0;0;1;1;0;0;0;1;0;260;42;167;109;0;77
92.65;871;21;21;0;4.63;85;0;65;48;22;0;52;4;0.43;1.0;1.0;3;1;22;2.62;0.6;2.28;3.4;345;128;14.7;14.81;1.007;0;1;0;0;1;1;0;0;0;1;0;260;42;167;109;0;77
93.02;871;22;22;0;4.73;85;0;65;48;22;0;52;4;0.43;1.0;1.0;3;1;22;2.75;0.6;2.32;3.4;345;128;14.7;13.31;0.905;0;1;0;0;1;1;0;0;0;1;0;263;42;167;109;0;77
93.43;935;22;22;0;4.8;86;0;65;48;22;0;52;4;0.43;1.0;1.0;3;1;22;2.75;0.6;2.35;3.7;345;128;14.7;13.31;0.905;0;1;0;0;1;1;0;0;0;1;0;260;42;166;109;0;77
93.8;896;21;21;0;4.61;85;0;65;48;22;0;51;4;0.42;1.0;1.0;3;1;22;2.62;0.6;2.27;3.4;345;128;14.7;13.31;0.905;0;1;0;0;1;1;0;0;0;1;0;253;42;167;109;0;76
94.19;896;21;21;0;4.66;85;0;64;48;22;0;51;4;0.42;1.0;1.0;3;1;22;2.62;0.6;2.29;3.5;345;128;14.7;13.11;0.892;0;1;0;0;1;1;0;0;0;1;0;257;42;167;109;1;77
94.58;832;22;22;0;4.76;85;0;65;49;21;0;53;4;0.43;1.0;1.0;3;1;21;2.75;0.6;2.33;3.3;345;128;14.7;13.11;0.892;0;1;0;0;1;1;0;0;0;1;0;271;42;167;109;1;72
94.98;845;22;22;0;4.88;85;0;66;49;21;0;53;4;0.43;1.0;1.0;3;1;21;2.75;0.6;2.38;3.4;345;128;14.7;12.81;0.871;0;1;0;0;1;1;0;0;0;1;0;274;42;167;108;1;82
95.37;922;22;22;0;4.88;85;0;65;49;21;0;53;4;0.43;1.0;1.0;3;1;21;2.75;0.6;2.38;3.7;345;128;14.7;12.81;0.871;0;1;0;0;1;1;0;0;0;1;0;272;42;168;108;1;78
95.74;884;30;30;38;7.85;86;2;66;41;35;0;66;6;0.51;1.0;1.0;3;1;29;3.75;23.0;3.57;5.8;345;128;14.47;12.81;0.885;0;1;0;0;1;0;0;0;0;1;0;368;119;166;108;1;90
96.13;1755;28;28;0;5.81;87;0;64;42;30;0;56;11;0.5;1.0;1.0;3;1;28;3.5;0.6;2.76;8.5;345;128;14.7;17.81;1.212;0;1;0;0;1;1;0;0;0;1;0;294;42;165;108;1;41
96.16;1755;28;28;0;5.81;87;0;64;42;30;0;56;11;0.5;1.0;1.0;3;1;28;3.5;0.6;2.76;8.5;345;128;14.7;17.81;1.212;0;1;0;0;1;1;0;0;0;1;0;294;42;165;108;1;41
96.54;1306;20;20;0;4.43;85;0;64;54;24;0;48;6;0.43;1.0;1.0;3;1;16;2.5;0.6;2.2;4.8;345;128;14.7;17.81;1.212;0;1;0;0;1;1;0;0;0;1;0;238;42;167;108;1;38
96.92;1089;21;21;0;4.66;85;0;64;49;21;0;51;5;0.43;1.0;1.0;3;1;21;2.62;0.6;2.29;4.2;345;128;14.7;15.22;1.035;0;1;0;0;1;1;0;0;0;1;0;258;42;168;108;1;38
97.32;1037;22;22;0;4.83;85;0;65;49;21;0;52;5;0.44;1.0;1.0;3;1;21;2.75;0.6;2.36;4.2;345;128;14.7;15.22;1.035;0;1;0;0;1;1;0;0;0;1;0;267;42;168;108;1;38
97.7;973;22;22;0;4.83;85;0;65;49;21;0;53;5;0.44;1.0;1.0;3;1;21;2.75;0.6;2.36;3.9;345;128;14.7;15.22;1.035;0;1;0;0;1;1;0;0;0;1;0;268;42;167;108;1;146
98.08;1819;95;95;67;19;87;0;64;46;26;0;106;35;0.82;1.0;1.0;3;1;24;11.88;39.5;8.16;29.3;345;128;12.71;20.02;1.575;0;1;0;0;1;0;0;0;0;1;0;675;176;164;108;1;153
98.1;1819;95;95;67;19;87;0;64;46;26;0;106;35;0.82;1.0;1.0;3;1;24;11.88;39.5;8.16;29.3;345;128;12.71;20.02;1.575;0;1;0;0;1;0;0;0;0;1;0;675;176;164;108;1;153
98.48;2446;17;17;0;3.92;86;0;63;25;31;0;43;10;0.42;1.0;1.0;3;1;45;2.12;0.6;2.0;8.0;345;128;14.82;20.02;1.351;0;1;0;0;1;1;0;0;0;1;0;196;42;166;108;1;56
98.87;1665;18;18;0;4.06;87;0;64;61;29;0;44;7;0.42;1.0;1.0;3;1;9;2.25;0.6;2.06;5.6;345;128;14.7;20.02;1.362;0;1;0;0;1;1;0;0;0;1;0;206;42;165;108;1;72
99.25;1140;21;21;0;4.58;85;0;64;63;21;0;50;5;0.43;1.0;1.0;3;1;7;2.62;0.6;2.26;4.4;345;128;14.7;13.52;0.92;0;1;0;0;1;1;0;0;0;1;0;249;42;167;108;1;75
99.64;871;23;23;0;4.93;85;0;66;57;21;0;54;4;0.44;1.0;1.0;3;1;13;2.88;0.6;2.4;3.6;345;128;14.47;13.52;0.934;0;1;0;0;1;1;0;0;0;1;0;278;42;167;108;1;82
100.04;986;26;26;0;5.43;85;0;65;51;21;0;56;5;0.46;1.0;1.0;3;1;19;3.25;0.6;2.6;4.5;345;128;14.47;14.52;1.003;0;1;0;0;1;1;0;0;0;1;0;294;42;167;107;1;82
100.42;2203;95;95;50;20;87;0;64;40;30;0;104;42;0.83;1.0;1.0;3;1;30;11.88;29.9;8.47;36.9;345;128;12.06;14.52;1.204;0;1;0;0;1;0;0;0;0;1;0;653;143;164;107;1;154
100.82;3022;18;18;0;4.07;88;0;62;19;31;0;43;13;0.45;1.0;1.0;3;1;51;2.25;0.6;2.07;10.2;345;128;14.93;14.52;0.973;0;1;0;0;1;1;0;0;0;1;0;193;42;163;107;1;70
101.19;2036;16;16;0;3.81;87;0;63;57;31;0;42;8;0.41;1.0;1.0;3;1;13;2.0;0.6;1.96;6.5;345;128;14.82;11.61;0.783;0;1;0;0;1;1;0;0;0;1;0;191;42;165;107;1;54
101.22;2036;16;16;0;3.81;87;0;63;57;31;0;42;8;0.41;1.0;1.0;3;1;13;2.0;0.6;1.96;6.5;345;128;14.82;11.61;0.783;0;1;0;0;1;1;0;0;0;1;0;191;42;165;107;1;54
101.59;1306;20;20;0;4.5;86;0;64;64;23;0;49;6;0.43;1.0;1.0;3;1;6;2.5;0.6;2.23;4.9;345;128;14.7;11.61;0.79;0;1;0;0;1;1;0;0;0;1;0;247;42;166;107;1;75
101.97;1063;22;22;0;4.9;86;0;65;59;21;0;53;5;0.44;1.0;1.0;3;1;11;2.75;0.6;2.39;4.3;345;128;14.7;19.32;1.314;0;1;0;0;1;1;0;0;0;1;0;274;42;167;107;1;41
101.99;1063;22;22;0;4.9;86;0;65;59;21;0;53;5;0.44;1.0;1.0;3;1;11;2.75;0.6;2.39;4.3;345;128;14.7;19.32;1.314;0;1;0;0;1;1;0;0;0;1;0;274;42;167;107;1;41
102.37;986;25;25;0;5.38;87;0;65;53;21;0;56;5;0.46;1.0;1.0;3;1;17;3.12;0.6;2.59;4.4;345;128;14.47;19.32;1.335;0;1;0;0;1;1;0;0;0;1;0;295;42;165;107;1;82
102.77;1140;24;24;0;5.16;85;0;64;48;22;0;54;6;0.45;1.0;1.0;3;1;22;3.0;0.6;2.49;4.9;345;128;14.7;19.32;1.314;0;1;0;0;1;1;0;0;0;1;0;278;42;167;107;1;77
103.15;1178;23;23;0;4.96;86;0;64;48;22;0;52;6;0.45;1.0;1.0;3;1;22;2.88;0.6;2.41;4.9;345;128;14.7;14.41;0.98;0;1;0;0;1;1;0;0;0;1;0;266;42;166;107;1;77
103.54;1153;23;23;0;4.88;85;0;64;48;22;0;52;6;0.45;1.0;1.0;3;1;22;2.88;0.6;2.38;4.7;345;128;14.7;14.41;0.98;0;1;0;0;1;1;0;0;0;1;0;260;42;167;107;1;50
103.92;1114;23;23;0;4.88;85;0;64;49;21;0;52;5;0.45;1.0;1.0;3;1;21;2.88;0.6;2.38;4.5;345;128;14.7;11.51;0.783;0;1;0;0;1;1;0;0;0;1;0;262;42;167;107;1;77
104.32;1178;82;82;25;16;86;0;64;49;27;0;104;21;0.77;1.0;1.0;3;1;21;10.25;15.4;7.0;16.1;345;128;13.07;11.51;0.881;0;1;0;0;1;0;0;0;0;1;0;654;93;166;106;1;154
104.7;2741;38;38;9;7.15;86;0;61;11;59;0;64;23;0.58;1.0;1.0;3;1;59;4.75;6.1;3.29;16.3;345;128;14.93;11.51;0.771;0;1;0;0;1;0;0;0;0;1;0;355;61;166;106;1;88
105.08;2216;17;17;0;3.96;85;0;63;38;31;0;43;9;0.42;1.0;1.0;3;1;32;2.12;0.6;2.01;7.3;345;128;14.82;11.81;0.797;0;1;0;0;1;1;0;0;0;1;0;196;42;167;106;1;70
105.49;1319;19;19;0;4.33;85;0;64;63;25;0;48;6;0.43;1.0;1.0;3;1;7;2.38;0.6;2.16;4.8;345;128;14.7;11.81;0.803;0;1;0;0;1;1;0;0;0;1;0;235;42;167;106;1;74
105.88;986;23;23;0;4.98;85;0;65;60;21;0;54;5;0.45;1.0;1.0;3;1;10;2.88;0.6;2.42;4.1;345;128;14.47;11.81;0.816;0;1;0;0;1;1;0;0;0;1;0;277;42;168;106;1;81
106.27;986;25;25;0;5.33;85;0;65;54;21;0;56;5;0.46;1.0;1.0;3;1;16;3.12;0.6;2.56;4.4;345;128;14.47;16.12;1.114;0;1;0;0;1;1;0;0;0;1;0;293;42;168;106;1;147
106.66;1089;24;24;0;5.06;85;0;65;48;22;0;54;6;0.45;1.0;1.0;3;1;22;3.0;0.6;2.45;4.6;345;128;14.7;16.12;1.097;0;1;0;0;1;1;0;0;0;1;0;281;42;168;106;1;82
107.04;1204;48;48;37;14;86;1;64;32;42;0;81;12;0.62;1.0;1.0;3;1;38;6.0;22.1;5.97;13.9;345;128;14.7;19.42;1.321;0;1;0;0;1;0;0;0;0;1;0;485;116;166;106;1;108
107.42;2164;31;31;6;6.18;85;0;63;12;58;0;59;15;0.52;1.0;1.0;3;1;58;3.88;4.1;2.9;11.1;345;128;14.82;19.42;1.31;0;1;0;0;1;0;0;0;0;1;0;316;54;167;106;1;84
107.44;2164;31;31;6;6.18;85;0;63;12;58;0;59;15;0.52;1.0;1.0;3;1;58;3.88;4.1;2.9;11.1;345;128;14.82;19.42;1.31;0;1;0;0;1;0;0;0;0;1;0;316;54;167;106;1;84
107.82;1831;18;18;0;4.1;86;0;63;41;31;0;45;7;0.42;1.0;1.0;3;1;29;2.25;0.6;2.07;6.3;345;128;14.7;19.42;1.321;0;1;0;0;1;1;0;0;0;1;0;210;42;166;106;1;73
108.22;1229;62;62;38;12;86;0;64;33;37;0;92;17;0.7;1.0;1.0;3;1;37;7.75;22.7;5.13;12.0;345;128;13.94;13.92;0.999;0;1;0;0;1;0;0;0;0;1;0;567;118;166;106;1;148
108.59;1870;21;21;0;4.53;85;0;63;46;31;0;48;9;0.45;1.0;1.0;3;1;24;2.62;0.6;2.24;7.1;345;128;14.82;13.92;0.939;0;1;0;0;1;1;0;0;0;1;0;236;42;167;106;1;74
108.97;1370;58;58;25;11;86;0;64;31;41;0;87;17;0.67;1.0;1.0;3;1;39;7.25;15.1;4.74;12.3;345;128;14.7;13.92;0.947;0;1;0;0;1;0;0;0;0;1;0;525;92;166;105;1;72
109.0;1370;58;58;25;11;86;0;64;31;41;0;87;17;0.67;1.0;1.0;3;1;39;7.25;15.1;4.74;12.3;345;128;14.7;13.92;0.947;0;1;0;0;1;0;0;0;0;1;0;525;92;166;105;1;72
109.36;1780;21;21;0;4.63;85;0;64;45;30;0;49;8;0.45;1.0;1.0;3;1;25;2.62;0.6;2.28;6.9;345;128;14.7;13.92;0.947;0;1;0;0;1;1;0;0;0;1;0;242;42;167;105;1;75
109.39;1780;21;21;0;4.63;85;0;64;45;30;0;49;8;0.45;1.0;1.0;3;1;25;2.62;0.6;2.28;6.9;345;128;14.7;13.92;0.947;0;1;0;0;1;1;0;0;0;1;0;242;42;167;105;1;75
109.76;1934;48;48;0;9.03;87;0;64;41;30;0;73;19;0.6;1.0;1.0;3;1;29;6.0;0.6;4.05;14.6;345;128;14.82;13.92;0.939;0;1;0;0;1;1;0;0;0;1;0;425;42;165;105;1;100
110.14;1639;19;19;0;4.33;87;0;64;55;29;0;46;7;0.43;1.0;1.0;3;1;15;2.38;0.6;2.17;5.9;345;128;14.7;11.01;0.749;0;1;0;0;1;1;0;0;0;1;0;223;42;165;105;1;74
110.55;1281;58;58;3;11;85;0;64;36;36;0;87;16;0.67;1.0;1.0;3;1;34;7.25;2.6;4.76;11.6;345;128;14.7;11.01;0.749;0;1;0;0;1;0;0;0;0;1;0;528;49;167;105;1;146
110.93;1614;20;20;0;4.53;87;0;64;46;30;0;48;8;0.44;1.0;1.0;3;1;24;2.5;0.6;2.25;6.1;345;128;14.7;12.41;0.844;0;1;0;0;1;1;0;0;0;1;0;235;42;165;105;1;75
111.33;1306;42;42;0;8.15;86;0;64;32;23;0;73;12;0.58;1.0;1.0;3;1;38;5.25;0.6;3.69;8.9;345;128;14.7;12.41;0.844;0;1;0;0;1;1;0;0;0;1;0;423;42;167;105;1;43
111.7;1652;20;20;0;4.56;87;0;64;48;29;0;48;7;0.45;1.0;1.0;3;1;22;2.5;0.6;2.26;6.3;345;128;14.7;12.41;0.844;0;1;0;0;1;1;0;0;0;1;0;235;42;164;105;1;74
111.73;1652;20;20;0;4.56;87;0;64;48;29;0;48;7;0.45;1.0;1.0;3;1;22;2.5;0.6;2.26;6.3;345;128;14.7;12.41;0.844;0;1;0;0;1;1;0;0;0;1;0;235;42;164;105;1;74
112.09;1498;29;29;0;5.86;85;0;64;41;25;0;57;9;0.48;1.0;1.0;3;1;29;3.62;0.6;2.77;7.3;345;128;14.7;24.12;1.641;0;1;0;0;1;1;0;0;0;1;0;306;42;167;105;1;84
112.49;1716;34;34;0;6.76;85;0;64;18;53;0;63;12;0.54;1.0;1.0;3;1;52;4.25;0.9;3.13;9.7;345;128;14.7;24.12;1.641;0;1;0;0;1;1;0;0;0;1;0;347;43;167;104;1;88
112.88;1422;20;20;0;4.41;85;0;64;47;25;0;49;6;0.43;1.0;1.0;3;1;23;2.5;0.6;2.19;5.2;345;128;14.7;24.12;1.641;0;1;0;0;1;1;0;0;0;1;0;241;42;167;104;1;75
113.27;1383;25;25;0;5.28;85;0;64;45;24;0;54;7;0.47;1.0;1.0;3;1;25;3.12;0.6;2.54;6.1;345;128;14.7;18.12;1.233;0;1;0;0;1;1;0;0;0;1;0;276;42;167;104;1;146
113.65;1345;25;25;5;5.28;87;0;64;39;48;0;55;7;0.47;1.0;1.0;3;1;31;3.12;3.8;2.55;5.9;345;128;14.7;18.12;1.233;0;1;0;0;1;0;0;0;0;1;0;291;53;165;104;1;82
114.04;1473;21;21;0;4.58;85;0;64;45;25;0;49;7;0.44;1.0;1.0;3;1;25;2.62;0.6;2.26;5.6;345;128;14.7;12.21;0.831;0;1;0;0;1;1;0;0;0;1;0;245;42;167;104;2;75
114.44;1370;26;26;4;5.52;86;0;64;22;49;0;57;8;0.48;1.0;1.0;3;1;48;3.25;3.2;2.64;6.3;345;128;14.7;12.21;0.831;0;1;0;0;1;0;0;0;0;1;0;306;51;166;104;2;84
114.84;1511;21;21;0;4.61;85;0;64;44;26;0;49;7;0.44;1.0;1.0;3;1;26;2.62;0.6;2.27;5.8;345;128;14.7;12.21;0.831;0;1;0;0;1;1;0;0;0;1;0;245;42;167;104;2;76
115.22;1383;23;23;0;4.98;85;0;64;47;23;0;52;7;0.45;1.0;1.0;3;1;23;2.88;0.6;2.42;5.7;345;128;14.7;12.91;0.878;0;1;0;0;1;1;0;0;0;1;0;265;42;167;104;2;77
115.61;1332;29;29;12;5.93;87;0;64;39;49;0;60;8;0.5;1.0;1.0;3;1;31;3.62;7.6;2.81;6.6;345;128;14.7;12.91;0.878;0;1;0;0;1;0;0;0;0;1;0;322;66;165;104;2;85
115.99;1511;21;21;0;4.56;85;0;64;43;27;0;49;7;0.44;1.0;1.0;3;1;27;2.62;0.6;2.25;5.7;345;128;14.7;13.31;0.905;0;1;0;0;1;1;0;0;0;1;0;240;42;168;104;3;71
116.37;1383;21;21;5;4.7;86;1;64;42;46;0;51;7;0.45;1.0;1.0;3;1;28;2.62;3.8;2.31;5.4;345;128;14.7;13.31;0.905;0;1;0;0;1;0;0;0;0;1;0;254;53;166;104;3;76
116.77;1601;21;21;0;4.63;85;0;64;39;27;0;49;7;0.44;1.0;1.0;3;1;31;2.62;0.6;2.28;6.2;345;128;14.7;13.31;0.905;0;1;0;0;1;1;0;0;0;1;0;240;42;167;104;3;75
117.15;1204;22;22;0;4.81;85;0;64;48;22;0;52;6;0.45;1.0;1.0;3;1;22;2.75;0.6;2.35;4.8;345;128;14.7;13.12;0.893;0;1;0;0;1;1;0;0;0;1;0;261;42;168;103;3;70
117.17;1204;22;22;0;4.81;85;0;64;48;22;0;52;6;0.45;1.0;1.0;3;1;22;2.75;0.6;2.35;4.8;345;128;14.7;13.12;0.893;0;1;0;0;1;1;0;0;0;1;0;261;42;168;103;3;70
117.54;1217;23;23;0;4.98;85;0;64;49;21;0;52;6;0.45;1.0;1.0;3;1;21;2.88;0.6;2.42;5.1;345;128;14.7;13.12;0.893;0;1;0;0;1;1;0;0;0;1;0;265;42;168;103;3;77
117.57;1217;23;23;0;4.98;85;0;64;49;21;0;52;6;0.45;1.0;1.0;3;1;21;2.88;0.6;2.42;5.1;345;128;14.7;13.12;0.893;0;1;0;0;1;1;0;0;0;1;0;265;42;168;103;3;77
117.94;1204;39;39;38;8.6;86;2;64;36;48;0;74;10;0.58;1.0;1.0;3;1;34;4.88;23.0;3.87;8.6;345;128;14.7;19.01;1.293;0;1;0;0;1;0;0;0;0;1;0;428;119;166;103;3;101
118.32;1972;21;21;0;4.58;85;0;63;47;30;0;48;9;0.45;1.0;1.0;3;1;23;2.62;0.6;2.26;7.5;345;128;14.82;19.01;1.283;0;1;0;0;1;1;0;0;0;1;0;236;42;167;103;3;74
118.72;1306;21;21;0;4.6;86;0;64;61;23;0;50;6;0.44;1.0;1.0;3;1;9;2.62;0.9;2.27;5.0;345;128;14.7;19.01;1.293;0;1;0;0;1;1;0;0;0;1;0;248;43;166;103;3;76
119.1;1114;23;23;0;5.0;84;0;64;55;20;0;54;5;0.45;1.0;1.0;3;1;15;2.88;0.6;2.42;4.6;345;128;14.7;20.72;1.41;0;1;0;0;1;1;0;0;0;1;0;277;42;169;103;3;81
119.48;1383;78;78;10;16;85;0;64;43;27;0;100;22;0.75;1.0;1.0;3;1;27;9.75;6.4;6.65;17.9;345;128;13.07;20.72;1.585;0;1;0;0;1;0;0;0;0;1;0;629;62;167;103;3;150
119.51;1383;78;78;10;16;85;0;64;43;27;0;100;22;0.75;1.0;1.0;3;1;27;9.75;6.4;6.65;17.9;345;128;13.07;20.72;1.585;0;1;0;0;1;0;0;0;0;1;0;629;62;167;103;3;150
119.87;1755;19;19;0;4.23;85;0;63;50;29;0;46;8;0.43;1.0;1.0;3;1;20;2.38;0.6;2.12;6.2;345;128;14.7;20.72;1.41;0;1;0;0;1;1;0;0;0;1;0;221;42;167;103;3;74
120.27;1178;22;22;0;4.76;85;0;64;56;21;0;51;6;0.44;1.0;1.0;3;1;14;2.75;0.6;2.33;4.7;345;128;14.7;12.41;0.844;0;1;0;0;1;1;0;0;0;1;0;259;42;167;103;3;76
120.66;1165;23;23;0;4.98;85;0;65;50;21;0;53;6;0.45;1.0;1.0;3;1;20;2.88;0.6;2.42;4.8;345;128;14.7;12.41;0.844;0;1;0;0;1;1;0;0;0;1;0;273;42;168;103;3;77
121.06;1178;24;24;0;5.08;87;0;65;50;20;0;53;6;0.45;1.0;1.0;3;1;20;3.0;0.6;2.47;5.0;345;128;14.7;13.91;0.946;0;1;0;0;1;1;0;0;0;1;0;272;42;165;103;3;77
121.44;1178;23;23;0;4.88;85;0;64;49;21;0;53;6;0.45;1.0;1.0;3;1;21;2.88;0.6;2.38;4.8;345;128;14.7;13.91;0.946;0;1;0;0;1;1;0;0;0;1;0;269;42;166;103;3;50
121.82;1165;23;23;0;4.81;85;0;64;49;21;0;52;6;0.45;1.0;1.0;3;1;21;2.88;0.6;2.35;4.7;345;128;14.7;13.91;0.946;0;1;0;0;1;1;0;0;0;1;0;267;42;167;102;3;77
122.22;1178;23;23;0;4.87;86;0;64;50;20;0;52;6;0.45;1.0;1.0;3;1;20;2.88;0.6;2.38;4.8;345;128;14.7;14.31;0.973;0;1;0;0;1;1;0;0;0;1;0;264;42;166;102;4;77
122.61;1114;23;23;0;4.81;85;0;64;50;20;0;52;5;0.45;1.0;1.0;3;1;20;2.88;0.6;2.35;4.5;345;128;14.7;14.31;0.973;0;1;0;0;1;1;0;0;0;1;0;261;42;167;102;4;38
122.99;1101;22;22;0;4.73;87;0;64;49;21;0;51;5;0.44;1.0;1.0;3;1;21;2.75;0.6;2.33;4.3;345;128;14.7;12.71;0.865;0;1;0;0;1;1;0;0;0;1;0;258;42;165;102;4;73
123.38;1050;22;22;0;4.73;85;0;64;50;20;0;51;5;0.43;1.0;1.0;3;1;20;2.75;0.6;2.32;4.1;345;128;14.7;12.71;0.865;0;1;0;0;1;1;0;0;0;1;0;259;42;167;102;4;76
123.78;1050;23;23;0;4.86;85;0;64;50;20;0;52;5;0.44;1.0;1.0;3;1;20;2.88;0.6;2.37;4.3;345;128;14.7;12.71;0.865;0;1;0;0;1;1;0;0;0;1;0;265;42;167;102;4;77
124.16;1050;22;22;0;4.81;85;0;65;50;20;0;52;5;0.44;1.0;1.0;3;1;20;2.75;0.6;2.35;4.2;345;128;14.7;12.41;0.844;0;1;0;0;1;1;0;0;0;1;0;262;42;167;102;4;146
124.55;986;21;21;0;4.62;86;0;65;50;20;0;51;5;0.43;1.0;1.0;3;1;20;2.62;0.9;2.28;3.8;345;128;14.7;12.41;0.844;0;1;0;0;1;1;0;0;0;1;0;257;43;166;102;4;76
124.93;1012;22;22;0;4.66;85;0;64;50;20;0;51;5;0.43;1.0;1.0;3;1;20;2.75;0.6;2.29;3.9;345;128;14.7;12.41;0.844;0;1;0;0;1;1;0;0;0;1;0;256;42;167;102;4;77
125.33;1012;21;21;0;4.63;85;0;65;50;20;0;51;4;0.43;1.0;1.0;3;1;20;2.62;0.6;2.28;3.9;345;128;14.7;13.11;0.892;0;1;0;0;1;1;0;0;0;1;0;254;42;167;102;4;76
125.73;986;32;32;27;6.36;87;1;65;38;35;0;65;7;0.51;1.0;1.0;3;1;32;4.0;16.3;2.98;5.2;345;128;14.59;13.11;0.899;0;1;0;0;1;0;0;0;0;1;0;367;96;165;102;4;90
126.1;1550;49;49;8;9.18;85;0;64;28;42;0;75;16;0.61;1.0;1.0;3;1;42;6.12;5.5;4.1;11.9;345;128;14.7;17.31;1.178;0;1;0;0;1;0;0;0;0;1;0;442;59;167;102;4;105
126.13;1550;49;49;8;9.18;85;0;64;28;42;0;75;16;0.61;1.0;1.0;3;1;42;6.12;5.5;4.1;11.9;345;128;14.7;17.31;1.178;0;1;0;0;1;0;0;0;0;1;0;442;59;167;102;4;105
126.48;2100;24;24;6;5.03;85;0;63;14;56;0;52;12;0.48;1.0;1.0;3;1;56;3.0;4.4;2.44;8.8;345;128;14.82;17.31;1.168;0;1;0;0;1;0;0;0;0;1;0;265;55;167;102;4;77
126.51;2100;24;24;6;5.03;85;0;63;14;56;0;52;12;0.48;1.0;1.0;3;1;56;3.0;4.4;2.44;8.8;345;128;14.82;17.31;1.168;0;1;0;0;1;0;0;0;0;1;0;265;55;167;102;4;77
126.89;2228;23;23;6;4.78;85;0;63;15;55;0;50;11;0.46;1.0;1.0;3;1;55;2.88;4.4;2.34;8.9;345;128;14.82;17.31;1.168;0;1;0;0;1;0;0;0;0;1;0;250;55;167;102;4;73
127.26;2267;28;28;17;5.7;86;0;63;14;57;0;57;14;0.51;1.0;1.0;3;1;56;3.5;10.8;2.71;10.8;345;128;14.82;13.71;0.925;0;1;0;0;1;0;0;0;0;1;0;306;77;166;102;4;84
127.29;2267;28;28;17;5.7;86;0;63;14;57;0;57;14;0.51;1.0;1.0;3;1;56;3.5;10.8;2.71;10.8;345;128;14.82;13.71;0.925;0;1;0;0;1;0;0;0;0;1;0;306;77;166;102;4;84
127.67;2574;29;29;12;5.66;85;0;63;10;60;0;56;16;0.52;1.0;1.0;3;1;60;3.62;7.6;2.69;12.1;345;128;14.82;13.71;0.925;0;1;0;0;1;0;0;0;0;1;0;295;66;167;101;3;52
128.06;2766;27;27;12;5.4;86;0;62;10;60;0;54;17;0.52;1.0;1.0;3;1;60;3.38;7.6;2.59;12.4;345;128;14.93;14.91;0.999;0;1;0;0;1;0;0;0;0;1;0;276;66;166;101;3;91
128.44;2766;29;29;13;5.71;87;0;62;10;60;0;56;18;0.53;1.0;1.0;3;1;60;3.62;8.1;2.72;13.2;345;128;14.93;14.91;0.999;0;1;0;0;1;0;0;0;0;1;0;295;68;164;101;3;82
128.83;2997;25;25;11;5.08;87;0;62;12;58;0;51;17;0.5;1.0;1.0;3;1;58;3.12;7.3;2.47;12.7;345;128;14.93;14.91;0.999;0;1;0;0;1;0;0;0;0;1;0;255;65;164;101;3;76
129.21;2920;23;23;11;4.82;88;0;62;13;57;0;49;16;0.48;1.0;1.0;3;1;57;2.88;7.3;2.37;11.7;345;128;14.93;13.21;0.885;0;1;0;0;1;0;0;0;0;1;0;246;65;163;101;3;40
129.23;2920;23;23;11;4.82;88;0;62;13;57;0;49;16;0.48;1.0;1.0;3;1;57;2.88;7.3;2.37;11.7;345;128;14.93;13.21;0.885;0;1;0;0;1;0;0;0;0;1;0;246;65;163;101;3;40
129.62;2907;26;26;11;5.23;87;0;63;12;58;0;52;17;0.51;1.0;1.0;3;1;58;3.25;7.3;2.53;12.7;345;128;14.93;13.21;0.885;0;1;0;0;1;0;0;0;0;1;0;261;65;165;101;3;77
130.0;2882;26;26;11;5.23;87;0;63;12;57;0;52;17;0.51;1.0;1.0;3;1;58;3.25;7.3;2.53;12.6;345;128;14.93;13.21;0.885;0;1;0;0;1;0;0;0;0;1;0;261;65;164;100;3;77
130.39;2907;26;26;11;5.23;87;0;63;13;57;0;52;17;0.51;1.0;1.0;3;1;57;3.25;7.3;2.53;12.7;345;128;14.93;13.21;0.885;0;1;0;0;1;0;0;0;0;1;0;264;65;164;100;3;77
130.79;2574;16;16;0;3.61;89;0;63;30;29;0;40;9;0.41;1.0;1.0;3;1;40;2.0;0.6;1.89;7.7;345;128;14.82;13.21;0.891;0;1;0;0;1;1;0;0;0;1;0;177;42;162;100;4;53
131.16;1729;17;17;0;3.88;87;0;64;63;27;0;43;6;0.41;1.0;1.0;3;1;7;2.12;0.6;1.99;5.6;345;128;14.7;13.92;0.947;0;1;0;0;1;1;0;0;0;1;0;195;42;165;100;3;54
131.19;1729;17;17;0;3.88;87;0;64;63;27;0;43;6;0.41;1.0;1.0;3;1;7;2.12;0.6;1.99;5.6;345;128;14.7;13.92;0.947;0;1;0;0;1;1;0;0;0;1;0;195;42;165;100;3;54
131.56;1063;20;20;0;4.33;87;0;64;65;19;0;49;5;0.41;1.0;1.0;3;1;5;2.5;0.6;2.17;3.8;345;128;14.7;13.92;0.947;0;1;0;0;1;1;0;0;0;1;0;240;42;165;100;3;75
131.95;832;23;23;0;4.93;85;0;66;60;19;0;54;4;0.44;1.0;1.0;3;1;10;2.88;0.6;2.4;3.4;345;128;14.47;13.92;0.962;0;1;0;0;1;1;0;0;0;1;0;280;42;167;100;3;40
132.34;871;25;25;0;5.33;85;0;66;54;19;0;56;5;0.45;1.0;1.0;3;1;16;3.12;0.6;2.56;3.9;345;128;14.47;16.42;1.135;0;1;0;0;1;1;0;0;0;1;0;299;42;168;100;2;83
132.73;1012;23;23;0;4.98;85;0;65;51;19;0;54;5;0.45;1.0;1.0;3;1;19;2.88;0.6;2.42;4.2;345;128;14.47;16.42;1.135;0;1;0;0;1;1;0;0;0;1;0;279;42;168;100;2;82
133.12;1089;22;22;0;4.71;85;0;64;51;19;0;52;5;0.44;1.0;1.0;3;1;19;2.75;0.6;2.31;4.3;345;128;14.7;13.41;0.912;0;1;0;0;1;1;0;0;0;1;0;262;42;167;100;3;78
133.5;1063;22;22;0;4.71;85;0;65;51;19;0;52;5;0.44;1.0;1.0;3;1;19;2.75;0.6;2.31;4.2;345;128;14.7;13.41;0.912;0;1;0;0;1;1;0;0;0;1;0;260;42;167;100;3;77
133.9;986;21;21;0;4.63;85;0;65;51;19;0;51;4;0.43;1.0;1.0;3;1;19;2.62;0.6;2.28;3.8;345;128;14.7;13.41;0.912;0;1;0;0;1;1;0;0;0;1;0;256;42;167;100;3;76
134.27;1012;21;21;0;4.67;87;0;65;51;19;0;51;4;0.43;1.0;1.0;3;1;19;2.62;0.6;2.3;3.9;345;128;14.7;14.11;0.96;0;1;0;0;1;1;0;0;0;1;0;259;42;164;100;3;77
134.3;1012;21;21;0;4.67;87;0;65;51;19;0;51;4;0.43;1.0;1.0;3;1;19;2.62;0.6;2.3;3.9;345;128;14.7;14.11;0.96;0;1;0;0;1;1;0;0;0;1;0;259;42;164;100;3;77
134.67;973;22;22;0;4.73;87;0;65;51;19;0;51;4;0.43;1.0;1.0;3;1;19;2.75;0.6;2.33;3.8;345;128;14.7;14.11;0.96;0;1;0;0;1;1;0;0;0;1;0;256;42;164;100;4;76
135.07;935;21;21;0;4.62;86;0;65;51;19;0;51;4;0.42;1.0;1.0;3;1;19;2.62;0.6;2.28;3.6;345;128;14.7;13.81;0.939;0;1;0;0;1;1;0;0;0;1;0;256;42;166;100;4;76
135.44;935;22;22;0;4.71;85;0;65;51;19;0;52;4;0.43;1.0;1.0;3;1;19;2.75;0.6;2.31;3.7;345;128;14.7;13.81;0.939;0;1;0;0;1;1;0;0;0;1;0;261;42;167;100;4;77
135.83;973;23;23;0;4.88;85;0;65;51;19;0;52;4;0.44;1.0;1.0;3;1;19;2.88;0.6;2.38;4.0;345;128;14.47;13.81;0.954;0;1;0;0;1;1;0;0;0;1;0;263;42;167;99;4;77
136.23;884;22;22;0;4.66;85;0;65;51;19;0;52;4;0.43;1.0;1.0;3;1;19;2.75;0.6;2.29;3.4;345;128;14.7;13.51;0.919;0;1;0;0;1;1;0;0;0;1;0;261;42;167;99;4;77
136.6;922;22;22;0;4.76;85;0;65;51;19;0;52;4;0.43;1.0;1.0;3;1;19;2.75;0.6;2.33;3.7;345;128;14.7;13.51;0.919;0;1;0;0;1;1;0;0;0;1;0;261;42;167;99;5;73
136.99;948;22;22;0;4.82;86;0;65;51;19;0;52;4;0.43;1.0;1.0;3;1;19;2.75;0.6;2.36;3.8;345;128;14.7;13.01;0.885;0;1;0;0;1;1;0;0;0;1;0;263;42;166;99;5;77
137.02;948;22;22;0;4.82;86;0;65;51;19;0;52;4;0.43;1.0;1.0;3;1;19;2.75;0.6;2.36;3.8;345;128;14.7;13.01;0.885;0;1;0;0;1;1;0;0;0;1;0;263;42;166;99;5;77
137.39;845;22;22;0;4.71;85;0;66;51;19;0;52;4;0.43;1.0;1.0;3;1;19;2.75;0.6;2.31;3.3;345;128;14.7;13.01;0.885;0;1;0;0;1;1;0;0;0;1;0;260;42;168;99;5;76
137.77;832;21;21;0;4.66;85;0;65;51;19;0;52;4;0.43;1.0;1.0;3;1;19;2.62;0.6;2.29;3.2;345;128;14.7;13.01;0.885;0;1;0;0;1;1;0;0;0;1;0;264;42;167;99;6;77
137.8;832;21;21;0;4.66;85;0;65;51;19;0;52;4;0.43;1.0;1.0;3;1;19;2.62;0.6;2.29;3.2;345;128;14.7;13.01;0.885;0;1;0;0;1;1;0;0;0;1;0;264;42;167;99;6;77
138.17;871;22;22;0;4.81;85;0;65;51;19;0;53;4;0.43;1.0;1.0;3;1;19;2.75;0.6;2.35;3.5;345;128;14.7;13.31;0.905;0;1;0;0;1;1;0;0;0;1;0;268;42;168;99;6;77
138.56;884;22;22;0;4.83;85;0;65;51;19;0;53;4;0.43;1.0;1.0;3;1;19;2.75;0.6;2.36;3.6;345;128;14.7;13.31;0.905;0;1;0;0;1;1;0;0;0;1;0;269;42;168;99;6;77
138.94;845;22;22;0;4.71;85;0;66;51;19;0;52;4;0.43;1.0;1.0;3;1;19;2.75;0.6;2.31;3.3;345;128;14.7;13.31;0.905;0;1;0;0;1;1;0;0;0;1;0;264;42;168;99;7;77
138.96;845;22;22;0;4.71;85;0;66;51;19;0;52;4;0.43;1.0;1.0;3;1;19;2.75;0.6;2.31;3.3;345;128;14.7;13.31;0.905;0;1;0;0;1;1;0;0;0;1;0;264;42;168;99;7;77
139.34;845;22;22;0;4.66;85;0;65;51;19;0;52;4;0.43;1.0;1.0;3;1;19;2.75;0.6;2.29;3.3;345;128;14.7;13.01;0.885;0;1;0;0;1;1;0;0;0;1;0;262;42;167;99;7;74
139.72;922;23;23;0;4.86;85;0;65;51;19;0;52;4;0.43;1.0;1.0;3;1;19;2.88;0.6;2.37;3.7;345;128;14.47;13.01;0.899;0;1;0;0;1;1;0;0;0;1;0;265;42;167;99;7;77
140.11;871;22;22;0;4.78;85;0;65;51;19;0;52;4;0.43;1.0;1.0;3;1;19;2.75;0.6;2.34;3.5;345;128;14.7;12.61;0.858;0;1;0;0;1;1;0;0;0;1;0;266;42;167;99;8;77
140.51;845;22;22;0;4.73;85;0;66;51;19;0;52;4;0.43;1.0;1.0;3;1;19;2.75;0.6;2.32;3.3;345;128;14.7;12.61;0.858;0;1;0;0;1;1;0;0;0;1;0;263;42;167;99;8;39
140.9;845;22;22;0;4.78;85;0;65;51;19;0;52;4;0.43;1.0;1.0;3;1;19;2.75;0.6;2.34;3.4;345;128;14.7;12.61;0.858;0;1;0;0;1;1;0;0;0;1;0;267;42;167;99;8;77
141.27;832;21;21;0;4.63;85;0;65;51;19;0;52;4;0.43;1.0;1.0;3;1;19;2.62;0.6;2.28;3.2;345;128;14.7;12.71;0.865;0;1;0;0;1;1;0;0;0;1;0;263;42;167;99;9;77
141.68;820;22;22;0;4.71;85;0;65;51;19;0;52;4;0.43;1.0;1.0;3;1;19;2.75;0.6;2.31;3.2;345;128;14.7;12.71;0.865;0;1;0;0;1;1;0;0;0;1;0;260;42;167;99;9;77
142.05;845;21;21;0;4.58;85;0;65;52;18;0;51;4;0.42;1.0;1.0;3;1;18;2.62;0.6;2.26;3.2;345;128;14.7;13.91;0.946;0;1;0;0;1;1;0;0;0;1;0;257;42;167;99;9;42
142.08;845;21;21;0;4.58;85;0;65;52;18;0;51;4;0.42;1.0;1.0;3;1;18;2.62;0.6;2.26;3.2;345;128;14.7;13.91;0.946;0;1;0;0;1;1;0;0;0;1;0;257;42;167;99;9;42
142.44;807;21;21;0;4.66;85;0;65;52;18;0;52;4;0.43;1.0;1.0;3;1;18;2.62;0.6;2.29;3.1;345;128;14.7;13.91;0.946;0;1;0;0;1;1;0;0;0;1;0;263;42;167;99;9;77
142.47;807;21;21;0;4.66;85;0;65;52;18;0;52;4;0.43;1.0;1.0;3;1;18;2.62;0.6;2.29;3.1;345;128;14.7;13.91;0.946;0;1;0;0;1;1;0;0;0;1;0;263;42;167;99;9;77
142.83;807;21;21;0;4.53;85;0;65;52;18;0;51;3;0.42;1.0;1.0;3;1;18;2.62;0.6;2.24;3.0;345;128;14.7;13.91;0.946;0;1;0;0;1;1;0;0;0;1;0;259;42;167;98;9;76
143.22;807;22;22;0;4.72;86;0;65;52;18;0;52;4;0.43;1.0;1.0;3;1;18;2.75;0.6;2.32;3.2;345;128;14.7;13.62;0.927;0;1;0;0;1;1;0;0;0;1;0;263;42;166;98;0;77
143.25;807;22;22;0;4.72;86;0;65;52;18;0;52;4;0.43;1.0;1.0;3;1;18;2.75;0.6;2.32;3.2;345;128;14.7;13.62;0.927;0;1;0;0;1;1;0;0;0;1;0;263;42;166;98;0;77
143.63;820;22;22;0;4.81;85;0;65;52;18;0;53;4;0.43;1.0;1.0;3;1;18;2.75;0.6;2.35;3.3;345;128;14.7;13.62;0.927;0;1;0;0;1;1;0;0;0;1;0;268;42;167;98;0;77
144.0;832;22;22;0;4.66;85;0;65;52;18;0;52;4;0.43;1.0;1.0;3;1;18;2.75;0.6;2.29;3.2;345;128;14.7;14.31;0.973;0;1;0;0;1;1;0;0;0;1;0;264;42;167;98;0;77
144.41;807;22;22;0;4.72;86;0;65;52;18;0;52;4;0.43;1.0;1.0;3;1;18;2.75;0.6;2.32;3.2;345;128;14.7;14.31;0.973;0;1;0;0;1;1;0;0;0;1;0;264;42;166;98;0;77
144.78;820;22;22;0;4.77;86;0;65;52;18;0;52;4;0.43;1.0;1.0;3;1;18;2.75;0.6;2.34;3.3;345;128;14.7;14.31;0.973;0;1;0;0;1;1;0;0;0;1;0;263;42;166;98;0;77
145.18;832;22;22;0;4.76;85;0;65;52;18;0;52;4;0.43;1.0;1.0;3;1;18;2.75;0.6;2.33;3.3;345;128;14.7;15.31;1.041;0;1;0;0;1;1;0;0;0;1;0;266;42;167;98;0;77
145.57;871;22;22;0;4.75;86;0;65;52;18;0;52;4;0.43;1.0;1.0;3;1;18;2.75;0.6;2.33;3.4;345;128;14.7;15.31;1.041;0;1;0;0;1;1;0;0;0;1;0;262;42;166;98;0;77
145.94;820;22;22;0;4.83;85;0;66;52;18;0;53;4;0.43;1.0;1.0;3;1;18;2.75;0.6;2.36;3.3;345;128;14.7;15.31;1.041;0;1;0;0;1;1;0;0;0;1;0;273;42;167;98;0;81
146.34;820;23;23;0;4.93;85;0;66;52;18;0;53;4;0.43;1.0;1.0;3;1;18;2.88;0.6;2.4;3.4;345;128;14.47;13.31;0.92;0;1;0;0;1;1;0;0;0;1;0;275;42;167;98;0;51
146.72;807;22;22;0;4.83;85;0;66;52;18;0;53;4;0.43;1.0;1.0;3;1;18;2.75;0.6;2.36;3.2;345;128;14.7;13.31;0.905;0;1;0;0;1;1;0;0;0;1;0;275;42;167;98;0;77
146.75;807;22;22;0;4.83;85;0;66;52;18;0;53;4;0.43;1.0;1.0;3;1;18;2.75;0.6;2.36;3.2;345;128;14.7;13.31;0.905;0;1;0;0;1;1;0;0;0;1;0;275;42;167;98;0;77
147.12;820;22;22;0;4.81;85;0;65;52;18;0;53;4;0.43;1.0;1.0;3;1;18;2.75;0.6;2.35;3.3;345;128;14.7;12.41;0.844;0;1;0;0;1;1;0;0;0;1;0;275;42;167;98;0;78
147.5;832;23;23;0;4.88;85;0;65;52;18;0;54;4;0.44;1.0;1.0;3;1;18;2.88;0.6;2.38;3.4;345;128;14.47;12.41;0.858;0;1;0;0;1;1;0;0;0;1;0;277;42;167;98;0;90
147.53;832;23;23;0;4.88;85;0;65;52;18;0;54;4;0.44;1.0;1.0;3;1;18;2.88;0.6;2.38;3.4;345;128;14.47;12.41;0.858;0;1;0;0;1;1;0;0;0;1;0;277;42;167;98;0;90
147.89;871;22;22;0;4.83;85;0;65;52;18;0;53;4;0.43;1.0;1.0;3;1;18;2.75;0.6;2.36;3.5;345;128;14.7;12.41;0.844;0;1;0;0;1;1;0;0;0;1;0;275;42;168;98;0;146
148.3;807;22;22;0;4.76;85;0;66;52;18;0;53;4;0.43;1.0;1.0;3;1;18;2.75;0.6;2.33;3.2;345;128;14.7;12.61;0.858;0;1;0;0;1;1;0;0;0;1;0;273;42;168;98;0;40
148.67;807;22;22;0;4.83;85;0;66;52;18;0;53;4;0.43;1.0;1.0;3;1;18;2.75;0.6;2.36;3.2;345;128;14.7;12.61;0.858;0;1;0;0;1;1;0;0;0;1;0;275;42;167;98;0;91
148.69;807;22;22;0;4.83;85;0;66;52;18;0;53;4;0.43;1.0;1.0;3;1;18;2.75;0.6;2.36;3.2;345;128;14.7;12.61;0.858;0;1;0;0;1;1;0;0;0;1;0;275;42;167;98;0;91
149.07;832;23;23;0;4.93;85;0;65;52;18;0;54;4;0.44;1.0;1.0;3;1;18;2.88;0.6;2.4;3.4;345;128;14.47;13.71;0.947;0;1;0;0;1;1;0;0;0;1;0;278;42;167;97;0;81
149.47;845;22;22;0;4.78;85;0;65;52;18;0;53;4;0.43;1.0;1.0;3;1;18;2.75;0.6;2.34;3.4;345;128;14.7;13.71;0.933;0;1;0;0;1;1;0;0;0;1;0;271;42;167;97;0;50
149.85;845;22;22;0;4.77;86;0;65;52;18;0;52;4;0.43;1.0;1.0;3;1;18;2.75;0.6;2.34;3.4;345;128;14.7;13.71;0.933;0;1;0;0;1;1;0;0;0;1;0;265;42;167;97;0;38
150.24;768;23;23;0;4.91;85;0;66;52;18;0;53;4;0.43;1.0;1.0;3;1;18;2.88;0.6;2.39;3.1;345;128;14.47;13.01;0.899;0;1;0;0;1;1;0;0;0;1;0;275;42;167;97;0;77
150.62;871;23;23;0;4.88;85;0;65;52;18;0;53;4;0.43;1.0;1.0;3;1;18;2.88;0.6;2.38;3.5;345;128;14.47;13.01;0.899;0;1;0;0;1;1;0;0;0;1;0;275;42;167;97;0;51
151.0;807;21;21;0;4.67;86;0;65;52;18;0;52;4;0.43;1.0;1.0;3;1;18;2.62;0.6;2.3;3.1;345;128;14.7;13.01;0.885;0;1;0;0;1;1;0;0;0;1;0;267;42;167;97;0;77
151.39;781;22;22;0;4.73;86;0;66;52;18;0;53;4;0.43;1.0;1.0;3;1;18;2.75;0.6;2.32;3.1;345;128;14.7;12.61;0.858;0;1;0;0;1;1;0;0;0;1;0;270;42;166;97;0;77
151.42;781;22;22;0;4.73;86;0;66;52;18;0;53;4;0.43;1.0;1.0;3;1;18;2.75;0.6;2.32;3.1;345;128;14.7;12.61;0.858;0;1;0;0;1;1;0;0;0;1;0;270;42;166;97;0;77
151.78;820;23;23;0;4.83;85;0;65;52;18;0;53;4;0.43;1.0;1.0;3;1;18;2.88;0.6;2.36;3.3;345;128;14.47;12.61;0.871;0;1;0;0;1;1;0;0;0;1;0;272;42;167;97;0;77
152.18;845;22;22;0;4.81;85;0;65;52;18;0;53;4;0.43;1.0;1.0;3;1;18;2.75;0.6;2.35;3.4;345;128;14.7;13.31;0.905;0;1;0;0;1;1;0;0;0;1;0;271;42;167;97;0;77
152.58;781;21;21;0;4.63;85;0;65;52;18;0;52;4;0.43;1.0;1.0;3;1;18;2.62;0.6;2.28;3.0;345;128;14.7;13.31;0.905;0;1;0;0;1;1;0;0;0;1;0;265;42;167;97;0;77
152.95;807;22;22;0;4.68;85;0;65;52;18;0;52;4;0.43;1.0;1.0;3;1;18;2.75;0.6;2.3;3.1;345;128;14.7;13.31;0.905;0;1;0;0;1;1;0;0;0;1;0;264;42;167;97;0;73
153.37;845;23;23;0;4.88;85;0;66;52;18;0;53;4;0.43;1.0;1.0;3;1;18;2.88;0.6;2.38;3.4;345;128;14.47;13.21;0.913;0;1;0;0;1;1;0;0;0;1;0;271;42;167;97;0;77
153.72;768;22;22;0;4.75;86;0;65;52;18;0;52;3;0.43;1.0;1.0;3;1;18;2.75;0.6;2.33;3.0;345;128;14.7;13.21;0.899;0;1;0;0;1;1;0;0;0;1;0;267;42;166;97;0;77
153.75;768;22;22;0;4.75;86;0;65;52;18;0;52;3;0.43;1.0;1.0;3;1;18;2.75;0.6;2.33;3.0;345;128;14.7;13.21;0.899;0;1;0;0;1;1;0;0;0;1;0;267;42;166;97;0;77
154.13;845;23;23;0;4.88;85;0;65;52;18;0;53;4;0.43;1.0;1.0;3;1;18;2.88;0.6;2.38;3.4;345;128;14.47;12.61;0.871;0;1;0;0;1;1;0;0;0;1;0;274;42;167;97;0;81
154.95;820;23;23;0;4.83;85;0;65;52;18;0;53;4;0.43;1.0;1.0;3;1;18;2.88;0.6;2.36;3.3;345;128;14.47;12.61;0.871;0;1;0;0;1;1;0;0;0;1;0;275;42;167;97;0;81
155.32;820;23;23;0;4.83;85;0;65;52;18;0;53;4;0.43;1.0;1.0;3;1;18;2.88;0.6;2.36;3.3;345;128;14.47;14.21;0.982;0;1;0;0;1;1;0;0;0;1;0;275;42;167;97;0;81
155.64;820;23;23;0;4.83;85;0;65;52;18;0;53;4;0.43;1.0;1.0;3;1;18;2.88;0.6;2.36;3.3;345;128;14.47;14.21;0.982;0;1;0;0;1;1;0;0;0;1;0;275;42;167;97;0;81
155.73;820;23;23;0;4.83;85;0;65;52;18;0;53;4;0.43;1.0;1.0;3;1;18;2.88;0.6;2.36;3.3;345;128;14.47;14.21;0.982;0;1;0;0;1;1;0;0;0;1;0;275;42;167;97;0;81
156.1;820;22;22;0;4.8;86;0;66;52;18;0;52;4;0.43;1.0;1.0;3;1;18;2.75;0.6;2.35;3.3;345;128;14.7;12.91;0.878;0;1;0;0;1;1;0;0;0;1;0;261;42;166;97;0;76
156.13;820;22;22;0;4.8;86;0;66;52;18;0;52;4;0.43;1.0;1.0;3;1;18;2.75;0.6;2.35;3.3;345;128;14.7;12.91;0.878;0;1;0;0;1;1;0;0;0;1;0;261;42;166;97;0;76
156.51;845;22;22;0;4.8;86;0;65;52;18;0;52;4;0.43;1.0;1.0;3;1;18;2.75;0.6;2.35;3.4;345;128;14.7;12.91;0.878;0;1;0;0;1;1;0;0;0;1;0;265;42;166;97;0;77
156.88;756;21;21;0;4.61;88;0;65;52;18;0;52;3;0.43;1.0;1.0;3;1;18;2.62;0.6;2.28;2.9;345;128;14.7;12.91;0.878;0;1;0;0;1;1;0;0;0;1;0;263;42;163;97;0;77
157.28;820;23;23;0;4.93;85;0;65;52;18;0;54;4;0.44;1.0;1.0;3;1;18;2.88;0.6;2.4;3.4;345;128;14.47;13.61;0.941;0;1;0;0;1;1;0;0;0;1;0;277;42;167;97;0;82
157.68;756;21;21;0;4.66;85;0;65;52;18;0;53;3;0.43;1.0;1.0;3;1;18;2.62;0.6;2.29;2.9;345;128;14.7;13.61;0.926;0;1;0;0;1;1;0;0;0;1;0;271;42;167;97;0;77
158.06;807;22;22;0;4.81;85;0;66;52;18;0;53;4;0.43;1.0;1.0;3;1;18;2.75;0.6;2.35;3.2;345;128;14.7;13.11;0.892;0;1;0;0;1;1;0;0;0;1;0;270;42;167;97;0;77
158.45;832;22;22;0;4.77;86;0;65;52;18;0;52;4;0.43;1.0;1.0;3;1;18;2.75;0.6;2.34;3.3;345;128;14.7;13.11;0.892;0;1;0;0;1;1;0;0;0;1;0;266;42;166;97;0;77
158.84;832;22;22;0;4.66;85;0;65;52;18;0;52;4;0.43;1.0;1.0;3;1;18;2.75;0.6;2.29;3.2;345;128;14.7;13.11;0.892;0;1;0;0;1;1;0;0;0;1;0;265;42;167;97;0;77
159.23;781;22;22;0;4.77;86;0;65;52;18;0;53;4;0.43;1.0;1.0;3;1;18;2.75;0.6;2.34;3.1;345;128;14.7;13.51;0.919;0;1;0;0;1;1;0;0;0;1;0;268;42;166;97;0;77
159.63;871;22;22;0;4.82;86;0;65;52;18;0;52;4;0.43;1.0;1.0;3;1;18;2.75;0.6;2.36;3.5;345;128;14.7;13.51;0.919;0;1;0;0;1;1;0;0;0;1;0;267;42;166;97;0;74
160.0;768;22;22;0;4.72;86;0;65;52;18;0;52;3;0.43;1.0;1.0;3;1;18;2.75;0.6;2.32;3.0;345;128;14.7;13.51;0.919;0;1;0;0;1;1;0;0;0;1;0;263;42;166;97;0;85
160.39;832;22;22;0;4.81;85;0;65;52;18;0;53;4;0.43;1.0;1.0;3;1;18;2.75;0.6;2.35;3.3;345;128;14.7;13.81;0.939;0;1;0;0;1;1;0;0;0;1;0;272;42;167;97;0;77
160.79;768;22;22;0;4.73;85;0;65;52;18;0;53;4;0.43;1.0;1.0;3;1;18;2.75;0.6;2.32;3.0;345;128;14.7;13.81;0.939;0;1;0;0;1;1;0;0;0;1;0;272;42;167;97;0;77
161.18;781;23;23;0;4.88;85;0;66;52;18;0;54;4;0.44;1.0;1.0;3;1;18;2.88;0.6;2.38;3.2;345;128;14.47;12.81;0.885;0;1;0;0;1;1;0;0;0;1;0;276;42;168;97;0;82
161.55;832;23;23;0;4.93;85;0;65;52;18;0;54;4;0.44;1.0;1.0;3;1;18;2.88;0.6;2.4;3.4;345;128;14.47;12.81;0.885;0;1;0;0;1;1;0;0;0;1;0;279;42;167;97;0;81
161.58;832;23;23;0;4.93;85;0;65;52;18;0;54;4;0.44;1.0;1.0;3;1;18;2.88;0.6;2.4;3.4;345;128;14.47;12.81;0.885;0;1;0;0;1;1;0;0;0;1;0;279;42;167;97;0;81
161.95;781;21;21;0;4.68;85;0;65;52;18;0;53;4;0.43;1.0;1.0;3;1;18;2.62;0.6;2.3;3.0;345;128;14.7;12.81;0.871;0;1;0;0;1;1;0;0;0;1;0;275;42;167;97;0;81
162.34;781;22;22;0;4.81;85;0;66;52;18;0;53;4;0.43;1.0;1.0;3;1;18;2.75;0.6;2.35;3.1;345;128;14.7;12.81;0.871;0;1;0;0;1;1;0;0;0;1;0;274;42;167;97;0;81
162.72;832;22;22;0;4.81;85;0;66;52;18;0;53;4;0.43;1.0;1.0;3;1;18;2.75;0.6;2.35;3.3;345;128;14.7;12.81;0.871;0;1;0;0;1;1;0;0;0;1;0;273;42;168;97;0;74
163.12;820;23;23;0;4.86;85;0;65;52;18;0;53;4;0.43;1.0;1.0;3;1;18;2.88;0.6;2.37;3.3;345;128;14.47;12.91;0.892;0;1;0;0;1;1;0;0;0;1;0;275;42;168;97;0;73
163.5;845;22;22;0;4.83;85;0;65;52;18;0;53;4;0.43;1.0;1.0;3;1;18;2.75;0.6;2.36;3.4;345;128;14.7;12.91;0.878;0;1;0;0;1;1;0;0;0;1;0;275;42;167;97;0;90
163.89;807;22;22;0;4.71;85;0;65;52;18;0;53;4;0.43;1.0;1.0;3;1;18;2.75;0.6;2.31;3.2;345;128;14.7;12.91;0.878;0;1;0;0;1;1;0;0;0;1;0;274;42;168;97;0;77
163.91;807;22;22;0;4.71;85;0;65;52;18;0;53;4;0.43;1.0;1.0;3;1;18;2.75;0.6;2.31;3.2;345;128;14.7;12.91;0.878;0;1;0;0;1;1;0;0;0;1;0;274;42;168;97;0;77
164.28;807;22;22;0;4.81;85;0;66;52;18;0;53;4;0.43;1.0;1.0;3;1;18;2.75;0.6;2.35;3.2;345;128;14.7;13.91;0.946;0;1;0;0;1;1;0;0;0;1;0;270;42;167;97;0;77
164.67;807;22;22;0;4.78;85;0;65;52;18;0;53;4;0.43;1.0;1.0;3;1;18;2.75;0.6;2.34;3.2;345;128;14.7;13.91;0.946;0;1;0;0;1;1;0;0;0;1;0;270;42;167;97;0;74
165.06;832;23;23;0;4.87;86;0;65;52;18;0;53;4;0.43;1.0;1.0;3;1;18;2.88;0.6;2.38;3.4;345;128;14.47;14.41;0.996;0;1;0;0;1;1;0;0;0;1;0;272;42;166;97;0;77
165.46;820;22;22;0;4.8;86;0;65;52;18;0;53;4;0.43;1.0;1.0;3;1;18;2.75;0.6;2.35;3.3;345;128;14.7;14.41;0.98;0;1;0;0;1;1;0;0;0;1;0;268;42;166;97;0;77
165.84;781;22;22;0;4.83;85;0;66;52;18;0;53;4;0.43;1.0;1.0;3;1;18;2.75;0.6;2.36;3.1;345;128;14.7;14.41;0.98;0;1;0;0;1;1;0;0;0;1;0;272;42;167;96;0;72
166.24;832;22;22;0;4.78;87;0;65;52;18;0;53;4;0.43;1.0;1.0;3;1;18;2.75;0.6;2.35;3.3;345;128;14.7;15.11;1.028;0;1;0;0;1;1;0;0;0;1;0;270;42;164;97;0;78
166.62;781;21;21;0;4.68;85;0;65;52;18;0;52;4;0.43;1.0;1.0;3;1;18;2.62;0.6;2.3;3.0;345;128;14.7;15.11;1.028;0;1;0;0;1;1;0;0;0;1;0;267;42;167;97;0;77
167.02;807;22;22;0;4.81;85;0;66;52;18;0;53;4;0.43;1.0;1.0;3;1;18;2.75;0.6;2.35;3.2;345;128;14.7;15.11;1.028;0;1;0;0;1;1;0;0;0;1;0;271;42;167;96;0;77
167.39;845;22;22;0;4.81;85;0;65;52;18;0;53;4;0.43;1.0;1.0;3;1;18;2.75;0.6;2.35;3.4;345;128;14.7;12.81;0.871;0;1;0;0;1;1;0;0;0;1;0;268;42;167;96;0;77
167.78;781;21;21;0;4.67;86;0;65;52;18;0;52;3;0.43;1.0;1.0;3;1;18;2.62;0.6;2.3;3.0;345;128;14.7;12.81;0.871;0;1;0;0;1;1;0;0;0;1;0;265;42;166;96;0;146
168.19;807;23;23;0;4.91;87;0;65;52;18;0;53;4;0.43;1.0;1.0;3;1;18;2.88;0.6;2.4;3.3;345;128;14.47;13.01;0.899;0;1;0;0;1;1;0;0;0;1;0;273;42;167;96;0;40
168.56;768;22;22;0;4.68;85;0;65;52;18;0;52;3;0.43;1.0;1.0;3;1;18;2.75;0.6;2.3;3.0;345;128;14.7;13.01;0.885;0;1;0;0;1;1;0;0;0;1;0;267;42;167;96;0;77
168.96;807;22;22;0;4.81;85;0;65;52;18;0;53;4;0.43;1.0;1.0;3;1;18;2.75;0.6;2.35;3.2;345;128;14.7;13.01;0.885;0;1;0;0;1;1;0;0;0;1;0;270;42;167;96;0;77
169.34;845;21;21;0;4.6;86;0;65;52;18;0;51;3;0.42;1.0;1.0;3;1;18;2.62;0.6;2.27;3.2;345;128;14.7;13.02;0.886;0;1;0;0;1;1;0;0;0;1;0;256;42;166;96;0;73
169.74;807;22;22;0;4.73;85;0;65;52;18;0;52;4;0.43;1.0;1.0;3;1;18;2.75;0.6;2.32;3.2;345;128;14.7;13.02;0.886;0;1;0;0;1;1;0;0;0;1;0;262;42;167;96;0;73
170.12;832;22;22;0;4.82;86;0;65;52;18;0;53;4;0.43;1.0;1.0;3;1;18;2.75;0.6;2.36;3.3;345;128;14.7;13.31;0.905;0;1;0;0;1;1;0;0;0;1;0;268;42;166;96;0;77
170.52;768;22;22;0;4.7;86;0;65;52;18;0;52;3;0.43;1.0;1.0;3;1;18;2.75;0.6;2.31;3.0;345;128;14.7;13.31;0.905;0;1;0;0;1;1;0;0;0;1;0;263;42;166;96;0;77
170.91;820;22;22;0;4.78;85;0;65;52;18;0;52;4;0.43;1.0;1.0;3;1;18;2.75;0.6;2.34;3.3;345;128;14.7;13.31;0.905;0;1;0;0;1;1;0;0;0;1;0;262;42;166;96;0;70
171.29;807;21;21;0;4.57;86;0;65;52;18;0;51;3;0.42;1.0;1.0;3;1;18;2.62;0.6;2.26;3.1;345;128;14.7;15.91;1.082;0;1;0;0;1;1;0;0;0;1;0;259;42;165;96;0;90
171.68;768;22;22;0;4.7;86;0;65;52;18;0;52;3;0.43;1.0;1.0;3;1;18;2.75;0.6;2.31;3.0;345;128;14.7;15.91;1.082;0;1;0;0;1;1;0;0;0;1;0;262;42;166;96;0;76
172.06;756;21;21;0;4.6;86;0;65;52;18;0;52;3;0.43;1.0;1.0;3;1;18;2.62;0.6;2.27;2.9;345;128;14.7;15.91;1.082;0;1;0;0;1;1;0;0;0;1;0;266;42;166;96;0;76
172.46;768;21;21;0;4.67;86;0;65;52;18;0;52;4;0.43;1.0;1.0;3;1;18;2.62;0.6;2.3;3.0;345;128;14.7;13.41;0.912;0;1;0;0;1;1;0;0;0;1;0;262;42;166;96;0;76
172.86;820;22;22;0;4.76;85;0;65;52;18;0;52;4;0.43;1.0;1.0;3;1;18;2.75;0.6;2.33;3.3;345;128;14.7;13.41;0.912;0;1;0;0;1;1;0;0;0;1;0;267;42;167;96;0;77
173.22;768;21;21;0;4.65;86;0;65;52;18;0;52;3;0.43;1.0;1.0;3;1;18;2.62;0.6;2.29;3.0;345;128;14.7;12.31;0.837;0;1;0;0;1;1;0;0;0;1;0;264;42;166;96;0;77
173.25;768;21;21;0;4.65;86;0;65;52;18;0;52;3;0.43;1.0;1.0;3;1;18;2.62;0.6;2.29;3.0;345;128;14.7;12.31;0.837;0;1;0;0;1;1;0;0;0;1;0;264;42;166;96;0;77
173.62;781;22;22;0;4.78;85;0;66;52;18;0;52;4;0.43;1.0;1.0;3;1;18;2.75;0.6;2.34;3.1;345;128;14.7;12.31;0.837;0;1;0;0;1;1;0;0;0;1;0;266;42;167;96;0;81
174.02;781;20;21;0;4.53;87;0;65;52;18;0;51;3;0.42;1.0;1.0;3;1;18;2.5;0.6;2.25;2.9;345;128;14.7;12.31;0.837;0;1;0;0;1;1;0;0;0;1;0;259;42;165;96;0;76
174.39;807;23;23;0;4.91;85;0;65;52;18;0;53;4;0.43;1.0;1.0;3;1;18;2.88;0.6;2.39;3.3;345;128;14.47;13.91;0.961;0;1;0;0;1;1;0;0;0;1;0;275;42;167;96;0;81
174.42;807;23;23;0;4.91;85;0;65;52;18;0;53;4;0.43;1.0;1.0;3;1;18;2.88;0.6;2.39;3.3;345;128;14.47;13.91;0.961;0;1;0;0;1;1;0;0;0;1;0;275;42;167;96;0;81
174.79;845;22;22;0;4.78;85;0;65;52;18;0;53;4;0.43;1.0;1.0;3;1;18;2.75;0.6;2.34;3.4;345;128;14.7;13.91;0.946;0;1;0;0;1;1;0;0;0;1;0;273;42;167;96;0;77
175.17;781;22;22;0;4.78;85;0;66;52;18;0;53;4;0.43;1.0;1.0;3;1;18;2.75;0.6;2.34;3.1;345;128;14.7;12.91;0.878;0;1;0;0;1;1;0;0;0;1;0;270;42;167;96;0;77
175.58;807;22;22;0;4.85;86;0;65;52;18;0;53;4;0.43;1.0;1.0;3;1;18;2.75;0.6;2.37;3.3;345;128;14.7;12.91;0.878;0;1;0;0;1;1;0;0;0;1;0;274;42;164;95;0;72
175.95;871;23;23;0;4.88;85;0;65;52;18;0;53;4;0.43;1.0;1.0;3;1;18;2.88;0.6;2.38;3.5;345;128;14.47;12.91;0.892;0;1;0;0;1;1;0;0;0;1;0;275;42;167;95;0;81
175.98;871;23;23;0;4.88;85;0;65;52;18;0;53;4;0.43;1.0;1.0;3;1;18;2.88;0.6;2.38;3.5;345;128;14.47;12.91;0.892;0;1;0;0;1;1;0;0;0;1;0;275;42;167;95;0;81
176.35;781;22;22;0;4.68;85;0;65;52;18;0;53;4;0.43;1.0;1.0;3;1;18;2.75;0.6;2.3;3.0;345;128;14.7;12.31;0.837;0;1;0;0;1;1;0;0;0;1;0;271;42;167;96;0;82
176.75;781;21;21;0;4.68;85;0;66;52;18;0;53;4;0.43;1.0;1.0;3;1;18;2.62;0.6;2.3;3.0;345;128;14.7;12.31;0.837;0;1;0;0;1;1;0;0;0;1;0;268;42;168;96;0;77
177.13;820;23;24;0;5.01;85;0;65;52;18;0;54;4;0.44;1.0;1.0;3;1;18;2.88;0.6;2.43;3.4;345;128;14.47;13.71;0.947;0;1;0;0;1;1;0;0;0;1;0;276;42;168;96;0;82
177.5;768;22;22;0;4.73;85;0;65;52;18;0;53;4;0.43;1.0;1.0;3;1;18;2.75;0.6;2.32;3.0;345;128;14.7;13.71;0.933;0;1;0;0;1;1;0;0;0;1;0;274;42;167;95;0;73
177.53;768;22;22;0;4.73;85;0;65;52;18;0;53;4;0.43;1.0;1.0;3;1;18;2.75;0.6;2.32;3.0;345;128;14.7;13.71;0.933;0;1;0;0;1;1;0;0;0;1;0;274;42;167;95;0;73
177.92;807;22;22;0;4.81;87;0;66;52;18;0;53;4;0.43;1.0;1.0;3;1;18;2.75;0.6;2.36;3.2;345;128;14.7;13.71;0.933;0;1;0;0;1;1;0;0;0;1;0;271;42;164;95;0;78
178.28;820;23;23;0;4.83;85;0;65;52;18;0;53;4;0.43;1.0;1.0;3;1;18;2.88;0.6;2.36;3.3;345;128;14.47;14.11;0.975;0;1;0;0;1;1;0;0;0;1;0;274;42;167;95;0;40
178.31;820;23;23;0;4.83;85;0;65;52;18;0;53;4;0.43;1.0;1.0;3;1;18;2.88;0.6;2.36;3.3;345;128;14.47;14.11;0.975;0;1;0;0;1;1;0;0;0;1;0;274;42;167;95;0;40
178.68;807;22;22;0;4.76;85;0;65;52;18;0;53;4;0.43;1.0;1.0;3;1;18;2.75;0.6;2.33;3.2;345;128;14.7;14.11;0.96;0;1;0;0;1;1;0;0;0;1;0;270;42;167;95;0;77
179.07;781;22;22;0;4.71;85;0;65;52;18;0;53;4;0.43;1.0;1.0;3;1;18;2.75;0.6;2.31;3.1;345;128;14.7;14.11;0.96;0;1;0;0;1;1;0;0;0;1;0;270;42;167;95;0;73
179.46;820;23;23;0;4.86;85;0;65;52;18;0;53;4;0.43;1.0;1.0;3;1;18;2.88;0.6;2.37;3.3;345;128;14.47;14.41;0.996;0;1;0;0;1;1;0;0;0;1;0;272;42;167;95;0;77
179.85;807;22;22;0;4.78;85;0;66;52;18;0;53;4;0.43;1.0;1.0;3;1;18;2.75;0.6;2.34;3.2;345;128;14.7;14.41;0.98;0;1;0;0;1;1;0;0;0;1;0;269;42;168;95;0;77
180.24;820;23;23;0;4.83;85;0;65;52;18;0;53;4;0.43;1.0;1.0;3;1;18;2.88;0.6;2.36;3.3;345;128;14.47;13.01;0.899;0;1;0;0;1;1;0;0;0;1;0;270;42;168;95;0;77
180.63;832;22;22;0;4.76;85;0;65;52;18;0;53;4;0.43;1.0;1.0;3;1;18;2.75;0.6;2.33;3.3;345;128;14.7;13.01;0.885;0;1;0;0;1;1;0;0;0;1;0;268;42;167;95;0;77
181.01;768;21;21;0;4.66;85;0;65;52;18;0;52;3;0.43;1.0;1.0;3;1;18;2.62;0.6;2.29;3.0;345;128;14.7;13.01;0.885;0;1;0;0;1;1;0;0;0;1;0;266;42;167;95;0;77
181.42;820;23;23;0;4.83;85;0;65;52;18;0;53;4;0.43;1.0;1.0;3;1;18;2.88;0.6;2.36;3.3;345;128;14.47;12.61;0.871;0;1;0;0;1;1;0;0;0;1;0;271;42;167;95;0;77
181.79;768;22;22;0;4.73;85;0;65;52;18;0;53;3;0.43;1.0;1.0;3;1;18;2.75;0.6;2.32;3.0;345;128;14.7;12.61;0.858;0;1;0;0;1;1;0;0;0;1;0;270;42;167;95;0;146
182.19;807;22;22;0;4.78;85;0;66;52;18;0;53;4;0.43;1.0;1.0;3;1;18;2.75;0.6;2.34;3.2;345;128;14.7;12.71;0.865;0;1;0;0;1;1;0;0;0;1;0;269;42;167;95;0;77
182.58;845;23;23;0;4.91;85;0;65;52;18;0;53;4;0.43;1.0;1.0;3;1;18;2.88;0.6;2.39;3.5;345;128;14.47;12.71;0.878;0;1;0;0;1;1;0;0;0;1;0;271;42;167;95;0;50
182.97;781;21;21;0;4.68;85;0;66;52;18;0;52;3;0.43;1.0;1.0;3;1;18;2.62;0.6;2.3;3.0;345;128;14.7;12.71;0.865;0;1;0;0;1;1;0;0;0;1;0;267;42;167;95;0;77
183.36;820;23;23;0;4.93;85;0;65;52;18;0;54;4;0.44;1.0;1.0;3;1;18;2.88;0.6;2.4;3.4;345;128;14.47;12.71;0.878;0;1;0;0;1;1;0;0;0;1;0;276;42;167;95;0;81
183.75;768;22;22;0;4.76;85;0;65;52;18;0;53;4;0.43;1.0;1.0;3;1;18;2.75;0.6;2.33;3.0;345;128;14.7;12.71;0.865;0;1;0;0;1;1;0;0;0;1;0;269;42;167;95;0;77
184.13;820;23;23;0;4.86;85;0;65;52;18;0;53;4;0.43;1.0;1.0;3;1;18;2.88;0.6;2.37;3.3;345;128;14.47;14.01;0.968;0;1;0;0;1;1;0;0;0;1;0;273;42;167;95;0;40
184.52;884;22;22;0;4.78;85;0;65;52;18;0;52;4;0.43;1.0;1.0;3;1;18;2.75;0.6;2.34;3.5;345;128;14.7;14.01;0.953;0;1;0;0;1;1;0;0;0;1;0;267;42;167;95;0;74
184.91;781;21;21;0;4.67;86;0;65;52;18;0;52;4;0.43;1.0;1.0;3;1;18;2.62;0.6;2.3;3.0;345;128;14.7;14.01;0.953;0;1;0;0;1;1;0;0;0;1;0;264;42;166;95;0;76
185.29;807;22;22;0;4.76;85;0;65;53;17;0;52;4;0.43;1.0;1.0;3;1;17;2.75;0.6;2.33;3.2;345;128;14.7;14.41;0.98;0;1;0;0;1;1;0;0;0;1;0;267;42;167;95;0;77
185.69;832;22;22;0;4.72;86;0;65;53;17;0;52;4;0.43;1.0;1.0;3;1;17;2.75;0.6;2.32;3.3;345;128;14.7;14.41;0.98;0;1;0;0;1;1;0;0;0;1;0;266;42;166;95;0;77
186.07;756;21;21;0;4.63;85;0;65;53;17;0;52;3;0.43;1.0;1.0;3;1;17;2.62;0.6;2.28;2.9;345;128;14.7;14.41;0.98;0;1;0;0;1;1;0;0;0;1;0;265;42;167;94;0;77
186.47;781;21;22;0;4.67;86;0;65;53;17;0;52;3;0.43;1.0;1.0;3;1;17;2.62;0.6;2.3;3.0;345;128;14.7;12.31;0.837;0;1;0;0;1;1;0;0;0;1;0;267;42;166;94;0;77
186.86;781;22;22;0;4.81;85;0;65;53;17;0;53;4;0.43;1.0;1.0;3;1;17;2.75;0.6;2.35;3.1;345;128;14.7;12.31;0.837;0;1;0;0;1;1;0;0;0;1;0;269;42;167;94;0;77
187.23;730;21;21;0;4.65;86;0;65;53;17;0;52;3;0.43;1.0;1.0;3;1;17;2.62;0.6;2.29;2.8;345;128;14.7;12.71;0.865;0;1;0;0;1;1;0;0;0;1;0;264;42;166;94;0;76
187.64;807;22;22;0;4.86;87;0;65;53;17;0;53;4;0.43;1.0;1.0;3;1;17;2.75;0.6;2.38;3.3;345;128;14.7;12.71;0.865;0;1;0;0;1;1;0;0;0;1;0;268;42;164;94;0;77
188.01;756;22;22;0;4.75;86;0;65;53;17;0;53;3;0.43;1.0;1.0;3;1;17;2.75;0.6;2.33;3.0;345;128;14.7;12.71;0.865;0;1;0;0;1;1;0;0;0;1;0;271;42;166;94;0;74
188.04;756;22;22;0;4.75;86;0;65;53;17;0;53;3;0.43;1.0;1.0;3;1;17;2.75;0.6;2.33;3.0;345;128;14.7;12.71;0.865;0;1;0;0;1;1;0;0;0;1;0;271;42;166;94;0;74
188.41;730;21;21;0;4.6;86;0;65;53;17;0;52;3;0.43;1.0;1.0;3;1;17;2.62;0.6;2.27;2.8;345;128;14.7;12.81;0.871;0;1;0;0;1;1;0;0;0;1;0;261;42;166;94;0;77
188.79;807;22;22;0;4.72;86;0;64;53;17;0;52;3;0.43;1.0;1.0;3;1;17;2.75;0.6;2.32;3.2;345;128;14.7;12.81;0.871;0;1;0;0;1;1;0;0;0;1;0;263;42;166;94;0;77
188.82;807;22;22;0;4.72;86;0;64;53;17;0;52;3;0.43;1.0;1.0;3;1;17;2.75;0.6;2.32;3.2;345;128;14.7;12.81;0.871;0;1;0;0;1;1;0;0;0;1;0;263;42;166;94;0;77
189.19;781;23;23;0;4.96;85;0;66;53;17;0;54;4;0.44;1.0;1.0;3;1;17;2.88;0.6;2.41;3.2;345;128;14.47;14.11;0.975;0;1;0;0;1;1;0;0;0;1;0;278;42;167;94;0;81
189.59;756;22;22;0;4.72;85;0;66;53;17;0;53;3;0.43;1.0;1.0;3;1;17;2.75;0.6;2.31;3.0;345;128;14.7;14.11;0.96;0;1;0;0;1;1;0;0;0;1;0;272;42;167;94;0;81
189.96;820;22;22;0;4.83;85;0;65;53;17;0;53;4;0.43;1.0;1.0;3;1;17;2.75;0.6;2.36;3.3;345;128;14.7;14.11;0.96;0;1;0;0;1;1;0;0;0;1;0;275;42;167;94;0;81
190.36;768;21;21;0;4.65;86;0;65;53;17;0;52;3;0.43;1.0;1.0;3;1;17;2.62;0.6;2.29;3.0;345;128;14.7;14.71;1.001;0;1;0;0;1;1;0;0;0;1;0;263;42;166;94;0;77
190.75;807;22;22;0;4.75;86;0;65;53;17;0;52;4;0.43;1.0;1.0;3;1;17;2.75;0.6;2.33;3.2;345;128;14.7;14.71;1.001;0;1;0;0;1;1;0;0;0;1;0;266;42;166;94;0;77
191.13;845;22;22;0;4.76;85;0;65;53;17;0;52;4;0.43;1.0;1.0;3;1;17;2.75;0.6;2.33;3.4;345;128;14.7;12.61;0.858;0;1;0;0;1;1;0;0;0;1;0;262;42;167;94;0;77
191.52;768;22;22;0;4.76;85;0;66;53;17;0;52;3;0.43;1.0;1.0;3;1;17;2.75;0.6;2.33;3.0;345;128;14.7;12.61;0.858;0;1;0;0;1;1;0;0;0;1;0;266;42;167;94;0;81
191.92;768;22;22;0;4.76;85;0;65;53;17;0;53;3;0.43;1.0;1.0;3;1;17;2.75;0.6;2.33;3.0;345;128;14.7;12.61;0.858;0;1;0;0;1;1;0;0;0;1;0;269;42;167;94;0;77
192.31;807;23;23;0;4.9;86;0;65;53;17;0;53;4;0.43;1.0;1.0;3;1;17;2.88;0.6;2.39;3.3;345;128;14.47;12.71;0.878;0;1;0;0;1;1;0;0;0;1;0;274;42;167;94;0;51
192.68;730;21;21;0;4.62;86;0;65;53;17;0;52;3;0.43;1.0;1.0;3;1;17;2.62;0.6;2.28;2.8;345;128;14.7;12.71;0.865;0;1;0;0;1;1;0;0;0;1;0;266;42;166;94;0;77
193.08;704;21;21;0;4.61;87;0;65;53;17;0;52;3;0.43;1.0;1.0;3;1;17;2.62;0.6;2.28;2.7;345;128;14.7;12.71;0.865;0;1;0;0;1;1;0;0;0;1;0;262;42;165;94;0;77
193.48;807;21;21;0;4.61;87;0;65;53;17;0;51;3;0.42;1.0;1.0;3;1;17;2.62;0.6;2.28;3.1;345;128;14.7;13.52;0.92;0;1;0;0;1;1;0;0;0;1;0;258;42;164;94;0;76
193.86;781;22;22;0;4.87;88;0;65;53;17;0;53;4;0.43;1.0;1.0;3;1;17;2.75;0.6;2.39;3.2;345;128;14.7;13.52;0.92;0;1;0;0;1;1;0;0;0;1;0;274;42;163;94;0;77
194.24;756;22;22;0;4.72;86;0;65;53;17;0;52;3;0.43;1.0;1.0;3;1;17;2.75;0.6;2.32;3.0;345;128;14.7;15.11;1.028;0;1;0;0;1;1;0;0;0;1;0;266;42;166;94;0;77
194.26;756;22;22;0;4.72;86;0;65;53;17;0;52;3;0.43;1.0;1.0;3;1;17;2.75;0.6;2.32;3.0;345;128;14.7;15.11;1.028;0;1;0;0;1;1;0;0;0;1;0;266;42;166;94;0;77
194.64;807;23;23;0;4.86;87;0;65;53;17;0;54;4;0.44;1.0;1.0;3;1;17;2.88;0.6;2.38;3.3;345;128;14.47;15.11;1.044;0;1;0;0;1;1;0;0;0;1;0;276;42;165;94;0;82
195.02;807;23;23;0;4.86;85;0;66;53;17;0;53;4;0.43;1.0;1.0;3;1;17;2.88;0.6;2.37;3.3;345;128;14.47;15.11;1.044;0;1;0;0;1;1;0;0;0;1;0;274;42;167;94;0;90
195.42;832;22;22;0;4.83;85;0;66;53;17;0;53;4;0.43;1.0;1.0;3;1;17;2.75;0.6;2.36;3.3;345;128;14.7;13.21;0.899;0;1;0;0;1;1;0;0;0;1;0;274;42;167;94;0;81
195.82;845;22;22;0;4.81;85;0;65;53;17;0;53;4;0.43;1.0;1.0;3;1;17;2.75;0.6;2.35;3.4;345;128;14.7;13.21;0.899;0;1;0;0;1;1;0;0;0;1;0;270;42;167;94;0;89
196.18;781;22;22;0;4.8;86;0;66;53;17;0;53;4;0.43;1.0;1.0;3;1;17;2.75;0.6;2.35;3.1;345;128;14.7;12.21;0.831;0;1;0;0;1;1;0;0;0;1;0;271;42;166;94;0;81
196.6;832;22;22;0;4.81;85;0;65;53;17;0;53;4;0.43;1.0;1.0;3;1;17;2.75;0.6;2.35;3.3;345;128;14.7;12.21;0.831;0;1;0;0;1;1;0;0;0;1;0;273;42;167;94;0;77
196.97;781;22;22;0;4.78;85;0;65;53;17;0;53;4;0.43;1.0;1.0;3;1;17;2.75;0.6;2.34;3.1;345;128;14.7;12.21;0.831;0;1;0;0;1;1;0;0;0;1;0;268;42;167;94;0;77
197.37;807;22;22;0;4.81;85;0;66;53;17;0;53;4;0.43;1.0;1.0;3;1;17;2.75;0.6;2.35;3.2;345;128;14.7;12.91;0.878;0;1;0;0;1;1;0;0;0;1;0;270;42;167;94;0;77
197.74;807;22;22;0;4.76;85;0;65;53;17;0;53;4;0.43;1.0;1.0;3;1;17;2.75;0.6;2.33;3.2;345;128;14.7;12.91;0.878;0;1;0;0;1;1;0;0;0;1;0;273;42;167;93;0;77
197.77;807;22;22;0;4.76;85;0;65;53;17;0;53;4;0.43;1.0;1.0;3;1;17;2.75;0.6;2.33;3.2;345;128;14.7;12.91;0.878;0;1;0;0;1;1;0;0;0;1;0;273;42;167;93;0;77
198.14;781;22;22;0;4.81;85;0;66;53;17;0;53;4;0.43;1.0;1.0;3;1;17;2.75;0.6;2.35;3.1;345;128;14.7;14.01;0.953;0;1;0;0;1;1;0;0;0;1;0;272;42;167;93;0;77
198.52;820;22;22;0;4.81;85;0;65;53;17;0;53;4;0.43;1.0;1.0;3;1;17;2.75;0.6;2.35;3.3;345;128;14.7;14.01;0.953;0;1;0;0;1;1;0;0;0;1;0;274;42;167;93;0;89
198.93;768;22;22;0;4.81;85;0;66;53;17;0;53;4;0.43;1.0;1.0;3;1;17;2.75;0.6;2.35;3.1;345;128;14.7;14.01;0.953;0;1;0;0;1;1;0;0;0;1;0;274;42;167;93;0;81
199.32;832;23;23;0;4.86;85;0;65;53;17;0;53;4;0.43;1.0;1.0;3;1;17;2.88;0.6;2.37;3.4;345;128;14.47;13.71;0.947;0;1;0;0;1;1;0;0;0;1;0;274;42;167;93;0;78
199.71;781;22;22;0;4.66;85;0;65;53;17;0;53;4;0.43;1.0;1.0;3;1;17;2.75;0.6;2.29;3.0;345;128;14.7;13.71;0.933;0;1;0;0;1;1;0;0;0;1;0;268;42;167;93;0;51
200.1;768;22;22;0;4.86;85;0;66;53;17;0;53;4;0.43;1.0;1.0;3;1;17;2.75;0.6;2.37;3.1;345;128;14.7;13.71;0.933;0;1;0;0;1;1;0;0;0;1;0;272;42;167;93;0;77
200.48;832;22;22;0;4.76;85;0;65;53;17;0;53;4;0.43;1.0;1.0;3;1;17;2.75;0.6;2.33;3.3;345;128;14.7;12.71;0.865;0;1;0;0;1;1;0;0;0;1;0;271;42;167;93;0;77
200.85;781;22;22;0;4.81;85;0;66;53;17;0;53;4;0.43;1.0;1.0;3;1;17;2.75;0.6;2.35;3.1;345;128;14.7;12.71;0.865;0;1;0;0;1;1;0;0;0;1;0;269;42;167;93;0;77
200.88;781;22;22;0;4.81;85;0;66;53;17;0;53;4;0.43;1.0;1.0;3;1;17;2.75;0.6;2.35;3.1;345;128;14.7;12.71;0.865;0;1;0;0;1;1;0;0;0;1;0;269;42;167;93;0;77
201.25;832;22;22;0;4.83;85;0;65;53;17;0;53;4;0.43;1.0;1.0;3;1;17;2.75;0.6;2.36;3.3;345;128;14.7;13.21;0.899;0;1;0;0;1;1;0;0;0;1;0;274;42;167;93;0;40
201.65;781;22;22;0;4.68;85;0;65;53;17;0;53;4;0.43;1.0;1.0;3;1;17;2.75;0.6;2.3;3.0;345;128;14.7;13.21;0.899;0;1;0;0;1;1;0;0;0;1;0;268;42;167;93;0;89
202.03;781;22;22;0;4.8;85;0;66;53;17;0;53;4;0.43;1.0;1.0;3;1;17;2.75;0.6;2.35;3.1;345;128;14.7;13.21;0.899;0;1;0;0;1;1;0;0;0;1;0;271;42;167;93;0;77
202.42;832;22;22;0;4.81;85;0;65;53;17;0;53;4;0.43;1.0;1.0;3;1;17;2.75;0.6;2.35;3.3;345;128;14.7;12.81;0.871;0;1;0;0;1;1;0;0;0;1;0;270;42;167;93;0;53
202.8;781;22;22;0;4.83;85;0;66;53;17;0;53;4;0.43;1.0;1.0;3;1;17;2.75;0.6;2.36;3.1;345;128;14.7;12.81;0.871;0;1;0;0;1;1;0;0;0;1;0;274;42;167;93;0;44
202.83;781;22;22;0;4.83;85;0;66;53;17;0;53;4;0.43;1.0;1.0;3;1;17;2.75;0.6;2.36;3.1;345;128;14.7;12.81;0.871;0;1;0;0;1;1;0;0;0;1;0;274;42;167;93;0;44
203.2;845;22;22;0;4.83;85;0;65;53;17;0;53;4;0.43;1.0;1.0;3;1;17;2.75;0.6;2.36;3.4;345;128;14.7;12.61;0.858;0;1;0;0;1;1;0;0;0;1;0;274;42;167;93;0;35
203.58;781;23;23;0;4.88;85;0;66;53;17;0;53;4;0.43;1.0;1.0;3;1;17;2.88;0.6;2.38;3.2;345;128;14.47;12.61;0.871;0;1;0;0;1;1;0;0;0;1;0;275;42;167;93;0;74
203.98;871;23;23;0;4.88;85;0;65;53;17;0;53;4;0.43;1.0;1.0;3;1;17;2.88;0.6;2.38;3.5;345;128;14.47;12.61;0.871;0;1;0;0;1;1;0;0;0;1;0;273;42;168;93;0;78
204.36;781;22;22;0;4.77;86;0;65;53;17;0;53;4;0.43;1.0;1.0;3;1;17;2.75;0.6;2.34;3.1;345;128;14.7;13.01;0.885;0;1;0;0;1;1;0;0;0;1;0;271;42;166;93;0;78
204.77;820;23;23;0;4.83;85;0;65;53;17;0;53;4;0.43;1.0;1.0;3;1;17;2.88;0.6;2.36;3.3;345;128;14.47;13.01;0.899;0;1;0;0;1;1;0;0;0;1;0;273;42;167;93;0;77
205.13;756;22;22;0;4.71;85;0;65;53;17;0;53;3;0.43;1.0;1.0;3;1;17;2.75;0.6;2.31;3.0;345;128;14.7;13.01;0.885;0;1;0;0;1;1;0;0;0;1;0;271;42;167;93;0;78
205.16;756;22;22;0;4.71;85;0;65;53;17;0;53;3;0.43;1.0;1.0;3;1;17;2.75;0.6;2.31;3.0;345;128;14.7;12.91;0.878;0;1;0;0;1;1;0;0;0;1;0;271;42;167;93;0;78
205.52;768;22;22;0;4.83;85;0;66;53;17;0;53;4;0.43;1.0;1.0;3;1;17;2.75;0.6;2.36;3.1;345;128;14.7;12.91;0.878;0;1;0;0;1;1;0;0;0;1;0;271;42;167;93;0;78
205.93;820;22;22;0;4.81;85;0;65;53;17;0;53;4;0.43;1.0;1.0;3;1;17;2.75;0.6;2.35;3.3;345;128;14.7;12.91;0.878;0;1;0;0;1;1;0;0;0;1;0;272;42;167;93;0;50
206.3;768;22;22;0;4.63;85;0;65;54;16;0;52;3;0.43;1.0;1.0;3;1;16;2.75;0.6;2.28;3.0;345;128;14.7;12.81;0.871;0;1;0;0;1;1;0;0;0;1;0;267;42;167;93;0;50
206.32;768;22;22;0;4.63;85;0;65;54;16;0;52;3;0.43;1.0;1.0;3;1;16;2.75;0.6;2.28;3.0;345;128;14.7;12.81;0.871;0;1;0;0;1;1;0;0;0;1;0;267;42;167;93;0;50
206.71;820;22;22;0;4.76;85;0;65;54;16;0;53;4;0.43;1.0;1.0;3;1;16;2.75;0.6;2.33;3.3;345;128;14.7;12.81;0.871;0;1;0;0;1;1;0;0;0;1;0;275;42;167;92;0;51
207.1;768;22;22;0;4.71;85;0;66;54;16;0;53;4;0.43;1.0;1.0;3;1;16;2.75;0.6;2.31;3.0;345;128;14.7;12.81;0.871;0;1;0;0;1;1;0;0;0;1;0;269;42;167;92;0;77
207.48;768;22;22;0;4.67;86;0;65;54;16;0;53;3;0.43;1.0;1.0;3;1;16;2.75;0.6;2.3;3.0;345;128;14.7;13.21;0.899;0;1;0;0;1;1;0;0;0;1;0;270;42;166;92;0;77
207.87;768;23;23;0;4.96;87;0;65;54;16;0;54;4;0.44;1.0;1.0;3;1;16;2.88;0.6;2.42;3.2;345;128;14.47;13.21;0.913;0;1;0;0;1;1;0;0;0;1;0;283;42;164;92;0;81
208.25;768;23;23;0;4.81;85;0;66;54;16;0;53;4;0.43;1.0;1.0;3;1;16;2.88;0.6;2.35;3.1;345;128;14.47;12.81;0.885;0;1;0;0;1;1;0;0;0;1;0;275;42;167;92;0;81
208.65;820;23;23;0;4.83;85;0;65;54;16;0;53;4;0.43;1.0;1.0;3;1;16;2.88;0.6;2.36;3.3;345;128;14.47;12.81;0.885;0;1;0;0;1;1;0;0;0;1;0;274;42;167;92;0;78
209.04;768;22;22;0;4.68;85;0;65;54;16;0;53;3;0.43;1.0;1.0;3;1;16;2.75;0.6;2.3;3.0;345;128;14.7;12.81;0.871;0;1;0;0;1;1;0;0;0;1;0;270;42;167;92;0;77
209.42;781;23;23;0;4.83;85;0;65;54;16;0;54;4;0.44;1.0;1.0;3;1;16;2.88;0.6;2.36;3.1;345;128;14.47;13.01;0.899;0;1;0;0;1;1;0;0;0;1;0;277;42;167;92;0;81
209.81;768;24;24;0;5.03;87;0;66;54;16;0;54;4;0.44;1.0;1.0;3;1;16;3.0;0.6;2.45;3.2;345;128;14.47;13.01;0.899;0;1;0;0;1;1;0;0;0;1;0;281;42;164;92;0;140
210.19;756;24;24;0;5.03;85;0;66;54;16;0;55;4;0.45;1.0;1.0;3;1;16;3.0;0.6;2.44;3.2;345;128;14.47;15.01;1.037;0;1;0;0;1;1;0;0;0;1;0;284;42;167;92;0;82
210.22;756;24;24;0;5.03;85;0;66;54;16;0;55;4;0.45;1.0;1.0;3;1;16;3.0;0.6;2.44;3.2;345;128;14.47;15.01;1.037;0;1;0;0;1;1;0;0;0;1;0;284;42;167;92;0;82
210.59;871;24;24;0;4.96;85;0;66;54;16;0;54;4;0.44;1.0;1.0;3;1;16;3.0;0.6;2.41;3.6;345;128;14.47;15.01;1.037;0;1;0;0;1;1;0;0;0;1;0;278;42;167;92;0;81
210.97;871;22;22;0;4.76;85;0;65;54;16;0;53;4;0.43;1.0;1.0;3;1;16;2.75;0.6;2.33;3.5;345;128;14.7;15.01;1.021;0;1;0;0;1;1;0;0;0;1;0;269;42;167;92;0;73
210.99;871;22;22;0;4.76;85;0;65;54;16;0;53;4;0.43;1.0;1.0;3;1;16;2.75;0.6;2.33;3.5;345;128;14.7;15.01;1.021;0;1;0;0;1;1;0;0;0;1;0;269;42;167;92;0;73
211.79;781;22;22;0;4.76;85;0;66;54;16;0;53;4;0.44;1.0;1.0;3;1;16;2.75;0.6;2.33;3.1;345;128;14.7;14.21;0.967;0;1;0;0;1;1;0;0;0;1;0;272;42;167;92;0;81
212.51;768;22;22;0;4.73;85;0;66;54;16;0;53;4;0.43;1.0;1.0;3;1;16;2.75;0.6;2.32;3.0;345;128;14.7;12.21;0.831;0;1;0;0;1;1;0;0;0;1;0;274;42;167;91;0;40
213.25;807;20;20;0;4.31;85;0;64;54;16;0;53;3;0.38;1.0;1.0;3;1;16;2.5;0.6;2.15;2.9;345;128;14.7;12.51;0.851;0;1;0;0;1;1;0;0;0;1;0;274;42;167;91;0;82
213.99;666;18;18;0;4.1;86;0;64;54;16;0;55;2;0.35;1.0;1.0;3;1;16;2.25;0.6;2.07;2.3;345;128;14.7;12.51;0.851;0;1;0;0;1;1;0;0;0;1;0;286;42;166;91;0;51
214.73;704;32;32;0;6.27;86;0;65;54;16;0;64;5;0.5;1.0;1.0;3;1;16;4.0;0.6;2.94;3.7;345;128;14.59;15.12;1.036;0;1;0;0;1;1;0;0;0;1;0;353;42;166;91;0;89
215.41;832;17;17;0;3.81;85;0;64;54;16;0;54;3;0.33;1.0;1.0;3;1;16;2.12;0.6;1.95;2.6;345;128;14.7;15.02;1.022;0;1;0;0;1;1;0;0;0;1;0;282;42;168;91;0;82
216.05;679;30;30;0;5.98;85;0;65;54;16;0;63;4;0.48;1.0;1.0;3;1;16;3.75;0.6;2.82;3.4;345;128;14.47;15.02;1.038;0;1;0;0;1;1;0;0;0;1;0;345;42;167;91;0;88
216.79;832;18;18;0;3.96;85;0;64;54;16;0;54;3;0.34;1.0;1.0;3;1;16;2.25;0.6;2.01;2.7;345;128;14.7;16.92;1.151;0;1;0;0;1;1;0;0;0;1;0;281;42;167;91;0;82
217.51;704;36;36;0;7.05;86;0;65;54;30;0;64;5;0.56;1.0;1.0;3;1;16;4.5;0.6;3.25;4.1;345;128;14.59;18.72;1.283;0;1;0;0;1;1;0;0;0;1;0;356;42;166;91;0;89
218.26;1050;23;23;0;4.77;86;0;64;53;16;0;51;5;0.45;1.0;1.0;3;1;17;2.88;0.6;2.34;4.2;345;128;14.7;13.91;0.946;0;1;0;0;1;1;0;0;0;1;0;256;42;166;91;0;77
218.89;1089;24;24;0;5.06;87;0;65;54;16;0;53;5;0.48;1.0;1.0;3;1;16;3.0;0.6;2.46;4.6;345;128;14.7;13.91;0.946;0;1;0;0;1;1;0;0;0;1;0;269;42;165;91;0;78
219.62;948;22;22;0;4.63;87;0;65;54;16;0;52;5;0.44;1.0;1.0;3;1;16;2.75;0.6;2.29;3.7;345;128;14.7;14.51;0.987;0;1;0;0;1;1;0;0;0;1;0;261;42;165;91;0;77
220.37;999;22;22;0;4.72;86;0;65;54;16;0;52;5;0.44;1.0;1.0;3;1;16;2.75;0.6;2.32;3.9;345;128;14.7;14.81;1.007;0;1;0;0;1;1;0;0;0;1;0;265;42;166;91;0;77
220.74;999;22;22;0;4.72;86;0;65;54;16;0;52;5;0.44;1.0;1.0;3;1;16;2.75;0.6;2.32;3.9;345;128;14.7;14.81;1.007;0;1;0;0;1;1;0;0;0;1;0;265;42;166;91;0;77
221.07;999;22;22;0;4.72;86;0;65;54;16;0;52;5;0.44;1.0;1.0;3;1;16;2.75;0.6;2.32;3.9;345;128;14.7;14.81;1.007;0;1;0;0;1;1;0;0;0;1;0;265;42;166;91;0;77
221.15;999;22;22;0;4.72;86;0;65;54;16;0;52;5;0.44;1.0;1.0;3;1;16;2.75;0.6;2.32;3.9;345;128;14.7;14.81;1.007;0;1;0;0;1;1;0;0;0;1;0;265;42;166;91;0;77
221.54;845;21;21;0;4.61;85;0;65;54;16;0;52;4;0.41;1.0;1.0;3;1;16;2.62;0.6;2.27;3.2;345;128;14.7;13.81;0.939;0;1;0;0;1;1;0;0;0;1;0;267;42;167;90;0;77
221.93;896;22;23;0;4.81;85;0;65;54;16;0;54;4;0.43;1.0;1.0;3;1;16;2.75;0.6;2.35;3.6;345;128;14.7;13.81;0.939;0;1;0;0;1;1;0;0;0;1;0;276;42;168;90;0;81
222.86;871;22;22;0;4.61;85;0;65;54;16;0;53;4;0.41;1.0;1.0;3;1;16;2.75;0.6;2.27;3.3;345;128;14.7;14.11;0.96;0;1;0;0;1;1;0;0;0;1;0;275;42;167;90;0;81
223.61;871;22;22;0;4.73;85;0;65;54;16;0;55;4;0.41;1.0;1.0;3;1;16;2.75;0.6;2.32;3.4;345;128;14.7;14.81;1.007;0;1;0;0;1;1;0;0;0;1;0;287;42;167;90;0;82
223.97;871;22;22;0;4.73;85;0;65;54;16;0;55;4;0.41;1.0;1.0;3;1;16;2.75;0.6;2.32;3.4;345;128;14.7;14.81;1.007;0;1;0;0;1;1;0;0;0;1;0;287;42;167;90;0;82
224.3;871;22;22;0;4.73;85;0;65;54;16;0;55;4;0.41;1.0;1.0;3;1;16;2.75;0.6;2.32;3.4;345;128;14.7;15.52;1.056;0;1;0;0;1;1;0;0;0;1;0;287;42;167;90;0;82
224.37;871;22;22;0;4.73;85;0;65;54;16;0;55;4;0.41;1.0;1.0;3;1;16;2.75;0.6;2.32;3.4;345;128;14.7;15.52;1.056;0;1;0;0;1;1;0;0;0;1;0;287;42;167;90;0;82
225.09;756;23;23;0;4.83;85;0;66;54;16;0;56;4;0.42;1.0;1.0;3;1;16;2.88;0.6;2.36;3.0;345;128;14.47;15.52;1.073;0;1;0;0;1;1;0;0;0;1;0;293;42;168;90;0;82
225.83;871;23;23;0;4.83;85;0;66;54;16;0;54;4;0.44;1.0;1.0;3;1;16;2.88;0.6;2.36;3.5;345;128;14.47;16.71;1.155;0;1;0;0;1;1;0;0;0;1;0;277;42;168;90;0;82
226.46;896;25;25;0;5.16;85;0;66;54;16;0;54;4;0.47;1.0;1.0;3;1;16;3.12;0.6;2.49;3.9;345;128;14.47;13.11;0.906;0;1;0;0;1;1;0;0;0;1;0;277;42;167;90;0;82
227.18;845;23;23;0;4.82;86;0;66;54;16;0;53;4;0.45;1.0;1.0;3;1;16;2.88;0.6;2.36;3.4;345;128;14.47;13.11;0.906;0;1;0;0;1;1;0;0;0;1;0;269;42;166;90;0;78
227.94;820;21;21;0;4.6;86;0;65;54;16;0;53;4;0.41;1.0;1.0;3;1;16;2.62;0.6;2.27;3.1;345;128;14.7;12.71;0.865;0;1;0;0;1;1;0;0;0;1;0;271;42;166;90;0;77
228.68;781;20;20;0;4.41;85;0;64;54;16;0;54;3;0.4;1.0;1.0;3;1;16;2.5;0.6;2.19;2.9;345;128;14.7;14.01;0.953;0;1;0;0;1;1;0;0;0;1;0;276;42;167;90;0;81
229.42;820;20;20;0;4.33;85;0;64;54;16;0;54;3;0.38;1.0;1.0;3;1;16;2.5;0.6;2.16;3.0;345;128;14.7;14.81;1.007;0;1;0;0;1;1;0;0;0;1;0;281;42;167;90;0;82
229.8;820;20;20;0;4.33;85;0;64;54;16;0;54;3;0.38;1.0;1.0;3;1;16;2.5;0.6;2.16;3.0;345;128;14.7;14.81;1.007;0;1;0;0;1;1;0;0;0;1;0;281;42;167;90;0;82
230.1;820;20;20;0;4.33;85;0;64;54;16;0;54;3;0.38;1.0;1.0;3;1;16;2.5;0.6;2.16;3.0;345;128;14.7;14.81;1.007;0;1;0;0;1;1;0;0;0;1;0;281;42;167;90;0;82
230.2;820;20;20;0;4.33;85;0;64;54;16;0;54;3;0.38;1.0;1.0;3;1;16;2.5;0.6;2.16;3.0;345;128;14.7;15.31;1.041;0;1;0;0;1;1;0;0;0;1;0;281;42;167;90;0;82
230.93;756;20;20;0;4.36;85;0;65;54;16;0;54;3;0.39;1.0;1.0;3;1;16;2.5;0.6;2.17;2.7;345;128;14.7;15.31;1.041;0;1;0;0;1;1;0;0;0;1;0;282;42;168;89;0;82
231.67;756;22;22;0;4.78;85;0;66;54;16;0;55;4;0.42;1.0;1.0;3;1;16;2.75;0.6;2.34;3.0;345;128;14.7;15.11;1.028;0;1;0;0;1;1;0;0;0;1;0;288;42;168;89;0;82
232.4;845;22;22;0;4.63;85;0;64;54;16;0;54;4;0.41;1.0;1.0;3;1;16;2.75;0.6;2.28;3.3;345;128;14.7;13.91;0.946;0;1;0;0;1;1;0;0;0;1;0;278;42;167;89;0;81
233.03;807;23;23;0;4.82;86;0;65;54;16;0;55;4;0.42;1.0;1.0;3;1;16;2.88;0.6;2.36;3.2;345;128;14.47;13.91;0.961;0;1;0;0;1;1;0;0;0;1;0;284;42;166;89;0;35
233.79;768;20;20;0;4.42;86;0;64;54;16;0;54;3;0.39;1.0;1.0;3;1;16;2.5;0.6;2.2;2.8;345;128;14.7;15.71;1.069;0;1;0;0;1;1;0;0;0;1;0;281;42;166;89;0;82
234.52;832;23;23;0;4.86;85;0;65;54;16;0;55;4;0.42;1.0;1.0;3;1;16;2.88;0.6;2.37;3.4;345;128;14.47;14.61;1.01;0;1;0;0;1;1;0;0;0;1;0;285;42;167;89;0;81
235.15;807;23;23;0;4.87;86;0;66;54;16;0;55;4;0.42;1.0;1.0;3;1;16;2.88;0.6;2.38;3.3;345;128;14.47;14.61;1.01;0;1;0;0;1;1;0;0;0;1;0;285;42;166;89;0;82
235.71;820;22;22;0;4.75;86;0;65;54;16;0;54;4;0.41;1.0;1.0;3;1;16;2.75;0.6;2.33;3.2;345;128;14.7;14.41;0.98;0;1;0;0;1;1;0;0;0;1;0;278;42;167;89;0;82
236.09;820;22;22;0;4.75;86;0;65;54;16;0;54;4;0.41;1.0;1.0;3;1;16;2.75;0.6;2.33;3.2;345;128;14.7;14.41;0.98;0;1;0;0;1;1;0;0;0;1;0;278;42;167;89;0;82
236.65;820;22;22;0;4.75;86;0;65;54;16;0;54;4;0.41;1.0;1.0;3;1;16;2.75;0.6;2.33;3.2;345;128;14.7;14.11;0.96;0;1;0;0;1;1;0;0;0;1;0;278;42;167;89;0;82
236.95;820;23;23;0;4.88;85;0;65;54;16;0;55;4;0.42;1.0;1.0;3;1;16;2.88;0.6;2.38;3.3;345;128;14.47;14.11;0.975;0;1;0;0;1;1;0;0;0;1;0;290;42;167;89;0;89
237.69;820;20;20;0;4.41;85;0;64;54;16;0;54;3;0.39;1.0;1.0;3;1;16;2.5;0.6;2.19;3.0;345;128;14.7;13.71;0.933;0;1;0;0;1;1;0;0;0;1;0;277;42;167;89;0;81
238.47;704;20;20;0;4.38;85;0;65;54;16;0;54;3;0.39;1.0;1.0;3;1;16;2.5;0.6;2.18;2.6;345;128;14.7;14.21;0.967;0;1;0;0;1;1;0;0;0;1;0;283;42;168;89;0;81
239.23;807;24;24;0;5.03;85;0;65;55;15;0;57;4;0.44;1.0;1.0;3;1;15;3.0;0.6;2.44;3.4;345;128;14.47;15.02;1.038;0;1;0;0;1;1;0;0;0;1;0;301;42;167;88;0;83
239.84;768;19;19;0;4.23;87;0;64;55;15;0;54;3;0.37;1.0;1.0;3;1;15;2.38;0.6;2.13;2.7;345;128;14.7;15.02;1.022;0;1;0;0;1;1;0;0;0;1;0;281;42;165;88;0;82
240.6;832;23;23;0;4.78;85;0;65;55;15;0;56;4;0.4;1.0;1.0;3;1;15;2.88;0.6;2.34;3.3;345;128;14.47;16.21;1.12;0;1;0;0;1;1;0;0;0;1;0;298;42;168;88;0;83
241.34;717;22;22;0;4.7;86;0;65;55;15;0;55;3;0.42;1.0;1.0;3;1;15;2.75;0.6;2.31;2.8;345;128;14.7;15.01;1.021;0;1;0;0;1;1;0;0;0;1;0;288;42;166;88;0;82
241.96;832;22;22;0;4.66;85;0;65;55;15;0;54;4;0.41;1.0;1.0;3;1;15;2.75;0.6;2.29;3.2;345;128;14.7;15.01;1.021;0;1;0;0;1;1;0;0;0;1;0;283;42;168;88;0;82
242.65;717;23;23;0;4.9;86;0;66;55;15;0;55;4;0.44;1.0;1.0;3;1;15;2.88;0.6;2.39;2.9;345;128;14.47;14.32;0.99;0;1;0;0;1;1;0;0;0;1;0;284;42;166;88;0;82
243.34;807;22;22;0;4.72;86;0;66;55;15;0;54;4;0.41;1.0;1.0;3;1;15;2.75;0.6;2.32;3.2;345;128;14.7;15.41;1.048;0;1;0;0;1;1;0;0;0;1;0;283;42;166;88;0;82
244.02;807;22;22;0;4.61;85;0;65;55;15;0;54;4;0.41;1.0;1.0;3;1;15;2.75;0.6;2.27;3.1;345;128;14.7;15.41;1.048;0;1;0;0;1;1;0;0;0;1;0;276;42;167;88;0;81
244.69;781;22;22;0;4.77;86;0;66;55;15;0;54;4;0.43;1.0;1.0;3;1;15;2.75;0.6;2.34;3.1;345;128;14.7;14.71;1.001;0;1;0;0;1;1;0;0;0;1;0;281;42;166;88;0;82
245.07;781;22;22;0;4.77;86;0;66;55;15;0;54;4;0.43;1.0;1.0;3;1;15;2.75;0.6;2.34;3.1;345;128;14.7;14.71;1.001;0;1;0;0;1;1;0;0;0;1;0;281;42;166;88;0;82
245.43;781;22;22;0;4.77;86;0;66;55;15;0;54;4;0.43;1.0;1.0;3;1;15;2.75;0.6;2.34;3.1;345;128;14.7;13.91;0.946;0;1;0;0;1;1;0;0;0;1;0;281;42;166;88;0;82
245.76;832;23;23;0;4.81;85;0;66;55;15;0;54;4;0.42;1.0;1.0;3;1;15;2.88;0.6;2.35;3.3;345;128;14.47;13.91;0.961;0;1;0;0;1;1;0;0;0;1;0;283;42;167;88;0;82
246.5;781;21;21;0;4.58;85;0;65;55;15;0;54;4;0.41;1.0;1.0;3;1;15;2.62;0.6;2.26;3.0;345;128;14.7;13.41;0.912;0;1;0;0;1;1;0;0;0;1;0;276;42;167;88;0;72
247.25;781;22;22;0;4.71;85;0;65;55;15;0;55;4;0.41;1.0;1.0;3;1;15;2.75;0.6;2.31;3.1;345;128;14.7;13.41;0.912;0;1;0;0;1;1;0;0;0;1;0;284;42;167;88;0;82
248.0;768;21;21;0;4.58;85;0;65;55;15;0;55;3;0.39;1.0;1.0;3;1;15;2.62;0.6;2.26;2.9;345;128;14.7;13.71;0.933;0;1;0;0;1;1;0;0;0;1;0;289;42;167;88;0;82
248.76;730;22;22;0;4.81;87;0;65;55;15;0;56;3;0.4;1.0;1.0;3;1;15;2.75;0.6;2.36;2.9;345;128;14.7;15.41;1.048;0;1;0;0;1;1;0;0;0;1;0;297;42;165;87;0;83
249.52;730;21;21;0;4.61;85;0;66;55;15;0;55;3;0.39;1.0;1.0;3;1;15;2.62;0.6;2.27;2.8;345;128;14.7;14.72;1.001;0;1;0;0;1;1;0;0;0;1;0;291;42;168;87;0;82
250.11;768;22;22;0;4.66;85;0;66;55;15;0;55;3;0.39;1.0;1.0;3;1;15;2.75;0.6;2.29;3.0;345;128;14.7;14.72;1.001;0;1;0;0;1;1;0;0;0;1;0;291;42;168;87;0;82
250.47;768;22;22;0;4.66;85;0;66;55;15;0;55;3;0.39;1.0;1.0;3;1;15;2.75;0.6;2.29;3.0;345;128;14.7;14.81;1.007;0;1;0;0;1;1;0;0;0;1;0;291;42;168;87;0;82
250.79;768;22;22;0;4.66;85;0;66;55;15;0;55;3;0.39;1.0;1.0;3;1;15;2.75;0.6;2.29;3.0;345;128;14.7;14.81;1.007;0;1;0;0;1;1;0;0;0;1;0;291;42;168;87;0;82
250.89;768;22;22;0;4.66;85;0;66;55;15;0;55;3;0.39;1.0;1.0;3;1;15;2.75;0.6;2.29;3.0;345;128;14.7;14.81;1.007;0;1;0;0;1;1;0;0;0;1;0;291;42;168;87;0;82
251.26;781;21;21;0;4.53;85;0;66;55;15;0;55;3;0.39;1.0;1.0;3;1;15;2.62;0.6;2.24;2.9;345;128;14.7;16.51;1.123;0;1;0;0;1;1;0;0;0;1;0;287;42;168;87;0;82
252.16;820;24;24;0;5.11;85;0;66;55;15;0;56;4;0.44;1.0;1.0;3;1;15;3.0;0.6;2.47;3.5;345;128;14.47;16.51;1.141;0;1;0;0;1;1;0;0;0;1;0;292;42;167;87;0;82
252.92;781;22;22;0;4.77;86;0;66;55;15;0;54;4;0.43;1.0;1.0;3;1;15;2.75;0.6;2.34;3.1;345;128;14.7;14.42;0.981;0;1;0;0;1;1;0;0;0;1;0;283;42;166;87;0;81
253.47;884;22;22;0;4.76;87;0;65;55;15;0;54;4;0.42;1.0;1.0;3;1;15;2.75;0.6;2.34;3.5;345;128;14.7;14.01;0.953;0;1;0;0;1;1;0;0;0;1;0;282;42;165;87;0;77
254.22;832;20;20;0;4.46;87;0;65;55;15;0;53;3;0.38;1.0;1.0;3;1;15;2.5;0.6;2.22;3.1;345;128;14.7;14.01;0.953;0;1;0;0;1;1;0;0;0;1;0;275;42;165;87;0;81
254.98;781;21;21;0;4.47;86;0;65;55;15;0;54;3;0.41;1.0;1.0;3;1;15;2.62;0.6;2.22;2.9;345;128;14.7;13.41;0.912;0;1;0;0;1;1;0;0;0;1;0;279;42;166;87;0;81
255.73;781;21;21;0;4.6;86;0;65;55;15;0;55;4;0.41;1.0;1.0;3;1;15;2.62;0.6;2.27;3.0;345;128;14.7;14.71;1.001;0;1;0;0;1;1;0;0;0;1;0;285;42;166;87;0;82
256.1;781;21;21;0;4.6;86;0;65;55;15;0;55;4;0.41;1.0;1.0;3;1;15;2.62;0.6;2.27;3.0;345;128;14.7;14.71;1.001;0;1;0;0;1;1;0;0;0;1;0;285;42;166;87;0;82
256.5;768;21;21;0;4.63;87;0;65;55;15;0;55;3;0.41;1.0;1.0;3;1;15;2.62;0.6;2.29;3.0;345;128;14.7;14.51;0.987;0;1;0;0;1;1;0;0;0;1;0;287;42;165;87;0;82
257.04;756;20;20;0;4.36;85;0;64;55;15;0;55;3;0.41;1.0;1.0;3;1;15;2.5;0.6;2.17;2.7;345;128;14.7;14.51;0.987;0;1;0;0;1;1;0;0;0;1;0;284;42;168;87;0;82
257.6;756;23;23;0;4.93;85;0;66;55;15;0;56;4;0.43;1.0;1.0;3;1;15;2.88;0.6;2.4;3.1;345;128;14.47;15.52;1.073;0;1;0;0;1;1;0;0;0;1;0;292;42;168;87;0;82
258.32;832;24;24;0;5.03;85;0;66;55;15;0;56;4;0.43;1.0;1.0;3;1;15;3.0;0.6;2.44;3.5;345;128;14.47;14.51;1.003;0;1;0;0;1;1;0;0;0;1;0;292;42;168;87;0;82
258.95;807;21;21;0;4.48;85;0;65;55;15;0;54;3;0.4;1.0;1.0;3;1;15;2.62;0.6;2.22;3.0;345;128;14.7;14.51;0.987;0;1;0;0;1;1;0;0;0;1;0;282;42;168;87;0;82
259.34;807;21;21;0;4.48;85;0;65;55;15;0;54;3;0.4;1.0;1.0;3;1;15;2.62;0.6;2.22;3.0;345;128;14.7;16.32;1.11;0;1;0;0;1;1;0;0;0;1;0;282;42;168;87;0;82
259.86;807;21;21;0;4.48;85;0;65;55;15;0;54;3;0.4;1.0;1.0;3;1;15;2.62;0.6;2.22;3.0;345;128;14.7;16.32;1.11;0;1;0;0;1;1;0;0;0;1;0;282;42;168;87;0;82
260.21;781;24;24;0;5.0;86;0;66;55;15;0;55;4;0.45;1.0;1.0;3;1;15;3.0;0.6;2.43;3.3;345;128;14.47;16.32;1.128;0;1;0;0;1;1;0;0;0;1;0;284;42;166;86;0;82
260.93;845;24;24;0;5.01;87;0;66;55;15;0;54;4;0.45;1.0;1.0;3;1;15;3.0;0.6;2.44;3.5;345;128;14.47;14.91;1.03;0;1;0;0;1;1;0;0;0;1;0;279;42;165;86;0;82
261.67;832;22;22;0;4.65;87;0;65;55;15;0;53;4;0.43;1.0;1.0;3;1;15;2.75;0.6;2.29;3.2;345;128;14.7;13.21;0.899;0;1;0;0;1;1;0;0;0;1;0;272;42;165;86;0;78
262.42;820;21;21;0;4.57;86;0;65;55;15;0;53;4;0.41;1.0;1.0;3;1;15;2.62;0.6;2.26;3.1;345;128;14.7;13.71;0.933;0;1;0;0;1;1;0;0;0;1;0;269;42;166;86;0;86
263.17;820;22;22;0;4.66;85;0;65;55;15;0;54;4;0.41;1.0;1.0;3;1;15;2.75;0.6;2.29;3.2;345;128;14.7;13.71;0.933;0;1;0;0;1;1;0;0;0;1;0;281;42;167;86;0;82
263.91;768;20;20;0;4.38;85;0;64;55;15;0;54;3;0.4;1.0;1.0;3;1;15;2.5;0.6;2.18;2.8;345;128;14.7;13.91;0.946;0;1;0;0;1;1;0;0;0;1;0;279;42;167;86;0;82
264.66;807;21;21;0;4.56;85;0;65;55;15;0;55;3;0.4;1.0;1.0;3;1;15;2.62;0.6;2.25;3.1;345;128;14.7;15.61;1.062;0;1;0;0;1;1;0;0;0;1;0;284;42;167;86;0;82
265.39;768;23;23;0;4.81;85;0;66;55;15;0;55;4;0.42;1.0;1.0;3;1;15;2.88;0.6;2.35;3.1;345;128;14.47;15.91;1.1;0;1;0;0;1;1;0;0;0;1;0;285;42;167;86;0;82
266.15;768;24;24;0;5.03;85;0;66;55;15;0;55;4;0.45;1.0;1.0;3;1;15;3.0;0.6;2.44;3.2;345;128;14.47;15.91;1.1;0;1;0;0;1;1;0;0;0;1;0;286;42;168;86;0;82
266.89;807;23;23;0;4.91;85;0;66;55;15;0;54;4;0.44;1.0;1.0;3;1;15;2.88;0.6;2.39;3.3;345;128;14.47;14.61;1.01;0;1;0;0;1;1;0;0;0;1;0;282;42;168;85;0;82
267.27;807;23;23;0;4.91;85;0;66;55;15;0;54;4;0.44;1.0;1.0;3;1;15;2.88;0.6;2.39;3.3;345;128;14.47;14.61;1.01;0;1;0;0;1;1;0;0;0;1;0;282;42;168;85;0;82
267.65;807;23;23;0;4.91;85;0;66;55;15;0;54;4;0.44;1.0;1.0;3;1;15;2.88;0.6;2.39;3.3;345;128;14.47;14.01;0.968;0;1;0;0;1;1;0;0;0;1;0;282;42;168;85;0;82
267.99;820;23;23;0;4.83;85;0;66;55;15;0;54;4;0.43;1.0;1.0;3;1;15;2.88;0.6;2.36;3.3;345;128;14.47;14.01;0.968;0;1;0;0;1;1;0;0;0;1;0;277;42;167;85;0;81
268.73;820;21;21;0;4.62;86;0;66;55;15;0;53;4;0.4;1.0;1.0;3;1;15;2.62;0.6;2.28;3.2;345;128;14.7;13.41;0.912;0;1;0;0;1;1;0;0;0;1;0;275;42;166;85;0;81
269.49;768;21;21;0;4.6;86;0;65;55;15;0;54;3;0.41;1.0;1.0;3;1;15;2.62;0.6;2.27;2.9;345;128;14.7;13.01;0.885;0;1;0;0;1;1;0;0;0;1;0;278;42;166;85;0;81
270.21;845;20;20;0;4.4;86;0;64;55;15;0;54;3;0.38;1.0;1.0;3;1;15;2.5;0.6;2.19;3.1;345;128;14.7;13.01;0.885;0;1;0;0;1;1;0;0;0;1;0;280;42;166;85;0;82
270.95;756;21;21;0;4.46;85;0;65;55;15;0;55;3;0.39;1.0;1.0;3;1;15;2.62;0.6;2.21;2.8;345;128;14.7;13.91;0.946;0;1;0;0;1;1;0;0;0;1;0;290;42;167;85;0;82
271.71;807;20;20;0;4.36;85;0;64;55;15;0;55;3;0.36;1.0;1.0;3;1;15;2.5;0.6;2.17;2.9;345;128;14.7;14.01;0.953;0;1;0;0;1;1;0;0;0;1;0;289;42;166;85;0;40
272.44;832;18;18;0;3.98;87;0;64;55;15;0;55;3;0.34;1.0;1.0;3;1;15;2.25;0.6;2.03;2.8;345;128;14.7;14.61;0.994;0;1;0;0;1;1;0;0;0;1;0;291;42;165;85;0;82
273.03;756;25;25;0;5.3;86;0;66;55;15;0;58;4;0.45;1.0;1.0;3;1;15;3.12;0.6;2.55;3.3;345;128;14.47;14.61;1.01;0;1;0;0;1;1;0;0;0;1;0;310;42;166;85;0;84
273.4;756;25;25;0;5.3;86;0;66;55;15;0;58;4;0.45;1.0;1.0;3;1;15;3.12;0.6;2.55;3.3;345;128;14.47;15.32;1.059;0;1;0;0;1;1;0;0;0;1;0;310;42;166;85;0;84
273.96;756;25;25;0;5.3;86;0;66;55;15;0;58;4;0.45;1.0;1.0;3;1;15;3.12;0.6;2.55;3.3;345;128;14.47;15.32;1.059;0;1;0;0;1;1;0;0;0;1;0;310;42;166;85;0;84
274.28;807;19;19;0;4.13;85;0;64;55;15;0;56;3;0.37;1.0;1.0;3;1;15;2.38;0.6;2.08;2.8;345;128;14.7;15.32;1.042;0;1;0;0;1;1;0;0;0;1;0;292;42;168;85;0;83
275.01;871;21;21;0;4.46;85;0;64;55;15;0;56;4;0.36;1.0;1.0;3;1;15;2.62;0.6;2.21;3.2;345;128;14.7;17.02;1.158;0;1;0;0;1;1;0;0;0;1;0;299;42;167;84;0;83
275.64;884;25;25;0;5.21;85;0;66;55;15;0;57;4;0.43;1.0;1.0;3;1;15;3.12;0.6;2.51;3.8;345;128;14.47;16.41;1.134;0;1;0;0;1;1;0;0;0;1;0;307;42;167;84;0;51
276.25;832;22;22;0;4.68;85;0;65;55;15;0;55;4;0.41;1.0;1.0;3;1;15;2.75;0.6;2.3;3.2;345;128;14.7;16.41;1.116;0;1;0;0;1;1;0;0;0;1;0;291;42;167;84;0;82
277.0;832;23;23;0;4.78;85;0;65;55;15;0;55;4;0.44;1.0;1.0;3;1;15;2.88;0.6;2.34;3.3;345;128;14.47;14.72;1.017;0;1;0;0;1;1;0;0;0;1;0;287;42;167;84;0;82
277.37;832;23;23;0;4.78;85;0;65;55;15;0;55;4;0.44;1.0;1.0;3;1;15;2.88;0.6;2.34;3.3;345;128;14.47;16.21;1.12;0;1;0;0;1;1;0;0;0;1;0;287;42;167;84;0;82
277.93;832;23;23;0;4.78;85;0;65;55;15;0;55;4;0.44;1.0;1.0;3;1;15;2.88;0.6;2.34;3.3;345;128;14.47;16.21;1.12;0;1;0;0;1;1;0;0;0;1;0;287;42;167;84;0;82
278.25;884;21;21;0;4.5;86;0;65;55;15;0;53;4;0.38;1.0;1.0;3;1;15;2.62;0.6;2.23;3.3;345;128;14.7;16.21;1.103;0;1;0;0;1;1;0;0;0;1;0;275;42;166;84;0;81
279.0;935;23;23;0;4.98;87;0;66;55;15;0;54;4;0.44;1.0;1.0;3;1;15;2.88;0.6;2.43;3.9;345;128;14.47;15.21;1.051;0;1;0;0;1;1;0;0;0;1;0;283;42;165;84;0;51
279.75;871;24;24;0;5.03;87;0;65;55;15;0;54;4;0.46;1.0;1.0;3;1;15;3.0;0.6;2.45;3.7;345;128;14.47;14.01;0.968;0;1;0;0;1;1;0;0;0;1;0;277;42;166;84;0;77
280.42;871;22;22;0;4.7;86;0;66;55;15;0;53;4;0.42;1.0;1.0;3;1;15;2.75;0.6;2.31;3.4;345;128;14.7;13.01;0.885;0;1;0;0;1;1;0;0;0;1;0;273;42;166;84;0;40
281.19;896;23;23;0;4.76;85;0;66;55;15;0;54;4;0.42;1.0;1.0;3;1;15;2.88;0.6;2.33;3.6;345;128;14.47;13.01;0.899;0;1;0;0;1;1;0;0;0;1;0;278;42;167;84;0;81
281.93;896;21;21;0;4.56;85;0;65;55;15;0;54;4;0.39;1.0;1.0;3;1;15;2.62;0.6;2.25;3.4;345;128;14.7;13.62;0.927;0;1;0;0;1;1;0;0;0;1;0;277;42;167;84;0;81
282.65;781;20;20;0;4.38;85;0;64;55;15;0;54;3;0.41;1.0;1.0;3;1;15;2.5;0.6;2.18;2.9;345;128;14.7;14.21;0.967;0;1;0;0;1;1;0;0;0;1;0;279;42;167;84;0;82
283.39;781;22;22;0;4.66;85;0;65;55;15;0;55;4;0.42;1.0;1.0;3;1;15;2.75;0.6;2.29;3.0;345;128;14.7;14.81;1.007;0;1;0;0;1;1;0;0;0;1;0;289;42;168;84;0;82
283.99;845;22;22;0;4.63;85;0;65;55;15;0;55;4;0.4;1.0;1.0;3;1;15;2.75;0.6;2.28;3.3;345;128;14.7;14.81;1.007;0;1;0;0;1;1;0;0;0;1;0;286;42;168;83;0;82
284.37;845;22;22;0;4.63;85;0;65;55;15;0;55;4;0.4;1.0;1.0;3;1;15;2.75;0.6;2.28;3.3;345;128;14.7;15.91;1.082;0;1;0;0;1;1;0;0;0;1;0;286;42;168;83;0;82
284.88;845;22;22;0;4.63;85;0;65;55;15;0;55;4;0.4;1.0;1.0;3;1;15;2.75;0.6;2.28;3.3;345;128;14.7;15.91;1.082;0;1;0;0;1;1;0;0;0;1;0;286;42;168;83;0;82
285.2;807;23;23;0;4.88;85;0;66;55;15;0;55;4;0.43;1.0;1.0;3;1;15;2.88;0.6;2.38;3.3;345;128;14.47;15.91;1.1;0;1;0;0;1;1;0;0;0;1;0;289;42;168;83;0;82
285.93;807;22;22;0;4.66;85;0;66;55;15;0;54;4;0.41;1.0;1.0;3;1;15;2.75;0.6;2.29;3.1;345;128;14.7;15.21;1.035;0;1;0;0;1;1;0;0;0;1;0;281;42;167;83;0;82
286.7;820;22;22;0;4.71;86;0;66;55;15;0;54;4;0.42;1.0;1.0;3;1;15;2.75;0.6;2.31;3.2;345;128;14.7;14.31;0.973;0;1;0;0;1;1;0;0;0;1;0;280;42;166;83;0;82
287.27;820;20;20;0;4.32;86;0;65;55;15;0;53;3;0.38;1.0;1.0;3;1;15;2.5;0.6;2.16;3.0;345;128;14.7;14.31;0.973;0;1;0;0;1;1;0;0;0;1;0;274;42;166;83;0;81
288.03;820;22;22;0;4.65;86;0;65;55;15;0;54;4;0.41;1.0;1.0;3;1;15;2.75;0.6;2.29;3.2;345;128;14.7;14.41;0.98;0;1;0;0;1;1;0;0;0;1;0;281;42;166;83;0;82
288.64;807;22;22;0;4.66;87;0;65;55;15;0;54;3;0.41;1.0;1.0;3;1;15;2.75;0.6;2.3;3.1;345;128;14.7;14.41;0.98;0;1;0;0;1;1;0;0;0;1;0;279;42;165;83;0;82
289.27;832;23;23;0;4.83;85;0;66;55;15;0;55;4;0.42;1.0;1.0;3;1;15;2.88;0.6;2.36;3.3;345;128;14.47;14.41;0.996;0;1;0;0;1;1;0;0;0;1;0;287;42;167;83;0;146
289.92;832;21;21;0;4.48;85;0;65;55;15;0;54;3;0.39;1.0;1.0;3;1;15;2.62;0.6;2.22;3.1;345;128;14.7;14.21;0.967;0;1;0;0;1;1;0;0;0;1;0;282;42;167;83;0;82
290.54;832;22;22;0;4.66;85;0;65;55;15;0;55;4;0.41;1.0;1.0;3;1;15;2.75;0.6;2.29;3.2;345;128;14.7;14.51;0.987;0;1;0;0;1;1;0;0;0;1;0;286;42;167;83;0;82
291.12;807;22;22;0;4.63;85;0;65;55;15;0;55;4;0.41;1.0;1.0;3;1;15;2.75;0.6;2.28;3.1;345;128;14.7;14.51;0.987;0;1;0;0;1;1;0;0;0;1;0;286;42;167;83;0;81
291.49;807;22;22;0;4.63;85;0;65;55;15;0;55;4;0.41;1.0;1.0;3;1;15;2.75;0.6;2.28;3.1;345;128;14.7;14.71;1.001;0;1;0;0;1;1;0;0;0;1;0;286;42;167;83;0;81
291.8;807;22;22;0;4.63;85;0;65;55;15;0;55;4;0.41;1.0;1.0;3;1;15;2.75;0.6;2.28;3.1;345;128;14.7;14.71;1.001;0;1;0;0;1;1;0;0;0;1;0;286;42;167;83;0;81
291.89;807;22;22;0;4.63;85;0;65;55;15;0;55;4;0.41;1.0;1.0;3;1;15;2.75;0.6;2.28;3.1;345;128;14.7;14.71;1.001;0;1;0;0;1;1;0;0;0;1;0;286;42;167;83;0;81
292.28;845;20;20;0;4.21;85;0;64;55;15;0;54;3;0.38;1.0;1.0;3;1;15;2.5;0.6;2.11;3.0;345;128;14.7;14.71;1.001;0;1;0;0;1;1;0;0;0;1;0;281;42;167;83;0;74
292.66;768;23;23;0;4.73;85;0;65;55;15;0;55;4;0.42;1.0;1.0;3;1;15;2.88;0.6;2.32;3.0;345;128;14.47;14.02;0.969;0;1;0;0;1;1;0;0;0;1;0;286;42;167;83;0;75
292.68;768;23;23;0;4.73;85;0;65;55;15;0;55;4;0.42;1.0;1.0;3;1;15;2.88;0.6;2.32;3.0;345;128;14.47;14.02;0.969;0;1;0;0;1;1;0;0;0;1;0;286;42;167;83;0;75
293.41;807;20;20;0;4.36;85;0;65;55;15;0;54;3;0.38;1.0;1.0;3;1;15;2.5;0.6;2.17;2.9;345;128;14.7;15.31;1.041;0;1;0;0;1;1;0;0;0;1;0;282;42;167;82;0;82
293.97;768;25;25;0;5.07;86;0;66;55;15;0;56;4;0.44;1.0;1.0;3;1;15;3.12;0.6;2.46;3.2;345;128;14.47;15.31;1.058;0;1;0;0;1;1;0;0;0;1;0;296;42;166;82;0;82
294.7;807;22;22;0;4.63;85;0;65;55;15;0;55;4;0.41;1.0;1.0;3;1;15;2.75;0.6;2.28;3.1;345;128;14.7;16.31;1.11;0;1;0;0;1;1;0;0;0;1;0;286;42;168;82;0;82
295.34;781;26;26;0;5.36;85;0;66;55;15;0;56;4;0.48;1.0;1.0;3;1;15;3.25;0.6;2.57;3.5;345;128;14.47;16.31;1.127;0;1;0;0;1;1;0;0;0;1;0;292;42;167;82;0;83
296.11;807;23;23;0;4.8;86;0;66;55;15;0;54;4;0.45;1.0;1.0;3;1;15;2.88;0.6;2.35;3.2;345;128;14.47;14.71;1.017;0;1;0;0;1;1;0;0;0;1;0;277;42;166;82;0;85
296.71;845;23;23;0;4.92;86;0;66;55;15;0;54;4;0.43;1.0;1.0;3;1;15;2.88;0.6;2.4;3.5;345;128;14.47;14.21;0.982;0;1;0;0;1;1;0;0;0;1;0;283;42;166;82;0;81
297.34;756;23;23;0;4.83;87;0;66;55;15;0;54;4;0.46;1.0;1.0;3;1;15;2.88;0.6;2.37;3.0;345;128;14.47;14.21;0.982;0;1;0;0;1;1;0;0;0;1;0;277;42;165;82;0;77
298.1;820;22;22;0;4.67;86;0;65;55;15;0;54;4;0.42;1.0;1.0;3;1;15;2.75;0.6;2.3;3.2;345;128;14.7;13.61;0.926;0;1;0;0;1;1;0;0;0;1;0;281;42;166;82;0;82
298.81;756;20;20;0;4.36;86;0;64;55;15;0;54;3;0.44;1.0;1.0;3;1;15;2.5;0.6;2.17;2.7;345;128;14.7;14.31;0.973;0;1;0;0;1;1;0;0;0;1;0;276;42;166;82;0;81
299.5;935;39;39;0;7.28;85;0;64;37;33;0;61;8;0.63;1.0;1.0;3;1;33;4.88;0.9;3.34;5.7;345;128;14.7;15.91;1.082;0;1;0;0;1;1;0;0;0;1;0;330;43;167;82;0;42
300.24;871;32;32;1;6.28;85;0;65;55;15;0;59;6;0.56;1.0;1.0;3;1;15;4.0;1.2;2.94;4.6;345;128;14.59;15.91;1.09;0;1;0;0;1;1;0;0;0;1;0;319;44;168;82;0;41
300.81;1063;17;17;1;3.9;86;0;64;54;16;0;55;4;0.35;1.0;1.0;3;1;16;2.12;1.2;1.99;3.5;345;128;14.7;17.22;1.171;0;1;0;0;1;1;0;0;0;1;0;285;44;166;81;0;82
301.49;973;24;24;1;4.88;85;0;64;55;15;0;57;5;0.48;1.0;1.0;3;1;15;3.0;1.2;2.38;4.0;345;128;14.47;16.92;1.169;0;1;0;0;1;1;0;0;0;1;0;300;44;168;81;0;77
302.23;1934;28;28;5;5.53;85;0;63;21;49;0;56;12;0.5;1.0;1.0;3;1;49;3.5;3.5;2.64;8.9;345;128;14.82;16.92;1.142;0;1;0;0;1;0;0;0;0;1;0;298;52;167;81;0;83
302.96;2139;23;23;5;4.62;86;0;63;20;50;0;50;11;0.46;1.0;1.0;3;1;50;2.88;3.5;2.28;8.2;345;128;14.82;14.71;0.993;0;1;0;0;1;0;0;0;0;1;0;249;52;166;81;0;76
303.35;2139;23;23;5;4.62;86;0;63;20;50;0;50;11;0.46;1.0;1.0;3;1;50;2.88;3.5;2.28;8.2;345;128;14.82;14.71;0.993;0;1;0;0;1;0;0;0;0;1;0;249;52;166;81;0;76
303.84;2139;23;23;5;4.62;86;0;63;20;50;0;50;11;0.46;1.0;1.0;3;1;50;2.88;3.5;2.28;8.2;345;128;14.82;16.61;1.121;0;1;0;0;1;0;0;0;0;1;0;249;52;166;81;0;76
304.14;2088;23;23;5;4.73;87;0;63;22;48;0;50;11;0.47;1.0;1.0;3;1;48;2.88;3.5;2.33;8.2;345;128;14.82;16.61;1.121;0;1;0;0;1;0;0;0;0;1;0;248;52;165;81;0;38
304.91;2203;25;25;5;5.08;87;0;63;19;51;0;50;12;0.51;1.0;1.0;3;1;51;3.12;3.5;2.47;9.3;345;128;14.82;14.21;0.959;0;1;0;0;1;0;0;0;0;1;0;248;52;165;80;0;76
305.66;2152;23;23;5;4.76;87;0;63;20;50;0;49;11;0.48;1.0;1.0;3;1;50;2.88;3.5;2.34;8.5;345;128;14.82;12.51;0.844;0;1;0;0;1;0;0;0;0;1;0;241;52;165;80;0;76
306.42;2113;21;21;5;4.42;86;0;63;22;48;0;49;10;0.45;1.0;1.0;3;1;48;2.62;3.5;2.2;7.8;345;128;14.82;14.62;0.987;0;1;0;0;1;0;0;0;0;1;0;243;52;166;80;0;38
307.17;2100;20;20;5;4.18;85;0;63;23;47;0;50;9;0.41;1.0;1.0;3;1;47;2.5;3.5;2.1;7.3;345;128;14.82;14.62;0.987;0;1;0;0;1;0;0;0;0;1;0;249;52;167;80;0;76
307.86;2049;21;21;5;4.38;85;0;63;22;48;0;51;9;0.41;1.0;1.0;3;1;48;2.62;3.5;2.18;7.5;345;128;14.82;14.52;0.98;0;1;0;0;1;0;0;0;0;1;0;253;52;168;79;0;86
308.58;1998;21;21;5;4.37;84;0;63;23;48;0;51;9;0.41;1.0;1.0;3;1;47;2.62;3.5;2.17;7.3;345;128;14.82;15.02;1.013;0;1;0;0;1;0;0;0;0;1;0;255;52;169;79;0;74
308.96;1998;21;21;5;4.37;84;0;63;23;48;0;51;9;0.41;1.0;1.0;3;1;47;2.62;3.5;2.17;7.3;345;128;14.82;15.02;1.013;0;1;0;0;1;0;0;0;0;1;0;255;52;169;79;0;74
309.39;1998;21;21;5;4.37;84;0;63;23;48;0;51;9;0.41;1.0;1.0;3;1;47;2.62;3.5;2.17;7.3;345;128;14.82;15.02;1.013;0;1;0;0;1;0;0;0;0;1;0;255;52;169;79;0;74
309.72;1998;22;22;5;4.53;85;0;63;23;47;0;52;10;0.43;1.0;1.0;3;1;47;2.75;3.5;2.24;7.5;345;128;14.82;17.01;1.148;0;1;0;0;1;0;0;0;0;1;0;260;52;168;79;0;77
310.45;2113;22;22;5;4.66;85;0;63;22;48;0;51;10;0.45;1.0;1.0;3;1;48;2.75;3.5;2.29;8.2;345;128;14.82;14.21;0.959;0;1;0;0;1;0;0;0;0;1;0;256;52;167;79;0;38
311.19;2152;23;23;5;4.65;86;0;63;20;50;0;51;11;0.45;1.0;1.0;3;1;50;2.88;3.5;2.29;8.3;345;128;14.82;14.21;0.959;0;1;0;0;1;0;0;0;0;1;0;252;52;166;78;0;76
311.94;2139;21;21;5;4.42;86;0;63;22;48;0;50;10;0.44;1.0;1.0;3;1;48;2.62;3.5;2.2;7.9;345;128;14.82;14.21;0.959;0;1;0;0;1;0;0;0;0;1;0;248;52;166;78;0;84
312.68;2113;21;21;5;4.37;86;0;63;22;48;0;50;10;0.43;1.0;1.0;3;1;48;2.62;3.5;2.18;7.7;345;128;14.82;15.11;1.02;0;1;0;0;1;0;0;0;0;1;0;249;52;166;78;0;76
313.05;2113;21;21;5;4.37;86;0;63;22;48;0;50;10;0.43;1.0;1.0;3;1;48;2.62;3.5;2.18;7.7;345;128;14.82;15.11;1.02;0;1;0;0;1;0;0;0;0;1;0;249;52;166;78;0;76
313.61;2113;21;21;5;4.37;86;0;63;22;48;0;50;10;0.43;1.0;1.0;3;1;48;2.62;3.5;2.18;7.7;345;128;14.82;15.11;1.02;0;1;0;0;1;0;0;0;0;1;0;249;52;166;78;0;76
313.94;2062;21;21;5;4.43;85;0;63;22;48;0;50;10;0.44;1.0;1.0;3;1;48;2.62;3.5;2.2;7.6;345;128;14.82;15.11;1.02;0;1;0;0;1;0;0;0;0;1;0;248;52;167;78;0;77
314.67;2152;21;21;5;4.38;85;0;63;22;48;0;49;10;0.43;1.0;1.0;3;1;48;2.62;3.5;2.18;7.9;345;128;14.82;14.51;0.979;0;1;0;0;1;0;0;0;0;1;0;243;52;167;78;0;38
315.37;2088;21;21;5;4.31;85;0;63;22;48;0;49;10;0.43;1.0;1.0;3;1;48;2.62;3.5;2.15;7.5;345;128;14.82;14.51;0.979;0;1;0;0;1;0;0;0;0;1;0;246;52;167;77;0;76
316.1;2164;21;21;5;4.43;85;0;63;22;48;0;50;10;0.42;1.0;1.0;3;1;48;2.62;3.5;2.2;8.0;345;128;14.82;14.72;0.993;0;1;0;0;1;0;0;0;0;1;0;251;52;167;77;0;38
316.47;2164;21;21;5;4.43;85;0;63;22;48;0;50;10;0.42;1.0;1.0;3;1;48;2.62;3.5;2.2;8.0;345;128;14.82;14.71;0.993;0;1;0;0;1;0;0;0;0;1;0;251;52;167;77;0;38
316.8;2164;21;21;5;4.43;85;0;63;22;48;0;50;10;0.42;1.0;1.0;3;1;48;2.62;3.5;2.2;8.0;345;128;14.82;14.71;0.993;0;1;0;0;1;0;0;0;0;1;0;251;52;167;77;0;38
316.87;2164;21;21;5;4.43;85;0;63;22;48;0;50;10;0.42;1.0;1.0;3;1;48;2.62;3.5;2.2;8.0;345;128;14.82;14.71;0.993;0;1;0;0;1;0;0;0;0;1;0;251;52;167;77;0;38
317.26;2139;20;20;5;4.28;85;0;63;23;47;0;49;9;0.42;1.0;1.0;3;1;47;2.5;3.5;2.14;7.6;345;128;14.82;14.71;0.993;0;1;0;0;1;0;0;0;0;1;0;246;52;167;77;0;55
317.64;2139;21;21;5;4.43;85;0;63;21;49;0;51;10;0.43;1.0;1.0;3;1;49;2.62;3.5;2.2;7.9;345;128;14.82;15.62;1.054;0;1;0;0;1;0;0;0;0;1;0;254;52;168;77;0;76
317.66;2139;21;21;5;4.43;85;0;63;21;49;0;51;10;0.43;1.0;1.0;3;1;49;2.62;3.5;2.2;7.9;345;128;14.82;15.62;1.054;0;1;0;0;1;0;0;0;0;1;0;254;52;168;77;0;76
318.36;2280;24;24;5;4.8;84;0;63;19;51;0;54;12;0.45;1.0;1.0;3;1;51;3.0;3.8;2.34;9.1;345;128;14.82;15.62;1.054;0;1;0;0;1;0;0;0;0;1;0;278;53;169;77;0;82
319.05;2472;23;23;8;4.73;85;0;63;17;53;0;54;13;0.43;1.0;1.0;3;1;53;2.88;5.5;2.32;9.7;345;128;14.82;15.72;1.061;0;1;0;0;1;0;0;0;0;1;0;281;59;168;77;0;82
319.61;2587;24;24;8;4.83;85;0;63;17;53;0;53;14;0.46;1.0;1.0;3;1;53;3.0;5.5;2.36;10.4;345;128;14.82;16.81;1.134;0;1;0;0;1;0;0;0;0;1;0;275;59;167;77;0;81
320.34;2779;29;29;9;5.55;86;0;62;15;55;0;54;18;0.55;1.0;1.0;3;1;55;3.62;6.1;2.65;12.9;345;128;14.93;16.81;1.126;0;1;0;0;1;0;0;0;0;1;0;279;61;166;76;0;77
320.98;2702;27;27;9;5.27;88;0;62;15;55;0;51;17;0.52;1.0;1.0;3;1;55;3.38;6.1;2.55;11.9;345;128;14.93;13.11;0.878;0;1;0;0;1;0;0;0;0;1;0;257;61;163;76;0;77
321.69;2702;26;26;9;5.11;89;0;62;16;54;0;52;16;0.5;1.0;1.0;3;1;54;3.25;6.1;2.49;11.5;345;128;14.93;12.41;0.831;0;1;0;0;1;0;0;0;0;1;0;260;61;162;76;0;73
322.45;2664;22;22;9;4.58;89;0;62;19;51;0;51;13;0.44;1.0;1.0;3;1;51;2.75;6.1;2.28;10.2;345;128;14.82;13.91;0.939;0;1;0;0;1;0;0;0;0;1;0;259;61;162;76;0;77
323.19;2715;20;20;9;4.31;89;0;63;23;47;0;51;12;0.41;1.0;1.0;3;1;47;2.5;6.1;2.17;9.8;345;128;14.93;13.91;0.932;0;1;0;0;1;0;0;0;0;1;0;257;61;162;76;0;76
323.9;2382;19;19;9;4.01;85;0;63;25;45;0;51;10;0.38;1.0;1.0;3;1;45;2.38;6.1;2.03;8.0;345;128;14.82;18.02;1.216;0;1;0;0;1;0;0;0;0;1;0;255;61;168;76;0;76
324.45;2356;22;22;9;4.46;85;0;63;20;50;0;52;11;0.42;1.0;1.0;3;1;50;2.75;6.1;2.21;8.8;345;128;14.82;17.32;1.169;0;1;0;0;1;0;0;0;0;1;0;265;61;168;76;0;77
325.2;2408;24;24;9;4.8;84;0;63;17;53;0;52;13;0.46;1.0;1.0;3;1;53;3.0;6.1;2.34;9.6;345;128;14.82;17.32;1.169;0;1;0;0;1;0;0;0;0;1;0;265;61;169;76;0;77
325.97;2587;25;25;9;5.06;85;0;63;16;54;0;52;14;0.48;1.0;1.0;3;1;54;3.12;6.1;2.45;10.9;345;128;14.82;14.91;1.006;0;1;0;0;1;0;0;0;0;1;0;262;61;167;75;0;76
326.6;2664;26;26;9;5.17;88;0;63;16;54;0;52;15;0.5;1.0;1.0;3;1;54;3.25;6.1;2.51;11.5;345;128;14.82;14.21;0.959;0;1;0;0;1;0;0;0;0;1;0;260;61;163;75;0;77
327.32;2587;26;26;9;5.11;89;0;63;16;54;0;52;15;0.5;1.0;1.0;3;1;54;3.25;6.1;2.49;11.0;345;128;14.82;14.21;0.959;0;1;0;0;1;0;0;0;0;1;0;261;61;162;75;0;77
328.06;2587;25;25;9;5.0;88;0;63;16;54;0;52;15;0.48;1.0;1.0;3;1;54;3.12;6.1;2.44;10.8;345;128;14.82;14.81;0.999;0;1;0;0;1;0;0;0;0;1;0;263;61;163;75;0;77
328.42;2587;25;25;9;5.0;88;0;63;16;54;0;52;15;0.48;1.0;1.0;3;1;54;3.12;6.1;2.44;10.8;345;128;14.82;14.81;0.999;0;1;0;0;1;0;0;0;0;1;0;263;61;163;75;0;77
328.75;2587;25;25;9;5.0;88;0;63;16;54;0;52;15;0.48;1.0;1.0;3;1;54;3.12;6.1;2.44;10.8;345;128;14.82;12.61;0.851;0;1;0;0;1;0;0;0;0;1;0;263;61;163;75;0;77
328.85;2587;25;25;9;5.0;88;0;63;16;54;0;52;15;0.48;1.0;1.0;3;1;54;3.12;6.1;2.44;10.8;345;128;14.82;12.61;0.851;0;1;0;0;1;0;0;0;0;1;0;263;61;163;75;0;77
329.58;2702;22;22;9;4.51;87;0;63;20;50;0;51;13;0.43;1.0;1.0;3;1;50;2.75;6.1;2.24;10.2;345;128;14.93;13.51;0.905;0;1;0;0;1;0;0;0;0;1;0;258;61;164;75;0;73
330.32;2421;18;18;5;3.98;87;0;63;24;46;0;46;10;0.42;1.0;1.0;3;1;46;2.25;3.5;2.03;8.0;345;128;14.82;13.51;0.912;0;1;0;0;1;0;0;0;0;1;0;218;52;164;75;0;38
330.95;1691;18;18;0;3.93;87;0;64;53;24;0;43;7;0.44;1.0;1.0;3;1;17;2.25;0.6;2.01;5.5;345;128;14.7;12.61;0.858;0;1;0;0;1;1;0;0;0;1;0;195;42;165;75;0;56
331.51;807;21;21;0;4.43;85;0;65;67;15;0;52;4;0.44;1.0;1.0;3;1;3;2.62;0.9;2.2;3.0;345;128;14.7;24.42;1.661;0;1;0;0;1;1;0;0;0;1;0;264;43;168;75;0;77
331.87;807;21;21;0;4.43;85;0;65;67;15;0;52;4;0.44;1.0;1.0;3;1;3;2.62;0.9;2.2;3.0;345;128;14.7;24.42;1.661;0;1;0;0;1;1;0;0;0;1;0;264;43;168;75;0;77
332.22;807;21;21;0;4.43;85;0;65;67;15;0;52;4;0.44;1.0;1.0;3;1;3;2.62;0.9;2.2;3.0;345;128;14.7;24.42;1.661;0;1;0;0;1;1;0;0;0;1;0;264;43;168;75;0;77
332.29;807;21;21;0;4.43;85;0;65;67;15;0;52;4;0.44;1.0;1.0;3;1;3;2.62;0.9;2.2;3.0;345;128;14.7;24.42;1.661;0;1;0;0;1;1;0;0;0;1;0;264;43;168;75;0;77
332.69;986;18;18;0;3.96;85;0;64;55;15;0;51;4;0.36;1.0;1.0;3;1;15;2.25;0.9;2.01;3.3;345;128;14.7;12.71;0.865;0;1;0;0;1;1;0;0;0;1;0;256;43;167;74;0;77
333.07;922;18;18;0;3.98;85;0;64;55;15;0;51;4;0.37;1.0;1.0;3;1;15;2.25;0.9;2.02;3.1;345;128;14.7;12.71;0.865;0;1;0;0;1;1;0;0;0;1;0;258;43;167;74;0;76
333.59;922;23;23;0;4.71;85;0;65;55;15;0;53;4;0.44;1.0;1.0;3;1;15;2.88;0.9;2.31;3.6;345;128;14.47;13.41;0.927;0;1;0;0;1;1;0;0;0;1;0;269;43;167;74;0;77
334.33;845;19;19;0;4.08;85;0;64;55;15;0;52;3;0.38;1.0;1.0;3;1;15;2.38;0.6;2.06;2.9;345;128;14.7;13.41;0.912;0;1;0;0;1;1;0;0;0;1;0;263;42;167;74;0;77
335.08;832;21;21;0;4.46;85;0;65;55;15;0;53;4;0.41;1.0;1.0;3;1;15;2.62;0.9;2.21;3.1;345;128;14.7;12.91;0.878;0;1;0;0;1;1;0;0;0;1;0;273;43;167;74;0;77
335.45;832;21;21;0;4.46;85;0;65;55;15;0;53;4;0.41;1.0;1.0;3;1;15;2.62;0.9;2.21;3.1;345;128;14.7;13.41;0.912;0;1;0;0;1;1;0;0;0;1;0;273;43;167;74;0;77
335.98;832;21;21;0;4.46;85;0;65;55;15;0;53;4;0.41;1.0;1.0;3;1;15;2.62;0.9;2.21;3.1;345;128;14.7;13.41;0.912;0;1;0;0;1;1;0;0;0;1;0;273;43;167;74;0;77
336.31;845;19;19;0;4.11;85;0;64;55;15;0;53;3;0.38;1.0;1.0;3;1;15;2.38;0.6;2.07;2.9;345;128;14.7;13.41;0.912;0;1;0;0;1;1;0;0;0;1;0;271;42;167;74;0;77
337.06;820;21;21;0;4.43;85;0;65;55;15;0;54;4;0.39;1.0;1.0;3;1;15;2.62;0.6;2.2;3.0;345;128;14.7;12.71;0.865;0;1;0;0;1;1;0;0;0;1;0;278;42;168;74;0;81
337.8;832;18;18;0;3.91;85;0;64;55;15;0;54;3;0.35;1.0;1.0;3;1;15;2.25;0.9;1.99;2.7;345;128;14.7;15.21;1.035;0;1;0;0;1;1;0;0;0;1;0;276;43;167;74;0;81
338.42;807;20;20;0;4.31;85;0;64;55;15;0;55;3;0.39;1.0;1.0;3;1;15;2.5;0.6;2.15;2.9;345;128;14.7;15.21;1.035;0;1;0;0;1;1;0;0;0;1;0;285;42;168;74;0;40
338.99;717;23;23;0;4.72;86;0;65;55;15;0;55;3;0.43;1.0;1.0;3;1;15;2.88;0.9;2.32;2.8;345;128;14.47;15.91;1.1;0;1;0;0;1;1;0;0;0;1;0;287;43;166;74;0;82
339.68;845;19;19;0;4.05;84;0;64;55;15;0;54;3;0.36;1.0;1.0;3;1;15;2.38;0.9;2.04;2.9;345;128;14.7;16.01;1.089;0;1;0;0;1;1;0;0;0;1;0;280;43;169;74;0;40
340.39;768;24;24;0;4.88;85;0;66;55;15;0;55;4;0.45;1.0;1.0;3;1;15;3.0;0.9;2.38;3.1;345;128;14.47;16.01;1.106;0;1;0;0;1;1;0;0;0;1;0;284;43;168;74;0;82
341.15;768;23;23;0;4.66;85;0;65;55;15;0;54;4;0.44;1.0;1.0;3;1;15;2.88;0.6;2.29;3.0;345;128;14.47;16.11;1.113;0;1;0;0;1;1;0;0;0;1;0;276;42;168;74;0;81
341.88;807;24;24;0;4.96;85;0;66;55;15;0;54;4;0.46;1.0;1.0;3;1;15;3.0;0.9;2.41;3.3;345;128;14.47;15.31;1.058;0;1;0;0;1;1;0;0;0;1;0;280;43;167;74;0;82
342.25;807;24;24;0;4.96;85;0;66;55;15;0;54;4;0.46;1.0;1.0;3;1;15;3.0;0.9;2.41;3.3;345;128;14.47;15.31;1.058;0;1;0;0;1;1;0;0;0;1;0;280;43;167;74;0;82
342.77;768;23;23;0;4.68;85;0;65;55;15;0;53;4;0.45;1.0;1.0;3;1;15;2.88;0.6;2.3;3.0;345;128;14.47;13.71;0.947;0;1;0;0;1;1;0;0;0;1;0;270;42;167;74;0;77
343.38;871;21;21;0;4.41;85;0;65;55;15;0;53;4;0.4;1.0;1.0;3;1;15;2.62;0.9;2.19;3.2;345;128;14.7;13.71;0.933;0;1;0;0;1;1;0;0;0;1;0;274;43;167;74;0;77
343.95;832;21;21;0;4.43;85;0;65;55;15;0;53;4;0.41;1.0;1.0;3;1;15;2.62;0.9;2.2;3.1;345;128;14.7;13.01;0.885;0;1;0;0;1;1;0;0;0;1;0;270;43;167;74;0;77
344.68;820;20;20;0;4.27;86;0;64;55;15;0;53;3;0.39;1.0;1.0;3;1;15;2.5;0.6;2.14;2.9;345;128;14.7;14.01;0.953;0;1;0;0;1;1;0;0;0;1;0;270;42;166;73;0;77
345.42;820;21;21;0;4.38;85;0;64;55;15;0;54;3;0.4;1.0;1.0;3;1;15;2.62;0.9;2.18;3.0;345;128;14.7;14.01;0.953;0;1;0;0;1;1;0;0;0;1;0;276;43;167;74;0;81
345.78;820;21;21;0;4.38;85;0;64;55;15;0;54;3;0.4;1.0;1.0;3;1;15;2.62;0.9;2.18;3.0;345;128;14.7;14.31;0.973;0;1;0;0;1;1;0;0;0;1;0;276;43;167;74;0;81
346.34;820;21;21;0;4.38;85;0;64;55;15;0;54;3;0.4;1.0;1.0;3;1;15;2.62;0.9;2.18;3.0;345;128;14.7;14.31;0.973;0;1;0;0;1;1;0;0;0;1;0;276;43;167;74;0;81
346.66;871;19;19;0;4.03;85;0;64;55;15;0;53;3;0.34;1.0;1.0;3;1;15;2.38;0.6;2.04;2.9;345;128;14.7;13.81;0.939;0;1;0;0;1;1;0;0;0;1;0;274;42;167;73;0;81
347.34;884;20;20;0;4.28;85;0;65;55;15;0;54;3;0.37;1.0;1.0;3;1;15;2.5;0.6;2.14;3.2;345;128;14.7;13.81;0.939;0;1;0;0;1;1;0;0;0;1;0;278;42;168;73;0;82
348.06;807;22;22;0;4.58;85;0;65;55;15;0;55;4;0.42;1.0;1.0;3;1;15;2.75;0.9;2.26;3.1;345;128;14.7;14.81;1.007;0;1;0;0;1;1;0;0;0;1;0;284;43;168;73;0;82
348.43;807;22;22;0;4.58;85;0;65;55;15;0;55;4;0.42;1.0;1.0;3;1;15;2.75;0.9;2.26;3.1;345;128;14.7;14.81;1.007;0;1;0;0;1;1;0;0;0;1;0;284;43;168;73;0;82
348.86;768;20;20;0;4.31;85;0;64;55;15;0;54;3;0.41;1.0;1.0;3;1;15;2.5;0.9;2.15;2.8;345;128;14.7;14.51;0.987;0;1;0;0;1;1;0;0;0;1;0;278;43;168;73;0;81
349.66;807;22;22;0;4.55;86;0;65;55;15;0;55;3;0.41;1.0;1.0;3;1;15;2.75;0.9;2.25;3.1;345;128;14.7;15.21;1.035;0;1;0;0;1;1;0;0;0;1;0;284;43;166;73;0;82
350.28;768;21;21;0;4.38;85;0;64;55;15;0;54;3;0.41;1.0;1.0;3;1;15;2.62;0.6;2.18;2.8;345;128;14.7;15.21;1.035;0;1;0;0;1;1;0;0;0;1;0;282;42;168;73;0;82
350.65;768;21;21;0;4.38;85;0;64;55;15;0;54;3;0.41;1.0;1.0;3;1;15;2.62;0.6;2.18;2.8;345;128;14.7;14.52;0.988;0;1;0;0;1;1;0;0;0;1;0;282;42;168;73;0;82
350.98;768;21;21;0;4.38;85;0;64;55;15;0;54;3;0.41;1.0;1.0;3;1;15;2.62;0.6;2.18;2.8;345;128;14.7;14.52;0.988;0;1;0;0;1;1;0;0;0;1;0;282;42;168;73;0;82
351.04;768;21;21;0;4.38;85;0;64;55;15;0;54;3;0.41;1.0;1.0;3;1;15;2.62;0.6;2.18;2.8;345;128;14.7;14.52;0.988;0;1;0;0;1;1;0;0;0;1;0;282;42;168;73;0;82
351.6;781;22;22;0;4.63;85;0;66;55;15;0;54;4;0.41;1.0;1.0;3;1;15;2.75;0.9;2.28;3.0;345;128;14.7;14.41;0.98;0;1;0;0;1;1;0;0;0;1;0;283;43;167;73;0;82
352.29;820;20;20;0;4.28;86;0;65;55;15;0;54;3;0.36;1.0;1.0;3;1;15;2.5;0.6;2.14;2.9;345;128;14.7;14.41;0.98;0;1;0;0;1;1;0;0;0;1;0;277;42;166;73;0;82
352.66;820;20;20;0;4.28;86;0;65;55;15;0;54;3;0.36;1.0;1.0;3;1;15;2.5;0.6;2.14;2.9;345;128;14.7;14.62;0.995;0;1;0;0;1;1;0;0;0;1;0;277;42;166;73;0;82
352.98;820;20;20;0;4.28;86;0;65;55;15;0;54;3;0.36;1.0;1.0;3;1;15;2.5;0.6;2.14;2.9;345;128;14.7;14.62;0.995;0;1;0;0;1;1;0;0;0;1;0;277;42;166;73;0;82
353.08;820;20;20;0;4.28;86;0;65;55;15;0;54;3;0.36;1.0;1.0;3;1;15;2.5;0.6;2.14;2.9;345;128;14.7;14.62;0.995;0;1;0;0;1;1;0;0;0;1;0;277;42;166;73;0;82
353.45;807;23;23;0;4.83;85;0;66;55;15;0;55;4;0.41;1.0;1.0;3;1;15;2.88;0.9;2.36;3.2;345;128;14.47;14.62;1.01;0;1;0;0;1;1;0;0;0;1;0;286;43;167;73;0;82
353.84;756;21;21;0;4.46;85;0;65;55;15;0;54;3;0.41;1.0;1.0;3;1;15;2.62;0.6;2.21;2.8;345;128;14.7;16.61;1.13;0;1;0;0;1;1;0;0;0;1;0;279;42;167;73;0;82
354.37;717;22;22;0;4.63;85;0;65;55;15;0;54;3;0.44;1.0;1.0;3;1;15;2.75;0.6;2.28;2.8;345;128;14.7;16.61;1.13;0;1;0;0;1;1;0;0;0;1;0;283;42;167;72;0;81
355.11;807;23;23;0;4.71;85;0;65;55;15;0;54;4;0.41;1.0;1.0;3;1;15;2.88;0.6;2.31;3.2;345;128;14.47;13.81;0.954;0;1;0;0;1;1;0;0;0;1;0;279;42;167;72;0;82
355.86;807;20;20;0;4.28;85;0;64;55;15;0;54;3;0.4;1.0;1.0;3;1;15;2.5;0.6;2.14;2.9;345;128;14.7;14.71;1.001;0;1;0;0;1;1;0;0;0;1;0;278;42;167;72;0;81
356.42;768;21;21;0;4.46;85;0;65;55;15;0;54;3;0.41;1.0;1.0;3;1;15;2.62;0.9;2.21;2.9;345;128;14.7;14.71;1.001;0;1;0;0;1;1;0;0;0;1;0;279;43;167;72;0;81
356.78;768;21;21;0;4.46;85;0;65;55;15;0;54;3;0.41;1.0;1.0;3;1;15;2.62;0.9;2.21;2.9;345;128;14.7;14.61;0.994;0;1;0;0;1;1;0;0;0;1;0;279;43;167;72;0;81
357.21;768;21;21;0;4.46;85;0;65;55;15;0;54;3;0.41;1.0;1.0;3;1;15;2.62;0.9;2.21;2.9;345;128;14.7;14.61;0.994;0;1;0;0;1;1;0;0;0;1;0;279;43;167;72;0;81
357.54;781;24;24;0;4.9;86;0;66;55;15;0;55;4;0.45;1.0;1.0;3;1;15;3.0;0.9;2.39;3.2;345;128;14.47;14.81;1.023;0;1;0;0;1;1;0;0;0;1;0;289;43;166;72;0;82
357.92;781;24;24;0;4.9;86;0;66;55;15;0;55;4;0.45;1.0;1.0;3;1;15;3.0;0.9;2.39;3.2;345;128;14.47;14.81;1.023;0;1;0;0;1;1;0;0;0;1;0;289;43;166;72;0;82
358.34;781;24;24;0;4.9;86;0;66;55;15;0;55;4;0.45;1.0;1.0;3;1;15;3.0;0.9;2.39;3.2;345;128;14.47;14.81;1.023;0;1;0;0;1;1;0;0;0;1;0;289;43;166;72;0;82
358.66;820;20;20;0;4.31;85;0;64;55;15;0;54;3;0.38;1.0;1.0;3;1;15;2.5;0.6;2.15;2.9;345;128;14.7;14.21;0.967;0;1;0;0;1;1;0;0;0;1;0;279;42;167;72;0;81
359.36;807;22;22;0;4.58;85;0;66;55;15;0;54;4;0.41;1.0;1.0;3;1;15;2.75;0.9;2.26;3.1;345;128;14.7;14.21;0.967;0;1;0;0;1;1;0;0;0;1;0;283;43;168;72;0;40
359.74;807;22;22;0;4.58;85;0;66;55;15;0;54;4;0.41;1.0;1.0;3;1;15;2.75;0.9;2.26;3.1;345;128;14.7;13.71;0.933;0;1;0;0;1;1;0;0;0;1;0;283;43;168;72;0;40
360.3;807;22;22;0;4.58;85;0;66;55;15;0;54;4;0.41;1.0;1.0;3;1;15;2.75;0.9;2.26;3.1;345;128;14.7;13.71;0.933;0;1;0;0;1;1;0;0;0;1;0;283;43;168;72;0;40
360.6;832;17;17;0;3.83;85;0;64;55;15;0;53;3;0.34;1.0;1.0;3;1;15;2.12;0.6;1.96;2.7;345;128;14.7;14.21;0.967;0;1;0;0;1;1;0;0;0;1;0;275;42;168;72;0;75
361.36;820;19;19;0;4.03;85;0;64;55;15;0;54;3;0.36;1.0;1.0;3;1;15;2.38;0.6;2.04;2.8;345;128;14.7;14.21;0.967;0;1;0;0;1;1;0;0;0;1;0;277;42;167;72;0;78
361.99;832;21;21;0;4.38;85;0;65;55;15;0;55;4;0.39;1.0;1.0;3;1;15;2.62;0.9;2.18;3.0;345;128;14.7;14.51;0.987;0;1;0;0;1;1;0;0;0;1;0;289;43;168;72;0;82
362.36;832;21;21;0;4.38;85;0;65;55;15;0;55;4;0.39;1.0;1.0;3;1;15;2.62;0.9;2.18;3.0;345;128;14.7;14.51;0.987;0;1;0;0;1;1;0;0;0;1;0;289;43;168;72;0;82
362.66;832;21;21;0;4.38;85;0;65;55;15;0;55;4;0.39;1.0;1.0;3;1;15;2.62;0.9;2.18;3.0;345;128;14.7;16.41;1.116;0;1;0;0;1;1;0;0;0;1;0;289;43;168;72;0;82
362.77;832;21;21;0;4.38;85;0;65;55;15;0;55;4;0.39;1.0;1.0;3;1;15;2.62;0.9;2.18;3.0;345;128;14.7;16.41;1.116;0;1;0;0;1;1;0;0;0;1;0;289;43;168;72;0;82
363.47;832;23;23;0;4.66;85;0;65;55;15;0;55;4;0.42;1.0;1.0;3;1;15;2.88;0.9;2.29;3.2;345;128;14.47;16.41;1.134;0;1;0;0;1;1;0;0;0;1;0;286;43;167;72;0;82
364.21;807;24;24;0;4.86;85;0;66;55;15;0;54;4;0.43;1.0;1.0;3;1;15;3.0;0.6;2.37;3.3;345;128;14.47;14.71;1.017;0;1;0;0;1;1;0;0;0;1;0;281;42;166;71;0;40
364.6;807;24;24;0;4.86;85;0;66;55;15;0;54;4;0.43;1.0;1.0;3;1;15;3.0;0.6;2.37;3.3;345;128;14.47;13.81;0.954;0;1;0;0;1;1;0;0;0;1;0;281;42;166;71;0;40
365.06;807;24;24;0;4.86;85;0;66;55;15;0;54;4;0.43;1.0;1.0;3;1;15;3.0;0.6;2.37;3.3;345;128;14.47;13.81;0.954;0;1;0;0;1;1;0;0;0;1;0;281;42;166;71;0;40
365.41;807;19;19;0;4.17;86;0;64;55;15;0;53;3;0.38;1.0;1.0;3;1;15;2.38;0.6;2.1;2.8;345;128;14.7;13.81;0.939;0;1;0;0;1;1;0;0;0;1;0;274;42;166;72;0;77
366.08;871;20;20;0;4.31;85;0;65;55;15;0;54;3;0.37;1.0;1.0;3;1;15;2.5;0.6;2.15;3.1;345;128;14.7;14.71;1.001;0;1;0;0;1;1;0;0;0;1;0;282;42;167;71;0;82
366.44;871;20;20;0;4.31;85;0;65;55;15;0;54;3;0.37;1.0;1.0;3;1;15;2.5;0.6;2.15;3.1;345;128;14.7;14.71;1.001;0;1;0;0;1;1;0;0;0;1;0;282;42;167;71;0;82
366.79;871;20;20;0;4.31;85;0;65;55;15;0;54;3;0.37;1.0;1.0;3;1;15;2.5;0.6;2.15;3.1;345;128;14.7;15.31;1.041;0;1;0;0;1;1;0;0;0;1;0;282;42;167;71;0;82
366.86;871;20;20;0;4.31;85;0;65;55;15;0;54;3;0.37;1.0;1.0;3;1;15;2.5;0.6;2.15;3.1;345;128;14.7;15.31;1.041;0;1;0;0;1;1;0;0;0;1;0;282;42;167;71;0;82
367.58;730;23;23;0;4.81;85;0;65;55;15;0;54;4;0.47;1.0;1.0;3;1;15;2.88;0.6;2.35;2.9;345;128;14.47;14.11;0.975;0;1;0;0;1;1;0;0;0;1;0;279;42;167;71;0;82
367.97;730;23;23;0;4.81;85;0;65;55;15;0;54;4;0.47;1.0;1.0;3;1;15;2.88;0.6;2.35;2.9;345;128;14.47;14.11;0.975;0;1;0;0;1;1;0;0;0;1;0;279;42;167;71;0;82
368.44;730;23;23;0;4.81;85;0;65;55;15;0;54;4;0.47;1.0;1.0;3;1;15;2.88;0.6;2.35;2.9;345;128;14.47;14.11;0.975;0;1;0;0;1;1;0;0;0;1;0;279;42;167;71;0;82
368.78;781;24;24;0;4.96;85;0;66;55;15;0;55;4;0.47;1.0;1.0;3;1;15;3.0;0.9;2.41;3.2;345;128;14.47;14.11;0.975;0;1;0;0;1;1;0;0;0;1;0;284;43;168;71;0;82
369.48;845;21;21;0;4.36;85;0;65;55;15;0;54;3;0.38;1.0;1.0;3;1;15;2.62;0.6;2.17;3.1;345;128;14.7;14.11;0.96;0;1;0;0;1;1;0;0;0;1;0;282;42;168;71;0;83
369.86;845;21;21;0;4.36;85;0;65;55;15;0;54;3;0.38;1.0;1.0;3;1;15;2.62;0.6;2.17;3.1;345;128;14.7;14.41;0.98;0;1;0;0;1;1;0;0;0;1;0;282;42;168;71;0;83
370.27;845;21;21;0;4.36;85;0;65;55;15;0;54;3;0.38;1.0;1.0;3;1;15;2.62;0.6;2.17;3.1;345;128;14.7;14.41;0.98;0;1;0;0;1;1;0;0;0;1;0;282;42;168;71;0;83
370.61;820;20;20;0;4.31;85;0;65;55;15;0;54;3;0.38;1.0;1.0;3;1;15;2.5;0.9;2.15;2.9;345;128;14.7;14.41;0.98;0;1;0;0;1;1;0;0;0;1;0;280;43;167;71;0;82
371.16;781;21;21;0;4.43;85;0;65;55;15;0;54;3;0.41;1.0;1.0;3;1;15;2.62;0.9;2.2;2.9;345;128;14.7;14.41;0.98;0;1;0;0;1;1;0;0;0;1;0;279;43;168;71;0;81
371.72;756;21;21;0;4.38;85;0;64;55;15;0;54;3;0.42;1.0;1.0;3;1;15;2.62;0.6;2.18;2.8;345;128;14.7;15.11;1.028;0;1;0;0;1;1;0;0;0;1;0;280;42;168;71;0;82
372.28;768;22;22;0;4.58;85;0;65;55;15;0;54;4;0.41;1.0;1.0;3;1;15;2.75;0.6;2.26;2.9;345;128;14.7;15.11;1.028;0;1;0;0;1;1;0;0;0;1;0;283;42;167;71;0;82
372.96;781;21;21;0;4.43;85;0;65;55;15;0;54;3;0.41;1.0;1.0;3;1;15;2.62;0.6;2.2;2.9;345;128;14.7;14.91;1.014;0;1;0;0;1;1;0;0;0;1;0;278;42;167;71;0;82
373.67;807;21;21;0;4.38;85;0;65;55;15;0;54;3;0.4;1.0;1.0;3;1;15;2.62;0.6;2.18;2.9;345;128;14.7;13.91;0.946;0;1;0;0;1;1;0;0;0;1;0;281;42;167;71;0;82
374.35;820;22;22;0;4.61;85;0;65;55;15;0;55;4;0.41;1.0;1.0;3;1;15;2.75;0.9;2.27;3.2;345;128;14.7;13.91;0.946;0;1;0;0;1;1;0;0;0;1;0;285;43;168;71;0;40
374.96;730;22;22;0;4.62;86;0;65;55;15;0;54;3;0.44;1.0;1.0;3;1;15;2.75;0.9;2.28;2.8;345;128;14.7;13.81;0.939;0;1;0;0;1;1;0;0;0;1;0;282;43;166;71;0;82
375.7;832;18;18;0;3.98;85;0;64;55;15;0;54;3;0.36;1.0;1.0;3;1;15;2.25;0.6;2.02;2.8;345;128;14.7;13.61;0.926;0;1;0;0;1;1;0;0;0;1;0;276;42;167;71;0;81
376.42;845;20;20;0;4.33;85;0;65;55;15;0;55;3;0.37;1.0;1.0;3;1;15;2.5;0.9;2.16;3.0;345;128;14.7;13.61;0.926;0;1;0;0;1;1;0;0;0;1;0;286;43;168;70;0;82
376.79;845;20;20;0;4.33;85;0;65;55;15;0;55;3;0.37;1.0;1.0;3;1;15;2.5;0.9;2.16;3.0;345;128;14.7;15.11;1.028;0;1;0;0;1;1;0;0;0;1;0;286;43;168;70;0;82
377.32;807;21;21;0;4.48;85;0;65;55;15;0;55;3;0.39;1.0;1.0;3;1;15;2.62;0.9;2.22;3.0;345;128;14.7;15.11;1.028;0;1;0;0;1;1;0;0;0;1;0;291;43;168;70;0;82
377.93;768;23;23;0;4.66;85;0;66;55;15;0;55;3;0.41;1.0;1.0;3;1;15;2.88;0.9;2.29;3.0;345;128;14.47;15.61;1.079;0;1;0;0;1;1;0;0;0;1;0;289;43;167;70;0;82
378.7;768;25;25;0;5.12;86;0;66;55;15;0;56;4;0.47;1.0;1.0;3;1;15;3.12;0.6;2.48;3.3;345;128;14.47;14.21;0.982;0;1;0;0;1;1;0;0;0;1;0;292;42;166;70;0;82
379.47;832;22;22;0;4.56;85;0;65;55;15;0;55;4;0.41;1.0;1.0;3;1;15;2.75;0.6;2.25;3.2;345;128;14.7;14.21;0.967;0;1;0;0;1;1;0;0;0;1;0;284;42;167;70;0;75
380.1;871;19;19;0;4.13;85;0;64;55;15;0;54;3;0.34;1.0;1.0;3;1;15;2.38;0.6;2.08;3.0;345;128;14.7;13.91;0.946;0;1;0;0;1;1;0;0;0;1;0;283;42;167;70;0;81
380.85;820;18;18;0;3.98;85;0;64;55;15;0;54;3;0.35;1.0;1.0;3;1;15;2.25;0.6;2.02;2.7;345;128;14.7;14.72;1.001;0;1;0;0;1;1;0;0;0;1;0;283;42;168;70;0;82
381.4;781;30;30;0;5.83;87;0;65;55;15;0;57;5;0.52;1.0;1.0;3;1;15;3.75;0.9;2.77;3.8;345;128;14.47;14.72;1.017;0;1;0;0;1;1;0;0;0;1;0;306;43;165;70;0;84
381.77;781;30;30;0;5.83;87;0;65;55;15;0;57;5;0.52;1.0;1.0;3;1;15;3.75;0.9;2.77;3.8;345;128;14.47;14.11;0.975;0;1;0;0;1;1;0;0;0;1;0;306;43;165;70;0;84
382.38;781;30;30;0;5.83;87;0;65;55;15;0;57;5;0.52;1.0;1.0;3;1;15;3.75;0.9;2.77;3.8;345;128;14.47;14.11;0.975;0;1;0;0;1;1;0;0;0;1;0;306;43;165;70;0;84
382.7;768;21;21;0;4.53;87;0;65;55;15;0;55;3;0.41;1.0;1.0;3;1;15;2.62;0.6;2.25;2.9;345;128;14.7;14.91;1.014;0;1;0;0;1;1;0;0;0;1;0;291;42;165;70;0;82
383.4;756;25;25;0;5.07;88;0;66;55;15;0;56;4;0.46;1.0;1.0;3;1;15;3.12;0.9;2.47;3.2;345;128;14.47;14.91;1.03;0;1;0;0;1;1;0;0;0;1;0;298;43;163;70;0;83
383.75;756;25;25;0;5.07;88;0;66;55;15;0;56;4;0.46;1.0;1.0;3;1;15;3.12;0.9;2.47;3.2;345;128;14.47;13.51;0.934;0;1;0;0;1;1;0;0;0;1;0;298;43;163;70;0;83
384.27;679;26;26;0;5.28;89;0;65;55;15;0;56;4;0.51;1.0;1.0;3;1;15;3.25;0.9;2.56;3.0;345;128;14.47;13.51;0.934;0;1;0;0;1;1;0;0;0;1;0;295;43;163;70;0;82
384.89;820;19;19;0;4.16;87;0;65;55;15;0;55;3;0.35;1.0;1.0;3;1;15;2.38;0.6;2.1;2.8;345;128;14.7;13.51;0.919;0;1;0;0;1;1;0;0;0;1;0;288;42;165;70;0;82
385.26;820;19;19;0;4.16;87;0;65;55;15;0;55;3;0.35;1.0;1.0;3;1;15;2.38;0.6;2.1;2.8;345;128;14.7;13.51;0.919;0;1;0;0;1;1;0;0;0;1;0;288;42;165;70;0;82
385.64;820;19;19;0;4.16;87;0;65;55;15;0;55;3;0.35;1.0;1.0;3;1;15;2.38;0.6;2.1;2.8;345;128;14.7;13.91;0.946;0;1;0;0;1;1;0;0;0;1;0;288;42;165;70;0;82
385.97;704;20;20;0;4.31;87;0;64;55;15;0;55;3;0.42;1.0;1.0;3;1;15;2.5;0.6;2.16;2.5;345;128;14.7;13.91;0.946;0;1;0;0;1;1;0;0;0;1;0;290;42;165;70;0;82
386.72;884;18;18;0;3.91;85;0;64;55;15;0;56;3;0.34;1.0;1.0;3;1;15;2.25;0.6;1.99;2.9;345;128;14.7;13.41;0.912;0;1;0;0;1;1;0;0;0;1;0;293;42;167;70;0;82
387.44;935;19;19;0;4.16;85;0;65;55;15;0;56;4;0.31;1.0;1.0;3;1;15;2.38;0.6;2.09;3.2;345;128;14.7;13.41;0.912;0;1;0;0;1;1;0;0;0;1;0;298;42;167;70;0;83
388.07;820;40;40;0;7.38;87;0;64;44;26;0;60;7;0.62;1.0;1.0;3;1;26;5.0;0.6;3.39;5.0;345;128;14.7;14.41;0.98;0;1;0;0;1;1;0;0;0;1;0;325;42;164;69;0;85
388.63;717;19;19;0;4.16;87;0;64;55;15;0;56;3;0.38;1.0;1.0;3;1;15;2.38;0.6;2.1;2.5;345;128;14.7;13.21;0.899;0;1;0;0;1;1;0;0;0;1;0;296;42;164;69;0;84
389.38;1153;13;13;0;3.15;86;0;64;44;16;0;56;3;0.23;1.0;1.0;3;1;26;1.62;0.6;1.69;3.0;345;128;14.7;13.21;0.899;0;1;0;0;1;1;0;0;0;1;0;293;42;166;69;0;82
389.94;756;57;57;0;10;87;0;64;55;15;0;65;9;0.84;1.0;1.0;3;1;15;7.12;0.6;4.48;6.4;345;128;14.7;11.21;0.763;0;1;0;0;1;1;0;0;0;1;0;360;42;164;69;0;89
390.49;999;10;10;0;2.63;87;0;64;50;15;0;54;2;0.2;1.0;1.0;3;1;20;1.25;0.6;1.49;2.2;345;128;14.7;11.21;0.763;0;1;0;0;1;1;0;0;0;1;0;279;42;165;69;0;41
390.86;999;10;10;0;2.63;87;0;64;50;15;0;54;2;0.2;1.0;1.0;3;1;20;1.25;0.6;1.49;2.2;345;128;14.7;15.02;1.022;0;1;0;0;1;1;0;0;0;1;0;279;42;165;69;0;41
391.33;1268;10;10;0;2.76;87;0;64;48;17;0;55;3;0.2;1.0;1.0;3;1;22;1.25;0.9;1.54;2.9;345;128;14.7;15.02;1.022;0;1;0;0;1;1;0;0;0;1;0;287;43;165;69;0;82
391.71;1268;10;10;0;2.76;87;0;64;48;17;0;55;3;0.2;1.0;1.0;3;1;22;1.25;0.9;1.54;2.9;345;128;14.7;13.42;0.913;0;1;0;0;1;1;0;0;0;1;0;287;43;165;69;0;82
392.15;1268;10;10;0;2.76;87;0;64;48;17;0;55;3;0.2;1.0;1.0;3;1;22;1.25;0.9;1.54;2.9;345;128;14.7;13.42;0.913;0;1;0;0;1;1;0;0;0;1;0;287;43;165;69;0;82
392.46;986;22;22;0;4.6;88;0;65;40;15;0;58;5;0.37;1.0;1.0;3;1;30;2.75;0.6;2.28;3.8;345;128;14.7;13.42;0.913;0;1;0;0;1;1;0;0;0;1;0;315;42;163;69;0;84
393.19;948;21;21;0;4.4;86;0;65;55;15;0;58;4;0.38;1.0;1.0;3;1;15;2.62;0.9;2.19;3.5;345;128;14.7;20.62;1.403;0;1;0;0;1;1;0;0;0;1;0;312;43;166;69;0;77
393.58;948;21;21;0;4.4;86;0;65;55;15;0;58;4;0.38;1.0;1.0;3;1;15;2.62;0.9;2.19;3.5;345;128;14.7;20.62;1.403;0;1;0;0;1;1;0;0;0;1;0;312;43;166;69;0;77
393.88;948;21;21;0;4.4;86;0;65;55;15;0;58;4;0.38;1.0;1.0;3;1;15;2.62;0.9;2.19;3.5;345;128;14.7;15.31;1.041;0;1;0;0;1;1;0;0;0;1;0;312;43;166;69;0;77
393.98;948;21;21;0;4.4;86;0;65;55;15;0;58;4;0.38;1.0;1.0;3;1;15;2.62;0.9;2.19;3.5;345;128;14.7;15.31;1.041;0;1;0;0;1;1;0;0;0;1;0;312;43;166;69;0;77
394.85;679;23;23;0;4.68;89;0;65;55;15;0;57;3;0.44;1.0;1.0;3;1;15;2.88;0.6;2.32;2.6;345;128;14.47;11.81;0.816;0;1;0;0;1;1;0;0;0;1;0;306;42;162;69;0;84
395.47;1281;12;12;0;3.08;87;0;64;44;18;0;56;3;0.21;1.0;1.0;3;1;26;1.5;0.6;1.67;3.3;345;128;14.7;11.81;0.803;0;1;0;0;1;1;0;0;0;1;0;295;42;165;69;0;82
396.1;948;50;50;0;8.9;88;0;64;49;21;0;64;9;0.73;1.0;1.0;3;1;21;6.25;0.9;4.0;7.0;345;128;14.7;12.62;0.859;0;1;0;0;1;1;0;0;0;1;0;352;43;163;69;0;88
396.47;948;50;50;0;8.9;88;0;64;49;21;0;64;9;0.73;1.0;1.0;3;1;21;6.25;0.9;4.0;7.0;345;128;14.7;12.62;0.859;0;1;0;0;1;1;0;0;0;1;0;352;43;163;69;0;88
396.89;948;50;50;0;8.9;88;0;64;49;21;0;64;9;0.73;1.0;1.0;3;1;21;6.25;0.9;4.0;7.0;345;128;14.7;13.41;0.912;0;1;0;0;1;1;0;0;0;1;0;352;43;163;69;0;88
397.23;1229;27;27;0;5.38;89;0;64;35;16;0;61;7;0.42;1.0;1.0;3;1;35;3.38;0.6;2.6;5.5;345;128;14.7;13.41;0.912;0;1;0;0;1;1;0;0;0;1;0;329;42;162;69;0;85
397.85;461;42;42;0;7.85;94;0;64;55;15;0;66;5;0.7;1.0;1.0;3;1;15;5.25;0.9;3.61;3.0;345;128;14.7;14.92;1.015;0;1;0;0;1;1;0;0;0;1;0;368;43;155;68;0;90
398.47;1229;8;8;0;2.35;86;0;64;46;16;0;55;2;0.15;1.0;1.0;3;1;24;1.0;0.6;1.37;2.4;345;128;14.7;14.92;1.015;0;1;0;0;1;1;0;0;0;1;0;284;42;166;69;0;41
399.11;1012;41;41;0;7.62;88;0;64;42;28;0;67;8;0.59;1.0;1.0;3;1;28;5.12;0.9;3.49;6.4;345;128;14.7;17.12;1.165;0;1;0;0;1;1;0;0;0;1;0;376;43;163;69;0;90
399.72;717;34;34;0;6.57;88;0;65;55;15;0;62;5;0.59;1.0;1.0;3;1;15;4.25;0.9;3.07;3.9;345;128;14.59;21.53;1.476;0;1;0;0;1;1;0;0;0;1;0;343;43;163;69;0;86
400.09;717;34;34;0;6.57;88;0;65;55;15;0;62;5;0.59;1.0;1.0;3;1;15;4.25;0.9;3.07;3.9;345;128;14.59;21.53;1.476;0;1;0;0;1;1;0;0;0;1;0;343;43;163;69;0;86
400.42;717;34;34;0;6.57;88;0;65;55;15;0;62;5;0.59;1.0;1.0;3;1;15;4.25;0.9;3.07;3.9;345;128;14.59;21.53;1.476;0;1;0;0;1;1;0;0;0;1;0;343;43;163;69;0;86
400.49;717;34;34;0;6.57;88;0;65;55;15;0;62;5;0.59;1.0;1.0;3;1;15;4.25;0.9;3.07;3.9;345;128;14.59;21.53;1.476;0;1;0;0;1;1;0;0;0;1;0;343;43;163;69;0;86
400.89;1473;21;21;0;4.41;87;0;64;41;19;0;57;6;0.37;1.0;1.0;3;1;29;2.62;0.9;2.2;5.4;345;128;14.7;18.12;1.233;0;1;0;0;1;1;0;0;0;1;0;307;43;165;69;0;76
401.29;948;10;10;13;2.8;88;1;64;55;25;0;56;2;0.22;1.0;1.0;3;1;15;1.25;8.1;1.56;2.2;345;128;14.7;18.12;1.233;0;1;0;0;1;0;0;0;0;1;0;297;68;163;69;0;83
401.68;1370;35;35;0;6.58;87;0;64;43;19;0;64;10;0.53;1.0;1.0;3;1;27;4.38;0.9;3.07;7.5;345;128;14.7;15.31;1.041;0;1;0;0;1;1;0;0;0;1;0;354;43;165;69;0;89
402.36;756;39;39;11;7.27;88;0;64;48;27;0;68;7;0.62;1.0;1.0;3;1;22;4.88;7.3;3.35;4.6;345;128;14.7;15.31;1.041;0;1;0;0;1;0;0;0;0;1;0;384;65;163;69;0;91
403.1;2024;34;34;5;6.33;87;0;63;23;47;0;58;14;0.57;1.0;1.0;3;1;47;4.25;3.8;2.97;10.7;345;128;14.82;19.11;1.289;0;1;0;0;1;0;0;0;0;1;0;312;53;164;68;0;51
403.83;2216;26;26;5;5.2;88;0;63;22;48;0;52;13;0.49;1.0;1.0;3;1;48;3.25;3.8;2.52;9.6;345;128;14.82;14.11;0.952;0;1;0;0;1;0;0;0;0;1;0;261;53;163;68;0;77
404.4;2152;25;25;5;5.1;88;0;63;21;49;0;51;12;0.52;1.0;1.0;3;1;49;3.12;3.8;2.48;9.1;345;128;14.82;14.11;0.952;0;1;0;0;1;0;0;0;0;1;0;254;53;163;68;0;76
405.15;2203;23;23;5;4.75;88;0;63;23;47;0;49;11;0.47;1.0;1.0;3;1;47;2.88;3.5;2.34;8.7;345;128;14.82;13.01;0.878;0;1;0;0;1;0;0;0;0;1;0;242;52;163;68;0;75
405.84;1857;21;21;2;4.36;87;0;63;28;42;0;47;9;0.45;1.0;1.0;3;1;42;2.62;1.7;2.18;6.7;345;128;14.82;11.81;0.797;0;1;0;0;1;0;0;0;0;1;0;227;46;165;68;0;74
406.4;1703;22;22;2;4.66;87;0;64;31;39;0;49;9;0.46;1.0;1.0;3;1;39;2.75;1.7;2.3;6.6;345;128;14.7;11.81;0.803;0;1;0;0;1;0;0;0;0;1;0;241;46;165;68;0;75
407.04;1537;17;17;0;3.77;86;0;64;47;21;0;48;6;0.33;1.0;1.0;3;1;23;2.12;0.9;1.94;4.8;345;128;14.7;12.11;0.824;0;1;0;0;1;1;0;0;0;1;0;233;43;166;68;0;74
407.39;1537;17;17;0;3.77;86;0;64;47;21;0;48;6;0.33;1.0;1.0;3;1;23;2.12;0.9;1.94;4.8;345;128;14.7;12.11;0.824;0;1;0;0;1;1;0;0;0;1;0;233;43;166;68;0;74
407.77;1537;17;17;0;3.77;86;0;64;47;21;0;48;6;0.33;1.0;1.0;3;1;23;2.12;0.9;1.94;4.8;345;128;14.7;12.11;0.824;0;1;0;0;1;1;0;0;0;1;0;233;43;166;68;0;74
408.11;1281;19;19;0;4.16;85;0;64;37;18;0;58;5;0.31;1.0;1.0;3;1;33;2.38;0.6;2.09;4.4;345;128;14.7;12.11;0.824;0;1;0;0;1;1;0;0;0;1;0;311;42;167;68;0;84
408.76;602;48;48;0;8.67;90;0;64;52;16;0;64;6;0.77;1.0;1.0;3;1;18;6.0;0.9;3.92;4.3;345;128;14.7;12.11;0.824;0;1;0;0;1;1;0;0;0;1;0;359;43;161;68;0;89
409.31;1050;9;9;0;2.57;88;0;64;52;15;0;54;2;0.18;1.0;1.0;3;1;18;1.12;0.9;1.47;2.2;345;128;14.7;12.11;0.824;0;1;0;0;1;1;0;0;0;1;0;278;43;163;68;0;81
409.67;1050;9;9;0;2.57;88;0;64;52;15;0;54;2;0.18;1.0;1.0;3;1;18;1.12;0.9;1.47;2.2;345;128;14.7;22.52;1.532;0;1;0;0;1;1;0;0;0;1;0;278;43;163;68;0;81
410.0;1050;9;9;0;2.57;88;0;64;52;15;0;54;2;0.18;1.0;1.0;3;1;18;1.12;0.9;1.47;2.2;345;128;14.7;22.52;1.532;0;1;0;0;1;1;0;0;0;1;0;278;43;163;68;0;81
410.1;1050;9;9;0;2.57;88;0;64;52;15;0;54;2;0.18;1.0;1.0;3;1;18;1.12;0.9;1.47;2.2;345;128;14.7;22.52;1.532;0;1;0;0;1;1;0;0;0;1;0;278;43;163;68;0;81
410.48;768;21;21;0;4.38;87;0;64;55;15;0;58;4;0.4;1.0;1.0;3;1;15;2.62;0.6;2.19;2.8;345;128;14.7;22.52;1.532;0;1;0;0;1;1;0;0;0;1;0;309;42;164;68;0;84
410.87;999;43;43;0;7.78;87;0;64;44;29;0;63;9;0.64;1.0;1.0;3;1;26;5.38;0.9;3.55;6.5;345;128;14.7;23.02;1.566;0;1;0;0;1;1;0;0;0;1;0;345;43;165;69;0;88
411.25;1012;9;10;0;2.63;87;0;64;52;15;0;54;2;0.19;1.0;1.0;3;1;18;1.12;0.6;1.49;2.2;345;128;14.7;23.02;1.566;0;1;0;0;1;1;0;0;0;1;0;283;42;165;69;0;78
411.65;615;49;49;0;8.83;91;0;64;56;14;0;68;6;0.71;1.0;1.0;3;1;14;6.12;0.9;3.99;4.5;345;128;14.7;19.91;1.354;0;1;0;0;1;1;0;0;0;1;0;383;43;159;68;0;91
412.03;1268;13;13;0;3.18;87;0;64;44;17;0;57;3;0.23;1.0;1.0;3;1;26;1.62;0.6;1.71;3.4;345;128;14.7;19.91;1.354;0;1;0;0;1;1;0;0;0;1;0;300;42;165;68;0;84
412.43;628;24;24;0;5.02;90;0;65;55;15;0;58;4;0.49;1.0;1.0;3;1;15;3.0;0.9;2.46;2.6;345;128;14.7;19.91;1.354;0;1;0;0;1;1;0;0;0;1;0;313;43;159;69;0;84
412.82;1012;37;37;0;7.03;89;0;64;43;29;0;62;8;0.58;1.0;1.0;3;1;27;4.62;0.6;3.26;5.9;345;128;14.59;18.71;1.282;0;1;0;0;1;1;0;0;0;1;0;339;42;161;69;0;86
413.21;1140;9;9;0;2.53;87;0;64;51;16;0;55;2;0.18;1.0;1.0;3;1;19;1.12;0.6;1.45;2.4;345;128;14.7;18.71;1.273;0;1;0;0;1;1;0;0;0;1;0;287;42;165;69;0;82
414.06;1255;9;9;0;2.58;87;0;64;47;17;0;55;2;0.18;1.0;1.0;3;1;23;1.12;0.6;1.47;2.7;345;128;14.7;14.81;1.007;0;1;0;0;1;1;0;0;0;1;0;285;42;165;68;0;82
414.74;1140;16;16;0;3.62;86;0;64;40;16;0;57;4;0.28;1.0;1.0;3;1;30;2.0;0.6;1.88;3.4;345;128;14.7;12.51;0.851;0;1;0;0;1;1;0;0;0;1;0;302;42;166;69;0;82
415.5;832;50;50;0;9.03;89;0;64;54;19;0;63;9;0.77;1.0;1.0;3;1;16;6.25;0.9;4.06;6.3;345;128;14.7;12.51;0.851;0;1;0;0;1;1;0;0;0;1;0;345;43;163;69;0;87
416.12;653;22;22;0;4.57;88;0;64;55;15;0;57;3;0.45;1.0;1.0;3;1;15;2.75;0.6;2.27;2.5;345;128;14.7;12.51;0.851;0;1;0;0;1;1;0;0;0;1;0;307;42;163;69;0;84
416.75;1204;10;10;0;2.65;86;0;64;41;17;0;56;2;0.17;1.0;1.0;3;1;29;1.25;0.6;1.49;2.7;345;128;14.7;12.11;0.824;0;1;0;0;1;1;0;0;0;1;0;293;42;166;69;0;82
417.4;935;43;43;0;7.82;86;0;64;45;25;0;63;8;0.66;1.0;1.0;3;1;25;5.38;0.6;3.56;6.1;345;128;14.7;12.11;0.824;0;1;0;0;1;1;0;0;0;1;0;344;42;166;69;0;88
417.96;666;30;30;0;5.85;88;0;65;55;15;0;60;4;0.55;1.0;1.0;3;1;15;3.75;0.6;2.78;3.2;345;128;14.7;12.31;0.837;0;1;0;0;1;1;0;0;0;1;0;322;42;163;69;0;85
418.53;1268;8;8;0;2.46;87;0;64;45;17;0;56;2;0.16;1.0;1.0;3;1;25;1.0;0.9;1.42;2.6;345;128;14.7;12.31;0.837;0;1;0;0;1;1;0;0;0;1;0;294;43;165;68;0;82
419.15;807;48;48;0;8.7;88;0;64;50;20;0;68;8;0.66;1.0;1.0;3;1;20;6.0;0.9;3.92;5.9;345;128;14.7;12.61;0.858;0;1;0;0;1;1;0;0;0;1;0;384;43;163;68;0;70
419.79;730;22;22;0;4.57;88;0;64;55;15;0;59;4;0.43;1.0;1.0;3;1;15;2.75;0.6;2.27;2.8;345;128;14.7;14.52;0.988;0;1;0;0;1;1;0;0;0;1;0;316;42;163;68;0;84
420.46;1319;11;11;0;2.9;86;0;64;40;18;0;56;3;0.17;1.0;1.0;3;1;30;1.38;0.6;1.59;3.2;345;128;14.7;14.52;0.988;0;1;0;0;1;1;0;0;0;1;0;298;42;166;68;0;83
421.02;538;41;41;0;7.58;93;0;64;51;19;0;67;5;0.63;1.0;1.0;3;1;19;5.12;0.9;3.5;3.4;345;128;14.7;15.72;1.069;0;1;0;0;1;1;0;0;0;1;0;377;43;156;68;0;85
421.4;538;41;41;0;7.58;93;0;64;51;19;0;67;5;0.63;1.0;1.0;3;1;19;5.12;0.9;3.5;3.4;345;128;14.7;15.72;1.069;0;1;0;0;1;1;0;0;0;1;0;377;43;156;68;0;85
421.97;538;41;41;0;7.58;93;0;64;51;19;0;67;5;0.63;1.0;1.0;3;1;19;5.12;0.9;3.5;3.4;345;128;14.7;17.52;1.192;0;1;0;0;1;1;0;0;0;1;0;377;43;156;68;0;85
422.28;1165;30;30;0;5.9;88;0;64;38;34;0;62;7;0.47;1.0;1.0;3;1;32;3.75;0.6;2.8;5.7;345;128;14.7;17.52;1.192;0;1;0;0;1;1;0;0;0;1;0;342;42;163;68;0;86
423.01;602;54;54;0;9.72;94;0;64;58;12;0;70;6;0.75;1.0;1.0;3;1;12;6.75;0.9;4.36;4.9;345;128;14.7;15.82;1.076;0;1;0;0;1;1;0;0;0;1;0;402;43;155;68;0;100
423.57;1101;8;9;0;2.47;87;0;64;48;17;0;53;1;0.14;1.0;1.0;3;1;22;1.0;0.6;1.42;2.3;345;128;14.7;15.82;1.076;0;1;0;0;1;1;0;0;0;1;0;275;42;164;68;0;81
424.16;871;50;50;0;9.0;88;0;64;50;20;0;66;9;0.73;1.0;1.0;3;1;20;6.25;0.6;4.04;6.5;345;128;14.7;18.92;1.287;0;1;0;0;1;1;0;0;0;1;0;370;42;163;68;0;90
424.73;730;21;21;0;4.38;87;0;64;55;15;0;58;3;0.41;1.0;1.0;3;1;15;2.62;0.6;2.19;2.7;345;128;14.7;17.22;1.171;0;1;0;0;1;1;0;0;0;1;0;313;42;164;68;0;146
425.46;1178;7;8;0;2.31;87;0;64;51;16;0;55;2;0.14;1.0;1.0;3;1;19;0.88;0.6;1.36;2.3;345;128;14.7;17.22;1.171;0;1;0;0;1;1;0;0;0;1;0;285;42;164;68;0;81
426.2;1165;29;29;0;5.71;87;0;64;34;37;0;61;7;0.48;1.0;1.0;3;1;36;3.62;0.9;2.72;5.5;345;128;14.7;18.62;1.267;0;1;0;0;1;1;0;0;0;1;0;331;43;165;68;0;41
426.94;730;64;64;0;11;90;0;64;58;12;0;68;9;0.87;1.0;1.0;3;1;12;8.0;0.9;4.9;6.8;345;128;13.94;14.42;1.034;0;1;0;0;1;1;0;0;0;1;0;386;43;160;68;0;91
427.51;1101;9;9;0;2.53;87;0;64;47;15;0;54;2;0.19;1.0;1.0;3;1;23;1.12;0.6;1.45;2.3;345;128;14.7;14.42;0.981;0;1;0;0;1;1;0;0;0;1;0;277;42;164;68;0;40
428.14;999;43;43;0;7.81;88;0;64;43;27;0;61;9;0.63;1.0;1.0;3;1;27;5.38;0.6;3.56;6.5;345;128;14.7;12.82;0.872;0;1;0;0;1;1;0;0;0;1;0;334;42;163;68;0;86
428.89;653;59;59;0;11;90;0;64;63;11;0;64;8;0.94;1.0;1.0;3;1;7;7.38;0.6;4.75;5.8;345;128;14.7;13.32;0.906;0;1;0;0;1;1;0;0;0;1;0;355;42;161;68;0;89
429.53;1012;9;10;0;2.63;87;0;64;54;15;0;54;2;0.18;1.0;1.0;3;1;16;1.12;0.6;1.49;2.2;345;128;14.7;13.32;0.906;0;1;0;0;1;1;0;0;0;1;0;281;42;165;68;0;82
430.09;1012;57;57;0;10;89;0;64;55;15;0;65;12;0.83;1.0;1.0;3;1;15;7.12;0.6;4.58;8.7;345;128;14.7;13.02;0.886;0;1;0;0;1;1;0;0;0;1;0;367;42;162;68;0;90
430.82;564;45;45;0;8.21;91;0;64;51;19;0;63;6;0.8;1.0;1.0;3;1;19;5.62;0.9;3.74;3.9;345;128;14.7;14.22;0.967;0;1;0;0;1;1;0;0;0;1;0;344;43;159;68;0;86
431.46;1281;7;7;0;2.23;87;0;64;47;17;0;54;2;0.14;1.0;1.0;3;1;23;0.88;0.6;1.33;2.4;345;128;14.7;14.22;0.967;0;1;0;0;1;1;0;0;0;1;0;282;42;165;68;0;81
432.08;1063;43;43;0;7.87;88;0;64;46;26;0;63;10;0.66;1.0;1.0;3;1;24;5.38;0.6;3.59;7.0;345;128;14.7;16.92;1.151;0;1;0;0;1;1;0;0;0;1;0;348;42;163;68;0;88
432.65;781;30;30;0;5.81;87;0;65;55;15;0;60;5;0.58;1.0;1.0;3;1;15;3.75;0.6;2.76;3.8;345;128;14.47;16.92;1.169;0;1;0;0;1;1;0;0;0;1;0;320;42;164;68;0;85
433.21;1204;7;8;0;2.31;87;0;64;45;16;0;53;1;0.12;1.0;1.0;3;1;25;0.88;0.6;1.36;2.3;345;128;14.7;23.62;1.607;0;1;0;0;1;1;0;0;0;1;0;273;42;165;68;0;81
433.59;1204;7;8;0;2.31;87;0;64;45;16;0;53;1;0.12;1.0;1.0;3;1;25;0.88;0.6;1.36;2.3;345;128;14.7;23.62;1.607;0;1;0;0;1;1;0;0;0;1;0;273;42;165;68;0;81
433.92;1204;7;8;0;2.31;87;0;64;45;16;0;53;1;0.12;1.0;1.0;3;1;25;0.88;0.6;1.36;2.3;345;128;14.7;20.52;1.396;0;1;0;0;1;1;0;0;0;1;0;273;42;165;68;0;81
433.99;1204;7;8;0;2.31;87;0;64;45;16;0;53;1;0.12;1.0;1.0;3;1;25;0.88;0.6;1.36;2.3;345;128;14.7;20.52;1.396;0;1;0;0;1;1;0;0;0;1;0;273;42;165;68;0;81
434.39;1153;8;8;0;2.33;87;0;64;51;16;0;54;1;0.13;1.0;1.0;3;1;19;1.0;0.6;1.37;2.2;345;128;14.7;20.52;1.396;0;1;0;0;1;1;0;0;0;1;0;278;42;165;68;0;82
434.78;602;54;54;0;9.72;92;0;64;56;14;0;65;7;0.83;1.0;1.0;3;1;14;6.75;0.9;4.35;4.9;345;128;14.7;22.62;1.539;0;1;0;0;1;1;0;0;0;1;0;366;43;157;68;0;90
435.16;1204;12;12;0;2.96;87;0;64;38;17;0;57;3;0.19;1.0;1.0;3;1;32;1.5;0.6;1.62;3.0;345;128;14.7;22.62;1.539;0;1;0;0;1;1;0;0;0;1;0;303;42;165;68;0;83
435.54;679;23;23;0;4.71;87;0;65;55;15;0;58;4;0.46;1.0;1.0;3;1;15;2.88;0.9;2.32;2.7;345;128;14.47;22.62;1.563;0;1;0;0;1;1;0;0;0;1;0;308;43;164;68;0;84
435.93;1037;54;54;0;9.71;89;0;64;54;20;0;66;11;0.76;1.0;1.0;3;1;16;6.75;0.6;4.33;8.4;345;128;14.7;21.91;1.49;0;1;0;0;1;1;0;0;0;1;0;368;42;162;68;0;90
435.95;1037;54;54;0;9.71;89;0;64;54;20;0;66;11;0.76;1.0;1.0;3;1;16;6.75;0.6;4.33;8.4;345;128;14.7;21.91;1.49;0;1;0;0;1;1;0;0;0;1;0;368;42;162;68;0;90
436.32;1089;8;9;0;2.46;87;0;64;50;15;0;54;1;0.15;1.0;1.0;3;1;20;1.0;0.6;1.42;2.2;345;128;14.7;21.91;1.49;0;1;0;0;1;1;0;0;0;1;0;278;42;164;68;0;81
436.72;602;54;54;0;9.61;91;0;64;57;13;0;66;7;0.82;1.0;1.0;3;1;13;6.75;0.6;4.3;4.8;345;128;14.7;21.91;1.49;0;1;0;0;1;1;0;0;0;1;0;371;42;159;68;0;90
437.09;1268;15;15;0;3.5;88;0;64;40;16;0;58;4;0.25;1.0;1.0;3;1;30;1.88;0.6;1.84;3.7;345;128;14.7;19.51;1.327;0;1;0;0;1;1;0;0;0;1;0;308;42;163;68;0;84
437.12;1268;15;15;0;3.5;88;0;64;40;16;0;58;4;0.25;1.0;1.0;3;1;30;1.88;0.6;1.84;3.7;345;128;14.7;19.51;1.327;0;1;0;0;1;1;0;0;0;1;0;308;42;163;68;0;84
437.5;756;22;22;0;4.6;90;0;64;55;15;0;58;3;0.42;1.0;1.0;3;1;15;2.75;0.9;2.29;2.9;345;128;14.7;19.51;1.327;0;1;0;0;1;1;0;0;0;1;0;310;43;161;68;0;84
437.87;935;57;57;0;10;90;0;64;57;18;0;66;11;0.82;1.0;1.0;3;1;13;7.12;0.9;4.54;8.0;345;128;14.7;19.42;1.321;0;1;0;0;1;1;0;0;0;1;0;369;43;161;68;0;90
438.26;1165;7;8;0;2.33;89;0;64;46;16;0;54;1;0.13;1.0;1.0;3;1;24;0.88;0.6;1.38;2.3;345;128;14.7;19.42;1.321;0;1;0;0;1;1;0;0;0;1;0;280;42;162;68;0;89
438.29;1165;7;8;0;2.33;89;0;64;46;16;0;54;1;0.13;1.0;1.0;3;1;24;0.88;0.6;1.38;2.3;345;128;14.7;19.42;1.321;0;1;0;0;1;1;0;0;0;1;0;280;42;162;68;0;89
438.85;935;57;57;0;10;88;0;64;56;16;0;65;11;0.83;1.0;1.0;3;1;14;7.12;0.6;4.49;7.9;345;128;14.7;16.01;1.089;0;1;0;0;1;1;0;0;0;1;0;364;42;163;68;0;86
439.4;781;16;16;0;3.63;87;0;64;55;15;0;57;3;0.33;1.0;1.0;3;1;15;2.0;0.6;1.89;2.4;345;128;14.7;16.01;1.089;0;1;0;0;1;1;0;0;0;1;0;304;42;165;68;0;84
440.11;1178;7;8;0;2.31;87;0;64;47;17;0;54;1;0.13;1.0;1.0;3;1;23;0.88;0.6;1.36;2.3;345;128;14.7;14.71;1.001;0;1;0;0;1;1;0;0;0;1;0;279;42;165;68;0;81
440.68;781;69;69;0;12;89;0;64;62;8;0;70;11;0.92;1.0;1.0;3;1;8;8.62;0.9;5.41;8.1;345;128;13.54;14.71;1.086;0;1;0;0;1;1;0;0;0;1;0;396;43;162;68;0;98
441.29;1063;8;9;0;2.46;87;0;64;53;15;0;54;2;0.16;1.0;1.0;3;1;17;1.0;0.9;1.42;2.2;345;128;14.7;13.11;0.892;0;1;0;0;1;1;0;0;0;1;0;283;43;164;68;0;41
441.92;1037;31;31;0;5.93;87;0;64;39;32;0;60;7;0.5;1.0;1.0;3;1;31;3.88;0.9;2.81;5.1;345;128;14.7;14.01;0.953;0;1;0;0;1;1;0;0;0;1;0;321;43;164;68;0;99
442.52;589;55;55;0;9.76;93;0;64;52;14;0;64;7;0.87;1.0;1.0;3;1;18;6.88;0.6;4.37;4.8;345;128;14.7;14.01;0.953;0;1;0;0;1;1;0;0;0;1;0;359;42;156;68;0;89
443.16;1165;7;8;0;2.31;87;0;64;51;17;0;54;1;0.13;1.0;1.0;3;1;19;0.88;0.6;1.36;2.2;345;128;14.7;12.41;0.844;0;1;0;0;1;1;0;0;0;1;0;282;42;165;68;0;82
443.72;730;67;67;0;12;90;0;64;61;9;0;70;10;0.88;1.0;1.0;3;1;9;8.38;0.6;5.24;7.3;345;128;13.94;12.41;0.89;0;1;0;0;1;1;0;0;0;1;0;397;42;161;68;0;98
444.08;730;67;67;0;12;90;0;64;61;9;0;70;10;0.88;1.0;1.0;3;1;9;8.38;0.6;5.24;7.3;345;128;13.94;13.91;0.998;0;1;0;0;1;1;0;0;0;1;0;397;42;161;68;0;98
444.53;730;67;67;0;12;90;0;64;61;9;0;70;10;0.88;1.0;1.0;3;1;9;8.38;0.6;5.24;7.3;345;128;13.94;13.91;0.998;0;1;0;0;1;1;0;0;0;1;0;397;42;161;68;0;98
444.84;986;59;59;0;11;88;0;64;57;17;0;66;11;0.83;1.0;1.0;3;1;13;7.38;0.6;4.7;8.8;345;128;14.7;16.71;1.137;0;1;0;0;1;1;0;0;0;1;0;369;42;163;68;0;90
445.22;986;59;59;0;11;88;0;64;57;17;0;66;11;0.83;1.0;1.0;3;1;13;7.38;0.6;4.7;8.8;345;128;14.7;16.71;1.137;0;1;0;0;1;1;0;0;0;1;0;369;42;163;68;0;90
445.66;986;59;59;0;11;88;0;64;57;17;0;66;11;0.83;1.0;1.0;3;1;13;7.38;0.6;4.7;8.8;345;128;14.7;16.71;1.137;0;1;0;0;1;1;0;0;0;1;0;369;42;163;68;0;90
445.96;1063;40;40;0;7.46;87;0;64;42;31;0;62;9;0.64;1.0;1.0;3;1;28;5.0;0.9;3.42;6.6;345;128;14.7;17.91;1.218;0;1;0;0;1;1;0;0;0;1;0;339;43;165;68;0;86
446.73;487;55;55;0;9.87;94;0;64;59;11;0;68;6;0.8;1.0;1.0;3;1;11;6.88;0.6;4.42;4.0;345;128;14.7;22.41;1.524;0;1;0;0;1;1;0;0;0;1;0;386;42;155;68;0;91
447.28;1281;8;8;0;2.38;87;0;64;40;17;0;55;2;0.15;1.0;1.0;3;1;30;1.0;0.6;1.39;2.5;345;128;14.7;22.41;1.524;0;1;0;0;1;1;0;0;0;1;0;290;42;165;68;0;82
447.65;1281;8;8;0;2.38;87;0;64;40;17;0;55;2;0.15;1.0;1.0;3;1;30;1.0;0.6;1.39;2.5;345;128;14.7;22.41;1.524;0;1;0;0;1;1;0;0;0;1;0;290;42;165;68;0;82
447.99;1281;8;8;0;2.38;87;0;64;40;17;0;55;2;0.15;1.0;1.0;3;1;30;1.0;0.6;1.39;2.5;345;128;14.7;21.52;1.464;0;1;0;0;1;1;0;0;0;1;0;290;42;165;68;0;82
448.07;1281;8;8;0;2.38;87;0;64;40;17;0;55;2;0.15;1.0;1.0;3;1;30;1.0;0.6;1.39;2.5;345;128;14.7;21.52;1.464;0;1;0;0;1;1;0;0;0;1;0;290;42;165;68;0;82
448.45;1229;7;8;0;2.32;88;0;64;48;17;0;54;1;0.12;1.0;1.0;3;1;22;0.88;0.6;1.37;2.4;345;128;14.7;21.52;1.464;0;1;0;0;1;1;0;0;0;1;0;280;42;163;68;0;74
448.85;704;61;61;0;11;89;0;64;56;14;0;65;9;0.91;1.0;1.0;3;1;14;7.62;0.9;4.72;6.3;345;128;13.94;22.92;1.644;0;1;0;0;1;1;0;0;0;1;0;362;43;162;68;0;89
449.23;1165;8;8;0;2.45;86;0;64;40;16;0;56;2;0.14;1.0;1.0;3;1;30;1.0;0.6;1.41;2.4;345;128;14.7;22.92;1.559;0;1;0;0;1;1;0;0;0;1;0;295;42;166;68;0;40
449.62;564;32;32;0;6.25;90;0;64;55;15;0;60;4;0.6;1.0;1.0;3;1;15;4.0;0.6;2.95;2.9;345;128;14.7;22.92;1.559;0;1;0;0;1;1;0;0;0;1;0;325;42;160;68;0;85
450.01;973;48;48;0;8.86;87;0;64;52;18;0;62;10;0.73;1.0;1.0;3;1;18;6.0;0.9;3.98;7.2;345;128;14.7;19.82;1.348;0;1;0;0;1;1;0;0;0;1;0;343;43;165;68;0;88
450.39;1204;7;8;0;2.31;87;0;64;48;16;0;54;1;0.12;1.0;1.0;3;1;22;0.88;0.6;1.36;2.3;345;128;14.7;19.82;1.348;0;1;0;0;1;1;0;0;0;1;0;281;42;165;68;0;82
450.41;1204;7;8;0;2.31;87;0;64;48;16;0;54;1;0.12;1.0;1.0;3;1;22;0.88;0.6;1.36;2.3;345;128;14.7;19.82;1.348;0;1;0;0;1;1;0;0;0;1;0;281;42;165;68;0;82
450.79;551;53;53;0;9.46;93;0;64;52;13;0;65;6;0.79;1.0;1.0;3;1;18;6.62;0.9;4.25;4.3;345;128;14.7;22.92;1.559;0;1;0;0;1;1;0;0;0;1;0;362;43;156;68;0;89
451.17;1037;31;31;0;6.08;87;0;65;38;32;0;60;7;0.53;1.0;1.0;3;1;32;3.88;0.6;2.87;5.3;345;128;14.7;22.92;1.559;0;1;0;0;1;1;0;0;0;1;0;320;42;164;68;0;85
451.56;884;9;10;0;2.63;87;0;64;55;15;0;54;1;0.17;1.0;1.0;3;1;15;1.12;0.6;1.49;1.9;345;128;14.7;22.92;1.559;0;1;0;0;1;1;0;0;0;1;0;278;42;164;68;0;82
451.95;679;65;65;0;12;91;0;64;58;8;0;67;9;0.9;1.0;1.0;3;1;12;8.12;0.9;5.12;6.6;345;128;13.94;17.02;1.221;0;1;0;0;1;1;0;0;0;1;0;379;43;159;68;0;90
452.35;1165;26;26;0;5.13;87;0;64;36;16;0;59;6;0.4;1.0;1.0;3;1;34;3.25;0.6;2.49;5.0;345;128;14.7;17.02;1.158;0;1;0;0;1;1;0;0;0;1;0;319;42;165;68;0;85
453.23;986;53;53;0;9.82;86;0;64;52;19;0;62;12;0.84;1.0;1.0;3;1;18;6.62;0.9;4.36;8.1;345;128;14.7;13.92;0.947;0;1;0;0;1;1;0;0;0;1;0;340;43;166;68;0;86
453.82;768;24;24;0;4.93;89;0;65;55;15;0;58;4;0.45;1.0;1.0;3;1;15;3.0;0.9;2.42;3.2;345;128;14.47;12.62;0.872;0;1;0;0;1;1;0;0;0;1;0;313;43;162;68;0;84
454.19;768;24;24;0;4.93;89;0;65;55;15;0;58;4;0.45;1.0;1.0;3;1;15;3.0;0.9;2.42;3.2;345;128;14.47;12.62;0.872;0;1;0;0;1;1;0;0;0;1;0;313;43;162;68;0;84
454.53;768;24;24;0;4.93;89;0;65;55;15;0;58;4;0.45;1.0;1.0;3;1;15;3.0;0.9;2.42;3.2;345;128;14.47;12.62;0.872;0;1;0;0;1;1;0;0;0;1;0;313;43;162;68;0;84
454.62;768;24;24;0;4.93;89;0;65;55;15;0;58;4;0.45;1.0;1.0;3;1;15;3.0;0.9;2.42;3.2;345;128;14.47;12.62;0.872;0;1;0;0;1;1;0;0;0;1;0;313;43;162;68;0;84
455.35;602;40;40;0;7.37;90;0;64;51;21;0;62;6;0.7;1.0;1.0;3;1;19;5.0;0.9;3.4;3.7;345;128;14.7;9.91;0.674;0;1;0;0;1;1;0;0;0;1;0;342;43;160;68;0;86
455.7;602;40;40;0;7.37;90;0;64;51;21;0;62;6;0.7;1.0;1.0;3;1;19;5.0;0.9;3.4;3.7;345;128;14.7;9.91;0.674;0;1;0;0;1;1;0;0;0;1;0;342;43;160;68;0;86
456.17;704;13;13;0;3.11;87;0;64;55;15;0;56;2;0.27;1.0;1.0;3;1;15;1.62;0.9;1.68;1.8;345;128;14.7;11.31;0.769;0;1;0;0;1;1;0;0;0;1;0;299;43;165;68;0;83
456.87;973;45;45;0;8.13;89;0;64;44;28;0;62;9;0.7;1.0;1.0;3;1;26;5.62;0.9;3.7;6.6;345;128;14.7;10.71;0.729;0;1;0;0;1;1;0;0;0;1;0;339;43;162;68;0;86
457.25;973;45;45;0;8.13;89;0;64;44;28;0;62;9;0.7;1.0;1.0;3;1;26;5.62;0.9;3.7;6.6;345;128;14.7;10.71;0.729;0;1;0;0;1;1;0;0;0;1;0;339;43;162;68;0;86
457.63;973;45;45;0;8.13;89;0;64;44;28;0;62;9;0.7;1.0;1.0;3;1;26;5.62;0.9;3.7;6.6;345;128;14.7;10.71;0.729;0;1;0;0;1;1;0;0;0;1;0;339;43;162;68;0;86
457.94;999;61;61;0;11;88;0;64;57;17;0;65;13;0.9;1.0;1.0;3;1;13;7.62;0.6;4.82;9.1;345;128;13.94;19.01;1.364;0;1;0;0;1;1;0;0;0;1;0;365;42;163;68;0;90
458.69;602;31;31;0;6.15;90;0;64;55;15;0;62;4;0.59;1.0;1.0;3;1;15;3.88;0.6;2.91;3.1;345;128;14.7;19.01;1.293;0;1;0;0;1;1;0;0;0;1;0;336;42;160;68;0;86
459.06;602;31;31;0;6.15;90;0;64;55;15;0;62;4;0.59;1.0;1.0;3;1;15;3.88;0.6;2.91;3.1;345;128;14.7;22.32;1.518;0;1;0;0;1;1;0;0;0;1;0;336;42;160;68;0;86
459.38;602;31;31;0;6.15;90;0;64;55;15;0;62;4;0.59;1.0;1.0;3;1;15;3.88;0.6;2.91;3.1;345;128;14.7;22.32;1.518;0;1;0;0;1;1;0;0;0;1;0;336;42;160;68;0;86
459.47;602;31;31;0;6.15;90;0;64;55;15;0;62;4;0.59;1.0;1.0;3;1;15;3.88;0.6;2.91;3.1;345;128;14.7;22.32;1.518;0;1;0;0;1;1;0;0;0;1;0;336;42;160;68;0;86
459.85;448;51;51;0;9.26;95;0;64;58;12;0;70;5;0.76;1.0;1.0;3;1;12;6.38;0.9;4.18;3.5;345;128;14.7;21.63;1.471;0;1;0;0;1;1;0;0;0;1;0;400;43;153;68;0;98
460.23;1063;44;44;0;8.11;87;0;64;47;25;0;62;10;0.68;1.0;1.0;3;1;23;5.5;0.6;3.68;7.2;345;128;14.7;21.63;1.471;0;1;0;0;1;1;0;0;0;1;0;341;42;165;68;0;86
460.63;1089;8;9;0;2.46;87;0;64;54;16;0;54;1;0.13;1.0;1.0;3;1;16;1.0;0.6;1.42;2.2;345;128;14.7;21.63;1.471;0;1;0;0;1;1;0;0;0;1;0;276;42;164;68;0;81
461.01;589;50;50;0;8.95;92;0;64;53;17;0;67;6;0.77;1.0;1.0;3;1;17;6.25;0.9;4.04;4.4;345;128;14.7;14.52;0.988;0;1;0;0;1;1;0;0;0;1;0;376;43;157;68;0;90
461.42;1165;18;18;0;3.93;87;0;64;35;16;0;58;4;0.3;1.0;1.0;3;1;35;2.25;0.6;2.01;3.8;345;128;14.7;14.52;0.988;0;1;0;0;1;1;0;0;0;1;0;308;42;165;68;0;84
461.8;820;9;10;0;2.63;87;0;64;55;15;0;56;1;0.15;1.0;1.0;3;1;15;1.12;0.6;1.49;1.8;345;128;14.7;12.11;0.824;0;1;0;0;1;1;0;0;0;1;0;299;42;164;68;0;82
462.19;781;66;66;0;12;90;0;64;61;9;0;69;10;0.93;1.0;1.0;3;1;9;8.25;0.9;5.22;7.8;345;128;13.94;12.11;0.869;0;1;0;0;1;1;0;0;0;1;0;391;43;161;68;0;99
462.57;1332;12;12;0;3.06;87;0;64;35;17;0;57;3;0.25;1.0;1.0;3;1;35;1.5;0.9;1.66;3.4;345;128;14.7;12.11;0.824;0;1;0;0;1;1;0;0;0;1;0;301;43;164;68;0;83
462.96;730;18;18;0;4.03;89;0;64;55;15;0;58;3;0.36;1.0;1.0;3;1;15;2.25;0.9;2.06;2.5;345;128;14.7;11.11;0.756;0;1;0;0;1;1;0;0;0;1;0;312;43;162;68;0;146
463.35;884;66;66;0;12;88;0;64;60;9;0;68;12;0.94;1.0;1.0;3;1;10;8.25;0.9;5.35;9.0;345;128;13.94;11.11;0.797;0;1;0;0;1;1;0;0;0;1;0;382;43;163;68;0;91
463.75;1396;11;11;0;2.81;89;0;64;46;18;0;55;3;0.21;1.0;1.0;3;1;24;1.38;0.6;1.57;3.3;345;128;14.7;11.11;0.756;0;1;0;0;1;1;0;0;0;1;0;291;42;162;68;0;82
464.12;730;31;31;0;6.12;90;0;65;55;15;0;61;5;0.58;1.0;1.0;3;1;15;3.88;0.9;2.9;3.7;345;128;14.59;11.01;0.755;0;1;0;0;1;1;0;0;0;1;0;333;43;160;68;0;70
464.52;1178;56;56;0;10;87;0;64;46;24;0;64;14;0.84;1.0;1.0;3;1;24;7.0;0.6;4.44;9.8;345;128;14.7;11.01;0.749;0;1;0;0;1;1;0;0;0;1;0;353;42;165;68;0;89
466.26;999;23;23;0;4.76;87;0;65;55;15;0;53;5;0.44;1.0;1.0;3;1;15;2.88;0.6;2.34;4.0;345;128;14.47;16.12;1.114;0;1;0;0;1;1;0;0;0;1;0;272;42;165;68;0;81
466.63;999;23;23;0;4.76;87;0;65;55;15;0;53;5;0.44;1.0;1.0;3;1;15;2.88;0.6;2.34;4.0;345;128;14.47;16.12;1.114;0;1;0;0;1;1;0;0;0;1;0;272;42;165;68;0;81
466.97;999;23;23;0;4.76;87;0;65;55;15;0;53;5;0.44;1.0;1.0;3;1;15;2.88;0.6;2.34;4.0;345;128;14.47;15.12;1.045;0;1;0;0;1;1;0;0;0;1;0;272;42;165;68;0;81
467.43;948;23;23;0;4.78;87;0;66;55;15;0;54;5;0.44;1.0;1.0;3;1;15;2.88;0.6;2.35;3.8;345;128;14.47;15.12;1.045;0;1;0;0;1;1;0;0;0;1;0;280;42;164;68;0;82
467.81;986;23;23;0;4.78;87;0;65;55;15;0;54;5;0.45;1.0;1.0;3;1;15;2.88;0.6;2.35;3.9;345;128;14.47;14.41;0.996;0;1;0;0;1;1;0;0;0;1;0;281;42;164;68;0;146
467.83;986;23;23;0;4.78;87;0;65;55;15;0;54;5;0.45;1.0;1.0;3;1;15;2.88;0.6;2.35;3.9;345;128;14.47;14.41;0.996;0;1;0;0;1;1;0;0;0;1;0;281;42;164;68;0;146
468.22;973;23;23;0;4.77;88;0;65;55;15;0;53;5;0.44;1.0;1.0;3;1;15;2.88;0.6;2.35;3.9;345;128;14.47;14.41;0.996;0;1;0;0;1;1;0;0;0;1;0;269;42;163;68;0;38
468.6;922;23;23;0;4.78;87;0;66;55;15;0;54;4;0.44;1.0;1.0;3;1;15;2.88;0.6;2.35;3.7;345;128;14.47;14.41;0.996;0;1;0;0;1;1;0;0;0;1;0;281;42;164;68;0;82
469.0;845;23;23;0;4.76;87;0;66;55;15;0;54;4;0.44;1.0;1.0;3;1;15;2.88;0.9;2.34;3.4;345;128;14.47;14.31;0.989;0;1;0;0;1;1;0;0;0;1;0;280;43;164;68;0;82
469.37;884;23;23;0;4.71;87;0;65;55;15;0;54;4;0.44;1.0;1.0;3;1;15;2.88;0.9;2.32;3.5;345;128;14.47;14.31;0.989;0;1;0;0;1;1;0;0;0;1;0;282;43;165;68;0;82
469.75;922;23;23;0;4.81;87;0;66;55;15;0;54;4;0.44;1.0;1.0;3;1;15;2.88;0.6;2.36;3.7;345;128;14.47;14.31;0.989;0;1;0;0;1;1;0;0;0;1;0;283;42;165;68;0;82
469.78;922;23;23;0;4.81;87;0;66;55;15;0;54;4;0.44;1.0;1.0;3;1;15;2.88;0.6;2.36;3.7;345;128;14.47;14.31;0.989;0;1;0;0;1;1;0;0;0;1;0;283;42;165;68;0;82
470.15;884;23;23;0;4.73;87;0;66;55;15;0;54;4;0.44;1.0;1.0;3;1;15;2.88;0.6;2.33;3.5;345;128;14.47;15.11;1.044;0;1;0;0;1;1;0;0;0;1;0;277;42;165;68;0;81
470.55;896;24;24;0;4.91;87;0;66;55;15;0;54;4;0.44;1.0;1.0;3;1;15;3.0;0.6;2.4;3.7;345;128;14.47;15.11;1.044;0;1;0;0;1;1;0;0;0;1;0;283;42;165;68;0;81
470.93;845;23;23;0;4.76;87;0;66;55;15;0;54;4;0.44;1.0;1.0;3;1;15;2.88;0.6;2.34;3.4;345;128;14.47;14.21;0.982;0;1;0;0;1;1;0;0;0;1;0;280;42;165;68;0;82
471.33;922;23;23;0;4.83;87;0;65;55;15;0;54;4;0.44;1.0;1.0;3;1;15;2.88;0.9;2.37;3.7;345;128;14.47;14.21;0.982;0;1;0;0;1;1;0;0;0;1;0;277;43;165;68;0;77
471.7;845;23;23;0;4.77;86;0;66;55;15;0;54;4;0.44;1.0;1.0;3;1;15;2.88;0.6;2.34;3.4;345;128;14.47;14.21;0.982;0;1;0;0;1;1;0;0;0;1;0;277;42;166;68;0;81
472.1;935;24;24;0;4.9;86;0;65;55;15;0;54;4;0.44;1.0;1.0;3;1;15;3.0;0.6;2.39;3.8;345;128;14.47;13.91;0.961;0;1;0;0;1;1;0;0;0;1;0;282;42;166;68;0;81
472.49;871;23;23;0;4.78;87;0;66;55;15;0;54;4;0.44;1.0;1.0;3;1;15;2.88;0.6;2.35;3.5;345;128;14.47;13.91;0.961;0;1;0;0;1;1;0;0;0;1;0;276;42;164;68;0;82
472.87;832;22;22;0;4.58;87;0;65;55;15;0;53;4;0.43;1.0;1.0;3;1;15;2.75;0.6;2.27;3.2;345;128;14.7;13.61;0.926;0;1;0;0;1;1;0;0;0;1;0;273;42;165;68;0;77
472.89;832;22;22;0;4.58;87;0;65;55;15;0;53;4;0.43;1.0;1.0;3;1;15;2.75;0.6;2.27;3.2;345;128;14.7;13.61;0.926;0;1;0;0;1;1;0;0;0;1;0;273;42;165;68;0;77
473.27;832;22;22;0;4.63;87;0;65;55;15;0;54;4;0.44;1.0;1.0;3;1;15;2.75;0.6;2.29;3.2;345;128;14.7;13.61;0.926;0;1;0;0;1;1;0;0;0;1;0;276;42;165;68;0;81
473.66;845;23;23;0;4.81;87;0;65;55;15;0;54;4;0.44;1.0;1.0;3;1;15;2.88;0.6;2.36;3.4;345;128;14.47;13.61;0.941;0;1;0;0;1;1;0;0;0;1;0;281;42;165;68;0;82
474.04;807;22;22;0;4.68;87;0;66;55;15;0;54;4;0.44;1.0;1.0;3;1;15;2.75;0.6;2.31;3.1;345;128;14.7;13.71;0.933;0;1;0;0;1;1;0;0;0;1;0;282;42;165;68;0;82
474.44;896;24;24;0;4.88;87;0;66;55;15;0;54;4;0.44;1.0;1.0;3;1;15;3.0;0.6;2.39;3.6;345;128;14.47;13.71;0.947;0;1;0;0;1;1;0;0;0;1;0;280;42;165;68;0;82
474.82;884;24;24;0;4.91;87;0;66;55;15;0;54;4;0.44;1.0;1.0;3;1;15;3.0;0.6;2.4;3.6;345;128;14.47;13.91;0.961;0;1;0;0;1;1;0;0;0;1;0;280;42;165;68;0;82
475.22;845;23;23;0;4.86;87;0;66;55;15;0;54;4;0.44;1.0;1.0;3;1;15;2.88;0.6;2.38;3.4;345;128;14.47;13.91;0.961;0;1;0;0;1;1;0;0;0;1;0;279;42;165;68;0;81
475.59;807;22;22;0;4.56;87;0;65;55;15;0;53;4;0.43;1.0;1.0;3;1;15;2.75;0.6;2.26;3.1;345;128;14.7;13.91;0.946;0;1;0;0;1;1;0;0;0;1;0;274;42;164;68;0;81
475.99;781;22;22;0;4.68;87;0;66;55;15;0;54;4;0.44;1.0;1.0;3;1;15;2.75;0.6;2.31;3.0;345;128;14.7;14.51;0.987;0;1;0;0;1;1;0;0;0;1;0;278;42;165;68;0;82
476.37;807;23;23;0;4.76;87;0;66;55;15;0;54;4;0.44;1.0;1.0;3;1;15;2.88;0.6;2.34;3.2;345;128;14.47;14.51;1.003;0;1;0;0;1;1;0;0;0;1;0;279;42;165;68;0;81
476.39;807;23;23;0;4.76;87;0;66;55;15;0;54;4;0.44;1.0;1.0;3;1;15;2.88;0.6;2.34;3.2;345;128;14.47;14.51;1.003;0;1;0;0;1;1;0;0;0;1;0;279;42;165;68;0;81
476.77;820;23;23;0;4.83;87;0;66;55;15;0;54;4;0.44;1.0;1.0;3;1;15;2.88;0.6;2.37;3.3;345;128;14.47;14.51;1.003;0;1;0;0;1;1;0;0;0;1;0;279;42;165;68;0;81
477.15;871;23;23;0;4.73;87;0;66;55;15;0;53;4;0.43;1.0;1.0;3;1;15;2.88;0.9;2.33;3.4;345;128;14.47;13.81;0.954;0;1;0;0;1;1;0;0;0;1;0;272;43;165;68;0;77
477.54;832;22;22;0;4.66;87;0;66;55;15;0;53;4;0.43;1.0;1.0;3;1;15;2.75;0.6;2.3;3.2;345;128;14.7;13.81;0.939;0;1;0;0;1;1;0;0;0;1;0;273;42;165;68;0;146
477.92;820;23;23;0;4.86;87;0;66;55;15;0;54;4;0.44;1.0;1.0;3;1;15;2.88;0.9;2.38;3.3;345;128;14.47;13.61;0.941;0;1;0;0;1;1;0;0;0;1;0;277;43;164;68;0;81
477.95;820;23;23;0;4.86;87;0;66;55;15;0;54;4;0.44;1.0;1.0;3;1;15;2.88;0.9;2.38;3.3;345;128;14.47;13.61;0.941;0;1;0;0;1;1;0;0;0;1;0;277;43;164;68;0;81
478.32;832;24;24;0;4.88;87;0;66;55;15;0;54;4;0.44;1.0;1.0;3;1;15;3.0;0.6;2.39;3.4;345;128;14.47;13.61;0.941;0;1;0;0;1;1;0;0;0;1;0;281;42;164;68;0;82
478.72;845;24;24;0;4.85;86;0;65;55;15;0;55;4;0.45;1.0;1.0;3;1;15;3.0;0.6;2.37;3.4;345;128;14.47;13.61;0.941;0;1;0;0;1;1;0;0;0;1;0;284;42;165;68;0;82
479.11;807;23;23;0;4.76;87;0;66;55;15;0;54;4;0.44;1.0;1.0;3;1;15;2.88;0.6;2.34;3.2;345;128;14.47;13.91;0.961;0;1;0;0;1;1;0;0;0;1;0;282;42;165;68;0;82
479.5;807;23;23;0;4.78;87;0;66;55;15;0;54;4;0.44;1.0;1.0;3;1;15;2.88;0.6;2.35;3.2;345;128;14.47;13.91;0.961;0;1;0;0;1;1;0;0;0;1;0;281;42;165;68;0;82
479.88;781;23;23;0;4.76;87;0;66;55;15;0;54;4;0.44;1.0;1.0;3;1;15;2.88;0.6;2.34;3.1;345;128;14.47;14.01;0.968;0;1;0;0;1;1;0;0;0;1;0;281;42;165;68;0;82
480.27;832;23;23;0;4.85;86;0;66;55;15;0;54;4;0.44;1.0;1.0;3;1;15;2.88;0.6;2.37;3.4;345;128;14.47;14.01;0.968;0;1;0;0;1;1;0;0;0;1;0;282;42;166;68;0;82
480.66;832;24;24;0;4.91;87;0;65;55;15;0;55;4;0.45;1.0;1.0;3;1;15;3.0;0.6;2.4;3.4;345;128;14.47;14.01;0.968;0;1;0;0;1;1;0;0;0;1;0;285;42;165;68;0;82
481.06;871;24;24;0;4.88;87;0;66;55;15;0;54;4;0.44;1.0;1.0;3;1;15;3.0;0.6;2.39;3.5;345;128;14.47;12.71;0.878;0;1;0;0;1;1;0;0;0;1;0;283;42;165;68;0;72
481.44;832;23;23;0;4.76;87;0;66;55;15;0;54;4;0.44;1.0;1.0;3;1;15;2.88;0.6;2.34;3.3;345;128;14.47;12.71;0.878;0;1;0;0;1;1;0;0;0;1;0;281;42;165;68;0;82
481.82;807;23;23;0;4.72;86;0;66;55;15;0;54;4;0.44;1.0;1.0;3;1;15;2.88;0.6;2.32;3.2;345;128;14.47;12.71;0.878;0;1;0;0;1;1;0;0;0;1;0;279;42;166;68;0;81
482.22;820;23;23;0;4.82;87;0;66;55;15;0;54;4;0.44;1.0;1.0;3;1;15;2.88;0.6;2.36;3.3;345;128;14.47;12.91;0.892;0;1;0;0;1;1;0;0;0;1;0;279;42;165;68;0;72
482.6;820;23;23;0;4.83;87;0;66;55;15;0;54;4;0.44;1.0;1.0;3;1;15;2.88;0.9;2.37;3.3;345;128;14.47;12.91;0.892;0;1;0;0;1;1;0;0;0;1;0;277;43;165;68;0;82
482.99;832;23;23;0;4.81;87;0;66;55;15;0;54;4;0.44;1.0;1.0;3;1;15;2.88;0.9;2.36;3.3;345;128;14.47;13.11;0.906;0;1;0;0;1;1;0;0;0;1;0;280;43;165;68;0;81
483.39;832;23;23;0;4.81;87;0;66;55;15;0;54;4;0.44;1.0;1.0;3;1;15;2.88;0.6;2.36;3.3;345;128;14.47;13.11;0.906;0;1;0;0;1;1;0;0;0;1;0;283;42;165;68;0;82
483.78;832;23;23;0;4.7;86;0;65;55;15;0;54;4;0.44;1.0;1.0;3;1;15;2.88;0.9;2.31;3.3;345;128;14.47;13.11;0.906;0;1;0;0;1;1;0;0;0;1;0;280;43;166;68;0;78
484.15;832;22;22;0;4.63;87;0;66;55;15;0;53;4;0.43;1.0;1.0;3;1;15;2.75;0.6;2.29;3.2;345;128;14.7;13.71;0.933;0;1;0;0;1;1;0;0;0;1;0;275;42;165;68;0;40
484.18;832;22;22;0;4.63;87;0;66;55;15;0;53;4;0.43;1.0;1.0;3;1;15;2.75;0.6;2.29;3.2;345;128;14.7;13.71;0.933;0;1;0;0;1;1;0;0;0;1;0;275;42;165;68;0;40
484.55;768;22;22;0;4.58;87;0;66;55;15;0;53;4;0.43;1.0;1.0;3;1;15;2.75;0.6;2.27;2.9;345;128;14.7;13.71;0.933;0;1;0;0;1;1;0;0;0;1;0;273;42;165;68;0;38
484.95;781;23;23;0;4.73;87;0;66;55;15;0;54;4;0.44;1.0;1.0;3;1;15;2.88;0.6;2.33;3.1;345;128;14.47;13.11;0.906;0;1;0;0;1;1;0;0;0;1;0;278;42;165;67;0;40
485.33;820;23;23;0;4.81;87;0;65;55;15;0;54;4;0.44;1.0;1.0;3;1;15;2.88;0.6;2.36;3.3;345;128;14.47;13.11;0.906;0;1;0;0;1;1;0;0;0;1;0;280;42;165;68;0;82
485.71;781;23;23;0;4.76;87;0;66;55;15;0;54;4;0.44;1.0;1.0;3;1;15;2.88;0.6;2.34;3.1;345;128;14.47;13.11;0.906;0;1;0;0;1;1;0;0;0;1;0;280;42;165;68;0;82
485.73;781;23;23;0;4.76;87;0;66;55;15;0;54;4;0.44;1.0;1.0;3;1;15;2.88;0.6;2.34;3.1;345;128;14.47;13.11;0.906;0;1;0;0;1;1;0;0;0;1;0;280;42;165;68;0;82
486.11;807;23;23;0;4.78;87;0;66;55;15;0;54;4;0.44;1.0;1.0;3;1;15;2.88;0.6;2.35;3.2;345;128;14.47;13.51;0.934;0;1;0;0;1;1;0;0;0;1;0;279;42;165;68;0;82
486.51;832;23;23;0;4.81;87;0;66;55;15;0;54;4;0.44;1.0;1.0;3;1;15;2.88;0.6;2.36;3.3;345;128;14.47;13.51;0.934;0;1;0;0;1;1;0;0;0;1;0;278;42;165;68;0;72
486.88;832;23;23;0;4.8;88;0;65;55;15;0;54;4;0.44;1.0;1.0;3;1;15;2.88;0.9;2.36;3.3;345;128;14.47;13.01;0.899;0;1;0;0;1;1;0;0;0;1;0;277;43;163;67;0;81
487.28;781;22;22;0;4.68;87;0;66;55;15;0;54;4;0.44;1.0;1.0;3;1;15;2.75;0.6;2.31;3.0;345;128;14.7;13.01;0.885;0;1;0;0;1;1;0;0;0;1;0;280;42;165;67;0;82
487.66;781;23;23;0;4.72;86;0;66;55;15;0;54;4;0.44;1.0;1.0;3;1;15;2.88;0.6;2.32;3.1;345;128;14.47;13.01;0.899;0;1;0;0;1;1;0;0;0;1;0;279;42;166;67;0;81
488.06;832;23;23;0;4.86;87;0;66;55;15;0;54;4;0.44;1.0;1.0;3;1;15;2.88;0.6;2.38;3.4;345;128;14.47;13.61;0.941;0;1;0;0;1;1;0;0;0;1;0;281;42;165;67;0;51
488.43;832;23;23;0;4.76;87;0;65;55;15;0;54;4;0.44;1.0;1.0;3;1;15;2.88;0.9;2.34;3.3;345;128;14.47;13.61;0.941;0;1;0;0;1;1;0;0;0;1;0;282;43;165;67;0;82
488.82;781;23;23;0;4.76;87;0;66;55;15;0;54;4;0.44;1.0;1.0;3;1;15;2.88;0.6;2.34;3.1;345;128;14.47;13.61;0.941;0;1;0;0;1;1;0;0;0;1;0;279;42;165;67;0;82
488.84;781;23;23;0;4.76;87;0;66;55;15;0;54;4;0.44;1.0;1.0;3;1;15;2.88;0.6;2.34;3.1;345;128;14.47;13.61;0.941;0;1;0;0;1;1;0;0;0;1;0;279;42;165;67;0;82
489.23;807;22;22;0;4.71;87;0;66;55;15;0;53;4;0.43;1.0;1.0;3;1;15;2.75;0.6;2.32;3.2;345;128;14.7;13.61;0.926;0;1;0;0;1;1;0;0;0;1;0;275;42;165;67;0;41
489.6;807;23;23;0;4.86;87;0;66;55;15;0;54;4;0.44;1.0;1.0;3;1;15;2.88;0.6;2.38;3.3;345;128;14.47;13.61;0.941;0;1;0;0;1;1;0;0;0;1;0;282;42;166;67;0;41
489.99;871;23;23;0;4.81;87;0;65;55;15;0;54;4;0.44;1.0;1.0;3;1;15;2.88;0.6;2.36;3.5;345;128;14.47;14.01;0.968;0;1;0;0;1;1;0;0;0;1;0;283;42;166;67;0;41
490.39;807;23;23;0;4.72;86;0;65;55;15;0;54;4;0.44;1.0;1.0;3;1;15;2.88;0.6;2.32;3.2;345;128;14.47;14.01;0.968;0;1;0;0;1;1;0;0;0;1;0;281;42;166;67;0;82
490.78;820;23;23;0;4.86;87;0;66;55;15;0;54;4;0.44;1.0;1.0;3;1;15;2.88;0.6;2.38;3.3;345;128;14.47;14.01;0.968;0;1;0;0;1;1;0;0;0;1;0;279;42;165;67;0;81
491.16;820;24;24;0;4.97;86;0;65;55;15;0;55;4;0.45;1.0;1.0;3;1;15;3.0;0.6;2.42;3.4;345;128;14.47;12.71;0.878;0;1;0;0;1;1;0;0;0;1;0;284;42;165;67;0;81
491.57;871;24;24;0;4.91;87;0;66;55;15;0;54;4;0.44;1.0;1.0;3;1;15;3.0;0.6;2.4;3.6;345;128;14.47;12.71;0.878;0;1;0;0;1;1;0;0;0;1;0;283;42;165;67;0;82
491.94;781;22;23;0;4.71;87;0;66;55;15;0;54;4;0.44;1.0;1.0;3;1;15;2.75;0.6;2.32;3.1;345;128;14.7;13.31;0.905;0;1;0;0;1;1;0;0;0;1;0;282;42;165;67;0;82
492.32;781;23;23;0;4.76;87;0;66;55;15;0;54;4;0.44;1.0;1.0;3;1;15;2.88;0.6;2.34;3.1;345;128;14.47;13.31;0.92;0;1;0;0;1;1;0;0;0;1;0;279;42;165;67;0;82
492.35;781;23;23;0;4.76;87;0;66;55;15;0;54;4;0.44;1.0;1.0;3;1;15;2.88;0.6;2.34;3.1;345;128;14.47;13.31;0.92;0;1;0;0;1;1;0;0;0;1;0;279;42;165;67;0;82
492.73;832;24;24;0;4.9;86;0;66;55;15;0;54;4;0.44;1.0;1.0;3;1;15;3.0;0.6;2.39;3.4;345;128;14.47;13.31;0.92;0;1;0;0;1;1;0;0;0;1;0;283;42;166;67;0;82
493.1;845;24;24;0;4.95;86;0;66;55;15;0;55;4;0.45;1.0;1.0;3;1;15;3.0;0.6;2.41;3.5;345;128;14.47;12.81;0.885;0;1;0;0;1;1;0;0;0;1;0;284;42;166;67;0;82
493.13;845;24;24;0;4.95;86;0;66;55;15;0;55;4;0.45;1.0;1.0;3;1;15;3.0;0.6;2.41;3.5;345;128;14.47;12.81;0.885;0;1;0;0;1;1;0;0;0;1;0;284;42;166;67;0;82
493.49;768;23;23;0;4.77;86;0;66;55;15;0;54;4;0.44;1.0;1.0;3;1;15;2.88;0.6;2.34;3.1;345;128;14.47;12.81;0.885;0;1;0;0;1;1;0;0;0;1;0;282;42;166;67;0;82
493.51;768;23;23;0;4.77;86;0;66;55;15;0;54;4;0.44;1.0;1.0;3;1;15;2.88;0.6;2.34;3.1;345;128;14.47;12.81;0.885;0;1;0;0;1;1;0;0;0;1;0;282;42;166;67;0;82
493.88;832;24;24;0;5.0;86;0;66;55;15;0;55;4;0.45;1.0;1.0;3;1;15;3.0;0.9;2.43;3.5;345;128;14.47;12.81;0.885;0;1;0;0;1;1;0;0;0;1;0;289;43;166;67;0;82
494.29;781;23;23;0;4.75;86;0;66;55;15;0;54;4;0.44;1.0;1.0;3;1;15;2.88;0.6;2.33;3.1;345;128;14.47;14.41;0.996;0;1;0;0;1;1;0;0;0;1;0;282;42;166;67;0;82
494.67;820;24;24;0;4.87;86;0;66;55;15;0;54;4;0.44;1.0;1.0;3;1;15;3.0;0.6;2.38;3.3;345;128;14.47;14.41;0.996;0;1;0;0;1;1;0;0;0;1;0;281;42;165;67;0;40
495.06;820;23;23;0;4.85;86;0;66;55;15;0;54;4;0.44;1.0;1.0;3;1;15;2.88;0.9;2.37;3.3;345;128;14.47;14.41;0.996;0;1;0;0;1;1;0;0;0;1;0;281;43;166;67;0;82
495.44;845;23;24;0;4.82;86;0;65;55;15;0;54;4;0.44;1.0;1.0;3;1;15;2.88;0.6;2.36;3.4;345;128;14.47;14.41;0.996;0;1;0;0;1;1;0;0;0;1;0;281;42;165;67;0;74
495.84;768;23;23;0;4.73;87;0;66;55;15;0;54;4;0.44;1.0;1.0;3;1;15;2.88;0.9;2.33;3.0;345;128;14.47;14.41;0.996;0;1;0;0;1;1;0;0;0;1;0;280;43;166;67;0;40
496.22;807;24;24;0;4.97;88;0;66;55;15;0;55;4;0.45;1.0;1.0;3;1;15;3.0;0.6;2.43;3.3;345;128;14.47;13.31;0.92;0;1;0;0;1;1;0;0;0;1;0;290;42;163;67;0;82
496.62;768;24;24;0;5.0;86;0;66;55;15;0;55;4;0.45;1.0;1.0;3;1;15;3.0;0.6;2.43;3.2;345;128;14.47;13.31;0.92;0;1;0;0;1;1;0;0;0;1;0;290;42;166;67;0;82
497.0;845;24;24;0;4.95;86;0;66;55;15;0;55;4;0.45;1.0;1.0;3;1;15;3.0;0.6;2.41;3.5;345;128;14.47;12.81;0.885;0;1;0;0;1;1;0;0;0;1;0;286;42;165;67;0;78
497.4;781;23;23;0;4.76;87;0;66;55;15;0;54;4;0.44;1.0;1.0;3;1;15;2.88;0.6;2.34;3.1;345;128;14.47;12.81;0.885;0;1;0;0;1;1;0;0;0;1;0;279;42;165;67;0;82
497.78;807;22;22;0;4.68;87;0;66;55;15;0;53;4;0.43;1.0;1.0;3;1;15;2.75;0.6;2.31;3.1;345;128;14.7;12.81;0.871;0;1;0;0;1;1;0;0;0;1;0;275;42;165;67;0;82
498.18;832;23;23;0;4.78;87;0;65;55;15;0;53;4;0.43;1.0;1.0;3;1;15;2.88;0.6;2.35;3.3;345;128;14.47;13.61;0.941;0;1;0;0;1;1;0;0;0;1;0;275;42;165;67;0;40
498.56;820;23;23;0;4.81;87;0;66;55;15;0;54;4;0.44;1.0;1.0;3;1;15;2.88;0.9;2.36;3.3;345;128;14.47;13.61;0.941;0;1;0;0;1;1;0;0;0;1;0;277;43;165;67;0;81
498.94;781;23;23;0;4.81;87;0;66;55;15;0;54;4;0.44;1.0;1.0;3;1;15;2.88;0.6;2.36;3.1;345;128;14.47;14.31;0.989;0;1;0;0;1;1;0;0;0;1;0;278;42;165;67;0;81
499.33;845;24;24;0;5.01;87;0;66;55;15;0;55;4;0.45;1.0;1.0;3;1;15;3.0;0.6;2.44;3.5;345;128;14.47;14.31;0.989;0;1;0;0;1;1;0;0;0;1;0;284;42;165;67;0;146
499.35;845;24;24;0;5.01;87;0;66;55;15;0;55;4;0.45;1.0;1.0;3;1;15;3.0;0.6;2.44;3.5;345;128;14.47;14.31;0.989;0;1;0;0;1;1;0;0;0;1;0;284;42;165;67;0;146
499.72;756;22;22;0;4.68;87;0;66;55;15;0;54;4;0.44;1.0;1.0;3;1;15;2.75;0.6;2.31;2.9;345;128;14.7;14.31;0.973;0;1;0;0;1;1;0;0;0;1;0;280;42;165;67;0;82
499.75;756;22;22;0;4.68;87;0;66;55;15;0;54;4;0.44;1.0;1.0;3;1;15;2.75;0.6;2.31;2.9;345;128;14.7;14.31;0.973;0;1;0;0;1;1;0;0;0;1;0;280;42;165;67;0;82
500.11;781;23;23;0;4.73;87;0;66;55;15;0;54;4;0.44;1.0;1.0;3;1;15;2.88;0.6;2.33;3.1;345;128;14.47;13.01;0.899;0;1;0;0;1;1;0;0;0;1;0;279;42;165;67;0;81
500.5;832;23;23;0;4.83;87;0;65;55;15;0;54;4;0.44;1.0;1.0;3;1;15;2.88;0.6;2.37;3.3;345;128;14.47;13.01;0.899;0;1;0;0;1;1;0;0;0;1;0;282;42;164;67;0;82
500.89;756;22;22;0;4.68;87;0;66;55;15;0;54;4;0.44;1.0;1.0;3;1;15;2.75;0.6;2.31;2.9;345;128;14.7;13.01;0.885;0;1;0;0;1;1;0;0;0;1;0;278;42;164;67;0;82
501.27;820;23;23;0;4.83;87;0;65;55;15;0;54;4;0.44;1.0;1.0;3;1;15;2.88;0.6;2.37;3.3;345;128;14.47;12.91;0.892;0;1;0;0;1;1;0;0;0;1;0;277;42;165;67;0;81
501.67;832;23;23;0;4.78;87;0;66;55;15;0;54;4;0.44;1.0;1.0;3;1;15;2.88;0.6;2.35;3.3;345;128;14.47;12.91;0.892;0;1;0;0;1;1;0;0;0;1;0;283;42;165;67;0;82
502.07;768;23;23;0;4.83;87;0;66;55;15;0;54;4;0.44;1.0;1.0;3;1;15;2.88;0.6;2.37;3.1;345;128;14.47;13.01;0.899;0;1;0;0;1;1;0;0;0;1;0;282;42;165;67;0;82
502.46;820;23;23;0;4.86;87;0;66;55;15;0;54;4;0.44;1.0;1.0;3;1;15;2.88;0.6;2.38;3.3;345;128;14.47;13.01;0.899;0;1;0;0;1;1;0;0;0;1;0;279;42;165;67;0;81
502.85;845;23;23;0;4.86;87;0;66;55;15;0;54;4;0.44;1.0;1.0;3;1;15;2.88;0.6;2.38;3.4;345;128;14.47;13.01;0.899;0;1;0;0;1;1;0;0;0;1;0;279;42;164;67;0;81
503.23;807;23;23;0;4.76;87;0;66;55;15;0;54;4;0.44;1.0;1.0;3;1;15;2.88;0.9;2.34;3.2;345;128;14.47;13.11;0.906;0;1;0;0;1;1;0;0;0;1;0;283;43;165;67;0;82
503.64;807;23;23;0;4.86;87;0;66;55;15;0;54;4;0.44;1.0;1.0;3;1;15;2.88;0.6;2.38;3.3;345;128;14.47;13.11;0.906;0;1;0;0;1;1;0;0;0;1;0;282;42;165;67;0;81
504.0;845;24;24;0;4.86;87;0;65;55;15;0;54;4;0.44;1.0;1.0;3;1;15;3.0;0.6;2.38;3.4;345;128;14.47;13.71;0.947;0;1;0;0;1;1;0;0;0;1;0;283;42;165;67;0;82
504.39;845;23;23;0;4.78;87;0;66;55;15;0;54;4;0.44;1.0;1.0;3;1;15;2.88;0.6;2.35;3.4;345;128;14.47;13.71;0.947;0;1;0;0;1;1;0;0;0;1;0;278;42;164;67;0;81
504.42;845;23;23;0;4.78;87;0;66;55;15;0;54;4;0.44;1.0;1.0;3;1;15;2.88;0.6;2.35;3.4;345;128;14.47;13.71;0.947;0;1;0;0;1;1;0;0;0;1;0;278;42;164;67;0;81
504.79;832;22;22;0;4.61;87;0;65;55;15;0;53;4;0.43;1.0;1.0;3;1;15;2.75;0.6;2.28;3.2;345;128;14.7;13.71;0.933;0;1;0;0;1;1;0;0;0;1;0;275;42;165;67;0;81
505.19;781;23;23;0;4.73;87;0;66;55;15;0;53;4;0.43;1.0;1.0;3;1;15;2.88;0.6;2.33;3.1;345;128;14.47;12.41;0.858;0;1;0;0;1;1;0;0;0;1;0;274;42;164;67;0;81
505.56;845;23;23;0;4.86;87;0;66;55;15;0;54;4;0.44;1.0;1.0;3;1;15;2.88;0.6;2.38;3.4;345;128;14.47;12.41;0.858;0;1;0;0;1;1;0;0;0;1;0;281;42;165;67;0;81
505.96;807;23;23;0;4.76;87;0;66;55;15;0;53;4;0.43;1.0;1.0;3;1;15;2.88;0.6;2.34;3.2;345;128;14.47;13.61;0.941;0;1;0;0;1;1;0;0;0;1;0;275;42;164;67;0;81
506.34;820;24;24;0;4.88;87;0;66;55;15;0;54;4;0.44;1.0;1.0;3;1;15;3.0;0.6;2.39;3.3;345;128;14.47;13.61;0.941;0;1;0;0;1;1;0;0;0;1;0;278;42;165;67;0;81
506.74;832;23;23;0;4.81;87;0;65;55;15;0;54;4;0.44;1.0;1.0;3;1;15;2.88;0.9;2.36;3.3;345;128;14.47;13.61;0.941;0;1;0;0;1;1;0;0;0;1;0;281;43;165;67;0;82
507.13;807;22;22;0;4.68;87;0;65;55;15;0;54;4;0.44;1.0;1.0;3;1;15;2.75;0.6;2.31;3.1;345;128;14.7;13.41;0.912;0;1;0;0;1;1;0;0;0;1;0;276;42;165;67;0;81
507.5;781;22;22;0;4.68;87;0;66;55;15;0;53;4;0.43;1.0;1.0;3;1;15;2.75;0.6;2.31;3.0;345;128;14.7;13.41;0.912;0;1;0;0;1;1;0;0;0;1;0;274;42;165;67;0;81
507.53;781;22;22;0;4.68;87;0;66;55;15;0;53;4;0.43;1.0;1.0;3;1;15;2.75;0.6;2.31;3.0;345;128;14.7;13.41;0.912;0;1;0;0;1;1;0;0;0;1;0;274;42;165;67;0;81
507.91;820;24;24;0;4.96;87;0;65;55;15;0;55;4;0.45;1.0;1.0;3;1;15;3.0;0.9;2.42;3.4;345;128;14.47;13.41;0.927;0;1;0;0;1;1;0;0;0;1;0;284;43;166;67;0;78
508.28;768;23;23;0;4.81;87;0;66;55;15;0;54;4;0.44;1.0;1.0;3;1;15;2.88;0.6;2.36;3.1;345;128;14.47;14.71;1.017;0;1;0;0;1;1;0;0;0;1;0;282;42;165;67;0;82
508.67;820;24;24;0;4.98;87;0;66;55;15;0;55;4;0.45;1.0;1.0;3;1;15;3.0;0.6;2.43;3.4;345;128;14.47;14.71;1.017;0;1;0;0;1;1;0;0;0;1;0;287;42;165;67;0;82
509.07;845;23;23;0;4.77;86;0;65;55;15;0;54;4;0.44;1.0;1.0;3;1;15;2.88;0.6;2.34;3.4;345;128;14.47;13.91;0.961;0;1;0;0;1;1;0;0;0;1;0;279;42;166;67;0;81
509.46;768;22;22;0;4.63;87;0;66;55;15;0;53;4;0.43;1.0;1.0;3;1;15;2.75;0.6;2.29;3.0;345;128;14.7;13.91;0.946;0;1;0;0;1;1;0;0;0;1;0;275;42;165;67;0;81
509.85;781;23;23;0;4.73;87;0;66;55;15;0;54;4;0.44;1.0;1.0;3;1;15;2.88;0.6;2.33;3.1;345;128;14.47;13.91;0.961;0;1;0;0;1;1;0;0;0;1;0;276;42;165;67;0;82
510.22;832;23;23;0;4.78;87;0;66;55;15;0;54;4;0.44;1.0;1.0;3;1;15;2.88;0.6;2.35;3.3;345;128;14.47;12.61;0.871;0;1;0;0;1;1;0;0;0;1;0;281;42;165;66;0;82
510.25;832;23;23;0;4.78;87;0;66;55;15;0;54;4;0.44;1.0;1.0;3;1;15;2.88;0.6;2.35;3.3;345;128;14.47;12.61;0.871;0;1;0;0;1;1;0;0;0;1;0;281;42;165;66;0;82
510.61;768;22;22;0;4.58;87;0;65;55;15;0;53;4;0.43;1.0;1.0;3;1;15;2.75;0.6;2.27;2.9;345;128;14.7;12.61;0.858;0;1;0;0;1;1;0;0;0;1;0;275;42;165;67;0;70
510.64;768;22;22;0;4.58;87;0;65;55;15;0;53;4;0.43;1.0;1.0;3;1;15;2.75;0.6;2.27;2.9;345;128;14.7;12.61;0.858;0;1;0;0;1;1;0;0;0;1;0;275;42;165;67;0;70
511.02;820;23;23;0;4.82;86;0;66;55;15;0;54;4;0.44;1.0;1.0;3;1;15;2.88;0.6;2.36;3.3;345;128;14.47;12.71;0.878;0;1;0;0;1;1;0;0;0;1;0;279;42;166;67;0;81
511.41;845;23;23;0;4.81;87;0;65;55;15;0;54;4;0.44;1.0;1.0;3;1;15;2.88;0.9;2.36;3.4;345;128;14.47;12.71;0.878;0;1;0;0;1;1;0;0;0;1;0;281;43;165;67;0;82
511.79;820;23;23;0;4.75;86;0;66;55;15;0;54;4;0.44;1.0;1.0;3;1;15;2.88;0.6;2.33;3.2;345;128;14.47;12.71;0.878;0;1;0;0;1;1;0;0;0;1;0;277;42;166;67;0;74
512.18;781;22;22;0;4.61;87;0;66;55;15;0;53;4;0.43;1.0;1.0;3;1;15;2.75;0.6;2.28;3.0;345;128;14.7;13.31;0.905;0;1;0;0;1;1;0;0;0;1;0;275;42;165;67;0;81
512.58;807;23;23;0;4.73;87;0;66;55;15;0;54;4;0.44;1.0;1.0;3;1;15;2.88;0.6;2.33;3.2;345;128;14.47;13.31;0.92;0;1;0;0;1;1;0;0;0;1;0;277;42;165;67;0;82
512.97;820;23;23;0;4.83;87;0;65;55;15;0;54;4;0.44;1.0;1.0;3;1;15;2.88;0.6;2.37;3.3;345;128;14.47;13.11;0.906;0;1;0;0;1;1;0;0;0;1;0;281;42;165;66;0;81
513.35;768;23;23;0;4.76;87;0;66;55;15;0;54;4;0.44;1.0;1.0;3;1;15;2.88;0.9;2.34;3.0;345;128;14.47;13.11;0.906;0;1;0;0;1;1;0;0;0;1;0;277;43;165;67;0;81
513.74;820;23;23;0;4.82;87;0;65;55;15;0;54;4;0.44;1.0;1.0;3;1;15;2.88;0.6;2.36;3.3;345;128;14.47;13.11;0.906;0;1;0;0;1;1;0;0;0;1;0;276;42;165;66;0;82
514.12;781;22;22;0;4.56;87;0;65;55;15;0;53;3;0.43;1.0;1.0;3;1;15;2.75;0.6;2.26;3.0;345;128;14.7;14.21;0.967;0;1;0;0;1;1;0;0;0;1;0;275;42;165;66;0;81
514.52;781;22;22;0;4.61;87;0;65;55;15;0;53;4;0.43;1.0;1.0;3;1;15;2.75;0.6;2.28;3.0;345;128;14.7;14.21;0.967;0;1;0;0;1;1;0;0;0;1;0;275;42;165;66;0;78
514.9;832;23;23;0;4.82;86;0;65;55;15;0;54;4;0.44;1.0;1.0;3;1;15;2.88;0.6;2.36;3.3;345;128;14.47;14.21;0.982;0;1;0;0;1;1;0;0;0;1;0;283;42;166;67;0;82
515.3;768;23;23;0;4.76;87;0;66;55;15;0;54;4;0.44;1.0;1.0;3;1;15;2.88;0.9;2.34;3.0;345;128;14.47;12.51;0.865;0;1;0;0;1;1;0;0;0;1;0;279;43;165;66;0;39
515.68;820;23;23;0;4.86;87;0;66;55;15;0;54;4;0.44;1.0;1.0;3;1;15;2.88;0.6;2.38;3.3;345;128;14.47;12.51;0.865;0;1;0;0;1;1;0;0;0;1;0;279;42;165;66;0;74
516.08;845;24;24;0;4.93;87;0;66;55;15;0;54;4;0.44;1.0;1.0;3;1;15;3.0;0.6;2.41;3.5;345;128;14.47;13.11;0.906;0;1;0;0;1;1;0;0;0;1;0;280;42;165;66;0;82
516.47;781;23;23;0;4.73;87;0;66;55;15;0;54;4;0.44;1.0;1.0;3;1;15;2.88;0.6;2.33;3.1;345;128;14.47;13.11;0.906;0;1;0;0;1;1;0;0;0;1;0;277;42;165;66;0;77
516.84;820;23;23;0;4.83;87;0;65;55;15;0;54;4;0.44;1.0;1.0;3;1;15;2.88;0.6;2.37;3.3;345;128;14.47;13.11;0.906;0;1;0;0;1;1;0;0;0;1;0;279;42;165;66;0;81
517.25;820;23;23;0;4.81;87;0;66;55;15;0;54;4;0.44;1.0;1.0;3;1;15;2.88;0.9;2.36;3.3;345;128;14.47;13.71;0.947;0;1;0;0;1;1;0;0;0;1;0;277;43;165;66;0;81
517.64;768;22;22;0;4.71;87;0;66;55;15;0;53;4;0.43;1.0;1.0;3;1;15;2.75;0.6;2.32;3.0;345;128;14.7;13.71;0.933;0;1;0;0;1;1;0;0;0;1;0;275;42;165;66;0;78
518.02;832;23;23;0;4.68;87;0;65;55;15;0;53;4;0.43;1.0;1.0;3;1;15;2.88;0.9;2.31;3.2;345;128;14.47;13.31;0.92;0;1;0;0;1;1;0;0;0;1;0;275;43;164;66;0;81
518.4;768;22;22;0;4.58;87;0;65;55;15;0;53;3;0.43;1.0;1.0;3;1;15;2.75;0.6;2.27;2.9;345;128;14.7;13.31;0.905;0;1;0;0;1;1;0;0;0;1;0;274;42;165;66;0;78
518.79;820;24;24;0;4.9;86;0;66;55;15;0;54;4;0.44;1.0;1.0;3;1;15;3.0;0.6;2.39;3.3;345;128;14.47;13.31;0.92;0;1;0;0;1;1;0;0;0;1;0;281;42;166;66;0;78
519.19;807;23;23;0;4.76;87;0;66;55;15;0;54;4;0.44;1.0;1.0;3;1;15;2.88;0.6;2.34;3.2;345;128;14.47;13.91;0.961;0;1;0;0;1;1;0;0;0;1;0;280;42;165;66;0;81
519.56;768;23;23;0;4.76;86;0;66;55;15;0;54;4;0.44;1.0;1.0;3;1;15;2.88;0.6;2.33;3.0;345;128;14.47;13.91;0.961;0;1;0;0;1;1;0;0;0;1;0;276;42;166;66;0;81
519.97;807;23;23;0;4.83;87;0;66;55;15;0;54;4;0.44;1.0;1.0;3;1;15;2.88;0.6;2.37;3.2;345;128;14.47;12.61;0.871;0;1;0;0;1;1;0;0;0;1;0;280;42;165;66;0;82
520.34;845;24;24;0;4.88;87;0;66;55;15;0;54;4;0.44;1.0;1.0;3;1;15;3.0;0.6;2.39;3.4;345;128;14.47;12.61;0.871;0;1;0;0;1;1;0;0;0;1;0;279;42;164;66;0;78
520.75;832;25;25;0;5.11;87;0;66;55;15;0;57;4;0.45;1.0;1.0;3;1;15;3.12;0.9;2.48;3.5;345;128;14.47;12.61;0.871;0;1;0;0;1;1;0;0;0;1;0;302;43;165;66;0;83
521.13;986;25;25;0;5.03;87;0;65;55;15;0;55;5;0.45;1.0;1.0;3;1;15;3.12;0.6;2.45;4.1;345;128;14.47;13.21;0.913;0;1;0;0;1;1;0;0;0;1;0;289;42;165;66;0;82
521.51;1050;24;24;0;4.83;87;0;64;55;15;0;54;5;0.45;1.0;1.0;3;1;15;3.0;0.9;2.37;4.2;345;128;14.7;13.21;0.899;0;1;0;0;1;1;0;0;0;1;0;276;43;164;66;0;81
521.54;1050;24;24;0;4.83;87;0;64;55;15;0;54;5;0.45;1.0;1.0;3;1;15;3.0;0.9;2.37;4.2;345;128;14.7;13.21;0.899;0;1;0;0;1;1;0;0;0;1;0;276;43;164;66;0;81
521.91;1063;23;23;0;4.71;87;0;65;55;15;0;53;5;0.44;1.0;1.0;3;1;15;2.88;0.6;2.32;4.2;345;128;14.7;13.21;0.899;0;1;0;0;1;1;0;0;0;1;0;269;42;163;66;0;77
522.31;973;23;23;0;4.73;87;0;65;55;15;0;53;5;0.44;1.0;1.0;3;1;15;2.88;0.6;2.33;3.8;345;128;14.47;13.31;0.92;0;1;0;0;1;1;0;0;0;1;0;272;42;165;66;0;77
522.68;973;23;23;0;4.71;87;0;65;55;15;0;53;5;0.44;1.0;1.0;3;1;15;2.88;0.6;2.32;3.8;345;128;14.47;13.31;0.92;0;1;0;0;1;1;0;0;0;1;0;274;42;165;66;0;81
523.07;1037;23;23;0;4.81;87;0;65;55;15;0;53;5;0.44;1.0;1.0;3;1;15;2.88;0.6;2.36;4.2;345;128;14.7;14.11;0.96;0;1;0;0;1;1;0;0;0;1;0;275;42;165;66;0;81
523.48;973;23;23;0;4.71;87;0;65;55;15;0;53;5;0.44;1.0;1.0;3;1;15;2.88;0.6;2.32;3.8;345;128;14.47;14.11;0.975;0;1;0;0;1;1;0;0;0;1;0;270;42;165;66;0;77
523.85;999;23;23;0;4.87;88;0;65;55;15;0;54;5;0.45;1.0;1.0;3;1;15;2.88;0.6;2.39;4.1;345;128;14.47;14.11;0.975;0;1;0;0;1;1;0;0;0;1;0;276;42;163;66;0;81
524.24;986;24;24;0;4.92;88;0;65;55;15;0;54;5;0.45;1.0;1.0;3;1;15;3.0;0.6;2.41;4.0;345;128;14.47;14.21;0.982;0;1;0;0;1;1;0;0;0;1;0;283;42;163;66;0;82
524.63;973;23;23;0;4.83;87;0;65;55;15;0;54;5;0.45;1.0;1.0;3;1;15;2.88;0.6;2.37;3.9;345;128;14.47;14.21;0.982;0;1;0;0;1;1;0;0;0;1;0;277;42;165;66;0;81
524.65;973;23;23;0;4.83;87;0;65;55;15;0;54;5;0.45;1.0;1.0;3;1;15;2.88;0.6;2.37;3.9;345;128;14.47;14.21;0.982;0;1;0;0;1;1;0;0;0;1;0;277;42;165;66;0;81
525.02;1037;23;23;0;4.71;87;0;65;55;15;0;53;5;0.44;1.0;1.0;3;1;15;2.88;0.6;2.32;4.1;345;128;14.7;12.91;0.878;0;1;0;0;1;1;0;0;0;1;0;275;42;165;66;0;81
525.42;973;22;22;0;4.61;87;0;65;55;15;0;52;5;0.44;1.0;1.0;3;1;15;2.75;0.6;2.28;3.7;345;128;14.7;12.91;0.878;0;1;0;0;1;1;0;0;0;1;0;264;42;164;66;0;77
525.8;871;21;21;0;4.41;89;0;65;55;15;0;51;4;0.42;1.0;1.0;3;1;15;2.62;0.6;2.21;3.2;345;128;14.7;12.91;0.878;0;1;0;0;1;1;0;0;0;1;0;258;42;162;66;0;76
526.18;820;22;22;0;4.68;89;0;65;55;15;0;53;4;0.43;1.0;1.0;3;1;15;2.75;0.6;2.32;3.2;345;128;14.7;12.51;0.851;0;1;0;0;1;1;0;0;0;1;0;272;42;162;66;0;81
526.2;820;22;22;0;4.68;89;0;65;55;15;0;53;4;0.43;1.0;1.0;3;1;15;2.75;0.6;2.32;3.2;345;128;14.7;12.51;0.851;0;1;0;0;1;1;0;0;0;1;0;272;42;162;66;0;81
526.57;807;24;24;0;4.93;87;0;66;55;15;0;55;4;0.45;1.0;1.0;3;1;15;3.0;0.6;2.41;3.3;345;128;14.47;12.51;0.865;0;1;0;0;1;1;0;0;0;1;0;285;42;165;66;0;83
526.97;845;24;24;0;4.98;87;0;66;55;15;0;55;4;0.45;1.0;1.0;3;1;15;3.0;0.6;2.43;3.5;345;128;14.47;12.81;0.885;0;1;0;0;1;1;0;0;0;1;0;284;42;165;66;0;82
527.36;871;22;22;0;4.66;87;0;65;55;15;0;53;4;0.43;1.0;1.0;3;1;15;2.75;0.6;2.3;3.4;345;128;14.7;12.81;0.871;0;1;0;0;1;1;0;0;0;1;0;275;42;166;66;0;51
527.75;871;23;23;0;4.71;87;0;65;55;15;0;53;4;0.43;1.0;1.0;3;1;15;2.88;0.6;2.32;3.4;345;128;14.47;12.81;0.885;0;1;0;0;1;1;0;0;0;1;0;274;42;165;66;0;78
528.13;820;22;22;0;4.63;89;0;65;55;15;0;53;4;0.43;1.0;1.0;3;1;15;2.75;0.6;2.3;3.2;345;128;14.7;13.71;0.933;0;1;0;0;1;1;0;0;0;1;0;274;42;162;66;0;40
528.15;820;22;22;0;4.63;89;0;65;55;15;0;53;4;0.43;1.0;1.0;3;1;15;2.75;0.6;2.3;3.2;345;128;14.7;13.71;0.933;0;1;0;0;1;1;0;0;0;1;0;274;42;162;66;0;40
528.53;781;22;22;0;4.73;89;0;66;55;15;0;54;4;0.44;1.0;1.0;3;1;15;2.75;0.6;2.34;3.1;345;128;14.7;13.71;0.933;0;1;0;0;1;1;0;0;0;1;0;277;42;162;66;0;81
528.92;832;23;23;0;4.82;90;0;66;55;15;0;54;4;0.44;1.0;1.0;3;1;15;2.88;0.6;2.38;3.3;345;128;14.47;13.71;0.947;0;1;0;0;1;1;0;0;0;1;0;280;42;161;66;0;82
529.3;832;22;22;0;4.63;89;0;66;55;15;0;53;4;0.43;1.0;1.0;3;1;15;2.75;0.6;2.3;3.2;345;128;14.7;13.31;0.905;0;1;0;0;1;1;0;0;0;1;0;271;42;162;66;0;77
529.7;845;23;23;0;4.82;90;0;66;55;15;0;54;4;0.44;1.0;1.0;3;1;15;2.88;0.6;2.38;3.4;345;128;14.47;13.31;0.92;0;1;0;0;1;1;0;0;0;1;0;279;42;161;66;0;81
530.07;896;23;23;0;4.77;90;0;65;55;15;0;53;4;0.43;1.0;1.0;3;1;15;2.88;0.6;2.36;3.6;345;128;14.47;13.01;0.899;0;1;0;0;1;1;0;0;0;1;0;273;42;161;66;0;78
530.09;896;23;23;0;4.77;90;0;65;55;15;0;53;4;0.43;1.0;1.0;3;1;15;2.88;0.6;2.36;3.6;345;128;14.47;13.01;0.899;0;1;0;0;1;1;0;0;0;1;0;273;42;161;66;0;78
530.47;845;23;23;0;4.83;89;0;66;55;15;0;54;4;0.44;1.0;1.0;3;1;15;2.88;0.6;2.38;3.4;345;128;14.47;13.01;0.899;0;1;0;0;1;1;0;0;0;1;0;277;42;161;66;0;77
530.85;845;23;23;0;4.76;89;0;66;55;15;0;54;4;0.44;1.0;1.0;3;1;15;2.88;0.6;2.35;3.4;345;128;14.47;13.01;0.899;0;1;0;0;1;1;0;0;0;1;0;276;42;162;66;0;81
531.25;922;23;23;0;4.87;90;0;65;55;15;0;54;4;0.44;1.0;1.0;3;1;15;2.88;0.6;2.4;3.7;345;128;14.47;12.61;0.871;0;1;0;0;1;1;0;0;0;1;0;278;42;161;66;0;81
531.63;896;23;23;0;4.87;90;0;65;55;15;0;54;4;0.44;1.0;1.0;3;1;15;2.88;0.6;2.4;3.6;345;128;14.47;12.61;0.871;0;1;0;0;1;1;0;0;0;1;0;280;42;161;66;0;40
532.01;832;22;22;0;4.71;89;0;66;55;15;0;53;4;0.43;1.0;1.0;3;1;15;2.75;0.6;2.33;3.3;345;128;14.7;13.41;0.912;0;1;0;0;1;1;0;0;0;1;0;274;42;162;66;0;53
532.04;832;22;22;0;4.71;89;0;66;55;15;0;53;4;0.43;1.0;1.0;3;1;15;2.75;0.6;2.33;3.3;345;128;14.7;13.41;0.912;0;1;0;0;1;1;0;0;0;1;0;274;42;162;66;0;53
532.4;832;21;21;0;4.57;90;0;66;55;15;0;52;4;0.43;1.0;1.0;3;1;15;2.62;0.6;2.28;3.2;345;128;14.7;13.41;0.912;0;1;0;0;1;1;0;0;0;1;0;264;42;161;66;0;77
532.43;832;21;21;0;4.57;90;0;66;55;15;0;52;4;0.43;1.0;1.0;3;1;15;2.62;0.6;2.28;3.2;345;128;14.7;13.41;0.912;0;1;0;0;1;1;0;0;0;1;0;264;42;161;66;0;77
532.81;871;22;22;0;4.6;90;0;65;55;15;0;52;4;0.43;1.0;1.0;3;1;15;2.75;0.6;2.29;3.3;345;128;14.7;13.41;0.912;0;1;0;0;1;1;0;0;0;1;0;261;42;161;66;0;77
533.19;781;21;21;0;4.5;90;0;65;55;15;0;52;3;0.43;1.0;1.0;3;1;15;2.62;0.6;2.25;2.9;345;128;14.7;13.21;0.899;0;1;0;0;1;1;0;0;0;1;0;265;42;161;66;0;77
533.58;768;22;22;0;4.63;87;0;66;55;15;0;52;4;0.43;1.0;1.0;3;1;15;2.75;0.6;2.29;3.0;345;128;14.7;13.21;0.899;0;1;0;0;1;1;0;0;0;1;0;263;42;163;66;0;38
533.97;845;23;23;0;4.76;87;0;65;55;15;0;53;4;0.43;1.0;1.0;3;1;15;2.88;0.9;2.34;3.4;345;128;14.47;13.21;0.913;0;1;0;0;1;1;0;0;0;1;0;272;43;165;66;0;77
534.36;820;22;22;0;4.63;87;0;65;55;15;0;53;4;0.43;1.0;1.0;3;1;15;2.75;0.6;2.29;3.2;345;128;14.7;12.81;0.871;0;1;0;0;1;1;0;0;0;1;0;273;42;165;66;0;77
534.76;768;22;22;0;4.66;89;0;66;55;15;0;53;4;0.43;1.0;1.0;3;1;15;2.75;0.6;2.31;3.0;345;128;14.7;12.81;0.871;0;1;0;0;1;1;0;0;0;1;0;273;42;162;66;0;81
535.14;832;23;23;0;4.68;87;0;66;55;15;0;53;4;0.43;1.0;1.0;3;1;15;2.88;0.6;2.31;3.2;345;128;14.47;13.41;0.927;0;1;0;0;1;1;0;0;0;1;0;274;42;165;66;0;77
535.54;832;23;23;0;4.68;87;0;65;55;15;0;53;4;0.43;1.0;1.0;3;1;15;2.88;0.6;2.31;3.2;345;128;14.47;13.41;0.927;0;1;0;0;1;1;0;0;0;1;0;272;42;165;66;0;77
535.94;845;22;22;0;4.61;87;0;65;55;15;0;52;4;0.43;1.0;1.0;3;1;15;2.75;0.9;2.28;3.2;345;128;14.7;13.41;0.912;0;1;0;0;1;1;0;0;0;1;0;266;43;164;66;0;77
536.3;807;22;22;0;4.62;86;0;66;55;15;0;53;4;0.43;1.0;1.0;3;1;15;2.75;0.6;2.28;3.1;345;128;14.7;13.51;0.919;0;1;0;0;1;1;0;0;0;1;0;273;42;166;66;0;81
536.7;832;23;23;0;4.86;87;0;66;55;15;0;54;4;0.44;1.0;1.0;3;1;15;2.88;0.6;2.38;3.4;345;128;14.47;13.51;0.934;0;1;0;0;1;1;0;0;0;1;0;277;42;165;66;0;81
537.09;871;24;24;0;4.88;89;0;65;55;15;0;54;4;0.44;1.0;1.0;3;1;15;3.0;0.6;2.4;3.5;345;128;14.47;13.01;0.899;0;1;0;0;1;1;0;0;0;1;0;278;42;162;66;0;82
537.48;768;22;22;0;4.61;89;0;66;55;15;0;53;4;0.43;1.0;1.0;3;1;15;2.75;0.6;2.29;3.0;345;128;14.7;13.01;0.885;0;1;0;0;1;1;0;0;0;1;0;273;42;162;66;0;70
537.88;820;22;22;0;4.71;89;0;66;55;15;0;53;4;0.43;1.0;1.0;3;1;15;2.75;0.6;2.33;3.2;345;128;14.7;13.01;0.885;0;1;0;0;1;1;0;0;0;1;0;270;42;162;66;0;77
538.26;820;23;23;0;4.75;90;0;65;55;15;0;53;4;0.43;1.0;1.0;3;1;15;2.88;0.6;2.35;3.2;345;128;14.47;14.31;0.989;0;1;0;0;1;1;0;0;0;1;0;272;42;161;66;0;77
538.63;820;22;22;0;4.66;87;0;65;55;15;0;53;4;0.43;1.0;1.0;3;1;15;2.75;0.9;2.3;3.2;345;128;14.7;14.31;0.973;0;1;0;0;1;1;0;0;0;1;0;273;43;165;66;0;51
539.04;820;22;22;0;4.71;87;0;66;55;15;0;53;4;0.43;1.0;1.0;3;1;15;2.75;0.6;2.32;3.2;345;128;14.7;13.01;0.885;0;1;0;0;1;1;0;0;0;1;0;272;42;165;66;0;78
539.41;768;22;22;0;4.53;87;0;65;55;15;0;52;4;0.43;1.0;1.0;3;1;15;2.75;0.6;2.25;2.9;345;128;14.7;13.01;0.885;0;1;0;0;1;1;0;0;0;1;0;266;42;165;66;0;77
539.81;807;22;22;0;4.68;87;0;66;55;15;0;53;4;0.43;1.0;1.0;3;1;15;2.75;0.6;2.31;3.1;345;128;14.7;13.01;0.885;0;1;0;0;1;1;0;0;0;1;0;273;42;165;66;0;77
540.2;871;23;23;0;4.78;87;0;65;55;15;0;53;4;0.43;1.0;1.0;3;1;15;2.88;0.6;2.35;3.5;345;128;14.47;12.81;0.885;0;1;0;0;1;1;0;0;0;1;0;273;42;165;66;0;40
540.59;807;22;22;0;4.62;88;0;65;55;15;0;53;4;0.43;1.0;1.0;3;1;15;2.75;0.6;2.29;3.1;345;128;14.7;12.81;0.871;0;1;0;0;1;1;0;0;0;1;0;273;42;163;66;0;81
540.97;820;23;23;0;4.77;90;0;66;55;15;0;53;4;0.43;1.0;1.0;3;1;15;2.88;0.6;2.36;3.3;345;128;14.47;12.81;0.885;0;1;0;0;1;1;0;0;0;1;0;273;42;161;66;0;77
541.37;832;23;23;0;4.71;89;0;65;55;15;0;53;4;0.43;1.0;1.0;3;1;15;2.88;0.6;2.33;3.3;345;128;14.47;12.61;0.871;0;1;0;0;1;1;0;0;0;1;0;274;42;162;66;0;77
541.77;871;23;23;0;4.86;89;0;65;55;15;0;54;4;0.44;1.0;1.0;3;1;15;2.88;0.6;2.39;3.5;345;128;14.47;12.61;0.871;0;1;0;0;1;1;0;0;0;1;0;276;42;162;66;0;81
542.14;768;22;22;0;4.65;90;0;66;55;15;0;53;4;0.43;1.0;1.0;3;1;15;2.75;0.6;2.31;3.0;345;128;14.7;12.71;0.865;0;1;0;0;1;1;0;0;0;1;0;274;42;161;66;0;81
542.52;807;22;22;0;4.66;89;0;66;55;15;0;53;4;0.43;1.0;1.0;3;1;15;2.75;0.9;2.31;3.1;345;128;14.7;12.71;0.865;0;1;0;0;1;1;0;0;0;1;0;273;43;162;66;0;81
542.55;807;22;22;0;4.66;89;0;66;55;15;0;53;4;0.43;1.0;1.0;3;1;15;2.75;0.9;2.31;3.1;345;128;14.7;12.71;0.865;0;1;0;0;1;1;0;0;0;1;0;273;43;162;66;0;81
542.92;820;22;22;0;4.75;90;0;66;55;15;0;53;4;0.43;1.0;1.0;3;1;15;2.75;0.6;2.35;3.2;345;128;14.7;12.71;0.865;0;1;0;0;1;1;0;0;0;1;0;273;42;161;66;0;77
543.32;845;23;23;0;4.73;89;0;65;55;15;0;53;4;0.43;1.0;1.0;3;1;15;2.88;0.6;2.34;3.3;345;128;14.47;13.31;0.92;0;1;0;0;1;1;0;0;0;1;0;274;42;162;66;0;39
543.71;884;23;23;0;4.72;90;0;65;55;15;0;53;4;0.43;1.0;1.0;3;1;15;2.88;0.6;2.34;3.5;345;128;14.47;13.31;0.92;0;1;0;0;1;1;0;0;0;1;0;273;42;161;66;0;81
544.09;781;22;22;0;4.58;89;0;65;55;15;0;53;4;0.43;1.0;1.0;3;1;15;2.75;0.6;2.28;3.0;345;128;14.7;13.51;0.919;0;1;0;0;1;1;0;0;0;1;0;269;42;162;66;0;77
544.47;781;22;22;0;4.65;90;0;66;55;15;0;53;4;0.43;1.0;1.0;3;1;15;2.75;0.6;2.31;3.0;345;128;14.7;13.51;0.919;0;1;0;0;1;1;0;0;0;1;0;268;42;161;66;0;77
544.49;781;22;22;0;4.65;90;0;66;55;15;0;53;4;0.43;1.0;1.0;3;1;15;2.75;0.6;2.31;3.0;345;128;14.7;13.51;0.919;0;1;0;0;1;1;0;0;0;1;0;268;42;161;66;0;77
544.87;832;23;23;0;4.67;86;0;65;55;15;0;53;4;0.43;1.0;1.0;3;1;15;2.88;0.6;2.3;3.2;345;128;14.47;13.51;0.934;0;1;0;0;1;1;0;0;0;1;0;275;42;166;66;0;50
545.25;871;23;23;0;4.76;87;0;65;55;15;0;54;4;0.44;1.0;1.0;3;1;15;2.88;0.6;2.34;3.5;345;128;14.47;13.31;0.92;0;1;0;0;1;1;0;0;0;1;0;276;42;165;66;0;81
545.27;871;23;23;0;4.76;87;0;65;55;15;0;54;4;0.44;1.0;1.0;3;1;15;2.88;0.6;2.34;3.5;345;128;14.47;13.31;0.92;0;1;0;0;1;1;0;0;0;1;0;276;42;165;66;0;81
545.66;807;22;22;0;4.56;87;0;65;55;15;0;53;4;0.43;1.0;1.0;3;1;15;2.75;0.6;2.26;3.1;345;128;14.7;13.31;0.905;0;1;0;0;1;1;0;0;0;1;0;273;42;165;66;0;81
546.03;781;22;22;0;4.63;87;0;66;55;15;0;53;4;0.43;1.0;1.0;3;1;15;2.75;0.9;2.29;3.0;345;128;14.7;12.51;0.851;0;1;0;0;1;1;0;0;0;1;0;272;43;165;66;0;70
546.41;832;23;23;0;4.68;87;0;66;55;15;0;53;4;0.43;1.0;1.0;3;1;15;2.88;0.6;2.31;3.2;345;128;14.47;12.51;0.865;0;1;0;0;1;1;0;0;0;1;0;273;42;164;66;0;77
546.44;832;23;23;0;4.68;87;0;66;55;15;0;53;4;0.43;1.0;1.0;3;1;15;2.88;0.6;2.31;3.2;345;128;14.47;12.51;0.865;0;1;0;0;1;1;0;0;0;1;0;273;42;164;66;0;77
546.82;832;22;22;0;4.7;90;0;65;55;15;0;53;4;0.43;1.0;1.0;3;1;15;2.75;0.6;2.33;3.3;345;128;14.7;12.51;0.851;0;1;0;0;1;1;0;0;0;1;0;274;42;161;66;0;78
547.2;820;22;22;0;4.6;90;0;65;55;15;0;52;4;0.43;1.0;1.0;3;1;15;2.75;0.6;2.29;3.1;345;128;14.7;13.31;0.905;0;1;0;0;1;1;0;0;0;1;0;267;42;161;66;0;77
547.59;781;22;22;0;4.62;90;0;66;55;15;0;53;4;0.43;1.0;1.0;3;1;15;2.75;0.6;2.3;3.0;345;128;14.7;13.31;0.905;0;1;0;0;1;1;0;0;0;1;0;270;42;161;66;0;39
547.99;807;22;22;0;4.75;90;0;66;55;15;0;53;4;0.43;1.0;1.0;3;1;15;2.75;0.9;2.35;3.2;345;128;14.7;13.31;0.905;0;1;0;0;1;1;0;0;0;1;0;273;43;161;66;0;74
548.38;845;23;23;0;4.77;90;0;65;55;15;0;53;4;0.43;1.0;1.0;3;1;15;2.88;0.6;2.36;3.4;345;128;14.47;13.61;0.941;0;1;0;0;1;1;0;0;0;1;0;271;42;161;66;0;77
548.75;807;23;23;0;4.73;87;0;66;55;15;0;54;4;0.44;1.0;1.0;3;1;15;2.88;0.6;2.33;3.2;345;128;14.47;13.61;0.941;0;1;0;0;1;1;0;0;0;1;0;277;42;165;66;0;82
549.16;820;22;22;0;4.68;87;0;66;55;15;0;53;4;0.43;1.0;1.0;3;1;15;2.75;0.6;2.31;3.2;345;128;14.7;12.61;0.858;0;1;0;0;1;1;0;0;0;1;0;272;42;164;66;0;81
549.54;820;22;22;0;4.68;87;0;66;55;15;0;53;4;0.43;1.0;1.0;3;1;15;2.75;0.6;2.31;3.2;345;128;14.7;12.61;0.858;0;1;0;0;1;1;0;0;0;1;0;270;42;165;66;0;77
549.92;820;22;22;0;4.66;89;0;66;55;15;0;52;4;0.43;1.0;1.0;3;1;15;2.75;0.6;2.31;3.2;345;128;14.7;12.61;0.858;0;1;0;0;1;1;0;0;0;1;0;267;42;162;66;0;77
550.32;820;24;24;0;4.93;89;0;66;55;15;0;54;4;0.44;1.0;1.0;3;1;15;3.0;0.9;2.42;3.4;345;128;14.47;13.41;0.927;0;1;0;0;1;1;0;0;0;1;0;278;43;162;66;0;81
550.7;884;23;23;0;4.82;90;0;65;55;15;0;54;4;0.44;1.0;1.0;3;1;15;2.88;0.6;2.38;3.6;345;128;14.47;13.41;0.927;0;1;0;0;1;1;0;0;0;1;0;276;42;161;66;0;81
551.1;781;22;22;0;4.62;90;0;65;55;15;0;53;4;0.43;1.0;1.0;3;1;15;2.75;0.6;2.3;3.0;345;128;14.7;13.01;0.885;0;1;0;0;1;1;0;0;0;1;0;273;42;161;66;0;81
551.48;781;22;22;0;4.65;90;0;65;55;15;0;53;4;0.43;1.0;1.0;3;1;15;2.75;0.6;2.31;3.0;345;128;14.7;13.01;0.885;0;1;0;0;1;1;0;0;0;1;0;270;42;160;66;0;74
551.88;832;23;23;0;4.86;89;0;65;55;15;0;54;4;0.44;1.0;1.0;3;1;15;2.88;0.9;2.39;3.4;345;128;14.47;13.01;0.899;0;1;0;0;1;1;0;0;0;1;0;277;43;161;66;0;81
552.27;820;22;22;0;4.63;87;0;65;55;15;0;53;4;0.43;1.0;1.0;3;1;15;2.75;0.9;2.29;3.2;345;128;14.7;13.01;0.885;0;1;0;0;1;1;0;0;0;1;0;275;43;164;66;0;44
552.65;807;22;22;0;4.71;87;0;66;55;15;0;53;4;0.43;1.0;1.0;3;1;15;2.75;0.9;2.32;3.2;345;128;14.7;13.01;0.885;0;1;0;0;1;1;0;0;0;1;0;273;43;164;66;0;77
553.04;832;22;22;0;4.63;87;0;65;55;15;0;53;4;0.43;1.0;1.0;3;1;15;2.75;0.6;2.29;3.2;345;128;14.7;13.71;0.933;0;1;0;0;1;1;0;0;0;1;0;274;42;164;66;0;77
553.42;768;23;23;0;4.76;87;0;66;55;15;0;53;4;0.43;1.0;1.0;3;1;15;2.88;0.6;2.34;3.0;345;128;14.47;13.71;0.947;0;1;0;0;1;1;0;0;0;1;0;275;42;164;66;0;81
553.83;820;24;24;0;4.92;88;0;66;55;15;0;54;4;0.44;1.0;1.0;3;1;15;3.0;0.6;2.41;3.4;345;128;14.47;13.71;0.947;0;1;0;0;1;1;0;0;0;1;0;282;42;163;66;0;82
554.2;768;23;23;0;4.73;87;0;66;55;15;0;53;4;0.43;1.0;1.0;3;1;15;2.88;0.6;2.33;3.0;345;128;14.47;13.31;0.92;0;1;0;0;1;1;0;0;0;1;0;275;42;165;66;0;77
554.22;768;23;23;0;4.73;87;0;66;55;15;0;53;4;0.43;1.0;1.0;3;1;15;2.88;0.6;2.33;3.0;345;128;14.47;13.31;0.92;0;1;0;0;1;1;0;0;0;1;0;275;42;165;66;0;77
554.6;832;22;22;0;4.66;87;0;65;55;15;0;53;4;0.43;1.0;1.0;3;1;15;2.75;0.9;2.3;3.2;345;128;14.7;13.31;0.905;0;1;0;0;1;1;0;0;0;1;0;275;43;164;66;0;77
554.98;756;22;22;0;4.63;87;0;66;55;15;0;54;3;0.44;1.0;1.0;3;1;15;2.75;0.6;2.29;2.9;345;128;14.7;13.31;0.905;0;1;0;0;1;1;0;0;0;1;0;276;42;165;66;0;81
555.38;807;23;23;0;4.83;87;0;66;55;15;0;54;4;0.44;1.0;1.0;3;1;15;2.88;0.6;2.37;3.2;345;128;14.47;13.81;0.954;0;1;0;0;1;1;0;0;0;1;0;280;42;165;66;0;82
555.76;756;21;21;0;4.53;87;0;66;55;15;0;53;3;0.43;1.0;1.0;3;1;15;2.62;0.6;2.25;2.9;345;128;14.7;13.81;0.939;0;1;0;0;1;1;0;0;0;1;0;271;42;164;66;0;77
556.16;781;22;22;0;4.56;87;0;66;55;15;0;53;4;0.43;1.0;1.0;3;1;15;2.75;0.6;2.26;3.0;345;128;14.7;13.31;0.905;0;1;0;0;1;1;0;0;0;1;0;272;42;164;66;0;77
556.55;845;24;24;0;4.92;90;0;65;55;15;0;54;4;0.44;1.0;1.0;3;1;15;3.0;0.6;2.42;3.5;345;128;14.47;13.31;0.92;0;1;0;0;1;1;0;0;0;1;0;281;42;161;66;0;82
556.93;781;22;22;0;4.71;89;0;66;55;15;0;54;4;0.44;1.0;1.0;3;1;15;2.75;0.6;2.33;3.1;345;128;14.7;13.31;0.905;0;1;0;0;1;1;0;0;0;1;0;282;42;162;66;0;82
557.32;1434;40;40;0;7.47;88;0;64;46;17;0;67;12;0.55;1.0;1.0;3;1;24;5.0;0.9;3.43;8.9;345;128;14.7;20.52;1.396;0;1;0;0;1;1;0;0;0;1;0;378;43;163;66;0;90
557.71;1332;21;21;0;4.41;87;0;64;58;18;0;51;6;0.45;1.0;1.0;3;1;12;2.62;0.9;2.2;4.9;345;128;14.7;20.52;1.396;0;1;0;0;1;1;0;0;0;1;0;252;43;165;66;0;76
558.11;1012;35;35;11;6.66;87;0;65;44;31;0;68;8;0.53;1.0;1.0;3;1;26;4.38;7.3;3.1;5.6;345;128;14.59;20.72;1.42;0;1;0;0;1;0;0;0;0;1;0;382;65;164;65;0;91
558.48;1639;31;31;5;5.92;86;0;64;28;42;0;59;11;0.52;1.0;1.0;3;1;42;3.88;3.5;2.8;8.1;345;128;14.7;20.72;1.41;0;1;0;0;1;0;0;0;0;1;0;318;52;166;66;0;57
558.87;1998;24;24;5;4.8;88;0;63;26;44;0;51;10;0.46;1.0;1.0;3;1;44;3.0;3.5;2.36;8.0;345;128;14.82;20.72;1.398;0;1;0;0;1;0;0;0;0;1;0;257;52;163;66;0;76
559.26;1998;23;23;5;4.65;88;0;63;26;44;0;50;10;0.45;1.0;1.0;3;1;44;2.88;3.5;2.3;7.7;345;128;14.82;13.21;0.891;0;1;0;0;1;0;0;0;0;1;0;251;52;163;65;0;76
559.66;2100;22;22;5;4.6;90;0;63;26;44;0;49;10;0.45;1.0;1.0;3;1;44;2.75;3.5;2.29;8.1;345;128;14.82;13.21;0.891;0;1;0;0;1;0;0;0;0;1;0;244;52;161;65;0;75
560.04;2036;23;23;5;4.68;89;0;63;25;45;0;51;10;0.46;1.0;1.0;3;1;45;2.88;3.5;2.32;7.9;345;128;14.82;13.41;0.905;0;1;0;0;1;0;0;0;0;1;0;253;52;162;65;0;76
560.43;2369;34;34;10;6.37;90;0;62;21;49;0;61;17;0.54;1.0;1.0;3;1;49;4.25;6.7;3.0;12.6;345;128;14.82;13.41;0.905;0;1;0;0;1;0;0;0;0;1;0;334;63;161;65;0;85
560.81;2702;28;28;10;5.46;91;0;62;19;51;0;55;17;0.52;1.0;1.0;3;1;51;3.5;6.7;2.64;12.3;345;128;14.93;13.41;0.898;0;1;0;0;1;0;0;0;0;1;0;284;63;160;65;0;35
560.84;2702;28;28;10;5.46;91;0;62;19;51;0;55;17;0.52;1.0;1.0;3;1;51;3.5;6.7;2.64;12.3;345;128;14.93;13.41;0.898;0;1;0;0;1;0;0;0;0;1;0;284;63;160;65;0;35
561.22;2869;27;27;10;5.36;91;0;62;19;51;0;53;17;0.52;1.0;1.0;3;1;51;3.38;6.7;2.6;12.8;345;128;14.93;14.61;0.979;0;1;0;0;1;0;0;0;0;1;0;273;63;159;65;0;40
561.6;2664;18;18;0;3.93;91;0;62;39;25;0;43;11;0.43;1.0;1.0;3;1;31;2.25;0.6;2.03;8.7;345;128;14.82;14.61;0.986;0;1;0;0;1;1;0;0;0;1;0;193;42;159;65;0;37
561.99;1870;18;18;0;3.95;90;0;63;66;25;0;44;7;0.42;1.0;1.0;3;1;4;2.25;0.6;2.03;6.2;345;128;14.82;14.61;0.986;0;1;0;0;1;1;0;0;0;1;0;200;42;161;65;0;57
562.38;1114;19;19;0;4.16;89;0;64;73;16;0;48;5;0.42;1.0;1.0;3;1;-3;2.38;0.6;2.11;3.9;345;128;14.7;14.61;0.994;0;1;0;0;1;1;0;0;0;1;0;239;42;162;65;0;74
562.77;704;23;23;0;4.77;88;0;65;67;15;0;55;3;0.45;1.0;1.0;3;1;3;2.88;0.6;2.35;2.8;345;128;14.47;14.61;1.01;0;1;0;0;1;1;0;0;0;1;0;286;42;163;65;0;82
563.15;628;29;29;0;5.68;89;0;65;63;15;0;62;4;0.48;1.0;1.0;3;1;7;3.62;0.9;2.72;3.0;345;128;14.7;17.12;1.165;0;1;0;0;1;1;0;0;0;1;0;343;43;162;65;0;86
563.55;935;29;29;0;5.77;88;0;65;58;15;0;61;5;0.48;1.0;1.0;3;1;12;3.62;0.6;2.75;4.5;345;128;14.47;17.12;1.183;0;1;0;0;1;1;0;0;0;1;0;331;42;163;65;0;85
563.95;1114;24;24;0;4.86;87;0;64;54;16;0;54;6;0.45;1.0;1.0;3;1;16;3.0;0.6;2.38;4.5;345;128;14.7;17.12;1.165;0;1;0;0;1;1;0;0;0;1;0;278;42;165;65;0;82
564.33;1114;23;23;0;4.7;88;0;64;54;16;0;52;5;0.45;1.0;1.0;3;1;16;2.88;0.6;2.32;4.4;345;128;14.7;14.21;0.967;0;1;0;0;1;1;0;0;0;1;0;262;42;161;65;0;70
564.71;1050;23;23;0;4.68;89;0;64;55;15;0;52;5;0.44;1.0;1.0;3;1;15;2.88;0.6;2.32;4.1;345;128;14.7;14.21;0.967;0;1;0;0;1;1;0;0;0;1;0;266;42;162;66;0;77
565.11;948;22;22;0;4.62;88;0;65;55;15;0;52;4;0.43;1.0;1.0;3;1;15;2.75;0.6;2.29;3.6;345;128;14.7;13.01;0.885;0;1;0;0;1;1;0;0;0;1;0;266;42;163;66;0;146
565.49;884;22;22;0;4.57;88;0;65;55;15;0;52;4;0.43;1.0;1.0;3;1;15;2.75;0.6;2.27;3.4;345;128;14.7;13.01;0.885;0;1;0;0;1;1;0;0;0;1;0;265;42;163;66;0;81
565.88;922;23;23;0;4.82;88;0;65;55;15;0;54;4;0.44;1.0;1.0;3;1;15;2.88;0.6;2.37;3.7;345;128;14.47;13.01;0.899;0;1;0;0;1;1;0;0;0;1;0;276;42;163;66;0;81
566.26;845;22;22;0;4.65;88;0;65;55;15;0;53;4;0.43;1.0;1.0;3;1;15;2.75;0.6;2.3;3.3;345;128;14.7;14.41;0.98;0;1;0;0;1;1;0;0;0;1;0;274;42;164;66;0;72
566.29;845;22;22;0;4.65;88;0;65;55;15;0;53;4;0.43;1.0;1.0;3;1;15;2.75;0.6;2.3;3.3;345;128;14.7;14.41;0.98;0;1;0;0;1;1;0;0;0;1;0;274;42;164;66;0;72
566.65;935;23;23;0;4.83;87;0;65;55;15;0;54;4;0.44;1.0;1.0;3;1;15;2.88;0.6;2.37;3.8;345;128;14.47;14.41;0.996;0;1;0;0;0;1;0;0;0;1;0;278;42;164;66;0;82
567.07;871;22;22;0;4.66;87;0;66;55;15;0;53;4;0.43;1.0;1.0;3;1;15;2.75;0.6;2.3;3.4;345;128;14.7;13.31;0.905;0;1;0;0;1;1;0;0;0;1;0;271;42;164;66;0;77
567.44;948;23;23;0;4.71;87;0;65;50;20;0;53;4;0.43;1.0;1.0;3;1;20;2.88;0.6;2.32;3.7;345;128;14.47;13.31;0.92;0;1;0;0;0;1;0;0;0;1;0;273;42;165;66;0;38
567.83;832;22;22;0;4.63;87;0;66;50;20;0;53;4;0.43;1.0;1.0;3;1;20;2.75;0.6;2.29;3.2;345;128;14.7;13.31;0.905;0;1;0;0;0;1;0;0;0;1;0;274;42;164;66;0;81
568.22;589;25;25;0;5.12;90;0;65;50;20;0;58;3;0.46;1.0;1.0;3;1;20;3.12;0.9;2.5;2.5;345;128;14.7;13.91;0.946;0;1;0;0;0;1;0;0;0;1;0;311;43;161;66;0;84
568.61;781;53;53;4;9.41;87;0;64;54;16;0;83;8;0.61;1.0;1.0;3;1;16;6.62;3.2;4.2;6.1;345;128;14.7;13.91;0.946;0;1;0;0;0;0;0;0;0;1;0;499;51;164;66;0;109
569.0;1370;41;41;4;7.58;87;0;64;36;36;0;71;13;0.57;1.0;1.0;3;1;34;5.12;3.2;3.47;8.7;345;128;14.7;13.91;0.946;0;1;0;0;0;0;0;0;0;1;0;408;51;165;66;0;101
569.37;1332;32;32;4;6.2;86;0;64;31;39;0;64;9;0.52;1.0;1.0;3;1;39;4.0;3.2;2.91;6.9;345;128;14.7;16.32;1.11;0;1;0;0;0;0;0;0;0;1;0;353;51;166;66;0;89
569.4;1332;32;32;4;6.2;86;0;64;31;39;0;64;9;0.52;1.0;1.0;3;1;39;4.0;3.2;2.91;6.9;345;128;14.7;16.32;1.11;0;1;0;0;0;0;0;0;0;1;0;353;51;166;66;0;89
569.77;1114;30;30;0;5.76;87;0;64;37;20;0;61;7;0.49;1.0;1.0;3;1;33;3.75;0.9;2.74;5.3;345;128;14.7;16.32;1.11;0;1;0;0;0;1;0;0;0;1;0;331;43;164;66;0;86
570.16;896;26;26;0;5.3;86;0;65;50;20;0;58;5;0.46;1.0;1.0;3;1;20;3.25;0.9;2.55;4.0;345;128;14.47;14.31;0.989;0;1;0;0;0;1;0;0;0;1;0;314;43;166;66;0;84
570.56;807;29;29;0;5.66;87;0;65;50;20;0;61;5;0.48;1.0;1.0;3;1;20;3.62;0.9;2.7;3.8;345;128;14.47;14.31;0.989;0;1;0;0;0;1;0;0;0;1;0;332;43;165;66;0;86
570.94;884;29;29;0;5.78;89;0;66;50;20;0;61;5;0.48;1.0;1.0;3;1;20;3.62;0.9;2.76;4.3;345;128;14.47;14.31;0.989;0;1;0;0;0;1;0;0;0;1;0;334;43;162;66;0;41
571.33;807;29;29;0;5.66;87;0;65;50;20;0;61;5;0.48;1.0;1.0;3;1;20;3.62;0.9;2.7;3.8;345;128;14.47;14.82;1.024;0;1;0;0;0;1;0;0;0;1;0;334;43;165;66;0;86
571.72;845;29;29;0;5.66;87;0;65;50;20;0;61;5;0.48;1.0;1.0;3;1;20;3.62;0.9;2.7;4.0;345;128;14.47;14.82;1.024;0;1;0;0;0;1;0;0;0;1;0;330;43;164;66;0;85
572.11;948;28;28;0;5.57;88;0;65;50;20;0;59;6;0.47;1.0;1.0;3;1;20;3.5;0.9;2.67;4.4;345;128;14.47;14.61;1.01;0;1;0;0;0;1;0;0;0;1;0;319;43;164;66;0;51
572.49;948;26;26;0;5.35;88;0;66;50;20;0;58;5;0.46;1.0;1.0;3;1;20;3.25;0.9;2.58;4.2;345;128;14.47;14.61;1.01;0;1;0;0;0;1;0;0;0;1;0;313;43;162;66;0;70
572.52;948;26;26;0;5.35;88;0;66;50;20;0;58;5;0.46;1.0;1.0;3;1;20;3.25;0.9;2.58;4.2;345;128;14.47;14.61;1.01;0;1;0;0;0;1;0;0;0;1;0;313;43;162;66;0;70
572.89;845;25;25;0;5.1;87;0;65;50;20;0;57;5;0.45;1.0;1.0;3;1;20;3.12;0.9;2.48;3.6;345;128;14.47;14.61;1.01;0;1;0;0;0;1;0;0;0;1;0;302;43;164;66;0;83
573.26;935;26;26;0;5.33;87;0;66;50;20;0;58;5;0.46;1.0;1.0;3;1;20;3.25;0.9;2.57;4.2;345;128;14.47;14.81;1.023;0;1;0;0;0;1;0;0;0;1;0;311;43;164;66;0;84
573.29;935;26;26;0;5.33;87;0;66;50;20;0;58;5;0.46;1.0;1.0;3;1;20;3.25;0.9;2.57;4.2;345;128;14.47;14.81;1.023;0;1;0;0;0;1;0;0;0;1;0;311;43;164;66;0;84
573.65;845;26;26;0;5.18;88;0;65;50;20;0;57;5;0.45;1.0;1.0;3;1;20;3.25;0.9;2.51;3.6;345;128;14.47;14.81;1.023;0;1;0;0;0;1;0;0;0;1;0;307;43;163;66;0;84
573.68;845;26;26;0;5.18;88;0;65;50;20;0;57;5;0.45;1.0;1.0;3;1;20;3.25;0.9;2.51;3.6;345;128;14.47;14.81;1.023;0;1;0;0;0;1;0;0;0;1;0;307;43;163;66;0;84
574.07;781;26;26;0;5.23;89;0;66;55;15;0;58;4;0.46;1.0;1.0;3;1;15;3.25;0.9;2.54;3.4;345;128;14.47;14.11;0.975;0;1;0;0;1;1;0;0;0;1;0;309;43;162;66;0;84
574.45;1050;26;26;0;5.26;87;0;65;55;15;0;57;5;0.46;1.0;1.0;3;1;15;3.25;0.9;2.54;4.6;345;128;14.7;14.11;0.96;0;1;0;0;1;1;0;0;0;1;0;301;43;164;66;0;84
574.84;1101;23;23;0;4.81;89;0;65;55;15;0;53;5;0.45;1.0;1.0;3;1;15;2.88;0.9;2.37;4.4;345;128;14.7;14.11;0.96;0;1;0;0;1;1;0;0;0;1;0;273;43;162;66;0;78
575.22;1050;22;22;0;4.66;87;0;65;55;15;0;53;5;0.44;1.0;1.0;3;1;15;2.75;0.9;2.3;4.1;345;128;14.7;13.81;0.939;0;1;0;0;1;1;0;0;0;1;0;269;43;164;66;0;77
575.61;999;22;22;0;4.63;87;0;65;55;15;0;52;5;0.44;1.0;1.0;3;1;15;2.75;0.9;2.29;3.9;345;128;14.7;13.81;0.939;0;1;0;0;1;1;0;0;0;1;0;263;43;164;66;0;77
576.0;973;22;22;0;4.61;87;0;65;55;15;0;52;4;0.44;1.0;1.0;3;1;15;2.75;0.9;2.28;3.7;345;128;14.7;13.81;0.939;0;1;0;0;1;1;0;0;0;1;0;267;43;165;66;0;77
576.39;973;22;22;0;4.66;87;0;65;55;15;0;53;4;0.44;1.0;1.0;3;1;15;2.75;0.9;2.3;3.8;345;128;14.7;13.41;0.912;0;1;0;0;1;1;0;0;0;1;0;268;43;164;66;0;77
576.78;832;21;21;0;4.51;87;0;66;55;15;0;52;4;0.43;1.0;1.0;3;1;15;2.62;0.9;2.24;3.1;345;128;14.7;13.41;0.912;0;1;0;0;1;1;0;0;0;1;0;265;43;164;66;0;77
